id	universe	path_or_case	classification	owner_candidate	status	evidence	note
P1137-X-002	crystalline-declared	P1137-X-002	PRODUCT-GAP	see manifest feature	ABSENT	/tmp/p1210-matrix-results.json	Subconjunto HTML inicial: a fixture plain é byte-idêntica; o backend permanece experimental e incompleto.
P1138-X-001	crystalline-declared	P1138-X-001	LANGUAGE-GAP	see manifest feature	DIFF	/tmp/p1210-matrix-results.json	IDs são mecânica; demais atributos permanecem observáveis.
P1138-X-002	crystalline-declared	P1138-X-002	PRODUCT-GAP	see manifest feature	DIFF	/tmp/p1210-matrix-results.json	Primeira baseline usa igualdade pixel exata e registra a divergência; métricas refinadas ficam no backlog se necessário.
P1138-X-003	crystalline-declared	P1138-X-003	PRODUCT-GAP	see manifest feature	DIFF	/tmp/p1210-matrix-results.json	Não compara bytes nem ordem de objetos PDF.
P1138-X-004	crystalline-declared	P1138-X-004	HARNESS-GAP	see manifest feature	ERROR	/tmp/p1210-matrix-results.json	Compara estrutura semântica, não bytes nem whitespace exterior a texto.
global-html	surface-probes	html	PRODUCT-GAP	00_nucleo/prompts/compiler/stdlib/html.md	ABSENT	/tmp/p1210-probes.json	vanilla succeeds with --features html; crystalline eval rejects
surface:accent	surface-wide-provisional	accent	EXTRA_BINDING	owner for stdlib `accent`	HARNESS_LIMITATION	p1210-superficie-publica.json	vanilla side inherited from P1140.26; requires fresh vanilla enumerator
surface:align	surface-wide-provisional	align	UNVERIFIED_METADATA	owner for stdlib `align`	HARNESS_LIMITATION	p1210-superficie-publica.json	vanilla side inherited from P1140.26; requires fresh vanilla enumerator
surface:alignment.axis	surface-wide-provisional	alignment.axis	MISSING_MEMBER	owner for stdlib `alignment`	HARNESS_LIMITATION	p1210-superficie-publica.json	vanilla side inherited from P1140.26; requires fresh vanilla enumerator
surface:alignment.bottom	surface-wide-provisional	alignment.bottom	MISSING_MEMBER	owner for stdlib `alignment`	HARNESS_LIMITATION	p1210-superficie-publica.json	vanilla side inherited from P1140.26; requires fresh vanilla enumerator
surface:alignment.center	surface-wide-provisional	alignment.center	MISSING_MEMBER	owner for stdlib `alignment`	HARNESS_LIMITATION	p1210-superficie-publica.json	vanilla side inherited from P1140.26; requires fresh vanilla enumerator
surface:alignment.end	surface-wide-provisional	alignment.end	MISSING_MEMBER	owner for stdlib `alignment`	HARNESS_LIMITATION	p1210-superficie-publica.json	vanilla side inherited from P1140.26; requires fresh vanilla enumerator
surface:alignment.horizon	surface-wide-provisional	alignment.horizon	MISSING_MEMBER	owner for stdlib `alignment`	HARNESS_LIMITATION	p1210-superficie-publica.json	vanilla side inherited from P1140.26; requires fresh vanilla enumerator
surface:alignment.inv	surface-wide-provisional	alignment.inv	MISSING_MEMBER	owner for stdlib `alignment`	HARNESS_LIMITATION	p1210-superficie-publica.json	vanilla side inherited from P1140.26; requires fresh vanilla enumerator
surface:alignment.left	surface-wide-provisional	alignment.left	MISSING_MEMBER	owner for stdlib `alignment`	HARNESS_LIMITATION	p1210-superficie-publica.json	vanilla side inherited from P1140.26; requires fresh vanilla enumerator
surface:alignment.right	surface-wide-provisional	alignment.right	MISSING_MEMBER	owner for stdlib `alignment`	HARNESS_LIMITATION	p1210-superficie-publica.json	vanilla side inherited from P1140.26; requires fresh vanilla enumerator
surface:alignment.start	surface-wide-provisional	alignment.start	MISSING_MEMBER	owner for stdlib `alignment`	HARNESS_LIMITATION	p1210-superficie-publica.json	vanilla side inherited from P1140.26; requires fresh vanilla enumerator
surface:alignment.top	surface-wide-provisional	alignment.top	MISSING_MEMBER	owner for stdlib `alignment`	HARNESS_LIMITATION	p1210-superficie-publica.json	vanilla side inherited from P1140.26; requires fresh vanilla enumerator
surface:angle.deg	surface-wide-provisional	angle.deg	MISSING_MEMBER	owner for stdlib `angle`	HARNESS_LIMITATION	p1210-superficie-publica.json	vanilla side inherited from P1140.26; requires fresh vanilla enumerator
surface:angle.rad	surface-wide-provisional	angle.rad	MISSING_MEMBER	owner for stdlib `angle`	HARNESS_LIMITATION	p1210-superficie-publica.json	vanilla side inherited from P1140.26; requires fresh vanilla enumerator
surface:arguments.at	surface-wide-provisional	arguments.at	MISSING_MEMBER	owner for stdlib `arguments`	HARNESS_LIMITATION	p1210-superficie-publica.json	vanilla side inherited from P1140.26; requires fresh vanilla enumerator
surface:arguments.filter	surface-wide-provisional	arguments.filter	MISSING_MEMBER	owner for stdlib `arguments`	HARNESS_LIMITATION	p1210-superficie-publica.json	vanilla side inherited from P1140.26; requires fresh vanilla enumerator
surface:arguments.len	surface-wide-provisional	arguments.len	MISSING_MEMBER	owner for stdlib `arguments`	HARNESS_LIMITATION	p1210-superficie-publica.json	vanilla side inherited from P1140.26; requires fresh vanilla enumerator
surface:arguments.map	surface-wide-provisional	arguments.map	MISSING_MEMBER	owner for stdlib `arguments`	HARNESS_LIMITATION	p1210-superficie-publica.json	vanilla side inherited from P1140.26; requires fresh vanilla enumerator
surface:arguments.named	surface-wide-provisional	arguments.named	MISSING_MEMBER	owner for stdlib `arguments`	HARNESS_LIMITATION	p1210-superficie-publica.json	vanilla side inherited from P1140.26; requires fresh vanilla enumerator
surface:arguments.pos	surface-wide-provisional	arguments.pos	MISSING_MEMBER	owner for stdlib `arguments`	HARNESS_LIMITATION	p1210-superficie-publica.json	vanilla side inherited from P1140.26; requires fresh vanilla enumerator
surface:array.all	surface-wide-provisional	array.all	UNVERIFIED_METADATA	owner for stdlib `array`	HARNESS_LIMITATION	p1210-superficie-publica.json	vanilla side inherited from P1140.26; requires fresh vanilla enumerator
surface:array.any	surface-wide-provisional	array.any	MISSING_MEMBER	owner for stdlib `array`	HARNESS_LIMITATION	p1210-superficie-publica.json	vanilla side inherited from P1140.26; requires fresh vanilla enumerator
surface:array.at	surface-wide-provisional	array.at	MISSING_MEMBER	owner for stdlib `array`	HARNESS_LIMITATION	p1210-superficie-publica.json	vanilla side inherited from P1140.26; requires fresh vanilla enumerator
surface:array.chunks	surface-wide-provisional	array.chunks	MISSING_MEMBER	owner for stdlib `array`	HARNESS_LIMITATION	p1210-superficie-publica.json	vanilla side inherited from P1140.26; requires fresh vanilla enumerator
surface:array.contains	surface-wide-provisional	array.contains	MISSING_MEMBER	owner for stdlib `array`	HARNESS_LIMITATION	p1210-superficie-publica.json	vanilla side inherited from P1140.26; requires fresh vanilla enumerator
surface:array.dedup	surface-wide-provisional	array.dedup	MISSING_MEMBER	owner for stdlib `array`	HARNESS_LIMITATION	p1210-superficie-publica.json	vanilla side inherited from P1140.26; requires fresh vanilla enumerator
surface:array.enumerate	surface-wide-provisional	array.enumerate	MISSING_MEMBER	owner for stdlib `array`	HARNESS_LIMITATION	p1210-superficie-publica.json	vanilla side inherited from P1140.26; requires fresh vanilla enumerator
surface:array.filter	surface-wide-provisional	array.filter	MISSING_MEMBER	owner for stdlib `array`	HARNESS_LIMITATION	p1210-superficie-publica.json	vanilla side inherited from P1140.26; requires fresh vanilla enumerator
surface:array.find	surface-wide-provisional	array.find	MISSING_MEMBER	owner for stdlib `array`	HARNESS_LIMITATION	p1210-superficie-publica.json	vanilla side inherited from P1140.26; requires fresh vanilla enumerator
surface:array.first	surface-wide-provisional	array.first	MISSING_MEMBER	owner for stdlib `array`	HARNESS_LIMITATION	p1210-superficie-publica.json	vanilla side inherited from P1140.26; requires fresh vanilla enumerator
surface:array.flatten	surface-wide-provisional	array.flatten	MISSING_MEMBER	owner for stdlib `array`	HARNESS_LIMITATION	p1210-superficie-publica.json	vanilla side inherited from P1140.26; requires fresh vanilla enumerator
surface:array.fold	surface-wide-provisional	array.fold	MISSING_MEMBER	owner for stdlib `array`	HARNESS_LIMITATION	p1210-superficie-publica.json	vanilla side inherited from P1140.26; requires fresh vanilla enumerator
surface:array.insert	surface-wide-provisional	array.insert	MISSING_MEMBER	owner for stdlib `array`	HARNESS_LIMITATION	p1210-superficie-publica.json	vanilla side inherited from P1140.26; requires fresh vanilla enumerator
surface:array.intersperse	surface-wide-provisional	array.intersperse	MISSING_MEMBER	owner for stdlib `array`	HARNESS_LIMITATION	p1210-superficie-publica.json	vanilla side inherited from P1140.26; requires fresh vanilla enumerator
surface:array.join	surface-wide-provisional	array.join	MISSING_MEMBER	owner for stdlib `array`	HARNESS_LIMITATION	p1210-superficie-publica.json	vanilla side inherited from P1140.26; requires fresh vanilla enumerator
surface:array.last	surface-wide-provisional	array.last	MISSING_MEMBER	owner for stdlib `array`	HARNESS_LIMITATION	p1210-superficie-publica.json	vanilla side inherited from P1140.26; requires fresh vanilla enumerator
surface:array.len	surface-wide-provisional	array.len	MISSING_MEMBER	owner for stdlib `array`	HARNESS_LIMITATION	p1210-superficie-publica.json	vanilla side inherited from P1140.26; requires fresh vanilla enumerator
surface:array.map	surface-wide-provisional	array.map	MISSING_MEMBER	owner for stdlib `array`	HARNESS_LIMITATION	p1210-superficie-publica.json	vanilla side inherited from P1140.26; requires fresh vanilla enumerator
surface:array.pop	surface-wide-provisional	array.pop	MISSING_MEMBER	owner for stdlib `array`	HARNESS_LIMITATION	p1210-superficie-publica.json	vanilla side inherited from P1140.26; requires fresh vanilla enumerator
surface:array.position	surface-wide-provisional	array.position	MISSING_MEMBER	owner for stdlib `array`	HARNESS_LIMITATION	p1210-superficie-publica.json	vanilla side inherited from P1140.26; requires fresh vanilla enumerator
surface:array.product	surface-wide-provisional	array.product	MISSING_MEMBER	owner for stdlib `array`	HARNESS_LIMITATION	p1210-superficie-publica.json	vanilla side inherited from P1140.26; requires fresh vanilla enumerator
surface:array.push	surface-wide-provisional	array.push	MISSING_MEMBER	owner for stdlib `array`	HARNESS_LIMITATION	p1210-superficie-publica.json	vanilla side inherited from P1140.26; requires fresh vanilla enumerator
surface:array.range	surface-wide-provisional	array.range	MISSING_MEMBER	owner for stdlib `array`	HARNESS_LIMITATION	p1210-superficie-publica.json	vanilla side inherited from P1140.26; requires fresh vanilla enumerator
surface:array.reduce	surface-wide-provisional	array.reduce	MISSING_MEMBER	owner for stdlib `array`	HARNESS_LIMITATION	p1210-superficie-publica.json	vanilla side inherited from P1140.26; requires fresh vanilla enumerator
surface:array.remove	surface-wide-provisional	array.remove	MISSING_MEMBER	owner for stdlib `array`	HARNESS_LIMITATION	p1210-superficie-publica.json	vanilla side inherited from P1140.26; requires fresh vanilla enumerator
surface:array.rev	surface-wide-provisional	array.rev	MISSING_MEMBER	owner for stdlib `array`	HARNESS_LIMITATION	p1210-superficie-publica.json	vanilla side inherited from P1140.26; requires fresh vanilla enumerator
surface:array.slice	surface-wide-provisional	array.slice	MISSING_MEMBER	owner for stdlib `array`	HARNESS_LIMITATION	p1210-superficie-publica.json	vanilla side inherited from P1140.26; requires fresh vanilla enumerator
surface:array.sorted	surface-wide-provisional	array.sorted	MISSING_MEMBER	owner for stdlib `array`	HARNESS_LIMITATION	p1210-superficie-publica.json	vanilla side inherited from P1140.26; requires fresh vanilla enumerator
surface:array.split	surface-wide-provisional	array.split	MISSING_MEMBER	owner for stdlib `array`	HARNESS_LIMITATION	p1210-superficie-publica.json	vanilla side inherited from P1140.26; requires fresh vanilla enumerator
surface:array.sum	surface-wide-provisional	array.sum	MISSING_MEMBER	owner for stdlib `array`	HARNESS_LIMITATION	p1210-superficie-publica.json	vanilla side inherited from P1140.26; requires fresh vanilla enumerator
surface:array.to-dict	surface-wide-provisional	array.to-dict	MISSING_MEMBER	owner for stdlib `array`	HARNESS_LIMITATION	p1210-superficie-publica.json	vanilla side inherited from P1140.26; requires fresh vanilla enumerator
surface:array.windows	surface-wide-provisional	array.windows	MISSING_MEMBER	owner for stdlib `array`	HARNESS_LIMITATION	p1210-superficie-publica.json	vanilla side inherited from P1140.26; requires fresh vanilla enumerator
surface:array.zip	surface-wide-provisional	array.zip	MISSING_MEMBER	owner for stdlib `array`	HARNESS_LIMITATION	p1210-superficie-publica.json	vanilla side inherited from P1140.26; requires fresh vanilla enumerator
surface:assert	surface-wide-provisional	assert	UNVERIFIED_METADATA	owner for stdlib `assert`	HARNESS_LIMITATION	p1210-superficie-publica.json	vanilla side inherited from P1140.26; requires fresh vanilla enumerator
surface:assert.eq	surface-wide-provisional	assert.eq	UNVERIFIED_METADATA	owner for stdlib `assert`	HARNESS_LIMITATION	p1210-superficie-publica.json	vanilla side inherited from P1140.26; requires fresh vanilla enumerator
surface:assert.ne	surface-wide-provisional	assert.ne	UNVERIFIED_METADATA	owner for stdlib `assert`	HARNESS_LIMITATION	p1210-superficie-publica.json	vanilla side inherited from P1140.26; requires fresh vanilla enumerator
surface:asset	surface-wide-provisional	asset	UNVERIFIED_METADATA	owner for stdlib `asset`	HARNESS_LIMITATION	p1210-superficie-publica.json	vanilla side inherited from P1140.26; requires fresh vanilla enumerator
surface:bb	surface-wide-provisional	bb	EXTRA_BINDING	owner for stdlib `bb`	HARNESS_LIMITATION	p1210-superficie-publica.json	vanilla side inherited from P1140.26; requires fresh vanilla enumerator
surface:bibliography	surface-wide-provisional	bibliography	UNVERIFIED_METADATA	owner for stdlib `bibliography`	HARNESS_LIMITATION	p1210-superficie-publica.json	vanilla side inherited from P1140.26; requires fresh vanilla enumerator
surface:block	surface-wide-provisional	block	UNVERIFIED_METADATA	owner for stdlib `block`	HARNESS_LIMITATION	p1210-superficie-publica.json	vanilla side inherited from P1140.26; requires fresh vanilla enumerator
surface:bold	surface-wide-provisional	bold	EXTRA_BINDING	owner for stdlib `bold`	HARNESS_LIMITATION	p1210-superficie-publica.json	vanilla side inherited from P1140.26; requires fresh vanilla enumerator
surface:box	surface-wide-provisional	box	UNVERIFIED_METADATA	owner for stdlib `box`	HARNESS_LIMITATION	p1210-superficie-publica.json	vanilla side inherited from P1140.26; requires fresh vanilla enumerator
surface:bytes.at	surface-wide-provisional	bytes.at	MISSING_MEMBER	owner for stdlib `bytes`	HARNESS_LIMITATION	p1210-superficie-publica.json	vanilla side inherited from P1140.26; requires fresh vanilla enumerator
surface:bytes.len	surface-wide-provisional	bytes.len	MISSING_MEMBER	owner for stdlib `bytes`	HARNESS_LIMITATION	p1210-superficie-publica.json	vanilla side inherited from P1140.26; requires fresh vanilla enumerator
surface:bytes.slice	surface-wide-provisional	bytes.slice	MISSING_MEMBER	owner for stdlib `bytes`	HARNESS_LIMITATION	p1210-superficie-publica.json	vanilla side inherited from P1140.26; requires fresh vanilla enumerator
surface:cal	surface-wide-provisional	cal	EXTRA_BINDING	owner for stdlib `cal`	HARNESS_LIMITATION	p1210-superficie-publica.json	vanilla side inherited from P1140.26; requires fresh vanilla enumerator
surface:calc.abs	surface-wide-provisional	calc.abs	UNVERIFIED_METADATA	owner for stdlib `calc`	HARNESS_LIMITATION	p1210-superficie-publica.json	vanilla side inherited from P1140.26; requires fresh vanilla enumerator
surface:calc.acos	surface-wide-provisional	calc.acos	UNVERIFIED_METADATA	owner for stdlib `calc`	HARNESS_LIMITATION	p1210-superficie-publica.json	vanilla side inherited from P1140.26; requires fresh vanilla enumerator
surface:calc.acosh	surface-wide-provisional	calc.acosh	UNVERIFIED_METADATA	owner for stdlib `calc`	HARNESS_LIMITATION	p1210-superficie-publica.json	vanilla side inherited from P1140.26; requires fresh vanilla enumerator
surface:calc.asin	surface-wide-provisional	calc.asin	UNVERIFIED_METADATA	owner for stdlib `calc`	HARNESS_LIMITATION	p1210-superficie-publica.json	vanilla side inherited from P1140.26; requires fresh vanilla enumerator
surface:calc.asinh	surface-wide-provisional	calc.asinh	UNVERIFIED_METADATA	owner for stdlib `calc`	HARNESS_LIMITATION	p1210-superficie-publica.json	vanilla side inherited from P1140.26; requires fresh vanilla enumerator
surface:calc.atan	surface-wide-provisional	calc.atan	UNVERIFIED_METADATA	owner for stdlib `calc`	HARNESS_LIMITATION	p1210-superficie-publica.json	vanilla side inherited from P1140.26; requires fresh vanilla enumerator
surface:calc.atan2	surface-wide-provisional	calc.atan2	UNVERIFIED_METADATA	owner for stdlib `calc`	HARNESS_LIMITATION	p1210-superficie-publica.json	vanilla side inherited from P1140.26; requires fresh vanilla enumerator
surface:calc.atanh	surface-wide-provisional	calc.atanh	UNVERIFIED_METADATA	owner for stdlib `calc`	HARNESS_LIMITATION	p1210-superficie-publica.json	vanilla side inherited from P1140.26; requires fresh vanilla enumerator
surface:calc.binom	surface-wide-provisional	calc.binom	UNVERIFIED_METADATA	owner for stdlib `calc`	HARNESS_LIMITATION	p1210-superficie-publica.json	vanilla side inherited from P1140.26; requires fresh vanilla enumerator
surface:calc.ceil	surface-wide-provisional	calc.ceil	UNVERIFIED_METADATA	owner for stdlib `calc`	HARNESS_LIMITATION	p1210-superficie-publica.json	vanilla side inherited from P1140.26; requires fresh vanilla enumerator
surface:calc.clamp	surface-wide-provisional	calc.clamp	UNVERIFIED_METADATA	owner for stdlib `calc`	HARNESS_LIMITATION	p1210-superficie-publica.json	vanilla side inherited from P1140.26; requires fresh vanilla enumerator
surface:calc.cos	surface-wide-provisional	calc.cos	UNVERIFIED_METADATA	owner for stdlib `calc`	HARNESS_LIMITATION	p1210-superficie-publica.json	vanilla side inherited from P1140.26; requires fresh vanilla enumerator
surface:calc.cosh	surface-wide-provisional	calc.cosh	UNVERIFIED_METADATA	owner for stdlib `calc`	HARNESS_LIMITATION	p1210-superficie-publica.json	vanilla side inherited from P1140.26; requires fresh vanilla enumerator
surface:calc.deg	surface-wide-provisional	calc.deg	EXTRA_BINDING	owner for stdlib `calc`	HARNESS_LIMITATION	p1210-superficie-publica.json	vanilla side inherited from P1140.26; requires fresh vanilla enumerator
surface:calc.div-euclid	surface-wide-provisional	calc.div-euclid	UNVERIFIED_METADATA	owner for stdlib `calc`	HARNESS_LIMITATION	p1210-superficie-publica.json	vanilla side inherited from P1140.26; requires fresh vanilla enumerator
surface:calc.erf	surface-wide-provisional	calc.erf	UNVERIFIED_METADATA	owner for stdlib `calc`	HARNESS_LIMITATION	p1210-superficie-publica.json	vanilla side inherited from P1140.26; requires fresh vanilla enumerator
surface:calc.even	surface-wide-provisional	calc.even	UNVERIFIED_METADATA	owner for stdlib `calc`	HARNESS_LIMITATION	p1210-superficie-publica.json	vanilla side inherited from P1140.26; requires fresh vanilla enumerator
surface:calc.exp	surface-wide-provisional	calc.exp	UNVERIFIED_METADATA	owner for stdlib `calc`	HARNESS_LIMITATION	p1210-superficie-publica.json	vanilla side inherited from P1140.26; requires fresh vanilla enumerator
surface:calc.fact	surface-wide-provisional	calc.fact	UNVERIFIED_METADATA	owner for stdlib `calc`	HARNESS_LIMITATION	p1210-superficie-publica.json	vanilla side inherited from P1140.26; requires fresh vanilla enumerator
surface:calc.floor	surface-wide-provisional	calc.floor	UNVERIFIED_METADATA	owner for stdlib `calc`	HARNESS_LIMITATION	p1210-superficie-publica.json	vanilla side inherited from P1140.26; requires fresh vanilla enumerator
surface:calc.fract	surface-wide-provisional	calc.fract	UNVERIFIED_METADATA	owner for stdlib `calc`	HARNESS_LIMITATION	p1210-superficie-publica.json	vanilla side inherited from P1140.26; requires fresh vanilla enumerator
surface:calc.gcd	surface-wide-provisional	calc.gcd	UNVERIFIED_METADATA	owner for stdlib `calc`	HARNESS_LIMITATION	p1210-superficie-publica.json	vanilla side inherited from P1140.26; requires fresh vanilla enumerator
surface:calc.lcm	surface-wide-provisional	calc.lcm	UNVERIFIED_METADATA	owner for stdlib `calc`	HARNESS_LIMITATION	p1210-superficie-publica.json	vanilla side inherited from P1140.26; requires fresh vanilla enumerator
surface:calc.ln	surface-wide-provisional	calc.ln	UNVERIFIED_METADATA	owner for stdlib `calc`	HARNESS_LIMITATION	p1210-superficie-publica.json	vanilla side inherited from P1140.26; requires fresh vanilla enumerator
surface:calc.log	surface-wide-provisional	calc.log	UNVERIFIED_METADATA	owner for stdlib `calc`	HARNESS_LIMITATION	p1210-superficie-publica.json	vanilla side inherited from P1140.26; requires fresh vanilla enumerator
surface:calc.log10	surface-wide-provisional	calc.log10	EXTRA_BINDING	owner for stdlib `calc`	HARNESS_LIMITATION	p1210-superficie-publica.json	vanilla side inherited from P1140.26; requires fresh vanilla enumerator
surface:calc.max	surface-wide-provisional	calc.max	UNVERIFIED_METADATA	owner for stdlib `calc`	HARNESS_LIMITATION	p1210-superficie-publica.json	vanilla side inherited from P1140.26; requires fresh vanilla enumerator
surface:calc.min	surface-wide-provisional	calc.min	UNVERIFIED_METADATA	owner for stdlib `calc`	HARNESS_LIMITATION	p1210-superficie-publica.json	vanilla side inherited from P1140.26; requires fresh vanilla enumerator
surface:calc.norm	surface-wide-provisional	calc.norm	UNVERIFIED_METADATA	owner for stdlib `calc`	HARNESS_LIMITATION	p1210-superficie-publica.json	vanilla side inherited from P1140.26; requires fresh vanilla enumerator
surface:calc.odd	surface-wide-provisional	calc.odd	UNVERIFIED_METADATA	owner for stdlib `calc`	HARNESS_LIMITATION	p1210-superficie-publica.json	vanilla side inherited from P1140.26; requires fresh vanilla enumerator
surface:calc.perm	surface-wide-provisional	calc.perm	UNVERIFIED_METADATA	owner for stdlib `calc`	HARNESS_LIMITATION	p1210-superficie-publica.json	vanilla side inherited from P1140.26; requires fresh vanilla enumerator
surface:calc.pow	surface-wide-provisional	calc.pow	UNVERIFIED_METADATA	owner for stdlib `calc`	HARNESS_LIMITATION	p1210-superficie-publica.json	vanilla side inherited from P1140.26; requires fresh vanilla enumerator
surface:calc.quo	surface-wide-provisional	calc.quo	UNVERIFIED_METADATA	owner for stdlib `calc`	HARNESS_LIMITATION	p1210-superficie-publica.json	vanilla side inherited from P1140.26; requires fresh vanilla enumerator
surface:calc.rad	surface-wide-provisional	calc.rad	EXTRA_BINDING	owner for stdlib `calc`	HARNESS_LIMITATION	p1210-superficie-publica.json	vanilla side inherited from P1140.26; requires fresh vanilla enumerator
surface:calc.rem	surface-wide-provisional	calc.rem	UNVERIFIED_METADATA	owner for stdlib `calc`	HARNESS_LIMITATION	p1210-superficie-publica.json	vanilla side inherited from P1140.26; requires fresh vanilla enumerator
surface:calc.rem-euclid	surface-wide-provisional	calc.rem-euclid	UNVERIFIED_METADATA	owner for stdlib `calc`	HARNESS_LIMITATION	p1210-superficie-publica.json	vanilla side inherited from P1140.26; requires fresh vanilla enumerator
surface:calc.root	surface-wide-provisional	calc.root	UNVERIFIED_METADATA	owner for stdlib `calc`	HARNESS_LIMITATION	p1210-superficie-publica.json	vanilla side inherited from P1140.26; requires fresh vanilla enumerator
surface:calc.round	surface-wide-provisional	calc.round	UNVERIFIED_METADATA	owner for stdlib `calc`	HARNESS_LIMITATION	p1210-superficie-publica.json	vanilla side inherited from P1140.26; requires fresh vanilla enumerator
surface:calc.sin	surface-wide-provisional	calc.sin	UNVERIFIED_METADATA	owner for stdlib `calc`	HARNESS_LIMITATION	p1210-superficie-publica.json	vanilla side inherited from P1140.26; requires fresh vanilla enumerator
surface:calc.sinh	surface-wide-provisional	calc.sinh	UNVERIFIED_METADATA	owner for stdlib `calc`	HARNESS_LIMITATION	p1210-superficie-publica.json	vanilla side inherited from P1140.26; requires fresh vanilla enumerator
surface:calc.sqrt	surface-wide-provisional	calc.sqrt	UNVERIFIED_METADATA	owner for stdlib `calc`	HARNESS_LIMITATION	p1210-superficie-publica.json	vanilla side inherited from P1140.26; requires fresh vanilla enumerator
surface:calc.tan	surface-wide-provisional	calc.tan	UNVERIFIED_METADATA	owner for stdlib `calc`	HARNESS_LIMITATION	p1210-superficie-publica.json	vanilla side inherited from P1140.26; requires fresh vanilla enumerator
surface:calc.tanh	surface-wide-provisional	calc.tanh	UNVERIFIED_METADATA	owner for stdlib `calc`	HARNESS_LIMITATION	p1210-superficie-publica.json	vanilla side inherited from P1140.26; requires fresh vanilla enumerator
surface:calc.trunc	surface-wide-provisional	calc.trunc	UNVERIFIED_METADATA	owner for stdlib `calc`	HARNESS_LIMITATION	p1210-superficie-publica.json	vanilla side inherited from P1140.26; requires fresh vanilla enumerator
surface:cancel	surface-wide-provisional	cancel	EXTRA_BINDING	owner for stdlib `cancel`	HARNESS_LIMITATION	p1210-superficie-publica.json	vanilla side inherited from P1140.26; requires fresh vanilla enumerator
surface:cbor	surface-wide-provisional	cbor	UNVERIFIED_METADATA	owner for stdlib `cbor`	HARNESS_LIMITATION	p1210-superficie-publica.json	vanilla side inherited from P1140.26; requires fresh vanilla enumerator
surface:cbor.encode	surface-wide-provisional	cbor.encode	UNVERIFIED_METADATA	owner for stdlib `cbor`	HARNESS_LIMITATION	p1210-superficie-publica.json	vanilla side inherited from P1140.26; requires fresh vanilla enumerator
surface:circle	surface-wide-provisional	circle	UNVERIFIED_METADATA	owner for stdlib `circle`	HARNESS_LIMITATION	p1210-superficie-publica.json	vanilla side inherited from P1140.26; requires fresh vanilla enumerator
surface:cite	surface-wide-provisional	cite	UNVERIFIED_METADATA	owner for stdlib `cite`	HARNESS_LIMITATION	p1210-superficie-publica.json	vanilla side inherited from P1140.26; requires fresh vanilla enumerator
surface:cmyk	surface-wide-provisional	cmyk	UNVERIFIED_METADATA	owner for stdlib `cmyk`	HARNESS_LIMITATION	p1210-superficie-publica.json	vanilla side inherited from P1140.26; requires fresh vanilla enumerator
surface:colbreak	surface-wide-provisional	colbreak	UNVERIFIED_METADATA	owner for stdlib `colbreak`	HARNESS_LIMITATION	p1210-superficie-publica.json	vanilla side inherited from P1140.26; requires fresh vanilla enumerator
surface:color.cmyk	surface-wide-provisional	color.cmyk	UNVERIFIED_METADATA	owner for stdlib `color`	HARNESS_LIMITATION	p1210-superficie-publica.json	vanilla side inherited from P1140.26; requires fresh vanilla enumerator
surface:color.components	surface-wide-provisional	color.components	UNVERIFIED_METADATA	owner for stdlib `color`	HARNESS_LIMITATION	p1210-superficie-publica.json	vanilla side inherited from P1140.26; requires fresh vanilla enumerator
surface:color.darken	surface-wide-provisional	color.darken	UNVERIFIED_METADATA	owner for stdlib `color`	HARNESS_LIMITATION	p1210-superficie-publica.json	vanilla side inherited from P1140.26; requires fresh vanilla enumerator
surface:color.desaturate	surface-wide-provisional	color.desaturate	UNVERIFIED_METADATA	owner for stdlib `color`	HARNESS_LIMITATION	p1210-superficie-publica.json	vanilla side inherited from P1140.26; requires fresh vanilla enumerator
surface:color.hsl	surface-wide-provisional	color.hsl	UNVERIFIED_METADATA	owner for stdlib `color`	HARNESS_LIMITATION	p1210-superficie-publica.json	vanilla side inherited from P1140.26; requires fresh vanilla enumerator
surface:color.hsv	surface-wide-provisional	color.hsv	UNVERIFIED_METADATA	owner for stdlib `color`	HARNESS_LIMITATION	p1210-superficie-publica.json	vanilla side inherited from P1140.26; requires fresh vanilla enumerator
surface:color.lighten	surface-wide-provisional	color.lighten	UNVERIFIED_METADATA	owner for stdlib `color`	HARNESS_LIMITATION	p1210-superficie-publica.json	vanilla side inherited from P1140.26; requires fresh vanilla enumerator
surface:color.linear-rgb	surface-wide-provisional	color.linear-rgb	UNVERIFIED_METADATA	owner for stdlib `color`	HARNESS_LIMITATION	p1210-superficie-publica.json	vanilla side inherited from P1140.26; requires fresh vanilla enumerator
surface:color.luma	surface-wide-provisional	color.luma	UNVERIFIED_METADATA	owner for stdlib `color`	HARNESS_LIMITATION	p1210-superficie-publica.json	vanilla side inherited from P1140.26; requires fresh vanilla enumerator
surface:color.map	surface-wide-provisional	color.map	MISSING_MEMBER	owner for stdlib `color`	HARNESS_LIMITATION	p1210-superficie-publica.json	vanilla side inherited from P1140.26; requires fresh vanilla enumerator
surface:color.map.cividis	surface-wide-provisional	color.map.cividis	MISSING_MEMBER	owner for stdlib `color`	HARNESS_LIMITATION	p1210-superficie-publica.json	vanilla side inherited from P1140.26; requires fresh vanilla enumerator
surface:color.map.coolwarm	surface-wide-provisional	color.map.coolwarm	MISSING_MEMBER	owner for stdlib `color`	HARNESS_LIMITATION	p1210-superficie-publica.json	vanilla side inherited from P1140.26; requires fresh vanilla enumerator
surface:color.map.crest	surface-wide-provisional	color.map.crest	MISSING_MEMBER	owner for stdlib `color`	HARNESS_LIMITATION	p1210-superficie-publica.json	vanilla side inherited from P1140.26; requires fresh vanilla enumerator
surface:color.map.flare	surface-wide-provisional	color.map.flare	MISSING_MEMBER	owner for stdlib `color`	HARNESS_LIMITATION	p1210-superficie-publica.json	vanilla side inherited from P1140.26; requires fresh vanilla enumerator
surface:color.map.icefire	surface-wide-provisional	color.map.icefire	MISSING_MEMBER	owner for stdlib `color`	HARNESS_LIMITATION	p1210-superficie-publica.json	vanilla side inherited from P1140.26; requires fresh vanilla enumerator
surface:color.map.inferno	surface-wide-provisional	color.map.inferno	MISSING_MEMBER	owner for stdlib `color`	HARNESS_LIMITATION	p1210-superficie-publica.json	vanilla side inherited from P1140.26; requires fresh vanilla enumerator
surface:color.map.magma	surface-wide-provisional	color.map.magma	MISSING_MEMBER	owner for stdlib `color`	HARNESS_LIMITATION	p1210-superficie-publica.json	vanilla side inherited from P1140.26; requires fresh vanilla enumerator
surface:color.map.mako	surface-wide-provisional	color.map.mako	MISSING_MEMBER	owner for stdlib `color`	HARNESS_LIMITATION	p1210-superficie-publica.json	vanilla side inherited from P1140.26; requires fresh vanilla enumerator
surface:color.map.plasma	surface-wide-provisional	color.map.plasma	MISSING_MEMBER	owner for stdlib `color`	HARNESS_LIMITATION	p1210-superficie-publica.json	vanilla side inherited from P1140.26; requires fresh vanilla enumerator
surface:color.map.rainbow	surface-wide-provisional	color.map.rainbow	MISSING_MEMBER	owner for stdlib `color`	HARNESS_LIMITATION	p1210-superficie-publica.json	vanilla side inherited from P1140.26; requires fresh vanilla enumerator
surface:color.map.rocket	surface-wide-provisional	color.map.rocket	MISSING_MEMBER	owner for stdlib `color`	HARNESS_LIMITATION	p1210-superficie-publica.json	vanilla side inherited from P1140.26; requires fresh vanilla enumerator
surface:color.map.spectral	surface-wide-provisional	color.map.spectral	MISSING_MEMBER	owner for stdlib `color`	HARNESS_LIMITATION	p1210-superficie-publica.json	vanilla side inherited from P1140.26; requires fresh vanilla enumerator
surface:color.map.turbo	surface-wide-provisional	color.map.turbo	MISSING_MEMBER	owner for stdlib `color`	HARNESS_LIMITATION	p1210-superficie-publica.json	vanilla side inherited from P1140.26; requires fresh vanilla enumerator
surface:color.map.viridis	surface-wide-provisional	color.map.viridis	MISSING_MEMBER	owner for stdlib `color`	HARNESS_LIMITATION	p1210-superficie-publica.json	vanilla side inherited from P1140.26; requires fresh vanilla enumerator
surface:color.map.vlag	surface-wide-provisional	color.map.vlag	MISSING_MEMBER	owner for stdlib `color`	HARNESS_LIMITATION	p1210-superficie-publica.json	vanilla side inherited from P1140.26; requires fresh vanilla enumerator
surface:color.mix	surface-wide-provisional	color.mix	UNVERIFIED_METADATA	owner for stdlib `color`	HARNESS_LIMITATION	p1210-superficie-publica.json	vanilla side inherited from P1140.26; requires fresh vanilla enumerator
surface:color.negate	surface-wide-provisional	color.negate	UNVERIFIED_METADATA	owner for stdlib `color`	HARNESS_LIMITATION	p1210-superficie-publica.json	vanilla side inherited from P1140.26; requires fresh vanilla enumerator
surface:color.oklab	surface-wide-provisional	color.oklab	UNVERIFIED_METADATA	owner for stdlib `color`	HARNESS_LIMITATION	p1210-superficie-publica.json	vanilla side inherited from P1140.26; requires fresh vanilla enumerator
surface:color.oklch	surface-wide-provisional	color.oklch	UNVERIFIED_METADATA	owner for stdlib `color`	HARNESS_LIMITATION	p1210-superficie-publica.json	vanilla side inherited from P1140.26; requires fresh vanilla enumerator
surface:color.opacify	surface-wide-provisional	color.opacify	UNVERIFIED_METADATA	owner for stdlib `color`	HARNESS_LIMITATION	p1210-superficie-publica.json	vanilla side inherited from P1140.26; requires fresh vanilla enumerator
surface:color.rgb	surface-wide-provisional	color.rgb	UNVERIFIED_METADATA	owner for stdlib `color`	HARNESS_LIMITATION	p1210-superficie-publica.json	vanilla side inherited from P1140.26; requires fresh vanilla enumerator
surface:color.rotate	surface-wide-provisional	color.rotate	UNVERIFIED_METADATA	owner for stdlib `color`	HARNESS_LIMITATION	p1210-superficie-publica.json	vanilla side inherited from P1140.26; requires fresh vanilla enumerator
surface:color.saturate	surface-wide-provisional	color.saturate	UNVERIFIED_METADATA	owner for stdlib `color`	HARNESS_LIMITATION	p1210-superficie-publica.json	vanilla side inherited from P1140.26; requires fresh vanilla enumerator
surface:color.space	surface-wide-provisional	color.space	UNVERIFIED_METADATA	owner for stdlib `color`	HARNESS_LIMITATION	p1210-superficie-publica.json	vanilla side inherited from P1140.26; requires fresh vanilla enumerator
surface:color.spot	surface-wide-provisional	color.spot	MISSING_MEMBER	owner for stdlib `color`	HARNESS_LIMITATION	p1210-superficie-publica.json	vanilla side inherited from P1140.26; requires fresh vanilla enumerator
surface:color.spot.tint	surface-wide-provisional	color.spot.tint	MISSING_MEMBER	owner for stdlib `color`	HARNESS_LIMITATION	p1210-superficie-publica.json	vanilla side inherited from P1140.26; requires fresh vanilla enumerator
surface:color.to-hex	surface-wide-provisional	color.to-hex	UNVERIFIED_METADATA	owner for stdlib `color`	HARNESS_LIMITATION	p1210-superficie-publica.json	vanilla side inherited from P1140.26; requires fresh vanilla enumerator
surface:color.transparentize	surface-wide-provisional	color.transparentize	UNVERIFIED_METADATA	owner for stdlib `color`	HARNESS_LIMITATION	p1210-superficie-publica.json	vanilla side inherited from P1140.26; requires fresh vanilla enumerator
surface:columns	surface-wide-provisional	columns	UNVERIFIED_METADATA	owner for stdlib `columns`	HARNESS_LIMITATION	p1210-superficie-publica.json	vanilla side inherited from P1140.26; requires fresh vanilla enumerator
surface:content.at	surface-wide-provisional	content.at	UNVERIFIED_METADATA	owner for stdlib `content`	HARNESS_LIMITATION	p1210-superficie-publica.json	vanilla side inherited from P1140.26; requires fresh vanilla enumerator
surface:content.fields	surface-wide-provisional	content.fields	UNVERIFIED_METADATA	owner for stdlib `content`	HARNESS_LIMITATION	p1210-superficie-publica.json	vanilla side inherited from P1140.26; requires fresh vanilla enumerator
surface:content.func	surface-wide-provisional	content.func	UNVERIFIED_METADATA	owner for stdlib `content`	HARNESS_LIMITATION	p1210-superficie-publica.json	vanilla side inherited from P1140.26; requires fresh vanilla enumerator
surface:content.has	surface-wide-provisional	content.has	UNVERIFIED_METADATA	owner for stdlib `content`	HARNESS_LIMITATION	p1210-superficie-publica.json	vanilla side inherited from P1140.26; requires fresh vanilla enumerator
surface:content.location	surface-wide-provisional	content.location	UNVERIFIED_METADATA	owner for stdlib `content`	HARNESS_LIMITATION	p1210-superficie-publica.json	vanilla side inherited from P1140.26; requires fresh vanilla enumerator
surface:context	surface-wide-provisional	context	EXTRA_BINDING	owner for stdlib `context`	HARNESS_LIMITATION	p1210-superficie-publica.json	vanilla side inherited from P1140.26; requires fresh vanilla enumerator
surface:counter.at	surface-wide-provisional	counter.at	UNVERIFIED_METADATA	owner for stdlib `counter`	HARNESS_LIMITATION	p1210-superficie-publica.json	vanilla side inherited from P1140.26; requires fresh vanilla enumerator
surface:counter.display	surface-wide-provisional	counter.display	UNVERIFIED_METADATA	owner for stdlib `counter`	HARNESS_LIMITATION	p1210-superficie-publica.json	vanilla side inherited from P1140.26; requires fresh vanilla enumerator
surface:counter.final	surface-wide-provisional	counter.final	UNVERIFIED_METADATA	owner for stdlib `counter`	HARNESS_LIMITATION	p1210-superficie-publica.json	vanilla side inherited from P1140.26; requires fresh vanilla enumerator
surface:counter.get	surface-wide-provisional	counter.get	UNVERIFIED_METADATA	owner for stdlib `counter`	HARNESS_LIMITATION	p1210-superficie-publica.json	vanilla side inherited from P1140.26; requires fresh vanilla enumerator
surface:counter.step	surface-wide-provisional	counter.step	UNVERIFIED_METADATA	owner for stdlib `counter`	HARNESS_LIMITATION	p1210-superficie-publica.json	vanilla side inherited from P1140.26; requires fresh vanilla enumerator
surface:counter.update	surface-wide-provisional	counter.update	UNVERIFIED_METADATA	owner for stdlib `counter`	HARNESS_LIMITATION	p1210-superficie-publica.json	vanilla side inherited from P1140.26; requires fresh vanilla enumerator
surface:counter_at	surface-wide-provisional	counter_at	EXTRA_BINDING	owner for stdlib `counter_at`	HARNESS_LIMITATION	p1210-superficie-publica.json	vanilla side inherited from P1140.26; requires fresh vanilla enumerator
surface:counter_display	surface-wide-provisional	counter_display	EXTRA_BINDING	owner for stdlib `counter_display`	HARNESS_LIMITATION	p1210-superficie-publica.json	vanilla side inherited from P1140.26; requires fresh vanilla enumerator
surface:counter_final	surface-wide-provisional	counter_final	EXTRA_BINDING	owner for stdlib `counter_final`	HARNESS_LIMITATION	p1210-superficie-publica.json	vanilla side inherited from P1140.26; requires fresh vanilla enumerator
surface:counter_step	surface-wide-provisional	counter_step	EXTRA_BINDING	owner for stdlib `counter_step`	HARNESS_LIMITATION	p1210-superficie-publica.json	vanilla side inherited from P1140.26; requires fresh vanilla enumerator
surface:csv	surface-wide-provisional	csv	UNVERIFIED_METADATA	owner for stdlib `csv`	HARNESS_LIMITATION	p1210-superficie-publica.json	vanilla side inherited from P1140.26; requires fresh vanilla enumerator
surface:curve	surface-wide-provisional	curve	UNVERIFIED_METADATA	owner for stdlib `curve`	HARNESS_LIMITATION	p1210-superficie-publica.json	vanilla side inherited from P1140.26; requires fresh vanilla enumerator
surface:curve.close	surface-wide-provisional	curve.close	UNVERIFIED_METADATA	owner for stdlib `curve`	HARNESS_LIMITATION	p1210-superficie-publica.json	vanilla side inherited from P1140.26; requires fresh vanilla enumerator
surface:curve.cubic	surface-wide-provisional	curve.cubic	UNVERIFIED_METADATA	owner for stdlib `curve`	HARNESS_LIMITATION	p1210-superficie-publica.json	vanilla side inherited from P1140.26; requires fresh vanilla enumerator
surface:curve.line	surface-wide-provisional	curve.line	UNVERIFIED_METADATA	owner for stdlib `curve`	HARNESS_LIMITATION	p1210-superficie-publica.json	vanilla side inherited from P1140.26; requires fresh vanilla enumerator
surface:curve.move	surface-wide-provisional	curve.move	UNVERIFIED_METADATA	owner for stdlib `curve`	HARNESS_LIMITATION	p1210-superficie-publica.json	vanilla side inherited from P1140.26; requires fresh vanilla enumerator
surface:curve.quad	surface-wide-provisional	curve.quad	UNVERIFIED_METADATA	owner for stdlib `curve`	HARNESS_LIMITATION	p1210-superficie-publica.json	vanilla side inherited from P1140.26; requires fresh vanilla enumerator
surface:datetime.day	surface-wide-provisional	datetime.day	UNVERIFIED_METADATA	owner for stdlib `datetime`	HARNESS_LIMITATION	p1210-superficie-publica.json	vanilla side inherited from P1140.26; requires fresh vanilla enumerator
surface:datetime.display	surface-wide-provisional	datetime.display	UNVERIFIED_METADATA	owner for stdlib `datetime`	HARNESS_LIMITATION	p1210-superficie-publica.json	vanilla side inherited from P1140.26; requires fresh vanilla enumerator
surface:datetime.hour	surface-wide-provisional	datetime.hour	UNVERIFIED_METADATA	owner for stdlib `datetime`	HARNESS_LIMITATION	p1210-superficie-publica.json	vanilla side inherited from P1140.26; requires fresh vanilla enumerator
surface:datetime.minute	surface-wide-provisional	datetime.minute	UNVERIFIED_METADATA	owner for stdlib `datetime`	HARNESS_LIMITATION	p1210-superficie-publica.json	vanilla side inherited from P1140.26; requires fresh vanilla enumerator
surface:datetime.month	surface-wide-provisional	datetime.month	UNVERIFIED_METADATA	owner for stdlib `datetime`	HARNESS_LIMITATION	p1210-superficie-publica.json	vanilla side inherited from P1140.26; requires fresh vanilla enumerator
surface:datetime.ordinal	surface-wide-provisional	datetime.ordinal	UNVERIFIED_METADATA	owner for stdlib `datetime`	HARNESS_LIMITATION	p1210-superficie-publica.json	vanilla side inherited from P1140.26; requires fresh vanilla enumerator
surface:datetime.second	surface-wide-provisional	datetime.second	UNVERIFIED_METADATA	owner for stdlib `datetime`	HARNESS_LIMITATION	p1210-superficie-publica.json	vanilla side inherited from P1140.26; requires fresh vanilla enumerator
surface:datetime.today	surface-wide-provisional	datetime.today	UNVERIFIED_METADATA	owner for stdlib `datetime`	HARNESS_LIMITATION	p1210-superficie-publica.json	vanilla side inherited from P1140.26; requires fresh vanilla enumerator
surface:datetime.weekday	surface-wide-provisional	datetime.weekday	UNVERIFIED_METADATA	owner for stdlib `datetime`	HARNESS_LIMITATION	p1210-superficie-publica.json	vanilla side inherited from P1140.26; requires fresh vanilla enumerator
surface:datetime.year	surface-wide-provisional	datetime.year	UNVERIFIED_METADATA	owner for stdlib `datetime`	HARNESS_LIMITATION	p1210-superficie-publica.json	vanilla side inherited from P1140.26; requires fresh vanilla enumerator
surface:dictionary.at	surface-wide-provisional	dictionary.at	MISSING_MEMBER	owner for stdlib `dictionary`	HARNESS_LIMITATION	p1210-superficie-publica.json	vanilla side inherited from P1140.26; requires fresh vanilla enumerator
surface:dictionary.filter	surface-wide-provisional	dictionary.filter	MISSING_MEMBER	owner for stdlib `dictionary`	HARNESS_LIMITATION	p1210-superficie-publica.json	vanilla side inherited from P1140.26; requires fresh vanilla enumerator
surface:dictionary.insert	surface-wide-provisional	dictionary.insert	MISSING_MEMBER	owner for stdlib `dictionary`	HARNESS_LIMITATION	p1210-superficie-publica.json	vanilla side inherited from P1140.26; requires fresh vanilla enumerator
surface:dictionary.keys	surface-wide-provisional	dictionary.keys	MISSING_MEMBER	owner for stdlib `dictionary`	HARNESS_LIMITATION	p1210-superficie-publica.json	vanilla side inherited from P1140.26; requires fresh vanilla enumerator
surface:dictionary.len	surface-wide-provisional	dictionary.len	MISSING_MEMBER	owner for stdlib `dictionary`	HARNESS_LIMITATION	p1210-superficie-publica.json	vanilla side inherited from P1140.26; requires fresh vanilla enumerator
surface:dictionary.map	surface-wide-provisional	dictionary.map	MISSING_MEMBER	owner for stdlib `dictionary`	HARNESS_LIMITATION	p1210-superficie-publica.json	vanilla side inherited from P1140.26; requires fresh vanilla enumerator
surface:dictionary.pairs	surface-wide-provisional	dictionary.pairs	MISSING_MEMBER	owner for stdlib `dictionary`	HARNESS_LIMITATION	p1210-superficie-publica.json	vanilla side inherited from P1140.26; requires fresh vanilla enumerator
surface:dictionary.remove	surface-wide-provisional	dictionary.remove	MISSING_MEMBER	owner for stdlib `dictionary`	HARNESS_LIMITATION	p1210-superficie-publica.json	vanilla side inherited from P1140.26; requires fresh vanilla enumerator
surface:dictionary.values	surface-wide-provisional	dictionary.values	MISSING_MEMBER	owner for stdlib `dictionary`	HARNESS_LIMITATION	p1210-superficie-publica.json	vanilla side inherited from P1140.26; requires fresh vanilla enumerator
surface:direction.axis	surface-wide-provisional	direction.axis	MISSING_MEMBER	owner for stdlib `direction`	HARNESS_LIMITATION	p1210-superficie-publica.json	vanilla side inherited from P1140.26; requires fresh vanilla enumerator
surface:direction.btt	surface-wide-provisional	direction.btt	MISSING_MEMBER	owner for stdlib `direction`	HARNESS_LIMITATION	p1210-superficie-publica.json	vanilla side inherited from P1140.26; requires fresh vanilla enumerator
surface:direction.end	surface-wide-provisional	direction.end	MISSING_MEMBER	owner for stdlib `direction`	HARNESS_LIMITATION	p1210-superficie-publica.json	vanilla side inherited from P1140.26; requires fresh vanilla enumerator
surface:direction.from	surface-wide-provisional	direction.from	MISSING_MEMBER	owner for stdlib `direction`	HARNESS_LIMITATION	p1210-superficie-publica.json	vanilla side inherited from P1140.26; requires fresh vanilla enumerator
surface:direction.inv	surface-wide-provisional	direction.inv	MISSING_MEMBER	owner for stdlib `direction`	HARNESS_LIMITATION	p1210-superficie-publica.json	vanilla side inherited from P1140.26; requires fresh vanilla enumerator
surface:direction.ltr	surface-wide-provisional	direction.ltr	MISSING_MEMBER	owner for stdlib `direction`	HARNESS_LIMITATION	p1210-superficie-publica.json	vanilla side inherited from P1140.26; requires fresh vanilla enumerator
surface:direction.rtl	surface-wide-provisional	direction.rtl	MISSING_MEMBER	owner for stdlib `direction`	HARNESS_LIMITATION	p1210-superficie-publica.json	vanilla side inherited from P1140.26; requires fresh vanilla enumerator
surface:direction.sign	surface-wide-provisional	direction.sign	MISSING_MEMBER	owner for stdlib `direction`	HARNESS_LIMITATION	p1210-superficie-publica.json	vanilla side inherited from P1140.26; requires fresh vanilla enumerator
surface:direction.start	surface-wide-provisional	direction.start	MISSING_MEMBER	owner for stdlib `direction`	HARNESS_LIMITATION	p1210-superficie-publica.json	vanilla side inherited from P1140.26; requires fresh vanilla enumerator
surface:direction.to	surface-wide-provisional	direction.to	MISSING_MEMBER	owner for stdlib `direction`	HARNESS_LIMITATION	p1210-superficie-publica.json	vanilla side inherited from P1140.26; requires fresh vanilla enumerator
surface:direction.ttb	surface-wide-provisional	direction.ttb	MISSING_MEMBER	owner for stdlib `direction`	HARNESS_LIMITATION	p1210-superficie-publica.json	vanilla side inherited from P1140.26; requires fresh vanilla enumerator
surface:display	surface-wide-provisional	display	EXTRA_BINDING	owner for stdlib `display`	HARNESS_LIMITATION	p1210-superficie-publica.json	vanilla side inherited from P1140.26; requires fresh vanilla enumerator
surface:divider	surface-wide-provisional	divider	UNVERIFIED_METADATA	owner for stdlib `divider`	HARNESS_LIMITATION	p1210-superficie-publica.json	vanilla side inherited from P1140.26; requires fresh vanilla enumerator
surface:document	surface-wide-provisional	document	UNVERIFIED_METADATA	owner for stdlib `document`	HARNESS_LIMITATION	p1210-superficie-publica.json	vanilla side inherited from P1140.26; requires fresh vanilla enumerator
surface:duration.days	surface-wide-provisional	duration.days	MISSING_MEMBER	owner for stdlib `duration`	HARNESS_LIMITATION	p1210-superficie-publica.json	vanilla side inherited from P1140.26; requires fresh vanilla enumerator
surface:duration.hours	surface-wide-provisional	duration.hours	MISSING_MEMBER	owner for stdlib `duration`	HARNESS_LIMITATION	p1210-superficie-publica.json	vanilla side inherited from P1140.26; requires fresh vanilla enumerator
surface:duration.minutes	surface-wide-provisional	duration.minutes	MISSING_MEMBER	owner for stdlib `duration`	HARNESS_LIMITATION	p1210-superficie-publica.json	vanilla side inherited from P1140.26; requires fresh vanilla enumerator
surface:duration.seconds	surface-wide-provisional	duration.seconds	MISSING_MEMBER	owner for stdlib `duration`	HARNESS_LIMITATION	p1210-superficie-publica.json	vanilla side inherited from P1140.26; requires fresh vanilla enumerator
surface:duration.weeks	surface-wide-provisional	duration.weeks	MISSING_MEMBER	owner for stdlib `duration`	HARNESS_LIMITATION	p1210-superficie-publica.json	vanilla side inherited from P1140.26; requires fresh vanilla enumerator
surface:ellipse	surface-wide-provisional	ellipse	UNVERIFIED_METADATA	owner for stdlib `ellipse`	HARNESS_LIMITATION	p1210-superficie-publica.json	vanilla side inherited from P1140.26; requires fresh vanilla enumerator
surface:emoji.a	surface-wide-provisional	emoji.a	MISSING_MEMBER	owner for stdlib `emoji`	HARNESS_LIMITATION	p1210-superficie-publica.json	vanilla side inherited from P1140.26; requires fresh vanilla enumerator
surface:emoji.aesculapius	surface-wide-provisional	emoji.aesculapius	MISSING_MEMBER	owner for stdlib `emoji`	HARNESS_LIMITATION	p1210-superficie-publica.json	vanilla side inherited from P1140.26; requires fresh vanilla enumerator
surface:emoji.airplane	surface-wide-provisional	emoji.airplane	MISSING_MEMBER	owner for stdlib `emoji`	HARNESS_LIMITATION	p1210-superficie-publica.json	vanilla side inherited from P1140.26; requires fresh vanilla enumerator
surface:emoji.alembic	surface-wide-provisional	emoji.alembic	MISSING_MEMBER	owner for stdlib `emoji`	HARNESS_LIMITATION	p1210-superficie-publica.json	vanilla side inherited from P1140.26; requires fresh vanilla enumerator
surface:emoji.alien	surface-wide-provisional	emoji.alien	MISSING_MEMBER	owner for stdlib `emoji`	HARNESS_LIMITATION	p1210-superficie-publica.json	vanilla side inherited from P1140.26; requires fresh vanilla enumerator
surface:emoji.ambulance	surface-wide-provisional	emoji.ambulance	MISSING_MEMBER	owner for stdlib `emoji`	HARNESS_LIMITATION	p1210-superficie-publica.json	vanilla side inherited from P1140.26; requires fresh vanilla enumerator
surface:emoji.anchor	surface-wide-provisional	emoji.anchor	MISSING_MEMBER	owner for stdlib `emoji`	HARNESS_LIMITATION	p1210-superficie-publica.json	vanilla side inherited from P1140.26; requires fresh vanilla enumerator
surface:emoji.apple	surface-wide-provisional	emoji.apple	MISSING_MEMBER	owner for stdlib `emoji`	HARNESS_LIMITATION	p1210-superficie-publica.json	vanilla side inherited from P1140.26; requires fresh vanilla enumerator
surface:emoji.arm	surface-wide-provisional	emoji.arm	MISSING_MEMBER	owner for stdlib `emoji`	HARNESS_LIMITATION	p1210-superficie-publica.json	vanilla side inherited from P1140.26; requires fresh vanilla enumerator
surface:emoji.arrow	surface-wide-provisional	emoji.arrow	MISSING_MEMBER	owner for stdlib `emoji`	HARNESS_LIMITATION	p1210-superficie-publica.json	vanilla side inherited from P1140.26; requires fresh vanilla enumerator
surface:emoji.arrows	surface-wide-provisional	emoji.arrows	MISSING_MEMBER	owner for stdlib `emoji`	HARNESS_LIMITATION	p1210-superficie-publica.json	vanilla side inherited from P1140.26; requires fresh vanilla enumerator
surface:emoji.ast	surface-wide-provisional	emoji.ast	MISSING_MEMBER	owner for stdlib `emoji`	HARNESS_LIMITATION	p1210-superficie-publica.json	vanilla side inherited from P1140.26; requires fresh vanilla enumerator
surface:emoji.atom	surface-wide-provisional	emoji.atom	MISSING_MEMBER	owner for stdlib `emoji`	HARNESS_LIMITATION	p1210-superficie-publica.json	vanilla side inherited from P1140.26; requires fresh vanilla enumerator
surface:emoji.b	surface-wide-provisional	emoji.b	MISSING_MEMBER	owner for stdlib `emoji`	HARNESS_LIMITATION	p1210-superficie-publica.json	vanilla side inherited from P1140.26; requires fresh vanilla enumerator
surface:emoji.ballot	surface-wide-provisional	emoji.ballot	MISSING_MEMBER	owner for stdlib `emoji`	HARNESS_LIMITATION	p1210-superficie-publica.json	vanilla side inherited from P1140.26; requires fresh vanilla enumerator
surface:emoji.ballotbox	surface-wide-provisional	emoji.ballotbox	MISSING_MEMBER	owner for stdlib `emoji`	HARNESS_LIMITATION	p1210-superficie-publica.json	vanilla side inherited from P1140.26; requires fresh vanilla enumerator
surface:emoji.baseball	surface-wide-provisional	emoji.baseball	MISSING_MEMBER	owner for stdlib `emoji`	HARNESS_LIMITATION	p1210-superficie-publica.json	vanilla side inherited from P1140.26; requires fresh vanilla enumerator
surface:emoji.basketball	surface-wide-provisional	emoji.basketball	MISSING_MEMBER	owner for stdlib `emoji`	HARNESS_LIMITATION	p1210-superficie-publica.json	vanilla side inherited from P1140.26; requires fresh vanilla enumerator
surface:emoji.beach	surface-wide-provisional	emoji.beach	MISSING_MEMBER	owner for stdlib `emoji`	HARNESS_LIMITATION	p1210-superficie-publica.json	vanilla side inherited from P1140.26; requires fresh vanilla enumerator
surface:emoji.bed	surface-wide-provisional	emoji.bed	MISSING_MEMBER	owner for stdlib `emoji`	HARNESS_LIMITATION	p1210-superficie-publica.json	vanilla side inherited from P1140.26; requires fresh vanilla enumerator
surface:emoji.bigfoot	surface-wide-provisional	emoji.bigfoot	MISSING_MEMBER	owner for stdlib `emoji`	HARNESS_LIMITATION	p1210-superficie-publica.json	vanilla side inherited from P1140.26; requires fresh vanilla enumerator
surface:emoji.bike	surface-wide-provisional	emoji.bike	MISSING_MEMBER	owner for stdlib `emoji`	HARNESS_LIMITATION	p1210-superficie-publica.json	vanilla side inherited from P1140.26; requires fresh vanilla enumerator
surface:emoji.bin	surface-wide-provisional	emoji.bin	MISSING_MEMBER	owner for stdlib `emoji`	HARNESS_LIMITATION	p1210-superficie-publica.json	vanilla side inherited from P1140.26; requires fresh vanilla enumerator
surface:emoji.biohazard	surface-wide-provisional	emoji.biohazard	MISSING_MEMBER	owner for stdlib `emoji`	HARNESS_LIMITATION	p1210-superficie-publica.json	vanilla side inherited from P1140.26; requires fresh vanilla enumerator
surface:emoji.bird	surface-wide-provisional	emoji.bird	MISSING_MEMBER	owner for stdlib `emoji`	HARNESS_LIMITATION	p1210-superficie-publica.json	vanilla side inherited from P1140.26; requires fresh vanilla enumerator
surface:emoji.boat	surface-wide-provisional	emoji.boat	MISSING_MEMBER	owner for stdlib `emoji`	HARNESS_LIMITATION	p1210-superficie-publica.json	vanilla side inherited from P1140.26; requires fresh vanilla enumerator
surface:emoji.bomb	surface-wide-provisional	emoji.bomb	MISSING_MEMBER	owner for stdlib `emoji`	HARNESS_LIMITATION	p1210-superficie-publica.json	vanilla side inherited from P1140.26; requires fresh vanilla enumerator
surface:emoji.book	surface-wide-provisional	emoji.book	MISSING_MEMBER	owner for stdlib `emoji`	HARNESS_LIMITATION	p1210-superficie-publica.json	vanilla side inherited from P1140.26; requires fresh vanilla enumerator
surface:emoji.books	surface-wide-provisional	emoji.books	MISSING_MEMBER	owner for stdlib `emoji`	HARNESS_LIMITATION	p1210-superficie-publica.json	vanilla side inherited from P1140.26; requires fresh vanilla enumerator
surface:emoji.bowl	surface-wide-provisional	emoji.bowl	MISSING_MEMBER	owner for stdlib `emoji`	HARNESS_LIMITATION	p1210-superficie-publica.json	vanilla side inherited from P1140.26; requires fresh vanilla enumerator
surface:emoji.bridge	surface-wide-provisional	emoji.bridge	MISSING_MEMBER	owner for stdlib `emoji`	HARNESS_LIMITATION	p1210-superficie-publica.json	vanilla side inherited from P1140.26; requires fresh vanilla enumerator
surface:emoji.brightness	surface-wide-provisional	emoji.brightness	MISSING_MEMBER	owner for stdlib `emoji`	HARNESS_LIMITATION	p1210-superficie-publica.json	vanilla side inherited from P1140.26; requires fresh vanilla enumerator
surface:emoji.brush	surface-wide-provisional	emoji.brush	MISSING_MEMBER	owner for stdlib `emoji`	HARNESS_LIMITATION	p1210-superficie-publica.json	vanilla side inherited from P1140.26; requires fresh vanilla enumerator
surface:emoji.bubble	surface-wide-provisional	emoji.bubble	MISSING_MEMBER	owner for stdlib `emoji`	HARNESS_LIMITATION	p1210-superficie-publica.json	vanilla side inherited from P1140.26; requires fresh vanilla enumerator
surface:emoji.buffalo	surface-wide-provisional	emoji.buffalo	MISSING_MEMBER	owner for stdlib `emoji`	HARNESS_LIMITATION	p1210-superficie-publica.json	vanilla side inherited from P1140.26; requires fresh vanilla enumerator
surface:emoji.cabinet	surface-wide-provisional	emoji.cabinet	MISSING_MEMBER	owner for stdlib `emoji`	HARNESS_LIMITATION	p1210-superficie-publica.json	vanilla side inherited from P1140.26; requires fresh vanilla enumerator
surface:emoji.camera	surface-wide-provisional	emoji.camera	MISSING_MEMBER	owner for stdlib `emoji`	HARNESS_LIMITATION	p1210-superficie-publica.json	vanilla side inherited from P1140.26; requires fresh vanilla enumerator
surface:emoji.camping	surface-wide-provisional	emoji.camping	MISSING_MEMBER	owner for stdlib `emoji`	HARNESS_LIMITATION	p1210-superficie-publica.json	vanilla side inherited from P1140.26; requires fresh vanilla enumerator
surface:emoji.candle	surface-wide-provisional	emoji.candle	MISSING_MEMBER	owner for stdlib `emoji`	HARNESS_LIMITATION	p1210-superficie-publica.json	vanilla side inherited from P1140.26; requires fresh vanilla enumerator
surface:emoji.card	surface-wide-provisional	emoji.card	MISSING_MEMBER	owner for stdlib `emoji`	HARNESS_LIMITATION	p1210-superficie-publica.json	vanilla side inherited from P1140.26; requires fresh vanilla enumerator
surface:emoji.castle	surface-wide-provisional	emoji.castle	MISSING_MEMBER	owner for stdlib `emoji`	HARNESS_LIMITATION	p1210-superficie-publica.json	vanilla side inherited from P1140.26; requires fresh vanilla enumerator
surface:emoji.cat	surface-wide-provisional	emoji.cat	MISSING_MEMBER	owner for stdlib `emoji`	HARNESS_LIMITATION	p1210-superficie-publica.json	vanilla side inherited from P1140.26; requires fresh vanilla enumerator
surface:emoji.chains	surface-wide-provisional	emoji.chains	MISSING_MEMBER	owner for stdlib `emoji`	HARNESS_LIMITATION	p1210-superficie-publica.json	vanilla side inherited from P1140.26; requires fresh vanilla enumerator
surface:emoji.chart	surface-wide-provisional	emoji.chart	MISSING_MEMBER	owner for stdlib `emoji`	HARNESS_LIMITATION	p1210-superficie-publica.json	vanilla side inherited from P1140.26; requires fresh vanilla enumerator
surface:emoji.checkmark	surface-wide-provisional	emoji.checkmark	MISSING_MEMBER	owner for stdlib `emoji`	HARNESS_LIMITATION	p1210-superficie-publica.json	vanilla side inherited from P1140.26; requires fresh vanilla enumerator
surface:emoji.chess	surface-wide-provisional	emoji.chess	MISSING_MEMBER	owner for stdlib `emoji`	HARNESS_LIMITATION	p1210-superficie-publica.json	vanilla side inherited from P1140.26; requires fresh vanilla enumerator
surface:emoji.chipmunk	surface-wide-provisional	emoji.chipmunk	MISSING_MEMBER	owner for stdlib `emoji`	HARNESS_LIMITATION	p1210-superficie-publica.json	vanilla side inherited from P1140.26; requires fresh vanilla enumerator
surface:emoji.church	surface-wide-provisional	emoji.church	MISSING_MEMBER	owner for stdlib `emoji`	HARNESS_LIMITATION	p1210-superficie-publica.json	vanilla side inherited from P1140.26; requires fresh vanilla enumerator
surface:emoji.circle	surface-wide-provisional	emoji.circle	MISSING_MEMBER	owner for stdlib `emoji`	HARNESS_LIMITATION	p1210-superficie-publica.json	vanilla side inherited from P1140.26; requires fresh vanilla enumerator
surface:emoji.city	surface-wide-provisional	emoji.city	MISSING_MEMBER	owner for stdlib `emoji`	HARNESS_LIMITATION	p1210-superficie-publica.json	vanilla side inherited from P1140.26; requires fresh vanilla enumerator
surface:emoji.clamp	surface-wide-provisional	emoji.clamp	MISSING_MEMBER	owner for stdlib `emoji`	HARNESS_LIMITATION	p1210-superficie-publica.json	vanilla side inherited from P1140.26; requires fresh vanilla enumerator
surface:emoji.clapperboard	surface-wide-provisional	emoji.clapperboard	MISSING_MEMBER	owner for stdlib `emoji`	HARNESS_LIMITATION	p1210-superficie-publica.json	vanilla side inherited from P1140.26; requires fresh vanilla enumerator
surface:emoji.clipboard	surface-wide-provisional	emoji.clipboard	MISSING_MEMBER	owner for stdlib `emoji`	HARNESS_LIMITATION	p1210-superficie-publica.json	vanilla side inherited from P1140.26; requires fresh vanilla enumerator
surface:emoji.clips	surface-wide-provisional	emoji.clips	MISSING_MEMBER	owner for stdlib `emoji`	HARNESS_LIMITATION	p1210-superficie-publica.json	vanilla side inherited from P1140.26; requires fresh vanilla enumerator
surface:emoji.clock	surface-wide-provisional	emoji.clock	MISSING_MEMBER	owner for stdlib `emoji`	HARNESS_LIMITATION	p1210-superficie-publica.json	vanilla side inherited from P1140.26; requires fresh vanilla enumerator
surface:emoji.cloud	surface-wide-provisional	emoji.cloud	MISSING_MEMBER	owner for stdlib `emoji`	HARNESS_LIMITATION	p1210-superficie-publica.json	vanilla side inherited from P1140.26; requires fresh vanilla enumerator
surface:emoji.cocktail	surface-wide-provisional	emoji.cocktail	MISSING_MEMBER	owner for stdlib `emoji`	HARNESS_LIMITATION	p1210-superficie-publica.json	vanilla side inherited from P1140.26; requires fresh vanilla enumerator
surface:emoji.coffee	surface-wide-provisional	emoji.coffee	MISSING_MEMBER	owner for stdlib `emoji`	HARNESS_LIMITATION	p1210-superficie-publica.json	vanilla side inherited from P1140.26; requires fresh vanilla enumerator
surface:emoji.coffin	surface-wide-provisional	emoji.coffin	MISSING_MEMBER	owner for stdlib `emoji`	HARNESS_LIMITATION	p1210-superficie-publica.json	vanilla side inherited from P1140.26; requires fresh vanilla enumerator
surface:emoji.comet	surface-wide-provisional	emoji.comet	MISSING_MEMBER	owner for stdlib `emoji`	HARNESS_LIMITATION	p1210-superficie-publica.json	vanilla side inherited from P1140.26; requires fresh vanilla enumerator
surface:emoji.computer	surface-wide-provisional	emoji.computer	MISSING_MEMBER	owner for stdlib `emoji`	HARNESS_LIMITATION	p1210-superficie-publica.json	vanilla side inherited from P1140.26; requires fresh vanilla enumerator
surface:emoji.computermouse	surface-wide-provisional	emoji.computermouse	MISSING_MEMBER	owner for stdlib `emoji`	HARNESS_LIMITATION	p1210-superficie-publica.json	vanilla side inherited from P1140.26; requires fresh vanilla enumerator
surface:emoji.controller	surface-wide-provisional	emoji.controller	MISSING_MEMBER	owner for stdlib `emoji`	HARNESS_LIMITATION	p1210-superficie-publica.json	vanilla side inherited from P1140.26; requires fresh vanilla enumerator
surface:emoji.copyright	surface-wide-provisional	emoji.copyright	MISSING_MEMBER	owner for stdlib `emoji`	HARNESS_LIMITATION	p1210-superficie-publica.json	vanilla side inherited from P1140.26; requires fresh vanilla enumerator
surface:emoji.couch	surface-wide-provisional	emoji.couch	MISSING_MEMBER	owner for stdlib `emoji`	HARNESS_LIMITATION	p1210-superficie-publica.json	vanilla side inherited from P1140.26; requires fresh vanilla enumerator
surface:emoji.crane	surface-wide-provisional	emoji.crane	MISSING_MEMBER	owner for stdlib `emoji`	HARNESS_LIMITATION	p1210-superficie-publica.json	vanilla side inherited from P1140.26; requires fresh vanilla enumerator
surface:emoji.crayon	surface-wide-provisional	emoji.crayon	MISSING_MEMBER	owner for stdlib `emoji`	HARNESS_LIMITATION	p1210-superficie-publica.json	vanilla side inherited from P1140.26; requires fresh vanilla enumerator
surface:emoji.crossmark	surface-wide-provisional	emoji.crossmark	MISSING_MEMBER	owner for stdlib `emoji`	HARNESS_LIMITATION	p1210-superficie-publica.json	vanilla side inherited from P1140.26; requires fresh vanilla enumerator
surface:emoji.cup	surface-wide-provisional	emoji.cup	MISSING_MEMBER	owner for stdlib `emoji`	HARNESS_LIMITATION	p1210-superficie-publica.json	vanilla side inherited from P1140.26; requires fresh vanilla enumerator
surface:emoji.dancing	surface-wide-provisional	emoji.dancing	MISSING_MEMBER	owner for stdlib `emoji`	HARNESS_LIMITATION	p1210-superficie-publica.json	vanilla side inherited from P1140.26; requires fresh vanilla enumerator
surface:emoji.dash	surface-wide-provisional	emoji.dash	MISSING_MEMBER	owner for stdlib `emoji`	HARNESS_LIMITATION	p1210-superficie-publica.json	vanilla side inherited from P1140.26; requires fresh vanilla enumerator
surface:emoji.desert	surface-wide-provisional	emoji.desert	MISSING_MEMBER	owner for stdlib `emoji`	HARNESS_LIMITATION	p1210-superficie-publica.json	vanilla side inherited from P1140.26; requires fresh vanilla enumerator
surface:emoji.detective	surface-wide-provisional	emoji.detective	MISSING_MEMBER	owner for stdlib `emoji`	HARNESS_LIMITATION	p1210-superficie-publica.json	vanilla side inherited from P1140.26; requires fresh vanilla enumerator
surface:emoji.diamond	surface-wide-provisional	emoji.diamond	MISSING_MEMBER	owner for stdlib `emoji`	HARNESS_LIMITATION	p1210-superficie-publica.json	vanilla side inherited from P1140.26; requires fresh vanilla enumerator
surface:emoji.dino	surface-wide-provisional	emoji.dino	MISSING_MEMBER	owner for stdlib `emoji`	HARNESS_LIMITATION	p1210-superficie-publica.json	vanilla side inherited from P1140.26; requires fresh vanilla enumerator
surface:emoji.disc	surface-wide-provisional	emoji.disc	MISSING_MEMBER	owner for stdlib `emoji`	HARNESS_LIMITATION	p1210-superficie-publica.json	vanilla side inherited from P1140.26; requires fresh vanilla enumerator
surface:emoji.dog	surface-wide-provisional	emoji.dog	MISSING_MEMBER	owner for stdlib `emoji`	HARNESS_LIMITATION	p1210-superficie-publica.json	vanilla side inherited from P1140.26; requires fresh vanilla enumerator
surface:emoji.dove	surface-wide-provisional	emoji.dove	MISSING_MEMBER	owner for stdlib `emoji`	HARNESS_LIMITATION	p1210-superficie-publica.json	vanilla side inherited from P1140.26; requires fresh vanilla enumerator
surface:emoji.ear	surface-wide-provisional	emoji.ear	MISSING_MEMBER	owner for stdlib `emoji`	HARNESS_LIMITATION	p1210-superficie-publica.json	vanilla side inherited from P1140.26; requires fresh vanilla enumerator
surface:emoji.eighteen	surface-wide-provisional	emoji.eighteen	MISSING_MEMBER	owner for stdlib `emoji`	HARNESS_LIMITATION	p1210-superficie-publica.json	vanilla side inherited from P1140.26; requires fresh vanilla enumerator
surface:emoji.excl	surface-wide-provisional	emoji.excl	MISSING_MEMBER	owner for stdlib `emoji`	HARNESS_LIMITATION	p1210-superficie-publica.json	vanilla side inherited from P1140.26; requires fresh vanilla enumerator
surface:emoji.eye	surface-wide-provisional	emoji.eye	MISSING_MEMBER	owner for stdlib `emoji`	HARNESS_LIMITATION	p1210-superficie-publica.json	vanilla side inherited from P1140.26; requires fresh vanilla enumerator
surface:emoji.factory	surface-wide-provisional	emoji.factory	MISSING_MEMBER	owner for stdlib `emoji`	HARNESS_LIMITATION	p1210-superficie-publica.json	vanilla side inherited from P1140.26; requires fresh vanilla enumerator
surface:emoji.faith	surface-wide-provisional	emoji.faith	MISSING_MEMBER	owner for stdlib `emoji`	HARNESS_LIMITATION	p1210-superficie-publica.json	vanilla side inherited from P1140.26; requires fresh vanilla enumerator
surface:emoji.family	surface-wide-provisional	emoji.family	MISSING_MEMBER	owner for stdlib `emoji`	HARNESS_LIMITATION	p1210-superficie-publica.json	vanilla side inherited from P1140.26; requires fresh vanilla enumerator
surface:emoji.feeding	surface-wide-provisional	emoji.feeding	MISSING_MEMBER	owner for stdlib `emoji`	HARNESS_LIMITATION	p1210-superficie-publica.json	vanilla side inherited from P1140.26; requires fresh vanilla enumerator
surface:emoji.fightcloud	surface-wide-provisional	emoji.fightcloud	MISSING_MEMBER	owner for stdlib `emoji`	HARNESS_LIMITATION	p1210-superficie-publica.json	vanilla side inherited from P1140.26; requires fresh vanilla enumerator
surface:emoji.filebox	surface-wide-provisional	emoji.filebox	MISSING_MEMBER	owner for stdlib `emoji`	HARNESS_LIMITATION	p1210-superficie-publica.json	vanilla side inherited from P1140.26; requires fresh vanilla enumerator
surface:emoji.filedividers	surface-wide-provisional	emoji.filedividers	MISSING_MEMBER	owner for stdlib `emoji`	HARNESS_LIMITATION	p1210-superficie-publica.json	vanilla side inherited from P1140.26; requires fresh vanilla enumerator
surface:emoji.film	surface-wide-provisional	emoji.film	MISSING_MEMBER	owner for stdlib `emoji`	HARNESS_LIMITATION	p1210-superficie-publica.json	vanilla side inherited from P1140.26; requires fresh vanilla enumerator
surface:emoji.finger	surface-wide-provisional	emoji.finger	MISSING_MEMBER	owner for stdlib `emoji`	HARNESS_LIMITATION	p1210-superficie-publica.json	vanilla side inherited from P1140.26; requires fresh vanilla enumerator
surface:emoji.fingers	surface-wide-provisional	emoji.fingers	MISSING_MEMBER	owner for stdlib `emoji`	HARNESS_LIMITATION	p1210-superficie-publica.json	vanilla side inherited from P1140.26; requires fresh vanilla enumerator
surface:emoji.fish	surface-wide-provisional	emoji.fish	MISSING_MEMBER	owner for stdlib `emoji`	HARNESS_LIMITATION	p1210-superficie-publica.json	vanilla side inherited from P1140.26; requires fresh vanilla enumerator
surface:emoji.fist	surface-wide-provisional	emoji.fist	MISSING_MEMBER	owner for stdlib `emoji`	HARNESS_LIMITATION	p1210-superficie-publica.json	vanilla side inherited from P1140.26; requires fresh vanilla enumerator
surface:emoji.flag	surface-wide-provisional	emoji.flag	MISSING_MEMBER	owner for stdlib `emoji`	HARNESS_LIMITATION	p1210-superficie-publica.json	vanilla side inherited from P1140.26; requires fresh vanilla enumerator
surface:emoji.flags	surface-wide-provisional	emoji.flags	MISSING_MEMBER	owner for stdlib `emoji`	HARNESS_LIMITATION	p1210-superficie-publica.json	vanilla side inherited from P1140.26; requires fresh vanilla enumerator
surface:emoji.fleur	surface-wide-provisional	emoji.fleur	MISSING_MEMBER	owner for stdlib `emoji`	HARNESS_LIMITATION	p1210-superficie-publica.json	vanilla side inherited from P1140.26; requires fresh vanilla enumerator
surface:emoji.flower	surface-wide-provisional	emoji.flower	MISSING_MEMBER	owner for stdlib `emoji`	HARNESS_LIMITATION	p1210-superficie-publica.json	vanilla side inherited from P1140.26; requires fresh vanilla enumerator
surface:emoji.fog	surface-wide-provisional	emoji.fog	MISSING_MEMBER	owner for stdlib `emoji`	HARNESS_LIMITATION	p1210-superficie-publica.json	vanilla side inherited from P1140.26; requires fresh vanilla enumerator
surface:emoji.football	surface-wide-provisional	emoji.football	MISSING_MEMBER	owner for stdlib `emoji`	HARNESS_LIMITATION	p1210-superficie-publica.json	vanilla side inherited from P1140.26; requires fresh vanilla enumerator
surface:emoji.fountain	surface-wide-provisional	emoji.fountain	MISSING_MEMBER	owner for stdlib `emoji`	HARNESS_LIMITATION	p1210-superficie-publica.json	vanilla side inherited from P1140.26; requires fresh vanilla enumerator
surface:emoji.frog	surface-wide-provisional	emoji.frog	MISSING_MEMBER	owner for stdlib `emoji`	HARNESS_LIMITATION	p1210-superficie-publica.json	vanilla side inherited from P1140.26; requires fresh vanilla enumerator
surface:emoji.fuelpump	surface-wide-provisional	emoji.fuelpump	MISSING_MEMBER	owner for stdlib `emoji`	HARNESS_LIMITATION	p1210-superficie-publica.json	vanilla side inherited from P1140.26; requires fresh vanilla enumerator
surface:emoji.gachi	surface-wide-provisional	emoji.gachi	MISSING_MEMBER	owner for stdlib `emoji`	HARNESS_LIMITATION	p1210-superficie-publica.json	vanilla side inherited from P1140.26; requires fresh vanilla enumerator
surface:emoji.gear	surface-wide-provisional	emoji.gear	MISSING_MEMBER	owner for stdlib `emoji`	HARNESS_LIMITATION	p1210-superficie-publica.json	vanilla side inherited from P1140.26; requires fresh vanilla enumerator
surface:emoji.glass	surface-wide-provisional	emoji.glass	MISSING_MEMBER	owner for stdlib `emoji`	HARNESS_LIMITATION	p1210-superficie-publica.json	vanilla side inherited from P1140.26; requires fresh vanilla enumerator
surface:emoji.glasses	surface-wide-provisional	emoji.glasses	MISSING_MEMBER	owner for stdlib `emoji`	HARNESS_LIMITATION	p1210-superficie-publica.json	vanilla side inherited from P1140.26; requires fresh vanilla enumerator
surface:emoji.globe	surface-wide-provisional	emoji.globe	MISSING_MEMBER	owner for stdlib `emoji`	HARNESS_LIMITATION	p1210-superficie-publica.json	vanilla side inherited from P1140.26; requires fresh vanilla enumerator
surface:emoji.golfing	surface-wide-provisional	emoji.golfing	MISSING_MEMBER	owner for stdlib `emoji`	HARNESS_LIMITATION	p1210-superficie-publica.json	vanilla side inherited from P1140.26; requires fresh vanilla enumerator
surface:emoji.guard	surface-wide-provisional	emoji.guard	MISSING_MEMBER	owner for stdlib `emoji`	HARNESS_LIMITATION	p1210-superficie-publica.json	vanilla side inherited from P1140.26; requires fresh vanilla enumerator
surface:emoji.hamster	surface-wide-provisional	emoji.hamster	MISSING_MEMBER	owner for stdlib `emoji`	HARNESS_LIMITATION	p1210-superficie-publica.json	vanilla side inherited from P1140.26; requires fresh vanilla enumerator
surface:emoji.hand	surface-wide-provisional	emoji.hand	MISSING_MEMBER	owner for stdlib `emoji`	HARNESS_LIMITATION	p1210-superficie-publica.json	vanilla side inherited from P1140.26; requires fresh vanilla enumerator
surface:emoji.handholding	surface-wide-provisional	emoji.handholding	MISSING_MEMBER	owner for stdlib `emoji`	HARNESS_LIMITATION	p1210-superficie-publica.json	vanilla side inherited from P1140.26; requires fresh vanilla enumerator
surface:emoji.hands	surface-wide-provisional	emoji.hands	MISSING_MEMBER	owner for stdlib `emoji`	HARNESS_LIMITATION	p1210-superficie-publica.json	vanilla side inherited from P1140.26; requires fresh vanilla enumerator
surface:emoji.hash	surface-wide-provisional	emoji.hash	MISSING_MEMBER	owner for stdlib `emoji`	HARNESS_LIMITATION	p1210-superficie-publica.json	vanilla side inherited from P1140.26; requires fresh vanilla enumerator
surface:emoji.hat	surface-wide-provisional	emoji.hat	MISSING_MEMBER	owner for stdlib `emoji`	HARNESS_LIMITATION	p1210-superficie-publica.json	vanilla side inherited from P1140.26; requires fresh vanilla enumerator
surface:emoji.headphone	surface-wide-provisional	emoji.headphone	MISSING_MEMBER	owner for stdlib `emoji`	HARNESS_LIMITATION	p1210-superficie-publica.json	vanilla side inherited from P1140.26; requires fresh vanilla enumerator
surface:emoji.helmet	surface-wide-provisional	emoji.helmet	MISSING_MEMBER	owner for stdlib `emoji`	HARNESS_LIMITATION	p1210-superficie-publica.json	vanilla side inherited from P1140.26; requires fresh vanilla enumerator
surface:emoji.hi	surface-wide-provisional	emoji.hi	MISSING_MEMBER	owner for stdlib `emoji`	HARNESS_LIMITATION	p1210-superficie-publica.json	vanilla side inherited from P1140.26; requires fresh vanilla enumerator
surface:emoji.hole	surface-wide-provisional	emoji.hole	MISSING_MEMBER	owner for stdlib `emoji`	HARNESS_LIMITATION	p1210-superficie-publica.json	vanilla side inherited from P1140.26; requires fresh vanilla enumerator
surface:emoji.horn	surface-wide-provisional	emoji.horn	MISSING_MEMBER	owner for stdlib `emoji`	HARNESS_LIMITATION	p1210-superficie-publica.json	vanilla side inherited from P1140.26; requires fresh vanilla enumerator
surface:emoji.hotspring	surface-wide-provisional	emoji.hotspring	MISSING_MEMBER	owner for stdlib `emoji`	HARNESS_LIMITATION	p1210-superficie-publica.json	vanilla side inherited from P1140.26; requires fresh vanilla enumerator
surface:emoji.hourglass	surface-wide-provisional	emoji.hourglass	MISSING_MEMBER	owner for stdlib `emoji`	HARNESS_LIMITATION	p1210-superficie-publica.json	vanilla side inherited from P1140.26; requires fresh vanilla enumerator
surface:emoji.house	surface-wide-provisional	emoji.house	MISSING_MEMBER	owner for stdlib `emoji`	HARNESS_LIMITATION	p1210-superficie-publica.json	vanilla side inherited from P1140.26; requires fresh vanilla enumerator
surface:emoji.info	surface-wide-provisional	emoji.info	MISSING_MEMBER	owner for stdlib `emoji`	HARNESS_LIMITATION	p1210-superficie-publica.json	vanilla side inherited from P1140.26; requires fresh vanilla enumerator
surface:emoji.joystick	surface-wide-provisional	emoji.joystick	MISSING_MEMBER	owner for stdlib `emoji`	HARNESS_LIMITATION	p1210-superficie-publica.json	vanilla side inherited from P1140.26; requires fresh vanilla enumerator
surface:emoji.keyboard	surface-wide-provisional	emoji.keyboard	MISSING_MEMBER	owner for stdlib `emoji`	HARNESS_LIMITATION	p1210-superficie-publica.json	vanilla side inherited from P1140.26; requires fresh vanilla enumerator
surface:emoji.label	surface-wide-provisional	emoji.label	MISSING_MEMBER	owner for stdlib `emoji`	HARNESS_LIMITATION	p1210-superficie-publica.json	vanilla side inherited from P1140.26; requires fresh vanilla enumerator
surface:emoji.lamp	surface-wide-provisional	emoji.lamp	MISSING_MEMBER	owner for stdlib `emoji`	HARNESS_LIMITATION	p1210-superficie-publica.json	vanilla side inherited from P1140.26; requires fresh vanilla enumerator
surface:emoji.landslide	surface-wide-provisional	emoji.landslide	MISSING_MEMBER	owner for stdlib `emoji`	HARNESS_LIMITATION	p1210-superficie-publica.json	vanilla side inherited from P1140.26; requires fresh vanilla enumerator
surface:emoji.laptop	surface-wide-provisional	emoji.laptop	MISSING_MEMBER	owner for stdlib `emoji`	HARNESS_LIMITATION	p1210-superficie-publica.json	vanilla side inherited from P1140.26; requires fresh vanilla enumerator
surface:emoji.leaf	surface-wide-provisional	emoji.leaf	MISSING_MEMBER	owner for stdlib `emoji`	HARNESS_LIMITATION	p1210-superficie-publica.json	vanilla side inherited from P1140.26; requires fresh vanilla enumerator
surface:emoji.letter	surface-wide-provisional	emoji.letter	MISSING_MEMBER	owner for stdlib `emoji`	HARNESS_LIMITATION	p1210-superficie-publica.json	vanilla side inherited from P1140.26; requires fresh vanilla enumerator
surface:emoji.lightning	surface-wide-provisional	emoji.lightning	MISSING_MEMBER	owner for stdlib `emoji`	HARNESS_LIMITATION	p1210-superficie-publica.json	vanilla side inherited from P1140.26; requires fresh vanilla enumerator
surface:emoji.lock	surface-wide-provisional	emoji.lock	MISSING_MEMBER	owner for stdlib `emoji`	HARNESS_LIMITATION	p1210-superficie-publica.json	vanilla side inherited from P1140.26; requires fresh vanilla enumerator
surface:emoji.magnify	surface-wide-provisional	emoji.magnify	MISSING_MEMBER	owner for stdlib `emoji`	HARNESS_LIMITATION	p1210-superficie-publica.json	vanilla side inherited from P1140.26; requires fresh vanilla enumerator
surface:emoji.mahjong	surface-wide-provisional	emoji.mahjong	MISSING_MEMBER	owner for stdlib `emoji`	HARNESS_LIMITATION	p1210-superficie-publica.json	vanilla side inherited from P1140.26; requires fresh vanilla enumerator
surface:emoji.mail	surface-wide-provisional	emoji.mail	MISSING_MEMBER	owner for stdlib `emoji`	HARNESS_LIMITATION	p1210-superficie-publica.json	vanilla side inherited from P1140.26; requires fresh vanilla enumerator
surface:emoji.mailbox	surface-wide-provisional	emoji.mailbox	MISSING_MEMBER	owner for stdlib `emoji`	HARNESS_LIMITATION	p1210-superficie-publica.json	vanilla side inherited from P1140.26; requires fresh vanilla enumerator
surface:emoji.map	surface-wide-provisional	emoji.map	MISSING_MEMBER	owner for stdlib `emoji`	HARNESS_LIMITATION	p1210-superficie-publica.json	vanilla side inherited from P1140.26; requires fresh vanilla enumerator
surface:emoji.masks	surface-wide-provisional	emoji.masks	MISSING_MEMBER	owner for stdlib `emoji`	HARNESS_LIMITATION	p1210-superficie-publica.json	vanilla side inherited from P1140.26; requires fresh vanilla enumerator
surface:emoji.medal	surface-wide-provisional	emoji.medal	MISSING_MEMBER	owner for stdlib `emoji`	HARNESS_LIMITATION	p1210-superficie-publica.json	vanilla side inherited from P1140.26; requires fresh vanilla enumerator
surface:emoji.metro	surface-wide-provisional	emoji.metro	MISSING_MEMBER	owner for stdlib `emoji`	HARNESS_LIMITATION	p1210-superficie-publica.json	vanilla side inherited from P1140.26; requires fresh vanilla enumerator
surface:emoji.mixer	surface-wide-provisional	emoji.mixer	MISSING_MEMBER	owner for stdlib `emoji`	HARNESS_LIMITATION	p1210-superficie-publica.json	vanilla side inherited from P1140.26; requires fresh vanilla enumerator
surface:emoji.money	surface-wide-provisional	emoji.money	MISSING_MEMBER	owner for stdlib `emoji`	HARNESS_LIMITATION	p1210-superficie-publica.json	vanilla side inherited from P1140.26; requires fresh vanilla enumerator
surface:emoji.moon	surface-wide-provisional	emoji.moon	MISSING_MEMBER	owner for stdlib `emoji`	HARNESS_LIMITATION	p1210-superficie-publica.json	vanilla side inherited from P1140.26; requires fresh vanilla enumerator
surface:emoji.mortarboard	surface-wide-provisional	emoji.mortarboard	MISSING_MEMBER	owner for stdlib `emoji`	HARNESS_LIMITATION	p1210-superficie-publica.json	vanilla side inherited from P1140.26; requires fresh vanilla enumerator
surface:emoji.motorcycle	surface-wide-provisional	emoji.motorcycle	MISSING_MEMBER	owner for stdlib `emoji`	HARNESS_LIMITATION	p1210-superficie-publica.json	vanilla side inherited from P1140.26; requires fresh vanilla enumerator
surface:emoji.motorway	surface-wide-provisional	emoji.motorway	MISSING_MEMBER	owner for stdlib `emoji`	HARNESS_LIMITATION	p1210-superficie-publica.json	vanilla side inherited from P1140.26; requires fresh vanilla enumerator
surface:emoji.mountain	surface-wide-provisional	emoji.mountain	MISSING_MEMBER	owner for stdlib `emoji`	HARNESS_LIMITATION	p1210-superficie-publica.json	vanilla side inherited from P1140.26; requires fresh vanilla enumerator
surface:emoji.muryo	surface-wide-provisional	emoji.muryo	MISSING_MEMBER	owner for stdlib `emoji`	HARNESS_LIMITATION	p1210-superficie-publica.json	vanilla side inherited from P1140.26; requires fresh vanilla enumerator
surface:emoji.museum	surface-wide-provisional	emoji.museum	MISSING_MEMBER	owner for stdlib `emoji`	HARNESS_LIMITATION	p1210-superficie-publica.json	vanilla side inherited from P1140.26; requires fresh vanilla enumerator
surface:emoji.nails	surface-wide-provisional	emoji.nails	MISSING_MEMBER	owner for stdlib `emoji`	HARNESS_LIMITATION	p1210-superficie-publica.json	vanilla side inherited from P1140.26; requires fresh vanilla enumerator
surface:emoji.nest	surface-wide-provisional	emoji.nest	MISSING_MEMBER	owner for stdlib `emoji`	HARNESS_LIMITATION	p1210-superficie-publica.json	vanilla side inherited from P1140.26; requires fresh vanilla enumerator
surface:emoji.noentry	surface-wide-provisional	emoji.noentry	MISSING_MEMBER	owner for stdlib `emoji`	HARNESS_LIMITATION	p1210-superficie-publica.json	vanilla side inherited from P1140.26; requires fresh vanilla enumerator
surface:emoji.notepad	surface-wide-provisional	emoji.notepad	MISSING_MEMBER	owner for stdlib `emoji`	HARNESS_LIMITATION	p1210-superficie-publica.json	vanilla side inherited from P1140.26; requires fresh vanilla enumerator
surface:emoji.o	surface-wide-provisional	emoji.o	MISSING_MEMBER	owner for stdlib `emoji`	HARNESS_LIMITATION	p1210-superficie-publica.json	vanilla side inherited from P1140.26; requires fresh vanilla enumerator
surface:emoji.oil	surface-wide-provisional	emoji.oil	MISSING_MEMBER	owner for stdlib `emoji`	HARNESS_LIMITATION	p1210-superficie-publica.json	vanilla side inherited from P1140.26; requires fresh vanilla enumerator
surface:emoji.orca	surface-wide-provisional	emoji.orca	MISSING_MEMBER	owner for stdlib `emoji`	HARNESS_LIMITATION	p1210-superficie-publica.json	vanilla side inherited from P1140.26; requires fresh vanilla enumerator
surface:emoji.package	surface-wide-provisional	emoji.package	MISSING_MEMBER	owner for stdlib `emoji`	HARNESS_LIMITATION	p1210-superficie-publica.json	vanilla side inherited from P1140.26; requires fresh vanilla enumerator
surface:emoji.pager	surface-wide-provisional	emoji.pager	MISSING_MEMBER	owner for stdlib `emoji`	HARNESS_LIMITATION	p1210-superficie-publica.json	vanilla side inherited from P1140.26; requires fresh vanilla enumerator
surface:emoji.pages	surface-wide-provisional	emoji.pages	MISSING_MEMBER	owner for stdlib `emoji`	HARNESS_LIMITATION	p1210-superficie-publica.json	vanilla side inherited from P1140.26; requires fresh vanilla enumerator
surface:emoji.painting	surface-wide-provisional	emoji.painting	MISSING_MEMBER	owner for stdlib `emoji`	HARNESS_LIMITATION	p1210-superficie-publica.json	vanilla side inherited from P1140.26; requires fresh vanilla enumerator
surface:emoji.park	surface-wide-provisional	emoji.park	MISSING_MEMBER	owner for stdlib `emoji`	HARNESS_LIMITATION	p1210-superficie-publica.json	vanilla side inherited from P1140.26; requires fresh vanilla enumerator
surface:emoji.parking	surface-wide-provisional	emoji.parking	MISSING_MEMBER	owner for stdlib `emoji`	HARNESS_LIMITATION	p1210-superficie-publica.json	vanilla side inherited from P1140.26; requires fresh vanilla enumerator
surface:emoji.partalteration	surface-wide-provisional	emoji.partalteration	MISSING_MEMBER	owner for stdlib `emoji`	HARNESS_LIMITATION	p1210-superficie-publica.json	vanilla side inherited from P1140.26; requires fresh vanilla enumerator
surface:emoji.pen	surface-wide-provisional	emoji.pen	MISSING_MEMBER	owner for stdlib `emoji`	HARNESS_LIMITATION	p1210-superficie-publica.json	vanilla side inherited from P1140.26; requires fresh vanilla enumerator
surface:emoji.pencil	surface-wide-provisional	emoji.pencil	MISSING_MEMBER	owner for stdlib `emoji`	HARNESS_LIMITATION	p1210-superficie-publica.json	vanilla side inherited from P1140.26; requires fresh vanilla enumerator
surface:emoji.pick	surface-wide-provisional	emoji.pick	MISSING_MEMBER	owner for stdlib `emoji`	HARNESS_LIMITATION	p1210-superficie-publica.json	vanilla side inherited from P1140.26; requires fresh vanilla enumerator
surface:emoji.plate	surface-wide-provisional	emoji.plate	MISSING_MEMBER	owner for stdlib `emoji`	HARNESS_LIMITATION	p1210-superficie-publica.json	vanilla side inherited from P1140.26; requires fresh vanilla enumerator
surface:emoji.playback	surface-wide-provisional	emoji.playback	MISSING_MEMBER	owner for stdlib `emoji`	HARNESS_LIMITATION	p1210-superficie-publica.json	vanilla side inherited from P1140.26; requires fresh vanilla enumerator
surface:emoji.playingcard	surface-wide-provisional	emoji.playingcard	MISSING_MEMBER	owner for stdlib `emoji`	HARNESS_LIMITATION	p1210-superficie-publica.json	vanilla side inherited from P1140.26; requires fresh vanilla enumerator
surface:emoji.post	surface-wide-provisional	emoji.post	MISSING_MEMBER	owner for stdlib `emoji`	HARNESS_LIMITATION	p1210-superficie-publica.json	vanilla side inherited from P1140.26; requires fresh vanilla enumerator
surface:emoji.printer	surface-wide-provisional	emoji.printer	MISSING_MEMBER	owner for stdlib `emoji`	HARNESS_LIMITATION	p1210-superficie-publica.json	vanilla side inherited from P1140.26; requires fresh vanilla enumerator
surface:emoji.prints	surface-wide-provisional	emoji.prints	MISSING_MEMBER	owner for stdlib `emoji`	HARNESS_LIMITATION	p1210-superficie-publica.json	vanilla side inherited from P1140.26; requires fresh vanilla enumerator
surface:emoji.projector	surface-wide-provisional	emoji.projector	MISSING_MEMBER	owner for stdlib `emoji`	HARNESS_LIMITATION	p1210-superficie-publica.json	vanilla side inherited from P1140.26; requires fresh vanilla enumerator
surface:emoji.pumpkin	surface-wide-provisional	emoji.pumpkin	MISSING_MEMBER	owner for stdlib `emoji`	HARNESS_LIMITATION	p1210-superficie-publica.json	vanilla side inherited from P1140.26; requires fresh vanilla enumerator
surface:emoji.quest	surface-wide-provisional	emoji.quest	MISSING_MEMBER	owner for stdlib `emoji`	HARNESS_LIMITATION	p1210-superficie-publica.json	vanilla side inherited from P1140.26; requires fresh vanilla enumerator
surface:emoji.radio	surface-wide-provisional	emoji.radio	MISSING_MEMBER	owner for stdlib `emoji`	HARNESS_LIMITATION	p1210-superficie-publica.json	vanilla side inherited from P1140.26; requires fresh vanilla enumerator
surface:emoji.radioactive	surface-wide-provisional	emoji.radioactive	MISSING_MEMBER	owner for stdlib `emoji`	HARNESS_LIMITATION	p1210-superficie-publica.json	vanilla side inherited from P1140.26; requires fresh vanilla enumerator
surface:emoji.railway	surface-wide-provisional	emoji.railway	MISSING_MEMBER	owner for stdlib `emoji`	HARNESS_LIMITATION	p1210-superficie-publica.json	vanilla side inherited from P1140.26; requires fresh vanilla enumerator
surface:emoji.recycling	surface-wide-provisional	emoji.recycling	MISSING_MEMBER	owner for stdlib `emoji`	HARNESS_LIMITATION	p1210-superficie-publica.json	vanilla side inherited from P1140.26; requires fresh vanilla enumerator
surface:emoji.reg	surface-wide-provisional	emoji.reg	MISSING_MEMBER	owner for stdlib `emoji`	HARNESS_LIMITATION	p1210-superficie-publica.json	vanilla side inherited from P1140.26; requires fresh vanilla enumerator
surface:emoji.rosette	surface-wide-provisional	emoji.rosette	MISSING_MEMBER	owner for stdlib `emoji`	HARNESS_LIMITATION	p1210-superficie-publica.json	vanilla side inherited from P1140.26; requires fresh vanilla enumerator
surface:emoji.sa	surface-wide-provisional	emoji.sa	MISSING_MEMBER	owner for stdlib `emoji`	HARNESS_LIMITATION	p1210-superficie-publica.json	vanilla side inherited from P1140.26; requires fresh vanilla enumerator
surface:emoji.santa	surface-wide-provisional	emoji.santa	MISSING_MEMBER	owner for stdlib `emoji`	HARNESS_LIMITATION	p1210-superficie-publica.json	vanilla side inherited from P1140.26; requires fresh vanilla enumerator
surface:emoji.satellite	surface-wide-provisional	emoji.satellite	MISSING_MEMBER	owner for stdlib `emoji`	HARNESS_LIMITATION	p1210-superficie-publica.json	vanilla side inherited from P1140.26; requires fresh vanilla enumerator
surface:emoji.scales	surface-wide-provisional	emoji.scales	MISSING_MEMBER	owner for stdlib `emoji`	HARNESS_LIMITATION	p1210-superficie-publica.json	vanilla side inherited from P1140.26; requires fresh vanilla enumerator
surface:emoji.scissors	surface-wide-provisional	emoji.scissors	MISSING_MEMBER	owner for stdlib `emoji`	HARNESS_LIMITATION	p1210-superficie-publica.json	vanilla side inherited from P1140.26; requires fresh vanilla enumerator
surface:emoji.shell	surface-wide-provisional	emoji.shell	MISSING_MEMBER	owner for stdlib `emoji`	HARNESS_LIMITATION	p1210-superficie-publica.json	vanilla side inherited from P1140.26; requires fresh vanilla enumerator
surface:emoji.shield	surface-wide-provisional	emoji.shield	MISSING_MEMBER	owner for stdlib `emoji`	HARNESS_LIMITATION	p1210-superficie-publica.json	vanilla side inherited from P1140.26; requires fresh vanilla enumerator
surface:emoji.shirt	surface-wide-provisional	emoji.shirt	MISSING_MEMBER	owner for stdlib `emoji`	HARNESS_LIMITATION	p1210-superficie-publica.json	vanilla side inherited from P1140.26; requires fresh vanilla enumerator
surface:emoji.shopping	surface-wide-provisional	emoji.shopping	MISSING_MEMBER	owner for stdlib `emoji`	HARNESS_LIMITATION	p1210-superficie-publica.json	vanilla side inherited from P1140.26; requires fresh vanilla enumerator
surface:emoji.shrine	surface-wide-provisional	emoji.shrine	MISSING_MEMBER	owner for stdlib `emoji`	HARNESS_LIMITATION	p1210-superficie-publica.json	vanilla side inherited from P1140.26; requires fresh vanilla enumerator
surface:emoji.shuku	surface-wide-provisional	emoji.shuku	MISSING_MEMBER	owner for stdlib `emoji`	HARNESS_LIMITATION	p1210-superficie-publica.json	vanilla side inherited from P1140.26; requires fresh vanilla enumerator
surface:emoji.sign	surface-wide-provisional	emoji.sign	MISSING_MEMBER	owner for stdlib `emoji`	HARNESS_LIMITATION	p1210-superficie-publica.json	vanilla side inherited from P1140.26; requires fresh vanilla enumerator
surface:emoji.skewer	surface-wide-provisional	emoji.skewer	MISSING_MEMBER	owner for stdlib `emoji`	HARNESS_LIMITATION	p1210-superficie-publica.json	vanilla side inherited from P1140.26; requires fresh vanilla enumerator
surface:emoji.skiing	surface-wide-provisional	emoji.skiing	MISSING_MEMBER	owner for stdlib `emoji`	HARNESS_LIMITATION	p1210-superficie-publica.json	vanilla side inherited from P1140.26; requires fresh vanilla enumerator
surface:emoji.slider	surface-wide-provisional	emoji.slider	MISSING_MEMBER	owner for stdlib `emoji`	HARNESS_LIMITATION	p1210-superficie-publica.json	vanilla side inherited from P1140.26; requires fresh vanilla enumerator
surface:emoji.snowboarding	surface-wide-provisional	emoji.snowboarding	MISSING_MEMBER	owner for stdlib `emoji`	HARNESS_LIMITATION	p1210-superficie-publica.json	vanilla side inherited from P1140.26; requires fresh vanilla enumerator
surface:emoji.snowflake	surface-wide-provisional	emoji.snowflake	MISSING_MEMBER	owner for stdlib `emoji`	HARNESS_LIMITATION	p1210-superficie-publica.json	vanilla side inherited from P1140.26; requires fresh vanilla enumerator
surface:emoji.snowman	surface-wide-provisional	emoji.snowman	MISSING_MEMBER	owner for stdlib `emoji`	HARNESS_LIMITATION	p1210-superficie-publica.json	vanilla side inherited from P1140.26; requires fresh vanilla enumerator
surface:emoji.sparkle	surface-wide-provisional	emoji.sparkle	MISSING_MEMBER	owner for stdlib `emoji`	HARNESS_LIMITATION	p1210-superficie-publica.json	vanilla side inherited from P1140.26; requires fresh vanilla enumerator
surface:emoji.sparkles	surface-wide-provisional	emoji.sparkles	MISSING_MEMBER	owner for stdlib `emoji`	HARNESS_LIMITATION	p1210-superficie-publica.json	vanilla side inherited from P1140.26; requires fresh vanilla enumerator
surface:emoji.speaker	surface-wide-provisional	emoji.speaker	MISSING_MEMBER	owner for stdlib `emoji`	HARNESS_LIMITATION	p1210-superficie-publica.json	vanilla side inherited from P1140.26; requires fresh vanilla enumerator
surface:emoji.spider	surface-wide-provisional	emoji.spider	MISSING_MEMBER	owner for stdlib `emoji`	HARNESS_LIMITATION	p1210-superficie-publica.json	vanilla side inherited from P1140.26; requires fresh vanilla enumerator
surface:emoji.spiderweb	surface-wide-provisional	emoji.spiderweb	MISSING_MEMBER	owner for stdlib `emoji`	HARNESS_LIMITATION	p1210-superficie-publica.json	vanilla side inherited from P1140.26; requires fresh vanilla enumerator
surface:emoji.square	surface-wide-provisional	emoji.square	MISSING_MEMBER	owner for stdlib `emoji`	HARNESS_LIMITATION	p1210-superficie-publica.json	vanilla side inherited from P1140.26; requires fresh vanilla enumerator
surface:emoji.stadium	surface-wide-provisional	emoji.stadium	MISSING_MEMBER	owner for stdlib `emoji`	HARNESS_LIMITATION	p1210-superficie-publica.json	vanilla side inherited from P1140.26; requires fresh vanilla enumerator
surface:emoji.star	surface-wide-provisional	emoji.star	MISSING_MEMBER	owner for stdlib `emoji`	HARNESS_LIMITATION	p1210-superficie-publica.json	vanilla side inherited from P1140.26; requires fresh vanilla enumerator
surface:emoji.store	surface-wide-provisional	emoji.store	MISSING_MEMBER	owner for stdlib `emoji`	HARNESS_LIMITATION	p1210-superficie-publica.json	vanilla side inherited from P1140.26; requires fresh vanilla enumerator
surface:emoji.suit	surface-wide-provisional	emoji.suit	MISSING_MEMBER	owner for stdlib `emoji`	HARNESS_LIMITATION	p1210-superficie-publica.json	vanilla side inherited from P1140.26; requires fresh vanilla enumerator
surface:emoji.sun	surface-wide-provisional	emoji.sun	MISSING_MEMBER	owner for stdlib `emoji`	HARNESS_LIMITATION	p1210-superficie-publica.json	vanilla side inherited from P1140.26; requires fresh vanilla enumerator
surface:emoji.surfing	surface-wide-provisional	emoji.surfing	MISSING_MEMBER	owner for stdlib `emoji`	HARNESS_LIMITATION	p1210-superficie-publica.json	vanilla side inherited from P1140.26; requires fresh vanilla enumerator
surface:emoji.swimming	surface-wide-provisional	emoji.swimming	MISSING_MEMBER	owner for stdlib `emoji`	HARNESS_LIMITATION	p1210-superficie-publica.json	vanilla side inherited from P1140.26; requires fresh vanilla enumerator
surface:emoji.swords	surface-wide-provisional	emoji.swords	MISSING_MEMBER	owner for stdlib `emoji`	HARNESS_LIMITATION	p1210-superficie-publica.json	vanilla side inherited from P1140.26; requires fresh vanilla enumerator
surface:emoji.tent	surface-wide-provisional	emoji.tent	MISSING_MEMBER	owner for stdlib `emoji`	HARNESS_LIMITATION	p1210-superficie-publica.json	vanilla side inherited from P1140.26; requires fresh vanilla enumerator
surface:emoji.thermometer	surface-wide-provisional	emoji.thermometer	MISSING_MEMBER	owner for stdlib `emoji`	HARNESS_LIMITATION	p1210-superficie-publica.json	vanilla side inherited from P1140.26; requires fresh vanilla enumerator
surface:emoji.thumb	surface-wide-provisional	emoji.thumb	MISSING_MEMBER	owner for stdlib `emoji`	HARNESS_LIMITATION	p1210-superficie-publica.json	vanilla side inherited from P1140.26; requires fresh vanilla enumerator
surface:emoji.ticket	surface-wide-provisional	emoji.ticket	MISSING_MEMBER	owner for stdlib `emoji`	HARNESS_LIMITATION	p1210-superficie-publica.json	vanilla side inherited from P1140.26; requires fresh vanilla enumerator
surface:emoji.tm	surface-wide-provisional	emoji.tm	MISSING_MEMBER	owner for stdlib `emoji`	HARNESS_LIMITATION	p1210-superficie-publica.json	vanilla side inherited from P1140.26; requires fresh vanilla enumerator
surface:emoji.tornado	surface-wide-provisional	emoji.tornado	MISSING_MEMBER	owner for stdlib `emoji`	HARNESS_LIMITATION	p1210-superficie-publica.json	vanilla side inherited from P1140.26; requires fresh vanilla enumerator
surface:emoji.tower	surface-wide-provisional	emoji.tower	MISSING_MEMBER	owner for stdlib `emoji`	HARNESS_LIMITATION	p1210-superficie-publica.json	vanilla side inherited from P1140.26; requires fresh vanilla enumerator
surface:emoji.trackball	surface-wide-provisional	emoji.trackball	MISSING_MEMBER	owner for stdlib `emoji`	HARNESS_LIMITATION	p1210-superficie-publica.json	vanilla side inherited from P1140.26; requires fresh vanilla enumerator
surface:emoji.trafficlight	surface-wide-provisional	emoji.trafficlight	MISSING_MEMBER	owner for stdlib `emoji`	HARNESS_LIMITATION	p1210-superficie-publica.json	vanilla side inherited from P1140.26; requires fresh vanilla enumerator
surface:emoji.transgender	surface-wide-provisional	emoji.transgender	MISSING_MEMBER	owner for stdlib `emoji`	HARNESS_LIMITATION	p1210-superficie-publica.json	vanilla side inherited from P1140.26; requires fresh vanilla enumerator
surface:emoji.tray	surface-wide-provisional	emoji.tray	MISSING_MEMBER	owner for stdlib `emoji`	HARNESS_LIMITATION	p1210-superficie-publica.json	vanilla side inherited from P1140.26; requires fresh vanilla enumerator
surface:emoji.treasure	surface-wide-provisional	emoji.treasure	MISSING_MEMBER	owner for stdlib `emoji`	HARNESS_LIMITATION	p1210-superficie-publica.json	vanilla side inherited from P1140.26; requires fresh vanilla enumerator
surface:emoji.tree	surface-wide-provisional	emoji.tree	MISSING_MEMBER	owner for stdlib `emoji`	HARNESS_LIMITATION	p1210-superficie-publica.json	vanilla side inherited from P1140.26; requires fresh vanilla enumerator
surface:emoji.triangle	surface-wide-provisional	emoji.triangle	MISSING_MEMBER	owner for stdlib `emoji`	HARNESS_LIMITATION	p1210-superficie-publica.json	vanilla side inherited from P1140.26; requires fresh vanilla enumerator
surface:emoji.trombone	surface-wide-provisional	emoji.trombone	MISSING_MEMBER	owner for stdlib `emoji`	HARNESS_LIMITATION	p1210-superficie-publica.json	vanilla side inherited from P1140.26; requires fresh vanilla enumerator
surface:emoji.trophy	surface-wide-provisional	emoji.trophy	MISSING_MEMBER	owner for stdlib `emoji`	HARNESS_LIMITATION	p1210-superficie-publica.json	vanilla side inherited from P1140.26; requires fresh vanilla enumerator
surface:emoji.tv	surface-wide-provisional	emoji.tv	MISSING_MEMBER	owner for stdlib `emoji`	HARNESS_LIMITATION	p1210-superficie-publica.json	vanilla side inherited from P1140.26; requires fresh vanilla enumerator
surface:emoji.umbrella	surface-wide-provisional	emoji.umbrella	MISSING_MEMBER	owner for stdlib `emoji`	HARNESS_LIMITATION	p1210-superficie-publica.json	vanilla side inherited from P1140.26; requires fresh vanilla enumerator
surface:emoji.urn	surface-wide-provisional	emoji.urn	MISSING_MEMBER	owner for stdlib `emoji`	HARNESS_LIMITATION	p1210-superficie-publica.json	vanilla side inherited from P1140.26; requires fresh vanilla enumerator
surface:emoji.warning	surface-wide-provisional	emoji.warning	MISSING_MEMBER	owner for stdlib `emoji`	HARNESS_LIMITATION	p1210-superficie-publica.json	vanilla side inherited from P1140.26; requires fresh vanilla enumerator
surface:emoji.watch	surface-wide-provisional	emoji.watch	MISSING_MEMBER	owner for stdlib `emoji`	HARNESS_LIMITATION	p1210-superficie-publica.json	vanilla side inherited from P1140.26; requires fresh vanilla enumerator
surface:emoji.weightlifting	surface-wide-provisional	emoji.weightlifting	MISSING_MEMBER	owner for stdlib `emoji`	HARNESS_LIMITATION	p1210-superficie-publica.json	vanilla side inherited from P1140.26; requires fresh vanilla enumerator
surface:emoji.wind	surface-wide-provisional	emoji.wind	MISSING_MEMBER	owner for stdlib `emoji`	HARNESS_LIMITATION	p1210-superficie-publica.json	vanilla side inherited from P1140.26; requires fresh vanilla enumerator
surface:emoji.yubi	surface-wide-provisional	emoji.yubi	MISSING_MEMBER	owner for stdlib `emoji`	HARNESS_LIMITATION	p1210-superficie-publica.json	vanilla side inherited from P1140.26; requires fresh vanilla enumerator
surface:emoji.zodiac	surface-wide-provisional	emoji.zodiac	MISSING_MEMBER	owner for stdlib `emoji`	HARNESS_LIMITATION	p1210-superficie-publica.json	vanilla side inherited from P1140.26; requires fresh vanilla enumerator
surface:emph	surface-wide-provisional	emph	UNVERIFIED_METADATA	owner for stdlib `emph`	HARNESS_LIMITATION	p1210-superficie-publica.json	vanilla side inherited from P1140.26; requires fresh vanilla enumerator
surface:enum	surface-wide-provisional	enum	UNVERIFIED_METADATA	owner for stdlib `enum`	HARNESS_LIMITATION	p1210-superficie-publica.json	vanilla side inherited from P1140.26; requires fresh vanilla enumerator
surface:enum.item	surface-wide-provisional	enum.item	MISSING_MEMBER	owner for stdlib `enum`	HARNESS_LIMITATION	p1210-superficie-publica.json	vanilla side inherited from P1140.26; requires fresh vanilla enumerator
surface:eval	surface-wide-provisional	eval	UNVERIFIED_METADATA	owner for stdlib `eval`	HARNESS_LIMITATION	p1210-superficie-publica.json	vanilla side inherited from P1140.26; requires fresh vanilla enumerator
surface:figure	surface-wide-provisional	figure	UNVERIFIED_METADATA	owner for stdlib `figure`	HARNESS_LIMITATION	p1210-superficie-publica.json	vanilla side inherited from P1140.26; requires fresh vanilla enumerator
surface:figure.caption	surface-wide-provisional	figure.caption	MISSING_MEMBER	owner for stdlib `figure`	HARNESS_LIMITATION	p1210-superficie-publica.json	vanilla side inherited from P1140.26; requires fresh vanilla enumerator
surface:float.from-bytes	surface-wide-provisional	float.from-bytes	MISSING_MEMBER	owner for stdlib `float`	HARNESS_LIMITATION	p1210-superficie-publica.json	vanilla side inherited from P1140.26; requires fresh vanilla enumerator
surface:float.inf	surface-wide-provisional	float.inf	MISSING_MEMBER	owner for stdlib `float`	HARNESS_LIMITATION	p1210-superficie-publica.json	vanilla side inherited from P1140.26; requires fresh vanilla enumerator
surface:float.is-infinite	surface-wide-provisional	float.is-infinite	MISSING_MEMBER	owner for stdlib `float`	HARNESS_LIMITATION	p1210-superficie-publica.json	vanilla side inherited from P1140.26; requires fresh vanilla enumerator
surface:float.is-nan	surface-wide-provisional	float.is-nan	MISSING_MEMBER	owner for stdlib `float`	HARNESS_LIMITATION	p1210-superficie-publica.json	vanilla side inherited from P1140.26; requires fresh vanilla enumerator
surface:float.nan	surface-wide-provisional	float.nan	MISSING_MEMBER	owner for stdlib `float`	HARNESS_LIMITATION	p1210-superficie-publica.json	vanilla side inherited from P1140.26; requires fresh vanilla enumerator
surface:float.signum	surface-wide-provisional	float.signum	MISSING_MEMBER	owner for stdlib `float`	HARNESS_LIMITATION	p1210-superficie-publica.json	vanilla side inherited from P1140.26; requires fresh vanilla enumerator
surface:float.to-bytes	surface-wide-provisional	float.to-bytes	MISSING_MEMBER	owner for stdlib `float`	HARNESS_LIMITATION	p1210-superficie-publica.json	vanilla side inherited from P1140.26; requires fresh vanilla enumerator
surface:footnote	surface-wide-provisional	footnote	UNVERIFIED_METADATA	owner for stdlib `footnote`	HARNESS_LIMITATION	p1210-superficie-publica.json	vanilla side inherited from P1140.26; requires fresh vanilla enumerator
surface:footnote.entry	surface-wide-provisional	footnote.entry	MISSING_MEMBER	owner for stdlib `footnote`	HARNESS_LIMITATION	p1210-superficie-publica.json	vanilla side inherited from P1140.26; requires fresh vanilla enumerator
surface:frak	surface-wide-provisional	frak	EXTRA_BINDING	owner for stdlib `frak`	HARNESS_LIMITATION	p1210-superficie-publica.json	vanilla side inherited from P1140.26; requires fresh vanilla enumerator
surface:function.where	surface-wide-provisional	function.where	MISSING_MEMBER	owner for stdlib `function`	HARNESS_LIMITATION	p1210-superficie-publica.json	vanilla side inherited from P1140.26; requires fresh vanilla enumerator
surface:function.with	surface-wide-provisional	function.with	MISSING_MEMBER	owner for stdlib `function`	HARNESS_LIMITATION	p1210-superficie-publica.json	vanilla side inherited from P1140.26; requires fresh vanilla enumerator
surface:gradient.angle	surface-wide-provisional	gradient.angle	UNVERIFIED_METADATA	owner for stdlib `gradient`	HARNESS_LIMITATION	p1210-superficie-publica.json	vanilla side inherited from P1140.26; requires fresh vanilla enumerator
surface:gradient.center	surface-wide-provisional	gradient.center	UNVERIFIED_METADATA	owner for stdlib `gradient`	HARNESS_LIMITATION	p1210-superficie-publica.json	vanilla side inherited from P1140.26; requires fresh vanilla enumerator
surface:gradient.conic	surface-wide-provisional	gradient.conic	UNVERIFIED_METADATA	owner for stdlib `gradient`	HARNESS_LIMITATION	p1210-superficie-publica.json	vanilla side inherited from P1140.26; requires fresh vanilla enumerator
surface:gradient.focal-center	surface-wide-provisional	gradient.focal-center	UNVERIFIED_METADATA	owner for stdlib `gradient`	HARNESS_LIMITATION	p1210-superficie-publica.json	vanilla side inherited from P1140.26; requires fresh vanilla enumerator
surface:gradient.focal-radius	surface-wide-provisional	gradient.focal-radius	UNVERIFIED_METADATA	owner for stdlib `gradient`	HARNESS_LIMITATION	p1210-superficie-publica.json	vanilla side inherited from P1140.26; requires fresh vanilla enumerator
surface:gradient.kind	surface-wide-provisional	gradient.kind	UNVERIFIED_METADATA	owner for stdlib `gradient`	HARNESS_LIMITATION	p1210-superficie-publica.json	vanilla side inherited from P1140.26; requires fresh vanilla enumerator
surface:gradient.linear	surface-wide-provisional	gradient.linear	UNVERIFIED_METADATA	owner for stdlib `gradient`	HARNESS_LIMITATION	p1210-superficie-publica.json	vanilla side inherited from P1140.26; requires fresh vanilla enumerator
surface:gradient.radial	surface-wide-provisional	gradient.radial	UNVERIFIED_METADATA	owner for stdlib `gradient`	HARNESS_LIMITATION	p1210-superficie-publica.json	vanilla side inherited from P1140.26; requires fresh vanilla enumerator
surface:gradient.radius	surface-wide-provisional	gradient.radius	UNVERIFIED_METADATA	owner for stdlib `gradient`	HARNESS_LIMITATION	p1210-superficie-publica.json	vanilla side inherited from P1140.26; requires fresh vanilla enumerator
surface:gradient.relative	surface-wide-provisional	gradient.relative	UNVERIFIED_METADATA	owner for stdlib `gradient`	HARNESS_LIMITATION	p1210-superficie-publica.json	vanilla side inherited from P1140.26; requires fresh vanilla enumerator
surface:gradient.repeat	surface-wide-provisional	gradient.repeat	UNVERIFIED_METADATA	owner for stdlib `gradient`	HARNESS_LIMITATION	p1210-superficie-publica.json	vanilla side inherited from P1140.26; requires fresh vanilla enumerator
surface:gradient.sample	surface-wide-provisional	gradient.sample	UNVERIFIED_METADATA	owner for stdlib `gradient`	HARNESS_LIMITATION	p1210-superficie-publica.json	vanilla side inherited from P1140.26; requires fresh vanilla enumerator
surface:gradient.samples	surface-wide-provisional	gradient.samples	UNVERIFIED_METADATA	owner for stdlib `gradient`	HARNESS_LIMITATION	p1210-superficie-publica.json	vanilla side inherited from P1140.26; requires fresh vanilla enumerator
surface:gradient.sharp	surface-wide-provisional	gradient.sharp	UNVERIFIED_METADATA	owner for stdlib `gradient`	HARNESS_LIMITATION	p1210-superficie-publica.json	vanilla side inherited from P1140.26; requires fresh vanilla enumerator
surface:gradient.space	surface-wide-provisional	gradient.space	UNVERIFIED_METADATA	owner for stdlib `gradient`	HARNESS_LIMITATION	p1210-superficie-publica.json	vanilla side inherited from P1140.26; requires fresh vanilla enumerator
surface:gradient.stops	surface-wide-provisional	gradient.stops	UNVERIFIED_METADATA	owner for stdlib `gradient`	HARNESS_LIMITATION	p1210-superficie-publica.json	vanilla side inherited from P1140.26; requires fresh vanilla enumerator
surface:grid	surface-wide-provisional	grid	UNVERIFIED_METADATA	owner for stdlib `grid`	HARNESS_LIMITATION	p1210-superficie-publica.json	vanilla side inherited from P1140.26; requires fresh vanilla enumerator
surface:grid.cell	surface-wide-provisional	grid.cell	UNVERIFIED_METADATA	owner for stdlib `grid`	HARNESS_LIMITATION	p1210-superficie-publica.json	vanilla side inherited from P1140.26; requires fresh vanilla enumerator
surface:grid.footer	surface-wide-provisional	grid.footer	UNVERIFIED_METADATA	owner for stdlib `grid`	HARNESS_LIMITATION	p1210-superficie-publica.json	vanilla side inherited from P1140.26; requires fresh vanilla enumerator
surface:grid.header	surface-wide-provisional	grid.header	UNVERIFIED_METADATA	owner for stdlib `grid`	HARNESS_LIMITATION	p1210-superficie-publica.json	vanilla side inherited from P1140.26; requires fresh vanilla enumerator
surface:grid.hline	surface-wide-provisional	grid.hline	UNVERIFIED_METADATA	owner for stdlib `grid`	HARNESS_LIMITATION	p1210-superficie-publica.json	vanilla side inherited from P1140.26; requires fresh vanilla enumerator
surface:grid.vline	surface-wide-provisional	grid.vline	UNVERIFIED_METADATA	owner for stdlib `grid`	HARNESS_LIMITATION	p1210-superficie-publica.json	vanilla side inherited from P1140.26; requires fresh vanilla enumerator
surface:grid_cell	surface-wide-provisional	grid_cell	EXTRA_BINDING	owner for stdlib `grid_cell`	HARNESS_LIMITATION	p1210-superficie-publica.json	vanilla side inherited from P1140.26; requires fresh vanilla enumerator
surface:grid_footer	surface-wide-provisional	grid_footer	EXTRA_BINDING	owner for stdlib `grid_footer`	HARNESS_LIMITATION	p1210-superficie-publica.json	vanilla side inherited from P1140.26; requires fresh vanilla enumerator
surface:grid_header	surface-wide-provisional	grid_header	EXTRA_BINDING	owner for stdlib `grid_header`	HARNESS_LIMITATION	p1210-superficie-publica.json	vanilla side inherited from P1140.26; requires fresh vanilla enumerator
surface:h	surface-wide-provisional	h	UNVERIFIED_METADATA	owner for stdlib `h`	HARNESS_LIMITATION	p1210-superficie-publica.json	vanilla side inherited from P1140.26; requires fresh vanilla enumerator
surface:heading	surface-wide-provisional	heading	UNVERIFIED_METADATA	owner for stdlib `heading`	HARNESS_LIMITATION	p1210-superficie-publica.json	vanilla side inherited from P1140.26; requires fresh vanilla enumerator
surface:here	surface-wide-provisional	here	UNVERIFIED_METADATA	owner for stdlib `here`	HARNESS_LIMITATION	p1210-superficie-publica.json	vanilla side inherited from P1140.26; requires fresh vanilla enumerator
surface:hide	surface-wide-provisional	hide	UNVERIFIED_METADATA	owner for stdlib `hide`	HARNESS_LIMITATION	p1210-superficie-publica.json	vanilla side inherited from P1140.26; requires fresh vanilla enumerator
surface:highlight	surface-wide-provisional	highlight	UNVERIFIED_METADATA	owner for stdlib `highlight`	HARNESS_LIMITATION	p1210-superficie-publica.json	vanilla side inherited from P1140.26; requires fresh vanilla enumerator
surface:hsl	surface-wide-provisional	hsl	EXTRA_BINDING	owner for stdlib `hsl`	HARNESS_LIMITATION	p1210-superficie-publica.json	vanilla side inherited from P1140.26; requires fresh vanilla enumerator
surface:hsv	surface-wide-provisional	hsv	EXTRA_BINDING	owner for stdlib `hsv`	HARNESS_LIMITATION	p1210-superficie-publica.json	vanilla side inherited from P1140.26; requires fresh vanilla enumerator
surface:html.a	surface-wide-provisional	html.a	UNVERIFIED_METADATA	owner for stdlib `html`	HARNESS_LIMITATION	p1210-superficie-publica.json	vanilla side inherited from P1140.26; requires fresh vanilla enumerator
surface:html.abbr	surface-wide-provisional	html.abbr	UNVERIFIED_METADATA	owner for stdlib `html`	HARNESS_LIMITATION	p1210-superficie-publica.json	vanilla side inherited from P1140.26; requires fresh vanilla enumerator
surface:html.address	surface-wide-provisional	html.address	UNVERIFIED_METADATA	owner for stdlib `html`	HARNESS_LIMITATION	p1210-superficie-publica.json	vanilla side inherited from P1140.26; requires fresh vanilla enumerator
surface:html.area	surface-wide-provisional	html.area	MISSING_MEMBER	owner for stdlib `html`	HARNESS_LIMITATION	p1210-superficie-publica.json	vanilla side inherited from P1140.26; requires fresh vanilla enumerator
surface:html.article	surface-wide-provisional	html.article	UNVERIFIED_METADATA	owner for stdlib `html`	HARNESS_LIMITATION	p1210-superficie-publica.json	vanilla side inherited from P1140.26; requires fresh vanilla enumerator
surface:html.aside	surface-wide-provisional	html.aside	UNVERIFIED_METADATA	owner for stdlib `html`	HARNESS_LIMITATION	p1210-superficie-publica.json	vanilla side inherited from P1140.26; requires fresh vanilla enumerator
surface:html.audio	surface-wide-provisional	html.audio	MISSING_MEMBER	owner for stdlib `html`	HARNESS_LIMITATION	p1210-superficie-publica.json	vanilla side inherited from P1140.26; requires fresh vanilla enumerator
surface:html.b	surface-wide-provisional	html.b	UNVERIFIED_METADATA	owner for stdlib `html`	HARNESS_LIMITATION	p1210-superficie-publica.json	vanilla side inherited from P1140.26; requires fresh vanilla enumerator
surface:html.base	surface-wide-provisional	html.base	MISSING_MEMBER	owner for stdlib `html`	HARNESS_LIMITATION	p1210-superficie-publica.json	vanilla side inherited from P1140.26; requires fresh vanilla enumerator
surface:html.bdi	surface-wide-provisional	html.bdi	UNVERIFIED_METADATA	owner for stdlib `html`	HARNESS_LIMITATION	p1210-superficie-publica.json	vanilla side inherited from P1140.26; requires fresh vanilla enumerator
surface:html.bdo	surface-wide-provisional	html.bdo	UNVERIFIED_METADATA	owner for stdlib `html`	HARNESS_LIMITATION	p1210-superficie-publica.json	vanilla side inherited from P1140.26; requires fresh vanilla enumerator
surface:html.blockquote	surface-wide-provisional	html.blockquote	MISSING_MEMBER	owner for stdlib `html`	HARNESS_LIMITATION	p1210-superficie-publica.json	vanilla side inherited from P1140.26; requires fresh vanilla enumerator
surface:html.body	surface-wide-provisional	html.body	UNVERIFIED_METADATA	owner for stdlib `html`	HARNESS_LIMITATION	p1210-superficie-publica.json	vanilla side inherited from P1140.26; requires fresh vanilla enumerator
surface:html.br	surface-wide-provisional	html.br	UNVERIFIED_METADATA	owner for stdlib `html`	HARNESS_LIMITATION	p1210-superficie-publica.json	vanilla side inherited from P1140.26; requires fresh vanilla enumerator
surface:html.button	surface-wide-provisional	html.button	MISSING_MEMBER	owner for stdlib `html`	HARNESS_LIMITATION	p1210-superficie-publica.json	vanilla side inherited from P1140.26; requires fresh vanilla enumerator
surface:html.canvas	surface-wide-provisional	html.canvas	MISSING_MEMBER	owner for stdlib `html`	HARNESS_LIMITATION	p1210-superficie-publica.json	vanilla side inherited from P1140.26; requires fresh vanilla enumerator
surface:html.caption	surface-wide-provisional	html.caption	MISSING_MEMBER	owner for stdlib `html`	HARNESS_LIMITATION	p1210-superficie-publica.json	vanilla side inherited from P1140.26; requires fresh vanilla enumerator
surface:html.cite	surface-wide-provisional	html.cite	UNVERIFIED_METADATA	owner for stdlib `html`	HARNESS_LIMITATION	p1210-superficie-publica.json	vanilla side inherited from P1140.26; requires fresh vanilla enumerator
surface:html.code	surface-wide-provisional	html.code	UNVERIFIED_METADATA	owner for stdlib `html`	HARNESS_LIMITATION	p1210-superficie-publica.json	vanilla side inherited from P1140.26; requires fresh vanilla enumerator
surface:html.col	surface-wide-provisional	html.col	MISSING_MEMBER	owner for stdlib `html`	HARNESS_LIMITATION	p1210-superficie-publica.json	vanilla side inherited from P1140.26; requires fresh vanilla enumerator
surface:html.colgroup	surface-wide-provisional	html.colgroup	MISSING_MEMBER	owner for stdlib `html`	HARNESS_LIMITATION	p1210-superficie-publica.json	vanilla side inherited from P1140.26; requires fresh vanilla enumerator
surface:html.data	surface-wide-provisional	html.data	MISSING_MEMBER	owner for stdlib `html`	HARNESS_LIMITATION	p1210-superficie-publica.json	vanilla side inherited from P1140.26; requires fresh vanilla enumerator
surface:html.datalist	surface-wide-provisional	html.datalist	UNVERIFIED_METADATA	owner for stdlib `html`	HARNESS_LIMITATION	p1210-superficie-publica.json	vanilla side inherited from P1140.26; requires fresh vanilla enumerator
surface:html.dd	surface-wide-provisional	html.dd	UNVERIFIED_METADATA	owner for stdlib `html`	HARNESS_LIMITATION	p1210-superficie-publica.json	vanilla side inherited from P1140.26; requires fresh vanilla enumerator
surface:html.del	surface-wide-provisional	html.del	MISSING_MEMBER	owner for stdlib `html`	HARNESS_LIMITATION	p1210-superficie-publica.json	vanilla side inherited from P1140.26; requires fresh vanilla enumerator
surface:html.details	surface-wide-provisional	html.details	MISSING_MEMBER	owner for stdlib `html`	HARNESS_LIMITATION	p1210-superficie-publica.json	vanilla side inherited from P1140.26; requires fresh vanilla enumerator
surface:html.dfn	surface-wide-provisional	html.dfn	UNVERIFIED_METADATA	owner for stdlib `html`	HARNESS_LIMITATION	p1210-superficie-publica.json	vanilla side inherited from P1140.26; requires fresh vanilla enumerator
surface:html.dialog	surface-wide-provisional	html.dialog	MISSING_MEMBER	owner for stdlib `html`	HARNESS_LIMITATION	p1210-superficie-publica.json	vanilla side inherited from P1140.26; requires fresh vanilla enumerator
surface:html.div	surface-wide-provisional	html.div	UNVERIFIED_METADATA	owner for stdlib `html`	HARNESS_LIMITATION	p1210-superficie-publica.json	vanilla side inherited from P1140.26; requires fresh vanilla enumerator
surface:html.dl	surface-wide-provisional	html.dl	UNVERIFIED_METADATA	owner for stdlib `html`	HARNESS_LIMITATION	p1210-superficie-publica.json	vanilla side inherited from P1140.26; requires fresh vanilla enumerator
surface:html.dt	surface-wide-provisional	html.dt	UNVERIFIED_METADATA	owner for stdlib `html`	HARNESS_LIMITATION	p1210-superficie-publica.json	vanilla side inherited from P1140.26; requires fresh vanilla enumerator
surface:html.elem	surface-wide-provisional	html.elem	UNVERIFIED_METADATA	owner for stdlib `html`	HARNESS_LIMITATION	p1210-superficie-publica.json	vanilla side inherited from P1140.26; requires fresh vanilla enumerator
surface:html.em	surface-wide-provisional	html.em	UNVERIFIED_METADATA	owner for stdlib `html`	HARNESS_LIMITATION	p1210-superficie-publica.json	vanilla side inherited from P1140.26; requires fresh vanilla enumerator
surface:html.embed	surface-wide-provisional	html.embed	MISSING_MEMBER	owner for stdlib `html`	HARNESS_LIMITATION	p1210-superficie-publica.json	vanilla side inherited from P1140.26; requires fresh vanilla enumerator
surface:html.fieldset	surface-wide-provisional	html.fieldset	MISSING_MEMBER	owner for stdlib `html`	HARNESS_LIMITATION	p1210-superficie-publica.json	vanilla side inherited from P1140.26; requires fresh vanilla enumerator
surface:html.figcaption	surface-wide-provisional	html.figcaption	UNVERIFIED_METADATA	owner for stdlib `html`	HARNESS_LIMITATION	p1210-superficie-publica.json	vanilla side inherited from P1140.26; requires fresh vanilla enumerator
surface:html.figure	surface-wide-provisional	html.figure	UNVERIFIED_METADATA	owner for stdlib `html`	HARNESS_LIMITATION	p1210-superficie-publica.json	vanilla side inherited from P1140.26; requires fresh vanilla enumerator
surface:html.footer	surface-wide-provisional	html.footer	UNVERIFIED_METADATA	owner for stdlib `html`	HARNESS_LIMITATION	p1210-superficie-publica.json	vanilla side inherited from P1140.26; requires fresh vanilla enumerator
surface:html.form	surface-wide-provisional	html.form	MISSING_MEMBER	owner for stdlib `html`	HARNESS_LIMITATION	p1210-superficie-publica.json	vanilla side inherited from P1140.26; requires fresh vanilla enumerator
surface:html.frame	surface-wide-provisional	html.frame	MISSING_MEMBER	owner for stdlib `html`	HARNESS_LIMITATION	p1210-superficie-publica.json	vanilla side inherited from P1140.26; requires fresh vanilla enumerator
surface:html.h1	surface-wide-provisional	html.h1	UNVERIFIED_METADATA	owner for stdlib `html`	HARNESS_LIMITATION	p1210-superficie-publica.json	vanilla side inherited from P1140.26; requires fresh vanilla enumerator
surface:html.h2	surface-wide-provisional	html.h2	UNVERIFIED_METADATA	owner for stdlib `html`	HARNESS_LIMITATION	p1210-superficie-publica.json	vanilla side inherited from P1140.26; requires fresh vanilla enumerator
surface:html.h3	surface-wide-provisional	html.h3	UNVERIFIED_METADATA	owner for stdlib `html`	HARNESS_LIMITATION	p1210-superficie-publica.json	vanilla side inherited from P1140.26; requires fresh vanilla enumerator
surface:html.h4	surface-wide-provisional	html.h4	UNVERIFIED_METADATA	owner for stdlib `html`	HARNESS_LIMITATION	p1210-superficie-publica.json	vanilla side inherited from P1140.26; requires fresh vanilla enumerator
surface:html.h5	surface-wide-provisional	html.h5	UNVERIFIED_METADATA	owner for stdlib `html`	HARNESS_LIMITATION	p1210-superficie-publica.json	vanilla side inherited from P1140.26; requires fresh vanilla enumerator
surface:html.h6	surface-wide-provisional	html.h6	UNVERIFIED_METADATA	owner for stdlib `html`	HARNESS_LIMITATION	p1210-superficie-publica.json	vanilla side inherited from P1140.26; requires fresh vanilla enumerator
surface:html.head	surface-wide-provisional	html.head	UNVERIFIED_METADATA	owner for stdlib `html`	HARNESS_LIMITATION	p1210-superficie-publica.json	vanilla side inherited from P1140.26; requires fresh vanilla enumerator
surface:html.header	surface-wide-provisional	html.header	UNVERIFIED_METADATA	owner for stdlib `html`	HARNESS_LIMITATION	p1210-superficie-publica.json	vanilla side inherited from P1140.26; requires fresh vanilla enumerator
surface:html.hgroup	surface-wide-provisional	html.hgroup	UNVERIFIED_METADATA	owner for stdlib `html`	HARNESS_LIMITATION	p1210-superficie-publica.json	vanilla side inherited from P1140.26; requires fresh vanilla enumerator
surface:html.hr	surface-wide-provisional	html.hr	MISSING_MEMBER	owner for stdlib `html`	HARNESS_LIMITATION	p1210-superficie-publica.json	vanilla side inherited from P1140.26; requires fresh vanilla enumerator
surface:html.html	surface-wide-provisional	html.html	UNVERIFIED_METADATA	owner for stdlib `html`	HARNESS_LIMITATION	p1210-superficie-publica.json	vanilla side inherited from P1140.26; requires fresh vanilla enumerator
surface:html.i	surface-wide-provisional	html.i	UNVERIFIED_METADATA	owner for stdlib `html`	HARNESS_LIMITATION	p1210-superficie-publica.json	vanilla side inherited from P1140.26; requires fresh vanilla enumerator
surface:html.iframe	surface-wide-provisional	html.iframe	MISSING_MEMBER	owner for stdlib `html`	HARNESS_LIMITATION	p1210-superficie-publica.json	vanilla side inherited from P1140.26; requires fresh vanilla enumerator
surface:html.img	surface-wide-provisional	html.img	MISSING_MEMBER	owner for stdlib `html`	HARNESS_LIMITATION	p1210-superficie-publica.json	vanilla side inherited from P1140.26; requires fresh vanilla enumerator
surface:html.input	surface-wide-provisional	html.input	MISSING_MEMBER	owner for stdlib `html`	HARNESS_LIMITATION	p1210-superficie-publica.json	vanilla side inherited from P1140.26; requires fresh vanilla enumerator
surface:html.ins	surface-wide-provisional	html.ins	MISSING_MEMBER	owner for stdlib `html`	HARNESS_LIMITATION	p1210-superficie-publica.json	vanilla side inherited from P1140.26; requires fresh vanilla enumerator
surface:html.kbd	surface-wide-provisional	html.kbd	UNVERIFIED_METADATA	owner for stdlib `html`	HARNESS_LIMITATION	p1210-superficie-publica.json	vanilla side inherited from P1140.26; requires fresh vanilla enumerator
surface:html.label	surface-wide-provisional	html.label	MISSING_MEMBER	owner for stdlib `html`	HARNESS_LIMITATION	p1210-superficie-publica.json	vanilla side inherited from P1140.26; requires fresh vanilla enumerator
surface:html.legend	surface-wide-provisional	html.legend	UNVERIFIED_METADATA	owner for stdlib `html`	HARNESS_LIMITATION	p1210-superficie-publica.json	vanilla side inherited from P1140.26; requires fresh vanilla enumerator
surface:html.li	surface-wide-provisional	html.li	UNVERIFIED_METADATA	owner for stdlib `html`	HARNESS_LIMITATION	p1210-superficie-publica.json	vanilla side inherited from P1140.26; requires fresh vanilla enumerator
surface:html.link	surface-wide-provisional	html.link	MISSING_MEMBER	owner for stdlib `html`	HARNESS_LIMITATION	p1210-superficie-publica.json	vanilla side inherited from P1140.26; requires fresh vanilla enumerator
surface:html.main	surface-wide-provisional	html.main	UNVERIFIED_METADATA	owner for stdlib `html`	HARNESS_LIMITATION	p1210-superficie-publica.json	vanilla side inherited from P1140.26; requires fresh vanilla enumerator
surface:html.map	surface-wide-provisional	html.map	MISSING_MEMBER	owner for stdlib `html`	HARNESS_LIMITATION	p1210-superficie-publica.json	vanilla side inherited from P1140.26; requires fresh vanilla enumerator
surface:html.mark	surface-wide-provisional	html.mark	UNVERIFIED_METADATA	owner for stdlib `html`	HARNESS_LIMITATION	p1210-superficie-publica.json	vanilla side inherited from P1140.26; requires fresh vanilla enumerator
surface:html.menu	surface-wide-provisional	html.menu	UNVERIFIED_METADATA	owner for stdlib `html`	HARNESS_LIMITATION	p1210-superficie-publica.json	vanilla side inherited from P1140.26; requires fresh vanilla enumerator
surface:html.meta	surface-wide-provisional	html.meta	MISSING_MEMBER	owner for stdlib `html`	HARNESS_LIMITATION	p1210-superficie-publica.json	vanilla side inherited from P1140.26; requires fresh vanilla enumerator
surface:html.meter	surface-wide-provisional	html.meter	MISSING_MEMBER	owner for stdlib `html`	HARNESS_LIMITATION	p1210-superficie-publica.json	vanilla side inherited from P1140.26; requires fresh vanilla enumerator
surface:html.nav	surface-wide-provisional	html.nav	UNVERIFIED_METADATA	owner for stdlib `html`	HARNESS_LIMITATION	p1210-superficie-publica.json	vanilla side inherited from P1140.26; requires fresh vanilla enumerator
surface:html.noscript	surface-wide-provisional	html.noscript	UNVERIFIED_METADATA	owner for stdlib `html`	HARNESS_LIMITATION	p1210-superficie-publica.json	vanilla side inherited from P1140.26; requires fresh vanilla enumerator
surface:html.object	surface-wide-provisional	html.object	MISSING_MEMBER	owner for stdlib `html`	HARNESS_LIMITATION	p1210-superficie-publica.json	vanilla side inherited from P1140.26; requires fresh vanilla enumerator
surface:html.ol	surface-wide-provisional	html.ol	UNVERIFIED_METADATA	owner for stdlib `html`	HARNESS_LIMITATION	p1210-superficie-publica.json	vanilla side inherited from P1140.26; requires fresh vanilla enumerator
surface:html.optgroup	surface-wide-provisional	html.optgroup	MISSING_MEMBER	owner for stdlib `html`	HARNESS_LIMITATION	p1210-superficie-publica.json	vanilla side inherited from P1140.26; requires fresh vanilla enumerator
surface:html.option	surface-wide-provisional	html.option	MISSING_MEMBER	owner for stdlib `html`	HARNESS_LIMITATION	p1210-superficie-publica.json	vanilla side inherited from P1140.26; requires fresh vanilla enumerator
surface:html.output	surface-wide-provisional	html.output	MISSING_MEMBER	owner for stdlib `html`	HARNESS_LIMITATION	p1210-superficie-publica.json	vanilla side inherited from P1140.26; requires fresh vanilla enumerator
surface:html.p	surface-wide-provisional	html.p	UNVERIFIED_METADATA	owner for stdlib `html`	HARNESS_LIMITATION	p1210-superficie-publica.json	vanilla side inherited from P1140.26; requires fresh vanilla enumerator
surface:html.picture	surface-wide-provisional	html.picture	UNVERIFIED_METADATA	owner for stdlib `html`	HARNESS_LIMITATION	p1210-superficie-publica.json	vanilla side inherited from P1140.26; requires fresh vanilla enumerator
surface:html.pre	surface-wide-provisional	html.pre	UNVERIFIED_METADATA	owner for stdlib `html`	HARNESS_LIMITATION	p1210-superficie-publica.json	vanilla side inherited from P1140.26; requires fresh vanilla enumerator
surface:html.progress	surface-wide-provisional	html.progress	MISSING_MEMBER	owner for stdlib `html`	HARNESS_LIMITATION	p1210-superficie-publica.json	vanilla side inherited from P1140.26; requires fresh vanilla enumerator
surface:html.q	surface-wide-provisional	html.q	MISSING_MEMBER	owner for stdlib `html`	HARNESS_LIMITATION	p1210-superficie-publica.json	vanilla side inherited from P1140.26; requires fresh vanilla enumerator
surface:html.rp	surface-wide-provisional	html.rp	UNVERIFIED_METADATA	owner for stdlib `html`	HARNESS_LIMITATION	p1210-superficie-publica.json	vanilla side inherited from P1140.26; requires fresh vanilla enumerator
surface:html.rt	surface-wide-provisional	html.rt	UNVERIFIED_METADATA	owner for stdlib `html`	HARNESS_LIMITATION	p1210-superficie-publica.json	vanilla side inherited from P1140.26; requires fresh vanilla enumerator
surface:html.ruby	surface-wide-provisional	html.ruby	UNVERIFIED_METADATA	owner for stdlib `html`	HARNESS_LIMITATION	p1210-superficie-publica.json	vanilla side inherited from P1140.26; requires fresh vanilla enumerator
surface:html.s	surface-wide-provisional	html.s	UNVERIFIED_METADATA	owner for stdlib `html`	HARNESS_LIMITATION	p1210-superficie-publica.json	vanilla side inherited from P1140.26; requires fresh vanilla enumerator
surface:html.samp	surface-wide-provisional	html.samp	UNVERIFIED_METADATA	owner for stdlib `html`	HARNESS_LIMITATION	p1210-superficie-publica.json	vanilla side inherited from P1140.26; requires fresh vanilla enumerator
surface:html.script	surface-wide-provisional	html.script	MISSING_MEMBER	owner for stdlib `html`	HARNESS_LIMITATION	p1210-superficie-publica.json	vanilla side inherited from P1140.26; requires fresh vanilla enumerator
surface:html.search	surface-wide-provisional	html.search	UNVERIFIED_METADATA	owner for stdlib `html`	HARNESS_LIMITATION	p1210-superficie-publica.json	vanilla side inherited from P1140.26; requires fresh vanilla enumerator
surface:html.section	surface-wide-provisional	html.section	UNVERIFIED_METADATA	owner for stdlib `html`	HARNESS_LIMITATION	p1210-superficie-publica.json	vanilla side inherited from P1140.26; requires fresh vanilla enumerator
surface:html.select	surface-wide-provisional	html.select	MISSING_MEMBER	owner for stdlib `html`	HARNESS_LIMITATION	p1210-superficie-publica.json	vanilla side inherited from P1140.26; requires fresh vanilla enumerator
surface:html.slot	surface-wide-provisional	html.slot	MISSING_MEMBER	owner for stdlib `html`	HARNESS_LIMITATION	p1210-superficie-publica.json	vanilla side inherited from P1140.26; requires fresh vanilla enumerator
surface:html.small	surface-wide-provisional	html.small	UNVERIFIED_METADATA	owner for stdlib `html`	HARNESS_LIMITATION	p1210-superficie-publica.json	vanilla side inherited from P1140.26; requires fresh vanilla enumerator
surface:html.source	surface-wide-provisional	html.source	MISSING_MEMBER	owner for stdlib `html`	HARNESS_LIMITATION	p1210-superficie-publica.json	vanilla side inherited from P1140.26; requires fresh vanilla enumerator
surface:html.span	surface-wide-provisional	html.span	UNVERIFIED_METADATA	owner for stdlib `html`	HARNESS_LIMITATION	p1210-superficie-publica.json	vanilla side inherited from P1140.26; requires fresh vanilla enumerator
surface:html.strong	surface-wide-provisional	html.strong	UNVERIFIED_METADATA	owner for stdlib `html`	HARNESS_LIMITATION	p1210-superficie-publica.json	vanilla side inherited from P1140.26; requires fresh vanilla enumerator
surface:html.style	surface-wide-provisional	html.style	MISSING_MEMBER	owner for stdlib `html`	HARNESS_LIMITATION	p1210-superficie-publica.json	vanilla side inherited from P1140.26; requires fresh vanilla enumerator
surface:html.sub	surface-wide-provisional	html.sub	UNVERIFIED_METADATA	owner for stdlib `html`	HARNESS_LIMITATION	p1210-superficie-publica.json	vanilla side inherited from P1140.26; requires fresh vanilla enumerator
surface:html.summary	surface-wide-provisional	html.summary	UNVERIFIED_METADATA	owner for stdlib `html`	HARNESS_LIMITATION	p1210-superficie-publica.json	vanilla side inherited from P1140.26; requires fresh vanilla enumerator
surface:html.sup	surface-wide-provisional	html.sup	UNVERIFIED_METADATA	owner for stdlib `html`	HARNESS_LIMITATION	p1210-superficie-publica.json	vanilla side inherited from P1140.26; requires fresh vanilla enumerator
surface:html.table	surface-wide-provisional	html.table	MISSING_MEMBER	owner for stdlib `html`	HARNESS_LIMITATION	p1210-superficie-publica.json	vanilla side inherited from P1140.26; requires fresh vanilla enumerator
surface:html.tbody	surface-wide-provisional	html.tbody	MISSING_MEMBER	owner for stdlib `html`	HARNESS_LIMITATION	p1210-superficie-publica.json	vanilla side inherited from P1140.26; requires fresh vanilla enumerator
surface:html.td	surface-wide-provisional	html.td	MISSING_MEMBER	owner for stdlib `html`	HARNESS_LIMITATION	p1210-superficie-publica.json	vanilla side inherited from P1140.26; requires fresh vanilla enumerator
surface:html.template	surface-wide-provisional	html.template	MISSING_MEMBER	owner for stdlib `html`	HARNESS_LIMITATION	p1210-superficie-publica.json	vanilla side inherited from P1140.26; requires fresh vanilla enumerator
surface:html.textarea	surface-wide-provisional	html.textarea	MISSING_MEMBER	owner for stdlib `html`	HARNESS_LIMITATION	p1210-superficie-publica.json	vanilla side inherited from P1140.26; requires fresh vanilla enumerator
surface:html.tfoot	surface-wide-provisional	html.tfoot	MISSING_MEMBER	owner for stdlib `html`	HARNESS_LIMITATION	p1210-superficie-publica.json	vanilla side inherited from P1140.26; requires fresh vanilla enumerator
surface:html.th	surface-wide-provisional	html.th	MISSING_MEMBER	owner for stdlib `html`	HARNESS_LIMITATION	p1210-superficie-publica.json	vanilla side inherited from P1140.26; requires fresh vanilla enumerator
surface:html.thead	surface-wide-provisional	html.thead	MISSING_MEMBER	owner for stdlib `html`	HARNESS_LIMITATION	p1210-superficie-publica.json	vanilla side inherited from P1140.26; requires fresh vanilla enumerator
surface:html.time	surface-wide-provisional	html.time	MISSING_MEMBER	owner for stdlib `html`	HARNESS_LIMITATION	p1210-superficie-publica.json	vanilla side inherited from P1140.26; requires fresh vanilla enumerator
surface:html.title	surface-wide-provisional	html.title	UNVERIFIED_METADATA	owner for stdlib `html`	HARNESS_LIMITATION	p1210-superficie-publica.json	vanilla side inherited from P1140.26; requires fresh vanilla enumerator
surface:html.tr	surface-wide-provisional	html.tr	MISSING_MEMBER	owner for stdlib `html`	HARNESS_LIMITATION	p1210-superficie-publica.json	vanilla side inherited from P1140.26; requires fresh vanilla enumerator
surface:html.track	surface-wide-provisional	html.track	MISSING_MEMBER	owner for stdlib `html`	HARNESS_LIMITATION	p1210-superficie-publica.json	vanilla side inherited from P1140.26; requires fresh vanilla enumerator
surface:html.u	surface-wide-provisional	html.u	UNVERIFIED_METADATA	owner for stdlib `html`	HARNESS_LIMITATION	p1210-superficie-publica.json	vanilla side inherited from P1140.26; requires fresh vanilla enumerator
surface:html.ul	surface-wide-provisional	html.ul	UNVERIFIED_METADATA	owner for stdlib `html`	HARNESS_LIMITATION	p1210-superficie-publica.json	vanilla side inherited from P1140.26; requires fresh vanilla enumerator
surface:html.var	surface-wide-provisional	html.var	UNVERIFIED_METADATA	owner for stdlib `html`	HARNESS_LIMITATION	p1210-superficie-publica.json	vanilla side inherited from P1140.26; requires fresh vanilla enumerator
surface:html.video	surface-wide-provisional	html.video	MISSING_MEMBER	owner for stdlib `html`	HARNESS_LIMITATION	p1210-superficie-publica.json	vanilla side inherited from P1140.26; requires fresh vanilla enumerator
surface:html.wbr	surface-wide-provisional	html.wbr	MISSING_MEMBER	owner for stdlib `html`	HARNESS_LIMITATION	p1210-superficie-publica.json	vanilla side inherited from P1140.26; requires fresh vanilla enumerator
surface:image	surface-wide-provisional	image	UNVERIFIED_METADATA	owner for stdlib `image`	HARNESS_LIMITATION	p1210-superficie-publica.json	vanilla side inherited from P1140.26; requires fresh vanilla enumerator
surface:inline	surface-wide-provisional	inline	EXTRA_BINDING	owner for stdlib `inline`	HARNESS_LIMITATION	p1210-superficie-publica.json	vanilla side inherited from P1140.26; requires fresh vanilla enumerator
surface:int.bit-and	surface-wide-provisional	int.bit-and	UNVERIFIED_METADATA	owner for stdlib `int`	HARNESS_LIMITATION	p1210-superficie-publica.json	vanilla side inherited from P1140.26; requires fresh vanilla enumerator
surface:int.bit-lshift	surface-wide-provisional	int.bit-lshift	UNVERIFIED_METADATA	owner for stdlib `int`	HARNESS_LIMITATION	p1210-superficie-publica.json	vanilla side inherited from P1140.26; requires fresh vanilla enumerator
surface:int.bit-not	surface-wide-provisional	int.bit-not	UNVERIFIED_METADATA	owner for stdlib `int`	HARNESS_LIMITATION	p1210-superficie-publica.json	vanilla side inherited from P1140.26; requires fresh vanilla enumerator
surface:int.bit-or	surface-wide-provisional	int.bit-or	UNVERIFIED_METADATA	owner for stdlib `int`	HARNESS_LIMITATION	p1210-superficie-publica.json	vanilla side inherited from P1140.26; requires fresh vanilla enumerator
surface:int.bit-rshift	surface-wide-provisional	int.bit-rshift	UNVERIFIED_METADATA	owner for stdlib `int`	HARNESS_LIMITATION	p1210-superficie-publica.json	vanilla side inherited from P1140.26; requires fresh vanilla enumerator
surface:int.bit-xor	surface-wide-provisional	int.bit-xor	UNVERIFIED_METADATA	owner for stdlib `int`	HARNESS_LIMITATION	p1210-superficie-publica.json	vanilla side inherited from P1140.26; requires fresh vanilla enumerator
surface:int.from-bytes	surface-wide-provisional	int.from-bytes	UNVERIFIED_METADATA	owner for stdlib `int`	HARNESS_LIMITATION	p1210-superficie-publica.json	vanilla side inherited from P1140.26; requires fresh vanilla enumerator
surface:int.signum	surface-wide-provisional	int.signum	UNVERIFIED_METADATA	owner for stdlib `int`	HARNESS_LIMITATION	p1210-superficie-publica.json	vanilla side inherited from P1140.26; requires fresh vanilla enumerator
surface:int.to-bytes	surface-wide-provisional	int.to-bytes	UNVERIFIED_METADATA	owner for stdlib `int`	HARNESS_LIMITATION	p1210-superficie-publica.json	vanilla side inherited from P1140.26; requires fresh vanilla enumerator
surface:italic	surface-wide-provisional	italic	EXTRA_BINDING	owner for stdlib `italic`	HARNESS_LIMITATION	p1210-superficie-publica.json	vanilla side inherited from P1140.26; requires fresh vanilla enumerator
surface:json	surface-wide-provisional	json	UNVERIFIED_METADATA	owner for stdlib `json`	HARNESS_LIMITATION	p1210-superficie-publica.json	vanilla side inherited from P1140.26; requires fresh vanilla enumerator
surface:json.encode	surface-wide-provisional	json.encode	MISSING_MEMBER	owner for stdlib `json`	HARNESS_LIMITATION	p1210-superficie-publica.json	vanilla side inherited from P1140.26; requires fresh vanilla enumerator
surface:layout	surface-wide-provisional	layout	UNVERIFIED_METADATA	owner for stdlib `layout`	HARNESS_LIMITATION	p1210-superficie-publica.json	vanilla side inherited from P1140.26; requires fresh vanilla enumerator
surface:length.cm	surface-wide-provisional	length.cm	MISSING_MEMBER	owner for stdlib `length`	HARNESS_LIMITATION	p1210-superficie-publica.json	vanilla side inherited from P1140.26; requires fresh vanilla enumerator
surface:length.inches	surface-wide-provisional	length.inches	MISSING_MEMBER	owner for stdlib `length`	HARNESS_LIMITATION	p1210-superficie-publica.json	vanilla side inherited from P1140.26; requires fresh vanilla enumerator
surface:length.mm	surface-wide-provisional	length.mm	MISSING_MEMBER	owner for stdlib `length`	HARNESS_LIMITATION	p1210-superficie-publica.json	vanilla side inherited from P1140.26; requires fresh vanilla enumerator
surface:length.pt	surface-wide-provisional	length.pt	MISSING_MEMBER	owner for stdlib `length`	HARNESS_LIMITATION	p1210-superficie-publica.json	vanilla side inherited from P1140.26; requires fresh vanilla enumerator
surface:length.to-absolute	surface-wide-provisional	length.to-absolute	MISSING_MEMBER	owner for stdlib `length`	HARNESS_LIMITATION	p1210-superficie-publica.json	vanilla side inherited from P1140.26; requires fresh vanilla enumerator
surface:line	surface-wide-provisional	line	UNVERIFIED_METADATA	owner for stdlib `line`	HARNESS_LIMITATION	p1210-superficie-publica.json	vanilla side inherited from P1140.26; requires fresh vanilla enumerator
surface:linear_rgb	surface-wide-provisional	linear_rgb	EXTRA_BINDING	owner for stdlib `linear_rgb`	HARNESS_LIMITATION	p1210-superficie-publica.json	vanilla side inherited from P1140.26; requires fresh vanilla enumerator
surface:linebreak	surface-wide-provisional	linebreak	UNVERIFIED_METADATA	owner for stdlib `linebreak`	HARNESS_LIMITATION	p1210-superficie-publica.json	vanilla side inherited from P1140.26; requires fresh vanilla enumerator
surface:link	surface-wide-provisional	link	UNVERIFIED_METADATA	owner for stdlib `link`	HARNESS_LIMITATION	p1210-superficie-publica.json	vanilla side inherited from P1140.26; requires fresh vanilla enumerator
surface:list	surface-wide-provisional	list	UNVERIFIED_METADATA	owner for stdlib `list`	HARNESS_LIMITATION	p1210-superficie-publica.json	vanilla side inherited from P1140.26; requires fresh vanilla enumerator
surface:list.item	surface-wide-provisional	list.item	MISSING_MEMBER	owner for stdlib `list`	HARNESS_LIMITATION	p1210-superficie-publica.json	vanilla side inherited from P1140.26; requires fresh vanilla enumerator
surface:locate	surface-wide-provisional	locate	UNVERIFIED_METADATA	owner for stdlib `locate`	HARNESS_LIMITATION	p1210-superficie-publica.json	vanilla side inherited from P1140.26; requires fresh vanilla enumerator
surface:location.page	surface-wide-provisional	location.page	MISSING_MEMBER	owner for stdlib `location`	HARNESS_LIMITATION	p1210-superficie-publica.json	vanilla side inherited from P1140.26; requires fresh vanilla enumerator
surface:location.page-numbering	surface-wide-provisional	location.page-numbering	MISSING_MEMBER	owner for stdlib `location`	HARNESS_LIMITATION	p1210-superficie-publica.json	vanilla side inherited from P1140.26; requires fresh vanilla enumerator
surface:location.position	surface-wide-provisional	location.position	MISSING_MEMBER	owner for stdlib `location`	HARNESS_LIMITATION	p1210-superficie-publica.json	vanilla side inherited from P1140.26; requires fresh vanilla enumerator
surface:lof	surface-wide-provisional	lof	EXTRA_BINDING	owner for stdlib `lof`	HARNESS_LIMITATION	p1210-superficie-publica.json	vanilla side inherited from P1140.26; requires fresh vanilla enumerator
surface:lorem	surface-wide-provisional	lorem	UNVERIFIED_METADATA	owner for stdlib `lorem`	HARNESS_LIMITATION	p1210-superficie-publica.json	vanilla side inherited from P1140.26; requires fresh vanilla enumerator
surface:lot	surface-wide-provisional	lot	EXTRA_BINDING	owner for stdlib `lot`	HARNESS_LIMITATION	p1210-superficie-publica.json	vanilla side inherited from P1140.26; requires fresh vanilla enumerator
surface:lower	surface-wide-provisional	lower	UNVERIFIED_METADATA	owner for stdlib `lower`	HARNESS_LIMITATION	p1210-superficie-publica.json	vanilla side inherited from P1140.26; requires fresh vanilla enumerator
surface:luma	surface-wide-provisional	luma	UNVERIFIED_METADATA	owner for stdlib `luma`	HARNESS_LIMITATION	p1210-superficie-publica.json	vanilla side inherited from P1140.26; requires fresh vanilla enumerator
surface:math.AA	surface-wide-provisional	math.AA	MISSING_MEMBER	owner for stdlib `math`	HARNESS_LIMITATION	p1210-superficie-publica.json	vanilla side inherited from P1140.26; requires fresh vanilla enumerator
surface:math.Alpha	surface-wide-provisional	math.Alpha	MISSING_MEMBER	owner for stdlib `math`	HARNESS_LIMITATION	p1210-superficie-publica.json	vanilla side inherited from P1140.26; requires fresh vanilla enumerator
surface:math.BB	surface-wide-provisional	math.BB	MISSING_MEMBER	owner for stdlib `math`	HARNESS_LIMITATION	p1210-superficie-publica.json	vanilla side inherited from P1140.26; requires fresh vanilla enumerator
surface:math.Beta	surface-wide-provisional	math.Beta	MISSING_MEMBER	owner for stdlib `math`	HARNESS_LIMITATION	p1210-superficie-publica.json	vanilla side inherited from P1140.26; requires fresh vanilla enumerator
surface:math.CC	surface-wide-provisional	math.CC	MISSING_MEMBER	owner for stdlib `math`	HARNESS_LIMITATION	p1210-superficie-publica.json	vanilla side inherited from P1140.26; requires fresh vanilla enumerator
surface:math.Chi	surface-wide-provisional	math.Chi	MISSING_MEMBER	owner for stdlib `math`	HARNESS_LIMITATION	p1210-superficie-publica.json	vanilla side inherited from P1140.26; requires fresh vanilla enumerator
surface:math.DD	surface-wide-provisional	math.DD	MISSING_MEMBER	owner for stdlib `math`	HARNESS_LIMITATION	p1210-superficie-publica.json	vanilla side inherited from P1140.26; requires fresh vanilla enumerator
surface:math.Delta	surface-wide-provisional	math.Delta	MISSING_MEMBER	owner for stdlib `math`	HARNESS_LIMITATION	p1210-superficie-publica.json	vanilla side inherited from P1140.26; requires fresh vanilla enumerator
surface:math.Digamma	surface-wide-provisional	math.Digamma	MISSING_MEMBER	owner for stdlib `math`	HARNESS_LIMITATION	p1210-superficie-publica.json	vanilla side inherited from P1140.26; requires fresh vanilla enumerator
surface:math.EE	surface-wide-provisional	math.EE	MISSING_MEMBER	owner for stdlib `math`	HARNESS_LIMITATION	p1210-superficie-publica.json	vanilla side inherited from P1140.26; requires fresh vanilla enumerator
surface:math.Epsilon	surface-wide-provisional	math.Epsilon	MISSING_MEMBER	owner for stdlib `math`	HARNESS_LIMITATION	p1210-superficie-publica.json	vanilla side inherited from P1140.26; requires fresh vanilla enumerator
surface:math.Eta	surface-wide-provisional	math.Eta	MISSING_MEMBER	owner for stdlib `math`	HARNESS_LIMITATION	p1210-superficie-publica.json	vanilla side inherited from P1140.26; requires fresh vanilla enumerator
surface:math.FF	surface-wide-provisional	math.FF	MISSING_MEMBER	owner for stdlib `math`	HARNESS_LIMITATION	p1210-superficie-publica.json	vanilla side inherited from P1140.26; requires fresh vanilla enumerator
surface:math.GG	surface-wide-provisional	math.GG	MISSING_MEMBER	owner for stdlib `math`	HARNESS_LIMITATION	p1210-superficie-publica.json	vanilla side inherited from P1140.26; requires fresh vanilla enumerator
surface:math.Gamma	surface-wide-provisional	math.Gamma	MISSING_MEMBER	owner for stdlib `math`	HARNESS_LIMITATION	p1210-superficie-publica.json	vanilla side inherited from P1140.26; requires fresh vanilla enumerator
surface:math.HH	surface-wide-provisional	math.HH	MISSING_MEMBER	owner for stdlib `math`	HARNESS_LIMITATION	p1210-superficie-publica.json	vanilla side inherited from P1140.26; requires fresh vanilla enumerator
surface:math.II	surface-wide-provisional	math.II	MISSING_MEMBER	owner for stdlib `math`	HARNESS_LIMITATION	p1210-superficie-publica.json	vanilla side inherited from P1140.26; requires fresh vanilla enumerator
surface:math.Im	surface-wide-provisional	math.Im	MISSING_MEMBER	owner for stdlib `math`	HARNESS_LIMITATION	p1210-superficie-publica.json	vanilla side inherited from P1140.26; requires fresh vanilla enumerator
surface:math.Iota	surface-wide-provisional	math.Iota	MISSING_MEMBER	owner for stdlib `math`	HARNESS_LIMITATION	p1210-superficie-publica.json	vanilla side inherited from P1140.26; requires fresh vanilla enumerator
surface:math.JJ	surface-wide-provisional	math.JJ	MISSING_MEMBER	owner for stdlib `math`	HARNESS_LIMITATION	p1210-superficie-publica.json	vanilla side inherited from P1140.26; requires fresh vanilla enumerator
surface:math.KK	surface-wide-provisional	math.KK	MISSING_MEMBER	owner for stdlib `math`	HARNESS_LIMITATION	p1210-superficie-publica.json	vanilla side inherited from P1140.26; requires fresh vanilla enumerator
surface:math.Kappa	surface-wide-provisional	math.Kappa	MISSING_MEMBER	owner for stdlib `math`	HARNESS_LIMITATION	p1210-superficie-publica.json	vanilla side inherited from P1140.26; requires fresh vanilla enumerator
surface:math.LL	surface-wide-provisional	math.LL	MISSING_MEMBER	owner for stdlib `math`	HARNESS_LIMITATION	p1210-superficie-publica.json	vanilla side inherited from P1140.26; requires fresh vanilla enumerator
surface:math.Lambda	surface-wide-provisional	math.Lambda	MISSING_MEMBER	owner for stdlib `math`	HARNESS_LIMITATION	p1210-superficie-publica.json	vanilla side inherited from P1140.26; requires fresh vanilla enumerator
surface:math.MM	surface-wide-provisional	math.MM	MISSING_MEMBER	owner for stdlib `math`	HARNESS_LIMITATION	p1210-superficie-publica.json	vanilla side inherited from P1140.26; requires fresh vanilla enumerator
surface:math.Mu	surface-wide-provisional	math.Mu	MISSING_MEMBER	owner for stdlib `math`	HARNESS_LIMITATION	p1210-superficie-publica.json	vanilla side inherited from P1140.26; requires fresh vanilla enumerator
surface:math.NN	surface-wide-provisional	math.NN	MISSING_MEMBER	owner for stdlib `math`	HARNESS_LIMITATION	p1210-superficie-publica.json	vanilla side inherited from P1140.26; requires fresh vanilla enumerator
surface:math.Nu	surface-wide-provisional	math.Nu	MISSING_MEMBER	owner for stdlib `math`	HARNESS_LIMITATION	p1210-superficie-publica.json	vanilla side inherited from P1140.26; requires fresh vanilla enumerator
surface:math.OO	surface-wide-provisional	math.OO	MISSING_MEMBER	owner for stdlib `math`	HARNESS_LIMITATION	p1210-superficie-publica.json	vanilla side inherited from P1140.26; requires fresh vanilla enumerator
surface:math.Omega	surface-wide-provisional	math.Omega	MISSING_MEMBER	owner for stdlib `math`	HARNESS_LIMITATION	p1210-superficie-publica.json	vanilla side inherited from P1140.26; requires fresh vanilla enumerator
surface:math.Omicron	surface-wide-provisional	math.Omicron	MISSING_MEMBER	owner for stdlib `math`	HARNESS_LIMITATION	p1210-superficie-publica.json	vanilla side inherited from P1140.26; requires fresh vanilla enumerator
surface:math.PP	surface-wide-provisional	math.PP	MISSING_MEMBER	owner for stdlib `math`	HARNESS_LIMITATION	p1210-superficie-publica.json	vanilla side inherited from P1140.26; requires fresh vanilla enumerator
surface:math.Phi	surface-wide-provisional	math.Phi	MISSING_MEMBER	owner for stdlib `math`	HARNESS_LIMITATION	p1210-superficie-publica.json	vanilla side inherited from P1140.26; requires fresh vanilla enumerator
surface:math.Pi	surface-wide-provisional	math.Pi	MISSING_MEMBER	owner for stdlib `math`	HARNESS_LIMITATION	p1210-superficie-publica.json	vanilla side inherited from P1140.26; requires fresh vanilla enumerator
surface:math.Psi	surface-wide-provisional	math.Psi	MISSING_MEMBER	owner for stdlib `math`	HARNESS_LIMITATION	p1210-superficie-publica.json	vanilla side inherited from P1140.26; requires fresh vanilla enumerator
surface:math.QQ	surface-wide-provisional	math.QQ	MISSING_MEMBER	owner for stdlib `math`	HARNESS_LIMITATION	p1210-superficie-publica.json	vanilla side inherited from P1140.26; requires fresh vanilla enumerator
surface:math.RR	surface-wide-provisional	math.RR	MISSING_MEMBER	owner for stdlib `math`	HARNESS_LIMITATION	p1210-superficie-publica.json	vanilla side inherited from P1140.26; requires fresh vanilla enumerator
surface:math.Re	surface-wide-provisional	math.Re	MISSING_MEMBER	owner for stdlib `math`	HARNESS_LIMITATION	p1210-superficie-publica.json	vanilla side inherited from P1140.26; requires fresh vanilla enumerator
surface:math.Rho	surface-wide-provisional	math.Rho	MISSING_MEMBER	owner for stdlib `math`	HARNESS_LIMITATION	p1210-superficie-publica.json	vanilla side inherited from P1140.26; requires fresh vanilla enumerator
surface:math.SS	surface-wide-provisional	math.SS	MISSING_MEMBER	owner for stdlib `math`	HARNESS_LIMITATION	p1210-superficie-publica.json	vanilla side inherited from P1140.26; requires fresh vanilla enumerator
surface:math.Sha	surface-wide-provisional	math.Sha	MISSING_MEMBER	owner for stdlib `math`	HARNESS_LIMITATION	p1210-superficie-publica.json	vanilla side inherited from P1140.26; requires fresh vanilla enumerator
surface:math.Sigma	surface-wide-provisional	math.Sigma	MISSING_MEMBER	owner for stdlib `math`	HARNESS_LIMITATION	p1210-superficie-publica.json	vanilla side inherited from P1140.26; requires fresh vanilla enumerator
surface:math.TT	surface-wide-provisional	math.TT	MISSING_MEMBER	owner for stdlib `math`	HARNESS_LIMITATION	p1210-superficie-publica.json	vanilla side inherited from P1140.26; requires fresh vanilla enumerator
surface:math.Tau	surface-wide-provisional	math.Tau	MISSING_MEMBER	owner for stdlib `math`	HARNESS_LIMITATION	p1210-superficie-publica.json	vanilla side inherited from P1140.26; requires fresh vanilla enumerator
surface:math.Theta	surface-wide-provisional	math.Theta	MISSING_MEMBER	owner for stdlib `math`	HARNESS_LIMITATION	p1210-superficie-publica.json	vanilla side inherited from P1140.26; requires fresh vanilla enumerator
surface:math.UU	surface-wide-provisional	math.UU	MISSING_MEMBER	owner for stdlib `math`	HARNESS_LIMITATION	p1210-superficie-publica.json	vanilla side inherited from P1140.26; requires fresh vanilla enumerator
surface:math.Upsilon	surface-wide-provisional	math.Upsilon	MISSING_MEMBER	owner for stdlib `math`	HARNESS_LIMITATION	p1210-superficie-publica.json	vanilla side inherited from P1140.26; requires fresh vanilla enumerator
surface:math.VV	surface-wide-provisional	math.VV	MISSING_MEMBER	owner for stdlib `math`	HARNESS_LIMITATION	p1210-superficie-publica.json	vanilla side inherited from P1140.26; requires fresh vanilla enumerator
surface:math.WW	surface-wide-provisional	math.WW	MISSING_MEMBER	owner for stdlib `math`	HARNESS_LIMITATION	p1210-superficie-publica.json	vanilla side inherited from P1140.26; requires fresh vanilla enumerator
surface:math.XX	surface-wide-provisional	math.XX	MISSING_MEMBER	owner for stdlib `math`	HARNESS_LIMITATION	p1210-superficie-publica.json	vanilla side inherited from P1140.26; requires fresh vanilla enumerator
surface:math.Xi	surface-wide-provisional	math.Xi	MISSING_MEMBER	owner for stdlib `math`	HARNESS_LIMITATION	p1210-superficie-publica.json	vanilla side inherited from P1140.26; requires fresh vanilla enumerator
surface:math.YY	surface-wide-provisional	math.YY	MISSING_MEMBER	owner for stdlib `math`	HARNESS_LIMITATION	p1210-superficie-publica.json	vanilla side inherited from P1140.26; requires fresh vanilla enumerator
surface:math.ZZ	surface-wide-provisional	math.ZZ	MISSING_MEMBER	owner for stdlib `math`	HARNESS_LIMITATION	p1210-superficie-publica.json	vanilla side inherited from P1140.26; requires fresh vanilla enumerator
surface:math.Zeta	surface-wide-provisional	math.Zeta	MISSING_MEMBER	owner for stdlib `math`	HARNESS_LIMITATION	p1210-superficie-publica.json	vanilla side inherited from P1140.26; requires fresh vanilla enumerator
surface:math.abs	surface-wide-provisional	math.abs	MISSING_MEMBER	owner for stdlib `math`	HARNESS_LIMITATION	p1210-superficie-publica.json	vanilla side inherited from P1140.26; requires fresh vanilla enumerator
surface:math.accent	surface-wide-provisional	math.accent	MISSING_MEMBER	owner for stdlib `math`	HARNESS_LIMITATION	p1210-superficie-publica.json	vanilla side inherited from P1140.26; requires fresh vanilla enumerator
surface:math.acute	surface-wide-provisional	math.acute	MISSING_MEMBER	owner for stdlib `math`	HARNESS_LIMITATION	p1210-superficie-publica.json	vanilla side inherited from P1140.26; requires fresh vanilla enumerator
surface:math.afghani	surface-wide-provisional	math.afghani	MISSING_MEMBER	owner for stdlib `math`	HARNESS_LIMITATION	p1210-superficie-publica.json	vanilla side inherited from P1140.26; requires fresh vanilla enumerator
surface:math.aleph	surface-wide-provisional	math.aleph	MISSING_MEMBER	owner for stdlib `math`	HARNESS_LIMITATION	p1210-superficie-publica.json	vanilla side inherited from P1140.26; requires fresh vanilla enumerator
surface:math.angle	surface-wide-provisional	math.angle	MISSING_MEMBER	owner for stdlib `math`	HARNESS_LIMITATION	p1210-superficie-publica.json	vanilla side inherited from P1140.26; requires fresh vanilla enumerator
surface:math.angstrom	surface-wide-provisional	math.angstrom	MISSING_MEMBER	owner for stdlib `math`	HARNESS_LIMITATION	p1210-superficie-publica.json	vanilla side inherited from P1140.26; requires fresh vanilla enumerator
surface:math.angzarr	surface-wide-provisional	math.angzarr	MISSING_MEMBER	owner for stdlib `math`	HARNESS_LIMITATION	p1210-superficie-publica.json	vanilla side inherited from P1140.26; requires fresh vanilla enumerator
surface:math.approx	surface-wide-provisional	math.approx	MISSING_MEMBER	owner for stdlib `math`	HARNESS_LIMITATION	p1210-superficie-publica.json	vanilla side inherited from P1140.26; requires fresh vanilla enumerator
surface:math.arrowhead	surface-wide-provisional	math.arrowhead	MISSING_MEMBER	owner for stdlib `math`	HARNESS_LIMITATION	p1210-superficie-publica.json	vanilla side inherited from P1140.26; requires fresh vanilla enumerator
surface:math.arrows	surface-wide-provisional	math.arrows	MISSING_MEMBER	owner for stdlib `math`	HARNESS_LIMITATION	p1210-superficie-publica.json	vanilla side inherited from P1140.26; requires fresh vanilla enumerator
surface:math.ast	surface-wide-provisional	math.ast	MISSING_MEMBER	owner for stdlib `math`	HARNESS_LIMITATION	p1210-superficie-publica.json	vanilla side inherited from P1140.26; requires fresh vanilla enumerator
surface:math.asymp	surface-wide-provisional	math.asymp	MISSING_MEMBER	owner for stdlib `math`	HARNESS_LIMITATION	p1210-superficie-publica.json	vanilla side inherited from P1140.26; requires fresh vanilla enumerator
surface:math.at	surface-wide-provisional	math.at	MISSING_MEMBER	owner for stdlib `math`	HARNESS_LIMITATION	p1210-superficie-publica.json	vanilla side inherited from P1140.26; requires fresh vanilla enumerator
surface:math.attach	surface-wide-provisional	math.attach	MISSING_MEMBER	owner for stdlib `math`	HARNESS_LIMITATION	p1210-superficie-publica.json	vanilla side inherited from P1140.26; requires fresh vanilla enumerator
surface:math.backslash	surface-wide-provisional	math.backslash	MISSING_MEMBER	owner for stdlib `math`	HARNESS_LIMITATION	p1210-superficie-publica.json	vanilla side inherited from P1140.26; requires fresh vanilla enumerator
surface:math.bag	surface-wide-provisional	math.bag	MISSING_MEMBER	owner for stdlib `math`	HARNESS_LIMITATION	p1210-superficie-publica.json	vanilla side inherited from P1140.26; requires fresh vanilla enumerator
surface:math.baht	surface-wide-provisional	math.baht	MISSING_MEMBER	owner for stdlib `math`	HARNESS_LIMITATION	p1210-superficie-publica.json	vanilla side inherited from P1140.26; requires fresh vanilla enumerator
surface:math.ballot	surface-wide-provisional	math.ballot	MISSING_MEMBER	owner for stdlib `math`	HARNESS_LIMITATION	p1210-superficie-publica.json	vanilla side inherited from P1140.26; requires fresh vanilla enumerator
surface:math.bar	surface-wide-provisional	math.bar	MISSING_MEMBER	owner for stdlib `math`	HARNESS_LIMITATION	p1210-superficie-publica.json	vanilla side inherited from P1140.26; requires fresh vanilla enumerator
surface:math.bb	surface-wide-provisional	math.bb	MISSING_MEMBER	owner for stdlib `math`	HARNESS_LIMITATION	p1210-superficie-publica.json	vanilla side inherited from P1140.26; requires fresh vanilla enumerator
surface:math.because	surface-wide-provisional	math.because	MISSING_MEMBER	owner for stdlib `math`	HARNESS_LIMITATION	p1210-superficie-publica.json	vanilla side inherited from P1140.26; requires fresh vanilla enumerator
surface:math.binom	surface-wide-provisional	math.binom	MISSING_MEMBER	owner for stdlib `math`	HARNESS_LIMITATION	p1210-superficie-publica.json	vanilla side inherited from P1140.26; requires fresh vanilla enumerator
surface:math.bitcoin	surface-wide-provisional	math.bitcoin	MISSING_MEMBER	owner for stdlib `math`	HARNESS_LIMITATION	p1210-superficie-publica.json	vanilla side inherited from P1140.26; requires fresh vanilla enumerator
surface:math.bold	surface-wide-provisional	math.bold	MISSING_MEMBER	owner for stdlib `math`	HARNESS_LIMITATION	p1210-superficie-publica.json	vanilla side inherited from P1140.26; requires fresh vanilla enumerator
surface:math.bot	surface-wide-provisional	math.bot	MISSING_MEMBER	owner for stdlib `math`	HARNESS_LIMITATION	p1210-superficie-publica.json	vanilla side inherited from P1140.26; requires fresh vanilla enumerator
surface:math.brace	surface-wide-provisional	math.brace	MISSING_MEMBER	owner for stdlib `math`	HARNESS_LIMITATION	p1210-superficie-publica.json	vanilla side inherited from P1140.26; requires fresh vanilla enumerator
surface:math.breve	surface-wide-provisional	math.breve	MISSING_MEMBER	owner for stdlib `math`	HARNESS_LIMITATION	p1210-superficie-publica.json	vanilla side inherited from P1140.26; requires fresh vanilla enumerator
surface:math.cal	surface-wide-provisional	math.cal	MISSING_MEMBER	owner for stdlib `math`	HARNESS_LIMITATION	p1210-superficie-publica.json	vanilla side inherited from P1140.26; requires fresh vanilla enumerator
surface:math.cancel	surface-wide-provisional	math.cancel	MISSING_MEMBER	owner for stdlib `math`	HARNESS_LIMITATION	p1210-superficie-publica.json	vanilla side inherited from P1140.26; requires fresh vanilla enumerator
surface:math.caret	surface-wide-provisional	math.caret	MISSING_MEMBER	owner for stdlib `math`	HARNESS_LIMITATION	p1210-superficie-publica.json	vanilla side inherited from P1140.26; requires fresh vanilla enumerator
surface:math.caron	surface-wide-provisional	math.caron	MISSING_MEMBER	owner for stdlib `math`	HARNESS_LIMITATION	p1210-superficie-publica.json	vanilla side inherited from P1140.26; requires fresh vanilla enumerator
surface:math.cases	surface-wide-provisional	math.cases	MISSING_MEMBER	owner for stdlib `math`	HARNESS_LIMITATION	p1210-superficie-publica.json	vanilla side inherited from P1140.26; requires fresh vanilla enumerator
surface:math.cc	surface-wide-provisional	math.cc	MISSING_MEMBER	owner for stdlib `math`	HARNESS_LIMITATION	p1210-superficie-publica.json	vanilla side inherited from P1140.26; requires fresh vanilla enumerator
surface:math.cedi	surface-wide-provisional	math.cedi	MISSING_MEMBER	owner for stdlib `math`	HARNESS_LIMITATION	p1210-superficie-publica.json	vanilla side inherited from P1140.26; requires fresh vanilla enumerator
surface:math.cent	surface-wide-provisional	math.cent	MISSING_MEMBER	owner for stdlib `math`	HARNESS_LIMITATION	p1210-superficie-publica.json	vanilla side inherited from P1140.26; requires fresh vanilla enumerator
surface:math.checkmark	surface-wide-provisional	math.checkmark	MISSING_MEMBER	owner for stdlib `math`	HARNESS_LIMITATION	p1210-superficie-publica.json	vanilla side inherited from P1140.26; requires fresh vanilla enumerator
surface:math.class	surface-wide-provisional	math.class	UNVERIFIED_METADATA	owner for stdlib `math`	HARNESS_LIMITATION	p1210-superficie-publica.json	vanilla side inherited from P1140.26; requires fresh vanilla enumerator
surface:math.co	surface-wide-provisional	math.co	MISSING_MEMBER	owner for stdlib `math`	HARNESS_LIMITATION	p1210-superficie-publica.json	vanilla side inherited from P1140.26; requires fresh vanilla enumerator
surface:math.colon	surface-wide-provisional	math.colon	MISSING_MEMBER	owner for stdlib `math`	HARNESS_LIMITATION	p1210-superficie-publica.json	vanilla side inherited from P1140.26; requires fresh vanilla enumerator
surface:math.comma	surface-wide-provisional	math.comma	MISSING_MEMBER	owner for stdlib `math`	HARNESS_LIMITATION	p1210-superficie-publica.json	vanilla side inherited from P1140.26; requires fresh vanilla enumerator
surface:math.complement	surface-wide-provisional	math.complement	MISSING_MEMBER	owner for stdlib `math`	HARNESS_LIMITATION	p1210-superficie-publica.json	vanilla side inherited from P1140.26; requires fresh vanilla enumerator
surface:math.compose	surface-wide-provisional	math.compose	MISSING_MEMBER	owner for stdlib `math`	HARNESS_LIMITATION	p1210-superficie-publica.json	vanilla side inherited from P1140.26; requires fresh vanilla enumerator
surface:math.control	surface-wide-provisional	math.control	MISSING_MEMBER	owner for stdlib `math`	HARNESS_LIMITATION	p1210-superficie-publica.json	vanilla side inherited from P1140.26; requires fresh vanilla enumerator
surface:math.control.ack	surface-wide-provisional	math.control.ack	MISSING_MEMBER	owner for stdlib `math`	HARNESS_LIMITATION	p1210-superficie-publica.json	vanilla side inherited from P1140.26; requires fresh vanilla enumerator
surface:math.control.bel	surface-wide-provisional	math.control.bel	MISSING_MEMBER	owner for stdlib `math`	HARNESS_LIMITATION	p1210-superficie-publica.json	vanilla side inherited from P1140.26; requires fresh vanilla enumerator
surface:math.control.bs	surface-wide-provisional	math.control.bs	MISSING_MEMBER	owner for stdlib `math`	HARNESS_LIMITATION	p1210-superficie-publica.json	vanilla side inherited from P1140.26; requires fresh vanilla enumerator
surface:math.control.can	surface-wide-provisional	math.control.can	MISSING_MEMBER	owner for stdlib `math`	HARNESS_LIMITATION	p1210-superficie-publica.json	vanilla side inherited from P1140.26; requires fresh vanilla enumerator
surface:math.control.cr	surface-wide-provisional	math.control.cr	MISSING_MEMBER	owner for stdlib `math`	HARNESS_LIMITATION	p1210-superficie-publica.json	vanilla side inherited from P1140.26; requires fresh vanilla enumerator
surface:math.control.dc	surface-wide-provisional	math.control.dc	MISSING_MEMBER	owner for stdlib `math`	HARNESS_LIMITATION	p1210-superficie-publica.json	vanilla side inherited from P1140.26; requires fresh vanilla enumerator
surface:math.control.del	surface-wide-provisional	math.control.del	MISSING_MEMBER	owner for stdlib `math`	HARNESS_LIMITATION	p1210-superficie-publica.json	vanilla side inherited from P1140.26; requires fresh vanilla enumerator
surface:math.control.dle	surface-wide-provisional	math.control.dle	MISSING_MEMBER	owner for stdlib `math`	HARNESS_LIMITATION	p1210-superficie-publica.json	vanilla side inherited from P1140.26; requires fresh vanilla enumerator
surface:math.control.em	surface-wide-provisional	math.control.em	MISSING_MEMBER	owner for stdlib `math`	HARNESS_LIMITATION	p1210-superficie-publica.json	vanilla side inherited from P1140.26; requires fresh vanilla enumerator
surface:math.control.enq	surface-wide-provisional	math.control.enq	MISSING_MEMBER	owner for stdlib `math`	HARNESS_LIMITATION	p1210-superficie-publica.json	vanilla side inherited from P1140.26; requires fresh vanilla enumerator
surface:math.control.eot	surface-wide-provisional	math.control.eot	MISSING_MEMBER	owner for stdlib `math`	HARNESS_LIMITATION	p1210-superficie-publica.json	vanilla side inherited from P1140.26; requires fresh vanilla enumerator
surface:math.control.esc	surface-wide-provisional	math.control.esc	MISSING_MEMBER	owner for stdlib `math`	HARNESS_LIMITATION	p1210-superficie-publica.json	vanilla side inherited from P1140.26; requires fresh vanilla enumerator
surface:math.control.etb	surface-wide-provisional	math.control.etb	MISSING_MEMBER	owner for stdlib `math`	HARNESS_LIMITATION	p1210-superficie-publica.json	vanilla side inherited from P1140.26; requires fresh vanilla enumerator
surface:math.control.etx	surface-wide-provisional	math.control.etx	MISSING_MEMBER	owner for stdlib `math`	HARNESS_LIMITATION	p1210-superficie-publica.json	vanilla side inherited from P1140.26; requires fresh vanilla enumerator
surface:math.control.ff	surface-wide-provisional	math.control.ff	MISSING_MEMBER	owner for stdlib `math`	HARNESS_LIMITATION	p1210-superficie-publica.json	vanilla side inherited from P1140.26; requires fresh vanilla enumerator
surface:math.control.fs	surface-wide-provisional	math.control.fs	MISSING_MEMBER	owner for stdlib `math`	HARNESS_LIMITATION	p1210-superficie-publica.json	vanilla side inherited from P1140.26; requires fresh vanilla enumerator
surface:math.control.gs	surface-wide-provisional	math.control.gs	MISSING_MEMBER	owner for stdlib `math`	HARNESS_LIMITATION	p1210-superficie-publica.json	vanilla side inherited from P1140.26; requires fresh vanilla enumerator
surface:math.control.ht	surface-wide-provisional	math.control.ht	MISSING_MEMBER	owner for stdlib `math`	HARNESS_LIMITATION	p1210-superficie-publica.json	vanilla side inherited from P1140.26; requires fresh vanilla enumerator
surface:math.control.lf	surface-wide-provisional	math.control.lf	MISSING_MEMBER	owner for stdlib `math`	HARNESS_LIMITATION	p1210-superficie-publica.json	vanilla side inherited from P1140.26; requires fresh vanilla enumerator
surface:math.control.nak	surface-wide-provisional	math.control.nak	MISSING_MEMBER	owner for stdlib `math`	HARNESS_LIMITATION	p1210-superficie-publica.json	vanilla side inherited from P1140.26; requires fresh vanilla enumerator
surface:math.control.nl	surface-wide-provisional	math.control.nl	MISSING_MEMBER	owner for stdlib `math`	HARNESS_LIMITATION	p1210-superficie-publica.json	vanilla side inherited from P1140.26; requires fresh vanilla enumerator
surface:math.control.nul	surface-wide-provisional	math.control.nul	MISSING_MEMBER	owner for stdlib `math`	HARNESS_LIMITATION	p1210-superficie-publica.json	vanilla side inherited from P1140.26; requires fresh vanilla enumerator
surface:math.control.rs	surface-wide-provisional	math.control.rs	MISSING_MEMBER	owner for stdlib `math`	HARNESS_LIMITATION	p1210-superficie-publica.json	vanilla side inherited from P1140.26; requires fresh vanilla enumerator
surface:math.control.si	surface-wide-provisional	math.control.si	MISSING_MEMBER	owner for stdlib `math`	HARNESS_LIMITATION	p1210-superficie-publica.json	vanilla side inherited from P1140.26; requires fresh vanilla enumerator
surface:math.control.so	surface-wide-provisional	math.control.so	MISSING_MEMBER	owner for stdlib `math`	HARNESS_LIMITATION	p1210-superficie-publica.json	vanilla side inherited from P1140.26; requires fresh vanilla enumerator
surface:math.control.soh	surface-wide-provisional	math.control.soh	MISSING_MEMBER	owner for stdlib `math`	HARNESS_LIMITATION	p1210-superficie-publica.json	vanilla side inherited from P1140.26; requires fresh vanilla enumerator
surface:math.control.sp	surface-wide-provisional	math.control.sp	MISSING_MEMBER	owner for stdlib `math`	HARNESS_LIMITATION	p1210-superficie-publica.json	vanilla side inherited from P1140.26; requires fresh vanilla enumerator
surface:math.control.stx	surface-wide-provisional	math.control.stx	MISSING_MEMBER	owner for stdlib `math`	HARNESS_LIMITATION	p1210-superficie-publica.json	vanilla side inherited from P1140.26; requires fresh vanilla enumerator
surface:math.control.sub	surface-wide-provisional	math.control.sub	MISSING_MEMBER	owner for stdlib `math`	HARNESS_LIMITATION	p1210-superficie-publica.json	vanilla side inherited from P1140.26; requires fresh vanilla enumerator
surface:math.control.syn	surface-wide-provisional	math.control.syn	MISSING_MEMBER	owner for stdlib `math`	HARNESS_LIMITATION	p1210-superficie-publica.json	vanilla side inherited from P1140.26; requires fresh vanilla enumerator
surface:math.control.us	surface-wide-provisional	math.control.us	MISSING_MEMBER	owner for stdlib `math`	HARNESS_LIMITATION	p1210-superficie-publica.json	vanilla side inherited from P1140.26; requires fresh vanilla enumerator
surface:math.control.vt	surface-wide-provisional	math.control.vt	MISSING_MEMBER	owner for stdlib `math`	HARNESS_LIMITATION	p1210-superficie-publica.json	vanilla side inherited from P1140.26; requires fresh vanilla enumerator
surface:math.convolve	surface-wide-provisional	math.convolve	MISSING_MEMBER	owner for stdlib `math`	HARNESS_LIMITATION	p1210-superficie-publica.json	vanilla side inherited from P1140.26; requires fresh vanilla enumerator
surface:math.copyleft	surface-wide-provisional	math.copyleft	MISSING_MEMBER	owner for stdlib `math`	HARNESS_LIMITATION	p1210-superficie-publica.json	vanilla side inherited from P1140.26; requires fresh vanilla enumerator
surface:math.corner	surface-wide-provisional	math.corner	MISSING_MEMBER	owner for stdlib `math`	HARNESS_LIMITATION	p1210-superficie-publica.json	vanilla side inherited from P1140.26; requires fresh vanilla enumerator
surface:math.crossmark	surface-wide-provisional	math.crossmark	MISSING_MEMBER	owner for stdlib `math`	HARNESS_LIMITATION	p1210-superficie-publica.json	vanilla side inherited from P1140.26; requires fresh vanilla enumerator
surface:math.currency	surface-wide-provisional	math.currency	MISSING_MEMBER	owner for stdlib `math`	HARNESS_LIMITATION	p1210-superficie-publica.json	vanilla side inherited from P1140.26; requires fresh vanilla enumerator
surface:math.daleth	surface-wide-provisional	math.daleth	MISSING_MEMBER	owner for stdlib `math`	HARNESS_LIMITATION	p1210-superficie-publica.json	vanilla side inherited from P1140.26; requires fresh vanilla enumerator
surface:math.dash	surface-wide-provisional	math.dash	MISSING_MEMBER	owner for stdlib `math`	HARNESS_LIMITATION	p1210-superficie-publica.json	vanilla side inherited from P1140.26; requires fresh vanilla enumerator
surface:math.degree	surface-wide-provisional	math.degree	MISSING_MEMBER	owner for stdlib `math`	HARNESS_LIMITATION	p1210-superficie-publica.json	vanilla side inherited from P1140.26; requires fresh vanilla enumerator
surface:math.diaer	surface-wide-provisional	math.diaer	MISSING_MEMBER	owner for stdlib `math`	HARNESS_LIMITATION	p1210-superficie-publica.json	vanilla side inherited from P1140.26; requires fresh vanilla enumerator
surface:math.diameter	surface-wide-provisional	math.diameter	MISSING_MEMBER	owner for stdlib `math`	HARNESS_LIMITATION	p1210-superficie-publica.json	vanilla side inherited from P1140.26; requires fresh vanilla enumerator
surface:math.die	surface-wide-provisional	math.die	MISSING_MEMBER	owner for stdlib `math`	HARNESS_LIMITATION	p1210-superficie-publica.json	vanilla side inherited from P1140.26; requires fresh vanilla enumerator
surface:math.digamma	surface-wide-provisional	math.digamma	MISSING_MEMBER	owner for stdlib `math`	HARNESS_LIMITATION	p1210-superficie-publica.json	vanilla side inherited from P1140.26; requires fresh vanilla enumerator
surface:math.display	surface-wide-provisional	math.display	MISSING_MEMBER	owner for stdlib `math`	HARNESS_LIMITATION	p1210-superficie-publica.json	vanilla side inherited from P1140.26; requires fresh vanilla enumerator
surface:math.divides	surface-wide-provisional	math.divides	MISSING_MEMBER	owner for stdlib `math`	HARNESS_LIMITATION	p1210-superficie-publica.json	vanilla side inherited from P1140.26; requires fresh vanilla enumerator
surface:math.dollar	surface-wide-provisional	math.dollar	MISSING_MEMBER	owner for stdlib `math`	HARNESS_LIMITATION	p1210-superficie-publica.json	vanilla side inherited from P1140.26; requires fresh vanilla enumerator
surface:math.dong	surface-wide-provisional	math.dong	MISSING_MEMBER	owner for stdlib `math`	HARNESS_LIMITATION	p1210-superficie-publica.json	vanilla side inherited from P1140.26; requires fresh vanilla enumerator
surface:math.dorome	surface-wide-provisional	math.dorome	MISSING_MEMBER	owner for stdlib `math`	HARNESS_LIMITATION	p1210-superficie-publica.json	vanilla side inherited from P1140.26; requires fresh vanilla enumerator
surface:math.dotless	surface-wide-provisional	math.dotless	MISSING_MEMBER	owner for stdlib `math`	HARNESS_LIMITATION	p1210-superficie-publica.json	vanilla side inherited from P1140.26; requires fresh vanilla enumerator
surface:math.dram	surface-wide-provisional	math.dram	MISSING_MEMBER	owner for stdlib `math`	HARNESS_LIMITATION	p1210-superficie-publica.json	vanilla side inherited from P1140.26; requires fresh vanilla enumerator
surface:math.earth	surface-wide-provisional	math.earth	MISSING_MEMBER	owner for stdlib `math`	HARNESS_LIMITATION	p1210-superficie-publica.json	vanilla side inherited from P1140.26; requires fresh vanilla enumerator
surface:math.ell	surface-wide-provisional	math.ell	MISSING_MEMBER	owner for stdlib `math`	HARNESS_LIMITATION	p1210-superficie-publica.json	vanilla side inherited from P1140.26; requires fresh vanilla enumerator
surface:math.ellipse	surface-wide-provisional	math.ellipse	MISSING_MEMBER	owner for stdlib `math`	HARNESS_LIMITATION	p1210-superficie-publica.json	vanilla side inherited from P1140.26; requires fresh vanilla enumerator
surface:math.equation	surface-wide-provisional	math.equation	UNVERIFIED_METADATA	owner for stdlib `math`	HARNESS_LIMITATION	p1210-superficie-publica.json	vanilla side inherited from P1140.26; requires fresh vanilla enumerator
surface:math.equiv	surface-wide-provisional	math.equiv	MISSING_MEMBER	owner for stdlib `math`	HARNESS_LIMITATION	p1210-superficie-publica.json	vanilla side inherited from P1140.26; requires fresh vanilla enumerator
surface:math.errorbar	surface-wide-provisional	math.errorbar	MISSING_MEMBER	owner for stdlib `math`	HARNESS_LIMITATION	p1210-superficie-publica.json	vanilla side inherited from P1140.26; requires fresh vanilla enumerator
surface:math.euro	surface-wide-provisional	math.euro	MISSING_MEMBER	owner for stdlib `math`	HARNESS_LIMITATION	p1210-superficie-publica.json	vanilla side inherited from P1140.26; requires fresh vanilla enumerator
surface:math.excl	surface-wide-provisional	math.excl	MISSING_MEMBER	owner for stdlib `math`	HARNESS_LIMITATION	p1210-superficie-publica.json	vanilla side inherited from P1140.26; requires fresh vanilla enumerator
surface:math.fence	surface-wide-provisional	math.fence	MISSING_MEMBER	owner for stdlib `math`	HARNESS_LIMITATION	p1210-superficie-publica.json	vanilla side inherited from P1140.26; requires fresh vanilla enumerator
surface:math.flat	surface-wide-provisional	math.flat	MISSING_MEMBER	owner for stdlib `math`	HARNESS_LIMITATION	p1210-superficie-publica.json	vanilla side inherited from P1140.26; requires fresh vanilla enumerator
surface:math.floral	surface-wide-provisional	math.floral	MISSING_MEMBER	owner for stdlib `math`	HARNESS_LIMITATION	p1210-superficie-publica.json	vanilla side inherited from P1140.26; requires fresh vanilla enumerator
surface:math.forces	surface-wide-provisional	math.forces	MISSING_MEMBER	owner for stdlib `math`	HARNESS_LIMITATION	p1210-superficie-publica.json	vanilla side inherited from P1140.26; requires fresh vanilla enumerator
surface:math.frac	surface-wide-provisional	math.frac	MISSING_MEMBER	owner for stdlib `math`	HARNESS_LIMITATION	p1210-superficie-publica.json	vanilla side inherited from P1140.26; requires fresh vanilla enumerator
surface:math.frak	surface-wide-provisional	math.frak	MISSING_MEMBER	owner for stdlib `math`	HARNESS_LIMITATION	p1210-superficie-publica.json	vanilla side inherited from P1140.26; requires fresh vanilla enumerator
surface:math.frown	surface-wide-provisional	math.frown	MISSING_MEMBER	owner for stdlib `math`	HARNESS_LIMITATION	p1210-superficie-publica.json	vanilla side inherited from P1140.26; requires fresh vanilla enumerator
surface:math.gender	surface-wide-provisional	math.gender	MISSING_MEMBER	owner for stdlib `math`	HARNESS_LIMITATION	p1210-superficie-publica.json	vanilla side inherited from P1140.26; requires fresh vanilla enumerator
surface:math.gender.female	surface-wide-provisional	math.gender.female	MISSING_MEMBER	owner for stdlib `math`	HARNESS_LIMITATION	p1210-superficie-publica.json	vanilla side inherited from P1140.26; requires fresh vanilla enumerator
surface:math.gender.intersex	surface-wide-provisional	math.gender.intersex	MISSING_MEMBER	owner for stdlib `math`	HARNESS_LIMITATION	p1210-superficie-publica.json	vanilla side inherited from P1140.26; requires fresh vanilla enumerator
surface:math.gender.male	surface-wide-provisional	math.gender.male	MISSING_MEMBER	owner for stdlib `math`	HARNESS_LIMITATION	p1210-superficie-publica.json	vanilla side inherited from P1140.26; requires fresh vanilla enumerator
surface:math.gender.neuter	surface-wide-provisional	math.gender.neuter	MISSING_MEMBER	owner for stdlib `math`	HARNESS_LIMITATION	p1210-superficie-publica.json	vanilla side inherited from P1140.26; requires fresh vanilla enumerator
surface:math.gender.trans	surface-wide-provisional	math.gender.trans	MISSING_MEMBER	owner for stdlib `math`	HARNESS_LIMITATION	p1210-superficie-publica.json	vanilla side inherited from P1140.26; requires fresh vanilla enumerator
surface:math.gimel	surface-wide-provisional	math.gimel	MISSING_MEMBER	owner for stdlib `math`	HARNESS_LIMITATION	p1210-superficie-publica.json	vanilla side inherited from P1140.26; requires fresh vanilla enumerator
surface:math.gradient	surface-wide-provisional	math.gradient	MISSING_MEMBER	owner for stdlib `math`	HARNESS_LIMITATION	p1210-superficie-publica.json	vanilla side inherited from P1140.26; requires fresh vanilla enumerator
surface:math.grave	surface-wide-provisional	math.grave	MISSING_MEMBER	owner for stdlib `math`	HARNESS_LIMITATION	p1210-superficie-publica.json	vanilla side inherited from P1140.26; requires fresh vanilla enumerator
surface:math.guarani	surface-wide-provisional	math.guarani	MISSING_MEMBER	owner for stdlib `math`	HARNESS_LIMITATION	p1210-superficie-publica.json	vanilla side inherited from P1140.26; requires fresh vanilla enumerator
surface:math.harpoon	surface-wide-provisional	math.harpoon	MISSING_MEMBER	owner for stdlib `math`	HARNESS_LIMITATION	p1210-superficie-publica.json	vanilla side inherited from P1140.26; requires fresh vanilla enumerator
surface:math.harpoons	surface-wide-provisional	math.harpoons	MISSING_MEMBER	owner for stdlib `math`	HARNESS_LIMITATION	p1210-superficie-publica.json	vanilla side inherited from P1140.26; requires fresh vanilla enumerator
surface:math.hash	surface-wide-provisional	math.hash	MISSING_MEMBER	owner for stdlib `math`	HARNESS_LIMITATION	p1210-superficie-publica.json	vanilla side inherited from P1140.26; requires fresh vanilla enumerator
surface:math.hat	surface-wide-provisional	math.hat	MISSING_MEMBER	owner for stdlib `math`	HARNESS_LIMITATION	p1210-superficie-publica.json	vanilla side inherited from P1140.26; requires fresh vanilla enumerator
surface:math.hexa	surface-wide-provisional	math.hexa	MISSING_MEMBER	owner for stdlib `math`	HARNESS_LIMITATION	p1210-superficie-publica.json	vanilla side inherited from P1140.26; requires fresh vanilla enumerator
surface:math.hourglass	surface-wide-provisional	math.hourglass	MISSING_MEMBER	owner for stdlib `math`	HARNESS_LIMITATION	p1210-superficie-publica.json	vanilla side inherited from P1140.26; requires fresh vanilla enumerator
surface:math.hryvnia	surface-wide-provisional	math.hryvnia	MISSING_MEMBER	owner for stdlib `math`	HARNESS_LIMITATION	p1210-superficie-publica.json	vanilla side inherited from P1140.26; requires fresh vanilla enumerator
surface:math.hyph	surface-wide-provisional	math.hyph	MISSING_MEMBER	owner for stdlib `math`	HARNESS_LIMITATION	p1210-superficie-publica.json	vanilla side inherited from P1140.26; requires fresh vanilla enumerator
surface:math.image	surface-wide-provisional	math.image	MISSING_MEMBER	owner for stdlib `math`	HARNESS_LIMITATION	p1210-superficie-publica.json	vanilla side inherited from P1140.26; requires fresh vanilla enumerator
surface:math.inline	surface-wide-provisional	math.inline	MISSING_MEMBER	owner for stdlib `math`	HARNESS_LIMITATION	p1210-superficie-publica.json	vanilla side inherited from P1140.26; requires fresh vanilla enumerator
surface:math.interleave	surface-wide-provisional	math.interleave	MISSING_MEMBER	owner for stdlib `math`	HARNESS_LIMITATION	p1210-superficie-publica.json	vanilla side inherited from P1140.26; requires fresh vanilla enumerator
surface:math.interrobang	surface-wide-provisional	math.interrobang	MISSING_MEMBER	owner for stdlib `math`	HARNESS_LIMITATION	p1210-superficie-publica.json	vanilla side inherited from P1140.26; requires fresh vanilla enumerator
surface:math.italic	surface-wide-provisional	math.italic	MISSING_MEMBER	owner for stdlib `math`	HARNESS_LIMITATION	p1210-superficie-publica.json	vanilla side inherited from P1140.26; requires fresh vanilla enumerator
surface:math.jupiter	surface-wide-provisional	math.jupiter	MISSING_MEMBER	owner for stdlib `math`	HARNESS_LIMITATION	p1210-superficie-publica.json	vanilla side inherited from P1140.26; requires fresh vanilla enumerator
surface:math.kip	surface-wide-provisional	math.kip	MISSING_MEMBER	owner for stdlib `math`	HARNESS_LIMITATION	p1210-superficie-publica.json	vanilla side inherited from P1140.26; requires fresh vanilla enumerator
surface:math.laplace	surface-wide-provisional	math.laplace	MISSING_MEMBER	owner for stdlib `math`	HARNESS_LIMITATION	p1210-superficie-publica.json	vanilla side inherited from P1140.26; requires fresh vanilla enumerator
surface:math.lari	surface-wide-provisional	math.lari	MISSING_MEMBER	owner for stdlib `math`	HARNESS_LIMITATION	p1210-superficie-publica.json	vanilla side inherited from P1140.26; requires fresh vanilla enumerator
surface:math.lat	surface-wide-provisional	math.lat	MISSING_MEMBER	owner for stdlib `math`	HARNESS_LIMITATION	p1210-superficie-publica.json	vanilla side inherited from P1140.26; requires fresh vanilla enumerator
surface:math.limits	surface-wide-provisional	math.limits	MISSING_MEMBER	owner for stdlib `math`	HARNESS_LIMITATION	p1210-superficie-publica.json	vanilla side inherited from P1140.26; requires fresh vanilla enumerator
surface:math.lira	surface-wide-provisional	math.lira	MISSING_MEMBER	owner for stdlib `math`	HARNESS_LIMITATION	p1210-superficie-publica.json	vanilla side inherited from P1140.26; requires fresh vanilla enumerator
surface:math.lozenge	surface-wide-provisional	math.lozenge	MISSING_MEMBER	owner for stdlib `math`	HARNESS_LIMITATION	p1210-superficie-publica.json	vanilla side inherited from P1140.26; requires fresh vanilla enumerator
surface:math.lr	surface-wide-provisional	math.lr	MISSING_MEMBER	owner for stdlib `math`	HARNESS_LIMITATION	p1210-superficie-publica.json	vanilla side inherited from P1140.26; requires fresh vanilla enumerator
surface:math.lrm	surface-wide-provisional	math.lrm	MISSING_MEMBER	owner for stdlib `math`	HARNESS_LIMITATION	p1210-superficie-publica.json	vanilla side inherited from P1140.26; requires fresh vanilla enumerator
surface:math.macron	surface-wide-provisional	math.macron	MISSING_MEMBER	owner for stdlib `math`	HARNESS_LIMITATION	p1210-superficie-publica.json	vanilla side inherited from P1140.26; requires fresh vanilla enumerator
surface:math.maltese	surface-wide-provisional	math.maltese	MISSING_MEMBER	owner for stdlib `math`	HARNESS_LIMITATION	p1210-superficie-publica.json	vanilla side inherited from P1140.26; requires fresh vanilla enumerator
surface:math.manat	surface-wide-provisional	math.manat	MISSING_MEMBER	owner for stdlib `math`	HARNESS_LIMITATION	p1210-superficie-publica.json	vanilla side inherited from P1140.26; requires fresh vanilla enumerator
surface:math.mapsfrom	surface-wide-provisional	math.mapsfrom	MISSING_MEMBER	owner for stdlib `math`	HARNESS_LIMITATION	p1210-superficie-publica.json	vanilla side inherited from P1140.26; requires fresh vanilla enumerator
surface:math.mapsto	surface-wide-provisional	math.mapsto	MISSING_MEMBER	owner for stdlib `math`	HARNESS_LIMITATION	p1210-superficie-publica.json	vanilla side inherited from P1140.26; requires fresh vanilla enumerator
surface:math.mars	surface-wide-provisional	math.mars	MISSING_MEMBER	owner for stdlib `math`	HARNESS_LIMITATION	p1210-superficie-publica.json	vanilla side inherited from P1140.26; requires fresh vanilla enumerator
surface:math.mat	surface-wide-provisional	math.mat	MISSING_MEMBER	owner for stdlib `math`	HARNESS_LIMITATION	p1210-superficie-publica.json	vanilla side inherited from P1140.26; requires fresh vanilla enumerator
surface:math.mercury	surface-wide-provisional	math.mercury	MISSING_MEMBER	owner for stdlib `math`	HARNESS_LIMITATION	p1210-superficie-publica.json	vanilla side inherited from P1140.26; requires fresh vanilla enumerator
surface:math.mid	surface-wide-provisional	math.mid	MISSING_MEMBER	owner for stdlib `math`	HARNESS_LIMITATION	p1210-superficie-publica.json	vanilla side inherited from P1140.26; requires fresh vanilla enumerator
surface:math.miny	surface-wide-provisional	math.miny	MISSING_MEMBER	owner for stdlib `math`	HARNESS_LIMITATION	p1210-superficie-publica.json	vanilla side inherited from P1140.26; requires fresh vanilla enumerator
surface:math.models	surface-wide-provisional	math.models	MISSING_MEMBER	owner for stdlib `math`	HARNESS_LIMITATION	p1210-superficie-publica.json	vanilla side inherited from P1140.26; requires fresh vanilla enumerator
surface:math.mono	surface-wide-provisional	math.mono	MISSING_MEMBER	owner for stdlib `math`	HARNESS_LIMITATION	p1210-superficie-publica.json	vanilla side inherited from P1140.26; requires fresh vanilla enumerator
surface:math.multimap	surface-wide-provisional	math.multimap	MISSING_MEMBER	owner for stdlib `math`	HARNESS_LIMITATION	p1210-superficie-publica.json	vanilla side inherited from P1140.26; requires fresh vanilla enumerator
surface:math.mustache	surface-wide-provisional	math.mustache	MISSING_MEMBER	owner for stdlib `math`	HARNESS_LIMITATION	p1210-superficie-publica.json	vanilla side inherited from P1140.26; requires fresh vanilla enumerator
surface:math.nabla	surface-wide-provisional	math.nabla	MISSING_MEMBER	owner for stdlib `math`	HARNESS_LIMITATION	p1210-superficie-publica.json	vanilla side inherited from P1140.26; requires fresh vanilla enumerator
surface:math.naira	surface-wide-provisional	math.naira	MISSING_MEMBER	owner for stdlib `math`	HARNESS_LIMITATION	p1210-superficie-publica.json	vanilla side inherited from P1140.26; requires fresh vanilla enumerator
surface:math.natural	surface-wide-provisional	math.natural	MISSING_MEMBER	owner for stdlib `math`	HARNESS_LIMITATION	p1210-superficie-publica.json	vanilla side inherited from P1140.26; requires fresh vanilla enumerator
surface:math.neptune	surface-wide-provisional	math.neptune	MISSING_MEMBER	owner for stdlib `math`	HARNESS_LIMITATION	p1210-superficie-publica.json	vanilla side inherited from P1140.26; requires fresh vanilla enumerator
surface:math.norm	surface-wide-provisional	math.norm	MISSING_MEMBER	owner for stdlib `math`	HARNESS_LIMITATION	p1210-superficie-publica.json	vanilla side inherited from P1140.26; requires fresh vanilla enumerator
surface:math.note	surface-wide-provisional	math.note	MISSING_MEMBER	owner for stdlib `math`	HARNESS_LIMITATION	p1210-superficie-publica.json	vanilla side inherited from P1140.26; requires fresh vanilla enumerator
surface:math.nothing	surface-wide-provisional	math.nothing	MISSING_MEMBER	owner for stdlib `math`	HARNESS_LIMITATION	p1210-superficie-publica.json	vanilla side inherited from P1140.26; requires fresh vanilla enumerator
surface:math.numero	surface-wide-provisional	math.numero	MISSING_MEMBER	owner for stdlib `math`	HARNESS_LIMITATION	p1210-superficie-publica.json	vanilla side inherited from P1140.26; requires fresh vanilla enumerator
surface:math.omicron	surface-wide-provisional	math.omicron	MISSING_MEMBER	owner for stdlib `math`	HARNESS_LIMITATION	p1210-superficie-publica.json	vanilla side inherited from P1140.26; requires fresh vanilla enumerator
surface:math.op	surface-wide-provisional	math.op	UNVERIFIED_METADATA	owner for stdlib `math`	HARNESS_LIMITATION	p1210-superficie-publica.json	vanilla side inherited from P1140.26; requires fresh vanilla enumerator
surface:math.original	surface-wide-provisional	math.original	MISSING_MEMBER	owner for stdlib `math`	HARNESS_LIMITATION	p1210-superficie-publica.json	vanilla side inherited from P1140.26; requires fresh vanilla enumerator
surface:math.overbrace	surface-wide-provisional	math.overbrace	MISSING_MEMBER	owner for stdlib `math`	HARNESS_LIMITATION	p1210-superficie-publica.json	vanilla side inherited from P1140.26; requires fresh vanilla enumerator
surface:math.overbracket	surface-wide-provisional	math.overbracket	MISSING_MEMBER	owner for stdlib `math`	HARNESS_LIMITATION	p1210-superficie-publica.json	vanilla side inherited from P1140.26; requires fresh vanilla enumerator
surface:math.overline	surface-wide-provisional	math.overline	MISSING_MEMBER	owner for stdlib `math`	HARNESS_LIMITATION	p1210-superficie-publica.json	vanilla side inherited from P1140.26; requires fresh vanilla enumerator
surface:math.overparen	surface-wide-provisional	math.overparen	MISSING_MEMBER	owner for stdlib `math`	HARNESS_LIMITATION	p1210-superficie-publica.json	vanilla side inherited from P1140.26; requires fresh vanilla enumerator
surface:math.overshell	surface-wide-provisional	math.overshell	MISSING_MEMBER	owner for stdlib `math`	HARNESS_LIMITATION	p1210-superficie-publica.json	vanilla side inherited from P1140.26; requires fresh vanilla enumerator
surface:math.parallel	surface-wide-provisional	math.parallel	MISSING_MEMBER	owner for stdlib `math`	HARNESS_LIMITATION	p1210-superficie-publica.json	vanilla side inherited from P1140.26; requires fresh vanilla enumerator
surface:math.parallelogram	surface-wide-provisional	math.parallelogram	MISSING_MEMBER	owner for stdlib `math`	HARNESS_LIMITATION	p1210-superficie-publica.json	vanilla side inherited from P1140.26; requires fresh vanilla enumerator
surface:math.paren	surface-wide-provisional	math.paren	MISSING_MEMBER	owner for stdlib `math`	HARNESS_LIMITATION	p1210-superficie-publica.json	vanilla side inherited from P1140.26; requires fresh vanilla enumerator
surface:math.partial	surface-wide-provisional	math.partial	MISSING_MEMBER	owner for stdlib `math`	HARNESS_LIMITATION	p1210-superficie-publica.json	vanilla side inherited from P1140.26; requires fresh vanilla enumerator
surface:math.pataca	surface-wide-provisional	math.pataca	MISSING_MEMBER	owner for stdlib `math`	HARNESS_LIMITATION	p1210-superficie-publica.json	vanilla side inherited from P1140.26; requires fresh vanilla enumerator
surface:math.pee	surface-wide-provisional	math.pee	MISSING_MEMBER	owner for stdlib `math`	HARNESS_LIMITATION	p1210-superficie-publica.json	vanilla side inherited from P1140.26; requires fresh vanilla enumerator
surface:math.penta	surface-wide-provisional	math.penta	MISSING_MEMBER	owner for stdlib `math`	HARNESS_LIMITATION	p1210-superficie-publica.json	vanilla side inherited from P1140.26; requires fresh vanilla enumerator
surface:math.percent	surface-wide-provisional	math.percent	MISSING_MEMBER	owner for stdlib `math`	HARNESS_LIMITATION	p1210-superficie-publica.json	vanilla side inherited from P1140.26; requires fresh vanilla enumerator
surface:math.permille	surface-wide-provisional	math.permille	MISSING_MEMBER	owner for stdlib `math`	HARNESS_LIMITATION	p1210-superficie-publica.json	vanilla side inherited from P1140.26; requires fresh vanilla enumerator
surface:math.permyriad	surface-wide-provisional	math.permyriad	MISSING_MEMBER	owner for stdlib `math`	HARNESS_LIMITATION	p1210-superficie-publica.json	vanilla side inherited from P1140.26; requires fresh vanilla enumerator
surface:math.perp	surface-wide-provisional	math.perp	MISSING_MEMBER	owner for stdlib `math`	HARNESS_LIMITATION	p1210-superficie-publica.json	vanilla side inherited from P1140.26; requires fresh vanilla enumerator
surface:math.peso	surface-wide-provisional	math.peso	MISSING_MEMBER	owner for stdlib `math`	HARNESS_LIMITATION	p1210-superficie-publica.json	vanilla side inherited from P1140.26; requires fresh vanilla enumerator
surface:math.pilcrow	surface-wide-provisional	math.pilcrow	MISSING_MEMBER	owner for stdlib `math`	HARNESS_LIMITATION	p1210-superficie-publica.json	vanilla side inherited from P1140.26; requires fresh vanilla enumerator
surface:math.pound	surface-wide-provisional	math.pound	MISSING_MEMBER	owner for stdlib `math`	HARNESS_LIMITATION	p1210-superficie-publica.json	vanilla side inherited from P1140.26; requires fresh vanilla enumerator
surface:math.power	surface-wide-provisional	math.power	MISSING_MEMBER	owner for stdlib `math`	HARNESS_LIMITATION	p1210-superficie-publica.json	vanilla side inherited from P1140.26; requires fresh vanilla enumerator
surface:math.prec	surface-wide-provisional	math.prec	MISSING_MEMBER	owner for stdlib `math`	HARNESS_LIMITATION	p1210-superficie-publica.json	vanilla side inherited from P1140.26; requires fresh vanilla enumerator
surface:math.prime	surface-wide-provisional	math.prime	MISSING_MEMBER	owner for stdlib `math`	HARNESS_LIMITATION	p1210-superficie-publica.json	vanilla side inherited from P1140.26; requires fresh vanilla enumerator
surface:math.primes	surface-wide-provisional	math.primes	MISSING_MEMBER	owner for stdlib `math`	HARNESS_LIMITATION	p1210-superficie-publica.json	vanilla side inherited from P1140.26; requires fresh vanilla enumerator
surface:math.qed	surface-wide-provisional	math.qed	MISSING_MEMBER	owner for stdlib `math`	HARNESS_LIMITATION	p1210-superficie-publica.json	vanilla side inherited from P1140.26; requires fresh vanilla enumerator
surface:math.quest	surface-wide-provisional	math.quest	MISSING_MEMBER	owner for stdlib `math`	HARNESS_LIMITATION	p1210-superficie-publica.json	vanilla side inherited from P1140.26; requires fresh vanilla enumerator
surface:math.quote	surface-wide-provisional	math.quote	MISSING_MEMBER	owner for stdlib `math`	HARNESS_LIMITATION	p1210-superficie-publica.json	vanilla side inherited from P1140.26; requires fresh vanilla enumerator
surface:math.ratio	surface-wide-provisional	math.ratio	MISSING_MEMBER	owner for stdlib `math`	HARNESS_LIMITATION	p1210-superficie-publica.json	vanilla side inherited from P1140.26; requires fresh vanilla enumerator
surface:math.rect	surface-wide-provisional	math.rect	MISSING_MEMBER	owner for stdlib `math`	HARNESS_LIMITATION	p1210-superficie-publica.json	vanilla side inherited from P1140.26; requires fresh vanilla enumerator
surface:math.refmark	surface-wide-provisional	math.refmark	MISSING_MEMBER	owner for stdlib `math`	HARNESS_LIMITATION	p1210-superficie-publica.json	vanilla side inherited from P1140.26; requires fresh vanilla enumerator
surface:math.registered	surface-wide-provisional	math.registered	EXTRA_BINDING	owner for stdlib `math`	HARNESS_LIMITATION	p1210-superficie-publica.json	vanilla side inherited from P1140.26; requires fresh vanilla enumerator
surface:math.rest	surface-wide-provisional	math.rest	MISSING_MEMBER	owner for stdlib `math`	HARNESS_LIMITATION	p1210-superficie-publica.json	vanilla side inherited from P1140.26; requires fresh vanilla enumerator
surface:math.riel	surface-wide-provisional	math.riel	MISSING_MEMBER	owner for stdlib `math`	HARNESS_LIMITATION	p1210-superficie-publica.json	vanilla side inherited from P1140.26; requires fresh vanilla enumerator
surface:math.riyal	surface-wide-provisional	math.riyal	MISSING_MEMBER	owner for stdlib `math`	HARNESS_LIMITATION	p1210-superficie-publica.json	vanilla side inherited from P1140.26; requires fresh vanilla enumerator
surface:math.rlm	surface-wide-provisional	math.rlm	MISSING_MEMBER	owner for stdlib `math`	HARNESS_LIMITATION	p1210-superficie-publica.json	vanilla side inherited from P1140.26; requires fresh vanilla enumerator
surface:math.root	surface-wide-provisional	math.root	MISSING_MEMBER	owner for stdlib `math`	HARNESS_LIMITATION	p1210-superficie-publica.json	vanilla side inherited from P1140.26; requires fresh vanilla enumerator
surface:math.round	surface-wide-provisional	math.round	MISSING_MEMBER	owner for stdlib `math`	HARNESS_LIMITATION	p1210-superficie-publica.json	vanilla side inherited from P1140.26; requires fresh vanilla enumerator
surface:math.ruble	surface-wide-provisional	math.ruble	MISSING_MEMBER	owner for stdlib `math`	HARNESS_LIMITATION	p1210-superficie-publica.json	vanilla side inherited from P1140.26; requires fresh vanilla enumerator
surface:math.rupee	surface-wide-provisional	math.rupee	MISSING_MEMBER	owner for stdlib `math`	HARNESS_LIMITATION	p1210-superficie-publica.json	vanilla side inherited from P1140.26; requires fresh vanilla enumerator
surface:math.sans	surface-wide-provisional	math.sans	MISSING_MEMBER	owner for stdlib `math`	HARNESS_LIMITATION	p1210-superficie-publica.json	vanilla side inherited from P1140.26; requires fresh vanilla enumerator
surface:math.saturn	surface-wide-provisional	math.saturn	MISSING_MEMBER	owner for stdlib `math`	HARNESS_LIMITATION	p1210-superficie-publica.json	vanilla side inherited from P1140.26; requires fresh vanilla enumerator
surface:math.scr	surface-wide-provisional	math.scr	MISSING_MEMBER	owner for stdlib `math`	HARNESS_LIMITATION	p1210-superficie-publica.json	vanilla side inherited from P1140.26; requires fresh vanilla enumerator
surface:math.script	surface-wide-provisional	math.script	MISSING_MEMBER	owner for stdlib `math`	HARNESS_LIMITATION	p1210-superficie-publica.json	vanilla side inherited from P1140.26; requires fresh vanilla enumerator
surface:math.scripts	surface-wide-provisional	math.scripts	MISSING_MEMBER	owner for stdlib `math`	HARNESS_LIMITATION	p1210-superficie-publica.json	vanilla side inherited from P1140.26; requires fresh vanilla enumerator
surface:math.section	surface-wide-provisional	math.section	MISSING_MEMBER	owner for stdlib `math`	HARNESS_LIMITATION	p1210-superficie-publica.json	vanilla side inherited from P1140.26; requires fresh vanilla enumerator
surface:math.semi	surface-wide-provisional	math.semi	MISSING_MEMBER	owner for stdlib `math`	HARNESS_LIMITATION	p1210-superficie-publica.json	vanilla side inherited from P1140.26; requires fresh vanilla enumerator
surface:math.serif	surface-wide-provisional	math.serif	MISSING_MEMBER	owner for stdlib `math`	HARNESS_LIMITATION	p1210-superficie-publica.json	vanilla side inherited from P1140.26; requires fresh vanilla enumerator
surface:math.sha	surface-wide-provisional	math.sha	MISSING_MEMBER	owner for stdlib `math`	HARNESS_LIMITATION	p1210-superficie-publica.json	vanilla side inherited from P1140.26; requires fresh vanilla enumerator
surface:math.sharp	surface-wide-provisional	math.sharp	MISSING_MEMBER	owner for stdlib `math`	HARNESS_LIMITATION	p1210-superficie-publica.json	vanilla side inherited from P1140.26; requires fresh vanilla enumerator
surface:math.shekel	surface-wide-provisional	math.shekel	MISSING_MEMBER	owner for stdlib `math`	HARNESS_LIMITATION	p1210-superficie-publica.json	vanilla side inherited from P1140.26; requires fresh vanilla enumerator
surface:math.shell	surface-wide-provisional	math.shell	MISSING_MEMBER	owner for stdlib `math`	HARNESS_LIMITATION	p1210-superficie-publica.json	vanilla side inherited from P1140.26; requires fresh vanilla enumerator
surface:math.slash	surface-wide-provisional	math.slash	MISSING_MEMBER	owner for stdlib `math`	HARNESS_LIMITATION	p1210-superficie-publica.json	vanilla side inherited from P1140.26; requires fresh vanilla enumerator
surface:math.smash	surface-wide-provisional	math.smash	MISSING_MEMBER	owner for stdlib `math`	HARNESS_LIMITATION	p1210-superficie-publica.json	vanilla side inherited from P1140.26; requires fresh vanilla enumerator
surface:math.smile	surface-wide-provisional	math.smile	MISSING_MEMBER	owner for stdlib `math`	HARNESS_LIMITATION	p1210-superficie-publica.json	vanilla side inherited from P1140.26; requires fresh vanilla enumerator
surface:math.smt	surface-wide-provisional	math.smt	MISSING_MEMBER	owner for stdlib `math`	HARNESS_LIMITATION	p1210-superficie-publica.json	vanilla side inherited from P1140.26; requires fresh vanilla enumerator
surface:math.som	surface-wide-provisional	math.som	MISSING_MEMBER	owner for stdlib `math`	HARNESS_LIMITATION	p1210-superficie-publica.json	vanilla side inherited from P1140.26; requires fresh vanilla enumerator
surface:math.spacebar	surface-wide-provisional	math.spacebar	MISSING_MEMBER	owner for stdlib `math`	HARNESS_LIMITATION	p1210-superficie-publica.json	vanilla side inherited from P1140.26; requires fresh vanilla enumerator
surface:math.sqrt	surface-wide-provisional	math.sqrt	UNVERIFIED_METADATA	owner for stdlib `math`	HARNESS_LIMITATION	p1210-superficie-publica.json	vanilla side inherited from P1140.26; requires fresh vanilla enumerator
surface:math.sscript	surface-wide-provisional	math.sscript	MISSING_MEMBER	owner for stdlib `math`	HARNESS_LIMITATION	p1210-superficie-publica.json	vanilla side inherited from P1140.26; requires fresh vanilla enumerator
surface:math.stretch	surface-wide-provisional	math.stretch	MISSING_MEMBER	owner for stdlib `math`	HARNESS_LIMITATION	p1210-superficie-publica.json	vanilla side inherited from P1140.26; requires fresh vanilla enumerator
surface:math.succ	surface-wide-provisional	math.succ	MISSING_MEMBER	owner for stdlib `math`	HARNESS_LIMITATION	p1210-superficie-publica.json	vanilla side inherited from P1140.26; requires fresh vanilla enumerator
surface:math.sun	surface-wide-provisional	math.sun	MISSING_MEMBER	owner for stdlib `math`	HARNESS_LIMITATION	p1210-superficie-publica.json	vanilla side inherited from P1140.26; requires fresh vanilla enumerator
surface:math.taka	surface-wide-provisional	math.taka	MISSING_MEMBER	owner for stdlib `math`	HARNESS_LIMITATION	p1210-superficie-publica.json	vanilla side inherited from P1140.26; requires fresh vanilla enumerator
surface:math.taman	surface-wide-provisional	math.taman	MISSING_MEMBER	owner for stdlib `math`	HARNESS_LIMITATION	p1210-superficie-publica.json	vanilla side inherited from P1140.26; requires fresh vanilla enumerator
surface:math.tenge	surface-wide-provisional	math.tenge	MISSING_MEMBER	owner for stdlib `math`	HARNESS_LIMITATION	p1210-superficie-publica.json	vanilla side inherited from P1140.26; requires fresh vanilla enumerator
surface:math.text	surface-wide-provisional	math.text	MISSING_MEMBER	owner for stdlib `math`	HARNESS_LIMITATION	p1210-superficie-publica.json	vanilla side inherited from P1140.26; requires fresh vanilla enumerator
surface:math.therefore	surface-wide-provisional	math.therefore	MISSING_MEMBER	owner for stdlib `math`	HARNESS_LIMITATION	p1210-superficie-publica.json	vanilla side inherited from P1140.26; requires fresh vanilla enumerator
surface:math.tiny	surface-wide-provisional	math.tiny	MISSING_MEMBER	owner for stdlib `math`	HARNESS_LIMITATION	p1210-superficie-publica.json	vanilla side inherited from P1140.26; requires fresh vanilla enumerator
surface:math.togrog	surface-wide-provisional	math.togrog	MISSING_MEMBER	owner for stdlib `math`	HARNESS_LIMITATION	p1210-superficie-publica.json	vanilla side inherited from P1140.26; requires fresh vanilla enumerator
surface:math.top	surface-wide-provisional	math.top	MISSING_MEMBER	owner for stdlib `math`	HARNESS_LIMITATION	p1210-superficie-publica.json	vanilla side inherited from P1140.26; requires fresh vanilla enumerator
surface:math.triangle	surface-wide-provisional	math.triangle	MISSING_MEMBER	owner for stdlib `math`	HARNESS_LIMITATION	p1210-superficie-publica.json	vanilla side inherited from P1140.26; requires fresh vanilla enumerator
surface:math.underbrace	surface-wide-provisional	math.underbrace	MISSING_MEMBER	owner for stdlib `math`	HARNESS_LIMITATION	p1210-superficie-publica.json	vanilla side inherited from P1140.26; requires fresh vanilla enumerator
surface:math.underbracket	surface-wide-provisional	math.underbracket	MISSING_MEMBER	owner for stdlib `math`	HARNESS_LIMITATION	p1210-superficie-publica.json	vanilla side inherited from P1140.26; requires fresh vanilla enumerator
surface:math.underline	surface-wide-provisional	math.underline	MISSING_MEMBER	owner for stdlib `math`	HARNESS_LIMITATION	p1210-superficie-publica.json	vanilla side inherited from P1140.26; requires fresh vanilla enumerator
surface:math.underparen	surface-wide-provisional	math.underparen	MISSING_MEMBER	owner for stdlib `math`	HARNESS_LIMITATION	p1210-superficie-publica.json	vanilla side inherited from P1140.26; requires fresh vanilla enumerator
surface:math.underscore	surface-wide-provisional	math.underscore	MISSING_MEMBER	owner for stdlib `math`	HARNESS_LIMITATION	p1210-superficie-publica.json	vanilla side inherited from P1140.26; requires fresh vanilla enumerator
surface:math.undershell	surface-wide-provisional	math.undershell	MISSING_MEMBER	owner for stdlib `math`	HARNESS_LIMITATION	p1210-superficie-publica.json	vanilla side inherited from P1140.26; requires fresh vanilla enumerator
surface:math.upright	surface-wide-provisional	math.upright	MISSING_MEMBER	owner for stdlib `math`	HARNESS_LIMITATION	p1210-superficie-publica.json	vanilla side inherited from P1140.26; requires fresh vanilla enumerator
surface:math.uranus	surface-wide-provisional	math.uranus	MISSING_MEMBER	owner for stdlib `math`	HARNESS_LIMITATION	p1210-superficie-publica.json	vanilla side inherited from P1140.26; requires fresh vanilla enumerator
surface:math.vec	surface-wide-provisional	math.vec	MISSING_MEMBER	owner for stdlib `math`	HARNESS_LIMITATION	p1210-superficie-publica.json	vanilla side inherited from P1140.26; requires fresh vanilla enumerator
surface:math.venus	surface-wide-provisional	math.venus	MISSING_MEMBER	owner for stdlib `math`	HARNESS_LIMITATION	p1210-superficie-publica.json	vanilla side inherited from P1140.26; requires fresh vanilla enumerator
surface:math.without	surface-wide-provisional	math.without	MISSING_MEMBER	owner for stdlib `math`	HARNESS_LIMITATION	p1210-superficie-publica.json	vanilla side inherited from P1140.26; requires fresh vanilla enumerator
surface:math.wj	surface-wide-provisional	math.wj	MISSING_MEMBER	owner for stdlib `math`	HARNESS_LIMITATION	p1210-superficie-publica.json	vanilla side inherited from P1140.26; requires fresh vanilla enumerator
surface:math.won	surface-wide-provisional	math.won	MISSING_MEMBER	owner for stdlib `math`	HARNESS_LIMITATION	p1210-superficie-publica.json	vanilla side inherited from P1140.26; requires fresh vanilla enumerator
surface:math.wreath	surface-wide-provisional	math.wreath	MISSING_MEMBER	owner for stdlib `math`	HARNESS_LIMITATION	p1210-superficie-publica.json	vanilla side inherited from P1140.26; requires fresh vanilla enumerator
surface:math.xor	surface-wide-provisional	math.xor	MISSING_MEMBER	owner for stdlib `math`	HARNESS_LIMITATION	p1210-superficie-publica.json	vanilla side inherited from P1140.26; requires fresh vanilla enumerator
surface:math.yen	surface-wide-provisional	math.yen	MISSING_MEMBER	owner for stdlib `math`	HARNESS_LIMITATION	p1210-superficie-publica.json	vanilla side inherited from P1140.26; requires fresh vanilla enumerator
surface:math.yuan	surface-wide-provisional	math.yuan	MISSING_MEMBER	owner for stdlib `math`	HARNESS_LIMITATION	p1210-superficie-publica.json	vanilla side inherited from P1140.26; requires fresh vanilla enumerator
surface:math.zero	surface-wide-provisional	math.zero	MISSING_MEMBER	owner for stdlib `math`	HARNESS_LIMITATION	p1210-superficie-publica.json	vanilla side inherited from P1140.26; requires fresh vanilla enumerator
surface:math.zwj	surface-wide-provisional	math.zwj	MISSING_MEMBER	owner for stdlib `math`	HARNESS_LIMITATION	p1210-superficie-publica.json	vanilla side inherited from P1140.26; requires fresh vanilla enumerator
surface:math.zwnj	surface-wide-provisional	math.zwnj	MISSING_MEMBER	owner for stdlib `math`	HARNESS_LIMITATION	p1210-superficie-publica.json	vanilla side inherited from P1140.26; requires fresh vanilla enumerator
surface:math.zws	surface-wide-provisional	math.zws	MISSING_MEMBER	owner for stdlib `math`	HARNESS_LIMITATION	p1210-superficie-publica.json	vanilla side inherited from P1140.26; requires fresh vanilla enumerator
surface:measure	surface-wide-provisional	measure	UNVERIFIED_METADATA	owner for stdlib `measure`	HARNESS_LIMITATION	p1210-superficie-publica.json	vanilla side inherited from P1140.26; requires fresh vanilla enumerator
surface:metadata	surface-wide-provisional	metadata	UNVERIFIED_METADATA	owner for stdlib `metadata`	HARNESS_LIMITATION	p1210-superficie-publica.json	vanilla side inherited from P1140.26; requires fresh vanilla enumerator
surface:mono	surface-wide-provisional	mono	EXTRA_BINDING	owner for stdlib `mono`	HARNESS_LIMITATION	p1210-superficie-publica.json	vanilla side inherited from P1140.26; requires fresh vanilla enumerator
surface:move	surface-wide-provisional	move	UNVERIFIED_METADATA	owner for stdlib `move`	HARNESS_LIMITATION	p1210-superficie-publica.json	vanilla side inherited from P1140.26; requires fresh vanilla enumerator
surface:numbering	surface-wide-provisional	numbering	UNVERIFIED_METADATA	owner for stdlib `numbering`	HARNESS_LIMITATION	p1210-superficie-publica.json	vanilla side inherited from P1140.26; requires fresh vanilla enumerator
surface:oklab	surface-wide-provisional	oklab	UNVERIFIED_METADATA	owner for stdlib `oklab`	HARNESS_LIMITATION	p1210-superficie-publica.json	vanilla side inherited from P1140.26; requires fresh vanilla enumerator
surface:oklch	surface-wide-provisional	oklch	UNVERIFIED_METADATA	owner for stdlib `oklch`	HARNESS_LIMITATION	p1210-superficie-publica.json	vanilla side inherited from P1140.26; requires fresh vanilla enumerator
surface:op	surface-wide-provisional	op	EXTRA_BINDING	owner for stdlib `op`	HARNESS_LIMITATION	p1210-superficie-publica.json	vanilla side inherited from P1140.26; requires fresh vanilla enumerator
surface:outline	surface-wide-provisional	outline	UNVERIFIED_METADATA	owner for stdlib `outline`	HARNESS_LIMITATION	p1210-superficie-publica.json	vanilla side inherited from P1140.26; requires fresh vanilla enumerator
surface:outline.entry	surface-wide-provisional	outline.entry	MISSING_MEMBER	owner for stdlib `outline`	HARNESS_LIMITATION	p1210-superficie-publica.json	vanilla side inherited from P1140.26; requires fresh vanilla enumerator
surface:outline.entry.body	surface-wide-provisional	outline.entry.body	MISSING_MEMBER	owner for stdlib `outline`	HARNESS_LIMITATION	p1210-superficie-publica.json	vanilla side inherited from P1140.26; requires fresh vanilla enumerator
surface:outline.entry.indented	surface-wide-provisional	outline.entry.indented	MISSING_MEMBER	owner for stdlib `outline`	HARNESS_LIMITATION	p1210-superficie-publica.json	vanilla side inherited from P1140.26; requires fresh vanilla enumerator
surface:outline.entry.inner	surface-wide-provisional	outline.entry.inner	MISSING_MEMBER	owner for stdlib `outline`	HARNESS_LIMITATION	p1210-superficie-publica.json	vanilla side inherited from P1140.26; requires fresh vanilla enumerator
surface:outline.entry.page	surface-wide-provisional	outline.entry.page	MISSING_MEMBER	owner for stdlib `outline`	HARNESS_LIMITATION	p1210-superficie-publica.json	vanilla side inherited from P1140.26; requires fresh vanilla enumerator
surface:outline.entry.prefix	surface-wide-provisional	outline.entry.prefix	MISSING_MEMBER	owner for stdlib `outline`	HARNESS_LIMITATION	p1210-superficie-publica.json	vanilla side inherited from P1140.26; requires fresh vanilla enumerator
surface:overline	surface-wide-provisional	overline	UNVERIFIED_METADATA	owner for stdlib `overline`	HARNESS_LIMITATION	p1210-superficie-publica.json	vanilla side inherited from P1140.26; requires fresh vanilla enumerator
surface:pad	surface-wide-provisional	pad	UNVERIFIED_METADATA	owner for stdlib `pad`	HARNESS_LIMITATION	p1210-superficie-publica.json	vanilla side inherited from P1140.26; requires fresh vanilla enumerator
surface:page	surface-wide-provisional	page	UNVERIFIED_METADATA	owner for stdlib `page`	HARNESS_LIMITATION	p1210-superficie-publica.json	vanilla side inherited from P1140.26; requires fresh vanilla enumerator
surface:pagebreak	surface-wide-provisional	pagebreak	UNVERIFIED_METADATA	owner for stdlib `pagebreak`	HARNESS_LIMITATION	p1210-superficie-publica.json	vanilla side inherited from P1140.26; requires fresh vanilla enumerator
surface:panic	surface-wide-provisional	panic	UNVERIFIED_METADATA	owner for stdlib `panic`	HARNESS_LIMITATION	p1210-superficie-publica.json	vanilla side inherited from P1140.26; requires fresh vanilla enumerator
surface:par	surface-wide-provisional	par	UNVERIFIED_METADATA	owner for stdlib `par`	HARNESS_LIMITATION	p1210-superficie-publica.json	vanilla side inherited from P1140.26; requires fresh vanilla enumerator
surface:par.line	surface-wide-provisional	par.line	MISSING_MEMBER	owner for stdlib `par`	HARNESS_LIMITATION	p1210-superficie-publica.json	vanilla side inherited from P1140.26; requires fresh vanilla enumerator
surface:parbreak	surface-wide-provisional	parbreak	UNVERIFIED_METADATA	owner for stdlib `parbreak`	HARNESS_LIMITATION	p1210-superficie-publica.json	vanilla side inherited from P1140.26; requires fresh vanilla enumerator
surface:pdf.artifact	surface-wide-provisional	pdf.artifact	UNVERIFIED_METADATA	owner for stdlib `pdf`	HARNESS_LIMITATION	p1210-superficie-publica.json	vanilla side inherited from P1140.26; requires fresh vanilla enumerator
surface:pdf.attach	surface-wide-provisional	pdf.attach	UNVERIFIED_METADATA	owner for stdlib `pdf`	HARNESS_LIMITATION	p1210-superficie-publica.json	vanilla side inherited from P1140.26; requires fresh vanilla enumerator
surface:pdf.data-cell	surface-wide-provisional	pdf.data-cell	MISSING_MEMBER	owner for stdlib `pdf`	HARNESS_LIMITATION	p1210-superficie-publica.json	vanilla side inherited from P1140.26; requires fresh vanilla enumerator
surface:pdf.header-cell	surface-wide-provisional	pdf.header-cell	MISSING_MEMBER	owner for stdlib `pdf`	HARNESS_LIMITATION	p1210-superficie-publica.json	vanilla side inherited from P1140.26; requires fresh vanilla enumerator
surface:pdf.table-summary	surface-wide-provisional	pdf.table-summary	MISSING_MEMBER	owner for stdlib `pdf`	HARNESS_LIMITATION	p1210-superficie-publica.json	vanilla side inherited from P1140.26; requires fresh vanilla enumerator
surface:place	surface-wide-provisional	place	UNVERIFIED_METADATA	owner for stdlib `place`	HARNESS_LIMITATION	p1210-superficie-publica.json	vanilla side inherited from P1140.26; requires fresh vanilla enumerator
surface:place.flush	surface-wide-provisional	place.flush	MISSING_MEMBER	owner for stdlib `place`	HARNESS_LIMITATION	p1210-superficie-publica.json	vanilla side inherited from P1140.26; requires fresh vanilla enumerator
surface:plugin	surface-wide-provisional	plugin	UNVERIFIED_METADATA	owner for stdlib `plugin`	HARNESS_LIMITATION	p1210-superficie-publica.json	vanilla side inherited from P1140.26; requires fresh vanilla enumerator
surface:plugin.transition	surface-wide-provisional	plugin.transition	UNVERIFIED_METADATA	owner for stdlib `plugin`	HARNESS_LIMITATION	p1210-superficie-publica.json	vanilla side inherited from P1140.26; requires fresh vanilla enumerator
surface:polygon	surface-wide-provisional	polygon	UNVERIFIED_METADATA	owner for stdlib `polygon`	HARNESS_LIMITATION	p1210-superficie-publica.json	vanilla side inherited from P1140.26; requires fresh vanilla enumerator
surface:polygon.regular	surface-wide-provisional	polygon.regular	MISSING_MEMBER	owner for stdlib `polygon`	HARNESS_LIMITATION	p1210-superficie-publica.json	vanilla side inherited from P1140.26; requires fresh vanilla enumerator
surface:query	surface-wide-provisional	query	UNVERIFIED_METADATA	owner for stdlib `query`	HARNESS_LIMITATION	p1210-superficie-publica.json	vanilla side inherited from P1140.26; requires fresh vanilla enumerator
surface:quote	surface-wide-provisional	quote	UNVERIFIED_METADATA	owner for stdlib `quote`	HARNESS_LIMITATION	p1210-superficie-publica.json	vanilla side inherited from P1140.26; requires fresh vanilla enumerator
surface:range	surface-wide-provisional	range	UNVERIFIED_METADATA	owner for stdlib `range`	HARNESS_LIMITATION	p1210-superficie-publica.json	vanilla side inherited from P1140.26; requires fresh vanilla enumerator
surface:raw	surface-wide-provisional	raw	UNVERIFIED_METADATA	owner for stdlib `raw`	HARNESS_LIMITATION	p1210-superficie-publica.json	vanilla side inherited from P1140.26; requires fresh vanilla enumerator
surface:raw.line	surface-wide-provisional	raw.line	MISSING_MEMBER	owner for stdlib `raw`	HARNESS_LIMITATION	p1210-superficie-publica.json	vanilla side inherited from P1140.26; requires fresh vanilla enumerator
surface:read	surface-wide-provisional	read	UNVERIFIED_METADATA	owner for stdlib `read`	HARNESS_LIMITATION	p1210-superficie-publica.json	vanilla side inherited from P1140.26; requires fresh vanilla enumerator
surface:rect	surface-wide-provisional	rect	UNVERIFIED_METADATA	owner for stdlib `rect`	HARNESS_LIMITATION	p1210-superficie-publica.json	vanilla side inherited from P1140.26; requires fresh vanilla enumerator
surface:ref	surface-wide-provisional	ref	UNVERIFIED_METADATA	owner for stdlib `ref`	HARNESS_LIMITATION	p1210-superficie-publica.json	vanilla side inherited from P1140.26; requires fresh vanilla enumerator
surface:repeat	surface-wide-provisional	repeat	UNVERIFIED_METADATA	owner for stdlib `repeat`	HARNESS_LIMITATION	p1210-superficie-publica.json	vanilla side inherited from P1140.26; requires fresh vanilla enumerator
surface:replace	surface-wide-provisional	replace	EXTRA_BINDING	owner for stdlib `replace`	HARNESS_LIMITATION	p1210-superficie-publica.json	vanilla side inherited from P1140.26; requires fresh vanilla enumerator
surface:repr	surface-wide-provisional	repr	UNVERIFIED_METADATA	owner for stdlib `repr`	HARNESS_LIMITATION	p1210-superficie-publica.json	vanilla side inherited from P1140.26; requires fresh vanilla enumerator
surface:rgb	surface-wide-provisional	rgb	UNVERIFIED_METADATA	owner for stdlib `rgb`	HARNESS_LIMITATION	p1210-superficie-publica.json	vanilla side inherited from P1140.26; requires fresh vanilla enumerator
surface:rotate	surface-wide-provisional	rotate	UNVERIFIED_METADATA	owner for stdlib `rotate`	HARNESS_LIMITATION	p1210-superficie-publica.json	vanilla side inherited from P1140.26; requires fresh vanilla enumerator
surface:sans	surface-wide-provisional	sans	EXTRA_BINDING	owner for stdlib `sans`	HARNESS_LIMITATION	p1210-superficie-publica.json	vanilla side inherited from P1140.26; requires fresh vanilla enumerator
surface:scale	surface-wide-provisional	scale	UNVERIFIED_METADATA	owner for stdlib `scale`	HARNESS_LIMITATION	p1210-superficie-publica.json	vanilla side inherited from P1140.26; requires fresh vanilla enumerator
surface:scr	surface-wide-provisional	scr	EXTRA_BINDING	owner for stdlib `scr`	HARNESS_LIMITATION	p1210-superficie-publica.json	vanilla side inherited from P1140.26; requires fresh vanilla enumerator
surface:script	surface-wide-provisional	script	EXTRA_BINDING	owner for stdlib `script`	HARNESS_LIMITATION	p1210-superficie-publica.json	vanilla side inherited from P1140.26; requires fresh vanilla enumerator
surface:selector.after	surface-wide-provisional	selector.after	MISSING_MEMBER	owner for stdlib `selector`	HARNESS_LIMITATION	p1210-superficie-publica.json	vanilla side inherited from P1140.26; requires fresh vanilla enumerator
surface:selector.and	surface-wide-provisional	selector.and	MISSING_MEMBER	owner for stdlib `selector`	HARNESS_LIMITATION	p1210-superficie-publica.json	vanilla side inherited from P1140.26; requires fresh vanilla enumerator
surface:selector.before	surface-wide-provisional	selector.before	MISSING_MEMBER	owner for stdlib `selector`	HARNESS_LIMITATION	p1210-superficie-publica.json	vanilla side inherited from P1140.26; requires fresh vanilla enumerator
surface:selector.or	surface-wide-provisional	selector.or	MISSING_MEMBER	owner for stdlib `selector`	HARNESS_LIMITATION	p1210-superficie-publica.json	vanilla side inherited from P1140.26; requires fresh vanilla enumerator
surface:selector.within	surface-wide-provisional	selector.within	MISSING_MEMBER	owner for stdlib `selector`	HARNESS_LIMITATION	p1210-superficie-publica.json	vanilla side inherited from P1140.26; requires fresh vanilla enumerator
surface:serif	surface-wide-provisional	serif	EXTRA_BINDING	owner for stdlib `serif`	HARNESS_LIMITATION	p1210-superficie-publica.json	vanilla side inherited from P1140.26; requires fresh vanilla enumerator
surface:skew	surface-wide-provisional	skew	UNVERIFIED_METADATA	owner for stdlib `skew`	HARNESS_LIMITATION	p1210-superficie-publica.json	vanilla side inherited from P1140.26; requires fresh vanilla enumerator
surface:smallcaps	surface-wide-provisional	smallcaps	UNVERIFIED_METADATA	owner for stdlib `smallcaps`	HARNESS_LIMITATION	p1210-superficie-publica.json	vanilla side inherited from P1140.26; requires fresh vanilla enumerator
surface:smartquote	surface-wide-provisional	smartquote	UNVERIFIED_METADATA	owner for stdlib `smartquote`	HARNESS_LIMITATION	p1210-superficie-publica.json	vanilla side inherited from P1140.26; requires fresh vanilla enumerator
surface:square	surface-wide-provisional	square	UNVERIFIED_METADATA	owner for stdlib `square`	HARNESS_LIMITATION	p1210-superficie-publica.json	vanilla side inherited from P1140.26; requires fresh vanilla enumerator
surface:sscript	surface-wide-provisional	sscript	EXTRA_BINDING	owner for stdlib `sscript`	HARNESS_LIMITATION	p1210-superficie-publica.json	vanilla side inherited from P1140.26; requires fresh vanilla enumerator
surface:stack	surface-wide-provisional	stack	UNVERIFIED_METADATA	owner for stdlib `stack`	HARNESS_LIMITATION	p1210-superficie-publica.json	vanilla side inherited from P1140.26; requires fresh vanilla enumerator
surface:state.at	surface-wide-provisional	state.at	MISSING_MEMBER	owner for stdlib `state`	HARNESS_LIMITATION	p1210-superficie-publica.json	vanilla side inherited from P1140.26; requires fresh vanilla enumerator
surface:state.final	surface-wide-provisional	state.final	MISSING_MEMBER	owner for stdlib `state`	HARNESS_LIMITATION	p1210-superficie-publica.json	vanilla side inherited from P1140.26; requires fresh vanilla enumerator
surface:state.get	surface-wide-provisional	state.get	MISSING_MEMBER	owner for stdlib `state`	HARNESS_LIMITATION	p1210-superficie-publica.json	vanilla side inherited from P1140.26; requires fresh vanilla enumerator
surface:state.update	surface-wide-provisional	state.update	MISSING_MEMBER	owner for stdlib `state`	HARNESS_LIMITATION	p1210-superficie-publica.json	vanilla side inherited from P1140.26; requires fresh vanilla enumerator
surface:state_at	surface-wide-provisional	state_at	EXTRA_BINDING	owner for stdlib `state_at`	HARNESS_LIMITATION	p1210-superficie-publica.json	vanilla side inherited from P1140.26; requires fresh vanilla enumerator
surface:state_display	surface-wide-provisional	state_display	EXTRA_BINDING	owner for stdlib `state_display`	HARNESS_LIMITATION	p1210-superficie-publica.json	vanilla side inherited from P1140.26; requires fresh vanilla enumerator
surface:state_final	surface-wide-provisional	state_final	EXTRA_BINDING	owner for stdlib `state_final`	HARNESS_LIMITATION	p1210-superficie-publica.json	vanilla side inherited from P1140.26; requires fresh vanilla enumerator
surface:state_update	surface-wide-provisional	state_update	EXTRA_BINDING	owner for stdlib `state_update`	HARNESS_LIMITATION	p1210-superficie-publica.json	vanilla side inherited from P1140.26; requires fresh vanilla enumerator
surface:state_update_with	surface-wide-provisional	state_update_with	EXTRA_BINDING	owner for stdlib `state_update_with`	HARNESS_LIMITATION	p1210-superficie-publica.json	vanilla side inherited from P1140.26; requires fresh vanilla enumerator
surface:str.at	surface-wide-provisional	str.at	MISSING_MEMBER	owner for stdlib `str`	HARNESS_LIMITATION	p1210-superficie-publica.json	vanilla side inherited from P1140.26; requires fresh vanilla enumerator
surface:str.clusters	surface-wide-provisional	str.clusters	UNVERIFIED_METADATA	owner for stdlib `str`	HARNESS_LIMITATION	p1210-superficie-publica.json	vanilla side inherited from P1140.26; requires fresh vanilla enumerator
surface:str.codepoints	surface-wide-provisional	str.codepoints	MISSING_MEMBER	owner for stdlib `str`	HARNESS_LIMITATION	p1210-superficie-publica.json	vanilla side inherited from P1140.26; requires fresh vanilla enumerator
surface:str.contains	surface-wide-provisional	str.contains	MISSING_MEMBER	owner for stdlib `str`	HARNESS_LIMITATION	p1210-superficie-publica.json	vanilla side inherited from P1140.26; requires fresh vanilla enumerator
surface:str.ends-with	surface-wide-provisional	str.ends-with	MISSING_MEMBER	owner for stdlib `str`	HARNESS_LIMITATION	p1210-superficie-publica.json	vanilla side inherited from P1140.26; requires fresh vanilla enumerator
surface:str.find	surface-wide-provisional	str.find	MISSING_MEMBER	owner for stdlib `str`	HARNESS_LIMITATION	p1210-superficie-publica.json	vanilla side inherited from P1140.26; requires fresh vanilla enumerator
surface:str.first	surface-wide-provisional	str.first	MISSING_MEMBER	owner for stdlib `str`	HARNESS_LIMITATION	p1210-superficie-publica.json	vanilla side inherited from P1140.26; requires fresh vanilla enumerator
surface:str.from-unicode	surface-wide-provisional	str.from-unicode	UNVERIFIED_METADATA	owner for stdlib `str`	HARNESS_LIMITATION	p1210-superficie-publica.json	vanilla side inherited from P1140.26; requires fresh vanilla enumerator
surface:str.last	surface-wide-provisional	str.last	MISSING_MEMBER	owner for stdlib `str`	HARNESS_LIMITATION	p1210-superficie-publica.json	vanilla side inherited from P1140.26; requires fresh vanilla enumerator
surface:str.len	surface-wide-provisional	str.len	MISSING_MEMBER	owner for stdlib `str`	HARNESS_LIMITATION	p1210-superficie-publica.json	vanilla side inherited from P1140.26; requires fresh vanilla enumerator
surface:str.match	surface-wide-provisional	str.match	MISSING_MEMBER	owner for stdlib `str`	HARNESS_LIMITATION	p1210-superficie-publica.json	vanilla side inherited from P1140.26; requires fresh vanilla enumerator
surface:str.matches	surface-wide-provisional	str.matches	MISSING_MEMBER	owner for stdlib `str`	HARNESS_LIMITATION	p1210-superficie-publica.json	vanilla side inherited from P1140.26; requires fresh vanilla enumerator
surface:str.normalize	surface-wide-provisional	str.normalize	MISSING_MEMBER	owner for stdlib `str`	HARNESS_LIMITATION	p1210-superficie-publica.json	vanilla side inherited from P1140.26; requires fresh vanilla enumerator
surface:str.position	surface-wide-provisional	str.position	MISSING_MEMBER	owner for stdlib `str`	HARNESS_LIMITATION	p1210-superficie-publica.json	vanilla side inherited from P1140.26; requires fresh vanilla enumerator
surface:str.replace	surface-wide-provisional	str.replace	MISSING_MEMBER	owner for stdlib `str`	HARNESS_LIMITATION	p1210-superficie-publica.json	vanilla side inherited from P1140.26; requires fresh vanilla enumerator
surface:str.rev	surface-wide-provisional	str.rev	MISSING_MEMBER	owner for stdlib `str`	HARNESS_LIMITATION	p1210-superficie-publica.json	vanilla side inherited from P1140.26; requires fresh vanilla enumerator
surface:str.slice	surface-wide-provisional	str.slice	MISSING_MEMBER	owner for stdlib `str`	HARNESS_LIMITATION	p1210-superficie-publica.json	vanilla side inherited from P1140.26; requires fresh vanilla enumerator
surface:str.split	surface-wide-provisional	str.split	MISSING_MEMBER	owner for stdlib `str`	HARNESS_LIMITATION	p1210-superficie-publica.json	vanilla side inherited from P1140.26; requires fresh vanilla enumerator
surface:str.starts-with	surface-wide-provisional	str.starts-with	MISSING_MEMBER	owner for stdlib `str`	HARNESS_LIMITATION	p1210-superficie-publica.json	vanilla side inherited from P1140.26; requires fresh vanilla enumerator
surface:str.to-unicode	surface-wide-provisional	str.to-unicode	MISSING_MEMBER	owner for stdlib `str`	HARNESS_LIMITATION	p1210-superficie-publica.json	vanilla side inherited from P1140.26; requires fresh vanilla enumerator
surface:str.trim	surface-wide-provisional	str.trim	MISSING_MEMBER	owner for stdlib `str`	HARNESS_LIMITATION	p1210-superficie-publica.json	vanilla side inherited from P1140.26; requires fresh vanilla enumerator
surface:strike	surface-wide-provisional	strike	UNVERIFIED_METADATA	owner for stdlib `strike`	HARNESS_LIMITATION	p1210-superficie-publica.json	vanilla side inherited from P1140.26; requires fresh vanilla enumerator
surface:strong	surface-wide-provisional	strong	UNVERIFIED_METADATA	owner for stdlib `strong`	HARNESS_LIMITATION	p1210-superficie-publica.json	vanilla side inherited from P1140.26; requires fresh vanilla enumerator
surface:sub	surface-wide-provisional	sub	UNVERIFIED_METADATA	owner for stdlib `sub`	HARNESS_LIMITATION	p1210-superficie-publica.json	vanilla side inherited from P1140.26; requires fresh vanilla enumerator
surface:super	surface-wide-provisional	super	UNVERIFIED_METADATA	owner for stdlib `super`	HARNESS_LIMITATION	p1210-superficie-publica.json	vanilla side inherited from P1140.26; requires fresh vanilla enumerator
surface:sym.AA	surface-wide-provisional	sym.AA	MISSING_MEMBER	owner for stdlib `sym`	HARNESS_LIMITATION	p1210-superficie-publica.json	vanilla side inherited from P1140.26; requires fresh vanilla enumerator
surface:sym.Alpha	surface-wide-provisional	sym.Alpha	MISSING_MEMBER	owner for stdlib `sym`	HARNESS_LIMITATION	p1210-superficie-publica.json	vanilla side inherited from P1140.26; requires fresh vanilla enumerator
surface:sym.BB	surface-wide-provisional	sym.BB	MISSING_MEMBER	owner for stdlib `sym`	HARNESS_LIMITATION	p1210-superficie-publica.json	vanilla side inherited from P1140.26; requires fresh vanilla enumerator
surface:sym.Beta	surface-wide-provisional	sym.Beta	MISSING_MEMBER	owner for stdlib `sym`	HARNESS_LIMITATION	p1210-superficie-publica.json	vanilla side inherited from P1140.26; requires fresh vanilla enumerator
surface:sym.CC	surface-wide-provisional	sym.CC	MISSING_MEMBER	owner for stdlib `sym`	HARNESS_LIMITATION	p1210-superficie-publica.json	vanilla side inherited from P1140.26; requires fresh vanilla enumerator
surface:sym.Chi	surface-wide-provisional	sym.Chi	MISSING_MEMBER	owner for stdlib `sym`	HARNESS_LIMITATION	p1210-superficie-publica.json	vanilla side inherited from P1140.26; requires fresh vanilla enumerator
surface:sym.DD	surface-wide-provisional	sym.DD	MISSING_MEMBER	owner for stdlib `sym`	HARNESS_LIMITATION	p1210-superficie-publica.json	vanilla side inherited from P1140.26; requires fresh vanilla enumerator
surface:sym.Delta	surface-wide-provisional	sym.Delta	MISSING_MEMBER	owner for stdlib `sym`	HARNESS_LIMITATION	p1210-superficie-publica.json	vanilla side inherited from P1140.26; requires fresh vanilla enumerator
surface:sym.Digamma	surface-wide-provisional	sym.Digamma	MISSING_MEMBER	owner for stdlib `sym`	HARNESS_LIMITATION	p1210-superficie-publica.json	vanilla side inherited from P1140.26; requires fresh vanilla enumerator
surface:sym.EE	surface-wide-provisional	sym.EE	MISSING_MEMBER	owner for stdlib `sym`	HARNESS_LIMITATION	p1210-superficie-publica.json	vanilla side inherited from P1140.26; requires fresh vanilla enumerator
surface:sym.Epsilon	surface-wide-provisional	sym.Epsilon	MISSING_MEMBER	owner for stdlib `sym`	HARNESS_LIMITATION	p1210-superficie-publica.json	vanilla side inherited from P1140.26; requires fresh vanilla enumerator
surface:sym.Eta	surface-wide-provisional	sym.Eta	MISSING_MEMBER	owner for stdlib `sym`	HARNESS_LIMITATION	p1210-superficie-publica.json	vanilla side inherited from P1140.26; requires fresh vanilla enumerator
surface:sym.FF	surface-wide-provisional	sym.FF	MISSING_MEMBER	owner for stdlib `sym`	HARNESS_LIMITATION	p1210-superficie-publica.json	vanilla side inherited from P1140.26; requires fresh vanilla enumerator
surface:sym.GG	surface-wide-provisional	sym.GG	MISSING_MEMBER	owner for stdlib `sym`	HARNESS_LIMITATION	p1210-superficie-publica.json	vanilla side inherited from P1140.26; requires fresh vanilla enumerator
surface:sym.Gamma	surface-wide-provisional	sym.Gamma	MISSING_MEMBER	owner for stdlib `sym`	HARNESS_LIMITATION	p1210-superficie-publica.json	vanilla side inherited from P1140.26; requires fresh vanilla enumerator
surface:sym.HH	surface-wide-provisional	sym.HH	MISSING_MEMBER	owner for stdlib `sym`	HARNESS_LIMITATION	p1210-superficie-publica.json	vanilla side inherited from P1140.26; requires fresh vanilla enumerator
surface:sym.II	surface-wide-provisional	sym.II	MISSING_MEMBER	owner for stdlib `sym`	HARNESS_LIMITATION	p1210-superficie-publica.json	vanilla side inherited from P1140.26; requires fresh vanilla enumerator
surface:sym.Im	surface-wide-provisional	sym.Im	MISSING_MEMBER	owner for stdlib `sym`	HARNESS_LIMITATION	p1210-superficie-publica.json	vanilla side inherited from P1140.26; requires fresh vanilla enumerator
surface:sym.Iota	surface-wide-provisional	sym.Iota	MISSING_MEMBER	owner for stdlib `sym`	HARNESS_LIMITATION	p1210-superficie-publica.json	vanilla side inherited from P1140.26; requires fresh vanilla enumerator
surface:sym.JJ	surface-wide-provisional	sym.JJ	MISSING_MEMBER	owner for stdlib `sym`	HARNESS_LIMITATION	p1210-superficie-publica.json	vanilla side inherited from P1140.26; requires fresh vanilla enumerator
surface:sym.KK	surface-wide-provisional	sym.KK	MISSING_MEMBER	owner for stdlib `sym`	HARNESS_LIMITATION	p1210-superficie-publica.json	vanilla side inherited from P1140.26; requires fresh vanilla enumerator
surface:sym.Kappa	surface-wide-provisional	sym.Kappa	MISSING_MEMBER	owner for stdlib `sym`	HARNESS_LIMITATION	p1210-superficie-publica.json	vanilla side inherited from P1140.26; requires fresh vanilla enumerator
surface:sym.LL	surface-wide-provisional	sym.LL	MISSING_MEMBER	owner for stdlib `sym`	HARNESS_LIMITATION	p1210-superficie-publica.json	vanilla side inherited from P1140.26; requires fresh vanilla enumerator
surface:sym.Lambda	surface-wide-provisional	sym.Lambda	MISSING_MEMBER	owner for stdlib `sym`	HARNESS_LIMITATION	p1210-superficie-publica.json	vanilla side inherited from P1140.26; requires fresh vanilla enumerator
surface:sym.MM	surface-wide-provisional	sym.MM	MISSING_MEMBER	owner for stdlib `sym`	HARNESS_LIMITATION	p1210-superficie-publica.json	vanilla side inherited from P1140.26; requires fresh vanilla enumerator
surface:sym.Mu	surface-wide-provisional	sym.Mu	MISSING_MEMBER	owner for stdlib `sym`	HARNESS_LIMITATION	p1210-superficie-publica.json	vanilla side inherited from P1140.26; requires fresh vanilla enumerator
surface:sym.NN	surface-wide-provisional	sym.NN	MISSING_MEMBER	owner for stdlib `sym`	HARNESS_LIMITATION	p1210-superficie-publica.json	vanilla side inherited from P1140.26; requires fresh vanilla enumerator
surface:sym.Nu	surface-wide-provisional	sym.Nu	MISSING_MEMBER	owner for stdlib `sym`	HARNESS_LIMITATION	p1210-superficie-publica.json	vanilla side inherited from P1140.26; requires fresh vanilla enumerator
surface:sym.OO	surface-wide-provisional	sym.OO	MISSING_MEMBER	owner for stdlib `sym`	HARNESS_LIMITATION	p1210-superficie-publica.json	vanilla side inherited from P1140.26; requires fresh vanilla enumerator
surface:sym.Omega	surface-wide-provisional	sym.Omega	MISSING_MEMBER	owner for stdlib `sym`	HARNESS_LIMITATION	p1210-superficie-publica.json	vanilla side inherited from P1140.26; requires fresh vanilla enumerator
surface:sym.Omicron	surface-wide-provisional	sym.Omicron	MISSING_MEMBER	owner for stdlib `sym`	HARNESS_LIMITATION	p1210-superficie-publica.json	vanilla side inherited from P1140.26; requires fresh vanilla enumerator
surface:sym.PP	surface-wide-provisional	sym.PP	MISSING_MEMBER	owner for stdlib `sym`	HARNESS_LIMITATION	p1210-superficie-publica.json	vanilla side inherited from P1140.26; requires fresh vanilla enumerator
surface:sym.Phi	surface-wide-provisional	sym.Phi	MISSING_MEMBER	owner for stdlib `sym`	HARNESS_LIMITATION	p1210-superficie-publica.json	vanilla side inherited from P1140.26; requires fresh vanilla enumerator
surface:sym.Pi	surface-wide-provisional	sym.Pi	MISSING_MEMBER	owner for stdlib `sym`	HARNESS_LIMITATION	p1210-superficie-publica.json	vanilla side inherited from P1140.26; requires fresh vanilla enumerator
surface:sym.Psi	surface-wide-provisional	sym.Psi	MISSING_MEMBER	owner for stdlib `sym`	HARNESS_LIMITATION	p1210-superficie-publica.json	vanilla side inherited from P1140.26; requires fresh vanilla enumerator
surface:sym.QQ	surface-wide-provisional	sym.QQ	MISSING_MEMBER	owner for stdlib `sym`	HARNESS_LIMITATION	p1210-superficie-publica.json	vanilla side inherited from P1140.26; requires fresh vanilla enumerator
surface:sym.RR	surface-wide-provisional	sym.RR	MISSING_MEMBER	owner for stdlib `sym`	HARNESS_LIMITATION	p1210-superficie-publica.json	vanilla side inherited from P1140.26; requires fresh vanilla enumerator
surface:sym.Re	surface-wide-provisional	sym.Re	MISSING_MEMBER	owner for stdlib `sym`	HARNESS_LIMITATION	p1210-superficie-publica.json	vanilla side inherited from P1140.26; requires fresh vanilla enumerator
surface:sym.Rho	surface-wide-provisional	sym.Rho	MISSING_MEMBER	owner for stdlib `sym`	HARNESS_LIMITATION	p1210-superficie-publica.json	vanilla side inherited from P1140.26; requires fresh vanilla enumerator
surface:sym.SS	surface-wide-provisional	sym.SS	MISSING_MEMBER	owner for stdlib `sym`	HARNESS_LIMITATION	p1210-superficie-publica.json	vanilla side inherited from P1140.26; requires fresh vanilla enumerator
surface:sym.Sha	surface-wide-provisional	sym.Sha	MISSING_MEMBER	owner for stdlib `sym`	HARNESS_LIMITATION	p1210-superficie-publica.json	vanilla side inherited from P1140.26; requires fresh vanilla enumerator
surface:sym.Sigma	surface-wide-provisional	sym.Sigma	MISSING_MEMBER	owner for stdlib `sym`	HARNESS_LIMITATION	p1210-superficie-publica.json	vanilla side inherited from P1140.26; requires fresh vanilla enumerator
surface:sym.TT	surface-wide-provisional	sym.TT	MISSING_MEMBER	owner for stdlib `sym`	HARNESS_LIMITATION	p1210-superficie-publica.json	vanilla side inherited from P1140.26; requires fresh vanilla enumerator
surface:sym.Tau	surface-wide-provisional	sym.Tau	MISSING_MEMBER	owner for stdlib `sym`	HARNESS_LIMITATION	p1210-superficie-publica.json	vanilla side inherited from P1140.26; requires fresh vanilla enumerator
surface:sym.Theta	surface-wide-provisional	sym.Theta	MISSING_MEMBER	owner for stdlib `sym`	HARNESS_LIMITATION	p1210-superficie-publica.json	vanilla side inherited from P1140.26; requires fresh vanilla enumerator
surface:sym.UU	surface-wide-provisional	sym.UU	MISSING_MEMBER	owner for stdlib `sym`	HARNESS_LIMITATION	p1210-superficie-publica.json	vanilla side inherited from P1140.26; requires fresh vanilla enumerator
surface:sym.Upsilon	surface-wide-provisional	sym.Upsilon	MISSING_MEMBER	owner for stdlib `sym`	HARNESS_LIMITATION	p1210-superficie-publica.json	vanilla side inherited from P1140.26; requires fresh vanilla enumerator
surface:sym.VV	surface-wide-provisional	sym.VV	MISSING_MEMBER	owner for stdlib `sym`	HARNESS_LIMITATION	p1210-superficie-publica.json	vanilla side inherited from P1140.26; requires fresh vanilla enumerator
surface:sym.WW	surface-wide-provisional	sym.WW	MISSING_MEMBER	owner for stdlib `sym`	HARNESS_LIMITATION	p1210-superficie-publica.json	vanilla side inherited from P1140.26; requires fresh vanilla enumerator
surface:sym.XX	surface-wide-provisional	sym.XX	MISSING_MEMBER	owner for stdlib `sym`	HARNESS_LIMITATION	p1210-superficie-publica.json	vanilla side inherited from P1140.26; requires fresh vanilla enumerator
surface:sym.Xi	surface-wide-provisional	sym.Xi	MISSING_MEMBER	owner for stdlib `sym`	HARNESS_LIMITATION	p1210-superficie-publica.json	vanilla side inherited from P1140.26; requires fresh vanilla enumerator
surface:sym.YY	surface-wide-provisional	sym.YY	MISSING_MEMBER	owner for stdlib `sym`	HARNESS_LIMITATION	p1210-superficie-publica.json	vanilla side inherited from P1140.26; requires fresh vanilla enumerator
surface:sym.ZZ	surface-wide-provisional	sym.ZZ	MISSING_MEMBER	owner for stdlib `sym`	HARNESS_LIMITATION	p1210-superficie-publica.json	vanilla side inherited from P1140.26; requires fresh vanilla enumerator
surface:sym.Zeta	surface-wide-provisional	sym.Zeta	MISSING_MEMBER	owner for stdlib `sym`	HARNESS_LIMITATION	p1210-superficie-publica.json	vanilla side inherited from P1140.26; requires fresh vanilla enumerator
surface:sym.acute	surface-wide-provisional	sym.acute	MISSING_MEMBER	owner for stdlib `sym`	HARNESS_LIMITATION	p1210-superficie-publica.json	vanilla side inherited from P1140.26; requires fresh vanilla enumerator
surface:sym.afghani	surface-wide-provisional	sym.afghani	MISSING_MEMBER	owner for stdlib `sym`	HARNESS_LIMITATION	p1210-superficie-publica.json	vanilla side inherited from P1140.26; requires fresh vanilla enumerator
surface:sym.aleph	surface-wide-provisional	sym.aleph	MISSING_MEMBER	owner for stdlib `sym`	HARNESS_LIMITATION	p1210-superficie-publica.json	vanilla side inherited from P1140.26; requires fresh vanilla enumerator
surface:sym.angle	surface-wide-provisional	sym.angle	MISSING_MEMBER	owner for stdlib `sym`	HARNESS_LIMITATION	p1210-superficie-publica.json	vanilla side inherited from P1140.26; requires fresh vanilla enumerator
surface:sym.angstrom	surface-wide-provisional	sym.angstrom	MISSING_MEMBER	owner for stdlib `sym`	HARNESS_LIMITATION	p1210-superficie-publica.json	vanilla side inherited from P1140.26; requires fresh vanilla enumerator
surface:sym.angzarr	surface-wide-provisional	sym.angzarr	MISSING_MEMBER	owner for stdlib `sym`	HARNESS_LIMITATION	p1210-superficie-publica.json	vanilla side inherited from P1140.26; requires fresh vanilla enumerator
surface:sym.approx	surface-wide-provisional	sym.approx	MISSING_MEMBER	owner for stdlib `sym`	HARNESS_LIMITATION	p1210-superficie-publica.json	vanilla side inherited from P1140.26; requires fresh vanilla enumerator
surface:sym.arrowhead	surface-wide-provisional	sym.arrowhead	MISSING_MEMBER	owner for stdlib `sym`	HARNESS_LIMITATION	p1210-superficie-publica.json	vanilla side inherited from P1140.26; requires fresh vanilla enumerator
surface:sym.arrows	surface-wide-provisional	sym.arrows	MISSING_MEMBER	owner for stdlib `sym`	HARNESS_LIMITATION	p1210-superficie-publica.json	vanilla side inherited from P1140.26; requires fresh vanilla enumerator
surface:sym.ast	surface-wide-provisional	sym.ast	MISSING_MEMBER	owner for stdlib `sym`	HARNESS_LIMITATION	p1210-superficie-publica.json	vanilla side inherited from P1140.26; requires fresh vanilla enumerator
surface:sym.asymp	surface-wide-provisional	sym.asymp	MISSING_MEMBER	owner for stdlib `sym`	HARNESS_LIMITATION	p1210-superficie-publica.json	vanilla side inherited from P1140.26; requires fresh vanilla enumerator
surface:sym.at	surface-wide-provisional	sym.at	MISSING_MEMBER	owner for stdlib `sym`	HARNESS_LIMITATION	p1210-superficie-publica.json	vanilla side inherited from P1140.26; requires fresh vanilla enumerator
surface:sym.backslash	surface-wide-provisional	sym.backslash	MISSING_MEMBER	owner for stdlib `sym`	HARNESS_LIMITATION	p1210-superficie-publica.json	vanilla side inherited from P1140.26; requires fresh vanilla enumerator
surface:sym.bag	surface-wide-provisional	sym.bag	MISSING_MEMBER	owner for stdlib `sym`	HARNESS_LIMITATION	p1210-superficie-publica.json	vanilla side inherited from P1140.26; requires fresh vanilla enumerator
surface:sym.baht	surface-wide-provisional	sym.baht	MISSING_MEMBER	owner for stdlib `sym`	HARNESS_LIMITATION	p1210-superficie-publica.json	vanilla side inherited from P1140.26; requires fresh vanilla enumerator
surface:sym.ballot	surface-wide-provisional	sym.ballot	MISSING_MEMBER	owner for stdlib `sym`	HARNESS_LIMITATION	p1210-superficie-publica.json	vanilla side inherited from P1140.26; requires fresh vanilla enumerator
surface:sym.bar	surface-wide-provisional	sym.bar	MISSING_MEMBER	owner for stdlib `sym`	HARNESS_LIMITATION	p1210-superficie-publica.json	vanilla side inherited from P1140.26; requires fresh vanilla enumerator
surface:sym.because	surface-wide-provisional	sym.because	MISSING_MEMBER	owner for stdlib `sym`	HARNESS_LIMITATION	p1210-superficie-publica.json	vanilla side inherited from P1140.26; requires fresh vanilla enumerator
surface:sym.bitcoin	surface-wide-provisional	sym.bitcoin	MISSING_MEMBER	owner for stdlib `sym`	HARNESS_LIMITATION	p1210-superficie-publica.json	vanilla side inherited from P1140.26; requires fresh vanilla enumerator
surface:sym.bot	surface-wide-provisional	sym.bot	MISSING_MEMBER	owner for stdlib `sym`	HARNESS_LIMITATION	p1210-superficie-publica.json	vanilla side inherited from P1140.26; requires fresh vanilla enumerator
surface:sym.brace	surface-wide-provisional	sym.brace	MISSING_MEMBER	owner for stdlib `sym`	HARNESS_LIMITATION	p1210-superficie-publica.json	vanilla side inherited from P1140.26; requires fresh vanilla enumerator
surface:sym.breve	surface-wide-provisional	sym.breve	MISSING_MEMBER	owner for stdlib `sym`	HARNESS_LIMITATION	p1210-superficie-publica.json	vanilla side inherited from P1140.26; requires fresh vanilla enumerator
surface:sym.caret	surface-wide-provisional	sym.caret	MISSING_MEMBER	owner for stdlib `sym`	HARNESS_LIMITATION	p1210-superficie-publica.json	vanilla side inherited from P1140.26; requires fresh vanilla enumerator
surface:sym.caron	surface-wide-provisional	sym.caron	MISSING_MEMBER	owner for stdlib `sym`	HARNESS_LIMITATION	p1210-superficie-publica.json	vanilla side inherited from P1140.26; requires fresh vanilla enumerator
surface:sym.cc	surface-wide-provisional	sym.cc	MISSING_MEMBER	owner for stdlib `sym`	HARNESS_LIMITATION	p1210-superficie-publica.json	vanilla side inherited from P1140.26; requires fresh vanilla enumerator
surface:sym.cedi	surface-wide-provisional	sym.cedi	MISSING_MEMBER	owner for stdlib `sym`	HARNESS_LIMITATION	p1210-superficie-publica.json	vanilla side inherited from P1140.26; requires fresh vanilla enumerator
surface:sym.cent	surface-wide-provisional	sym.cent	MISSING_MEMBER	owner for stdlib `sym`	HARNESS_LIMITATION	p1210-superficie-publica.json	vanilla side inherited from P1140.26; requires fresh vanilla enumerator
surface:sym.checkmark	surface-wide-provisional	sym.checkmark	MISSING_MEMBER	owner for stdlib `sym`	HARNESS_LIMITATION	p1210-superficie-publica.json	vanilla side inherited from P1140.26; requires fresh vanilla enumerator
surface:sym.co	surface-wide-provisional	sym.co	MISSING_MEMBER	owner for stdlib `sym`	HARNESS_LIMITATION	p1210-superficie-publica.json	vanilla side inherited from P1140.26; requires fresh vanilla enumerator
surface:sym.colon	surface-wide-provisional	sym.colon	MISSING_MEMBER	owner for stdlib `sym`	HARNESS_LIMITATION	p1210-superficie-publica.json	vanilla side inherited from P1140.26; requires fresh vanilla enumerator
surface:sym.comma	surface-wide-provisional	sym.comma	MISSING_MEMBER	owner for stdlib `sym`	HARNESS_LIMITATION	p1210-superficie-publica.json	vanilla side inherited from P1140.26; requires fresh vanilla enumerator
surface:sym.complement	surface-wide-provisional	sym.complement	MISSING_MEMBER	owner for stdlib `sym`	HARNESS_LIMITATION	p1210-superficie-publica.json	vanilla side inherited from P1140.26; requires fresh vanilla enumerator
surface:sym.compose	surface-wide-provisional	sym.compose	MISSING_MEMBER	owner for stdlib `sym`	HARNESS_LIMITATION	p1210-superficie-publica.json	vanilla side inherited from P1140.26; requires fresh vanilla enumerator
surface:sym.control	surface-wide-provisional	sym.control	MISSING_MEMBER	owner for stdlib `sym`	HARNESS_LIMITATION	p1210-superficie-publica.json	vanilla side inherited from P1140.26; requires fresh vanilla enumerator
surface:sym.control.ack	surface-wide-provisional	sym.control.ack	MISSING_MEMBER	owner for stdlib `sym`	HARNESS_LIMITATION	p1210-superficie-publica.json	vanilla side inherited from P1140.26; requires fresh vanilla enumerator
surface:sym.control.bel	surface-wide-provisional	sym.control.bel	MISSING_MEMBER	owner for stdlib `sym`	HARNESS_LIMITATION	p1210-superficie-publica.json	vanilla side inherited from P1140.26; requires fresh vanilla enumerator
surface:sym.control.bs	surface-wide-provisional	sym.control.bs	MISSING_MEMBER	owner for stdlib `sym`	HARNESS_LIMITATION	p1210-superficie-publica.json	vanilla side inherited from P1140.26; requires fresh vanilla enumerator
surface:sym.control.can	surface-wide-provisional	sym.control.can	MISSING_MEMBER	owner for stdlib `sym`	HARNESS_LIMITATION	p1210-superficie-publica.json	vanilla side inherited from P1140.26; requires fresh vanilla enumerator
surface:sym.control.cr	surface-wide-provisional	sym.control.cr	MISSING_MEMBER	owner for stdlib `sym`	HARNESS_LIMITATION	p1210-superficie-publica.json	vanilla side inherited from P1140.26; requires fresh vanilla enumerator
surface:sym.control.dc	surface-wide-provisional	sym.control.dc	MISSING_MEMBER	owner for stdlib `sym`	HARNESS_LIMITATION	p1210-superficie-publica.json	vanilla side inherited from P1140.26; requires fresh vanilla enumerator
surface:sym.control.del	surface-wide-provisional	sym.control.del	MISSING_MEMBER	owner for stdlib `sym`	HARNESS_LIMITATION	p1210-superficie-publica.json	vanilla side inherited from P1140.26; requires fresh vanilla enumerator
surface:sym.control.dle	surface-wide-provisional	sym.control.dle	MISSING_MEMBER	owner for stdlib `sym`	HARNESS_LIMITATION	p1210-superficie-publica.json	vanilla side inherited from P1140.26; requires fresh vanilla enumerator
surface:sym.control.em	surface-wide-provisional	sym.control.em	MISSING_MEMBER	owner for stdlib `sym`	HARNESS_LIMITATION	p1210-superficie-publica.json	vanilla side inherited from P1140.26; requires fresh vanilla enumerator
surface:sym.control.enq	surface-wide-provisional	sym.control.enq	MISSING_MEMBER	owner for stdlib `sym`	HARNESS_LIMITATION	p1210-superficie-publica.json	vanilla side inherited from P1140.26; requires fresh vanilla enumerator
surface:sym.control.eot	surface-wide-provisional	sym.control.eot	MISSING_MEMBER	owner for stdlib `sym`	HARNESS_LIMITATION	p1210-superficie-publica.json	vanilla side inherited from P1140.26; requires fresh vanilla enumerator
surface:sym.control.esc	surface-wide-provisional	sym.control.esc	MISSING_MEMBER	owner for stdlib `sym`	HARNESS_LIMITATION	p1210-superficie-publica.json	vanilla side inherited from P1140.26; requires fresh vanilla enumerator
surface:sym.control.etb	surface-wide-provisional	sym.control.etb	MISSING_MEMBER	owner for stdlib `sym`	HARNESS_LIMITATION	p1210-superficie-publica.json	vanilla side inherited from P1140.26; requires fresh vanilla enumerator
surface:sym.control.etx	surface-wide-provisional	sym.control.etx	MISSING_MEMBER	owner for stdlib `sym`	HARNESS_LIMITATION	p1210-superficie-publica.json	vanilla side inherited from P1140.26; requires fresh vanilla enumerator
surface:sym.control.ff	surface-wide-provisional	sym.control.ff	MISSING_MEMBER	owner for stdlib `sym`	HARNESS_LIMITATION	p1210-superficie-publica.json	vanilla side inherited from P1140.26; requires fresh vanilla enumerator
surface:sym.control.fs	surface-wide-provisional	sym.control.fs	MISSING_MEMBER	owner for stdlib `sym`	HARNESS_LIMITATION	p1210-superficie-publica.json	vanilla side inherited from P1140.26; requires fresh vanilla enumerator
surface:sym.control.gs	surface-wide-provisional	sym.control.gs	MISSING_MEMBER	owner for stdlib `sym`	HARNESS_LIMITATION	p1210-superficie-publica.json	vanilla side inherited from P1140.26; requires fresh vanilla enumerator
surface:sym.control.ht	surface-wide-provisional	sym.control.ht	MISSING_MEMBER	owner for stdlib `sym`	HARNESS_LIMITATION	p1210-superficie-publica.json	vanilla side inherited from P1140.26; requires fresh vanilla enumerator
surface:sym.control.lf	surface-wide-provisional	sym.control.lf	MISSING_MEMBER	owner for stdlib `sym`	HARNESS_LIMITATION	p1210-superficie-publica.json	vanilla side inherited from P1140.26; requires fresh vanilla enumerator
surface:sym.control.nak	surface-wide-provisional	sym.control.nak	MISSING_MEMBER	owner for stdlib `sym`	HARNESS_LIMITATION	p1210-superficie-publica.json	vanilla side inherited from P1140.26; requires fresh vanilla enumerator
surface:sym.control.nl	surface-wide-provisional	sym.control.nl	MISSING_MEMBER	owner for stdlib `sym`	HARNESS_LIMITATION	p1210-superficie-publica.json	vanilla side inherited from P1140.26; requires fresh vanilla enumerator
surface:sym.control.nul	surface-wide-provisional	sym.control.nul	MISSING_MEMBER	owner for stdlib `sym`	HARNESS_LIMITATION	p1210-superficie-publica.json	vanilla side inherited from P1140.26; requires fresh vanilla enumerator
surface:sym.control.rs	surface-wide-provisional	sym.control.rs	MISSING_MEMBER	owner for stdlib `sym`	HARNESS_LIMITATION	p1210-superficie-publica.json	vanilla side inherited from P1140.26; requires fresh vanilla enumerator
surface:sym.control.si	surface-wide-provisional	sym.control.si	MISSING_MEMBER	owner for stdlib `sym`	HARNESS_LIMITATION	p1210-superficie-publica.json	vanilla side inherited from P1140.26; requires fresh vanilla enumerator
surface:sym.control.so	surface-wide-provisional	sym.control.so	MISSING_MEMBER	owner for stdlib `sym`	HARNESS_LIMITATION	p1210-superficie-publica.json	vanilla side inherited from P1140.26; requires fresh vanilla enumerator
surface:sym.control.soh	surface-wide-provisional	sym.control.soh	MISSING_MEMBER	owner for stdlib `sym`	HARNESS_LIMITATION	p1210-superficie-publica.json	vanilla side inherited from P1140.26; requires fresh vanilla enumerator
surface:sym.control.sp	surface-wide-provisional	sym.control.sp	MISSING_MEMBER	owner for stdlib `sym`	HARNESS_LIMITATION	p1210-superficie-publica.json	vanilla side inherited from P1140.26; requires fresh vanilla enumerator
surface:sym.control.stx	surface-wide-provisional	sym.control.stx	MISSING_MEMBER	owner for stdlib `sym`	HARNESS_LIMITATION	p1210-superficie-publica.json	vanilla side inherited from P1140.26; requires fresh vanilla enumerator
surface:sym.control.sub	surface-wide-provisional	sym.control.sub	MISSING_MEMBER	owner for stdlib `sym`	HARNESS_LIMITATION	p1210-superficie-publica.json	vanilla side inherited from P1140.26; requires fresh vanilla enumerator
surface:sym.control.syn	surface-wide-provisional	sym.control.syn	MISSING_MEMBER	owner for stdlib `sym`	HARNESS_LIMITATION	p1210-superficie-publica.json	vanilla side inherited from P1140.26; requires fresh vanilla enumerator
surface:sym.control.us	surface-wide-provisional	sym.control.us	MISSING_MEMBER	owner for stdlib `sym`	HARNESS_LIMITATION	p1210-superficie-publica.json	vanilla side inherited from P1140.26; requires fresh vanilla enumerator
surface:sym.control.vt	surface-wide-provisional	sym.control.vt	MISSING_MEMBER	owner for stdlib `sym`	HARNESS_LIMITATION	p1210-superficie-publica.json	vanilla side inherited from P1140.26; requires fresh vanilla enumerator
surface:sym.convolve	surface-wide-provisional	sym.convolve	MISSING_MEMBER	owner for stdlib `sym`	HARNESS_LIMITATION	p1210-superficie-publica.json	vanilla side inherited from P1140.26; requires fresh vanilla enumerator
surface:sym.copyleft	surface-wide-provisional	sym.copyleft	MISSING_MEMBER	owner for stdlib `sym`	HARNESS_LIMITATION	p1210-superficie-publica.json	vanilla side inherited from P1140.26; requires fresh vanilla enumerator
surface:sym.corner	surface-wide-provisional	sym.corner	MISSING_MEMBER	owner for stdlib `sym`	HARNESS_LIMITATION	p1210-superficie-publica.json	vanilla side inherited from P1140.26; requires fresh vanilla enumerator
surface:sym.crossmark	surface-wide-provisional	sym.crossmark	MISSING_MEMBER	owner for stdlib `sym`	HARNESS_LIMITATION	p1210-superficie-publica.json	vanilla side inherited from P1140.26; requires fresh vanilla enumerator
surface:sym.currency	surface-wide-provisional	sym.currency	MISSING_MEMBER	owner for stdlib `sym`	HARNESS_LIMITATION	p1210-superficie-publica.json	vanilla side inherited from P1140.26; requires fresh vanilla enumerator
surface:sym.daleth	surface-wide-provisional	sym.daleth	MISSING_MEMBER	owner for stdlib `sym`	HARNESS_LIMITATION	p1210-superficie-publica.json	vanilla side inherited from P1140.26; requires fresh vanilla enumerator
surface:sym.dash	surface-wide-provisional	sym.dash	MISSING_MEMBER	owner for stdlib `sym`	HARNESS_LIMITATION	p1210-superficie-publica.json	vanilla side inherited from P1140.26; requires fresh vanilla enumerator
surface:sym.degree	surface-wide-provisional	sym.degree	MISSING_MEMBER	owner for stdlib `sym`	HARNESS_LIMITATION	p1210-superficie-publica.json	vanilla side inherited from P1140.26; requires fresh vanilla enumerator
surface:sym.diaer	surface-wide-provisional	sym.diaer	MISSING_MEMBER	owner for stdlib `sym`	HARNESS_LIMITATION	p1210-superficie-publica.json	vanilla side inherited from P1140.26; requires fresh vanilla enumerator
surface:sym.diameter	surface-wide-provisional	sym.diameter	MISSING_MEMBER	owner for stdlib `sym`	HARNESS_LIMITATION	p1210-superficie-publica.json	vanilla side inherited from P1140.26; requires fresh vanilla enumerator
surface:sym.die	surface-wide-provisional	sym.die	MISSING_MEMBER	owner for stdlib `sym`	HARNESS_LIMITATION	p1210-superficie-publica.json	vanilla side inherited from P1140.26; requires fresh vanilla enumerator
surface:sym.digamma	surface-wide-provisional	sym.digamma	MISSING_MEMBER	owner for stdlib `sym`	HARNESS_LIMITATION	p1210-superficie-publica.json	vanilla side inherited from P1140.26; requires fresh vanilla enumerator
surface:sym.divides	surface-wide-provisional	sym.divides	MISSING_MEMBER	owner for stdlib `sym`	HARNESS_LIMITATION	p1210-superficie-publica.json	vanilla side inherited from P1140.26; requires fresh vanilla enumerator
surface:sym.dollar	surface-wide-provisional	sym.dollar	MISSING_MEMBER	owner for stdlib `sym`	HARNESS_LIMITATION	p1210-superficie-publica.json	vanilla side inherited from P1140.26; requires fresh vanilla enumerator
surface:sym.dong	surface-wide-provisional	sym.dong	MISSING_MEMBER	owner for stdlib `sym`	HARNESS_LIMITATION	p1210-superficie-publica.json	vanilla side inherited from P1140.26; requires fresh vanilla enumerator
surface:sym.dorome	surface-wide-provisional	sym.dorome	MISSING_MEMBER	owner for stdlib `sym`	HARNESS_LIMITATION	p1210-superficie-publica.json	vanilla side inherited from P1140.26; requires fresh vanilla enumerator
surface:sym.dotless	surface-wide-provisional	sym.dotless	MISSING_MEMBER	owner for stdlib `sym`	HARNESS_LIMITATION	p1210-superficie-publica.json	vanilla side inherited from P1140.26; requires fresh vanilla enumerator
surface:sym.dram	surface-wide-provisional	sym.dram	MISSING_MEMBER	owner for stdlib `sym`	HARNESS_LIMITATION	p1210-superficie-publica.json	vanilla side inherited from P1140.26; requires fresh vanilla enumerator
surface:sym.earth	surface-wide-provisional	sym.earth	MISSING_MEMBER	owner for stdlib `sym`	HARNESS_LIMITATION	p1210-superficie-publica.json	vanilla side inherited from P1140.26; requires fresh vanilla enumerator
surface:sym.ell	surface-wide-provisional	sym.ell	MISSING_MEMBER	owner for stdlib `sym`	HARNESS_LIMITATION	p1210-superficie-publica.json	vanilla side inherited from P1140.26; requires fresh vanilla enumerator
surface:sym.ellipse	surface-wide-provisional	sym.ellipse	MISSING_MEMBER	owner for stdlib `sym`	HARNESS_LIMITATION	p1210-superficie-publica.json	vanilla side inherited from P1140.26; requires fresh vanilla enumerator
surface:sym.equiv	surface-wide-provisional	sym.equiv	MISSING_MEMBER	owner for stdlib `sym`	HARNESS_LIMITATION	p1210-superficie-publica.json	vanilla side inherited from P1140.26; requires fresh vanilla enumerator
surface:sym.errorbar	surface-wide-provisional	sym.errorbar	MISSING_MEMBER	owner for stdlib `sym`	HARNESS_LIMITATION	p1210-superficie-publica.json	vanilla side inherited from P1140.26; requires fresh vanilla enumerator
surface:sym.euro	surface-wide-provisional	sym.euro	MISSING_MEMBER	owner for stdlib `sym`	HARNESS_LIMITATION	p1210-superficie-publica.json	vanilla side inherited from P1140.26; requires fresh vanilla enumerator
surface:sym.excl	surface-wide-provisional	sym.excl	MISSING_MEMBER	owner for stdlib `sym`	HARNESS_LIMITATION	p1210-superficie-publica.json	vanilla side inherited from P1140.26; requires fresh vanilla enumerator
surface:sym.fence	surface-wide-provisional	sym.fence	MISSING_MEMBER	owner for stdlib `sym`	HARNESS_LIMITATION	p1210-superficie-publica.json	vanilla side inherited from P1140.26; requires fresh vanilla enumerator
surface:sym.flat	surface-wide-provisional	sym.flat	MISSING_MEMBER	owner for stdlib `sym`	HARNESS_LIMITATION	p1210-superficie-publica.json	vanilla side inherited from P1140.26; requires fresh vanilla enumerator
surface:sym.floral	surface-wide-provisional	sym.floral	MISSING_MEMBER	owner for stdlib `sym`	HARNESS_LIMITATION	p1210-superficie-publica.json	vanilla side inherited from P1140.26; requires fresh vanilla enumerator
surface:sym.forces	surface-wide-provisional	sym.forces	MISSING_MEMBER	owner for stdlib `sym`	HARNESS_LIMITATION	p1210-superficie-publica.json	vanilla side inherited from P1140.26; requires fresh vanilla enumerator
surface:sym.frown	surface-wide-provisional	sym.frown	MISSING_MEMBER	owner for stdlib `sym`	HARNESS_LIMITATION	p1210-superficie-publica.json	vanilla side inherited from P1140.26; requires fresh vanilla enumerator
surface:sym.gender	surface-wide-provisional	sym.gender	MISSING_MEMBER	owner for stdlib `sym`	HARNESS_LIMITATION	p1210-superficie-publica.json	vanilla side inherited from P1140.26; requires fresh vanilla enumerator
surface:sym.gender.female	surface-wide-provisional	sym.gender.female	MISSING_MEMBER	owner for stdlib `sym`	HARNESS_LIMITATION	p1210-superficie-publica.json	vanilla side inherited from P1140.26; requires fresh vanilla enumerator
surface:sym.gender.intersex	surface-wide-provisional	sym.gender.intersex	MISSING_MEMBER	owner for stdlib `sym`	HARNESS_LIMITATION	p1210-superficie-publica.json	vanilla side inherited from P1140.26; requires fresh vanilla enumerator
surface:sym.gender.male	surface-wide-provisional	sym.gender.male	MISSING_MEMBER	owner for stdlib `sym`	HARNESS_LIMITATION	p1210-superficie-publica.json	vanilla side inherited from P1140.26; requires fresh vanilla enumerator
surface:sym.gender.neuter	surface-wide-provisional	sym.gender.neuter	MISSING_MEMBER	owner for stdlib `sym`	HARNESS_LIMITATION	p1210-superficie-publica.json	vanilla side inherited from P1140.26; requires fresh vanilla enumerator
surface:sym.gender.trans	surface-wide-provisional	sym.gender.trans	MISSING_MEMBER	owner for stdlib `sym`	HARNESS_LIMITATION	p1210-superficie-publica.json	vanilla side inherited from P1140.26; requires fresh vanilla enumerator
surface:sym.gimel	surface-wide-provisional	sym.gimel	MISSING_MEMBER	owner for stdlib `sym`	HARNESS_LIMITATION	p1210-superficie-publica.json	vanilla side inherited from P1140.26; requires fresh vanilla enumerator
surface:sym.gradient	surface-wide-provisional	sym.gradient	MISSING_MEMBER	owner for stdlib `sym`	HARNESS_LIMITATION	p1210-superficie-publica.json	vanilla side inherited from P1140.26; requires fresh vanilla enumerator
surface:sym.grave	surface-wide-provisional	sym.grave	MISSING_MEMBER	owner for stdlib `sym`	HARNESS_LIMITATION	p1210-superficie-publica.json	vanilla side inherited from P1140.26; requires fresh vanilla enumerator
surface:sym.guarani	surface-wide-provisional	sym.guarani	MISSING_MEMBER	owner for stdlib `sym`	HARNESS_LIMITATION	p1210-superficie-publica.json	vanilla side inherited from P1140.26; requires fresh vanilla enumerator
surface:sym.harpoon	surface-wide-provisional	sym.harpoon	MISSING_MEMBER	owner for stdlib `sym`	HARNESS_LIMITATION	p1210-superficie-publica.json	vanilla side inherited from P1140.26; requires fresh vanilla enumerator
surface:sym.harpoons	surface-wide-provisional	sym.harpoons	MISSING_MEMBER	owner for stdlib `sym`	HARNESS_LIMITATION	p1210-superficie-publica.json	vanilla side inherited from P1140.26; requires fresh vanilla enumerator
surface:sym.hash	surface-wide-provisional	sym.hash	MISSING_MEMBER	owner for stdlib `sym`	HARNESS_LIMITATION	p1210-superficie-publica.json	vanilla side inherited from P1140.26; requires fresh vanilla enumerator
surface:sym.hat	surface-wide-provisional	sym.hat	MISSING_MEMBER	owner for stdlib `sym`	HARNESS_LIMITATION	p1210-superficie-publica.json	vanilla side inherited from P1140.26; requires fresh vanilla enumerator
surface:sym.hexa	surface-wide-provisional	sym.hexa	MISSING_MEMBER	owner for stdlib `sym`	HARNESS_LIMITATION	p1210-superficie-publica.json	vanilla side inherited from P1140.26; requires fresh vanilla enumerator
surface:sym.hourglass	surface-wide-provisional	sym.hourglass	MISSING_MEMBER	owner for stdlib `sym`	HARNESS_LIMITATION	p1210-superficie-publica.json	vanilla side inherited from P1140.26; requires fresh vanilla enumerator
surface:sym.hryvnia	surface-wide-provisional	sym.hryvnia	MISSING_MEMBER	owner for stdlib `sym`	HARNESS_LIMITATION	p1210-superficie-publica.json	vanilla side inherited from P1140.26; requires fresh vanilla enumerator
surface:sym.hyph	surface-wide-provisional	sym.hyph	MISSING_MEMBER	owner for stdlib `sym`	HARNESS_LIMITATION	p1210-superficie-publica.json	vanilla side inherited from P1140.26; requires fresh vanilla enumerator
surface:sym.image	surface-wide-provisional	sym.image	MISSING_MEMBER	owner for stdlib `sym`	HARNESS_LIMITATION	p1210-superficie-publica.json	vanilla side inherited from P1140.26; requires fresh vanilla enumerator
surface:sym.interleave	surface-wide-provisional	sym.interleave	MISSING_MEMBER	owner for stdlib `sym`	HARNESS_LIMITATION	p1210-superficie-publica.json	vanilla side inherited from P1140.26; requires fresh vanilla enumerator
surface:sym.interrobang	surface-wide-provisional	sym.interrobang	MISSING_MEMBER	owner for stdlib `sym`	HARNESS_LIMITATION	p1210-superficie-publica.json	vanilla side inherited from P1140.26; requires fresh vanilla enumerator
surface:sym.jupiter	surface-wide-provisional	sym.jupiter	MISSING_MEMBER	owner for stdlib `sym`	HARNESS_LIMITATION	p1210-superficie-publica.json	vanilla side inherited from P1140.26; requires fresh vanilla enumerator
surface:sym.kip	surface-wide-provisional	sym.kip	MISSING_MEMBER	owner for stdlib `sym`	HARNESS_LIMITATION	p1210-superficie-publica.json	vanilla side inherited from P1140.26; requires fresh vanilla enumerator
surface:sym.laplace	surface-wide-provisional	sym.laplace	MISSING_MEMBER	owner for stdlib `sym`	HARNESS_LIMITATION	p1210-superficie-publica.json	vanilla side inherited from P1140.26; requires fresh vanilla enumerator
surface:sym.lari	surface-wide-provisional	sym.lari	MISSING_MEMBER	owner for stdlib `sym`	HARNESS_LIMITATION	p1210-superficie-publica.json	vanilla side inherited from P1140.26; requires fresh vanilla enumerator
surface:sym.lat	surface-wide-provisional	sym.lat	MISSING_MEMBER	owner for stdlib `sym`	HARNESS_LIMITATION	p1210-superficie-publica.json	vanilla side inherited from P1140.26; requires fresh vanilla enumerator
surface:sym.lira	surface-wide-provisional	sym.lira	MISSING_MEMBER	owner for stdlib `sym`	HARNESS_LIMITATION	p1210-superficie-publica.json	vanilla side inherited from P1140.26; requires fresh vanilla enumerator
surface:sym.lozenge	surface-wide-provisional	sym.lozenge	MISSING_MEMBER	owner for stdlib `sym`	HARNESS_LIMITATION	p1210-superficie-publica.json	vanilla side inherited from P1140.26; requires fresh vanilla enumerator
surface:sym.lrm	surface-wide-provisional	sym.lrm	MISSING_MEMBER	owner for stdlib `sym`	HARNESS_LIMITATION	p1210-superficie-publica.json	vanilla side inherited from P1140.26; requires fresh vanilla enumerator
surface:sym.macron	surface-wide-provisional	sym.macron	MISSING_MEMBER	owner for stdlib `sym`	HARNESS_LIMITATION	p1210-superficie-publica.json	vanilla side inherited from P1140.26; requires fresh vanilla enumerator
surface:sym.maltese	surface-wide-provisional	sym.maltese	MISSING_MEMBER	owner for stdlib `sym`	HARNESS_LIMITATION	p1210-superficie-publica.json	vanilla side inherited from P1140.26; requires fresh vanilla enumerator
surface:sym.manat	surface-wide-provisional	sym.manat	MISSING_MEMBER	owner for stdlib `sym`	HARNESS_LIMITATION	p1210-superficie-publica.json	vanilla side inherited from P1140.26; requires fresh vanilla enumerator
surface:sym.mapsfrom	surface-wide-provisional	sym.mapsfrom	MISSING_MEMBER	owner for stdlib `sym`	HARNESS_LIMITATION	p1210-superficie-publica.json	vanilla side inherited from P1140.26; requires fresh vanilla enumerator
surface:sym.mapsto	surface-wide-provisional	sym.mapsto	MISSING_MEMBER	owner for stdlib `sym`	HARNESS_LIMITATION	p1210-superficie-publica.json	vanilla side inherited from P1140.26; requires fresh vanilla enumerator
surface:sym.mars	surface-wide-provisional	sym.mars	MISSING_MEMBER	owner for stdlib `sym`	HARNESS_LIMITATION	p1210-superficie-publica.json	vanilla side inherited from P1140.26; requires fresh vanilla enumerator
surface:sym.mercury	surface-wide-provisional	sym.mercury	MISSING_MEMBER	owner for stdlib `sym`	HARNESS_LIMITATION	p1210-superficie-publica.json	vanilla side inherited from P1140.26; requires fresh vanilla enumerator
surface:sym.miny	surface-wide-provisional	sym.miny	MISSING_MEMBER	owner for stdlib `sym`	HARNESS_LIMITATION	p1210-superficie-publica.json	vanilla side inherited from P1140.26; requires fresh vanilla enumerator
surface:sym.models	surface-wide-provisional	sym.models	MISSING_MEMBER	owner for stdlib `sym`	HARNESS_LIMITATION	p1210-superficie-publica.json	vanilla side inherited from P1140.26; requires fresh vanilla enumerator
surface:sym.multimap	surface-wide-provisional	sym.multimap	MISSING_MEMBER	owner for stdlib `sym`	HARNESS_LIMITATION	p1210-superficie-publica.json	vanilla side inherited from P1140.26; requires fresh vanilla enumerator
surface:sym.mustache	surface-wide-provisional	sym.mustache	MISSING_MEMBER	owner for stdlib `sym`	HARNESS_LIMITATION	p1210-superficie-publica.json	vanilla side inherited from P1140.26; requires fresh vanilla enumerator
surface:sym.nabla	surface-wide-provisional	sym.nabla	MISSING_MEMBER	owner for stdlib `sym`	HARNESS_LIMITATION	p1210-superficie-publica.json	vanilla side inherited from P1140.26; requires fresh vanilla enumerator
surface:sym.naira	surface-wide-provisional	sym.naira	MISSING_MEMBER	owner for stdlib `sym`	HARNESS_LIMITATION	p1210-superficie-publica.json	vanilla side inherited from P1140.26; requires fresh vanilla enumerator
surface:sym.natural	surface-wide-provisional	sym.natural	MISSING_MEMBER	owner for stdlib `sym`	HARNESS_LIMITATION	p1210-superficie-publica.json	vanilla side inherited from P1140.26; requires fresh vanilla enumerator
surface:sym.neptune	surface-wide-provisional	sym.neptune	MISSING_MEMBER	owner for stdlib `sym`	HARNESS_LIMITATION	p1210-superficie-publica.json	vanilla side inherited from P1140.26; requires fresh vanilla enumerator
surface:sym.note	surface-wide-provisional	sym.note	MISSING_MEMBER	owner for stdlib `sym`	HARNESS_LIMITATION	p1210-superficie-publica.json	vanilla side inherited from P1140.26; requires fresh vanilla enumerator
surface:sym.nothing	surface-wide-provisional	sym.nothing	MISSING_MEMBER	owner for stdlib `sym`	HARNESS_LIMITATION	p1210-superficie-publica.json	vanilla side inherited from P1140.26; requires fresh vanilla enumerator
surface:sym.numero	surface-wide-provisional	sym.numero	MISSING_MEMBER	owner for stdlib `sym`	HARNESS_LIMITATION	p1210-superficie-publica.json	vanilla side inherited from P1140.26; requires fresh vanilla enumerator
surface:sym.omicron	surface-wide-provisional	sym.omicron	MISSING_MEMBER	owner for stdlib `sym`	HARNESS_LIMITATION	p1210-superficie-publica.json	vanilla side inherited from P1140.26; requires fresh vanilla enumerator
surface:sym.original	surface-wide-provisional	sym.original	MISSING_MEMBER	owner for stdlib `sym`	HARNESS_LIMITATION	p1210-superficie-publica.json	vanilla side inherited from P1140.26; requires fresh vanilla enumerator
surface:sym.parallel	surface-wide-provisional	sym.parallel	MISSING_MEMBER	owner for stdlib `sym`	HARNESS_LIMITATION	p1210-superficie-publica.json	vanilla side inherited from P1140.26; requires fresh vanilla enumerator
surface:sym.parallelogram	surface-wide-provisional	sym.parallelogram	MISSING_MEMBER	owner for stdlib `sym`	HARNESS_LIMITATION	p1210-superficie-publica.json	vanilla side inherited from P1140.26; requires fresh vanilla enumerator
surface:sym.paren	surface-wide-provisional	sym.paren	MISSING_MEMBER	owner for stdlib `sym`	HARNESS_LIMITATION	p1210-superficie-publica.json	vanilla side inherited from P1140.26; requires fresh vanilla enumerator
surface:sym.partial	surface-wide-provisional	sym.partial	MISSING_MEMBER	owner for stdlib `sym`	HARNESS_LIMITATION	p1210-superficie-publica.json	vanilla side inherited from P1140.26; requires fresh vanilla enumerator
surface:sym.pataca	surface-wide-provisional	sym.pataca	MISSING_MEMBER	owner for stdlib `sym`	HARNESS_LIMITATION	p1210-superficie-publica.json	vanilla side inherited from P1140.26; requires fresh vanilla enumerator
surface:sym.pee	surface-wide-provisional	sym.pee	MISSING_MEMBER	owner for stdlib `sym`	HARNESS_LIMITATION	p1210-superficie-publica.json	vanilla side inherited from P1140.26; requires fresh vanilla enumerator
surface:sym.penta	surface-wide-provisional	sym.penta	MISSING_MEMBER	owner for stdlib `sym`	HARNESS_LIMITATION	p1210-superficie-publica.json	vanilla side inherited from P1140.26; requires fresh vanilla enumerator
surface:sym.percent	surface-wide-provisional	sym.percent	MISSING_MEMBER	owner for stdlib `sym`	HARNESS_LIMITATION	p1210-superficie-publica.json	vanilla side inherited from P1140.26; requires fresh vanilla enumerator
surface:sym.permille	surface-wide-provisional	sym.permille	MISSING_MEMBER	owner for stdlib `sym`	HARNESS_LIMITATION	p1210-superficie-publica.json	vanilla side inherited from P1140.26; requires fresh vanilla enumerator
surface:sym.permyriad	surface-wide-provisional	sym.permyriad	MISSING_MEMBER	owner for stdlib `sym`	HARNESS_LIMITATION	p1210-superficie-publica.json	vanilla side inherited from P1140.26; requires fresh vanilla enumerator
surface:sym.perp	surface-wide-provisional	sym.perp	MISSING_MEMBER	owner for stdlib `sym`	HARNESS_LIMITATION	p1210-superficie-publica.json	vanilla side inherited from P1140.26; requires fresh vanilla enumerator
surface:sym.peso	surface-wide-provisional	sym.peso	MISSING_MEMBER	owner for stdlib `sym`	HARNESS_LIMITATION	p1210-superficie-publica.json	vanilla side inherited from P1140.26; requires fresh vanilla enumerator
surface:sym.pilcrow	surface-wide-provisional	sym.pilcrow	MISSING_MEMBER	owner for stdlib `sym`	HARNESS_LIMITATION	p1210-superficie-publica.json	vanilla side inherited from P1140.26; requires fresh vanilla enumerator
surface:sym.pound	surface-wide-provisional	sym.pound	MISSING_MEMBER	owner for stdlib `sym`	HARNESS_LIMITATION	p1210-superficie-publica.json	vanilla side inherited from P1140.26; requires fresh vanilla enumerator
surface:sym.power	surface-wide-provisional	sym.power	MISSING_MEMBER	owner for stdlib `sym`	HARNESS_LIMITATION	p1210-superficie-publica.json	vanilla side inherited from P1140.26; requires fresh vanilla enumerator
surface:sym.prec	surface-wide-provisional	sym.prec	MISSING_MEMBER	owner for stdlib `sym`	HARNESS_LIMITATION	p1210-superficie-publica.json	vanilla side inherited from P1140.26; requires fresh vanilla enumerator
surface:sym.prime	surface-wide-provisional	sym.prime	MISSING_MEMBER	owner for stdlib `sym`	HARNESS_LIMITATION	p1210-superficie-publica.json	vanilla side inherited from P1140.26; requires fresh vanilla enumerator
surface:sym.qed	surface-wide-provisional	sym.qed	MISSING_MEMBER	owner for stdlib `sym`	HARNESS_LIMITATION	p1210-superficie-publica.json	vanilla side inherited from P1140.26; requires fresh vanilla enumerator
surface:sym.quest	surface-wide-provisional	sym.quest	MISSING_MEMBER	owner for stdlib `sym`	HARNESS_LIMITATION	p1210-superficie-publica.json	vanilla side inherited from P1140.26; requires fresh vanilla enumerator
surface:sym.quote	surface-wide-provisional	sym.quote	MISSING_MEMBER	owner for stdlib `sym`	HARNESS_LIMITATION	p1210-superficie-publica.json	vanilla side inherited from P1140.26; requires fresh vanilla enumerator
surface:sym.ratio	surface-wide-provisional	sym.ratio	MISSING_MEMBER	owner for stdlib `sym`	HARNESS_LIMITATION	p1210-superficie-publica.json	vanilla side inherited from P1140.26; requires fresh vanilla enumerator
surface:sym.rect	surface-wide-provisional	sym.rect	MISSING_MEMBER	owner for stdlib `sym`	HARNESS_LIMITATION	p1210-superficie-publica.json	vanilla side inherited from P1140.26; requires fresh vanilla enumerator
surface:sym.refmark	surface-wide-provisional	sym.refmark	MISSING_MEMBER	owner for stdlib `sym`	HARNESS_LIMITATION	p1210-superficie-publica.json	vanilla side inherited from P1140.26; requires fresh vanilla enumerator
surface:sym.registered	surface-wide-provisional	sym.registered	EXTRA_BINDING	owner for stdlib `sym`	HARNESS_LIMITATION	p1210-superficie-publica.json	vanilla side inherited from P1140.26; requires fresh vanilla enumerator
surface:sym.rest	surface-wide-provisional	sym.rest	MISSING_MEMBER	owner for stdlib `sym`	HARNESS_LIMITATION	p1210-superficie-publica.json	vanilla side inherited from P1140.26; requires fresh vanilla enumerator
surface:sym.riel	surface-wide-provisional	sym.riel	MISSING_MEMBER	owner for stdlib `sym`	HARNESS_LIMITATION	p1210-superficie-publica.json	vanilla side inherited from P1140.26; requires fresh vanilla enumerator
surface:sym.riyal	surface-wide-provisional	sym.riyal	MISSING_MEMBER	owner for stdlib `sym`	HARNESS_LIMITATION	p1210-superficie-publica.json	vanilla side inherited from P1140.26; requires fresh vanilla enumerator
surface:sym.rlm	surface-wide-provisional	sym.rlm	MISSING_MEMBER	owner for stdlib `sym`	HARNESS_LIMITATION	p1210-superficie-publica.json	vanilla side inherited from P1140.26; requires fresh vanilla enumerator
surface:sym.ruble	surface-wide-provisional	sym.ruble	MISSING_MEMBER	owner for stdlib `sym`	HARNESS_LIMITATION	p1210-superficie-publica.json	vanilla side inherited from P1140.26; requires fresh vanilla enumerator
surface:sym.rupee	surface-wide-provisional	sym.rupee	MISSING_MEMBER	owner for stdlib `sym`	HARNESS_LIMITATION	p1210-superficie-publica.json	vanilla side inherited from P1140.26; requires fresh vanilla enumerator
surface:sym.saturn	surface-wide-provisional	sym.saturn	MISSING_MEMBER	owner for stdlib `sym`	HARNESS_LIMITATION	p1210-superficie-publica.json	vanilla side inherited from P1140.26; requires fresh vanilla enumerator
surface:sym.section	surface-wide-provisional	sym.section	MISSING_MEMBER	owner for stdlib `sym`	HARNESS_LIMITATION	p1210-superficie-publica.json	vanilla side inherited from P1140.26; requires fresh vanilla enumerator
surface:sym.semi	surface-wide-provisional	sym.semi	MISSING_MEMBER	owner for stdlib `sym`	HARNESS_LIMITATION	p1210-superficie-publica.json	vanilla side inherited from P1140.26; requires fresh vanilla enumerator
surface:sym.sha	surface-wide-provisional	sym.sha	MISSING_MEMBER	owner for stdlib `sym`	HARNESS_LIMITATION	p1210-superficie-publica.json	vanilla side inherited from P1140.26; requires fresh vanilla enumerator
surface:sym.sharp	surface-wide-provisional	sym.sharp	MISSING_MEMBER	owner for stdlib `sym`	HARNESS_LIMITATION	p1210-superficie-publica.json	vanilla side inherited from P1140.26; requires fresh vanilla enumerator
surface:sym.shekel	surface-wide-provisional	sym.shekel	MISSING_MEMBER	owner for stdlib `sym`	HARNESS_LIMITATION	p1210-superficie-publica.json	vanilla side inherited from P1140.26; requires fresh vanilla enumerator
surface:sym.shell	surface-wide-provisional	sym.shell	MISSING_MEMBER	owner for stdlib `sym`	HARNESS_LIMITATION	p1210-superficie-publica.json	vanilla side inherited from P1140.26; requires fresh vanilla enumerator
surface:sym.slash	surface-wide-provisional	sym.slash	MISSING_MEMBER	owner for stdlib `sym`	HARNESS_LIMITATION	p1210-superficie-publica.json	vanilla side inherited from P1140.26; requires fresh vanilla enumerator
surface:sym.smash	surface-wide-provisional	sym.smash	MISSING_MEMBER	owner for stdlib `sym`	HARNESS_LIMITATION	p1210-superficie-publica.json	vanilla side inherited from P1140.26; requires fresh vanilla enumerator
surface:sym.smile	surface-wide-provisional	sym.smile	MISSING_MEMBER	owner for stdlib `sym`	HARNESS_LIMITATION	p1210-superficie-publica.json	vanilla side inherited from P1140.26; requires fresh vanilla enumerator
surface:sym.smt	surface-wide-provisional	sym.smt	MISSING_MEMBER	owner for stdlib `sym`	HARNESS_LIMITATION	p1210-superficie-publica.json	vanilla side inherited from P1140.26; requires fresh vanilla enumerator
surface:sym.som	surface-wide-provisional	sym.som	MISSING_MEMBER	owner for stdlib `sym`	HARNESS_LIMITATION	p1210-superficie-publica.json	vanilla side inherited from P1140.26; requires fresh vanilla enumerator
surface:sym.spacebar	surface-wide-provisional	sym.spacebar	MISSING_MEMBER	owner for stdlib `sym`	HARNESS_LIMITATION	p1210-superficie-publica.json	vanilla side inherited from P1140.26; requires fresh vanilla enumerator
surface:sym.succ	surface-wide-provisional	sym.succ	MISSING_MEMBER	owner for stdlib `sym`	HARNESS_LIMITATION	p1210-superficie-publica.json	vanilla side inherited from P1140.26; requires fresh vanilla enumerator
surface:sym.sun	surface-wide-provisional	sym.sun	MISSING_MEMBER	owner for stdlib `sym`	HARNESS_LIMITATION	p1210-superficie-publica.json	vanilla side inherited from P1140.26; requires fresh vanilla enumerator
surface:sym.taka	surface-wide-provisional	sym.taka	MISSING_MEMBER	owner for stdlib `sym`	HARNESS_LIMITATION	p1210-superficie-publica.json	vanilla side inherited from P1140.26; requires fresh vanilla enumerator
surface:sym.taman	surface-wide-provisional	sym.taman	MISSING_MEMBER	owner for stdlib `sym`	HARNESS_LIMITATION	p1210-superficie-publica.json	vanilla side inherited from P1140.26; requires fresh vanilla enumerator
surface:sym.tenge	surface-wide-provisional	sym.tenge	MISSING_MEMBER	owner for stdlib `sym`	HARNESS_LIMITATION	p1210-superficie-publica.json	vanilla side inherited from P1140.26; requires fresh vanilla enumerator
surface:sym.therefore	surface-wide-provisional	sym.therefore	MISSING_MEMBER	owner for stdlib `sym`	HARNESS_LIMITATION	p1210-superficie-publica.json	vanilla side inherited from P1140.26; requires fresh vanilla enumerator
surface:sym.tiny	surface-wide-provisional	sym.tiny	MISSING_MEMBER	owner for stdlib `sym`	HARNESS_LIMITATION	p1210-superficie-publica.json	vanilla side inherited from P1140.26; requires fresh vanilla enumerator
surface:sym.togrog	surface-wide-provisional	sym.togrog	MISSING_MEMBER	owner for stdlib `sym`	HARNESS_LIMITATION	p1210-superficie-publica.json	vanilla side inherited from P1140.26; requires fresh vanilla enumerator
surface:sym.top	surface-wide-provisional	sym.top	MISSING_MEMBER	owner for stdlib `sym`	HARNESS_LIMITATION	p1210-superficie-publica.json	vanilla side inherited from P1140.26; requires fresh vanilla enumerator
surface:sym.triangle	surface-wide-provisional	sym.triangle	MISSING_MEMBER	owner for stdlib `sym`	HARNESS_LIMITATION	p1210-superficie-publica.json	vanilla side inherited from P1140.26; requires fresh vanilla enumerator
surface:sym.underscore	surface-wide-provisional	sym.underscore	MISSING_MEMBER	owner for stdlib `sym`	HARNESS_LIMITATION	p1210-superficie-publica.json	vanilla side inherited from P1140.26; requires fresh vanilla enumerator
surface:sym.uranus	surface-wide-provisional	sym.uranus	MISSING_MEMBER	owner for stdlib `sym`	HARNESS_LIMITATION	p1210-superficie-publica.json	vanilla side inherited from P1140.26; requires fresh vanilla enumerator
surface:sym.venus	surface-wide-provisional	sym.venus	MISSING_MEMBER	owner for stdlib `sym`	HARNESS_LIMITATION	p1210-superficie-publica.json	vanilla side inherited from P1140.26; requires fresh vanilla enumerator
surface:sym.without	surface-wide-provisional	sym.without	MISSING_MEMBER	owner for stdlib `sym`	HARNESS_LIMITATION	p1210-superficie-publica.json	vanilla side inherited from P1140.26; requires fresh vanilla enumerator
surface:sym.wj	surface-wide-provisional	sym.wj	MISSING_MEMBER	owner for stdlib `sym`	HARNESS_LIMITATION	p1210-superficie-publica.json	vanilla side inherited from P1140.26; requires fresh vanilla enumerator
surface:sym.won	surface-wide-provisional	sym.won	MISSING_MEMBER	owner for stdlib `sym`	HARNESS_LIMITATION	p1210-superficie-publica.json	vanilla side inherited from P1140.26; requires fresh vanilla enumerator
surface:sym.wreath	surface-wide-provisional	sym.wreath	MISSING_MEMBER	owner for stdlib `sym`	HARNESS_LIMITATION	p1210-superficie-publica.json	vanilla side inherited from P1140.26; requires fresh vanilla enumerator
surface:sym.xor	surface-wide-provisional	sym.xor	MISSING_MEMBER	owner for stdlib `sym`	HARNESS_LIMITATION	p1210-superficie-publica.json	vanilla side inherited from P1140.26; requires fresh vanilla enumerator
surface:sym.yen	surface-wide-provisional	sym.yen	MISSING_MEMBER	owner for stdlib `sym`	HARNESS_LIMITATION	p1210-superficie-publica.json	vanilla side inherited from P1140.26; requires fresh vanilla enumerator
surface:sym.yuan	surface-wide-provisional	sym.yuan	MISSING_MEMBER	owner for stdlib `sym`	HARNESS_LIMITATION	p1210-superficie-publica.json	vanilla side inherited from P1140.26; requires fresh vanilla enumerator
surface:sym.zero	surface-wide-provisional	sym.zero	MISSING_MEMBER	owner for stdlib `sym`	HARNESS_LIMITATION	p1210-superficie-publica.json	vanilla side inherited from P1140.26; requires fresh vanilla enumerator
surface:sym.zwj	surface-wide-provisional	sym.zwj	MISSING_MEMBER	owner for stdlib `sym`	HARNESS_LIMITATION	p1210-superficie-publica.json	vanilla side inherited from P1140.26; requires fresh vanilla enumerator
surface:sym.zwnj	surface-wide-provisional	sym.zwnj	MISSING_MEMBER	owner for stdlib `sym`	HARNESS_LIMITATION	p1210-superficie-publica.json	vanilla side inherited from P1140.26; requires fresh vanilla enumerator
surface:sym.zws	surface-wide-provisional	sym.zws	MISSING_MEMBER	owner for stdlib `sym`	HARNESS_LIMITATION	p1210-superficie-publica.json	vanilla side inherited from P1140.26; requires fresh vanilla enumerator
surface:table	surface-wide-provisional	table	UNVERIFIED_METADATA	owner for stdlib `table`	HARNESS_LIMITATION	p1210-superficie-publica.json	vanilla side inherited from P1140.26; requires fresh vanilla enumerator
surface:table.cell	surface-wide-provisional	table.cell	UNVERIFIED_METADATA	owner for stdlib `table`	HARNESS_LIMITATION	p1210-superficie-publica.json	vanilla side inherited from P1140.26; requires fresh vanilla enumerator
surface:table.footer	surface-wide-provisional	table.footer	UNVERIFIED_METADATA	owner for stdlib `table`	HARNESS_LIMITATION	p1210-superficie-publica.json	vanilla side inherited from P1140.26; requires fresh vanilla enumerator
surface:table.header	surface-wide-provisional	table.header	UNVERIFIED_METADATA	owner for stdlib `table`	HARNESS_LIMITATION	p1210-superficie-publica.json	vanilla side inherited from P1140.26; requires fresh vanilla enumerator
surface:table.hline	surface-wide-provisional	table.hline	UNVERIFIED_METADATA	owner for stdlib `table`	HARNESS_LIMITATION	p1210-superficie-publica.json	vanilla side inherited from P1140.26; requires fresh vanilla enumerator
surface:table.vline	surface-wide-provisional	table.vline	UNVERIFIED_METADATA	owner for stdlib `table`	HARNESS_LIMITATION	p1210-superficie-publica.json	vanilla side inherited from P1140.26; requires fresh vanilla enumerator
surface:table_cell	surface-wide-provisional	table_cell	EXTRA_BINDING	owner for stdlib `table_cell`	HARNESS_LIMITATION	p1210-superficie-publica.json	vanilla side inherited from P1140.26; requires fresh vanilla enumerator
surface:table_footer	surface-wide-provisional	table_footer	EXTRA_BINDING	owner for stdlib `table_footer`	HARNESS_LIMITATION	p1210-superficie-publica.json	vanilla side inherited from P1140.26; requires fresh vanilla enumerator
surface:table_header	surface-wide-provisional	table_header	EXTRA_BINDING	owner for stdlib `table_header`	HARNESS_LIMITATION	p1210-superficie-publica.json	vanilla side inherited from P1140.26; requires fresh vanilla enumerator
surface:target	surface-wide-provisional	target	UNVERIFIED_METADATA	owner for stdlib `target`	HARNESS_LIMITATION	p1210-superficie-publica.json	vanilla side inherited from P1140.26; requires fresh vanilla enumerator
surface:terms	surface-wide-provisional	terms	UNVERIFIED_METADATA	owner for stdlib `terms`	HARNESS_LIMITATION	p1210-superficie-publica.json	vanilla side inherited from P1140.26; requires fresh vanilla enumerator
surface:terms.item	surface-wide-provisional	terms.item	MISSING_MEMBER	owner for stdlib `terms`	HARNESS_LIMITATION	p1210-superficie-publica.json	vanilla side inherited from P1140.26; requires fresh vanilla enumerator
surface:text	surface-wide-provisional	text	UNVERIFIED_METADATA	owner for stdlib `text`	HARNESS_LIMITATION	p1210-superficie-publica.json	vanilla side inherited from P1140.26; requires fresh vanilla enumerator
surface:title	surface-wide-provisional	title	UNVERIFIED_METADATA	owner for stdlib `title`	HARNESS_LIMITATION	p1210-superficie-publica.json	vanilla side inherited from P1140.26; requires fresh vanilla enumerator
surface:toml	surface-wide-provisional	toml	UNVERIFIED_METADATA	owner for stdlib `toml`	HARNESS_LIMITATION	p1210-superficie-publica.json	vanilla side inherited from P1140.26; requires fresh vanilla enumerator
surface:toml.encode	surface-wide-provisional	toml.encode	MISSING_MEMBER	owner for stdlib `toml`	HARNESS_LIMITATION	p1210-superficie-publica.json	vanilla side inherited from P1140.26; requires fresh vanilla enumerator
surface:underline	surface-wide-provisional	underline	UNVERIFIED_METADATA	owner for stdlib `underline`	HARNESS_LIMITATION	p1210-superficie-publica.json	vanilla side inherited from P1140.26; requires fresh vanilla enumerator
surface:underover	surface-wide-provisional	underover	EXTRA_BINDING	owner for stdlib `underover`	HARNESS_LIMITATION	p1210-superficie-publica.json	vanilla side inherited from P1140.26; requires fresh vanilla enumerator
surface:upper	surface-wide-provisional	upper	UNVERIFIED_METADATA	owner for stdlib `upper`	HARNESS_LIMITATION	p1210-superficie-publica.json	vanilla side inherited from P1140.26; requires fresh vanilla enumerator
surface:upright	surface-wide-provisional	upright	EXTRA_BINDING	owner for stdlib `upright`	HARNESS_LIMITATION	p1210-superficie-publica.json	vanilla side inherited from P1140.26; requires fresh vanilla enumerator
surface:v	surface-wide-provisional	v	UNVERIFIED_METADATA	owner for stdlib `v`	HARNESS_LIMITATION	p1210-superficie-publica.json	vanilla side inherited from P1140.26; requires fresh vanilla enumerator
surface:version.at	surface-wide-provisional	version.at	MISSING_MEMBER	owner for stdlib `version`	HARNESS_LIMITATION	p1210-superficie-publica.json	vanilla side inherited from P1140.26; requires fresh vanilla enumerator
surface:xml	surface-wide-provisional	xml	UNVERIFIED_METADATA	owner for stdlib `xml`	HARNESS_LIMITATION	p1210-superficie-publica.json	vanilla side inherited from P1140.26; requires fresh vanilla enumerator
surface:yaml	surface-wide-provisional	yaml	UNVERIFIED_METADATA	owner for stdlib `yaml`	HARNESS_LIMITATION	p1210-superficie-publica.json	vanilla side inherited from P1140.26; requires fresh vanilla enumerator
surface:yaml.encode	surface-wide-provisional	yaml.encode	MISSING_MEMBER	owner for stdlib `yaml`	HARNESS_LIMITATION	p1210-superficie-publica.json	vanilla side inherited from P1140.26; requires fresh vanilla enumerator
