probe_id	fixture_id	mesh	side	t	boundary	verdict	value	boundary_delta	alpha_delta	serialized	witness
P001	regression-linear-linear-rgb-alpha-first-square-fill	2048	minus	0	B01_VANILLA_SAMPLE	Measured	"[""100%"",""5.29%"",""3.69%"",""40%""]"				public components().map(repr)
P001	regression-linear-linear-rgb-alpha-first-square-fill	2048	minus	0	B02_CRYSTALLINE_SAMPLE	Measured	"[""100%"",""5.29%"",""3.69%"",""40%""]"	0			public components().map(repr)
P001	regression-linear-linear-rgb-alpha-first-square-fill	2048	minus	0	B03_TO_RGBA_F32	Unknown	null				public to-rgba unavailable
P001	regression-linear-linear-rgb-alpha-first-square-fill	2048	minus	0	B04_ADAPTIVE_METRIC	Unknown	null				pre-quantized encoded-sRGB tuple unavailable
P001	regression-linear-linear-rgb-alpha-first-square-fill	2048	minus	0	B05_U8_QUANTIZATION	Measured-output-only	[1.0,0.2549019607843137,0.21176470588235294,0.4]			#ff4136|0.4;#ff4136|0.4;u=0	interpolation of emitted quantized endpoints
P001	regression-linear-linear-rgb-alpha-first-square-fill	2048	minus	0	B06_CSS_SERIALIZATION	Measured-output-only	[1.0,0.2549019607843137,0.21176470588235294,0.4]			#ff4136|0.4;#ff4136|0.4;u=0	#ff4136|0.4;#ff4136|0.4;u=0
P001	regression-linear-linear-rgb-alpha-first-square-fill	2048	minus	0	B07_CSS_REPARSE	Measured-output-only	[1.0,0.2549019607843137,0.21176470588235294,0.4]			#ff4136|0.4;#ff4136|0.4;u=0	#RRGGBB/#RRGGBBAA output parser
P001	regression-linear-linear-rgb-alpha-first-square-fill	2048	exact	0	B01_VANILLA_SAMPLE	Measured	"[""100%"",""5.29%"",""3.69%"",""40%""]"				public components().map(repr)
P001	regression-linear-linear-rgb-alpha-first-square-fill	2048	exact	0	B02_CRYSTALLINE_SAMPLE	Measured	"[""100%"",""5.29%"",""3.69%"",""40%""]"	0			public components().map(repr)
P001	regression-linear-linear-rgb-alpha-first-square-fill	2048	exact	0	B03_TO_RGBA_F32	Unknown	null				public to-rgba unavailable
P001	regression-linear-linear-rgb-alpha-first-square-fill	2048	exact	0	B04_ADAPTIVE_METRIC	Unknown	null				pre-quantized encoded-sRGB tuple unavailable
P001	regression-linear-linear-rgb-alpha-first-square-fill	2048	exact	0	B05_U8_QUANTIZATION	Measured-output-only	[1.0,0.2549019607843137,0.21176470588235294,0.4]			#ff4136|0.4;#ff4136|0.4;u=0	interpolation of emitted quantized endpoints
P001	regression-linear-linear-rgb-alpha-first-square-fill	2048	exact	0	B06_CSS_SERIALIZATION	Measured-output-only	[1.0,0.2549019607843137,0.21176470588235294,0.4]			#ff4136|0.4;#ff4136|0.4;u=0	#ff4136|0.4;#ff4136|0.4;u=0
P001	regression-linear-linear-rgb-alpha-first-square-fill	2048	exact	0	B07_CSS_REPARSE	Measured-output-only	[1.0,0.2549019607843137,0.21176470588235294,0.4]			#ff4136|0.4;#ff4136|0.4;u=0	#RRGGBB/#RRGGBBAA output parser
P001	regression-linear-linear-rgb-alpha-first-square-fill	2048	plus	9.9999999999999995e-08	B01_VANILLA_SAMPLE	Measured	"[""100%"",""5.29%"",""3.69%"",""40%""]"				public components().map(repr)
P001	regression-linear-linear-rgb-alpha-first-square-fill	2048	plus	9.9999999999999995e-08	B02_CRYSTALLINE_SAMPLE	Measured	"[""100%"",""5.29%"",""3.69%"",""40%""]"	0			public components().map(repr)
P001	regression-linear-linear-rgb-alpha-first-square-fill	2048	plus	9.9999999999999995e-08	B03_TO_RGBA_F32	Unknown	null				public to-rgba unavailable
P001	regression-linear-linear-rgb-alpha-first-square-fill	2048	plus	9.9999999999999995e-08	B04_ADAPTIVE_METRIC	Unknown	null				pre-quantized encoded-sRGB tuple unavailable
P001	regression-linear-linear-rgb-alpha-first-square-fill	2048	plus	9.9999999999999995e-08	B05_U8_QUANTIZATION	Measured-output-only	[0.9999998982511923,0.2549022999470058,0.21176470588235294,0.4000001695813449]			#ff4136|0.4;#fc4b36|0.419607843;u=8.6486486486486476e-06	interpolation of emitted quantized endpoints
P001	regression-linear-linear-rgb-alpha-first-square-fill	2048	plus	9.9999999999999995e-08	B06_CSS_SERIALIZATION	Measured-output-only	[0.9999998982511923,0.2549022999470058,0.21176470588235294,0.4000001695813449]			#ff4136|0.4;#fc4b36|0.419607843;u=8.6486486486486476e-06	#ff4136|0.4;#fc4b36|0.419607843;u=8.6486486486486476e-06
P001	regression-linear-linear-rgb-alpha-first-square-fill	2048	plus	9.9999999999999995e-08	B07_CSS_REPARSE	Measured-output-only	[0.9999998982511923,0.2549022999470058,0.21176470588235294,0.4000001695813449]			#ff4136|0.4;#fc4b36|0.419607843;u=8.6486486486486476e-06	#RRGGBB/#RRGGBBAA output parser
P002	regression-linear-linear-rgb-alpha-first-square-fill	4096	minus	0	B01_VANILLA_SAMPLE	Measured	"[""100%"",""5.29%"",""3.69%"",""40%""]"				public components().map(repr)
P002	regression-linear-linear-rgb-alpha-first-square-fill	4096	minus	0	B02_CRYSTALLINE_SAMPLE	Measured	"[""100%"",""5.29%"",""3.69%"",""40%""]"	0			public components().map(repr)
P002	regression-linear-linear-rgb-alpha-first-square-fill	4096	minus	0	B03_TO_RGBA_F32	Unknown	null				public to-rgba unavailable
P002	regression-linear-linear-rgb-alpha-first-square-fill	4096	minus	0	B04_ADAPTIVE_METRIC	Unknown	null				pre-quantized encoded-sRGB tuple unavailable
P002	regression-linear-linear-rgb-alpha-first-square-fill	4096	minus	0	B05_U8_QUANTIZATION	Measured-output-only	[1.0,0.2549019607843137,0.21176470588235294,0.4]			#ff4136|0.4;#ff4136|0.4;u=0	interpolation of emitted quantized endpoints
P002	regression-linear-linear-rgb-alpha-first-square-fill	4096	minus	0	B06_CSS_SERIALIZATION	Measured-output-only	[1.0,0.2549019607843137,0.21176470588235294,0.4]			#ff4136|0.4;#ff4136|0.4;u=0	#ff4136|0.4;#ff4136|0.4;u=0
P002	regression-linear-linear-rgb-alpha-first-square-fill	4096	minus	0	B07_CSS_REPARSE	Measured-output-only	[1.0,0.2549019607843137,0.21176470588235294,0.4]			#ff4136|0.4;#ff4136|0.4;u=0	#RRGGBB/#RRGGBBAA output parser
P002	regression-linear-linear-rgb-alpha-first-square-fill	4096	exact	0	B01_VANILLA_SAMPLE	Measured	"[""100%"",""5.29%"",""3.69%"",""40%""]"				public components().map(repr)
P002	regression-linear-linear-rgb-alpha-first-square-fill	4096	exact	0	B02_CRYSTALLINE_SAMPLE	Measured	"[""100%"",""5.29%"",""3.69%"",""40%""]"	0			public components().map(repr)
P002	regression-linear-linear-rgb-alpha-first-square-fill	4096	exact	0	B03_TO_RGBA_F32	Unknown	null				public to-rgba unavailable
P002	regression-linear-linear-rgb-alpha-first-square-fill	4096	exact	0	B04_ADAPTIVE_METRIC	Unknown	null				pre-quantized encoded-sRGB tuple unavailable
P002	regression-linear-linear-rgb-alpha-first-square-fill	4096	exact	0	B05_U8_QUANTIZATION	Measured-output-only	[1.0,0.2549019607843137,0.21176470588235294,0.4]			#ff4136|0.4;#ff4136|0.4;u=0	interpolation of emitted quantized endpoints
P002	regression-linear-linear-rgb-alpha-first-square-fill	4096	exact	0	B06_CSS_SERIALIZATION	Measured-output-only	[1.0,0.2549019607843137,0.21176470588235294,0.4]			#ff4136|0.4;#ff4136|0.4;u=0	#ff4136|0.4;#ff4136|0.4;u=0
P002	regression-linear-linear-rgb-alpha-first-square-fill	4096	exact	0	B07_CSS_REPARSE	Measured-output-only	[1.0,0.2549019607843137,0.21176470588235294,0.4]			#ff4136|0.4;#ff4136|0.4;u=0	#RRGGBB/#RRGGBBAA output parser
P002	regression-linear-linear-rgb-alpha-first-square-fill	4096	plus	9.9999999999999995e-08	B01_VANILLA_SAMPLE	Measured	"[""100%"",""5.29%"",""3.69%"",""40%""]"				public components().map(repr)
P002	regression-linear-linear-rgb-alpha-first-square-fill	4096	plus	9.9999999999999995e-08	B02_CRYSTALLINE_SAMPLE	Measured	"[""100%"",""5.29%"",""3.69%"",""40%""]"	0			public components().map(repr)
P002	regression-linear-linear-rgb-alpha-first-square-fill	4096	plus	9.9999999999999995e-08	B03_TO_RGBA_F32	Unknown	null				public to-rgba unavailable
P002	regression-linear-linear-rgb-alpha-first-square-fill	4096	plus	9.9999999999999995e-08	B04_ADAPTIVE_METRIC	Unknown	null				pre-quantized encoded-sRGB tuple unavailable
P002	regression-linear-linear-rgb-alpha-first-square-fill	4096	plus	9.9999999999999995e-08	B05_U8_QUANTIZATION	Measured-output-only	[0.9999998982511923,0.2549022999470058,0.21176470588235294,0.4000001695813449]			#ff4136|0.4;#fc4b36|0.419607843;u=8.6486486486486476e-06	interpolation of emitted quantized endpoints
P002	regression-linear-linear-rgb-alpha-first-square-fill	4096	plus	9.9999999999999995e-08	B06_CSS_SERIALIZATION	Measured-output-only	[0.9999998982511923,0.2549022999470058,0.21176470588235294,0.4000001695813449]			#ff4136|0.4;#fc4b36|0.419607843;u=8.6486486486486476e-06	#ff4136|0.4;#fc4b36|0.419607843;u=8.6486486486486476e-06
P002	regression-linear-linear-rgb-alpha-first-square-fill	4096	plus	9.9999999999999995e-08	B07_CSS_REPARSE	Measured-output-only	[0.9999998982511923,0.2549022999470058,0.21176470588235294,0.4000001695813449]			#ff4136|0.4;#fc4b36|0.419607843;u=8.6486486486486476e-06	#RRGGBB/#RRGGBBAA output parser
P003	regression-linear-linear-rgb-alpha-last-tall-fill	2048	minus	0.99999990000000005	B01_VANILLA_SAMPLE	Measured	"[""0%"",""17.46%"",""69.39%"",""40%""]"				public components().map(repr)
P003	regression-linear-linear-rgb-alpha-last-tall-fill	2048	minus	0.99999990000000005	B02_CRYSTALLINE_SAMPLE	Measured	"[""0%"",""17.46%"",""69.39%"",""40%""]"	0			public components().map(repr)
P003	regression-linear-linear-rgb-alpha-last-tall-fill	2048	minus	0.99999990000000005	B03_TO_RGBA_F32	Unknown	null				public to-rgba unavailable
P003	regression-linear-linear-rgb-alpha-last-tall-fill	2048	minus	0.99999990000000005	B04_ADAPTIVE_METRIC	Unknown	null				pre-quantized encoded-sRGB tuple unavailable
P003	regression-linear-linear-rgb-alpha-last-tall-fill	2048	minus	0.99999990000000005	B05_U8_QUANTIZATION	Measured-output-only	[5.477745677530535e-08,0.4549020354808457,0.8509803323996372,0.40000009461560726]			#0b83cd|0.474509804;#0074d9|0.4;u=0.99999873015895657	interpolation of emitted quantized endpoints
P003	regression-linear-linear-rgb-alpha-last-tall-fill	2048	minus	0.99999990000000005	B06_CSS_SERIALIZATION	Measured-output-only	[5.477745677530535e-08,0.4549020354808457,0.8509803323996372,0.40000009461560726]			#0b83cd|0.474509804;#0074d9|0.4;u=0.99999873015895657	#0b83cd|0.474509804;#0074d9|0.4;u=0.99999873015895657
P003	regression-linear-linear-rgb-alpha-last-tall-fill	2048	minus	0.99999990000000005	B07_CSS_REPARSE	Measured-output-only	[5.477745677530535e-08,0.4549020354808457,0.8509803323996372,0.40000009461560726]			#0b83cd|0.474509804;#0074d9|0.4;u=0.99999873015895657	#RRGGBB/#RRGGBBAA output parser
P003	regression-linear-linear-rgb-alpha-last-tall-fill	2048	exact	1	B01_VANILLA_SAMPLE	Measured	"[""0%"",""17.46%"",""69.39%"",""40%""]"				public components().map(repr)
P003	regression-linear-linear-rgb-alpha-last-tall-fill	2048	exact	1	B02_CRYSTALLINE_SAMPLE	Measured	"[""0%"",""17.46%"",""69.39%"",""40%""]"	0			public components().map(repr)
P003	regression-linear-linear-rgb-alpha-last-tall-fill	2048	exact	1	B03_TO_RGBA_F32	Unknown	null				public to-rgba unavailable
P003	regression-linear-linear-rgb-alpha-last-tall-fill	2048	exact	1	B04_ADAPTIVE_METRIC	Unknown	null				pre-quantized encoded-sRGB tuple unavailable
P003	regression-linear-linear-rgb-alpha-last-tall-fill	2048	exact	1	B05_U8_QUANTIZATION	Measured-output-only	[0.0,0.4549019607843137,0.8509803921568627,0.4]			#0074d9|0.4;#0074d9|0.4;u=0	interpolation of emitted quantized endpoints
P003	regression-linear-linear-rgb-alpha-last-tall-fill	2048	exact	1	B06_CSS_SERIALIZATION	Measured-output-only	[0.0,0.4549019607843137,0.8509803921568627,0.4]			#0074d9|0.4;#0074d9|0.4;u=0	#0074d9|0.4;#0074d9|0.4;u=0
P003	regression-linear-linear-rgb-alpha-last-tall-fill	2048	exact	1	B07_CSS_REPARSE	Measured-output-only	[0.0,0.4549019607843137,0.8509803921568627,0.4]			#0074d9|0.4;#0074d9|0.4;u=0	#RRGGBB/#RRGGBBAA output parser
P003	regression-linear-linear-rgb-alpha-last-tall-fill	2048	plus	1	B01_VANILLA_SAMPLE	Measured	"[""0%"",""17.46%"",""69.39%"",""40%""]"				public components().map(repr)
P003	regression-linear-linear-rgb-alpha-last-tall-fill	2048	plus	1	B02_CRYSTALLINE_SAMPLE	Measured	"[""0%"",""17.46%"",""69.39%"",""40%""]"	0			public components().map(repr)
P003	regression-linear-linear-rgb-alpha-last-tall-fill	2048	plus	1	B03_TO_RGBA_F32	Unknown	null				public to-rgba unavailable
P003	regression-linear-linear-rgb-alpha-last-tall-fill	2048	plus	1	B04_ADAPTIVE_METRIC	Unknown	null				pre-quantized encoded-sRGB tuple unavailable
P003	regression-linear-linear-rgb-alpha-last-tall-fill	2048	plus	1	B05_U8_QUANTIZATION	Measured-output-only	[0.0,0.4549019607843137,0.8509803921568627,0.4]			#0074d9|0.4;#0074d9|0.4;u=0	interpolation of emitted quantized endpoints
P003	regression-linear-linear-rgb-alpha-last-tall-fill	2048	plus	1	B06_CSS_SERIALIZATION	Measured-output-only	[0.0,0.4549019607843137,0.8509803921568627,0.4]			#0074d9|0.4;#0074d9|0.4;u=0	#0074d9|0.4;#0074d9|0.4;u=0
P003	regression-linear-linear-rgb-alpha-last-tall-fill	2048	plus	1	B07_CSS_REPARSE	Measured-output-only	[0.0,0.4549019607843137,0.8509803921568627,0.4]			#0074d9|0.4;#0074d9|0.4;u=0	#RRGGBB/#RRGGBBAA output parser
P004	regression-linear-linear-rgb-alpha-last-tall-fill	4096	minus	0.99999990000000005	B01_VANILLA_SAMPLE	Measured	"[""0%"",""17.46%"",""69.39%"",""40%""]"				public components().map(repr)
P004	regression-linear-linear-rgb-alpha-last-tall-fill	4096	minus	0.99999990000000005	B02_CRYSTALLINE_SAMPLE	Measured	"[""0%"",""17.46%"",""69.39%"",""40%""]"	0			public components().map(repr)
P004	regression-linear-linear-rgb-alpha-last-tall-fill	4096	minus	0.99999990000000005	B03_TO_RGBA_F32	Unknown	null				public to-rgba unavailable
P004	regression-linear-linear-rgb-alpha-last-tall-fill	4096	minus	0.99999990000000005	B04_ADAPTIVE_METRIC	Unknown	null				pre-quantized encoded-sRGB tuple unavailable
P004	regression-linear-linear-rgb-alpha-last-tall-fill	4096	minus	0.99999990000000005	B05_U8_QUANTIZATION	Measured-output-only	[5.477745677530535e-08,0.4549020354808457,0.8509803323996372,0.40000009461560726]			#0b83cd|0.474509804;#0074d9|0.4;u=0.99999873015895657	interpolation of emitted quantized endpoints
P004	regression-linear-linear-rgb-alpha-last-tall-fill	4096	minus	0.99999990000000005	B06_CSS_SERIALIZATION	Measured-output-only	[5.477745677530535e-08,0.4549020354808457,0.8509803323996372,0.40000009461560726]			#0b83cd|0.474509804;#0074d9|0.4;u=0.99999873015895657	#0b83cd|0.474509804;#0074d9|0.4;u=0.99999873015895657
P004	regression-linear-linear-rgb-alpha-last-tall-fill	4096	minus	0.99999990000000005	B07_CSS_REPARSE	Measured-output-only	[5.477745677530535e-08,0.4549020354808457,0.8509803323996372,0.40000009461560726]			#0b83cd|0.474509804;#0074d9|0.4;u=0.99999873015895657	#RRGGBB/#RRGGBBAA output parser
P004	regression-linear-linear-rgb-alpha-last-tall-fill	4096	exact	1	B01_VANILLA_SAMPLE	Measured	"[""0%"",""17.46%"",""69.39%"",""40%""]"				public components().map(repr)
P004	regression-linear-linear-rgb-alpha-last-tall-fill	4096	exact	1	B02_CRYSTALLINE_SAMPLE	Measured	"[""0%"",""17.46%"",""69.39%"",""40%""]"	0			public components().map(repr)
P004	regression-linear-linear-rgb-alpha-last-tall-fill	4096	exact	1	B03_TO_RGBA_F32	Unknown	null				public to-rgba unavailable
P004	regression-linear-linear-rgb-alpha-last-tall-fill	4096	exact	1	B04_ADAPTIVE_METRIC	Unknown	null				pre-quantized encoded-sRGB tuple unavailable
P004	regression-linear-linear-rgb-alpha-last-tall-fill	4096	exact	1	B05_U8_QUANTIZATION	Measured-output-only	[0.0,0.4549019607843137,0.8509803921568627,0.4]			#0074d9|0.4;#0074d9|0.4;u=0	interpolation of emitted quantized endpoints
P004	regression-linear-linear-rgb-alpha-last-tall-fill	4096	exact	1	B06_CSS_SERIALIZATION	Measured-output-only	[0.0,0.4549019607843137,0.8509803921568627,0.4]			#0074d9|0.4;#0074d9|0.4;u=0	#0074d9|0.4;#0074d9|0.4;u=0
P004	regression-linear-linear-rgb-alpha-last-tall-fill	4096	exact	1	B07_CSS_REPARSE	Measured-output-only	[0.0,0.4549019607843137,0.8509803921568627,0.4]			#0074d9|0.4;#0074d9|0.4;u=0	#RRGGBB/#RRGGBBAA output parser
P004	regression-linear-linear-rgb-alpha-last-tall-fill	4096	plus	1	B01_VANILLA_SAMPLE	Measured	"[""0%"",""17.46%"",""69.39%"",""40%""]"				public components().map(repr)
P004	regression-linear-linear-rgb-alpha-last-tall-fill	4096	plus	1	B02_CRYSTALLINE_SAMPLE	Measured	"[""0%"",""17.46%"",""69.39%"",""40%""]"	0			public components().map(repr)
P004	regression-linear-linear-rgb-alpha-last-tall-fill	4096	plus	1	B03_TO_RGBA_F32	Unknown	null				public to-rgba unavailable
P004	regression-linear-linear-rgb-alpha-last-tall-fill	4096	plus	1	B04_ADAPTIVE_METRIC	Unknown	null				pre-quantized encoded-sRGB tuple unavailable
P004	regression-linear-linear-rgb-alpha-last-tall-fill	4096	plus	1	B05_U8_QUANTIZATION	Measured-output-only	[0.0,0.4549019607843137,0.8509803921568627,0.4]			#0074d9|0.4;#0074d9|0.4;u=0	interpolation of emitted quantized endpoints
P004	regression-linear-linear-rgb-alpha-last-tall-fill	4096	plus	1	B06_CSS_SERIALIZATION	Measured-output-only	[0.0,0.4549019607843137,0.8509803921568627,0.4]			#0074d9|0.4;#0074d9|0.4;u=0	#0074d9|0.4;#0074d9|0.4;u=0
P004	regression-linear-linear-rgb-alpha-last-tall-fill	4096	plus	1	B07_CSS_REPARSE	Measured-output-only	[0.0,0.4549019607843137,0.8509803921568627,0.4]			#0074d9|0.4;#0074d9|0.4;u=0	#RRGGBB/#RRGGBBAA output parser
P005	regression-linear-linear-rgb-alpha-mid-wide-stroke	2048	minus	0.369140525	B01_VANILLA_SAMPLE	Measured	"[""2.96%"",""60.25%"",""5.12%"",""40.14%""]"				public components().map(repr)
P005	regression-linear-linear-rgb-alpha-mid-wide-stroke	2048	minus	0.369140525	B02_CRYSTALLINE_SAMPLE	Measured	"[""2.96%"",""60.25%"",""5.12%"",""40.14%""]"	0			public components().map(repr)
P005	regression-linear-linear-rgb-alpha-mid-wide-stroke	2048	minus	0.369140525	B03_TO_RGBA_F32	Unknown	null				public to-rgba unavailable
P005	regression-linear-linear-rgb-alpha-mid-wide-stroke	2048	minus	0.369140525	B04_ADAPTIVE_METRIC	Unknown	null				pre-quantized encoded-sRGB tuple unavailable
P005	regression-linear-linear-rgb-alpha-mid-wide-stroke	2048	minus	0.369140525	B05_U8_QUANTIZATION	Measured-output-only	[0.18738822634566946,0.7994169942097563,0.25098039215686274,0.40116601154259207]			#3acb40|0.407843137;#2ecc40|0.4;u=0.85133352348785751	interpolation of emitted quantized endpoints
P005	regression-linear-linear-rgb-alpha-mid-wide-stroke	2048	minus	0.369140525	B06_CSS_SERIALIZATION	Measured-output-only	[0.18738822634566946,0.7994169942097563,0.25098039215686274,0.40116601154259207]			#3acb40|0.407843137;#2ecc40|0.4;u=0.85133352348785751	#3acb40|0.407843137;#2ecc40|0.4;u=0.85133352348785751
P005	regression-linear-linear-rgb-alpha-mid-wide-stroke	2048	minus	0.369140525	B07_CSS_REPARSE	Measured-output-only	[0.18738822634566946,0.7994169942097563,0.25098039215686274,0.40116601154259207]			#3acb40|0.407843137;#2ecc40|0.4;u=0.85133352348785751	#RRGGBB/#RRGGBBAA output parser
P005	regression-linear-linear-rgb-alpha-mid-wide-stroke	2048	exact	0.369140625	B01_VANILLA_SAMPLE	Measured	"[""2.96%"",""60.25%"",""5.12%"",""40.14%""]"				public components().map(repr)
P005	regression-linear-linear-rgb-alpha-mid-wide-stroke	2048	exact	0.369140625	B02_CRYSTALLINE_SAMPLE	Measured	"[""2.96%"",""60.25%"",""5.12%"",""40.14%""]"	0			public components().map(repr)
P005	regression-linear-linear-rgb-alpha-mid-wide-stroke	2048	exact	0.369140625	B03_TO_RGBA_F32	Unknown	null				public to-rgba unavailable
P005	regression-linear-linear-rgb-alpha-mid-wide-stroke	2048	exact	0.369140625	B04_ADAPTIVE_METRIC	Unknown	null				pre-quantized encoded-sRGB tuple unavailable
P005	regression-linear-linear-rgb-alpha-mid-wide-stroke	2048	exact	0.369140625	B05_U8_QUANTIZATION	Measured-output-only	[0.18738741235703876,0.7994170620421422,0.25098039215686274,0.4011658758778247]			#3acb40|0.407843137;#2ecc40|0.4;u=0.8513508207462599	interpolation of emitted quantized endpoints
P005	regression-linear-linear-rgb-alpha-mid-wide-stroke	2048	exact	0.369140625	B06_CSS_SERIALIZATION	Measured-output-only	[0.18738741235703876,0.7994170620421422,0.25098039215686274,0.4011658758778247]			#3acb40|0.407843137;#2ecc40|0.4;u=0.8513508207462599	#3acb40|0.407843137;#2ecc40|0.4;u=0.8513508207462599
P005	regression-linear-linear-rgb-alpha-mid-wide-stroke	2048	exact	0.369140625	B07_CSS_REPARSE	Measured-output-only	[0.18738741235703876,0.7994170620421422,0.25098039215686274,0.4011658758778247]			#3acb40|0.407843137;#2ecc40|0.4;u=0.8513508207462599	#RRGGBB/#RRGGBBAA output parser
P005	regression-linear-linear-rgb-alpha-mid-wide-stroke	2048	plus	0.369140725	B01_VANILLA_SAMPLE	Measured	"[""2.96%"",""60.25%"",""5.12%"",""40.14%""]"				public components().map(repr)
P005	regression-linear-linear-rgb-alpha-mid-wide-stroke	2048	plus	0.369140725	B02_CRYSTALLINE_SAMPLE	Measured	"[""2.96%"",""60.25%"",""5.12%"",""40.14%""]"	0			public components().map(repr)
P005	regression-linear-linear-rgb-alpha-mid-wide-stroke	2048	plus	0.369140725	B03_TO_RGBA_F32	Unknown	null				public to-rgba unavailable
P005	regression-linear-linear-rgb-alpha-mid-wide-stroke	2048	plus	0.369140725	B04_ADAPTIVE_METRIC	Unknown	null				pre-quantized encoded-sRGB tuple unavailable
P005	regression-linear-linear-rgb-alpha-mid-wide-stroke	2048	plus	0.369140725	B05_U8_QUANTIZATION	Measured-output-only	[0.18738659836840804,0.7994171298745281,0.25098039215686274,0.4011657402130573]			#3acb40|0.407843137;#2ecc40|0.4;u=0.85136811800466228	interpolation of emitted quantized endpoints
P005	regression-linear-linear-rgb-alpha-mid-wide-stroke	2048	plus	0.369140725	B06_CSS_SERIALIZATION	Measured-output-only	[0.18738659836840804,0.7994171298745281,0.25098039215686274,0.4011657402130573]			#3acb40|0.407843137;#2ecc40|0.4;u=0.85136811800466228	#3acb40|0.407843137;#2ecc40|0.4;u=0.85136811800466228
P005	regression-linear-linear-rgb-alpha-mid-wide-stroke	2048	plus	0.369140725	B07_CSS_REPARSE	Measured-output-only	[0.18738659836840804,0.7994171298745281,0.25098039215686274,0.4011657402130573]			#3acb40|0.407843137;#2ecc40|0.4;u=0.85136811800466228	#RRGGBB/#RRGGBBAA output parser
P006	regression-linear-linear-rgb-alpha-mid-wide-stroke	4096	minus	0.369384665625	B01_VANILLA_SAMPLE	Measured	"[""2.89%"",""60.29%"",""5.12%"",""40.1%""]"				public components().map(repr)
P006	regression-linear-linear-rgb-alpha-mid-wide-stroke	4096	minus	0.369384665625	B02_CRYSTALLINE_SAMPLE	Measured	"[""2.89%"",""60.29%"",""5.12%"",""40.1%""]"	0			public components().map(repr)
P006	regression-linear-linear-rgb-alpha-mid-wide-stroke	4096	minus	0.369384665625	B03_TO_RGBA_F32	Unknown	null				public to-rgba unavailable
P006	regression-linear-linear-rgb-alpha-mid-wide-stroke	4096	minus	0.369384665625	B04_ADAPTIVE_METRIC	Unknown	null				pre-quantized encoded-sRGB tuple unavailable
P006	regression-linear-linear-rgb-alpha-mid-wide-stroke	4096	minus	0.369384665625	B05_U8_QUANTIZATION	Measured-output-only	[0.18540094941531093,0.7995826006206196,0.25098039215686274,0.40083479873163]			#3acb40|0.407843137;#2ecc40|0.4;u=0.89356315825797583	interpolation of emitted quantized endpoints
P006	regression-linear-linear-rgb-alpha-mid-wide-stroke	4096	minus	0.369384665625	B06_CSS_SERIALIZATION	Measured-output-only	[0.18540094941531093,0.7995826006206196,0.25098039215686274,0.40083479873163]			#3acb40|0.407843137;#2ecc40|0.4;u=0.89356315825797583	#3acb40|0.407843137;#2ecc40|0.4;u=0.89356315825797583
P006	regression-linear-linear-rgb-alpha-mid-wide-stroke	4096	minus	0.369384665625	B07_CSS_REPARSE	Measured-output-only	[0.18540094941531093,0.7995826006206196,0.25098039215686274,0.40083479873163]			#3acb40|0.407843137;#2ecc40|0.4;u=0.89356315825797583	#RRGGBB/#RRGGBBAA output parser
P006	regression-linear-linear-rgb-alpha-mid-wide-stroke	4096	exact	0.369384765625	B01_VANILLA_SAMPLE	Measured	"[""2.89%"",""60.29%"",""5.12%"",""40.1%""]"				public components().map(repr)
P006	regression-linear-linear-rgb-alpha-mid-wide-stroke	4096	exact	0.369384765625	B02_CRYSTALLINE_SAMPLE	Measured	"[""2.89%"",""60.29%"",""5.12%"",""40.1%""]"	0			public components().map(repr)
P006	regression-linear-linear-rgb-alpha-mid-wide-stroke	4096	exact	0.369384765625	B03_TO_RGBA_F32	Unknown	null				public to-rgba unavailable
P006	regression-linear-linear-rgb-alpha-mid-wide-stroke	4096	exact	0.369384765625	B04_ADAPTIVE_METRIC	Unknown	null				pre-quantized encoded-sRGB tuple unavailable
P006	regression-linear-linear-rgb-alpha-mid-wide-stroke	4096	exact	0.369384765625	B05_U8_QUANTIZATION	Measured-output-only	[0.18540013542668024,0.7995826684530054,0.25098039215686274,0.40083466306686266]			#3acb40|0.407843137;#2ecc40|0.4;u=0.89358045551637821	interpolation of emitted quantized endpoints
P006	regression-linear-linear-rgb-alpha-mid-wide-stroke	4096	exact	0.369384765625	B06_CSS_SERIALIZATION	Measured-output-only	[0.18540013542668024,0.7995826684530054,0.25098039215686274,0.40083466306686266]			#3acb40|0.407843137;#2ecc40|0.4;u=0.89358045551637821	#3acb40|0.407843137;#2ecc40|0.4;u=0.89358045551637821
P006	regression-linear-linear-rgb-alpha-mid-wide-stroke	4096	exact	0.369384765625	B07_CSS_REPARSE	Measured-output-only	[0.18540013542668024,0.7995826684530054,0.25098039215686274,0.40083466306686266]			#3acb40|0.407843137;#2ecc40|0.4;u=0.89358045551637821	#RRGGBB/#RRGGBBAA output parser
P006	regression-linear-linear-rgb-alpha-mid-wide-stroke	4096	plus	0.369384865625	B01_VANILLA_SAMPLE	Measured	"[""2.89%"",""60.29%"",""5.12%"",""40.1%""]"				public components().map(repr)
P006	regression-linear-linear-rgb-alpha-mid-wide-stroke	4096	plus	0.369384865625	B02_CRYSTALLINE_SAMPLE	Measured	"[""2.89%"",""60.29%"",""5.12%"",""40.1%""]"	0			public components().map(repr)
P006	regression-linear-linear-rgb-alpha-mid-wide-stroke	4096	plus	0.369384865625	B03_TO_RGBA_F32	Unknown	null				public to-rgba unavailable
P006	regression-linear-linear-rgb-alpha-mid-wide-stroke	4096	plus	0.369384865625	B04_ADAPTIVE_METRIC	Unknown	null				pre-quantized encoded-sRGB tuple unavailable
P006	regression-linear-linear-rgb-alpha-mid-wide-stroke	4096	plus	0.369384865625	B05_U8_QUANTIZATION	Measured-output-only	[0.18539932143804955,0.7995827362853913,0.25098039215686274,0.4008345274020953]			#3acb40|0.407843137;#2ecc40|0.4;u=0.8935977527747806	interpolation of emitted quantized endpoints
P006	regression-linear-linear-rgb-alpha-mid-wide-stroke	4096	plus	0.369384865625	B06_CSS_SERIALIZATION	Measured-output-only	[0.18539932143804955,0.7995827362853913,0.25098039215686274,0.4008345274020953]			#3acb40|0.407843137;#2ecc40|0.4;u=0.8935977527747806	#3acb40|0.407843137;#2ecc40|0.4;u=0.8935977527747806
P006	regression-linear-linear-rgb-alpha-mid-wide-stroke	4096	plus	0.369384865625	B07_CSS_REPARSE	Measured-output-only	[0.18539932143804955,0.7995827362853913,0.25098039215686274,0.4008345274020953]			#3acb40|0.407843137;#2ecc40|0.4;u=0.8935977527747806	#RRGGBB/#RRGGBBAA output parser
P007	regression-linear-linear-rgb-two-wide-stroke	2048	minus	0.99414052500000005	B01_VANILLA_SAMPLE	Measured	"[""0.59%"",""17.39%"",""69%"",""100%""]"				public components().map(repr)
P007	regression-linear-linear-rgb-two-wide-stroke	2048	minus	0.99414052500000005	B02_CRYSTALLINE_SAMPLE	Measured	"[""0.59%"",""17.39%"",""69%"",""100%""]"	0			public components().map(repr)
P007	regression-linear-linear-rgb-two-wide-stroke	2048	minus	0.99414052500000005	B03_TO_RGBA_F32	Unknown	null				public to-rgba unavailable
P007	regression-linear-linear-rgb-two-wide-stroke	2048	minus	0.99414052500000005	B04_ADAPTIVE_METRIC	Unknown	null				pre-quantized encoded-sRGB tuple unavailable
P007	regression-linear-linear-rgb-two-wide-stroke	2048	minus	0.99414052500000005	B05_U8_QUANTIZATION	Measured-output-only	[0.05000085333333288,0.4534313474509804,0.8495097788235294,1.0]			#2273d8|;#0074d9|;u=0.62499360000000337	interpolation of emitted quantized endpoints
P007	regression-linear-linear-rgb-two-wide-stroke	2048	minus	0.99414052500000005	B06_CSS_SERIALIZATION	Measured-output-only	[0.05000085333333288,0.4534313474509804,0.8495097788235294,1.0]			#2273d8|;#0074d9|;u=0.62499360000000337	#2273d8|;#0074d9|;u=0.62499360000000337
P007	regression-linear-linear-rgb-two-wide-stroke	2048	minus	0.99414052500000005	B07_CSS_REPARSE	Measured-output-only	[0.05000085333333288,0.4534313474509804,0.8495097788235294,1.0]			#2273d8|;#0074d9|;u=0.62499360000000337	#RRGGBB/#RRGGBBAA output parser
P007	regression-linear-linear-rgb-two-wide-stroke	2048	exact	0.994140625	B01_VANILLA_SAMPLE	Measured	"[""0.59%"",""17.39%"",""69%"",""100%""]"				public components().map(repr)
P007	regression-linear-linear-rgb-two-wide-stroke	2048	exact	0.994140625	B02_CRYSTALLINE_SAMPLE	Measured	"[""0.59%"",""17.39%"",""69%"",""100%""]"	0			public components().map(repr)
P007	regression-linear-linear-rgb-two-wide-stroke	2048	exact	0.994140625	B03_TO_RGBA_F32	Unknown	null				public to-rgba unavailable
P007	regression-linear-linear-rgb-two-wide-stroke	2048	exact	0.994140625	B04_ADAPTIVE_METRIC	Unknown	null				pre-quantized encoded-sRGB tuple unavailable
P007	regression-linear-linear-rgb-two-wide-stroke	2048	exact	0.994140625	B05_U8_QUANTIZATION	Measured-output-only	[0.05,0.4534313725490196,0.8495098039215686,1.0]			#2273d8|;#0074d9|;u=0.625	interpolation of emitted quantized endpoints
P007	regression-linear-linear-rgb-two-wide-stroke	2048	exact	0.994140625	B06_CSS_SERIALIZATION	Measured-output-only	[0.05,0.4534313725490196,0.8495098039215686,1.0]			#2273d8|;#0074d9|;u=0.625	#2273d8|;#0074d9|;u=0.625
P007	regression-linear-linear-rgb-two-wide-stroke	2048	exact	0.994140625	B07_CSS_REPARSE	Measured-output-only	[0.05,0.4534313725490196,0.8495098039215686,1.0]			#2273d8|;#0074d9|;u=0.625	#RRGGBB/#RRGGBBAA output parser
P007	regression-linear-linear-rgb-two-wide-stroke	2048	plus	0.99414072499999995	B01_VANILLA_SAMPLE	Measured	"[""0.59%"",""17.39%"",""69%"",""100%""]"				public components().map(repr)
P007	regression-linear-linear-rgb-two-wide-stroke	2048	plus	0.99414072499999995	B02_CRYSTALLINE_SAMPLE	Measured	"[""0.59%"",""17.39%"",""69%"",""100%""]"	0			public components().map(repr)
P007	regression-linear-linear-rgb-two-wide-stroke	2048	plus	0.99414072499999995	B03_TO_RGBA_F32	Unknown	null				public to-rgba unavailable
P007	regression-linear-linear-rgb-two-wide-stroke	2048	plus	0.99414072499999995	B04_ADAPTIVE_METRIC	Unknown	null				pre-quantized encoded-sRGB tuple unavailable
P007	regression-linear-linear-rgb-two-wide-stroke	2048	plus	0.99414072499999995	B05_U8_QUANTIZATION	Measured-output-only	[0.04999914666666712,0.4534313976470588,0.8495098290196078,1.0]			#2273d8|;#0074d9|;u=0.62500639999999663	interpolation of emitted quantized endpoints
P007	regression-linear-linear-rgb-two-wide-stroke	2048	plus	0.99414072499999995	B06_CSS_SERIALIZATION	Measured-output-only	[0.04999914666666712,0.4534313976470588,0.8495098290196078,1.0]			#2273d8|;#0074d9|;u=0.62500639999999663	#2273d8|;#0074d9|;u=0.62500639999999663
P007	regression-linear-linear-rgb-two-wide-stroke	2048	plus	0.99414072499999995	B07_CSS_REPARSE	Measured-output-only	[0.04999914666666712,0.4534313976470588,0.8495098290196078,1.0]			#2273d8|;#0074d9|;u=0.62500639999999663	#RRGGBB/#RRGGBBAA output parser
P008	regression-linear-linear-rgb-two-wide-stroke	4096	minus	0.99414052500000005	B01_VANILLA_SAMPLE	Measured	"[""0.59%"",""17.39%"",""69%"",""100%""]"				public components().map(repr)
P008	regression-linear-linear-rgb-two-wide-stroke	4096	minus	0.99414052500000005	B02_CRYSTALLINE_SAMPLE	Measured	"[""0.59%"",""17.39%"",""69%"",""100%""]"	0			public components().map(repr)
P008	regression-linear-linear-rgb-two-wide-stroke	4096	minus	0.99414052500000005	B03_TO_RGBA_F32	Unknown	null				public to-rgba unavailable
P008	regression-linear-linear-rgb-two-wide-stroke	4096	minus	0.99414052500000005	B04_ADAPTIVE_METRIC	Unknown	null				pre-quantized encoded-sRGB tuple unavailable
P008	regression-linear-linear-rgb-two-wide-stroke	4096	minus	0.99414052500000005	B05_U8_QUANTIZATION	Measured-output-only	[0.05000085333333288,0.4534313474509804,0.8495097788235294,1.0]			#2273d8|;#0074d9|;u=0.62499360000000337	interpolation of emitted quantized endpoints
P008	regression-linear-linear-rgb-two-wide-stroke	4096	minus	0.99414052500000005	B06_CSS_SERIALIZATION	Measured-output-only	[0.05000085333333288,0.4534313474509804,0.8495097788235294,1.0]			#2273d8|;#0074d9|;u=0.62499360000000337	#2273d8|;#0074d9|;u=0.62499360000000337
P008	regression-linear-linear-rgb-two-wide-stroke	4096	minus	0.99414052500000005	B07_CSS_REPARSE	Measured-output-only	[0.05000085333333288,0.4534313474509804,0.8495097788235294,1.0]			#2273d8|;#0074d9|;u=0.62499360000000337	#RRGGBB/#RRGGBBAA output parser
P008	regression-linear-linear-rgb-two-wide-stroke	4096	exact	0.994140625	B01_VANILLA_SAMPLE	Measured	"[""0.59%"",""17.39%"",""69%"",""100%""]"				public components().map(repr)
P008	regression-linear-linear-rgb-two-wide-stroke	4096	exact	0.994140625	B02_CRYSTALLINE_SAMPLE	Measured	"[""0.59%"",""17.39%"",""69%"",""100%""]"	0			public components().map(repr)
P008	regression-linear-linear-rgb-two-wide-stroke	4096	exact	0.994140625	B03_TO_RGBA_F32	Unknown	null				public to-rgba unavailable
P008	regression-linear-linear-rgb-two-wide-stroke	4096	exact	0.994140625	B04_ADAPTIVE_METRIC	Unknown	null				pre-quantized encoded-sRGB tuple unavailable
P008	regression-linear-linear-rgb-two-wide-stroke	4096	exact	0.994140625	B05_U8_QUANTIZATION	Measured-output-only	[0.05,0.4534313725490196,0.8495098039215686,1.0]			#2273d8|;#0074d9|;u=0.625	interpolation of emitted quantized endpoints
P008	regression-linear-linear-rgb-two-wide-stroke	4096	exact	0.994140625	B06_CSS_SERIALIZATION	Measured-output-only	[0.05,0.4534313725490196,0.8495098039215686,1.0]			#2273d8|;#0074d9|;u=0.625	#2273d8|;#0074d9|;u=0.625
P008	regression-linear-linear-rgb-two-wide-stroke	4096	exact	0.994140625	B07_CSS_REPARSE	Measured-output-only	[0.05,0.4534313725490196,0.8495098039215686,1.0]			#2273d8|;#0074d9|;u=0.625	#RRGGBB/#RRGGBBAA output parser
P008	regression-linear-linear-rgb-two-wide-stroke	4096	plus	0.99414072499999995	B01_VANILLA_SAMPLE	Measured	"[""0.59%"",""17.39%"",""69%"",""100%""]"				public components().map(repr)
P008	regression-linear-linear-rgb-two-wide-stroke	4096	plus	0.99414072499999995	B02_CRYSTALLINE_SAMPLE	Measured	"[""0.59%"",""17.39%"",""69%"",""100%""]"	0			public components().map(repr)
P008	regression-linear-linear-rgb-two-wide-stroke	4096	plus	0.99414072499999995	B03_TO_RGBA_F32	Unknown	null				public to-rgba unavailable
P008	regression-linear-linear-rgb-two-wide-stroke	4096	plus	0.99414072499999995	B04_ADAPTIVE_METRIC	Unknown	null				pre-quantized encoded-sRGB tuple unavailable
P008	regression-linear-linear-rgb-two-wide-stroke	4096	plus	0.99414072499999995	B05_U8_QUANTIZATION	Measured-output-only	[0.04999914666666712,0.4534313976470588,0.8495098290196078,1.0]			#2273d8|;#0074d9|;u=0.62500639999999663	interpolation of emitted quantized endpoints
P008	regression-linear-linear-rgb-two-wide-stroke	4096	plus	0.99414072499999995	B06_CSS_SERIALIZATION	Measured-output-only	[0.04999914666666712,0.4534313976470588,0.8495098290196078,1.0]			#2273d8|;#0074d9|;u=0.62500639999999663	#2273d8|;#0074d9|;u=0.62500639999999663
P008	regression-linear-linear-rgb-two-wide-stroke	4096	plus	0.99414072499999995	B07_CSS_REPARSE	Measured-output-only	[0.04999914666666712,0.4534313976470588,0.8495098290196078,1.0]			#2273d8|;#0074d9|;u=0.62500639999999663	#RRGGBB/#RRGGBBAA output parser
P009	regression-linear-oklab-alpha-first-square-fill	2048	minus	0	B01_VANILLA_SAMPLE	Measured	"[""65.95%"",""0.19973529875278473"",""0.10818812251091003"",""40%""]"				public components().map(repr)
P009	regression-linear-oklab-alpha-first-square-fill	2048	minus	0	B02_CRYSTALLINE_SAMPLE	Measured	"[""65.95%"",""0.19973529875278473"",""0.10818812251091003"",""40%""]"	0			public components().map(repr)
P009	regression-linear-oklab-alpha-first-square-fill	2048	minus	0	B03_TO_RGBA_F32	Unknown	null				public to-rgba unavailable
P009	regression-linear-oklab-alpha-first-square-fill	2048	minus	0	B04_ADAPTIVE_METRIC	Unknown	null				pre-quantized encoded-sRGB tuple unavailable
P009	regression-linear-oklab-alpha-first-square-fill	2048	minus	0	B05_U8_QUANTIZATION	Measured-output-only	[1.0,0.2549019607843137,0.21176470588235294,0.4]			#ff4136|0.4;#ff4136|0.4;u=0	interpolation of emitted quantized endpoints
P009	regression-linear-oklab-alpha-first-square-fill	2048	minus	0	B06_CSS_SERIALIZATION	Measured-output-only	[1.0,0.2549019607843137,0.21176470588235294,0.4]			#ff4136|0.4;#ff4136|0.4;u=0	#ff4136|0.4;#ff4136|0.4;u=0
P009	regression-linear-oklab-alpha-first-square-fill	2048	minus	0	B07_CSS_REPARSE	Measured-output-only	[1.0,0.2549019607843137,0.21176470588235294,0.4]			#ff4136|0.4;#ff4136|0.4;u=0	#RRGGBB/#RRGGBBAA output parser
P009	regression-linear-oklab-alpha-first-square-fill	2048	exact	0	B01_VANILLA_SAMPLE	Measured	"[""65.95%"",""0.19973529875278473"",""0.10818812251091003"",""40%""]"				public components().map(repr)
P009	regression-linear-oklab-alpha-first-square-fill	2048	exact	0	B02_CRYSTALLINE_SAMPLE	Measured	"[""65.95%"",""0.19973529875278473"",""0.10818812251091003"",""40%""]"	0			public components().map(repr)
P009	regression-linear-oklab-alpha-first-square-fill	2048	exact	0	B03_TO_RGBA_F32	Unknown	null				public to-rgba unavailable
P009	regression-linear-oklab-alpha-first-square-fill	2048	exact	0	B04_ADAPTIVE_METRIC	Unknown	null				pre-quantized encoded-sRGB tuple unavailable
P009	regression-linear-oklab-alpha-first-square-fill	2048	exact	0	B05_U8_QUANTIZATION	Measured-output-only	[1.0,0.2549019607843137,0.21176470588235294,0.4]			#ff4136|0.4;#ff4136|0.4;u=0	interpolation of emitted quantized endpoints
P009	regression-linear-oklab-alpha-first-square-fill	2048	exact	0	B06_CSS_SERIALIZATION	Measured-output-only	[1.0,0.2549019607843137,0.21176470588235294,0.4]			#ff4136|0.4;#ff4136|0.4;u=0	#ff4136|0.4;#ff4136|0.4;u=0
P009	regression-linear-oklab-alpha-first-square-fill	2048	exact	0	B07_CSS_REPARSE	Measured-output-only	[1.0,0.2549019607843137,0.21176470588235294,0.4]			#ff4136|0.4;#ff4136|0.4;u=0	#RRGGBB/#RRGGBBAA output parser
P009	regression-linear-oklab-alpha-first-square-fill	2048	plus	9.9999999999999995e-08	B01_VANILLA_SAMPLE	Measured	"[""65.95%"",""0.19973519444465637"",""0.10818812996149063"",""40%""]"				public components().map(repr)
P009	regression-linear-oklab-alpha-first-square-fill	2048	plus	9.9999999999999995e-08	B02_CRYSTALLINE_SAMPLE	Measured	"[""65.95%"",""0.19973519444465637"",""0.10818812996149063"",""40%""]"	0			public components().map(repr)
P009	regression-linear-oklab-alpha-first-square-fill	2048	plus	9.9999999999999995e-08	B03_TO_RGBA_F32	Unknown	null				public to-rgba unavailable
P009	regression-linear-oklab-alpha-first-square-fill	2048	plus	9.9999999999999995e-08	B04_ADAPTIVE_METRIC	Unknown	null				pre-quantized encoded-sRGB tuple unavailable
P009	regression-linear-oklab-alpha-first-square-fill	2048	plus	9.9999999999999995e-08	B05_U8_QUANTIZATION	Measured-output-only	[0.9999998812930578,0.254902249072602,0.21176472284048756,0.4000001695813449]			#ff4136|0.4;#f85237|0.439215686;u=4.3243243243243238e-06	interpolation of emitted quantized endpoints
P009	regression-linear-oklab-alpha-first-square-fill	2048	plus	9.9999999999999995e-08	B06_CSS_SERIALIZATION	Measured-output-only	[0.9999998812930578,0.254902249072602,0.21176472284048756,0.4000001695813449]			#ff4136|0.4;#f85237|0.439215686;u=4.3243243243243238e-06	#ff4136|0.4;#f85237|0.439215686;u=4.3243243243243238e-06
P009	regression-linear-oklab-alpha-first-square-fill	2048	plus	9.9999999999999995e-08	B07_CSS_REPARSE	Measured-output-only	[0.9999998812930578,0.254902249072602,0.21176472284048756,0.4000001695813449]			#ff4136|0.4;#f85237|0.439215686;u=4.3243243243243238e-06	#RRGGBB/#RRGGBBAA output parser
P010	regression-linear-oklab-alpha-first-square-fill	4096	minus	0	B01_VANILLA_SAMPLE	Measured	"[""65.95%"",""0.19973529875278473"",""0.10818812251091003"",""40%""]"				public components().map(repr)
P010	regression-linear-oklab-alpha-first-square-fill	4096	minus	0	B02_CRYSTALLINE_SAMPLE	Measured	"[""65.95%"",""0.19973529875278473"",""0.10818812251091003"",""40%""]"	0			public components().map(repr)
P010	regression-linear-oklab-alpha-first-square-fill	4096	minus	0	B03_TO_RGBA_F32	Unknown	null				public to-rgba unavailable
P010	regression-linear-oklab-alpha-first-square-fill	4096	minus	0	B04_ADAPTIVE_METRIC	Unknown	null				pre-quantized encoded-sRGB tuple unavailable
P010	regression-linear-oklab-alpha-first-square-fill	4096	minus	0	B05_U8_QUANTIZATION	Measured-output-only	[1.0,0.2549019607843137,0.21176470588235294,0.4]			#ff4136|0.4;#ff4136|0.4;u=0	interpolation of emitted quantized endpoints
P010	regression-linear-oklab-alpha-first-square-fill	4096	minus	0	B06_CSS_SERIALIZATION	Measured-output-only	[1.0,0.2549019607843137,0.21176470588235294,0.4]			#ff4136|0.4;#ff4136|0.4;u=0	#ff4136|0.4;#ff4136|0.4;u=0
P010	regression-linear-oklab-alpha-first-square-fill	4096	minus	0	B07_CSS_REPARSE	Measured-output-only	[1.0,0.2549019607843137,0.21176470588235294,0.4]			#ff4136|0.4;#ff4136|0.4;u=0	#RRGGBB/#RRGGBBAA output parser
P010	regression-linear-oklab-alpha-first-square-fill	4096	exact	0	B01_VANILLA_SAMPLE	Measured	"[""65.95%"",""0.19973529875278473"",""0.10818812251091003"",""40%""]"				public components().map(repr)
P010	regression-linear-oklab-alpha-first-square-fill	4096	exact	0	B02_CRYSTALLINE_SAMPLE	Measured	"[""65.95%"",""0.19973529875278473"",""0.10818812251091003"",""40%""]"	0			public components().map(repr)
P010	regression-linear-oklab-alpha-first-square-fill	4096	exact	0	B03_TO_RGBA_F32	Unknown	null				public to-rgba unavailable
P010	regression-linear-oklab-alpha-first-square-fill	4096	exact	0	B04_ADAPTIVE_METRIC	Unknown	null				pre-quantized encoded-sRGB tuple unavailable
P010	regression-linear-oklab-alpha-first-square-fill	4096	exact	0	B05_U8_QUANTIZATION	Measured-output-only	[1.0,0.2549019607843137,0.21176470588235294,0.4]			#ff4136|0.4;#ff4136|0.4;u=0	interpolation of emitted quantized endpoints
P010	regression-linear-oklab-alpha-first-square-fill	4096	exact	0	B06_CSS_SERIALIZATION	Measured-output-only	[1.0,0.2549019607843137,0.21176470588235294,0.4]			#ff4136|0.4;#ff4136|0.4;u=0	#ff4136|0.4;#ff4136|0.4;u=0
P010	regression-linear-oklab-alpha-first-square-fill	4096	exact	0	B07_CSS_REPARSE	Measured-output-only	[1.0,0.2549019607843137,0.21176470588235294,0.4]			#ff4136|0.4;#ff4136|0.4;u=0	#RRGGBB/#RRGGBBAA output parser
P010	regression-linear-oklab-alpha-first-square-fill	4096	plus	9.9999999999999995e-08	B01_VANILLA_SAMPLE	Measured	"[""65.95%"",""0.19973519444465637"",""0.10818812996149063"",""40%""]"				public components().map(repr)
P010	regression-linear-oklab-alpha-first-square-fill	4096	plus	9.9999999999999995e-08	B02_CRYSTALLINE_SAMPLE	Measured	"[""65.95%"",""0.19973519444465637"",""0.10818812996149063"",""40%""]"	0			public components().map(repr)
P010	regression-linear-oklab-alpha-first-square-fill	4096	plus	9.9999999999999995e-08	B03_TO_RGBA_F32	Unknown	null				public to-rgba unavailable
P010	regression-linear-oklab-alpha-first-square-fill	4096	plus	9.9999999999999995e-08	B04_ADAPTIVE_METRIC	Unknown	null				pre-quantized encoded-sRGB tuple unavailable
P010	regression-linear-oklab-alpha-first-square-fill	4096	plus	9.9999999999999995e-08	B05_U8_QUANTIZATION	Measured-output-only	[0.9999998812930578,0.254902249072602,0.21176472284048756,0.4000001695813449]			#ff4136|0.4;#f85237|0.439215686;u=4.3243243243243238e-06	interpolation of emitted quantized endpoints
P010	regression-linear-oklab-alpha-first-square-fill	4096	plus	9.9999999999999995e-08	B06_CSS_SERIALIZATION	Measured-output-only	[0.9999998812930578,0.254902249072602,0.21176472284048756,0.4000001695813449]			#ff4136|0.4;#f85237|0.439215686;u=4.3243243243243238e-06	#ff4136|0.4;#f85237|0.439215686;u=4.3243243243243238e-06
P010	regression-linear-oklab-alpha-first-square-fill	4096	plus	9.9999999999999995e-08	B07_CSS_REPARSE	Measured-output-only	[0.9999998812930578,0.254902249072602,0.21176472284048756,0.4000001695813449]			#ff4136|0.4;#f85237|0.439215686;u=4.3243243243243238e-06	#RRGGBB/#RRGGBBAA output parser
P011	regression-linear-oklab-alpha-last-tall-fill	2048	minus	0.99999990000000005	B01_VANILLA_SAMPLE	Measured	"[""56.22%"",""-0.0497283861041069"",""-0.17016233503818512"",""40%""]"				public components().map(repr)
P011	regression-linear-oklab-alpha-last-tall-fill	2048	minus	0.99999990000000005	B02_CRYSTALLINE_SAMPLE	Measured	"[""56.22%"",""-0.0497283861041069"",""-0.17016233503818512"",""40%""]"	0			public components().map(repr)
P011	regression-linear-oklab-alpha-last-tall-fill	2048	minus	0.99999990000000005	B03_TO_RGBA_F32	Unknown	null				public to-rgba unavailable
P011	regression-linear-oklab-alpha-last-tall-fill	2048	minus	0.99999990000000005	B04_ADAPTIVE_METRIC	Unknown	null				pre-quantized encoded-sRGB tuple unavailable
P011	regression-linear-oklab-alpha-last-tall-fill	2048	minus	0.99999990000000005	B05_U8_QUANTIZATION	Measured-output-only	[0.0,0.4549020305010769,0.8509803224400996,0.4000000995953753]			#007bd2|0.439215686;#0074d9|0.4;u=0.99999746031791314	interpolation of emitted quantized endpoints
P011	regression-linear-oklab-alpha-last-tall-fill	2048	minus	0.99999990000000005	B06_CSS_SERIALIZATION	Measured-output-only	[0.0,0.4549020305010769,0.8509803224400996,0.4000000995953753]			#007bd2|0.439215686;#0074d9|0.4;u=0.99999746031791314	#007bd2|0.439215686;#0074d9|0.4;u=0.99999746031791314
P011	regression-linear-oklab-alpha-last-tall-fill	2048	minus	0.99999990000000005	B07_CSS_REPARSE	Measured-output-only	[0.0,0.4549020305010769,0.8509803224400996,0.4000000995953753]			#007bd2|0.439215686;#0074d9|0.4;u=0.99999746031791314	#RRGGBB/#RRGGBBAA output parser
P011	regression-linear-oklab-alpha-last-tall-fill	2048	exact	1	B01_VANILLA_SAMPLE	Measured	"[""56.22%"",""-0.04972836375236511"",""-0.1701623797416687"",""40%""]"				public components().map(repr)
P011	regression-linear-oklab-alpha-last-tall-fill	2048	exact	1	B02_CRYSTALLINE_SAMPLE	Measured	"[""56.22%"",""-0.04972836375236511"",""-0.1701623797416687"",""40%""]"	0			public components().map(repr)
P011	regression-linear-oklab-alpha-last-tall-fill	2048	exact	1	B03_TO_RGBA_F32	Unknown	null				public to-rgba unavailable
P011	regression-linear-oklab-alpha-last-tall-fill	2048	exact	1	B04_ADAPTIVE_METRIC	Unknown	null				pre-quantized encoded-sRGB tuple unavailable
P011	regression-linear-oklab-alpha-last-tall-fill	2048	exact	1	B05_U8_QUANTIZATION	Measured-output-only	[0.0,0.4549019607843137,0.8509803921568627,0.4]			#0074d9|0.4;#0074d9|0.4;u=0	interpolation of emitted quantized endpoints
P011	regression-linear-oklab-alpha-last-tall-fill	2048	exact	1	B06_CSS_SERIALIZATION	Measured-output-only	[0.0,0.4549019607843137,0.8509803921568627,0.4]			#0074d9|0.4;#0074d9|0.4;u=0	#0074d9|0.4;#0074d9|0.4;u=0
P011	regression-linear-oklab-alpha-last-tall-fill	2048	exact	1	B07_CSS_REPARSE	Measured-output-only	[0.0,0.4549019607843137,0.8509803921568627,0.4]			#0074d9|0.4;#0074d9|0.4;u=0	#RRGGBB/#RRGGBBAA output parser
P011	regression-linear-oklab-alpha-last-tall-fill	2048	plus	1	B01_VANILLA_SAMPLE	Measured	"[""56.22%"",""-0.04972836375236511"",""-0.1701623797416687"",""40%""]"				public components().map(repr)
P011	regression-linear-oklab-alpha-last-tall-fill	2048	plus	1	B02_CRYSTALLINE_SAMPLE	Measured	"[""56.22%"",""-0.04972836375236511"",""-0.1701623797416687"",""40%""]"	0			public components().map(repr)
P011	regression-linear-oklab-alpha-last-tall-fill	2048	plus	1	B03_TO_RGBA_F32	Unknown	null				public to-rgba unavailable
P011	regression-linear-oklab-alpha-last-tall-fill	2048	plus	1	B04_ADAPTIVE_METRIC	Unknown	null				pre-quantized encoded-sRGB tuple unavailable
P011	regression-linear-oklab-alpha-last-tall-fill	2048	plus	1	B05_U8_QUANTIZATION	Measured-output-only	[0.0,0.4549019607843137,0.8509803921568627,0.4]			#0074d9|0.4;#0074d9|0.4;u=0	interpolation of emitted quantized endpoints
P011	regression-linear-oklab-alpha-last-tall-fill	2048	plus	1	B06_CSS_SERIALIZATION	Measured-output-only	[0.0,0.4549019607843137,0.8509803921568627,0.4]			#0074d9|0.4;#0074d9|0.4;u=0	#0074d9|0.4;#0074d9|0.4;u=0
P011	regression-linear-oklab-alpha-last-tall-fill	2048	plus	1	B07_CSS_REPARSE	Measured-output-only	[0.0,0.4549019607843137,0.8509803921568627,0.4]			#0074d9|0.4;#0074d9|0.4;u=0	#RRGGBB/#RRGGBBAA output parser
P012	regression-linear-oklab-alpha-last-tall-fill	4096	minus	0.99999990000000005	B01_VANILLA_SAMPLE	Measured	"[""56.22%"",""-0.0497283861041069"",""-0.17016233503818512"",""40%""]"				public components().map(repr)
P012	regression-linear-oklab-alpha-last-tall-fill	4096	minus	0.99999990000000005	B02_CRYSTALLINE_SAMPLE	Measured	"[""56.22%"",""-0.0497283861041069"",""-0.17016233503818512"",""40%""]"	0			public components().map(repr)
P012	regression-linear-oklab-alpha-last-tall-fill	4096	minus	0.99999990000000005	B03_TO_RGBA_F32	Unknown	null				public to-rgba unavailable
P012	regression-linear-oklab-alpha-last-tall-fill	4096	minus	0.99999990000000005	B04_ADAPTIVE_METRIC	Unknown	null				pre-quantized encoded-sRGB tuple unavailable
P012	regression-linear-oklab-alpha-last-tall-fill	4096	minus	0.99999990000000005	B05_U8_QUANTIZATION	Measured-output-only	[0.0,0.4549020305010769,0.8509803224400996,0.4000000995953753]			#007bd2|0.439215686;#0074d9|0.4;u=0.99999746031791314	interpolation of emitted quantized endpoints
P012	regression-linear-oklab-alpha-last-tall-fill	4096	minus	0.99999990000000005	B06_CSS_SERIALIZATION	Measured-output-only	[0.0,0.4549020305010769,0.8509803224400996,0.4000000995953753]			#007bd2|0.439215686;#0074d9|0.4;u=0.99999746031791314	#007bd2|0.439215686;#0074d9|0.4;u=0.99999746031791314
P012	regression-linear-oklab-alpha-last-tall-fill	4096	minus	0.99999990000000005	B07_CSS_REPARSE	Measured-output-only	[0.0,0.4549020305010769,0.8509803224400996,0.4000000995953753]			#007bd2|0.439215686;#0074d9|0.4;u=0.99999746031791314	#RRGGBB/#RRGGBBAA output parser
P012	regression-linear-oklab-alpha-last-tall-fill	4096	exact	1	B01_VANILLA_SAMPLE	Measured	"[""56.22%"",""-0.04972836375236511"",""-0.1701623797416687"",""40%""]"				public components().map(repr)
P012	regression-linear-oklab-alpha-last-tall-fill	4096	exact	1	B02_CRYSTALLINE_SAMPLE	Measured	"[""56.22%"",""-0.04972836375236511"",""-0.1701623797416687"",""40%""]"	0			public components().map(repr)
P012	regression-linear-oklab-alpha-last-tall-fill	4096	exact	1	B03_TO_RGBA_F32	Unknown	null				public to-rgba unavailable
P012	regression-linear-oklab-alpha-last-tall-fill	4096	exact	1	B04_ADAPTIVE_METRIC	Unknown	null				pre-quantized encoded-sRGB tuple unavailable
P012	regression-linear-oklab-alpha-last-tall-fill	4096	exact	1	B05_U8_QUANTIZATION	Measured-output-only	[0.0,0.4549019607843137,0.8509803921568627,0.4]			#0074d9|0.4;#0074d9|0.4;u=0	interpolation of emitted quantized endpoints
P012	regression-linear-oklab-alpha-last-tall-fill	4096	exact	1	B06_CSS_SERIALIZATION	Measured-output-only	[0.0,0.4549019607843137,0.8509803921568627,0.4]			#0074d9|0.4;#0074d9|0.4;u=0	#0074d9|0.4;#0074d9|0.4;u=0
P012	regression-linear-oklab-alpha-last-tall-fill	4096	exact	1	B07_CSS_REPARSE	Measured-output-only	[0.0,0.4549019607843137,0.8509803921568627,0.4]			#0074d9|0.4;#0074d9|0.4;u=0	#RRGGBB/#RRGGBBAA output parser
P012	regression-linear-oklab-alpha-last-tall-fill	4096	plus	1	B01_VANILLA_SAMPLE	Measured	"[""56.22%"",""-0.04972836375236511"",""-0.1701623797416687"",""40%""]"				public components().map(repr)
P012	regression-linear-oklab-alpha-last-tall-fill	4096	plus	1	B02_CRYSTALLINE_SAMPLE	Measured	"[""56.22%"",""-0.04972836375236511"",""-0.1701623797416687"",""40%""]"	0			public components().map(repr)
P012	regression-linear-oklab-alpha-last-tall-fill	4096	plus	1	B03_TO_RGBA_F32	Unknown	null				public to-rgba unavailable
P012	regression-linear-oklab-alpha-last-tall-fill	4096	plus	1	B04_ADAPTIVE_METRIC	Unknown	null				pre-quantized encoded-sRGB tuple unavailable
P012	regression-linear-oklab-alpha-last-tall-fill	4096	plus	1	B05_U8_QUANTIZATION	Measured-output-only	[0.0,0.4549019607843137,0.8509803921568627,0.4]			#0074d9|0.4;#0074d9|0.4;u=0	interpolation of emitted quantized endpoints
P012	regression-linear-oklab-alpha-last-tall-fill	4096	plus	1	B06_CSS_SERIALIZATION	Measured-output-only	[0.0,0.4549019607843137,0.8509803921568627,0.4]			#0074d9|0.4;#0074d9|0.4;u=0	#0074d9|0.4;#0074d9|0.4;u=0
P012	regression-linear-oklab-alpha-last-tall-fill	4096	plus	1	B07_CSS_REPARSE	Measured-output-only	[0.0,0.4549019607843137,0.8509803921568627,0.4]			#0074d9|0.4;#0074d9|0.4;u=0	#RRGGBB/#RRGGBBAA output parser
P013	regression-linear-oklab-alpha-mid-wide-stroke	2048	minus	0.369140525	B01_VANILLA_SAMPLE	Measured	"[""73.94%"",""-0.17809513211250305"",""0.12859180569648743"",""40.14%""]"				public components().map(repr)
P013	regression-linear-oklab-alpha-mid-wide-stroke	2048	minus	0.369140525	B02_CRYSTALLINE_SAMPLE	Measured	"[""73.94%"",""-0.17809513211250305"",""0.12859180569648743"",""40.14%""]"	0			public components().map(repr)
P013	regression-linear-oklab-alpha-mid-wide-stroke	2048	minus	0.369140525	B03_TO_RGBA_F32	Unknown	null				public to-rgba unavailable
P013	regression-linear-oklab-alpha-mid-wide-stroke	2048	minus	0.369140525	B04_ADAPTIVE_METRIC	Unknown	null				pre-quantized encoded-sRGB tuple unavailable
P013	regression-linear-oklab-alpha-mid-wide-stroke	2048	minus	0.369140525	B05_U8_QUANTIZATION	Measured-output-only	[0.18797123213591316,0.7994169942097563,0.25098039215686274,0.40116601154259207]			#3bcb40|0.407843137;#2ecc40|0.4;u=0.85133352348785751	interpolation of emitted quantized endpoints
P013	regression-linear-oklab-alpha-mid-wide-stroke	2048	minus	0.369140525	B06_CSS_SERIALIZATION	Measured-output-only	[0.18797123213591316,0.7994169942097563,0.25098039215686274,0.40116601154259207]			#3bcb40|0.407843137;#2ecc40|0.4;u=0.85133352348785751	#3bcb40|0.407843137;#2ecc40|0.4;u=0.85133352348785751
P013	regression-linear-oklab-alpha-mid-wide-stroke	2048	minus	0.369140525	B07_CSS_REPARSE	Measured-output-only	[0.18797123213591316,0.7994169942097563,0.25098039215686274,0.40116601154259207]			#3bcb40|0.407843137;#2ecc40|0.4;u=0.85133352348785751	#RRGGBB/#RRGGBBAA output parser
P013	regression-linear-oklab-alpha-mid-wide-stroke	2048	exact	0.369140625	B01_VANILLA_SAMPLE	Measured	"[""73.94%"",""-0.1780952364206314"",""0.12859180569648743"",""40.14%""]"				public components().map(repr)
P013	regression-linear-oklab-alpha-mid-wide-stroke	2048	exact	0.369140625	B02_CRYSTALLINE_SAMPLE	Measured	"[""73.94%"",""-0.1780952364206314"",""0.12859180569648743"",""40.14%""]"	0			public components().map(repr)
P013	regression-linear-oklab-alpha-mid-wide-stroke	2048	exact	0.369140625	B03_TO_RGBA_F32	Unknown	null				public to-rgba unavailable
P013	regression-linear-oklab-alpha-mid-wide-stroke	2048	exact	0.369140625	B04_ADAPTIVE_METRIC	Unknown	null				pre-quantized encoded-sRGB tuple unavailable
P013	regression-linear-oklab-alpha-mid-wide-stroke	2048	exact	0.369140625	B05_U8_QUANTIZATION	Measured-output-only	[0.18797035031489656,0.7994170620421422,0.25098039215686274,0.4011658758778247]			#3bcb40|0.407843137;#2ecc40|0.4;u=0.8513508207462599	interpolation of emitted quantized endpoints
P013	regression-linear-oklab-alpha-mid-wide-stroke	2048	exact	0.369140625	B06_CSS_SERIALIZATION	Measured-output-only	[0.18797035031489656,0.7994170620421422,0.25098039215686274,0.4011658758778247]			#3bcb40|0.407843137;#2ecc40|0.4;u=0.8513508207462599	#3bcb40|0.407843137;#2ecc40|0.4;u=0.8513508207462599
P013	regression-linear-oklab-alpha-mid-wide-stroke	2048	exact	0.369140625	B07_CSS_REPARSE	Measured-output-only	[0.18797035031489656,0.7994170620421422,0.25098039215686274,0.4011658758778247]			#3bcb40|0.407843137;#2ecc40|0.4;u=0.8513508207462599	#RRGGBB/#RRGGBBAA output parser
P013	regression-linear-oklab-alpha-mid-wide-stroke	2048	plus	0.369140725	B01_VANILLA_SAMPLE	Measured	"[""73.94%"",""-0.17809532582759857"",""0.12859180569648743"",""40.14%""]"				public components().map(repr)
P013	regression-linear-oklab-alpha-mid-wide-stroke	2048	plus	0.369140725	B02_CRYSTALLINE_SAMPLE	Measured	"[""73.94%"",""-0.17809532582759857"",""0.12859180569648743"",""40.14%""]"	0			public components().map(repr)
P013	regression-linear-oklab-alpha-mid-wide-stroke	2048	plus	0.369140725	B03_TO_RGBA_F32	Unknown	null				public to-rgba unavailable
P013	regression-linear-oklab-alpha-mid-wide-stroke	2048	plus	0.369140725	B04_ADAPTIVE_METRIC	Unknown	null				pre-quantized encoded-sRGB tuple unavailable
P013	regression-linear-oklab-alpha-mid-wide-stroke	2048	plus	0.369140725	B05_U8_QUANTIZATION	Measured-output-only	[0.18796946849387997,0.7994171298745281,0.25098039215686274,0.4011657402130573]			#3bcb40|0.407843137;#2ecc40|0.4;u=0.85136811800466228	interpolation of emitted quantized endpoints
P013	regression-linear-oklab-alpha-mid-wide-stroke	2048	plus	0.369140725	B06_CSS_SERIALIZATION	Measured-output-only	[0.18796946849387997,0.7994171298745281,0.25098039215686274,0.4011657402130573]			#3bcb40|0.407843137;#2ecc40|0.4;u=0.85136811800466228	#3bcb40|0.407843137;#2ecc40|0.4;u=0.85136811800466228
P013	regression-linear-oklab-alpha-mid-wide-stroke	2048	plus	0.369140725	B07_CSS_REPARSE	Measured-output-only	[0.18796946849387997,0.7994171298745281,0.25098039215686274,0.4011657402130573]			#3bcb40|0.407843137;#2ecc40|0.4;u=0.85136811800466228	#RRGGBB/#RRGGBBAA output parser
P014	regression-linear-oklab-alpha-mid-wide-stroke	4096	minus	0.369140525	B01_VANILLA_SAMPLE	Measured	"[""73.94%"",""-0.17809513211250305"",""0.12859180569648743"",""40.14%""]"				public components().map(repr)
P014	regression-linear-oklab-alpha-mid-wide-stroke	4096	minus	0.369140525	B02_CRYSTALLINE_SAMPLE	Measured	"[""73.94%"",""-0.17809513211250305"",""0.12859180569648743"",""40.14%""]"	0			public components().map(repr)
P014	regression-linear-oklab-alpha-mid-wide-stroke	4096	minus	0.369140525	B03_TO_RGBA_F32	Unknown	null				public to-rgba unavailable
P014	regression-linear-oklab-alpha-mid-wide-stroke	4096	minus	0.369140525	B04_ADAPTIVE_METRIC	Unknown	null				pre-quantized encoded-sRGB tuple unavailable
P014	regression-linear-oklab-alpha-mid-wide-stroke	4096	minus	0.369140525	B05_U8_QUANTIZATION	Measured-output-only	[0.18797123213591316,0.7994169942097563,0.25098039215686274,0.40116601154259207]			#3bcb40|0.407843137;#2ecc40|0.4;u=0.85133352348785751	interpolation of emitted quantized endpoints
P014	regression-linear-oklab-alpha-mid-wide-stroke	4096	minus	0.369140525	B06_CSS_SERIALIZATION	Measured-output-only	[0.18797123213591316,0.7994169942097563,0.25098039215686274,0.40116601154259207]			#3bcb40|0.407843137;#2ecc40|0.4;u=0.85133352348785751	#3bcb40|0.407843137;#2ecc40|0.4;u=0.85133352348785751
P014	regression-linear-oklab-alpha-mid-wide-stroke	4096	minus	0.369140525	B07_CSS_REPARSE	Measured-output-only	[0.18797123213591316,0.7994169942097563,0.25098039215686274,0.40116601154259207]			#3bcb40|0.407843137;#2ecc40|0.4;u=0.85133352348785751	#RRGGBB/#RRGGBBAA output parser
P014	regression-linear-oklab-alpha-mid-wide-stroke	4096	exact	0.369140625	B01_VANILLA_SAMPLE	Measured	"[""73.94%"",""-0.1780952364206314"",""0.12859180569648743"",""40.14%""]"				public components().map(repr)
P014	regression-linear-oklab-alpha-mid-wide-stroke	4096	exact	0.369140625	B02_CRYSTALLINE_SAMPLE	Measured	"[""73.94%"",""-0.1780952364206314"",""0.12859180569648743"",""40.14%""]"	0			public components().map(repr)
P014	regression-linear-oklab-alpha-mid-wide-stroke	4096	exact	0.369140625	B03_TO_RGBA_F32	Unknown	null				public to-rgba unavailable
P014	regression-linear-oklab-alpha-mid-wide-stroke	4096	exact	0.369140625	B04_ADAPTIVE_METRIC	Unknown	null				pre-quantized encoded-sRGB tuple unavailable
P014	regression-linear-oklab-alpha-mid-wide-stroke	4096	exact	0.369140625	B05_U8_QUANTIZATION	Measured-output-only	[0.18797035031489656,0.7994170620421422,0.25098039215686274,0.4011658758778247]			#3bcb40|0.407843137;#2ecc40|0.4;u=0.8513508207462599	interpolation of emitted quantized endpoints
P014	regression-linear-oklab-alpha-mid-wide-stroke	4096	exact	0.369140625	B06_CSS_SERIALIZATION	Measured-output-only	[0.18797035031489656,0.7994170620421422,0.25098039215686274,0.4011658758778247]			#3bcb40|0.407843137;#2ecc40|0.4;u=0.8513508207462599	#3bcb40|0.407843137;#2ecc40|0.4;u=0.8513508207462599
P014	regression-linear-oklab-alpha-mid-wide-stroke	4096	exact	0.369140625	B07_CSS_REPARSE	Measured-output-only	[0.18797035031489656,0.7994170620421422,0.25098039215686274,0.4011658758778247]			#3bcb40|0.407843137;#2ecc40|0.4;u=0.8513508207462599	#RRGGBB/#RRGGBBAA output parser
P014	regression-linear-oklab-alpha-mid-wide-stroke	4096	plus	0.369140725	B01_VANILLA_SAMPLE	Measured	"[""73.94%"",""-0.17809532582759857"",""0.12859180569648743"",""40.14%""]"				public components().map(repr)
P014	regression-linear-oklab-alpha-mid-wide-stroke	4096	plus	0.369140725	B02_CRYSTALLINE_SAMPLE	Measured	"[""73.94%"",""-0.17809532582759857"",""0.12859180569648743"",""40.14%""]"	0			public components().map(repr)
P014	regression-linear-oklab-alpha-mid-wide-stroke	4096	plus	0.369140725	B03_TO_RGBA_F32	Unknown	null				public to-rgba unavailable
P014	regression-linear-oklab-alpha-mid-wide-stroke	4096	plus	0.369140725	B04_ADAPTIVE_METRIC	Unknown	null				pre-quantized encoded-sRGB tuple unavailable
P014	regression-linear-oklab-alpha-mid-wide-stroke	4096	plus	0.369140725	B05_U8_QUANTIZATION	Measured-output-only	[0.18796946849387997,0.7994171298745281,0.25098039215686274,0.4011657402130573]			#3bcb40|0.407843137;#2ecc40|0.4;u=0.85136811800466228	interpolation of emitted quantized endpoints
P014	regression-linear-oklab-alpha-mid-wide-stroke	4096	plus	0.369140725	B06_CSS_SERIALIZATION	Measured-output-only	[0.18796946849387997,0.7994171298745281,0.25098039215686274,0.4011657402130573]			#3bcb40|0.407843137;#2ecc40|0.4;u=0.85136811800466228	#3bcb40|0.407843137;#2ecc40|0.4;u=0.85136811800466228
P014	regression-linear-oklab-alpha-mid-wide-stroke	4096	plus	0.369140725	B07_CSS_REPARSE	Measured-output-only	[0.18796946849387997,0.7994171298745281,0.25098039215686274,0.4011657402130573]			#3bcb40|0.407843137;#2ecc40|0.4;u=0.85136811800466228	#RRGGBB/#RRGGBBAA output parser
P015	regression-linear-oklab-base-square-fill	2048	minus	0.55419911875000005	B01_VANILLA_SAMPLE	Measured	"[""68.77%"",""-0.14118580520153046"",""0.04127580299973488"",""100%""]"				public components().map(repr)
P015	regression-linear-oklab-base-square-fill	2048	minus	0.55419911875000005	B02_CRYSTALLINE_SAMPLE	Measured	"[""68.77%"",""-0.14118580520153046"",""0.04127580299973488"",""100%""]"	0			public components().map(repr)
P015	regression-linear-oklab-base-square-fill	2048	minus	0.55419911875000005	B03_TO_RGBA_F32	Unknown	null				public to-rgba unavailable
P015	regression-linear-oklab-base-square-fill	2048	minus	0.55419911875000005	B04_ADAPTIVE_METRIC	Unknown	null				pre-quantized encoded-sRGB tuple unavailable
P015	regression-linear-oklab-base-square-fill	2048	minus	0.55419911875000005	B05_U8_QUANTIZATION	Measured-output-only	[0.007574754952131984,0.714853758203382,0.5050224672366428,1.0]			#03b77f|;#00b584|;u=0.35614582906878134	interpolation of emitted quantized endpoints
P015	regression-linear-oklab-base-square-fill	2048	minus	0.55419911875000005	B06_CSS_SERIALIZATION	Measured-output-only	[0.007574754952131984,0.714853758203382,0.5050224672366428,1.0]			#03b77f|;#00b584|;u=0.35614582906878134	#03b77f|;#00b584|;u=0.35614582906878134
P015	regression-linear-oklab-base-square-fill	2048	minus	0.55419911875000005	B07_CSS_REPARSE	Measured-output-only	[0.007574754952131984,0.714853758203382,0.5050224672366428,1.0]			#03b77f|;#00b584|;u=0.35614582906878134	#RRGGBB/#RRGGBBAA output parser
P015	regression-linear-oklab-base-square-fill	2048	exact	0.55419921875	B01_VANILLA_SAMPLE	Measured	"[""68.77%"",""-0.14118579030036926"",""0.041275754570961"",""100%""]"				public components().map(repr)
P015	regression-linear-oklab-base-square-fill	2048	exact	0.55419921875	B02_CRYSTALLINE_SAMPLE	Measured	"[""68.77%"",""-0.14118579030036926"",""0.041275754570961"",""100%""]"	0			public components().map(repr)
P015	regression-linear-oklab-base-square-fill	2048	exact	0.55419921875	B03_TO_RGBA_F32	Unknown	null				public to-rgba unavailable
P015	regression-linear-oklab-base-square-fill	2048	exact	0.55419921875	B04_ADAPTIVE_METRIC	Unknown	null				pre-quantized encoded-sRGB tuple unavailable
P015	regression-linear-oklab-base-square-fill	2048	exact	0.55419921875	B05_U8_QUANTIZATION	Measured-output-only	[0.0075746951948168694,0.714853718365172,0.505022566832168,1.0]			#03b77f|;#00b584|;u=0.35615090844056602	interpolation of emitted quantized endpoints
P015	regression-linear-oklab-base-square-fill	2048	exact	0.55419921875	B06_CSS_SERIALIZATION	Measured-output-only	[0.0075746951948168694,0.714853718365172,0.505022566832168,1.0]			#03b77f|;#00b584|;u=0.35615090844056602	#03b77f|;#00b584|;u=0.35615090844056602
P015	regression-linear-oklab-base-square-fill	2048	exact	0.55419921875	B07_CSS_REPARSE	Measured-output-only	[0.0075746951948168694,0.714853718365172,0.505022566832168,1.0]			#03b77f|;#00b584|;u=0.35615090844056602	#RRGGBB/#RRGGBBAA output parser
P015	regression-linear-oklab-base-square-fill	2048	plus	0.55419931874999995	B01_VANILLA_SAMPLE	Measured	"[""68.77%"",""-0.14118577539920807"",""0.04127570986747742"",""100%""]"				public components().map(repr)
P015	regression-linear-oklab-base-square-fill	2048	plus	0.55419931874999995	B02_CRYSTALLINE_SAMPLE	Measured	"[""68.77%"",""-0.14118577539920807"",""0.04127570986747742"",""100%""]"	0			public components().map(repr)
P015	regression-linear-oklab-base-square-fill	2048	plus	0.55419931874999995	B03_TO_RGBA_F32	Unknown	null				public to-rgba unavailable
P015	regression-linear-oklab-base-square-fill	2048	plus	0.55419931874999995	B04_ADAPTIVE_METRIC	Unknown	null				pre-quantized encoded-sRGB tuple unavailable
P015	regression-linear-oklab-base-square-fill	2048	plus	0.55419931874999995	B05_U8_QUANTIZATION	Measured-output-only	[0.007574635437501755,0.7148536785269619,0.5050226664276931,1.0]			#03b77f|;#00b584|;u=0.35615598781235075	interpolation of emitted quantized endpoints
P015	regression-linear-oklab-base-square-fill	2048	plus	0.55419931874999995	B06_CSS_SERIALIZATION	Measured-output-only	[0.007574635437501755,0.7148536785269619,0.5050226664276931,1.0]			#03b77f|;#00b584|;u=0.35615598781235075	#03b77f|;#00b584|;u=0.35615598781235075
P015	regression-linear-oklab-base-square-fill	2048	plus	0.55419931874999995	B07_CSS_REPARSE	Measured-output-only	[0.007574635437501755,0.7148536785269619,0.5050226664276931,1.0]			#03b77f|;#00b584|;u=0.35615598781235075	#RRGGBB/#RRGGBBAA output parser
P016	regression-linear-oklab-base-square-fill	4096	minus	0.55541982187500005	B01_VANILLA_SAMPLE	Measured	"[""68.74%"",""-0.14093537628650665"",""0.04069684073328972"",""100%""]"				public components().map(repr)
P016	regression-linear-oklab-base-square-fill	4096	minus	0.55541982187500005	B02_CRYSTALLINE_SAMPLE	Measured	"[""68.74%"",""-0.14093537628650665"",""0.04069684073328972"",""100%""]"	0			public components().map(repr)
P016	regression-linear-oklab-base-square-fill	4096	minus	0.55541982187500005	B03_TO_RGBA_F32	Unknown	null				public to-rgba unavailable
P016	regression-linear-oklab-base-square-fill	4096	minus	0.55541982187500005	B04_ADAPTIVE_METRIC	Unknown	null				pre-quantized encoded-sRGB tuple unavailable
P016	regression-linear-oklab-base-square-fill	4096	minus	0.55541982187500005	B05_U8_QUANTIZATION	Measured-output-only	[0.006845295538735725,0.7143674519277846,0.5062382329256365,1.0]			#03b77f|;#00b584|;u=0.41814987920746333	interpolation of emitted quantized endpoints
P016	regression-linear-oklab-base-square-fill	4096	minus	0.55541982187500005	B06_CSS_SERIALIZATION	Measured-output-only	[0.006845295538735725,0.7143674519277846,0.5062382329256365,1.0]			#03b77f|;#00b584|;u=0.41814987920746333	#03b77f|;#00b584|;u=0.41814987920746333
P016	regression-linear-oklab-base-square-fill	4096	minus	0.55541982187500005	B07_CSS_REPARSE	Measured-output-only	[0.006845295538735725,0.7143674519277846,0.5062382329256365,1.0]			#03b77f|;#00b584|;u=0.41814987920746333	#RRGGBB/#RRGGBBAA output parser
P016	regression-linear-oklab-base-square-fill	4096	exact	0.555419921875	B01_VANILLA_SAMPLE	Measured	"[""68.74%"",""-0.14093536138534546"",""0.04069679230451584"",""100%""]"				public components().map(repr)
P016	regression-linear-oklab-base-square-fill	4096	exact	0.555419921875	B02_CRYSTALLINE_SAMPLE	Measured	"[""68.74%"",""-0.14093536138534546"",""0.04069679230451584"",""100%""]"	0			public components().map(repr)
P016	regression-linear-oklab-base-square-fill	4096	exact	0.555419921875	B03_TO_RGBA_F32	Unknown	null				public to-rgba unavailable
P016	regression-linear-oklab-base-square-fill	4096	exact	0.555419921875	B04_ADAPTIVE_METRIC	Unknown	null				pre-quantized encoded-sRGB tuple unavailable
P016	regression-linear-oklab-base-square-fill	4096	exact	0.555419921875	B05_U8_QUANTIZATION	Measured-output-only	[0.006845235781420611,0.7143674120895745,0.5062383325211617,1.0]			#03b77f|;#00b584|;u=0.418154958579248	interpolation of emitted quantized endpoints
P016	regression-linear-oklab-base-square-fill	4096	exact	0.555419921875	B06_CSS_SERIALIZATION	Measured-output-only	[0.006845235781420611,0.7143674120895745,0.5062383325211617,1.0]			#03b77f|;#00b584|;u=0.418154958579248	#03b77f|;#00b584|;u=0.418154958579248
P016	regression-linear-oklab-base-square-fill	4096	exact	0.555419921875	B07_CSS_REPARSE	Measured-output-only	[0.006845235781420611,0.7143674120895745,0.5062383325211617,1.0]			#03b77f|;#00b584|;u=0.418154958579248	#RRGGBB/#RRGGBBAA output parser
P016	regression-linear-oklab-base-square-fill	4096	plus	0.55542002187499995	B01_VANILLA_SAMPLE	Measured	"[""68.74%"",""-0.14093533158302307"",""0.040696751326322556"",""100%""]"				public components().map(repr)
P016	regression-linear-oklab-base-square-fill	4096	plus	0.55542002187499995	B02_CRYSTALLINE_SAMPLE	Measured	"[""68.74%"",""-0.14093533158302307"",""0.040696751326322556"",""100%""]"	0			public components().map(repr)
P016	regression-linear-oklab-base-square-fill	4096	plus	0.55542002187499995	B03_TO_RGBA_F32	Unknown	null				public to-rgba unavailable
P016	regression-linear-oklab-base-square-fill	4096	plus	0.55542002187499995	B04_ADAPTIVE_METRIC	Unknown	null				pre-quantized encoded-sRGB tuple unavailable
P016	regression-linear-oklab-base-square-fill	4096	plus	0.55542002187499995	B05_U8_QUANTIZATION	Measured-output-only	[0.0068451760241054985,0.7143673722513645,0.506238432116687,1.0]			#03b77f|;#00b584|;u=0.41816003795103268	interpolation of emitted quantized endpoints
P016	regression-linear-oklab-base-square-fill	4096	plus	0.55542002187499995	B06_CSS_SERIALIZATION	Measured-output-only	[0.0068451760241054985,0.7143673722513645,0.506238432116687,1.0]			#03b77f|;#00b584|;u=0.41816003795103268	#03b77f|;#00b584|;u=0.41816003795103268
P016	regression-linear-oklab-base-square-fill	4096	plus	0.55542002187499995	B07_CSS_REPARSE	Measured-output-only	[0.0068451760241054985,0.7143673722513645,0.506238432116687,1.0]			#03b77f|;#00b584|;u=0.41816003795103268	#RRGGBB/#RRGGBBAA output parser
P017	regression-linear-oklab-coincident-tall-fill	2048	minus	0.29443349375	B01_VANILLA_SAMPLE	Measured	"[""68.74%"",""-0.14092035591602325"",""0.04066208377480507"",""100%""]"				public components().map(repr)
P017	regression-linear-oklab-coincident-tall-fill	2048	minus	0.29443349375	B02_CRYSTALLINE_SAMPLE	Measured	"[""68.74%"",""-0.14092035591602325"",""0.04066208377480507"",""100%""]"	0			public components().map(repr)
P017	regression-linear-oklab-coincident-tall-fill	2048	minus	0.29443349375	B03_TO_RGBA_F32	Unknown	null				public to-rgba unavailable
P017	regression-linear-oklab-coincident-tall-fill	2048	minus	0.29443349375	B04_ADAPTIVE_METRIC	Unknown	null				pre-quantized encoded-sRGB tuple unavailable
P017	regression-linear-oklab-coincident-tall-fill	2048	minus	0.29443349375	B05_U8_QUANTIZATION	Measured-output-only	[0.006801508235294119,0.7143382603921569,0.506311211764706,1.0]			#03b77f|;#00b584|;u=0.42187179999999991	interpolation of emitted quantized endpoints
P017	regression-linear-oklab-coincident-tall-fill	2048	minus	0.29443349375	B06_CSS_SERIALIZATION	Measured-output-only	[0.006801508235294119,0.7143382603921569,0.506311211764706,1.0]			#03b77f|;#00b584|;u=0.42187179999999991	#03b77f|;#00b584|;u=0.42187179999999991
P017	regression-linear-oklab-coincident-tall-fill	2048	minus	0.29443349375	B07_CSS_REPARSE	Measured-output-only	[0.006801508235294119,0.7143382603921569,0.506311211764706,1.0]			#03b77f|;#00b584|;u=0.42187179999999991	#RRGGBB/#RRGGBBAA output parser
P017	regression-linear-oklab-coincident-tall-fill	2048	exact	0.29443359375	B01_VANILLA_SAMPLE	Measured	"[""68.74%"",""-0.14092034101486206"",""0.04066205397248268"",""100%""]"				public components().map(repr)
P017	regression-linear-oklab-coincident-tall-fill	2048	exact	0.29443359375	B02_CRYSTALLINE_SAMPLE	Measured	"[""68.74%"",""-0.14092034101486206"",""0.04066205397248268"",""100%""]"	0			public components().map(repr)
P017	regression-linear-oklab-coincident-tall-fill	2048	exact	0.29443359375	B03_TO_RGBA_F32	Unknown	null				public to-rgba unavailable
P017	regression-linear-oklab-coincident-tall-fill	2048	exact	0.29443359375	B04_ADAPTIVE_METRIC	Unknown	null				pre-quantized encoded-sRGB tuple unavailable
P017	regression-linear-oklab-coincident-tall-fill	2048	exact	0.29443359375	B05_U8_QUANTIZATION	Measured-output-only	[0.006801470588235294,0.7143382352941177,0.506311274509804,1.0]			#03b77f|;#00b584|;u=0.421875	interpolation of emitted quantized endpoints
P017	regression-linear-oklab-coincident-tall-fill	2048	exact	0.29443359375	B06_CSS_SERIALIZATION	Measured-output-only	[0.006801470588235294,0.7143382352941177,0.506311274509804,1.0]			#03b77f|;#00b584|;u=0.421875	#03b77f|;#00b584|;u=0.421875
P017	regression-linear-oklab-coincident-tall-fill	2048	exact	0.29443359375	B07_CSS_REPARSE	Measured-output-only	[0.006801470588235294,0.7143382352941177,0.506311274509804,1.0]			#03b77f|;#00b584|;u=0.421875	#RRGGBB/#RRGGBBAA output parser
P017	regression-linear-oklab-coincident-tall-fill	2048	plus	0.29443369375	B01_VANILLA_SAMPLE	Measured	"[""68.74%"",""-0.14092031121253967"",""0.040662024170160294"",""100%""]"				public components().map(repr)
P017	regression-linear-oklab-coincident-tall-fill	2048	plus	0.29443369375	B02_CRYSTALLINE_SAMPLE	Measured	"[""68.74%"",""-0.14092031121253967"",""0.040662024170160294"",""100%""]"	0			public components().map(repr)
P017	regression-linear-oklab-coincident-tall-fill	2048	plus	0.29443369375	B03_TO_RGBA_F32	Unknown	null				public to-rgba unavailable
P017	regression-linear-oklab-coincident-tall-fill	2048	plus	0.29443369375	B04_ADAPTIVE_METRIC	Unknown	null				pre-quantized encoded-sRGB tuple unavailable
P017	regression-linear-oklab-coincident-tall-fill	2048	plus	0.29443369375	B05_U8_QUANTIZATION	Measured-output-only	[0.00680143294117647,0.7143382101960785,0.506311337254902,1.0]			#03b77f|;#00b584|;u=0.42187820000000009	interpolation of emitted quantized endpoints
P017	regression-linear-oklab-coincident-tall-fill	2048	plus	0.29443369375	B06_CSS_SERIALIZATION	Measured-output-only	[0.00680143294117647,0.7143382101960785,0.506311337254902,1.0]			#03b77f|;#00b584|;u=0.42187820000000009	#03b77f|;#00b584|;u=0.42187820000000009
P017	regression-linear-oklab-coincident-tall-fill	2048	plus	0.29443369375	B07_CSS_REPARSE	Measured-output-only	[0.00680143294117647,0.7143382101960785,0.506311337254902,1.0]			#03b77f|;#00b584|;u=0.42187820000000009	#RRGGBB/#RRGGBBAA output parser
P018	regression-linear-oklab-coincident-tall-fill	4096	minus	0.292236228125	B01_VANILLA_SAMPLE	Measured	"[""68.77%"",""-0.1412043422460556"",""0.041318628937006"",""100%""]"				public components().map(repr)
P018	regression-linear-oklab-coincident-tall-fill	4096	minus	0.292236228125	B02_CRYSTALLINE_SAMPLE	Measured	"[""68.77%"",""-0.1412043422460556"",""0.041318628937006"",""100%""]"	0			public components().map(repr)
P018	regression-linear-oklab-coincident-tall-fill	4096	minus	0.292236228125	B03_TO_RGBA_F32	Unknown	null				public to-rgba unavailable
P018	regression-linear-oklab-coincident-tall-fill	4096	minus	0.292236228125	B04_ADAPTIVE_METRIC	Unknown	null				pre-quantized encoded-sRGB tuple unavailable
P018	regression-linear-oklab-coincident-tall-fill	4096	minus	0.292236228125	B05_U8_QUANTIZATION	Measured-output-only	[0.00762871411764706,0.7148897309803921,0.5049325352941176,1.0]			#03b77f|;#00b584|;u=0.35155929999999991	interpolation of emitted quantized endpoints
P018	regression-linear-oklab-coincident-tall-fill	4096	minus	0.292236228125	B06_CSS_SERIALIZATION	Measured-output-only	[0.00762871411764706,0.7148897309803921,0.5049325352941176,1.0]			#03b77f|;#00b584|;u=0.35155929999999991	#03b77f|;#00b584|;u=0.35155929999999991
P018	regression-linear-oklab-coincident-tall-fill	4096	minus	0.292236228125	B07_CSS_REPARSE	Measured-output-only	[0.00762871411764706,0.7148897309803921,0.5049325352941176,1.0]			#03b77f|;#00b584|;u=0.35155929999999991	#RRGGBB/#RRGGBBAA output parser
P018	regression-linear-oklab-coincident-tall-fill	4096	exact	0.292236328125	B01_VANILLA_SAMPLE	Measured	"[""68.77%"",""-0.14120431244373322"",""0.04131859913468361"",""100%""]"				public components().map(repr)
P018	regression-linear-oklab-coincident-tall-fill	4096	exact	0.292236328125	B02_CRYSTALLINE_SAMPLE	Measured	"[""68.77%"",""-0.14120431244373322"",""0.04131859913468361"",""100%""]"	0			public components().map(repr)
P018	regression-linear-oklab-coincident-tall-fill	4096	exact	0.292236328125	B03_TO_RGBA_F32	Unknown	null				public to-rgba unavailable
P018	regression-linear-oklab-coincident-tall-fill	4096	exact	0.292236328125	B04_ADAPTIVE_METRIC	Unknown	null				pre-quantized encoded-sRGB tuple unavailable
P018	regression-linear-oklab-coincident-tall-fill	4096	exact	0.292236328125	B05_U8_QUANTIZATION	Measured-output-only	[0.007628676470588235,0.7148897058823529,0.5049325980392156,1.0]			#03b77f|;#00b584|;u=0.3515625	interpolation of emitted quantized endpoints
P018	regression-linear-oklab-coincident-tall-fill	4096	exact	0.292236328125	B06_CSS_SERIALIZATION	Measured-output-only	[0.007628676470588235,0.7148897058823529,0.5049325980392156,1.0]			#03b77f|;#00b584|;u=0.3515625	#03b77f|;#00b584|;u=0.3515625
P018	regression-linear-oklab-coincident-tall-fill	4096	exact	0.292236328125	B07_CSS_REPARSE	Measured-output-only	[0.007628676470588235,0.7148897058823529,0.5049325980392156,1.0]			#03b77f|;#00b584|;u=0.3515625	#RRGGBB/#RRGGBBAA output parser
P018	regression-linear-oklab-coincident-tall-fill	4096	plus	0.292236428125	B01_VANILLA_SAMPLE	Measured	"[""68.77%"",""-0.14120429754257202"",""0.04131856933236122"",""100%""]"				public components().map(repr)
P018	regression-linear-oklab-coincident-tall-fill	4096	plus	0.292236428125	B02_CRYSTALLINE_SAMPLE	Measured	"[""68.77%"",""-0.14120429754257202"",""0.04131856933236122"",""100%""]"	0			public components().map(repr)
P018	regression-linear-oklab-coincident-tall-fill	4096	plus	0.292236428125	B03_TO_RGBA_F32	Unknown	null				public to-rgba unavailable
P018	regression-linear-oklab-coincident-tall-fill	4096	plus	0.292236428125	B04_ADAPTIVE_METRIC	Unknown	null				pre-quantized encoded-sRGB tuple unavailable
P018	regression-linear-oklab-coincident-tall-fill	4096	plus	0.292236428125	B05_U8_QUANTIZATION	Measured-output-only	[0.0076286388235294105,0.7148896807843137,0.5049326607843138,1.0]			#03b77f|;#00b584|;u=0.35156570000000009	interpolation of emitted quantized endpoints
P018	regression-linear-oklab-coincident-tall-fill	4096	plus	0.292236428125	B06_CSS_SERIALIZATION	Measured-output-only	[0.0076286388235294105,0.7148896807843137,0.5049326607843138,1.0]			#03b77f|;#00b584|;u=0.35156570000000009	#03b77f|;#00b584|;u=0.35156570000000009
P018	regression-linear-oklab-coincident-tall-fill	4096	plus	0.292236428125	B07_CSS_REPARSE	Measured-output-only	[0.0076286388235294105,0.7148896807843137,0.5049326607843138,1.0]			#03b77f|;#00b584|;u=0.35156570000000009	#RRGGBB/#RRGGBBAA output parser
P019	regression-linear-oklab-two-wide-stroke	2048	minus	0.99169911875000005	B01_VANILLA_SAMPLE	Measured	"[""56.3%"",""-0.047657594084739685"",""-0.16785182058811188"",""100%""]"				public components().map(repr)
P019	regression-linear-oklab-two-wide-stroke	2048	minus	0.99169911875000005	B02_CRYSTALLINE_SAMPLE	Measured	"[""56.3%"",""-0.047657594084739685"",""-0.16785182058811188"",""100%""]"	0			public components().map(repr)
P019	regression-linear-oklab-two-wide-stroke	2048	minus	0.99169911875000005	B03_TO_RGBA_F32	Unknown	null				public to-rgba unavailable
P019	regression-linear-oklab-two-wide-stroke	2048	minus	0.99169911875000005	B04_ADAPTIVE_METRIC	Unknown	null				pre-quantized encoded-sRGB tuple unavailable
P019	regression-linear-oklab-two-wide-stroke	2048	minus	0.99169911875000005	B05_U8_QUANTIZATION	Measured-output-only	[0.045833885490195785,0.4549019607843137,0.8468136752941177,1.0]			#1674d7|;#0074d9|;u=0.46874360000000337	interpolation of emitted quantized endpoints
P019	regression-linear-oklab-two-wide-stroke	2048	minus	0.99169911875000005	B06_CSS_SERIALIZATION	Measured-output-only	[0.045833885490195785,0.4549019607843137,0.8468136752941177,1.0]			#1674d7|;#0074d9|;u=0.46874360000000337	#1674d7|;#0074d9|;u=0.46874360000000337
P019	regression-linear-oklab-two-wide-stroke	2048	minus	0.99169911875000005	B07_CSS_REPARSE	Measured-output-only	[0.045833885490195785,0.4549019607843137,0.8468136752941177,1.0]			#1674d7|;#0074d9|;u=0.46874360000000337	#RRGGBB/#RRGGBBAA output parser
P019	regression-linear-oklab-two-wide-stroke	2048	exact	0.99169921875	B01_VANILLA_SAMPLE	Measured	"[""56.3%"",""-0.047657620161771774"",""-0.16785185039043427"",""100%""]"				public components().map(repr)
P019	regression-linear-oklab-two-wide-stroke	2048	exact	0.99169921875	B02_CRYSTALLINE_SAMPLE	Measured	"[""56.3%"",""-0.047657620161771774"",""-0.16785185039043427"",""100%""]"	0			public components().map(repr)
P019	regression-linear-oklab-two-wide-stroke	2048	exact	0.99169921875	B03_TO_RGBA_F32	Unknown	null				public to-rgba unavailable
P019	regression-linear-oklab-two-wide-stroke	2048	exact	0.99169921875	B04_ADAPTIVE_METRIC	Unknown	null				pre-quantized encoded-sRGB tuple unavailable
P019	regression-linear-oklab-two-wide-stroke	2048	exact	0.99169921875	B05_U8_QUANTIZATION	Measured-output-only	[0.04583333333333333,0.4549019607843137,0.8468137254901961,1.0]			#1674d7|;#0074d9|;u=0.46875	interpolation of emitted quantized endpoints
P019	regression-linear-oklab-two-wide-stroke	2048	exact	0.99169921875	B06_CSS_SERIALIZATION	Measured-output-only	[0.04583333333333333,0.4549019607843137,0.8468137254901961,1.0]			#1674d7|;#0074d9|;u=0.46875	#1674d7|;#0074d9|;u=0.46875
P019	regression-linear-oklab-two-wide-stroke	2048	exact	0.99169921875	B07_CSS_REPARSE	Measured-output-only	[0.04583333333333333,0.4549019607843137,0.8468137254901961,1.0]			#1674d7|;#0074d9|;u=0.46875	#RRGGBB/#RRGGBBAA output parser
P019	regression-linear-oklab-two-wide-stroke	2048	plus	0.99169931874999995	B01_VANILLA_SAMPLE	Measured	"[""56.3%"",""-0.047657646238803864"",""-0.16785188019275665"",""100%""]"				public components().map(repr)
P019	regression-linear-oklab-two-wide-stroke	2048	plus	0.99169931874999995	B02_CRYSTALLINE_SAMPLE	Measured	"[""56.3%"",""-0.047657646238803864"",""-0.16785188019275665"",""100%""]"	0			public components().map(repr)
P019	regression-linear-oklab-two-wide-stroke	2048	plus	0.99169931874999995	B03_TO_RGBA_F32	Unknown	null				public to-rgba unavailable
P019	regression-linear-oklab-two-wide-stroke	2048	plus	0.99169931874999995	B04_ADAPTIVE_METRIC	Unknown	null				pre-quantized encoded-sRGB tuple unavailable
P019	regression-linear-oklab-two-wide-stroke	2048	plus	0.99169931874999995	B05_U8_QUANTIZATION	Measured-output-only	[0.045832781176470876,0.4549019607843137,0.8468137756862745,1.0]			#1674d7|;#0074d9|;u=0.46875639999999663	interpolation of emitted quantized endpoints
P019	regression-linear-oklab-two-wide-stroke	2048	plus	0.99169931874999995	B06_CSS_SERIALIZATION	Measured-output-only	[0.045832781176470876,0.4549019607843137,0.8468137756862745,1.0]			#1674d7|;#0074d9|;u=0.46875639999999663	#1674d7|;#0074d9|;u=0.46875639999999663
P019	regression-linear-oklab-two-wide-stroke	2048	plus	0.99169931874999995	B07_CSS_REPARSE	Measured-output-only	[0.045832781176470876,0.4549019607843137,0.8468137756862745,1.0]			#1674d7|;#0074d9|;u=0.46875639999999663	#RRGGBB/#RRGGBBAA output parser
P020	regression-linear-oklab-two-wide-stroke	4096	minus	0.99169911875000005	B01_VANILLA_SAMPLE	Measured	"[""56.3%"",""-0.047657594084739685"",""-0.16785182058811188"",""100%""]"				public components().map(repr)
P020	regression-linear-oklab-two-wide-stroke	4096	minus	0.99169911875000005	B02_CRYSTALLINE_SAMPLE	Measured	"[""56.3%"",""-0.047657594084739685"",""-0.16785182058811188"",""100%""]"	0			public components().map(repr)
P020	regression-linear-oklab-two-wide-stroke	4096	minus	0.99169911875000005	B03_TO_RGBA_F32	Unknown	null				public to-rgba unavailable
P020	regression-linear-oklab-two-wide-stroke	4096	minus	0.99169911875000005	B04_ADAPTIVE_METRIC	Unknown	null				pre-quantized encoded-sRGB tuple unavailable
P020	regression-linear-oklab-two-wide-stroke	4096	minus	0.99169911875000005	B05_U8_QUANTIZATION	Measured-output-only	[0.045833885490195785,0.4549019607843137,0.8468136752941177,1.0]			#1674d7|;#0074d9|;u=0.46874360000000337	interpolation of emitted quantized endpoints
P020	regression-linear-oklab-two-wide-stroke	4096	minus	0.99169911875000005	B06_CSS_SERIALIZATION	Measured-output-only	[0.045833885490195785,0.4549019607843137,0.8468136752941177,1.0]			#1674d7|;#0074d9|;u=0.46874360000000337	#1674d7|;#0074d9|;u=0.46874360000000337
P020	regression-linear-oklab-two-wide-stroke	4096	minus	0.99169911875000005	B07_CSS_REPARSE	Measured-output-only	[0.045833885490195785,0.4549019607843137,0.8468136752941177,1.0]			#1674d7|;#0074d9|;u=0.46874360000000337	#RRGGBB/#RRGGBBAA output parser
P020	regression-linear-oklab-two-wide-stroke	4096	exact	0.99169921875	B01_VANILLA_SAMPLE	Measured	"[""56.3%"",""-0.047657620161771774"",""-0.16785185039043427"",""100%""]"				public components().map(repr)
P020	regression-linear-oklab-two-wide-stroke	4096	exact	0.99169921875	B02_CRYSTALLINE_SAMPLE	Measured	"[""56.3%"",""-0.047657620161771774"",""-0.16785185039043427"",""100%""]"	0			public components().map(repr)
P020	regression-linear-oklab-two-wide-stroke	4096	exact	0.99169921875	B03_TO_RGBA_F32	Unknown	null				public to-rgba unavailable
P020	regression-linear-oklab-two-wide-stroke	4096	exact	0.99169921875	B04_ADAPTIVE_METRIC	Unknown	null				pre-quantized encoded-sRGB tuple unavailable
P020	regression-linear-oklab-two-wide-stroke	4096	exact	0.99169921875	B05_U8_QUANTIZATION	Measured-output-only	[0.04583333333333333,0.4549019607843137,0.8468137254901961,1.0]			#1674d7|;#0074d9|;u=0.46875	interpolation of emitted quantized endpoints
P020	regression-linear-oklab-two-wide-stroke	4096	exact	0.99169921875	B06_CSS_SERIALIZATION	Measured-output-only	[0.04583333333333333,0.4549019607843137,0.8468137254901961,1.0]			#1674d7|;#0074d9|;u=0.46875	#1674d7|;#0074d9|;u=0.46875
P020	regression-linear-oklab-two-wide-stroke	4096	exact	0.99169921875	B07_CSS_REPARSE	Measured-output-only	[0.04583333333333333,0.4549019607843137,0.8468137254901961,1.0]			#1674d7|;#0074d9|;u=0.46875	#RRGGBB/#RRGGBBAA output parser
P020	regression-linear-oklab-two-wide-stroke	4096	plus	0.99169931874999995	B01_VANILLA_SAMPLE	Measured	"[""56.3%"",""-0.047657646238803864"",""-0.16785188019275665"",""100%""]"				public components().map(repr)
P020	regression-linear-oklab-two-wide-stroke	4096	plus	0.99169931874999995	B02_CRYSTALLINE_SAMPLE	Measured	"[""56.3%"",""-0.047657646238803864"",""-0.16785188019275665"",""100%""]"	0			public components().map(repr)
P020	regression-linear-oklab-two-wide-stroke	4096	plus	0.99169931874999995	B03_TO_RGBA_F32	Unknown	null				public to-rgba unavailable
P020	regression-linear-oklab-two-wide-stroke	4096	plus	0.99169931874999995	B04_ADAPTIVE_METRIC	Unknown	null				pre-quantized encoded-sRGB tuple unavailable
P020	regression-linear-oklab-two-wide-stroke	4096	plus	0.99169931874999995	B05_U8_QUANTIZATION	Measured-output-only	[0.045832781176470876,0.4549019607843137,0.8468137756862745,1.0]			#1674d7|;#0074d9|;u=0.46875639999999663	interpolation of emitted quantized endpoints
P020	regression-linear-oklab-two-wide-stroke	4096	plus	0.99169931874999995	B06_CSS_SERIALIZATION	Measured-output-only	[0.045832781176470876,0.4549019607843137,0.8468137756862745,1.0]			#1674d7|;#0074d9|;u=0.46875639999999663	#1674d7|;#0074d9|;u=0.46875639999999663
P020	regression-linear-oklab-two-wide-stroke	4096	plus	0.99169931874999995	B07_CSS_REPARSE	Measured-output-only	[0.045832781176470876,0.4549019607843137,0.8468137756862745,1.0]			#1674d7|;#0074d9|;u=0.46875639999999663	#RRGGBB/#RRGGBBAA output parser
P021	regression-radial-hsv-alpha-first-square-fill	2048	minus	0.00097646250000000005	B01_VANILLA_SAMPLE	Measured	"[""3.61deg"",""78.82%"",""99.95%"",""40.16%""]"				public components().map(repr)
P021	regression-radial-hsv-alpha-first-square-fill	2048	minus	0.00097646250000000005	B02_CRYSTALLINE_SAMPLE	Measured	"[""3.61deg"",""78.82%"",""99.95%"",""40.16%""]"	0			public components().map(repr)
P021	regression-radial-hsv-alpha-first-square-fill	2048	minus	0.00097646250000000005	B03_TO_RGBA_F32	Unknown	null				public to-rgba unavailable
P021	regression-radial-hsv-alpha-first-square-fill	2048	minus	0.00097646250000000005	B04_ADAPTIVE_METRIC	Unknown	null				pre-quantized encoded-sRGB tuple unavailable
P021	regression-radial-hsv-alpha-first-square-fill	2048	minus	0.00097646250000000005	B05_U8_QUANTIZATION	Measured-output-only	[0.9995032305353833,0.25895891141201716,0.21168191097158345,0.40157310330627566]			#ff4136|0.4;#f97235|0.474509804;u=0.021112702246211847	interpolation of emitted quantized endpoints
P021	regression-radial-hsv-alpha-first-square-fill	2048	minus	0.00097646250000000005	B06_CSS_SERIALIZATION	Measured-output-only	[0.9995032305353833,0.25895891141201716,0.21168191097158345,0.40157310330627566]			#ff4136|0.4;#f97235|0.474509804;u=0.021112702246211847	#ff4136|0.4;#f97235|0.474509804;u=0.021112702246211847
P021	regression-radial-hsv-alpha-first-square-fill	2048	minus	0.00097646250000000005	B07_CSS_REPARSE	Measured-output-only	[0.9995032305353833,0.25895891141201716,0.21168191097158345,0.40157310330627566]			#ff4136|0.4;#f97235|0.474509804;u=0.021112702246211847	#RRGGBB/#RRGGBBAA output parser
P021	regression-radial-hsv-alpha-first-square-fill	2048	exact	0.0009765625	B01_VANILLA_SAMPLE	Measured	"[""3.61deg"",""78.82%"",""99.95%"",""40.16%""]"				public components().map(repr)
P021	regression-radial-hsv-alpha-first-square-fill	2048	exact	0.0009765625	B02_CRYSTALLINE_SAMPLE	Measured	"[""3.61deg"",""78.82%"",""99.95%"",""40.16%""]"	0			public components().map(repr)
P021	regression-radial-hsv-alpha-first-square-fill	2048	exact	0.0009765625	B03_TO_RGBA_F32	Unknown	null				public to-rgba unavailable
P021	regression-radial-hsv-alpha-first-square-fill	2048	exact	0.0009765625	B04_ADAPTIVE_METRIC	Unknown	null				pre-quantized encoded-sRGB tuple unavailable
P021	regression-radial-hsv-alpha-first-square-fill	2048	exact	0.0009765625	B05_U8_QUANTIZATION	Measured-output-only	[0.9995031796609806,0.258959326886306,0.21168190249251637,0.40157326440855107]			#ff4136|0.4;#f97235|0.474509804;u=0.021114864408327258	interpolation of emitted quantized endpoints
P021	regression-radial-hsv-alpha-first-square-fill	2048	exact	0.0009765625	B06_CSS_SERIALIZATION	Measured-output-only	[0.9995031796609806,0.258959326886306,0.21168190249251637,0.40157326440855107]			#ff4136|0.4;#f97235|0.474509804;u=0.021114864408327258	#ff4136|0.4;#f97235|0.474509804;u=0.021114864408327258
P021	regression-radial-hsv-alpha-first-square-fill	2048	exact	0.0009765625	B07_CSS_REPARSE	Measured-output-only	[0.9995031796609806,0.258959326886306,0.21168190249251637,0.40157326440855107]			#ff4136|0.4;#f97235|0.474509804;u=0.021114864408327258	#RRGGBB/#RRGGBBAA output parser
P021	regression-radial-hsv-alpha-first-square-fill	2048	plus	0.00097666250000000006	B01_VANILLA_SAMPLE	Measured	"[""3.61deg"",""78.82%"",""99.95%"",""40.16%""]"				public components().map(repr)
P021	regression-radial-hsv-alpha-first-square-fill	2048	plus	0.00097666250000000006	B02_CRYSTALLINE_SAMPLE	Measured	"[""3.61deg"",""78.82%"",""99.95%"",""40.16%""]"	0			public components().map(repr)
P021	regression-radial-hsv-alpha-first-square-fill	2048	plus	0.00097666250000000006	B03_TO_RGBA_F32	Unknown	null				public to-rgba unavailable
P021	regression-radial-hsv-alpha-first-square-fill	2048	plus	0.00097666250000000006	B04_ADAPTIVE_METRIC	Unknown	null				pre-quantized encoded-sRGB tuple unavailable
P021	regression-radial-hsv-alpha-first-square-fill	2048	plus	0.00097666250000000006	B05_U8_QUANTIZATION	Measured-output-only	[0.9995031287865778,0.2589597423605949,0.21168189401344922,0.4015734255108265]			#ff4136|0.4;#f97235|0.474509804;u=0.021117026570442669	interpolation of emitted quantized endpoints
P021	regression-radial-hsv-alpha-first-square-fill	2048	plus	0.00097666250000000006	B06_CSS_SERIALIZATION	Measured-output-only	[0.9995031287865778,0.2589597423605949,0.21168189401344922,0.4015734255108265]			#ff4136|0.4;#f97235|0.474509804;u=0.021117026570442669	#ff4136|0.4;#f97235|0.474509804;u=0.021117026570442669
P021	regression-radial-hsv-alpha-first-square-fill	2048	plus	0.00097666250000000006	B07_CSS_REPARSE	Measured-output-only	[0.9995031287865778,0.2589597423605949,0.21168189401344922,0.4015734255108265]			#ff4136|0.4;#f97235|0.474509804;u=0.021117026570442669	#RRGGBB/#RRGGBBAA output parser
P022	regression-radial-hsv-alpha-first-square-fill	4096	minus	0.000244040625	B01_VANILLA_SAMPLE	Measured	"[""3.37deg"",""78.82%"",""99.99%"",""40.04%""]"				public components().map(repr)
P022	regression-radial-hsv-alpha-first-square-fill	4096	minus	0.000244040625	B02_CRYSTALLINE_SAMPLE	Measured	"[""3.37deg"",""78.82%"",""99.99%"",""40.04%""]"	0			public components().map(repr)
P022	regression-radial-hsv-alpha-first-square-fill	4096	minus	0.000244040625	B03_TO_RGBA_F32	Unknown	null				public to-rgba unavailable
P022	regression-radial-hsv-alpha-first-square-fill	4096	minus	0.000244040625	B04_ADAPTIVE_METRIC	Unknown	null				pre-quantized encoded-sRGB tuple unavailable
P022	regression-radial-hsv-alpha-first-square-fill	4096	minus	0.000244040625	B05_U8_QUANTIZATION	Measured-output-only	[0.9998758457896478,0.2559158868355229,0.21174401351396094,0.40039315499986233]			#ff4136|0.4;#f97235|0.474509804;u=0.0052765539399664014	interpolation of emitted quantized endpoints
P022	regression-radial-hsv-alpha-first-square-fill	4096	minus	0.000244040625	B06_CSS_SERIALIZATION	Measured-output-only	[0.9998758457896478,0.2559158868355229,0.21174401351396094,0.40039315499986233]			#ff4136|0.4;#f97235|0.474509804;u=0.0052765539399664014	#ff4136|0.4;#f97235|0.474509804;u=0.0052765539399664014
P022	regression-radial-hsv-alpha-first-square-fill	4096	minus	0.000244040625	B07_CSS_REPARSE	Measured-output-only	[0.9998758457896478,0.2559158868355229,0.21174401351396094,0.40039315499986233]			#ff4136|0.4;#f97235|0.474509804;u=0.0052765539399664014	#RRGGBB/#RRGGBBAA output parser
P022	regression-radial-hsv-alpha-first-square-fill	4096	exact	0.000244140625	B01_VANILLA_SAMPLE	Measured	"[""3.37deg"",""78.82%"",""99.99%"",""40.04%""]"				public components().map(repr)
P022	regression-radial-hsv-alpha-first-square-fill	4096	exact	0.000244140625	B02_CRYSTALLINE_SAMPLE	Measured	"[""3.37deg"",""78.82%"",""99.99%"",""40.04%""]"	0			public components().map(repr)
P022	regression-radial-hsv-alpha-first-square-fill	4096	exact	0.000244140625	B03_TO_RGBA_F32	Unknown	null				public to-rgba unavailable
P022	regression-radial-hsv-alpha-first-square-fill	4096	exact	0.000244140625	B04_ADAPTIVE_METRIC	Unknown	null				pre-quantized encoded-sRGB tuple unavailable
P022	regression-radial-hsv-alpha-first-square-fill	4096	exact	0.000244140625	B05_U8_QUANTIZATION	Measured-output-only	[0.9998757949152451,0.25591630230981177,0.2117440050348938,0.40039331610213774]			#ff4136|0.4;#f97235|0.474509804;u=0.0052787161020818145	interpolation of emitted quantized endpoints
P022	regression-radial-hsv-alpha-first-square-fill	4096	exact	0.000244140625	B06_CSS_SERIALIZATION	Measured-output-only	[0.9998757949152451,0.25591630230981177,0.2117440050348938,0.40039331610213774]			#ff4136|0.4;#f97235|0.474509804;u=0.0052787161020818145	#ff4136|0.4;#f97235|0.474509804;u=0.0052787161020818145
P022	regression-radial-hsv-alpha-first-square-fill	4096	exact	0.000244140625	B07_CSS_REPARSE	Measured-output-only	[0.9998757949152451,0.25591630230981177,0.2117440050348938,0.40039331610213774]			#ff4136|0.4;#f97235|0.474509804;u=0.0052787161020818145	#RRGGBB/#RRGGBBAA output parser
P022	regression-radial-hsv-alpha-first-square-fill	4096	plus	0.000244240625	B01_VANILLA_SAMPLE	Measured	"[""3.37deg"",""78.82%"",""99.99%"",""40.04%""]"				public components().map(repr)
P022	regression-radial-hsv-alpha-first-square-fill	4096	plus	0.000244240625	B02_CRYSTALLINE_SAMPLE	Measured	"[""3.37deg"",""78.82%"",""99.99%"",""40.04%""]"	0			public components().map(repr)
P022	regression-radial-hsv-alpha-first-square-fill	4096	plus	0.000244240625	B03_TO_RGBA_F32	Unknown	null				public to-rgba unavailable
P022	regression-radial-hsv-alpha-first-square-fill	4096	plus	0.000244240625	B04_ADAPTIVE_METRIC	Unknown	null				pre-quantized encoded-sRGB tuple unavailable
P022	regression-radial-hsv-alpha-first-square-fill	4096	plus	0.000244240625	B05_U8_QUANTIZATION	Measured-output-only	[0.9998757440408425,0.25591671778410063,0.21174399655582668,0.4003934772044132]			#ff4136|0.4;#f97235|0.474509804;u=0.0052808782641972267	interpolation of emitted quantized endpoints
P022	regression-radial-hsv-alpha-first-square-fill	4096	plus	0.000244240625	B06_CSS_SERIALIZATION	Measured-output-only	[0.9998757440408425,0.25591671778410063,0.21174399655582668,0.4003934772044132]			#ff4136|0.4;#f97235|0.474509804;u=0.0052808782641972267	#ff4136|0.4;#f97235|0.474509804;u=0.0052808782641972267
P022	regression-radial-hsv-alpha-first-square-fill	4096	plus	0.000244240625	B07_CSS_REPARSE	Measured-output-only	[0.9998757440408425,0.25591671778410063,0.21174399655582668,0.4003934772044132]			#ff4136|0.4;#f97235|0.474509804;u=0.0052808782641972267	#RRGGBB/#RRGGBBAA output parser
P023	regression-radial-hsv-alpha-last-tall-fill	2048	minus	0.99804677500000005	B01_VANILLA_SAMPLE	Measured	"[""207.67deg"",""99.93%"",""85.08%"",""40.19%""]"				public components().map(repr)
P023	regression-radial-hsv-alpha-last-tall-fill	2048	minus	0.99804677500000005	B02_CRYSTALLINE_SAMPLE	Measured	"[""207.67deg"",""99.93%"",""85.08%"",""40.19%""]"	0			public components().map(repr)
P023	regression-radial-hsv-alpha-last-tall-fill	2048	minus	0.99804677500000005	B03_TO_RGBA_F32	Unknown	null				public to-rgba unavailable
P023	regression-radial-hsv-alpha-last-tall-fill	2048	minus	0.99804677500000005	B04_ADAPTIVE_METRIC	Unknown	null				pre-quantized encoded-sRGB tuple unavailable
P023	regression-radial-hsv-alpha-last-tall-fill	2048	minus	0.99804677500000005	B05_U8_QUANTIZATION	Measured-output-only	[0.0005835965349049503,0.45850080608289423,0.8507858599785612,0.401848055695811]			#0699d7|0.474509804;#0074d9|0.4;u=0.97519714726653961	interpolation of emitted quantized endpoints
P023	regression-radial-hsv-alpha-last-tall-fill	2048	minus	0.99804677500000005	B06_CSS_SERIALIZATION	Measured-output-only	[0.0005835965349049503,0.45850080608289423,0.8507858599785612,0.401848055695811]			#0699d7|0.474509804;#0074d9|0.4;u=0.97519714726653961	#0699d7|0.474509804;#0074d9|0.4;u=0.97519714726653961
P023	regression-radial-hsv-alpha-last-tall-fill	2048	minus	0.99804677500000005	B07_CSS_REPARSE	Measured-output-only	[0.0005835965349049503,0.45850080608289423,0.8507858599785612,0.401848055695811]			#0699d7|0.474509804;#0074d9|0.4;u=0.97519714726653961	#RRGGBB/#RRGGBBAA output parser
P023	regression-radial-hsv-alpha-last-tall-fill	2048	exact	0.998046875	B01_VANILLA_SAMPLE	Measured	"[""207.67deg"",""99.93%"",""85.08%"",""40.19%""]"				public components().map(repr)
P023	regression-radial-hsv-alpha-last-tall-fill	2048	exact	0.998046875	B02_CRYSTALLINE_SAMPLE	Measured	"[""207.67deg"",""99.93%"",""85.08%"",""40.19%""]"	0			public components().map(repr)
P023	regression-radial-hsv-alpha-last-tall-fill	2048	exact	0.998046875	B03_TO_RGBA_F32	Unknown	null				public to-rgba unavailable
P023	regression-radial-hsv-alpha-last-tall-fill	2048	exact	0.998046875	B04_ADAPTIVE_METRIC	Unknown	null				pre-quantized encoded-sRGB tuple unavailable
P023	regression-radial-hsv-alpha-last-tall-fill	2048	exact	0.998046875	B05_U8_QUANTIZATION	Measured-output-only	[0.0005835666562921638,0.45850062183144874,0.8507858699380987,0.40184796108020376]			#0699d7|0.474509804;#0074d9|0.4;u=0.97519841710758304	interpolation of emitted quantized endpoints
P023	regression-radial-hsv-alpha-last-tall-fill	2048	exact	0.998046875	B06_CSS_SERIALIZATION	Measured-output-only	[0.0005835666562921638,0.45850062183144874,0.8507858699380987,0.40184796108020376]			#0699d7|0.474509804;#0074d9|0.4;u=0.97519841710758304	#0699d7|0.474509804;#0074d9|0.4;u=0.97519841710758304
P023	regression-radial-hsv-alpha-last-tall-fill	2048	exact	0.998046875	B07_CSS_REPARSE	Measured-output-only	[0.0005835666562921638,0.45850062183144874,0.8507858699380987,0.40184796108020376]			#0699d7|0.474509804;#0074d9|0.4;u=0.97519841710758304	#RRGGBB/#RRGGBBAA output parser
P023	regression-radial-hsv-alpha-last-tall-fill	2048	plus	0.99804697499999995	B01_VANILLA_SAMPLE	Measured	"[""207.67deg"",""99.93%"",""85.08%"",""40.19%""]"				public components().map(repr)
P023	regression-radial-hsv-alpha-last-tall-fill	2048	plus	0.99804697499999995	B02_CRYSTALLINE_SAMPLE	Measured	"[""207.67deg"",""99.93%"",""85.08%"",""40.19%""]"	0			public components().map(repr)
P023	regression-radial-hsv-alpha-last-tall-fill	2048	plus	0.99804697499999995	B03_TO_RGBA_F32	Unknown	null				public to-rgba unavailable
P023	regression-radial-hsv-alpha-last-tall-fill	2048	plus	0.99804697499999995	B04_ADAPTIVE_METRIC	Unknown	null				pre-quantized encoded-sRGB tuple unavailable
P023	regression-radial-hsv-alpha-last-tall-fill	2048	plus	0.99804697499999995	B05_U8_QUANTIZATION	Measured-output-only	[0.0005835367776793773,0.4585004375800032,0.8507858798976362,0.4018478664645965]			#0699d7|0.474509804;#0074d9|0.4;u=0.97519968694862647	interpolation of emitted quantized endpoints
P023	regression-radial-hsv-alpha-last-tall-fill	2048	plus	0.99804697499999995	B06_CSS_SERIALIZATION	Measured-output-only	[0.0005835367776793773,0.4585004375800032,0.8507858798976362,0.4018478664645965]			#0699d7|0.474509804;#0074d9|0.4;u=0.97519968694862647	#0699d7|0.474509804;#0074d9|0.4;u=0.97519968694862647
P023	regression-radial-hsv-alpha-last-tall-fill	2048	plus	0.99804697499999995	B07_CSS_REPARSE	Measured-output-only	[0.0005835367776793773,0.4585004375800032,0.8507858798976362,0.4018478664645965]			#0699d7|0.474509804;#0074d9|0.4;u=0.97519968694862647	#RRGGBB/#RRGGBBAA output parser
P024	regression-radial-hsv-alpha-last-tall-fill	4096	minus	0.99804677500000005	B01_VANILLA_SAMPLE	Measured	"[""207.67deg"",""99.93%"",""85.08%"",""40.19%""]"				public components().map(repr)
P024	regression-radial-hsv-alpha-last-tall-fill	4096	minus	0.99804677500000005	B02_CRYSTALLINE_SAMPLE	Measured	"[""207.67deg"",""99.93%"",""85.08%"",""40.19%""]"	0			public components().map(repr)
P024	regression-radial-hsv-alpha-last-tall-fill	4096	minus	0.99804677500000005	B03_TO_RGBA_F32	Unknown	null				public to-rgba unavailable
P024	regression-radial-hsv-alpha-last-tall-fill	4096	minus	0.99804677500000005	B04_ADAPTIVE_METRIC	Unknown	null				pre-quantized encoded-sRGB tuple unavailable
P024	regression-radial-hsv-alpha-last-tall-fill	4096	minus	0.99804677500000005	B05_U8_QUANTIZATION	Measured-output-only	[0.0005835965349049503,0.45850080608289423,0.8507858599785612,0.401848055695811]			#0699d7|0.474509804;#0074d9|0.4;u=0.97519714726653961	interpolation of emitted quantized endpoints
P024	regression-radial-hsv-alpha-last-tall-fill	4096	minus	0.99804677500000005	B06_CSS_SERIALIZATION	Measured-output-only	[0.0005835965349049503,0.45850080608289423,0.8507858599785612,0.401848055695811]			#0699d7|0.474509804;#0074d9|0.4;u=0.97519714726653961	#0699d7|0.474509804;#0074d9|0.4;u=0.97519714726653961
P024	regression-radial-hsv-alpha-last-tall-fill	4096	minus	0.99804677500000005	B07_CSS_REPARSE	Measured-output-only	[0.0005835965349049503,0.45850080608289423,0.8507858599785612,0.401848055695811]			#0699d7|0.474509804;#0074d9|0.4;u=0.97519714726653961	#RRGGBB/#RRGGBBAA output parser
P024	regression-radial-hsv-alpha-last-tall-fill	4096	exact	0.998046875	B01_VANILLA_SAMPLE	Measured	"[""207.67deg"",""99.93%"",""85.08%"",""40.19%""]"				public components().map(repr)
P024	regression-radial-hsv-alpha-last-tall-fill	4096	exact	0.998046875	B02_CRYSTALLINE_SAMPLE	Measured	"[""207.67deg"",""99.93%"",""85.08%"",""40.19%""]"	0			public components().map(repr)
P024	regression-radial-hsv-alpha-last-tall-fill	4096	exact	0.998046875	B03_TO_RGBA_F32	Unknown	null				public to-rgba unavailable
P024	regression-radial-hsv-alpha-last-tall-fill	4096	exact	0.998046875	B04_ADAPTIVE_METRIC	Unknown	null				pre-quantized encoded-sRGB tuple unavailable
P024	regression-radial-hsv-alpha-last-tall-fill	4096	exact	0.998046875	B05_U8_QUANTIZATION	Measured-output-only	[0.0005835666562921638,0.45850062183144874,0.8507858699380987,0.40184796108020376]			#0699d7|0.474509804;#0074d9|0.4;u=0.97519841710758304	interpolation of emitted quantized endpoints
P024	regression-radial-hsv-alpha-last-tall-fill	4096	exact	0.998046875	B06_CSS_SERIALIZATION	Measured-output-only	[0.0005835666562921638,0.45850062183144874,0.8507858699380987,0.40184796108020376]			#0699d7|0.474509804;#0074d9|0.4;u=0.97519841710758304	#0699d7|0.474509804;#0074d9|0.4;u=0.97519841710758304
P024	regression-radial-hsv-alpha-last-tall-fill	4096	exact	0.998046875	B07_CSS_REPARSE	Measured-output-only	[0.0005835666562921638,0.45850062183144874,0.8507858699380987,0.40184796108020376]			#0699d7|0.474509804;#0074d9|0.4;u=0.97519841710758304	#RRGGBB/#RRGGBBAA output parser
P024	regression-radial-hsv-alpha-last-tall-fill	4096	plus	0.99804697499999995	B01_VANILLA_SAMPLE	Measured	"[""207.67deg"",""99.93%"",""85.08%"",""40.19%""]"				public components().map(repr)
P024	regression-radial-hsv-alpha-last-tall-fill	4096	plus	0.99804697499999995	B02_CRYSTALLINE_SAMPLE	Measured	"[""207.67deg"",""99.93%"",""85.08%"",""40.19%""]"	0			public components().map(repr)
P024	regression-radial-hsv-alpha-last-tall-fill	4096	plus	0.99804697499999995	B03_TO_RGBA_F32	Unknown	null				public to-rgba unavailable
P024	regression-radial-hsv-alpha-last-tall-fill	4096	plus	0.99804697499999995	B04_ADAPTIVE_METRIC	Unknown	null				pre-quantized encoded-sRGB tuple unavailable
P024	regression-radial-hsv-alpha-last-tall-fill	4096	plus	0.99804697499999995	B05_U8_QUANTIZATION	Measured-output-only	[0.0005835367776793773,0.4585004375800032,0.8507858798976362,0.4018478664645965]			#0699d7|0.474509804;#0074d9|0.4;u=0.97519968694862647	interpolation of emitted quantized endpoints
P024	regression-radial-hsv-alpha-last-tall-fill	4096	plus	0.99804697499999995	B06_CSS_SERIALIZATION	Measured-output-only	[0.0005835367776793773,0.4585004375800032,0.8507858798976362,0.4018478664645965]			#0699d7|0.474509804;#0074d9|0.4;u=0.97519968694862647	#0699d7|0.474509804;#0074d9|0.4;u=0.97519968694862647
P024	regression-radial-hsv-alpha-last-tall-fill	4096	plus	0.99804697499999995	B07_CSS_REPARSE	Measured-output-only	[0.0005835367776793773,0.4585004375800032,0.8507858798976362,0.4018478664645965]			#0699d7|0.474509804;#0074d9|0.4;u=0.97519968694862647	#RRGGBB/#RRGGBBAA output parser
P025	regression-radial-hsv-alpha-mid-wide-stroke	2048	minus	0.37158193125	B01_VANILLA_SAMPLE	Measured	"[""127.04deg"",""77.51%"",""80.01%"",""40.15%""]"				public components().map(repr)
P025	regression-radial-hsv-alpha-mid-wide-stroke	2048	minus	0.37158193125	B02_CRYSTALLINE_SAMPLE	Measured	"[""127.04deg"",""77.51%"",""80.01%"",""40.15%""]"	0			public components().map(repr)
P025	regression-radial-hsv-alpha-mid-wide-stroke	2048	minus	0.37158193125	B03_TO_RGBA_F32	Unknown	null				public to-rgba unavailable
P025	regression-radial-hsv-alpha-mid-wide-stroke	2048	minus	0.37158193125	B04_ADAPTIVE_METRIC	Unknown	null				pre-quantized encoded-sRGB tuple unavailable
P025	regression-radial-hsv-alpha-mid-wide-stroke	2048	minus	0.37158193125	B05_U8_QUANTIZATION	Measured-output-only	[0.1799982755135341,0.8001575525396845,0.2527922463632334,0.40149674912857736]			#2ecc40|0.4;#29ce57|0.474509804;u=0.020087948809761186	interpolation of emitted quantized endpoints
P025	regression-radial-hsv-alpha-mid-wide-stroke	2048	minus	0.37158193125	B06_CSS_SERIALIZATION	Measured-output-only	[0.1799982755135341,0.8001575525396845,0.2527922463632334,0.40149674912857736]			#2ecc40|0.4;#29ce57|0.474509804;u=0.020087948809761186	#2ecc40|0.4;#29ce57|0.474509804;u=0.020087948809761186
P025	regression-radial-hsv-alpha-mid-wide-stroke	2048	minus	0.37158193125	B07_CSS_REPARSE	Measured-output-only	[0.1799982755135341,0.8001575525396845,0.2527922463632334,0.40149674912857736]			#2ecc40|0.4;#29ce57|0.474509804;u=0.020087948809761186	#RRGGBB/#RRGGBBAA output parser
P025	regression-radial-hsv-alpha-mid-wide-stroke	2048	exact	0.37158203125	B01_VANILLA_SAMPLE	Measured	"[""127.04deg"",""77.51%"",""80.01%"",""40.15%""]"				public components().map(repr)
P025	regression-radial-hsv-alpha-mid-wide-stroke	2048	exact	0.37158203125	B02_CRYSTALLINE_SAMPLE	Measured	"[""127.04deg"",""77.51%"",""80.01%"",""40.15%""]"	0			public components().map(repr)
P025	regression-radial-hsv-alpha-mid-wide-stroke	2048	exact	0.37158203125	B03_TO_RGBA_F32	Unknown	null				public to-rgba unavailable
P025	regression-radial-hsv-alpha-mid-wide-stroke	2048	exact	0.37158203125	B04_ADAPTIVE_METRIC	Unknown	null				pre-quantized encoded-sRGB tuple unavailable
P025	regression-radial-hsv-alpha-mid-wide-stroke	2048	exact	0.37158203125	B05_U8_QUANTIZATION	Measured-output-only	[0.1799982506146901,0.8001575624992221,0.2527923608979158,0.40149684374418465]			#2ecc40|0.4;#29ce57|0.474509804;u=0.020089218650805315	interpolation of emitted quantized endpoints
P025	regression-radial-hsv-alpha-mid-wide-stroke	2048	exact	0.37158203125	B06_CSS_SERIALIZATION	Measured-output-only	[0.1799982506146901,0.8001575624992221,0.2527923608979158,0.40149684374418465]			#2ecc40|0.4;#29ce57|0.474509804;u=0.020089218650805315	#2ecc40|0.4;#29ce57|0.474509804;u=0.020089218650805315
P025	regression-radial-hsv-alpha-mid-wide-stroke	2048	exact	0.37158203125	B07_CSS_REPARSE	Measured-output-only	[0.1799982506146901,0.8001575624992221,0.2527923608979158,0.40149684374418465]			#2ecc40|0.4;#29ce57|0.474509804;u=0.020089218650805315	#RRGGBB/#RRGGBBAA output parser
P025	regression-radial-hsv-alpha-mid-wide-stroke	2048	plus	0.37158213125	B01_VANILLA_SAMPLE	Measured	"[""127.04deg"",""77.51%"",""80.01%"",""40.15%""]"				public components().map(repr)
P025	regression-radial-hsv-alpha-mid-wide-stroke	2048	plus	0.37158213125	B02_CRYSTALLINE_SAMPLE	Measured	"[""127.04deg"",""77.51%"",""80.01%"",""40.15%""]"	0			public components().map(repr)
P025	regression-radial-hsv-alpha-mid-wide-stroke	2048	plus	0.37158213125	B03_TO_RGBA_F32	Unknown	null				public to-rgba unavailable
P025	regression-radial-hsv-alpha-mid-wide-stroke	2048	plus	0.37158213125	B04_ADAPTIVE_METRIC	Unknown	null				pre-quantized encoded-sRGB tuple unavailable
P025	regression-radial-hsv-alpha-mid-wide-stroke	2048	plus	0.37158213125	B05_U8_QUANTIZATION	Measured-output-only	[0.1799982257158461,0.8001575724587596,0.25279247543259814,0.401496938359792]			#2ecc40|0.4;#29ce57|0.474509804;u=0.020090488491849443	interpolation of emitted quantized endpoints
P025	regression-radial-hsv-alpha-mid-wide-stroke	2048	plus	0.37158213125	B06_CSS_SERIALIZATION	Measured-output-only	[0.1799982257158461,0.8001575724587596,0.25279247543259814,0.401496938359792]			#2ecc40|0.4;#29ce57|0.474509804;u=0.020090488491849443	#2ecc40|0.4;#29ce57|0.474509804;u=0.020090488491849443
P025	regression-radial-hsv-alpha-mid-wide-stroke	2048	plus	0.37158213125	B07_CSS_REPARSE	Measured-output-only	[0.1799982257158461,0.8001575724587596,0.25279247543259814,0.401496938359792]			#2ecc40|0.4;#29ce57|0.474509804;u=0.020090488491849443	#RRGGBB/#RRGGBBAA output parser
P026	regression-radial-hsv-alpha-mid-wide-stroke	4096	minus	0.37158193125	B01_VANILLA_SAMPLE	Measured	"[""127.04deg"",""77.51%"",""80.01%"",""40.15%""]"				public components().map(repr)
P026	regression-radial-hsv-alpha-mid-wide-stroke	4096	minus	0.37158193125	B02_CRYSTALLINE_SAMPLE	Measured	"[""127.04deg"",""77.51%"",""80.01%"",""40.15%""]"	0			public components().map(repr)
P026	regression-radial-hsv-alpha-mid-wide-stroke	4096	minus	0.37158193125	B03_TO_RGBA_F32	Unknown	null				public to-rgba unavailable
P026	regression-radial-hsv-alpha-mid-wide-stroke	4096	minus	0.37158193125	B04_ADAPTIVE_METRIC	Unknown	null				pre-quantized encoded-sRGB tuple unavailable
P026	regression-radial-hsv-alpha-mid-wide-stroke	4096	minus	0.37158193125	B05_U8_QUANTIZATION	Measured-output-only	[0.1799982755135341,0.8001575525396845,0.2527922463632334,0.40149674912857736]			#2ecc40|0.4;#29ce57|0.474509804;u=0.020087948809761186	interpolation of emitted quantized endpoints
P026	regression-radial-hsv-alpha-mid-wide-stroke	4096	minus	0.37158193125	B06_CSS_SERIALIZATION	Measured-output-only	[0.1799982755135341,0.8001575525396845,0.2527922463632334,0.40149674912857736]			#2ecc40|0.4;#29ce57|0.474509804;u=0.020087948809761186	#2ecc40|0.4;#29ce57|0.474509804;u=0.020087948809761186
P026	regression-radial-hsv-alpha-mid-wide-stroke	4096	minus	0.37158193125	B07_CSS_REPARSE	Measured-output-only	[0.1799982755135341,0.8001575525396845,0.2527922463632334,0.40149674912857736]			#2ecc40|0.4;#29ce57|0.474509804;u=0.020087948809761186	#RRGGBB/#RRGGBBAA output parser
P026	regression-radial-hsv-alpha-mid-wide-stroke	4096	exact	0.37158203125	B01_VANILLA_SAMPLE	Measured	"[""127.04deg"",""77.51%"",""80.01%"",""40.15%""]"				public components().map(repr)
P026	regression-radial-hsv-alpha-mid-wide-stroke	4096	exact	0.37158203125	B02_CRYSTALLINE_SAMPLE	Measured	"[""127.04deg"",""77.51%"",""80.01%"",""40.15%""]"	0			public components().map(repr)
P026	regression-radial-hsv-alpha-mid-wide-stroke	4096	exact	0.37158203125	B03_TO_RGBA_F32	Unknown	null				public to-rgba unavailable
P026	regression-radial-hsv-alpha-mid-wide-stroke	4096	exact	0.37158203125	B04_ADAPTIVE_METRIC	Unknown	null				pre-quantized encoded-sRGB tuple unavailable
P026	regression-radial-hsv-alpha-mid-wide-stroke	4096	exact	0.37158203125	B05_U8_QUANTIZATION	Measured-output-only	[0.1799982506146901,0.8001575624992221,0.2527923608979158,0.40149684374418465]			#2ecc40|0.4;#29ce57|0.474509804;u=0.020089218650805315	interpolation of emitted quantized endpoints
P026	regression-radial-hsv-alpha-mid-wide-stroke	4096	exact	0.37158203125	B06_CSS_SERIALIZATION	Measured-output-only	[0.1799982506146901,0.8001575624992221,0.2527923608979158,0.40149684374418465]			#2ecc40|0.4;#29ce57|0.474509804;u=0.020089218650805315	#2ecc40|0.4;#29ce57|0.474509804;u=0.020089218650805315
P026	regression-radial-hsv-alpha-mid-wide-stroke	4096	exact	0.37158203125	B07_CSS_REPARSE	Measured-output-only	[0.1799982506146901,0.8001575624992221,0.2527923608979158,0.40149684374418465]			#2ecc40|0.4;#29ce57|0.474509804;u=0.020089218650805315	#RRGGBB/#RRGGBBAA output parser
P026	regression-radial-hsv-alpha-mid-wide-stroke	4096	plus	0.37158213125	B01_VANILLA_SAMPLE	Measured	"[""127.04deg"",""77.51%"",""80.01%"",""40.15%""]"				public components().map(repr)
P026	regression-radial-hsv-alpha-mid-wide-stroke	4096	plus	0.37158213125	B02_CRYSTALLINE_SAMPLE	Measured	"[""127.04deg"",""77.51%"",""80.01%"",""40.15%""]"	0			public components().map(repr)
P026	regression-radial-hsv-alpha-mid-wide-stroke	4096	plus	0.37158213125	B03_TO_RGBA_F32	Unknown	null				public to-rgba unavailable
P026	regression-radial-hsv-alpha-mid-wide-stroke	4096	plus	0.37158213125	B04_ADAPTIVE_METRIC	Unknown	null				pre-quantized encoded-sRGB tuple unavailable
P026	regression-radial-hsv-alpha-mid-wide-stroke	4096	plus	0.37158213125	B05_U8_QUANTIZATION	Measured-output-only	[0.1799982257158461,0.8001575724587596,0.25279247543259814,0.401496938359792]			#2ecc40|0.4;#29ce57|0.474509804;u=0.020090488491849443	interpolation of emitted quantized endpoints
P026	regression-radial-hsv-alpha-mid-wide-stroke	4096	plus	0.37158213125	B06_CSS_SERIALIZATION	Measured-output-only	[0.1799982257158461,0.8001575724587596,0.25279247543259814,0.401496938359792]			#2ecc40|0.4;#29ce57|0.474509804;u=0.020090488491849443	#2ecc40|0.4;#29ce57|0.474509804;u=0.020090488491849443
P026	regression-radial-hsv-alpha-mid-wide-stroke	4096	plus	0.37158213125	B07_CSS_REPARSE	Measured-output-only	[0.1799982257158461,0.8001575724587596,0.25279247543259814,0.401496938359792]			#2ecc40|0.4;#29ce57|0.474509804;u=0.020090488491849443	#RRGGBB/#RRGGBBAA output parser
P027	regression-radial-hsv-base-square-fill	2048	minus	0.169921775	B01_VANILLA_SAMPLE	Measured	"[""60.02deg"",""78.19%"",""90.82%"",""100%""]"				public components().map(repr)
P027	regression-radial-hsv-base-square-fill	2048	minus	0.169921775	B02_CRYSTALLINE_SAMPLE	Measured	"[""60.02deg"",""78.19%"",""90.82%"",""100%""]"	0			public components().map(repr)
P027	regression-radial-hsv-base-square-fill	2048	minus	0.169921775	B03_TO_RGBA_F32	Unknown	null				public to-rgba unavailable
P027	regression-radial-hsv-base-square-fill	2048	minus	0.169921775	B04_ADAPTIVE_METRIC	Unknown	null				pre-quantized encoded-sRGB tuple unavailable
P027	regression-radial-hsv-base-square-fill	2048	minus	0.169921775	B05_U8_QUANTIZATION	Measured-output-only	[0.9021201304631803,0.9034975425348148,0.19846324177891056,1.0]			#e8e633|;#e3e732|;u=0.39187334637780613	interpolation of emitted quantized endpoints
P027	regression-radial-hsv-base-square-fill	2048	minus	0.169921775	B06_CSS_SERIALIZATION	Measured-output-only	[0.9021201304631803,0.9034975425348148,0.19846324177891056,1.0]			#e8e633|;#e3e732|;u=0.39187334637780613	#e8e633|;#e3e732|;u=0.39187334637780613
P027	regression-radial-hsv-base-square-fill	2048	minus	0.169921775	B07_CSS_REPARSE	Measured-output-only	[0.9021201304631803,0.9034975425348148,0.19846324177891056,1.0]			#e8e633|;#e3e732|;u=0.39187334637780613	#RRGGBB/#RRGGBBAA output parser
P027	regression-radial-hsv-base-square-fill	2048	exact	0.169921875	B01_VANILLA_SAMPLE	Measured	"[""60.02deg"",""78.19%"",""90.82%"",""100%""]"				public components().map(repr)
P027	regression-radial-hsv-base-square-fill	2048	exact	0.169921875	B02_CRYSTALLINE_SAMPLE	Measured	"[""60.02deg"",""78.19%"",""90.82%"",""100%""]"	0			public components().map(repr)
P027	regression-radial-hsv-base-square-fill	2048	exact	0.169921875	B03_TO_RGBA_F32	Unknown	null				public to-rgba unavailable
P027	regression-radial-hsv-base-square-fill	2048	exact	0.169921875	B04_ADAPTIVE_METRIC	Unknown	null				pre-quantized encoded-sRGB tuple unavailable
P027	regression-radial-hsv-base-square-fill	2048	exact	0.169921875	B05_U8_QUANTIZATION	Measured-output-only	[0.9021197913003708,0.9034976103673769,0.1984631739463487,1.0]			#e8e633|;#e3e732|;u=0.39189064368108789	interpolation of emitted quantized endpoints
P027	regression-radial-hsv-base-square-fill	2048	exact	0.169921875	B06_CSS_SERIALIZATION	Measured-output-only	[0.9021197913003708,0.9034976103673769,0.1984631739463487,1.0]			#e8e633|;#e3e732|;u=0.39189064368108789	#e8e633|;#e3e732|;u=0.39189064368108789
P027	regression-radial-hsv-base-square-fill	2048	exact	0.169921875	B07_CSS_REPARSE	Measured-output-only	[0.9021197913003708,0.9034976103673769,0.1984631739463487,1.0]			#e8e633|;#e3e732|;u=0.39189064368108789	#RRGGBB/#RRGGBBAA output parser
P027	regression-radial-hsv-base-square-fill	2048	plus	0.169921975	B01_VANILLA_SAMPLE	Measured	"[""60.02deg"",""78.19%"",""90.82%"",""100%""]"				public components().map(repr)
P027	regression-radial-hsv-base-square-fill	2048	plus	0.169921975	B02_CRYSTALLINE_SAMPLE	Measured	"[""60.02deg"",""78.19%"",""90.82%"",""100%""]"	0			public components().map(repr)
P027	regression-radial-hsv-base-square-fill	2048	plus	0.169921975	B03_TO_RGBA_F32	Unknown	null				public to-rgba unavailable
P027	regression-radial-hsv-base-square-fill	2048	plus	0.169921975	B04_ADAPTIVE_METRIC	Unknown	null				pre-quantized encoded-sRGB tuple unavailable
P027	regression-radial-hsv-base-square-fill	2048	plus	0.169921975	B05_U8_QUANTIZATION	Measured-output-only	[0.9021194521375614,0.9034976781999388,0.1984631061137868,1.0]			#e8e633|;#e3e732|;u=0.3919079409843696	interpolation of emitted quantized endpoints
P027	regression-radial-hsv-base-square-fill	2048	plus	0.169921975	B06_CSS_SERIALIZATION	Measured-output-only	[0.9021194521375614,0.9034976781999388,0.1984631061137868,1.0]			#e8e633|;#e3e732|;u=0.3919079409843696	#e8e633|;#e3e732|;u=0.3919079409843696
P027	regression-radial-hsv-base-square-fill	2048	plus	0.169921975	B07_CSS_REPARSE	Measured-output-only	[0.9021194521375614,0.9034976781999388,0.1984631061137868,1.0]			#e8e633|;#e3e732|;u=0.3919079409843696	#RRGGBB/#RRGGBBAA output parser
P028	regression-radial-hsv-base-square-fill	4096	minus	0.169921775	B01_VANILLA_SAMPLE	Measured	"[""60.02deg"",""78.19%"",""90.82%"",""100%""]"				public components().map(repr)
P028	regression-radial-hsv-base-square-fill	4096	minus	0.169921775	B02_CRYSTALLINE_SAMPLE	Measured	"[""60.02deg"",""78.19%"",""90.82%"",""100%""]"	0			public components().map(repr)
P028	regression-radial-hsv-base-square-fill	4096	minus	0.169921775	B03_TO_RGBA_F32	Unknown	null				public to-rgba unavailable
P028	regression-radial-hsv-base-square-fill	4096	minus	0.169921775	B04_ADAPTIVE_METRIC	Unknown	null				pre-quantized encoded-sRGB tuple unavailable
P028	regression-radial-hsv-base-square-fill	4096	minus	0.169921775	B05_U8_QUANTIZATION	Measured-output-only	[0.9021201304631803,0.9034975425348148,0.19846324177891056,1.0]			#e8e633|;#e3e732|;u=0.39187334637780613	interpolation of emitted quantized endpoints
P028	regression-radial-hsv-base-square-fill	4096	minus	0.169921775	B06_CSS_SERIALIZATION	Measured-output-only	[0.9021201304631803,0.9034975425348148,0.19846324177891056,1.0]			#e8e633|;#e3e732|;u=0.39187334637780613	#e8e633|;#e3e732|;u=0.39187334637780613
P028	regression-radial-hsv-base-square-fill	4096	minus	0.169921775	B07_CSS_REPARSE	Measured-output-only	[0.9021201304631803,0.9034975425348148,0.19846324177891056,1.0]			#e8e633|;#e3e732|;u=0.39187334637780613	#RRGGBB/#RRGGBBAA output parser
P028	regression-radial-hsv-base-square-fill	4096	exact	0.169921875	B01_VANILLA_SAMPLE	Measured	"[""60.02deg"",""78.19%"",""90.82%"",""100%""]"				public components().map(repr)
P028	regression-radial-hsv-base-square-fill	4096	exact	0.169921875	B02_CRYSTALLINE_SAMPLE	Measured	"[""60.02deg"",""78.19%"",""90.82%"",""100%""]"	0			public components().map(repr)
P028	regression-radial-hsv-base-square-fill	4096	exact	0.169921875	B03_TO_RGBA_F32	Unknown	null				public to-rgba unavailable
P028	regression-radial-hsv-base-square-fill	4096	exact	0.169921875	B04_ADAPTIVE_METRIC	Unknown	null				pre-quantized encoded-sRGB tuple unavailable
P028	regression-radial-hsv-base-square-fill	4096	exact	0.169921875	B05_U8_QUANTIZATION	Measured-output-only	[0.9021197913003708,0.9034976103673769,0.1984631739463487,1.0]			#e8e633|;#e3e732|;u=0.39189064368108789	interpolation of emitted quantized endpoints
P028	regression-radial-hsv-base-square-fill	4096	exact	0.169921875	B06_CSS_SERIALIZATION	Measured-output-only	[0.9021197913003708,0.9034976103673769,0.1984631739463487,1.0]			#e8e633|;#e3e732|;u=0.39189064368108789	#e8e633|;#e3e732|;u=0.39189064368108789
P028	regression-radial-hsv-base-square-fill	4096	exact	0.169921875	B07_CSS_REPARSE	Measured-output-only	[0.9021197913003708,0.9034976103673769,0.1984631739463487,1.0]			#e8e633|;#e3e732|;u=0.39189064368108789	#RRGGBB/#RRGGBBAA output parser
P028	regression-radial-hsv-base-square-fill	4096	plus	0.169921975	B01_VANILLA_SAMPLE	Measured	"[""60.02deg"",""78.19%"",""90.82%"",""100%""]"				public components().map(repr)
P028	regression-radial-hsv-base-square-fill	4096	plus	0.169921975	B02_CRYSTALLINE_SAMPLE	Measured	"[""60.02deg"",""78.19%"",""90.82%"",""100%""]"	0			public components().map(repr)
P028	regression-radial-hsv-base-square-fill	4096	plus	0.169921975	B03_TO_RGBA_F32	Unknown	null				public to-rgba unavailable
P028	regression-radial-hsv-base-square-fill	4096	plus	0.169921975	B04_ADAPTIVE_METRIC	Unknown	null				pre-quantized encoded-sRGB tuple unavailable
P028	regression-radial-hsv-base-square-fill	4096	plus	0.169921975	B05_U8_QUANTIZATION	Measured-output-only	[0.9021194521375614,0.9034976781999388,0.1984631061137868,1.0]			#e8e633|;#e3e732|;u=0.3919079409843696	interpolation of emitted quantized endpoints
P028	regression-radial-hsv-base-square-fill	4096	plus	0.169921975	B06_CSS_SERIALIZATION	Measured-output-only	[0.9021194521375614,0.9034976781999388,0.1984631061137868,1.0]			#e8e633|;#e3e732|;u=0.3919079409843696	#e8e633|;#e3e732|;u=0.3919079409843696
P028	regression-radial-hsv-base-square-fill	4096	plus	0.169921975	B07_CSS_REPARSE	Measured-output-only	[0.9021194521375614,0.9034976781999388,0.1984631061137868,1.0]			#e8e633|;#e3e732|;u=0.3919079409843696	#RRGGBB/#RRGGBBAA output parser
P029	regression-radial-hsv-coincident-tall-fill	2048	minus	0.65527333750000005	B01_VANILLA_SAMPLE	Measured	"[""179.97deg"",""92.23%"",""83.34%"",""100%""]"				public components().map(repr)
P029	regression-radial-hsv-coincident-tall-fill	2048	minus	0.65527333750000005	B02_CRYSTALLINE_SAMPLE	Measured	"[""179.97deg"",""92.23%"",""83.34%"",""100%""]"	0			public components().map(repr)
P029	regression-radial-hsv-coincident-tall-fill	2048	minus	0.65527333750000005	B03_TO_RGBA_F32	Unknown	null				public to-rgba unavailable
P029	regression-radial-hsv-coincident-tall-fill	2048	minus	0.65527333750000005	B04_ADAPTIVE_METRIC	Unknown	null				pre-quantized encoded-sRGB tuple unavailable
P029	regression-radial-hsv-coincident-tall-fill	2048	minus	0.65527333750000005	B05_U8_QUANTIZATION	Measured-output-only	[0.06299022117647057,0.8313725490196079,0.8341910635294119,1.0]			#12d4cc|;#10d4d5|;u=0.96874680000000168	interpolation of emitted quantized endpoints
P029	regression-radial-hsv-coincident-tall-fill	2048	minus	0.65527333750000005	B06_CSS_SERIALIZATION	Measured-output-only	[0.06299022117647057,0.8313725490196079,0.8341910635294119,1.0]			#12d4cc|;#10d4d5|;u=0.96874680000000168	#12d4cc|;#10d4d5|;u=0.96874680000000168
P029	regression-radial-hsv-coincident-tall-fill	2048	minus	0.65527333750000005	B07_CSS_REPARSE	Measured-output-only	[0.06299022117647057,0.8313725490196079,0.8341910635294119,1.0]			#12d4cc|;#10d4d5|;u=0.96874680000000168	#RRGGBB/#RRGGBBAA output parser
P029	regression-radial-hsv-coincident-tall-fill	2048	exact	0.6552734375	B01_VANILLA_SAMPLE	Measured	"[""179.97deg"",""92.23%"",""83.34%"",""100%""]"				public components().map(repr)
P029	regression-radial-hsv-coincident-tall-fill	2048	exact	0.6552734375	B02_CRYSTALLINE_SAMPLE	Measured	"[""179.97deg"",""92.23%"",""83.34%"",""100%""]"	0			public components().map(repr)
P029	regression-radial-hsv-coincident-tall-fill	2048	exact	0.6552734375	B03_TO_RGBA_F32	Unknown	null				public to-rgba unavailable
P029	regression-radial-hsv-coincident-tall-fill	2048	exact	0.6552734375	B04_ADAPTIVE_METRIC	Unknown	null				pre-quantized encoded-sRGB tuple unavailable
P029	regression-radial-hsv-coincident-tall-fill	2048	exact	0.6552734375	B05_U8_QUANTIZATION	Measured-output-only	[0.06299019607843137,0.8313725490196079,0.8341911764705883,1.0]			#12d4cc|;#10d4d5|;u=0.96875	interpolation of emitted quantized endpoints
P029	regression-radial-hsv-coincident-tall-fill	2048	exact	0.6552734375	B06_CSS_SERIALIZATION	Measured-output-only	[0.06299019607843137,0.8313725490196079,0.8341911764705883,1.0]			#12d4cc|;#10d4d5|;u=0.96875	#12d4cc|;#10d4d5|;u=0.96875
P029	regression-radial-hsv-coincident-tall-fill	2048	exact	0.6552734375	B07_CSS_REPARSE	Measured-output-only	[0.06299019607843137,0.8313725490196079,0.8341911764705883,1.0]			#12d4cc|;#10d4d5|;u=0.96875	#RRGGBB/#RRGGBBAA output parser
P029	regression-radial-hsv-coincident-tall-fill	2048	plus	0.65527353749999995	B01_VANILLA_SAMPLE	Measured	"[""179.97deg"",""92.23%"",""83.34%"",""100%""]"				public components().map(repr)
P029	regression-radial-hsv-coincident-tall-fill	2048	plus	0.65527353749999995	B02_CRYSTALLINE_SAMPLE	Measured	"[""179.97deg"",""92.23%"",""83.34%"",""100%""]"	0			public components().map(repr)
P029	regression-radial-hsv-coincident-tall-fill	2048	plus	0.65527353749999995	B03_TO_RGBA_F32	Unknown	null				public to-rgba unavailable
P029	regression-radial-hsv-coincident-tall-fill	2048	plus	0.65527353749999995	B04_ADAPTIVE_METRIC	Unknown	null				pre-quantized encoded-sRGB tuple unavailable
P029	regression-radial-hsv-coincident-tall-fill	2048	plus	0.65527353749999995	B05_U8_QUANTIZATION	Measured-output-only	[0.06299017098039217,0.8313725490196079,0.8341912894117647,1.0]			#12d4cc|;#10d4d5|;u=0.96875319999999832	interpolation of emitted quantized endpoints
P029	regression-radial-hsv-coincident-tall-fill	2048	plus	0.65527353749999995	B06_CSS_SERIALIZATION	Measured-output-only	[0.06299017098039217,0.8313725490196079,0.8341912894117647,1.0]			#12d4cc|;#10d4d5|;u=0.96875319999999832	#12d4cc|;#10d4d5|;u=0.96875319999999832
P029	regression-radial-hsv-coincident-tall-fill	2048	plus	0.65527353749999995	B07_CSS_REPARSE	Measured-output-only	[0.06299017098039217,0.8313725490196079,0.8341912894117647,1.0]			#12d4cc|;#10d4d5|;u=0.96875319999999832	#RRGGBB/#RRGGBBAA output parser
P030	regression-radial-hsv-coincident-tall-fill	4096	minus	0.65551747812500005	B01_VANILLA_SAMPLE	Measured	"[""179.99deg"",""92.23%"",""83.34%"",""100%""]"				public components().map(repr)
P030	regression-radial-hsv-coincident-tall-fill	4096	minus	0.65551747812500005	B02_CRYSTALLINE_SAMPLE	Measured	"[""179.99deg"",""92.23%"",""83.34%"",""100%""]"	0			public components().map(repr)
P030	regression-radial-hsv-coincident-tall-fill	4096	minus	0.65551747812500005	B03_TO_RGBA_F32	Unknown	null				public to-rgba unavailable
P030	regression-radial-hsv-coincident-tall-fill	4096	minus	0.65551747812500005	B04_ADAPTIVE_METRIC	Unknown	null				pre-quantized encoded-sRGB tuple unavailable
P030	regression-radial-hsv-coincident-tall-fill	4096	minus	0.65551747812500005	B05_U8_QUANTIZATION	Measured-output-only	[0.06292894666666665,0.8313725490196079,0.8344667988235296,1.0]			#12d4cc|;#10d4d5|;u=0.97655930000000168	interpolation of emitted quantized endpoints
P030	regression-radial-hsv-coincident-tall-fill	4096	minus	0.65551747812500005	B06_CSS_SERIALIZATION	Measured-output-only	[0.06292894666666665,0.8313725490196079,0.8344667988235296,1.0]			#12d4cc|;#10d4d5|;u=0.97655930000000168	#12d4cc|;#10d4d5|;u=0.97655930000000168
P030	regression-radial-hsv-coincident-tall-fill	4096	minus	0.65551747812500005	B07_CSS_REPARSE	Measured-output-only	[0.06292894666666665,0.8313725490196079,0.8344667988235296,1.0]			#12d4cc|;#10d4d5|;u=0.97655930000000168	#RRGGBB/#RRGGBBAA output parser
P030	regression-radial-hsv-coincident-tall-fill	4096	exact	0.655517578125	B01_VANILLA_SAMPLE	Measured	"[""179.99deg"",""92.23%"",""83.34%"",""100%""]"				public components().map(repr)
P030	regression-radial-hsv-coincident-tall-fill	4096	exact	0.655517578125	B02_CRYSTALLINE_SAMPLE	Measured	"[""179.99deg"",""92.23%"",""83.34%"",""100%""]"	0			public components().map(repr)
P030	regression-radial-hsv-coincident-tall-fill	4096	exact	0.655517578125	B03_TO_RGBA_F32	Unknown	null				public to-rgba unavailable
P030	regression-radial-hsv-coincident-tall-fill	4096	exact	0.655517578125	B04_ADAPTIVE_METRIC	Unknown	null				pre-quantized encoded-sRGB tuple unavailable
P030	regression-radial-hsv-coincident-tall-fill	4096	exact	0.655517578125	B05_U8_QUANTIZATION	Measured-output-only	[0.06292892156862745,0.8313725490196079,0.834466911764706,1.0]			#12d4cc|;#10d4d5|;u=0.9765625	interpolation of emitted quantized endpoints
P030	regression-radial-hsv-coincident-tall-fill	4096	exact	0.655517578125	B06_CSS_SERIALIZATION	Measured-output-only	[0.06292892156862745,0.8313725490196079,0.834466911764706,1.0]			#12d4cc|;#10d4d5|;u=0.9765625	#12d4cc|;#10d4d5|;u=0.9765625
P030	regression-radial-hsv-coincident-tall-fill	4096	exact	0.655517578125	B07_CSS_REPARSE	Measured-output-only	[0.06292892156862745,0.8313725490196079,0.834466911764706,1.0]			#12d4cc|;#10d4d5|;u=0.9765625	#RRGGBB/#RRGGBBAA output parser
P030	regression-radial-hsv-coincident-tall-fill	4096	plus	0.65551767812499995	B01_VANILLA_SAMPLE	Measured	"[""179.99deg"",""92.23%"",""83.34%"",""100%""]"				public components().map(repr)
P030	regression-radial-hsv-coincident-tall-fill	4096	plus	0.65551767812499995	B02_CRYSTALLINE_SAMPLE	Measured	"[""179.99deg"",""92.23%"",""83.34%"",""100%""]"	0			public components().map(repr)
P030	regression-radial-hsv-coincident-tall-fill	4096	plus	0.65551767812499995	B03_TO_RGBA_F32	Unknown	null				public to-rgba unavailable
P030	regression-radial-hsv-coincident-tall-fill	4096	plus	0.65551767812499995	B04_ADAPTIVE_METRIC	Unknown	null				pre-quantized encoded-sRGB tuple unavailable
P030	regression-radial-hsv-coincident-tall-fill	4096	plus	0.65551767812499995	B05_U8_QUANTIZATION	Measured-output-only	[0.06292889647058825,0.8313725490196079,0.8344670247058824,1.0]			#12d4cc|;#10d4d5|;u=0.97656569999999832	interpolation of emitted quantized endpoints
P030	regression-radial-hsv-coincident-tall-fill	4096	plus	0.65551767812499995	B06_CSS_SERIALIZATION	Measured-output-only	[0.06292889647058825,0.8313725490196079,0.8344670247058824,1.0]			#12d4cc|;#10d4d5|;u=0.97656569999999832	#12d4cc|;#10d4d5|;u=0.97656569999999832
P030	regression-radial-hsv-coincident-tall-fill	4096	plus	0.65551767812499995	B07_CSS_REPARSE	Measured-output-only	[0.06292889647058825,0.8313725490196079,0.8344670247058824,1.0]			#12d4cc|;#10d4d5|;u=0.97656569999999832	#RRGGBB/#RRGGBBAA output parser
