pair	scenario	t	system	argv	binary_sha256	exit_status	stdout_sha256	stderr_sha256
Linear/Hsl	alpha-first	0.000000000000	crystalline	"[""target/debug/typst"",""eval"",""--format"",""json"",""repr((gradient.linear((rgb(255,0,43).transparentize(60%),0%),(rgb(255,43,0),100%),space:color.hsl,angle:0deg)).sample(0.000000000000%).components(alpha:true))""]"	aae068f1d1d22b3e533158291e2bb69256d53a9421b7a6bcbfa26db4d35300a1	0	657e43b3e2bf0e88a0fbbb5ba73714cde3eba7a2b8afcf8e5052c16975303082	e3b0c44298fc1c149afbf4c8996fb92427ae41e4649b934ca495991b7852b855
Linear/Hsl	alpha-first	0.000000000000	vanilla	"[""/usr/local/bin/typst"",""eval"",""--format"",""json"",""repr((gradient.linear((rgb(255,0,43).transparentize(60%),0%),(rgb(255,43,0),100%),space:color.hsl,angle:0deg)).sample(0.000000000000%).components(alpha:true))""]"	7b4f40c56d6fa95082ebcfd893e275d418ebcaed1b97b62785f78284c63ff7b8	0	657e43b3e2bf0e88a0fbbb5ba73714cde3eba7a2b8afcf8e5052c16975303082	e3b0c44298fc1c149afbf4c8996fb92427ae41e4649b934ca495991b7852b855
Linear/Hsl	alpha-first	0.000001000000	crystalline	"[""target/debug/typst"",""eval"",""--format"",""json"",""repr((gradient.linear((rgb(255,0,43).transparentize(60%),0%),(rgb(255,43,0),100%),space:color.hsl,angle:0deg)).sample(0.000100000000%).components(alpha:true))""]"	aae068f1d1d22b3e533158291e2bb69256d53a9421b7a6bcbfa26db4d35300a1	0	657e43b3e2bf0e88a0fbbb5ba73714cde3eba7a2b8afcf8e5052c16975303082	e3b0c44298fc1c149afbf4c8996fb92427ae41e4649b934ca495991b7852b855
Linear/Hsl	alpha-first	0.000001000000	vanilla	"[""/usr/local/bin/typst"",""eval"",""--format"",""json"",""repr((gradient.linear((rgb(255,0,43).transparentize(60%),0%),(rgb(255,43,0),100%),space:color.hsl,angle:0deg)).sample(0.000100000000%).components(alpha:true))""]"	7b4f40c56d6fa95082ebcfd893e275d418ebcaed1b97b62785f78284c63ff7b8	0	657e43b3e2bf0e88a0fbbb5ba73714cde3eba7a2b8afcf8e5052c16975303082	e3b0c44298fc1c149afbf4c8996fb92427ae41e4649b934ca495991b7852b855
Linear/Hsl	alpha-first	0.250000000000	crystalline	"[""target/debug/typst"",""eval"",""--format"",""json"",""repr((gradient.linear((rgb(255,0,43).transparentize(60%),0%),(rgb(255,43,0),100%),space:color.hsl,angle:0deg)).sample(25.000000000000%).components(alpha:true))""]"	aae068f1d1d22b3e533158291e2bb69256d53a9421b7a6bcbfa26db4d35300a1	0	b0872b4a586bc7769f9419cde24a0441d50874a2846a022167b63d4a1ae5fb68	e3b0c44298fc1c149afbf4c8996fb92427ae41e4649b934ca495991b7852b855
Linear/Hsl	alpha-first	0.250000000000	vanilla	"[""/usr/local/bin/typst"",""eval"",""--format"",""json"",""repr((gradient.linear((rgb(255,0,43).transparentize(60%),0%),(rgb(255,43,0),100%),space:color.hsl,angle:0deg)).sample(25.000000000000%).components(alpha:true))""]"	7b4f40c56d6fa95082ebcfd893e275d418ebcaed1b97b62785f78284c63ff7b8	0	b0872b4a586bc7769f9419cde24a0441d50874a2846a022167b63d4a1ae5fb68	e3b0c44298fc1c149afbf4c8996fb92427ae41e4649b934ca495991b7852b855
Linear/Hsl	alpha-first	0.500000000000	crystalline	"[""target/debug/typst"",""eval"",""--format"",""json"",""repr((gradient.linear((rgb(255,0,43).transparentize(60%),0%),(rgb(255,43,0),100%),space:color.hsl,angle:0deg)).sample(50.000000000000%).components(alpha:true))""]"	aae068f1d1d22b3e533158291e2bb69256d53a9421b7a6bcbfa26db4d35300a1	0	913bd3feaed31e95e9b0176426028a65111248d459b64f47e6e56c0a842082bd	e3b0c44298fc1c149afbf4c8996fb92427ae41e4649b934ca495991b7852b855
Linear/Hsl	alpha-first	0.500000000000	vanilla	"[""/usr/local/bin/typst"",""eval"",""--format"",""json"",""repr((gradient.linear((rgb(255,0,43).transparentize(60%),0%),(rgb(255,43,0),100%),space:color.hsl,angle:0deg)).sample(50.000000000000%).components(alpha:true))""]"	7b4f40c56d6fa95082ebcfd893e275d418ebcaed1b97b62785f78284c63ff7b8	0	913bd3feaed31e95e9b0176426028a65111248d459b64f47e6e56c0a842082bd	e3b0c44298fc1c149afbf4c8996fb92427ae41e4649b934ca495991b7852b855
Linear/Hsl	alpha-first	0.750000000000	crystalline	"[""target/debug/typst"",""eval"",""--format"",""json"",""repr((gradient.linear((rgb(255,0,43).transparentize(60%),0%),(rgb(255,43,0),100%),space:color.hsl,angle:0deg)).sample(75.000000000000%).components(alpha:true))""]"	aae068f1d1d22b3e533158291e2bb69256d53a9421b7a6bcbfa26db4d35300a1	0	baca2f477722325be73c6e478669bfe4229fe0db1be0517ebdc8eb2bf1c79b28	e3b0c44298fc1c149afbf4c8996fb92427ae41e4649b934ca495991b7852b855
Linear/Hsl	alpha-first	0.750000000000	vanilla	"[""/usr/local/bin/typst"",""eval"",""--format"",""json"",""repr((gradient.linear((rgb(255,0,43).transparentize(60%),0%),(rgb(255,43,0),100%),space:color.hsl,angle:0deg)).sample(75.000000000000%).components(alpha:true))""]"	7b4f40c56d6fa95082ebcfd893e275d418ebcaed1b97b62785f78284c63ff7b8	0	baca2f477722325be73c6e478669bfe4229fe0db1be0517ebdc8eb2bf1c79b28	e3b0c44298fc1c149afbf4c8996fb92427ae41e4649b934ca495991b7852b855
Linear/Hsl	alpha-first	0.999999000000	crystalline	"[""target/debug/typst"",""eval"",""--format"",""json"",""repr((gradient.linear((rgb(255,0,43).transparentize(60%),0%),(rgb(255,43,0),100%),space:color.hsl,angle:0deg)).sample(99.999900000000%).components(alpha:true))""]"	aae068f1d1d22b3e533158291e2bb69256d53a9421b7a6bcbfa26db4d35300a1	0	58f7624ecdea72513b1808603047f3777f063741269000af6953d395af4ae4b7	e3b0c44298fc1c149afbf4c8996fb92427ae41e4649b934ca495991b7852b855
Linear/Hsl	alpha-first	0.999999000000	vanilla	"[""/usr/local/bin/typst"",""eval"",""--format"",""json"",""repr((gradient.linear((rgb(255,0,43).transparentize(60%),0%),(rgb(255,43,0),100%),space:color.hsl,angle:0deg)).sample(99.999900000000%).components(alpha:true))""]"	7b4f40c56d6fa95082ebcfd893e275d418ebcaed1b97b62785f78284c63ff7b8	0	58f7624ecdea72513b1808603047f3777f063741269000af6953d395af4ae4b7	e3b0c44298fc1c149afbf4c8996fb92427ae41e4649b934ca495991b7852b855
Linear/Hsl	alpha-first	1.000000000000	crystalline	"[""target/debug/typst"",""eval"",""--format"",""json"",""repr((gradient.linear((rgb(255,0,43).transparentize(60%),0%),(rgb(255,43,0),100%),space:color.hsl,angle:0deg)).sample(100.000000000000%).components(alpha:true))""]"	aae068f1d1d22b3e533158291e2bb69256d53a9421b7a6bcbfa26db4d35300a1	0	58f7624ecdea72513b1808603047f3777f063741269000af6953d395af4ae4b7	e3b0c44298fc1c149afbf4c8996fb92427ae41e4649b934ca495991b7852b855
Linear/Hsl	alpha-first	1.000000000000	vanilla	"[""/usr/local/bin/typst"",""eval"",""--format"",""json"",""repr((gradient.linear((rgb(255,0,43).transparentize(60%),0%),(rgb(255,43,0),100%),space:color.hsl,angle:0deg)).sample(100.000000000000%).components(alpha:true))""]"	7b4f40c56d6fa95082ebcfd893e275d418ebcaed1b97b62785f78284c63ff7b8	0	58f7624ecdea72513b1808603047f3777f063741269000af6953d395af4ae4b7	e3b0c44298fc1c149afbf4c8996fb92427ae41e4649b934ca495991b7852b855
Linear/Hsl	alpha-last	0.000000000000	crystalline	"[""target/debug/typst"",""eval"",""--format"",""json"",""repr((gradient.linear((rgb(255,0,43),0%),(rgb(255,43,0).transparentize(60%),100%),space:color.hsl,angle:0deg)).sample(0.000000000000%).components(alpha:true))""]"	aae068f1d1d22b3e533158291e2bb69256d53a9421b7a6bcbfa26db4d35300a1	0	ad69dda2d14b1135a4adde0d8f9007ba70e46b33f07085f99cc6d9c320ffaee0	e3b0c44298fc1c149afbf4c8996fb92427ae41e4649b934ca495991b7852b855
Linear/Hsl	alpha-last	0.000000000000	vanilla	"[""/usr/local/bin/typst"",""eval"",""--format"",""json"",""repr((gradient.linear((rgb(255,0,43),0%),(rgb(255,43,0).transparentize(60%),100%),space:color.hsl,angle:0deg)).sample(0.000000000000%).components(alpha:true))""]"	7b4f40c56d6fa95082ebcfd893e275d418ebcaed1b97b62785f78284c63ff7b8	0	ad69dda2d14b1135a4adde0d8f9007ba70e46b33f07085f99cc6d9c320ffaee0	e3b0c44298fc1c149afbf4c8996fb92427ae41e4649b934ca495991b7852b855
Linear/Hsl	alpha-last	0.000001000000	crystalline	"[""target/debug/typst"",""eval"",""--format"",""json"",""repr((gradient.linear((rgb(255,0,43),0%),(rgb(255,43,0).transparentize(60%),100%),space:color.hsl,angle:0deg)).sample(0.000100000000%).components(alpha:true))""]"	aae068f1d1d22b3e533158291e2bb69256d53a9421b7a6bcbfa26db4d35300a1	0	ad69dda2d14b1135a4adde0d8f9007ba70e46b33f07085f99cc6d9c320ffaee0	e3b0c44298fc1c149afbf4c8996fb92427ae41e4649b934ca495991b7852b855
Linear/Hsl	alpha-last	0.000001000000	vanilla	"[""/usr/local/bin/typst"",""eval"",""--format"",""json"",""repr((gradient.linear((rgb(255,0,43),0%),(rgb(255,43,0).transparentize(60%),100%),space:color.hsl,angle:0deg)).sample(0.000100000000%).components(alpha:true))""]"	7b4f40c56d6fa95082ebcfd893e275d418ebcaed1b97b62785f78284c63ff7b8	0	ad69dda2d14b1135a4adde0d8f9007ba70e46b33f07085f99cc6d9c320ffaee0	e3b0c44298fc1c149afbf4c8996fb92427ae41e4649b934ca495991b7852b855
Linear/Hsl	alpha-last	0.250000000000	crystalline	"[""target/debug/typst"",""eval"",""--format"",""json"",""repr((gradient.linear((rgb(255,0,43),0%),(rgb(255,43,0).transparentize(60%),100%),space:color.hsl,angle:0deg)).sample(25.000000000000%).components(alpha:true))""]"	aae068f1d1d22b3e533158291e2bb69256d53a9421b7a6bcbfa26db4d35300a1	0	9b66c503a2bdfe7b2f888f663a81a30e7ca8ca14c69f2fe5bbc2fa8fd20e90a0	e3b0c44298fc1c149afbf4c8996fb92427ae41e4649b934ca495991b7852b855
Linear/Hsl	alpha-last	0.250000000000	vanilla	"[""/usr/local/bin/typst"",""eval"",""--format"",""json"",""repr((gradient.linear((rgb(255,0,43),0%),(rgb(255,43,0).transparentize(60%),100%),space:color.hsl,angle:0deg)).sample(25.000000000000%).components(alpha:true))""]"	7b4f40c56d6fa95082ebcfd893e275d418ebcaed1b97b62785f78284c63ff7b8	0	9b66c503a2bdfe7b2f888f663a81a30e7ca8ca14c69f2fe5bbc2fa8fd20e90a0	e3b0c44298fc1c149afbf4c8996fb92427ae41e4649b934ca495991b7852b855
Linear/Hsl	alpha-last	0.500000000000	crystalline	"[""target/debug/typst"",""eval"",""--format"",""json"",""repr((gradient.linear((rgb(255,0,43),0%),(rgb(255,43,0).transparentize(60%),100%),space:color.hsl,angle:0deg)).sample(50.000000000000%).components(alpha:true))""]"	aae068f1d1d22b3e533158291e2bb69256d53a9421b7a6bcbfa26db4d35300a1	0	913bd3feaed31e95e9b0176426028a65111248d459b64f47e6e56c0a842082bd	e3b0c44298fc1c149afbf4c8996fb92427ae41e4649b934ca495991b7852b855
Linear/Hsl	alpha-last	0.500000000000	vanilla	"[""/usr/local/bin/typst"",""eval"",""--format"",""json"",""repr((gradient.linear((rgb(255,0,43),0%),(rgb(255,43,0).transparentize(60%),100%),space:color.hsl,angle:0deg)).sample(50.000000000000%).components(alpha:true))""]"	7b4f40c56d6fa95082ebcfd893e275d418ebcaed1b97b62785f78284c63ff7b8	0	913bd3feaed31e95e9b0176426028a65111248d459b64f47e6e56c0a842082bd	e3b0c44298fc1c149afbf4c8996fb92427ae41e4649b934ca495991b7852b855
Linear/Hsl	alpha-last	0.750000000000	crystalline	"[""target/debug/typst"",""eval"",""--format"",""json"",""repr((gradient.linear((rgb(255,0,43),0%),(rgb(255,43,0).transparentize(60%),100%),space:color.hsl,angle:0deg)).sample(75.000000000000%).components(alpha:true))""]"	aae068f1d1d22b3e533158291e2bb69256d53a9421b7a6bcbfa26db4d35300a1	0	23adbd49aa0c647d7534276c753e9b672076f4d4d539f77fcb75288d77950dec	e3b0c44298fc1c149afbf4c8996fb92427ae41e4649b934ca495991b7852b855
Linear/Hsl	alpha-last	0.750000000000	vanilla	"[""/usr/local/bin/typst"",""eval"",""--format"",""json"",""repr((gradient.linear((rgb(255,0,43),0%),(rgb(255,43,0).transparentize(60%),100%),space:color.hsl,angle:0deg)).sample(75.000000000000%).components(alpha:true))""]"	7b4f40c56d6fa95082ebcfd893e275d418ebcaed1b97b62785f78284c63ff7b8	0	23adbd49aa0c647d7534276c753e9b672076f4d4d539f77fcb75288d77950dec	e3b0c44298fc1c149afbf4c8996fb92427ae41e4649b934ca495991b7852b855
Linear/Hsl	alpha-last	0.999999000000	crystalline	"[""target/debug/typst"",""eval"",""--format"",""json"",""repr((gradient.linear((rgb(255,0,43),0%),(rgb(255,43,0).transparentize(60%),100%),space:color.hsl,angle:0deg)).sample(99.999900000000%).components(alpha:true))""]"	aae068f1d1d22b3e533158291e2bb69256d53a9421b7a6bcbfa26db4d35300a1	0	aea1e262b184c6689f80c93f8c1e1cc9417257abb1d3cfd370486e22fbe602c0	e3b0c44298fc1c149afbf4c8996fb92427ae41e4649b934ca495991b7852b855
Linear/Hsl	alpha-last	0.999999000000	vanilla	"[""/usr/local/bin/typst"",""eval"",""--format"",""json"",""repr((gradient.linear((rgb(255,0,43),0%),(rgb(255,43,0).transparentize(60%),100%),space:color.hsl,angle:0deg)).sample(99.999900000000%).components(alpha:true))""]"	7b4f40c56d6fa95082ebcfd893e275d418ebcaed1b97b62785f78284c63ff7b8	0	aea1e262b184c6689f80c93f8c1e1cc9417257abb1d3cfd370486e22fbe602c0	e3b0c44298fc1c149afbf4c8996fb92427ae41e4649b934ca495991b7852b855
Linear/Hsl	alpha-last	1.000000000000	crystalline	"[""target/debug/typst"",""eval"",""--format"",""json"",""repr((gradient.linear((rgb(255,0,43),0%),(rgb(255,43,0).transparentize(60%),100%),space:color.hsl,angle:0deg)).sample(100.000000000000%).components(alpha:true))""]"	aae068f1d1d22b3e533158291e2bb69256d53a9421b7a6bcbfa26db4d35300a1	0	aea1e262b184c6689f80c93f8c1e1cc9417257abb1d3cfd370486e22fbe602c0	e3b0c44298fc1c149afbf4c8996fb92427ae41e4649b934ca495991b7852b855
Linear/Hsl	alpha-last	1.000000000000	vanilla	"[""/usr/local/bin/typst"",""eval"",""--format"",""json"",""repr((gradient.linear((rgb(255,0,43),0%),(rgb(255,43,0).transparentize(60%),100%),space:color.hsl,angle:0deg)).sample(100.000000000000%).components(alpha:true))""]"	7b4f40c56d6fa95082ebcfd893e275d418ebcaed1b97b62785f78284c63ff7b8	0	aea1e262b184c6689f80c93f8c1e1cc9417257abb1d3cfd370486e22fbe602c0	e3b0c44298fc1c149afbf4c8996fb92427ae41e4649b934ca495991b7852b855
Linear/Hsl	low-chroma	0.000000000000	crystalline	"[""target/debug/typst"",""eval"",""--format"",""json"",""repr((gradient.linear((rgb(128,128,128),0%),(rgb(255,43,0),100%),space:color.hsl,angle:0deg)).sample(0.000000000000%).components(alpha:true))""]"	aae068f1d1d22b3e533158291e2bb69256d53a9421b7a6bcbfa26db4d35300a1	0	06ca4eecf46e5363abfbda10acf8e10afb0cdc06e34071ac198d2ff93d991817	e3b0c44298fc1c149afbf4c8996fb92427ae41e4649b934ca495991b7852b855
Linear/Hsl	low-chroma	0.000000000000	vanilla	"[""/usr/local/bin/typst"",""eval"",""--format"",""json"",""repr((gradient.linear((rgb(128,128,128),0%),(rgb(255,43,0),100%),space:color.hsl,angle:0deg)).sample(0.000000000000%).components(alpha:true))""]"	7b4f40c56d6fa95082ebcfd893e275d418ebcaed1b97b62785f78284c63ff7b8	0	06ca4eecf46e5363abfbda10acf8e10afb0cdc06e34071ac198d2ff93d991817	e3b0c44298fc1c149afbf4c8996fb92427ae41e4649b934ca495991b7852b855
Linear/Hsl	low-chroma	0.000001000000	crystalline	"[""target/debug/typst"",""eval"",""--format"",""json"",""repr((gradient.linear((rgb(128,128,128),0%),(rgb(255,43,0),100%),space:color.hsl,angle:0deg)).sample(0.000100000000%).components(alpha:true))""]"	aae068f1d1d22b3e533158291e2bb69256d53a9421b7a6bcbfa26db4d35300a1	0	06ca4eecf46e5363abfbda10acf8e10afb0cdc06e34071ac198d2ff93d991817	e3b0c44298fc1c149afbf4c8996fb92427ae41e4649b934ca495991b7852b855
Linear/Hsl	low-chroma	0.000001000000	vanilla	"[""/usr/local/bin/typst"",""eval"",""--format"",""json"",""repr((gradient.linear((rgb(128,128,128),0%),(rgb(255,43,0),100%),space:color.hsl,angle:0deg)).sample(0.000100000000%).components(alpha:true))""]"	7b4f40c56d6fa95082ebcfd893e275d418ebcaed1b97b62785f78284c63ff7b8	0	06ca4eecf46e5363abfbda10acf8e10afb0cdc06e34071ac198d2ff93d991817	e3b0c44298fc1c149afbf4c8996fb92427ae41e4649b934ca495991b7852b855
Linear/Hsl	low-chroma	0.250000000000	crystalline	"[""target/debug/typst"",""eval"",""--format"",""json"",""repr((gradient.linear((rgb(128,128,128),0%),(rgb(255,43,0),100%),space:color.hsl,angle:0deg)).sample(25.000000000000%).components(alpha:true))""]"	aae068f1d1d22b3e533158291e2bb69256d53a9421b7a6bcbfa26db4d35300a1	0	9e91febc44055b3657e5124a4d6a479b2c96c0a59ec8fb302582ba6a309bf45c	e3b0c44298fc1c149afbf4c8996fb92427ae41e4649b934ca495991b7852b855
Linear/Hsl	low-chroma	0.250000000000	vanilla	"[""/usr/local/bin/typst"",""eval"",""--format"",""json"",""repr((gradient.linear((rgb(128,128,128),0%),(rgb(255,43,0),100%),space:color.hsl,angle:0deg)).sample(25.000000000000%).components(alpha:true))""]"	7b4f40c56d6fa95082ebcfd893e275d418ebcaed1b97b62785f78284c63ff7b8	0	9e91febc44055b3657e5124a4d6a479b2c96c0a59ec8fb302582ba6a309bf45c	e3b0c44298fc1c149afbf4c8996fb92427ae41e4649b934ca495991b7852b855
Linear/Hsl	low-chroma	0.500000000000	crystalline	"[""target/debug/typst"",""eval"",""--format"",""json"",""repr((gradient.linear((rgb(128,128,128),0%),(rgb(255,43,0),100%),space:color.hsl,angle:0deg)).sample(50.000000000000%).components(alpha:true))""]"	aae068f1d1d22b3e533158291e2bb69256d53a9421b7a6bcbfa26db4d35300a1	0	e713aeec6d261fa50266768e81a85bfa20ce2736da1c27860c9c66f7f189051c	e3b0c44298fc1c149afbf4c8996fb92427ae41e4649b934ca495991b7852b855
Linear/Hsl	low-chroma	0.500000000000	vanilla	"[""/usr/local/bin/typst"",""eval"",""--format"",""json"",""repr((gradient.linear((rgb(128,128,128),0%),(rgb(255,43,0),100%),space:color.hsl,angle:0deg)).sample(50.000000000000%).components(alpha:true))""]"	7b4f40c56d6fa95082ebcfd893e275d418ebcaed1b97b62785f78284c63ff7b8	0	e713aeec6d261fa50266768e81a85bfa20ce2736da1c27860c9c66f7f189051c	e3b0c44298fc1c149afbf4c8996fb92427ae41e4649b934ca495991b7852b855
Linear/Hsl	low-chroma	0.750000000000	crystalline	"[""target/debug/typst"",""eval"",""--format"",""json"",""repr((gradient.linear((rgb(128,128,128),0%),(rgb(255,43,0),100%),space:color.hsl,angle:0deg)).sample(75.000000000000%).components(alpha:true))""]"	aae068f1d1d22b3e533158291e2bb69256d53a9421b7a6bcbfa26db4d35300a1	0	6551f66ea0d8831cfca5e313e543e259f1e0c94dbfb4fc0844d6dd841e7eadb2	e3b0c44298fc1c149afbf4c8996fb92427ae41e4649b934ca495991b7852b855
Linear/Hsl	low-chroma	0.750000000000	vanilla	"[""/usr/local/bin/typst"",""eval"",""--format"",""json"",""repr((gradient.linear((rgb(128,128,128),0%),(rgb(255,43,0),100%),space:color.hsl,angle:0deg)).sample(75.000000000000%).components(alpha:true))""]"	7b4f40c56d6fa95082ebcfd893e275d418ebcaed1b97b62785f78284c63ff7b8	0	6551f66ea0d8831cfca5e313e543e259f1e0c94dbfb4fc0844d6dd841e7eadb2	e3b0c44298fc1c149afbf4c8996fb92427ae41e4649b934ca495991b7852b855
Linear/Hsl	low-chroma	0.999999000000	crystalline	"[""target/debug/typst"",""eval"",""--format"",""json"",""repr((gradient.linear((rgb(128,128,128),0%),(rgb(255,43,0),100%),space:color.hsl,angle:0deg)).sample(99.999900000000%).components(alpha:true))""]"	aae068f1d1d22b3e533158291e2bb69256d53a9421b7a6bcbfa26db4d35300a1	0	58f7624ecdea72513b1808603047f3777f063741269000af6953d395af4ae4b7	e3b0c44298fc1c149afbf4c8996fb92427ae41e4649b934ca495991b7852b855
Linear/Hsl	low-chroma	0.999999000000	vanilla	"[""/usr/local/bin/typst"",""eval"",""--format"",""json"",""repr((gradient.linear((rgb(128,128,128),0%),(rgb(255,43,0),100%),space:color.hsl,angle:0deg)).sample(99.999900000000%).components(alpha:true))""]"	7b4f40c56d6fa95082ebcfd893e275d418ebcaed1b97b62785f78284c63ff7b8	0	58f7624ecdea72513b1808603047f3777f063741269000af6953d395af4ae4b7	e3b0c44298fc1c149afbf4c8996fb92427ae41e4649b934ca495991b7852b855
Linear/Hsl	low-chroma	1.000000000000	crystalline	"[""target/debug/typst"",""eval"",""--format"",""json"",""repr((gradient.linear((rgb(128,128,128),0%),(rgb(255,43,0),100%),space:color.hsl,angle:0deg)).sample(100.000000000000%).components(alpha:true))""]"	aae068f1d1d22b3e533158291e2bb69256d53a9421b7a6bcbfa26db4d35300a1	0	58f7624ecdea72513b1808603047f3777f063741269000af6953d395af4ae4b7	e3b0c44298fc1c149afbf4c8996fb92427ae41e4649b934ca495991b7852b855
Linear/Hsl	low-chroma	1.000000000000	vanilla	"[""/usr/local/bin/typst"",""eval"",""--format"",""json"",""repr((gradient.linear((rgb(128,128,128),0%),(rgb(255,43,0),100%),space:color.hsl,angle:0deg)).sample(100.000000000000%).components(alpha:true))""]"	7b4f40c56d6fa95082ebcfd893e275d418ebcaed1b97b62785f78284c63ff7b8	0	58f7624ecdea72513b1808603047f3777f063741269000af6953d395af4ae4b7	e3b0c44298fc1c149afbf4c8996fb92427ae41e4649b934ca495991b7852b855
Linear/Hsl	no-wrap	0.000000000000	crystalline	"[""target/debug/typst"",""eval"",""--format"",""json"",""repr((gradient.linear((rgb(255,128,0),0%),(rgb(0,255,128),100%),space:color.hsl,angle:0deg)).sample(0.000000000000%).components(alpha:true))""]"	aae068f1d1d22b3e533158291e2bb69256d53a9421b7a6bcbfa26db4d35300a1	0	b24916dd456dce4ee7703585483fdf354991f0e6813d67f4eaa3c6d797a0c3a4	e3b0c44298fc1c149afbf4c8996fb92427ae41e4649b934ca495991b7852b855
Linear/Hsl	no-wrap	0.000000000000	vanilla	"[""/usr/local/bin/typst"",""eval"",""--format"",""json"",""repr((gradient.linear((rgb(255,128,0),0%),(rgb(0,255,128),100%),space:color.hsl,angle:0deg)).sample(0.000000000000%).components(alpha:true))""]"	7b4f40c56d6fa95082ebcfd893e275d418ebcaed1b97b62785f78284c63ff7b8	0	b24916dd456dce4ee7703585483fdf354991f0e6813d67f4eaa3c6d797a0c3a4	e3b0c44298fc1c149afbf4c8996fb92427ae41e4649b934ca495991b7852b855
Linear/Hsl	no-wrap	0.000001000000	crystalline	"[""target/debug/typst"",""eval"",""--format"",""json"",""repr((gradient.linear((rgb(255,128,0),0%),(rgb(0,255,128),100%),space:color.hsl,angle:0deg)).sample(0.000100000000%).components(alpha:true))""]"	aae068f1d1d22b3e533158291e2bb69256d53a9421b7a6bcbfa26db4d35300a1	0	b24916dd456dce4ee7703585483fdf354991f0e6813d67f4eaa3c6d797a0c3a4	e3b0c44298fc1c149afbf4c8996fb92427ae41e4649b934ca495991b7852b855
Linear/Hsl	no-wrap	0.000001000000	vanilla	"[""/usr/local/bin/typst"",""eval"",""--format"",""json"",""repr((gradient.linear((rgb(255,128,0),0%),(rgb(0,255,128),100%),space:color.hsl,angle:0deg)).sample(0.000100000000%).components(alpha:true))""]"	7b4f40c56d6fa95082ebcfd893e275d418ebcaed1b97b62785f78284c63ff7b8	0	b24916dd456dce4ee7703585483fdf354991f0e6813d67f4eaa3c6d797a0c3a4	e3b0c44298fc1c149afbf4c8996fb92427ae41e4649b934ca495991b7852b855
Linear/Hsl	no-wrap	0.250000000000	crystalline	"[""target/debug/typst"",""eval"",""--format"",""json"",""repr((gradient.linear((rgb(255,128,0),0%),(rgb(0,255,128),100%),space:color.hsl,angle:0deg)).sample(25.000000000000%).components(alpha:true))""]"	aae068f1d1d22b3e533158291e2bb69256d53a9421b7a6bcbfa26db4d35300a1	0	56e3f4dd6dc8c100913a9a2428d0585abc9f42eafe68daa6992d9166f325b3f2	e3b0c44298fc1c149afbf4c8996fb92427ae41e4649b934ca495991b7852b855
Linear/Hsl	no-wrap	0.250000000000	vanilla	"[""/usr/local/bin/typst"",""eval"",""--format"",""json"",""repr((gradient.linear((rgb(255,128,0),0%),(rgb(0,255,128),100%),space:color.hsl,angle:0deg)).sample(25.000000000000%).components(alpha:true))""]"	7b4f40c56d6fa95082ebcfd893e275d418ebcaed1b97b62785f78284c63ff7b8	0	56e3f4dd6dc8c100913a9a2428d0585abc9f42eafe68daa6992d9166f325b3f2	e3b0c44298fc1c149afbf4c8996fb92427ae41e4649b934ca495991b7852b855
Linear/Hsl	no-wrap	0.500000000000	crystalline	"[""target/debug/typst"",""eval"",""--format"",""json"",""repr((gradient.linear((rgb(255,128,0),0%),(rgb(0,255,128),100%),space:color.hsl,angle:0deg)).sample(50.000000000000%).components(alpha:true))""]"	aae068f1d1d22b3e533158291e2bb69256d53a9421b7a6bcbfa26db4d35300a1	0	ad61faa0a17b9b9d5d7d70b6082801a271739ae2f18783e35a95ee6630fe8674	e3b0c44298fc1c149afbf4c8996fb92427ae41e4649b934ca495991b7852b855
Linear/Hsl	no-wrap	0.500000000000	vanilla	"[""/usr/local/bin/typst"",""eval"",""--format"",""json"",""repr((gradient.linear((rgb(255,128,0),0%),(rgb(0,255,128),100%),space:color.hsl,angle:0deg)).sample(50.000000000000%).components(alpha:true))""]"	7b4f40c56d6fa95082ebcfd893e275d418ebcaed1b97b62785f78284c63ff7b8	0	ad61faa0a17b9b9d5d7d70b6082801a271739ae2f18783e35a95ee6630fe8674	e3b0c44298fc1c149afbf4c8996fb92427ae41e4649b934ca495991b7852b855
Linear/Hsl	no-wrap	0.750000000000	crystalline	"[""target/debug/typst"",""eval"",""--format"",""json"",""repr((gradient.linear((rgb(255,128,0),0%),(rgb(0,255,128),100%),space:color.hsl,angle:0deg)).sample(75.000000000000%).components(alpha:true))""]"	aae068f1d1d22b3e533158291e2bb69256d53a9421b7a6bcbfa26db4d35300a1	0	7f9f31bec20becefb0fa88d700f71cf3b15be17a06739493810119be96f5a2ab	e3b0c44298fc1c149afbf4c8996fb92427ae41e4649b934ca495991b7852b855
Linear/Hsl	no-wrap	0.750000000000	vanilla	"[""/usr/local/bin/typst"",""eval"",""--format"",""json"",""repr((gradient.linear((rgb(255,128,0),0%),(rgb(0,255,128),100%),space:color.hsl,angle:0deg)).sample(75.000000000000%).components(alpha:true))""]"	7b4f40c56d6fa95082ebcfd893e275d418ebcaed1b97b62785f78284c63ff7b8	0	7f9f31bec20becefb0fa88d700f71cf3b15be17a06739493810119be96f5a2ab	e3b0c44298fc1c149afbf4c8996fb92427ae41e4649b934ca495991b7852b855
Linear/Hsl	no-wrap	0.999999000000	crystalline	"[""target/debug/typst"",""eval"",""--format"",""json"",""repr((gradient.linear((rgb(255,128,0),0%),(rgb(0,255,128),100%),space:color.hsl,angle:0deg)).sample(99.999900000000%).components(alpha:true))""]"	aae068f1d1d22b3e533158291e2bb69256d53a9421b7a6bcbfa26db4d35300a1	0	e61aa1592b8bc4715a8d201520e63d33daf488c77fbba6269ba45c877a39c8f3	e3b0c44298fc1c149afbf4c8996fb92427ae41e4649b934ca495991b7852b855
Linear/Hsl	no-wrap	0.999999000000	vanilla	"[""/usr/local/bin/typst"",""eval"",""--format"",""json"",""repr((gradient.linear((rgb(255,128,0),0%),(rgb(0,255,128),100%),space:color.hsl,angle:0deg)).sample(99.999900000000%).components(alpha:true))""]"	7b4f40c56d6fa95082ebcfd893e275d418ebcaed1b97b62785f78284c63ff7b8	0	e61aa1592b8bc4715a8d201520e63d33daf488c77fbba6269ba45c877a39c8f3	e3b0c44298fc1c149afbf4c8996fb92427ae41e4649b934ca495991b7852b855
Linear/Hsl	no-wrap	1.000000000000	crystalline	"[""target/debug/typst"",""eval"",""--format"",""json"",""repr((gradient.linear((rgb(255,128,0),0%),(rgb(0,255,128),100%),space:color.hsl,angle:0deg)).sample(100.000000000000%).components(alpha:true))""]"	aae068f1d1d22b3e533158291e2bb69256d53a9421b7a6bcbfa26db4d35300a1	0	e61aa1592b8bc4715a8d201520e63d33daf488c77fbba6269ba45c877a39c8f3	e3b0c44298fc1c149afbf4c8996fb92427ae41e4649b934ca495991b7852b855
Linear/Hsl	no-wrap	1.000000000000	vanilla	"[""/usr/local/bin/typst"",""eval"",""--format"",""json"",""repr((gradient.linear((rgb(255,128,0),0%),(rgb(0,255,128),100%),space:color.hsl,angle:0deg)).sample(100.000000000000%).components(alpha:true))""]"	7b4f40c56d6fa95082ebcfd893e275d418ebcaed1b97b62785f78284c63ff7b8	0	e61aa1592b8bc4715a8d201520e63d33daf488c77fbba6269ba45c877a39c8f3	e3b0c44298fc1c149afbf4c8996fb92427ae41e4649b934ca495991b7852b855
Linear/Hsl	seam-forward	0.000000000000	crystalline	"[""target/debug/typst"",""eval"",""--format"",""json"",""repr((gradient.linear((rgb(255,0,43),0%),(rgb(255,43,0),100%),space:color.hsl,angle:0deg)).sample(0.000000000000%).components(alpha:true))""]"	aae068f1d1d22b3e533158291e2bb69256d53a9421b7a6bcbfa26db4d35300a1	0	ad69dda2d14b1135a4adde0d8f9007ba70e46b33f07085f99cc6d9c320ffaee0	e3b0c44298fc1c149afbf4c8996fb92427ae41e4649b934ca495991b7852b855
Linear/Hsl	seam-forward	0.000000000000	vanilla	"[""/usr/local/bin/typst"",""eval"",""--format"",""json"",""repr((gradient.linear((rgb(255,0,43),0%),(rgb(255,43,0),100%),space:color.hsl,angle:0deg)).sample(0.000000000000%).components(alpha:true))""]"	7b4f40c56d6fa95082ebcfd893e275d418ebcaed1b97b62785f78284c63ff7b8	0	ad69dda2d14b1135a4adde0d8f9007ba70e46b33f07085f99cc6d9c320ffaee0	e3b0c44298fc1c149afbf4c8996fb92427ae41e4649b934ca495991b7852b855
Linear/Hsl	seam-forward	0.000001000000	crystalline	"[""target/debug/typst"",""eval"",""--format"",""json"",""repr((gradient.linear((rgb(255,0,43),0%),(rgb(255,43,0),100%),space:color.hsl,angle:0deg)).sample(0.000100000000%).components(alpha:true))""]"	aae068f1d1d22b3e533158291e2bb69256d53a9421b7a6bcbfa26db4d35300a1	0	ad69dda2d14b1135a4adde0d8f9007ba70e46b33f07085f99cc6d9c320ffaee0	e3b0c44298fc1c149afbf4c8996fb92427ae41e4649b934ca495991b7852b855
Linear/Hsl	seam-forward	0.000001000000	vanilla	"[""/usr/local/bin/typst"",""eval"",""--format"",""json"",""repr((gradient.linear((rgb(255,0,43),0%),(rgb(255,43,0),100%),space:color.hsl,angle:0deg)).sample(0.000100000000%).components(alpha:true))""]"	7b4f40c56d6fa95082ebcfd893e275d418ebcaed1b97b62785f78284c63ff7b8	0	ad69dda2d14b1135a4adde0d8f9007ba70e46b33f07085f99cc6d9c320ffaee0	e3b0c44298fc1c149afbf4c8996fb92427ae41e4649b934ca495991b7852b855
Linear/Hsl	seam-forward	0.250000000000	crystalline	"[""target/debug/typst"",""eval"",""--format"",""json"",""repr((gradient.linear((rgb(255,0,43),0%),(rgb(255,43,0),100%),space:color.hsl,angle:0deg)).sample(25.000000000000%).components(alpha:true))""]"	aae068f1d1d22b3e533158291e2bb69256d53a9421b7a6bcbfa26db4d35300a1	0	453d6c60bab1553fcf2a0f893da6f4a025f84ce5fb36ea884361453681e8e56d	e3b0c44298fc1c149afbf4c8996fb92427ae41e4649b934ca495991b7852b855
Linear/Hsl	seam-forward	0.250000000000	vanilla	"[""/usr/local/bin/typst"",""eval"",""--format"",""json"",""repr((gradient.linear((rgb(255,0,43),0%),(rgb(255,43,0),100%),space:color.hsl,angle:0deg)).sample(25.000000000000%).components(alpha:true))""]"	7b4f40c56d6fa95082ebcfd893e275d418ebcaed1b97b62785f78284c63ff7b8	0	453d6c60bab1553fcf2a0f893da6f4a025f84ce5fb36ea884361453681e8e56d	e3b0c44298fc1c149afbf4c8996fb92427ae41e4649b934ca495991b7852b855
Linear/Hsl	seam-forward	0.500000000000	crystalline	"[""target/debug/typst"",""eval"",""--format"",""json"",""repr((gradient.linear((rgb(255,0,43),0%),(rgb(255,43,0),100%),space:color.hsl,angle:0deg)).sample(50.000000000000%).components(alpha:true))""]"	aae068f1d1d22b3e533158291e2bb69256d53a9421b7a6bcbfa26db4d35300a1	0	1d316cd82f1ce31e06322158aad416206a946fd69d92ee52be9002ba731f6822	e3b0c44298fc1c149afbf4c8996fb92427ae41e4649b934ca495991b7852b855
Linear/Hsl	seam-forward	0.500000000000	vanilla	"[""/usr/local/bin/typst"",""eval"",""--format"",""json"",""repr((gradient.linear((rgb(255,0,43),0%),(rgb(255,43,0),100%),space:color.hsl,angle:0deg)).sample(50.000000000000%).components(alpha:true))""]"	7b4f40c56d6fa95082ebcfd893e275d418ebcaed1b97b62785f78284c63ff7b8	0	1d316cd82f1ce31e06322158aad416206a946fd69d92ee52be9002ba731f6822	e3b0c44298fc1c149afbf4c8996fb92427ae41e4649b934ca495991b7852b855
Linear/Hsl	seam-forward	0.750000000000	crystalline	"[""target/debug/typst"",""eval"",""--format"",""json"",""repr((gradient.linear((rgb(255,0,43),0%),(rgb(255,43,0),100%),space:color.hsl,angle:0deg)).sample(75.000000000000%).components(alpha:true))""]"	aae068f1d1d22b3e533158291e2bb69256d53a9421b7a6bcbfa26db4d35300a1	0	ea6cb669e7fd306b64a1cd13c534ccb5d780553aaf5e91a89114d8ecc9bd927b	e3b0c44298fc1c149afbf4c8996fb92427ae41e4649b934ca495991b7852b855
Linear/Hsl	seam-forward	0.750000000000	vanilla	"[""/usr/local/bin/typst"",""eval"",""--format"",""json"",""repr((gradient.linear((rgb(255,0,43),0%),(rgb(255,43,0),100%),space:color.hsl,angle:0deg)).sample(75.000000000000%).components(alpha:true))""]"	7b4f40c56d6fa95082ebcfd893e275d418ebcaed1b97b62785f78284c63ff7b8	0	ea6cb669e7fd306b64a1cd13c534ccb5d780553aaf5e91a89114d8ecc9bd927b	e3b0c44298fc1c149afbf4c8996fb92427ae41e4649b934ca495991b7852b855
Linear/Hsl	seam-forward	0.999999000000	crystalline	"[""target/debug/typst"",""eval"",""--format"",""json"",""repr((gradient.linear((rgb(255,0,43),0%),(rgb(255,43,0),100%),space:color.hsl,angle:0deg)).sample(99.999900000000%).components(alpha:true))""]"	aae068f1d1d22b3e533158291e2bb69256d53a9421b7a6bcbfa26db4d35300a1	0	58f7624ecdea72513b1808603047f3777f063741269000af6953d395af4ae4b7	e3b0c44298fc1c149afbf4c8996fb92427ae41e4649b934ca495991b7852b855
Linear/Hsl	seam-forward	0.999999000000	vanilla	"[""/usr/local/bin/typst"",""eval"",""--format"",""json"",""repr((gradient.linear((rgb(255,0,43),0%),(rgb(255,43,0),100%),space:color.hsl,angle:0deg)).sample(99.999900000000%).components(alpha:true))""]"	7b4f40c56d6fa95082ebcfd893e275d418ebcaed1b97b62785f78284c63ff7b8	0	58f7624ecdea72513b1808603047f3777f063741269000af6953d395af4ae4b7	e3b0c44298fc1c149afbf4c8996fb92427ae41e4649b934ca495991b7852b855
Linear/Hsl	seam-forward	1.000000000000	crystalline	"[""target/debug/typst"",""eval"",""--format"",""json"",""repr((gradient.linear((rgb(255,0,43),0%),(rgb(255,43,0),100%),space:color.hsl,angle:0deg)).sample(100.000000000000%).components(alpha:true))""]"	aae068f1d1d22b3e533158291e2bb69256d53a9421b7a6bcbfa26db4d35300a1	0	58f7624ecdea72513b1808603047f3777f063741269000af6953d395af4ae4b7	e3b0c44298fc1c149afbf4c8996fb92427ae41e4649b934ca495991b7852b855
Linear/Hsl	seam-forward	1.000000000000	vanilla	"[""/usr/local/bin/typst"",""eval"",""--format"",""json"",""repr((gradient.linear((rgb(255,0,43),0%),(rgb(255,43,0),100%),space:color.hsl,angle:0deg)).sample(100.000000000000%).components(alpha:true))""]"	7b4f40c56d6fa95082ebcfd893e275d418ebcaed1b97b62785f78284c63ff7b8	0	58f7624ecdea72513b1808603047f3777f063741269000af6953d395af4ae4b7	e3b0c44298fc1c149afbf4c8996fb92427ae41e4649b934ca495991b7852b855
Linear/Hsl	seam-reverse	0.000000000000	crystalline	"[""target/debug/typst"",""eval"",""--format"",""json"",""repr((gradient.linear((rgb(255,43,0),0%),(rgb(255,0,43),100%),space:color.hsl,angle:0deg)).sample(0.000000000000%).components(alpha:true))""]"	aae068f1d1d22b3e533158291e2bb69256d53a9421b7a6bcbfa26db4d35300a1	0	58f7624ecdea72513b1808603047f3777f063741269000af6953d395af4ae4b7	e3b0c44298fc1c149afbf4c8996fb92427ae41e4649b934ca495991b7852b855
Linear/Hsl	seam-reverse	0.000000000000	vanilla	"[""/usr/local/bin/typst"",""eval"",""--format"",""json"",""repr((gradient.linear((rgb(255,43,0),0%),(rgb(255,0,43),100%),space:color.hsl,angle:0deg)).sample(0.000000000000%).components(alpha:true))""]"	7b4f40c56d6fa95082ebcfd893e275d418ebcaed1b97b62785f78284c63ff7b8	0	58f7624ecdea72513b1808603047f3777f063741269000af6953d395af4ae4b7	e3b0c44298fc1c149afbf4c8996fb92427ae41e4649b934ca495991b7852b855
Linear/Hsl	seam-reverse	0.000001000000	crystalline	"[""target/debug/typst"",""eval"",""--format"",""json"",""repr((gradient.linear((rgb(255,43,0),0%),(rgb(255,0,43),100%),space:color.hsl,angle:0deg)).sample(0.000100000000%).components(alpha:true))""]"	aae068f1d1d22b3e533158291e2bb69256d53a9421b7a6bcbfa26db4d35300a1	0	58f7624ecdea72513b1808603047f3777f063741269000af6953d395af4ae4b7	e3b0c44298fc1c149afbf4c8996fb92427ae41e4649b934ca495991b7852b855
Linear/Hsl	seam-reverse	0.000001000000	vanilla	"[""/usr/local/bin/typst"",""eval"",""--format"",""json"",""repr((gradient.linear((rgb(255,43,0),0%),(rgb(255,0,43),100%),space:color.hsl,angle:0deg)).sample(0.000100000000%).components(alpha:true))""]"	7b4f40c56d6fa95082ebcfd893e275d418ebcaed1b97b62785f78284c63ff7b8	0	58f7624ecdea72513b1808603047f3777f063741269000af6953d395af4ae4b7	e3b0c44298fc1c149afbf4c8996fb92427ae41e4649b934ca495991b7852b855
Linear/Hsl	seam-reverse	0.250000000000	crystalline	"[""target/debug/typst"",""eval"",""--format"",""json"",""repr((gradient.linear((rgb(255,43,0),0%),(rgb(255,0,43),100%),space:color.hsl,angle:0deg)).sample(25.000000000000%).components(alpha:true))""]"	aae068f1d1d22b3e533158291e2bb69256d53a9421b7a6bcbfa26db4d35300a1	0	ea6cb669e7fd306b64a1cd13c534ccb5d780553aaf5e91a89114d8ecc9bd927b	e3b0c44298fc1c149afbf4c8996fb92427ae41e4649b934ca495991b7852b855
Linear/Hsl	seam-reverse	0.250000000000	vanilla	"[""/usr/local/bin/typst"",""eval"",""--format"",""json"",""repr((gradient.linear((rgb(255,43,0),0%),(rgb(255,0,43),100%),space:color.hsl,angle:0deg)).sample(25.000000000000%).components(alpha:true))""]"	7b4f40c56d6fa95082ebcfd893e275d418ebcaed1b97b62785f78284c63ff7b8	0	ea6cb669e7fd306b64a1cd13c534ccb5d780553aaf5e91a89114d8ecc9bd927b	e3b0c44298fc1c149afbf4c8996fb92427ae41e4649b934ca495991b7852b855
Linear/Hsl	seam-reverse	0.500000000000	crystalline	"[""target/debug/typst"",""eval"",""--format"",""json"",""repr((gradient.linear((rgb(255,43,0),0%),(rgb(255,0,43),100%),space:color.hsl,angle:0deg)).sample(50.000000000000%).components(alpha:true))""]"	aae068f1d1d22b3e533158291e2bb69256d53a9421b7a6bcbfa26db4d35300a1	0	1d316cd82f1ce31e06322158aad416206a946fd69d92ee52be9002ba731f6822	e3b0c44298fc1c149afbf4c8996fb92427ae41e4649b934ca495991b7852b855
Linear/Hsl	seam-reverse	0.500000000000	vanilla	"[""/usr/local/bin/typst"",""eval"",""--format"",""json"",""repr((gradient.linear((rgb(255,43,0),0%),(rgb(255,0,43),100%),space:color.hsl,angle:0deg)).sample(50.000000000000%).components(alpha:true))""]"	7b4f40c56d6fa95082ebcfd893e275d418ebcaed1b97b62785f78284c63ff7b8	0	1d316cd82f1ce31e06322158aad416206a946fd69d92ee52be9002ba731f6822	e3b0c44298fc1c149afbf4c8996fb92427ae41e4649b934ca495991b7852b855
Linear/Hsl	seam-reverse	0.750000000000	crystalline	"[""target/debug/typst"",""eval"",""--format"",""json"",""repr((gradient.linear((rgb(255,43,0),0%),(rgb(255,0,43),100%),space:color.hsl,angle:0deg)).sample(75.000000000000%).components(alpha:true))""]"	aae068f1d1d22b3e533158291e2bb69256d53a9421b7a6bcbfa26db4d35300a1	0	453d6c60bab1553fcf2a0f893da6f4a025f84ce5fb36ea884361453681e8e56d	e3b0c44298fc1c149afbf4c8996fb92427ae41e4649b934ca495991b7852b855
Linear/Hsl	seam-reverse	0.750000000000	vanilla	"[""/usr/local/bin/typst"",""eval"",""--format"",""json"",""repr((gradient.linear((rgb(255,43,0),0%),(rgb(255,0,43),100%),space:color.hsl,angle:0deg)).sample(75.000000000000%).components(alpha:true))""]"	7b4f40c56d6fa95082ebcfd893e275d418ebcaed1b97b62785f78284c63ff7b8	0	453d6c60bab1553fcf2a0f893da6f4a025f84ce5fb36ea884361453681e8e56d	e3b0c44298fc1c149afbf4c8996fb92427ae41e4649b934ca495991b7852b855
Linear/Hsl	seam-reverse	0.999999000000	crystalline	"[""target/debug/typst"",""eval"",""--format"",""json"",""repr((gradient.linear((rgb(255,43,0),0%),(rgb(255,0,43),100%),space:color.hsl,angle:0deg)).sample(99.999900000000%).components(alpha:true))""]"	aae068f1d1d22b3e533158291e2bb69256d53a9421b7a6bcbfa26db4d35300a1	0	ad69dda2d14b1135a4adde0d8f9007ba70e46b33f07085f99cc6d9c320ffaee0	e3b0c44298fc1c149afbf4c8996fb92427ae41e4649b934ca495991b7852b855
Linear/Hsl	seam-reverse	0.999999000000	vanilla	"[""/usr/local/bin/typst"",""eval"",""--format"",""json"",""repr((gradient.linear((rgb(255,43,0),0%),(rgb(255,0,43),100%),space:color.hsl,angle:0deg)).sample(99.999900000000%).components(alpha:true))""]"	7b4f40c56d6fa95082ebcfd893e275d418ebcaed1b97b62785f78284c63ff7b8	0	ad69dda2d14b1135a4adde0d8f9007ba70e46b33f07085f99cc6d9c320ffaee0	e3b0c44298fc1c149afbf4c8996fb92427ae41e4649b934ca495991b7852b855
Linear/Hsl	seam-reverse	1.000000000000	crystalline	"[""target/debug/typst"",""eval"",""--format"",""json"",""repr((gradient.linear((rgb(255,43,0),0%),(rgb(255,0,43),100%),space:color.hsl,angle:0deg)).sample(100.000000000000%).components(alpha:true))""]"	aae068f1d1d22b3e533158291e2bb69256d53a9421b7a6bcbfa26db4d35300a1	0	ad69dda2d14b1135a4adde0d8f9007ba70e46b33f07085f99cc6d9c320ffaee0	e3b0c44298fc1c149afbf4c8996fb92427ae41e4649b934ca495991b7852b855
Linear/Hsl	seam-reverse	1.000000000000	vanilla	"[""/usr/local/bin/typst"",""eval"",""--format"",""json"",""repr((gradient.linear((rgb(255,43,0),0%),(rgb(255,0,43),100%),space:color.hsl,angle:0deg)).sample(100.000000000000%).components(alpha:true))""]"	7b4f40c56d6fa95082ebcfd893e275d418ebcaed1b97b62785f78284c63ff7b8	0	ad69dda2d14b1135a4adde0d8f9007ba70e46b33f07085f99cc6d9c320ffaee0	e3b0c44298fc1c149afbf4c8996fb92427ae41e4649b934ca495991b7852b855
Linear/Hsv	alpha-first	0.000000000000	crystalline	"[""target/debug/typst"",""eval"",""--format"",""json"",""repr((gradient.linear((rgb(255,0,43).transparentize(60%),0%),(rgb(255,43,0),100%),space:color.hsv,angle:0deg)).sample(0.000000000000%).components(alpha:true))""]"	aae068f1d1d22b3e533158291e2bb69256d53a9421b7a6bcbfa26db4d35300a1	0	015907b11348cea8279b0e6d3883bb1a4cff9bbf778b6d4391efbee8b529fed5	e3b0c44298fc1c149afbf4c8996fb92427ae41e4649b934ca495991b7852b855
Linear/Hsv	alpha-first	0.000000000000	vanilla	"[""/usr/local/bin/typst"",""eval"",""--format"",""json"",""repr((gradient.linear((rgb(255,0,43).transparentize(60%),0%),(rgb(255,43,0),100%),space:color.hsv,angle:0deg)).sample(0.000000000000%).components(alpha:true))""]"	7b4f40c56d6fa95082ebcfd893e275d418ebcaed1b97b62785f78284c63ff7b8	0	015907b11348cea8279b0e6d3883bb1a4cff9bbf778b6d4391efbee8b529fed5	e3b0c44298fc1c149afbf4c8996fb92427ae41e4649b934ca495991b7852b855
Linear/Hsv	alpha-first	0.000001000000	crystalline	"[""target/debug/typst"",""eval"",""--format"",""json"",""repr((gradient.linear((rgb(255,0,43).transparentize(60%),0%),(rgb(255,43,0),100%),space:color.hsv,angle:0deg)).sample(0.000100000000%).components(alpha:true))""]"	aae068f1d1d22b3e533158291e2bb69256d53a9421b7a6bcbfa26db4d35300a1	0	015907b11348cea8279b0e6d3883bb1a4cff9bbf778b6d4391efbee8b529fed5	e3b0c44298fc1c149afbf4c8996fb92427ae41e4649b934ca495991b7852b855
Linear/Hsv	alpha-first	0.000001000000	vanilla	"[""/usr/local/bin/typst"",""eval"",""--format"",""json"",""repr((gradient.linear((rgb(255,0,43).transparentize(60%),0%),(rgb(255,43,0),100%),space:color.hsv,angle:0deg)).sample(0.000100000000%).components(alpha:true))""]"	7b4f40c56d6fa95082ebcfd893e275d418ebcaed1b97b62785f78284c63ff7b8	0	015907b11348cea8279b0e6d3883bb1a4cff9bbf778b6d4391efbee8b529fed5	e3b0c44298fc1c149afbf4c8996fb92427ae41e4649b934ca495991b7852b855
Linear/Hsv	alpha-first	0.250000000000	crystalline	"[""target/debug/typst"",""eval"",""--format"",""json"",""repr((gradient.linear((rgb(255,0,43).transparentize(60%),0%),(rgb(255,43,0),100%),space:color.hsv,angle:0deg)).sample(25.000000000000%).components(alpha:true))""]"	aae068f1d1d22b3e533158291e2bb69256d53a9421b7a6bcbfa26db4d35300a1	0	c61a78d3ff1e8399071fc38f3f6b9bc13359b82f32263587a30b67eef3615562	e3b0c44298fc1c149afbf4c8996fb92427ae41e4649b934ca495991b7852b855
Linear/Hsv	alpha-first	0.250000000000	vanilla	"[""/usr/local/bin/typst"",""eval"",""--format"",""json"",""repr((gradient.linear((rgb(255,0,43).transparentize(60%),0%),(rgb(255,43,0),100%),space:color.hsv,angle:0deg)).sample(25.000000000000%).components(alpha:true))""]"	7b4f40c56d6fa95082ebcfd893e275d418ebcaed1b97b62785f78284c63ff7b8	0	c61a78d3ff1e8399071fc38f3f6b9bc13359b82f32263587a30b67eef3615562	e3b0c44298fc1c149afbf4c8996fb92427ae41e4649b934ca495991b7852b855
Linear/Hsv	alpha-first	0.500000000000	crystalline	"[""target/debug/typst"",""eval"",""--format"",""json"",""repr((gradient.linear((rgb(255,0,43).transparentize(60%),0%),(rgb(255,43,0),100%),space:color.hsv,angle:0deg)).sample(50.000000000000%).components(alpha:true))""]"	aae068f1d1d22b3e533158291e2bb69256d53a9421b7a6bcbfa26db4d35300a1	0	2e31befbaa0be2b7da43820c5ededa3b1293785cd1a88601fe77804715bab55e	e3b0c44298fc1c149afbf4c8996fb92427ae41e4649b934ca495991b7852b855
Linear/Hsv	alpha-first	0.500000000000	vanilla	"[""/usr/local/bin/typst"",""eval"",""--format"",""json"",""repr((gradient.linear((rgb(255,0,43).transparentize(60%),0%),(rgb(255,43,0),100%),space:color.hsv,angle:0deg)).sample(50.000000000000%).components(alpha:true))""]"	7b4f40c56d6fa95082ebcfd893e275d418ebcaed1b97b62785f78284c63ff7b8	0	2e31befbaa0be2b7da43820c5ededa3b1293785cd1a88601fe77804715bab55e	e3b0c44298fc1c149afbf4c8996fb92427ae41e4649b934ca495991b7852b855
Linear/Hsv	alpha-first	0.750000000000	crystalline	"[""target/debug/typst"",""eval"",""--format"",""json"",""repr((gradient.linear((rgb(255,0,43).transparentize(60%),0%),(rgb(255,43,0),100%),space:color.hsv,angle:0deg)).sample(75.000000000000%).components(alpha:true))""]"	aae068f1d1d22b3e533158291e2bb69256d53a9421b7a6bcbfa26db4d35300a1	0	730aa03cbf1cbfd0822270fa94e1bf74c99c888bc389ccc65b2f7cc616b894ed	e3b0c44298fc1c149afbf4c8996fb92427ae41e4649b934ca495991b7852b855
Linear/Hsv	alpha-first	0.750000000000	vanilla	"[""/usr/local/bin/typst"",""eval"",""--format"",""json"",""repr((gradient.linear((rgb(255,0,43).transparentize(60%),0%),(rgb(255,43,0),100%),space:color.hsv,angle:0deg)).sample(75.000000000000%).components(alpha:true))""]"	7b4f40c56d6fa95082ebcfd893e275d418ebcaed1b97b62785f78284c63ff7b8	0	730aa03cbf1cbfd0822270fa94e1bf74c99c888bc389ccc65b2f7cc616b894ed	e3b0c44298fc1c149afbf4c8996fb92427ae41e4649b934ca495991b7852b855
Linear/Hsv	alpha-first	0.999999000000	crystalline	"[""target/debug/typst"",""eval"",""--format"",""json"",""repr((gradient.linear((rgb(255,0,43).transparentize(60%),0%),(rgb(255,43,0),100%),space:color.hsv,angle:0deg)).sample(99.999900000000%).components(alpha:true))""]"	aae068f1d1d22b3e533158291e2bb69256d53a9421b7a6bcbfa26db4d35300a1	0	ac78326029765b3c593c424af2edf9db1347a26619af4e85f5f064ad041dba83	e3b0c44298fc1c149afbf4c8996fb92427ae41e4649b934ca495991b7852b855
Linear/Hsv	alpha-first	0.999999000000	vanilla	"[""/usr/local/bin/typst"",""eval"",""--format"",""json"",""repr((gradient.linear((rgb(255,0,43).transparentize(60%),0%),(rgb(255,43,0),100%),space:color.hsv,angle:0deg)).sample(99.999900000000%).components(alpha:true))""]"	7b4f40c56d6fa95082ebcfd893e275d418ebcaed1b97b62785f78284c63ff7b8	0	ac78326029765b3c593c424af2edf9db1347a26619af4e85f5f064ad041dba83	e3b0c44298fc1c149afbf4c8996fb92427ae41e4649b934ca495991b7852b855
Linear/Hsv	alpha-first	1.000000000000	crystalline	"[""target/debug/typst"",""eval"",""--format"",""json"",""repr((gradient.linear((rgb(255,0,43).transparentize(60%),0%),(rgb(255,43,0),100%),space:color.hsv,angle:0deg)).sample(100.000000000000%).components(alpha:true))""]"	aae068f1d1d22b3e533158291e2bb69256d53a9421b7a6bcbfa26db4d35300a1	0	ac78326029765b3c593c424af2edf9db1347a26619af4e85f5f064ad041dba83	e3b0c44298fc1c149afbf4c8996fb92427ae41e4649b934ca495991b7852b855
Linear/Hsv	alpha-first	1.000000000000	vanilla	"[""/usr/local/bin/typst"",""eval"",""--format"",""json"",""repr((gradient.linear((rgb(255,0,43).transparentize(60%),0%),(rgb(255,43,0),100%),space:color.hsv,angle:0deg)).sample(100.000000000000%).components(alpha:true))""]"	7b4f40c56d6fa95082ebcfd893e275d418ebcaed1b97b62785f78284c63ff7b8	0	ac78326029765b3c593c424af2edf9db1347a26619af4e85f5f064ad041dba83	e3b0c44298fc1c149afbf4c8996fb92427ae41e4649b934ca495991b7852b855
Linear/Hsv	alpha-last	0.000000000000	crystalline	"[""target/debug/typst"",""eval"",""--format"",""json"",""repr((gradient.linear((rgb(255,0,43),0%),(rgb(255,43,0).transparentize(60%),100%),space:color.hsv,angle:0deg)).sample(0.000000000000%).components(alpha:true))""]"	aae068f1d1d22b3e533158291e2bb69256d53a9421b7a6bcbfa26db4d35300a1	0	7112be2575705eb8bf4d17f79ee2377e50fbfbfaa8b54fca34a32abda203024b	e3b0c44298fc1c149afbf4c8996fb92427ae41e4649b934ca495991b7852b855
Linear/Hsv	alpha-last	0.000000000000	vanilla	"[""/usr/local/bin/typst"",""eval"",""--format"",""json"",""repr((gradient.linear((rgb(255,0,43),0%),(rgb(255,43,0).transparentize(60%),100%),space:color.hsv,angle:0deg)).sample(0.000000000000%).components(alpha:true))""]"	7b4f40c56d6fa95082ebcfd893e275d418ebcaed1b97b62785f78284c63ff7b8	0	7112be2575705eb8bf4d17f79ee2377e50fbfbfaa8b54fca34a32abda203024b	e3b0c44298fc1c149afbf4c8996fb92427ae41e4649b934ca495991b7852b855
Linear/Hsv	alpha-last	0.000001000000	crystalline	"[""target/debug/typst"",""eval"",""--format"",""json"",""repr((gradient.linear((rgb(255,0,43),0%),(rgb(255,43,0).transparentize(60%),100%),space:color.hsv,angle:0deg)).sample(0.000100000000%).components(alpha:true))""]"	aae068f1d1d22b3e533158291e2bb69256d53a9421b7a6bcbfa26db4d35300a1	0	7112be2575705eb8bf4d17f79ee2377e50fbfbfaa8b54fca34a32abda203024b	e3b0c44298fc1c149afbf4c8996fb92427ae41e4649b934ca495991b7852b855
Linear/Hsv	alpha-last	0.000001000000	vanilla	"[""/usr/local/bin/typst"",""eval"",""--format"",""json"",""repr((gradient.linear((rgb(255,0,43),0%),(rgb(255,43,0).transparentize(60%),100%),space:color.hsv,angle:0deg)).sample(0.000100000000%).components(alpha:true))""]"	7b4f40c56d6fa95082ebcfd893e275d418ebcaed1b97b62785f78284c63ff7b8	0	7112be2575705eb8bf4d17f79ee2377e50fbfbfaa8b54fca34a32abda203024b	e3b0c44298fc1c149afbf4c8996fb92427ae41e4649b934ca495991b7852b855
Linear/Hsv	alpha-last	0.250000000000	crystalline	"[""target/debug/typst"",""eval"",""--format"",""json"",""repr((gradient.linear((rgb(255,0,43),0%),(rgb(255,43,0).transparentize(60%),100%),space:color.hsv,angle:0deg)).sample(25.000000000000%).components(alpha:true))""]"	aae068f1d1d22b3e533158291e2bb69256d53a9421b7a6bcbfa26db4d35300a1	0	539a4880c5d0c946c1b795fdd74bdb8da05d7d348ff90b13d8a03c4cac22f2e5	e3b0c44298fc1c149afbf4c8996fb92427ae41e4649b934ca495991b7852b855
Linear/Hsv	alpha-last	0.250000000000	vanilla	"[""/usr/local/bin/typst"",""eval"",""--format"",""json"",""repr((gradient.linear((rgb(255,0,43),0%),(rgb(255,43,0).transparentize(60%),100%),space:color.hsv,angle:0deg)).sample(25.000000000000%).components(alpha:true))""]"	7b4f40c56d6fa95082ebcfd893e275d418ebcaed1b97b62785f78284c63ff7b8	0	539a4880c5d0c946c1b795fdd74bdb8da05d7d348ff90b13d8a03c4cac22f2e5	e3b0c44298fc1c149afbf4c8996fb92427ae41e4649b934ca495991b7852b855
Linear/Hsv	alpha-last	0.500000000000	crystalline	"[""target/debug/typst"",""eval"",""--format"",""json"",""repr((gradient.linear((rgb(255,0,43),0%),(rgb(255,43,0).transparentize(60%),100%),space:color.hsv,angle:0deg)).sample(50.000000000000%).components(alpha:true))""]"	aae068f1d1d22b3e533158291e2bb69256d53a9421b7a6bcbfa26db4d35300a1	0	2e31befbaa0be2b7da43820c5ededa3b1293785cd1a88601fe77804715bab55e	e3b0c44298fc1c149afbf4c8996fb92427ae41e4649b934ca495991b7852b855
Linear/Hsv	alpha-last	0.500000000000	vanilla	"[""/usr/local/bin/typst"",""eval"",""--format"",""json"",""repr((gradient.linear((rgb(255,0,43),0%),(rgb(255,43,0).transparentize(60%),100%),space:color.hsv,angle:0deg)).sample(50.000000000000%).components(alpha:true))""]"	7b4f40c56d6fa95082ebcfd893e275d418ebcaed1b97b62785f78284c63ff7b8	0	2e31befbaa0be2b7da43820c5ededa3b1293785cd1a88601fe77804715bab55e	e3b0c44298fc1c149afbf4c8996fb92427ae41e4649b934ca495991b7852b855
Linear/Hsv	alpha-last	0.750000000000	crystalline	"[""target/debug/typst"",""eval"",""--format"",""json"",""repr((gradient.linear((rgb(255,0,43),0%),(rgb(255,43,0).transparentize(60%),100%),space:color.hsv,angle:0deg)).sample(75.000000000000%).components(alpha:true))""]"	aae068f1d1d22b3e533158291e2bb69256d53a9421b7a6bcbfa26db4d35300a1	0	dbd87ddc2538135e377be8b427d112f3a22fa7c0128a368f0e50108f0dc908c9	e3b0c44298fc1c149afbf4c8996fb92427ae41e4649b934ca495991b7852b855
Linear/Hsv	alpha-last	0.750000000000	vanilla	"[""/usr/local/bin/typst"",""eval"",""--format"",""json"",""repr((gradient.linear((rgb(255,0,43),0%),(rgb(255,43,0).transparentize(60%),100%),space:color.hsv,angle:0deg)).sample(75.000000000000%).components(alpha:true))""]"	7b4f40c56d6fa95082ebcfd893e275d418ebcaed1b97b62785f78284c63ff7b8	0	dbd87ddc2538135e377be8b427d112f3a22fa7c0128a368f0e50108f0dc908c9	e3b0c44298fc1c149afbf4c8996fb92427ae41e4649b934ca495991b7852b855
Linear/Hsv	alpha-last	0.999999000000	crystalline	"[""target/debug/typst"",""eval"",""--format"",""json"",""repr((gradient.linear((rgb(255,0,43),0%),(rgb(255,43,0).transparentize(60%),100%),space:color.hsv,angle:0deg)).sample(99.999900000000%).components(alpha:true))""]"	aae068f1d1d22b3e533158291e2bb69256d53a9421b7a6bcbfa26db4d35300a1	0	ace8ce2107e2193c6ace27b6b179329df620b942852ad678bd3a2a76c068260f	e3b0c44298fc1c149afbf4c8996fb92427ae41e4649b934ca495991b7852b855
Linear/Hsv	alpha-last	0.999999000000	vanilla	"[""/usr/local/bin/typst"",""eval"",""--format"",""json"",""repr((gradient.linear((rgb(255,0,43),0%),(rgb(255,43,0).transparentize(60%),100%),space:color.hsv,angle:0deg)).sample(99.999900000000%).components(alpha:true))""]"	7b4f40c56d6fa95082ebcfd893e275d418ebcaed1b97b62785f78284c63ff7b8	0	ace8ce2107e2193c6ace27b6b179329df620b942852ad678bd3a2a76c068260f	e3b0c44298fc1c149afbf4c8996fb92427ae41e4649b934ca495991b7852b855
Linear/Hsv	alpha-last	1.000000000000	crystalline	"[""target/debug/typst"",""eval"",""--format"",""json"",""repr((gradient.linear((rgb(255,0,43),0%),(rgb(255,43,0).transparentize(60%),100%),space:color.hsv,angle:0deg)).sample(100.000000000000%).components(alpha:true))""]"	aae068f1d1d22b3e533158291e2bb69256d53a9421b7a6bcbfa26db4d35300a1	0	ace8ce2107e2193c6ace27b6b179329df620b942852ad678bd3a2a76c068260f	e3b0c44298fc1c149afbf4c8996fb92427ae41e4649b934ca495991b7852b855
Linear/Hsv	alpha-last	1.000000000000	vanilla	"[""/usr/local/bin/typst"",""eval"",""--format"",""json"",""repr((gradient.linear((rgb(255,0,43),0%),(rgb(255,43,0).transparentize(60%),100%),space:color.hsv,angle:0deg)).sample(100.000000000000%).components(alpha:true))""]"	7b4f40c56d6fa95082ebcfd893e275d418ebcaed1b97b62785f78284c63ff7b8	0	ace8ce2107e2193c6ace27b6b179329df620b942852ad678bd3a2a76c068260f	e3b0c44298fc1c149afbf4c8996fb92427ae41e4649b934ca495991b7852b855
Linear/Hsv	low-chroma	0.000000000000	crystalline	"[""target/debug/typst"",""eval"",""--format"",""json"",""repr((gradient.linear((rgb(128,128,128),0%),(rgb(255,43,0),100%),space:color.hsv,angle:0deg)).sample(0.000000000000%).components(alpha:true))""]"	aae068f1d1d22b3e533158291e2bb69256d53a9421b7a6bcbfa26db4d35300a1	0	06ca4eecf46e5363abfbda10acf8e10afb0cdc06e34071ac198d2ff93d991817	e3b0c44298fc1c149afbf4c8996fb92427ae41e4649b934ca495991b7852b855
Linear/Hsv	low-chroma	0.000000000000	vanilla	"[""/usr/local/bin/typst"",""eval"",""--format"",""json"",""repr((gradient.linear((rgb(128,128,128),0%),(rgb(255,43,0),100%),space:color.hsv,angle:0deg)).sample(0.000000000000%).components(alpha:true))""]"	7b4f40c56d6fa95082ebcfd893e275d418ebcaed1b97b62785f78284c63ff7b8	0	06ca4eecf46e5363abfbda10acf8e10afb0cdc06e34071ac198d2ff93d991817	e3b0c44298fc1c149afbf4c8996fb92427ae41e4649b934ca495991b7852b855
Linear/Hsv	low-chroma	0.000001000000	crystalline	"[""target/debug/typst"",""eval"",""--format"",""json"",""repr((gradient.linear((rgb(128,128,128),0%),(rgb(255,43,0),100%),space:color.hsv,angle:0deg)).sample(0.000100000000%).components(alpha:true))""]"	aae068f1d1d22b3e533158291e2bb69256d53a9421b7a6bcbfa26db4d35300a1	0	06ca4eecf46e5363abfbda10acf8e10afb0cdc06e34071ac198d2ff93d991817	e3b0c44298fc1c149afbf4c8996fb92427ae41e4649b934ca495991b7852b855
Linear/Hsv	low-chroma	0.000001000000	vanilla	"[""/usr/local/bin/typst"",""eval"",""--format"",""json"",""repr((gradient.linear((rgb(128,128,128),0%),(rgb(255,43,0),100%),space:color.hsv,angle:0deg)).sample(0.000100000000%).components(alpha:true))""]"	7b4f40c56d6fa95082ebcfd893e275d418ebcaed1b97b62785f78284c63ff7b8	0	06ca4eecf46e5363abfbda10acf8e10afb0cdc06e34071ac198d2ff93d991817	e3b0c44298fc1c149afbf4c8996fb92427ae41e4649b934ca495991b7852b855
Linear/Hsv	low-chroma	0.250000000000	crystalline	"[""target/debug/typst"",""eval"",""--format"",""json"",""repr((gradient.linear((rgb(128,128,128),0%),(rgb(255,43,0),100%),space:color.hsv,angle:0deg)).sample(25.000000000000%).components(alpha:true))""]"	aae068f1d1d22b3e533158291e2bb69256d53a9421b7a6bcbfa26db4d35300a1	0	8f65d8f4c627edf1ddd7c976e86a5b66f919ea3f0c82fde9e976a41a197ef07d	e3b0c44298fc1c149afbf4c8996fb92427ae41e4649b934ca495991b7852b855
Linear/Hsv	low-chroma	0.250000000000	vanilla	"[""/usr/local/bin/typst"",""eval"",""--format"",""json"",""repr((gradient.linear((rgb(128,128,128),0%),(rgb(255,43,0),100%),space:color.hsv,angle:0deg)).sample(25.000000000000%).components(alpha:true))""]"	7b4f40c56d6fa95082ebcfd893e275d418ebcaed1b97b62785f78284c63ff7b8	0	8f65d8f4c627edf1ddd7c976e86a5b66f919ea3f0c82fde9e976a41a197ef07d	e3b0c44298fc1c149afbf4c8996fb92427ae41e4649b934ca495991b7852b855
Linear/Hsv	low-chroma	0.500000000000	crystalline	"[""target/debug/typst"",""eval"",""--format"",""json"",""repr((gradient.linear((rgb(128,128,128),0%),(rgb(255,43,0),100%),space:color.hsv,angle:0deg)).sample(50.000000000000%).components(alpha:true))""]"	aae068f1d1d22b3e533158291e2bb69256d53a9421b7a6bcbfa26db4d35300a1	0	9b797b07ef758d093e52d4172417d49cfae0300c4cbef25b368d4e538e5b66fe	e3b0c44298fc1c149afbf4c8996fb92427ae41e4649b934ca495991b7852b855
Linear/Hsv	low-chroma	0.500000000000	vanilla	"[""/usr/local/bin/typst"",""eval"",""--format"",""json"",""repr((gradient.linear((rgb(128,128,128),0%),(rgb(255,43,0),100%),space:color.hsv,angle:0deg)).sample(50.000000000000%).components(alpha:true))""]"	7b4f40c56d6fa95082ebcfd893e275d418ebcaed1b97b62785f78284c63ff7b8	0	9b797b07ef758d093e52d4172417d49cfae0300c4cbef25b368d4e538e5b66fe	e3b0c44298fc1c149afbf4c8996fb92427ae41e4649b934ca495991b7852b855
Linear/Hsv	low-chroma	0.750000000000	crystalline	"[""target/debug/typst"",""eval"",""--format"",""json"",""repr((gradient.linear((rgb(128,128,128),0%),(rgb(255,43,0),100%),space:color.hsv,angle:0deg)).sample(75.000000000000%).components(alpha:true))""]"	aae068f1d1d22b3e533158291e2bb69256d53a9421b7a6bcbfa26db4d35300a1	0	a9f5607d34cf419466652d54af3585e4078e1bc7e255c6ec2c1dc421b7c338fa	e3b0c44298fc1c149afbf4c8996fb92427ae41e4649b934ca495991b7852b855
Linear/Hsv	low-chroma	0.750000000000	vanilla	"[""/usr/local/bin/typst"",""eval"",""--format"",""json"",""repr((gradient.linear((rgb(128,128,128),0%),(rgb(255,43,0),100%),space:color.hsv,angle:0deg)).sample(75.000000000000%).components(alpha:true))""]"	7b4f40c56d6fa95082ebcfd893e275d418ebcaed1b97b62785f78284c63ff7b8	0	a9f5607d34cf419466652d54af3585e4078e1bc7e255c6ec2c1dc421b7c338fa	e3b0c44298fc1c149afbf4c8996fb92427ae41e4649b934ca495991b7852b855
Linear/Hsv	low-chroma	0.999999000000	crystalline	"[""target/debug/typst"",""eval"",""--format"",""json"",""repr((gradient.linear((rgb(128,128,128),0%),(rgb(255,43,0),100%),space:color.hsv,angle:0deg)).sample(99.999900000000%).components(alpha:true))""]"	aae068f1d1d22b3e533158291e2bb69256d53a9421b7a6bcbfa26db4d35300a1	0	ac78326029765b3c593c424af2edf9db1347a26619af4e85f5f064ad041dba83	e3b0c44298fc1c149afbf4c8996fb92427ae41e4649b934ca495991b7852b855
Linear/Hsv	low-chroma	0.999999000000	vanilla	"[""/usr/local/bin/typst"",""eval"",""--format"",""json"",""repr((gradient.linear((rgb(128,128,128),0%),(rgb(255,43,0),100%),space:color.hsv,angle:0deg)).sample(99.999900000000%).components(alpha:true))""]"	7b4f40c56d6fa95082ebcfd893e275d418ebcaed1b97b62785f78284c63ff7b8	0	ac78326029765b3c593c424af2edf9db1347a26619af4e85f5f064ad041dba83	e3b0c44298fc1c149afbf4c8996fb92427ae41e4649b934ca495991b7852b855
Linear/Hsv	low-chroma	1.000000000000	crystalline	"[""target/debug/typst"",""eval"",""--format"",""json"",""repr((gradient.linear((rgb(128,128,128),0%),(rgb(255,43,0),100%),space:color.hsv,angle:0deg)).sample(100.000000000000%).components(alpha:true))""]"	aae068f1d1d22b3e533158291e2bb69256d53a9421b7a6bcbfa26db4d35300a1	0	ac78326029765b3c593c424af2edf9db1347a26619af4e85f5f064ad041dba83	e3b0c44298fc1c149afbf4c8996fb92427ae41e4649b934ca495991b7852b855
Linear/Hsv	low-chroma	1.000000000000	vanilla	"[""/usr/local/bin/typst"",""eval"",""--format"",""json"",""repr((gradient.linear((rgb(128,128,128),0%),(rgb(255,43,0),100%),space:color.hsv,angle:0deg)).sample(100.000000000000%).components(alpha:true))""]"	7b4f40c56d6fa95082ebcfd893e275d418ebcaed1b97b62785f78284c63ff7b8	0	ac78326029765b3c593c424af2edf9db1347a26619af4e85f5f064ad041dba83	e3b0c44298fc1c149afbf4c8996fb92427ae41e4649b934ca495991b7852b855
Linear/Hsv	no-wrap	0.000000000000	crystalline	"[""target/debug/typst"",""eval"",""--format"",""json"",""repr((gradient.linear((rgb(255,128,0),0%),(rgb(0,255,128),100%),space:color.hsv,angle:0deg)).sample(0.000000000000%).components(alpha:true))""]"	aae068f1d1d22b3e533158291e2bb69256d53a9421b7a6bcbfa26db4d35300a1	0	58cf50c528e370bee0b25132a9082e02a489f33e94281e872c248255038f024b	e3b0c44298fc1c149afbf4c8996fb92427ae41e4649b934ca495991b7852b855
Linear/Hsv	no-wrap	0.000000000000	vanilla	"[""/usr/local/bin/typst"",""eval"",""--format"",""json"",""repr((gradient.linear((rgb(255,128,0),0%),(rgb(0,255,128),100%),space:color.hsv,angle:0deg)).sample(0.000000000000%).components(alpha:true))""]"	7b4f40c56d6fa95082ebcfd893e275d418ebcaed1b97b62785f78284c63ff7b8	0	58cf50c528e370bee0b25132a9082e02a489f33e94281e872c248255038f024b	e3b0c44298fc1c149afbf4c8996fb92427ae41e4649b934ca495991b7852b855
Linear/Hsv	no-wrap	0.000001000000	crystalline	"[""target/debug/typst"",""eval"",""--format"",""json"",""repr((gradient.linear((rgb(255,128,0),0%),(rgb(0,255,128),100%),space:color.hsv,angle:0deg)).sample(0.000100000000%).components(alpha:true))""]"	aae068f1d1d22b3e533158291e2bb69256d53a9421b7a6bcbfa26db4d35300a1	0	58cf50c528e370bee0b25132a9082e02a489f33e94281e872c248255038f024b	e3b0c44298fc1c149afbf4c8996fb92427ae41e4649b934ca495991b7852b855
Linear/Hsv	no-wrap	0.000001000000	vanilla	"[""/usr/local/bin/typst"",""eval"",""--format"",""json"",""repr((gradient.linear((rgb(255,128,0),0%),(rgb(0,255,128),100%),space:color.hsv,angle:0deg)).sample(0.000100000000%).components(alpha:true))""]"	7b4f40c56d6fa95082ebcfd893e275d418ebcaed1b97b62785f78284c63ff7b8	0	58cf50c528e370bee0b25132a9082e02a489f33e94281e872c248255038f024b	e3b0c44298fc1c149afbf4c8996fb92427ae41e4649b934ca495991b7852b855
Linear/Hsv	no-wrap	0.250000000000	crystalline	"[""target/debug/typst"",""eval"",""--format"",""json"",""repr((gradient.linear((rgb(255,128,0),0%),(rgb(0,255,128),100%),space:color.hsv,angle:0deg)).sample(25.000000000000%).components(alpha:true))""]"	aae068f1d1d22b3e533158291e2bb69256d53a9421b7a6bcbfa26db4d35300a1	0	4dca1e173c9e07bcc5e6f0b071e3d615bff826b5a5be85ccf302317b90e0ba09	e3b0c44298fc1c149afbf4c8996fb92427ae41e4649b934ca495991b7852b855
Linear/Hsv	no-wrap	0.250000000000	vanilla	"[""/usr/local/bin/typst"",""eval"",""--format"",""json"",""repr((gradient.linear((rgb(255,128,0),0%),(rgb(0,255,128),100%),space:color.hsv,angle:0deg)).sample(25.000000000000%).components(alpha:true))""]"	7b4f40c56d6fa95082ebcfd893e275d418ebcaed1b97b62785f78284c63ff7b8	0	4dca1e173c9e07bcc5e6f0b071e3d615bff826b5a5be85ccf302317b90e0ba09	e3b0c44298fc1c149afbf4c8996fb92427ae41e4649b934ca495991b7852b855
Linear/Hsv	no-wrap	0.500000000000	crystalline	"[""target/debug/typst"",""eval"",""--format"",""json"",""repr((gradient.linear((rgb(255,128,0),0%),(rgb(0,255,128),100%),space:color.hsv,angle:0deg)).sample(50.000000000000%).components(alpha:true))""]"	aae068f1d1d22b3e533158291e2bb69256d53a9421b7a6bcbfa26db4d35300a1	0	372e4f6e6a4a9ebef2195b924c4916c7298b4b121278029a5b090809d5cda2e4	e3b0c44298fc1c149afbf4c8996fb92427ae41e4649b934ca495991b7852b855
Linear/Hsv	no-wrap	0.500000000000	vanilla	"[""/usr/local/bin/typst"",""eval"",""--format"",""json"",""repr((gradient.linear((rgb(255,128,0),0%),(rgb(0,255,128),100%),space:color.hsv,angle:0deg)).sample(50.000000000000%).components(alpha:true))""]"	7b4f40c56d6fa95082ebcfd893e275d418ebcaed1b97b62785f78284c63ff7b8	0	372e4f6e6a4a9ebef2195b924c4916c7298b4b121278029a5b090809d5cda2e4	e3b0c44298fc1c149afbf4c8996fb92427ae41e4649b934ca495991b7852b855
Linear/Hsv	no-wrap	0.750000000000	crystalline	"[""target/debug/typst"",""eval"",""--format"",""json"",""repr((gradient.linear((rgb(255,128,0),0%),(rgb(0,255,128),100%),space:color.hsv,angle:0deg)).sample(75.000000000000%).components(alpha:true))""]"	aae068f1d1d22b3e533158291e2bb69256d53a9421b7a6bcbfa26db4d35300a1	0	bdaaabbf3c42607874c1327596627af1d150c0361b89e0f6ca9c26410d8d94ed	e3b0c44298fc1c149afbf4c8996fb92427ae41e4649b934ca495991b7852b855
Linear/Hsv	no-wrap	0.750000000000	vanilla	"[""/usr/local/bin/typst"",""eval"",""--format"",""json"",""repr((gradient.linear((rgb(255,128,0),0%),(rgb(0,255,128),100%),space:color.hsv,angle:0deg)).sample(75.000000000000%).components(alpha:true))""]"	7b4f40c56d6fa95082ebcfd893e275d418ebcaed1b97b62785f78284c63ff7b8	0	bdaaabbf3c42607874c1327596627af1d150c0361b89e0f6ca9c26410d8d94ed	e3b0c44298fc1c149afbf4c8996fb92427ae41e4649b934ca495991b7852b855
Linear/Hsv	no-wrap	0.999999000000	crystalline	"[""target/debug/typst"",""eval"",""--format"",""json"",""repr((gradient.linear((rgb(255,128,0),0%),(rgb(0,255,128),100%),space:color.hsv,angle:0deg)).sample(99.999900000000%).components(alpha:true))""]"	aae068f1d1d22b3e533158291e2bb69256d53a9421b7a6bcbfa26db4d35300a1	0	1696c28b5b5ac15c9f300ad78cea24871ab0bab98403c796f8a073c5d0794666	e3b0c44298fc1c149afbf4c8996fb92427ae41e4649b934ca495991b7852b855
Linear/Hsv	no-wrap	0.999999000000	vanilla	"[""/usr/local/bin/typst"",""eval"",""--format"",""json"",""repr((gradient.linear((rgb(255,128,0),0%),(rgb(0,255,128),100%),space:color.hsv,angle:0deg)).sample(99.999900000000%).components(alpha:true))""]"	7b4f40c56d6fa95082ebcfd893e275d418ebcaed1b97b62785f78284c63ff7b8	0	1696c28b5b5ac15c9f300ad78cea24871ab0bab98403c796f8a073c5d0794666	e3b0c44298fc1c149afbf4c8996fb92427ae41e4649b934ca495991b7852b855
Linear/Hsv	no-wrap	1.000000000000	crystalline	"[""target/debug/typst"",""eval"",""--format"",""json"",""repr((gradient.linear((rgb(255,128,0),0%),(rgb(0,255,128),100%),space:color.hsv,angle:0deg)).sample(100.000000000000%).components(alpha:true))""]"	aae068f1d1d22b3e533158291e2bb69256d53a9421b7a6bcbfa26db4d35300a1	0	1696c28b5b5ac15c9f300ad78cea24871ab0bab98403c796f8a073c5d0794666	e3b0c44298fc1c149afbf4c8996fb92427ae41e4649b934ca495991b7852b855
Linear/Hsv	no-wrap	1.000000000000	vanilla	"[""/usr/local/bin/typst"",""eval"",""--format"",""json"",""repr((gradient.linear((rgb(255,128,0),0%),(rgb(0,255,128),100%),space:color.hsv,angle:0deg)).sample(100.000000000000%).components(alpha:true))""]"	7b4f40c56d6fa95082ebcfd893e275d418ebcaed1b97b62785f78284c63ff7b8	0	1696c28b5b5ac15c9f300ad78cea24871ab0bab98403c796f8a073c5d0794666	e3b0c44298fc1c149afbf4c8996fb92427ae41e4649b934ca495991b7852b855
Linear/Hsv	seam-forward	0.000000000000	crystalline	"[""target/debug/typst"",""eval"",""--format"",""json"",""repr((gradient.linear((rgb(255,0,43),0%),(rgb(255,43,0),100%),space:color.hsv,angle:0deg)).sample(0.000000000000%).components(alpha:true))""]"	aae068f1d1d22b3e533158291e2bb69256d53a9421b7a6bcbfa26db4d35300a1	0	7112be2575705eb8bf4d17f79ee2377e50fbfbfaa8b54fca34a32abda203024b	e3b0c44298fc1c149afbf4c8996fb92427ae41e4649b934ca495991b7852b855
Linear/Hsv	seam-forward	0.000000000000	vanilla	"[""/usr/local/bin/typst"",""eval"",""--format"",""json"",""repr((gradient.linear((rgb(255,0,43),0%),(rgb(255,43,0),100%),space:color.hsv,angle:0deg)).sample(0.000000000000%).components(alpha:true))""]"	7b4f40c56d6fa95082ebcfd893e275d418ebcaed1b97b62785f78284c63ff7b8	0	7112be2575705eb8bf4d17f79ee2377e50fbfbfaa8b54fca34a32abda203024b	e3b0c44298fc1c149afbf4c8996fb92427ae41e4649b934ca495991b7852b855
Linear/Hsv	seam-forward	0.000001000000	crystalline	"[""target/debug/typst"",""eval"",""--format"",""json"",""repr((gradient.linear((rgb(255,0,43),0%),(rgb(255,43,0),100%),space:color.hsv,angle:0deg)).sample(0.000100000000%).components(alpha:true))""]"	aae068f1d1d22b3e533158291e2bb69256d53a9421b7a6bcbfa26db4d35300a1	0	7112be2575705eb8bf4d17f79ee2377e50fbfbfaa8b54fca34a32abda203024b	e3b0c44298fc1c149afbf4c8996fb92427ae41e4649b934ca495991b7852b855
Linear/Hsv	seam-forward	0.000001000000	vanilla	"[""/usr/local/bin/typst"",""eval"",""--format"",""json"",""repr((gradient.linear((rgb(255,0,43),0%),(rgb(255,43,0),100%),space:color.hsv,angle:0deg)).sample(0.000100000000%).components(alpha:true))""]"	7b4f40c56d6fa95082ebcfd893e275d418ebcaed1b97b62785f78284c63ff7b8	0	7112be2575705eb8bf4d17f79ee2377e50fbfbfaa8b54fca34a32abda203024b	e3b0c44298fc1c149afbf4c8996fb92427ae41e4649b934ca495991b7852b855
Linear/Hsv	seam-forward	0.250000000000	crystalline	"[""target/debug/typst"",""eval"",""--format"",""json"",""repr((gradient.linear((rgb(255,0,43),0%),(rgb(255,43,0),100%),space:color.hsv,angle:0deg)).sample(25.000000000000%).components(alpha:true))""]"	aae068f1d1d22b3e533158291e2bb69256d53a9421b7a6bcbfa26db4d35300a1	0	25d4e269287b102015961fc56451f4bb83b4a9e0c1488699cc3e283b0a5c8918	e3b0c44298fc1c149afbf4c8996fb92427ae41e4649b934ca495991b7852b855
Linear/Hsv	seam-forward	0.250000000000	vanilla	"[""/usr/local/bin/typst"",""eval"",""--format"",""json"",""repr((gradient.linear((rgb(255,0,43),0%),(rgb(255,43,0),100%),space:color.hsv,angle:0deg)).sample(25.000000000000%).components(alpha:true))""]"	7b4f40c56d6fa95082ebcfd893e275d418ebcaed1b97b62785f78284c63ff7b8	0	25d4e269287b102015961fc56451f4bb83b4a9e0c1488699cc3e283b0a5c8918	e3b0c44298fc1c149afbf4c8996fb92427ae41e4649b934ca495991b7852b855
Linear/Hsv	seam-forward	0.500000000000	crystalline	"[""target/debug/typst"",""eval"",""--format"",""json"",""repr((gradient.linear((rgb(255,0,43),0%),(rgb(255,43,0),100%),space:color.hsv,angle:0deg)).sample(50.000000000000%).components(alpha:true))""]"	aae068f1d1d22b3e533158291e2bb69256d53a9421b7a6bcbfa26db4d35300a1	0	6590c0abfb32c2cab1d7276d672c566df3166e23a1506579b324d604f8c64927	e3b0c44298fc1c149afbf4c8996fb92427ae41e4649b934ca495991b7852b855
Linear/Hsv	seam-forward	0.500000000000	vanilla	"[""/usr/local/bin/typst"",""eval"",""--format"",""json"",""repr((gradient.linear((rgb(255,0,43),0%),(rgb(255,43,0),100%),space:color.hsv,angle:0deg)).sample(50.000000000000%).components(alpha:true))""]"	7b4f40c56d6fa95082ebcfd893e275d418ebcaed1b97b62785f78284c63ff7b8	0	6590c0abfb32c2cab1d7276d672c566df3166e23a1506579b324d604f8c64927	e3b0c44298fc1c149afbf4c8996fb92427ae41e4649b934ca495991b7852b855
Linear/Hsv	seam-forward	0.750000000000	crystalline	"[""target/debug/typst"",""eval"",""--format"",""json"",""repr((gradient.linear((rgb(255,0,43),0%),(rgb(255,43,0),100%),space:color.hsv,angle:0deg)).sample(75.000000000000%).components(alpha:true))""]"	aae068f1d1d22b3e533158291e2bb69256d53a9421b7a6bcbfa26db4d35300a1	0	1b2be5ff26543dfc10f55143257773d30e78af4472e47e1c085b1fac0cfba7cd	e3b0c44298fc1c149afbf4c8996fb92427ae41e4649b934ca495991b7852b855
Linear/Hsv	seam-forward	0.750000000000	vanilla	"[""/usr/local/bin/typst"",""eval"",""--format"",""json"",""repr((gradient.linear((rgb(255,0,43),0%),(rgb(255,43,0),100%),space:color.hsv,angle:0deg)).sample(75.000000000000%).components(alpha:true))""]"	7b4f40c56d6fa95082ebcfd893e275d418ebcaed1b97b62785f78284c63ff7b8	0	1b2be5ff26543dfc10f55143257773d30e78af4472e47e1c085b1fac0cfba7cd	e3b0c44298fc1c149afbf4c8996fb92427ae41e4649b934ca495991b7852b855
Linear/Hsv	seam-forward	0.999999000000	crystalline	"[""target/debug/typst"",""eval"",""--format"",""json"",""repr((gradient.linear((rgb(255,0,43),0%),(rgb(255,43,0),100%),space:color.hsv,angle:0deg)).sample(99.999900000000%).components(alpha:true))""]"	aae068f1d1d22b3e533158291e2bb69256d53a9421b7a6bcbfa26db4d35300a1	0	ac78326029765b3c593c424af2edf9db1347a26619af4e85f5f064ad041dba83	e3b0c44298fc1c149afbf4c8996fb92427ae41e4649b934ca495991b7852b855
Linear/Hsv	seam-forward	0.999999000000	vanilla	"[""/usr/local/bin/typst"",""eval"",""--format"",""json"",""repr((gradient.linear((rgb(255,0,43),0%),(rgb(255,43,0),100%),space:color.hsv,angle:0deg)).sample(99.999900000000%).components(alpha:true))""]"	7b4f40c56d6fa95082ebcfd893e275d418ebcaed1b97b62785f78284c63ff7b8	0	ac78326029765b3c593c424af2edf9db1347a26619af4e85f5f064ad041dba83	e3b0c44298fc1c149afbf4c8996fb92427ae41e4649b934ca495991b7852b855
Linear/Hsv	seam-forward	1.000000000000	crystalline	"[""target/debug/typst"",""eval"",""--format"",""json"",""repr((gradient.linear((rgb(255,0,43),0%),(rgb(255,43,0),100%),space:color.hsv,angle:0deg)).sample(100.000000000000%).components(alpha:true))""]"	aae068f1d1d22b3e533158291e2bb69256d53a9421b7a6bcbfa26db4d35300a1	0	ac78326029765b3c593c424af2edf9db1347a26619af4e85f5f064ad041dba83	e3b0c44298fc1c149afbf4c8996fb92427ae41e4649b934ca495991b7852b855
Linear/Hsv	seam-forward	1.000000000000	vanilla	"[""/usr/local/bin/typst"",""eval"",""--format"",""json"",""repr((gradient.linear((rgb(255,0,43),0%),(rgb(255,43,0),100%),space:color.hsv,angle:0deg)).sample(100.000000000000%).components(alpha:true))""]"	7b4f40c56d6fa95082ebcfd893e275d418ebcaed1b97b62785f78284c63ff7b8	0	ac78326029765b3c593c424af2edf9db1347a26619af4e85f5f064ad041dba83	e3b0c44298fc1c149afbf4c8996fb92427ae41e4649b934ca495991b7852b855
Linear/Hsv	seam-reverse	0.000000000000	crystalline	"[""target/debug/typst"",""eval"",""--format"",""json"",""repr((gradient.linear((rgb(255,43,0),0%),(rgb(255,0,43),100%),space:color.hsv,angle:0deg)).sample(0.000000000000%).components(alpha:true))""]"	aae068f1d1d22b3e533158291e2bb69256d53a9421b7a6bcbfa26db4d35300a1	0	ac78326029765b3c593c424af2edf9db1347a26619af4e85f5f064ad041dba83	e3b0c44298fc1c149afbf4c8996fb92427ae41e4649b934ca495991b7852b855
Linear/Hsv	seam-reverse	0.000000000000	vanilla	"[""/usr/local/bin/typst"",""eval"",""--format"",""json"",""repr((gradient.linear((rgb(255,43,0),0%),(rgb(255,0,43),100%),space:color.hsv,angle:0deg)).sample(0.000000000000%).components(alpha:true))""]"	7b4f40c56d6fa95082ebcfd893e275d418ebcaed1b97b62785f78284c63ff7b8	0	ac78326029765b3c593c424af2edf9db1347a26619af4e85f5f064ad041dba83	e3b0c44298fc1c149afbf4c8996fb92427ae41e4649b934ca495991b7852b855
Linear/Hsv	seam-reverse	0.000001000000	crystalline	"[""target/debug/typst"",""eval"",""--format"",""json"",""repr((gradient.linear((rgb(255,43,0),0%),(rgb(255,0,43),100%),space:color.hsv,angle:0deg)).sample(0.000100000000%).components(alpha:true))""]"	aae068f1d1d22b3e533158291e2bb69256d53a9421b7a6bcbfa26db4d35300a1	0	ac78326029765b3c593c424af2edf9db1347a26619af4e85f5f064ad041dba83	e3b0c44298fc1c149afbf4c8996fb92427ae41e4649b934ca495991b7852b855
Linear/Hsv	seam-reverse	0.000001000000	vanilla	"[""/usr/local/bin/typst"",""eval"",""--format"",""json"",""repr((gradient.linear((rgb(255,43,0),0%),(rgb(255,0,43),100%),space:color.hsv,angle:0deg)).sample(0.000100000000%).components(alpha:true))""]"	7b4f40c56d6fa95082ebcfd893e275d418ebcaed1b97b62785f78284c63ff7b8	0	ac78326029765b3c593c424af2edf9db1347a26619af4e85f5f064ad041dba83	e3b0c44298fc1c149afbf4c8996fb92427ae41e4649b934ca495991b7852b855
Linear/Hsv	seam-reverse	0.250000000000	crystalline	"[""target/debug/typst"",""eval"",""--format"",""json"",""repr((gradient.linear((rgb(255,43,0),0%),(rgb(255,0,43),100%),space:color.hsv,angle:0deg)).sample(25.000000000000%).components(alpha:true))""]"	aae068f1d1d22b3e533158291e2bb69256d53a9421b7a6bcbfa26db4d35300a1	0	1b2be5ff26543dfc10f55143257773d30e78af4472e47e1c085b1fac0cfba7cd	e3b0c44298fc1c149afbf4c8996fb92427ae41e4649b934ca495991b7852b855
Linear/Hsv	seam-reverse	0.250000000000	vanilla	"[""/usr/local/bin/typst"",""eval"",""--format"",""json"",""repr((gradient.linear((rgb(255,43,0),0%),(rgb(255,0,43),100%),space:color.hsv,angle:0deg)).sample(25.000000000000%).components(alpha:true))""]"	7b4f40c56d6fa95082ebcfd893e275d418ebcaed1b97b62785f78284c63ff7b8	0	1b2be5ff26543dfc10f55143257773d30e78af4472e47e1c085b1fac0cfba7cd	e3b0c44298fc1c149afbf4c8996fb92427ae41e4649b934ca495991b7852b855
Linear/Hsv	seam-reverse	0.500000000000	crystalline	"[""target/debug/typst"",""eval"",""--format"",""json"",""repr((gradient.linear((rgb(255,43,0),0%),(rgb(255,0,43),100%),space:color.hsv,angle:0deg)).sample(50.000000000000%).components(alpha:true))""]"	aae068f1d1d22b3e533158291e2bb69256d53a9421b7a6bcbfa26db4d35300a1	0	6590c0abfb32c2cab1d7276d672c566df3166e23a1506579b324d604f8c64927	e3b0c44298fc1c149afbf4c8996fb92427ae41e4649b934ca495991b7852b855
Linear/Hsv	seam-reverse	0.500000000000	vanilla	"[""/usr/local/bin/typst"",""eval"",""--format"",""json"",""repr((gradient.linear((rgb(255,43,0),0%),(rgb(255,0,43),100%),space:color.hsv,angle:0deg)).sample(50.000000000000%).components(alpha:true))""]"	7b4f40c56d6fa95082ebcfd893e275d418ebcaed1b97b62785f78284c63ff7b8	0	6590c0abfb32c2cab1d7276d672c566df3166e23a1506579b324d604f8c64927	e3b0c44298fc1c149afbf4c8996fb92427ae41e4649b934ca495991b7852b855
Linear/Hsv	seam-reverse	0.750000000000	crystalline	"[""target/debug/typst"",""eval"",""--format"",""json"",""repr((gradient.linear((rgb(255,43,0),0%),(rgb(255,0,43),100%),space:color.hsv,angle:0deg)).sample(75.000000000000%).components(alpha:true))""]"	aae068f1d1d22b3e533158291e2bb69256d53a9421b7a6bcbfa26db4d35300a1	0	25d4e269287b102015961fc56451f4bb83b4a9e0c1488699cc3e283b0a5c8918	e3b0c44298fc1c149afbf4c8996fb92427ae41e4649b934ca495991b7852b855
Linear/Hsv	seam-reverse	0.750000000000	vanilla	"[""/usr/local/bin/typst"",""eval"",""--format"",""json"",""repr((gradient.linear((rgb(255,43,0),0%),(rgb(255,0,43),100%),space:color.hsv,angle:0deg)).sample(75.000000000000%).components(alpha:true))""]"	7b4f40c56d6fa95082ebcfd893e275d418ebcaed1b97b62785f78284c63ff7b8	0	25d4e269287b102015961fc56451f4bb83b4a9e0c1488699cc3e283b0a5c8918	e3b0c44298fc1c149afbf4c8996fb92427ae41e4649b934ca495991b7852b855
Linear/Hsv	seam-reverse	0.999999000000	crystalline	"[""target/debug/typst"",""eval"",""--format"",""json"",""repr((gradient.linear((rgb(255,43,0),0%),(rgb(255,0,43),100%),space:color.hsv,angle:0deg)).sample(99.999900000000%).components(alpha:true))""]"	aae068f1d1d22b3e533158291e2bb69256d53a9421b7a6bcbfa26db4d35300a1	0	7112be2575705eb8bf4d17f79ee2377e50fbfbfaa8b54fca34a32abda203024b	e3b0c44298fc1c149afbf4c8996fb92427ae41e4649b934ca495991b7852b855
Linear/Hsv	seam-reverse	0.999999000000	vanilla	"[""/usr/local/bin/typst"",""eval"",""--format"",""json"",""repr((gradient.linear((rgb(255,43,0),0%),(rgb(255,0,43),100%),space:color.hsv,angle:0deg)).sample(99.999900000000%).components(alpha:true))""]"	7b4f40c56d6fa95082ebcfd893e275d418ebcaed1b97b62785f78284c63ff7b8	0	7112be2575705eb8bf4d17f79ee2377e50fbfbfaa8b54fca34a32abda203024b	e3b0c44298fc1c149afbf4c8996fb92427ae41e4649b934ca495991b7852b855
Linear/Hsv	seam-reverse	1.000000000000	crystalline	"[""target/debug/typst"",""eval"",""--format"",""json"",""repr((gradient.linear((rgb(255,43,0),0%),(rgb(255,0,43),100%),space:color.hsv,angle:0deg)).sample(100.000000000000%).components(alpha:true))""]"	aae068f1d1d22b3e533158291e2bb69256d53a9421b7a6bcbfa26db4d35300a1	0	7112be2575705eb8bf4d17f79ee2377e50fbfbfaa8b54fca34a32abda203024b	e3b0c44298fc1c149afbf4c8996fb92427ae41e4649b934ca495991b7852b855
Linear/Hsv	seam-reverse	1.000000000000	vanilla	"[""/usr/local/bin/typst"",""eval"",""--format"",""json"",""repr((gradient.linear((rgb(255,43,0),0%),(rgb(255,0,43),100%),space:color.hsv,angle:0deg)).sample(100.000000000000%).components(alpha:true))""]"	7b4f40c56d6fa95082ebcfd893e275d418ebcaed1b97b62785f78284c63ff7b8	0	7112be2575705eb8bf4d17f79ee2377e50fbfbfaa8b54fca34a32abda203024b	e3b0c44298fc1c149afbf4c8996fb92427ae41e4649b934ca495991b7852b855
Linear/Oklch	alpha-first	0.000000000000	crystalline	"[""target/debug/typst"",""eval"",""--format"",""json"",""repr((gradient.linear((rgb(230,0,140).transparentize(60%),0%),(rgb(255,80,120),100%),space:color.oklch,angle:0deg)).sample(0.000000000000%).components(alpha:true))""]"	aae068f1d1d22b3e533158291e2bb69256d53a9421b7a6bcbfa26db4d35300a1	0	60558c218688bdba02c35629fd427eff0945f34b43300db5cc51ac186c6e68bc	e3b0c44298fc1c149afbf4c8996fb92427ae41e4649b934ca495991b7852b855
Linear/Oklch	alpha-first	0.000000000000	vanilla	"[""/usr/local/bin/typst"",""eval"",""--format"",""json"",""repr((gradient.linear((rgb(230,0,140).transparentize(60%),0%),(rgb(255,80,120),100%),space:color.oklch,angle:0deg)).sample(0.000000000000%).components(alpha:true))""]"	7b4f40c56d6fa95082ebcfd893e275d418ebcaed1b97b62785f78284c63ff7b8	0	84f0fd0b1ba1410e9ddf09b7fe2ad2649861925b62dfc81447d692f39b14be49	e3b0c44298fc1c149afbf4c8996fb92427ae41e4649b934ca495991b7852b855
Linear/Oklch	alpha-first	0.000001000000	crystalline	"[""target/debug/typst"",""eval"",""--format"",""json"",""repr((gradient.linear((rgb(230,0,140).transparentize(60%),0%),(rgb(255,80,120),100%),space:color.oklch,angle:0deg)).sample(0.000100000000%).components(alpha:true))""]"	aae068f1d1d22b3e533158291e2bb69256d53a9421b7a6bcbfa26db4d35300a1	0	c3b67cae6e13b30ad4ce3631b82534cd403f7b330e34bb8e0dd693a79e69babd	e3b0c44298fc1c149afbf4c8996fb92427ae41e4649b934ca495991b7852b855
Linear/Oklch	alpha-first	0.000001000000	vanilla	"[""/usr/local/bin/typst"",""eval"",""--format"",""json"",""repr((gradient.linear((rgb(230,0,140).transparentize(60%),0%),(rgb(255,80,120),100%),space:color.oklch,angle:0deg)).sample(0.000100000000%).components(alpha:true))""]"	7b4f40c56d6fa95082ebcfd893e275d418ebcaed1b97b62785f78284c63ff7b8	0	cf3e83938cdf5529b6ab539cc8f94e8a8ed1435b0df15eeebc3b4374da9fcf8b	e3b0c44298fc1c149afbf4c8996fb92427ae41e4649b934ca495991b7852b855
Linear/Oklch	alpha-first	0.250000000000	crystalline	"[""target/debug/typst"",""eval"",""--format"",""json"",""repr((gradient.linear((rgb(230,0,140).transparentize(60%),0%),(rgb(255,80,120),100%),space:color.oklch,angle:0deg)).sample(25.000000000000%).components(alpha:true))""]"	aae068f1d1d22b3e533158291e2bb69256d53a9421b7a6bcbfa26db4d35300a1	0	d282290efe2bf016501c3e8552502d7e8f21d200fdcc75f91057ba5fb845b199	e3b0c44298fc1c149afbf4c8996fb92427ae41e4649b934ca495991b7852b855
Linear/Oklch	alpha-first	0.250000000000	vanilla	"[""/usr/local/bin/typst"",""eval"",""--format"",""json"",""repr((gradient.linear((rgb(230,0,140).transparentize(60%),0%),(rgb(255,80,120),100%),space:color.oklch,angle:0deg)).sample(25.000000000000%).components(alpha:true))""]"	7b4f40c56d6fa95082ebcfd893e275d418ebcaed1b97b62785f78284c63ff7b8	0	d282290efe2bf016501c3e8552502d7e8f21d200fdcc75f91057ba5fb845b199	e3b0c44298fc1c149afbf4c8996fb92427ae41e4649b934ca495991b7852b855
Linear/Oklch	alpha-first	0.500000000000	crystalline	"[""target/debug/typst"",""eval"",""--format"",""json"",""repr((gradient.linear((rgb(230,0,140).transparentize(60%),0%),(rgb(255,80,120),100%),space:color.oklch,angle:0deg)).sample(50.000000000000%).components(alpha:true))""]"	aae068f1d1d22b3e533158291e2bb69256d53a9421b7a6bcbfa26db4d35300a1	0	2d1d0a634b945e66e2edb76bb99d4d50123b3c4e22d77296cd26e1a70c82956f	e3b0c44298fc1c149afbf4c8996fb92427ae41e4649b934ca495991b7852b855
Linear/Oklch	alpha-first	0.500000000000	vanilla	"[""/usr/local/bin/typst"",""eval"",""--format"",""json"",""repr((gradient.linear((rgb(230,0,140).transparentize(60%),0%),(rgb(255,80,120),100%),space:color.oklch,angle:0deg)).sample(50.000000000000%).components(alpha:true))""]"	7b4f40c56d6fa95082ebcfd893e275d418ebcaed1b97b62785f78284c63ff7b8	0	9eed2d66ab1600e2898d3a945c9af1c68709d3541f33f304224d169b75cc6488	e3b0c44298fc1c149afbf4c8996fb92427ae41e4649b934ca495991b7852b855
Linear/Oklch	alpha-first	0.750000000000	crystalline	"[""target/debug/typst"",""eval"",""--format"",""json"",""repr((gradient.linear((rgb(230,0,140).transparentize(60%),0%),(rgb(255,80,120),100%),space:color.oklch,angle:0deg)).sample(75.000000000000%).components(alpha:true))""]"	aae068f1d1d22b3e533158291e2bb69256d53a9421b7a6bcbfa26db4d35300a1	0	c927c59d8654239a4c5576c971aa76108429f706810c45b8325ce244977888f4	e3b0c44298fc1c149afbf4c8996fb92427ae41e4649b934ca495991b7852b855
Linear/Oklch	alpha-first	0.750000000000	vanilla	"[""/usr/local/bin/typst"",""eval"",""--format"",""json"",""repr((gradient.linear((rgb(230,0,140).transparentize(60%),0%),(rgb(255,80,120),100%),space:color.oklch,angle:0deg)).sample(75.000000000000%).components(alpha:true))""]"	7b4f40c56d6fa95082ebcfd893e275d418ebcaed1b97b62785f78284c63ff7b8	0	c3da396668c7c86a6ac6b4e23ad4d9409a52bc57ec5ecb732b2ccc010c2a4f79	e3b0c44298fc1c149afbf4c8996fb92427ae41e4649b934ca495991b7852b855
Linear/Oklch	alpha-first	0.999999000000	crystalline	"[""target/debug/typst"",""eval"",""--format"",""json"",""repr((gradient.linear((rgb(230,0,140).transparentize(60%),0%),(rgb(255,80,120),100%),space:color.oklch,angle:0deg)).sample(99.999900000000%).components(alpha:true))""]"	aae068f1d1d22b3e533158291e2bb69256d53a9421b7a6bcbfa26db4d35300a1	0	f9cb0c6ff141b537f4bf42eb12e3740bd95da5867dcfb7d7018df07cb136fcd1	e3b0c44298fc1c149afbf4c8996fb92427ae41e4649b934ca495991b7852b855
Linear/Oklch	alpha-first	0.999999000000	vanilla	"[""/usr/local/bin/typst"",""eval"",""--format"",""json"",""repr((gradient.linear((rgb(230,0,140).transparentize(60%),0%),(rgb(255,80,120),100%),space:color.oklch,angle:0deg)).sample(99.999900000000%).components(alpha:true))""]"	7b4f40c56d6fa95082ebcfd893e275d418ebcaed1b97b62785f78284c63ff7b8	0	f9cb0c6ff141b537f4bf42eb12e3740bd95da5867dcfb7d7018df07cb136fcd1	e3b0c44298fc1c149afbf4c8996fb92427ae41e4649b934ca495991b7852b855
Linear/Oklch	alpha-first	1.000000000000	crystalline	"[""target/debug/typst"",""eval"",""--format"",""json"",""repr((gradient.linear((rgb(230,0,140).transparentize(60%),0%),(rgb(255,80,120),100%),space:color.oklch,angle:0deg)).sample(100.000000000000%).components(alpha:true))""]"	aae068f1d1d22b3e533158291e2bb69256d53a9421b7a6bcbfa26db4d35300a1	0	7f64d7fc901d1ac011bea3903fa513fb07fde91c4c1edc86534d53716ea4e04d	e3b0c44298fc1c149afbf4c8996fb92427ae41e4649b934ca495991b7852b855
Linear/Oklch	alpha-first	1.000000000000	vanilla	"[""/usr/local/bin/typst"",""eval"",""--format"",""json"",""repr((gradient.linear((rgb(230,0,140).transparentize(60%),0%),(rgb(255,80,120),100%),space:color.oklch,angle:0deg)).sample(100.000000000000%).components(alpha:true))""]"	7b4f40c56d6fa95082ebcfd893e275d418ebcaed1b97b62785f78284c63ff7b8	0	7f64d7fc901d1ac011bea3903fa513fb07fde91c4c1edc86534d53716ea4e04d	e3b0c44298fc1c149afbf4c8996fb92427ae41e4649b934ca495991b7852b855
Linear/Oklch	alpha-last	0.000000000000	crystalline	"[""target/debug/typst"",""eval"",""--format"",""json"",""repr((gradient.linear((rgb(230,0,140),0%),(rgb(255,80,120).transparentize(60%),100%),space:color.oklch,angle:0deg)).sample(0.000000000000%).components(alpha:true))""]"	aae068f1d1d22b3e533158291e2bb69256d53a9421b7a6bcbfa26db4d35300a1	0	c69dd0a53a158b9efc82cfb87a0850dd413855882eb153cc278f7e2100dee303	e3b0c44298fc1c149afbf4c8996fb92427ae41e4649b934ca495991b7852b855
Linear/Oklch	alpha-last	0.000000000000	vanilla	"[""/usr/local/bin/typst"",""eval"",""--format"",""json"",""repr((gradient.linear((rgb(230,0,140),0%),(rgb(255,80,120).transparentize(60%),100%),space:color.oklch,angle:0deg)).sample(0.000000000000%).components(alpha:true))""]"	7b4f40c56d6fa95082ebcfd893e275d418ebcaed1b97b62785f78284c63ff7b8	0	2fc9fc4e0b6fe0e0ef56dcdc03fd9735547e1aa5da942c34641ecfa3709a1e01	e3b0c44298fc1c149afbf4c8996fb92427ae41e4649b934ca495991b7852b855
Linear/Oklch	alpha-last	0.000001000000	crystalline	"[""target/debug/typst"",""eval"",""--format"",""json"",""repr((gradient.linear((rgb(230,0,140),0%),(rgb(255,80,120).transparentize(60%),100%),space:color.oklch,angle:0deg)).sample(0.000100000000%).components(alpha:true))""]"	aae068f1d1d22b3e533158291e2bb69256d53a9421b7a6bcbfa26db4d35300a1	0	c2d00cdcc9f3a80ecea46b706366801cf312dca77ea2c2dcced3d9e8ec460355	e3b0c44298fc1c149afbf4c8996fb92427ae41e4649b934ca495991b7852b855
Linear/Oklch	alpha-last	0.000001000000	vanilla	"[""/usr/local/bin/typst"",""eval"",""--format"",""json"",""repr((gradient.linear((rgb(230,0,140),0%),(rgb(255,80,120).transparentize(60%),100%),space:color.oklch,angle:0deg)).sample(0.000100000000%).components(alpha:true))""]"	7b4f40c56d6fa95082ebcfd893e275d418ebcaed1b97b62785f78284c63ff7b8	0	c15a5e4ffdaa88938c1bf97798cff8d1a059d14e93bcceb615664e07d25ffb2e	e3b0c44298fc1c149afbf4c8996fb92427ae41e4649b934ca495991b7852b855
Linear/Oklch	alpha-last	0.250000000000	crystalline	"[""target/debug/typst"",""eval"",""--format"",""json"",""repr((gradient.linear((rgb(230,0,140),0%),(rgb(255,80,120).transparentize(60%),100%),space:color.oklch,angle:0deg)).sample(25.000000000000%).components(alpha:true))""]"	aae068f1d1d22b3e533158291e2bb69256d53a9421b7a6bcbfa26db4d35300a1	0	af20a679fd16a58d2daf98c556e19c06456bdc77b7c07bc80f2b18667b589c00	e3b0c44298fc1c149afbf4c8996fb92427ae41e4649b934ca495991b7852b855
Linear/Oklch	alpha-last	0.250000000000	vanilla	"[""/usr/local/bin/typst"",""eval"",""--format"",""json"",""repr((gradient.linear((rgb(230,0,140),0%),(rgb(255,80,120).transparentize(60%),100%),space:color.oklch,angle:0deg)).sample(25.000000000000%).components(alpha:true))""]"	7b4f40c56d6fa95082ebcfd893e275d418ebcaed1b97b62785f78284c63ff7b8	0	af20a679fd16a58d2daf98c556e19c06456bdc77b7c07bc80f2b18667b589c00	e3b0c44298fc1c149afbf4c8996fb92427ae41e4649b934ca495991b7852b855
Linear/Oklch	alpha-last	0.500000000000	crystalline	"[""target/debug/typst"",""eval"",""--format"",""json"",""repr((gradient.linear((rgb(230,0,140),0%),(rgb(255,80,120).transparentize(60%),100%),space:color.oklch,angle:0deg)).sample(50.000000000000%).components(alpha:true))""]"	aae068f1d1d22b3e533158291e2bb69256d53a9421b7a6bcbfa26db4d35300a1	0	2d1d0a634b945e66e2edb76bb99d4d50123b3c4e22d77296cd26e1a70c82956f	e3b0c44298fc1c149afbf4c8996fb92427ae41e4649b934ca495991b7852b855
Linear/Oklch	alpha-last	0.500000000000	vanilla	"[""/usr/local/bin/typst"",""eval"",""--format"",""json"",""repr((gradient.linear((rgb(230,0,140),0%),(rgb(255,80,120).transparentize(60%),100%),space:color.oklch,angle:0deg)).sample(50.000000000000%).components(alpha:true))""]"	7b4f40c56d6fa95082ebcfd893e275d418ebcaed1b97b62785f78284c63ff7b8	0	9eed2d66ab1600e2898d3a945c9af1c68709d3541f33f304224d169b75cc6488	e3b0c44298fc1c149afbf4c8996fb92427ae41e4649b934ca495991b7852b855
Linear/Oklch	alpha-last	0.750000000000	crystalline	"[""target/debug/typst"",""eval"",""--format"",""json"",""repr((gradient.linear((rgb(230,0,140),0%),(rgb(255,80,120).transparentize(60%),100%),space:color.oklch,angle:0deg)).sample(75.000000000000%).components(alpha:true))""]"	aae068f1d1d22b3e533158291e2bb69256d53a9421b7a6bcbfa26db4d35300a1	0	e71ddbadd94db75a4ed50f355538df3d2e4745f30177b9b8da96acccc9db65a5	e3b0c44298fc1c149afbf4c8996fb92427ae41e4649b934ca495991b7852b855
Linear/Oklch	alpha-last	0.750000000000	vanilla	"[""/usr/local/bin/typst"",""eval"",""--format"",""json"",""repr((gradient.linear((rgb(230,0,140),0%),(rgb(255,80,120).transparentize(60%),100%),space:color.oklch,angle:0deg)).sample(75.000000000000%).components(alpha:true))""]"	7b4f40c56d6fa95082ebcfd893e275d418ebcaed1b97b62785f78284c63ff7b8	0	f7d77ed85337d52c722cebc6204c4f0674d44d185e872298f61cee32fd3ce551	e3b0c44298fc1c149afbf4c8996fb92427ae41e4649b934ca495991b7852b855
Linear/Oklch	alpha-last	0.999999000000	crystalline	"[""target/debug/typst"",""eval"",""--format"",""json"",""repr((gradient.linear((rgb(230,0,140),0%),(rgb(255,80,120).transparentize(60%),100%),space:color.oklch,angle:0deg)).sample(99.999900000000%).components(alpha:true))""]"	aae068f1d1d22b3e533158291e2bb69256d53a9421b7a6bcbfa26db4d35300a1	0	ec73c139400ece674193b3896f370348f04aec9cf48aded65c2cf1c27a648821	e3b0c44298fc1c149afbf4c8996fb92427ae41e4649b934ca495991b7852b855
Linear/Oklch	alpha-last	0.999999000000	vanilla	"[""/usr/local/bin/typst"",""eval"",""--format"",""json"",""repr((gradient.linear((rgb(230,0,140),0%),(rgb(255,80,120).transparentize(60%),100%),space:color.oklch,angle:0deg)).sample(99.999900000000%).components(alpha:true))""]"	7b4f40c56d6fa95082ebcfd893e275d418ebcaed1b97b62785f78284c63ff7b8	0	ec73c139400ece674193b3896f370348f04aec9cf48aded65c2cf1c27a648821	e3b0c44298fc1c149afbf4c8996fb92427ae41e4649b934ca495991b7852b855
Linear/Oklch	alpha-last	1.000000000000	crystalline	"[""target/debug/typst"",""eval"",""--format"",""json"",""repr((gradient.linear((rgb(230,0,140),0%),(rgb(255,80,120).transparentize(60%),100%),space:color.oklch,angle:0deg)).sample(100.000000000000%).components(alpha:true))""]"	aae068f1d1d22b3e533158291e2bb69256d53a9421b7a6bcbfa26db4d35300a1	0	91c366f699e7a00762a39ca3b163eb37b388dcd39ae3d404a306198314b8ace0	e3b0c44298fc1c149afbf4c8996fb92427ae41e4649b934ca495991b7852b855
Linear/Oklch	alpha-last	1.000000000000	vanilla	"[""/usr/local/bin/typst"",""eval"",""--format"",""json"",""repr((gradient.linear((rgb(230,0,140),0%),(rgb(255,80,120).transparentize(60%),100%),space:color.oklch,angle:0deg)).sample(100.000000000000%).components(alpha:true))""]"	7b4f40c56d6fa95082ebcfd893e275d418ebcaed1b97b62785f78284c63ff7b8	0	91c366f699e7a00762a39ca3b163eb37b388dcd39ae3d404a306198314b8ace0	e3b0c44298fc1c149afbf4c8996fb92427ae41e4649b934ca495991b7852b855
Linear/Oklch	low-chroma	0.000000000000	crystalline	"[""target/debug/typst"",""eval"",""--format"",""json"",""repr((gradient.linear((rgb(128,128,128),0%),(rgb(255,43,0),100%),space:color.oklch,angle:0deg)).sample(0.000000000000%).components(alpha:true))""]"	aae068f1d1d22b3e533158291e2bb69256d53a9421b7a6bcbfa26db4d35300a1	0	fa69077c057307128f9c0b4f5d4c49f431cdbb3d2b77de9a5c8f0456460aff23	e3b0c44298fc1c149afbf4c8996fb92427ae41e4649b934ca495991b7852b855
Linear/Oklch	low-chroma	0.000000000000	vanilla	"[""/usr/local/bin/typst"",""eval"",""--format"",""json"",""repr((gradient.linear((rgb(128,128,128),0%),(rgb(255,43,0),100%),space:color.oklch,angle:0deg)).sample(0.000000000000%).components(alpha:true))""]"	7b4f40c56d6fa95082ebcfd893e275d418ebcaed1b97b62785f78284c63ff7b8	0	0f176f51a6b4264b21e51c5e766ce29e827bfb94b4537baf6b6f26d39441a1cf	e3b0c44298fc1c149afbf4c8996fb92427ae41e4649b934ca495991b7852b855
Linear/Oklch	low-chroma	0.000001000000	crystalline	"[""target/debug/typst"",""eval"",""--format"",""json"",""repr((gradient.linear((rgb(128,128,128),0%),(rgb(255,43,0),100%),space:color.oklch,angle:0deg)).sample(0.000100000000%).components(alpha:true))""]"	aae068f1d1d22b3e533158291e2bb69256d53a9421b7a6bcbfa26db4d35300a1	0	21c20fac496b0d8f5b3b08d44a16fe29e7f73da109b3c271b6d173166e137da8	e3b0c44298fc1c149afbf4c8996fb92427ae41e4649b934ca495991b7852b855
Linear/Oklch	low-chroma	0.000001000000	vanilla	"[""/usr/local/bin/typst"",""eval"",""--format"",""json"",""repr((gradient.linear((rgb(128,128,128),0%),(rgb(255,43,0),100%),space:color.oklch,angle:0deg)).sample(0.000100000000%).components(alpha:true))""]"	7b4f40c56d6fa95082ebcfd893e275d418ebcaed1b97b62785f78284c63ff7b8	0	adca761aa9e3ea9d24ffeb35e4a018734a4a5883004939020c775d77f1be79a8	e3b0c44298fc1c149afbf4c8996fb92427ae41e4649b934ca495991b7852b855
Linear/Oklch	low-chroma	0.250000000000	crystalline	"[""target/debug/typst"",""eval"",""--format"",""json"",""repr((gradient.linear((rgb(128,128,128),0%),(rgb(255,43,0),100%),space:color.oklch,angle:0deg)).sample(25.000000000000%).components(alpha:true))""]"	aae068f1d1d22b3e533158291e2bb69256d53a9421b7a6bcbfa26db4d35300a1	0	ed884a9bd8094ae99388a10c84e577876f181ffa92b879430aef887844ba831e	e3b0c44298fc1c149afbf4c8996fb92427ae41e4649b934ca495991b7852b855
Linear/Oklch	low-chroma	0.250000000000	vanilla	"[""/usr/local/bin/typst"",""eval"",""--format"",""json"",""repr((gradient.linear((rgb(128,128,128),0%),(rgb(255,43,0),100%),space:color.oklch,angle:0deg)).sample(25.000000000000%).components(alpha:true))""]"	7b4f40c56d6fa95082ebcfd893e275d418ebcaed1b97b62785f78284c63ff7b8	0	ed884a9bd8094ae99388a10c84e577876f181ffa92b879430aef887844ba831e	e3b0c44298fc1c149afbf4c8996fb92427ae41e4649b934ca495991b7852b855
Linear/Oklch	low-chroma	0.500000000000	crystalline	"[""target/debug/typst"",""eval"",""--format"",""json"",""repr((gradient.linear((rgb(128,128,128),0%),(rgb(255,43,0),100%),space:color.oklch,angle:0deg)).sample(50.000000000000%).components(alpha:true))""]"	aae068f1d1d22b3e533158291e2bb69256d53a9421b7a6bcbfa26db4d35300a1	0	4586e6ec817c3902cb173e50962bb5373f39a2e476db3e9648490e7b768096ba	e3b0c44298fc1c149afbf4c8996fb92427ae41e4649b934ca495991b7852b855
Linear/Oklch	low-chroma	0.500000000000	vanilla	"[""/usr/local/bin/typst"",""eval"",""--format"",""json"",""repr((gradient.linear((rgb(128,128,128),0%),(rgb(255,43,0),100%),space:color.oklch,angle:0deg)).sample(50.000000000000%).components(alpha:true))""]"	7b4f40c56d6fa95082ebcfd893e275d418ebcaed1b97b62785f78284c63ff7b8	0	4586e6ec817c3902cb173e50962bb5373f39a2e476db3e9648490e7b768096ba	e3b0c44298fc1c149afbf4c8996fb92427ae41e4649b934ca495991b7852b855
Linear/Oklch	low-chroma	0.750000000000	crystalline	"[""target/debug/typst"",""eval"",""--format"",""json"",""repr((gradient.linear((rgb(128,128,128),0%),(rgb(255,43,0),100%),space:color.oklch,angle:0deg)).sample(75.000000000000%).components(alpha:true))""]"	aae068f1d1d22b3e533158291e2bb69256d53a9421b7a6bcbfa26db4d35300a1	0	4e0fb8382535ebbd8c228f8d4aab5cdea9f777b2d9fd717b537a8cf0b0aba2d2	e3b0c44298fc1c149afbf4c8996fb92427ae41e4649b934ca495991b7852b855
Linear/Oklch	low-chroma	0.750000000000	vanilla	"[""/usr/local/bin/typst"",""eval"",""--format"",""json"",""repr((gradient.linear((rgb(128,128,128),0%),(rgb(255,43,0),100%),space:color.oklch,angle:0deg)).sample(75.000000000000%).components(alpha:true))""]"	7b4f40c56d6fa95082ebcfd893e275d418ebcaed1b97b62785f78284c63ff7b8	0	4e0fb8382535ebbd8c228f8d4aab5cdea9f777b2d9fd717b537a8cf0b0aba2d2	e3b0c44298fc1c149afbf4c8996fb92427ae41e4649b934ca495991b7852b855
Linear/Oklch	low-chroma	0.999999000000	crystalline	"[""target/debug/typst"",""eval"",""--format"",""json"",""repr((gradient.linear((rgb(128,128,128),0%),(rgb(255,43,0),100%),space:color.oklch,angle:0deg)).sample(99.999900000000%).components(alpha:true))""]"	aae068f1d1d22b3e533158291e2bb69256d53a9421b7a6bcbfa26db4d35300a1	0	6f29ba61c8736fbab74381eac13cb9eccb676071d8b3fb579ecba15ab1ad6ce2	e3b0c44298fc1c149afbf4c8996fb92427ae41e4649b934ca495991b7852b855
Linear/Oklch	low-chroma	0.999999000000	vanilla	"[""/usr/local/bin/typst"",""eval"",""--format"",""json"",""repr((gradient.linear((rgb(128,128,128),0%),(rgb(255,43,0),100%),space:color.oklch,angle:0deg)).sample(99.999900000000%).components(alpha:true))""]"	7b4f40c56d6fa95082ebcfd893e275d418ebcaed1b97b62785f78284c63ff7b8	0	6f29ba61c8736fbab74381eac13cb9eccb676071d8b3fb579ecba15ab1ad6ce2	e3b0c44298fc1c149afbf4c8996fb92427ae41e4649b934ca495991b7852b855
Linear/Oklch	low-chroma	1.000000000000	crystalline	"[""target/debug/typst"",""eval"",""--format"",""json"",""repr((gradient.linear((rgb(128,128,128),0%),(rgb(255,43,0),100%),space:color.oklch,angle:0deg)).sample(100.000000000000%).components(alpha:true))""]"	aae068f1d1d22b3e533158291e2bb69256d53a9421b7a6bcbfa26db4d35300a1	0	46385225f458feb5fba1888858328a1e48509126ff0f6dda0d86f1bcb6850e32	e3b0c44298fc1c149afbf4c8996fb92427ae41e4649b934ca495991b7852b855
Linear/Oklch	low-chroma	1.000000000000	vanilla	"[""/usr/local/bin/typst"",""eval"",""--format"",""json"",""repr((gradient.linear((rgb(128,128,128),0%),(rgb(255,43,0),100%),space:color.oklch,angle:0deg)).sample(100.000000000000%).components(alpha:true))""]"	7b4f40c56d6fa95082ebcfd893e275d418ebcaed1b97b62785f78284c63ff7b8	0	46385225f458feb5fba1888858328a1e48509126ff0f6dda0d86f1bcb6850e32	e3b0c44298fc1c149afbf4c8996fb92427ae41e4649b934ca495991b7852b855
Linear/Oklch	no-wrap	0.000000000000	crystalline	"[""target/debug/typst"",""eval"",""--format"",""json"",""repr((gradient.linear((rgb(255,128,0),0%),(rgb(0,255,128),100%),space:color.oklch,angle:0deg)).sample(0.000000000000%).components(alpha:true))""]"	aae068f1d1d22b3e533158291e2bb69256d53a9421b7a6bcbfa26db4d35300a1	0	8585c139b9fd3bb8ee86299203aeabf35beae8dae4a535413be386a996c458fc	e3b0c44298fc1c149afbf4c8996fb92427ae41e4649b934ca495991b7852b855
Linear/Oklch	no-wrap	0.000000000000	vanilla	"[""/usr/local/bin/typst"",""eval"",""--format"",""json"",""repr((gradient.linear((rgb(255,128,0),0%),(rgb(0,255,128),100%),space:color.oklch,angle:0deg)).sample(0.000000000000%).components(alpha:true))""]"	7b4f40c56d6fa95082ebcfd893e275d418ebcaed1b97b62785f78284c63ff7b8	0	8585c139b9fd3bb8ee86299203aeabf35beae8dae4a535413be386a996c458fc	e3b0c44298fc1c149afbf4c8996fb92427ae41e4649b934ca495991b7852b855
Linear/Oklch	no-wrap	0.000001000000	crystalline	"[""target/debug/typst"",""eval"",""--format"",""json"",""repr((gradient.linear((rgb(255,128,0),0%),(rgb(0,255,128),100%),space:color.oklch,angle:0deg)).sample(0.000100000000%).components(alpha:true))""]"	aae068f1d1d22b3e533158291e2bb69256d53a9421b7a6bcbfa26db4d35300a1	0	0599465eb8d84bbf5126bdd3a2c620987858cd4a4b495d0938c7729a78d11f2b	e3b0c44298fc1c149afbf4c8996fb92427ae41e4649b934ca495991b7852b855
Linear/Oklch	no-wrap	0.000001000000	vanilla	"[""/usr/local/bin/typst"",""eval"",""--format"",""json"",""repr((gradient.linear((rgb(255,128,0),0%),(rgb(0,255,128),100%),space:color.oklch,angle:0deg)).sample(0.000100000000%).components(alpha:true))""]"	7b4f40c56d6fa95082ebcfd893e275d418ebcaed1b97b62785f78284c63ff7b8	0	0599465eb8d84bbf5126bdd3a2c620987858cd4a4b495d0938c7729a78d11f2b	e3b0c44298fc1c149afbf4c8996fb92427ae41e4649b934ca495991b7852b855
Linear/Oklch	no-wrap	0.250000000000	crystalline	"[""target/debug/typst"",""eval"",""--format"",""json"",""repr((gradient.linear((rgb(255,128,0),0%),(rgb(0,255,128),100%),space:color.oklch,angle:0deg)).sample(25.000000000000%).components(alpha:true))""]"	aae068f1d1d22b3e533158291e2bb69256d53a9421b7a6bcbfa26db4d35300a1	0	989cd8ff59fee19813da6ea0b2b64276d14d37a8bcf5e63c9b3d9bb1a9ced759	e3b0c44298fc1c149afbf4c8996fb92427ae41e4649b934ca495991b7852b855
Linear/Oklch	no-wrap	0.250000000000	vanilla	"[""/usr/local/bin/typst"",""eval"",""--format"",""json"",""repr((gradient.linear((rgb(255,128,0),0%),(rgb(0,255,128),100%),space:color.oklch,angle:0deg)).sample(25.000000000000%).components(alpha:true))""]"	7b4f40c56d6fa95082ebcfd893e275d418ebcaed1b97b62785f78284c63ff7b8	0	d8e0acf3cf930a8b4d80e4bd77e3810b2e297fa6a53de86a25165c16327e0baf	e3b0c44298fc1c149afbf4c8996fb92427ae41e4649b934ca495991b7852b855
Linear/Oklch	no-wrap	0.500000000000	crystalline	"[""target/debug/typst"",""eval"",""--format"",""json"",""repr((gradient.linear((rgb(255,128,0),0%),(rgb(0,255,128),100%),space:color.oklch,angle:0deg)).sample(50.000000000000%).components(alpha:true))""]"	aae068f1d1d22b3e533158291e2bb69256d53a9421b7a6bcbfa26db4d35300a1	0	11ba7c65ee3b2254cb6661a30751045f0bda0b12eddb55aab754067550ed497a	e3b0c44298fc1c149afbf4c8996fb92427ae41e4649b934ca495991b7852b855
Linear/Oklch	no-wrap	0.500000000000	vanilla	"[""/usr/local/bin/typst"",""eval"",""--format"",""json"",""repr((gradient.linear((rgb(255,128,0),0%),(rgb(0,255,128),100%),space:color.oklch,angle:0deg)).sample(50.000000000000%).components(alpha:true))""]"	7b4f40c56d6fa95082ebcfd893e275d418ebcaed1b97b62785f78284c63ff7b8	0	11ba7c65ee3b2254cb6661a30751045f0bda0b12eddb55aab754067550ed497a	e3b0c44298fc1c149afbf4c8996fb92427ae41e4649b934ca495991b7852b855
Linear/Oklch	no-wrap	0.750000000000	crystalline	"[""target/debug/typst"",""eval"",""--format"",""json"",""repr((gradient.linear((rgb(255,128,0),0%),(rgb(0,255,128),100%),space:color.oklch,angle:0deg)).sample(75.000000000000%).components(alpha:true))""]"	aae068f1d1d22b3e533158291e2bb69256d53a9421b7a6bcbfa26db4d35300a1	0	07ceb5986ec2ec19f36e7b8194777f73ac3ceef1b26fa17f1a639209db7d059d	e3b0c44298fc1c149afbf4c8996fb92427ae41e4649b934ca495991b7852b855
Linear/Oklch	no-wrap	0.750000000000	vanilla	"[""/usr/local/bin/typst"",""eval"",""--format"",""json"",""repr((gradient.linear((rgb(255,128,0),0%),(rgb(0,255,128),100%),space:color.oklch,angle:0deg)).sample(75.000000000000%).components(alpha:true))""]"	7b4f40c56d6fa95082ebcfd893e275d418ebcaed1b97b62785f78284c63ff7b8	0	e576963a904f798c9e85a69d3b2204d665a227719d19f3d9830df18eaff43b2a	e3b0c44298fc1c149afbf4c8996fb92427ae41e4649b934ca495991b7852b855
Linear/Oklch	no-wrap	0.999999000000	crystalline	"[""target/debug/typst"",""eval"",""--format"",""json"",""repr((gradient.linear((rgb(255,128,0),0%),(rgb(0,255,128),100%),space:color.oklch,angle:0deg)).sample(99.999900000000%).components(alpha:true))""]"	aae068f1d1d22b3e533158291e2bb69256d53a9421b7a6bcbfa26db4d35300a1	0	11d1ce69b477f6cf4e09aa5cc6eacda3ba7c17271258f2c2d272dcba326c8d74	e3b0c44298fc1c149afbf4c8996fb92427ae41e4649b934ca495991b7852b855
Linear/Oklch	no-wrap	0.999999000000	vanilla	"[""/usr/local/bin/typst"",""eval"",""--format"",""json"",""repr((gradient.linear((rgb(255,128,0),0%),(rgb(0,255,128),100%),space:color.oklch,angle:0deg)).sample(99.999900000000%).components(alpha:true))""]"	7b4f40c56d6fa95082ebcfd893e275d418ebcaed1b97b62785f78284c63ff7b8	0	9d3fc4150d3f337e25d016d7b6110cb103ecee7603d6f7b024ee3ef240b095df	e3b0c44298fc1c149afbf4c8996fb92427ae41e4649b934ca495991b7852b855
Linear/Oklch	no-wrap	1.000000000000	crystalline	"[""target/debug/typst"",""eval"",""--format"",""json"",""repr((gradient.linear((rgb(255,128,0),0%),(rgb(0,255,128),100%),space:color.oklch,angle:0deg)).sample(100.000000000000%).components(alpha:true))""]"	aae068f1d1d22b3e533158291e2bb69256d53a9421b7a6bcbfa26db4d35300a1	0	a3299bd4cba03b57c8d6f7b02c83158829b5dc9ed97c5ebd22437a578b172849	e3b0c44298fc1c149afbf4c8996fb92427ae41e4649b934ca495991b7852b855
Linear/Oklch	no-wrap	1.000000000000	vanilla	"[""/usr/local/bin/typst"",""eval"",""--format"",""json"",""repr((gradient.linear((rgb(255,128,0),0%),(rgb(0,255,128),100%),space:color.oklch,angle:0deg)).sample(100.000000000000%).components(alpha:true))""]"	7b4f40c56d6fa95082ebcfd893e275d418ebcaed1b97b62785f78284c63ff7b8	0	a3299bd4cba03b57c8d6f7b02c83158829b5dc9ed97c5ebd22437a578b172849	e3b0c44298fc1c149afbf4c8996fb92427ae41e4649b934ca495991b7852b855
Linear/Oklch	seam-forward	0.000000000000	crystalline	"[""target/debug/typst"",""eval"",""--format"",""json"",""repr((gradient.linear((rgb(230,0,140),0%),(rgb(255,80,120),100%),space:color.oklch,angle:0deg)).sample(0.000000000000%).components(alpha:true))""]"	aae068f1d1d22b3e533158291e2bb69256d53a9421b7a6bcbfa26db4d35300a1	0	c69dd0a53a158b9efc82cfb87a0850dd413855882eb153cc278f7e2100dee303	e3b0c44298fc1c149afbf4c8996fb92427ae41e4649b934ca495991b7852b855
Linear/Oklch	seam-forward	0.000000000000	vanilla	"[""/usr/local/bin/typst"",""eval"",""--format"",""json"",""repr((gradient.linear((rgb(230,0,140),0%),(rgb(255,80,120),100%),space:color.oklch,angle:0deg)).sample(0.000000000000%).components(alpha:true))""]"	7b4f40c56d6fa95082ebcfd893e275d418ebcaed1b97b62785f78284c63ff7b8	0	2fc9fc4e0b6fe0e0ef56dcdc03fd9735547e1aa5da942c34641ecfa3709a1e01	e3b0c44298fc1c149afbf4c8996fb92427ae41e4649b934ca495991b7852b855
Linear/Oklch	seam-forward	0.000001000000	crystalline	"[""target/debug/typst"",""eval"",""--format"",""json"",""repr((gradient.linear((rgb(230,0,140),0%),(rgb(255,80,120),100%),space:color.oklch,angle:0deg)).sample(0.000100000000%).components(alpha:true))""]"	aae068f1d1d22b3e533158291e2bb69256d53a9421b7a6bcbfa26db4d35300a1	0	c2d00cdcc9f3a80ecea46b706366801cf312dca77ea2c2dcced3d9e8ec460355	e3b0c44298fc1c149afbf4c8996fb92427ae41e4649b934ca495991b7852b855
Linear/Oklch	seam-forward	0.000001000000	vanilla	"[""/usr/local/bin/typst"",""eval"",""--format"",""json"",""repr((gradient.linear((rgb(230,0,140),0%),(rgb(255,80,120),100%),space:color.oklch,angle:0deg)).sample(0.000100000000%).components(alpha:true))""]"	7b4f40c56d6fa95082ebcfd893e275d418ebcaed1b97b62785f78284c63ff7b8	0	c15a5e4ffdaa88938c1bf97798cff8d1a059d14e93bcceb615664e07d25ffb2e	e3b0c44298fc1c149afbf4c8996fb92427ae41e4649b934ca495991b7852b855
Linear/Oklch	seam-forward	0.250000000000	crystalline	"[""target/debug/typst"",""eval"",""--format"",""json"",""repr((gradient.linear((rgb(230,0,140),0%),(rgb(255,80,120),100%),space:color.oklch,angle:0deg)).sample(25.000000000000%).components(alpha:true))""]"	aae068f1d1d22b3e533158291e2bb69256d53a9421b7a6bcbfa26db4d35300a1	0	48e24174db0c71dd118c9d8890b6bb81354bb9a9819c3a9b210e3cf383c0069a	e3b0c44298fc1c149afbf4c8996fb92427ae41e4649b934ca495991b7852b855
Linear/Oklch	seam-forward	0.250000000000	vanilla	"[""/usr/local/bin/typst"",""eval"",""--format"",""json"",""repr((gradient.linear((rgb(230,0,140),0%),(rgb(255,80,120),100%),space:color.oklch,angle:0deg)).sample(25.000000000000%).components(alpha:true))""]"	7b4f40c56d6fa95082ebcfd893e275d418ebcaed1b97b62785f78284c63ff7b8	0	48e24174db0c71dd118c9d8890b6bb81354bb9a9819c3a9b210e3cf383c0069a	e3b0c44298fc1c149afbf4c8996fb92427ae41e4649b934ca495991b7852b855
Linear/Oklch	seam-forward	0.500000000000	crystalline	"[""target/debug/typst"",""eval"",""--format"",""json"",""repr((gradient.linear((rgb(230,0,140),0%),(rgb(255,80,120),100%),space:color.oklch,angle:0deg)).sample(50.000000000000%).components(alpha:true))""]"	aae068f1d1d22b3e533158291e2bb69256d53a9421b7a6bcbfa26db4d35300a1	0	1bf8138caae0ff2b9d0561656f97777698b39c4b5de2835369a4cbd0b3d5832a	e3b0c44298fc1c149afbf4c8996fb92427ae41e4649b934ca495991b7852b855
Linear/Oklch	seam-forward	0.500000000000	vanilla	"[""/usr/local/bin/typst"",""eval"",""--format"",""json"",""repr((gradient.linear((rgb(230,0,140),0%),(rgb(255,80,120),100%),space:color.oklch,angle:0deg)).sample(50.000000000000%).components(alpha:true))""]"	7b4f40c56d6fa95082ebcfd893e275d418ebcaed1b97b62785f78284c63ff7b8	0	e21a5a08b731329c66d9eeea9538adf86d4d7a0015fef65ec6afcacc1660a50c	e3b0c44298fc1c149afbf4c8996fb92427ae41e4649b934ca495991b7852b855
Linear/Oklch	seam-forward	0.750000000000	crystalline	"[""target/debug/typst"",""eval"",""--format"",""json"",""repr((gradient.linear((rgb(230,0,140),0%),(rgb(255,80,120),100%),space:color.oklch,angle:0deg)).sample(75.000000000000%).components(alpha:true))""]"	aae068f1d1d22b3e533158291e2bb69256d53a9421b7a6bcbfa26db4d35300a1	0	7862537ab2cf3ce94f9486325c0acdbc323150c3d84906164af3756a96a3d95a	e3b0c44298fc1c149afbf4c8996fb92427ae41e4649b934ca495991b7852b855
Linear/Oklch	seam-forward	0.750000000000	vanilla	"[""/usr/local/bin/typst"",""eval"",""--format"",""json"",""repr((gradient.linear((rgb(230,0,140),0%),(rgb(255,80,120),100%),space:color.oklch,angle:0deg)).sample(75.000000000000%).components(alpha:true))""]"	7b4f40c56d6fa95082ebcfd893e275d418ebcaed1b97b62785f78284c63ff7b8	0	b7b6114e777f6c7b0ef7c8b78cc920ebe64ecc3a528a376b4ea2aeeeb57ffaf8	e3b0c44298fc1c149afbf4c8996fb92427ae41e4649b934ca495991b7852b855
Linear/Oklch	seam-forward	0.999999000000	crystalline	"[""target/debug/typst"",""eval"",""--format"",""json"",""repr((gradient.linear((rgb(230,0,140),0%),(rgb(255,80,120),100%),space:color.oklch,angle:0deg)).sample(99.999900000000%).components(alpha:true))""]"	aae068f1d1d22b3e533158291e2bb69256d53a9421b7a6bcbfa26db4d35300a1	0	f9cb0c6ff141b537f4bf42eb12e3740bd95da5867dcfb7d7018df07cb136fcd1	e3b0c44298fc1c149afbf4c8996fb92427ae41e4649b934ca495991b7852b855
Linear/Oklch	seam-forward	0.999999000000	vanilla	"[""/usr/local/bin/typst"",""eval"",""--format"",""json"",""repr((gradient.linear((rgb(230,0,140),0%),(rgb(255,80,120),100%),space:color.oklch,angle:0deg)).sample(99.999900000000%).components(alpha:true))""]"	7b4f40c56d6fa95082ebcfd893e275d418ebcaed1b97b62785f78284c63ff7b8	0	f9cb0c6ff141b537f4bf42eb12e3740bd95da5867dcfb7d7018df07cb136fcd1	e3b0c44298fc1c149afbf4c8996fb92427ae41e4649b934ca495991b7852b855
Linear/Oklch	seam-forward	1.000000000000	crystalline	"[""target/debug/typst"",""eval"",""--format"",""json"",""repr((gradient.linear((rgb(230,0,140),0%),(rgb(255,80,120),100%),space:color.oklch,angle:0deg)).sample(100.000000000000%).components(alpha:true))""]"	aae068f1d1d22b3e533158291e2bb69256d53a9421b7a6bcbfa26db4d35300a1	0	7f64d7fc901d1ac011bea3903fa513fb07fde91c4c1edc86534d53716ea4e04d	e3b0c44298fc1c149afbf4c8996fb92427ae41e4649b934ca495991b7852b855
Linear/Oklch	seam-forward	1.000000000000	vanilla	"[""/usr/local/bin/typst"",""eval"",""--format"",""json"",""repr((gradient.linear((rgb(230,0,140),0%),(rgb(255,80,120),100%),space:color.oklch,angle:0deg)).sample(100.000000000000%).components(alpha:true))""]"	7b4f40c56d6fa95082ebcfd893e275d418ebcaed1b97b62785f78284c63ff7b8	0	7f64d7fc901d1ac011bea3903fa513fb07fde91c4c1edc86534d53716ea4e04d	e3b0c44298fc1c149afbf4c8996fb92427ae41e4649b934ca495991b7852b855
Linear/Oklch	seam-reverse	0.000000000000	crystalline	"[""target/debug/typst"",""eval"",""--format"",""json"",""repr((gradient.linear((rgb(255,80,120),0%),(rgb(230,0,140),100%),space:color.oklch,angle:0deg)).sample(0.000000000000%).components(alpha:true))""]"	aae068f1d1d22b3e533158291e2bb69256d53a9421b7a6bcbfa26db4d35300a1	0	7f64d7fc901d1ac011bea3903fa513fb07fde91c4c1edc86534d53716ea4e04d	e3b0c44298fc1c149afbf4c8996fb92427ae41e4649b934ca495991b7852b855
Linear/Oklch	seam-reverse	0.000000000000	vanilla	"[""/usr/local/bin/typst"",""eval"",""--format"",""json"",""repr((gradient.linear((rgb(255,80,120),0%),(rgb(230,0,140),100%),space:color.oklch,angle:0deg)).sample(0.000000000000%).components(alpha:true))""]"	7b4f40c56d6fa95082ebcfd893e275d418ebcaed1b97b62785f78284c63ff7b8	0	7f64d7fc901d1ac011bea3903fa513fb07fde91c4c1edc86534d53716ea4e04d	e3b0c44298fc1c149afbf4c8996fb92427ae41e4649b934ca495991b7852b855
Linear/Oklch	seam-reverse	0.000001000000	crystalline	"[""target/debug/typst"",""eval"",""--format"",""json"",""repr((gradient.linear((rgb(255,80,120),0%),(rgb(230,0,140),100%),space:color.oklch,angle:0deg)).sample(0.000100000000%).components(alpha:true))""]"	aae068f1d1d22b3e533158291e2bb69256d53a9421b7a6bcbfa26db4d35300a1	0	f9cb0c6ff141b537f4bf42eb12e3740bd95da5867dcfb7d7018df07cb136fcd1	e3b0c44298fc1c149afbf4c8996fb92427ae41e4649b934ca495991b7852b855
Linear/Oklch	seam-reverse	0.000001000000	vanilla	"[""/usr/local/bin/typst"",""eval"",""--format"",""json"",""repr((gradient.linear((rgb(255,80,120),0%),(rgb(230,0,140),100%),space:color.oklch,angle:0deg)).sample(0.000100000000%).components(alpha:true))""]"	7b4f40c56d6fa95082ebcfd893e275d418ebcaed1b97b62785f78284c63ff7b8	0	f9cb0c6ff141b537f4bf42eb12e3740bd95da5867dcfb7d7018df07cb136fcd1	e3b0c44298fc1c149afbf4c8996fb92427ae41e4649b934ca495991b7852b855
Linear/Oklch	seam-reverse	0.250000000000	crystalline	"[""target/debug/typst"",""eval"",""--format"",""json"",""repr((gradient.linear((rgb(255,80,120),0%),(rgb(230,0,140),100%),space:color.oklch,angle:0deg)).sample(25.000000000000%).components(alpha:true))""]"	aae068f1d1d22b3e533158291e2bb69256d53a9421b7a6bcbfa26db4d35300a1	0	7862537ab2cf3ce94f9486325c0acdbc323150c3d84906164af3756a96a3d95a	e3b0c44298fc1c149afbf4c8996fb92427ae41e4649b934ca495991b7852b855
Linear/Oklch	seam-reverse	0.250000000000	vanilla	"[""/usr/local/bin/typst"",""eval"",""--format"",""json"",""repr((gradient.linear((rgb(255,80,120),0%),(rgb(230,0,140),100%),space:color.oklch,angle:0deg)).sample(25.000000000000%).components(alpha:true))""]"	7b4f40c56d6fa95082ebcfd893e275d418ebcaed1b97b62785f78284c63ff7b8	0	b7b6114e777f6c7b0ef7c8b78cc920ebe64ecc3a528a376b4ea2aeeeb57ffaf8	e3b0c44298fc1c149afbf4c8996fb92427ae41e4649b934ca495991b7852b855
Linear/Oklch	seam-reverse	0.500000000000	crystalline	"[""target/debug/typst"",""eval"",""--format"",""json"",""repr((gradient.linear((rgb(255,80,120),0%),(rgb(230,0,140),100%),space:color.oklch,angle:0deg)).sample(50.000000000000%).components(alpha:true))""]"	aae068f1d1d22b3e533158291e2bb69256d53a9421b7a6bcbfa26db4d35300a1	0	1bf8138caae0ff2b9d0561656f97777698b39c4b5de2835369a4cbd0b3d5832a	e3b0c44298fc1c149afbf4c8996fb92427ae41e4649b934ca495991b7852b855
Linear/Oklch	seam-reverse	0.500000000000	vanilla	"[""/usr/local/bin/typst"",""eval"",""--format"",""json"",""repr((gradient.linear((rgb(255,80,120),0%),(rgb(230,0,140),100%),space:color.oklch,angle:0deg)).sample(50.000000000000%).components(alpha:true))""]"	7b4f40c56d6fa95082ebcfd893e275d418ebcaed1b97b62785f78284c63ff7b8	0	e21a5a08b731329c66d9eeea9538adf86d4d7a0015fef65ec6afcacc1660a50c	e3b0c44298fc1c149afbf4c8996fb92427ae41e4649b934ca495991b7852b855
Linear/Oklch	seam-reverse	0.750000000000	crystalline	"[""target/debug/typst"",""eval"",""--format"",""json"",""repr((gradient.linear((rgb(255,80,120),0%),(rgb(230,0,140),100%),space:color.oklch,angle:0deg)).sample(75.000000000000%).components(alpha:true))""]"	aae068f1d1d22b3e533158291e2bb69256d53a9421b7a6bcbfa26db4d35300a1	0	48e24174db0c71dd118c9d8890b6bb81354bb9a9819c3a9b210e3cf383c0069a	e3b0c44298fc1c149afbf4c8996fb92427ae41e4649b934ca495991b7852b855
Linear/Oklch	seam-reverse	0.750000000000	vanilla	"[""/usr/local/bin/typst"",""eval"",""--format"",""json"",""repr((gradient.linear((rgb(255,80,120),0%),(rgb(230,0,140),100%),space:color.oklch,angle:0deg)).sample(75.000000000000%).components(alpha:true))""]"	7b4f40c56d6fa95082ebcfd893e275d418ebcaed1b97b62785f78284c63ff7b8	0	48e24174db0c71dd118c9d8890b6bb81354bb9a9819c3a9b210e3cf383c0069a	e3b0c44298fc1c149afbf4c8996fb92427ae41e4649b934ca495991b7852b855
Linear/Oklch	seam-reverse	0.999999000000	crystalline	"[""target/debug/typst"",""eval"",""--format"",""json"",""repr((gradient.linear((rgb(255,80,120),0%),(rgb(230,0,140),100%),space:color.oklch,angle:0deg)).sample(99.999900000000%).components(alpha:true))""]"	aae068f1d1d22b3e533158291e2bb69256d53a9421b7a6bcbfa26db4d35300a1	0	c2d00cdcc9f3a80ecea46b706366801cf312dca77ea2c2dcced3d9e8ec460355	e3b0c44298fc1c149afbf4c8996fb92427ae41e4649b934ca495991b7852b855
Linear/Oklch	seam-reverse	0.999999000000	vanilla	"[""/usr/local/bin/typst"",""eval"",""--format"",""json"",""repr((gradient.linear((rgb(255,80,120),0%),(rgb(230,0,140),100%),space:color.oklch,angle:0deg)).sample(99.999900000000%).components(alpha:true))""]"	7b4f40c56d6fa95082ebcfd893e275d418ebcaed1b97b62785f78284c63ff7b8	0	c15a5e4ffdaa88938c1bf97798cff8d1a059d14e93bcceb615664e07d25ffb2e	e3b0c44298fc1c149afbf4c8996fb92427ae41e4649b934ca495991b7852b855
Linear/Oklch	seam-reverse	1.000000000000	crystalline	"[""target/debug/typst"",""eval"",""--format"",""json"",""repr((gradient.linear((rgb(255,80,120),0%),(rgb(230,0,140),100%),space:color.oklch,angle:0deg)).sample(100.000000000000%).components(alpha:true))""]"	aae068f1d1d22b3e533158291e2bb69256d53a9421b7a6bcbfa26db4d35300a1	0	c69dd0a53a158b9efc82cfb87a0850dd413855882eb153cc278f7e2100dee303	e3b0c44298fc1c149afbf4c8996fb92427ae41e4649b934ca495991b7852b855
Linear/Oklch	seam-reverse	1.000000000000	vanilla	"[""/usr/local/bin/typst"",""eval"",""--format"",""json"",""repr((gradient.linear((rgb(255,80,120),0%),(rgb(230,0,140),100%),space:color.oklch,angle:0deg)).sample(100.000000000000%).components(alpha:true))""]"	7b4f40c56d6fa95082ebcfd893e275d418ebcaed1b97b62785f78284c63ff7b8	0	2fc9fc4e0b6fe0e0ef56dcdc03fd9735547e1aa5da942c34641ecfa3709a1e01	e3b0c44298fc1c149afbf4c8996fb92427ae41e4649b934ca495991b7852b855
Radial/Hsl	alpha-first	0.000000000000	crystalline	"[""target/debug/typst"",""eval"",""--format"",""json"",""repr((gradient.radial((rgb(255,0,43).transparentize(60%),0%),(rgb(255,43,0),100%),space:color.hsl,center:(50%,50%),radius:50%,focal-center:(50%,50%),focal-radius:0%)).sample(0.000000000000%).components(alpha:true))""]"	aae068f1d1d22b3e533158291e2bb69256d53a9421b7a6bcbfa26db4d35300a1	0	657e43b3e2bf0e88a0fbbb5ba73714cde3eba7a2b8afcf8e5052c16975303082	e3b0c44298fc1c149afbf4c8996fb92427ae41e4649b934ca495991b7852b855
Radial/Hsl	alpha-first	0.000000000000	vanilla	"[""/usr/local/bin/typst"",""eval"",""--format"",""json"",""repr((gradient.radial((rgb(255,0,43).transparentize(60%),0%),(rgb(255,43,0),100%),space:color.hsl,center:(50%,50%),radius:50%,focal-center:(50%,50%),focal-radius:0%)).sample(0.000000000000%).components(alpha:true))""]"	7b4f40c56d6fa95082ebcfd893e275d418ebcaed1b97b62785f78284c63ff7b8	0	657e43b3e2bf0e88a0fbbb5ba73714cde3eba7a2b8afcf8e5052c16975303082	e3b0c44298fc1c149afbf4c8996fb92427ae41e4649b934ca495991b7852b855
Radial/Hsl	alpha-first	0.000001000000	crystalline	"[""target/debug/typst"",""eval"",""--format"",""json"",""repr((gradient.radial((rgb(255,0,43).transparentize(60%),0%),(rgb(255,43,0),100%),space:color.hsl,center:(50%,50%),radius:50%,focal-center:(50%,50%),focal-radius:0%)).sample(0.000100000000%).components(alpha:true))""]"	aae068f1d1d22b3e533158291e2bb69256d53a9421b7a6bcbfa26db4d35300a1	0	657e43b3e2bf0e88a0fbbb5ba73714cde3eba7a2b8afcf8e5052c16975303082	e3b0c44298fc1c149afbf4c8996fb92427ae41e4649b934ca495991b7852b855
Radial/Hsl	alpha-first	0.000001000000	vanilla	"[""/usr/local/bin/typst"",""eval"",""--format"",""json"",""repr((gradient.radial((rgb(255,0,43).transparentize(60%),0%),(rgb(255,43,0),100%),space:color.hsl,center:(50%,50%),radius:50%,focal-center:(50%,50%),focal-radius:0%)).sample(0.000100000000%).components(alpha:true))""]"	7b4f40c56d6fa95082ebcfd893e275d418ebcaed1b97b62785f78284c63ff7b8	0	657e43b3e2bf0e88a0fbbb5ba73714cde3eba7a2b8afcf8e5052c16975303082	e3b0c44298fc1c149afbf4c8996fb92427ae41e4649b934ca495991b7852b855
Radial/Hsl	alpha-first	0.250000000000	crystalline	"[""target/debug/typst"",""eval"",""--format"",""json"",""repr((gradient.radial((rgb(255,0,43).transparentize(60%),0%),(rgb(255,43,0),100%),space:color.hsl,center:(50%,50%),radius:50%,focal-center:(50%,50%),focal-radius:0%)).sample(25.000000000000%).components(alpha:true))""]"	aae068f1d1d22b3e533158291e2bb69256d53a9421b7a6bcbfa26db4d35300a1	0	b0872b4a586bc7769f9419cde24a0441d50874a2846a022167b63d4a1ae5fb68	e3b0c44298fc1c149afbf4c8996fb92427ae41e4649b934ca495991b7852b855
Radial/Hsl	alpha-first	0.250000000000	vanilla	"[""/usr/local/bin/typst"",""eval"",""--format"",""json"",""repr((gradient.radial((rgb(255,0,43).transparentize(60%),0%),(rgb(255,43,0),100%),space:color.hsl,center:(50%,50%),radius:50%,focal-center:(50%,50%),focal-radius:0%)).sample(25.000000000000%).components(alpha:true))""]"	7b4f40c56d6fa95082ebcfd893e275d418ebcaed1b97b62785f78284c63ff7b8	0	b0872b4a586bc7769f9419cde24a0441d50874a2846a022167b63d4a1ae5fb68	e3b0c44298fc1c149afbf4c8996fb92427ae41e4649b934ca495991b7852b855
Radial/Hsl	alpha-first	0.500000000000	crystalline	"[""target/debug/typst"",""eval"",""--format"",""json"",""repr((gradient.radial((rgb(255,0,43).transparentize(60%),0%),(rgb(255,43,0),100%),space:color.hsl,center:(50%,50%),radius:50%,focal-center:(50%,50%),focal-radius:0%)).sample(50.000000000000%).components(alpha:true))""]"	aae068f1d1d22b3e533158291e2bb69256d53a9421b7a6bcbfa26db4d35300a1	0	913bd3feaed31e95e9b0176426028a65111248d459b64f47e6e56c0a842082bd	e3b0c44298fc1c149afbf4c8996fb92427ae41e4649b934ca495991b7852b855
Radial/Hsl	alpha-first	0.500000000000	vanilla	"[""/usr/local/bin/typst"",""eval"",""--format"",""json"",""repr((gradient.radial((rgb(255,0,43).transparentize(60%),0%),(rgb(255,43,0),100%),space:color.hsl,center:(50%,50%),radius:50%,focal-center:(50%,50%),focal-radius:0%)).sample(50.000000000000%).components(alpha:true))""]"	7b4f40c56d6fa95082ebcfd893e275d418ebcaed1b97b62785f78284c63ff7b8	0	913bd3feaed31e95e9b0176426028a65111248d459b64f47e6e56c0a842082bd	e3b0c44298fc1c149afbf4c8996fb92427ae41e4649b934ca495991b7852b855
Radial/Hsl	alpha-first	0.750000000000	crystalline	"[""target/debug/typst"",""eval"",""--format"",""json"",""repr((gradient.radial((rgb(255,0,43).transparentize(60%),0%),(rgb(255,43,0),100%),space:color.hsl,center:(50%,50%),radius:50%,focal-center:(50%,50%),focal-radius:0%)).sample(75.000000000000%).components(alpha:true))""]"	aae068f1d1d22b3e533158291e2bb69256d53a9421b7a6bcbfa26db4d35300a1	0	baca2f477722325be73c6e478669bfe4229fe0db1be0517ebdc8eb2bf1c79b28	e3b0c44298fc1c149afbf4c8996fb92427ae41e4649b934ca495991b7852b855
Radial/Hsl	alpha-first	0.750000000000	vanilla	"[""/usr/local/bin/typst"",""eval"",""--format"",""json"",""repr((gradient.radial((rgb(255,0,43).transparentize(60%),0%),(rgb(255,43,0),100%),space:color.hsl,center:(50%,50%),radius:50%,focal-center:(50%,50%),focal-radius:0%)).sample(75.000000000000%).components(alpha:true))""]"	7b4f40c56d6fa95082ebcfd893e275d418ebcaed1b97b62785f78284c63ff7b8	0	baca2f477722325be73c6e478669bfe4229fe0db1be0517ebdc8eb2bf1c79b28	e3b0c44298fc1c149afbf4c8996fb92427ae41e4649b934ca495991b7852b855
Radial/Hsl	alpha-first	0.999999000000	crystalline	"[""target/debug/typst"",""eval"",""--format"",""json"",""repr((gradient.radial((rgb(255,0,43).transparentize(60%),0%),(rgb(255,43,0),100%),space:color.hsl,center:(50%,50%),radius:50%,focal-center:(50%,50%),focal-radius:0%)).sample(99.999900000000%).components(alpha:true))""]"	aae068f1d1d22b3e533158291e2bb69256d53a9421b7a6bcbfa26db4d35300a1	0	58f7624ecdea72513b1808603047f3777f063741269000af6953d395af4ae4b7	e3b0c44298fc1c149afbf4c8996fb92427ae41e4649b934ca495991b7852b855
Radial/Hsl	alpha-first	0.999999000000	vanilla	"[""/usr/local/bin/typst"",""eval"",""--format"",""json"",""repr((gradient.radial((rgb(255,0,43).transparentize(60%),0%),(rgb(255,43,0),100%),space:color.hsl,center:(50%,50%),radius:50%,focal-center:(50%,50%),focal-radius:0%)).sample(99.999900000000%).components(alpha:true))""]"	7b4f40c56d6fa95082ebcfd893e275d418ebcaed1b97b62785f78284c63ff7b8	0	58f7624ecdea72513b1808603047f3777f063741269000af6953d395af4ae4b7	e3b0c44298fc1c149afbf4c8996fb92427ae41e4649b934ca495991b7852b855
Radial/Hsl	alpha-first	1.000000000000	crystalline	"[""target/debug/typst"",""eval"",""--format"",""json"",""repr((gradient.radial((rgb(255,0,43).transparentize(60%),0%),(rgb(255,43,0),100%),space:color.hsl,center:(50%,50%),radius:50%,focal-center:(50%,50%),focal-radius:0%)).sample(100.000000000000%).components(alpha:true))""]"	aae068f1d1d22b3e533158291e2bb69256d53a9421b7a6bcbfa26db4d35300a1	0	58f7624ecdea72513b1808603047f3777f063741269000af6953d395af4ae4b7	e3b0c44298fc1c149afbf4c8996fb92427ae41e4649b934ca495991b7852b855
Radial/Hsl	alpha-first	1.000000000000	vanilla	"[""/usr/local/bin/typst"",""eval"",""--format"",""json"",""repr((gradient.radial((rgb(255,0,43).transparentize(60%),0%),(rgb(255,43,0),100%),space:color.hsl,center:(50%,50%),radius:50%,focal-center:(50%,50%),focal-radius:0%)).sample(100.000000000000%).components(alpha:true))""]"	7b4f40c56d6fa95082ebcfd893e275d418ebcaed1b97b62785f78284c63ff7b8	0	58f7624ecdea72513b1808603047f3777f063741269000af6953d395af4ae4b7	e3b0c44298fc1c149afbf4c8996fb92427ae41e4649b934ca495991b7852b855
Radial/Hsl	alpha-last	0.000000000000	crystalline	"[""target/debug/typst"",""eval"",""--format"",""json"",""repr((gradient.radial((rgb(255,0,43),0%),(rgb(255,43,0).transparentize(60%),100%),space:color.hsl,center:(50%,50%),radius:50%,focal-center:(50%,50%),focal-radius:0%)).sample(0.000000000000%).components(alpha:true))""]"	aae068f1d1d22b3e533158291e2bb69256d53a9421b7a6bcbfa26db4d35300a1	0	ad69dda2d14b1135a4adde0d8f9007ba70e46b33f07085f99cc6d9c320ffaee0	e3b0c44298fc1c149afbf4c8996fb92427ae41e4649b934ca495991b7852b855
Radial/Hsl	alpha-last	0.000000000000	vanilla	"[""/usr/local/bin/typst"",""eval"",""--format"",""json"",""repr((gradient.radial((rgb(255,0,43),0%),(rgb(255,43,0).transparentize(60%),100%),space:color.hsl,center:(50%,50%),radius:50%,focal-center:(50%,50%),focal-radius:0%)).sample(0.000000000000%).components(alpha:true))""]"	7b4f40c56d6fa95082ebcfd893e275d418ebcaed1b97b62785f78284c63ff7b8	0	ad69dda2d14b1135a4adde0d8f9007ba70e46b33f07085f99cc6d9c320ffaee0	e3b0c44298fc1c149afbf4c8996fb92427ae41e4649b934ca495991b7852b855
Radial/Hsl	alpha-last	0.000001000000	crystalline	"[""target/debug/typst"",""eval"",""--format"",""json"",""repr((gradient.radial((rgb(255,0,43),0%),(rgb(255,43,0).transparentize(60%),100%),space:color.hsl,center:(50%,50%),radius:50%,focal-center:(50%,50%),focal-radius:0%)).sample(0.000100000000%).components(alpha:true))""]"	aae068f1d1d22b3e533158291e2bb69256d53a9421b7a6bcbfa26db4d35300a1	0	ad69dda2d14b1135a4adde0d8f9007ba70e46b33f07085f99cc6d9c320ffaee0	e3b0c44298fc1c149afbf4c8996fb92427ae41e4649b934ca495991b7852b855
Radial/Hsl	alpha-last	0.000001000000	vanilla	"[""/usr/local/bin/typst"",""eval"",""--format"",""json"",""repr((gradient.radial((rgb(255,0,43),0%),(rgb(255,43,0).transparentize(60%),100%),space:color.hsl,center:(50%,50%),radius:50%,focal-center:(50%,50%),focal-radius:0%)).sample(0.000100000000%).components(alpha:true))""]"	7b4f40c56d6fa95082ebcfd893e275d418ebcaed1b97b62785f78284c63ff7b8	0	ad69dda2d14b1135a4adde0d8f9007ba70e46b33f07085f99cc6d9c320ffaee0	e3b0c44298fc1c149afbf4c8996fb92427ae41e4649b934ca495991b7852b855
Radial/Hsl	alpha-last	0.250000000000	crystalline	"[""target/debug/typst"",""eval"",""--format"",""json"",""repr((gradient.radial((rgb(255,0,43),0%),(rgb(255,43,0).transparentize(60%),100%),space:color.hsl,center:(50%,50%),radius:50%,focal-center:(50%,50%),focal-radius:0%)).sample(25.000000000000%).components(alpha:true))""]"	aae068f1d1d22b3e533158291e2bb69256d53a9421b7a6bcbfa26db4d35300a1	0	9b66c503a2bdfe7b2f888f663a81a30e7ca8ca14c69f2fe5bbc2fa8fd20e90a0	e3b0c44298fc1c149afbf4c8996fb92427ae41e4649b934ca495991b7852b855
Radial/Hsl	alpha-last	0.250000000000	vanilla	"[""/usr/local/bin/typst"",""eval"",""--format"",""json"",""repr((gradient.radial((rgb(255,0,43),0%),(rgb(255,43,0).transparentize(60%),100%),space:color.hsl,center:(50%,50%),radius:50%,focal-center:(50%,50%),focal-radius:0%)).sample(25.000000000000%).components(alpha:true))""]"	7b4f40c56d6fa95082ebcfd893e275d418ebcaed1b97b62785f78284c63ff7b8	0	9b66c503a2bdfe7b2f888f663a81a30e7ca8ca14c69f2fe5bbc2fa8fd20e90a0	e3b0c44298fc1c149afbf4c8996fb92427ae41e4649b934ca495991b7852b855
Radial/Hsl	alpha-last	0.500000000000	crystalline	"[""target/debug/typst"",""eval"",""--format"",""json"",""repr((gradient.radial((rgb(255,0,43),0%),(rgb(255,43,0).transparentize(60%),100%),space:color.hsl,center:(50%,50%),radius:50%,focal-center:(50%,50%),focal-radius:0%)).sample(50.000000000000%).components(alpha:true))""]"	aae068f1d1d22b3e533158291e2bb69256d53a9421b7a6bcbfa26db4d35300a1	0	913bd3feaed31e95e9b0176426028a65111248d459b64f47e6e56c0a842082bd	e3b0c44298fc1c149afbf4c8996fb92427ae41e4649b934ca495991b7852b855
Radial/Hsl	alpha-last	0.500000000000	vanilla	"[""/usr/local/bin/typst"",""eval"",""--format"",""json"",""repr((gradient.radial((rgb(255,0,43),0%),(rgb(255,43,0).transparentize(60%),100%),space:color.hsl,center:(50%,50%),radius:50%,focal-center:(50%,50%),focal-radius:0%)).sample(50.000000000000%).components(alpha:true))""]"	7b4f40c56d6fa95082ebcfd893e275d418ebcaed1b97b62785f78284c63ff7b8	0	913bd3feaed31e95e9b0176426028a65111248d459b64f47e6e56c0a842082bd	e3b0c44298fc1c149afbf4c8996fb92427ae41e4649b934ca495991b7852b855
Radial/Hsl	alpha-last	0.750000000000	crystalline	"[""target/debug/typst"",""eval"",""--format"",""json"",""repr((gradient.radial((rgb(255,0,43),0%),(rgb(255,43,0).transparentize(60%),100%),space:color.hsl,center:(50%,50%),radius:50%,focal-center:(50%,50%),focal-radius:0%)).sample(75.000000000000%).components(alpha:true))""]"	aae068f1d1d22b3e533158291e2bb69256d53a9421b7a6bcbfa26db4d35300a1	0	23adbd49aa0c647d7534276c753e9b672076f4d4d539f77fcb75288d77950dec	e3b0c44298fc1c149afbf4c8996fb92427ae41e4649b934ca495991b7852b855
Radial/Hsl	alpha-last	0.750000000000	vanilla	"[""/usr/local/bin/typst"",""eval"",""--format"",""json"",""repr((gradient.radial((rgb(255,0,43),0%),(rgb(255,43,0).transparentize(60%),100%),space:color.hsl,center:(50%,50%),radius:50%,focal-center:(50%,50%),focal-radius:0%)).sample(75.000000000000%).components(alpha:true))""]"	7b4f40c56d6fa95082ebcfd893e275d418ebcaed1b97b62785f78284c63ff7b8	0	23adbd49aa0c647d7534276c753e9b672076f4d4d539f77fcb75288d77950dec	e3b0c44298fc1c149afbf4c8996fb92427ae41e4649b934ca495991b7852b855
Radial/Hsl	alpha-last	0.999999000000	crystalline	"[""target/debug/typst"",""eval"",""--format"",""json"",""repr((gradient.radial((rgb(255,0,43),0%),(rgb(255,43,0).transparentize(60%),100%),space:color.hsl,center:(50%,50%),radius:50%,focal-center:(50%,50%),focal-radius:0%)).sample(99.999900000000%).components(alpha:true))""]"	aae068f1d1d22b3e533158291e2bb69256d53a9421b7a6bcbfa26db4d35300a1	0	aea1e262b184c6689f80c93f8c1e1cc9417257abb1d3cfd370486e22fbe602c0	e3b0c44298fc1c149afbf4c8996fb92427ae41e4649b934ca495991b7852b855
Radial/Hsl	alpha-last	0.999999000000	vanilla	"[""/usr/local/bin/typst"",""eval"",""--format"",""json"",""repr((gradient.radial((rgb(255,0,43),0%),(rgb(255,43,0).transparentize(60%),100%),space:color.hsl,center:(50%,50%),radius:50%,focal-center:(50%,50%),focal-radius:0%)).sample(99.999900000000%).components(alpha:true))""]"	7b4f40c56d6fa95082ebcfd893e275d418ebcaed1b97b62785f78284c63ff7b8	0	aea1e262b184c6689f80c93f8c1e1cc9417257abb1d3cfd370486e22fbe602c0	e3b0c44298fc1c149afbf4c8996fb92427ae41e4649b934ca495991b7852b855
Radial/Hsl	alpha-last	1.000000000000	crystalline	"[""target/debug/typst"",""eval"",""--format"",""json"",""repr((gradient.radial((rgb(255,0,43),0%),(rgb(255,43,0).transparentize(60%),100%),space:color.hsl,center:(50%,50%),radius:50%,focal-center:(50%,50%),focal-radius:0%)).sample(100.000000000000%).components(alpha:true))""]"	aae068f1d1d22b3e533158291e2bb69256d53a9421b7a6bcbfa26db4d35300a1	0	aea1e262b184c6689f80c93f8c1e1cc9417257abb1d3cfd370486e22fbe602c0	e3b0c44298fc1c149afbf4c8996fb92427ae41e4649b934ca495991b7852b855
Radial/Hsl	alpha-last	1.000000000000	vanilla	"[""/usr/local/bin/typst"",""eval"",""--format"",""json"",""repr((gradient.radial((rgb(255,0,43),0%),(rgb(255,43,0).transparentize(60%),100%),space:color.hsl,center:(50%,50%),radius:50%,focal-center:(50%,50%),focal-radius:0%)).sample(100.000000000000%).components(alpha:true))""]"	7b4f40c56d6fa95082ebcfd893e275d418ebcaed1b97b62785f78284c63ff7b8	0	aea1e262b184c6689f80c93f8c1e1cc9417257abb1d3cfd370486e22fbe602c0	e3b0c44298fc1c149afbf4c8996fb92427ae41e4649b934ca495991b7852b855
Radial/Hsl	low-chroma	0.000000000000	crystalline	"[""target/debug/typst"",""eval"",""--format"",""json"",""repr((gradient.radial((rgb(128,128,128),0%),(rgb(255,43,0),100%),space:color.hsl,center:(50%,50%),radius:50%,focal-center:(50%,50%),focal-radius:0%)).sample(0.000000000000%).components(alpha:true))""]"	aae068f1d1d22b3e533158291e2bb69256d53a9421b7a6bcbfa26db4d35300a1	0	06ca4eecf46e5363abfbda10acf8e10afb0cdc06e34071ac198d2ff93d991817	e3b0c44298fc1c149afbf4c8996fb92427ae41e4649b934ca495991b7852b855
Radial/Hsl	low-chroma	0.000000000000	vanilla	"[""/usr/local/bin/typst"",""eval"",""--format"",""json"",""repr((gradient.radial((rgb(128,128,128),0%),(rgb(255,43,0),100%),space:color.hsl,center:(50%,50%),radius:50%,focal-center:(50%,50%),focal-radius:0%)).sample(0.000000000000%).components(alpha:true))""]"	7b4f40c56d6fa95082ebcfd893e275d418ebcaed1b97b62785f78284c63ff7b8	0	06ca4eecf46e5363abfbda10acf8e10afb0cdc06e34071ac198d2ff93d991817	e3b0c44298fc1c149afbf4c8996fb92427ae41e4649b934ca495991b7852b855
Radial/Hsl	low-chroma	0.000001000000	crystalline	"[""target/debug/typst"",""eval"",""--format"",""json"",""repr((gradient.radial((rgb(128,128,128),0%),(rgb(255,43,0),100%),space:color.hsl,center:(50%,50%),radius:50%,focal-center:(50%,50%),focal-radius:0%)).sample(0.000100000000%).components(alpha:true))""]"	aae068f1d1d22b3e533158291e2bb69256d53a9421b7a6bcbfa26db4d35300a1	0	06ca4eecf46e5363abfbda10acf8e10afb0cdc06e34071ac198d2ff93d991817	e3b0c44298fc1c149afbf4c8996fb92427ae41e4649b934ca495991b7852b855
Radial/Hsl	low-chroma	0.000001000000	vanilla	"[""/usr/local/bin/typst"",""eval"",""--format"",""json"",""repr((gradient.radial((rgb(128,128,128),0%),(rgb(255,43,0),100%),space:color.hsl,center:(50%,50%),radius:50%,focal-center:(50%,50%),focal-radius:0%)).sample(0.000100000000%).components(alpha:true))""]"	7b4f40c56d6fa95082ebcfd893e275d418ebcaed1b97b62785f78284c63ff7b8	0	06ca4eecf46e5363abfbda10acf8e10afb0cdc06e34071ac198d2ff93d991817	e3b0c44298fc1c149afbf4c8996fb92427ae41e4649b934ca495991b7852b855
Radial/Hsl	low-chroma	0.250000000000	crystalline	"[""target/debug/typst"",""eval"",""--format"",""json"",""repr((gradient.radial((rgb(128,128,128),0%),(rgb(255,43,0),100%),space:color.hsl,center:(50%,50%),radius:50%,focal-center:(50%,50%),focal-radius:0%)).sample(25.000000000000%).components(alpha:true))""]"	aae068f1d1d22b3e533158291e2bb69256d53a9421b7a6bcbfa26db4d35300a1	0	9e91febc44055b3657e5124a4d6a479b2c96c0a59ec8fb302582ba6a309bf45c	e3b0c44298fc1c149afbf4c8996fb92427ae41e4649b934ca495991b7852b855
Radial/Hsl	low-chroma	0.250000000000	vanilla	"[""/usr/local/bin/typst"",""eval"",""--format"",""json"",""repr((gradient.radial((rgb(128,128,128),0%),(rgb(255,43,0),100%),space:color.hsl,center:(50%,50%),radius:50%,focal-center:(50%,50%),focal-radius:0%)).sample(25.000000000000%).components(alpha:true))""]"	7b4f40c56d6fa95082ebcfd893e275d418ebcaed1b97b62785f78284c63ff7b8	0	9e91febc44055b3657e5124a4d6a479b2c96c0a59ec8fb302582ba6a309bf45c	e3b0c44298fc1c149afbf4c8996fb92427ae41e4649b934ca495991b7852b855
Radial/Hsl	low-chroma	0.500000000000	crystalline	"[""target/debug/typst"",""eval"",""--format"",""json"",""repr((gradient.radial((rgb(128,128,128),0%),(rgb(255,43,0),100%),space:color.hsl,center:(50%,50%),radius:50%,focal-center:(50%,50%),focal-radius:0%)).sample(50.000000000000%).components(alpha:true))""]"	aae068f1d1d22b3e533158291e2bb69256d53a9421b7a6bcbfa26db4d35300a1	0	e713aeec6d261fa50266768e81a85bfa20ce2736da1c27860c9c66f7f189051c	e3b0c44298fc1c149afbf4c8996fb92427ae41e4649b934ca495991b7852b855
Radial/Hsl	low-chroma	0.500000000000	vanilla	"[""/usr/local/bin/typst"",""eval"",""--format"",""json"",""repr((gradient.radial((rgb(128,128,128),0%),(rgb(255,43,0),100%),space:color.hsl,center:(50%,50%),radius:50%,focal-center:(50%,50%),focal-radius:0%)).sample(50.000000000000%).components(alpha:true))""]"	7b4f40c56d6fa95082ebcfd893e275d418ebcaed1b97b62785f78284c63ff7b8	0	e713aeec6d261fa50266768e81a85bfa20ce2736da1c27860c9c66f7f189051c	e3b0c44298fc1c149afbf4c8996fb92427ae41e4649b934ca495991b7852b855
Radial/Hsl	low-chroma	0.750000000000	crystalline	"[""target/debug/typst"",""eval"",""--format"",""json"",""repr((gradient.radial((rgb(128,128,128),0%),(rgb(255,43,0),100%),space:color.hsl,center:(50%,50%),radius:50%,focal-center:(50%,50%),focal-radius:0%)).sample(75.000000000000%).components(alpha:true))""]"	aae068f1d1d22b3e533158291e2bb69256d53a9421b7a6bcbfa26db4d35300a1	0	6551f66ea0d8831cfca5e313e543e259f1e0c94dbfb4fc0844d6dd841e7eadb2	e3b0c44298fc1c149afbf4c8996fb92427ae41e4649b934ca495991b7852b855
Radial/Hsl	low-chroma	0.750000000000	vanilla	"[""/usr/local/bin/typst"",""eval"",""--format"",""json"",""repr((gradient.radial((rgb(128,128,128),0%),(rgb(255,43,0),100%),space:color.hsl,center:(50%,50%),radius:50%,focal-center:(50%,50%),focal-radius:0%)).sample(75.000000000000%).components(alpha:true))""]"	7b4f40c56d6fa95082ebcfd893e275d418ebcaed1b97b62785f78284c63ff7b8	0	6551f66ea0d8831cfca5e313e543e259f1e0c94dbfb4fc0844d6dd841e7eadb2	e3b0c44298fc1c149afbf4c8996fb92427ae41e4649b934ca495991b7852b855
Radial/Hsl	low-chroma	0.999999000000	crystalline	"[""target/debug/typst"",""eval"",""--format"",""json"",""repr((gradient.radial((rgb(128,128,128),0%),(rgb(255,43,0),100%),space:color.hsl,center:(50%,50%),radius:50%,focal-center:(50%,50%),focal-radius:0%)).sample(99.999900000000%).components(alpha:true))""]"	aae068f1d1d22b3e533158291e2bb69256d53a9421b7a6bcbfa26db4d35300a1	0	58f7624ecdea72513b1808603047f3777f063741269000af6953d395af4ae4b7	e3b0c44298fc1c149afbf4c8996fb92427ae41e4649b934ca495991b7852b855
Radial/Hsl	low-chroma	0.999999000000	vanilla	"[""/usr/local/bin/typst"",""eval"",""--format"",""json"",""repr((gradient.radial((rgb(128,128,128),0%),(rgb(255,43,0),100%),space:color.hsl,center:(50%,50%),radius:50%,focal-center:(50%,50%),focal-radius:0%)).sample(99.999900000000%).components(alpha:true))""]"	7b4f40c56d6fa95082ebcfd893e275d418ebcaed1b97b62785f78284c63ff7b8	0	58f7624ecdea72513b1808603047f3777f063741269000af6953d395af4ae4b7	e3b0c44298fc1c149afbf4c8996fb92427ae41e4649b934ca495991b7852b855
Radial/Hsl	low-chroma	1.000000000000	crystalline	"[""target/debug/typst"",""eval"",""--format"",""json"",""repr((gradient.radial((rgb(128,128,128),0%),(rgb(255,43,0),100%),space:color.hsl,center:(50%,50%),radius:50%,focal-center:(50%,50%),focal-radius:0%)).sample(100.000000000000%).components(alpha:true))""]"	aae068f1d1d22b3e533158291e2bb69256d53a9421b7a6bcbfa26db4d35300a1	0	58f7624ecdea72513b1808603047f3777f063741269000af6953d395af4ae4b7	e3b0c44298fc1c149afbf4c8996fb92427ae41e4649b934ca495991b7852b855
Radial/Hsl	low-chroma	1.000000000000	vanilla	"[""/usr/local/bin/typst"",""eval"",""--format"",""json"",""repr((gradient.radial((rgb(128,128,128),0%),(rgb(255,43,0),100%),space:color.hsl,center:(50%,50%),radius:50%,focal-center:(50%,50%),focal-radius:0%)).sample(100.000000000000%).components(alpha:true))""]"	7b4f40c56d6fa95082ebcfd893e275d418ebcaed1b97b62785f78284c63ff7b8	0	58f7624ecdea72513b1808603047f3777f063741269000af6953d395af4ae4b7	e3b0c44298fc1c149afbf4c8996fb92427ae41e4649b934ca495991b7852b855
Radial/Hsl	no-wrap	0.000000000000	crystalline	"[""target/debug/typst"",""eval"",""--format"",""json"",""repr((gradient.radial((rgb(255,128,0),0%),(rgb(0,255,128),100%),space:color.hsl,center:(50%,50%),radius:50%,focal-center:(50%,50%),focal-radius:0%)).sample(0.000000000000%).components(alpha:true))""]"	aae068f1d1d22b3e533158291e2bb69256d53a9421b7a6bcbfa26db4d35300a1	0	b24916dd456dce4ee7703585483fdf354991f0e6813d67f4eaa3c6d797a0c3a4	e3b0c44298fc1c149afbf4c8996fb92427ae41e4649b934ca495991b7852b855
Radial/Hsl	no-wrap	0.000000000000	vanilla	"[""/usr/local/bin/typst"",""eval"",""--format"",""json"",""repr((gradient.radial((rgb(255,128,0),0%),(rgb(0,255,128),100%),space:color.hsl,center:(50%,50%),radius:50%,focal-center:(50%,50%),focal-radius:0%)).sample(0.000000000000%).components(alpha:true))""]"	7b4f40c56d6fa95082ebcfd893e275d418ebcaed1b97b62785f78284c63ff7b8	0	b24916dd456dce4ee7703585483fdf354991f0e6813d67f4eaa3c6d797a0c3a4	e3b0c44298fc1c149afbf4c8996fb92427ae41e4649b934ca495991b7852b855
Radial/Hsl	no-wrap	0.000001000000	crystalline	"[""target/debug/typst"",""eval"",""--format"",""json"",""repr((gradient.radial((rgb(255,128,0),0%),(rgb(0,255,128),100%),space:color.hsl,center:(50%,50%),radius:50%,focal-center:(50%,50%),focal-radius:0%)).sample(0.000100000000%).components(alpha:true))""]"	aae068f1d1d22b3e533158291e2bb69256d53a9421b7a6bcbfa26db4d35300a1	0	b24916dd456dce4ee7703585483fdf354991f0e6813d67f4eaa3c6d797a0c3a4	e3b0c44298fc1c149afbf4c8996fb92427ae41e4649b934ca495991b7852b855
Radial/Hsl	no-wrap	0.000001000000	vanilla	"[""/usr/local/bin/typst"",""eval"",""--format"",""json"",""repr((gradient.radial((rgb(255,128,0),0%),(rgb(0,255,128),100%),space:color.hsl,center:(50%,50%),radius:50%,focal-center:(50%,50%),focal-radius:0%)).sample(0.000100000000%).components(alpha:true))""]"	7b4f40c56d6fa95082ebcfd893e275d418ebcaed1b97b62785f78284c63ff7b8	0	b24916dd456dce4ee7703585483fdf354991f0e6813d67f4eaa3c6d797a0c3a4	e3b0c44298fc1c149afbf4c8996fb92427ae41e4649b934ca495991b7852b855
Radial/Hsl	no-wrap	0.250000000000	crystalline	"[""target/debug/typst"",""eval"",""--format"",""json"",""repr((gradient.radial((rgb(255,128,0),0%),(rgb(0,255,128),100%),space:color.hsl,center:(50%,50%),radius:50%,focal-center:(50%,50%),focal-radius:0%)).sample(25.000000000000%).components(alpha:true))""]"	aae068f1d1d22b3e533158291e2bb69256d53a9421b7a6bcbfa26db4d35300a1	0	56e3f4dd6dc8c100913a9a2428d0585abc9f42eafe68daa6992d9166f325b3f2	e3b0c44298fc1c149afbf4c8996fb92427ae41e4649b934ca495991b7852b855
Radial/Hsl	no-wrap	0.250000000000	vanilla	"[""/usr/local/bin/typst"",""eval"",""--format"",""json"",""repr((gradient.radial((rgb(255,128,0),0%),(rgb(0,255,128),100%),space:color.hsl,center:(50%,50%),radius:50%,focal-center:(50%,50%),focal-radius:0%)).sample(25.000000000000%).components(alpha:true))""]"	7b4f40c56d6fa95082ebcfd893e275d418ebcaed1b97b62785f78284c63ff7b8	0	56e3f4dd6dc8c100913a9a2428d0585abc9f42eafe68daa6992d9166f325b3f2	e3b0c44298fc1c149afbf4c8996fb92427ae41e4649b934ca495991b7852b855
Radial/Hsl	no-wrap	0.500000000000	crystalline	"[""target/debug/typst"",""eval"",""--format"",""json"",""repr((gradient.radial((rgb(255,128,0),0%),(rgb(0,255,128),100%),space:color.hsl,center:(50%,50%),radius:50%,focal-center:(50%,50%),focal-radius:0%)).sample(50.000000000000%).components(alpha:true))""]"	aae068f1d1d22b3e533158291e2bb69256d53a9421b7a6bcbfa26db4d35300a1	0	ad61faa0a17b9b9d5d7d70b6082801a271739ae2f18783e35a95ee6630fe8674	e3b0c44298fc1c149afbf4c8996fb92427ae41e4649b934ca495991b7852b855
Radial/Hsl	no-wrap	0.500000000000	vanilla	"[""/usr/local/bin/typst"",""eval"",""--format"",""json"",""repr((gradient.radial((rgb(255,128,0),0%),(rgb(0,255,128),100%),space:color.hsl,center:(50%,50%),radius:50%,focal-center:(50%,50%),focal-radius:0%)).sample(50.000000000000%).components(alpha:true))""]"	7b4f40c56d6fa95082ebcfd893e275d418ebcaed1b97b62785f78284c63ff7b8	0	ad61faa0a17b9b9d5d7d70b6082801a271739ae2f18783e35a95ee6630fe8674	e3b0c44298fc1c149afbf4c8996fb92427ae41e4649b934ca495991b7852b855
Radial/Hsl	no-wrap	0.750000000000	crystalline	"[""target/debug/typst"",""eval"",""--format"",""json"",""repr((gradient.radial((rgb(255,128,0),0%),(rgb(0,255,128),100%),space:color.hsl,center:(50%,50%),radius:50%,focal-center:(50%,50%),focal-radius:0%)).sample(75.000000000000%).components(alpha:true))""]"	aae068f1d1d22b3e533158291e2bb69256d53a9421b7a6bcbfa26db4d35300a1	0	7f9f31bec20becefb0fa88d700f71cf3b15be17a06739493810119be96f5a2ab	e3b0c44298fc1c149afbf4c8996fb92427ae41e4649b934ca495991b7852b855
Radial/Hsl	no-wrap	0.750000000000	vanilla	"[""/usr/local/bin/typst"",""eval"",""--format"",""json"",""repr((gradient.radial((rgb(255,128,0),0%),(rgb(0,255,128),100%),space:color.hsl,center:(50%,50%),radius:50%,focal-center:(50%,50%),focal-radius:0%)).sample(75.000000000000%).components(alpha:true))""]"	7b4f40c56d6fa95082ebcfd893e275d418ebcaed1b97b62785f78284c63ff7b8	0	7f9f31bec20becefb0fa88d700f71cf3b15be17a06739493810119be96f5a2ab	e3b0c44298fc1c149afbf4c8996fb92427ae41e4649b934ca495991b7852b855
Radial/Hsl	no-wrap	0.999999000000	crystalline	"[""target/debug/typst"",""eval"",""--format"",""json"",""repr((gradient.radial((rgb(255,128,0),0%),(rgb(0,255,128),100%),space:color.hsl,center:(50%,50%),radius:50%,focal-center:(50%,50%),focal-radius:0%)).sample(99.999900000000%).components(alpha:true))""]"	aae068f1d1d22b3e533158291e2bb69256d53a9421b7a6bcbfa26db4d35300a1	0	e61aa1592b8bc4715a8d201520e63d33daf488c77fbba6269ba45c877a39c8f3	e3b0c44298fc1c149afbf4c8996fb92427ae41e4649b934ca495991b7852b855
Radial/Hsl	no-wrap	0.999999000000	vanilla	"[""/usr/local/bin/typst"",""eval"",""--format"",""json"",""repr((gradient.radial((rgb(255,128,0),0%),(rgb(0,255,128),100%),space:color.hsl,center:(50%,50%),radius:50%,focal-center:(50%,50%),focal-radius:0%)).sample(99.999900000000%).components(alpha:true))""]"	7b4f40c56d6fa95082ebcfd893e275d418ebcaed1b97b62785f78284c63ff7b8	0	e61aa1592b8bc4715a8d201520e63d33daf488c77fbba6269ba45c877a39c8f3	e3b0c44298fc1c149afbf4c8996fb92427ae41e4649b934ca495991b7852b855
Radial/Hsl	no-wrap	1.000000000000	crystalline	"[""target/debug/typst"",""eval"",""--format"",""json"",""repr((gradient.radial((rgb(255,128,0),0%),(rgb(0,255,128),100%),space:color.hsl,center:(50%,50%),radius:50%,focal-center:(50%,50%),focal-radius:0%)).sample(100.000000000000%).components(alpha:true))""]"	aae068f1d1d22b3e533158291e2bb69256d53a9421b7a6bcbfa26db4d35300a1	0	e61aa1592b8bc4715a8d201520e63d33daf488c77fbba6269ba45c877a39c8f3	e3b0c44298fc1c149afbf4c8996fb92427ae41e4649b934ca495991b7852b855
Radial/Hsl	no-wrap	1.000000000000	vanilla	"[""/usr/local/bin/typst"",""eval"",""--format"",""json"",""repr((gradient.radial((rgb(255,128,0),0%),(rgb(0,255,128),100%),space:color.hsl,center:(50%,50%),radius:50%,focal-center:(50%,50%),focal-radius:0%)).sample(100.000000000000%).components(alpha:true))""]"	7b4f40c56d6fa95082ebcfd893e275d418ebcaed1b97b62785f78284c63ff7b8	0	e61aa1592b8bc4715a8d201520e63d33daf488c77fbba6269ba45c877a39c8f3	e3b0c44298fc1c149afbf4c8996fb92427ae41e4649b934ca495991b7852b855
Radial/Hsl	seam-forward	0.000000000000	crystalline	"[""target/debug/typst"",""eval"",""--format"",""json"",""repr((gradient.radial((rgb(255,0,43),0%),(rgb(255,43,0),100%),space:color.hsl,center:(50%,50%),radius:50%,focal-center:(50%,50%),focal-radius:0%)).sample(0.000000000000%).components(alpha:true))""]"	aae068f1d1d22b3e533158291e2bb69256d53a9421b7a6bcbfa26db4d35300a1	0	ad69dda2d14b1135a4adde0d8f9007ba70e46b33f07085f99cc6d9c320ffaee0	e3b0c44298fc1c149afbf4c8996fb92427ae41e4649b934ca495991b7852b855
Radial/Hsl	seam-forward	0.000000000000	vanilla	"[""/usr/local/bin/typst"",""eval"",""--format"",""json"",""repr((gradient.radial((rgb(255,0,43),0%),(rgb(255,43,0),100%),space:color.hsl,center:(50%,50%),radius:50%,focal-center:(50%,50%),focal-radius:0%)).sample(0.000000000000%).components(alpha:true))""]"	7b4f40c56d6fa95082ebcfd893e275d418ebcaed1b97b62785f78284c63ff7b8	0	ad69dda2d14b1135a4adde0d8f9007ba70e46b33f07085f99cc6d9c320ffaee0	e3b0c44298fc1c149afbf4c8996fb92427ae41e4649b934ca495991b7852b855
Radial/Hsl	seam-forward	0.000001000000	crystalline	"[""target/debug/typst"",""eval"",""--format"",""json"",""repr((gradient.radial((rgb(255,0,43),0%),(rgb(255,43,0),100%),space:color.hsl,center:(50%,50%),radius:50%,focal-center:(50%,50%),focal-radius:0%)).sample(0.000100000000%).components(alpha:true))""]"	aae068f1d1d22b3e533158291e2bb69256d53a9421b7a6bcbfa26db4d35300a1	0	ad69dda2d14b1135a4adde0d8f9007ba70e46b33f07085f99cc6d9c320ffaee0	e3b0c44298fc1c149afbf4c8996fb92427ae41e4649b934ca495991b7852b855
Radial/Hsl	seam-forward	0.000001000000	vanilla	"[""/usr/local/bin/typst"",""eval"",""--format"",""json"",""repr((gradient.radial((rgb(255,0,43),0%),(rgb(255,43,0),100%),space:color.hsl,center:(50%,50%),radius:50%,focal-center:(50%,50%),focal-radius:0%)).sample(0.000100000000%).components(alpha:true))""]"	7b4f40c56d6fa95082ebcfd893e275d418ebcaed1b97b62785f78284c63ff7b8	0	ad69dda2d14b1135a4adde0d8f9007ba70e46b33f07085f99cc6d9c320ffaee0	e3b0c44298fc1c149afbf4c8996fb92427ae41e4649b934ca495991b7852b855
Radial/Hsl	seam-forward	0.250000000000	crystalline	"[""target/debug/typst"",""eval"",""--format"",""json"",""repr((gradient.radial((rgb(255,0,43),0%),(rgb(255,43,0),100%),space:color.hsl,center:(50%,50%),radius:50%,focal-center:(50%,50%),focal-radius:0%)).sample(25.000000000000%).components(alpha:true))""]"	aae068f1d1d22b3e533158291e2bb69256d53a9421b7a6bcbfa26db4d35300a1	0	453d6c60bab1553fcf2a0f893da6f4a025f84ce5fb36ea884361453681e8e56d	e3b0c44298fc1c149afbf4c8996fb92427ae41e4649b934ca495991b7852b855
Radial/Hsl	seam-forward	0.250000000000	vanilla	"[""/usr/local/bin/typst"",""eval"",""--format"",""json"",""repr((gradient.radial((rgb(255,0,43),0%),(rgb(255,43,0),100%),space:color.hsl,center:(50%,50%),radius:50%,focal-center:(50%,50%),focal-radius:0%)).sample(25.000000000000%).components(alpha:true))""]"	7b4f40c56d6fa95082ebcfd893e275d418ebcaed1b97b62785f78284c63ff7b8	0	453d6c60bab1553fcf2a0f893da6f4a025f84ce5fb36ea884361453681e8e56d	e3b0c44298fc1c149afbf4c8996fb92427ae41e4649b934ca495991b7852b855
Radial/Hsl	seam-forward	0.500000000000	crystalline	"[""target/debug/typst"",""eval"",""--format"",""json"",""repr((gradient.radial((rgb(255,0,43),0%),(rgb(255,43,0),100%),space:color.hsl,center:(50%,50%),radius:50%,focal-center:(50%,50%),focal-radius:0%)).sample(50.000000000000%).components(alpha:true))""]"	aae068f1d1d22b3e533158291e2bb69256d53a9421b7a6bcbfa26db4d35300a1	0	1d316cd82f1ce31e06322158aad416206a946fd69d92ee52be9002ba731f6822	e3b0c44298fc1c149afbf4c8996fb92427ae41e4649b934ca495991b7852b855
Radial/Hsl	seam-forward	0.500000000000	vanilla	"[""/usr/local/bin/typst"",""eval"",""--format"",""json"",""repr((gradient.radial((rgb(255,0,43),0%),(rgb(255,43,0),100%),space:color.hsl,center:(50%,50%),radius:50%,focal-center:(50%,50%),focal-radius:0%)).sample(50.000000000000%).components(alpha:true))""]"	7b4f40c56d6fa95082ebcfd893e275d418ebcaed1b97b62785f78284c63ff7b8	0	1d316cd82f1ce31e06322158aad416206a946fd69d92ee52be9002ba731f6822	e3b0c44298fc1c149afbf4c8996fb92427ae41e4649b934ca495991b7852b855
Radial/Hsl	seam-forward	0.750000000000	crystalline	"[""target/debug/typst"",""eval"",""--format"",""json"",""repr((gradient.radial((rgb(255,0,43),0%),(rgb(255,43,0),100%),space:color.hsl,center:(50%,50%),radius:50%,focal-center:(50%,50%),focal-radius:0%)).sample(75.000000000000%).components(alpha:true))""]"	aae068f1d1d22b3e533158291e2bb69256d53a9421b7a6bcbfa26db4d35300a1	0	ea6cb669e7fd306b64a1cd13c534ccb5d780553aaf5e91a89114d8ecc9bd927b	e3b0c44298fc1c149afbf4c8996fb92427ae41e4649b934ca495991b7852b855
Radial/Hsl	seam-forward	0.750000000000	vanilla	"[""/usr/local/bin/typst"",""eval"",""--format"",""json"",""repr((gradient.radial((rgb(255,0,43),0%),(rgb(255,43,0),100%),space:color.hsl,center:(50%,50%),radius:50%,focal-center:(50%,50%),focal-radius:0%)).sample(75.000000000000%).components(alpha:true))""]"	7b4f40c56d6fa95082ebcfd893e275d418ebcaed1b97b62785f78284c63ff7b8	0	ea6cb669e7fd306b64a1cd13c534ccb5d780553aaf5e91a89114d8ecc9bd927b	e3b0c44298fc1c149afbf4c8996fb92427ae41e4649b934ca495991b7852b855
Radial/Hsl	seam-forward	0.999999000000	crystalline	"[""target/debug/typst"",""eval"",""--format"",""json"",""repr((gradient.radial((rgb(255,0,43),0%),(rgb(255,43,0),100%),space:color.hsl,center:(50%,50%),radius:50%,focal-center:(50%,50%),focal-radius:0%)).sample(99.999900000000%).components(alpha:true))""]"	aae068f1d1d22b3e533158291e2bb69256d53a9421b7a6bcbfa26db4d35300a1	0	58f7624ecdea72513b1808603047f3777f063741269000af6953d395af4ae4b7	e3b0c44298fc1c149afbf4c8996fb92427ae41e4649b934ca495991b7852b855
Radial/Hsl	seam-forward	0.999999000000	vanilla	"[""/usr/local/bin/typst"",""eval"",""--format"",""json"",""repr((gradient.radial((rgb(255,0,43),0%),(rgb(255,43,0),100%),space:color.hsl,center:(50%,50%),radius:50%,focal-center:(50%,50%),focal-radius:0%)).sample(99.999900000000%).components(alpha:true))""]"	7b4f40c56d6fa95082ebcfd893e275d418ebcaed1b97b62785f78284c63ff7b8	0	58f7624ecdea72513b1808603047f3777f063741269000af6953d395af4ae4b7	e3b0c44298fc1c149afbf4c8996fb92427ae41e4649b934ca495991b7852b855
Radial/Hsl	seam-forward	1.000000000000	crystalline	"[""target/debug/typst"",""eval"",""--format"",""json"",""repr((gradient.radial((rgb(255,0,43),0%),(rgb(255,43,0),100%),space:color.hsl,center:(50%,50%),radius:50%,focal-center:(50%,50%),focal-radius:0%)).sample(100.000000000000%).components(alpha:true))""]"	aae068f1d1d22b3e533158291e2bb69256d53a9421b7a6bcbfa26db4d35300a1	0	58f7624ecdea72513b1808603047f3777f063741269000af6953d395af4ae4b7	e3b0c44298fc1c149afbf4c8996fb92427ae41e4649b934ca495991b7852b855
Radial/Hsl	seam-forward	1.000000000000	vanilla	"[""/usr/local/bin/typst"",""eval"",""--format"",""json"",""repr((gradient.radial((rgb(255,0,43),0%),(rgb(255,43,0),100%),space:color.hsl,center:(50%,50%),radius:50%,focal-center:(50%,50%),focal-radius:0%)).sample(100.000000000000%).components(alpha:true))""]"	7b4f40c56d6fa95082ebcfd893e275d418ebcaed1b97b62785f78284c63ff7b8	0	58f7624ecdea72513b1808603047f3777f063741269000af6953d395af4ae4b7	e3b0c44298fc1c149afbf4c8996fb92427ae41e4649b934ca495991b7852b855
Radial/Hsl	seam-reverse	0.000000000000	crystalline	"[""target/debug/typst"",""eval"",""--format"",""json"",""repr((gradient.radial((rgb(255,43,0),0%),(rgb(255,0,43),100%),space:color.hsl,center:(50%,50%),radius:50%,focal-center:(50%,50%),focal-radius:0%)).sample(0.000000000000%).components(alpha:true))""]"	aae068f1d1d22b3e533158291e2bb69256d53a9421b7a6bcbfa26db4d35300a1	0	58f7624ecdea72513b1808603047f3777f063741269000af6953d395af4ae4b7	e3b0c44298fc1c149afbf4c8996fb92427ae41e4649b934ca495991b7852b855
Radial/Hsl	seam-reverse	0.000000000000	vanilla	"[""/usr/local/bin/typst"",""eval"",""--format"",""json"",""repr((gradient.radial((rgb(255,43,0),0%),(rgb(255,0,43),100%),space:color.hsl,center:(50%,50%),radius:50%,focal-center:(50%,50%),focal-radius:0%)).sample(0.000000000000%).components(alpha:true))""]"	7b4f40c56d6fa95082ebcfd893e275d418ebcaed1b97b62785f78284c63ff7b8	0	58f7624ecdea72513b1808603047f3777f063741269000af6953d395af4ae4b7	e3b0c44298fc1c149afbf4c8996fb92427ae41e4649b934ca495991b7852b855
Radial/Hsl	seam-reverse	0.000001000000	crystalline	"[""target/debug/typst"",""eval"",""--format"",""json"",""repr((gradient.radial((rgb(255,43,0),0%),(rgb(255,0,43),100%),space:color.hsl,center:(50%,50%),radius:50%,focal-center:(50%,50%),focal-radius:0%)).sample(0.000100000000%).components(alpha:true))""]"	aae068f1d1d22b3e533158291e2bb69256d53a9421b7a6bcbfa26db4d35300a1	0	58f7624ecdea72513b1808603047f3777f063741269000af6953d395af4ae4b7	e3b0c44298fc1c149afbf4c8996fb92427ae41e4649b934ca495991b7852b855
Radial/Hsl	seam-reverse	0.000001000000	vanilla	"[""/usr/local/bin/typst"",""eval"",""--format"",""json"",""repr((gradient.radial((rgb(255,43,0),0%),(rgb(255,0,43),100%),space:color.hsl,center:(50%,50%),radius:50%,focal-center:(50%,50%),focal-radius:0%)).sample(0.000100000000%).components(alpha:true))""]"	7b4f40c56d6fa95082ebcfd893e275d418ebcaed1b97b62785f78284c63ff7b8	0	58f7624ecdea72513b1808603047f3777f063741269000af6953d395af4ae4b7	e3b0c44298fc1c149afbf4c8996fb92427ae41e4649b934ca495991b7852b855
Radial/Hsl	seam-reverse	0.250000000000	crystalline	"[""target/debug/typst"",""eval"",""--format"",""json"",""repr((gradient.radial((rgb(255,43,0),0%),(rgb(255,0,43),100%),space:color.hsl,center:(50%,50%),radius:50%,focal-center:(50%,50%),focal-radius:0%)).sample(25.000000000000%).components(alpha:true))""]"	aae068f1d1d22b3e533158291e2bb69256d53a9421b7a6bcbfa26db4d35300a1	0	ea6cb669e7fd306b64a1cd13c534ccb5d780553aaf5e91a89114d8ecc9bd927b	e3b0c44298fc1c149afbf4c8996fb92427ae41e4649b934ca495991b7852b855
Radial/Hsl	seam-reverse	0.250000000000	vanilla	"[""/usr/local/bin/typst"",""eval"",""--format"",""json"",""repr((gradient.radial((rgb(255,43,0),0%),(rgb(255,0,43),100%),space:color.hsl,center:(50%,50%),radius:50%,focal-center:(50%,50%),focal-radius:0%)).sample(25.000000000000%).components(alpha:true))""]"	7b4f40c56d6fa95082ebcfd893e275d418ebcaed1b97b62785f78284c63ff7b8	0	ea6cb669e7fd306b64a1cd13c534ccb5d780553aaf5e91a89114d8ecc9bd927b	e3b0c44298fc1c149afbf4c8996fb92427ae41e4649b934ca495991b7852b855
Radial/Hsl	seam-reverse	0.500000000000	crystalline	"[""target/debug/typst"",""eval"",""--format"",""json"",""repr((gradient.radial((rgb(255,43,0),0%),(rgb(255,0,43),100%),space:color.hsl,center:(50%,50%),radius:50%,focal-center:(50%,50%),focal-radius:0%)).sample(50.000000000000%).components(alpha:true))""]"	aae068f1d1d22b3e533158291e2bb69256d53a9421b7a6bcbfa26db4d35300a1	0	1d316cd82f1ce31e06322158aad416206a946fd69d92ee52be9002ba731f6822	e3b0c44298fc1c149afbf4c8996fb92427ae41e4649b934ca495991b7852b855
Radial/Hsl	seam-reverse	0.500000000000	vanilla	"[""/usr/local/bin/typst"",""eval"",""--format"",""json"",""repr((gradient.radial((rgb(255,43,0),0%),(rgb(255,0,43),100%),space:color.hsl,center:(50%,50%),radius:50%,focal-center:(50%,50%),focal-radius:0%)).sample(50.000000000000%).components(alpha:true))""]"	7b4f40c56d6fa95082ebcfd893e275d418ebcaed1b97b62785f78284c63ff7b8	0	1d316cd82f1ce31e06322158aad416206a946fd69d92ee52be9002ba731f6822	e3b0c44298fc1c149afbf4c8996fb92427ae41e4649b934ca495991b7852b855
Radial/Hsl	seam-reverse	0.750000000000	crystalline	"[""target/debug/typst"",""eval"",""--format"",""json"",""repr((gradient.radial((rgb(255,43,0),0%),(rgb(255,0,43),100%),space:color.hsl,center:(50%,50%),radius:50%,focal-center:(50%,50%),focal-radius:0%)).sample(75.000000000000%).components(alpha:true))""]"	aae068f1d1d22b3e533158291e2bb69256d53a9421b7a6bcbfa26db4d35300a1	0	453d6c60bab1553fcf2a0f893da6f4a025f84ce5fb36ea884361453681e8e56d	e3b0c44298fc1c149afbf4c8996fb92427ae41e4649b934ca495991b7852b855
Radial/Hsl	seam-reverse	0.750000000000	vanilla	"[""/usr/local/bin/typst"",""eval"",""--format"",""json"",""repr((gradient.radial((rgb(255,43,0),0%),(rgb(255,0,43),100%),space:color.hsl,center:(50%,50%),radius:50%,focal-center:(50%,50%),focal-radius:0%)).sample(75.000000000000%).components(alpha:true))""]"	7b4f40c56d6fa95082ebcfd893e275d418ebcaed1b97b62785f78284c63ff7b8	0	453d6c60bab1553fcf2a0f893da6f4a025f84ce5fb36ea884361453681e8e56d	e3b0c44298fc1c149afbf4c8996fb92427ae41e4649b934ca495991b7852b855
Radial/Hsl	seam-reverse	0.999999000000	crystalline	"[""target/debug/typst"",""eval"",""--format"",""json"",""repr((gradient.radial((rgb(255,43,0),0%),(rgb(255,0,43),100%),space:color.hsl,center:(50%,50%),radius:50%,focal-center:(50%,50%),focal-radius:0%)).sample(99.999900000000%).components(alpha:true))""]"	aae068f1d1d22b3e533158291e2bb69256d53a9421b7a6bcbfa26db4d35300a1	0	ad69dda2d14b1135a4adde0d8f9007ba70e46b33f07085f99cc6d9c320ffaee0	e3b0c44298fc1c149afbf4c8996fb92427ae41e4649b934ca495991b7852b855
Radial/Hsl	seam-reverse	0.999999000000	vanilla	"[""/usr/local/bin/typst"",""eval"",""--format"",""json"",""repr((gradient.radial((rgb(255,43,0),0%),(rgb(255,0,43),100%),space:color.hsl,center:(50%,50%),radius:50%,focal-center:(50%,50%),focal-radius:0%)).sample(99.999900000000%).components(alpha:true))""]"	7b4f40c56d6fa95082ebcfd893e275d418ebcaed1b97b62785f78284c63ff7b8	0	ad69dda2d14b1135a4adde0d8f9007ba70e46b33f07085f99cc6d9c320ffaee0	e3b0c44298fc1c149afbf4c8996fb92427ae41e4649b934ca495991b7852b855
Radial/Hsl	seam-reverse	1.000000000000	crystalline	"[""target/debug/typst"",""eval"",""--format"",""json"",""repr((gradient.radial((rgb(255,43,0),0%),(rgb(255,0,43),100%),space:color.hsl,center:(50%,50%),radius:50%,focal-center:(50%,50%),focal-radius:0%)).sample(100.000000000000%).components(alpha:true))""]"	aae068f1d1d22b3e533158291e2bb69256d53a9421b7a6bcbfa26db4d35300a1	0	ad69dda2d14b1135a4adde0d8f9007ba70e46b33f07085f99cc6d9c320ffaee0	e3b0c44298fc1c149afbf4c8996fb92427ae41e4649b934ca495991b7852b855
Radial/Hsl	seam-reverse	1.000000000000	vanilla	"[""/usr/local/bin/typst"",""eval"",""--format"",""json"",""repr((gradient.radial((rgb(255,43,0),0%),(rgb(255,0,43),100%),space:color.hsl,center:(50%,50%),radius:50%,focal-center:(50%,50%),focal-radius:0%)).sample(100.000000000000%).components(alpha:true))""]"	7b4f40c56d6fa95082ebcfd893e275d418ebcaed1b97b62785f78284c63ff7b8	0	ad69dda2d14b1135a4adde0d8f9007ba70e46b33f07085f99cc6d9c320ffaee0	e3b0c44298fc1c149afbf4c8996fb92427ae41e4649b934ca495991b7852b855
Radial/Hsv	alpha-first	0.000000000000	crystalline	"[""target/debug/typst"",""eval"",""--format"",""json"",""repr((gradient.radial((rgb(255,0,43).transparentize(60%),0%),(rgb(255,43,0),100%),space:color.hsv,center:(50%,50%),radius:50%,focal-center:(50%,50%),focal-radius:0%)).sample(0.000000000000%).components(alpha:true))""]"	aae068f1d1d22b3e533158291e2bb69256d53a9421b7a6bcbfa26db4d35300a1	0	015907b11348cea8279b0e6d3883bb1a4cff9bbf778b6d4391efbee8b529fed5	e3b0c44298fc1c149afbf4c8996fb92427ae41e4649b934ca495991b7852b855
Radial/Hsv	alpha-first	0.000000000000	vanilla	"[""/usr/local/bin/typst"",""eval"",""--format"",""json"",""repr((gradient.radial((rgb(255,0,43).transparentize(60%),0%),(rgb(255,43,0),100%),space:color.hsv,center:(50%,50%),radius:50%,focal-center:(50%,50%),focal-radius:0%)).sample(0.000000000000%).components(alpha:true))""]"	7b4f40c56d6fa95082ebcfd893e275d418ebcaed1b97b62785f78284c63ff7b8	0	015907b11348cea8279b0e6d3883bb1a4cff9bbf778b6d4391efbee8b529fed5	e3b0c44298fc1c149afbf4c8996fb92427ae41e4649b934ca495991b7852b855
Radial/Hsv	alpha-first	0.000001000000	crystalline	"[""target/debug/typst"",""eval"",""--format"",""json"",""repr((gradient.radial((rgb(255,0,43).transparentize(60%),0%),(rgb(255,43,0),100%),space:color.hsv,center:(50%,50%),radius:50%,focal-center:(50%,50%),focal-radius:0%)).sample(0.000100000000%).components(alpha:true))""]"	aae068f1d1d22b3e533158291e2bb69256d53a9421b7a6bcbfa26db4d35300a1	0	015907b11348cea8279b0e6d3883bb1a4cff9bbf778b6d4391efbee8b529fed5	e3b0c44298fc1c149afbf4c8996fb92427ae41e4649b934ca495991b7852b855
Radial/Hsv	alpha-first	0.000001000000	vanilla	"[""/usr/local/bin/typst"",""eval"",""--format"",""json"",""repr((gradient.radial((rgb(255,0,43).transparentize(60%),0%),(rgb(255,43,0),100%),space:color.hsv,center:(50%,50%),radius:50%,focal-center:(50%,50%),focal-radius:0%)).sample(0.000100000000%).components(alpha:true))""]"	7b4f40c56d6fa95082ebcfd893e275d418ebcaed1b97b62785f78284c63ff7b8	0	015907b11348cea8279b0e6d3883bb1a4cff9bbf778b6d4391efbee8b529fed5	e3b0c44298fc1c149afbf4c8996fb92427ae41e4649b934ca495991b7852b855
Radial/Hsv	alpha-first	0.250000000000	crystalline	"[""target/debug/typst"",""eval"",""--format"",""json"",""repr((gradient.radial((rgb(255,0,43).transparentize(60%),0%),(rgb(255,43,0),100%),space:color.hsv,center:(50%,50%),radius:50%,focal-center:(50%,50%),focal-radius:0%)).sample(25.000000000000%).components(alpha:true))""]"	aae068f1d1d22b3e533158291e2bb69256d53a9421b7a6bcbfa26db4d35300a1	0	c61a78d3ff1e8399071fc38f3f6b9bc13359b82f32263587a30b67eef3615562	e3b0c44298fc1c149afbf4c8996fb92427ae41e4649b934ca495991b7852b855
Radial/Hsv	alpha-first	0.250000000000	vanilla	"[""/usr/local/bin/typst"",""eval"",""--format"",""json"",""repr((gradient.radial((rgb(255,0,43).transparentize(60%),0%),(rgb(255,43,0),100%),space:color.hsv,center:(50%,50%),radius:50%,focal-center:(50%,50%),focal-radius:0%)).sample(25.000000000000%).components(alpha:true))""]"	7b4f40c56d6fa95082ebcfd893e275d418ebcaed1b97b62785f78284c63ff7b8	0	c61a78d3ff1e8399071fc38f3f6b9bc13359b82f32263587a30b67eef3615562	e3b0c44298fc1c149afbf4c8996fb92427ae41e4649b934ca495991b7852b855
Radial/Hsv	alpha-first	0.500000000000	crystalline	"[""target/debug/typst"",""eval"",""--format"",""json"",""repr((gradient.radial((rgb(255,0,43).transparentize(60%),0%),(rgb(255,43,0),100%),space:color.hsv,center:(50%,50%),radius:50%,focal-center:(50%,50%),focal-radius:0%)).sample(50.000000000000%).components(alpha:true))""]"	aae068f1d1d22b3e533158291e2bb69256d53a9421b7a6bcbfa26db4d35300a1	0	2e31befbaa0be2b7da43820c5ededa3b1293785cd1a88601fe77804715bab55e	e3b0c44298fc1c149afbf4c8996fb92427ae41e4649b934ca495991b7852b855
Radial/Hsv	alpha-first	0.500000000000	vanilla	"[""/usr/local/bin/typst"",""eval"",""--format"",""json"",""repr((gradient.radial((rgb(255,0,43).transparentize(60%),0%),(rgb(255,43,0),100%),space:color.hsv,center:(50%,50%),radius:50%,focal-center:(50%,50%),focal-radius:0%)).sample(50.000000000000%).components(alpha:true))""]"	7b4f40c56d6fa95082ebcfd893e275d418ebcaed1b97b62785f78284c63ff7b8	0	2e31befbaa0be2b7da43820c5ededa3b1293785cd1a88601fe77804715bab55e	e3b0c44298fc1c149afbf4c8996fb92427ae41e4649b934ca495991b7852b855
Radial/Hsv	alpha-first	0.750000000000	crystalline	"[""target/debug/typst"",""eval"",""--format"",""json"",""repr((gradient.radial((rgb(255,0,43).transparentize(60%),0%),(rgb(255,43,0),100%),space:color.hsv,center:(50%,50%),radius:50%,focal-center:(50%,50%),focal-radius:0%)).sample(75.000000000000%).components(alpha:true))""]"	aae068f1d1d22b3e533158291e2bb69256d53a9421b7a6bcbfa26db4d35300a1	0	730aa03cbf1cbfd0822270fa94e1bf74c99c888bc389ccc65b2f7cc616b894ed	e3b0c44298fc1c149afbf4c8996fb92427ae41e4649b934ca495991b7852b855
Radial/Hsv	alpha-first	0.750000000000	vanilla	"[""/usr/local/bin/typst"",""eval"",""--format"",""json"",""repr((gradient.radial((rgb(255,0,43).transparentize(60%),0%),(rgb(255,43,0),100%),space:color.hsv,center:(50%,50%),radius:50%,focal-center:(50%,50%),focal-radius:0%)).sample(75.000000000000%).components(alpha:true))""]"	7b4f40c56d6fa95082ebcfd893e275d418ebcaed1b97b62785f78284c63ff7b8	0	730aa03cbf1cbfd0822270fa94e1bf74c99c888bc389ccc65b2f7cc616b894ed	e3b0c44298fc1c149afbf4c8996fb92427ae41e4649b934ca495991b7852b855
Radial/Hsv	alpha-first	0.999999000000	crystalline	"[""target/debug/typst"",""eval"",""--format"",""json"",""repr((gradient.radial((rgb(255,0,43).transparentize(60%),0%),(rgb(255,43,0),100%),space:color.hsv,center:(50%,50%),radius:50%,focal-center:(50%,50%),focal-radius:0%)).sample(99.999900000000%).components(alpha:true))""]"	aae068f1d1d22b3e533158291e2bb69256d53a9421b7a6bcbfa26db4d35300a1	0	ac78326029765b3c593c424af2edf9db1347a26619af4e85f5f064ad041dba83	e3b0c44298fc1c149afbf4c8996fb92427ae41e4649b934ca495991b7852b855
Radial/Hsv	alpha-first	0.999999000000	vanilla	"[""/usr/local/bin/typst"",""eval"",""--format"",""json"",""repr((gradient.radial((rgb(255,0,43).transparentize(60%),0%),(rgb(255,43,0),100%),space:color.hsv,center:(50%,50%),radius:50%,focal-center:(50%,50%),focal-radius:0%)).sample(99.999900000000%).components(alpha:true))""]"	7b4f40c56d6fa95082ebcfd893e275d418ebcaed1b97b62785f78284c63ff7b8	0	ac78326029765b3c593c424af2edf9db1347a26619af4e85f5f064ad041dba83	e3b0c44298fc1c149afbf4c8996fb92427ae41e4649b934ca495991b7852b855
Radial/Hsv	alpha-first	1.000000000000	crystalline	"[""target/debug/typst"",""eval"",""--format"",""json"",""repr((gradient.radial((rgb(255,0,43).transparentize(60%),0%),(rgb(255,43,0),100%),space:color.hsv,center:(50%,50%),radius:50%,focal-center:(50%,50%),focal-radius:0%)).sample(100.000000000000%).components(alpha:true))""]"	aae068f1d1d22b3e533158291e2bb69256d53a9421b7a6bcbfa26db4d35300a1	0	ac78326029765b3c593c424af2edf9db1347a26619af4e85f5f064ad041dba83	e3b0c44298fc1c149afbf4c8996fb92427ae41e4649b934ca495991b7852b855
Radial/Hsv	alpha-first	1.000000000000	vanilla	"[""/usr/local/bin/typst"",""eval"",""--format"",""json"",""repr((gradient.radial((rgb(255,0,43).transparentize(60%),0%),(rgb(255,43,0),100%),space:color.hsv,center:(50%,50%),radius:50%,focal-center:(50%,50%),focal-radius:0%)).sample(100.000000000000%).components(alpha:true))""]"	7b4f40c56d6fa95082ebcfd893e275d418ebcaed1b97b62785f78284c63ff7b8	0	ac78326029765b3c593c424af2edf9db1347a26619af4e85f5f064ad041dba83	e3b0c44298fc1c149afbf4c8996fb92427ae41e4649b934ca495991b7852b855
Radial/Hsv	alpha-last	0.000000000000	crystalline	"[""target/debug/typst"",""eval"",""--format"",""json"",""repr((gradient.radial((rgb(255,0,43),0%),(rgb(255,43,0).transparentize(60%),100%),space:color.hsv,center:(50%,50%),radius:50%,focal-center:(50%,50%),focal-radius:0%)).sample(0.000000000000%).components(alpha:true))""]"	aae068f1d1d22b3e533158291e2bb69256d53a9421b7a6bcbfa26db4d35300a1	0	7112be2575705eb8bf4d17f79ee2377e50fbfbfaa8b54fca34a32abda203024b	e3b0c44298fc1c149afbf4c8996fb92427ae41e4649b934ca495991b7852b855
Radial/Hsv	alpha-last	0.000000000000	vanilla	"[""/usr/local/bin/typst"",""eval"",""--format"",""json"",""repr((gradient.radial((rgb(255,0,43),0%),(rgb(255,43,0).transparentize(60%),100%),space:color.hsv,center:(50%,50%),radius:50%,focal-center:(50%,50%),focal-radius:0%)).sample(0.000000000000%).components(alpha:true))""]"	7b4f40c56d6fa95082ebcfd893e275d418ebcaed1b97b62785f78284c63ff7b8	0	7112be2575705eb8bf4d17f79ee2377e50fbfbfaa8b54fca34a32abda203024b	e3b0c44298fc1c149afbf4c8996fb92427ae41e4649b934ca495991b7852b855
Radial/Hsv	alpha-last	0.000001000000	crystalline	"[""target/debug/typst"",""eval"",""--format"",""json"",""repr((gradient.radial((rgb(255,0,43),0%),(rgb(255,43,0).transparentize(60%),100%),space:color.hsv,center:(50%,50%),radius:50%,focal-center:(50%,50%),focal-radius:0%)).sample(0.000100000000%).components(alpha:true))""]"	aae068f1d1d22b3e533158291e2bb69256d53a9421b7a6bcbfa26db4d35300a1	0	7112be2575705eb8bf4d17f79ee2377e50fbfbfaa8b54fca34a32abda203024b	e3b0c44298fc1c149afbf4c8996fb92427ae41e4649b934ca495991b7852b855
Radial/Hsv	alpha-last	0.000001000000	vanilla	"[""/usr/local/bin/typst"",""eval"",""--format"",""json"",""repr((gradient.radial((rgb(255,0,43),0%),(rgb(255,43,0).transparentize(60%),100%),space:color.hsv,center:(50%,50%),radius:50%,focal-center:(50%,50%),focal-radius:0%)).sample(0.000100000000%).components(alpha:true))""]"	7b4f40c56d6fa95082ebcfd893e275d418ebcaed1b97b62785f78284c63ff7b8	0	7112be2575705eb8bf4d17f79ee2377e50fbfbfaa8b54fca34a32abda203024b	e3b0c44298fc1c149afbf4c8996fb92427ae41e4649b934ca495991b7852b855
Radial/Hsv	alpha-last	0.250000000000	crystalline	"[""target/debug/typst"",""eval"",""--format"",""json"",""repr((gradient.radial((rgb(255,0,43),0%),(rgb(255,43,0).transparentize(60%),100%),space:color.hsv,center:(50%,50%),radius:50%,focal-center:(50%,50%),focal-radius:0%)).sample(25.000000000000%).components(alpha:true))""]"	aae068f1d1d22b3e533158291e2bb69256d53a9421b7a6bcbfa26db4d35300a1	0	539a4880c5d0c946c1b795fdd74bdb8da05d7d348ff90b13d8a03c4cac22f2e5	e3b0c44298fc1c149afbf4c8996fb92427ae41e4649b934ca495991b7852b855
Radial/Hsv	alpha-last	0.250000000000	vanilla	"[""/usr/local/bin/typst"",""eval"",""--format"",""json"",""repr((gradient.radial((rgb(255,0,43),0%),(rgb(255,43,0).transparentize(60%),100%),space:color.hsv,center:(50%,50%),radius:50%,focal-center:(50%,50%),focal-radius:0%)).sample(25.000000000000%).components(alpha:true))""]"	7b4f40c56d6fa95082ebcfd893e275d418ebcaed1b97b62785f78284c63ff7b8	0	539a4880c5d0c946c1b795fdd74bdb8da05d7d348ff90b13d8a03c4cac22f2e5	e3b0c44298fc1c149afbf4c8996fb92427ae41e4649b934ca495991b7852b855
Radial/Hsv	alpha-last	0.500000000000	crystalline	"[""target/debug/typst"",""eval"",""--format"",""json"",""repr((gradient.radial((rgb(255,0,43),0%),(rgb(255,43,0).transparentize(60%),100%),space:color.hsv,center:(50%,50%),radius:50%,focal-center:(50%,50%),focal-radius:0%)).sample(50.000000000000%).components(alpha:true))""]"	aae068f1d1d22b3e533158291e2bb69256d53a9421b7a6bcbfa26db4d35300a1	0	2e31befbaa0be2b7da43820c5ededa3b1293785cd1a88601fe77804715bab55e	e3b0c44298fc1c149afbf4c8996fb92427ae41e4649b934ca495991b7852b855
Radial/Hsv	alpha-last	0.500000000000	vanilla	"[""/usr/local/bin/typst"",""eval"",""--format"",""json"",""repr((gradient.radial((rgb(255,0,43),0%),(rgb(255,43,0).transparentize(60%),100%),space:color.hsv,center:(50%,50%),radius:50%,focal-center:(50%,50%),focal-radius:0%)).sample(50.000000000000%).components(alpha:true))""]"	7b4f40c56d6fa95082ebcfd893e275d418ebcaed1b97b62785f78284c63ff7b8	0	2e31befbaa0be2b7da43820c5ededa3b1293785cd1a88601fe77804715bab55e	e3b0c44298fc1c149afbf4c8996fb92427ae41e4649b934ca495991b7852b855
Radial/Hsv	alpha-last	0.750000000000	crystalline	"[""target/debug/typst"",""eval"",""--format"",""json"",""repr((gradient.radial((rgb(255,0,43),0%),(rgb(255,43,0).transparentize(60%),100%),space:color.hsv,center:(50%,50%),radius:50%,focal-center:(50%,50%),focal-radius:0%)).sample(75.000000000000%).components(alpha:true))""]"	aae068f1d1d22b3e533158291e2bb69256d53a9421b7a6bcbfa26db4d35300a1	0	dbd87ddc2538135e377be8b427d112f3a22fa7c0128a368f0e50108f0dc908c9	e3b0c44298fc1c149afbf4c8996fb92427ae41e4649b934ca495991b7852b855
Radial/Hsv	alpha-last	0.750000000000	vanilla	"[""/usr/local/bin/typst"",""eval"",""--format"",""json"",""repr((gradient.radial((rgb(255,0,43),0%),(rgb(255,43,0).transparentize(60%),100%),space:color.hsv,center:(50%,50%),radius:50%,focal-center:(50%,50%),focal-radius:0%)).sample(75.000000000000%).components(alpha:true))""]"	7b4f40c56d6fa95082ebcfd893e275d418ebcaed1b97b62785f78284c63ff7b8	0	dbd87ddc2538135e377be8b427d112f3a22fa7c0128a368f0e50108f0dc908c9	e3b0c44298fc1c149afbf4c8996fb92427ae41e4649b934ca495991b7852b855
Radial/Hsv	alpha-last	0.999999000000	crystalline	"[""target/debug/typst"",""eval"",""--format"",""json"",""repr((gradient.radial((rgb(255,0,43),0%),(rgb(255,43,0).transparentize(60%),100%),space:color.hsv,center:(50%,50%),radius:50%,focal-center:(50%,50%),focal-radius:0%)).sample(99.999900000000%).components(alpha:true))""]"	aae068f1d1d22b3e533158291e2bb69256d53a9421b7a6bcbfa26db4d35300a1	0	ace8ce2107e2193c6ace27b6b179329df620b942852ad678bd3a2a76c068260f	e3b0c44298fc1c149afbf4c8996fb92427ae41e4649b934ca495991b7852b855
Radial/Hsv	alpha-last	0.999999000000	vanilla	"[""/usr/local/bin/typst"",""eval"",""--format"",""json"",""repr((gradient.radial((rgb(255,0,43),0%),(rgb(255,43,0).transparentize(60%),100%),space:color.hsv,center:(50%,50%),radius:50%,focal-center:(50%,50%),focal-radius:0%)).sample(99.999900000000%).components(alpha:true))""]"	7b4f40c56d6fa95082ebcfd893e275d418ebcaed1b97b62785f78284c63ff7b8	0	ace8ce2107e2193c6ace27b6b179329df620b942852ad678bd3a2a76c068260f	e3b0c44298fc1c149afbf4c8996fb92427ae41e4649b934ca495991b7852b855
Radial/Hsv	alpha-last	1.000000000000	crystalline	"[""target/debug/typst"",""eval"",""--format"",""json"",""repr((gradient.radial((rgb(255,0,43),0%),(rgb(255,43,0).transparentize(60%),100%),space:color.hsv,center:(50%,50%),radius:50%,focal-center:(50%,50%),focal-radius:0%)).sample(100.000000000000%).components(alpha:true))""]"	aae068f1d1d22b3e533158291e2bb69256d53a9421b7a6bcbfa26db4d35300a1	0	ace8ce2107e2193c6ace27b6b179329df620b942852ad678bd3a2a76c068260f	e3b0c44298fc1c149afbf4c8996fb92427ae41e4649b934ca495991b7852b855
Radial/Hsv	alpha-last	1.000000000000	vanilla	"[""/usr/local/bin/typst"",""eval"",""--format"",""json"",""repr((gradient.radial((rgb(255,0,43),0%),(rgb(255,43,0).transparentize(60%),100%),space:color.hsv,center:(50%,50%),radius:50%,focal-center:(50%,50%),focal-radius:0%)).sample(100.000000000000%).components(alpha:true))""]"	7b4f40c56d6fa95082ebcfd893e275d418ebcaed1b97b62785f78284c63ff7b8	0	ace8ce2107e2193c6ace27b6b179329df620b942852ad678bd3a2a76c068260f	e3b0c44298fc1c149afbf4c8996fb92427ae41e4649b934ca495991b7852b855
Radial/Hsv	low-chroma	0.000000000000	crystalline	"[""target/debug/typst"",""eval"",""--format"",""json"",""repr((gradient.radial((rgb(128,128,128),0%),(rgb(255,43,0),100%),space:color.hsv,center:(50%,50%),radius:50%,focal-center:(50%,50%),focal-radius:0%)).sample(0.000000000000%).components(alpha:true))""]"	aae068f1d1d22b3e533158291e2bb69256d53a9421b7a6bcbfa26db4d35300a1	0	06ca4eecf46e5363abfbda10acf8e10afb0cdc06e34071ac198d2ff93d991817	e3b0c44298fc1c149afbf4c8996fb92427ae41e4649b934ca495991b7852b855
Radial/Hsv	low-chroma	0.000000000000	vanilla	"[""/usr/local/bin/typst"",""eval"",""--format"",""json"",""repr((gradient.radial((rgb(128,128,128),0%),(rgb(255,43,0),100%),space:color.hsv,center:(50%,50%),radius:50%,focal-center:(50%,50%),focal-radius:0%)).sample(0.000000000000%).components(alpha:true))""]"	7b4f40c56d6fa95082ebcfd893e275d418ebcaed1b97b62785f78284c63ff7b8	0	06ca4eecf46e5363abfbda10acf8e10afb0cdc06e34071ac198d2ff93d991817	e3b0c44298fc1c149afbf4c8996fb92427ae41e4649b934ca495991b7852b855
Radial/Hsv	low-chroma	0.000001000000	crystalline	"[""target/debug/typst"",""eval"",""--format"",""json"",""repr((gradient.radial((rgb(128,128,128),0%),(rgb(255,43,0),100%),space:color.hsv,center:(50%,50%),radius:50%,focal-center:(50%,50%),focal-radius:0%)).sample(0.000100000000%).components(alpha:true))""]"	aae068f1d1d22b3e533158291e2bb69256d53a9421b7a6bcbfa26db4d35300a1	0	06ca4eecf46e5363abfbda10acf8e10afb0cdc06e34071ac198d2ff93d991817	e3b0c44298fc1c149afbf4c8996fb92427ae41e4649b934ca495991b7852b855
Radial/Hsv	low-chroma	0.000001000000	vanilla	"[""/usr/local/bin/typst"",""eval"",""--format"",""json"",""repr((gradient.radial((rgb(128,128,128),0%),(rgb(255,43,0),100%),space:color.hsv,center:(50%,50%),radius:50%,focal-center:(50%,50%),focal-radius:0%)).sample(0.000100000000%).components(alpha:true))""]"	7b4f40c56d6fa95082ebcfd893e275d418ebcaed1b97b62785f78284c63ff7b8	0	06ca4eecf46e5363abfbda10acf8e10afb0cdc06e34071ac198d2ff93d991817	e3b0c44298fc1c149afbf4c8996fb92427ae41e4649b934ca495991b7852b855
Radial/Hsv	low-chroma	0.250000000000	crystalline	"[""target/debug/typst"",""eval"",""--format"",""json"",""repr((gradient.radial((rgb(128,128,128),0%),(rgb(255,43,0),100%),space:color.hsv,center:(50%,50%),radius:50%,focal-center:(50%,50%),focal-radius:0%)).sample(25.000000000000%).components(alpha:true))""]"	aae068f1d1d22b3e533158291e2bb69256d53a9421b7a6bcbfa26db4d35300a1	0	8f65d8f4c627edf1ddd7c976e86a5b66f919ea3f0c82fde9e976a41a197ef07d	e3b0c44298fc1c149afbf4c8996fb92427ae41e4649b934ca495991b7852b855
Radial/Hsv	low-chroma	0.250000000000	vanilla	"[""/usr/local/bin/typst"",""eval"",""--format"",""json"",""repr((gradient.radial((rgb(128,128,128),0%),(rgb(255,43,0),100%),space:color.hsv,center:(50%,50%),radius:50%,focal-center:(50%,50%),focal-radius:0%)).sample(25.000000000000%).components(alpha:true))""]"	7b4f40c56d6fa95082ebcfd893e275d418ebcaed1b97b62785f78284c63ff7b8	0	8f65d8f4c627edf1ddd7c976e86a5b66f919ea3f0c82fde9e976a41a197ef07d	e3b0c44298fc1c149afbf4c8996fb92427ae41e4649b934ca495991b7852b855
Radial/Hsv	low-chroma	0.500000000000	crystalline	"[""target/debug/typst"",""eval"",""--format"",""json"",""repr((gradient.radial((rgb(128,128,128),0%),(rgb(255,43,0),100%),space:color.hsv,center:(50%,50%),radius:50%,focal-center:(50%,50%),focal-radius:0%)).sample(50.000000000000%).components(alpha:true))""]"	aae068f1d1d22b3e533158291e2bb69256d53a9421b7a6bcbfa26db4d35300a1	0	9b797b07ef758d093e52d4172417d49cfae0300c4cbef25b368d4e538e5b66fe	e3b0c44298fc1c149afbf4c8996fb92427ae41e4649b934ca495991b7852b855
Radial/Hsv	low-chroma	0.500000000000	vanilla	"[""/usr/local/bin/typst"",""eval"",""--format"",""json"",""repr((gradient.radial((rgb(128,128,128),0%),(rgb(255,43,0),100%),space:color.hsv,center:(50%,50%),radius:50%,focal-center:(50%,50%),focal-radius:0%)).sample(50.000000000000%).components(alpha:true))""]"	7b4f40c56d6fa95082ebcfd893e275d418ebcaed1b97b62785f78284c63ff7b8	0	9b797b07ef758d093e52d4172417d49cfae0300c4cbef25b368d4e538e5b66fe	e3b0c44298fc1c149afbf4c8996fb92427ae41e4649b934ca495991b7852b855
Radial/Hsv	low-chroma	0.750000000000	crystalline	"[""target/debug/typst"",""eval"",""--format"",""json"",""repr((gradient.radial((rgb(128,128,128),0%),(rgb(255,43,0),100%),space:color.hsv,center:(50%,50%),radius:50%,focal-center:(50%,50%),focal-radius:0%)).sample(75.000000000000%).components(alpha:true))""]"	aae068f1d1d22b3e533158291e2bb69256d53a9421b7a6bcbfa26db4d35300a1	0	a9f5607d34cf419466652d54af3585e4078e1bc7e255c6ec2c1dc421b7c338fa	e3b0c44298fc1c149afbf4c8996fb92427ae41e4649b934ca495991b7852b855
Radial/Hsv	low-chroma	0.750000000000	vanilla	"[""/usr/local/bin/typst"",""eval"",""--format"",""json"",""repr((gradient.radial((rgb(128,128,128),0%),(rgb(255,43,0),100%),space:color.hsv,center:(50%,50%),radius:50%,focal-center:(50%,50%),focal-radius:0%)).sample(75.000000000000%).components(alpha:true))""]"	7b4f40c56d6fa95082ebcfd893e275d418ebcaed1b97b62785f78284c63ff7b8	0	a9f5607d34cf419466652d54af3585e4078e1bc7e255c6ec2c1dc421b7c338fa	e3b0c44298fc1c149afbf4c8996fb92427ae41e4649b934ca495991b7852b855
Radial/Hsv	low-chroma	0.999999000000	crystalline	"[""target/debug/typst"",""eval"",""--format"",""json"",""repr((gradient.radial((rgb(128,128,128),0%),(rgb(255,43,0),100%),space:color.hsv,center:(50%,50%),radius:50%,focal-center:(50%,50%),focal-radius:0%)).sample(99.999900000000%).components(alpha:true))""]"	aae068f1d1d22b3e533158291e2bb69256d53a9421b7a6bcbfa26db4d35300a1	0	ac78326029765b3c593c424af2edf9db1347a26619af4e85f5f064ad041dba83	e3b0c44298fc1c149afbf4c8996fb92427ae41e4649b934ca495991b7852b855
Radial/Hsv	low-chroma	0.999999000000	vanilla	"[""/usr/local/bin/typst"",""eval"",""--format"",""json"",""repr((gradient.radial((rgb(128,128,128),0%),(rgb(255,43,0),100%),space:color.hsv,center:(50%,50%),radius:50%,focal-center:(50%,50%),focal-radius:0%)).sample(99.999900000000%).components(alpha:true))""]"	7b4f40c56d6fa95082ebcfd893e275d418ebcaed1b97b62785f78284c63ff7b8	0	ac78326029765b3c593c424af2edf9db1347a26619af4e85f5f064ad041dba83	e3b0c44298fc1c149afbf4c8996fb92427ae41e4649b934ca495991b7852b855
Radial/Hsv	low-chroma	1.000000000000	crystalline	"[""target/debug/typst"",""eval"",""--format"",""json"",""repr((gradient.radial((rgb(128,128,128),0%),(rgb(255,43,0),100%),space:color.hsv,center:(50%,50%),radius:50%,focal-center:(50%,50%),focal-radius:0%)).sample(100.000000000000%).components(alpha:true))""]"	aae068f1d1d22b3e533158291e2bb69256d53a9421b7a6bcbfa26db4d35300a1	0	ac78326029765b3c593c424af2edf9db1347a26619af4e85f5f064ad041dba83	e3b0c44298fc1c149afbf4c8996fb92427ae41e4649b934ca495991b7852b855
Radial/Hsv	low-chroma	1.000000000000	vanilla	"[""/usr/local/bin/typst"",""eval"",""--format"",""json"",""repr((gradient.radial((rgb(128,128,128),0%),(rgb(255,43,0),100%),space:color.hsv,center:(50%,50%),radius:50%,focal-center:(50%,50%),focal-radius:0%)).sample(100.000000000000%).components(alpha:true))""]"	7b4f40c56d6fa95082ebcfd893e275d418ebcaed1b97b62785f78284c63ff7b8	0	ac78326029765b3c593c424af2edf9db1347a26619af4e85f5f064ad041dba83	e3b0c44298fc1c149afbf4c8996fb92427ae41e4649b934ca495991b7852b855
Radial/Hsv	no-wrap	0.000000000000	crystalline	"[""target/debug/typst"",""eval"",""--format"",""json"",""repr((gradient.radial((rgb(255,128,0),0%),(rgb(0,255,128),100%),space:color.hsv,center:(50%,50%),radius:50%,focal-center:(50%,50%),focal-radius:0%)).sample(0.000000000000%).components(alpha:true))""]"	aae068f1d1d22b3e533158291e2bb69256d53a9421b7a6bcbfa26db4d35300a1	0	58cf50c528e370bee0b25132a9082e02a489f33e94281e872c248255038f024b	e3b0c44298fc1c149afbf4c8996fb92427ae41e4649b934ca495991b7852b855
Radial/Hsv	no-wrap	0.000000000000	vanilla	"[""/usr/local/bin/typst"",""eval"",""--format"",""json"",""repr((gradient.radial((rgb(255,128,0),0%),(rgb(0,255,128),100%),space:color.hsv,center:(50%,50%),radius:50%,focal-center:(50%,50%),focal-radius:0%)).sample(0.000000000000%).components(alpha:true))""]"	7b4f40c56d6fa95082ebcfd893e275d418ebcaed1b97b62785f78284c63ff7b8	0	58cf50c528e370bee0b25132a9082e02a489f33e94281e872c248255038f024b	e3b0c44298fc1c149afbf4c8996fb92427ae41e4649b934ca495991b7852b855
Radial/Hsv	no-wrap	0.000001000000	crystalline	"[""target/debug/typst"",""eval"",""--format"",""json"",""repr((gradient.radial((rgb(255,128,0),0%),(rgb(0,255,128),100%),space:color.hsv,center:(50%,50%),radius:50%,focal-center:(50%,50%),focal-radius:0%)).sample(0.000100000000%).components(alpha:true))""]"	aae068f1d1d22b3e533158291e2bb69256d53a9421b7a6bcbfa26db4d35300a1	0	58cf50c528e370bee0b25132a9082e02a489f33e94281e872c248255038f024b	e3b0c44298fc1c149afbf4c8996fb92427ae41e4649b934ca495991b7852b855
Radial/Hsv	no-wrap	0.000001000000	vanilla	"[""/usr/local/bin/typst"",""eval"",""--format"",""json"",""repr((gradient.radial((rgb(255,128,0),0%),(rgb(0,255,128),100%),space:color.hsv,center:(50%,50%),radius:50%,focal-center:(50%,50%),focal-radius:0%)).sample(0.000100000000%).components(alpha:true))""]"	7b4f40c56d6fa95082ebcfd893e275d418ebcaed1b97b62785f78284c63ff7b8	0	58cf50c528e370bee0b25132a9082e02a489f33e94281e872c248255038f024b	e3b0c44298fc1c149afbf4c8996fb92427ae41e4649b934ca495991b7852b855
Radial/Hsv	no-wrap	0.250000000000	crystalline	"[""target/debug/typst"",""eval"",""--format"",""json"",""repr((gradient.radial((rgb(255,128,0),0%),(rgb(0,255,128),100%),space:color.hsv,center:(50%,50%),radius:50%,focal-center:(50%,50%),focal-radius:0%)).sample(25.000000000000%).components(alpha:true))""]"	aae068f1d1d22b3e533158291e2bb69256d53a9421b7a6bcbfa26db4d35300a1	0	4dca1e173c9e07bcc5e6f0b071e3d615bff826b5a5be85ccf302317b90e0ba09	e3b0c44298fc1c149afbf4c8996fb92427ae41e4649b934ca495991b7852b855
Radial/Hsv	no-wrap	0.250000000000	vanilla	"[""/usr/local/bin/typst"",""eval"",""--format"",""json"",""repr((gradient.radial((rgb(255,128,0),0%),(rgb(0,255,128),100%),space:color.hsv,center:(50%,50%),radius:50%,focal-center:(50%,50%),focal-radius:0%)).sample(25.000000000000%).components(alpha:true))""]"	7b4f40c56d6fa95082ebcfd893e275d418ebcaed1b97b62785f78284c63ff7b8	0	4dca1e173c9e07bcc5e6f0b071e3d615bff826b5a5be85ccf302317b90e0ba09	e3b0c44298fc1c149afbf4c8996fb92427ae41e4649b934ca495991b7852b855
Radial/Hsv	no-wrap	0.500000000000	crystalline	"[""target/debug/typst"",""eval"",""--format"",""json"",""repr((gradient.radial((rgb(255,128,0),0%),(rgb(0,255,128),100%),space:color.hsv,center:(50%,50%),radius:50%,focal-center:(50%,50%),focal-radius:0%)).sample(50.000000000000%).components(alpha:true))""]"	aae068f1d1d22b3e533158291e2bb69256d53a9421b7a6bcbfa26db4d35300a1	0	372e4f6e6a4a9ebef2195b924c4916c7298b4b121278029a5b090809d5cda2e4	e3b0c44298fc1c149afbf4c8996fb92427ae41e4649b934ca495991b7852b855
Radial/Hsv	no-wrap	0.500000000000	vanilla	"[""/usr/local/bin/typst"",""eval"",""--format"",""json"",""repr((gradient.radial((rgb(255,128,0),0%),(rgb(0,255,128),100%),space:color.hsv,center:(50%,50%),radius:50%,focal-center:(50%,50%),focal-radius:0%)).sample(50.000000000000%).components(alpha:true))""]"	7b4f40c56d6fa95082ebcfd893e275d418ebcaed1b97b62785f78284c63ff7b8	0	372e4f6e6a4a9ebef2195b924c4916c7298b4b121278029a5b090809d5cda2e4	e3b0c44298fc1c149afbf4c8996fb92427ae41e4649b934ca495991b7852b855
Radial/Hsv	no-wrap	0.750000000000	crystalline	"[""target/debug/typst"",""eval"",""--format"",""json"",""repr((gradient.radial((rgb(255,128,0),0%),(rgb(0,255,128),100%),space:color.hsv,center:(50%,50%),radius:50%,focal-center:(50%,50%),focal-radius:0%)).sample(75.000000000000%).components(alpha:true))""]"	aae068f1d1d22b3e533158291e2bb69256d53a9421b7a6bcbfa26db4d35300a1	0	bdaaabbf3c42607874c1327596627af1d150c0361b89e0f6ca9c26410d8d94ed	e3b0c44298fc1c149afbf4c8996fb92427ae41e4649b934ca495991b7852b855
Radial/Hsv	no-wrap	0.750000000000	vanilla	"[""/usr/local/bin/typst"",""eval"",""--format"",""json"",""repr((gradient.radial((rgb(255,128,0),0%),(rgb(0,255,128),100%),space:color.hsv,center:(50%,50%),radius:50%,focal-center:(50%,50%),focal-radius:0%)).sample(75.000000000000%).components(alpha:true))""]"	7b4f40c56d6fa95082ebcfd893e275d418ebcaed1b97b62785f78284c63ff7b8	0	bdaaabbf3c42607874c1327596627af1d150c0361b89e0f6ca9c26410d8d94ed	e3b0c44298fc1c149afbf4c8996fb92427ae41e4649b934ca495991b7852b855
Radial/Hsv	no-wrap	0.999999000000	crystalline	"[""target/debug/typst"",""eval"",""--format"",""json"",""repr((gradient.radial((rgb(255,128,0),0%),(rgb(0,255,128),100%),space:color.hsv,center:(50%,50%),radius:50%,focal-center:(50%,50%),focal-radius:0%)).sample(99.999900000000%).components(alpha:true))""]"	aae068f1d1d22b3e533158291e2bb69256d53a9421b7a6bcbfa26db4d35300a1	0	1696c28b5b5ac15c9f300ad78cea24871ab0bab98403c796f8a073c5d0794666	e3b0c44298fc1c149afbf4c8996fb92427ae41e4649b934ca495991b7852b855
Radial/Hsv	no-wrap	0.999999000000	vanilla	"[""/usr/local/bin/typst"",""eval"",""--format"",""json"",""repr((gradient.radial((rgb(255,128,0),0%),(rgb(0,255,128),100%),space:color.hsv,center:(50%,50%),radius:50%,focal-center:(50%,50%),focal-radius:0%)).sample(99.999900000000%).components(alpha:true))""]"	7b4f40c56d6fa95082ebcfd893e275d418ebcaed1b97b62785f78284c63ff7b8	0	1696c28b5b5ac15c9f300ad78cea24871ab0bab98403c796f8a073c5d0794666	e3b0c44298fc1c149afbf4c8996fb92427ae41e4649b934ca495991b7852b855
Radial/Hsv	no-wrap	1.000000000000	crystalline	"[""target/debug/typst"",""eval"",""--format"",""json"",""repr((gradient.radial((rgb(255,128,0),0%),(rgb(0,255,128),100%),space:color.hsv,center:(50%,50%),radius:50%,focal-center:(50%,50%),focal-radius:0%)).sample(100.000000000000%).components(alpha:true))""]"	aae068f1d1d22b3e533158291e2bb69256d53a9421b7a6bcbfa26db4d35300a1	0	1696c28b5b5ac15c9f300ad78cea24871ab0bab98403c796f8a073c5d0794666	e3b0c44298fc1c149afbf4c8996fb92427ae41e4649b934ca495991b7852b855
Radial/Hsv	no-wrap	1.000000000000	vanilla	"[""/usr/local/bin/typst"",""eval"",""--format"",""json"",""repr((gradient.radial((rgb(255,128,0),0%),(rgb(0,255,128),100%),space:color.hsv,center:(50%,50%),radius:50%,focal-center:(50%,50%),focal-radius:0%)).sample(100.000000000000%).components(alpha:true))""]"	7b4f40c56d6fa95082ebcfd893e275d418ebcaed1b97b62785f78284c63ff7b8	0	1696c28b5b5ac15c9f300ad78cea24871ab0bab98403c796f8a073c5d0794666	e3b0c44298fc1c149afbf4c8996fb92427ae41e4649b934ca495991b7852b855
Radial/Hsv	seam-forward	0.000000000000	crystalline	"[""target/debug/typst"",""eval"",""--format"",""json"",""repr((gradient.radial((rgb(255,0,43),0%),(rgb(255,43,0),100%),space:color.hsv,center:(50%,50%),radius:50%,focal-center:(50%,50%),focal-radius:0%)).sample(0.000000000000%).components(alpha:true))""]"	aae068f1d1d22b3e533158291e2bb69256d53a9421b7a6bcbfa26db4d35300a1	0	7112be2575705eb8bf4d17f79ee2377e50fbfbfaa8b54fca34a32abda203024b	e3b0c44298fc1c149afbf4c8996fb92427ae41e4649b934ca495991b7852b855
Radial/Hsv	seam-forward	0.000000000000	vanilla	"[""/usr/local/bin/typst"",""eval"",""--format"",""json"",""repr((gradient.radial((rgb(255,0,43),0%),(rgb(255,43,0),100%),space:color.hsv,center:(50%,50%),radius:50%,focal-center:(50%,50%),focal-radius:0%)).sample(0.000000000000%).components(alpha:true))""]"	7b4f40c56d6fa95082ebcfd893e275d418ebcaed1b97b62785f78284c63ff7b8	0	7112be2575705eb8bf4d17f79ee2377e50fbfbfaa8b54fca34a32abda203024b	e3b0c44298fc1c149afbf4c8996fb92427ae41e4649b934ca495991b7852b855
Radial/Hsv	seam-forward	0.000001000000	crystalline	"[""target/debug/typst"",""eval"",""--format"",""json"",""repr((gradient.radial((rgb(255,0,43),0%),(rgb(255,43,0),100%),space:color.hsv,center:(50%,50%),radius:50%,focal-center:(50%,50%),focal-radius:0%)).sample(0.000100000000%).components(alpha:true))""]"	aae068f1d1d22b3e533158291e2bb69256d53a9421b7a6bcbfa26db4d35300a1	0	7112be2575705eb8bf4d17f79ee2377e50fbfbfaa8b54fca34a32abda203024b	e3b0c44298fc1c149afbf4c8996fb92427ae41e4649b934ca495991b7852b855
Radial/Hsv	seam-forward	0.000001000000	vanilla	"[""/usr/local/bin/typst"",""eval"",""--format"",""json"",""repr((gradient.radial((rgb(255,0,43),0%),(rgb(255,43,0),100%),space:color.hsv,center:(50%,50%),radius:50%,focal-center:(50%,50%),focal-radius:0%)).sample(0.000100000000%).components(alpha:true))""]"	7b4f40c56d6fa95082ebcfd893e275d418ebcaed1b97b62785f78284c63ff7b8	0	7112be2575705eb8bf4d17f79ee2377e50fbfbfaa8b54fca34a32abda203024b	e3b0c44298fc1c149afbf4c8996fb92427ae41e4649b934ca495991b7852b855
Radial/Hsv	seam-forward	0.250000000000	crystalline	"[""target/debug/typst"",""eval"",""--format"",""json"",""repr((gradient.radial((rgb(255,0,43),0%),(rgb(255,43,0),100%),space:color.hsv,center:(50%,50%),radius:50%,focal-center:(50%,50%),focal-radius:0%)).sample(25.000000000000%).components(alpha:true))""]"	aae068f1d1d22b3e533158291e2bb69256d53a9421b7a6bcbfa26db4d35300a1	0	25d4e269287b102015961fc56451f4bb83b4a9e0c1488699cc3e283b0a5c8918	e3b0c44298fc1c149afbf4c8996fb92427ae41e4649b934ca495991b7852b855
Radial/Hsv	seam-forward	0.250000000000	vanilla	"[""/usr/local/bin/typst"",""eval"",""--format"",""json"",""repr((gradient.radial((rgb(255,0,43),0%),(rgb(255,43,0),100%),space:color.hsv,center:(50%,50%),radius:50%,focal-center:(50%,50%),focal-radius:0%)).sample(25.000000000000%).components(alpha:true))""]"	7b4f40c56d6fa95082ebcfd893e275d418ebcaed1b97b62785f78284c63ff7b8	0	25d4e269287b102015961fc56451f4bb83b4a9e0c1488699cc3e283b0a5c8918	e3b0c44298fc1c149afbf4c8996fb92427ae41e4649b934ca495991b7852b855
Radial/Hsv	seam-forward	0.500000000000	crystalline	"[""target/debug/typst"",""eval"",""--format"",""json"",""repr((gradient.radial((rgb(255,0,43),0%),(rgb(255,43,0),100%),space:color.hsv,center:(50%,50%),radius:50%,focal-center:(50%,50%),focal-radius:0%)).sample(50.000000000000%).components(alpha:true))""]"	aae068f1d1d22b3e533158291e2bb69256d53a9421b7a6bcbfa26db4d35300a1	0	6590c0abfb32c2cab1d7276d672c566df3166e23a1506579b324d604f8c64927	e3b0c44298fc1c149afbf4c8996fb92427ae41e4649b934ca495991b7852b855
Radial/Hsv	seam-forward	0.500000000000	vanilla	"[""/usr/local/bin/typst"",""eval"",""--format"",""json"",""repr((gradient.radial((rgb(255,0,43),0%),(rgb(255,43,0),100%),space:color.hsv,center:(50%,50%),radius:50%,focal-center:(50%,50%),focal-radius:0%)).sample(50.000000000000%).components(alpha:true))""]"	7b4f40c56d6fa95082ebcfd893e275d418ebcaed1b97b62785f78284c63ff7b8	0	6590c0abfb32c2cab1d7276d672c566df3166e23a1506579b324d604f8c64927	e3b0c44298fc1c149afbf4c8996fb92427ae41e4649b934ca495991b7852b855
Radial/Hsv	seam-forward	0.750000000000	crystalline	"[""target/debug/typst"",""eval"",""--format"",""json"",""repr((gradient.radial((rgb(255,0,43),0%),(rgb(255,43,0),100%),space:color.hsv,center:(50%,50%),radius:50%,focal-center:(50%,50%),focal-radius:0%)).sample(75.000000000000%).components(alpha:true))""]"	aae068f1d1d22b3e533158291e2bb69256d53a9421b7a6bcbfa26db4d35300a1	0	1b2be5ff26543dfc10f55143257773d30e78af4472e47e1c085b1fac0cfba7cd	e3b0c44298fc1c149afbf4c8996fb92427ae41e4649b934ca495991b7852b855
Radial/Hsv	seam-forward	0.750000000000	vanilla	"[""/usr/local/bin/typst"",""eval"",""--format"",""json"",""repr((gradient.radial((rgb(255,0,43),0%),(rgb(255,43,0),100%),space:color.hsv,center:(50%,50%),radius:50%,focal-center:(50%,50%),focal-radius:0%)).sample(75.000000000000%).components(alpha:true))""]"	7b4f40c56d6fa95082ebcfd893e275d418ebcaed1b97b62785f78284c63ff7b8	0	1b2be5ff26543dfc10f55143257773d30e78af4472e47e1c085b1fac0cfba7cd	e3b0c44298fc1c149afbf4c8996fb92427ae41e4649b934ca495991b7852b855
Radial/Hsv	seam-forward	0.999999000000	crystalline	"[""target/debug/typst"",""eval"",""--format"",""json"",""repr((gradient.radial((rgb(255,0,43),0%),(rgb(255,43,0),100%),space:color.hsv,center:(50%,50%),radius:50%,focal-center:(50%,50%),focal-radius:0%)).sample(99.999900000000%).components(alpha:true))""]"	aae068f1d1d22b3e533158291e2bb69256d53a9421b7a6bcbfa26db4d35300a1	0	ac78326029765b3c593c424af2edf9db1347a26619af4e85f5f064ad041dba83	e3b0c44298fc1c149afbf4c8996fb92427ae41e4649b934ca495991b7852b855
Radial/Hsv	seam-forward	0.999999000000	vanilla	"[""/usr/local/bin/typst"",""eval"",""--format"",""json"",""repr((gradient.radial((rgb(255,0,43),0%),(rgb(255,43,0),100%),space:color.hsv,center:(50%,50%),radius:50%,focal-center:(50%,50%),focal-radius:0%)).sample(99.999900000000%).components(alpha:true))""]"	7b4f40c56d6fa95082ebcfd893e275d418ebcaed1b97b62785f78284c63ff7b8	0	ac78326029765b3c593c424af2edf9db1347a26619af4e85f5f064ad041dba83	e3b0c44298fc1c149afbf4c8996fb92427ae41e4649b934ca495991b7852b855
Radial/Hsv	seam-forward	1.000000000000	crystalline	"[""target/debug/typst"",""eval"",""--format"",""json"",""repr((gradient.radial((rgb(255,0,43),0%),(rgb(255,43,0),100%),space:color.hsv,center:(50%,50%),radius:50%,focal-center:(50%,50%),focal-radius:0%)).sample(100.000000000000%).components(alpha:true))""]"	aae068f1d1d22b3e533158291e2bb69256d53a9421b7a6bcbfa26db4d35300a1	0	ac78326029765b3c593c424af2edf9db1347a26619af4e85f5f064ad041dba83	e3b0c44298fc1c149afbf4c8996fb92427ae41e4649b934ca495991b7852b855
Radial/Hsv	seam-forward	1.000000000000	vanilla	"[""/usr/local/bin/typst"",""eval"",""--format"",""json"",""repr((gradient.radial((rgb(255,0,43),0%),(rgb(255,43,0),100%),space:color.hsv,center:(50%,50%),radius:50%,focal-center:(50%,50%),focal-radius:0%)).sample(100.000000000000%).components(alpha:true))""]"	7b4f40c56d6fa95082ebcfd893e275d418ebcaed1b97b62785f78284c63ff7b8	0	ac78326029765b3c593c424af2edf9db1347a26619af4e85f5f064ad041dba83	e3b0c44298fc1c149afbf4c8996fb92427ae41e4649b934ca495991b7852b855
Radial/Hsv	seam-reverse	0.000000000000	crystalline	"[""target/debug/typst"",""eval"",""--format"",""json"",""repr((gradient.radial((rgb(255,43,0),0%),(rgb(255,0,43),100%),space:color.hsv,center:(50%,50%),radius:50%,focal-center:(50%,50%),focal-radius:0%)).sample(0.000000000000%).components(alpha:true))""]"	aae068f1d1d22b3e533158291e2bb69256d53a9421b7a6bcbfa26db4d35300a1	0	ac78326029765b3c593c424af2edf9db1347a26619af4e85f5f064ad041dba83	e3b0c44298fc1c149afbf4c8996fb92427ae41e4649b934ca495991b7852b855
Radial/Hsv	seam-reverse	0.000000000000	vanilla	"[""/usr/local/bin/typst"",""eval"",""--format"",""json"",""repr((gradient.radial((rgb(255,43,0),0%),(rgb(255,0,43),100%),space:color.hsv,center:(50%,50%),radius:50%,focal-center:(50%,50%),focal-radius:0%)).sample(0.000000000000%).components(alpha:true))""]"	7b4f40c56d6fa95082ebcfd893e275d418ebcaed1b97b62785f78284c63ff7b8	0	ac78326029765b3c593c424af2edf9db1347a26619af4e85f5f064ad041dba83	e3b0c44298fc1c149afbf4c8996fb92427ae41e4649b934ca495991b7852b855
Radial/Hsv	seam-reverse	0.000001000000	crystalline	"[""target/debug/typst"",""eval"",""--format"",""json"",""repr((gradient.radial((rgb(255,43,0),0%),(rgb(255,0,43),100%),space:color.hsv,center:(50%,50%),radius:50%,focal-center:(50%,50%),focal-radius:0%)).sample(0.000100000000%).components(alpha:true))""]"	aae068f1d1d22b3e533158291e2bb69256d53a9421b7a6bcbfa26db4d35300a1	0	ac78326029765b3c593c424af2edf9db1347a26619af4e85f5f064ad041dba83	e3b0c44298fc1c149afbf4c8996fb92427ae41e4649b934ca495991b7852b855
Radial/Hsv	seam-reverse	0.000001000000	vanilla	"[""/usr/local/bin/typst"",""eval"",""--format"",""json"",""repr((gradient.radial((rgb(255,43,0),0%),(rgb(255,0,43),100%),space:color.hsv,center:(50%,50%),radius:50%,focal-center:(50%,50%),focal-radius:0%)).sample(0.000100000000%).components(alpha:true))""]"	7b4f40c56d6fa95082ebcfd893e275d418ebcaed1b97b62785f78284c63ff7b8	0	ac78326029765b3c593c424af2edf9db1347a26619af4e85f5f064ad041dba83	e3b0c44298fc1c149afbf4c8996fb92427ae41e4649b934ca495991b7852b855
Radial/Hsv	seam-reverse	0.250000000000	crystalline	"[""target/debug/typst"",""eval"",""--format"",""json"",""repr((gradient.radial((rgb(255,43,0),0%),(rgb(255,0,43),100%),space:color.hsv,center:(50%,50%),radius:50%,focal-center:(50%,50%),focal-radius:0%)).sample(25.000000000000%).components(alpha:true))""]"	aae068f1d1d22b3e533158291e2bb69256d53a9421b7a6bcbfa26db4d35300a1	0	1b2be5ff26543dfc10f55143257773d30e78af4472e47e1c085b1fac0cfba7cd	e3b0c44298fc1c149afbf4c8996fb92427ae41e4649b934ca495991b7852b855
Radial/Hsv	seam-reverse	0.250000000000	vanilla	"[""/usr/local/bin/typst"",""eval"",""--format"",""json"",""repr((gradient.radial((rgb(255,43,0),0%),(rgb(255,0,43),100%),space:color.hsv,center:(50%,50%),radius:50%,focal-center:(50%,50%),focal-radius:0%)).sample(25.000000000000%).components(alpha:true))""]"	7b4f40c56d6fa95082ebcfd893e275d418ebcaed1b97b62785f78284c63ff7b8	0	1b2be5ff26543dfc10f55143257773d30e78af4472e47e1c085b1fac0cfba7cd	e3b0c44298fc1c149afbf4c8996fb92427ae41e4649b934ca495991b7852b855
Radial/Hsv	seam-reverse	0.500000000000	crystalline	"[""target/debug/typst"",""eval"",""--format"",""json"",""repr((gradient.radial((rgb(255,43,0),0%),(rgb(255,0,43),100%),space:color.hsv,center:(50%,50%),radius:50%,focal-center:(50%,50%),focal-radius:0%)).sample(50.000000000000%).components(alpha:true))""]"	aae068f1d1d22b3e533158291e2bb69256d53a9421b7a6bcbfa26db4d35300a1	0	6590c0abfb32c2cab1d7276d672c566df3166e23a1506579b324d604f8c64927	e3b0c44298fc1c149afbf4c8996fb92427ae41e4649b934ca495991b7852b855
Radial/Hsv	seam-reverse	0.500000000000	vanilla	"[""/usr/local/bin/typst"",""eval"",""--format"",""json"",""repr((gradient.radial((rgb(255,43,0),0%),(rgb(255,0,43),100%),space:color.hsv,center:(50%,50%),radius:50%,focal-center:(50%,50%),focal-radius:0%)).sample(50.000000000000%).components(alpha:true))""]"	7b4f40c56d6fa95082ebcfd893e275d418ebcaed1b97b62785f78284c63ff7b8	0	6590c0abfb32c2cab1d7276d672c566df3166e23a1506579b324d604f8c64927	e3b0c44298fc1c149afbf4c8996fb92427ae41e4649b934ca495991b7852b855
Radial/Hsv	seam-reverse	0.750000000000	crystalline	"[""target/debug/typst"",""eval"",""--format"",""json"",""repr((gradient.radial((rgb(255,43,0),0%),(rgb(255,0,43),100%),space:color.hsv,center:(50%,50%),radius:50%,focal-center:(50%,50%),focal-radius:0%)).sample(75.000000000000%).components(alpha:true))""]"	aae068f1d1d22b3e533158291e2bb69256d53a9421b7a6bcbfa26db4d35300a1	0	25d4e269287b102015961fc56451f4bb83b4a9e0c1488699cc3e283b0a5c8918	e3b0c44298fc1c149afbf4c8996fb92427ae41e4649b934ca495991b7852b855
Radial/Hsv	seam-reverse	0.750000000000	vanilla	"[""/usr/local/bin/typst"",""eval"",""--format"",""json"",""repr((gradient.radial((rgb(255,43,0),0%),(rgb(255,0,43),100%),space:color.hsv,center:(50%,50%),radius:50%,focal-center:(50%,50%),focal-radius:0%)).sample(75.000000000000%).components(alpha:true))""]"	7b4f40c56d6fa95082ebcfd893e275d418ebcaed1b97b62785f78284c63ff7b8	0	25d4e269287b102015961fc56451f4bb83b4a9e0c1488699cc3e283b0a5c8918	e3b0c44298fc1c149afbf4c8996fb92427ae41e4649b934ca495991b7852b855
Radial/Hsv	seam-reverse	0.999999000000	crystalline	"[""target/debug/typst"",""eval"",""--format"",""json"",""repr((gradient.radial((rgb(255,43,0),0%),(rgb(255,0,43),100%),space:color.hsv,center:(50%,50%),radius:50%,focal-center:(50%,50%),focal-radius:0%)).sample(99.999900000000%).components(alpha:true))""]"	aae068f1d1d22b3e533158291e2bb69256d53a9421b7a6bcbfa26db4d35300a1	0	7112be2575705eb8bf4d17f79ee2377e50fbfbfaa8b54fca34a32abda203024b	e3b0c44298fc1c149afbf4c8996fb92427ae41e4649b934ca495991b7852b855
Radial/Hsv	seam-reverse	0.999999000000	vanilla	"[""/usr/local/bin/typst"",""eval"",""--format"",""json"",""repr((gradient.radial((rgb(255,43,0),0%),(rgb(255,0,43),100%),space:color.hsv,center:(50%,50%),radius:50%,focal-center:(50%,50%),focal-radius:0%)).sample(99.999900000000%).components(alpha:true))""]"	7b4f40c56d6fa95082ebcfd893e275d418ebcaed1b97b62785f78284c63ff7b8	0	7112be2575705eb8bf4d17f79ee2377e50fbfbfaa8b54fca34a32abda203024b	e3b0c44298fc1c149afbf4c8996fb92427ae41e4649b934ca495991b7852b855
Radial/Hsv	seam-reverse	1.000000000000	crystalline	"[""target/debug/typst"",""eval"",""--format"",""json"",""repr((gradient.radial((rgb(255,43,0),0%),(rgb(255,0,43),100%),space:color.hsv,center:(50%,50%),radius:50%,focal-center:(50%,50%),focal-radius:0%)).sample(100.000000000000%).components(alpha:true))""]"	aae068f1d1d22b3e533158291e2bb69256d53a9421b7a6bcbfa26db4d35300a1	0	7112be2575705eb8bf4d17f79ee2377e50fbfbfaa8b54fca34a32abda203024b	e3b0c44298fc1c149afbf4c8996fb92427ae41e4649b934ca495991b7852b855
Radial/Hsv	seam-reverse	1.000000000000	vanilla	"[""/usr/local/bin/typst"",""eval"",""--format"",""json"",""repr((gradient.radial((rgb(255,43,0),0%),(rgb(255,0,43),100%),space:color.hsv,center:(50%,50%),radius:50%,focal-center:(50%,50%),focal-radius:0%)).sample(100.000000000000%).components(alpha:true))""]"	7b4f40c56d6fa95082ebcfd893e275d418ebcaed1b97b62785f78284c63ff7b8	0	7112be2575705eb8bf4d17f79ee2377e50fbfbfaa8b54fca34a32abda203024b	e3b0c44298fc1c149afbf4c8996fb92427ae41e4649b934ca495991b7852b855
Radial/Oklch	alpha-first	0.000000000000	crystalline	"[""target/debug/typst"",""eval"",""--format"",""json"",""repr((gradient.radial((rgb(230,0,140).transparentize(60%),0%),(rgb(255,80,120),100%),space:color.oklch,center:(50%,50%),radius:50%,focal-center:(50%,50%),focal-radius:0%)).sample(0.000000000000%).components(alpha:true))""]"	aae068f1d1d22b3e533158291e2bb69256d53a9421b7a6bcbfa26db4d35300a1	0	60558c218688bdba02c35629fd427eff0945f34b43300db5cc51ac186c6e68bc	e3b0c44298fc1c149afbf4c8996fb92427ae41e4649b934ca495991b7852b855
Radial/Oklch	alpha-first	0.000000000000	vanilla	"[""/usr/local/bin/typst"",""eval"",""--format"",""json"",""repr((gradient.radial((rgb(230,0,140).transparentize(60%),0%),(rgb(255,80,120),100%),space:color.oklch,center:(50%,50%),radius:50%,focal-center:(50%,50%),focal-radius:0%)).sample(0.000000000000%).components(alpha:true))""]"	7b4f40c56d6fa95082ebcfd893e275d418ebcaed1b97b62785f78284c63ff7b8	0	84f0fd0b1ba1410e9ddf09b7fe2ad2649861925b62dfc81447d692f39b14be49	e3b0c44298fc1c149afbf4c8996fb92427ae41e4649b934ca495991b7852b855
Radial/Oklch	alpha-first	0.000001000000	crystalline	"[""target/debug/typst"",""eval"",""--format"",""json"",""repr((gradient.radial((rgb(230,0,140).transparentize(60%),0%),(rgb(255,80,120),100%),space:color.oklch,center:(50%,50%),radius:50%,focal-center:(50%,50%),focal-radius:0%)).sample(0.000100000000%).components(alpha:true))""]"	aae068f1d1d22b3e533158291e2bb69256d53a9421b7a6bcbfa26db4d35300a1	0	c3b67cae6e13b30ad4ce3631b82534cd403f7b330e34bb8e0dd693a79e69babd	e3b0c44298fc1c149afbf4c8996fb92427ae41e4649b934ca495991b7852b855
Radial/Oklch	alpha-first	0.000001000000	vanilla	"[""/usr/local/bin/typst"",""eval"",""--format"",""json"",""repr((gradient.radial((rgb(230,0,140).transparentize(60%),0%),(rgb(255,80,120),100%),space:color.oklch,center:(50%,50%),radius:50%,focal-center:(50%,50%),focal-radius:0%)).sample(0.000100000000%).components(alpha:true))""]"	7b4f40c56d6fa95082ebcfd893e275d418ebcaed1b97b62785f78284c63ff7b8	0	cf3e83938cdf5529b6ab539cc8f94e8a8ed1435b0df15eeebc3b4374da9fcf8b	e3b0c44298fc1c149afbf4c8996fb92427ae41e4649b934ca495991b7852b855
Radial/Oklch	alpha-first	0.250000000000	crystalline	"[""target/debug/typst"",""eval"",""--format"",""json"",""repr((gradient.radial((rgb(230,0,140).transparentize(60%),0%),(rgb(255,80,120),100%),space:color.oklch,center:(50%,50%),radius:50%,focal-center:(50%,50%),focal-radius:0%)).sample(25.000000000000%).components(alpha:true))""]"	aae068f1d1d22b3e533158291e2bb69256d53a9421b7a6bcbfa26db4d35300a1	0	d282290efe2bf016501c3e8552502d7e8f21d200fdcc75f91057ba5fb845b199	e3b0c44298fc1c149afbf4c8996fb92427ae41e4649b934ca495991b7852b855
Radial/Oklch	alpha-first	0.250000000000	vanilla	"[""/usr/local/bin/typst"",""eval"",""--format"",""json"",""repr((gradient.radial((rgb(230,0,140).transparentize(60%),0%),(rgb(255,80,120),100%),space:color.oklch,center:(50%,50%),radius:50%,focal-center:(50%,50%),focal-radius:0%)).sample(25.000000000000%).components(alpha:true))""]"	7b4f40c56d6fa95082ebcfd893e275d418ebcaed1b97b62785f78284c63ff7b8	0	d282290efe2bf016501c3e8552502d7e8f21d200fdcc75f91057ba5fb845b199	e3b0c44298fc1c149afbf4c8996fb92427ae41e4649b934ca495991b7852b855
Radial/Oklch	alpha-first	0.500000000000	crystalline	"[""target/debug/typst"",""eval"",""--format"",""json"",""repr((gradient.radial((rgb(230,0,140).transparentize(60%),0%),(rgb(255,80,120),100%),space:color.oklch,center:(50%,50%),radius:50%,focal-center:(50%,50%),focal-radius:0%)).sample(50.000000000000%).components(alpha:true))""]"	aae068f1d1d22b3e533158291e2bb69256d53a9421b7a6bcbfa26db4d35300a1	0	2d1d0a634b945e66e2edb76bb99d4d50123b3c4e22d77296cd26e1a70c82956f	e3b0c44298fc1c149afbf4c8996fb92427ae41e4649b934ca495991b7852b855
Radial/Oklch	alpha-first	0.500000000000	vanilla	"[""/usr/local/bin/typst"",""eval"",""--format"",""json"",""repr((gradient.radial((rgb(230,0,140).transparentize(60%),0%),(rgb(255,80,120),100%),space:color.oklch,center:(50%,50%),radius:50%,focal-center:(50%,50%),focal-radius:0%)).sample(50.000000000000%).components(alpha:true))""]"	7b4f40c56d6fa95082ebcfd893e275d418ebcaed1b97b62785f78284c63ff7b8	0	9eed2d66ab1600e2898d3a945c9af1c68709d3541f33f304224d169b75cc6488	e3b0c44298fc1c149afbf4c8996fb92427ae41e4649b934ca495991b7852b855
Radial/Oklch	alpha-first	0.750000000000	crystalline	"[""target/debug/typst"",""eval"",""--format"",""json"",""repr((gradient.radial((rgb(230,0,140).transparentize(60%),0%),(rgb(255,80,120),100%),space:color.oklch,center:(50%,50%),radius:50%,focal-center:(50%,50%),focal-radius:0%)).sample(75.000000000000%).components(alpha:true))""]"	aae068f1d1d22b3e533158291e2bb69256d53a9421b7a6bcbfa26db4d35300a1	0	c927c59d8654239a4c5576c971aa76108429f706810c45b8325ce244977888f4	e3b0c44298fc1c149afbf4c8996fb92427ae41e4649b934ca495991b7852b855
Radial/Oklch	alpha-first	0.750000000000	vanilla	"[""/usr/local/bin/typst"",""eval"",""--format"",""json"",""repr((gradient.radial((rgb(230,0,140).transparentize(60%),0%),(rgb(255,80,120),100%),space:color.oklch,center:(50%,50%),radius:50%,focal-center:(50%,50%),focal-radius:0%)).sample(75.000000000000%).components(alpha:true))""]"	7b4f40c56d6fa95082ebcfd893e275d418ebcaed1b97b62785f78284c63ff7b8	0	c3da396668c7c86a6ac6b4e23ad4d9409a52bc57ec5ecb732b2ccc010c2a4f79	e3b0c44298fc1c149afbf4c8996fb92427ae41e4649b934ca495991b7852b855
Radial/Oklch	alpha-first	0.999999000000	crystalline	"[""target/debug/typst"",""eval"",""--format"",""json"",""repr((gradient.radial((rgb(230,0,140).transparentize(60%),0%),(rgb(255,80,120),100%),space:color.oklch,center:(50%,50%),radius:50%,focal-center:(50%,50%),focal-radius:0%)).sample(99.999900000000%).components(alpha:true))""]"	aae068f1d1d22b3e533158291e2bb69256d53a9421b7a6bcbfa26db4d35300a1	0	f9cb0c6ff141b537f4bf42eb12e3740bd95da5867dcfb7d7018df07cb136fcd1	e3b0c44298fc1c149afbf4c8996fb92427ae41e4649b934ca495991b7852b855
Radial/Oklch	alpha-first	0.999999000000	vanilla	"[""/usr/local/bin/typst"",""eval"",""--format"",""json"",""repr((gradient.radial((rgb(230,0,140).transparentize(60%),0%),(rgb(255,80,120),100%),space:color.oklch,center:(50%,50%),radius:50%,focal-center:(50%,50%),focal-radius:0%)).sample(99.999900000000%).components(alpha:true))""]"	7b4f40c56d6fa95082ebcfd893e275d418ebcaed1b97b62785f78284c63ff7b8	0	f9cb0c6ff141b537f4bf42eb12e3740bd95da5867dcfb7d7018df07cb136fcd1	e3b0c44298fc1c149afbf4c8996fb92427ae41e4649b934ca495991b7852b855
Radial/Oklch	alpha-first	1.000000000000	crystalline	"[""target/debug/typst"",""eval"",""--format"",""json"",""repr((gradient.radial((rgb(230,0,140).transparentize(60%),0%),(rgb(255,80,120),100%),space:color.oklch,center:(50%,50%),radius:50%,focal-center:(50%,50%),focal-radius:0%)).sample(100.000000000000%).components(alpha:true))""]"	aae068f1d1d22b3e533158291e2bb69256d53a9421b7a6bcbfa26db4d35300a1	0	7f64d7fc901d1ac011bea3903fa513fb07fde91c4c1edc86534d53716ea4e04d	e3b0c44298fc1c149afbf4c8996fb92427ae41e4649b934ca495991b7852b855
Radial/Oklch	alpha-first	1.000000000000	vanilla	"[""/usr/local/bin/typst"",""eval"",""--format"",""json"",""repr((gradient.radial((rgb(230,0,140).transparentize(60%),0%),(rgb(255,80,120),100%),space:color.oklch,center:(50%,50%),radius:50%,focal-center:(50%,50%),focal-radius:0%)).sample(100.000000000000%).components(alpha:true))""]"	7b4f40c56d6fa95082ebcfd893e275d418ebcaed1b97b62785f78284c63ff7b8	0	7f64d7fc901d1ac011bea3903fa513fb07fde91c4c1edc86534d53716ea4e04d	e3b0c44298fc1c149afbf4c8996fb92427ae41e4649b934ca495991b7852b855
Radial/Oklch	alpha-last	0.000000000000	crystalline	"[""target/debug/typst"",""eval"",""--format"",""json"",""repr((gradient.radial((rgb(230,0,140),0%),(rgb(255,80,120).transparentize(60%),100%),space:color.oklch,center:(50%,50%),radius:50%,focal-center:(50%,50%),focal-radius:0%)).sample(0.000000000000%).components(alpha:true))""]"	aae068f1d1d22b3e533158291e2bb69256d53a9421b7a6bcbfa26db4d35300a1	0	c69dd0a53a158b9efc82cfb87a0850dd413855882eb153cc278f7e2100dee303	e3b0c44298fc1c149afbf4c8996fb92427ae41e4649b934ca495991b7852b855
Radial/Oklch	alpha-last	0.000000000000	vanilla	"[""/usr/local/bin/typst"",""eval"",""--format"",""json"",""repr((gradient.radial((rgb(230,0,140),0%),(rgb(255,80,120).transparentize(60%),100%),space:color.oklch,center:(50%,50%),radius:50%,focal-center:(50%,50%),focal-radius:0%)).sample(0.000000000000%).components(alpha:true))""]"	7b4f40c56d6fa95082ebcfd893e275d418ebcaed1b97b62785f78284c63ff7b8	0	2fc9fc4e0b6fe0e0ef56dcdc03fd9735547e1aa5da942c34641ecfa3709a1e01	e3b0c44298fc1c149afbf4c8996fb92427ae41e4649b934ca495991b7852b855
Radial/Oklch	alpha-last	0.000001000000	crystalline	"[""target/debug/typst"",""eval"",""--format"",""json"",""repr((gradient.radial((rgb(230,0,140),0%),(rgb(255,80,120).transparentize(60%),100%),space:color.oklch,center:(50%,50%),radius:50%,focal-center:(50%,50%),focal-radius:0%)).sample(0.000100000000%).components(alpha:true))""]"	aae068f1d1d22b3e533158291e2bb69256d53a9421b7a6bcbfa26db4d35300a1	0	c2d00cdcc9f3a80ecea46b706366801cf312dca77ea2c2dcced3d9e8ec460355	e3b0c44298fc1c149afbf4c8996fb92427ae41e4649b934ca495991b7852b855
Radial/Oklch	alpha-last	0.000001000000	vanilla	"[""/usr/local/bin/typst"",""eval"",""--format"",""json"",""repr((gradient.radial((rgb(230,0,140),0%),(rgb(255,80,120).transparentize(60%),100%),space:color.oklch,center:(50%,50%),radius:50%,focal-center:(50%,50%),focal-radius:0%)).sample(0.000100000000%).components(alpha:true))""]"	7b4f40c56d6fa95082ebcfd893e275d418ebcaed1b97b62785f78284c63ff7b8	0	c15a5e4ffdaa88938c1bf97798cff8d1a059d14e93bcceb615664e07d25ffb2e	e3b0c44298fc1c149afbf4c8996fb92427ae41e4649b934ca495991b7852b855
Radial/Oklch	alpha-last	0.250000000000	crystalline	"[""target/debug/typst"",""eval"",""--format"",""json"",""repr((gradient.radial((rgb(230,0,140),0%),(rgb(255,80,120).transparentize(60%),100%),space:color.oklch,center:(50%,50%),radius:50%,focal-center:(50%,50%),focal-radius:0%)).sample(25.000000000000%).components(alpha:true))""]"	aae068f1d1d22b3e533158291e2bb69256d53a9421b7a6bcbfa26db4d35300a1	0	af20a679fd16a58d2daf98c556e19c06456bdc77b7c07bc80f2b18667b589c00	e3b0c44298fc1c149afbf4c8996fb92427ae41e4649b934ca495991b7852b855
Radial/Oklch	alpha-last	0.250000000000	vanilla	"[""/usr/local/bin/typst"",""eval"",""--format"",""json"",""repr((gradient.radial((rgb(230,0,140),0%),(rgb(255,80,120).transparentize(60%),100%),space:color.oklch,center:(50%,50%),radius:50%,focal-center:(50%,50%),focal-radius:0%)).sample(25.000000000000%).components(alpha:true))""]"	7b4f40c56d6fa95082ebcfd893e275d418ebcaed1b97b62785f78284c63ff7b8	0	af20a679fd16a58d2daf98c556e19c06456bdc77b7c07bc80f2b18667b589c00	e3b0c44298fc1c149afbf4c8996fb92427ae41e4649b934ca495991b7852b855
Radial/Oklch	alpha-last	0.500000000000	crystalline	"[""target/debug/typst"",""eval"",""--format"",""json"",""repr((gradient.radial((rgb(230,0,140),0%),(rgb(255,80,120).transparentize(60%),100%),space:color.oklch,center:(50%,50%),radius:50%,focal-center:(50%,50%),focal-radius:0%)).sample(50.000000000000%).components(alpha:true))""]"	aae068f1d1d22b3e533158291e2bb69256d53a9421b7a6bcbfa26db4d35300a1	0	2d1d0a634b945e66e2edb76bb99d4d50123b3c4e22d77296cd26e1a70c82956f	e3b0c44298fc1c149afbf4c8996fb92427ae41e4649b934ca495991b7852b855
Radial/Oklch	alpha-last	0.500000000000	vanilla	"[""/usr/local/bin/typst"",""eval"",""--format"",""json"",""repr((gradient.radial((rgb(230,0,140),0%),(rgb(255,80,120).transparentize(60%),100%),space:color.oklch,center:(50%,50%),radius:50%,focal-center:(50%,50%),focal-radius:0%)).sample(50.000000000000%).components(alpha:true))""]"	7b4f40c56d6fa95082ebcfd893e275d418ebcaed1b97b62785f78284c63ff7b8	0	9eed2d66ab1600e2898d3a945c9af1c68709d3541f33f304224d169b75cc6488	e3b0c44298fc1c149afbf4c8996fb92427ae41e4649b934ca495991b7852b855
Radial/Oklch	alpha-last	0.750000000000	crystalline	"[""target/debug/typst"",""eval"",""--format"",""json"",""repr((gradient.radial((rgb(230,0,140),0%),(rgb(255,80,120).transparentize(60%),100%),space:color.oklch,center:(50%,50%),radius:50%,focal-center:(50%,50%),focal-radius:0%)).sample(75.000000000000%).components(alpha:true))""]"	aae068f1d1d22b3e533158291e2bb69256d53a9421b7a6bcbfa26db4d35300a1	0	e71ddbadd94db75a4ed50f355538df3d2e4745f30177b9b8da96acccc9db65a5	e3b0c44298fc1c149afbf4c8996fb92427ae41e4649b934ca495991b7852b855
Radial/Oklch	alpha-last	0.750000000000	vanilla	"[""/usr/local/bin/typst"",""eval"",""--format"",""json"",""repr((gradient.radial((rgb(230,0,140),0%),(rgb(255,80,120).transparentize(60%),100%),space:color.oklch,center:(50%,50%),radius:50%,focal-center:(50%,50%),focal-radius:0%)).sample(75.000000000000%).components(alpha:true))""]"	7b4f40c56d6fa95082ebcfd893e275d418ebcaed1b97b62785f78284c63ff7b8	0	f7d77ed85337d52c722cebc6204c4f0674d44d185e872298f61cee32fd3ce551	e3b0c44298fc1c149afbf4c8996fb92427ae41e4649b934ca495991b7852b855
Radial/Oklch	alpha-last	0.999999000000	crystalline	"[""target/debug/typst"",""eval"",""--format"",""json"",""repr((gradient.radial((rgb(230,0,140),0%),(rgb(255,80,120).transparentize(60%),100%),space:color.oklch,center:(50%,50%),radius:50%,focal-center:(50%,50%),focal-radius:0%)).sample(99.999900000000%).components(alpha:true))""]"	aae068f1d1d22b3e533158291e2bb69256d53a9421b7a6bcbfa26db4d35300a1	0	ec73c139400ece674193b3896f370348f04aec9cf48aded65c2cf1c27a648821	e3b0c44298fc1c149afbf4c8996fb92427ae41e4649b934ca495991b7852b855
Radial/Oklch	alpha-last	0.999999000000	vanilla	"[""/usr/local/bin/typst"",""eval"",""--format"",""json"",""repr((gradient.radial((rgb(230,0,140),0%),(rgb(255,80,120).transparentize(60%),100%),space:color.oklch,center:(50%,50%),radius:50%,focal-center:(50%,50%),focal-radius:0%)).sample(99.999900000000%).components(alpha:true))""]"	7b4f40c56d6fa95082ebcfd893e275d418ebcaed1b97b62785f78284c63ff7b8	0	ec73c139400ece674193b3896f370348f04aec9cf48aded65c2cf1c27a648821	e3b0c44298fc1c149afbf4c8996fb92427ae41e4649b934ca495991b7852b855
Radial/Oklch	alpha-last	1.000000000000	crystalline	"[""target/debug/typst"",""eval"",""--format"",""json"",""repr((gradient.radial((rgb(230,0,140),0%),(rgb(255,80,120).transparentize(60%),100%),space:color.oklch,center:(50%,50%),radius:50%,focal-center:(50%,50%),focal-radius:0%)).sample(100.000000000000%).components(alpha:true))""]"	aae068f1d1d22b3e533158291e2bb69256d53a9421b7a6bcbfa26db4d35300a1	0	91c366f699e7a00762a39ca3b163eb37b388dcd39ae3d404a306198314b8ace0	e3b0c44298fc1c149afbf4c8996fb92427ae41e4649b934ca495991b7852b855
Radial/Oklch	alpha-last	1.000000000000	vanilla	"[""/usr/local/bin/typst"",""eval"",""--format"",""json"",""repr((gradient.radial((rgb(230,0,140),0%),(rgb(255,80,120).transparentize(60%),100%),space:color.oklch,center:(50%,50%),radius:50%,focal-center:(50%,50%),focal-radius:0%)).sample(100.000000000000%).components(alpha:true))""]"	7b4f40c56d6fa95082ebcfd893e275d418ebcaed1b97b62785f78284c63ff7b8	0	91c366f699e7a00762a39ca3b163eb37b388dcd39ae3d404a306198314b8ace0	e3b0c44298fc1c149afbf4c8996fb92427ae41e4649b934ca495991b7852b855
Radial/Oklch	low-chroma	0.000000000000	crystalline	"[""target/debug/typst"",""eval"",""--format"",""json"",""repr((gradient.radial((rgb(128,128,128),0%),(rgb(255,43,0),100%),space:color.oklch,center:(50%,50%),radius:50%,focal-center:(50%,50%),focal-radius:0%)).sample(0.000000000000%).components(alpha:true))""]"	aae068f1d1d22b3e533158291e2bb69256d53a9421b7a6bcbfa26db4d35300a1	0	fa69077c057307128f9c0b4f5d4c49f431cdbb3d2b77de9a5c8f0456460aff23	e3b0c44298fc1c149afbf4c8996fb92427ae41e4649b934ca495991b7852b855
Radial/Oklch	low-chroma	0.000000000000	vanilla	"[""/usr/local/bin/typst"",""eval"",""--format"",""json"",""repr((gradient.radial((rgb(128,128,128),0%),(rgb(255,43,0),100%),space:color.oklch,center:(50%,50%),radius:50%,focal-center:(50%,50%),focal-radius:0%)).sample(0.000000000000%).components(alpha:true))""]"	7b4f40c56d6fa95082ebcfd893e275d418ebcaed1b97b62785f78284c63ff7b8	0	0f176f51a6b4264b21e51c5e766ce29e827bfb94b4537baf6b6f26d39441a1cf	e3b0c44298fc1c149afbf4c8996fb92427ae41e4649b934ca495991b7852b855
Radial/Oklch	low-chroma	0.000001000000	crystalline	"[""target/debug/typst"",""eval"",""--format"",""json"",""repr((gradient.radial((rgb(128,128,128),0%),(rgb(255,43,0),100%),space:color.oklch,center:(50%,50%),radius:50%,focal-center:(50%,50%),focal-radius:0%)).sample(0.000100000000%).components(alpha:true))""]"	aae068f1d1d22b3e533158291e2bb69256d53a9421b7a6bcbfa26db4d35300a1	0	21c20fac496b0d8f5b3b08d44a16fe29e7f73da109b3c271b6d173166e137da8	e3b0c44298fc1c149afbf4c8996fb92427ae41e4649b934ca495991b7852b855
Radial/Oklch	low-chroma	0.000001000000	vanilla	"[""/usr/local/bin/typst"",""eval"",""--format"",""json"",""repr((gradient.radial((rgb(128,128,128),0%),(rgb(255,43,0),100%),space:color.oklch,center:(50%,50%),radius:50%,focal-center:(50%,50%),focal-radius:0%)).sample(0.000100000000%).components(alpha:true))""]"	7b4f40c56d6fa95082ebcfd893e275d418ebcaed1b97b62785f78284c63ff7b8	0	adca761aa9e3ea9d24ffeb35e4a018734a4a5883004939020c775d77f1be79a8	e3b0c44298fc1c149afbf4c8996fb92427ae41e4649b934ca495991b7852b855
Radial/Oklch	low-chroma	0.250000000000	crystalline	"[""target/debug/typst"",""eval"",""--format"",""json"",""repr((gradient.radial((rgb(128,128,128),0%),(rgb(255,43,0),100%),space:color.oklch,center:(50%,50%),radius:50%,focal-center:(50%,50%),focal-radius:0%)).sample(25.000000000000%).components(alpha:true))""]"	aae068f1d1d22b3e533158291e2bb69256d53a9421b7a6bcbfa26db4d35300a1	0	ed884a9bd8094ae99388a10c84e577876f181ffa92b879430aef887844ba831e	e3b0c44298fc1c149afbf4c8996fb92427ae41e4649b934ca495991b7852b855
Radial/Oklch	low-chroma	0.250000000000	vanilla	"[""/usr/local/bin/typst"",""eval"",""--format"",""json"",""repr((gradient.radial((rgb(128,128,128),0%),(rgb(255,43,0),100%),space:color.oklch,center:(50%,50%),radius:50%,focal-center:(50%,50%),focal-radius:0%)).sample(25.000000000000%).components(alpha:true))""]"	7b4f40c56d6fa95082ebcfd893e275d418ebcaed1b97b62785f78284c63ff7b8	0	ed884a9bd8094ae99388a10c84e577876f181ffa92b879430aef887844ba831e	e3b0c44298fc1c149afbf4c8996fb92427ae41e4649b934ca495991b7852b855
Radial/Oklch	low-chroma	0.500000000000	crystalline	"[""target/debug/typst"",""eval"",""--format"",""json"",""repr((gradient.radial((rgb(128,128,128),0%),(rgb(255,43,0),100%),space:color.oklch,center:(50%,50%),radius:50%,focal-center:(50%,50%),focal-radius:0%)).sample(50.000000000000%).components(alpha:true))""]"	aae068f1d1d22b3e533158291e2bb69256d53a9421b7a6bcbfa26db4d35300a1	0	4586e6ec817c3902cb173e50962bb5373f39a2e476db3e9648490e7b768096ba	e3b0c44298fc1c149afbf4c8996fb92427ae41e4649b934ca495991b7852b855
Radial/Oklch	low-chroma	0.500000000000	vanilla	"[""/usr/local/bin/typst"",""eval"",""--format"",""json"",""repr((gradient.radial((rgb(128,128,128),0%),(rgb(255,43,0),100%),space:color.oklch,center:(50%,50%),radius:50%,focal-center:(50%,50%),focal-radius:0%)).sample(50.000000000000%).components(alpha:true))""]"	7b4f40c56d6fa95082ebcfd893e275d418ebcaed1b97b62785f78284c63ff7b8	0	4586e6ec817c3902cb173e50962bb5373f39a2e476db3e9648490e7b768096ba	e3b0c44298fc1c149afbf4c8996fb92427ae41e4649b934ca495991b7852b855
Radial/Oklch	low-chroma	0.750000000000	crystalline	"[""target/debug/typst"",""eval"",""--format"",""json"",""repr((gradient.radial((rgb(128,128,128),0%),(rgb(255,43,0),100%),space:color.oklch,center:(50%,50%),radius:50%,focal-center:(50%,50%),focal-radius:0%)).sample(75.000000000000%).components(alpha:true))""]"	aae068f1d1d22b3e533158291e2bb69256d53a9421b7a6bcbfa26db4d35300a1	0	4e0fb8382535ebbd8c228f8d4aab5cdea9f777b2d9fd717b537a8cf0b0aba2d2	e3b0c44298fc1c149afbf4c8996fb92427ae41e4649b934ca495991b7852b855
Radial/Oklch	low-chroma	0.750000000000	vanilla	"[""/usr/local/bin/typst"",""eval"",""--format"",""json"",""repr((gradient.radial((rgb(128,128,128),0%),(rgb(255,43,0),100%),space:color.oklch,center:(50%,50%),radius:50%,focal-center:(50%,50%),focal-radius:0%)).sample(75.000000000000%).components(alpha:true))""]"	7b4f40c56d6fa95082ebcfd893e275d418ebcaed1b97b62785f78284c63ff7b8	0	4e0fb8382535ebbd8c228f8d4aab5cdea9f777b2d9fd717b537a8cf0b0aba2d2	e3b0c44298fc1c149afbf4c8996fb92427ae41e4649b934ca495991b7852b855
Radial/Oklch	low-chroma	0.999999000000	crystalline	"[""target/debug/typst"",""eval"",""--format"",""json"",""repr((gradient.radial((rgb(128,128,128),0%),(rgb(255,43,0),100%),space:color.oklch,center:(50%,50%),radius:50%,focal-center:(50%,50%),focal-radius:0%)).sample(99.999900000000%).components(alpha:true))""]"	aae068f1d1d22b3e533158291e2bb69256d53a9421b7a6bcbfa26db4d35300a1	0	6f29ba61c8736fbab74381eac13cb9eccb676071d8b3fb579ecba15ab1ad6ce2	e3b0c44298fc1c149afbf4c8996fb92427ae41e4649b934ca495991b7852b855
Radial/Oklch	low-chroma	0.999999000000	vanilla	"[""/usr/local/bin/typst"",""eval"",""--format"",""json"",""repr((gradient.radial((rgb(128,128,128),0%),(rgb(255,43,0),100%),space:color.oklch,center:(50%,50%),radius:50%,focal-center:(50%,50%),focal-radius:0%)).sample(99.999900000000%).components(alpha:true))""]"	7b4f40c56d6fa95082ebcfd893e275d418ebcaed1b97b62785f78284c63ff7b8	0	6f29ba61c8736fbab74381eac13cb9eccb676071d8b3fb579ecba15ab1ad6ce2	e3b0c44298fc1c149afbf4c8996fb92427ae41e4649b934ca495991b7852b855
Radial/Oklch	low-chroma	1.000000000000	crystalline	"[""target/debug/typst"",""eval"",""--format"",""json"",""repr((gradient.radial((rgb(128,128,128),0%),(rgb(255,43,0),100%),space:color.oklch,center:(50%,50%),radius:50%,focal-center:(50%,50%),focal-radius:0%)).sample(100.000000000000%).components(alpha:true))""]"	aae068f1d1d22b3e533158291e2bb69256d53a9421b7a6bcbfa26db4d35300a1	0	46385225f458feb5fba1888858328a1e48509126ff0f6dda0d86f1bcb6850e32	e3b0c44298fc1c149afbf4c8996fb92427ae41e4649b934ca495991b7852b855
Radial/Oklch	low-chroma	1.000000000000	vanilla	"[""/usr/local/bin/typst"",""eval"",""--format"",""json"",""repr((gradient.radial((rgb(128,128,128),0%),(rgb(255,43,0),100%),space:color.oklch,center:(50%,50%),radius:50%,focal-center:(50%,50%),focal-radius:0%)).sample(100.000000000000%).components(alpha:true))""]"	7b4f40c56d6fa95082ebcfd893e275d418ebcaed1b97b62785f78284c63ff7b8	0	46385225f458feb5fba1888858328a1e48509126ff0f6dda0d86f1bcb6850e32	e3b0c44298fc1c149afbf4c8996fb92427ae41e4649b934ca495991b7852b855
Radial/Oklch	no-wrap	0.000000000000	crystalline	"[""target/debug/typst"",""eval"",""--format"",""json"",""repr((gradient.radial((rgb(255,128,0),0%),(rgb(0,255,128),100%),space:color.oklch,center:(50%,50%),radius:50%,focal-center:(50%,50%),focal-radius:0%)).sample(0.000000000000%).components(alpha:true))""]"	aae068f1d1d22b3e533158291e2bb69256d53a9421b7a6bcbfa26db4d35300a1	0	8585c139b9fd3bb8ee86299203aeabf35beae8dae4a535413be386a996c458fc	e3b0c44298fc1c149afbf4c8996fb92427ae41e4649b934ca495991b7852b855
Radial/Oklch	no-wrap	0.000000000000	vanilla	"[""/usr/local/bin/typst"",""eval"",""--format"",""json"",""repr((gradient.radial((rgb(255,128,0),0%),(rgb(0,255,128),100%),space:color.oklch,center:(50%,50%),radius:50%,focal-center:(50%,50%),focal-radius:0%)).sample(0.000000000000%).components(alpha:true))""]"	7b4f40c56d6fa95082ebcfd893e275d418ebcaed1b97b62785f78284c63ff7b8	0	8585c139b9fd3bb8ee86299203aeabf35beae8dae4a535413be386a996c458fc	e3b0c44298fc1c149afbf4c8996fb92427ae41e4649b934ca495991b7852b855
Radial/Oklch	no-wrap	0.000001000000	crystalline	"[""target/debug/typst"",""eval"",""--format"",""json"",""repr((gradient.radial((rgb(255,128,0),0%),(rgb(0,255,128),100%),space:color.oklch,center:(50%,50%),radius:50%,focal-center:(50%,50%),focal-radius:0%)).sample(0.000100000000%).components(alpha:true))""]"	aae068f1d1d22b3e533158291e2bb69256d53a9421b7a6bcbfa26db4d35300a1	0	0599465eb8d84bbf5126bdd3a2c620987858cd4a4b495d0938c7729a78d11f2b	e3b0c44298fc1c149afbf4c8996fb92427ae41e4649b934ca495991b7852b855
Radial/Oklch	no-wrap	0.000001000000	vanilla	"[""/usr/local/bin/typst"",""eval"",""--format"",""json"",""repr((gradient.radial((rgb(255,128,0),0%),(rgb(0,255,128),100%),space:color.oklch,center:(50%,50%),radius:50%,focal-center:(50%,50%),focal-radius:0%)).sample(0.000100000000%).components(alpha:true))""]"	7b4f40c56d6fa95082ebcfd893e275d418ebcaed1b97b62785f78284c63ff7b8	0	0599465eb8d84bbf5126bdd3a2c620987858cd4a4b495d0938c7729a78d11f2b	e3b0c44298fc1c149afbf4c8996fb92427ae41e4649b934ca495991b7852b855
Radial/Oklch	no-wrap	0.250000000000	crystalline	"[""target/debug/typst"",""eval"",""--format"",""json"",""repr((gradient.radial((rgb(255,128,0),0%),(rgb(0,255,128),100%),space:color.oklch,center:(50%,50%),radius:50%,focal-center:(50%,50%),focal-radius:0%)).sample(25.000000000000%).components(alpha:true))""]"	aae068f1d1d22b3e533158291e2bb69256d53a9421b7a6bcbfa26db4d35300a1	0	989cd8ff59fee19813da6ea0b2b64276d14d37a8bcf5e63c9b3d9bb1a9ced759	e3b0c44298fc1c149afbf4c8996fb92427ae41e4649b934ca495991b7852b855
Radial/Oklch	no-wrap	0.250000000000	vanilla	"[""/usr/local/bin/typst"",""eval"",""--format"",""json"",""repr((gradient.radial((rgb(255,128,0),0%),(rgb(0,255,128),100%),space:color.oklch,center:(50%,50%),radius:50%,focal-center:(50%,50%),focal-radius:0%)).sample(25.000000000000%).components(alpha:true))""]"	7b4f40c56d6fa95082ebcfd893e275d418ebcaed1b97b62785f78284c63ff7b8	0	d8e0acf3cf930a8b4d80e4bd77e3810b2e297fa6a53de86a25165c16327e0baf	e3b0c44298fc1c149afbf4c8996fb92427ae41e4649b934ca495991b7852b855
Radial/Oklch	no-wrap	0.500000000000	crystalline	"[""target/debug/typst"",""eval"",""--format"",""json"",""repr((gradient.radial((rgb(255,128,0),0%),(rgb(0,255,128),100%),space:color.oklch,center:(50%,50%),radius:50%,focal-center:(50%,50%),focal-radius:0%)).sample(50.000000000000%).components(alpha:true))""]"	aae068f1d1d22b3e533158291e2bb69256d53a9421b7a6bcbfa26db4d35300a1	0	11ba7c65ee3b2254cb6661a30751045f0bda0b12eddb55aab754067550ed497a	e3b0c44298fc1c149afbf4c8996fb92427ae41e4649b934ca495991b7852b855
Radial/Oklch	no-wrap	0.500000000000	vanilla	"[""/usr/local/bin/typst"",""eval"",""--format"",""json"",""repr((gradient.radial((rgb(255,128,0),0%),(rgb(0,255,128),100%),space:color.oklch,center:(50%,50%),radius:50%,focal-center:(50%,50%),focal-radius:0%)).sample(50.000000000000%).components(alpha:true))""]"	7b4f40c56d6fa95082ebcfd893e275d418ebcaed1b97b62785f78284c63ff7b8	0	11ba7c65ee3b2254cb6661a30751045f0bda0b12eddb55aab754067550ed497a	e3b0c44298fc1c149afbf4c8996fb92427ae41e4649b934ca495991b7852b855
Radial/Oklch	no-wrap	0.750000000000	crystalline	"[""target/debug/typst"",""eval"",""--format"",""json"",""repr((gradient.radial((rgb(255,128,0),0%),(rgb(0,255,128),100%),space:color.oklch,center:(50%,50%),radius:50%,focal-center:(50%,50%),focal-radius:0%)).sample(75.000000000000%).components(alpha:true))""]"	aae068f1d1d22b3e533158291e2bb69256d53a9421b7a6bcbfa26db4d35300a1	0	07ceb5986ec2ec19f36e7b8194777f73ac3ceef1b26fa17f1a639209db7d059d	e3b0c44298fc1c149afbf4c8996fb92427ae41e4649b934ca495991b7852b855
Radial/Oklch	no-wrap	0.750000000000	vanilla	"[""/usr/local/bin/typst"",""eval"",""--format"",""json"",""repr((gradient.radial((rgb(255,128,0),0%),(rgb(0,255,128),100%),space:color.oklch,center:(50%,50%),radius:50%,focal-center:(50%,50%),focal-radius:0%)).sample(75.000000000000%).components(alpha:true))""]"	7b4f40c56d6fa95082ebcfd893e275d418ebcaed1b97b62785f78284c63ff7b8	0	e576963a904f798c9e85a69d3b2204d665a227719d19f3d9830df18eaff43b2a	e3b0c44298fc1c149afbf4c8996fb92427ae41e4649b934ca495991b7852b855
Radial/Oklch	no-wrap	0.999999000000	crystalline	"[""target/debug/typst"",""eval"",""--format"",""json"",""repr((gradient.radial((rgb(255,128,0),0%),(rgb(0,255,128),100%),space:color.oklch,center:(50%,50%),radius:50%,focal-center:(50%,50%),focal-radius:0%)).sample(99.999900000000%).components(alpha:true))""]"	aae068f1d1d22b3e533158291e2bb69256d53a9421b7a6bcbfa26db4d35300a1	0	11d1ce69b477f6cf4e09aa5cc6eacda3ba7c17271258f2c2d272dcba326c8d74	e3b0c44298fc1c149afbf4c8996fb92427ae41e4649b934ca495991b7852b855
Radial/Oklch	no-wrap	0.999999000000	vanilla	"[""/usr/local/bin/typst"",""eval"",""--format"",""json"",""repr((gradient.radial((rgb(255,128,0),0%),(rgb(0,255,128),100%),space:color.oklch,center:(50%,50%),radius:50%,focal-center:(50%,50%),focal-radius:0%)).sample(99.999900000000%).components(alpha:true))""]"	7b4f40c56d6fa95082ebcfd893e275d418ebcaed1b97b62785f78284c63ff7b8	0	9d3fc4150d3f337e25d016d7b6110cb103ecee7603d6f7b024ee3ef240b095df	e3b0c44298fc1c149afbf4c8996fb92427ae41e4649b934ca495991b7852b855
Radial/Oklch	no-wrap	1.000000000000	crystalline	"[""target/debug/typst"",""eval"",""--format"",""json"",""repr((gradient.radial((rgb(255,128,0),0%),(rgb(0,255,128),100%),space:color.oklch,center:(50%,50%),radius:50%,focal-center:(50%,50%),focal-radius:0%)).sample(100.000000000000%).components(alpha:true))""]"	aae068f1d1d22b3e533158291e2bb69256d53a9421b7a6bcbfa26db4d35300a1	0	a3299bd4cba03b57c8d6f7b02c83158829b5dc9ed97c5ebd22437a578b172849	e3b0c44298fc1c149afbf4c8996fb92427ae41e4649b934ca495991b7852b855
Radial/Oklch	no-wrap	1.000000000000	vanilla	"[""/usr/local/bin/typst"",""eval"",""--format"",""json"",""repr((gradient.radial((rgb(255,128,0),0%),(rgb(0,255,128),100%),space:color.oklch,center:(50%,50%),radius:50%,focal-center:(50%,50%),focal-radius:0%)).sample(100.000000000000%).components(alpha:true))""]"	7b4f40c56d6fa95082ebcfd893e275d418ebcaed1b97b62785f78284c63ff7b8	0	a3299bd4cba03b57c8d6f7b02c83158829b5dc9ed97c5ebd22437a578b172849	e3b0c44298fc1c149afbf4c8996fb92427ae41e4649b934ca495991b7852b855
Radial/Oklch	seam-forward	0.000000000000	crystalline	"[""target/debug/typst"",""eval"",""--format"",""json"",""repr((gradient.radial((rgb(230,0,140),0%),(rgb(255,80,120),100%),space:color.oklch,center:(50%,50%),radius:50%,focal-center:(50%,50%),focal-radius:0%)).sample(0.000000000000%).components(alpha:true))""]"	aae068f1d1d22b3e533158291e2bb69256d53a9421b7a6bcbfa26db4d35300a1	0	c69dd0a53a158b9efc82cfb87a0850dd413855882eb153cc278f7e2100dee303	e3b0c44298fc1c149afbf4c8996fb92427ae41e4649b934ca495991b7852b855
Radial/Oklch	seam-forward	0.000000000000	vanilla	"[""/usr/local/bin/typst"",""eval"",""--format"",""json"",""repr((gradient.radial((rgb(230,0,140),0%),(rgb(255,80,120),100%),space:color.oklch,center:(50%,50%),radius:50%,focal-center:(50%,50%),focal-radius:0%)).sample(0.000000000000%).components(alpha:true))""]"	7b4f40c56d6fa95082ebcfd893e275d418ebcaed1b97b62785f78284c63ff7b8	0	2fc9fc4e0b6fe0e0ef56dcdc03fd9735547e1aa5da942c34641ecfa3709a1e01	e3b0c44298fc1c149afbf4c8996fb92427ae41e4649b934ca495991b7852b855
Radial/Oklch	seam-forward	0.000001000000	crystalline	"[""target/debug/typst"",""eval"",""--format"",""json"",""repr((gradient.radial((rgb(230,0,140),0%),(rgb(255,80,120),100%),space:color.oklch,center:(50%,50%),radius:50%,focal-center:(50%,50%),focal-radius:0%)).sample(0.000100000000%).components(alpha:true))""]"	aae068f1d1d22b3e533158291e2bb69256d53a9421b7a6bcbfa26db4d35300a1	0	c2d00cdcc9f3a80ecea46b706366801cf312dca77ea2c2dcced3d9e8ec460355	e3b0c44298fc1c149afbf4c8996fb92427ae41e4649b934ca495991b7852b855
Radial/Oklch	seam-forward	0.000001000000	vanilla	"[""/usr/local/bin/typst"",""eval"",""--format"",""json"",""repr((gradient.radial((rgb(230,0,140),0%),(rgb(255,80,120),100%),space:color.oklch,center:(50%,50%),radius:50%,focal-center:(50%,50%),focal-radius:0%)).sample(0.000100000000%).components(alpha:true))""]"	7b4f40c56d6fa95082ebcfd893e275d418ebcaed1b97b62785f78284c63ff7b8	0	c15a5e4ffdaa88938c1bf97798cff8d1a059d14e93bcceb615664e07d25ffb2e	e3b0c44298fc1c149afbf4c8996fb92427ae41e4649b934ca495991b7852b855
Radial/Oklch	seam-forward	0.250000000000	crystalline	"[""target/debug/typst"",""eval"",""--format"",""json"",""repr((gradient.radial((rgb(230,0,140),0%),(rgb(255,80,120),100%),space:color.oklch,center:(50%,50%),radius:50%,focal-center:(50%,50%),focal-radius:0%)).sample(25.000000000000%).components(alpha:true))""]"	aae068f1d1d22b3e533158291e2bb69256d53a9421b7a6bcbfa26db4d35300a1	0	48e24174db0c71dd118c9d8890b6bb81354bb9a9819c3a9b210e3cf383c0069a	e3b0c44298fc1c149afbf4c8996fb92427ae41e4649b934ca495991b7852b855
Radial/Oklch	seam-forward	0.250000000000	vanilla	"[""/usr/local/bin/typst"",""eval"",""--format"",""json"",""repr((gradient.radial((rgb(230,0,140),0%),(rgb(255,80,120),100%),space:color.oklch,center:(50%,50%),radius:50%,focal-center:(50%,50%),focal-radius:0%)).sample(25.000000000000%).components(alpha:true))""]"	7b4f40c56d6fa95082ebcfd893e275d418ebcaed1b97b62785f78284c63ff7b8	0	48e24174db0c71dd118c9d8890b6bb81354bb9a9819c3a9b210e3cf383c0069a	e3b0c44298fc1c149afbf4c8996fb92427ae41e4649b934ca495991b7852b855
Radial/Oklch	seam-forward	0.500000000000	crystalline	"[""target/debug/typst"",""eval"",""--format"",""json"",""repr((gradient.radial((rgb(230,0,140),0%),(rgb(255,80,120),100%),space:color.oklch,center:(50%,50%),radius:50%,focal-center:(50%,50%),focal-radius:0%)).sample(50.000000000000%).components(alpha:true))""]"	aae068f1d1d22b3e533158291e2bb69256d53a9421b7a6bcbfa26db4d35300a1	0	1bf8138caae0ff2b9d0561656f97777698b39c4b5de2835369a4cbd0b3d5832a	e3b0c44298fc1c149afbf4c8996fb92427ae41e4649b934ca495991b7852b855
Radial/Oklch	seam-forward	0.500000000000	vanilla	"[""/usr/local/bin/typst"",""eval"",""--format"",""json"",""repr((gradient.radial((rgb(230,0,140),0%),(rgb(255,80,120),100%),space:color.oklch,center:(50%,50%),radius:50%,focal-center:(50%,50%),focal-radius:0%)).sample(50.000000000000%).components(alpha:true))""]"	7b4f40c56d6fa95082ebcfd893e275d418ebcaed1b97b62785f78284c63ff7b8	0	e21a5a08b731329c66d9eeea9538adf86d4d7a0015fef65ec6afcacc1660a50c	e3b0c44298fc1c149afbf4c8996fb92427ae41e4649b934ca495991b7852b855
Radial/Oklch	seam-forward	0.750000000000	crystalline	"[""target/debug/typst"",""eval"",""--format"",""json"",""repr((gradient.radial((rgb(230,0,140),0%),(rgb(255,80,120),100%),space:color.oklch,center:(50%,50%),radius:50%,focal-center:(50%,50%),focal-radius:0%)).sample(75.000000000000%).components(alpha:true))""]"	aae068f1d1d22b3e533158291e2bb69256d53a9421b7a6bcbfa26db4d35300a1	0	7862537ab2cf3ce94f9486325c0acdbc323150c3d84906164af3756a96a3d95a	e3b0c44298fc1c149afbf4c8996fb92427ae41e4649b934ca495991b7852b855
Radial/Oklch	seam-forward	0.750000000000	vanilla	"[""/usr/local/bin/typst"",""eval"",""--format"",""json"",""repr((gradient.radial((rgb(230,0,140),0%),(rgb(255,80,120),100%),space:color.oklch,center:(50%,50%),radius:50%,focal-center:(50%,50%),focal-radius:0%)).sample(75.000000000000%).components(alpha:true))""]"	7b4f40c56d6fa95082ebcfd893e275d418ebcaed1b97b62785f78284c63ff7b8	0	b7b6114e777f6c7b0ef7c8b78cc920ebe64ecc3a528a376b4ea2aeeeb57ffaf8	e3b0c44298fc1c149afbf4c8996fb92427ae41e4649b934ca495991b7852b855
Radial/Oklch	seam-forward	0.999999000000	crystalline	"[""target/debug/typst"",""eval"",""--format"",""json"",""repr((gradient.radial((rgb(230,0,140),0%),(rgb(255,80,120),100%),space:color.oklch,center:(50%,50%),radius:50%,focal-center:(50%,50%),focal-radius:0%)).sample(99.999900000000%).components(alpha:true))""]"	aae068f1d1d22b3e533158291e2bb69256d53a9421b7a6bcbfa26db4d35300a1	0	f9cb0c6ff141b537f4bf42eb12e3740bd95da5867dcfb7d7018df07cb136fcd1	e3b0c44298fc1c149afbf4c8996fb92427ae41e4649b934ca495991b7852b855
Radial/Oklch	seam-forward	0.999999000000	vanilla	"[""/usr/local/bin/typst"",""eval"",""--format"",""json"",""repr((gradient.radial((rgb(230,0,140),0%),(rgb(255,80,120),100%),space:color.oklch,center:(50%,50%),radius:50%,focal-center:(50%,50%),focal-radius:0%)).sample(99.999900000000%).components(alpha:true))""]"	7b4f40c56d6fa95082ebcfd893e275d418ebcaed1b97b62785f78284c63ff7b8	0	f9cb0c6ff141b537f4bf42eb12e3740bd95da5867dcfb7d7018df07cb136fcd1	e3b0c44298fc1c149afbf4c8996fb92427ae41e4649b934ca495991b7852b855
Radial/Oklch	seam-forward	1.000000000000	crystalline	"[""target/debug/typst"",""eval"",""--format"",""json"",""repr((gradient.radial((rgb(230,0,140),0%),(rgb(255,80,120),100%),space:color.oklch,center:(50%,50%),radius:50%,focal-center:(50%,50%),focal-radius:0%)).sample(100.000000000000%).components(alpha:true))""]"	aae068f1d1d22b3e533158291e2bb69256d53a9421b7a6bcbfa26db4d35300a1	0	7f64d7fc901d1ac011bea3903fa513fb07fde91c4c1edc86534d53716ea4e04d	e3b0c44298fc1c149afbf4c8996fb92427ae41e4649b934ca495991b7852b855
Radial/Oklch	seam-forward	1.000000000000	vanilla	"[""/usr/local/bin/typst"",""eval"",""--format"",""json"",""repr((gradient.radial((rgb(230,0,140),0%),(rgb(255,80,120),100%),space:color.oklch,center:(50%,50%),radius:50%,focal-center:(50%,50%),focal-radius:0%)).sample(100.000000000000%).components(alpha:true))""]"	7b4f40c56d6fa95082ebcfd893e275d418ebcaed1b97b62785f78284c63ff7b8	0	7f64d7fc901d1ac011bea3903fa513fb07fde91c4c1edc86534d53716ea4e04d	e3b0c44298fc1c149afbf4c8996fb92427ae41e4649b934ca495991b7852b855
Radial/Oklch	seam-reverse	0.000000000000	crystalline	"[""target/debug/typst"",""eval"",""--format"",""json"",""repr((gradient.radial((rgb(255,80,120),0%),(rgb(230,0,140),100%),space:color.oklch,center:(50%,50%),radius:50%,focal-center:(50%,50%),focal-radius:0%)).sample(0.000000000000%).components(alpha:true))""]"	aae068f1d1d22b3e533158291e2bb69256d53a9421b7a6bcbfa26db4d35300a1	0	7f64d7fc901d1ac011bea3903fa513fb07fde91c4c1edc86534d53716ea4e04d	e3b0c44298fc1c149afbf4c8996fb92427ae41e4649b934ca495991b7852b855
Radial/Oklch	seam-reverse	0.000000000000	vanilla	"[""/usr/local/bin/typst"",""eval"",""--format"",""json"",""repr((gradient.radial((rgb(255,80,120),0%),(rgb(230,0,140),100%),space:color.oklch,center:(50%,50%),radius:50%,focal-center:(50%,50%),focal-radius:0%)).sample(0.000000000000%).components(alpha:true))""]"	7b4f40c56d6fa95082ebcfd893e275d418ebcaed1b97b62785f78284c63ff7b8	0	7f64d7fc901d1ac011bea3903fa513fb07fde91c4c1edc86534d53716ea4e04d	e3b0c44298fc1c149afbf4c8996fb92427ae41e4649b934ca495991b7852b855
Radial/Oklch	seam-reverse	0.000001000000	crystalline	"[""target/debug/typst"",""eval"",""--format"",""json"",""repr((gradient.radial((rgb(255,80,120),0%),(rgb(230,0,140),100%),space:color.oklch,center:(50%,50%),radius:50%,focal-center:(50%,50%),focal-radius:0%)).sample(0.000100000000%).components(alpha:true))""]"	aae068f1d1d22b3e533158291e2bb69256d53a9421b7a6bcbfa26db4d35300a1	0	f9cb0c6ff141b537f4bf42eb12e3740bd95da5867dcfb7d7018df07cb136fcd1	e3b0c44298fc1c149afbf4c8996fb92427ae41e4649b934ca495991b7852b855
Radial/Oklch	seam-reverse	0.000001000000	vanilla	"[""/usr/local/bin/typst"",""eval"",""--format"",""json"",""repr((gradient.radial((rgb(255,80,120),0%),(rgb(230,0,140),100%),space:color.oklch,center:(50%,50%),radius:50%,focal-center:(50%,50%),focal-radius:0%)).sample(0.000100000000%).components(alpha:true))""]"	7b4f40c56d6fa95082ebcfd893e275d418ebcaed1b97b62785f78284c63ff7b8	0	f9cb0c6ff141b537f4bf42eb12e3740bd95da5867dcfb7d7018df07cb136fcd1	e3b0c44298fc1c149afbf4c8996fb92427ae41e4649b934ca495991b7852b855
Radial/Oklch	seam-reverse	0.250000000000	crystalline	"[""target/debug/typst"",""eval"",""--format"",""json"",""repr((gradient.radial((rgb(255,80,120),0%),(rgb(230,0,140),100%),space:color.oklch,center:(50%,50%),radius:50%,focal-center:(50%,50%),focal-radius:0%)).sample(25.000000000000%).components(alpha:true))""]"	aae068f1d1d22b3e533158291e2bb69256d53a9421b7a6bcbfa26db4d35300a1	0	7862537ab2cf3ce94f9486325c0acdbc323150c3d84906164af3756a96a3d95a	e3b0c44298fc1c149afbf4c8996fb92427ae41e4649b934ca495991b7852b855
Radial/Oklch	seam-reverse	0.250000000000	vanilla	"[""/usr/local/bin/typst"",""eval"",""--format"",""json"",""repr((gradient.radial((rgb(255,80,120),0%),(rgb(230,0,140),100%),space:color.oklch,center:(50%,50%),radius:50%,focal-center:(50%,50%),focal-radius:0%)).sample(25.000000000000%).components(alpha:true))""]"	7b4f40c56d6fa95082ebcfd893e275d418ebcaed1b97b62785f78284c63ff7b8	0	b7b6114e777f6c7b0ef7c8b78cc920ebe64ecc3a528a376b4ea2aeeeb57ffaf8	e3b0c44298fc1c149afbf4c8996fb92427ae41e4649b934ca495991b7852b855
Radial/Oklch	seam-reverse	0.500000000000	crystalline	"[""target/debug/typst"",""eval"",""--format"",""json"",""repr((gradient.radial((rgb(255,80,120),0%),(rgb(230,0,140),100%),space:color.oklch,center:(50%,50%),radius:50%,focal-center:(50%,50%),focal-radius:0%)).sample(50.000000000000%).components(alpha:true))""]"	aae068f1d1d22b3e533158291e2bb69256d53a9421b7a6bcbfa26db4d35300a1	0	1bf8138caae0ff2b9d0561656f97777698b39c4b5de2835369a4cbd0b3d5832a	e3b0c44298fc1c149afbf4c8996fb92427ae41e4649b934ca495991b7852b855
Radial/Oklch	seam-reverse	0.500000000000	vanilla	"[""/usr/local/bin/typst"",""eval"",""--format"",""json"",""repr((gradient.radial((rgb(255,80,120),0%),(rgb(230,0,140),100%),space:color.oklch,center:(50%,50%),radius:50%,focal-center:(50%,50%),focal-radius:0%)).sample(50.000000000000%).components(alpha:true))""]"	7b4f40c56d6fa95082ebcfd893e275d418ebcaed1b97b62785f78284c63ff7b8	0	e21a5a08b731329c66d9eeea9538adf86d4d7a0015fef65ec6afcacc1660a50c	e3b0c44298fc1c149afbf4c8996fb92427ae41e4649b934ca495991b7852b855
Radial/Oklch	seam-reverse	0.750000000000	crystalline	"[""target/debug/typst"",""eval"",""--format"",""json"",""repr((gradient.radial((rgb(255,80,120),0%),(rgb(230,0,140),100%),space:color.oklch,center:(50%,50%),radius:50%,focal-center:(50%,50%),focal-radius:0%)).sample(75.000000000000%).components(alpha:true))""]"	aae068f1d1d22b3e533158291e2bb69256d53a9421b7a6bcbfa26db4d35300a1	0	48e24174db0c71dd118c9d8890b6bb81354bb9a9819c3a9b210e3cf383c0069a	e3b0c44298fc1c149afbf4c8996fb92427ae41e4649b934ca495991b7852b855
Radial/Oklch	seam-reverse	0.750000000000	vanilla	"[""/usr/local/bin/typst"",""eval"",""--format"",""json"",""repr((gradient.radial((rgb(255,80,120),0%),(rgb(230,0,140),100%),space:color.oklch,center:(50%,50%),radius:50%,focal-center:(50%,50%),focal-radius:0%)).sample(75.000000000000%).components(alpha:true))""]"	7b4f40c56d6fa95082ebcfd893e275d418ebcaed1b97b62785f78284c63ff7b8	0	48e24174db0c71dd118c9d8890b6bb81354bb9a9819c3a9b210e3cf383c0069a	e3b0c44298fc1c149afbf4c8996fb92427ae41e4649b934ca495991b7852b855
Radial/Oklch	seam-reverse	0.999999000000	crystalline	"[""target/debug/typst"",""eval"",""--format"",""json"",""repr((gradient.radial((rgb(255,80,120),0%),(rgb(230,0,140),100%),space:color.oklch,center:(50%,50%),radius:50%,focal-center:(50%,50%),focal-radius:0%)).sample(99.999900000000%).components(alpha:true))""]"	aae068f1d1d22b3e533158291e2bb69256d53a9421b7a6bcbfa26db4d35300a1	0	c2d00cdcc9f3a80ecea46b706366801cf312dca77ea2c2dcced3d9e8ec460355	e3b0c44298fc1c149afbf4c8996fb92427ae41e4649b934ca495991b7852b855
Radial/Oklch	seam-reverse	0.999999000000	vanilla	"[""/usr/local/bin/typst"",""eval"",""--format"",""json"",""repr((gradient.radial((rgb(255,80,120),0%),(rgb(230,0,140),100%),space:color.oklch,center:(50%,50%),radius:50%,focal-center:(50%,50%),focal-radius:0%)).sample(99.999900000000%).components(alpha:true))""]"	7b4f40c56d6fa95082ebcfd893e275d418ebcaed1b97b62785f78284c63ff7b8	0	c15a5e4ffdaa88938c1bf97798cff8d1a059d14e93bcceb615664e07d25ffb2e	e3b0c44298fc1c149afbf4c8996fb92427ae41e4649b934ca495991b7852b855
Radial/Oklch	seam-reverse	1.000000000000	crystalline	"[""target/debug/typst"",""eval"",""--format"",""json"",""repr((gradient.radial((rgb(255,80,120),0%),(rgb(230,0,140),100%),space:color.oklch,center:(50%,50%),radius:50%,focal-center:(50%,50%),focal-radius:0%)).sample(100.000000000000%).components(alpha:true))""]"	aae068f1d1d22b3e533158291e2bb69256d53a9421b7a6bcbfa26db4d35300a1	0	c69dd0a53a158b9efc82cfb87a0850dd413855882eb153cc278f7e2100dee303	e3b0c44298fc1c149afbf4c8996fb92427ae41e4649b934ca495991b7852b855
Radial/Oklch	seam-reverse	1.000000000000	vanilla	"[""/usr/local/bin/typst"",""eval"",""--format"",""json"",""repr((gradient.radial((rgb(255,80,120),0%),(rgb(230,0,140),100%),space:color.oklch,center:(50%,50%),radius:50%,focal-center:(50%,50%),focal-radius:0%)).sample(100.000000000000%).components(alpha:true))""]"	7b4f40c56d6fa95082ebcfd893e275d418ebcaed1b97b62785f78284c63ff7b8	0	2fc9fc4e0b6fe0e0ef56dcdc03fd9735547e1aa5da942c34641ecfa3709a1e01	e3b0c44298fc1c149afbf4c8996fb92427ae41e4649b934ca495991b7852b855
