fixture_id	pair	interval	left	right	positive_width	eligible	s_i	a_i	d_i	b_i	q_i	bounds_64_63_127_126_253	frozen_trace_equal	status
S01-linear-oklab	linear/oklab	0	0	1	true	true	64	24	49	48	97	Preserved	true	Preserved
S01-radial-oklab	radial/oklab	0	0	1	true	true	64	24	49	48	97	Preserved	true	Preserved
S01-linear-linear-rgb	linear/linear-rgb	0	0	1	true	true	64	24	49	48	97	Preserved	true	Preserved
S01-radial-linear-rgb	radial/linear-rgb	0	0	1	true	true	64	24	49	48	97	Preserved	true	Preserved
S02-linear-oklab	linear/oklab	0	0	0.5	true	true	8	4	9	8	17	Preserved	true	Preserved
S02-linear-oklab	linear/oklab	1	0.5	1	true	true	64	13	27	26	53	Preserved	true	Preserved
S02-radial-oklab	radial/oklab	0	0	0.5	true	true	8	4	9	8	17	Preserved	true	Preserved
S02-radial-oklab	radial/oklab	1	0.5	1	true	true	64	13	27	26	53	Preserved	true	Preserved
S02-linear-linear-rgb	linear/linear-rgb	0	0	0.5	true	true	16	9	19	18	37	Preserved	true	Preserved
S02-linear-linear-rgb	linear/linear-rgb	1	0.5	1	true	true	64	18	37	36	73	Preserved	true	Preserved
S02-radial-linear-rgb	radial/linear-rgb	0	0	0.5	true	true	16	9	19	18	37	Preserved	true	Preserved
S02-radial-linear-rgb	radial/linear-rgb	1	0.5	1	true	true	64	18	37	36	73	Preserved	true	Preserved
S03-linear-oklab	linear/oklab	0	0	0.037037037312984467	true	true	64	17	35	34	69	Preserved	true	Preserved
S03-linear-oklab	linear/oklab	1	0.037037037312984467	0.29629629850387573	true	true	64	16	33	32	65	Preserved	true	Preserved
S03-linear-oklab	linear/oklab	2	0.29629629850387573	1	true	true	64	26	53	52	105	Preserved	true	Preserved
S03-radial-oklab	radial/oklab	0	0	0.037037037312984467	true	true	64	17	35	34	69	Preserved	true	Preserved
S03-radial-oklab	radial/oklab	1	0.037037037312984467	0.29629629850387573	true	true	64	16	33	32	65	Preserved	true	Preserved
S03-radial-oklab	radial/oklab	2	0.29629629850387573	1	true	true	64	26	53	52	105	Preserved	true	Preserved
S03-linear-linear-rgb	linear/linear-rgb	0	0	0.037037037312984467	true	true	64	17	35	34	69	Preserved	true	Preserved
S03-linear-linear-rgb	linear/linear-rgb	1	0.037037037312984467	0.29629629850387573	true	true	64	19	39	38	77	Preserved	true	Preserved
S03-linear-linear-rgb	linear/linear-rgb	2	0.29629629850387573	1	true	true	64	30	61	60	121	Preserved	true	Preserved
S03-radial-linear-rgb	radial/linear-rgb	0	0	0.037037037312984467	true	true	64	17	35	34	69	Preserved	true	Preserved
S03-radial-linear-rgb	radial/linear-rgb	1	0.037037037312984467	0.29629629850387573	true	true	64	19	39	38	77	Preserved	true	Preserved
S03-radial-linear-rgb	radial/linear-rgb	2	0.29629629850387573	1	true	true	64	30	61	60	121	Preserved	true	Preserved
S04-linear-oklab	linear/oklab	0	0	0.37026238441467285	true	true	64	24	49	48	97	Preserved	true	Preserved
S04-linear-oklab	linear/oklab	1	0.37026238441467285	0.63556849956512451	true	true	64	14	29	28	57	Preserved	true	Preserved
S04-linear-oklab	linear/oklab	2	0.63556849956512451	0.81341105699539185	true	true	1	0	1	0	1	Preserved	true	Preserved
S04-linear-oklab	linear/oklab	3	0.81341105699539185	0.92128282785415649	true	true	32	10	21	20	41	Preserved	true	Preserved
S04-linear-oklab	linear/oklab	4	0.92128282785415649	0.97667640447616577	true	true	64	24	49	48	97	Preserved	true	Preserved
S04-linear-oklab	linear/oklab	5	0.97667640447616577	0.99708455801010132	true	true	64	14	29	28	57	Preserved	true	Preserved
S04-linear-oklab	linear/oklab	6	0.99708455801010132	1	true	true	1	0	1	0	1	Preserved	true	Preserved
S04-radial-oklab	radial/oklab	0	0	0.37026238441467285	true	true	64	24	49	48	97	Preserved	true	Preserved
S04-radial-oklab	radial/oklab	1	0.37026238441467285	0.63556849956512451	true	true	64	14	29	28	57	Preserved	true	Preserved
S04-radial-oklab	radial/oklab	2	0.63556849956512451	0.81341105699539185	true	true	1	0	1	0	1	Preserved	true	Preserved
S04-radial-oklab	radial/oklab	3	0.81341105699539185	0.92128282785415649	true	true	32	10	21	20	41	Preserved	true	Preserved
S04-radial-oklab	radial/oklab	4	0.92128282785415649	0.97667640447616577	true	true	64	24	49	48	97	Preserved	true	Preserved
S04-radial-oklab	radial/oklab	5	0.97667640447616577	0.99708455801010132	true	true	64	14	29	28	57	Preserved	true	Preserved
S04-radial-oklab	radial/oklab	6	0.99708455801010132	1	true	true	1	0	1	0	1	Preserved	true	Preserved
S04-linear-linear-rgb	linear/linear-rgb	0	0	0.37026238441467285	true	true	64	24	49	48	97	Preserved	true	Preserved
S04-linear-linear-rgb	linear/linear-rgb	1	0.37026238441467285	0.63556849956512451	true	true	64	12	25	24	49	Preserved	true	Preserved
S04-linear-linear-rgb	linear/linear-rgb	2	0.63556849956512451	0.81341105699539185	true	true	1	0	1	0	1	Preserved	true	Preserved
S04-linear-linear-rgb	linear/linear-rgb	3	0.81341105699539185	0.92128282785415649	true	true	64	13	27	26	53	Preserved	true	Preserved
S04-linear-linear-rgb	linear/linear-rgb	4	0.92128282785415649	0.97667640447616577	true	true	64	24	49	48	97	Preserved	true	Preserved
S04-linear-linear-rgb	linear/linear-rgb	5	0.97667640447616577	0.99708455801010132	true	true	64	12	25	24	49	Preserved	true	Preserved
S04-linear-linear-rgb	linear/linear-rgb	6	0.99708455801010132	1	true	true	1	0	1	0	1	Preserved	true	Preserved
S04-radial-linear-rgb	radial/linear-rgb	0	0	0.37026238441467285	true	true	64	24	49	48	97	Preserved	true	Preserved
S04-radial-linear-rgb	radial/linear-rgb	1	0.37026238441467285	0.63556849956512451	true	true	64	12	25	24	49	Preserved	true	Preserved
S04-radial-linear-rgb	radial/linear-rgb	2	0.63556849956512451	0.81341105699539185	true	true	1	0	1	0	1	Preserved	true	Preserved
S04-radial-linear-rgb	radial/linear-rgb	3	0.81341105699539185	0.92128282785415649	true	true	64	13	27	26	53	Preserved	true	Preserved
S04-radial-linear-rgb	radial/linear-rgb	4	0.92128282785415649	0.97667640447616577	true	true	64	24	49	48	97	Preserved	true	Preserved
S04-radial-linear-rgb	radial/linear-rgb	5	0.97667640447616577	0.99708455801010132	true	true	64	12	25	24	49	Preserved	true	Preserved
S04-radial-linear-rgb	radial/linear-rgb	6	0.99708455801010132	1	true	true	1	0	1	0	1	Preserved	true	Preserved
S05-linear-oklab	linear/oklab	0	0	0.02222222276031971	true	true	64	17	35	34	69	Preserved	true	Preserved
S05-linear-oklab	linear/oklab	1	0.02222222276031971	0.088888891041278839	true	true	64	16	33	32	65	Preserved	true	Preserved
S05-linear-oklab	linear/oklab	2	0.088888891041278839	0.20000000298023224	true	true	64	22	45	44	89	Preserved	true	Preserved
S05-linear-oklab	linear/oklab	3	0.20000000298023224	0.24444444477558136	true	true	64	27	55	54	109	Preserved	true	Preserved
S05-linear-oklab	linear/oklab	4	0.24444444477558136	0.3333333432674408	true	true	64	13	27	26	53	Preserved	true	Preserved
S05-linear-oklab	linear/oklab	5	0.3333333432674408	0.35555556416511536	true	true	64	17	35	34	69	Preserved	true	Preserved
S05-linear-oklab	linear/oklab	6	0.35555556416511536	0.42222222685813904	true	true	64	16	33	32	65	Preserved	true	Preserved
S05-linear-oklab	linear/oklab	7	0.42222222685813904	0.53333336114883423	true	true	64	22	45	44	89	Preserved	true	Preserved
S05-linear-oklab	linear/oklab	8	0.53333336114883423	0.57777780294418335	true	true	64	27	55	54	109	Preserved	true	Preserved
S05-linear-oklab	linear/oklab	9	0.57777780294418335	0.66666668653488159	true	true	64	13	27	26	53	Preserved	true	Preserved
S05-linear-oklab	linear/oklab	10	0.66666668653488159	0.68888890743255615	true	true	64	17	35	34	69	Preserved	true	Preserved
S05-linear-oklab	linear/oklab	11	0.68888890743255615	0.75555557012557983	true	true	64	16	33	32	65	Preserved	true	Preserved
S05-linear-oklab	linear/oklab	12	0.75555557012557983	0.86666667461395264	true	true	64	22	45	44	89	Preserved	true	Preserved
S05-linear-oklab	linear/oklab	13	0.86666667461395264	0.91111111640930176	true	true	64	27	55	54	109	Preserved	true	Preserved
S05-linear-oklab	linear/oklab	14	0.91111111640930176	1	true	true	64	13	27	26	53	Preserved	true	Preserved
S05-radial-oklab	radial/oklab	0	0	0.02222222276031971	true	true	64	17	35	34	69	Preserved	true	Preserved
S05-radial-oklab	radial/oklab	1	0.02222222276031971	0.088888891041278839	true	true	64	16	33	32	65	Preserved	true	Preserved
S05-radial-oklab	radial/oklab	2	0.088888891041278839	0.20000000298023224	true	true	64	22	45	44	89	Preserved	true	Preserved
S05-radial-oklab	radial/oklab	3	0.20000000298023224	0.24444444477558136	true	true	64	27	55	54	109	Preserved	true	Preserved
S05-radial-oklab	radial/oklab	4	0.24444444477558136	0.3333333432674408	true	true	64	13	27	26	53	Preserved	true	Preserved
S05-radial-oklab	radial/oklab	5	0.3333333432674408	0.35555556416511536	true	true	64	17	35	34	69	Preserved	true	Preserved
S05-radial-oklab	radial/oklab	6	0.35555556416511536	0.42222222685813904	true	true	64	16	33	32	65	Preserved	true	Preserved
S05-radial-oklab	radial/oklab	7	0.42222222685813904	0.53333336114883423	true	true	64	22	45	44	89	Preserved	true	Preserved
S05-radial-oklab	radial/oklab	8	0.53333336114883423	0.57777780294418335	true	true	64	27	55	54	109	Preserved	true	Preserved
S05-radial-oklab	radial/oklab	9	0.57777780294418335	0.66666668653488159	true	true	64	13	27	26	53	Preserved	true	Preserved
S05-radial-oklab	radial/oklab	10	0.66666668653488159	0.68888890743255615	true	true	64	17	35	34	69	Preserved	true	Preserved
S05-radial-oklab	radial/oklab	11	0.68888890743255615	0.75555557012557983	true	true	64	16	33	32	65	Preserved	true	Preserved
S05-radial-oklab	radial/oklab	12	0.75555557012557983	0.86666667461395264	true	true	64	22	45	44	89	Preserved	true	Preserved
S05-radial-oklab	radial/oklab	13	0.86666667461395264	0.91111111640930176	true	true	64	27	55	54	109	Preserved	true	Preserved
S05-radial-oklab	radial/oklab	14	0.91111111640930176	1	true	true	64	13	27	26	53	Preserved	true	Preserved
S05-linear-linear-rgb	linear/linear-rgb	0	0	0.02222222276031971	true	true	64	17	35	34	69	Preserved	true	Preserved
S05-linear-linear-rgb	linear/linear-rgb	1	0.02222222276031971	0.088888891041278839	true	true	64	13	27	26	53	Preserved	true	Preserved
S05-linear-linear-rgb	linear/linear-rgb	2	0.088888891041278839	0.20000000298023224	true	true	64	26	53	52	105	Preserved	true	Preserved
S05-linear-linear-rgb	linear/linear-rgb	3	0.20000000298023224	0.24444444477558136	true	true	64	29	59	58	117	Preserved	true	Preserved
S05-linear-linear-rgb	linear/linear-rgb	4	0.24444444477558136	0.3333333432674408	true	true	16	9	19	18	37	Preserved	true	Preserved
S05-linear-linear-rgb	linear/linear-rgb	5	0.3333333432674408	0.35555556416511536	true	true	64	17	35	34	69	Preserved	true	Preserved
S05-linear-linear-rgb	linear/linear-rgb	6	0.35555556416511536	0.42222222685813904	true	true	64	13	27	26	53	Preserved	true	Preserved
S05-linear-linear-rgb	linear/linear-rgb	7	0.42222222685813904	0.53333336114883423	true	true	64	26	53	52	105	Preserved	true	Preserved
S05-linear-linear-rgb	linear/linear-rgb	8	0.53333336114883423	0.57777780294418335	true	true	64	29	59	58	117	Preserved	true	Preserved
S05-linear-linear-rgb	linear/linear-rgb	9	0.57777780294418335	0.66666668653488159	true	true	16	9	19	18	37	Preserved	true	Preserved
S05-linear-linear-rgb	linear/linear-rgb	10	0.66666668653488159	0.68888890743255615	true	true	64	17	35	34	69	Preserved	true	Preserved
S05-linear-linear-rgb	linear/linear-rgb	11	0.68888890743255615	0.75555557012557983	true	true	64	13	27	26	53	Preserved	true	Preserved
S05-linear-linear-rgb	linear/linear-rgb	12	0.75555557012557983	0.86666667461395264	true	true	64	26	53	52	105	Preserved	true	Preserved
S05-linear-linear-rgb	linear/linear-rgb	13	0.86666667461395264	0.91111111640930176	true	true	64	29	59	58	117	Preserved	true	Preserved
S05-linear-linear-rgb	linear/linear-rgb	14	0.91111111640930176	1	true	true	16	9	19	18	37	Preserved	true	Preserved
S05-radial-linear-rgb	radial/linear-rgb	0	0	0.02222222276031971	true	true	64	17	35	34	69	Preserved	true	Preserved
S05-radial-linear-rgb	radial/linear-rgb	1	0.02222222276031971	0.088888891041278839	true	true	64	13	27	26	53	Preserved	true	Preserved
S05-radial-linear-rgb	radial/linear-rgb	2	0.088888891041278839	0.20000000298023224	true	true	64	26	53	52	105	Preserved	true	Preserved
S05-radial-linear-rgb	radial/linear-rgb	3	0.20000000298023224	0.24444444477558136	true	true	64	29	59	58	117	Preserved	true	Preserved
S05-radial-linear-rgb	radial/linear-rgb	4	0.24444444477558136	0.3333333432674408	true	true	16	9	19	18	37	Preserved	true	Preserved
S05-radial-linear-rgb	radial/linear-rgb	5	0.3333333432674408	0.35555556416511536	true	true	64	17	35	34	69	Preserved	true	Preserved
S05-radial-linear-rgb	radial/linear-rgb	6	0.35555556416511536	0.42222222685813904	true	true	64	13	27	26	53	Preserved	true	Preserved
S05-radial-linear-rgb	radial/linear-rgb	7	0.42222222685813904	0.53333336114883423	true	true	64	26	53	52	105	Preserved	true	Preserved
S05-radial-linear-rgb	radial/linear-rgb	8	0.53333336114883423	0.57777780294418335	true	true	64	29	59	58	117	Preserved	true	Preserved
S05-radial-linear-rgb	radial/linear-rgb	9	0.57777780294418335	0.66666668653488159	true	true	16	9	19	18	37	Preserved	true	Preserved
S05-radial-linear-rgb	radial/linear-rgb	10	0.66666668653488159	0.68888890743255615	true	true	64	17	35	34	69	Preserved	true	Preserved
S05-radial-linear-rgb	radial/linear-rgb	11	0.68888890743255615	0.75555557012557983	true	true	64	13	27	26	53	Preserved	true	Preserved
S05-radial-linear-rgb	radial/linear-rgb	12	0.75555557012557983	0.86666667461395264	true	true	64	26	53	52	105	Preserved	true	Preserved
S05-radial-linear-rgb	radial/linear-rgb	13	0.86666667461395264	0.91111111640930176	true	true	64	29	59	58	117	Preserved	true	Preserved
S05-radial-linear-rgb	radial/linear-rgb	14	0.91111111640930176	1	true	true	16	9	19	18	37	Preserved	true	Preserved
S06-linear-oklab	linear/oklab	0	0	0.032258063554763794	true	true	64	21	43	42	85	Preserved	true	Preserved
S06-linear-oklab	linear/oklab	1	0.032258063554763794	0.064516127109527588	true	true	32	9	19	18	37	Preserved	true	Preserved
S06-linear-oklab	linear/oklab	2	0.064516127109527588	0.096774190664291382	true	true	64	26	53	52	105	Preserved	true	Preserved
S06-linear-oklab	linear/oklab	3	0.096774190664291382	0.12903225421905518	true	true	64	20	41	40	81	Preserved	true	Preserved
S06-linear-oklab	linear/oklab	4	0.12903225421905518	0.16129031777381897	true	true	4	3	7	6	13	Preserved	true	Preserved
S06-linear-oklab	linear/oklab	5	0.16129031777381897	0.19354838132858276	true	true	64	31	63	62	125	Preserved	true	Preserved
S06-linear-oklab	linear/oklab	6	0.19354838132858276	0.22580644488334656	true	true	64	29	59	58	117	Preserved	true	Preserved
S06-linear-oklab	linear/oklab	7	0.22580644488334656	0.25806450843811035	true	true	64	18	37	36	73	Preserved	true	Preserved
S06-linear-oklab	linear/oklab	8	0.25806450843811035	0.29032257199287415	true	true	64	21	43	42	85	Preserved	true	Preserved
S06-linear-oklab	linear/oklab	9	0.29032257199287415	0.32258063554763794	true	true	32	9	19	18	37	Preserved	true	Preserved
S06-linear-oklab	linear/oklab	10	0.32258063554763794	0.35483869910240173	true	true	64	26	53	52	105	Preserved	true	Preserved
S06-linear-oklab	linear/oklab	11	0.35483869910240173	0.38709676265716553	true	true	64	20	41	40	81	Preserved	true	Preserved
S06-linear-oklab	linear/oklab	12	0.38709676265716553	0.41935482621192932	true	true	4	3	7	6	13	Preserved	true	Preserved
S06-linear-oklab	linear/oklab	13	0.41935482621192932	0.45161288976669312	true	true	64	31	63	62	125	Preserved	true	Preserved
S06-linear-oklab	linear/oklab	14	0.45161288976669312	0.48387095332145691	true	true	64	29	59	58	117	Preserved	true	Preserved
S06-linear-oklab	linear/oklab	15	0.48387095332145691	0.5161290168762207	true	true	64	18	37	36	73	Preserved	true	Preserved
S06-linear-oklab	linear/oklab	16	0.5161290168762207	0.54838711023330688	true	true	64	21	43	42	85	Preserved	true	Preserved
S06-linear-oklab	linear/oklab	17	0.54838711023330688	0.58064514398574829	true	true	32	9	19	18	37	Preserved	true	Preserved
S06-linear-oklab	linear/oklab	18	0.58064514398574829	0.61290323734283447	true	true	64	26	53	52	105	Preserved	true	Preserved
S06-linear-oklab	linear/oklab	19	0.61290323734283447	0.64516127109527588	true	true	64	20	41	40	81	Preserved	true	Preserved
S06-linear-oklab	linear/oklab	20	0.64516127109527588	0.67741936445236206	true	true	4	3	7	6	13	Preserved	true	Preserved
S06-linear-oklab	linear/oklab	21	0.67741936445236206	0.70967739820480347	true	true	64	31	63	62	125	Preserved	true	Preserved
S06-linear-oklab	linear/oklab	22	0.70967739820480347	0.74193549156188965	true	true	64	29	59	58	117	Preserved	true	Preserved
S06-linear-oklab	linear/oklab	23	0.74193549156188965	0.77419352531433105	true	true	64	18	37	36	73	Preserved	true	Preserved
S06-linear-oklab	linear/oklab	24	0.77419352531433105	0.80645161867141724	true	true	64	21	43	42	85	Preserved	true	Preserved
S06-linear-oklab	linear/oklab	25	0.80645161867141724	0.83870965242385864	true	true	32	9	19	18	37	Preserved	true	Preserved
S06-linear-oklab	linear/oklab	26	0.83870965242385864	0.87096774578094482	true	true	64	26	53	52	105	Preserved	true	Preserved
S06-linear-oklab	linear/oklab	27	0.87096774578094482	0.90322577953338623	true	true	64	20	41	40	81	Preserved	true	Preserved
S06-linear-oklab	linear/oklab	28	0.90322577953338623	0.93548387289047241	true	true	4	3	7	6	13	Preserved	true	Preserved
S06-linear-oklab	linear/oklab	29	0.93548387289047241	0.96774190664291382	true	true	64	31	63	62	125	Preserved	true	Preserved
S06-linear-oklab	linear/oklab	30	0.96774190664291382	1	true	true	64	29	59	58	117	Preserved	true	Preserved
S06-radial-oklab	radial/oklab	0	0	0.032258063554763794	true	true	64	21	43	42	85	Preserved	true	Preserved
S06-radial-oklab	radial/oklab	1	0.032258063554763794	0.064516127109527588	true	true	32	9	19	18	37	Preserved	true	Preserved
S06-radial-oklab	radial/oklab	2	0.064516127109527588	0.096774190664291382	true	true	64	26	53	52	105	Preserved	true	Preserved
S06-radial-oklab	radial/oklab	3	0.096774190664291382	0.12903225421905518	true	true	64	20	41	40	81	Preserved	true	Preserved
S06-radial-oklab	radial/oklab	4	0.12903225421905518	0.16129031777381897	true	true	4	3	7	6	13	Preserved	true	Preserved
S06-radial-oklab	radial/oklab	5	0.16129031777381897	0.19354838132858276	true	true	64	31	63	62	125	Preserved	true	Preserved
S06-radial-oklab	radial/oklab	6	0.19354838132858276	0.22580644488334656	true	true	64	29	59	58	117	Preserved	true	Preserved
S06-radial-oklab	radial/oklab	7	0.22580644488334656	0.25806450843811035	true	true	64	18	37	36	73	Preserved	true	Preserved
S06-radial-oklab	radial/oklab	8	0.25806450843811035	0.29032257199287415	true	true	64	21	43	42	85	Preserved	true	Preserved
S06-radial-oklab	radial/oklab	9	0.29032257199287415	0.32258063554763794	true	true	32	9	19	18	37	Preserved	true	Preserved
S06-radial-oklab	radial/oklab	10	0.32258063554763794	0.35483869910240173	true	true	64	26	53	52	105	Preserved	true	Preserved
S06-radial-oklab	radial/oklab	11	0.35483869910240173	0.38709676265716553	true	true	64	20	41	40	81	Preserved	true	Preserved
S06-radial-oklab	radial/oklab	12	0.38709676265716553	0.41935482621192932	true	true	4	3	7	6	13	Preserved	true	Preserved
S06-radial-oklab	radial/oklab	13	0.41935482621192932	0.45161288976669312	true	true	64	31	63	62	125	Preserved	true	Preserved
S06-radial-oklab	radial/oklab	14	0.45161288976669312	0.48387095332145691	true	true	64	29	59	58	117	Preserved	true	Preserved
S06-radial-oklab	radial/oklab	15	0.48387095332145691	0.5161290168762207	true	true	64	18	37	36	73	Preserved	true	Preserved
S06-radial-oklab	radial/oklab	16	0.5161290168762207	0.54838711023330688	true	true	64	21	43	42	85	Preserved	true	Preserved
S06-radial-oklab	radial/oklab	17	0.54838711023330688	0.58064514398574829	true	true	32	9	19	18	37	Preserved	true	Preserved
S06-radial-oklab	radial/oklab	18	0.58064514398574829	0.61290323734283447	true	true	64	26	53	52	105	Preserved	true	Preserved
S06-radial-oklab	radial/oklab	19	0.61290323734283447	0.64516127109527588	true	true	64	20	41	40	81	Preserved	true	Preserved
S06-radial-oklab	radial/oklab	20	0.64516127109527588	0.67741936445236206	true	true	4	3	7	6	13	Preserved	true	Preserved
S06-radial-oklab	radial/oklab	21	0.67741936445236206	0.70967739820480347	true	true	64	31	63	62	125	Preserved	true	Preserved
S06-radial-oklab	radial/oklab	22	0.70967739820480347	0.74193549156188965	true	true	64	29	59	58	117	Preserved	true	Preserved
S06-radial-oklab	radial/oklab	23	0.74193549156188965	0.77419352531433105	true	true	64	18	37	36	73	Preserved	true	Preserved
S06-radial-oklab	radial/oklab	24	0.77419352531433105	0.80645161867141724	true	true	64	21	43	42	85	Preserved	true	Preserved
S06-radial-oklab	radial/oklab	25	0.80645161867141724	0.83870965242385864	true	true	32	9	19	18	37	Preserved	true	Preserved
S06-radial-oklab	radial/oklab	26	0.83870965242385864	0.87096774578094482	true	true	64	26	53	52	105	Preserved	true	Preserved
S06-radial-oklab	radial/oklab	27	0.87096774578094482	0.90322577953338623	true	true	64	20	41	40	81	Preserved	true	Preserved
S06-radial-oklab	radial/oklab	28	0.90322577953338623	0.93548387289047241	true	true	4	3	7	6	13	Preserved	true	Preserved
S06-radial-oklab	radial/oklab	29	0.93548387289047241	0.96774190664291382	true	true	64	31	63	62	125	Preserved	true	Preserved
S06-radial-oklab	radial/oklab	30	0.96774190664291382	1	true	true	64	29	59	58	117	Preserved	true	Preserved
S06-linear-linear-rgb	linear/linear-rgb	0	0	0.032258063554763794	true	true	64	25	51	50	101	Preserved	true	Preserved
S06-linear-linear-rgb	linear/linear-rgb	1	0.032258063554763794	0.064516127109527588	true	true	64	21	43	42	85	Preserved	true	Preserved
S06-linear-linear-rgb	linear/linear-rgb	2	0.064516127109527588	0.096774190664291382	true	true	64	28	57	56	113	Preserved	true	Preserved
S06-linear-linear-rgb	linear/linear-rgb	3	0.096774190664291382	0.12903225421905518	true	true	64	23	47	46	93	Preserved	true	Preserved
S06-linear-linear-rgb	linear/linear-rgb	4	0.12903225421905518	0.16129031777381897	true	true	32	11	23	22	45	Preserved	true	Preserved
S06-linear-linear-rgb	linear/linear-rgb	5	0.16129031777381897	0.19354838132858276	true	true	64	31	63	62	125	Preserved	true	Preserved
S06-linear-linear-rgb	linear/linear-rgb	6	0.19354838132858276	0.22580644488334656	true	true	64	30	61	60	121	Preserved	true	Preserved
S06-linear-linear-rgb	linear/linear-rgb	7	0.22580644488334656	0.25806450843811035	true	true	64	22	45	44	89	Preserved	true	Preserved
S06-linear-linear-rgb	linear/linear-rgb	8	0.25806450843811035	0.29032257199287415	true	true	64	25	51	50	101	Preserved	true	Preserved
S06-linear-linear-rgb	linear/linear-rgb	9	0.29032257199287415	0.32258063554763794	true	true	64	21	43	42	85	Preserved	true	Preserved
S06-linear-linear-rgb	linear/linear-rgb	10	0.32258063554763794	0.35483869910240173	true	true	64	28	57	56	113	Preserved	true	Preserved
S06-linear-linear-rgb	linear/linear-rgb	11	0.35483869910240173	0.38709676265716553	true	true	64	23	47	46	93	Preserved	true	Preserved
S06-linear-linear-rgb	linear/linear-rgb	12	0.38709676265716553	0.41935482621192932	true	true	32	11	23	22	45	Preserved	true	Preserved
S06-linear-linear-rgb	linear/linear-rgb	13	0.41935482621192932	0.45161288976669312	true	true	64	31	63	62	125	Preserved	true	Preserved
S06-linear-linear-rgb	linear/linear-rgb	14	0.45161288976669312	0.48387095332145691	true	true	64	30	61	60	121	Preserved	true	Preserved
S06-linear-linear-rgb	linear/linear-rgb	15	0.48387095332145691	0.5161290168762207	true	true	64	22	45	44	89	Preserved	true	Preserved
S06-linear-linear-rgb	linear/linear-rgb	16	0.5161290168762207	0.54838711023330688	true	true	64	25	51	50	101	Preserved	true	Preserved
S06-linear-linear-rgb	linear/linear-rgb	17	0.54838711023330688	0.58064514398574829	true	true	64	21	43	42	85	Preserved	true	Preserved
S06-linear-linear-rgb	linear/linear-rgb	18	0.58064514398574829	0.61290323734283447	true	true	64	28	57	56	113	Preserved	true	Preserved
S06-linear-linear-rgb	linear/linear-rgb	19	0.61290323734283447	0.64516127109527588	true	true	64	23	47	46	93	Preserved	true	Preserved
S06-linear-linear-rgb	linear/linear-rgb	20	0.64516127109527588	0.67741936445236206	true	true	32	11	23	22	45	Preserved	true	Preserved
S06-linear-linear-rgb	linear/linear-rgb	21	0.67741936445236206	0.70967739820480347	true	true	64	31	63	62	125	Preserved	true	Preserved
S06-linear-linear-rgb	linear/linear-rgb	22	0.70967739820480347	0.74193549156188965	true	true	64	30	61	60	121	Preserved	true	Preserved
S06-linear-linear-rgb	linear/linear-rgb	23	0.74193549156188965	0.77419352531433105	true	true	64	22	45	44	89	Preserved	true	Preserved
S06-linear-linear-rgb	linear/linear-rgb	24	0.77419352531433105	0.80645161867141724	true	true	64	25	51	50	101	Preserved	true	Preserved
S06-linear-linear-rgb	linear/linear-rgb	25	0.80645161867141724	0.83870965242385864	true	true	64	21	43	42	85	Preserved	true	Preserved
S06-linear-linear-rgb	linear/linear-rgb	26	0.83870965242385864	0.87096774578094482	true	true	64	28	57	56	113	Preserved	true	Preserved
S06-linear-linear-rgb	linear/linear-rgb	27	0.87096774578094482	0.90322577953338623	true	true	64	23	47	46	93	Preserved	true	Preserved
S06-linear-linear-rgb	linear/linear-rgb	28	0.90322577953338623	0.93548387289047241	true	true	32	11	23	22	45	Preserved	true	Preserved
S06-linear-linear-rgb	linear/linear-rgb	29	0.93548387289047241	0.96774190664291382	true	true	64	31	63	62	125	Preserved	true	Preserved
S06-linear-linear-rgb	linear/linear-rgb	30	0.96774190664291382	1	true	true	64	30	61	60	121	Preserved	true	Preserved
S06-radial-linear-rgb	radial/linear-rgb	0	0	0.032258063554763794	true	true	64	25	51	50	101	Preserved	true	Preserved
S06-radial-linear-rgb	radial/linear-rgb	1	0.032258063554763794	0.064516127109527588	true	true	64	21	43	42	85	Preserved	true	Preserved
S06-radial-linear-rgb	radial/linear-rgb	2	0.064516127109527588	0.096774190664291382	true	true	64	28	57	56	113	Preserved	true	Preserved
S06-radial-linear-rgb	radial/linear-rgb	3	0.096774190664291382	0.12903225421905518	true	true	64	23	47	46	93	Preserved	true	Preserved
S06-radial-linear-rgb	radial/linear-rgb	4	0.12903225421905518	0.16129031777381897	true	true	32	11	23	22	45	Preserved	true	Preserved
S06-radial-linear-rgb	radial/linear-rgb	5	0.16129031777381897	0.19354838132858276	true	true	64	31	63	62	125	Preserved	true	Preserved
S06-radial-linear-rgb	radial/linear-rgb	6	0.19354838132858276	0.22580644488334656	true	true	64	30	61	60	121	Preserved	true	Preserved
S06-radial-linear-rgb	radial/linear-rgb	7	0.22580644488334656	0.25806450843811035	true	true	64	22	45	44	89	Preserved	true	Preserved
S06-radial-linear-rgb	radial/linear-rgb	8	0.25806450843811035	0.29032257199287415	true	true	64	25	51	50	101	Preserved	true	Preserved
S06-radial-linear-rgb	radial/linear-rgb	9	0.29032257199287415	0.32258063554763794	true	true	64	21	43	42	85	Preserved	true	Preserved
S06-radial-linear-rgb	radial/linear-rgb	10	0.32258063554763794	0.35483869910240173	true	true	64	28	57	56	113	Preserved	true	Preserved
S06-radial-linear-rgb	radial/linear-rgb	11	0.35483869910240173	0.38709676265716553	true	true	64	23	47	46	93	Preserved	true	Preserved
S06-radial-linear-rgb	radial/linear-rgb	12	0.38709676265716553	0.41935482621192932	true	true	32	11	23	22	45	Preserved	true	Preserved
S06-radial-linear-rgb	radial/linear-rgb	13	0.41935482621192932	0.45161288976669312	true	true	64	31	63	62	125	Preserved	true	Preserved
S06-radial-linear-rgb	radial/linear-rgb	14	0.45161288976669312	0.48387095332145691	true	true	64	30	61	60	121	Preserved	true	Preserved
S06-radial-linear-rgb	radial/linear-rgb	15	0.48387095332145691	0.5161290168762207	true	true	64	22	45	44	89	Preserved	true	Preserved
S06-radial-linear-rgb	radial/linear-rgb	16	0.5161290168762207	0.54838711023330688	true	true	64	25	51	50	101	Preserved	true	Preserved
S06-radial-linear-rgb	radial/linear-rgb	17	0.54838711023330688	0.58064514398574829	true	true	64	21	43	42	85	Preserved	true	Preserved
S06-radial-linear-rgb	radial/linear-rgb	18	0.58064514398574829	0.61290323734283447	true	true	64	28	57	56	113	Preserved	true	Preserved
S06-radial-linear-rgb	radial/linear-rgb	19	0.61290323734283447	0.64516127109527588	true	true	64	23	47	46	93	Preserved	true	Preserved
S06-radial-linear-rgb	radial/linear-rgb	20	0.64516127109527588	0.67741936445236206	true	true	32	11	23	22	45	Preserved	true	Preserved
S06-radial-linear-rgb	radial/linear-rgb	21	0.67741936445236206	0.70967739820480347	true	true	64	31	63	62	125	Preserved	true	Preserved
S06-radial-linear-rgb	radial/linear-rgb	22	0.70967739820480347	0.74193549156188965	true	true	64	30	61	60	121	Preserved	true	Preserved
S06-radial-linear-rgb	radial/linear-rgb	23	0.74193549156188965	0.77419352531433105	true	true	64	22	45	44	89	Preserved	true	Preserved
S06-radial-linear-rgb	radial/linear-rgb	24	0.77419352531433105	0.80645161867141724	true	true	64	25	51	50	101	Preserved	true	Preserved
S06-radial-linear-rgb	radial/linear-rgb	25	0.80645161867141724	0.83870965242385864	true	true	64	21	43	42	85	Preserved	true	Preserved
S06-radial-linear-rgb	radial/linear-rgb	26	0.83870965242385864	0.87096774578094482	true	true	64	28	57	56	113	Preserved	true	Preserved
S06-radial-linear-rgb	radial/linear-rgb	27	0.87096774578094482	0.90322577953338623	true	true	64	23	47	46	93	Preserved	true	Preserved
S06-radial-linear-rgb	radial/linear-rgb	28	0.90322577953338623	0.93548387289047241	true	true	32	11	23	22	45	Preserved	true	Preserved
S06-radial-linear-rgb	radial/linear-rgb	29	0.93548387289047241	0.96774190664291382	true	true	64	31	63	62	125	Preserved	true	Preserved
S06-radial-linear-rgb	radial/linear-rgb	30	0.96774190664291382	1	true	true	64	30	61	60	121	Preserved	true	Preserved
S07-linear-oklab	linear/oklab	0	0	0	false	false	0	0	0	0	0	Preserved	true	Preserved
S07-linear-oklab	linear/oklab	1	0	1	true	true	64	24	49	48	97	Preserved	true	Preserved
S07-radial-oklab	radial/oklab	0	0	0	false	false	0	0	0	0	0	Preserved	true	Preserved
S07-radial-oklab	radial/oklab	1	0	1	true	true	64	24	49	48	97	Preserved	true	Preserved
S07-linear-linear-rgb	linear/linear-rgb	0	0	0	false	false	0	0	0	0	0	Preserved	true	Preserved
S07-linear-linear-rgb	linear/linear-rgb	1	0	1	true	true	64	24	49	48	97	Preserved	true	Preserved
S07-radial-linear-rgb	radial/linear-rgb	0	0	0	false	false	0	0	0	0	0	Preserved	true	Preserved
S07-radial-linear-rgb	radial/linear-rgb	1	0	1	true	true	64	24	49	48	97	Preserved	true	Preserved
S08-linear-oklab	linear/oklab	0	0	0.5	true	true	64	20	41	40	81	Preserved	true	Preserved
S08-linear-oklab	linear/oklab	1	0.5	0.5	false	false	0	0	0	0	0	Preserved	true	Preserved
S08-linear-oklab	linear/oklab	2	0.5	1	true	true	1	0	1	0	1	Preserved	true	Preserved
S08-radial-oklab	radial/oklab	0	0	0.5	true	true	64	20	41	40	81	Preserved	true	Preserved
S08-radial-oklab	radial/oklab	1	0.5	0.5	false	false	0	0	0	0	0	Preserved	true	Preserved
S08-radial-oklab	radial/oklab	2	0.5	1	true	true	1	0	1	0	1	Preserved	true	Preserved
S08-linear-linear-rgb	linear/linear-rgb	0	0	0.5	true	true	64	20	41	40	81	Preserved	true	Preserved
S08-linear-linear-rgb	linear/linear-rgb	1	0.5	0.5	false	false	0	0	0	0	0	Preserved	true	Preserved
S08-linear-linear-rgb	linear/linear-rgb	2	0.5	1	true	true	1	0	1	0	1	Preserved	true	Preserved
S08-radial-linear-rgb	radial/linear-rgb	0	0	0.5	true	true	64	20	41	40	81	Preserved	true	Preserved
S08-radial-linear-rgb	radial/linear-rgb	1	0.5	0.5	false	false	0	0	0	0	0	Preserved	true	Preserved
S08-radial-linear-rgb	radial/linear-rgb	2	0.5	1	true	true	1	0	1	0	1	Preserved	true	Preserved
S09-linear-oklab	linear/oklab	0	0	0.3333333432674408	true	true	64	24	49	48	97	Preserved	true	Preserved
S09-linear-oklab	linear/oklab	1	0.3333333432674408	0.66666668653488159	true	true	64	14	29	28	57	Preserved	true	Preserved
S09-linear-oklab	linear/oklab	2	0.66666668653488159	1	true	true	1	0	1	0	1	Preserved	true	Preserved
S09-linear-oklab	linear/oklab	3	1	1	false	false	0	0	0	0	0	Preserved	true	Preserved
S09-radial-oklab	radial/oklab	0	0	0.3333333432674408	true	true	64	24	49	48	97	Preserved	true	Preserved
S09-radial-oklab	radial/oklab	1	0.3333333432674408	0.66666668653488159	true	true	64	14	29	28	57	Preserved	true	Preserved
S09-radial-oklab	radial/oklab	2	0.66666668653488159	1	true	true	1	0	1	0	1	Preserved	true	Preserved
S09-radial-oklab	radial/oklab	3	1	1	false	false	0	0	0	0	0	Preserved	true	Preserved
S09-linear-linear-rgb	linear/linear-rgb	0	0	0.3333333432674408	true	true	64	24	49	48	97	Preserved	true	Preserved
S09-linear-linear-rgb	linear/linear-rgb	1	0.3333333432674408	0.66666668653488159	true	true	64	12	25	24	49	Preserved	true	Preserved
S09-linear-linear-rgb	linear/linear-rgb	2	0.66666668653488159	1	true	true	1	0	1	0	1	Preserved	true	Preserved
S09-linear-linear-rgb	linear/linear-rgb	3	1	1	false	false	0	0	0	0	0	Preserved	true	Preserved
S09-radial-linear-rgb	radial/linear-rgb	0	0	0.3333333432674408	true	true	64	24	49	48	97	Preserved	true	Preserved
S09-radial-linear-rgb	radial/linear-rgb	1	0.3333333432674408	0.66666668653488159	true	true	64	12	25	24	49	Preserved	true	Preserved
S09-radial-linear-rgb	radial/linear-rgb	2	0.66666668653488159	1	true	true	1	0	1	0	1	Preserved	true	Preserved
S09-radial-linear-rgb	radial/linear-rgb	3	1	1	false	false	0	0	0	0	0	Preserved	true	Preserved
S10-linear-oklab	linear/oklab	0	0	0.1666666716337204	true	true	4	2	5	4	9	Preserved	true	Preserved
S10-linear-oklab	linear/oklab	1	0.1666666716337204	0.3333333432674408	true	true	2	1	3	2	5	Preserved	true	Preserved
S10-linear-oklab	linear/oklab	2	0.3333333432674408	0.5	true	true	8	3	7	6	13	Preserved	true	Preserved
S10-linear-oklab	linear/oklab	3	0.5	0.50000101327896118	true	true	1	0	1	0	1	Preserved	true	Preserved
S10-linear-oklab	linear/oklab	4	0.50000101327896118	0.66666734218597412	true	true	4	2	5	4	9	Preserved	true	Preserved
S10-linear-oklab	linear/oklab	5	0.66666734218597412	0.83333367109298706	true	true	2	1	3	2	5	Preserved	true	Preserved
S10-linear-oklab	linear/oklab	6	0.83333367109298706	1	true	true	8	3	7	6	13	Preserved	true	Preserved
S10-radial-oklab	radial/oklab	0	0	0.1666666716337204	true	true	4	2	5	4	9	Preserved	true	Preserved
S10-radial-oklab	radial/oklab	1	0.1666666716337204	0.3333333432674408	true	true	2	1	3	2	5	Preserved	true	Preserved
S10-radial-oklab	radial/oklab	2	0.3333333432674408	0.5	true	true	8	3	7	6	13	Preserved	true	Preserved
S10-radial-oklab	radial/oklab	3	0.5	0.50000101327896118	true	true	1	0	1	0	1	Preserved	true	Preserved
S10-radial-oklab	radial/oklab	4	0.50000101327896118	0.66666734218597412	true	true	4	2	5	4	9	Preserved	true	Preserved
S10-radial-oklab	radial/oklab	5	0.66666734218597412	0.83333367109298706	true	true	2	1	3	2	5	Preserved	true	Preserved
S10-radial-oklab	radial/oklab	6	0.83333367109298706	1	true	true	8	3	7	6	13	Preserved	true	Preserved
S10-linear-linear-rgb	linear/linear-rgb	0	0	0.1666666716337204	true	true	2	1	3	2	5	Preserved	true	Preserved
S10-linear-linear-rgb	linear/linear-rgb	1	0.1666666716337204	0.3333333432674408	true	true	2	1	3	2	5	Preserved	true	Preserved
S10-linear-linear-rgb	linear/linear-rgb	2	0.3333333432674408	0.5	true	true	8	4	9	8	17	Preserved	true	Preserved
S10-linear-linear-rgb	linear/linear-rgb	3	0.5	0.50000101327896118	true	true	2	1	3	2	5	Preserved	true	Preserved
S10-linear-linear-rgb	linear/linear-rgb	4	0.50000101327896118	0.66666734218597412	true	true	2	1	3	2	5	Preserved	true	Preserved
S10-linear-linear-rgb	linear/linear-rgb	5	0.66666734218597412	0.83333367109298706	true	true	2	1	3	2	5	Preserved	true	Preserved
S10-linear-linear-rgb	linear/linear-rgb	6	0.83333367109298706	1	true	true	8	4	9	8	17	Preserved	true	Preserved
S10-radial-linear-rgb	radial/linear-rgb	0	0	0.1666666716337204	true	true	2	1	3	2	5	Preserved	true	Preserved
S10-radial-linear-rgb	radial/linear-rgb	1	0.1666666716337204	0.3333333432674408	true	true	2	1	3	2	5	Preserved	true	Preserved
S10-radial-linear-rgb	radial/linear-rgb	2	0.3333333432674408	0.5	true	true	8	4	9	8	17	Preserved	true	Preserved
S10-radial-linear-rgb	radial/linear-rgb	3	0.5	0.50000101327896118	true	true	2	1	3	2	5	Preserved	true	Preserved
S10-radial-linear-rgb	radial/linear-rgb	4	0.50000101327896118	0.66666734218597412	true	true	2	1	3	2	5	Preserved	true	Preserved
S10-radial-linear-rgb	radial/linear-rgb	5	0.66666734218597412	0.83333367109298706	true	true	2	1	3	2	5	Preserved	true	Preserved
S10-radial-linear-rgb	radial/linear-rgb	6	0.83333367109298706	1	true	true	8	4	9	8	17	Preserved	true	Preserved
S11-linear-oklab	linear/oklab	0	0	0.066666670143604279	true	true	64	24	49	48	97	Preserved	true	Preserved
S11-linear-oklab	linear/oklab	1	0.066666670143604279	0.13333334028720856	true	true	64	16	33	32	65	Preserved	true	Preserved
S11-linear-oklab	linear/oklab	2	0.13333334028720856	0.20000000298023224	true	true	64	26	53	52	105	Preserved	true	Preserved
S11-linear-oklab	linear/oklab	3	0.20000000298023224	0.26666668057441711	true	true	32	15	31	30	61	Preserved	true	Preserved
S11-linear-oklab	linear/oklab	4	0.26666668057441711	0.3333333432674408	true	true	64	24	49	48	97	Preserved	true	Preserved
S11-linear-oklab	linear/oklab	5	0.3333333432674408	0.40000000596046448	true	true	64	16	33	32	65	Preserved	true	Preserved
S11-linear-oklab	linear/oklab	6	0.40000000596046448	0.46666666865348816	true	true	64	26	53	52	105	Preserved	true	Preserved
S11-linear-oklab	linear/oklab	7	0.46666666865348816	0.53333336114883423	true	true	32	15	31	30	61	Preserved	true	Preserved
S11-linear-oklab	linear/oklab	8	0.53333336114883423	0.60000002384185791	true	true	64	24	49	48	97	Preserved	true	Preserved
S11-linear-oklab	linear/oklab	9	0.60000002384185791	0.66666668653488159	true	true	64	16	33	32	65	Preserved	true	Preserved
S11-linear-oklab	linear/oklab	10	0.66666668653488159	0.73333334922790527	true	true	64	26	53	52	105	Preserved	true	Preserved
S11-linear-oklab	linear/oklab	11	0.73333334922790527	0.80000001192092896	true	true	32	15	31	30	61	Preserved	true	Preserved
S11-linear-oklab	linear/oklab	12	0.80000001192092896	0.86666667461395264	true	true	64	24	49	48	97	Preserved	true	Preserved
S11-linear-oklab	linear/oklab	13	0.86666667461395264	0.93333333730697632	true	true	64	16	33	32	65	Preserved	true	Preserved
S11-linear-oklab	linear/oklab	14	0.93333333730697632	1	true	true	64	26	53	52	105	Preserved	true	Preserved
S11-radial-oklab	radial/oklab	0	0	0.066666670143604279	true	true	64	24	49	48	97	Preserved	true	Preserved
S11-radial-oklab	radial/oklab	1	0.066666670143604279	0.13333334028720856	true	true	64	16	33	32	65	Preserved	true	Preserved
S11-radial-oklab	radial/oklab	2	0.13333334028720856	0.20000000298023224	true	true	64	26	53	52	105	Preserved	true	Preserved
S11-radial-oklab	radial/oklab	3	0.20000000298023224	0.26666668057441711	true	true	32	15	31	30	61	Preserved	true	Preserved
S11-radial-oklab	radial/oklab	4	0.26666668057441711	0.3333333432674408	true	true	64	24	49	48	97	Preserved	true	Preserved
S11-radial-oklab	radial/oklab	5	0.3333333432674408	0.40000000596046448	true	true	64	16	33	32	65	Preserved	true	Preserved
S11-radial-oklab	radial/oklab	6	0.40000000596046448	0.46666666865348816	true	true	64	26	53	52	105	Preserved	true	Preserved
S11-radial-oklab	radial/oklab	7	0.46666666865348816	0.53333336114883423	true	true	32	15	31	30	61	Preserved	true	Preserved
S11-radial-oklab	radial/oklab	8	0.53333336114883423	0.60000002384185791	true	true	64	24	49	48	97	Preserved	true	Preserved
S11-radial-oklab	radial/oklab	9	0.60000002384185791	0.66666668653488159	true	true	64	16	33	32	65	Preserved	true	Preserved
S11-radial-oklab	radial/oklab	10	0.66666668653488159	0.73333334922790527	true	true	64	26	53	52	105	Preserved	true	Preserved
S11-radial-oklab	radial/oklab	11	0.73333334922790527	0.80000001192092896	true	true	32	15	31	30	61	Preserved	true	Preserved
S11-radial-oklab	radial/oklab	12	0.80000001192092896	0.86666667461395264	true	true	64	24	49	48	97	Preserved	true	Preserved
S11-radial-oklab	radial/oklab	13	0.86666667461395264	0.93333333730697632	true	true	64	16	33	32	65	Preserved	true	Preserved
S11-radial-oklab	radial/oklab	14	0.93333333730697632	1	true	true	64	26	53	52	105	Preserved	true	Preserved
S11-linear-linear-rgb	linear/linear-rgb	0	0	0.066666670143604279	true	true	64	24	49	48	97	Preserved	true	Preserved
S11-linear-linear-rgb	linear/linear-rgb	1	0.066666670143604279	0.13333334028720856	true	true	64	19	39	38	77	Preserved	true	Preserved
S11-linear-linear-rgb	linear/linear-rgb	2	0.13333334028720856	0.20000000298023224	true	true	64	30	61	60	121	Preserved	true	Preserved
S11-linear-linear-rgb	linear/linear-rgb	3	0.20000000298023224	0.26666668057441711	true	true	64	19	39	38	77	Preserved	true	Preserved
S11-linear-linear-rgb	linear/linear-rgb	4	0.26666668057441711	0.3333333432674408	true	true	64	24	49	48	97	Preserved	true	Preserved
S11-linear-linear-rgb	linear/linear-rgb	5	0.3333333432674408	0.40000000596046448	true	true	64	19	39	38	77	Preserved	true	Preserved
S11-linear-linear-rgb	linear/linear-rgb	6	0.40000000596046448	0.46666666865348816	true	true	64	30	61	60	121	Preserved	true	Preserved
S11-linear-linear-rgb	linear/linear-rgb	7	0.46666666865348816	0.53333336114883423	true	true	64	19	39	38	77	Preserved	true	Preserved
S11-linear-linear-rgb	linear/linear-rgb	8	0.53333336114883423	0.60000002384185791	true	true	64	24	49	48	97	Preserved	true	Preserved
S11-linear-linear-rgb	linear/linear-rgb	9	0.60000002384185791	0.66666668653488159	true	true	64	19	39	38	77	Preserved	true	Preserved
S11-linear-linear-rgb	linear/linear-rgb	10	0.66666668653488159	0.73333334922790527	true	true	64	30	61	60	121	Preserved	true	Preserved
S11-linear-linear-rgb	linear/linear-rgb	11	0.73333334922790527	0.80000001192092896	true	true	64	19	39	38	77	Preserved	true	Preserved
S11-linear-linear-rgb	linear/linear-rgb	12	0.80000001192092896	0.86666667461395264	true	true	64	24	49	48	97	Preserved	true	Preserved
S11-linear-linear-rgb	linear/linear-rgb	13	0.86666667461395264	0.93333333730697632	true	true	64	19	39	38	77	Preserved	true	Preserved
S11-linear-linear-rgb	linear/linear-rgb	14	0.93333333730697632	1	true	true	64	30	61	60	121	Preserved	true	Preserved
S11-radial-linear-rgb	radial/linear-rgb	0	0	0.066666670143604279	true	true	64	24	49	48	97	Preserved	true	Preserved
S11-radial-linear-rgb	radial/linear-rgb	1	0.066666670143604279	0.13333334028720856	true	true	64	19	39	38	77	Preserved	true	Preserved
S11-radial-linear-rgb	radial/linear-rgb	2	0.13333334028720856	0.20000000298023224	true	true	64	30	61	60	121	Preserved	true	Preserved
S11-radial-linear-rgb	radial/linear-rgb	3	0.20000000298023224	0.26666668057441711	true	true	64	19	39	38	77	Preserved	true	Preserved
S11-radial-linear-rgb	radial/linear-rgb	4	0.26666668057441711	0.3333333432674408	true	true	64	24	49	48	97	Preserved	true	Preserved
S11-radial-linear-rgb	radial/linear-rgb	5	0.3333333432674408	0.40000000596046448	true	true	64	19	39	38	77	Preserved	true	Preserved
S11-radial-linear-rgb	radial/linear-rgb	6	0.40000000596046448	0.46666666865348816	true	true	64	30	61	60	121	Preserved	true	Preserved
S11-radial-linear-rgb	radial/linear-rgb	7	0.46666666865348816	0.53333336114883423	true	true	64	19	39	38	77	Preserved	true	Preserved
S11-radial-linear-rgb	radial/linear-rgb	8	0.53333336114883423	0.60000002384185791	true	true	64	24	49	48	97	Preserved	true	Preserved
S11-radial-linear-rgb	radial/linear-rgb	9	0.60000002384185791	0.66666668653488159	true	true	64	19	39	38	77	Preserved	true	Preserved
S11-radial-linear-rgb	radial/linear-rgb	10	0.66666668653488159	0.73333334922790527	true	true	64	30	61	60	121	Preserved	true	Preserved
S11-radial-linear-rgb	radial/linear-rgb	11	0.73333334922790527	0.80000001192092896	true	true	64	19	39	38	77	Preserved	true	Preserved
S11-radial-linear-rgb	radial/linear-rgb	12	0.80000001192092896	0.86666667461395264	true	true	64	24	49	48	97	Preserved	true	Preserved
S11-radial-linear-rgb	radial/linear-rgb	13	0.86666667461395264	0.93333333730697632	true	true	64	19	39	38	77	Preserved	true	Preserved
S11-radial-linear-rgb	radial/linear-rgb	14	0.93333333730697632	1	true	true	64	30	61	60	121	Preserved	true	Preserved
S12-linear-oklab	linear/oklab	0	0	0.010989011265337467	true	true	4	3	7	6	13	Preserved	true	Preserved
S12-linear-oklab	linear/oklab	1	0.010989011265337467	0.043956045061349869	true	true	32	10	21	20	41	Preserved	true	Preserved
S12-linear-oklab	linear/oklab	2	0.043956045061349869	0.09890110045671463	true	true	2	1	3	2	5	Preserved	true	Preserved
S12-linear-oklab	linear/oklab	3	0.09890110045671463	0.12087912112474442	true	true	16	5	11	10	21	Preserved	true	Preserved
S12-linear-oklab	linear/oklab	4	0.12087912112474442	0.16483516991138458	true	true	4	3	7	6	13	Preserved	true	Preserved
S12-linear-oklab	linear/oklab	5	0.16483516991138458	0.17582418024539948	true	true	32	10	21	20	41	Preserved	true	Preserved
S12-linear-oklab	linear/oklab	6	0.17582418024539948	0.20879121124744415	true	true	2	1	3	2	5	Preserved	true	Preserved
S12-linear-oklab	linear/oklab	7	0.20879121124744415	0.26373627781867981	true	true	16	5	11	10	21	Preserved	true	Preserved
S12-linear-oklab	linear/oklab	8	0.26373627781867981	0.28571429848670959	true	true	4	3	7	6	13	Preserved	true	Preserved
S12-linear-oklab	linear/oklab	9	0.28571429848670959	0.32967033982276917	true	true	32	10	21	20	41	Preserved	true	Preserved
S12-linear-oklab	linear/oklab	10	0.32967033982276917	0.34065935015678406	true	true	2	1	3	2	5	Preserved	true	Preserved
S12-linear-oklab	linear/oklab	11	0.34065935015678406	0.37362638115882874	true	true	16	5	11	10	21	Preserved	true	Preserved
S12-linear-oklab	linear/oklab	12	0.37362638115882874	0.4285714328289032	true	true	4	3	7	6	13	Preserved	true	Preserved
S12-linear-oklab	linear/oklab	13	0.4285714328289032	0.45054945349693298	true	true	32	10	21	20	41	Preserved	true	Preserved
S12-linear-oklab	linear/oklab	14	0.45054945349693298	0.49450549483299255	true	true	2	1	3	2	5	Preserved	true	Preserved
S12-linear-oklab	linear/oklab	15	0.49450549483299255	0.50549453496932983	true	true	16	5	11	10	21	Preserved	true	Preserved
S12-linear-oklab	linear/oklab	16	0.50549453496932983	0.53846156597137451	true	true	4	3	7	6	13	Preserved	true	Preserved
S12-linear-oklab	linear/oklab	17	0.53846156597137451	0.59340661764144897	true	true	32	10	21	20	41	Preserved	true	Preserved
S12-linear-oklab	linear/oklab	18	0.59340661764144897	0.61538463830947876	true	true	2	1	3	2	5	Preserved	true	Preserved
S12-linear-oklab	linear/oklab	19	0.61538463830947876	0.65934067964553833	true	true	16	5	11	10	21	Preserved	true	Preserved
S12-linear-oklab	linear/oklab	20	0.65934067964553833	0.67032968997955322	true	true	4	3	7	6	13	Preserved	true	Preserved
S12-linear-oklab	linear/oklab	21	0.67032968997955322	0.7032967209815979	true	true	32	10	21	20	41	Preserved	true	Preserved
S12-linear-oklab	linear/oklab	22	0.7032967209815979	0.75824177265167236	true	true	2	1	3	2	5	Preserved	true	Preserved
S12-linear-oklab	linear/oklab	23	0.75824177265167236	0.78021979331970215	true	true	16	5	11	10	21	Preserved	true	Preserved
S12-linear-oklab	linear/oklab	24	0.78021979331970215	0.82417583465576172	true	true	4	3	7	6	13	Preserved	true	Preserved
S12-linear-oklab	linear/oklab	25	0.82417583465576172	0.83516484498977661	true	true	32	10	21	20	41	Preserved	true	Preserved
S12-linear-oklab	linear/oklab	26	0.83516484498977661	0.86813187599182129	true	true	2	1	3	2	5	Preserved	true	Preserved
S12-linear-oklab	linear/oklab	27	0.86813187599182129	0.92307692766189575	true	true	16	5	11	10	21	Preserved	true	Preserved
S12-linear-oklab	linear/oklab	28	0.92307692766189575	0.94505494832992554	true	true	4	3	7	6	13	Preserved	true	Preserved
S12-linear-oklab	linear/oklab	29	0.94505494832992554	0.98901098966598511	true	true	32	10	21	20	41	Preserved	true	Preserved
S12-linear-oklab	linear/oklab	30	0.98901098966598511	1	true	true	2	1	3	2	5	Preserved	true	Preserved
S12-radial-oklab	radial/oklab	0	0	0.010989011265337467	true	true	4	3	7	6	13	Preserved	true	Preserved
S12-radial-oklab	radial/oklab	1	0.010989011265337467	0.043956045061349869	true	true	32	10	21	20	41	Preserved	true	Preserved
S12-radial-oklab	radial/oklab	2	0.043956045061349869	0.09890110045671463	true	true	2	1	3	2	5	Preserved	true	Preserved
S12-radial-oklab	radial/oklab	3	0.09890110045671463	0.12087912112474442	true	true	16	5	11	10	21	Preserved	true	Preserved
S12-radial-oklab	radial/oklab	4	0.12087912112474442	0.16483516991138458	true	true	4	3	7	6	13	Preserved	true	Preserved
S12-radial-oklab	radial/oklab	5	0.16483516991138458	0.17582418024539948	true	true	32	10	21	20	41	Preserved	true	Preserved
S12-radial-oklab	radial/oklab	6	0.17582418024539948	0.20879121124744415	true	true	2	1	3	2	5	Preserved	true	Preserved
S12-radial-oklab	radial/oklab	7	0.20879121124744415	0.26373627781867981	true	true	16	5	11	10	21	Preserved	true	Preserved
S12-radial-oklab	radial/oklab	8	0.26373627781867981	0.28571429848670959	true	true	4	3	7	6	13	Preserved	true	Preserved
S12-radial-oklab	radial/oklab	9	0.28571429848670959	0.32967033982276917	true	true	32	10	21	20	41	Preserved	true	Preserved
S12-radial-oklab	radial/oklab	10	0.32967033982276917	0.34065935015678406	true	true	2	1	3	2	5	Preserved	true	Preserved
S12-radial-oklab	radial/oklab	11	0.34065935015678406	0.37362638115882874	true	true	16	5	11	10	21	Preserved	true	Preserved
S12-radial-oklab	radial/oklab	12	0.37362638115882874	0.4285714328289032	true	true	4	3	7	6	13	Preserved	true	Preserved
S12-radial-oklab	radial/oklab	13	0.4285714328289032	0.45054945349693298	true	true	32	10	21	20	41	Preserved	true	Preserved
S12-radial-oklab	radial/oklab	14	0.45054945349693298	0.49450549483299255	true	true	2	1	3	2	5	Preserved	true	Preserved
S12-radial-oklab	radial/oklab	15	0.49450549483299255	0.50549453496932983	true	true	16	5	11	10	21	Preserved	true	Preserved
S12-radial-oklab	radial/oklab	16	0.50549453496932983	0.53846156597137451	true	true	4	3	7	6	13	Preserved	true	Preserved
S12-radial-oklab	radial/oklab	17	0.53846156597137451	0.59340661764144897	true	true	32	10	21	20	41	Preserved	true	Preserved
S12-radial-oklab	radial/oklab	18	0.59340661764144897	0.61538463830947876	true	true	2	1	3	2	5	Preserved	true	Preserved
S12-radial-oklab	radial/oklab	19	0.61538463830947876	0.65934067964553833	true	true	16	5	11	10	21	Preserved	true	Preserved
S12-radial-oklab	radial/oklab	20	0.65934067964553833	0.67032968997955322	true	true	4	3	7	6	13	Preserved	true	Preserved
S12-radial-oklab	radial/oklab	21	0.67032968997955322	0.7032967209815979	true	true	32	10	21	20	41	Preserved	true	Preserved
S12-radial-oklab	radial/oklab	22	0.7032967209815979	0.75824177265167236	true	true	2	1	3	2	5	Preserved	true	Preserved
S12-radial-oklab	radial/oklab	23	0.75824177265167236	0.78021979331970215	true	true	16	5	11	10	21	Preserved	true	Preserved
S12-radial-oklab	radial/oklab	24	0.78021979331970215	0.82417583465576172	true	true	4	3	7	6	13	Preserved	true	Preserved
S12-radial-oklab	radial/oklab	25	0.82417583465576172	0.83516484498977661	true	true	32	10	21	20	41	Preserved	true	Preserved
S12-radial-oklab	radial/oklab	26	0.83516484498977661	0.86813187599182129	true	true	2	1	3	2	5	Preserved	true	Preserved
S12-radial-oklab	radial/oklab	27	0.86813187599182129	0.92307692766189575	true	true	16	5	11	10	21	Preserved	true	Preserved
S12-radial-oklab	radial/oklab	28	0.92307692766189575	0.94505494832992554	true	true	4	3	7	6	13	Preserved	true	Preserved
S12-radial-oklab	radial/oklab	29	0.94505494832992554	0.98901098966598511	true	true	32	10	21	20	41	Preserved	true	Preserved
S12-radial-oklab	radial/oklab	30	0.98901098966598511	1	true	true	2	1	3	2	5	Preserved	true	Preserved
S12-linear-linear-rgb	linear/linear-rgb	0	0	0.010989011265337467	true	true	16	6	13	12	25	Preserved	true	Preserved
S12-linear-linear-rgb	linear/linear-rgb	1	0.010989011265337467	0.043956045061349869	true	true	64	13	27	26	53	Preserved	true	Preserved
S12-linear-linear-rgb	linear/linear-rgb	2	0.043956045061349869	0.09890110045671463	true	true	2	1	3	2	5	Preserved	true	Preserved
S12-linear-linear-rgb	linear/linear-rgb	3	0.09890110045671463	0.12087912112474442	true	true	64	14	29	28	57	Preserved	true	Preserved
S12-linear-linear-rgb	linear/linear-rgb	4	0.12087912112474442	0.16483516991138458	true	true	16	6	13	12	25	Preserved	true	Preserved
S12-linear-linear-rgb	linear/linear-rgb	5	0.16483516991138458	0.17582418024539948	true	true	64	13	27	26	53	Preserved	true	Preserved
S12-linear-linear-rgb	linear/linear-rgb	6	0.17582418024539948	0.20879121124744415	true	true	2	1	3	2	5	Preserved	true	Preserved
S12-linear-linear-rgb	linear/linear-rgb	7	0.20879121124744415	0.26373627781867981	true	true	64	14	29	28	57	Preserved	true	Preserved
S12-linear-linear-rgb	linear/linear-rgb	8	0.26373627781867981	0.28571429848670959	true	true	16	6	13	12	25	Preserved	true	Preserved
S12-linear-linear-rgb	linear/linear-rgb	9	0.28571429848670959	0.32967033982276917	true	true	64	13	27	26	53	Preserved	true	Preserved
S12-linear-linear-rgb	linear/linear-rgb	10	0.32967033982276917	0.34065935015678406	true	true	2	1	3	2	5	Preserved	true	Preserved
S12-linear-linear-rgb	linear/linear-rgb	11	0.34065935015678406	0.37362638115882874	true	true	64	14	29	28	57	Preserved	true	Preserved
S12-linear-linear-rgb	linear/linear-rgb	12	0.37362638115882874	0.4285714328289032	true	true	16	6	13	12	25	Preserved	true	Preserved
S12-linear-linear-rgb	linear/linear-rgb	13	0.4285714328289032	0.45054945349693298	true	true	64	13	27	26	53	Preserved	true	Preserved
S12-linear-linear-rgb	linear/linear-rgb	14	0.45054945349693298	0.49450549483299255	true	true	2	1	3	2	5	Preserved	true	Preserved
S12-linear-linear-rgb	linear/linear-rgb	15	0.49450549483299255	0.50549453496932983	true	true	64	14	29	28	57	Preserved	true	Preserved
S12-linear-linear-rgb	linear/linear-rgb	16	0.50549453496932983	0.53846156597137451	true	true	16	6	13	12	25	Preserved	true	Preserved
S12-linear-linear-rgb	linear/linear-rgb	17	0.53846156597137451	0.59340661764144897	true	true	64	13	27	26	53	Preserved	true	Preserved
S12-linear-linear-rgb	linear/linear-rgb	18	0.59340661764144897	0.61538463830947876	true	true	2	1	3	2	5	Preserved	true	Preserved
S12-linear-linear-rgb	linear/linear-rgb	19	0.61538463830947876	0.65934067964553833	true	true	64	14	29	28	57	Preserved	true	Preserved
S12-linear-linear-rgb	linear/linear-rgb	20	0.65934067964553833	0.67032968997955322	true	true	16	6	13	12	25	Preserved	true	Preserved
S12-linear-linear-rgb	linear/linear-rgb	21	0.67032968997955322	0.7032967209815979	true	true	64	13	27	26	53	Preserved	true	Preserved
S12-linear-linear-rgb	linear/linear-rgb	22	0.7032967209815979	0.75824177265167236	true	true	2	1	3	2	5	Preserved	true	Preserved
S12-linear-linear-rgb	linear/linear-rgb	23	0.75824177265167236	0.78021979331970215	true	true	64	14	29	28	57	Preserved	true	Preserved
S12-linear-linear-rgb	linear/linear-rgb	24	0.78021979331970215	0.82417583465576172	true	true	16	6	13	12	25	Preserved	true	Preserved
S12-linear-linear-rgb	linear/linear-rgb	25	0.82417583465576172	0.83516484498977661	true	true	64	13	27	26	53	Preserved	true	Preserved
S12-linear-linear-rgb	linear/linear-rgb	26	0.83516484498977661	0.86813187599182129	true	true	2	1	3	2	5	Preserved	true	Preserved
S12-linear-linear-rgb	linear/linear-rgb	27	0.86813187599182129	0.92307692766189575	true	true	64	14	29	28	57	Preserved	true	Preserved
S12-linear-linear-rgb	linear/linear-rgb	28	0.92307692766189575	0.94505494832992554	true	true	16	6	13	12	25	Preserved	true	Preserved
S12-linear-linear-rgb	linear/linear-rgb	29	0.94505494832992554	0.98901098966598511	true	true	64	13	27	26	53	Preserved	true	Preserved
S12-linear-linear-rgb	linear/linear-rgb	30	0.98901098966598511	1	true	true	2	1	3	2	5	Preserved	true	Preserved
S12-radial-linear-rgb	radial/linear-rgb	0	0	0.010989011265337467	true	true	16	6	13	12	25	Preserved	true	Preserved
S12-radial-linear-rgb	radial/linear-rgb	1	0.010989011265337467	0.043956045061349869	true	true	64	13	27	26	53	Preserved	true	Preserved
S12-radial-linear-rgb	radial/linear-rgb	2	0.043956045061349869	0.09890110045671463	true	true	2	1	3	2	5	Preserved	true	Preserved
S12-radial-linear-rgb	radial/linear-rgb	3	0.09890110045671463	0.12087912112474442	true	true	64	14	29	28	57	Preserved	true	Preserved
S12-radial-linear-rgb	radial/linear-rgb	4	0.12087912112474442	0.16483516991138458	true	true	16	6	13	12	25	Preserved	true	Preserved
S12-radial-linear-rgb	radial/linear-rgb	5	0.16483516991138458	0.17582418024539948	true	true	64	13	27	26	53	Preserved	true	Preserved
S12-radial-linear-rgb	radial/linear-rgb	6	0.17582418024539948	0.20879121124744415	true	true	2	1	3	2	5	Preserved	true	Preserved
S12-radial-linear-rgb	radial/linear-rgb	7	0.20879121124744415	0.26373627781867981	true	true	64	14	29	28	57	Preserved	true	Preserved
S12-radial-linear-rgb	radial/linear-rgb	8	0.26373627781867981	0.28571429848670959	true	true	16	6	13	12	25	Preserved	true	Preserved
S12-radial-linear-rgb	radial/linear-rgb	9	0.28571429848670959	0.32967033982276917	true	true	64	13	27	26	53	Preserved	true	Preserved
S12-radial-linear-rgb	radial/linear-rgb	10	0.32967033982276917	0.34065935015678406	true	true	2	1	3	2	5	Preserved	true	Preserved
S12-radial-linear-rgb	radial/linear-rgb	11	0.34065935015678406	0.37362638115882874	true	true	64	14	29	28	57	Preserved	true	Preserved
S12-radial-linear-rgb	radial/linear-rgb	12	0.37362638115882874	0.4285714328289032	true	true	16	6	13	12	25	Preserved	true	Preserved
S12-radial-linear-rgb	radial/linear-rgb	13	0.4285714328289032	0.45054945349693298	true	true	64	13	27	26	53	Preserved	true	Preserved
S12-radial-linear-rgb	radial/linear-rgb	14	0.45054945349693298	0.49450549483299255	true	true	2	1	3	2	5	Preserved	true	Preserved
S12-radial-linear-rgb	radial/linear-rgb	15	0.49450549483299255	0.50549453496932983	true	true	64	14	29	28	57	Preserved	true	Preserved
S12-radial-linear-rgb	radial/linear-rgb	16	0.50549453496932983	0.53846156597137451	true	true	16	6	13	12	25	Preserved	true	Preserved
S12-radial-linear-rgb	radial/linear-rgb	17	0.53846156597137451	0.59340661764144897	true	true	64	13	27	26	53	Preserved	true	Preserved
S12-radial-linear-rgb	radial/linear-rgb	18	0.59340661764144897	0.61538463830947876	true	true	2	1	3	2	5	Preserved	true	Preserved
S12-radial-linear-rgb	radial/linear-rgb	19	0.61538463830947876	0.65934067964553833	true	true	64	14	29	28	57	Preserved	true	Preserved
S12-radial-linear-rgb	radial/linear-rgb	20	0.65934067964553833	0.67032968997955322	true	true	16	6	13	12	25	Preserved	true	Preserved
S12-radial-linear-rgb	radial/linear-rgb	21	0.67032968997955322	0.7032967209815979	true	true	64	13	27	26	53	Preserved	true	Preserved
S12-radial-linear-rgb	radial/linear-rgb	22	0.7032967209815979	0.75824177265167236	true	true	2	1	3	2	5	Preserved	true	Preserved
S12-radial-linear-rgb	radial/linear-rgb	23	0.75824177265167236	0.78021979331970215	true	true	64	14	29	28	57	Preserved	true	Preserved
S12-radial-linear-rgb	radial/linear-rgb	24	0.78021979331970215	0.82417583465576172	true	true	16	6	13	12	25	Preserved	true	Preserved
S12-radial-linear-rgb	radial/linear-rgb	25	0.82417583465576172	0.83516484498977661	true	true	64	13	27	26	53	Preserved	true	Preserved
S12-radial-linear-rgb	radial/linear-rgb	26	0.83516484498977661	0.86813187599182129	true	true	2	1	3	2	5	Preserved	true	Preserved
S12-radial-linear-rgb	radial/linear-rgb	27	0.86813187599182129	0.92307692766189575	true	true	64	14	29	28	57	Preserved	true	Preserved
S12-radial-linear-rgb	radial/linear-rgb	28	0.92307692766189575	0.94505494832992554	true	true	16	6	13	12	25	Preserved	true	Preserved
S12-radial-linear-rgb	radial/linear-rgb	29	0.94505494832992554	0.98901098966598511	true	true	64	13	27	26	53	Preserved	true	Preserved
S12-radial-linear-rgb	radial/linear-rgb	30	0.98901098966598511	1	true	true	2	1	3	2	5	Preserved	true	Preserved
S13-linear-oklab	linear/oklab	0	0	0.5	true	false	0	0	0	0	0	Preserved	true	Preserved
S13-linear-oklab	linear/oklab	1	0.5	0.5	false	false	0	0	0	0	0	Preserved	true	Preserved
S13-linear-oklab	linear/oklab	2	0.5	1	true	false	0	0	0	0	0	Preserved	true	Preserved
S13-radial-oklab	radial/oklab	0	0	0.5	true	false	0	0	0	0	0	Preserved	true	Preserved
S13-radial-oklab	radial/oklab	1	0.5	0.5	false	false	0	0	0	0	0	Preserved	true	Preserved
S13-radial-oklab	radial/oklab	2	0.5	1	true	false	0	0	0	0	0	Preserved	true	Preserved
S13-linear-linear-rgb	linear/linear-rgb	0	0	0.5	true	false	0	0	0	0	0	Preserved	true	Preserved
S13-linear-linear-rgb	linear/linear-rgb	1	0.5	0.5	false	false	0	0	0	0	0	Preserved	true	Preserved
S13-linear-linear-rgb	linear/linear-rgb	2	0.5	1	true	false	0	0	0	0	0	Preserved	true	Preserved
S13-radial-linear-rgb	radial/linear-rgb	0	0	0.5	true	false	0	0	0	0	0	Preserved	true	Preserved
S13-radial-linear-rgb	radial/linear-rgb	1	0.5	0.5	false	false	0	0	0	0	0	Preserved	true	Preserved
S13-radial-linear-rgb	radial/linear-rgb	2	0.5	1	true	false	0	0	0	0	0	Preserved	true	Preserved
S14-linear-oklab	linear/oklab	0	0	0.3333333432674408	true	false	0	0	0	0	0	Preserved	true	Preserved
S14-linear-oklab	linear/oklab	1	0.3333333432674408	0.3333333432674408	false	false	0	0	0	0	0	Preserved	true	Preserved
S14-linear-oklab	linear/oklab	2	0.3333333432674408	0.66666668653488159	true	false	0	0	0	0	0	Preserved	true	Preserved
S14-linear-oklab	linear/oklab	3	0.66666668653488159	0.66666668653488159	false	false	0	0	0	0	0	Preserved	true	Preserved
S14-linear-oklab	linear/oklab	4	0.66666668653488159	1	true	false	0	0	0	0	0	Preserved	true	Preserved
S14-radial-oklab	radial/oklab	0	0	0.3333333432674408	true	false	0	0	0	0	0	Preserved	true	Preserved
S14-radial-oklab	radial/oklab	1	0.3333333432674408	0.3333333432674408	false	false	0	0	0	0	0	Preserved	true	Preserved
S14-radial-oklab	radial/oklab	2	0.3333333432674408	0.66666668653488159	true	false	0	0	0	0	0	Preserved	true	Preserved
S14-radial-oklab	radial/oklab	3	0.66666668653488159	0.66666668653488159	false	false	0	0	0	0	0	Preserved	true	Preserved
S14-radial-oklab	radial/oklab	4	0.66666668653488159	1	true	false	0	0	0	0	0	Preserved	true	Preserved
S14-linear-linear-rgb	linear/linear-rgb	0	0	0.3333333432674408	true	false	0	0	0	0	0	Preserved	true	Preserved
S14-linear-linear-rgb	linear/linear-rgb	1	0.3333333432674408	0.3333333432674408	false	false	0	0	0	0	0	Preserved	true	Preserved
S14-linear-linear-rgb	linear/linear-rgb	2	0.3333333432674408	0.66666668653488159	true	false	0	0	0	0	0	Preserved	true	Preserved
S14-linear-linear-rgb	linear/linear-rgb	3	0.66666668653488159	0.66666668653488159	false	false	0	0	0	0	0	Preserved	true	Preserved
S14-linear-linear-rgb	linear/linear-rgb	4	0.66666668653488159	1	true	false	0	0	0	0	0	Preserved	true	Preserved
S14-radial-linear-rgb	radial/linear-rgb	0	0	0.3333333432674408	true	false	0	0	0	0	0	Preserved	true	Preserved
S14-radial-linear-rgb	radial/linear-rgb	1	0.3333333432674408	0.3333333432674408	false	false	0	0	0	0	0	Preserved	true	Preserved
S14-radial-linear-rgb	radial/linear-rgb	2	0.3333333432674408	0.66666668653488159	true	false	0	0	0	0	0	Preserved	true	Preserved
S14-radial-linear-rgb	radial/linear-rgb	3	0.66666668653488159	0.66666668653488159	false	false	0	0	0	0	0	Preserved	true	Preserved
S14-radial-linear-rgb	radial/linear-rgb	4	0.66666668653488159	1	true	false	0	0	0	0	0	Preserved	true	Preserved
S15-linear-oklab	linear/oklab	0	0	0.125	true	false	0	0	0	0	0	Preserved	true	Preserved
S15-linear-oklab	linear/oklab	1	0.125	0.125	false	false	0	0	0	0	0	Preserved	true	Preserved
S15-linear-oklab	linear/oklab	2	0.125	0.25	true	false	0	0	0	0	0	Preserved	true	Preserved
S15-linear-oklab	linear/oklab	3	0.25	0.25	false	false	0	0	0	0	0	Preserved	true	Preserved
S15-linear-oklab	linear/oklab	4	0.25	0.375	true	false	0	0	0	0	0	Preserved	true	Preserved
S15-linear-oklab	linear/oklab	5	0.375	0.375	false	false	0	0	0	0	0	Preserved	true	Preserved
S15-linear-oklab	linear/oklab	6	0.375	0.5	true	false	0	0	0	0	0	Preserved	true	Preserved
S15-linear-oklab	linear/oklab	7	0.5	0.5	false	false	0	0	0	0	0	Preserved	true	Preserved
S15-linear-oklab	linear/oklab	8	0.5	0.625	true	false	0	0	0	0	0	Preserved	true	Preserved
S15-linear-oklab	linear/oklab	9	0.625	0.625	false	false	0	0	0	0	0	Preserved	true	Preserved
S15-linear-oklab	linear/oklab	10	0.625	0.75	true	false	0	0	0	0	0	Preserved	true	Preserved
S15-linear-oklab	linear/oklab	11	0.75	0.75	false	false	0	0	0	0	0	Preserved	true	Preserved
S15-linear-oklab	linear/oklab	12	0.75	0.875	true	false	0	0	0	0	0	Preserved	true	Preserved
S15-linear-oklab	linear/oklab	13	0.875	0.875	false	false	0	0	0	0	0	Preserved	true	Preserved
S15-linear-oklab	linear/oklab	14	0.875	1	true	false	0	0	0	0	0	Preserved	true	Preserved
S15-radial-oklab	radial/oklab	0	0	0.125	true	false	0	0	0	0	0	Preserved	true	Preserved
S15-radial-oklab	radial/oklab	1	0.125	0.125	false	false	0	0	0	0	0	Preserved	true	Preserved
S15-radial-oklab	radial/oklab	2	0.125	0.25	true	false	0	0	0	0	0	Preserved	true	Preserved
S15-radial-oklab	radial/oklab	3	0.25	0.25	false	false	0	0	0	0	0	Preserved	true	Preserved
S15-radial-oklab	radial/oklab	4	0.25	0.375	true	false	0	0	0	0	0	Preserved	true	Preserved
S15-radial-oklab	radial/oklab	5	0.375	0.375	false	false	0	0	0	0	0	Preserved	true	Preserved
S15-radial-oklab	radial/oklab	6	0.375	0.5	true	false	0	0	0	0	0	Preserved	true	Preserved
S15-radial-oklab	radial/oklab	7	0.5	0.5	false	false	0	0	0	0	0	Preserved	true	Preserved
S15-radial-oklab	radial/oklab	8	0.5	0.625	true	false	0	0	0	0	0	Preserved	true	Preserved
S15-radial-oklab	radial/oklab	9	0.625	0.625	false	false	0	0	0	0	0	Preserved	true	Preserved
S15-radial-oklab	radial/oklab	10	0.625	0.75	true	false	0	0	0	0	0	Preserved	true	Preserved
S15-radial-oklab	radial/oklab	11	0.75	0.75	false	false	0	0	0	0	0	Preserved	true	Preserved
S15-radial-oklab	radial/oklab	12	0.75	0.875	true	false	0	0	0	0	0	Preserved	true	Preserved
S15-radial-oklab	radial/oklab	13	0.875	0.875	false	false	0	0	0	0	0	Preserved	true	Preserved
S15-radial-oklab	radial/oklab	14	0.875	1	true	false	0	0	0	0	0	Preserved	true	Preserved
S15-linear-linear-rgb	linear/linear-rgb	0	0	0.125	true	false	0	0	0	0	0	Preserved	true	Preserved
S15-linear-linear-rgb	linear/linear-rgb	1	0.125	0.125	false	false	0	0	0	0	0	Preserved	true	Preserved
S15-linear-linear-rgb	linear/linear-rgb	2	0.125	0.25	true	false	0	0	0	0	0	Preserved	true	Preserved
S15-linear-linear-rgb	linear/linear-rgb	3	0.25	0.25	false	false	0	0	0	0	0	Preserved	true	Preserved
S15-linear-linear-rgb	linear/linear-rgb	4	0.25	0.375	true	false	0	0	0	0	0	Preserved	true	Preserved
S15-linear-linear-rgb	linear/linear-rgb	5	0.375	0.375	false	false	0	0	0	0	0	Preserved	true	Preserved
S15-linear-linear-rgb	linear/linear-rgb	6	0.375	0.5	true	false	0	0	0	0	0	Preserved	true	Preserved
S15-linear-linear-rgb	linear/linear-rgb	7	0.5	0.5	false	false	0	0	0	0	0	Preserved	true	Preserved
S15-linear-linear-rgb	linear/linear-rgb	8	0.5	0.625	true	false	0	0	0	0	0	Preserved	true	Preserved
S15-linear-linear-rgb	linear/linear-rgb	9	0.625	0.625	false	false	0	0	0	0	0	Preserved	true	Preserved
S15-linear-linear-rgb	linear/linear-rgb	10	0.625	0.75	true	false	0	0	0	0	0	Preserved	true	Preserved
S15-linear-linear-rgb	linear/linear-rgb	11	0.75	0.75	false	false	0	0	0	0	0	Preserved	true	Preserved
S15-linear-linear-rgb	linear/linear-rgb	12	0.75	0.875	true	false	0	0	0	0	0	Preserved	true	Preserved
S15-linear-linear-rgb	linear/linear-rgb	13	0.875	0.875	false	false	0	0	0	0	0	Preserved	true	Preserved
S15-linear-linear-rgb	linear/linear-rgb	14	0.875	1	true	false	0	0	0	0	0	Preserved	true	Preserved
S15-radial-linear-rgb	radial/linear-rgb	0	0	0.125	true	false	0	0	0	0	0	Preserved	true	Preserved
S15-radial-linear-rgb	radial/linear-rgb	1	0.125	0.125	false	false	0	0	0	0	0	Preserved	true	Preserved
S15-radial-linear-rgb	radial/linear-rgb	2	0.125	0.25	true	false	0	0	0	0	0	Preserved	true	Preserved
S15-radial-linear-rgb	radial/linear-rgb	3	0.25	0.25	false	false	0	0	0	0	0	Preserved	true	Preserved
S15-radial-linear-rgb	radial/linear-rgb	4	0.25	0.375	true	false	0	0	0	0	0	Preserved	true	Preserved
S15-radial-linear-rgb	radial/linear-rgb	5	0.375	0.375	false	false	0	0	0	0	0	Preserved	true	Preserved
S15-radial-linear-rgb	radial/linear-rgb	6	0.375	0.5	true	false	0	0	0	0	0	Preserved	true	Preserved
S15-radial-linear-rgb	radial/linear-rgb	7	0.5	0.5	false	false	0	0	0	0	0	Preserved	true	Preserved
S15-radial-linear-rgb	radial/linear-rgb	8	0.5	0.625	true	false	0	0	0	0	0	Preserved	true	Preserved
S15-radial-linear-rgb	radial/linear-rgb	9	0.625	0.625	false	false	0	0	0	0	0	Preserved	true	Preserved
S15-radial-linear-rgb	radial/linear-rgb	10	0.625	0.75	true	false	0	0	0	0	0	Preserved	true	Preserved
S15-radial-linear-rgb	radial/linear-rgb	11	0.75	0.75	false	false	0	0	0	0	0	Preserved	true	Preserved
S15-radial-linear-rgb	radial/linear-rgb	12	0.75	0.875	true	false	0	0	0	0	0	Preserved	true	Preserved
S15-radial-linear-rgb	radial/linear-rgb	13	0.875	0.875	false	false	0	0	0	0	0	Preserved	true	Preserved
S15-radial-linear-rgb	radial/linear-rgb	14	0.875	1	true	false	0	0	0	0	0	Preserved	true	Preserved
S16-linear-oklab	linear/oklab	0	0	0.1666666716337204	true	true	64	24	49	48	97	Preserved	true	Preserved
S16-linear-oklab	linear/oklab	1	0.1666666716337204	0.3333333432674408	true	true	64	16	33	32	65	Preserved	true	Preserved
S16-linear-oklab	linear/oklab	2	0.3333333432674408	0.5	true	true	64	26	53	52	105	Preserved	true	Preserved
S16-linear-oklab	linear/oklab	3	0.5	0.5	false	false	0	0	0	0	0	Preserved	true	Preserved
S16-linear-oklab	linear/oklab	4	0.5	0.66666668653488159	true	true	64	24	49	48	97	Preserved	true	Preserved
S16-linear-oklab	linear/oklab	5	0.66666668653488159	0.83333337306976318	true	true	64	16	33	32	65	Preserved	true	Preserved
S16-linear-oklab	linear/oklab	6	0.83333337306976318	1	true	true	64	26	53	52	105	Preserved	true	Preserved
S16-radial-oklab	radial/oklab	0	0	0.1666666716337204	true	true	64	24	49	48	97	Preserved	true	Preserved
S16-radial-oklab	radial/oklab	1	0.1666666716337204	0.3333333432674408	true	true	64	16	33	32	65	Preserved	true	Preserved
S16-radial-oklab	radial/oklab	2	0.3333333432674408	0.5	true	true	64	26	53	52	105	Preserved	true	Preserved
S16-radial-oklab	radial/oklab	3	0.5	0.5	false	false	0	0	0	0	0	Preserved	true	Preserved
S16-radial-oklab	radial/oklab	4	0.5	0.66666668653488159	true	true	64	24	49	48	97	Preserved	true	Preserved
S16-radial-oklab	radial/oklab	5	0.66666668653488159	0.83333337306976318	true	true	64	16	33	32	65	Preserved	true	Preserved
S16-radial-oklab	radial/oklab	6	0.83333337306976318	1	true	true	64	26	53	52	105	Preserved	true	Preserved
S16-linear-linear-rgb	linear/linear-rgb	0	0	0.1666666716337204	true	true	64	24	49	48	97	Preserved	true	Preserved
S16-linear-linear-rgb	linear/linear-rgb	1	0.1666666716337204	0.3333333432674408	true	true	64	19	39	38	77	Preserved	true	Preserved
S16-linear-linear-rgb	linear/linear-rgb	2	0.3333333432674408	0.5	true	true	64	30	61	60	121	Preserved	true	Preserved
S16-linear-linear-rgb	linear/linear-rgb	3	0.5	0.5	false	false	0	0	0	0	0	Preserved	true	Preserved
S16-linear-linear-rgb	linear/linear-rgb	4	0.5	0.66666668653488159	true	true	64	24	49	48	97	Preserved	true	Preserved
S16-linear-linear-rgb	linear/linear-rgb	5	0.66666668653488159	0.83333337306976318	true	true	64	19	39	38	77	Preserved	true	Preserved
S16-linear-linear-rgb	linear/linear-rgb	6	0.83333337306976318	1	true	true	64	30	61	60	121	Preserved	true	Preserved
S16-radial-linear-rgb	radial/linear-rgb	0	0	0.1666666716337204	true	true	64	24	49	48	97	Preserved	true	Preserved
S16-radial-linear-rgb	radial/linear-rgb	1	0.1666666716337204	0.3333333432674408	true	true	64	19	39	38	77	Preserved	true	Preserved
S16-radial-linear-rgb	radial/linear-rgb	2	0.3333333432674408	0.5	true	true	64	30	61	60	121	Preserved	true	Preserved
S16-radial-linear-rgb	radial/linear-rgb	3	0.5	0.5	false	false	0	0	0	0	0	Preserved	true	Preserved
S16-radial-linear-rgb	radial/linear-rgb	4	0.5	0.66666668653488159	true	true	64	24	49	48	97	Preserved	true	Preserved
S16-radial-linear-rgb	radial/linear-rgb	5	0.66666668653488159	0.83333337306976318	true	true	64	19	39	38	77	Preserved	true	Preserved
S16-radial-linear-rgb	radial/linear-rgb	6	0.83333337306976318	1	true	true	64	30	61	60	121	Preserved	true	Preserved
S17-linear-oklab	linear/oklab	0	0	0.0555555559694767	true	true	4	3	7	6	13	Preserved	true	Preserved
S17-linear-oklab	linear/oklab	1	0.0555555559694767	0.2222222238779068	true	true	32	10	21	20	41	Preserved	true	Preserved
S17-linear-oklab	linear/oklab	2	0.2222222238779068	0.5	true	true	2	1	3	2	5	Preserved	true	Preserved
S17-linear-oklab	linear/oklab	3	0.5	0.77777779102325439	true	true	2	1	3	2	5	Preserved	true	Preserved
S17-linear-oklab	linear/oklab	4	0.77777779102325439	0.94444441795349121	true	true	32	10	21	20	41	Preserved	true	Preserved
S17-linear-oklab	linear/oklab	5	0.94444441795349121	1	true	true	4	3	7	6	13	Preserved	true	Preserved
S17-radial-oklab	radial/oklab	0	0	0.0555555559694767	true	true	4	3	7	6	13	Preserved	true	Preserved
S17-radial-oklab	radial/oklab	1	0.0555555559694767	0.2222222238779068	true	true	32	10	21	20	41	Preserved	true	Preserved
S17-radial-oklab	radial/oklab	2	0.2222222238779068	0.5	true	true	2	1	3	2	5	Preserved	true	Preserved
S17-radial-oklab	radial/oklab	3	0.5	0.77777779102325439	true	true	2	1	3	2	5	Preserved	true	Preserved
S17-radial-oklab	radial/oklab	4	0.77777779102325439	0.94444441795349121	true	true	32	10	21	20	41	Preserved	true	Preserved
S17-radial-oklab	radial/oklab	5	0.94444441795349121	1	true	true	4	3	7	6	13	Preserved	true	Preserved
S17-linear-linear-rgb	linear/linear-rgb	0	0	0.0555555559694767	true	true	16	6	13	12	25	Preserved	true	Preserved
S17-linear-linear-rgb	linear/linear-rgb	1	0.0555555559694767	0.2222222238779068	true	true	64	13	27	26	53	Preserved	true	Preserved
S17-linear-linear-rgb	linear/linear-rgb	2	0.2222222238779068	0.5	true	true	2	1	3	2	5	Preserved	true	Preserved
S17-linear-linear-rgb	linear/linear-rgb	3	0.5	0.77777779102325439	true	true	2	1	3	2	5	Preserved	true	Preserved
S17-linear-linear-rgb	linear/linear-rgb	4	0.77777779102325439	0.94444441795349121	true	true	64	13	27	26	53	Preserved	true	Preserved
S17-linear-linear-rgb	linear/linear-rgb	5	0.94444441795349121	1	true	true	16	6	13	12	25	Preserved	true	Preserved
S17-radial-linear-rgb	radial/linear-rgb	0	0	0.0555555559694767	true	true	16	6	13	12	25	Preserved	true	Preserved
S17-radial-linear-rgb	radial/linear-rgb	1	0.0555555559694767	0.2222222238779068	true	true	64	13	27	26	53	Preserved	true	Preserved
S17-radial-linear-rgb	radial/linear-rgb	2	0.2222222238779068	0.5	true	true	2	1	3	2	5	Preserved	true	Preserved
S17-radial-linear-rgb	radial/linear-rgb	3	0.5	0.77777779102325439	true	true	2	1	3	2	5	Preserved	true	Preserved
S17-radial-linear-rgb	radial/linear-rgb	4	0.77777779102325439	0.94444441795349121	true	true	64	13	27	26	53	Preserved	true	Preserved
S17-radial-linear-rgb	radial/linear-rgb	5	0.94444441795349121	1	true	true	16	6	13	12	25	Preserved	true	Preserved
S18-linear-oklab	linear/oklab	0	0	0.0625	true	false	0	0	0	0	0	Preserved	true	Preserved
S18-linear-oklab	linear/oklab	1	0.0625	0.0625	false	false	0	0	0	0	0	Preserved	true	Preserved
S18-linear-oklab	linear/oklab	2	0.0625	0.125	true	false	0	0	0	0	0	Preserved	true	Preserved
S18-linear-oklab	linear/oklab	3	0.125	0.125	false	false	0	0	0	0	0	Preserved	true	Preserved
S18-linear-oklab	linear/oklab	4	0.125	0.1875	true	false	0	0	0	0	0	Preserved	true	Preserved
S18-linear-oklab	linear/oklab	5	0.1875	0.1875	false	false	0	0	0	0	0	Preserved	true	Preserved
S18-linear-oklab	linear/oklab	6	0.1875	0.25	true	false	0	0	0	0	0	Preserved	true	Preserved
S18-linear-oklab	linear/oklab	7	0.25	0.25	false	false	0	0	0	0	0	Preserved	true	Preserved
S18-linear-oklab	linear/oklab	8	0.25	0.3125	true	false	0	0	0	0	0	Preserved	true	Preserved
S18-linear-oklab	linear/oklab	9	0.3125	0.3125	false	false	0	0	0	0	0	Preserved	true	Preserved
S18-linear-oklab	linear/oklab	10	0.3125	0.375	true	false	0	0	0	0	0	Preserved	true	Preserved
S18-linear-oklab	linear/oklab	11	0.375	0.375	false	false	0	0	0	0	0	Preserved	true	Preserved
S18-linear-oklab	linear/oklab	12	0.375	0.4375	true	false	0	0	0	0	0	Preserved	true	Preserved
S18-linear-oklab	linear/oklab	13	0.4375	0.4375	false	false	0	0	0	0	0	Preserved	true	Preserved
S18-linear-oklab	linear/oklab	14	0.4375	0.5	true	false	0	0	0	0	0	Preserved	true	Preserved
S18-linear-oklab	linear/oklab	15	0.5	0.5625	true	false	0	0	0	0	0	Preserved	true	Preserved
S18-linear-oklab	linear/oklab	16	0.5625	0.5625	false	false	0	0	0	0	0	Preserved	true	Preserved
S18-linear-oklab	linear/oklab	17	0.5625	0.625	true	false	0	0	0	0	0	Preserved	true	Preserved
S18-linear-oklab	linear/oklab	18	0.625	0.625	false	false	0	0	0	0	0	Preserved	true	Preserved
S18-linear-oklab	linear/oklab	19	0.625	0.6875	true	false	0	0	0	0	0	Preserved	true	Preserved
S18-linear-oklab	linear/oklab	20	0.6875	0.6875	false	false	0	0	0	0	0	Preserved	true	Preserved
S18-linear-oklab	linear/oklab	21	0.6875	0.75	true	false	0	0	0	0	0	Preserved	true	Preserved
S18-linear-oklab	linear/oklab	22	0.75	0.75	false	false	0	0	0	0	0	Preserved	true	Preserved
S18-linear-oklab	linear/oklab	23	0.75	0.8125	true	false	0	0	0	0	0	Preserved	true	Preserved
S18-linear-oklab	linear/oklab	24	0.8125	0.8125	false	false	0	0	0	0	0	Preserved	true	Preserved
S18-linear-oklab	linear/oklab	25	0.8125	0.875	true	false	0	0	0	0	0	Preserved	true	Preserved
S18-linear-oklab	linear/oklab	26	0.875	0.875	false	false	0	0	0	0	0	Preserved	true	Preserved
S18-linear-oklab	linear/oklab	27	0.875	0.9375	true	false	0	0	0	0	0	Preserved	true	Preserved
S18-linear-oklab	linear/oklab	28	0.9375	0.9375	false	false	0	0	0	0	0	Preserved	true	Preserved
S18-linear-oklab	linear/oklab	29	0.9375	1	true	false	0	0	0	0	0	Preserved	true	Preserved
S18-radial-oklab	radial/oklab	0	0	0.0625	true	false	0	0	0	0	0	Preserved	true	Preserved
S18-radial-oklab	radial/oklab	1	0.0625	0.0625	false	false	0	0	0	0	0	Preserved	true	Preserved
S18-radial-oklab	radial/oklab	2	0.0625	0.125	true	false	0	0	0	0	0	Preserved	true	Preserved
S18-radial-oklab	radial/oklab	3	0.125	0.125	false	false	0	0	0	0	0	Preserved	true	Preserved
S18-radial-oklab	radial/oklab	4	0.125	0.1875	true	false	0	0	0	0	0	Preserved	true	Preserved
S18-radial-oklab	radial/oklab	5	0.1875	0.1875	false	false	0	0	0	0	0	Preserved	true	Preserved
S18-radial-oklab	radial/oklab	6	0.1875	0.25	true	false	0	0	0	0	0	Preserved	true	Preserved
S18-radial-oklab	radial/oklab	7	0.25	0.25	false	false	0	0	0	0	0	Preserved	true	Preserved
S18-radial-oklab	radial/oklab	8	0.25	0.3125	true	false	0	0	0	0	0	Preserved	true	Preserved
S18-radial-oklab	radial/oklab	9	0.3125	0.3125	false	false	0	0	0	0	0	Preserved	true	Preserved
S18-radial-oklab	radial/oklab	10	0.3125	0.375	true	false	0	0	0	0	0	Preserved	true	Preserved
S18-radial-oklab	radial/oklab	11	0.375	0.375	false	false	0	0	0	0	0	Preserved	true	Preserved
S18-radial-oklab	radial/oklab	12	0.375	0.4375	true	false	0	0	0	0	0	Preserved	true	Preserved
S18-radial-oklab	radial/oklab	13	0.4375	0.4375	false	false	0	0	0	0	0	Preserved	true	Preserved
S18-radial-oklab	radial/oklab	14	0.4375	0.5	true	false	0	0	0	0	0	Preserved	true	Preserved
S18-radial-oklab	radial/oklab	15	0.5	0.5625	true	false	0	0	0	0	0	Preserved	true	Preserved
S18-radial-oklab	radial/oklab	16	0.5625	0.5625	false	false	0	0	0	0	0	Preserved	true	Preserved
S18-radial-oklab	radial/oklab	17	0.5625	0.625	true	false	0	0	0	0	0	Preserved	true	Preserved
S18-radial-oklab	radial/oklab	18	0.625	0.625	false	false	0	0	0	0	0	Preserved	true	Preserved
S18-radial-oklab	radial/oklab	19	0.625	0.6875	true	false	0	0	0	0	0	Preserved	true	Preserved
S18-radial-oklab	radial/oklab	20	0.6875	0.6875	false	false	0	0	0	0	0	Preserved	true	Preserved
S18-radial-oklab	radial/oklab	21	0.6875	0.75	true	false	0	0	0	0	0	Preserved	true	Preserved
S18-radial-oklab	radial/oklab	22	0.75	0.75	false	false	0	0	0	0	0	Preserved	true	Preserved
S18-radial-oklab	radial/oklab	23	0.75	0.8125	true	false	0	0	0	0	0	Preserved	true	Preserved
S18-radial-oklab	radial/oklab	24	0.8125	0.8125	false	false	0	0	0	0	0	Preserved	true	Preserved
S18-radial-oklab	radial/oklab	25	0.8125	0.875	true	false	0	0	0	0	0	Preserved	true	Preserved
S18-radial-oklab	radial/oklab	26	0.875	0.875	false	false	0	0	0	0	0	Preserved	true	Preserved
S18-radial-oklab	radial/oklab	27	0.875	0.9375	true	false	0	0	0	0	0	Preserved	true	Preserved
S18-radial-oklab	radial/oklab	28	0.9375	0.9375	false	false	0	0	0	0	0	Preserved	true	Preserved
S18-radial-oklab	radial/oklab	29	0.9375	1	true	false	0	0	0	0	0	Preserved	true	Preserved
S18-linear-linear-rgb	linear/linear-rgb	0	0	0.0625	true	false	0	0	0	0	0	Preserved	true	Preserved
S18-linear-linear-rgb	linear/linear-rgb	1	0.0625	0.0625	false	false	0	0	0	0	0	Preserved	true	Preserved
S18-linear-linear-rgb	linear/linear-rgb	2	0.0625	0.125	true	false	0	0	0	0	0	Preserved	true	Preserved
S18-linear-linear-rgb	linear/linear-rgb	3	0.125	0.125	false	false	0	0	0	0	0	Preserved	true	Preserved
S18-linear-linear-rgb	linear/linear-rgb	4	0.125	0.1875	true	false	0	0	0	0	0	Preserved	true	Preserved
S18-linear-linear-rgb	linear/linear-rgb	5	0.1875	0.1875	false	false	0	0	0	0	0	Preserved	true	Preserved
S18-linear-linear-rgb	linear/linear-rgb	6	0.1875	0.25	true	false	0	0	0	0	0	Preserved	true	Preserved
S18-linear-linear-rgb	linear/linear-rgb	7	0.25	0.25	false	false	0	0	0	0	0	Preserved	true	Preserved
S18-linear-linear-rgb	linear/linear-rgb	8	0.25	0.3125	true	false	0	0	0	0	0	Preserved	true	Preserved
S18-linear-linear-rgb	linear/linear-rgb	9	0.3125	0.3125	false	false	0	0	0	0	0	Preserved	true	Preserved
S18-linear-linear-rgb	linear/linear-rgb	10	0.3125	0.375	true	false	0	0	0	0	0	Preserved	true	Preserved
S18-linear-linear-rgb	linear/linear-rgb	11	0.375	0.375	false	false	0	0	0	0	0	Preserved	true	Preserved
S18-linear-linear-rgb	linear/linear-rgb	12	0.375	0.4375	true	false	0	0	0	0	0	Preserved	true	Preserved
S18-linear-linear-rgb	linear/linear-rgb	13	0.4375	0.4375	false	false	0	0	0	0	0	Preserved	true	Preserved
S18-linear-linear-rgb	linear/linear-rgb	14	0.4375	0.5	true	false	0	0	0	0	0	Preserved	true	Preserved
S18-linear-linear-rgb	linear/linear-rgb	15	0.5	0.5625	true	false	0	0	0	0	0	Preserved	true	Preserved
S18-linear-linear-rgb	linear/linear-rgb	16	0.5625	0.5625	false	false	0	0	0	0	0	Preserved	true	Preserved
S18-linear-linear-rgb	linear/linear-rgb	17	0.5625	0.625	true	false	0	0	0	0	0	Preserved	true	Preserved
S18-linear-linear-rgb	linear/linear-rgb	18	0.625	0.625	false	false	0	0	0	0	0	Preserved	true	Preserved
S18-linear-linear-rgb	linear/linear-rgb	19	0.625	0.6875	true	false	0	0	0	0	0	Preserved	true	Preserved
S18-linear-linear-rgb	linear/linear-rgb	20	0.6875	0.6875	false	false	0	0	0	0	0	Preserved	true	Preserved
S18-linear-linear-rgb	linear/linear-rgb	21	0.6875	0.75	true	false	0	0	0	0	0	Preserved	true	Preserved
S18-linear-linear-rgb	linear/linear-rgb	22	0.75	0.75	false	false	0	0	0	0	0	Preserved	true	Preserved
S18-linear-linear-rgb	linear/linear-rgb	23	0.75	0.8125	true	false	0	0	0	0	0	Preserved	true	Preserved
S18-linear-linear-rgb	linear/linear-rgb	24	0.8125	0.8125	false	false	0	0	0	0	0	Preserved	true	Preserved
S18-linear-linear-rgb	linear/linear-rgb	25	0.8125	0.875	true	false	0	0	0	0	0	Preserved	true	Preserved
S18-linear-linear-rgb	linear/linear-rgb	26	0.875	0.875	false	false	0	0	0	0	0	Preserved	true	Preserved
S18-linear-linear-rgb	linear/linear-rgb	27	0.875	0.9375	true	false	0	0	0	0	0	Preserved	true	Preserved
S18-linear-linear-rgb	linear/linear-rgb	28	0.9375	0.9375	false	false	0	0	0	0	0	Preserved	true	Preserved
S18-linear-linear-rgb	linear/linear-rgb	29	0.9375	1	true	false	0	0	0	0	0	Preserved	true	Preserved
S18-radial-linear-rgb	radial/linear-rgb	0	0	0.0625	true	false	0	0	0	0	0	Preserved	true	Preserved
S18-radial-linear-rgb	radial/linear-rgb	1	0.0625	0.0625	false	false	0	0	0	0	0	Preserved	true	Preserved
S18-radial-linear-rgb	radial/linear-rgb	2	0.0625	0.125	true	false	0	0	0	0	0	Preserved	true	Preserved
S18-radial-linear-rgb	radial/linear-rgb	3	0.125	0.125	false	false	0	0	0	0	0	Preserved	true	Preserved
S18-radial-linear-rgb	radial/linear-rgb	4	0.125	0.1875	true	false	0	0	0	0	0	Preserved	true	Preserved
S18-radial-linear-rgb	radial/linear-rgb	5	0.1875	0.1875	false	false	0	0	0	0	0	Preserved	true	Preserved
S18-radial-linear-rgb	radial/linear-rgb	6	0.1875	0.25	true	false	0	0	0	0	0	Preserved	true	Preserved
S18-radial-linear-rgb	radial/linear-rgb	7	0.25	0.25	false	false	0	0	0	0	0	Preserved	true	Preserved
S18-radial-linear-rgb	radial/linear-rgb	8	0.25	0.3125	true	false	0	0	0	0	0	Preserved	true	Preserved
S18-radial-linear-rgb	radial/linear-rgb	9	0.3125	0.3125	false	false	0	0	0	0	0	Preserved	true	Preserved
S18-radial-linear-rgb	radial/linear-rgb	10	0.3125	0.375	true	false	0	0	0	0	0	Preserved	true	Preserved
S18-radial-linear-rgb	radial/linear-rgb	11	0.375	0.375	false	false	0	0	0	0	0	Preserved	true	Preserved
S18-radial-linear-rgb	radial/linear-rgb	12	0.375	0.4375	true	false	0	0	0	0	0	Preserved	true	Preserved
S18-radial-linear-rgb	radial/linear-rgb	13	0.4375	0.4375	false	false	0	0	0	0	0	Preserved	true	Preserved
S18-radial-linear-rgb	radial/linear-rgb	14	0.4375	0.5	true	false	0	0	0	0	0	Preserved	true	Preserved
S18-radial-linear-rgb	radial/linear-rgb	15	0.5	0.5625	true	false	0	0	0	0	0	Preserved	true	Preserved
S18-radial-linear-rgb	radial/linear-rgb	16	0.5625	0.5625	false	false	0	0	0	0	0	Preserved	true	Preserved
S18-radial-linear-rgb	radial/linear-rgb	17	0.5625	0.625	true	false	0	0	0	0	0	Preserved	true	Preserved
S18-radial-linear-rgb	radial/linear-rgb	18	0.625	0.625	false	false	0	0	0	0	0	Preserved	true	Preserved
S18-radial-linear-rgb	radial/linear-rgb	19	0.625	0.6875	true	false	0	0	0	0	0	Preserved	true	Preserved
S18-radial-linear-rgb	radial/linear-rgb	20	0.6875	0.6875	false	false	0	0	0	0	0	Preserved	true	Preserved
S18-radial-linear-rgb	radial/linear-rgb	21	0.6875	0.75	true	false	0	0	0	0	0	Preserved	true	Preserved
S18-radial-linear-rgb	radial/linear-rgb	22	0.75	0.75	false	false	0	0	0	0	0	Preserved	true	Preserved
S18-radial-linear-rgb	radial/linear-rgb	23	0.75	0.8125	true	false	0	0	0	0	0	Preserved	true	Preserved
S18-radial-linear-rgb	radial/linear-rgb	24	0.8125	0.8125	false	false	0	0	0	0	0	Preserved	true	Preserved
S18-radial-linear-rgb	radial/linear-rgb	25	0.8125	0.875	true	false	0	0	0	0	0	Preserved	true	Preserved
S18-radial-linear-rgb	radial/linear-rgb	26	0.875	0.875	false	false	0	0	0	0	0	Preserved	true	Preserved
S18-radial-linear-rgb	radial/linear-rgb	27	0.875	0.9375	true	false	0	0	0	0	0	Preserved	true	Preserved
S18-radial-linear-rgb	radial/linear-rgb	28	0.9375	0.9375	false	false	0	0	0	0	0	Preserved	true	Preserved
S18-radial-linear-rgb	radial/linear-rgb	29	0.9375	1	true	false	0	0	0	0	0	Preserved	true	Preserved
S19-linear-oklab	linear/oklab	0	0	0.5	true	true	8	4	9	8	17	Preserved	true	Preserved
S19-linear-oklab	linear/oklab	1	0.5	1	true	true	64	13	27	26	53	Preserved	true	Preserved
S19-radial-oklab	radial/oklab	0	0	0.5	true	true	8	4	9	8	17	Preserved	true	Preserved
S19-radial-oklab	radial/oklab	1	0.5	1	true	true	64	13	27	26	53	Preserved	true	Preserved
S19-linear-linear-rgb	linear/linear-rgb	0	0	0.5	true	true	16	9	19	18	37	Preserved	true	Preserved
S19-linear-linear-rgb	linear/linear-rgb	1	0.5	1	true	true	64	18	37	36	73	Preserved	true	Preserved
S19-radial-linear-rgb	radial/linear-rgb	0	0	0.5	true	true	16	9	19	18	37	Preserved	true	Preserved
S19-radial-linear-rgb	radial/linear-rgb	1	0.5	1	true	true	64	18	37	36	73	Preserved	true	Preserved
S20-linear-oklab	linear/oklab	0	0	0.3333333432674408	true	true	64	17	35	34	69	Preserved	true	Preserved
S20-linear-oklab	linear/oklab	1	0.3333333432674408	0.66666668653488159	true	true	64	16	33	32	65	Preserved	true	Preserved
S20-linear-oklab	linear/oklab	2	0.66666668653488159	1	true	true	64	26	53	52	105	Preserved	true	Preserved
S20-radial-oklab	radial/oklab	0	0	0.3333333432674408	true	true	64	17	35	34	69	Preserved	true	Preserved
S20-radial-oklab	radial/oklab	1	0.3333333432674408	0.66666668653488159	true	true	64	16	33	32	65	Preserved	true	Preserved
S20-radial-oklab	radial/oklab	2	0.66666668653488159	1	true	true	64	26	53	52	105	Preserved	true	Preserved
S20-linear-linear-rgb	linear/linear-rgb	0	0	0.3333333432674408	true	true	64	17	35	34	69	Preserved	true	Preserved
S20-linear-linear-rgb	linear/linear-rgb	1	0.3333333432674408	0.66666668653488159	true	true	64	19	39	38	77	Preserved	true	Preserved
S20-linear-linear-rgb	linear/linear-rgb	2	0.66666668653488159	1	true	true	64	30	61	60	121	Preserved	true	Preserved
S20-radial-linear-rgb	radial/linear-rgb	0	0	0.3333333432674408	true	true	64	17	35	34	69	Preserved	true	Preserved
S20-radial-linear-rgb	radial/linear-rgb	1	0.3333333432674408	0.66666668653488159	true	true	64	19	39	38	77	Preserved	true	Preserved
S20-radial-linear-rgb	radial/linear-rgb	2	0.66666668653488159	1	true	true	64	30	61	60	121	Preserved	true	Preserved
S21-linear-oklab	linear/oklab	0	0	0.25	true	false	0	0	0	0	0	Preserved	true	Preserved
S21-linear-oklab	linear/oklab	1	0.25	0.25	false	false	0	0	0	0	0	Preserved	true	Preserved
S21-linear-oklab	linear/oklab	2	0.25	0.5	true	false	0	0	0	0	0	Preserved	true	Preserved
S21-linear-oklab	linear/oklab	3	0.5	0.5	false	false	0	0	0	0	0	Preserved	true	Preserved
S21-linear-oklab	linear/oklab	4	0.5	0.75	true	false	0	0	0	0	0	Preserved	true	Preserved
S21-linear-oklab	linear/oklab	5	0.75	0.75	false	false	0	0	0	0	0	Preserved	true	Preserved
S21-linear-oklab	linear/oklab	6	0.75	1	true	false	0	0	0	0	0	Preserved	true	Preserved
S21-radial-oklab	radial/oklab	0	0	0.25	true	false	0	0	0	0	0	Preserved	true	Preserved
S21-radial-oklab	radial/oklab	1	0.25	0.25	false	false	0	0	0	0	0	Preserved	true	Preserved
S21-radial-oklab	radial/oklab	2	0.25	0.5	true	false	0	0	0	0	0	Preserved	true	Preserved
S21-radial-oklab	radial/oklab	3	0.5	0.5	false	false	0	0	0	0	0	Preserved	true	Preserved
S21-radial-oklab	radial/oklab	4	0.5	0.75	true	false	0	0	0	0	0	Preserved	true	Preserved
S21-radial-oklab	radial/oklab	5	0.75	0.75	false	false	0	0	0	0	0	Preserved	true	Preserved
S21-radial-oklab	radial/oklab	6	0.75	1	true	false	0	0	0	0	0	Preserved	true	Preserved
S21-linear-linear-rgb	linear/linear-rgb	0	0	0.25	true	false	0	0	0	0	0	Preserved	true	Preserved
S21-linear-linear-rgb	linear/linear-rgb	1	0.25	0.25	false	false	0	0	0	0	0	Preserved	true	Preserved
S21-linear-linear-rgb	linear/linear-rgb	2	0.25	0.5	true	false	0	0	0	0	0	Preserved	true	Preserved
S21-linear-linear-rgb	linear/linear-rgb	3	0.5	0.5	false	false	0	0	0	0	0	Preserved	true	Preserved
S21-linear-linear-rgb	linear/linear-rgb	4	0.5	0.75	true	false	0	0	0	0	0	Preserved	true	Preserved
S21-linear-linear-rgb	linear/linear-rgb	5	0.75	0.75	false	false	0	0	0	0	0	Preserved	true	Preserved
S21-linear-linear-rgb	linear/linear-rgb	6	0.75	1	true	false	0	0	0	0	0	Preserved	true	Preserved
S21-radial-linear-rgb	radial/linear-rgb	0	0	0.25	true	false	0	0	0	0	0	Preserved	true	Preserved
S21-radial-linear-rgb	radial/linear-rgb	1	0.25	0.25	false	false	0	0	0	0	0	Preserved	true	Preserved
S21-radial-linear-rgb	radial/linear-rgb	2	0.25	0.5	true	false	0	0	0	0	0	Preserved	true	Preserved
S21-radial-linear-rgb	radial/linear-rgb	3	0.5	0.5	false	false	0	0	0	0	0	Preserved	true	Preserved
S21-radial-linear-rgb	radial/linear-rgb	4	0.5	0.75	true	false	0	0	0	0	0	Preserved	true	Preserved
S21-radial-linear-rgb	radial/linear-rgb	5	0.75	0.75	false	false	0	0	0	0	0	Preserved	true	Preserved
S21-radial-linear-rgb	radial/linear-rgb	6	0.75	1	true	false	0	0	0	0	0	Preserved	true	Preserved
S22-linear-oklab	linear/oklab	0	0	0.071428574621677399	true	true	64	21	43	42	85	Preserved	true	Preserved
S22-linear-oklab	linear/oklab	1	0.071428574621677399	0.1428571492433548	true	true	32	9	19	18	37	Preserved	true	Preserved
S22-linear-oklab	linear/oklab	2	0.1428571492433548	0.2142857164144516	true	true	64	26	53	52	105	Preserved	true	Preserved
S22-linear-oklab	linear/oklab	3	0.2142857164144516	0.28571429848670959	true	true	64	20	41	40	81	Preserved	true	Preserved
S22-linear-oklab	linear/oklab	4	0.28571429848670959	0.3571428656578064	true	true	4	3	7	6	13	Preserved	true	Preserved
S22-linear-oklab	linear/oklab	5	0.3571428656578064	0.4285714328289032	true	true	64	31	63	62	125	Preserved	true	Preserved
S22-linear-oklab	linear/oklab	6	0.4285714328289032	0.5	true	true	64	29	59	58	117	Preserved	true	Preserved
S22-linear-oklab	linear/oklab	7	0.5	0.50000101327896118	true	true	64	18	37	36	73	Preserved	true	Preserved
S22-linear-oklab	linear/oklab	8	0.50000101327896118	0.57142943143844604	true	true	64	21	43	42	85	Preserved	true	Preserved
S22-linear-oklab	linear/oklab	9	0.57142943143844604	0.64285784959793091	true	true	32	9	19	18	37	Preserved	true	Preserved
S22-linear-oklab	linear/oklab	10	0.64285784959793091	0.71428626775741577	true	true	64	26	53	52	105	Preserved	true	Preserved
S22-linear-oklab	linear/oklab	11	0.71428626775741577	0.78571468591690063	true	true	64	20	41	40	81	Preserved	true	Preserved
S22-linear-oklab	linear/oklab	12	0.78571468591690063	0.85714316368103027	true	true	4	3	7	6	13	Preserved	true	Preserved
S22-linear-oklab	linear/oklab	13	0.85714316368103027	0.92857158184051514	true	true	64	31	63	62	125	Preserved	true	Preserved
S22-linear-oklab	linear/oklab	14	0.92857158184051514	1	true	true	64	29	59	58	117	Preserved	true	Preserved
S22-radial-oklab	radial/oklab	0	0	0.071428574621677399	true	true	64	21	43	42	85	Preserved	true	Preserved
S22-radial-oklab	radial/oklab	1	0.071428574621677399	0.1428571492433548	true	true	32	9	19	18	37	Preserved	true	Preserved
S22-radial-oklab	radial/oklab	2	0.1428571492433548	0.2142857164144516	true	true	64	26	53	52	105	Preserved	true	Preserved
S22-radial-oklab	radial/oklab	3	0.2142857164144516	0.28571429848670959	true	true	64	20	41	40	81	Preserved	true	Preserved
S22-radial-oklab	radial/oklab	4	0.28571429848670959	0.3571428656578064	true	true	4	3	7	6	13	Preserved	true	Preserved
S22-radial-oklab	radial/oklab	5	0.3571428656578064	0.4285714328289032	true	true	64	31	63	62	125	Preserved	true	Preserved
S22-radial-oklab	radial/oklab	6	0.4285714328289032	0.5	true	true	64	29	59	58	117	Preserved	true	Preserved
S22-radial-oklab	radial/oklab	7	0.5	0.50000101327896118	true	true	64	18	37	36	73	Preserved	true	Preserved
S22-radial-oklab	radial/oklab	8	0.50000101327896118	0.57142943143844604	true	true	64	21	43	42	85	Preserved	true	Preserved
S22-radial-oklab	radial/oklab	9	0.57142943143844604	0.64285784959793091	true	true	32	9	19	18	37	Preserved	true	Preserved
S22-radial-oklab	radial/oklab	10	0.64285784959793091	0.71428626775741577	true	true	64	26	53	52	105	Preserved	true	Preserved
S22-radial-oklab	radial/oklab	11	0.71428626775741577	0.78571468591690063	true	true	64	20	41	40	81	Preserved	true	Preserved
S22-radial-oklab	radial/oklab	12	0.78571468591690063	0.85714316368103027	true	true	4	3	7	6	13	Preserved	true	Preserved
S22-radial-oklab	radial/oklab	13	0.85714316368103027	0.92857158184051514	true	true	64	31	63	62	125	Preserved	true	Preserved
S22-radial-oklab	radial/oklab	14	0.92857158184051514	1	true	true	64	29	59	58	117	Preserved	true	Preserved
S22-linear-linear-rgb	linear/linear-rgb	0	0	0.071428574621677399	true	true	64	25	51	50	101	Preserved	true	Preserved
S22-linear-linear-rgb	linear/linear-rgb	1	0.071428574621677399	0.1428571492433548	true	true	64	21	43	42	85	Preserved	true	Preserved
S22-linear-linear-rgb	linear/linear-rgb	2	0.1428571492433548	0.2142857164144516	true	true	64	28	57	56	113	Preserved	true	Preserved
S22-linear-linear-rgb	linear/linear-rgb	3	0.2142857164144516	0.28571429848670959	true	true	64	23	47	46	93	Preserved	true	Preserved
S22-linear-linear-rgb	linear/linear-rgb	4	0.28571429848670959	0.3571428656578064	true	true	32	11	23	22	45	Preserved	true	Preserved
S22-linear-linear-rgb	linear/linear-rgb	5	0.3571428656578064	0.4285714328289032	true	true	64	31	63	62	125	Preserved	true	Preserved
S22-linear-linear-rgb	linear/linear-rgb	6	0.4285714328289032	0.5	true	true	64	30	61	60	121	Preserved	true	Preserved
S22-linear-linear-rgb	linear/linear-rgb	7	0.5	0.50000101327896118	true	true	64	22	45	44	89	Preserved	true	Preserved
S22-linear-linear-rgb	linear/linear-rgb	8	0.50000101327896118	0.57142943143844604	true	true	64	25	51	50	101	Preserved	true	Preserved
S22-linear-linear-rgb	linear/linear-rgb	9	0.57142943143844604	0.64285784959793091	true	true	64	21	43	42	85	Preserved	true	Preserved
S22-linear-linear-rgb	linear/linear-rgb	10	0.64285784959793091	0.71428626775741577	true	true	64	28	57	56	113	Preserved	true	Preserved
S22-linear-linear-rgb	linear/linear-rgb	11	0.71428626775741577	0.78571468591690063	true	true	64	23	47	46	93	Preserved	true	Preserved
S22-linear-linear-rgb	linear/linear-rgb	12	0.78571468591690063	0.85714316368103027	true	true	32	11	23	22	45	Preserved	true	Preserved
S22-linear-linear-rgb	linear/linear-rgb	13	0.85714316368103027	0.92857158184051514	true	true	64	31	63	62	125	Preserved	true	Preserved
S22-linear-linear-rgb	linear/linear-rgb	14	0.92857158184051514	1	true	true	64	30	61	60	121	Preserved	true	Preserved
S22-radial-linear-rgb	radial/linear-rgb	0	0	0.071428574621677399	true	true	64	25	51	50	101	Preserved	true	Preserved
S22-radial-linear-rgb	radial/linear-rgb	1	0.071428574621677399	0.1428571492433548	true	true	64	21	43	42	85	Preserved	true	Preserved
S22-radial-linear-rgb	radial/linear-rgb	2	0.1428571492433548	0.2142857164144516	true	true	64	28	57	56	113	Preserved	true	Preserved
S22-radial-linear-rgb	radial/linear-rgb	3	0.2142857164144516	0.28571429848670959	true	true	64	23	47	46	93	Preserved	true	Preserved
S22-radial-linear-rgb	radial/linear-rgb	4	0.28571429848670959	0.3571428656578064	true	true	32	11	23	22	45	Preserved	true	Preserved
S22-radial-linear-rgb	radial/linear-rgb	5	0.3571428656578064	0.4285714328289032	true	true	64	31	63	62	125	Preserved	true	Preserved
S22-radial-linear-rgb	radial/linear-rgb	6	0.4285714328289032	0.5	true	true	64	30	61	60	121	Preserved	true	Preserved
S22-radial-linear-rgb	radial/linear-rgb	7	0.5	0.50000101327896118	true	true	64	22	45	44	89	Preserved	true	Preserved
S22-radial-linear-rgb	radial/linear-rgb	8	0.50000101327896118	0.57142943143844604	true	true	64	25	51	50	101	Preserved	true	Preserved
S22-radial-linear-rgb	radial/linear-rgb	9	0.57142943143844604	0.64285784959793091	true	true	64	21	43	42	85	Preserved	true	Preserved
S22-radial-linear-rgb	radial/linear-rgb	10	0.64285784959793091	0.71428626775741577	true	true	64	28	57	56	113	Preserved	true	Preserved
S22-radial-linear-rgb	radial/linear-rgb	11	0.71428626775741577	0.78571468591690063	true	true	64	23	47	46	93	Preserved	true	Preserved
S22-radial-linear-rgb	radial/linear-rgb	12	0.78571468591690063	0.85714316368103027	true	true	32	11	23	22	45	Preserved	true	Preserved
S22-radial-linear-rgb	radial/linear-rgb	13	0.85714316368103027	0.92857158184051514	true	true	64	31	63	62	125	Preserved	true	Preserved
S22-radial-linear-rgb	radial/linear-rgb	14	0.92857158184051514	1	true	true	64	30	61	60	121	Preserved	true	Preserved
S23-linear-oklab	linear/oklab	0	0	1.6783591490820982e-05	true	true	4	2	5	4	9	Preserved	true	Preserved
S23-linear-oklab	linear/oklab	1	1.6783591490820982e-05	0.00013426873192656785	true	true	2	1	3	2	5	Preserved	true	Preserved
S23-linear-oklab	linear/oklab	2	0.00013426873192656785	0.00045315700117498636	true	true	8	3	7	6	13	Preserved	true	Preserved
S23-linear-oklab	linear/oklab	3	0.00045315700117498636	0.0010741498554125428	true	true	1	0	1	0	1	Preserved	true	Preserved
S23-linear-oklab	linear/oklab	4	0.0010741498554125428	0.0020979491528123617	true	true	4	2	5	4	9	Preserved	true	Preserved
S23-linear-oklab	linear/oklab	5	0.0020979491528123617	0.0036252560093998909	true	true	2	1	3	2	5	Preserved	true	Preserved
S23-linear-oklab	linear/oklab	6	0.0036252560093998909	0.0057567721232771873	true	true	8	3	7	6	13	Preserved	true	Preserved
S23-linear-oklab	linear/oklab	7	0.0057567721232771873	0.0085931988433003426	true	true	1	0	1	0	1	Preserved	true	Preserved
S23-linear-oklab	linear/oklab	8	0.0085931988433003426	0.012235239148139954	true	true	4	2	5	4	9	Preserved	true	Preserved
S23-linear-oklab	linear/oklab	9	0.012235239148139954	0.016783593222498894	true	true	2	1	3	2	5	Preserved	true	Preserved
S23-linear-oklab	linear/oklab	10	0.016783593222498894	0.022338962182402611	true	true	8	3	7	6	13	Preserved	true	Preserved
S23-linear-oklab	linear/oklab	11	0.022338962182402611	0.029002048075199127	true	true	1	0	1	0	1	Preserved	true	Preserved
S23-linear-oklab	linear/oklab	12	0.029002048075199127	0.036873552948236465	true	true	4	2	5	4	9	Preserved	true	Preserved
S23-linear-oklab	linear/oklab	13	0.036873552948236465	0.046054176986217499	true	true	2	1	3	2	5	Preserved	true	Preserved
S23-linear-oklab	linear/oklab	14	0.046054176986217499	0.056644625961780548	true	true	8	3	7	6	13	Preserved	true	Preserved
S23-linear-oklab	linear/oklab	15	0.056644625961780548	0.06874559074640274	true	true	1	0	1	0	1	Preserved	true	Preserved
S23-linear-oklab	linear/oklab	16	0.06874559074640274	0.082457788288593292	true	true	4	2	5	4	9	Preserved	true	Preserved
S23-linear-oklab	linear/oklab	17	0.082457788288593292	0.097881913185119629	true	true	2	1	3	2	5	Preserved	true	Preserved
S23-linear-oklab	linear/oklab	18	0.097881913185119629	0.11511866003274918	true	true	8	3	7	6	13	Preserved	true	Preserved
S23-linear-oklab	linear/oklab	19	0.11511866003274918	0.13426874577999115	true	true	1	0	1	0	1	Preserved	true	Preserved
S23-linear-oklab	linear/oklab	20	0.13426874577999115	0.15543285012245178	true	true	4	2	5	4	9	Preserved	true	Preserved
S23-linear-oklab	linear/oklab	21	0.15543285012245178	0.17871169745922089	true	true	2	1	3	2	5	Preserved	true	Preserved
S23-linear-oklab	linear/oklab	22	0.17871169745922089	0.20420597493648529	true	true	8	3	7	6	13	Preserved	true	Preserved
S23-linear-oklab	linear/oklab	23	0.20420597493648529	0.23201638460159302	true	true	1	0	1	0	1	Preserved	true	Preserved
S23-linear-oklab	linear/oklab	24	0.23201638460159302	0.26224362850189209	true	true	4	2	5	4	9	Preserved	true	Preserved
S23-linear-oklab	linear/oklab	25	0.26224362850189209	0.29498842358589172	true	true	2	1	3	2	5	Preserved	true	Preserved
S23-linear-oklab	linear/oklab	26	0.29498842358589172	0.33035144209861755	true	true	8	3	7	6	13	Preserved	true	Preserved
S23-linear-oklab	linear/oklab	27	0.33035144209861755	0.36843341588973999	true	true	1	0	1	0	1	Preserved	true	Preserved
S23-linear-oklab	linear/oklab	28	0.36843341588973999	0.40933504700660706	true	true	4	2	5	4	9	Preserved	true	Preserved
S23-linear-oklab	linear/oklab	29	0.40933504700660706	0.45315700769424438	true	true	2	1	3	2	5	Preserved	true	Preserved
S23-linear-oklab	linear/oklab	30	0.45315700769424438	0.5	true	true	8	3	7	6	13	Preserved	true	Preserved
S23-linear-oklab	linear/oklab	31	0.5	0.54684299230575562	true	true	8	3	7	6	13	Preserved	true	Preserved
S23-linear-oklab	linear/oklab	32	0.54684299230575562	0.59066498279571533	true	true	2	1	3	2	5	Preserved	true	Preserved
S23-linear-oklab	linear/oklab	33	0.59066498279571533	0.63156658411026001	true	true	4	2	5	4	9	Preserved	true	Preserved
S23-linear-oklab	linear/oklab	34	0.63156658411026001	0.66964852809906006	true	true	1	0	1	0	1	Preserved	true	Preserved
S23-linear-oklab	linear/oklab	35	0.66964852809906006	0.70501160621643066	true	true	8	3	7	6	13	Preserved	true	Preserved
S23-linear-oklab	linear/oklab	36	0.70501160621643066	0.73775637149810791	true	true	2	1	3	2	5	Preserved	true	Preserved
S23-linear-oklab	linear/oklab	37	0.73775637149810791	0.76798361539840698	true	true	4	2	5	4	9	Preserved	true	Preserved
S23-linear-oklab	linear/oklab	38	0.76798361539840698	0.79579401016235352	true	true	1	0	1	0	1	Preserved	true	Preserved
S23-linear-oklab	linear/oklab	39	0.79579401016235352	0.82128828763961792	true	true	8	3	7	6	13	Preserved	true	Preserved
S23-linear-oklab	linear/oklab	40	0.82128828763961792	0.84456717967987061	true	true	2	1	3	2	5	Preserved	true	Preserved
S23-linear-oklab	linear/oklab	41	0.84456717967987061	0.86573123931884766	true	true	4	2	5	4	9	Preserved	true	Preserved
S23-linear-oklab	linear/oklab	42	0.86573123931884766	0.88488131761550903	true	true	1	0	1	0	1	Preserved	true	Preserved
S23-linear-oklab	linear/oklab	43	0.88488131761550903	0.90211808681488037	true	true	8	3	7	6	13	Preserved	true	Preserved
S23-linear-oklab	linear/oklab	44	0.90211808681488037	0.9175422191619873	true	true	2	1	3	2	5	Preserved	true	Preserved
S23-linear-oklab	linear/oklab	45	0.9175422191619873	0.93125438690185547	true	true	4	2	5	4	9	Preserved	true	Preserved
S23-linear-oklab	linear/oklab	46	0.93125438690185547	0.94335538148880005	true	true	1	0	1	0	1	Preserved	true	Preserved
S23-linear-oklab	linear/oklab	47	0.94335538148880005	0.9539458155632019	true	true	8	3	7	6	13	Preserved	true	Preserved
S23-linear-oklab	linear/oklab	48	0.9539458155632019	0.96312642097473145	true	true	2	1	3	2	5	Preserved	true	Preserved
S23-linear-oklab	linear/oklab	49	0.96312642097473145	0.97099792957305908	true	true	4	2	5	4	9	Preserved	true	Preserved
S23-linear-oklab	linear/oklab	50	0.97099792957305908	0.97766101360321045	true	true	1	0	1	0	1	Preserved	true	Preserved
S23-linear-oklab	linear/oklab	51	0.97766101360321045	0.98321640491485596	true	true	8	3	7	6	13	Preserved	true	Preserved
S23-linear-oklab	linear/oklab	52	0.98321640491485596	0.98776477575302124	true	true	2	1	3	2	5	Preserved	true	Preserved
S23-linear-oklab	linear/oklab	53	0.98776477575302124	0.99140679836273193	true	true	4	2	5	4	9	Preserved	true	Preserved
S23-linear-oklab	linear/oklab	54	0.99140679836273193	0.99424320459365845	true	true	1	0	1	0	1	Preserved	true	Preserved
S23-linear-oklab	linear/oklab	55	0.99424320459365845	0.99637472629547119	true	true	8	3	7	6	13	Preserved	true	Preserved
S23-linear-oklab	linear/oklab	56	0.99637472629547119	0.9979020357131958	true	true	2	1	3	2	5	Preserved	true	Preserved
S23-linear-oklab	linear/oklab	57	0.9979020357131958	0.99892586469650269	true	true	4	2	5	4	9	Preserved	true	Preserved
S23-linear-oklab	linear/oklab	58	0.99892586469650269	0.99954682588577271	true	true	1	0	1	0	1	Preserved	true	Preserved
S23-linear-oklab	linear/oklab	59	0.99954682588577271	0.99986571073532104	true	true	8	3	7	6	13	Preserved	true	Preserved
S23-linear-oklab	linear/oklab	60	0.99986571073532104	0.99998319149017334	true	true	2	1	3	2	5	Preserved	true	Preserved
S23-linear-oklab	linear/oklab	61	0.99998319149017334	1	true	true	4	2	5	4	9	Preserved	true	Preserved
S23-radial-oklab	radial/oklab	0	0	1.6783591490820982e-05	true	true	4	2	5	4	9	Preserved	true	Preserved
S23-radial-oklab	radial/oklab	1	1.6783591490820982e-05	0.00013426873192656785	true	true	2	1	3	2	5	Preserved	true	Preserved
S23-radial-oklab	radial/oklab	2	0.00013426873192656785	0.00045315700117498636	true	true	8	3	7	6	13	Preserved	true	Preserved
S23-radial-oklab	radial/oklab	3	0.00045315700117498636	0.0010741498554125428	true	true	1	0	1	0	1	Preserved	true	Preserved
S23-radial-oklab	radial/oklab	4	0.0010741498554125428	0.0020979491528123617	true	true	4	2	5	4	9	Preserved	true	Preserved
S23-radial-oklab	radial/oklab	5	0.0020979491528123617	0.0036252560093998909	true	true	2	1	3	2	5	Preserved	true	Preserved
S23-radial-oklab	radial/oklab	6	0.0036252560093998909	0.0057567721232771873	true	true	8	3	7	6	13	Preserved	true	Preserved
S23-radial-oklab	radial/oklab	7	0.0057567721232771873	0.0085931988433003426	true	true	1	0	1	0	1	Preserved	true	Preserved
S23-radial-oklab	radial/oklab	8	0.0085931988433003426	0.012235239148139954	true	true	4	2	5	4	9	Preserved	true	Preserved
S23-radial-oklab	radial/oklab	9	0.012235239148139954	0.016783593222498894	true	true	2	1	3	2	5	Preserved	true	Preserved
S23-radial-oklab	radial/oklab	10	0.016783593222498894	0.022338962182402611	true	true	8	3	7	6	13	Preserved	true	Preserved
S23-radial-oklab	radial/oklab	11	0.022338962182402611	0.029002048075199127	true	true	1	0	1	0	1	Preserved	true	Preserved
S23-radial-oklab	radial/oklab	12	0.029002048075199127	0.036873552948236465	true	true	4	2	5	4	9	Preserved	true	Preserved
S23-radial-oklab	radial/oklab	13	0.036873552948236465	0.046054176986217499	true	true	2	1	3	2	5	Preserved	true	Preserved
S23-radial-oklab	radial/oklab	14	0.046054176986217499	0.056644625961780548	true	true	8	3	7	6	13	Preserved	true	Preserved
S23-radial-oklab	radial/oklab	15	0.056644625961780548	0.06874559074640274	true	true	1	0	1	0	1	Preserved	true	Preserved
S23-radial-oklab	radial/oklab	16	0.06874559074640274	0.082457788288593292	true	true	4	2	5	4	9	Preserved	true	Preserved
S23-radial-oklab	radial/oklab	17	0.082457788288593292	0.097881913185119629	true	true	2	1	3	2	5	Preserved	true	Preserved
S23-radial-oklab	radial/oklab	18	0.097881913185119629	0.11511866003274918	true	true	8	3	7	6	13	Preserved	true	Preserved
S23-radial-oklab	radial/oklab	19	0.11511866003274918	0.13426874577999115	true	true	1	0	1	0	1	Preserved	true	Preserved
S23-radial-oklab	radial/oklab	20	0.13426874577999115	0.15543285012245178	true	true	4	2	5	4	9	Preserved	true	Preserved
S23-radial-oklab	radial/oklab	21	0.15543285012245178	0.17871169745922089	true	true	2	1	3	2	5	Preserved	true	Preserved
S23-radial-oklab	radial/oklab	22	0.17871169745922089	0.20420597493648529	true	true	8	3	7	6	13	Preserved	true	Preserved
S23-radial-oklab	radial/oklab	23	0.20420597493648529	0.23201638460159302	true	true	1	0	1	0	1	Preserved	true	Preserved
S23-radial-oklab	radial/oklab	24	0.23201638460159302	0.26224362850189209	true	true	4	2	5	4	9	Preserved	true	Preserved
S23-radial-oklab	radial/oklab	25	0.26224362850189209	0.29498842358589172	true	true	2	1	3	2	5	Preserved	true	Preserved
S23-radial-oklab	radial/oklab	26	0.29498842358589172	0.33035144209861755	true	true	8	3	7	6	13	Preserved	true	Preserved
S23-radial-oklab	radial/oklab	27	0.33035144209861755	0.36843341588973999	true	true	1	0	1	0	1	Preserved	true	Preserved
S23-radial-oklab	radial/oklab	28	0.36843341588973999	0.40933504700660706	true	true	4	2	5	4	9	Preserved	true	Preserved
S23-radial-oklab	radial/oklab	29	0.40933504700660706	0.45315700769424438	true	true	2	1	3	2	5	Preserved	true	Preserved
S23-radial-oklab	radial/oklab	30	0.45315700769424438	0.5	true	true	8	3	7	6	13	Preserved	true	Preserved
S23-radial-oklab	radial/oklab	31	0.5	0.54684299230575562	true	true	8	3	7	6	13	Preserved	true	Preserved
S23-radial-oklab	radial/oklab	32	0.54684299230575562	0.59066498279571533	true	true	2	1	3	2	5	Preserved	true	Preserved
S23-radial-oklab	radial/oklab	33	0.59066498279571533	0.63156658411026001	true	true	4	2	5	4	9	Preserved	true	Preserved
S23-radial-oklab	radial/oklab	34	0.63156658411026001	0.66964852809906006	true	true	1	0	1	0	1	Preserved	true	Preserved
S23-radial-oklab	radial/oklab	35	0.66964852809906006	0.70501160621643066	true	true	8	3	7	6	13	Preserved	true	Preserved
S23-radial-oklab	radial/oklab	36	0.70501160621643066	0.73775637149810791	true	true	2	1	3	2	5	Preserved	true	Preserved
S23-radial-oklab	radial/oklab	37	0.73775637149810791	0.76798361539840698	true	true	4	2	5	4	9	Preserved	true	Preserved
S23-radial-oklab	radial/oklab	38	0.76798361539840698	0.79579401016235352	true	true	1	0	1	0	1	Preserved	true	Preserved
S23-radial-oklab	radial/oklab	39	0.79579401016235352	0.82128828763961792	true	true	8	3	7	6	13	Preserved	true	Preserved
S23-radial-oklab	radial/oklab	40	0.82128828763961792	0.84456717967987061	true	true	2	1	3	2	5	Preserved	true	Preserved
S23-radial-oklab	radial/oklab	41	0.84456717967987061	0.86573123931884766	true	true	4	2	5	4	9	Preserved	true	Preserved
S23-radial-oklab	radial/oklab	42	0.86573123931884766	0.88488131761550903	true	true	1	0	1	0	1	Preserved	true	Preserved
S23-radial-oklab	radial/oklab	43	0.88488131761550903	0.90211808681488037	true	true	8	3	7	6	13	Preserved	true	Preserved
S23-radial-oklab	radial/oklab	44	0.90211808681488037	0.9175422191619873	true	true	2	1	3	2	5	Preserved	true	Preserved
S23-radial-oklab	radial/oklab	45	0.9175422191619873	0.93125438690185547	true	true	4	2	5	4	9	Preserved	true	Preserved
S23-radial-oklab	radial/oklab	46	0.93125438690185547	0.94335538148880005	true	true	1	0	1	0	1	Preserved	true	Preserved
S23-radial-oklab	radial/oklab	47	0.94335538148880005	0.9539458155632019	true	true	8	3	7	6	13	Preserved	true	Preserved
S23-radial-oklab	radial/oklab	48	0.9539458155632019	0.96312642097473145	true	true	2	1	3	2	5	Preserved	true	Preserved
S23-radial-oklab	radial/oklab	49	0.96312642097473145	0.97099792957305908	true	true	4	2	5	4	9	Preserved	true	Preserved
S23-radial-oklab	radial/oklab	50	0.97099792957305908	0.97766101360321045	true	true	1	0	1	0	1	Preserved	true	Preserved
S23-radial-oklab	radial/oklab	51	0.97766101360321045	0.98321640491485596	true	true	8	3	7	6	13	Preserved	true	Preserved
S23-radial-oklab	radial/oklab	52	0.98321640491485596	0.98776477575302124	true	true	2	1	3	2	5	Preserved	true	Preserved
S23-radial-oklab	radial/oklab	53	0.98776477575302124	0.99140679836273193	true	true	4	2	5	4	9	Preserved	true	Preserved
S23-radial-oklab	radial/oklab	54	0.99140679836273193	0.99424320459365845	true	true	1	0	1	0	1	Preserved	true	Preserved
S23-radial-oklab	radial/oklab	55	0.99424320459365845	0.99637472629547119	true	true	8	3	7	6	13	Preserved	true	Preserved
S23-radial-oklab	radial/oklab	56	0.99637472629547119	0.9979020357131958	true	true	2	1	3	2	5	Preserved	true	Preserved
S23-radial-oklab	radial/oklab	57	0.9979020357131958	0.99892586469650269	true	true	4	2	5	4	9	Preserved	true	Preserved
S23-radial-oklab	radial/oklab	58	0.99892586469650269	0.99954682588577271	true	true	1	0	1	0	1	Preserved	true	Preserved
S23-radial-oklab	radial/oklab	59	0.99954682588577271	0.99986571073532104	true	true	8	3	7	6	13	Preserved	true	Preserved
S23-radial-oklab	radial/oklab	60	0.99986571073532104	0.99998319149017334	true	true	2	1	3	2	5	Preserved	true	Preserved
S23-radial-oklab	radial/oklab	61	0.99998319149017334	1	true	true	4	2	5	4	9	Preserved	true	Preserved
S23-linear-linear-rgb	linear/linear-rgb	0	0	1.6783591490820982e-05	true	true	2	1	3	2	5	Preserved	true	Preserved
S23-linear-linear-rgb	linear/linear-rgb	1	1.6783591490820982e-05	0.00013426873192656785	true	true	2	1	3	2	5	Preserved	true	Preserved
S23-linear-linear-rgb	linear/linear-rgb	2	0.00013426873192656785	0.00045315700117498636	true	true	8	4	9	8	17	Preserved	true	Preserved
S23-linear-linear-rgb	linear/linear-rgb	3	0.00045315700117498636	0.0010741498554125428	true	true	2	1	3	2	5	Preserved	true	Preserved
S23-linear-linear-rgb	linear/linear-rgb	4	0.0010741498554125428	0.0020979491528123617	true	true	2	1	3	2	5	Preserved	true	Preserved
S23-linear-linear-rgb	linear/linear-rgb	5	0.0020979491528123617	0.0036252560093998909	true	true	2	1	3	2	5	Preserved	true	Preserved
S23-linear-linear-rgb	linear/linear-rgb	6	0.0036252560093998909	0.0057567721232771873	true	true	8	4	9	8	17	Preserved	true	Preserved
S23-linear-linear-rgb	linear/linear-rgb	7	0.0057567721232771873	0.0085931988433003426	true	true	2	1	3	2	5	Preserved	true	Preserved
S23-linear-linear-rgb	linear/linear-rgb	8	0.0085931988433003426	0.012235239148139954	true	true	2	1	3	2	5	Preserved	true	Preserved
S23-linear-linear-rgb	linear/linear-rgb	9	0.012235239148139954	0.016783593222498894	true	true	2	1	3	2	5	Preserved	true	Preserved
S23-linear-linear-rgb	linear/linear-rgb	10	0.016783593222498894	0.022338962182402611	true	true	8	4	9	8	17	Preserved	true	Preserved
S23-linear-linear-rgb	linear/linear-rgb	11	0.022338962182402611	0.029002048075199127	true	true	2	1	3	2	5	Preserved	true	Preserved
S23-linear-linear-rgb	linear/linear-rgb	12	0.029002048075199127	0.036873552948236465	true	true	2	1	3	2	5	Preserved	true	Preserved
S23-linear-linear-rgb	linear/linear-rgb	13	0.036873552948236465	0.046054176986217499	true	true	2	1	3	2	5	Preserved	true	Preserved
S23-linear-linear-rgb	linear/linear-rgb	14	0.046054176986217499	0.056644625961780548	true	true	8	4	9	8	17	Preserved	true	Preserved
S23-linear-linear-rgb	linear/linear-rgb	15	0.056644625961780548	0.06874559074640274	true	true	2	1	3	2	5	Preserved	true	Preserved
S23-linear-linear-rgb	linear/linear-rgb	16	0.06874559074640274	0.082457788288593292	true	true	2	1	3	2	5	Preserved	true	Preserved
S23-linear-linear-rgb	linear/linear-rgb	17	0.082457788288593292	0.097881913185119629	true	true	2	1	3	2	5	Preserved	true	Preserved
S23-linear-linear-rgb	linear/linear-rgb	18	0.097881913185119629	0.11511866003274918	true	true	8	4	9	8	17	Preserved	true	Preserved
S23-linear-linear-rgb	linear/linear-rgb	19	0.11511866003274918	0.13426874577999115	true	true	2	1	3	2	5	Preserved	true	Preserved
S23-linear-linear-rgb	linear/linear-rgb	20	0.13426874577999115	0.15543285012245178	true	true	2	1	3	2	5	Preserved	true	Preserved
S23-linear-linear-rgb	linear/linear-rgb	21	0.15543285012245178	0.17871169745922089	true	true	2	1	3	2	5	Preserved	true	Preserved
S23-linear-linear-rgb	linear/linear-rgb	22	0.17871169745922089	0.20420597493648529	true	true	8	4	9	8	17	Preserved	true	Preserved
S23-linear-linear-rgb	linear/linear-rgb	23	0.20420597493648529	0.23201638460159302	true	true	2	1	3	2	5	Preserved	true	Preserved
S23-linear-linear-rgb	linear/linear-rgb	24	0.23201638460159302	0.26224362850189209	true	true	2	1	3	2	5	Preserved	true	Preserved
S23-linear-linear-rgb	linear/linear-rgb	25	0.26224362850189209	0.29498842358589172	true	true	2	1	3	2	5	Preserved	true	Preserved
S23-linear-linear-rgb	linear/linear-rgb	26	0.29498842358589172	0.33035144209861755	true	true	8	4	9	8	17	Preserved	true	Preserved
S23-linear-linear-rgb	linear/linear-rgb	27	0.33035144209861755	0.36843341588973999	true	true	2	1	3	2	5	Preserved	true	Preserved
S23-linear-linear-rgb	linear/linear-rgb	28	0.36843341588973999	0.40933504700660706	true	true	2	1	3	2	5	Preserved	true	Preserved
S23-linear-linear-rgb	linear/linear-rgb	29	0.40933504700660706	0.45315700769424438	true	true	2	1	3	2	5	Preserved	true	Preserved
S23-linear-linear-rgb	linear/linear-rgb	30	0.45315700769424438	0.5	true	true	8	4	9	8	17	Preserved	true	Preserved
S23-linear-linear-rgb	linear/linear-rgb	31	0.5	0.54684299230575562	true	true	8	4	9	8	17	Preserved	true	Preserved
S23-linear-linear-rgb	linear/linear-rgb	32	0.54684299230575562	0.59066498279571533	true	true	2	1	3	2	5	Preserved	true	Preserved
S23-linear-linear-rgb	linear/linear-rgb	33	0.59066498279571533	0.63156658411026001	true	true	2	1	3	2	5	Preserved	true	Preserved
S23-linear-linear-rgb	linear/linear-rgb	34	0.63156658411026001	0.66964852809906006	true	true	2	1	3	2	5	Preserved	true	Preserved
S23-linear-linear-rgb	linear/linear-rgb	35	0.66964852809906006	0.70501160621643066	true	true	8	4	9	8	17	Preserved	true	Preserved
S23-linear-linear-rgb	linear/linear-rgb	36	0.70501160621643066	0.73775637149810791	true	true	2	1	3	2	5	Preserved	true	Preserved
S23-linear-linear-rgb	linear/linear-rgb	37	0.73775637149810791	0.76798361539840698	true	true	2	1	3	2	5	Preserved	true	Preserved
S23-linear-linear-rgb	linear/linear-rgb	38	0.76798361539840698	0.79579401016235352	true	true	2	1	3	2	5	Preserved	true	Preserved
S23-linear-linear-rgb	linear/linear-rgb	39	0.79579401016235352	0.82128828763961792	true	true	8	4	9	8	17	Preserved	true	Preserved
S23-linear-linear-rgb	linear/linear-rgb	40	0.82128828763961792	0.84456717967987061	true	true	2	1	3	2	5	Preserved	true	Preserved
S23-linear-linear-rgb	linear/linear-rgb	41	0.84456717967987061	0.86573123931884766	true	true	2	1	3	2	5	Preserved	true	Preserved
S23-linear-linear-rgb	linear/linear-rgb	42	0.86573123931884766	0.88488131761550903	true	true	2	1	3	2	5	Preserved	true	Preserved
S23-linear-linear-rgb	linear/linear-rgb	43	0.88488131761550903	0.90211808681488037	true	true	8	4	9	8	17	Preserved	true	Preserved
S23-linear-linear-rgb	linear/linear-rgb	44	0.90211808681488037	0.9175422191619873	true	true	2	1	3	2	5	Preserved	true	Preserved
S23-linear-linear-rgb	linear/linear-rgb	45	0.9175422191619873	0.93125438690185547	true	true	2	1	3	2	5	Preserved	true	Preserved
S23-linear-linear-rgb	linear/linear-rgb	46	0.93125438690185547	0.94335538148880005	true	true	2	1	3	2	5	Preserved	true	Preserved
S23-linear-linear-rgb	linear/linear-rgb	47	0.94335538148880005	0.9539458155632019	true	true	8	4	9	8	17	Preserved	true	Preserved
S23-linear-linear-rgb	linear/linear-rgb	48	0.9539458155632019	0.96312642097473145	true	true	2	1	3	2	5	Preserved	true	Preserved
S23-linear-linear-rgb	linear/linear-rgb	49	0.96312642097473145	0.97099792957305908	true	true	2	1	3	2	5	Preserved	true	Preserved
S23-linear-linear-rgb	linear/linear-rgb	50	0.97099792957305908	0.97766101360321045	true	true	2	1	3	2	5	Preserved	true	Preserved
S23-linear-linear-rgb	linear/linear-rgb	51	0.97766101360321045	0.98321640491485596	true	true	8	4	9	8	17	Preserved	true	Preserved
S23-linear-linear-rgb	linear/linear-rgb	52	0.98321640491485596	0.98776477575302124	true	true	2	1	3	2	5	Preserved	true	Preserved
S23-linear-linear-rgb	linear/linear-rgb	53	0.98776477575302124	0.99140679836273193	true	true	2	1	3	2	5	Preserved	true	Preserved
S23-linear-linear-rgb	linear/linear-rgb	54	0.99140679836273193	0.99424320459365845	true	true	2	1	3	2	5	Preserved	true	Preserved
S23-linear-linear-rgb	linear/linear-rgb	55	0.99424320459365845	0.99637472629547119	true	true	8	4	9	8	17	Preserved	true	Preserved
S23-linear-linear-rgb	linear/linear-rgb	56	0.99637472629547119	0.9979020357131958	true	true	2	1	3	2	5	Preserved	true	Preserved
S23-linear-linear-rgb	linear/linear-rgb	57	0.9979020357131958	0.99892586469650269	true	true	2	1	3	2	5	Preserved	true	Preserved
S23-linear-linear-rgb	linear/linear-rgb	58	0.99892586469650269	0.99954682588577271	true	true	2	1	3	2	5	Preserved	true	Preserved
S23-linear-linear-rgb	linear/linear-rgb	59	0.99954682588577271	0.99986571073532104	true	true	8	4	9	8	17	Preserved	true	Preserved
S23-linear-linear-rgb	linear/linear-rgb	60	0.99986571073532104	0.99998319149017334	true	true	2	1	3	2	5	Preserved	true	Preserved
S23-linear-linear-rgb	linear/linear-rgb	61	0.99998319149017334	1	true	true	2	1	3	2	5	Preserved	true	Preserved
S23-radial-linear-rgb	radial/linear-rgb	0	0	1.6783591490820982e-05	true	true	2	1	3	2	5	Preserved	true	Preserved
S23-radial-linear-rgb	radial/linear-rgb	1	1.6783591490820982e-05	0.00013426873192656785	true	true	2	1	3	2	5	Preserved	true	Preserved
S23-radial-linear-rgb	radial/linear-rgb	2	0.00013426873192656785	0.00045315700117498636	true	true	8	4	9	8	17	Preserved	true	Preserved
S23-radial-linear-rgb	radial/linear-rgb	3	0.00045315700117498636	0.0010741498554125428	true	true	2	1	3	2	5	Preserved	true	Preserved
S23-radial-linear-rgb	radial/linear-rgb	4	0.0010741498554125428	0.0020979491528123617	true	true	2	1	3	2	5	Preserved	true	Preserved
S23-radial-linear-rgb	radial/linear-rgb	5	0.0020979491528123617	0.0036252560093998909	true	true	2	1	3	2	5	Preserved	true	Preserved
S23-radial-linear-rgb	radial/linear-rgb	6	0.0036252560093998909	0.0057567721232771873	true	true	8	4	9	8	17	Preserved	true	Preserved
S23-radial-linear-rgb	radial/linear-rgb	7	0.0057567721232771873	0.0085931988433003426	true	true	2	1	3	2	5	Preserved	true	Preserved
S23-radial-linear-rgb	radial/linear-rgb	8	0.0085931988433003426	0.012235239148139954	true	true	2	1	3	2	5	Preserved	true	Preserved
S23-radial-linear-rgb	radial/linear-rgb	9	0.012235239148139954	0.016783593222498894	true	true	2	1	3	2	5	Preserved	true	Preserved
S23-radial-linear-rgb	radial/linear-rgb	10	0.016783593222498894	0.022338962182402611	true	true	8	4	9	8	17	Preserved	true	Preserved
S23-radial-linear-rgb	radial/linear-rgb	11	0.022338962182402611	0.029002048075199127	true	true	2	1	3	2	5	Preserved	true	Preserved
S23-radial-linear-rgb	radial/linear-rgb	12	0.029002048075199127	0.036873552948236465	true	true	2	1	3	2	5	Preserved	true	Preserved
S23-radial-linear-rgb	radial/linear-rgb	13	0.036873552948236465	0.046054176986217499	true	true	2	1	3	2	5	Preserved	true	Preserved
S23-radial-linear-rgb	radial/linear-rgb	14	0.046054176986217499	0.056644625961780548	true	true	8	4	9	8	17	Preserved	true	Preserved
S23-radial-linear-rgb	radial/linear-rgb	15	0.056644625961780548	0.06874559074640274	true	true	2	1	3	2	5	Preserved	true	Preserved
S23-radial-linear-rgb	radial/linear-rgb	16	0.06874559074640274	0.082457788288593292	true	true	2	1	3	2	5	Preserved	true	Preserved
S23-radial-linear-rgb	radial/linear-rgb	17	0.082457788288593292	0.097881913185119629	true	true	2	1	3	2	5	Preserved	true	Preserved
S23-radial-linear-rgb	radial/linear-rgb	18	0.097881913185119629	0.11511866003274918	true	true	8	4	9	8	17	Preserved	true	Preserved
S23-radial-linear-rgb	radial/linear-rgb	19	0.11511866003274918	0.13426874577999115	true	true	2	1	3	2	5	Preserved	true	Preserved
S23-radial-linear-rgb	radial/linear-rgb	20	0.13426874577999115	0.15543285012245178	true	true	2	1	3	2	5	Preserved	true	Preserved
S23-radial-linear-rgb	radial/linear-rgb	21	0.15543285012245178	0.17871169745922089	true	true	2	1	3	2	5	Preserved	true	Preserved
S23-radial-linear-rgb	radial/linear-rgb	22	0.17871169745922089	0.20420597493648529	true	true	8	4	9	8	17	Preserved	true	Preserved
S23-radial-linear-rgb	radial/linear-rgb	23	0.20420597493648529	0.23201638460159302	true	true	2	1	3	2	5	Preserved	true	Preserved
S23-radial-linear-rgb	radial/linear-rgb	24	0.23201638460159302	0.26224362850189209	true	true	2	1	3	2	5	Preserved	true	Preserved
S23-radial-linear-rgb	radial/linear-rgb	25	0.26224362850189209	0.29498842358589172	true	true	2	1	3	2	5	Preserved	true	Preserved
S23-radial-linear-rgb	radial/linear-rgb	26	0.29498842358589172	0.33035144209861755	true	true	8	4	9	8	17	Preserved	true	Preserved
S23-radial-linear-rgb	radial/linear-rgb	27	0.33035144209861755	0.36843341588973999	true	true	2	1	3	2	5	Preserved	true	Preserved
S23-radial-linear-rgb	radial/linear-rgb	28	0.36843341588973999	0.40933504700660706	true	true	2	1	3	2	5	Preserved	true	Preserved
S23-radial-linear-rgb	radial/linear-rgb	29	0.40933504700660706	0.45315700769424438	true	true	2	1	3	2	5	Preserved	true	Preserved
S23-radial-linear-rgb	radial/linear-rgb	30	0.45315700769424438	0.5	true	true	8	4	9	8	17	Preserved	true	Preserved
S23-radial-linear-rgb	radial/linear-rgb	31	0.5	0.54684299230575562	true	true	8	4	9	8	17	Preserved	true	Preserved
S23-radial-linear-rgb	radial/linear-rgb	32	0.54684299230575562	0.59066498279571533	true	true	2	1	3	2	5	Preserved	true	Preserved
S23-radial-linear-rgb	radial/linear-rgb	33	0.59066498279571533	0.63156658411026001	true	true	2	1	3	2	5	Preserved	true	Preserved
S23-radial-linear-rgb	radial/linear-rgb	34	0.63156658411026001	0.66964852809906006	true	true	2	1	3	2	5	Preserved	true	Preserved
S23-radial-linear-rgb	radial/linear-rgb	35	0.66964852809906006	0.70501160621643066	true	true	8	4	9	8	17	Preserved	true	Preserved
S23-radial-linear-rgb	radial/linear-rgb	36	0.70501160621643066	0.73775637149810791	true	true	2	1	3	2	5	Preserved	true	Preserved
S23-radial-linear-rgb	radial/linear-rgb	37	0.73775637149810791	0.76798361539840698	true	true	2	1	3	2	5	Preserved	true	Preserved
S23-radial-linear-rgb	radial/linear-rgb	38	0.76798361539840698	0.79579401016235352	true	true	2	1	3	2	5	Preserved	true	Preserved
S23-radial-linear-rgb	radial/linear-rgb	39	0.79579401016235352	0.82128828763961792	true	true	8	4	9	8	17	Preserved	true	Preserved
S23-radial-linear-rgb	radial/linear-rgb	40	0.82128828763961792	0.84456717967987061	true	true	2	1	3	2	5	Preserved	true	Preserved
S23-radial-linear-rgb	radial/linear-rgb	41	0.84456717967987061	0.86573123931884766	true	true	2	1	3	2	5	Preserved	true	Preserved
S23-radial-linear-rgb	radial/linear-rgb	42	0.86573123931884766	0.88488131761550903	true	true	2	1	3	2	5	Preserved	true	Preserved
S23-radial-linear-rgb	radial/linear-rgb	43	0.88488131761550903	0.90211808681488037	true	true	8	4	9	8	17	Preserved	true	Preserved
S23-radial-linear-rgb	radial/linear-rgb	44	0.90211808681488037	0.9175422191619873	true	true	2	1	3	2	5	Preserved	true	Preserved
S23-radial-linear-rgb	radial/linear-rgb	45	0.9175422191619873	0.93125438690185547	true	true	2	1	3	2	5	Preserved	true	Preserved
S23-radial-linear-rgb	radial/linear-rgb	46	0.93125438690185547	0.94335538148880005	true	true	2	1	3	2	5	Preserved	true	Preserved
S23-radial-linear-rgb	radial/linear-rgb	47	0.94335538148880005	0.9539458155632019	true	true	8	4	9	8	17	Preserved	true	Preserved
S23-radial-linear-rgb	radial/linear-rgb	48	0.9539458155632019	0.96312642097473145	true	true	2	1	3	2	5	Preserved	true	Preserved
S23-radial-linear-rgb	radial/linear-rgb	49	0.96312642097473145	0.97099792957305908	true	true	2	1	3	2	5	Preserved	true	Preserved
S23-radial-linear-rgb	radial/linear-rgb	50	0.97099792957305908	0.97766101360321045	true	true	2	1	3	2	5	Preserved	true	Preserved
S23-radial-linear-rgb	radial/linear-rgb	51	0.97766101360321045	0.98321640491485596	true	true	8	4	9	8	17	Preserved	true	Preserved
S23-radial-linear-rgb	radial/linear-rgb	52	0.98321640491485596	0.98776477575302124	true	true	2	1	3	2	5	Preserved	true	Preserved
S23-radial-linear-rgb	radial/linear-rgb	53	0.98776477575302124	0.99140679836273193	true	true	2	1	3	2	5	Preserved	true	Preserved
S23-radial-linear-rgb	radial/linear-rgb	54	0.99140679836273193	0.99424320459365845	true	true	2	1	3	2	5	Preserved	true	Preserved
S23-radial-linear-rgb	radial/linear-rgb	55	0.99424320459365845	0.99637472629547119	true	true	8	4	9	8	17	Preserved	true	Preserved
S23-radial-linear-rgb	radial/linear-rgb	56	0.99637472629547119	0.9979020357131958	true	true	2	1	3	2	5	Preserved	true	Preserved
S23-radial-linear-rgb	radial/linear-rgb	57	0.9979020357131958	0.99892586469650269	true	true	2	1	3	2	5	Preserved	true	Preserved
S23-radial-linear-rgb	radial/linear-rgb	58	0.99892586469650269	0.99954682588577271	true	true	2	1	3	2	5	Preserved	true	Preserved
S23-radial-linear-rgb	radial/linear-rgb	59	0.99954682588577271	0.99986571073532104	true	true	8	4	9	8	17	Preserved	true	Preserved
S23-radial-linear-rgb	radial/linear-rgb	60	0.99986571073532104	0.99998319149017334	true	true	2	1	3	2	5	Preserved	true	Preserved
S23-radial-linear-rgb	radial/linear-rgb	61	0.99998319149017334	1	true	true	2	1	3	2	5	Preserved	true	Preserved
S24-linear-oklab	linear/oklab	0	0	0.0625	true	false	0	0	0	0	0	Preserved	true	Preserved
S24-linear-oklab	linear/oklab	1	0.0625	0.0625	false	false	0	0	0	0	0	Preserved	true	Preserved
S24-linear-oklab	linear/oklab	2	0.0625	0.125	true	false	0	0	0	0	0	Preserved	true	Preserved
S24-linear-oklab	linear/oklab	3	0.125	0.125	false	false	0	0	0	0	0	Preserved	true	Preserved
S24-linear-oklab	linear/oklab	4	0.125	0.1875	true	false	0	0	0	0	0	Preserved	true	Preserved
S24-linear-oklab	linear/oklab	5	0.1875	0.1875	false	false	0	0	0	0	0	Preserved	true	Preserved
S24-linear-oklab	linear/oklab	6	0.1875	0.25	true	false	0	0	0	0	0	Preserved	true	Preserved
S24-linear-oklab	linear/oklab	7	0.25	0.25	false	false	0	0	0	0	0	Preserved	true	Preserved
S24-linear-oklab	linear/oklab	8	0.25	0.3125	true	false	0	0	0	0	0	Preserved	true	Preserved
S24-linear-oklab	linear/oklab	9	0.3125	0.3125	false	false	0	0	0	0	0	Preserved	true	Preserved
S24-linear-oklab	linear/oklab	10	0.3125	0.375	true	false	0	0	0	0	0	Preserved	true	Preserved
S24-linear-oklab	linear/oklab	11	0.375	0.375	false	false	0	0	0	0	0	Preserved	true	Preserved
S24-linear-oklab	linear/oklab	12	0.375	0.4375	true	false	0	0	0	0	0	Preserved	true	Preserved
S24-linear-oklab	linear/oklab	13	0.4375	0.4375	false	false	0	0	0	0	0	Preserved	true	Preserved
S24-linear-oklab	linear/oklab	14	0.4375	0.5	true	false	0	0	0	0	0	Preserved	true	Preserved
S24-linear-oklab	linear/oklab	15	0.5	0.5625	true	false	0	0	0	0	0	Preserved	true	Preserved
S24-linear-oklab	linear/oklab	16	0.5625	0.5625	false	false	0	0	0	0	0	Preserved	true	Preserved
S24-linear-oklab	linear/oklab	17	0.5625	0.625	true	false	0	0	0	0	0	Preserved	true	Preserved
S24-linear-oklab	linear/oklab	18	0.625	0.625	false	false	0	0	0	0	0	Preserved	true	Preserved
S24-linear-oklab	linear/oklab	19	0.625	0.6875	true	false	0	0	0	0	0	Preserved	true	Preserved
S24-linear-oklab	linear/oklab	20	0.6875	0.6875	false	false	0	0	0	0	0	Preserved	true	Preserved
S24-linear-oklab	linear/oklab	21	0.6875	0.75	true	false	0	0	0	0	0	Preserved	true	Preserved
S24-linear-oklab	linear/oklab	22	0.75	0.75	false	false	0	0	0	0	0	Preserved	true	Preserved
S24-linear-oklab	linear/oklab	23	0.75	0.8125	true	false	0	0	0	0	0	Preserved	true	Preserved
S24-linear-oklab	linear/oklab	24	0.8125	0.8125	false	false	0	0	0	0	0	Preserved	true	Preserved
S24-linear-oklab	linear/oklab	25	0.8125	0.875	true	false	0	0	0	0	0	Preserved	true	Preserved
S24-linear-oklab	linear/oklab	26	0.875	0.875	false	false	0	0	0	0	0	Preserved	true	Preserved
S24-linear-oklab	linear/oklab	27	0.875	0.9375	true	false	0	0	0	0	0	Preserved	true	Preserved
S24-linear-oklab	linear/oklab	28	0.9375	0.9375	false	false	0	0	0	0	0	Preserved	true	Preserved
S24-linear-oklab	linear/oklab	29	0.9375	1	true	false	0	0	0	0	0	Preserved	true	Preserved
S24-radial-oklab	radial/oklab	0	0	0.0625	true	false	0	0	0	0	0	Preserved	true	Preserved
S24-radial-oklab	radial/oklab	1	0.0625	0.0625	false	false	0	0	0	0	0	Preserved	true	Preserved
S24-radial-oklab	radial/oklab	2	0.0625	0.125	true	false	0	0	0	0	0	Preserved	true	Preserved
S24-radial-oklab	radial/oklab	3	0.125	0.125	false	false	0	0	0	0	0	Preserved	true	Preserved
S24-radial-oklab	radial/oklab	4	0.125	0.1875	true	false	0	0	0	0	0	Preserved	true	Preserved
S24-radial-oklab	radial/oklab	5	0.1875	0.1875	false	false	0	0	0	0	0	Preserved	true	Preserved
S24-radial-oklab	radial/oklab	6	0.1875	0.25	true	false	0	0	0	0	0	Preserved	true	Preserved
S24-radial-oklab	radial/oklab	7	0.25	0.25	false	false	0	0	0	0	0	Preserved	true	Preserved
S24-radial-oklab	radial/oklab	8	0.25	0.3125	true	false	0	0	0	0	0	Preserved	true	Preserved
S24-radial-oklab	radial/oklab	9	0.3125	0.3125	false	false	0	0	0	0	0	Preserved	true	Preserved
S24-radial-oklab	radial/oklab	10	0.3125	0.375	true	false	0	0	0	0	0	Preserved	true	Preserved
S24-radial-oklab	radial/oklab	11	0.375	0.375	false	false	0	0	0	0	0	Preserved	true	Preserved
S24-radial-oklab	radial/oklab	12	0.375	0.4375	true	false	0	0	0	0	0	Preserved	true	Preserved
S24-radial-oklab	radial/oklab	13	0.4375	0.4375	false	false	0	0	0	0	0	Preserved	true	Preserved
S24-radial-oklab	radial/oklab	14	0.4375	0.5	true	false	0	0	0	0	0	Preserved	true	Preserved
S24-radial-oklab	radial/oklab	15	0.5	0.5625	true	false	0	0	0	0	0	Preserved	true	Preserved
S24-radial-oklab	radial/oklab	16	0.5625	0.5625	false	false	0	0	0	0	0	Preserved	true	Preserved
S24-radial-oklab	radial/oklab	17	0.5625	0.625	true	false	0	0	0	0	0	Preserved	true	Preserved
S24-radial-oklab	radial/oklab	18	0.625	0.625	false	false	0	0	0	0	0	Preserved	true	Preserved
S24-radial-oklab	radial/oklab	19	0.625	0.6875	true	false	0	0	0	0	0	Preserved	true	Preserved
S24-radial-oklab	radial/oklab	20	0.6875	0.6875	false	false	0	0	0	0	0	Preserved	true	Preserved
S24-radial-oklab	radial/oklab	21	0.6875	0.75	true	false	0	0	0	0	0	Preserved	true	Preserved
S24-radial-oklab	radial/oklab	22	0.75	0.75	false	false	0	0	0	0	0	Preserved	true	Preserved
S24-radial-oklab	radial/oklab	23	0.75	0.8125	true	false	0	0	0	0	0	Preserved	true	Preserved
S24-radial-oklab	radial/oklab	24	0.8125	0.8125	false	false	0	0	0	0	0	Preserved	true	Preserved
S24-radial-oklab	radial/oklab	25	0.8125	0.875	true	false	0	0	0	0	0	Preserved	true	Preserved
S24-radial-oklab	radial/oklab	26	0.875	0.875	false	false	0	0	0	0	0	Preserved	true	Preserved
S24-radial-oklab	radial/oklab	27	0.875	0.9375	true	false	0	0	0	0	0	Preserved	true	Preserved
S24-radial-oklab	radial/oklab	28	0.9375	0.9375	false	false	0	0	0	0	0	Preserved	true	Preserved
S24-radial-oklab	radial/oklab	29	0.9375	1	true	false	0	0	0	0	0	Preserved	true	Preserved
S24-linear-linear-rgb	linear/linear-rgb	0	0	0.0625	true	false	0	0	0	0	0	Preserved	true	Preserved
S24-linear-linear-rgb	linear/linear-rgb	1	0.0625	0.0625	false	false	0	0	0	0	0	Preserved	true	Preserved
S24-linear-linear-rgb	linear/linear-rgb	2	0.0625	0.125	true	false	0	0	0	0	0	Preserved	true	Preserved
S24-linear-linear-rgb	linear/linear-rgb	3	0.125	0.125	false	false	0	0	0	0	0	Preserved	true	Preserved
S24-linear-linear-rgb	linear/linear-rgb	4	0.125	0.1875	true	false	0	0	0	0	0	Preserved	true	Preserved
S24-linear-linear-rgb	linear/linear-rgb	5	0.1875	0.1875	false	false	0	0	0	0	0	Preserved	true	Preserved
S24-linear-linear-rgb	linear/linear-rgb	6	0.1875	0.25	true	false	0	0	0	0	0	Preserved	true	Preserved
S24-linear-linear-rgb	linear/linear-rgb	7	0.25	0.25	false	false	0	0	0	0	0	Preserved	true	Preserved
S24-linear-linear-rgb	linear/linear-rgb	8	0.25	0.3125	true	false	0	0	0	0	0	Preserved	true	Preserved
S24-linear-linear-rgb	linear/linear-rgb	9	0.3125	0.3125	false	false	0	0	0	0	0	Preserved	true	Preserved
S24-linear-linear-rgb	linear/linear-rgb	10	0.3125	0.375	true	false	0	0	0	0	0	Preserved	true	Preserved
S24-linear-linear-rgb	linear/linear-rgb	11	0.375	0.375	false	false	0	0	0	0	0	Preserved	true	Preserved
S24-linear-linear-rgb	linear/linear-rgb	12	0.375	0.4375	true	false	0	0	0	0	0	Preserved	true	Preserved
S24-linear-linear-rgb	linear/linear-rgb	13	0.4375	0.4375	false	false	0	0	0	0	0	Preserved	true	Preserved
S24-linear-linear-rgb	linear/linear-rgb	14	0.4375	0.5	true	false	0	0	0	0	0	Preserved	true	Preserved
S24-linear-linear-rgb	linear/linear-rgb	15	0.5	0.5625	true	false	0	0	0	0	0	Preserved	true	Preserved
S24-linear-linear-rgb	linear/linear-rgb	16	0.5625	0.5625	false	false	0	0	0	0	0	Preserved	true	Preserved
S24-linear-linear-rgb	linear/linear-rgb	17	0.5625	0.625	true	false	0	0	0	0	0	Preserved	true	Preserved
S24-linear-linear-rgb	linear/linear-rgb	18	0.625	0.625	false	false	0	0	0	0	0	Preserved	true	Preserved
S24-linear-linear-rgb	linear/linear-rgb	19	0.625	0.6875	true	false	0	0	0	0	0	Preserved	true	Preserved
S24-linear-linear-rgb	linear/linear-rgb	20	0.6875	0.6875	false	false	0	0	0	0	0	Preserved	true	Preserved
S24-linear-linear-rgb	linear/linear-rgb	21	0.6875	0.75	true	false	0	0	0	0	0	Preserved	true	Preserved
S24-linear-linear-rgb	linear/linear-rgb	22	0.75	0.75	false	false	0	0	0	0	0	Preserved	true	Preserved
S24-linear-linear-rgb	linear/linear-rgb	23	0.75	0.8125	true	false	0	0	0	0	0	Preserved	true	Preserved
S24-linear-linear-rgb	linear/linear-rgb	24	0.8125	0.8125	false	false	0	0	0	0	0	Preserved	true	Preserved
S24-linear-linear-rgb	linear/linear-rgb	25	0.8125	0.875	true	false	0	0	0	0	0	Preserved	true	Preserved
S24-linear-linear-rgb	linear/linear-rgb	26	0.875	0.875	false	false	0	0	0	0	0	Preserved	true	Preserved
S24-linear-linear-rgb	linear/linear-rgb	27	0.875	0.9375	true	false	0	0	0	0	0	Preserved	true	Preserved
S24-linear-linear-rgb	linear/linear-rgb	28	0.9375	0.9375	false	false	0	0	0	0	0	Preserved	true	Preserved
S24-linear-linear-rgb	linear/linear-rgb	29	0.9375	1	true	false	0	0	0	0	0	Preserved	true	Preserved
S24-radial-linear-rgb	radial/linear-rgb	0	0	0.0625	true	false	0	0	0	0	0	Preserved	true	Preserved
S24-radial-linear-rgb	radial/linear-rgb	1	0.0625	0.0625	false	false	0	0	0	0	0	Preserved	true	Preserved
S24-radial-linear-rgb	radial/linear-rgb	2	0.0625	0.125	true	false	0	0	0	0	0	Preserved	true	Preserved
S24-radial-linear-rgb	radial/linear-rgb	3	0.125	0.125	false	false	0	0	0	0	0	Preserved	true	Preserved
S24-radial-linear-rgb	radial/linear-rgb	4	0.125	0.1875	true	false	0	0	0	0	0	Preserved	true	Preserved
S24-radial-linear-rgb	radial/linear-rgb	5	0.1875	0.1875	false	false	0	0	0	0	0	Preserved	true	Preserved
S24-radial-linear-rgb	radial/linear-rgb	6	0.1875	0.25	true	false	0	0	0	0	0	Preserved	true	Preserved
S24-radial-linear-rgb	radial/linear-rgb	7	0.25	0.25	false	false	0	0	0	0	0	Preserved	true	Preserved
S24-radial-linear-rgb	radial/linear-rgb	8	0.25	0.3125	true	false	0	0	0	0	0	Preserved	true	Preserved
S24-radial-linear-rgb	radial/linear-rgb	9	0.3125	0.3125	false	false	0	0	0	0	0	Preserved	true	Preserved
S24-radial-linear-rgb	radial/linear-rgb	10	0.3125	0.375	true	false	0	0	0	0	0	Preserved	true	Preserved
S24-radial-linear-rgb	radial/linear-rgb	11	0.375	0.375	false	false	0	0	0	0	0	Preserved	true	Preserved
S24-radial-linear-rgb	radial/linear-rgb	12	0.375	0.4375	true	false	0	0	0	0	0	Preserved	true	Preserved
S24-radial-linear-rgb	radial/linear-rgb	13	0.4375	0.4375	false	false	0	0	0	0	0	Preserved	true	Preserved
S24-radial-linear-rgb	radial/linear-rgb	14	0.4375	0.5	true	false	0	0	0	0	0	Preserved	true	Preserved
S24-radial-linear-rgb	radial/linear-rgb	15	0.5	0.5625	true	false	0	0	0	0	0	Preserved	true	Preserved
S24-radial-linear-rgb	radial/linear-rgb	16	0.5625	0.5625	false	false	0	0	0	0	0	Preserved	true	Preserved
S24-radial-linear-rgb	radial/linear-rgb	17	0.5625	0.625	true	false	0	0	0	0	0	Preserved	true	Preserved
S24-radial-linear-rgb	radial/linear-rgb	18	0.625	0.625	false	false	0	0	0	0	0	Preserved	true	Preserved
S24-radial-linear-rgb	radial/linear-rgb	19	0.625	0.6875	true	false	0	0	0	0	0	Preserved	true	Preserved
S24-radial-linear-rgb	radial/linear-rgb	20	0.6875	0.6875	false	false	0	0	0	0	0	Preserved	true	Preserved
S24-radial-linear-rgb	radial/linear-rgb	21	0.6875	0.75	true	false	0	0	0	0	0	Preserved	true	Preserved
S24-radial-linear-rgb	radial/linear-rgb	22	0.75	0.75	false	false	0	0	0	0	0	Preserved	true	Preserved
S24-radial-linear-rgb	radial/linear-rgb	23	0.75	0.8125	true	false	0	0	0	0	0	Preserved	true	Preserved
S24-radial-linear-rgb	radial/linear-rgb	24	0.8125	0.8125	false	false	0	0	0	0	0	Preserved	true	Preserved
S24-radial-linear-rgb	radial/linear-rgb	25	0.8125	0.875	true	false	0	0	0	0	0	Preserved	true	Preserved
S24-radial-linear-rgb	radial/linear-rgb	26	0.875	0.875	false	false	0	0	0	0	0	Preserved	true	Preserved
S24-radial-linear-rgb	radial/linear-rgb	27	0.875	0.9375	true	false	0	0	0	0	0	Preserved	true	Preserved
S24-radial-linear-rgb	radial/linear-rgb	28	0.9375	0.9375	false	false	0	0	0	0	0	Preserved	true	Preserved
S24-radial-linear-rgb	radial/linear-rgb	29	0.9375	1	true	false	0	0	0	0	0	Preserved	true	Preserved
