record_type	key	value	sha256	detail
metadata-read-before-runner	M001	rg --files ... | rg P1268/ADR path discovery [filenames only]		metadata only; no unlisted file content opened
metadata-read-before-runner	M002	wc -l [authorized frozen inputs/template/source] [line-count metadata]		metadata only; no unlisted file content opened
metadata-read-before-runner	M003	git rev-parse HEAD && git diff HEAD --stat && git status --short [repository metadata only]		metadata only; no unlisted file content opened
action-before-runner	A001	mkdir -p /tmp/p1268/oracle_v3		write/action record; not a content read
action-before-runner	A002	apply_patch Add File /tmp/p1268/oracle_v3/runner.py from sha256:522611321055458b5a0be3fc4462f0fd1dfa27bc3e8fe00decf77b5a4d423145 with V3-only mechanical substitutions		write/action record; not a content read
action-before-runner	A003	syntax/diff/output audit; mechanical receipt wording correction; clean regeneration of owned V3 outputs		write/action record; not a content read
runner-command	C0001	git rev-parse HEAD	3775c8b50c8bc276a1ab305e8899dbb82f7a00ea2ebda3d94fb105d9c086848f	exit=0;stderr_sha256=e3b0c44298fc1c149afbf4c8996fb92427ae41e4649b934ca495991b7852b855
runner-command	C0002	git status --short	58b080964fc5eb142fcb1147a519a4b3e12170e9ca8cd937d565b115105158d5	exit=0;stderr_sha256=e3b0c44298fc1c149afbf4c8996fb92427ae41e4649b934ca495991b7852b855
runner-command	C0003	/usr/local/bin/typst compile /repos/Antigravity/typst-crystalline/lab/parity/matrix/fixtures/p1266/S01-linear-oklab.typ /tmp/p1268/oracle_v3/binaries/direct/S01-linear-oklab.svg	e3b0c44298fc1c149afbf4c8996fb92427ae41e4649b934ca495991b7852b855	exit=0;stderr_sha256=e3b0c44298fc1c149afbf4c8996fb92427ae41e4649b934ca495991b7852b855
runner-command	C0004	/usr/local/bin/typst eval --format json let norm = x => if type(x) == ratio { x / 100% } else { x }; let g = gradient.linear(red, rgb(46, 204, 64), space: color.oklab, angle: 0deg); (g.stops().map(s => (s.at(0).components().map(norm), s.at(1) / 100%)), repr(g.kind()), repr(g.space()), repr(g.angle()), repr(g.center()), repr(g.radius()), repr(g.focal-center()), repr(g.focal-radius()))	68c4669dd44730d4bd15ac3b367c7ff90499886c15c3a3e21022157e679d3749	exit=0;stderr_sha256=e3b0c44298fc1c149afbf4c8996fb92427ae41e4649b934ca495991b7852b855
runner-command	C0005	/usr/local/bin/typst eval --format json let norm = x => if type(x) == ratio { x / 100% } else { x }; let g = gradient.linear(red, rgb(46, 204, 64), space: color.oklab, angle: 0deg); let ss = g.stops(); let mesh = range(8193).map(i => g.sample(i / 8192 * 100%).components().map(norm)); let dyadic = range(ss.len() - 1).map(i => { let a = ss.at(i).at(1); let b = ss.at(i + 1).at(1); range(129).map(k => g.sample(a + (b - a) * k / 128).components().map(norm)) }); let probes = (0%,).map(t => g.sample(t).components().map(norm)); (mesh, dyadic, probes)	3e50b4cdb0bdfbc94d82b9bf4675a8c82985d69181146742f092e02972c076fc	exit=0;stderr_sha256=e3b0c44298fc1c149afbf4c8996fb92427ae41e4649b934ca495991b7852b855
runner-command	C0006	rsvg-convert --zoom 1 -o /tmp/p1268/oracle_v3/masks/S01-linear-oklab.png /tmp/p1268/oracle_v3/masks/S01-linear-oklab.svg	e3b0c44298fc1c149afbf4c8996fb92427ae41e4649b934ca495991b7852b855	exit=0;stderr_sha256=e3b0c44298fc1c149afbf4c8996fb92427ae41e4649b934ca495991b7852b855
runner-command	C0007	/usr/local/bin/typst compile /repos/Antigravity/typst-crystalline/lab/parity/matrix/fixtures/p1266/S01-radial-oklab.typ /tmp/p1268/oracle_v3/binaries/direct/S01-radial-oklab.svg	e3b0c44298fc1c149afbf4c8996fb92427ae41e4649b934ca495991b7852b855	exit=0;stderr_sha256=e3b0c44298fc1c149afbf4c8996fb92427ae41e4649b934ca495991b7852b855
runner-command	C0008	/usr/local/bin/typst eval --format json let norm = x => if type(x) == ratio { x / 100% } else { x }; let g = gradient.radial(red, rgb(46, 204, 64), space: color.oklab, center: (50%, 50%), radius: 50%, focal-center: (50%, 50%), focal-radius: 0%); (g.stops().map(s => (s.at(0).components().map(norm), s.at(1) / 100%)), repr(g.kind()), repr(g.space()), repr(g.angle()), repr(g.center()), repr(g.radius()), repr(g.focal-center()), repr(g.focal-radius()))	f1698ac883d34567e73b26cb68c458bdcb94594fec5fbd8ceaf965f887038f7d	exit=0;stderr_sha256=e3b0c44298fc1c149afbf4c8996fb92427ae41e4649b934ca495991b7852b855
runner-command	C0009	/usr/local/bin/typst eval --format json let norm = x => if type(x) == ratio { x / 100% } else { x }; let g = gradient.radial(red, rgb(46, 204, 64), space: color.oklab, center: (50%, 50%), radius: 50%, focal-center: (50%, 50%), focal-radius: 0%); let ss = g.stops(); let mesh = range(8193).map(i => g.sample(i / 8192 * 100%).components().map(norm)); let dyadic = range(ss.len() - 1).map(i => { let a = ss.at(i).at(1); let b = ss.at(i + 1).at(1); range(129).map(k => g.sample(a + (b - a) * k / 128).components().map(norm)) }); let probes = (0%,).map(t => g.sample(t).components().map(norm)); (mesh, dyadic, probes)	3e50b4cdb0bdfbc94d82b9bf4675a8c82985d69181146742f092e02972c076fc	exit=0;stderr_sha256=e3b0c44298fc1c149afbf4c8996fb92427ae41e4649b934ca495991b7852b855
runner-command	C0010	rsvg-convert --zoom 1 -o /tmp/p1268/oracle_v3/masks/S01-radial-oklab.png /tmp/p1268/oracle_v3/masks/S01-radial-oklab.svg	e3b0c44298fc1c149afbf4c8996fb92427ae41e4649b934ca495991b7852b855	exit=0;stderr_sha256=e3b0c44298fc1c149afbf4c8996fb92427ae41e4649b934ca495991b7852b855
runner-command	C0011	/usr/local/bin/typst compile /repos/Antigravity/typst-crystalline/lab/parity/matrix/fixtures/p1266/S01-linear-linear-rgb.typ /tmp/p1268/oracle_v3/binaries/direct/S01-linear-linear-rgb.svg	e3b0c44298fc1c149afbf4c8996fb92427ae41e4649b934ca495991b7852b855	exit=0;stderr_sha256=e3b0c44298fc1c149afbf4c8996fb92427ae41e4649b934ca495991b7852b855
runner-command	C0012	/usr/local/bin/typst eval --format json let norm = x => if type(x) == ratio { x / 100% } else { x }; let g = gradient.linear(red, rgb(46, 204, 64), space: color.linear-rgb, angle: 0deg); (g.stops().map(s => (s.at(0).components().map(norm), s.at(1) / 100%)), repr(g.kind()), repr(g.space()), repr(g.angle()), repr(g.center()), repr(g.radius()), repr(g.focal-center()), repr(g.focal-radius()))	654a1f6b681c869cae209f34695759fb8047761357a858554662722fa94e2b32	exit=0;stderr_sha256=e3b0c44298fc1c149afbf4c8996fb92427ae41e4649b934ca495991b7852b855
runner-command	C0013	/usr/local/bin/typst eval --format json let norm = x => if type(x) == ratio { x / 100% } else { x }; let g = gradient.linear(red, rgb(46, 204, 64), space: color.linear-rgb, angle: 0deg); let ss = g.stops(); let mesh = range(8193).map(i => g.sample(i / 8192 * 100%).components().map(norm)); let dyadic = range(ss.len() - 1).map(i => { let a = ss.at(i).at(1); let b = ss.at(i + 1).at(1); range(129).map(k => g.sample(a + (b - a) * k / 128).components().map(norm)) }); let probes = (0%,).map(t => g.sample(t).components().map(norm)); (mesh, dyadic, probes)	806eed0ed49c6584160655c31f11362068d99e3a4bf949deb8ce2f95eb46d676	exit=0;stderr_sha256=e3b0c44298fc1c149afbf4c8996fb92427ae41e4649b934ca495991b7852b855
runner-command	C0014	rsvg-convert --zoom 1 -o /tmp/p1268/oracle_v3/masks/S01-linear-linear-rgb.png /tmp/p1268/oracle_v3/masks/S01-linear-linear-rgb.svg	e3b0c44298fc1c149afbf4c8996fb92427ae41e4649b934ca495991b7852b855	exit=0;stderr_sha256=e3b0c44298fc1c149afbf4c8996fb92427ae41e4649b934ca495991b7852b855
runner-command	C0015	/usr/local/bin/typst compile /repos/Antigravity/typst-crystalline/lab/parity/matrix/fixtures/p1266/S01-radial-linear-rgb.typ /tmp/p1268/oracle_v3/binaries/direct/S01-radial-linear-rgb.svg	e3b0c44298fc1c149afbf4c8996fb92427ae41e4649b934ca495991b7852b855	exit=0;stderr_sha256=e3b0c44298fc1c149afbf4c8996fb92427ae41e4649b934ca495991b7852b855
runner-command	C0016	/usr/local/bin/typst eval --format json let norm = x => if type(x) == ratio { x / 100% } else { x }; let g = gradient.radial(red, rgb(46, 204, 64), space: color.linear-rgb, center: (50%, 50%), radius: 50%, focal-center: (50%, 50%), focal-radius: 0%); (g.stops().map(s => (s.at(0).components().map(norm), s.at(1) / 100%)), repr(g.kind()), repr(g.space()), repr(g.angle()), repr(g.center()), repr(g.radius()), repr(g.focal-center()), repr(g.focal-radius()))	90b562f72065c0ee4ddcaedab92812ffca3f1fa0dce46c92cf4957accc839ab7	exit=0;stderr_sha256=e3b0c44298fc1c149afbf4c8996fb92427ae41e4649b934ca495991b7852b855
runner-command	C0017	/usr/local/bin/typst eval --format json let norm = x => if type(x) == ratio { x / 100% } else { x }; let g = gradient.radial(red, rgb(46, 204, 64), space: color.linear-rgb, center: (50%, 50%), radius: 50%, focal-center: (50%, 50%), focal-radius: 0%); let ss = g.stops(); let mesh = range(8193).map(i => g.sample(i / 8192 * 100%).components().map(norm)); let dyadic = range(ss.len() - 1).map(i => { let a = ss.at(i).at(1); let b = ss.at(i + 1).at(1); range(129).map(k => g.sample(a + (b - a) * k / 128).components().map(norm)) }); let probes = (0%,).map(t => g.sample(t).components().map(norm)); (mesh, dyadic, probes)	806eed0ed49c6584160655c31f11362068d99e3a4bf949deb8ce2f95eb46d676	exit=0;stderr_sha256=e3b0c44298fc1c149afbf4c8996fb92427ae41e4649b934ca495991b7852b855
runner-command	C0018	rsvg-convert --zoom 1 -o /tmp/p1268/oracle_v3/masks/S01-radial-linear-rgb.png /tmp/p1268/oracle_v3/masks/S01-radial-linear-rgb.svg	e3b0c44298fc1c149afbf4c8996fb92427ae41e4649b934ca495991b7852b855	exit=0;stderr_sha256=e3b0c44298fc1c149afbf4c8996fb92427ae41e4649b934ca495991b7852b855
runner-command	C0019	/usr/local/bin/typst compile /repos/Antigravity/typst-crystalline/lab/parity/matrix/fixtures/p1266/S02-linear-oklab.typ /tmp/p1268/oracle_v3/binaries/direct/S02-linear-oklab.svg	e3b0c44298fc1c149afbf4c8996fb92427ae41e4649b934ca495991b7852b855	exit=0;stderr_sha256=e3b0c44298fc1c149afbf4c8996fb92427ae41e4649b934ca495991b7852b855
runner-command	C0020	/usr/local/bin/typst eval --format json let norm = x => if type(x) == ratio { x / 100% } else { x }; let g = gradient.linear((rgb(38, 70, 83), 0%), (rgb(42, 157, 143), 50%), (rgb(233, 196, 106), 100%), space: color.oklab, angle: 37deg); (g.stops().map(s => (s.at(0).components().map(norm), s.at(1) / 100%)), repr(g.kind()), repr(g.space()), repr(g.angle()), repr(g.center()), repr(g.radius()), repr(g.focal-center()), repr(g.focal-radius()))	c4290759482622fee7981730d7cb5199091b952bb05a39a7da5f8545af4ec226	exit=0;stderr_sha256=e3b0c44298fc1c149afbf4c8996fb92427ae41e4649b934ca495991b7852b855
runner-command	C0021	/usr/local/bin/typst eval --format json let norm = x => if type(x) == ratio { x / 100% } else { x }; let g = gradient.linear((rgb(38, 70, 83), 0%), (rgb(42, 157, 143), 50%), (rgb(233, 196, 106), 100%), space: color.oklab, angle: 37deg); let ss = g.stops(); let mesh = range(8193).map(i => g.sample(i / 8192 * 100%).components().map(norm)); let dyadic = range(ss.len() - 1).map(i => { let a = ss.at(i).at(1); let b = ss.at(i + 1).at(1); range(129).map(k => g.sample(a + (b - a) * k / 128).components().map(norm)) }); let probes = (0%,).map(t => g.sample(t).components().map(norm)); (mesh, dyadic, probes)	28d1f44428242710df557f7577fa4e2434cb399aad3d85dd17a5e38693826880	exit=0;stderr_sha256=e3b0c44298fc1c149afbf4c8996fb92427ae41e4649b934ca495991b7852b855
runner-command	C0022	rsvg-convert --zoom 1 -o /tmp/p1268/oracle_v3/masks/S02-linear-oklab.png /tmp/p1268/oracle_v3/masks/S02-linear-oklab.svg	e3b0c44298fc1c149afbf4c8996fb92427ae41e4649b934ca495991b7852b855	exit=0;stderr_sha256=e3b0c44298fc1c149afbf4c8996fb92427ae41e4649b934ca495991b7852b855
runner-command	C0023	/usr/local/bin/typst compile /repos/Antigravity/typst-crystalline/lab/parity/matrix/fixtures/p1266/S02-radial-oklab.typ /tmp/p1268/oracle_v3/binaries/direct/S02-radial-oklab.svg	e3b0c44298fc1c149afbf4c8996fb92427ae41e4649b934ca495991b7852b855	exit=0;stderr_sha256=e3b0c44298fc1c149afbf4c8996fb92427ae41e4649b934ca495991b7852b855
runner-command	C0024	/usr/local/bin/typst eval --format json let norm = x => if type(x) == ratio { x / 100% } else { x }; let g = gradient.radial((rgb(38, 70, 83), 0%), (rgb(42, 157, 143), 50%), (rgb(233, 196, 106), 100%), space: color.oklab, center: (50%, 50%), radius: 60%, focal-center: (50%, 50%), focal-radius: 0%); (g.stops().map(s => (s.at(0).components().map(norm), s.at(1) / 100%)), repr(g.kind()), repr(g.space()), repr(g.angle()), repr(g.center()), repr(g.radius()), repr(g.focal-center()), repr(g.focal-radius()))	adde69b28ba28568baf70dfec88afb68e880cc1d0b417ec73688ff1f4bc52b24	exit=0;stderr_sha256=e3b0c44298fc1c149afbf4c8996fb92427ae41e4649b934ca495991b7852b855
runner-command	C0025	/usr/local/bin/typst eval --format json let norm = x => if type(x) == ratio { x / 100% } else { x }; let g = gradient.radial((rgb(38, 70, 83), 0%), (rgb(42, 157, 143), 50%), (rgb(233, 196, 106), 100%), space: color.oklab, center: (50%, 50%), radius: 60%, focal-center: (50%, 50%), focal-radius: 0%); let ss = g.stops(); let mesh = range(8193).map(i => g.sample(i / 8192 * 100%).components().map(norm)); let dyadic = range(ss.len() - 1).map(i => { let a = ss.at(i).at(1); let b = ss.at(i + 1).at(1); range(129).map(k => g.sample(a + (b - a) * k / 128).components().map(norm)) }); let probes = (0%,).map(t => g.sample(t).components().map(norm)); (mesh, dyadic, probes)	28d1f44428242710df557f7577fa4e2434cb399aad3d85dd17a5e38693826880	exit=0;stderr_sha256=e3b0c44298fc1c149afbf4c8996fb92427ae41e4649b934ca495991b7852b855
runner-command	C0026	rsvg-convert --zoom 1 -o /tmp/p1268/oracle_v3/masks/S02-radial-oklab.png /tmp/p1268/oracle_v3/masks/S02-radial-oklab.svg	e3b0c44298fc1c149afbf4c8996fb92427ae41e4649b934ca495991b7852b855	exit=0;stderr_sha256=e3b0c44298fc1c149afbf4c8996fb92427ae41e4649b934ca495991b7852b855
runner-command	C0027	/usr/local/bin/typst compile /repos/Antigravity/typst-crystalline/lab/parity/matrix/fixtures/p1266/S02-linear-linear-rgb.typ /tmp/p1268/oracle_v3/binaries/direct/S02-linear-linear-rgb.svg	e3b0c44298fc1c149afbf4c8996fb92427ae41e4649b934ca495991b7852b855	exit=0;stderr_sha256=e3b0c44298fc1c149afbf4c8996fb92427ae41e4649b934ca495991b7852b855
runner-command	C0028	/usr/local/bin/typst eval --format json let norm = x => if type(x) == ratio { x / 100% } else { x }; let g = gradient.linear((rgb(38, 70, 83), 0%), (rgb(42, 157, 143), 50%), (rgb(233, 196, 106), 100%), space: color.linear-rgb, angle: 37deg); (g.stops().map(s => (s.at(0).components().map(norm), s.at(1) / 100%)), repr(g.kind()), repr(g.space()), repr(g.angle()), repr(g.center()), repr(g.radius()), repr(g.focal-center()), repr(g.focal-radius()))	5caf892980d6ff20a2f9bfb730d09d77b4162a1e70c82f77ffd6a561c07b4916	exit=0;stderr_sha256=e3b0c44298fc1c149afbf4c8996fb92427ae41e4649b934ca495991b7852b855
runner-command	C0029	/usr/local/bin/typst eval --format json let norm = x => if type(x) == ratio { x / 100% } else { x }; let g = gradient.linear((rgb(38, 70, 83), 0%), (rgb(42, 157, 143), 50%), (rgb(233, 196, 106), 100%), space: color.linear-rgb, angle: 37deg); let ss = g.stops(); let mesh = range(8193).map(i => g.sample(i / 8192 * 100%).components().map(norm)); let dyadic = range(ss.len() - 1).map(i => { let a = ss.at(i).at(1); let b = ss.at(i + 1).at(1); range(129).map(k => g.sample(a + (b - a) * k / 128).components().map(norm)) }); let probes = (0%,).map(t => g.sample(t).components().map(norm)); (mesh, dyadic, probes)	edbd23c81b1d91da84c186b50ff191912f23d2a5d841143f25d66c62d7a43f19	exit=0;stderr_sha256=e3b0c44298fc1c149afbf4c8996fb92427ae41e4649b934ca495991b7852b855
runner-command	C0030	rsvg-convert --zoom 1 -o /tmp/p1268/oracle_v3/masks/S02-linear-linear-rgb.png /tmp/p1268/oracle_v3/masks/S02-linear-linear-rgb.svg	e3b0c44298fc1c149afbf4c8996fb92427ae41e4649b934ca495991b7852b855	exit=0;stderr_sha256=e3b0c44298fc1c149afbf4c8996fb92427ae41e4649b934ca495991b7852b855
runner-command	C0031	/usr/local/bin/typst compile /repos/Antigravity/typst-crystalline/lab/parity/matrix/fixtures/p1266/S02-radial-linear-rgb.typ /tmp/p1268/oracle_v3/binaries/direct/S02-radial-linear-rgb.svg	e3b0c44298fc1c149afbf4c8996fb92427ae41e4649b934ca495991b7852b855	exit=0;stderr_sha256=e3b0c44298fc1c149afbf4c8996fb92427ae41e4649b934ca495991b7852b855
runner-command	C0032	/usr/local/bin/typst eval --format json let norm = x => if type(x) == ratio { x / 100% } else { x }; let g = gradient.radial((rgb(38, 70, 83), 0%), (rgb(42, 157, 143), 50%), (rgb(233, 196, 106), 100%), space: color.linear-rgb, center: (50%, 50%), radius: 60%, focal-center: (50%, 50%), focal-radius: 0%); (g.stops().map(s => (s.at(0).components().map(norm), s.at(1) / 100%)), repr(g.kind()), repr(g.space()), repr(g.angle()), repr(g.center()), repr(g.radius()), repr(g.focal-center()), repr(g.focal-radius()))	8c498abb6a4a03873c270d76174e7f05fe86b4c9160be17ee936a18588f7d1b1	exit=0;stderr_sha256=e3b0c44298fc1c149afbf4c8996fb92427ae41e4649b934ca495991b7852b855
runner-command	C0033	/usr/local/bin/typst eval --format json let norm = x => if type(x) == ratio { x / 100% } else { x }; let g = gradient.radial((rgb(38, 70, 83), 0%), (rgb(42, 157, 143), 50%), (rgb(233, 196, 106), 100%), space: color.linear-rgb, center: (50%, 50%), radius: 60%, focal-center: (50%, 50%), focal-radius: 0%); let ss = g.stops(); let mesh = range(8193).map(i => g.sample(i / 8192 * 100%).components().map(norm)); let dyadic = range(ss.len() - 1).map(i => { let a = ss.at(i).at(1); let b = ss.at(i + 1).at(1); range(129).map(k => g.sample(a + (b - a) * k / 128).components().map(norm)) }); let probes = (0%,).map(t => g.sample(t).components().map(norm)); (mesh, dyadic, probes)	edbd23c81b1d91da84c186b50ff191912f23d2a5d841143f25d66c62d7a43f19	exit=0;stderr_sha256=e3b0c44298fc1c149afbf4c8996fb92427ae41e4649b934ca495991b7852b855
runner-command	C0034	rsvg-convert --zoom 1 -o /tmp/p1268/oracle_v3/masks/S02-radial-linear-rgb.png /tmp/p1268/oracle_v3/masks/S02-radial-linear-rgb.svg	e3b0c44298fc1c149afbf4c8996fb92427ae41e4649b934ca495991b7852b855	exit=0;stderr_sha256=e3b0c44298fc1c149afbf4c8996fb92427ae41e4649b934ca495991b7852b855
runner-command	C0035	/usr/local/bin/typst compile /repos/Antigravity/typst-crystalline/lab/parity/matrix/fixtures/p1266/S03-linear-oklab.typ /tmp/p1268/oracle_v3/binaries/direct/S03-linear-oklab.svg	e3b0c44298fc1c149afbf4c8996fb92427ae41e4649b934ca495991b7852b855	exit=0;stderr_sha256=e3b0c44298fc1c149afbf4c8996fb92427ae41e4649b934ca495991b7852b855
runner-command	C0036	/usr/local/bin/typst eval --format json let norm = x => if type(x) == ratio { x / 100% } else { x }; let g = gradient.linear((red.transparentize(100%), 0%), (rgb(46, 204, 64), 3.7037037037037%), (blue, 29.6296296296296%), (yellow, 100%), space: color.oklab, angle: 90deg); (g.stops().map(s => (s.at(0).components().map(norm), s.at(1) / 100%)), repr(g.kind()), repr(g.space()), repr(g.angle()), repr(g.center()), repr(g.radius()), repr(g.focal-center()), repr(g.focal-radius()))	23ed07e4bea9e4a031eab6911e907a2a8cf6452f0fbcf708160b2dfcf550c22a	exit=0;stderr_sha256=e3b0c44298fc1c149afbf4c8996fb92427ae41e4649b934ca495991b7852b855
runner-command	C0037	/usr/local/bin/typst eval --format json let norm = x => if type(x) == ratio { x / 100% } else { x }; let g = gradient.linear((red.transparentize(100%), 0%), (rgb(46, 204, 64), 3.7037037037037%), (blue, 29.6296296296296%), (yellow, 100%), space: color.oklab, angle: 90deg); let ss = g.stops(); let mesh = range(8193).map(i => g.sample(i / 8192 * 100%).components().map(norm)); let dyadic = range(ss.len() - 1).map(i => { let a = ss.at(i).at(1); let b = ss.at(i + 1).at(1); range(129).map(k => g.sample(a + (b - a) * k / 128).components().map(norm)) }); let probes = (0%,).map(t => g.sample(t).components().map(norm)); (mesh, dyadic, probes)	ff1fc952a19567d56540335e6bfc0e94758de8724119780342fc19941c0eabbd	exit=0;stderr_sha256=e3b0c44298fc1c149afbf4c8996fb92427ae41e4649b934ca495991b7852b855
runner-command	C0038	rsvg-convert --zoom 1 -o /tmp/p1268/oracle_v3/masks/S03-linear-oklab.png /tmp/p1268/oracle_v3/masks/S03-linear-oklab.svg	e3b0c44298fc1c149afbf4c8996fb92427ae41e4649b934ca495991b7852b855	exit=0;stderr_sha256=e3b0c44298fc1c149afbf4c8996fb92427ae41e4649b934ca495991b7852b855
runner-command	C0039	/usr/local/bin/typst compile /repos/Antigravity/typst-crystalline/lab/parity/matrix/fixtures/p1266/S03-radial-oklab.typ /tmp/p1268/oracle_v3/binaries/direct/S03-radial-oklab.svg	e3b0c44298fc1c149afbf4c8996fb92427ae41e4649b934ca495991b7852b855	exit=0;stderr_sha256=e3b0c44298fc1c149afbf4c8996fb92427ae41e4649b934ca495991b7852b855
runner-command	C0040	/usr/local/bin/typst eval --format json let norm = x => if type(x) == ratio { x / 100% } else { x }; let g = gradient.radial((red.transparentize(100%), 0%), (rgb(46, 204, 64), 3.7037037037037%), (blue, 29.6296296296296%), (yellow, 100%), space: color.oklab, center: (50%, 50%), radius: 65%, focal-center: (30%, 40%), focal-radius: 10%); (g.stops().map(s => (s.at(0).components().map(norm), s.at(1) / 100%)), repr(g.kind()), repr(g.space()), repr(g.angle()), repr(g.center()), repr(g.radius()), repr(g.focal-center()), repr(g.focal-radius()))	7e7a28c6c9f592154cbd54955be3ae9877c5907d9aaee1bc8c2b77c15e9a8c17	exit=0;stderr_sha256=e3b0c44298fc1c149afbf4c8996fb92427ae41e4649b934ca495991b7852b855
runner-command	C0041	/usr/local/bin/typst eval --format json let norm = x => if type(x) == ratio { x / 100% } else { x }; let g = gradient.radial((red.transparentize(100%), 0%), (rgb(46, 204, 64), 3.7037037037037%), (blue, 29.6296296296296%), (yellow, 100%), space: color.oklab, center: (50%, 50%), radius: 65%, focal-center: (30%, 40%), focal-radius: 10%); let ss = g.stops(); let mesh = range(8193).map(i => g.sample(i / 8192 * 100%).components().map(norm)); let dyadic = range(ss.len() - 1).map(i => { let a = ss.at(i).at(1); let b = ss.at(i + 1).at(1); range(129).map(k => g.sample(a + (b - a) * k / 128).components().map(norm)) }); let probes = (0%,).map(t => g.sample(t).components().map(norm)); (mesh, dyadic, probes)	ff1fc952a19567d56540335e6bfc0e94758de8724119780342fc19941c0eabbd	exit=0;stderr_sha256=e3b0c44298fc1c149afbf4c8996fb92427ae41e4649b934ca495991b7852b855
runner-command	C0042	rsvg-convert --zoom 1 -o /tmp/p1268/oracle_v3/masks/S03-radial-oklab.png /tmp/p1268/oracle_v3/masks/S03-radial-oklab.svg	e3b0c44298fc1c149afbf4c8996fb92427ae41e4649b934ca495991b7852b855	exit=0;stderr_sha256=e3b0c44298fc1c149afbf4c8996fb92427ae41e4649b934ca495991b7852b855
runner-command	C0043	/usr/local/bin/typst compile /repos/Antigravity/typst-crystalline/lab/parity/matrix/fixtures/p1266/S03-linear-linear-rgb.typ /tmp/p1268/oracle_v3/binaries/direct/S03-linear-linear-rgb.svg	e3b0c44298fc1c149afbf4c8996fb92427ae41e4649b934ca495991b7852b855	exit=0;stderr_sha256=e3b0c44298fc1c149afbf4c8996fb92427ae41e4649b934ca495991b7852b855
runner-command	C0044	/usr/local/bin/typst eval --format json let norm = x => if type(x) == ratio { x / 100% } else { x }; let g = gradient.linear((red.transparentize(100%), 0%), (rgb(46, 204, 64), 3.7037037037037%), (blue, 29.6296296296296%), (yellow, 100%), space: color.linear-rgb, angle: 90deg); (g.stops().map(s => (s.at(0).components().map(norm), s.at(1) / 100%)), repr(g.kind()), repr(g.space()), repr(g.angle()), repr(g.center()), repr(g.radius()), repr(g.focal-center()), repr(g.focal-radius()))	0f5f52d9782bc006ffd8fdcedc174d84be809e54a94d413573071d28ff2ea095	exit=0;stderr_sha256=e3b0c44298fc1c149afbf4c8996fb92427ae41e4649b934ca495991b7852b855
runner-command	C0045	/usr/local/bin/typst eval --format json let norm = x => if type(x) == ratio { x / 100% } else { x }; let g = gradient.linear((red.transparentize(100%), 0%), (rgb(46, 204, 64), 3.7037037037037%), (blue, 29.6296296296296%), (yellow, 100%), space: color.linear-rgb, angle: 90deg); let ss = g.stops(); let mesh = range(8193).map(i => g.sample(i / 8192 * 100%).components().map(norm)); let dyadic = range(ss.len() - 1).map(i => { let a = ss.at(i).at(1); let b = ss.at(i + 1).at(1); range(129).map(k => g.sample(a + (b - a) * k / 128).components().map(norm)) }); let probes = (0%,).map(t => g.sample(t).components().map(norm)); (mesh, dyadic, probes)	8e11e0a571c3a28e26baf5f60bc5bdc2f667b278601ce0aefb466aa2c5a335c2	exit=0;stderr_sha256=e3b0c44298fc1c149afbf4c8996fb92427ae41e4649b934ca495991b7852b855
runner-command	C0046	rsvg-convert --zoom 1 -o /tmp/p1268/oracle_v3/masks/S03-linear-linear-rgb.png /tmp/p1268/oracle_v3/masks/S03-linear-linear-rgb.svg	e3b0c44298fc1c149afbf4c8996fb92427ae41e4649b934ca495991b7852b855	exit=0;stderr_sha256=e3b0c44298fc1c149afbf4c8996fb92427ae41e4649b934ca495991b7852b855
runner-command	C0047	/usr/local/bin/typst compile /repos/Antigravity/typst-crystalline/lab/parity/matrix/fixtures/p1266/S03-radial-linear-rgb.typ /tmp/p1268/oracle_v3/binaries/direct/S03-radial-linear-rgb.svg	e3b0c44298fc1c149afbf4c8996fb92427ae41e4649b934ca495991b7852b855	exit=0;stderr_sha256=e3b0c44298fc1c149afbf4c8996fb92427ae41e4649b934ca495991b7852b855
runner-command	C0048	/usr/local/bin/typst eval --format json let norm = x => if type(x) == ratio { x / 100% } else { x }; let g = gradient.radial((red.transparentize(100%), 0%), (rgb(46, 204, 64), 3.7037037037037%), (blue, 29.6296296296296%), (yellow, 100%), space: color.linear-rgb, center: (50%, 50%), radius: 65%, focal-center: (30%, 40%), focal-radius: 10%); (g.stops().map(s => (s.at(0).components().map(norm), s.at(1) / 100%)), repr(g.kind()), repr(g.space()), repr(g.angle()), repr(g.center()), repr(g.radius()), repr(g.focal-center()), repr(g.focal-radius()))	b85c35b264635729716ddd1f176bea03b3c269f2da40c278ec0077d851f6f343	exit=0;stderr_sha256=e3b0c44298fc1c149afbf4c8996fb92427ae41e4649b934ca495991b7852b855
runner-command	C0049	/usr/local/bin/typst eval --format json let norm = x => if type(x) == ratio { x / 100% } else { x }; let g = gradient.radial((red.transparentize(100%), 0%), (rgb(46, 204, 64), 3.7037037037037%), (blue, 29.6296296296296%), (yellow, 100%), space: color.linear-rgb, center: (50%, 50%), radius: 65%, focal-center: (30%, 40%), focal-radius: 10%); let ss = g.stops(); let mesh = range(8193).map(i => g.sample(i / 8192 * 100%).components().map(norm)); let dyadic = range(ss.len() - 1).map(i => { let a = ss.at(i).at(1); let b = ss.at(i + 1).at(1); range(129).map(k => g.sample(a + (b - a) * k / 128).components().map(norm)) }); let probes = (0%,).map(t => g.sample(t).components().map(norm)); (mesh, dyadic, probes)	8e11e0a571c3a28e26baf5f60bc5bdc2f667b278601ce0aefb466aa2c5a335c2	exit=0;stderr_sha256=e3b0c44298fc1c149afbf4c8996fb92427ae41e4649b934ca495991b7852b855
runner-command	C0050	rsvg-convert --zoom 1 -o /tmp/p1268/oracle_v3/masks/S03-radial-linear-rgb.png /tmp/p1268/oracle_v3/masks/S03-radial-linear-rgb.svg	e3b0c44298fc1c149afbf4c8996fb92427ae41e4649b934ca495991b7852b855	exit=0;stderr_sha256=e3b0c44298fc1c149afbf4c8996fb92427ae41e4649b934ca495991b7852b855
runner-command	C0051	/usr/local/bin/typst compile /repos/Antigravity/typst-crystalline/lab/parity/matrix/fixtures/p1266/S04-linear-oklab.typ /tmp/p1268/oracle_v3/binaries/direct/S04-linear-oklab.svg	e3b0c44298fc1c149afbf4c8996fb92427ae41e4649b934ca495991b7852b855	exit=0;stderr_sha256=e3b0c44298fc1c149afbf4c8996fb92427ae41e4649b934ca495991b7852b855
runner-command	C0052	/usr/local/bin/typst eval --format json let norm = x => if type(x) == ratio { x / 100% } else { x }; let g = gradient.linear((red, 0%), (rgb(46, 204, 64), 37.0262390670554%), (blue.transparentize(100%), 63.5568513119533%), (yellow.transparentize(100%), 81.3411078717201%), (red, 92.1282798833819%), (rgb(46, 204, 64), 97.667638483965%), (blue.transparentize(100%), 99.7084548104956%), (yellow.transparentize(100%), 100%), space: color.oklab, angle: 135deg); (g.stops().map(s => (s.at(0).components().map(norm), s.at(1) / 100%)), repr(g.kind()), repr(g.space()), repr(g.angle()), repr(g.center()), repr(g.radius()), repr(g.focal-center()), repr(g.focal-radius()))	c05db1a0a0da946ce9578ce20cc47e57fa34a8cff14cd963b3f2ee93ea05c269	exit=0;stderr_sha256=e3b0c44298fc1c149afbf4c8996fb92427ae41e4649b934ca495991b7852b855
runner-command	C0053	/usr/local/bin/typst eval --format json let norm = x => if type(x) == ratio { x / 100% } else { x }; let g = gradient.linear((red, 0%), (rgb(46, 204, 64), 37.0262390670554%), (blue.transparentize(100%), 63.5568513119533%), (yellow.transparentize(100%), 81.3411078717201%), (red, 92.1282798833819%), (rgb(46, 204, 64), 97.667638483965%), (blue.transparentize(100%), 99.7084548104956%), (yellow.transparentize(100%), 100%), space: color.oklab, angle: 135deg); let ss = g.stops(); let mesh = range(8193).map(i => g.sample(i / 8192 * 100%).components().map(norm)); let dyadic = range(ss.len() - 1).map(i => { let a = ss.at(i).at(1); let b = ss.at(i + 1).at(1); range(129).map(k => g.sample(a + (b - a) * k / 128).components().map(norm)) }); let probes = (0%,).map(t => g.sample(t).components().map(norm)); (mesh, dyadic, probes)	44ea893b893024199f06e6072b1fe64b3282621754d2800f7dce1f16e6f349a4	exit=0;stderr_sha256=e3b0c44298fc1c149afbf4c8996fb92427ae41e4649b934ca495991b7852b855
runner-command	C0054	rsvg-convert --zoom 1 -o /tmp/p1268/oracle_v3/masks/S04-linear-oklab.png /tmp/p1268/oracle_v3/masks/S04-linear-oklab.svg	e3b0c44298fc1c149afbf4c8996fb92427ae41e4649b934ca495991b7852b855	exit=0;stderr_sha256=e3b0c44298fc1c149afbf4c8996fb92427ae41e4649b934ca495991b7852b855
runner-command	C0055	/usr/local/bin/typst compile /repos/Antigravity/typst-crystalline/lab/parity/matrix/fixtures/p1266/S04-radial-oklab.typ /tmp/p1268/oracle_v3/binaries/direct/S04-radial-oklab.svg	e3b0c44298fc1c149afbf4c8996fb92427ae41e4649b934ca495991b7852b855	exit=0;stderr_sha256=e3b0c44298fc1c149afbf4c8996fb92427ae41e4649b934ca495991b7852b855
runner-command	C0056	/usr/local/bin/typst eval --format json let norm = x => if type(x) == ratio { x / 100% } else { x }; let g = gradient.radial((red, 0%), (rgb(46, 204, 64), 37.0262390670554%), (blue.transparentize(100%), 63.5568513119533%), (yellow.transparentize(100%), 81.3411078717201%), (red, 92.1282798833819%), (rgb(46, 204, 64), 97.667638483965%), (blue.transparentize(100%), 99.7084548104956%), (yellow.transparentize(100%), 100%), space: color.oklab, center: (50%, 50%), radius: 50%, focal-center: (93.9%, 50%), focal-radius: 6%); (g.stops().map(s => (s.at(0).components().map(norm), s.at(1) / 100%)), repr(g.kind()), repr(g.space()), repr(g.angle()), repr(g.center()), repr(g.radius()), repr(g.focal-center()), repr(g.focal-radius()))	7c4fa10584d10d6e818b61caf7600002439d067bf0d9ae11a315f7bbb928a1cc	exit=0;stderr_sha256=e3b0c44298fc1c149afbf4c8996fb92427ae41e4649b934ca495991b7852b855
runner-command	C0057	/usr/local/bin/typst eval --format json let norm = x => if type(x) == ratio { x / 100% } else { x }; let g = gradient.radial((red, 0%), (rgb(46, 204, 64), 37.0262390670554%), (blue.transparentize(100%), 63.5568513119533%), (yellow.transparentize(100%), 81.3411078717201%), (red, 92.1282798833819%), (rgb(46, 204, 64), 97.667638483965%), (blue.transparentize(100%), 99.7084548104956%), (yellow.transparentize(100%), 100%), space: color.oklab, center: (50%, 50%), radius: 50%, focal-center: (93.9%, 50%), focal-radius: 6%); let ss = g.stops(); let mesh = range(8193).map(i => g.sample(i / 8192 * 100%).components().map(norm)); let dyadic = range(ss.len() - 1).map(i => { let a = ss.at(i).at(1); let b = ss.at(i + 1).at(1); range(129).map(k => g.sample(a + (b - a) * k / 128).components().map(norm)) }); let probes = (0%,).map(t => g.sample(t).components().map(norm)); (mesh, dyadic, probes)	44ea893b893024199f06e6072b1fe64b3282621754d2800f7dce1f16e6f349a4	exit=0;stderr_sha256=e3b0c44298fc1c149afbf4c8996fb92427ae41e4649b934ca495991b7852b855
runner-command	C0058	rsvg-convert --zoom 1 -o /tmp/p1268/oracle_v3/masks/S04-radial-oklab.png /tmp/p1268/oracle_v3/masks/S04-radial-oklab.svg	e3b0c44298fc1c149afbf4c8996fb92427ae41e4649b934ca495991b7852b855	exit=0;stderr_sha256=e3b0c44298fc1c149afbf4c8996fb92427ae41e4649b934ca495991b7852b855
runner-command	C0059	/usr/local/bin/typst compile /repos/Antigravity/typst-crystalline/lab/parity/matrix/fixtures/p1266/S04-linear-linear-rgb.typ /tmp/p1268/oracle_v3/binaries/direct/S04-linear-linear-rgb.svg	e3b0c44298fc1c149afbf4c8996fb92427ae41e4649b934ca495991b7852b855	exit=0;stderr_sha256=e3b0c44298fc1c149afbf4c8996fb92427ae41e4649b934ca495991b7852b855
runner-command	C0060	/usr/local/bin/typst eval --format json let norm = x => if type(x) == ratio { x / 100% } else { x }; let g = gradient.linear((red, 0%), (rgb(46, 204, 64), 37.0262390670554%), (blue.transparentize(100%), 63.5568513119533%), (yellow.transparentize(100%), 81.3411078717201%), (red, 92.1282798833819%), (rgb(46, 204, 64), 97.667638483965%), (blue.transparentize(100%), 99.7084548104956%), (yellow.transparentize(100%), 100%), space: color.linear-rgb, angle: 135deg); (g.stops().map(s => (s.at(0).components().map(norm), s.at(1) / 100%)), repr(g.kind()), repr(g.space()), repr(g.angle()), repr(g.center()), repr(g.radius()), repr(g.focal-center()), repr(g.focal-radius()))	49a93c3e3df8e91b1a20d1a6921f7b1a7570ecd8a5d36a7581aee1aab95bddf9	exit=0;stderr_sha256=e3b0c44298fc1c149afbf4c8996fb92427ae41e4649b934ca495991b7852b855
runner-command	C0061	/usr/local/bin/typst eval --format json let norm = x => if type(x) == ratio { x / 100% } else { x }; let g = gradient.linear((red, 0%), (rgb(46, 204, 64), 37.0262390670554%), (blue.transparentize(100%), 63.5568513119533%), (yellow.transparentize(100%), 81.3411078717201%), (red, 92.1282798833819%), (rgb(46, 204, 64), 97.667638483965%), (blue.transparentize(100%), 99.7084548104956%), (yellow.transparentize(100%), 100%), space: color.linear-rgb, angle: 135deg); let ss = g.stops(); let mesh = range(8193).map(i => g.sample(i / 8192 * 100%).components().map(norm)); let dyadic = range(ss.len() - 1).map(i => { let a = ss.at(i).at(1); let b = ss.at(i + 1).at(1); range(129).map(k => g.sample(a + (b - a) * k / 128).components().map(norm)) }); let probes = (0%,).map(t => g.sample(t).components().map(norm)); (mesh, dyadic, probes)	51ec6b1f7a21068e73099c71d388ad75e718a31ab7228aafd6b8d78d01bd59bd	exit=0;stderr_sha256=e3b0c44298fc1c149afbf4c8996fb92427ae41e4649b934ca495991b7852b855
runner-command	C0062	rsvg-convert --zoom 1 -o /tmp/p1268/oracle_v3/masks/S04-linear-linear-rgb.png /tmp/p1268/oracle_v3/masks/S04-linear-linear-rgb.svg	e3b0c44298fc1c149afbf4c8996fb92427ae41e4649b934ca495991b7852b855	exit=0;stderr_sha256=e3b0c44298fc1c149afbf4c8996fb92427ae41e4649b934ca495991b7852b855
runner-command	C0063	/usr/local/bin/typst compile /repos/Antigravity/typst-crystalline/lab/parity/matrix/fixtures/p1266/S04-radial-linear-rgb.typ /tmp/p1268/oracle_v3/binaries/direct/S04-radial-linear-rgb.svg	e3b0c44298fc1c149afbf4c8996fb92427ae41e4649b934ca495991b7852b855	exit=0;stderr_sha256=e3b0c44298fc1c149afbf4c8996fb92427ae41e4649b934ca495991b7852b855
runner-command	C0064	/usr/local/bin/typst eval --format json let norm = x => if type(x) == ratio { x / 100% } else { x }; let g = gradient.radial((red, 0%), (rgb(46, 204, 64), 37.0262390670554%), (blue.transparentize(100%), 63.5568513119533%), (yellow.transparentize(100%), 81.3411078717201%), (red, 92.1282798833819%), (rgb(46, 204, 64), 97.667638483965%), (blue.transparentize(100%), 99.7084548104956%), (yellow.transparentize(100%), 100%), space: color.linear-rgb, center: (50%, 50%), radius: 50%, focal-center: (93.9%, 50%), focal-radius: 6%); (g.stops().map(s => (s.at(0).components().map(norm), s.at(1) / 100%)), repr(g.kind()), repr(g.space()), repr(g.angle()), repr(g.center()), repr(g.radius()), repr(g.focal-center()), repr(g.focal-radius()))	8fdec0c44319b2ea9c5da355308a2be1e702426d6704103d85a9cac2342f4e04	exit=0;stderr_sha256=e3b0c44298fc1c149afbf4c8996fb92427ae41e4649b934ca495991b7852b855
runner-command	C0065	/usr/local/bin/typst eval --format json let norm = x => if type(x) == ratio { x / 100% } else { x }; let g = gradient.radial((red, 0%), (rgb(46, 204, 64), 37.0262390670554%), (blue.transparentize(100%), 63.5568513119533%), (yellow.transparentize(100%), 81.3411078717201%), (red, 92.1282798833819%), (rgb(46, 204, 64), 97.667638483965%), (blue.transparentize(100%), 99.7084548104956%), (yellow.transparentize(100%), 100%), space: color.linear-rgb, center: (50%, 50%), radius: 50%, focal-center: (93.9%, 50%), focal-radius: 6%); let ss = g.stops(); let mesh = range(8193).map(i => g.sample(i / 8192 * 100%).components().map(norm)); let dyadic = range(ss.len() - 1).map(i => { let a = ss.at(i).at(1); let b = ss.at(i + 1).at(1); range(129).map(k => g.sample(a + (b - a) * k / 128).components().map(norm)) }); let probes = (0%,).map(t => g.sample(t).components().map(norm)); (mesh, dyadic, probes)	51ec6b1f7a21068e73099c71d388ad75e718a31ab7228aafd6b8d78d01bd59bd	exit=0;stderr_sha256=e3b0c44298fc1c149afbf4c8996fb92427ae41e4649b934ca495991b7852b855
runner-command	C0066	rsvg-convert --zoom 1 -o /tmp/p1268/oracle_v3/masks/S04-radial-linear-rgb.png /tmp/p1268/oracle_v3/masks/S04-radial-linear-rgb.svg	e3b0c44298fc1c149afbf4c8996fb92427ae41e4649b934ca495991b7852b855	exit=0;stderr_sha256=e3b0c44298fc1c149afbf4c8996fb92427ae41e4649b934ca495991b7852b855
runner-command	C0067	/usr/local/bin/typst compile /repos/Antigravity/typst-crystalline/lab/parity/matrix/fixtures/p1266/S05-linear-oklab.typ /tmp/p1268/oracle_v3/binaries/direct/S05-linear-oklab.svg	e3b0c44298fc1c149afbf4c8996fb92427ae41e4649b934ca495991b7852b855	exit=0;stderr_sha256=e3b0c44298fc1c149afbf4c8996fb92427ae41e4649b934ca495991b7852b855
runner-command	C0068	/usr/local/bin/typst eval --format json let norm = x => if type(x) == ratio { x / 100% } else { x }; let g = gradient.linear((red.transparentize(100%), 0%), (rgb(46, 204, 64), 2.22222222222222%), (blue.transparentize(70%), 8.88888888888889%), (yellow, 20%), (rgb(255, 0, 255).transparentize(35%), 24.4444444444444%), (red.transparentize(100%), 33.3333333333333%), (rgb(46, 204, 64), 35.5555555555556%), (blue.transparentize(70%), 42.2222222222222%), (yellow, 53.3333333333333%), (rgb(255, 0, 255).transparentize(35%), 57.7777777777778%), (red.transparentize(100%), 66.6666666666667%), (rgb(46, 204, 64), 68.8888888888889%), (blue.transparentize(70%), 75.5555555555556%), (yellow, 86.6666666666667%), (rgb(255, 0, 255).transparentize(35%), 91.1111111111111%), (red.transparentize(100%), 100%), space: color.oklab, angle: -45deg); (g.stops().map(s => (s.at(0).components().map(norm), s.at(1) / 100%)), repr(g.kind()), repr(g.space()), repr(g.angle()), repr(g.center()), repr(g.radius()), repr(g.focal-center()), repr(g.focal-radius()))	7018b8848c1945a91df468479f7d79188df1ead7f8ce4f8de150384fb4ef075b	exit=0;stderr_sha256=e3b0c44298fc1c149afbf4c8996fb92427ae41e4649b934ca495991b7852b855
runner-command	C0069	/usr/local/bin/typst eval --format json let norm = x => if type(x) == ratio { x / 100% } else { x }; let g = gradient.linear((red.transparentize(100%), 0%), (rgb(46, 204, 64), 2.22222222222222%), (blue.transparentize(70%), 8.88888888888889%), (yellow, 20%), (rgb(255, 0, 255).transparentize(35%), 24.4444444444444%), (red.transparentize(100%), 33.3333333333333%), (rgb(46, 204, 64), 35.5555555555556%), (blue.transparentize(70%), 42.2222222222222%), (yellow, 53.3333333333333%), (rgb(255, 0, 255).transparentize(35%), 57.7777777777778%), (red.transparentize(100%), 66.6666666666667%), (rgb(46, 204, 64), 68.8888888888889%), (blue.transparentize(70%), 75.5555555555556%), (yellow, 86.6666666666667%), (rgb(255, 0, 255).transparentize(35%), 91.1111111111111%), (red.transparentize(100%), 100%), space: color.oklab, angle: -45deg); let ss = g.stops(); let mesh = range(8193).map(i => g.sample(i / 8192 * 100%).components().map(norm)); let dyadic = range(ss.len() - 1).map(i => { let a = ss.at(i).at(1); let b = ss.at(i + 1).at(1); range(129).map(k => g.sample(a + (b - a) * k / 128).components().map(norm)) }); let probes = (0%,).map(t => g.sample(t).components().map(norm)); (mesh, dyadic, probes)	5ecf7c4ad5afb629d6a090c3491ff8bda640adc4c045cbaa77d6cbf62685fdab	exit=0;stderr_sha256=e3b0c44298fc1c149afbf4c8996fb92427ae41e4649b934ca495991b7852b855
runner-command	C0070	rsvg-convert --zoom 1 -o /tmp/p1268/oracle_v3/masks/S05-linear-oklab.png /tmp/p1268/oracle_v3/masks/S05-linear-oklab.svg	e3b0c44298fc1c149afbf4c8996fb92427ae41e4649b934ca495991b7852b855	exit=0;stderr_sha256=e3b0c44298fc1c149afbf4c8996fb92427ae41e4649b934ca495991b7852b855
runner-command	C0071	/usr/local/bin/typst compile /repos/Antigravity/typst-crystalline/lab/parity/matrix/fixtures/p1266/S05-radial-oklab.typ /tmp/p1268/oracle_v3/binaries/direct/S05-radial-oklab.svg	e3b0c44298fc1c149afbf4c8996fb92427ae41e4649b934ca495991b7852b855	exit=0;stderr_sha256=e3b0c44298fc1c149afbf4c8996fb92427ae41e4649b934ca495991b7852b855
runner-command	C0072	/usr/local/bin/typst eval --format json let norm = x => if type(x) == ratio { x / 100% } else { x }; let g = gradient.radial((red.transparentize(100%), 0%), (rgb(46, 204, 64), 2.22222222222222%), (blue.transparentize(70%), 8.88888888888889%), (yellow, 20%), (rgb(255, 0, 255).transparentize(35%), 24.4444444444444%), (red.transparentize(100%), 33.3333333333333%), (rgb(46, 204, 64), 35.5555555555556%), (blue.transparentize(70%), 42.2222222222222%), (yellow, 53.3333333333333%), (rgb(255, 0, 255).transparentize(35%), 57.7777777777778%), (red.transparentize(100%), 66.6666666666667%), (rgb(46, 204, 64), 68.8888888888889%), (blue.transparentize(70%), 75.5555555555556%), (yellow, 86.6666666666667%), (rgb(255, 0, 255).transparentize(35%), 91.1111111111111%), (red.transparentize(100%), 100%), space: color.oklab, center: (50%, 50%), radius: 0.1%, focal-center: (50%, 50%), focal-radius: 0%); (g.stops().map(s => (s.at(0).components().map(norm), s.at(1) / 100%)), repr(g.kind()), repr(g.space()), repr(g.angle()), repr(g.center()), repr(g.radius()), repr(g.focal-center()), repr(g.focal-radius()))	28eb5be12387197ac32e19ff52a6d36046076a225e23f79399a410d332f63660	exit=0;stderr_sha256=e3b0c44298fc1c149afbf4c8996fb92427ae41e4649b934ca495991b7852b855
runner-command	C0073	/usr/local/bin/typst eval --format json let norm = x => if type(x) == ratio { x / 100% } else { x }; let g = gradient.radial((red.transparentize(100%), 0%), (rgb(46, 204, 64), 2.22222222222222%), (blue.transparentize(70%), 8.88888888888889%), (yellow, 20%), (rgb(255, 0, 255).transparentize(35%), 24.4444444444444%), (red.transparentize(100%), 33.3333333333333%), (rgb(46, 204, 64), 35.5555555555556%), (blue.transparentize(70%), 42.2222222222222%), (yellow, 53.3333333333333%), (rgb(255, 0, 255).transparentize(35%), 57.7777777777778%), (red.transparentize(100%), 66.6666666666667%), (rgb(46, 204, 64), 68.8888888888889%), (blue.transparentize(70%), 75.5555555555556%), (yellow, 86.6666666666667%), (rgb(255, 0, 255).transparentize(35%), 91.1111111111111%), (red.transparentize(100%), 100%), space: color.oklab, center: (50%, 50%), radius: 0.1%, focal-center: (50%, 50%), focal-radius: 0%); let ss = g.stops(); let mesh = range(8193).map(i => g.sample(i / 8192 * 100%).components().map(norm)); let dyadic = range(ss.len() - 1).map(i => { let a = ss.at(i).at(1); let b = ss.at(i + 1).at(1); range(129).map(k => g.sample(a + (b - a) * k / 128).components().map(norm)) }); let probes = (0%,).map(t => g.sample(t).components().map(norm)); (mesh, dyadic, probes)	5ecf7c4ad5afb629d6a090c3491ff8bda640adc4c045cbaa77d6cbf62685fdab	exit=0;stderr_sha256=e3b0c44298fc1c149afbf4c8996fb92427ae41e4649b934ca495991b7852b855
runner-command	C0074	rsvg-convert --zoom 1 -o /tmp/p1268/oracle_v3/masks/S05-radial-oklab.png /tmp/p1268/oracle_v3/masks/S05-radial-oklab.svg	e3b0c44298fc1c149afbf4c8996fb92427ae41e4649b934ca495991b7852b855	exit=0;stderr_sha256=e3b0c44298fc1c149afbf4c8996fb92427ae41e4649b934ca495991b7852b855
runner-command	C0075	/usr/local/bin/typst compile /repos/Antigravity/typst-crystalline/lab/parity/matrix/fixtures/p1266/S05-linear-linear-rgb.typ /tmp/p1268/oracle_v3/binaries/direct/S05-linear-linear-rgb.svg	e3b0c44298fc1c149afbf4c8996fb92427ae41e4649b934ca495991b7852b855	exit=0;stderr_sha256=e3b0c44298fc1c149afbf4c8996fb92427ae41e4649b934ca495991b7852b855
runner-command	C0076	/usr/local/bin/typst eval --format json let norm = x => if type(x) == ratio { x / 100% } else { x }; let g = gradient.linear((red.transparentize(100%), 0%), (rgb(46, 204, 64), 2.22222222222222%), (blue.transparentize(70%), 8.88888888888889%), (yellow, 20%), (rgb(255, 0, 255).transparentize(35%), 24.4444444444444%), (red.transparentize(100%), 33.3333333333333%), (rgb(46, 204, 64), 35.5555555555556%), (blue.transparentize(70%), 42.2222222222222%), (yellow, 53.3333333333333%), (rgb(255, 0, 255).transparentize(35%), 57.7777777777778%), (red.transparentize(100%), 66.6666666666667%), (rgb(46, 204, 64), 68.8888888888889%), (blue.transparentize(70%), 75.5555555555556%), (yellow, 86.6666666666667%), (rgb(255, 0, 255).transparentize(35%), 91.1111111111111%), (red.transparentize(100%), 100%), space: color.linear-rgb, angle: -45deg); (g.stops().map(s => (s.at(0).components().map(norm), s.at(1) / 100%)), repr(g.kind()), repr(g.space()), repr(g.angle()), repr(g.center()), repr(g.radius()), repr(g.focal-center()), repr(g.focal-radius()))	0a277464c66c11059a49b6a450678ec45198b1918394e0b01e768a6983381b9a	exit=0;stderr_sha256=e3b0c44298fc1c149afbf4c8996fb92427ae41e4649b934ca495991b7852b855
runner-command	C0077	/usr/local/bin/typst eval --format json let norm = x => if type(x) == ratio { x / 100% } else { x }; let g = gradient.linear((red.transparentize(100%), 0%), (rgb(46, 204, 64), 2.22222222222222%), (blue.transparentize(70%), 8.88888888888889%), (yellow, 20%), (rgb(255, 0, 255).transparentize(35%), 24.4444444444444%), (red.transparentize(100%), 33.3333333333333%), (rgb(46, 204, 64), 35.5555555555556%), (blue.transparentize(70%), 42.2222222222222%), (yellow, 53.3333333333333%), (rgb(255, 0, 255).transparentize(35%), 57.7777777777778%), (red.transparentize(100%), 66.6666666666667%), (rgb(46, 204, 64), 68.8888888888889%), (blue.transparentize(70%), 75.5555555555556%), (yellow, 86.6666666666667%), (rgb(255, 0, 255).transparentize(35%), 91.1111111111111%), (red.transparentize(100%), 100%), space: color.linear-rgb, angle: -45deg); let ss = g.stops(); let mesh = range(8193).map(i => g.sample(i / 8192 * 100%).components().map(norm)); let dyadic = range(ss.len() - 1).map(i => { let a = ss.at(i).at(1); let b = ss.at(i + 1).at(1); range(129).map(k => g.sample(a + (b - a) * k / 128).components().map(norm)) }); let probes = (0%,).map(t => g.sample(t).components().map(norm)); (mesh, dyadic, probes)	5798bf4f8c70513896038be54275705e03ce504286e9580848e9670e3dc78d3c	exit=0;stderr_sha256=e3b0c44298fc1c149afbf4c8996fb92427ae41e4649b934ca495991b7852b855
runner-command	C0078	rsvg-convert --zoom 1 -o /tmp/p1268/oracle_v3/masks/S05-linear-linear-rgb.png /tmp/p1268/oracle_v3/masks/S05-linear-linear-rgb.svg	e3b0c44298fc1c149afbf4c8996fb92427ae41e4649b934ca495991b7852b855	exit=0;stderr_sha256=e3b0c44298fc1c149afbf4c8996fb92427ae41e4649b934ca495991b7852b855
runner-command	C0079	/usr/local/bin/typst compile /repos/Antigravity/typst-crystalline/lab/parity/matrix/fixtures/p1266/S05-radial-linear-rgb.typ /tmp/p1268/oracle_v3/binaries/direct/S05-radial-linear-rgb.svg	e3b0c44298fc1c149afbf4c8996fb92427ae41e4649b934ca495991b7852b855	exit=0;stderr_sha256=e3b0c44298fc1c149afbf4c8996fb92427ae41e4649b934ca495991b7852b855
runner-command	C0080	/usr/local/bin/typst eval --format json let norm = x => if type(x) == ratio { x / 100% } else { x }; let g = gradient.radial((red.transparentize(100%), 0%), (rgb(46, 204, 64), 2.22222222222222%), (blue.transparentize(70%), 8.88888888888889%), (yellow, 20%), (rgb(255, 0, 255).transparentize(35%), 24.4444444444444%), (red.transparentize(100%), 33.3333333333333%), (rgb(46, 204, 64), 35.5555555555556%), (blue.transparentize(70%), 42.2222222222222%), (yellow, 53.3333333333333%), (rgb(255, 0, 255).transparentize(35%), 57.7777777777778%), (red.transparentize(100%), 66.6666666666667%), (rgb(46, 204, 64), 68.8888888888889%), (blue.transparentize(70%), 75.5555555555556%), (yellow, 86.6666666666667%), (rgb(255, 0, 255).transparentize(35%), 91.1111111111111%), (red.transparentize(100%), 100%), space: color.linear-rgb, center: (50%, 50%), radius: 0.1%, focal-center: (50%, 50%), focal-radius: 0%); (g.stops().map(s => (s.at(0).components().map(norm), s.at(1) / 100%)), repr(g.kind()), repr(g.space()), repr(g.angle()), repr(g.center()), repr(g.radius()), repr(g.focal-center()), repr(g.focal-radius()))	fbb58f8e955c21486ec969ba702e78f6632067749d15a05410571049cffcdd20	exit=0;stderr_sha256=e3b0c44298fc1c149afbf4c8996fb92427ae41e4649b934ca495991b7852b855
runner-command	C0081	/usr/local/bin/typst eval --format json let norm = x => if type(x) == ratio { x / 100% } else { x }; let g = gradient.radial((red.transparentize(100%), 0%), (rgb(46, 204, 64), 2.22222222222222%), (blue.transparentize(70%), 8.88888888888889%), (yellow, 20%), (rgb(255, 0, 255).transparentize(35%), 24.4444444444444%), (red.transparentize(100%), 33.3333333333333%), (rgb(46, 204, 64), 35.5555555555556%), (blue.transparentize(70%), 42.2222222222222%), (yellow, 53.3333333333333%), (rgb(255, 0, 255).transparentize(35%), 57.7777777777778%), (red.transparentize(100%), 66.6666666666667%), (rgb(46, 204, 64), 68.8888888888889%), (blue.transparentize(70%), 75.5555555555556%), (yellow, 86.6666666666667%), (rgb(255, 0, 255).transparentize(35%), 91.1111111111111%), (red.transparentize(100%), 100%), space: color.linear-rgb, center: (50%, 50%), radius: 0.1%, focal-center: (50%, 50%), focal-radius: 0%); let ss = g.stops(); let mesh = range(8193).map(i => g.sample(i / 8192 * 100%).components().map(norm)); let dyadic = range(ss.len() - 1).map(i => { let a = ss.at(i).at(1); let b = ss.at(i + 1).at(1); range(129).map(k => g.sample(a + (b - a) * k / 128).components().map(norm)) }); let probes = (0%,).map(t => g.sample(t).components().map(norm)); (mesh, dyadic, probes)	5798bf4f8c70513896038be54275705e03ce504286e9580848e9670e3dc78d3c	exit=0;stderr_sha256=e3b0c44298fc1c149afbf4c8996fb92427ae41e4649b934ca495991b7852b855
runner-command	C0082	rsvg-convert --zoom 1 -o /tmp/p1268/oracle_v3/masks/S05-radial-linear-rgb.png /tmp/p1268/oracle_v3/masks/S05-radial-linear-rgb.svg	e3b0c44298fc1c149afbf4c8996fb92427ae41e4649b934ca495991b7852b855	exit=0;stderr_sha256=e3b0c44298fc1c149afbf4c8996fb92427ae41e4649b934ca495991b7852b855
runner-command	C0083	/usr/local/bin/typst compile /repos/Antigravity/typst-crystalline/lab/parity/matrix/fixtures/p1266/S06-linear-oklab.typ /tmp/p1268/oracle_v3/binaries/direct/S06-linear-oklab.svg	e3b0c44298fc1c149afbf4c8996fb92427ae41e4649b934ca495991b7852b855	exit=0;stderr_sha256=e3b0c44298fc1c149afbf4c8996fb92427ae41e4649b934ca495991b7852b855
runner-command	C0084	/usr/local/bin/typst eval --format json let norm = x => if type(x) == ratio { x / 100% } else { x }; let g = gradient.linear((black, 0%), (white, 3.2258064516129%), (red, 6.45161290322581%), (rgb(0, 255, 0), 9.67741935483871%), (blue, 12.9032258064516%), (rgb(0, 255, 255), 16.1290322580645%), (rgb(255, 0, 255), 19.3548387096774%), (yellow, 22.5806451612903%), (black, 25.8064516129032%), (white, 29.0322580645161%), (red, 32.258064516129%), (rgb(0, 255, 0), 35.4838709677419%), (blue, 38.7096774193548%), (rgb(0, 255, 255), 41.9354838709677%), (rgb(255, 0, 255), 45.1612903225806%), (yellow, 48.3870967741936%), (black, 51.6129032258064%), (white, 54.8387096774194%), (red, 58.0645161290323%), (rgb(0, 255, 0), 61.2903225806452%), (blue, 64.5161290322581%), (rgb(0, 255, 255), 67.741935483871%), (rgb(255, 0, 255), 70.9677419354839%), (yellow, 74.1935483870968%), (black, 77.4193548387097%), (white, 80.6451612903226%), (red, 83.8709677419355%), (rgb(0, 255, 0), 87.0967741935484%), (blue, 90.3225806451613%), (rgb(0, 255, 255), 93.5483870967742%), (rgb(255, 0, 255), 96.7741935483871%), (yellow, 100%), space: color.oklab, angle: 450deg); (g.stops().map(s => (s.at(0).components().map(norm), s.at(1) / 100%)), repr(g.kind()), repr(g.space()), repr(g.angle()), repr(g.center()), repr(g.radius()), repr(g.focal-center()), repr(g.focal-radius()))	53acf45deb37f78770ed1415e9c5a8cee7192863780bec430a3425ded1bdd017	exit=0;stderr_sha256=e3b0c44298fc1c149afbf4c8996fb92427ae41e4649b934ca495991b7852b855
runner-command	C0085	/usr/local/bin/typst eval --format json let norm = x => if type(x) == ratio { x / 100% } else { x }; let g = gradient.linear((black, 0%), (white, 3.2258064516129%), (red, 6.45161290322581%), (rgb(0, 255, 0), 9.67741935483871%), (blue, 12.9032258064516%), (rgb(0, 255, 255), 16.1290322580645%), (rgb(255, 0, 255), 19.3548387096774%), (yellow, 22.5806451612903%), (black, 25.8064516129032%), (white, 29.0322580645161%), (red, 32.258064516129%), (rgb(0, 255, 0), 35.4838709677419%), (blue, 38.7096774193548%), (rgb(0, 255, 255), 41.9354838709677%), (rgb(255, 0, 255), 45.1612903225806%), (yellow, 48.3870967741936%), (black, 51.6129032258064%), (white, 54.8387096774194%), (red, 58.0645161290323%), (rgb(0, 255, 0), 61.2903225806452%), (blue, 64.5161290322581%), (rgb(0, 255, 255), 67.741935483871%), (rgb(255, 0, 255), 70.9677419354839%), (yellow, 74.1935483870968%), (black, 77.4193548387097%), (white, 80.6451612903226%), (red, 83.8709677419355%), (rgb(0, 255, 0), 87.0967741935484%), (blue, 90.3225806451613%), (rgb(0, 255, 255), 93.5483870967742%), (rgb(255, 0, 255), 96.7741935483871%), (yellow, 100%), space: color.oklab, angle: 450deg); let ss = g.stops(); let mesh = range(8193).map(i => g.sample(i / 8192 * 100%).components().map(norm)); let dyadic = range(ss.len() - 1).map(i => { let a = ss.at(i).at(1); let b = ss.at(i + 1).at(1); range(129).map(k => g.sample(a + (b - a) * k / 128).components().map(norm)) }); let probes = (0%,).map(t => g.sample(t).components().map(norm)); (mesh, dyadic, probes)	43343ad1743e03b90706074c4ec0c569dca26c9074c618a884a860cd7e76178d	exit=0;stderr_sha256=e3b0c44298fc1c149afbf4c8996fb92427ae41e4649b934ca495991b7852b855
runner-command	C0086	rsvg-convert --zoom 1 -o /tmp/p1268/oracle_v3/masks/S06-linear-oklab.png /tmp/p1268/oracle_v3/masks/S06-linear-oklab.svg	e3b0c44298fc1c149afbf4c8996fb92427ae41e4649b934ca495991b7852b855	exit=0;stderr_sha256=e3b0c44298fc1c149afbf4c8996fb92427ae41e4649b934ca495991b7852b855
runner-command	C0087	/usr/local/bin/typst compile /repos/Antigravity/typst-crystalline/lab/parity/matrix/fixtures/p1266/S06-radial-oklab.typ /tmp/p1268/oracle_v3/binaries/direct/S06-radial-oklab.svg	e3b0c44298fc1c149afbf4c8996fb92427ae41e4649b934ca495991b7852b855	exit=0;stderr_sha256=e3b0c44298fc1c149afbf4c8996fb92427ae41e4649b934ca495991b7852b855
runner-command	C0088	/usr/local/bin/typst eval --format json let norm = x => if type(x) == ratio { x / 100% } else { x }; let g = gradient.radial((black, 0%), (white, 3.2258064516129%), (red, 6.45161290322581%), (rgb(0, 255, 0), 9.67741935483871%), (blue, 12.9032258064516%), (rgb(0, 255, 255), 16.1290322580645%), (rgb(255, 0, 255), 19.3548387096774%), (yellow, 22.5806451612903%), (black, 25.8064516129032%), (white, 29.0322580645161%), (red, 32.258064516129%), (rgb(0, 255, 0), 35.4838709677419%), (blue, 38.7096774193548%), (rgb(0, 255, 255), 41.9354838709677%), (rgb(255, 0, 255), 45.1612903225806%), (yellow, 48.3870967741936%), (black, 51.6129032258064%), (white, 54.8387096774194%), (red, 58.0645161290323%), (rgb(0, 255, 0), 61.2903225806452%), (blue, 64.5161290322581%), (rgb(0, 255, 255), 67.741935483871%), (rgb(255, 0, 255), 70.9677419354839%), (yellow, 74.1935483870968%), (black, 77.4193548387097%), (white, 80.6451612903226%), (red, 83.8709677419355%), (rgb(0, 255, 0), 87.0967741935484%), (blue, 90.3225806451613%), (rgb(0, 255, 255), 93.5483870967742%), (rgb(255, 0, 255), 96.7741935483871%), (yellow, 100%), space: color.oklab, center: (120%, -20%), radius: 100%, focal-center: (120%, -20%), focal-radius: 0%); (g.stops().map(s => (s.at(0).components().map(norm), s.at(1) / 100%)), repr(g.kind()), repr(g.space()), repr(g.angle()), repr(g.center()), repr(g.radius()), repr(g.focal-center()), repr(g.focal-radius()))	9938aec87c5298747ea6515fea70ca1e40bdd62f8463014c742b3e009d4a2826	exit=0;stderr_sha256=e3b0c44298fc1c149afbf4c8996fb92427ae41e4649b934ca495991b7852b855
runner-command	C0089	/usr/local/bin/typst eval --format json let norm = x => if type(x) == ratio { x / 100% } else { x }; let g = gradient.radial((black, 0%), (white, 3.2258064516129%), (red, 6.45161290322581%), (rgb(0, 255, 0), 9.67741935483871%), (blue, 12.9032258064516%), (rgb(0, 255, 255), 16.1290322580645%), (rgb(255, 0, 255), 19.3548387096774%), (yellow, 22.5806451612903%), (black, 25.8064516129032%), (white, 29.0322580645161%), (red, 32.258064516129%), (rgb(0, 255, 0), 35.4838709677419%), (blue, 38.7096774193548%), (rgb(0, 255, 255), 41.9354838709677%), (rgb(255, 0, 255), 45.1612903225806%), (yellow, 48.3870967741936%), (black, 51.6129032258064%), (white, 54.8387096774194%), (red, 58.0645161290323%), (rgb(0, 255, 0), 61.2903225806452%), (blue, 64.5161290322581%), (rgb(0, 255, 255), 67.741935483871%), (rgb(255, 0, 255), 70.9677419354839%), (yellow, 74.1935483870968%), (black, 77.4193548387097%), (white, 80.6451612903226%), (red, 83.8709677419355%), (rgb(0, 255, 0), 87.0967741935484%), (blue, 90.3225806451613%), (rgb(0, 255, 255), 93.5483870967742%), (rgb(255, 0, 255), 96.7741935483871%), (yellow, 100%), space: color.oklab, center: (120%, -20%), radius: 100%, focal-center: (120%, -20%), focal-radius: 0%); let ss = g.stops(); let mesh = range(8193).map(i => g.sample(i / 8192 * 100%).components().map(norm)); let dyadic = range(ss.len() - 1).map(i => { let a = ss.at(i).at(1); let b = ss.at(i + 1).at(1); range(129).map(k => g.sample(a + (b - a) * k / 128).components().map(norm)) }); let probes = (0%,).map(t => g.sample(t).components().map(norm)); (mesh, dyadic, probes)	43343ad1743e03b90706074c4ec0c569dca26c9074c618a884a860cd7e76178d	exit=0;stderr_sha256=e3b0c44298fc1c149afbf4c8996fb92427ae41e4649b934ca495991b7852b855
runner-command	C0090	rsvg-convert --zoom 1 -o /tmp/p1268/oracle_v3/masks/S06-radial-oklab.png /tmp/p1268/oracle_v3/masks/S06-radial-oklab.svg	e3b0c44298fc1c149afbf4c8996fb92427ae41e4649b934ca495991b7852b855	exit=0;stderr_sha256=e3b0c44298fc1c149afbf4c8996fb92427ae41e4649b934ca495991b7852b855
runner-command	C0091	/usr/local/bin/typst compile /repos/Antigravity/typst-crystalline/lab/parity/matrix/fixtures/p1266/S06-linear-linear-rgb.typ /tmp/p1268/oracle_v3/binaries/direct/S06-linear-linear-rgb.svg	e3b0c44298fc1c149afbf4c8996fb92427ae41e4649b934ca495991b7852b855	exit=0;stderr_sha256=e3b0c44298fc1c149afbf4c8996fb92427ae41e4649b934ca495991b7852b855
runner-command	C0092	/usr/local/bin/typst eval --format json let norm = x => if type(x) == ratio { x / 100% } else { x }; let g = gradient.linear((black, 0%), (white, 3.2258064516129%), (red, 6.45161290322581%), (rgb(0, 255, 0), 9.67741935483871%), (blue, 12.9032258064516%), (rgb(0, 255, 255), 16.1290322580645%), (rgb(255, 0, 255), 19.3548387096774%), (yellow, 22.5806451612903%), (black, 25.8064516129032%), (white, 29.0322580645161%), (red, 32.258064516129%), (rgb(0, 255, 0), 35.4838709677419%), (blue, 38.7096774193548%), (rgb(0, 255, 255), 41.9354838709677%), (rgb(255, 0, 255), 45.1612903225806%), (yellow, 48.3870967741936%), (black, 51.6129032258064%), (white, 54.8387096774194%), (red, 58.0645161290323%), (rgb(0, 255, 0), 61.2903225806452%), (blue, 64.5161290322581%), (rgb(0, 255, 255), 67.741935483871%), (rgb(255, 0, 255), 70.9677419354839%), (yellow, 74.1935483870968%), (black, 77.4193548387097%), (white, 80.6451612903226%), (red, 83.8709677419355%), (rgb(0, 255, 0), 87.0967741935484%), (blue, 90.3225806451613%), (rgb(0, 255, 255), 93.5483870967742%), (rgb(255, 0, 255), 96.7741935483871%), (yellow, 100%), space: color.linear-rgb, angle: 450deg); (g.stops().map(s => (s.at(0).components().map(norm), s.at(1) / 100%)), repr(g.kind()), repr(g.space()), repr(g.angle()), repr(g.center()), repr(g.radius()), repr(g.focal-center()), repr(g.focal-radius()))	78ac8a6e4794fc5f40a77ad6dedd93743e1af3f286cbc45ac478f97818911751	exit=0;stderr_sha256=e3b0c44298fc1c149afbf4c8996fb92427ae41e4649b934ca495991b7852b855
runner-command	C0093	/usr/local/bin/typst eval --format json let norm = x => if type(x) == ratio { x / 100% } else { x }; let g = gradient.linear((black, 0%), (white, 3.2258064516129%), (red, 6.45161290322581%), (rgb(0, 255, 0), 9.67741935483871%), (blue, 12.9032258064516%), (rgb(0, 255, 255), 16.1290322580645%), (rgb(255, 0, 255), 19.3548387096774%), (yellow, 22.5806451612903%), (black, 25.8064516129032%), (white, 29.0322580645161%), (red, 32.258064516129%), (rgb(0, 255, 0), 35.4838709677419%), (blue, 38.7096774193548%), (rgb(0, 255, 255), 41.9354838709677%), (rgb(255, 0, 255), 45.1612903225806%), (yellow, 48.3870967741936%), (black, 51.6129032258064%), (white, 54.8387096774194%), (red, 58.0645161290323%), (rgb(0, 255, 0), 61.2903225806452%), (blue, 64.5161290322581%), (rgb(0, 255, 255), 67.741935483871%), (rgb(255, 0, 255), 70.9677419354839%), (yellow, 74.1935483870968%), (black, 77.4193548387097%), (white, 80.6451612903226%), (red, 83.8709677419355%), (rgb(0, 255, 0), 87.0967741935484%), (blue, 90.3225806451613%), (rgb(0, 255, 255), 93.5483870967742%), (rgb(255, 0, 255), 96.7741935483871%), (yellow, 100%), space: color.linear-rgb, angle: 450deg); let ss = g.stops(); let mesh = range(8193).map(i => g.sample(i / 8192 * 100%).components().map(norm)); let dyadic = range(ss.len() - 1).map(i => { let a = ss.at(i).at(1); let b = ss.at(i + 1).at(1); range(129).map(k => g.sample(a + (b - a) * k / 128).components().map(norm)) }); let probes = (0%,).map(t => g.sample(t).components().map(norm)); (mesh, dyadic, probes)	c1330cdefa6194d2c71d617288eca91f30ac5a4d0918afb88e38a65b60efbe20	exit=0;stderr_sha256=e3b0c44298fc1c149afbf4c8996fb92427ae41e4649b934ca495991b7852b855
runner-command	C0094	rsvg-convert --zoom 1 -o /tmp/p1268/oracle_v3/masks/S06-linear-linear-rgb.png /tmp/p1268/oracle_v3/masks/S06-linear-linear-rgb.svg	e3b0c44298fc1c149afbf4c8996fb92427ae41e4649b934ca495991b7852b855	exit=0;stderr_sha256=e3b0c44298fc1c149afbf4c8996fb92427ae41e4649b934ca495991b7852b855
runner-command	C0095	/usr/local/bin/typst compile /repos/Antigravity/typst-crystalline/lab/parity/matrix/fixtures/p1266/S06-radial-linear-rgb.typ /tmp/p1268/oracle_v3/binaries/direct/S06-radial-linear-rgb.svg	e3b0c44298fc1c149afbf4c8996fb92427ae41e4649b934ca495991b7852b855	exit=0;stderr_sha256=e3b0c44298fc1c149afbf4c8996fb92427ae41e4649b934ca495991b7852b855
runner-command	C0096	/usr/local/bin/typst eval --format json let norm = x => if type(x) == ratio { x / 100% } else { x }; let g = gradient.radial((black, 0%), (white, 3.2258064516129%), (red, 6.45161290322581%), (rgb(0, 255, 0), 9.67741935483871%), (blue, 12.9032258064516%), (rgb(0, 255, 255), 16.1290322580645%), (rgb(255, 0, 255), 19.3548387096774%), (yellow, 22.5806451612903%), (black, 25.8064516129032%), (white, 29.0322580645161%), (red, 32.258064516129%), (rgb(0, 255, 0), 35.4838709677419%), (blue, 38.7096774193548%), (rgb(0, 255, 255), 41.9354838709677%), (rgb(255, 0, 255), 45.1612903225806%), (yellow, 48.3870967741936%), (black, 51.6129032258064%), (white, 54.8387096774194%), (red, 58.0645161290323%), (rgb(0, 255, 0), 61.2903225806452%), (blue, 64.5161290322581%), (rgb(0, 255, 255), 67.741935483871%), (rgb(255, 0, 255), 70.9677419354839%), (yellow, 74.1935483870968%), (black, 77.4193548387097%), (white, 80.6451612903226%), (red, 83.8709677419355%), (rgb(0, 255, 0), 87.0967741935484%), (blue, 90.3225806451613%), (rgb(0, 255, 255), 93.5483870967742%), (rgb(255, 0, 255), 96.7741935483871%), (yellow, 100%), space: color.linear-rgb, center: (120%, -20%), radius: 100%, focal-center: (120%, -20%), focal-radius: 0%); (g.stops().map(s => (s.at(0).components().map(norm), s.at(1) / 100%)), repr(g.kind()), repr(g.space()), repr(g.angle()), repr(g.center()), repr(g.radius()), repr(g.focal-center()), repr(g.focal-radius()))	c7b6276782383a8dca2914a79f3ab77beb73bb971cec806ecdfde49806057f62	exit=0;stderr_sha256=e3b0c44298fc1c149afbf4c8996fb92427ae41e4649b934ca495991b7852b855
runner-command	C0097	/usr/local/bin/typst eval --format json let norm = x => if type(x) == ratio { x / 100% } else { x }; let g = gradient.radial((black, 0%), (white, 3.2258064516129%), (red, 6.45161290322581%), (rgb(0, 255, 0), 9.67741935483871%), (blue, 12.9032258064516%), (rgb(0, 255, 255), 16.1290322580645%), (rgb(255, 0, 255), 19.3548387096774%), (yellow, 22.5806451612903%), (black, 25.8064516129032%), (white, 29.0322580645161%), (red, 32.258064516129%), (rgb(0, 255, 0), 35.4838709677419%), (blue, 38.7096774193548%), (rgb(0, 255, 255), 41.9354838709677%), (rgb(255, 0, 255), 45.1612903225806%), (yellow, 48.3870967741936%), (black, 51.6129032258064%), (white, 54.8387096774194%), (red, 58.0645161290323%), (rgb(0, 255, 0), 61.2903225806452%), (blue, 64.5161290322581%), (rgb(0, 255, 255), 67.741935483871%), (rgb(255, 0, 255), 70.9677419354839%), (yellow, 74.1935483870968%), (black, 77.4193548387097%), (white, 80.6451612903226%), (red, 83.8709677419355%), (rgb(0, 255, 0), 87.0967741935484%), (blue, 90.3225806451613%), (rgb(0, 255, 255), 93.5483870967742%), (rgb(255, 0, 255), 96.7741935483871%), (yellow, 100%), space: color.linear-rgb, center: (120%, -20%), radius: 100%, focal-center: (120%, -20%), focal-radius: 0%); let ss = g.stops(); let mesh = range(8193).map(i => g.sample(i / 8192 * 100%).components().map(norm)); let dyadic = range(ss.len() - 1).map(i => { let a = ss.at(i).at(1); let b = ss.at(i + 1).at(1); range(129).map(k => g.sample(a + (b - a) * k / 128).components().map(norm)) }); let probes = (0%,).map(t => g.sample(t).components().map(norm)); (mesh, dyadic, probes)	c1330cdefa6194d2c71d617288eca91f30ac5a4d0918afb88e38a65b60efbe20	exit=0;stderr_sha256=e3b0c44298fc1c149afbf4c8996fb92427ae41e4649b934ca495991b7852b855
runner-command	C0098	rsvg-convert --zoom 1 -o /tmp/p1268/oracle_v3/masks/S06-radial-linear-rgb.png /tmp/p1268/oracle_v3/masks/S06-radial-linear-rgb.svg	e3b0c44298fc1c149afbf4c8996fb92427ae41e4649b934ca495991b7852b855	exit=0;stderr_sha256=e3b0c44298fc1c149afbf4c8996fb92427ae41e4649b934ca495991b7852b855
runner-command	C0099	/usr/local/bin/typst compile /repos/Antigravity/typst-crystalline/lab/parity/matrix/fixtures/p1266/S07-linear-oklab.typ /tmp/p1268/oracle_v3/binaries/direct/S07-linear-oklab.svg	e3b0c44298fc1c149afbf4c8996fb92427ae41e4649b934ca495991b7852b855	exit=0;stderr_sha256=e3b0c44298fc1c149afbf4c8996fb92427ae41e4649b934ca495991b7852b855
runner-command	C0100	/usr/local/bin/typst eval --format json let norm = x => if type(x) == ratio { x / 100% } else { x }; let g = gradient.linear((red, 0%), (red, 0%), (rgb(46, 204, 64), 100%), space: color.oklab, angle: 0.0001deg); (g.stops().map(s => (s.at(0).components().map(norm), s.at(1) / 100%)), repr(g.kind()), repr(g.space()), repr(g.angle()), repr(g.center()), repr(g.radius()), repr(g.focal-center()), repr(g.focal-radius()))	72a982d23a82b940d155b33bb15c32ce0e5af7d2b7f60ef03b692b043727a5e9	exit=0;stderr_sha256=e3b0c44298fc1c149afbf4c8996fb92427ae41e4649b934ca495991b7852b855
runner-command	C0101	/usr/local/bin/typst eval --format json let norm = x => if type(x) == ratio { x / 100% } else { x }; let g = gradient.linear((red, 0%), (red, 0%), (rgb(46, 204, 64), 100%), space: color.oklab, angle: 0.0001deg); let ss = g.stops(); let mesh = range(8193).map(i => g.sample(i / 8192 * 100%).components().map(norm)); let dyadic = range(ss.len() - 1).map(i => { let a = ss.at(i).at(1); let b = ss.at(i + 1).at(1); range(129).map(k => g.sample(a + (b - a) * k / 128).components().map(norm)) }); let probes = (0%,9.5367431640625e-05%,).map(t => g.sample(t).components().map(norm)); (mesh, dyadic, probes)	0c1a53abc38937b8abcaa756aae9def3144befa8b84a05ff899513cf459ced47	exit=0;stderr_sha256=e3b0c44298fc1c149afbf4c8996fb92427ae41e4649b934ca495991b7852b855
runner-command	C0102	rsvg-convert --zoom 1 -o /tmp/p1268/oracle_v3/masks/S07-linear-oklab.png /tmp/p1268/oracle_v3/masks/S07-linear-oklab.svg	e3b0c44298fc1c149afbf4c8996fb92427ae41e4649b934ca495991b7852b855	exit=0;stderr_sha256=e3b0c44298fc1c149afbf4c8996fb92427ae41e4649b934ca495991b7852b855
runner-command	C0103	/usr/local/bin/typst compile /repos/Antigravity/typst-crystalline/lab/parity/matrix/fixtures/p1266/S07-radial-oklab.typ /tmp/p1268/oracle_v3/binaries/direct/S07-radial-oklab.svg	e3b0c44298fc1c149afbf4c8996fb92427ae41e4649b934ca495991b7852b855	exit=0;stderr_sha256=e3b0c44298fc1c149afbf4c8996fb92427ae41e4649b934ca495991b7852b855
runner-command	C0104	/usr/local/bin/typst eval --format json let norm = x => if type(x) == ratio { x / 100% } else { x }; let g = gradient.radial((red, 0%), (red, 0%), (rgb(46, 204, 64), 100%), space: color.oklab, center: (50%, 50%), radius: 50%, focal-center: (50%, 50%), focal-radius: 0%); (g.stops().map(s => (s.at(0).components().map(norm), s.at(1) / 100%)), repr(g.kind()), repr(g.space()), repr(g.angle()), repr(g.center()), repr(g.radius()), repr(g.focal-center()), repr(g.focal-radius()))	0cbcc9cbf7022229c430efe10adf7c479fce37ce4fa9d1dc28430c18dbb793a6	exit=0;stderr_sha256=e3b0c44298fc1c149afbf4c8996fb92427ae41e4649b934ca495991b7852b855
runner-command	C0105	/usr/local/bin/typst eval --format json let norm = x => if type(x) == ratio { x / 100% } else { x }; let g = gradient.radial((red, 0%), (red, 0%), (rgb(46, 204, 64), 100%), space: color.oklab, center: (50%, 50%), radius: 50%, focal-center: (50%, 50%), focal-radius: 0%); let ss = g.stops(); let mesh = range(8193).map(i => g.sample(i / 8192 * 100%).components().map(norm)); let dyadic = range(ss.len() - 1).map(i => { let a = ss.at(i).at(1); let b = ss.at(i + 1).at(1); range(129).map(k => g.sample(a + (b - a) * k / 128).components().map(norm)) }); let probes = (0%,9.5367431640625e-05%,).map(t => g.sample(t).components().map(norm)); (mesh, dyadic, probes)	0c1a53abc38937b8abcaa756aae9def3144befa8b84a05ff899513cf459ced47	exit=0;stderr_sha256=e3b0c44298fc1c149afbf4c8996fb92427ae41e4649b934ca495991b7852b855
runner-command	C0106	rsvg-convert --zoom 1 -o /tmp/p1268/oracle_v3/masks/S07-radial-oklab.png /tmp/p1268/oracle_v3/masks/S07-radial-oklab.svg	e3b0c44298fc1c149afbf4c8996fb92427ae41e4649b934ca495991b7852b855	exit=0;stderr_sha256=e3b0c44298fc1c149afbf4c8996fb92427ae41e4649b934ca495991b7852b855
runner-command	C0107	/usr/local/bin/typst compile /repos/Antigravity/typst-crystalline/lab/parity/matrix/fixtures/p1266/S07-linear-linear-rgb.typ /tmp/p1268/oracle_v3/binaries/direct/S07-linear-linear-rgb.svg	e3b0c44298fc1c149afbf4c8996fb92427ae41e4649b934ca495991b7852b855	exit=0;stderr_sha256=e3b0c44298fc1c149afbf4c8996fb92427ae41e4649b934ca495991b7852b855
runner-command	C0108	/usr/local/bin/typst eval --format json let norm = x => if type(x) == ratio { x / 100% } else { x }; let g = gradient.linear((red, 0%), (red, 0%), (rgb(46, 204, 64), 100%), space: color.linear-rgb, angle: 0.0001deg); (g.stops().map(s => (s.at(0).components().map(norm), s.at(1) / 100%)), repr(g.kind()), repr(g.space()), repr(g.angle()), repr(g.center()), repr(g.radius()), repr(g.focal-center()), repr(g.focal-radius()))	a92c16239dbf2b4a1b3ec1d493832ec4a13d9f6a4b3c616b5411f1ffc26073a7	exit=0;stderr_sha256=e3b0c44298fc1c149afbf4c8996fb92427ae41e4649b934ca495991b7852b855
runner-command	C0109	/usr/local/bin/typst eval --format json let norm = x => if type(x) == ratio { x / 100% } else { x }; let g = gradient.linear((red, 0%), (red, 0%), (rgb(46, 204, 64), 100%), space: color.linear-rgb, angle: 0.0001deg); let ss = g.stops(); let mesh = range(8193).map(i => g.sample(i / 8192 * 100%).components().map(norm)); let dyadic = range(ss.len() - 1).map(i => { let a = ss.at(i).at(1); let b = ss.at(i + 1).at(1); range(129).map(k => g.sample(a + (b - a) * k / 128).components().map(norm)) }); let probes = (0%,9.5367431640625e-05%,).map(t => g.sample(t).components().map(norm)); (mesh, dyadic, probes)	a5606326c5c9b3eb7cd55425158f9cd9e2b053e15a9d6610b65a2c6d8a47ad62	exit=0;stderr_sha256=e3b0c44298fc1c149afbf4c8996fb92427ae41e4649b934ca495991b7852b855
runner-command	C0110	rsvg-convert --zoom 1 -o /tmp/p1268/oracle_v3/masks/S07-linear-linear-rgb.png /tmp/p1268/oracle_v3/masks/S07-linear-linear-rgb.svg	e3b0c44298fc1c149afbf4c8996fb92427ae41e4649b934ca495991b7852b855	exit=0;stderr_sha256=e3b0c44298fc1c149afbf4c8996fb92427ae41e4649b934ca495991b7852b855
runner-command	C0111	/usr/local/bin/typst compile /repos/Antigravity/typst-crystalline/lab/parity/matrix/fixtures/p1266/S07-radial-linear-rgb.typ /tmp/p1268/oracle_v3/binaries/direct/S07-radial-linear-rgb.svg	e3b0c44298fc1c149afbf4c8996fb92427ae41e4649b934ca495991b7852b855	exit=0;stderr_sha256=e3b0c44298fc1c149afbf4c8996fb92427ae41e4649b934ca495991b7852b855
runner-command	C0112	/usr/local/bin/typst eval --format json let norm = x => if type(x) == ratio { x / 100% } else { x }; let g = gradient.radial((red, 0%), (red, 0%), (rgb(46, 204, 64), 100%), space: color.linear-rgb, center: (50%, 50%), radius: 50%, focal-center: (50%, 50%), focal-radius: 0%); (g.stops().map(s => (s.at(0).components().map(norm), s.at(1) / 100%)), repr(g.kind()), repr(g.space()), repr(g.angle()), repr(g.center()), repr(g.radius()), repr(g.focal-center()), repr(g.focal-radius()))	916da4099771ccbb636373af36542db2f5b477efc10d1534f52dadbe4f928830	exit=0;stderr_sha256=e3b0c44298fc1c149afbf4c8996fb92427ae41e4649b934ca495991b7852b855
runner-command	C0113	/usr/local/bin/typst eval --format json let norm = x => if type(x) == ratio { x / 100% } else { x }; let g = gradient.radial((red, 0%), (red, 0%), (rgb(46, 204, 64), 100%), space: color.linear-rgb, center: (50%, 50%), radius: 50%, focal-center: (50%, 50%), focal-radius: 0%); let ss = g.stops(); let mesh = range(8193).map(i => g.sample(i / 8192 * 100%).components().map(norm)); let dyadic = range(ss.len() - 1).map(i => { let a = ss.at(i).at(1); let b = ss.at(i + 1).at(1); range(129).map(k => g.sample(a + (b - a) * k / 128).components().map(norm)) }); let probes = (0%,9.5367431640625e-05%,).map(t => g.sample(t).components().map(norm)); (mesh, dyadic, probes)	a5606326c5c9b3eb7cd55425158f9cd9e2b053e15a9d6610b65a2c6d8a47ad62	exit=0;stderr_sha256=e3b0c44298fc1c149afbf4c8996fb92427ae41e4649b934ca495991b7852b855
runner-command	C0114	rsvg-convert --zoom 1 -o /tmp/p1268/oracle_v3/masks/S07-radial-linear-rgb.png /tmp/p1268/oracle_v3/masks/S07-radial-linear-rgb.svg	e3b0c44298fc1c149afbf4c8996fb92427ae41e4649b934ca495991b7852b855	exit=0;stderr_sha256=e3b0c44298fc1c149afbf4c8996fb92427ae41e4649b934ca495991b7852b855
runner-command	C0115	/usr/local/bin/typst compile /repos/Antigravity/typst-crystalline/lab/parity/matrix/fixtures/p1266/S08-linear-oklab.typ /tmp/p1268/oracle_v3/binaries/direct/S08-linear-oklab.svg	e3b0c44298fc1c149afbf4c8996fb92427ae41e4649b934ca495991b7852b855	exit=0;stderr_sha256=e3b0c44298fc1c149afbf4c8996fb92427ae41e4649b934ca495991b7852b855
runner-command	C0116	/usr/local/bin/typst eval --format json let norm = x => if type(x) == ratio { x / 100% } else { x }; let g = gradient.linear((red, 0%), (rgb(46, 204, 64).transparentize(60%), 50%), (blue, 50%), (blue, 100%), space: color.oklab, angle: 89.9999deg); (g.stops().map(s => (s.at(0).components().map(norm), s.at(1) / 100%)), repr(g.kind()), repr(g.space()), repr(g.angle()), repr(g.center()), repr(g.radius()), repr(g.focal-center()), repr(g.focal-radius()))	d92bcd87efd5f7437c8d9c695c304859cfee9bdc0cdc973f9d31ae3c7e84ed4d	exit=0;stderr_sha256=e3b0c44298fc1c149afbf4c8996fb92427ae41e4649b934ca495991b7852b855
runner-command	C0117	/usr/local/bin/typst eval --format json let norm = x => if type(x) == ratio { x / 100% } else { x }; let g = gradient.linear((red, 0%), (rgb(46, 204, 64).transparentize(60%), 50%), (blue, 50%), (blue, 100%), space: color.oklab, angle: 89.9999deg); let ss = g.stops(); let mesh = range(8193).map(i => g.sample(i / 8192 * 100%).components().map(norm)); let dyadic = range(ss.len() - 1).map(i => { let a = ss.at(i).at(1); let b = ss.at(i + 1).at(1); range(129).map(k => g.sample(a + (b - a) * k / 128).components().map(norm)) }); let probes = (50%,50.00004768371582%,).map(t => g.sample(t).components().map(norm)); (mesh, dyadic, probes)	728407fa23d0f5b60198cc97352ee871e323f7172c372b849b1294bf2395149c	exit=0;stderr_sha256=e3b0c44298fc1c149afbf4c8996fb92427ae41e4649b934ca495991b7852b855
runner-command	C0118	rsvg-convert --zoom 1 -o /tmp/p1268/oracle_v3/masks/S08-linear-oklab.png /tmp/p1268/oracle_v3/masks/S08-linear-oklab.svg	e3b0c44298fc1c149afbf4c8996fb92427ae41e4649b934ca495991b7852b855	exit=0;stderr_sha256=e3b0c44298fc1c149afbf4c8996fb92427ae41e4649b934ca495991b7852b855
runner-command	C0119	/usr/local/bin/typst compile /repos/Antigravity/typst-crystalline/lab/parity/matrix/fixtures/p1266/S08-radial-oklab.typ /tmp/p1268/oracle_v3/binaries/direct/S08-radial-oklab.svg	e3b0c44298fc1c149afbf4c8996fb92427ae41e4649b934ca495991b7852b855	exit=0;stderr_sha256=e3b0c44298fc1c149afbf4c8996fb92427ae41e4649b934ca495991b7852b855
runner-command	C0120	/usr/local/bin/typst eval --format json let norm = x => if type(x) == ratio { x / 100% } else { x }; let g = gradient.radial((red, 0%), (rgb(46, 204, 64).transparentize(60%), 50%), (blue, 50%), (blue, 100%), space: color.oklab, center: (50%, 50%), radius: 65%, focal-center: (30%, 40%), focal-radius: 10%); (g.stops().map(s => (s.at(0).components().map(norm), s.at(1) / 100%)), repr(g.kind()), repr(g.space()), repr(g.angle()), repr(g.center()), repr(g.radius()), repr(g.focal-center()), repr(g.focal-radius()))	1cb3cea88a92ab3f1bdcb01fb95a1c206f1075900f6ab792927e84f97cf6794d	exit=0;stderr_sha256=e3b0c44298fc1c149afbf4c8996fb92427ae41e4649b934ca495991b7852b855
runner-command	C0121	/usr/local/bin/typst eval --format json let norm = x => if type(x) == ratio { x / 100% } else { x }; let g = gradient.radial((red, 0%), (rgb(46, 204, 64).transparentize(60%), 50%), (blue, 50%), (blue, 100%), space: color.oklab, center: (50%, 50%), radius: 65%, focal-center: (30%, 40%), focal-radius: 10%); let ss = g.stops(); let mesh = range(8193).map(i => g.sample(i / 8192 * 100%).components().map(norm)); let dyadic = range(ss.len() - 1).map(i => { let a = ss.at(i).at(1); let b = ss.at(i + 1).at(1); range(129).map(k => g.sample(a + (b - a) * k / 128).components().map(norm)) }); let probes = (50%,50.00004768371582%,).map(t => g.sample(t).components().map(norm)); (mesh, dyadic, probes)	728407fa23d0f5b60198cc97352ee871e323f7172c372b849b1294bf2395149c	exit=0;stderr_sha256=e3b0c44298fc1c149afbf4c8996fb92427ae41e4649b934ca495991b7852b855
runner-command	C0122	rsvg-convert --zoom 1 -o /tmp/p1268/oracle_v3/masks/S08-radial-oklab.png /tmp/p1268/oracle_v3/masks/S08-radial-oklab.svg	e3b0c44298fc1c149afbf4c8996fb92427ae41e4649b934ca495991b7852b855	exit=0;stderr_sha256=e3b0c44298fc1c149afbf4c8996fb92427ae41e4649b934ca495991b7852b855
runner-command	C0123	/usr/local/bin/typst compile /repos/Antigravity/typst-crystalline/lab/parity/matrix/fixtures/p1266/S08-linear-linear-rgb.typ /tmp/p1268/oracle_v3/binaries/direct/S08-linear-linear-rgb.svg	e3b0c44298fc1c149afbf4c8996fb92427ae41e4649b934ca495991b7852b855	exit=0;stderr_sha256=e3b0c44298fc1c149afbf4c8996fb92427ae41e4649b934ca495991b7852b855
runner-command	C0124	/usr/local/bin/typst eval --format json let norm = x => if type(x) == ratio { x / 100% } else { x }; let g = gradient.linear((red, 0%), (rgb(46, 204, 64).transparentize(60%), 50%), (blue, 50%), (blue, 100%), space: color.linear-rgb, angle: 89.9999deg); (g.stops().map(s => (s.at(0).components().map(norm), s.at(1) / 100%)), repr(g.kind()), repr(g.space()), repr(g.angle()), repr(g.center()), repr(g.radius()), repr(g.focal-center()), repr(g.focal-radius()))	fa5c82af09ee5f7ad2610939a5079d582e467b262fbe246a9d07d5ed242c1bf6	exit=0;stderr_sha256=e3b0c44298fc1c149afbf4c8996fb92427ae41e4649b934ca495991b7852b855
runner-command	C0125	/usr/local/bin/typst eval --format json let norm = x => if type(x) == ratio { x / 100% } else { x }; let g = gradient.linear((red, 0%), (rgb(46, 204, 64).transparentize(60%), 50%), (blue, 50%), (blue, 100%), space: color.linear-rgb, angle: 89.9999deg); let ss = g.stops(); let mesh = range(8193).map(i => g.sample(i / 8192 * 100%).components().map(norm)); let dyadic = range(ss.len() - 1).map(i => { let a = ss.at(i).at(1); let b = ss.at(i + 1).at(1); range(129).map(k => g.sample(a + (b - a) * k / 128).components().map(norm)) }); let probes = (50%,50.00004768371582%,).map(t => g.sample(t).components().map(norm)); (mesh, dyadic, probes)	32902acb38bc935b000d9ee548d0971213bb99fb12cf57ddf0f301dbfe57c67d	exit=0;stderr_sha256=e3b0c44298fc1c149afbf4c8996fb92427ae41e4649b934ca495991b7852b855
runner-command	C0126	rsvg-convert --zoom 1 -o /tmp/p1268/oracle_v3/masks/S08-linear-linear-rgb.png /tmp/p1268/oracle_v3/masks/S08-linear-linear-rgb.svg	e3b0c44298fc1c149afbf4c8996fb92427ae41e4649b934ca495991b7852b855	exit=0;stderr_sha256=e3b0c44298fc1c149afbf4c8996fb92427ae41e4649b934ca495991b7852b855
runner-command	C0127	/usr/local/bin/typst compile /repos/Antigravity/typst-crystalline/lab/parity/matrix/fixtures/p1266/S08-radial-linear-rgb.typ /tmp/p1268/oracle_v3/binaries/direct/S08-radial-linear-rgb.svg	e3b0c44298fc1c149afbf4c8996fb92427ae41e4649b934ca495991b7852b855	exit=0;stderr_sha256=e3b0c44298fc1c149afbf4c8996fb92427ae41e4649b934ca495991b7852b855
runner-command	C0128	/usr/local/bin/typst eval --format json let norm = x => if type(x) == ratio { x / 100% } else { x }; let g = gradient.radial((red, 0%), (rgb(46, 204, 64).transparentize(60%), 50%), (blue, 50%), (blue, 100%), space: color.linear-rgb, center: (50%, 50%), radius: 65%, focal-center: (30%, 40%), focal-radius: 10%); (g.stops().map(s => (s.at(0).components().map(norm), s.at(1) / 100%)), repr(g.kind()), repr(g.space()), repr(g.angle()), repr(g.center()), repr(g.radius()), repr(g.focal-center()), repr(g.focal-radius()))	748d87ab81d3c9634972673514c40f916440b1b3286a4e8405ee30ffacaaddf7	exit=0;stderr_sha256=e3b0c44298fc1c149afbf4c8996fb92427ae41e4649b934ca495991b7852b855
runner-command	C0129	/usr/local/bin/typst eval --format json let norm = x => if type(x) == ratio { x / 100% } else { x }; let g = gradient.radial((red, 0%), (rgb(46, 204, 64).transparentize(60%), 50%), (blue, 50%), (blue, 100%), space: color.linear-rgb, center: (50%, 50%), radius: 65%, focal-center: (30%, 40%), focal-radius: 10%); let ss = g.stops(); let mesh = range(8193).map(i => g.sample(i / 8192 * 100%).components().map(norm)); let dyadic = range(ss.len() - 1).map(i => { let a = ss.at(i).at(1); let b = ss.at(i + 1).at(1); range(129).map(k => g.sample(a + (b - a) * k / 128).components().map(norm)) }); let probes = (50%,50.00004768371582%,).map(t => g.sample(t).components().map(norm)); (mesh, dyadic, probes)	32902acb38bc935b000d9ee548d0971213bb99fb12cf57ddf0f301dbfe57c67d	exit=0;stderr_sha256=e3b0c44298fc1c149afbf4c8996fb92427ae41e4649b934ca495991b7852b855
runner-command	C0130	rsvg-convert --zoom 1 -o /tmp/p1268/oracle_v3/masks/S08-radial-linear-rgb.png /tmp/p1268/oracle_v3/masks/S08-radial-linear-rgb.svg	e3b0c44298fc1c149afbf4c8996fb92427ae41e4649b934ca495991b7852b855	exit=0;stderr_sha256=e3b0c44298fc1c149afbf4c8996fb92427ae41e4649b934ca495991b7852b855
runner-command	C0131	/usr/local/bin/typst compile /repos/Antigravity/typst-crystalline/lab/parity/matrix/fixtures/p1266/S09-linear-oklab.typ /tmp/p1268/oracle_v3/binaries/direct/S09-linear-oklab.svg	e3b0c44298fc1c149afbf4c8996fb92427ae41e4649b934ca495991b7852b855	exit=0;stderr_sha256=e3b0c44298fc1c149afbf4c8996fb92427ae41e4649b934ca495991b7852b855
runner-command	C0132	/usr/local/bin/typst eval --format json let norm = x => if type(x) == ratio { x / 100% } else { x }; let g = gradient.linear((red, 0%), (rgb(46, 204, 64), 33.3333333333333%), (blue.transparentize(100%), 66.6666666666667%), (yellow.transparentize(100%), 100%), (yellow.transparentize(100%), 100%), space: color.oklab, angle: 180deg); (g.stops().map(s => (s.at(0).components().map(norm), s.at(1) / 100%)), repr(g.kind()), repr(g.space()), repr(g.angle()), repr(g.center()), repr(g.radius()), repr(g.focal-center()), repr(g.focal-radius()))	cd9501d0a8d1331edd27bb34c4fd3c75f5bfe1f7be4b04f62a1b6b9814489abd	exit=0;stderr_sha256=e3b0c44298fc1c149afbf4c8996fb92427ae41e4649b934ca495991b7852b855
runner-command	C0133	/usr/local/bin/typst eval --format json let norm = x => if type(x) == ratio { x / 100% } else { x }; let g = gradient.linear((red, 0%), (rgb(46, 204, 64), 33.3333333333333%), (blue.transparentize(100%), 66.6666666666667%), (yellow.transparentize(100%), 100%), (yellow.transparentize(100%), 100%), space: color.oklab, angle: 180deg); let ss = g.stops(); let mesh = range(8193).map(i => g.sample(i / 8192 * 100%).components().map(norm)); let dyadic = range(ss.len() - 1).map(i => { let a = ss.at(i).at(1); let b = ss.at(i + 1).at(1); range(129).map(k => g.sample(a + (b - a) * k / 128).components().map(norm)) }); let probes = (100%,).map(t => g.sample(t).components().map(norm)); (mesh, dyadic, probes)	945273ee4c7969439102953de65f47c034c3fc0b50f3e1fdf7362cbb2093e10f	exit=0;stderr_sha256=e3b0c44298fc1c149afbf4c8996fb92427ae41e4649b934ca495991b7852b855
runner-command	C0134	rsvg-convert --zoom 1 -o /tmp/p1268/oracle_v3/masks/S09-linear-oklab.png /tmp/p1268/oracle_v3/masks/S09-linear-oklab.svg	e3b0c44298fc1c149afbf4c8996fb92427ae41e4649b934ca495991b7852b855	exit=0;stderr_sha256=e3b0c44298fc1c149afbf4c8996fb92427ae41e4649b934ca495991b7852b855
runner-command	C0135	/usr/local/bin/typst compile /repos/Antigravity/typst-crystalline/lab/parity/matrix/fixtures/p1266/S09-radial-oklab.typ /tmp/p1268/oracle_v3/binaries/direct/S09-radial-oklab.svg	e3b0c44298fc1c149afbf4c8996fb92427ae41e4649b934ca495991b7852b855	exit=0;stderr_sha256=e3b0c44298fc1c149afbf4c8996fb92427ae41e4649b934ca495991b7852b855
runner-command	C0136	/usr/local/bin/typst eval --format json let norm = x => if type(x) == ratio { x / 100% } else { x }; let g = gradient.radial((red, 0%), (rgb(46, 204, 64), 33.3333333333333%), (blue.transparentize(100%), 66.6666666666667%), (yellow.transparentize(100%), 100%), (yellow.transparentize(100%), 100%), space: color.oklab, center: (50%, 50%), radius: 60%, focal-center: (40%, 50%), focal-radius: 15%); (g.stops().map(s => (s.at(0).components().map(norm), s.at(1) / 100%)), repr(g.kind()), repr(g.space()), repr(g.angle()), repr(g.center()), repr(g.radius()), repr(g.focal-center()), repr(g.focal-radius()))	5c90e371e4128978f05b95d90ec8df6b8aad5c47b680e4eb354a014fac68d395	exit=0;stderr_sha256=e3b0c44298fc1c149afbf4c8996fb92427ae41e4649b934ca495991b7852b855
runner-command	C0137	/usr/local/bin/typst eval --format json let norm = x => if type(x) == ratio { x / 100% } else { x }; let g = gradient.radial((red, 0%), (rgb(46, 204, 64), 33.3333333333333%), (blue.transparentize(100%), 66.6666666666667%), (yellow.transparentize(100%), 100%), (yellow.transparentize(100%), 100%), space: color.oklab, center: (50%, 50%), radius: 60%, focal-center: (40%, 50%), focal-radius: 15%); let ss = g.stops(); let mesh = range(8193).map(i => g.sample(i / 8192 * 100%).components().map(norm)); let dyadic = range(ss.len() - 1).map(i => { let a = ss.at(i).at(1); let b = ss.at(i + 1).at(1); range(129).map(k => g.sample(a + (b - a) * k / 128).components().map(norm)) }); let probes = (100%,).map(t => g.sample(t).components().map(norm)); (mesh, dyadic, probes)	945273ee4c7969439102953de65f47c034c3fc0b50f3e1fdf7362cbb2093e10f	exit=0;stderr_sha256=e3b0c44298fc1c149afbf4c8996fb92427ae41e4649b934ca495991b7852b855
runner-command	C0138	rsvg-convert --zoom 1 -o /tmp/p1268/oracle_v3/masks/S09-radial-oklab.png /tmp/p1268/oracle_v3/masks/S09-radial-oklab.svg	e3b0c44298fc1c149afbf4c8996fb92427ae41e4649b934ca495991b7852b855	exit=0;stderr_sha256=e3b0c44298fc1c149afbf4c8996fb92427ae41e4649b934ca495991b7852b855
runner-command	C0139	/usr/local/bin/typst compile /repos/Antigravity/typst-crystalline/lab/parity/matrix/fixtures/p1266/S09-linear-linear-rgb.typ /tmp/p1268/oracle_v3/binaries/direct/S09-linear-linear-rgb.svg	e3b0c44298fc1c149afbf4c8996fb92427ae41e4649b934ca495991b7852b855	exit=0;stderr_sha256=e3b0c44298fc1c149afbf4c8996fb92427ae41e4649b934ca495991b7852b855
runner-command	C0140	/usr/local/bin/typst eval --format json let norm = x => if type(x) == ratio { x / 100% } else { x }; let g = gradient.linear((red, 0%), (rgb(46, 204, 64), 33.3333333333333%), (blue.transparentize(100%), 66.6666666666667%), (yellow.transparentize(100%), 100%), (yellow.transparentize(100%), 100%), space: color.linear-rgb, angle: 180deg); (g.stops().map(s => (s.at(0).components().map(norm), s.at(1) / 100%)), repr(g.kind()), repr(g.space()), repr(g.angle()), repr(g.center()), repr(g.radius()), repr(g.focal-center()), repr(g.focal-radius()))	fbe986030e69794a5deb51a789d75acf3d5ac6e97ac0bfbe65f45cf983f28b5b	exit=0;stderr_sha256=e3b0c44298fc1c149afbf4c8996fb92427ae41e4649b934ca495991b7852b855
runner-command	C0141	/usr/local/bin/typst eval --format json let norm = x => if type(x) == ratio { x / 100% } else { x }; let g = gradient.linear((red, 0%), (rgb(46, 204, 64), 33.3333333333333%), (blue.transparentize(100%), 66.6666666666667%), (yellow.transparentize(100%), 100%), (yellow.transparentize(100%), 100%), space: color.linear-rgb, angle: 180deg); let ss = g.stops(); let mesh = range(8193).map(i => g.sample(i / 8192 * 100%).components().map(norm)); let dyadic = range(ss.len() - 1).map(i => { let a = ss.at(i).at(1); let b = ss.at(i + 1).at(1); range(129).map(k => g.sample(a + (b - a) * k / 128).components().map(norm)) }); let probes = (100%,).map(t => g.sample(t).components().map(norm)); (mesh, dyadic, probes)	af119f47cbaa6a2c8057d18d08313b863675756b31633869863b9d80b126d17f	exit=0;stderr_sha256=e3b0c44298fc1c149afbf4c8996fb92427ae41e4649b934ca495991b7852b855
runner-command	C0142	rsvg-convert --zoom 1 -o /tmp/p1268/oracle_v3/masks/S09-linear-linear-rgb.png /tmp/p1268/oracle_v3/masks/S09-linear-linear-rgb.svg	e3b0c44298fc1c149afbf4c8996fb92427ae41e4649b934ca495991b7852b855	exit=0;stderr_sha256=e3b0c44298fc1c149afbf4c8996fb92427ae41e4649b934ca495991b7852b855
runner-command	C0143	/usr/local/bin/typst compile /repos/Antigravity/typst-crystalline/lab/parity/matrix/fixtures/p1266/S09-radial-linear-rgb.typ /tmp/p1268/oracle_v3/binaries/direct/S09-radial-linear-rgb.svg	e3b0c44298fc1c149afbf4c8996fb92427ae41e4649b934ca495991b7852b855	exit=0;stderr_sha256=e3b0c44298fc1c149afbf4c8996fb92427ae41e4649b934ca495991b7852b855
runner-command	C0144	/usr/local/bin/typst eval --format json let norm = x => if type(x) == ratio { x / 100% } else { x }; let g = gradient.radial((red, 0%), (rgb(46, 204, 64), 33.3333333333333%), (blue.transparentize(100%), 66.6666666666667%), (yellow.transparentize(100%), 100%), (yellow.transparentize(100%), 100%), space: color.linear-rgb, center: (50%, 50%), radius: 60%, focal-center: (40%, 50%), focal-radius: 15%); (g.stops().map(s => (s.at(0).components().map(norm), s.at(1) / 100%)), repr(g.kind()), repr(g.space()), repr(g.angle()), repr(g.center()), repr(g.radius()), repr(g.focal-center()), repr(g.focal-radius()))	330685a40ce92d945e67ac643ea9ddd0023c45b699724968ca475e52789e6b12	exit=0;stderr_sha256=e3b0c44298fc1c149afbf4c8996fb92427ae41e4649b934ca495991b7852b855
runner-command	C0145	/usr/local/bin/typst eval --format json let norm = x => if type(x) == ratio { x / 100% } else { x }; let g = gradient.radial((red, 0%), (rgb(46, 204, 64), 33.3333333333333%), (blue.transparentize(100%), 66.6666666666667%), (yellow.transparentize(100%), 100%), (yellow.transparentize(100%), 100%), space: color.linear-rgb, center: (50%, 50%), radius: 60%, focal-center: (40%, 50%), focal-radius: 15%); let ss = g.stops(); let mesh = range(8193).map(i => g.sample(i / 8192 * 100%).components().map(norm)); let dyadic = range(ss.len() - 1).map(i => { let a = ss.at(i).at(1); let b = ss.at(i + 1).at(1); range(129).map(k => g.sample(a + (b - a) * k / 128).components().map(norm)) }); let probes = (100%,).map(t => g.sample(t).components().map(norm)); (mesh, dyadic, probes)	af119f47cbaa6a2c8057d18d08313b863675756b31633869863b9d80b126d17f	exit=0;stderr_sha256=e3b0c44298fc1c149afbf4c8996fb92427ae41e4649b934ca495991b7852b855
runner-command	C0146	rsvg-convert --zoom 1 -o /tmp/p1268/oracle_v3/masks/S09-radial-linear-rgb.png /tmp/p1268/oracle_v3/masks/S09-radial-linear-rgb.svg	e3b0c44298fc1c149afbf4c8996fb92427ae41e4649b934ca495991b7852b855	exit=0;stderr_sha256=e3b0c44298fc1c149afbf4c8996fb92427ae41e4649b934ca495991b7852b855
runner-command	C0147	/usr/local/bin/typst compile /repos/Antigravity/typst-crystalline/lab/parity/matrix/fixtures/p1266/S10-linear-oklab.typ /tmp/p1268/oracle_v3/binaries/direct/S10-linear-oklab.svg	e3b0c44298fc1c149afbf4c8996fb92427ae41e4649b934ca495991b7852b855	exit=0;stderr_sha256=e3b0c44298fc1c149afbf4c8996fb92427ae41e4649b934ca495991b7852b855
runner-command	C0148	/usr/local/bin/typst eval --format json let norm = x => if type(x) == ratio { x / 100% } else { x }; let g = gradient.linear((red.transparentize(99%), 0%), (rgb(46, 204, 64).transparentize(99%), 16.6666666666667%), (blue.transparentize(99%), 33.3333333333333%), (yellow.transparentize(99%), 50%), (red.transparentize(99%), 50.0001%), (rgb(46, 204, 64).transparentize(99%), 66.6667333333333%), (blue.transparentize(99%), 83.3333666666667%), (yellow.transparentize(99%), 100%), space: color.oklab, angle: 359.9999deg); (g.stops().map(s => (s.at(0).components().map(norm), s.at(1) / 100%)), repr(g.kind()), repr(g.space()), repr(g.angle()), repr(g.center()), repr(g.radius()), repr(g.focal-center()), repr(g.focal-radius()))	230ef11364b1dd199474677696f35412be0ffed39f5c83137cbc0ea83401114f	exit=0;stderr_sha256=e3b0c44298fc1c149afbf4c8996fb92427ae41e4649b934ca495991b7852b855
runner-command	C0149	/usr/local/bin/typst eval --format json let norm = x => if type(x) == ratio { x / 100% } else { x }; let g = gradient.linear((red.transparentize(99%), 0%), (rgb(46, 204, 64).transparentize(99%), 16.6666666666667%), (blue.transparentize(99%), 33.3333333333333%), (yellow.transparentize(99%), 50%), (red.transparentize(99%), 50.0001%), (rgb(46, 204, 64).transparentize(99%), 66.6667333333333%), (blue.transparentize(99%), 83.3333666666667%), (yellow.transparentize(99%), 100%), space: color.oklab, angle: 359.9999deg); let ss = g.stops(); let mesh = range(8193).map(i => g.sample(i / 8192 * 100%).components().map(norm)); let dyadic = range(ss.len() - 1).map(i => { let a = ss.at(i).at(1); let b = ss.at(i + 1).at(1); range(129).map(k => g.sample(a + (b - a) * k / 128).components().map(norm)) }); let probes = (0%,).map(t => g.sample(t).components().map(norm)); (mesh, dyadic, probes)	1f5cb2b31fa1ac8f3f3bcb9c422bdd3b1014a6d6fa95422f61505dfc51951bc1	exit=0;stderr_sha256=e3b0c44298fc1c149afbf4c8996fb92427ae41e4649b934ca495991b7852b855
runner-command	C0150	rsvg-convert --zoom 1 -o /tmp/p1268/oracle_v3/masks/S10-linear-oklab.png /tmp/p1268/oracle_v3/masks/S10-linear-oklab.svg	e3b0c44298fc1c149afbf4c8996fb92427ae41e4649b934ca495991b7852b855	exit=0;stderr_sha256=e3b0c44298fc1c149afbf4c8996fb92427ae41e4649b934ca495991b7852b855
runner-command	C0151	/usr/local/bin/typst compile /repos/Antigravity/typst-crystalline/lab/parity/matrix/fixtures/p1266/S10-radial-oklab.typ /tmp/p1268/oracle_v3/binaries/direct/S10-radial-oklab.svg	e3b0c44298fc1c149afbf4c8996fb92427ae41e4649b934ca495991b7852b855	exit=0;stderr_sha256=e3b0c44298fc1c149afbf4c8996fb92427ae41e4649b934ca495991b7852b855
runner-command	C0152	/usr/local/bin/typst eval --format json let norm = x => if type(x) == ratio { x / 100% } else { x }; let g = gradient.radial((red.transparentize(99%), 0%), (rgb(46, 204, 64).transparentize(99%), 16.6666666666667%), (blue.transparentize(99%), 33.3333333333333%), (yellow.transparentize(99%), 50%), (red.transparentize(99%), 50.0001%), (rgb(46, 204, 64).transparentize(99%), 66.6667333333333%), (blue.transparentize(99%), 83.3333666666667%), (yellow.transparentize(99%), 100%), space: color.oklab, center: (50%, 50%), radius: 50%, focal-center: (93.9%, 50%), focal-radius: 6%); (g.stops().map(s => (s.at(0).components().map(norm), s.at(1) / 100%)), repr(g.kind()), repr(g.space()), repr(g.angle()), repr(g.center()), repr(g.radius()), repr(g.focal-center()), repr(g.focal-radius()))	227dc00c2ed51b1b908da6da0f0865341007979d313d353994bf0833df8d4f78	exit=0;stderr_sha256=e3b0c44298fc1c149afbf4c8996fb92427ae41e4649b934ca495991b7852b855
runner-command	C0153	/usr/local/bin/typst eval --format json let norm = x => if type(x) == ratio { x / 100% } else { x }; let g = gradient.radial((red.transparentize(99%), 0%), (rgb(46, 204, 64).transparentize(99%), 16.6666666666667%), (blue.transparentize(99%), 33.3333333333333%), (yellow.transparentize(99%), 50%), (red.transparentize(99%), 50.0001%), (rgb(46, 204, 64).transparentize(99%), 66.6667333333333%), (blue.transparentize(99%), 83.3333666666667%), (yellow.transparentize(99%), 100%), space: color.oklab, center: (50%, 50%), radius: 50%, focal-center: (93.9%, 50%), focal-radius: 6%); let ss = g.stops(); let mesh = range(8193).map(i => g.sample(i / 8192 * 100%).components().map(norm)); let dyadic = range(ss.len() - 1).map(i => { let a = ss.at(i).at(1); let b = ss.at(i + 1).at(1); range(129).map(k => g.sample(a + (b - a) * k / 128).components().map(norm)) }); let probes = (0%,).map(t => g.sample(t).components().map(norm)); (mesh, dyadic, probes)	1f5cb2b31fa1ac8f3f3bcb9c422bdd3b1014a6d6fa95422f61505dfc51951bc1	exit=0;stderr_sha256=e3b0c44298fc1c149afbf4c8996fb92427ae41e4649b934ca495991b7852b855
runner-command	C0154	rsvg-convert --zoom 1 -o /tmp/p1268/oracle_v3/masks/S10-radial-oklab.png /tmp/p1268/oracle_v3/masks/S10-radial-oklab.svg	e3b0c44298fc1c149afbf4c8996fb92427ae41e4649b934ca495991b7852b855	exit=0;stderr_sha256=e3b0c44298fc1c149afbf4c8996fb92427ae41e4649b934ca495991b7852b855
runner-command	C0155	/usr/local/bin/typst compile /repos/Antigravity/typst-crystalline/lab/parity/matrix/fixtures/p1266/S10-linear-linear-rgb.typ /tmp/p1268/oracle_v3/binaries/direct/S10-linear-linear-rgb.svg	e3b0c44298fc1c149afbf4c8996fb92427ae41e4649b934ca495991b7852b855	exit=0;stderr_sha256=e3b0c44298fc1c149afbf4c8996fb92427ae41e4649b934ca495991b7852b855
runner-command	C0156	/usr/local/bin/typst eval --format json let norm = x => if type(x) == ratio { x / 100% } else { x }; let g = gradient.linear((red.transparentize(99%), 0%), (rgb(46, 204, 64).transparentize(99%), 16.6666666666667%), (blue.transparentize(99%), 33.3333333333333%), (yellow.transparentize(99%), 50%), (red.transparentize(99%), 50.0001%), (rgb(46, 204, 64).transparentize(99%), 66.6667333333333%), (blue.transparentize(99%), 83.3333666666667%), (yellow.transparentize(99%), 100%), space: color.linear-rgb, angle: 359.9999deg); (g.stops().map(s => (s.at(0).components().map(norm), s.at(1) / 100%)), repr(g.kind()), repr(g.space()), repr(g.angle()), repr(g.center()), repr(g.radius()), repr(g.focal-center()), repr(g.focal-radius()))	11066fb3e527e1ec00650b3e0e0a456e7fdb877deead1b4f79bf5ea3d8776f13	exit=0;stderr_sha256=e3b0c44298fc1c149afbf4c8996fb92427ae41e4649b934ca495991b7852b855
runner-command	C0157	/usr/local/bin/typst eval --format json let norm = x => if type(x) == ratio { x / 100% } else { x }; let g = gradient.linear((red.transparentize(99%), 0%), (rgb(46, 204, 64).transparentize(99%), 16.6666666666667%), (blue.transparentize(99%), 33.3333333333333%), (yellow.transparentize(99%), 50%), (red.transparentize(99%), 50.0001%), (rgb(46, 204, 64).transparentize(99%), 66.6667333333333%), (blue.transparentize(99%), 83.3333666666667%), (yellow.transparentize(99%), 100%), space: color.linear-rgb, angle: 359.9999deg); let ss = g.stops(); let mesh = range(8193).map(i => g.sample(i / 8192 * 100%).components().map(norm)); let dyadic = range(ss.len() - 1).map(i => { let a = ss.at(i).at(1); let b = ss.at(i + 1).at(1); range(129).map(k => g.sample(a + (b - a) * k / 128).components().map(norm)) }); let probes = (0%,).map(t => g.sample(t).components().map(norm)); (mesh, dyadic, probes)	54c19bfb2c37521e5df76aeeecb23b371d3048fe0b3d6f808d0c8c4d66ec7a9b	exit=0;stderr_sha256=e3b0c44298fc1c149afbf4c8996fb92427ae41e4649b934ca495991b7852b855
runner-command	C0158	rsvg-convert --zoom 1 -o /tmp/p1268/oracle_v3/masks/S10-linear-linear-rgb.png /tmp/p1268/oracle_v3/masks/S10-linear-linear-rgb.svg	e3b0c44298fc1c149afbf4c8996fb92427ae41e4649b934ca495991b7852b855	exit=0;stderr_sha256=e3b0c44298fc1c149afbf4c8996fb92427ae41e4649b934ca495991b7852b855
runner-command	C0159	/usr/local/bin/typst compile /repos/Antigravity/typst-crystalline/lab/parity/matrix/fixtures/p1266/S10-radial-linear-rgb.typ /tmp/p1268/oracle_v3/binaries/direct/S10-radial-linear-rgb.svg	e3b0c44298fc1c149afbf4c8996fb92427ae41e4649b934ca495991b7852b855	exit=0;stderr_sha256=e3b0c44298fc1c149afbf4c8996fb92427ae41e4649b934ca495991b7852b855
runner-command	C0160	/usr/local/bin/typst eval --format json let norm = x => if type(x) == ratio { x / 100% } else { x }; let g = gradient.radial((red.transparentize(99%), 0%), (rgb(46, 204, 64).transparentize(99%), 16.6666666666667%), (blue.transparentize(99%), 33.3333333333333%), (yellow.transparentize(99%), 50%), (red.transparentize(99%), 50.0001%), (rgb(46, 204, 64).transparentize(99%), 66.6667333333333%), (blue.transparentize(99%), 83.3333666666667%), (yellow.transparentize(99%), 100%), space: color.linear-rgb, center: (50%, 50%), radius: 50%, focal-center: (93.9%, 50%), focal-radius: 6%); (g.stops().map(s => (s.at(0).components().map(norm), s.at(1) / 100%)), repr(g.kind()), repr(g.space()), repr(g.angle()), repr(g.center()), repr(g.radius()), repr(g.focal-center()), repr(g.focal-radius()))	0c45663dd56e52be25b4efda913f58b63f2d7f2f24fa38ab873cc82c7ce6dece	exit=0;stderr_sha256=e3b0c44298fc1c149afbf4c8996fb92427ae41e4649b934ca495991b7852b855
runner-command	C0161	/usr/local/bin/typst eval --format json let norm = x => if type(x) == ratio { x / 100% } else { x }; let g = gradient.radial((red.transparentize(99%), 0%), (rgb(46, 204, 64).transparentize(99%), 16.6666666666667%), (blue.transparentize(99%), 33.3333333333333%), (yellow.transparentize(99%), 50%), (red.transparentize(99%), 50.0001%), (rgb(46, 204, 64).transparentize(99%), 66.6667333333333%), (blue.transparentize(99%), 83.3333666666667%), (yellow.transparentize(99%), 100%), space: color.linear-rgb, center: (50%, 50%), radius: 50%, focal-center: (93.9%, 50%), focal-radius: 6%); let ss = g.stops(); let mesh = range(8193).map(i => g.sample(i / 8192 * 100%).components().map(norm)); let dyadic = range(ss.len() - 1).map(i => { let a = ss.at(i).at(1); let b = ss.at(i + 1).at(1); range(129).map(k => g.sample(a + (b - a) * k / 128).components().map(norm)) }); let probes = (0%,).map(t => g.sample(t).components().map(norm)); (mesh, dyadic, probes)	54c19bfb2c37521e5df76aeeecb23b371d3048fe0b3d6f808d0c8c4d66ec7a9b	exit=0;stderr_sha256=e3b0c44298fc1c149afbf4c8996fb92427ae41e4649b934ca495991b7852b855
runner-command	C0162	rsvg-convert --zoom 1 -o /tmp/p1268/oracle_v3/masks/S10-radial-linear-rgb.png /tmp/p1268/oracle_v3/masks/S10-radial-linear-rgb.svg	e3b0c44298fc1c149afbf4c8996fb92427ae41e4649b934ca495991b7852b855	exit=0;stderr_sha256=e3b0c44298fc1c149afbf4c8996fb92427ae41e4649b934ca495991b7852b855
runner-command	C0163	/usr/local/bin/typst compile /repos/Antigravity/typst-crystalline/lab/parity/matrix/fixtures/p1266/S11-linear-oklab.typ /tmp/p1268/oracle_v3/binaries/direct/S11-linear-oklab.svg	e3b0c44298fc1c149afbf4c8996fb92427ae41e4649b934ca495991b7852b855	exit=0;stderr_sha256=e3b0c44298fc1c149afbf4c8996fb92427ae41e4649b934ca495991b7852b855
runner-command	C0164	/usr/local/bin/typst eval --format json let norm = x => if type(x) == ratio { x / 100% } else { x }; let g = gradient.linear(red.transparentize(1%), rgb(46, 204, 64).transparentize(1%), blue.transparentize(1%), yellow.transparentize(1%), red.transparentize(1%), rgb(46, 204, 64).transparentize(1%), blue.transparentize(1%), yellow.transparentize(1%), red.transparentize(1%), rgb(46, 204, 64).transparentize(1%), blue.transparentize(1%), yellow.transparentize(1%), red.transparentize(1%), rgb(46, 204, 64).transparentize(1%), blue.transparentize(1%), yellow.transparentize(1%), space: color.oklab, angle: -360deg); (g.stops().map(s => (s.at(0).components().map(norm), s.at(1) / 100%)), repr(g.kind()), repr(g.space()), repr(g.angle()), repr(g.center()), repr(g.radius()), repr(g.focal-center()), repr(g.focal-radius()))	19adda1305bd294942b29b93d6077c9e45f37ab1c743cc01483c0afbd5acb50d	exit=0;stderr_sha256=e3b0c44298fc1c149afbf4c8996fb92427ae41e4649b934ca495991b7852b855
runner-command	C0165	/usr/local/bin/typst eval --format json let norm = x => if type(x) == ratio { x / 100% } else { x }; let g = gradient.linear(red.transparentize(1%), rgb(46, 204, 64).transparentize(1%), blue.transparentize(1%), yellow.transparentize(1%), red.transparentize(1%), rgb(46, 204, 64).transparentize(1%), blue.transparentize(1%), yellow.transparentize(1%), red.transparentize(1%), rgb(46, 204, 64).transparentize(1%), blue.transparentize(1%), yellow.transparentize(1%), red.transparentize(1%), rgb(46, 204, 64).transparentize(1%), blue.transparentize(1%), yellow.transparentize(1%), space: color.oklab, angle: -360deg); let ss = g.stops(); let mesh = range(8193).map(i => g.sample(i / 8192 * 100%).components().map(norm)); let dyadic = range(ss.len() - 1).map(i => { let a = ss.at(i).at(1); let b = ss.at(i + 1).at(1); range(129).map(k => g.sample(a + (b - a) * k / 128).components().map(norm)) }); let probes = (0%,).map(t => g.sample(t).components().map(norm)); (mesh, dyadic, probes)	4435843acfd1fcc2ba7b5b8e007e401091945869dabf5c8447e05c56d45b6b41	exit=0;stderr_sha256=e3b0c44298fc1c149afbf4c8996fb92427ae41e4649b934ca495991b7852b855
runner-command	C0166	rsvg-convert --zoom 1 -o /tmp/p1268/oracle_v3/masks/S11-linear-oklab.png /tmp/p1268/oracle_v3/masks/S11-linear-oklab.svg	e3b0c44298fc1c149afbf4c8996fb92427ae41e4649b934ca495991b7852b855	exit=0;stderr_sha256=e3b0c44298fc1c149afbf4c8996fb92427ae41e4649b934ca495991b7852b855
runner-command	C0167	/usr/local/bin/typst compile /repos/Antigravity/typst-crystalline/lab/parity/matrix/fixtures/p1266/S11-radial-oklab.typ /tmp/p1268/oracle_v3/binaries/direct/S11-radial-oklab.svg	e3b0c44298fc1c149afbf4c8996fb92427ae41e4649b934ca495991b7852b855	exit=0;stderr_sha256=e3b0c44298fc1c149afbf4c8996fb92427ae41e4649b934ca495991b7852b855
runner-command	C0168	/usr/local/bin/typst eval --format json let norm = x => if type(x) == ratio { x / 100% } else { x }; let g = gradient.radial(red.transparentize(1%), rgb(46, 204, 64).transparentize(1%), blue.transparentize(1%), yellow.transparentize(1%), red.transparentize(1%), rgb(46, 204, 64).transparentize(1%), blue.transparentize(1%), yellow.transparentize(1%), red.transparentize(1%), rgb(46, 204, 64).transparentize(1%), blue.transparentize(1%), yellow.transparentize(1%), red.transparentize(1%), rgb(46, 204, 64).transparentize(1%), blue.transparentize(1%), yellow.transparentize(1%), space: color.oklab, center: (50%, 50%), radius: 50%, focal-center: (50%, 50%), focal-radius: 0%); (g.stops().map(s => (s.at(0).components().map(norm), s.at(1) / 100%)), repr(g.kind()), repr(g.space()), repr(g.angle()), repr(g.center()), repr(g.radius()), repr(g.focal-center()), repr(g.focal-radius()))	e46675fbc4d82662e413228cfe46e1ececd7d58cd0eb8949159b7840ceaa44bb	exit=0;stderr_sha256=e3b0c44298fc1c149afbf4c8996fb92427ae41e4649b934ca495991b7852b855
runner-command	C0169	/usr/local/bin/typst eval --format json let norm = x => if type(x) == ratio { x / 100% } else { x }; let g = gradient.radial(red.transparentize(1%), rgb(46, 204, 64).transparentize(1%), blue.transparentize(1%), yellow.transparentize(1%), red.transparentize(1%), rgb(46, 204, 64).transparentize(1%), blue.transparentize(1%), yellow.transparentize(1%), red.transparentize(1%), rgb(46, 204, 64).transparentize(1%), blue.transparentize(1%), yellow.transparentize(1%), red.transparentize(1%), rgb(46, 204, 64).transparentize(1%), blue.transparentize(1%), yellow.transparentize(1%), space: color.oklab, center: (50%, 50%), radius: 50%, focal-center: (50%, 50%), focal-radius: 0%); let ss = g.stops(); let mesh = range(8193).map(i => g.sample(i / 8192 * 100%).components().map(norm)); let dyadic = range(ss.len() - 1).map(i => { let a = ss.at(i).at(1); let b = ss.at(i + 1).at(1); range(129).map(k => g.sample(a + (b - a) * k / 128).components().map(norm)) }); let probes = (0%,).map(t => g.sample(t).components().map(norm)); (mesh, dyadic, probes)	4435843acfd1fcc2ba7b5b8e007e401091945869dabf5c8447e05c56d45b6b41	exit=0;stderr_sha256=e3b0c44298fc1c149afbf4c8996fb92427ae41e4649b934ca495991b7852b855
runner-command	C0170	rsvg-convert --zoom 1 -o /tmp/p1268/oracle_v3/masks/S11-radial-oklab.png /tmp/p1268/oracle_v3/masks/S11-radial-oklab.svg	e3b0c44298fc1c149afbf4c8996fb92427ae41e4649b934ca495991b7852b855	exit=0;stderr_sha256=e3b0c44298fc1c149afbf4c8996fb92427ae41e4649b934ca495991b7852b855
runner-command	C0171	/usr/local/bin/typst compile /repos/Antigravity/typst-crystalline/lab/parity/matrix/fixtures/p1266/S11-linear-linear-rgb.typ /tmp/p1268/oracle_v3/binaries/direct/S11-linear-linear-rgb.svg	e3b0c44298fc1c149afbf4c8996fb92427ae41e4649b934ca495991b7852b855	exit=0;stderr_sha256=e3b0c44298fc1c149afbf4c8996fb92427ae41e4649b934ca495991b7852b855
runner-command	C0172	/usr/local/bin/typst eval --format json let norm = x => if type(x) == ratio { x / 100% } else { x }; let g = gradient.linear(red.transparentize(1%), rgb(46, 204, 64).transparentize(1%), blue.transparentize(1%), yellow.transparentize(1%), red.transparentize(1%), rgb(46, 204, 64).transparentize(1%), blue.transparentize(1%), yellow.transparentize(1%), red.transparentize(1%), rgb(46, 204, 64).transparentize(1%), blue.transparentize(1%), yellow.transparentize(1%), red.transparentize(1%), rgb(46, 204, 64).transparentize(1%), blue.transparentize(1%), yellow.transparentize(1%), space: color.linear-rgb, angle: -360deg); (g.stops().map(s => (s.at(0).components().map(norm), s.at(1) / 100%)), repr(g.kind()), repr(g.space()), repr(g.angle()), repr(g.center()), repr(g.radius()), repr(g.focal-center()), repr(g.focal-radius()))	68bdab29f2888638deea44a8ce470decfc5b88dabb293c8c3f9277dd00fe6ce9	exit=0;stderr_sha256=e3b0c44298fc1c149afbf4c8996fb92427ae41e4649b934ca495991b7852b855
runner-command	C0173	/usr/local/bin/typst eval --format json let norm = x => if type(x) == ratio { x / 100% } else { x }; let g = gradient.linear(red.transparentize(1%), rgb(46, 204, 64).transparentize(1%), blue.transparentize(1%), yellow.transparentize(1%), red.transparentize(1%), rgb(46, 204, 64).transparentize(1%), blue.transparentize(1%), yellow.transparentize(1%), red.transparentize(1%), rgb(46, 204, 64).transparentize(1%), blue.transparentize(1%), yellow.transparentize(1%), red.transparentize(1%), rgb(46, 204, 64).transparentize(1%), blue.transparentize(1%), yellow.transparentize(1%), space: color.linear-rgb, angle: -360deg); let ss = g.stops(); let mesh = range(8193).map(i => g.sample(i / 8192 * 100%).components().map(norm)); let dyadic = range(ss.len() - 1).map(i => { let a = ss.at(i).at(1); let b = ss.at(i + 1).at(1); range(129).map(k => g.sample(a + (b - a) * k / 128).components().map(norm)) }); let probes = (0%,).map(t => g.sample(t).components().map(norm)); (mesh, dyadic, probes)	82ddbc2c0377b53900a7f91a06c749b60db85c18b9c8591dcf21401dc7fb82c3	exit=0;stderr_sha256=e3b0c44298fc1c149afbf4c8996fb92427ae41e4649b934ca495991b7852b855
runner-command	C0174	rsvg-convert --zoom 1 -o /tmp/p1268/oracle_v3/masks/S11-linear-linear-rgb.png /tmp/p1268/oracle_v3/masks/S11-linear-linear-rgb.svg	e3b0c44298fc1c149afbf4c8996fb92427ae41e4649b934ca495991b7852b855	exit=0;stderr_sha256=e3b0c44298fc1c149afbf4c8996fb92427ae41e4649b934ca495991b7852b855
runner-command	C0175	/usr/local/bin/typst compile /repos/Antigravity/typst-crystalline/lab/parity/matrix/fixtures/p1266/S11-radial-linear-rgb.typ /tmp/p1268/oracle_v3/binaries/direct/S11-radial-linear-rgb.svg	e3b0c44298fc1c149afbf4c8996fb92427ae41e4649b934ca495991b7852b855	exit=0;stderr_sha256=e3b0c44298fc1c149afbf4c8996fb92427ae41e4649b934ca495991b7852b855
runner-command	C0176	/usr/local/bin/typst eval --format json let norm = x => if type(x) == ratio { x / 100% } else { x }; let g = gradient.radial(red.transparentize(1%), rgb(46, 204, 64).transparentize(1%), blue.transparentize(1%), yellow.transparentize(1%), red.transparentize(1%), rgb(46, 204, 64).transparentize(1%), blue.transparentize(1%), yellow.transparentize(1%), red.transparentize(1%), rgb(46, 204, 64).transparentize(1%), blue.transparentize(1%), yellow.transparentize(1%), red.transparentize(1%), rgb(46, 204, 64).transparentize(1%), blue.transparentize(1%), yellow.transparentize(1%), space: color.linear-rgb, center: (50%, 50%), radius: 50%, focal-center: (50%, 50%), focal-radius: 0%); (g.stops().map(s => (s.at(0).components().map(norm), s.at(1) / 100%)), repr(g.kind()), repr(g.space()), repr(g.angle()), repr(g.center()), repr(g.radius()), repr(g.focal-center()), repr(g.focal-radius()))	a62760a37cf37077f834c5ff84d207310f6a246f9f2f80ab76b7ff9b4512d331	exit=0;stderr_sha256=e3b0c44298fc1c149afbf4c8996fb92427ae41e4649b934ca495991b7852b855
runner-command	C0177	/usr/local/bin/typst eval --format json let norm = x => if type(x) == ratio { x / 100% } else { x }; let g = gradient.radial(red.transparentize(1%), rgb(46, 204, 64).transparentize(1%), blue.transparentize(1%), yellow.transparentize(1%), red.transparentize(1%), rgb(46, 204, 64).transparentize(1%), blue.transparentize(1%), yellow.transparentize(1%), red.transparentize(1%), rgb(46, 204, 64).transparentize(1%), blue.transparentize(1%), yellow.transparentize(1%), red.transparentize(1%), rgb(46, 204, 64).transparentize(1%), blue.transparentize(1%), yellow.transparentize(1%), space: color.linear-rgb, center: (50%, 50%), radius: 50%, focal-center: (50%, 50%), focal-radius: 0%); let ss = g.stops(); let mesh = range(8193).map(i => g.sample(i / 8192 * 100%).components().map(norm)); let dyadic = range(ss.len() - 1).map(i => { let a = ss.at(i).at(1); let b = ss.at(i + 1).at(1); range(129).map(k => g.sample(a + (b - a) * k / 128).components().map(norm)) }); let probes = (0%,).map(t => g.sample(t).components().map(norm)); (mesh, dyadic, probes)	82ddbc2c0377b53900a7f91a06c749b60db85c18b9c8591dcf21401dc7fb82c3	exit=0;stderr_sha256=e3b0c44298fc1c149afbf4c8996fb92427ae41e4649b934ca495991b7852b855
runner-command	C0178	rsvg-convert --zoom 1 -o /tmp/p1268/oracle_v3/masks/S11-radial-linear-rgb.png /tmp/p1268/oracle_v3/masks/S11-radial-linear-rgb.svg	e3b0c44298fc1c149afbf4c8996fb92427ae41e4649b934ca495991b7852b855	exit=0;stderr_sha256=e3b0c44298fc1c149afbf4c8996fb92427ae41e4649b934ca495991b7852b855
runner-command	C0179	/usr/local/bin/typst compile /repos/Antigravity/typst-crystalline/lab/parity/matrix/fixtures/p1266/S12-linear-oklab.typ /tmp/p1268/oracle_v3/binaries/direct/S12-linear-oklab.svg	e3b0c44298fc1c149afbf4c8996fb92427ae41e4649b934ca495991b7852b855	exit=0;stderr_sha256=e3b0c44298fc1c149afbf4c8996fb92427ae41e4649b934ca495991b7852b855
runner-command	C0180	/usr/local/bin/typst eval --format json let norm = x => if type(x) == ratio { x / 100% } else { x }; let g = gradient.linear((rgb(38, 70, 83).transparentize(20%), 0%), (rgb(42, 157, 143).transparentize(60%), 1.0989010989011%), (rgb(233, 196, 106).transparentize(35%), 4.3956043956044%), (rgb(244, 162, 97).transparentize(80%), 9.89010989010989%), (rgb(38, 70, 83).transparentize(20%), 12.0879120879121%), (rgb(42, 157, 143).transparentize(60%), 16.4835164835165%), (rgb(233, 196, 106).transparentize(35%), 17.5824175824176%), (rgb(244, 162, 97).transparentize(80%), 20.8791208791209%), (rgb(38, 70, 83).transparentize(20%), 26.3736263736264%), (rgb(42, 157, 143).transparentize(60%), 28.5714285714286%), (rgb(233, 196, 106).transparentize(35%), 32.967032967033%), (rgb(244, 162, 97).transparentize(80%), 34.0659340659341%), (rgb(38, 70, 83).transparentize(20%), 37.3626373626374%), (rgb(42, 157, 143).transparentize(60%), 42.8571428571429%), (rgb(233, 196, 106).transparentize(35%), 45.0549450549451%), (rgb(244, 162, 97).transparentize(80%), 49.4505494505495%), (rgb(38, 70, 83).transparentize(20%), 50.5494505494505%), (rgb(42, 157, 143).transparentize(60%), 53.8461538461538%), (rgb(233, 196, 106).transparentize(35%), 59.3406593406593%), (rgb(244, 162, 97).transparentize(80%), 61.5384615384615%), (rgb(38, 70, 83).transparentize(20%), 65.9340659340659%), (rgb(42, 157, 143).transparentize(60%), 67.032967032967%), (rgb(233, 196, 106).transparentize(35%), 70.3296703296703%), (rgb(244, 162, 97).transparentize(80%), 75.8241758241758%), (rgb(38, 70, 83).transparentize(20%), 78.021978021978%), (rgb(42, 157, 143).transparentize(60%), 82.4175824175824%), (rgb(233, 196, 106).transparentize(35%), 83.5164835164835%), (rgb(244, 162, 97).transparentize(80%), 86.8131868131868%), (rgb(38, 70, 83).transparentize(20%), 92.3076923076923%), (rgb(42, 157, 143).transparentize(60%), 94.5054945054945%), (rgb(233, 196, 106).transparentize(35%), 98.9010989010989%), (rgb(244, 162, 97).transparentize(80%), 100%), space: color.oklab, angle: 720.5deg); (g.stops().map(s => (s.at(0).components().map(norm), s.at(1) / 100%)), repr(g.kind()), repr(g.space()), repr(g.angle()), repr(g.center()), repr(g.radius()), repr(g.focal-center()), repr(g.focal-radius()))	2239cb43b50a2631bee51f2a3fb50d788fb5777154f6b4a08e04e3935740c28d	exit=0;stderr_sha256=e3b0c44298fc1c149afbf4c8996fb92427ae41e4649b934ca495991b7852b855
runner-command	C0181	/usr/local/bin/typst eval --format json let norm = x => if type(x) == ratio { x / 100% } else { x }; let g = gradient.linear((rgb(38, 70, 83).transparentize(20%), 0%), (rgb(42, 157, 143).transparentize(60%), 1.0989010989011%), (rgb(233, 196, 106).transparentize(35%), 4.3956043956044%), (rgb(244, 162, 97).transparentize(80%), 9.89010989010989%), (rgb(38, 70, 83).transparentize(20%), 12.0879120879121%), (rgb(42, 157, 143).transparentize(60%), 16.4835164835165%), (rgb(233, 196, 106).transparentize(35%), 17.5824175824176%), (rgb(244, 162, 97).transparentize(80%), 20.8791208791209%), (rgb(38, 70, 83).transparentize(20%), 26.3736263736264%), (rgb(42, 157, 143).transparentize(60%), 28.5714285714286%), (rgb(233, 196, 106).transparentize(35%), 32.967032967033%), (rgb(244, 162, 97).transparentize(80%), 34.0659340659341%), (rgb(38, 70, 83).transparentize(20%), 37.3626373626374%), (rgb(42, 157, 143).transparentize(60%), 42.8571428571429%), (rgb(233, 196, 106).transparentize(35%), 45.0549450549451%), (rgb(244, 162, 97).transparentize(80%), 49.4505494505495%), (rgb(38, 70, 83).transparentize(20%), 50.5494505494505%), (rgb(42, 157, 143).transparentize(60%), 53.8461538461538%), (rgb(233, 196, 106).transparentize(35%), 59.3406593406593%), (rgb(244, 162, 97).transparentize(80%), 61.5384615384615%), (rgb(38, 70, 83).transparentize(20%), 65.9340659340659%), (rgb(42, 157, 143).transparentize(60%), 67.032967032967%), (rgb(233, 196, 106).transparentize(35%), 70.3296703296703%), (rgb(244, 162, 97).transparentize(80%), 75.8241758241758%), (rgb(38, 70, 83).transparentize(20%), 78.021978021978%), (rgb(42, 157, 143).transparentize(60%), 82.4175824175824%), (rgb(233, 196, 106).transparentize(35%), 83.5164835164835%), (rgb(244, 162, 97).transparentize(80%), 86.8131868131868%), (rgb(38, 70, 83).transparentize(20%), 92.3076923076923%), (rgb(42, 157, 143).transparentize(60%), 94.5054945054945%), (rgb(233, 196, 106).transparentize(35%), 98.9010989010989%), (rgb(244, 162, 97).transparentize(80%), 100%), space: color.oklab, angle: 720.5deg); let ss = g.stops(); let mesh = range(8193).map(i => g.sample(i / 8192 * 100%).components().map(norm)); let dyadic = range(ss.len() - 1).map(i => { let a = ss.at(i).at(1); let b = ss.at(i + 1).at(1); range(129).map(k => g.sample(a + (b - a) * k / 128).components().map(norm)) }); let probes = (0%,).map(t => g.sample(t).components().map(norm)); (mesh, dyadic, probes)	77599367b01207815a15a629973e5a3585d2154205844b2080c1a95eeb5651cc	exit=0;stderr_sha256=e3b0c44298fc1c149afbf4c8996fb92427ae41e4649b934ca495991b7852b855
runner-command	C0182	rsvg-convert --zoom 1 -o /tmp/p1268/oracle_v3/masks/S12-linear-oklab.png /tmp/p1268/oracle_v3/masks/S12-linear-oklab.svg	e3b0c44298fc1c149afbf4c8996fb92427ae41e4649b934ca495991b7852b855	exit=0;stderr_sha256=e3b0c44298fc1c149afbf4c8996fb92427ae41e4649b934ca495991b7852b855
runner-command	C0183	/usr/local/bin/typst compile /repos/Antigravity/typst-crystalline/lab/parity/matrix/fixtures/p1266/S12-radial-oklab.typ /tmp/p1268/oracle_v3/binaries/direct/S12-radial-oklab.svg	e3b0c44298fc1c149afbf4c8996fb92427ae41e4649b934ca495991b7852b855	exit=0;stderr_sha256=e3b0c44298fc1c149afbf4c8996fb92427ae41e4649b934ca495991b7852b855
runner-command	C0184	/usr/local/bin/typst eval --format json let norm = x => if type(x) == ratio { x / 100% } else { x }; let g = gradient.radial((rgb(38, 70, 83).transparentize(20%), 0%), (rgb(42, 157, 143).transparentize(60%), 1.0989010989011%), (rgb(233, 196, 106).transparentize(35%), 4.3956043956044%), (rgb(244, 162, 97).transparentize(80%), 9.89010989010989%), (rgb(38, 70, 83).transparentize(20%), 12.0879120879121%), (rgb(42, 157, 143).transparentize(60%), 16.4835164835165%), (rgb(233, 196, 106).transparentize(35%), 17.5824175824176%), (rgb(244, 162, 97).transparentize(80%), 20.8791208791209%), (rgb(38, 70, 83).transparentize(20%), 26.3736263736264%), (rgb(42, 157, 143).transparentize(60%), 28.5714285714286%), (rgb(233, 196, 106).transparentize(35%), 32.967032967033%), (rgb(244, 162, 97).transparentize(80%), 34.0659340659341%), (rgb(38, 70, 83).transparentize(20%), 37.3626373626374%), (rgb(42, 157, 143).transparentize(60%), 42.8571428571429%), (rgb(233, 196, 106).transparentize(35%), 45.0549450549451%), (rgb(244, 162, 97).transparentize(80%), 49.4505494505495%), (rgb(38, 70, 83).transparentize(20%), 50.5494505494505%), (rgb(42, 157, 143).transparentize(60%), 53.8461538461538%), (rgb(233, 196, 106).transparentize(35%), 59.3406593406593%), (rgb(244, 162, 97).transparentize(80%), 61.5384615384615%), (rgb(38, 70, 83).transparentize(20%), 65.9340659340659%), (rgb(42, 157, 143).transparentize(60%), 67.032967032967%), (rgb(233, 196, 106).transparentize(35%), 70.3296703296703%), (rgb(244, 162, 97).transparentize(80%), 75.8241758241758%), (rgb(38, 70, 83).transparentize(20%), 78.021978021978%), (rgb(42, 157, 143).transparentize(60%), 82.4175824175824%), (rgb(233, 196, 106).transparentize(35%), 83.5164835164835%), (rgb(244, 162, 97).transparentize(80%), 86.8131868131868%), (rgb(38, 70, 83).transparentize(20%), 92.3076923076923%), (rgb(42, 157, 143).transparentize(60%), 94.5054945054945%), (rgb(233, 196, 106).transparentize(35%), 98.9010989010989%), (rgb(244, 162, 97).transparentize(80%), 100%), space: color.oklab, center: (50%, 50%), radius: 65%, focal-center: (30%, 40%), focal-radius: 10%); (g.stops().map(s => (s.at(0).components().map(norm), s.at(1) / 100%)), repr(g.kind()), repr(g.space()), repr(g.angle()), repr(g.center()), repr(g.radius()), repr(g.focal-center()), repr(g.focal-radius()))	5fc49a501d909729558ec8e1a52a52a87bcf94990b6d2857706460b5ba78b149	exit=0;stderr_sha256=e3b0c44298fc1c149afbf4c8996fb92427ae41e4649b934ca495991b7852b855
runner-command	C0185	/usr/local/bin/typst eval --format json let norm = x => if type(x) == ratio { x / 100% } else { x }; let g = gradient.radial((rgb(38, 70, 83).transparentize(20%), 0%), (rgb(42, 157, 143).transparentize(60%), 1.0989010989011%), (rgb(233, 196, 106).transparentize(35%), 4.3956043956044%), (rgb(244, 162, 97).transparentize(80%), 9.89010989010989%), (rgb(38, 70, 83).transparentize(20%), 12.0879120879121%), (rgb(42, 157, 143).transparentize(60%), 16.4835164835165%), (rgb(233, 196, 106).transparentize(35%), 17.5824175824176%), (rgb(244, 162, 97).transparentize(80%), 20.8791208791209%), (rgb(38, 70, 83).transparentize(20%), 26.3736263736264%), (rgb(42, 157, 143).transparentize(60%), 28.5714285714286%), (rgb(233, 196, 106).transparentize(35%), 32.967032967033%), (rgb(244, 162, 97).transparentize(80%), 34.0659340659341%), (rgb(38, 70, 83).transparentize(20%), 37.3626373626374%), (rgb(42, 157, 143).transparentize(60%), 42.8571428571429%), (rgb(233, 196, 106).transparentize(35%), 45.0549450549451%), (rgb(244, 162, 97).transparentize(80%), 49.4505494505495%), (rgb(38, 70, 83).transparentize(20%), 50.5494505494505%), (rgb(42, 157, 143).transparentize(60%), 53.8461538461538%), (rgb(233, 196, 106).transparentize(35%), 59.3406593406593%), (rgb(244, 162, 97).transparentize(80%), 61.5384615384615%), (rgb(38, 70, 83).transparentize(20%), 65.9340659340659%), (rgb(42, 157, 143).transparentize(60%), 67.032967032967%), (rgb(233, 196, 106).transparentize(35%), 70.3296703296703%), (rgb(244, 162, 97).transparentize(80%), 75.8241758241758%), (rgb(38, 70, 83).transparentize(20%), 78.021978021978%), (rgb(42, 157, 143).transparentize(60%), 82.4175824175824%), (rgb(233, 196, 106).transparentize(35%), 83.5164835164835%), (rgb(244, 162, 97).transparentize(80%), 86.8131868131868%), (rgb(38, 70, 83).transparentize(20%), 92.3076923076923%), (rgb(42, 157, 143).transparentize(60%), 94.5054945054945%), (rgb(233, 196, 106).transparentize(35%), 98.9010989010989%), (rgb(244, 162, 97).transparentize(80%), 100%), space: color.oklab, center: (50%, 50%), radius: 65%, focal-center: (30%, 40%), focal-radius: 10%); let ss = g.stops(); let mesh = range(8193).map(i => g.sample(i / 8192 * 100%).components().map(norm)); let dyadic = range(ss.len() - 1).map(i => { let a = ss.at(i).at(1); let b = ss.at(i + 1).at(1); range(129).map(k => g.sample(a + (b - a) * k / 128).components().map(norm)) }); let probes = (0%,).map(t => g.sample(t).components().map(norm)); (mesh, dyadic, probes)	77599367b01207815a15a629973e5a3585d2154205844b2080c1a95eeb5651cc	exit=0;stderr_sha256=e3b0c44298fc1c149afbf4c8996fb92427ae41e4649b934ca495991b7852b855
runner-command	C0186	rsvg-convert --zoom 1 -o /tmp/p1268/oracle_v3/masks/S12-radial-oklab.png /tmp/p1268/oracle_v3/masks/S12-radial-oklab.svg	e3b0c44298fc1c149afbf4c8996fb92427ae41e4649b934ca495991b7852b855	exit=0;stderr_sha256=e3b0c44298fc1c149afbf4c8996fb92427ae41e4649b934ca495991b7852b855
runner-command	C0187	/usr/local/bin/typst compile /repos/Antigravity/typst-crystalline/lab/parity/matrix/fixtures/p1266/S12-linear-linear-rgb.typ /tmp/p1268/oracle_v3/binaries/direct/S12-linear-linear-rgb.svg	e3b0c44298fc1c149afbf4c8996fb92427ae41e4649b934ca495991b7852b855	exit=0;stderr_sha256=e3b0c44298fc1c149afbf4c8996fb92427ae41e4649b934ca495991b7852b855
runner-command	C0188	/usr/local/bin/typst eval --format json let norm = x => if type(x) == ratio { x / 100% } else { x }; let g = gradient.linear((rgb(38, 70, 83).transparentize(20%), 0%), (rgb(42, 157, 143).transparentize(60%), 1.0989010989011%), (rgb(233, 196, 106).transparentize(35%), 4.3956043956044%), (rgb(244, 162, 97).transparentize(80%), 9.89010989010989%), (rgb(38, 70, 83).transparentize(20%), 12.0879120879121%), (rgb(42, 157, 143).transparentize(60%), 16.4835164835165%), (rgb(233, 196, 106).transparentize(35%), 17.5824175824176%), (rgb(244, 162, 97).transparentize(80%), 20.8791208791209%), (rgb(38, 70, 83).transparentize(20%), 26.3736263736264%), (rgb(42, 157, 143).transparentize(60%), 28.5714285714286%), (rgb(233, 196, 106).transparentize(35%), 32.967032967033%), (rgb(244, 162, 97).transparentize(80%), 34.0659340659341%), (rgb(38, 70, 83).transparentize(20%), 37.3626373626374%), (rgb(42, 157, 143).transparentize(60%), 42.8571428571429%), (rgb(233, 196, 106).transparentize(35%), 45.0549450549451%), (rgb(244, 162, 97).transparentize(80%), 49.4505494505495%), (rgb(38, 70, 83).transparentize(20%), 50.5494505494505%), (rgb(42, 157, 143).transparentize(60%), 53.8461538461538%), (rgb(233, 196, 106).transparentize(35%), 59.3406593406593%), (rgb(244, 162, 97).transparentize(80%), 61.5384615384615%), (rgb(38, 70, 83).transparentize(20%), 65.9340659340659%), (rgb(42, 157, 143).transparentize(60%), 67.032967032967%), (rgb(233, 196, 106).transparentize(35%), 70.3296703296703%), (rgb(244, 162, 97).transparentize(80%), 75.8241758241758%), (rgb(38, 70, 83).transparentize(20%), 78.021978021978%), (rgb(42, 157, 143).transparentize(60%), 82.4175824175824%), (rgb(233, 196, 106).transparentize(35%), 83.5164835164835%), (rgb(244, 162, 97).transparentize(80%), 86.8131868131868%), (rgb(38, 70, 83).transparentize(20%), 92.3076923076923%), (rgb(42, 157, 143).transparentize(60%), 94.5054945054945%), (rgb(233, 196, 106).transparentize(35%), 98.9010989010989%), (rgb(244, 162, 97).transparentize(80%), 100%), space: color.linear-rgb, angle: 720.5deg); (g.stops().map(s => (s.at(0).components().map(norm), s.at(1) / 100%)), repr(g.kind()), repr(g.space()), repr(g.angle()), repr(g.center()), repr(g.radius()), repr(g.focal-center()), repr(g.focal-radius()))	4322fcaae6e6b4ef8f0b7eb9a2a613c1e010b7bcd6b73d07c3d2547cfe294658	exit=0;stderr_sha256=e3b0c44298fc1c149afbf4c8996fb92427ae41e4649b934ca495991b7852b855
runner-command	C0189	/usr/local/bin/typst eval --format json let norm = x => if type(x) == ratio { x / 100% } else { x }; let g = gradient.linear((rgb(38, 70, 83).transparentize(20%), 0%), (rgb(42, 157, 143).transparentize(60%), 1.0989010989011%), (rgb(233, 196, 106).transparentize(35%), 4.3956043956044%), (rgb(244, 162, 97).transparentize(80%), 9.89010989010989%), (rgb(38, 70, 83).transparentize(20%), 12.0879120879121%), (rgb(42, 157, 143).transparentize(60%), 16.4835164835165%), (rgb(233, 196, 106).transparentize(35%), 17.5824175824176%), (rgb(244, 162, 97).transparentize(80%), 20.8791208791209%), (rgb(38, 70, 83).transparentize(20%), 26.3736263736264%), (rgb(42, 157, 143).transparentize(60%), 28.5714285714286%), (rgb(233, 196, 106).transparentize(35%), 32.967032967033%), (rgb(244, 162, 97).transparentize(80%), 34.0659340659341%), (rgb(38, 70, 83).transparentize(20%), 37.3626373626374%), (rgb(42, 157, 143).transparentize(60%), 42.8571428571429%), (rgb(233, 196, 106).transparentize(35%), 45.0549450549451%), (rgb(244, 162, 97).transparentize(80%), 49.4505494505495%), (rgb(38, 70, 83).transparentize(20%), 50.5494505494505%), (rgb(42, 157, 143).transparentize(60%), 53.8461538461538%), (rgb(233, 196, 106).transparentize(35%), 59.3406593406593%), (rgb(244, 162, 97).transparentize(80%), 61.5384615384615%), (rgb(38, 70, 83).transparentize(20%), 65.9340659340659%), (rgb(42, 157, 143).transparentize(60%), 67.032967032967%), (rgb(233, 196, 106).transparentize(35%), 70.3296703296703%), (rgb(244, 162, 97).transparentize(80%), 75.8241758241758%), (rgb(38, 70, 83).transparentize(20%), 78.021978021978%), (rgb(42, 157, 143).transparentize(60%), 82.4175824175824%), (rgb(233, 196, 106).transparentize(35%), 83.5164835164835%), (rgb(244, 162, 97).transparentize(80%), 86.8131868131868%), (rgb(38, 70, 83).transparentize(20%), 92.3076923076923%), (rgb(42, 157, 143).transparentize(60%), 94.5054945054945%), (rgb(233, 196, 106).transparentize(35%), 98.9010989010989%), (rgb(244, 162, 97).transparentize(80%), 100%), space: color.linear-rgb, angle: 720.5deg); let ss = g.stops(); let mesh = range(8193).map(i => g.sample(i / 8192 * 100%).components().map(norm)); let dyadic = range(ss.len() - 1).map(i => { let a = ss.at(i).at(1); let b = ss.at(i + 1).at(1); range(129).map(k => g.sample(a + (b - a) * k / 128).components().map(norm)) }); let probes = (0%,).map(t => g.sample(t).components().map(norm)); (mesh, dyadic, probes)	2d718e21cfe3fa14af4baccf9c0d23718faeb0649241de8643469e7b71303a49	exit=0;stderr_sha256=e3b0c44298fc1c149afbf4c8996fb92427ae41e4649b934ca495991b7852b855
runner-command	C0190	rsvg-convert --zoom 1 -o /tmp/p1268/oracle_v3/masks/S12-linear-linear-rgb.png /tmp/p1268/oracle_v3/masks/S12-linear-linear-rgb.svg	e3b0c44298fc1c149afbf4c8996fb92427ae41e4649b934ca495991b7852b855	exit=0;stderr_sha256=e3b0c44298fc1c149afbf4c8996fb92427ae41e4649b934ca495991b7852b855
runner-command	C0191	/usr/local/bin/typst compile /repos/Antigravity/typst-crystalline/lab/parity/matrix/fixtures/p1266/S12-radial-linear-rgb.typ /tmp/p1268/oracle_v3/binaries/direct/S12-radial-linear-rgb.svg	e3b0c44298fc1c149afbf4c8996fb92427ae41e4649b934ca495991b7852b855	exit=0;stderr_sha256=e3b0c44298fc1c149afbf4c8996fb92427ae41e4649b934ca495991b7852b855
runner-command	C0192	/usr/local/bin/typst eval --format json let norm = x => if type(x) == ratio { x / 100% } else { x }; let g = gradient.radial((rgb(38, 70, 83).transparentize(20%), 0%), (rgb(42, 157, 143).transparentize(60%), 1.0989010989011%), (rgb(233, 196, 106).transparentize(35%), 4.3956043956044%), (rgb(244, 162, 97).transparentize(80%), 9.89010989010989%), (rgb(38, 70, 83).transparentize(20%), 12.0879120879121%), (rgb(42, 157, 143).transparentize(60%), 16.4835164835165%), (rgb(233, 196, 106).transparentize(35%), 17.5824175824176%), (rgb(244, 162, 97).transparentize(80%), 20.8791208791209%), (rgb(38, 70, 83).transparentize(20%), 26.3736263736264%), (rgb(42, 157, 143).transparentize(60%), 28.5714285714286%), (rgb(233, 196, 106).transparentize(35%), 32.967032967033%), (rgb(244, 162, 97).transparentize(80%), 34.0659340659341%), (rgb(38, 70, 83).transparentize(20%), 37.3626373626374%), (rgb(42, 157, 143).transparentize(60%), 42.8571428571429%), (rgb(233, 196, 106).transparentize(35%), 45.0549450549451%), (rgb(244, 162, 97).transparentize(80%), 49.4505494505495%), (rgb(38, 70, 83).transparentize(20%), 50.5494505494505%), (rgb(42, 157, 143).transparentize(60%), 53.8461538461538%), (rgb(233, 196, 106).transparentize(35%), 59.3406593406593%), (rgb(244, 162, 97).transparentize(80%), 61.5384615384615%), (rgb(38, 70, 83).transparentize(20%), 65.9340659340659%), (rgb(42, 157, 143).transparentize(60%), 67.032967032967%), (rgb(233, 196, 106).transparentize(35%), 70.3296703296703%), (rgb(244, 162, 97).transparentize(80%), 75.8241758241758%), (rgb(38, 70, 83).transparentize(20%), 78.021978021978%), (rgb(42, 157, 143).transparentize(60%), 82.4175824175824%), (rgb(233, 196, 106).transparentize(35%), 83.5164835164835%), (rgb(244, 162, 97).transparentize(80%), 86.8131868131868%), (rgb(38, 70, 83).transparentize(20%), 92.3076923076923%), (rgb(42, 157, 143).transparentize(60%), 94.5054945054945%), (rgb(233, 196, 106).transparentize(35%), 98.9010989010989%), (rgb(244, 162, 97).transparentize(80%), 100%), space: color.linear-rgb, center: (50%, 50%), radius: 65%, focal-center: (30%, 40%), focal-radius: 10%); (g.stops().map(s => (s.at(0).components().map(norm), s.at(1) / 100%)), repr(g.kind()), repr(g.space()), repr(g.angle()), repr(g.center()), repr(g.radius()), repr(g.focal-center()), repr(g.focal-radius()))	0b56f9bf5da90a19ed45a9346386a7ebd591b0483481484734b42a4113018625	exit=0;stderr_sha256=e3b0c44298fc1c149afbf4c8996fb92427ae41e4649b934ca495991b7852b855
runner-command	C0193	/usr/local/bin/typst eval --format json let norm = x => if type(x) == ratio { x / 100% } else { x }; let g = gradient.radial((rgb(38, 70, 83).transparentize(20%), 0%), (rgb(42, 157, 143).transparentize(60%), 1.0989010989011%), (rgb(233, 196, 106).transparentize(35%), 4.3956043956044%), (rgb(244, 162, 97).transparentize(80%), 9.89010989010989%), (rgb(38, 70, 83).transparentize(20%), 12.0879120879121%), (rgb(42, 157, 143).transparentize(60%), 16.4835164835165%), (rgb(233, 196, 106).transparentize(35%), 17.5824175824176%), (rgb(244, 162, 97).transparentize(80%), 20.8791208791209%), (rgb(38, 70, 83).transparentize(20%), 26.3736263736264%), (rgb(42, 157, 143).transparentize(60%), 28.5714285714286%), (rgb(233, 196, 106).transparentize(35%), 32.967032967033%), (rgb(244, 162, 97).transparentize(80%), 34.0659340659341%), (rgb(38, 70, 83).transparentize(20%), 37.3626373626374%), (rgb(42, 157, 143).transparentize(60%), 42.8571428571429%), (rgb(233, 196, 106).transparentize(35%), 45.0549450549451%), (rgb(244, 162, 97).transparentize(80%), 49.4505494505495%), (rgb(38, 70, 83).transparentize(20%), 50.5494505494505%), (rgb(42, 157, 143).transparentize(60%), 53.8461538461538%), (rgb(233, 196, 106).transparentize(35%), 59.3406593406593%), (rgb(244, 162, 97).transparentize(80%), 61.5384615384615%), (rgb(38, 70, 83).transparentize(20%), 65.9340659340659%), (rgb(42, 157, 143).transparentize(60%), 67.032967032967%), (rgb(233, 196, 106).transparentize(35%), 70.3296703296703%), (rgb(244, 162, 97).transparentize(80%), 75.8241758241758%), (rgb(38, 70, 83).transparentize(20%), 78.021978021978%), (rgb(42, 157, 143).transparentize(60%), 82.4175824175824%), (rgb(233, 196, 106).transparentize(35%), 83.5164835164835%), (rgb(244, 162, 97).transparentize(80%), 86.8131868131868%), (rgb(38, 70, 83).transparentize(20%), 92.3076923076923%), (rgb(42, 157, 143).transparentize(60%), 94.5054945054945%), (rgb(233, 196, 106).transparentize(35%), 98.9010989010989%), (rgb(244, 162, 97).transparentize(80%), 100%), space: color.linear-rgb, center: (50%, 50%), radius: 65%, focal-center: (30%, 40%), focal-radius: 10%); let ss = g.stops(); let mesh = range(8193).map(i => g.sample(i / 8192 * 100%).components().map(norm)); let dyadic = range(ss.len() - 1).map(i => { let a = ss.at(i).at(1); let b = ss.at(i + 1).at(1); range(129).map(k => g.sample(a + (b - a) * k / 128).components().map(norm)) }); let probes = (0%,).map(t => g.sample(t).components().map(norm)); (mesh, dyadic, probes)	2d718e21cfe3fa14af4baccf9c0d23718faeb0649241de8643469e7b71303a49	exit=0;stderr_sha256=e3b0c44298fc1c149afbf4c8996fb92427ae41e4649b934ca495991b7852b855
runner-command	C0194	rsvg-convert --zoom 1 -o /tmp/p1268/oracle_v3/masks/S12-radial-linear-rgb.png /tmp/p1268/oracle_v3/masks/S12-radial-linear-rgb.svg	e3b0c44298fc1c149afbf4c8996fb92427ae41e4649b934ca495991b7852b855	exit=0;stderr_sha256=e3b0c44298fc1c149afbf4c8996fb92427ae41e4649b934ca495991b7852b855
runner-command	C0195	/usr/local/bin/typst compile /repos/Antigravity/typst-crystalline/lab/parity/matrix/fixtures/p1266/S13-linear-oklab.typ /tmp/p1268/oracle_v3/binaries/direct/S13-linear-oklab.svg	e3b0c44298fc1c149afbf4c8996fb92427ae41e4649b934ca495991b7852b855	exit=0;stderr_sha256=e3b0c44298fc1c149afbf4c8996fb92427ae41e4649b934ca495991b7852b855
runner-command	C0196	/usr/local/bin/typst eval --format json let norm = x => if type(x) == ratio { x / 100% } else { x }; let g = (gradient.linear((black, 0%), (white, 100%), space: color.oklab, angle: 0deg)).sharp(2); (g.stops().map(s => (s.at(0).components().map(norm), s.at(1) / 100%)), repr(g.kind()), repr(g.space()), repr(g.angle()), repr(g.center()), repr(g.radius()), repr(g.focal-center()), repr(g.focal-radius()))	b281b6c22ac48c12a1ddb9801bf6e133acc95c80e2062212d57079243e49529c	exit=0;stderr_sha256=e3b0c44298fc1c149afbf4c8996fb92427ae41e4649b934ca495991b7852b855
runner-command	C0197	/usr/local/bin/typst eval --format json let norm = x => if type(x) == ratio { x / 100% } else { x }; let g = (gradient.linear((black, 0%), (white, 100%), space: color.oklab, angle: 0deg)).sharp(2); let ss = g.stops(); let mesh = range(8193).map(i => g.sample(i / 8192 * 100%).components().map(norm)); let dyadic = range(ss.len() - 1).map(i => { let a = ss.at(i).at(1); let b = ss.at(i + 1).at(1); range(129).map(k => g.sample(a + (b - a) * k / 128).components().map(norm)) }); let probes = (50%,50.00004768371582%,).map(t => g.sample(t).components().map(norm)); (mesh, dyadic, probes)	96021d7d02224bec7e7b9b5eb47a2fba05a6dbce230ab0d5b7e00b4cbd56b0e8	exit=0;stderr_sha256=e3b0c44298fc1c149afbf4c8996fb92427ae41e4649b934ca495991b7852b855
runner-command	C0198	rsvg-convert --zoom 1 -o /tmp/p1268/oracle_v3/masks/S13-linear-oklab.png /tmp/p1268/oracle_v3/masks/S13-linear-oklab.svg	e3b0c44298fc1c149afbf4c8996fb92427ae41e4649b934ca495991b7852b855	exit=0;stderr_sha256=e3b0c44298fc1c149afbf4c8996fb92427ae41e4649b934ca495991b7852b855
runner-command	C0199	/usr/local/bin/typst compile /repos/Antigravity/typst-crystalline/lab/parity/matrix/fixtures/p1266/S13-radial-oklab.typ /tmp/p1268/oracle_v3/binaries/direct/S13-radial-oklab.svg	e3b0c44298fc1c149afbf4c8996fb92427ae41e4649b934ca495991b7852b855	exit=0;stderr_sha256=e3b0c44298fc1c149afbf4c8996fb92427ae41e4649b934ca495991b7852b855
runner-command	C0200	/usr/local/bin/typst eval --format json let norm = x => if type(x) == ratio { x / 100% } else { x }; let g = (gradient.radial((black, 0%), (white, 100%), space: color.oklab, center: (50%, 50%), radius: 50%, focal-center: (50%, 50%), focal-radius: 0%)).sharp(2); (g.stops().map(s => (s.at(0).components().map(norm), s.at(1) / 100%)), repr(g.kind()), repr(g.space()), repr(g.angle()), repr(g.center()), repr(g.radius()), repr(g.focal-center()), repr(g.focal-radius()))	12fb87046129a1c8efb588a28be0cd285896dffd3fb0f35ad2d15c5b22dc1b12	exit=0;stderr_sha256=e3b0c44298fc1c149afbf4c8996fb92427ae41e4649b934ca495991b7852b855
runner-command	C0201	/usr/local/bin/typst eval --format json let norm = x => if type(x) == ratio { x / 100% } else { x }; let g = (gradient.radial((black, 0%), (white, 100%), space: color.oklab, center: (50%, 50%), radius: 50%, focal-center: (50%, 50%), focal-radius: 0%)).sharp(2); let ss = g.stops(); let mesh = range(8193).map(i => g.sample(i / 8192 * 100%).components().map(norm)); let dyadic = range(ss.len() - 1).map(i => { let a = ss.at(i).at(1); let b = ss.at(i + 1).at(1); range(129).map(k => g.sample(a + (b - a) * k / 128).components().map(norm)) }); let probes = (50%,50.00004768371582%,).map(t => g.sample(t).components().map(norm)); (mesh, dyadic, probes)	96021d7d02224bec7e7b9b5eb47a2fba05a6dbce230ab0d5b7e00b4cbd56b0e8	exit=0;stderr_sha256=e3b0c44298fc1c149afbf4c8996fb92427ae41e4649b934ca495991b7852b855
runner-command	C0202	rsvg-convert --zoom 1 -o /tmp/p1268/oracle_v3/masks/S13-radial-oklab.png /tmp/p1268/oracle_v3/masks/S13-radial-oklab.svg	e3b0c44298fc1c149afbf4c8996fb92427ae41e4649b934ca495991b7852b855	exit=0;stderr_sha256=e3b0c44298fc1c149afbf4c8996fb92427ae41e4649b934ca495991b7852b855
runner-command	C0203	/usr/local/bin/typst compile /repos/Antigravity/typst-crystalline/lab/parity/matrix/fixtures/p1266/S13-linear-linear-rgb.typ /tmp/p1268/oracle_v3/binaries/direct/S13-linear-linear-rgb.svg	e3b0c44298fc1c149afbf4c8996fb92427ae41e4649b934ca495991b7852b855	exit=0;stderr_sha256=e3b0c44298fc1c149afbf4c8996fb92427ae41e4649b934ca495991b7852b855
runner-command	C0204	/usr/local/bin/typst eval --format json let norm = x => if type(x) == ratio { x / 100% } else { x }; let g = (gradient.linear((black, 0%), (white, 100%), space: color.linear-rgb, angle: 0deg)).sharp(2); (g.stops().map(s => (s.at(0).components().map(norm), s.at(1) / 100%)), repr(g.kind()), repr(g.space()), repr(g.angle()), repr(g.center()), repr(g.radius()), repr(g.focal-center()), repr(g.focal-radius()))	4eedf0f8f9759ab7ec6ed78c913d5d743fabd8b610cd13acc243e659ac4faef7	exit=0;stderr_sha256=e3b0c44298fc1c149afbf4c8996fb92427ae41e4649b934ca495991b7852b855
runner-command	C0205	/usr/local/bin/typst eval --format json let norm = x => if type(x) == ratio { x / 100% } else { x }; let g = (gradient.linear((black, 0%), (white, 100%), space: color.linear-rgb, angle: 0deg)).sharp(2); let ss = g.stops(); let mesh = range(8193).map(i => g.sample(i / 8192 * 100%).components().map(norm)); let dyadic = range(ss.len() - 1).map(i => { let a = ss.at(i).at(1); let b = ss.at(i + 1).at(1); range(129).map(k => g.sample(a + (b - a) * k / 128).components().map(norm)) }); let probes = (50%,50.00004768371582%,).map(t => g.sample(t).components().map(norm)); (mesh, dyadic, probes)	36426022232fcbecff1351f05ce4f023e7f1c73a7b76af857583bbfe61b83b73	exit=0;stderr_sha256=e3b0c44298fc1c149afbf4c8996fb92427ae41e4649b934ca495991b7852b855
runner-command	C0206	rsvg-convert --zoom 1 -o /tmp/p1268/oracle_v3/masks/S13-linear-linear-rgb.png /tmp/p1268/oracle_v3/masks/S13-linear-linear-rgb.svg	e3b0c44298fc1c149afbf4c8996fb92427ae41e4649b934ca495991b7852b855	exit=0;stderr_sha256=e3b0c44298fc1c149afbf4c8996fb92427ae41e4649b934ca495991b7852b855
runner-command	C0207	/usr/local/bin/typst compile /repos/Antigravity/typst-crystalline/lab/parity/matrix/fixtures/p1266/S13-radial-linear-rgb.typ /tmp/p1268/oracle_v3/binaries/direct/S13-radial-linear-rgb.svg	e3b0c44298fc1c149afbf4c8996fb92427ae41e4649b934ca495991b7852b855	exit=0;stderr_sha256=e3b0c44298fc1c149afbf4c8996fb92427ae41e4649b934ca495991b7852b855
runner-command	C0208	/usr/local/bin/typst eval --format json let norm = x => if type(x) == ratio { x / 100% } else { x }; let g = (gradient.radial((black, 0%), (white, 100%), space: color.linear-rgb, center: (50%, 50%), radius: 50%, focal-center: (50%, 50%), focal-radius: 0%)).sharp(2); (g.stops().map(s => (s.at(0).components().map(norm), s.at(1) / 100%)), repr(g.kind()), repr(g.space()), repr(g.angle()), repr(g.center()), repr(g.radius()), repr(g.focal-center()), repr(g.focal-radius()))	18c6a8acc25939e23f66fb63eb58a292241b28ff299c1b9e27f7aeae33adb633	exit=0;stderr_sha256=e3b0c44298fc1c149afbf4c8996fb92427ae41e4649b934ca495991b7852b855
runner-command	C0209	/usr/local/bin/typst eval --format json let norm = x => if type(x) == ratio { x / 100% } else { x }; let g = (gradient.radial((black, 0%), (white, 100%), space: color.linear-rgb, center: (50%, 50%), radius: 50%, focal-center: (50%, 50%), focal-radius: 0%)).sharp(2); let ss = g.stops(); let mesh = range(8193).map(i => g.sample(i / 8192 * 100%).components().map(norm)); let dyadic = range(ss.len() - 1).map(i => { let a = ss.at(i).at(1); let b = ss.at(i + 1).at(1); range(129).map(k => g.sample(a + (b - a) * k / 128).components().map(norm)) }); let probes = (50%,50.00004768371582%,).map(t => g.sample(t).components().map(norm)); (mesh, dyadic, probes)	36426022232fcbecff1351f05ce4f023e7f1c73a7b76af857583bbfe61b83b73	exit=0;stderr_sha256=e3b0c44298fc1c149afbf4c8996fb92427ae41e4649b934ca495991b7852b855
runner-command	C0210	rsvg-convert --zoom 1 -o /tmp/p1268/oracle_v3/masks/S13-radial-linear-rgb.png /tmp/p1268/oracle_v3/masks/S13-radial-linear-rgb.svg	e3b0c44298fc1c149afbf4c8996fb92427ae41e4649b934ca495991b7852b855	exit=0;stderr_sha256=e3b0c44298fc1c149afbf4c8996fb92427ae41e4649b934ca495991b7852b855
runner-command	C0211	/usr/local/bin/typst compile /repos/Antigravity/typst-crystalline/lab/parity/matrix/fixtures/p1266/S14-linear-oklab.typ /tmp/p1268/oracle_v3/binaries/direct/S14-linear-oklab.svg	e3b0c44298fc1c149afbf4c8996fb92427ae41e4649b934ca495991b7852b855	exit=0;stderr_sha256=e3b0c44298fc1c149afbf4c8996fb92427ae41e4649b934ca495991b7852b855
runner-command	C0212	/usr/local/bin/typst eval --format json let norm = x => if type(x) == ratio { x / 100% } else { x }; let g = (gradient.linear(red, rgb(46, 204, 64).transparentize(60%), blue, space: color.oklab, angle: 37deg)).sharp(3); (g.stops().map(s => (s.at(0).components().map(norm), s.at(1) / 100%)), repr(g.kind()), repr(g.space()), repr(g.angle()), repr(g.center()), repr(g.radius()), repr(g.focal-center()), repr(g.focal-radius()))	3ff1a2b69f9bf055a0f462e7c0a29923ceac4f891205b5f27708034fa65a3bd4	exit=0;stderr_sha256=e3b0c44298fc1c149afbf4c8996fb92427ae41e4649b934ca495991b7852b855
runner-command	C0213	/usr/local/bin/typst eval --format json let norm = x => if type(x) == ratio { x / 100% } else { x }; let g = (gradient.linear(red, rgb(46, 204, 64).transparentize(60%), blue, space: color.oklab, angle: 37deg)).sharp(3); let ss = g.stops(); let mesh = range(8193).map(i => g.sample(i / 8192 * 100%).components().map(norm)); let dyadic = range(ss.len() - 1).map(i => { let a = ss.at(i).at(1); let b = ss.at(i + 1).at(1); range(129).map(k => g.sample(a + (b - a) * k / 128).components().map(norm)) }); let probes = (33.333333333333329%,33.333365122477211%,66.666666666666657%,66.666698455810547%,).map(t => g.sample(t).components().map(norm)); (mesh, dyadic, probes)	3dca48e6782347d81fc97bfd7abaf28ce05fdf92c63f05a631bd12cc4639ffa2	exit=0;stderr_sha256=e3b0c44298fc1c149afbf4c8996fb92427ae41e4649b934ca495991b7852b855
runner-command	C0214	rsvg-convert --zoom 1 -o /tmp/p1268/oracle_v3/masks/S14-linear-oklab.png /tmp/p1268/oracle_v3/masks/S14-linear-oklab.svg	e3b0c44298fc1c149afbf4c8996fb92427ae41e4649b934ca495991b7852b855	exit=0;stderr_sha256=e3b0c44298fc1c149afbf4c8996fb92427ae41e4649b934ca495991b7852b855
runner-command	C0215	/usr/local/bin/typst compile /repos/Antigravity/typst-crystalline/lab/parity/matrix/fixtures/p1266/S14-radial-oklab.typ /tmp/p1268/oracle_v3/binaries/direct/S14-radial-oklab.svg	e3b0c44298fc1c149afbf4c8996fb92427ae41e4649b934ca495991b7852b855	exit=0;stderr_sha256=e3b0c44298fc1c149afbf4c8996fb92427ae41e4649b934ca495991b7852b855
runner-command	C0216	/usr/local/bin/typst eval --format json let norm = x => if type(x) == ratio { x / 100% } else { x }; let g = (gradient.radial(red, rgb(46, 204, 64).transparentize(60%), blue, space: color.oklab, center: (50%, 50%), radius: 65%, focal-center: (30%, 40%), focal-radius: 10%)).sharp(3); (g.stops().map(s => (s.at(0).components().map(norm), s.at(1) / 100%)), repr(g.kind()), repr(g.space()), repr(g.angle()), repr(g.center()), repr(g.radius()), repr(g.focal-center()), repr(g.focal-radius()))	f26513ff35ecc1b07a48bc79e3f8c5b3d91c262107fac2a06d16dd4ad754fcae	exit=0;stderr_sha256=e3b0c44298fc1c149afbf4c8996fb92427ae41e4649b934ca495991b7852b855
runner-command	C0217	/usr/local/bin/typst eval --format json let norm = x => if type(x) == ratio { x / 100% } else { x }; let g = (gradient.radial(red, rgb(46, 204, 64).transparentize(60%), blue, space: color.oklab, center: (50%, 50%), radius: 65%, focal-center: (30%, 40%), focal-radius: 10%)).sharp(3); let ss = g.stops(); let mesh = range(8193).map(i => g.sample(i / 8192 * 100%).components().map(norm)); let dyadic = range(ss.len() - 1).map(i => { let a = ss.at(i).at(1); let b = ss.at(i + 1).at(1); range(129).map(k => g.sample(a + (b - a) * k / 128).components().map(norm)) }); let probes = (33.333333333333329%,33.333365122477211%,66.666666666666657%,66.666698455810547%,).map(t => g.sample(t).components().map(norm)); (mesh, dyadic, probes)	3dca48e6782347d81fc97bfd7abaf28ce05fdf92c63f05a631bd12cc4639ffa2	exit=0;stderr_sha256=e3b0c44298fc1c149afbf4c8996fb92427ae41e4649b934ca495991b7852b855
runner-command	C0218	rsvg-convert --zoom 1 -o /tmp/p1268/oracle_v3/masks/S14-radial-oklab.png /tmp/p1268/oracle_v3/masks/S14-radial-oklab.svg	e3b0c44298fc1c149afbf4c8996fb92427ae41e4649b934ca495991b7852b855	exit=0;stderr_sha256=e3b0c44298fc1c149afbf4c8996fb92427ae41e4649b934ca495991b7852b855
runner-command	C0219	/usr/local/bin/typst compile /repos/Antigravity/typst-crystalline/lab/parity/matrix/fixtures/p1266/S14-linear-linear-rgb.typ /tmp/p1268/oracle_v3/binaries/direct/S14-linear-linear-rgb.svg	e3b0c44298fc1c149afbf4c8996fb92427ae41e4649b934ca495991b7852b855	exit=0;stderr_sha256=e3b0c44298fc1c149afbf4c8996fb92427ae41e4649b934ca495991b7852b855
runner-command	C0220	/usr/local/bin/typst eval --format json let norm = x => if type(x) == ratio { x / 100% } else { x }; let g = (gradient.linear(red, rgb(46, 204, 64).transparentize(60%), blue, space: color.linear-rgb, angle: 37deg)).sharp(3); (g.stops().map(s => (s.at(0).components().map(norm), s.at(1) / 100%)), repr(g.kind()), repr(g.space()), repr(g.angle()), repr(g.center()), repr(g.radius()), repr(g.focal-center()), repr(g.focal-radius()))	18cb70d08668e66fe040b75c53b8622d7a65c783eeeb3db0c11313c40b7de31a	exit=0;stderr_sha256=e3b0c44298fc1c149afbf4c8996fb92427ae41e4649b934ca495991b7852b855
runner-command	C0221	/usr/local/bin/typst eval --format json let norm = x => if type(x) == ratio { x / 100% } else { x }; let g = (gradient.linear(red, rgb(46, 204, 64).transparentize(60%), blue, space: color.linear-rgb, angle: 37deg)).sharp(3); let ss = g.stops(); let mesh = range(8193).map(i => g.sample(i / 8192 * 100%).components().map(norm)); let dyadic = range(ss.len() - 1).map(i => { let a = ss.at(i).at(1); let b = ss.at(i + 1).at(1); range(129).map(k => g.sample(a + (b - a) * k / 128).components().map(norm)) }); let probes = (33.333333333333329%,33.333365122477211%,66.666666666666657%,66.666698455810547%,).map(t => g.sample(t).components().map(norm)); (mesh, dyadic, probes)	db4d9d49cd95992f2b5e54487d3f8d85a9f1517b790f5de92f795e916b0e617d	exit=0;stderr_sha256=e3b0c44298fc1c149afbf4c8996fb92427ae41e4649b934ca495991b7852b855
runner-command	C0222	rsvg-convert --zoom 1 -o /tmp/p1268/oracle_v3/masks/S14-linear-linear-rgb.png /tmp/p1268/oracle_v3/masks/S14-linear-linear-rgb.svg	e3b0c44298fc1c149afbf4c8996fb92427ae41e4649b934ca495991b7852b855	exit=0;stderr_sha256=e3b0c44298fc1c149afbf4c8996fb92427ae41e4649b934ca495991b7852b855
runner-command	C0223	/usr/local/bin/typst compile /repos/Antigravity/typst-crystalline/lab/parity/matrix/fixtures/p1266/S14-radial-linear-rgb.typ /tmp/p1268/oracle_v3/binaries/direct/S14-radial-linear-rgb.svg	e3b0c44298fc1c149afbf4c8996fb92427ae41e4649b934ca495991b7852b855	exit=0;stderr_sha256=e3b0c44298fc1c149afbf4c8996fb92427ae41e4649b934ca495991b7852b855
runner-command	C0224	/usr/local/bin/typst eval --format json let norm = x => if type(x) == ratio { x / 100% } else { x }; let g = (gradient.radial(red, rgb(46, 204, 64).transparentize(60%), blue, space: color.linear-rgb, center: (50%, 50%), radius: 65%, focal-center: (30%, 40%), focal-radius: 10%)).sharp(3); (g.stops().map(s => (s.at(0).components().map(norm), s.at(1) / 100%)), repr(g.kind()), repr(g.space()), repr(g.angle()), repr(g.center()), repr(g.radius()), repr(g.focal-center()), repr(g.focal-radius()))	0ad00437d657491bcc2b9c095662bb5cf123ca4d8f59912a026c60ff78e089d3	exit=0;stderr_sha256=e3b0c44298fc1c149afbf4c8996fb92427ae41e4649b934ca495991b7852b855
runner-command	C0225	/usr/local/bin/typst eval --format json let norm = x => if type(x) == ratio { x / 100% } else { x }; let g = (gradient.radial(red, rgb(46, 204, 64).transparentize(60%), blue, space: color.linear-rgb, center: (50%, 50%), radius: 65%, focal-center: (30%, 40%), focal-radius: 10%)).sharp(3); let ss = g.stops(); let mesh = range(8193).map(i => g.sample(i / 8192 * 100%).components().map(norm)); let dyadic = range(ss.len() - 1).map(i => { let a = ss.at(i).at(1); let b = ss.at(i + 1).at(1); range(129).map(k => g.sample(a + (b - a) * k / 128).components().map(norm)) }); let probes = (33.333333333333329%,33.333365122477211%,66.666666666666657%,66.666698455810547%,).map(t => g.sample(t).components().map(norm)); (mesh, dyadic, probes)	db4d9d49cd95992f2b5e54487d3f8d85a9f1517b790f5de92f795e916b0e617d	exit=0;stderr_sha256=e3b0c44298fc1c149afbf4c8996fb92427ae41e4649b934ca495991b7852b855
runner-command	C0226	rsvg-convert --zoom 1 -o /tmp/p1268/oracle_v3/masks/S14-radial-linear-rgb.png /tmp/p1268/oracle_v3/masks/S14-radial-linear-rgb.svg	e3b0c44298fc1c149afbf4c8996fb92427ae41e4649b934ca495991b7852b855	exit=0;stderr_sha256=e3b0c44298fc1c149afbf4c8996fb92427ae41e4649b934ca495991b7852b855
runner-command	C0227	/usr/local/bin/typst compile /repos/Antigravity/typst-crystalline/lab/parity/matrix/fixtures/p1266/S15-linear-oklab.typ /tmp/p1268/oracle_v3/binaries/direct/S15-linear-oklab.svg	e3b0c44298fc1c149afbf4c8996fb92427ae41e4649b934ca495991b7852b855	exit=0;stderr_sha256=e3b0c44298fc1c149afbf4c8996fb92427ae41e4649b934ca495991b7852b855
runner-command	C0228	/usr/local/bin/typst eval --format json let norm = x => if type(x) == ratio { x / 100% } else { x }; let g = (gradient.linear((red.transparentize(100%), 0%), (rgb(46, 204, 64), 0.291545189504373%), (blue.transparentize(70%), 2.33236151603499%), (yellow, 7.87172011661808%), (rgb(255, 0, 255).transparentize(35%), 18.6588921282799%), (red.transparentize(100%), 36.4431486880466%), (rgb(46, 204, 64), 62.9737609329446%), (blue.transparentize(70%), 100%), space: color.oklab, angle: -90deg)).sharp(8); (g.stops().map(s => (s.at(0).components().map(norm), s.at(1) / 100%)), repr(g.kind()), repr(g.space()), repr(g.angle()), repr(g.center()), repr(g.radius()), repr(g.focal-center()), repr(g.focal-radius()))	79f26fabf38ea4ec59c937ae0914e864e9f9b055b2b1fafa1c558ccd5dfdde09	exit=0;stderr_sha256=e3b0c44298fc1c149afbf4c8996fb92427ae41e4649b934ca495991b7852b855
runner-command	C0229	/usr/local/bin/typst eval --format json let norm = x => if type(x) == ratio { x / 100% } else { x }; let g = (gradient.linear((red.transparentize(100%), 0%), (rgb(46, 204, 64), 0.291545189504373%), (blue.transparentize(70%), 2.33236151603499%), (yellow, 7.87172011661808%), (rgb(255, 0, 255).transparentize(35%), 18.6588921282799%), (red.transparentize(100%), 36.4431486880466%), (rgb(46, 204, 64), 62.9737609329446%), (blue.transparentize(70%), 100%), space: color.oklab, angle: -90deg)).sharp(8); let ss = g.stops(); let mesh = range(8193).map(i => g.sample(i / 8192 * 100%).components().map(norm)); let dyadic = range(ss.len() - 1).map(i => { let a = ss.at(i).at(1); let b = ss.at(i + 1).at(1); range(129).map(k => g.sample(a + (b - a) * k / 128).components().map(norm)) }); let probes = (12.5%,12.500011920928955%,25%,25.000011920928955%,37.5%,37.500011920928955%,50%,50.000011920928955%,62.5%,62.500011920928955%,75%,75.000011920928955%,87.5%,87.500011920928955%,).map(t => g.sample(t).components().map(norm)); (mesh, dyadic, probes)	e9d867fc292e0e8a9bd0355a2f3cd69e572818573f4dc9d06849cf373bbae078	exit=0;stderr_sha256=e3b0c44298fc1c149afbf4c8996fb92427ae41e4649b934ca495991b7852b855
runner-command	C0230	rsvg-convert --zoom 1 -o /tmp/p1268/oracle_v3/masks/S15-linear-oklab.png /tmp/p1268/oracle_v3/masks/S15-linear-oklab.svg	e3b0c44298fc1c149afbf4c8996fb92427ae41e4649b934ca495991b7852b855	exit=0;stderr_sha256=e3b0c44298fc1c149afbf4c8996fb92427ae41e4649b934ca495991b7852b855
runner-command	C0231	/usr/local/bin/typst compile /repos/Antigravity/typst-crystalline/lab/parity/matrix/fixtures/p1266/S15-radial-oklab.typ /tmp/p1268/oracle_v3/binaries/direct/S15-radial-oklab.svg	e3b0c44298fc1c149afbf4c8996fb92427ae41e4649b934ca495991b7852b855	exit=0;stderr_sha256=e3b0c44298fc1c149afbf4c8996fb92427ae41e4649b934ca495991b7852b855
runner-command	C0232	/usr/local/bin/typst eval --format json let norm = x => if type(x) == ratio { x / 100% } else { x }; let g = (gradient.radial((red.transparentize(100%), 0%), (rgb(46, 204, 64), 0.291545189504373%), (blue.transparentize(70%), 2.33236151603499%), (yellow, 7.87172011661808%), (rgb(255, 0, 255).transparentize(35%), 18.6588921282799%), (red.transparentize(100%), 36.4431486880466%), (rgb(46, 204, 64), 62.9737609329446%), (blue.transparentize(70%), 100%), space: color.oklab, center: (50%, 50%), radius: 60%, focal-center: (40%, 50%), focal-radius: 15%)).sharp(8); (g.stops().map(s => (s.at(0).components().map(norm), s.at(1) / 100%)), repr(g.kind()), repr(g.space()), repr(g.angle()), repr(g.center()), repr(g.radius()), repr(g.focal-center()), repr(g.focal-radius()))	1fb5edff09dfaf01d81c833ae37335e23521e6acdff7380f3a4646c841d09590	exit=0;stderr_sha256=e3b0c44298fc1c149afbf4c8996fb92427ae41e4649b934ca495991b7852b855
runner-command	C0233	/usr/local/bin/typst eval --format json let norm = x => if type(x) == ratio { x / 100% } else { x }; let g = (gradient.radial((red.transparentize(100%), 0%), (rgb(46, 204, 64), 0.291545189504373%), (blue.transparentize(70%), 2.33236151603499%), (yellow, 7.87172011661808%), (rgb(255, 0, 255).transparentize(35%), 18.6588921282799%), (red.transparentize(100%), 36.4431486880466%), (rgb(46, 204, 64), 62.9737609329446%), (blue.transparentize(70%), 100%), space: color.oklab, center: (50%, 50%), radius: 60%, focal-center: (40%, 50%), focal-radius: 15%)).sharp(8); let ss = g.stops(); let mesh = range(8193).map(i => g.sample(i / 8192 * 100%).components().map(norm)); let dyadic = range(ss.len() - 1).map(i => { let a = ss.at(i).at(1); let b = ss.at(i + 1).at(1); range(129).map(k => g.sample(a + (b - a) * k / 128).components().map(norm)) }); let probes = (12.5%,12.500011920928955%,25%,25.000011920928955%,37.5%,37.500011920928955%,50%,50.000011920928955%,62.5%,62.500011920928955%,75%,75.000011920928955%,87.5%,87.500011920928955%,).map(t => g.sample(t).components().map(norm)); (mesh, dyadic, probes)	e9d867fc292e0e8a9bd0355a2f3cd69e572818573f4dc9d06849cf373bbae078	exit=0;stderr_sha256=e3b0c44298fc1c149afbf4c8996fb92427ae41e4649b934ca495991b7852b855
runner-command	C0234	rsvg-convert --zoom 1 -o /tmp/p1268/oracle_v3/masks/S15-radial-oklab.png /tmp/p1268/oracle_v3/masks/S15-radial-oklab.svg	e3b0c44298fc1c149afbf4c8996fb92427ae41e4649b934ca495991b7852b855	exit=0;stderr_sha256=e3b0c44298fc1c149afbf4c8996fb92427ae41e4649b934ca495991b7852b855
runner-command	C0235	/usr/local/bin/typst compile /repos/Antigravity/typst-crystalline/lab/parity/matrix/fixtures/p1266/S15-linear-linear-rgb.typ /tmp/p1268/oracle_v3/binaries/direct/S15-linear-linear-rgb.svg	e3b0c44298fc1c149afbf4c8996fb92427ae41e4649b934ca495991b7852b855	exit=0;stderr_sha256=e3b0c44298fc1c149afbf4c8996fb92427ae41e4649b934ca495991b7852b855
runner-command	C0236	/usr/local/bin/typst eval --format json let norm = x => if type(x) == ratio { x / 100% } else { x }; let g = (gradient.linear((red.transparentize(100%), 0%), (rgb(46, 204, 64), 0.291545189504373%), (blue.transparentize(70%), 2.33236151603499%), (yellow, 7.87172011661808%), (rgb(255, 0, 255).transparentize(35%), 18.6588921282799%), (red.transparentize(100%), 36.4431486880466%), (rgb(46, 204, 64), 62.9737609329446%), (blue.transparentize(70%), 100%), space: color.linear-rgb, angle: -90deg)).sharp(8); (g.stops().map(s => (s.at(0).components().map(norm), s.at(1) / 100%)), repr(g.kind()), repr(g.space()), repr(g.angle()), repr(g.center()), repr(g.radius()), repr(g.focal-center()), repr(g.focal-radius()))	322bf25cd450b301171f6f07c4605465dc7cbb3112c027be1bfc73e096d948e3	exit=0;stderr_sha256=e3b0c44298fc1c149afbf4c8996fb92427ae41e4649b934ca495991b7852b855
runner-command	C0237	/usr/local/bin/typst eval --format json let norm = x => if type(x) == ratio { x / 100% } else { x }; let g = (gradient.linear((red.transparentize(100%), 0%), (rgb(46, 204, 64), 0.291545189504373%), (blue.transparentize(70%), 2.33236151603499%), (yellow, 7.87172011661808%), (rgb(255, 0, 255).transparentize(35%), 18.6588921282799%), (red.transparentize(100%), 36.4431486880466%), (rgb(46, 204, 64), 62.9737609329446%), (blue.transparentize(70%), 100%), space: color.linear-rgb, angle: -90deg)).sharp(8); let ss = g.stops(); let mesh = range(8193).map(i => g.sample(i / 8192 * 100%).components().map(norm)); let dyadic = range(ss.len() - 1).map(i => { let a = ss.at(i).at(1); let b = ss.at(i + 1).at(1); range(129).map(k => g.sample(a + (b - a) * k / 128).components().map(norm)) }); let probes = (12.5%,12.500011920928955%,25%,25.000011920928955%,37.5%,37.500011920928955%,50%,50.000011920928955%,62.5%,62.500011920928955%,75%,75.000011920928955%,87.5%,87.500011920928955%,).map(t => g.sample(t).components().map(norm)); (mesh, dyadic, probes)	5d5436add776bce9b7b874dc3d4e6554d78b5a18883edc6ff23e60d3f95f3f2f	exit=0;stderr_sha256=e3b0c44298fc1c149afbf4c8996fb92427ae41e4649b934ca495991b7852b855
runner-command	C0238	rsvg-convert --zoom 1 -o /tmp/p1268/oracle_v3/masks/S15-linear-linear-rgb.png /tmp/p1268/oracle_v3/masks/S15-linear-linear-rgb.svg	e3b0c44298fc1c149afbf4c8996fb92427ae41e4649b934ca495991b7852b855	exit=0;stderr_sha256=e3b0c44298fc1c149afbf4c8996fb92427ae41e4649b934ca495991b7852b855
runner-command	C0239	/usr/local/bin/typst compile /repos/Antigravity/typst-crystalline/lab/parity/matrix/fixtures/p1266/S15-radial-linear-rgb.typ /tmp/p1268/oracle_v3/binaries/direct/S15-radial-linear-rgb.svg	e3b0c44298fc1c149afbf4c8996fb92427ae41e4649b934ca495991b7852b855	exit=0;stderr_sha256=e3b0c44298fc1c149afbf4c8996fb92427ae41e4649b934ca495991b7852b855
runner-command	C0240	/usr/local/bin/typst eval --format json let norm = x => if type(x) == ratio { x / 100% } else { x }; let g = (gradient.radial((red.transparentize(100%), 0%), (rgb(46, 204, 64), 0.291545189504373%), (blue.transparentize(70%), 2.33236151603499%), (yellow, 7.87172011661808%), (rgb(255, 0, 255).transparentize(35%), 18.6588921282799%), (red.transparentize(100%), 36.4431486880466%), (rgb(46, 204, 64), 62.9737609329446%), (blue.transparentize(70%), 100%), space: color.linear-rgb, center: (50%, 50%), radius: 60%, focal-center: (40%, 50%), focal-radius: 15%)).sharp(8); (g.stops().map(s => (s.at(0).components().map(norm), s.at(1) / 100%)), repr(g.kind()), repr(g.space()), repr(g.angle()), repr(g.center()), repr(g.radius()), repr(g.focal-center()), repr(g.focal-radius()))	a3bce76c47a953b83159cad5a80aa850dcf6537d11d2a597408b6b2e33069c26	exit=0;stderr_sha256=e3b0c44298fc1c149afbf4c8996fb92427ae41e4649b934ca495991b7852b855
runner-command	C0241	/usr/local/bin/typst eval --format json let norm = x => if type(x) == ratio { x / 100% } else { x }; let g = (gradient.radial((red.transparentize(100%), 0%), (rgb(46, 204, 64), 0.291545189504373%), (blue.transparentize(70%), 2.33236151603499%), (yellow, 7.87172011661808%), (rgb(255, 0, 255).transparentize(35%), 18.6588921282799%), (red.transparentize(100%), 36.4431486880466%), (rgb(46, 204, 64), 62.9737609329446%), (blue.transparentize(70%), 100%), space: color.linear-rgb, center: (50%, 50%), radius: 60%, focal-center: (40%, 50%), focal-radius: 15%)).sharp(8); let ss = g.stops(); let mesh = range(8193).map(i => g.sample(i / 8192 * 100%).components().map(norm)); let dyadic = range(ss.len() - 1).map(i => { let a = ss.at(i).at(1); let b = ss.at(i + 1).at(1); range(129).map(k => g.sample(a + (b - a) * k / 128).components().map(norm)) }); let probes = (12.5%,12.500011920928955%,25%,25.000011920928955%,37.5%,37.500011920928955%,50%,50.000011920928955%,62.5%,62.500011920928955%,75%,75.000011920928955%,87.5%,87.500011920928955%,).map(t => g.sample(t).components().map(norm)); (mesh, dyadic, probes)	5d5436add776bce9b7b874dc3d4e6554d78b5a18883edc6ff23e60d3f95f3f2f	exit=0;stderr_sha256=e3b0c44298fc1c149afbf4c8996fb92427ae41e4649b934ca495991b7852b855
runner-command	C0242	rsvg-convert --zoom 1 -o /tmp/p1268/oracle_v3/masks/S15-radial-linear-rgb.png /tmp/p1268/oracle_v3/masks/S15-radial-linear-rgb.svg	e3b0c44298fc1c149afbf4c8996fb92427ae41e4649b934ca495991b7852b855	exit=0;stderr_sha256=e3b0c44298fc1c149afbf4c8996fb92427ae41e4649b934ca495991b7852b855
runner-command	C0243	/usr/local/bin/typst compile /repos/Antigravity/typst-crystalline/lab/parity/matrix/fixtures/p1266/S16-linear-oklab.typ /tmp/p1268/oracle_v3/binaries/direct/S16-linear-oklab.svg	e3b0c44298fc1c149afbf4c8996fb92427ae41e4649b934ca495991b7852b855	exit=0;stderr_sha256=e3b0c44298fc1c149afbf4c8996fb92427ae41e4649b934ca495991b7852b855
runner-command	C0244	/usr/local/bin/typst eval --format json let norm = x => if type(x) == ratio { x / 100% } else { x }; let g = (gradient.linear((red, 0%), (rgb(46, 204, 64), 33.3333333333333%), (blue, 66.6666666666667%), (yellow, 100%), space: color.oklab, angle: 45deg)).repeat(2, mirror: false); (g.stops().map(s => (s.at(0).components().map(norm), s.at(1) / 100%)), repr(g.kind()), repr(g.space()), repr(g.angle()), repr(g.center()), repr(g.radius()), repr(g.focal-center()), repr(g.focal-radius()))	e4c2c114733047a48fc7f77c1c588c07d6ae7ca2d4b6be63c41944217142c92b	exit=0;stderr_sha256=e3b0c44298fc1c149afbf4c8996fb92427ae41e4649b934ca495991b7852b855
runner-command	C0245	/usr/local/bin/typst eval --format json let norm = x => if type(x) == ratio { x / 100% } else { x }; let g = (gradient.linear((red, 0%), (rgb(46, 204, 64), 33.3333333333333%), (blue, 66.6666666666667%), (yellow, 100%), space: color.oklab, angle: 45deg)).repeat(2, mirror: false); let ss = g.stops(); let mesh = range(8193).map(i => g.sample(i / 8192 * 100%).components().map(norm)); let dyadic = range(ss.len() - 1).map(i => { let a = ss.at(i).at(1); let b = ss.at(i + 1).at(1); range(129).map(k => g.sample(a + (b - a) * k / 128).components().map(norm)) }); let probes = (50%,50.000015894571938%,).map(t => g.sample(t).components().map(norm)); (mesh, dyadic, probes)	0132344fda78fc65128eb843bef9c60dcfeeaca8a0935be6f9b1f7a1405ea851	exit=0;stderr_sha256=e3b0c44298fc1c149afbf4c8996fb92427ae41e4649b934ca495991b7852b855
runner-command	C0246	rsvg-convert --zoom 1 -o /tmp/p1268/oracle_v3/masks/S16-linear-oklab.png /tmp/p1268/oracle_v3/masks/S16-linear-oklab.svg	e3b0c44298fc1c149afbf4c8996fb92427ae41e4649b934ca495991b7852b855	exit=0;stderr_sha256=e3b0c44298fc1c149afbf4c8996fb92427ae41e4649b934ca495991b7852b855
runner-command	C0247	/usr/local/bin/typst compile /repos/Antigravity/typst-crystalline/lab/parity/matrix/fixtures/p1266/S16-radial-oklab.typ /tmp/p1268/oracle_v3/binaries/direct/S16-radial-oklab.svg	e3b0c44298fc1c149afbf4c8996fb92427ae41e4649b934ca495991b7852b855	exit=0;stderr_sha256=e3b0c44298fc1c149afbf4c8996fb92427ae41e4649b934ca495991b7852b855
runner-command	C0248	/usr/local/bin/typst eval --format json let norm = x => if type(x) == ratio { x / 100% } else { x }; let g = (gradient.radial((red, 0%), (rgb(46, 204, 64), 33.3333333333333%), (blue, 66.6666666666667%), (yellow, 100%), space: color.oklab, center: (50%, 50%), radius: 50%, focal-center: (50%, 50%), focal-radius: 0%)).repeat(2, mirror: false); (g.stops().map(s => (s.at(0).components().map(norm), s.at(1) / 100%)), repr(g.kind()), repr(g.space()), repr(g.angle()), repr(g.center()), repr(g.radius()), repr(g.focal-center()), repr(g.focal-radius()))	a40fb8793ff8f50941e9080a7b131ea986daefdad544878bda13c17ab4037922	exit=0;stderr_sha256=e3b0c44298fc1c149afbf4c8996fb92427ae41e4649b934ca495991b7852b855
runner-command	C0249	/usr/local/bin/typst eval --format json let norm = x => if type(x) == ratio { x / 100% } else { x }; let g = (gradient.radial((red, 0%), (rgb(46, 204, 64), 33.3333333333333%), (blue, 66.6666666666667%), (yellow, 100%), space: color.oklab, center: (50%, 50%), radius: 50%, focal-center: (50%, 50%), focal-radius: 0%)).repeat(2, mirror: false); let ss = g.stops(); let mesh = range(8193).map(i => g.sample(i / 8192 * 100%).components().map(norm)); let dyadic = range(ss.len() - 1).map(i => { let a = ss.at(i).at(1); let b = ss.at(i + 1).at(1); range(129).map(k => g.sample(a + (b - a) * k / 128).components().map(norm)) }); let probes = (50%,50.000015894571938%,).map(t => g.sample(t).components().map(norm)); (mesh, dyadic, probes)	0132344fda78fc65128eb843bef9c60dcfeeaca8a0935be6f9b1f7a1405ea851	exit=0;stderr_sha256=e3b0c44298fc1c149afbf4c8996fb92427ae41e4649b934ca495991b7852b855
runner-command	C0250	rsvg-convert --zoom 1 -o /tmp/p1268/oracle_v3/masks/S16-radial-oklab.png /tmp/p1268/oracle_v3/masks/S16-radial-oklab.svg	e3b0c44298fc1c149afbf4c8996fb92427ae41e4649b934ca495991b7852b855	exit=0;stderr_sha256=e3b0c44298fc1c149afbf4c8996fb92427ae41e4649b934ca495991b7852b855
runner-command	C0251	/usr/local/bin/typst compile /repos/Antigravity/typst-crystalline/lab/parity/matrix/fixtures/p1266/S16-linear-linear-rgb.typ /tmp/p1268/oracle_v3/binaries/direct/S16-linear-linear-rgb.svg	e3b0c44298fc1c149afbf4c8996fb92427ae41e4649b934ca495991b7852b855	exit=0;stderr_sha256=e3b0c44298fc1c149afbf4c8996fb92427ae41e4649b934ca495991b7852b855
runner-command	C0252	/usr/local/bin/typst eval --format json let norm = x => if type(x) == ratio { x / 100% } else { x }; let g = (gradient.linear((red, 0%), (rgb(46, 204, 64), 33.3333333333333%), (blue, 66.6666666666667%), (yellow, 100%), space: color.linear-rgb, angle: 45deg)).repeat(2, mirror: false); (g.stops().map(s => (s.at(0).components().map(norm), s.at(1) / 100%)), repr(g.kind()), repr(g.space()), repr(g.angle()), repr(g.center()), repr(g.radius()), repr(g.focal-center()), repr(g.focal-radius()))	12332c7c5f1283dd6b0e07cbaeef467125429ee89c49808974ae820b488447c9	exit=0;stderr_sha256=e3b0c44298fc1c149afbf4c8996fb92427ae41e4649b934ca495991b7852b855
runner-command	C0253	/usr/local/bin/typst eval --format json let norm = x => if type(x) == ratio { x / 100% } else { x }; let g = (gradient.linear((red, 0%), (rgb(46, 204, 64), 33.3333333333333%), (blue, 66.6666666666667%), (yellow, 100%), space: color.linear-rgb, angle: 45deg)).repeat(2, mirror: false); let ss = g.stops(); let mesh = range(8193).map(i => g.sample(i / 8192 * 100%).components().map(norm)); let dyadic = range(ss.len() - 1).map(i => { let a = ss.at(i).at(1); let b = ss.at(i + 1).at(1); range(129).map(k => g.sample(a + (b - a) * k / 128).components().map(norm)) }); let probes = (50%,50.000015894571938%,).map(t => g.sample(t).components().map(norm)); (mesh, dyadic, probes)	482ce8d250170b6ee13c05621109b3a569e05804e760441865681708bbe97339	exit=0;stderr_sha256=e3b0c44298fc1c149afbf4c8996fb92427ae41e4649b934ca495991b7852b855
runner-command	C0254	rsvg-convert --zoom 1 -o /tmp/p1268/oracle_v3/masks/S16-linear-linear-rgb.png /tmp/p1268/oracle_v3/masks/S16-linear-linear-rgb.svg	e3b0c44298fc1c149afbf4c8996fb92427ae41e4649b934ca495991b7852b855	exit=0;stderr_sha256=e3b0c44298fc1c149afbf4c8996fb92427ae41e4649b934ca495991b7852b855
runner-command	C0255	/usr/local/bin/typst compile /repos/Antigravity/typst-crystalline/lab/parity/matrix/fixtures/p1266/S16-radial-linear-rgb.typ /tmp/p1268/oracle_v3/binaries/direct/S16-radial-linear-rgb.svg	e3b0c44298fc1c149afbf4c8996fb92427ae41e4649b934ca495991b7852b855	exit=0;stderr_sha256=e3b0c44298fc1c149afbf4c8996fb92427ae41e4649b934ca495991b7852b855
runner-command	C0256	/usr/local/bin/typst eval --format json let norm = x => if type(x) == ratio { x / 100% } else { x }; let g = (gradient.radial((red, 0%), (rgb(46, 204, 64), 33.3333333333333%), (blue, 66.6666666666667%), (yellow, 100%), space: color.linear-rgb, center: (50%, 50%), radius: 50%, focal-center: (50%, 50%), focal-radius: 0%)).repeat(2, mirror: false); (g.stops().map(s => (s.at(0).components().map(norm), s.at(1) / 100%)), repr(g.kind()), repr(g.space()), repr(g.angle()), repr(g.center()), repr(g.radius()), repr(g.focal-center()), repr(g.focal-radius()))	945b608ad4cec96a9bad69c8608109e7d9138d67bf7b075eb5fc4dc235b76138	exit=0;stderr_sha256=e3b0c44298fc1c149afbf4c8996fb92427ae41e4649b934ca495991b7852b855
runner-command	C0257	/usr/local/bin/typst eval --format json let norm = x => if type(x) == ratio { x / 100% } else { x }; let g = (gradient.radial((red, 0%), (rgb(46, 204, 64), 33.3333333333333%), (blue, 66.6666666666667%), (yellow, 100%), space: color.linear-rgb, center: (50%, 50%), radius: 50%, focal-center: (50%, 50%), focal-radius: 0%)).repeat(2, mirror: false); let ss = g.stops(); let mesh = range(8193).map(i => g.sample(i / 8192 * 100%).components().map(norm)); let dyadic = range(ss.len() - 1).map(i => { let a = ss.at(i).at(1); let b = ss.at(i + 1).at(1); range(129).map(k => g.sample(a + (b - a) * k / 128).components().map(norm)) }); let probes = (50%,50.000015894571938%,).map(t => g.sample(t).components().map(norm)); (mesh, dyadic, probes)	482ce8d250170b6ee13c05621109b3a569e05804e760441865681708bbe97339	exit=0;stderr_sha256=e3b0c44298fc1c149afbf4c8996fb92427ae41e4649b934ca495991b7852b855
runner-command	C0258	rsvg-convert --zoom 1 -o /tmp/p1268/oracle_v3/masks/S16-radial-linear-rgb.png /tmp/p1268/oracle_v3/masks/S16-radial-linear-rgb.svg	e3b0c44298fc1c149afbf4c8996fb92427ae41e4649b934ca495991b7852b855	exit=0;stderr_sha256=e3b0c44298fc1c149afbf4c8996fb92427ae41e4649b934ca495991b7852b855
runner-command	C0259	/usr/local/bin/typst compile /repos/Antigravity/typst-crystalline/lab/parity/matrix/fixtures/p1266/S17-linear-oklab.typ /tmp/p1268/oracle_v3/binaries/direct/S17-linear-oklab.svg	e3b0c44298fc1c149afbf4c8996fb92427ae41e4649b934ca495991b7852b855	exit=0;stderr_sha256=e3b0c44298fc1c149afbf4c8996fb92427ae41e4649b934ca495991b7852b855
runner-command	C0260	/usr/local/bin/typst eval --format json let norm = x => if type(x) == ratio { x / 100% } else { x }; let g = (gradient.linear((rgb(38, 70, 83).transparentize(20%), 0%), (rgb(42, 157, 143).transparentize(60%), 11.1111111111111%), (rgb(233, 196, 106).transparentize(35%), 44.4444444444444%), (rgb(244, 162, 97).transparentize(80%), 100%), space: color.oklab, angle: 225deg)).repeat(2, mirror: true); (g.stops().map(s => (s.at(0).components().map(norm), s.at(1) / 100%)), repr(g.kind()), repr(g.space()), repr(g.angle()), repr(g.center()), repr(g.radius()), repr(g.focal-center()), repr(g.focal-radius()))	544a124770a24092a5825abb62c6224fe5ab339d4ff8842e976aa5a7141c39b3	exit=0;stderr_sha256=e3b0c44298fc1c149afbf4c8996fb92427ae41e4649b934ca495991b7852b855
runner-command	C0261	/usr/local/bin/typst eval --format json let norm = x => if type(x) == ratio { x / 100% } else { x }; let g = (gradient.linear((rgb(38, 70, 83).transparentize(20%), 0%), (rgb(42, 157, 143).transparentize(60%), 11.1111111111111%), (rgb(233, 196, 106).transparentize(35%), 44.4444444444444%), (rgb(244, 162, 97).transparentize(80%), 100%), space: color.oklab, angle: 225deg)).repeat(2, mirror: true); let ss = g.stops(); let mesh = range(8193).map(i => g.sample(i / 8192 * 100%).components().map(norm)); let dyadic = range(ss.len() - 1).map(i => { let a = ss.at(i).at(1); let b = ss.at(i + 1).at(1); range(129).map(k => g.sample(a + (b - a) * k / 128).components().map(norm)) }); let probes = (0%,).map(t => g.sample(t).components().map(norm)); (mesh, dyadic, probes)	f24759551eccd0da9f0884506ec15d6783d97738c300ca2942ed79d3f8fcc1fe	exit=0;stderr_sha256=e3b0c44298fc1c149afbf4c8996fb92427ae41e4649b934ca495991b7852b855
runner-command	C0262	rsvg-convert --zoom 1 -o /tmp/p1268/oracle_v3/masks/S17-linear-oklab.png /tmp/p1268/oracle_v3/masks/S17-linear-oklab.svg	e3b0c44298fc1c149afbf4c8996fb92427ae41e4649b934ca495991b7852b855	exit=0;stderr_sha256=e3b0c44298fc1c149afbf4c8996fb92427ae41e4649b934ca495991b7852b855
runner-command	C0263	/usr/local/bin/typst compile /repos/Antigravity/typst-crystalline/lab/parity/matrix/fixtures/p1266/S17-radial-oklab.typ /tmp/p1268/oracle_v3/binaries/direct/S17-radial-oklab.svg	e3b0c44298fc1c149afbf4c8996fb92427ae41e4649b934ca495991b7852b855	exit=0;stderr_sha256=e3b0c44298fc1c149afbf4c8996fb92427ae41e4649b934ca495991b7852b855
runner-command	C0264	/usr/local/bin/typst eval --format json let norm = x => if type(x) == ratio { x / 100% } else { x }; let g = (gradient.radial((rgb(38, 70, 83).transparentize(20%), 0%), (rgb(42, 157, 143).transparentize(60%), 11.1111111111111%), (rgb(233, 196, 106).transparentize(35%), 44.4444444444444%), (rgb(244, 162, 97).transparentize(80%), 100%), space: color.oklab, center: (50%, 50%), radius: 65%, focal-center: (30%, 40%), focal-radius: 10%)).repeat(2, mirror: true); (g.stops().map(s => (s.at(0).components().map(norm), s.at(1) / 100%)), repr(g.kind()), repr(g.space()), repr(g.angle()), repr(g.center()), repr(g.radius()), repr(g.focal-center()), repr(g.focal-radius()))	02759d55894b4e1bfd7d894e4444ec7b8bf78b505d6804142dddd20829e0f025	exit=0;stderr_sha256=e3b0c44298fc1c149afbf4c8996fb92427ae41e4649b934ca495991b7852b855
runner-command	C0265	/usr/local/bin/typst eval --format json let norm = x => if type(x) == ratio { x / 100% } else { x }; let g = (gradient.radial((rgb(38, 70, 83).transparentize(20%), 0%), (rgb(42, 157, 143).transparentize(60%), 11.1111111111111%), (rgb(233, 196, 106).transparentize(35%), 44.4444444444444%), (rgb(244, 162, 97).transparentize(80%), 100%), space: color.oklab, center: (50%, 50%), radius: 65%, focal-center: (30%, 40%), focal-radius: 10%)).repeat(2, mirror: true); let ss = g.stops(); let mesh = range(8193).map(i => g.sample(i / 8192 * 100%).components().map(norm)); let dyadic = range(ss.len() - 1).map(i => { let a = ss.at(i).at(1); let b = ss.at(i + 1).at(1); range(129).map(k => g.sample(a + (b - a) * k / 128).components().map(norm)) }); let probes = (0%,).map(t => g.sample(t).components().map(norm)); (mesh, dyadic, probes)	f24759551eccd0da9f0884506ec15d6783d97738c300ca2942ed79d3f8fcc1fe	exit=0;stderr_sha256=e3b0c44298fc1c149afbf4c8996fb92427ae41e4649b934ca495991b7852b855
runner-command	C0266	rsvg-convert --zoom 1 -o /tmp/p1268/oracle_v3/masks/S17-radial-oklab.png /tmp/p1268/oracle_v3/masks/S17-radial-oklab.svg	e3b0c44298fc1c149afbf4c8996fb92427ae41e4649b934ca495991b7852b855	exit=0;stderr_sha256=e3b0c44298fc1c149afbf4c8996fb92427ae41e4649b934ca495991b7852b855
runner-command	C0267	/usr/local/bin/typst compile /repos/Antigravity/typst-crystalline/lab/parity/matrix/fixtures/p1266/S17-linear-linear-rgb.typ /tmp/p1268/oracle_v3/binaries/direct/S17-linear-linear-rgb.svg	e3b0c44298fc1c149afbf4c8996fb92427ae41e4649b934ca495991b7852b855	exit=0;stderr_sha256=e3b0c44298fc1c149afbf4c8996fb92427ae41e4649b934ca495991b7852b855
runner-command	C0268	/usr/local/bin/typst eval --format json let norm = x => if type(x) == ratio { x / 100% } else { x }; let g = (gradient.linear((rgb(38, 70, 83).transparentize(20%), 0%), (rgb(42, 157, 143).transparentize(60%), 11.1111111111111%), (rgb(233, 196, 106).transparentize(35%), 44.4444444444444%), (rgb(244, 162, 97).transparentize(80%), 100%), space: color.linear-rgb, angle: 225deg)).repeat(2, mirror: true); (g.stops().map(s => (s.at(0).components().map(norm), s.at(1) / 100%)), repr(g.kind()), repr(g.space()), repr(g.angle()), repr(g.center()), repr(g.radius()), repr(g.focal-center()), repr(g.focal-radius()))	6115707e0f9c549e292bdfe91789d23eee2489b19482052747340b5d6cf05924	exit=0;stderr_sha256=e3b0c44298fc1c149afbf4c8996fb92427ae41e4649b934ca495991b7852b855
runner-command	C0269	/usr/local/bin/typst eval --format json let norm = x => if type(x) == ratio { x / 100% } else { x }; let g = (gradient.linear((rgb(38, 70, 83).transparentize(20%), 0%), (rgb(42, 157, 143).transparentize(60%), 11.1111111111111%), (rgb(233, 196, 106).transparentize(35%), 44.4444444444444%), (rgb(244, 162, 97).transparentize(80%), 100%), space: color.linear-rgb, angle: 225deg)).repeat(2, mirror: true); let ss = g.stops(); let mesh = range(8193).map(i => g.sample(i / 8192 * 100%).components().map(norm)); let dyadic = range(ss.len() - 1).map(i => { let a = ss.at(i).at(1); let b = ss.at(i + 1).at(1); range(129).map(k => g.sample(a + (b - a) * k / 128).components().map(norm)) }); let probes = (0%,).map(t => g.sample(t).components().map(norm)); (mesh, dyadic, probes)	d967d0b0fcc0b429d2644e1fbac204b7f8d2e896001c2ce98f48b3cb47d5732f	exit=0;stderr_sha256=e3b0c44298fc1c149afbf4c8996fb92427ae41e4649b934ca495991b7852b855
runner-command	C0270	rsvg-convert --zoom 1 -o /tmp/p1268/oracle_v3/masks/S17-linear-linear-rgb.png /tmp/p1268/oracle_v3/masks/S17-linear-linear-rgb.svg	e3b0c44298fc1c149afbf4c8996fb92427ae41e4649b934ca495991b7852b855	exit=0;stderr_sha256=e3b0c44298fc1c149afbf4c8996fb92427ae41e4649b934ca495991b7852b855
runner-command	C0271	/usr/local/bin/typst compile /repos/Antigravity/typst-crystalline/lab/parity/matrix/fixtures/p1266/S17-radial-linear-rgb.typ /tmp/p1268/oracle_v3/binaries/direct/S17-radial-linear-rgb.svg	e3b0c44298fc1c149afbf4c8996fb92427ae41e4649b934ca495991b7852b855	exit=0;stderr_sha256=e3b0c44298fc1c149afbf4c8996fb92427ae41e4649b934ca495991b7852b855
runner-command	C0272	/usr/local/bin/typst eval --format json let norm = x => if type(x) == ratio { x / 100% } else { x }; let g = (gradient.radial((rgb(38, 70, 83).transparentize(20%), 0%), (rgb(42, 157, 143).transparentize(60%), 11.1111111111111%), (rgb(233, 196, 106).transparentize(35%), 44.4444444444444%), (rgb(244, 162, 97).transparentize(80%), 100%), space: color.linear-rgb, center: (50%, 50%), radius: 65%, focal-center: (30%, 40%), focal-radius: 10%)).repeat(2, mirror: true); (g.stops().map(s => (s.at(0).components().map(norm), s.at(1) / 100%)), repr(g.kind()), repr(g.space()), repr(g.angle()), repr(g.center()), repr(g.radius()), repr(g.focal-center()), repr(g.focal-radius()))	1e9b44ea378991ff779fd14375dd8fdd226b85e6448fdb90a9d0af0ca2ddd763	exit=0;stderr_sha256=e3b0c44298fc1c149afbf4c8996fb92427ae41e4649b934ca495991b7852b855
runner-command	C0273	/usr/local/bin/typst eval --format json let norm = x => if type(x) == ratio { x / 100% } else { x }; let g = (gradient.radial((rgb(38, 70, 83).transparentize(20%), 0%), (rgb(42, 157, 143).transparentize(60%), 11.1111111111111%), (rgb(233, 196, 106).transparentize(35%), 44.4444444444444%), (rgb(244, 162, 97).transparentize(80%), 100%), space: color.linear-rgb, center: (50%, 50%), radius: 65%, focal-center: (30%, 40%), focal-radius: 10%)).repeat(2, mirror: true); let ss = g.stops(); let mesh = range(8193).map(i => g.sample(i / 8192 * 100%).components().map(norm)); let dyadic = range(ss.len() - 1).map(i => { let a = ss.at(i).at(1); let b = ss.at(i + 1).at(1); range(129).map(k => g.sample(a + (b - a) * k / 128).components().map(norm)) }); let probes = (0%,).map(t => g.sample(t).components().map(norm)); (mesh, dyadic, probes)	d967d0b0fcc0b429d2644e1fbac204b7f8d2e896001c2ce98f48b3cb47d5732f	exit=0;stderr_sha256=e3b0c44298fc1c149afbf4c8996fb92427ae41e4649b934ca495991b7852b855
runner-command	C0274	rsvg-convert --zoom 1 -o /tmp/p1268/oracle_v3/masks/S17-radial-linear-rgb.png /tmp/p1268/oracle_v3/masks/S17-radial-linear-rgb.svg	e3b0c44298fc1c149afbf4c8996fb92427ae41e4649b934ca495991b7852b855	exit=0;stderr_sha256=e3b0c44298fc1c149afbf4c8996fb92427ae41e4649b934ca495991b7852b855
runner-command	C0275	/usr/local/bin/typst compile /repos/Antigravity/typst-crystalline/lab/parity/matrix/fixtures/p1266/S18-linear-oklab.typ /tmp/p1268/oracle_v3/binaries/direct/S18-linear-oklab.svg	e3b0c44298fc1c149afbf4c8996fb92427ae41e4649b934ca495991b7852b855	exit=0;stderr_sha256=e3b0c44298fc1c149afbf4c8996fb92427ae41e4649b934ca495991b7852b855
runner-command	C0276	/usr/local/bin/typst eval --format json let norm = x => if type(x) == ratio { x / 100% } else { x }; let g = (gradient.linear((red, 0%), (rgb(46, 204, 64), 37.0262390670554%), (blue.transparentize(100%), 63.5568513119533%), (yellow.transparentize(100%), 81.3411078717201%), (red, 92.1282798833819%), (rgb(46, 204, 64), 97.667638483965%), (blue.transparentize(100%), 99.7084548104956%), (yellow.transparentize(100%), 100%), space: color.oklab, angle: -540deg)).sharp(8).repeat(2, mirror: true); (g.stops().map(s => (s.at(0).components().map(norm), s.at(1) / 100%)), repr(g.kind()), repr(g.space()), repr(g.angle()), repr(g.center()), repr(g.radius()), repr(g.focal-center()), repr(g.focal-radius()))	f66b2e49083eaef4e714f094300d91c7b74bffc1eba8fa222a3609f524a858de	exit=0;stderr_sha256=e3b0c44298fc1c149afbf4c8996fb92427ae41e4649b934ca495991b7852b855
runner-command	C0277	/usr/local/bin/typst eval --format json let norm = x => if type(x) == ratio { x / 100% } else { x }; let g = (gradient.linear((red, 0%), (rgb(46, 204, 64), 37.0262390670554%), (blue.transparentize(100%), 63.5568513119533%), (yellow.transparentize(100%), 81.3411078717201%), (red, 92.1282798833819%), (rgb(46, 204, 64), 97.667638483965%), (blue.transparentize(100%), 99.7084548104956%), (yellow.transparentize(100%), 100%), space: color.oklab, angle: -540deg)).sharp(8).repeat(2, mirror: true); let ss = g.stops(); let mesh = range(8193).map(i => g.sample(i / 8192 * 100%).components().map(norm)); let dyadic = range(ss.len() - 1).map(i => { let a = ss.at(i).at(1); let b = ss.at(i + 1).at(1); range(129).map(k => g.sample(a + (b - a) * k / 128).components().map(norm)) }); let probes = (6.25%,6.2500059604644775%,12.5%,12.500005960464478%,18.75%,18.750005960464478%,25%,25.000005960464478%,31.25%,31.250005960464478%,37.5%,37.500005960464478%,43.75%,43.750005960464478%,56.25%,56.250005960464478%,62.5%,62.500005960464478%,68.75%,68.750005960464478%,75%,75.000005960464478%,81.25%,81.250005960464478%,87.5%,87.500005960464478%,93.75%,93.750005960464478%,).map(t => g.sample(t).components().map(norm)); (mesh, dyadic, probes)	bd9147a94052fddfa68b9a1a459f2f377685f32d13e3a9b802c4cbd1a3cc109e	exit=0;stderr_sha256=e3b0c44298fc1c149afbf4c8996fb92427ae41e4649b934ca495991b7852b855
runner-command	C0278	rsvg-convert --zoom 1 -o /tmp/p1268/oracle_v3/masks/S18-linear-oklab.png /tmp/p1268/oracle_v3/masks/S18-linear-oklab.svg	e3b0c44298fc1c149afbf4c8996fb92427ae41e4649b934ca495991b7852b855	exit=0;stderr_sha256=e3b0c44298fc1c149afbf4c8996fb92427ae41e4649b934ca495991b7852b855
runner-command	C0279	/usr/local/bin/typst compile /repos/Antigravity/typst-crystalline/lab/parity/matrix/fixtures/p1266/S18-radial-oklab.typ /tmp/p1268/oracle_v3/binaries/direct/S18-radial-oklab.svg	e3b0c44298fc1c149afbf4c8996fb92427ae41e4649b934ca495991b7852b855	exit=0;stderr_sha256=e3b0c44298fc1c149afbf4c8996fb92427ae41e4649b934ca495991b7852b855
runner-command	C0280	/usr/local/bin/typst eval --format json let norm = x => if type(x) == ratio { x / 100% } else { x }; let g = (gradient.radial((red, 0%), (rgb(46, 204, 64), 37.0262390670554%), (blue.transparentize(100%), 63.5568513119533%), (yellow.transparentize(100%), 81.3411078717201%), (red, 92.1282798833819%), (rgb(46, 204, 64), 97.667638483965%), (blue.transparentize(100%), 99.7084548104956%), (yellow.transparentize(100%), 100%), space: color.oklab, center: (50%, 50%), radius: 50%, focal-center: (93.9%, 50%), focal-radius: 6%)).sharp(8).repeat(2, mirror: true); (g.stops().map(s => (s.at(0).components().map(norm), s.at(1) / 100%)), repr(g.kind()), repr(g.space()), repr(g.angle()), repr(g.center()), repr(g.radius()), repr(g.focal-center()), repr(g.focal-radius()))	54f82bf842bffdc411557c351b49a92ea508540c3f4cef615ef6c04d2af28cfa	exit=0;stderr_sha256=e3b0c44298fc1c149afbf4c8996fb92427ae41e4649b934ca495991b7852b855
runner-command	C0281	/usr/local/bin/typst eval --format json let norm = x => if type(x) == ratio { x / 100% } else { x }; let g = (gradient.radial((red, 0%), (rgb(46, 204, 64), 37.0262390670554%), (blue.transparentize(100%), 63.5568513119533%), (yellow.transparentize(100%), 81.3411078717201%), (red, 92.1282798833819%), (rgb(46, 204, 64), 97.667638483965%), (blue.transparentize(100%), 99.7084548104956%), (yellow.transparentize(100%), 100%), space: color.oklab, center: (50%, 50%), radius: 50%, focal-center: (93.9%, 50%), focal-radius: 6%)).sharp(8).repeat(2, mirror: true); let ss = g.stops(); let mesh = range(8193).map(i => g.sample(i / 8192 * 100%).components().map(norm)); let dyadic = range(ss.len() - 1).map(i => { let a = ss.at(i).at(1); let b = ss.at(i + 1).at(1); range(129).map(k => g.sample(a + (b - a) * k / 128).components().map(norm)) }); let probes = (6.25%,6.2500059604644775%,12.5%,12.500005960464478%,18.75%,18.750005960464478%,25%,25.000005960464478%,31.25%,31.250005960464478%,37.5%,37.500005960464478%,43.75%,43.750005960464478%,56.25%,56.250005960464478%,62.5%,62.500005960464478%,68.75%,68.750005960464478%,75%,75.000005960464478%,81.25%,81.250005960464478%,87.5%,87.500005960464478%,93.75%,93.750005960464478%,).map(t => g.sample(t).components().map(norm)); (mesh, dyadic, probes)	bd9147a94052fddfa68b9a1a459f2f377685f32d13e3a9b802c4cbd1a3cc109e	exit=0;stderr_sha256=e3b0c44298fc1c149afbf4c8996fb92427ae41e4649b934ca495991b7852b855
runner-command	C0282	rsvg-convert --zoom 1 -o /tmp/p1268/oracle_v3/masks/S18-radial-oklab.png /tmp/p1268/oracle_v3/masks/S18-radial-oklab.svg	e3b0c44298fc1c149afbf4c8996fb92427ae41e4649b934ca495991b7852b855	exit=0;stderr_sha256=e3b0c44298fc1c149afbf4c8996fb92427ae41e4649b934ca495991b7852b855
runner-command	C0283	/usr/local/bin/typst compile /repos/Antigravity/typst-crystalline/lab/parity/matrix/fixtures/p1266/S18-linear-linear-rgb.typ /tmp/p1268/oracle_v3/binaries/direct/S18-linear-linear-rgb.svg	e3b0c44298fc1c149afbf4c8996fb92427ae41e4649b934ca495991b7852b855	exit=0;stderr_sha256=e3b0c44298fc1c149afbf4c8996fb92427ae41e4649b934ca495991b7852b855
runner-command	C0284	/usr/local/bin/typst eval --format json let norm = x => if type(x) == ratio { x / 100% } else { x }; let g = (gradient.linear((red, 0%), (rgb(46, 204, 64), 37.0262390670554%), (blue.transparentize(100%), 63.5568513119533%), (yellow.transparentize(100%), 81.3411078717201%), (red, 92.1282798833819%), (rgb(46, 204, 64), 97.667638483965%), (blue.transparentize(100%), 99.7084548104956%), (yellow.transparentize(100%), 100%), space: color.linear-rgb, angle: -540deg)).sharp(8).repeat(2, mirror: true); (g.stops().map(s => (s.at(0).components().map(norm), s.at(1) / 100%)), repr(g.kind()), repr(g.space()), repr(g.angle()), repr(g.center()), repr(g.radius()), repr(g.focal-center()), repr(g.focal-radius()))	697e5eb175bcb501ec7ead1fd33fad7fd866b817f214c5c2bb42ae77732a6a8f	exit=0;stderr_sha256=e3b0c44298fc1c149afbf4c8996fb92427ae41e4649b934ca495991b7852b855
runner-command	C0285	/usr/local/bin/typst eval --format json let norm = x => if type(x) == ratio { x / 100% } else { x }; let g = (gradient.linear((red, 0%), (rgb(46, 204, 64), 37.0262390670554%), (blue.transparentize(100%), 63.5568513119533%), (yellow.transparentize(100%), 81.3411078717201%), (red, 92.1282798833819%), (rgb(46, 204, 64), 97.667638483965%), (blue.transparentize(100%), 99.7084548104956%), (yellow.transparentize(100%), 100%), space: color.linear-rgb, angle: -540deg)).sharp(8).repeat(2, mirror: true); let ss = g.stops(); let mesh = range(8193).map(i => g.sample(i / 8192 * 100%).components().map(norm)); let dyadic = range(ss.len() - 1).map(i => { let a = ss.at(i).at(1); let b = ss.at(i + 1).at(1); range(129).map(k => g.sample(a + (b - a) * k / 128).components().map(norm)) }); let probes = (6.25%,6.2500059604644775%,12.5%,12.500005960464478%,18.75%,18.750005960464478%,25%,25.000005960464478%,31.25%,31.250005960464478%,37.5%,37.500005960464478%,43.75%,43.750005960464478%,56.25%,56.250005960464478%,62.5%,62.500005960464478%,68.75%,68.750005960464478%,75%,75.000005960464478%,81.25%,81.250005960464478%,87.5%,87.500005960464478%,93.75%,93.750005960464478%,).map(t => g.sample(t).components().map(norm)); (mesh, dyadic, probes)	5f1d347c7a529b6b6abff8573d92fede4fc504770bcc201a87931003a217fa9c	exit=0;stderr_sha256=e3b0c44298fc1c149afbf4c8996fb92427ae41e4649b934ca495991b7852b855
runner-command	C0286	rsvg-convert --zoom 1 -o /tmp/p1268/oracle_v3/masks/S18-linear-linear-rgb.png /tmp/p1268/oracle_v3/masks/S18-linear-linear-rgb.svg	e3b0c44298fc1c149afbf4c8996fb92427ae41e4649b934ca495991b7852b855	exit=0;stderr_sha256=e3b0c44298fc1c149afbf4c8996fb92427ae41e4649b934ca495991b7852b855
runner-command	C0287	/usr/local/bin/typst compile /repos/Antigravity/typst-crystalline/lab/parity/matrix/fixtures/p1266/S18-radial-linear-rgb.typ /tmp/p1268/oracle_v3/binaries/direct/S18-radial-linear-rgb.svg	e3b0c44298fc1c149afbf4c8996fb92427ae41e4649b934ca495991b7852b855	exit=0;stderr_sha256=e3b0c44298fc1c149afbf4c8996fb92427ae41e4649b934ca495991b7852b855
runner-command	C0288	/usr/local/bin/typst eval --format json let norm = x => if type(x) == ratio { x / 100% } else { x }; let g = (gradient.radial((red, 0%), (rgb(46, 204, 64), 37.0262390670554%), (blue.transparentize(100%), 63.5568513119533%), (yellow.transparentize(100%), 81.3411078717201%), (red, 92.1282798833819%), (rgb(46, 204, 64), 97.667638483965%), (blue.transparentize(100%), 99.7084548104956%), (yellow.transparentize(100%), 100%), space: color.linear-rgb, center: (50%, 50%), radius: 50%, focal-center: (93.9%, 50%), focal-radius: 6%)).sharp(8).repeat(2, mirror: true); (g.stops().map(s => (s.at(0).components().map(norm), s.at(1) / 100%)), repr(g.kind()), repr(g.space()), repr(g.angle()), repr(g.center()), repr(g.radius()), repr(g.focal-center()), repr(g.focal-radius()))	8169c4111419294dfbc4d971e7f1c31ec925c019b1e3119ad729e69fd5ef4875	exit=0;stderr_sha256=e3b0c44298fc1c149afbf4c8996fb92427ae41e4649b934ca495991b7852b855
runner-command	C0289	/usr/local/bin/typst eval --format json let norm = x => if type(x) == ratio { x / 100% } else { x }; let g = (gradient.radial((red, 0%), (rgb(46, 204, 64), 37.0262390670554%), (blue.transparentize(100%), 63.5568513119533%), (yellow.transparentize(100%), 81.3411078717201%), (red, 92.1282798833819%), (rgb(46, 204, 64), 97.667638483965%), (blue.transparentize(100%), 99.7084548104956%), (yellow.transparentize(100%), 100%), space: color.linear-rgb, center: (50%, 50%), radius: 50%, focal-center: (93.9%, 50%), focal-radius: 6%)).sharp(8).repeat(2, mirror: true); let ss = g.stops(); let mesh = range(8193).map(i => g.sample(i / 8192 * 100%).components().map(norm)); let dyadic = range(ss.len() - 1).map(i => { let a = ss.at(i).at(1); let b = ss.at(i + 1).at(1); range(129).map(k => g.sample(a + (b - a) * k / 128).components().map(norm)) }); let probes = (6.25%,6.2500059604644775%,12.5%,12.500005960464478%,18.75%,18.750005960464478%,25%,25.000005960464478%,31.25%,31.250005960464478%,37.5%,37.500005960464478%,43.75%,43.750005960464478%,56.25%,56.250005960464478%,62.5%,62.500005960464478%,68.75%,68.750005960464478%,75%,75.000005960464478%,81.25%,81.250005960464478%,87.5%,87.500005960464478%,93.75%,93.750005960464478%,).map(t => g.sample(t).components().map(norm)); (mesh, dyadic, probes)	5f1d347c7a529b6b6abff8573d92fede4fc504770bcc201a87931003a217fa9c	exit=0;stderr_sha256=e3b0c44298fc1c149afbf4c8996fb92427ae41e4649b934ca495991b7852b855
runner-command	C0290	rsvg-convert --zoom 1 -o /tmp/p1268/oracle_v3/masks/S18-radial-linear-rgb.png /tmp/p1268/oracle_v3/masks/S18-radial-linear-rgb.svg	e3b0c44298fc1c149afbf4c8996fb92427ae41e4649b934ca495991b7852b855	exit=0;stderr_sha256=e3b0c44298fc1c149afbf4c8996fb92427ae41e4649b934ca495991b7852b855
runner-command	C0291	/usr/local/bin/typst compile /repos/Antigravity/typst-crystalline/lab/parity/matrix/fixtures/p1266/S19-linear-oklab.typ /tmp/p1268/oracle_v3/binaries/direct/S19-linear-oklab.svg	e3b0c44298fc1c149afbf4c8996fb92427ae41e4649b934ca495991b7852b855	exit=0;stderr_sha256=e3b0c44298fc1c149afbf4c8996fb92427ae41e4649b934ca495991b7852b855
runner-command	C0292	/usr/local/bin/typst eval --format json let norm = x => if type(x) == ratio { x / 100% } else { x }; let g = gradient.linear(rgb(38, 70, 83), rgb(42, 157, 143), rgb(233, 196, 106), space: color.oklab, angle: 15deg); (g.stops().map(s => (s.at(0).components().map(norm), s.at(1) / 100%)), repr(g.kind()), repr(g.space()), repr(g.angle()), repr(g.center()), repr(g.radius()), repr(g.focal-center()), repr(g.focal-radius()))	d7d7a6c7c7aa160ad7b6239df90f666d927091d529d650a74ccdd0cdc7a33ff9	exit=0;stderr_sha256=e3b0c44298fc1c149afbf4c8996fb92427ae41e4649b934ca495991b7852b855
runner-command	C0293	/usr/local/bin/typst eval --format json let norm = x => if type(x) == ratio { x / 100% } else { x }; let g = gradient.linear(rgb(38, 70, 83), rgb(42, 157, 143), rgb(233, 196, 106), space: color.oklab, angle: 15deg); let ss = g.stops(); let mesh = range(8193).map(i => g.sample(i / 8192 * 100%).components().map(norm)); let dyadic = range(ss.len() - 1).map(i => { let a = ss.at(i).at(1); let b = ss.at(i + 1).at(1); range(129).map(k => g.sample(a + (b - a) * k / 128).components().map(norm)) }); let probes = (0%,).map(t => g.sample(t).components().map(norm)); (mesh, dyadic, probes)	28d1f44428242710df557f7577fa4e2434cb399aad3d85dd17a5e38693826880	exit=0;stderr_sha256=e3b0c44298fc1c149afbf4c8996fb92427ae41e4649b934ca495991b7852b855
runner-command	C0294	rsvg-convert --zoom 1 -o /tmp/p1268/oracle_v3/masks/S19-linear-oklab.png /tmp/p1268/oracle_v3/masks/S19-linear-oklab.svg	e3b0c44298fc1c149afbf4c8996fb92427ae41e4649b934ca495991b7852b855	exit=0;stderr_sha256=e3b0c44298fc1c149afbf4c8996fb92427ae41e4649b934ca495991b7852b855
runner-command	C0295	/usr/local/bin/typst compile /repos/Antigravity/typst-crystalline/lab/parity/matrix/fixtures/p1266/S19-radial-oklab.typ /tmp/p1268/oracle_v3/binaries/direct/S19-radial-oklab.svg	e3b0c44298fc1c149afbf4c8996fb92427ae41e4649b934ca495991b7852b855	exit=0;stderr_sha256=e3b0c44298fc1c149afbf4c8996fb92427ae41e4649b934ca495991b7852b855
runner-command	C0296	/usr/local/bin/typst eval --format json let norm = x => if type(x) == ratio { x / 100% } else { x }; let g = gradient.radial(rgb(38, 70, 83), rgb(42, 157, 143), rgb(233, 196, 106), space: color.oklab, center: (50%, 50%), radius: 0.1%, focal-center: (50%, 50%), focal-radius: 0%); (g.stops().map(s => (s.at(0).components().map(norm), s.at(1) / 100%)), repr(g.kind()), repr(g.space()), repr(g.angle()), repr(g.center()), repr(g.radius()), repr(g.focal-center()), repr(g.focal-radius()))	49bc1eaea4578b0cd4b3d93c19d91fecbd0c23575ffc903f34601369303610e9	exit=0;stderr_sha256=e3b0c44298fc1c149afbf4c8996fb92427ae41e4649b934ca495991b7852b855
runner-command	C0297	/usr/local/bin/typst eval --format json let norm = x => if type(x) == ratio { x / 100% } else { x }; let g = gradient.radial(rgb(38, 70, 83), rgb(42, 157, 143), rgb(233, 196, 106), space: color.oklab, center: (50%, 50%), radius: 0.1%, focal-center: (50%, 50%), focal-radius: 0%); let ss = g.stops(); let mesh = range(8193).map(i => g.sample(i / 8192 * 100%).components().map(norm)); let dyadic = range(ss.len() - 1).map(i => { let a = ss.at(i).at(1); let b = ss.at(i + 1).at(1); range(129).map(k => g.sample(a + (b - a) * k / 128).components().map(norm)) }); let probes = (0%,).map(t => g.sample(t).components().map(norm)); (mesh, dyadic, probes)	28d1f44428242710df557f7577fa4e2434cb399aad3d85dd17a5e38693826880	exit=0;stderr_sha256=e3b0c44298fc1c149afbf4c8996fb92427ae41e4649b934ca495991b7852b855
runner-command	C0298	rsvg-convert --zoom 1 -o /tmp/p1268/oracle_v3/masks/S19-radial-oklab.png /tmp/p1268/oracle_v3/masks/S19-radial-oklab.svg	e3b0c44298fc1c149afbf4c8996fb92427ae41e4649b934ca495991b7852b855	exit=0;stderr_sha256=e3b0c44298fc1c149afbf4c8996fb92427ae41e4649b934ca495991b7852b855
runner-command	C0299	/usr/local/bin/typst compile /repos/Antigravity/typst-crystalline/lab/parity/matrix/fixtures/p1266/S19-linear-linear-rgb.typ /tmp/p1268/oracle_v3/binaries/direct/S19-linear-linear-rgb.svg	e3b0c44298fc1c149afbf4c8996fb92427ae41e4649b934ca495991b7852b855	exit=0;stderr_sha256=e3b0c44298fc1c149afbf4c8996fb92427ae41e4649b934ca495991b7852b855
runner-command	C0300	/usr/local/bin/typst eval --format json let norm = x => if type(x) == ratio { x / 100% } else { x }; let g = gradient.linear(rgb(38, 70, 83), rgb(42, 157, 143), rgb(233, 196, 106), space: color.linear-rgb, angle: 15deg); (g.stops().map(s => (s.at(0).components().map(norm), s.at(1) / 100%)), repr(g.kind()), repr(g.space()), repr(g.angle()), repr(g.center()), repr(g.radius()), repr(g.focal-center()), repr(g.focal-radius()))	85076958eb771bd47755fab5b95ea42ddf43c37e41dc148fd24ee39a802e807a	exit=0;stderr_sha256=e3b0c44298fc1c149afbf4c8996fb92427ae41e4649b934ca495991b7852b855
runner-command	C0301	/usr/local/bin/typst eval --format json let norm = x => if type(x) == ratio { x / 100% } else { x }; let g = gradient.linear(rgb(38, 70, 83), rgb(42, 157, 143), rgb(233, 196, 106), space: color.linear-rgb, angle: 15deg); let ss = g.stops(); let mesh = range(8193).map(i => g.sample(i / 8192 * 100%).components().map(norm)); let dyadic = range(ss.len() - 1).map(i => { let a = ss.at(i).at(1); let b = ss.at(i + 1).at(1); range(129).map(k => g.sample(a + (b - a) * k / 128).components().map(norm)) }); let probes = (0%,).map(t => g.sample(t).components().map(norm)); (mesh, dyadic, probes)	edbd23c81b1d91da84c186b50ff191912f23d2a5d841143f25d66c62d7a43f19	exit=0;stderr_sha256=e3b0c44298fc1c149afbf4c8996fb92427ae41e4649b934ca495991b7852b855
runner-command	C0302	rsvg-convert --zoom 1 -o /tmp/p1268/oracle_v3/masks/S19-linear-linear-rgb.png /tmp/p1268/oracle_v3/masks/S19-linear-linear-rgb.svg	e3b0c44298fc1c149afbf4c8996fb92427ae41e4649b934ca495991b7852b855	exit=0;stderr_sha256=e3b0c44298fc1c149afbf4c8996fb92427ae41e4649b934ca495991b7852b855
runner-command	C0303	/usr/local/bin/typst compile /repos/Antigravity/typst-crystalline/lab/parity/matrix/fixtures/p1266/S19-radial-linear-rgb.typ /tmp/p1268/oracle_v3/binaries/direct/S19-radial-linear-rgb.svg	e3b0c44298fc1c149afbf4c8996fb92427ae41e4649b934ca495991b7852b855	exit=0;stderr_sha256=e3b0c44298fc1c149afbf4c8996fb92427ae41e4649b934ca495991b7852b855
runner-command	C0304	/usr/local/bin/typst eval --format json let norm = x => if type(x) == ratio { x / 100% } else { x }; let g = gradient.radial(rgb(38, 70, 83), rgb(42, 157, 143), rgb(233, 196, 106), space: color.linear-rgb, center: (50%, 50%), radius: 0.1%, focal-center: (50%, 50%), focal-radius: 0%); (g.stops().map(s => (s.at(0).components().map(norm), s.at(1) / 100%)), repr(g.kind()), repr(g.space()), repr(g.angle()), repr(g.center()), repr(g.radius()), repr(g.focal-center()), repr(g.focal-radius()))	6b7a66be6e858d3b37a4dc552188d97f447165f9fd942121b4cf1f1c0fb64153	exit=0;stderr_sha256=e3b0c44298fc1c149afbf4c8996fb92427ae41e4649b934ca495991b7852b855
runner-command	C0305	/usr/local/bin/typst eval --format json let norm = x => if type(x) == ratio { x / 100% } else { x }; let g = gradient.radial(rgb(38, 70, 83), rgb(42, 157, 143), rgb(233, 196, 106), space: color.linear-rgb, center: (50%, 50%), radius: 0.1%, focal-center: (50%, 50%), focal-radius: 0%); let ss = g.stops(); let mesh = range(8193).map(i => g.sample(i / 8192 * 100%).components().map(norm)); let dyadic = range(ss.len() - 1).map(i => { let a = ss.at(i).at(1); let b = ss.at(i + 1).at(1); range(129).map(k => g.sample(a + (b - a) * k / 128).components().map(norm)) }); let probes = (0%,).map(t => g.sample(t).components().map(norm)); (mesh, dyadic, probes)	edbd23c81b1d91da84c186b50ff191912f23d2a5d841143f25d66c62d7a43f19	exit=0;stderr_sha256=e3b0c44298fc1c149afbf4c8996fb92427ae41e4649b934ca495991b7852b855
runner-command	C0306	rsvg-convert --zoom 1 -o /tmp/p1268/oracle_v3/masks/S19-radial-linear-rgb.png /tmp/p1268/oracle_v3/masks/S19-radial-linear-rgb.svg	e3b0c44298fc1c149afbf4c8996fb92427ae41e4649b934ca495991b7852b855	exit=0;stderr_sha256=e3b0c44298fc1c149afbf4c8996fb92427ae41e4649b934ca495991b7852b855
runner-command	C0307	/usr/local/bin/typst compile /repos/Antigravity/typst-crystalline/lab/parity/matrix/fixtures/p1266/S20-linear-oklab.typ /tmp/p1268/oracle_v3/binaries/direct/S20-linear-oklab.svg	e3b0c44298fc1c149afbf4c8996fb92427ae41e4649b934ca495991b7852b855	exit=0;stderr_sha256=e3b0c44298fc1c149afbf4c8996fb92427ae41e4649b934ca495991b7852b855
runner-command	C0308	/usr/local/bin/typst eval --format json let norm = x => if type(x) == ratio { x / 100% } else { x }; let g = gradient.linear((red.transparentize(100%), 0%), (rgb(46, 204, 64), 33.3333333333333%), (blue, 66.6666666666667%), (yellow, 100%), space: color.oklab, angle: 75deg); (g.stops().map(s => (s.at(0).components().map(norm), s.at(1) / 100%)), repr(g.kind()), repr(g.space()), repr(g.angle()), repr(g.center()), repr(g.radius()), repr(g.focal-center()), repr(g.focal-radius()))	5b3c0b4873f4b8de6933d50f256a0d3d79dea2c008ad88745a900562b19852d6	exit=0;stderr_sha256=e3b0c44298fc1c149afbf4c8996fb92427ae41e4649b934ca495991b7852b855
runner-command	C0309	/usr/local/bin/typst eval --format json let norm = x => if type(x) == ratio { x / 100% } else { x }; let g = gradient.linear((red.transparentize(100%), 0%), (rgb(46, 204, 64), 33.3333333333333%), (blue, 66.6666666666667%), (yellow, 100%), space: color.oklab, angle: 75deg); let ss = g.stops(); let mesh = range(8193).map(i => g.sample(i / 8192 * 100%).components().map(norm)); let dyadic = range(ss.len() - 1).map(i => { let a = ss.at(i).at(1); let b = ss.at(i + 1).at(1); range(129).map(k => g.sample(a + (b - a) * k / 128).components().map(norm)) }); let probes = (0%,).map(t => g.sample(t).components().map(norm)); (mesh, dyadic, probes)	f7b7b404227967954b1db88f48664f95db4359d2f807720f56ad509ef0336c0e	exit=0;stderr_sha256=e3b0c44298fc1c149afbf4c8996fb92427ae41e4649b934ca495991b7852b855
runner-command	C0310	rsvg-convert --zoom 1 -o /tmp/p1268/oracle_v3/masks/S20-linear-oklab.png /tmp/p1268/oracle_v3/masks/S20-linear-oklab.svg	e3b0c44298fc1c149afbf4c8996fb92427ae41e4649b934ca495991b7852b855	exit=0;stderr_sha256=e3b0c44298fc1c149afbf4c8996fb92427ae41e4649b934ca495991b7852b855
runner-command	C0311	/usr/local/bin/typst compile /repos/Antigravity/typst-crystalline/lab/parity/matrix/fixtures/p1266/S20-radial-oklab.typ /tmp/p1268/oracle_v3/binaries/direct/S20-radial-oklab.svg	e3b0c44298fc1c149afbf4c8996fb92427ae41e4649b934ca495991b7852b855	exit=0;stderr_sha256=e3b0c44298fc1c149afbf4c8996fb92427ae41e4649b934ca495991b7852b855
runner-command	C0312	/usr/local/bin/typst eval --format json let norm = x => if type(x) == ratio { x / 100% } else { x }; let g = gradient.radial((red.transparentize(100%), 0%), (rgb(46, 204, 64), 33.3333333333333%), (blue, 66.6666666666667%), (yellow, 100%), space: color.oklab, center: (50%, 50%), radius: 50%, focal-center: (50%, 50%), focal-radius: 0%); (g.stops().map(s => (s.at(0).components().map(norm), s.at(1) / 100%)), repr(g.kind()), repr(g.space()), repr(g.angle()), repr(g.center()), repr(g.radius()), repr(g.focal-center()), repr(g.focal-radius()))	a795af07762db81bafff6c95e4dba8d75816a2f6a9571855f43171fb4fb4f3f1	exit=0;stderr_sha256=e3b0c44298fc1c149afbf4c8996fb92427ae41e4649b934ca495991b7852b855
runner-command	C0313	/usr/local/bin/typst eval --format json let norm = x => if type(x) == ratio { x / 100% } else { x }; let g = gradient.radial((red.transparentize(100%), 0%), (rgb(46, 204, 64), 33.3333333333333%), (blue, 66.6666666666667%), (yellow, 100%), space: color.oklab, center: (50%, 50%), radius: 50%, focal-center: (50%, 50%), focal-radius: 0%); let ss = g.stops(); let mesh = range(8193).map(i => g.sample(i / 8192 * 100%).components().map(norm)); let dyadic = range(ss.len() - 1).map(i => { let a = ss.at(i).at(1); let b = ss.at(i + 1).at(1); range(129).map(k => g.sample(a + (b - a) * k / 128).components().map(norm)) }); let probes = (0%,).map(t => g.sample(t).components().map(norm)); (mesh, dyadic, probes)	f7b7b404227967954b1db88f48664f95db4359d2f807720f56ad509ef0336c0e	exit=0;stderr_sha256=e3b0c44298fc1c149afbf4c8996fb92427ae41e4649b934ca495991b7852b855
runner-command	C0314	rsvg-convert --zoom 1 -o /tmp/p1268/oracle_v3/masks/S20-radial-oklab.png /tmp/p1268/oracle_v3/masks/S20-radial-oklab.svg	e3b0c44298fc1c149afbf4c8996fb92427ae41e4649b934ca495991b7852b855	exit=0;stderr_sha256=e3b0c44298fc1c149afbf4c8996fb92427ae41e4649b934ca495991b7852b855
runner-command	C0315	/usr/local/bin/typst compile /repos/Antigravity/typst-crystalline/lab/parity/matrix/fixtures/p1266/S20-linear-linear-rgb.typ /tmp/p1268/oracle_v3/binaries/direct/S20-linear-linear-rgb.svg	e3b0c44298fc1c149afbf4c8996fb92427ae41e4649b934ca495991b7852b855	exit=0;stderr_sha256=e3b0c44298fc1c149afbf4c8996fb92427ae41e4649b934ca495991b7852b855
runner-command	C0316	/usr/local/bin/typst eval --format json let norm = x => if type(x) == ratio { x / 100% } else { x }; let g = gradient.linear((red.transparentize(100%), 0%), (rgb(46, 204, 64), 33.3333333333333%), (blue, 66.6666666666667%), (yellow, 100%), space: color.linear-rgb, angle: 75deg); (g.stops().map(s => (s.at(0).components().map(norm), s.at(1) / 100%)), repr(g.kind()), repr(g.space()), repr(g.angle()), repr(g.center()), repr(g.radius()), repr(g.focal-center()), repr(g.focal-radius()))	9e36c8fc8a45ef436913644edc5540c426e6e0a341d83c9e35251dbd01577b48	exit=0;stderr_sha256=e3b0c44298fc1c149afbf4c8996fb92427ae41e4649b934ca495991b7852b855
runner-command	C0317	/usr/local/bin/typst eval --format json let norm = x => if type(x) == ratio { x / 100% } else { x }; let g = gradient.linear((red.transparentize(100%), 0%), (rgb(46, 204, 64), 33.3333333333333%), (blue, 66.6666666666667%), (yellow, 100%), space: color.linear-rgb, angle: 75deg); let ss = g.stops(); let mesh = range(8193).map(i => g.sample(i / 8192 * 100%).components().map(norm)); let dyadic = range(ss.len() - 1).map(i => { let a = ss.at(i).at(1); let b = ss.at(i + 1).at(1); range(129).map(k => g.sample(a + (b - a) * k / 128).components().map(norm)) }); let probes = (0%,).map(t => g.sample(t).components().map(norm)); (mesh, dyadic, probes)	c13c2c9296e5e76a04b42fcf9dff9cb5a7c2dea276cb39f342c3ce7248fbc23d	exit=0;stderr_sha256=e3b0c44298fc1c149afbf4c8996fb92427ae41e4649b934ca495991b7852b855
runner-command	C0318	rsvg-convert --zoom 1 -o /tmp/p1268/oracle_v3/masks/S20-linear-linear-rgb.png /tmp/p1268/oracle_v3/masks/S20-linear-linear-rgb.svg	e3b0c44298fc1c149afbf4c8996fb92427ae41e4649b934ca495991b7852b855	exit=0;stderr_sha256=e3b0c44298fc1c149afbf4c8996fb92427ae41e4649b934ca495991b7852b855
runner-command	C0319	/usr/local/bin/typst compile /repos/Antigravity/typst-crystalline/lab/parity/matrix/fixtures/p1266/S20-radial-linear-rgb.typ /tmp/p1268/oracle_v3/binaries/direct/S20-radial-linear-rgb.svg	e3b0c44298fc1c149afbf4c8996fb92427ae41e4649b934ca495991b7852b855	exit=0;stderr_sha256=e3b0c44298fc1c149afbf4c8996fb92427ae41e4649b934ca495991b7852b855
runner-command	C0320	/usr/local/bin/typst eval --format json let norm = x => if type(x) == ratio { x / 100% } else { x }; let g = gradient.radial((red.transparentize(100%), 0%), (rgb(46, 204, 64), 33.3333333333333%), (blue, 66.6666666666667%), (yellow, 100%), space: color.linear-rgb, center: (50%, 50%), radius: 50%, focal-center: (50%, 50%), focal-radius: 0%); (g.stops().map(s => (s.at(0).components().map(norm), s.at(1) / 100%)), repr(g.kind()), repr(g.space()), repr(g.angle()), repr(g.center()), repr(g.radius()), repr(g.focal-center()), repr(g.focal-radius()))	255db2607eada11fd4bac345e322ecefa594dc337051b0c30eedf33c9fdf036b	exit=0;stderr_sha256=e3b0c44298fc1c149afbf4c8996fb92427ae41e4649b934ca495991b7852b855
runner-command	C0321	/usr/local/bin/typst eval --format json let norm = x => if type(x) == ratio { x / 100% } else { x }; let g = gradient.radial((red.transparentize(100%), 0%), (rgb(46, 204, 64), 33.3333333333333%), (blue, 66.6666666666667%), (yellow, 100%), space: color.linear-rgb, center: (50%, 50%), radius: 50%, focal-center: (50%, 50%), focal-radius: 0%); let ss = g.stops(); let mesh = range(8193).map(i => g.sample(i / 8192 * 100%).components().map(norm)); let dyadic = range(ss.len() - 1).map(i => { let a = ss.at(i).at(1); let b = ss.at(i + 1).at(1); range(129).map(k => g.sample(a + (b - a) * k / 128).components().map(norm)) }); let probes = (0%,).map(t => g.sample(t).components().map(norm)); (mesh, dyadic, probes)	c13c2c9296e5e76a04b42fcf9dff9cb5a7c2dea276cb39f342c3ce7248fbc23d	exit=0;stderr_sha256=e3b0c44298fc1c149afbf4c8996fb92427ae41e4649b934ca495991b7852b855
runner-command	C0322	rsvg-convert --zoom 1 -o /tmp/p1268/oracle_v3/masks/S20-radial-linear-rgb.png /tmp/p1268/oracle_v3/masks/S20-radial-linear-rgb.svg	e3b0c44298fc1c149afbf4c8996fb92427ae41e4649b934ca495991b7852b855	exit=0;stderr_sha256=e3b0c44298fc1c149afbf4c8996fb92427ae41e4649b934ca495991b7852b855
runner-command	C0323	/usr/local/bin/typst compile /repos/Antigravity/typst-crystalline/lab/parity/matrix/fixtures/p1266/S21-linear-oklab.typ /tmp/p1268/oracle_v3/binaries/direct/S21-linear-oklab.svg	e3b0c44298fc1c149afbf4c8996fb92427ae41e4649b934ca495991b7852b855	exit=0;stderr_sha256=e3b0c44298fc1c149afbf4c8996fb92427ae41e4649b934ca495991b7852b855
runner-command	C0324	/usr/local/bin/typst eval --format json let norm = x => if type(x) == ratio { x / 100% } else { x }; let g = (gradient.linear((red, 0%), (rgb(46, 204, 64), 11.1111111111111%), (blue.transparentize(100%), 44.4444444444444%), (yellow.transparentize(100%), 100%), space: color.oklab, angle: -75deg)).sharp(4); (g.stops().map(s => (s.at(0).components().map(norm), s.at(1) / 100%)), repr(g.kind()), repr(g.space()), repr(g.angle()), repr(g.center()), repr(g.radius()), repr(g.focal-center()), repr(g.focal-radius()))	a61b2ed287ead40757eec4f918a30e9f5f943a7d0400fd908060f0f9e2d40bae	exit=0;stderr_sha256=e3b0c44298fc1c149afbf4c8996fb92427ae41e4649b934ca495991b7852b855
runner-command	C0325	/usr/local/bin/typst eval --format json let norm = x => if type(x) == ratio { x / 100% } else { x }; let g = (gradient.linear((red, 0%), (rgb(46, 204, 64), 11.1111111111111%), (blue.transparentize(100%), 44.4444444444444%), (yellow.transparentize(100%), 100%), space: color.oklab, angle: -75deg)).sharp(4); let ss = g.stops(); let mesh = range(8193).map(i => g.sample(i / 8192 * 100%).components().map(norm)); let dyadic = range(ss.len() - 1).map(i => { let a = ss.at(i).at(1); let b = ss.at(i + 1).at(1); range(129).map(k => g.sample(a + (b - a) * k / 128).components().map(norm)) }); let probes = (25%,25.00002384185791%,50%,50.00002384185791%,75%,75.00002384185791%,).map(t => g.sample(t).components().map(norm)); (mesh, dyadic, probes)	847ebfd6fa0394f71a948f216c99e327290511497622ef6f236287d214ef6621	exit=0;stderr_sha256=e3b0c44298fc1c149afbf4c8996fb92427ae41e4649b934ca495991b7852b855
runner-command	C0326	rsvg-convert --zoom 1 -o /tmp/p1268/oracle_v3/masks/S21-linear-oklab.png /tmp/p1268/oracle_v3/masks/S21-linear-oklab.svg	e3b0c44298fc1c149afbf4c8996fb92427ae41e4649b934ca495991b7852b855	exit=0;stderr_sha256=e3b0c44298fc1c149afbf4c8996fb92427ae41e4649b934ca495991b7852b855
runner-command	C0327	/usr/local/bin/typst compile /repos/Antigravity/typst-crystalline/lab/parity/matrix/fixtures/p1266/S21-radial-oklab.typ /tmp/p1268/oracle_v3/binaries/direct/S21-radial-oklab.svg	e3b0c44298fc1c149afbf4c8996fb92427ae41e4649b934ca495991b7852b855	exit=0;stderr_sha256=e3b0c44298fc1c149afbf4c8996fb92427ae41e4649b934ca495991b7852b855
runner-command	C0328	/usr/local/bin/typst eval --format json let norm = x => if type(x) == ratio { x / 100% } else { x }; let g = (gradient.radial((red, 0%), (rgb(46, 204, 64), 11.1111111111111%), (blue.transparentize(100%), 44.4444444444444%), (yellow.transparentize(100%), 100%), space: color.oklab, center: (50%, 50%), radius: 65%, focal-center: (30%, 40%), focal-radius: 10%)).sharp(4); (g.stops().map(s => (s.at(0).components().map(norm), s.at(1) / 100%)), repr(g.kind()), repr(g.space()), repr(g.angle()), repr(g.center()), repr(g.radius()), repr(g.focal-center()), repr(g.focal-radius()))	685a0b839e7b3ee86cdd710b16e816061e10a9152ae497ddb7ca97b291d8e1c2	exit=0;stderr_sha256=e3b0c44298fc1c149afbf4c8996fb92427ae41e4649b934ca495991b7852b855
runner-command	C0329	/usr/local/bin/typst eval --format json let norm = x => if type(x) == ratio { x / 100% } else { x }; let g = (gradient.radial((red, 0%), (rgb(46, 204, 64), 11.1111111111111%), (blue.transparentize(100%), 44.4444444444444%), (yellow.transparentize(100%), 100%), space: color.oklab, center: (50%, 50%), radius: 65%, focal-center: (30%, 40%), focal-radius: 10%)).sharp(4); let ss = g.stops(); let mesh = range(8193).map(i => g.sample(i / 8192 * 100%).components().map(norm)); let dyadic = range(ss.len() - 1).map(i => { let a = ss.at(i).at(1); let b = ss.at(i + 1).at(1); range(129).map(k => g.sample(a + (b - a) * k / 128).components().map(norm)) }); let probes = (25%,25.00002384185791%,50%,50.00002384185791%,75%,75.00002384185791%,).map(t => g.sample(t).components().map(norm)); (mesh, dyadic, probes)	847ebfd6fa0394f71a948f216c99e327290511497622ef6f236287d214ef6621	exit=0;stderr_sha256=e3b0c44298fc1c149afbf4c8996fb92427ae41e4649b934ca495991b7852b855
runner-command	C0330	rsvg-convert --zoom 1 -o /tmp/p1268/oracle_v3/masks/S21-radial-oklab.png /tmp/p1268/oracle_v3/masks/S21-radial-oklab.svg	e3b0c44298fc1c149afbf4c8996fb92427ae41e4649b934ca495991b7852b855	exit=0;stderr_sha256=e3b0c44298fc1c149afbf4c8996fb92427ae41e4649b934ca495991b7852b855
runner-command	C0331	/usr/local/bin/typst compile /repos/Antigravity/typst-crystalline/lab/parity/matrix/fixtures/p1266/S21-linear-linear-rgb.typ /tmp/p1268/oracle_v3/binaries/direct/S21-linear-linear-rgb.svg	e3b0c44298fc1c149afbf4c8996fb92427ae41e4649b934ca495991b7852b855	exit=0;stderr_sha256=e3b0c44298fc1c149afbf4c8996fb92427ae41e4649b934ca495991b7852b855
runner-command	C0332	/usr/local/bin/typst eval --format json let norm = x => if type(x) == ratio { x / 100% } else { x }; let g = (gradient.linear((red, 0%), (rgb(46, 204, 64), 11.1111111111111%), (blue.transparentize(100%), 44.4444444444444%), (yellow.transparentize(100%), 100%), space: color.linear-rgb, angle: -75deg)).sharp(4); (g.stops().map(s => (s.at(0).components().map(norm), s.at(1) / 100%)), repr(g.kind()), repr(g.space()), repr(g.angle()), repr(g.center()), repr(g.radius()), repr(g.focal-center()), repr(g.focal-radius()))	c420ae70107ace0b32ec368c90dca039b0de9ef268222c928385585b0dde6ca5	exit=0;stderr_sha256=e3b0c44298fc1c149afbf4c8996fb92427ae41e4649b934ca495991b7852b855
runner-command	C0333	/usr/local/bin/typst eval --format json let norm = x => if type(x) == ratio { x / 100% } else { x }; let g = (gradient.linear((red, 0%), (rgb(46, 204, 64), 11.1111111111111%), (blue.transparentize(100%), 44.4444444444444%), (yellow.transparentize(100%), 100%), space: color.linear-rgb, angle: -75deg)).sharp(4); let ss = g.stops(); let mesh = range(8193).map(i => g.sample(i / 8192 * 100%).components().map(norm)); let dyadic = range(ss.len() - 1).map(i => { let a = ss.at(i).at(1); let b = ss.at(i + 1).at(1); range(129).map(k => g.sample(a + (b - a) * k / 128).components().map(norm)) }); let probes = (25%,25.00002384185791%,50%,50.00002384185791%,75%,75.00002384185791%,).map(t => g.sample(t).components().map(norm)); (mesh, dyadic, probes)	1b881b7dfbd0667c6a11c503ea59a05f1c4cf366674f790fefe30d04b941e135	exit=0;stderr_sha256=e3b0c44298fc1c149afbf4c8996fb92427ae41e4649b934ca495991b7852b855
runner-command	C0334	rsvg-convert --zoom 1 -o /tmp/p1268/oracle_v3/masks/S21-linear-linear-rgb.png /tmp/p1268/oracle_v3/masks/S21-linear-linear-rgb.svg	e3b0c44298fc1c149afbf4c8996fb92427ae41e4649b934ca495991b7852b855	exit=0;stderr_sha256=e3b0c44298fc1c149afbf4c8996fb92427ae41e4649b934ca495991b7852b855
runner-command	C0335	/usr/local/bin/typst compile /repos/Antigravity/typst-crystalline/lab/parity/matrix/fixtures/p1266/S21-radial-linear-rgb.typ /tmp/p1268/oracle_v3/binaries/direct/S21-radial-linear-rgb.svg	e3b0c44298fc1c149afbf4c8996fb92427ae41e4649b934ca495991b7852b855	exit=0;stderr_sha256=e3b0c44298fc1c149afbf4c8996fb92427ae41e4649b934ca495991b7852b855
runner-command	C0336	/usr/local/bin/typst eval --format json let norm = x => if type(x) == ratio { x / 100% } else { x }; let g = (gradient.radial((red, 0%), (rgb(46, 204, 64), 11.1111111111111%), (blue.transparentize(100%), 44.4444444444444%), (yellow.transparentize(100%), 100%), space: color.linear-rgb, center: (50%, 50%), radius: 65%, focal-center: (30%, 40%), focal-radius: 10%)).sharp(4); (g.stops().map(s => (s.at(0).components().map(norm), s.at(1) / 100%)), repr(g.kind()), repr(g.space()), repr(g.angle()), repr(g.center()), repr(g.radius()), repr(g.focal-center()), repr(g.focal-radius()))	d7b8ccd6cbf5d12b6ccfa74415f530a581cfdc08abc951972350d42af0b40958	exit=0;stderr_sha256=e3b0c44298fc1c149afbf4c8996fb92427ae41e4649b934ca495991b7852b855
runner-command	C0337	/usr/local/bin/typst eval --format json let norm = x => if type(x) == ratio { x / 100% } else { x }; let g = (gradient.radial((red, 0%), (rgb(46, 204, 64), 11.1111111111111%), (blue.transparentize(100%), 44.4444444444444%), (yellow.transparentize(100%), 100%), space: color.linear-rgb, center: (50%, 50%), radius: 65%, focal-center: (30%, 40%), focal-radius: 10%)).sharp(4); let ss = g.stops(); let mesh = range(8193).map(i => g.sample(i / 8192 * 100%).components().map(norm)); let dyadic = range(ss.len() - 1).map(i => { let a = ss.at(i).at(1); let b = ss.at(i + 1).at(1); range(129).map(k => g.sample(a + (b - a) * k / 128).components().map(norm)) }); let probes = (25%,25.00002384185791%,50%,50.00002384185791%,75%,75.00002384185791%,).map(t => g.sample(t).components().map(norm)); (mesh, dyadic, probes)	1b881b7dfbd0667c6a11c503ea59a05f1c4cf366674f790fefe30d04b941e135	exit=0;stderr_sha256=e3b0c44298fc1c149afbf4c8996fb92427ae41e4649b934ca495991b7852b855
runner-command	C0338	rsvg-convert --zoom 1 -o /tmp/p1268/oracle_v3/masks/S21-radial-linear-rgb.png /tmp/p1268/oracle_v3/masks/S21-radial-linear-rgb.svg	e3b0c44298fc1c149afbf4c8996fb92427ae41e4649b934ca495991b7852b855	exit=0;stderr_sha256=e3b0c44298fc1c149afbf4c8996fb92427ae41e4649b934ca495991b7852b855
runner-command	C0339	/usr/local/bin/typst compile /repos/Antigravity/typst-crystalline/lab/parity/matrix/fixtures/p1266/S22-linear-oklab.typ /tmp/p1268/oracle_v3/binaries/direct/S22-linear-oklab.svg	e3b0c44298fc1c149afbf4c8996fb92427ae41e4649b934ca495991b7852b855	exit=0;stderr_sha256=e3b0c44298fc1c149afbf4c8996fb92427ae41e4649b934ca495991b7852b855
runner-command	C0340	/usr/local/bin/typst eval --format json let norm = x => if type(x) == ratio { x / 100% } else { x }; let g = gradient.linear((black, 0%), (white, 7.14285714285714%), (red, 14.2857142857143%), (rgb(0, 255, 0), 21.4285714285714%), (blue, 28.5714285714286%), (rgb(0, 255, 255), 35.7142857142857%), (rgb(255, 0, 255), 42.8571428571429%), (yellow, 50%), (black, 50.0001%), (white, 57.1429428571429%), (red, 64.2857857142857%), (rgb(0, 255, 0), 71.4286285714286%), (blue, 78.5714714285714%), (rgb(0, 255, 255), 85.7143142857143%), (rgb(255, 0, 255), 92.8571571428571%), (yellow, 100%), space: color.oklab, angle: 359.999999deg); (g.stops().map(s => (s.at(0).components().map(norm), s.at(1) / 100%)), repr(g.kind()), repr(g.space()), repr(g.angle()), repr(g.center()), repr(g.radius()), repr(g.focal-center()), repr(g.focal-radius()))	518decbd9347bfab24dbcdce1d08adf9801d810c36499cc5c8190fc75cfb0abf	exit=0;stderr_sha256=e3b0c44298fc1c149afbf4c8996fb92427ae41e4649b934ca495991b7852b855
runner-command	C0341	/usr/local/bin/typst eval --format json let norm = x => if type(x) == ratio { x / 100% } else { x }; let g = gradient.linear((black, 0%), (white, 7.14285714285714%), (red, 14.2857142857143%), (rgb(0, 255, 0), 21.4285714285714%), (blue, 28.5714285714286%), (rgb(0, 255, 255), 35.7142857142857%), (rgb(255, 0, 255), 42.8571428571429%), (yellow, 50%), (black, 50.0001%), (white, 57.1429428571429%), (red, 64.2857857142857%), (rgb(0, 255, 0), 71.4286285714286%), (blue, 78.5714714285714%), (rgb(0, 255, 255), 85.7143142857143%), (rgb(255, 0, 255), 92.8571571428571%), (yellow, 100%), space: color.oklab, angle: 359.999999deg); let ss = g.stops(); let mesh = range(8193).map(i => g.sample(i / 8192 * 100%).components().map(norm)); let dyadic = range(ss.len() - 1).map(i => { let a = ss.at(i).at(1); let b = ss.at(i + 1).at(1); range(129).map(k => g.sample(a + (b - a) * k / 128).components().map(norm)) }); let probes = (0%,).map(t => g.sample(t).components().map(norm)); (mesh, dyadic, probes)	1830728b92157d72c9111e5d3e2ac8fb20b56b3754e382c57646adbd956a81da	exit=0;stderr_sha256=e3b0c44298fc1c149afbf4c8996fb92427ae41e4649b934ca495991b7852b855
runner-command	C0342	rsvg-convert --zoom 1 -o /tmp/p1268/oracle_v3/masks/S22-linear-oklab.png /tmp/p1268/oracle_v3/masks/S22-linear-oklab.svg	e3b0c44298fc1c149afbf4c8996fb92427ae41e4649b934ca495991b7852b855	exit=0;stderr_sha256=e3b0c44298fc1c149afbf4c8996fb92427ae41e4649b934ca495991b7852b855
runner-command	C0343	/usr/local/bin/typst compile /repos/Antigravity/typst-crystalline/lab/parity/matrix/fixtures/p1266/S22-radial-oklab.typ /tmp/p1268/oracle_v3/binaries/direct/S22-radial-oklab.svg	e3b0c44298fc1c149afbf4c8996fb92427ae41e4649b934ca495991b7852b855	exit=0;stderr_sha256=e3b0c44298fc1c149afbf4c8996fb92427ae41e4649b934ca495991b7852b855
runner-command	C0344	/usr/local/bin/typst eval --format json let norm = x => if type(x) == ratio { x / 100% } else { x }; let g = gradient.radial((black, 0%), (white, 7.14285714285714%), (red, 14.2857142857143%), (rgb(0, 255, 0), 21.4285714285714%), (blue, 28.5714285714286%), (rgb(0, 255, 255), 35.7142857142857%), (rgb(255, 0, 255), 42.8571428571429%), (yellow, 50%), (black, 50.0001%), (white, 57.1429428571429%), (red, 64.2857857142857%), (rgb(0, 255, 0), 71.4286285714286%), (blue, 78.5714714285714%), (rgb(0, 255, 255), 85.7143142857143%), (rgb(255, 0, 255), 92.8571571428571%), (yellow, 100%), space: color.oklab, center: (50%, 50%), radius: 50%, focal-center: (93.9%, 50%), focal-radius: 6%); (g.stops().map(s => (s.at(0).components().map(norm), s.at(1) / 100%)), repr(g.kind()), repr(g.space()), repr(g.angle()), repr(g.center()), repr(g.radius()), repr(g.focal-center()), repr(g.focal-radius()))	e39e1fe86553e3c5232f4dd073db5cdc73fe5659cbfc5ada4f502327fdc7219f	exit=0;stderr_sha256=e3b0c44298fc1c149afbf4c8996fb92427ae41e4649b934ca495991b7852b855
runner-command	C0345	/usr/local/bin/typst eval --format json let norm = x => if type(x) == ratio { x / 100% } else { x }; let g = gradient.radial((black, 0%), (white, 7.14285714285714%), (red, 14.2857142857143%), (rgb(0, 255, 0), 21.4285714285714%), (blue, 28.5714285714286%), (rgb(0, 255, 255), 35.7142857142857%), (rgb(255, 0, 255), 42.8571428571429%), (yellow, 50%), (black, 50.0001%), (white, 57.1429428571429%), (red, 64.2857857142857%), (rgb(0, 255, 0), 71.4286285714286%), (blue, 78.5714714285714%), (rgb(0, 255, 255), 85.7143142857143%), (rgb(255, 0, 255), 92.8571571428571%), (yellow, 100%), space: color.oklab, center: (50%, 50%), radius: 50%, focal-center: (93.9%, 50%), focal-radius: 6%); let ss = g.stops(); let mesh = range(8193).map(i => g.sample(i / 8192 * 100%).components().map(norm)); let dyadic = range(ss.len() - 1).map(i => { let a = ss.at(i).at(1); let b = ss.at(i + 1).at(1); range(129).map(k => g.sample(a + (b - a) * k / 128).components().map(norm)) }); let probes = (0%,).map(t => g.sample(t).components().map(norm)); (mesh, dyadic, probes)	1830728b92157d72c9111e5d3e2ac8fb20b56b3754e382c57646adbd956a81da	exit=0;stderr_sha256=e3b0c44298fc1c149afbf4c8996fb92427ae41e4649b934ca495991b7852b855
runner-command	C0346	rsvg-convert --zoom 1 -o /tmp/p1268/oracle_v3/masks/S22-radial-oklab.png /tmp/p1268/oracle_v3/masks/S22-radial-oklab.svg	e3b0c44298fc1c149afbf4c8996fb92427ae41e4649b934ca495991b7852b855	exit=0;stderr_sha256=e3b0c44298fc1c149afbf4c8996fb92427ae41e4649b934ca495991b7852b855
runner-command	C0347	/usr/local/bin/typst compile /repos/Antigravity/typst-crystalline/lab/parity/matrix/fixtures/p1266/S22-linear-linear-rgb.typ /tmp/p1268/oracle_v3/binaries/direct/S22-linear-linear-rgb.svg	e3b0c44298fc1c149afbf4c8996fb92427ae41e4649b934ca495991b7852b855	exit=0;stderr_sha256=e3b0c44298fc1c149afbf4c8996fb92427ae41e4649b934ca495991b7852b855
runner-command	C0348	/usr/local/bin/typst eval --format json let norm = x => if type(x) == ratio { x / 100% } else { x }; let g = gradient.linear((black, 0%), (white, 7.14285714285714%), (red, 14.2857142857143%), (rgb(0, 255, 0), 21.4285714285714%), (blue, 28.5714285714286%), (rgb(0, 255, 255), 35.7142857142857%), (rgb(255, 0, 255), 42.8571428571429%), (yellow, 50%), (black, 50.0001%), (white, 57.1429428571429%), (red, 64.2857857142857%), (rgb(0, 255, 0), 71.4286285714286%), (blue, 78.5714714285714%), (rgb(0, 255, 255), 85.7143142857143%), (rgb(255, 0, 255), 92.8571571428571%), (yellow, 100%), space: color.linear-rgb, angle: 359.999999deg); (g.stops().map(s => (s.at(0).components().map(norm), s.at(1) / 100%)), repr(g.kind()), repr(g.space()), repr(g.angle()), repr(g.center()), repr(g.radius()), repr(g.focal-center()), repr(g.focal-radius()))	a44b8f9241f317b4f0c04aaba16bf9e94340bb0f50d38eee6a57cdbd5ea0b479	exit=0;stderr_sha256=e3b0c44298fc1c149afbf4c8996fb92427ae41e4649b934ca495991b7852b855
runner-command	C0349	/usr/local/bin/typst eval --format json let norm = x => if type(x) == ratio { x / 100% } else { x }; let g = gradient.linear((black, 0%), (white, 7.14285714285714%), (red, 14.2857142857143%), (rgb(0, 255, 0), 21.4285714285714%), (blue, 28.5714285714286%), (rgb(0, 255, 255), 35.7142857142857%), (rgb(255, 0, 255), 42.8571428571429%), (yellow, 50%), (black, 50.0001%), (white, 57.1429428571429%), (red, 64.2857857142857%), (rgb(0, 255, 0), 71.4286285714286%), (blue, 78.5714714285714%), (rgb(0, 255, 255), 85.7143142857143%), (rgb(255, 0, 255), 92.8571571428571%), (yellow, 100%), space: color.linear-rgb, angle: 359.999999deg); let ss = g.stops(); let mesh = range(8193).map(i => g.sample(i / 8192 * 100%).components().map(norm)); let dyadic = range(ss.len() - 1).map(i => { let a = ss.at(i).at(1); let b = ss.at(i + 1).at(1); range(129).map(k => g.sample(a + (b - a) * k / 128).components().map(norm)) }); let probes = (0%,).map(t => g.sample(t).components().map(norm)); (mesh, dyadic, probes)	dea858f354050f1e484e860494747e855d619f67cc85be0c7d2322a3bcd4f70f	exit=0;stderr_sha256=e3b0c44298fc1c149afbf4c8996fb92427ae41e4649b934ca495991b7852b855
runner-command	C0350	rsvg-convert --zoom 1 -o /tmp/p1268/oracle_v3/masks/S22-linear-linear-rgb.png /tmp/p1268/oracle_v3/masks/S22-linear-linear-rgb.svg	e3b0c44298fc1c149afbf4c8996fb92427ae41e4649b934ca495991b7852b855	exit=0;stderr_sha256=e3b0c44298fc1c149afbf4c8996fb92427ae41e4649b934ca495991b7852b855
runner-command	C0351	/usr/local/bin/typst compile /repos/Antigravity/typst-crystalline/lab/parity/matrix/fixtures/p1266/S22-radial-linear-rgb.typ /tmp/p1268/oracle_v3/binaries/direct/S22-radial-linear-rgb.svg	e3b0c44298fc1c149afbf4c8996fb92427ae41e4649b934ca495991b7852b855	exit=0;stderr_sha256=e3b0c44298fc1c149afbf4c8996fb92427ae41e4649b934ca495991b7852b855
runner-command	C0352	/usr/local/bin/typst eval --format json let norm = x => if type(x) == ratio { x / 100% } else { x }; let g = gradient.radial((black, 0%), (white, 7.14285714285714%), (red, 14.2857142857143%), (rgb(0, 255, 0), 21.4285714285714%), (blue, 28.5714285714286%), (rgb(0, 255, 255), 35.7142857142857%), (rgb(255, 0, 255), 42.8571428571429%), (yellow, 50%), (black, 50.0001%), (white, 57.1429428571429%), (red, 64.2857857142857%), (rgb(0, 255, 0), 71.4286285714286%), (blue, 78.5714714285714%), (rgb(0, 255, 255), 85.7143142857143%), (rgb(255, 0, 255), 92.8571571428571%), (yellow, 100%), space: color.linear-rgb, center: (50%, 50%), radius: 50%, focal-center: (93.9%, 50%), focal-radius: 6%); (g.stops().map(s => (s.at(0).components().map(norm), s.at(1) / 100%)), repr(g.kind()), repr(g.space()), repr(g.angle()), repr(g.center()), repr(g.radius()), repr(g.focal-center()), repr(g.focal-radius()))	a3ba61096d432fdbd2c73cce9bfa846a7cf262489770567b0898926dd3c42a08	exit=0;stderr_sha256=e3b0c44298fc1c149afbf4c8996fb92427ae41e4649b934ca495991b7852b855
runner-command	C0353	/usr/local/bin/typst eval --format json let norm = x => if type(x) == ratio { x / 100% } else { x }; let g = gradient.radial((black, 0%), (white, 7.14285714285714%), (red, 14.2857142857143%), (rgb(0, 255, 0), 21.4285714285714%), (blue, 28.5714285714286%), (rgb(0, 255, 255), 35.7142857142857%), (rgb(255, 0, 255), 42.8571428571429%), (yellow, 50%), (black, 50.0001%), (white, 57.1429428571429%), (red, 64.2857857142857%), (rgb(0, 255, 0), 71.4286285714286%), (blue, 78.5714714285714%), (rgb(0, 255, 255), 85.7143142857143%), (rgb(255, 0, 255), 92.8571571428571%), (yellow, 100%), space: color.linear-rgb, center: (50%, 50%), radius: 50%, focal-center: (93.9%, 50%), focal-radius: 6%); let ss = g.stops(); let mesh = range(8193).map(i => g.sample(i / 8192 * 100%).components().map(norm)); let dyadic = range(ss.len() - 1).map(i => { let a = ss.at(i).at(1); let b = ss.at(i + 1).at(1); range(129).map(k => g.sample(a + (b - a) * k / 128).components().map(norm)) }); let probes = (0%,).map(t => g.sample(t).components().map(norm)); (mesh, dyadic, probes)	dea858f354050f1e484e860494747e855d619f67cc85be0c7d2322a3bcd4f70f	exit=0;stderr_sha256=e3b0c44298fc1c149afbf4c8996fb92427ae41e4649b934ca495991b7852b855
runner-command	C0354	rsvg-convert --zoom 1 -o /tmp/p1268/oracle_v3/masks/S22-radial-linear-rgb.png /tmp/p1268/oracle_v3/masks/S22-radial-linear-rgb.svg	e3b0c44298fc1c149afbf4c8996fb92427ae41e4649b934ca495991b7852b855	exit=0;stderr_sha256=e3b0c44298fc1c149afbf4c8996fb92427ae41e4649b934ca495991b7852b855
runner-command	C0355	/usr/local/bin/typst compile /repos/Antigravity/typst-crystalline/lab/parity/matrix/fixtures/p1266/S23-linear-oklab.typ /tmp/p1268/oracle_v3/binaries/direct/S23-linear-oklab.svg	e3b0c44298fc1c149afbf4c8996fb92427ae41e4649b934ca495991b7852b855	exit=0;stderr_sha256=e3b0c44298fc1c149afbf4c8996fb92427ae41e4649b934ca495991b7852b855
runner-command	C0356	/usr/local/bin/typst eval --format json let norm = x => if type(x) == ratio { x / 100% } else { x }; let g = (gradient.linear((red.transparentize(99%), 0%), (rgb(46, 204, 64).transparentize(99%), 0.00335671847202175%), (blue.transparentize(99%), 0.026853747776174%), (yellow.transparentize(99%), 0.0906313987445873%), (red.transparentize(99%), 0.214829982209392%), (rgb(46, 204, 64).transparentize(99%), 0.419589809002719%), (blue.transparentize(99%), 0.725051189956698%), (yellow.transparentize(99%), 1.15135443590346%), (red.transparentize(99%), 1.71863985767514%), (rgb(46, 204, 64).transparentize(99%), 2.44704776610386%), (blue.transparentize(99%), 3.35671847202175%), (yellow.transparentize(99%), 4.46779228626095%), (red.transparentize(99%), 5.80040951965359%), (rgb(46, 204, 64).transparentize(99%), 7.37471048303179%), (blue.transparentize(99%), 9.21083548722769%), (yellow.transparentize(99%), 11.3289248430734%), (red.transparentize(99%), 13.7491188614011%), (rgb(46, 204, 64).transparentize(99%), 16.4915578530429%), (blue.transparentize(99%), 19.5763821288309%), (yellow.transparentize(99%), 23.0237319995972%), (red.transparentize(99%), 26.853747776174%), (rgb(46, 204, 64).transparentize(99%), 31.0865697693934%), (blue.transparentize(99%), 35.7423382900876%), (yellow.transparentize(99%), 40.8411936490887%), (red.transparentize(99%), 46.4032761572287%), (rgb(46, 204, 64).transparentize(99%), 52.4487261253399%), (blue.transparentize(99%), 58.9976838642543%), (yellow.transparentize(99%), 66.0702896848041%), (red.transparentize(99%), 73.6866838978215%), (rgb(46, 204, 64).transparentize(99%), 81.8670068141385%), (blue.transparentize(99%), 90.6313987445873%), (yellow.transparentize(99%), 100%), space: color.oklab, angle: -720.5deg)).repeat(2, mirror: true); (g.stops().map(s => (s.at(0).components().map(norm), s.at(1) / 100%)), repr(g.kind()), repr(g.space()), repr(g.angle()), repr(g.center()), repr(g.radius()), repr(g.focal-center()), repr(g.focal-radius()))	5ede43dba02a322031d41d9e9b50985f8b02d4f314bfec2e00b49eaa5a0107b8	exit=0;stderr_sha256=e3b0c44298fc1c149afbf4c8996fb92427ae41e4649b934ca495991b7852b855
runner-command	C0357	/usr/local/bin/typst eval --format json let norm = x => if type(x) == ratio { x / 100% } else { x }; let g = (gradient.linear((red.transparentize(99%), 0%), (rgb(46, 204, 64).transparentize(99%), 0.00335671847202175%), (blue.transparentize(99%), 0.026853747776174%), (yellow.transparentize(99%), 0.0906313987445873%), (red.transparentize(99%), 0.214829982209392%), (rgb(46, 204, 64).transparentize(99%), 0.419589809002719%), (blue.transparentize(99%), 0.725051189956698%), (yellow.transparentize(99%), 1.15135443590346%), (red.transparentize(99%), 1.71863985767514%), (rgb(46, 204, 64).transparentize(99%), 2.44704776610386%), (blue.transparentize(99%), 3.35671847202175%), (yellow.transparentize(99%), 4.46779228626095%), (red.transparentize(99%), 5.80040951965359%), (rgb(46, 204, 64).transparentize(99%), 7.37471048303179%), (blue.transparentize(99%), 9.21083548722769%), (yellow.transparentize(99%), 11.3289248430734%), (red.transparentize(99%), 13.7491188614011%), (rgb(46, 204, 64).transparentize(99%), 16.4915578530429%), (blue.transparentize(99%), 19.5763821288309%), (yellow.transparentize(99%), 23.0237319995972%), (red.transparentize(99%), 26.853747776174%), (rgb(46, 204, 64).transparentize(99%), 31.0865697693934%), (blue.transparentize(99%), 35.7423382900876%), (yellow.transparentize(99%), 40.8411936490887%), (red.transparentize(99%), 46.4032761572287%), (rgb(46, 204, 64).transparentize(99%), 52.4487261253399%), (blue.transparentize(99%), 58.9976838642543%), (yellow.transparentize(99%), 66.0702896848041%), (red.transparentize(99%), 73.6866838978215%), (rgb(46, 204, 64).transparentize(99%), 81.8670068141385%), (blue.transparentize(99%), 90.6313987445873%), (yellow.transparentize(99%), 100%), space: color.oklab, angle: -720.5deg)).repeat(2, mirror: true); let ss = g.stops(); let mesh = range(8193).map(i => g.sample(i / 8192 * 100%).components().map(norm)); let dyadic = range(ss.len() - 1).map(i => { let a = ss.at(i).at(1); let b = ss.at(i + 1).at(1); range(129).map(k => g.sample(a + (b - a) * k / 128).components().map(norm)) }); let probes = (0%,).map(t => g.sample(t).components().map(norm)); (mesh, dyadic, probes)	14c0fd5142581429e9097e5b38b80e750c830122e7be14581a583e5eb3b2a6ea	exit=0;stderr_sha256=e3b0c44298fc1c149afbf4c8996fb92427ae41e4649b934ca495991b7852b855
runner-command	C0358	rsvg-convert --zoom 1 -o /tmp/p1268/oracle_v3/masks/S23-linear-oklab.png /tmp/p1268/oracle_v3/masks/S23-linear-oklab.svg	e3b0c44298fc1c149afbf4c8996fb92427ae41e4649b934ca495991b7852b855	exit=0;stderr_sha256=e3b0c44298fc1c149afbf4c8996fb92427ae41e4649b934ca495991b7852b855
runner-command	C0359	/usr/local/bin/typst compile /repos/Antigravity/typst-crystalline/lab/parity/matrix/fixtures/p1266/S23-radial-oklab.typ /tmp/p1268/oracle_v3/binaries/direct/S23-radial-oklab.svg	e3b0c44298fc1c149afbf4c8996fb92427ae41e4649b934ca495991b7852b855	exit=0;stderr_sha256=e3b0c44298fc1c149afbf4c8996fb92427ae41e4649b934ca495991b7852b855
runner-command	C0360	/usr/local/bin/typst eval --format json let norm = x => if type(x) == ratio { x / 100% } else { x }; let g = (gradient.radial((red.transparentize(99%), 0%), (rgb(46, 204, 64).transparentize(99%), 0.00335671847202175%), (blue.transparentize(99%), 0.026853747776174%), (yellow.transparentize(99%), 0.0906313987445873%), (red.transparentize(99%), 0.214829982209392%), (rgb(46, 204, 64).transparentize(99%), 0.419589809002719%), (blue.transparentize(99%), 0.725051189956698%), (yellow.transparentize(99%), 1.15135443590346%), (red.transparentize(99%), 1.71863985767514%), (rgb(46, 204, 64).transparentize(99%), 2.44704776610386%), (blue.transparentize(99%), 3.35671847202175%), (yellow.transparentize(99%), 4.46779228626095%), (red.transparentize(99%), 5.80040951965359%), (rgb(46, 204, 64).transparentize(99%), 7.37471048303179%), (blue.transparentize(99%), 9.21083548722769%), (yellow.transparentize(99%), 11.3289248430734%), (red.transparentize(99%), 13.7491188614011%), (rgb(46, 204, 64).transparentize(99%), 16.4915578530429%), (blue.transparentize(99%), 19.5763821288309%), (yellow.transparentize(99%), 23.0237319995972%), (red.transparentize(99%), 26.853747776174%), (rgb(46, 204, 64).transparentize(99%), 31.0865697693934%), (blue.transparentize(99%), 35.7423382900876%), (yellow.transparentize(99%), 40.8411936490887%), (red.transparentize(99%), 46.4032761572287%), (rgb(46, 204, 64).transparentize(99%), 52.4487261253399%), (blue.transparentize(99%), 58.9976838642543%), (yellow.transparentize(99%), 66.0702896848041%), (red.transparentize(99%), 73.6866838978215%), (rgb(46, 204, 64).transparentize(99%), 81.8670068141385%), (blue.transparentize(99%), 90.6313987445873%), (yellow.transparentize(99%), 100%), space: color.oklab, center: (50%, 50%), radius: 0.1%, focal-center: (50%, 50%), focal-radius: 0%)).repeat(2, mirror: true); (g.stops().map(s => (s.at(0).components().map(norm), s.at(1) / 100%)), repr(g.kind()), repr(g.space()), repr(g.angle()), repr(g.center()), repr(g.radius()), repr(g.focal-center()), repr(g.focal-radius()))	0690da9c8a4d02427e5b57b9760c9a2b400262a58fbbfaeece91f3b6db88e52e	exit=0;stderr_sha256=e3b0c44298fc1c149afbf4c8996fb92427ae41e4649b934ca495991b7852b855
runner-command	C0361	/usr/local/bin/typst eval --format json let norm = x => if type(x) == ratio { x / 100% } else { x }; let g = (gradient.radial((red.transparentize(99%), 0%), (rgb(46, 204, 64).transparentize(99%), 0.00335671847202175%), (blue.transparentize(99%), 0.026853747776174%), (yellow.transparentize(99%), 0.0906313987445873%), (red.transparentize(99%), 0.214829982209392%), (rgb(46, 204, 64).transparentize(99%), 0.419589809002719%), (blue.transparentize(99%), 0.725051189956698%), (yellow.transparentize(99%), 1.15135443590346%), (red.transparentize(99%), 1.71863985767514%), (rgb(46, 204, 64).transparentize(99%), 2.44704776610386%), (blue.transparentize(99%), 3.35671847202175%), (yellow.transparentize(99%), 4.46779228626095%), (red.transparentize(99%), 5.80040951965359%), (rgb(46, 204, 64).transparentize(99%), 7.37471048303179%), (blue.transparentize(99%), 9.21083548722769%), (yellow.transparentize(99%), 11.3289248430734%), (red.transparentize(99%), 13.7491188614011%), (rgb(46, 204, 64).transparentize(99%), 16.4915578530429%), (blue.transparentize(99%), 19.5763821288309%), (yellow.transparentize(99%), 23.0237319995972%), (red.transparentize(99%), 26.853747776174%), (rgb(46, 204, 64).transparentize(99%), 31.0865697693934%), (blue.transparentize(99%), 35.7423382900876%), (yellow.transparentize(99%), 40.8411936490887%), (red.transparentize(99%), 46.4032761572287%), (rgb(46, 204, 64).transparentize(99%), 52.4487261253399%), (blue.transparentize(99%), 58.9976838642543%), (yellow.transparentize(99%), 66.0702896848041%), (red.transparentize(99%), 73.6866838978215%), (rgb(46, 204, 64).transparentize(99%), 81.8670068141385%), (blue.transparentize(99%), 90.6313987445873%), (yellow.transparentize(99%), 100%), space: color.oklab, center: (50%, 50%), radius: 0.1%, focal-center: (50%, 50%), focal-radius: 0%)).repeat(2, mirror: true); let ss = g.stops(); let mesh = range(8193).map(i => g.sample(i / 8192 * 100%).components().map(norm)); let dyadic = range(ss.len() - 1).map(i => { let a = ss.at(i).at(1); let b = ss.at(i + 1).at(1); range(129).map(k => g.sample(a + (b - a) * k / 128).components().map(norm)) }); let probes = (0%,).map(t => g.sample(t).components().map(norm)); (mesh, dyadic, probes)	14c0fd5142581429e9097e5b38b80e750c830122e7be14581a583e5eb3b2a6ea	exit=0;stderr_sha256=e3b0c44298fc1c149afbf4c8996fb92427ae41e4649b934ca495991b7852b855
runner-command	C0362	rsvg-convert --zoom 1 -o /tmp/p1268/oracle_v3/masks/S23-radial-oklab.png /tmp/p1268/oracle_v3/masks/S23-radial-oklab.svg	e3b0c44298fc1c149afbf4c8996fb92427ae41e4649b934ca495991b7852b855	exit=0;stderr_sha256=e3b0c44298fc1c149afbf4c8996fb92427ae41e4649b934ca495991b7852b855
runner-command	C0363	/usr/local/bin/typst compile /repos/Antigravity/typst-crystalline/lab/parity/matrix/fixtures/p1266/S23-linear-linear-rgb.typ /tmp/p1268/oracle_v3/binaries/direct/S23-linear-linear-rgb.svg	e3b0c44298fc1c149afbf4c8996fb92427ae41e4649b934ca495991b7852b855	exit=0;stderr_sha256=e3b0c44298fc1c149afbf4c8996fb92427ae41e4649b934ca495991b7852b855
runner-command	C0364	/usr/local/bin/typst eval --format json let norm = x => if type(x) == ratio { x / 100% } else { x }; let g = (gradient.linear((red.transparentize(99%), 0%), (rgb(46, 204, 64).transparentize(99%), 0.00335671847202175%), (blue.transparentize(99%), 0.026853747776174%), (yellow.transparentize(99%), 0.0906313987445873%), (red.transparentize(99%), 0.214829982209392%), (rgb(46, 204, 64).transparentize(99%), 0.419589809002719%), (blue.transparentize(99%), 0.725051189956698%), (yellow.transparentize(99%), 1.15135443590346%), (red.transparentize(99%), 1.71863985767514%), (rgb(46, 204, 64).transparentize(99%), 2.44704776610386%), (blue.transparentize(99%), 3.35671847202175%), (yellow.transparentize(99%), 4.46779228626095%), (red.transparentize(99%), 5.80040951965359%), (rgb(46, 204, 64).transparentize(99%), 7.37471048303179%), (blue.transparentize(99%), 9.21083548722769%), (yellow.transparentize(99%), 11.3289248430734%), (red.transparentize(99%), 13.7491188614011%), (rgb(46, 204, 64).transparentize(99%), 16.4915578530429%), (blue.transparentize(99%), 19.5763821288309%), (yellow.transparentize(99%), 23.0237319995972%), (red.transparentize(99%), 26.853747776174%), (rgb(46, 204, 64).transparentize(99%), 31.0865697693934%), (blue.transparentize(99%), 35.7423382900876%), (yellow.transparentize(99%), 40.8411936490887%), (red.transparentize(99%), 46.4032761572287%), (rgb(46, 204, 64).transparentize(99%), 52.4487261253399%), (blue.transparentize(99%), 58.9976838642543%), (yellow.transparentize(99%), 66.0702896848041%), (red.transparentize(99%), 73.6866838978215%), (rgb(46, 204, 64).transparentize(99%), 81.8670068141385%), (blue.transparentize(99%), 90.6313987445873%), (yellow.transparentize(99%), 100%), space: color.linear-rgb, angle: -720.5deg)).repeat(2, mirror: true); (g.stops().map(s => (s.at(0).components().map(norm), s.at(1) / 100%)), repr(g.kind()), repr(g.space()), repr(g.angle()), repr(g.center()), repr(g.radius()), repr(g.focal-center()), repr(g.focal-radius()))	d30453f63cd215e6fe5a204fc5e7025801b6ee80d6ad50535b6ac8e0ab759ef0	exit=0;stderr_sha256=e3b0c44298fc1c149afbf4c8996fb92427ae41e4649b934ca495991b7852b855
runner-command	C0365	/usr/local/bin/typst eval --format json let norm = x => if type(x) == ratio { x / 100% } else { x }; let g = (gradient.linear((red.transparentize(99%), 0%), (rgb(46, 204, 64).transparentize(99%), 0.00335671847202175%), (blue.transparentize(99%), 0.026853747776174%), (yellow.transparentize(99%), 0.0906313987445873%), (red.transparentize(99%), 0.214829982209392%), (rgb(46, 204, 64).transparentize(99%), 0.419589809002719%), (blue.transparentize(99%), 0.725051189956698%), (yellow.transparentize(99%), 1.15135443590346%), (red.transparentize(99%), 1.71863985767514%), (rgb(46, 204, 64).transparentize(99%), 2.44704776610386%), (blue.transparentize(99%), 3.35671847202175%), (yellow.transparentize(99%), 4.46779228626095%), (red.transparentize(99%), 5.80040951965359%), (rgb(46, 204, 64).transparentize(99%), 7.37471048303179%), (blue.transparentize(99%), 9.21083548722769%), (yellow.transparentize(99%), 11.3289248430734%), (red.transparentize(99%), 13.7491188614011%), (rgb(46, 204, 64).transparentize(99%), 16.4915578530429%), (blue.transparentize(99%), 19.5763821288309%), (yellow.transparentize(99%), 23.0237319995972%), (red.transparentize(99%), 26.853747776174%), (rgb(46, 204, 64).transparentize(99%), 31.0865697693934%), (blue.transparentize(99%), 35.7423382900876%), (yellow.transparentize(99%), 40.8411936490887%), (red.transparentize(99%), 46.4032761572287%), (rgb(46, 204, 64).transparentize(99%), 52.4487261253399%), (blue.transparentize(99%), 58.9976838642543%), (yellow.transparentize(99%), 66.0702896848041%), (red.transparentize(99%), 73.6866838978215%), (rgb(46, 204, 64).transparentize(99%), 81.8670068141385%), (blue.transparentize(99%), 90.6313987445873%), (yellow.transparentize(99%), 100%), space: color.linear-rgb, angle: -720.5deg)).repeat(2, mirror: true); let ss = g.stops(); let mesh = range(8193).map(i => g.sample(i / 8192 * 100%).components().map(norm)); let dyadic = range(ss.len() - 1).map(i => { let a = ss.at(i).at(1); let b = ss.at(i + 1).at(1); range(129).map(k => g.sample(a + (b - a) * k / 128).components().map(norm)) }); let probes = (0%,).map(t => g.sample(t).components().map(norm)); (mesh, dyadic, probes)	3fb585a3fbfb19fd7c57e36d4aab29648b8392ddaa1544242c78e9e5a1dd2e98	exit=0;stderr_sha256=e3b0c44298fc1c149afbf4c8996fb92427ae41e4649b934ca495991b7852b855
runner-command	C0366	rsvg-convert --zoom 1 -o /tmp/p1268/oracle_v3/masks/S23-linear-linear-rgb.png /tmp/p1268/oracle_v3/masks/S23-linear-linear-rgb.svg	e3b0c44298fc1c149afbf4c8996fb92427ae41e4649b934ca495991b7852b855	exit=0;stderr_sha256=e3b0c44298fc1c149afbf4c8996fb92427ae41e4649b934ca495991b7852b855
runner-command	C0367	/usr/local/bin/typst compile /repos/Antigravity/typst-crystalline/lab/parity/matrix/fixtures/p1266/S23-radial-linear-rgb.typ /tmp/p1268/oracle_v3/binaries/direct/S23-radial-linear-rgb.svg	e3b0c44298fc1c149afbf4c8996fb92427ae41e4649b934ca495991b7852b855	exit=0;stderr_sha256=e3b0c44298fc1c149afbf4c8996fb92427ae41e4649b934ca495991b7852b855
runner-command	C0368	/usr/local/bin/typst eval --format json let norm = x => if type(x) == ratio { x / 100% } else { x }; let g = (gradient.radial((red.transparentize(99%), 0%), (rgb(46, 204, 64).transparentize(99%), 0.00335671847202175%), (blue.transparentize(99%), 0.026853747776174%), (yellow.transparentize(99%), 0.0906313987445873%), (red.transparentize(99%), 0.214829982209392%), (rgb(46, 204, 64).transparentize(99%), 0.419589809002719%), (blue.transparentize(99%), 0.725051189956698%), (yellow.transparentize(99%), 1.15135443590346%), (red.transparentize(99%), 1.71863985767514%), (rgb(46, 204, 64).transparentize(99%), 2.44704776610386%), (blue.transparentize(99%), 3.35671847202175%), (yellow.transparentize(99%), 4.46779228626095%), (red.transparentize(99%), 5.80040951965359%), (rgb(46, 204, 64).transparentize(99%), 7.37471048303179%), (blue.transparentize(99%), 9.21083548722769%), (yellow.transparentize(99%), 11.3289248430734%), (red.transparentize(99%), 13.7491188614011%), (rgb(46, 204, 64).transparentize(99%), 16.4915578530429%), (blue.transparentize(99%), 19.5763821288309%), (yellow.transparentize(99%), 23.0237319995972%), (red.transparentize(99%), 26.853747776174%), (rgb(46, 204, 64).transparentize(99%), 31.0865697693934%), (blue.transparentize(99%), 35.7423382900876%), (yellow.transparentize(99%), 40.8411936490887%), (red.transparentize(99%), 46.4032761572287%), (rgb(46, 204, 64).transparentize(99%), 52.4487261253399%), (blue.transparentize(99%), 58.9976838642543%), (yellow.transparentize(99%), 66.0702896848041%), (red.transparentize(99%), 73.6866838978215%), (rgb(46, 204, 64).transparentize(99%), 81.8670068141385%), (blue.transparentize(99%), 90.6313987445873%), (yellow.transparentize(99%), 100%), space: color.linear-rgb, center: (50%, 50%), radius: 0.1%, focal-center: (50%, 50%), focal-radius: 0%)).repeat(2, mirror: true); (g.stops().map(s => (s.at(0).components().map(norm), s.at(1) / 100%)), repr(g.kind()), repr(g.space()), repr(g.angle()), repr(g.center()), repr(g.radius()), repr(g.focal-center()), repr(g.focal-radius()))	0130c6cbaccbbcf603ef5487d383b6f153c136824f9bc1d31d751d80a19094df	exit=0;stderr_sha256=e3b0c44298fc1c149afbf4c8996fb92427ae41e4649b934ca495991b7852b855
runner-command	C0369	/usr/local/bin/typst eval --format json let norm = x => if type(x) == ratio { x / 100% } else { x }; let g = (gradient.radial((red.transparentize(99%), 0%), (rgb(46, 204, 64).transparentize(99%), 0.00335671847202175%), (blue.transparentize(99%), 0.026853747776174%), (yellow.transparentize(99%), 0.0906313987445873%), (red.transparentize(99%), 0.214829982209392%), (rgb(46, 204, 64).transparentize(99%), 0.419589809002719%), (blue.transparentize(99%), 0.725051189956698%), (yellow.transparentize(99%), 1.15135443590346%), (red.transparentize(99%), 1.71863985767514%), (rgb(46, 204, 64).transparentize(99%), 2.44704776610386%), (blue.transparentize(99%), 3.35671847202175%), (yellow.transparentize(99%), 4.46779228626095%), (red.transparentize(99%), 5.80040951965359%), (rgb(46, 204, 64).transparentize(99%), 7.37471048303179%), (blue.transparentize(99%), 9.21083548722769%), (yellow.transparentize(99%), 11.3289248430734%), (red.transparentize(99%), 13.7491188614011%), (rgb(46, 204, 64).transparentize(99%), 16.4915578530429%), (blue.transparentize(99%), 19.5763821288309%), (yellow.transparentize(99%), 23.0237319995972%), (red.transparentize(99%), 26.853747776174%), (rgb(46, 204, 64).transparentize(99%), 31.0865697693934%), (blue.transparentize(99%), 35.7423382900876%), (yellow.transparentize(99%), 40.8411936490887%), (red.transparentize(99%), 46.4032761572287%), (rgb(46, 204, 64).transparentize(99%), 52.4487261253399%), (blue.transparentize(99%), 58.9976838642543%), (yellow.transparentize(99%), 66.0702896848041%), (red.transparentize(99%), 73.6866838978215%), (rgb(46, 204, 64).transparentize(99%), 81.8670068141385%), (blue.transparentize(99%), 90.6313987445873%), (yellow.transparentize(99%), 100%), space: color.linear-rgb, center: (50%, 50%), radius: 0.1%, focal-center: (50%, 50%), focal-radius: 0%)).repeat(2, mirror: true); let ss = g.stops(); let mesh = range(8193).map(i => g.sample(i / 8192 * 100%).components().map(norm)); let dyadic = range(ss.len() - 1).map(i => { let a = ss.at(i).at(1); let b = ss.at(i + 1).at(1); range(129).map(k => g.sample(a + (b - a) * k / 128).components().map(norm)) }); let probes = (0%,).map(t => g.sample(t).components().map(norm)); (mesh, dyadic, probes)	3fb585a3fbfb19fd7c57e36d4aab29648b8392ddaa1544242c78e9e5a1dd2e98	exit=0;stderr_sha256=e3b0c44298fc1c149afbf4c8996fb92427ae41e4649b934ca495991b7852b855
runner-command	C0370	rsvg-convert --zoom 1 -o /tmp/p1268/oracle_v3/masks/S23-radial-linear-rgb.png /tmp/p1268/oracle_v3/masks/S23-radial-linear-rgb.svg	e3b0c44298fc1c149afbf4c8996fb92427ae41e4649b934ca495991b7852b855	exit=0;stderr_sha256=e3b0c44298fc1c149afbf4c8996fb92427ae41e4649b934ca495991b7852b855
runner-command	C0371	/usr/local/bin/typst compile /repos/Antigravity/typst-crystalline/lab/parity/matrix/fixtures/p1266/S24-linear-oklab.typ /tmp/p1268/oracle_v3/binaries/direct/S24-linear-oklab.svg	e3b0c44298fc1c149afbf4c8996fb92427ae41e4649b934ca495991b7852b855	exit=0;stderr_sha256=e3b0c44298fc1c149afbf4c8996fb92427ae41e4649b934ca495991b7852b855
runner-command	C0372	/usr/local/bin/typst eval --format json let norm = x => if type(x) == ratio { x / 100% } else { x }; let g = (gradient.linear((rgb(38, 70, 83).transparentize(20%), 0%), (rgb(42, 157, 143).transparentize(60%), 37.0262390670554%), (rgb(233, 196, 106).transparentize(35%), 63.5568513119533%), (rgb(244, 162, 97).transparentize(80%), 81.3411078717201%), (rgb(38, 70, 83).transparentize(20%), 92.1282798833819%), (rgb(42, 157, 143).transparentize(60%), 97.667638483965%), (rgb(233, 196, 106).transparentize(35%), 99.7084548104956%), (rgb(244, 162, 97).transparentize(80%), 100%), space: color.oklab, angle: 1080deg)).sharp(8).repeat(2, mirror: true); (g.stops().map(s => (s.at(0).components().map(norm), s.at(1) / 100%)), repr(g.kind()), repr(g.space()), repr(g.angle()), repr(g.center()), repr(g.radius()), repr(g.focal-center()), repr(g.focal-radius()))	7845d2048d802332e192122d83d4892c6b7cbc1b28bfd30187d49e245e56aebf	exit=0;stderr_sha256=e3b0c44298fc1c149afbf4c8996fb92427ae41e4649b934ca495991b7852b855
runner-command	C0373	/usr/local/bin/typst eval --format json let norm = x => if type(x) == ratio { x / 100% } else { x }; let g = (gradient.linear((rgb(38, 70, 83).transparentize(20%), 0%), (rgb(42, 157, 143).transparentize(60%), 37.0262390670554%), (rgb(233, 196, 106).transparentize(35%), 63.5568513119533%), (rgb(244, 162, 97).transparentize(80%), 81.3411078717201%), (rgb(38, 70, 83).transparentize(20%), 92.1282798833819%), (rgb(42, 157, 143).transparentize(60%), 97.667638483965%), (rgb(233, 196, 106).transparentize(35%), 99.7084548104956%), (rgb(244, 162, 97).transparentize(80%), 100%), space: color.oklab, angle: 1080deg)).sharp(8).repeat(2, mirror: true); let ss = g.stops(); let mesh = range(8193).map(i => g.sample(i / 8192 * 100%).components().map(norm)); let dyadic = range(ss.len() - 1).map(i => { let a = ss.at(i).at(1); let b = ss.at(i + 1).at(1); range(129).map(k => g.sample(a + (b - a) * k / 128).components().map(norm)) }); let probes = (6.25%,6.2500059604644775%,12.5%,12.500005960464478%,18.75%,18.750005960464478%,25%,25.000005960464478%,31.25%,31.250005960464478%,37.5%,37.500005960464478%,43.75%,43.750005960464478%,56.25%,56.250005960464478%,62.5%,62.500005960464478%,68.75%,68.750005960464478%,75%,75.000005960464478%,81.25%,81.250005960464478%,87.5%,87.500005960464478%,93.75%,93.750005960464478%,).map(t => g.sample(t).components().map(norm)); (mesh, dyadic, probes)	9f186966a6fccb082a2518bb9f17e74a4659323a84270510fd747f5021a7f585	exit=0;stderr_sha256=e3b0c44298fc1c149afbf4c8996fb92427ae41e4649b934ca495991b7852b855
runner-command	C0374	rsvg-convert --zoom 1 -o /tmp/p1268/oracle_v3/masks/S24-linear-oklab.png /tmp/p1268/oracle_v3/masks/S24-linear-oklab.svg	e3b0c44298fc1c149afbf4c8996fb92427ae41e4649b934ca495991b7852b855	exit=0;stderr_sha256=e3b0c44298fc1c149afbf4c8996fb92427ae41e4649b934ca495991b7852b855
runner-command	C0375	/usr/local/bin/typst compile /repos/Antigravity/typst-crystalline/lab/parity/matrix/fixtures/p1266/S24-radial-oklab.typ /tmp/p1268/oracle_v3/binaries/direct/S24-radial-oklab.svg	e3b0c44298fc1c149afbf4c8996fb92427ae41e4649b934ca495991b7852b855	exit=0;stderr_sha256=e3b0c44298fc1c149afbf4c8996fb92427ae41e4649b934ca495991b7852b855
runner-command	C0376	/usr/local/bin/typst eval --format json let norm = x => if type(x) == ratio { x / 100% } else { x }; let g = (gradient.radial((rgb(38, 70, 83).transparentize(20%), 0%), (rgb(42, 157, 143).transparentize(60%), 37.0262390670554%), (rgb(233, 196, 106).transparentize(35%), 63.5568513119533%), (rgb(244, 162, 97).transparentize(80%), 81.3411078717201%), (rgb(38, 70, 83).transparentize(20%), 92.1282798833819%), (rgb(42, 157, 143).transparentize(60%), 97.667638483965%), (rgb(233, 196, 106).transparentize(35%), 99.7084548104956%), (rgb(244, 162, 97).transparentize(80%), 100%), space: color.oklab, center: (120%, -20%), radius: 100%, focal-center: (120%, -20%), focal-radius: 0%)).sharp(8).repeat(2, mirror: true); (g.stops().map(s => (s.at(0).components().map(norm), s.at(1) / 100%)), repr(g.kind()), repr(g.space()), repr(g.angle()), repr(g.center()), repr(g.radius()), repr(g.focal-center()), repr(g.focal-radius()))	bdea1b55b67ccba991a32fb871f463aabe643414ef1b25750d9aa64e2b62a55a	exit=0;stderr_sha256=e3b0c44298fc1c149afbf4c8996fb92427ae41e4649b934ca495991b7852b855
runner-command	C0377	/usr/local/bin/typst eval --format json let norm = x => if type(x) == ratio { x / 100% } else { x }; let g = (gradient.radial((rgb(38, 70, 83).transparentize(20%), 0%), (rgb(42, 157, 143).transparentize(60%), 37.0262390670554%), (rgb(233, 196, 106).transparentize(35%), 63.5568513119533%), (rgb(244, 162, 97).transparentize(80%), 81.3411078717201%), (rgb(38, 70, 83).transparentize(20%), 92.1282798833819%), (rgb(42, 157, 143).transparentize(60%), 97.667638483965%), (rgb(233, 196, 106).transparentize(35%), 99.7084548104956%), (rgb(244, 162, 97).transparentize(80%), 100%), space: color.oklab, center: (120%, -20%), radius: 100%, focal-center: (120%, -20%), focal-radius: 0%)).sharp(8).repeat(2, mirror: true); let ss = g.stops(); let mesh = range(8193).map(i => g.sample(i / 8192 * 100%).components().map(norm)); let dyadic = range(ss.len() - 1).map(i => { let a = ss.at(i).at(1); let b = ss.at(i + 1).at(1); range(129).map(k => g.sample(a + (b - a) * k / 128).components().map(norm)) }); let probes = (6.25%,6.2500059604644775%,12.5%,12.500005960464478%,18.75%,18.750005960464478%,25%,25.000005960464478%,31.25%,31.250005960464478%,37.5%,37.500005960464478%,43.75%,43.750005960464478%,56.25%,56.250005960464478%,62.5%,62.500005960464478%,68.75%,68.750005960464478%,75%,75.000005960464478%,81.25%,81.250005960464478%,87.5%,87.500005960464478%,93.75%,93.750005960464478%,).map(t => g.sample(t).components().map(norm)); (mesh, dyadic, probes)	9f186966a6fccb082a2518bb9f17e74a4659323a84270510fd747f5021a7f585	exit=0;stderr_sha256=e3b0c44298fc1c149afbf4c8996fb92427ae41e4649b934ca495991b7852b855
runner-command	C0378	rsvg-convert --zoom 1 -o /tmp/p1268/oracle_v3/masks/S24-radial-oklab.png /tmp/p1268/oracle_v3/masks/S24-radial-oklab.svg	e3b0c44298fc1c149afbf4c8996fb92427ae41e4649b934ca495991b7852b855	exit=0;stderr_sha256=e3b0c44298fc1c149afbf4c8996fb92427ae41e4649b934ca495991b7852b855
runner-command	C0379	/usr/local/bin/typst compile /repos/Antigravity/typst-crystalline/lab/parity/matrix/fixtures/p1266/S24-linear-linear-rgb.typ /tmp/p1268/oracle_v3/binaries/direct/S24-linear-linear-rgb.svg	e3b0c44298fc1c149afbf4c8996fb92427ae41e4649b934ca495991b7852b855	exit=0;stderr_sha256=e3b0c44298fc1c149afbf4c8996fb92427ae41e4649b934ca495991b7852b855
runner-command	C0380	/usr/local/bin/typst eval --format json let norm = x => if type(x) == ratio { x / 100% } else { x }; let g = (gradient.linear((rgb(38, 70, 83).transparentize(20%), 0%), (rgb(42, 157, 143).transparentize(60%), 37.0262390670554%), (rgb(233, 196, 106).transparentize(35%), 63.5568513119533%), (rgb(244, 162, 97).transparentize(80%), 81.3411078717201%), (rgb(38, 70, 83).transparentize(20%), 92.1282798833819%), (rgb(42, 157, 143).transparentize(60%), 97.667638483965%), (rgb(233, 196, 106).transparentize(35%), 99.7084548104956%), (rgb(244, 162, 97).transparentize(80%), 100%), space: color.linear-rgb, angle: 1080deg)).sharp(8).repeat(2, mirror: true); (g.stops().map(s => (s.at(0).components().map(norm), s.at(1) / 100%)), repr(g.kind()), repr(g.space()), repr(g.angle()), repr(g.center()), repr(g.radius()), repr(g.focal-center()), repr(g.focal-radius()))	9662c3802d6dbe9812d542dd2a3817de4b9811cd772f5159a4429a9e49a461b9	exit=0;stderr_sha256=e3b0c44298fc1c149afbf4c8996fb92427ae41e4649b934ca495991b7852b855
runner-command	C0381	/usr/local/bin/typst eval --format json let norm = x => if type(x) == ratio { x / 100% } else { x }; let g = (gradient.linear((rgb(38, 70, 83).transparentize(20%), 0%), (rgb(42, 157, 143).transparentize(60%), 37.0262390670554%), (rgb(233, 196, 106).transparentize(35%), 63.5568513119533%), (rgb(244, 162, 97).transparentize(80%), 81.3411078717201%), (rgb(38, 70, 83).transparentize(20%), 92.1282798833819%), (rgb(42, 157, 143).transparentize(60%), 97.667638483965%), (rgb(233, 196, 106).transparentize(35%), 99.7084548104956%), (rgb(244, 162, 97).transparentize(80%), 100%), space: color.linear-rgb, angle: 1080deg)).sharp(8).repeat(2, mirror: true); let ss = g.stops(); let mesh = range(8193).map(i => g.sample(i / 8192 * 100%).components().map(norm)); let dyadic = range(ss.len() - 1).map(i => { let a = ss.at(i).at(1); let b = ss.at(i + 1).at(1); range(129).map(k => g.sample(a + (b - a) * k / 128).components().map(norm)) }); let probes = (6.25%,6.2500059604644775%,12.5%,12.500005960464478%,18.75%,18.750005960464478%,25%,25.000005960464478%,31.25%,31.250005960464478%,37.5%,37.500005960464478%,43.75%,43.750005960464478%,56.25%,56.250005960464478%,62.5%,62.500005960464478%,68.75%,68.750005960464478%,75%,75.000005960464478%,81.25%,81.250005960464478%,87.5%,87.500005960464478%,93.75%,93.750005960464478%,).map(t => g.sample(t).components().map(norm)); (mesh, dyadic, probes)	f74b739804dac16f0328894fd6f2e75204f31f8c46b2396cd517f86003feb880	exit=0;stderr_sha256=e3b0c44298fc1c149afbf4c8996fb92427ae41e4649b934ca495991b7852b855
runner-command	C0382	rsvg-convert --zoom 1 -o /tmp/p1268/oracle_v3/masks/S24-linear-linear-rgb.png /tmp/p1268/oracle_v3/masks/S24-linear-linear-rgb.svg	e3b0c44298fc1c149afbf4c8996fb92427ae41e4649b934ca495991b7852b855	exit=0;stderr_sha256=e3b0c44298fc1c149afbf4c8996fb92427ae41e4649b934ca495991b7852b855
runner-command	C0383	/usr/local/bin/typst compile /repos/Antigravity/typst-crystalline/lab/parity/matrix/fixtures/p1266/S24-radial-linear-rgb.typ /tmp/p1268/oracle_v3/binaries/direct/S24-radial-linear-rgb.svg	e3b0c44298fc1c149afbf4c8996fb92427ae41e4649b934ca495991b7852b855	exit=0;stderr_sha256=e3b0c44298fc1c149afbf4c8996fb92427ae41e4649b934ca495991b7852b855
runner-command	C0384	/usr/local/bin/typst eval --format json let norm = x => if type(x) == ratio { x / 100% } else { x }; let g = (gradient.radial((rgb(38, 70, 83).transparentize(20%), 0%), (rgb(42, 157, 143).transparentize(60%), 37.0262390670554%), (rgb(233, 196, 106).transparentize(35%), 63.5568513119533%), (rgb(244, 162, 97).transparentize(80%), 81.3411078717201%), (rgb(38, 70, 83).transparentize(20%), 92.1282798833819%), (rgb(42, 157, 143).transparentize(60%), 97.667638483965%), (rgb(233, 196, 106).transparentize(35%), 99.7084548104956%), (rgb(244, 162, 97).transparentize(80%), 100%), space: color.linear-rgb, center: (120%, -20%), radius: 100%, focal-center: (120%, -20%), focal-radius: 0%)).sharp(8).repeat(2, mirror: true); (g.stops().map(s => (s.at(0).components().map(norm), s.at(1) / 100%)), repr(g.kind()), repr(g.space()), repr(g.angle()), repr(g.center()), repr(g.radius()), repr(g.focal-center()), repr(g.focal-radius()))	c60398bc404d485b374d4961d46649c33de7f88088347dd3b610ca0870ca768a	exit=0;stderr_sha256=e3b0c44298fc1c149afbf4c8996fb92427ae41e4649b934ca495991b7852b855
runner-command	C0385	/usr/local/bin/typst eval --format json let norm = x => if type(x) == ratio { x / 100% } else { x }; let g = (gradient.radial((rgb(38, 70, 83).transparentize(20%), 0%), (rgb(42, 157, 143).transparentize(60%), 37.0262390670554%), (rgb(233, 196, 106).transparentize(35%), 63.5568513119533%), (rgb(244, 162, 97).transparentize(80%), 81.3411078717201%), (rgb(38, 70, 83).transparentize(20%), 92.1282798833819%), (rgb(42, 157, 143).transparentize(60%), 97.667638483965%), (rgb(233, 196, 106).transparentize(35%), 99.7084548104956%), (rgb(244, 162, 97).transparentize(80%), 100%), space: color.linear-rgb, center: (120%, -20%), radius: 100%, focal-center: (120%, -20%), focal-radius: 0%)).sharp(8).repeat(2, mirror: true); let ss = g.stops(); let mesh = range(8193).map(i => g.sample(i / 8192 * 100%).components().map(norm)); let dyadic = range(ss.len() - 1).map(i => { let a = ss.at(i).at(1); let b = ss.at(i + 1).at(1); range(129).map(k => g.sample(a + (b - a) * k / 128).components().map(norm)) }); let probes = (6.25%,6.2500059604644775%,12.5%,12.500005960464478%,18.75%,18.750005960464478%,25%,25.000005960464478%,31.25%,31.250005960464478%,37.5%,37.500005960464478%,43.75%,43.750005960464478%,56.25%,56.250005960464478%,62.5%,62.500005960464478%,68.75%,68.750005960464478%,75%,75.000005960464478%,81.25%,81.250005960464478%,87.5%,87.500005960464478%,93.75%,93.750005960464478%,).map(t => g.sample(t).components().map(norm)); (mesh, dyadic, probes)	f74b739804dac16f0328894fd6f2e75204f31f8c46b2396cd517f86003feb880	exit=0;stderr_sha256=e3b0c44298fc1c149afbf4c8996fb92427ae41e4649b934ca495991b7852b855
runner-command	C0386	rsvg-convert --zoom 1 -o /tmp/p1268/oracle_v3/masks/S24-radial-linear-rgb.png /tmp/p1268/oracle_v3/masks/S24-radial-linear-rgb.svg	e3b0c44298fc1c149afbf4c8996fb92427ae41e4649b934ca495991b7852b855	exit=0;stderr_sha256=e3b0c44298fc1c149afbf4c8996fb92427ae41e4649b934ca495991b7852b855
runner-command	C0387	/usr/local/bin/typst compile /repos/Antigravity/typst-crystalline/lab/parity/matrix/fixtures/p1266/S24-radial-linear-rgb.typ /tmp/p1268/oracle_v3/binaries/inverse/S24-radial-linear-rgb.svg	e3b0c44298fc1c149afbf4c8996fb92427ae41e4649b934ca495991b7852b855	exit=0;stderr_sha256=e3b0c44298fc1c149afbf4c8996fb92427ae41e4649b934ca495991b7852b855
runner-command	C0388	/usr/local/bin/typst eval --format json let norm = x => if type(x) == ratio { x / 100% } else { x }; let g = (gradient.radial((rgb(38, 70, 83).transparentize(20%), 0%), (rgb(42, 157, 143).transparentize(60%), 37.0262390670554%), (rgb(233, 196, 106).transparentize(35%), 63.5568513119533%), (rgb(244, 162, 97).transparentize(80%), 81.3411078717201%), (rgb(38, 70, 83).transparentize(20%), 92.1282798833819%), (rgb(42, 157, 143).transparentize(60%), 97.667638483965%), (rgb(233, 196, 106).transparentize(35%), 99.7084548104956%), (rgb(244, 162, 97).transparentize(80%), 100%), space: color.linear-rgb, center: (120%, -20%), radius: 100%, focal-center: (120%, -20%), focal-radius: 0%)).sharp(8).repeat(2, mirror: true); (g.stops().map(s => (s.at(0).components().map(norm), s.at(1) / 100%)), repr(g.kind()), repr(g.space()), repr(g.angle()), repr(g.center()), repr(g.radius()), repr(g.focal-center()), repr(g.focal-radius()))	c60398bc404d485b374d4961d46649c33de7f88088347dd3b610ca0870ca768a	exit=0;stderr_sha256=e3b0c44298fc1c149afbf4c8996fb92427ae41e4649b934ca495991b7852b855
runner-command	C0389	/usr/local/bin/typst compile /repos/Antigravity/typst-crystalline/lab/parity/matrix/fixtures/p1266/S24-linear-linear-rgb.typ /tmp/p1268/oracle_v3/binaries/inverse/S24-linear-linear-rgb.svg	e3b0c44298fc1c149afbf4c8996fb92427ae41e4649b934ca495991b7852b855	exit=0;stderr_sha256=e3b0c44298fc1c149afbf4c8996fb92427ae41e4649b934ca495991b7852b855
runner-command	C0390	/usr/local/bin/typst eval --format json let norm = x => if type(x) == ratio { x / 100% } else { x }; let g = (gradient.linear((rgb(38, 70, 83).transparentize(20%), 0%), (rgb(42, 157, 143).transparentize(60%), 37.0262390670554%), (rgb(233, 196, 106).transparentize(35%), 63.5568513119533%), (rgb(244, 162, 97).transparentize(80%), 81.3411078717201%), (rgb(38, 70, 83).transparentize(20%), 92.1282798833819%), (rgb(42, 157, 143).transparentize(60%), 97.667638483965%), (rgb(233, 196, 106).transparentize(35%), 99.7084548104956%), (rgb(244, 162, 97).transparentize(80%), 100%), space: color.linear-rgb, angle: 1080deg)).sharp(8).repeat(2, mirror: true); (g.stops().map(s => (s.at(0).components().map(norm), s.at(1) / 100%)), repr(g.kind()), repr(g.space()), repr(g.angle()), repr(g.center()), repr(g.radius()), repr(g.focal-center()), repr(g.focal-radius()))	9662c3802d6dbe9812d542dd2a3817de4b9811cd772f5159a4429a9e49a461b9	exit=0;stderr_sha256=e3b0c44298fc1c149afbf4c8996fb92427ae41e4649b934ca495991b7852b855
runner-command	C0391	/usr/local/bin/typst compile /repos/Antigravity/typst-crystalline/lab/parity/matrix/fixtures/p1266/S24-radial-oklab.typ /tmp/p1268/oracle_v3/binaries/inverse/S24-radial-oklab.svg	e3b0c44298fc1c149afbf4c8996fb92427ae41e4649b934ca495991b7852b855	exit=0;stderr_sha256=e3b0c44298fc1c149afbf4c8996fb92427ae41e4649b934ca495991b7852b855
runner-command	C0392	/usr/local/bin/typst eval --format json let norm = x => if type(x) == ratio { x / 100% } else { x }; let g = (gradient.radial((rgb(38, 70, 83).transparentize(20%), 0%), (rgb(42, 157, 143).transparentize(60%), 37.0262390670554%), (rgb(233, 196, 106).transparentize(35%), 63.5568513119533%), (rgb(244, 162, 97).transparentize(80%), 81.3411078717201%), (rgb(38, 70, 83).transparentize(20%), 92.1282798833819%), (rgb(42, 157, 143).transparentize(60%), 97.667638483965%), (rgb(233, 196, 106).transparentize(35%), 99.7084548104956%), (rgb(244, 162, 97).transparentize(80%), 100%), space: color.oklab, center: (120%, -20%), radius: 100%, focal-center: (120%, -20%), focal-radius: 0%)).sharp(8).repeat(2, mirror: true); (g.stops().map(s => (s.at(0).components().map(norm), s.at(1) / 100%)), repr(g.kind()), repr(g.space()), repr(g.angle()), repr(g.center()), repr(g.radius()), repr(g.focal-center()), repr(g.focal-radius()))	bdea1b55b67ccba991a32fb871f463aabe643414ef1b25750d9aa64e2b62a55a	exit=0;stderr_sha256=e3b0c44298fc1c149afbf4c8996fb92427ae41e4649b934ca495991b7852b855
runner-command	C0393	/usr/local/bin/typst compile /repos/Antigravity/typst-crystalline/lab/parity/matrix/fixtures/p1266/S24-linear-oklab.typ /tmp/p1268/oracle_v3/binaries/inverse/S24-linear-oklab.svg	e3b0c44298fc1c149afbf4c8996fb92427ae41e4649b934ca495991b7852b855	exit=0;stderr_sha256=e3b0c44298fc1c149afbf4c8996fb92427ae41e4649b934ca495991b7852b855
runner-command	C0394	/usr/local/bin/typst eval --format json let norm = x => if type(x) == ratio { x / 100% } else { x }; let g = (gradient.linear((rgb(38, 70, 83).transparentize(20%), 0%), (rgb(42, 157, 143).transparentize(60%), 37.0262390670554%), (rgb(233, 196, 106).transparentize(35%), 63.5568513119533%), (rgb(244, 162, 97).transparentize(80%), 81.3411078717201%), (rgb(38, 70, 83).transparentize(20%), 92.1282798833819%), (rgb(42, 157, 143).transparentize(60%), 97.667638483965%), (rgb(233, 196, 106).transparentize(35%), 99.7084548104956%), (rgb(244, 162, 97).transparentize(80%), 100%), space: color.oklab, angle: 1080deg)).sharp(8).repeat(2, mirror: true); (g.stops().map(s => (s.at(0).components().map(norm), s.at(1) / 100%)), repr(g.kind()), repr(g.space()), repr(g.angle()), repr(g.center()), repr(g.radius()), repr(g.focal-center()), repr(g.focal-radius()))	7845d2048d802332e192122d83d4892c6b7cbc1b28bfd30187d49e245e56aebf	exit=0;stderr_sha256=e3b0c44298fc1c149afbf4c8996fb92427ae41e4649b934ca495991b7852b855
runner-command	C0395	/usr/local/bin/typst compile /repos/Antigravity/typst-crystalline/lab/parity/matrix/fixtures/p1266/S23-radial-linear-rgb.typ /tmp/p1268/oracle_v3/binaries/inverse/S23-radial-linear-rgb.svg	e3b0c44298fc1c149afbf4c8996fb92427ae41e4649b934ca495991b7852b855	exit=0;stderr_sha256=e3b0c44298fc1c149afbf4c8996fb92427ae41e4649b934ca495991b7852b855
runner-command	C0396	/usr/local/bin/typst eval --format json let norm = x => if type(x) == ratio { x / 100% } else { x }; let g = (gradient.radial((red.transparentize(99%), 0%), (rgb(46, 204, 64).transparentize(99%), 0.00335671847202175%), (blue.transparentize(99%), 0.026853747776174%), (yellow.transparentize(99%), 0.0906313987445873%), (red.transparentize(99%), 0.214829982209392%), (rgb(46, 204, 64).transparentize(99%), 0.419589809002719%), (blue.transparentize(99%), 0.725051189956698%), (yellow.transparentize(99%), 1.15135443590346%), (red.transparentize(99%), 1.71863985767514%), (rgb(46, 204, 64).transparentize(99%), 2.44704776610386%), (blue.transparentize(99%), 3.35671847202175%), (yellow.transparentize(99%), 4.46779228626095%), (red.transparentize(99%), 5.80040951965359%), (rgb(46, 204, 64).transparentize(99%), 7.37471048303179%), (blue.transparentize(99%), 9.21083548722769%), (yellow.transparentize(99%), 11.3289248430734%), (red.transparentize(99%), 13.7491188614011%), (rgb(46, 204, 64).transparentize(99%), 16.4915578530429%), (blue.transparentize(99%), 19.5763821288309%), (yellow.transparentize(99%), 23.0237319995972%), (red.transparentize(99%), 26.853747776174%), (rgb(46, 204, 64).transparentize(99%), 31.0865697693934%), (blue.transparentize(99%), 35.7423382900876%), (yellow.transparentize(99%), 40.8411936490887%), (red.transparentize(99%), 46.4032761572287%), (rgb(46, 204, 64).transparentize(99%), 52.4487261253399%), (blue.transparentize(99%), 58.9976838642543%), (yellow.transparentize(99%), 66.0702896848041%), (red.transparentize(99%), 73.6866838978215%), (rgb(46, 204, 64).transparentize(99%), 81.8670068141385%), (blue.transparentize(99%), 90.6313987445873%), (yellow.transparentize(99%), 100%), space: color.linear-rgb, center: (50%, 50%), radius: 0.1%, focal-center: (50%, 50%), focal-radius: 0%)).repeat(2, mirror: true); (g.stops().map(s => (s.at(0).components().map(norm), s.at(1) / 100%)), repr(g.kind()), repr(g.space()), repr(g.angle()), repr(g.center()), repr(g.radius()), repr(g.focal-center()), repr(g.focal-radius()))	0130c6cbaccbbcf603ef5487d383b6f153c136824f9bc1d31d751d80a19094df	exit=0;stderr_sha256=e3b0c44298fc1c149afbf4c8996fb92427ae41e4649b934ca495991b7852b855
runner-command	C0397	/usr/local/bin/typst compile /repos/Antigravity/typst-crystalline/lab/parity/matrix/fixtures/p1266/S23-linear-linear-rgb.typ /tmp/p1268/oracle_v3/binaries/inverse/S23-linear-linear-rgb.svg	e3b0c44298fc1c149afbf4c8996fb92427ae41e4649b934ca495991b7852b855	exit=0;stderr_sha256=e3b0c44298fc1c149afbf4c8996fb92427ae41e4649b934ca495991b7852b855
runner-command	C0398	/usr/local/bin/typst eval --format json let norm = x => if type(x) == ratio { x / 100% } else { x }; let g = (gradient.linear((red.transparentize(99%), 0%), (rgb(46, 204, 64).transparentize(99%), 0.00335671847202175%), (blue.transparentize(99%), 0.026853747776174%), (yellow.transparentize(99%), 0.0906313987445873%), (red.transparentize(99%), 0.214829982209392%), (rgb(46, 204, 64).transparentize(99%), 0.419589809002719%), (blue.transparentize(99%), 0.725051189956698%), (yellow.transparentize(99%), 1.15135443590346%), (red.transparentize(99%), 1.71863985767514%), (rgb(46, 204, 64).transparentize(99%), 2.44704776610386%), (blue.transparentize(99%), 3.35671847202175%), (yellow.transparentize(99%), 4.46779228626095%), (red.transparentize(99%), 5.80040951965359%), (rgb(46, 204, 64).transparentize(99%), 7.37471048303179%), (blue.transparentize(99%), 9.21083548722769%), (yellow.transparentize(99%), 11.3289248430734%), (red.transparentize(99%), 13.7491188614011%), (rgb(46, 204, 64).transparentize(99%), 16.4915578530429%), (blue.transparentize(99%), 19.5763821288309%), (yellow.transparentize(99%), 23.0237319995972%), (red.transparentize(99%), 26.853747776174%), (rgb(46, 204, 64).transparentize(99%), 31.0865697693934%), (blue.transparentize(99%), 35.7423382900876%), (yellow.transparentize(99%), 40.8411936490887%), (red.transparentize(99%), 46.4032761572287%), (rgb(46, 204, 64).transparentize(99%), 52.4487261253399%), (blue.transparentize(99%), 58.9976838642543%), (yellow.transparentize(99%), 66.0702896848041%), (red.transparentize(99%), 73.6866838978215%), (rgb(46, 204, 64).transparentize(99%), 81.8670068141385%), (blue.transparentize(99%), 90.6313987445873%), (yellow.transparentize(99%), 100%), space: color.linear-rgb, angle: -720.5deg)).repeat(2, mirror: true); (g.stops().map(s => (s.at(0).components().map(norm), s.at(1) / 100%)), repr(g.kind()), repr(g.space()), repr(g.angle()), repr(g.center()), repr(g.radius()), repr(g.focal-center()), repr(g.focal-radius()))	d30453f63cd215e6fe5a204fc5e7025801b6ee80d6ad50535b6ac8e0ab759ef0	exit=0;stderr_sha256=e3b0c44298fc1c149afbf4c8996fb92427ae41e4649b934ca495991b7852b855
runner-command	C0399	/usr/local/bin/typst compile /repos/Antigravity/typst-crystalline/lab/parity/matrix/fixtures/p1266/S23-radial-oklab.typ /tmp/p1268/oracle_v3/binaries/inverse/S23-radial-oklab.svg	e3b0c44298fc1c149afbf4c8996fb92427ae41e4649b934ca495991b7852b855	exit=0;stderr_sha256=e3b0c44298fc1c149afbf4c8996fb92427ae41e4649b934ca495991b7852b855
runner-command	C0400	/usr/local/bin/typst eval --format json let norm = x => if type(x) == ratio { x / 100% } else { x }; let g = (gradient.radial((red.transparentize(99%), 0%), (rgb(46, 204, 64).transparentize(99%), 0.00335671847202175%), (blue.transparentize(99%), 0.026853747776174%), (yellow.transparentize(99%), 0.0906313987445873%), (red.transparentize(99%), 0.214829982209392%), (rgb(46, 204, 64).transparentize(99%), 0.419589809002719%), (blue.transparentize(99%), 0.725051189956698%), (yellow.transparentize(99%), 1.15135443590346%), (red.transparentize(99%), 1.71863985767514%), (rgb(46, 204, 64).transparentize(99%), 2.44704776610386%), (blue.transparentize(99%), 3.35671847202175%), (yellow.transparentize(99%), 4.46779228626095%), (red.transparentize(99%), 5.80040951965359%), (rgb(46, 204, 64).transparentize(99%), 7.37471048303179%), (blue.transparentize(99%), 9.21083548722769%), (yellow.transparentize(99%), 11.3289248430734%), (red.transparentize(99%), 13.7491188614011%), (rgb(46, 204, 64).transparentize(99%), 16.4915578530429%), (blue.transparentize(99%), 19.5763821288309%), (yellow.transparentize(99%), 23.0237319995972%), (red.transparentize(99%), 26.853747776174%), (rgb(46, 204, 64).transparentize(99%), 31.0865697693934%), (blue.transparentize(99%), 35.7423382900876%), (yellow.transparentize(99%), 40.8411936490887%), (red.transparentize(99%), 46.4032761572287%), (rgb(46, 204, 64).transparentize(99%), 52.4487261253399%), (blue.transparentize(99%), 58.9976838642543%), (yellow.transparentize(99%), 66.0702896848041%), (red.transparentize(99%), 73.6866838978215%), (rgb(46, 204, 64).transparentize(99%), 81.8670068141385%), (blue.transparentize(99%), 90.6313987445873%), (yellow.transparentize(99%), 100%), space: color.oklab, center: (50%, 50%), radius: 0.1%, focal-center: (50%, 50%), focal-radius: 0%)).repeat(2, mirror: true); (g.stops().map(s => (s.at(0).components().map(norm), s.at(1) / 100%)), repr(g.kind()), repr(g.space()), repr(g.angle()), repr(g.center()), repr(g.radius()), repr(g.focal-center()), repr(g.focal-radius()))	0690da9c8a4d02427e5b57b9760c9a2b400262a58fbbfaeece91f3b6db88e52e	exit=0;stderr_sha256=e3b0c44298fc1c149afbf4c8996fb92427ae41e4649b934ca495991b7852b855
runner-command	C0401	/usr/local/bin/typst compile /repos/Antigravity/typst-crystalline/lab/parity/matrix/fixtures/p1266/S23-linear-oklab.typ /tmp/p1268/oracle_v3/binaries/inverse/S23-linear-oklab.svg	e3b0c44298fc1c149afbf4c8996fb92427ae41e4649b934ca495991b7852b855	exit=0;stderr_sha256=e3b0c44298fc1c149afbf4c8996fb92427ae41e4649b934ca495991b7852b855
runner-command	C0402	/usr/local/bin/typst eval --format json let norm = x => if type(x) == ratio { x / 100% } else { x }; let g = (gradient.linear((red.transparentize(99%), 0%), (rgb(46, 204, 64).transparentize(99%), 0.00335671847202175%), (blue.transparentize(99%), 0.026853747776174%), (yellow.transparentize(99%), 0.0906313987445873%), (red.transparentize(99%), 0.214829982209392%), (rgb(46, 204, 64).transparentize(99%), 0.419589809002719%), (blue.transparentize(99%), 0.725051189956698%), (yellow.transparentize(99%), 1.15135443590346%), (red.transparentize(99%), 1.71863985767514%), (rgb(46, 204, 64).transparentize(99%), 2.44704776610386%), (blue.transparentize(99%), 3.35671847202175%), (yellow.transparentize(99%), 4.46779228626095%), (red.transparentize(99%), 5.80040951965359%), (rgb(46, 204, 64).transparentize(99%), 7.37471048303179%), (blue.transparentize(99%), 9.21083548722769%), (yellow.transparentize(99%), 11.3289248430734%), (red.transparentize(99%), 13.7491188614011%), (rgb(46, 204, 64).transparentize(99%), 16.4915578530429%), (blue.transparentize(99%), 19.5763821288309%), (yellow.transparentize(99%), 23.0237319995972%), (red.transparentize(99%), 26.853747776174%), (rgb(46, 204, 64).transparentize(99%), 31.0865697693934%), (blue.transparentize(99%), 35.7423382900876%), (yellow.transparentize(99%), 40.8411936490887%), (red.transparentize(99%), 46.4032761572287%), (rgb(46, 204, 64).transparentize(99%), 52.4487261253399%), (blue.transparentize(99%), 58.9976838642543%), (yellow.transparentize(99%), 66.0702896848041%), (red.transparentize(99%), 73.6866838978215%), (rgb(46, 204, 64).transparentize(99%), 81.8670068141385%), (blue.transparentize(99%), 90.6313987445873%), (yellow.transparentize(99%), 100%), space: color.oklab, angle: -720.5deg)).repeat(2, mirror: true); (g.stops().map(s => (s.at(0).components().map(norm), s.at(1) / 100%)), repr(g.kind()), repr(g.space()), repr(g.angle()), repr(g.center()), repr(g.radius()), repr(g.focal-center()), repr(g.focal-radius()))	5ede43dba02a322031d41d9e9b50985f8b02d4f314bfec2e00b49eaa5a0107b8	exit=0;stderr_sha256=e3b0c44298fc1c149afbf4c8996fb92427ae41e4649b934ca495991b7852b855
runner-command	C0403	/usr/local/bin/typst compile /repos/Antigravity/typst-crystalline/lab/parity/matrix/fixtures/p1266/S22-radial-linear-rgb.typ /tmp/p1268/oracle_v3/binaries/inverse/S22-radial-linear-rgb.svg	e3b0c44298fc1c149afbf4c8996fb92427ae41e4649b934ca495991b7852b855	exit=0;stderr_sha256=e3b0c44298fc1c149afbf4c8996fb92427ae41e4649b934ca495991b7852b855
runner-command	C0404	/usr/local/bin/typst eval --format json let norm = x => if type(x) == ratio { x / 100% } else { x }; let g = gradient.radial((black, 0%), (white, 7.14285714285714%), (red, 14.2857142857143%), (rgb(0, 255, 0), 21.4285714285714%), (blue, 28.5714285714286%), (rgb(0, 255, 255), 35.7142857142857%), (rgb(255, 0, 255), 42.8571428571429%), (yellow, 50%), (black, 50.0001%), (white, 57.1429428571429%), (red, 64.2857857142857%), (rgb(0, 255, 0), 71.4286285714286%), (blue, 78.5714714285714%), (rgb(0, 255, 255), 85.7143142857143%), (rgb(255, 0, 255), 92.8571571428571%), (yellow, 100%), space: color.linear-rgb, center: (50%, 50%), radius: 50%, focal-center: (93.9%, 50%), focal-radius: 6%); (g.stops().map(s => (s.at(0).components().map(norm), s.at(1) / 100%)), repr(g.kind()), repr(g.space()), repr(g.angle()), repr(g.center()), repr(g.radius()), repr(g.focal-center()), repr(g.focal-radius()))	a3ba61096d432fdbd2c73cce9bfa846a7cf262489770567b0898926dd3c42a08	exit=0;stderr_sha256=e3b0c44298fc1c149afbf4c8996fb92427ae41e4649b934ca495991b7852b855
runner-command	C0405	/usr/local/bin/typst compile /repos/Antigravity/typst-crystalline/lab/parity/matrix/fixtures/p1266/S22-linear-linear-rgb.typ /tmp/p1268/oracle_v3/binaries/inverse/S22-linear-linear-rgb.svg	e3b0c44298fc1c149afbf4c8996fb92427ae41e4649b934ca495991b7852b855	exit=0;stderr_sha256=e3b0c44298fc1c149afbf4c8996fb92427ae41e4649b934ca495991b7852b855
runner-command	C0406	/usr/local/bin/typst eval --format json let norm = x => if type(x) == ratio { x / 100% } else { x }; let g = gradient.linear((black, 0%), (white, 7.14285714285714%), (red, 14.2857142857143%), (rgb(0, 255, 0), 21.4285714285714%), (blue, 28.5714285714286%), (rgb(0, 255, 255), 35.7142857142857%), (rgb(255, 0, 255), 42.8571428571429%), (yellow, 50%), (black, 50.0001%), (white, 57.1429428571429%), (red, 64.2857857142857%), (rgb(0, 255, 0), 71.4286285714286%), (blue, 78.5714714285714%), (rgb(0, 255, 255), 85.7143142857143%), (rgb(255, 0, 255), 92.8571571428571%), (yellow, 100%), space: color.linear-rgb, angle: 359.999999deg); (g.stops().map(s => (s.at(0).components().map(norm), s.at(1) / 100%)), repr(g.kind()), repr(g.space()), repr(g.angle()), repr(g.center()), repr(g.radius()), repr(g.focal-center()), repr(g.focal-radius()))	a44b8f9241f317b4f0c04aaba16bf9e94340bb0f50d38eee6a57cdbd5ea0b479	exit=0;stderr_sha256=e3b0c44298fc1c149afbf4c8996fb92427ae41e4649b934ca495991b7852b855
runner-command	C0407	/usr/local/bin/typst compile /repos/Antigravity/typst-crystalline/lab/parity/matrix/fixtures/p1266/S22-radial-oklab.typ /tmp/p1268/oracle_v3/binaries/inverse/S22-radial-oklab.svg	e3b0c44298fc1c149afbf4c8996fb92427ae41e4649b934ca495991b7852b855	exit=0;stderr_sha256=e3b0c44298fc1c149afbf4c8996fb92427ae41e4649b934ca495991b7852b855
runner-command	C0408	/usr/local/bin/typst eval --format json let norm = x => if type(x) == ratio { x / 100% } else { x }; let g = gradient.radial((black, 0%), (white, 7.14285714285714%), (red, 14.2857142857143%), (rgb(0, 255, 0), 21.4285714285714%), (blue, 28.5714285714286%), (rgb(0, 255, 255), 35.7142857142857%), (rgb(255, 0, 255), 42.8571428571429%), (yellow, 50%), (black, 50.0001%), (white, 57.1429428571429%), (red, 64.2857857142857%), (rgb(0, 255, 0), 71.4286285714286%), (blue, 78.5714714285714%), (rgb(0, 255, 255), 85.7143142857143%), (rgb(255, 0, 255), 92.8571571428571%), (yellow, 100%), space: color.oklab, center: (50%, 50%), radius: 50%, focal-center: (93.9%, 50%), focal-radius: 6%); (g.stops().map(s => (s.at(0).components().map(norm), s.at(1) / 100%)), repr(g.kind()), repr(g.space()), repr(g.angle()), repr(g.center()), repr(g.radius()), repr(g.focal-center()), repr(g.focal-radius()))	e39e1fe86553e3c5232f4dd073db5cdc73fe5659cbfc5ada4f502327fdc7219f	exit=0;stderr_sha256=e3b0c44298fc1c149afbf4c8996fb92427ae41e4649b934ca495991b7852b855
runner-command	C0409	/usr/local/bin/typst compile /repos/Antigravity/typst-crystalline/lab/parity/matrix/fixtures/p1266/S22-linear-oklab.typ /tmp/p1268/oracle_v3/binaries/inverse/S22-linear-oklab.svg	e3b0c44298fc1c149afbf4c8996fb92427ae41e4649b934ca495991b7852b855	exit=0;stderr_sha256=e3b0c44298fc1c149afbf4c8996fb92427ae41e4649b934ca495991b7852b855
runner-command	C0410	/usr/local/bin/typst eval --format json let norm = x => if type(x) == ratio { x / 100% } else { x }; let g = gradient.linear((black, 0%), (white, 7.14285714285714%), (red, 14.2857142857143%), (rgb(0, 255, 0), 21.4285714285714%), (blue, 28.5714285714286%), (rgb(0, 255, 255), 35.7142857142857%), (rgb(255, 0, 255), 42.8571428571429%), (yellow, 50%), (black, 50.0001%), (white, 57.1429428571429%), (red, 64.2857857142857%), (rgb(0, 255, 0), 71.4286285714286%), (blue, 78.5714714285714%), (rgb(0, 255, 255), 85.7143142857143%), (rgb(255, 0, 255), 92.8571571428571%), (yellow, 100%), space: color.oklab, angle: 359.999999deg); (g.stops().map(s => (s.at(0).components().map(norm), s.at(1) / 100%)), repr(g.kind()), repr(g.space()), repr(g.angle()), repr(g.center()), repr(g.radius()), repr(g.focal-center()), repr(g.focal-radius()))	518decbd9347bfab24dbcdce1d08adf9801d810c36499cc5c8190fc75cfb0abf	exit=0;stderr_sha256=e3b0c44298fc1c149afbf4c8996fb92427ae41e4649b934ca495991b7852b855
runner-command	C0411	/usr/local/bin/typst compile /repos/Antigravity/typst-crystalline/lab/parity/matrix/fixtures/p1266/S21-radial-linear-rgb.typ /tmp/p1268/oracle_v3/binaries/inverse/S21-radial-linear-rgb.svg	e3b0c44298fc1c149afbf4c8996fb92427ae41e4649b934ca495991b7852b855	exit=0;stderr_sha256=e3b0c44298fc1c149afbf4c8996fb92427ae41e4649b934ca495991b7852b855
runner-command	C0412	/usr/local/bin/typst eval --format json let norm = x => if type(x) == ratio { x / 100% } else { x }; let g = (gradient.radial((red, 0%), (rgb(46, 204, 64), 11.1111111111111%), (blue.transparentize(100%), 44.4444444444444%), (yellow.transparentize(100%), 100%), space: color.linear-rgb, center: (50%, 50%), radius: 65%, focal-center: (30%, 40%), focal-radius: 10%)).sharp(4); (g.stops().map(s => (s.at(0).components().map(norm), s.at(1) / 100%)), repr(g.kind()), repr(g.space()), repr(g.angle()), repr(g.center()), repr(g.radius()), repr(g.focal-center()), repr(g.focal-radius()))	d7b8ccd6cbf5d12b6ccfa74415f530a581cfdc08abc951972350d42af0b40958	exit=0;stderr_sha256=e3b0c44298fc1c149afbf4c8996fb92427ae41e4649b934ca495991b7852b855
runner-command	C0413	/usr/local/bin/typst compile /repos/Antigravity/typst-crystalline/lab/parity/matrix/fixtures/p1266/S21-linear-linear-rgb.typ /tmp/p1268/oracle_v3/binaries/inverse/S21-linear-linear-rgb.svg	e3b0c44298fc1c149afbf4c8996fb92427ae41e4649b934ca495991b7852b855	exit=0;stderr_sha256=e3b0c44298fc1c149afbf4c8996fb92427ae41e4649b934ca495991b7852b855
runner-command	C0414	/usr/local/bin/typst eval --format json let norm = x => if type(x) == ratio { x / 100% } else { x }; let g = (gradient.linear((red, 0%), (rgb(46, 204, 64), 11.1111111111111%), (blue.transparentize(100%), 44.4444444444444%), (yellow.transparentize(100%), 100%), space: color.linear-rgb, angle: -75deg)).sharp(4); (g.stops().map(s => (s.at(0).components().map(norm), s.at(1) / 100%)), repr(g.kind()), repr(g.space()), repr(g.angle()), repr(g.center()), repr(g.radius()), repr(g.focal-center()), repr(g.focal-radius()))	c420ae70107ace0b32ec368c90dca039b0de9ef268222c928385585b0dde6ca5	exit=0;stderr_sha256=e3b0c44298fc1c149afbf4c8996fb92427ae41e4649b934ca495991b7852b855
runner-command	C0415	/usr/local/bin/typst compile /repos/Antigravity/typst-crystalline/lab/parity/matrix/fixtures/p1266/S21-radial-oklab.typ /tmp/p1268/oracle_v3/binaries/inverse/S21-radial-oklab.svg	e3b0c44298fc1c149afbf4c8996fb92427ae41e4649b934ca495991b7852b855	exit=0;stderr_sha256=e3b0c44298fc1c149afbf4c8996fb92427ae41e4649b934ca495991b7852b855
runner-command	C0416	/usr/local/bin/typst eval --format json let norm = x => if type(x) == ratio { x / 100% } else { x }; let g = (gradient.radial((red, 0%), (rgb(46, 204, 64), 11.1111111111111%), (blue.transparentize(100%), 44.4444444444444%), (yellow.transparentize(100%), 100%), space: color.oklab, center: (50%, 50%), radius: 65%, focal-center: (30%, 40%), focal-radius: 10%)).sharp(4); (g.stops().map(s => (s.at(0).components().map(norm), s.at(1) / 100%)), repr(g.kind()), repr(g.space()), repr(g.angle()), repr(g.center()), repr(g.radius()), repr(g.focal-center()), repr(g.focal-radius()))	685a0b839e7b3ee86cdd710b16e816061e10a9152ae497ddb7ca97b291d8e1c2	exit=0;stderr_sha256=e3b0c44298fc1c149afbf4c8996fb92427ae41e4649b934ca495991b7852b855
runner-command	C0417	/usr/local/bin/typst compile /repos/Antigravity/typst-crystalline/lab/parity/matrix/fixtures/p1266/S21-linear-oklab.typ /tmp/p1268/oracle_v3/binaries/inverse/S21-linear-oklab.svg	e3b0c44298fc1c149afbf4c8996fb92427ae41e4649b934ca495991b7852b855	exit=0;stderr_sha256=e3b0c44298fc1c149afbf4c8996fb92427ae41e4649b934ca495991b7852b855
runner-command	C0418	/usr/local/bin/typst eval --format json let norm = x => if type(x) == ratio { x / 100% } else { x }; let g = (gradient.linear((red, 0%), (rgb(46, 204, 64), 11.1111111111111%), (blue.transparentize(100%), 44.4444444444444%), (yellow.transparentize(100%), 100%), space: color.oklab, angle: -75deg)).sharp(4); (g.stops().map(s => (s.at(0).components().map(norm), s.at(1) / 100%)), repr(g.kind()), repr(g.space()), repr(g.angle()), repr(g.center()), repr(g.radius()), repr(g.focal-center()), repr(g.focal-radius()))	a61b2ed287ead40757eec4f918a30e9f5f943a7d0400fd908060f0f9e2d40bae	exit=0;stderr_sha256=e3b0c44298fc1c149afbf4c8996fb92427ae41e4649b934ca495991b7852b855
runner-command	C0419	/usr/local/bin/typst compile /repos/Antigravity/typst-crystalline/lab/parity/matrix/fixtures/p1266/S20-radial-linear-rgb.typ /tmp/p1268/oracle_v3/binaries/inverse/S20-radial-linear-rgb.svg	e3b0c44298fc1c149afbf4c8996fb92427ae41e4649b934ca495991b7852b855	exit=0;stderr_sha256=e3b0c44298fc1c149afbf4c8996fb92427ae41e4649b934ca495991b7852b855
runner-command	C0420	/usr/local/bin/typst eval --format json let norm = x => if type(x) == ratio { x / 100% } else { x }; let g = gradient.radial((red.transparentize(100%), 0%), (rgb(46, 204, 64), 33.3333333333333%), (blue, 66.6666666666667%), (yellow, 100%), space: color.linear-rgb, center: (50%, 50%), radius: 50%, focal-center: (50%, 50%), focal-radius: 0%); (g.stops().map(s => (s.at(0).components().map(norm), s.at(1) / 100%)), repr(g.kind()), repr(g.space()), repr(g.angle()), repr(g.center()), repr(g.radius()), repr(g.focal-center()), repr(g.focal-radius()))	255db2607eada11fd4bac345e322ecefa594dc337051b0c30eedf33c9fdf036b	exit=0;stderr_sha256=e3b0c44298fc1c149afbf4c8996fb92427ae41e4649b934ca495991b7852b855
runner-command	C0421	/usr/local/bin/typst compile /repos/Antigravity/typst-crystalline/lab/parity/matrix/fixtures/p1266/S20-linear-linear-rgb.typ /tmp/p1268/oracle_v3/binaries/inverse/S20-linear-linear-rgb.svg	e3b0c44298fc1c149afbf4c8996fb92427ae41e4649b934ca495991b7852b855	exit=0;stderr_sha256=e3b0c44298fc1c149afbf4c8996fb92427ae41e4649b934ca495991b7852b855
runner-command	C0422	/usr/local/bin/typst eval --format json let norm = x => if type(x) == ratio { x / 100% } else { x }; let g = gradient.linear((red.transparentize(100%), 0%), (rgb(46, 204, 64), 33.3333333333333%), (blue, 66.6666666666667%), (yellow, 100%), space: color.linear-rgb, angle: 75deg); (g.stops().map(s => (s.at(0).components().map(norm), s.at(1) / 100%)), repr(g.kind()), repr(g.space()), repr(g.angle()), repr(g.center()), repr(g.radius()), repr(g.focal-center()), repr(g.focal-radius()))	9e36c8fc8a45ef436913644edc5540c426e6e0a341d83c9e35251dbd01577b48	exit=0;stderr_sha256=e3b0c44298fc1c149afbf4c8996fb92427ae41e4649b934ca495991b7852b855
runner-command	C0423	/usr/local/bin/typst compile /repos/Antigravity/typst-crystalline/lab/parity/matrix/fixtures/p1266/S20-radial-oklab.typ /tmp/p1268/oracle_v3/binaries/inverse/S20-radial-oklab.svg	e3b0c44298fc1c149afbf4c8996fb92427ae41e4649b934ca495991b7852b855	exit=0;stderr_sha256=e3b0c44298fc1c149afbf4c8996fb92427ae41e4649b934ca495991b7852b855
runner-command	C0424	/usr/local/bin/typst eval --format json let norm = x => if type(x) == ratio { x / 100% } else { x }; let g = gradient.radial((red.transparentize(100%), 0%), (rgb(46, 204, 64), 33.3333333333333%), (blue, 66.6666666666667%), (yellow, 100%), space: color.oklab, center: (50%, 50%), radius: 50%, focal-center: (50%, 50%), focal-radius: 0%); (g.stops().map(s => (s.at(0).components().map(norm), s.at(1) / 100%)), repr(g.kind()), repr(g.space()), repr(g.angle()), repr(g.center()), repr(g.radius()), repr(g.focal-center()), repr(g.focal-radius()))	a795af07762db81bafff6c95e4dba8d75816a2f6a9571855f43171fb4fb4f3f1	exit=0;stderr_sha256=e3b0c44298fc1c149afbf4c8996fb92427ae41e4649b934ca495991b7852b855
runner-command	C0425	/usr/local/bin/typst compile /repos/Antigravity/typst-crystalline/lab/parity/matrix/fixtures/p1266/S20-linear-oklab.typ /tmp/p1268/oracle_v3/binaries/inverse/S20-linear-oklab.svg	e3b0c44298fc1c149afbf4c8996fb92427ae41e4649b934ca495991b7852b855	exit=0;stderr_sha256=e3b0c44298fc1c149afbf4c8996fb92427ae41e4649b934ca495991b7852b855
runner-command	C0426	/usr/local/bin/typst eval --format json let norm = x => if type(x) == ratio { x / 100% } else { x }; let g = gradient.linear((red.transparentize(100%), 0%), (rgb(46, 204, 64), 33.3333333333333%), (blue, 66.6666666666667%), (yellow, 100%), space: color.oklab, angle: 75deg); (g.stops().map(s => (s.at(0).components().map(norm), s.at(1) / 100%)), repr(g.kind()), repr(g.space()), repr(g.angle()), repr(g.center()), repr(g.radius()), repr(g.focal-center()), repr(g.focal-radius()))	5b3c0b4873f4b8de6933d50f256a0d3d79dea2c008ad88745a900562b19852d6	exit=0;stderr_sha256=e3b0c44298fc1c149afbf4c8996fb92427ae41e4649b934ca495991b7852b855
runner-command	C0427	/usr/local/bin/typst compile /repos/Antigravity/typst-crystalline/lab/parity/matrix/fixtures/p1266/S19-radial-linear-rgb.typ /tmp/p1268/oracle_v3/binaries/inverse/S19-radial-linear-rgb.svg	e3b0c44298fc1c149afbf4c8996fb92427ae41e4649b934ca495991b7852b855	exit=0;stderr_sha256=e3b0c44298fc1c149afbf4c8996fb92427ae41e4649b934ca495991b7852b855
runner-command	C0428	/usr/local/bin/typst eval --format json let norm = x => if type(x) == ratio { x / 100% } else { x }; let g = gradient.radial(rgb(38, 70, 83), rgb(42, 157, 143), rgb(233, 196, 106), space: color.linear-rgb, center: (50%, 50%), radius: 0.1%, focal-center: (50%, 50%), focal-radius: 0%); (g.stops().map(s => (s.at(0).components().map(norm), s.at(1) / 100%)), repr(g.kind()), repr(g.space()), repr(g.angle()), repr(g.center()), repr(g.radius()), repr(g.focal-center()), repr(g.focal-radius()))	6b7a66be6e858d3b37a4dc552188d97f447165f9fd942121b4cf1f1c0fb64153	exit=0;stderr_sha256=e3b0c44298fc1c149afbf4c8996fb92427ae41e4649b934ca495991b7852b855
runner-command	C0429	/usr/local/bin/typst compile /repos/Antigravity/typst-crystalline/lab/parity/matrix/fixtures/p1266/S19-linear-linear-rgb.typ /tmp/p1268/oracle_v3/binaries/inverse/S19-linear-linear-rgb.svg	e3b0c44298fc1c149afbf4c8996fb92427ae41e4649b934ca495991b7852b855	exit=0;stderr_sha256=e3b0c44298fc1c149afbf4c8996fb92427ae41e4649b934ca495991b7852b855
runner-command	C0430	/usr/local/bin/typst eval --format json let norm = x => if type(x) == ratio { x / 100% } else { x }; let g = gradient.linear(rgb(38, 70, 83), rgb(42, 157, 143), rgb(233, 196, 106), space: color.linear-rgb, angle: 15deg); (g.stops().map(s => (s.at(0).components().map(norm), s.at(1) / 100%)), repr(g.kind()), repr(g.space()), repr(g.angle()), repr(g.center()), repr(g.radius()), repr(g.focal-center()), repr(g.focal-radius()))	85076958eb771bd47755fab5b95ea42ddf43c37e41dc148fd24ee39a802e807a	exit=0;stderr_sha256=e3b0c44298fc1c149afbf4c8996fb92427ae41e4649b934ca495991b7852b855
runner-command	C0431	/usr/local/bin/typst compile /repos/Antigravity/typst-crystalline/lab/parity/matrix/fixtures/p1266/S19-radial-oklab.typ /tmp/p1268/oracle_v3/binaries/inverse/S19-radial-oklab.svg	e3b0c44298fc1c149afbf4c8996fb92427ae41e4649b934ca495991b7852b855	exit=0;stderr_sha256=e3b0c44298fc1c149afbf4c8996fb92427ae41e4649b934ca495991b7852b855
runner-command	C0432	/usr/local/bin/typst eval --format json let norm = x => if type(x) == ratio { x / 100% } else { x }; let g = gradient.radial(rgb(38, 70, 83), rgb(42, 157, 143), rgb(233, 196, 106), space: color.oklab, center: (50%, 50%), radius: 0.1%, focal-center: (50%, 50%), focal-radius: 0%); (g.stops().map(s => (s.at(0).components().map(norm), s.at(1) / 100%)), repr(g.kind()), repr(g.space()), repr(g.angle()), repr(g.center()), repr(g.radius()), repr(g.focal-center()), repr(g.focal-radius()))	49bc1eaea4578b0cd4b3d93c19d91fecbd0c23575ffc903f34601369303610e9	exit=0;stderr_sha256=e3b0c44298fc1c149afbf4c8996fb92427ae41e4649b934ca495991b7852b855
runner-command	C0433	/usr/local/bin/typst compile /repos/Antigravity/typst-crystalline/lab/parity/matrix/fixtures/p1266/S19-linear-oklab.typ /tmp/p1268/oracle_v3/binaries/inverse/S19-linear-oklab.svg	e3b0c44298fc1c149afbf4c8996fb92427ae41e4649b934ca495991b7852b855	exit=0;stderr_sha256=e3b0c44298fc1c149afbf4c8996fb92427ae41e4649b934ca495991b7852b855
runner-command	C0434	/usr/local/bin/typst eval --format json let norm = x => if type(x) == ratio { x / 100% } else { x }; let g = gradient.linear(rgb(38, 70, 83), rgb(42, 157, 143), rgb(233, 196, 106), space: color.oklab, angle: 15deg); (g.stops().map(s => (s.at(0).components().map(norm), s.at(1) / 100%)), repr(g.kind()), repr(g.space()), repr(g.angle()), repr(g.center()), repr(g.radius()), repr(g.focal-center()), repr(g.focal-radius()))	d7d7a6c7c7aa160ad7b6239df90f666d927091d529d650a74ccdd0cdc7a33ff9	exit=0;stderr_sha256=e3b0c44298fc1c149afbf4c8996fb92427ae41e4649b934ca495991b7852b855
runner-command	C0435	/usr/local/bin/typst compile /repos/Antigravity/typst-crystalline/lab/parity/matrix/fixtures/p1266/S18-radial-linear-rgb.typ /tmp/p1268/oracle_v3/binaries/inverse/S18-radial-linear-rgb.svg	e3b0c44298fc1c149afbf4c8996fb92427ae41e4649b934ca495991b7852b855	exit=0;stderr_sha256=e3b0c44298fc1c149afbf4c8996fb92427ae41e4649b934ca495991b7852b855
runner-command	C0436	/usr/local/bin/typst eval --format json let norm = x => if type(x) == ratio { x / 100% } else { x }; let g = (gradient.radial((red, 0%), (rgb(46, 204, 64), 37.0262390670554%), (blue.transparentize(100%), 63.5568513119533%), (yellow.transparentize(100%), 81.3411078717201%), (red, 92.1282798833819%), (rgb(46, 204, 64), 97.667638483965%), (blue.transparentize(100%), 99.7084548104956%), (yellow.transparentize(100%), 100%), space: color.linear-rgb, center: (50%, 50%), radius: 50%, focal-center: (93.9%, 50%), focal-radius: 6%)).sharp(8).repeat(2, mirror: true); (g.stops().map(s => (s.at(0).components().map(norm), s.at(1) / 100%)), repr(g.kind()), repr(g.space()), repr(g.angle()), repr(g.center()), repr(g.radius()), repr(g.focal-center()), repr(g.focal-radius()))	8169c4111419294dfbc4d971e7f1c31ec925c019b1e3119ad729e69fd5ef4875	exit=0;stderr_sha256=e3b0c44298fc1c149afbf4c8996fb92427ae41e4649b934ca495991b7852b855
runner-command	C0437	/usr/local/bin/typst compile /repos/Antigravity/typst-crystalline/lab/parity/matrix/fixtures/p1266/S18-linear-linear-rgb.typ /tmp/p1268/oracle_v3/binaries/inverse/S18-linear-linear-rgb.svg	e3b0c44298fc1c149afbf4c8996fb92427ae41e4649b934ca495991b7852b855	exit=0;stderr_sha256=e3b0c44298fc1c149afbf4c8996fb92427ae41e4649b934ca495991b7852b855
runner-command	C0438	/usr/local/bin/typst eval --format json let norm = x => if type(x) == ratio { x / 100% } else { x }; let g = (gradient.linear((red, 0%), (rgb(46, 204, 64), 37.0262390670554%), (blue.transparentize(100%), 63.5568513119533%), (yellow.transparentize(100%), 81.3411078717201%), (red, 92.1282798833819%), (rgb(46, 204, 64), 97.667638483965%), (blue.transparentize(100%), 99.7084548104956%), (yellow.transparentize(100%), 100%), space: color.linear-rgb, angle: -540deg)).sharp(8).repeat(2, mirror: true); (g.stops().map(s => (s.at(0).components().map(norm), s.at(1) / 100%)), repr(g.kind()), repr(g.space()), repr(g.angle()), repr(g.center()), repr(g.radius()), repr(g.focal-center()), repr(g.focal-radius()))	697e5eb175bcb501ec7ead1fd33fad7fd866b817f214c5c2bb42ae77732a6a8f	exit=0;stderr_sha256=e3b0c44298fc1c149afbf4c8996fb92427ae41e4649b934ca495991b7852b855
runner-command	C0439	/usr/local/bin/typst compile /repos/Antigravity/typst-crystalline/lab/parity/matrix/fixtures/p1266/S18-radial-oklab.typ /tmp/p1268/oracle_v3/binaries/inverse/S18-radial-oklab.svg	e3b0c44298fc1c149afbf4c8996fb92427ae41e4649b934ca495991b7852b855	exit=0;stderr_sha256=e3b0c44298fc1c149afbf4c8996fb92427ae41e4649b934ca495991b7852b855
runner-command	C0440	/usr/local/bin/typst eval --format json let norm = x => if type(x) == ratio { x / 100% } else { x }; let g = (gradient.radial((red, 0%), (rgb(46, 204, 64), 37.0262390670554%), (blue.transparentize(100%), 63.5568513119533%), (yellow.transparentize(100%), 81.3411078717201%), (red, 92.1282798833819%), (rgb(46, 204, 64), 97.667638483965%), (blue.transparentize(100%), 99.7084548104956%), (yellow.transparentize(100%), 100%), space: color.oklab, center: (50%, 50%), radius: 50%, focal-center: (93.9%, 50%), focal-radius: 6%)).sharp(8).repeat(2, mirror: true); (g.stops().map(s => (s.at(0).components().map(norm), s.at(1) / 100%)), repr(g.kind()), repr(g.space()), repr(g.angle()), repr(g.center()), repr(g.radius()), repr(g.focal-center()), repr(g.focal-radius()))	54f82bf842bffdc411557c351b49a92ea508540c3f4cef615ef6c04d2af28cfa	exit=0;stderr_sha256=e3b0c44298fc1c149afbf4c8996fb92427ae41e4649b934ca495991b7852b855
runner-command	C0441	/usr/local/bin/typst compile /repos/Antigravity/typst-crystalline/lab/parity/matrix/fixtures/p1266/S18-linear-oklab.typ /tmp/p1268/oracle_v3/binaries/inverse/S18-linear-oklab.svg	e3b0c44298fc1c149afbf4c8996fb92427ae41e4649b934ca495991b7852b855	exit=0;stderr_sha256=e3b0c44298fc1c149afbf4c8996fb92427ae41e4649b934ca495991b7852b855
runner-command	C0442	/usr/local/bin/typst eval --format json let norm = x => if type(x) == ratio { x / 100% } else { x }; let g = (gradient.linear((red, 0%), (rgb(46, 204, 64), 37.0262390670554%), (blue.transparentize(100%), 63.5568513119533%), (yellow.transparentize(100%), 81.3411078717201%), (red, 92.1282798833819%), (rgb(46, 204, 64), 97.667638483965%), (blue.transparentize(100%), 99.7084548104956%), (yellow.transparentize(100%), 100%), space: color.oklab, angle: -540deg)).sharp(8).repeat(2, mirror: true); (g.stops().map(s => (s.at(0).components().map(norm), s.at(1) / 100%)), repr(g.kind()), repr(g.space()), repr(g.angle()), repr(g.center()), repr(g.radius()), repr(g.focal-center()), repr(g.focal-radius()))	f66b2e49083eaef4e714f094300d91c7b74bffc1eba8fa222a3609f524a858de	exit=0;stderr_sha256=e3b0c44298fc1c149afbf4c8996fb92427ae41e4649b934ca495991b7852b855
runner-command	C0443	/usr/local/bin/typst compile /repos/Antigravity/typst-crystalline/lab/parity/matrix/fixtures/p1266/S17-radial-linear-rgb.typ /tmp/p1268/oracle_v3/binaries/inverse/S17-radial-linear-rgb.svg	e3b0c44298fc1c149afbf4c8996fb92427ae41e4649b934ca495991b7852b855	exit=0;stderr_sha256=e3b0c44298fc1c149afbf4c8996fb92427ae41e4649b934ca495991b7852b855
runner-command	C0444	/usr/local/bin/typst eval --format json let norm = x => if type(x) == ratio { x / 100% } else { x }; let g = (gradient.radial((rgb(38, 70, 83).transparentize(20%), 0%), (rgb(42, 157, 143).transparentize(60%), 11.1111111111111%), (rgb(233, 196, 106).transparentize(35%), 44.4444444444444%), (rgb(244, 162, 97).transparentize(80%), 100%), space: color.linear-rgb, center: (50%, 50%), radius: 65%, focal-center: (30%, 40%), focal-radius: 10%)).repeat(2, mirror: true); (g.stops().map(s => (s.at(0).components().map(norm), s.at(1) / 100%)), repr(g.kind()), repr(g.space()), repr(g.angle()), repr(g.center()), repr(g.radius()), repr(g.focal-center()), repr(g.focal-radius()))	1e9b44ea378991ff779fd14375dd8fdd226b85e6448fdb90a9d0af0ca2ddd763	exit=0;stderr_sha256=e3b0c44298fc1c149afbf4c8996fb92427ae41e4649b934ca495991b7852b855
runner-command	C0445	/usr/local/bin/typst compile /repos/Antigravity/typst-crystalline/lab/parity/matrix/fixtures/p1266/S17-linear-linear-rgb.typ /tmp/p1268/oracle_v3/binaries/inverse/S17-linear-linear-rgb.svg	e3b0c44298fc1c149afbf4c8996fb92427ae41e4649b934ca495991b7852b855	exit=0;stderr_sha256=e3b0c44298fc1c149afbf4c8996fb92427ae41e4649b934ca495991b7852b855
runner-command	C0446	/usr/local/bin/typst eval --format json let norm = x => if type(x) == ratio { x / 100% } else { x }; let g = (gradient.linear((rgb(38, 70, 83).transparentize(20%), 0%), (rgb(42, 157, 143).transparentize(60%), 11.1111111111111%), (rgb(233, 196, 106).transparentize(35%), 44.4444444444444%), (rgb(244, 162, 97).transparentize(80%), 100%), space: color.linear-rgb, angle: 225deg)).repeat(2, mirror: true); (g.stops().map(s => (s.at(0).components().map(norm), s.at(1) / 100%)), repr(g.kind()), repr(g.space()), repr(g.angle()), repr(g.center()), repr(g.radius()), repr(g.focal-center()), repr(g.focal-radius()))	6115707e0f9c549e292bdfe91789d23eee2489b19482052747340b5d6cf05924	exit=0;stderr_sha256=e3b0c44298fc1c149afbf4c8996fb92427ae41e4649b934ca495991b7852b855
runner-command	C0447	/usr/local/bin/typst compile /repos/Antigravity/typst-crystalline/lab/parity/matrix/fixtures/p1266/S17-radial-oklab.typ /tmp/p1268/oracle_v3/binaries/inverse/S17-radial-oklab.svg	e3b0c44298fc1c149afbf4c8996fb92427ae41e4649b934ca495991b7852b855	exit=0;stderr_sha256=e3b0c44298fc1c149afbf4c8996fb92427ae41e4649b934ca495991b7852b855
runner-command	C0448	/usr/local/bin/typst eval --format json let norm = x => if type(x) == ratio { x / 100% } else { x }; let g = (gradient.radial((rgb(38, 70, 83).transparentize(20%), 0%), (rgb(42, 157, 143).transparentize(60%), 11.1111111111111%), (rgb(233, 196, 106).transparentize(35%), 44.4444444444444%), (rgb(244, 162, 97).transparentize(80%), 100%), space: color.oklab, center: (50%, 50%), radius: 65%, focal-center: (30%, 40%), focal-radius: 10%)).repeat(2, mirror: true); (g.stops().map(s => (s.at(0).components().map(norm), s.at(1) / 100%)), repr(g.kind()), repr(g.space()), repr(g.angle()), repr(g.center()), repr(g.radius()), repr(g.focal-center()), repr(g.focal-radius()))	02759d55894b4e1bfd7d894e4444ec7b8bf78b505d6804142dddd20829e0f025	exit=0;stderr_sha256=e3b0c44298fc1c149afbf4c8996fb92427ae41e4649b934ca495991b7852b855
runner-command	C0449	/usr/local/bin/typst compile /repos/Antigravity/typst-crystalline/lab/parity/matrix/fixtures/p1266/S17-linear-oklab.typ /tmp/p1268/oracle_v3/binaries/inverse/S17-linear-oklab.svg	e3b0c44298fc1c149afbf4c8996fb92427ae41e4649b934ca495991b7852b855	exit=0;stderr_sha256=e3b0c44298fc1c149afbf4c8996fb92427ae41e4649b934ca495991b7852b855
runner-command	C0450	/usr/local/bin/typst eval --format json let norm = x => if type(x) == ratio { x / 100% } else { x }; let g = (gradient.linear((rgb(38, 70, 83).transparentize(20%), 0%), (rgb(42, 157, 143).transparentize(60%), 11.1111111111111%), (rgb(233, 196, 106).transparentize(35%), 44.4444444444444%), (rgb(244, 162, 97).transparentize(80%), 100%), space: color.oklab, angle: 225deg)).repeat(2, mirror: true); (g.stops().map(s => (s.at(0).components().map(norm), s.at(1) / 100%)), repr(g.kind()), repr(g.space()), repr(g.angle()), repr(g.center()), repr(g.radius()), repr(g.focal-center()), repr(g.focal-radius()))	544a124770a24092a5825abb62c6224fe5ab339d4ff8842e976aa5a7141c39b3	exit=0;stderr_sha256=e3b0c44298fc1c149afbf4c8996fb92427ae41e4649b934ca495991b7852b855
runner-command	C0451	/usr/local/bin/typst compile /repos/Antigravity/typst-crystalline/lab/parity/matrix/fixtures/p1266/S16-radial-linear-rgb.typ /tmp/p1268/oracle_v3/binaries/inverse/S16-radial-linear-rgb.svg	e3b0c44298fc1c149afbf4c8996fb92427ae41e4649b934ca495991b7852b855	exit=0;stderr_sha256=e3b0c44298fc1c149afbf4c8996fb92427ae41e4649b934ca495991b7852b855
runner-command	C0452	/usr/local/bin/typst eval --format json let norm = x => if type(x) == ratio { x / 100% } else { x }; let g = (gradient.radial((red, 0%), (rgb(46, 204, 64), 33.3333333333333%), (blue, 66.6666666666667%), (yellow, 100%), space: color.linear-rgb, center: (50%, 50%), radius: 50%, focal-center: (50%, 50%), focal-radius: 0%)).repeat(2, mirror: false); (g.stops().map(s => (s.at(0).components().map(norm), s.at(1) / 100%)), repr(g.kind()), repr(g.space()), repr(g.angle()), repr(g.center()), repr(g.radius()), repr(g.focal-center()), repr(g.focal-radius()))	945b608ad4cec96a9bad69c8608109e7d9138d67bf7b075eb5fc4dc235b76138	exit=0;stderr_sha256=e3b0c44298fc1c149afbf4c8996fb92427ae41e4649b934ca495991b7852b855
runner-command	C0453	/usr/local/bin/typst compile /repos/Antigravity/typst-crystalline/lab/parity/matrix/fixtures/p1266/S16-linear-linear-rgb.typ /tmp/p1268/oracle_v3/binaries/inverse/S16-linear-linear-rgb.svg	e3b0c44298fc1c149afbf4c8996fb92427ae41e4649b934ca495991b7852b855	exit=0;stderr_sha256=e3b0c44298fc1c149afbf4c8996fb92427ae41e4649b934ca495991b7852b855
runner-command	C0454	/usr/local/bin/typst eval --format json let norm = x => if type(x) == ratio { x / 100% } else { x }; let g = (gradient.linear((red, 0%), (rgb(46, 204, 64), 33.3333333333333%), (blue, 66.6666666666667%), (yellow, 100%), space: color.linear-rgb, angle: 45deg)).repeat(2, mirror: false); (g.stops().map(s => (s.at(0).components().map(norm), s.at(1) / 100%)), repr(g.kind()), repr(g.space()), repr(g.angle()), repr(g.center()), repr(g.radius()), repr(g.focal-center()), repr(g.focal-radius()))	12332c7c5f1283dd6b0e07cbaeef467125429ee89c49808974ae820b488447c9	exit=0;stderr_sha256=e3b0c44298fc1c149afbf4c8996fb92427ae41e4649b934ca495991b7852b855
runner-command	C0455	/usr/local/bin/typst compile /repos/Antigravity/typst-crystalline/lab/parity/matrix/fixtures/p1266/S16-radial-oklab.typ /tmp/p1268/oracle_v3/binaries/inverse/S16-radial-oklab.svg	e3b0c44298fc1c149afbf4c8996fb92427ae41e4649b934ca495991b7852b855	exit=0;stderr_sha256=e3b0c44298fc1c149afbf4c8996fb92427ae41e4649b934ca495991b7852b855
runner-command	C0456	/usr/local/bin/typst eval --format json let norm = x => if type(x) == ratio { x / 100% } else { x }; let g = (gradient.radial((red, 0%), (rgb(46, 204, 64), 33.3333333333333%), (blue, 66.6666666666667%), (yellow, 100%), space: color.oklab, center: (50%, 50%), radius: 50%, focal-center: (50%, 50%), focal-radius: 0%)).repeat(2, mirror: false); (g.stops().map(s => (s.at(0).components().map(norm), s.at(1) / 100%)), repr(g.kind()), repr(g.space()), repr(g.angle()), repr(g.center()), repr(g.radius()), repr(g.focal-center()), repr(g.focal-radius()))	a40fb8793ff8f50941e9080a7b131ea986daefdad544878bda13c17ab4037922	exit=0;stderr_sha256=e3b0c44298fc1c149afbf4c8996fb92427ae41e4649b934ca495991b7852b855
runner-command	C0457	/usr/local/bin/typst compile /repos/Antigravity/typst-crystalline/lab/parity/matrix/fixtures/p1266/S16-linear-oklab.typ /tmp/p1268/oracle_v3/binaries/inverse/S16-linear-oklab.svg	e3b0c44298fc1c149afbf4c8996fb92427ae41e4649b934ca495991b7852b855	exit=0;stderr_sha256=e3b0c44298fc1c149afbf4c8996fb92427ae41e4649b934ca495991b7852b855
runner-command	C0458	/usr/local/bin/typst eval --format json let norm = x => if type(x) == ratio { x / 100% } else { x }; let g = (gradient.linear((red, 0%), (rgb(46, 204, 64), 33.3333333333333%), (blue, 66.6666666666667%), (yellow, 100%), space: color.oklab, angle: 45deg)).repeat(2, mirror: false); (g.stops().map(s => (s.at(0).components().map(norm), s.at(1) / 100%)), repr(g.kind()), repr(g.space()), repr(g.angle()), repr(g.center()), repr(g.radius()), repr(g.focal-center()), repr(g.focal-radius()))	e4c2c114733047a48fc7f77c1c588c07d6ae7ca2d4b6be63c41944217142c92b	exit=0;stderr_sha256=e3b0c44298fc1c149afbf4c8996fb92427ae41e4649b934ca495991b7852b855
runner-command	C0459	/usr/local/bin/typst compile /repos/Antigravity/typst-crystalline/lab/parity/matrix/fixtures/p1266/S15-radial-linear-rgb.typ /tmp/p1268/oracle_v3/binaries/inverse/S15-radial-linear-rgb.svg	e3b0c44298fc1c149afbf4c8996fb92427ae41e4649b934ca495991b7852b855	exit=0;stderr_sha256=e3b0c44298fc1c149afbf4c8996fb92427ae41e4649b934ca495991b7852b855
runner-command	C0460	/usr/local/bin/typst eval --format json let norm = x => if type(x) == ratio { x / 100% } else { x }; let g = (gradient.radial((red.transparentize(100%), 0%), (rgb(46, 204, 64), 0.291545189504373%), (blue.transparentize(70%), 2.33236151603499%), (yellow, 7.87172011661808%), (rgb(255, 0, 255).transparentize(35%), 18.6588921282799%), (red.transparentize(100%), 36.4431486880466%), (rgb(46, 204, 64), 62.9737609329446%), (blue.transparentize(70%), 100%), space: color.linear-rgb, center: (50%, 50%), radius: 60%, focal-center: (40%, 50%), focal-radius: 15%)).sharp(8); (g.stops().map(s => (s.at(0).components().map(norm), s.at(1) / 100%)), repr(g.kind()), repr(g.space()), repr(g.angle()), repr(g.center()), repr(g.radius()), repr(g.focal-center()), repr(g.focal-radius()))	a3bce76c47a953b83159cad5a80aa850dcf6537d11d2a597408b6b2e33069c26	exit=0;stderr_sha256=e3b0c44298fc1c149afbf4c8996fb92427ae41e4649b934ca495991b7852b855
runner-command	C0461	/usr/local/bin/typst compile /repos/Antigravity/typst-crystalline/lab/parity/matrix/fixtures/p1266/S15-linear-linear-rgb.typ /tmp/p1268/oracle_v3/binaries/inverse/S15-linear-linear-rgb.svg	e3b0c44298fc1c149afbf4c8996fb92427ae41e4649b934ca495991b7852b855	exit=0;stderr_sha256=e3b0c44298fc1c149afbf4c8996fb92427ae41e4649b934ca495991b7852b855
runner-command	C0462	/usr/local/bin/typst eval --format json let norm = x => if type(x) == ratio { x / 100% } else { x }; let g = (gradient.linear((red.transparentize(100%), 0%), (rgb(46, 204, 64), 0.291545189504373%), (blue.transparentize(70%), 2.33236151603499%), (yellow, 7.87172011661808%), (rgb(255, 0, 255).transparentize(35%), 18.6588921282799%), (red.transparentize(100%), 36.4431486880466%), (rgb(46, 204, 64), 62.9737609329446%), (blue.transparentize(70%), 100%), space: color.linear-rgb, angle: -90deg)).sharp(8); (g.stops().map(s => (s.at(0).components().map(norm), s.at(1) / 100%)), repr(g.kind()), repr(g.space()), repr(g.angle()), repr(g.center()), repr(g.radius()), repr(g.focal-center()), repr(g.focal-radius()))	322bf25cd450b301171f6f07c4605465dc7cbb3112c027be1bfc73e096d948e3	exit=0;stderr_sha256=e3b0c44298fc1c149afbf4c8996fb92427ae41e4649b934ca495991b7852b855
runner-command	C0463	/usr/local/bin/typst compile /repos/Antigravity/typst-crystalline/lab/parity/matrix/fixtures/p1266/S15-radial-oklab.typ /tmp/p1268/oracle_v3/binaries/inverse/S15-radial-oklab.svg	e3b0c44298fc1c149afbf4c8996fb92427ae41e4649b934ca495991b7852b855	exit=0;stderr_sha256=e3b0c44298fc1c149afbf4c8996fb92427ae41e4649b934ca495991b7852b855
runner-command	C0464	/usr/local/bin/typst eval --format json let norm = x => if type(x) == ratio { x / 100% } else { x }; let g = (gradient.radial((red.transparentize(100%), 0%), (rgb(46, 204, 64), 0.291545189504373%), (blue.transparentize(70%), 2.33236151603499%), (yellow, 7.87172011661808%), (rgb(255, 0, 255).transparentize(35%), 18.6588921282799%), (red.transparentize(100%), 36.4431486880466%), (rgb(46, 204, 64), 62.9737609329446%), (blue.transparentize(70%), 100%), space: color.oklab, center: (50%, 50%), radius: 60%, focal-center: (40%, 50%), focal-radius: 15%)).sharp(8); (g.stops().map(s => (s.at(0).components().map(norm), s.at(1) / 100%)), repr(g.kind()), repr(g.space()), repr(g.angle()), repr(g.center()), repr(g.radius()), repr(g.focal-center()), repr(g.focal-radius()))	1fb5edff09dfaf01d81c833ae37335e23521e6acdff7380f3a4646c841d09590	exit=0;stderr_sha256=e3b0c44298fc1c149afbf4c8996fb92427ae41e4649b934ca495991b7852b855
runner-command	C0465	/usr/local/bin/typst compile /repos/Antigravity/typst-crystalline/lab/parity/matrix/fixtures/p1266/S15-linear-oklab.typ /tmp/p1268/oracle_v3/binaries/inverse/S15-linear-oklab.svg	e3b0c44298fc1c149afbf4c8996fb92427ae41e4649b934ca495991b7852b855	exit=0;stderr_sha256=e3b0c44298fc1c149afbf4c8996fb92427ae41e4649b934ca495991b7852b855
runner-command	C0466	/usr/local/bin/typst eval --format json let norm = x => if type(x) == ratio { x / 100% } else { x }; let g = (gradient.linear((red.transparentize(100%), 0%), (rgb(46, 204, 64), 0.291545189504373%), (blue.transparentize(70%), 2.33236151603499%), (yellow, 7.87172011661808%), (rgb(255, 0, 255).transparentize(35%), 18.6588921282799%), (red.transparentize(100%), 36.4431486880466%), (rgb(46, 204, 64), 62.9737609329446%), (blue.transparentize(70%), 100%), space: color.oklab, angle: -90deg)).sharp(8); (g.stops().map(s => (s.at(0).components().map(norm), s.at(1) / 100%)), repr(g.kind()), repr(g.space()), repr(g.angle()), repr(g.center()), repr(g.radius()), repr(g.focal-center()), repr(g.focal-radius()))	79f26fabf38ea4ec59c937ae0914e864e9f9b055b2b1fafa1c558ccd5dfdde09	exit=0;stderr_sha256=e3b0c44298fc1c149afbf4c8996fb92427ae41e4649b934ca495991b7852b855
runner-command	C0467	/usr/local/bin/typst compile /repos/Antigravity/typst-crystalline/lab/parity/matrix/fixtures/p1266/S14-radial-linear-rgb.typ /tmp/p1268/oracle_v3/binaries/inverse/S14-radial-linear-rgb.svg	e3b0c44298fc1c149afbf4c8996fb92427ae41e4649b934ca495991b7852b855	exit=0;stderr_sha256=e3b0c44298fc1c149afbf4c8996fb92427ae41e4649b934ca495991b7852b855
runner-command	C0468	/usr/local/bin/typst eval --format json let norm = x => if type(x) == ratio { x / 100% } else { x }; let g = (gradient.radial(red, rgb(46, 204, 64).transparentize(60%), blue, space: color.linear-rgb, center: (50%, 50%), radius: 65%, focal-center: (30%, 40%), focal-radius: 10%)).sharp(3); (g.stops().map(s => (s.at(0).components().map(norm), s.at(1) / 100%)), repr(g.kind()), repr(g.space()), repr(g.angle()), repr(g.center()), repr(g.radius()), repr(g.focal-center()), repr(g.focal-radius()))	0ad00437d657491bcc2b9c095662bb5cf123ca4d8f59912a026c60ff78e089d3	exit=0;stderr_sha256=e3b0c44298fc1c149afbf4c8996fb92427ae41e4649b934ca495991b7852b855
runner-command	C0469	/usr/local/bin/typst compile /repos/Antigravity/typst-crystalline/lab/parity/matrix/fixtures/p1266/S14-linear-linear-rgb.typ /tmp/p1268/oracle_v3/binaries/inverse/S14-linear-linear-rgb.svg	e3b0c44298fc1c149afbf4c8996fb92427ae41e4649b934ca495991b7852b855	exit=0;stderr_sha256=e3b0c44298fc1c149afbf4c8996fb92427ae41e4649b934ca495991b7852b855
runner-command	C0470	/usr/local/bin/typst eval --format json let norm = x => if type(x) == ratio { x / 100% } else { x }; let g = (gradient.linear(red, rgb(46, 204, 64).transparentize(60%), blue, space: color.linear-rgb, angle: 37deg)).sharp(3); (g.stops().map(s => (s.at(0).components().map(norm), s.at(1) / 100%)), repr(g.kind()), repr(g.space()), repr(g.angle()), repr(g.center()), repr(g.radius()), repr(g.focal-center()), repr(g.focal-radius()))	18cb70d08668e66fe040b75c53b8622d7a65c783eeeb3db0c11313c40b7de31a	exit=0;stderr_sha256=e3b0c44298fc1c149afbf4c8996fb92427ae41e4649b934ca495991b7852b855
runner-command	C0471	/usr/local/bin/typst compile /repos/Antigravity/typst-crystalline/lab/parity/matrix/fixtures/p1266/S14-radial-oklab.typ /tmp/p1268/oracle_v3/binaries/inverse/S14-radial-oklab.svg	e3b0c44298fc1c149afbf4c8996fb92427ae41e4649b934ca495991b7852b855	exit=0;stderr_sha256=e3b0c44298fc1c149afbf4c8996fb92427ae41e4649b934ca495991b7852b855
runner-command	C0472	/usr/local/bin/typst eval --format json let norm = x => if type(x) == ratio { x / 100% } else { x }; let g = (gradient.radial(red, rgb(46, 204, 64).transparentize(60%), blue, space: color.oklab, center: (50%, 50%), radius: 65%, focal-center: (30%, 40%), focal-radius: 10%)).sharp(3); (g.stops().map(s => (s.at(0).components().map(norm), s.at(1) / 100%)), repr(g.kind()), repr(g.space()), repr(g.angle()), repr(g.center()), repr(g.radius()), repr(g.focal-center()), repr(g.focal-radius()))	f26513ff35ecc1b07a48bc79e3f8c5b3d91c262107fac2a06d16dd4ad754fcae	exit=0;stderr_sha256=e3b0c44298fc1c149afbf4c8996fb92427ae41e4649b934ca495991b7852b855
runner-command	C0473	/usr/local/bin/typst compile /repos/Antigravity/typst-crystalline/lab/parity/matrix/fixtures/p1266/S14-linear-oklab.typ /tmp/p1268/oracle_v3/binaries/inverse/S14-linear-oklab.svg	e3b0c44298fc1c149afbf4c8996fb92427ae41e4649b934ca495991b7852b855	exit=0;stderr_sha256=e3b0c44298fc1c149afbf4c8996fb92427ae41e4649b934ca495991b7852b855
runner-command	C0474	/usr/local/bin/typst eval --format json let norm = x => if type(x) == ratio { x / 100% } else { x }; let g = (gradient.linear(red, rgb(46, 204, 64).transparentize(60%), blue, space: color.oklab, angle: 37deg)).sharp(3); (g.stops().map(s => (s.at(0).components().map(norm), s.at(1) / 100%)), repr(g.kind()), repr(g.space()), repr(g.angle()), repr(g.center()), repr(g.radius()), repr(g.focal-center()), repr(g.focal-radius()))	3ff1a2b69f9bf055a0f462e7c0a29923ceac4f891205b5f27708034fa65a3bd4	exit=0;stderr_sha256=e3b0c44298fc1c149afbf4c8996fb92427ae41e4649b934ca495991b7852b855
runner-command	C0475	/usr/local/bin/typst compile /repos/Antigravity/typst-crystalline/lab/parity/matrix/fixtures/p1266/S13-radial-linear-rgb.typ /tmp/p1268/oracle_v3/binaries/inverse/S13-radial-linear-rgb.svg	e3b0c44298fc1c149afbf4c8996fb92427ae41e4649b934ca495991b7852b855	exit=0;stderr_sha256=e3b0c44298fc1c149afbf4c8996fb92427ae41e4649b934ca495991b7852b855
runner-command	C0476	/usr/local/bin/typst eval --format json let norm = x => if type(x) == ratio { x / 100% } else { x }; let g = (gradient.radial((black, 0%), (white, 100%), space: color.linear-rgb, center: (50%, 50%), radius: 50%, focal-center: (50%, 50%), focal-radius: 0%)).sharp(2); (g.stops().map(s => (s.at(0).components().map(norm), s.at(1) / 100%)), repr(g.kind()), repr(g.space()), repr(g.angle()), repr(g.center()), repr(g.radius()), repr(g.focal-center()), repr(g.focal-radius()))	18c6a8acc25939e23f66fb63eb58a292241b28ff299c1b9e27f7aeae33adb633	exit=0;stderr_sha256=e3b0c44298fc1c149afbf4c8996fb92427ae41e4649b934ca495991b7852b855
runner-command	C0477	/usr/local/bin/typst compile /repos/Antigravity/typst-crystalline/lab/parity/matrix/fixtures/p1266/S13-linear-linear-rgb.typ /tmp/p1268/oracle_v3/binaries/inverse/S13-linear-linear-rgb.svg	e3b0c44298fc1c149afbf4c8996fb92427ae41e4649b934ca495991b7852b855	exit=0;stderr_sha256=e3b0c44298fc1c149afbf4c8996fb92427ae41e4649b934ca495991b7852b855
runner-command	C0478	/usr/local/bin/typst eval --format json let norm = x => if type(x) == ratio { x / 100% } else { x }; let g = (gradient.linear((black, 0%), (white, 100%), space: color.linear-rgb, angle: 0deg)).sharp(2); (g.stops().map(s => (s.at(0).components().map(norm), s.at(1) / 100%)), repr(g.kind()), repr(g.space()), repr(g.angle()), repr(g.center()), repr(g.radius()), repr(g.focal-center()), repr(g.focal-radius()))	4eedf0f8f9759ab7ec6ed78c913d5d743fabd8b610cd13acc243e659ac4faef7	exit=0;stderr_sha256=e3b0c44298fc1c149afbf4c8996fb92427ae41e4649b934ca495991b7852b855
runner-command	C0479	/usr/local/bin/typst compile /repos/Antigravity/typst-crystalline/lab/parity/matrix/fixtures/p1266/S13-radial-oklab.typ /tmp/p1268/oracle_v3/binaries/inverse/S13-radial-oklab.svg	e3b0c44298fc1c149afbf4c8996fb92427ae41e4649b934ca495991b7852b855	exit=0;stderr_sha256=e3b0c44298fc1c149afbf4c8996fb92427ae41e4649b934ca495991b7852b855
runner-command	C0480	/usr/local/bin/typst eval --format json let norm = x => if type(x) == ratio { x / 100% } else { x }; let g = (gradient.radial((black, 0%), (white, 100%), space: color.oklab, center: (50%, 50%), radius: 50%, focal-center: (50%, 50%), focal-radius: 0%)).sharp(2); (g.stops().map(s => (s.at(0).components().map(norm), s.at(1) / 100%)), repr(g.kind()), repr(g.space()), repr(g.angle()), repr(g.center()), repr(g.radius()), repr(g.focal-center()), repr(g.focal-radius()))	12fb87046129a1c8efb588a28be0cd285896dffd3fb0f35ad2d15c5b22dc1b12	exit=0;stderr_sha256=e3b0c44298fc1c149afbf4c8996fb92427ae41e4649b934ca495991b7852b855
runner-command	C0481	/usr/local/bin/typst compile /repos/Antigravity/typst-crystalline/lab/parity/matrix/fixtures/p1266/S13-linear-oklab.typ /tmp/p1268/oracle_v3/binaries/inverse/S13-linear-oklab.svg	e3b0c44298fc1c149afbf4c8996fb92427ae41e4649b934ca495991b7852b855	exit=0;stderr_sha256=e3b0c44298fc1c149afbf4c8996fb92427ae41e4649b934ca495991b7852b855
runner-command	C0482	/usr/local/bin/typst eval --format json let norm = x => if type(x) == ratio { x / 100% } else { x }; let g = (gradient.linear((black, 0%), (white, 100%), space: color.oklab, angle: 0deg)).sharp(2); (g.stops().map(s => (s.at(0).components().map(norm), s.at(1) / 100%)), repr(g.kind()), repr(g.space()), repr(g.angle()), repr(g.center()), repr(g.radius()), repr(g.focal-center()), repr(g.focal-radius()))	b281b6c22ac48c12a1ddb9801bf6e133acc95c80e2062212d57079243e49529c	exit=0;stderr_sha256=e3b0c44298fc1c149afbf4c8996fb92427ae41e4649b934ca495991b7852b855
runner-command	C0483	/usr/local/bin/typst compile /repos/Antigravity/typst-crystalline/lab/parity/matrix/fixtures/p1266/S12-radial-linear-rgb.typ /tmp/p1268/oracle_v3/binaries/inverse/S12-radial-linear-rgb.svg	e3b0c44298fc1c149afbf4c8996fb92427ae41e4649b934ca495991b7852b855	exit=0;stderr_sha256=e3b0c44298fc1c149afbf4c8996fb92427ae41e4649b934ca495991b7852b855
runner-command	C0484	/usr/local/bin/typst eval --format json let norm = x => if type(x) == ratio { x / 100% } else { x }; let g = gradient.radial((rgb(38, 70, 83).transparentize(20%), 0%), (rgb(42, 157, 143).transparentize(60%), 1.0989010989011%), (rgb(233, 196, 106).transparentize(35%), 4.3956043956044%), (rgb(244, 162, 97).transparentize(80%), 9.89010989010989%), (rgb(38, 70, 83).transparentize(20%), 12.0879120879121%), (rgb(42, 157, 143).transparentize(60%), 16.4835164835165%), (rgb(233, 196, 106).transparentize(35%), 17.5824175824176%), (rgb(244, 162, 97).transparentize(80%), 20.8791208791209%), (rgb(38, 70, 83).transparentize(20%), 26.3736263736264%), (rgb(42, 157, 143).transparentize(60%), 28.5714285714286%), (rgb(233, 196, 106).transparentize(35%), 32.967032967033%), (rgb(244, 162, 97).transparentize(80%), 34.0659340659341%), (rgb(38, 70, 83).transparentize(20%), 37.3626373626374%), (rgb(42, 157, 143).transparentize(60%), 42.8571428571429%), (rgb(233, 196, 106).transparentize(35%), 45.0549450549451%), (rgb(244, 162, 97).transparentize(80%), 49.4505494505495%), (rgb(38, 70, 83).transparentize(20%), 50.5494505494505%), (rgb(42, 157, 143).transparentize(60%), 53.8461538461538%), (rgb(233, 196, 106).transparentize(35%), 59.3406593406593%), (rgb(244, 162, 97).transparentize(80%), 61.5384615384615%), (rgb(38, 70, 83).transparentize(20%), 65.9340659340659%), (rgb(42, 157, 143).transparentize(60%), 67.032967032967%), (rgb(233, 196, 106).transparentize(35%), 70.3296703296703%), (rgb(244, 162, 97).transparentize(80%), 75.8241758241758%), (rgb(38, 70, 83).transparentize(20%), 78.021978021978%), (rgb(42, 157, 143).transparentize(60%), 82.4175824175824%), (rgb(233, 196, 106).transparentize(35%), 83.5164835164835%), (rgb(244, 162, 97).transparentize(80%), 86.8131868131868%), (rgb(38, 70, 83).transparentize(20%), 92.3076923076923%), (rgb(42, 157, 143).transparentize(60%), 94.5054945054945%), (rgb(233, 196, 106).transparentize(35%), 98.9010989010989%), (rgb(244, 162, 97).transparentize(80%), 100%), space: color.linear-rgb, center: (50%, 50%), radius: 65%, focal-center: (30%, 40%), focal-radius: 10%); (g.stops().map(s => (s.at(0).components().map(norm), s.at(1) / 100%)), repr(g.kind()), repr(g.space()), repr(g.angle()), repr(g.center()), repr(g.radius()), repr(g.focal-center()), repr(g.focal-radius()))	0b56f9bf5da90a19ed45a9346386a7ebd591b0483481484734b42a4113018625	exit=0;stderr_sha256=e3b0c44298fc1c149afbf4c8996fb92427ae41e4649b934ca495991b7852b855
runner-command	C0485	/usr/local/bin/typst compile /repos/Antigravity/typst-crystalline/lab/parity/matrix/fixtures/p1266/S12-linear-linear-rgb.typ /tmp/p1268/oracle_v3/binaries/inverse/S12-linear-linear-rgb.svg	e3b0c44298fc1c149afbf4c8996fb92427ae41e4649b934ca495991b7852b855	exit=0;stderr_sha256=e3b0c44298fc1c149afbf4c8996fb92427ae41e4649b934ca495991b7852b855
runner-command	C0486	/usr/local/bin/typst eval --format json let norm = x => if type(x) == ratio { x / 100% } else { x }; let g = gradient.linear((rgb(38, 70, 83).transparentize(20%), 0%), (rgb(42, 157, 143).transparentize(60%), 1.0989010989011%), (rgb(233, 196, 106).transparentize(35%), 4.3956043956044%), (rgb(244, 162, 97).transparentize(80%), 9.89010989010989%), (rgb(38, 70, 83).transparentize(20%), 12.0879120879121%), (rgb(42, 157, 143).transparentize(60%), 16.4835164835165%), (rgb(233, 196, 106).transparentize(35%), 17.5824175824176%), (rgb(244, 162, 97).transparentize(80%), 20.8791208791209%), (rgb(38, 70, 83).transparentize(20%), 26.3736263736264%), (rgb(42, 157, 143).transparentize(60%), 28.5714285714286%), (rgb(233, 196, 106).transparentize(35%), 32.967032967033%), (rgb(244, 162, 97).transparentize(80%), 34.0659340659341%), (rgb(38, 70, 83).transparentize(20%), 37.3626373626374%), (rgb(42, 157, 143).transparentize(60%), 42.8571428571429%), (rgb(233, 196, 106).transparentize(35%), 45.0549450549451%), (rgb(244, 162, 97).transparentize(80%), 49.4505494505495%), (rgb(38, 70, 83).transparentize(20%), 50.5494505494505%), (rgb(42, 157, 143).transparentize(60%), 53.8461538461538%), (rgb(233, 196, 106).transparentize(35%), 59.3406593406593%), (rgb(244, 162, 97).transparentize(80%), 61.5384615384615%), (rgb(38, 70, 83).transparentize(20%), 65.9340659340659%), (rgb(42, 157, 143).transparentize(60%), 67.032967032967%), (rgb(233, 196, 106).transparentize(35%), 70.3296703296703%), (rgb(244, 162, 97).transparentize(80%), 75.8241758241758%), (rgb(38, 70, 83).transparentize(20%), 78.021978021978%), (rgb(42, 157, 143).transparentize(60%), 82.4175824175824%), (rgb(233, 196, 106).transparentize(35%), 83.5164835164835%), (rgb(244, 162, 97).transparentize(80%), 86.8131868131868%), (rgb(38, 70, 83).transparentize(20%), 92.3076923076923%), (rgb(42, 157, 143).transparentize(60%), 94.5054945054945%), (rgb(233, 196, 106).transparentize(35%), 98.9010989010989%), (rgb(244, 162, 97).transparentize(80%), 100%), space: color.linear-rgb, angle: 720.5deg); (g.stops().map(s => (s.at(0).components().map(norm), s.at(1) / 100%)), repr(g.kind()), repr(g.space()), repr(g.angle()), repr(g.center()), repr(g.radius()), repr(g.focal-center()), repr(g.focal-radius()))	4322fcaae6e6b4ef8f0b7eb9a2a613c1e010b7bcd6b73d07c3d2547cfe294658	exit=0;stderr_sha256=e3b0c44298fc1c149afbf4c8996fb92427ae41e4649b934ca495991b7852b855
runner-command	C0487	/usr/local/bin/typst compile /repos/Antigravity/typst-crystalline/lab/parity/matrix/fixtures/p1266/S12-radial-oklab.typ /tmp/p1268/oracle_v3/binaries/inverse/S12-radial-oklab.svg	e3b0c44298fc1c149afbf4c8996fb92427ae41e4649b934ca495991b7852b855	exit=0;stderr_sha256=e3b0c44298fc1c149afbf4c8996fb92427ae41e4649b934ca495991b7852b855
runner-command	C0488	/usr/local/bin/typst eval --format json let norm = x => if type(x) == ratio { x / 100% } else { x }; let g = gradient.radial((rgb(38, 70, 83).transparentize(20%), 0%), (rgb(42, 157, 143).transparentize(60%), 1.0989010989011%), (rgb(233, 196, 106).transparentize(35%), 4.3956043956044%), (rgb(244, 162, 97).transparentize(80%), 9.89010989010989%), (rgb(38, 70, 83).transparentize(20%), 12.0879120879121%), (rgb(42, 157, 143).transparentize(60%), 16.4835164835165%), (rgb(233, 196, 106).transparentize(35%), 17.5824175824176%), (rgb(244, 162, 97).transparentize(80%), 20.8791208791209%), (rgb(38, 70, 83).transparentize(20%), 26.3736263736264%), (rgb(42, 157, 143).transparentize(60%), 28.5714285714286%), (rgb(233, 196, 106).transparentize(35%), 32.967032967033%), (rgb(244, 162, 97).transparentize(80%), 34.0659340659341%), (rgb(38, 70, 83).transparentize(20%), 37.3626373626374%), (rgb(42, 157, 143).transparentize(60%), 42.8571428571429%), (rgb(233, 196, 106).transparentize(35%), 45.0549450549451%), (rgb(244, 162, 97).transparentize(80%), 49.4505494505495%), (rgb(38, 70, 83).transparentize(20%), 50.5494505494505%), (rgb(42, 157, 143).transparentize(60%), 53.8461538461538%), (rgb(233, 196, 106).transparentize(35%), 59.3406593406593%), (rgb(244, 162, 97).transparentize(80%), 61.5384615384615%), (rgb(38, 70, 83).transparentize(20%), 65.9340659340659%), (rgb(42, 157, 143).transparentize(60%), 67.032967032967%), (rgb(233, 196, 106).transparentize(35%), 70.3296703296703%), (rgb(244, 162, 97).transparentize(80%), 75.8241758241758%), (rgb(38, 70, 83).transparentize(20%), 78.021978021978%), (rgb(42, 157, 143).transparentize(60%), 82.4175824175824%), (rgb(233, 196, 106).transparentize(35%), 83.5164835164835%), (rgb(244, 162, 97).transparentize(80%), 86.8131868131868%), (rgb(38, 70, 83).transparentize(20%), 92.3076923076923%), (rgb(42, 157, 143).transparentize(60%), 94.5054945054945%), (rgb(233, 196, 106).transparentize(35%), 98.9010989010989%), (rgb(244, 162, 97).transparentize(80%), 100%), space: color.oklab, center: (50%, 50%), radius: 65%, focal-center: (30%, 40%), focal-radius: 10%); (g.stops().map(s => (s.at(0).components().map(norm), s.at(1) / 100%)), repr(g.kind()), repr(g.space()), repr(g.angle()), repr(g.center()), repr(g.radius()), repr(g.focal-center()), repr(g.focal-radius()))	5fc49a501d909729558ec8e1a52a52a87bcf94990b6d2857706460b5ba78b149	exit=0;stderr_sha256=e3b0c44298fc1c149afbf4c8996fb92427ae41e4649b934ca495991b7852b855
runner-command	C0489	/usr/local/bin/typst compile /repos/Antigravity/typst-crystalline/lab/parity/matrix/fixtures/p1266/S12-linear-oklab.typ /tmp/p1268/oracle_v3/binaries/inverse/S12-linear-oklab.svg	e3b0c44298fc1c149afbf4c8996fb92427ae41e4649b934ca495991b7852b855	exit=0;stderr_sha256=e3b0c44298fc1c149afbf4c8996fb92427ae41e4649b934ca495991b7852b855
runner-command	C0490	/usr/local/bin/typst eval --format json let norm = x => if type(x) == ratio { x / 100% } else { x }; let g = gradient.linear((rgb(38, 70, 83).transparentize(20%), 0%), (rgb(42, 157, 143).transparentize(60%), 1.0989010989011%), (rgb(233, 196, 106).transparentize(35%), 4.3956043956044%), (rgb(244, 162, 97).transparentize(80%), 9.89010989010989%), (rgb(38, 70, 83).transparentize(20%), 12.0879120879121%), (rgb(42, 157, 143).transparentize(60%), 16.4835164835165%), (rgb(233, 196, 106).transparentize(35%), 17.5824175824176%), (rgb(244, 162, 97).transparentize(80%), 20.8791208791209%), (rgb(38, 70, 83).transparentize(20%), 26.3736263736264%), (rgb(42, 157, 143).transparentize(60%), 28.5714285714286%), (rgb(233, 196, 106).transparentize(35%), 32.967032967033%), (rgb(244, 162, 97).transparentize(80%), 34.0659340659341%), (rgb(38, 70, 83).transparentize(20%), 37.3626373626374%), (rgb(42, 157, 143).transparentize(60%), 42.8571428571429%), (rgb(233, 196, 106).transparentize(35%), 45.0549450549451%), (rgb(244, 162, 97).transparentize(80%), 49.4505494505495%), (rgb(38, 70, 83).transparentize(20%), 50.5494505494505%), (rgb(42, 157, 143).transparentize(60%), 53.8461538461538%), (rgb(233, 196, 106).transparentize(35%), 59.3406593406593%), (rgb(244, 162, 97).transparentize(80%), 61.5384615384615%), (rgb(38, 70, 83).transparentize(20%), 65.9340659340659%), (rgb(42, 157, 143).transparentize(60%), 67.032967032967%), (rgb(233, 196, 106).transparentize(35%), 70.3296703296703%), (rgb(244, 162, 97).transparentize(80%), 75.8241758241758%), (rgb(38, 70, 83).transparentize(20%), 78.021978021978%), (rgb(42, 157, 143).transparentize(60%), 82.4175824175824%), (rgb(233, 196, 106).transparentize(35%), 83.5164835164835%), (rgb(244, 162, 97).transparentize(80%), 86.8131868131868%), (rgb(38, 70, 83).transparentize(20%), 92.3076923076923%), (rgb(42, 157, 143).transparentize(60%), 94.5054945054945%), (rgb(233, 196, 106).transparentize(35%), 98.9010989010989%), (rgb(244, 162, 97).transparentize(80%), 100%), space: color.oklab, angle: 720.5deg); (g.stops().map(s => (s.at(0).components().map(norm), s.at(1) / 100%)), repr(g.kind()), repr(g.space()), repr(g.angle()), repr(g.center()), repr(g.radius()), repr(g.focal-center()), repr(g.focal-radius()))	2239cb43b50a2631bee51f2a3fb50d788fb5777154f6b4a08e04e3935740c28d	exit=0;stderr_sha256=e3b0c44298fc1c149afbf4c8996fb92427ae41e4649b934ca495991b7852b855
runner-command	C0491	/usr/local/bin/typst compile /repos/Antigravity/typst-crystalline/lab/parity/matrix/fixtures/p1266/S11-radial-linear-rgb.typ /tmp/p1268/oracle_v3/binaries/inverse/S11-radial-linear-rgb.svg	e3b0c44298fc1c149afbf4c8996fb92427ae41e4649b934ca495991b7852b855	exit=0;stderr_sha256=e3b0c44298fc1c149afbf4c8996fb92427ae41e4649b934ca495991b7852b855
runner-command	C0492	/usr/local/bin/typst eval --format json let norm = x => if type(x) == ratio { x / 100% } else { x }; let g = gradient.radial(red.transparentize(1%), rgb(46, 204, 64).transparentize(1%), blue.transparentize(1%), yellow.transparentize(1%), red.transparentize(1%), rgb(46, 204, 64).transparentize(1%), blue.transparentize(1%), yellow.transparentize(1%), red.transparentize(1%), rgb(46, 204, 64).transparentize(1%), blue.transparentize(1%), yellow.transparentize(1%), red.transparentize(1%), rgb(46, 204, 64).transparentize(1%), blue.transparentize(1%), yellow.transparentize(1%), space: color.linear-rgb, center: (50%, 50%), radius: 50%, focal-center: (50%, 50%), focal-radius: 0%); (g.stops().map(s => (s.at(0).components().map(norm), s.at(1) / 100%)), repr(g.kind()), repr(g.space()), repr(g.angle()), repr(g.center()), repr(g.radius()), repr(g.focal-center()), repr(g.focal-radius()))	a62760a37cf37077f834c5ff84d207310f6a246f9f2f80ab76b7ff9b4512d331	exit=0;stderr_sha256=e3b0c44298fc1c149afbf4c8996fb92427ae41e4649b934ca495991b7852b855
runner-command	C0493	/usr/local/bin/typst compile /repos/Antigravity/typst-crystalline/lab/parity/matrix/fixtures/p1266/S11-linear-linear-rgb.typ /tmp/p1268/oracle_v3/binaries/inverse/S11-linear-linear-rgb.svg	e3b0c44298fc1c149afbf4c8996fb92427ae41e4649b934ca495991b7852b855	exit=0;stderr_sha256=e3b0c44298fc1c149afbf4c8996fb92427ae41e4649b934ca495991b7852b855
runner-command	C0494	/usr/local/bin/typst eval --format json let norm = x => if type(x) == ratio { x / 100% } else { x }; let g = gradient.linear(red.transparentize(1%), rgb(46, 204, 64).transparentize(1%), blue.transparentize(1%), yellow.transparentize(1%), red.transparentize(1%), rgb(46, 204, 64).transparentize(1%), blue.transparentize(1%), yellow.transparentize(1%), red.transparentize(1%), rgb(46, 204, 64).transparentize(1%), blue.transparentize(1%), yellow.transparentize(1%), red.transparentize(1%), rgb(46, 204, 64).transparentize(1%), blue.transparentize(1%), yellow.transparentize(1%), space: color.linear-rgb, angle: -360deg); (g.stops().map(s => (s.at(0).components().map(norm), s.at(1) / 100%)), repr(g.kind()), repr(g.space()), repr(g.angle()), repr(g.center()), repr(g.radius()), repr(g.focal-center()), repr(g.focal-radius()))	68bdab29f2888638deea44a8ce470decfc5b88dabb293c8c3f9277dd00fe6ce9	exit=0;stderr_sha256=e3b0c44298fc1c149afbf4c8996fb92427ae41e4649b934ca495991b7852b855
runner-command	C0495	/usr/local/bin/typst compile /repos/Antigravity/typst-crystalline/lab/parity/matrix/fixtures/p1266/S11-radial-oklab.typ /tmp/p1268/oracle_v3/binaries/inverse/S11-radial-oklab.svg	e3b0c44298fc1c149afbf4c8996fb92427ae41e4649b934ca495991b7852b855	exit=0;stderr_sha256=e3b0c44298fc1c149afbf4c8996fb92427ae41e4649b934ca495991b7852b855
runner-command	C0496	/usr/local/bin/typst eval --format json let norm = x => if type(x) == ratio { x / 100% } else { x }; let g = gradient.radial(red.transparentize(1%), rgb(46, 204, 64).transparentize(1%), blue.transparentize(1%), yellow.transparentize(1%), red.transparentize(1%), rgb(46, 204, 64).transparentize(1%), blue.transparentize(1%), yellow.transparentize(1%), red.transparentize(1%), rgb(46, 204, 64).transparentize(1%), blue.transparentize(1%), yellow.transparentize(1%), red.transparentize(1%), rgb(46, 204, 64).transparentize(1%), blue.transparentize(1%), yellow.transparentize(1%), space: color.oklab, center: (50%, 50%), radius: 50%, focal-center: (50%, 50%), focal-radius: 0%); (g.stops().map(s => (s.at(0).components().map(norm), s.at(1) / 100%)), repr(g.kind()), repr(g.space()), repr(g.angle()), repr(g.center()), repr(g.radius()), repr(g.focal-center()), repr(g.focal-radius()))	e46675fbc4d82662e413228cfe46e1ececd7d58cd0eb8949159b7840ceaa44bb	exit=0;stderr_sha256=e3b0c44298fc1c149afbf4c8996fb92427ae41e4649b934ca495991b7852b855
runner-command	C0497	/usr/local/bin/typst compile /repos/Antigravity/typst-crystalline/lab/parity/matrix/fixtures/p1266/S11-linear-oklab.typ /tmp/p1268/oracle_v3/binaries/inverse/S11-linear-oklab.svg	e3b0c44298fc1c149afbf4c8996fb92427ae41e4649b934ca495991b7852b855	exit=0;stderr_sha256=e3b0c44298fc1c149afbf4c8996fb92427ae41e4649b934ca495991b7852b855
runner-command	C0498	/usr/local/bin/typst eval --format json let norm = x => if type(x) == ratio { x / 100% } else { x }; let g = gradient.linear(red.transparentize(1%), rgb(46, 204, 64).transparentize(1%), blue.transparentize(1%), yellow.transparentize(1%), red.transparentize(1%), rgb(46, 204, 64).transparentize(1%), blue.transparentize(1%), yellow.transparentize(1%), red.transparentize(1%), rgb(46, 204, 64).transparentize(1%), blue.transparentize(1%), yellow.transparentize(1%), red.transparentize(1%), rgb(46, 204, 64).transparentize(1%), blue.transparentize(1%), yellow.transparentize(1%), space: color.oklab, angle: -360deg); (g.stops().map(s => (s.at(0).components().map(norm), s.at(1) / 100%)), repr(g.kind()), repr(g.space()), repr(g.angle()), repr(g.center()), repr(g.radius()), repr(g.focal-center()), repr(g.focal-radius()))	19adda1305bd294942b29b93d6077c9e45f37ab1c743cc01483c0afbd5acb50d	exit=0;stderr_sha256=e3b0c44298fc1c149afbf4c8996fb92427ae41e4649b934ca495991b7852b855
runner-command	C0499	/usr/local/bin/typst compile /repos/Antigravity/typst-crystalline/lab/parity/matrix/fixtures/p1266/S10-radial-linear-rgb.typ /tmp/p1268/oracle_v3/binaries/inverse/S10-radial-linear-rgb.svg	e3b0c44298fc1c149afbf4c8996fb92427ae41e4649b934ca495991b7852b855	exit=0;stderr_sha256=e3b0c44298fc1c149afbf4c8996fb92427ae41e4649b934ca495991b7852b855
runner-command	C0500	/usr/local/bin/typst eval --format json let norm = x => if type(x) == ratio { x / 100% } else { x }; let g = gradient.radial((red.transparentize(99%), 0%), (rgb(46, 204, 64).transparentize(99%), 16.6666666666667%), (blue.transparentize(99%), 33.3333333333333%), (yellow.transparentize(99%), 50%), (red.transparentize(99%), 50.0001%), (rgb(46, 204, 64).transparentize(99%), 66.6667333333333%), (blue.transparentize(99%), 83.3333666666667%), (yellow.transparentize(99%), 100%), space: color.linear-rgb, center: (50%, 50%), radius: 50%, focal-center: (93.9%, 50%), focal-radius: 6%); (g.stops().map(s => (s.at(0).components().map(norm), s.at(1) / 100%)), repr(g.kind()), repr(g.space()), repr(g.angle()), repr(g.center()), repr(g.radius()), repr(g.focal-center()), repr(g.focal-radius()))	0c45663dd56e52be25b4efda913f58b63f2d7f2f24fa38ab873cc82c7ce6dece	exit=0;stderr_sha256=e3b0c44298fc1c149afbf4c8996fb92427ae41e4649b934ca495991b7852b855
runner-command	C0501	/usr/local/bin/typst compile /repos/Antigravity/typst-crystalline/lab/parity/matrix/fixtures/p1266/S10-linear-linear-rgb.typ /tmp/p1268/oracle_v3/binaries/inverse/S10-linear-linear-rgb.svg	e3b0c44298fc1c149afbf4c8996fb92427ae41e4649b934ca495991b7852b855	exit=0;stderr_sha256=e3b0c44298fc1c149afbf4c8996fb92427ae41e4649b934ca495991b7852b855
runner-command	C0502	/usr/local/bin/typst eval --format json let norm = x => if type(x) == ratio { x / 100% } else { x }; let g = gradient.linear((red.transparentize(99%), 0%), (rgb(46, 204, 64).transparentize(99%), 16.6666666666667%), (blue.transparentize(99%), 33.3333333333333%), (yellow.transparentize(99%), 50%), (red.transparentize(99%), 50.0001%), (rgb(46, 204, 64).transparentize(99%), 66.6667333333333%), (blue.transparentize(99%), 83.3333666666667%), (yellow.transparentize(99%), 100%), space: color.linear-rgb, angle: 359.9999deg); (g.stops().map(s => (s.at(0).components().map(norm), s.at(1) / 100%)), repr(g.kind()), repr(g.space()), repr(g.angle()), repr(g.center()), repr(g.radius()), repr(g.focal-center()), repr(g.focal-radius()))	11066fb3e527e1ec00650b3e0e0a456e7fdb877deead1b4f79bf5ea3d8776f13	exit=0;stderr_sha256=e3b0c44298fc1c149afbf4c8996fb92427ae41e4649b934ca495991b7852b855
runner-command	C0503	/usr/local/bin/typst compile /repos/Antigravity/typst-crystalline/lab/parity/matrix/fixtures/p1266/S10-radial-oklab.typ /tmp/p1268/oracle_v3/binaries/inverse/S10-radial-oklab.svg	e3b0c44298fc1c149afbf4c8996fb92427ae41e4649b934ca495991b7852b855	exit=0;stderr_sha256=e3b0c44298fc1c149afbf4c8996fb92427ae41e4649b934ca495991b7852b855
runner-command	C0504	/usr/local/bin/typst eval --format json let norm = x => if type(x) == ratio { x / 100% } else { x }; let g = gradient.radial((red.transparentize(99%), 0%), (rgb(46, 204, 64).transparentize(99%), 16.6666666666667%), (blue.transparentize(99%), 33.3333333333333%), (yellow.transparentize(99%), 50%), (red.transparentize(99%), 50.0001%), (rgb(46, 204, 64).transparentize(99%), 66.6667333333333%), (blue.transparentize(99%), 83.3333666666667%), (yellow.transparentize(99%), 100%), space: color.oklab, center: (50%, 50%), radius: 50%, focal-center: (93.9%, 50%), focal-radius: 6%); (g.stops().map(s => (s.at(0).components().map(norm), s.at(1) / 100%)), repr(g.kind()), repr(g.space()), repr(g.angle()), repr(g.center()), repr(g.radius()), repr(g.focal-center()), repr(g.focal-radius()))	227dc00c2ed51b1b908da6da0f0865341007979d313d353994bf0833df8d4f78	exit=0;stderr_sha256=e3b0c44298fc1c149afbf4c8996fb92427ae41e4649b934ca495991b7852b855
runner-command	C0505	/usr/local/bin/typst compile /repos/Antigravity/typst-crystalline/lab/parity/matrix/fixtures/p1266/S10-linear-oklab.typ /tmp/p1268/oracle_v3/binaries/inverse/S10-linear-oklab.svg	e3b0c44298fc1c149afbf4c8996fb92427ae41e4649b934ca495991b7852b855	exit=0;stderr_sha256=e3b0c44298fc1c149afbf4c8996fb92427ae41e4649b934ca495991b7852b855
runner-command	C0506	/usr/local/bin/typst eval --format json let norm = x => if type(x) == ratio { x / 100% } else { x }; let g = gradient.linear((red.transparentize(99%), 0%), (rgb(46, 204, 64).transparentize(99%), 16.6666666666667%), (blue.transparentize(99%), 33.3333333333333%), (yellow.transparentize(99%), 50%), (red.transparentize(99%), 50.0001%), (rgb(46, 204, 64).transparentize(99%), 66.6667333333333%), (blue.transparentize(99%), 83.3333666666667%), (yellow.transparentize(99%), 100%), space: color.oklab, angle: 359.9999deg); (g.stops().map(s => (s.at(0).components().map(norm), s.at(1) / 100%)), repr(g.kind()), repr(g.space()), repr(g.angle()), repr(g.center()), repr(g.radius()), repr(g.focal-center()), repr(g.focal-radius()))	230ef11364b1dd199474677696f35412be0ffed39f5c83137cbc0ea83401114f	exit=0;stderr_sha256=e3b0c44298fc1c149afbf4c8996fb92427ae41e4649b934ca495991b7852b855
runner-command	C0507	/usr/local/bin/typst compile /repos/Antigravity/typst-crystalline/lab/parity/matrix/fixtures/p1266/S09-radial-linear-rgb.typ /tmp/p1268/oracle_v3/binaries/inverse/S09-radial-linear-rgb.svg	e3b0c44298fc1c149afbf4c8996fb92427ae41e4649b934ca495991b7852b855	exit=0;stderr_sha256=e3b0c44298fc1c149afbf4c8996fb92427ae41e4649b934ca495991b7852b855
runner-command	C0508	/usr/local/bin/typst eval --format json let norm = x => if type(x) == ratio { x / 100% } else { x }; let g = gradient.radial((red, 0%), (rgb(46, 204, 64), 33.3333333333333%), (blue.transparentize(100%), 66.6666666666667%), (yellow.transparentize(100%), 100%), (yellow.transparentize(100%), 100%), space: color.linear-rgb, center: (50%, 50%), radius: 60%, focal-center: (40%, 50%), focal-radius: 15%); (g.stops().map(s => (s.at(0).components().map(norm), s.at(1) / 100%)), repr(g.kind()), repr(g.space()), repr(g.angle()), repr(g.center()), repr(g.radius()), repr(g.focal-center()), repr(g.focal-radius()))	330685a40ce92d945e67ac643ea9ddd0023c45b699724968ca475e52789e6b12	exit=0;stderr_sha256=e3b0c44298fc1c149afbf4c8996fb92427ae41e4649b934ca495991b7852b855
runner-command	C0509	/usr/local/bin/typst compile /repos/Antigravity/typst-crystalline/lab/parity/matrix/fixtures/p1266/S09-linear-linear-rgb.typ /tmp/p1268/oracle_v3/binaries/inverse/S09-linear-linear-rgb.svg	e3b0c44298fc1c149afbf4c8996fb92427ae41e4649b934ca495991b7852b855	exit=0;stderr_sha256=e3b0c44298fc1c149afbf4c8996fb92427ae41e4649b934ca495991b7852b855
runner-command	C0510	/usr/local/bin/typst eval --format json let norm = x => if type(x) == ratio { x / 100% } else { x }; let g = gradient.linear((red, 0%), (rgb(46, 204, 64), 33.3333333333333%), (blue.transparentize(100%), 66.6666666666667%), (yellow.transparentize(100%), 100%), (yellow.transparentize(100%), 100%), space: color.linear-rgb, angle: 180deg); (g.stops().map(s => (s.at(0).components().map(norm), s.at(1) / 100%)), repr(g.kind()), repr(g.space()), repr(g.angle()), repr(g.center()), repr(g.radius()), repr(g.focal-center()), repr(g.focal-radius()))	fbe986030e69794a5deb51a789d75acf3d5ac6e97ac0bfbe65f45cf983f28b5b	exit=0;stderr_sha256=e3b0c44298fc1c149afbf4c8996fb92427ae41e4649b934ca495991b7852b855
runner-command	C0511	/usr/local/bin/typst compile /repos/Antigravity/typst-crystalline/lab/parity/matrix/fixtures/p1266/S09-radial-oklab.typ /tmp/p1268/oracle_v3/binaries/inverse/S09-radial-oklab.svg	e3b0c44298fc1c149afbf4c8996fb92427ae41e4649b934ca495991b7852b855	exit=0;stderr_sha256=e3b0c44298fc1c149afbf4c8996fb92427ae41e4649b934ca495991b7852b855
runner-command	C0512	/usr/local/bin/typst eval --format json let norm = x => if type(x) == ratio { x / 100% } else { x }; let g = gradient.radial((red, 0%), (rgb(46, 204, 64), 33.3333333333333%), (blue.transparentize(100%), 66.6666666666667%), (yellow.transparentize(100%), 100%), (yellow.transparentize(100%), 100%), space: color.oklab, center: (50%, 50%), radius: 60%, focal-center: (40%, 50%), focal-radius: 15%); (g.stops().map(s => (s.at(0).components().map(norm), s.at(1) / 100%)), repr(g.kind()), repr(g.space()), repr(g.angle()), repr(g.center()), repr(g.radius()), repr(g.focal-center()), repr(g.focal-radius()))	5c90e371e4128978f05b95d90ec8df6b8aad5c47b680e4eb354a014fac68d395	exit=0;stderr_sha256=e3b0c44298fc1c149afbf4c8996fb92427ae41e4649b934ca495991b7852b855
runner-command	C0513	/usr/local/bin/typst compile /repos/Antigravity/typst-crystalline/lab/parity/matrix/fixtures/p1266/S09-linear-oklab.typ /tmp/p1268/oracle_v3/binaries/inverse/S09-linear-oklab.svg	e3b0c44298fc1c149afbf4c8996fb92427ae41e4649b934ca495991b7852b855	exit=0;stderr_sha256=e3b0c44298fc1c149afbf4c8996fb92427ae41e4649b934ca495991b7852b855
runner-command	C0514	/usr/local/bin/typst eval --format json let norm = x => if type(x) == ratio { x / 100% } else { x }; let g = gradient.linear((red, 0%), (rgb(46, 204, 64), 33.3333333333333%), (blue.transparentize(100%), 66.6666666666667%), (yellow.transparentize(100%), 100%), (yellow.transparentize(100%), 100%), space: color.oklab, angle: 180deg); (g.stops().map(s => (s.at(0).components().map(norm), s.at(1) / 100%)), repr(g.kind()), repr(g.space()), repr(g.angle()), repr(g.center()), repr(g.radius()), repr(g.focal-center()), repr(g.focal-radius()))	cd9501d0a8d1331edd27bb34c4fd3c75f5bfe1f7be4b04f62a1b6b9814489abd	exit=0;stderr_sha256=e3b0c44298fc1c149afbf4c8996fb92427ae41e4649b934ca495991b7852b855
runner-command	C0515	/usr/local/bin/typst compile /repos/Antigravity/typst-crystalline/lab/parity/matrix/fixtures/p1266/S08-radial-linear-rgb.typ /tmp/p1268/oracle_v3/binaries/inverse/S08-radial-linear-rgb.svg	e3b0c44298fc1c149afbf4c8996fb92427ae41e4649b934ca495991b7852b855	exit=0;stderr_sha256=e3b0c44298fc1c149afbf4c8996fb92427ae41e4649b934ca495991b7852b855
runner-command	C0516	/usr/local/bin/typst eval --format json let norm = x => if type(x) == ratio { x / 100% } else { x }; let g = gradient.radial((red, 0%), (rgb(46, 204, 64).transparentize(60%), 50%), (blue, 50%), (blue, 100%), space: color.linear-rgb, center: (50%, 50%), radius: 65%, focal-center: (30%, 40%), focal-radius: 10%); (g.stops().map(s => (s.at(0).components().map(norm), s.at(1) / 100%)), repr(g.kind()), repr(g.space()), repr(g.angle()), repr(g.center()), repr(g.radius()), repr(g.focal-center()), repr(g.focal-radius()))	748d87ab81d3c9634972673514c40f916440b1b3286a4e8405ee30ffacaaddf7	exit=0;stderr_sha256=e3b0c44298fc1c149afbf4c8996fb92427ae41e4649b934ca495991b7852b855
runner-command	C0517	/usr/local/bin/typst compile /repos/Antigravity/typst-crystalline/lab/parity/matrix/fixtures/p1266/S08-linear-linear-rgb.typ /tmp/p1268/oracle_v3/binaries/inverse/S08-linear-linear-rgb.svg	e3b0c44298fc1c149afbf4c8996fb92427ae41e4649b934ca495991b7852b855	exit=0;stderr_sha256=e3b0c44298fc1c149afbf4c8996fb92427ae41e4649b934ca495991b7852b855
runner-command	C0518	/usr/local/bin/typst eval --format json let norm = x => if type(x) == ratio { x / 100% } else { x }; let g = gradient.linear((red, 0%), (rgb(46, 204, 64).transparentize(60%), 50%), (blue, 50%), (blue, 100%), space: color.linear-rgb, angle: 89.9999deg); (g.stops().map(s => (s.at(0).components().map(norm), s.at(1) / 100%)), repr(g.kind()), repr(g.space()), repr(g.angle()), repr(g.center()), repr(g.radius()), repr(g.focal-center()), repr(g.focal-radius()))	fa5c82af09ee5f7ad2610939a5079d582e467b262fbe246a9d07d5ed242c1bf6	exit=0;stderr_sha256=e3b0c44298fc1c149afbf4c8996fb92427ae41e4649b934ca495991b7852b855
runner-command	C0519	/usr/local/bin/typst compile /repos/Antigravity/typst-crystalline/lab/parity/matrix/fixtures/p1266/S08-radial-oklab.typ /tmp/p1268/oracle_v3/binaries/inverse/S08-radial-oklab.svg	e3b0c44298fc1c149afbf4c8996fb92427ae41e4649b934ca495991b7852b855	exit=0;stderr_sha256=e3b0c44298fc1c149afbf4c8996fb92427ae41e4649b934ca495991b7852b855
runner-command	C0520	/usr/local/bin/typst eval --format json let norm = x => if type(x) == ratio { x / 100% } else { x }; let g = gradient.radial((red, 0%), (rgb(46, 204, 64).transparentize(60%), 50%), (blue, 50%), (blue, 100%), space: color.oklab, center: (50%, 50%), radius: 65%, focal-center: (30%, 40%), focal-radius: 10%); (g.stops().map(s => (s.at(0).components().map(norm), s.at(1) / 100%)), repr(g.kind()), repr(g.space()), repr(g.angle()), repr(g.center()), repr(g.radius()), repr(g.focal-center()), repr(g.focal-radius()))	1cb3cea88a92ab3f1bdcb01fb95a1c206f1075900f6ab792927e84f97cf6794d	exit=0;stderr_sha256=e3b0c44298fc1c149afbf4c8996fb92427ae41e4649b934ca495991b7852b855
runner-command	C0521	/usr/local/bin/typst compile /repos/Antigravity/typst-crystalline/lab/parity/matrix/fixtures/p1266/S08-linear-oklab.typ /tmp/p1268/oracle_v3/binaries/inverse/S08-linear-oklab.svg	e3b0c44298fc1c149afbf4c8996fb92427ae41e4649b934ca495991b7852b855	exit=0;stderr_sha256=e3b0c44298fc1c149afbf4c8996fb92427ae41e4649b934ca495991b7852b855
runner-command	C0522	/usr/local/bin/typst eval --format json let norm = x => if type(x) == ratio { x / 100% } else { x }; let g = gradient.linear((red, 0%), (rgb(46, 204, 64).transparentize(60%), 50%), (blue, 50%), (blue, 100%), space: color.oklab, angle: 89.9999deg); (g.stops().map(s => (s.at(0).components().map(norm), s.at(1) / 100%)), repr(g.kind()), repr(g.space()), repr(g.angle()), repr(g.center()), repr(g.radius()), repr(g.focal-center()), repr(g.focal-radius()))	d92bcd87efd5f7437c8d9c695c304859cfee9bdc0cdc973f9d31ae3c7e84ed4d	exit=0;stderr_sha256=e3b0c44298fc1c149afbf4c8996fb92427ae41e4649b934ca495991b7852b855
runner-command	C0523	/usr/local/bin/typst compile /repos/Antigravity/typst-crystalline/lab/parity/matrix/fixtures/p1266/S07-radial-linear-rgb.typ /tmp/p1268/oracle_v3/binaries/inverse/S07-radial-linear-rgb.svg	e3b0c44298fc1c149afbf4c8996fb92427ae41e4649b934ca495991b7852b855	exit=0;stderr_sha256=e3b0c44298fc1c149afbf4c8996fb92427ae41e4649b934ca495991b7852b855
runner-command	C0524	/usr/local/bin/typst eval --format json let norm = x => if type(x) == ratio { x / 100% } else { x }; let g = gradient.radial((red, 0%), (red, 0%), (rgb(46, 204, 64), 100%), space: color.linear-rgb, center: (50%, 50%), radius: 50%, focal-center: (50%, 50%), focal-radius: 0%); (g.stops().map(s => (s.at(0).components().map(norm), s.at(1) / 100%)), repr(g.kind()), repr(g.space()), repr(g.angle()), repr(g.center()), repr(g.radius()), repr(g.focal-center()), repr(g.focal-radius()))	916da4099771ccbb636373af36542db2f5b477efc10d1534f52dadbe4f928830	exit=0;stderr_sha256=e3b0c44298fc1c149afbf4c8996fb92427ae41e4649b934ca495991b7852b855
runner-command	C0525	/usr/local/bin/typst compile /repos/Antigravity/typst-crystalline/lab/parity/matrix/fixtures/p1266/S07-linear-linear-rgb.typ /tmp/p1268/oracle_v3/binaries/inverse/S07-linear-linear-rgb.svg	e3b0c44298fc1c149afbf4c8996fb92427ae41e4649b934ca495991b7852b855	exit=0;stderr_sha256=e3b0c44298fc1c149afbf4c8996fb92427ae41e4649b934ca495991b7852b855
runner-command	C0526	/usr/local/bin/typst eval --format json let norm = x => if type(x) == ratio { x / 100% } else { x }; let g = gradient.linear((red, 0%), (red, 0%), (rgb(46, 204, 64), 100%), space: color.linear-rgb, angle: 0.0001deg); (g.stops().map(s => (s.at(0).components().map(norm), s.at(1) / 100%)), repr(g.kind()), repr(g.space()), repr(g.angle()), repr(g.center()), repr(g.radius()), repr(g.focal-center()), repr(g.focal-radius()))	a92c16239dbf2b4a1b3ec1d493832ec4a13d9f6a4b3c616b5411f1ffc26073a7	exit=0;stderr_sha256=e3b0c44298fc1c149afbf4c8996fb92427ae41e4649b934ca495991b7852b855
runner-command	C0527	/usr/local/bin/typst compile /repos/Antigravity/typst-crystalline/lab/parity/matrix/fixtures/p1266/S07-radial-oklab.typ /tmp/p1268/oracle_v3/binaries/inverse/S07-radial-oklab.svg	e3b0c44298fc1c149afbf4c8996fb92427ae41e4649b934ca495991b7852b855	exit=0;stderr_sha256=e3b0c44298fc1c149afbf4c8996fb92427ae41e4649b934ca495991b7852b855
runner-command	C0528	/usr/local/bin/typst eval --format json let norm = x => if type(x) == ratio { x / 100% } else { x }; let g = gradient.radial((red, 0%), (red, 0%), (rgb(46, 204, 64), 100%), space: color.oklab, center: (50%, 50%), radius: 50%, focal-center: (50%, 50%), focal-radius: 0%); (g.stops().map(s => (s.at(0).components().map(norm), s.at(1) / 100%)), repr(g.kind()), repr(g.space()), repr(g.angle()), repr(g.center()), repr(g.radius()), repr(g.focal-center()), repr(g.focal-radius()))	0cbcc9cbf7022229c430efe10adf7c479fce37ce4fa9d1dc28430c18dbb793a6	exit=0;stderr_sha256=e3b0c44298fc1c149afbf4c8996fb92427ae41e4649b934ca495991b7852b855
runner-command	C0529	/usr/local/bin/typst compile /repos/Antigravity/typst-crystalline/lab/parity/matrix/fixtures/p1266/S07-linear-oklab.typ /tmp/p1268/oracle_v3/binaries/inverse/S07-linear-oklab.svg	e3b0c44298fc1c149afbf4c8996fb92427ae41e4649b934ca495991b7852b855	exit=0;stderr_sha256=e3b0c44298fc1c149afbf4c8996fb92427ae41e4649b934ca495991b7852b855
runner-command	C0530	/usr/local/bin/typst eval --format json let norm = x => if type(x) == ratio { x / 100% } else { x }; let g = gradient.linear((red, 0%), (red, 0%), (rgb(46, 204, 64), 100%), space: color.oklab, angle: 0.0001deg); (g.stops().map(s => (s.at(0).components().map(norm), s.at(1) / 100%)), repr(g.kind()), repr(g.space()), repr(g.angle()), repr(g.center()), repr(g.radius()), repr(g.focal-center()), repr(g.focal-radius()))	72a982d23a82b940d155b33bb15c32ce0e5af7d2b7f60ef03b692b043727a5e9	exit=0;stderr_sha256=e3b0c44298fc1c149afbf4c8996fb92427ae41e4649b934ca495991b7852b855
runner-command	C0531	/usr/local/bin/typst compile /repos/Antigravity/typst-crystalline/lab/parity/matrix/fixtures/p1266/S06-radial-linear-rgb.typ /tmp/p1268/oracle_v3/binaries/inverse/S06-radial-linear-rgb.svg	e3b0c44298fc1c149afbf4c8996fb92427ae41e4649b934ca495991b7852b855	exit=0;stderr_sha256=e3b0c44298fc1c149afbf4c8996fb92427ae41e4649b934ca495991b7852b855
runner-command	C0532	/usr/local/bin/typst eval --format json let norm = x => if type(x) == ratio { x / 100% } else { x }; let g = gradient.radial((black, 0%), (white, 3.2258064516129%), (red, 6.45161290322581%), (rgb(0, 255, 0), 9.67741935483871%), (blue, 12.9032258064516%), (rgb(0, 255, 255), 16.1290322580645%), (rgb(255, 0, 255), 19.3548387096774%), (yellow, 22.5806451612903%), (black, 25.8064516129032%), (white, 29.0322580645161%), (red, 32.258064516129%), (rgb(0, 255, 0), 35.4838709677419%), (blue, 38.7096774193548%), (rgb(0, 255, 255), 41.9354838709677%), (rgb(255, 0, 255), 45.1612903225806%), (yellow, 48.3870967741936%), (black, 51.6129032258064%), (white, 54.8387096774194%), (red, 58.0645161290323%), (rgb(0, 255, 0), 61.2903225806452%), (blue, 64.5161290322581%), (rgb(0, 255, 255), 67.741935483871%), (rgb(255, 0, 255), 70.9677419354839%), (yellow, 74.1935483870968%), (black, 77.4193548387097%), (white, 80.6451612903226%), (red, 83.8709677419355%), (rgb(0, 255, 0), 87.0967741935484%), (blue, 90.3225806451613%), (rgb(0, 255, 255), 93.5483870967742%), (rgb(255, 0, 255), 96.7741935483871%), (yellow, 100%), space: color.linear-rgb, center: (120%, -20%), radius: 100%, focal-center: (120%, -20%), focal-radius: 0%); (g.stops().map(s => (s.at(0).components().map(norm), s.at(1) / 100%)), repr(g.kind()), repr(g.space()), repr(g.angle()), repr(g.center()), repr(g.radius()), repr(g.focal-center()), repr(g.focal-radius()))	c7b6276782383a8dca2914a79f3ab77beb73bb971cec806ecdfde49806057f62	exit=0;stderr_sha256=e3b0c44298fc1c149afbf4c8996fb92427ae41e4649b934ca495991b7852b855
runner-command	C0533	/usr/local/bin/typst compile /repos/Antigravity/typst-crystalline/lab/parity/matrix/fixtures/p1266/S06-linear-linear-rgb.typ /tmp/p1268/oracle_v3/binaries/inverse/S06-linear-linear-rgb.svg	e3b0c44298fc1c149afbf4c8996fb92427ae41e4649b934ca495991b7852b855	exit=0;stderr_sha256=e3b0c44298fc1c149afbf4c8996fb92427ae41e4649b934ca495991b7852b855
runner-command	C0534	/usr/local/bin/typst eval --format json let norm = x => if type(x) == ratio { x / 100% } else { x }; let g = gradient.linear((black, 0%), (white, 3.2258064516129%), (red, 6.45161290322581%), (rgb(0, 255, 0), 9.67741935483871%), (blue, 12.9032258064516%), (rgb(0, 255, 255), 16.1290322580645%), (rgb(255, 0, 255), 19.3548387096774%), (yellow, 22.5806451612903%), (black, 25.8064516129032%), (white, 29.0322580645161%), (red, 32.258064516129%), (rgb(0, 255, 0), 35.4838709677419%), (blue, 38.7096774193548%), (rgb(0, 255, 255), 41.9354838709677%), (rgb(255, 0, 255), 45.1612903225806%), (yellow, 48.3870967741936%), (black, 51.6129032258064%), (white, 54.8387096774194%), (red, 58.0645161290323%), (rgb(0, 255, 0), 61.2903225806452%), (blue, 64.5161290322581%), (rgb(0, 255, 255), 67.741935483871%), (rgb(255, 0, 255), 70.9677419354839%), (yellow, 74.1935483870968%), (black, 77.4193548387097%), (white, 80.6451612903226%), (red, 83.8709677419355%), (rgb(0, 255, 0), 87.0967741935484%), (blue, 90.3225806451613%), (rgb(0, 255, 255), 93.5483870967742%), (rgb(255, 0, 255), 96.7741935483871%), (yellow, 100%), space: color.linear-rgb, angle: 450deg); (g.stops().map(s => (s.at(0).components().map(norm), s.at(1) / 100%)), repr(g.kind()), repr(g.space()), repr(g.angle()), repr(g.center()), repr(g.radius()), repr(g.focal-center()), repr(g.focal-radius()))	78ac8a6e4794fc5f40a77ad6dedd93743e1af3f286cbc45ac478f97818911751	exit=0;stderr_sha256=e3b0c44298fc1c149afbf4c8996fb92427ae41e4649b934ca495991b7852b855
runner-command	C0535	/usr/local/bin/typst compile /repos/Antigravity/typst-crystalline/lab/parity/matrix/fixtures/p1266/S06-radial-oklab.typ /tmp/p1268/oracle_v3/binaries/inverse/S06-radial-oklab.svg	e3b0c44298fc1c149afbf4c8996fb92427ae41e4649b934ca495991b7852b855	exit=0;stderr_sha256=e3b0c44298fc1c149afbf4c8996fb92427ae41e4649b934ca495991b7852b855
runner-command	C0536	/usr/local/bin/typst eval --format json let norm = x => if type(x) == ratio { x / 100% } else { x }; let g = gradient.radial((black, 0%), (white, 3.2258064516129%), (red, 6.45161290322581%), (rgb(0, 255, 0), 9.67741935483871%), (blue, 12.9032258064516%), (rgb(0, 255, 255), 16.1290322580645%), (rgb(255, 0, 255), 19.3548387096774%), (yellow, 22.5806451612903%), (black, 25.8064516129032%), (white, 29.0322580645161%), (red, 32.258064516129%), (rgb(0, 255, 0), 35.4838709677419%), (blue, 38.7096774193548%), (rgb(0, 255, 255), 41.9354838709677%), (rgb(255, 0, 255), 45.1612903225806%), (yellow, 48.3870967741936%), (black, 51.6129032258064%), (white, 54.8387096774194%), (red, 58.0645161290323%), (rgb(0, 255, 0), 61.2903225806452%), (blue, 64.5161290322581%), (rgb(0, 255, 255), 67.741935483871%), (rgb(255, 0, 255), 70.9677419354839%), (yellow, 74.1935483870968%), (black, 77.4193548387097%), (white, 80.6451612903226%), (red, 83.8709677419355%), (rgb(0, 255, 0), 87.0967741935484%), (blue, 90.3225806451613%), (rgb(0, 255, 255), 93.5483870967742%), (rgb(255, 0, 255), 96.7741935483871%), (yellow, 100%), space: color.oklab, center: (120%, -20%), radius: 100%, focal-center: (120%, -20%), focal-radius: 0%); (g.stops().map(s => (s.at(0).components().map(norm), s.at(1) / 100%)), repr(g.kind()), repr(g.space()), repr(g.angle()), repr(g.center()), repr(g.radius()), repr(g.focal-center()), repr(g.focal-radius()))	9938aec87c5298747ea6515fea70ca1e40bdd62f8463014c742b3e009d4a2826	exit=0;stderr_sha256=e3b0c44298fc1c149afbf4c8996fb92427ae41e4649b934ca495991b7852b855
runner-command	C0537	/usr/local/bin/typst compile /repos/Antigravity/typst-crystalline/lab/parity/matrix/fixtures/p1266/S06-linear-oklab.typ /tmp/p1268/oracle_v3/binaries/inverse/S06-linear-oklab.svg	e3b0c44298fc1c149afbf4c8996fb92427ae41e4649b934ca495991b7852b855	exit=0;stderr_sha256=e3b0c44298fc1c149afbf4c8996fb92427ae41e4649b934ca495991b7852b855
runner-command	C0538	/usr/local/bin/typst eval --format json let norm = x => if type(x) == ratio { x / 100% } else { x }; let g = gradient.linear((black, 0%), (white, 3.2258064516129%), (red, 6.45161290322581%), (rgb(0, 255, 0), 9.67741935483871%), (blue, 12.9032258064516%), (rgb(0, 255, 255), 16.1290322580645%), (rgb(255, 0, 255), 19.3548387096774%), (yellow, 22.5806451612903%), (black, 25.8064516129032%), (white, 29.0322580645161%), (red, 32.258064516129%), (rgb(0, 255, 0), 35.4838709677419%), (blue, 38.7096774193548%), (rgb(0, 255, 255), 41.9354838709677%), (rgb(255, 0, 255), 45.1612903225806%), (yellow, 48.3870967741936%), (black, 51.6129032258064%), (white, 54.8387096774194%), (red, 58.0645161290323%), (rgb(0, 255, 0), 61.2903225806452%), (blue, 64.5161290322581%), (rgb(0, 255, 255), 67.741935483871%), (rgb(255, 0, 255), 70.9677419354839%), (yellow, 74.1935483870968%), (black, 77.4193548387097%), (white, 80.6451612903226%), (red, 83.8709677419355%), (rgb(0, 255, 0), 87.0967741935484%), (blue, 90.3225806451613%), (rgb(0, 255, 255), 93.5483870967742%), (rgb(255, 0, 255), 96.7741935483871%), (yellow, 100%), space: color.oklab, angle: 450deg); (g.stops().map(s => (s.at(0).components().map(norm), s.at(1) / 100%)), repr(g.kind()), repr(g.space()), repr(g.angle()), repr(g.center()), repr(g.radius()), repr(g.focal-center()), repr(g.focal-radius()))	53acf45deb37f78770ed1415e9c5a8cee7192863780bec430a3425ded1bdd017	exit=0;stderr_sha256=e3b0c44298fc1c149afbf4c8996fb92427ae41e4649b934ca495991b7852b855
runner-command	C0539	/usr/local/bin/typst compile /repos/Antigravity/typst-crystalline/lab/parity/matrix/fixtures/p1266/S05-radial-linear-rgb.typ /tmp/p1268/oracle_v3/binaries/inverse/S05-radial-linear-rgb.svg	e3b0c44298fc1c149afbf4c8996fb92427ae41e4649b934ca495991b7852b855	exit=0;stderr_sha256=e3b0c44298fc1c149afbf4c8996fb92427ae41e4649b934ca495991b7852b855
runner-command	C0540	/usr/local/bin/typst eval --format json let norm = x => if type(x) == ratio { x / 100% } else { x }; let g = gradient.radial((red.transparentize(100%), 0%), (rgb(46, 204, 64), 2.22222222222222%), (blue.transparentize(70%), 8.88888888888889%), (yellow, 20%), (rgb(255, 0, 255).transparentize(35%), 24.4444444444444%), (red.transparentize(100%), 33.3333333333333%), (rgb(46, 204, 64), 35.5555555555556%), (blue.transparentize(70%), 42.2222222222222%), (yellow, 53.3333333333333%), (rgb(255, 0, 255).transparentize(35%), 57.7777777777778%), (red.transparentize(100%), 66.6666666666667%), (rgb(46, 204, 64), 68.8888888888889%), (blue.transparentize(70%), 75.5555555555556%), (yellow, 86.6666666666667%), (rgb(255, 0, 255).transparentize(35%), 91.1111111111111%), (red.transparentize(100%), 100%), space: color.linear-rgb, center: (50%, 50%), radius: 0.1%, focal-center: (50%, 50%), focal-radius: 0%); (g.stops().map(s => (s.at(0).components().map(norm), s.at(1) / 100%)), repr(g.kind()), repr(g.space()), repr(g.angle()), repr(g.center()), repr(g.radius()), repr(g.focal-center()), repr(g.focal-radius()))	fbb58f8e955c21486ec969ba702e78f6632067749d15a05410571049cffcdd20	exit=0;stderr_sha256=e3b0c44298fc1c149afbf4c8996fb92427ae41e4649b934ca495991b7852b855
runner-command	C0541	/usr/local/bin/typst compile /repos/Antigravity/typst-crystalline/lab/parity/matrix/fixtures/p1266/S05-linear-linear-rgb.typ /tmp/p1268/oracle_v3/binaries/inverse/S05-linear-linear-rgb.svg	e3b0c44298fc1c149afbf4c8996fb92427ae41e4649b934ca495991b7852b855	exit=0;stderr_sha256=e3b0c44298fc1c149afbf4c8996fb92427ae41e4649b934ca495991b7852b855
runner-command	C0542	/usr/local/bin/typst eval --format json let norm = x => if type(x) == ratio { x / 100% } else { x }; let g = gradient.linear((red.transparentize(100%), 0%), (rgb(46, 204, 64), 2.22222222222222%), (blue.transparentize(70%), 8.88888888888889%), (yellow, 20%), (rgb(255, 0, 255).transparentize(35%), 24.4444444444444%), (red.transparentize(100%), 33.3333333333333%), (rgb(46, 204, 64), 35.5555555555556%), (blue.transparentize(70%), 42.2222222222222%), (yellow, 53.3333333333333%), (rgb(255, 0, 255).transparentize(35%), 57.7777777777778%), (red.transparentize(100%), 66.6666666666667%), (rgb(46, 204, 64), 68.8888888888889%), (blue.transparentize(70%), 75.5555555555556%), (yellow, 86.6666666666667%), (rgb(255, 0, 255).transparentize(35%), 91.1111111111111%), (red.transparentize(100%), 100%), space: color.linear-rgb, angle: -45deg); (g.stops().map(s => (s.at(0).components().map(norm), s.at(1) / 100%)), repr(g.kind()), repr(g.space()), repr(g.angle()), repr(g.center()), repr(g.radius()), repr(g.focal-center()), repr(g.focal-radius()))	0a277464c66c11059a49b6a450678ec45198b1918394e0b01e768a6983381b9a	exit=0;stderr_sha256=e3b0c44298fc1c149afbf4c8996fb92427ae41e4649b934ca495991b7852b855
runner-command	C0543	/usr/local/bin/typst compile /repos/Antigravity/typst-crystalline/lab/parity/matrix/fixtures/p1266/S05-radial-oklab.typ /tmp/p1268/oracle_v3/binaries/inverse/S05-radial-oklab.svg	e3b0c44298fc1c149afbf4c8996fb92427ae41e4649b934ca495991b7852b855	exit=0;stderr_sha256=e3b0c44298fc1c149afbf4c8996fb92427ae41e4649b934ca495991b7852b855
runner-command	C0544	/usr/local/bin/typst eval --format json let norm = x => if type(x) == ratio { x / 100% } else { x }; let g = gradient.radial((red.transparentize(100%), 0%), (rgb(46, 204, 64), 2.22222222222222%), (blue.transparentize(70%), 8.88888888888889%), (yellow, 20%), (rgb(255, 0, 255).transparentize(35%), 24.4444444444444%), (red.transparentize(100%), 33.3333333333333%), (rgb(46, 204, 64), 35.5555555555556%), (blue.transparentize(70%), 42.2222222222222%), (yellow, 53.3333333333333%), (rgb(255, 0, 255).transparentize(35%), 57.7777777777778%), (red.transparentize(100%), 66.6666666666667%), (rgb(46, 204, 64), 68.8888888888889%), (blue.transparentize(70%), 75.5555555555556%), (yellow, 86.6666666666667%), (rgb(255, 0, 255).transparentize(35%), 91.1111111111111%), (red.transparentize(100%), 100%), space: color.oklab, center: (50%, 50%), radius: 0.1%, focal-center: (50%, 50%), focal-radius: 0%); (g.stops().map(s => (s.at(0).components().map(norm), s.at(1) / 100%)), repr(g.kind()), repr(g.space()), repr(g.angle()), repr(g.center()), repr(g.radius()), repr(g.focal-center()), repr(g.focal-radius()))	28eb5be12387197ac32e19ff52a6d36046076a225e23f79399a410d332f63660	exit=0;stderr_sha256=e3b0c44298fc1c149afbf4c8996fb92427ae41e4649b934ca495991b7852b855
runner-command	C0545	/usr/local/bin/typst compile /repos/Antigravity/typst-crystalline/lab/parity/matrix/fixtures/p1266/S05-linear-oklab.typ /tmp/p1268/oracle_v3/binaries/inverse/S05-linear-oklab.svg	e3b0c44298fc1c149afbf4c8996fb92427ae41e4649b934ca495991b7852b855	exit=0;stderr_sha256=e3b0c44298fc1c149afbf4c8996fb92427ae41e4649b934ca495991b7852b855
runner-command	C0546	/usr/local/bin/typst eval --format json let norm = x => if type(x) == ratio { x / 100% } else { x }; let g = gradient.linear((red.transparentize(100%), 0%), (rgb(46, 204, 64), 2.22222222222222%), (blue.transparentize(70%), 8.88888888888889%), (yellow, 20%), (rgb(255, 0, 255).transparentize(35%), 24.4444444444444%), (red.transparentize(100%), 33.3333333333333%), (rgb(46, 204, 64), 35.5555555555556%), (blue.transparentize(70%), 42.2222222222222%), (yellow, 53.3333333333333%), (rgb(255, 0, 255).transparentize(35%), 57.7777777777778%), (red.transparentize(100%), 66.6666666666667%), (rgb(46, 204, 64), 68.8888888888889%), (blue.transparentize(70%), 75.5555555555556%), (yellow, 86.6666666666667%), (rgb(255, 0, 255).transparentize(35%), 91.1111111111111%), (red.transparentize(100%), 100%), space: color.oklab, angle: -45deg); (g.stops().map(s => (s.at(0).components().map(norm), s.at(1) / 100%)), repr(g.kind()), repr(g.space()), repr(g.angle()), repr(g.center()), repr(g.radius()), repr(g.focal-center()), repr(g.focal-radius()))	7018b8848c1945a91df468479f7d79188df1ead7f8ce4f8de150384fb4ef075b	exit=0;stderr_sha256=e3b0c44298fc1c149afbf4c8996fb92427ae41e4649b934ca495991b7852b855
runner-command	C0547	/usr/local/bin/typst compile /repos/Antigravity/typst-crystalline/lab/parity/matrix/fixtures/p1266/S04-radial-linear-rgb.typ /tmp/p1268/oracle_v3/binaries/inverse/S04-radial-linear-rgb.svg	e3b0c44298fc1c149afbf4c8996fb92427ae41e4649b934ca495991b7852b855	exit=0;stderr_sha256=e3b0c44298fc1c149afbf4c8996fb92427ae41e4649b934ca495991b7852b855
runner-command	C0548	/usr/local/bin/typst eval --format json let norm = x => if type(x) == ratio { x / 100% } else { x }; let g = gradient.radial((red, 0%), (rgb(46, 204, 64), 37.0262390670554%), (blue.transparentize(100%), 63.5568513119533%), (yellow.transparentize(100%), 81.3411078717201%), (red, 92.1282798833819%), (rgb(46, 204, 64), 97.667638483965%), (blue.transparentize(100%), 99.7084548104956%), (yellow.transparentize(100%), 100%), space: color.linear-rgb, center: (50%, 50%), radius: 50%, focal-center: (93.9%, 50%), focal-radius: 6%); (g.stops().map(s => (s.at(0).components().map(norm), s.at(1) / 100%)), repr(g.kind()), repr(g.space()), repr(g.angle()), repr(g.center()), repr(g.radius()), repr(g.focal-center()), repr(g.focal-radius()))	8fdec0c44319b2ea9c5da355308a2be1e702426d6704103d85a9cac2342f4e04	exit=0;stderr_sha256=e3b0c44298fc1c149afbf4c8996fb92427ae41e4649b934ca495991b7852b855
runner-command	C0549	/usr/local/bin/typst compile /repos/Antigravity/typst-crystalline/lab/parity/matrix/fixtures/p1266/S04-linear-linear-rgb.typ /tmp/p1268/oracle_v3/binaries/inverse/S04-linear-linear-rgb.svg	e3b0c44298fc1c149afbf4c8996fb92427ae41e4649b934ca495991b7852b855	exit=0;stderr_sha256=e3b0c44298fc1c149afbf4c8996fb92427ae41e4649b934ca495991b7852b855
runner-command	C0550	/usr/local/bin/typst eval --format json let norm = x => if type(x) == ratio { x / 100% } else { x }; let g = gradient.linear((red, 0%), (rgb(46, 204, 64), 37.0262390670554%), (blue.transparentize(100%), 63.5568513119533%), (yellow.transparentize(100%), 81.3411078717201%), (red, 92.1282798833819%), (rgb(46, 204, 64), 97.667638483965%), (blue.transparentize(100%), 99.7084548104956%), (yellow.transparentize(100%), 100%), space: color.linear-rgb, angle: 135deg); (g.stops().map(s => (s.at(0).components().map(norm), s.at(1) / 100%)), repr(g.kind()), repr(g.space()), repr(g.angle()), repr(g.center()), repr(g.radius()), repr(g.focal-center()), repr(g.focal-radius()))	49a93c3e3df8e91b1a20d1a6921f7b1a7570ecd8a5d36a7581aee1aab95bddf9	exit=0;stderr_sha256=e3b0c44298fc1c149afbf4c8996fb92427ae41e4649b934ca495991b7852b855
runner-command	C0551	/usr/local/bin/typst compile /repos/Antigravity/typst-crystalline/lab/parity/matrix/fixtures/p1266/S04-radial-oklab.typ /tmp/p1268/oracle_v3/binaries/inverse/S04-radial-oklab.svg	e3b0c44298fc1c149afbf4c8996fb92427ae41e4649b934ca495991b7852b855	exit=0;stderr_sha256=e3b0c44298fc1c149afbf4c8996fb92427ae41e4649b934ca495991b7852b855
runner-command	C0552	/usr/local/bin/typst eval --format json let norm = x => if type(x) == ratio { x / 100% } else { x }; let g = gradient.radial((red, 0%), (rgb(46, 204, 64), 37.0262390670554%), (blue.transparentize(100%), 63.5568513119533%), (yellow.transparentize(100%), 81.3411078717201%), (red, 92.1282798833819%), (rgb(46, 204, 64), 97.667638483965%), (blue.transparentize(100%), 99.7084548104956%), (yellow.transparentize(100%), 100%), space: color.oklab, center: (50%, 50%), radius: 50%, focal-center: (93.9%, 50%), focal-radius: 6%); (g.stops().map(s => (s.at(0).components().map(norm), s.at(1) / 100%)), repr(g.kind()), repr(g.space()), repr(g.angle()), repr(g.center()), repr(g.radius()), repr(g.focal-center()), repr(g.focal-radius()))	7c4fa10584d10d6e818b61caf7600002439d067bf0d9ae11a315f7bbb928a1cc	exit=0;stderr_sha256=e3b0c44298fc1c149afbf4c8996fb92427ae41e4649b934ca495991b7852b855
runner-command	C0553	/usr/local/bin/typst compile /repos/Antigravity/typst-crystalline/lab/parity/matrix/fixtures/p1266/S04-linear-oklab.typ /tmp/p1268/oracle_v3/binaries/inverse/S04-linear-oklab.svg	e3b0c44298fc1c149afbf4c8996fb92427ae41e4649b934ca495991b7852b855	exit=0;stderr_sha256=e3b0c44298fc1c149afbf4c8996fb92427ae41e4649b934ca495991b7852b855
runner-command	C0554	/usr/local/bin/typst eval --format json let norm = x => if type(x) == ratio { x / 100% } else { x }; let g = gradient.linear((red, 0%), (rgb(46, 204, 64), 37.0262390670554%), (blue.transparentize(100%), 63.5568513119533%), (yellow.transparentize(100%), 81.3411078717201%), (red, 92.1282798833819%), (rgb(46, 204, 64), 97.667638483965%), (blue.transparentize(100%), 99.7084548104956%), (yellow.transparentize(100%), 100%), space: color.oklab, angle: 135deg); (g.stops().map(s => (s.at(0).components().map(norm), s.at(1) / 100%)), repr(g.kind()), repr(g.space()), repr(g.angle()), repr(g.center()), repr(g.radius()), repr(g.focal-center()), repr(g.focal-radius()))	c05db1a0a0da946ce9578ce20cc47e57fa34a8cff14cd963b3f2ee93ea05c269	exit=0;stderr_sha256=e3b0c44298fc1c149afbf4c8996fb92427ae41e4649b934ca495991b7852b855
runner-command	C0555	/usr/local/bin/typst compile /repos/Antigravity/typst-crystalline/lab/parity/matrix/fixtures/p1266/S03-radial-linear-rgb.typ /tmp/p1268/oracle_v3/binaries/inverse/S03-radial-linear-rgb.svg	e3b0c44298fc1c149afbf4c8996fb92427ae41e4649b934ca495991b7852b855	exit=0;stderr_sha256=e3b0c44298fc1c149afbf4c8996fb92427ae41e4649b934ca495991b7852b855
runner-command	C0556	/usr/local/bin/typst eval --format json let norm = x => if type(x) == ratio { x / 100% } else { x }; let g = gradient.radial((red.transparentize(100%), 0%), (rgb(46, 204, 64), 3.7037037037037%), (blue, 29.6296296296296%), (yellow, 100%), space: color.linear-rgb, center: (50%, 50%), radius: 65%, focal-center: (30%, 40%), focal-radius: 10%); (g.stops().map(s => (s.at(0).components().map(norm), s.at(1) / 100%)), repr(g.kind()), repr(g.space()), repr(g.angle()), repr(g.center()), repr(g.radius()), repr(g.focal-center()), repr(g.focal-radius()))	b85c35b264635729716ddd1f176bea03b3c269f2da40c278ec0077d851f6f343	exit=0;stderr_sha256=e3b0c44298fc1c149afbf4c8996fb92427ae41e4649b934ca495991b7852b855
runner-command	C0557	/usr/local/bin/typst compile /repos/Antigravity/typst-crystalline/lab/parity/matrix/fixtures/p1266/S03-linear-linear-rgb.typ /tmp/p1268/oracle_v3/binaries/inverse/S03-linear-linear-rgb.svg	e3b0c44298fc1c149afbf4c8996fb92427ae41e4649b934ca495991b7852b855	exit=0;stderr_sha256=e3b0c44298fc1c149afbf4c8996fb92427ae41e4649b934ca495991b7852b855
runner-command	C0558	/usr/local/bin/typst eval --format json let norm = x => if type(x) == ratio { x / 100% } else { x }; let g = gradient.linear((red.transparentize(100%), 0%), (rgb(46, 204, 64), 3.7037037037037%), (blue, 29.6296296296296%), (yellow, 100%), space: color.linear-rgb, angle: 90deg); (g.stops().map(s => (s.at(0).components().map(norm), s.at(1) / 100%)), repr(g.kind()), repr(g.space()), repr(g.angle()), repr(g.center()), repr(g.radius()), repr(g.focal-center()), repr(g.focal-radius()))	0f5f52d9782bc006ffd8fdcedc174d84be809e54a94d413573071d28ff2ea095	exit=0;stderr_sha256=e3b0c44298fc1c149afbf4c8996fb92427ae41e4649b934ca495991b7852b855
runner-command	C0559	/usr/local/bin/typst compile /repos/Antigravity/typst-crystalline/lab/parity/matrix/fixtures/p1266/S03-radial-oklab.typ /tmp/p1268/oracle_v3/binaries/inverse/S03-radial-oklab.svg	e3b0c44298fc1c149afbf4c8996fb92427ae41e4649b934ca495991b7852b855	exit=0;stderr_sha256=e3b0c44298fc1c149afbf4c8996fb92427ae41e4649b934ca495991b7852b855
runner-command	C0560	/usr/local/bin/typst eval --format json let norm = x => if type(x) == ratio { x / 100% } else { x }; let g = gradient.radial((red.transparentize(100%), 0%), (rgb(46, 204, 64), 3.7037037037037%), (blue, 29.6296296296296%), (yellow, 100%), space: color.oklab, center: (50%, 50%), radius: 65%, focal-center: (30%, 40%), focal-radius: 10%); (g.stops().map(s => (s.at(0).components().map(norm), s.at(1) / 100%)), repr(g.kind()), repr(g.space()), repr(g.angle()), repr(g.center()), repr(g.radius()), repr(g.focal-center()), repr(g.focal-radius()))	7e7a28c6c9f592154cbd54955be3ae9877c5907d9aaee1bc8c2b77c15e9a8c17	exit=0;stderr_sha256=e3b0c44298fc1c149afbf4c8996fb92427ae41e4649b934ca495991b7852b855
runner-command	C0561	/usr/local/bin/typst compile /repos/Antigravity/typst-crystalline/lab/parity/matrix/fixtures/p1266/S03-linear-oklab.typ /tmp/p1268/oracle_v3/binaries/inverse/S03-linear-oklab.svg	e3b0c44298fc1c149afbf4c8996fb92427ae41e4649b934ca495991b7852b855	exit=0;stderr_sha256=e3b0c44298fc1c149afbf4c8996fb92427ae41e4649b934ca495991b7852b855
runner-command	C0562	/usr/local/bin/typst eval --format json let norm = x => if type(x) == ratio { x / 100% } else { x }; let g = gradient.linear((red.transparentize(100%), 0%), (rgb(46, 204, 64), 3.7037037037037%), (blue, 29.6296296296296%), (yellow, 100%), space: color.oklab, angle: 90deg); (g.stops().map(s => (s.at(0).components().map(norm), s.at(1) / 100%)), repr(g.kind()), repr(g.space()), repr(g.angle()), repr(g.center()), repr(g.radius()), repr(g.focal-center()), repr(g.focal-radius()))	23ed07e4bea9e4a031eab6911e907a2a8cf6452f0fbcf708160b2dfcf550c22a	exit=0;stderr_sha256=e3b0c44298fc1c149afbf4c8996fb92427ae41e4649b934ca495991b7852b855
runner-command	C0563	/usr/local/bin/typst compile /repos/Antigravity/typst-crystalline/lab/parity/matrix/fixtures/p1266/S02-radial-linear-rgb.typ /tmp/p1268/oracle_v3/binaries/inverse/S02-radial-linear-rgb.svg	e3b0c44298fc1c149afbf4c8996fb92427ae41e4649b934ca495991b7852b855	exit=0;stderr_sha256=e3b0c44298fc1c149afbf4c8996fb92427ae41e4649b934ca495991b7852b855
runner-command	C0564	/usr/local/bin/typst eval --format json let norm = x => if type(x) == ratio { x / 100% } else { x }; let g = gradient.radial((rgb(38, 70, 83), 0%), (rgb(42, 157, 143), 50%), (rgb(233, 196, 106), 100%), space: color.linear-rgb, center: (50%, 50%), radius: 60%, focal-center: (50%, 50%), focal-radius: 0%); (g.stops().map(s => (s.at(0).components().map(norm), s.at(1) / 100%)), repr(g.kind()), repr(g.space()), repr(g.angle()), repr(g.center()), repr(g.radius()), repr(g.focal-center()), repr(g.focal-radius()))	8c498abb6a4a03873c270d76174e7f05fe86b4c9160be17ee936a18588f7d1b1	exit=0;stderr_sha256=e3b0c44298fc1c149afbf4c8996fb92427ae41e4649b934ca495991b7852b855
runner-command	C0565	/usr/local/bin/typst compile /repos/Antigravity/typst-crystalline/lab/parity/matrix/fixtures/p1266/S02-linear-linear-rgb.typ /tmp/p1268/oracle_v3/binaries/inverse/S02-linear-linear-rgb.svg	e3b0c44298fc1c149afbf4c8996fb92427ae41e4649b934ca495991b7852b855	exit=0;stderr_sha256=e3b0c44298fc1c149afbf4c8996fb92427ae41e4649b934ca495991b7852b855
runner-command	C0566	/usr/local/bin/typst eval --format json let norm = x => if type(x) == ratio { x / 100% } else { x }; let g = gradient.linear((rgb(38, 70, 83), 0%), (rgb(42, 157, 143), 50%), (rgb(233, 196, 106), 100%), space: color.linear-rgb, angle: 37deg); (g.stops().map(s => (s.at(0).components().map(norm), s.at(1) / 100%)), repr(g.kind()), repr(g.space()), repr(g.angle()), repr(g.center()), repr(g.radius()), repr(g.focal-center()), repr(g.focal-radius()))	5caf892980d6ff20a2f9bfb730d09d77b4162a1e70c82f77ffd6a561c07b4916	exit=0;stderr_sha256=e3b0c44298fc1c149afbf4c8996fb92427ae41e4649b934ca495991b7852b855
runner-command	C0567	/usr/local/bin/typst compile /repos/Antigravity/typst-crystalline/lab/parity/matrix/fixtures/p1266/S02-radial-oklab.typ /tmp/p1268/oracle_v3/binaries/inverse/S02-radial-oklab.svg	e3b0c44298fc1c149afbf4c8996fb92427ae41e4649b934ca495991b7852b855	exit=0;stderr_sha256=e3b0c44298fc1c149afbf4c8996fb92427ae41e4649b934ca495991b7852b855
runner-command	C0568	/usr/local/bin/typst eval --format json let norm = x => if type(x) == ratio { x / 100% } else { x }; let g = gradient.radial((rgb(38, 70, 83), 0%), (rgb(42, 157, 143), 50%), (rgb(233, 196, 106), 100%), space: color.oklab, center: (50%, 50%), radius: 60%, focal-center: (50%, 50%), focal-radius: 0%); (g.stops().map(s => (s.at(0).components().map(norm), s.at(1) / 100%)), repr(g.kind()), repr(g.space()), repr(g.angle()), repr(g.center()), repr(g.radius()), repr(g.focal-center()), repr(g.focal-radius()))	adde69b28ba28568baf70dfec88afb68e880cc1d0b417ec73688ff1f4bc52b24	exit=0;stderr_sha256=e3b0c44298fc1c149afbf4c8996fb92427ae41e4649b934ca495991b7852b855
runner-command	C0569	/usr/local/bin/typst compile /repos/Antigravity/typst-crystalline/lab/parity/matrix/fixtures/p1266/S02-linear-oklab.typ /tmp/p1268/oracle_v3/binaries/inverse/S02-linear-oklab.svg	e3b0c44298fc1c149afbf4c8996fb92427ae41e4649b934ca495991b7852b855	exit=0;stderr_sha256=e3b0c44298fc1c149afbf4c8996fb92427ae41e4649b934ca495991b7852b855
runner-command	C0570	/usr/local/bin/typst eval --format json let norm = x => if type(x) == ratio { x / 100% } else { x }; let g = gradient.linear((rgb(38, 70, 83), 0%), (rgb(42, 157, 143), 50%), (rgb(233, 196, 106), 100%), space: color.oklab, angle: 37deg); (g.stops().map(s => (s.at(0).components().map(norm), s.at(1) / 100%)), repr(g.kind()), repr(g.space()), repr(g.angle()), repr(g.center()), repr(g.radius()), repr(g.focal-center()), repr(g.focal-radius()))	c4290759482622fee7981730d7cb5199091b952bb05a39a7da5f8545af4ec226	exit=0;stderr_sha256=e3b0c44298fc1c149afbf4c8996fb92427ae41e4649b934ca495991b7852b855
runner-command	C0571	/usr/local/bin/typst compile /repos/Antigravity/typst-crystalline/lab/parity/matrix/fixtures/p1266/S01-radial-linear-rgb.typ /tmp/p1268/oracle_v3/binaries/inverse/S01-radial-linear-rgb.svg	e3b0c44298fc1c149afbf4c8996fb92427ae41e4649b934ca495991b7852b855	exit=0;stderr_sha256=e3b0c44298fc1c149afbf4c8996fb92427ae41e4649b934ca495991b7852b855
runner-command	C0572	/usr/local/bin/typst eval --format json let norm = x => if type(x) == ratio { x / 100% } else { x }; let g = gradient.radial(red, rgb(46, 204, 64), space: color.linear-rgb, center: (50%, 50%), radius: 50%, focal-center: (50%, 50%), focal-radius: 0%); (g.stops().map(s => (s.at(0).components().map(norm), s.at(1) / 100%)), repr(g.kind()), repr(g.space()), repr(g.angle()), repr(g.center()), repr(g.radius()), repr(g.focal-center()), repr(g.focal-radius()))	90b562f72065c0ee4ddcaedab92812ffca3f1fa0dce46c92cf4957accc839ab7	exit=0;stderr_sha256=e3b0c44298fc1c149afbf4c8996fb92427ae41e4649b934ca495991b7852b855
runner-command	C0573	/usr/local/bin/typst compile /repos/Antigravity/typst-crystalline/lab/parity/matrix/fixtures/p1266/S01-linear-linear-rgb.typ /tmp/p1268/oracle_v3/binaries/inverse/S01-linear-linear-rgb.svg	e3b0c44298fc1c149afbf4c8996fb92427ae41e4649b934ca495991b7852b855	exit=0;stderr_sha256=e3b0c44298fc1c149afbf4c8996fb92427ae41e4649b934ca495991b7852b855
runner-command	C0574	/usr/local/bin/typst eval --format json let norm = x => if type(x) == ratio { x / 100% } else { x }; let g = gradient.linear(red, rgb(46, 204, 64), space: color.linear-rgb, angle: 0deg); (g.stops().map(s => (s.at(0).components().map(norm), s.at(1) / 100%)), repr(g.kind()), repr(g.space()), repr(g.angle()), repr(g.center()), repr(g.radius()), repr(g.focal-center()), repr(g.focal-radius()))	654a1f6b681c869cae209f34695759fb8047761357a858554662722fa94e2b32	exit=0;stderr_sha256=e3b0c44298fc1c149afbf4c8996fb92427ae41e4649b934ca495991b7852b855
runner-command	C0575	/usr/local/bin/typst compile /repos/Antigravity/typst-crystalline/lab/parity/matrix/fixtures/p1266/S01-radial-oklab.typ /tmp/p1268/oracle_v3/binaries/inverse/S01-radial-oklab.svg	e3b0c44298fc1c149afbf4c8996fb92427ae41e4649b934ca495991b7852b855	exit=0;stderr_sha256=e3b0c44298fc1c149afbf4c8996fb92427ae41e4649b934ca495991b7852b855
runner-command	C0576	/usr/local/bin/typst eval --format json let norm = x => if type(x) == ratio { x / 100% } else { x }; let g = gradient.radial(red, rgb(46, 204, 64), space: color.oklab, center: (50%, 50%), radius: 50%, focal-center: (50%, 50%), focal-radius: 0%); (g.stops().map(s => (s.at(0).components().map(norm), s.at(1) / 100%)), repr(g.kind()), repr(g.space()), repr(g.angle()), repr(g.center()), repr(g.radius()), repr(g.focal-center()), repr(g.focal-radius()))	f1698ac883d34567e73b26cb68c458bdcb94594fec5fbd8ceaf965f887038f7d	exit=0;stderr_sha256=e3b0c44298fc1c149afbf4c8996fb92427ae41e4649b934ca495991b7852b855
runner-command	C0577	/usr/local/bin/typst compile /repos/Antigravity/typst-crystalline/lab/parity/matrix/fixtures/p1266/S01-linear-oklab.typ /tmp/p1268/oracle_v3/binaries/inverse/S01-linear-oklab.svg	e3b0c44298fc1c149afbf4c8996fb92427ae41e4649b934ca495991b7852b855	exit=0;stderr_sha256=e3b0c44298fc1c149afbf4c8996fb92427ae41e4649b934ca495991b7852b855
runner-command	C0578	/usr/local/bin/typst eval --format json let norm = x => if type(x) == ratio { x / 100% } else { x }; let g = gradient.linear(red, rgb(46, 204, 64), space: color.oklab, angle: 0deg); (g.stops().map(s => (s.at(0).components().map(norm), s.at(1) / 100%)), repr(g.kind()), repr(g.space()), repr(g.angle()), repr(g.center()), repr(g.radius()), repr(g.focal-center()), repr(g.focal-radius()))	68c4669dd44730d4bd15ac3b367c7ff90499886c15c3a3e21022157e679d3749	exit=0;stderr_sha256=e3b0c44298fc1c149afbf4c8996fb92427ae41e4649b934ca495991b7852b855
runner-command	C0579	/usr/local/bin/typst compile /repos/Antigravity/typst-crystalline/lab/parity/matrix/fixtures/p1266/S01-linear-oklab.typ /tmp/p1268/oracle_v3/binaries/repeat/S01-linear-oklab.svg	e3b0c44298fc1c149afbf4c8996fb92427ae41e4649b934ca495991b7852b855	exit=0;stderr_sha256=e3b0c44298fc1c149afbf4c8996fb92427ae41e4649b934ca495991b7852b855
runner-command	C0580	/usr/local/bin/typst eval --format json let norm = x => if type(x) == ratio { x / 100% } else { x }; let g = gradient.linear(red, rgb(46, 204, 64), space: color.oklab, angle: 0deg); (g.stops().map(s => (s.at(0).components().map(norm), s.at(1) / 100%)), repr(g.kind()), repr(g.space()), repr(g.angle()), repr(g.center()), repr(g.radius()), repr(g.focal-center()), repr(g.focal-radius()))	68c4669dd44730d4bd15ac3b367c7ff90499886c15c3a3e21022157e679d3749	exit=0;stderr_sha256=e3b0c44298fc1c149afbf4c8996fb92427ae41e4649b934ca495991b7852b855
runner-command	C0581	/usr/local/bin/typst compile /repos/Antigravity/typst-crystalline/lab/parity/matrix/fixtures/p1266/S01-radial-oklab.typ /tmp/p1268/oracle_v3/binaries/repeat/S01-radial-oklab.svg	e3b0c44298fc1c149afbf4c8996fb92427ae41e4649b934ca495991b7852b855	exit=0;stderr_sha256=e3b0c44298fc1c149afbf4c8996fb92427ae41e4649b934ca495991b7852b855
runner-command	C0582	/usr/local/bin/typst eval --format json let norm = x => if type(x) == ratio { x / 100% } else { x }; let g = gradient.radial(red, rgb(46, 204, 64), space: color.oklab, center: (50%, 50%), radius: 50%, focal-center: (50%, 50%), focal-radius: 0%); (g.stops().map(s => (s.at(0).components().map(norm), s.at(1) / 100%)), repr(g.kind()), repr(g.space()), repr(g.angle()), repr(g.center()), repr(g.radius()), repr(g.focal-center()), repr(g.focal-radius()))	f1698ac883d34567e73b26cb68c458bdcb94594fec5fbd8ceaf965f887038f7d	exit=0;stderr_sha256=e3b0c44298fc1c149afbf4c8996fb92427ae41e4649b934ca495991b7852b855
runner-command	C0583	/usr/local/bin/typst compile /repos/Antigravity/typst-crystalline/lab/parity/matrix/fixtures/p1266/S01-linear-linear-rgb.typ /tmp/p1268/oracle_v3/binaries/repeat/S01-linear-linear-rgb.svg	e3b0c44298fc1c149afbf4c8996fb92427ae41e4649b934ca495991b7852b855	exit=0;stderr_sha256=e3b0c44298fc1c149afbf4c8996fb92427ae41e4649b934ca495991b7852b855
runner-command	C0584	/usr/local/bin/typst eval --format json let norm = x => if type(x) == ratio { x / 100% } else { x }; let g = gradient.linear(red, rgb(46, 204, 64), space: color.linear-rgb, angle: 0deg); (g.stops().map(s => (s.at(0).components().map(norm), s.at(1) / 100%)), repr(g.kind()), repr(g.space()), repr(g.angle()), repr(g.center()), repr(g.radius()), repr(g.focal-center()), repr(g.focal-radius()))	654a1f6b681c869cae209f34695759fb8047761357a858554662722fa94e2b32	exit=0;stderr_sha256=e3b0c44298fc1c149afbf4c8996fb92427ae41e4649b934ca495991b7852b855
runner-command	C0585	/usr/local/bin/typst compile /repos/Antigravity/typst-crystalline/lab/parity/matrix/fixtures/p1266/S01-radial-linear-rgb.typ /tmp/p1268/oracle_v3/binaries/repeat/S01-radial-linear-rgb.svg	e3b0c44298fc1c149afbf4c8996fb92427ae41e4649b934ca495991b7852b855	exit=0;stderr_sha256=e3b0c44298fc1c149afbf4c8996fb92427ae41e4649b934ca495991b7852b855
runner-command	C0586	/usr/local/bin/typst eval --format json let norm = x => if type(x) == ratio { x / 100% } else { x }; let g = gradient.radial(red, rgb(46, 204, 64), space: color.linear-rgb, center: (50%, 50%), radius: 50%, focal-center: (50%, 50%), focal-radius: 0%); (g.stops().map(s => (s.at(0).components().map(norm), s.at(1) / 100%)), repr(g.kind()), repr(g.space()), repr(g.angle()), repr(g.center()), repr(g.radius()), repr(g.focal-center()), repr(g.focal-radius()))	90b562f72065c0ee4ddcaedab92812ffca3f1fa0dce46c92cf4957accc839ab7	exit=0;stderr_sha256=e3b0c44298fc1c149afbf4c8996fb92427ae41e4649b934ca495991b7852b855
runner-command	C0587	/usr/local/bin/typst compile /repos/Antigravity/typst-crystalline/lab/parity/matrix/fixtures/p1266/S02-linear-oklab.typ /tmp/p1268/oracle_v3/binaries/repeat/S02-linear-oklab.svg	e3b0c44298fc1c149afbf4c8996fb92427ae41e4649b934ca495991b7852b855	exit=0;stderr_sha256=e3b0c44298fc1c149afbf4c8996fb92427ae41e4649b934ca495991b7852b855
runner-command	C0588	/usr/local/bin/typst eval --format json let norm = x => if type(x) == ratio { x / 100% } else { x }; let g = gradient.linear((rgb(38, 70, 83), 0%), (rgb(42, 157, 143), 50%), (rgb(233, 196, 106), 100%), space: color.oklab, angle: 37deg); (g.stops().map(s => (s.at(0).components().map(norm), s.at(1) / 100%)), repr(g.kind()), repr(g.space()), repr(g.angle()), repr(g.center()), repr(g.radius()), repr(g.focal-center()), repr(g.focal-radius()))	c4290759482622fee7981730d7cb5199091b952bb05a39a7da5f8545af4ec226	exit=0;stderr_sha256=e3b0c44298fc1c149afbf4c8996fb92427ae41e4649b934ca495991b7852b855
runner-command	C0589	/usr/local/bin/typst compile /repos/Antigravity/typst-crystalline/lab/parity/matrix/fixtures/p1266/S02-radial-oklab.typ /tmp/p1268/oracle_v3/binaries/repeat/S02-radial-oklab.svg	e3b0c44298fc1c149afbf4c8996fb92427ae41e4649b934ca495991b7852b855	exit=0;stderr_sha256=e3b0c44298fc1c149afbf4c8996fb92427ae41e4649b934ca495991b7852b855
runner-command	C0590	/usr/local/bin/typst eval --format json let norm = x => if type(x) == ratio { x / 100% } else { x }; let g = gradient.radial((rgb(38, 70, 83), 0%), (rgb(42, 157, 143), 50%), (rgb(233, 196, 106), 100%), space: color.oklab, center: (50%, 50%), radius: 60%, focal-center: (50%, 50%), focal-radius: 0%); (g.stops().map(s => (s.at(0).components().map(norm), s.at(1) / 100%)), repr(g.kind()), repr(g.space()), repr(g.angle()), repr(g.center()), repr(g.radius()), repr(g.focal-center()), repr(g.focal-radius()))	adde69b28ba28568baf70dfec88afb68e880cc1d0b417ec73688ff1f4bc52b24	exit=0;stderr_sha256=e3b0c44298fc1c149afbf4c8996fb92427ae41e4649b934ca495991b7852b855
runner-command	C0591	/usr/local/bin/typst compile /repos/Antigravity/typst-crystalline/lab/parity/matrix/fixtures/p1266/S02-linear-linear-rgb.typ /tmp/p1268/oracle_v3/binaries/repeat/S02-linear-linear-rgb.svg	e3b0c44298fc1c149afbf4c8996fb92427ae41e4649b934ca495991b7852b855	exit=0;stderr_sha256=e3b0c44298fc1c149afbf4c8996fb92427ae41e4649b934ca495991b7852b855
runner-command	C0592	/usr/local/bin/typst eval --format json let norm = x => if type(x) == ratio { x / 100% } else { x }; let g = gradient.linear((rgb(38, 70, 83), 0%), (rgb(42, 157, 143), 50%), (rgb(233, 196, 106), 100%), space: color.linear-rgb, angle: 37deg); (g.stops().map(s => (s.at(0).components().map(norm), s.at(1) / 100%)), repr(g.kind()), repr(g.space()), repr(g.angle()), repr(g.center()), repr(g.radius()), repr(g.focal-center()), repr(g.focal-radius()))	5caf892980d6ff20a2f9bfb730d09d77b4162a1e70c82f77ffd6a561c07b4916	exit=0;stderr_sha256=e3b0c44298fc1c149afbf4c8996fb92427ae41e4649b934ca495991b7852b855
runner-command	C0593	/usr/local/bin/typst compile /repos/Antigravity/typst-crystalline/lab/parity/matrix/fixtures/p1266/S02-radial-linear-rgb.typ /tmp/p1268/oracle_v3/binaries/repeat/S02-radial-linear-rgb.svg	e3b0c44298fc1c149afbf4c8996fb92427ae41e4649b934ca495991b7852b855	exit=0;stderr_sha256=e3b0c44298fc1c149afbf4c8996fb92427ae41e4649b934ca495991b7852b855
runner-command	C0594	/usr/local/bin/typst eval --format json let norm = x => if type(x) == ratio { x / 100% } else { x }; let g = gradient.radial((rgb(38, 70, 83), 0%), (rgb(42, 157, 143), 50%), (rgb(233, 196, 106), 100%), space: color.linear-rgb, center: (50%, 50%), radius: 60%, focal-center: (50%, 50%), focal-radius: 0%); (g.stops().map(s => (s.at(0).components().map(norm), s.at(1) / 100%)), repr(g.kind()), repr(g.space()), repr(g.angle()), repr(g.center()), repr(g.radius()), repr(g.focal-center()), repr(g.focal-radius()))	8c498abb6a4a03873c270d76174e7f05fe86b4c9160be17ee936a18588f7d1b1	exit=0;stderr_sha256=e3b0c44298fc1c149afbf4c8996fb92427ae41e4649b934ca495991b7852b855
runner-command	C0595	/usr/local/bin/typst compile /repos/Antigravity/typst-crystalline/lab/parity/matrix/fixtures/p1266/S03-linear-oklab.typ /tmp/p1268/oracle_v3/binaries/repeat/S03-linear-oklab.svg	e3b0c44298fc1c149afbf4c8996fb92427ae41e4649b934ca495991b7852b855	exit=0;stderr_sha256=e3b0c44298fc1c149afbf4c8996fb92427ae41e4649b934ca495991b7852b855
runner-command	C0596	/usr/local/bin/typst eval --format json let norm = x => if type(x) == ratio { x / 100% } else { x }; let g = gradient.linear((red.transparentize(100%), 0%), (rgb(46, 204, 64), 3.7037037037037%), (blue, 29.6296296296296%), (yellow, 100%), space: color.oklab, angle: 90deg); (g.stops().map(s => (s.at(0).components().map(norm), s.at(1) / 100%)), repr(g.kind()), repr(g.space()), repr(g.angle()), repr(g.center()), repr(g.radius()), repr(g.focal-center()), repr(g.focal-radius()))	23ed07e4bea9e4a031eab6911e907a2a8cf6452f0fbcf708160b2dfcf550c22a	exit=0;stderr_sha256=e3b0c44298fc1c149afbf4c8996fb92427ae41e4649b934ca495991b7852b855
runner-command	C0597	/usr/local/bin/typst compile /repos/Antigravity/typst-crystalline/lab/parity/matrix/fixtures/p1266/S03-radial-oklab.typ /tmp/p1268/oracle_v3/binaries/repeat/S03-radial-oklab.svg	e3b0c44298fc1c149afbf4c8996fb92427ae41e4649b934ca495991b7852b855	exit=0;stderr_sha256=e3b0c44298fc1c149afbf4c8996fb92427ae41e4649b934ca495991b7852b855
runner-command	C0598	/usr/local/bin/typst eval --format json let norm = x => if type(x) == ratio { x / 100% } else { x }; let g = gradient.radial((red.transparentize(100%), 0%), (rgb(46, 204, 64), 3.7037037037037%), (blue, 29.6296296296296%), (yellow, 100%), space: color.oklab, center: (50%, 50%), radius: 65%, focal-center: (30%, 40%), focal-radius: 10%); (g.stops().map(s => (s.at(0).components().map(norm), s.at(1) / 100%)), repr(g.kind()), repr(g.space()), repr(g.angle()), repr(g.center()), repr(g.radius()), repr(g.focal-center()), repr(g.focal-radius()))	7e7a28c6c9f592154cbd54955be3ae9877c5907d9aaee1bc8c2b77c15e9a8c17	exit=0;stderr_sha256=e3b0c44298fc1c149afbf4c8996fb92427ae41e4649b934ca495991b7852b855
runner-command	C0599	/usr/local/bin/typst compile /repos/Antigravity/typst-crystalline/lab/parity/matrix/fixtures/p1266/S03-linear-linear-rgb.typ /tmp/p1268/oracle_v3/binaries/repeat/S03-linear-linear-rgb.svg	e3b0c44298fc1c149afbf4c8996fb92427ae41e4649b934ca495991b7852b855	exit=0;stderr_sha256=e3b0c44298fc1c149afbf4c8996fb92427ae41e4649b934ca495991b7852b855
runner-command	C0600	/usr/local/bin/typst eval --format json let norm = x => if type(x) == ratio { x / 100% } else { x }; let g = gradient.linear((red.transparentize(100%), 0%), (rgb(46, 204, 64), 3.7037037037037%), (blue, 29.6296296296296%), (yellow, 100%), space: color.linear-rgb, angle: 90deg); (g.stops().map(s => (s.at(0).components().map(norm), s.at(1) / 100%)), repr(g.kind()), repr(g.space()), repr(g.angle()), repr(g.center()), repr(g.radius()), repr(g.focal-center()), repr(g.focal-radius()))	0f5f52d9782bc006ffd8fdcedc174d84be809e54a94d413573071d28ff2ea095	exit=0;stderr_sha256=e3b0c44298fc1c149afbf4c8996fb92427ae41e4649b934ca495991b7852b855
runner-command	C0601	/usr/local/bin/typst compile /repos/Antigravity/typst-crystalline/lab/parity/matrix/fixtures/p1266/S03-radial-linear-rgb.typ /tmp/p1268/oracle_v3/binaries/repeat/S03-radial-linear-rgb.svg	e3b0c44298fc1c149afbf4c8996fb92427ae41e4649b934ca495991b7852b855	exit=0;stderr_sha256=e3b0c44298fc1c149afbf4c8996fb92427ae41e4649b934ca495991b7852b855
runner-command	C0602	/usr/local/bin/typst eval --format json let norm = x => if type(x) == ratio { x / 100% } else { x }; let g = gradient.radial((red.transparentize(100%), 0%), (rgb(46, 204, 64), 3.7037037037037%), (blue, 29.6296296296296%), (yellow, 100%), space: color.linear-rgb, center: (50%, 50%), radius: 65%, focal-center: (30%, 40%), focal-radius: 10%); (g.stops().map(s => (s.at(0).components().map(norm), s.at(1) / 100%)), repr(g.kind()), repr(g.space()), repr(g.angle()), repr(g.center()), repr(g.radius()), repr(g.focal-center()), repr(g.focal-radius()))	b85c35b264635729716ddd1f176bea03b3c269f2da40c278ec0077d851f6f343	exit=0;stderr_sha256=e3b0c44298fc1c149afbf4c8996fb92427ae41e4649b934ca495991b7852b855
runner-command	C0603	/usr/local/bin/typst compile /repos/Antigravity/typst-crystalline/lab/parity/matrix/fixtures/p1266/S04-linear-oklab.typ /tmp/p1268/oracle_v3/binaries/repeat/S04-linear-oklab.svg	e3b0c44298fc1c149afbf4c8996fb92427ae41e4649b934ca495991b7852b855	exit=0;stderr_sha256=e3b0c44298fc1c149afbf4c8996fb92427ae41e4649b934ca495991b7852b855
runner-command	C0604	/usr/local/bin/typst eval --format json let norm = x => if type(x) == ratio { x / 100% } else { x }; let g = gradient.linear((red, 0%), (rgb(46, 204, 64), 37.0262390670554%), (blue.transparentize(100%), 63.5568513119533%), (yellow.transparentize(100%), 81.3411078717201%), (red, 92.1282798833819%), (rgb(46, 204, 64), 97.667638483965%), (blue.transparentize(100%), 99.7084548104956%), (yellow.transparentize(100%), 100%), space: color.oklab, angle: 135deg); (g.stops().map(s => (s.at(0).components().map(norm), s.at(1) / 100%)), repr(g.kind()), repr(g.space()), repr(g.angle()), repr(g.center()), repr(g.radius()), repr(g.focal-center()), repr(g.focal-radius()))	c05db1a0a0da946ce9578ce20cc47e57fa34a8cff14cd963b3f2ee93ea05c269	exit=0;stderr_sha256=e3b0c44298fc1c149afbf4c8996fb92427ae41e4649b934ca495991b7852b855
runner-command	C0605	/usr/local/bin/typst compile /repos/Antigravity/typst-crystalline/lab/parity/matrix/fixtures/p1266/S04-radial-oklab.typ /tmp/p1268/oracle_v3/binaries/repeat/S04-radial-oklab.svg	e3b0c44298fc1c149afbf4c8996fb92427ae41e4649b934ca495991b7852b855	exit=0;stderr_sha256=e3b0c44298fc1c149afbf4c8996fb92427ae41e4649b934ca495991b7852b855
runner-command	C0606	/usr/local/bin/typst eval --format json let norm = x => if type(x) == ratio { x / 100% } else { x }; let g = gradient.radial((red, 0%), (rgb(46, 204, 64), 37.0262390670554%), (blue.transparentize(100%), 63.5568513119533%), (yellow.transparentize(100%), 81.3411078717201%), (red, 92.1282798833819%), (rgb(46, 204, 64), 97.667638483965%), (blue.transparentize(100%), 99.7084548104956%), (yellow.transparentize(100%), 100%), space: color.oklab, center: (50%, 50%), radius: 50%, focal-center: (93.9%, 50%), focal-radius: 6%); (g.stops().map(s => (s.at(0).components().map(norm), s.at(1) / 100%)), repr(g.kind()), repr(g.space()), repr(g.angle()), repr(g.center()), repr(g.radius()), repr(g.focal-center()), repr(g.focal-radius()))	7c4fa10584d10d6e818b61caf7600002439d067bf0d9ae11a315f7bbb928a1cc	exit=0;stderr_sha256=e3b0c44298fc1c149afbf4c8996fb92427ae41e4649b934ca495991b7852b855
runner-command	C0607	/usr/local/bin/typst compile /repos/Antigravity/typst-crystalline/lab/parity/matrix/fixtures/p1266/S04-linear-linear-rgb.typ /tmp/p1268/oracle_v3/binaries/repeat/S04-linear-linear-rgb.svg	e3b0c44298fc1c149afbf4c8996fb92427ae41e4649b934ca495991b7852b855	exit=0;stderr_sha256=e3b0c44298fc1c149afbf4c8996fb92427ae41e4649b934ca495991b7852b855
runner-command	C0608	/usr/local/bin/typst eval --format json let norm = x => if type(x) == ratio { x / 100% } else { x }; let g = gradient.linear((red, 0%), (rgb(46, 204, 64), 37.0262390670554%), (blue.transparentize(100%), 63.5568513119533%), (yellow.transparentize(100%), 81.3411078717201%), (red, 92.1282798833819%), (rgb(46, 204, 64), 97.667638483965%), (blue.transparentize(100%), 99.7084548104956%), (yellow.transparentize(100%), 100%), space: color.linear-rgb, angle: 135deg); (g.stops().map(s => (s.at(0).components().map(norm), s.at(1) / 100%)), repr(g.kind()), repr(g.space()), repr(g.angle()), repr(g.center()), repr(g.radius()), repr(g.focal-center()), repr(g.focal-radius()))	49a93c3e3df8e91b1a20d1a6921f7b1a7570ecd8a5d36a7581aee1aab95bddf9	exit=0;stderr_sha256=e3b0c44298fc1c149afbf4c8996fb92427ae41e4649b934ca495991b7852b855
runner-command	C0609	/usr/local/bin/typst compile /repos/Antigravity/typst-crystalline/lab/parity/matrix/fixtures/p1266/S04-radial-linear-rgb.typ /tmp/p1268/oracle_v3/binaries/repeat/S04-radial-linear-rgb.svg	e3b0c44298fc1c149afbf4c8996fb92427ae41e4649b934ca495991b7852b855	exit=0;stderr_sha256=e3b0c44298fc1c149afbf4c8996fb92427ae41e4649b934ca495991b7852b855
runner-command	C0610	/usr/local/bin/typst eval --format json let norm = x => if type(x) == ratio { x / 100% } else { x }; let g = gradient.radial((red, 0%), (rgb(46, 204, 64), 37.0262390670554%), (blue.transparentize(100%), 63.5568513119533%), (yellow.transparentize(100%), 81.3411078717201%), (red, 92.1282798833819%), (rgb(46, 204, 64), 97.667638483965%), (blue.transparentize(100%), 99.7084548104956%), (yellow.transparentize(100%), 100%), space: color.linear-rgb, center: (50%, 50%), radius: 50%, focal-center: (93.9%, 50%), focal-radius: 6%); (g.stops().map(s => (s.at(0).components().map(norm), s.at(1) / 100%)), repr(g.kind()), repr(g.space()), repr(g.angle()), repr(g.center()), repr(g.radius()), repr(g.focal-center()), repr(g.focal-radius()))	8fdec0c44319b2ea9c5da355308a2be1e702426d6704103d85a9cac2342f4e04	exit=0;stderr_sha256=e3b0c44298fc1c149afbf4c8996fb92427ae41e4649b934ca495991b7852b855
runner-command	C0611	/usr/local/bin/typst compile /repos/Antigravity/typst-crystalline/lab/parity/matrix/fixtures/p1266/S05-linear-oklab.typ /tmp/p1268/oracle_v3/binaries/repeat/S05-linear-oklab.svg	e3b0c44298fc1c149afbf4c8996fb92427ae41e4649b934ca495991b7852b855	exit=0;stderr_sha256=e3b0c44298fc1c149afbf4c8996fb92427ae41e4649b934ca495991b7852b855
runner-command	C0612	/usr/local/bin/typst eval --format json let norm = x => if type(x) == ratio { x / 100% } else { x }; let g = gradient.linear((red.transparentize(100%), 0%), (rgb(46, 204, 64), 2.22222222222222%), (blue.transparentize(70%), 8.88888888888889%), (yellow, 20%), (rgb(255, 0, 255).transparentize(35%), 24.4444444444444%), (red.transparentize(100%), 33.3333333333333%), (rgb(46, 204, 64), 35.5555555555556%), (blue.transparentize(70%), 42.2222222222222%), (yellow, 53.3333333333333%), (rgb(255, 0, 255).transparentize(35%), 57.7777777777778%), (red.transparentize(100%), 66.6666666666667%), (rgb(46, 204, 64), 68.8888888888889%), (blue.transparentize(70%), 75.5555555555556%), (yellow, 86.6666666666667%), (rgb(255, 0, 255).transparentize(35%), 91.1111111111111%), (red.transparentize(100%), 100%), space: color.oklab, angle: -45deg); (g.stops().map(s => (s.at(0).components().map(norm), s.at(1) / 100%)), repr(g.kind()), repr(g.space()), repr(g.angle()), repr(g.center()), repr(g.radius()), repr(g.focal-center()), repr(g.focal-radius()))	7018b8848c1945a91df468479f7d79188df1ead7f8ce4f8de150384fb4ef075b	exit=0;stderr_sha256=e3b0c44298fc1c149afbf4c8996fb92427ae41e4649b934ca495991b7852b855
runner-command	C0613	/usr/local/bin/typst compile /repos/Antigravity/typst-crystalline/lab/parity/matrix/fixtures/p1266/S05-radial-oklab.typ /tmp/p1268/oracle_v3/binaries/repeat/S05-radial-oklab.svg	e3b0c44298fc1c149afbf4c8996fb92427ae41e4649b934ca495991b7852b855	exit=0;stderr_sha256=e3b0c44298fc1c149afbf4c8996fb92427ae41e4649b934ca495991b7852b855
runner-command	C0614	/usr/local/bin/typst eval --format json let norm = x => if type(x) == ratio { x / 100% } else { x }; let g = gradient.radial((red.transparentize(100%), 0%), (rgb(46, 204, 64), 2.22222222222222%), (blue.transparentize(70%), 8.88888888888889%), (yellow, 20%), (rgb(255, 0, 255).transparentize(35%), 24.4444444444444%), (red.transparentize(100%), 33.3333333333333%), (rgb(46, 204, 64), 35.5555555555556%), (blue.transparentize(70%), 42.2222222222222%), (yellow, 53.3333333333333%), (rgb(255, 0, 255).transparentize(35%), 57.7777777777778%), (red.transparentize(100%), 66.6666666666667%), (rgb(46, 204, 64), 68.8888888888889%), (blue.transparentize(70%), 75.5555555555556%), (yellow, 86.6666666666667%), (rgb(255, 0, 255).transparentize(35%), 91.1111111111111%), (red.transparentize(100%), 100%), space: color.oklab, center: (50%, 50%), radius: 0.1%, focal-center: (50%, 50%), focal-radius: 0%); (g.stops().map(s => (s.at(0).components().map(norm), s.at(1) / 100%)), repr(g.kind()), repr(g.space()), repr(g.angle()), repr(g.center()), repr(g.radius()), repr(g.focal-center()), repr(g.focal-radius()))	28eb5be12387197ac32e19ff52a6d36046076a225e23f79399a410d332f63660	exit=0;stderr_sha256=e3b0c44298fc1c149afbf4c8996fb92427ae41e4649b934ca495991b7852b855
runner-command	C0615	/usr/local/bin/typst compile /repos/Antigravity/typst-crystalline/lab/parity/matrix/fixtures/p1266/S05-linear-linear-rgb.typ /tmp/p1268/oracle_v3/binaries/repeat/S05-linear-linear-rgb.svg	e3b0c44298fc1c149afbf4c8996fb92427ae41e4649b934ca495991b7852b855	exit=0;stderr_sha256=e3b0c44298fc1c149afbf4c8996fb92427ae41e4649b934ca495991b7852b855
runner-command	C0616	/usr/local/bin/typst eval --format json let norm = x => if type(x) == ratio { x / 100% } else { x }; let g = gradient.linear((red.transparentize(100%), 0%), (rgb(46, 204, 64), 2.22222222222222%), (blue.transparentize(70%), 8.88888888888889%), (yellow, 20%), (rgb(255, 0, 255).transparentize(35%), 24.4444444444444%), (red.transparentize(100%), 33.3333333333333%), (rgb(46, 204, 64), 35.5555555555556%), (blue.transparentize(70%), 42.2222222222222%), (yellow, 53.3333333333333%), (rgb(255, 0, 255).transparentize(35%), 57.7777777777778%), (red.transparentize(100%), 66.6666666666667%), (rgb(46, 204, 64), 68.8888888888889%), (blue.transparentize(70%), 75.5555555555556%), (yellow, 86.6666666666667%), (rgb(255, 0, 255).transparentize(35%), 91.1111111111111%), (red.transparentize(100%), 100%), space: color.linear-rgb, angle: -45deg); (g.stops().map(s => (s.at(0).components().map(norm), s.at(1) / 100%)), repr(g.kind()), repr(g.space()), repr(g.angle()), repr(g.center()), repr(g.radius()), repr(g.focal-center()), repr(g.focal-radius()))	0a277464c66c11059a49b6a450678ec45198b1918394e0b01e768a6983381b9a	exit=0;stderr_sha256=e3b0c44298fc1c149afbf4c8996fb92427ae41e4649b934ca495991b7852b855
runner-command	C0617	/usr/local/bin/typst compile /repos/Antigravity/typst-crystalline/lab/parity/matrix/fixtures/p1266/S05-radial-linear-rgb.typ /tmp/p1268/oracle_v3/binaries/repeat/S05-radial-linear-rgb.svg	e3b0c44298fc1c149afbf4c8996fb92427ae41e4649b934ca495991b7852b855	exit=0;stderr_sha256=e3b0c44298fc1c149afbf4c8996fb92427ae41e4649b934ca495991b7852b855
runner-command	C0618	/usr/local/bin/typst eval --format json let norm = x => if type(x) == ratio { x / 100% } else { x }; let g = gradient.radial((red.transparentize(100%), 0%), (rgb(46, 204, 64), 2.22222222222222%), (blue.transparentize(70%), 8.88888888888889%), (yellow, 20%), (rgb(255, 0, 255).transparentize(35%), 24.4444444444444%), (red.transparentize(100%), 33.3333333333333%), (rgb(46, 204, 64), 35.5555555555556%), (blue.transparentize(70%), 42.2222222222222%), (yellow, 53.3333333333333%), (rgb(255, 0, 255).transparentize(35%), 57.7777777777778%), (red.transparentize(100%), 66.6666666666667%), (rgb(46, 204, 64), 68.8888888888889%), (blue.transparentize(70%), 75.5555555555556%), (yellow, 86.6666666666667%), (rgb(255, 0, 255).transparentize(35%), 91.1111111111111%), (red.transparentize(100%), 100%), space: color.linear-rgb, center: (50%, 50%), radius: 0.1%, focal-center: (50%, 50%), focal-radius: 0%); (g.stops().map(s => (s.at(0).components().map(norm), s.at(1) / 100%)), repr(g.kind()), repr(g.space()), repr(g.angle()), repr(g.center()), repr(g.radius()), repr(g.focal-center()), repr(g.focal-radius()))	fbb58f8e955c21486ec969ba702e78f6632067749d15a05410571049cffcdd20	exit=0;stderr_sha256=e3b0c44298fc1c149afbf4c8996fb92427ae41e4649b934ca495991b7852b855
runner-command	C0619	/usr/local/bin/typst compile /repos/Antigravity/typst-crystalline/lab/parity/matrix/fixtures/p1266/S06-linear-oklab.typ /tmp/p1268/oracle_v3/binaries/repeat/S06-linear-oklab.svg	e3b0c44298fc1c149afbf4c8996fb92427ae41e4649b934ca495991b7852b855	exit=0;stderr_sha256=e3b0c44298fc1c149afbf4c8996fb92427ae41e4649b934ca495991b7852b855
runner-command	C0620	/usr/local/bin/typst eval --format json let norm = x => if type(x) == ratio { x / 100% } else { x }; let g = gradient.linear((black, 0%), (white, 3.2258064516129%), (red, 6.45161290322581%), (rgb(0, 255, 0), 9.67741935483871%), (blue, 12.9032258064516%), (rgb(0, 255, 255), 16.1290322580645%), (rgb(255, 0, 255), 19.3548387096774%), (yellow, 22.5806451612903%), (black, 25.8064516129032%), (white, 29.0322580645161%), (red, 32.258064516129%), (rgb(0, 255, 0), 35.4838709677419%), (blue, 38.7096774193548%), (rgb(0, 255, 255), 41.9354838709677%), (rgb(255, 0, 255), 45.1612903225806%), (yellow, 48.3870967741936%), (black, 51.6129032258064%), (white, 54.8387096774194%), (red, 58.0645161290323%), (rgb(0, 255, 0), 61.2903225806452%), (blue, 64.5161290322581%), (rgb(0, 255, 255), 67.741935483871%), (rgb(255, 0, 255), 70.9677419354839%), (yellow, 74.1935483870968%), (black, 77.4193548387097%), (white, 80.6451612903226%), (red, 83.8709677419355%), (rgb(0, 255, 0), 87.0967741935484%), (blue, 90.3225806451613%), (rgb(0, 255, 255), 93.5483870967742%), (rgb(255, 0, 255), 96.7741935483871%), (yellow, 100%), space: color.oklab, angle: 450deg); (g.stops().map(s => (s.at(0).components().map(norm), s.at(1) / 100%)), repr(g.kind()), repr(g.space()), repr(g.angle()), repr(g.center()), repr(g.radius()), repr(g.focal-center()), repr(g.focal-radius()))	53acf45deb37f78770ed1415e9c5a8cee7192863780bec430a3425ded1bdd017	exit=0;stderr_sha256=e3b0c44298fc1c149afbf4c8996fb92427ae41e4649b934ca495991b7852b855
runner-command	C0621	/usr/local/bin/typst compile /repos/Antigravity/typst-crystalline/lab/parity/matrix/fixtures/p1266/S06-radial-oklab.typ /tmp/p1268/oracle_v3/binaries/repeat/S06-radial-oklab.svg	e3b0c44298fc1c149afbf4c8996fb92427ae41e4649b934ca495991b7852b855	exit=0;stderr_sha256=e3b0c44298fc1c149afbf4c8996fb92427ae41e4649b934ca495991b7852b855
runner-command	C0622	/usr/local/bin/typst eval --format json let norm = x => if type(x) == ratio { x / 100% } else { x }; let g = gradient.radial((black, 0%), (white, 3.2258064516129%), (red, 6.45161290322581%), (rgb(0, 255, 0), 9.67741935483871%), (blue, 12.9032258064516%), (rgb(0, 255, 255), 16.1290322580645%), (rgb(255, 0, 255), 19.3548387096774%), (yellow, 22.5806451612903%), (black, 25.8064516129032%), (white, 29.0322580645161%), (red, 32.258064516129%), (rgb(0, 255, 0), 35.4838709677419%), (blue, 38.7096774193548%), (rgb(0, 255, 255), 41.9354838709677%), (rgb(255, 0, 255), 45.1612903225806%), (yellow, 48.3870967741936%), (black, 51.6129032258064%), (white, 54.8387096774194%), (red, 58.0645161290323%), (rgb(0, 255, 0), 61.2903225806452%), (blue, 64.5161290322581%), (rgb(0, 255, 255), 67.741935483871%), (rgb(255, 0, 255), 70.9677419354839%), (yellow, 74.1935483870968%), (black, 77.4193548387097%), (white, 80.6451612903226%), (red, 83.8709677419355%), (rgb(0, 255, 0), 87.0967741935484%), (blue, 90.3225806451613%), (rgb(0, 255, 255), 93.5483870967742%), (rgb(255, 0, 255), 96.7741935483871%), (yellow, 100%), space: color.oklab, center: (120%, -20%), radius: 100%, focal-center: (120%, -20%), focal-radius: 0%); (g.stops().map(s => (s.at(0).components().map(norm), s.at(1) / 100%)), repr(g.kind()), repr(g.space()), repr(g.angle()), repr(g.center()), repr(g.radius()), repr(g.focal-center()), repr(g.focal-radius()))	9938aec87c5298747ea6515fea70ca1e40bdd62f8463014c742b3e009d4a2826	exit=0;stderr_sha256=e3b0c44298fc1c149afbf4c8996fb92427ae41e4649b934ca495991b7852b855
runner-command	C0623	/usr/local/bin/typst compile /repos/Antigravity/typst-crystalline/lab/parity/matrix/fixtures/p1266/S06-linear-linear-rgb.typ /tmp/p1268/oracle_v3/binaries/repeat/S06-linear-linear-rgb.svg	e3b0c44298fc1c149afbf4c8996fb92427ae41e4649b934ca495991b7852b855	exit=0;stderr_sha256=e3b0c44298fc1c149afbf4c8996fb92427ae41e4649b934ca495991b7852b855
runner-command	C0624	/usr/local/bin/typst eval --format json let norm = x => if type(x) == ratio { x / 100% } else { x }; let g = gradient.linear((black, 0%), (white, 3.2258064516129%), (red, 6.45161290322581%), (rgb(0, 255, 0), 9.67741935483871%), (blue, 12.9032258064516%), (rgb(0, 255, 255), 16.1290322580645%), (rgb(255, 0, 255), 19.3548387096774%), (yellow, 22.5806451612903%), (black, 25.8064516129032%), (white, 29.0322580645161%), (red, 32.258064516129%), (rgb(0, 255, 0), 35.4838709677419%), (blue, 38.7096774193548%), (rgb(0, 255, 255), 41.9354838709677%), (rgb(255, 0, 255), 45.1612903225806%), (yellow, 48.3870967741936%), (black, 51.6129032258064%), (white, 54.8387096774194%), (red, 58.0645161290323%), (rgb(0, 255, 0), 61.2903225806452%), (blue, 64.5161290322581%), (rgb(0, 255, 255), 67.741935483871%), (rgb(255, 0, 255), 70.9677419354839%), (yellow, 74.1935483870968%), (black, 77.4193548387097%), (white, 80.6451612903226%), (red, 83.8709677419355%), (rgb(0, 255, 0), 87.0967741935484%), (blue, 90.3225806451613%), (rgb(0, 255, 255), 93.5483870967742%), (rgb(255, 0, 255), 96.7741935483871%), (yellow, 100%), space: color.linear-rgb, angle: 450deg); (g.stops().map(s => (s.at(0).components().map(norm), s.at(1) / 100%)), repr(g.kind()), repr(g.space()), repr(g.angle()), repr(g.center()), repr(g.radius()), repr(g.focal-center()), repr(g.focal-radius()))	78ac8a6e4794fc5f40a77ad6dedd93743e1af3f286cbc45ac478f97818911751	exit=0;stderr_sha256=e3b0c44298fc1c149afbf4c8996fb92427ae41e4649b934ca495991b7852b855
runner-command	C0625	/usr/local/bin/typst compile /repos/Antigravity/typst-crystalline/lab/parity/matrix/fixtures/p1266/S06-radial-linear-rgb.typ /tmp/p1268/oracle_v3/binaries/repeat/S06-radial-linear-rgb.svg	e3b0c44298fc1c149afbf4c8996fb92427ae41e4649b934ca495991b7852b855	exit=0;stderr_sha256=e3b0c44298fc1c149afbf4c8996fb92427ae41e4649b934ca495991b7852b855
runner-command	C0626	/usr/local/bin/typst eval --format json let norm = x => if type(x) == ratio { x / 100% } else { x }; let g = gradient.radial((black, 0%), (white, 3.2258064516129%), (red, 6.45161290322581%), (rgb(0, 255, 0), 9.67741935483871%), (blue, 12.9032258064516%), (rgb(0, 255, 255), 16.1290322580645%), (rgb(255, 0, 255), 19.3548387096774%), (yellow, 22.5806451612903%), (black, 25.8064516129032%), (white, 29.0322580645161%), (red, 32.258064516129%), (rgb(0, 255, 0), 35.4838709677419%), (blue, 38.7096774193548%), (rgb(0, 255, 255), 41.9354838709677%), (rgb(255, 0, 255), 45.1612903225806%), (yellow, 48.3870967741936%), (black, 51.6129032258064%), (white, 54.8387096774194%), (red, 58.0645161290323%), (rgb(0, 255, 0), 61.2903225806452%), (blue, 64.5161290322581%), (rgb(0, 255, 255), 67.741935483871%), (rgb(255, 0, 255), 70.9677419354839%), (yellow, 74.1935483870968%), (black, 77.4193548387097%), (white, 80.6451612903226%), (red, 83.8709677419355%), (rgb(0, 255, 0), 87.0967741935484%), (blue, 90.3225806451613%), (rgb(0, 255, 255), 93.5483870967742%), (rgb(255, 0, 255), 96.7741935483871%), (yellow, 100%), space: color.linear-rgb, center: (120%, -20%), radius: 100%, focal-center: (120%, -20%), focal-radius: 0%); (g.stops().map(s => (s.at(0).components().map(norm), s.at(1) / 100%)), repr(g.kind()), repr(g.space()), repr(g.angle()), repr(g.center()), repr(g.radius()), repr(g.focal-center()), repr(g.focal-radius()))	c7b6276782383a8dca2914a79f3ab77beb73bb971cec806ecdfde49806057f62	exit=0;stderr_sha256=e3b0c44298fc1c149afbf4c8996fb92427ae41e4649b934ca495991b7852b855
runner-command	C0627	/usr/local/bin/typst compile /repos/Antigravity/typst-crystalline/lab/parity/matrix/fixtures/p1266/S07-linear-oklab.typ /tmp/p1268/oracle_v3/binaries/repeat/S07-linear-oklab.svg	e3b0c44298fc1c149afbf4c8996fb92427ae41e4649b934ca495991b7852b855	exit=0;stderr_sha256=e3b0c44298fc1c149afbf4c8996fb92427ae41e4649b934ca495991b7852b855
runner-command	C0628	/usr/local/bin/typst eval --format json let norm = x => if type(x) == ratio { x / 100% } else { x }; let g = gradient.linear((red, 0%), (red, 0%), (rgb(46, 204, 64), 100%), space: color.oklab, angle: 0.0001deg); (g.stops().map(s => (s.at(0).components().map(norm), s.at(1) / 100%)), repr(g.kind()), repr(g.space()), repr(g.angle()), repr(g.center()), repr(g.radius()), repr(g.focal-center()), repr(g.focal-radius()))	72a982d23a82b940d155b33bb15c32ce0e5af7d2b7f60ef03b692b043727a5e9	exit=0;stderr_sha256=e3b0c44298fc1c149afbf4c8996fb92427ae41e4649b934ca495991b7852b855
runner-command	C0629	/usr/local/bin/typst compile /repos/Antigravity/typst-crystalline/lab/parity/matrix/fixtures/p1266/S07-radial-oklab.typ /tmp/p1268/oracle_v3/binaries/repeat/S07-radial-oklab.svg	e3b0c44298fc1c149afbf4c8996fb92427ae41e4649b934ca495991b7852b855	exit=0;stderr_sha256=e3b0c44298fc1c149afbf4c8996fb92427ae41e4649b934ca495991b7852b855
runner-command	C0630	/usr/local/bin/typst eval --format json let norm = x => if type(x) == ratio { x / 100% } else { x }; let g = gradient.radial((red, 0%), (red, 0%), (rgb(46, 204, 64), 100%), space: color.oklab, center: (50%, 50%), radius: 50%, focal-center: (50%, 50%), focal-radius: 0%); (g.stops().map(s => (s.at(0).components().map(norm), s.at(1) / 100%)), repr(g.kind()), repr(g.space()), repr(g.angle()), repr(g.center()), repr(g.radius()), repr(g.focal-center()), repr(g.focal-radius()))	0cbcc9cbf7022229c430efe10adf7c479fce37ce4fa9d1dc28430c18dbb793a6	exit=0;stderr_sha256=e3b0c44298fc1c149afbf4c8996fb92427ae41e4649b934ca495991b7852b855
runner-command	C0631	/usr/local/bin/typst compile /repos/Antigravity/typst-crystalline/lab/parity/matrix/fixtures/p1266/S07-linear-linear-rgb.typ /tmp/p1268/oracle_v3/binaries/repeat/S07-linear-linear-rgb.svg	e3b0c44298fc1c149afbf4c8996fb92427ae41e4649b934ca495991b7852b855	exit=0;stderr_sha256=e3b0c44298fc1c149afbf4c8996fb92427ae41e4649b934ca495991b7852b855
runner-command	C0632	/usr/local/bin/typst eval --format json let norm = x => if type(x) == ratio { x / 100% } else { x }; let g = gradient.linear((red, 0%), (red, 0%), (rgb(46, 204, 64), 100%), space: color.linear-rgb, angle: 0.0001deg); (g.stops().map(s => (s.at(0).components().map(norm), s.at(1) / 100%)), repr(g.kind()), repr(g.space()), repr(g.angle()), repr(g.center()), repr(g.radius()), repr(g.focal-center()), repr(g.focal-radius()))	a92c16239dbf2b4a1b3ec1d493832ec4a13d9f6a4b3c616b5411f1ffc26073a7	exit=0;stderr_sha256=e3b0c44298fc1c149afbf4c8996fb92427ae41e4649b934ca495991b7852b855
runner-command	C0633	/usr/local/bin/typst compile /repos/Antigravity/typst-crystalline/lab/parity/matrix/fixtures/p1266/S07-radial-linear-rgb.typ /tmp/p1268/oracle_v3/binaries/repeat/S07-radial-linear-rgb.svg	e3b0c44298fc1c149afbf4c8996fb92427ae41e4649b934ca495991b7852b855	exit=0;stderr_sha256=e3b0c44298fc1c149afbf4c8996fb92427ae41e4649b934ca495991b7852b855
runner-command	C0634	/usr/local/bin/typst eval --format json let norm = x => if type(x) == ratio { x / 100% } else { x }; let g = gradient.radial((red, 0%), (red, 0%), (rgb(46, 204, 64), 100%), space: color.linear-rgb, center: (50%, 50%), radius: 50%, focal-center: (50%, 50%), focal-radius: 0%); (g.stops().map(s => (s.at(0).components().map(norm), s.at(1) / 100%)), repr(g.kind()), repr(g.space()), repr(g.angle()), repr(g.center()), repr(g.radius()), repr(g.focal-center()), repr(g.focal-radius()))	916da4099771ccbb636373af36542db2f5b477efc10d1534f52dadbe4f928830	exit=0;stderr_sha256=e3b0c44298fc1c149afbf4c8996fb92427ae41e4649b934ca495991b7852b855
runner-command	C0635	/usr/local/bin/typst compile /repos/Antigravity/typst-crystalline/lab/parity/matrix/fixtures/p1266/S08-linear-oklab.typ /tmp/p1268/oracle_v3/binaries/repeat/S08-linear-oklab.svg	e3b0c44298fc1c149afbf4c8996fb92427ae41e4649b934ca495991b7852b855	exit=0;stderr_sha256=e3b0c44298fc1c149afbf4c8996fb92427ae41e4649b934ca495991b7852b855
runner-command	C0636	/usr/local/bin/typst eval --format json let norm = x => if type(x) == ratio { x / 100% } else { x }; let g = gradient.linear((red, 0%), (rgb(46, 204, 64).transparentize(60%), 50%), (blue, 50%), (blue, 100%), space: color.oklab, angle: 89.9999deg); (g.stops().map(s => (s.at(0).components().map(norm), s.at(1) / 100%)), repr(g.kind()), repr(g.space()), repr(g.angle()), repr(g.center()), repr(g.radius()), repr(g.focal-center()), repr(g.focal-radius()))	d92bcd87efd5f7437c8d9c695c304859cfee9bdc0cdc973f9d31ae3c7e84ed4d	exit=0;stderr_sha256=e3b0c44298fc1c149afbf4c8996fb92427ae41e4649b934ca495991b7852b855
runner-command	C0637	/usr/local/bin/typst compile /repos/Antigravity/typst-crystalline/lab/parity/matrix/fixtures/p1266/S08-radial-oklab.typ /tmp/p1268/oracle_v3/binaries/repeat/S08-radial-oklab.svg	e3b0c44298fc1c149afbf4c8996fb92427ae41e4649b934ca495991b7852b855	exit=0;stderr_sha256=e3b0c44298fc1c149afbf4c8996fb92427ae41e4649b934ca495991b7852b855
runner-command	C0638	/usr/local/bin/typst eval --format json let norm = x => if type(x) == ratio { x / 100% } else { x }; let g = gradient.radial((red, 0%), (rgb(46, 204, 64).transparentize(60%), 50%), (blue, 50%), (blue, 100%), space: color.oklab, center: (50%, 50%), radius: 65%, focal-center: (30%, 40%), focal-radius: 10%); (g.stops().map(s => (s.at(0).components().map(norm), s.at(1) / 100%)), repr(g.kind()), repr(g.space()), repr(g.angle()), repr(g.center()), repr(g.radius()), repr(g.focal-center()), repr(g.focal-radius()))	1cb3cea88a92ab3f1bdcb01fb95a1c206f1075900f6ab792927e84f97cf6794d	exit=0;stderr_sha256=e3b0c44298fc1c149afbf4c8996fb92427ae41e4649b934ca495991b7852b855
runner-command	C0639	/usr/local/bin/typst compile /repos/Antigravity/typst-crystalline/lab/parity/matrix/fixtures/p1266/S08-linear-linear-rgb.typ /tmp/p1268/oracle_v3/binaries/repeat/S08-linear-linear-rgb.svg	e3b0c44298fc1c149afbf4c8996fb92427ae41e4649b934ca495991b7852b855	exit=0;stderr_sha256=e3b0c44298fc1c149afbf4c8996fb92427ae41e4649b934ca495991b7852b855
runner-command	C0640	/usr/local/bin/typst eval --format json let norm = x => if type(x) == ratio { x / 100% } else { x }; let g = gradient.linear((red, 0%), (rgb(46, 204, 64).transparentize(60%), 50%), (blue, 50%), (blue, 100%), space: color.linear-rgb, angle: 89.9999deg); (g.stops().map(s => (s.at(0).components().map(norm), s.at(1) / 100%)), repr(g.kind()), repr(g.space()), repr(g.angle()), repr(g.center()), repr(g.radius()), repr(g.focal-center()), repr(g.focal-radius()))	fa5c82af09ee5f7ad2610939a5079d582e467b262fbe246a9d07d5ed242c1bf6	exit=0;stderr_sha256=e3b0c44298fc1c149afbf4c8996fb92427ae41e4649b934ca495991b7852b855
runner-command	C0641	/usr/local/bin/typst compile /repos/Antigravity/typst-crystalline/lab/parity/matrix/fixtures/p1266/S08-radial-linear-rgb.typ /tmp/p1268/oracle_v3/binaries/repeat/S08-radial-linear-rgb.svg	e3b0c44298fc1c149afbf4c8996fb92427ae41e4649b934ca495991b7852b855	exit=0;stderr_sha256=e3b0c44298fc1c149afbf4c8996fb92427ae41e4649b934ca495991b7852b855
runner-command	C0642	/usr/local/bin/typst eval --format json let norm = x => if type(x) == ratio { x / 100% } else { x }; let g = gradient.radial((red, 0%), (rgb(46, 204, 64).transparentize(60%), 50%), (blue, 50%), (blue, 100%), space: color.linear-rgb, center: (50%, 50%), radius: 65%, focal-center: (30%, 40%), focal-radius: 10%); (g.stops().map(s => (s.at(0).components().map(norm), s.at(1) / 100%)), repr(g.kind()), repr(g.space()), repr(g.angle()), repr(g.center()), repr(g.radius()), repr(g.focal-center()), repr(g.focal-radius()))	748d87ab81d3c9634972673514c40f916440b1b3286a4e8405ee30ffacaaddf7	exit=0;stderr_sha256=e3b0c44298fc1c149afbf4c8996fb92427ae41e4649b934ca495991b7852b855
runner-command	C0643	/usr/local/bin/typst compile /repos/Antigravity/typst-crystalline/lab/parity/matrix/fixtures/p1266/S09-linear-oklab.typ /tmp/p1268/oracle_v3/binaries/repeat/S09-linear-oklab.svg	e3b0c44298fc1c149afbf4c8996fb92427ae41e4649b934ca495991b7852b855	exit=0;stderr_sha256=e3b0c44298fc1c149afbf4c8996fb92427ae41e4649b934ca495991b7852b855
runner-command	C0644	/usr/local/bin/typst eval --format json let norm = x => if type(x) == ratio { x / 100% } else { x }; let g = gradient.linear((red, 0%), (rgb(46, 204, 64), 33.3333333333333%), (blue.transparentize(100%), 66.6666666666667%), (yellow.transparentize(100%), 100%), (yellow.transparentize(100%), 100%), space: color.oklab, angle: 180deg); (g.stops().map(s => (s.at(0).components().map(norm), s.at(1) / 100%)), repr(g.kind()), repr(g.space()), repr(g.angle()), repr(g.center()), repr(g.radius()), repr(g.focal-center()), repr(g.focal-radius()))	cd9501d0a8d1331edd27bb34c4fd3c75f5bfe1f7be4b04f62a1b6b9814489abd	exit=0;stderr_sha256=e3b0c44298fc1c149afbf4c8996fb92427ae41e4649b934ca495991b7852b855
runner-command	C0645	/usr/local/bin/typst compile /repos/Antigravity/typst-crystalline/lab/parity/matrix/fixtures/p1266/S09-radial-oklab.typ /tmp/p1268/oracle_v3/binaries/repeat/S09-radial-oklab.svg	e3b0c44298fc1c149afbf4c8996fb92427ae41e4649b934ca495991b7852b855	exit=0;stderr_sha256=e3b0c44298fc1c149afbf4c8996fb92427ae41e4649b934ca495991b7852b855
runner-command	C0646	/usr/local/bin/typst eval --format json let norm = x => if type(x) == ratio { x / 100% } else { x }; let g = gradient.radial((red, 0%), (rgb(46, 204, 64), 33.3333333333333%), (blue.transparentize(100%), 66.6666666666667%), (yellow.transparentize(100%), 100%), (yellow.transparentize(100%), 100%), space: color.oklab, center: (50%, 50%), radius: 60%, focal-center: (40%, 50%), focal-radius: 15%); (g.stops().map(s => (s.at(0).components().map(norm), s.at(1) / 100%)), repr(g.kind()), repr(g.space()), repr(g.angle()), repr(g.center()), repr(g.radius()), repr(g.focal-center()), repr(g.focal-radius()))	5c90e371e4128978f05b95d90ec8df6b8aad5c47b680e4eb354a014fac68d395	exit=0;stderr_sha256=e3b0c44298fc1c149afbf4c8996fb92427ae41e4649b934ca495991b7852b855
runner-command	C0647	/usr/local/bin/typst compile /repos/Antigravity/typst-crystalline/lab/parity/matrix/fixtures/p1266/S09-linear-linear-rgb.typ /tmp/p1268/oracle_v3/binaries/repeat/S09-linear-linear-rgb.svg	e3b0c44298fc1c149afbf4c8996fb92427ae41e4649b934ca495991b7852b855	exit=0;stderr_sha256=e3b0c44298fc1c149afbf4c8996fb92427ae41e4649b934ca495991b7852b855
runner-command	C0648	/usr/local/bin/typst eval --format json let norm = x => if type(x) == ratio { x / 100% } else { x }; let g = gradient.linear((red, 0%), (rgb(46, 204, 64), 33.3333333333333%), (blue.transparentize(100%), 66.6666666666667%), (yellow.transparentize(100%), 100%), (yellow.transparentize(100%), 100%), space: color.linear-rgb, angle: 180deg); (g.stops().map(s => (s.at(0).components().map(norm), s.at(1) / 100%)), repr(g.kind()), repr(g.space()), repr(g.angle()), repr(g.center()), repr(g.radius()), repr(g.focal-center()), repr(g.focal-radius()))	fbe986030e69794a5deb51a789d75acf3d5ac6e97ac0bfbe65f45cf983f28b5b	exit=0;stderr_sha256=e3b0c44298fc1c149afbf4c8996fb92427ae41e4649b934ca495991b7852b855
runner-command	C0649	/usr/local/bin/typst compile /repos/Antigravity/typst-crystalline/lab/parity/matrix/fixtures/p1266/S09-radial-linear-rgb.typ /tmp/p1268/oracle_v3/binaries/repeat/S09-radial-linear-rgb.svg	e3b0c44298fc1c149afbf4c8996fb92427ae41e4649b934ca495991b7852b855	exit=0;stderr_sha256=e3b0c44298fc1c149afbf4c8996fb92427ae41e4649b934ca495991b7852b855
runner-command	C0650	/usr/local/bin/typst eval --format json let norm = x => if type(x) == ratio { x / 100% } else { x }; let g = gradient.radial((red, 0%), (rgb(46, 204, 64), 33.3333333333333%), (blue.transparentize(100%), 66.6666666666667%), (yellow.transparentize(100%), 100%), (yellow.transparentize(100%), 100%), space: color.linear-rgb, center: (50%, 50%), radius: 60%, focal-center: (40%, 50%), focal-radius: 15%); (g.stops().map(s => (s.at(0).components().map(norm), s.at(1) / 100%)), repr(g.kind()), repr(g.space()), repr(g.angle()), repr(g.center()), repr(g.radius()), repr(g.focal-center()), repr(g.focal-radius()))	330685a40ce92d945e67ac643ea9ddd0023c45b699724968ca475e52789e6b12	exit=0;stderr_sha256=e3b0c44298fc1c149afbf4c8996fb92427ae41e4649b934ca495991b7852b855
runner-command	C0651	/usr/local/bin/typst compile /repos/Antigravity/typst-crystalline/lab/parity/matrix/fixtures/p1266/S10-linear-oklab.typ /tmp/p1268/oracle_v3/binaries/repeat/S10-linear-oklab.svg	e3b0c44298fc1c149afbf4c8996fb92427ae41e4649b934ca495991b7852b855	exit=0;stderr_sha256=e3b0c44298fc1c149afbf4c8996fb92427ae41e4649b934ca495991b7852b855
runner-command	C0652	/usr/local/bin/typst eval --format json let norm = x => if type(x) == ratio { x / 100% } else { x }; let g = gradient.linear((red.transparentize(99%), 0%), (rgb(46, 204, 64).transparentize(99%), 16.6666666666667%), (blue.transparentize(99%), 33.3333333333333%), (yellow.transparentize(99%), 50%), (red.transparentize(99%), 50.0001%), (rgb(46, 204, 64).transparentize(99%), 66.6667333333333%), (blue.transparentize(99%), 83.3333666666667%), (yellow.transparentize(99%), 100%), space: color.oklab, angle: 359.9999deg); (g.stops().map(s => (s.at(0).components().map(norm), s.at(1) / 100%)), repr(g.kind()), repr(g.space()), repr(g.angle()), repr(g.center()), repr(g.radius()), repr(g.focal-center()), repr(g.focal-radius()))	230ef11364b1dd199474677696f35412be0ffed39f5c83137cbc0ea83401114f	exit=0;stderr_sha256=e3b0c44298fc1c149afbf4c8996fb92427ae41e4649b934ca495991b7852b855
runner-command	C0653	/usr/local/bin/typst compile /repos/Antigravity/typst-crystalline/lab/parity/matrix/fixtures/p1266/S10-radial-oklab.typ /tmp/p1268/oracle_v3/binaries/repeat/S10-radial-oklab.svg	e3b0c44298fc1c149afbf4c8996fb92427ae41e4649b934ca495991b7852b855	exit=0;stderr_sha256=e3b0c44298fc1c149afbf4c8996fb92427ae41e4649b934ca495991b7852b855
runner-command	C0654	/usr/local/bin/typst eval --format json let norm = x => if type(x) == ratio { x / 100% } else { x }; let g = gradient.radial((red.transparentize(99%), 0%), (rgb(46, 204, 64).transparentize(99%), 16.6666666666667%), (blue.transparentize(99%), 33.3333333333333%), (yellow.transparentize(99%), 50%), (red.transparentize(99%), 50.0001%), (rgb(46, 204, 64).transparentize(99%), 66.6667333333333%), (blue.transparentize(99%), 83.3333666666667%), (yellow.transparentize(99%), 100%), space: color.oklab, center: (50%, 50%), radius: 50%, focal-center: (93.9%, 50%), focal-radius: 6%); (g.stops().map(s => (s.at(0).components().map(norm), s.at(1) / 100%)), repr(g.kind()), repr(g.space()), repr(g.angle()), repr(g.center()), repr(g.radius()), repr(g.focal-center()), repr(g.focal-radius()))	227dc00c2ed51b1b908da6da0f0865341007979d313d353994bf0833df8d4f78	exit=0;stderr_sha256=e3b0c44298fc1c149afbf4c8996fb92427ae41e4649b934ca495991b7852b855
runner-command	C0655	/usr/local/bin/typst compile /repos/Antigravity/typst-crystalline/lab/parity/matrix/fixtures/p1266/S10-linear-linear-rgb.typ /tmp/p1268/oracle_v3/binaries/repeat/S10-linear-linear-rgb.svg	e3b0c44298fc1c149afbf4c8996fb92427ae41e4649b934ca495991b7852b855	exit=0;stderr_sha256=e3b0c44298fc1c149afbf4c8996fb92427ae41e4649b934ca495991b7852b855
runner-command	C0656	/usr/local/bin/typst eval --format json let norm = x => if type(x) == ratio { x / 100% } else { x }; let g = gradient.linear((red.transparentize(99%), 0%), (rgb(46, 204, 64).transparentize(99%), 16.6666666666667%), (blue.transparentize(99%), 33.3333333333333%), (yellow.transparentize(99%), 50%), (red.transparentize(99%), 50.0001%), (rgb(46, 204, 64).transparentize(99%), 66.6667333333333%), (blue.transparentize(99%), 83.3333666666667%), (yellow.transparentize(99%), 100%), space: color.linear-rgb, angle: 359.9999deg); (g.stops().map(s => (s.at(0).components().map(norm), s.at(1) / 100%)), repr(g.kind()), repr(g.space()), repr(g.angle()), repr(g.center()), repr(g.radius()), repr(g.focal-center()), repr(g.focal-radius()))	11066fb3e527e1ec00650b3e0e0a456e7fdb877deead1b4f79bf5ea3d8776f13	exit=0;stderr_sha256=e3b0c44298fc1c149afbf4c8996fb92427ae41e4649b934ca495991b7852b855
runner-command	C0657	/usr/local/bin/typst compile /repos/Antigravity/typst-crystalline/lab/parity/matrix/fixtures/p1266/S10-radial-linear-rgb.typ /tmp/p1268/oracle_v3/binaries/repeat/S10-radial-linear-rgb.svg	e3b0c44298fc1c149afbf4c8996fb92427ae41e4649b934ca495991b7852b855	exit=0;stderr_sha256=e3b0c44298fc1c149afbf4c8996fb92427ae41e4649b934ca495991b7852b855
runner-command	C0658	/usr/local/bin/typst eval --format json let norm = x => if type(x) == ratio { x / 100% } else { x }; let g = gradient.radial((red.transparentize(99%), 0%), (rgb(46, 204, 64).transparentize(99%), 16.6666666666667%), (blue.transparentize(99%), 33.3333333333333%), (yellow.transparentize(99%), 50%), (red.transparentize(99%), 50.0001%), (rgb(46, 204, 64).transparentize(99%), 66.6667333333333%), (blue.transparentize(99%), 83.3333666666667%), (yellow.transparentize(99%), 100%), space: color.linear-rgb, center: (50%, 50%), radius: 50%, focal-center: (93.9%, 50%), focal-radius: 6%); (g.stops().map(s => (s.at(0).components().map(norm), s.at(1) / 100%)), repr(g.kind()), repr(g.space()), repr(g.angle()), repr(g.center()), repr(g.radius()), repr(g.focal-center()), repr(g.focal-radius()))	0c45663dd56e52be25b4efda913f58b63f2d7f2f24fa38ab873cc82c7ce6dece	exit=0;stderr_sha256=e3b0c44298fc1c149afbf4c8996fb92427ae41e4649b934ca495991b7852b855
runner-command	C0659	/usr/local/bin/typst compile /repos/Antigravity/typst-crystalline/lab/parity/matrix/fixtures/p1266/S11-linear-oklab.typ /tmp/p1268/oracle_v3/binaries/repeat/S11-linear-oklab.svg	e3b0c44298fc1c149afbf4c8996fb92427ae41e4649b934ca495991b7852b855	exit=0;stderr_sha256=e3b0c44298fc1c149afbf4c8996fb92427ae41e4649b934ca495991b7852b855
runner-command	C0660	/usr/local/bin/typst eval --format json let norm = x => if type(x) == ratio { x / 100% } else { x }; let g = gradient.linear(red.transparentize(1%), rgb(46, 204, 64).transparentize(1%), blue.transparentize(1%), yellow.transparentize(1%), red.transparentize(1%), rgb(46, 204, 64).transparentize(1%), blue.transparentize(1%), yellow.transparentize(1%), red.transparentize(1%), rgb(46, 204, 64).transparentize(1%), blue.transparentize(1%), yellow.transparentize(1%), red.transparentize(1%), rgb(46, 204, 64).transparentize(1%), blue.transparentize(1%), yellow.transparentize(1%), space: color.oklab, angle: -360deg); (g.stops().map(s => (s.at(0).components().map(norm), s.at(1) / 100%)), repr(g.kind()), repr(g.space()), repr(g.angle()), repr(g.center()), repr(g.radius()), repr(g.focal-center()), repr(g.focal-radius()))	19adda1305bd294942b29b93d6077c9e45f37ab1c743cc01483c0afbd5acb50d	exit=0;stderr_sha256=e3b0c44298fc1c149afbf4c8996fb92427ae41e4649b934ca495991b7852b855
runner-command	C0661	/usr/local/bin/typst compile /repos/Antigravity/typst-crystalline/lab/parity/matrix/fixtures/p1266/S11-radial-oklab.typ /tmp/p1268/oracle_v3/binaries/repeat/S11-radial-oklab.svg	e3b0c44298fc1c149afbf4c8996fb92427ae41e4649b934ca495991b7852b855	exit=0;stderr_sha256=e3b0c44298fc1c149afbf4c8996fb92427ae41e4649b934ca495991b7852b855
runner-command	C0662	/usr/local/bin/typst eval --format json let norm = x => if type(x) == ratio { x / 100% } else { x }; let g = gradient.radial(red.transparentize(1%), rgb(46, 204, 64).transparentize(1%), blue.transparentize(1%), yellow.transparentize(1%), red.transparentize(1%), rgb(46, 204, 64).transparentize(1%), blue.transparentize(1%), yellow.transparentize(1%), red.transparentize(1%), rgb(46, 204, 64).transparentize(1%), blue.transparentize(1%), yellow.transparentize(1%), red.transparentize(1%), rgb(46, 204, 64).transparentize(1%), blue.transparentize(1%), yellow.transparentize(1%), space: color.oklab, center: (50%, 50%), radius: 50%, focal-center: (50%, 50%), focal-radius: 0%); (g.stops().map(s => (s.at(0).components().map(norm), s.at(1) / 100%)), repr(g.kind()), repr(g.space()), repr(g.angle()), repr(g.center()), repr(g.radius()), repr(g.focal-center()), repr(g.focal-radius()))	e46675fbc4d82662e413228cfe46e1ececd7d58cd0eb8949159b7840ceaa44bb	exit=0;stderr_sha256=e3b0c44298fc1c149afbf4c8996fb92427ae41e4649b934ca495991b7852b855
runner-command	C0663	/usr/local/bin/typst compile /repos/Antigravity/typst-crystalline/lab/parity/matrix/fixtures/p1266/S11-linear-linear-rgb.typ /tmp/p1268/oracle_v3/binaries/repeat/S11-linear-linear-rgb.svg	e3b0c44298fc1c149afbf4c8996fb92427ae41e4649b934ca495991b7852b855	exit=0;stderr_sha256=e3b0c44298fc1c149afbf4c8996fb92427ae41e4649b934ca495991b7852b855
runner-command	C0664	/usr/local/bin/typst eval --format json let norm = x => if type(x) == ratio { x / 100% } else { x }; let g = gradient.linear(red.transparentize(1%), rgb(46, 204, 64).transparentize(1%), blue.transparentize(1%), yellow.transparentize(1%), red.transparentize(1%), rgb(46, 204, 64).transparentize(1%), blue.transparentize(1%), yellow.transparentize(1%), red.transparentize(1%), rgb(46, 204, 64).transparentize(1%), blue.transparentize(1%), yellow.transparentize(1%), red.transparentize(1%), rgb(46, 204, 64).transparentize(1%), blue.transparentize(1%), yellow.transparentize(1%), space: color.linear-rgb, angle: -360deg); (g.stops().map(s => (s.at(0).components().map(norm), s.at(1) / 100%)), repr(g.kind()), repr(g.space()), repr(g.angle()), repr(g.center()), repr(g.radius()), repr(g.focal-center()), repr(g.focal-radius()))	68bdab29f2888638deea44a8ce470decfc5b88dabb293c8c3f9277dd00fe6ce9	exit=0;stderr_sha256=e3b0c44298fc1c149afbf4c8996fb92427ae41e4649b934ca495991b7852b855
runner-command	C0665	/usr/local/bin/typst compile /repos/Antigravity/typst-crystalline/lab/parity/matrix/fixtures/p1266/S11-radial-linear-rgb.typ /tmp/p1268/oracle_v3/binaries/repeat/S11-radial-linear-rgb.svg	e3b0c44298fc1c149afbf4c8996fb92427ae41e4649b934ca495991b7852b855	exit=0;stderr_sha256=e3b0c44298fc1c149afbf4c8996fb92427ae41e4649b934ca495991b7852b855
runner-command	C0666	/usr/local/bin/typst eval --format json let norm = x => if type(x) == ratio { x / 100% } else { x }; let g = gradient.radial(red.transparentize(1%), rgb(46, 204, 64).transparentize(1%), blue.transparentize(1%), yellow.transparentize(1%), red.transparentize(1%), rgb(46, 204, 64).transparentize(1%), blue.transparentize(1%), yellow.transparentize(1%), red.transparentize(1%), rgb(46, 204, 64).transparentize(1%), blue.transparentize(1%), yellow.transparentize(1%), red.transparentize(1%), rgb(46, 204, 64).transparentize(1%), blue.transparentize(1%), yellow.transparentize(1%), space: color.linear-rgb, center: (50%, 50%), radius: 50%, focal-center: (50%, 50%), focal-radius: 0%); (g.stops().map(s => (s.at(0).components().map(norm), s.at(1) / 100%)), repr(g.kind()), repr(g.space()), repr(g.angle()), repr(g.center()), repr(g.radius()), repr(g.focal-center()), repr(g.focal-radius()))	a62760a37cf37077f834c5ff84d207310f6a246f9f2f80ab76b7ff9b4512d331	exit=0;stderr_sha256=e3b0c44298fc1c149afbf4c8996fb92427ae41e4649b934ca495991b7852b855
runner-command	C0667	/usr/local/bin/typst compile /repos/Antigravity/typst-crystalline/lab/parity/matrix/fixtures/p1266/S12-linear-oklab.typ /tmp/p1268/oracle_v3/binaries/repeat/S12-linear-oklab.svg	e3b0c44298fc1c149afbf4c8996fb92427ae41e4649b934ca495991b7852b855	exit=0;stderr_sha256=e3b0c44298fc1c149afbf4c8996fb92427ae41e4649b934ca495991b7852b855
runner-command	C0668	/usr/local/bin/typst eval --format json let norm = x => if type(x) == ratio { x / 100% } else { x }; let g = gradient.linear((rgb(38, 70, 83).transparentize(20%), 0%), (rgb(42, 157, 143).transparentize(60%), 1.0989010989011%), (rgb(233, 196, 106).transparentize(35%), 4.3956043956044%), (rgb(244, 162, 97).transparentize(80%), 9.89010989010989%), (rgb(38, 70, 83).transparentize(20%), 12.0879120879121%), (rgb(42, 157, 143).transparentize(60%), 16.4835164835165%), (rgb(233, 196, 106).transparentize(35%), 17.5824175824176%), (rgb(244, 162, 97).transparentize(80%), 20.8791208791209%), (rgb(38, 70, 83).transparentize(20%), 26.3736263736264%), (rgb(42, 157, 143).transparentize(60%), 28.5714285714286%), (rgb(233, 196, 106).transparentize(35%), 32.967032967033%), (rgb(244, 162, 97).transparentize(80%), 34.0659340659341%), (rgb(38, 70, 83).transparentize(20%), 37.3626373626374%), (rgb(42, 157, 143).transparentize(60%), 42.8571428571429%), (rgb(233, 196, 106).transparentize(35%), 45.0549450549451%), (rgb(244, 162, 97).transparentize(80%), 49.4505494505495%), (rgb(38, 70, 83).transparentize(20%), 50.5494505494505%), (rgb(42, 157, 143).transparentize(60%), 53.8461538461538%), (rgb(233, 196, 106).transparentize(35%), 59.3406593406593%), (rgb(244, 162, 97).transparentize(80%), 61.5384615384615%), (rgb(38, 70, 83).transparentize(20%), 65.9340659340659%), (rgb(42, 157, 143).transparentize(60%), 67.032967032967%), (rgb(233, 196, 106).transparentize(35%), 70.3296703296703%), (rgb(244, 162, 97).transparentize(80%), 75.8241758241758%), (rgb(38, 70, 83).transparentize(20%), 78.021978021978%), (rgb(42, 157, 143).transparentize(60%), 82.4175824175824%), (rgb(233, 196, 106).transparentize(35%), 83.5164835164835%), (rgb(244, 162, 97).transparentize(80%), 86.8131868131868%), (rgb(38, 70, 83).transparentize(20%), 92.3076923076923%), (rgb(42, 157, 143).transparentize(60%), 94.5054945054945%), (rgb(233, 196, 106).transparentize(35%), 98.9010989010989%), (rgb(244, 162, 97).transparentize(80%), 100%), space: color.oklab, angle: 720.5deg); (g.stops().map(s => (s.at(0).components().map(norm), s.at(1) / 100%)), repr(g.kind()), repr(g.space()), repr(g.angle()), repr(g.center()), repr(g.radius()), repr(g.focal-center()), repr(g.focal-radius()))	2239cb43b50a2631bee51f2a3fb50d788fb5777154f6b4a08e04e3935740c28d	exit=0;stderr_sha256=e3b0c44298fc1c149afbf4c8996fb92427ae41e4649b934ca495991b7852b855
runner-command	C0669	/usr/local/bin/typst compile /repos/Antigravity/typst-crystalline/lab/parity/matrix/fixtures/p1266/S12-radial-oklab.typ /tmp/p1268/oracle_v3/binaries/repeat/S12-radial-oklab.svg	e3b0c44298fc1c149afbf4c8996fb92427ae41e4649b934ca495991b7852b855	exit=0;stderr_sha256=e3b0c44298fc1c149afbf4c8996fb92427ae41e4649b934ca495991b7852b855
runner-command	C0670	/usr/local/bin/typst eval --format json let norm = x => if type(x) == ratio { x / 100% } else { x }; let g = gradient.radial((rgb(38, 70, 83).transparentize(20%), 0%), (rgb(42, 157, 143).transparentize(60%), 1.0989010989011%), (rgb(233, 196, 106).transparentize(35%), 4.3956043956044%), (rgb(244, 162, 97).transparentize(80%), 9.89010989010989%), (rgb(38, 70, 83).transparentize(20%), 12.0879120879121%), (rgb(42, 157, 143).transparentize(60%), 16.4835164835165%), (rgb(233, 196, 106).transparentize(35%), 17.5824175824176%), (rgb(244, 162, 97).transparentize(80%), 20.8791208791209%), (rgb(38, 70, 83).transparentize(20%), 26.3736263736264%), (rgb(42, 157, 143).transparentize(60%), 28.5714285714286%), (rgb(233, 196, 106).transparentize(35%), 32.967032967033%), (rgb(244, 162, 97).transparentize(80%), 34.0659340659341%), (rgb(38, 70, 83).transparentize(20%), 37.3626373626374%), (rgb(42, 157, 143).transparentize(60%), 42.8571428571429%), (rgb(233, 196, 106).transparentize(35%), 45.0549450549451%), (rgb(244, 162, 97).transparentize(80%), 49.4505494505495%), (rgb(38, 70, 83).transparentize(20%), 50.5494505494505%), (rgb(42, 157, 143).transparentize(60%), 53.8461538461538%), (rgb(233, 196, 106).transparentize(35%), 59.3406593406593%), (rgb(244, 162, 97).transparentize(80%), 61.5384615384615%), (rgb(38, 70, 83).transparentize(20%), 65.9340659340659%), (rgb(42, 157, 143).transparentize(60%), 67.032967032967%), (rgb(233, 196, 106).transparentize(35%), 70.3296703296703%), (rgb(244, 162, 97).transparentize(80%), 75.8241758241758%), (rgb(38, 70, 83).transparentize(20%), 78.021978021978%), (rgb(42, 157, 143).transparentize(60%), 82.4175824175824%), (rgb(233, 196, 106).transparentize(35%), 83.5164835164835%), (rgb(244, 162, 97).transparentize(80%), 86.8131868131868%), (rgb(38, 70, 83).transparentize(20%), 92.3076923076923%), (rgb(42, 157, 143).transparentize(60%), 94.5054945054945%), (rgb(233, 196, 106).transparentize(35%), 98.9010989010989%), (rgb(244, 162, 97).transparentize(80%), 100%), space: color.oklab, center: (50%, 50%), radius: 65%, focal-center: (30%, 40%), focal-radius: 10%); (g.stops().map(s => (s.at(0).components().map(norm), s.at(1) / 100%)), repr(g.kind()), repr(g.space()), repr(g.angle()), repr(g.center()), repr(g.radius()), repr(g.focal-center()), repr(g.focal-radius()))	5fc49a501d909729558ec8e1a52a52a87bcf94990b6d2857706460b5ba78b149	exit=0;stderr_sha256=e3b0c44298fc1c149afbf4c8996fb92427ae41e4649b934ca495991b7852b855
runner-command	C0671	/usr/local/bin/typst compile /repos/Antigravity/typst-crystalline/lab/parity/matrix/fixtures/p1266/S12-linear-linear-rgb.typ /tmp/p1268/oracle_v3/binaries/repeat/S12-linear-linear-rgb.svg	e3b0c44298fc1c149afbf4c8996fb92427ae41e4649b934ca495991b7852b855	exit=0;stderr_sha256=e3b0c44298fc1c149afbf4c8996fb92427ae41e4649b934ca495991b7852b855
runner-command	C0672	/usr/local/bin/typst eval --format json let norm = x => if type(x) == ratio { x / 100% } else { x }; let g = gradient.linear((rgb(38, 70, 83).transparentize(20%), 0%), (rgb(42, 157, 143).transparentize(60%), 1.0989010989011%), (rgb(233, 196, 106).transparentize(35%), 4.3956043956044%), (rgb(244, 162, 97).transparentize(80%), 9.89010989010989%), (rgb(38, 70, 83).transparentize(20%), 12.0879120879121%), (rgb(42, 157, 143).transparentize(60%), 16.4835164835165%), (rgb(233, 196, 106).transparentize(35%), 17.5824175824176%), (rgb(244, 162, 97).transparentize(80%), 20.8791208791209%), (rgb(38, 70, 83).transparentize(20%), 26.3736263736264%), (rgb(42, 157, 143).transparentize(60%), 28.5714285714286%), (rgb(233, 196, 106).transparentize(35%), 32.967032967033%), (rgb(244, 162, 97).transparentize(80%), 34.0659340659341%), (rgb(38, 70, 83).transparentize(20%), 37.3626373626374%), (rgb(42, 157, 143).transparentize(60%), 42.8571428571429%), (rgb(233, 196, 106).transparentize(35%), 45.0549450549451%), (rgb(244, 162, 97).transparentize(80%), 49.4505494505495%), (rgb(38, 70, 83).transparentize(20%), 50.5494505494505%), (rgb(42, 157, 143).transparentize(60%), 53.8461538461538%), (rgb(233, 196, 106).transparentize(35%), 59.3406593406593%), (rgb(244, 162, 97).transparentize(80%), 61.5384615384615%), (rgb(38, 70, 83).transparentize(20%), 65.9340659340659%), (rgb(42, 157, 143).transparentize(60%), 67.032967032967%), (rgb(233, 196, 106).transparentize(35%), 70.3296703296703%), (rgb(244, 162, 97).transparentize(80%), 75.8241758241758%), (rgb(38, 70, 83).transparentize(20%), 78.021978021978%), (rgb(42, 157, 143).transparentize(60%), 82.4175824175824%), (rgb(233, 196, 106).transparentize(35%), 83.5164835164835%), (rgb(244, 162, 97).transparentize(80%), 86.8131868131868%), (rgb(38, 70, 83).transparentize(20%), 92.3076923076923%), (rgb(42, 157, 143).transparentize(60%), 94.5054945054945%), (rgb(233, 196, 106).transparentize(35%), 98.9010989010989%), (rgb(244, 162, 97).transparentize(80%), 100%), space: color.linear-rgb, angle: 720.5deg); (g.stops().map(s => (s.at(0).components().map(norm), s.at(1) / 100%)), repr(g.kind()), repr(g.space()), repr(g.angle()), repr(g.center()), repr(g.radius()), repr(g.focal-center()), repr(g.focal-radius()))	4322fcaae6e6b4ef8f0b7eb9a2a613c1e010b7bcd6b73d07c3d2547cfe294658	exit=0;stderr_sha256=e3b0c44298fc1c149afbf4c8996fb92427ae41e4649b934ca495991b7852b855
runner-command	C0673	/usr/local/bin/typst compile /repos/Antigravity/typst-crystalline/lab/parity/matrix/fixtures/p1266/S12-radial-linear-rgb.typ /tmp/p1268/oracle_v3/binaries/repeat/S12-radial-linear-rgb.svg	e3b0c44298fc1c149afbf4c8996fb92427ae41e4649b934ca495991b7852b855	exit=0;stderr_sha256=e3b0c44298fc1c149afbf4c8996fb92427ae41e4649b934ca495991b7852b855
runner-command	C0674	/usr/local/bin/typst eval --format json let norm = x => if type(x) == ratio { x / 100% } else { x }; let g = gradient.radial((rgb(38, 70, 83).transparentize(20%), 0%), (rgb(42, 157, 143).transparentize(60%), 1.0989010989011%), (rgb(233, 196, 106).transparentize(35%), 4.3956043956044%), (rgb(244, 162, 97).transparentize(80%), 9.89010989010989%), (rgb(38, 70, 83).transparentize(20%), 12.0879120879121%), (rgb(42, 157, 143).transparentize(60%), 16.4835164835165%), (rgb(233, 196, 106).transparentize(35%), 17.5824175824176%), (rgb(244, 162, 97).transparentize(80%), 20.8791208791209%), (rgb(38, 70, 83).transparentize(20%), 26.3736263736264%), (rgb(42, 157, 143).transparentize(60%), 28.5714285714286%), (rgb(233, 196, 106).transparentize(35%), 32.967032967033%), (rgb(244, 162, 97).transparentize(80%), 34.0659340659341%), (rgb(38, 70, 83).transparentize(20%), 37.3626373626374%), (rgb(42, 157, 143).transparentize(60%), 42.8571428571429%), (rgb(233, 196, 106).transparentize(35%), 45.0549450549451%), (rgb(244, 162, 97).transparentize(80%), 49.4505494505495%), (rgb(38, 70, 83).transparentize(20%), 50.5494505494505%), (rgb(42, 157, 143).transparentize(60%), 53.8461538461538%), (rgb(233, 196, 106).transparentize(35%), 59.3406593406593%), (rgb(244, 162, 97).transparentize(80%), 61.5384615384615%), (rgb(38, 70, 83).transparentize(20%), 65.9340659340659%), (rgb(42, 157, 143).transparentize(60%), 67.032967032967%), (rgb(233, 196, 106).transparentize(35%), 70.3296703296703%), (rgb(244, 162, 97).transparentize(80%), 75.8241758241758%), (rgb(38, 70, 83).transparentize(20%), 78.021978021978%), (rgb(42, 157, 143).transparentize(60%), 82.4175824175824%), (rgb(233, 196, 106).transparentize(35%), 83.5164835164835%), (rgb(244, 162, 97).transparentize(80%), 86.8131868131868%), (rgb(38, 70, 83).transparentize(20%), 92.3076923076923%), (rgb(42, 157, 143).transparentize(60%), 94.5054945054945%), (rgb(233, 196, 106).transparentize(35%), 98.9010989010989%), (rgb(244, 162, 97).transparentize(80%), 100%), space: color.linear-rgb, center: (50%, 50%), radius: 65%, focal-center: (30%, 40%), focal-radius: 10%); (g.stops().map(s => (s.at(0).components().map(norm), s.at(1) / 100%)), repr(g.kind()), repr(g.space()), repr(g.angle()), repr(g.center()), repr(g.radius()), repr(g.focal-center()), repr(g.focal-radius()))	0b56f9bf5da90a19ed45a9346386a7ebd591b0483481484734b42a4113018625	exit=0;stderr_sha256=e3b0c44298fc1c149afbf4c8996fb92427ae41e4649b934ca495991b7852b855
runner-command	C0675	/usr/local/bin/typst compile /repos/Antigravity/typst-crystalline/lab/parity/matrix/fixtures/p1266/S13-linear-oklab.typ /tmp/p1268/oracle_v3/binaries/repeat/S13-linear-oklab.svg	e3b0c44298fc1c149afbf4c8996fb92427ae41e4649b934ca495991b7852b855	exit=0;stderr_sha256=e3b0c44298fc1c149afbf4c8996fb92427ae41e4649b934ca495991b7852b855
runner-command	C0676	/usr/local/bin/typst eval --format json let norm = x => if type(x) == ratio { x / 100% } else { x }; let g = (gradient.linear((black, 0%), (white, 100%), space: color.oklab, angle: 0deg)).sharp(2); (g.stops().map(s => (s.at(0).components().map(norm), s.at(1) / 100%)), repr(g.kind()), repr(g.space()), repr(g.angle()), repr(g.center()), repr(g.radius()), repr(g.focal-center()), repr(g.focal-radius()))	b281b6c22ac48c12a1ddb9801bf6e133acc95c80e2062212d57079243e49529c	exit=0;stderr_sha256=e3b0c44298fc1c149afbf4c8996fb92427ae41e4649b934ca495991b7852b855
runner-command	C0677	/usr/local/bin/typst compile /repos/Antigravity/typst-crystalline/lab/parity/matrix/fixtures/p1266/S13-radial-oklab.typ /tmp/p1268/oracle_v3/binaries/repeat/S13-radial-oklab.svg	e3b0c44298fc1c149afbf4c8996fb92427ae41e4649b934ca495991b7852b855	exit=0;stderr_sha256=e3b0c44298fc1c149afbf4c8996fb92427ae41e4649b934ca495991b7852b855
runner-command	C0678	/usr/local/bin/typst eval --format json let norm = x => if type(x) == ratio { x / 100% } else { x }; let g = (gradient.radial((black, 0%), (white, 100%), space: color.oklab, center: (50%, 50%), radius: 50%, focal-center: (50%, 50%), focal-radius: 0%)).sharp(2); (g.stops().map(s => (s.at(0).components().map(norm), s.at(1) / 100%)), repr(g.kind()), repr(g.space()), repr(g.angle()), repr(g.center()), repr(g.radius()), repr(g.focal-center()), repr(g.focal-radius()))	12fb87046129a1c8efb588a28be0cd285896dffd3fb0f35ad2d15c5b22dc1b12	exit=0;stderr_sha256=e3b0c44298fc1c149afbf4c8996fb92427ae41e4649b934ca495991b7852b855
runner-command	C0679	/usr/local/bin/typst compile /repos/Antigravity/typst-crystalline/lab/parity/matrix/fixtures/p1266/S13-linear-linear-rgb.typ /tmp/p1268/oracle_v3/binaries/repeat/S13-linear-linear-rgb.svg	e3b0c44298fc1c149afbf4c8996fb92427ae41e4649b934ca495991b7852b855	exit=0;stderr_sha256=e3b0c44298fc1c149afbf4c8996fb92427ae41e4649b934ca495991b7852b855
runner-command	C0680	/usr/local/bin/typst eval --format json let norm = x => if type(x) == ratio { x / 100% } else { x }; let g = (gradient.linear((black, 0%), (white, 100%), space: color.linear-rgb, angle: 0deg)).sharp(2); (g.stops().map(s => (s.at(0).components().map(norm), s.at(1) / 100%)), repr(g.kind()), repr(g.space()), repr(g.angle()), repr(g.center()), repr(g.radius()), repr(g.focal-center()), repr(g.focal-radius()))	4eedf0f8f9759ab7ec6ed78c913d5d743fabd8b610cd13acc243e659ac4faef7	exit=0;stderr_sha256=e3b0c44298fc1c149afbf4c8996fb92427ae41e4649b934ca495991b7852b855
runner-command	C0681	/usr/local/bin/typst compile /repos/Antigravity/typst-crystalline/lab/parity/matrix/fixtures/p1266/S13-radial-linear-rgb.typ /tmp/p1268/oracle_v3/binaries/repeat/S13-radial-linear-rgb.svg	e3b0c44298fc1c149afbf4c8996fb92427ae41e4649b934ca495991b7852b855	exit=0;stderr_sha256=e3b0c44298fc1c149afbf4c8996fb92427ae41e4649b934ca495991b7852b855
runner-command	C0682	/usr/local/bin/typst eval --format json let norm = x => if type(x) == ratio { x / 100% } else { x }; let g = (gradient.radial((black, 0%), (white, 100%), space: color.linear-rgb, center: (50%, 50%), radius: 50%, focal-center: (50%, 50%), focal-radius: 0%)).sharp(2); (g.stops().map(s => (s.at(0).components().map(norm), s.at(1) / 100%)), repr(g.kind()), repr(g.space()), repr(g.angle()), repr(g.center()), repr(g.radius()), repr(g.focal-center()), repr(g.focal-radius()))	18c6a8acc25939e23f66fb63eb58a292241b28ff299c1b9e27f7aeae33adb633	exit=0;stderr_sha256=e3b0c44298fc1c149afbf4c8996fb92427ae41e4649b934ca495991b7852b855
runner-command	C0683	/usr/local/bin/typst compile /repos/Antigravity/typst-crystalline/lab/parity/matrix/fixtures/p1266/S14-linear-oklab.typ /tmp/p1268/oracle_v3/binaries/repeat/S14-linear-oklab.svg	e3b0c44298fc1c149afbf4c8996fb92427ae41e4649b934ca495991b7852b855	exit=0;stderr_sha256=e3b0c44298fc1c149afbf4c8996fb92427ae41e4649b934ca495991b7852b855
runner-command	C0684	/usr/local/bin/typst eval --format json let norm = x => if type(x) == ratio { x / 100% } else { x }; let g = (gradient.linear(red, rgb(46, 204, 64).transparentize(60%), blue, space: color.oklab, angle: 37deg)).sharp(3); (g.stops().map(s => (s.at(0).components().map(norm), s.at(1) / 100%)), repr(g.kind()), repr(g.space()), repr(g.angle()), repr(g.center()), repr(g.radius()), repr(g.focal-center()), repr(g.focal-radius()))	3ff1a2b69f9bf055a0f462e7c0a29923ceac4f891205b5f27708034fa65a3bd4	exit=0;stderr_sha256=e3b0c44298fc1c149afbf4c8996fb92427ae41e4649b934ca495991b7852b855
runner-command	C0685	/usr/local/bin/typst compile /repos/Antigravity/typst-crystalline/lab/parity/matrix/fixtures/p1266/S14-radial-oklab.typ /tmp/p1268/oracle_v3/binaries/repeat/S14-radial-oklab.svg	e3b0c44298fc1c149afbf4c8996fb92427ae41e4649b934ca495991b7852b855	exit=0;stderr_sha256=e3b0c44298fc1c149afbf4c8996fb92427ae41e4649b934ca495991b7852b855
runner-command	C0686	/usr/local/bin/typst eval --format json let norm = x => if type(x) == ratio { x / 100% } else { x }; let g = (gradient.radial(red, rgb(46, 204, 64).transparentize(60%), blue, space: color.oklab, center: (50%, 50%), radius: 65%, focal-center: (30%, 40%), focal-radius: 10%)).sharp(3); (g.stops().map(s => (s.at(0).components().map(norm), s.at(1) / 100%)), repr(g.kind()), repr(g.space()), repr(g.angle()), repr(g.center()), repr(g.radius()), repr(g.focal-center()), repr(g.focal-radius()))	f26513ff35ecc1b07a48bc79e3f8c5b3d91c262107fac2a06d16dd4ad754fcae	exit=0;stderr_sha256=e3b0c44298fc1c149afbf4c8996fb92427ae41e4649b934ca495991b7852b855
runner-command	C0687	/usr/local/bin/typst compile /repos/Antigravity/typst-crystalline/lab/parity/matrix/fixtures/p1266/S14-linear-linear-rgb.typ /tmp/p1268/oracle_v3/binaries/repeat/S14-linear-linear-rgb.svg	e3b0c44298fc1c149afbf4c8996fb92427ae41e4649b934ca495991b7852b855	exit=0;stderr_sha256=e3b0c44298fc1c149afbf4c8996fb92427ae41e4649b934ca495991b7852b855
runner-command	C0688	/usr/local/bin/typst eval --format json let norm = x => if type(x) == ratio { x / 100% } else { x }; let g = (gradient.linear(red, rgb(46, 204, 64).transparentize(60%), blue, space: color.linear-rgb, angle: 37deg)).sharp(3); (g.stops().map(s => (s.at(0).components().map(norm), s.at(1) / 100%)), repr(g.kind()), repr(g.space()), repr(g.angle()), repr(g.center()), repr(g.radius()), repr(g.focal-center()), repr(g.focal-radius()))	18cb70d08668e66fe040b75c53b8622d7a65c783eeeb3db0c11313c40b7de31a	exit=0;stderr_sha256=e3b0c44298fc1c149afbf4c8996fb92427ae41e4649b934ca495991b7852b855
runner-command	C0689	/usr/local/bin/typst compile /repos/Antigravity/typst-crystalline/lab/parity/matrix/fixtures/p1266/S14-radial-linear-rgb.typ /tmp/p1268/oracle_v3/binaries/repeat/S14-radial-linear-rgb.svg	e3b0c44298fc1c149afbf4c8996fb92427ae41e4649b934ca495991b7852b855	exit=0;stderr_sha256=e3b0c44298fc1c149afbf4c8996fb92427ae41e4649b934ca495991b7852b855
runner-command	C0690	/usr/local/bin/typst eval --format json let norm = x => if type(x) == ratio { x / 100% } else { x }; let g = (gradient.radial(red, rgb(46, 204, 64).transparentize(60%), blue, space: color.linear-rgb, center: (50%, 50%), radius: 65%, focal-center: (30%, 40%), focal-radius: 10%)).sharp(3); (g.stops().map(s => (s.at(0).components().map(norm), s.at(1) / 100%)), repr(g.kind()), repr(g.space()), repr(g.angle()), repr(g.center()), repr(g.radius()), repr(g.focal-center()), repr(g.focal-radius()))	0ad00437d657491bcc2b9c095662bb5cf123ca4d8f59912a026c60ff78e089d3	exit=0;stderr_sha256=e3b0c44298fc1c149afbf4c8996fb92427ae41e4649b934ca495991b7852b855
runner-command	C0691	/usr/local/bin/typst compile /repos/Antigravity/typst-crystalline/lab/parity/matrix/fixtures/p1266/S15-linear-oklab.typ /tmp/p1268/oracle_v3/binaries/repeat/S15-linear-oklab.svg	e3b0c44298fc1c149afbf4c8996fb92427ae41e4649b934ca495991b7852b855	exit=0;stderr_sha256=e3b0c44298fc1c149afbf4c8996fb92427ae41e4649b934ca495991b7852b855
runner-command	C0692	/usr/local/bin/typst eval --format json let norm = x => if type(x) == ratio { x / 100% } else { x }; let g = (gradient.linear((red.transparentize(100%), 0%), (rgb(46, 204, 64), 0.291545189504373%), (blue.transparentize(70%), 2.33236151603499%), (yellow, 7.87172011661808%), (rgb(255, 0, 255).transparentize(35%), 18.6588921282799%), (red.transparentize(100%), 36.4431486880466%), (rgb(46, 204, 64), 62.9737609329446%), (blue.transparentize(70%), 100%), space: color.oklab, angle: -90deg)).sharp(8); (g.stops().map(s => (s.at(0).components().map(norm), s.at(1) / 100%)), repr(g.kind()), repr(g.space()), repr(g.angle()), repr(g.center()), repr(g.radius()), repr(g.focal-center()), repr(g.focal-radius()))	79f26fabf38ea4ec59c937ae0914e864e9f9b055b2b1fafa1c558ccd5dfdde09	exit=0;stderr_sha256=e3b0c44298fc1c149afbf4c8996fb92427ae41e4649b934ca495991b7852b855
runner-command	C0693	/usr/local/bin/typst compile /repos/Antigravity/typst-crystalline/lab/parity/matrix/fixtures/p1266/S15-radial-oklab.typ /tmp/p1268/oracle_v3/binaries/repeat/S15-radial-oklab.svg	e3b0c44298fc1c149afbf4c8996fb92427ae41e4649b934ca495991b7852b855	exit=0;stderr_sha256=e3b0c44298fc1c149afbf4c8996fb92427ae41e4649b934ca495991b7852b855
runner-command	C0694	/usr/local/bin/typst eval --format json let norm = x => if type(x) == ratio { x / 100% } else { x }; let g = (gradient.radial((red.transparentize(100%), 0%), (rgb(46, 204, 64), 0.291545189504373%), (blue.transparentize(70%), 2.33236151603499%), (yellow, 7.87172011661808%), (rgb(255, 0, 255).transparentize(35%), 18.6588921282799%), (red.transparentize(100%), 36.4431486880466%), (rgb(46, 204, 64), 62.9737609329446%), (blue.transparentize(70%), 100%), space: color.oklab, center: (50%, 50%), radius: 60%, focal-center: (40%, 50%), focal-radius: 15%)).sharp(8); (g.stops().map(s => (s.at(0).components().map(norm), s.at(1) / 100%)), repr(g.kind()), repr(g.space()), repr(g.angle()), repr(g.center()), repr(g.radius()), repr(g.focal-center()), repr(g.focal-radius()))	1fb5edff09dfaf01d81c833ae37335e23521e6acdff7380f3a4646c841d09590	exit=0;stderr_sha256=e3b0c44298fc1c149afbf4c8996fb92427ae41e4649b934ca495991b7852b855
runner-command	C0695	/usr/local/bin/typst compile /repos/Antigravity/typst-crystalline/lab/parity/matrix/fixtures/p1266/S15-linear-linear-rgb.typ /tmp/p1268/oracle_v3/binaries/repeat/S15-linear-linear-rgb.svg	e3b0c44298fc1c149afbf4c8996fb92427ae41e4649b934ca495991b7852b855	exit=0;stderr_sha256=e3b0c44298fc1c149afbf4c8996fb92427ae41e4649b934ca495991b7852b855
runner-command	C0696	/usr/local/bin/typst eval --format json let norm = x => if type(x) == ratio { x / 100% } else { x }; let g = (gradient.linear((red.transparentize(100%), 0%), (rgb(46, 204, 64), 0.291545189504373%), (blue.transparentize(70%), 2.33236151603499%), (yellow, 7.87172011661808%), (rgb(255, 0, 255).transparentize(35%), 18.6588921282799%), (red.transparentize(100%), 36.4431486880466%), (rgb(46, 204, 64), 62.9737609329446%), (blue.transparentize(70%), 100%), space: color.linear-rgb, angle: -90deg)).sharp(8); (g.stops().map(s => (s.at(0).components().map(norm), s.at(1) / 100%)), repr(g.kind()), repr(g.space()), repr(g.angle()), repr(g.center()), repr(g.radius()), repr(g.focal-center()), repr(g.focal-radius()))	322bf25cd450b301171f6f07c4605465dc7cbb3112c027be1bfc73e096d948e3	exit=0;stderr_sha256=e3b0c44298fc1c149afbf4c8996fb92427ae41e4649b934ca495991b7852b855
runner-command	C0697	/usr/local/bin/typst compile /repos/Antigravity/typst-crystalline/lab/parity/matrix/fixtures/p1266/S15-radial-linear-rgb.typ /tmp/p1268/oracle_v3/binaries/repeat/S15-radial-linear-rgb.svg	e3b0c44298fc1c149afbf4c8996fb92427ae41e4649b934ca495991b7852b855	exit=0;stderr_sha256=e3b0c44298fc1c149afbf4c8996fb92427ae41e4649b934ca495991b7852b855
runner-command	C0698	/usr/local/bin/typst eval --format json let norm = x => if type(x) == ratio { x / 100% } else { x }; let g = (gradient.radial((red.transparentize(100%), 0%), (rgb(46, 204, 64), 0.291545189504373%), (blue.transparentize(70%), 2.33236151603499%), (yellow, 7.87172011661808%), (rgb(255, 0, 255).transparentize(35%), 18.6588921282799%), (red.transparentize(100%), 36.4431486880466%), (rgb(46, 204, 64), 62.9737609329446%), (blue.transparentize(70%), 100%), space: color.linear-rgb, center: (50%, 50%), radius: 60%, focal-center: (40%, 50%), focal-radius: 15%)).sharp(8); (g.stops().map(s => (s.at(0).components().map(norm), s.at(1) / 100%)), repr(g.kind()), repr(g.space()), repr(g.angle()), repr(g.center()), repr(g.radius()), repr(g.focal-center()), repr(g.focal-radius()))	a3bce76c47a953b83159cad5a80aa850dcf6537d11d2a597408b6b2e33069c26	exit=0;stderr_sha256=e3b0c44298fc1c149afbf4c8996fb92427ae41e4649b934ca495991b7852b855
runner-command	C0699	/usr/local/bin/typst compile /repos/Antigravity/typst-crystalline/lab/parity/matrix/fixtures/p1266/S16-linear-oklab.typ /tmp/p1268/oracle_v3/binaries/repeat/S16-linear-oklab.svg	e3b0c44298fc1c149afbf4c8996fb92427ae41e4649b934ca495991b7852b855	exit=0;stderr_sha256=e3b0c44298fc1c149afbf4c8996fb92427ae41e4649b934ca495991b7852b855
runner-command	C0700	/usr/local/bin/typst eval --format json let norm = x => if type(x) == ratio { x / 100% } else { x }; let g = (gradient.linear((red, 0%), (rgb(46, 204, 64), 33.3333333333333%), (blue, 66.6666666666667%), (yellow, 100%), space: color.oklab, angle: 45deg)).repeat(2, mirror: false); (g.stops().map(s => (s.at(0).components().map(norm), s.at(1) / 100%)), repr(g.kind()), repr(g.space()), repr(g.angle()), repr(g.center()), repr(g.radius()), repr(g.focal-center()), repr(g.focal-radius()))	e4c2c114733047a48fc7f77c1c588c07d6ae7ca2d4b6be63c41944217142c92b	exit=0;stderr_sha256=e3b0c44298fc1c149afbf4c8996fb92427ae41e4649b934ca495991b7852b855
runner-command	C0701	/usr/local/bin/typst compile /repos/Antigravity/typst-crystalline/lab/parity/matrix/fixtures/p1266/S16-radial-oklab.typ /tmp/p1268/oracle_v3/binaries/repeat/S16-radial-oklab.svg	e3b0c44298fc1c149afbf4c8996fb92427ae41e4649b934ca495991b7852b855	exit=0;stderr_sha256=e3b0c44298fc1c149afbf4c8996fb92427ae41e4649b934ca495991b7852b855
runner-command	C0702	/usr/local/bin/typst eval --format json let norm = x => if type(x) == ratio { x / 100% } else { x }; let g = (gradient.radial((red, 0%), (rgb(46, 204, 64), 33.3333333333333%), (blue, 66.6666666666667%), (yellow, 100%), space: color.oklab, center: (50%, 50%), radius: 50%, focal-center: (50%, 50%), focal-radius: 0%)).repeat(2, mirror: false); (g.stops().map(s => (s.at(0).components().map(norm), s.at(1) / 100%)), repr(g.kind()), repr(g.space()), repr(g.angle()), repr(g.center()), repr(g.radius()), repr(g.focal-center()), repr(g.focal-radius()))	a40fb8793ff8f50941e9080a7b131ea986daefdad544878bda13c17ab4037922	exit=0;stderr_sha256=e3b0c44298fc1c149afbf4c8996fb92427ae41e4649b934ca495991b7852b855
runner-command	C0703	/usr/local/bin/typst compile /repos/Antigravity/typst-crystalline/lab/parity/matrix/fixtures/p1266/S16-linear-linear-rgb.typ /tmp/p1268/oracle_v3/binaries/repeat/S16-linear-linear-rgb.svg	e3b0c44298fc1c149afbf4c8996fb92427ae41e4649b934ca495991b7852b855	exit=0;stderr_sha256=e3b0c44298fc1c149afbf4c8996fb92427ae41e4649b934ca495991b7852b855
runner-command	C0704	/usr/local/bin/typst eval --format json let norm = x => if type(x) == ratio { x / 100% } else { x }; let g = (gradient.linear((red, 0%), (rgb(46, 204, 64), 33.3333333333333%), (blue, 66.6666666666667%), (yellow, 100%), space: color.linear-rgb, angle: 45deg)).repeat(2, mirror: false); (g.stops().map(s => (s.at(0).components().map(norm), s.at(1) / 100%)), repr(g.kind()), repr(g.space()), repr(g.angle()), repr(g.center()), repr(g.radius()), repr(g.focal-center()), repr(g.focal-radius()))	12332c7c5f1283dd6b0e07cbaeef467125429ee89c49808974ae820b488447c9	exit=0;stderr_sha256=e3b0c44298fc1c149afbf4c8996fb92427ae41e4649b934ca495991b7852b855
runner-command	C0705	/usr/local/bin/typst compile /repos/Antigravity/typst-crystalline/lab/parity/matrix/fixtures/p1266/S16-radial-linear-rgb.typ /tmp/p1268/oracle_v3/binaries/repeat/S16-radial-linear-rgb.svg	e3b0c44298fc1c149afbf4c8996fb92427ae41e4649b934ca495991b7852b855	exit=0;stderr_sha256=e3b0c44298fc1c149afbf4c8996fb92427ae41e4649b934ca495991b7852b855
runner-command	C0706	/usr/local/bin/typst eval --format json let norm = x => if type(x) == ratio { x / 100% } else { x }; let g = (gradient.radial((red, 0%), (rgb(46, 204, 64), 33.3333333333333%), (blue, 66.6666666666667%), (yellow, 100%), space: color.linear-rgb, center: (50%, 50%), radius: 50%, focal-center: (50%, 50%), focal-radius: 0%)).repeat(2, mirror: false); (g.stops().map(s => (s.at(0).components().map(norm), s.at(1) / 100%)), repr(g.kind()), repr(g.space()), repr(g.angle()), repr(g.center()), repr(g.radius()), repr(g.focal-center()), repr(g.focal-radius()))	945b608ad4cec96a9bad69c8608109e7d9138d67bf7b075eb5fc4dc235b76138	exit=0;stderr_sha256=e3b0c44298fc1c149afbf4c8996fb92427ae41e4649b934ca495991b7852b855
runner-command	C0707	/usr/local/bin/typst compile /repos/Antigravity/typst-crystalline/lab/parity/matrix/fixtures/p1266/S17-linear-oklab.typ /tmp/p1268/oracle_v3/binaries/repeat/S17-linear-oklab.svg	e3b0c44298fc1c149afbf4c8996fb92427ae41e4649b934ca495991b7852b855	exit=0;stderr_sha256=e3b0c44298fc1c149afbf4c8996fb92427ae41e4649b934ca495991b7852b855
runner-command	C0708	/usr/local/bin/typst eval --format json let norm = x => if type(x) == ratio { x / 100% } else { x }; let g = (gradient.linear((rgb(38, 70, 83).transparentize(20%), 0%), (rgb(42, 157, 143).transparentize(60%), 11.1111111111111%), (rgb(233, 196, 106).transparentize(35%), 44.4444444444444%), (rgb(244, 162, 97).transparentize(80%), 100%), space: color.oklab, angle: 225deg)).repeat(2, mirror: true); (g.stops().map(s => (s.at(0).components().map(norm), s.at(1) / 100%)), repr(g.kind()), repr(g.space()), repr(g.angle()), repr(g.center()), repr(g.radius()), repr(g.focal-center()), repr(g.focal-radius()))	544a124770a24092a5825abb62c6224fe5ab339d4ff8842e976aa5a7141c39b3	exit=0;stderr_sha256=e3b0c44298fc1c149afbf4c8996fb92427ae41e4649b934ca495991b7852b855
runner-command	C0709	/usr/local/bin/typst compile /repos/Antigravity/typst-crystalline/lab/parity/matrix/fixtures/p1266/S17-radial-oklab.typ /tmp/p1268/oracle_v3/binaries/repeat/S17-radial-oklab.svg	e3b0c44298fc1c149afbf4c8996fb92427ae41e4649b934ca495991b7852b855	exit=0;stderr_sha256=e3b0c44298fc1c149afbf4c8996fb92427ae41e4649b934ca495991b7852b855
runner-command	C0710	/usr/local/bin/typst eval --format json let norm = x => if type(x) == ratio { x / 100% } else { x }; let g = (gradient.radial((rgb(38, 70, 83).transparentize(20%), 0%), (rgb(42, 157, 143).transparentize(60%), 11.1111111111111%), (rgb(233, 196, 106).transparentize(35%), 44.4444444444444%), (rgb(244, 162, 97).transparentize(80%), 100%), space: color.oklab, center: (50%, 50%), radius: 65%, focal-center: (30%, 40%), focal-radius: 10%)).repeat(2, mirror: true); (g.stops().map(s => (s.at(0).components().map(norm), s.at(1) / 100%)), repr(g.kind()), repr(g.space()), repr(g.angle()), repr(g.center()), repr(g.radius()), repr(g.focal-center()), repr(g.focal-radius()))	02759d55894b4e1bfd7d894e4444ec7b8bf78b505d6804142dddd20829e0f025	exit=0;stderr_sha256=e3b0c44298fc1c149afbf4c8996fb92427ae41e4649b934ca495991b7852b855
runner-command	C0711	/usr/local/bin/typst compile /repos/Antigravity/typst-crystalline/lab/parity/matrix/fixtures/p1266/S17-linear-linear-rgb.typ /tmp/p1268/oracle_v3/binaries/repeat/S17-linear-linear-rgb.svg	e3b0c44298fc1c149afbf4c8996fb92427ae41e4649b934ca495991b7852b855	exit=0;stderr_sha256=e3b0c44298fc1c149afbf4c8996fb92427ae41e4649b934ca495991b7852b855
runner-command	C0712	/usr/local/bin/typst eval --format json let norm = x => if type(x) == ratio { x / 100% } else { x }; let g = (gradient.linear((rgb(38, 70, 83).transparentize(20%), 0%), (rgb(42, 157, 143).transparentize(60%), 11.1111111111111%), (rgb(233, 196, 106).transparentize(35%), 44.4444444444444%), (rgb(244, 162, 97).transparentize(80%), 100%), space: color.linear-rgb, angle: 225deg)).repeat(2, mirror: true); (g.stops().map(s => (s.at(0).components().map(norm), s.at(1) / 100%)), repr(g.kind()), repr(g.space()), repr(g.angle()), repr(g.center()), repr(g.radius()), repr(g.focal-center()), repr(g.focal-radius()))	6115707e0f9c549e292bdfe91789d23eee2489b19482052747340b5d6cf05924	exit=0;stderr_sha256=e3b0c44298fc1c149afbf4c8996fb92427ae41e4649b934ca495991b7852b855
runner-command	C0713	/usr/local/bin/typst compile /repos/Antigravity/typst-crystalline/lab/parity/matrix/fixtures/p1266/S17-radial-linear-rgb.typ /tmp/p1268/oracle_v3/binaries/repeat/S17-radial-linear-rgb.svg	e3b0c44298fc1c149afbf4c8996fb92427ae41e4649b934ca495991b7852b855	exit=0;stderr_sha256=e3b0c44298fc1c149afbf4c8996fb92427ae41e4649b934ca495991b7852b855
runner-command	C0714	/usr/local/bin/typst eval --format json let norm = x => if type(x) == ratio { x / 100% } else { x }; let g = (gradient.radial((rgb(38, 70, 83).transparentize(20%), 0%), (rgb(42, 157, 143).transparentize(60%), 11.1111111111111%), (rgb(233, 196, 106).transparentize(35%), 44.4444444444444%), (rgb(244, 162, 97).transparentize(80%), 100%), space: color.linear-rgb, center: (50%, 50%), radius: 65%, focal-center: (30%, 40%), focal-radius: 10%)).repeat(2, mirror: true); (g.stops().map(s => (s.at(0).components().map(norm), s.at(1) / 100%)), repr(g.kind()), repr(g.space()), repr(g.angle()), repr(g.center()), repr(g.radius()), repr(g.focal-center()), repr(g.focal-radius()))	1e9b44ea378991ff779fd14375dd8fdd226b85e6448fdb90a9d0af0ca2ddd763	exit=0;stderr_sha256=e3b0c44298fc1c149afbf4c8996fb92427ae41e4649b934ca495991b7852b855
runner-command	C0715	/usr/local/bin/typst compile /repos/Antigravity/typst-crystalline/lab/parity/matrix/fixtures/p1266/S18-linear-oklab.typ /tmp/p1268/oracle_v3/binaries/repeat/S18-linear-oklab.svg	e3b0c44298fc1c149afbf4c8996fb92427ae41e4649b934ca495991b7852b855	exit=0;stderr_sha256=e3b0c44298fc1c149afbf4c8996fb92427ae41e4649b934ca495991b7852b855
runner-command	C0716	/usr/local/bin/typst eval --format json let norm = x => if type(x) == ratio { x / 100% } else { x }; let g = (gradient.linear((red, 0%), (rgb(46, 204, 64), 37.0262390670554%), (blue.transparentize(100%), 63.5568513119533%), (yellow.transparentize(100%), 81.3411078717201%), (red, 92.1282798833819%), (rgb(46, 204, 64), 97.667638483965%), (blue.transparentize(100%), 99.7084548104956%), (yellow.transparentize(100%), 100%), space: color.oklab, angle: -540deg)).sharp(8).repeat(2, mirror: true); (g.stops().map(s => (s.at(0).components().map(norm), s.at(1) / 100%)), repr(g.kind()), repr(g.space()), repr(g.angle()), repr(g.center()), repr(g.radius()), repr(g.focal-center()), repr(g.focal-radius()))	f66b2e49083eaef4e714f094300d91c7b74bffc1eba8fa222a3609f524a858de	exit=0;stderr_sha256=e3b0c44298fc1c149afbf4c8996fb92427ae41e4649b934ca495991b7852b855
runner-command	C0717	/usr/local/bin/typst compile /repos/Antigravity/typst-crystalline/lab/parity/matrix/fixtures/p1266/S18-radial-oklab.typ /tmp/p1268/oracle_v3/binaries/repeat/S18-radial-oklab.svg	e3b0c44298fc1c149afbf4c8996fb92427ae41e4649b934ca495991b7852b855	exit=0;stderr_sha256=e3b0c44298fc1c149afbf4c8996fb92427ae41e4649b934ca495991b7852b855
runner-command	C0718	/usr/local/bin/typst eval --format json let norm = x => if type(x) == ratio { x / 100% } else { x }; let g = (gradient.radial((red, 0%), (rgb(46, 204, 64), 37.0262390670554%), (blue.transparentize(100%), 63.5568513119533%), (yellow.transparentize(100%), 81.3411078717201%), (red, 92.1282798833819%), (rgb(46, 204, 64), 97.667638483965%), (blue.transparentize(100%), 99.7084548104956%), (yellow.transparentize(100%), 100%), space: color.oklab, center: (50%, 50%), radius: 50%, focal-center: (93.9%, 50%), focal-radius: 6%)).sharp(8).repeat(2, mirror: true); (g.stops().map(s => (s.at(0).components().map(norm), s.at(1) / 100%)), repr(g.kind()), repr(g.space()), repr(g.angle()), repr(g.center()), repr(g.radius()), repr(g.focal-center()), repr(g.focal-radius()))	54f82bf842bffdc411557c351b49a92ea508540c3f4cef615ef6c04d2af28cfa	exit=0;stderr_sha256=e3b0c44298fc1c149afbf4c8996fb92427ae41e4649b934ca495991b7852b855
runner-command	C0719	/usr/local/bin/typst compile /repos/Antigravity/typst-crystalline/lab/parity/matrix/fixtures/p1266/S18-linear-linear-rgb.typ /tmp/p1268/oracle_v3/binaries/repeat/S18-linear-linear-rgb.svg	e3b0c44298fc1c149afbf4c8996fb92427ae41e4649b934ca495991b7852b855	exit=0;stderr_sha256=e3b0c44298fc1c149afbf4c8996fb92427ae41e4649b934ca495991b7852b855
runner-command	C0720	/usr/local/bin/typst eval --format json let norm = x => if type(x) == ratio { x / 100% } else { x }; let g = (gradient.linear((red, 0%), (rgb(46, 204, 64), 37.0262390670554%), (blue.transparentize(100%), 63.5568513119533%), (yellow.transparentize(100%), 81.3411078717201%), (red, 92.1282798833819%), (rgb(46, 204, 64), 97.667638483965%), (blue.transparentize(100%), 99.7084548104956%), (yellow.transparentize(100%), 100%), space: color.linear-rgb, angle: -540deg)).sharp(8).repeat(2, mirror: true); (g.stops().map(s => (s.at(0).components().map(norm), s.at(1) / 100%)), repr(g.kind()), repr(g.space()), repr(g.angle()), repr(g.center()), repr(g.radius()), repr(g.focal-center()), repr(g.focal-radius()))	697e5eb175bcb501ec7ead1fd33fad7fd866b817f214c5c2bb42ae77732a6a8f	exit=0;stderr_sha256=e3b0c44298fc1c149afbf4c8996fb92427ae41e4649b934ca495991b7852b855
runner-command	C0721	/usr/local/bin/typst compile /repos/Antigravity/typst-crystalline/lab/parity/matrix/fixtures/p1266/S18-radial-linear-rgb.typ /tmp/p1268/oracle_v3/binaries/repeat/S18-radial-linear-rgb.svg	e3b0c44298fc1c149afbf4c8996fb92427ae41e4649b934ca495991b7852b855	exit=0;stderr_sha256=e3b0c44298fc1c149afbf4c8996fb92427ae41e4649b934ca495991b7852b855
runner-command	C0722	/usr/local/bin/typst eval --format json let norm = x => if type(x) == ratio { x / 100% } else { x }; let g = (gradient.radial((red, 0%), (rgb(46, 204, 64), 37.0262390670554%), (blue.transparentize(100%), 63.5568513119533%), (yellow.transparentize(100%), 81.3411078717201%), (red, 92.1282798833819%), (rgb(46, 204, 64), 97.667638483965%), (blue.transparentize(100%), 99.7084548104956%), (yellow.transparentize(100%), 100%), space: color.linear-rgb, center: (50%, 50%), radius: 50%, focal-center: (93.9%, 50%), focal-radius: 6%)).sharp(8).repeat(2, mirror: true); (g.stops().map(s => (s.at(0).components().map(norm), s.at(1) / 100%)), repr(g.kind()), repr(g.space()), repr(g.angle()), repr(g.center()), repr(g.radius()), repr(g.focal-center()), repr(g.focal-radius()))	8169c4111419294dfbc4d971e7f1c31ec925c019b1e3119ad729e69fd5ef4875	exit=0;stderr_sha256=e3b0c44298fc1c149afbf4c8996fb92427ae41e4649b934ca495991b7852b855
runner-command	C0723	/usr/local/bin/typst compile /repos/Antigravity/typst-crystalline/lab/parity/matrix/fixtures/p1266/S19-linear-oklab.typ /tmp/p1268/oracle_v3/binaries/repeat/S19-linear-oklab.svg	e3b0c44298fc1c149afbf4c8996fb92427ae41e4649b934ca495991b7852b855	exit=0;stderr_sha256=e3b0c44298fc1c149afbf4c8996fb92427ae41e4649b934ca495991b7852b855
runner-command	C0724	/usr/local/bin/typst eval --format json let norm = x => if type(x) == ratio { x / 100% } else { x }; let g = gradient.linear(rgb(38, 70, 83), rgb(42, 157, 143), rgb(233, 196, 106), space: color.oklab, angle: 15deg); (g.stops().map(s => (s.at(0).components().map(norm), s.at(1) / 100%)), repr(g.kind()), repr(g.space()), repr(g.angle()), repr(g.center()), repr(g.radius()), repr(g.focal-center()), repr(g.focal-radius()))	d7d7a6c7c7aa160ad7b6239df90f666d927091d529d650a74ccdd0cdc7a33ff9	exit=0;stderr_sha256=e3b0c44298fc1c149afbf4c8996fb92427ae41e4649b934ca495991b7852b855
runner-command	C0725	/usr/local/bin/typst compile /repos/Antigravity/typst-crystalline/lab/parity/matrix/fixtures/p1266/S19-radial-oklab.typ /tmp/p1268/oracle_v3/binaries/repeat/S19-radial-oklab.svg	e3b0c44298fc1c149afbf4c8996fb92427ae41e4649b934ca495991b7852b855	exit=0;stderr_sha256=e3b0c44298fc1c149afbf4c8996fb92427ae41e4649b934ca495991b7852b855
runner-command	C0726	/usr/local/bin/typst eval --format json let norm = x => if type(x) == ratio { x / 100% } else { x }; let g = gradient.radial(rgb(38, 70, 83), rgb(42, 157, 143), rgb(233, 196, 106), space: color.oklab, center: (50%, 50%), radius: 0.1%, focal-center: (50%, 50%), focal-radius: 0%); (g.stops().map(s => (s.at(0).components().map(norm), s.at(1) / 100%)), repr(g.kind()), repr(g.space()), repr(g.angle()), repr(g.center()), repr(g.radius()), repr(g.focal-center()), repr(g.focal-radius()))	49bc1eaea4578b0cd4b3d93c19d91fecbd0c23575ffc903f34601369303610e9	exit=0;stderr_sha256=e3b0c44298fc1c149afbf4c8996fb92427ae41e4649b934ca495991b7852b855
runner-command	C0727	/usr/local/bin/typst compile /repos/Antigravity/typst-crystalline/lab/parity/matrix/fixtures/p1266/S19-linear-linear-rgb.typ /tmp/p1268/oracle_v3/binaries/repeat/S19-linear-linear-rgb.svg	e3b0c44298fc1c149afbf4c8996fb92427ae41e4649b934ca495991b7852b855	exit=0;stderr_sha256=e3b0c44298fc1c149afbf4c8996fb92427ae41e4649b934ca495991b7852b855
runner-command	C0728	/usr/local/bin/typst eval --format json let norm = x => if type(x) == ratio { x / 100% } else { x }; let g = gradient.linear(rgb(38, 70, 83), rgb(42, 157, 143), rgb(233, 196, 106), space: color.linear-rgb, angle: 15deg); (g.stops().map(s => (s.at(0).components().map(norm), s.at(1) / 100%)), repr(g.kind()), repr(g.space()), repr(g.angle()), repr(g.center()), repr(g.radius()), repr(g.focal-center()), repr(g.focal-radius()))	85076958eb771bd47755fab5b95ea42ddf43c37e41dc148fd24ee39a802e807a	exit=0;stderr_sha256=e3b0c44298fc1c149afbf4c8996fb92427ae41e4649b934ca495991b7852b855
runner-command	C0729	/usr/local/bin/typst compile /repos/Antigravity/typst-crystalline/lab/parity/matrix/fixtures/p1266/S19-radial-linear-rgb.typ /tmp/p1268/oracle_v3/binaries/repeat/S19-radial-linear-rgb.svg	e3b0c44298fc1c149afbf4c8996fb92427ae41e4649b934ca495991b7852b855	exit=0;stderr_sha256=e3b0c44298fc1c149afbf4c8996fb92427ae41e4649b934ca495991b7852b855
runner-command	C0730	/usr/local/bin/typst eval --format json let norm = x => if type(x) == ratio { x / 100% } else { x }; let g = gradient.radial(rgb(38, 70, 83), rgb(42, 157, 143), rgb(233, 196, 106), space: color.linear-rgb, center: (50%, 50%), radius: 0.1%, focal-center: (50%, 50%), focal-radius: 0%); (g.stops().map(s => (s.at(0).components().map(norm), s.at(1) / 100%)), repr(g.kind()), repr(g.space()), repr(g.angle()), repr(g.center()), repr(g.radius()), repr(g.focal-center()), repr(g.focal-radius()))	6b7a66be6e858d3b37a4dc552188d97f447165f9fd942121b4cf1f1c0fb64153	exit=0;stderr_sha256=e3b0c44298fc1c149afbf4c8996fb92427ae41e4649b934ca495991b7852b855
runner-command	C0731	/usr/local/bin/typst compile /repos/Antigravity/typst-crystalline/lab/parity/matrix/fixtures/p1266/S20-linear-oklab.typ /tmp/p1268/oracle_v3/binaries/repeat/S20-linear-oklab.svg	e3b0c44298fc1c149afbf4c8996fb92427ae41e4649b934ca495991b7852b855	exit=0;stderr_sha256=e3b0c44298fc1c149afbf4c8996fb92427ae41e4649b934ca495991b7852b855
runner-command	C0732	/usr/local/bin/typst eval --format json let norm = x => if type(x) == ratio { x / 100% } else { x }; let g = gradient.linear((red.transparentize(100%), 0%), (rgb(46, 204, 64), 33.3333333333333%), (blue, 66.6666666666667%), (yellow, 100%), space: color.oklab, angle: 75deg); (g.stops().map(s => (s.at(0).components().map(norm), s.at(1) / 100%)), repr(g.kind()), repr(g.space()), repr(g.angle()), repr(g.center()), repr(g.radius()), repr(g.focal-center()), repr(g.focal-radius()))	5b3c0b4873f4b8de6933d50f256a0d3d79dea2c008ad88745a900562b19852d6	exit=0;stderr_sha256=e3b0c44298fc1c149afbf4c8996fb92427ae41e4649b934ca495991b7852b855
runner-command	C0733	/usr/local/bin/typst compile /repos/Antigravity/typst-crystalline/lab/parity/matrix/fixtures/p1266/S20-radial-oklab.typ /tmp/p1268/oracle_v3/binaries/repeat/S20-radial-oklab.svg	e3b0c44298fc1c149afbf4c8996fb92427ae41e4649b934ca495991b7852b855	exit=0;stderr_sha256=e3b0c44298fc1c149afbf4c8996fb92427ae41e4649b934ca495991b7852b855
runner-command	C0734	/usr/local/bin/typst eval --format json let norm = x => if type(x) == ratio { x / 100% } else { x }; let g = gradient.radial((red.transparentize(100%), 0%), (rgb(46, 204, 64), 33.3333333333333%), (blue, 66.6666666666667%), (yellow, 100%), space: color.oklab, center: (50%, 50%), radius: 50%, focal-center: (50%, 50%), focal-radius: 0%); (g.stops().map(s => (s.at(0).components().map(norm), s.at(1) / 100%)), repr(g.kind()), repr(g.space()), repr(g.angle()), repr(g.center()), repr(g.radius()), repr(g.focal-center()), repr(g.focal-radius()))	a795af07762db81bafff6c95e4dba8d75816a2f6a9571855f43171fb4fb4f3f1	exit=0;stderr_sha256=e3b0c44298fc1c149afbf4c8996fb92427ae41e4649b934ca495991b7852b855
runner-command	C0735	/usr/local/bin/typst compile /repos/Antigravity/typst-crystalline/lab/parity/matrix/fixtures/p1266/S20-linear-linear-rgb.typ /tmp/p1268/oracle_v3/binaries/repeat/S20-linear-linear-rgb.svg	e3b0c44298fc1c149afbf4c8996fb92427ae41e4649b934ca495991b7852b855	exit=0;stderr_sha256=e3b0c44298fc1c149afbf4c8996fb92427ae41e4649b934ca495991b7852b855
runner-command	C0736	/usr/local/bin/typst eval --format json let norm = x => if type(x) == ratio { x / 100% } else { x }; let g = gradient.linear((red.transparentize(100%), 0%), (rgb(46, 204, 64), 33.3333333333333%), (blue, 66.6666666666667%), (yellow, 100%), space: color.linear-rgb, angle: 75deg); (g.stops().map(s => (s.at(0).components().map(norm), s.at(1) / 100%)), repr(g.kind()), repr(g.space()), repr(g.angle()), repr(g.center()), repr(g.radius()), repr(g.focal-center()), repr(g.focal-radius()))	9e36c8fc8a45ef436913644edc5540c426e6e0a341d83c9e35251dbd01577b48	exit=0;stderr_sha256=e3b0c44298fc1c149afbf4c8996fb92427ae41e4649b934ca495991b7852b855
runner-command	C0737	/usr/local/bin/typst compile /repos/Antigravity/typst-crystalline/lab/parity/matrix/fixtures/p1266/S20-radial-linear-rgb.typ /tmp/p1268/oracle_v3/binaries/repeat/S20-radial-linear-rgb.svg	e3b0c44298fc1c149afbf4c8996fb92427ae41e4649b934ca495991b7852b855	exit=0;stderr_sha256=e3b0c44298fc1c149afbf4c8996fb92427ae41e4649b934ca495991b7852b855
runner-command	C0738	/usr/local/bin/typst eval --format json let norm = x => if type(x) == ratio { x / 100% } else { x }; let g = gradient.radial((red.transparentize(100%), 0%), (rgb(46, 204, 64), 33.3333333333333%), (blue, 66.6666666666667%), (yellow, 100%), space: color.linear-rgb, center: (50%, 50%), radius: 50%, focal-center: (50%, 50%), focal-radius: 0%); (g.stops().map(s => (s.at(0).components().map(norm), s.at(1) / 100%)), repr(g.kind()), repr(g.space()), repr(g.angle()), repr(g.center()), repr(g.radius()), repr(g.focal-center()), repr(g.focal-radius()))	255db2607eada11fd4bac345e322ecefa594dc337051b0c30eedf33c9fdf036b	exit=0;stderr_sha256=e3b0c44298fc1c149afbf4c8996fb92427ae41e4649b934ca495991b7852b855
runner-command	C0739	/usr/local/bin/typst compile /repos/Antigravity/typst-crystalline/lab/parity/matrix/fixtures/p1266/S21-linear-oklab.typ /tmp/p1268/oracle_v3/binaries/repeat/S21-linear-oklab.svg	e3b0c44298fc1c149afbf4c8996fb92427ae41e4649b934ca495991b7852b855	exit=0;stderr_sha256=e3b0c44298fc1c149afbf4c8996fb92427ae41e4649b934ca495991b7852b855
runner-command	C0740	/usr/local/bin/typst eval --format json let norm = x => if type(x) == ratio { x / 100% } else { x }; let g = (gradient.linear((red, 0%), (rgb(46, 204, 64), 11.1111111111111%), (blue.transparentize(100%), 44.4444444444444%), (yellow.transparentize(100%), 100%), space: color.oklab, angle: -75deg)).sharp(4); (g.stops().map(s => (s.at(0).components().map(norm), s.at(1) / 100%)), repr(g.kind()), repr(g.space()), repr(g.angle()), repr(g.center()), repr(g.radius()), repr(g.focal-center()), repr(g.focal-radius()))	a61b2ed287ead40757eec4f918a30e9f5f943a7d0400fd908060f0f9e2d40bae	exit=0;stderr_sha256=e3b0c44298fc1c149afbf4c8996fb92427ae41e4649b934ca495991b7852b855
runner-command	C0741	/usr/local/bin/typst compile /repos/Antigravity/typst-crystalline/lab/parity/matrix/fixtures/p1266/S21-radial-oklab.typ /tmp/p1268/oracle_v3/binaries/repeat/S21-radial-oklab.svg	e3b0c44298fc1c149afbf4c8996fb92427ae41e4649b934ca495991b7852b855	exit=0;stderr_sha256=e3b0c44298fc1c149afbf4c8996fb92427ae41e4649b934ca495991b7852b855
runner-command	C0742	/usr/local/bin/typst eval --format json let norm = x => if type(x) == ratio { x / 100% } else { x }; let g = (gradient.radial((red, 0%), (rgb(46, 204, 64), 11.1111111111111%), (blue.transparentize(100%), 44.4444444444444%), (yellow.transparentize(100%), 100%), space: color.oklab, center: (50%, 50%), radius: 65%, focal-center: (30%, 40%), focal-radius: 10%)).sharp(4); (g.stops().map(s => (s.at(0).components().map(norm), s.at(1) / 100%)), repr(g.kind()), repr(g.space()), repr(g.angle()), repr(g.center()), repr(g.radius()), repr(g.focal-center()), repr(g.focal-radius()))	685a0b839e7b3ee86cdd710b16e816061e10a9152ae497ddb7ca97b291d8e1c2	exit=0;stderr_sha256=e3b0c44298fc1c149afbf4c8996fb92427ae41e4649b934ca495991b7852b855
runner-command	C0743	/usr/local/bin/typst compile /repos/Antigravity/typst-crystalline/lab/parity/matrix/fixtures/p1266/S21-linear-linear-rgb.typ /tmp/p1268/oracle_v3/binaries/repeat/S21-linear-linear-rgb.svg	e3b0c44298fc1c149afbf4c8996fb92427ae41e4649b934ca495991b7852b855	exit=0;stderr_sha256=e3b0c44298fc1c149afbf4c8996fb92427ae41e4649b934ca495991b7852b855
runner-command	C0744	/usr/local/bin/typst eval --format json let norm = x => if type(x) == ratio { x / 100% } else { x }; let g = (gradient.linear((red, 0%), (rgb(46, 204, 64), 11.1111111111111%), (blue.transparentize(100%), 44.4444444444444%), (yellow.transparentize(100%), 100%), space: color.linear-rgb, angle: -75deg)).sharp(4); (g.stops().map(s => (s.at(0).components().map(norm), s.at(1) / 100%)), repr(g.kind()), repr(g.space()), repr(g.angle()), repr(g.center()), repr(g.radius()), repr(g.focal-center()), repr(g.focal-radius()))	c420ae70107ace0b32ec368c90dca039b0de9ef268222c928385585b0dde6ca5	exit=0;stderr_sha256=e3b0c44298fc1c149afbf4c8996fb92427ae41e4649b934ca495991b7852b855
runner-command	C0745	/usr/local/bin/typst compile /repos/Antigravity/typst-crystalline/lab/parity/matrix/fixtures/p1266/S21-radial-linear-rgb.typ /tmp/p1268/oracle_v3/binaries/repeat/S21-radial-linear-rgb.svg	e3b0c44298fc1c149afbf4c8996fb92427ae41e4649b934ca495991b7852b855	exit=0;stderr_sha256=e3b0c44298fc1c149afbf4c8996fb92427ae41e4649b934ca495991b7852b855
runner-command	C0746	/usr/local/bin/typst eval --format json let norm = x => if type(x) == ratio { x / 100% } else { x }; let g = (gradient.radial((red, 0%), (rgb(46, 204, 64), 11.1111111111111%), (blue.transparentize(100%), 44.4444444444444%), (yellow.transparentize(100%), 100%), space: color.linear-rgb, center: (50%, 50%), radius: 65%, focal-center: (30%, 40%), focal-radius: 10%)).sharp(4); (g.stops().map(s => (s.at(0).components().map(norm), s.at(1) / 100%)), repr(g.kind()), repr(g.space()), repr(g.angle()), repr(g.center()), repr(g.radius()), repr(g.focal-center()), repr(g.focal-radius()))	d7b8ccd6cbf5d12b6ccfa74415f530a581cfdc08abc951972350d42af0b40958	exit=0;stderr_sha256=e3b0c44298fc1c149afbf4c8996fb92427ae41e4649b934ca495991b7852b855
runner-command	C0747	/usr/local/bin/typst compile /repos/Antigravity/typst-crystalline/lab/parity/matrix/fixtures/p1266/S22-linear-oklab.typ /tmp/p1268/oracle_v3/binaries/repeat/S22-linear-oklab.svg	e3b0c44298fc1c149afbf4c8996fb92427ae41e4649b934ca495991b7852b855	exit=0;stderr_sha256=e3b0c44298fc1c149afbf4c8996fb92427ae41e4649b934ca495991b7852b855
runner-command	C0748	/usr/local/bin/typst eval --format json let norm = x => if type(x) == ratio { x / 100% } else { x }; let g = gradient.linear((black, 0%), (white, 7.14285714285714%), (red, 14.2857142857143%), (rgb(0, 255, 0), 21.4285714285714%), (blue, 28.5714285714286%), (rgb(0, 255, 255), 35.7142857142857%), (rgb(255, 0, 255), 42.8571428571429%), (yellow, 50%), (black, 50.0001%), (white, 57.1429428571429%), (red, 64.2857857142857%), (rgb(0, 255, 0), 71.4286285714286%), (blue, 78.5714714285714%), (rgb(0, 255, 255), 85.7143142857143%), (rgb(255, 0, 255), 92.8571571428571%), (yellow, 100%), space: color.oklab, angle: 359.999999deg); (g.stops().map(s => (s.at(0).components().map(norm), s.at(1) / 100%)), repr(g.kind()), repr(g.space()), repr(g.angle()), repr(g.center()), repr(g.radius()), repr(g.focal-center()), repr(g.focal-radius()))	518decbd9347bfab24dbcdce1d08adf9801d810c36499cc5c8190fc75cfb0abf	exit=0;stderr_sha256=e3b0c44298fc1c149afbf4c8996fb92427ae41e4649b934ca495991b7852b855
runner-command	C0749	/usr/local/bin/typst compile /repos/Antigravity/typst-crystalline/lab/parity/matrix/fixtures/p1266/S22-radial-oklab.typ /tmp/p1268/oracle_v3/binaries/repeat/S22-radial-oklab.svg	e3b0c44298fc1c149afbf4c8996fb92427ae41e4649b934ca495991b7852b855	exit=0;stderr_sha256=e3b0c44298fc1c149afbf4c8996fb92427ae41e4649b934ca495991b7852b855
runner-command	C0750	/usr/local/bin/typst eval --format json let norm = x => if type(x) == ratio { x / 100% } else { x }; let g = gradient.radial((black, 0%), (white, 7.14285714285714%), (red, 14.2857142857143%), (rgb(0, 255, 0), 21.4285714285714%), (blue, 28.5714285714286%), (rgb(0, 255, 255), 35.7142857142857%), (rgb(255, 0, 255), 42.8571428571429%), (yellow, 50%), (black, 50.0001%), (white, 57.1429428571429%), (red, 64.2857857142857%), (rgb(0, 255, 0), 71.4286285714286%), (blue, 78.5714714285714%), (rgb(0, 255, 255), 85.7143142857143%), (rgb(255, 0, 255), 92.8571571428571%), (yellow, 100%), space: color.oklab, center: (50%, 50%), radius: 50%, focal-center: (93.9%, 50%), focal-radius: 6%); (g.stops().map(s => (s.at(0).components().map(norm), s.at(1) / 100%)), repr(g.kind()), repr(g.space()), repr(g.angle()), repr(g.center()), repr(g.radius()), repr(g.focal-center()), repr(g.focal-radius()))	e39e1fe86553e3c5232f4dd073db5cdc73fe5659cbfc5ada4f502327fdc7219f	exit=0;stderr_sha256=e3b0c44298fc1c149afbf4c8996fb92427ae41e4649b934ca495991b7852b855
runner-command	C0751	/usr/local/bin/typst compile /repos/Antigravity/typst-crystalline/lab/parity/matrix/fixtures/p1266/S22-linear-linear-rgb.typ /tmp/p1268/oracle_v3/binaries/repeat/S22-linear-linear-rgb.svg	e3b0c44298fc1c149afbf4c8996fb92427ae41e4649b934ca495991b7852b855	exit=0;stderr_sha256=e3b0c44298fc1c149afbf4c8996fb92427ae41e4649b934ca495991b7852b855
runner-command	C0752	/usr/local/bin/typst eval --format json let norm = x => if type(x) == ratio { x / 100% } else { x }; let g = gradient.linear((black, 0%), (white, 7.14285714285714%), (red, 14.2857142857143%), (rgb(0, 255, 0), 21.4285714285714%), (blue, 28.5714285714286%), (rgb(0, 255, 255), 35.7142857142857%), (rgb(255, 0, 255), 42.8571428571429%), (yellow, 50%), (black, 50.0001%), (white, 57.1429428571429%), (red, 64.2857857142857%), (rgb(0, 255, 0), 71.4286285714286%), (blue, 78.5714714285714%), (rgb(0, 255, 255), 85.7143142857143%), (rgb(255, 0, 255), 92.8571571428571%), (yellow, 100%), space: color.linear-rgb, angle: 359.999999deg); (g.stops().map(s => (s.at(0).components().map(norm), s.at(1) / 100%)), repr(g.kind()), repr(g.space()), repr(g.angle()), repr(g.center()), repr(g.radius()), repr(g.focal-center()), repr(g.focal-radius()))	a44b8f9241f317b4f0c04aaba16bf9e94340bb0f50d38eee6a57cdbd5ea0b479	exit=0;stderr_sha256=e3b0c44298fc1c149afbf4c8996fb92427ae41e4649b934ca495991b7852b855
runner-command	C0753	/usr/local/bin/typst compile /repos/Antigravity/typst-crystalline/lab/parity/matrix/fixtures/p1266/S22-radial-linear-rgb.typ /tmp/p1268/oracle_v3/binaries/repeat/S22-radial-linear-rgb.svg	e3b0c44298fc1c149afbf4c8996fb92427ae41e4649b934ca495991b7852b855	exit=0;stderr_sha256=e3b0c44298fc1c149afbf4c8996fb92427ae41e4649b934ca495991b7852b855
runner-command	C0754	/usr/local/bin/typst eval --format json let norm = x => if type(x) == ratio { x / 100% } else { x }; let g = gradient.radial((black, 0%), (white, 7.14285714285714%), (red, 14.2857142857143%), (rgb(0, 255, 0), 21.4285714285714%), (blue, 28.5714285714286%), (rgb(0, 255, 255), 35.7142857142857%), (rgb(255, 0, 255), 42.8571428571429%), (yellow, 50%), (black, 50.0001%), (white, 57.1429428571429%), (red, 64.2857857142857%), (rgb(0, 255, 0), 71.4286285714286%), (blue, 78.5714714285714%), (rgb(0, 255, 255), 85.7143142857143%), (rgb(255, 0, 255), 92.8571571428571%), (yellow, 100%), space: color.linear-rgb, center: (50%, 50%), radius: 50%, focal-center: (93.9%, 50%), focal-radius: 6%); (g.stops().map(s => (s.at(0).components().map(norm), s.at(1) / 100%)), repr(g.kind()), repr(g.space()), repr(g.angle()), repr(g.center()), repr(g.radius()), repr(g.focal-center()), repr(g.focal-radius()))	a3ba61096d432fdbd2c73cce9bfa846a7cf262489770567b0898926dd3c42a08	exit=0;stderr_sha256=e3b0c44298fc1c149afbf4c8996fb92427ae41e4649b934ca495991b7852b855
runner-command	C0755	/usr/local/bin/typst compile /repos/Antigravity/typst-crystalline/lab/parity/matrix/fixtures/p1266/S23-linear-oklab.typ /tmp/p1268/oracle_v3/binaries/repeat/S23-linear-oklab.svg	e3b0c44298fc1c149afbf4c8996fb92427ae41e4649b934ca495991b7852b855	exit=0;stderr_sha256=e3b0c44298fc1c149afbf4c8996fb92427ae41e4649b934ca495991b7852b855
runner-command	C0756	/usr/local/bin/typst eval --format json let norm = x => if type(x) == ratio { x / 100% } else { x }; let g = (gradient.linear((red.transparentize(99%), 0%), (rgb(46, 204, 64).transparentize(99%), 0.00335671847202175%), (blue.transparentize(99%), 0.026853747776174%), (yellow.transparentize(99%), 0.0906313987445873%), (red.transparentize(99%), 0.214829982209392%), (rgb(46, 204, 64).transparentize(99%), 0.419589809002719%), (blue.transparentize(99%), 0.725051189956698%), (yellow.transparentize(99%), 1.15135443590346%), (red.transparentize(99%), 1.71863985767514%), (rgb(46, 204, 64).transparentize(99%), 2.44704776610386%), (blue.transparentize(99%), 3.35671847202175%), (yellow.transparentize(99%), 4.46779228626095%), (red.transparentize(99%), 5.80040951965359%), (rgb(46, 204, 64).transparentize(99%), 7.37471048303179%), (blue.transparentize(99%), 9.21083548722769%), (yellow.transparentize(99%), 11.3289248430734%), (red.transparentize(99%), 13.7491188614011%), (rgb(46, 204, 64).transparentize(99%), 16.4915578530429%), (blue.transparentize(99%), 19.5763821288309%), (yellow.transparentize(99%), 23.0237319995972%), (red.transparentize(99%), 26.853747776174%), (rgb(46, 204, 64).transparentize(99%), 31.0865697693934%), (blue.transparentize(99%), 35.7423382900876%), (yellow.transparentize(99%), 40.8411936490887%), (red.transparentize(99%), 46.4032761572287%), (rgb(46, 204, 64).transparentize(99%), 52.4487261253399%), (blue.transparentize(99%), 58.9976838642543%), (yellow.transparentize(99%), 66.0702896848041%), (red.transparentize(99%), 73.6866838978215%), (rgb(46, 204, 64).transparentize(99%), 81.8670068141385%), (blue.transparentize(99%), 90.6313987445873%), (yellow.transparentize(99%), 100%), space: color.oklab, angle: -720.5deg)).repeat(2, mirror: true); (g.stops().map(s => (s.at(0).components().map(norm), s.at(1) / 100%)), repr(g.kind()), repr(g.space()), repr(g.angle()), repr(g.center()), repr(g.radius()), repr(g.focal-center()), repr(g.focal-radius()))	5ede43dba02a322031d41d9e9b50985f8b02d4f314bfec2e00b49eaa5a0107b8	exit=0;stderr_sha256=e3b0c44298fc1c149afbf4c8996fb92427ae41e4649b934ca495991b7852b855
runner-command	C0757	/usr/local/bin/typst compile /repos/Antigravity/typst-crystalline/lab/parity/matrix/fixtures/p1266/S23-radial-oklab.typ /tmp/p1268/oracle_v3/binaries/repeat/S23-radial-oklab.svg	e3b0c44298fc1c149afbf4c8996fb92427ae41e4649b934ca495991b7852b855	exit=0;stderr_sha256=e3b0c44298fc1c149afbf4c8996fb92427ae41e4649b934ca495991b7852b855
runner-command	C0758	/usr/local/bin/typst eval --format json let norm = x => if type(x) == ratio { x / 100% } else { x }; let g = (gradient.radial((red.transparentize(99%), 0%), (rgb(46, 204, 64).transparentize(99%), 0.00335671847202175%), (blue.transparentize(99%), 0.026853747776174%), (yellow.transparentize(99%), 0.0906313987445873%), (red.transparentize(99%), 0.214829982209392%), (rgb(46, 204, 64).transparentize(99%), 0.419589809002719%), (blue.transparentize(99%), 0.725051189956698%), (yellow.transparentize(99%), 1.15135443590346%), (red.transparentize(99%), 1.71863985767514%), (rgb(46, 204, 64).transparentize(99%), 2.44704776610386%), (blue.transparentize(99%), 3.35671847202175%), (yellow.transparentize(99%), 4.46779228626095%), (red.transparentize(99%), 5.80040951965359%), (rgb(46, 204, 64).transparentize(99%), 7.37471048303179%), (blue.transparentize(99%), 9.21083548722769%), (yellow.transparentize(99%), 11.3289248430734%), (red.transparentize(99%), 13.7491188614011%), (rgb(46, 204, 64).transparentize(99%), 16.4915578530429%), (blue.transparentize(99%), 19.5763821288309%), (yellow.transparentize(99%), 23.0237319995972%), (red.transparentize(99%), 26.853747776174%), (rgb(46, 204, 64).transparentize(99%), 31.0865697693934%), (blue.transparentize(99%), 35.7423382900876%), (yellow.transparentize(99%), 40.8411936490887%), (red.transparentize(99%), 46.4032761572287%), (rgb(46, 204, 64).transparentize(99%), 52.4487261253399%), (blue.transparentize(99%), 58.9976838642543%), (yellow.transparentize(99%), 66.0702896848041%), (red.transparentize(99%), 73.6866838978215%), (rgb(46, 204, 64).transparentize(99%), 81.8670068141385%), (blue.transparentize(99%), 90.6313987445873%), (yellow.transparentize(99%), 100%), space: color.oklab, center: (50%, 50%), radius: 0.1%, focal-center: (50%, 50%), focal-radius: 0%)).repeat(2, mirror: true); (g.stops().map(s => (s.at(0).components().map(norm), s.at(1) / 100%)), repr(g.kind()), repr(g.space()), repr(g.angle()), repr(g.center()), repr(g.radius()), repr(g.focal-center()), repr(g.focal-radius()))	0690da9c8a4d02427e5b57b9760c9a2b400262a58fbbfaeece91f3b6db88e52e	exit=0;stderr_sha256=e3b0c44298fc1c149afbf4c8996fb92427ae41e4649b934ca495991b7852b855
runner-command	C0759	/usr/local/bin/typst compile /repos/Antigravity/typst-crystalline/lab/parity/matrix/fixtures/p1266/S23-linear-linear-rgb.typ /tmp/p1268/oracle_v3/binaries/repeat/S23-linear-linear-rgb.svg	e3b0c44298fc1c149afbf4c8996fb92427ae41e4649b934ca495991b7852b855	exit=0;stderr_sha256=e3b0c44298fc1c149afbf4c8996fb92427ae41e4649b934ca495991b7852b855
runner-command	C0760	/usr/local/bin/typst eval --format json let norm = x => if type(x) == ratio { x / 100% } else { x }; let g = (gradient.linear((red.transparentize(99%), 0%), (rgb(46, 204, 64).transparentize(99%), 0.00335671847202175%), (blue.transparentize(99%), 0.026853747776174%), (yellow.transparentize(99%), 0.0906313987445873%), (red.transparentize(99%), 0.214829982209392%), (rgb(46, 204, 64).transparentize(99%), 0.419589809002719%), (blue.transparentize(99%), 0.725051189956698%), (yellow.transparentize(99%), 1.15135443590346%), (red.transparentize(99%), 1.71863985767514%), (rgb(46, 204, 64).transparentize(99%), 2.44704776610386%), (blue.transparentize(99%), 3.35671847202175%), (yellow.transparentize(99%), 4.46779228626095%), (red.transparentize(99%), 5.80040951965359%), (rgb(46, 204, 64).transparentize(99%), 7.37471048303179%), (blue.transparentize(99%), 9.21083548722769%), (yellow.transparentize(99%), 11.3289248430734%), (red.transparentize(99%), 13.7491188614011%), (rgb(46, 204, 64).transparentize(99%), 16.4915578530429%), (blue.transparentize(99%), 19.5763821288309%), (yellow.transparentize(99%), 23.0237319995972%), (red.transparentize(99%), 26.853747776174%), (rgb(46, 204, 64).transparentize(99%), 31.0865697693934%), (blue.transparentize(99%), 35.7423382900876%), (yellow.transparentize(99%), 40.8411936490887%), (red.transparentize(99%), 46.4032761572287%), (rgb(46, 204, 64).transparentize(99%), 52.4487261253399%), (blue.transparentize(99%), 58.9976838642543%), (yellow.transparentize(99%), 66.0702896848041%), (red.transparentize(99%), 73.6866838978215%), (rgb(46, 204, 64).transparentize(99%), 81.8670068141385%), (blue.transparentize(99%), 90.6313987445873%), (yellow.transparentize(99%), 100%), space: color.linear-rgb, angle: -720.5deg)).repeat(2, mirror: true); (g.stops().map(s => (s.at(0).components().map(norm), s.at(1) / 100%)), repr(g.kind()), repr(g.space()), repr(g.angle()), repr(g.center()), repr(g.radius()), repr(g.focal-center()), repr(g.focal-radius()))	d30453f63cd215e6fe5a204fc5e7025801b6ee80d6ad50535b6ac8e0ab759ef0	exit=0;stderr_sha256=e3b0c44298fc1c149afbf4c8996fb92427ae41e4649b934ca495991b7852b855
runner-command	C0761	/usr/local/bin/typst compile /repos/Antigravity/typst-crystalline/lab/parity/matrix/fixtures/p1266/S23-radial-linear-rgb.typ /tmp/p1268/oracle_v3/binaries/repeat/S23-radial-linear-rgb.svg	e3b0c44298fc1c149afbf4c8996fb92427ae41e4649b934ca495991b7852b855	exit=0;stderr_sha256=e3b0c44298fc1c149afbf4c8996fb92427ae41e4649b934ca495991b7852b855
runner-command	C0762	/usr/local/bin/typst eval --format json let norm = x => if type(x) == ratio { x / 100% } else { x }; let g = (gradient.radial((red.transparentize(99%), 0%), (rgb(46, 204, 64).transparentize(99%), 0.00335671847202175%), (blue.transparentize(99%), 0.026853747776174%), (yellow.transparentize(99%), 0.0906313987445873%), (red.transparentize(99%), 0.214829982209392%), (rgb(46, 204, 64).transparentize(99%), 0.419589809002719%), (blue.transparentize(99%), 0.725051189956698%), (yellow.transparentize(99%), 1.15135443590346%), (red.transparentize(99%), 1.71863985767514%), (rgb(46, 204, 64).transparentize(99%), 2.44704776610386%), (blue.transparentize(99%), 3.35671847202175%), (yellow.transparentize(99%), 4.46779228626095%), (red.transparentize(99%), 5.80040951965359%), (rgb(46, 204, 64).transparentize(99%), 7.37471048303179%), (blue.transparentize(99%), 9.21083548722769%), (yellow.transparentize(99%), 11.3289248430734%), (red.transparentize(99%), 13.7491188614011%), (rgb(46, 204, 64).transparentize(99%), 16.4915578530429%), (blue.transparentize(99%), 19.5763821288309%), (yellow.transparentize(99%), 23.0237319995972%), (red.transparentize(99%), 26.853747776174%), (rgb(46, 204, 64).transparentize(99%), 31.0865697693934%), (blue.transparentize(99%), 35.7423382900876%), (yellow.transparentize(99%), 40.8411936490887%), (red.transparentize(99%), 46.4032761572287%), (rgb(46, 204, 64).transparentize(99%), 52.4487261253399%), (blue.transparentize(99%), 58.9976838642543%), (yellow.transparentize(99%), 66.0702896848041%), (red.transparentize(99%), 73.6866838978215%), (rgb(46, 204, 64).transparentize(99%), 81.8670068141385%), (blue.transparentize(99%), 90.6313987445873%), (yellow.transparentize(99%), 100%), space: color.linear-rgb, center: (50%, 50%), radius: 0.1%, focal-center: (50%, 50%), focal-radius: 0%)).repeat(2, mirror: true); (g.stops().map(s => (s.at(0).components().map(norm), s.at(1) / 100%)), repr(g.kind()), repr(g.space()), repr(g.angle()), repr(g.center()), repr(g.radius()), repr(g.focal-center()), repr(g.focal-radius()))	0130c6cbaccbbcf603ef5487d383b6f153c136824f9bc1d31d751d80a19094df	exit=0;stderr_sha256=e3b0c44298fc1c149afbf4c8996fb92427ae41e4649b934ca495991b7852b855
runner-command	C0763	/usr/local/bin/typst compile /repos/Antigravity/typst-crystalline/lab/parity/matrix/fixtures/p1266/S24-linear-oklab.typ /tmp/p1268/oracle_v3/binaries/repeat/S24-linear-oklab.svg	e3b0c44298fc1c149afbf4c8996fb92427ae41e4649b934ca495991b7852b855	exit=0;stderr_sha256=e3b0c44298fc1c149afbf4c8996fb92427ae41e4649b934ca495991b7852b855
runner-command	C0764	/usr/local/bin/typst eval --format json let norm = x => if type(x) == ratio { x / 100% } else { x }; let g = (gradient.linear((rgb(38, 70, 83).transparentize(20%), 0%), (rgb(42, 157, 143).transparentize(60%), 37.0262390670554%), (rgb(233, 196, 106).transparentize(35%), 63.5568513119533%), (rgb(244, 162, 97).transparentize(80%), 81.3411078717201%), (rgb(38, 70, 83).transparentize(20%), 92.1282798833819%), (rgb(42, 157, 143).transparentize(60%), 97.667638483965%), (rgb(233, 196, 106).transparentize(35%), 99.7084548104956%), (rgb(244, 162, 97).transparentize(80%), 100%), space: color.oklab, angle: 1080deg)).sharp(8).repeat(2, mirror: true); (g.stops().map(s => (s.at(0).components().map(norm), s.at(1) / 100%)), repr(g.kind()), repr(g.space()), repr(g.angle()), repr(g.center()), repr(g.radius()), repr(g.focal-center()), repr(g.focal-radius()))	7845d2048d802332e192122d83d4892c6b7cbc1b28bfd30187d49e245e56aebf	exit=0;stderr_sha256=e3b0c44298fc1c149afbf4c8996fb92427ae41e4649b934ca495991b7852b855
runner-command	C0765	/usr/local/bin/typst compile /repos/Antigravity/typst-crystalline/lab/parity/matrix/fixtures/p1266/S24-radial-oklab.typ /tmp/p1268/oracle_v3/binaries/repeat/S24-radial-oklab.svg	e3b0c44298fc1c149afbf4c8996fb92427ae41e4649b934ca495991b7852b855	exit=0;stderr_sha256=e3b0c44298fc1c149afbf4c8996fb92427ae41e4649b934ca495991b7852b855
runner-command	C0766	/usr/local/bin/typst eval --format json let norm = x => if type(x) == ratio { x / 100% } else { x }; let g = (gradient.radial((rgb(38, 70, 83).transparentize(20%), 0%), (rgb(42, 157, 143).transparentize(60%), 37.0262390670554%), (rgb(233, 196, 106).transparentize(35%), 63.5568513119533%), (rgb(244, 162, 97).transparentize(80%), 81.3411078717201%), (rgb(38, 70, 83).transparentize(20%), 92.1282798833819%), (rgb(42, 157, 143).transparentize(60%), 97.667638483965%), (rgb(233, 196, 106).transparentize(35%), 99.7084548104956%), (rgb(244, 162, 97).transparentize(80%), 100%), space: color.oklab, center: (120%, -20%), radius: 100%, focal-center: (120%, -20%), focal-radius: 0%)).sharp(8).repeat(2, mirror: true); (g.stops().map(s => (s.at(0).components().map(norm), s.at(1) / 100%)), repr(g.kind()), repr(g.space()), repr(g.angle()), repr(g.center()), repr(g.radius()), repr(g.focal-center()), repr(g.focal-radius()))	bdea1b55b67ccba991a32fb871f463aabe643414ef1b25750d9aa64e2b62a55a	exit=0;stderr_sha256=e3b0c44298fc1c149afbf4c8996fb92427ae41e4649b934ca495991b7852b855
runner-command	C0767	/usr/local/bin/typst compile /repos/Antigravity/typst-crystalline/lab/parity/matrix/fixtures/p1266/S24-linear-linear-rgb.typ /tmp/p1268/oracle_v3/binaries/repeat/S24-linear-linear-rgb.svg	e3b0c44298fc1c149afbf4c8996fb92427ae41e4649b934ca495991b7852b855	exit=0;stderr_sha256=e3b0c44298fc1c149afbf4c8996fb92427ae41e4649b934ca495991b7852b855
runner-command	C0768	/usr/local/bin/typst eval --format json let norm = x => if type(x) == ratio { x / 100% } else { x }; let g = (gradient.linear((rgb(38, 70, 83).transparentize(20%), 0%), (rgb(42, 157, 143).transparentize(60%), 37.0262390670554%), (rgb(233, 196, 106).transparentize(35%), 63.5568513119533%), (rgb(244, 162, 97).transparentize(80%), 81.3411078717201%), (rgb(38, 70, 83).transparentize(20%), 92.1282798833819%), (rgb(42, 157, 143).transparentize(60%), 97.667638483965%), (rgb(233, 196, 106).transparentize(35%), 99.7084548104956%), (rgb(244, 162, 97).transparentize(80%), 100%), space: color.linear-rgb, angle: 1080deg)).sharp(8).repeat(2, mirror: true); (g.stops().map(s => (s.at(0).components().map(norm), s.at(1) / 100%)), repr(g.kind()), repr(g.space()), repr(g.angle()), repr(g.center()), repr(g.radius()), repr(g.focal-center()), repr(g.focal-radius()))	9662c3802d6dbe9812d542dd2a3817de4b9811cd772f5159a4429a9e49a461b9	exit=0;stderr_sha256=e3b0c44298fc1c149afbf4c8996fb92427ae41e4649b934ca495991b7852b855
runner-command	C0769	/usr/local/bin/typst compile /repos/Antigravity/typst-crystalline/lab/parity/matrix/fixtures/p1266/S24-radial-linear-rgb.typ /tmp/p1268/oracle_v3/binaries/repeat/S24-radial-linear-rgb.svg	e3b0c44298fc1c149afbf4c8996fb92427ae41e4649b934ca495991b7852b855	exit=0;stderr_sha256=e3b0c44298fc1c149afbf4c8996fb92427ae41e4649b934ca495991b7852b855
runner-command	C0770	/usr/local/bin/typst eval --format json let norm = x => if type(x) == ratio { x / 100% } else { x }; let g = (gradient.radial((rgb(38, 70, 83).transparentize(20%), 0%), (rgb(42, 157, 143).transparentize(60%), 37.0262390670554%), (rgb(233, 196, 106).transparentize(35%), 63.5568513119533%), (rgb(244, 162, 97).transparentize(80%), 81.3411078717201%), (rgb(38, 70, 83).transparentize(20%), 92.1282798833819%), (rgb(42, 157, 143).transparentize(60%), 97.667638483965%), (rgb(233, 196, 106).transparentize(35%), 99.7084548104956%), (rgb(244, 162, 97).transparentize(80%), 100%), space: color.linear-rgb, center: (120%, -20%), radius: 100%, focal-center: (120%, -20%), focal-radius: 0%)).sharp(8).repeat(2, mirror: true); (g.stops().map(s => (s.at(0).components().map(norm), s.at(1) / 100%)), repr(g.kind()), repr(g.space()), repr(g.angle()), repr(g.center()), repr(g.radius()), repr(g.focal-center()), repr(g.focal-radius()))	c60398bc404d485b374d4961d46649c33de7f88088347dd3b610ca0870ca768a	exit=0;stderr_sha256=e3b0c44298fc1c149afbf4c8996fb92427ae41e4649b934ca495991b7852b855
content-read	R0001	/home/dikluwe/.codex/skills/tekt-materializacao-segregada/SKILL.md	33a32f7bc439de3fe3aa530bd65518e512a93f40152c91b2ace0789de34a3a56	content:authorized-pre-run-read
content-read	R0002	/home/dikluwe/.codex/skills/tekt-materializacao-segregada/references/papeis-e-capacidades.md	f59f44c4e53e89651963115c582872b4d3cd59d89689d103baa9ef8b464d2417	content:authorized-pre-run-read
content-read	R0003	/home/dikluwe/.codex/skills/tekt-materializacao-segregada/references/artefatos-e-gates.md	bf218259b4454974bf8889ce319e04c0c7ec668b9a542d0eb3b4d0492a623963	content:authorized-pre-run-read
content-read	R0004	/tmp/p1268/oracle_clean/runner.py	522611321055458b5a0be3fc4462f0fd1dfa27bc3e8fe00decf77b5a4d423145	content:authorized-pre-run-read
content-read	R0005	/repos/Antigravity/typst-crystalline/typst-passo-1268.md	c9f8ff5bca9131c307baaf88f3f0a1c2d80cac775623ab4c521f4231db969188	content:authorized-pre-run-read
content-read	R0006	/repos/Antigravity/typst-crystalline/00_nucleo/diagnosticos/p1268-preoracle-manifest-v3.tsv	6ed7f67f11d4d886edef3c39bf327cb7ae96e3b2bdd17517fe90b3145f3fa76c	content:authorized-pre-run-read
content-read	R0007	/repos/Antigravity/typst-crystalline/00_nucleo/diagnosticos/p1268-role-capabilities-v3.tsv	bdb8b2ed03f9f83655c3505c73e53b85141a935f22c8238c76ec3fade5f6f876	content:authorized-pre-run-read
content-read	R0008	/repos/Antigravity/typst-crystalline/00_nucleo/diagnosticos/p1268-contract-freeze.tsv	7d8064a939e653961a084088e40353342de401908e7a8dcd0ba229e07489579d	content:authorized-pre-run-read
content-read	R0009	/tmp/p1268/refiner/contract-v3.tsv	cb2aabaf36703bef3ef869f9a150ca8f38f5e596f1a8523c19016a283b024399	content:authorized-pre-run-read
content-read	R0010	/tmp/p1268/refiner/unknown-v3.tsv	2ab6446d8b50c803240f19bde92ff55e121bc0f4a9793f8faeaecd80979b5530	content:authorized-pre-run-read
content-read	R0011	/tmp/p1268/refiner/observables-v3.tsv	e32a8b201a6625156e0416303892c23ce441957e09ecbde0bb3f459d966e969c	content:authorized-pre-run-read
content-read	R0012	/repos/Antigravity/typst-crystalline/00_nucleo/diagnosticos/p1266-generalization-matrix.tsv	091d50354eb2b206d595c88a96b76eb8b9d8e8a881b2f0d3f5901edf9cce5406	content:authorized-pre-run-read
content-read	R0013	/repos/Antigravity/typst-crystalline/00_nucleo/diagnosticos/p1266-corpus.tsv	54b5f0fdb0153321544a9d0e147867ea0473ecd9cedfc6d959e3c0a1c9522894	content:authorized-pre-run-read
content-read	R0014	/repos/Antigravity/typst-crystalline/00_nucleo/diagnosticos/p1266-oracle-budgets.tsv	b8153842849d7a5f74d1af0a006407d5e3ebebc1ece44c1456379ae396686b46	content:authorized-pre-run-read
content-read	R0015	/usr/local/bin/typst	7b4f40c56d6fa95082ebcfd893e275d418ebcaed1b97b62785f78284c63ff7b8	content:authorized-pre-run-read
content-read	R0016	/repos/Antigravity/typst-crystalline/lab/typst-original/crates/typst-library/src/visualize/gradient.rs	ed7a1be4e398fa47dff9ede8aa31c939514e341f9e47ac5099787d422f67967c	content:authorized-pre-run-read
content-read	R0017	/repos/Antigravity/typst-crystalline/00_nucleo/adr/README.md	81429a26975034c7fd4c91f54834d1501e04c8b0957ac2aa1f909ca1b0bdd95b	content:authorized-pre-run-read
content-read	R0018	/repos/Antigravity/typst-crystalline/00_nucleo/adr/adr-stub-vs-fallback.md	16e9d865c2129d2ea4ea35cc50bf41a5f3e6c82d6fe08fb51d5d915f8b86c785	content:authorized-pre-run-read
content-read	R0019	/repos/Antigravity/typst-crystalline/00_nucleo/adr/template-adr.md	b338c0450555624524daf4cd3b8725aa6f47d73fa30aef097e309f41f914588b	content:authorized-pre-run-read
content-read	R0020	/repos/Antigravity/typst-crystalline/00_nucleo/adr/typst-adr-0001-estrategia-migracao.md	e442d9f147a825f0697ddc775c5d3da5a2361f9770b9c3799dd46d7a3140f84d	content:authorized-pre-run-read
content-read	R0021	/repos/Antigravity/typst-crystalline/00_nucleo/adr/typst-adr-0002-hierarquia-contencao.md	4e23dd4ebaa99e4473785415b9929561048c01b5baa0510b495a0e754934d907	content:authorized-pre-run-read
content-read	R0022	/repos/Antigravity/typst-crystalline/00_nucleo/adr/typst-adr-0003-comemo-contencao.md	200d3c31cb021841a06a10c3936db08fe2bd947972abedf11943030daf54309b	content:authorized-pre-run-read
content-read	R0023	/repos/Antigravity/typst-crystalline/00_nucleo/adr/typst-adr-0004-passo1-descobertas.md	45c5371d3a8ef74bd50913311f08cf3daec2749cd5c7009c2cd087839b98d27c	content:authorized-pre-run-read
content-read	R0024	/repos/Antigravity/typst-crystalline/00_nucleo/adr/typst-adr-0005-packagespec-world.md	2b8aefed1371d5d9ca00a5b73b85692158de617cf2ff21e9f94d0811fcc57fcb	content:authorized-pre-run-read
content-read	R0025	/repos/Antigravity/typst-crystalline/00_nucleo/adr/typst-adr-0006-typst-timing.md	52a550dc2ae9a6b1df5907447f420a055fd041f367e34fc9117666269b7c0e9d	content:authorized-pre-run-read
content-read	R0026	/repos/Antigravity/typst-crystalline/00_nucleo/adr/typst-adr-0007-rustc-hash.md	e8ebcbe612e90cb72a7ba4393c83c35f9a274fa3a0153b5ef24885182a5c5d85	content:authorized-pre-run-read
content-read	R0027	/repos/Antigravity/typst-crystalline/00_nucleo/adr/typst-adr-0008-defer-inline.md	8293fa84f846be0678f4be8c20fe34983002da47f150282f71b3219ee170efb2	content:authorized-pre-run-read
content-read	R0028	/repos/Antigravity/typst-crystalline/00_nucleo/adr/typst-adr-0009-math-class.md	55d912073ef5952eb8e5a60a9c42309947e754848e983d794795de08b1e64d93	content:authorized-pre-run-read
content-read	R0029	/repos/Antigravity/typst-crystalline/00_nucleo/adr/typst-adr-0010-unicode-ident.md	117557b2fc069ffc450009ac1d9af92c6e4845ff087c50e2127602023f4f59b1	content:authorized-pre-run-read
content-read	R0030	/repos/Antigravity/typst-crystalline/00_nucleo/adr/typst-adr-0011-unicode-math-class.md	2435050d2384fb3930e69a72ce090b76d6630012fd839f5effe8f59b0b2fdac7	content:authorized-pre-run-read
content-read	R0031	/repos/Antigravity/typst-crystalline/00_nucleo/adr/typst-adr-0012-unicode-script.md	ec49a113e4471b91d694c9855251cfa0d4fd35661070a2b6823b99f67d383a28	content:authorized-pre-run-read
content-read	R0032	/repos/Antigravity/typst-crystalline/00_nucleo/adr/typst-adr-0013-unicode-segmentation.md	cf51a15ce1f8caf1135a08e4e74c7b7dd5c8b68410a3153c5dbf2d83505c956a	content:authorized-pre-run-read
content-read	R0033	/repos/Antigravity/typst-crystalline/00_nucleo/adr/typst-adr-0014-unscanny.md	8195e519119d9ba1274bcc42efc3280d8a008c9329cc2378a4aa3e7dbdfb7fb9	content:authorized-pre-run-read
content-read	R0034	/repos/Antigravity/typst-crystalline/00_nucleo/adr/typst-adr-0015-ecow.md	e2108dab9ae71f6b6185da33aafc0853a27157b4dba567c9ea19074dd6e79b93	content:authorized-pre-run-read
content-read	R0035	/repos/Antigravity/typst-crystalline/00_nucleo/adr/typst-adr-0016-lazyhash.md	b822d5bd51d58e9f4d0d0a9f80a946f6e8f187260daa8d99b1cfc0ff1ae569f4	content:authorized-pre-run-read
content-read	R0036	/repos/Antigravity/typst-crystalline/00_nucleo/adr/typst-adr-0017-adiamento-eval-typst-library.md	8f086759b02167e15e2cf6549626ab0bf1922df078bd4544eff2b60fee459880	content:authorized-pre-run-read
content-read	R0037	/repos/Antigravity/typst-crystalline/00_nucleo/adr/typst-adr-0018-rustc-hash.md	029136368d7f8f94baec726be621ce94b0d41e0bd4e9733f317564dcfcbc9d7d	content:authorized-pre-run-read
content-read	R0038	/repos/Antigravity/typst-crystalline/00_nucleo/adr/typst-adr-0019-ttf-rustybuzz.md	6aedc3415f896fd952744ffcaf1443f36b6e6baf64e93c2f5ed82d4b5b45e49e	content:authorized-pre-run-read
content-read	R0039	/repos/Antigravity/typst-crystalline/00_nucleo/adr/typst-adr-0020-fontdb.md	337d1263550eee6101965c28cee5e70a76881263a160623af7ef425f5f3c0185	content:authorized-pre-run-read
content-read	R0040	/repos/Antigravity/typst-crystalline/00_nucleo/adr/typst-adr-0021-datetime.md	04963c6496794dfe2d90a986202bfa9b7f67fbb5b73589b3aeb8cff28b3c2da9	content:authorized-pre-run-read
content-read	R0041	/repos/Antigravity/typst-crystalline/00_nucleo/adr/typst-adr-0022-fontbook.md	ca2456e1a5be6b5934b6a64fc60ceb8900f6d56ec91f9776c52f93d38806e785	content:authorized-pre-run-read
content-read	R0042	/repos/Antigravity/typst-crystalline/00_nucleo/adr/typst-adr-0023-indexmap.md	5ee2703c68473d91b30b4a2cd4fa7c1753a3fa84df9a257292cc19e98d0f0693	content:authorized-pre-run-read
content-read	R0043	/repos/Antigravity/typst-crystalline/00_nucleo/adr/typst-adr-0024-ecow-value.md	2f944275330203e05e04357fee73ae044fa9a9696c2328b76a75e03394d6062c	content:authorized-pre-run-read
content-read	R0044	/repos/Antigravity/typst-crystalline/00_nucleo/adr/typst-adr-0025-int-eq-float.md	17296cec1a27e7ce22880791f21a6755e8fa2a727e611aafa539e1426ab3b4b3	content:authorized-pre-run-read
content-read	R0045	/repos/Antigravity/typst-crystalline/00_nucleo/adr/typst-adr-0026-R1-content-arc.md	57cf2f4dcf498bdd3f071674109bd8b4a0d5f43f3e6f32f5e6b3c2235fc0af11	content:authorized-pre-run-read
content-read	R0046	/repos/Antigravity/typst-crystalline/00_nucleo/adr/typst-adr-0026-content-divergencia.md	a8794521ef773bac9c5db25eeb6e7c7249646fb1af73a97d4eb35ae7341e875f	content:authorized-pre-run-read
content-read	R0047	/repos/Antigravity/typst-crystalline/00_nucleo/adr/typst-adr-0027-cidfont-subsetting.md	a639a40f456bb4e932d606c913a8e621b2b3b9ce468a208fa4a44c5076e4ce10	content:authorized-pre-run-read
content-read	R0048	/repos/Antigravity/typst-crystalline/00_nucleo/adr/typst-adr-0028-typographic-types.md	6832c184694648a2acdb759e9d19a54e595a9c564473de654a05d3acefc0c5f2	content:authorized-pre-run-read
content-read	R0049	/repos/Antigravity/typst-crystalline/00_nucleo/adr/typst-adr-0029-pureza-fisica-revoga-adr-0028.md	8f40a2b3532c0d14197fd87b1b6f832b3275c934d7ba7f71634b639e1a858552	content:authorized-pre-run-read
content-read	R0050	/repos/Antigravity/typst-crystalline/00_nucleo/adr/typst-adr-0030-performance-dominio-l1.md	d3843cdae7d48938670034a742cc3abaed65e7dc7e5741d7b327e1d230a9368d	content:authorized-pre-run-read
content-read	R0051	/repos/Antigravity/typst-crystalline/00_nucleo/adr/typst-adr-0031-early-hashing-source.md	91d1f4848a146f9f41a022767bb26911f8148280ce1708eaf13627065a237282	content:authorized-pre-run-read
content-read	R0052	/repos/Antigravity/typst-crystalline/00_nucleo/adr/typst-adr-0032-unsafe-em-l1.md	332616313bddf20631fd9d372bc0a23120733d43769b1b6b2d828d6787596302	content:authorized-pre-run-read
content-read	R0053	/repos/Antigravity/typst-crystalline/00_nucleo/adr/typst-adr-0033-paridade-funcional-vanilla.md	8962c57feda24a7c6ad1ba7d52edaab9d59ecf54e95e50aed4a161fdfdbad02c	content:authorized-pre-run-read
content-read	R0054	/repos/Antigravity/typst-crystalline/00_nucleo/adr/typst-adr-0034-diagnostico-tipos-vanilla.md	7edfc6581fe3aec158548a012e884cf1dec58f46c69407f17018c5dfd25a0501	content:authorized-pre-run-read
content-read	R0055	/repos/Antigravity/typst-crystalline/00_nucleo/adr/typst-adr-0035-ecovec-autorizacao.md	d9e3337e7fa785c2967ef0a2a21215de8714e1c37b2fb90d27ad75608c593443	content:authorized-pre-run-read
content-read	R0056	/repos/Antigravity/typst-crystalline/00_nucleo/adr/typst-adr-0036-atomizacao-progressiva.md	3107007f00f35c1f225ce07a04c70a5de67a3cabccf77b2ba3cbf355c5f21d4e	content:authorized-pre-run-read
content-read	R0057	/repos/Antigravity/typst-crystalline/00_nucleo/adr/typst-adr-0037-coesao-por-dominio.md	5147b64e1d07e52cfc1594fcee30c1cf14129ceeebbbf78dbec8d0f8053426fc	content:authorized-pre-run-read
content-read	R0058	/repos/Antigravity/typst-crystalline/00_nucleo/adr/typst-adr-0038-sistema-estilos-l1.md	febf4b3e8d5591c19dd59014ad5ae829982c7d9acd602799341700bc6b235631	content:authorized-pre-run-read
content-read	R0059	/repos/Antigravity/typst-crystalline/00_nucleo/adr/typst-adr-0039-frameitem-style.md	4e463f04f3720e0d0ec4975d38ae69ad66ca5c0207422dc01484676096921a23	content:authorized-pre-run-read
content-read	R0060	/repos/Antigravity/typst-crystalline/00_nucleo/adr/typst-adr-0040-activacao-set-rule.md	7863fe0ceadb05ece7344e9ad7a67b0bc9339e0edf76d61a20f800ab06bdc598	content:authorized-pre-run-read
content-read	R0061	/repos/Antigravity/typst-crystalline/00_nucleo/adr/typst-adr-0041-activacao-show-rule.md	ec014948787633515816aceaf3d6ca3761700f99b6a7524600cfe72795e5e644	content:authorized-pre-run-read
content-read	R0062	/repos/Antigravity/typst-crystalline/00_nucleo/adr/typst-adr-0042-sink-materializado.md	a83a00490f53dd397cb97270e21ecb0c7bd1df67369526d59a5612373576817b	content:authorized-pre-run-read
content-read	R0063	/repos/Antigravity/typst-crystalline/00_nucleo/adr/typst-adr-0043-canal-sink-saida.md	b5897a18b949a878f0105c04619340bc39d0a64b962ac99c15f88417d52c9f91	content:authorized-pre-run-read
content-read	R0064	/repos/Antigravity/typst-crystalline/00_nucleo/adr/typst-adr-0044-engine-agregador.md	640c426ccb2b1ea76464e841af71a6e349e13f87276cdb7db6609c1ff8e0baa1	content:authorized-pre-run-read
content-read	R0065	/repos/Antigravity/typst-crystalline/00_nucleo/adr/typst-adr-0045-formato-diagnosticos.md	9b427b2c987ff79dad5ed812bdc85e196c4e2bb43d358d849ce7d5d375443013	content:authorized-pre-run-read
content-read	R0066	/repos/Antigravity/typst-crystalline/00_nucleo/adr/typst-adr-0046-cli-minima.md	3836c76e6c124382b1a81b2a4311cd34a82bb204271ee51ca35bbb9bb2fdf96d	content:authorized-pre-run-read
content-read	R0067	/repos/Antigravity/typst-crystalline/00_nucleo/adr/typst-adr-0047-cli-clap.md	b9913946f4ee0398b2ca6c8b5da4d50a7b72f9d8e4ed611070a56a2756b966ff	content:authorized-pre-run-read
content-read	R0068	/repos/Antigravity/typst-crystalline/00_nucleo/adr/typst-adr-0048-diagnosticos-com-cor.md	f810e37699060439591440648c8ba508f61f68f727e1d73c3a0894aaae48b8d4	content:authorized-pre-run-read
content-read	R0069	/repos/Antigravity/typst-crystalline/00_nucleo/adr/typst-adr-0049-cli-em-l2.md	d9ac79862f90affdbd40e796def20d88e43b453c0a32cea6495022d4f812d5e0	content:authorized-pre-run-read
content-read	R0070	/repos/Antigravity/typst-crystalline/00_nucleo/adr/typst-adr-0050-formatter-em-l2.md	c6e7ed084f12ff59a147ade06b9f607ce77a87057da7eab9e7c02ee64c59650d	content:authorized-pre-run-read
content-read	R0071	/repos/Antigravity/typst-crystalline/00_nucleo/adr/typst-adr-0051-flags-funcionais.md	1ff0266659fdbe874682bbc67dccbce9e9eb22df5298bc7abc799052921318b5	content:authorized-pre-run-read
content-read	R0072	/repos/Antigravity/typst-crystalline/00_nucleo/adr/typst-adr-0052-lang-tipo-semantico.md	c576f7898150751f0c5a3813a1ecacbec846fc5450a8f8af49b6c771798d95a2	content:authorized-pre-run-read
content-read	R0073	/repos/Antigravity/typst-crystalline/00_nucleo/adr/typst-adr-0053-font-tipo-composto.md	6db8bd62abb5db06225df828e556a5b4d0877172b26d32f6a8f993c83f26b450	content:authorized-pre-run-read
content-read	R0074	/repos/Antigravity/typst-crystalline/00_nucleo/adr/typst-adr-0054-criterio-fecho-debt-1.md	1632feb2d8985d3318931c04ce259b31f4b838cbfaa3ac4b8ae6ed74fc125e45	content:authorized-pre-run-read
content-read	R0075	/repos/Antigravity/typst-crystalline/00_nucleo/adr/typst-adr-0055-font-consumer-cidfont.md	1b2dec972335c97b04f8481686624fd6ca0c097e859c1c3c87f3f1535536e8fa	content:authorized-pre-run-read
content-read	R0076	/repos/Antigravity/typst-crystalline/00_nucleo/adr/typst-adr-0057-lang-hyphenation.md	7ee98c0c243fd2ddfc090ada4cf3d50c5aebc6fe1abc4e42d2d6b5a72bfd7646	content:authorized-pre-run-read
content-read	R0077	/repos/Antigravity/typst-crystalline/00_nucleo/adr/typst-adr-0058-value-type-simplificado.md	4e1d457825e0942c90c20b2b09f8ff7983e7a7dc6db261fb5673fb65b39566f2	content:authorized-pre-run-read
content-read	R0078	/repos/Antigravity/typst-crystalline/00_nucleo/adr/typst-adr-0059-args-tipo-separado.md	4755c018502cde2437ab55a67ab8a82a79f135d525737af695f1a48a111ff7e1	content:authorized-pre-run-read
content-read	R0079	/repos/Antigravity/typst-crystalline/00_nucleo/adr/typst-adr-0060-model-structural-roadmap.md	b910fd49e279cfe5362bf3cdb5b18b172558bcebcdadc0f8ca851fe378559dfb	content:authorized-pre-run-read
content-read	R0080	/repos/Antigravity/typst-crystalline/00_nucleo/adr/typst-adr-0061-layout-fase-x-roadmap.md	cf2eb09dc22d3be0fc161bd5a501fd16016568e32d9c1bdcd7d1eb493ab3ee68	content:authorized-pre-run-read
content-read	R0081	/repos/Antigravity/typst-crystalline/00_nucleo/adr/typst-adr-0062-hayagriva-bibliography-parsing.md	4ba9bd472680e328c1ea796a1b5d9eb550b8f3be4dfe4bc337215b8223e29261	content:authorized-pre-run-read
content-read	R0082	/repos/Antigravity/typst-crystalline/00_nucleo/adr/typst-adr-0064-smart-para-option-default.md	da8946aa9145c48cd9000380de83767feb1de56e455d9807feeaa0c533a37397	content:authorized-pre-run-read
content-read	R0083	/repos/Antigravity/typst-crystalline/00_nucleo/adr/typst-adr-0065-inventariar-primeiro.md	e8b7ef8b564524938be90cee15a61b6920eb780406d863e4360cb383142e34fd	content:authorized-pre-run-read
content-read	R0084	/repos/Antigravity/typst-crystalline/00_nucleo/adr/typst-adr-0066-introspection-runtime-adiada.md	292546642213a3c7e26453892418ba295e804a7044c269c9c55f18d62f646b3a	content:authorized-pre-run-read
content-read	R0085	/repos/Antigravity/typst-crystalline/00_nucleo/adr/typst-adr-0067-attribute-grammar-scoping.md	c6af3a976aa2ae7495ec7265cdff577cb36d75462e1220418200e9a4fe620918	content:authorized-pre-run-read
content-read	R0086	/repos/Antigravity/typst-crystalline/00_nucleo/adr/typst-adr-0068-location-aware-layouter.md	e5df7708d0a333879e6cec0130794cae6811e387ab9bd56f56b690104e80c0f1	content:authorized-pre-run-read
content-read	R0087	/repos/Antigravity/typst-crystalline/00_nucleo/adr/typst-adr-0069-post-recursion-tag-emission.md	1cbd1cb2ded7e3284b8f8d68da5caa996ed79bf69bb18038f84a9f53139eeb58	content:authorized-pre-run-read
content-read	R0088	/repos/Antigravity/typst-crystalline/00_nucleo/adr/typst-adr-0070-eliminacao-counter-state-legacy.md	f0c7c9c1e981fe8414d0883f6dafe6d41946223f0aa7fe6c71a7a8c727e0a70b	content:authorized-pre-run-read
content-read	R0089	/repos/Antigravity/typst-crystalline/00_nucleo/adr/typst-adr-0071-walk-pipeline-redesign.md	ae23e7a9df9630b66c9628de15d05f2141ab6a26c09d686c97197988d87f83ad	content:authorized-pre-run-read
content-read	R0090	/repos/Antigravity/typst-crystalline/00_nucleo/adr/typst-adr-0072-m7-fixpoint-runtime-fechado.md	539319fde09cdda84d33ebaaa0bfe5b4ce9e298ae5366b452e4ac7dcda831167	content:authorized-pre-run-read
content-read	R0091	/repos/Antigravity/typst-crystalline/00_nucleo/adr/typst-adr-0073-comemo-introspector.md	7f6cb003f84d3cae552dfa2b3195b1ad5cc788b78904ea7b5e05e31db0279af7	content:authorized-pre-run-read
content-read	R0092	/repos/Antigravity/typst-crystalline/00_nucleo/adr/typst-adr-0074-f3-layouter-substores-trackable.md	7fba4f263ddf025f4c11ac89420e3a62ab247b3d1cee2b996778f27fb3638b21	content:authorized-pre-run-read
content-read	R0093	/repos/Antigravity/typst-crystalline/00_nucleo/adr/typst-adr-0075-vanilla-integration.md	068b633c27aad5e9c411322fd05e705baec4c5d158eaca6803e1e44a8b26e95c	content:authorized-pre-run-read
content-read	R0094	/repos/Antigravity/typst-crystalline/00_nucleo/adr/typst-adr-0076-introspector-completion.md	43ff4473f3e05cfea73ae9f6a8f36aff1de66e0f97362d08d5c201c6ecf9d1d0	content:authorized-pre-run-read
content-read	R0095	/repos/Antigravity/typst-crystalline/00_nucleo/adr/typst-adr-0077-regex-l1.md	dbe5d17871fc5a1a4b3e0980e841f52b538e577c684eb0d53399d1acb00fc69b	content:authorized-pre-run-read
content-read	R0096	/repos/Antigravity/typst-crystalline/00_nucleo/adr/typst-adr-0078-column-flow-algorithm.md	c998e85346d4d697a466a675456bf71525f11c7d3340039c7eeaf5c97ef5e8be	content:authorized-pre-run-read
content-read	R0097	/repos/Antigravity/typst-crystalline/00_nucleo/adr/typst-adr-0079-layout-fase-5-roadmap.md	22f64a167f7e90182f044c70e53c29695cc519396f9304947466f5b9ebe7ced8	content:authorized-pre-run-read
content-read	R0098	/repos/Antigravity/typst-crystalline/00_nucleo/adr/typst-adr-0080-l0-minimal-para-refactors.md	0d2239c6479a88482112d1e48524f7ddb0220e7234aa034ee0a837cea19bca3c	content:authorized-pre-run-read
content-read	R0099	/repos/Antigravity/typst-crystalline/00_nucleo/adr/typst-adr-0081-m7-plus-pipeline-restructuring-scope.md	5aea61e8c564af1825fae86f5cc7c9fca5ddf4fbcbea56418fe79abc1ce50ea7	content:authorized-pre-run-read
content-read	R0100	/repos/Antigravity/typst-crystalline/00_nucleo/adr/typst-adr-0082-promocoes-reais-scope-outs-graded.md	330c9c50bcea518ed61cd0ea8f61319af44bd620cbccae9ace1cfb0e9f314f04	content:authorized-pre-run-read
content-read	R0101	/repos/Antigravity/typst-crystalline/00_nucleo/adr/typst-adr-0083-color-paridade-vanilla-com-subset-materializado.md	79d3119e8eacd27c280c5fda05efe2122d80740420df5aa49443a43a20342bb6	content:authorized-pre-run-read
content-read	R0102	/repos/Antigravity/typst-crystalline/00_nucleo/adr/typst-adr-0084-auditoria-condicional.md	7e4ffcd48cb9acda759e3838acf53ff4f4fb43219f8b0bf76188ee8c8bbe5b56	content:authorized-pre-run-read
content-read	R0103	/repos/Antigravity/typst-crystalline/00_nucleo/adr/typst-adr-0085-diagnostico-imutavel.md	cdc1504693671e90395164ebb38686c7924eb44caf85f92cf26b93df4ea5ad0b	content:authorized-pre-run-read
content-read	R0104	/repos/Antigravity/typst-crystalline/00_nucleo/adr/typst-adr-0086-paint-wrapper-solid-only.md	a64881b1384ff0e9303222580eb27779787c6d7c94a607996fbceecd70194562	content:authorized-pre-run-read
content-read	R0105	/repos/Antigravity/typst-crystalline/00_nucleo/adr/typst-adr-0087-gradient-linear-only.md	f251b1b06e4df8e2b7f55cc490e74759bb3c06c7bdc668fc7d7580692a848a85	content:authorized-pre-run-read
content-read	R0106	/repos/Antigravity/typst-crystalline/00_nucleo/adr/typst-adr-0088-gradient-radial-only.md	c34682b8b0adc7fd488185ae1196f6d055b9769a5f2952c0802801fbc6cb8a71	content:authorized-pre-run-read
content-read	R0107	/repos/Antigravity/typst-crystalline/00_nucleo/adr/typst-adr-0089-gradient-conic-only.md	baa612841e0c0a9743a09bf056f15e400c2de2cb7c872502c08e8f9baf744aaa	content:authorized-pre-run-read
content-read	R0108	/repos/Antigravity/typst-crystalline/00_nucleo/adr/typst-adr-0090-gradient-conic-strategy-type-4-vs-type-1.md	eddabc867d4a216f2d5f2afff0ea3a709ca15cc89ccbb82f883fd259a6c4fdb5	content:authorized-pre-run-read
content-read	R0109	/repos/Antigravity/typst-crystalline/00_nucleo/adr/typst-adr-0091-gradient-space-runtime-and-cmyk-strategy.md	10fe4c2826b30f6bc4d70f52b65b02469cd9dfcb5437654bbad1fce755a097e2	content:authorized-pre-run-read
content-read	R0110	/repos/Antigravity/typst-crystalline/00_nucleo/adr/typst-adr-0092-conic-coons-patches-rgb-cmyk.md	945377cd8326fa1a1cff135d9c64855073297ab20dac0ffbe6aeb5e2931e510e	content:authorized-pre-run-read
content-read	R0111	/repos/Antigravity/typst-crystalline/00_nucleo/adr/typst-adr-0093-meta-metodologia-evolucao-adrs.md	ed302e6219e6d9adb403566cacbe45eb2b2c6a941830a82c8099564f7ae80be5	content:authorized-pre-run-read
content-read	R0112	/repos/Antigravity/typst-crystalline/00_nucleo/adr/typst-adr-0094-meta-operacional-specs.md	07af75a6b6cc389af27e0662b36bb38faa378d43f834a044c390e41b60b7f904	content:authorized-pre-run-read
content-read	R0113	/repos/Antigravity/typst-crystalline/00_nucleo/adr/typst-adr-0095-dedup-arc-as-ptr-resources.md	e4865d0bb8cf77e2e8f2b088f3c7d38c2248467c055d6250461be789df7a3feb	content:authorized-pre-run-read
content-read	R0114	/repos/Antigravity/typst-crystalline/00_nucleo/adr/typst-adr-0096-pattern-debt-37-campo-layouter-consumer-pending.md	45f5601dabcd7b9efea31bdcda1e70579fb5c7b71794252f656d433a5b1eb53e	content:authorized-pre-run-read
content-read	R0115	/repos/Antigravity/typst-crystalline/00_nucleo/adr/typst-adr-0097-scope-out-reconfirmado-por-fase-a.md	337d7a7e9b5e00e190907aaaa59a5d853b63be45f72ccae8c33bf6b64ead517c	content:authorized-pre-run-read
content-read	R0116	/repos/Antigravity/typst-crystalline/00_nucleo/adr/typst-adr-0098-single-source-of-truth-invariante-anti-bug.md	a208cdc3e47d5900d7ad1abca3c38a2b368b04d1909ce90d1ffe0bb96a2331b1	content:authorized-pre-run-read
content-read	R0117	/repos/Antigravity/typst-crystalline/00_nucleo/adr/typst-adr-0099-activacao-posterior-feature-graded.md	591a8d158a20adb729c49ef48546223a1e34a1d809fc66353b1e942bdefbe5a1	content:authorized-pre-run-read
content-read	R0118	/repos/Antigravity/typst-crystalline/00_nucleo/adr/typst-adr-0100-coesao-por-dominio-l3.md	f64cefcf789082c95fd7e510c7ea8731430fb8dd6f5d8f71468fc6d5a6b24938	content:authorized-pre-run-read
content-read	R0119	/repos/Antigravity/typst-crystalline/00_nucleo/adr/typst-adr-0101-ieee754-restricao-stdlib.md	a98c777bd1b666292bd8adebd27bb47530cf6900f3260bd55e9cb8efa238f349	content:authorized-pre-run-read
content-read	R0120	/repos/Antigravity/typst-crystalline/00_nucleo/adr/typst-adr-0102-math-style-mechanism.md	b6271131089e3ae3837831efa37719240896e6069c5dacb9126763d84de1a751	content:authorized-pre-run-read
content-read	R0121	/repos/Antigravity/typst-crystalline/00_nucleo/adr/typst-adr-0103-math-style-composition.md	dfd42e3590cca99624a209040de3779fe3c329a1359a604e5d8e02df187de69f	content:authorized-pre-run-read
content-read	R0122	/repos/Antigravity/typst-crystalline/00_nucleo/adr/typst-adr-0104-atomicidade-para-agentes.md	bc8dbdf74b39db3f979da719436c4603eaab89ea8432054c80c52638b3fb37d9	content:authorized-pre-run-read
content-read	R0123	/repos/Antigravity/typst-crystalline/00_nucleo/adr/typst-adr-0105-modelo-elemento-d-agora-f-destino.md	a240b51ad3ea6dce77fdb9e9d3fc3de516598c0fd16ba7e611e8e5d2603c039c	content:authorized-pre-run-read
content-read	R0124	/repos/Antigravity/typst-crystalline/00_nucleo/adr/typst-adr-0106-fronteira-de-extensao-e1.md	255ef37ccc0acd8f95ba7d38afdd941152fc92d940a37471cdffd81d99f4891e	content:authorized-pre-run-read
content-read	R0125	/repos/Antigravity/typst-crystalline/00_nucleo/adr/typst-adr-0107-paridade-linguagem-nao-mecanica.md	e680d22bbf4486cf93f5bfb4ec85f4ae965e6db788c2a18c48f3be000029d49d	content:authorized-pre-run-read
content-read	R0126	/repos/Antigravity/typst-crystalline/00_nucleo/adr/typst-adr-0108-disciplina-anti-deriva.md	31daec5ae9e84cb5bbdcb806e9a2b6cb9160b7e90519df53e6e0bd8809076405	content:authorized-pre-run-read
content-read	R0127	/repos/Antigravity/typst-crystalline/00_nucleo/adr/typst-adr-0109-atomizacao.md	0cbd3049418073e9b8efd0be1a19030c9ecde905a25ebf3d20922e3cef02676e	content:authorized-pre-run-read
content-read	R0128	/repos/Antigravity/typst-crystalline/00_nucleo/adr/typst-adr-0110-marcador-vanilla.md	fa69c001eae0e327fa58986864ba91a8d55dfb57d36ab8e62b720a733423cf7b	content:authorized-pre-run-read
content-read	R0129	/repos/Antigravity/typst-crystalline/00_nucleo/adr/typst-adr-0111-crates-parsing-loading.md	9c31c57e8f58cf5c86d0bdee5f71db82b78c4d3667180e6ff01dba3a0f972470	content:authorized-pre-run-read
content-read	R0130	/repos/Antigravity/typst-crystalline/00_nucleo/adr/typst-adr-0112-rust-decimal-l1.md	32d78e4e58bb6b01b83c35d353bff3edd24549e0c1b20d171b7396f101dc11bc	content:authorized-pre-run-read
content-read	R0131	/repos/Antigravity/typst-crystalline/00_nucleo/adr/typst-adr-0113-stub-transparente-vs-fallback-software.md	39d7c6be82a4bd8ba1287cddf6c77fca867255e52f8aea24414c0e9e587dcff9	content:authorized-pre-run-read
content-read	R0132	/repos/Antigravity/typst-crystalline/00_nucleo/adr/typst-adr-0114-sonda-antes-da-spec.md	edf031b419c68670afd16cd249687b2877771413f63e546944f232245113d894	content:authorized-pre-run-read
content-read	R0133	/repos/Antigravity/typst-crystalline/00_nucleo/adr/typst-adr-0115-infra-benchmark-scanner.md	095c4f27e6561cfa27d94b8ff9371f2e72133578cd87a8fc560a234f4e72de5b	content:authorized-pre-run-read
content-read	R0134	/repos/Antigravity/typst-crystalline/00_nucleo/adr/typst-adr-0116-excecao-get-unchecked-scanner.md	dfac81910f3279ddcc57cf8a4539275d050a4c13f4b1be91956e3818a6bc7b0d	content:authorized-pre-run-read
content-read	R0135	/repos/Antigravity/typst-crystalline/00_nucleo/adr/typst-adr-0117-sonda-a0-mecanismo.md	dba5b947687a176a9ea1f1a905eb50a7ab8388566013a8f710eb664b5afe8f6a	content:authorized-pre-run-read
content-read	R0136	/repos/Antigravity/typst-crystalline/00_nucleo/adr/typst-adr-0118-runtime-state-context.md	46e81f9a30a0fcc36356fffbaebdb93b1fb714746d5fc263ff1ceedbc0cbbde1	content:authorized-pre-run-read
content-read	R0137	/repos/Antigravity/typst-crystalline/00_nucleo/adr/typst-adr-0119-disciplina-verificacao.md	d15068e21b729392b8d95e18000e31b1c62958f037b714e7dc64fb4c921e56e2	content:authorized-pre-run-read
content-read	R0138	/repos/Antigravity/typst-crystalline/00_nucleo/adr/typst-adr-0120-textshaped-rustybuzz.md	e8539b4f8c69d9750e196548c58311003275a48499ef7c52d173f0d79919ccde	content:authorized-pre-run-read
content-read	R0139	/repos/Antigravity/typst-crystalline/00_nucleo/adr/typst-adr-0121-proveniencia-medicao.md	00be2575c57efb572b7935ab0ae9da80d62e66c8739bffbb17994b2f7a50d5ef	content:authorized-pre-run-read
content-read	R0140	/repos/Antigravity/typst-crystalline/00_nucleo/adr/typst-adr-0122-paridade-defeitos-testes.md	e4ab43919aee47167a70d6e8558b3af2fdaddd9c7f1110c7b16d748ed979874f	content:authorized-pre-run-read
content-read	R0141	/repos/Antigravity/typst-crystalline/00_nucleo/adr/typst-adr-0123-geometria-tipografica.md	5b6fa07e62008f3933f42dec9fc3248b91a5fa49a65148f9d75cf2b97de723ed	content:authorized-pre-run-read
content-read	R0142	/repos/Antigravity/typst-crystalline/00_nucleo/adr/typst-adr-0124-checklist-sublayouts.md	50a398ef86c81a81b7202d4e8ae1f117e989fc635481caac8bbaddc8fe57d7ce	content:authorized-pre-run-read
content-read	R0143	/repos/Antigravity/typst-crystalline/00_nucleo/adr/typst-adr-0125-implementacao-vs-linguagem.md	50cdb52ebd161b0eed8042d279ad9f7a7308f40ecce3da921a9e36b041b259de	content:authorized-pre-run-read
content-read	R0144	/repos/Antigravity/typst-crystalline/00_nucleo/adr/typst-adr-0126-modo-verboso-primeiro.md	bf51e8bf5aabf16d36a08ce52a4ea394b8a57311e4284983e98bb815e3fc479d	content:authorized-pre-run-read
content-read	R0145	/repos/Antigravity/typst-crystalline/00_nucleo/adr/typst-adr-0127-gate-l0-paragem-vs-fluxo.md	5e8581b5f9ebb0798d4213e59e39ee8dfcd4f41b34d4ca639b00b1f287699ad9	content:authorized-pre-run-read
content-read	R0146	/repos/Antigravity/typst-crystalline/00_nucleo/adr/typst-adr-0128-html-target-semantico.md	917c671f03be9637aae8c3c8556ab21558a78a5a61842a49e4c8b59605bc274e	content:authorized-pre-run-read
content-read	R0147	/repos/Antigravity/typst-crystalline/00_nucleo/adr/typst-adr-0129-nucleos-tekt-l0-compartilhado.md	64756b81ce58ca62e1a166b3776303759bc7af507a1c97a4e3ad91a8dc5b906e	content:authorized-pre-run-read
content-read	R0148	/repos/Antigravity/typst-crystalline/00_nucleo/adr/typst-adr-0130-referencias-canonicas-l0.md	b6d0fe48e525e3cc695110c9c8480087b865425f9653a37d0ce8fb0783dd60c2	content:authorized-pre-run-read
content-read	R0149	/repos/Antigravity/typst-crystalline/00_nucleo/diagnosticos/p1268-preoracle-manifest-v3.tsv	6ed7f67f11d4d886edef3c39bf327cb7ae96e3b2bdd17517fe90b3145f3fa76c	frozen-input-validation
content-read	R0150	/repos/Antigravity/typst-crystalline/00_nucleo/diagnosticos/p1268-role-capabilities-v3.tsv	bdb8b2ed03f9f83655c3505c73e53b85141a935f22c8238c76ec3fade5f6f876	frozen-input-validation
content-read	R0151	/repos/Antigravity/typst-crystalline/00_nucleo/diagnosticos/p1268-contract-freeze.tsv	7d8064a939e653961a084088e40353342de401908e7a8dcd0ba229e07489579d	frozen-input-validation
content-read	R0152	/tmp/p1268/refiner/contract-v3.tsv	cb2aabaf36703bef3ef869f9a150ca8f38f5e596f1a8523c19016a283b024399	frozen-input-validation
content-read	R0153	/tmp/p1268/refiner/unknown-v3.tsv	2ab6446d8b50c803240f19bde92ff55e121bc0f4a9793f8faeaecd80979b5530	frozen-input-validation
content-read	R0154	/tmp/p1268/refiner/observables-v3.tsv	e32a8b201a6625156e0416303892c23ce441957e09ecbde0bb3f459d966e969c	frozen-input-validation
content-read	R0155	/usr/local/bin/typst	7b4f40c56d6fa95082ebcfd893e275d418ebcaed1b97b62785f78284c63ff7b8	frozen-input-validation
content-read	R0156	/repos/Antigravity/typst-crystalline/lab/typst-original/crates/typst-library/src/visualize/gradient.rs	ed7a1be4e398fa47dff9ede8aa31c939514e341f9e47ac5099787d422f67967c	frozen-input-validation
content-read	R0157	/repos/Antigravity/typst-crystalline/00_nucleo/diagnosticos/p1266-generalization-matrix.tsv	091d50354eb2b206d595c88a96b76eb8b9d8e8a881b2f0d3f5901edf9cce5406	frozen-input-validation
content-read	R0158	/repos/Antigravity/typst-crystalline/00_nucleo/diagnosticos/p1266-corpus.tsv	54b5f0fdb0153321544a9d0e147867ea0473ecd9cedfc6d959e3c0a1c9522894	frozen-input-validation
content-read	R0159	/repos/Antigravity/typst-crystalline/00_nucleo/diagnosticos/p1266-generalization-matrix.tsv	091d50354eb2b206d595c88a96b76eb8b9d8e8a881b2f0d3f5901edf9cce5406	population-shape
content-read	R0160	/repos/Antigravity/typst-crystalline/00_nucleo/diagnosticos/p1266-corpus.tsv	54b5f0fdb0153321544a9d0e147867ea0473ecd9cedfc6d959e3c0a1c9522894	96-fixture-identity
content-read	R0161	/tmp/p1268/refiner/contract-v3.tsv	cb2aabaf36703bef3ef869f9a150ca8f38f5e596f1a8523c19016a283b024399	oracle-obligations
content-read	R0162	/tmp/p1268/refiner/unknown-v3.tsv	2ab6446d8b50c803240f19bde92ff55e121bc0f4a9793f8faeaecd80979b5530	honest-Unknown-policy
content-read	R0163	/tmp/p1268/refiner/observables-v3.tsv	e32a8b201a6625156e0416303892c23ce441957e09ecbde0bb3f459d966e969c	required-observables
content-read	R0164	/repos/Antigravity/typst-crystalline/00_nucleo/diagnosticos/p1268-contract-freeze.tsv	7d8064a939e653961a084088e40353342de401908e7a8dcd0ba229e07489579d	contract-freeze
content-read	R0165	/repos/Antigravity/typst-crystalline/00_nucleo/diagnosticos/p1268-preoracle-manifest-v3.tsv	6ed7f67f11d4d886edef3c39bf327cb7ae96e3b2bdd17517fe90b3145f3fa76c	preoracle-manifest
content-read	R0166	/repos/Antigravity/typst-crystalline/lab/parity/matrix/fixtures/p1266/S01-linear-oklab.typ	a1e2b088f906bdc253dcf62e20b315d01f7a221eef3a3067f1916ef11c2a55a9	pinned-fixture-source
content-read	R0167	/repos/Antigravity/typst-crystalline/lab/parity/matrix/fixtures/p1266/S01-radial-oklab.typ	996cc330e38771e87a4619029015ff8910c7eca7d5fde1d7b7c94012c3fd774d	pinned-fixture-source
content-read	R0168	/repos/Antigravity/typst-crystalline/lab/parity/matrix/fixtures/p1266/S01-linear-linear-rgb.typ	b2a6ed8bed211afa25b8f03c028f9ac27cd8c8354bada6787103c4847ff3aba7	pinned-fixture-source
content-read	R0169	/repos/Antigravity/typst-crystalline/lab/parity/matrix/fixtures/p1266/S01-radial-linear-rgb.typ	54d27643a82de6781abddb73b323323a9905407fd1f78ce5bb88b892f34ac93c	pinned-fixture-source
content-read	R0170	/repos/Antigravity/typst-crystalline/lab/parity/matrix/fixtures/p1266/S02-linear-oklab.typ	d507ea7506c1dbfcd96d68de1a5b577e63601b5fd21d2ee982678f917d0c5678	pinned-fixture-source
content-read	R0171	/repos/Antigravity/typst-crystalline/lab/parity/matrix/fixtures/p1266/S02-radial-oklab.typ	e2d634bee019cd4a4b53b4759614f5ace6664d669a1405bcbf246ef459d5e928	pinned-fixture-source
content-read	R0172	/repos/Antigravity/typst-crystalline/lab/parity/matrix/fixtures/p1266/S02-linear-linear-rgb.typ	5ea845baf98ad51e6b525dd4bbfa8917174a5f77be3261a3fd69fcdab6299960	pinned-fixture-source
content-read	R0173	/repos/Antigravity/typst-crystalline/lab/parity/matrix/fixtures/p1266/S02-radial-linear-rgb.typ	45d71f3c8f077016f24865447d3057acbf02f5dfcb0a9b947c11a9878360f406	pinned-fixture-source
content-read	R0174	/repos/Antigravity/typst-crystalline/lab/parity/matrix/fixtures/p1266/S03-linear-oklab.typ	53b256c228f519ea6db2f5fcbba156bfa99f541a5cb717f4550f1c668b4689bc	pinned-fixture-source
content-read	R0175	/repos/Antigravity/typst-crystalline/lab/parity/matrix/fixtures/p1266/S03-radial-oklab.typ	a50377be86014500f6c7bf614ed6b903902c5cddd0d3b181a219dfc5023a3540	pinned-fixture-source
content-read	R0176	/repos/Antigravity/typst-crystalline/lab/parity/matrix/fixtures/p1266/S03-linear-linear-rgb.typ	dc9e16d7a5eca183dcf9cf83fa30cff62ef0a8830ebb5ac6412c7e7b04c31816	pinned-fixture-source
content-read	R0177	/repos/Antigravity/typst-crystalline/lab/parity/matrix/fixtures/p1266/S03-radial-linear-rgb.typ	045c20a49f1ff8f030a4576dcd980f1a7e4ec89cf7ba0dec2fe2a8cc505093e3	pinned-fixture-source
content-read	R0178	/repos/Antigravity/typst-crystalline/lab/parity/matrix/fixtures/p1266/S04-linear-oklab.typ	32d3d2e65f4da748921d8e0a0711fc2aa33c10964834b52ae2c1ea31056563f2	pinned-fixture-source
content-read	R0179	/repos/Antigravity/typst-crystalline/lab/parity/matrix/fixtures/p1266/S04-radial-oklab.typ	75dc3188ab3244e06411990f65ec13b59fc1f92268f0c8637e0ecddeaf6a47e7	pinned-fixture-source
content-read	R0180	/repos/Antigravity/typst-crystalline/lab/parity/matrix/fixtures/p1266/S04-linear-linear-rgb.typ	a2cd7e1913208e1abeb8249aa7e75ac84358da34867ba3c1212d31bb07db7122	pinned-fixture-source
content-read	R0181	/repos/Antigravity/typst-crystalline/lab/parity/matrix/fixtures/p1266/S04-radial-linear-rgb.typ	dfd7769ca86580960ba14dad8f1192eaaac87885d29359e27f140d0da9f3df7e	pinned-fixture-source
content-read	R0182	/repos/Antigravity/typst-crystalline/lab/parity/matrix/fixtures/p1266/S05-linear-oklab.typ	9223a20e0bfa691cbd50ef66e4365cba817fb18d8881e90fecff6b75fdbad0f8	pinned-fixture-source
content-read	R0183	/repos/Antigravity/typst-crystalline/lab/parity/matrix/fixtures/p1266/S05-radial-oklab.typ	3c5a494f63fb9c39d4eccfae3d6450c30208ba0076bbaa19dd8b69c55db6ffc4	pinned-fixture-source
content-read	R0184	/repos/Antigravity/typst-crystalline/lab/parity/matrix/fixtures/p1266/S05-linear-linear-rgb.typ	b82968186344eb2f76e3ef4f84ed880aaf4222104905d1bccd4563a437dffeeb	pinned-fixture-source
content-read	R0185	/repos/Antigravity/typst-crystalline/lab/parity/matrix/fixtures/p1266/S05-radial-linear-rgb.typ	06752d4e61f26a5c74b9fd61d369c15827cecfb09792a817fbbb95d608c1985e	pinned-fixture-source
content-read	R0186	/repos/Antigravity/typst-crystalline/lab/parity/matrix/fixtures/p1266/S06-linear-oklab.typ	ed9bd42c2c9842aa3a67734d319cdb1ddbfb2b89519d82b88535ea5b72b260ca	pinned-fixture-source
content-read	R0187	/repos/Antigravity/typst-crystalline/lab/parity/matrix/fixtures/p1266/S06-radial-oklab.typ	f31e6aff8dca6e8ae32c7135ff419c2ebfbe6d21beb514b6b4fc040b7a49716f	pinned-fixture-source
content-read	R0188	/repos/Antigravity/typst-crystalline/lab/parity/matrix/fixtures/p1266/S06-linear-linear-rgb.typ	19c9a0c247cff3f9df44631803006fa04236cbd5e73fff943d3c99da4e794a93	pinned-fixture-source
content-read	R0189	/repos/Antigravity/typst-crystalline/lab/parity/matrix/fixtures/p1266/S06-radial-linear-rgb.typ	23154332a8fe86693112c87c901c1e3a6d1194dcac68edd8284f68bc4016b0de	pinned-fixture-source
content-read	R0190	/repos/Antigravity/typst-crystalline/lab/parity/matrix/fixtures/p1266/S07-linear-oklab.typ	21f2131f163185a524416bcc9938f93c89012f213e0cb3dd162b8f3cd9b1f26e	pinned-fixture-source
content-read	R0191	/repos/Antigravity/typst-crystalline/lab/parity/matrix/fixtures/p1266/S07-radial-oklab.typ	2e2ef7a5030c8609411b44f3cb6ed7b7e82ea512fd43480d028f22c7033b3627	pinned-fixture-source
content-read	R0192	/repos/Antigravity/typst-crystalline/lab/parity/matrix/fixtures/p1266/S07-linear-linear-rgb.typ	e22e4d3442069978ec265ebe41204fb3a33c10f5b53a07423ed8a3cb30234cd4	pinned-fixture-source
content-read	R0193	/repos/Antigravity/typst-crystalline/lab/parity/matrix/fixtures/p1266/S07-radial-linear-rgb.typ	c9575a5dd1a270f63def7834d66690652b9455baae79fcd38a09c59c101c69a5	pinned-fixture-source
content-read	R0194	/repos/Antigravity/typst-crystalline/lab/parity/matrix/fixtures/p1266/S08-linear-oklab.typ	7469763d06ff8f70ecf5d302d41ea7c000e7ab5ee44e4c83624a3457314eebc2	pinned-fixture-source
content-read	R0195	/repos/Antigravity/typst-crystalline/lab/parity/matrix/fixtures/p1266/S08-radial-oklab.typ	f03ad367179f86e3b14249ac0029e048404ca6a10ed5fe0dfa3990d98e5f8aea	pinned-fixture-source
content-read	R0196	/repos/Antigravity/typst-crystalline/lab/parity/matrix/fixtures/p1266/S08-linear-linear-rgb.typ	0e9818e8d731c8ef1f6a2da43479f419be98c4c56d9098e80a11ed56914c7210	pinned-fixture-source
content-read	R0197	/repos/Antigravity/typst-crystalline/lab/parity/matrix/fixtures/p1266/S08-radial-linear-rgb.typ	f5b9ab8b03c64db8ac8582071df59c603ebba9e1ca1d0db7f93eb23a6ef594e6	pinned-fixture-source
content-read	R0198	/repos/Antigravity/typst-crystalline/lab/parity/matrix/fixtures/p1266/S09-linear-oklab.typ	1ee3a27f702d22f5414390842115ad273ea65c6016f5b1b3dbb8ee076a5aad8d	pinned-fixture-source
content-read	R0199	/repos/Antigravity/typst-crystalline/lab/parity/matrix/fixtures/p1266/S09-radial-oklab.typ	1a324dd0d5721a08b36b81c17b2fc9fb916adc2370079313fe0701e4c013bf09	pinned-fixture-source
content-read	R0200	/repos/Antigravity/typst-crystalline/lab/parity/matrix/fixtures/p1266/S09-linear-linear-rgb.typ	2f7ea369fec1ee94398a54f4bd00b077e0431fb1b46a9de549d78e63c4266429	pinned-fixture-source
content-read	R0201	/repos/Antigravity/typst-crystalline/lab/parity/matrix/fixtures/p1266/S09-radial-linear-rgb.typ	dfe539de52baa7a3fa048b1805990b0b4f14d70b7727f324e156283a0b1c6610	pinned-fixture-source
content-read	R0202	/repos/Antigravity/typst-crystalline/lab/parity/matrix/fixtures/p1266/S10-linear-oklab.typ	a026ceb7138f752a6606397f0ec7c4299e4ab6a83c1ecd3ab7f7fe6810fb7268	pinned-fixture-source
content-read	R0203	/repos/Antigravity/typst-crystalline/lab/parity/matrix/fixtures/p1266/S10-radial-oklab.typ	33317bf0436515eba1c8edadeb8b7614eaf0c541a644b502e4c9e227254d5f1c	pinned-fixture-source
content-read	R0204	/repos/Antigravity/typst-crystalline/lab/parity/matrix/fixtures/p1266/S10-linear-linear-rgb.typ	7551da4825e1979894d5d02f0e6dfe3c016abed8e2d65dc4d6d3454d07e285ef	pinned-fixture-source
content-read	R0205	/repos/Antigravity/typst-crystalline/lab/parity/matrix/fixtures/p1266/S10-radial-linear-rgb.typ	a72d8d5db01e872d9e966ae25be91df5846922b7d36d4af9778bff09a82bb52d	pinned-fixture-source
content-read	R0206	/repos/Antigravity/typst-crystalline/lab/parity/matrix/fixtures/p1266/S11-linear-oklab.typ	d1f41437ddfb9e02db82a3f9bd71edd291f20f64d38ad8abe7e9836803a1cc11	pinned-fixture-source
content-read	R0207	/repos/Antigravity/typst-crystalline/lab/parity/matrix/fixtures/p1266/S11-radial-oklab.typ	daa7015a0b1bb28735df93fcba3a8d005aa4fc159aff7a6247f7956b5e18d692	pinned-fixture-source
content-read	R0208	/repos/Antigravity/typst-crystalline/lab/parity/matrix/fixtures/p1266/S11-linear-linear-rgb.typ	5da644425dc6029219653380493f0d15c251f4b9fe0ab56917dd16352f4597cc	pinned-fixture-source
content-read	R0209	/repos/Antigravity/typst-crystalline/lab/parity/matrix/fixtures/p1266/S11-radial-linear-rgb.typ	00d6fae74172387106c4ae66df8a9c345dfec9396a7ff8792ab3d386bbf46759	pinned-fixture-source
content-read	R0210	/repos/Antigravity/typst-crystalline/lab/parity/matrix/fixtures/p1266/S12-linear-oklab.typ	7a5607ad0ba37d564af6847a5bdd62517e65a8b3748f9cfd1a4de3dc6a2f9c8c	pinned-fixture-source
content-read	R0211	/repos/Antigravity/typst-crystalline/lab/parity/matrix/fixtures/p1266/S12-radial-oklab.typ	dbcc95e7667305431b2be228332e88fdb20a1a08aff4bd41d542b67444733d25	pinned-fixture-source
content-read	R0212	/repos/Antigravity/typst-crystalline/lab/parity/matrix/fixtures/p1266/S12-linear-linear-rgb.typ	dbe1a2b5afa57c7c36215167d3883fb0fa6f49928a76f134f0fd425cf8c46e30	pinned-fixture-source
content-read	R0213	/repos/Antigravity/typst-crystalline/lab/parity/matrix/fixtures/p1266/S12-radial-linear-rgb.typ	2e93263c80734a7a076779fdc17e676a8c7c339c46eee9f891e4a137f7f501ca	pinned-fixture-source
content-read	R0214	/repos/Antigravity/typst-crystalline/lab/parity/matrix/fixtures/p1266/S13-linear-oklab.typ	1c9d0d7041fd6fdccc9e7ce315d10c508cc02e3b3c05c646497ed8f876155f15	pinned-fixture-source
content-read	R0215	/repos/Antigravity/typst-crystalline/lab/parity/matrix/fixtures/p1266/S13-radial-oklab.typ	8236d11d4b128e9d33d3dcba7b07acbb943bedb35f1040117369cac8df6889c0	pinned-fixture-source
content-read	R0216	/repos/Antigravity/typst-crystalline/lab/parity/matrix/fixtures/p1266/S13-linear-linear-rgb.typ	d53d3368062c098831add99d5774bfab67683faedfd7047be079f614c86ca152	pinned-fixture-source
content-read	R0217	/repos/Antigravity/typst-crystalline/lab/parity/matrix/fixtures/p1266/S13-radial-linear-rgb.typ	8e1662afc7f823a4a582fe42f5888dc214dbdb9bf8f42550ede6ac860db83244	pinned-fixture-source
content-read	R0218	/repos/Antigravity/typst-crystalline/lab/parity/matrix/fixtures/p1266/S14-linear-oklab.typ	7be84891b75e7bc3bbbb2d3e1b539f958f95e7fafdba2f6cc0275133571e95cd	pinned-fixture-source
content-read	R0219	/repos/Antigravity/typst-crystalline/lab/parity/matrix/fixtures/p1266/S14-radial-oklab.typ	6b5c3d1e421b12587c24a3cadb07419cd1c02e900142a850395a5592c3a6066c	pinned-fixture-source
content-read	R0220	/repos/Antigravity/typst-crystalline/lab/parity/matrix/fixtures/p1266/S14-linear-linear-rgb.typ	517bb948bd518b8abdb9ed26cde18583586486639268b36494dbbca6cea5057e	pinned-fixture-source
content-read	R0221	/repos/Antigravity/typst-crystalline/lab/parity/matrix/fixtures/p1266/S14-radial-linear-rgb.typ	1a08f2c3c826c40664f7c30f84bb528a54955c5c39de885531eb4a7ec6abe956	pinned-fixture-source
content-read	R0222	/repos/Antigravity/typst-crystalline/lab/parity/matrix/fixtures/p1266/S15-linear-oklab.typ	fe68ea4457ae0acfceba44a2cd44df74634dd3a468d5c693944d6c5d4b1af7bb	pinned-fixture-source
content-read	R0223	/repos/Antigravity/typst-crystalline/lab/parity/matrix/fixtures/p1266/S15-radial-oklab.typ	b90964913b388574a9fe3a247e66a07bfa24b4eb6e443df764906e2c1605ddbe	pinned-fixture-source
content-read	R0224	/repos/Antigravity/typst-crystalline/lab/parity/matrix/fixtures/p1266/S15-linear-linear-rgb.typ	d4480f431a2a93a0b0daaea74f349e84403c546a391ff0ceb43bfdbcde493ddc	pinned-fixture-source
content-read	R0225	/repos/Antigravity/typst-crystalline/lab/parity/matrix/fixtures/p1266/S15-radial-linear-rgb.typ	b31545ca80a620e08df6934629fceb6bcea6fd67d5c3cc17239d513a0c2eb9b5	pinned-fixture-source
content-read	R0226	/repos/Antigravity/typst-crystalline/lab/parity/matrix/fixtures/p1266/S16-linear-oklab.typ	4a4de643760cfe4595541044682a2f503c6c8016c9f92bbb9c9e1d8a18df9e5b	pinned-fixture-source
content-read	R0227	/repos/Antigravity/typst-crystalline/lab/parity/matrix/fixtures/p1266/S16-radial-oklab.typ	2248b70b60f1716a2ff24bc4e951c6f006b53dc01b2250da6d2e2d362834524f	pinned-fixture-source
content-read	R0228	/repos/Antigravity/typst-crystalline/lab/parity/matrix/fixtures/p1266/S16-linear-linear-rgb.typ	37984af5be235c04e160298370762a2fcfb4e2f055366d123652a733f6d43386	pinned-fixture-source
content-read	R0229	/repos/Antigravity/typst-crystalline/lab/parity/matrix/fixtures/p1266/S16-radial-linear-rgb.typ	ce2db167a6901cb6410d95a5b39c7ba6a12cb86e6b5c9e08323aaf522389fbfd	pinned-fixture-source
content-read	R0230	/repos/Antigravity/typst-crystalline/lab/parity/matrix/fixtures/p1266/S17-linear-oklab.typ	7ba241edd30e447a7e0b3609fc67b7c1888e418f1c7c4c16eb3aa429967ab578	pinned-fixture-source
content-read	R0231	/repos/Antigravity/typst-crystalline/lab/parity/matrix/fixtures/p1266/S17-radial-oklab.typ	b6d3d4ce84d6bc15ac7ad49a2f2d11ad9fd33d142fca9eaff350817f10aab8d8	pinned-fixture-source
content-read	R0232	/repos/Antigravity/typst-crystalline/lab/parity/matrix/fixtures/p1266/S17-linear-linear-rgb.typ	383cd05e8c644a14977ace4199f9547f40befd64ae3a7c31c4e9c783dae014bd	pinned-fixture-source
content-read	R0233	/repos/Antigravity/typst-crystalline/lab/parity/matrix/fixtures/p1266/S17-radial-linear-rgb.typ	02f6b42a72400811c0c0da4df90b18b2f920da4193b1c51dd70c2704cfa8c401	pinned-fixture-source
content-read	R0234	/repos/Antigravity/typst-crystalline/lab/parity/matrix/fixtures/p1266/S18-linear-oklab.typ	4b4ad8725fddfc2b6e6fa38c2382d7e515692e769e38e652deb7247a60f99e93	pinned-fixture-source
content-read	R0235	/repos/Antigravity/typst-crystalline/lab/parity/matrix/fixtures/p1266/S18-radial-oklab.typ	c4cb6434ecb2070f4f305035a4c3a2019dcceba3e22ee3b1933c76a233622208	pinned-fixture-source
content-read	R0236	/repos/Antigravity/typst-crystalline/lab/parity/matrix/fixtures/p1266/S18-linear-linear-rgb.typ	cbbb71e49b38ac00b61b6529b3008ddb3c1084c17ed948dd0c50aac9bc0e62b8	pinned-fixture-source
content-read	R0237	/repos/Antigravity/typst-crystalline/lab/parity/matrix/fixtures/p1266/S18-radial-linear-rgb.typ	75181e6cbb7b2250eb8f30ccce9460806a745046548c802c17c28799c2f6bca5	pinned-fixture-source
content-read	R0238	/repos/Antigravity/typst-crystalline/lab/parity/matrix/fixtures/p1266/S19-linear-oklab.typ	162f57da6061cd36f9c4d0c1e706246a9e505cb8e5e0f16344161ab94cc1335c	pinned-fixture-source
content-read	R0239	/repos/Antigravity/typst-crystalline/lab/parity/matrix/fixtures/p1266/S19-radial-oklab.typ	d911c3e187b39851aad656ed20e012d193db8ac8c300752ef7f4a46a342e9561	pinned-fixture-source
content-read	R0240	/repos/Antigravity/typst-crystalline/lab/parity/matrix/fixtures/p1266/S19-linear-linear-rgb.typ	441cf1103c3a707d8f40228b3d98620a1f6f3fb803ccd8be0ec3dd057183cbb4	pinned-fixture-source
content-read	R0241	/repos/Antigravity/typst-crystalline/lab/parity/matrix/fixtures/p1266/S19-radial-linear-rgb.typ	a46f61074d562fe47b0158ca6a4f7a2691a9dea4793208986c5b65aeca0635cc	pinned-fixture-source
content-read	R0242	/repos/Antigravity/typst-crystalline/lab/parity/matrix/fixtures/p1266/S20-linear-oklab.typ	115e02aefbe002a20a8be63fa81e6464b84e171767312750cd7fa33bf6cb55cd	pinned-fixture-source
content-read	R0243	/repos/Antigravity/typst-crystalline/lab/parity/matrix/fixtures/p1266/S20-radial-oklab.typ	d62be08d42e4abf5312ce1ab89c2cb64570aa770ef4c2cacc2d182a82ed7ff49	pinned-fixture-source
content-read	R0244	/repos/Antigravity/typst-crystalline/lab/parity/matrix/fixtures/p1266/S20-linear-linear-rgb.typ	0ad19cecbb68be78abe74ba06ac6ed20d858057204837a82b81bb07f711037ea	pinned-fixture-source
content-read	R0245	/repos/Antigravity/typst-crystalline/lab/parity/matrix/fixtures/p1266/S20-radial-linear-rgb.typ	ddee0009d6ed2705b6ab91a7c33b32718cfe7375aacba587808aeff2dfbf19d7	pinned-fixture-source
content-read	R0246	/repos/Antigravity/typst-crystalline/lab/parity/matrix/fixtures/p1266/S21-linear-oklab.typ	bb4ef8b5c9ba9bdaaf3674667d72f4e6dd7a86595e46b755b702427ac44eae6a	pinned-fixture-source
content-read	R0247	/repos/Antigravity/typst-crystalline/lab/parity/matrix/fixtures/p1266/S21-radial-oklab.typ	719d7b44b6887feddd7063178a01c7087d2c21877ad2bf4677b0415a12740bc0	pinned-fixture-source
content-read	R0248	/repos/Antigravity/typst-crystalline/lab/parity/matrix/fixtures/p1266/S21-linear-linear-rgb.typ	0f712d6e24d9c72bcfc0d8e6d5da291e8841d6d4d542893911718831db659320	pinned-fixture-source
content-read	R0249	/repos/Antigravity/typst-crystalline/lab/parity/matrix/fixtures/p1266/S21-radial-linear-rgb.typ	b70f976651212a8318e3ce841be482fe697e4d2764ae1b8960a64201e483ce47	pinned-fixture-source
content-read	R0250	/repos/Antigravity/typst-crystalline/lab/parity/matrix/fixtures/p1266/S22-linear-oklab.typ	acafb716ef91b9c3393c6c672cb9f3cb58b14d556c0ca639fa9290a1ce6a58c8	pinned-fixture-source
content-read	R0251	/repos/Antigravity/typst-crystalline/lab/parity/matrix/fixtures/p1266/S22-radial-oklab.typ	4253677ff38d149ead86f91dd532bab8e481eeeefa8eb8e64237de53ad2cdc20	pinned-fixture-source
content-read	R0252	/repos/Antigravity/typst-crystalline/lab/parity/matrix/fixtures/p1266/S22-linear-linear-rgb.typ	d3be75cd2be5dd5f0b0b2dee8cc6566e54dddcb2c9fde2ae5afee251b9f024d6	pinned-fixture-source
content-read	R0253	/repos/Antigravity/typst-crystalline/lab/parity/matrix/fixtures/p1266/S22-radial-linear-rgb.typ	c1d093419b20107f015800d6c07e738f484873861cfe478c58288526eaf39734	pinned-fixture-source
content-read	R0254	/repos/Antigravity/typst-crystalline/lab/parity/matrix/fixtures/p1266/S23-linear-oklab.typ	e011bba69e8ea453262514cd775de700434f81ce54b97516e94d53ada9205646	pinned-fixture-source
content-read	R0255	/repos/Antigravity/typst-crystalline/lab/parity/matrix/fixtures/p1266/S23-radial-oklab.typ	8167311cd6e5d8108d517ab4741e75e8ff9b7e4f57442d472bd33ffe09ca903a	pinned-fixture-source
content-read	R0256	/repos/Antigravity/typst-crystalline/lab/parity/matrix/fixtures/p1266/S23-linear-linear-rgb.typ	96ffb6526c0fc410f957127187f8909c1c29e3b426e2b1cabe288edd92e993b6	pinned-fixture-source
content-read	R0257	/repos/Antigravity/typst-crystalline/lab/parity/matrix/fixtures/p1266/S23-radial-linear-rgb.typ	496e50234b5481b524f89e6142232fb7442cf887c1a56b288482d9a16d47bcd0	pinned-fixture-source
content-read	R0258	/repos/Antigravity/typst-crystalline/lab/parity/matrix/fixtures/p1266/S24-linear-oklab.typ	4e6f03fb610ba89c966cb5723d173a8250f9f5a8d39e13037fe2439e36737402	pinned-fixture-source
content-read	R0259	/repos/Antigravity/typst-crystalline/lab/parity/matrix/fixtures/p1266/S24-radial-oklab.typ	81009ea2014b44a054afcdb7dd3ec6629adb921c90554cb3bcb8df88e98e4049	pinned-fixture-source
content-read	R0260	/repos/Antigravity/typst-crystalline/lab/parity/matrix/fixtures/p1266/S24-linear-linear-rgb.typ	aea5e80f6db56d54daf4745f173629c621d0abc5536a2801f8eea1c0b88474a3	pinned-fixture-source
content-read	R0261	/repos/Antigravity/typst-crystalline/lab/parity/matrix/fixtures/p1266/S24-radial-linear-rgb.typ	bdb6afc23d785322f5af88e1b20b8563a803e451af50a8341fce257504488c13	pinned-fixture-source
content-read	R0262	/repos/Antigravity/typst-crystalline/00_nucleo/diagnosticos/p1266-oracle-budgets.tsv	b8153842849d7a5f74d1af0a006407d5e3ebebc1ece44c1456379ae396686b46	post-freeze-identity-comparison-only
content-read	R0263	/repos/Antigravity/typst-crystalline/00_nucleo/diagnosticos/p1266-oracle-budgets.tsv	b8153842849d7a5f74d1af0a006407d5e3ebebc1ece44c1456379ae396686b46	post-freeze-value-identity-comparison-only
output	runner.py	/tmp/p1268/oracle_v3/runner.py	6471e5759d53569a8d52a0bb64290685d0f19487dd1619a92b083ea959158069	oracle-author artifact
output	sources.tsv	/tmp/p1268/oracle_v3/sources.tsv	76064c818a4a1a56fa6601b5ed451dc914adf3ebe1ccc5862d0472a37cd780c0	oracle-author artifact
output	positive.tsv	/tmp/p1268/oracle_v3/positive.tsv	ae2a99d466263d6df581a107274878e3cc3c04f8db9c8a71249e6b5c6da5cfc5	oracle-author artifact
output	budgets.tsv	/tmp/p1268/oracle_v3/budgets.tsv	8b45e9145f72d252b74a96e11c566bc86a36fd7e3bd1802cf027b970a2556772	oracle-author artifact
output	interval-cost.tsv	/tmp/p1268/oracle_v3/interval-cost.tsv	d007e2af176b2f6b4285306433d63102a68d4b814d2d63919407c37852d340e5	oracle-author artifact
output	manifest.tsv	/tmp/p1268/oracle_v3/masks/manifest.tsv	e6572a92c61f3b576424a689dfb36bdbaa52a4260824902c0ab419e09c2214db	oracle-author artifact
output	landmarks.tsv	/tmp/p1268/oracle_v3/landmarks.tsv	490675273bdfab44b477fdbd60abd6fc961ad9b711b7ef722895013ea2a01207	oracle-author artifact
output	coincidence.tsv	/tmp/p1268/oracle_v3/coincidence.tsv	9ee02c4cd7579a1bcfe81c74ec9d5e49b4052d5c063650d6bb3d05061dc9e147	oracle-author artifact
output	degenerates.tsv	/tmp/p1268/oracle_v3/degenerates.tsv	e8ebee0d89021dc9fd7c80a37fbb43a3eb59df1d6825b116f1457dc4d689ec8b	oracle-author artifact
output	determinism.tsv	/tmp/p1268/oracle_v3/determinism.tsv	cf15d0a25cad0f905b59a9a37c56c912c14da4992f4c02977d63274950c9c837	oracle-author artifact
output	opaque.tsv	/tmp/p1268/oracle_v3/opaque.tsv	cfb4fcd25d200bd7c822305d852d2551e4f15423d32c80ccc26ea5f4f75a6ac1	oracle-author artifact
run	measured_at	2026-08-28T23:19:42-03:00		America/Sao_Paulo process timezone
run	repository_head	7df0e3174d0d651189c9281c81c4508e3c691478		git status metadata sha256=58b080964fc5eb142fcb1147a519a4b3e12170e9ca8cd937d565b115105158d5;working tree has untracked P1268 metadata;no repository writes by runner
run	baseline	upstream/main a51e02804 ratified	7b4f40c56d6fa95082ebcfd893e275d418ebcaed1b97b62785f78284c63ff7b8	/usr/local/bin/typst
run	regime	Tekt full protocol; ORACLE-REEXECUTOR-V3 only	6ed7f67f11d4d886edef3c39bf327cb7ae96e3b2bdd17517fe90b3145f3fa76c	candidate-blind preseal phase
capability	read_allowlist	V3 exact frozen paths + 96 corpus-pinned fixtures + authorized ADR/skill references + post-freeze historical budget identity		no recursive scans
capability	write_allowlist	/tmp/p1268/oracle_v3		repository unchanged
capability	write_root_proof	491 files all under /tmp/p1268/oracle_v3	05d289203cf37628e1f5cbd1a3236dad794ee1aff9f47287ca04bf6f7bcf493e	assert_write_path enforced on TSV and /tmp command paths;recursive output enumeration passed
capability	context	none		isolated V3 reexecutor authority
capability	typst_execution	/usr/local/bin/typst	7b4f40c56d6fa95082ebcfd893e275d418ebcaed1b97b62785f78284c63ff7b8	no candidate execution
limitation	filesystem_isolation	not attested		allowlist enforced by role and runner guards, not OS-level read sandbox
limitation	repository_commit_state	metadata-only		HEAD=7df0e3174d0d651189c9281c81c4508e3c691478;git-status-sha256=58b080964fc5eb142fcb1147a519a4b3e12170e9ca8cd937d565b115105158d5;content evidence remains pinned per input and fixture
historical-comparison	new_budget_sha_before_history	/tmp/p1268/oracle_v3/budgets.tsv	8b45e9145f72d252b74a96e11c566bc86a36fd7e3bd1802cf027b970a2556772	frozen before historical read
historical-comparison	matching_rows	94/96	b8153842849d7a5f74d1af0a006407d5e3ebebc1ece44c1456379ae396686b46	comparison only; no decision or budget mutation;mismatch_ids=S13-linear-linear-rgb,S13-radial-linear-rgb
gate	population	96;24 per pair	54b5f0fdb0153321544a9d0e147867ea0473ecd9cedfc6d959e3c0a1c9522894	complete
gate	effective-stop-accounting	M=1320;R=848;E=11188	8b45e9145f72d252b74a96e11c566bc86a36fd7e3bd1802cf027b970a2556772	96 current vanilla-first fixtures;not historical accounting
gate	interval-maxima	s_i=64;a_i=31;d_i=63;b_i=62;q_i=125	d007e2af176b2f6b4285306433d63102a68d4b814d2d63919407c37852d340e5	eligible=848;ineligible=376;limits=64/63/127/126/253
gate	interval-bound-failures	0	d007e2af176b2f6b4285306433d63102a68d4b814d2d63919407c37852d340e5	zero required
gate	affine-identity-unknown	0	8b45e9145f72d252b74a96e11c566bc86a36fd7e3bd1802cf027b970a2556772	E=M+sum(a_i)<=M+63R<=64M-63
gate	coincidence	groups=180;exact_unknown=0;epsilon_unknown=0;terminal_epsilon_na=4	9ee02c4cd7579a1bcfe81c74ec9d5e49b4052d5c063650d6bb3d05061dc9e147	exact-point and epsilon-right are separate;structural basis recorded
gate	degenerates	S20=4/4;S21=4/4	e8ebee0d89021dc9fd7c80a37fbb43a3eb59df1d6825b116f1457dc4d689ec8b	positive stroke support versus zero fill support
gate	determinism	192/192	cf15d0a25cad0f905b59a9a37c56c912c14da4992f4c02977d63274950c9c837	direct/inverse/repeat semantic comparison
gate	unknown_honesty	0	cfb4fcd25d200bd7c822305d852d2551e4f15423d32c80ccc26ea5f4f75a6ac1	Unknown is never success
gate	breach	false		no prohibited content read or out-of-root write observed;true would invalidate this receipt and oracle
verdict-boundary	seal	NOT ISSUED		oracle author does not write seal, attacks, contract, product, or verdict
attestation	status	EXECUTADO SEM ATESTACAO DE ISOLAMENTO		role segregation recorded; filesystem isolation not proven
