path	sha256	access	attestation
/home/dikluwe/.codex/skills/tekt-materializacao-segregada/SKILL.md	33a32f7bc439de3fe3aa530bd65518e512a93f40152c91b2ace0789de34a3a56	authorized-content	processual-only
/home/dikluwe/.codex/skills/tekt-materializacao-segregada/references/artefatos-e-gates.md	bf218259b4454974bf8889ce319e04c0c7ec668b9a542d0eb3b4d0492a623963	authorized-content	processual-only
/home/dikluwe/.codex/skills/tekt-materializacao-segregada/references/papeis-e-capacidades.md	f59f44c4e53e89651963115c582872b4d3cd59d89689d103baa9ef8b464d2417	authorized-content	processual-only
/repos/Antigravity/typst-crystalline/00_nucleo/adr/README.md	81429a26975034c7fd4c91f54834d1501e04c8b0957ac2aa1f909ca1b0bdd95b	authorized-content	processual-only
/repos/Antigravity/typst-crystalline/00_nucleo/adr/adr-stub-vs-fallback.md	16e9d865c2129d2ea4ea35cc50bf41a5f3e6c82d6fe08fb51d5d915f8b86c785	authorized-content	processual-only
/repos/Antigravity/typst-crystalline/00_nucleo/adr/template-adr.md	b338c0450555624524daf4cd3b8725aa6f47d73fa30aef097e309f41f914588b	authorized-content	processual-only
/repos/Antigravity/typst-crystalline/00_nucleo/adr/typst-adr-0001-estrategia-migracao.md	e442d9f147a825f0697ddc775c5d3da5a2361f9770b9c3799dd46d7a3140f84d	authorized-content	processual-only
/repos/Antigravity/typst-crystalline/00_nucleo/adr/typst-adr-0002-hierarquia-contencao.md	4e23dd4ebaa99e4473785415b9929561048c01b5baa0510b495a0e754934d907	authorized-content	processual-only
/repos/Antigravity/typst-crystalline/00_nucleo/adr/typst-adr-0003-comemo-contencao.md	200d3c31cb021841a06a10c3936db08fe2bd947972abedf11943030daf54309b	authorized-content	processual-only
/repos/Antigravity/typst-crystalline/00_nucleo/adr/typst-adr-0004-passo1-descobertas.md	45c5371d3a8ef74bd50913311f08cf3daec2749cd5c7009c2cd087839b98d27c	authorized-content	processual-only
/repos/Antigravity/typst-crystalline/00_nucleo/adr/typst-adr-0005-packagespec-world.md	2b8aefed1371d5d9ca00a5b73b85692158de617cf2ff21e9f94d0811fcc57fcb	authorized-content	processual-only
/repos/Antigravity/typst-crystalline/00_nucleo/adr/typst-adr-0006-typst-timing.md	52a550dc2ae9a6b1df5907447f420a055fd041f367e34fc9117666269b7c0e9d	authorized-content	processual-only
/repos/Antigravity/typst-crystalline/00_nucleo/adr/typst-adr-0007-rustc-hash.md	e8ebcbe612e90cb72a7ba4393c83c35f9a274fa3a0153b5ef24885182a5c5d85	authorized-content	processual-only
/repos/Antigravity/typst-crystalline/00_nucleo/adr/typst-adr-0008-defer-inline.md	8293fa84f846be0678f4be8c20fe34983002da47f150282f71b3219ee170efb2	authorized-content	processual-only
/repos/Antigravity/typst-crystalline/00_nucleo/adr/typst-adr-0009-math-class.md	55d912073ef5952eb8e5a60a9c42309947e754848e983d794795de08b1e64d93	authorized-content	processual-only
/repos/Antigravity/typst-crystalline/00_nucleo/adr/typst-adr-0010-unicode-ident.md	117557b2fc069ffc450009ac1d9af92c6e4845ff087c50e2127602023f4f59b1	authorized-content	processual-only
/repos/Antigravity/typst-crystalline/00_nucleo/adr/typst-adr-0011-unicode-math-class.md	2435050d2384fb3930e69a72ce090b76d6630012fd839f5effe8f59b0b2fdac7	authorized-content	processual-only
/repos/Antigravity/typst-crystalline/00_nucleo/adr/typst-adr-0012-unicode-script.md	ec49a113e4471b91d694c9855251cfa0d4fd35661070a2b6823b99f67d383a28	authorized-content	processual-only
/repos/Antigravity/typst-crystalline/00_nucleo/adr/typst-adr-0013-unicode-segmentation.md	cf51a15ce1f8caf1135a08e4e74c7b7dd5c8b68410a3153c5dbf2d83505c956a	authorized-content	processual-only
/repos/Antigravity/typst-crystalline/00_nucleo/adr/typst-adr-0014-unscanny.md	8195e519119d9ba1274bcc42efc3280d8a008c9329cc2378a4aa3e7dbdfb7fb9	authorized-content	processual-only
/repos/Antigravity/typst-crystalline/00_nucleo/adr/typst-adr-0015-ecow.md	e2108dab9ae71f6b6185da33aafc0853a27157b4dba567c9ea19074dd6e79b93	authorized-content	processual-only
/repos/Antigravity/typst-crystalline/00_nucleo/adr/typst-adr-0016-lazyhash.md	b822d5bd51d58e9f4d0d0a9f80a946f6e8f187260daa8d99b1cfc0ff1ae569f4	authorized-content	processual-only
/repos/Antigravity/typst-crystalline/00_nucleo/adr/typst-adr-0017-adiamento-eval-typst-library.md	8f086759b02167e15e2cf6549626ab0bf1922df078bd4544eff2b60fee459880	authorized-content	processual-only
/repos/Antigravity/typst-crystalline/00_nucleo/adr/typst-adr-0018-rustc-hash.md	029136368d7f8f94baec726be621ce94b0d41e0bd4e9733f317564dcfcbc9d7d	authorized-content	processual-only
/repos/Antigravity/typst-crystalline/00_nucleo/adr/typst-adr-0019-ttf-rustybuzz.md	6aedc3415f896fd952744ffcaf1443f36b6e6baf64e93c2f5ed82d4b5b45e49e	authorized-content	processual-only
/repos/Antigravity/typst-crystalline/00_nucleo/adr/typst-adr-0020-fontdb.md	337d1263550eee6101965c28cee5e70a76881263a160623af7ef425f5f3c0185	authorized-content	processual-only
/repos/Antigravity/typst-crystalline/00_nucleo/adr/typst-adr-0021-datetime.md	04963c6496794dfe2d90a986202bfa9b7f67fbb5b73589b3aeb8cff28b3c2da9	authorized-content	processual-only
/repos/Antigravity/typst-crystalline/00_nucleo/adr/typst-adr-0022-fontbook.md	ca2456e1a5be6b5934b6a64fc60ceb8900f6d56ec91f9776c52f93d38806e785	authorized-content	processual-only
/repos/Antigravity/typst-crystalline/00_nucleo/adr/typst-adr-0023-indexmap.md	5ee2703c68473d91b30b4a2cd4fa7c1753a3fa84df9a257292cc19e98d0f0693	authorized-content	processual-only
/repos/Antigravity/typst-crystalline/00_nucleo/adr/typst-adr-0024-ecow-value.md	2f944275330203e05e04357fee73ae044fa9a9696c2328b76a75e03394d6062c	authorized-content	processual-only
/repos/Antigravity/typst-crystalline/00_nucleo/adr/typst-adr-0025-int-eq-float.md	17296cec1a27e7ce22880791f21a6755e8fa2a727e611aafa539e1426ab3b4b3	authorized-content	processual-only
/repos/Antigravity/typst-crystalline/00_nucleo/adr/typst-adr-0026-R1-content-arc.md	57cf2f4dcf498bdd3f071674109bd8b4a0d5f43f3e6f32f5e6b3c2235fc0af11	authorized-content	processual-only
/repos/Antigravity/typst-crystalline/00_nucleo/adr/typst-adr-0026-content-divergencia.md	a8794521ef773bac9c5db25eeb6e7c7249646fb1af73a97d4eb35ae7341e875f	authorized-content	processual-only
/repos/Antigravity/typst-crystalline/00_nucleo/adr/typst-adr-0027-cidfont-subsetting.md	a639a40f456bb4e932d606c913a8e621b2b3b9ce468a208fa4a44c5076e4ce10	authorized-content	processual-only
/repos/Antigravity/typst-crystalline/00_nucleo/adr/typst-adr-0028-typographic-types.md	6832c184694648a2acdb759e9d19a54e595a9c564473de654a05d3acefc0c5f2	authorized-content	processual-only
/repos/Antigravity/typst-crystalline/00_nucleo/adr/typst-adr-0029-pureza-fisica-revoga-adr-0028.md	8f40a2b3532c0d14197fd87b1b6f832b3275c934d7ba7f71634b639e1a858552	authorized-content	processual-only
/repos/Antigravity/typst-crystalline/00_nucleo/adr/typst-adr-0030-performance-dominio-l1.md	d3843cdae7d48938670034a742cc3abaed65e7dc7e5741d7b327e1d230a9368d	authorized-content	processual-only
/repos/Antigravity/typst-crystalline/00_nucleo/adr/typst-adr-0031-early-hashing-source.md	91d1f4848a146f9f41a022767bb26911f8148280ce1708eaf13627065a237282	authorized-content	processual-only
/repos/Antigravity/typst-crystalline/00_nucleo/adr/typst-adr-0032-unsafe-em-l1.md	332616313bddf20631fd9d372bc0a23120733d43769b1b6b2d828d6787596302	authorized-content	processual-only
/repos/Antigravity/typst-crystalline/00_nucleo/adr/typst-adr-0033-paridade-funcional-vanilla.md	8962c57feda24a7c6ad1ba7d52edaab9d59ecf54e95e50aed4a161fdfdbad02c	authorized-content	processual-only
/repos/Antigravity/typst-crystalline/00_nucleo/adr/typst-adr-0034-diagnostico-tipos-vanilla.md	7edfc6581fe3aec158548a012e884cf1dec58f46c69407f17018c5dfd25a0501	authorized-content	processual-only
/repos/Antigravity/typst-crystalline/00_nucleo/adr/typst-adr-0035-ecovec-autorizacao.md	d9e3337e7fa785c2967ef0a2a21215de8714e1c37b2fb90d27ad75608c593443	authorized-content	processual-only
/repos/Antigravity/typst-crystalline/00_nucleo/adr/typst-adr-0036-atomizacao-progressiva.md	3107007f00f35c1f225ce07a04c70a5de67a3cabccf77b2ba3cbf355c5f21d4e	authorized-content	processual-only
/repos/Antigravity/typst-crystalline/00_nucleo/adr/typst-adr-0037-coesao-por-dominio.md	5147b64e1d07e52cfc1594fcee30c1cf14129ceeebbbf78dbec8d0f8053426fc	authorized-content	processual-only
/repos/Antigravity/typst-crystalline/00_nucleo/adr/typst-adr-0038-sistema-estilos-l1.md	febf4b3e8d5591c19dd59014ad5ae829982c7d9acd602799341700bc6b235631	authorized-content	processual-only
/repos/Antigravity/typst-crystalline/00_nucleo/adr/typst-adr-0039-frameitem-style.md	4e463f04f3720e0d0ec4975d38ae69ad66ca5c0207422dc01484676096921a23	authorized-content	processual-only
/repos/Antigravity/typst-crystalline/00_nucleo/adr/typst-adr-0040-activacao-set-rule.md	7863fe0ceadb05ece7344e9ad7a67b0bc9339e0edf76d61a20f800ab06bdc598	authorized-content	processual-only
/repos/Antigravity/typst-crystalline/00_nucleo/adr/typst-adr-0041-activacao-show-rule.md	ec014948787633515816aceaf3d6ca3761700f99b6a7524600cfe72795e5e644	authorized-content	processual-only
/repos/Antigravity/typst-crystalline/00_nucleo/adr/typst-adr-0042-sink-materializado.md	a83a00490f53dd397cb97270e21ecb0c7bd1df67369526d59a5612373576817b	authorized-content	processual-only
/repos/Antigravity/typst-crystalline/00_nucleo/adr/typst-adr-0043-canal-sink-saida.md	b5897a18b949a878f0105c04619340bc39d0a64b962ac99c15f88417d52c9f91	authorized-content	processual-only
/repos/Antigravity/typst-crystalline/00_nucleo/adr/typst-adr-0044-engine-agregador.md	640c426ccb2b1ea76464e841af71a6e349e13f87276cdb7db6609c1ff8e0baa1	authorized-content	processual-only
/repos/Antigravity/typst-crystalline/00_nucleo/adr/typst-adr-0045-formato-diagnosticos.md	9b427b2c987ff79dad5ed812bdc85e196c4e2bb43d358d849ce7d5d375443013	authorized-content	processual-only
/repos/Antigravity/typst-crystalline/00_nucleo/adr/typst-adr-0046-cli-minima.md	3836c76e6c124382b1a81b2a4311cd34a82bb204271ee51ca35bbb9bb2fdf96d	authorized-content	processual-only
/repos/Antigravity/typst-crystalline/00_nucleo/adr/typst-adr-0047-cli-clap.md	b9913946f4ee0398b2ca6c8b5da4d50a7b72f9d8e4ed611070a56a2756b966ff	authorized-content	processual-only
/repos/Antigravity/typst-crystalline/00_nucleo/adr/typst-adr-0048-diagnosticos-com-cor.md	f810e37699060439591440648c8ba508f61f68f727e1d73c3a0894aaae48b8d4	authorized-content	processual-only
/repos/Antigravity/typst-crystalline/00_nucleo/adr/typst-adr-0049-cli-em-l2.md	d9ac79862f90affdbd40e796def20d88e43b453c0a32cea6495022d4f812d5e0	authorized-content	processual-only
/repos/Antigravity/typst-crystalline/00_nucleo/adr/typst-adr-0050-formatter-em-l2.md	c6e7ed084f12ff59a147ade06b9f607ce77a87057da7eab9e7c02ee64c59650d	authorized-content	processual-only
/repos/Antigravity/typst-crystalline/00_nucleo/adr/typst-adr-0051-flags-funcionais.md	1ff0266659fdbe874682bbc67dccbce9e9eb22df5298bc7abc799052921318b5	authorized-content	processual-only
/repos/Antigravity/typst-crystalline/00_nucleo/adr/typst-adr-0052-lang-tipo-semantico.md	c576f7898150751f0c5a3813a1ecacbec846fc5450a8f8af49b6c771798d95a2	authorized-content	processual-only
/repos/Antigravity/typst-crystalline/00_nucleo/adr/typst-adr-0053-font-tipo-composto.md	6db8bd62abb5db06225df828e556a5b4d0877172b26d32f6a8f993c83f26b450	authorized-content	processual-only
/repos/Antigravity/typst-crystalline/00_nucleo/adr/typst-adr-0054-criterio-fecho-debt-1.md	1632feb2d8985d3318931c04ce259b31f4b838cbfaa3ac4b8ae6ed74fc125e45	authorized-content	processual-only
/repos/Antigravity/typst-crystalline/00_nucleo/adr/typst-adr-0055-font-consumer-cidfont.md	1b2dec972335c97b04f8481686624fd6ca0c097e859c1c3c87f3f1535536e8fa	authorized-content	processual-only
/repos/Antigravity/typst-crystalline/00_nucleo/adr/typst-adr-0057-lang-hyphenation.md	7ee98c0c243fd2ddfc090ada4cf3d50c5aebc6fe1abc4e42d2d6b5a72bfd7646	authorized-content	processual-only
/repos/Antigravity/typst-crystalline/00_nucleo/adr/typst-adr-0058-value-type-simplificado.md	4e1d457825e0942c90c20b2b09f8ff7983e7a7dc6db261fb5673fb65b39566f2	authorized-content	processual-only
/repos/Antigravity/typst-crystalline/00_nucleo/adr/typst-adr-0059-args-tipo-separado.md	4755c018502cde2437ab55a67ab8a82a79f135d525737af695f1a48a111ff7e1	authorized-content	processual-only
/repos/Antigravity/typst-crystalline/00_nucleo/adr/typst-adr-0060-model-structural-roadmap.md	b910fd49e279cfe5362bf3cdb5b18b172558bcebcdadc0f8ca851fe378559dfb	authorized-content	processual-only
/repos/Antigravity/typst-crystalline/00_nucleo/adr/typst-adr-0061-layout-fase-x-roadmap.md	cf2eb09dc22d3be0fc161bd5a501fd16016568e32d9c1bdcd7d1eb493ab3ee68	authorized-content	processual-only
/repos/Antigravity/typst-crystalline/00_nucleo/adr/typst-adr-0062-hayagriva-bibliography-parsing.md	4ba9bd472680e328c1ea796a1b5d9eb550b8f3be4dfe4bc337215b8223e29261	authorized-content	processual-only
/repos/Antigravity/typst-crystalline/00_nucleo/adr/typst-adr-0064-smart-para-option-default.md	da8946aa9145c48cd9000380de83767feb1de56e455d9807feeaa0c533a37397	authorized-content	processual-only
/repos/Antigravity/typst-crystalline/00_nucleo/adr/typst-adr-0065-inventariar-primeiro.md	e8b7ef8b564524938be90cee15a61b6920eb780406d863e4360cb383142e34fd	authorized-content	processual-only
/repos/Antigravity/typst-crystalline/00_nucleo/adr/typst-adr-0066-introspection-runtime-adiada.md	292546642213a3c7e26453892418ba295e804a7044c269c9c55f18d62f646b3a	authorized-content	processual-only
/repos/Antigravity/typst-crystalline/00_nucleo/adr/typst-adr-0067-attribute-grammar-scoping.md	c6af3a976aa2ae7495ec7265cdff577cb36d75462e1220418200e9a4fe620918	authorized-content	processual-only
/repos/Antigravity/typst-crystalline/00_nucleo/adr/typst-adr-0068-location-aware-layouter.md	e5df7708d0a333879e6cec0130794cae6811e387ab9bd56f56b690104e80c0f1	authorized-content	processual-only
/repos/Antigravity/typst-crystalline/00_nucleo/adr/typst-adr-0069-post-recursion-tag-emission.md	1cbd1cb2ded7e3284b8f8d68da5caa996ed79bf69bb18038f84a9f53139eeb58	authorized-content	processual-only
/repos/Antigravity/typst-crystalline/00_nucleo/adr/typst-adr-0070-eliminacao-counter-state-legacy.md	f0c7c9c1e981fe8414d0883f6dafe6d41946223f0aa7fe6c71a7a8c727e0a70b	authorized-content	processual-only
/repos/Antigravity/typst-crystalline/00_nucleo/adr/typst-adr-0071-walk-pipeline-redesign.md	ae23e7a9df9630b66c9628de15d05f2141ab6a26c09d686c97197988d87f83ad	authorized-content	processual-only
/repos/Antigravity/typst-crystalline/00_nucleo/adr/typst-adr-0072-m7-fixpoint-runtime-fechado.md	539319fde09cdda84d33ebaaa0bfe5b4ce9e298ae5366b452e4ac7dcda831167	authorized-content	processual-only
/repos/Antigravity/typst-crystalline/00_nucleo/adr/typst-adr-0073-comemo-introspector.md	7f6cb003f84d3cae552dfa2b3195b1ad5cc788b78904ea7b5e05e31db0279af7	authorized-content	processual-only
/repos/Antigravity/typst-crystalline/00_nucleo/adr/typst-adr-0074-f3-layouter-substores-trackable.md	7fba4f263ddf025f4c11ac89420e3a62ab247b3d1cee2b996778f27fb3638b21	authorized-content	processual-only
/repos/Antigravity/typst-crystalline/00_nucleo/adr/typst-adr-0075-vanilla-integration.md	068b633c27aad5e9c411322fd05e705baec4c5d158eaca6803e1e44a8b26e95c	authorized-content	processual-only
/repos/Antigravity/typst-crystalline/00_nucleo/adr/typst-adr-0076-introspector-completion.md	43ff4473f3e05cfea73ae9f6a8f36aff1de66e0f97362d08d5c201c6ecf9d1d0	authorized-content	processual-only
/repos/Antigravity/typst-crystalline/00_nucleo/adr/typst-adr-0077-regex-l1.md	dbe5d17871fc5a1a4b3e0980e841f52b538e577c684eb0d53399d1acb00fc69b	authorized-content	processual-only
/repos/Antigravity/typst-crystalline/00_nucleo/adr/typst-adr-0078-column-flow-algorithm.md	c998e85346d4d697a466a675456bf71525f11c7d3340039c7eeaf5c97ef5e8be	authorized-content	processual-only
/repos/Antigravity/typst-crystalline/00_nucleo/adr/typst-adr-0079-layout-fase-5-roadmap.md	22f64a167f7e90182f044c70e53c29695cc519396f9304947466f5b9ebe7ced8	authorized-content	processual-only
/repos/Antigravity/typst-crystalline/00_nucleo/adr/typst-adr-0080-l0-minimal-para-refactors.md	0d2239c6479a88482112d1e48524f7ddb0220e7234aa034ee0a837cea19bca3c	authorized-content	processual-only
/repos/Antigravity/typst-crystalline/00_nucleo/adr/typst-adr-0081-m7-plus-pipeline-restructuring-scope.md	5aea61e8c564af1825fae86f5cc7c9fca5ddf4fbcbea56418fe79abc1ce50ea7	authorized-content	processual-only
/repos/Antigravity/typst-crystalline/00_nucleo/adr/typst-adr-0082-promocoes-reais-scope-outs-graded.md	330c9c50bcea518ed61cd0ea8f61319af44bd620cbccae9ace1cfb0e9f314f04	authorized-content	processual-only
/repos/Antigravity/typst-crystalline/00_nucleo/adr/typst-adr-0083-color-paridade-vanilla-com-subset-materializado.md	79d3119e8eacd27c280c5fda05efe2122d80740420df5aa49443a43a20342bb6	authorized-content	processual-only
/repos/Antigravity/typst-crystalline/00_nucleo/adr/typst-adr-0084-auditoria-condicional.md	7e4ffcd48cb9acda759e3838acf53ff4f4fb43219f8b0bf76188ee8c8bbe5b56	authorized-content	processual-only
/repos/Antigravity/typst-crystalline/00_nucleo/adr/typst-adr-0085-diagnostico-imutavel.md	cdc1504693671e90395164ebb38686c7924eb44caf85f92cf26b93df4ea5ad0b	authorized-content	processual-only
/repos/Antigravity/typst-crystalline/00_nucleo/adr/typst-adr-0086-paint-wrapper-solid-only.md	a64881b1384ff0e9303222580eb27779787c6d7c94a607996fbceecd70194562	authorized-content	processual-only
/repos/Antigravity/typst-crystalline/00_nucleo/adr/typst-adr-0087-gradient-linear-only.md	f251b1b06e4df8e2b7f55cc490e74759bb3c06c7bdc668fc7d7580692a848a85	authorized-content	processual-only
/repos/Antigravity/typst-crystalline/00_nucleo/adr/typst-adr-0088-gradient-radial-only.md	c34682b8b0adc7fd488185ae1196f6d055b9769a5f2952c0802801fbc6cb8a71	authorized-content	processual-only
/repos/Antigravity/typst-crystalline/00_nucleo/adr/typst-adr-0089-gradient-conic-only.md	baa612841e0c0a9743a09bf056f15e400c2de2cb7c872502c08e8f9baf744aaa	authorized-content	processual-only
/repos/Antigravity/typst-crystalline/00_nucleo/adr/typst-adr-0090-gradient-conic-strategy-type-4-vs-type-1.md	eddabc867d4a216f2d5f2afff0ea3a709ca15cc89ccbb82f883fd259a6c4fdb5	authorized-content	processual-only
/repos/Antigravity/typst-crystalline/00_nucleo/adr/typst-adr-0091-gradient-space-runtime-and-cmyk-strategy.md	10fe4c2826b30f6bc4d70f52b65b02469cd9dfcb5437654bbad1fce755a097e2	authorized-content	processual-only
/repos/Antigravity/typst-crystalline/00_nucleo/adr/typst-adr-0092-conic-coons-patches-rgb-cmyk.md	945377cd8326fa1a1cff135d9c64855073297ab20dac0ffbe6aeb5e2931e510e	authorized-content	processual-only
/repos/Antigravity/typst-crystalline/00_nucleo/adr/typst-adr-0093-meta-metodologia-evolucao-adrs.md	ed302e6219e6d9adb403566cacbe45eb2b2c6a941830a82c8099564f7ae80be5	authorized-content	processual-only
/repos/Antigravity/typst-crystalline/00_nucleo/adr/typst-adr-0094-meta-operacional-specs.md	07af75a6b6cc389af27e0662b36bb38faa378d43f834a044c390e41b60b7f904	authorized-content	processual-only
/repos/Antigravity/typst-crystalline/00_nucleo/adr/typst-adr-0095-dedup-arc-as-ptr-resources.md	e4865d0bb8cf77e2e8f2b088f3c7d38c2248467c055d6250461be789df7a3feb	authorized-content	processual-only
/repos/Antigravity/typst-crystalline/00_nucleo/adr/typst-adr-0096-pattern-debt-37-campo-layouter-consumer-pending.md	45f5601dabcd7b9efea31bdcda1e70579fb5c7b71794252f656d433a5b1eb53e	authorized-content	processual-only
/repos/Antigravity/typst-crystalline/00_nucleo/adr/typst-adr-0097-scope-out-reconfirmado-por-fase-a.md	337d7a7e9b5e00e190907aaaa59a5d853b63be45f72ccae8c33bf6b64ead517c	authorized-content	processual-only
/repos/Antigravity/typst-crystalline/00_nucleo/adr/typst-adr-0098-single-source-of-truth-invariante-anti-bug.md	a208cdc3e47d5900d7ad1abca3c38a2b368b04d1909ce90d1ffe0bb96a2331b1	authorized-content	processual-only
/repos/Antigravity/typst-crystalline/00_nucleo/adr/typst-adr-0099-activacao-posterior-feature-graded.md	591a8d158a20adb729c49ef48546223a1e34a1d809fc66353b1e942bdefbe5a1	authorized-content	processual-only
/repos/Antigravity/typst-crystalline/00_nucleo/adr/typst-adr-0100-coesao-por-dominio-l3.md	f64cefcf789082c95fd7e510c7ea8731430fb8dd6f5d8f71468fc6d5a6b24938	authorized-content	processual-only
/repos/Antigravity/typst-crystalline/00_nucleo/adr/typst-adr-0101-ieee754-restricao-stdlib.md	a98c777bd1b666292bd8adebd27bb47530cf6900f3260bd55e9cb8efa238f349	authorized-content	processual-only
/repos/Antigravity/typst-crystalline/00_nucleo/adr/typst-adr-0102-math-style-mechanism.md	b6271131089e3ae3837831efa37719240896e6069c5dacb9126763d84de1a751	authorized-content	processual-only
/repos/Antigravity/typst-crystalline/00_nucleo/adr/typst-adr-0103-math-style-composition.md	dfd42e3590cca99624a209040de3779fe3c329a1359a604e5d8e02df187de69f	authorized-content	processual-only
/repos/Antigravity/typst-crystalline/00_nucleo/adr/typst-adr-0104-atomicidade-para-agentes.md	bc8dbdf74b39db3f979da719436c4603eaab89ea8432054c80c52638b3fb37d9	authorized-content	processual-only
/repos/Antigravity/typst-crystalline/00_nucleo/adr/typst-adr-0105-modelo-elemento-d-agora-f-destino.md	a240b51ad3ea6dce77fdb9e9d3fc3de516598c0fd16ba7e611e8e5d2603c039c	authorized-content	processual-only
/repos/Antigravity/typst-crystalline/00_nucleo/adr/typst-adr-0106-fronteira-de-extensao-e1.md	255ef37ccc0acd8f95ba7d38afdd941152fc92d940a37471cdffd81d99f4891e	authorized-content	processual-only
/repos/Antigravity/typst-crystalline/00_nucleo/adr/typst-adr-0107-paridade-linguagem-nao-mecanica.md	e680d22bbf4486cf93f5bfb4ec85f4ae965e6db788c2a18c48f3be000029d49d	authorized-content	processual-only
/repos/Antigravity/typst-crystalline/00_nucleo/adr/typst-adr-0108-disciplina-anti-deriva.md	31daec5ae9e84cb5bbdcb806e9a2b6cb9160b7e90519df53e6e0bd8809076405	authorized-content	processual-only
/repos/Antigravity/typst-crystalline/00_nucleo/adr/typst-adr-0109-atomizacao.md	0cbd3049418073e9b8efd0be1a19030c9ecde905a25ebf3d20922e3cef02676e	authorized-content	processual-only
/repos/Antigravity/typst-crystalline/00_nucleo/adr/typst-adr-0110-marcador-vanilla.md	fa69c001eae0e327fa58986864ba91a8d55dfb57d36ab8e62b720a733423cf7b	authorized-content	processual-only
/repos/Antigravity/typst-crystalline/00_nucleo/adr/typst-adr-0111-crates-parsing-loading.md	9c31c57e8f58cf5c86d0bdee5f71db82b78c4d3667180e6ff01dba3a0f972470	authorized-content	processual-only
/repos/Antigravity/typst-crystalline/00_nucleo/adr/typst-adr-0112-rust-decimal-l1.md	32d78e4e58bb6b01b83c35d353bff3edd24549e0c1b20d171b7396f101dc11bc	authorized-content	processual-only
/repos/Antigravity/typst-crystalline/00_nucleo/adr/typst-adr-0113-stub-transparente-vs-fallback-software.md	39d7c6be82a4bd8ba1287cddf6c77fca867255e52f8aea24414c0e9e587dcff9	authorized-content	processual-only
/repos/Antigravity/typst-crystalline/00_nucleo/adr/typst-adr-0114-sonda-antes-da-spec.md	edf031b419c68670afd16cd249687b2877771413f63e546944f232245113d894	authorized-content	processual-only
/repos/Antigravity/typst-crystalline/00_nucleo/adr/typst-adr-0115-infra-benchmark-scanner.md	095c4f27e6561cfa27d94b8ff9371f2e72133578cd87a8fc560a234f4e72de5b	authorized-content	processual-only
/repos/Antigravity/typst-crystalline/00_nucleo/adr/typst-adr-0116-excecao-get-unchecked-scanner.md	dfac81910f3279ddcc57cf8a4539275d050a4c13f4b1be91956e3818a6bc7b0d	authorized-content	processual-only
/repos/Antigravity/typst-crystalline/00_nucleo/adr/typst-adr-0117-sonda-a0-mecanismo.md	dba5b947687a176a9ea1f1a905eb50a7ab8388566013a8f710eb664b5afe8f6a	authorized-content	processual-only
/repos/Antigravity/typst-crystalline/00_nucleo/adr/typst-adr-0118-runtime-state-context.md	46e81f9a30a0fcc36356fffbaebdb93b1fb714746d5fc263ff1ceedbc0cbbde1	authorized-content	processual-only
/repos/Antigravity/typst-crystalline/00_nucleo/adr/typst-adr-0119-disciplina-verificacao.md	d15068e21b729392b8d95e18000e31b1c62958f037b714e7dc64fb4c921e56e2	authorized-content	processual-only
/repos/Antigravity/typst-crystalline/00_nucleo/adr/typst-adr-0120-textshaped-rustybuzz.md	e8539b4f8c69d9750e196548c58311003275a48499ef7c52d173f0d79919ccde	authorized-content	processual-only
/repos/Antigravity/typst-crystalline/00_nucleo/adr/typst-adr-0121-proveniencia-medicao.md	00be2575c57efb572b7935ab0ae9da80d62e66c8739bffbb17994b2f7a50d5ef	authorized-content	processual-only
/repos/Antigravity/typst-crystalline/00_nucleo/adr/typst-adr-0122-paridade-defeitos-testes.md	e4ab43919aee47167a70d6e8558b3af2fdaddd9c7f1110c7b16d748ed979874f	authorized-content	processual-only
/repos/Antigravity/typst-crystalline/00_nucleo/adr/typst-adr-0123-geometria-tipografica.md	5b6fa07e62008f3933f42dec9fc3248b91a5fa49a65148f9d75cf2b97de723ed	authorized-content	processual-only
/repos/Antigravity/typst-crystalline/00_nucleo/adr/typst-adr-0124-checklist-sublayouts.md	50a398ef86c81a81b7202d4e8ae1f117e989fc635481caac8bbaddc8fe57d7ce	authorized-content	processual-only
/repos/Antigravity/typst-crystalline/00_nucleo/adr/typst-adr-0125-implementacao-vs-linguagem.md	50cdb52ebd161b0eed8042d279ad9f7a7308f40ecce3da921a9e36b041b259de	authorized-content	processual-only
/repos/Antigravity/typst-crystalline/00_nucleo/adr/typst-adr-0126-modo-verboso-primeiro.md	bf51e8bf5aabf16d36a08ce52a4ea394b8a57311e4284983e98bb815e3fc479d	authorized-content	processual-only
/repos/Antigravity/typst-crystalline/00_nucleo/adr/typst-adr-0127-gate-l0-paragem-vs-fluxo.md	5e8581b5f9ebb0798d4213e59e39ee8dfcd4f41b34d4ca639b00b1f287699ad9	authorized-content	processual-only
/repos/Antigravity/typst-crystalline/00_nucleo/adr/typst-adr-0128-html-target-semantico.md	917c671f03be9637aae8c3c8556ab21558a78a5a61842a49e4c8b59605bc274e	authorized-content	processual-only
/repos/Antigravity/typst-crystalline/00_nucleo/adr/typst-adr-0129-nucleos-tekt-l0-compartilhado.md	64756b81ce58ca62e1a166b3776303759bc7af507a1c97a4e3ad91a8dc5b906e	authorized-content	processual-only
/repos/Antigravity/typst-crystalline/00_nucleo/adr/typst-adr-0130-referencias-canonicas-l0.md	b6d0fe48e525e3cc695110c9c8480087b865425f9653a37d0ce8fb0783dd60c2	authorized-content	processual-only
/repos/Antigravity/typst-crystalline/00_nucleo/diagnosticos/p1266-corpus.tsv	54b5f0fdb0153321544a9d0e147867ea0473ecd9cedfc6d959e3c0a1c9522894	authorized-content	processual-only
/repos/Antigravity/typst-crystalline/00_nucleo/diagnosticos/p1266-cost.tsv	dc10bff135b228b521376b39e4266c1656f6b650a72576253404a85ca74c93ad	authorized-content	processual-only
/repos/Antigravity/typst-crystalline/00_nucleo/diagnosticos/p1266-final-certificate.tsv	dce8aabec0d6bbf8b714d75f8cfc22e38f83539d04f1c8d034110c8dfa1067ec	authorized-content	processual-only
/repos/Antigravity/typst-crystalline/00_nucleo/diagnosticos/p1266-generalization-matrix.tsv	091d50354eb2b206d595c88a96b76eb8b9d8e8a881b2f0d3f5901edf9cce5406	authorized-content	processual-only
/repos/Antigravity/typst-crystalline/00_nucleo/diagnosticos/p1266-oracle-budgets.tsv	b8153842849d7a5f74d1af0a006407d5e3ebebc1ece44c1456379ae396686b46	authorized-content	processual-only
/repos/Antigravity/typst-crystalline/00_nucleo/diagnosticos/p1267r2-author-contract-v2.tsv	0ba5d409aa2784184c2604282abb85715e7c6edd00d151f07474c9fefaeb4ce8	authorized-content	processual-only
/repos/Antigravity/typst-crystalline/00_nucleo/diagnosticos/p1267r2-author-observables.tsv	6690eeae86985c65f39d132dd43cb615c267815340dc1c180fbe03c4bc27bb2e	authorized-content	processual-only
/repos/Antigravity/typst-crystalline/00_nucleo/diagnosticos/p1267r2-author-unknown-v2.tsv	afee37521719a849d359f0c1caeab132de532319a3c1dfa74af539e3be3deb76	authorized-content	processual-only
/repos/Antigravity/typst-crystalline/00_nucleo/diagnosticos/p1267r2-evidence-derivation.tsv	14601fbefb87b50bc69482ed8f62c1446842f32293ccf3ffe3afab0efb83fa5c	authorized-content	processual-only
/repos/Antigravity/typst-crystalline/00_nucleo/diagnosticos/p1267r2-final-manifest.tsv	d89db14418a432525e20e0191e91cb4a299c233bb0d342a539ac77da5f1c1389	authorized-content	processual-only
/repos/Antigravity/typst-crystalline/00_nucleo/diagnosticos/p1267r2-r1-comparison.tsv	8432e7dd96cc04d8df4387094e54cb8d591807b0b76a3a1e7a7a5bf4c39ae7cd	authorized-content	processual-only
/repos/Antigravity/typst-crystalline/00_nucleo/diagnosticos/p1267r2-verifier-verdict.tsv	a9ced04fecaab28a04e2af0dfabdc7af9b7b2712ddc24143021accd590f74842	authorized-content	processual-only
/repos/Antigravity/typst-crystalline/00_nucleo/diagnosticos/p1268-contract-freeze.tsv	7d8064a939e653961a084088e40353342de401908e7a8dcd0ba229e07489579d	authorized-content	processual-only
/repos/Antigravity/typst-crystalline/00_nucleo/diagnosticos/p1268-head-drift.tsv	c9660d1451f0dafdbc631cae2153266e8fa0085426d6935fa85e79246c6ad1a2	authorized-content	processual-only
/repos/Antigravity/typst-crystalline/00_nucleo/diagnosticos/p1268-preoracle-manifest-v3.tsv	6ed7f67f11d4d886edef3c39bf327cb7ae96e3b2bdd17517fe90b3145f3fa76c	authorized-content	processual-only
/repos/Antigravity/typst-crystalline/00_nucleo/diagnosticos/p1268-role-capabilities-v3.tsv	bdb8b2ed03f9f83655c3505c73e53b85141a935f22c8238c76ec3fade5f6f876	authorized-content	processual-only
/repos/Antigravity/typst-crystalline/00_nucleo/diagnosticos/p1268-suite-freeze-v3.tsv	fc0b0b5c21449f945c886df10fb0a7ea80219dd92de856bd88d37825defa7ba7	authorized-content	processual-only
/repos/Antigravity/typst-crystalline/00_nucleo/prompts/infra/export/gradients/adaptive.md	4e2e19b5af1aab3c33596166fbcef647df1aceed1739bab395d432126f46d737	authorized-content	processual-only
/repos/Antigravity/typst-crystalline/00_nucleo/prompts/infra/export/svg.md	41c5d785d9e4ecdb184fd5e6344dd7422d874e826e3bdeac2ddb2d6617530d29	authorized-content	processual-only
/repos/Antigravity/typst-crystalline/lab/parity/matrix/fixtures/p1266/S01-linear-linear-rgb.typ	b2a6ed8bed211afa25b8f03c028f9ac27cd8c8354bada6787103c4847ff3aba7	authorized-content	processual-only
/repos/Antigravity/typst-crystalline/lab/parity/matrix/fixtures/p1266/S01-linear-oklab.typ	a1e2b088f906bdc253dcf62e20b315d01f7a221eef3a3067f1916ef11c2a55a9	authorized-content	processual-only
/repos/Antigravity/typst-crystalline/lab/parity/matrix/fixtures/p1266/S01-radial-linear-rgb.typ	54d27643a82de6781abddb73b323323a9905407fd1f78ce5bb88b892f34ac93c	authorized-content	processual-only
/repos/Antigravity/typst-crystalline/lab/parity/matrix/fixtures/p1266/S01-radial-oklab.typ	996cc330e38771e87a4619029015ff8910c7eca7d5fde1d7b7c94012c3fd774d	authorized-content	processual-only
/repos/Antigravity/typst-crystalline/lab/parity/matrix/fixtures/p1266/S02-linear-linear-rgb.typ	5ea845baf98ad51e6b525dd4bbfa8917174a5f77be3261a3fd69fcdab6299960	authorized-content	processual-only
/repos/Antigravity/typst-crystalline/lab/parity/matrix/fixtures/p1266/S02-linear-oklab.typ	d507ea7506c1dbfcd96d68de1a5b577e63601b5fd21d2ee982678f917d0c5678	authorized-content	processual-only
/repos/Antigravity/typst-crystalline/lab/parity/matrix/fixtures/p1266/S02-radial-linear-rgb.typ	45d71f3c8f077016f24865447d3057acbf02f5dfcb0a9b947c11a9878360f406	authorized-content	processual-only
/repos/Antigravity/typst-crystalline/lab/parity/matrix/fixtures/p1266/S02-radial-oklab.typ	e2d634bee019cd4a4b53b4759614f5ace6664d669a1405bcbf246ef459d5e928	authorized-content	processual-only
/repos/Antigravity/typst-crystalline/lab/parity/matrix/fixtures/p1266/S03-linear-linear-rgb.typ	dc9e16d7a5eca183dcf9cf83fa30cff62ef0a8830ebb5ac6412c7e7b04c31816	authorized-content	processual-only
/repos/Antigravity/typst-crystalline/lab/parity/matrix/fixtures/p1266/S03-linear-oklab.typ	53b256c228f519ea6db2f5fcbba156bfa99f541a5cb717f4550f1c668b4689bc	authorized-content	processual-only
/repos/Antigravity/typst-crystalline/lab/parity/matrix/fixtures/p1266/S03-radial-linear-rgb.typ	045c20a49f1ff8f030a4576dcd980f1a7e4ec89cf7ba0dec2fe2a8cc505093e3	authorized-content	processual-only
/repos/Antigravity/typst-crystalline/lab/parity/matrix/fixtures/p1266/S03-radial-oklab.typ	a50377be86014500f6c7bf614ed6b903902c5cddd0d3b181a219dfc5023a3540	authorized-content	processual-only
/repos/Antigravity/typst-crystalline/lab/parity/matrix/fixtures/p1266/S04-linear-linear-rgb.typ	a2cd7e1913208e1abeb8249aa7e75ac84358da34867ba3c1212d31bb07db7122	authorized-content	processual-only
/repos/Antigravity/typst-crystalline/lab/parity/matrix/fixtures/p1266/S04-linear-oklab.typ	32d3d2e65f4da748921d8e0a0711fc2aa33c10964834b52ae2c1ea31056563f2	authorized-content	processual-only
/repos/Antigravity/typst-crystalline/lab/parity/matrix/fixtures/p1266/S04-radial-linear-rgb.typ	dfd7769ca86580960ba14dad8f1192eaaac87885d29359e27f140d0da9f3df7e	authorized-content	processual-only
/repos/Antigravity/typst-crystalline/lab/parity/matrix/fixtures/p1266/S04-radial-oklab.typ	75dc3188ab3244e06411990f65ec13b59fc1f92268f0c8637e0ecddeaf6a47e7	authorized-content	processual-only
/repos/Antigravity/typst-crystalline/lab/parity/matrix/fixtures/p1266/S05-linear-linear-rgb.typ	b82968186344eb2f76e3ef4f84ed880aaf4222104905d1bccd4563a437dffeeb	authorized-content	processual-only
/repos/Antigravity/typst-crystalline/lab/parity/matrix/fixtures/p1266/S05-linear-oklab.typ	9223a20e0bfa691cbd50ef66e4365cba817fb18d8881e90fecff6b75fdbad0f8	authorized-content	processual-only
/repos/Antigravity/typst-crystalline/lab/parity/matrix/fixtures/p1266/S05-radial-linear-rgb.typ	06752d4e61f26a5c74b9fd61d369c15827cecfb09792a817fbbb95d608c1985e	authorized-content	processual-only
/repos/Antigravity/typst-crystalline/lab/parity/matrix/fixtures/p1266/S05-radial-oklab.typ	3c5a494f63fb9c39d4eccfae3d6450c30208ba0076bbaa19dd8b69c55db6ffc4	authorized-content	processual-only
/repos/Antigravity/typst-crystalline/lab/parity/matrix/fixtures/p1266/S06-linear-linear-rgb.typ	19c9a0c247cff3f9df44631803006fa04236cbd5e73fff943d3c99da4e794a93	authorized-content	processual-only
/repos/Antigravity/typst-crystalline/lab/parity/matrix/fixtures/p1266/S06-linear-oklab.typ	ed9bd42c2c9842aa3a67734d319cdb1ddbfb2b89519d82b88535ea5b72b260ca	authorized-content	processual-only
/repos/Antigravity/typst-crystalline/lab/parity/matrix/fixtures/p1266/S06-radial-linear-rgb.typ	23154332a8fe86693112c87c901c1e3a6d1194dcac68edd8284f68bc4016b0de	authorized-content	processual-only
/repos/Antigravity/typst-crystalline/lab/parity/matrix/fixtures/p1266/S06-radial-oklab.typ	f31e6aff8dca6e8ae32c7135ff419c2ebfbe6d21beb514b6b4fc040b7a49716f	authorized-content	processual-only
/repos/Antigravity/typst-crystalline/lab/parity/matrix/fixtures/p1266/S07-linear-linear-rgb.typ	e22e4d3442069978ec265ebe41204fb3a33c10f5b53a07423ed8a3cb30234cd4	authorized-content	processual-only
/repos/Antigravity/typst-crystalline/lab/parity/matrix/fixtures/p1266/S07-linear-oklab.typ	21f2131f163185a524416bcc9938f93c89012f213e0cb3dd162b8f3cd9b1f26e	authorized-content	processual-only
/repos/Antigravity/typst-crystalline/lab/parity/matrix/fixtures/p1266/S07-radial-linear-rgb.typ	c9575a5dd1a270f63def7834d66690652b9455baae79fcd38a09c59c101c69a5	authorized-content	processual-only
/repos/Antigravity/typst-crystalline/lab/parity/matrix/fixtures/p1266/S07-radial-oklab.typ	2e2ef7a5030c8609411b44f3cb6ed7b7e82ea512fd43480d028f22c7033b3627	authorized-content	processual-only
/repos/Antigravity/typst-crystalline/lab/parity/matrix/fixtures/p1266/S08-linear-linear-rgb.typ	0e9818e8d731c8ef1f6a2da43479f419be98c4c56d9098e80a11ed56914c7210	authorized-content	processual-only
/repos/Antigravity/typst-crystalline/lab/parity/matrix/fixtures/p1266/S08-linear-oklab.typ	7469763d06ff8f70ecf5d302d41ea7c000e7ab5ee44e4c83624a3457314eebc2	authorized-content	processual-only
/repos/Antigravity/typst-crystalline/lab/parity/matrix/fixtures/p1266/S08-radial-linear-rgb.typ	f5b9ab8b03c64db8ac8582071df59c603ebba9e1ca1d0db7f93eb23a6ef594e6	authorized-content	processual-only
/repos/Antigravity/typst-crystalline/lab/parity/matrix/fixtures/p1266/S08-radial-oklab.typ	f03ad367179f86e3b14249ac0029e048404ca6a10ed5fe0dfa3990d98e5f8aea	authorized-content	processual-only
/repos/Antigravity/typst-crystalline/lab/parity/matrix/fixtures/p1266/S09-linear-linear-rgb.typ	2f7ea369fec1ee94398a54f4bd00b077e0431fb1b46a9de549d78e63c4266429	authorized-content	processual-only
/repos/Antigravity/typst-crystalline/lab/parity/matrix/fixtures/p1266/S09-linear-oklab.typ	1ee3a27f702d22f5414390842115ad273ea65c6016f5b1b3dbb8ee076a5aad8d	authorized-content	processual-only
/repos/Antigravity/typst-crystalline/lab/parity/matrix/fixtures/p1266/S09-radial-linear-rgb.typ	dfe539de52baa7a3fa048b1805990b0b4f14d70b7727f324e156283a0b1c6610	authorized-content	processual-only
/repos/Antigravity/typst-crystalline/lab/parity/matrix/fixtures/p1266/S09-radial-oklab.typ	1a324dd0d5721a08b36b81c17b2fc9fb916adc2370079313fe0701e4c013bf09	authorized-content	processual-only
/repos/Antigravity/typst-crystalline/lab/parity/matrix/fixtures/p1266/S10-linear-linear-rgb.typ	7551da4825e1979894d5d02f0e6dfe3c016abed8e2d65dc4d6d3454d07e285ef	authorized-content	processual-only
/repos/Antigravity/typst-crystalline/lab/parity/matrix/fixtures/p1266/S10-linear-oklab.typ	a026ceb7138f752a6606397f0ec7c4299e4ab6a83c1ecd3ab7f7fe6810fb7268	authorized-content	processual-only
/repos/Antigravity/typst-crystalline/lab/parity/matrix/fixtures/p1266/S10-radial-linear-rgb.typ	a72d8d5db01e872d9e966ae25be91df5846922b7d36d4af9778bff09a82bb52d	authorized-content	processual-only
/repos/Antigravity/typst-crystalline/lab/parity/matrix/fixtures/p1266/S10-radial-oklab.typ	33317bf0436515eba1c8edadeb8b7614eaf0c541a644b502e4c9e227254d5f1c	authorized-content	processual-only
/repos/Antigravity/typst-crystalline/lab/parity/matrix/fixtures/p1266/S11-linear-linear-rgb.typ	5da644425dc6029219653380493f0d15c251f4b9fe0ab56917dd16352f4597cc	authorized-content	processual-only
/repos/Antigravity/typst-crystalline/lab/parity/matrix/fixtures/p1266/S11-linear-oklab.typ	d1f41437ddfb9e02db82a3f9bd71edd291f20f64d38ad8abe7e9836803a1cc11	authorized-content	processual-only
/repos/Antigravity/typst-crystalline/lab/parity/matrix/fixtures/p1266/S11-radial-linear-rgb.typ	00d6fae74172387106c4ae66df8a9c345dfec9396a7ff8792ab3d386bbf46759	authorized-content	processual-only
/repos/Antigravity/typst-crystalline/lab/parity/matrix/fixtures/p1266/S11-radial-oklab.typ	daa7015a0b1bb28735df93fcba3a8d005aa4fc159aff7a6247f7956b5e18d692	authorized-content	processual-only
/repos/Antigravity/typst-crystalline/lab/parity/matrix/fixtures/p1266/S12-linear-linear-rgb.typ	dbe1a2b5afa57c7c36215167d3883fb0fa6f49928a76f134f0fd425cf8c46e30	authorized-content	processual-only
/repos/Antigravity/typst-crystalline/lab/parity/matrix/fixtures/p1266/S12-linear-oklab.typ	7a5607ad0ba37d564af6847a5bdd62517e65a8b3748f9cfd1a4de3dc6a2f9c8c	authorized-content	processual-only
/repos/Antigravity/typst-crystalline/lab/parity/matrix/fixtures/p1266/S12-radial-linear-rgb.typ	2e93263c80734a7a076779fdc17e676a8c7c339c46eee9f891e4a137f7f501ca	authorized-content	processual-only
/repos/Antigravity/typst-crystalline/lab/parity/matrix/fixtures/p1266/S12-radial-oklab.typ	dbcc95e7667305431b2be228332e88fdb20a1a08aff4bd41d542b67444733d25	authorized-content	processual-only
/repos/Antigravity/typst-crystalline/lab/parity/matrix/fixtures/p1266/S13-linear-linear-rgb.typ	d53d3368062c098831add99d5774bfab67683faedfd7047be079f614c86ca152	authorized-content	processual-only
/repos/Antigravity/typst-crystalline/lab/parity/matrix/fixtures/p1266/S13-linear-oklab.typ	1c9d0d7041fd6fdccc9e7ce315d10c508cc02e3b3c05c646497ed8f876155f15	authorized-content	processual-only
/repos/Antigravity/typst-crystalline/lab/parity/matrix/fixtures/p1266/S13-radial-linear-rgb.typ	8e1662afc7f823a4a582fe42f5888dc214dbdb9bf8f42550ede6ac860db83244	authorized-content	processual-only
/repos/Antigravity/typst-crystalline/lab/parity/matrix/fixtures/p1266/S13-radial-oklab.typ	8236d11d4b128e9d33d3dcba7b07acbb943bedb35f1040117369cac8df6889c0	authorized-content	processual-only
/repos/Antigravity/typst-crystalline/lab/parity/matrix/fixtures/p1266/S14-linear-linear-rgb.typ	517bb948bd518b8abdb9ed26cde18583586486639268b36494dbbca6cea5057e	authorized-content	processual-only
/repos/Antigravity/typst-crystalline/lab/parity/matrix/fixtures/p1266/S14-linear-oklab.typ	7be84891b75e7bc3bbbb2d3e1b539f958f95e7fafdba2f6cc0275133571e95cd	authorized-content	processual-only
/repos/Antigravity/typst-crystalline/lab/parity/matrix/fixtures/p1266/S14-radial-linear-rgb.typ	1a08f2c3c826c40664f7c30f84bb528a54955c5c39de885531eb4a7ec6abe956	authorized-content	processual-only
/repos/Antigravity/typst-crystalline/lab/parity/matrix/fixtures/p1266/S14-radial-oklab.typ	6b5c3d1e421b12587c24a3cadb07419cd1c02e900142a850395a5592c3a6066c	authorized-content	processual-only
/repos/Antigravity/typst-crystalline/lab/parity/matrix/fixtures/p1266/S15-linear-linear-rgb.typ	d4480f431a2a93a0b0daaea74f349e84403c546a391ff0ceb43bfdbcde493ddc	authorized-content	processual-only
/repos/Antigravity/typst-crystalline/lab/parity/matrix/fixtures/p1266/S15-linear-oklab.typ	fe68ea4457ae0acfceba44a2cd44df74634dd3a468d5c693944d6c5d4b1af7bb	authorized-content	processual-only
/repos/Antigravity/typst-crystalline/lab/parity/matrix/fixtures/p1266/S15-radial-linear-rgb.typ	b31545ca80a620e08df6934629fceb6bcea6fd67d5c3cc17239d513a0c2eb9b5	authorized-content	processual-only
/repos/Antigravity/typst-crystalline/lab/parity/matrix/fixtures/p1266/S15-radial-oklab.typ	b90964913b388574a9fe3a247e66a07bfa24b4eb6e443df764906e2c1605ddbe	authorized-content	processual-only
/repos/Antigravity/typst-crystalline/lab/parity/matrix/fixtures/p1266/S16-linear-linear-rgb.typ	37984af5be235c04e160298370762a2fcfb4e2f055366d123652a733f6d43386	authorized-content	processual-only
/repos/Antigravity/typst-crystalline/lab/parity/matrix/fixtures/p1266/S16-linear-oklab.typ	4a4de643760cfe4595541044682a2f503c6c8016c9f92bbb9c9e1d8a18df9e5b	authorized-content	processual-only
/repos/Antigravity/typst-crystalline/lab/parity/matrix/fixtures/p1266/S16-radial-linear-rgb.typ	ce2db167a6901cb6410d95a5b39c7ba6a12cb86e6b5c9e08323aaf522389fbfd	authorized-content	processual-only
/repos/Antigravity/typst-crystalline/lab/parity/matrix/fixtures/p1266/S16-radial-oklab.typ	2248b70b60f1716a2ff24bc4e951c6f006b53dc01b2250da6d2e2d362834524f	authorized-content	processual-only
/repos/Antigravity/typst-crystalline/lab/parity/matrix/fixtures/p1266/S17-linear-linear-rgb.typ	383cd05e8c644a14977ace4199f9547f40befd64ae3a7c31c4e9c783dae014bd	authorized-content	processual-only
/repos/Antigravity/typst-crystalline/lab/parity/matrix/fixtures/p1266/S17-linear-oklab.typ	7ba241edd30e447a7e0b3609fc67b7c1888e418f1c7c4c16eb3aa429967ab578	authorized-content	processual-only
/repos/Antigravity/typst-crystalline/lab/parity/matrix/fixtures/p1266/S17-radial-linear-rgb.typ	02f6b42a72400811c0c0da4df90b18b2f920da4193b1c51dd70c2704cfa8c401	authorized-content	processual-only
/repos/Antigravity/typst-crystalline/lab/parity/matrix/fixtures/p1266/S17-radial-oklab.typ	b6d3d4ce84d6bc15ac7ad49a2f2d11ad9fd33d142fca9eaff350817f10aab8d8	authorized-content	processual-only
/repos/Antigravity/typst-crystalline/lab/parity/matrix/fixtures/p1266/S18-linear-linear-rgb.typ	cbbb71e49b38ac00b61b6529b3008ddb3c1084c17ed948dd0c50aac9bc0e62b8	authorized-content	processual-only
/repos/Antigravity/typst-crystalline/lab/parity/matrix/fixtures/p1266/S18-linear-oklab.typ	4b4ad8725fddfc2b6e6fa38c2382d7e515692e769e38e652deb7247a60f99e93	authorized-content	processual-only
/repos/Antigravity/typst-crystalline/lab/parity/matrix/fixtures/p1266/S18-radial-linear-rgb.typ	75181e6cbb7b2250eb8f30ccce9460806a745046548c802c17c28799c2f6bca5	authorized-content	processual-only
/repos/Antigravity/typst-crystalline/lab/parity/matrix/fixtures/p1266/S18-radial-oklab.typ	c4cb6434ecb2070f4f305035a4c3a2019dcceba3e22ee3b1933c76a233622208	authorized-content	processual-only
/repos/Antigravity/typst-crystalline/lab/parity/matrix/fixtures/p1266/S19-linear-linear-rgb.typ	441cf1103c3a707d8f40228b3d98620a1f6f3fb803ccd8be0ec3dd057183cbb4	authorized-content	processual-only
/repos/Antigravity/typst-crystalline/lab/parity/matrix/fixtures/p1266/S19-linear-oklab.typ	162f57da6061cd36f9c4d0c1e706246a9e505cb8e5e0f16344161ab94cc1335c	authorized-content	processual-only
/repos/Antigravity/typst-crystalline/lab/parity/matrix/fixtures/p1266/S19-radial-linear-rgb.typ	a46f61074d562fe47b0158ca6a4f7a2691a9dea4793208986c5b65aeca0635cc	authorized-content	processual-only
/repos/Antigravity/typst-crystalline/lab/parity/matrix/fixtures/p1266/S19-radial-oklab.typ	d911c3e187b39851aad656ed20e012d193db8ac8c300752ef7f4a46a342e9561	authorized-content	processual-only
/repos/Antigravity/typst-crystalline/lab/parity/matrix/fixtures/p1266/S20-linear-linear-rgb.typ	0ad19cecbb68be78abe74ba06ac6ed20d858057204837a82b81bb07f711037ea	authorized-content	processual-only
/repos/Antigravity/typst-crystalline/lab/parity/matrix/fixtures/p1266/S20-linear-oklab.typ	115e02aefbe002a20a8be63fa81e6464b84e171767312750cd7fa33bf6cb55cd	authorized-content	processual-only
/repos/Antigravity/typst-crystalline/lab/parity/matrix/fixtures/p1266/S20-radial-linear-rgb.typ	ddee0009d6ed2705b6ab91a7c33b32718cfe7375aacba587808aeff2dfbf19d7	authorized-content	processual-only
/repos/Antigravity/typst-crystalline/lab/parity/matrix/fixtures/p1266/S20-radial-oklab.typ	d62be08d42e4abf5312ce1ab89c2cb64570aa770ef4c2cacc2d182a82ed7ff49	authorized-content	processual-only
/repos/Antigravity/typst-crystalline/lab/parity/matrix/fixtures/p1266/S21-linear-linear-rgb.typ	0f712d6e24d9c72bcfc0d8e6d5da291e8841d6d4d542893911718831db659320	authorized-content	processual-only
/repos/Antigravity/typst-crystalline/lab/parity/matrix/fixtures/p1266/S21-linear-oklab.typ	bb4ef8b5c9ba9bdaaf3674667d72f4e6dd7a86595e46b755b702427ac44eae6a	authorized-content	processual-only
/repos/Antigravity/typst-crystalline/lab/parity/matrix/fixtures/p1266/S21-radial-linear-rgb.typ	b70f976651212a8318e3ce841be482fe697e4d2764ae1b8960a64201e483ce47	authorized-content	processual-only
/repos/Antigravity/typst-crystalline/lab/parity/matrix/fixtures/p1266/S21-radial-oklab.typ	719d7b44b6887feddd7063178a01c7087d2c21877ad2bf4677b0415a12740bc0	authorized-content	processual-only
/repos/Antigravity/typst-crystalline/lab/parity/matrix/fixtures/p1266/S22-linear-linear-rgb.typ	d3be75cd2be5dd5f0b0b2dee8cc6566e54dddcb2c9fde2ae5afee251b9f024d6	authorized-content	processual-only
/repos/Antigravity/typst-crystalline/lab/parity/matrix/fixtures/p1266/S22-linear-oklab.typ	acafb716ef91b9c3393c6c672cb9f3cb58b14d556c0ca639fa9290a1ce6a58c8	authorized-content	processual-only
/repos/Antigravity/typst-crystalline/lab/parity/matrix/fixtures/p1266/S22-radial-linear-rgb.typ	c1d093419b20107f015800d6c07e738f484873861cfe478c58288526eaf39734	authorized-content	processual-only
/repos/Antigravity/typst-crystalline/lab/parity/matrix/fixtures/p1266/S22-radial-oklab.typ	4253677ff38d149ead86f91dd532bab8e481eeeefa8eb8e64237de53ad2cdc20	authorized-content	processual-only
/repos/Antigravity/typst-crystalline/lab/parity/matrix/fixtures/p1266/S23-linear-linear-rgb.typ	96ffb6526c0fc410f957127187f8909c1c29e3b426e2b1cabe288edd92e993b6	authorized-content	processual-only
/repos/Antigravity/typst-crystalline/lab/parity/matrix/fixtures/p1266/S23-linear-oklab.typ	e011bba69e8ea453262514cd775de700434f81ce54b97516e94d53ada9205646	authorized-content	processual-only
/repos/Antigravity/typst-crystalline/lab/parity/matrix/fixtures/p1266/S23-radial-linear-rgb.typ	496e50234b5481b524f89e6142232fb7442cf887c1a56b288482d9a16d47bcd0	authorized-content	processual-only
/repos/Antigravity/typst-crystalline/lab/parity/matrix/fixtures/p1266/S23-radial-oklab.typ	8167311cd6e5d8108d517ab4741e75e8ff9b7e4f57442d472bd33ffe09ca903a	authorized-content	processual-only
/repos/Antigravity/typst-crystalline/lab/parity/matrix/fixtures/p1266/S24-linear-linear-rgb.typ	aea5e80f6db56d54daf4745f173629c621d0abc5536a2801f8eea1c0b88474a3	authorized-content	processual-only
/repos/Antigravity/typst-crystalline/lab/parity/matrix/fixtures/p1266/S24-linear-oklab.typ	4e6f03fb610ba89c966cb5723d173a8250f9f5a8d39e13037fe2439e36737402	authorized-content	processual-only
/repos/Antigravity/typst-crystalline/lab/parity/matrix/fixtures/p1266/S24-radial-linear-rgb.typ	bdb6afc23d785322f5af88e1b20b8563a803e451af50a8341fce257504488c13	authorized-content	processual-only
/repos/Antigravity/typst-crystalline/lab/parity/matrix/fixtures/p1266/S24-radial-oklab.typ	81009ea2014b44a054afcdb7dd3ec6629adb921c90554cb3bcb8df88e98e4049	authorized-content	processual-only
/repos/Antigravity/typst-crystalline/lab/typst-original/crates/typst-library/src/visualize/gradient.rs	ed7a1be4e398fa47dff9ede8aa31c939514e341f9e47ac5099787d422f67967c	authorized-content	processual-only
/repos/Antigravity/typst-crystalline/typst-passo-1268.md	c9f8ff5bca9131c307baaf88f3f0a1c2d80cac775623ab4c521f4231db969188	authorized-content	processual-only
/tmp/p1268/adversary/attack_runner.py	f290e57f38db6604087225e0d4038a29a6f43dfafbd86c877d6409115dcd62a9	authorized-content	processual-only
/tmp/p1268/adversary/attacks.tsv	86393124a5209ab8376224a1a84a22d3275220a0869c4ce8bab530df35e3af8b	authorized-content	processual-only
/tmp/p1268/adversary/mutation-schema.tsv	82f3a77f8a720fa2d29ef37a0062ec8459606a568cc590aba69e52ac6f092109	authorized-content	processual-only
/tmp/p1268/adversary/opaque-cases.tsv	f7e48b49ec4c4ec930fe497389118e826d7f03af676816170ab4c9cfd83b0bc5	authorized-content	processual-only
/tmp/p1268/adversary/receipt.tsv	56cf0cff1acf2eb72b2515108c493982dc10b0a66a628213aec15c3275cde66e	authorized-content	processual-only
/tmp/p1268/oracle_v3/binaries/direct/S01-linear-linear-rgb.svg	0ac25c4ff1f3a091ccd804e641ff3ce5a4e37dac2530b988bc6196b2370da96e	authorized-content	processual-only
/tmp/p1268/oracle_v3/binaries/direct/S01-linear-oklab.svg	eef7bd42846245fb204eeb9d6e2bfac10c1deb57180243bded8b1683714cae97	authorized-content	processual-only
/tmp/p1268/oracle_v3/binaries/direct/S01-radial-linear-rgb.svg	8b5a2c92bbafbc3871fcf070f34f0d24e23fa99e546312b9a6fc190b5d004cfe	authorized-content	processual-only
/tmp/p1268/oracle_v3/binaries/direct/S01-radial-oklab.svg	f065ec6e60f9509ef769b63609be6b3b6f64b60e55d35159d6ee875564db6220	authorized-content	processual-only
/tmp/p1268/oracle_v3/binaries/direct/S02-linear-linear-rgb.svg	712e47c53e4ddfb85b17b11e0142f4290ee3913e8d3183110f2de22fbe43fa52	authorized-content	processual-only
/tmp/p1268/oracle_v3/binaries/direct/S02-linear-oklab.svg	6e56b9e0ce5f76a52541096629b6c7d03177a05ffb16536307c0596a7c011d94	authorized-content	processual-only
/tmp/p1268/oracle_v3/binaries/direct/S02-radial-linear-rgb.svg	707ab46f615247682011329053a13e5a3ff588283aec4505fbadb3396b390f79	authorized-content	processual-only
/tmp/p1268/oracle_v3/binaries/direct/S02-radial-oklab.svg	29156af0a5f15567f62f11dd63f24e17208a551f845f43585dfb8258bcaa037e	authorized-content	processual-only
/tmp/p1268/oracle_v3/binaries/direct/S03-linear-linear-rgb.svg	6aec722a841350fd4982329414924c2a32cd5d4b4e4efac368bbc6d97fd39d87	authorized-content	processual-only
/tmp/p1268/oracle_v3/binaries/direct/S03-linear-oklab.svg	43c00380b09e488d1627f81080560fb84681436f10879a8f501e9d69c89379a3	authorized-content	processual-only
/tmp/p1268/oracle_v3/binaries/direct/S03-radial-linear-rgb.svg	20588f42d16ea201caf30bf607cb7e9479f78c19553046f82ac96a587273fd18	authorized-content	processual-only
/tmp/p1268/oracle_v3/binaries/direct/S03-radial-oklab.svg	d455c6c9d17de945e3ee43dc29156352246a510015470b5bc545cdb6fa79ca37	authorized-content	processual-only
/tmp/p1268/oracle_v3/binaries/direct/S04-linear-linear-rgb.svg	3793779df2d2bba055eac555513643843f1b8f0e736e93957302d18a9f89a384	authorized-content	processual-only
/tmp/p1268/oracle_v3/binaries/direct/S04-linear-oklab.svg	7d4f1ca656a62d0c5643e54e44bfe8617f98cf7fca16912519e6c8d1ecfca6a6	authorized-content	processual-only
/tmp/p1268/oracle_v3/binaries/direct/S04-radial-linear-rgb.svg	084095657faa6a71a3fde81a8387d8195183b79ab32e5d652323d2daabb6cc35	authorized-content	processual-only
/tmp/p1268/oracle_v3/binaries/direct/S04-radial-oklab.svg	3740634d5fc525941ad00b659bbadf6d7abd79f7d4b5814e5704899755f57ce9	authorized-content	processual-only
/tmp/p1268/oracle_v3/binaries/direct/S05-linear-linear-rgb.svg	ad771a7d1b3276c9c26ded25c2f50de61db5da9292a0b87a71b8a753dd0354c4	authorized-content	processual-only
/tmp/p1268/oracle_v3/binaries/direct/S05-linear-oklab.svg	5ef1ea11756aa3fb5e63bfe507127e683c50a5dfe399929f4dec5de419b18810	authorized-content	processual-only
/tmp/p1268/oracle_v3/binaries/direct/S05-radial-linear-rgb.svg	696b7c3a17289f6cfef4be23494bbef4f9fa4a66579d0cdfd5a916142c3891c6	authorized-content	processual-only
/tmp/p1268/oracle_v3/binaries/direct/S05-radial-oklab.svg	369a5fce62838e9f80ed56768e4002aad22684e73050b6bf2bd9526c39e15b4f	authorized-content	processual-only
/tmp/p1268/oracle_v3/binaries/direct/S06-linear-linear-rgb.svg	04a455f8b7f2e4148aac78310537d17ab1ad60c25113077703e3b17eda7cce40	authorized-content	processual-only
/tmp/p1268/oracle_v3/binaries/direct/S06-linear-oklab.svg	f84e51801df7e2f07180e74799adce551ed5818b07095e02a87b2dcb50fa4e8d	authorized-content	processual-only
/tmp/p1268/oracle_v3/binaries/direct/S06-radial-linear-rgb.svg	6aeed636b40c191646fdb16c85d9079f7cd852654bef94fac6da03aaa594f7c0	authorized-content	processual-only
/tmp/p1268/oracle_v3/binaries/direct/S06-radial-oklab.svg	8c264b28c15290466159255930211a8daea9f73f81beb3796205202aad9c6023	authorized-content	processual-only
/tmp/p1268/oracle_v3/binaries/direct/S07-linear-linear-rgb.svg	1366c60367cfb9d60b08e1b8eb091f8a62b0542612d1333177e467f0de74e302	authorized-content	processual-only
/tmp/p1268/oracle_v3/binaries/direct/S07-linear-oklab.svg	94aa684c0cc6fbd3471fa86ed7897c7635ecb0a43744db6b1ec0a03e2bd65e4f	authorized-content	processual-only
/tmp/p1268/oracle_v3/binaries/direct/S07-radial-linear-rgb.svg	d1f793c4799010051e2c70433a862e3abb6520245096bfd28322f682b94687a2	authorized-content	processual-only
/tmp/p1268/oracle_v3/binaries/direct/S07-radial-oklab.svg	8d39b670f16cee2ddb2f14e207e517237e90c4dda2be0bee0df5aa8303dc1e1e	authorized-content	processual-only
/tmp/p1268/oracle_v3/binaries/direct/S08-linear-linear-rgb.svg	a1ac774a503b611e760c45943de6351fd3548511179b58ac31484e7713f72bfd	authorized-content	processual-only
/tmp/p1268/oracle_v3/binaries/direct/S08-linear-oklab.svg	d93b66b5a117bf40e4e2a172c811e0eda65de4c0ce6afbb0fe6768d3eb0225d1	authorized-content	processual-only
/tmp/p1268/oracle_v3/binaries/direct/S08-radial-linear-rgb.svg	3896f2bebf4557a543e403c789bec314d71669a20a918f2996c0e34eb6b39269	authorized-content	processual-only
/tmp/p1268/oracle_v3/binaries/direct/S08-radial-oklab.svg	15678b83ee3c9c27cf8613c7661de11be609d9701471394b00a9819df305cfaa	authorized-content	processual-only
/tmp/p1268/oracle_v3/binaries/direct/S09-linear-linear-rgb.svg	c566f71deafa6d1a167e4db107c55ac4a0ab275950e4dc35d17be478bb664602	authorized-content	processual-only
/tmp/p1268/oracle_v3/binaries/direct/S09-linear-oklab.svg	e82a956d85fe484bcb0b9ff14f2e97cd5d33f5f9a901f6d52220eb9b6b17b204	authorized-content	processual-only
/tmp/p1268/oracle_v3/binaries/direct/S09-radial-linear-rgb.svg	6136496e7fa3f84b4e64d692175de4a38cecf97287d5c982aba365598ed72fc4	authorized-content	processual-only
/tmp/p1268/oracle_v3/binaries/direct/S09-radial-oklab.svg	b359ab50d43b4c9a3c40e4018b6d8c63e66046f70b52b10a1b998d9157179eeb	authorized-content	processual-only
/tmp/p1268/oracle_v3/binaries/direct/S10-linear-linear-rgb.svg	6b1b91778aa74170720723dcf7ab7bc4534bd24279b53c7da3d855180bbfc526	authorized-content	processual-only
/tmp/p1268/oracle_v3/binaries/direct/S10-linear-oklab.svg	49bba0f88433a79e4e97c24c1718fbd4d981d9755e0f9ab43cba05a895a4c979	authorized-content	processual-only
/tmp/p1268/oracle_v3/binaries/direct/S10-radial-linear-rgb.svg	6390bdbf5e5ee256c83b80aa71ca05b3cf62438214c279612bcf63c0159d219f	authorized-content	processual-only
/tmp/p1268/oracle_v3/binaries/direct/S10-radial-oklab.svg	882bb38e9b752b2f04fbc0a9fc790fe66784d5dd1f732c0f3997e1a253317276	authorized-content	processual-only
/tmp/p1268/oracle_v3/binaries/direct/S11-linear-linear-rgb.svg	0320fdec53ea02a16e1bab7b380fab622e574c6feaf4ad1d3c0d2aad2801b55d	authorized-content	processual-only
/tmp/p1268/oracle_v3/binaries/direct/S11-linear-oklab.svg	c36c62e6a754accb822b5920542e4cdc07cdb19993cdd968b573c7894198411e	authorized-content	processual-only
/tmp/p1268/oracle_v3/binaries/direct/S11-radial-linear-rgb.svg	d3db1214f144f444531647cdee99a19031121851c1269b14d97a2c75757af2a6	authorized-content	processual-only
/tmp/p1268/oracle_v3/binaries/direct/S11-radial-oklab.svg	06920f962187219e745c8837978172354abaaa5cf433cb39b66ff6f6e2d9fcad	authorized-content	processual-only
/tmp/p1268/oracle_v3/binaries/direct/S12-linear-linear-rgb.svg	6a956f9561e4a98923333bdfef0bb346d1a0143307d4b36c3a93f71f41ffabf7	authorized-content	processual-only
/tmp/p1268/oracle_v3/binaries/direct/S12-linear-oklab.svg	8991e3eee8c452a2a20e1abc6e5a746244c09bebb898ae81e5a186b211431e36	authorized-content	processual-only
/tmp/p1268/oracle_v3/binaries/direct/S12-radial-linear-rgb.svg	6147dc94e88ed66e034b009b1a6a31160d5e92d946cae4645c03c3d9400fbbf4	authorized-content	processual-only
/tmp/p1268/oracle_v3/binaries/direct/S12-radial-oklab.svg	941087fd2ebff6f5fe820dfaa3ecc0cd0302ba66e8126cfc0e3083af1afed9b5	authorized-content	processual-only
/tmp/p1268/oracle_v3/binaries/direct/S13-linear-linear-rgb.svg	221684168a4e3fab998e9dd35a45f18475557900992f09023d4068286536e21a	authorized-content	processual-only
/tmp/p1268/oracle_v3/binaries/direct/S13-linear-oklab.svg	d056a585537c5518d1068b75bf528a63814f7f9cb17db7ac9c47d9804c9a3b45	authorized-content	processual-only
/tmp/p1268/oracle_v3/binaries/direct/S13-radial-linear-rgb.svg	d43814928b7269d3c3294b59376ed9d6bebcb17bfad2115c093cca89ea2d68c9	authorized-content	processual-only
/tmp/p1268/oracle_v3/binaries/direct/S13-radial-oklab.svg	ad45ee349ec49df520fbe907966683c173b1d40f80193186ae0a0272926f5f53	authorized-content	processual-only
/tmp/p1268/oracle_v3/binaries/direct/S14-linear-linear-rgb.svg	96691bb095f77eaaa786e1d3ead4404791536d8c79cd59cbbc57819d91fe0b63	authorized-content	processual-only
/tmp/p1268/oracle_v3/binaries/direct/S14-linear-oklab.svg	d24163d425b5c90ee9d76338e5d7a0b7b9d1c277699dfa916ff5c0bf3210394d	authorized-content	processual-only
/tmp/p1268/oracle_v3/binaries/direct/S14-radial-linear-rgb.svg	69a5ea7f60e1a05675d7a09b626517078859aa962e84e8697e9f55c7cd776b16	authorized-content	processual-only
/tmp/p1268/oracle_v3/binaries/direct/S14-radial-oklab.svg	35d0adb30ca8d7c9cd6c6e2e7201a8afe4d978c29fa3dc71ac21ff691e8bd95c	authorized-content	processual-only
/tmp/p1268/oracle_v3/binaries/direct/S15-linear-linear-rgb.svg	3d372c6d6039b89d277117736d04e57b7d69d86824b405b3b75b1590b312c9ad	authorized-content	processual-only
/tmp/p1268/oracle_v3/binaries/direct/S15-linear-oklab.svg	af50a6336f29632de43b7978c8fbc0e9db4636097d0b37cb5c9a9eac5b81ed53	authorized-content	processual-only
/tmp/p1268/oracle_v3/binaries/direct/S15-radial-linear-rgb.svg	2787fe042e322ba61f705e0fb4eebff84d962f3a02d4be9a28134b1893ca9ea8	authorized-content	processual-only
/tmp/p1268/oracle_v3/binaries/direct/S15-radial-oklab.svg	f076106a1347f2ea9c855d1b2dd212ff7d5f2612e4e246aa18eecfaf5679df81	authorized-content	processual-only
/tmp/p1268/oracle_v3/binaries/direct/S16-linear-linear-rgb.svg	e2a47469b59c432ddf78f42ff6d70e7f6745154c255cb054bd91b3ea014cb73a	authorized-content	processual-only
/tmp/p1268/oracle_v3/binaries/direct/S16-linear-oklab.svg	babdde84229cb94624bc169c86bc876ee974d7ad09b2eb3f19f97fc6b49d1457	authorized-content	processual-only
/tmp/p1268/oracle_v3/binaries/direct/S16-radial-linear-rgb.svg	d185e2c9d54c545101ec5a147ba514095d32d4e6e09ea2d83ecede2b66057afc	authorized-content	processual-only
/tmp/p1268/oracle_v3/binaries/direct/S16-radial-oklab.svg	88e6de7a582b366cb38a2c9d14204c9f0501a6268fa372c56579fe6b2ff9fa22	authorized-content	processual-only
/tmp/p1268/oracle_v3/binaries/direct/S17-linear-linear-rgb.svg	57ca969e8a4f122788375fc44bcd8dab23fac8c23da424815bd208773ffa34ea	authorized-content	processual-only
/tmp/p1268/oracle_v3/binaries/direct/S17-linear-oklab.svg	22bc4bd3e170073fc8f6e0b82541d75d9b200524a3e38f63268cc91e50e46ed9	authorized-content	processual-only
/tmp/p1268/oracle_v3/binaries/direct/S17-radial-linear-rgb.svg	70d903043313fcaafbaaa7c8bfae071e2ab764713c02e2c7d47fa99936c02aac	authorized-content	processual-only
/tmp/p1268/oracle_v3/binaries/direct/S17-radial-oklab.svg	85a3eae8015f08069222e618bdc4d8f4c4548f53ac325c9d02fd4aee2083735e	authorized-content	processual-only
/tmp/p1268/oracle_v3/binaries/direct/S18-linear-linear-rgb.svg	6c6ed68104fad409d35a4c6273b50178356aa2de7e30ea1376232fd7134086e2	authorized-content	processual-only
/tmp/p1268/oracle_v3/binaries/direct/S18-linear-oklab.svg	b3f2ffb95e4ee95cd817cdeace8d5c378df26b2dd0ea33a87a838a7673a19627	authorized-content	processual-only
/tmp/p1268/oracle_v3/binaries/direct/S18-radial-linear-rgb.svg	07f7c832af5cab042d70fbdab86d0ec7f179d566726a45c1e461b71f18bdfebb	authorized-content	processual-only
/tmp/p1268/oracle_v3/binaries/direct/S18-radial-oklab.svg	d8973997cf41cfda47105cd3513afca21d3a1c7e016dd2854ac992358b07f7d1	authorized-content	processual-only
/tmp/p1268/oracle_v3/binaries/direct/S19-linear-linear-rgb.svg	317a51693d6237eaf6ac7345e8d7c31f3d62ca102b16d97f342b51ad02a913e8	authorized-content	processual-only
/tmp/p1268/oracle_v3/binaries/direct/S19-linear-oklab.svg	10c3bc56fe9ca8d84c590c47779e2dfb7df776b9fb9c8ac0b7508861faf0c348	authorized-content	processual-only
/tmp/p1268/oracle_v3/binaries/direct/S19-radial-linear-rgb.svg	f53b6594174019d859e626938ff7751d797250926480ef41fa38bfe3ce00388e	authorized-content	processual-only
/tmp/p1268/oracle_v3/binaries/direct/S19-radial-oklab.svg	80e2b1c73d7bdca02f91bbb4daff0bbab6952df2126ab226b7052add290f718d	authorized-content	processual-only
/tmp/p1268/oracle_v3/binaries/direct/S20-linear-linear-rgb.svg	d9af590f0bd6d39a38191f86db3bbbd2c7e2eb48f0cc8f147e0b1a45f8e94e35	authorized-content	processual-only
/tmp/p1268/oracle_v3/binaries/direct/S20-linear-oklab.svg	f458a6f32d57bb79db27b22fecca8180b0d927fcebf73ec28303f32ce4bd9606	authorized-content	processual-only
/tmp/p1268/oracle_v3/binaries/direct/S20-radial-linear-rgb.svg	432605804f1bfa81f890c03dda0f1ef58d02b8856aa4b37b69987a7d7dd7ebf3	authorized-content	processual-only
/tmp/p1268/oracle_v3/binaries/direct/S20-radial-oklab.svg	1c55343b2a502312c2aa8e8db9ccd0e44d3a0d074b6865006fc1c85011e64b10	authorized-content	processual-only
/tmp/p1268/oracle_v3/binaries/direct/S21-linear-linear-rgb.svg	5fffd939bc25c72f1348adcafbcbe2b6da94e808679f407eaa2eb9c30e6c4245	authorized-content	processual-only
/tmp/p1268/oracle_v3/binaries/direct/S21-linear-oklab.svg	94782359d25a4a87c37349fd536b2d56ec3f49cfa227d852a4483f4a748ae891	authorized-content	processual-only
/tmp/p1268/oracle_v3/binaries/direct/S21-radial-linear-rgb.svg	3a6198a58c0650b377f264ed9337a8f54cb71fa134ceb8f35376bfd97fe4beec	authorized-content	processual-only
/tmp/p1268/oracle_v3/binaries/direct/S21-radial-oklab.svg	3a517a510e3c3a53a5c70ff721b5676049cd4cf87bbcba2f16a56718f5614172	authorized-content	processual-only
/tmp/p1268/oracle_v3/binaries/direct/S22-linear-linear-rgb.svg	a4d222ee1bc4fb1d6fb37c22cfb9a34a718e998fe543ddce99d91d29fa3a020c	authorized-content	processual-only
/tmp/p1268/oracle_v3/binaries/direct/S22-linear-oklab.svg	3836c1e7788ba81fe42234e0ace1ee58a762a126b927073bdd7b61eb843b8641	authorized-content	processual-only
/tmp/p1268/oracle_v3/binaries/direct/S22-radial-linear-rgb.svg	27d32d54a8564a9b1ca43052513abc8e7594a3ef47fccaf9a501e37ce6ba5ebd	authorized-content	processual-only
/tmp/p1268/oracle_v3/binaries/direct/S22-radial-oklab.svg	fac67da0bf6c630ca72f964fd579d46b1723abbc07312a6df5dc88be6db921a5	authorized-content	processual-only
/tmp/p1268/oracle_v3/binaries/direct/S23-linear-linear-rgb.svg	e2b8c7ae6cf534adc93a4e8ad0298089095812b2078345b3098b469e9f26e1bd	authorized-content	processual-only
/tmp/p1268/oracle_v3/binaries/direct/S23-linear-oklab.svg	792c731fee3b6a1f26d11eb0117175f79523557af8cf14980a46f6e671d519d3	authorized-content	processual-only
/tmp/p1268/oracle_v3/binaries/direct/S23-radial-linear-rgb.svg	e1b09e08810ad1bacc9df19aaeb9e820c4852968db1df6b7dccbdeaded2329b2	authorized-content	processual-only
/tmp/p1268/oracle_v3/binaries/direct/S23-radial-oklab.svg	de5d17d00a8b0f984f7d9a2a5faf02a123da9ab73c980781b8b4b652567239aa	authorized-content	processual-only
/tmp/p1268/oracle_v3/binaries/direct/S24-linear-linear-rgb.svg	6854622e6bcd730c656f117a8177bce70ebd104ca348ccb862f2fe9bc4a4fc8d	authorized-content	processual-only
/tmp/p1268/oracle_v3/binaries/direct/S24-linear-oklab.svg	df8d80bc44022d9acd17f8a231e3180e9503593e5be9bf75041f3ce3d42078c9	authorized-content	processual-only
/tmp/p1268/oracle_v3/binaries/direct/S24-radial-linear-rgb.svg	5ee781cc43107675dc59b32d7b81110b24c19dd8e699e566f8be455b9eb8438a	authorized-content	processual-only
/tmp/p1268/oracle_v3/binaries/direct/S24-radial-oklab.svg	98258fb689e0551841ede8d2820ed6bd0b0139d4c892bc314637f4c17c3ea221	authorized-content	processual-only
/tmp/p1268/oracle_v3/binaries/inverse/S01-linear-linear-rgb.svg	0ac25c4ff1f3a091ccd804e641ff3ce5a4e37dac2530b988bc6196b2370da96e	authorized-content	processual-only
/tmp/p1268/oracle_v3/binaries/inverse/S01-linear-oklab.svg	eef7bd42846245fb204eeb9d6e2bfac10c1deb57180243bded8b1683714cae97	authorized-content	processual-only
/tmp/p1268/oracle_v3/binaries/inverse/S01-radial-linear-rgb.svg	8b5a2c92bbafbc3871fcf070f34f0d24e23fa99e546312b9a6fc190b5d004cfe	authorized-content	processual-only
/tmp/p1268/oracle_v3/binaries/inverse/S01-radial-oklab.svg	f065ec6e60f9509ef769b63609be6b3b6f64b60e55d35159d6ee875564db6220	authorized-content	processual-only
/tmp/p1268/oracle_v3/binaries/inverse/S02-linear-linear-rgb.svg	712e47c53e4ddfb85b17b11e0142f4290ee3913e8d3183110f2de22fbe43fa52	authorized-content	processual-only
/tmp/p1268/oracle_v3/binaries/inverse/S02-linear-oklab.svg	6e56b9e0ce5f76a52541096629b6c7d03177a05ffb16536307c0596a7c011d94	authorized-content	processual-only
/tmp/p1268/oracle_v3/binaries/inverse/S02-radial-linear-rgb.svg	707ab46f615247682011329053a13e5a3ff588283aec4505fbadb3396b390f79	authorized-content	processual-only
/tmp/p1268/oracle_v3/binaries/inverse/S02-radial-oklab.svg	29156af0a5f15567f62f11dd63f24e17208a551f845f43585dfb8258bcaa037e	authorized-content	processual-only
/tmp/p1268/oracle_v3/binaries/inverse/S03-linear-linear-rgb.svg	6aec722a841350fd4982329414924c2a32cd5d4b4e4efac368bbc6d97fd39d87	authorized-content	processual-only
/tmp/p1268/oracle_v3/binaries/inverse/S03-linear-oklab.svg	43c00380b09e488d1627f81080560fb84681436f10879a8f501e9d69c89379a3	authorized-content	processual-only
/tmp/p1268/oracle_v3/binaries/inverse/S03-radial-linear-rgb.svg	20588f42d16ea201caf30bf607cb7e9479f78c19553046f82ac96a587273fd18	authorized-content	processual-only
/tmp/p1268/oracle_v3/binaries/inverse/S03-radial-oklab.svg	d455c6c9d17de945e3ee43dc29156352246a510015470b5bc545cdb6fa79ca37	authorized-content	processual-only
/tmp/p1268/oracle_v3/binaries/inverse/S04-linear-linear-rgb.svg	3793779df2d2bba055eac555513643843f1b8f0e736e93957302d18a9f89a384	authorized-content	processual-only
/tmp/p1268/oracle_v3/binaries/inverse/S04-linear-oklab.svg	7d4f1ca656a62d0c5643e54e44bfe8617f98cf7fca16912519e6c8d1ecfca6a6	authorized-content	processual-only
/tmp/p1268/oracle_v3/binaries/inverse/S04-radial-linear-rgb.svg	084095657faa6a71a3fde81a8387d8195183b79ab32e5d652323d2daabb6cc35	authorized-content	processual-only
/tmp/p1268/oracle_v3/binaries/inverse/S04-radial-oklab.svg	3740634d5fc525941ad00b659bbadf6d7abd79f7d4b5814e5704899755f57ce9	authorized-content	processual-only
/tmp/p1268/oracle_v3/binaries/inverse/S05-linear-linear-rgb.svg	ad771a7d1b3276c9c26ded25c2f50de61db5da9292a0b87a71b8a753dd0354c4	authorized-content	processual-only
/tmp/p1268/oracle_v3/binaries/inverse/S05-linear-oklab.svg	5ef1ea11756aa3fb5e63bfe507127e683c50a5dfe399929f4dec5de419b18810	authorized-content	processual-only
/tmp/p1268/oracle_v3/binaries/inverse/S05-radial-linear-rgb.svg	696b7c3a17289f6cfef4be23494bbef4f9fa4a66579d0cdfd5a916142c3891c6	authorized-content	processual-only
/tmp/p1268/oracle_v3/binaries/inverse/S05-radial-oklab.svg	369a5fce62838e9f80ed56768e4002aad22684e73050b6bf2bd9526c39e15b4f	authorized-content	processual-only
/tmp/p1268/oracle_v3/binaries/inverse/S06-linear-linear-rgb.svg	04a455f8b7f2e4148aac78310537d17ab1ad60c25113077703e3b17eda7cce40	authorized-content	processual-only
/tmp/p1268/oracle_v3/binaries/inverse/S06-linear-oklab.svg	f84e51801df7e2f07180e74799adce551ed5818b07095e02a87b2dcb50fa4e8d	authorized-content	processual-only
/tmp/p1268/oracle_v3/binaries/inverse/S06-radial-linear-rgb.svg	6aeed636b40c191646fdb16c85d9079f7cd852654bef94fac6da03aaa594f7c0	authorized-content	processual-only
/tmp/p1268/oracle_v3/binaries/inverse/S06-radial-oklab.svg	8c264b28c15290466159255930211a8daea9f73f81beb3796205202aad9c6023	authorized-content	processual-only
/tmp/p1268/oracle_v3/binaries/inverse/S07-linear-linear-rgb.svg	1366c60367cfb9d60b08e1b8eb091f8a62b0542612d1333177e467f0de74e302	authorized-content	processual-only
/tmp/p1268/oracle_v3/binaries/inverse/S07-linear-oklab.svg	94aa684c0cc6fbd3471fa86ed7897c7635ecb0a43744db6b1ec0a03e2bd65e4f	authorized-content	processual-only
/tmp/p1268/oracle_v3/binaries/inverse/S07-radial-linear-rgb.svg	d1f793c4799010051e2c70433a862e3abb6520245096bfd28322f682b94687a2	authorized-content	processual-only
/tmp/p1268/oracle_v3/binaries/inverse/S07-radial-oklab.svg	8d39b670f16cee2ddb2f14e207e517237e90c4dda2be0bee0df5aa8303dc1e1e	authorized-content	processual-only
/tmp/p1268/oracle_v3/binaries/inverse/S08-linear-linear-rgb.svg	a1ac774a503b611e760c45943de6351fd3548511179b58ac31484e7713f72bfd	authorized-content	processual-only
/tmp/p1268/oracle_v3/binaries/inverse/S08-linear-oklab.svg	d93b66b5a117bf40e4e2a172c811e0eda65de4c0ce6afbb0fe6768d3eb0225d1	authorized-content	processual-only
/tmp/p1268/oracle_v3/binaries/inverse/S08-radial-linear-rgb.svg	3896f2bebf4557a543e403c789bec314d71669a20a918f2996c0e34eb6b39269	authorized-content	processual-only
/tmp/p1268/oracle_v3/binaries/inverse/S08-radial-oklab.svg	15678b83ee3c9c27cf8613c7661de11be609d9701471394b00a9819df305cfaa	authorized-content	processual-only
/tmp/p1268/oracle_v3/binaries/inverse/S09-linear-linear-rgb.svg	c566f71deafa6d1a167e4db107c55ac4a0ab275950e4dc35d17be478bb664602	authorized-content	processual-only
/tmp/p1268/oracle_v3/binaries/inverse/S09-linear-oklab.svg	e82a956d85fe484bcb0b9ff14f2e97cd5d33f5f9a901f6d52220eb9b6b17b204	authorized-content	processual-only
/tmp/p1268/oracle_v3/binaries/inverse/S09-radial-linear-rgb.svg	6136496e7fa3f84b4e64d692175de4a38cecf97287d5c982aba365598ed72fc4	authorized-content	processual-only
/tmp/p1268/oracle_v3/binaries/inverse/S09-radial-oklab.svg	b359ab50d43b4c9a3c40e4018b6d8c63e66046f70b52b10a1b998d9157179eeb	authorized-content	processual-only
/tmp/p1268/oracle_v3/binaries/inverse/S10-linear-linear-rgb.svg	6b1b91778aa74170720723dcf7ab7bc4534bd24279b53c7da3d855180bbfc526	authorized-content	processual-only
/tmp/p1268/oracle_v3/binaries/inverse/S10-linear-oklab.svg	49bba0f88433a79e4e97c24c1718fbd4d981d9755e0f9ab43cba05a895a4c979	authorized-content	processual-only
/tmp/p1268/oracle_v3/binaries/inverse/S10-radial-linear-rgb.svg	6390bdbf5e5ee256c83b80aa71ca05b3cf62438214c279612bcf63c0159d219f	authorized-content	processual-only
/tmp/p1268/oracle_v3/binaries/inverse/S10-radial-oklab.svg	882bb38e9b752b2f04fbc0a9fc790fe66784d5dd1f732c0f3997e1a253317276	authorized-content	processual-only
/tmp/p1268/oracle_v3/binaries/inverse/S11-linear-linear-rgb.svg	0320fdec53ea02a16e1bab7b380fab622e574c6feaf4ad1d3c0d2aad2801b55d	authorized-content	processual-only
/tmp/p1268/oracle_v3/binaries/inverse/S11-linear-oklab.svg	c36c62e6a754accb822b5920542e4cdc07cdb19993cdd968b573c7894198411e	authorized-content	processual-only
/tmp/p1268/oracle_v3/binaries/inverse/S11-radial-linear-rgb.svg	d3db1214f144f444531647cdee99a19031121851c1269b14d97a2c75757af2a6	authorized-content	processual-only
/tmp/p1268/oracle_v3/binaries/inverse/S11-radial-oklab.svg	06920f962187219e745c8837978172354abaaa5cf433cb39b66ff6f6e2d9fcad	authorized-content	processual-only
/tmp/p1268/oracle_v3/binaries/inverse/S12-linear-linear-rgb.svg	6a956f9561e4a98923333bdfef0bb346d1a0143307d4b36c3a93f71f41ffabf7	authorized-content	processual-only
/tmp/p1268/oracle_v3/binaries/inverse/S12-linear-oklab.svg	8991e3eee8c452a2a20e1abc6e5a746244c09bebb898ae81e5a186b211431e36	authorized-content	processual-only
/tmp/p1268/oracle_v3/binaries/inverse/S12-radial-linear-rgb.svg	6147dc94e88ed66e034b009b1a6a31160d5e92d946cae4645c03c3d9400fbbf4	authorized-content	processual-only
/tmp/p1268/oracle_v3/binaries/inverse/S12-radial-oklab.svg	941087fd2ebff6f5fe820dfaa3ecc0cd0302ba66e8126cfc0e3083af1afed9b5	authorized-content	processual-only
/tmp/p1268/oracle_v3/binaries/inverse/S13-linear-linear-rgb.svg	221684168a4e3fab998e9dd35a45f18475557900992f09023d4068286536e21a	authorized-content	processual-only
/tmp/p1268/oracle_v3/binaries/inverse/S13-linear-oklab.svg	d056a585537c5518d1068b75bf528a63814f7f9cb17db7ac9c47d9804c9a3b45	authorized-content	processual-only
/tmp/p1268/oracle_v3/binaries/inverse/S13-radial-linear-rgb.svg	d43814928b7269d3c3294b59376ed9d6bebcb17bfad2115c093cca89ea2d68c9	authorized-content	processual-only
/tmp/p1268/oracle_v3/binaries/inverse/S13-radial-oklab.svg	ad45ee349ec49df520fbe907966683c173b1d40f80193186ae0a0272926f5f53	authorized-content	processual-only
/tmp/p1268/oracle_v3/binaries/inverse/S14-linear-linear-rgb.svg	96691bb095f77eaaa786e1d3ead4404791536d8c79cd59cbbc57819d91fe0b63	authorized-content	processual-only
/tmp/p1268/oracle_v3/binaries/inverse/S14-linear-oklab.svg	d24163d425b5c90ee9d76338e5d7a0b7b9d1c277699dfa916ff5c0bf3210394d	authorized-content	processual-only
/tmp/p1268/oracle_v3/binaries/inverse/S14-radial-linear-rgb.svg	69a5ea7f60e1a05675d7a09b626517078859aa962e84e8697e9f55c7cd776b16	authorized-content	processual-only
/tmp/p1268/oracle_v3/binaries/inverse/S14-radial-oklab.svg	35d0adb30ca8d7c9cd6c6e2e7201a8afe4d978c29fa3dc71ac21ff691e8bd95c	authorized-content	processual-only
/tmp/p1268/oracle_v3/binaries/inverse/S15-linear-linear-rgb.svg	3d372c6d6039b89d277117736d04e57b7d69d86824b405b3b75b1590b312c9ad	authorized-content	processual-only
/tmp/p1268/oracle_v3/binaries/inverse/S15-linear-oklab.svg	af50a6336f29632de43b7978c8fbc0e9db4636097d0b37cb5c9a9eac5b81ed53	authorized-content	processual-only
/tmp/p1268/oracle_v3/binaries/inverse/S15-radial-linear-rgb.svg	2787fe042e322ba61f705e0fb4eebff84d962f3a02d4be9a28134b1893ca9ea8	authorized-content	processual-only
/tmp/p1268/oracle_v3/binaries/inverse/S15-radial-oklab.svg	f076106a1347f2ea9c855d1b2dd212ff7d5f2612e4e246aa18eecfaf5679df81	authorized-content	processual-only
/tmp/p1268/oracle_v3/binaries/inverse/S16-linear-linear-rgb.svg	e2a47469b59c432ddf78f42ff6d70e7f6745154c255cb054bd91b3ea014cb73a	authorized-content	processual-only
/tmp/p1268/oracle_v3/binaries/inverse/S16-linear-oklab.svg	babdde84229cb94624bc169c86bc876ee974d7ad09b2eb3f19f97fc6b49d1457	authorized-content	processual-only
/tmp/p1268/oracle_v3/binaries/inverse/S16-radial-linear-rgb.svg	d185e2c9d54c545101ec5a147ba514095d32d4e6e09ea2d83ecede2b66057afc	authorized-content	processual-only
/tmp/p1268/oracle_v3/binaries/inverse/S16-radial-oklab.svg	88e6de7a582b366cb38a2c9d14204c9f0501a6268fa372c56579fe6b2ff9fa22	authorized-content	processual-only
/tmp/p1268/oracle_v3/binaries/inverse/S17-linear-linear-rgb.svg	57ca969e8a4f122788375fc44bcd8dab23fac8c23da424815bd208773ffa34ea	authorized-content	processual-only
/tmp/p1268/oracle_v3/binaries/inverse/S17-linear-oklab.svg	22bc4bd3e170073fc8f6e0b82541d75d9b200524a3e38f63268cc91e50e46ed9	authorized-content	processual-only
/tmp/p1268/oracle_v3/binaries/inverse/S17-radial-linear-rgb.svg	70d903043313fcaafbaaa7c8bfae071e2ab764713c02e2c7d47fa99936c02aac	authorized-content	processual-only
/tmp/p1268/oracle_v3/binaries/inverse/S17-radial-oklab.svg	85a3eae8015f08069222e618bdc4d8f4c4548f53ac325c9d02fd4aee2083735e	authorized-content	processual-only
/tmp/p1268/oracle_v3/binaries/inverse/S18-linear-linear-rgb.svg	6c6ed68104fad409d35a4c6273b50178356aa2de7e30ea1376232fd7134086e2	authorized-content	processual-only
/tmp/p1268/oracle_v3/binaries/inverse/S18-linear-oklab.svg	b3f2ffb95e4ee95cd817cdeace8d5c378df26b2dd0ea33a87a838a7673a19627	authorized-content	processual-only
/tmp/p1268/oracle_v3/binaries/inverse/S18-radial-linear-rgb.svg	07f7c832af5cab042d70fbdab86d0ec7f179d566726a45c1e461b71f18bdfebb	authorized-content	processual-only
/tmp/p1268/oracle_v3/binaries/inverse/S18-radial-oklab.svg	d8973997cf41cfda47105cd3513afca21d3a1c7e016dd2854ac992358b07f7d1	authorized-content	processual-only
/tmp/p1268/oracle_v3/binaries/inverse/S19-linear-linear-rgb.svg	317a51693d6237eaf6ac7345e8d7c31f3d62ca102b16d97f342b51ad02a913e8	authorized-content	processual-only
/tmp/p1268/oracle_v3/binaries/inverse/S19-linear-oklab.svg	10c3bc56fe9ca8d84c590c47779e2dfb7df776b9fb9c8ac0b7508861faf0c348	authorized-content	processual-only
/tmp/p1268/oracle_v3/binaries/inverse/S19-radial-linear-rgb.svg	f53b6594174019d859e626938ff7751d797250926480ef41fa38bfe3ce00388e	authorized-content	processual-only
/tmp/p1268/oracle_v3/binaries/inverse/S19-radial-oklab.svg	80e2b1c73d7bdca02f91bbb4daff0bbab6952df2126ab226b7052add290f718d	authorized-content	processual-only
/tmp/p1268/oracle_v3/binaries/inverse/S20-linear-linear-rgb.svg	d9af590f0bd6d39a38191f86db3bbbd2c7e2eb48f0cc8f147e0b1a45f8e94e35	authorized-content	processual-only
/tmp/p1268/oracle_v3/binaries/inverse/S20-linear-oklab.svg	f458a6f32d57bb79db27b22fecca8180b0d927fcebf73ec28303f32ce4bd9606	authorized-content	processual-only
/tmp/p1268/oracle_v3/binaries/inverse/S20-radial-linear-rgb.svg	432605804f1bfa81f890c03dda0f1ef58d02b8856aa4b37b69987a7d7dd7ebf3	authorized-content	processual-only
/tmp/p1268/oracle_v3/binaries/inverse/S20-radial-oklab.svg	1c55343b2a502312c2aa8e8db9ccd0e44d3a0d074b6865006fc1c85011e64b10	authorized-content	processual-only
/tmp/p1268/oracle_v3/binaries/inverse/S21-linear-linear-rgb.svg	5fffd939bc25c72f1348adcafbcbe2b6da94e808679f407eaa2eb9c30e6c4245	authorized-content	processual-only
/tmp/p1268/oracle_v3/binaries/inverse/S21-linear-oklab.svg	94782359d25a4a87c37349fd536b2d56ec3f49cfa227d852a4483f4a748ae891	authorized-content	processual-only
/tmp/p1268/oracle_v3/binaries/inverse/S21-radial-linear-rgb.svg	3a6198a58c0650b377f264ed9337a8f54cb71fa134ceb8f35376bfd97fe4beec	authorized-content	processual-only
/tmp/p1268/oracle_v3/binaries/inverse/S21-radial-oklab.svg	3a517a510e3c3a53a5c70ff721b5676049cd4cf87bbcba2f16a56718f5614172	authorized-content	processual-only
/tmp/p1268/oracle_v3/binaries/inverse/S22-linear-linear-rgb.svg	a4d222ee1bc4fb1d6fb37c22cfb9a34a718e998fe543ddce99d91d29fa3a020c	authorized-content	processual-only
/tmp/p1268/oracle_v3/binaries/inverse/S22-linear-oklab.svg	3836c1e7788ba81fe42234e0ace1ee58a762a126b927073bdd7b61eb843b8641	authorized-content	processual-only
/tmp/p1268/oracle_v3/binaries/inverse/S22-radial-linear-rgb.svg	27d32d54a8564a9b1ca43052513abc8e7594a3ef47fccaf9a501e37ce6ba5ebd	authorized-content	processual-only
/tmp/p1268/oracle_v3/binaries/inverse/S22-radial-oklab.svg	fac67da0bf6c630ca72f964fd579d46b1723abbc07312a6df5dc88be6db921a5	authorized-content	processual-only
/tmp/p1268/oracle_v3/binaries/inverse/S23-linear-linear-rgb.svg	e2b8c7ae6cf534adc93a4e8ad0298089095812b2078345b3098b469e9f26e1bd	authorized-content	processual-only
/tmp/p1268/oracle_v3/binaries/inverse/S23-linear-oklab.svg	792c731fee3b6a1f26d11eb0117175f79523557af8cf14980a46f6e671d519d3	authorized-content	processual-only
/tmp/p1268/oracle_v3/binaries/inverse/S23-radial-linear-rgb.svg	e1b09e08810ad1bacc9df19aaeb9e820c4852968db1df6b7dccbdeaded2329b2	authorized-content	processual-only
/tmp/p1268/oracle_v3/binaries/inverse/S23-radial-oklab.svg	de5d17d00a8b0f984f7d9a2a5faf02a123da9ab73c980781b8b4b652567239aa	authorized-content	processual-only
/tmp/p1268/oracle_v3/binaries/inverse/S24-linear-linear-rgb.svg	6854622e6bcd730c656f117a8177bce70ebd104ca348ccb862f2fe9bc4a4fc8d	authorized-content	processual-only
/tmp/p1268/oracle_v3/binaries/inverse/S24-linear-oklab.svg	df8d80bc44022d9acd17f8a231e3180e9503593e5be9bf75041f3ce3d42078c9	authorized-content	processual-only
/tmp/p1268/oracle_v3/binaries/inverse/S24-radial-linear-rgb.svg	5ee781cc43107675dc59b32d7b81110b24c19dd8e699e566f8be455b9eb8438a	authorized-content	processual-only
/tmp/p1268/oracle_v3/binaries/inverse/S24-radial-oklab.svg	98258fb689e0551841ede8d2820ed6bd0b0139d4c892bc314637f4c17c3ea221	authorized-content	processual-only
/tmp/p1268/oracle_v3/binaries/repeat/S01-linear-linear-rgb.svg	0ac25c4ff1f3a091ccd804e641ff3ce5a4e37dac2530b988bc6196b2370da96e	authorized-content	processual-only
/tmp/p1268/oracle_v3/binaries/repeat/S01-linear-oklab.svg	eef7bd42846245fb204eeb9d6e2bfac10c1deb57180243bded8b1683714cae97	authorized-content	processual-only
/tmp/p1268/oracle_v3/binaries/repeat/S01-radial-linear-rgb.svg	8b5a2c92bbafbc3871fcf070f34f0d24e23fa99e546312b9a6fc190b5d004cfe	authorized-content	processual-only
/tmp/p1268/oracle_v3/binaries/repeat/S01-radial-oklab.svg	f065ec6e60f9509ef769b63609be6b3b6f64b60e55d35159d6ee875564db6220	authorized-content	processual-only
/tmp/p1268/oracle_v3/binaries/repeat/S02-linear-linear-rgb.svg	712e47c53e4ddfb85b17b11e0142f4290ee3913e8d3183110f2de22fbe43fa52	authorized-content	processual-only
/tmp/p1268/oracle_v3/binaries/repeat/S02-linear-oklab.svg	6e56b9e0ce5f76a52541096629b6c7d03177a05ffb16536307c0596a7c011d94	authorized-content	processual-only
/tmp/p1268/oracle_v3/binaries/repeat/S02-radial-linear-rgb.svg	707ab46f615247682011329053a13e5a3ff588283aec4505fbadb3396b390f79	authorized-content	processual-only
/tmp/p1268/oracle_v3/binaries/repeat/S02-radial-oklab.svg	29156af0a5f15567f62f11dd63f24e17208a551f845f43585dfb8258bcaa037e	authorized-content	processual-only
/tmp/p1268/oracle_v3/binaries/repeat/S03-linear-linear-rgb.svg	6aec722a841350fd4982329414924c2a32cd5d4b4e4efac368bbc6d97fd39d87	authorized-content	processual-only
/tmp/p1268/oracle_v3/binaries/repeat/S03-linear-oklab.svg	43c00380b09e488d1627f81080560fb84681436f10879a8f501e9d69c89379a3	authorized-content	processual-only
/tmp/p1268/oracle_v3/binaries/repeat/S03-radial-linear-rgb.svg	20588f42d16ea201caf30bf607cb7e9479f78c19553046f82ac96a587273fd18	authorized-content	processual-only
/tmp/p1268/oracle_v3/binaries/repeat/S03-radial-oklab.svg	d455c6c9d17de945e3ee43dc29156352246a510015470b5bc545cdb6fa79ca37	authorized-content	processual-only
/tmp/p1268/oracle_v3/binaries/repeat/S04-linear-linear-rgb.svg	3793779df2d2bba055eac555513643843f1b8f0e736e93957302d18a9f89a384	authorized-content	processual-only
/tmp/p1268/oracle_v3/binaries/repeat/S04-linear-oklab.svg	7d4f1ca656a62d0c5643e54e44bfe8617f98cf7fca16912519e6c8d1ecfca6a6	authorized-content	processual-only
/tmp/p1268/oracle_v3/binaries/repeat/S04-radial-linear-rgb.svg	084095657faa6a71a3fde81a8387d8195183b79ab32e5d652323d2daabb6cc35	authorized-content	processual-only
/tmp/p1268/oracle_v3/binaries/repeat/S04-radial-oklab.svg	3740634d5fc525941ad00b659bbadf6d7abd79f7d4b5814e5704899755f57ce9	authorized-content	processual-only
/tmp/p1268/oracle_v3/binaries/repeat/S05-linear-linear-rgb.svg	ad771a7d1b3276c9c26ded25c2f50de61db5da9292a0b87a71b8a753dd0354c4	authorized-content	processual-only
/tmp/p1268/oracle_v3/binaries/repeat/S05-linear-oklab.svg	5ef1ea11756aa3fb5e63bfe507127e683c50a5dfe399929f4dec5de419b18810	authorized-content	processual-only
/tmp/p1268/oracle_v3/binaries/repeat/S05-radial-linear-rgb.svg	696b7c3a17289f6cfef4be23494bbef4f9fa4a66579d0cdfd5a916142c3891c6	authorized-content	processual-only
/tmp/p1268/oracle_v3/binaries/repeat/S05-radial-oklab.svg	369a5fce62838e9f80ed56768e4002aad22684e73050b6bf2bd9526c39e15b4f	authorized-content	processual-only
/tmp/p1268/oracle_v3/binaries/repeat/S06-linear-linear-rgb.svg	04a455f8b7f2e4148aac78310537d17ab1ad60c25113077703e3b17eda7cce40	authorized-content	processual-only
/tmp/p1268/oracle_v3/binaries/repeat/S06-linear-oklab.svg	f84e51801df7e2f07180e74799adce551ed5818b07095e02a87b2dcb50fa4e8d	authorized-content	processual-only
/tmp/p1268/oracle_v3/binaries/repeat/S06-radial-linear-rgb.svg	6aeed636b40c191646fdb16c85d9079f7cd852654bef94fac6da03aaa594f7c0	authorized-content	processual-only
/tmp/p1268/oracle_v3/binaries/repeat/S06-radial-oklab.svg	8c264b28c15290466159255930211a8daea9f73f81beb3796205202aad9c6023	authorized-content	processual-only
/tmp/p1268/oracle_v3/binaries/repeat/S07-linear-linear-rgb.svg	1366c60367cfb9d60b08e1b8eb091f8a62b0542612d1333177e467f0de74e302	authorized-content	processual-only
/tmp/p1268/oracle_v3/binaries/repeat/S07-linear-oklab.svg	94aa684c0cc6fbd3471fa86ed7897c7635ecb0a43744db6b1ec0a03e2bd65e4f	authorized-content	processual-only
/tmp/p1268/oracle_v3/binaries/repeat/S07-radial-linear-rgb.svg	d1f793c4799010051e2c70433a862e3abb6520245096bfd28322f682b94687a2	authorized-content	processual-only
/tmp/p1268/oracle_v3/binaries/repeat/S07-radial-oklab.svg	8d39b670f16cee2ddb2f14e207e517237e90c4dda2be0bee0df5aa8303dc1e1e	authorized-content	processual-only
/tmp/p1268/oracle_v3/binaries/repeat/S08-linear-linear-rgb.svg	a1ac774a503b611e760c45943de6351fd3548511179b58ac31484e7713f72bfd	authorized-content	processual-only
/tmp/p1268/oracle_v3/binaries/repeat/S08-linear-oklab.svg	d93b66b5a117bf40e4e2a172c811e0eda65de4c0ce6afbb0fe6768d3eb0225d1	authorized-content	processual-only
/tmp/p1268/oracle_v3/binaries/repeat/S08-radial-linear-rgb.svg	3896f2bebf4557a543e403c789bec314d71669a20a918f2996c0e34eb6b39269	authorized-content	processual-only
/tmp/p1268/oracle_v3/binaries/repeat/S08-radial-oklab.svg	15678b83ee3c9c27cf8613c7661de11be609d9701471394b00a9819df305cfaa	authorized-content	processual-only
/tmp/p1268/oracle_v3/binaries/repeat/S09-linear-linear-rgb.svg	c566f71deafa6d1a167e4db107c55ac4a0ab275950e4dc35d17be478bb664602	authorized-content	processual-only
/tmp/p1268/oracle_v3/binaries/repeat/S09-linear-oklab.svg	e82a956d85fe484bcb0b9ff14f2e97cd5d33f5f9a901f6d52220eb9b6b17b204	authorized-content	processual-only
/tmp/p1268/oracle_v3/binaries/repeat/S09-radial-linear-rgb.svg	6136496e7fa3f84b4e64d692175de4a38cecf97287d5c982aba365598ed72fc4	authorized-content	processual-only
/tmp/p1268/oracle_v3/binaries/repeat/S09-radial-oklab.svg	b359ab50d43b4c9a3c40e4018b6d8c63e66046f70b52b10a1b998d9157179eeb	authorized-content	processual-only
/tmp/p1268/oracle_v3/binaries/repeat/S10-linear-linear-rgb.svg	6b1b91778aa74170720723dcf7ab7bc4534bd24279b53c7da3d855180bbfc526	authorized-content	processual-only
/tmp/p1268/oracle_v3/binaries/repeat/S10-linear-oklab.svg	49bba0f88433a79e4e97c24c1718fbd4d981d9755e0f9ab43cba05a895a4c979	authorized-content	processual-only
/tmp/p1268/oracle_v3/binaries/repeat/S10-radial-linear-rgb.svg	6390bdbf5e5ee256c83b80aa71ca05b3cf62438214c279612bcf63c0159d219f	authorized-content	processual-only
/tmp/p1268/oracle_v3/binaries/repeat/S10-radial-oklab.svg	882bb38e9b752b2f04fbc0a9fc790fe66784d5dd1f732c0f3997e1a253317276	authorized-content	processual-only
/tmp/p1268/oracle_v3/binaries/repeat/S11-linear-linear-rgb.svg	0320fdec53ea02a16e1bab7b380fab622e574c6feaf4ad1d3c0d2aad2801b55d	authorized-content	processual-only
/tmp/p1268/oracle_v3/binaries/repeat/S11-linear-oklab.svg	c36c62e6a754accb822b5920542e4cdc07cdb19993cdd968b573c7894198411e	authorized-content	processual-only
/tmp/p1268/oracle_v3/binaries/repeat/S11-radial-linear-rgb.svg	d3db1214f144f444531647cdee99a19031121851c1269b14d97a2c75757af2a6	authorized-content	processual-only
/tmp/p1268/oracle_v3/binaries/repeat/S11-radial-oklab.svg	06920f962187219e745c8837978172354abaaa5cf433cb39b66ff6f6e2d9fcad	authorized-content	processual-only
/tmp/p1268/oracle_v3/binaries/repeat/S12-linear-linear-rgb.svg	6a956f9561e4a98923333bdfef0bb346d1a0143307d4b36c3a93f71f41ffabf7	authorized-content	processual-only
/tmp/p1268/oracle_v3/binaries/repeat/S12-linear-oklab.svg	8991e3eee8c452a2a20e1abc6e5a746244c09bebb898ae81e5a186b211431e36	authorized-content	processual-only
/tmp/p1268/oracle_v3/binaries/repeat/S12-radial-linear-rgb.svg	6147dc94e88ed66e034b009b1a6a31160d5e92d946cae4645c03c3d9400fbbf4	authorized-content	processual-only
/tmp/p1268/oracle_v3/binaries/repeat/S12-radial-oklab.svg	941087fd2ebff6f5fe820dfaa3ecc0cd0302ba66e8126cfc0e3083af1afed9b5	authorized-content	processual-only
/tmp/p1268/oracle_v3/binaries/repeat/S13-linear-linear-rgb.svg	221684168a4e3fab998e9dd35a45f18475557900992f09023d4068286536e21a	authorized-content	processual-only
/tmp/p1268/oracle_v3/binaries/repeat/S13-linear-oklab.svg	d056a585537c5518d1068b75bf528a63814f7f9cb17db7ac9c47d9804c9a3b45	authorized-content	processual-only
/tmp/p1268/oracle_v3/binaries/repeat/S13-radial-linear-rgb.svg	d43814928b7269d3c3294b59376ed9d6bebcb17bfad2115c093cca89ea2d68c9	authorized-content	processual-only
/tmp/p1268/oracle_v3/binaries/repeat/S13-radial-oklab.svg	ad45ee349ec49df520fbe907966683c173b1d40f80193186ae0a0272926f5f53	authorized-content	processual-only
/tmp/p1268/oracle_v3/binaries/repeat/S14-linear-linear-rgb.svg	96691bb095f77eaaa786e1d3ead4404791536d8c79cd59cbbc57819d91fe0b63	authorized-content	processual-only
/tmp/p1268/oracle_v3/binaries/repeat/S14-linear-oklab.svg	d24163d425b5c90ee9d76338e5d7a0b7b9d1c277699dfa916ff5c0bf3210394d	authorized-content	processual-only
/tmp/p1268/oracle_v3/binaries/repeat/S14-radial-linear-rgb.svg	69a5ea7f60e1a05675d7a09b626517078859aa962e84e8697e9f55c7cd776b16	authorized-content	processual-only
/tmp/p1268/oracle_v3/binaries/repeat/S14-radial-oklab.svg	35d0adb30ca8d7c9cd6c6e2e7201a8afe4d978c29fa3dc71ac21ff691e8bd95c	authorized-content	processual-only
/tmp/p1268/oracle_v3/binaries/repeat/S15-linear-linear-rgb.svg	3d372c6d6039b89d277117736d04e57b7d69d86824b405b3b75b1590b312c9ad	authorized-content	processual-only
/tmp/p1268/oracle_v3/binaries/repeat/S15-linear-oklab.svg	af50a6336f29632de43b7978c8fbc0e9db4636097d0b37cb5c9a9eac5b81ed53	authorized-content	processual-only
/tmp/p1268/oracle_v3/binaries/repeat/S15-radial-linear-rgb.svg	2787fe042e322ba61f705e0fb4eebff84d962f3a02d4be9a28134b1893ca9ea8	authorized-content	processual-only
/tmp/p1268/oracle_v3/binaries/repeat/S15-radial-oklab.svg	f076106a1347f2ea9c855d1b2dd212ff7d5f2612e4e246aa18eecfaf5679df81	authorized-content	processual-only
/tmp/p1268/oracle_v3/binaries/repeat/S16-linear-linear-rgb.svg	e2a47469b59c432ddf78f42ff6d70e7f6745154c255cb054bd91b3ea014cb73a	authorized-content	processual-only
/tmp/p1268/oracle_v3/binaries/repeat/S16-linear-oklab.svg	babdde84229cb94624bc169c86bc876ee974d7ad09b2eb3f19f97fc6b49d1457	authorized-content	processual-only
/tmp/p1268/oracle_v3/binaries/repeat/S16-radial-linear-rgb.svg	d185e2c9d54c545101ec5a147ba514095d32d4e6e09ea2d83ecede2b66057afc	authorized-content	processual-only
/tmp/p1268/oracle_v3/binaries/repeat/S16-radial-oklab.svg	88e6de7a582b366cb38a2c9d14204c9f0501a6268fa372c56579fe6b2ff9fa22	authorized-content	processual-only
/tmp/p1268/oracle_v3/binaries/repeat/S17-linear-linear-rgb.svg	57ca969e8a4f122788375fc44bcd8dab23fac8c23da424815bd208773ffa34ea	authorized-content	processual-only
/tmp/p1268/oracle_v3/binaries/repeat/S17-linear-oklab.svg	22bc4bd3e170073fc8f6e0b82541d75d9b200524a3e38f63268cc91e50e46ed9	authorized-content	processual-only
/tmp/p1268/oracle_v3/binaries/repeat/S17-radial-linear-rgb.svg	70d903043313fcaafbaaa7c8bfae071e2ab764713c02e2c7d47fa99936c02aac	authorized-content	processual-only
/tmp/p1268/oracle_v3/binaries/repeat/S17-radial-oklab.svg	85a3eae8015f08069222e618bdc4d8f4c4548f53ac325c9d02fd4aee2083735e	authorized-content	processual-only
/tmp/p1268/oracle_v3/binaries/repeat/S18-linear-linear-rgb.svg	6c6ed68104fad409d35a4c6273b50178356aa2de7e30ea1376232fd7134086e2	authorized-content	processual-only
/tmp/p1268/oracle_v3/binaries/repeat/S18-linear-oklab.svg	b3f2ffb95e4ee95cd817cdeace8d5c378df26b2dd0ea33a87a838a7673a19627	authorized-content	processual-only
/tmp/p1268/oracle_v3/binaries/repeat/S18-radial-linear-rgb.svg	07f7c832af5cab042d70fbdab86d0ec7f179d566726a45c1e461b71f18bdfebb	authorized-content	processual-only
/tmp/p1268/oracle_v3/binaries/repeat/S18-radial-oklab.svg	d8973997cf41cfda47105cd3513afca21d3a1c7e016dd2854ac992358b07f7d1	authorized-content	processual-only
/tmp/p1268/oracle_v3/binaries/repeat/S19-linear-linear-rgb.svg	317a51693d6237eaf6ac7345e8d7c31f3d62ca102b16d97f342b51ad02a913e8	authorized-content	processual-only
/tmp/p1268/oracle_v3/binaries/repeat/S19-linear-oklab.svg	10c3bc56fe9ca8d84c590c47779e2dfb7df776b9fb9c8ac0b7508861faf0c348	authorized-content	processual-only
/tmp/p1268/oracle_v3/binaries/repeat/S19-radial-linear-rgb.svg	f53b6594174019d859e626938ff7751d797250926480ef41fa38bfe3ce00388e	authorized-content	processual-only
/tmp/p1268/oracle_v3/binaries/repeat/S19-radial-oklab.svg	80e2b1c73d7bdca02f91bbb4daff0bbab6952df2126ab226b7052add290f718d	authorized-content	processual-only
/tmp/p1268/oracle_v3/binaries/repeat/S20-linear-linear-rgb.svg	d9af590f0bd6d39a38191f86db3bbbd2c7e2eb48f0cc8f147e0b1a45f8e94e35	authorized-content	processual-only
/tmp/p1268/oracle_v3/binaries/repeat/S20-linear-oklab.svg	f458a6f32d57bb79db27b22fecca8180b0d927fcebf73ec28303f32ce4bd9606	authorized-content	processual-only
/tmp/p1268/oracle_v3/binaries/repeat/S20-radial-linear-rgb.svg	432605804f1bfa81f890c03dda0f1ef58d02b8856aa4b37b69987a7d7dd7ebf3	authorized-content	processual-only
/tmp/p1268/oracle_v3/binaries/repeat/S20-radial-oklab.svg	1c55343b2a502312c2aa8e8db9ccd0e44d3a0d074b6865006fc1c85011e64b10	authorized-content	processual-only
/tmp/p1268/oracle_v3/binaries/repeat/S21-linear-linear-rgb.svg	5fffd939bc25c72f1348adcafbcbe2b6da94e808679f407eaa2eb9c30e6c4245	authorized-content	processual-only
/tmp/p1268/oracle_v3/binaries/repeat/S21-linear-oklab.svg	94782359d25a4a87c37349fd536b2d56ec3f49cfa227d852a4483f4a748ae891	authorized-content	processual-only
/tmp/p1268/oracle_v3/binaries/repeat/S21-radial-linear-rgb.svg	3a6198a58c0650b377f264ed9337a8f54cb71fa134ceb8f35376bfd97fe4beec	authorized-content	processual-only
/tmp/p1268/oracle_v3/binaries/repeat/S21-radial-oklab.svg	3a517a510e3c3a53a5c70ff721b5676049cd4cf87bbcba2f16a56718f5614172	authorized-content	processual-only
/tmp/p1268/oracle_v3/binaries/repeat/S22-linear-linear-rgb.svg	a4d222ee1bc4fb1d6fb37c22cfb9a34a718e998fe543ddce99d91d29fa3a020c	authorized-content	processual-only
/tmp/p1268/oracle_v3/binaries/repeat/S22-linear-oklab.svg	3836c1e7788ba81fe42234e0ace1ee58a762a126b927073bdd7b61eb843b8641	authorized-content	processual-only
/tmp/p1268/oracle_v3/binaries/repeat/S22-radial-linear-rgb.svg	27d32d54a8564a9b1ca43052513abc8e7594a3ef47fccaf9a501e37ce6ba5ebd	authorized-content	processual-only
/tmp/p1268/oracle_v3/binaries/repeat/S22-radial-oklab.svg	fac67da0bf6c630ca72f964fd579d46b1723abbc07312a6df5dc88be6db921a5	authorized-content	processual-only
/tmp/p1268/oracle_v3/binaries/repeat/S23-linear-linear-rgb.svg	e2b8c7ae6cf534adc93a4e8ad0298089095812b2078345b3098b469e9f26e1bd	authorized-content	processual-only
/tmp/p1268/oracle_v3/binaries/repeat/S23-linear-oklab.svg	792c731fee3b6a1f26d11eb0117175f79523557af8cf14980a46f6e671d519d3	authorized-content	processual-only
/tmp/p1268/oracle_v3/binaries/repeat/S23-radial-linear-rgb.svg	e1b09e08810ad1bacc9df19aaeb9e820c4852968db1df6b7dccbdeaded2329b2	authorized-content	processual-only
/tmp/p1268/oracle_v3/binaries/repeat/S23-radial-oklab.svg	de5d17d00a8b0f984f7d9a2a5faf02a123da9ab73c980781b8b4b652567239aa	authorized-content	processual-only
/tmp/p1268/oracle_v3/binaries/repeat/S24-linear-linear-rgb.svg	6854622e6bcd730c656f117a8177bce70ebd104ca348ccb862f2fe9bc4a4fc8d	authorized-content	processual-only
/tmp/p1268/oracle_v3/binaries/repeat/S24-linear-oklab.svg	df8d80bc44022d9acd17f8a231e3180e9503593e5be9bf75041f3ce3d42078c9	authorized-content	processual-only
/tmp/p1268/oracle_v3/binaries/repeat/S24-radial-linear-rgb.svg	5ee781cc43107675dc59b32d7b81110b24c19dd8e699e566f8be455b9eb8438a	authorized-content	processual-only
/tmp/p1268/oracle_v3/binaries/repeat/S24-radial-oklab.svg	98258fb689e0551841ede8d2820ed6bd0b0139d4c892bc314637f4c17c3ea221	authorized-content	processual-only
/tmp/p1268/oracle_v3/budgets.tsv	8b45e9145f72d252b74a96e11c566bc86a36fd7e3bd1802cf027b970a2556772	authorized-content	processual-only
/tmp/p1268/oracle_v3/coincidence.tsv	9ee02c4cd7579a1bcfe81c74ec9d5e49b4052d5c063650d6bb3d05061dc9e147	authorized-content	processual-only
/tmp/p1268/oracle_v3/degenerates.tsv	e8ebee0d89021dc9fd7c80a37fbb43a3eb59df1d6825b116f1457dc4d689ec8b	authorized-content	processual-only
/tmp/p1268/oracle_v3/determinism.tsv	cf15d0a25cad0f905b59a9a37c56c912c14da4992f4c02977d63274950c9c837	authorized-content	processual-only
/tmp/p1268/oracle_v3/interval-cost.tsv	d007e2af176b2f6b4285306433d63102a68d4b814d2d63919407c37852d340e5	authorized-content	processual-only
/tmp/p1268/oracle_v3/landmarks.tsv	490675273bdfab44b477fdbd60abd6fc961ad9b711b7ef722895013ea2a01207	authorized-content	processual-only
/tmp/p1268/oracle_v3/masks/S01-linear-linear-rgb.png	4c8f81592123b9ea9f54171060e3819d6ad455b0d7fda97eb9922cd2a32c73b0	authorized-content	processual-only
/tmp/p1268/oracle_v3/masks/S01-linear-linear-rgb.svg	159afa1b2748514bc1608c770a59ee0b7e7d87b75e05a45fe77fb54eda12a364	authorized-content	processual-only
/tmp/p1268/oracle_v3/masks/S01-linear-oklab.png	4c8f81592123b9ea9f54171060e3819d6ad455b0d7fda97eb9922cd2a32c73b0	authorized-content	processual-only
/tmp/p1268/oracle_v3/masks/S01-linear-oklab.svg	62eab98f0da82e123b7a59aa42ca60bfb0eb814ef22851531c51ae11f832af83	authorized-content	processual-only
/tmp/p1268/oracle_v3/masks/S01-radial-linear-rgb.png	4c8f81592123b9ea9f54171060e3819d6ad455b0d7fda97eb9922cd2a32c73b0	authorized-content	processual-only
/tmp/p1268/oracle_v3/masks/S01-radial-linear-rgb.svg	85f4c41d4c7c6448cec87d4454fa47f87fbb6c780fcfbf141c534c95440e4c1f	authorized-content	processual-only
/tmp/p1268/oracle_v3/masks/S01-radial-oklab.png	4c8f81592123b9ea9f54171060e3819d6ad455b0d7fda97eb9922cd2a32c73b0	authorized-content	processual-only
/tmp/p1268/oracle_v3/masks/S01-radial-oklab.svg	054efd42dcf0e3a7c29d947401d257f107fa21c6401baa867fbec4877732f236	authorized-content	processual-only
/tmp/p1268/oracle_v3/masks/S02-linear-linear-rgb.png	6ac94647ac4a15c5122471191eb81bbddca9ceda0d4ce7db272c0ae1031b00ff	authorized-content	processual-only
/tmp/p1268/oracle_v3/masks/S02-linear-linear-rgb.svg	3439c34d1ab819b151c7eb0f870d29b8d61e3617277805a942077040c48d0fb2	authorized-content	processual-only
/tmp/p1268/oracle_v3/masks/S02-linear-oklab.png	6ac94647ac4a15c5122471191eb81bbddca9ceda0d4ce7db272c0ae1031b00ff	authorized-content	processual-only
/tmp/p1268/oracle_v3/masks/S02-linear-oklab.svg	894f6c54c547dd69bc025234c8a5c8f2bb3ce293ecde2773ec5b845759dcca98	authorized-content	processual-only
/tmp/p1268/oracle_v3/masks/S02-radial-linear-rgb.png	6ac94647ac4a15c5122471191eb81bbddca9ceda0d4ce7db272c0ae1031b00ff	authorized-content	processual-only
/tmp/p1268/oracle_v3/masks/S02-radial-linear-rgb.svg	78298e88743ecaba1d2df49ecff5507475dea7560dafd47d8ed312a7efad15a1	authorized-content	processual-only
/tmp/p1268/oracle_v3/masks/S02-radial-oklab.png	6ac94647ac4a15c5122471191eb81bbddca9ceda0d4ce7db272c0ae1031b00ff	authorized-content	processual-only
/tmp/p1268/oracle_v3/masks/S02-radial-oklab.svg	deb317e97dac88c8973491fb3d18ee202f4bb384ca92d807f66ba0cdad4fcb26	authorized-content	processual-only
/tmp/p1268/oracle_v3/masks/S03-linear-linear-rgb.png	cf49a7888f425140b594b79130fe0885973cfd3ab4b109aebfdfc24d1fcc6a19	authorized-content	processual-only
/tmp/p1268/oracle_v3/masks/S03-linear-linear-rgb.svg	54cc16a68d5489e221e2454dc009fd8d624355084693d9e1a415756eb96c51d0	authorized-content	processual-only
/tmp/p1268/oracle_v3/masks/S03-linear-oklab.png	cf49a7888f425140b594b79130fe0885973cfd3ab4b109aebfdfc24d1fcc6a19	authorized-content	processual-only
/tmp/p1268/oracle_v3/masks/S03-linear-oklab.svg	9dc8362c91698dc1d4b61ba8257d6b898ea110e793ebfb51477ab2ea12dab100	authorized-content	processual-only
/tmp/p1268/oracle_v3/masks/S03-radial-linear-rgb.png	cf49a7888f425140b594b79130fe0885973cfd3ab4b109aebfdfc24d1fcc6a19	authorized-content	processual-only
/tmp/p1268/oracle_v3/masks/S03-radial-linear-rgb.svg	e2ff299150c645c8c0189a096ccdec507c6c131fc77af83205f893de7e31ce0f	authorized-content	processual-only
/tmp/p1268/oracle_v3/masks/S03-radial-oklab.png	cf49a7888f425140b594b79130fe0885973cfd3ab4b109aebfdfc24d1fcc6a19	authorized-content	processual-only
/tmp/p1268/oracle_v3/masks/S03-radial-oklab.svg	888c71ef8eca990b78ddb37324c0aa0e82eefb6787bbb075cd3a4f7225fd70b5	authorized-content	processual-only
/tmp/p1268/oracle_v3/masks/S04-linear-linear-rgb.png	eae0e9f657ee40831d78dc8ee401b07ca4f4f2ee2063eefeac7c2af22d03e6ba	authorized-content	processual-only
/tmp/p1268/oracle_v3/masks/S04-linear-linear-rgb.svg	de1b9d2094fbf9c737f5fa2470890e0abf8ff8e35c90fb94a8640fee95d00cc1	authorized-content	processual-only
/tmp/p1268/oracle_v3/masks/S04-linear-oklab.png	eae0e9f657ee40831d78dc8ee401b07ca4f4f2ee2063eefeac7c2af22d03e6ba	authorized-content	processual-only
/tmp/p1268/oracle_v3/masks/S04-linear-oklab.svg	fe8bf7fc05e6fac5d9bd0ff2b78b029dfd21884e4d4ac65d4246f9ac010f9db9	authorized-content	processual-only
/tmp/p1268/oracle_v3/masks/S04-radial-linear-rgb.png	eae0e9f657ee40831d78dc8ee401b07ca4f4f2ee2063eefeac7c2af22d03e6ba	authorized-content	processual-only
/tmp/p1268/oracle_v3/masks/S04-radial-linear-rgb.svg	576814c409d8c78280b8b76dd68ae6394c41c63d0e43ef66daace03d4d9e6974	authorized-content	processual-only
/tmp/p1268/oracle_v3/masks/S04-radial-oklab.png	eae0e9f657ee40831d78dc8ee401b07ca4f4f2ee2063eefeac7c2af22d03e6ba	authorized-content	processual-only
/tmp/p1268/oracle_v3/masks/S04-radial-oklab.svg	2b99f0449bb2ed44ad7ad534e3c805cbed9074adcdf582eeba514770a610d790	authorized-content	processual-only
/tmp/p1268/oracle_v3/masks/S05-linear-linear-rgb.png	607102c5041cfb9935c9c612abe4caa03ccd2f7cd587dd7315b947c05f8bd8c1	authorized-content	processual-only
/tmp/p1268/oracle_v3/masks/S05-linear-linear-rgb.svg	f73dced4724c008f7b4b8668f3d6cc172f060576b021a3ab33182b568b325dea	authorized-content	processual-only
/tmp/p1268/oracle_v3/masks/S05-linear-oklab.png	607102c5041cfb9935c9c612abe4caa03ccd2f7cd587dd7315b947c05f8bd8c1	authorized-content	processual-only
/tmp/p1268/oracle_v3/masks/S05-linear-oklab.svg	b974125e98167825ae127181739beef853ff75adb431ef6470340f7e85cd31ba	authorized-content	processual-only
/tmp/p1268/oracle_v3/masks/S05-radial-linear-rgb.png	607102c5041cfb9935c9c612abe4caa03ccd2f7cd587dd7315b947c05f8bd8c1	authorized-content	processual-only
/tmp/p1268/oracle_v3/masks/S05-radial-linear-rgb.svg	3a04bf55ef4be5b5f4af9796fabafcbff890c0e13becda01c337e915157a0f92	authorized-content	processual-only
/tmp/p1268/oracle_v3/masks/S05-radial-oklab.png	607102c5041cfb9935c9c612abe4caa03ccd2f7cd587dd7315b947c05f8bd8c1	authorized-content	processual-only
/tmp/p1268/oracle_v3/masks/S05-radial-oklab.svg	1db642cc05c1bb029ca7c35d031c79fc2f00433ba195ef213263da2623d20721	authorized-content	processual-only
/tmp/p1268/oracle_v3/masks/S06-linear-linear-rgb.png	0745f912625410d1a482aa2dec6fd4c7710ddf49c4dafde228aa5fafbbeff361	authorized-content	processual-only
/tmp/p1268/oracle_v3/masks/S06-linear-linear-rgb.svg	dac11fb40c5c19b398ee7ba705dd39addbb9796af6aa1b1863aed18ab383fcad	authorized-content	processual-only
/tmp/p1268/oracle_v3/masks/S06-linear-oklab.png	0745f912625410d1a482aa2dec6fd4c7710ddf49c4dafde228aa5fafbbeff361	authorized-content	processual-only
/tmp/p1268/oracle_v3/masks/S06-linear-oklab.svg	dc72730c13bf0a82819a180143f9f58f43e3b0a4aa288bd95b1b71e7a78290e2	authorized-content	processual-only
/tmp/p1268/oracle_v3/masks/S06-radial-linear-rgb.png	0745f912625410d1a482aa2dec6fd4c7710ddf49c4dafde228aa5fafbbeff361	authorized-content	processual-only
/tmp/p1268/oracle_v3/masks/S06-radial-linear-rgb.svg	97f3bed3d76c36e22d7ec13e6b7cf6bb45b5a45a2f6018d328d563480cc54625	authorized-content	processual-only
/tmp/p1268/oracle_v3/masks/S06-radial-oklab.png	0745f912625410d1a482aa2dec6fd4c7710ddf49c4dafde228aa5fafbbeff361	authorized-content	processual-only
/tmp/p1268/oracle_v3/masks/S06-radial-oklab.svg	28577c8face2ec9d05279bb70fc391b6b49a1fcca05a65abbcbbddde2a8e7eb4	authorized-content	processual-only
/tmp/p1268/oracle_v3/masks/S07-linear-linear-rgb.png	4c8f81592123b9ea9f54171060e3819d6ad455b0d7fda97eb9922cd2a32c73b0	authorized-content	processual-only
/tmp/p1268/oracle_v3/masks/S07-linear-linear-rgb.svg	19d2598e6b03801df5d4e3e32fbf6bf704c5977fd91cfc9761521095662100e1	authorized-content	processual-only
/tmp/p1268/oracle_v3/masks/S07-linear-oklab.png	4c8f81592123b9ea9f54171060e3819d6ad455b0d7fda97eb9922cd2a32c73b0	authorized-content	processual-only
/tmp/p1268/oracle_v3/masks/S07-linear-oklab.svg	aee6a3b4498fd2c6bfb8f41f1385478f032eb47847d0fa018625a4fd7fc49b05	authorized-content	processual-only
/tmp/p1268/oracle_v3/masks/S07-radial-linear-rgb.png	4c8f81592123b9ea9f54171060e3819d6ad455b0d7fda97eb9922cd2a32c73b0	authorized-content	processual-only
/tmp/p1268/oracle_v3/masks/S07-radial-linear-rgb.svg	a10c54828353ca665899e449c5b9176dc5ef7aa2170210f3248294781432570c	authorized-content	processual-only
/tmp/p1268/oracle_v3/masks/S07-radial-oklab.png	4c8f81592123b9ea9f54171060e3819d6ad455b0d7fda97eb9922cd2a32c73b0	authorized-content	processual-only
/tmp/p1268/oracle_v3/masks/S07-radial-oklab.svg	0fbccb482918167cdf8be6c8a15b457111b3a450bf94d1d696b4da3cbfe5bdd1	authorized-content	processual-only
/tmp/p1268/oracle_v3/masks/S08-linear-linear-rgb.png	4a528b084bfbddf5a741ba36257a12764f7ab45b7faab728c78589730bc0d910	authorized-content	processual-only
/tmp/p1268/oracle_v3/masks/S08-linear-linear-rgb.svg	84f3cb30d5802a46aa61d3096b393eec924bb160b9184b09a45ce7c126c4f7ce	authorized-content	processual-only
/tmp/p1268/oracle_v3/masks/S08-linear-oklab.png	4a528b084bfbddf5a741ba36257a12764f7ab45b7faab728c78589730bc0d910	authorized-content	processual-only
/tmp/p1268/oracle_v3/masks/S08-linear-oklab.svg	9fdde78463989d06863bbdddbf85f7400874052340e3797f6cf82a7264464522	authorized-content	processual-only
/tmp/p1268/oracle_v3/masks/S08-radial-linear-rgb.png	4a528b084bfbddf5a741ba36257a12764f7ab45b7faab728c78589730bc0d910	authorized-content	processual-only
/tmp/p1268/oracle_v3/masks/S08-radial-linear-rgb.svg	a1d2514eb4fdd9e6eeac3ba88bbee49a2c066f946a0d874d2e661cc6771449b9	authorized-content	processual-only
/tmp/p1268/oracle_v3/masks/S08-radial-oklab.png	4a528b084bfbddf5a741ba36257a12764f7ab45b7faab728c78589730bc0d910	authorized-content	processual-only
/tmp/p1268/oracle_v3/masks/S08-radial-oklab.svg	70bd0af0a22ad0d876dcc63a6b252a4c4f5f2cbd695426bbea84dc01b7a19c1c	authorized-content	processual-only
/tmp/p1268/oracle_v3/masks/S09-linear-linear-rgb.png	4a743a3c1c77229378bb42ecd019913590da42b4c6b91ddeccc7eb66e768a596	authorized-content	processual-only
/tmp/p1268/oracle_v3/masks/S09-linear-linear-rgb.svg	290b85939b466db871dd560a786cde04ba58db6040028091383171e95108f2f6	authorized-content	processual-only
/tmp/p1268/oracle_v3/masks/S09-linear-oklab.png	4a743a3c1c77229378bb42ecd019913590da42b4c6b91ddeccc7eb66e768a596	authorized-content	processual-only
/tmp/p1268/oracle_v3/masks/S09-linear-oklab.svg	a4974948d50098d222daab356f1b0319c4b95b0a5604e4e5919cd92ef9247c47	authorized-content	processual-only
/tmp/p1268/oracle_v3/masks/S09-radial-linear-rgb.png	4a743a3c1c77229378bb42ecd019913590da42b4c6b91ddeccc7eb66e768a596	authorized-content	processual-only
/tmp/p1268/oracle_v3/masks/S09-radial-linear-rgb.svg	2686b6e955655db97db91accc004d743f31ee560822b887d57a7feda067b645b	authorized-content	processual-only
/tmp/p1268/oracle_v3/masks/S09-radial-oklab.png	4a743a3c1c77229378bb42ecd019913590da42b4c6b91ddeccc7eb66e768a596	authorized-content	processual-only
/tmp/p1268/oracle_v3/masks/S09-radial-oklab.svg	5ec730f32f7b2761ffafb185b1267d8e548b5a046fea927590c4a0db6aac2df2	authorized-content	processual-only
/tmp/p1268/oracle_v3/masks/S10-linear-linear-rgb.png	af9276a338633b5ef10e2f09a8da5e764a01d6b80c63119992a212fb97a1059a	authorized-content	processual-only
/tmp/p1268/oracle_v3/masks/S10-linear-linear-rgb.svg	7e3d00dad2ed1c72f262a1f10f7fb453190691344e4f6fc4eaa0d2584b53d4f1	authorized-content	processual-only
/tmp/p1268/oracle_v3/masks/S10-linear-oklab.png	af9276a338633b5ef10e2f09a8da5e764a01d6b80c63119992a212fb97a1059a	authorized-content	processual-only
/tmp/p1268/oracle_v3/masks/S10-linear-oklab.svg	5b4a8620da9c20bb03765f9023f6ed42517559f9870f79534d102946ed4d7cf6	authorized-content	processual-only
/tmp/p1268/oracle_v3/masks/S10-radial-linear-rgb.png	af9276a338633b5ef10e2f09a8da5e764a01d6b80c63119992a212fb97a1059a	authorized-content	processual-only
/tmp/p1268/oracle_v3/masks/S10-radial-linear-rgb.svg	7c67f9a67c09dddd666abfdec5ccc6d106a82cbb1c4c2684d71cb879119a2af2	authorized-content	processual-only
/tmp/p1268/oracle_v3/masks/S10-radial-oklab.png	af9276a338633b5ef10e2f09a8da5e764a01d6b80c63119992a212fb97a1059a	authorized-content	processual-only
/tmp/p1268/oracle_v3/masks/S10-radial-oklab.svg	edf090b986bb8baaca8147feddd5bbf98f2bfb3414aa3496ebbf6fbde2a965be	authorized-content	processual-only
/tmp/p1268/oracle_v3/masks/S11-linear-linear-rgb.png	39fc1032420cfc6a4bc3224d1ba3977d3cd7cd18718fd7c1273ea55082b85dcb	authorized-content	processual-only
/tmp/p1268/oracle_v3/masks/S11-linear-linear-rgb.svg	3a8d15a6e07492e4e34e6244f0e0e36ea12233354a58c13add2981377e469fa9	authorized-content	processual-only
/tmp/p1268/oracle_v3/masks/S11-linear-oklab.png	39fc1032420cfc6a4bc3224d1ba3977d3cd7cd18718fd7c1273ea55082b85dcb	authorized-content	processual-only
/tmp/p1268/oracle_v3/masks/S11-linear-oklab.svg	11ff3b67a8e1590f3a57bd0eab84e26596552f6b0181afbc8c31f8f5429192c0	authorized-content	processual-only
/tmp/p1268/oracle_v3/masks/S11-radial-linear-rgb.png	39fc1032420cfc6a4bc3224d1ba3977d3cd7cd18718fd7c1273ea55082b85dcb	authorized-content	processual-only
/tmp/p1268/oracle_v3/masks/S11-radial-linear-rgb.svg	bfadacbb983072a3d8a373bcf71716bee4e754c0b0bb12bfa8002494976f4087	authorized-content	processual-only
/tmp/p1268/oracle_v3/masks/S11-radial-oklab.png	39fc1032420cfc6a4bc3224d1ba3977d3cd7cd18718fd7c1273ea55082b85dcb	authorized-content	processual-only
/tmp/p1268/oracle_v3/masks/S11-radial-oklab.svg	431909b72183b35d664baf71d50a76f5db63752fb45bf3508d5b0010deaf4312	authorized-content	processual-only
/tmp/p1268/oracle_v3/masks/S12-linear-linear-rgb.png	8fd0b31010d2ccc71677e90ec9a84e0454fc26906bf3aa151edd2a339210334b	authorized-content	processual-only
/tmp/p1268/oracle_v3/masks/S12-linear-linear-rgb.svg	ec7cdacb1e83b47ff845a5b63a57c52ae340ccf9ce19dcf6538c76b48d15ea61	authorized-content	processual-only
/tmp/p1268/oracle_v3/masks/S12-linear-oklab.png	8fd0b31010d2ccc71677e90ec9a84e0454fc26906bf3aa151edd2a339210334b	authorized-content	processual-only
/tmp/p1268/oracle_v3/masks/S12-linear-oklab.svg	5c76fb2aa8ec55c753b826e907db61c1510842a1217694d2c4334cf54ded3a93	authorized-content	processual-only
/tmp/p1268/oracle_v3/masks/S12-radial-linear-rgb.png	8fd0b31010d2ccc71677e90ec9a84e0454fc26906bf3aa151edd2a339210334b	authorized-content	processual-only
/tmp/p1268/oracle_v3/masks/S12-radial-linear-rgb.svg	25437cd779cc768dd77b217f4dd4f82968f8655b272737e67632379da1677c1e	authorized-content	processual-only
/tmp/p1268/oracle_v3/masks/S12-radial-oklab.png	8fd0b31010d2ccc71677e90ec9a84e0454fc26906bf3aa151edd2a339210334b	authorized-content	processual-only
/tmp/p1268/oracle_v3/masks/S12-radial-oklab.svg	7a1120e37aa838ad685f78204c5b300c419c2b7c5365afbb17ceaa664a0d2709	authorized-content	processual-only
/tmp/p1268/oracle_v3/masks/S13-linear-linear-rgb.png	4c8f81592123b9ea9f54171060e3819d6ad455b0d7fda97eb9922cd2a32c73b0	authorized-content	processual-only
/tmp/p1268/oracle_v3/masks/S13-linear-linear-rgb.svg	ca02ea1863e03b989c2b317339a1a3f74f584f23368296cd8ecd61bb392d5ed2	authorized-content	processual-only
/tmp/p1268/oracle_v3/masks/S13-linear-oklab.png	4c8f81592123b9ea9f54171060e3819d6ad455b0d7fda97eb9922cd2a32c73b0	authorized-content	processual-only
/tmp/p1268/oracle_v3/masks/S13-linear-oklab.svg	e022b95200bd35c89f31b3d03fa9c3bb3db32280c436756d4630ce3007eaf413	authorized-content	processual-only
/tmp/p1268/oracle_v3/masks/S13-radial-linear-rgb.png	4c8f81592123b9ea9f54171060e3819d6ad455b0d7fda97eb9922cd2a32c73b0	authorized-content	processual-only
/tmp/p1268/oracle_v3/masks/S13-radial-linear-rgb.svg	9f944d57f48fef79ab774f2b1970617c38ec904895acf857cdf2d53733f003bc	authorized-content	processual-only
/tmp/p1268/oracle_v3/masks/S13-radial-oklab.png	4c8f81592123b9ea9f54171060e3819d6ad455b0d7fda97eb9922cd2a32c73b0	authorized-content	processual-only
/tmp/p1268/oracle_v3/masks/S13-radial-oklab.svg	9f7a43c6baf780db889b057e63b80604cc635ecc021d6b52ce01e06c9864b8fd	authorized-content	processual-only
/tmp/p1268/oracle_v3/masks/S14-linear-linear-rgb.png	6ac94647ac4a15c5122471191eb81bbddca9ceda0d4ce7db272c0ae1031b00ff	authorized-content	processual-only
/tmp/p1268/oracle_v3/masks/S14-linear-linear-rgb.svg	c148486061001980f11395901e86db014780a1c59e888092a6c845adb0bf8a61	authorized-content	processual-only
/tmp/p1268/oracle_v3/masks/S14-linear-oklab.png	6ac94647ac4a15c5122471191eb81bbddca9ceda0d4ce7db272c0ae1031b00ff	authorized-content	processual-only
/tmp/p1268/oracle_v3/masks/S14-linear-oklab.svg	d386c4ee6584092e7abe48254643a5d18525691f7c2491a1518c9444df00302b	authorized-content	processual-only
/tmp/p1268/oracle_v3/masks/S14-radial-linear-rgb.png	6ac94647ac4a15c5122471191eb81bbddca9ceda0d4ce7db272c0ae1031b00ff	authorized-content	processual-only
/tmp/p1268/oracle_v3/masks/S14-radial-linear-rgb.svg	08a31d84d1ea15f1c1bac6ee8126c530ea3608aa03bd0a151160ec0d1d22c30c	authorized-content	processual-only
/tmp/p1268/oracle_v3/masks/S14-radial-oklab.png	6ac94647ac4a15c5122471191eb81bbddca9ceda0d4ce7db272c0ae1031b00ff	authorized-content	processual-only
/tmp/p1268/oracle_v3/masks/S14-radial-oklab.svg	33ad22e887acc1007b5d975de3a9f1f7fd6eb9710e8305cadb62c425123e3c72	authorized-content	processual-only
/tmp/p1268/oracle_v3/masks/S15-linear-linear-rgb.png	ce60fa8955e2fd3a1a92ecc49aae5d7a24f1a9addf1e1496d40c5b18e6c9f25d	authorized-content	processual-only
/tmp/p1268/oracle_v3/masks/S15-linear-linear-rgb.svg	9b73f394c25c3b4c7c4a3ea5135bd840c0898cd1dcb9811c76729bfc43b76c0e	authorized-content	processual-only
/tmp/p1268/oracle_v3/masks/S15-linear-oklab.png	ce60fa8955e2fd3a1a92ecc49aae5d7a24f1a9addf1e1496d40c5b18e6c9f25d	authorized-content	processual-only
/tmp/p1268/oracle_v3/masks/S15-linear-oklab.svg	fde8724ee62e70f4c4d3b4566aa0a4c7cb1c2baf1c5c66a0586bbea12840c195	authorized-content	processual-only
/tmp/p1268/oracle_v3/masks/S15-radial-linear-rgb.png	ce60fa8955e2fd3a1a92ecc49aae5d7a24f1a9addf1e1496d40c5b18e6c9f25d	authorized-content	processual-only
/tmp/p1268/oracle_v3/masks/S15-radial-linear-rgb.svg	89fd0a4bd10cc7edceb4f8de367e9399967c3c15e2c63ad68c9c20bed966e74f	authorized-content	processual-only
/tmp/p1268/oracle_v3/masks/S15-radial-oklab.png	ce60fa8955e2fd3a1a92ecc49aae5d7a24f1a9addf1e1496d40c5b18e6c9f25d	authorized-content	processual-only
/tmp/p1268/oracle_v3/masks/S15-radial-oklab.svg	5beab03bf5811400463d8a71d6407fd0c46455761e892cfd44ec765aac7e2434	authorized-content	processual-only
/tmp/p1268/oracle_v3/masks/S16-linear-linear-rgb.png	d53927530e88298e0083c5ce7d24735978a4ba3190fbd83c67ab83973e294088	authorized-content	processual-only
/tmp/p1268/oracle_v3/masks/S16-linear-linear-rgb.svg	7b2579caa8a4417886f2c2a65ed269dc8d5a07bf28ff8baa95d9595f3c8ce4f2	authorized-content	processual-only
/tmp/p1268/oracle_v3/masks/S16-linear-oklab.png	d53927530e88298e0083c5ce7d24735978a4ba3190fbd83c67ab83973e294088	authorized-content	processual-only
/tmp/p1268/oracle_v3/masks/S16-linear-oklab.svg	67f3356890d8553c32557950c5c191de943ac3f6388745f5cfb6299c5a6c36a7	authorized-content	processual-only
/tmp/p1268/oracle_v3/masks/S16-radial-linear-rgb.png	d53927530e88298e0083c5ce7d24735978a4ba3190fbd83c67ab83973e294088	authorized-content	processual-only
/tmp/p1268/oracle_v3/masks/S16-radial-linear-rgb.svg	440548d493caddb45a0bffde4788fc9fbdfd56fb364b2223d97985b4461b7277	authorized-content	processual-only
/tmp/p1268/oracle_v3/masks/S16-radial-oklab.png	d53927530e88298e0083c5ce7d24735978a4ba3190fbd83c67ab83973e294088	authorized-content	processual-only
/tmp/p1268/oracle_v3/masks/S16-radial-oklab.svg	cb4c63dd4417048388aca0882de4adc62d984838757bf7b1e76696907cf3912e	authorized-content	processual-only
/tmp/p1268/oracle_v3/masks/S17-linear-linear-rgb.png	607102c5041cfb9935c9c612abe4caa03ccd2f7cd587dd7315b947c05f8bd8c1	authorized-content	processual-only
/tmp/p1268/oracle_v3/masks/S17-linear-linear-rgb.svg	58e24add00ba55d35f7125a164e82a30b967a7599f922a82db20f0e2cfc1a3ea	authorized-content	processual-only
/tmp/p1268/oracle_v3/masks/S17-linear-oklab.png	607102c5041cfb9935c9c612abe4caa03ccd2f7cd587dd7315b947c05f8bd8c1	authorized-content	processual-only
/tmp/p1268/oracle_v3/masks/S17-linear-oklab.svg	09551fb56b22b507f9fccde01b3556f6e4aff56f6d98191661b011b3d65c9ba8	authorized-content	processual-only
/tmp/p1268/oracle_v3/masks/S17-radial-linear-rgb.png	607102c5041cfb9935c9c612abe4caa03ccd2f7cd587dd7315b947c05f8bd8c1	authorized-content	processual-only
/tmp/p1268/oracle_v3/masks/S17-radial-linear-rgb.svg	896fc211615b488c73d2fb5a329c9fd63af67df1a4e5c86fdb51d1c8a647f725	authorized-content	processual-only
/tmp/p1268/oracle_v3/masks/S17-radial-oklab.png	607102c5041cfb9935c9c612abe4caa03ccd2f7cd587dd7315b947c05f8bd8c1	authorized-content	processual-only
/tmp/p1268/oracle_v3/masks/S17-radial-oklab.svg	a129ae57dc35653a8c3ab3986201210dab76f15019a092e82e3e7da8a4ed81bf	authorized-content	processual-only
/tmp/p1268/oracle_v3/masks/S18-linear-linear-rgb.png	2cc206b4a68171875a2c5a7db04b96c50038c62c28e1c5e94ff442dc58eeb6d7	authorized-content	processual-only
/tmp/p1268/oracle_v3/masks/S18-linear-linear-rgb.svg	10aaf49ea5f39329dfa50379852466762fb0fc79c1f107d1e2b45cc6dad426f3	authorized-content	processual-only
/tmp/p1268/oracle_v3/masks/S18-linear-oklab.png	2cc206b4a68171875a2c5a7db04b96c50038c62c28e1c5e94ff442dc58eeb6d7	authorized-content	processual-only
/tmp/p1268/oracle_v3/masks/S18-linear-oklab.svg	5326ea13b67528f91733f3f2a294dc3c3e43d66ebd10ec7a1ae58a14037c54c6	authorized-content	processual-only
/tmp/p1268/oracle_v3/masks/S18-radial-linear-rgb.png	2cc206b4a68171875a2c5a7db04b96c50038c62c28e1c5e94ff442dc58eeb6d7	authorized-content	processual-only
/tmp/p1268/oracle_v3/masks/S18-radial-linear-rgb.svg	0d8e9740b714ef29dfbb2756d72a9c6315c8b3630d20b010221b575ab7132db2	authorized-content	processual-only
/tmp/p1268/oracle_v3/masks/S18-radial-oklab.png	2cc206b4a68171875a2c5a7db04b96c50038c62c28e1c5e94ff442dc58eeb6d7	authorized-content	processual-only
/tmp/p1268/oracle_v3/masks/S18-radial-oklab.svg	5b3ec779cc31aec9defede0dfeff81277ad23fd7a11eb2da2e8f054094065619	authorized-content	processual-only
/tmp/p1268/oracle_v3/masks/S19-linear-linear-rgb.png	f694443281d87334372852a661616b868b16692301b55f81530ea9d1f7fe0aa8	authorized-content	processual-only
/tmp/p1268/oracle_v3/masks/S19-linear-linear-rgb.svg	493ad923db57580d4bfc45d4908e1d4f8dd7a76c0e06094643f387c66565f4b2	authorized-content	processual-only
/tmp/p1268/oracle_v3/masks/S19-linear-oklab.png	f694443281d87334372852a661616b868b16692301b55f81530ea9d1f7fe0aa8	authorized-content	processual-only
/tmp/p1268/oracle_v3/masks/S19-linear-oklab.svg	77b4d27a3af67b98f3be225db7281e9707529fc56c30b69b1335459e07fe43f5	authorized-content	processual-only
/tmp/p1268/oracle_v3/masks/S19-radial-linear-rgb.png	f694443281d87334372852a661616b868b16692301b55f81530ea9d1f7fe0aa8	authorized-content	processual-only
/tmp/p1268/oracle_v3/masks/S19-radial-linear-rgb.svg	56ef6ea77d14ba23c3cbcd22237a12f5291de390592d40daf5724efcb71baac1	authorized-content	processual-only
/tmp/p1268/oracle_v3/masks/S19-radial-oklab.png	f694443281d87334372852a661616b868b16692301b55f81530ea9d1f7fe0aa8	authorized-content	processual-only
/tmp/p1268/oracle_v3/masks/S19-radial-oklab.svg	7f6422a025c2abf0bc49b09b4ee22ceb0b4da68e3e3de64730bc5a766647f0a4	authorized-content	processual-only
/tmp/p1268/oracle_v3/masks/S20-linear-linear-rgb.png	998e05e2bb09fea270134a1a513b494da1b5496e8216e33487f0bafda7be6286	authorized-content	processual-only
/tmp/p1268/oracle_v3/masks/S20-linear-linear-rgb.svg	fb753c25fa4c05f3de90d6eab623b4930c129d880e01b010aaeb26052439fc27	authorized-content	processual-only
/tmp/p1268/oracle_v3/masks/S20-linear-oklab.png	998e05e2bb09fea270134a1a513b494da1b5496e8216e33487f0bafda7be6286	authorized-content	processual-only
/tmp/p1268/oracle_v3/masks/S20-linear-oklab.svg	ebf5a07ec9ae89111e82cd1dd61916ecaefc6c3131225085b03ae83150425373	authorized-content	processual-only
/tmp/p1268/oracle_v3/masks/S20-radial-linear-rgb.png	998e05e2bb09fea270134a1a513b494da1b5496e8216e33487f0bafda7be6286	authorized-content	processual-only
/tmp/p1268/oracle_v3/masks/S20-radial-linear-rgb.svg	8dfb9f590555033b7b49439f6d66eb65830b2b6de393899bfaa1691e74b53e8d	authorized-content	processual-only
/tmp/p1268/oracle_v3/masks/S20-radial-oklab.png	998e05e2bb09fea270134a1a513b494da1b5496e8216e33487f0bafda7be6286	authorized-content	processual-only
/tmp/p1268/oracle_v3/masks/S20-radial-oklab.svg	d21edb4404295a7217cddd97458918b20c6f424b24adec275d09f2c75cd6a600	authorized-content	processual-only
/tmp/p1268/oracle_v3/masks/S21-linear-linear-rgb.png	f694443281d87334372852a661616b868b16692301b55f81530ea9d1f7fe0aa8	authorized-content	processual-only
/tmp/p1268/oracle_v3/masks/S21-linear-linear-rgb.svg	41472b69381513180a116517483e57af7dfa98c3616a7d60a792c674af9d4c16	authorized-content	processual-only
/tmp/p1268/oracle_v3/masks/S21-linear-oklab.png	f694443281d87334372852a661616b868b16692301b55f81530ea9d1f7fe0aa8	authorized-content	processual-only
/tmp/p1268/oracle_v3/masks/S21-linear-oklab.svg	055b36a648d3946654b999cb4d6fd09a5840bed3b779c171e76d625f64f7a9c5	authorized-content	processual-only
/tmp/p1268/oracle_v3/masks/S21-radial-linear-rgb.png	f694443281d87334372852a661616b868b16692301b55f81530ea9d1f7fe0aa8	authorized-content	processual-only
/tmp/p1268/oracle_v3/masks/S21-radial-linear-rgb.svg	6e4ee7cddcadb0b0c7cf23c253e89180eb1cb06e96efbdd7dc8308f6f478d61b	authorized-content	processual-only
/tmp/p1268/oracle_v3/masks/S21-radial-oklab.png	f694443281d87334372852a661616b868b16692301b55f81530ea9d1f7fe0aa8	authorized-content	processual-only
/tmp/p1268/oracle_v3/masks/S21-radial-oklab.svg	89d8831840e05899bce61ddb4097ab263896f0394405ffe691e8bd3d7bde9e96	authorized-content	processual-only
/tmp/p1268/oracle_v3/masks/S22-linear-linear-rgb.png	56a123c008eae2ae936ecc7b9dc46e40444040f932df76fa540bb7e9ada6a72c	authorized-content	processual-only
/tmp/p1268/oracle_v3/masks/S22-linear-linear-rgb.svg	392568b858f53daab25008157f6a526a09e95c0ba76d62d46ff14698a9b435d1	authorized-content	processual-only
/tmp/p1268/oracle_v3/masks/S22-linear-oklab.png	56a123c008eae2ae936ecc7b9dc46e40444040f932df76fa540bb7e9ada6a72c	authorized-content	processual-only
/tmp/p1268/oracle_v3/masks/S22-linear-oklab.svg	d4aef33bbc93f77f807eb83f290376028b46319a89e29af8b6cd8063f0653054	authorized-content	processual-only
/tmp/p1268/oracle_v3/masks/S22-radial-linear-rgb.png	56a123c008eae2ae936ecc7b9dc46e40444040f932df76fa540bb7e9ada6a72c	authorized-content	processual-only
/tmp/p1268/oracle_v3/masks/S22-radial-linear-rgb.svg	c084cffd1d7f2c41ec211dd2feeca5479b8d67a262c0de0f43f3f881288c03c3	authorized-content	processual-only
/tmp/p1268/oracle_v3/masks/S22-radial-oklab.png	56a123c008eae2ae936ecc7b9dc46e40444040f932df76fa540bb7e9ada6a72c	authorized-content	processual-only
/tmp/p1268/oracle_v3/masks/S22-radial-oklab.svg	2b61a8be959d961c7308f735c40b92eeb516dcf3709f2264cc2b134c9dc84f5b	authorized-content	processual-only
/tmp/p1268/oracle_v3/masks/S23-linear-linear-rgb.png	e15e095e473c588ade4e0622398b5a36dff9a51b90da49f0058afcce56c48d66	authorized-content	processual-only
/tmp/p1268/oracle_v3/masks/S23-linear-linear-rgb.svg	beb6597ed493db2a9c80e94659297537bf9e6362424929574c27ac3af7503ad6	authorized-content	processual-only
/tmp/p1268/oracle_v3/masks/S23-linear-oklab.png	e15e095e473c588ade4e0622398b5a36dff9a51b90da49f0058afcce56c48d66	authorized-content	processual-only
/tmp/p1268/oracle_v3/masks/S23-linear-oklab.svg	0b376cde729b2b5536c6c3f1122350c2d4c1e00e31272b17beef57358f8d8eef	authorized-content	processual-only
/tmp/p1268/oracle_v3/masks/S23-radial-linear-rgb.png	e15e095e473c588ade4e0622398b5a36dff9a51b90da49f0058afcce56c48d66	authorized-content	processual-only
/tmp/p1268/oracle_v3/masks/S23-radial-linear-rgb.svg	977f88ba6f2d7e8f664cbe77d2d360caaeb0d23de24f5a97e6bc8b9f217a351f	authorized-content	processual-only
/tmp/p1268/oracle_v3/masks/S23-radial-oklab.png	e15e095e473c588ade4e0622398b5a36dff9a51b90da49f0058afcce56c48d66	authorized-content	processual-only
/tmp/p1268/oracle_v3/masks/S23-radial-oklab.svg	c17eadb6b750bdf55a90c3f1b390b53b8e28bcff0879bc1f881d0356ea1378f9	authorized-content	processual-only
/tmp/p1268/oracle_v3/masks/S24-linear-linear-rgb.png	a3f8b7b42184f242e70e6229bdab8234906f250039ea8fad0b41b303eeb4aeb6	authorized-content	processual-only
/tmp/p1268/oracle_v3/masks/S24-linear-linear-rgb.svg	f10f24fabac97e20f265f6ad464b7141325f83316d7b4b70d08646eea2f3ab48	authorized-content	processual-only
/tmp/p1268/oracle_v3/masks/S24-linear-oklab.png	a3f8b7b42184f242e70e6229bdab8234906f250039ea8fad0b41b303eeb4aeb6	authorized-content	processual-only
/tmp/p1268/oracle_v3/masks/S24-linear-oklab.svg	99d3b2fff48c1e91d97fa5ee45c9f35667a8ea66fab479ebd374536835872d72	authorized-content	processual-only
/tmp/p1268/oracle_v3/masks/S24-radial-linear-rgb.png	a3f8b7b42184f242e70e6229bdab8234906f250039ea8fad0b41b303eeb4aeb6	authorized-content	processual-only
/tmp/p1268/oracle_v3/masks/S24-radial-linear-rgb.svg	9d047752053f31eb434cf81ea5255ed33d85a23394afdf8e2107ee20c5e42896	authorized-content	processual-only
/tmp/p1268/oracle_v3/masks/S24-radial-oklab.png	a3f8b7b42184f242e70e6229bdab8234906f250039ea8fad0b41b303eeb4aeb6	authorized-content	processual-only
/tmp/p1268/oracle_v3/masks/S24-radial-oklab.svg	651bd0724fcc4d336c7495308a586e3e8856e36cd4090f1a0e12484d69abb389	authorized-content	processual-only
/tmp/p1268/oracle_v3/masks/manifest.tsv	e6572a92c61f3b576424a689dfb36bdbaa52a4260824902c0ab419e09c2214db	authorized-content	processual-only
/tmp/p1268/oracle_v3/opaque.tsv	cfb4fcd25d200bd7c822305d852d2551e4f15423d32c80ccc26ea5f4f75a6ac1	authorized-content	processual-only
/tmp/p1268/oracle_v3/positive.tsv	ae2a99d466263d6df581a107274878e3cc3c04f8db9c8a71249e6b5c6da5cfc5	authorized-content	processual-only
/tmp/p1268/oracle_v3/receipt.tsv	934c4d1341d753cec4a7fcd8a27209d7c4d17baf0507877a38210669df9d78c9	authorized-content	processual-only
/tmp/p1268/oracle_v3/runner.py	6471e5759d53569a8d52a0bb64290685d0f19487dd1619a92b083ea959158069	authorized-content	processual-only
/tmp/p1268/oracle_v3/sources.tsv	76064c818a4a1a56fa6601b5ed451dc914adf3ebe1ccc5862d0472a37cd780c0	authorized-content	processual-only
/tmp/p1268/refiner/contract-v3.tsv	cb2aabaf36703bef3ef869f9a150ca8f38f5e596f1a8523c19016a283b024399	authorized-content	processual-only
/tmp/p1268/refiner/corrections.tsv	10d01447db10337639fb3d54429bd87648c8305ea4c00ea966f0dd30ed8a2e0f	authorized-content	processual-only
/tmp/p1268/refiner/observables-v3.tsv	e32a8b201a6625156e0416303892c23ce441957e09ecbde0bb3f459d966e969c	authorized-content	processual-only
/tmp/p1268/refiner/receipt.tsv	ac8899037e70e9b5035c0c13a5ec7bf4a897a7a381889786b43febe36086debb	authorized-content	processual-only
/tmp/p1268/refiner/unknown-v3.tsv	2ab6446d8b50c803240f19bde92ff55e121bc0f4a9793f8faeaecd80979b5530	authorized-content	processual-only
/usr/local/bin/typst	7b4f40c56d6fa95082ebcfd893e275d418ebcaed1b97b62785f78284c63ff7b8	authorized-content	processual-only
