fixture_id	pair	interval	left	right	eligible	s_i	a_i	d_i	b_i	q_i	status
S01-linear-oklch	linear/oklch	0	0	1	true	64	28	57	56	113	Preserved
S01-radial-oklch	radial/oklch	0	0	1	true	64	28	57	56	113	Preserved
S01-linear-hsl	linear/hsl	0	0	1	true	64	18	37	36	73	Preserved
S01-radial-hsl	radial/hsl	0	0	1	true	64	18	37	36	73	Preserved
S01-linear-hsv	linear/hsv	0	0	1	true	64	19	39	38	77	Preserved
S01-radial-hsv	radial/hsv	0	0	1	true	64	19	39	38	77	Preserved
S01-linear-luma	linear/luma	0	0	1	true	1	0	1	0	1	Preserved
S01-radial-luma	radial/luma	0	0	1	true	1	0	1	0	1	Preserved
S02-linear-oklch	linear/oklch	0	0	0.5	true	16	9	19	18	37	Preserved
S02-linear-oklch	linear/oklch	1	0.5	1	true	16	11	23	22	45	Preserved
S02-radial-oklch	radial/oklch	0	0	0.5	true	16	9	19	18	37	Preserved
S02-radial-oklch	radial/oklch	1	0.5	1	true	16	11	23	22	45	Preserved
S02-linear-hsl	linear/hsl	0	0	0.5	true	64	10	21	20	41	Preserved
S02-linear-hsl	linear/hsl	1	0.5	1	true	64	23	47	46	93	Preserved
S02-radial-hsl	radial/hsl	0	0	0.5	true	64	10	21	20	41	Preserved
S02-radial-hsl	radial/hsl	1	0.5	1	true	64	23	47	46	93	Preserved
S02-linear-hsv	linear/hsv	0	0	0.5	true	64	10	21	20	41	Preserved
S02-linear-hsv	linear/hsv	1	0.5	1	true	64	13	27	26	53	Preserved
S02-radial-hsv	radial/hsv	0	0	0.5	true	64	10	21	20	41	Preserved
S02-radial-hsv	radial/hsv	1	0.5	1	true	64	13	27	26	53	Preserved
S02-linear-luma	linear/luma	0	0	0.5	true	1	0	1	0	1	Preserved
S02-linear-luma	linear/luma	1	0.5	1	true	1	0	1	0	1	Preserved
S02-radial-luma	radial/luma	0	0	0.5	true	1	0	1	0	1	Preserved
S02-radial-luma	radial/luma	1	0.5	1	true	1	0	1	0	1	Preserved
S03-linear-oklch	linear/oklch	0	0	0.037037037037037	true	64	22	45	44	89	Preserved
S03-linear-oklch	linear/oklch	1	0.037037037037037	0.296296296296296	true	64	19	39	38	77	Preserved
S03-linear-oklch	linear/oklch	2	0.296296296296296	1	true	64	34	69	68	137	Preserved
S03-radial-oklch	radial/oklch	0	0	0.037037037037037	true	64	22	45	44	89	Preserved
S03-radial-oklch	radial/oklch	1	0.037037037037037	0.296296296296296	true	64	19	39	38	77	Preserved
S03-radial-oklch	radial/oklch	2	0.296296296296296	1	true	64	34	69	68	137	Preserved
S03-linear-hsl	linear/hsl	0	0	0.037037037037037	true	64	15	31	30	61	Preserved
S03-linear-hsl	linear/hsl	1	0.037037037037037	0.296296296296296	true	32	16	33	32	65	Preserved
S03-linear-hsl	linear/hsl	2	0.296296296296296	1	true	64	21	43	42	85	Preserved
S03-radial-hsl	radial/hsl	0	0	0.037037037037037	true	64	15	31	30	61	Preserved
S03-radial-hsl	radial/hsl	1	0.037037037037037	0.296296296296296	true	32	16	33	32	65	Preserved
S03-radial-hsl	radial/hsl	2	0.296296296296296	1	true	64	21	43	42	85	Preserved
S03-linear-hsv	linear/hsv	0	0	0.037037037037037	true	64	13	27	26	53	Preserved
S03-linear-hsv	linear/hsv	1	0.037037037037037	0.296296296296296	true	32	16	33	32	65	Preserved
S03-linear-hsv	linear/hsv	2	0.296296296296296	1	true	64	21	43	42	85	Preserved
S03-radial-hsv	radial/hsv	0	0	0.037037037037037	true	64	13	27	26	53	Preserved
S03-radial-hsv	radial/hsv	1	0.037037037037037	0.296296296296296	true	32	16	33	32	65	Preserved
S03-radial-hsv	radial/hsv	2	0.296296296296296	1	true	64	21	43	42	85	Preserved
S03-linear-luma	linear/luma	0	0	0.037037037037037	true	1	0	1	0	1	Preserved
S03-linear-luma	linear/luma	1	0.037037037037037	0.296296296296296	true	1	0	1	0	1	Preserved
S03-linear-luma	linear/luma	2	0.296296296296296	1	true	1	0	1	0	1	Preserved
S03-radial-luma	radial/luma	0	0	0.037037037037037	true	1	0	1	0	1	Preserved
S03-radial-luma	radial/luma	1	0.037037037037037	0.296296296296296	true	1	0	1	0	1	Preserved
S03-radial-luma	radial/luma	2	0.296296296296296	1	true	1	0	1	0	1	Preserved
S04-linear-oklch	linear/oklch	0	0	0.370262390670554	true	64	28	57	56	113	Preserved
S04-linear-oklch	linear/oklch	1	0.370262390670554	0.635568513119533	true	64	15	31	30	61	Preserved
S04-linear-oklch	linear/oklch	2	0.635568513119533	0.81341107871720097	true	1	0	1	0	1	Preserved
S04-linear-oklch	linear/oklch	3	0.81341107871720097	0.92128279883381892	true	64	11	23	22	45	Preserved
S04-linear-oklch	linear/oklch	4	0.92128279883381892	0.97667638483965002	true	64	28	57	56	113	Preserved
S04-linear-oklch	linear/oklch	5	0.97667638483965002	0.99708454810495595	true	64	15	31	30	61	Preserved
S04-linear-oklch	linear/oklch	6	0.99708454810495595	1	true	1	0	1	0	1	Preserved
S04-radial-oklch	radial/oklch	0	0	0.370262390670554	true	64	28	57	56	113	Preserved
S04-radial-oklch	radial/oklch	1	0.370262390670554	0.635568513119533	true	64	15	31	30	61	Preserved
S04-radial-oklch	radial/oklch	2	0.635568513119533	0.81341107871720097	true	1	0	1	0	1	Preserved
S04-radial-oklch	radial/oklch	3	0.81341107871720097	0.92128279883381892	true	64	11	23	22	45	Preserved
S04-radial-oklch	radial/oklch	4	0.92128279883381892	0.97667638483965002	true	64	28	57	56	113	Preserved
S04-radial-oklch	radial/oklch	5	0.97667638483965002	0.99708454810495595	true	64	15	31	30	61	Preserved
S04-radial-oklch	radial/oklch	6	0.99708454810495595	1	true	1	0	1	0	1	Preserved
S04-linear-hsl	linear/hsl	0	0	0.370262390670554	true	64	18	37	36	73	Preserved
S04-linear-hsl	linear/hsl	1	0.370262390670554	0.635568513119533	true	32	10	21	20	41	Preserved
S04-linear-hsl	linear/hsl	2	0.635568513119533	0.81341107871720097	true	1	0	1	0	1	Preserved
S04-linear-hsl	linear/hsl	3	0.81341107871720097	0.92128279883381892	true	8	6	13	12	25	Preserved
S04-linear-hsl	linear/hsl	4	0.92128279883381892	0.97667638483965002	true	64	18	37	36	73	Preserved
S04-linear-hsl	linear/hsl	5	0.97667638483965002	0.99708454810495595	true	32	10	21	20	41	Preserved
S04-linear-hsl	linear/hsl	6	0.99708454810495595	1	true	1	0	1	0	1	Preserved
S04-radial-hsl	radial/hsl	0	0	0.370262390670554	true	64	18	37	36	73	Preserved
S04-radial-hsl	radial/hsl	1	0.370262390670554	0.635568513119533	true	32	10	21	20	41	Preserved
S04-radial-hsl	radial/hsl	2	0.635568513119533	0.81341107871720097	true	1	0	1	0	1	Preserved
S04-radial-hsl	radial/hsl	3	0.81341107871720097	0.92128279883381892	true	8	6	13	12	25	Preserved
S04-radial-hsl	radial/hsl	4	0.92128279883381892	0.97667638483965002	true	64	18	37	36	73	Preserved
S04-radial-hsl	radial/hsl	5	0.97667638483965002	0.99708454810495595	true	32	10	21	20	41	Preserved
S04-radial-hsl	radial/hsl	6	0.99708454810495595	1	true	1	0	1	0	1	Preserved
S04-linear-hsv	linear/hsv	0	0	0.370262390670554	true	64	19	39	38	77	Preserved
S04-linear-hsv	linear/hsv	1	0.370262390670554	0.635568513119533	true	32	9	19	18	37	Preserved
S04-linear-hsv	linear/hsv	2	0.635568513119533	0.81341107871720097	true	1	0	1	0	1	Preserved
S04-linear-hsv	linear/hsv	3	0.81341107871720097	0.92128279883381892	true	8	6	13	12	25	Preserved
S04-linear-hsv	linear/hsv	4	0.92128279883381892	0.97667638483965002	true	64	19	39	38	77	Preserved
S04-linear-hsv	linear/hsv	5	0.97667638483965002	0.99708454810495595	true	32	9	19	18	37	Preserved
S04-linear-hsv	linear/hsv	6	0.99708454810495595	1	true	1	0	1	0	1	Preserved
S04-radial-hsv	radial/hsv	0	0	0.370262390670554	true	64	19	39	38	77	Preserved
S04-radial-hsv	radial/hsv	1	0.370262390670554	0.635568513119533	true	32	9	19	18	37	Preserved
S04-radial-hsv	radial/hsv	2	0.635568513119533	0.81341107871720097	true	1	0	1	0	1	Preserved
S04-radial-hsv	radial/hsv	3	0.81341107871720097	0.92128279883381892	true	8	6	13	12	25	Preserved
S04-radial-hsv	radial/hsv	4	0.92128279883381892	0.97667638483965002	true	64	19	39	38	77	Preserved
S04-radial-hsv	radial/hsv	5	0.97667638483965002	0.99708454810495595	true	32	9	19	18	37	Preserved
S04-radial-hsv	radial/hsv	6	0.99708454810495595	1	true	1	0	1	0	1	Preserved
S04-linear-luma	linear/luma	0	0	0.370262390670554	true	1	0	1	0	1	Preserved
S04-linear-luma	linear/luma	1	0.370262390670554	0.635568513119533	true	1	0	1	0	1	Preserved
S04-linear-luma	linear/luma	2	0.635568513119533	0.81341107871720097	true	1	0	1	0	1	Preserved
S04-linear-luma	linear/luma	3	0.81341107871720097	0.92128279883381892	true	1	0	1	0	1	Preserved
S04-linear-luma	linear/luma	4	0.92128279883381892	0.97667638483965002	true	1	0	1	0	1	Preserved
S04-linear-luma	linear/luma	5	0.97667638483965002	0.99708454810495595	true	1	0	1	0	1	Preserved
S04-linear-luma	linear/luma	6	0.99708454810495595	1	true	1	0	1	0	1	Preserved
S04-radial-luma	radial/luma	0	0	0.370262390670554	true	1	0	1	0	1	Preserved
S04-radial-luma	radial/luma	1	0.370262390670554	0.635568513119533	true	1	0	1	0	1	Preserved
S04-radial-luma	radial/luma	2	0.635568513119533	0.81341107871720097	true	1	0	1	0	1	Preserved
S04-radial-luma	radial/luma	3	0.81341107871720097	0.92128279883381892	true	1	0	1	0	1	Preserved
S04-radial-luma	radial/luma	4	0.92128279883381892	0.97667638483965002	true	1	0	1	0	1	Preserved
S04-radial-luma	radial/luma	5	0.97667638483965002	0.99708454810495595	true	1	0	1	0	1	Preserved
S04-radial-luma	radial/luma	6	0.99708454810495595	1	true	1	0	1	0	1	Preserved
S05-linear-oklch	linear/oklch	0	0	0.022222222222222202	true	64	22	45	44	89	Preserved
S05-linear-oklch	linear/oklch	1	0.022222222222222202	0.088888888888888892	true	64	18	37	36	73	Preserved
S05-linear-oklch	linear/oklch	2	0.088888888888888892	0.20000000000000001	true	64	27	55	54	109	Preserved
S05-linear-oklch	linear/oklch	3	0.20000000000000001	0.24444444444444399	true	64	22	45	44	89	Preserved
S05-linear-oklch	linear/oklch	4	0.24444444444444399	0.33333333333333298	true	16	6	13	12	25	Preserved
S05-linear-oklch	linear/oklch	5	0.33333333333333298	0.35555555555555601	true	64	22	45	44	89	Preserved
S05-linear-oklch	linear/oklch	6	0.35555555555555601	0.422222222222222	true	64	18	37	36	73	Preserved
S05-linear-oklch	linear/oklch	7	0.422222222222222	0.53333333333333299	true	64	27	55	54	109	Preserved
S05-linear-oklch	linear/oklch	8	0.53333333333333299	0.57777777777777795	true	64	22	45	44	89	Preserved
S05-linear-oklch	linear/oklch	9	0.57777777777777795	0.66666666666666696	true	16	6	13	12	25	Preserved
S05-linear-oklch	linear/oklch	10	0.66666666666666696	0.68888888888888899	true	64	22	45	44	89	Preserved
S05-linear-oklch	linear/oklch	11	0.68888888888888899	0.75555555555555598	true	64	18	37	36	73	Preserved
S05-linear-oklch	linear/oklch	12	0.75555555555555598	0.86666666666666703	true	64	27	55	54	109	Preserved
S05-linear-oklch	linear/oklch	13	0.86666666666666703	0.91111111111111098	true	64	22	45	44	89	Preserved
S05-linear-oklch	linear/oklch	14	0.91111111111111098	1	true	16	6	13	12	25	Preserved
S05-radial-oklch	radial/oklch	0	0	0.022222222222222202	true	64	22	45	44	89	Preserved
S05-radial-oklch	radial/oklch	1	0.022222222222222202	0.088888888888888892	true	64	18	37	36	73	Preserved
S05-radial-oklch	radial/oklch	2	0.088888888888888892	0.20000000000000001	true	64	27	55	54	109	Preserved
S05-radial-oklch	radial/oklch	3	0.20000000000000001	0.24444444444444399	true	64	22	45	44	89	Preserved
S05-radial-oklch	radial/oklch	4	0.24444444444444399	0.33333333333333298	true	16	6	13	12	25	Preserved
S05-radial-oklch	radial/oklch	5	0.33333333333333298	0.35555555555555601	true	64	22	45	44	89	Preserved
S05-radial-oklch	radial/oklch	6	0.35555555555555601	0.422222222222222	true	64	18	37	36	73	Preserved
S05-radial-oklch	radial/oklch	7	0.422222222222222	0.53333333333333299	true	64	27	55	54	109	Preserved
S05-radial-oklch	radial/oklch	8	0.53333333333333299	0.57777777777777795	true	64	22	45	44	89	Preserved
S05-radial-oklch	radial/oklch	9	0.57777777777777795	0.66666666666666696	true	16	6	13	12	25	Preserved
S05-radial-oklch	radial/oklch	10	0.66666666666666696	0.68888888888888899	true	64	22	45	44	89	Preserved
S05-radial-oklch	radial/oklch	11	0.68888888888888899	0.75555555555555598	true	64	18	37	36	73	Preserved
S05-radial-oklch	radial/oklch	12	0.75555555555555598	0.86666666666666703	true	64	27	55	54	109	Preserved
S05-radial-oklch	radial/oklch	13	0.86666666666666703	0.91111111111111098	true	64	22	45	44	89	Preserved
S05-radial-oklch	radial/oklch	14	0.91111111111111098	1	true	16	6	13	12	25	Preserved
S05-linear-hsl	linear/hsl	0	0	0.022222222222222202	true	64	15	31	30	61	Preserved
S05-linear-hsl	linear/hsl	1	0.022222222222222202	0.088888888888888892	true	32	12	25	24	49	Preserved
S05-linear-hsl	linear/hsl	2	0.088888888888888892	0.20000000000000001	true	64	16	33	32	65	Preserved
S05-linear-hsl	linear/hsl	3	0.20000000000000001	0.24444444444444399	true	64	6	13	12	25	Preserved
S05-linear-hsl	linear/hsl	4	0.24444444444444399	0.33333333333333298	true	16	7	15	14	29	Preserved
S05-linear-hsl	linear/hsl	5	0.33333333333333298	0.35555555555555601	true	64	15	31	30	61	Preserved
S05-linear-hsl	linear/hsl	6	0.35555555555555601	0.422222222222222	true	32	12	25	24	49	Preserved
S05-linear-hsl	linear/hsl	7	0.422222222222222	0.53333333333333299	true	64	16	33	32	65	Preserved
S05-linear-hsl	linear/hsl	8	0.53333333333333299	0.57777777777777795	true	64	6	13	12	25	Preserved
S05-linear-hsl	linear/hsl	9	0.57777777777777795	0.66666666666666696	true	16	7	15	14	29	Preserved
S05-linear-hsl	linear/hsl	10	0.66666666666666696	0.68888888888888899	true	64	15	31	30	61	Preserved
S05-linear-hsl	linear/hsl	11	0.68888888888888899	0.75555555555555598	true	32	12	25	24	49	Preserved
S05-linear-hsl	linear/hsl	12	0.75555555555555598	0.86666666666666703	true	64	16	33	32	65	Preserved
S05-linear-hsl	linear/hsl	13	0.86666666666666703	0.91111111111111098	true	64	6	13	12	25	Preserved
S05-linear-hsl	linear/hsl	14	0.91111111111111098	1	true	16	7	15	14	29	Preserved
S05-radial-hsl	radial/hsl	0	0	0.022222222222222202	true	64	15	31	30	61	Preserved
S05-radial-hsl	radial/hsl	1	0.022222222222222202	0.088888888888888892	true	32	12	25	24	49	Preserved
S05-radial-hsl	radial/hsl	2	0.088888888888888892	0.20000000000000001	true	64	16	33	32	65	Preserved
S05-radial-hsl	radial/hsl	3	0.20000000000000001	0.24444444444444399	true	64	6	13	12	25	Preserved
S05-radial-hsl	radial/hsl	4	0.24444444444444399	0.33333333333333298	true	16	7	15	14	29	Preserved
S05-radial-hsl	radial/hsl	5	0.33333333333333298	0.35555555555555601	true	64	15	31	30	61	Preserved
S05-radial-hsl	radial/hsl	6	0.35555555555555601	0.422222222222222	true	32	12	25	24	49	Preserved
S05-radial-hsl	radial/hsl	7	0.422222222222222	0.53333333333333299	true	64	16	33	32	65	Preserved
S05-radial-hsl	radial/hsl	8	0.53333333333333299	0.57777777777777795	true	64	6	13	12	25	Preserved
S05-radial-hsl	radial/hsl	9	0.57777777777777795	0.66666666666666696	true	16	7	15	14	29	Preserved
S05-radial-hsl	radial/hsl	10	0.66666666666666696	0.68888888888888899	true	64	15	31	30	61	Preserved
S05-radial-hsl	radial/hsl	11	0.68888888888888899	0.75555555555555598	true	32	12	25	24	49	Preserved
S05-radial-hsl	radial/hsl	12	0.75555555555555598	0.86666666666666703	true	64	16	33	32	65	Preserved
S05-radial-hsl	radial/hsl	13	0.86666666666666703	0.91111111111111098	true	64	6	13	12	25	Preserved
S05-radial-hsl	radial/hsl	14	0.91111111111111098	1	true	16	7	15	14	29	Preserved
S05-linear-hsv	linear/hsv	0	0	0.022222222222222202	true	64	13	27	26	53	Preserved
S05-linear-hsv	linear/hsv	1	0.022222222222222202	0.088888888888888892	true	32	11	23	22	45	Preserved
S05-linear-hsv	linear/hsv	2	0.088888888888888892	0.20000000000000001	true	64	16	33	32	65	Preserved
S05-linear-hsv	linear/hsv	3	0.20000000000000001	0.24444444444444399	true	64	6	13	12	25	Preserved
S05-linear-hsv	linear/hsv	4	0.24444444444444399	0.33333333333333298	true	16	7	15	14	29	Preserved
S05-linear-hsv	linear/hsv	5	0.33333333333333298	0.35555555555555601	true	64	13	27	26	53	Preserved
S05-linear-hsv	linear/hsv	6	0.35555555555555601	0.422222222222222	true	32	11	23	22	45	Preserved
S05-linear-hsv	linear/hsv	7	0.422222222222222	0.53333333333333299	true	64	16	33	32	65	Preserved
S05-linear-hsv	linear/hsv	8	0.53333333333333299	0.57777777777777795	true	64	6	13	12	25	Preserved
S05-linear-hsv	linear/hsv	9	0.57777777777777795	0.66666666666666696	true	16	7	15	14	29	Preserved
S05-linear-hsv	linear/hsv	10	0.66666666666666696	0.68888888888888899	true	64	13	27	26	53	Preserved
S05-linear-hsv	linear/hsv	11	0.68888888888888899	0.75555555555555598	true	32	11	23	22	45	Preserved
S05-linear-hsv	linear/hsv	12	0.75555555555555598	0.86666666666666703	true	64	16	33	32	65	Preserved
S05-linear-hsv	linear/hsv	13	0.86666666666666703	0.91111111111111098	true	64	6	13	12	25	Preserved
S05-linear-hsv	linear/hsv	14	0.91111111111111098	1	true	16	7	15	14	29	Preserved
S05-radial-hsv	radial/hsv	0	0	0.022222222222222202	true	64	13	27	26	53	Preserved
S05-radial-hsv	radial/hsv	1	0.022222222222222202	0.088888888888888892	true	32	11	23	22	45	Preserved
S05-radial-hsv	radial/hsv	2	0.088888888888888892	0.20000000000000001	true	64	16	33	32	65	Preserved
S05-radial-hsv	radial/hsv	3	0.20000000000000001	0.24444444444444399	true	64	6	13	12	25	Preserved
S05-radial-hsv	radial/hsv	4	0.24444444444444399	0.33333333333333298	true	16	7	15	14	29	Preserved
S05-radial-hsv	radial/hsv	5	0.33333333333333298	0.35555555555555601	true	64	13	27	26	53	Preserved
S05-radial-hsv	radial/hsv	6	0.35555555555555601	0.422222222222222	true	32	11	23	22	45	Preserved
S05-radial-hsv	radial/hsv	7	0.422222222222222	0.53333333333333299	true	64	16	33	32	65	Preserved
S05-radial-hsv	radial/hsv	8	0.53333333333333299	0.57777777777777795	true	64	6	13	12	25	Preserved
S05-radial-hsv	radial/hsv	9	0.57777777777777795	0.66666666666666696	true	16	7	15	14	29	Preserved
S05-radial-hsv	radial/hsv	10	0.66666666666666696	0.68888888888888899	true	64	13	27	26	53	Preserved
S05-radial-hsv	radial/hsv	11	0.68888888888888899	0.75555555555555598	true	32	11	23	22	45	Preserved
S05-radial-hsv	radial/hsv	12	0.75555555555555598	0.86666666666666703	true	64	16	33	32	65	Preserved
S05-radial-hsv	radial/hsv	13	0.86666666666666703	0.91111111111111098	true	64	6	13	12	25	Preserved
S05-radial-hsv	radial/hsv	14	0.91111111111111098	1	true	16	7	15	14	29	Preserved
S05-linear-luma	linear/luma	0	0	0.022222222222222202	true	1	0	1	0	1	Preserved
S05-linear-luma	linear/luma	1	0.022222222222222202	0.088888888888888892	true	1	0	1	0	1	Preserved
S05-linear-luma	linear/luma	2	0.088888888888888892	0.20000000000000001	true	1	0	1	0	1	Preserved
S05-linear-luma	linear/luma	3	0.20000000000000001	0.24444444444444399	true	1	0	1	0	1	Preserved
S05-linear-luma	linear/luma	4	0.24444444444444399	0.33333333333333298	true	1	0	1	0	1	Preserved
S05-linear-luma	linear/luma	5	0.33333333333333298	0.35555555555555601	true	1	0	1	0	1	Preserved
S05-linear-luma	linear/luma	6	0.35555555555555601	0.422222222222222	true	1	0	1	0	1	Preserved
S05-linear-luma	linear/luma	7	0.422222222222222	0.53333333333333299	true	1	0	1	0	1	Preserved
S05-linear-luma	linear/luma	8	0.53333333333333299	0.57777777777777795	true	1	0	1	0	1	Preserved
S05-linear-luma	linear/luma	9	0.57777777777777795	0.66666666666666696	true	1	0	1	0	1	Preserved
S05-linear-luma	linear/luma	10	0.66666666666666696	0.68888888888888899	true	1	0	1	0	1	Preserved
S05-linear-luma	linear/luma	11	0.68888888888888899	0.75555555555555598	true	1	0	1	0	1	Preserved
S05-linear-luma	linear/luma	12	0.75555555555555598	0.86666666666666703	true	1	0	1	0	1	Preserved
S05-linear-luma	linear/luma	13	0.86666666666666703	0.91111111111111098	true	1	0	1	0	1	Preserved
S05-linear-luma	linear/luma	14	0.91111111111111098	1	true	1	0	1	0	1	Preserved
S05-radial-luma	radial/luma	0	0	0.022222222222222202	true	1	0	1	0	1	Preserved
S05-radial-luma	radial/luma	1	0.022222222222222202	0.088888888888888892	true	1	0	1	0	1	Preserved
S05-radial-luma	radial/luma	2	0.088888888888888892	0.20000000000000001	true	1	0	1	0	1	Preserved
S05-radial-luma	radial/luma	3	0.20000000000000001	0.24444444444444399	true	1	0	1	0	1	Preserved
S05-radial-luma	radial/luma	4	0.24444444444444399	0.33333333333333298	true	1	0	1	0	1	Preserved
S05-radial-luma	radial/luma	5	0.33333333333333298	0.35555555555555601	true	1	0	1	0	1	Preserved
S05-radial-luma	radial/luma	6	0.35555555555555601	0.422222222222222	true	1	0	1	0	1	Preserved
S05-radial-luma	radial/luma	7	0.422222222222222	0.53333333333333299	true	1	0	1	0	1	Preserved
S05-radial-luma	radial/luma	8	0.53333333333333299	0.57777777777777795	true	1	0	1	0	1	Preserved
S05-radial-luma	radial/luma	9	0.57777777777777795	0.66666666666666696	true	1	0	1	0	1	Preserved
S05-radial-luma	radial/luma	10	0.66666666666666696	0.68888888888888899	true	1	0	1	0	1	Preserved
S05-radial-luma	radial/luma	11	0.68888888888888899	0.75555555555555598	true	1	0	1	0	1	Preserved
S05-radial-luma	radial/luma	12	0.75555555555555598	0.86666666666666703	true	1	0	1	0	1	Preserved
S05-radial-luma	radial/luma	13	0.86666666666666703	0.91111111111111098	true	1	0	1	0	1	Preserved
S05-radial-luma	radial/luma	14	0.91111111111111098	1	true	1	0	1	0	1	Preserved
S06-linear-oklch	linear/oklch	0	0	0.032258064516128997	true	64	21	43	42	85	Preserved
S06-linear-oklch	linear/oklch	1	0.032258064516128997	0.06451612903225809	true	32	17	35	34	69	Preserved
S06-linear-oklch	linear/oklch	2	0.06451612903225809	0.096774193548387094	true	64	34	69	68	137	Preserved
S06-linear-oklch	linear/oklch	3	0.096774193548387094	0.12903225806451599	true	64	32	65	64	129	Preserved
S06-linear-oklch	linear/oklch	4	0.12903225806451599	0.16129032258064499	true	8	7	15	14	29	Preserved
S06-linear-oklch	linear/oklch	5	0.16129032258064499	0.19354838709677399	true	64	32	65	64	129	Preserved
S06-linear-oklch	linear/oklch	6	0.19354838709677399	0.225806451612903	true	64	23	47	46	93	Preserved
S06-linear-oklch	linear/oklch	7	0.225806451612903	0.25806451612903197	true	64	30	61	60	121	Preserved
S06-linear-oklch	linear/oklch	8	0.25806451612903197	0.29032258064516098	true	64	21	43	42	85	Preserved
S06-linear-oklch	linear/oklch	9	0.29032258064516098	0.32258064516128998	true	32	17	35	34	69	Preserved
S06-linear-oklch	linear/oklch	10	0.32258064516128998	0.35483870967741898	true	64	34	69	68	137	Preserved
S06-linear-oklch	linear/oklch	11	0.35483870967741898	0.38709677419354799	true	64	32	65	64	129	Preserved
S06-linear-oklch	linear/oklch	12	0.38709677419354799	0.41935483870967699	true	8	7	15	14	29	Preserved
S06-linear-oklch	linear/oklch	13	0.41935483870967699	0.45161290322580599	true	64	32	65	64	129	Preserved
S06-linear-oklch	linear/oklch	14	0.45161290322580599	0.483870967741936	true	64	23	47	46	93	Preserved
S06-linear-oklch	linear/oklch	15	0.483870967741936	0.51612903225806395	true	64	30	61	60	121	Preserved
S06-linear-oklch	linear/oklch	16	0.51612903225806395	0.54838709677419406	true	64	21	43	42	85	Preserved
S06-linear-oklch	linear/oklch	17	0.54838709677419406	0.58064516129032295	true	32	17	35	34	69	Preserved
S06-linear-oklch	linear/oklch	18	0.58064516129032295	0.61290322580645207	true	64	34	69	68	137	Preserved
S06-linear-oklch	linear/oklch	19	0.61290322580645207	0.64516129032258107	true	64	32	65	64	129	Preserved
S06-linear-oklch	linear/oklch	20	0.64516129032258107	0.67741935483871007	true	8	7	15	14	29	Preserved
S06-linear-oklch	linear/oklch	21	0.67741935483871007	0.70967741935483897	true	64	32	65	64	129	Preserved
S06-linear-oklch	linear/oklch	22	0.70967741935483897	0.74193548387096797	true	64	23	47	46	93	Preserved
S06-linear-oklch	linear/oklch	23	0.74193548387096797	0.77419354838709697	true	64	30	61	60	121	Preserved
S06-linear-oklch	linear/oklch	24	0.77419354838709697	0.80645161290322609	true	64	21	43	42	85	Preserved
S06-linear-oklch	linear/oklch	25	0.80645161290322609	0.83870967741935498	true	32	17	35	34	69	Preserved
S06-linear-oklch	linear/oklch	26	0.83870967741935498	0.87096774193548399	true	64	34	69	68	137	Preserved
S06-linear-oklch	linear/oklch	27	0.87096774193548399	0.90322580645161299	true	64	32	65	64	129	Preserved
S06-linear-oklch	linear/oklch	28	0.90322580645161299	0.9354838709677421	true	8	7	15	14	29	Preserved
S06-linear-oklch	linear/oklch	29	0.9354838709677421	0.967741935483871	true	64	32	65	64	129	Preserved
S06-linear-oklch	linear/oklch	30	0.967741935483871	1	true	64	23	47	46	93	Preserved
S06-radial-oklch	radial/oklch	0	0	0.032258064516128997	true	64	21	43	42	85	Preserved
S06-radial-oklch	radial/oklch	1	0.032258064516128997	0.06451612903225809	true	32	17	35	34	69	Preserved
S06-radial-oklch	radial/oklch	2	0.06451612903225809	0.096774193548387094	true	64	34	69	68	137	Preserved
S06-radial-oklch	radial/oklch	3	0.096774193548387094	0.12903225806451599	true	64	32	65	64	129	Preserved
S06-radial-oklch	radial/oklch	4	0.12903225806451599	0.16129032258064499	true	8	7	15	14	29	Preserved
S06-radial-oklch	radial/oklch	5	0.16129032258064499	0.19354838709677399	true	64	32	65	64	129	Preserved
S06-radial-oklch	radial/oklch	6	0.19354838709677399	0.225806451612903	true	64	23	47	46	93	Preserved
S06-radial-oklch	radial/oklch	7	0.225806451612903	0.25806451612903197	true	64	30	61	60	121	Preserved
S06-radial-oklch	radial/oklch	8	0.25806451612903197	0.29032258064516098	true	64	21	43	42	85	Preserved
S06-radial-oklch	radial/oklch	9	0.29032258064516098	0.32258064516128998	true	32	17	35	34	69	Preserved
S06-radial-oklch	radial/oklch	10	0.32258064516128998	0.35483870967741898	true	64	34	69	68	137	Preserved
S06-radial-oklch	radial/oklch	11	0.35483870967741898	0.38709677419354799	true	64	32	65	64	129	Preserved
S06-radial-oklch	radial/oklch	12	0.38709677419354799	0.41935483870967699	true	8	7	15	14	29	Preserved
S06-radial-oklch	radial/oklch	13	0.41935483870967699	0.45161290322580599	true	64	32	65	64	129	Preserved
S06-radial-oklch	radial/oklch	14	0.45161290322580599	0.483870967741936	true	64	23	47	46	93	Preserved
S06-radial-oklch	radial/oklch	15	0.483870967741936	0.51612903225806395	true	64	30	61	60	121	Preserved
S06-radial-oklch	radial/oklch	16	0.51612903225806395	0.54838709677419406	true	64	21	43	42	85	Preserved
S06-radial-oklch	radial/oklch	17	0.54838709677419406	0.58064516129032295	true	32	17	35	34	69	Preserved
S06-radial-oklch	radial/oklch	18	0.58064516129032295	0.61290322580645207	true	64	34	69	68	137	Preserved
S06-radial-oklch	radial/oklch	19	0.61290322580645207	0.64516129032258107	true	64	32	65	64	129	Preserved
S06-radial-oklch	radial/oklch	20	0.64516129032258107	0.67741935483871007	true	8	7	15	14	29	Preserved
S06-radial-oklch	radial/oklch	21	0.67741935483871007	0.70967741935483897	true	64	32	65	64	129	Preserved
S06-radial-oklch	radial/oklch	22	0.70967741935483897	0.74193548387096797	true	64	23	47	46	93	Preserved
S06-radial-oklch	radial/oklch	23	0.74193548387096797	0.77419354838709697	true	64	30	61	60	121	Preserved
S06-radial-oklch	radial/oklch	24	0.77419354838709697	0.80645161290322609	true	64	21	43	42	85	Preserved
S06-radial-oklch	radial/oklch	25	0.80645161290322609	0.83870967741935498	true	32	17	35	34	69	Preserved
S06-radial-oklch	radial/oklch	26	0.83870967741935498	0.87096774193548399	true	64	34	69	68	137	Preserved
S06-radial-oklch	radial/oklch	27	0.87096774193548399	0.90322580645161299	true	64	32	65	64	129	Preserved
S06-radial-oklch	radial/oklch	28	0.90322580645161299	0.9354838709677421	true	8	7	15	14	29	Preserved
S06-radial-oklch	radial/oklch	29	0.9354838709677421	0.967741935483871	true	64	32	65	64	129	Preserved
S06-radial-oklch	radial/oklch	30	0.967741935483871	1	true	64	23	47	46	93	Preserved
S06-linear-hsl	linear/hsl	0	0	0.032258064516128997	true	1	0	1	0	1	Preserved
S06-linear-hsl	linear/hsl	1	0.032258064516128997	0.06451612903225809	true	16	15	31	30	61	Preserved
S06-linear-hsl	linear/hsl	2	0.06451612903225809	0.096774193548387094	true	64	17	35	34	69	Preserved
S06-linear-hsl	linear/hsl	3	0.096774193548387094	0.12903225806451599	true	64	10	21	20	41	Preserved
S06-linear-hsl	linear/hsl	4	0.12903225806451599	0.16129032258064499	true	8	7	15	14	29	Preserved
S06-linear-hsl	linear/hsl	5	0.16129032258064499	0.19354838709677399	true	2	1	3	2	5	Preserved
S06-linear-hsl	linear/hsl	6	0.19354838709677399	0.225806451612903	true	64	6	13	12	25	Preserved
S06-linear-hsl	linear/hsl	7	0.225806451612903	0.25806451612903197	true	32	23	47	46	93	Preserved
S06-linear-hsl	linear/hsl	8	0.25806451612903197	0.29032258064516098	true	1	0	1	0	1	Preserved
S06-linear-hsl	linear/hsl	9	0.29032258064516098	0.32258064516128998	true	16	15	31	30	61	Preserved
S06-linear-hsl	linear/hsl	10	0.32258064516128998	0.35483870967741898	true	64	17	35	34	69	Preserved
S06-linear-hsl	linear/hsl	11	0.35483870967741898	0.38709677419354799	true	64	10	21	20	41	Preserved
S06-linear-hsl	linear/hsl	12	0.38709677419354799	0.41935483870967699	true	8	7	15	14	29	Preserved
S06-linear-hsl	linear/hsl	13	0.41935483870967699	0.45161290322580599	true	2	1	3	2	5	Preserved
S06-linear-hsl	linear/hsl	14	0.45161290322580599	0.483870967741936	true	64	6	13	12	25	Preserved
S06-linear-hsl	linear/hsl	15	0.483870967741936	0.51612903225806395	true	32	23	47	46	93	Preserved
S06-linear-hsl	linear/hsl	16	0.51612903225806395	0.54838709677419406	true	1	0	1	0	1	Preserved
S06-linear-hsl	linear/hsl	17	0.54838709677419406	0.58064516129032295	true	16	15	31	30	61	Preserved
S06-linear-hsl	linear/hsl	18	0.58064516129032295	0.61290322580645207	true	64	17	35	34	69	Preserved
S06-linear-hsl	linear/hsl	19	0.61290322580645207	0.64516129032258107	true	64	10	21	20	41	Preserved
S06-linear-hsl	linear/hsl	20	0.64516129032258107	0.67741935483871007	true	8	7	15	14	29	Preserved
S06-linear-hsl	linear/hsl	21	0.67741935483871007	0.70967741935483897	true	2	1	3	2	5	Preserved
S06-linear-hsl	linear/hsl	22	0.70967741935483897	0.74193548387096797	true	64	6	13	12	25	Preserved
S06-linear-hsl	linear/hsl	23	0.74193548387096797	0.77419354838709697	true	32	23	47	46	93	Preserved
S06-linear-hsl	linear/hsl	24	0.77419354838709697	0.80645161290322609	true	1	0	1	0	1	Preserved
S06-linear-hsl	linear/hsl	25	0.80645161290322609	0.83870967741935498	true	16	15	31	30	61	Preserved
S06-linear-hsl	linear/hsl	26	0.83870967741935498	0.87096774193548399	true	64	17	35	34	69	Preserved
S06-linear-hsl	linear/hsl	27	0.87096774193548399	0.90322580645161299	true	64	10	21	20	41	Preserved
S06-linear-hsl	linear/hsl	28	0.90322580645161299	0.9354838709677421	true	8	7	15	14	29	Preserved
S06-linear-hsl	linear/hsl	29	0.9354838709677421	0.967741935483871	true	2	1	3	2	5	Preserved
S06-linear-hsl	linear/hsl	30	0.967741935483871	1	true	64	6	13	12	25	Preserved
S06-radial-hsl	radial/hsl	0	0	0.032258064516128997	true	1	0	1	0	1	Preserved
S06-radial-hsl	radial/hsl	1	0.032258064516128997	0.06451612903225809	true	16	15	31	30	61	Preserved
S06-radial-hsl	radial/hsl	2	0.06451612903225809	0.096774193548387094	true	64	17	35	34	69	Preserved
S06-radial-hsl	radial/hsl	3	0.096774193548387094	0.12903225806451599	true	64	10	21	20	41	Preserved
S06-radial-hsl	radial/hsl	4	0.12903225806451599	0.16129032258064499	true	8	7	15	14	29	Preserved
S06-radial-hsl	radial/hsl	5	0.16129032258064499	0.19354838709677399	true	2	1	3	2	5	Preserved
S06-radial-hsl	radial/hsl	6	0.19354838709677399	0.225806451612903	true	64	6	13	12	25	Preserved
S06-radial-hsl	radial/hsl	7	0.225806451612903	0.25806451612903197	true	32	23	47	46	93	Preserved
S06-radial-hsl	radial/hsl	8	0.25806451612903197	0.29032258064516098	true	1	0	1	0	1	Preserved
S06-radial-hsl	radial/hsl	9	0.29032258064516098	0.32258064516128998	true	16	15	31	30	61	Preserved
S06-radial-hsl	radial/hsl	10	0.32258064516128998	0.35483870967741898	true	64	17	35	34	69	Preserved
S06-radial-hsl	radial/hsl	11	0.35483870967741898	0.38709677419354799	true	64	10	21	20	41	Preserved
S06-radial-hsl	radial/hsl	12	0.38709677419354799	0.41935483870967699	true	8	7	15	14	29	Preserved
S06-radial-hsl	radial/hsl	13	0.41935483870967699	0.45161290322580599	true	2	1	3	2	5	Preserved
S06-radial-hsl	radial/hsl	14	0.45161290322580599	0.483870967741936	true	64	6	13	12	25	Preserved
S06-radial-hsl	radial/hsl	15	0.483870967741936	0.51612903225806395	true	32	23	47	46	93	Preserved
S06-radial-hsl	radial/hsl	16	0.51612903225806395	0.54838709677419406	true	1	0	1	0	1	Preserved
S06-radial-hsl	radial/hsl	17	0.54838709677419406	0.58064516129032295	true	16	15	31	30	61	Preserved
S06-radial-hsl	radial/hsl	18	0.58064516129032295	0.61290322580645207	true	64	17	35	34	69	Preserved
S06-radial-hsl	radial/hsl	19	0.61290322580645207	0.64516129032258107	true	64	10	21	20	41	Preserved
S06-radial-hsl	radial/hsl	20	0.64516129032258107	0.67741935483871007	true	8	7	15	14	29	Preserved
S06-radial-hsl	radial/hsl	21	0.67741935483871007	0.70967741935483897	true	2	1	3	2	5	Preserved
S06-radial-hsl	radial/hsl	22	0.70967741935483897	0.74193548387096797	true	64	6	13	12	25	Preserved
S06-radial-hsl	radial/hsl	23	0.74193548387096797	0.77419354838709697	true	32	23	47	46	93	Preserved
S06-radial-hsl	radial/hsl	24	0.77419354838709697	0.80645161290322609	true	1	0	1	0	1	Preserved
S06-radial-hsl	radial/hsl	25	0.80645161290322609	0.83870967741935498	true	16	15	31	30	61	Preserved
S06-radial-hsl	radial/hsl	26	0.83870967741935498	0.87096774193548399	true	64	17	35	34	69	Preserved
S06-radial-hsl	radial/hsl	27	0.87096774193548399	0.90322580645161299	true	64	10	21	20	41	Preserved
S06-radial-hsl	radial/hsl	28	0.90322580645161299	0.9354838709677421	true	8	7	15	14	29	Preserved
S06-radial-hsl	radial/hsl	29	0.9354838709677421	0.967741935483871	true	2	1	3	2	5	Preserved
S06-radial-hsl	radial/hsl	30	0.967741935483871	1	true	64	6	13	12	25	Preserved
S06-linear-hsv	linear/hsv	0	0	0.032258064516128997	true	1	0	1	0	1	Preserved
S06-linear-hsv	linear/hsv	1	0.032258064516128997	0.06451612903225809	true	4	3	7	6	13	Preserved
S06-linear-hsv	linear/hsv	2	0.06451612903225809	0.096774193548387094	true	64	17	35	34	69	Preserved
S06-linear-hsv	linear/hsv	3	0.096774193548387094	0.12903225806451599	true	64	10	21	20	41	Preserved
S06-linear-hsv	linear/hsv	4	0.12903225806451599	0.16129032258064499	true	8	7	15	14	29	Preserved
S06-linear-hsv	linear/hsv	5	0.16129032258064499	0.19354838709677399	true	2	1	3	2	5	Preserved
S06-linear-hsv	linear/hsv	6	0.19354838709677399	0.225806451612903	true	64	6	13	12	25	Preserved
S06-linear-hsv	linear/hsv	7	0.225806451612903	0.25806451612903197	true	32	28	57	56	113	Preserved
S06-linear-hsv	linear/hsv	8	0.25806451612903197	0.29032258064516098	true	1	0	1	0	1	Preserved
S06-linear-hsv	linear/hsv	9	0.29032258064516098	0.32258064516128998	true	4	3	7	6	13	Preserved
S06-linear-hsv	linear/hsv	10	0.32258064516128998	0.35483870967741898	true	64	17	35	34	69	Preserved
S06-linear-hsv	linear/hsv	11	0.35483870967741898	0.38709677419354799	true	64	10	21	20	41	Preserved
S06-linear-hsv	linear/hsv	12	0.38709677419354799	0.41935483870967699	true	8	7	15	14	29	Preserved
S06-linear-hsv	linear/hsv	13	0.41935483870967699	0.45161290322580599	true	2	1	3	2	5	Preserved
S06-linear-hsv	linear/hsv	14	0.45161290322580599	0.483870967741936	true	64	6	13	12	25	Preserved
S06-linear-hsv	linear/hsv	15	0.483870967741936	0.51612903225806395	true	32	28	57	56	113	Preserved
S06-linear-hsv	linear/hsv	16	0.51612903225806395	0.54838709677419406	true	1	0	1	0	1	Preserved
S06-linear-hsv	linear/hsv	17	0.54838709677419406	0.58064516129032295	true	4	3	7	6	13	Preserved
S06-linear-hsv	linear/hsv	18	0.58064516129032295	0.61290322580645207	true	64	17	35	34	69	Preserved
S06-linear-hsv	linear/hsv	19	0.61290322580645207	0.64516129032258107	true	64	10	21	20	41	Preserved
S06-linear-hsv	linear/hsv	20	0.64516129032258107	0.67741935483871007	true	8	7	15	14	29	Preserved
S06-linear-hsv	linear/hsv	21	0.67741935483871007	0.70967741935483897	true	2	1	3	2	5	Preserved
S06-linear-hsv	linear/hsv	22	0.70967741935483897	0.74193548387096797	true	64	6	13	12	25	Preserved
S06-linear-hsv	linear/hsv	23	0.74193548387096797	0.77419354838709697	true	32	28	57	56	113	Preserved
S06-linear-hsv	linear/hsv	24	0.77419354838709697	0.80645161290322609	true	1	0	1	0	1	Preserved
S06-linear-hsv	linear/hsv	25	0.80645161290322609	0.83870967741935498	true	4	3	7	6	13	Preserved
S06-linear-hsv	linear/hsv	26	0.83870967741935498	0.87096774193548399	true	64	17	35	34	69	Preserved
S06-linear-hsv	linear/hsv	27	0.87096774193548399	0.90322580645161299	true	64	10	21	20	41	Preserved
S06-linear-hsv	linear/hsv	28	0.90322580645161299	0.9354838709677421	true	8	7	15	14	29	Preserved
S06-linear-hsv	linear/hsv	29	0.9354838709677421	0.967741935483871	true	2	1	3	2	5	Preserved
S06-linear-hsv	linear/hsv	30	0.967741935483871	1	true	64	6	13	12	25	Preserved
S06-radial-hsv	radial/hsv	0	0	0.032258064516128997	true	1	0	1	0	1	Preserved
S06-radial-hsv	radial/hsv	1	0.032258064516128997	0.06451612903225809	true	4	3	7	6	13	Preserved
S06-radial-hsv	radial/hsv	2	0.06451612903225809	0.096774193548387094	true	64	17	35	34	69	Preserved
S06-radial-hsv	radial/hsv	3	0.096774193548387094	0.12903225806451599	true	64	10	21	20	41	Preserved
S06-radial-hsv	radial/hsv	4	0.12903225806451599	0.16129032258064499	true	8	7	15	14	29	Preserved
S06-radial-hsv	radial/hsv	5	0.16129032258064499	0.19354838709677399	true	2	1	3	2	5	Preserved
S06-radial-hsv	radial/hsv	6	0.19354838709677399	0.225806451612903	true	64	6	13	12	25	Preserved
S06-radial-hsv	radial/hsv	7	0.225806451612903	0.25806451612903197	true	32	28	57	56	113	Preserved
S06-radial-hsv	radial/hsv	8	0.25806451612903197	0.29032258064516098	true	1	0	1	0	1	Preserved
S06-radial-hsv	radial/hsv	9	0.29032258064516098	0.32258064516128998	true	4	3	7	6	13	Preserved
S06-radial-hsv	radial/hsv	10	0.32258064516128998	0.35483870967741898	true	64	17	35	34	69	Preserved
S06-radial-hsv	radial/hsv	11	0.35483870967741898	0.38709677419354799	true	64	10	21	20	41	Preserved
S06-radial-hsv	radial/hsv	12	0.38709677419354799	0.41935483870967699	true	8	7	15	14	29	Preserved
S06-radial-hsv	radial/hsv	13	0.41935483870967699	0.45161290322580599	true	2	1	3	2	5	Preserved
S06-radial-hsv	radial/hsv	14	0.45161290322580599	0.483870967741936	true	64	6	13	12	25	Preserved
S06-radial-hsv	radial/hsv	15	0.483870967741936	0.51612903225806395	true	32	28	57	56	113	Preserved
S06-radial-hsv	radial/hsv	16	0.51612903225806395	0.54838709677419406	true	1	0	1	0	1	Preserved
S06-radial-hsv	radial/hsv	17	0.54838709677419406	0.58064516129032295	true	4	3	7	6	13	Preserved
S06-radial-hsv	radial/hsv	18	0.58064516129032295	0.61290322580645207	true	64	17	35	34	69	Preserved
S06-radial-hsv	radial/hsv	19	0.61290322580645207	0.64516129032258107	true	64	10	21	20	41	Preserved
S06-radial-hsv	radial/hsv	20	0.64516129032258107	0.67741935483871007	true	8	7	15	14	29	Preserved
S06-radial-hsv	radial/hsv	21	0.67741935483871007	0.70967741935483897	true	2	1	3	2	5	Preserved
S06-radial-hsv	radial/hsv	22	0.70967741935483897	0.74193548387096797	true	64	6	13	12	25	Preserved
S06-radial-hsv	radial/hsv	23	0.74193548387096797	0.77419354838709697	true	32	28	57	56	113	Preserved
S06-radial-hsv	radial/hsv	24	0.77419354838709697	0.80645161290322609	true	1	0	1	0	1	Preserved
S06-radial-hsv	radial/hsv	25	0.80645161290322609	0.83870967741935498	true	4	3	7	6	13	Preserved
S06-radial-hsv	radial/hsv	26	0.83870967741935498	0.87096774193548399	true	64	17	35	34	69	Preserved
S06-radial-hsv	radial/hsv	27	0.87096774193548399	0.90322580645161299	true	64	10	21	20	41	Preserved
S06-radial-hsv	radial/hsv	28	0.90322580645161299	0.9354838709677421	true	8	7	15	14	29	Preserved
S06-radial-hsv	radial/hsv	29	0.9354838709677421	0.967741935483871	true	2	1	3	2	5	Preserved
S06-radial-hsv	radial/hsv	30	0.967741935483871	1	true	64	6	13	12	25	Preserved
S06-linear-luma	linear/luma	0	0	0.032258064516128997	true	1	0	1	0	1	Preserved
S06-linear-luma	linear/luma	1	0.032258064516128997	0.06451612903225809	true	1	0	1	0	1	Preserved
S06-linear-luma	linear/luma	2	0.06451612903225809	0.096774193548387094	true	1	0	1	0	1	Preserved
S06-linear-luma	linear/luma	3	0.096774193548387094	0.12903225806451599	true	1	0	1	0	1	Preserved
S06-linear-luma	linear/luma	4	0.12903225806451599	0.16129032258064499	true	1	0	1	0	1	Preserved
S06-linear-luma	linear/luma	5	0.16129032258064499	0.19354838709677399	true	1	0	1	0	1	Preserved
S06-linear-luma	linear/luma	6	0.19354838709677399	0.225806451612903	true	1	0	1	0	1	Preserved
S06-linear-luma	linear/luma	7	0.225806451612903	0.25806451612903197	true	1	0	1	0	1	Preserved
S06-linear-luma	linear/luma	8	0.25806451612903197	0.29032258064516098	true	1	0	1	0	1	Preserved
S06-linear-luma	linear/luma	9	0.29032258064516098	0.32258064516128998	true	1	0	1	0	1	Preserved
S06-linear-luma	linear/luma	10	0.32258064516128998	0.35483870967741898	true	1	0	1	0	1	Preserved
S06-linear-luma	linear/luma	11	0.35483870967741898	0.38709677419354799	true	1	0	1	0	1	Preserved
S06-linear-luma	linear/luma	12	0.38709677419354799	0.41935483870967699	true	1	0	1	0	1	Preserved
S06-linear-luma	linear/luma	13	0.41935483870967699	0.45161290322580599	true	1	0	1	0	1	Preserved
S06-linear-luma	linear/luma	14	0.45161290322580599	0.483870967741936	true	1	0	1	0	1	Preserved
S06-linear-luma	linear/luma	15	0.483870967741936	0.51612903225806395	true	1	0	1	0	1	Preserved
S06-linear-luma	linear/luma	16	0.51612903225806395	0.54838709677419406	true	1	0	1	0	1	Preserved
S06-linear-luma	linear/luma	17	0.54838709677419406	0.58064516129032295	true	1	0	1	0	1	Preserved
S06-linear-luma	linear/luma	18	0.58064516129032295	0.61290322580645207	true	1	0	1	0	1	Preserved
S06-linear-luma	linear/luma	19	0.61290322580645207	0.64516129032258107	true	1	0	1	0	1	Preserved
S06-linear-luma	linear/luma	20	0.64516129032258107	0.67741935483871007	true	1	0	1	0	1	Preserved
S06-linear-luma	linear/luma	21	0.67741935483871007	0.70967741935483897	true	1	0	1	0	1	Preserved
S06-linear-luma	linear/luma	22	0.70967741935483897	0.74193548387096797	true	1	0	1	0	1	Preserved
S06-linear-luma	linear/luma	23	0.74193548387096797	0.77419354838709697	true	1	0	1	0	1	Preserved
S06-linear-luma	linear/luma	24	0.77419354838709697	0.80645161290322609	true	1	0	1	0	1	Preserved
S06-linear-luma	linear/luma	25	0.80645161290322609	0.83870967741935498	true	1	0	1	0	1	Preserved
S06-linear-luma	linear/luma	26	0.83870967741935498	0.87096774193548399	true	1	0	1	0	1	Preserved
S06-linear-luma	linear/luma	27	0.87096774193548399	0.90322580645161299	true	1	0	1	0	1	Preserved
S06-linear-luma	linear/luma	28	0.90322580645161299	0.9354838709677421	true	1	0	1	0	1	Preserved
S06-linear-luma	linear/luma	29	0.9354838709677421	0.967741935483871	true	1	0	1	0	1	Preserved
S06-linear-luma	linear/luma	30	0.967741935483871	1	true	1	0	1	0	1	Preserved
S06-radial-luma	radial/luma	0	0	0.032258064516128997	true	1	0	1	0	1	Preserved
S06-radial-luma	radial/luma	1	0.032258064516128997	0.06451612903225809	true	1	0	1	0	1	Preserved
S06-radial-luma	radial/luma	2	0.06451612903225809	0.096774193548387094	true	1	0	1	0	1	Preserved
S06-radial-luma	radial/luma	3	0.096774193548387094	0.12903225806451599	true	1	0	1	0	1	Preserved
S06-radial-luma	radial/luma	4	0.12903225806451599	0.16129032258064499	true	1	0	1	0	1	Preserved
S06-radial-luma	radial/luma	5	0.16129032258064499	0.19354838709677399	true	1	0	1	0	1	Preserved
S06-radial-luma	radial/luma	6	0.19354838709677399	0.225806451612903	true	1	0	1	0	1	Preserved
S06-radial-luma	radial/luma	7	0.225806451612903	0.25806451612903197	true	1	0	1	0	1	Preserved
S06-radial-luma	radial/luma	8	0.25806451612903197	0.29032258064516098	true	1	0	1	0	1	Preserved
S06-radial-luma	radial/luma	9	0.29032258064516098	0.32258064516128998	true	1	0	1	0	1	Preserved
S06-radial-luma	radial/luma	10	0.32258064516128998	0.35483870967741898	true	1	0	1	0	1	Preserved
S06-radial-luma	radial/luma	11	0.35483870967741898	0.38709677419354799	true	1	0	1	0	1	Preserved
S06-radial-luma	radial/luma	12	0.38709677419354799	0.41935483870967699	true	1	0	1	0	1	Preserved
S06-radial-luma	radial/luma	13	0.41935483870967699	0.45161290322580599	true	1	0	1	0	1	Preserved
S06-radial-luma	radial/luma	14	0.45161290322580599	0.483870967741936	true	1	0	1	0	1	Preserved
S06-radial-luma	radial/luma	15	0.483870967741936	0.51612903225806395	true	1	0	1	0	1	Preserved
S06-radial-luma	radial/luma	16	0.51612903225806395	0.54838709677419406	true	1	0	1	0	1	Preserved
S06-radial-luma	radial/luma	17	0.54838709677419406	0.58064516129032295	true	1	0	1	0	1	Preserved
S06-radial-luma	radial/luma	18	0.58064516129032295	0.61290322580645207	true	1	0	1	0	1	Preserved
S06-radial-luma	radial/luma	19	0.61290322580645207	0.64516129032258107	true	1	0	1	0	1	Preserved
S06-radial-luma	radial/luma	20	0.64516129032258107	0.67741935483871007	true	1	0	1	0	1	Preserved
S06-radial-luma	radial/luma	21	0.67741935483871007	0.70967741935483897	true	1	0	1	0	1	Preserved
S06-radial-luma	radial/luma	22	0.70967741935483897	0.74193548387096797	true	1	0	1	0	1	Preserved
S06-radial-luma	radial/luma	23	0.74193548387096797	0.77419354838709697	true	1	0	1	0	1	Preserved
S06-radial-luma	radial/luma	24	0.77419354838709697	0.80645161290322609	true	1	0	1	0	1	Preserved
S06-radial-luma	radial/luma	25	0.80645161290322609	0.83870967741935498	true	1	0	1	0	1	Preserved
S06-radial-luma	radial/luma	26	0.83870967741935498	0.87096774193548399	true	1	0	1	0	1	Preserved
S06-radial-luma	radial/luma	27	0.87096774193548399	0.90322580645161299	true	1	0	1	0	1	Preserved
S06-radial-luma	radial/luma	28	0.90322580645161299	0.9354838709677421	true	1	0	1	0	1	Preserved
S06-radial-luma	radial/luma	29	0.9354838709677421	0.967741935483871	true	1	0	1	0	1	Preserved
S06-radial-luma	radial/luma	30	0.967741935483871	1	true	1	0	1	0	1	Preserved
S07-linear-oklch	linear/oklch	0	0	0	false	0	0	0	0	0	Preserved
S07-linear-oklch	linear/oklch	1	0	1	true	64	28	57	56	113	Preserved
S07-radial-oklch	radial/oklch	0	0	0	false	0	0	0	0	0	Preserved
S07-radial-oklch	radial/oklch	1	0	1	true	64	28	57	56	113	Preserved
S07-linear-hsl	linear/hsl	0	0	0	false	0	0	0	0	0	Preserved
S07-linear-hsl	linear/hsl	1	0	1	true	64	18	37	36	73	Preserved
S07-radial-hsl	radial/hsl	0	0	0	false	0	0	0	0	0	Preserved
S07-radial-hsl	radial/hsl	1	0	1	true	64	18	37	36	73	Preserved
S07-linear-hsv	linear/hsv	0	0	0	false	0	0	0	0	0	Preserved
S07-linear-hsv	linear/hsv	1	0	1	true	64	19	39	38	77	Preserved
S07-radial-hsv	radial/hsv	0	0	0	false	0	0	0	0	0	Preserved
S07-radial-hsv	radial/hsv	1	0	1	true	64	19	39	38	77	Preserved
S07-linear-luma	linear/luma	0	0	0	false	0	0	0	0	0	Preserved
S07-linear-luma	linear/luma	1	0	1	true	1	0	1	0	1	Preserved
S07-radial-luma	radial/luma	0	0	0	false	0	0	0	0	0	Preserved
S07-radial-luma	radial/luma	1	0	1	true	1	0	1	0	1	Preserved
S08-linear-oklch	linear/oklch	0	0	0.5	true	64	26	53	52	105	Preserved
S08-linear-oklch	linear/oklch	1	0.5	0.5	false	0	0	0	0	0	Preserved
S08-linear-oklch	linear/oklch	2	0.5	1	true	1	0	1	0	1	Preserved
S08-radial-oklch	radial/oklch	0	0	0.5	true	64	26	53	52	105	Preserved
S08-radial-oklch	radial/oklch	1	0.5	0.5	false	0	0	0	0	0	Preserved
S08-radial-oklch	radial/oklch	2	0.5	1	true	1	0	1	0	1	Preserved
S08-linear-hsl	linear/hsl	0	0	0.5	true	64	14	29	28	57	Preserved
S08-linear-hsl	linear/hsl	1	0.5	0.5	false	0	0	0	0	0	Preserved
S08-linear-hsl	linear/hsl	2	0.5	1	true	1	0	1	0	1	Preserved
S08-radial-hsl	radial/hsl	0	0	0.5	true	64	14	29	28	57	Preserved
S08-radial-hsl	radial/hsl	1	0.5	0.5	false	0	0	0	0	0	Preserved
S08-radial-hsl	radial/hsl	2	0.5	1	true	1	0	1	0	1	Preserved
S08-linear-hsv	linear/hsv	0	0	0.5	true	64	16	33	32	65	Preserved
S08-linear-hsv	linear/hsv	1	0.5	0.5	false	0	0	0	0	0	Preserved
S08-linear-hsv	linear/hsv	2	0.5	1	true	1	0	1	0	1	Preserved
S08-radial-hsv	radial/hsv	0	0	0.5	true	64	16	33	32	65	Preserved
S08-radial-hsv	radial/hsv	1	0.5	0.5	false	0	0	0	0	0	Preserved
S08-radial-hsv	radial/hsv	2	0.5	1	true	1	0	1	0	1	Preserved
S08-linear-luma	linear/luma	0	0	0.5	true	1	0	1	0	1	Preserved
S08-linear-luma	linear/luma	1	0.5	0.5	false	0	0	0	0	0	Preserved
S08-linear-luma	linear/luma	2	0.5	1	true	1	0	1	0	1	Preserved
S08-radial-luma	radial/luma	0	0	0.5	true	1	0	1	0	1	Preserved
S08-radial-luma	radial/luma	1	0.5	0.5	false	0	0	0	0	0	Preserved
S08-radial-luma	radial/luma	2	0.5	1	true	1	0	1	0	1	Preserved
S09-linear-oklch	linear/oklch	0	0	0.33333333333333298	true	64	28	57	56	113	Preserved
S09-linear-oklch	linear/oklch	1	0.33333333333333298	0.66666666666666696	true	64	15	31	30	61	Preserved
S09-linear-oklch	linear/oklch	2	0.66666666666666696	1	true	1	0	1	0	1	Preserved
S09-linear-oklch	linear/oklch	3	1	1	false	0	0	0	0	0	Preserved
S09-radial-oklch	radial/oklch	0	0	0.33333333333333298	true	64	28	57	56	113	Preserved
S09-radial-oklch	radial/oklch	1	0.33333333333333298	0.66666666666666696	true	64	15	31	30	61	Preserved
S09-radial-oklch	radial/oklch	2	0.66666666666666696	1	true	1	0	1	0	1	Preserved
S09-radial-oklch	radial/oklch	3	1	1	false	0	0	0	0	0	Preserved
S09-linear-hsl	linear/hsl	0	0	0.33333333333333298	true	64	18	37	36	73	Preserved
S09-linear-hsl	linear/hsl	1	0.33333333333333298	0.66666666666666696	true	32	10	21	20	41	Preserved
S09-linear-hsl	linear/hsl	2	0.66666666666666696	1	true	1	0	1	0	1	Preserved
S09-linear-hsl	linear/hsl	3	1	1	false	0	0	0	0	0	Preserved
S09-radial-hsl	radial/hsl	0	0	0.33333333333333298	true	64	18	37	36	73	Preserved
S09-radial-hsl	radial/hsl	1	0.33333333333333298	0.66666666666666696	true	32	10	21	20	41	Preserved
S09-radial-hsl	radial/hsl	2	0.66666666666666696	1	true	1	0	1	0	1	Preserved
S09-radial-hsl	radial/hsl	3	1	1	false	0	0	0	0	0	Preserved
S09-linear-hsv	linear/hsv	0	0	0.33333333333333298	true	64	19	39	38	77	Preserved
S09-linear-hsv	linear/hsv	1	0.33333333333333298	0.66666666666666696	true	32	9	19	18	37	Preserved
S09-linear-hsv	linear/hsv	2	0.66666666666666696	1	true	1	0	1	0	1	Preserved
S09-linear-hsv	linear/hsv	3	1	1	false	0	0	0	0	0	Preserved
S09-radial-hsv	radial/hsv	0	0	0.33333333333333298	true	64	19	39	38	77	Preserved
S09-radial-hsv	radial/hsv	1	0.33333333333333298	0.66666666666666696	true	32	9	19	18	37	Preserved
S09-radial-hsv	radial/hsv	2	0.66666666666666696	1	true	1	0	1	0	1	Preserved
S09-radial-hsv	radial/hsv	3	1	1	false	0	0	0	0	0	Preserved
S09-linear-luma	linear/luma	0	0	0.33333333333333298	true	1	0	1	0	1	Preserved
S09-linear-luma	linear/luma	1	0.33333333333333298	0.66666666666666696	true	1	0	1	0	1	Preserved
S09-linear-luma	linear/luma	2	0.66666666666666696	1	true	1	0	1	0	1	Preserved
S09-linear-luma	linear/luma	3	1	1	false	0	0	0	0	0	Preserved
S09-radial-luma	radial/luma	0	0	0.33333333333333298	true	1	0	1	0	1	Preserved
S09-radial-luma	radial/luma	1	0.33333333333333298	0.66666666666666696	true	1	0	1	0	1	Preserved
S09-radial-luma	radial/luma	2	0.66666666666666696	1	true	1	0	1	0	1	Preserved
S09-radial-luma	radial/luma	3	1	1	false	0	0	0	0	0	Preserved
S10-linear-oklch	linear/oklch	0	0	0.16666666666666699	true	8	5	11	10	21	Preserved
S10-linear-oklch	linear/oklch	1	0.16666666666666699	0.33333333333333298	true	4	2	5	4	9	Preserved
S10-linear-oklch	linear/oklch	2	0.33333333333333298	0.5	true	2	1	3	2	5	Preserved
S10-linear-oklch	linear/oklch	3	0.5	0.50000100000000003	true	4	2	5	4	9	Preserved
S10-linear-oklch	linear/oklch	4	0.50000100000000003	0.66666733333333295	true	8	5	11	10	21	Preserved
S10-linear-oklch	linear/oklch	5	0.66666733333333295	0.83333366666666708	true	4	2	5	4	9	Preserved
S10-linear-oklch	linear/oklch	6	0.83333366666666708	1	true	2	1	3	2	5	Preserved
S10-radial-oklch	radial/oklch	0	0	0.16666666666666699	true	8	5	11	10	21	Preserved
S10-radial-oklch	radial/oklch	1	0.16666666666666699	0.33333333333333298	true	4	2	5	4	9	Preserved
S10-radial-oklch	radial/oklch	2	0.33333333333333298	0.5	true	2	1	3	2	5	Preserved
S10-radial-oklch	radial/oklch	3	0.5	0.50000100000000003	true	4	2	5	4	9	Preserved
S10-radial-oklch	radial/oklch	4	0.50000100000000003	0.66666733333333295	true	8	5	11	10	21	Preserved
S10-radial-oklch	radial/oklch	5	0.66666733333333295	0.83333366666666708	true	4	2	5	4	9	Preserved
S10-radial-oklch	radial/oklch	6	0.83333366666666708	1	true	2	1	3	2	5	Preserved
S10-linear-hsl	linear/hsl	0	0	0.16666666666666699	true	2	1	3	2	5	Preserved
S10-linear-hsl	linear/hsl	1	0.16666666666666699	0.33333333333333298	true	4	2	5	4	9	Preserved
S10-linear-hsl	linear/hsl	2	0.33333333333333298	0.5	true	16	6	13	12	25	Preserved
S10-linear-hsl	linear/hsl	3	0.5	0.50000100000000003	true	1	0	1	0	1	Preserved
S10-linear-hsl	linear/hsl	4	0.50000100000000003	0.66666733333333295	true	2	1	3	2	5	Preserved
S10-linear-hsl	linear/hsl	5	0.66666733333333295	0.83333366666666708	true	4	2	5	4	9	Preserved
S10-linear-hsl	linear/hsl	6	0.83333366666666708	1	true	16	6	13	12	25	Preserved
S10-radial-hsl	radial/hsl	0	0	0.16666666666666699	true	2	1	3	2	5	Preserved
S10-radial-hsl	radial/hsl	1	0.16666666666666699	0.33333333333333298	true	4	2	5	4	9	Preserved
S10-radial-hsl	radial/hsl	2	0.33333333333333298	0.5	true	16	6	13	12	25	Preserved
S10-radial-hsl	radial/hsl	3	0.5	0.50000100000000003	true	1	0	1	0	1	Preserved
S10-radial-hsl	radial/hsl	4	0.50000100000000003	0.66666733333333295	true	2	1	3	2	5	Preserved
S10-radial-hsl	radial/hsl	5	0.66666733333333295	0.83333366666666708	true	4	2	5	4	9	Preserved
S10-radial-hsl	radial/hsl	6	0.83333366666666708	1	true	16	6	13	12	25	Preserved
S10-linear-hsv	linear/hsv	0	0	0.16666666666666699	true	2	1	3	2	5	Preserved
S10-linear-hsv	linear/hsv	1	0.16666666666666699	0.33333333333333298	true	4	2	5	4	9	Preserved
S10-linear-hsv	linear/hsv	2	0.33333333333333298	0.5	true	16	6	13	12	25	Preserved
S10-linear-hsv	linear/hsv	3	0.5	0.50000100000000003	true	1	0	1	0	1	Preserved
S10-linear-hsv	linear/hsv	4	0.50000100000000003	0.66666733333333295	true	2	1	3	2	5	Preserved
S10-linear-hsv	linear/hsv	5	0.66666733333333295	0.83333366666666708	true	4	2	5	4	9	Preserved
S10-linear-hsv	linear/hsv	6	0.83333366666666708	1	true	16	6	13	12	25	Preserved
S10-radial-hsv	radial/hsv	0	0	0.16666666666666699	true	2	1	3	2	5	Preserved
S10-radial-hsv	radial/hsv	1	0.16666666666666699	0.33333333333333298	true	4	2	5	4	9	Preserved
S10-radial-hsv	radial/hsv	2	0.33333333333333298	0.5	true	16	6	13	12	25	Preserved
S10-radial-hsv	radial/hsv	3	0.5	0.50000100000000003	true	1	0	1	0	1	Preserved
S10-radial-hsv	radial/hsv	4	0.50000100000000003	0.66666733333333295	true	2	1	3	2	5	Preserved
S10-radial-hsv	radial/hsv	5	0.66666733333333295	0.83333366666666708	true	4	2	5	4	9	Preserved
S10-radial-hsv	radial/hsv	6	0.83333366666666708	1	true	16	6	13	12	25	Preserved
S10-linear-luma	linear/luma	0	0	0.16666666666666699	true	1	0	1	0	1	Preserved
S10-linear-luma	linear/luma	1	0.16666666666666699	0.33333333333333298	true	1	0	1	0	1	Preserved
S10-linear-luma	linear/luma	2	0.33333333333333298	0.5	true	1	0	1	0	1	Preserved
S10-linear-luma	linear/luma	3	0.5	0.50000100000000003	true	1	0	1	0	1	Preserved
S10-linear-luma	linear/luma	4	0.50000100000000003	0.66666733333333295	true	1	0	1	0	1	Preserved
S10-linear-luma	linear/luma	5	0.66666733333333295	0.83333366666666708	true	1	0	1	0	1	Preserved
S10-linear-luma	linear/luma	6	0.83333366666666708	1	true	1	0	1	0	1	Preserved
S10-radial-luma	radial/luma	0	0	0.16666666666666699	true	1	0	1	0	1	Preserved
S10-radial-luma	radial/luma	1	0.16666666666666699	0.33333333333333298	true	1	0	1	0	1	Preserved
S10-radial-luma	radial/luma	2	0.33333333333333298	0.5	true	1	0	1	0	1	Preserved
S10-radial-luma	radial/luma	3	0.5	0.50000100000000003	true	1	0	1	0	1	Preserved
S10-radial-luma	radial/luma	4	0.50000100000000003	0.66666733333333295	true	1	0	1	0	1	Preserved
S10-radial-luma	radial/luma	5	0.66666733333333295	0.83333366666666708	true	1	0	1	0	1	Preserved
S10-radial-luma	radial/luma	6	0.83333366666666708	1	true	1	0	1	0	1	Preserved
S11-linear-oklch	linear/oklch	0	0	0.066666666666666666	true	64	28	57	56	113	Preserved
S11-linear-oklch	linear/oklch	1	0.066666666666666666	0.13333333333333333	true	64	19	39	38	77	Preserved
S11-linear-oklch	linear/oklch	2	0.13333333333333333	0.20000000000000001	true	64	34	69	68	137	Preserved
S11-linear-oklch	linear/oklch	3	0.20000000000000001	0.26666666666666666	true	64	13	27	26	53	Preserved
S11-linear-oklch	linear/oklch	4	0.26666666666666666	0.33333333333333331	true	64	28	57	56	113	Preserved
S11-linear-oklch	linear/oklch	5	0.33333333333333331	0.40000000000000002	true	64	19	39	38	77	Preserved
S11-linear-oklch	linear/oklch	6	0.40000000000000002	0.46666666666666667	true	64	34	69	68	137	Preserved
S11-linear-oklch	linear/oklch	7	0.46666666666666667	0.53333333333333333	true	64	13	27	26	53	Preserved
S11-linear-oklch	linear/oklch	8	0.53333333333333333	0.59999999999999998	true	64	28	57	56	113	Preserved
S11-linear-oklch	linear/oklch	9	0.59999999999999998	0.66666666666666663	true	64	19	39	38	77	Preserved
S11-linear-oklch	linear/oklch	10	0.66666666666666663	0.73333333333333328	true	64	34	69	68	137	Preserved
S11-linear-oklch	linear/oklch	11	0.73333333333333328	0.80000000000000004	true	64	13	27	26	53	Preserved
S11-linear-oklch	linear/oklch	12	0.80000000000000004	0.8666666666666667	true	64	28	57	56	113	Preserved
S11-linear-oklch	linear/oklch	13	0.8666666666666667	0.93333333333333335	true	64	19	39	38	77	Preserved
S11-linear-oklch	linear/oklch	14	0.93333333333333335	1	true	64	34	69	68	137	Preserved
S11-radial-oklch	radial/oklch	0	0	0.066666666666666666	true	64	28	57	56	113	Preserved
S11-radial-oklch	radial/oklch	1	0.066666666666666666	0.13333333333333333	true	64	19	39	38	77	Preserved
S11-radial-oklch	radial/oklch	2	0.13333333333333333	0.20000000000000001	true	64	34	69	68	137	Preserved
S11-radial-oklch	radial/oklch	3	0.20000000000000001	0.26666666666666666	true	64	13	27	26	53	Preserved
S11-radial-oklch	radial/oklch	4	0.26666666666666666	0.33333333333333331	true	64	28	57	56	113	Preserved
S11-radial-oklch	radial/oklch	5	0.33333333333333331	0.40000000000000002	true	64	19	39	38	77	Preserved
S11-radial-oklch	radial/oklch	6	0.40000000000000002	0.46666666666666667	true	64	34	69	68	137	Preserved
S11-radial-oklch	radial/oklch	7	0.46666666666666667	0.53333333333333333	true	64	13	27	26	53	Preserved
S11-radial-oklch	radial/oklch	8	0.53333333333333333	0.59999999999999998	true	64	28	57	56	113	Preserved
S11-radial-oklch	radial/oklch	9	0.59999999999999998	0.66666666666666663	true	64	19	39	38	77	Preserved
S11-radial-oklch	radial/oklch	10	0.66666666666666663	0.73333333333333328	true	64	34	69	68	137	Preserved
S11-radial-oklch	radial/oklch	11	0.73333333333333328	0.80000000000000004	true	64	13	27	26	53	Preserved
S11-radial-oklch	radial/oklch	12	0.80000000000000004	0.8666666666666667	true	64	28	57	56	113	Preserved
S11-radial-oklch	radial/oklch	13	0.8666666666666667	0.93333333333333335	true	64	19	39	38	77	Preserved
S11-radial-oklch	radial/oklch	14	0.93333333333333335	1	true	64	34	69	68	137	Preserved
S11-linear-hsl	linear/hsl	0	0	0.066666666666666666	true	64	18	37	36	73	Preserved
S11-linear-hsl	linear/hsl	1	0.066666666666666666	0.13333333333333333	true	32	16	33	32	65	Preserved
S11-linear-hsl	linear/hsl	2	0.13333333333333333	0.20000000000000001	true	64	20	41	40	81	Preserved
S11-linear-hsl	linear/hsl	3	0.20000000000000001	0.26666666666666666	true	8	7	15	14	29	Preserved
S11-linear-hsl	linear/hsl	4	0.26666666666666666	0.33333333333333331	true	64	18	37	36	73	Preserved
S11-linear-hsl	linear/hsl	5	0.33333333333333331	0.40000000000000002	true	32	16	33	32	65	Preserved
S11-linear-hsl	linear/hsl	6	0.40000000000000002	0.46666666666666667	true	64	20	41	40	81	Preserved
S11-linear-hsl	linear/hsl	7	0.46666666666666667	0.53333333333333333	true	8	7	15	14	29	Preserved
S11-linear-hsl	linear/hsl	8	0.53333333333333333	0.59999999999999998	true	64	18	37	36	73	Preserved
S11-linear-hsl	linear/hsl	9	0.59999999999999998	0.66666666666666663	true	32	16	33	32	65	Preserved
S11-linear-hsl	linear/hsl	10	0.66666666666666663	0.73333333333333328	true	64	20	41	40	81	Preserved
S11-linear-hsl	linear/hsl	11	0.73333333333333328	0.80000000000000004	true	8	7	15	14	29	Preserved
S11-linear-hsl	linear/hsl	12	0.80000000000000004	0.8666666666666667	true	64	18	37	36	73	Preserved
S11-linear-hsl	linear/hsl	13	0.8666666666666667	0.93333333333333335	true	32	16	33	32	65	Preserved
S11-linear-hsl	linear/hsl	14	0.93333333333333335	1	true	64	20	41	40	81	Preserved
S11-radial-hsl	radial/hsl	0	0	0.066666666666666666	true	64	18	37	36	73	Preserved
S11-radial-hsl	radial/hsl	1	0.066666666666666666	0.13333333333333333	true	32	16	33	32	65	Preserved
S11-radial-hsl	radial/hsl	2	0.13333333333333333	0.20000000000000001	true	64	20	41	40	81	Preserved
S11-radial-hsl	radial/hsl	3	0.20000000000000001	0.26666666666666666	true	8	7	15	14	29	Preserved
S11-radial-hsl	radial/hsl	4	0.26666666666666666	0.33333333333333331	true	64	18	37	36	73	Preserved
S11-radial-hsl	radial/hsl	5	0.33333333333333331	0.40000000000000002	true	32	16	33	32	65	Preserved
S11-radial-hsl	radial/hsl	6	0.40000000000000002	0.46666666666666667	true	64	20	41	40	81	Preserved
S11-radial-hsl	radial/hsl	7	0.46666666666666667	0.53333333333333333	true	8	7	15	14	29	Preserved
S11-radial-hsl	radial/hsl	8	0.53333333333333333	0.59999999999999998	true	64	18	37	36	73	Preserved
S11-radial-hsl	radial/hsl	9	0.59999999999999998	0.66666666666666663	true	32	16	33	32	65	Preserved
S11-radial-hsl	radial/hsl	10	0.66666666666666663	0.73333333333333328	true	64	20	41	40	81	Preserved
S11-radial-hsl	radial/hsl	11	0.73333333333333328	0.80000000000000004	true	8	7	15	14	29	Preserved
S11-radial-hsl	radial/hsl	12	0.80000000000000004	0.8666666666666667	true	64	18	37	36	73	Preserved
S11-radial-hsl	radial/hsl	13	0.8666666666666667	0.93333333333333335	true	32	16	33	32	65	Preserved
S11-radial-hsl	radial/hsl	14	0.93333333333333335	1	true	64	20	41	40	81	Preserved
S11-linear-hsv	linear/hsv	0	0	0.066666666666666666	true	64	19	39	38	77	Preserved
S11-linear-hsv	linear/hsv	1	0.066666666666666666	0.13333333333333333	true	32	16	33	32	65	Preserved
S11-linear-hsv	linear/hsv	2	0.13333333333333333	0.20000000000000001	true	64	20	41	40	81	Preserved
S11-linear-hsv	linear/hsv	3	0.20000000000000001	0.26666666666666666	true	8	7	15	14	29	Preserved
S11-linear-hsv	linear/hsv	4	0.26666666666666666	0.33333333333333331	true	64	19	39	38	77	Preserved
S11-linear-hsv	linear/hsv	5	0.33333333333333331	0.40000000000000002	true	32	16	33	32	65	Preserved
S11-linear-hsv	linear/hsv	6	0.40000000000000002	0.46666666666666667	true	64	20	41	40	81	Preserved
S11-linear-hsv	linear/hsv	7	0.46666666666666667	0.53333333333333333	true	8	7	15	14	29	Preserved
S11-linear-hsv	linear/hsv	8	0.53333333333333333	0.59999999999999998	true	64	19	39	38	77	Preserved
S11-linear-hsv	linear/hsv	9	0.59999999999999998	0.66666666666666663	true	32	16	33	32	65	Preserved
S11-linear-hsv	linear/hsv	10	0.66666666666666663	0.73333333333333328	true	64	20	41	40	81	Preserved
S11-linear-hsv	linear/hsv	11	0.73333333333333328	0.80000000000000004	true	8	7	15	14	29	Preserved
S11-linear-hsv	linear/hsv	12	0.80000000000000004	0.8666666666666667	true	64	19	39	38	77	Preserved
S11-linear-hsv	linear/hsv	13	0.8666666666666667	0.93333333333333335	true	32	16	33	32	65	Preserved
S11-linear-hsv	linear/hsv	14	0.93333333333333335	1	true	64	20	41	40	81	Preserved
S11-radial-hsv	radial/hsv	0	0	0.066666666666666666	true	64	19	39	38	77	Preserved
S11-radial-hsv	radial/hsv	1	0.066666666666666666	0.13333333333333333	true	32	16	33	32	65	Preserved
S11-radial-hsv	radial/hsv	2	0.13333333333333333	0.20000000000000001	true	64	20	41	40	81	Preserved
S11-radial-hsv	radial/hsv	3	0.20000000000000001	0.26666666666666666	true	8	7	15	14	29	Preserved
S11-radial-hsv	radial/hsv	4	0.26666666666666666	0.33333333333333331	true	64	19	39	38	77	Preserved
S11-radial-hsv	radial/hsv	5	0.33333333333333331	0.40000000000000002	true	32	16	33	32	65	Preserved
S11-radial-hsv	radial/hsv	6	0.40000000000000002	0.46666666666666667	true	64	20	41	40	81	Preserved
S11-radial-hsv	radial/hsv	7	0.46666666666666667	0.53333333333333333	true	8	7	15	14	29	Preserved
S11-radial-hsv	radial/hsv	8	0.53333333333333333	0.59999999999999998	true	64	19	39	38	77	Preserved
S11-radial-hsv	radial/hsv	9	0.59999999999999998	0.66666666666666663	true	32	16	33	32	65	Preserved
S11-radial-hsv	radial/hsv	10	0.66666666666666663	0.73333333333333328	true	64	20	41	40	81	Preserved
S11-radial-hsv	radial/hsv	11	0.73333333333333328	0.80000000000000004	true	8	7	15	14	29	Preserved
S11-radial-hsv	radial/hsv	12	0.80000000000000004	0.8666666666666667	true	64	19	39	38	77	Preserved
S11-radial-hsv	radial/hsv	13	0.8666666666666667	0.93333333333333335	true	32	16	33	32	65	Preserved
S11-radial-hsv	radial/hsv	14	0.93333333333333335	1	true	64	20	41	40	81	Preserved
S11-linear-luma	linear/luma	0	0	0.066666666666666666	true	1	0	1	0	1	Preserved
S11-linear-luma	linear/luma	1	0.066666666666666666	0.13333333333333333	true	1	0	1	0	1	Preserved
S11-linear-luma	linear/luma	2	0.13333333333333333	0.20000000000000001	true	1	0	1	0	1	Preserved
S11-linear-luma	linear/luma	3	0.20000000000000001	0.26666666666666666	true	1	0	1	0	1	Preserved
S11-linear-luma	linear/luma	4	0.26666666666666666	0.33333333333333331	true	1	0	1	0	1	Preserved
S11-linear-luma	linear/luma	5	0.33333333333333331	0.40000000000000002	true	1	0	1	0	1	Preserved
S11-linear-luma	linear/luma	6	0.40000000000000002	0.46666666666666667	true	1	0	1	0	1	Preserved
S11-linear-luma	linear/luma	7	0.46666666666666667	0.53333333333333333	true	1	0	1	0	1	Preserved
S11-linear-luma	linear/luma	8	0.53333333333333333	0.59999999999999998	true	1	0	1	0	1	Preserved
S11-linear-luma	linear/luma	9	0.59999999999999998	0.66666666666666663	true	1	0	1	0	1	Preserved
S11-linear-luma	linear/luma	10	0.66666666666666663	0.73333333333333328	true	1	0	1	0	1	Preserved
S11-linear-luma	linear/luma	11	0.73333333333333328	0.80000000000000004	true	1	0	1	0	1	Preserved
S11-linear-luma	linear/luma	12	0.80000000000000004	0.8666666666666667	true	1	0	1	0	1	Preserved
S11-linear-luma	linear/luma	13	0.8666666666666667	0.93333333333333335	true	1	0	1	0	1	Preserved
S11-linear-luma	linear/luma	14	0.93333333333333335	1	true	1	0	1	0	1	Preserved
S11-radial-luma	radial/luma	0	0	0.066666666666666666	true	1	0	1	0	1	Preserved
S11-radial-luma	radial/luma	1	0.066666666666666666	0.13333333333333333	true	1	0	1	0	1	Preserved
S11-radial-luma	radial/luma	2	0.13333333333333333	0.20000000000000001	true	1	0	1	0	1	Preserved
S11-radial-luma	radial/luma	3	0.20000000000000001	0.26666666666666666	true	1	0	1	0	1	Preserved
S11-radial-luma	radial/luma	4	0.26666666666666666	0.33333333333333331	true	1	0	1	0	1	Preserved
S11-radial-luma	radial/luma	5	0.33333333333333331	0.40000000000000002	true	1	0	1	0	1	Preserved
S11-radial-luma	radial/luma	6	0.40000000000000002	0.46666666666666667	true	1	0	1	0	1	Preserved
S11-radial-luma	radial/luma	7	0.46666666666666667	0.53333333333333333	true	1	0	1	0	1	Preserved
S11-radial-luma	radial/luma	8	0.53333333333333333	0.59999999999999998	true	1	0	1	0	1	Preserved
S11-radial-luma	radial/luma	9	0.59999999999999998	0.66666666666666663	true	1	0	1	0	1	Preserved
S11-radial-luma	radial/luma	10	0.66666666666666663	0.73333333333333328	true	1	0	1	0	1	Preserved
S11-radial-luma	radial/luma	11	0.73333333333333328	0.80000000000000004	true	1	0	1	0	1	Preserved
S11-radial-luma	radial/luma	12	0.80000000000000004	0.8666666666666667	true	1	0	1	0	1	Preserved
S11-radial-luma	radial/luma	13	0.8666666666666667	0.93333333333333335	true	1	0	1	0	1	Preserved
S11-radial-luma	radial/luma	14	0.93333333333333335	1	true	1	0	1	0	1	Preserved
S12-linear-oklch	linear/oklch	0	0	0.010989010989011	true	8	7	15	14	29	Preserved
S12-linear-oklch	linear/oklch	1	0.010989010989011	0.043956043956044001	true	16	9	19	18	37	Preserved
S12-linear-oklch	linear/oklch	2	0.043956043956044001	0.098901098901098911	true	4	3	7	6	13	Preserved
S12-linear-oklch	linear/oklch	3	0.098901098901098911	0.120879120879121	true	32	17	35	34	69	Preserved
S12-linear-oklch	linear/oklch	4	0.120879120879121	0.164835164835165	true	8	7	15	14	29	Preserved
S12-linear-oklch	linear/oklch	5	0.164835164835165	0.175824175824176	true	16	9	19	18	37	Preserved
S12-linear-oklch	linear/oklch	6	0.175824175824176	0.20879120879120902	true	4	3	7	6	13	Preserved
S12-linear-oklch	linear/oklch	7	0.20879120879120902	0.26373626373626402	true	32	17	35	34	69	Preserved
S12-linear-oklch	linear/oklch	8	0.26373626373626402	0.28571428571428603	true	8	7	15	14	29	Preserved
S12-linear-oklch	linear/oklch	9	0.28571428571428603	0.32967032967033	true	16	9	19	18	37	Preserved
S12-linear-oklch	linear/oklch	10	0.32967032967033	0.340659340659341	true	4	3	7	6	13	Preserved
S12-linear-oklch	linear/oklch	11	0.340659340659341	0.37362637362637402	true	32	17	35	34	69	Preserved
S12-linear-oklch	linear/oklch	12	0.37362637362637402	0.42857142857142899	true	8	7	15	14	29	Preserved
S12-linear-oklch	linear/oklch	13	0.42857142857142899	0.450549450549451	true	16	9	19	18	37	Preserved
S12-linear-oklch	linear/oklch	14	0.450549450549451	0.49450549450549502	true	4	3	7	6	13	Preserved
S12-linear-oklch	linear/oklch	15	0.49450549450549502	0.50549450549450503	true	32	17	35	34	69	Preserved
S12-linear-oklch	linear/oklch	16	0.50549450549450503	0.53846153846153799	true	8	7	15	14	29	Preserved
S12-linear-oklch	linear/oklch	17	0.53846153846153799	0.59340659340659296	true	16	9	19	18	37	Preserved
S12-linear-oklch	linear/oklch	18	0.59340659340659296	0.61538461538461497	true	4	3	7	6	13	Preserved
S12-linear-oklch	linear/oklch	19	0.61538461538461497	0.659340659340659	true	32	17	35	34	69	Preserved
S12-linear-oklch	linear/oklch	20	0.659340659340659	0.67032967032966995	true	8	7	15	14	29	Preserved
S12-linear-oklch	linear/oklch	21	0.67032967032966995	0.70329670329670291	true	16	9	19	18	37	Preserved
S12-linear-oklch	linear/oklch	22	0.70329670329670291	0.75824175824175799	true	4	3	7	6	13	Preserved
S12-linear-oklch	linear/oklch	23	0.75824175824175799	0.78021978021978	true	32	17	35	34	69	Preserved
S12-linear-oklch	linear/oklch	24	0.78021978021978	0.82417582417582391	true	8	7	15	14	29	Preserved
S12-linear-oklch	linear/oklch	25	0.82417582417582391	0.83516483516483508	true	16	9	19	18	37	Preserved
S12-linear-oklch	linear/oklch	26	0.83516483516483508	0.86813186813186805	true	4	3	7	6	13	Preserved
S12-linear-oklch	linear/oklch	27	0.86813186813186805	0.92307692307692302	true	32	17	35	34	69	Preserved
S12-linear-oklch	linear/oklch	28	0.92307692307692302	0.94505494505494492	true	8	7	15	14	29	Preserved
S12-linear-oklch	linear/oklch	29	0.94505494505494492	0.98901098901098905	true	16	9	19	18	37	Preserved
S12-linear-oklch	linear/oklch	30	0.98901098901098905	1	true	4	3	7	6	13	Preserved
S12-radial-oklch	radial/oklch	0	0	0.010989010989011	true	8	7	15	14	29	Preserved
S12-radial-oklch	radial/oklch	1	0.010989010989011	0.043956043956044001	true	16	9	19	18	37	Preserved
S12-radial-oklch	radial/oklch	2	0.043956043956044001	0.098901098901098911	true	4	3	7	6	13	Preserved
S12-radial-oklch	radial/oklch	3	0.098901098901098911	0.120879120879121	true	32	17	35	34	69	Preserved
S12-radial-oklch	radial/oklch	4	0.120879120879121	0.164835164835165	true	8	7	15	14	29	Preserved
S12-radial-oklch	radial/oklch	5	0.164835164835165	0.175824175824176	true	16	9	19	18	37	Preserved
S12-radial-oklch	radial/oklch	6	0.175824175824176	0.20879120879120902	true	4	3	7	6	13	Preserved
S12-radial-oklch	radial/oklch	7	0.20879120879120902	0.26373626373626402	true	32	17	35	34	69	Preserved
S12-radial-oklch	radial/oklch	8	0.26373626373626402	0.28571428571428603	true	8	7	15	14	29	Preserved
S12-radial-oklch	radial/oklch	9	0.28571428571428603	0.32967032967033	true	16	9	19	18	37	Preserved
S12-radial-oklch	radial/oklch	10	0.32967032967033	0.340659340659341	true	4	3	7	6	13	Preserved
S12-radial-oklch	radial/oklch	11	0.340659340659341	0.37362637362637402	true	32	17	35	34	69	Preserved
S12-radial-oklch	radial/oklch	12	0.37362637362637402	0.42857142857142899	true	8	7	15	14	29	Preserved
S12-radial-oklch	radial/oklch	13	0.42857142857142899	0.450549450549451	true	16	9	19	18	37	Preserved
S12-radial-oklch	radial/oklch	14	0.450549450549451	0.49450549450549502	true	4	3	7	6	13	Preserved
S12-radial-oklch	radial/oklch	15	0.49450549450549502	0.50549450549450503	true	32	17	35	34	69	Preserved
S12-radial-oklch	radial/oklch	16	0.50549450549450503	0.53846153846153799	true	8	7	15	14	29	Preserved
S12-radial-oklch	radial/oklch	17	0.53846153846153799	0.59340659340659296	true	16	9	19	18	37	Preserved
S12-radial-oklch	radial/oklch	18	0.59340659340659296	0.61538461538461497	true	4	3	7	6	13	Preserved
S12-radial-oklch	radial/oklch	19	0.61538461538461497	0.659340659340659	true	32	17	35	34	69	Preserved
S12-radial-oklch	radial/oklch	20	0.659340659340659	0.67032967032966995	true	8	7	15	14	29	Preserved
S12-radial-oklch	radial/oklch	21	0.67032967032966995	0.70329670329670291	true	16	9	19	18	37	Preserved
S12-radial-oklch	radial/oklch	22	0.70329670329670291	0.75824175824175799	true	4	3	7	6	13	Preserved
S12-radial-oklch	radial/oklch	23	0.75824175824175799	0.78021978021978	true	32	17	35	34	69	Preserved
S12-radial-oklch	radial/oklch	24	0.78021978021978	0.82417582417582391	true	8	7	15	14	29	Preserved
S12-radial-oklch	radial/oklch	25	0.82417582417582391	0.83516483516483508	true	16	9	19	18	37	Preserved
S12-radial-oklch	radial/oklch	26	0.83516483516483508	0.86813186813186805	true	4	3	7	6	13	Preserved
S12-radial-oklch	radial/oklch	27	0.86813186813186805	0.92307692307692302	true	32	17	35	34	69	Preserved
S12-radial-oklch	radial/oklch	28	0.92307692307692302	0.94505494505494492	true	8	7	15	14	29	Preserved
S12-radial-oklch	radial/oklch	29	0.94505494505494492	0.98901098901098905	true	16	9	19	18	37	Preserved
S12-radial-oklch	radial/oklch	30	0.98901098901098905	1	true	4	3	7	6	13	Preserved
S12-linear-hsl	linear/hsl	0	0	0.010989010989011	true	16	7	15	14	29	Preserved
S12-linear-hsl	linear/hsl	1	0.010989010989011	0.043956043956044001	true	64	18	37	36	73	Preserved
S12-linear-hsl	linear/hsl	2	0.043956043956044001	0.098901098901098911	true	2	1	3	2	5	Preserved
S12-linear-hsl	linear/hsl	3	0.098901098901098911	0.120879120879121	true	64	28	57	56	113	Preserved
S12-linear-hsl	linear/hsl	4	0.120879120879121	0.164835164835165	true	16	7	15	14	29	Preserved
S12-linear-hsl	linear/hsl	5	0.164835164835165	0.175824175824176	true	64	18	37	36	73	Preserved
S12-linear-hsl	linear/hsl	6	0.175824175824176	0.20879120879120902	true	2	1	3	2	5	Preserved
S12-linear-hsl	linear/hsl	7	0.20879120879120902	0.26373626373626402	true	64	28	57	56	113	Preserved
S12-linear-hsl	linear/hsl	8	0.26373626373626402	0.28571428571428603	true	16	7	15	14	29	Preserved
S12-linear-hsl	linear/hsl	9	0.28571428571428603	0.32967032967033	true	64	18	37	36	73	Preserved
S12-linear-hsl	linear/hsl	10	0.32967032967033	0.340659340659341	true	2	1	3	2	5	Preserved
S12-linear-hsl	linear/hsl	11	0.340659340659341	0.37362637362637402	true	64	28	57	56	113	Preserved
S12-linear-hsl	linear/hsl	12	0.37362637362637402	0.42857142857142899	true	16	7	15	14	29	Preserved
S12-linear-hsl	linear/hsl	13	0.42857142857142899	0.450549450549451	true	64	18	37	36	73	Preserved
S12-linear-hsl	linear/hsl	14	0.450549450549451	0.49450549450549502	true	2	1	3	2	5	Preserved
S12-linear-hsl	linear/hsl	15	0.49450549450549502	0.50549450549450503	true	64	28	57	56	113	Preserved
S12-linear-hsl	linear/hsl	16	0.50549450549450503	0.53846153846153799	true	16	7	15	14	29	Preserved
S12-linear-hsl	linear/hsl	17	0.53846153846153799	0.59340659340659296	true	64	18	37	36	73	Preserved
S12-linear-hsl	linear/hsl	18	0.59340659340659296	0.61538461538461497	true	2	1	3	2	5	Preserved
S12-linear-hsl	linear/hsl	19	0.61538461538461497	0.659340659340659	true	64	28	57	56	113	Preserved
S12-linear-hsl	linear/hsl	20	0.659340659340659	0.67032967032966995	true	16	7	15	14	29	Preserved
S12-linear-hsl	linear/hsl	21	0.67032967032966995	0.70329670329670291	true	64	18	37	36	73	Preserved
S12-linear-hsl	linear/hsl	22	0.70329670329670291	0.75824175824175799	true	2	1	3	2	5	Preserved
S12-linear-hsl	linear/hsl	23	0.75824175824175799	0.78021978021978	true	64	28	57	56	113	Preserved
S12-linear-hsl	linear/hsl	24	0.78021978021978	0.82417582417582391	true	16	7	15	14	29	Preserved
S12-linear-hsl	linear/hsl	25	0.82417582417582391	0.83516483516483508	true	64	18	37	36	73	Preserved
S12-linear-hsl	linear/hsl	26	0.83516483516483508	0.86813186813186805	true	2	1	3	2	5	Preserved
S12-linear-hsl	linear/hsl	27	0.86813186813186805	0.92307692307692302	true	64	28	57	56	113	Preserved
S12-linear-hsl	linear/hsl	28	0.92307692307692302	0.94505494505494492	true	16	7	15	14	29	Preserved
S12-linear-hsl	linear/hsl	29	0.94505494505494492	0.98901098901098905	true	64	18	37	36	73	Preserved
S12-linear-hsl	linear/hsl	30	0.98901098901098905	1	true	2	1	3	2	5	Preserved
S12-radial-hsl	radial/hsl	0	0	0.010989010989011	true	16	7	15	14	29	Preserved
S12-radial-hsl	radial/hsl	1	0.010989010989011	0.043956043956044001	true	64	18	37	36	73	Preserved
S12-radial-hsl	radial/hsl	2	0.043956043956044001	0.098901098901098911	true	2	1	3	2	5	Preserved
S12-radial-hsl	radial/hsl	3	0.098901098901098911	0.120879120879121	true	64	28	57	56	113	Preserved
S12-radial-hsl	radial/hsl	4	0.120879120879121	0.164835164835165	true	16	7	15	14	29	Preserved
S12-radial-hsl	radial/hsl	5	0.164835164835165	0.175824175824176	true	64	18	37	36	73	Preserved
S12-radial-hsl	radial/hsl	6	0.175824175824176	0.20879120879120902	true	2	1	3	2	5	Preserved
S12-radial-hsl	radial/hsl	7	0.20879120879120902	0.26373626373626402	true	64	28	57	56	113	Preserved
S12-radial-hsl	radial/hsl	8	0.26373626373626402	0.28571428571428603	true	16	7	15	14	29	Preserved
S12-radial-hsl	radial/hsl	9	0.28571428571428603	0.32967032967033	true	64	18	37	36	73	Preserved
S12-radial-hsl	radial/hsl	10	0.32967032967033	0.340659340659341	true	2	1	3	2	5	Preserved
S12-radial-hsl	radial/hsl	11	0.340659340659341	0.37362637362637402	true	64	28	57	56	113	Preserved
S12-radial-hsl	radial/hsl	12	0.37362637362637402	0.42857142857142899	true	16	7	15	14	29	Preserved
S12-radial-hsl	radial/hsl	13	0.42857142857142899	0.450549450549451	true	64	18	37	36	73	Preserved
S12-radial-hsl	radial/hsl	14	0.450549450549451	0.49450549450549502	true	2	1	3	2	5	Preserved
S12-radial-hsl	radial/hsl	15	0.49450549450549502	0.50549450549450503	true	64	28	57	56	113	Preserved
S12-radial-hsl	radial/hsl	16	0.50549450549450503	0.53846153846153799	true	16	7	15	14	29	Preserved
S12-radial-hsl	radial/hsl	17	0.53846153846153799	0.59340659340659296	true	64	18	37	36	73	Preserved
S12-radial-hsl	radial/hsl	18	0.59340659340659296	0.61538461538461497	true	2	1	3	2	5	Preserved
S12-radial-hsl	radial/hsl	19	0.61538461538461497	0.659340659340659	true	64	28	57	56	113	Preserved
S12-radial-hsl	radial/hsl	20	0.659340659340659	0.67032967032966995	true	16	7	15	14	29	Preserved
S12-radial-hsl	radial/hsl	21	0.67032967032966995	0.70329670329670291	true	64	18	37	36	73	Preserved
S12-radial-hsl	radial/hsl	22	0.70329670329670291	0.75824175824175799	true	2	1	3	2	5	Preserved
S12-radial-hsl	radial/hsl	23	0.75824175824175799	0.78021978021978	true	64	28	57	56	113	Preserved
S12-radial-hsl	radial/hsl	24	0.78021978021978	0.82417582417582391	true	16	7	15	14	29	Preserved
S12-radial-hsl	radial/hsl	25	0.82417582417582391	0.83516483516483508	true	64	18	37	36	73	Preserved
S12-radial-hsl	radial/hsl	26	0.83516483516483508	0.86813186813186805	true	2	1	3	2	5	Preserved
S12-radial-hsl	radial/hsl	27	0.86813186813186805	0.92307692307692302	true	64	28	57	56	113	Preserved
S12-radial-hsl	radial/hsl	28	0.92307692307692302	0.94505494505494492	true	16	7	15	14	29	Preserved
S12-radial-hsl	radial/hsl	29	0.94505494505494492	0.98901098901098905	true	64	18	37	36	73	Preserved
S12-radial-hsl	radial/hsl	30	0.98901098901098905	1	true	2	1	3	2	5	Preserved
S12-linear-hsv	linear/hsv	0	0	0.010989010989011	true	16	8	17	16	33	Preserved
S12-linear-hsv	linear/hsv	1	0.010989010989011	0.043956043956044001	true	64	12	25	24	49	Preserved
S12-linear-hsv	linear/hsv	2	0.043956043956044001	0.098901098901098911	true	2	1	3	2	5	Preserved
S12-linear-hsv	linear/hsv	3	0.098901098901098911	0.120879120879121	true	64	21	43	42	85	Preserved
S12-linear-hsv	linear/hsv	4	0.120879120879121	0.164835164835165	true	16	8	17	16	33	Preserved
S12-linear-hsv	linear/hsv	5	0.164835164835165	0.175824175824176	true	64	12	25	24	49	Preserved
S12-linear-hsv	linear/hsv	6	0.175824175824176	0.20879120879120902	true	2	1	3	2	5	Preserved
S12-linear-hsv	linear/hsv	7	0.20879120879120902	0.26373626373626402	true	64	21	43	42	85	Preserved
S12-linear-hsv	linear/hsv	8	0.26373626373626402	0.28571428571428603	true	16	8	17	16	33	Preserved
S12-linear-hsv	linear/hsv	9	0.28571428571428603	0.32967032967033	true	64	12	25	24	49	Preserved
S12-linear-hsv	linear/hsv	10	0.32967032967033	0.340659340659341	true	2	1	3	2	5	Preserved
S12-linear-hsv	linear/hsv	11	0.340659340659341	0.37362637362637402	true	64	21	43	42	85	Preserved
S12-linear-hsv	linear/hsv	12	0.37362637362637402	0.42857142857142899	true	16	8	17	16	33	Preserved
S12-linear-hsv	linear/hsv	13	0.42857142857142899	0.450549450549451	true	64	12	25	24	49	Preserved
S12-linear-hsv	linear/hsv	14	0.450549450549451	0.49450549450549502	true	2	1	3	2	5	Preserved
S12-linear-hsv	linear/hsv	15	0.49450549450549502	0.50549450549450503	true	64	21	43	42	85	Preserved
S12-linear-hsv	linear/hsv	16	0.50549450549450503	0.53846153846153799	true	16	8	17	16	33	Preserved
S12-linear-hsv	linear/hsv	17	0.53846153846153799	0.59340659340659296	true	64	12	25	24	49	Preserved
S12-linear-hsv	linear/hsv	18	0.59340659340659296	0.61538461538461497	true	2	1	3	2	5	Preserved
S12-linear-hsv	linear/hsv	19	0.61538461538461497	0.659340659340659	true	64	21	43	42	85	Preserved
S12-linear-hsv	linear/hsv	20	0.659340659340659	0.67032967032966995	true	16	8	17	16	33	Preserved
S12-linear-hsv	linear/hsv	21	0.67032967032966995	0.70329670329670291	true	64	12	25	24	49	Preserved
S12-linear-hsv	linear/hsv	22	0.70329670329670291	0.75824175824175799	true	2	1	3	2	5	Preserved
S12-linear-hsv	linear/hsv	23	0.75824175824175799	0.78021978021978	true	64	21	43	42	85	Preserved
S12-linear-hsv	linear/hsv	24	0.78021978021978	0.82417582417582391	true	16	8	17	16	33	Preserved
S12-linear-hsv	linear/hsv	25	0.82417582417582391	0.83516483516483508	true	64	12	25	24	49	Preserved
S12-linear-hsv	linear/hsv	26	0.83516483516483508	0.86813186813186805	true	2	1	3	2	5	Preserved
S12-linear-hsv	linear/hsv	27	0.86813186813186805	0.92307692307692302	true	64	21	43	42	85	Preserved
S12-linear-hsv	linear/hsv	28	0.92307692307692302	0.94505494505494492	true	16	8	17	16	33	Preserved
S12-linear-hsv	linear/hsv	29	0.94505494505494492	0.98901098901098905	true	64	12	25	24	49	Preserved
S12-linear-hsv	linear/hsv	30	0.98901098901098905	1	true	2	1	3	2	5	Preserved
S12-radial-hsv	radial/hsv	0	0	0.010989010989011	true	16	8	17	16	33	Preserved
S12-radial-hsv	radial/hsv	1	0.010989010989011	0.043956043956044001	true	64	12	25	24	49	Preserved
S12-radial-hsv	radial/hsv	2	0.043956043956044001	0.098901098901098911	true	2	1	3	2	5	Preserved
S12-radial-hsv	radial/hsv	3	0.098901098901098911	0.120879120879121	true	64	21	43	42	85	Preserved
S12-radial-hsv	radial/hsv	4	0.120879120879121	0.164835164835165	true	16	8	17	16	33	Preserved
S12-radial-hsv	radial/hsv	5	0.164835164835165	0.175824175824176	true	64	12	25	24	49	Preserved
S12-radial-hsv	radial/hsv	6	0.175824175824176	0.20879120879120902	true	2	1	3	2	5	Preserved
S12-radial-hsv	radial/hsv	7	0.20879120879120902	0.26373626373626402	true	64	21	43	42	85	Preserved
S12-radial-hsv	radial/hsv	8	0.26373626373626402	0.28571428571428603	true	16	8	17	16	33	Preserved
S12-radial-hsv	radial/hsv	9	0.28571428571428603	0.32967032967033	true	64	12	25	24	49	Preserved
S12-radial-hsv	radial/hsv	10	0.32967032967033	0.340659340659341	true	2	1	3	2	5	Preserved
S12-radial-hsv	radial/hsv	11	0.340659340659341	0.37362637362637402	true	64	21	43	42	85	Preserved
S12-radial-hsv	radial/hsv	12	0.37362637362637402	0.42857142857142899	true	16	8	17	16	33	Preserved
S12-radial-hsv	radial/hsv	13	0.42857142857142899	0.450549450549451	true	64	12	25	24	49	Preserved
S12-radial-hsv	radial/hsv	14	0.450549450549451	0.49450549450549502	true	2	1	3	2	5	Preserved
S12-radial-hsv	radial/hsv	15	0.49450549450549502	0.50549450549450503	true	64	21	43	42	85	Preserved
S12-radial-hsv	radial/hsv	16	0.50549450549450503	0.53846153846153799	true	16	8	17	16	33	Preserved
S12-radial-hsv	radial/hsv	17	0.53846153846153799	0.59340659340659296	true	64	12	25	24	49	Preserved
S12-radial-hsv	radial/hsv	18	0.59340659340659296	0.61538461538461497	true	2	1	3	2	5	Preserved
S12-radial-hsv	radial/hsv	19	0.61538461538461497	0.659340659340659	true	64	21	43	42	85	Preserved
S12-radial-hsv	radial/hsv	20	0.659340659340659	0.67032967032966995	true	16	8	17	16	33	Preserved
S12-radial-hsv	radial/hsv	21	0.67032967032966995	0.70329670329670291	true	64	12	25	24	49	Preserved
S12-radial-hsv	radial/hsv	22	0.70329670329670291	0.75824175824175799	true	2	1	3	2	5	Preserved
S12-radial-hsv	radial/hsv	23	0.75824175824175799	0.78021978021978	true	64	21	43	42	85	Preserved
S12-radial-hsv	radial/hsv	24	0.78021978021978	0.82417582417582391	true	16	8	17	16	33	Preserved
S12-radial-hsv	radial/hsv	25	0.82417582417582391	0.83516483516483508	true	64	12	25	24	49	Preserved
S12-radial-hsv	radial/hsv	26	0.83516483516483508	0.86813186813186805	true	2	1	3	2	5	Preserved
S12-radial-hsv	radial/hsv	27	0.86813186813186805	0.92307692307692302	true	64	21	43	42	85	Preserved
S12-radial-hsv	radial/hsv	28	0.92307692307692302	0.94505494505494492	true	16	8	17	16	33	Preserved
S12-radial-hsv	radial/hsv	29	0.94505494505494492	0.98901098901098905	true	64	12	25	24	49	Preserved
S12-radial-hsv	radial/hsv	30	0.98901098901098905	1	true	2	1	3	2	5	Preserved
S12-linear-luma	linear/luma	0	0	0.010989010989011	true	1	0	1	0	1	Preserved
S12-linear-luma	linear/luma	1	0.010989010989011	0.043956043956044001	true	1	0	1	0	1	Preserved
S12-linear-luma	linear/luma	2	0.043956043956044001	0.098901098901098911	true	1	0	1	0	1	Preserved
S12-linear-luma	linear/luma	3	0.098901098901098911	0.120879120879121	true	1	0	1	0	1	Preserved
S12-linear-luma	linear/luma	4	0.120879120879121	0.164835164835165	true	1	0	1	0	1	Preserved
S12-linear-luma	linear/luma	5	0.164835164835165	0.175824175824176	true	1	0	1	0	1	Preserved
S12-linear-luma	linear/luma	6	0.175824175824176	0.20879120879120902	true	1	0	1	0	1	Preserved
S12-linear-luma	linear/luma	7	0.20879120879120902	0.26373626373626402	true	1	0	1	0	1	Preserved
S12-linear-luma	linear/luma	8	0.26373626373626402	0.28571428571428603	true	1	0	1	0	1	Preserved
S12-linear-luma	linear/luma	9	0.28571428571428603	0.32967032967033	true	1	0	1	0	1	Preserved
S12-linear-luma	linear/luma	10	0.32967032967033	0.340659340659341	true	1	0	1	0	1	Preserved
S12-linear-luma	linear/luma	11	0.340659340659341	0.37362637362637402	true	1	0	1	0	1	Preserved
S12-linear-luma	linear/luma	12	0.37362637362637402	0.42857142857142899	true	1	0	1	0	1	Preserved
S12-linear-luma	linear/luma	13	0.42857142857142899	0.450549450549451	true	1	0	1	0	1	Preserved
S12-linear-luma	linear/luma	14	0.450549450549451	0.49450549450549502	true	1	0	1	0	1	Preserved
S12-linear-luma	linear/luma	15	0.49450549450549502	0.50549450549450503	true	1	0	1	0	1	Preserved
S12-linear-luma	linear/luma	16	0.50549450549450503	0.53846153846153799	true	1	0	1	0	1	Preserved
S12-linear-luma	linear/luma	17	0.53846153846153799	0.59340659340659296	true	1	0	1	0	1	Preserved
S12-linear-luma	linear/luma	18	0.59340659340659296	0.61538461538461497	true	1	0	1	0	1	Preserved
S12-linear-luma	linear/luma	19	0.61538461538461497	0.659340659340659	true	1	0	1	0	1	Preserved
S12-linear-luma	linear/luma	20	0.659340659340659	0.67032967032966995	true	1	0	1	0	1	Preserved
S12-linear-luma	linear/luma	21	0.67032967032966995	0.70329670329670291	true	1	0	1	0	1	Preserved
S12-linear-luma	linear/luma	22	0.70329670329670291	0.75824175824175799	true	1	0	1	0	1	Preserved
S12-linear-luma	linear/luma	23	0.75824175824175799	0.78021978021978	true	1	0	1	0	1	Preserved
S12-linear-luma	linear/luma	24	0.78021978021978	0.82417582417582391	true	1	0	1	0	1	Preserved
S12-linear-luma	linear/luma	25	0.82417582417582391	0.83516483516483508	true	1	0	1	0	1	Preserved
S12-linear-luma	linear/luma	26	0.83516483516483508	0.86813186813186805	true	1	0	1	0	1	Preserved
S12-linear-luma	linear/luma	27	0.86813186813186805	0.92307692307692302	true	1	0	1	0	1	Preserved
S12-linear-luma	linear/luma	28	0.92307692307692302	0.94505494505494492	true	1	0	1	0	1	Preserved
S12-linear-luma	linear/luma	29	0.94505494505494492	0.98901098901098905	true	1	0	1	0	1	Preserved
S12-linear-luma	linear/luma	30	0.98901098901098905	1	true	1	0	1	0	1	Preserved
S12-radial-luma	radial/luma	0	0	0.010989010989011	true	1	0	1	0	1	Preserved
S12-radial-luma	radial/luma	1	0.010989010989011	0.043956043956044001	true	1	0	1	0	1	Preserved
S12-radial-luma	radial/luma	2	0.043956043956044001	0.098901098901098911	true	1	0	1	0	1	Preserved
S12-radial-luma	radial/luma	3	0.098901098901098911	0.120879120879121	true	1	0	1	0	1	Preserved
S12-radial-luma	radial/luma	4	0.120879120879121	0.164835164835165	true	1	0	1	0	1	Preserved
S12-radial-luma	radial/luma	5	0.164835164835165	0.175824175824176	true	1	0	1	0	1	Preserved
S12-radial-luma	radial/luma	6	0.175824175824176	0.20879120879120902	true	1	0	1	0	1	Preserved
S12-radial-luma	radial/luma	7	0.20879120879120902	0.26373626373626402	true	1	0	1	0	1	Preserved
S12-radial-luma	radial/luma	8	0.26373626373626402	0.28571428571428603	true	1	0	1	0	1	Preserved
S12-radial-luma	radial/luma	9	0.28571428571428603	0.32967032967033	true	1	0	1	0	1	Preserved
S12-radial-luma	radial/luma	10	0.32967032967033	0.340659340659341	true	1	0	1	0	1	Preserved
S12-radial-luma	radial/luma	11	0.340659340659341	0.37362637362637402	true	1	0	1	0	1	Preserved
S12-radial-luma	radial/luma	12	0.37362637362637402	0.42857142857142899	true	1	0	1	0	1	Preserved
S12-radial-luma	radial/luma	13	0.42857142857142899	0.450549450549451	true	1	0	1	0	1	Preserved
S12-radial-luma	radial/luma	14	0.450549450549451	0.49450549450549502	true	1	0	1	0	1	Preserved
S12-radial-luma	radial/luma	15	0.49450549450549502	0.50549450549450503	true	1	0	1	0	1	Preserved
S12-radial-luma	radial/luma	16	0.50549450549450503	0.53846153846153799	true	1	0	1	0	1	Preserved
S12-radial-luma	radial/luma	17	0.53846153846153799	0.59340659340659296	true	1	0	1	0	1	Preserved
S12-radial-luma	radial/luma	18	0.59340659340659296	0.61538461538461497	true	1	0	1	0	1	Preserved
S12-radial-luma	radial/luma	19	0.61538461538461497	0.659340659340659	true	1	0	1	0	1	Preserved
S12-radial-luma	radial/luma	20	0.659340659340659	0.67032967032966995	true	1	0	1	0	1	Preserved
S12-radial-luma	radial/luma	21	0.67032967032966995	0.70329670329670291	true	1	0	1	0	1	Preserved
S12-radial-luma	radial/luma	22	0.70329670329670291	0.75824175824175799	true	1	0	1	0	1	Preserved
S12-radial-luma	radial/luma	23	0.75824175824175799	0.78021978021978	true	1	0	1	0	1	Preserved
S12-radial-luma	radial/luma	24	0.78021978021978	0.82417582417582391	true	1	0	1	0	1	Preserved
S12-radial-luma	radial/luma	25	0.82417582417582391	0.83516483516483508	true	1	0	1	0	1	Preserved
S12-radial-luma	radial/luma	26	0.83516483516483508	0.86813186813186805	true	1	0	1	0	1	Preserved
S12-radial-luma	radial/luma	27	0.86813186813186805	0.92307692307692302	true	1	0	1	0	1	Preserved
S12-radial-luma	radial/luma	28	0.92307692307692302	0.94505494505494492	true	1	0	1	0	1	Preserved
S12-radial-luma	radial/luma	29	0.94505494505494492	0.98901098901098905	true	1	0	1	0	1	Preserved
S12-radial-luma	radial/luma	30	0.98901098901098905	1	true	1	0	1	0	1	Preserved
S13-linear-oklch	linear/oklch	0	0	0.5	false	0	0	0	0	0	Preserved
S13-linear-oklch	linear/oklch	1	0.5	0.5	false	0	0	0	0	0	Preserved
S13-linear-oklch	linear/oklch	2	0.5	1	false	0	0	0	0	0	Preserved
S13-radial-oklch	radial/oklch	0	0	0.5	false	0	0	0	0	0	Preserved
S13-radial-oklch	radial/oklch	1	0.5	0.5	false	0	0	0	0	0	Preserved
S13-radial-oklch	radial/oklch	2	0.5	1	false	0	0	0	0	0	Preserved
S13-linear-hsl	linear/hsl	0	0	0.5	false	0	0	0	0	0	Preserved
S13-linear-hsl	linear/hsl	1	0.5	0.5	false	0	0	0	0	0	Preserved
S13-linear-hsl	linear/hsl	2	0.5	1	false	0	0	0	0	0	Preserved
S13-radial-hsl	radial/hsl	0	0	0.5	false	0	0	0	0	0	Preserved
S13-radial-hsl	radial/hsl	1	0.5	0.5	false	0	0	0	0	0	Preserved
S13-radial-hsl	radial/hsl	2	0.5	1	false	0	0	0	0	0	Preserved
S13-linear-hsv	linear/hsv	0	0	0.5	false	0	0	0	0	0	Preserved
S13-linear-hsv	linear/hsv	1	0.5	0.5	false	0	0	0	0	0	Preserved
S13-linear-hsv	linear/hsv	2	0.5	1	false	0	0	0	0	0	Preserved
S13-radial-hsv	radial/hsv	0	0	0.5	false	0	0	0	0	0	Preserved
S13-radial-hsv	radial/hsv	1	0.5	0.5	false	0	0	0	0	0	Preserved
S13-radial-hsv	radial/hsv	2	0.5	1	false	0	0	0	0	0	Preserved
S13-linear-luma	linear/luma	0	0	0.5	false	0	0	0	0	0	Preserved
S13-linear-luma	linear/luma	1	0.5	0.5	false	0	0	0	0	0	Preserved
S13-linear-luma	linear/luma	2	0.5	1	false	0	0	0	0	0	Preserved
S13-radial-luma	radial/luma	0	0	0.5	false	0	0	0	0	0	Preserved
S13-radial-luma	radial/luma	1	0.5	0.5	false	0	0	0	0	0	Preserved
S13-radial-luma	radial/luma	2	0.5	1	false	0	0	0	0	0	Preserved
S14-linear-oklch	linear/oklch	0	0	0.33333333333333331	false	0	0	0	0	0	Preserved
S14-linear-oklch	linear/oklch	1	0.33333333333333331	0.33333333333333331	false	0	0	0	0	0	Preserved
S14-linear-oklch	linear/oklch	2	0.33333333333333331	0.66666666666666663	false	0	0	0	0	0	Preserved
S14-linear-oklch	linear/oklch	3	0.66666666666666663	0.66666666666666663	false	0	0	0	0	0	Preserved
S14-linear-oklch	linear/oklch	4	0.66666666666666663	1	false	0	0	0	0	0	Preserved
S14-radial-oklch	radial/oklch	0	0	0.33333333333333331	false	0	0	0	0	0	Preserved
S14-radial-oklch	radial/oklch	1	0.33333333333333331	0.33333333333333331	false	0	0	0	0	0	Preserved
S14-radial-oklch	radial/oklch	2	0.33333333333333331	0.66666666666666663	false	0	0	0	0	0	Preserved
S14-radial-oklch	radial/oklch	3	0.66666666666666663	0.66666666666666663	false	0	0	0	0	0	Preserved
S14-radial-oklch	radial/oklch	4	0.66666666666666663	1	false	0	0	0	0	0	Preserved
S14-linear-hsl	linear/hsl	0	0	0.33333333333333331	false	0	0	0	0	0	Preserved
S14-linear-hsl	linear/hsl	1	0.33333333333333331	0.33333333333333331	false	0	0	0	0	0	Preserved
S14-linear-hsl	linear/hsl	2	0.33333333333333331	0.66666666666666663	false	0	0	0	0	0	Preserved
S14-linear-hsl	linear/hsl	3	0.66666666666666663	0.66666666666666663	false	0	0	0	0	0	Preserved
S14-linear-hsl	linear/hsl	4	0.66666666666666663	1	false	0	0	0	0	0	Preserved
S14-radial-hsl	radial/hsl	0	0	0.33333333333333331	false	0	0	0	0	0	Preserved
S14-radial-hsl	radial/hsl	1	0.33333333333333331	0.33333333333333331	false	0	0	0	0	0	Preserved
S14-radial-hsl	radial/hsl	2	0.33333333333333331	0.66666666666666663	false	0	0	0	0	0	Preserved
S14-radial-hsl	radial/hsl	3	0.66666666666666663	0.66666666666666663	false	0	0	0	0	0	Preserved
S14-radial-hsl	radial/hsl	4	0.66666666666666663	1	false	0	0	0	0	0	Preserved
S14-linear-hsv	linear/hsv	0	0	0.33333333333333331	false	0	0	0	0	0	Preserved
S14-linear-hsv	linear/hsv	1	0.33333333333333331	0.33333333333333331	false	0	0	0	0	0	Preserved
S14-linear-hsv	linear/hsv	2	0.33333333333333331	0.66666666666666663	false	0	0	0	0	0	Preserved
S14-linear-hsv	linear/hsv	3	0.66666666666666663	0.66666666666666663	false	0	0	0	0	0	Preserved
S14-linear-hsv	linear/hsv	4	0.66666666666666663	1	false	0	0	0	0	0	Preserved
S14-radial-hsv	radial/hsv	0	0	0.33333333333333331	false	0	0	0	0	0	Preserved
S14-radial-hsv	radial/hsv	1	0.33333333333333331	0.33333333333333331	false	0	0	0	0	0	Preserved
S14-radial-hsv	radial/hsv	2	0.33333333333333331	0.66666666666666663	false	0	0	0	0	0	Preserved
S14-radial-hsv	radial/hsv	3	0.66666666666666663	0.66666666666666663	false	0	0	0	0	0	Preserved
S14-radial-hsv	radial/hsv	4	0.66666666666666663	1	false	0	0	0	0	0	Preserved
S14-linear-luma	linear/luma	0	0	0.33333333333333331	false	0	0	0	0	0	Preserved
S14-linear-luma	linear/luma	1	0.33333333333333331	0.33333333333333331	false	0	0	0	0	0	Preserved
S14-linear-luma	linear/luma	2	0.33333333333333331	0.66666666666666663	false	0	0	0	0	0	Preserved
S14-linear-luma	linear/luma	3	0.66666666666666663	0.66666666666666663	false	0	0	0	0	0	Preserved
S14-linear-luma	linear/luma	4	0.66666666666666663	1	false	0	0	0	0	0	Preserved
S14-radial-luma	radial/luma	0	0	0.33333333333333331	false	0	0	0	0	0	Preserved
S14-radial-luma	radial/luma	1	0.33333333333333331	0.33333333333333331	false	0	0	0	0	0	Preserved
S14-radial-luma	radial/luma	2	0.33333333333333331	0.66666666666666663	false	0	0	0	0	0	Preserved
S14-radial-luma	radial/luma	3	0.66666666666666663	0.66666666666666663	false	0	0	0	0	0	Preserved
S14-radial-luma	radial/luma	4	0.66666666666666663	1	false	0	0	0	0	0	Preserved
S15-linear-oklch	linear/oklch	0	0	0.125	false	0	0	0	0	0	Preserved
S15-linear-oklch	linear/oklch	1	0.125	0.125	false	0	0	0	0	0	Preserved
S15-linear-oklch	linear/oklch	2	0.125	0.25	false	0	0	0	0	0	Preserved
S15-linear-oklch	linear/oklch	3	0.25	0.25	false	0	0	0	0	0	Preserved
S15-linear-oklch	linear/oklch	4	0.25	0.375	false	0	0	0	0	0	Preserved
S15-linear-oklch	linear/oklch	5	0.375	0.375	false	0	0	0	0	0	Preserved
S15-linear-oklch	linear/oklch	6	0.375	0.5	false	0	0	0	0	0	Preserved
S15-linear-oklch	linear/oklch	7	0.5	0.5	false	0	0	0	0	0	Preserved
S15-linear-oklch	linear/oklch	8	0.5	0.625	false	0	0	0	0	0	Preserved
S15-linear-oklch	linear/oklch	9	0.625	0.625	false	0	0	0	0	0	Preserved
S15-linear-oklch	linear/oklch	10	0.625	0.75	false	0	0	0	0	0	Preserved
S15-linear-oklch	linear/oklch	11	0.75	0.75	false	0	0	0	0	0	Preserved
S15-linear-oklch	linear/oklch	12	0.75	0.875	false	0	0	0	0	0	Preserved
S15-linear-oklch	linear/oklch	13	0.875	0.875	false	0	0	0	0	0	Preserved
S15-linear-oklch	linear/oklch	14	0.875	1	false	0	0	0	0	0	Preserved
S15-radial-oklch	radial/oklch	0	0	0.125	false	0	0	0	0	0	Preserved
S15-radial-oklch	radial/oklch	1	0.125	0.125	false	0	0	0	0	0	Preserved
S15-radial-oklch	radial/oklch	2	0.125	0.25	false	0	0	0	0	0	Preserved
S15-radial-oklch	radial/oklch	3	0.25	0.25	false	0	0	0	0	0	Preserved
S15-radial-oklch	radial/oklch	4	0.25	0.375	false	0	0	0	0	0	Preserved
S15-radial-oklch	radial/oklch	5	0.375	0.375	false	0	0	0	0	0	Preserved
S15-radial-oklch	radial/oklch	6	0.375	0.5	false	0	0	0	0	0	Preserved
S15-radial-oklch	radial/oklch	7	0.5	0.5	false	0	0	0	0	0	Preserved
S15-radial-oklch	radial/oklch	8	0.5	0.625	false	0	0	0	0	0	Preserved
S15-radial-oklch	radial/oklch	9	0.625	0.625	false	0	0	0	0	0	Preserved
S15-radial-oklch	radial/oklch	10	0.625	0.75	false	0	0	0	0	0	Preserved
S15-radial-oklch	radial/oklch	11	0.75	0.75	false	0	0	0	0	0	Preserved
S15-radial-oklch	radial/oklch	12	0.75	0.875	false	0	0	0	0	0	Preserved
S15-radial-oklch	radial/oklch	13	0.875	0.875	false	0	0	0	0	0	Preserved
S15-radial-oklch	radial/oklch	14	0.875	1	false	0	0	0	0	0	Preserved
S15-linear-hsl	linear/hsl	0	0	0.125	false	0	0	0	0	0	Preserved
S15-linear-hsl	linear/hsl	1	0.125	0.125	false	0	0	0	0	0	Preserved
S15-linear-hsl	linear/hsl	2	0.125	0.25	false	0	0	0	0	0	Preserved
S15-linear-hsl	linear/hsl	3	0.25	0.25	false	0	0	0	0	0	Preserved
S15-linear-hsl	linear/hsl	4	0.25	0.375	false	0	0	0	0	0	Preserved
S15-linear-hsl	linear/hsl	5	0.375	0.375	false	0	0	0	0	0	Preserved
S15-linear-hsl	linear/hsl	6	0.375	0.5	false	0	0	0	0	0	Preserved
S15-linear-hsl	linear/hsl	7	0.5	0.5	false	0	0	0	0	0	Preserved
S15-linear-hsl	linear/hsl	8	0.5	0.625	false	0	0	0	0	0	Preserved
S15-linear-hsl	linear/hsl	9	0.625	0.625	false	0	0	0	0	0	Preserved
S15-linear-hsl	linear/hsl	10	0.625	0.75	false	0	0	0	0	0	Preserved
S15-linear-hsl	linear/hsl	11	0.75	0.75	false	0	0	0	0	0	Preserved
S15-linear-hsl	linear/hsl	12	0.75	0.875	false	0	0	0	0	0	Preserved
S15-linear-hsl	linear/hsl	13	0.875	0.875	false	0	0	0	0	0	Preserved
S15-linear-hsl	linear/hsl	14	0.875	1	false	0	0	0	0	0	Preserved
S15-radial-hsl	radial/hsl	0	0	0.125	false	0	0	0	0	0	Preserved
S15-radial-hsl	radial/hsl	1	0.125	0.125	false	0	0	0	0	0	Preserved
S15-radial-hsl	radial/hsl	2	0.125	0.25	false	0	0	0	0	0	Preserved
S15-radial-hsl	radial/hsl	3	0.25	0.25	false	0	0	0	0	0	Preserved
S15-radial-hsl	radial/hsl	4	0.25	0.375	false	0	0	0	0	0	Preserved
S15-radial-hsl	radial/hsl	5	0.375	0.375	false	0	0	0	0	0	Preserved
S15-radial-hsl	radial/hsl	6	0.375	0.5	false	0	0	0	0	0	Preserved
S15-radial-hsl	radial/hsl	7	0.5	0.5	false	0	0	0	0	0	Preserved
S15-radial-hsl	radial/hsl	8	0.5	0.625	false	0	0	0	0	0	Preserved
S15-radial-hsl	radial/hsl	9	0.625	0.625	false	0	0	0	0	0	Preserved
S15-radial-hsl	radial/hsl	10	0.625	0.75	false	0	0	0	0	0	Preserved
S15-radial-hsl	radial/hsl	11	0.75	0.75	false	0	0	0	0	0	Preserved
S15-radial-hsl	radial/hsl	12	0.75	0.875	false	0	0	0	0	0	Preserved
S15-radial-hsl	radial/hsl	13	0.875	0.875	false	0	0	0	0	0	Preserved
S15-radial-hsl	radial/hsl	14	0.875	1	false	0	0	0	0	0	Preserved
S15-linear-hsv	linear/hsv	0	0	0.125	false	0	0	0	0	0	Preserved
S15-linear-hsv	linear/hsv	1	0.125	0.125	false	0	0	0	0	0	Preserved
S15-linear-hsv	linear/hsv	2	0.125	0.25	false	0	0	0	0	0	Preserved
S15-linear-hsv	linear/hsv	3	0.25	0.25	false	0	0	0	0	0	Preserved
S15-linear-hsv	linear/hsv	4	0.25	0.375	false	0	0	0	0	0	Preserved
S15-linear-hsv	linear/hsv	5	0.375	0.375	false	0	0	0	0	0	Preserved
S15-linear-hsv	linear/hsv	6	0.375	0.5	false	0	0	0	0	0	Preserved
S15-linear-hsv	linear/hsv	7	0.5	0.5	false	0	0	0	0	0	Preserved
S15-linear-hsv	linear/hsv	8	0.5	0.625	false	0	0	0	0	0	Preserved
S15-linear-hsv	linear/hsv	9	0.625	0.625	false	0	0	0	0	0	Preserved
S15-linear-hsv	linear/hsv	10	0.625	0.75	false	0	0	0	0	0	Preserved
S15-linear-hsv	linear/hsv	11	0.75	0.75	false	0	0	0	0	0	Preserved
S15-linear-hsv	linear/hsv	12	0.75	0.875	false	0	0	0	0	0	Preserved
S15-linear-hsv	linear/hsv	13	0.875	0.875	false	0	0	0	0	0	Preserved
S15-linear-hsv	linear/hsv	14	0.875	1	false	0	0	0	0	0	Preserved
S15-radial-hsv	radial/hsv	0	0	0.125	false	0	0	0	0	0	Preserved
S15-radial-hsv	radial/hsv	1	0.125	0.125	false	0	0	0	0	0	Preserved
S15-radial-hsv	radial/hsv	2	0.125	0.25	false	0	0	0	0	0	Preserved
S15-radial-hsv	radial/hsv	3	0.25	0.25	false	0	0	0	0	0	Preserved
S15-radial-hsv	radial/hsv	4	0.25	0.375	false	0	0	0	0	0	Preserved
S15-radial-hsv	radial/hsv	5	0.375	0.375	false	0	0	0	0	0	Preserved
S15-radial-hsv	radial/hsv	6	0.375	0.5	false	0	0	0	0	0	Preserved
S15-radial-hsv	radial/hsv	7	0.5	0.5	false	0	0	0	0	0	Preserved
S15-radial-hsv	radial/hsv	8	0.5	0.625	false	0	0	0	0	0	Preserved
S15-radial-hsv	radial/hsv	9	0.625	0.625	false	0	0	0	0	0	Preserved
S15-radial-hsv	radial/hsv	10	0.625	0.75	false	0	0	0	0	0	Preserved
S15-radial-hsv	radial/hsv	11	0.75	0.75	false	0	0	0	0	0	Preserved
S15-radial-hsv	radial/hsv	12	0.75	0.875	false	0	0	0	0	0	Preserved
S15-radial-hsv	radial/hsv	13	0.875	0.875	false	0	0	0	0	0	Preserved
S15-radial-hsv	radial/hsv	14	0.875	1	false	0	0	0	0	0	Preserved
S15-linear-luma	linear/luma	0	0	0.125	false	0	0	0	0	0	Preserved
S15-linear-luma	linear/luma	1	0.125	0.125	false	0	0	0	0	0	Preserved
S15-linear-luma	linear/luma	2	0.125	0.25	false	0	0	0	0	0	Preserved
S15-linear-luma	linear/luma	3	0.25	0.25	false	0	0	0	0	0	Preserved
S15-linear-luma	linear/luma	4	0.25	0.375	false	0	0	0	0	0	Preserved
S15-linear-luma	linear/luma	5	0.375	0.375	false	0	0	0	0	0	Preserved
S15-linear-luma	linear/luma	6	0.375	0.5	false	0	0	0	0	0	Preserved
S15-linear-luma	linear/luma	7	0.5	0.5	false	0	0	0	0	0	Preserved
S15-linear-luma	linear/luma	8	0.5	0.625	false	0	0	0	0	0	Preserved
S15-linear-luma	linear/luma	9	0.625	0.625	false	0	0	0	0	0	Preserved
S15-linear-luma	linear/luma	10	0.625	0.75	false	0	0	0	0	0	Preserved
S15-linear-luma	linear/luma	11	0.75	0.75	false	0	0	0	0	0	Preserved
S15-linear-luma	linear/luma	12	0.75	0.875	false	0	0	0	0	0	Preserved
S15-linear-luma	linear/luma	13	0.875	0.875	false	0	0	0	0	0	Preserved
S15-linear-luma	linear/luma	14	0.875	1	false	0	0	0	0	0	Preserved
S15-radial-luma	radial/luma	0	0	0.125	false	0	0	0	0	0	Preserved
S15-radial-luma	radial/luma	1	0.125	0.125	false	0	0	0	0	0	Preserved
S15-radial-luma	radial/luma	2	0.125	0.25	false	0	0	0	0	0	Preserved
S15-radial-luma	radial/luma	3	0.25	0.25	false	0	0	0	0	0	Preserved
S15-radial-luma	radial/luma	4	0.25	0.375	false	0	0	0	0	0	Preserved
S15-radial-luma	radial/luma	5	0.375	0.375	false	0	0	0	0	0	Preserved
S15-radial-luma	radial/luma	6	0.375	0.5	false	0	0	0	0	0	Preserved
S15-radial-luma	radial/luma	7	0.5	0.5	false	0	0	0	0	0	Preserved
S15-radial-luma	radial/luma	8	0.5	0.625	false	0	0	0	0	0	Preserved
S15-radial-luma	radial/luma	9	0.625	0.625	false	0	0	0	0	0	Preserved
S15-radial-luma	radial/luma	10	0.625	0.75	false	0	0	0	0	0	Preserved
S15-radial-luma	radial/luma	11	0.75	0.75	false	0	0	0	0	0	Preserved
S15-radial-luma	radial/luma	12	0.75	0.875	false	0	0	0	0	0	Preserved
S15-radial-luma	radial/luma	13	0.875	0.875	false	0	0	0	0	0	Preserved
S15-radial-luma	radial/luma	14	0.875	1	false	0	0	0	0	0	Preserved
S16-linear-oklch	linear/oklch	0	0	0.16666666666666649	true	64	28	57	56	113	Preserved
S16-linear-oklch	linear/oklch	1	0.16666666666666649	0.33333333333333348	true	64	19	39	38	77	Preserved
S16-linear-oklch	linear/oklch	2	0.33333333333333348	0.5	true	64	34	69	68	137	Preserved
S16-linear-oklch	linear/oklch	3	0.5	0.5	false	0	0	0	0	0	Preserved
S16-linear-oklch	linear/oklch	4	0.5	0.66666666666666652	true	64	28	57	56	113	Preserved
S16-linear-oklch	linear/oklch	5	0.66666666666666652	0.83333333333333348	true	64	19	39	38	77	Preserved
S16-linear-oklch	linear/oklch	6	0.83333333333333348	1	true	64	34	69	68	137	Preserved
S16-radial-oklch	radial/oklch	0	0	0.16666666666666649	true	64	28	57	56	113	Preserved
S16-radial-oklch	radial/oklch	1	0.16666666666666649	0.33333333333333348	true	64	19	39	38	77	Preserved
S16-radial-oklch	radial/oklch	2	0.33333333333333348	0.5	true	64	34	69	68	137	Preserved
S16-radial-oklch	radial/oklch	3	0.5	0.5	false	0	0	0	0	0	Preserved
S16-radial-oklch	radial/oklch	4	0.5	0.66666666666666652	true	64	28	57	56	113	Preserved
S16-radial-oklch	radial/oklch	5	0.66666666666666652	0.83333333333333348	true	64	19	39	38	77	Preserved
S16-radial-oklch	radial/oklch	6	0.83333333333333348	1	true	64	34	69	68	137	Preserved
S16-linear-hsl	linear/hsl	0	0	0.16666666666666649	true	64	18	37	36	73	Preserved
S16-linear-hsl	linear/hsl	1	0.16666666666666649	0.33333333333333348	true	32	16	33	32	65	Preserved
S16-linear-hsl	linear/hsl	2	0.33333333333333348	0.5	true	64	21	43	42	85	Preserved
S16-linear-hsl	linear/hsl	3	0.5	0.5	false	0	0	0	0	0	Preserved
S16-linear-hsl	linear/hsl	4	0.5	0.66666666666666652	true	64	18	37	36	73	Preserved
S16-linear-hsl	linear/hsl	5	0.66666666666666652	0.83333333333333348	true	32	16	33	32	65	Preserved
S16-linear-hsl	linear/hsl	6	0.83333333333333348	1	true	64	21	43	42	85	Preserved
S16-radial-hsl	radial/hsl	0	0	0.16666666666666649	true	64	18	37	36	73	Preserved
S16-radial-hsl	radial/hsl	1	0.16666666666666649	0.33333333333333348	true	32	16	33	32	65	Preserved
S16-radial-hsl	radial/hsl	2	0.33333333333333348	0.5	true	64	21	43	42	85	Preserved
S16-radial-hsl	radial/hsl	3	0.5	0.5	false	0	0	0	0	0	Preserved
S16-radial-hsl	radial/hsl	4	0.5	0.66666666666666652	true	64	18	37	36	73	Preserved
S16-radial-hsl	radial/hsl	5	0.66666666666666652	0.83333333333333348	true	32	16	33	32	65	Preserved
S16-radial-hsl	radial/hsl	6	0.83333333333333348	1	true	64	21	43	42	85	Preserved
S16-linear-hsv	linear/hsv	0	0	0.16666666666666649	true	64	19	39	38	77	Preserved
S16-linear-hsv	linear/hsv	1	0.16666666666666649	0.33333333333333348	true	32	16	33	32	65	Preserved
S16-linear-hsv	linear/hsv	2	0.33333333333333348	0.5	true	64	21	43	42	85	Preserved
S16-linear-hsv	linear/hsv	3	0.5	0.5	false	0	0	0	0	0	Preserved
S16-linear-hsv	linear/hsv	4	0.5	0.66666666666666652	true	64	19	39	38	77	Preserved
S16-linear-hsv	linear/hsv	5	0.66666666666666652	0.83333333333333348	true	32	16	33	32	65	Preserved
S16-linear-hsv	linear/hsv	6	0.83333333333333348	1	true	64	21	43	42	85	Preserved
S16-radial-hsv	radial/hsv	0	0	0.16666666666666649	true	64	19	39	38	77	Preserved
S16-radial-hsv	radial/hsv	1	0.16666666666666649	0.33333333333333348	true	32	16	33	32	65	Preserved
S16-radial-hsv	radial/hsv	2	0.33333333333333348	0.5	true	64	21	43	42	85	Preserved
S16-radial-hsv	radial/hsv	3	0.5	0.5	false	0	0	0	0	0	Preserved
S16-radial-hsv	radial/hsv	4	0.5	0.66666666666666652	true	64	19	39	38	77	Preserved
S16-radial-hsv	radial/hsv	5	0.66666666666666652	0.83333333333333348	true	32	16	33	32	65	Preserved
S16-radial-hsv	radial/hsv	6	0.83333333333333348	1	true	64	21	43	42	85	Preserved
S16-linear-luma	linear/luma	0	0	0.16666666666666649	true	1	0	1	0	1	Preserved
S16-linear-luma	linear/luma	1	0.16666666666666649	0.33333333333333348	true	1	0	1	0	1	Preserved
S16-linear-luma	linear/luma	2	0.33333333333333348	0.5	true	1	0	1	0	1	Preserved
S16-linear-luma	linear/luma	3	0.5	0.5	false	0	0	0	0	0	Preserved
S16-linear-luma	linear/luma	4	0.5	0.66666666666666652	true	1	0	1	0	1	Preserved
S16-linear-luma	linear/luma	5	0.66666666666666652	0.83333333333333348	true	1	0	1	0	1	Preserved
S16-linear-luma	linear/luma	6	0.83333333333333348	1	true	1	0	1	0	1	Preserved
S16-radial-luma	radial/luma	0	0	0.16666666666666649	true	1	0	1	0	1	Preserved
S16-radial-luma	radial/luma	1	0.16666666666666649	0.33333333333333348	true	1	0	1	0	1	Preserved
S16-radial-luma	radial/luma	2	0.33333333333333348	0.5	true	1	0	1	0	1	Preserved
S16-radial-luma	radial/luma	3	0.5	0.5	false	0	0	0	0	0	Preserved
S16-radial-luma	radial/luma	4	0.5	0.66666666666666652	true	1	0	1	0	1	Preserved
S16-radial-luma	radial/luma	5	0.66666666666666652	0.83333333333333348	true	1	0	1	0	1	Preserved
S16-radial-luma	radial/luma	6	0.83333333333333348	1	true	1	0	1	0	1	Preserved
S17-linear-oklch	linear/oklch	0	0	0.055555555555555497	true	8	7	15	14	29	Preserved
S17-linear-oklch	linear/oklch	1	0.055555555555555497	0.22222222222222199	true	16	9	19	18	37	Preserved
S17-linear-oklch	linear/oklch	2	0.22222222222222199	0.5	true	4	3	7	6	13	Preserved
S17-linear-oklch	linear/oklch	3	0.5	0.77777777777777801	true	4	3	7	6	13	Preserved
S17-linear-oklch	linear/oklch	4	0.77777777777777801	0.94444444444444453	true	16	9	19	18	37	Preserved
S17-linear-oklch	linear/oklch	5	0.94444444444444453	1	true	8	7	15	14	29	Preserved
S17-radial-oklch	radial/oklch	0	0	0.055555555555555497	true	8	7	15	14	29	Preserved
S17-radial-oklch	radial/oklch	1	0.055555555555555497	0.22222222222222199	true	16	9	19	18	37	Preserved
S17-radial-oklch	radial/oklch	2	0.22222222222222199	0.5	true	4	3	7	6	13	Preserved
S17-radial-oklch	radial/oklch	3	0.5	0.77777777777777801	true	4	3	7	6	13	Preserved
S17-radial-oklch	radial/oklch	4	0.77777777777777801	0.94444444444444453	true	16	9	19	18	37	Preserved
S17-radial-oklch	radial/oklch	5	0.94444444444444453	1	true	8	7	15	14	29	Preserved
S17-linear-hsl	linear/hsl	0	0	0.055555555555555497	true	16	7	15	14	29	Preserved
S17-linear-hsl	linear/hsl	1	0.055555555555555497	0.22222222222222199	true	64	18	37	36	73	Preserved
S17-linear-hsl	linear/hsl	2	0.22222222222222199	0.5	true	2	1	3	2	5	Preserved
S17-linear-hsl	linear/hsl	3	0.5	0.77777777777777801	true	2	1	3	2	5	Preserved
S17-linear-hsl	linear/hsl	4	0.77777777777777801	0.94444444444444453	true	64	18	37	36	73	Preserved
S17-linear-hsl	linear/hsl	5	0.94444444444444453	1	true	16	7	15	14	29	Preserved
S17-radial-hsl	radial/hsl	0	0	0.055555555555555497	true	16	7	15	14	29	Preserved
S17-radial-hsl	radial/hsl	1	0.055555555555555497	0.22222222222222199	true	64	18	37	36	73	Preserved
S17-radial-hsl	radial/hsl	2	0.22222222222222199	0.5	true	2	1	3	2	5	Preserved
S17-radial-hsl	radial/hsl	3	0.5	0.77777777777777801	true	2	1	3	2	5	Preserved
S17-radial-hsl	radial/hsl	4	0.77777777777777801	0.94444444444444453	true	64	18	37	36	73	Preserved
S17-radial-hsl	radial/hsl	5	0.94444444444444453	1	true	16	7	15	14	29	Preserved
S17-linear-hsv	linear/hsv	0	0	0.055555555555555497	true	16	8	17	16	33	Preserved
S17-linear-hsv	linear/hsv	1	0.055555555555555497	0.22222222222222199	true	64	12	25	24	49	Preserved
S17-linear-hsv	linear/hsv	2	0.22222222222222199	0.5	true	2	1	3	2	5	Preserved
S17-linear-hsv	linear/hsv	3	0.5	0.77777777777777801	true	2	1	3	2	5	Preserved
S17-linear-hsv	linear/hsv	4	0.77777777777777801	0.94444444444444453	true	64	12	25	24	49	Preserved
S17-linear-hsv	linear/hsv	5	0.94444444444444453	1	true	16	8	17	16	33	Preserved
S17-radial-hsv	radial/hsv	0	0	0.055555555555555497	true	16	8	17	16	33	Preserved
S17-radial-hsv	radial/hsv	1	0.055555555555555497	0.22222222222222199	true	64	12	25	24	49	Preserved
S17-radial-hsv	radial/hsv	2	0.22222222222222199	0.5	true	2	1	3	2	5	Preserved
S17-radial-hsv	radial/hsv	3	0.5	0.77777777777777801	true	2	1	3	2	5	Preserved
S17-radial-hsv	radial/hsv	4	0.77777777777777801	0.94444444444444453	true	64	12	25	24	49	Preserved
S17-radial-hsv	radial/hsv	5	0.94444444444444453	1	true	16	8	17	16	33	Preserved
S17-linear-luma	linear/luma	0	0	0.055555555555555497	true	1	0	1	0	1	Preserved
S17-linear-luma	linear/luma	1	0.055555555555555497	0.22222222222222199	true	1	0	1	0	1	Preserved
S17-linear-luma	linear/luma	2	0.22222222222222199	0.5	true	1	0	1	0	1	Preserved
S17-linear-luma	linear/luma	3	0.5	0.77777777777777801	true	1	0	1	0	1	Preserved
S17-linear-luma	linear/luma	4	0.77777777777777801	0.94444444444444453	true	1	0	1	0	1	Preserved
S17-linear-luma	linear/luma	5	0.94444444444444453	1	true	1	0	1	0	1	Preserved
S17-radial-luma	radial/luma	0	0	0.055555555555555497	true	1	0	1	0	1	Preserved
S17-radial-luma	radial/luma	1	0.055555555555555497	0.22222222222222199	true	1	0	1	0	1	Preserved
S17-radial-luma	radial/luma	2	0.22222222222222199	0.5	true	1	0	1	0	1	Preserved
S17-radial-luma	radial/luma	3	0.5	0.77777777777777801	true	1	0	1	0	1	Preserved
S17-radial-luma	radial/luma	4	0.77777777777777801	0.94444444444444453	true	1	0	1	0	1	Preserved
S17-radial-luma	radial/luma	5	0.94444444444444453	1	true	1	0	1	0	1	Preserved
S18-linear-oklch	linear/oklch	0	0	0.0625	false	0	0	0	0	0	Preserved
S18-linear-oklch	linear/oklch	1	0.0625	0.0625	false	0	0	0	0	0	Preserved
S18-linear-oklch	linear/oklch	2	0.0625	0.125	false	0	0	0	0	0	Preserved
S18-linear-oklch	linear/oklch	3	0.125	0.125	false	0	0	0	0	0	Preserved
S18-linear-oklch	linear/oklch	4	0.125	0.1875	false	0	0	0	0	0	Preserved
S18-linear-oklch	linear/oklch	5	0.1875	0.1875	false	0	0	0	0	0	Preserved
S18-linear-oklch	linear/oklch	6	0.1875	0.25	false	0	0	0	0	0	Preserved
S18-linear-oklch	linear/oklch	7	0.25	0.25	false	0	0	0	0	0	Preserved
S18-linear-oklch	linear/oklch	8	0.25	0.3125	false	0	0	0	0	0	Preserved
S18-linear-oklch	linear/oklch	9	0.3125	0.3125	false	0	0	0	0	0	Preserved
S18-linear-oklch	linear/oklch	10	0.3125	0.375	false	0	0	0	0	0	Preserved
S18-linear-oklch	linear/oklch	11	0.375	0.375	false	0	0	0	0	0	Preserved
S18-linear-oklch	linear/oklch	12	0.375	0.4375	false	0	0	0	0	0	Preserved
S18-linear-oklch	linear/oklch	13	0.4375	0.4375	false	0	0	0	0	0	Preserved
S18-linear-oklch	linear/oklch	14	0.4375	0.5	false	0	0	0	0	0	Preserved
S18-linear-oklch	linear/oklch	15	0.5	0.5625	false	0	0	0	0	0	Preserved
S18-linear-oklch	linear/oklch	16	0.5625	0.5625	false	0	0	0	0	0	Preserved
S18-linear-oklch	linear/oklch	17	0.5625	0.625	false	0	0	0	0	0	Preserved
S18-linear-oklch	linear/oklch	18	0.625	0.625	false	0	0	0	0	0	Preserved
S18-linear-oklch	linear/oklch	19	0.625	0.6875	false	0	0	0	0	0	Preserved
S18-linear-oklch	linear/oklch	20	0.6875	0.6875	false	0	0	0	0	0	Preserved
S18-linear-oklch	linear/oklch	21	0.6875	0.75	false	0	0	0	0	0	Preserved
S18-linear-oklch	linear/oklch	22	0.75	0.75	false	0	0	0	0	0	Preserved
S18-linear-oklch	linear/oklch	23	0.75	0.8125	false	0	0	0	0	0	Preserved
S18-linear-oklch	linear/oklch	24	0.8125	0.8125	false	0	0	0	0	0	Preserved
S18-linear-oklch	linear/oklch	25	0.8125	0.875	false	0	0	0	0	0	Preserved
S18-linear-oklch	linear/oklch	26	0.875	0.875	false	0	0	0	0	0	Preserved
S18-linear-oklch	linear/oklch	27	0.875	0.9375	false	0	0	0	0	0	Preserved
S18-linear-oklch	linear/oklch	28	0.9375	0.9375	false	0	0	0	0	0	Preserved
S18-linear-oklch	linear/oklch	29	0.9375	1	false	0	0	0	0	0	Preserved
S18-radial-oklch	radial/oklch	0	0	0.0625	false	0	0	0	0	0	Preserved
S18-radial-oklch	radial/oklch	1	0.0625	0.0625	false	0	0	0	0	0	Preserved
S18-radial-oklch	radial/oklch	2	0.0625	0.125	false	0	0	0	0	0	Preserved
S18-radial-oklch	radial/oklch	3	0.125	0.125	false	0	0	0	0	0	Preserved
S18-radial-oklch	radial/oklch	4	0.125	0.1875	false	0	0	0	0	0	Preserved
S18-radial-oklch	radial/oklch	5	0.1875	0.1875	false	0	0	0	0	0	Preserved
S18-radial-oklch	radial/oklch	6	0.1875	0.25	false	0	0	0	0	0	Preserved
S18-radial-oklch	radial/oklch	7	0.25	0.25	false	0	0	0	0	0	Preserved
S18-radial-oklch	radial/oklch	8	0.25	0.3125	false	0	0	0	0	0	Preserved
S18-radial-oklch	radial/oklch	9	0.3125	0.3125	false	0	0	0	0	0	Preserved
S18-radial-oklch	radial/oklch	10	0.3125	0.375	false	0	0	0	0	0	Preserved
S18-radial-oklch	radial/oklch	11	0.375	0.375	false	0	0	0	0	0	Preserved
S18-radial-oklch	radial/oklch	12	0.375	0.4375	false	0	0	0	0	0	Preserved
S18-radial-oklch	radial/oklch	13	0.4375	0.4375	false	0	0	0	0	0	Preserved
S18-radial-oklch	radial/oklch	14	0.4375	0.5	false	0	0	0	0	0	Preserved
S18-radial-oklch	radial/oklch	15	0.5	0.5625	false	0	0	0	0	0	Preserved
S18-radial-oklch	radial/oklch	16	0.5625	0.5625	false	0	0	0	0	0	Preserved
S18-radial-oklch	radial/oklch	17	0.5625	0.625	false	0	0	0	0	0	Preserved
S18-radial-oklch	radial/oklch	18	0.625	0.625	false	0	0	0	0	0	Preserved
S18-radial-oklch	radial/oklch	19	0.625	0.6875	false	0	0	0	0	0	Preserved
S18-radial-oklch	radial/oklch	20	0.6875	0.6875	false	0	0	0	0	0	Preserved
S18-radial-oklch	radial/oklch	21	0.6875	0.75	false	0	0	0	0	0	Preserved
S18-radial-oklch	radial/oklch	22	0.75	0.75	false	0	0	0	0	0	Preserved
S18-radial-oklch	radial/oklch	23	0.75	0.8125	false	0	0	0	0	0	Preserved
S18-radial-oklch	radial/oklch	24	0.8125	0.8125	false	0	0	0	0	0	Preserved
S18-radial-oklch	radial/oklch	25	0.8125	0.875	false	0	0	0	0	0	Preserved
S18-radial-oklch	radial/oklch	26	0.875	0.875	false	0	0	0	0	0	Preserved
S18-radial-oklch	radial/oklch	27	0.875	0.9375	false	0	0	0	0	0	Preserved
S18-radial-oklch	radial/oklch	28	0.9375	0.9375	false	0	0	0	0	0	Preserved
S18-radial-oklch	radial/oklch	29	0.9375	1	false	0	0	0	0	0	Preserved
S18-linear-hsl	linear/hsl	0	0	0.0625	false	0	0	0	0	0	Preserved
S18-linear-hsl	linear/hsl	1	0.0625	0.0625	false	0	0	0	0	0	Preserved
S18-linear-hsl	linear/hsl	2	0.0625	0.125	false	0	0	0	0	0	Preserved
S18-linear-hsl	linear/hsl	3	0.125	0.125	false	0	0	0	0	0	Preserved
S18-linear-hsl	linear/hsl	4	0.125	0.1875	false	0	0	0	0	0	Preserved
S18-linear-hsl	linear/hsl	5	0.1875	0.1875	false	0	0	0	0	0	Preserved
S18-linear-hsl	linear/hsl	6	0.1875	0.25	false	0	0	0	0	0	Preserved
S18-linear-hsl	linear/hsl	7	0.25	0.25	false	0	0	0	0	0	Preserved
S18-linear-hsl	linear/hsl	8	0.25	0.3125	false	0	0	0	0	0	Preserved
S18-linear-hsl	linear/hsl	9	0.3125	0.3125	false	0	0	0	0	0	Preserved
S18-linear-hsl	linear/hsl	10	0.3125	0.375	false	0	0	0	0	0	Preserved
S18-linear-hsl	linear/hsl	11	0.375	0.375	false	0	0	0	0	0	Preserved
S18-linear-hsl	linear/hsl	12	0.375	0.4375	false	0	0	0	0	0	Preserved
S18-linear-hsl	linear/hsl	13	0.4375	0.4375	false	0	0	0	0	0	Preserved
S18-linear-hsl	linear/hsl	14	0.4375	0.5	false	0	0	0	0	0	Preserved
S18-linear-hsl	linear/hsl	15	0.5	0.5625	false	0	0	0	0	0	Preserved
S18-linear-hsl	linear/hsl	16	0.5625	0.5625	false	0	0	0	0	0	Preserved
S18-linear-hsl	linear/hsl	17	0.5625	0.625	false	0	0	0	0	0	Preserved
S18-linear-hsl	linear/hsl	18	0.625	0.625	false	0	0	0	0	0	Preserved
S18-linear-hsl	linear/hsl	19	0.625	0.6875	false	0	0	0	0	0	Preserved
S18-linear-hsl	linear/hsl	20	0.6875	0.6875	false	0	0	0	0	0	Preserved
S18-linear-hsl	linear/hsl	21	0.6875	0.75	false	0	0	0	0	0	Preserved
S18-linear-hsl	linear/hsl	22	0.75	0.75	false	0	0	0	0	0	Preserved
S18-linear-hsl	linear/hsl	23	0.75	0.8125	false	0	0	0	0	0	Preserved
S18-linear-hsl	linear/hsl	24	0.8125	0.8125	false	0	0	0	0	0	Preserved
S18-linear-hsl	linear/hsl	25	0.8125	0.875	false	0	0	0	0	0	Preserved
S18-linear-hsl	linear/hsl	26	0.875	0.875	false	0	0	0	0	0	Preserved
S18-linear-hsl	linear/hsl	27	0.875	0.9375	false	0	0	0	0	0	Preserved
S18-linear-hsl	linear/hsl	28	0.9375	0.9375	false	0	0	0	0	0	Preserved
S18-linear-hsl	linear/hsl	29	0.9375	1	false	0	0	0	0	0	Preserved
S18-radial-hsl	radial/hsl	0	0	0.0625	false	0	0	0	0	0	Preserved
S18-radial-hsl	radial/hsl	1	0.0625	0.0625	false	0	0	0	0	0	Preserved
S18-radial-hsl	radial/hsl	2	0.0625	0.125	false	0	0	0	0	0	Preserved
S18-radial-hsl	radial/hsl	3	0.125	0.125	false	0	0	0	0	0	Preserved
S18-radial-hsl	radial/hsl	4	0.125	0.1875	false	0	0	0	0	0	Preserved
S18-radial-hsl	radial/hsl	5	0.1875	0.1875	false	0	0	0	0	0	Preserved
S18-radial-hsl	radial/hsl	6	0.1875	0.25	false	0	0	0	0	0	Preserved
S18-radial-hsl	radial/hsl	7	0.25	0.25	false	0	0	0	0	0	Preserved
S18-radial-hsl	radial/hsl	8	0.25	0.3125	false	0	0	0	0	0	Preserved
S18-radial-hsl	radial/hsl	9	0.3125	0.3125	false	0	0	0	0	0	Preserved
S18-radial-hsl	radial/hsl	10	0.3125	0.375	false	0	0	0	0	0	Preserved
S18-radial-hsl	radial/hsl	11	0.375	0.375	false	0	0	0	0	0	Preserved
S18-radial-hsl	radial/hsl	12	0.375	0.4375	false	0	0	0	0	0	Preserved
S18-radial-hsl	radial/hsl	13	0.4375	0.4375	false	0	0	0	0	0	Preserved
S18-radial-hsl	radial/hsl	14	0.4375	0.5	false	0	0	0	0	0	Preserved
S18-radial-hsl	radial/hsl	15	0.5	0.5625	false	0	0	0	0	0	Preserved
S18-radial-hsl	radial/hsl	16	0.5625	0.5625	false	0	0	0	0	0	Preserved
S18-radial-hsl	radial/hsl	17	0.5625	0.625	false	0	0	0	0	0	Preserved
S18-radial-hsl	radial/hsl	18	0.625	0.625	false	0	0	0	0	0	Preserved
S18-radial-hsl	radial/hsl	19	0.625	0.6875	false	0	0	0	0	0	Preserved
S18-radial-hsl	radial/hsl	20	0.6875	0.6875	false	0	0	0	0	0	Preserved
S18-radial-hsl	radial/hsl	21	0.6875	0.75	false	0	0	0	0	0	Preserved
S18-radial-hsl	radial/hsl	22	0.75	0.75	false	0	0	0	0	0	Preserved
S18-radial-hsl	radial/hsl	23	0.75	0.8125	false	0	0	0	0	0	Preserved
S18-radial-hsl	radial/hsl	24	0.8125	0.8125	false	0	0	0	0	0	Preserved
S18-radial-hsl	radial/hsl	25	0.8125	0.875	false	0	0	0	0	0	Preserved
S18-radial-hsl	radial/hsl	26	0.875	0.875	false	0	0	0	0	0	Preserved
S18-radial-hsl	radial/hsl	27	0.875	0.9375	false	0	0	0	0	0	Preserved
S18-radial-hsl	radial/hsl	28	0.9375	0.9375	false	0	0	0	0	0	Preserved
S18-radial-hsl	radial/hsl	29	0.9375	1	false	0	0	0	0	0	Preserved
S18-linear-hsv	linear/hsv	0	0	0.0625	false	0	0	0	0	0	Preserved
S18-linear-hsv	linear/hsv	1	0.0625	0.0625	false	0	0	0	0	0	Preserved
S18-linear-hsv	linear/hsv	2	0.0625	0.125	false	0	0	0	0	0	Preserved
S18-linear-hsv	linear/hsv	3	0.125	0.125	false	0	0	0	0	0	Preserved
S18-linear-hsv	linear/hsv	4	0.125	0.1875	false	0	0	0	0	0	Preserved
S18-linear-hsv	linear/hsv	5	0.1875	0.1875	false	0	0	0	0	0	Preserved
S18-linear-hsv	linear/hsv	6	0.1875	0.25	false	0	0	0	0	0	Preserved
S18-linear-hsv	linear/hsv	7	0.25	0.25	false	0	0	0	0	0	Preserved
S18-linear-hsv	linear/hsv	8	0.25	0.3125	false	0	0	0	0	0	Preserved
S18-linear-hsv	linear/hsv	9	0.3125	0.3125	false	0	0	0	0	0	Preserved
S18-linear-hsv	linear/hsv	10	0.3125	0.375	false	0	0	0	0	0	Preserved
S18-linear-hsv	linear/hsv	11	0.375	0.375	false	0	0	0	0	0	Preserved
S18-linear-hsv	linear/hsv	12	0.375	0.4375	false	0	0	0	0	0	Preserved
S18-linear-hsv	linear/hsv	13	0.4375	0.4375	false	0	0	0	0	0	Preserved
S18-linear-hsv	linear/hsv	14	0.4375	0.5	false	0	0	0	0	0	Preserved
S18-linear-hsv	linear/hsv	15	0.5	0.5625	false	0	0	0	0	0	Preserved
S18-linear-hsv	linear/hsv	16	0.5625	0.5625	false	0	0	0	0	0	Preserved
S18-linear-hsv	linear/hsv	17	0.5625	0.625	false	0	0	0	0	0	Preserved
S18-linear-hsv	linear/hsv	18	0.625	0.625	false	0	0	0	0	0	Preserved
S18-linear-hsv	linear/hsv	19	0.625	0.6875	false	0	0	0	0	0	Preserved
S18-linear-hsv	linear/hsv	20	0.6875	0.6875	false	0	0	0	0	0	Preserved
S18-linear-hsv	linear/hsv	21	0.6875	0.75	false	0	0	0	0	0	Preserved
S18-linear-hsv	linear/hsv	22	0.75	0.75	false	0	0	0	0	0	Preserved
S18-linear-hsv	linear/hsv	23	0.75	0.8125	false	0	0	0	0	0	Preserved
S18-linear-hsv	linear/hsv	24	0.8125	0.8125	false	0	0	0	0	0	Preserved
S18-linear-hsv	linear/hsv	25	0.8125	0.875	false	0	0	0	0	0	Preserved
S18-linear-hsv	linear/hsv	26	0.875	0.875	false	0	0	0	0	0	Preserved
S18-linear-hsv	linear/hsv	27	0.875	0.9375	false	0	0	0	0	0	Preserved
S18-linear-hsv	linear/hsv	28	0.9375	0.9375	false	0	0	0	0	0	Preserved
S18-linear-hsv	linear/hsv	29	0.9375	1	false	0	0	0	0	0	Preserved
S18-radial-hsv	radial/hsv	0	0	0.0625	false	0	0	0	0	0	Preserved
S18-radial-hsv	radial/hsv	1	0.0625	0.0625	false	0	0	0	0	0	Preserved
S18-radial-hsv	radial/hsv	2	0.0625	0.125	false	0	0	0	0	0	Preserved
S18-radial-hsv	radial/hsv	3	0.125	0.125	false	0	0	0	0	0	Preserved
S18-radial-hsv	radial/hsv	4	0.125	0.1875	false	0	0	0	0	0	Preserved
S18-radial-hsv	radial/hsv	5	0.1875	0.1875	false	0	0	0	0	0	Preserved
S18-radial-hsv	radial/hsv	6	0.1875	0.25	false	0	0	0	0	0	Preserved
S18-radial-hsv	radial/hsv	7	0.25	0.25	false	0	0	0	0	0	Preserved
S18-radial-hsv	radial/hsv	8	0.25	0.3125	false	0	0	0	0	0	Preserved
S18-radial-hsv	radial/hsv	9	0.3125	0.3125	false	0	0	0	0	0	Preserved
S18-radial-hsv	radial/hsv	10	0.3125	0.375	false	0	0	0	0	0	Preserved
S18-radial-hsv	radial/hsv	11	0.375	0.375	false	0	0	0	0	0	Preserved
S18-radial-hsv	radial/hsv	12	0.375	0.4375	false	0	0	0	0	0	Preserved
S18-radial-hsv	radial/hsv	13	0.4375	0.4375	false	0	0	0	0	0	Preserved
S18-radial-hsv	radial/hsv	14	0.4375	0.5	false	0	0	0	0	0	Preserved
S18-radial-hsv	radial/hsv	15	0.5	0.5625	false	0	0	0	0	0	Preserved
S18-radial-hsv	radial/hsv	16	0.5625	0.5625	false	0	0	0	0	0	Preserved
S18-radial-hsv	radial/hsv	17	0.5625	0.625	false	0	0	0	0	0	Preserved
S18-radial-hsv	radial/hsv	18	0.625	0.625	false	0	0	0	0	0	Preserved
S18-radial-hsv	radial/hsv	19	0.625	0.6875	false	0	0	0	0	0	Preserved
S18-radial-hsv	radial/hsv	20	0.6875	0.6875	false	0	0	0	0	0	Preserved
S18-radial-hsv	radial/hsv	21	0.6875	0.75	false	0	0	0	0	0	Preserved
S18-radial-hsv	radial/hsv	22	0.75	0.75	false	0	0	0	0	0	Preserved
S18-radial-hsv	radial/hsv	23	0.75	0.8125	false	0	0	0	0	0	Preserved
S18-radial-hsv	radial/hsv	24	0.8125	0.8125	false	0	0	0	0	0	Preserved
S18-radial-hsv	radial/hsv	25	0.8125	0.875	false	0	0	0	0	0	Preserved
S18-radial-hsv	radial/hsv	26	0.875	0.875	false	0	0	0	0	0	Preserved
S18-radial-hsv	radial/hsv	27	0.875	0.9375	false	0	0	0	0	0	Preserved
S18-radial-hsv	radial/hsv	28	0.9375	0.9375	false	0	0	0	0	0	Preserved
S18-radial-hsv	radial/hsv	29	0.9375	1	false	0	0	0	0	0	Preserved
S18-linear-luma	linear/luma	0	0	0.0625	false	0	0	0	0	0	Preserved
S18-linear-luma	linear/luma	1	0.0625	0.0625	false	0	0	0	0	0	Preserved
S18-linear-luma	linear/luma	2	0.0625	0.125	false	0	0	0	0	0	Preserved
S18-linear-luma	linear/luma	3	0.125	0.125	false	0	0	0	0	0	Preserved
S18-linear-luma	linear/luma	4	0.125	0.1875	false	0	0	0	0	0	Preserved
S18-linear-luma	linear/luma	5	0.1875	0.1875	false	0	0	0	0	0	Preserved
S18-linear-luma	linear/luma	6	0.1875	0.25	false	0	0	0	0	0	Preserved
S18-linear-luma	linear/luma	7	0.25	0.25	false	0	0	0	0	0	Preserved
S18-linear-luma	linear/luma	8	0.25	0.3125	false	0	0	0	0	0	Preserved
S18-linear-luma	linear/luma	9	0.3125	0.3125	false	0	0	0	0	0	Preserved
S18-linear-luma	linear/luma	10	0.3125	0.375	false	0	0	0	0	0	Preserved
S18-linear-luma	linear/luma	11	0.375	0.375	false	0	0	0	0	0	Preserved
S18-linear-luma	linear/luma	12	0.375	0.4375	false	0	0	0	0	0	Preserved
S18-linear-luma	linear/luma	13	0.4375	0.4375	false	0	0	0	0	0	Preserved
S18-linear-luma	linear/luma	14	0.4375	0.5	false	0	0	0	0	0	Preserved
S18-linear-luma	linear/luma	15	0.5	0.5625	false	0	0	0	0	0	Preserved
S18-linear-luma	linear/luma	16	0.5625	0.5625	false	0	0	0	0	0	Preserved
S18-linear-luma	linear/luma	17	0.5625	0.625	false	0	0	0	0	0	Preserved
S18-linear-luma	linear/luma	18	0.625	0.625	false	0	0	0	0	0	Preserved
S18-linear-luma	linear/luma	19	0.625	0.6875	false	0	0	0	0	0	Preserved
S18-linear-luma	linear/luma	20	0.6875	0.6875	false	0	0	0	0	0	Preserved
S18-linear-luma	linear/luma	21	0.6875	0.75	false	0	0	0	0	0	Preserved
S18-linear-luma	linear/luma	22	0.75	0.75	false	0	0	0	0	0	Preserved
S18-linear-luma	linear/luma	23	0.75	0.8125	false	0	0	0	0	0	Preserved
S18-linear-luma	linear/luma	24	0.8125	0.8125	false	0	0	0	0	0	Preserved
S18-linear-luma	linear/luma	25	0.8125	0.875	false	0	0	0	0	0	Preserved
S18-linear-luma	linear/luma	26	0.875	0.875	false	0	0	0	0	0	Preserved
S18-linear-luma	linear/luma	27	0.875	0.9375	false	0	0	0	0	0	Preserved
S18-linear-luma	linear/luma	28	0.9375	0.9375	false	0	0	0	0	0	Preserved
S18-linear-luma	linear/luma	29	0.9375	1	false	0	0	0	0	0	Preserved
S18-radial-luma	radial/luma	0	0	0.0625	false	0	0	0	0	0	Preserved
S18-radial-luma	radial/luma	1	0.0625	0.0625	false	0	0	0	0	0	Preserved
S18-radial-luma	radial/luma	2	0.0625	0.125	false	0	0	0	0	0	Preserved
S18-radial-luma	radial/luma	3	0.125	0.125	false	0	0	0	0	0	Preserved
S18-radial-luma	radial/luma	4	0.125	0.1875	false	0	0	0	0	0	Preserved
S18-radial-luma	radial/luma	5	0.1875	0.1875	false	0	0	0	0	0	Preserved
S18-radial-luma	radial/luma	6	0.1875	0.25	false	0	0	0	0	0	Preserved
S18-radial-luma	radial/luma	7	0.25	0.25	false	0	0	0	0	0	Preserved
S18-radial-luma	radial/luma	8	0.25	0.3125	false	0	0	0	0	0	Preserved
S18-radial-luma	radial/luma	9	0.3125	0.3125	false	0	0	0	0	0	Preserved
S18-radial-luma	radial/luma	10	0.3125	0.375	false	0	0	0	0	0	Preserved
S18-radial-luma	radial/luma	11	0.375	0.375	false	0	0	0	0	0	Preserved
S18-radial-luma	radial/luma	12	0.375	0.4375	false	0	0	0	0	0	Preserved
S18-radial-luma	radial/luma	13	0.4375	0.4375	false	0	0	0	0	0	Preserved
S18-radial-luma	radial/luma	14	0.4375	0.5	false	0	0	0	0	0	Preserved
S18-radial-luma	radial/luma	15	0.5	0.5625	false	0	0	0	0	0	Preserved
S18-radial-luma	radial/luma	16	0.5625	0.5625	false	0	0	0	0	0	Preserved
S18-radial-luma	radial/luma	17	0.5625	0.625	false	0	0	0	0	0	Preserved
S18-radial-luma	radial/luma	18	0.625	0.625	false	0	0	0	0	0	Preserved
S18-radial-luma	radial/luma	19	0.625	0.6875	false	0	0	0	0	0	Preserved
S18-radial-luma	radial/luma	20	0.6875	0.6875	false	0	0	0	0	0	Preserved
S18-radial-luma	radial/luma	21	0.6875	0.75	false	0	0	0	0	0	Preserved
S18-radial-luma	radial/luma	22	0.75	0.75	false	0	0	0	0	0	Preserved
S18-radial-luma	radial/luma	23	0.75	0.8125	false	0	0	0	0	0	Preserved
S18-radial-luma	radial/luma	24	0.8125	0.8125	false	0	0	0	0	0	Preserved
S18-radial-luma	radial/luma	25	0.8125	0.875	false	0	0	0	0	0	Preserved
S18-radial-luma	radial/luma	26	0.875	0.875	false	0	0	0	0	0	Preserved
S18-radial-luma	radial/luma	27	0.875	0.9375	false	0	0	0	0	0	Preserved
S18-radial-luma	radial/luma	28	0.9375	0.9375	false	0	0	0	0	0	Preserved
S18-radial-luma	radial/luma	29	0.9375	1	false	0	0	0	0	0	Preserved
S19-linear-oklch	linear/oklch	0	0	0.5	true	16	9	19	18	37	Preserved
S19-linear-oklch	linear/oklch	1	0.5	1	true	16	11	23	22	45	Preserved
S19-radial-oklch	radial/oklch	0	0	0.5	true	16	9	19	18	37	Preserved
S19-radial-oklch	radial/oklch	1	0.5	1	true	16	11	23	22	45	Preserved
S19-linear-hsl	linear/hsl	0	0	0.5	true	64	10	21	20	41	Preserved
S19-linear-hsl	linear/hsl	1	0.5	1	true	64	23	47	46	93	Preserved
S19-radial-hsl	radial/hsl	0	0	0.5	true	64	10	21	20	41	Preserved
S19-radial-hsl	radial/hsl	1	0.5	1	true	64	23	47	46	93	Preserved
S19-linear-hsv	linear/hsv	0	0	0.5	true	64	10	21	20	41	Preserved
S19-linear-hsv	linear/hsv	1	0.5	1	true	64	13	27	26	53	Preserved
S19-radial-hsv	radial/hsv	0	0	0.5	true	64	10	21	20	41	Preserved
S19-radial-hsv	radial/hsv	1	0.5	1	true	64	13	27	26	53	Preserved
S19-linear-luma	linear/luma	0	0	0.5	true	1	0	1	0	1	Preserved
S19-linear-luma	linear/luma	1	0.5	1	true	1	0	1	0	1	Preserved
S19-radial-luma	radial/luma	0	0	0.5	true	1	0	1	0	1	Preserved
S19-radial-luma	radial/luma	1	0.5	1	true	1	0	1	0	1	Preserved
S20-linear-oklch	linear/oklch	0	0	0.33333333333333298	true	64	22	45	44	89	Preserved
S20-linear-oklch	linear/oklch	1	0.33333333333333298	0.66666666666666696	true	64	19	39	38	77	Preserved
S20-linear-oklch	linear/oklch	2	0.66666666666666696	1	true	64	34	69	68	137	Preserved
S20-radial-oklch	radial/oklch	0	0	0.33333333333333298	true	64	22	45	44	89	Preserved
S20-radial-oklch	radial/oklch	1	0.33333333333333298	0.66666666666666696	true	64	19	39	38	77	Preserved
S20-radial-oklch	radial/oklch	2	0.66666666666666696	1	true	64	34	69	68	137	Preserved
S20-linear-hsl	linear/hsl	0	0	0.33333333333333298	true	64	15	31	30	61	Preserved
S20-linear-hsl	linear/hsl	1	0.33333333333333298	0.66666666666666696	true	32	16	33	32	65	Preserved
S20-linear-hsl	linear/hsl	2	0.66666666666666696	1	true	64	21	43	42	85	Preserved
S20-radial-hsl	radial/hsl	0	0	0.33333333333333298	true	64	15	31	30	61	Preserved
S20-radial-hsl	radial/hsl	1	0.33333333333333298	0.66666666666666696	true	32	16	33	32	65	Preserved
S20-radial-hsl	radial/hsl	2	0.66666666666666696	1	true	64	21	43	42	85	Preserved
S20-linear-hsv	linear/hsv	0	0	0.33333333333333298	true	64	13	27	26	53	Preserved
S20-linear-hsv	linear/hsv	1	0.33333333333333298	0.66666666666666696	true	32	16	33	32	65	Preserved
S20-linear-hsv	linear/hsv	2	0.66666666666666696	1	true	64	21	43	42	85	Preserved
S20-radial-hsv	radial/hsv	0	0	0.33333333333333298	true	64	13	27	26	53	Preserved
S20-radial-hsv	radial/hsv	1	0.33333333333333298	0.66666666666666696	true	32	16	33	32	65	Preserved
S20-radial-hsv	radial/hsv	2	0.66666666666666696	1	true	64	21	43	42	85	Preserved
S20-linear-luma	linear/luma	0	0	0.33333333333333298	true	1	0	1	0	1	Preserved
S20-linear-luma	linear/luma	1	0.33333333333333298	0.66666666666666696	true	1	0	1	0	1	Preserved
S20-linear-luma	linear/luma	2	0.66666666666666696	1	true	1	0	1	0	1	Preserved
S20-radial-luma	radial/luma	0	0	0.33333333333333298	true	1	0	1	0	1	Preserved
S20-radial-luma	radial/luma	1	0.33333333333333298	0.66666666666666696	true	1	0	1	0	1	Preserved
S20-radial-luma	radial/luma	2	0.66666666666666696	1	true	1	0	1	0	1	Preserved
S21-linear-oklch	linear/oklch	0	0	0.25	false	0	0	0	0	0	Preserved
S21-linear-oklch	linear/oklch	1	0.25	0.25	false	0	0	0	0	0	Preserved
S21-linear-oklch	linear/oklch	2	0.25	0.5	false	0	0	0	0	0	Preserved
S21-linear-oklch	linear/oklch	3	0.5	0.5	false	0	0	0	0	0	Preserved
S21-linear-oklch	linear/oklch	4	0.5	0.75	false	0	0	0	0	0	Preserved
S21-linear-oklch	linear/oklch	5	0.75	0.75	false	0	0	0	0	0	Preserved
S21-linear-oklch	linear/oklch	6	0.75	1	false	0	0	0	0	0	Preserved
S21-radial-oklch	radial/oklch	0	0	0.25	false	0	0	0	0	0	Preserved
S21-radial-oklch	radial/oklch	1	0.25	0.25	false	0	0	0	0	0	Preserved
S21-radial-oklch	radial/oklch	2	0.25	0.5	false	0	0	0	0	0	Preserved
S21-radial-oklch	radial/oklch	3	0.5	0.5	false	0	0	0	0	0	Preserved
S21-radial-oklch	radial/oklch	4	0.5	0.75	false	0	0	0	0	0	Preserved
S21-radial-oklch	radial/oklch	5	0.75	0.75	false	0	0	0	0	0	Preserved
S21-radial-oklch	radial/oklch	6	0.75	1	false	0	0	0	0	0	Preserved
S21-linear-hsl	linear/hsl	0	0	0.25	false	0	0	0	0	0	Preserved
S21-linear-hsl	linear/hsl	1	0.25	0.25	false	0	0	0	0	0	Preserved
S21-linear-hsl	linear/hsl	2	0.25	0.5	false	0	0	0	0	0	Preserved
S21-linear-hsl	linear/hsl	3	0.5	0.5	false	0	0	0	0	0	Preserved
S21-linear-hsl	linear/hsl	4	0.5	0.75	false	0	0	0	0	0	Preserved
S21-linear-hsl	linear/hsl	5	0.75	0.75	false	0	0	0	0	0	Preserved
S21-linear-hsl	linear/hsl	6	0.75	1	false	0	0	0	0	0	Preserved
S21-radial-hsl	radial/hsl	0	0	0.25	false	0	0	0	0	0	Preserved
S21-radial-hsl	radial/hsl	1	0.25	0.25	false	0	0	0	0	0	Preserved
S21-radial-hsl	radial/hsl	2	0.25	0.5	false	0	0	0	0	0	Preserved
S21-radial-hsl	radial/hsl	3	0.5	0.5	false	0	0	0	0	0	Preserved
S21-radial-hsl	radial/hsl	4	0.5	0.75	false	0	0	0	0	0	Preserved
S21-radial-hsl	radial/hsl	5	0.75	0.75	false	0	0	0	0	0	Preserved
S21-radial-hsl	radial/hsl	6	0.75	1	false	0	0	0	0	0	Preserved
S21-linear-hsv	linear/hsv	0	0	0.25	false	0	0	0	0	0	Preserved
S21-linear-hsv	linear/hsv	1	0.25	0.25	false	0	0	0	0	0	Preserved
S21-linear-hsv	linear/hsv	2	0.25	0.5	false	0	0	0	0	0	Preserved
S21-linear-hsv	linear/hsv	3	0.5	0.5	false	0	0	0	0	0	Preserved
S21-linear-hsv	linear/hsv	4	0.5	0.75	false	0	0	0	0	0	Preserved
S21-linear-hsv	linear/hsv	5	0.75	0.75	false	0	0	0	0	0	Preserved
S21-linear-hsv	linear/hsv	6	0.75	1	false	0	0	0	0	0	Preserved
S21-radial-hsv	radial/hsv	0	0	0.25	false	0	0	0	0	0	Preserved
S21-radial-hsv	radial/hsv	1	0.25	0.25	false	0	0	0	0	0	Preserved
S21-radial-hsv	radial/hsv	2	0.25	0.5	false	0	0	0	0	0	Preserved
S21-radial-hsv	radial/hsv	3	0.5	0.5	false	0	0	0	0	0	Preserved
S21-radial-hsv	radial/hsv	4	0.5	0.75	false	0	0	0	0	0	Preserved
S21-radial-hsv	radial/hsv	5	0.75	0.75	false	0	0	0	0	0	Preserved
S21-radial-hsv	radial/hsv	6	0.75	1	false	0	0	0	0	0	Preserved
S21-linear-luma	linear/luma	0	0	0.25	false	0	0	0	0	0	Preserved
S21-linear-luma	linear/luma	1	0.25	0.25	false	0	0	0	0	0	Preserved
S21-linear-luma	linear/luma	2	0.25	0.5	false	0	0	0	0	0	Preserved
S21-linear-luma	linear/luma	3	0.5	0.5	false	0	0	0	0	0	Preserved
S21-linear-luma	linear/luma	4	0.5	0.75	false	0	0	0	0	0	Preserved
S21-linear-luma	linear/luma	5	0.75	0.75	false	0	0	0	0	0	Preserved
S21-linear-luma	linear/luma	6	0.75	1	false	0	0	0	0	0	Preserved
S21-radial-luma	radial/luma	0	0	0.25	false	0	0	0	0	0	Preserved
S21-radial-luma	radial/luma	1	0.25	0.25	false	0	0	0	0	0	Preserved
S21-radial-luma	radial/luma	2	0.25	0.5	false	0	0	0	0	0	Preserved
S21-radial-luma	radial/luma	3	0.5	0.5	false	0	0	0	0	0	Preserved
S21-radial-luma	radial/luma	4	0.5	0.75	false	0	0	0	0	0	Preserved
S21-radial-luma	radial/luma	5	0.75	0.75	false	0	0	0	0	0	Preserved
S21-radial-luma	radial/luma	6	0.75	1	false	0	0	0	0	0	Preserved
S22-linear-oklch	linear/oklch	0	0	0.071428571428571397	true	64	21	43	42	85	Preserved
S22-linear-oklch	linear/oklch	1	0.071428571428571397	0.14285714285714302	true	32	17	35	34	69	Preserved
S22-linear-oklch	linear/oklch	2	0.14285714285714302	0.214285714285714	true	64	34	69	68	137	Preserved
S22-linear-oklch	linear/oklch	3	0.214285714285714	0.28571428571428603	true	64	32	65	64	129	Preserved
S22-linear-oklch	linear/oklch	4	0.28571428571428603	0.35714285714285698	true	8	7	15	14	29	Preserved
S22-linear-oklch	linear/oklch	5	0.35714285714285698	0.42857142857142899	true	64	32	65	64	129	Preserved
S22-linear-oklch	linear/oklch	6	0.42857142857142899	0.5	true	64	23	47	46	93	Preserved
S22-linear-oklch	linear/oklch	7	0.5	0.50000100000000003	true	64	30	61	60	121	Preserved
S22-linear-oklch	linear/oklch	8	0.50000100000000003	0.57142942857142898	true	64	21	43	42	85	Preserved
S22-linear-oklch	linear/oklch	9	0.57142942857142898	0.64285785714285693	true	32	17	35	34	69	Preserved
S22-linear-oklch	linear/oklch	10	0.64285785714285693	0.71428628571428598	true	64	34	69	68	137	Preserved
S22-linear-oklch	linear/oklch	11	0.71428628571428598	0.78571471428571404	true	64	32	65	64	129	Preserved
S22-linear-oklch	linear/oklch	12	0.78571471428571404	0.85714314285714299	true	8	7	15	14	29	Preserved
S22-linear-oklch	linear/oklch	13	0.85714314285714299	0.92857157142857105	true	64	32	65	64	129	Preserved
S22-linear-oklch	linear/oklch	14	0.92857157142857105	1	true	64	23	47	46	93	Preserved
S22-radial-oklch	radial/oklch	0	0	0.071428571428571397	true	64	21	43	42	85	Preserved
S22-radial-oklch	radial/oklch	1	0.071428571428571397	0.14285714285714302	true	32	17	35	34	69	Preserved
S22-radial-oklch	radial/oklch	2	0.14285714285714302	0.214285714285714	true	64	34	69	68	137	Preserved
S22-radial-oklch	radial/oklch	3	0.214285714285714	0.28571428571428603	true	64	32	65	64	129	Preserved
S22-radial-oklch	radial/oklch	4	0.28571428571428603	0.35714285714285698	true	8	7	15	14	29	Preserved
S22-radial-oklch	radial/oklch	5	0.35714285714285698	0.42857142857142899	true	64	32	65	64	129	Preserved
S22-radial-oklch	radial/oklch	6	0.42857142857142899	0.5	true	64	23	47	46	93	Preserved
S22-radial-oklch	radial/oklch	7	0.5	0.50000100000000003	true	64	30	61	60	121	Preserved
S22-radial-oklch	radial/oklch	8	0.50000100000000003	0.57142942857142898	true	64	21	43	42	85	Preserved
S22-radial-oklch	radial/oklch	9	0.57142942857142898	0.64285785714285693	true	32	17	35	34	69	Preserved
S22-radial-oklch	radial/oklch	10	0.64285785714285693	0.71428628571428598	true	64	34	69	68	137	Preserved
S22-radial-oklch	radial/oklch	11	0.71428628571428598	0.78571471428571404	true	64	32	65	64	129	Preserved
S22-radial-oklch	radial/oklch	12	0.78571471428571404	0.85714314285714299	true	8	7	15	14	29	Preserved
S22-radial-oklch	radial/oklch	13	0.85714314285714299	0.92857157142857105	true	64	32	65	64	129	Preserved
S22-radial-oklch	radial/oklch	14	0.92857157142857105	1	true	64	23	47	46	93	Preserved
S22-linear-hsl	linear/hsl	0	0	0.071428571428571397	true	1	0	1	0	1	Preserved
S22-linear-hsl	linear/hsl	1	0.071428571428571397	0.14285714285714302	true	16	15	31	30	61	Preserved
S22-linear-hsl	linear/hsl	2	0.14285714285714302	0.214285714285714	true	64	17	35	34	69	Preserved
S22-linear-hsl	linear/hsl	3	0.214285714285714	0.28571428571428603	true	64	10	21	20	41	Preserved
S22-linear-hsl	linear/hsl	4	0.28571428571428603	0.35714285714285698	true	8	7	15	14	29	Preserved
S22-linear-hsl	linear/hsl	5	0.35714285714285698	0.42857142857142899	true	2	1	3	2	5	Preserved
S22-linear-hsl	linear/hsl	6	0.42857142857142899	0.5	true	64	6	13	12	25	Preserved
S22-linear-hsl	linear/hsl	7	0.5	0.50000100000000003	true	32	23	47	46	93	Preserved
S22-linear-hsl	linear/hsl	8	0.50000100000000003	0.57142942857142898	true	1	0	1	0	1	Preserved
S22-linear-hsl	linear/hsl	9	0.57142942857142898	0.64285785714285693	true	16	15	31	30	61	Preserved
S22-linear-hsl	linear/hsl	10	0.64285785714285693	0.71428628571428598	true	64	17	35	34	69	Preserved
S22-linear-hsl	linear/hsl	11	0.71428628571428598	0.78571471428571404	true	64	10	21	20	41	Preserved
S22-linear-hsl	linear/hsl	12	0.78571471428571404	0.85714314285714299	true	8	7	15	14	29	Preserved
S22-linear-hsl	linear/hsl	13	0.85714314285714299	0.92857157142857105	true	2	1	3	2	5	Preserved
S22-linear-hsl	linear/hsl	14	0.92857157142857105	1	true	64	6	13	12	25	Preserved
S22-radial-hsl	radial/hsl	0	0	0.071428571428571397	true	1	0	1	0	1	Preserved
S22-radial-hsl	radial/hsl	1	0.071428571428571397	0.14285714285714302	true	16	15	31	30	61	Preserved
S22-radial-hsl	radial/hsl	2	0.14285714285714302	0.214285714285714	true	64	17	35	34	69	Preserved
S22-radial-hsl	radial/hsl	3	0.214285714285714	0.28571428571428603	true	64	10	21	20	41	Preserved
S22-radial-hsl	radial/hsl	4	0.28571428571428603	0.35714285714285698	true	8	7	15	14	29	Preserved
S22-radial-hsl	radial/hsl	5	0.35714285714285698	0.42857142857142899	true	2	1	3	2	5	Preserved
S22-radial-hsl	radial/hsl	6	0.42857142857142899	0.5	true	64	6	13	12	25	Preserved
S22-radial-hsl	radial/hsl	7	0.5	0.50000100000000003	true	32	23	47	46	93	Preserved
S22-radial-hsl	radial/hsl	8	0.50000100000000003	0.57142942857142898	true	1	0	1	0	1	Preserved
S22-radial-hsl	radial/hsl	9	0.57142942857142898	0.64285785714285693	true	16	15	31	30	61	Preserved
S22-radial-hsl	radial/hsl	10	0.64285785714285693	0.71428628571428598	true	64	17	35	34	69	Preserved
S22-radial-hsl	radial/hsl	11	0.71428628571428598	0.78571471428571404	true	64	10	21	20	41	Preserved
S22-radial-hsl	radial/hsl	12	0.78571471428571404	0.85714314285714299	true	8	7	15	14	29	Preserved
S22-radial-hsl	radial/hsl	13	0.85714314285714299	0.92857157142857105	true	2	1	3	2	5	Preserved
S22-radial-hsl	radial/hsl	14	0.92857157142857105	1	true	64	6	13	12	25	Preserved
S22-linear-hsv	linear/hsv	0	0	0.071428571428571397	true	1	0	1	0	1	Preserved
S22-linear-hsv	linear/hsv	1	0.071428571428571397	0.14285714285714302	true	4	3	7	6	13	Preserved
S22-linear-hsv	linear/hsv	2	0.14285714285714302	0.214285714285714	true	64	17	35	34	69	Preserved
S22-linear-hsv	linear/hsv	3	0.214285714285714	0.28571428571428603	true	64	10	21	20	41	Preserved
S22-linear-hsv	linear/hsv	4	0.28571428571428603	0.35714285714285698	true	8	7	15	14	29	Preserved
S22-linear-hsv	linear/hsv	5	0.35714285714285698	0.42857142857142899	true	2	1	3	2	5	Preserved
S22-linear-hsv	linear/hsv	6	0.42857142857142899	0.5	true	64	6	13	12	25	Preserved
S22-linear-hsv	linear/hsv	7	0.5	0.50000100000000003	true	32	28	57	56	113	Preserved
S22-linear-hsv	linear/hsv	8	0.50000100000000003	0.57142942857142898	true	1	0	1	0	1	Preserved
S22-linear-hsv	linear/hsv	9	0.57142942857142898	0.64285785714285693	true	4	3	7	6	13	Preserved
S22-linear-hsv	linear/hsv	10	0.64285785714285693	0.71428628571428598	true	64	17	35	34	69	Preserved
S22-linear-hsv	linear/hsv	11	0.71428628571428598	0.78571471428571404	true	64	10	21	20	41	Preserved
S22-linear-hsv	linear/hsv	12	0.78571471428571404	0.85714314285714299	true	8	7	15	14	29	Preserved
S22-linear-hsv	linear/hsv	13	0.85714314285714299	0.92857157142857105	true	2	1	3	2	5	Preserved
S22-linear-hsv	linear/hsv	14	0.92857157142857105	1	true	64	6	13	12	25	Preserved
S22-radial-hsv	radial/hsv	0	0	0.071428571428571397	true	1	0	1	0	1	Preserved
S22-radial-hsv	radial/hsv	1	0.071428571428571397	0.14285714285714302	true	4	3	7	6	13	Preserved
S22-radial-hsv	radial/hsv	2	0.14285714285714302	0.214285714285714	true	64	17	35	34	69	Preserved
S22-radial-hsv	radial/hsv	3	0.214285714285714	0.28571428571428603	true	64	10	21	20	41	Preserved
S22-radial-hsv	radial/hsv	4	0.28571428571428603	0.35714285714285698	true	8	7	15	14	29	Preserved
S22-radial-hsv	radial/hsv	5	0.35714285714285698	0.42857142857142899	true	2	1	3	2	5	Preserved
S22-radial-hsv	radial/hsv	6	0.42857142857142899	0.5	true	64	6	13	12	25	Preserved
S22-radial-hsv	radial/hsv	7	0.5	0.50000100000000003	true	32	28	57	56	113	Preserved
S22-radial-hsv	radial/hsv	8	0.50000100000000003	0.57142942857142898	true	1	0	1	0	1	Preserved
S22-radial-hsv	radial/hsv	9	0.57142942857142898	0.64285785714285693	true	4	3	7	6	13	Preserved
S22-radial-hsv	radial/hsv	10	0.64285785714285693	0.71428628571428598	true	64	17	35	34	69	Preserved
S22-radial-hsv	radial/hsv	11	0.71428628571428598	0.78571471428571404	true	64	10	21	20	41	Preserved
S22-radial-hsv	radial/hsv	12	0.78571471428571404	0.85714314285714299	true	8	7	15	14	29	Preserved
S22-radial-hsv	radial/hsv	13	0.85714314285714299	0.92857157142857105	true	2	1	3	2	5	Preserved
S22-radial-hsv	radial/hsv	14	0.92857157142857105	1	true	64	6	13	12	25	Preserved
S22-linear-luma	linear/luma	0	0	0.071428571428571397	true	1	0	1	0	1	Preserved
S22-linear-luma	linear/luma	1	0.071428571428571397	0.14285714285714302	true	1	0	1	0	1	Preserved
S22-linear-luma	linear/luma	2	0.14285714285714302	0.214285714285714	true	1	0	1	0	1	Preserved
S22-linear-luma	linear/luma	3	0.214285714285714	0.28571428571428603	true	1	0	1	0	1	Preserved
S22-linear-luma	linear/luma	4	0.28571428571428603	0.35714285714285698	true	1	0	1	0	1	Preserved
S22-linear-luma	linear/luma	5	0.35714285714285698	0.42857142857142899	true	1	0	1	0	1	Preserved
S22-linear-luma	linear/luma	6	0.42857142857142899	0.5	true	1	0	1	0	1	Preserved
S22-linear-luma	linear/luma	7	0.5	0.50000100000000003	true	64	6	13	12	25	Preserved
S22-linear-luma	linear/luma	8	0.50000100000000003	0.57142942857142898	true	1	0	1	0	1	Preserved
S22-linear-luma	linear/luma	9	0.57142942857142898	0.64285785714285693	true	1	0	1	0	1	Preserved
S22-linear-luma	linear/luma	10	0.64285785714285693	0.71428628571428598	true	1	0	1	0	1	Preserved
S22-linear-luma	linear/luma	11	0.71428628571428598	0.78571471428571404	true	1	0	1	0	1	Preserved
S22-linear-luma	linear/luma	12	0.78571471428571404	0.85714314285714299	true	1	0	1	0	1	Preserved
S22-linear-luma	linear/luma	13	0.85714314285714299	0.92857157142857105	true	1	0	1	0	1	Preserved
S22-linear-luma	linear/luma	14	0.92857157142857105	1	true	1	0	1	0	1	Preserved
S22-radial-luma	radial/luma	0	0	0.071428571428571397	true	1	0	1	0	1	Preserved
S22-radial-luma	radial/luma	1	0.071428571428571397	0.14285714285714302	true	1	0	1	0	1	Preserved
S22-radial-luma	radial/luma	2	0.14285714285714302	0.214285714285714	true	1	0	1	0	1	Preserved
S22-radial-luma	radial/luma	3	0.214285714285714	0.28571428571428603	true	1	0	1	0	1	Preserved
S22-radial-luma	radial/luma	4	0.28571428571428603	0.35714285714285698	true	1	0	1	0	1	Preserved
S22-radial-luma	radial/luma	5	0.35714285714285698	0.42857142857142899	true	1	0	1	0	1	Preserved
S22-radial-luma	radial/luma	6	0.42857142857142899	0.5	true	1	0	1	0	1	Preserved
S22-radial-luma	radial/luma	7	0.5	0.50000100000000003	true	64	6	13	12	25	Preserved
S22-radial-luma	radial/luma	8	0.50000100000000003	0.57142942857142898	true	1	0	1	0	1	Preserved
S22-radial-luma	radial/luma	9	0.57142942857142898	0.64285785714285693	true	1	0	1	0	1	Preserved
S22-radial-luma	radial/luma	10	0.64285785714285693	0.71428628571428598	true	1	0	1	0	1	Preserved
S22-radial-luma	radial/luma	11	0.71428628571428598	0.78571471428571404	true	1	0	1	0	1	Preserved
S22-radial-luma	radial/luma	12	0.78571471428571404	0.85714314285714299	true	1	0	1	0	1	Preserved
S22-radial-luma	radial/luma	13	0.85714314285714299	0.92857157142857105	true	1	0	1	0	1	Preserved
S22-radial-luma	radial/luma	14	0.92857157142857105	1	true	1	0	1	0	1	Preserved
S23-linear-oklch	linear/oklch	0	0	1.678359236010875e-05	true	8	5	11	10	21	Preserved
S23-linear-oklch	linear/oklch	1	1.678359236010875e-05	0.00013426873888087	true	4	2	5	4	9	Preserved
S23-linear-oklch	linear/oklch	2	0.00013426873888087	0.00045315699372293648	true	2	1	3	2	5	Preserved
S23-linear-oklch	linear/oklch	3	0.00045315699372293648	0.00107414991104696	true	4	2	5	4	9	Preserved
S23-linear-oklch	linear/oklch	4	0.00107414991104696	0.0020979490450135953	true	8	5	11	10	21	Preserved
S23-linear-oklch	linear/oklch	5	0.0020979490450135953	0.0036252559497834901	true	4	2	5	4	9	Preserved
S23-linear-oklch	linear/oklch	6	0.0036252559497834901	0.0057567721795172997	true	2	1	3	2	5	Preserved
S23-linear-oklch	linear/oklch	7	0.0057567721795172997	0.0085931992883757011	true	4	2	5	4	9	Preserved
S23-linear-oklch	linear/oklch	8	0.0085931992883757011	0.0122352388305193	true	8	5	11	10	21	Preserved
S23-linear-oklch	linear/oklch	9	0.0122352388305193	0.016783592360108748	true	4	2	5	4	9	Preserved
S23-linear-oklch	linear/oklch	10	0.016783592360108748	0.02233896143130475	true	2	1	3	2	5	Preserved
S23-linear-oklch	linear/oklch	11	0.02233896143130475	0.029002047598267949	true	4	2	5	4	9	Preserved
S23-linear-oklch	linear/oklch	12	0.029002047598267949	0.036873552415158953	true	8	5	11	10	21	Preserved
S23-linear-oklch	linear/oklch	13	0.036873552415158953	0.046054177436138453	true	4	2	5	4	9	Preserved
S23-linear-oklch	linear/oklch	14	0.046054177436138453	0.056644624215367	true	2	1	3	2	5	Preserved
S23-linear-oklch	linear/oklch	15	0.056644624215367	0.068745594307005498	true	4	2	5	4	9	Preserved
S23-linear-oklch	linear/oklch	16	0.068745594307005498	0.082457789265214493	true	8	5	11	10	21	Preserved
S23-linear-oklch	linear/oklch	17	0.082457789265214493	0.097881910644154496	true	4	2	5	4	9	Preserved
S23-linear-oklch	linear/oklch	18	0.097881910644154496	0.115118659997986	true	2	1	3	2	5	Preserved
S23-linear-oklch	linear/oklch	19	0.115118659997986	0.13426873888086999	true	4	2	5	4	9	Preserved
S23-linear-oklch	linear/oklch	20	0.13426873888086999	0.15543284884696701	true	8	5	11	10	21	Preserved
S23-linear-oklch	linear/oklch	21	0.15543284884696701	0.178711691450438	true	4	2	5	4	9	Preserved
S23-linear-oklch	linear/oklch	22	0.178711691450438	0.20420596824544351	true	2	1	3	2	5	Preserved
S23-linear-oklch	linear/oklch	23	0.20420596824544351	0.23201638078614351	true	4	2	5	4	9	Preserved
S23-linear-oklch	linear/oklch	24	0.23201638078614351	0.26224363062669953	true	8	5	11	10	21	Preserved
S23-linear-oklch	linear/oklch	25	0.26224363062669953	0.29498841932127151	true	4	2	5	4	9	Preserved
S23-linear-oklch	linear/oklch	26	0.29498841932127151	0.33035144842402048	true	2	1	3	2	5	Preserved
S23-linear-oklch	linear/oklch	27	0.33035144842402048	0.36843341948910746	true	4	2	5	4	9	Preserved
S23-linear-oklch	linear/oklch	28	0.36843341948910746	0.40933503407069255	true	8	5	11	10	21	Preserved
S23-linear-oklch	linear/oklch	29	0.40933503407069255	0.4531569937229365	true	4	2	5	4	9	Preserved
S23-linear-oklch	linear/oklch	30	0.4531569937229365	0.5	true	2	1	3	2	5	Preserved
S23-linear-oklch	linear/oklch	31	0.5	0.5468430062770635	true	2	1	3	2	5	Preserved
S23-linear-oklch	linear/oklch	32	0.5468430062770635	0.59066496592930751	true	4	2	5	4	9	Preserved
S23-linear-oklch	linear/oklch	33	0.59066496592930751	0.63156658051089254	true	8	5	11	10	21	Preserved
S23-linear-oklch	linear/oklch	34	0.63156658051089254	0.66964855157597958	true	4	2	5	4	9	Preserved
S23-linear-oklch	linear/oklch	35	0.66964855157597958	0.70501158067872849	true	2	1	3	2	5	Preserved
S23-linear-oklch	linear/oklch	36	0.70501158067872849	0.73775636937330047	true	4	2	5	4	9	Preserved
S23-linear-oklch	linear/oklch	37	0.73775636937330047	0.76798361921385649	true	8	5	11	10	21	Preserved
S23-linear-oklch	linear/oklch	38	0.76798361921385649	0.79579403175455643	true	4	2	5	4	9	Preserved
S23-linear-oklch	linear/oklch	39	0.79579403175455643	0.82128830854956203	true	2	1	3	2	5	Preserved
S23-linear-oklch	linear/oklch	40	0.82128830854956203	0.84456715115303305	true	4	2	5	4	9	Preserved
S23-linear-oklch	linear/oklch	41	0.84456715115303305	0.86573126111913001	true	8	5	11	10	21	Preserved
S23-linear-oklch	linear/oklch	42	0.86573126111913001	0.88488134000201402	true	4	2	5	4	9	Preserved
S23-linear-oklch	linear/oklch	43	0.88488134000201402	0.90211808935584548	true	2	1	3	2	5	Preserved
S23-linear-oklch	linear/oklch	44	0.90211808935584548	0.91754221073478548	true	4	2	5	4	9	Preserved
S23-linear-oklch	linear/oklch	45	0.91754221073478548	0.93125440569299456	true	8	5	11	10	21	Preserved
S23-linear-oklch	linear/oklch	46	0.93125440569299456	0.94335537578463302	true	4	2	5	4	9	Preserved
S23-linear-oklch	linear/oklch	47	0.94335537578463302	0.95394582256386151	true	2	1	3	2	5	Preserved
S23-linear-oklch	linear/oklch	48	0.95394582256386151	0.96312644758484101	true	4	2	5	4	9	Preserved
S23-linear-oklch	linear/oklch	49	0.96312644758484101	0.97099795240173203	true	8	5	11	10	21	Preserved
S23-linear-oklch	linear/oklch	50	0.97099795240173203	0.97766103856869524	true	4	2	5	4	9	Preserved
S23-linear-oklch	linear/oklch	51	0.97766103856869524	0.98321640763989127	true	2	1	3	2	5	Preserved
S23-linear-oklch	linear/oklch	52	0.98321640763989127	0.98776476116948075	true	4	2	5	4	9	Preserved
S23-linear-oklch	linear/oklch	53	0.98776476116948075	0.99140680071162435	true	8	5	11	10	21	Preserved
S23-linear-oklch	linear/oklch	54	0.99140680071162435	0.99424322782048269	true	4	2	5	4	9	Preserved
S23-linear-oklch	linear/oklch	55	0.99424322782048269	0.99637474405021653	true	2	1	3	2	5	Preserved
S23-linear-oklch	linear/oklch	56	0.99637474405021653	0.99790205095498641	true	4	2	5	4	9	Preserved
S23-linear-oklch	linear/oklch	57	0.99790205095498641	0.99892585008895307	true	8	5	11	10	21	Preserved
S23-linear-oklch	linear/oklch	58	0.99892585008895307	0.99954684300627705	true	4	2	5	4	9	Preserved
S23-linear-oklch	linear/oklch	59	0.99954684300627705	0.99986573126111911	true	2	1	3	2	5	Preserved
S23-linear-oklch	linear/oklch	60	0.99986573126111911	0.99998321640763987	true	4	2	5	4	9	Preserved
S23-linear-oklch	linear/oklch	61	0.99998321640763987	1	true	8	5	11	10	21	Preserved
S23-radial-oklch	radial/oklch	0	0	1.678359236010875e-05	true	8	5	11	10	21	Preserved
S23-radial-oklch	radial/oklch	1	1.678359236010875e-05	0.00013426873888087	true	4	2	5	4	9	Preserved
S23-radial-oklch	radial/oklch	2	0.00013426873888087	0.00045315699372293648	true	2	1	3	2	5	Preserved
S23-radial-oklch	radial/oklch	3	0.00045315699372293648	0.00107414991104696	true	4	2	5	4	9	Preserved
S23-radial-oklch	radial/oklch	4	0.00107414991104696	0.0020979490450135953	true	8	5	11	10	21	Preserved
S23-radial-oklch	radial/oklch	5	0.0020979490450135953	0.0036252559497834901	true	4	2	5	4	9	Preserved
S23-radial-oklch	radial/oklch	6	0.0036252559497834901	0.0057567721795172997	true	2	1	3	2	5	Preserved
S23-radial-oklch	radial/oklch	7	0.0057567721795172997	0.0085931992883757011	true	4	2	5	4	9	Preserved
S23-radial-oklch	radial/oklch	8	0.0085931992883757011	0.0122352388305193	true	8	5	11	10	21	Preserved
S23-radial-oklch	radial/oklch	9	0.0122352388305193	0.016783592360108748	true	4	2	5	4	9	Preserved
S23-radial-oklch	radial/oklch	10	0.016783592360108748	0.02233896143130475	true	2	1	3	2	5	Preserved
S23-radial-oklch	radial/oklch	11	0.02233896143130475	0.029002047598267949	true	4	2	5	4	9	Preserved
S23-radial-oklch	radial/oklch	12	0.029002047598267949	0.036873552415158953	true	8	5	11	10	21	Preserved
S23-radial-oklch	radial/oklch	13	0.036873552415158953	0.046054177436138453	true	4	2	5	4	9	Preserved
S23-radial-oklch	radial/oklch	14	0.046054177436138453	0.056644624215367	true	2	1	3	2	5	Preserved
S23-radial-oklch	radial/oklch	15	0.056644624215367	0.068745594307005498	true	4	2	5	4	9	Preserved
S23-radial-oklch	radial/oklch	16	0.068745594307005498	0.082457789265214493	true	8	5	11	10	21	Preserved
S23-radial-oklch	radial/oklch	17	0.082457789265214493	0.097881910644154496	true	4	2	5	4	9	Preserved
S23-radial-oklch	radial/oklch	18	0.097881910644154496	0.115118659997986	true	2	1	3	2	5	Preserved
S23-radial-oklch	radial/oklch	19	0.115118659997986	0.13426873888086999	true	4	2	5	4	9	Preserved
S23-radial-oklch	radial/oklch	20	0.13426873888086999	0.15543284884696701	true	8	5	11	10	21	Preserved
S23-radial-oklch	radial/oklch	21	0.15543284884696701	0.178711691450438	true	4	2	5	4	9	Preserved
S23-radial-oklch	radial/oklch	22	0.178711691450438	0.20420596824544351	true	2	1	3	2	5	Preserved
S23-radial-oklch	radial/oklch	23	0.20420596824544351	0.23201638078614351	true	4	2	5	4	9	Preserved
S23-radial-oklch	radial/oklch	24	0.23201638078614351	0.26224363062669953	true	8	5	11	10	21	Preserved
S23-radial-oklch	radial/oklch	25	0.26224363062669953	0.29498841932127151	true	4	2	5	4	9	Preserved
S23-radial-oklch	radial/oklch	26	0.29498841932127151	0.33035144842402048	true	2	1	3	2	5	Preserved
S23-radial-oklch	radial/oklch	27	0.33035144842402048	0.36843341948910746	true	4	2	5	4	9	Preserved
S23-radial-oklch	radial/oklch	28	0.36843341948910746	0.40933503407069255	true	8	5	11	10	21	Preserved
S23-radial-oklch	radial/oklch	29	0.40933503407069255	0.4531569937229365	true	4	2	5	4	9	Preserved
S23-radial-oklch	radial/oklch	30	0.4531569937229365	0.5	true	2	1	3	2	5	Preserved
S23-radial-oklch	radial/oklch	31	0.5	0.5468430062770635	true	2	1	3	2	5	Preserved
S23-radial-oklch	radial/oklch	32	0.5468430062770635	0.59066496592930751	true	4	2	5	4	9	Preserved
S23-radial-oklch	radial/oklch	33	0.59066496592930751	0.63156658051089254	true	8	5	11	10	21	Preserved
S23-radial-oklch	radial/oklch	34	0.63156658051089254	0.66964855157597958	true	4	2	5	4	9	Preserved
S23-radial-oklch	radial/oklch	35	0.66964855157597958	0.70501158067872849	true	2	1	3	2	5	Preserved
S23-radial-oklch	radial/oklch	36	0.70501158067872849	0.73775636937330047	true	4	2	5	4	9	Preserved
S23-radial-oklch	radial/oklch	37	0.73775636937330047	0.76798361921385649	true	8	5	11	10	21	Preserved
S23-radial-oklch	radial/oklch	38	0.76798361921385649	0.79579403175455643	true	4	2	5	4	9	Preserved
S23-radial-oklch	radial/oklch	39	0.79579403175455643	0.82128830854956203	true	2	1	3	2	5	Preserved
S23-radial-oklch	radial/oklch	40	0.82128830854956203	0.84456715115303305	true	4	2	5	4	9	Preserved
S23-radial-oklch	radial/oklch	41	0.84456715115303305	0.86573126111913001	true	8	5	11	10	21	Preserved
S23-radial-oklch	radial/oklch	42	0.86573126111913001	0.88488134000201402	true	4	2	5	4	9	Preserved
S23-radial-oklch	radial/oklch	43	0.88488134000201402	0.90211808935584548	true	2	1	3	2	5	Preserved
S23-radial-oklch	radial/oklch	44	0.90211808935584548	0.91754221073478548	true	4	2	5	4	9	Preserved
S23-radial-oklch	radial/oklch	45	0.91754221073478548	0.93125440569299456	true	8	5	11	10	21	Preserved
S23-radial-oklch	radial/oklch	46	0.93125440569299456	0.94335537578463302	true	4	2	5	4	9	Preserved
S23-radial-oklch	radial/oklch	47	0.94335537578463302	0.95394582256386151	true	2	1	3	2	5	Preserved
S23-radial-oklch	radial/oklch	48	0.95394582256386151	0.96312644758484101	true	4	2	5	4	9	Preserved
S23-radial-oklch	radial/oklch	49	0.96312644758484101	0.97099795240173203	true	8	5	11	10	21	Preserved
S23-radial-oklch	radial/oklch	50	0.97099795240173203	0.97766103856869524	true	4	2	5	4	9	Preserved
S23-radial-oklch	radial/oklch	51	0.97766103856869524	0.98321640763989127	true	2	1	3	2	5	Preserved
S23-radial-oklch	radial/oklch	52	0.98321640763989127	0.98776476116948075	true	4	2	5	4	9	Preserved
S23-radial-oklch	radial/oklch	53	0.98776476116948075	0.99140680071162435	true	8	5	11	10	21	Preserved
S23-radial-oklch	radial/oklch	54	0.99140680071162435	0.99424322782048269	true	4	2	5	4	9	Preserved
S23-radial-oklch	radial/oklch	55	0.99424322782048269	0.99637474405021653	true	2	1	3	2	5	Preserved
S23-radial-oklch	radial/oklch	56	0.99637474405021653	0.99790205095498641	true	4	2	5	4	9	Preserved
S23-radial-oklch	radial/oklch	57	0.99790205095498641	0.99892585008895307	true	8	5	11	10	21	Preserved
S23-radial-oklch	radial/oklch	58	0.99892585008895307	0.99954684300627705	true	4	2	5	4	9	Preserved
S23-radial-oklch	radial/oklch	59	0.99954684300627705	0.99986573126111911	true	2	1	3	2	5	Preserved
S23-radial-oklch	radial/oklch	60	0.99986573126111911	0.99998321640763987	true	4	2	5	4	9	Preserved
S23-radial-oklch	radial/oklch	61	0.99998321640763987	1	true	8	5	11	10	21	Preserved
S23-linear-hsl	linear/hsl	0	0	1.678359236010875e-05	true	2	1	3	2	5	Preserved
S23-linear-hsl	linear/hsl	1	1.678359236010875e-05	0.00013426873888087	true	4	2	5	4	9	Preserved
S23-linear-hsl	linear/hsl	2	0.00013426873888087	0.00045315699372293648	true	16	6	13	12	25	Preserved
S23-linear-hsl	linear/hsl	3	0.00045315699372293648	0.00107414991104696	true	1	0	1	0	1	Preserved
S23-linear-hsl	linear/hsl	4	0.00107414991104696	0.0020979490450135953	true	2	1	3	2	5	Preserved
S23-linear-hsl	linear/hsl	5	0.0020979490450135953	0.0036252559497834901	true	4	2	5	4	9	Preserved
S23-linear-hsl	linear/hsl	6	0.0036252559497834901	0.0057567721795172997	true	16	6	13	12	25	Preserved
S23-linear-hsl	linear/hsl	7	0.0057567721795172997	0.0085931992883757011	true	1	0	1	0	1	Preserved
S23-linear-hsl	linear/hsl	8	0.0085931992883757011	0.0122352388305193	true	2	1	3	2	5	Preserved
S23-linear-hsl	linear/hsl	9	0.0122352388305193	0.016783592360108748	true	4	2	5	4	9	Preserved
S23-linear-hsl	linear/hsl	10	0.016783592360108748	0.02233896143130475	true	16	6	13	12	25	Preserved
S23-linear-hsl	linear/hsl	11	0.02233896143130475	0.029002047598267949	true	1	0	1	0	1	Preserved
S23-linear-hsl	linear/hsl	12	0.029002047598267949	0.036873552415158953	true	2	1	3	2	5	Preserved
S23-linear-hsl	linear/hsl	13	0.036873552415158953	0.046054177436138453	true	4	2	5	4	9	Preserved
S23-linear-hsl	linear/hsl	14	0.046054177436138453	0.056644624215367	true	16	6	13	12	25	Preserved
S23-linear-hsl	linear/hsl	15	0.056644624215367	0.068745594307005498	true	1	0	1	0	1	Preserved
S23-linear-hsl	linear/hsl	16	0.068745594307005498	0.082457789265214493	true	2	1	3	2	5	Preserved
S23-linear-hsl	linear/hsl	17	0.082457789265214493	0.097881910644154496	true	4	2	5	4	9	Preserved
S23-linear-hsl	linear/hsl	18	0.097881910644154496	0.115118659997986	true	16	6	13	12	25	Preserved
S23-linear-hsl	linear/hsl	19	0.115118659997986	0.13426873888086999	true	1	0	1	0	1	Preserved
S23-linear-hsl	linear/hsl	20	0.13426873888086999	0.15543284884696701	true	2	1	3	2	5	Preserved
S23-linear-hsl	linear/hsl	21	0.15543284884696701	0.178711691450438	true	4	2	5	4	9	Preserved
S23-linear-hsl	linear/hsl	22	0.178711691450438	0.20420596824544351	true	16	6	13	12	25	Preserved
S23-linear-hsl	linear/hsl	23	0.20420596824544351	0.23201638078614351	true	1	0	1	0	1	Preserved
S23-linear-hsl	linear/hsl	24	0.23201638078614351	0.26224363062669953	true	2	1	3	2	5	Preserved
S23-linear-hsl	linear/hsl	25	0.26224363062669953	0.29498841932127151	true	4	2	5	4	9	Preserved
S23-linear-hsl	linear/hsl	26	0.29498841932127151	0.33035144842402048	true	16	6	13	12	25	Preserved
S23-linear-hsl	linear/hsl	27	0.33035144842402048	0.36843341948910746	true	1	0	1	0	1	Preserved
S23-linear-hsl	linear/hsl	28	0.36843341948910746	0.40933503407069255	true	2	1	3	2	5	Preserved
S23-linear-hsl	linear/hsl	29	0.40933503407069255	0.4531569937229365	true	4	2	5	4	9	Preserved
S23-linear-hsl	linear/hsl	30	0.4531569937229365	0.5	true	16	6	13	12	25	Preserved
S23-linear-hsl	linear/hsl	31	0.5	0.5468430062770635	true	16	6	13	12	25	Preserved
S23-linear-hsl	linear/hsl	32	0.5468430062770635	0.59066496592930751	true	4	2	5	4	9	Preserved
S23-linear-hsl	linear/hsl	33	0.59066496592930751	0.63156658051089254	true	2	1	3	2	5	Preserved
S23-linear-hsl	linear/hsl	34	0.63156658051089254	0.66964855157597958	true	1	0	1	0	1	Preserved
S23-linear-hsl	linear/hsl	35	0.66964855157597958	0.70501158067872849	true	16	6	13	12	25	Preserved
S23-linear-hsl	linear/hsl	36	0.70501158067872849	0.73775636937330047	true	4	2	5	4	9	Preserved
S23-linear-hsl	linear/hsl	37	0.73775636937330047	0.76798361921385649	true	2	1	3	2	5	Preserved
S23-linear-hsl	linear/hsl	38	0.76798361921385649	0.79579403175455643	true	1	0	1	0	1	Preserved
S23-linear-hsl	linear/hsl	39	0.79579403175455643	0.82128830854956203	true	16	6	13	12	25	Preserved
S23-linear-hsl	linear/hsl	40	0.82128830854956203	0.84456715115303305	true	4	2	5	4	9	Preserved
S23-linear-hsl	linear/hsl	41	0.84456715115303305	0.86573126111913001	true	2	1	3	2	5	Preserved
S23-linear-hsl	linear/hsl	42	0.86573126111913001	0.88488134000201402	true	1	0	1	0	1	Preserved
S23-linear-hsl	linear/hsl	43	0.88488134000201402	0.90211808935584548	true	16	6	13	12	25	Preserved
S23-linear-hsl	linear/hsl	44	0.90211808935584548	0.91754221073478548	true	4	2	5	4	9	Preserved
S23-linear-hsl	linear/hsl	45	0.91754221073478548	0.93125440569299456	true	2	1	3	2	5	Preserved
S23-linear-hsl	linear/hsl	46	0.93125440569299456	0.94335537578463302	true	1	0	1	0	1	Preserved
S23-linear-hsl	linear/hsl	47	0.94335537578463302	0.95394582256386151	true	16	6	13	12	25	Preserved
S23-linear-hsl	linear/hsl	48	0.95394582256386151	0.96312644758484101	true	4	2	5	4	9	Preserved
S23-linear-hsl	linear/hsl	49	0.96312644758484101	0.97099795240173203	true	2	1	3	2	5	Preserved
S23-linear-hsl	linear/hsl	50	0.97099795240173203	0.97766103856869524	true	1	0	1	0	1	Preserved
S23-linear-hsl	linear/hsl	51	0.97766103856869524	0.98321640763989127	true	16	6	13	12	25	Preserved
S23-linear-hsl	linear/hsl	52	0.98321640763989127	0.98776476116948075	true	4	2	5	4	9	Preserved
S23-linear-hsl	linear/hsl	53	0.98776476116948075	0.99140680071162435	true	2	1	3	2	5	Preserved
S23-linear-hsl	linear/hsl	54	0.99140680071162435	0.99424322782048269	true	1	0	1	0	1	Preserved
S23-linear-hsl	linear/hsl	55	0.99424322782048269	0.99637474405021653	true	16	6	13	12	25	Preserved
S23-linear-hsl	linear/hsl	56	0.99637474405021653	0.99790205095498641	true	4	2	5	4	9	Preserved
S23-linear-hsl	linear/hsl	57	0.99790205095498641	0.99892585008895307	true	2	1	3	2	5	Preserved
S23-linear-hsl	linear/hsl	58	0.99892585008895307	0.99954684300627705	true	1	0	1	0	1	Preserved
S23-linear-hsl	linear/hsl	59	0.99954684300627705	0.99986573126111911	true	16	6	13	12	25	Preserved
S23-linear-hsl	linear/hsl	60	0.99986573126111911	0.99998321640763987	true	4	2	5	4	9	Preserved
S23-linear-hsl	linear/hsl	61	0.99998321640763987	1	true	2	1	3	2	5	Preserved
S23-radial-hsl	radial/hsl	0	0	1.678359236010875e-05	true	2	1	3	2	5	Preserved
S23-radial-hsl	radial/hsl	1	1.678359236010875e-05	0.00013426873888087	true	4	2	5	4	9	Preserved
S23-radial-hsl	radial/hsl	2	0.00013426873888087	0.00045315699372293648	true	16	6	13	12	25	Preserved
S23-radial-hsl	radial/hsl	3	0.00045315699372293648	0.00107414991104696	true	1	0	1	0	1	Preserved
S23-radial-hsl	radial/hsl	4	0.00107414991104696	0.0020979490450135953	true	2	1	3	2	5	Preserved
S23-radial-hsl	radial/hsl	5	0.0020979490450135953	0.0036252559497834901	true	4	2	5	4	9	Preserved
S23-radial-hsl	radial/hsl	6	0.0036252559497834901	0.0057567721795172997	true	16	6	13	12	25	Preserved
S23-radial-hsl	radial/hsl	7	0.0057567721795172997	0.0085931992883757011	true	1	0	1	0	1	Preserved
S23-radial-hsl	radial/hsl	8	0.0085931992883757011	0.0122352388305193	true	2	1	3	2	5	Preserved
S23-radial-hsl	radial/hsl	9	0.0122352388305193	0.016783592360108748	true	4	2	5	4	9	Preserved
S23-radial-hsl	radial/hsl	10	0.016783592360108748	0.02233896143130475	true	16	6	13	12	25	Preserved
S23-radial-hsl	radial/hsl	11	0.02233896143130475	0.029002047598267949	true	1	0	1	0	1	Preserved
S23-radial-hsl	radial/hsl	12	0.029002047598267949	0.036873552415158953	true	2	1	3	2	5	Preserved
S23-radial-hsl	radial/hsl	13	0.036873552415158953	0.046054177436138453	true	4	2	5	4	9	Preserved
S23-radial-hsl	radial/hsl	14	0.046054177436138453	0.056644624215367	true	16	6	13	12	25	Preserved
S23-radial-hsl	radial/hsl	15	0.056644624215367	0.068745594307005498	true	1	0	1	0	1	Preserved
S23-radial-hsl	radial/hsl	16	0.068745594307005498	0.082457789265214493	true	2	1	3	2	5	Preserved
S23-radial-hsl	radial/hsl	17	0.082457789265214493	0.097881910644154496	true	4	2	5	4	9	Preserved
S23-radial-hsl	radial/hsl	18	0.097881910644154496	0.115118659997986	true	16	6	13	12	25	Preserved
S23-radial-hsl	radial/hsl	19	0.115118659997986	0.13426873888086999	true	1	0	1	0	1	Preserved
S23-radial-hsl	radial/hsl	20	0.13426873888086999	0.15543284884696701	true	2	1	3	2	5	Preserved
S23-radial-hsl	radial/hsl	21	0.15543284884696701	0.178711691450438	true	4	2	5	4	9	Preserved
S23-radial-hsl	radial/hsl	22	0.178711691450438	0.20420596824544351	true	16	6	13	12	25	Preserved
S23-radial-hsl	radial/hsl	23	0.20420596824544351	0.23201638078614351	true	1	0	1	0	1	Preserved
S23-radial-hsl	radial/hsl	24	0.23201638078614351	0.26224363062669953	true	2	1	3	2	5	Preserved
S23-radial-hsl	radial/hsl	25	0.26224363062669953	0.29498841932127151	true	4	2	5	4	9	Preserved
S23-radial-hsl	radial/hsl	26	0.29498841932127151	0.33035144842402048	true	16	6	13	12	25	Preserved
S23-radial-hsl	radial/hsl	27	0.33035144842402048	0.36843341948910746	true	1	0	1	0	1	Preserved
S23-radial-hsl	radial/hsl	28	0.36843341948910746	0.40933503407069255	true	2	1	3	2	5	Preserved
S23-radial-hsl	radial/hsl	29	0.40933503407069255	0.4531569937229365	true	4	2	5	4	9	Preserved
S23-radial-hsl	radial/hsl	30	0.4531569937229365	0.5	true	16	6	13	12	25	Preserved
S23-radial-hsl	radial/hsl	31	0.5	0.5468430062770635	true	16	6	13	12	25	Preserved
S23-radial-hsl	radial/hsl	32	0.5468430062770635	0.59066496592930751	true	4	2	5	4	9	Preserved
S23-radial-hsl	radial/hsl	33	0.59066496592930751	0.63156658051089254	true	2	1	3	2	5	Preserved
S23-radial-hsl	radial/hsl	34	0.63156658051089254	0.66964855157597958	true	1	0	1	0	1	Preserved
S23-radial-hsl	radial/hsl	35	0.66964855157597958	0.70501158067872849	true	16	6	13	12	25	Preserved
S23-radial-hsl	radial/hsl	36	0.70501158067872849	0.73775636937330047	true	4	2	5	4	9	Preserved
S23-radial-hsl	radial/hsl	37	0.73775636937330047	0.76798361921385649	true	2	1	3	2	5	Preserved
S23-radial-hsl	radial/hsl	38	0.76798361921385649	0.79579403175455643	true	1	0	1	0	1	Preserved
S23-radial-hsl	radial/hsl	39	0.79579403175455643	0.82128830854956203	true	16	6	13	12	25	Preserved
S23-radial-hsl	radial/hsl	40	0.82128830854956203	0.84456715115303305	true	4	2	5	4	9	Preserved
S23-radial-hsl	radial/hsl	41	0.84456715115303305	0.86573126111913001	true	2	1	3	2	5	Preserved
S23-radial-hsl	radial/hsl	42	0.86573126111913001	0.88488134000201402	true	1	0	1	0	1	Preserved
S23-radial-hsl	radial/hsl	43	0.88488134000201402	0.90211808935584548	true	16	6	13	12	25	Preserved
S23-radial-hsl	radial/hsl	44	0.90211808935584548	0.91754221073478548	true	4	2	5	4	9	Preserved
S23-radial-hsl	radial/hsl	45	0.91754221073478548	0.93125440569299456	true	2	1	3	2	5	Preserved
S23-radial-hsl	radial/hsl	46	0.93125440569299456	0.94335537578463302	true	1	0	1	0	1	Preserved
S23-radial-hsl	radial/hsl	47	0.94335537578463302	0.95394582256386151	true	16	6	13	12	25	Preserved
S23-radial-hsl	radial/hsl	48	0.95394582256386151	0.96312644758484101	true	4	2	5	4	9	Preserved
S23-radial-hsl	radial/hsl	49	0.96312644758484101	0.97099795240173203	true	2	1	3	2	5	Preserved
S23-radial-hsl	radial/hsl	50	0.97099795240173203	0.97766103856869524	true	1	0	1	0	1	Preserved
S23-radial-hsl	radial/hsl	51	0.97766103856869524	0.98321640763989127	true	16	6	13	12	25	Preserved
S23-radial-hsl	radial/hsl	52	0.98321640763989127	0.98776476116948075	true	4	2	5	4	9	Preserved
S23-radial-hsl	radial/hsl	53	0.98776476116948075	0.99140680071162435	true	2	1	3	2	5	Preserved
S23-radial-hsl	radial/hsl	54	0.99140680071162435	0.99424322782048269	true	1	0	1	0	1	Preserved
S23-radial-hsl	radial/hsl	55	0.99424322782048269	0.99637474405021653	true	16	6	13	12	25	Preserved
S23-radial-hsl	radial/hsl	56	0.99637474405021653	0.99790205095498641	true	4	2	5	4	9	Preserved
S23-radial-hsl	radial/hsl	57	0.99790205095498641	0.99892585008895307	true	2	1	3	2	5	Preserved
S23-radial-hsl	radial/hsl	58	0.99892585008895307	0.99954684300627705	true	1	0	1	0	1	Preserved
S23-radial-hsl	radial/hsl	59	0.99954684300627705	0.99986573126111911	true	16	6	13	12	25	Preserved
S23-radial-hsl	radial/hsl	60	0.99986573126111911	0.99998321640763987	true	4	2	5	4	9	Preserved
S23-radial-hsl	radial/hsl	61	0.99998321640763987	1	true	2	1	3	2	5	Preserved
S23-linear-hsv	linear/hsv	0	0	1.678359236010875e-05	true	2	1	3	2	5	Preserved
S23-linear-hsv	linear/hsv	1	1.678359236010875e-05	0.00013426873888087	true	4	2	5	4	9	Preserved
S23-linear-hsv	linear/hsv	2	0.00013426873888087	0.00045315699372293648	true	16	6	13	12	25	Preserved
S23-linear-hsv	linear/hsv	3	0.00045315699372293648	0.00107414991104696	true	1	0	1	0	1	Preserved
S23-linear-hsv	linear/hsv	4	0.00107414991104696	0.0020979490450135953	true	2	1	3	2	5	Preserved
S23-linear-hsv	linear/hsv	5	0.0020979490450135953	0.0036252559497834901	true	4	2	5	4	9	Preserved
S23-linear-hsv	linear/hsv	6	0.0036252559497834901	0.0057567721795172997	true	16	6	13	12	25	Preserved
S23-linear-hsv	linear/hsv	7	0.0057567721795172997	0.0085931992883757011	true	1	0	1	0	1	Preserved
S23-linear-hsv	linear/hsv	8	0.0085931992883757011	0.0122352388305193	true	2	1	3	2	5	Preserved
S23-linear-hsv	linear/hsv	9	0.0122352388305193	0.016783592360108748	true	4	2	5	4	9	Preserved
S23-linear-hsv	linear/hsv	10	0.016783592360108748	0.02233896143130475	true	16	6	13	12	25	Preserved
S23-linear-hsv	linear/hsv	11	0.02233896143130475	0.029002047598267949	true	1	0	1	0	1	Preserved
S23-linear-hsv	linear/hsv	12	0.029002047598267949	0.036873552415158953	true	2	1	3	2	5	Preserved
S23-linear-hsv	linear/hsv	13	0.036873552415158953	0.046054177436138453	true	4	2	5	4	9	Preserved
S23-linear-hsv	linear/hsv	14	0.046054177436138453	0.056644624215367	true	16	6	13	12	25	Preserved
S23-linear-hsv	linear/hsv	15	0.056644624215367	0.068745594307005498	true	1	0	1	0	1	Preserved
S23-linear-hsv	linear/hsv	16	0.068745594307005498	0.082457789265214493	true	2	1	3	2	5	Preserved
S23-linear-hsv	linear/hsv	17	0.082457789265214493	0.097881910644154496	true	4	2	5	4	9	Preserved
S23-linear-hsv	linear/hsv	18	0.097881910644154496	0.115118659997986	true	16	6	13	12	25	Preserved
S23-linear-hsv	linear/hsv	19	0.115118659997986	0.13426873888086999	true	1	0	1	0	1	Preserved
S23-linear-hsv	linear/hsv	20	0.13426873888086999	0.15543284884696701	true	2	1	3	2	5	Preserved
S23-linear-hsv	linear/hsv	21	0.15543284884696701	0.178711691450438	true	4	2	5	4	9	Preserved
S23-linear-hsv	linear/hsv	22	0.178711691450438	0.20420596824544351	true	16	6	13	12	25	Preserved
S23-linear-hsv	linear/hsv	23	0.20420596824544351	0.23201638078614351	true	1	0	1	0	1	Preserved
S23-linear-hsv	linear/hsv	24	0.23201638078614351	0.26224363062669953	true	2	1	3	2	5	Preserved
S23-linear-hsv	linear/hsv	25	0.26224363062669953	0.29498841932127151	true	4	2	5	4	9	Preserved
S23-linear-hsv	linear/hsv	26	0.29498841932127151	0.33035144842402048	true	16	6	13	12	25	Preserved
S23-linear-hsv	linear/hsv	27	0.33035144842402048	0.36843341948910746	true	1	0	1	0	1	Preserved
S23-linear-hsv	linear/hsv	28	0.36843341948910746	0.40933503407069255	true	2	1	3	2	5	Preserved
S23-linear-hsv	linear/hsv	29	0.40933503407069255	0.4531569937229365	true	4	2	5	4	9	Preserved
S23-linear-hsv	linear/hsv	30	0.4531569937229365	0.5	true	16	6	13	12	25	Preserved
S23-linear-hsv	linear/hsv	31	0.5	0.5468430062770635	true	16	6	13	12	25	Preserved
S23-linear-hsv	linear/hsv	32	0.5468430062770635	0.59066496592930751	true	4	2	5	4	9	Preserved
S23-linear-hsv	linear/hsv	33	0.59066496592930751	0.63156658051089254	true	2	1	3	2	5	Preserved
S23-linear-hsv	linear/hsv	34	0.63156658051089254	0.66964855157597958	true	1	0	1	0	1	Preserved
S23-linear-hsv	linear/hsv	35	0.66964855157597958	0.70501158067872849	true	16	6	13	12	25	Preserved
S23-linear-hsv	linear/hsv	36	0.70501158067872849	0.73775636937330047	true	4	2	5	4	9	Preserved
S23-linear-hsv	linear/hsv	37	0.73775636937330047	0.76798361921385649	true	2	1	3	2	5	Preserved
S23-linear-hsv	linear/hsv	38	0.76798361921385649	0.79579403175455643	true	1	0	1	0	1	Preserved
S23-linear-hsv	linear/hsv	39	0.79579403175455643	0.82128830854956203	true	16	6	13	12	25	Preserved
S23-linear-hsv	linear/hsv	40	0.82128830854956203	0.84456715115303305	true	4	2	5	4	9	Preserved
S23-linear-hsv	linear/hsv	41	0.84456715115303305	0.86573126111913001	true	2	1	3	2	5	Preserved
S23-linear-hsv	linear/hsv	42	0.86573126111913001	0.88488134000201402	true	1	0	1	0	1	Preserved
S23-linear-hsv	linear/hsv	43	0.88488134000201402	0.90211808935584548	true	16	6	13	12	25	Preserved
S23-linear-hsv	linear/hsv	44	0.90211808935584548	0.91754221073478548	true	4	2	5	4	9	Preserved
S23-linear-hsv	linear/hsv	45	0.91754221073478548	0.93125440569299456	true	2	1	3	2	5	Preserved
S23-linear-hsv	linear/hsv	46	0.93125440569299456	0.94335537578463302	true	1	0	1	0	1	Preserved
S23-linear-hsv	linear/hsv	47	0.94335537578463302	0.95394582256386151	true	16	6	13	12	25	Preserved
S23-linear-hsv	linear/hsv	48	0.95394582256386151	0.96312644758484101	true	4	2	5	4	9	Preserved
S23-linear-hsv	linear/hsv	49	0.96312644758484101	0.97099795240173203	true	2	1	3	2	5	Preserved
S23-linear-hsv	linear/hsv	50	0.97099795240173203	0.97766103856869524	true	1	0	1	0	1	Preserved
S23-linear-hsv	linear/hsv	51	0.97766103856869524	0.98321640763989127	true	16	6	13	12	25	Preserved
S23-linear-hsv	linear/hsv	52	0.98321640763989127	0.98776476116948075	true	4	2	5	4	9	Preserved
S23-linear-hsv	linear/hsv	53	0.98776476116948075	0.99140680071162435	true	2	1	3	2	5	Preserved
S23-linear-hsv	linear/hsv	54	0.99140680071162435	0.99424322782048269	true	1	0	1	0	1	Preserved
S23-linear-hsv	linear/hsv	55	0.99424322782048269	0.99637474405021653	true	16	6	13	12	25	Preserved
S23-linear-hsv	linear/hsv	56	0.99637474405021653	0.99790205095498641	true	4	2	5	4	9	Preserved
S23-linear-hsv	linear/hsv	57	0.99790205095498641	0.99892585008895307	true	2	1	3	2	5	Preserved
S23-linear-hsv	linear/hsv	58	0.99892585008895307	0.99954684300627705	true	1	0	1	0	1	Preserved
S23-linear-hsv	linear/hsv	59	0.99954684300627705	0.99986573126111911	true	16	6	13	12	25	Preserved
S23-linear-hsv	linear/hsv	60	0.99986573126111911	0.99998321640763987	true	4	2	5	4	9	Preserved
S23-linear-hsv	linear/hsv	61	0.99998321640763987	1	true	2	1	3	2	5	Preserved
S23-radial-hsv	radial/hsv	0	0	1.678359236010875e-05	true	2	1	3	2	5	Preserved
S23-radial-hsv	radial/hsv	1	1.678359236010875e-05	0.00013426873888087	true	4	2	5	4	9	Preserved
S23-radial-hsv	radial/hsv	2	0.00013426873888087	0.00045315699372293648	true	16	6	13	12	25	Preserved
S23-radial-hsv	radial/hsv	3	0.00045315699372293648	0.00107414991104696	true	1	0	1	0	1	Preserved
S23-radial-hsv	radial/hsv	4	0.00107414991104696	0.0020979490450135953	true	2	1	3	2	5	Preserved
S23-radial-hsv	radial/hsv	5	0.0020979490450135953	0.0036252559497834901	true	4	2	5	4	9	Preserved
S23-radial-hsv	radial/hsv	6	0.0036252559497834901	0.0057567721795172997	true	16	6	13	12	25	Preserved
S23-radial-hsv	radial/hsv	7	0.0057567721795172997	0.0085931992883757011	true	1	0	1	0	1	Preserved
S23-radial-hsv	radial/hsv	8	0.0085931992883757011	0.0122352388305193	true	2	1	3	2	5	Preserved
S23-radial-hsv	radial/hsv	9	0.0122352388305193	0.016783592360108748	true	4	2	5	4	9	Preserved
S23-radial-hsv	radial/hsv	10	0.016783592360108748	0.02233896143130475	true	16	6	13	12	25	Preserved
S23-radial-hsv	radial/hsv	11	0.02233896143130475	0.029002047598267949	true	1	0	1	0	1	Preserved
S23-radial-hsv	radial/hsv	12	0.029002047598267949	0.036873552415158953	true	2	1	3	2	5	Preserved
S23-radial-hsv	radial/hsv	13	0.036873552415158953	0.046054177436138453	true	4	2	5	4	9	Preserved
S23-radial-hsv	radial/hsv	14	0.046054177436138453	0.056644624215367	true	16	6	13	12	25	Preserved
S23-radial-hsv	radial/hsv	15	0.056644624215367	0.068745594307005498	true	1	0	1	0	1	Preserved
S23-radial-hsv	radial/hsv	16	0.068745594307005498	0.082457789265214493	true	2	1	3	2	5	Preserved
S23-radial-hsv	radial/hsv	17	0.082457789265214493	0.097881910644154496	true	4	2	5	4	9	Preserved
S23-radial-hsv	radial/hsv	18	0.097881910644154496	0.115118659997986	true	16	6	13	12	25	Preserved
S23-radial-hsv	radial/hsv	19	0.115118659997986	0.13426873888086999	true	1	0	1	0	1	Preserved
S23-radial-hsv	radial/hsv	20	0.13426873888086999	0.15543284884696701	true	2	1	3	2	5	Preserved
S23-radial-hsv	radial/hsv	21	0.15543284884696701	0.178711691450438	true	4	2	5	4	9	Preserved
S23-radial-hsv	radial/hsv	22	0.178711691450438	0.20420596824544351	true	16	6	13	12	25	Preserved
S23-radial-hsv	radial/hsv	23	0.20420596824544351	0.23201638078614351	true	1	0	1	0	1	Preserved
S23-radial-hsv	radial/hsv	24	0.23201638078614351	0.26224363062669953	true	2	1	3	2	5	Preserved
S23-radial-hsv	radial/hsv	25	0.26224363062669953	0.29498841932127151	true	4	2	5	4	9	Preserved
S23-radial-hsv	radial/hsv	26	0.29498841932127151	0.33035144842402048	true	16	6	13	12	25	Preserved
S23-radial-hsv	radial/hsv	27	0.33035144842402048	0.36843341948910746	true	1	0	1	0	1	Preserved
S23-radial-hsv	radial/hsv	28	0.36843341948910746	0.40933503407069255	true	2	1	3	2	5	Preserved
S23-radial-hsv	radial/hsv	29	0.40933503407069255	0.4531569937229365	true	4	2	5	4	9	Preserved
S23-radial-hsv	radial/hsv	30	0.4531569937229365	0.5	true	16	6	13	12	25	Preserved
S23-radial-hsv	radial/hsv	31	0.5	0.5468430062770635	true	16	6	13	12	25	Preserved
S23-radial-hsv	radial/hsv	32	0.5468430062770635	0.59066496592930751	true	4	2	5	4	9	Preserved
S23-radial-hsv	radial/hsv	33	0.59066496592930751	0.63156658051089254	true	2	1	3	2	5	Preserved
S23-radial-hsv	radial/hsv	34	0.63156658051089254	0.66964855157597958	true	1	0	1	0	1	Preserved
S23-radial-hsv	radial/hsv	35	0.66964855157597958	0.70501158067872849	true	16	6	13	12	25	Preserved
S23-radial-hsv	radial/hsv	36	0.70501158067872849	0.73775636937330047	true	4	2	5	4	9	Preserved
S23-radial-hsv	radial/hsv	37	0.73775636937330047	0.76798361921385649	true	2	1	3	2	5	Preserved
S23-radial-hsv	radial/hsv	38	0.76798361921385649	0.79579403175455643	true	1	0	1	0	1	Preserved
S23-radial-hsv	radial/hsv	39	0.79579403175455643	0.82128830854956203	true	16	6	13	12	25	Preserved
S23-radial-hsv	radial/hsv	40	0.82128830854956203	0.84456715115303305	true	4	2	5	4	9	Preserved
S23-radial-hsv	radial/hsv	41	0.84456715115303305	0.86573126111913001	true	2	1	3	2	5	Preserved
S23-radial-hsv	radial/hsv	42	0.86573126111913001	0.88488134000201402	true	1	0	1	0	1	Preserved
S23-radial-hsv	radial/hsv	43	0.88488134000201402	0.90211808935584548	true	16	6	13	12	25	Preserved
S23-radial-hsv	radial/hsv	44	0.90211808935584548	0.91754221073478548	true	4	2	5	4	9	Preserved
S23-radial-hsv	radial/hsv	45	0.91754221073478548	0.93125440569299456	true	2	1	3	2	5	Preserved
S23-radial-hsv	radial/hsv	46	0.93125440569299456	0.94335537578463302	true	1	0	1	0	1	Preserved
S23-radial-hsv	radial/hsv	47	0.94335537578463302	0.95394582256386151	true	16	6	13	12	25	Preserved
S23-radial-hsv	radial/hsv	48	0.95394582256386151	0.96312644758484101	true	4	2	5	4	9	Preserved
S23-radial-hsv	radial/hsv	49	0.96312644758484101	0.97099795240173203	true	2	1	3	2	5	Preserved
S23-radial-hsv	radial/hsv	50	0.97099795240173203	0.97766103856869524	true	1	0	1	0	1	Preserved
S23-radial-hsv	radial/hsv	51	0.97766103856869524	0.98321640763989127	true	16	6	13	12	25	Preserved
S23-radial-hsv	radial/hsv	52	0.98321640763989127	0.98776476116948075	true	4	2	5	4	9	Preserved
S23-radial-hsv	radial/hsv	53	0.98776476116948075	0.99140680071162435	true	2	1	3	2	5	Preserved
S23-radial-hsv	radial/hsv	54	0.99140680071162435	0.99424322782048269	true	1	0	1	0	1	Preserved
S23-radial-hsv	radial/hsv	55	0.99424322782048269	0.99637474405021653	true	16	6	13	12	25	Preserved
S23-radial-hsv	radial/hsv	56	0.99637474405021653	0.99790205095498641	true	4	2	5	4	9	Preserved
S23-radial-hsv	radial/hsv	57	0.99790205095498641	0.99892585008895307	true	2	1	3	2	5	Preserved
S23-radial-hsv	radial/hsv	58	0.99892585008895307	0.99954684300627705	true	1	0	1	0	1	Preserved
S23-radial-hsv	radial/hsv	59	0.99954684300627705	0.99986573126111911	true	16	6	13	12	25	Preserved
S23-radial-hsv	radial/hsv	60	0.99986573126111911	0.99998321640763987	true	4	2	5	4	9	Preserved
S23-radial-hsv	radial/hsv	61	0.99998321640763987	1	true	2	1	3	2	5	Preserved
S23-linear-luma	linear/luma	0	0	1.678359236010875e-05	true	1	0	1	0	1	Preserved
S23-linear-luma	linear/luma	1	1.678359236010875e-05	0.00013426873888087	true	1	0	1	0	1	Preserved
S23-linear-luma	linear/luma	2	0.00013426873888087	0.00045315699372293648	true	1	0	1	0	1	Preserved
S23-linear-luma	linear/luma	3	0.00045315699372293648	0.00107414991104696	true	1	0	1	0	1	Preserved
S23-linear-luma	linear/luma	4	0.00107414991104696	0.0020979490450135953	true	1	0	1	0	1	Preserved
S23-linear-luma	linear/luma	5	0.0020979490450135953	0.0036252559497834901	true	1	0	1	0	1	Preserved
S23-linear-luma	linear/luma	6	0.0036252559497834901	0.0057567721795172997	true	1	0	1	0	1	Preserved
S23-linear-luma	linear/luma	7	0.0057567721795172997	0.0085931992883757011	true	1	0	1	0	1	Preserved
S23-linear-luma	linear/luma	8	0.0085931992883757011	0.0122352388305193	true	1	0	1	0	1	Preserved
S23-linear-luma	linear/luma	9	0.0122352388305193	0.016783592360108748	true	1	0	1	0	1	Preserved
S23-linear-luma	linear/luma	10	0.016783592360108748	0.02233896143130475	true	1	0	1	0	1	Preserved
S23-linear-luma	linear/luma	11	0.02233896143130475	0.029002047598267949	true	1	0	1	0	1	Preserved
S23-linear-luma	linear/luma	12	0.029002047598267949	0.036873552415158953	true	1	0	1	0	1	Preserved
S23-linear-luma	linear/luma	13	0.036873552415158953	0.046054177436138453	true	1	0	1	0	1	Preserved
S23-linear-luma	linear/luma	14	0.046054177436138453	0.056644624215367	true	1	0	1	0	1	Preserved
S23-linear-luma	linear/luma	15	0.056644624215367	0.068745594307005498	true	1	0	1	0	1	Preserved
S23-linear-luma	linear/luma	16	0.068745594307005498	0.082457789265214493	true	1	0	1	0	1	Preserved
S23-linear-luma	linear/luma	17	0.082457789265214493	0.097881910644154496	true	1	0	1	0	1	Preserved
S23-linear-luma	linear/luma	18	0.097881910644154496	0.115118659997986	true	1	0	1	0	1	Preserved
S23-linear-luma	linear/luma	19	0.115118659997986	0.13426873888086999	true	1	0	1	0	1	Preserved
S23-linear-luma	linear/luma	20	0.13426873888086999	0.15543284884696701	true	1	0	1	0	1	Preserved
S23-linear-luma	linear/luma	21	0.15543284884696701	0.178711691450438	true	1	0	1	0	1	Preserved
S23-linear-luma	linear/luma	22	0.178711691450438	0.20420596824544351	true	1	0	1	0	1	Preserved
S23-linear-luma	linear/luma	23	0.20420596824544351	0.23201638078614351	true	1	0	1	0	1	Preserved
S23-linear-luma	linear/luma	24	0.23201638078614351	0.26224363062669953	true	1	0	1	0	1	Preserved
S23-linear-luma	linear/luma	25	0.26224363062669953	0.29498841932127151	true	1	0	1	0	1	Preserved
S23-linear-luma	linear/luma	26	0.29498841932127151	0.33035144842402048	true	1	0	1	0	1	Preserved
S23-linear-luma	linear/luma	27	0.33035144842402048	0.36843341948910746	true	1	0	1	0	1	Preserved
S23-linear-luma	linear/luma	28	0.36843341948910746	0.40933503407069255	true	1	0	1	0	1	Preserved
S23-linear-luma	linear/luma	29	0.40933503407069255	0.4531569937229365	true	1	0	1	0	1	Preserved
S23-linear-luma	linear/luma	30	0.4531569937229365	0.5	true	1	0	1	0	1	Preserved
S23-linear-luma	linear/luma	31	0.5	0.5468430062770635	true	1	0	1	0	1	Preserved
S23-linear-luma	linear/luma	32	0.5468430062770635	0.59066496592930751	true	1	0	1	0	1	Preserved
S23-linear-luma	linear/luma	33	0.59066496592930751	0.63156658051089254	true	1	0	1	0	1	Preserved
S23-linear-luma	linear/luma	34	0.63156658051089254	0.66964855157597958	true	1	0	1	0	1	Preserved
S23-linear-luma	linear/luma	35	0.66964855157597958	0.70501158067872849	true	1	0	1	0	1	Preserved
S23-linear-luma	linear/luma	36	0.70501158067872849	0.73775636937330047	true	1	0	1	0	1	Preserved
S23-linear-luma	linear/luma	37	0.73775636937330047	0.76798361921385649	true	1	0	1	0	1	Preserved
S23-linear-luma	linear/luma	38	0.76798361921385649	0.79579403175455643	true	1	0	1	0	1	Preserved
S23-linear-luma	linear/luma	39	0.79579403175455643	0.82128830854956203	true	1	0	1	0	1	Preserved
S23-linear-luma	linear/luma	40	0.82128830854956203	0.84456715115303305	true	1	0	1	0	1	Preserved
S23-linear-luma	linear/luma	41	0.84456715115303305	0.86573126111913001	true	1	0	1	0	1	Preserved
S23-linear-luma	linear/luma	42	0.86573126111913001	0.88488134000201402	true	1	0	1	0	1	Preserved
S23-linear-luma	linear/luma	43	0.88488134000201402	0.90211808935584548	true	1	0	1	0	1	Preserved
S23-linear-luma	linear/luma	44	0.90211808935584548	0.91754221073478548	true	1	0	1	0	1	Preserved
S23-linear-luma	linear/luma	45	0.91754221073478548	0.93125440569299456	true	1	0	1	0	1	Preserved
S23-linear-luma	linear/luma	46	0.93125440569299456	0.94335537578463302	true	1	0	1	0	1	Preserved
S23-linear-luma	linear/luma	47	0.94335537578463302	0.95394582256386151	true	1	0	1	0	1	Preserved
S23-linear-luma	linear/luma	48	0.95394582256386151	0.96312644758484101	true	1	0	1	0	1	Preserved
S23-linear-luma	linear/luma	49	0.96312644758484101	0.97099795240173203	true	1	0	1	0	1	Preserved
S23-linear-luma	linear/luma	50	0.97099795240173203	0.97766103856869524	true	1	0	1	0	1	Preserved
S23-linear-luma	linear/luma	51	0.97766103856869524	0.98321640763989127	true	1	0	1	0	1	Preserved
S23-linear-luma	linear/luma	52	0.98321640763989127	0.98776476116948075	true	1	0	1	0	1	Preserved
S23-linear-luma	linear/luma	53	0.98776476116948075	0.99140680071162435	true	1	0	1	0	1	Preserved
S23-linear-luma	linear/luma	54	0.99140680071162435	0.99424322782048269	true	1	0	1	0	1	Preserved
S23-linear-luma	linear/luma	55	0.99424322782048269	0.99637474405021653	true	1	0	1	0	1	Preserved
S23-linear-luma	linear/luma	56	0.99637474405021653	0.99790205095498641	true	1	0	1	0	1	Preserved
S23-linear-luma	linear/luma	57	0.99790205095498641	0.99892585008895307	true	1	0	1	0	1	Preserved
S23-linear-luma	linear/luma	58	0.99892585008895307	0.99954684300627705	true	1	0	1	0	1	Preserved
S23-linear-luma	linear/luma	59	0.99954684300627705	0.99986573126111911	true	1	0	1	0	1	Preserved
S23-linear-luma	linear/luma	60	0.99986573126111911	0.99998321640763987	true	1	0	1	0	1	Preserved
S23-linear-luma	linear/luma	61	0.99998321640763987	1	true	1	0	1	0	1	Preserved
S23-radial-luma	radial/luma	0	0	1.678359236010875e-05	true	1	0	1	0	1	Preserved
S23-radial-luma	radial/luma	1	1.678359236010875e-05	0.00013426873888087	true	1	0	1	0	1	Preserved
S23-radial-luma	radial/luma	2	0.00013426873888087	0.00045315699372293648	true	1	0	1	0	1	Preserved
S23-radial-luma	radial/luma	3	0.00045315699372293648	0.00107414991104696	true	1	0	1	0	1	Preserved
S23-radial-luma	radial/luma	4	0.00107414991104696	0.0020979490450135953	true	1	0	1	0	1	Preserved
S23-radial-luma	radial/luma	5	0.0020979490450135953	0.0036252559497834901	true	1	0	1	0	1	Preserved
S23-radial-luma	radial/luma	6	0.0036252559497834901	0.0057567721795172997	true	1	0	1	0	1	Preserved
S23-radial-luma	radial/luma	7	0.0057567721795172997	0.0085931992883757011	true	1	0	1	0	1	Preserved
S23-radial-luma	radial/luma	8	0.0085931992883757011	0.0122352388305193	true	1	0	1	0	1	Preserved
S23-radial-luma	radial/luma	9	0.0122352388305193	0.016783592360108748	true	1	0	1	0	1	Preserved
S23-radial-luma	radial/luma	10	0.016783592360108748	0.02233896143130475	true	1	0	1	0	1	Preserved
S23-radial-luma	radial/luma	11	0.02233896143130475	0.029002047598267949	true	1	0	1	0	1	Preserved
S23-radial-luma	radial/luma	12	0.029002047598267949	0.036873552415158953	true	1	0	1	0	1	Preserved
S23-radial-luma	radial/luma	13	0.036873552415158953	0.046054177436138453	true	1	0	1	0	1	Preserved
S23-radial-luma	radial/luma	14	0.046054177436138453	0.056644624215367	true	1	0	1	0	1	Preserved
S23-radial-luma	radial/luma	15	0.056644624215367	0.068745594307005498	true	1	0	1	0	1	Preserved
S23-radial-luma	radial/luma	16	0.068745594307005498	0.082457789265214493	true	1	0	1	0	1	Preserved
S23-radial-luma	radial/luma	17	0.082457789265214493	0.097881910644154496	true	1	0	1	0	1	Preserved
S23-radial-luma	radial/luma	18	0.097881910644154496	0.115118659997986	true	1	0	1	0	1	Preserved
S23-radial-luma	radial/luma	19	0.115118659997986	0.13426873888086999	true	1	0	1	0	1	Preserved
S23-radial-luma	radial/luma	20	0.13426873888086999	0.15543284884696701	true	1	0	1	0	1	Preserved
S23-radial-luma	radial/luma	21	0.15543284884696701	0.178711691450438	true	1	0	1	0	1	Preserved
S23-radial-luma	radial/luma	22	0.178711691450438	0.20420596824544351	true	1	0	1	0	1	Preserved
S23-radial-luma	radial/luma	23	0.20420596824544351	0.23201638078614351	true	1	0	1	0	1	Preserved
S23-radial-luma	radial/luma	24	0.23201638078614351	0.26224363062669953	true	1	0	1	0	1	Preserved
S23-radial-luma	radial/luma	25	0.26224363062669953	0.29498841932127151	true	1	0	1	0	1	Preserved
S23-radial-luma	radial/luma	26	0.29498841932127151	0.33035144842402048	true	1	0	1	0	1	Preserved
S23-radial-luma	radial/luma	27	0.33035144842402048	0.36843341948910746	true	1	0	1	0	1	Preserved
S23-radial-luma	radial/luma	28	0.36843341948910746	0.40933503407069255	true	1	0	1	0	1	Preserved
S23-radial-luma	radial/luma	29	0.40933503407069255	0.4531569937229365	true	1	0	1	0	1	Preserved
S23-radial-luma	radial/luma	30	0.4531569937229365	0.5	true	1	0	1	0	1	Preserved
S23-radial-luma	radial/luma	31	0.5	0.5468430062770635	true	1	0	1	0	1	Preserved
S23-radial-luma	radial/luma	32	0.5468430062770635	0.59066496592930751	true	1	0	1	0	1	Preserved
S23-radial-luma	radial/luma	33	0.59066496592930751	0.63156658051089254	true	1	0	1	0	1	Preserved
S23-radial-luma	radial/luma	34	0.63156658051089254	0.66964855157597958	true	1	0	1	0	1	Preserved
S23-radial-luma	radial/luma	35	0.66964855157597958	0.70501158067872849	true	1	0	1	0	1	Preserved
S23-radial-luma	radial/luma	36	0.70501158067872849	0.73775636937330047	true	1	0	1	0	1	Preserved
S23-radial-luma	radial/luma	37	0.73775636937330047	0.76798361921385649	true	1	0	1	0	1	Preserved
S23-radial-luma	radial/luma	38	0.76798361921385649	0.79579403175455643	true	1	0	1	0	1	Preserved
S23-radial-luma	radial/luma	39	0.79579403175455643	0.82128830854956203	true	1	0	1	0	1	Preserved
S23-radial-luma	radial/luma	40	0.82128830854956203	0.84456715115303305	true	1	0	1	0	1	Preserved
S23-radial-luma	radial/luma	41	0.84456715115303305	0.86573126111913001	true	1	0	1	0	1	Preserved
S23-radial-luma	radial/luma	42	0.86573126111913001	0.88488134000201402	true	1	0	1	0	1	Preserved
S23-radial-luma	radial/luma	43	0.88488134000201402	0.90211808935584548	true	1	0	1	0	1	Preserved
S23-radial-luma	radial/luma	44	0.90211808935584548	0.91754221073478548	true	1	0	1	0	1	Preserved
S23-radial-luma	radial/luma	45	0.91754221073478548	0.93125440569299456	true	1	0	1	0	1	Preserved
S23-radial-luma	radial/luma	46	0.93125440569299456	0.94335537578463302	true	1	0	1	0	1	Preserved
S23-radial-luma	radial/luma	47	0.94335537578463302	0.95394582256386151	true	1	0	1	0	1	Preserved
S23-radial-luma	radial/luma	48	0.95394582256386151	0.96312644758484101	true	1	0	1	0	1	Preserved
S23-radial-luma	radial/luma	49	0.96312644758484101	0.97099795240173203	true	1	0	1	0	1	Preserved
S23-radial-luma	radial/luma	50	0.97099795240173203	0.97766103856869524	true	1	0	1	0	1	Preserved
S23-radial-luma	radial/luma	51	0.97766103856869524	0.98321640763989127	true	1	0	1	0	1	Preserved
S23-radial-luma	radial/luma	52	0.98321640763989127	0.98776476116948075	true	1	0	1	0	1	Preserved
S23-radial-luma	radial/luma	53	0.98776476116948075	0.99140680071162435	true	1	0	1	0	1	Preserved
S23-radial-luma	radial/luma	54	0.99140680071162435	0.99424322782048269	true	1	0	1	0	1	Preserved
S23-radial-luma	radial/luma	55	0.99424322782048269	0.99637474405021653	true	1	0	1	0	1	Preserved
S23-radial-luma	radial/luma	56	0.99637474405021653	0.99790205095498641	true	1	0	1	0	1	Preserved
S23-radial-luma	radial/luma	57	0.99790205095498641	0.99892585008895307	true	1	0	1	0	1	Preserved
S23-radial-luma	radial/luma	58	0.99892585008895307	0.99954684300627705	true	1	0	1	0	1	Preserved
S23-radial-luma	radial/luma	59	0.99954684300627705	0.99986573126111911	true	1	0	1	0	1	Preserved
S23-radial-luma	radial/luma	60	0.99986573126111911	0.99998321640763987	true	1	0	1	0	1	Preserved
S23-radial-luma	radial/luma	61	0.99998321640763987	1	true	1	0	1	0	1	Preserved
S24-linear-oklch	linear/oklch	0	0	0.0625	false	0	0	0	0	0	Preserved
S24-linear-oklch	linear/oklch	1	0.0625	0.0625	false	0	0	0	0	0	Preserved
S24-linear-oklch	linear/oklch	2	0.0625	0.125	false	0	0	0	0	0	Preserved
S24-linear-oklch	linear/oklch	3	0.125	0.125	false	0	0	0	0	0	Preserved
S24-linear-oklch	linear/oklch	4	0.125	0.1875	false	0	0	0	0	0	Preserved
S24-linear-oklch	linear/oklch	5	0.1875	0.1875	false	0	0	0	0	0	Preserved
S24-linear-oklch	linear/oklch	6	0.1875	0.25	false	0	0	0	0	0	Preserved
S24-linear-oklch	linear/oklch	7	0.25	0.25	false	0	0	0	0	0	Preserved
S24-linear-oklch	linear/oklch	8	0.25	0.3125	false	0	0	0	0	0	Preserved
S24-linear-oklch	linear/oklch	9	0.3125	0.3125	false	0	0	0	0	0	Preserved
S24-linear-oklch	linear/oklch	10	0.3125	0.375	false	0	0	0	0	0	Preserved
S24-linear-oklch	linear/oklch	11	0.375	0.375	false	0	0	0	0	0	Preserved
S24-linear-oklch	linear/oklch	12	0.375	0.4375	false	0	0	0	0	0	Preserved
S24-linear-oklch	linear/oklch	13	0.4375	0.4375	false	0	0	0	0	0	Preserved
S24-linear-oklch	linear/oklch	14	0.4375	0.5	false	0	0	0	0	0	Preserved
S24-linear-oklch	linear/oklch	15	0.5	0.5625	false	0	0	0	0	0	Preserved
S24-linear-oklch	linear/oklch	16	0.5625	0.5625	false	0	0	0	0	0	Preserved
S24-linear-oklch	linear/oklch	17	0.5625	0.625	false	0	0	0	0	0	Preserved
S24-linear-oklch	linear/oklch	18	0.625	0.625	false	0	0	0	0	0	Preserved
S24-linear-oklch	linear/oklch	19	0.625	0.6875	false	0	0	0	0	0	Preserved
S24-linear-oklch	linear/oklch	20	0.6875	0.6875	false	0	0	0	0	0	Preserved
S24-linear-oklch	linear/oklch	21	0.6875	0.75	false	0	0	0	0	0	Preserved
S24-linear-oklch	linear/oklch	22	0.75	0.75	false	0	0	0	0	0	Preserved
S24-linear-oklch	linear/oklch	23	0.75	0.8125	false	0	0	0	0	0	Preserved
S24-linear-oklch	linear/oklch	24	0.8125	0.8125	false	0	0	0	0	0	Preserved
S24-linear-oklch	linear/oklch	25	0.8125	0.875	false	0	0	0	0	0	Preserved
S24-linear-oklch	linear/oklch	26	0.875	0.875	false	0	0	0	0	0	Preserved
S24-linear-oklch	linear/oklch	27	0.875	0.9375	false	0	0	0	0	0	Preserved
S24-linear-oklch	linear/oklch	28	0.9375	0.9375	false	0	0	0	0	0	Preserved
S24-linear-oklch	linear/oklch	29	0.9375	1	false	0	0	0	0	0	Preserved
S24-radial-oklch	radial/oklch	0	0	0.0625	false	0	0	0	0	0	Preserved
S24-radial-oklch	radial/oklch	1	0.0625	0.0625	false	0	0	0	0	0	Preserved
S24-radial-oklch	radial/oklch	2	0.0625	0.125	false	0	0	0	0	0	Preserved
S24-radial-oklch	radial/oklch	3	0.125	0.125	false	0	0	0	0	0	Preserved
S24-radial-oklch	radial/oklch	4	0.125	0.1875	false	0	0	0	0	0	Preserved
S24-radial-oklch	radial/oklch	5	0.1875	0.1875	false	0	0	0	0	0	Preserved
S24-radial-oklch	radial/oklch	6	0.1875	0.25	false	0	0	0	0	0	Preserved
S24-radial-oklch	radial/oklch	7	0.25	0.25	false	0	0	0	0	0	Preserved
S24-radial-oklch	radial/oklch	8	0.25	0.3125	false	0	0	0	0	0	Preserved
S24-radial-oklch	radial/oklch	9	0.3125	0.3125	false	0	0	0	0	0	Preserved
S24-radial-oklch	radial/oklch	10	0.3125	0.375	false	0	0	0	0	0	Preserved
S24-radial-oklch	radial/oklch	11	0.375	0.375	false	0	0	0	0	0	Preserved
S24-radial-oklch	radial/oklch	12	0.375	0.4375	false	0	0	0	0	0	Preserved
S24-radial-oklch	radial/oklch	13	0.4375	0.4375	false	0	0	0	0	0	Preserved
S24-radial-oklch	radial/oklch	14	0.4375	0.5	false	0	0	0	0	0	Preserved
S24-radial-oklch	radial/oklch	15	0.5	0.5625	false	0	0	0	0	0	Preserved
S24-radial-oklch	radial/oklch	16	0.5625	0.5625	false	0	0	0	0	0	Preserved
S24-radial-oklch	radial/oklch	17	0.5625	0.625	false	0	0	0	0	0	Preserved
S24-radial-oklch	radial/oklch	18	0.625	0.625	false	0	0	0	0	0	Preserved
S24-radial-oklch	radial/oklch	19	0.625	0.6875	false	0	0	0	0	0	Preserved
S24-radial-oklch	radial/oklch	20	0.6875	0.6875	false	0	0	0	0	0	Preserved
S24-radial-oklch	radial/oklch	21	0.6875	0.75	false	0	0	0	0	0	Preserved
S24-radial-oklch	radial/oklch	22	0.75	0.75	false	0	0	0	0	0	Preserved
S24-radial-oklch	radial/oklch	23	0.75	0.8125	false	0	0	0	0	0	Preserved
S24-radial-oklch	radial/oklch	24	0.8125	0.8125	false	0	0	0	0	0	Preserved
S24-radial-oklch	radial/oklch	25	0.8125	0.875	false	0	0	0	0	0	Preserved
S24-radial-oklch	radial/oklch	26	0.875	0.875	false	0	0	0	0	0	Preserved
S24-radial-oklch	radial/oklch	27	0.875	0.9375	false	0	0	0	0	0	Preserved
S24-radial-oklch	radial/oklch	28	0.9375	0.9375	false	0	0	0	0	0	Preserved
S24-radial-oklch	radial/oklch	29	0.9375	1	false	0	0	0	0	0	Preserved
S24-linear-hsl	linear/hsl	0	0	0.0625	false	0	0	0	0	0	Preserved
S24-linear-hsl	linear/hsl	1	0.0625	0.0625	false	0	0	0	0	0	Preserved
S24-linear-hsl	linear/hsl	2	0.0625	0.125	false	0	0	0	0	0	Preserved
S24-linear-hsl	linear/hsl	3	0.125	0.125	false	0	0	0	0	0	Preserved
S24-linear-hsl	linear/hsl	4	0.125	0.1875	false	0	0	0	0	0	Preserved
S24-linear-hsl	linear/hsl	5	0.1875	0.1875	false	0	0	0	0	0	Preserved
S24-linear-hsl	linear/hsl	6	0.1875	0.25	false	0	0	0	0	0	Preserved
S24-linear-hsl	linear/hsl	7	0.25	0.25	false	0	0	0	0	0	Preserved
S24-linear-hsl	linear/hsl	8	0.25	0.3125	false	0	0	0	0	0	Preserved
S24-linear-hsl	linear/hsl	9	0.3125	0.3125	false	0	0	0	0	0	Preserved
S24-linear-hsl	linear/hsl	10	0.3125	0.375	false	0	0	0	0	0	Preserved
S24-linear-hsl	linear/hsl	11	0.375	0.375	false	0	0	0	0	0	Preserved
S24-linear-hsl	linear/hsl	12	0.375	0.4375	false	0	0	0	0	0	Preserved
S24-linear-hsl	linear/hsl	13	0.4375	0.4375	false	0	0	0	0	0	Preserved
S24-linear-hsl	linear/hsl	14	0.4375	0.5	false	0	0	0	0	0	Preserved
S24-linear-hsl	linear/hsl	15	0.5	0.5625	false	0	0	0	0	0	Preserved
S24-linear-hsl	linear/hsl	16	0.5625	0.5625	false	0	0	0	0	0	Preserved
S24-linear-hsl	linear/hsl	17	0.5625	0.625	false	0	0	0	0	0	Preserved
S24-linear-hsl	linear/hsl	18	0.625	0.625	false	0	0	0	0	0	Preserved
S24-linear-hsl	linear/hsl	19	0.625	0.6875	false	0	0	0	0	0	Preserved
S24-linear-hsl	linear/hsl	20	0.6875	0.6875	false	0	0	0	0	0	Preserved
S24-linear-hsl	linear/hsl	21	0.6875	0.75	false	0	0	0	0	0	Preserved
S24-linear-hsl	linear/hsl	22	0.75	0.75	false	0	0	0	0	0	Preserved
S24-linear-hsl	linear/hsl	23	0.75	0.8125	false	0	0	0	0	0	Preserved
S24-linear-hsl	linear/hsl	24	0.8125	0.8125	false	0	0	0	0	0	Preserved
S24-linear-hsl	linear/hsl	25	0.8125	0.875	false	0	0	0	0	0	Preserved
S24-linear-hsl	linear/hsl	26	0.875	0.875	false	0	0	0	0	0	Preserved
S24-linear-hsl	linear/hsl	27	0.875	0.9375	false	0	0	0	0	0	Preserved
S24-linear-hsl	linear/hsl	28	0.9375	0.9375	false	0	0	0	0	0	Preserved
S24-linear-hsl	linear/hsl	29	0.9375	1	false	0	0	0	0	0	Preserved
S24-radial-hsl	radial/hsl	0	0	0.0625	false	0	0	0	0	0	Preserved
S24-radial-hsl	radial/hsl	1	0.0625	0.0625	false	0	0	0	0	0	Preserved
S24-radial-hsl	radial/hsl	2	0.0625	0.125	false	0	0	0	0	0	Preserved
S24-radial-hsl	radial/hsl	3	0.125	0.125	false	0	0	0	0	0	Preserved
S24-radial-hsl	radial/hsl	4	0.125	0.1875	false	0	0	0	0	0	Preserved
S24-radial-hsl	radial/hsl	5	0.1875	0.1875	false	0	0	0	0	0	Preserved
S24-radial-hsl	radial/hsl	6	0.1875	0.25	false	0	0	0	0	0	Preserved
S24-radial-hsl	radial/hsl	7	0.25	0.25	false	0	0	0	0	0	Preserved
S24-radial-hsl	radial/hsl	8	0.25	0.3125	false	0	0	0	0	0	Preserved
S24-radial-hsl	radial/hsl	9	0.3125	0.3125	false	0	0	0	0	0	Preserved
S24-radial-hsl	radial/hsl	10	0.3125	0.375	false	0	0	0	0	0	Preserved
S24-radial-hsl	radial/hsl	11	0.375	0.375	false	0	0	0	0	0	Preserved
S24-radial-hsl	radial/hsl	12	0.375	0.4375	false	0	0	0	0	0	Preserved
S24-radial-hsl	radial/hsl	13	0.4375	0.4375	false	0	0	0	0	0	Preserved
S24-radial-hsl	radial/hsl	14	0.4375	0.5	false	0	0	0	0	0	Preserved
S24-radial-hsl	radial/hsl	15	0.5	0.5625	false	0	0	0	0	0	Preserved
S24-radial-hsl	radial/hsl	16	0.5625	0.5625	false	0	0	0	0	0	Preserved
S24-radial-hsl	radial/hsl	17	0.5625	0.625	false	0	0	0	0	0	Preserved
S24-radial-hsl	radial/hsl	18	0.625	0.625	false	0	0	0	0	0	Preserved
S24-radial-hsl	radial/hsl	19	0.625	0.6875	false	0	0	0	0	0	Preserved
S24-radial-hsl	radial/hsl	20	0.6875	0.6875	false	0	0	0	0	0	Preserved
S24-radial-hsl	radial/hsl	21	0.6875	0.75	false	0	0	0	0	0	Preserved
S24-radial-hsl	radial/hsl	22	0.75	0.75	false	0	0	0	0	0	Preserved
S24-radial-hsl	radial/hsl	23	0.75	0.8125	false	0	0	0	0	0	Preserved
S24-radial-hsl	radial/hsl	24	0.8125	0.8125	false	0	0	0	0	0	Preserved
S24-radial-hsl	radial/hsl	25	0.8125	0.875	false	0	0	0	0	0	Preserved
S24-radial-hsl	radial/hsl	26	0.875	0.875	false	0	0	0	0	0	Preserved
S24-radial-hsl	radial/hsl	27	0.875	0.9375	false	0	0	0	0	0	Preserved
S24-radial-hsl	radial/hsl	28	0.9375	0.9375	false	0	0	0	0	0	Preserved
S24-radial-hsl	radial/hsl	29	0.9375	1	false	0	0	0	0	0	Preserved
S24-linear-hsv	linear/hsv	0	0	0.0625	false	0	0	0	0	0	Preserved
S24-linear-hsv	linear/hsv	1	0.0625	0.0625	false	0	0	0	0	0	Preserved
S24-linear-hsv	linear/hsv	2	0.0625	0.125	false	0	0	0	0	0	Preserved
S24-linear-hsv	linear/hsv	3	0.125	0.125	false	0	0	0	0	0	Preserved
S24-linear-hsv	linear/hsv	4	0.125	0.1875	false	0	0	0	0	0	Preserved
S24-linear-hsv	linear/hsv	5	0.1875	0.1875	false	0	0	0	0	0	Preserved
S24-linear-hsv	linear/hsv	6	0.1875	0.25	false	0	0	0	0	0	Preserved
S24-linear-hsv	linear/hsv	7	0.25	0.25	false	0	0	0	0	0	Preserved
S24-linear-hsv	linear/hsv	8	0.25	0.3125	false	0	0	0	0	0	Preserved
S24-linear-hsv	linear/hsv	9	0.3125	0.3125	false	0	0	0	0	0	Preserved
S24-linear-hsv	linear/hsv	10	0.3125	0.375	false	0	0	0	0	0	Preserved
S24-linear-hsv	linear/hsv	11	0.375	0.375	false	0	0	0	0	0	Preserved
S24-linear-hsv	linear/hsv	12	0.375	0.4375	false	0	0	0	0	0	Preserved
S24-linear-hsv	linear/hsv	13	0.4375	0.4375	false	0	0	0	0	0	Preserved
S24-linear-hsv	linear/hsv	14	0.4375	0.5	false	0	0	0	0	0	Preserved
S24-linear-hsv	linear/hsv	15	0.5	0.5625	false	0	0	0	0	0	Preserved
S24-linear-hsv	linear/hsv	16	0.5625	0.5625	false	0	0	0	0	0	Preserved
S24-linear-hsv	linear/hsv	17	0.5625	0.625	false	0	0	0	0	0	Preserved
S24-linear-hsv	linear/hsv	18	0.625	0.625	false	0	0	0	0	0	Preserved
S24-linear-hsv	linear/hsv	19	0.625	0.6875	false	0	0	0	0	0	Preserved
S24-linear-hsv	linear/hsv	20	0.6875	0.6875	false	0	0	0	0	0	Preserved
S24-linear-hsv	linear/hsv	21	0.6875	0.75	false	0	0	0	0	0	Preserved
S24-linear-hsv	linear/hsv	22	0.75	0.75	false	0	0	0	0	0	Preserved
S24-linear-hsv	linear/hsv	23	0.75	0.8125	false	0	0	0	0	0	Preserved
S24-linear-hsv	linear/hsv	24	0.8125	0.8125	false	0	0	0	0	0	Preserved
S24-linear-hsv	linear/hsv	25	0.8125	0.875	false	0	0	0	0	0	Preserved
S24-linear-hsv	linear/hsv	26	0.875	0.875	false	0	0	0	0	0	Preserved
S24-linear-hsv	linear/hsv	27	0.875	0.9375	false	0	0	0	0	0	Preserved
S24-linear-hsv	linear/hsv	28	0.9375	0.9375	false	0	0	0	0	0	Preserved
S24-linear-hsv	linear/hsv	29	0.9375	1	false	0	0	0	0	0	Preserved
S24-radial-hsv	radial/hsv	0	0	0.0625	false	0	0	0	0	0	Preserved
S24-radial-hsv	radial/hsv	1	0.0625	0.0625	false	0	0	0	0	0	Preserved
S24-radial-hsv	radial/hsv	2	0.0625	0.125	false	0	0	0	0	0	Preserved
S24-radial-hsv	radial/hsv	3	0.125	0.125	false	0	0	0	0	0	Preserved
S24-radial-hsv	radial/hsv	4	0.125	0.1875	false	0	0	0	0	0	Preserved
S24-radial-hsv	radial/hsv	5	0.1875	0.1875	false	0	0	0	0	0	Preserved
S24-radial-hsv	radial/hsv	6	0.1875	0.25	false	0	0	0	0	0	Preserved
S24-radial-hsv	radial/hsv	7	0.25	0.25	false	0	0	0	0	0	Preserved
S24-radial-hsv	radial/hsv	8	0.25	0.3125	false	0	0	0	0	0	Preserved
S24-radial-hsv	radial/hsv	9	0.3125	0.3125	false	0	0	0	0	0	Preserved
S24-radial-hsv	radial/hsv	10	0.3125	0.375	false	0	0	0	0	0	Preserved
S24-radial-hsv	radial/hsv	11	0.375	0.375	false	0	0	0	0	0	Preserved
S24-radial-hsv	radial/hsv	12	0.375	0.4375	false	0	0	0	0	0	Preserved
S24-radial-hsv	radial/hsv	13	0.4375	0.4375	false	0	0	0	0	0	Preserved
S24-radial-hsv	radial/hsv	14	0.4375	0.5	false	0	0	0	0	0	Preserved
S24-radial-hsv	radial/hsv	15	0.5	0.5625	false	0	0	0	0	0	Preserved
S24-radial-hsv	radial/hsv	16	0.5625	0.5625	false	0	0	0	0	0	Preserved
S24-radial-hsv	radial/hsv	17	0.5625	0.625	false	0	0	0	0	0	Preserved
S24-radial-hsv	radial/hsv	18	0.625	0.625	false	0	0	0	0	0	Preserved
S24-radial-hsv	radial/hsv	19	0.625	0.6875	false	0	0	0	0	0	Preserved
S24-radial-hsv	radial/hsv	20	0.6875	0.6875	false	0	0	0	0	0	Preserved
S24-radial-hsv	radial/hsv	21	0.6875	0.75	false	0	0	0	0	0	Preserved
S24-radial-hsv	radial/hsv	22	0.75	0.75	false	0	0	0	0	0	Preserved
S24-radial-hsv	radial/hsv	23	0.75	0.8125	false	0	0	0	0	0	Preserved
S24-radial-hsv	radial/hsv	24	0.8125	0.8125	false	0	0	0	0	0	Preserved
S24-radial-hsv	radial/hsv	25	0.8125	0.875	false	0	0	0	0	0	Preserved
S24-radial-hsv	radial/hsv	26	0.875	0.875	false	0	0	0	0	0	Preserved
S24-radial-hsv	radial/hsv	27	0.875	0.9375	false	0	0	0	0	0	Preserved
S24-radial-hsv	radial/hsv	28	0.9375	0.9375	false	0	0	0	0	0	Preserved
S24-radial-hsv	radial/hsv	29	0.9375	1	false	0	0	0	0	0	Preserved
S24-linear-luma	linear/luma	0	0	0.0625	false	0	0	0	0	0	Preserved
S24-linear-luma	linear/luma	1	0.0625	0.0625	false	0	0	0	0	0	Preserved
S24-linear-luma	linear/luma	2	0.0625	0.125	false	0	0	0	0	0	Preserved
S24-linear-luma	linear/luma	3	0.125	0.125	false	0	0	0	0	0	Preserved
S24-linear-luma	linear/luma	4	0.125	0.1875	false	0	0	0	0	0	Preserved
S24-linear-luma	linear/luma	5	0.1875	0.1875	false	0	0	0	0	0	Preserved
S24-linear-luma	linear/luma	6	0.1875	0.25	false	0	0	0	0	0	Preserved
S24-linear-luma	linear/luma	7	0.25	0.25	false	0	0	0	0	0	Preserved
S24-linear-luma	linear/luma	8	0.25	0.3125	false	0	0	0	0	0	Preserved
S24-linear-luma	linear/luma	9	0.3125	0.3125	false	0	0	0	0	0	Preserved
S24-linear-luma	linear/luma	10	0.3125	0.375	false	0	0	0	0	0	Preserved
S24-linear-luma	linear/luma	11	0.375	0.375	false	0	0	0	0	0	Preserved
S24-linear-luma	linear/luma	12	0.375	0.4375	false	0	0	0	0	0	Preserved
S24-linear-luma	linear/luma	13	0.4375	0.4375	false	0	0	0	0	0	Preserved
S24-linear-luma	linear/luma	14	0.4375	0.5	false	0	0	0	0	0	Preserved
S24-linear-luma	linear/luma	15	0.5	0.5625	false	0	0	0	0	0	Preserved
S24-linear-luma	linear/luma	16	0.5625	0.5625	false	0	0	0	0	0	Preserved
S24-linear-luma	linear/luma	17	0.5625	0.625	false	0	0	0	0	0	Preserved
S24-linear-luma	linear/luma	18	0.625	0.625	false	0	0	0	0	0	Preserved
S24-linear-luma	linear/luma	19	0.625	0.6875	false	0	0	0	0	0	Preserved
S24-linear-luma	linear/luma	20	0.6875	0.6875	false	0	0	0	0	0	Preserved
S24-linear-luma	linear/luma	21	0.6875	0.75	false	0	0	0	0	0	Preserved
S24-linear-luma	linear/luma	22	0.75	0.75	false	0	0	0	0	0	Preserved
S24-linear-luma	linear/luma	23	0.75	0.8125	false	0	0	0	0	0	Preserved
S24-linear-luma	linear/luma	24	0.8125	0.8125	false	0	0	0	0	0	Preserved
S24-linear-luma	linear/luma	25	0.8125	0.875	false	0	0	0	0	0	Preserved
S24-linear-luma	linear/luma	26	0.875	0.875	false	0	0	0	0	0	Preserved
S24-linear-luma	linear/luma	27	0.875	0.9375	false	0	0	0	0	0	Preserved
S24-linear-luma	linear/luma	28	0.9375	0.9375	false	0	0	0	0	0	Preserved
S24-linear-luma	linear/luma	29	0.9375	1	false	0	0	0	0	0	Preserved
S24-radial-luma	radial/luma	0	0	0.0625	false	0	0	0	0	0	Preserved
S24-radial-luma	radial/luma	1	0.0625	0.0625	false	0	0	0	0	0	Preserved
S24-radial-luma	radial/luma	2	0.0625	0.125	false	0	0	0	0	0	Preserved
S24-radial-luma	radial/luma	3	0.125	0.125	false	0	0	0	0	0	Preserved
S24-radial-luma	radial/luma	4	0.125	0.1875	false	0	0	0	0	0	Preserved
S24-radial-luma	radial/luma	5	0.1875	0.1875	false	0	0	0	0	0	Preserved
S24-radial-luma	radial/luma	6	0.1875	0.25	false	0	0	0	0	0	Preserved
S24-radial-luma	radial/luma	7	0.25	0.25	false	0	0	0	0	0	Preserved
S24-radial-luma	radial/luma	8	0.25	0.3125	false	0	0	0	0	0	Preserved
S24-radial-luma	radial/luma	9	0.3125	0.3125	false	0	0	0	0	0	Preserved
S24-radial-luma	radial/luma	10	0.3125	0.375	false	0	0	0	0	0	Preserved
S24-radial-luma	radial/luma	11	0.375	0.375	false	0	0	0	0	0	Preserved
S24-radial-luma	radial/luma	12	0.375	0.4375	false	0	0	0	0	0	Preserved
S24-radial-luma	radial/luma	13	0.4375	0.4375	false	0	0	0	0	0	Preserved
S24-radial-luma	radial/luma	14	0.4375	0.5	false	0	0	0	0	0	Preserved
S24-radial-luma	radial/luma	15	0.5	0.5625	false	0	0	0	0	0	Preserved
S24-radial-luma	radial/luma	16	0.5625	0.5625	false	0	0	0	0	0	Preserved
S24-radial-luma	radial/luma	17	0.5625	0.625	false	0	0	0	0	0	Preserved
S24-radial-luma	radial/luma	18	0.625	0.625	false	0	0	0	0	0	Preserved
S24-radial-luma	radial/luma	19	0.625	0.6875	false	0	0	0	0	0	Preserved
S24-radial-luma	radial/luma	20	0.6875	0.6875	false	0	0	0	0	0	Preserved
S24-radial-luma	radial/luma	21	0.6875	0.75	false	0	0	0	0	0	Preserved
S24-radial-luma	radial/luma	22	0.75	0.75	false	0	0	0	0	0	Preserved
S24-radial-luma	radial/luma	23	0.75	0.8125	false	0	0	0	0	0	Preserved
S24-radial-luma	radial/luma	24	0.8125	0.8125	false	0	0	0	0	0	Preserved
S24-radial-luma	radial/luma	25	0.8125	0.875	false	0	0	0	0	0	Preserved
S24-radial-luma	radial/luma	26	0.875	0.875	false	0	0	0	0	0	Preserved
S24-radial-luma	radial/luma	27	0.875	0.9375	false	0	0	0	0	0	Preserved
S24-radial-luma	radial/luma	28	0.9375	0.9375	false	0	0	0	0	0	Preserved
S24-radial-luma	radial/luma	29	0.9375	1	false	0	0	0	0	0	Preserved
