fixture_id	pair	interval	left	right	positive_width	eligible	s_i	a_i	d_i	b_i	q_i	bounds_64_63_127_126_253	frozen_trace_equal	status
S01-linear-oklab	linear/oklab	0	0	1	true	true	64	24	49	48	97	Preserved	true	Preserved
S01-radial-oklab	radial/oklab	0	0	1	true	true	64	24	49	48	97	Preserved	true	Preserved
S01-linear-linear-rgb	linear/linear-rgb	0	0	1	true	true	64	24	49	48	97	Preserved	true	Preserved
S01-radial-linear-rgb	radial/linear-rgb	0	0	1	true	true	64	24	49	48	97	Preserved	true	Preserved
S02-linear-oklab	linear/oklab	0	0	0.5	true	true	8	4	9	8	17	Preserved	true	Preserved
S02-linear-oklab	linear/oklab	1	0.5	1	true	true	64	13	27	26	53	Preserved	true	Preserved
S02-radial-oklab	radial/oklab	0	0	0.5	true	true	8	4	9	8	17	Preserved	true	Preserved
S02-radial-oklab	radial/oklab	1	0.5	1	true	true	64	13	27	26	53	Preserved	true	Preserved
S02-linear-linear-rgb	linear/linear-rgb	0	0	0.5	true	true	16	9	19	18	37	Preserved	true	Preserved
S02-linear-linear-rgb	linear/linear-rgb	1	0.5	1	true	true	64	18	37	36	73	Preserved	true	Preserved
S02-radial-linear-rgb	radial/linear-rgb	0	0	0.5	true	true	16	9	19	18	37	Preserved	true	Preserved
S02-radial-linear-rgb	radial/linear-rgb	1	0.5	1	true	true	64	18	37	36	73	Preserved	true	Preserved
S03-linear-oklab	linear/oklab	0	0	0.037037037037037	true	true	64	17	35	34	69	Preserved	true	Preserved
S03-linear-oklab	linear/oklab	1	0.037037037037037	0.296296296296296	true	true	64	16	33	32	65	Preserved	true	Preserved
S03-linear-oklab	linear/oklab	2	0.296296296296296	1	true	true	64	26	53	52	105	Preserved	true	Preserved
S03-radial-oklab	radial/oklab	0	0	0.037037037037037	true	true	64	17	35	34	69	Preserved	true	Preserved
S03-radial-oklab	radial/oklab	1	0.037037037037037	0.296296296296296	true	true	64	16	33	32	65	Preserved	true	Preserved
S03-radial-oklab	radial/oklab	2	0.296296296296296	1	true	true	64	26	53	52	105	Preserved	true	Preserved
S03-linear-linear-rgb	linear/linear-rgb	0	0	0.037037037037037	true	true	64	17	35	34	69	Preserved	true	Preserved
S03-linear-linear-rgb	linear/linear-rgb	1	0.037037037037037	0.296296296296296	true	true	64	19	39	38	77	Preserved	true	Preserved
S03-linear-linear-rgb	linear/linear-rgb	2	0.296296296296296	1	true	true	64	30	61	60	121	Preserved	true	Preserved
S03-radial-linear-rgb	radial/linear-rgb	0	0	0.037037037037037	true	true	64	17	35	34	69	Preserved	true	Preserved
S03-radial-linear-rgb	radial/linear-rgb	1	0.037037037037037	0.296296296296296	true	true	64	19	39	38	77	Preserved	true	Preserved
S03-radial-linear-rgb	radial/linear-rgb	2	0.296296296296296	1	true	true	64	30	61	60	121	Preserved	true	Preserved
S04-linear-oklab	linear/oklab	0	0	0.370262390670554	true	true	64	24	49	48	97	Preserved	true	Preserved
S04-linear-oklab	linear/oklab	1	0.370262390670554	0.635568513119533	true	true	64	14	29	28	57	Preserved	true	Preserved
S04-linear-oklab	linear/oklab	2	0.635568513119533	0.81341107871720097	true	true	1	0	1	0	1	Preserved	true	Preserved
S04-linear-oklab	linear/oklab	3	0.81341107871720097	0.92128279883381892	true	true	32	10	21	20	41	Preserved	true	Preserved
S04-linear-oklab	linear/oklab	4	0.92128279883381892	0.97667638483965002	true	true	64	24	49	48	97	Preserved	true	Preserved
S04-linear-oklab	linear/oklab	5	0.97667638483965002	0.99708454810495595	true	true	64	14	29	28	57	Preserved	true	Preserved
S04-linear-oklab	linear/oklab	6	0.99708454810495595	1	true	true	1	0	1	0	1	Preserved	true	Preserved
S04-radial-oklab	radial/oklab	0	0	0.370262390670554	true	true	64	24	49	48	97	Preserved	true	Preserved
S04-radial-oklab	radial/oklab	1	0.370262390670554	0.635568513119533	true	true	64	14	29	28	57	Preserved	true	Preserved
S04-radial-oklab	radial/oklab	2	0.635568513119533	0.81341107871720097	true	true	1	0	1	0	1	Preserved	true	Preserved
S04-radial-oklab	radial/oklab	3	0.81341107871720097	0.92128279883381892	true	true	32	10	21	20	41	Preserved	true	Preserved
S04-radial-oklab	radial/oklab	4	0.92128279883381892	0.97667638483965002	true	true	64	24	49	48	97	Preserved	true	Preserved
S04-radial-oklab	radial/oklab	5	0.97667638483965002	0.99708454810495595	true	true	64	14	29	28	57	Preserved	true	Preserved
S04-radial-oklab	radial/oklab	6	0.99708454810495595	1	true	true	1	0	1	0	1	Preserved	true	Preserved
S04-linear-linear-rgb	linear/linear-rgb	0	0	0.370262390670554	true	true	64	24	49	48	97	Preserved	true	Preserved
S04-linear-linear-rgb	linear/linear-rgb	1	0.370262390670554	0.635568513119533	true	true	64	12	25	24	49	Preserved	true	Preserved
S04-linear-linear-rgb	linear/linear-rgb	2	0.635568513119533	0.81341107871720097	true	true	1	0	1	0	1	Preserved	true	Preserved
S04-linear-linear-rgb	linear/linear-rgb	3	0.81341107871720097	0.92128279883381892	true	true	64	13	27	26	53	Preserved	true	Preserved
S04-linear-linear-rgb	linear/linear-rgb	4	0.92128279883381892	0.97667638483965002	true	true	64	24	49	48	97	Preserved	true	Preserved
S04-linear-linear-rgb	linear/linear-rgb	5	0.97667638483965002	0.99708454810495595	true	true	64	12	25	24	49	Preserved	true	Preserved
S04-linear-linear-rgb	linear/linear-rgb	6	0.99708454810495595	1	true	true	1	0	1	0	1	Preserved	true	Preserved
S04-radial-linear-rgb	radial/linear-rgb	0	0	0.370262390670554	true	true	64	24	49	48	97	Preserved	true	Preserved
S04-radial-linear-rgb	radial/linear-rgb	1	0.370262390670554	0.635568513119533	true	true	64	12	25	24	49	Preserved	true	Preserved
S04-radial-linear-rgb	radial/linear-rgb	2	0.635568513119533	0.81341107871720097	true	true	1	0	1	0	1	Preserved	true	Preserved
S04-radial-linear-rgb	radial/linear-rgb	3	0.81341107871720097	0.92128279883381892	true	true	64	13	27	26	53	Preserved	true	Preserved
S04-radial-linear-rgb	radial/linear-rgb	4	0.92128279883381892	0.97667638483965002	true	true	64	24	49	48	97	Preserved	true	Preserved
S04-radial-linear-rgb	radial/linear-rgb	5	0.97667638483965002	0.99708454810495595	true	true	64	12	25	24	49	Preserved	true	Preserved
S04-radial-linear-rgb	radial/linear-rgb	6	0.99708454810495595	1	true	true	1	0	1	0	1	Preserved	true	Preserved
S05-linear-oklab	linear/oklab	0	0	0.022222222222222202	true	true	64	17	35	34	69	Preserved	true	Preserved
S05-linear-oklab	linear/oklab	1	0.022222222222222202	0.088888888888888892	true	true	64	16	33	32	65	Preserved	true	Preserved
S05-linear-oklab	linear/oklab	2	0.088888888888888892	0.20000000000000001	true	true	64	22	45	44	89	Preserved	true	Preserved
S05-linear-oklab	linear/oklab	3	0.20000000000000001	0.24444444444444399	true	true	64	27	55	54	109	Preserved	true	Preserved
S05-linear-oklab	linear/oklab	4	0.24444444444444399	0.33333333333333298	true	true	64	13	27	26	53	Preserved	true	Preserved
S05-linear-oklab	linear/oklab	5	0.33333333333333298	0.35555555555555601	true	true	64	17	35	34	69	Preserved	true	Preserved
S05-linear-oklab	linear/oklab	6	0.35555555555555601	0.422222222222222	true	true	64	16	33	32	65	Preserved	true	Preserved
S05-linear-oklab	linear/oklab	7	0.422222222222222	0.53333333333333299	true	true	64	22	45	44	89	Preserved	true	Preserved
S05-linear-oklab	linear/oklab	8	0.53333333333333299	0.57777777777777795	true	true	64	27	55	54	109	Preserved	true	Preserved
S05-linear-oklab	linear/oklab	9	0.57777777777777795	0.66666666666666696	true	true	64	13	27	26	53	Preserved	true	Preserved
S05-linear-oklab	linear/oklab	10	0.66666666666666696	0.68888888888888899	true	true	64	17	35	34	69	Preserved	true	Preserved
S05-linear-oklab	linear/oklab	11	0.68888888888888899	0.75555555555555598	true	true	64	16	33	32	65	Preserved	true	Preserved
S05-linear-oklab	linear/oklab	12	0.75555555555555598	0.86666666666666703	true	true	64	22	45	44	89	Preserved	true	Preserved
S05-linear-oklab	linear/oklab	13	0.86666666666666703	0.91111111111111098	true	true	64	27	55	54	109	Preserved	true	Preserved
S05-linear-oklab	linear/oklab	14	0.91111111111111098	1	true	true	64	13	27	26	53	Preserved	true	Preserved
S05-radial-oklab	radial/oklab	0	0	0.022222222222222202	true	true	64	17	35	34	69	Preserved	true	Preserved
S05-radial-oklab	radial/oklab	1	0.022222222222222202	0.088888888888888892	true	true	64	16	33	32	65	Preserved	true	Preserved
S05-radial-oklab	radial/oklab	2	0.088888888888888892	0.20000000000000001	true	true	64	22	45	44	89	Preserved	true	Preserved
S05-radial-oklab	radial/oklab	3	0.20000000000000001	0.24444444444444399	true	true	64	27	55	54	109	Preserved	true	Preserved
S05-radial-oklab	radial/oklab	4	0.24444444444444399	0.33333333333333298	true	true	64	13	27	26	53	Preserved	true	Preserved
S05-radial-oklab	radial/oklab	5	0.33333333333333298	0.35555555555555601	true	true	64	17	35	34	69	Preserved	true	Preserved
S05-radial-oklab	radial/oklab	6	0.35555555555555601	0.422222222222222	true	true	64	16	33	32	65	Preserved	true	Preserved
S05-radial-oklab	radial/oklab	7	0.422222222222222	0.53333333333333299	true	true	64	22	45	44	89	Preserved	true	Preserved
S05-radial-oklab	radial/oklab	8	0.53333333333333299	0.57777777777777795	true	true	64	27	55	54	109	Preserved	true	Preserved
S05-radial-oklab	radial/oklab	9	0.57777777777777795	0.66666666666666696	true	true	64	13	27	26	53	Preserved	true	Preserved
S05-radial-oklab	radial/oklab	10	0.66666666666666696	0.68888888888888899	true	true	64	17	35	34	69	Preserved	true	Preserved
S05-radial-oklab	radial/oklab	11	0.68888888888888899	0.75555555555555598	true	true	64	16	33	32	65	Preserved	true	Preserved
S05-radial-oklab	radial/oklab	12	0.75555555555555598	0.86666666666666703	true	true	64	22	45	44	89	Preserved	true	Preserved
S05-radial-oklab	radial/oklab	13	0.86666666666666703	0.91111111111111098	true	true	64	27	55	54	109	Preserved	true	Preserved
S05-radial-oklab	radial/oklab	14	0.91111111111111098	1	true	true	64	13	27	26	53	Preserved	true	Preserved
S05-linear-linear-rgb	linear/linear-rgb	0	0	0.022222222222222202	true	true	64	17	35	34	69	Preserved	true	Preserved
S05-linear-linear-rgb	linear/linear-rgb	1	0.022222222222222202	0.088888888888888892	true	true	64	13	27	26	53	Preserved	true	Preserved
S05-linear-linear-rgb	linear/linear-rgb	2	0.088888888888888892	0.20000000000000001	true	true	64	26	53	52	105	Preserved	true	Preserved
S05-linear-linear-rgb	linear/linear-rgb	3	0.20000000000000001	0.24444444444444399	true	true	64	29	59	58	117	Preserved	true	Preserved
S05-linear-linear-rgb	linear/linear-rgb	4	0.24444444444444399	0.33333333333333298	true	true	16	9	19	18	37	Preserved	true	Preserved
S05-linear-linear-rgb	linear/linear-rgb	5	0.33333333333333298	0.35555555555555601	true	true	64	17	35	34	69	Preserved	true	Preserved
S05-linear-linear-rgb	linear/linear-rgb	6	0.35555555555555601	0.422222222222222	true	true	64	13	27	26	53	Preserved	true	Preserved
S05-linear-linear-rgb	linear/linear-rgb	7	0.422222222222222	0.53333333333333299	true	true	64	26	53	52	105	Preserved	true	Preserved
S05-linear-linear-rgb	linear/linear-rgb	8	0.53333333333333299	0.57777777777777795	true	true	64	29	59	58	117	Preserved	true	Preserved
S05-linear-linear-rgb	linear/linear-rgb	9	0.57777777777777795	0.66666666666666696	true	true	16	9	19	18	37	Preserved	true	Preserved
S05-linear-linear-rgb	linear/linear-rgb	10	0.66666666666666696	0.68888888888888899	true	true	64	17	35	34	69	Preserved	true	Preserved
S05-linear-linear-rgb	linear/linear-rgb	11	0.68888888888888899	0.75555555555555598	true	true	64	13	27	26	53	Preserved	true	Preserved
S05-linear-linear-rgb	linear/linear-rgb	12	0.75555555555555598	0.86666666666666703	true	true	64	26	53	52	105	Preserved	true	Preserved
S05-linear-linear-rgb	linear/linear-rgb	13	0.86666666666666703	0.91111111111111098	true	true	64	29	59	58	117	Preserved	true	Preserved
S05-linear-linear-rgb	linear/linear-rgb	14	0.91111111111111098	1	true	true	16	9	19	18	37	Preserved	true	Preserved
S05-radial-linear-rgb	radial/linear-rgb	0	0	0.022222222222222202	true	true	64	17	35	34	69	Preserved	true	Preserved
S05-radial-linear-rgb	radial/linear-rgb	1	0.022222222222222202	0.088888888888888892	true	true	64	13	27	26	53	Preserved	true	Preserved
S05-radial-linear-rgb	radial/linear-rgb	2	0.088888888888888892	0.20000000000000001	true	true	64	26	53	52	105	Preserved	true	Preserved
S05-radial-linear-rgb	radial/linear-rgb	3	0.20000000000000001	0.24444444444444399	true	true	64	29	59	58	117	Preserved	true	Preserved
S05-radial-linear-rgb	radial/linear-rgb	4	0.24444444444444399	0.33333333333333298	true	true	16	9	19	18	37	Preserved	true	Preserved
S05-radial-linear-rgb	radial/linear-rgb	5	0.33333333333333298	0.35555555555555601	true	true	64	17	35	34	69	Preserved	true	Preserved
S05-radial-linear-rgb	radial/linear-rgb	6	0.35555555555555601	0.422222222222222	true	true	64	13	27	26	53	Preserved	true	Preserved
S05-radial-linear-rgb	radial/linear-rgb	7	0.422222222222222	0.53333333333333299	true	true	64	26	53	52	105	Preserved	true	Preserved
S05-radial-linear-rgb	radial/linear-rgb	8	0.53333333333333299	0.57777777777777795	true	true	64	29	59	58	117	Preserved	true	Preserved
S05-radial-linear-rgb	radial/linear-rgb	9	0.57777777777777795	0.66666666666666696	true	true	16	9	19	18	37	Preserved	true	Preserved
S05-radial-linear-rgb	radial/linear-rgb	10	0.66666666666666696	0.68888888888888899	true	true	64	17	35	34	69	Preserved	true	Preserved
S05-radial-linear-rgb	radial/linear-rgb	11	0.68888888888888899	0.75555555555555598	true	true	64	13	27	26	53	Preserved	true	Preserved
S05-radial-linear-rgb	radial/linear-rgb	12	0.75555555555555598	0.86666666666666703	true	true	64	26	53	52	105	Preserved	true	Preserved
S05-radial-linear-rgb	radial/linear-rgb	13	0.86666666666666703	0.91111111111111098	true	true	64	29	59	58	117	Preserved	true	Preserved
S05-radial-linear-rgb	radial/linear-rgb	14	0.91111111111111098	1	true	true	16	9	19	18	37	Preserved	true	Preserved
S06-linear-oklab	linear/oklab	0	0	0.032258064516128997	true	true	64	21	43	42	85	Preserved	true	Preserved
S06-linear-oklab	linear/oklab	1	0.032258064516128997	0.06451612903225809	true	true	32	9	19	18	37	Preserved	true	Preserved
S06-linear-oklab	linear/oklab	2	0.06451612903225809	0.096774193548387094	true	true	64	26	53	52	105	Preserved	true	Preserved
S06-linear-oklab	linear/oklab	3	0.096774193548387094	0.12903225806451599	true	true	64	20	41	40	81	Preserved	true	Preserved
S06-linear-oklab	linear/oklab	4	0.12903225806451599	0.16129032258064499	true	true	4	3	7	6	13	Preserved	true	Preserved
S06-linear-oklab	linear/oklab	5	0.16129032258064499	0.19354838709677399	true	true	64	31	63	62	125	Preserved	true	Preserved
S06-linear-oklab	linear/oklab	6	0.19354838709677399	0.225806451612903	true	true	64	29	59	58	117	Preserved	true	Preserved
S06-linear-oklab	linear/oklab	7	0.225806451612903	0.25806451612903197	true	true	64	18	37	36	73	Preserved	true	Preserved
S06-linear-oklab	linear/oklab	8	0.25806451612903197	0.29032258064516098	true	true	64	21	43	42	85	Preserved	true	Preserved
S06-linear-oklab	linear/oklab	9	0.29032258064516098	0.32258064516128998	true	true	32	9	19	18	37	Preserved	true	Preserved
S06-linear-oklab	linear/oklab	10	0.32258064516128998	0.35483870967741898	true	true	64	26	53	52	105	Preserved	true	Preserved
S06-linear-oklab	linear/oklab	11	0.35483870967741898	0.38709677419354799	true	true	64	20	41	40	81	Preserved	true	Preserved
S06-linear-oklab	linear/oklab	12	0.38709677419354799	0.41935483870967699	true	true	4	3	7	6	13	Preserved	true	Preserved
S06-linear-oklab	linear/oklab	13	0.41935483870967699	0.45161290322580599	true	true	64	31	63	62	125	Preserved	true	Preserved
S06-linear-oklab	linear/oklab	14	0.45161290322580599	0.483870967741936	true	true	64	29	59	58	117	Preserved	true	Preserved
S06-linear-oklab	linear/oklab	15	0.483870967741936	0.51612903225806395	true	true	64	18	37	36	73	Preserved	true	Preserved
S06-linear-oklab	linear/oklab	16	0.51612903225806395	0.54838709677419406	true	true	64	21	43	42	85	Preserved	true	Preserved
S06-linear-oklab	linear/oklab	17	0.54838709677419406	0.58064516129032295	true	true	32	9	19	18	37	Preserved	true	Preserved
S06-linear-oklab	linear/oklab	18	0.58064516129032295	0.61290322580645207	true	true	64	26	53	52	105	Preserved	true	Preserved
S06-linear-oklab	linear/oklab	19	0.61290322580645207	0.64516129032258107	true	true	64	20	41	40	81	Preserved	true	Preserved
S06-linear-oklab	linear/oklab	20	0.64516129032258107	0.67741935483871007	true	true	4	3	7	6	13	Preserved	true	Preserved
S06-linear-oklab	linear/oklab	21	0.67741935483871007	0.70967741935483897	true	true	64	31	63	62	125	Preserved	true	Preserved
S06-linear-oklab	linear/oklab	22	0.70967741935483897	0.74193548387096797	true	true	64	29	59	58	117	Preserved	true	Preserved
S06-linear-oklab	linear/oklab	23	0.74193548387096797	0.77419354838709697	true	true	64	18	37	36	73	Preserved	true	Preserved
S06-linear-oklab	linear/oklab	24	0.77419354838709697	0.80645161290322609	true	true	64	21	43	42	85	Preserved	true	Preserved
S06-linear-oklab	linear/oklab	25	0.80645161290322609	0.83870967741935498	true	true	32	9	19	18	37	Preserved	true	Preserved
S06-linear-oklab	linear/oklab	26	0.83870967741935498	0.87096774193548399	true	true	64	26	53	52	105	Preserved	true	Preserved
S06-linear-oklab	linear/oklab	27	0.87096774193548399	0.90322580645161299	true	true	64	20	41	40	81	Preserved	true	Preserved
S06-linear-oklab	linear/oklab	28	0.90322580645161299	0.9354838709677421	true	true	4	3	7	6	13	Preserved	true	Preserved
S06-linear-oklab	linear/oklab	29	0.9354838709677421	0.967741935483871	true	true	64	31	63	62	125	Preserved	true	Preserved
S06-linear-oklab	linear/oklab	30	0.967741935483871	1	true	true	64	29	59	58	117	Preserved	true	Preserved
S06-radial-oklab	radial/oklab	0	0	0.032258064516128997	true	true	64	21	43	42	85	Preserved	true	Preserved
S06-radial-oklab	radial/oklab	1	0.032258064516128997	0.06451612903225809	true	true	32	9	19	18	37	Preserved	true	Preserved
S06-radial-oklab	radial/oklab	2	0.06451612903225809	0.096774193548387094	true	true	64	26	53	52	105	Preserved	true	Preserved
S06-radial-oklab	radial/oklab	3	0.096774193548387094	0.12903225806451599	true	true	64	20	41	40	81	Preserved	true	Preserved
S06-radial-oklab	radial/oklab	4	0.12903225806451599	0.16129032258064499	true	true	4	3	7	6	13	Preserved	true	Preserved
S06-radial-oklab	radial/oklab	5	0.16129032258064499	0.19354838709677399	true	true	64	31	63	62	125	Preserved	true	Preserved
S06-radial-oklab	radial/oklab	6	0.19354838709677399	0.225806451612903	true	true	64	29	59	58	117	Preserved	true	Preserved
S06-radial-oklab	radial/oklab	7	0.225806451612903	0.25806451612903197	true	true	64	18	37	36	73	Preserved	true	Preserved
S06-radial-oklab	radial/oklab	8	0.25806451612903197	0.29032258064516098	true	true	64	21	43	42	85	Preserved	true	Preserved
S06-radial-oklab	radial/oklab	9	0.29032258064516098	0.32258064516128998	true	true	32	9	19	18	37	Preserved	true	Preserved
S06-radial-oklab	radial/oklab	10	0.32258064516128998	0.35483870967741898	true	true	64	26	53	52	105	Preserved	true	Preserved
S06-radial-oklab	radial/oklab	11	0.35483870967741898	0.38709677419354799	true	true	64	20	41	40	81	Preserved	true	Preserved
S06-radial-oklab	radial/oklab	12	0.38709677419354799	0.41935483870967699	true	true	4	3	7	6	13	Preserved	true	Preserved
S06-radial-oklab	radial/oklab	13	0.41935483870967699	0.45161290322580599	true	true	64	31	63	62	125	Preserved	true	Preserved
S06-radial-oklab	radial/oklab	14	0.45161290322580599	0.483870967741936	true	true	64	29	59	58	117	Preserved	true	Preserved
S06-radial-oklab	radial/oklab	15	0.483870967741936	0.51612903225806395	true	true	64	18	37	36	73	Preserved	true	Preserved
S06-radial-oklab	radial/oklab	16	0.51612903225806395	0.54838709677419406	true	true	64	21	43	42	85	Preserved	true	Preserved
S06-radial-oklab	radial/oklab	17	0.54838709677419406	0.58064516129032295	true	true	32	9	19	18	37	Preserved	true	Preserved
S06-radial-oklab	radial/oklab	18	0.58064516129032295	0.61290322580645207	true	true	64	26	53	52	105	Preserved	true	Preserved
S06-radial-oklab	radial/oklab	19	0.61290322580645207	0.64516129032258107	true	true	64	20	41	40	81	Preserved	true	Preserved
S06-radial-oklab	radial/oklab	20	0.64516129032258107	0.67741935483871007	true	true	4	3	7	6	13	Preserved	true	Preserved
S06-radial-oklab	radial/oklab	21	0.67741935483871007	0.70967741935483897	true	true	64	31	63	62	125	Preserved	true	Preserved
S06-radial-oklab	radial/oklab	22	0.70967741935483897	0.74193548387096797	true	true	64	29	59	58	117	Preserved	true	Preserved
S06-radial-oklab	radial/oklab	23	0.74193548387096797	0.77419354838709697	true	true	64	18	37	36	73	Preserved	true	Preserved
S06-radial-oklab	radial/oklab	24	0.77419354838709697	0.80645161290322609	true	true	64	21	43	42	85	Preserved	true	Preserved
S06-radial-oklab	radial/oklab	25	0.80645161290322609	0.83870967741935498	true	true	32	9	19	18	37	Preserved	true	Preserved
S06-radial-oklab	radial/oklab	26	0.83870967741935498	0.87096774193548399	true	true	64	26	53	52	105	Preserved	true	Preserved
S06-radial-oklab	radial/oklab	27	0.87096774193548399	0.90322580645161299	true	true	64	20	41	40	81	Preserved	true	Preserved
S06-radial-oklab	radial/oklab	28	0.90322580645161299	0.9354838709677421	true	true	4	3	7	6	13	Preserved	true	Preserved
S06-radial-oklab	radial/oklab	29	0.9354838709677421	0.967741935483871	true	true	64	31	63	62	125	Preserved	true	Preserved
S06-radial-oklab	radial/oklab	30	0.967741935483871	1	true	true	64	29	59	58	117	Preserved	true	Preserved
S06-linear-linear-rgb	linear/linear-rgb	0	0	0.032258064516128997	true	true	64	25	51	50	101	Preserved	true	Preserved
S06-linear-linear-rgb	linear/linear-rgb	1	0.032258064516128997	0.06451612903225809	true	true	64	21	43	42	85	Preserved	true	Preserved
S06-linear-linear-rgb	linear/linear-rgb	2	0.06451612903225809	0.096774193548387094	true	true	64	28	57	56	113	Preserved	true	Preserved
S06-linear-linear-rgb	linear/linear-rgb	3	0.096774193548387094	0.12903225806451599	true	true	64	23	47	46	93	Preserved	true	Preserved
S06-linear-linear-rgb	linear/linear-rgb	4	0.12903225806451599	0.16129032258064499	true	true	32	11	23	22	45	Preserved	true	Preserved
S06-linear-linear-rgb	linear/linear-rgb	5	0.16129032258064499	0.19354838709677399	true	true	64	31	63	62	125	Preserved	true	Preserved
S06-linear-linear-rgb	linear/linear-rgb	6	0.19354838709677399	0.225806451612903	true	true	64	30	61	60	121	Preserved	true	Preserved
S06-linear-linear-rgb	linear/linear-rgb	7	0.225806451612903	0.25806451612903197	true	true	64	22	45	44	89	Preserved	true	Preserved
S06-linear-linear-rgb	linear/linear-rgb	8	0.25806451612903197	0.29032258064516098	true	true	64	25	51	50	101	Preserved	true	Preserved
S06-linear-linear-rgb	linear/linear-rgb	9	0.29032258064516098	0.32258064516128998	true	true	64	21	43	42	85	Preserved	true	Preserved
S06-linear-linear-rgb	linear/linear-rgb	10	0.32258064516128998	0.35483870967741898	true	true	64	28	57	56	113	Preserved	true	Preserved
S06-linear-linear-rgb	linear/linear-rgb	11	0.35483870967741898	0.38709677419354799	true	true	64	23	47	46	93	Preserved	true	Preserved
S06-linear-linear-rgb	linear/linear-rgb	12	0.38709677419354799	0.41935483870967699	true	true	32	11	23	22	45	Preserved	true	Preserved
S06-linear-linear-rgb	linear/linear-rgb	13	0.41935483870967699	0.45161290322580599	true	true	64	31	63	62	125	Preserved	true	Preserved
S06-linear-linear-rgb	linear/linear-rgb	14	0.45161290322580599	0.483870967741936	true	true	64	30	61	60	121	Preserved	true	Preserved
S06-linear-linear-rgb	linear/linear-rgb	15	0.483870967741936	0.51612903225806395	true	true	64	22	45	44	89	Preserved	true	Preserved
S06-linear-linear-rgb	linear/linear-rgb	16	0.51612903225806395	0.54838709677419406	true	true	64	25	51	50	101	Preserved	true	Preserved
S06-linear-linear-rgb	linear/linear-rgb	17	0.54838709677419406	0.58064516129032295	true	true	64	21	43	42	85	Preserved	true	Preserved
S06-linear-linear-rgb	linear/linear-rgb	18	0.58064516129032295	0.61290322580645207	true	true	64	28	57	56	113	Preserved	true	Preserved
S06-linear-linear-rgb	linear/linear-rgb	19	0.61290322580645207	0.64516129032258107	true	true	64	23	47	46	93	Preserved	true	Preserved
S06-linear-linear-rgb	linear/linear-rgb	20	0.64516129032258107	0.67741935483871007	true	true	32	11	23	22	45	Preserved	true	Preserved
S06-linear-linear-rgb	linear/linear-rgb	21	0.67741935483871007	0.70967741935483897	true	true	64	31	63	62	125	Preserved	true	Preserved
S06-linear-linear-rgb	linear/linear-rgb	22	0.70967741935483897	0.74193548387096797	true	true	64	30	61	60	121	Preserved	true	Preserved
S06-linear-linear-rgb	linear/linear-rgb	23	0.74193548387096797	0.77419354838709697	true	true	64	22	45	44	89	Preserved	true	Preserved
S06-linear-linear-rgb	linear/linear-rgb	24	0.77419354838709697	0.80645161290322609	true	true	64	25	51	50	101	Preserved	true	Preserved
S06-linear-linear-rgb	linear/linear-rgb	25	0.80645161290322609	0.83870967741935498	true	true	64	21	43	42	85	Preserved	true	Preserved
S06-linear-linear-rgb	linear/linear-rgb	26	0.83870967741935498	0.87096774193548399	true	true	64	28	57	56	113	Preserved	true	Preserved
S06-linear-linear-rgb	linear/linear-rgb	27	0.87096774193548399	0.90322580645161299	true	true	64	23	47	46	93	Preserved	true	Preserved
S06-linear-linear-rgb	linear/linear-rgb	28	0.90322580645161299	0.9354838709677421	true	true	32	11	23	22	45	Preserved	true	Preserved
S06-linear-linear-rgb	linear/linear-rgb	29	0.9354838709677421	0.967741935483871	true	true	64	31	63	62	125	Preserved	true	Preserved
S06-linear-linear-rgb	linear/linear-rgb	30	0.967741935483871	1	true	true	64	30	61	60	121	Preserved	true	Preserved
S06-radial-linear-rgb	radial/linear-rgb	0	0	0.032258064516128997	true	true	64	25	51	50	101	Preserved	true	Preserved
S06-radial-linear-rgb	radial/linear-rgb	1	0.032258064516128997	0.06451612903225809	true	true	64	21	43	42	85	Preserved	true	Preserved
S06-radial-linear-rgb	radial/linear-rgb	2	0.06451612903225809	0.096774193548387094	true	true	64	28	57	56	113	Preserved	true	Preserved
S06-radial-linear-rgb	radial/linear-rgb	3	0.096774193548387094	0.12903225806451599	true	true	64	23	47	46	93	Preserved	true	Preserved
S06-radial-linear-rgb	radial/linear-rgb	4	0.12903225806451599	0.16129032258064499	true	true	32	11	23	22	45	Preserved	true	Preserved
S06-radial-linear-rgb	radial/linear-rgb	5	0.16129032258064499	0.19354838709677399	true	true	64	31	63	62	125	Preserved	true	Preserved
S06-radial-linear-rgb	radial/linear-rgb	6	0.19354838709677399	0.225806451612903	true	true	64	30	61	60	121	Preserved	true	Preserved
S06-radial-linear-rgb	radial/linear-rgb	7	0.225806451612903	0.25806451612903197	true	true	64	22	45	44	89	Preserved	true	Preserved
S06-radial-linear-rgb	radial/linear-rgb	8	0.25806451612903197	0.29032258064516098	true	true	64	25	51	50	101	Preserved	true	Preserved
S06-radial-linear-rgb	radial/linear-rgb	9	0.29032258064516098	0.32258064516128998	true	true	64	21	43	42	85	Preserved	true	Preserved
S06-radial-linear-rgb	radial/linear-rgb	10	0.32258064516128998	0.35483870967741898	true	true	64	28	57	56	113	Preserved	true	Preserved
S06-radial-linear-rgb	radial/linear-rgb	11	0.35483870967741898	0.38709677419354799	true	true	64	23	47	46	93	Preserved	true	Preserved
S06-radial-linear-rgb	radial/linear-rgb	12	0.38709677419354799	0.41935483870967699	true	true	32	11	23	22	45	Preserved	true	Preserved
S06-radial-linear-rgb	radial/linear-rgb	13	0.41935483870967699	0.45161290322580599	true	true	64	31	63	62	125	Preserved	true	Preserved
S06-radial-linear-rgb	radial/linear-rgb	14	0.45161290322580599	0.483870967741936	true	true	64	30	61	60	121	Preserved	true	Preserved
S06-radial-linear-rgb	radial/linear-rgb	15	0.483870967741936	0.51612903225806395	true	true	64	22	45	44	89	Preserved	true	Preserved
S06-radial-linear-rgb	radial/linear-rgb	16	0.51612903225806395	0.54838709677419406	true	true	64	25	51	50	101	Preserved	true	Preserved
S06-radial-linear-rgb	radial/linear-rgb	17	0.54838709677419406	0.58064516129032295	true	true	64	21	43	42	85	Preserved	true	Preserved
S06-radial-linear-rgb	radial/linear-rgb	18	0.58064516129032295	0.61290322580645207	true	true	64	28	57	56	113	Preserved	true	Preserved
S06-radial-linear-rgb	radial/linear-rgb	19	0.61290322580645207	0.64516129032258107	true	true	64	23	47	46	93	Preserved	true	Preserved
S06-radial-linear-rgb	radial/linear-rgb	20	0.64516129032258107	0.67741935483871007	true	true	32	11	23	22	45	Preserved	true	Preserved
S06-radial-linear-rgb	radial/linear-rgb	21	0.67741935483871007	0.70967741935483897	true	true	64	31	63	62	125	Preserved	true	Preserved
S06-radial-linear-rgb	radial/linear-rgb	22	0.70967741935483897	0.74193548387096797	true	true	64	30	61	60	121	Preserved	true	Preserved
S06-radial-linear-rgb	radial/linear-rgb	23	0.74193548387096797	0.77419354838709697	true	true	64	22	45	44	89	Preserved	true	Preserved
S06-radial-linear-rgb	radial/linear-rgb	24	0.77419354838709697	0.80645161290322609	true	true	64	25	51	50	101	Preserved	true	Preserved
S06-radial-linear-rgb	radial/linear-rgb	25	0.80645161290322609	0.83870967741935498	true	true	64	21	43	42	85	Preserved	true	Preserved
S06-radial-linear-rgb	radial/linear-rgb	26	0.83870967741935498	0.87096774193548399	true	true	64	28	57	56	113	Preserved	true	Preserved
S06-radial-linear-rgb	radial/linear-rgb	27	0.87096774193548399	0.90322580645161299	true	true	64	23	47	46	93	Preserved	true	Preserved
S06-radial-linear-rgb	radial/linear-rgb	28	0.90322580645161299	0.9354838709677421	true	true	32	11	23	22	45	Preserved	true	Preserved
S06-radial-linear-rgb	radial/linear-rgb	29	0.9354838709677421	0.967741935483871	true	true	64	31	63	62	125	Preserved	true	Preserved
S06-radial-linear-rgb	radial/linear-rgb	30	0.967741935483871	1	true	true	64	30	61	60	121	Preserved	true	Preserved
S07-linear-oklab	linear/oklab	0	0	0	false	false	0	0	0	0	0	Preserved	true	Preserved
S07-linear-oklab	linear/oklab	1	0	1	true	true	64	24	49	48	97	Preserved	true	Preserved
S07-radial-oklab	radial/oklab	0	0	0	false	false	0	0	0	0	0	Preserved	true	Preserved
S07-radial-oklab	radial/oklab	1	0	1	true	true	64	24	49	48	97	Preserved	true	Preserved
S07-linear-linear-rgb	linear/linear-rgb	0	0	0	false	false	0	0	0	0	0	Preserved	true	Preserved
S07-linear-linear-rgb	linear/linear-rgb	1	0	1	true	true	64	24	49	48	97	Preserved	true	Preserved
S07-radial-linear-rgb	radial/linear-rgb	0	0	0	false	false	0	0	0	0	0	Preserved	true	Preserved
S07-radial-linear-rgb	radial/linear-rgb	1	0	1	true	true	64	24	49	48	97	Preserved	true	Preserved
S08-linear-oklab	linear/oklab	0	0	0.5	true	true	64	20	41	40	81	Preserved	true	Preserved
S08-linear-oklab	linear/oklab	1	0.5	0.5	false	false	0	0	0	0	0	Preserved	true	Preserved
S08-linear-oklab	linear/oklab	2	0.5	1	true	true	1	0	1	0	1	Preserved	true	Preserved
S08-radial-oklab	radial/oklab	0	0	0.5	true	true	64	20	41	40	81	Preserved	true	Preserved
S08-radial-oklab	radial/oklab	1	0.5	0.5	false	false	0	0	0	0	0	Preserved	true	Preserved
S08-radial-oklab	radial/oklab	2	0.5	1	true	true	1	0	1	0	1	Preserved	true	Preserved
S08-linear-linear-rgb	linear/linear-rgb	0	0	0.5	true	true	64	20	41	40	81	Preserved	true	Preserved
S08-linear-linear-rgb	linear/linear-rgb	1	0.5	0.5	false	false	0	0	0	0	0	Preserved	true	Preserved
S08-linear-linear-rgb	linear/linear-rgb	2	0.5	1	true	true	1	0	1	0	1	Preserved	true	Preserved
S08-radial-linear-rgb	radial/linear-rgb	0	0	0.5	true	true	64	20	41	40	81	Preserved	true	Preserved
S08-radial-linear-rgb	radial/linear-rgb	1	0.5	0.5	false	false	0	0	0	0	0	Preserved	true	Preserved
S08-radial-linear-rgb	radial/linear-rgb	2	0.5	1	true	true	1	0	1	0	1	Preserved	true	Preserved
S09-linear-oklab	linear/oklab	0	0	0.33333333333333298	true	true	64	24	49	48	97	Preserved	true	Preserved
S09-linear-oklab	linear/oklab	1	0.33333333333333298	0.66666666666666696	true	true	64	14	29	28	57	Preserved	true	Preserved
S09-linear-oklab	linear/oklab	2	0.66666666666666696	1	true	true	1	0	1	0	1	Preserved	true	Preserved
S09-linear-oklab	linear/oklab	3	1	1	false	false	0	0	0	0	0	Preserved	true	Preserved
S09-radial-oklab	radial/oklab	0	0	0.33333333333333298	true	true	64	24	49	48	97	Preserved	true	Preserved
S09-radial-oklab	radial/oklab	1	0.33333333333333298	0.66666666666666696	true	true	64	14	29	28	57	Preserved	true	Preserved
S09-radial-oklab	radial/oklab	2	0.66666666666666696	1	true	true	1	0	1	0	1	Preserved	true	Preserved
S09-radial-oklab	radial/oklab	3	1	1	false	false	0	0	0	0	0	Preserved	true	Preserved
S09-linear-linear-rgb	linear/linear-rgb	0	0	0.33333333333333298	true	true	64	24	49	48	97	Preserved	true	Preserved
S09-linear-linear-rgb	linear/linear-rgb	1	0.33333333333333298	0.66666666666666696	true	true	64	12	25	24	49	Preserved	true	Preserved
S09-linear-linear-rgb	linear/linear-rgb	2	0.66666666666666696	1	true	true	1	0	1	0	1	Preserved	true	Preserved
S09-linear-linear-rgb	linear/linear-rgb	3	1	1	false	false	0	0	0	0	0	Preserved	true	Preserved
S09-radial-linear-rgb	radial/linear-rgb	0	0	0.33333333333333298	true	true	64	24	49	48	97	Preserved	true	Preserved
S09-radial-linear-rgb	radial/linear-rgb	1	0.33333333333333298	0.66666666666666696	true	true	64	12	25	24	49	Preserved	true	Preserved
S09-radial-linear-rgb	radial/linear-rgb	2	0.66666666666666696	1	true	true	1	0	1	0	1	Preserved	true	Preserved
S09-radial-linear-rgb	radial/linear-rgb	3	1	1	false	false	0	0	0	0	0	Preserved	true	Preserved
S10-linear-oklab	linear/oklab	0	0	0.16666666666666699	true	true	4	2	5	4	9	Preserved	true	Preserved
S10-linear-oklab	linear/oklab	1	0.16666666666666699	0.33333333333333298	true	true	2	1	3	2	5	Preserved	true	Preserved
S10-linear-oklab	linear/oklab	2	0.33333333333333298	0.5	true	true	8	3	7	6	13	Preserved	true	Preserved
S10-linear-oklab	linear/oklab	3	0.5	0.50000100000000003	true	true	1	0	1	0	1	Preserved	true	Preserved
S10-linear-oklab	linear/oklab	4	0.50000100000000003	0.66666733333333295	true	true	4	2	5	4	9	Preserved	true	Preserved
S10-linear-oklab	linear/oklab	5	0.66666733333333295	0.83333366666666708	true	true	2	1	3	2	5	Preserved	true	Preserved
S10-linear-oklab	linear/oklab	6	0.83333366666666708	1	true	true	8	3	7	6	13	Preserved	true	Preserved
S10-radial-oklab	radial/oklab	0	0	0.16666666666666699	true	true	4	2	5	4	9	Preserved	true	Preserved
S10-radial-oklab	radial/oklab	1	0.16666666666666699	0.33333333333333298	true	true	2	1	3	2	5	Preserved	true	Preserved
S10-radial-oklab	radial/oklab	2	0.33333333333333298	0.5	true	true	8	3	7	6	13	Preserved	true	Preserved
S10-radial-oklab	radial/oklab	3	0.5	0.50000100000000003	true	true	1	0	1	0	1	Preserved	true	Preserved
S10-radial-oklab	radial/oklab	4	0.50000100000000003	0.66666733333333295	true	true	4	2	5	4	9	Preserved	true	Preserved
S10-radial-oklab	radial/oklab	5	0.66666733333333295	0.83333366666666708	true	true	2	1	3	2	5	Preserved	true	Preserved
S10-radial-oklab	radial/oklab	6	0.83333366666666708	1	true	true	8	3	7	6	13	Preserved	true	Preserved
S10-linear-linear-rgb	linear/linear-rgb	0	0	0.16666666666666699	true	true	2	1	3	2	5	Preserved	true	Preserved
S10-linear-linear-rgb	linear/linear-rgb	1	0.16666666666666699	0.33333333333333298	true	true	2	1	3	2	5	Preserved	true	Preserved
S10-linear-linear-rgb	linear/linear-rgb	2	0.33333333333333298	0.5	true	true	8	4	9	8	17	Preserved	true	Preserved
S10-linear-linear-rgb	linear/linear-rgb	3	0.5	0.50000100000000003	true	true	2	1	3	2	5	Preserved	true	Preserved
S10-linear-linear-rgb	linear/linear-rgb	4	0.50000100000000003	0.66666733333333295	true	true	2	1	3	2	5	Preserved	true	Preserved
S10-linear-linear-rgb	linear/linear-rgb	5	0.66666733333333295	0.83333366666666708	true	true	2	1	3	2	5	Preserved	true	Preserved
S10-linear-linear-rgb	linear/linear-rgb	6	0.83333366666666708	1	true	true	8	4	9	8	17	Preserved	true	Preserved
S10-radial-linear-rgb	radial/linear-rgb	0	0	0.16666666666666699	true	true	2	1	3	2	5	Preserved	true	Preserved
S10-radial-linear-rgb	radial/linear-rgb	1	0.16666666666666699	0.33333333333333298	true	true	2	1	3	2	5	Preserved	true	Preserved
S10-radial-linear-rgb	radial/linear-rgb	2	0.33333333333333298	0.5	true	true	8	4	9	8	17	Preserved	true	Preserved
S10-radial-linear-rgb	radial/linear-rgb	3	0.5	0.50000100000000003	true	true	2	1	3	2	5	Preserved	true	Preserved
S10-radial-linear-rgb	radial/linear-rgb	4	0.50000100000000003	0.66666733333333295	true	true	2	1	3	2	5	Preserved	true	Preserved
S10-radial-linear-rgb	radial/linear-rgb	5	0.66666733333333295	0.83333366666666708	true	true	2	1	3	2	5	Preserved	true	Preserved
S10-radial-linear-rgb	radial/linear-rgb	6	0.83333366666666708	1	true	true	8	4	9	8	17	Preserved	true	Preserved
S11-linear-oklab	linear/oklab	0	0	0.066666666666666666	true	true	64	24	49	48	97	Preserved	true	Preserved
S11-linear-oklab	linear/oklab	1	0.066666666666666666	0.13333333333333333	true	true	64	16	33	32	65	Preserved	true	Preserved
S11-linear-oklab	linear/oklab	2	0.13333333333333333	0.20000000000000001	true	true	64	26	53	52	105	Preserved	true	Preserved
S11-linear-oklab	linear/oklab	3	0.20000000000000001	0.26666666666666666	true	true	32	15	31	30	61	Preserved	true	Preserved
S11-linear-oklab	linear/oklab	4	0.26666666666666666	0.33333333333333331	true	true	64	24	49	48	97	Preserved	true	Preserved
S11-linear-oklab	linear/oklab	5	0.33333333333333331	0.40000000000000002	true	true	64	16	33	32	65	Preserved	true	Preserved
S11-linear-oklab	linear/oklab	6	0.40000000000000002	0.46666666666666667	true	true	64	26	53	52	105	Preserved	true	Preserved
S11-linear-oklab	linear/oklab	7	0.46666666666666667	0.53333333333333333	true	true	32	15	31	30	61	Preserved	true	Preserved
S11-linear-oklab	linear/oklab	8	0.53333333333333333	0.59999999999999998	true	true	64	24	49	48	97	Preserved	true	Preserved
S11-linear-oklab	linear/oklab	9	0.59999999999999998	0.66666666666666663	true	true	64	16	33	32	65	Preserved	true	Preserved
S11-linear-oklab	linear/oklab	10	0.66666666666666663	0.73333333333333328	true	true	64	26	53	52	105	Preserved	true	Preserved
S11-linear-oklab	linear/oklab	11	0.73333333333333328	0.80000000000000004	true	true	32	15	31	30	61	Preserved	true	Preserved
S11-linear-oklab	linear/oklab	12	0.80000000000000004	0.8666666666666667	true	true	64	24	49	48	97	Preserved	true	Preserved
S11-linear-oklab	linear/oklab	13	0.8666666666666667	0.93333333333333335	true	true	64	16	33	32	65	Preserved	true	Preserved
S11-linear-oklab	linear/oklab	14	0.93333333333333335	1	true	true	64	26	53	52	105	Preserved	true	Preserved
S11-radial-oklab	radial/oklab	0	0	0.066666666666666666	true	true	64	24	49	48	97	Preserved	true	Preserved
S11-radial-oklab	radial/oklab	1	0.066666666666666666	0.13333333333333333	true	true	64	16	33	32	65	Preserved	true	Preserved
S11-radial-oklab	radial/oklab	2	0.13333333333333333	0.20000000000000001	true	true	64	26	53	52	105	Preserved	true	Preserved
S11-radial-oklab	radial/oklab	3	0.20000000000000001	0.26666666666666666	true	true	32	15	31	30	61	Preserved	true	Preserved
S11-radial-oklab	radial/oklab	4	0.26666666666666666	0.33333333333333331	true	true	64	24	49	48	97	Preserved	true	Preserved
S11-radial-oklab	radial/oklab	5	0.33333333333333331	0.40000000000000002	true	true	64	16	33	32	65	Preserved	true	Preserved
S11-radial-oklab	radial/oklab	6	0.40000000000000002	0.46666666666666667	true	true	64	26	53	52	105	Preserved	true	Preserved
S11-radial-oklab	radial/oklab	7	0.46666666666666667	0.53333333333333333	true	true	32	15	31	30	61	Preserved	true	Preserved
S11-radial-oklab	radial/oklab	8	0.53333333333333333	0.59999999999999998	true	true	64	24	49	48	97	Preserved	true	Preserved
S11-radial-oklab	radial/oklab	9	0.59999999999999998	0.66666666666666663	true	true	64	16	33	32	65	Preserved	true	Preserved
S11-radial-oklab	radial/oklab	10	0.66666666666666663	0.73333333333333328	true	true	64	26	53	52	105	Preserved	true	Preserved
S11-radial-oklab	radial/oklab	11	0.73333333333333328	0.80000000000000004	true	true	32	15	31	30	61	Preserved	true	Preserved
S11-radial-oklab	radial/oklab	12	0.80000000000000004	0.8666666666666667	true	true	64	24	49	48	97	Preserved	true	Preserved
S11-radial-oklab	radial/oklab	13	0.8666666666666667	0.93333333333333335	true	true	64	16	33	32	65	Preserved	true	Preserved
S11-radial-oklab	radial/oklab	14	0.93333333333333335	1	true	true	64	26	53	52	105	Preserved	true	Preserved
S11-linear-linear-rgb	linear/linear-rgb	0	0	0.066666666666666666	true	true	64	24	49	48	97	Preserved	true	Preserved
S11-linear-linear-rgb	linear/linear-rgb	1	0.066666666666666666	0.13333333333333333	true	true	64	19	39	38	77	Preserved	true	Preserved
S11-linear-linear-rgb	linear/linear-rgb	2	0.13333333333333333	0.20000000000000001	true	true	64	30	61	60	121	Preserved	true	Preserved
S11-linear-linear-rgb	linear/linear-rgb	3	0.20000000000000001	0.26666666666666666	true	true	64	19	39	38	77	Preserved	true	Preserved
S11-linear-linear-rgb	linear/linear-rgb	4	0.26666666666666666	0.33333333333333331	true	true	64	24	49	48	97	Preserved	true	Preserved
S11-linear-linear-rgb	linear/linear-rgb	5	0.33333333333333331	0.40000000000000002	true	true	64	19	39	38	77	Preserved	true	Preserved
S11-linear-linear-rgb	linear/linear-rgb	6	0.40000000000000002	0.46666666666666667	true	true	64	30	61	60	121	Preserved	true	Preserved
S11-linear-linear-rgb	linear/linear-rgb	7	0.46666666666666667	0.53333333333333333	true	true	64	19	39	38	77	Preserved	true	Preserved
S11-linear-linear-rgb	linear/linear-rgb	8	0.53333333333333333	0.59999999999999998	true	true	64	24	49	48	97	Preserved	true	Preserved
S11-linear-linear-rgb	linear/linear-rgb	9	0.59999999999999998	0.66666666666666663	true	true	64	19	39	38	77	Preserved	true	Preserved
S11-linear-linear-rgb	linear/linear-rgb	10	0.66666666666666663	0.73333333333333328	true	true	64	30	61	60	121	Preserved	true	Preserved
S11-linear-linear-rgb	linear/linear-rgb	11	0.73333333333333328	0.80000000000000004	true	true	64	19	39	38	77	Preserved	true	Preserved
S11-linear-linear-rgb	linear/linear-rgb	12	0.80000000000000004	0.8666666666666667	true	true	64	24	49	48	97	Preserved	true	Preserved
S11-linear-linear-rgb	linear/linear-rgb	13	0.8666666666666667	0.93333333333333335	true	true	64	19	39	38	77	Preserved	true	Preserved
S11-linear-linear-rgb	linear/linear-rgb	14	0.93333333333333335	1	true	true	64	30	61	60	121	Preserved	true	Preserved
S11-radial-linear-rgb	radial/linear-rgb	0	0	0.066666666666666666	true	true	64	24	49	48	97	Preserved	true	Preserved
S11-radial-linear-rgb	radial/linear-rgb	1	0.066666666666666666	0.13333333333333333	true	true	64	19	39	38	77	Preserved	true	Preserved
S11-radial-linear-rgb	radial/linear-rgb	2	0.13333333333333333	0.20000000000000001	true	true	64	30	61	60	121	Preserved	true	Preserved
S11-radial-linear-rgb	radial/linear-rgb	3	0.20000000000000001	0.26666666666666666	true	true	64	19	39	38	77	Preserved	true	Preserved
S11-radial-linear-rgb	radial/linear-rgb	4	0.26666666666666666	0.33333333333333331	true	true	64	24	49	48	97	Preserved	true	Preserved
S11-radial-linear-rgb	radial/linear-rgb	5	0.33333333333333331	0.40000000000000002	true	true	64	19	39	38	77	Preserved	true	Preserved
S11-radial-linear-rgb	radial/linear-rgb	6	0.40000000000000002	0.46666666666666667	true	true	64	30	61	60	121	Preserved	true	Preserved
S11-radial-linear-rgb	radial/linear-rgb	7	0.46666666666666667	0.53333333333333333	true	true	64	19	39	38	77	Preserved	true	Preserved
S11-radial-linear-rgb	radial/linear-rgb	8	0.53333333333333333	0.59999999999999998	true	true	64	24	49	48	97	Preserved	true	Preserved
S11-radial-linear-rgb	radial/linear-rgb	9	0.59999999999999998	0.66666666666666663	true	true	64	19	39	38	77	Preserved	true	Preserved
S11-radial-linear-rgb	radial/linear-rgb	10	0.66666666666666663	0.73333333333333328	true	true	64	30	61	60	121	Preserved	true	Preserved
S11-radial-linear-rgb	radial/linear-rgb	11	0.73333333333333328	0.80000000000000004	true	true	64	19	39	38	77	Preserved	true	Preserved
S11-radial-linear-rgb	radial/linear-rgb	12	0.80000000000000004	0.8666666666666667	true	true	64	24	49	48	97	Preserved	true	Preserved
S11-radial-linear-rgb	radial/linear-rgb	13	0.8666666666666667	0.93333333333333335	true	true	64	19	39	38	77	Preserved	true	Preserved
S11-radial-linear-rgb	radial/linear-rgb	14	0.93333333333333335	1	true	true	64	30	61	60	121	Preserved	true	Preserved
S12-linear-oklab	linear/oklab	0	0	0.010989010989011	true	true	4	3	7	6	13	Preserved	true	Preserved
S12-linear-oklab	linear/oklab	1	0.010989010989011	0.043956043956044001	true	true	32	10	21	20	41	Preserved	true	Preserved
S12-linear-oklab	linear/oklab	2	0.043956043956044001	0.098901098901098911	true	true	2	1	3	2	5	Preserved	true	Preserved
S12-linear-oklab	linear/oklab	3	0.098901098901098911	0.120879120879121	true	true	16	5	11	10	21	Preserved	true	Preserved
S12-linear-oklab	linear/oklab	4	0.120879120879121	0.164835164835165	true	true	4	3	7	6	13	Preserved	true	Preserved
S12-linear-oklab	linear/oklab	5	0.164835164835165	0.175824175824176	true	true	32	10	21	20	41	Preserved	true	Preserved
S12-linear-oklab	linear/oklab	6	0.175824175824176	0.20879120879120902	true	true	2	1	3	2	5	Preserved	true	Preserved
S12-linear-oklab	linear/oklab	7	0.20879120879120902	0.26373626373626402	true	true	16	5	11	10	21	Preserved	true	Preserved
S12-linear-oklab	linear/oklab	8	0.26373626373626402	0.28571428571428603	true	true	4	3	7	6	13	Preserved	true	Preserved
S12-linear-oklab	linear/oklab	9	0.28571428571428603	0.32967032967033	true	true	32	10	21	20	41	Preserved	true	Preserved
S12-linear-oklab	linear/oklab	10	0.32967032967033	0.340659340659341	true	true	2	1	3	2	5	Preserved	true	Preserved
S12-linear-oklab	linear/oklab	11	0.340659340659341	0.37362637362637402	true	true	16	5	11	10	21	Preserved	true	Preserved
S12-linear-oklab	linear/oklab	12	0.37362637362637402	0.42857142857142899	true	true	4	3	7	6	13	Preserved	true	Preserved
S12-linear-oklab	linear/oklab	13	0.42857142857142899	0.450549450549451	true	true	32	10	21	20	41	Preserved	true	Preserved
S12-linear-oklab	linear/oklab	14	0.450549450549451	0.49450549450549502	true	true	2	1	3	2	5	Preserved	true	Preserved
S12-linear-oklab	linear/oklab	15	0.49450549450549502	0.50549450549450503	true	true	16	5	11	10	21	Preserved	true	Preserved
S12-linear-oklab	linear/oklab	16	0.50549450549450503	0.53846153846153799	true	true	4	3	7	6	13	Preserved	true	Preserved
S12-linear-oklab	linear/oklab	17	0.53846153846153799	0.59340659340659296	true	true	32	10	21	20	41	Preserved	true	Preserved
S12-linear-oklab	linear/oklab	18	0.59340659340659296	0.61538461538461497	true	true	2	1	3	2	5	Preserved	true	Preserved
S12-linear-oklab	linear/oklab	19	0.61538461538461497	0.659340659340659	true	true	16	5	11	10	21	Preserved	true	Preserved
S12-linear-oklab	linear/oklab	20	0.659340659340659	0.67032967032966995	true	true	4	3	7	6	13	Preserved	true	Preserved
S12-linear-oklab	linear/oklab	21	0.67032967032966995	0.70329670329670291	true	true	32	10	21	20	41	Preserved	true	Preserved
S12-linear-oklab	linear/oklab	22	0.70329670329670291	0.75824175824175799	true	true	2	1	3	2	5	Preserved	true	Preserved
S12-linear-oklab	linear/oklab	23	0.75824175824175799	0.78021978021978	true	true	16	5	11	10	21	Preserved	true	Preserved
S12-linear-oklab	linear/oklab	24	0.78021978021978	0.82417582417582391	true	true	4	3	7	6	13	Preserved	true	Preserved
S12-linear-oklab	linear/oklab	25	0.82417582417582391	0.83516483516483508	true	true	32	10	21	20	41	Preserved	true	Preserved
S12-linear-oklab	linear/oklab	26	0.83516483516483508	0.86813186813186805	true	true	2	1	3	2	5	Preserved	true	Preserved
S12-linear-oklab	linear/oklab	27	0.86813186813186805	0.92307692307692302	true	true	16	5	11	10	21	Preserved	true	Preserved
S12-linear-oklab	linear/oklab	28	0.92307692307692302	0.94505494505494492	true	true	4	3	7	6	13	Preserved	true	Preserved
S12-linear-oklab	linear/oklab	29	0.94505494505494492	0.98901098901098905	true	true	32	10	21	20	41	Preserved	true	Preserved
S12-linear-oklab	linear/oklab	30	0.98901098901098905	1	true	true	2	1	3	2	5	Preserved	true	Preserved
S12-radial-oklab	radial/oklab	0	0	0.010989010989011	true	true	4	3	7	6	13	Preserved	true	Preserved
S12-radial-oklab	radial/oklab	1	0.010989010989011	0.043956043956044001	true	true	32	10	21	20	41	Preserved	true	Preserved
S12-radial-oklab	radial/oklab	2	0.043956043956044001	0.098901098901098911	true	true	2	1	3	2	5	Preserved	true	Preserved
S12-radial-oklab	radial/oklab	3	0.098901098901098911	0.120879120879121	true	true	16	5	11	10	21	Preserved	true	Preserved
S12-radial-oklab	radial/oklab	4	0.120879120879121	0.164835164835165	true	true	4	3	7	6	13	Preserved	true	Preserved
S12-radial-oklab	radial/oklab	5	0.164835164835165	0.175824175824176	true	true	32	10	21	20	41	Preserved	true	Preserved
S12-radial-oklab	radial/oklab	6	0.175824175824176	0.20879120879120902	true	true	2	1	3	2	5	Preserved	true	Preserved
S12-radial-oklab	radial/oklab	7	0.20879120879120902	0.26373626373626402	true	true	16	5	11	10	21	Preserved	true	Preserved
S12-radial-oklab	radial/oklab	8	0.26373626373626402	0.28571428571428603	true	true	4	3	7	6	13	Preserved	true	Preserved
S12-radial-oklab	radial/oklab	9	0.28571428571428603	0.32967032967033	true	true	32	10	21	20	41	Preserved	true	Preserved
S12-radial-oklab	radial/oklab	10	0.32967032967033	0.340659340659341	true	true	2	1	3	2	5	Preserved	true	Preserved
S12-radial-oklab	radial/oklab	11	0.340659340659341	0.37362637362637402	true	true	16	5	11	10	21	Preserved	true	Preserved
S12-radial-oklab	radial/oklab	12	0.37362637362637402	0.42857142857142899	true	true	4	3	7	6	13	Preserved	true	Preserved
S12-radial-oklab	radial/oklab	13	0.42857142857142899	0.450549450549451	true	true	32	10	21	20	41	Preserved	true	Preserved
S12-radial-oklab	radial/oklab	14	0.450549450549451	0.49450549450549502	true	true	2	1	3	2	5	Preserved	true	Preserved
S12-radial-oklab	radial/oklab	15	0.49450549450549502	0.50549450549450503	true	true	16	5	11	10	21	Preserved	true	Preserved
S12-radial-oklab	radial/oklab	16	0.50549450549450503	0.53846153846153799	true	true	4	3	7	6	13	Preserved	true	Preserved
S12-radial-oklab	radial/oklab	17	0.53846153846153799	0.59340659340659296	true	true	32	10	21	20	41	Preserved	true	Preserved
S12-radial-oklab	radial/oklab	18	0.59340659340659296	0.61538461538461497	true	true	2	1	3	2	5	Preserved	true	Preserved
S12-radial-oklab	radial/oklab	19	0.61538461538461497	0.659340659340659	true	true	16	5	11	10	21	Preserved	true	Preserved
S12-radial-oklab	radial/oklab	20	0.659340659340659	0.67032967032966995	true	true	4	3	7	6	13	Preserved	true	Preserved
S12-radial-oklab	radial/oklab	21	0.67032967032966995	0.70329670329670291	true	true	32	10	21	20	41	Preserved	true	Preserved
S12-radial-oklab	radial/oklab	22	0.70329670329670291	0.75824175824175799	true	true	2	1	3	2	5	Preserved	true	Preserved
S12-radial-oklab	radial/oklab	23	0.75824175824175799	0.78021978021978	true	true	16	5	11	10	21	Preserved	true	Preserved
S12-radial-oklab	radial/oklab	24	0.78021978021978	0.82417582417582391	true	true	4	3	7	6	13	Preserved	true	Preserved
S12-radial-oklab	radial/oklab	25	0.82417582417582391	0.83516483516483508	true	true	32	10	21	20	41	Preserved	true	Preserved
S12-radial-oklab	radial/oklab	26	0.83516483516483508	0.86813186813186805	true	true	2	1	3	2	5	Preserved	true	Preserved
S12-radial-oklab	radial/oklab	27	0.86813186813186805	0.92307692307692302	true	true	16	5	11	10	21	Preserved	true	Preserved
S12-radial-oklab	radial/oklab	28	0.92307692307692302	0.94505494505494492	true	true	4	3	7	6	13	Preserved	true	Preserved
S12-radial-oklab	radial/oklab	29	0.94505494505494492	0.98901098901098905	true	true	32	10	21	20	41	Preserved	true	Preserved
S12-radial-oklab	radial/oklab	30	0.98901098901098905	1	true	true	2	1	3	2	5	Preserved	true	Preserved
S12-linear-linear-rgb	linear/linear-rgb	0	0	0.010989010989011	true	true	16	6	13	12	25	Preserved	true	Preserved
S12-linear-linear-rgb	linear/linear-rgb	1	0.010989010989011	0.043956043956044001	true	true	64	13	27	26	53	Preserved	true	Preserved
S12-linear-linear-rgb	linear/linear-rgb	2	0.043956043956044001	0.098901098901098911	true	true	2	1	3	2	5	Preserved	true	Preserved
S12-linear-linear-rgb	linear/linear-rgb	3	0.098901098901098911	0.120879120879121	true	true	64	14	29	28	57	Preserved	true	Preserved
S12-linear-linear-rgb	linear/linear-rgb	4	0.120879120879121	0.164835164835165	true	true	16	6	13	12	25	Preserved	true	Preserved
S12-linear-linear-rgb	linear/linear-rgb	5	0.164835164835165	0.175824175824176	true	true	64	13	27	26	53	Preserved	true	Preserved
S12-linear-linear-rgb	linear/linear-rgb	6	0.175824175824176	0.20879120879120902	true	true	2	1	3	2	5	Preserved	true	Preserved
S12-linear-linear-rgb	linear/linear-rgb	7	0.20879120879120902	0.26373626373626402	true	true	64	14	29	28	57	Preserved	true	Preserved
S12-linear-linear-rgb	linear/linear-rgb	8	0.26373626373626402	0.28571428571428603	true	true	16	6	13	12	25	Preserved	true	Preserved
S12-linear-linear-rgb	linear/linear-rgb	9	0.28571428571428603	0.32967032967033	true	true	64	13	27	26	53	Preserved	true	Preserved
S12-linear-linear-rgb	linear/linear-rgb	10	0.32967032967033	0.340659340659341	true	true	2	1	3	2	5	Preserved	true	Preserved
S12-linear-linear-rgb	linear/linear-rgb	11	0.340659340659341	0.37362637362637402	true	true	64	14	29	28	57	Preserved	true	Preserved
S12-linear-linear-rgb	linear/linear-rgb	12	0.37362637362637402	0.42857142857142899	true	true	16	6	13	12	25	Preserved	true	Preserved
S12-linear-linear-rgb	linear/linear-rgb	13	0.42857142857142899	0.450549450549451	true	true	64	13	27	26	53	Preserved	true	Preserved
S12-linear-linear-rgb	linear/linear-rgb	14	0.450549450549451	0.49450549450549502	true	true	2	1	3	2	5	Preserved	true	Preserved
S12-linear-linear-rgb	linear/linear-rgb	15	0.49450549450549502	0.50549450549450503	true	true	64	14	29	28	57	Preserved	true	Preserved
S12-linear-linear-rgb	linear/linear-rgb	16	0.50549450549450503	0.53846153846153799	true	true	16	6	13	12	25	Preserved	true	Preserved
S12-linear-linear-rgb	linear/linear-rgb	17	0.53846153846153799	0.59340659340659296	true	true	64	13	27	26	53	Preserved	true	Preserved
S12-linear-linear-rgb	linear/linear-rgb	18	0.59340659340659296	0.61538461538461497	true	true	2	1	3	2	5	Preserved	true	Preserved
S12-linear-linear-rgb	linear/linear-rgb	19	0.61538461538461497	0.659340659340659	true	true	64	14	29	28	57	Preserved	true	Preserved
S12-linear-linear-rgb	linear/linear-rgb	20	0.659340659340659	0.67032967032966995	true	true	16	6	13	12	25	Preserved	true	Preserved
S12-linear-linear-rgb	linear/linear-rgb	21	0.67032967032966995	0.70329670329670291	true	true	64	13	27	26	53	Preserved	true	Preserved
S12-linear-linear-rgb	linear/linear-rgb	22	0.70329670329670291	0.75824175824175799	true	true	2	1	3	2	5	Preserved	true	Preserved
S12-linear-linear-rgb	linear/linear-rgb	23	0.75824175824175799	0.78021978021978	true	true	64	14	29	28	57	Preserved	true	Preserved
S12-linear-linear-rgb	linear/linear-rgb	24	0.78021978021978	0.82417582417582391	true	true	16	6	13	12	25	Preserved	true	Preserved
S12-linear-linear-rgb	linear/linear-rgb	25	0.82417582417582391	0.83516483516483508	true	true	64	13	27	26	53	Preserved	true	Preserved
S12-linear-linear-rgb	linear/linear-rgb	26	0.83516483516483508	0.86813186813186805	true	true	2	1	3	2	5	Preserved	true	Preserved
S12-linear-linear-rgb	linear/linear-rgb	27	0.86813186813186805	0.92307692307692302	true	true	64	14	29	28	57	Preserved	true	Preserved
S12-linear-linear-rgb	linear/linear-rgb	28	0.92307692307692302	0.94505494505494492	true	true	16	6	13	12	25	Preserved	true	Preserved
S12-linear-linear-rgb	linear/linear-rgb	29	0.94505494505494492	0.98901098901098905	true	true	64	13	27	26	53	Preserved	true	Preserved
S12-linear-linear-rgb	linear/linear-rgb	30	0.98901098901098905	1	true	true	2	1	3	2	5	Preserved	true	Preserved
S12-radial-linear-rgb	radial/linear-rgb	0	0	0.010989010989011	true	true	16	6	13	12	25	Preserved	true	Preserved
S12-radial-linear-rgb	radial/linear-rgb	1	0.010989010989011	0.043956043956044001	true	true	64	13	27	26	53	Preserved	true	Preserved
S12-radial-linear-rgb	radial/linear-rgb	2	0.043956043956044001	0.098901098901098911	true	true	2	1	3	2	5	Preserved	true	Preserved
S12-radial-linear-rgb	radial/linear-rgb	3	0.098901098901098911	0.120879120879121	true	true	64	14	29	28	57	Preserved	true	Preserved
S12-radial-linear-rgb	radial/linear-rgb	4	0.120879120879121	0.164835164835165	true	true	16	6	13	12	25	Preserved	true	Preserved
S12-radial-linear-rgb	radial/linear-rgb	5	0.164835164835165	0.175824175824176	true	true	64	13	27	26	53	Preserved	true	Preserved
S12-radial-linear-rgb	radial/linear-rgb	6	0.175824175824176	0.20879120879120902	true	true	2	1	3	2	5	Preserved	true	Preserved
S12-radial-linear-rgb	radial/linear-rgb	7	0.20879120879120902	0.26373626373626402	true	true	64	14	29	28	57	Preserved	true	Preserved
S12-radial-linear-rgb	radial/linear-rgb	8	0.26373626373626402	0.28571428571428603	true	true	16	6	13	12	25	Preserved	true	Preserved
S12-radial-linear-rgb	radial/linear-rgb	9	0.28571428571428603	0.32967032967033	true	true	64	13	27	26	53	Preserved	true	Preserved
S12-radial-linear-rgb	radial/linear-rgb	10	0.32967032967033	0.340659340659341	true	true	2	1	3	2	5	Preserved	true	Preserved
S12-radial-linear-rgb	radial/linear-rgb	11	0.340659340659341	0.37362637362637402	true	true	64	14	29	28	57	Preserved	true	Preserved
S12-radial-linear-rgb	radial/linear-rgb	12	0.37362637362637402	0.42857142857142899	true	true	16	6	13	12	25	Preserved	true	Preserved
S12-radial-linear-rgb	radial/linear-rgb	13	0.42857142857142899	0.450549450549451	true	true	64	13	27	26	53	Preserved	true	Preserved
S12-radial-linear-rgb	radial/linear-rgb	14	0.450549450549451	0.49450549450549502	true	true	2	1	3	2	5	Preserved	true	Preserved
S12-radial-linear-rgb	radial/linear-rgb	15	0.49450549450549502	0.50549450549450503	true	true	64	14	29	28	57	Preserved	true	Preserved
S12-radial-linear-rgb	radial/linear-rgb	16	0.50549450549450503	0.53846153846153799	true	true	16	6	13	12	25	Preserved	true	Preserved
S12-radial-linear-rgb	radial/linear-rgb	17	0.53846153846153799	0.59340659340659296	true	true	64	13	27	26	53	Preserved	true	Preserved
S12-radial-linear-rgb	radial/linear-rgb	18	0.59340659340659296	0.61538461538461497	true	true	2	1	3	2	5	Preserved	true	Preserved
S12-radial-linear-rgb	radial/linear-rgb	19	0.61538461538461497	0.659340659340659	true	true	64	14	29	28	57	Preserved	true	Preserved
S12-radial-linear-rgb	radial/linear-rgb	20	0.659340659340659	0.67032967032966995	true	true	16	6	13	12	25	Preserved	true	Preserved
S12-radial-linear-rgb	radial/linear-rgb	21	0.67032967032966995	0.70329670329670291	true	true	64	13	27	26	53	Preserved	true	Preserved
S12-radial-linear-rgb	radial/linear-rgb	22	0.70329670329670291	0.75824175824175799	true	true	2	1	3	2	5	Preserved	true	Preserved
S12-radial-linear-rgb	radial/linear-rgb	23	0.75824175824175799	0.78021978021978	true	true	64	14	29	28	57	Preserved	true	Preserved
S12-radial-linear-rgb	radial/linear-rgb	24	0.78021978021978	0.82417582417582391	true	true	16	6	13	12	25	Preserved	true	Preserved
S12-radial-linear-rgb	radial/linear-rgb	25	0.82417582417582391	0.83516483516483508	true	true	64	13	27	26	53	Preserved	true	Preserved
S12-radial-linear-rgb	radial/linear-rgb	26	0.83516483516483508	0.86813186813186805	true	true	2	1	3	2	5	Preserved	true	Preserved
S12-radial-linear-rgb	radial/linear-rgb	27	0.86813186813186805	0.92307692307692302	true	true	64	14	29	28	57	Preserved	true	Preserved
S12-radial-linear-rgb	radial/linear-rgb	28	0.92307692307692302	0.94505494505494492	true	true	16	6	13	12	25	Preserved	true	Preserved
S12-radial-linear-rgb	radial/linear-rgb	29	0.94505494505494492	0.98901098901098905	true	true	64	13	27	26	53	Preserved	true	Preserved
S12-radial-linear-rgb	radial/linear-rgb	30	0.98901098901098905	1	true	true	2	1	3	2	5	Preserved	true	Preserved
S13-linear-oklab	linear/oklab	0	0	0.5	true	false	0	0	0	0	0	Preserved	true	Preserved
S13-linear-oklab	linear/oklab	1	0.5	0.5	false	false	0	0	0	0	0	Preserved	true	Preserved
S13-linear-oklab	linear/oklab	2	0.5	1	true	false	0	0	0	0	0	Preserved	true	Preserved
S13-radial-oklab	radial/oklab	0	0	0.5	true	false	0	0	0	0	0	Preserved	true	Preserved
S13-radial-oklab	radial/oklab	1	0.5	0.5	false	false	0	0	0	0	0	Preserved	true	Preserved
S13-radial-oklab	radial/oklab	2	0.5	1	true	false	0	0	0	0	0	Preserved	true	Preserved
S13-linear-linear-rgb	linear/linear-rgb	0	0	0.5	true	false	0	0	0	0	0	Preserved	true	Preserved
S13-linear-linear-rgb	linear/linear-rgb	1	0.5	0.5	false	false	0	0	0	0	0	Preserved	true	Preserved
S13-linear-linear-rgb	linear/linear-rgb	2	0.5	1	true	false	0	0	0	0	0	Preserved	true	Preserved
S13-radial-linear-rgb	radial/linear-rgb	0	0	0.5	true	false	0	0	0	0	0	Preserved	true	Preserved
S13-radial-linear-rgb	radial/linear-rgb	1	0.5	0.5	false	false	0	0	0	0	0	Preserved	true	Preserved
S13-radial-linear-rgb	radial/linear-rgb	2	0.5	1	true	false	0	0	0	0	0	Preserved	true	Preserved
S14-linear-oklab	linear/oklab	0	0	0.33333333333333331	true	false	0	0	0	0	0	Preserved	true	Preserved
S14-linear-oklab	linear/oklab	1	0.33333333333333331	0.33333333333333331	false	false	0	0	0	0	0	Preserved	true	Preserved
S14-linear-oklab	linear/oklab	2	0.33333333333333331	0.66666666666666663	true	false	0	0	0	0	0	Preserved	true	Preserved
S14-linear-oklab	linear/oklab	3	0.66666666666666663	0.66666666666666663	false	false	0	0	0	0	0	Preserved	true	Preserved
S14-linear-oklab	linear/oklab	4	0.66666666666666663	1	true	false	0	0	0	0	0	Preserved	true	Preserved
S14-radial-oklab	radial/oklab	0	0	0.33333333333333331	true	false	0	0	0	0	0	Preserved	true	Preserved
S14-radial-oklab	radial/oklab	1	0.33333333333333331	0.33333333333333331	false	false	0	0	0	0	0	Preserved	true	Preserved
S14-radial-oklab	radial/oklab	2	0.33333333333333331	0.66666666666666663	true	false	0	0	0	0	0	Preserved	true	Preserved
S14-radial-oklab	radial/oklab	3	0.66666666666666663	0.66666666666666663	false	false	0	0	0	0	0	Preserved	true	Preserved
S14-radial-oklab	radial/oklab	4	0.66666666666666663	1	true	false	0	0	0	0	0	Preserved	true	Preserved
S14-linear-linear-rgb	linear/linear-rgb	0	0	0.33333333333333331	true	false	0	0	0	0	0	Preserved	true	Preserved
S14-linear-linear-rgb	linear/linear-rgb	1	0.33333333333333331	0.33333333333333331	false	false	0	0	0	0	0	Preserved	true	Preserved
S14-linear-linear-rgb	linear/linear-rgb	2	0.33333333333333331	0.66666666666666663	true	false	0	0	0	0	0	Preserved	true	Preserved
S14-linear-linear-rgb	linear/linear-rgb	3	0.66666666666666663	0.66666666666666663	false	false	0	0	0	0	0	Preserved	true	Preserved
S14-linear-linear-rgb	linear/linear-rgb	4	0.66666666666666663	1	true	false	0	0	0	0	0	Preserved	true	Preserved
S14-radial-linear-rgb	radial/linear-rgb	0	0	0.33333333333333331	true	false	0	0	0	0	0	Preserved	true	Preserved
S14-radial-linear-rgb	radial/linear-rgb	1	0.33333333333333331	0.33333333333333331	false	false	0	0	0	0	0	Preserved	true	Preserved
S14-radial-linear-rgb	radial/linear-rgb	2	0.33333333333333331	0.66666666666666663	true	false	0	0	0	0	0	Preserved	true	Preserved
S14-radial-linear-rgb	radial/linear-rgb	3	0.66666666666666663	0.66666666666666663	false	false	0	0	0	0	0	Preserved	true	Preserved
S14-radial-linear-rgb	radial/linear-rgb	4	0.66666666666666663	1	true	false	0	0	0	0	0	Preserved	true	Preserved
S15-linear-oklab	linear/oklab	0	0	0.125	true	false	0	0	0	0	0	Preserved	true	Preserved
S15-linear-oklab	linear/oklab	1	0.125	0.125	false	false	0	0	0	0	0	Preserved	true	Preserved
S15-linear-oklab	linear/oklab	2	0.125	0.25	true	false	0	0	0	0	0	Preserved	true	Preserved
S15-linear-oklab	linear/oklab	3	0.25	0.25	false	false	0	0	0	0	0	Preserved	true	Preserved
S15-linear-oklab	linear/oklab	4	0.25	0.375	true	false	0	0	0	0	0	Preserved	true	Preserved
S15-linear-oklab	linear/oklab	5	0.375	0.375	false	false	0	0	0	0	0	Preserved	true	Preserved
S15-linear-oklab	linear/oklab	6	0.375	0.5	true	false	0	0	0	0	0	Preserved	true	Preserved
S15-linear-oklab	linear/oklab	7	0.5	0.5	false	false	0	0	0	0	0	Preserved	true	Preserved
S15-linear-oklab	linear/oklab	8	0.5	0.625	true	false	0	0	0	0	0	Preserved	true	Preserved
S15-linear-oklab	linear/oklab	9	0.625	0.625	false	false	0	0	0	0	0	Preserved	true	Preserved
S15-linear-oklab	linear/oklab	10	0.625	0.75	true	false	0	0	0	0	0	Preserved	true	Preserved
S15-linear-oklab	linear/oklab	11	0.75	0.75	false	false	0	0	0	0	0	Preserved	true	Preserved
S15-linear-oklab	linear/oklab	12	0.75	0.875	true	false	0	0	0	0	0	Preserved	true	Preserved
S15-linear-oklab	linear/oklab	13	0.875	0.875	false	false	0	0	0	0	0	Preserved	true	Preserved
S15-linear-oklab	linear/oklab	14	0.875	1	true	false	0	0	0	0	0	Preserved	true	Preserved
S15-radial-oklab	radial/oklab	0	0	0.125	true	false	0	0	0	0	0	Preserved	true	Preserved
S15-radial-oklab	radial/oklab	1	0.125	0.125	false	false	0	0	0	0	0	Preserved	true	Preserved
S15-radial-oklab	radial/oklab	2	0.125	0.25	true	false	0	0	0	0	0	Preserved	true	Preserved
S15-radial-oklab	radial/oklab	3	0.25	0.25	false	false	0	0	0	0	0	Preserved	true	Preserved
S15-radial-oklab	radial/oklab	4	0.25	0.375	true	false	0	0	0	0	0	Preserved	true	Preserved
S15-radial-oklab	radial/oklab	5	0.375	0.375	false	false	0	0	0	0	0	Preserved	true	Preserved
S15-radial-oklab	radial/oklab	6	0.375	0.5	true	false	0	0	0	0	0	Preserved	true	Preserved
S15-radial-oklab	radial/oklab	7	0.5	0.5	false	false	0	0	0	0	0	Preserved	true	Preserved
S15-radial-oklab	radial/oklab	8	0.5	0.625	true	false	0	0	0	0	0	Preserved	true	Preserved
S15-radial-oklab	radial/oklab	9	0.625	0.625	false	false	0	0	0	0	0	Preserved	true	Preserved
S15-radial-oklab	radial/oklab	10	0.625	0.75	true	false	0	0	0	0	0	Preserved	true	Preserved
S15-radial-oklab	radial/oklab	11	0.75	0.75	false	false	0	0	0	0	0	Preserved	true	Preserved
S15-radial-oklab	radial/oklab	12	0.75	0.875	true	false	0	0	0	0	0	Preserved	true	Preserved
S15-radial-oklab	radial/oklab	13	0.875	0.875	false	false	0	0	0	0	0	Preserved	true	Preserved
S15-radial-oklab	radial/oklab	14	0.875	1	true	false	0	0	0	0	0	Preserved	true	Preserved
S15-linear-linear-rgb	linear/linear-rgb	0	0	0.125	true	false	0	0	0	0	0	Preserved	true	Preserved
S15-linear-linear-rgb	linear/linear-rgb	1	0.125	0.125	false	false	0	0	0	0	0	Preserved	true	Preserved
S15-linear-linear-rgb	linear/linear-rgb	2	0.125	0.25	true	false	0	0	0	0	0	Preserved	true	Preserved
S15-linear-linear-rgb	linear/linear-rgb	3	0.25	0.25	false	false	0	0	0	0	0	Preserved	true	Preserved
S15-linear-linear-rgb	linear/linear-rgb	4	0.25	0.375	true	false	0	0	0	0	0	Preserved	true	Preserved
S15-linear-linear-rgb	linear/linear-rgb	5	0.375	0.375	false	false	0	0	0	0	0	Preserved	true	Preserved
S15-linear-linear-rgb	linear/linear-rgb	6	0.375	0.5	true	false	0	0	0	0	0	Preserved	true	Preserved
S15-linear-linear-rgb	linear/linear-rgb	7	0.5	0.5	false	false	0	0	0	0	0	Preserved	true	Preserved
S15-linear-linear-rgb	linear/linear-rgb	8	0.5	0.625	true	false	0	0	0	0	0	Preserved	true	Preserved
S15-linear-linear-rgb	linear/linear-rgb	9	0.625	0.625	false	false	0	0	0	0	0	Preserved	true	Preserved
S15-linear-linear-rgb	linear/linear-rgb	10	0.625	0.75	true	false	0	0	0	0	0	Preserved	true	Preserved
S15-linear-linear-rgb	linear/linear-rgb	11	0.75	0.75	false	false	0	0	0	0	0	Preserved	true	Preserved
S15-linear-linear-rgb	linear/linear-rgb	12	0.75	0.875	true	false	0	0	0	0	0	Preserved	true	Preserved
S15-linear-linear-rgb	linear/linear-rgb	13	0.875	0.875	false	false	0	0	0	0	0	Preserved	true	Preserved
S15-linear-linear-rgb	linear/linear-rgb	14	0.875	1	true	false	0	0	0	0	0	Preserved	true	Preserved
S15-radial-linear-rgb	radial/linear-rgb	0	0	0.125	true	false	0	0	0	0	0	Preserved	true	Preserved
S15-radial-linear-rgb	radial/linear-rgb	1	0.125	0.125	false	false	0	0	0	0	0	Preserved	true	Preserved
S15-radial-linear-rgb	radial/linear-rgb	2	0.125	0.25	true	false	0	0	0	0	0	Preserved	true	Preserved
S15-radial-linear-rgb	radial/linear-rgb	3	0.25	0.25	false	false	0	0	0	0	0	Preserved	true	Preserved
S15-radial-linear-rgb	radial/linear-rgb	4	0.25	0.375	true	false	0	0	0	0	0	Preserved	true	Preserved
S15-radial-linear-rgb	radial/linear-rgb	5	0.375	0.375	false	false	0	0	0	0	0	Preserved	true	Preserved
S15-radial-linear-rgb	radial/linear-rgb	6	0.375	0.5	true	false	0	0	0	0	0	Preserved	true	Preserved
S15-radial-linear-rgb	radial/linear-rgb	7	0.5	0.5	false	false	0	0	0	0	0	Preserved	true	Preserved
S15-radial-linear-rgb	radial/linear-rgb	8	0.5	0.625	true	false	0	0	0	0	0	Preserved	true	Preserved
S15-radial-linear-rgb	radial/linear-rgb	9	0.625	0.625	false	false	0	0	0	0	0	Preserved	true	Preserved
S15-radial-linear-rgb	radial/linear-rgb	10	0.625	0.75	true	false	0	0	0	0	0	Preserved	true	Preserved
S15-radial-linear-rgb	radial/linear-rgb	11	0.75	0.75	false	false	0	0	0	0	0	Preserved	true	Preserved
S15-radial-linear-rgb	radial/linear-rgb	12	0.75	0.875	true	false	0	0	0	0	0	Preserved	true	Preserved
S15-radial-linear-rgb	radial/linear-rgb	13	0.875	0.875	false	false	0	0	0	0	0	Preserved	true	Preserved
S15-radial-linear-rgb	radial/linear-rgb	14	0.875	1	true	false	0	0	0	0	0	Preserved	true	Preserved
S16-linear-oklab	linear/oklab	0	0	0.16666666666666649	true	true	64	24	49	48	97	Preserved	true	Preserved
S16-linear-oklab	linear/oklab	1	0.16666666666666649	0.33333333333333348	true	true	64	16	33	32	65	Preserved	true	Preserved
S16-linear-oklab	linear/oklab	2	0.33333333333333348	0.5	true	true	64	26	53	52	105	Preserved	true	Preserved
S16-linear-oklab	linear/oklab	3	0.5	0.5	false	false	0	0	0	0	0	Preserved	true	Preserved
S16-linear-oklab	linear/oklab	4	0.5	0.66666666666666652	true	true	64	24	49	48	97	Preserved	true	Preserved
S16-linear-oklab	linear/oklab	5	0.66666666666666652	0.83333333333333348	true	true	64	16	33	32	65	Preserved	true	Preserved
S16-linear-oklab	linear/oklab	6	0.83333333333333348	1	true	true	64	26	53	52	105	Preserved	true	Preserved
S16-radial-oklab	radial/oklab	0	0	0.16666666666666649	true	true	64	24	49	48	97	Preserved	true	Preserved
S16-radial-oklab	radial/oklab	1	0.16666666666666649	0.33333333333333348	true	true	64	16	33	32	65	Preserved	true	Preserved
S16-radial-oklab	radial/oklab	2	0.33333333333333348	0.5	true	true	64	26	53	52	105	Preserved	true	Preserved
S16-radial-oklab	radial/oklab	3	0.5	0.5	false	false	0	0	0	0	0	Preserved	true	Preserved
S16-radial-oklab	radial/oklab	4	0.5	0.66666666666666652	true	true	64	24	49	48	97	Preserved	true	Preserved
S16-radial-oklab	radial/oklab	5	0.66666666666666652	0.83333333333333348	true	true	64	16	33	32	65	Preserved	true	Preserved
S16-radial-oklab	radial/oklab	6	0.83333333333333348	1	true	true	64	26	53	52	105	Preserved	true	Preserved
S16-linear-linear-rgb	linear/linear-rgb	0	0	0.16666666666666649	true	true	64	24	49	48	97	Preserved	true	Preserved
S16-linear-linear-rgb	linear/linear-rgb	1	0.16666666666666649	0.33333333333333348	true	true	64	19	39	38	77	Preserved	true	Preserved
S16-linear-linear-rgb	linear/linear-rgb	2	0.33333333333333348	0.5	true	true	64	30	61	60	121	Preserved	true	Preserved
S16-linear-linear-rgb	linear/linear-rgb	3	0.5	0.5	false	false	0	0	0	0	0	Preserved	true	Preserved
S16-linear-linear-rgb	linear/linear-rgb	4	0.5	0.66666666666666652	true	true	64	24	49	48	97	Preserved	true	Preserved
S16-linear-linear-rgb	linear/linear-rgb	5	0.66666666666666652	0.83333333333333348	true	true	64	19	39	38	77	Preserved	true	Preserved
S16-linear-linear-rgb	linear/linear-rgb	6	0.83333333333333348	1	true	true	64	30	61	60	121	Preserved	true	Preserved
S16-radial-linear-rgb	radial/linear-rgb	0	0	0.16666666666666649	true	true	64	24	49	48	97	Preserved	true	Preserved
S16-radial-linear-rgb	radial/linear-rgb	1	0.16666666666666649	0.33333333333333348	true	true	64	19	39	38	77	Preserved	true	Preserved
S16-radial-linear-rgb	radial/linear-rgb	2	0.33333333333333348	0.5	true	true	64	30	61	60	121	Preserved	true	Preserved
S16-radial-linear-rgb	radial/linear-rgb	3	0.5	0.5	false	false	0	0	0	0	0	Preserved	true	Preserved
S16-radial-linear-rgb	radial/linear-rgb	4	0.5	0.66666666666666652	true	true	64	24	49	48	97	Preserved	true	Preserved
S16-radial-linear-rgb	radial/linear-rgb	5	0.66666666666666652	0.83333333333333348	true	true	64	19	39	38	77	Preserved	true	Preserved
S16-radial-linear-rgb	radial/linear-rgb	6	0.83333333333333348	1	true	true	64	30	61	60	121	Preserved	true	Preserved
S17-linear-oklab	linear/oklab	0	0	0.055555555555555497	true	true	4	3	7	6	13	Preserved	true	Preserved
S17-linear-oklab	linear/oklab	1	0.055555555555555497	0.22222222222222199	true	true	32	10	21	20	41	Preserved	true	Preserved
S17-linear-oklab	linear/oklab	2	0.22222222222222199	0.5	true	true	2	1	3	2	5	Preserved	true	Preserved
S17-linear-oklab	linear/oklab	3	0.5	0.77777777777777801	true	true	2	1	3	2	5	Preserved	true	Preserved
S17-linear-oklab	linear/oklab	4	0.77777777777777801	0.94444444444444453	true	true	32	10	21	20	41	Preserved	true	Preserved
S17-linear-oklab	linear/oklab	5	0.94444444444444453	1	true	true	4	3	7	6	13	Preserved	true	Preserved
S17-radial-oklab	radial/oklab	0	0	0.055555555555555497	true	true	4	3	7	6	13	Preserved	true	Preserved
S17-radial-oklab	radial/oklab	1	0.055555555555555497	0.22222222222222199	true	true	32	10	21	20	41	Preserved	true	Preserved
S17-radial-oklab	radial/oklab	2	0.22222222222222199	0.5	true	true	2	1	3	2	5	Preserved	true	Preserved
S17-radial-oklab	radial/oklab	3	0.5	0.77777777777777801	true	true	2	1	3	2	5	Preserved	true	Preserved
S17-radial-oklab	radial/oklab	4	0.77777777777777801	0.94444444444444453	true	true	32	10	21	20	41	Preserved	true	Preserved
S17-radial-oklab	radial/oklab	5	0.94444444444444453	1	true	true	4	3	7	6	13	Preserved	true	Preserved
S17-linear-linear-rgb	linear/linear-rgb	0	0	0.055555555555555497	true	true	16	6	13	12	25	Preserved	true	Preserved
S17-linear-linear-rgb	linear/linear-rgb	1	0.055555555555555497	0.22222222222222199	true	true	64	13	27	26	53	Preserved	true	Preserved
S17-linear-linear-rgb	linear/linear-rgb	2	0.22222222222222199	0.5	true	true	2	1	3	2	5	Preserved	true	Preserved
S17-linear-linear-rgb	linear/linear-rgb	3	0.5	0.77777777777777801	true	true	2	1	3	2	5	Preserved	true	Preserved
S17-linear-linear-rgb	linear/linear-rgb	4	0.77777777777777801	0.94444444444444453	true	true	64	13	27	26	53	Preserved	true	Preserved
S17-linear-linear-rgb	linear/linear-rgb	5	0.94444444444444453	1	true	true	16	6	13	12	25	Preserved	true	Preserved
S17-radial-linear-rgb	radial/linear-rgb	0	0	0.055555555555555497	true	true	16	6	13	12	25	Preserved	true	Preserved
S17-radial-linear-rgb	radial/linear-rgb	1	0.055555555555555497	0.22222222222222199	true	true	64	13	27	26	53	Preserved	true	Preserved
S17-radial-linear-rgb	radial/linear-rgb	2	0.22222222222222199	0.5	true	true	2	1	3	2	5	Preserved	true	Preserved
S17-radial-linear-rgb	radial/linear-rgb	3	0.5	0.77777777777777801	true	true	2	1	3	2	5	Preserved	true	Preserved
S17-radial-linear-rgb	radial/linear-rgb	4	0.77777777777777801	0.94444444444444453	true	true	64	13	27	26	53	Preserved	true	Preserved
S17-radial-linear-rgb	radial/linear-rgb	5	0.94444444444444453	1	true	true	16	6	13	12	25	Preserved	true	Preserved
S18-linear-oklab	linear/oklab	0	0	0.0625	true	false	0	0	0	0	0	Preserved	true	Preserved
S18-linear-oklab	linear/oklab	1	0.0625	0.0625	false	false	0	0	0	0	0	Preserved	true	Preserved
S18-linear-oklab	linear/oklab	2	0.0625	0.125	true	false	0	0	0	0	0	Preserved	true	Preserved
S18-linear-oklab	linear/oklab	3	0.125	0.125	false	false	0	0	0	0	0	Preserved	true	Preserved
S18-linear-oklab	linear/oklab	4	0.125	0.1875	true	false	0	0	0	0	0	Preserved	true	Preserved
S18-linear-oklab	linear/oklab	5	0.1875	0.1875	false	false	0	0	0	0	0	Preserved	true	Preserved
S18-linear-oklab	linear/oklab	6	0.1875	0.25	true	false	0	0	0	0	0	Preserved	true	Preserved
S18-linear-oklab	linear/oklab	7	0.25	0.25	false	false	0	0	0	0	0	Preserved	true	Preserved
S18-linear-oklab	linear/oklab	8	0.25	0.3125	true	false	0	0	0	0	0	Preserved	true	Preserved
S18-linear-oklab	linear/oklab	9	0.3125	0.3125	false	false	0	0	0	0	0	Preserved	true	Preserved
S18-linear-oklab	linear/oklab	10	0.3125	0.375	true	false	0	0	0	0	0	Preserved	true	Preserved
S18-linear-oklab	linear/oklab	11	0.375	0.375	false	false	0	0	0	0	0	Preserved	true	Preserved
S18-linear-oklab	linear/oklab	12	0.375	0.4375	true	false	0	0	0	0	0	Preserved	true	Preserved
S18-linear-oklab	linear/oklab	13	0.4375	0.4375	false	false	0	0	0	0	0	Preserved	true	Preserved
S18-linear-oklab	linear/oklab	14	0.4375	0.5	true	false	0	0	0	0	0	Preserved	true	Preserved
S18-linear-oklab	linear/oklab	15	0.5	0.5625	true	false	0	0	0	0	0	Preserved	true	Preserved
S18-linear-oklab	linear/oklab	16	0.5625	0.5625	false	false	0	0	0	0	0	Preserved	true	Preserved
S18-linear-oklab	linear/oklab	17	0.5625	0.625	true	false	0	0	0	0	0	Preserved	true	Preserved
S18-linear-oklab	linear/oklab	18	0.625	0.625	false	false	0	0	0	0	0	Preserved	true	Preserved
S18-linear-oklab	linear/oklab	19	0.625	0.6875	true	false	0	0	0	0	0	Preserved	true	Preserved
S18-linear-oklab	linear/oklab	20	0.6875	0.6875	false	false	0	0	0	0	0	Preserved	true	Preserved
S18-linear-oklab	linear/oklab	21	0.6875	0.75	true	false	0	0	0	0	0	Preserved	true	Preserved
S18-linear-oklab	linear/oklab	22	0.75	0.75	false	false	0	0	0	0	0	Preserved	true	Preserved
S18-linear-oklab	linear/oklab	23	0.75	0.8125	true	false	0	0	0	0	0	Preserved	true	Preserved
S18-linear-oklab	linear/oklab	24	0.8125	0.8125	false	false	0	0	0	0	0	Preserved	true	Preserved
S18-linear-oklab	linear/oklab	25	0.8125	0.875	true	false	0	0	0	0	0	Preserved	true	Preserved
S18-linear-oklab	linear/oklab	26	0.875	0.875	false	false	0	0	0	0	0	Preserved	true	Preserved
S18-linear-oklab	linear/oklab	27	0.875	0.9375	true	false	0	0	0	0	0	Preserved	true	Preserved
S18-linear-oklab	linear/oklab	28	0.9375	0.9375	false	false	0	0	0	0	0	Preserved	true	Preserved
S18-linear-oklab	linear/oklab	29	0.9375	1	true	false	0	0	0	0	0	Preserved	true	Preserved
S18-radial-oklab	radial/oklab	0	0	0.0625	true	false	0	0	0	0	0	Preserved	true	Preserved
S18-radial-oklab	radial/oklab	1	0.0625	0.0625	false	false	0	0	0	0	0	Preserved	true	Preserved
S18-radial-oklab	radial/oklab	2	0.0625	0.125	true	false	0	0	0	0	0	Preserved	true	Preserved
S18-radial-oklab	radial/oklab	3	0.125	0.125	false	false	0	0	0	0	0	Preserved	true	Preserved
S18-radial-oklab	radial/oklab	4	0.125	0.1875	true	false	0	0	0	0	0	Preserved	true	Preserved
S18-radial-oklab	radial/oklab	5	0.1875	0.1875	false	false	0	0	0	0	0	Preserved	true	Preserved
S18-radial-oklab	radial/oklab	6	0.1875	0.25	true	false	0	0	0	0	0	Preserved	true	Preserved
S18-radial-oklab	radial/oklab	7	0.25	0.25	false	false	0	0	0	0	0	Preserved	true	Preserved
S18-radial-oklab	radial/oklab	8	0.25	0.3125	true	false	0	0	0	0	0	Preserved	true	Preserved
S18-radial-oklab	radial/oklab	9	0.3125	0.3125	false	false	0	0	0	0	0	Preserved	true	Preserved
S18-radial-oklab	radial/oklab	10	0.3125	0.375	true	false	0	0	0	0	0	Preserved	true	Preserved
S18-radial-oklab	radial/oklab	11	0.375	0.375	false	false	0	0	0	0	0	Preserved	true	Preserved
S18-radial-oklab	radial/oklab	12	0.375	0.4375	true	false	0	0	0	0	0	Preserved	true	Preserved
S18-radial-oklab	radial/oklab	13	0.4375	0.4375	false	false	0	0	0	0	0	Preserved	true	Preserved
S18-radial-oklab	radial/oklab	14	0.4375	0.5	true	false	0	0	0	0	0	Preserved	true	Preserved
S18-radial-oklab	radial/oklab	15	0.5	0.5625	true	false	0	0	0	0	0	Preserved	true	Preserved
S18-radial-oklab	radial/oklab	16	0.5625	0.5625	false	false	0	0	0	0	0	Preserved	true	Preserved
S18-radial-oklab	radial/oklab	17	0.5625	0.625	true	false	0	0	0	0	0	Preserved	true	Preserved
S18-radial-oklab	radial/oklab	18	0.625	0.625	false	false	0	0	0	0	0	Preserved	true	Preserved
S18-radial-oklab	radial/oklab	19	0.625	0.6875	true	false	0	0	0	0	0	Preserved	true	Preserved
S18-radial-oklab	radial/oklab	20	0.6875	0.6875	false	false	0	0	0	0	0	Preserved	true	Preserved
S18-radial-oklab	radial/oklab	21	0.6875	0.75	true	false	0	0	0	0	0	Preserved	true	Preserved
S18-radial-oklab	radial/oklab	22	0.75	0.75	false	false	0	0	0	0	0	Preserved	true	Preserved
S18-radial-oklab	radial/oklab	23	0.75	0.8125	true	false	0	0	0	0	0	Preserved	true	Preserved
S18-radial-oklab	radial/oklab	24	0.8125	0.8125	false	false	0	0	0	0	0	Preserved	true	Preserved
S18-radial-oklab	radial/oklab	25	0.8125	0.875	true	false	0	0	0	0	0	Preserved	true	Preserved
S18-radial-oklab	radial/oklab	26	0.875	0.875	false	false	0	0	0	0	0	Preserved	true	Preserved
S18-radial-oklab	radial/oklab	27	0.875	0.9375	true	false	0	0	0	0	0	Preserved	true	Preserved
S18-radial-oklab	radial/oklab	28	0.9375	0.9375	false	false	0	0	0	0	0	Preserved	true	Preserved
S18-radial-oklab	radial/oklab	29	0.9375	1	true	false	0	0	0	0	0	Preserved	true	Preserved
S18-linear-linear-rgb	linear/linear-rgb	0	0	0.0625	true	false	0	0	0	0	0	Preserved	true	Preserved
S18-linear-linear-rgb	linear/linear-rgb	1	0.0625	0.0625	false	false	0	0	0	0	0	Preserved	true	Preserved
S18-linear-linear-rgb	linear/linear-rgb	2	0.0625	0.125	true	false	0	0	0	0	0	Preserved	true	Preserved
S18-linear-linear-rgb	linear/linear-rgb	3	0.125	0.125	false	false	0	0	0	0	0	Preserved	true	Preserved
S18-linear-linear-rgb	linear/linear-rgb	4	0.125	0.1875	true	false	0	0	0	0	0	Preserved	true	Preserved
S18-linear-linear-rgb	linear/linear-rgb	5	0.1875	0.1875	false	false	0	0	0	0	0	Preserved	true	Preserved
S18-linear-linear-rgb	linear/linear-rgb	6	0.1875	0.25	true	false	0	0	0	0	0	Preserved	true	Preserved
S18-linear-linear-rgb	linear/linear-rgb	7	0.25	0.25	false	false	0	0	0	0	0	Preserved	true	Preserved
S18-linear-linear-rgb	linear/linear-rgb	8	0.25	0.3125	true	false	0	0	0	0	0	Preserved	true	Preserved
S18-linear-linear-rgb	linear/linear-rgb	9	0.3125	0.3125	false	false	0	0	0	0	0	Preserved	true	Preserved
S18-linear-linear-rgb	linear/linear-rgb	10	0.3125	0.375	true	false	0	0	0	0	0	Preserved	true	Preserved
S18-linear-linear-rgb	linear/linear-rgb	11	0.375	0.375	false	false	0	0	0	0	0	Preserved	true	Preserved
S18-linear-linear-rgb	linear/linear-rgb	12	0.375	0.4375	true	false	0	0	0	0	0	Preserved	true	Preserved
S18-linear-linear-rgb	linear/linear-rgb	13	0.4375	0.4375	false	false	0	0	0	0	0	Preserved	true	Preserved
S18-linear-linear-rgb	linear/linear-rgb	14	0.4375	0.5	true	false	0	0	0	0	0	Preserved	true	Preserved
S18-linear-linear-rgb	linear/linear-rgb	15	0.5	0.5625	true	false	0	0	0	0	0	Preserved	true	Preserved
S18-linear-linear-rgb	linear/linear-rgb	16	0.5625	0.5625	false	false	0	0	0	0	0	Preserved	true	Preserved
S18-linear-linear-rgb	linear/linear-rgb	17	0.5625	0.625	true	false	0	0	0	0	0	Preserved	true	Preserved
S18-linear-linear-rgb	linear/linear-rgb	18	0.625	0.625	false	false	0	0	0	0	0	Preserved	true	Preserved
S18-linear-linear-rgb	linear/linear-rgb	19	0.625	0.6875	true	false	0	0	0	0	0	Preserved	true	Preserved
S18-linear-linear-rgb	linear/linear-rgb	20	0.6875	0.6875	false	false	0	0	0	0	0	Preserved	true	Preserved
S18-linear-linear-rgb	linear/linear-rgb	21	0.6875	0.75	true	false	0	0	0	0	0	Preserved	true	Preserved
S18-linear-linear-rgb	linear/linear-rgb	22	0.75	0.75	false	false	0	0	0	0	0	Preserved	true	Preserved
S18-linear-linear-rgb	linear/linear-rgb	23	0.75	0.8125	true	false	0	0	0	0	0	Preserved	true	Preserved
S18-linear-linear-rgb	linear/linear-rgb	24	0.8125	0.8125	false	false	0	0	0	0	0	Preserved	true	Preserved
S18-linear-linear-rgb	linear/linear-rgb	25	0.8125	0.875	true	false	0	0	0	0	0	Preserved	true	Preserved
S18-linear-linear-rgb	linear/linear-rgb	26	0.875	0.875	false	false	0	0	0	0	0	Preserved	true	Preserved
S18-linear-linear-rgb	linear/linear-rgb	27	0.875	0.9375	true	false	0	0	0	0	0	Preserved	true	Preserved
S18-linear-linear-rgb	linear/linear-rgb	28	0.9375	0.9375	false	false	0	0	0	0	0	Preserved	true	Preserved
S18-linear-linear-rgb	linear/linear-rgb	29	0.9375	1	true	false	0	0	0	0	0	Preserved	true	Preserved
S18-radial-linear-rgb	radial/linear-rgb	0	0	0.0625	true	false	0	0	0	0	0	Preserved	true	Preserved
S18-radial-linear-rgb	radial/linear-rgb	1	0.0625	0.0625	false	false	0	0	0	0	0	Preserved	true	Preserved
S18-radial-linear-rgb	radial/linear-rgb	2	0.0625	0.125	true	false	0	0	0	0	0	Preserved	true	Preserved
S18-radial-linear-rgb	radial/linear-rgb	3	0.125	0.125	false	false	0	0	0	0	0	Preserved	true	Preserved
S18-radial-linear-rgb	radial/linear-rgb	4	0.125	0.1875	true	false	0	0	0	0	0	Preserved	true	Preserved
S18-radial-linear-rgb	radial/linear-rgb	5	0.1875	0.1875	false	false	0	0	0	0	0	Preserved	true	Preserved
S18-radial-linear-rgb	radial/linear-rgb	6	0.1875	0.25	true	false	0	0	0	0	0	Preserved	true	Preserved
S18-radial-linear-rgb	radial/linear-rgb	7	0.25	0.25	false	false	0	0	0	0	0	Preserved	true	Preserved
S18-radial-linear-rgb	radial/linear-rgb	8	0.25	0.3125	true	false	0	0	0	0	0	Preserved	true	Preserved
S18-radial-linear-rgb	radial/linear-rgb	9	0.3125	0.3125	false	false	0	0	0	0	0	Preserved	true	Preserved
S18-radial-linear-rgb	radial/linear-rgb	10	0.3125	0.375	true	false	0	0	0	0	0	Preserved	true	Preserved
S18-radial-linear-rgb	radial/linear-rgb	11	0.375	0.375	false	false	0	0	0	0	0	Preserved	true	Preserved
S18-radial-linear-rgb	radial/linear-rgb	12	0.375	0.4375	true	false	0	0	0	0	0	Preserved	true	Preserved
S18-radial-linear-rgb	radial/linear-rgb	13	0.4375	0.4375	false	false	0	0	0	0	0	Preserved	true	Preserved
S18-radial-linear-rgb	radial/linear-rgb	14	0.4375	0.5	true	false	0	0	0	0	0	Preserved	true	Preserved
S18-radial-linear-rgb	radial/linear-rgb	15	0.5	0.5625	true	false	0	0	0	0	0	Preserved	true	Preserved
S18-radial-linear-rgb	radial/linear-rgb	16	0.5625	0.5625	false	false	0	0	0	0	0	Preserved	true	Preserved
S18-radial-linear-rgb	radial/linear-rgb	17	0.5625	0.625	true	false	0	0	0	0	0	Preserved	true	Preserved
S18-radial-linear-rgb	radial/linear-rgb	18	0.625	0.625	false	false	0	0	0	0	0	Preserved	true	Preserved
S18-radial-linear-rgb	radial/linear-rgb	19	0.625	0.6875	true	false	0	0	0	0	0	Preserved	true	Preserved
S18-radial-linear-rgb	radial/linear-rgb	20	0.6875	0.6875	false	false	0	0	0	0	0	Preserved	true	Preserved
S18-radial-linear-rgb	radial/linear-rgb	21	0.6875	0.75	true	false	0	0	0	0	0	Preserved	true	Preserved
S18-radial-linear-rgb	radial/linear-rgb	22	0.75	0.75	false	false	0	0	0	0	0	Preserved	true	Preserved
S18-radial-linear-rgb	radial/linear-rgb	23	0.75	0.8125	true	false	0	0	0	0	0	Preserved	true	Preserved
S18-radial-linear-rgb	radial/linear-rgb	24	0.8125	0.8125	false	false	0	0	0	0	0	Preserved	true	Preserved
S18-radial-linear-rgb	radial/linear-rgb	25	0.8125	0.875	true	false	0	0	0	0	0	Preserved	true	Preserved
S18-radial-linear-rgb	radial/linear-rgb	26	0.875	0.875	false	false	0	0	0	0	0	Preserved	true	Preserved
S18-radial-linear-rgb	radial/linear-rgb	27	0.875	0.9375	true	false	0	0	0	0	0	Preserved	true	Preserved
S18-radial-linear-rgb	radial/linear-rgb	28	0.9375	0.9375	false	false	0	0	0	0	0	Preserved	true	Preserved
S18-radial-linear-rgb	radial/linear-rgb	29	0.9375	1	true	false	0	0	0	0	0	Preserved	true	Preserved
S19-linear-oklab	linear/oklab	0	0	0.5	true	true	8	4	9	8	17	Preserved	true	Preserved
S19-linear-oklab	linear/oklab	1	0.5	1	true	true	64	13	27	26	53	Preserved	true	Preserved
S19-radial-oklab	radial/oklab	0	0	0.5	true	true	8	4	9	8	17	Preserved	true	Preserved
S19-radial-oklab	radial/oklab	1	0.5	1	true	true	64	13	27	26	53	Preserved	true	Preserved
S19-linear-linear-rgb	linear/linear-rgb	0	0	0.5	true	true	16	9	19	18	37	Preserved	true	Preserved
S19-linear-linear-rgb	linear/linear-rgb	1	0.5	1	true	true	64	18	37	36	73	Preserved	true	Preserved
S19-radial-linear-rgb	radial/linear-rgb	0	0	0.5	true	true	16	9	19	18	37	Preserved	true	Preserved
S19-radial-linear-rgb	radial/linear-rgb	1	0.5	1	true	true	64	18	37	36	73	Preserved	true	Preserved
S20-linear-oklab	linear/oklab	0	0	0.33333333333333298	true	true	64	17	35	34	69	Preserved	true	Preserved
S20-linear-oklab	linear/oklab	1	0.33333333333333298	0.66666666666666696	true	true	64	16	33	32	65	Preserved	true	Preserved
S20-linear-oklab	linear/oklab	2	0.66666666666666696	1	true	true	64	26	53	52	105	Preserved	true	Preserved
S20-radial-oklab	radial/oklab	0	0	0.33333333333333298	true	true	64	17	35	34	69	Preserved	true	Preserved
S20-radial-oklab	radial/oklab	1	0.33333333333333298	0.66666666666666696	true	true	64	16	33	32	65	Preserved	true	Preserved
S20-radial-oklab	radial/oklab	2	0.66666666666666696	1	true	true	64	26	53	52	105	Preserved	true	Preserved
S20-linear-linear-rgb	linear/linear-rgb	0	0	0.33333333333333298	true	true	64	17	35	34	69	Preserved	true	Preserved
S20-linear-linear-rgb	linear/linear-rgb	1	0.33333333333333298	0.66666666666666696	true	true	64	19	39	38	77	Preserved	true	Preserved
S20-linear-linear-rgb	linear/linear-rgb	2	0.66666666666666696	1	true	true	64	30	61	60	121	Preserved	true	Preserved
S20-radial-linear-rgb	radial/linear-rgb	0	0	0.33333333333333298	true	true	64	17	35	34	69	Preserved	true	Preserved
S20-radial-linear-rgb	radial/linear-rgb	1	0.33333333333333298	0.66666666666666696	true	true	64	19	39	38	77	Preserved	true	Preserved
S20-radial-linear-rgb	radial/linear-rgb	2	0.66666666666666696	1	true	true	64	30	61	60	121	Preserved	true	Preserved
S21-linear-oklab	linear/oklab	0	0	0.25	true	false	0	0	0	0	0	Preserved	true	Preserved
S21-linear-oklab	linear/oklab	1	0.25	0.25	false	false	0	0	0	0	0	Preserved	true	Preserved
S21-linear-oklab	linear/oklab	2	0.25	0.5	true	false	0	0	0	0	0	Preserved	true	Preserved
S21-linear-oklab	linear/oklab	3	0.5	0.5	false	false	0	0	0	0	0	Preserved	true	Preserved
S21-linear-oklab	linear/oklab	4	0.5	0.75	true	false	0	0	0	0	0	Preserved	true	Preserved
S21-linear-oklab	linear/oklab	5	0.75	0.75	false	false	0	0	0	0	0	Preserved	true	Preserved
S21-linear-oklab	linear/oklab	6	0.75	1	true	false	0	0	0	0	0	Preserved	true	Preserved
S21-radial-oklab	radial/oklab	0	0	0.25	true	false	0	0	0	0	0	Preserved	true	Preserved
S21-radial-oklab	radial/oklab	1	0.25	0.25	false	false	0	0	0	0	0	Preserved	true	Preserved
S21-radial-oklab	radial/oklab	2	0.25	0.5	true	false	0	0	0	0	0	Preserved	true	Preserved
S21-radial-oklab	radial/oklab	3	0.5	0.5	false	false	0	0	0	0	0	Preserved	true	Preserved
S21-radial-oklab	radial/oklab	4	0.5	0.75	true	false	0	0	0	0	0	Preserved	true	Preserved
S21-radial-oklab	radial/oklab	5	0.75	0.75	false	false	0	0	0	0	0	Preserved	true	Preserved
S21-radial-oklab	radial/oklab	6	0.75	1	true	false	0	0	0	0	0	Preserved	true	Preserved
S21-linear-linear-rgb	linear/linear-rgb	0	0	0.25	true	false	0	0	0	0	0	Preserved	true	Preserved
S21-linear-linear-rgb	linear/linear-rgb	1	0.25	0.25	false	false	0	0	0	0	0	Preserved	true	Preserved
S21-linear-linear-rgb	linear/linear-rgb	2	0.25	0.5	true	false	0	0	0	0	0	Preserved	true	Preserved
S21-linear-linear-rgb	linear/linear-rgb	3	0.5	0.5	false	false	0	0	0	0	0	Preserved	true	Preserved
S21-linear-linear-rgb	linear/linear-rgb	4	0.5	0.75	true	false	0	0	0	0	0	Preserved	true	Preserved
S21-linear-linear-rgb	linear/linear-rgb	5	0.75	0.75	false	false	0	0	0	0	0	Preserved	true	Preserved
S21-linear-linear-rgb	linear/linear-rgb	6	0.75	1	true	false	0	0	0	0	0	Preserved	true	Preserved
S21-radial-linear-rgb	radial/linear-rgb	0	0	0.25	true	false	0	0	0	0	0	Preserved	true	Preserved
S21-radial-linear-rgb	radial/linear-rgb	1	0.25	0.25	false	false	0	0	0	0	0	Preserved	true	Preserved
S21-radial-linear-rgb	radial/linear-rgb	2	0.25	0.5	true	false	0	0	0	0	0	Preserved	true	Preserved
S21-radial-linear-rgb	radial/linear-rgb	3	0.5	0.5	false	false	0	0	0	0	0	Preserved	true	Preserved
S21-radial-linear-rgb	radial/linear-rgb	4	0.5	0.75	true	false	0	0	0	0	0	Preserved	true	Preserved
S21-radial-linear-rgb	radial/linear-rgb	5	0.75	0.75	false	false	0	0	0	0	0	Preserved	true	Preserved
S21-radial-linear-rgb	radial/linear-rgb	6	0.75	1	true	false	0	0	0	0	0	Preserved	true	Preserved
S22-linear-oklab	linear/oklab	0	0	0.071428571428571397	true	true	64	21	43	42	85	Preserved	true	Preserved
S22-linear-oklab	linear/oklab	1	0.071428571428571397	0.14285714285714302	true	true	32	9	19	18	37	Preserved	true	Preserved
S22-linear-oklab	linear/oklab	2	0.14285714285714302	0.214285714285714	true	true	64	26	53	52	105	Preserved	true	Preserved
S22-linear-oklab	linear/oklab	3	0.214285714285714	0.28571428571428603	true	true	64	20	41	40	81	Preserved	true	Preserved
S22-linear-oklab	linear/oklab	4	0.28571428571428603	0.35714285714285698	true	true	4	3	7	6	13	Preserved	true	Preserved
S22-linear-oklab	linear/oklab	5	0.35714285714285698	0.42857142857142899	true	true	64	31	63	62	125	Preserved	true	Preserved
S22-linear-oklab	linear/oklab	6	0.42857142857142899	0.5	true	true	64	29	59	58	117	Preserved	true	Preserved
S22-linear-oklab	linear/oklab	7	0.5	0.50000100000000003	true	true	64	18	37	36	73	Preserved	true	Preserved
S22-linear-oklab	linear/oklab	8	0.50000100000000003	0.57142942857142898	true	true	64	21	43	42	85	Preserved	true	Preserved
S22-linear-oklab	linear/oklab	9	0.57142942857142898	0.64285785714285693	true	true	32	9	19	18	37	Preserved	true	Preserved
S22-linear-oklab	linear/oklab	10	0.64285785714285693	0.71428628571428598	true	true	64	26	53	52	105	Preserved	true	Preserved
S22-linear-oklab	linear/oklab	11	0.71428628571428598	0.78571471428571404	true	true	64	20	41	40	81	Preserved	true	Preserved
S22-linear-oklab	linear/oklab	12	0.78571471428571404	0.85714314285714299	true	true	4	3	7	6	13	Preserved	true	Preserved
S22-linear-oklab	linear/oklab	13	0.85714314285714299	0.92857157142857105	true	true	64	31	63	62	125	Preserved	true	Preserved
S22-linear-oklab	linear/oklab	14	0.92857157142857105	1	true	true	64	29	59	58	117	Preserved	true	Preserved
S22-radial-oklab	radial/oklab	0	0	0.071428571428571397	true	true	64	21	43	42	85	Preserved	true	Preserved
S22-radial-oklab	radial/oklab	1	0.071428571428571397	0.14285714285714302	true	true	32	9	19	18	37	Preserved	true	Preserved
S22-radial-oklab	radial/oklab	2	0.14285714285714302	0.214285714285714	true	true	64	26	53	52	105	Preserved	true	Preserved
S22-radial-oklab	radial/oklab	3	0.214285714285714	0.28571428571428603	true	true	64	20	41	40	81	Preserved	true	Preserved
S22-radial-oklab	radial/oklab	4	0.28571428571428603	0.35714285714285698	true	true	4	3	7	6	13	Preserved	true	Preserved
S22-radial-oklab	radial/oklab	5	0.35714285714285698	0.42857142857142899	true	true	64	31	63	62	125	Preserved	true	Preserved
S22-radial-oklab	radial/oklab	6	0.42857142857142899	0.5	true	true	64	29	59	58	117	Preserved	true	Preserved
S22-radial-oklab	radial/oklab	7	0.5	0.50000100000000003	true	true	64	18	37	36	73	Preserved	true	Preserved
S22-radial-oklab	radial/oklab	8	0.50000100000000003	0.57142942857142898	true	true	64	21	43	42	85	Preserved	true	Preserved
S22-radial-oklab	radial/oklab	9	0.57142942857142898	0.64285785714285693	true	true	32	9	19	18	37	Preserved	true	Preserved
S22-radial-oklab	radial/oklab	10	0.64285785714285693	0.71428628571428598	true	true	64	26	53	52	105	Preserved	true	Preserved
S22-radial-oklab	radial/oklab	11	0.71428628571428598	0.78571471428571404	true	true	64	20	41	40	81	Preserved	true	Preserved
S22-radial-oklab	radial/oklab	12	0.78571471428571404	0.85714314285714299	true	true	4	3	7	6	13	Preserved	true	Preserved
S22-radial-oklab	radial/oklab	13	0.85714314285714299	0.92857157142857105	true	true	64	31	63	62	125	Preserved	true	Preserved
S22-radial-oklab	radial/oklab	14	0.92857157142857105	1	true	true	64	29	59	58	117	Preserved	true	Preserved
S22-linear-linear-rgb	linear/linear-rgb	0	0	0.071428571428571397	true	true	64	25	51	50	101	Preserved	true	Preserved
S22-linear-linear-rgb	linear/linear-rgb	1	0.071428571428571397	0.14285714285714302	true	true	64	21	43	42	85	Preserved	true	Preserved
S22-linear-linear-rgb	linear/linear-rgb	2	0.14285714285714302	0.214285714285714	true	true	64	28	57	56	113	Preserved	true	Preserved
S22-linear-linear-rgb	linear/linear-rgb	3	0.214285714285714	0.28571428571428603	true	true	64	23	47	46	93	Preserved	true	Preserved
S22-linear-linear-rgb	linear/linear-rgb	4	0.28571428571428603	0.35714285714285698	true	true	32	11	23	22	45	Preserved	true	Preserved
S22-linear-linear-rgb	linear/linear-rgb	5	0.35714285714285698	0.42857142857142899	true	true	64	31	63	62	125	Preserved	true	Preserved
S22-linear-linear-rgb	linear/linear-rgb	6	0.42857142857142899	0.5	true	true	64	30	61	60	121	Preserved	true	Preserved
S22-linear-linear-rgb	linear/linear-rgb	7	0.5	0.50000100000000003	true	true	64	22	45	44	89	Preserved	true	Preserved
S22-linear-linear-rgb	linear/linear-rgb	8	0.50000100000000003	0.57142942857142898	true	true	64	25	51	50	101	Preserved	true	Preserved
S22-linear-linear-rgb	linear/linear-rgb	9	0.57142942857142898	0.64285785714285693	true	true	64	21	43	42	85	Preserved	true	Preserved
S22-linear-linear-rgb	linear/linear-rgb	10	0.64285785714285693	0.71428628571428598	true	true	64	28	57	56	113	Preserved	true	Preserved
S22-linear-linear-rgb	linear/linear-rgb	11	0.71428628571428598	0.78571471428571404	true	true	64	23	47	46	93	Preserved	true	Preserved
S22-linear-linear-rgb	linear/linear-rgb	12	0.78571471428571404	0.85714314285714299	true	true	32	11	23	22	45	Preserved	true	Preserved
S22-linear-linear-rgb	linear/linear-rgb	13	0.85714314285714299	0.92857157142857105	true	true	64	31	63	62	125	Preserved	true	Preserved
S22-linear-linear-rgb	linear/linear-rgb	14	0.92857157142857105	1	true	true	64	30	61	60	121	Preserved	true	Preserved
S22-radial-linear-rgb	radial/linear-rgb	0	0	0.071428571428571397	true	true	64	25	51	50	101	Preserved	true	Preserved
S22-radial-linear-rgb	radial/linear-rgb	1	0.071428571428571397	0.14285714285714302	true	true	64	21	43	42	85	Preserved	true	Preserved
S22-radial-linear-rgb	radial/linear-rgb	2	0.14285714285714302	0.214285714285714	true	true	64	28	57	56	113	Preserved	true	Preserved
S22-radial-linear-rgb	radial/linear-rgb	3	0.214285714285714	0.28571428571428603	true	true	64	23	47	46	93	Preserved	true	Preserved
S22-radial-linear-rgb	radial/linear-rgb	4	0.28571428571428603	0.35714285714285698	true	true	32	11	23	22	45	Preserved	true	Preserved
S22-radial-linear-rgb	radial/linear-rgb	5	0.35714285714285698	0.42857142857142899	true	true	64	31	63	62	125	Preserved	true	Preserved
S22-radial-linear-rgb	radial/linear-rgb	6	0.42857142857142899	0.5	true	true	64	30	61	60	121	Preserved	true	Preserved
S22-radial-linear-rgb	radial/linear-rgb	7	0.5	0.50000100000000003	true	true	64	22	45	44	89	Preserved	true	Preserved
S22-radial-linear-rgb	radial/linear-rgb	8	0.50000100000000003	0.57142942857142898	true	true	64	25	51	50	101	Preserved	true	Preserved
S22-radial-linear-rgb	radial/linear-rgb	9	0.57142942857142898	0.64285785714285693	true	true	64	21	43	42	85	Preserved	true	Preserved
S22-radial-linear-rgb	radial/linear-rgb	10	0.64285785714285693	0.71428628571428598	true	true	64	28	57	56	113	Preserved	true	Preserved
S22-radial-linear-rgb	radial/linear-rgb	11	0.71428628571428598	0.78571471428571404	true	true	64	23	47	46	93	Preserved	true	Preserved
S22-radial-linear-rgb	radial/linear-rgb	12	0.78571471428571404	0.85714314285714299	true	true	32	11	23	22	45	Preserved	true	Preserved
S22-radial-linear-rgb	radial/linear-rgb	13	0.85714314285714299	0.92857157142857105	true	true	64	31	63	62	125	Preserved	true	Preserved
S22-radial-linear-rgb	radial/linear-rgb	14	0.92857157142857105	1	true	true	64	30	61	60	121	Preserved	true	Preserved
S23-linear-oklab	linear/oklab	0	0	1.678359236010875e-05	true	true	4	2	5	4	9	Preserved	true	Preserved
S23-linear-oklab	linear/oklab	1	1.678359236010875e-05	0.00013426873888087	true	true	2	1	3	2	5	Preserved	true	Preserved
S23-linear-oklab	linear/oklab	2	0.00013426873888087	0.00045315699372293648	true	true	8	3	7	6	13	Preserved	true	Preserved
S23-linear-oklab	linear/oklab	3	0.00045315699372293648	0.00107414991104696	true	true	1	0	1	0	1	Preserved	true	Preserved
S23-linear-oklab	linear/oklab	4	0.00107414991104696	0.0020979490450135953	true	true	4	2	5	4	9	Preserved	true	Preserved
S23-linear-oklab	linear/oklab	5	0.0020979490450135953	0.0036252559497834901	true	true	2	1	3	2	5	Preserved	true	Preserved
S23-linear-oklab	linear/oklab	6	0.0036252559497834901	0.0057567721795172997	true	true	8	3	7	6	13	Preserved	true	Preserved
S23-linear-oklab	linear/oklab	7	0.0057567721795172997	0.0085931992883757011	true	true	1	0	1	0	1	Preserved	true	Preserved
S23-linear-oklab	linear/oklab	8	0.0085931992883757011	0.0122352388305193	true	true	4	2	5	4	9	Preserved	true	Preserved
S23-linear-oklab	linear/oklab	9	0.0122352388305193	0.016783592360108748	true	true	2	1	3	2	5	Preserved	true	Preserved
S23-linear-oklab	linear/oklab	10	0.016783592360108748	0.02233896143130475	true	true	8	3	7	6	13	Preserved	true	Preserved
S23-linear-oklab	linear/oklab	11	0.02233896143130475	0.029002047598267949	true	true	1	0	1	0	1	Preserved	true	Preserved
S23-linear-oklab	linear/oklab	12	0.029002047598267949	0.036873552415158953	true	true	4	2	5	4	9	Preserved	true	Preserved
S23-linear-oklab	linear/oklab	13	0.036873552415158953	0.046054177436138453	true	true	2	1	3	2	5	Preserved	true	Preserved
S23-linear-oklab	linear/oklab	14	0.046054177436138453	0.056644624215367	true	true	8	3	7	6	13	Preserved	true	Preserved
S23-linear-oklab	linear/oklab	15	0.056644624215367	0.068745594307005498	true	true	1	0	1	0	1	Preserved	true	Preserved
S23-linear-oklab	linear/oklab	16	0.068745594307005498	0.082457789265214493	true	true	4	2	5	4	9	Preserved	true	Preserved
S23-linear-oklab	linear/oklab	17	0.082457789265214493	0.097881910644154496	true	true	2	1	3	2	5	Preserved	true	Preserved
S23-linear-oklab	linear/oklab	18	0.097881910644154496	0.115118659997986	true	true	8	3	7	6	13	Preserved	true	Preserved
S23-linear-oklab	linear/oklab	19	0.115118659997986	0.13426873888086999	true	true	1	0	1	0	1	Preserved	true	Preserved
S23-linear-oklab	linear/oklab	20	0.13426873888086999	0.15543284884696701	true	true	4	2	5	4	9	Preserved	true	Preserved
S23-linear-oklab	linear/oklab	21	0.15543284884696701	0.178711691450438	true	true	2	1	3	2	5	Preserved	true	Preserved
S23-linear-oklab	linear/oklab	22	0.178711691450438	0.20420596824544351	true	true	8	3	7	6	13	Preserved	true	Preserved
S23-linear-oklab	linear/oklab	23	0.20420596824544351	0.23201638078614351	true	true	1	0	1	0	1	Preserved	true	Preserved
S23-linear-oklab	linear/oklab	24	0.23201638078614351	0.26224363062669953	true	true	4	2	5	4	9	Preserved	true	Preserved
S23-linear-oklab	linear/oklab	25	0.26224363062669953	0.29498841932127151	true	true	2	1	3	2	5	Preserved	true	Preserved
S23-linear-oklab	linear/oklab	26	0.29498841932127151	0.33035144842402048	true	true	8	3	7	6	13	Preserved	true	Preserved
S23-linear-oklab	linear/oklab	27	0.33035144842402048	0.36843341948910746	true	true	1	0	1	0	1	Preserved	true	Preserved
S23-linear-oklab	linear/oklab	28	0.36843341948910746	0.40933503407069255	true	true	4	2	5	4	9	Preserved	true	Preserved
S23-linear-oklab	linear/oklab	29	0.40933503407069255	0.4531569937229365	true	true	2	1	3	2	5	Preserved	true	Preserved
S23-linear-oklab	linear/oklab	30	0.4531569937229365	0.5	true	true	8	3	7	6	13	Preserved	true	Preserved
S23-linear-oklab	linear/oklab	31	0.5	0.5468430062770635	true	true	8	3	7	6	13	Preserved	true	Preserved
S23-linear-oklab	linear/oklab	32	0.5468430062770635	0.59066496592930751	true	true	2	1	3	2	5	Preserved	true	Preserved
S23-linear-oklab	linear/oklab	33	0.59066496592930751	0.63156658051089254	true	true	4	2	5	4	9	Preserved	true	Preserved
S23-linear-oklab	linear/oklab	34	0.63156658051089254	0.66964855157597958	true	true	1	0	1	0	1	Preserved	true	Preserved
S23-linear-oklab	linear/oklab	35	0.66964855157597958	0.70501158067872849	true	true	8	3	7	6	13	Preserved	true	Preserved
S23-linear-oklab	linear/oklab	36	0.70501158067872849	0.73775636937330047	true	true	2	1	3	2	5	Preserved	true	Preserved
S23-linear-oklab	linear/oklab	37	0.73775636937330047	0.76798361921385649	true	true	4	2	5	4	9	Preserved	true	Preserved
S23-linear-oklab	linear/oklab	38	0.76798361921385649	0.79579403175455643	true	true	1	0	1	0	1	Preserved	true	Preserved
S23-linear-oklab	linear/oklab	39	0.79579403175455643	0.82128830854956203	true	true	8	3	7	6	13	Preserved	true	Preserved
S23-linear-oklab	linear/oklab	40	0.82128830854956203	0.84456715115303305	true	true	2	1	3	2	5	Preserved	true	Preserved
S23-linear-oklab	linear/oklab	41	0.84456715115303305	0.86573126111913001	true	true	4	2	5	4	9	Preserved	true	Preserved
S23-linear-oklab	linear/oklab	42	0.86573126111913001	0.88488134000201402	true	true	1	0	1	0	1	Preserved	true	Preserved
S23-linear-oklab	linear/oklab	43	0.88488134000201402	0.90211808935584548	true	true	8	3	7	6	13	Preserved	true	Preserved
S23-linear-oklab	linear/oklab	44	0.90211808935584548	0.91754221073478548	true	true	2	1	3	2	5	Preserved	true	Preserved
S23-linear-oklab	linear/oklab	45	0.91754221073478548	0.93125440569299456	true	true	4	2	5	4	9	Preserved	true	Preserved
S23-linear-oklab	linear/oklab	46	0.93125440569299456	0.94335537578463302	true	true	1	0	1	0	1	Preserved	true	Preserved
S23-linear-oklab	linear/oklab	47	0.94335537578463302	0.95394582256386151	true	true	8	3	7	6	13	Preserved	true	Preserved
S23-linear-oklab	linear/oklab	48	0.95394582256386151	0.96312644758484101	true	true	2	1	3	2	5	Preserved	true	Preserved
S23-linear-oklab	linear/oklab	49	0.96312644758484101	0.97099795240173203	true	true	4	2	5	4	9	Preserved	true	Preserved
S23-linear-oklab	linear/oklab	50	0.97099795240173203	0.97766103856869524	true	true	1	0	1	0	1	Preserved	true	Preserved
S23-linear-oklab	linear/oklab	51	0.97766103856869524	0.98321640763989127	true	true	8	3	7	6	13	Preserved	true	Preserved
S23-linear-oklab	linear/oklab	52	0.98321640763989127	0.98776476116948075	true	true	2	1	3	2	5	Preserved	true	Preserved
S23-linear-oklab	linear/oklab	53	0.98776476116948075	0.99140680071162435	true	true	4	2	5	4	9	Preserved	true	Preserved
S23-linear-oklab	linear/oklab	54	0.99140680071162435	0.99424322782048269	true	true	1	0	1	0	1	Preserved	true	Preserved
S23-linear-oklab	linear/oklab	55	0.99424322782048269	0.99637474405021653	true	true	8	3	7	6	13	Preserved	true	Preserved
S23-linear-oklab	linear/oklab	56	0.99637474405021653	0.99790205095498641	true	true	2	1	3	2	5	Preserved	true	Preserved
S23-linear-oklab	linear/oklab	57	0.99790205095498641	0.99892585008895307	true	true	4	2	5	4	9	Preserved	true	Preserved
S23-linear-oklab	linear/oklab	58	0.99892585008895307	0.99954684300627705	true	true	1	0	1	0	1	Preserved	true	Preserved
S23-linear-oklab	linear/oklab	59	0.99954684300627705	0.99986573126111911	true	true	8	3	7	6	13	Preserved	true	Preserved
S23-linear-oklab	linear/oklab	60	0.99986573126111911	0.99998321640763987	true	true	2	1	3	2	5	Preserved	true	Preserved
S23-linear-oklab	linear/oklab	61	0.99998321640763987	1	true	true	4	2	5	4	9	Preserved	true	Preserved
S23-radial-oklab	radial/oklab	0	0	1.678359236010875e-05	true	true	4	2	5	4	9	Preserved	true	Preserved
S23-radial-oklab	radial/oklab	1	1.678359236010875e-05	0.00013426873888087	true	true	2	1	3	2	5	Preserved	true	Preserved
S23-radial-oklab	radial/oklab	2	0.00013426873888087	0.00045315699372293648	true	true	8	3	7	6	13	Preserved	true	Preserved
S23-radial-oklab	radial/oklab	3	0.00045315699372293648	0.00107414991104696	true	true	1	0	1	0	1	Preserved	true	Preserved
S23-radial-oklab	radial/oklab	4	0.00107414991104696	0.0020979490450135953	true	true	4	2	5	4	9	Preserved	true	Preserved
S23-radial-oklab	radial/oklab	5	0.0020979490450135953	0.0036252559497834901	true	true	2	1	3	2	5	Preserved	true	Preserved
S23-radial-oklab	radial/oklab	6	0.0036252559497834901	0.0057567721795172997	true	true	8	3	7	6	13	Preserved	true	Preserved
S23-radial-oklab	radial/oklab	7	0.0057567721795172997	0.0085931992883757011	true	true	1	0	1	0	1	Preserved	true	Preserved
S23-radial-oklab	radial/oklab	8	0.0085931992883757011	0.0122352388305193	true	true	4	2	5	4	9	Preserved	true	Preserved
S23-radial-oklab	radial/oklab	9	0.0122352388305193	0.016783592360108748	true	true	2	1	3	2	5	Preserved	true	Preserved
S23-radial-oklab	radial/oklab	10	0.016783592360108748	0.02233896143130475	true	true	8	3	7	6	13	Preserved	true	Preserved
S23-radial-oklab	radial/oklab	11	0.02233896143130475	0.029002047598267949	true	true	1	0	1	0	1	Preserved	true	Preserved
S23-radial-oklab	radial/oklab	12	0.029002047598267949	0.036873552415158953	true	true	4	2	5	4	9	Preserved	true	Preserved
S23-radial-oklab	radial/oklab	13	0.036873552415158953	0.046054177436138453	true	true	2	1	3	2	5	Preserved	true	Preserved
S23-radial-oklab	radial/oklab	14	0.046054177436138453	0.056644624215367	true	true	8	3	7	6	13	Preserved	true	Preserved
S23-radial-oklab	radial/oklab	15	0.056644624215367	0.068745594307005498	true	true	1	0	1	0	1	Preserved	true	Preserved
S23-radial-oklab	radial/oklab	16	0.068745594307005498	0.082457789265214493	true	true	4	2	5	4	9	Preserved	true	Preserved
S23-radial-oklab	radial/oklab	17	0.082457789265214493	0.097881910644154496	true	true	2	1	3	2	5	Preserved	true	Preserved
S23-radial-oklab	radial/oklab	18	0.097881910644154496	0.115118659997986	true	true	8	3	7	6	13	Preserved	true	Preserved
S23-radial-oklab	radial/oklab	19	0.115118659997986	0.13426873888086999	true	true	1	0	1	0	1	Preserved	true	Preserved
S23-radial-oklab	radial/oklab	20	0.13426873888086999	0.15543284884696701	true	true	4	2	5	4	9	Preserved	true	Preserved
S23-radial-oklab	radial/oklab	21	0.15543284884696701	0.178711691450438	true	true	2	1	3	2	5	Preserved	true	Preserved
S23-radial-oklab	radial/oklab	22	0.178711691450438	0.20420596824544351	true	true	8	3	7	6	13	Preserved	true	Preserved
S23-radial-oklab	radial/oklab	23	0.20420596824544351	0.23201638078614351	true	true	1	0	1	0	1	Preserved	true	Preserved
S23-radial-oklab	radial/oklab	24	0.23201638078614351	0.26224363062669953	true	true	4	2	5	4	9	Preserved	true	Preserved
S23-radial-oklab	radial/oklab	25	0.26224363062669953	0.29498841932127151	true	true	2	1	3	2	5	Preserved	true	Preserved
S23-radial-oklab	radial/oklab	26	0.29498841932127151	0.33035144842402048	true	true	8	3	7	6	13	Preserved	true	Preserved
S23-radial-oklab	radial/oklab	27	0.33035144842402048	0.36843341948910746	true	true	1	0	1	0	1	Preserved	true	Preserved
S23-radial-oklab	radial/oklab	28	0.36843341948910746	0.40933503407069255	true	true	4	2	5	4	9	Preserved	true	Preserved
S23-radial-oklab	radial/oklab	29	0.40933503407069255	0.4531569937229365	true	true	2	1	3	2	5	Preserved	true	Preserved
S23-radial-oklab	radial/oklab	30	0.4531569937229365	0.5	true	true	8	3	7	6	13	Preserved	true	Preserved
S23-radial-oklab	radial/oklab	31	0.5	0.5468430062770635	true	true	8	3	7	6	13	Preserved	true	Preserved
S23-radial-oklab	radial/oklab	32	0.5468430062770635	0.59066496592930751	true	true	2	1	3	2	5	Preserved	true	Preserved
S23-radial-oklab	radial/oklab	33	0.59066496592930751	0.63156658051089254	true	true	4	2	5	4	9	Preserved	true	Preserved
S23-radial-oklab	radial/oklab	34	0.63156658051089254	0.66964855157597958	true	true	1	0	1	0	1	Preserved	true	Preserved
S23-radial-oklab	radial/oklab	35	0.66964855157597958	0.70501158067872849	true	true	8	3	7	6	13	Preserved	true	Preserved
S23-radial-oklab	radial/oklab	36	0.70501158067872849	0.73775636937330047	true	true	2	1	3	2	5	Preserved	true	Preserved
S23-radial-oklab	radial/oklab	37	0.73775636937330047	0.76798361921385649	true	true	4	2	5	4	9	Preserved	true	Preserved
S23-radial-oklab	radial/oklab	38	0.76798361921385649	0.79579403175455643	true	true	1	0	1	0	1	Preserved	true	Preserved
S23-radial-oklab	radial/oklab	39	0.79579403175455643	0.82128830854956203	true	true	8	3	7	6	13	Preserved	true	Preserved
S23-radial-oklab	radial/oklab	40	0.82128830854956203	0.84456715115303305	true	true	2	1	3	2	5	Preserved	true	Preserved
S23-radial-oklab	radial/oklab	41	0.84456715115303305	0.86573126111913001	true	true	4	2	5	4	9	Preserved	true	Preserved
S23-radial-oklab	radial/oklab	42	0.86573126111913001	0.88488134000201402	true	true	1	0	1	0	1	Preserved	true	Preserved
S23-radial-oklab	radial/oklab	43	0.88488134000201402	0.90211808935584548	true	true	8	3	7	6	13	Preserved	true	Preserved
S23-radial-oklab	radial/oklab	44	0.90211808935584548	0.91754221073478548	true	true	2	1	3	2	5	Preserved	true	Preserved
S23-radial-oklab	radial/oklab	45	0.91754221073478548	0.93125440569299456	true	true	4	2	5	4	9	Preserved	true	Preserved
S23-radial-oklab	radial/oklab	46	0.93125440569299456	0.94335537578463302	true	true	1	0	1	0	1	Preserved	true	Preserved
S23-radial-oklab	radial/oklab	47	0.94335537578463302	0.95394582256386151	true	true	8	3	7	6	13	Preserved	true	Preserved
S23-radial-oklab	radial/oklab	48	0.95394582256386151	0.96312644758484101	true	true	2	1	3	2	5	Preserved	true	Preserved
S23-radial-oklab	radial/oklab	49	0.96312644758484101	0.97099795240173203	true	true	4	2	5	4	9	Preserved	true	Preserved
S23-radial-oklab	radial/oklab	50	0.97099795240173203	0.97766103856869524	true	true	1	0	1	0	1	Preserved	true	Preserved
S23-radial-oklab	radial/oklab	51	0.97766103856869524	0.98321640763989127	true	true	8	3	7	6	13	Preserved	true	Preserved
S23-radial-oklab	radial/oklab	52	0.98321640763989127	0.98776476116948075	true	true	2	1	3	2	5	Preserved	true	Preserved
S23-radial-oklab	radial/oklab	53	0.98776476116948075	0.99140680071162435	true	true	4	2	5	4	9	Preserved	true	Preserved
S23-radial-oklab	radial/oklab	54	0.99140680071162435	0.99424322782048269	true	true	1	0	1	0	1	Preserved	true	Preserved
S23-radial-oklab	radial/oklab	55	0.99424322782048269	0.99637474405021653	true	true	8	3	7	6	13	Preserved	true	Preserved
S23-radial-oklab	radial/oklab	56	0.99637474405021653	0.99790205095498641	true	true	2	1	3	2	5	Preserved	true	Preserved
S23-radial-oklab	radial/oklab	57	0.99790205095498641	0.99892585008895307	true	true	4	2	5	4	9	Preserved	true	Preserved
S23-radial-oklab	radial/oklab	58	0.99892585008895307	0.99954684300627705	true	true	1	0	1	0	1	Preserved	true	Preserved
S23-radial-oklab	radial/oklab	59	0.99954684300627705	0.99986573126111911	true	true	8	3	7	6	13	Preserved	true	Preserved
S23-radial-oklab	radial/oklab	60	0.99986573126111911	0.99998321640763987	true	true	2	1	3	2	5	Preserved	true	Preserved
S23-radial-oklab	radial/oklab	61	0.99998321640763987	1	true	true	4	2	5	4	9	Preserved	true	Preserved
S23-linear-linear-rgb	linear/linear-rgb	0	0	1.678359236010875e-05	true	true	2	1	3	2	5	Preserved	true	Preserved
S23-linear-linear-rgb	linear/linear-rgb	1	1.678359236010875e-05	0.00013426873888087	true	true	2	1	3	2	5	Preserved	true	Preserved
S23-linear-linear-rgb	linear/linear-rgb	2	0.00013426873888087	0.00045315699372293648	true	true	8	4	9	8	17	Preserved	true	Preserved
S23-linear-linear-rgb	linear/linear-rgb	3	0.00045315699372293648	0.00107414991104696	true	true	2	1	3	2	5	Preserved	true	Preserved
S23-linear-linear-rgb	linear/linear-rgb	4	0.00107414991104696	0.0020979490450135953	true	true	2	1	3	2	5	Preserved	true	Preserved
S23-linear-linear-rgb	linear/linear-rgb	5	0.0020979490450135953	0.0036252559497834901	true	true	2	1	3	2	5	Preserved	true	Preserved
S23-linear-linear-rgb	linear/linear-rgb	6	0.0036252559497834901	0.0057567721795172997	true	true	8	4	9	8	17	Preserved	true	Preserved
S23-linear-linear-rgb	linear/linear-rgb	7	0.0057567721795172997	0.0085931992883757011	true	true	2	1	3	2	5	Preserved	true	Preserved
S23-linear-linear-rgb	linear/linear-rgb	8	0.0085931992883757011	0.0122352388305193	true	true	2	1	3	2	5	Preserved	true	Preserved
S23-linear-linear-rgb	linear/linear-rgb	9	0.0122352388305193	0.016783592360108748	true	true	2	1	3	2	5	Preserved	true	Preserved
S23-linear-linear-rgb	linear/linear-rgb	10	0.016783592360108748	0.02233896143130475	true	true	8	4	9	8	17	Preserved	true	Preserved
S23-linear-linear-rgb	linear/linear-rgb	11	0.02233896143130475	0.029002047598267949	true	true	2	1	3	2	5	Preserved	true	Preserved
S23-linear-linear-rgb	linear/linear-rgb	12	0.029002047598267949	0.036873552415158953	true	true	2	1	3	2	5	Preserved	true	Preserved
S23-linear-linear-rgb	linear/linear-rgb	13	0.036873552415158953	0.046054177436138453	true	true	2	1	3	2	5	Preserved	true	Preserved
S23-linear-linear-rgb	linear/linear-rgb	14	0.046054177436138453	0.056644624215367	true	true	8	4	9	8	17	Preserved	true	Preserved
S23-linear-linear-rgb	linear/linear-rgb	15	0.056644624215367	0.068745594307005498	true	true	2	1	3	2	5	Preserved	true	Preserved
S23-linear-linear-rgb	linear/linear-rgb	16	0.068745594307005498	0.082457789265214493	true	true	2	1	3	2	5	Preserved	true	Preserved
S23-linear-linear-rgb	linear/linear-rgb	17	0.082457789265214493	0.097881910644154496	true	true	2	1	3	2	5	Preserved	true	Preserved
S23-linear-linear-rgb	linear/linear-rgb	18	0.097881910644154496	0.115118659997986	true	true	8	4	9	8	17	Preserved	true	Preserved
S23-linear-linear-rgb	linear/linear-rgb	19	0.115118659997986	0.13426873888086999	true	true	2	1	3	2	5	Preserved	true	Preserved
S23-linear-linear-rgb	linear/linear-rgb	20	0.13426873888086999	0.15543284884696701	true	true	2	1	3	2	5	Preserved	true	Preserved
S23-linear-linear-rgb	linear/linear-rgb	21	0.15543284884696701	0.178711691450438	true	true	2	1	3	2	5	Preserved	true	Preserved
S23-linear-linear-rgb	linear/linear-rgb	22	0.178711691450438	0.20420596824544351	true	true	8	4	9	8	17	Preserved	true	Preserved
S23-linear-linear-rgb	linear/linear-rgb	23	0.20420596824544351	0.23201638078614351	true	true	2	1	3	2	5	Preserved	true	Preserved
S23-linear-linear-rgb	linear/linear-rgb	24	0.23201638078614351	0.26224363062669953	true	true	2	1	3	2	5	Preserved	true	Preserved
S23-linear-linear-rgb	linear/linear-rgb	25	0.26224363062669953	0.29498841932127151	true	true	2	1	3	2	5	Preserved	true	Preserved
S23-linear-linear-rgb	linear/linear-rgb	26	0.29498841932127151	0.33035144842402048	true	true	8	4	9	8	17	Preserved	true	Preserved
S23-linear-linear-rgb	linear/linear-rgb	27	0.33035144842402048	0.36843341948910746	true	true	2	1	3	2	5	Preserved	true	Preserved
S23-linear-linear-rgb	linear/linear-rgb	28	0.36843341948910746	0.40933503407069255	true	true	2	1	3	2	5	Preserved	true	Preserved
S23-linear-linear-rgb	linear/linear-rgb	29	0.40933503407069255	0.4531569937229365	true	true	2	1	3	2	5	Preserved	true	Preserved
S23-linear-linear-rgb	linear/linear-rgb	30	0.4531569937229365	0.5	true	true	8	4	9	8	17	Preserved	true	Preserved
S23-linear-linear-rgb	linear/linear-rgb	31	0.5	0.5468430062770635	true	true	8	4	9	8	17	Preserved	true	Preserved
S23-linear-linear-rgb	linear/linear-rgb	32	0.5468430062770635	0.59066496592930751	true	true	2	1	3	2	5	Preserved	true	Preserved
S23-linear-linear-rgb	linear/linear-rgb	33	0.59066496592930751	0.63156658051089254	true	true	2	1	3	2	5	Preserved	true	Preserved
S23-linear-linear-rgb	linear/linear-rgb	34	0.63156658051089254	0.66964855157597958	true	true	2	1	3	2	5	Preserved	true	Preserved
S23-linear-linear-rgb	linear/linear-rgb	35	0.66964855157597958	0.70501158067872849	true	true	8	4	9	8	17	Preserved	true	Preserved
S23-linear-linear-rgb	linear/linear-rgb	36	0.70501158067872849	0.73775636937330047	true	true	2	1	3	2	5	Preserved	true	Preserved
S23-linear-linear-rgb	linear/linear-rgb	37	0.73775636937330047	0.76798361921385649	true	true	2	1	3	2	5	Preserved	true	Preserved
S23-linear-linear-rgb	linear/linear-rgb	38	0.76798361921385649	0.79579403175455643	true	true	2	1	3	2	5	Preserved	true	Preserved
S23-linear-linear-rgb	linear/linear-rgb	39	0.79579403175455643	0.82128830854956203	true	true	8	4	9	8	17	Preserved	true	Preserved
S23-linear-linear-rgb	linear/linear-rgb	40	0.82128830854956203	0.84456715115303305	true	true	2	1	3	2	5	Preserved	true	Preserved
S23-linear-linear-rgb	linear/linear-rgb	41	0.84456715115303305	0.86573126111913001	true	true	2	1	3	2	5	Preserved	true	Preserved
S23-linear-linear-rgb	linear/linear-rgb	42	0.86573126111913001	0.88488134000201402	true	true	2	1	3	2	5	Preserved	true	Preserved
S23-linear-linear-rgb	linear/linear-rgb	43	0.88488134000201402	0.90211808935584548	true	true	8	4	9	8	17	Preserved	true	Preserved
S23-linear-linear-rgb	linear/linear-rgb	44	0.90211808935584548	0.91754221073478548	true	true	2	1	3	2	5	Preserved	true	Preserved
S23-linear-linear-rgb	linear/linear-rgb	45	0.91754221073478548	0.93125440569299456	true	true	2	1	3	2	5	Preserved	true	Preserved
S23-linear-linear-rgb	linear/linear-rgb	46	0.93125440569299456	0.94335537578463302	true	true	2	1	3	2	5	Preserved	true	Preserved
S23-linear-linear-rgb	linear/linear-rgb	47	0.94335537578463302	0.95394582256386151	true	true	8	4	9	8	17	Preserved	true	Preserved
S23-linear-linear-rgb	linear/linear-rgb	48	0.95394582256386151	0.96312644758484101	true	true	2	1	3	2	5	Preserved	true	Preserved
S23-linear-linear-rgb	linear/linear-rgb	49	0.96312644758484101	0.97099795240173203	true	true	2	1	3	2	5	Preserved	true	Preserved
S23-linear-linear-rgb	linear/linear-rgb	50	0.97099795240173203	0.97766103856869524	true	true	2	1	3	2	5	Preserved	true	Preserved
S23-linear-linear-rgb	linear/linear-rgb	51	0.97766103856869524	0.98321640763989127	true	true	8	4	9	8	17	Preserved	true	Preserved
S23-linear-linear-rgb	linear/linear-rgb	52	0.98321640763989127	0.98776476116948075	true	true	2	1	3	2	5	Preserved	true	Preserved
S23-linear-linear-rgb	linear/linear-rgb	53	0.98776476116948075	0.99140680071162435	true	true	2	1	3	2	5	Preserved	true	Preserved
S23-linear-linear-rgb	linear/linear-rgb	54	0.99140680071162435	0.99424322782048269	true	true	2	1	3	2	5	Preserved	true	Preserved
S23-linear-linear-rgb	linear/linear-rgb	55	0.99424322782048269	0.99637474405021653	true	true	8	4	9	8	17	Preserved	true	Preserved
S23-linear-linear-rgb	linear/linear-rgb	56	0.99637474405021653	0.99790205095498641	true	true	2	1	3	2	5	Preserved	true	Preserved
S23-linear-linear-rgb	linear/linear-rgb	57	0.99790205095498641	0.99892585008895307	true	true	2	1	3	2	5	Preserved	true	Preserved
S23-linear-linear-rgb	linear/linear-rgb	58	0.99892585008895307	0.99954684300627705	true	true	2	1	3	2	5	Preserved	true	Preserved
S23-linear-linear-rgb	linear/linear-rgb	59	0.99954684300627705	0.99986573126111911	true	true	8	4	9	8	17	Preserved	true	Preserved
S23-linear-linear-rgb	linear/linear-rgb	60	0.99986573126111911	0.99998321640763987	true	true	2	1	3	2	5	Preserved	true	Preserved
S23-linear-linear-rgb	linear/linear-rgb	61	0.99998321640763987	1	true	true	2	1	3	2	5	Preserved	true	Preserved
S23-radial-linear-rgb	radial/linear-rgb	0	0	1.678359236010875e-05	true	true	2	1	3	2	5	Preserved	true	Preserved
S23-radial-linear-rgb	radial/linear-rgb	1	1.678359236010875e-05	0.00013426873888087	true	true	2	1	3	2	5	Preserved	true	Preserved
S23-radial-linear-rgb	radial/linear-rgb	2	0.00013426873888087	0.00045315699372293648	true	true	8	4	9	8	17	Preserved	true	Preserved
S23-radial-linear-rgb	radial/linear-rgb	3	0.00045315699372293648	0.00107414991104696	true	true	2	1	3	2	5	Preserved	true	Preserved
S23-radial-linear-rgb	radial/linear-rgb	4	0.00107414991104696	0.0020979490450135953	true	true	2	1	3	2	5	Preserved	true	Preserved
S23-radial-linear-rgb	radial/linear-rgb	5	0.0020979490450135953	0.0036252559497834901	true	true	2	1	3	2	5	Preserved	true	Preserved
S23-radial-linear-rgb	radial/linear-rgb	6	0.0036252559497834901	0.0057567721795172997	true	true	8	4	9	8	17	Preserved	true	Preserved
S23-radial-linear-rgb	radial/linear-rgb	7	0.0057567721795172997	0.0085931992883757011	true	true	2	1	3	2	5	Preserved	true	Preserved
S23-radial-linear-rgb	radial/linear-rgb	8	0.0085931992883757011	0.0122352388305193	true	true	2	1	3	2	5	Preserved	true	Preserved
S23-radial-linear-rgb	radial/linear-rgb	9	0.0122352388305193	0.016783592360108748	true	true	2	1	3	2	5	Preserved	true	Preserved
S23-radial-linear-rgb	radial/linear-rgb	10	0.016783592360108748	0.02233896143130475	true	true	8	4	9	8	17	Preserved	true	Preserved
S23-radial-linear-rgb	radial/linear-rgb	11	0.02233896143130475	0.029002047598267949	true	true	2	1	3	2	5	Preserved	true	Preserved
S23-radial-linear-rgb	radial/linear-rgb	12	0.029002047598267949	0.036873552415158953	true	true	2	1	3	2	5	Preserved	true	Preserved
S23-radial-linear-rgb	radial/linear-rgb	13	0.036873552415158953	0.046054177436138453	true	true	2	1	3	2	5	Preserved	true	Preserved
S23-radial-linear-rgb	radial/linear-rgb	14	0.046054177436138453	0.056644624215367	true	true	8	4	9	8	17	Preserved	true	Preserved
S23-radial-linear-rgb	radial/linear-rgb	15	0.056644624215367	0.068745594307005498	true	true	2	1	3	2	5	Preserved	true	Preserved
S23-radial-linear-rgb	radial/linear-rgb	16	0.068745594307005498	0.082457789265214493	true	true	2	1	3	2	5	Preserved	true	Preserved
S23-radial-linear-rgb	radial/linear-rgb	17	0.082457789265214493	0.097881910644154496	true	true	2	1	3	2	5	Preserved	true	Preserved
S23-radial-linear-rgb	radial/linear-rgb	18	0.097881910644154496	0.115118659997986	true	true	8	4	9	8	17	Preserved	true	Preserved
S23-radial-linear-rgb	radial/linear-rgb	19	0.115118659997986	0.13426873888086999	true	true	2	1	3	2	5	Preserved	true	Preserved
S23-radial-linear-rgb	radial/linear-rgb	20	0.13426873888086999	0.15543284884696701	true	true	2	1	3	2	5	Preserved	true	Preserved
S23-radial-linear-rgb	radial/linear-rgb	21	0.15543284884696701	0.178711691450438	true	true	2	1	3	2	5	Preserved	true	Preserved
S23-radial-linear-rgb	radial/linear-rgb	22	0.178711691450438	0.20420596824544351	true	true	8	4	9	8	17	Preserved	true	Preserved
S23-radial-linear-rgb	radial/linear-rgb	23	0.20420596824544351	0.23201638078614351	true	true	2	1	3	2	5	Preserved	true	Preserved
S23-radial-linear-rgb	radial/linear-rgb	24	0.23201638078614351	0.26224363062669953	true	true	2	1	3	2	5	Preserved	true	Preserved
S23-radial-linear-rgb	radial/linear-rgb	25	0.26224363062669953	0.29498841932127151	true	true	2	1	3	2	5	Preserved	true	Preserved
S23-radial-linear-rgb	radial/linear-rgb	26	0.29498841932127151	0.33035144842402048	true	true	8	4	9	8	17	Preserved	true	Preserved
S23-radial-linear-rgb	radial/linear-rgb	27	0.33035144842402048	0.36843341948910746	true	true	2	1	3	2	5	Preserved	true	Preserved
S23-radial-linear-rgb	radial/linear-rgb	28	0.36843341948910746	0.40933503407069255	true	true	2	1	3	2	5	Preserved	true	Preserved
S23-radial-linear-rgb	radial/linear-rgb	29	0.40933503407069255	0.4531569937229365	true	true	2	1	3	2	5	Preserved	true	Preserved
S23-radial-linear-rgb	radial/linear-rgb	30	0.4531569937229365	0.5	true	true	8	4	9	8	17	Preserved	true	Preserved
S23-radial-linear-rgb	radial/linear-rgb	31	0.5	0.5468430062770635	true	true	8	4	9	8	17	Preserved	true	Preserved
S23-radial-linear-rgb	radial/linear-rgb	32	0.5468430062770635	0.59066496592930751	true	true	2	1	3	2	5	Preserved	true	Preserved
S23-radial-linear-rgb	radial/linear-rgb	33	0.59066496592930751	0.63156658051089254	true	true	2	1	3	2	5	Preserved	true	Preserved
S23-radial-linear-rgb	radial/linear-rgb	34	0.63156658051089254	0.66964855157597958	true	true	2	1	3	2	5	Preserved	true	Preserved
S23-radial-linear-rgb	radial/linear-rgb	35	0.66964855157597958	0.70501158067872849	true	true	8	4	9	8	17	Preserved	true	Preserved
S23-radial-linear-rgb	radial/linear-rgb	36	0.70501158067872849	0.73775636937330047	true	true	2	1	3	2	5	Preserved	true	Preserved
S23-radial-linear-rgb	radial/linear-rgb	37	0.73775636937330047	0.76798361921385649	true	true	2	1	3	2	5	Preserved	true	Preserved
S23-radial-linear-rgb	radial/linear-rgb	38	0.76798361921385649	0.79579403175455643	true	true	2	1	3	2	5	Preserved	true	Preserved
S23-radial-linear-rgb	radial/linear-rgb	39	0.79579403175455643	0.82128830854956203	true	true	8	4	9	8	17	Preserved	true	Preserved
S23-radial-linear-rgb	radial/linear-rgb	40	0.82128830854956203	0.84456715115303305	true	true	2	1	3	2	5	Preserved	true	Preserved
S23-radial-linear-rgb	radial/linear-rgb	41	0.84456715115303305	0.86573126111913001	true	true	2	1	3	2	5	Preserved	true	Preserved
S23-radial-linear-rgb	radial/linear-rgb	42	0.86573126111913001	0.88488134000201402	true	true	2	1	3	2	5	Preserved	true	Preserved
S23-radial-linear-rgb	radial/linear-rgb	43	0.88488134000201402	0.90211808935584548	true	true	8	4	9	8	17	Preserved	true	Preserved
S23-radial-linear-rgb	radial/linear-rgb	44	0.90211808935584548	0.91754221073478548	true	true	2	1	3	2	5	Preserved	true	Preserved
S23-radial-linear-rgb	radial/linear-rgb	45	0.91754221073478548	0.93125440569299456	true	true	2	1	3	2	5	Preserved	true	Preserved
S23-radial-linear-rgb	radial/linear-rgb	46	0.93125440569299456	0.94335537578463302	true	true	2	1	3	2	5	Preserved	true	Preserved
S23-radial-linear-rgb	radial/linear-rgb	47	0.94335537578463302	0.95394582256386151	true	true	8	4	9	8	17	Preserved	true	Preserved
S23-radial-linear-rgb	radial/linear-rgb	48	0.95394582256386151	0.96312644758484101	true	true	2	1	3	2	5	Preserved	true	Preserved
S23-radial-linear-rgb	radial/linear-rgb	49	0.96312644758484101	0.97099795240173203	true	true	2	1	3	2	5	Preserved	true	Preserved
S23-radial-linear-rgb	radial/linear-rgb	50	0.97099795240173203	0.97766103856869524	true	true	2	1	3	2	5	Preserved	true	Preserved
S23-radial-linear-rgb	radial/linear-rgb	51	0.97766103856869524	0.98321640763989127	true	true	8	4	9	8	17	Preserved	true	Preserved
S23-radial-linear-rgb	radial/linear-rgb	52	0.98321640763989127	0.98776476116948075	true	true	2	1	3	2	5	Preserved	true	Preserved
S23-radial-linear-rgb	radial/linear-rgb	53	0.98776476116948075	0.99140680071162435	true	true	2	1	3	2	5	Preserved	true	Preserved
S23-radial-linear-rgb	radial/linear-rgb	54	0.99140680071162435	0.99424322782048269	true	true	2	1	3	2	5	Preserved	true	Preserved
S23-radial-linear-rgb	radial/linear-rgb	55	0.99424322782048269	0.99637474405021653	true	true	8	4	9	8	17	Preserved	true	Preserved
S23-radial-linear-rgb	radial/linear-rgb	56	0.99637474405021653	0.99790205095498641	true	true	2	1	3	2	5	Preserved	true	Preserved
S23-radial-linear-rgb	radial/linear-rgb	57	0.99790205095498641	0.99892585008895307	true	true	2	1	3	2	5	Preserved	true	Preserved
S23-radial-linear-rgb	radial/linear-rgb	58	0.99892585008895307	0.99954684300627705	true	true	2	1	3	2	5	Preserved	true	Preserved
S23-radial-linear-rgb	radial/linear-rgb	59	0.99954684300627705	0.99986573126111911	true	true	8	4	9	8	17	Preserved	true	Preserved
S23-radial-linear-rgb	radial/linear-rgb	60	0.99986573126111911	0.99998321640763987	true	true	2	1	3	2	5	Preserved	true	Preserved
S23-radial-linear-rgb	radial/linear-rgb	61	0.99998321640763987	1	true	true	2	1	3	2	5	Preserved	true	Preserved
S24-linear-oklab	linear/oklab	0	0	0.0625	true	false	0	0	0	0	0	Preserved	true	Preserved
S24-linear-oklab	linear/oklab	1	0.0625	0.0625	false	false	0	0	0	0	0	Preserved	true	Preserved
S24-linear-oklab	linear/oklab	2	0.0625	0.125	true	false	0	0	0	0	0	Preserved	true	Preserved
S24-linear-oklab	linear/oklab	3	0.125	0.125	false	false	0	0	0	0	0	Preserved	true	Preserved
S24-linear-oklab	linear/oklab	4	0.125	0.1875	true	false	0	0	0	0	0	Preserved	true	Preserved
S24-linear-oklab	linear/oklab	5	0.1875	0.1875	false	false	0	0	0	0	0	Preserved	true	Preserved
S24-linear-oklab	linear/oklab	6	0.1875	0.25	true	false	0	0	0	0	0	Preserved	true	Preserved
S24-linear-oklab	linear/oklab	7	0.25	0.25	false	false	0	0	0	0	0	Preserved	true	Preserved
S24-linear-oklab	linear/oklab	8	0.25	0.3125	true	false	0	0	0	0	0	Preserved	true	Preserved
S24-linear-oklab	linear/oklab	9	0.3125	0.3125	false	false	0	0	0	0	0	Preserved	true	Preserved
S24-linear-oklab	linear/oklab	10	0.3125	0.375	true	false	0	0	0	0	0	Preserved	true	Preserved
S24-linear-oklab	linear/oklab	11	0.375	0.375	false	false	0	0	0	0	0	Preserved	true	Preserved
S24-linear-oklab	linear/oklab	12	0.375	0.4375	true	false	0	0	0	0	0	Preserved	true	Preserved
S24-linear-oklab	linear/oklab	13	0.4375	0.4375	false	false	0	0	0	0	0	Preserved	true	Preserved
S24-linear-oklab	linear/oklab	14	0.4375	0.5	true	false	0	0	0	0	0	Preserved	true	Preserved
S24-linear-oklab	linear/oklab	15	0.5	0.5625	true	false	0	0	0	0	0	Preserved	true	Preserved
S24-linear-oklab	linear/oklab	16	0.5625	0.5625	false	false	0	0	0	0	0	Preserved	true	Preserved
S24-linear-oklab	linear/oklab	17	0.5625	0.625	true	false	0	0	0	0	0	Preserved	true	Preserved
S24-linear-oklab	linear/oklab	18	0.625	0.625	false	false	0	0	0	0	0	Preserved	true	Preserved
S24-linear-oklab	linear/oklab	19	0.625	0.6875	true	false	0	0	0	0	0	Preserved	true	Preserved
S24-linear-oklab	linear/oklab	20	0.6875	0.6875	false	false	0	0	0	0	0	Preserved	true	Preserved
S24-linear-oklab	linear/oklab	21	0.6875	0.75	true	false	0	0	0	0	0	Preserved	true	Preserved
S24-linear-oklab	linear/oklab	22	0.75	0.75	false	false	0	0	0	0	0	Preserved	true	Preserved
S24-linear-oklab	linear/oklab	23	0.75	0.8125	true	false	0	0	0	0	0	Preserved	true	Preserved
S24-linear-oklab	linear/oklab	24	0.8125	0.8125	false	false	0	0	0	0	0	Preserved	true	Preserved
S24-linear-oklab	linear/oklab	25	0.8125	0.875	true	false	0	0	0	0	0	Preserved	true	Preserved
S24-linear-oklab	linear/oklab	26	0.875	0.875	false	false	0	0	0	0	0	Preserved	true	Preserved
S24-linear-oklab	linear/oklab	27	0.875	0.9375	true	false	0	0	0	0	0	Preserved	true	Preserved
S24-linear-oklab	linear/oklab	28	0.9375	0.9375	false	false	0	0	0	0	0	Preserved	true	Preserved
S24-linear-oklab	linear/oklab	29	0.9375	1	true	false	0	0	0	0	0	Preserved	true	Preserved
S24-radial-oklab	radial/oklab	0	0	0.0625	true	false	0	0	0	0	0	Preserved	true	Preserved
S24-radial-oklab	radial/oklab	1	0.0625	0.0625	false	false	0	0	0	0	0	Preserved	true	Preserved
S24-radial-oklab	radial/oklab	2	0.0625	0.125	true	false	0	0	0	0	0	Preserved	true	Preserved
S24-radial-oklab	radial/oklab	3	0.125	0.125	false	false	0	0	0	0	0	Preserved	true	Preserved
S24-radial-oklab	radial/oklab	4	0.125	0.1875	true	false	0	0	0	0	0	Preserved	true	Preserved
S24-radial-oklab	radial/oklab	5	0.1875	0.1875	false	false	0	0	0	0	0	Preserved	true	Preserved
S24-radial-oklab	radial/oklab	6	0.1875	0.25	true	false	0	0	0	0	0	Preserved	true	Preserved
S24-radial-oklab	radial/oklab	7	0.25	0.25	false	false	0	0	0	0	0	Preserved	true	Preserved
S24-radial-oklab	radial/oklab	8	0.25	0.3125	true	false	0	0	0	0	0	Preserved	true	Preserved
S24-radial-oklab	radial/oklab	9	0.3125	0.3125	false	false	0	0	0	0	0	Preserved	true	Preserved
S24-radial-oklab	radial/oklab	10	0.3125	0.375	true	false	0	0	0	0	0	Preserved	true	Preserved
S24-radial-oklab	radial/oklab	11	0.375	0.375	false	false	0	0	0	0	0	Preserved	true	Preserved
S24-radial-oklab	radial/oklab	12	0.375	0.4375	true	false	0	0	0	0	0	Preserved	true	Preserved
S24-radial-oklab	radial/oklab	13	0.4375	0.4375	false	false	0	0	0	0	0	Preserved	true	Preserved
S24-radial-oklab	radial/oklab	14	0.4375	0.5	true	false	0	0	0	0	0	Preserved	true	Preserved
S24-radial-oklab	radial/oklab	15	0.5	0.5625	true	false	0	0	0	0	0	Preserved	true	Preserved
S24-radial-oklab	radial/oklab	16	0.5625	0.5625	false	false	0	0	0	0	0	Preserved	true	Preserved
S24-radial-oklab	radial/oklab	17	0.5625	0.625	true	false	0	0	0	0	0	Preserved	true	Preserved
S24-radial-oklab	radial/oklab	18	0.625	0.625	false	false	0	0	0	0	0	Preserved	true	Preserved
S24-radial-oklab	radial/oklab	19	0.625	0.6875	true	false	0	0	0	0	0	Preserved	true	Preserved
S24-radial-oklab	radial/oklab	20	0.6875	0.6875	false	false	0	0	0	0	0	Preserved	true	Preserved
S24-radial-oklab	radial/oklab	21	0.6875	0.75	true	false	0	0	0	0	0	Preserved	true	Preserved
S24-radial-oklab	radial/oklab	22	0.75	0.75	false	false	0	0	0	0	0	Preserved	true	Preserved
S24-radial-oklab	radial/oklab	23	0.75	0.8125	true	false	0	0	0	0	0	Preserved	true	Preserved
S24-radial-oklab	radial/oklab	24	0.8125	0.8125	false	false	0	0	0	0	0	Preserved	true	Preserved
S24-radial-oklab	radial/oklab	25	0.8125	0.875	true	false	0	0	0	0	0	Preserved	true	Preserved
S24-radial-oklab	radial/oklab	26	0.875	0.875	false	false	0	0	0	0	0	Preserved	true	Preserved
S24-radial-oklab	radial/oklab	27	0.875	0.9375	true	false	0	0	0	0	0	Preserved	true	Preserved
S24-radial-oklab	radial/oklab	28	0.9375	0.9375	false	false	0	0	0	0	0	Preserved	true	Preserved
S24-radial-oklab	radial/oklab	29	0.9375	1	true	false	0	0	0	0	0	Preserved	true	Preserved
S24-linear-linear-rgb	linear/linear-rgb	0	0	0.0625	true	false	0	0	0	0	0	Preserved	true	Preserved
S24-linear-linear-rgb	linear/linear-rgb	1	0.0625	0.0625	false	false	0	0	0	0	0	Preserved	true	Preserved
S24-linear-linear-rgb	linear/linear-rgb	2	0.0625	0.125	true	false	0	0	0	0	0	Preserved	true	Preserved
S24-linear-linear-rgb	linear/linear-rgb	3	0.125	0.125	false	false	0	0	0	0	0	Preserved	true	Preserved
S24-linear-linear-rgb	linear/linear-rgb	4	0.125	0.1875	true	false	0	0	0	0	0	Preserved	true	Preserved
S24-linear-linear-rgb	linear/linear-rgb	5	0.1875	0.1875	false	false	0	0	0	0	0	Preserved	true	Preserved
S24-linear-linear-rgb	linear/linear-rgb	6	0.1875	0.25	true	false	0	0	0	0	0	Preserved	true	Preserved
S24-linear-linear-rgb	linear/linear-rgb	7	0.25	0.25	false	false	0	0	0	0	0	Preserved	true	Preserved
S24-linear-linear-rgb	linear/linear-rgb	8	0.25	0.3125	true	false	0	0	0	0	0	Preserved	true	Preserved
S24-linear-linear-rgb	linear/linear-rgb	9	0.3125	0.3125	false	false	0	0	0	0	0	Preserved	true	Preserved
S24-linear-linear-rgb	linear/linear-rgb	10	0.3125	0.375	true	false	0	0	0	0	0	Preserved	true	Preserved
S24-linear-linear-rgb	linear/linear-rgb	11	0.375	0.375	false	false	0	0	0	0	0	Preserved	true	Preserved
S24-linear-linear-rgb	linear/linear-rgb	12	0.375	0.4375	true	false	0	0	0	0	0	Preserved	true	Preserved
S24-linear-linear-rgb	linear/linear-rgb	13	0.4375	0.4375	false	false	0	0	0	0	0	Preserved	true	Preserved
S24-linear-linear-rgb	linear/linear-rgb	14	0.4375	0.5	true	false	0	0	0	0	0	Preserved	true	Preserved
S24-linear-linear-rgb	linear/linear-rgb	15	0.5	0.5625	true	false	0	0	0	0	0	Preserved	true	Preserved
S24-linear-linear-rgb	linear/linear-rgb	16	0.5625	0.5625	false	false	0	0	0	0	0	Preserved	true	Preserved
S24-linear-linear-rgb	linear/linear-rgb	17	0.5625	0.625	true	false	0	0	0	0	0	Preserved	true	Preserved
S24-linear-linear-rgb	linear/linear-rgb	18	0.625	0.625	false	false	0	0	0	0	0	Preserved	true	Preserved
S24-linear-linear-rgb	linear/linear-rgb	19	0.625	0.6875	true	false	0	0	0	0	0	Preserved	true	Preserved
S24-linear-linear-rgb	linear/linear-rgb	20	0.6875	0.6875	false	false	0	0	0	0	0	Preserved	true	Preserved
S24-linear-linear-rgb	linear/linear-rgb	21	0.6875	0.75	true	false	0	0	0	0	0	Preserved	true	Preserved
S24-linear-linear-rgb	linear/linear-rgb	22	0.75	0.75	false	false	0	0	0	0	0	Preserved	true	Preserved
S24-linear-linear-rgb	linear/linear-rgb	23	0.75	0.8125	true	false	0	0	0	0	0	Preserved	true	Preserved
S24-linear-linear-rgb	linear/linear-rgb	24	0.8125	0.8125	false	false	0	0	0	0	0	Preserved	true	Preserved
S24-linear-linear-rgb	linear/linear-rgb	25	0.8125	0.875	true	false	0	0	0	0	0	Preserved	true	Preserved
S24-linear-linear-rgb	linear/linear-rgb	26	0.875	0.875	false	false	0	0	0	0	0	Preserved	true	Preserved
S24-linear-linear-rgb	linear/linear-rgb	27	0.875	0.9375	true	false	0	0	0	0	0	Preserved	true	Preserved
S24-linear-linear-rgb	linear/linear-rgb	28	0.9375	0.9375	false	false	0	0	0	0	0	Preserved	true	Preserved
S24-linear-linear-rgb	linear/linear-rgb	29	0.9375	1	true	false	0	0	0	0	0	Preserved	true	Preserved
S24-radial-linear-rgb	radial/linear-rgb	0	0	0.0625	true	false	0	0	0	0	0	Preserved	true	Preserved
S24-radial-linear-rgb	radial/linear-rgb	1	0.0625	0.0625	false	false	0	0	0	0	0	Preserved	true	Preserved
S24-radial-linear-rgb	radial/linear-rgb	2	0.0625	0.125	true	false	0	0	0	0	0	Preserved	true	Preserved
S24-radial-linear-rgb	radial/linear-rgb	3	0.125	0.125	false	false	0	0	0	0	0	Preserved	true	Preserved
S24-radial-linear-rgb	radial/linear-rgb	4	0.125	0.1875	true	false	0	0	0	0	0	Preserved	true	Preserved
S24-radial-linear-rgb	radial/linear-rgb	5	0.1875	0.1875	false	false	0	0	0	0	0	Preserved	true	Preserved
S24-radial-linear-rgb	radial/linear-rgb	6	0.1875	0.25	true	false	0	0	0	0	0	Preserved	true	Preserved
S24-radial-linear-rgb	radial/linear-rgb	7	0.25	0.25	false	false	0	0	0	0	0	Preserved	true	Preserved
S24-radial-linear-rgb	radial/linear-rgb	8	0.25	0.3125	true	false	0	0	0	0	0	Preserved	true	Preserved
S24-radial-linear-rgb	radial/linear-rgb	9	0.3125	0.3125	false	false	0	0	0	0	0	Preserved	true	Preserved
S24-radial-linear-rgb	radial/linear-rgb	10	0.3125	0.375	true	false	0	0	0	0	0	Preserved	true	Preserved
S24-radial-linear-rgb	radial/linear-rgb	11	0.375	0.375	false	false	0	0	0	0	0	Preserved	true	Preserved
S24-radial-linear-rgb	radial/linear-rgb	12	0.375	0.4375	true	false	0	0	0	0	0	Preserved	true	Preserved
S24-radial-linear-rgb	radial/linear-rgb	13	0.4375	0.4375	false	false	0	0	0	0	0	Preserved	true	Preserved
S24-radial-linear-rgb	radial/linear-rgb	14	0.4375	0.5	true	false	0	0	0	0	0	Preserved	true	Preserved
S24-radial-linear-rgb	radial/linear-rgb	15	0.5	0.5625	true	false	0	0	0	0	0	Preserved	true	Preserved
S24-radial-linear-rgb	radial/linear-rgb	16	0.5625	0.5625	false	false	0	0	0	0	0	Preserved	true	Preserved
S24-radial-linear-rgb	radial/linear-rgb	17	0.5625	0.625	true	false	0	0	0	0	0	Preserved	true	Preserved
S24-radial-linear-rgb	radial/linear-rgb	18	0.625	0.625	false	false	0	0	0	0	0	Preserved	true	Preserved
S24-radial-linear-rgb	radial/linear-rgb	19	0.625	0.6875	true	false	0	0	0	0	0	Preserved	true	Preserved
S24-radial-linear-rgb	radial/linear-rgb	20	0.6875	0.6875	false	false	0	0	0	0	0	Preserved	true	Preserved
S24-radial-linear-rgb	radial/linear-rgb	21	0.6875	0.75	true	false	0	0	0	0	0	Preserved	true	Preserved
S24-radial-linear-rgb	radial/linear-rgb	22	0.75	0.75	false	false	0	0	0	0	0	Preserved	true	Preserved
S24-radial-linear-rgb	radial/linear-rgb	23	0.75	0.8125	true	false	0	0	0	0	0	Preserved	true	Preserved
S24-radial-linear-rgb	radial/linear-rgb	24	0.8125	0.8125	false	false	0	0	0	0	0	Preserved	true	Preserved
S24-radial-linear-rgb	radial/linear-rgb	25	0.8125	0.875	true	false	0	0	0	0	0	Preserved	true	Preserved
S24-radial-linear-rgb	radial/linear-rgb	26	0.875	0.875	false	false	0	0	0	0	0	Preserved	true	Preserved
S24-radial-linear-rgb	radial/linear-rgb	27	0.875	0.9375	true	false	0	0	0	0	0	Preserved	true	Preserved
S24-radial-linear-rgb	radial/linear-rgb	28	0.9375	0.9375	false	false	0	0	0	0	0	Preserved	true	Preserved
S24-radial-linear-rgb	radial/linear-rgb	29	0.9375	1	true	false	0	0	0	0	0	Preserved	true	Preserved
