path	profiles	runtime_class	crystalline_registration_file_line	vanilla_source_file_line	canonical_route	owner_prompt	owner_prompt_hash_declared	owner_prompt_sha256	l0_claim	language_class	gate_class	inference	refutation	recommended_action
accent	default,html,a11y,html+a11y	default:CRYSTALLINE_ONLY;html:CRYSTALLINE_ONLY;a11y:CRYSTALLINE_ONLY;html+a11y:CRYSTALLINE_ONLY	01_core/src/compiler/eval/mod.rs:1980	ABSENT in ratified public catalog	math.accent	00_nucleo/prompts/compiler/stdlib/structural/math.md	81441281	18b2fb0d9a3e1f6a0ff9cd8fb2e25047b4c9f2185cb6a511ae022e7a9c4e80a2	owner L0 explicitly retains the crystalline-only public extension/compatibility path	INTENTIONAL_PRODUCT_EXTENSION	ADR-0127_HUMAN_GATE_IF_CONTRACT_REOPENED	The path is accepted only by crystalline in every measured profile and is documented as retained.	An owner L0 that does not retain it, or vanilla acceptance, would refute this classification.	Retain outside P1300; reopen only by an owner decision and public-contract gate.
angle.deg	default,html,a11y,html+a11y	default:VANILLA_ONLY;html:VANILLA_ONLY;a11y:VANILLA_ONLY;html+a11y:VANILLA_ONLY	ABSENT at baseline (bilateral VANILLA_ONLY)	crates/typst-library/src/layout/angle.rs:Angle::to_deg		00_nucleo/prompts/compiler/eval/bindings/field_access.md	d37b05cb	3e5b96f5d62a693cb8291f63cd656a73ba19ebd69e29446858d36e475bff4a60	ratified vanilla member is accepted while crystalline rejects it	MISSING_LANGUAGE_MEMBER	ADR-0127_OWNER_STEP_REQUIRED	The bilateral runtime result confirms a missing language member, including former blocked ancestors.	Crystalline acceptance with the same public value would refute this.	Queue an owner-specific parity cohort; do not mix it with alias removal.
angle.rad	default,html,a11y,html+a11y	default:VANILLA_ONLY;html:VANILLA_ONLY;a11y:VANILLA_ONLY;html+a11y:VANILLA_ONLY	ABSENT at baseline (bilateral VANILLA_ONLY)	crates/typst-library/src/layout/angle.rs:Angle::to_rad		00_nucleo/prompts/compiler/eval/bindings/field_access.md	d37b05cb	3e5b96f5d62a693cb8291f63cd656a73ba19ebd69e29446858d36e475bff4a60	ratified vanilla member is accepted while crystalline rejects it	MISSING_LANGUAGE_MEMBER	ADR-0127_OWNER_STEP_REQUIRED	The bilateral runtime result confirms a missing language member, including former blocked ancestors.	Crystalline acceptance with the same public value would refute this.	Queue an owner-specific parity cohort; do not mix it with alias removal.
asset	default,html,a11y,html+a11y	default:CRYSTALLINE_ONLY;html:CRYSTALLINE_ONLY;a11y:CRYSTALLINE_ONLY;html+a11y:CRYSTALLINE_ONLY	01_core/src/compiler/eval/mod.rs:1976	ABSENT in ratified public catalog		00_nucleo/prompts/compiler/stdlib/structural.md	08c5c5f3	81e66889454d8f397ab5eafbd4c6a5e0f8a27993e15d2f3c81d307e804ff3b12	owner L0 explicitly retains the crystalline-only public extension/compatibility path	INTENTIONAL_PRODUCT_EXTENSION	ADR-0127_HUMAN_GATE_IF_CONTRACT_REOPENED	The path is accepted only by crystalline in every measured profile and is documented as retained.	An owner L0 that does not retain it, or vanilla acceptance, would refute this classification.	Retain outside P1300; reopen only by an owner decision and public-contract gate.
bb	default,html,a11y,html+a11y	default:CRYSTALLINE_ONLY;html:CRYSTALLINE_ONLY;a11y:CRYSTALLINE_ONLY;html+a11y:CRYSTALLINE_ONLY	01_core/src/compiler/eval/mod.rs:1987	ABSENT in ratified public catalog	math.bb	00_nucleo/prompts/compiler/stdlib/math_style.md	56b9e300	02a1dadb6c08f3ea9ae109ff7bd2dc87e2616a5da5d4a4cfbf5a1269bc4c9603	owner L0 explicitly retains the crystalline-only public extension/compatibility path	INTENTIONAL_PRODUCT_EXTENSION	ADR-0127_HUMAN_GATE_IF_CONTRACT_REOPENED	The path is accepted only by crystalline in every measured profile and is documented as retained.	An owner L0 that does not retain it, or vanilla acceptance, would refute this classification.	Retain outside P1300; reopen only by an owner decision and public-contract gate.
bold	default,html,a11y,html+a11y	default:CRYSTALLINE_ONLY;html:CRYSTALLINE_ONLY;a11y:CRYSTALLINE_ONLY;html+a11y:CRYSTALLINE_ONLY	01_core/src/compiler/eval/mod.rs:1988	ABSENT in ratified public catalog	math.bold	00_nucleo/prompts/compiler/stdlib/math_style.md	56b9e300	02a1dadb6c08f3ea9ae109ff7bd2dc87e2616a5da5d4a4cfbf5a1269bc4c9603	owner L0 explicitly retains the crystalline-only public extension/compatibility path	INTENTIONAL_PRODUCT_EXTENSION	ADR-0127_HUMAN_GATE_IF_CONTRACT_REOPENED	The path is accepted only by crystalline in every measured profile and is documented as retained.	An owner L0 that does not retain it, or vanilla acceptance, would refute this classification.	Retain outside P1300; reopen only by an owner decision and public-contract gate.
cal	default,html,a11y,html+a11y	default:CRYSTALLINE_ONLY;html:CRYSTALLINE_ONLY;a11y:CRYSTALLINE_ONLY;html+a11y:CRYSTALLINE_ONLY	01_core/src/compiler/eval/mod.rs:1989	ABSENT in ratified public catalog	math.cal	00_nucleo/prompts/compiler/stdlib/math_style.md	56b9e300	02a1dadb6c08f3ea9ae109ff7bd2dc87e2616a5da5d4a4cfbf5a1269bc4c9603	owner L0 explicitly retains the crystalline-only public extension/compatibility path	INTENTIONAL_PRODUCT_EXTENSION	ADR-0127_HUMAN_GATE_IF_CONTRACT_REOPENED	The path is accepted only by crystalline in every measured profile and is documented as retained.	An owner L0 that does not retain it, or vanilla acceptance, would refute this classification.	Retain outside P1300; reopen only by an owner decision and public-contract gate.
calc.deg	default,html,a11y,html+a11y	default:CRYSTALLINE_ONLY;html:CRYSTALLINE_ONLY;a11y:CRYSTALLINE_ONLY;html+a11y:CRYSTALLINE_ONLY	01_core/src/compiler/stdlib/calc.rs:90	ABSENT in ratified public catalog		00_nucleo/prompts/compiler/stdlib/calc.md	4f58eb82	0fc04b14b3cca19a203823ef392b56509d7ea2ff12a43550b2654fa2bb120f81	owner L0 explicitly retains the crystalline-only public extension/compatibility path	INTENTIONAL_PRODUCT_EXTENSION	ADR-0127_HUMAN_GATE_IF_CONTRACT_REOPENED	The path is accepted only by crystalline in every measured profile and is documented as retained.	An owner L0 that does not retain it, or vanilla acceptance, would refute this classification.	Retain outside P1300; reopen only by an owner decision and public-contract gate.
calc.log10	default,html,a11y,html+a11y	default:CRYSTALLINE_ONLY;html:CRYSTALLINE_ONLY;a11y:CRYSTALLINE_ONLY;html+a11y:CRYSTALLINE_ONLY	01_core/src/compiler/stdlib/calc.rs:87	ABSENT in ratified public catalog		00_nucleo/prompts/compiler/stdlib/calc.md	4f58eb82	0fc04b14b3cca19a203823ef392b56509d7ea2ff12a43550b2654fa2bb120f81	owner L0 explicitly retains the crystalline-only public extension/compatibility path	INTENTIONAL_PRODUCT_EXTENSION	ADR-0127_HUMAN_GATE_IF_CONTRACT_REOPENED	The path is accepted only by crystalline in every measured profile and is documented as retained.	An owner L0 that does not retain it, or vanilla acceptance, would refute this classification.	Retain outside P1300; reopen only by an owner decision and public-contract gate.
calc.rad	default,html,a11y,html+a11y	default:CRYSTALLINE_ONLY;html:CRYSTALLINE_ONLY;a11y:CRYSTALLINE_ONLY;html+a11y:CRYSTALLINE_ONLY	01_core/src/compiler/stdlib/calc.rs:91	ABSENT in ratified public catalog		00_nucleo/prompts/compiler/stdlib/calc.md	4f58eb82	0fc04b14b3cca19a203823ef392b56509d7ea2ff12a43550b2654fa2bb120f81	owner L0 explicitly retains the crystalline-only public extension/compatibility path	INTENTIONAL_PRODUCT_EXTENSION	ADR-0127_HUMAN_GATE_IF_CONTRACT_REOPENED	The path is accepted only by crystalline in every measured profile and is documented as retained.	An owner L0 that does not retain it, or vanilla acceptance, would refute this classification.	Retain outside P1300; reopen only by an owner decision and public-contract gate.
cancel	default,html,a11y,html+a11y	default:CRYSTALLINE_ONLY;html:CRYSTALLINE_ONLY;a11y:CRYSTALLINE_ONLY;html+a11y:CRYSTALLINE_ONLY	01_core/src/compiler/eval/mod.rs:1981	ABSENT in ratified public catalog	math.cancel	00_nucleo/prompts/compiler/stdlib/structural/math.md	81441281	18b2fb0d9a3e1f6a0ff9cd8fb2e25047b4c9f2185cb6a511ae022e7a9c4e80a2	owner L0 explicitly retains the crystalline-only public extension/compatibility path	INTENTIONAL_PRODUCT_EXTENSION	ADR-0127_HUMAN_GATE_IF_CONTRACT_REOPENED	The path is accepted only by crystalline in every measured profile and is documented as retained.	An owner L0 that does not retain it, or vanilla acceptance, would refute this classification.	Retain outside P1300; reopen only by an owner decision and public-contract gate.
color.map	default,html,a11y,html+a11y	default:DIFFERENT_VALUE;html:DIFFERENT_VALUE;a11y:DIFFERENT_VALUE;html+a11y:DIFFERENT_VALUE	01_core/src/compiler/stdlib/color.rs:55	runtime canary; see full bilateral receipt		00_nucleo/prompts/compiler/eval/repr.md	d91654f3	555b6df222a931991f1a521b11fe2d8d58ee185cdcf90cd3f0eaf6d3c40c9355	both accept, but repr-observable public morphology differs	WRONG_PUBLIC_KIND_OR_IDENTITY	ADR-0127_OWNER_STEP_REQUIRED	The mismatch is stable across all four profiles and belongs to the repr observation path.	Byte-identical stdout for the same expression would refute this.	Queue a repr-focused causal cohort after higher-priority contract contradictions.
color.map.cividis	default,html,a11y,html+a11y	default:DIFFERENT_VALUE;html:DIFFERENT_VALUE;a11y:DIFFERENT_VALUE;html+a11y:DIFFERENT_VALUE	01_core/src/compiler/stdlib/color.rs:55	runtime canary; see full bilateral receipt		00_nucleo/prompts/compiler/eval/repr.md	d91654f3	555b6df222a931991f1a521b11fe2d8d58ee185cdcf90cd3f0eaf6d3c40c9355	both accept, but repr-observable public morphology differs	WRONG_PUBLIC_KIND_OR_IDENTITY	ADR-0127_OWNER_STEP_REQUIRED	The mismatch is stable across all four profiles and belongs to the repr observation path.	Byte-identical stdout for the same expression would refute this.	Queue a repr-focused causal cohort after higher-priority contract contradictions.
color.map.coolwarm	default,html,a11y,html+a11y	default:DIFFERENT_VALUE;html:DIFFERENT_VALUE;a11y:DIFFERENT_VALUE;html+a11y:DIFFERENT_VALUE	01_core/src/compiler/stdlib/color.rs:55	runtime canary; see full bilateral receipt		00_nucleo/prompts/compiler/eval/repr.md	d91654f3	555b6df222a931991f1a521b11fe2d8d58ee185cdcf90cd3f0eaf6d3c40c9355	both accept, but repr-observable public morphology differs	WRONG_PUBLIC_KIND_OR_IDENTITY	ADR-0127_OWNER_STEP_REQUIRED	The mismatch is stable across all four profiles and belongs to the repr observation path.	Byte-identical stdout for the same expression would refute this.	Queue a repr-focused causal cohort after higher-priority contract contradictions.
color.map.crest	default,html,a11y,html+a11y	default:DIFFERENT_VALUE;html:DIFFERENT_VALUE;a11y:DIFFERENT_VALUE;html+a11y:DIFFERENT_VALUE	01_core/src/compiler/stdlib/color.rs:55	runtime canary; see full bilateral receipt		00_nucleo/prompts/compiler/eval/repr.md	d91654f3	555b6df222a931991f1a521b11fe2d8d58ee185cdcf90cd3f0eaf6d3c40c9355	both accept, but repr-observable public morphology differs	WRONG_PUBLIC_KIND_OR_IDENTITY	ADR-0127_OWNER_STEP_REQUIRED	The mismatch is stable across all four profiles and belongs to the repr observation path.	Byte-identical stdout for the same expression would refute this.	Queue a repr-focused causal cohort after higher-priority contract contradictions.
color.map.flare	default,html,a11y,html+a11y	default:DIFFERENT_VALUE;html:DIFFERENT_VALUE;a11y:DIFFERENT_VALUE;html+a11y:DIFFERENT_VALUE	01_core/src/compiler/stdlib/color.rs:55	runtime canary; see full bilateral receipt		00_nucleo/prompts/compiler/eval/repr.md	d91654f3	555b6df222a931991f1a521b11fe2d8d58ee185cdcf90cd3f0eaf6d3c40c9355	both accept, but repr-observable public morphology differs	WRONG_PUBLIC_KIND_OR_IDENTITY	ADR-0127_OWNER_STEP_REQUIRED	The mismatch is stable across all four profiles and belongs to the repr observation path.	Byte-identical stdout for the same expression would refute this.	Queue a repr-focused causal cohort after higher-priority contract contradictions.
color.map.icefire	default,html,a11y,html+a11y	default:DIFFERENT_VALUE;html:DIFFERENT_VALUE;a11y:DIFFERENT_VALUE;html+a11y:DIFFERENT_VALUE	01_core/src/compiler/stdlib/color.rs:55	runtime canary; see full bilateral receipt		00_nucleo/prompts/compiler/eval/repr.md	d91654f3	555b6df222a931991f1a521b11fe2d8d58ee185cdcf90cd3f0eaf6d3c40c9355	both accept, but repr-observable public morphology differs	WRONG_PUBLIC_KIND_OR_IDENTITY	ADR-0127_OWNER_STEP_REQUIRED	The mismatch is stable across all four profiles and belongs to the repr observation path.	Byte-identical stdout for the same expression would refute this.	Queue a repr-focused causal cohort after higher-priority contract contradictions.
color.map.mako	default,html,a11y,html+a11y	default:DIFFERENT_VALUE;html:DIFFERENT_VALUE;a11y:DIFFERENT_VALUE;html+a11y:DIFFERENT_VALUE	01_core/src/compiler/stdlib/color.rs:55	runtime canary; see full bilateral receipt		00_nucleo/prompts/compiler/eval/repr.md	d91654f3	555b6df222a931991f1a521b11fe2d8d58ee185cdcf90cd3f0eaf6d3c40c9355	both accept, but repr-observable public morphology differs	WRONG_PUBLIC_KIND_OR_IDENTITY	ADR-0127_OWNER_STEP_REQUIRED	The mismatch is stable across all four profiles and belongs to the repr observation path.	Byte-identical stdout for the same expression would refute this.	Queue a repr-focused causal cohort after higher-priority contract contradictions.
color.map.rainbow	default,html,a11y,html+a11y	default:DIFFERENT_VALUE;html:DIFFERENT_VALUE;a11y:DIFFERENT_VALUE;html+a11y:DIFFERENT_VALUE	01_core/src/compiler/stdlib/color.rs:55	runtime canary; see full bilateral receipt		00_nucleo/prompts/compiler/eval/repr.md	d91654f3	555b6df222a931991f1a521b11fe2d8d58ee185cdcf90cd3f0eaf6d3c40c9355	both accept, but repr-observable public morphology differs	WRONG_PUBLIC_KIND_OR_IDENTITY	ADR-0127_OWNER_STEP_REQUIRED	The mismatch is stable across all four profiles and belongs to the repr observation path.	Byte-identical stdout for the same expression would refute this.	Queue a repr-focused causal cohort after higher-priority contract contradictions.
color.map.rocket	default,html,a11y,html+a11y	default:DIFFERENT_VALUE;html:DIFFERENT_VALUE;a11y:DIFFERENT_VALUE;html+a11y:DIFFERENT_VALUE	01_core/src/compiler/stdlib/color.rs:55	runtime canary; see full bilateral receipt		00_nucleo/prompts/compiler/eval/repr.md	d91654f3	555b6df222a931991f1a521b11fe2d8d58ee185cdcf90cd3f0eaf6d3c40c9355	both accept, but repr-observable public morphology differs	WRONG_PUBLIC_KIND_OR_IDENTITY	ADR-0127_OWNER_STEP_REQUIRED	The mismatch is stable across all four profiles and belongs to the repr observation path.	Byte-identical stdout for the same expression would refute this.	Queue a repr-focused causal cohort after higher-priority contract contradictions.
color.map.turbo	default,html,a11y,html+a11y	default:DIFFERENT_VALUE;html:DIFFERENT_VALUE;a11y:DIFFERENT_VALUE;html+a11y:DIFFERENT_VALUE	01_core/src/compiler/stdlib/color.rs:55	runtime canary; see full bilateral receipt		00_nucleo/prompts/compiler/eval/repr.md	d91654f3	555b6df222a931991f1a521b11fe2d8d58ee185cdcf90cd3f0eaf6d3c40c9355	both accept, but repr-observable public morphology differs	WRONG_PUBLIC_KIND_OR_IDENTITY	ADR-0127_OWNER_STEP_REQUIRED	The mismatch is stable across all four profiles and belongs to the repr observation path.	Byte-identical stdout for the same expression would refute this.	Queue a repr-focused causal cohort after higher-priority contract contradictions.
color.map.vlag	default,html,a11y,html+a11y	default:DIFFERENT_VALUE;html:DIFFERENT_VALUE;a11y:DIFFERENT_VALUE;html+a11y:DIFFERENT_VALUE	01_core/src/compiler/stdlib/color.rs:55	runtime canary; see full bilateral receipt		00_nucleo/prompts/compiler/eval/repr.md	d91654f3	555b6df222a931991f1a521b11fe2d8d58ee185cdcf90cd3f0eaf6d3c40c9355	both accept, but repr-observable public morphology differs	WRONG_PUBLIC_KIND_OR_IDENTITY	ADR-0127_OWNER_STEP_REQUIRED	The mismatch is stable across all four profiles and belongs to the repr observation path.	Byte-identical stdout for the same expression would refute this.	Queue a repr-focused causal cohort after higher-priority contract contradictions.
color.spot	default,html,a11y,html+a11y	default:VANILLA_ONLY;html:VANILLA_ONLY;a11y:VANILLA_ONLY;html+a11y:VANILLA_ONLY	ABSENT at baseline (bilateral VANILLA_ONLY)	crates/typst-library/src/visualize/color.rs:SpotColorant		00_nucleo/prompts/compiler/stdlib/color.md	dfc7912c	fecc619d1b336a6f8ca8c39c22a302babdec4daf22d3387ce97ce28e36d87dc3	ratified vanilla member is accepted while crystalline rejects it	MISSING_LANGUAGE_MEMBER	ADR-0127_OWNER_STEP_REQUIRED	The bilateral runtime result confirms a missing language member, including former blocked ancestors.	Crystalline acceptance with the same public value would refute this.	Queue an owner-specific parity cohort; do not mix it with alias removal.
color.spot.tint	default,html,a11y,html+a11y	default:VANILLA_ONLY;html:VANILLA_ONLY;a11y:VANILLA_ONLY;html+a11y:VANILLA_ONLY	ABSENT at baseline (bilateral VANILLA_ONLY)	crates/typst-library/src/visualize/color.rs:SpotColorant::tint		00_nucleo/prompts/compiler/stdlib/color.md	dfc7912c	fecc619d1b336a6f8ca8c39c22a302babdec4daf22d3387ce97ce28e36d87dc3	ratified vanilla member is accepted while crystalline rejects it	MISSING_LANGUAGE_MEMBER	ADR-0127_OWNER_STEP_REQUIRED	The bilateral runtime result confirms a missing language member, including former blocked ancestors.	Crystalline acceptance with the same public value would refute this.	Queue an owner-specific parity cohort; do not mix it with alias removal.
counter_at	default,html,a11y,html+a11y	default:CRYSTALLINE_ONLY;html:CRYSTALLINE_ONLY;a11y:CRYSTALLINE_ONLY;html+a11y:CRYSTALLINE_ONLY	01_core/src/compiler/eval/mod.rs:1965	ABSENT in ratified public catalog	counter.at	00_nucleo/prompts/compiler/stdlib/counter.md	d19229e2	a4802f75d7437152b3f738c90552db359e7a27efb71187636821eed8d407d27f	owner L0 explicitly retains the crystalline-only public extension/compatibility path	INTENTIONAL_PRODUCT_EXTENSION	ADR-0127_HUMAN_GATE_IF_CONTRACT_REOPENED	The path is accepted only by crystalline in every measured profile and is documented as retained.	An owner L0 that does not retain it, or vanilla acceptance, would refute this classification.	Retain outside P1300; reopen only by an owner decision and public-contract gate.
counter_display	default,html,a11y,html+a11y	default:CRYSTALLINE_ONLY;html:CRYSTALLINE_ONLY;a11y:CRYSTALLINE_ONLY;html+a11y:CRYSTALLINE_ONLY	01_core/src/compiler/eval/mod.rs:1924	ABSENT in ratified public catalog	counter.display	00_nucleo/prompts/compiler/stdlib/counter.md	d19229e2	a4802f75d7437152b3f738c90552db359e7a27efb71187636821eed8d407d27f	owner L0 explicitly retains the crystalline-only public extension/compatibility path	INTENTIONAL_PRODUCT_EXTENSION	ADR-0127_HUMAN_GATE_IF_CONTRACT_REOPENED	The path is accepted only by crystalline in every measured profile and is documented as retained.	An owner L0 that does not retain it, or vanilla acceptance, would refute this classification.	Retain outside P1300; reopen only by an owner decision and public-contract gate.
counter_final	default,html,a11y,html+a11y	default:CRYSTALLINE_ONLY;html:CRYSTALLINE_ONLY;a11y:CRYSTALLINE_ONLY;html+a11y:CRYSTALLINE_ONLY	01_core/src/compiler/eval/mod.rs:1958	ABSENT in ratified public catalog	counter.final	00_nucleo/prompts/compiler/stdlib/counter.md	d19229e2	a4802f75d7437152b3f738c90552db359e7a27efb71187636821eed8d407d27f	owner L0 explicitly retains the crystalline-only public extension/compatibility path	INTENTIONAL_PRODUCT_EXTENSION	ADR-0127_HUMAN_GATE_IF_CONTRACT_REOPENED	The path is accepted only by crystalline in every measured profile and is documented as retained.	An owner L0 that does not retain it, or vanilla acceptance, would refute this classification.	Retain outside P1300; reopen only by an owner decision and public-contract gate.
counter_step	default,html,a11y,html+a11y	default:CRYSTALLINE_ONLY;html:CRYSTALLINE_ONLY;a11y:CRYSTALLINE_ONLY;html+a11y:CRYSTALLINE_ONLY	01_core/src/compiler/eval/mod.rs:1951	ABSENT in ratified public catalog	counter.step	00_nucleo/prompts/compiler/stdlib/counter.md	d19229e2	a4802f75d7437152b3f738c90552db359e7a27efb71187636821eed8d407d27f	owner L0 explicitly retains the crystalline-only public extension/compatibility path	INTENTIONAL_PRODUCT_EXTENSION	ADR-0127_HUMAN_GATE_IF_CONTRACT_REOPENED	The path is accepted only by crystalline in every measured profile and is documented as retained.	An owner L0 that does not retain it, or vanilla acceptance, would refute this classification.	Retain outside P1300; reopen only by an owner decision and public-contract gate.
display	default,html,a11y,html+a11y	default:CRYSTALLINE_ONLY;html:CRYSTALLINE_ONLY;a11y:CRYSTALLINE_ONLY;html+a11y:CRYSTALLINE_ONLY	01_core/src/compiler/eval/mod.rs:1990	ABSENT in ratified public catalog	math.display	00_nucleo/prompts/compiler/stdlib/math_style.md	56b9e300	02a1dadb6c08f3ea9ae109ff7bd2dc87e2616a5da5d4a4cfbf5a1269bc4c9603	owner L0 explicitly retains the crystalline-only public extension/compatibility path	INTENTIONAL_PRODUCT_EXTENSION	ADR-0127_HUMAN_GATE_IF_CONTRACT_REOPENED	The path is accepted only by crystalline in every measured profile and is documented as retained.	An owner L0 that does not retain it, or vanilla acceptance, would refute this classification.	Retain outside P1300; reopen only by an owner decision and public-contract gate.
enum.item	default,html,a11y,html+a11y	default:VANILLA_ONLY;html:VANILLA_ONLY;a11y:VANILLA_ONLY;html+a11y:VANILLA_ONLY	ABSENT at baseline (bilateral VANILLA_ONLY)	crates/typst-library/src/model/enum.rs:EnumItem		00_nucleo/prompts/compiler/eval/bindings/field_access.md	d37b05cb	3e5b96f5d62a693cb8291f63cd656a73ba19ebd69e29446858d36e475bff4a60	ratified vanilla member is accepted while crystalline rejects it	MISSING_LANGUAGE_MEMBER	ADR-0127_OWNER_STEP_REQUIRED	The bilateral runtime result confirms a missing language member, including former blocked ancestors.	Crystalline acceptance with the same public value would refute this.	Queue an owner-specific parity cohort; do not mix it with alias removal.
figure.caption	default,html,a11y,html+a11y	default:VANILLA_ONLY;html:VANILLA_ONLY;a11y:VANILLA_ONLY;html+a11y:VANILLA_ONLY	ABSENT at baseline (bilateral VANILLA_ONLY)	crates/typst-library/src/model/figure.rs:FigureCaption		00_nucleo/prompts/compiler/eval/bindings/field_access.md	d37b05cb	3e5b96f5d62a693cb8291f63cd656a73ba19ebd69e29446858d36e475bff4a60	ratified vanilla member is accepted while crystalline rejects it	MISSING_LANGUAGE_MEMBER	ADR-0127_OWNER_STEP_REQUIRED	The bilateral runtime result confirms a missing language member, including former blocked ancestors.	Crystalline acceptance with the same public value would refute this.	Queue an owner-specific parity cohort; do not mix it with alias removal.
float.from-bytes	default,html,a11y,html+a11y	default:VANILLA_ONLY;html:VANILLA_ONLY;a11y:VANILLA_ONLY;html+a11y:VANILLA_ONLY	ABSENT at baseline (bilateral VANILLA_ONLY)	crates/typst-library/src/foundations/float.rs:f64::from_bytes		00_nucleo/prompts/compiler/stdlib/foundations/float.md	c95f8eb6	f28cb58e46ced68ddb29335a35e8ade4f03a7c30a573c7e79a86b1ef3bc99107	ratified vanilla member is accepted while crystalline rejects it	MISSING_LANGUAGE_MEMBER	ADR-0127_OWNER_STEP_REQUIRED	The bilateral runtime result confirms a missing language member, including former blocked ancestors.	Crystalline acceptance with the same public value would refute this.	Queue an owner-specific parity cohort; do not mix it with alias removal.
float.inf	default,html,a11y,html+a11y	default:VANILLA_ONLY;html:VANILLA_ONLY;a11y:VANILLA_ONLY;html+a11y:VANILLA_ONLY	ABSENT at baseline (bilateral VANILLA_ONLY)	runtime canary; see full bilateral receipt		00_nucleo/prompts/compiler/stdlib/foundations/float.md	c95f8eb6	f28cb58e46ced68ddb29335a35e8ade4f03a7c30a573c7e79a86b1ef3bc99107	ratified vanilla member is accepted while crystalline rejects it	MISSING_LANGUAGE_MEMBER	ADR-0127_OWNER_STEP_REQUIRED	The bilateral runtime result confirms a missing language member, including former blocked ancestors.	Crystalline acceptance with the same public value would refute this.	Queue an owner-specific parity cohort; do not mix it with alias removal.
float.nan	default,html,a11y,html+a11y	default:VANILLA_ONLY;html:VANILLA_ONLY;a11y:VANILLA_ONLY;html+a11y:VANILLA_ONLY	ABSENT at baseline (bilateral VANILLA_ONLY)	runtime canary; see full bilateral receipt		00_nucleo/prompts/compiler/stdlib/foundations/float.md	c95f8eb6	f28cb58e46ced68ddb29335a35e8ade4f03a7c30a573c7e79a86b1ef3bc99107	ratified vanilla member is accepted while crystalline rejects it	MISSING_LANGUAGE_MEMBER	ADR-0127_OWNER_STEP_REQUIRED	The bilateral runtime result confirms a missing language member, including former blocked ancestors.	Crystalline acceptance with the same public value would refute this.	Queue an owner-specific parity cohort; do not mix it with alias removal.
float.signum	default,html,a11y,html+a11y	default:VANILLA_ONLY;html:VANILLA_ONLY;a11y:VANILLA_ONLY;html+a11y:VANILLA_ONLY	ABSENT at baseline (bilateral VANILLA_ONLY)	crates/typst-library/src/foundations/float.rs:f64::signum		00_nucleo/prompts/compiler/stdlib/foundations/float.md	c95f8eb6	f28cb58e46ced68ddb29335a35e8ade4f03a7c30a573c7e79a86b1ef3bc99107	ratified vanilla member is accepted while crystalline rejects it	MISSING_LANGUAGE_MEMBER	ADR-0127_OWNER_STEP_REQUIRED	The bilateral runtime result confirms a missing language member, including former blocked ancestors.	Crystalline acceptance with the same public value would refute this.	Queue an owner-specific parity cohort; do not mix it with alias removal.
float.to-bytes	default,html,a11y,html+a11y	default:VANILLA_ONLY;html:VANILLA_ONLY;a11y:VANILLA_ONLY;html+a11y:VANILLA_ONLY	ABSENT at baseline (bilateral VANILLA_ONLY)	crates/typst-library/src/foundations/float.rs:f64::to_bytes		00_nucleo/prompts/compiler/stdlib/foundations/float.md	c95f8eb6	f28cb58e46ced68ddb29335a35e8ade4f03a7c30a573c7e79a86b1ef3bc99107	ratified vanilla member is accepted while crystalline rejects it	MISSING_LANGUAGE_MEMBER	ADR-0127_OWNER_STEP_REQUIRED	The bilateral runtime result confirms a missing language member, including former blocked ancestors.	Crystalline acceptance with the same public value would refute this.	Queue an owner-specific parity cohort; do not mix it with alias removal.
footnote.entry	default,html,a11y,html+a11y	default:VANILLA_ONLY;html:VANILLA_ONLY;a11y:VANILLA_ONLY;html+a11y:VANILLA_ONLY	ABSENT at baseline (bilateral VANILLA_ONLY)	crates/typst-library/src/model/footnote.rs:FootnoteEntry		00_nucleo/prompts/compiler/eval/bindings/field_access.md	d37b05cb	3e5b96f5d62a693cb8291f63cd656a73ba19ebd69e29446858d36e475bff4a60	ratified vanilla member is accepted while crystalline rejects it	MISSING_LANGUAGE_MEMBER	ADR-0127_OWNER_STEP_REQUIRED	The bilateral runtime result confirms a missing language member, including former blocked ancestors.	Crystalline acceptance with the same public value would refute this.	Queue an owner-specific parity cohort; do not mix it with alias removal.
frak	default,html,a11y,html+a11y	default:CRYSTALLINE_ONLY;html:CRYSTALLINE_ONLY;a11y:CRYSTALLINE_ONLY;html+a11y:CRYSTALLINE_ONLY	01_core/src/compiler/eval/mod.rs:1991	ABSENT in ratified public catalog	math.frak	00_nucleo/prompts/compiler/stdlib/math_style.md	56b9e300	02a1dadb6c08f3ea9ae109ff7bd2dc87e2616a5da5d4a4cfbf5a1269bc4c9603	owner L0 explicitly retains the crystalline-only public extension/compatibility path	INTENTIONAL_PRODUCT_EXTENSION	ADR-0127_HUMAN_GATE_IF_CONTRACT_REOPENED	The path is accepted only by crystalline in every measured profile and is documented as retained.	An owner L0 that does not retain it, or vanilla acceptance, would refute this classification.	Retain outside P1300; reopen only by an owner decision and public-contract gate.
function.where	default,html,a11y,html+a11y	default:VANILLA_ONLY;html:VANILLA_ONLY;a11y:VANILLA_ONLY;html+a11y:VANILLA_ONLY	ABSENT at baseline (bilateral VANILLA_ONLY)	crates/typst-library/src/foundations/func.rs:Func::where_		00_nucleo/prompts/entities/func.md	c57c2de2	52b6f6e7ca7714027d4e3a883f6e5ae888a48e4a5c67e45651b63b86d9811908	ratified vanilla member is accepted while crystalline rejects it	MISSING_LANGUAGE_MEMBER	ADR-0127_OWNER_STEP_REQUIRED	The bilateral runtime result confirms a missing language member, including former blocked ancestors.	Crystalline acceptance with the same public value would refute this.	Queue an owner-specific parity cohort; do not mix it with alias removal.
function.with	default,html,a11y,html+a11y	default:VANILLA_ONLY;html:VANILLA_ONLY;a11y:VANILLA_ONLY;html+a11y:VANILLA_ONLY	ABSENT at baseline (bilateral VANILLA_ONLY)	crates/typst-library/src/foundations/func.rs:Func::with		00_nucleo/prompts/entities/func.md	c57c2de2	52b6f6e7ca7714027d4e3a883f6e5ae888a48e4a5c67e45651b63b86d9811908	ratified vanilla member is accepted while crystalline rejects it	MISSING_LANGUAGE_MEMBER	ADR-0127_OWNER_STEP_REQUIRED	The bilateral runtime result confirms a missing language member, including former blocked ancestors.	Crystalline acceptance with the same public value would refute this.	Queue an owner-specific parity cohort; do not mix it with alias removal.
grid_cell	default,html,a11y,html+a11y	default:CRYSTALLINE_ONLY;html:CRYSTALLINE_ONLY;a11y:CRYSTALLINE_ONLY;html+a11y:CRYSTALLINE_ONLY	01_core/src/compiler/eval/mod.rs:2098	ABSENT in ratified public catalog	grid.cell	00_nucleo/prompts/compiler/stdlib/structural.md	08c5c5f3	81e66889454d8f397ab5eafbd4c6a5e0f8a27993e15d2f3c81d307e804ff3b12	owner L0 explicitly retains the crystalline-only public extension/compatibility path	INTENTIONAL_PRODUCT_EXTENSION	ADR-0127_HUMAN_GATE_IF_CONTRACT_REOPENED	The path is accepted only by crystalline in every measured profile and is documented as retained.	An owner L0 that does not retain it, or vanilla acceptance, would refute this classification.	Retain outside P1300; reopen only by an owner decision and public-contract gate.
grid_footer	default,html,a11y,html+a11y	default:CRYSTALLINE_ONLY;html:CRYSTALLINE_ONLY;a11y:CRYSTALLINE_ONLY;html+a11y:CRYSTALLINE_ONLY	01_core/src/compiler/eval/mod.rs:2104	ABSENT in ratified public catalog	grid.footer	00_nucleo/prompts/compiler/stdlib/structural.md	08c5c5f3	81e66889454d8f397ab5eafbd4c6a5e0f8a27993e15d2f3c81d307e804ff3b12	owner L0 explicitly retains the crystalline-only public extension/compatibility path	INTENTIONAL_PRODUCT_EXTENSION	ADR-0127_HUMAN_GATE_IF_CONTRACT_REOPENED	The path is accepted only by crystalline in every measured profile and is documented as retained.	An owner L0 that does not retain it, or vanilla acceptance, would refute this classification.	Retain outside P1300; reopen only by an owner decision and public-contract gate.
grid_header	default,html,a11y,html+a11y	default:CRYSTALLINE_ONLY;html:CRYSTALLINE_ONLY;a11y:CRYSTALLINE_ONLY;html+a11y:CRYSTALLINE_ONLY	01_core/src/compiler/eval/mod.rs:2100	ABSENT in ratified public catalog	grid.header	00_nucleo/prompts/compiler/stdlib/structural.md	08c5c5f3	81e66889454d8f397ab5eafbd4c6a5e0f8a27993e15d2f3c81d307e804ff3b12	owner L0 explicitly retains the crystalline-only public extension/compatibility path	INTENTIONAL_PRODUCT_EXTENSION	ADR-0127_HUMAN_GATE_IF_CONTRACT_REOPENED	The path is accepted only by crystalline in every measured profile and is documented as retained.	An owner L0 that does not retain it, or vanilla acceptance, would refute this classification.	Retain outside P1300; reopen only by an owner decision and public-contract gate.
hsl	default,html,a11y,html+a11y	default:CRYSTALLINE_ONLY;html:CRYSTALLINE_ONLY;a11y:CRYSTALLINE_ONLY;html+a11y:CRYSTALLINE_ONLY	01_core/src/compiler/eval/mod.rs:1653	ABSENT in ratified public catalog	color.hsl	00_nucleo/prompts/compiler/stdlib/color.md	dfc7912c	fecc619d1b336a6f8ca8c39c22a302babdec4daf22d3387ce97ce28e36d87dc3	L0 calls the constructor global; ratified vanilla exposes it only under color.*	L0_CONTRADICTION	ADR-0127_HUMAN_GATE_PUBLIC_REMOVAL	The bare path is leaked while the qualified route color.hsl remains bilateral.	A ratified vanilla run accepting the bare path, or failure of the qualified route, would refute this.	P1300: remeasure, edit color L0 first, show diff and stop for human confirmation.
hsv	default,html,a11y,html+a11y	default:CRYSTALLINE_ONLY;html:CRYSTALLINE_ONLY;a11y:CRYSTALLINE_ONLY;html+a11y:CRYSTALLINE_ONLY	01_core/src/compiler/eval/mod.rs:1654	ABSENT in ratified public catalog	color.hsv	00_nucleo/prompts/compiler/stdlib/color.md	dfc7912c	fecc619d1b336a6f8ca8c39c22a302babdec4daf22d3387ce97ce28e36d87dc3	L0 calls the constructor global; ratified vanilla exposes it only under color.*	L0_CONTRADICTION	ADR-0127_HUMAN_GATE_PUBLIC_REMOVAL	The bare path is leaked while the qualified route color.hsv remains bilateral.	A ratified vanilla run accepting the bare path, or failure of the qualified route, would refute this.	P1300: remeasure, edit color L0 first, show diff and stop for human confirmation.
html	default,html,a11y,html+a11y	default:MATCH_DIAGNOSTIC;html:MATCH_VALUE;a11y:MATCH_DIAGNOSTIC;html+a11y:MATCH_VALUE	01_core/src/compiler/eval/mod.rs:1638	runtime canary; see full bilateral receipt		00_nucleo/prompts/compiler/stdlib/html.md	33e187a1	df741b13ec8a3630180d65c3b606aca20385ab2b00d3d93836e85b5fbdca9ac9	bilateral feature gate: absent by default and present with html	EXPECTED_FEATURE_DISABLED	ADR-0127_NO_CHANGE	The same feature controls the path in both products.	A profile where only one product accepts the path would refute this.	Keep the symmetric feature gate; no P1300 change.
html.area	default,html,a11y,html+a11y	default:MATCH_DIAGNOSTIC;html:VANILLA_ONLY;a11y:MATCH_DIAGNOSTIC;html+a11y:VANILLA_ONLY	ABSENT at baseline (bilateral VANILLA_ONLY)	runtime canary; see full bilateral receipt		00_nucleo/prompts/compiler/stdlib/html.md	33e187a1	df741b13ec8a3630180d65c3b606aca20385ab2b00d3d93836e85b5fbdca9ac9	ratified vanilla member is accepted while crystalline rejects it	MISSING_LANGUAGE_MEMBER	ADR-0127_OWNER_STEP_REQUIRED	The bilateral runtime result confirms a missing language member, including former blocked ancestors.	Crystalline acceptance with the same public value would refute this.	Queue an owner-specific parity cohort; do not mix it with alias removal.
html.audio	default,html,a11y,html+a11y	default:MATCH_DIAGNOSTIC;html:VANILLA_ONLY;a11y:MATCH_DIAGNOSTIC;html+a11y:VANILLA_ONLY	ABSENT at baseline (bilateral VANILLA_ONLY)	runtime canary; see full bilateral receipt		00_nucleo/prompts/compiler/stdlib/html.md	33e187a1	df741b13ec8a3630180d65c3b606aca20385ab2b00d3d93836e85b5fbdca9ac9	ratified vanilla member is accepted while crystalline rejects it	MISSING_LANGUAGE_MEMBER	ADR-0127_OWNER_STEP_REQUIRED	The bilateral runtime result confirms a missing language member, including former blocked ancestors.	Crystalline acceptance with the same public value would refute this.	Queue an owner-specific parity cohort; do not mix it with alias removal.
html.base	default,html,a11y,html+a11y	default:MATCH_DIAGNOSTIC;html:VANILLA_ONLY;a11y:MATCH_DIAGNOSTIC;html+a11y:VANILLA_ONLY	ABSENT at baseline (bilateral VANILLA_ONLY)	runtime canary; see full bilateral receipt		00_nucleo/prompts/compiler/stdlib/html.md	33e187a1	df741b13ec8a3630180d65c3b606aca20385ab2b00d3d93836e85b5fbdca9ac9	ratified vanilla member is accepted while crystalline rejects it	MISSING_LANGUAGE_MEMBER	ADR-0127_OWNER_STEP_REQUIRED	The bilateral runtime result confirms a missing language member, including former blocked ancestors.	Crystalline acceptance with the same public value would refute this.	Queue an owner-specific parity cohort; do not mix it with alias removal.
html.blockquote	default,html,a11y,html+a11y	default:MATCH_DIAGNOSTIC;html:VANILLA_ONLY;a11y:MATCH_DIAGNOSTIC;html+a11y:VANILLA_ONLY	ABSENT at baseline (bilateral VANILLA_ONLY)	runtime canary; see full bilateral receipt		00_nucleo/prompts/compiler/stdlib/html.md	33e187a1	df741b13ec8a3630180d65c3b606aca20385ab2b00d3d93836e85b5fbdca9ac9	ratified vanilla member is accepted while crystalline rejects it	MISSING_LANGUAGE_MEMBER	ADR-0127_OWNER_STEP_REQUIRED	The bilateral runtime result confirms a missing language member, including former blocked ancestors.	Crystalline acceptance with the same public value would refute this.	Queue an owner-specific parity cohort; do not mix it with alias removal.
html.canvas	default,html,a11y,html+a11y	default:MATCH_DIAGNOSTIC;html:VANILLA_ONLY;a11y:MATCH_DIAGNOSTIC;html+a11y:VANILLA_ONLY	ABSENT at baseline (bilateral VANILLA_ONLY)	runtime canary; see full bilateral receipt		00_nucleo/prompts/compiler/stdlib/html.md	33e187a1	df741b13ec8a3630180d65c3b606aca20385ab2b00d3d93836e85b5fbdca9ac9	ratified vanilla member is accepted while crystalline rejects it	MISSING_LANGUAGE_MEMBER	ADR-0127_OWNER_STEP_REQUIRED	The bilateral runtime result confirms a missing language member, including former blocked ancestors.	Crystalline acceptance with the same public value would refute this.	Queue an owner-specific parity cohort; do not mix it with alias removal.
html.caption	default,html,a11y,html+a11y	default:MATCH_DIAGNOSTIC;html:VANILLA_ONLY;a11y:MATCH_DIAGNOSTIC;html+a11y:VANILLA_ONLY	ABSENT at baseline (bilateral VANILLA_ONLY)	runtime canary; see full bilateral receipt		00_nucleo/prompts/compiler/stdlib/html.md	33e187a1	df741b13ec8a3630180d65c3b606aca20385ab2b00d3d93836e85b5fbdca9ac9	ratified vanilla member is accepted while crystalline rejects it	MISSING_LANGUAGE_MEMBER	ADR-0127_OWNER_STEP_REQUIRED	The bilateral runtime result confirms a missing language member, including former blocked ancestors.	Crystalline acceptance with the same public value would refute this.	Queue an owner-specific parity cohort; do not mix it with alias removal.
html.colgroup	default,html,a11y,html+a11y	default:MATCH_DIAGNOSTIC;html:VANILLA_ONLY;a11y:MATCH_DIAGNOSTIC;html+a11y:VANILLA_ONLY	ABSENT at baseline (bilateral VANILLA_ONLY)	runtime canary; see full bilateral receipt		00_nucleo/prompts/compiler/stdlib/html.md	33e187a1	df741b13ec8a3630180d65c3b606aca20385ab2b00d3d93836e85b5fbdca9ac9	ratified vanilla member is accepted while crystalline rejects it	MISSING_LANGUAGE_MEMBER	ADR-0127_OWNER_STEP_REQUIRED	The bilateral runtime result confirms a missing language member, including former blocked ancestors.	Crystalline acceptance with the same public value would refute this.	Queue an owner-specific parity cohort; do not mix it with alias removal.
html.data	default,html,a11y,html+a11y	default:MATCH_DIAGNOSTIC;html:VANILLA_ONLY;a11y:MATCH_DIAGNOSTIC;html+a11y:VANILLA_ONLY	ABSENT at baseline (bilateral VANILLA_ONLY)	runtime canary; see full bilateral receipt		00_nucleo/prompts/compiler/stdlib/html.md	33e187a1	df741b13ec8a3630180d65c3b606aca20385ab2b00d3d93836e85b5fbdca9ac9	ratified vanilla member is accepted while crystalline rejects it	MISSING_LANGUAGE_MEMBER	ADR-0127_OWNER_STEP_REQUIRED	The bilateral runtime result confirms a missing language member, including former blocked ancestors.	Crystalline acceptance with the same public value would refute this.	Queue an owner-specific parity cohort; do not mix it with alias removal.
html.del	default,html,a11y,html+a11y	default:MATCH_DIAGNOSTIC;html:VANILLA_ONLY;a11y:MATCH_DIAGNOSTIC;html+a11y:VANILLA_ONLY	ABSENT at baseline (bilateral VANILLA_ONLY)	runtime canary; see full bilateral receipt		00_nucleo/prompts/compiler/stdlib/html.md	33e187a1	df741b13ec8a3630180d65c3b606aca20385ab2b00d3d93836e85b5fbdca9ac9	ratified vanilla member is accepted while crystalline rejects it	MISSING_LANGUAGE_MEMBER	ADR-0127_OWNER_STEP_REQUIRED	The bilateral runtime result confirms a missing language member, including former blocked ancestors.	Crystalline acceptance with the same public value would refute this.	Queue an owner-specific parity cohort; do not mix it with alias removal.
html.details	default,html,a11y,html+a11y	default:MATCH_DIAGNOSTIC;html:VANILLA_ONLY;a11y:MATCH_DIAGNOSTIC;html+a11y:VANILLA_ONLY	ABSENT at baseline (bilateral VANILLA_ONLY)	runtime canary; see full bilateral receipt		00_nucleo/prompts/compiler/stdlib/html.md	33e187a1	df741b13ec8a3630180d65c3b606aca20385ab2b00d3d93836e85b5fbdca9ac9	ratified vanilla member is accepted while crystalline rejects it	MISSING_LANGUAGE_MEMBER	ADR-0127_OWNER_STEP_REQUIRED	The bilateral runtime result confirms a missing language member, including former blocked ancestors.	Crystalline acceptance with the same public value would refute this.	Queue an owner-specific parity cohort; do not mix it with alias removal.
html.dialog	default,html,a11y,html+a11y	default:MATCH_DIAGNOSTIC;html:VANILLA_ONLY;a11y:MATCH_DIAGNOSTIC;html+a11y:VANILLA_ONLY	ABSENT at baseline (bilateral VANILLA_ONLY)	runtime canary; see full bilateral receipt		00_nucleo/prompts/compiler/stdlib/html.md	33e187a1	df741b13ec8a3630180d65c3b606aca20385ab2b00d3d93836e85b5fbdca9ac9	ratified vanilla member is accepted while crystalline rejects it	MISSING_LANGUAGE_MEMBER	ADR-0127_OWNER_STEP_REQUIRED	The bilateral runtime result confirms a missing language member, including former blocked ancestors.	Crystalline acceptance with the same public value would refute this.	Queue an owner-specific parity cohort; do not mix it with alias removal.
html.embed	default,html,a11y,html+a11y	default:MATCH_DIAGNOSTIC;html:VANILLA_ONLY;a11y:MATCH_DIAGNOSTIC;html+a11y:VANILLA_ONLY	ABSENT at baseline (bilateral VANILLA_ONLY)	runtime canary; see full bilateral receipt		00_nucleo/prompts/compiler/stdlib/html.md	33e187a1	df741b13ec8a3630180d65c3b606aca20385ab2b00d3d93836e85b5fbdca9ac9	ratified vanilla member is accepted while crystalline rejects it	MISSING_LANGUAGE_MEMBER	ADR-0127_OWNER_STEP_REQUIRED	The bilateral runtime result confirms a missing language member, including former blocked ancestors.	Crystalline acceptance with the same public value would refute this.	Queue an owner-specific parity cohort; do not mix it with alias removal.
html.fieldset	default,html,a11y,html+a11y	default:MATCH_DIAGNOSTIC;html:VANILLA_ONLY;a11y:MATCH_DIAGNOSTIC;html+a11y:VANILLA_ONLY	ABSENT at baseline (bilateral VANILLA_ONLY)	runtime canary; see full bilateral receipt		00_nucleo/prompts/compiler/stdlib/html.md	33e187a1	df741b13ec8a3630180d65c3b606aca20385ab2b00d3d93836e85b5fbdca9ac9	ratified vanilla member is accepted while crystalline rejects it	MISSING_LANGUAGE_MEMBER	ADR-0127_OWNER_STEP_REQUIRED	The bilateral runtime result confirms a missing language member, including former blocked ancestors.	Crystalline acceptance with the same public value would refute this.	Queue an owner-specific parity cohort; do not mix it with alias removal.
html.form	default,html,a11y,html+a11y	default:MATCH_DIAGNOSTIC;html:VANILLA_ONLY;a11y:MATCH_DIAGNOSTIC;html+a11y:VANILLA_ONLY	ABSENT at baseline (bilateral VANILLA_ONLY)	runtime canary; see full bilateral receipt		00_nucleo/prompts/compiler/stdlib/html.md	33e187a1	df741b13ec8a3630180d65c3b606aca20385ab2b00d3d93836e85b5fbdca9ac9	ratified vanilla member is accepted while crystalline rejects it	MISSING_LANGUAGE_MEMBER	ADR-0127_OWNER_STEP_REQUIRED	The bilateral runtime result confirms a missing language member, including former blocked ancestors.	Crystalline acceptance with the same public value would refute this.	Queue an owner-specific parity cohort; do not mix it with alias removal.
html.frame	default,html,a11y,html+a11y	default:MATCH_DIAGNOSTIC;html:VANILLA_ONLY;a11y:MATCH_DIAGNOSTIC;html+a11y:VANILLA_ONLY	ABSENT at baseline (bilateral VANILLA_ONLY)	crates/typst-html/src/lib.rs:FrameElem		00_nucleo/prompts/compiler/stdlib/html.md	33e187a1	df741b13ec8a3630180d65c3b606aca20385ab2b00d3d93836e85b5fbdca9ac9	ratified vanilla member is accepted while crystalline rejects it	MISSING_LANGUAGE_MEMBER	ADR-0127_OWNER_STEP_REQUIRED	The bilateral runtime result confirms a missing language member, including former blocked ancestors.	Crystalline acceptance with the same public value would refute this.	Queue an owner-specific parity cohort; do not mix it with alias removal.
html.hr	default,html,a11y,html+a11y	default:MATCH_DIAGNOSTIC;html:VANILLA_ONLY;a11y:MATCH_DIAGNOSTIC;html+a11y:VANILLA_ONLY	ABSENT at baseline (bilateral VANILLA_ONLY)	runtime canary; see full bilateral receipt		00_nucleo/prompts/compiler/stdlib/html.md	33e187a1	df741b13ec8a3630180d65c3b606aca20385ab2b00d3d93836e85b5fbdca9ac9	ratified vanilla member is accepted while crystalline rejects it	MISSING_LANGUAGE_MEMBER	ADR-0127_OWNER_STEP_REQUIRED	The bilateral runtime result confirms a missing language member, including former blocked ancestors.	Crystalline acceptance with the same public value would refute this.	Queue an owner-specific parity cohort; do not mix it with alias removal.
html.img	default,html,a11y,html+a11y	default:MATCH_DIAGNOSTIC;html:VANILLA_ONLY;a11y:MATCH_DIAGNOSTIC;html+a11y:VANILLA_ONLY	ABSENT at baseline (bilateral VANILLA_ONLY)	runtime canary; see full bilateral receipt		00_nucleo/prompts/compiler/stdlib/html.md	33e187a1	df741b13ec8a3630180d65c3b606aca20385ab2b00d3d93836e85b5fbdca9ac9	ratified vanilla member is accepted while crystalline rejects it	MISSING_LANGUAGE_MEMBER	ADR-0127_OWNER_STEP_REQUIRED	The bilateral runtime result confirms a missing language member, including former blocked ancestors.	Crystalline acceptance with the same public value would refute this.	Queue an owner-specific parity cohort; do not mix it with alias removal.
html.input	default,html,a11y,html+a11y	default:MATCH_DIAGNOSTIC;html:VANILLA_ONLY;a11y:MATCH_DIAGNOSTIC;html+a11y:VANILLA_ONLY	ABSENT at baseline (bilateral VANILLA_ONLY)	runtime canary; see full bilateral receipt		00_nucleo/prompts/compiler/stdlib/html.md	33e187a1	df741b13ec8a3630180d65c3b606aca20385ab2b00d3d93836e85b5fbdca9ac9	ratified vanilla member is accepted while crystalline rejects it	MISSING_LANGUAGE_MEMBER	ADR-0127_OWNER_STEP_REQUIRED	The bilateral runtime result confirms a missing language member, including former blocked ancestors.	Crystalline acceptance with the same public value would refute this.	Queue an owner-specific parity cohort; do not mix it with alias removal.
html.ins	default,html,a11y,html+a11y	default:MATCH_DIAGNOSTIC;html:VANILLA_ONLY;a11y:MATCH_DIAGNOSTIC;html+a11y:VANILLA_ONLY	ABSENT at baseline (bilateral VANILLA_ONLY)	runtime canary; see full bilateral receipt		00_nucleo/prompts/compiler/stdlib/html.md	33e187a1	df741b13ec8a3630180d65c3b606aca20385ab2b00d3d93836e85b5fbdca9ac9	ratified vanilla member is accepted while crystalline rejects it	MISSING_LANGUAGE_MEMBER	ADR-0127_OWNER_STEP_REQUIRED	The bilateral runtime result confirms a missing language member, including former blocked ancestors.	Crystalline acceptance with the same public value would refute this.	Queue an owner-specific parity cohort; do not mix it with alias removal.
html.label	default,html,a11y,html+a11y	default:MATCH_DIAGNOSTIC;html:VANILLA_ONLY;a11y:MATCH_DIAGNOSTIC;html+a11y:VANILLA_ONLY	ABSENT at baseline (bilateral VANILLA_ONLY)	runtime canary; see full bilateral receipt		00_nucleo/prompts/compiler/stdlib/html.md	33e187a1	df741b13ec8a3630180d65c3b606aca20385ab2b00d3d93836e85b5fbdca9ac9	ratified vanilla member is accepted while crystalline rejects it	MISSING_LANGUAGE_MEMBER	ADR-0127_OWNER_STEP_REQUIRED	The bilateral runtime result confirms a missing language member, including former blocked ancestors.	Crystalline acceptance with the same public value would refute this.	Queue an owner-specific parity cohort; do not mix it with alias removal.
html.link	default,html,a11y,html+a11y	default:MATCH_DIAGNOSTIC;html:VANILLA_ONLY;a11y:MATCH_DIAGNOSTIC;html+a11y:VANILLA_ONLY	ABSENT at baseline (bilateral VANILLA_ONLY)	runtime canary; see full bilateral receipt		00_nucleo/prompts/compiler/stdlib/html.md	33e187a1	df741b13ec8a3630180d65c3b606aca20385ab2b00d3d93836e85b5fbdca9ac9	ratified vanilla member is accepted while crystalline rejects it	MISSING_LANGUAGE_MEMBER	ADR-0127_OWNER_STEP_REQUIRED	The bilateral runtime result confirms a missing language member, including former blocked ancestors.	Crystalline acceptance with the same public value would refute this.	Queue an owner-specific parity cohort; do not mix it with alias removal.
html.map	default,html,a11y,html+a11y	default:MATCH_DIAGNOSTIC;html:VANILLA_ONLY;a11y:MATCH_DIAGNOSTIC;html+a11y:VANILLA_ONLY	ABSENT at baseline (bilateral VANILLA_ONLY)	runtime canary; see full bilateral receipt		00_nucleo/prompts/compiler/stdlib/html.md	33e187a1	df741b13ec8a3630180d65c3b606aca20385ab2b00d3d93836e85b5fbdca9ac9	ratified vanilla member is accepted while crystalline rejects it	MISSING_LANGUAGE_MEMBER	ADR-0127_OWNER_STEP_REQUIRED	The bilateral runtime result confirms a missing language member, including former blocked ancestors.	Crystalline acceptance with the same public value would refute this.	Queue an owner-specific parity cohort; do not mix it with alias removal.
html.meta	default,html,a11y,html+a11y	default:MATCH_DIAGNOSTIC;html:VANILLA_ONLY;a11y:MATCH_DIAGNOSTIC;html+a11y:VANILLA_ONLY	ABSENT at baseline (bilateral VANILLA_ONLY)	runtime canary; see full bilateral receipt		00_nucleo/prompts/compiler/stdlib/html.md	33e187a1	df741b13ec8a3630180d65c3b606aca20385ab2b00d3d93836e85b5fbdca9ac9	ratified vanilla member is accepted while crystalline rejects it	MISSING_LANGUAGE_MEMBER	ADR-0127_OWNER_STEP_REQUIRED	The bilateral runtime result confirms a missing language member, including former blocked ancestors.	Crystalline acceptance with the same public value would refute this.	Queue an owner-specific parity cohort; do not mix it with alias removal.
html.meter	default,html,a11y,html+a11y	default:MATCH_DIAGNOSTIC;html:VANILLA_ONLY;a11y:MATCH_DIAGNOSTIC;html+a11y:VANILLA_ONLY	ABSENT at baseline (bilateral VANILLA_ONLY)	runtime canary; see full bilateral receipt		00_nucleo/prompts/compiler/stdlib/html.md	33e187a1	df741b13ec8a3630180d65c3b606aca20385ab2b00d3d93836e85b5fbdca9ac9	ratified vanilla member is accepted while crystalline rejects it	MISSING_LANGUAGE_MEMBER	ADR-0127_OWNER_STEP_REQUIRED	The bilateral runtime result confirms a missing language member, including former blocked ancestors.	Crystalline acceptance with the same public value would refute this.	Queue an owner-specific parity cohort; do not mix it with alias removal.
html.object	default,html,a11y,html+a11y	default:MATCH_DIAGNOSTIC;html:VANILLA_ONLY;a11y:MATCH_DIAGNOSTIC;html+a11y:VANILLA_ONLY	ABSENT at baseline (bilateral VANILLA_ONLY)	runtime canary; see full bilateral receipt		00_nucleo/prompts/compiler/stdlib/html.md	33e187a1	df741b13ec8a3630180d65c3b606aca20385ab2b00d3d93836e85b5fbdca9ac9	ratified vanilla member is accepted while crystalline rejects it	MISSING_LANGUAGE_MEMBER	ADR-0127_OWNER_STEP_REQUIRED	The bilateral runtime result confirms a missing language member, including former blocked ancestors.	Crystalline acceptance with the same public value would refute this.	Queue an owner-specific parity cohort; do not mix it with alias removal.
html.optgroup	default,html,a11y,html+a11y	default:MATCH_DIAGNOSTIC;html:VANILLA_ONLY;a11y:MATCH_DIAGNOSTIC;html+a11y:VANILLA_ONLY	ABSENT at baseline (bilateral VANILLA_ONLY)	runtime canary; see full bilateral receipt		00_nucleo/prompts/compiler/stdlib/html.md	33e187a1	df741b13ec8a3630180d65c3b606aca20385ab2b00d3d93836e85b5fbdca9ac9	ratified vanilla member is accepted while crystalline rejects it	MISSING_LANGUAGE_MEMBER	ADR-0127_OWNER_STEP_REQUIRED	The bilateral runtime result confirms a missing language member, including former blocked ancestors.	Crystalline acceptance with the same public value would refute this.	Queue an owner-specific parity cohort; do not mix it with alias removal.
html.option	default,html,a11y,html+a11y	default:MATCH_DIAGNOSTIC;html:VANILLA_ONLY;a11y:MATCH_DIAGNOSTIC;html+a11y:VANILLA_ONLY	ABSENT at baseline (bilateral VANILLA_ONLY)	runtime canary; see full bilateral receipt		00_nucleo/prompts/compiler/stdlib/html.md	33e187a1	df741b13ec8a3630180d65c3b606aca20385ab2b00d3d93836e85b5fbdca9ac9	ratified vanilla member is accepted while crystalline rejects it	MISSING_LANGUAGE_MEMBER	ADR-0127_OWNER_STEP_REQUIRED	The bilateral runtime result confirms a missing language member, including former blocked ancestors.	Crystalline acceptance with the same public value would refute this.	Queue an owner-specific parity cohort; do not mix it with alias removal.
html.output	default,html,a11y,html+a11y	default:MATCH_DIAGNOSTIC;html:VANILLA_ONLY;a11y:MATCH_DIAGNOSTIC;html+a11y:VANILLA_ONLY	ABSENT at baseline (bilateral VANILLA_ONLY)	runtime canary; see full bilateral receipt		00_nucleo/prompts/compiler/stdlib/html.md	33e187a1	df741b13ec8a3630180d65c3b606aca20385ab2b00d3d93836e85b5fbdca9ac9	ratified vanilla member is accepted while crystalline rejects it	MISSING_LANGUAGE_MEMBER	ADR-0127_OWNER_STEP_REQUIRED	The bilateral runtime result confirms a missing language member, including former blocked ancestors.	Crystalline acceptance with the same public value would refute this.	Queue an owner-specific parity cohort; do not mix it with alias removal.
html.progress	default,html,a11y,html+a11y	default:MATCH_DIAGNOSTIC;html:VANILLA_ONLY;a11y:MATCH_DIAGNOSTIC;html+a11y:VANILLA_ONLY	ABSENT at baseline (bilateral VANILLA_ONLY)	runtime canary; see full bilateral receipt		00_nucleo/prompts/compiler/stdlib/html.md	33e187a1	df741b13ec8a3630180d65c3b606aca20385ab2b00d3d93836e85b5fbdca9ac9	ratified vanilla member is accepted while crystalline rejects it	MISSING_LANGUAGE_MEMBER	ADR-0127_OWNER_STEP_REQUIRED	The bilateral runtime result confirms a missing language member, including former blocked ancestors.	Crystalline acceptance with the same public value would refute this.	Queue an owner-specific parity cohort; do not mix it with alias removal.
html.q	default,html,a11y,html+a11y	default:MATCH_DIAGNOSTIC;html:VANILLA_ONLY;a11y:MATCH_DIAGNOSTIC;html+a11y:VANILLA_ONLY	ABSENT at baseline (bilateral VANILLA_ONLY)	runtime canary; see full bilateral receipt		00_nucleo/prompts/compiler/stdlib/html.md	33e187a1	df741b13ec8a3630180d65c3b606aca20385ab2b00d3d93836e85b5fbdca9ac9	ratified vanilla member is accepted while crystalline rejects it	MISSING_LANGUAGE_MEMBER	ADR-0127_OWNER_STEP_REQUIRED	The bilateral runtime result confirms a missing language member, including former blocked ancestors.	Crystalline acceptance with the same public value would refute this.	Queue an owner-specific parity cohort; do not mix it with alias removal.
html.script	default,html,a11y,html+a11y	default:MATCH_DIAGNOSTIC;html:VANILLA_ONLY;a11y:MATCH_DIAGNOSTIC;html+a11y:VANILLA_ONLY	ABSENT at baseline (bilateral VANILLA_ONLY)	runtime canary; see full bilateral receipt		00_nucleo/prompts/compiler/stdlib/html.md	33e187a1	df741b13ec8a3630180d65c3b606aca20385ab2b00d3d93836e85b5fbdca9ac9	ratified vanilla member is accepted while crystalline rejects it	MISSING_LANGUAGE_MEMBER	ADR-0127_OWNER_STEP_REQUIRED	The bilateral runtime result confirms a missing language member, including former blocked ancestors.	Crystalline acceptance with the same public value would refute this.	Queue an owner-specific parity cohort; do not mix it with alias removal.
html.slot	default,html,a11y,html+a11y	default:MATCH_DIAGNOSTIC;html:VANILLA_ONLY;a11y:MATCH_DIAGNOSTIC;html+a11y:VANILLA_ONLY	ABSENT at baseline (bilateral VANILLA_ONLY)	runtime canary; see full bilateral receipt		00_nucleo/prompts/compiler/stdlib/html.md	33e187a1	df741b13ec8a3630180d65c3b606aca20385ab2b00d3d93836e85b5fbdca9ac9	ratified vanilla member is accepted while crystalline rejects it	MISSING_LANGUAGE_MEMBER	ADR-0127_OWNER_STEP_REQUIRED	The bilateral runtime result confirms a missing language member, including former blocked ancestors.	Crystalline acceptance with the same public value would refute this.	Queue an owner-specific parity cohort; do not mix it with alias removal.
html.source	default,html,a11y,html+a11y	default:MATCH_DIAGNOSTIC;html:VANILLA_ONLY;a11y:MATCH_DIAGNOSTIC;html+a11y:VANILLA_ONLY	ABSENT at baseline (bilateral VANILLA_ONLY)	runtime canary; see full bilateral receipt		00_nucleo/prompts/compiler/stdlib/html.md	33e187a1	df741b13ec8a3630180d65c3b606aca20385ab2b00d3d93836e85b5fbdca9ac9	ratified vanilla member is accepted while crystalline rejects it	MISSING_LANGUAGE_MEMBER	ADR-0127_OWNER_STEP_REQUIRED	The bilateral runtime result confirms a missing language member, including former blocked ancestors.	Crystalline acceptance with the same public value would refute this.	Queue an owner-specific parity cohort; do not mix it with alias removal.
html.style	default,html,a11y,html+a11y	default:MATCH_DIAGNOSTIC;html:VANILLA_ONLY;a11y:MATCH_DIAGNOSTIC;html+a11y:VANILLA_ONLY	ABSENT at baseline (bilateral VANILLA_ONLY)	runtime canary; see full bilateral receipt		00_nucleo/prompts/compiler/stdlib/html.md	33e187a1	df741b13ec8a3630180d65c3b606aca20385ab2b00d3d93836e85b5fbdca9ac9	ratified vanilla member is accepted while crystalline rejects it	MISSING_LANGUAGE_MEMBER	ADR-0127_OWNER_STEP_REQUIRED	The bilateral runtime result confirms a missing language member, including former blocked ancestors.	Crystalline acceptance with the same public value would refute this.	Queue an owner-specific parity cohort; do not mix it with alias removal.
html.table	default,html,a11y,html+a11y	default:MATCH_DIAGNOSTIC;html:VANILLA_ONLY;a11y:MATCH_DIAGNOSTIC;html+a11y:VANILLA_ONLY	ABSENT at baseline (bilateral VANILLA_ONLY)	runtime canary; see full bilateral receipt		00_nucleo/prompts/compiler/stdlib/html.md	33e187a1	df741b13ec8a3630180d65c3b606aca20385ab2b00d3d93836e85b5fbdca9ac9	ratified vanilla member is accepted while crystalline rejects it	MISSING_LANGUAGE_MEMBER	ADR-0127_OWNER_STEP_REQUIRED	The bilateral runtime result confirms a missing language member, including former blocked ancestors.	Crystalline acceptance with the same public value would refute this.	Queue an owner-specific parity cohort; do not mix it with alias removal.
html.tbody	default,html,a11y,html+a11y	default:MATCH_DIAGNOSTIC;html:VANILLA_ONLY;a11y:MATCH_DIAGNOSTIC;html+a11y:VANILLA_ONLY	ABSENT at baseline (bilateral VANILLA_ONLY)	runtime canary; see full bilateral receipt		00_nucleo/prompts/compiler/stdlib/html.md	33e187a1	df741b13ec8a3630180d65c3b606aca20385ab2b00d3d93836e85b5fbdca9ac9	ratified vanilla member is accepted while crystalline rejects it	MISSING_LANGUAGE_MEMBER	ADR-0127_OWNER_STEP_REQUIRED	The bilateral runtime result confirms a missing language member, including former blocked ancestors.	Crystalline acceptance with the same public value would refute this.	Queue an owner-specific parity cohort; do not mix it with alias removal.
html.td	default,html,a11y,html+a11y	default:MATCH_DIAGNOSTIC;html:VANILLA_ONLY;a11y:MATCH_DIAGNOSTIC;html+a11y:VANILLA_ONLY	ABSENT at baseline (bilateral VANILLA_ONLY)	runtime canary; see full bilateral receipt		00_nucleo/prompts/compiler/stdlib/html.md	33e187a1	df741b13ec8a3630180d65c3b606aca20385ab2b00d3d93836e85b5fbdca9ac9	ratified vanilla member is accepted while crystalline rejects it	MISSING_LANGUAGE_MEMBER	ADR-0127_OWNER_STEP_REQUIRED	The bilateral runtime result confirms a missing language member, including former blocked ancestors.	Crystalline acceptance with the same public value would refute this.	Queue an owner-specific parity cohort; do not mix it with alias removal.
html.textarea	default,html,a11y,html+a11y	default:MATCH_DIAGNOSTIC;html:VANILLA_ONLY;a11y:MATCH_DIAGNOSTIC;html+a11y:VANILLA_ONLY	ABSENT at baseline (bilateral VANILLA_ONLY)	runtime canary; see full bilateral receipt		00_nucleo/prompts/compiler/stdlib/html.md	33e187a1	df741b13ec8a3630180d65c3b606aca20385ab2b00d3d93836e85b5fbdca9ac9	ratified vanilla member is accepted while crystalline rejects it	MISSING_LANGUAGE_MEMBER	ADR-0127_OWNER_STEP_REQUIRED	The bilateral runtime result confirms a missing language member, including former blocked ancestors.	Crystalline acceptance with the same public value would refute this.	Queue an owner-specific parity cohort; do not mix it with alias removal.
html.tfoot	default,html,a11y,html+a11y	default:MATCH_DIAGNOSTIC;html:VANILLA_ONLY;a11y:MATCH_DIAGNOSTIC;html+a11y:VANILLA_ONLY	ABSENT at baseline (bilateral VANILLA_ONLY)	runtime canary; see full bilateral receipt		00_nucleo/prompts/compiler/stdlib/html.md	33e187a1	df741b13ec8a3630180d65c3b606aca20385ab2b00d3d93836e85b5fbdca9ac9	ratified vanilla member is accepted while crystalline rejects it	MISSING_LANGUAGE_MEMBER	ADR-0127_OWNER_STEP_REQUIRED	The bilateral runtime result confirms a missing language member, including former blocked ancestors.	Crystalline acceptance with the same public value would refute this.	Queue an owner-specific parity cohort; do not mix it with alias removal.
html.th	default,html,a11y,html+a11y	default:MATCH_DIAGNOSTIC;html:VANILLA_ONLY;a11y:MATCH_DIAGNOSTIC;html+a11y:VANILLA_ONLY	ABSENT at baseline (bilateral VANILLA_ONLY)	runtime canary; see full bilateral receipt		00_nucleo/prompts/compiler/stdlib/html.md	33e187a1	df741b13ec8a3630180d65c3b606aca20385ab2b00d3d93836e85b5fbdca9ac9	ratified vanilla member is accepted while crystalline rejects it	MISSING_LANGUAGE_MEMBER	ADR-0127_OWNER_STEP_REQUIRED	The bilateral runtime result confirms a missing language member, including former blocked ancestors.	Crystalline acceptance with the same public value would refute this.	Queue an owner-specific parity cohort; do not mix it with alias removal.
html.thead	default,html,a11y,html+a11y	default:MATCH_DIAGNOSTIC;html:VANILLA_ONLY;a11y:MATCH_DIAGNOSTIC;html+a11y:VANILLA_ONLY	ABSENT at baseline (bilateral VANILLA_ONLY)	runtime canary; see full bilateral receipt		00_nucleo/prompts/compiler/stdlib/html.md	33e187a1	df741b13ec8a3630180d65c3b606aca20385ab2b00d3d93836e85b5fbdca9ac9	ratified vanilla member is accepted while crystalline rejects it	MISSING_LANGUAGE_MEMBER	ADR-0127_OWNER_STEP_REQUIRED	The bilateral runtime result confirms a missing language member, including former blocked ancestors.	Crystalline acceptance with the same public value would refute this.	Queue an owner-specific parity cohort; do not mix it with alias removal.
html.time	default,html,a11y,html+a11y	default:MATCH_DIAGNOSTIC;html:VANILLA_ONLY;a11y:MATCH_DIAGNOSTIC;html+a11y:VANILLA_ONLY	ABSENT at baseline (bilateral VANILLA_ONLY)	runtime canary; see full bilateral receipt		00_nucleo/prompts/compiler/stdlib/html.md	33e187a1	df741b13ec8a3630180d65c3b606aca20385ab2b00d3d93836e85b5fbdca9ac9	ratified vanilla member is accepted while crystalline rejects it	MISSING_LANGUAGE_MEMBER	ADR-0127_OWNER_STEP_REQUIRED	The bilateral runtime result confirms a missing language member, including former blocked ancestors.	Crystalline acceptance with the same public value would refute this.	Queue an owner-specific parity cohort; do not mix it with alias removal.
html.tr	default,html,a11y,html+a11y	default:MATCH_DIAGNOSTIC;html:VANILLA_ONLY;a11y:MATCH_DIAGNOSTIC;html+a11y:VANILLA_ONLY	ABSENT at baseline (bilateral VANILLA_ONLY)	runtime canary; see full bilateral receipt		00_nucleo/prompts/compiler/stdlib/html.md	33e187a1	df741b13ec8a3630180d65c3b606aca20385ab2b00d3d93836e85b5fbdca9ac9	ratified vanilla member is accepted while crystalline rejects it	MISSING_LANGUAGE_MEMBER	ADR-0127_OWNER_STEP_REQUIRED	The bilateral runtime result confirms a missing language member, including former blocked ancestors.	Crystalline acceptance with the same public value would refute this.	Queue an owner-specific parity cohort; do not mix it with alias removal.
html.track	default,html,a11y,html+a11y	default:MATCH_DIAGNOSTIC;html:VANILLA_ONLY;a11y:MATCH_DIAGNOSTIC;html+a11y:VANILLA_ONLY	ABSENT at baseline (bilateral VANILLA_ONLY)	runtime canary; see full bilateral receipt		00_nucleo/prompts/compiler/stdlib/html.md	33e187a1	df741b13ec8a3630180d65c3b606aca20385ab2b00d3d93836e85b5fbdca9ac9	ratified vanilla member is accepted while crystalline rejects it	MISSING_LANGUAGE_MEMBER	ADR-0127_OWNER_STEP_REQUIRED	The bilateral runtime result confirms a missing language member, including former blocked ancestors.	Crystalline acceptance with the same public value would refute this.	Queue an owner-specific parity cohort; do not mix it with alias removal.
inline	default,html,a11y,html+a11y	default:CRYSTALLINE_ONLY;html:CRYSTALLINE_ONLY;a11y:CRYSTALLINE_ONLY;html+a11y:CRYSTALLINE_ONLY	01_core/src/compiler/eval/mod.rs:1992	ABSENT in ratified public catalog	math.inline	00_nucleo/prompts/compiler/stdlib/math_style.md	56b9e300	02a1dadb6c08f3ea9ae109ff7bd2dc87e2616a5da5d4a4cfbf5a1269bc4c9603	owner L0 explicitly retains the crystalline-only public extension/compatibility path	INTENTIONAL_PRODUCT_EXTENSION	ADR-0127_HUMAN_GATE_IF_CONTRACT_REOPENED	The path is accepted only by crystalline in every measured profile and is documented as retained.	An owner L0 that does not retain it, or vanilla acceptance, would refute this classification.	Retain outside P1300; reopen only by an owner decision and public-contract gate.
italic	default,html,a11y,html+a11y	default:CRYSTALLINE_ONLY;html:CRYSTALLINE_ONLY;a11y:CRYSTALLINE_ONLY;html+a11y:CRYSTALLINE_ONLY	01_core/src/compiler/eval/mod.rs:1993	ABSENT in ratified public catalog	math.italic	00_nucleo/prompts/compiler/stdlib/math_style.md	56b9e300	02a1dadb6c08f3ea9ae109ff7bd2dc87e2616a5da5d4a4cfbf5a1269bc4c9603	owner L0 explicitly retains the crystalline-only public extension/compatibility path	INTENTIONAL_PRODUCT_EXTENSION	ADR-0127_HUMAN_GATE_IF_CONTRACT_REOPENED	The path is accepted only by crystalline in every measured profile and is documented as retained.	An owner L0 that does not retain it, or vanilla acceptance, would refute this classification.	Retain outside P1300; reopen only by an owner decision and public-contract gate.
json.encode	default,html,a11y,html+a11y	default:VANILLA_ONLY;html:VANILLA_ONLY;a11y:VANILLA_ONLY;html+a11y:VANILLA_ONLY	ABSENT at baseline (bilateral VANILLA_ONLY)	crates/typst-library/src/loading/json.rs:json::encode		00_nucleo/prompts/compiler/stdlib/loading.md	9379f85f	d6cf9cd85c0c25dc3f7a5f6c3a9f47cf956d9fd6e998932ca87ab5b1e58e2c72	ratified vanilla member is accepted while crystalline rejects it	MISSING_LANGUAGE_MEMBER	ADR-0127_OWNER_STEP_REQUIRED	The bilateral runtime result confirms a missing language member, including former blocked ancestors.	Crystalline acceptance with the same public value would refute this.	Queue an owner-specific parity cohort; do not mix it with alias removal.
linear_rgb	default,html,a11y,html+a11y	default:CRYSTALLINE_ONLY;html:CRYSTALLINE_ONLY;a11y:CRYSTALLINE_ONLY;html+a11y:CRYSTALLINE_ONLY	01_core/src/compiler/eval/mod.rs:1651	ABSENT in ratified public catalog	color.linear-rgb	00_nucleo/prompts/compiler/stdlib/color.md	dfc7912c	fecc619d1b336a6f8ca8c39c22a302babdec4daf22d3387ce97ce28e36d87dc3	L0 calls the constructor global; ratified vanilla exposes it only under color.*	L0_CONTRADICTION	ADR-0127_HUMAN_GATE_PUBLIC_REMOVAL	The bare path is leaked while the qualified route color.linear-rgb remains bilateral.	A ratified vanilla run accepting the bare path, or failure of the qualified route, would refute this.	P1300: remeasure, edit color L0 first, show diff and stop for human confirmation.
list.item	default,html,a11y,html+a11y	default:VANILLA_ONLY;html:VANILLA_ONLY;a11y:VANILLA_ONLY;html+a11y:VANILLA_ONLY	ABSENT at baseline (bilateral VANILLA_ONLY)	crates/typst-library/src/model/list.rs:ListItem		00_nucleo/prompts/compiler/eval/bindings/field_access.md	d37b05cb	3e5b96f5d62a693cb8291f63cd656a73ba19ebd69e29446858d36e475bff4a60	ratified vanilla member is accepted while crystalline rejects it	MISSING_LANGUAGE_MEMBER	ADR-0127_OWNER_STEP_REQUIRED	The bilateral runtime result confirms a missing language member, including former blocked ancestors.	Crystalline acceptance with the same public value would refute this.	Queue an owner-specific parity cohort; do not mix it with alias removal.
lof	default,html,a11y,html+a11y	default:CRYSTALLINE_ONLY;html:CRYSTALLINE_ONLY;a11y:CRYSTALLINE_ONLY;html+a11y:CRYSTALLINE_ONLY	01_core/src/compiler/eval/mod.rs:1697	ABSENT in ratified public catalog		00_nucleo/prompts/compiler/stdlib/structural.md	08c5c5f3	81e66889454d8f397ab5eafbd4c6a5e0f8a27993e15d2f3c81d307e804ff3b12	owner L0 explicitly retains the crystalline-only public extension/compatibility path	INTENTIONAL_PRODUCT_EXTENSION	ADR-0127_HUMAN_GATE_IF_CONTRACT_REOPENED	The path is accepted only by crystalline in every measured profile and is documented as retained.	An owner L0 that does not retain it, or vanilla acceptance, would refute this classification.	Retain outside P1300; reopen only by an owner decision and public-contract gate.
lot	default,html,a11y,html+a11y	default:CRYSTALLINE_ONLY;html:CRYSTALLINE_ONLY;a11y:CRYSTALLINE_ONLY;html+a11y:CRYSTALLINE_ONLY	01_core/src/compiler/eval/mod.rs:1698	ABSENT in ratified public catalog		00_nucleo/prompts/compiler/stdlib/structural.md	08c5c5f3	81e66889454d8f397ab5eafbd4c6a5e0f8a27993e15d2f3c81d307e804ff3b12	owner L0 explicitly retains the crystalline-only public extension/compatibility path	INTENTIONAL_PRODUCT_EXTENSION	ADR-0127_HUMAN_GATE_IF_CONTRACT_REOPENED	The path is accepted only by crystalline in every measured profile and is documented as retained.	An owner L0 that does not retain it, or vanilla acceptance, would refute this classification.	Retain outside P1300; reopen only by an owner decision and public-contract gate.
math.abs	default,html,a11y,html+a11y	default:VANILLA_ONLY;html:VANILLA_ONLY;a11y:VANILLA_ONLY;html+a11y:VANILLA_ONLY	ABSENT at baseline (bilateral VANILLA_ONLY)	crates/typst-library/src/math/lr.rs:abs		00_nucleo/prompts/compiler/stdlib/structural/math.md	81441281	18b2fb0d9a3e1f6a0ff9cd8fb2e25047b4c9f2185cb6a511ae022e7a9c4e80a2	ratified vanilla member is accepted while crystalline rejects it	MISSING_LANGUAGE_MEMBER	ADR-0127_OWNER_STEP_REQUIRED	The bilateral runtime result confirms a missing language member, including former blocked ancestors.	Crystalline acceptance with the same public value would refute this.	Queue an owner-specific parity cohort; do not mix it with alias removal.
math.accent	default,html,a11y,html+a11y	default:VANILLA_ONLY;html:VANILLA_ONLY;a11y:VANILLA_ONLY;html+a11y:VANILLA_ONLY	ABSENT at baseline (bilateral VANILLA_ONLY)	crates/typst-library/src/math/accent.rs:AccentElem		00_nucleo/prompts/compiler/stdlib/structural/math.md	81441281	18b2fb0d9a3e1f6a0ff9cd8fb2e25047b4c9f2185cb6a511ae022e7a9c4e80a2	ratified vanilla member is accepted while crystalline rejects it	MISSING_LANGUAGE_MEMBER	ADR-0127_OWNER_STEP_REQUIRED	The bilateral runtime result confirms a missing language member, including former blocked ancestors.	Crystalline acceptance with the same public value would refute this.	Queue an owner-specific parity cohort; do not mix it with alias removal.
math.bold	default,html,a11y,html+a11y	default:VANILLA_ONLY;html:VANILLA_ONLY;a11y:VANILLA_ONLY;html+a11y:VANILLA_ONLY	ABSENT at baseline (bilateral VANILLA_ONLY)	crates/typst-library/src/math/style.rs:bold		00_nucleo/prompts/compiler/stdlib/structural/math.md	81441281	18b2fb0d9a3e1f6a0ff9cd8fb2e25047b4c9f2185cb6a511ae022e7a9c4e80a2	ratified vanilla member is accepted while crystalline rejects it	MISSING_LANGUAGE_MEMBER	ADR-0127_OWNER_STEP_REQUIRED	The bilateral runtime result confirms a missing language member, including former blocked ancestors.	Crystalline acceptance with the same public value would refute this.	Queue an owner-specific parity cohort; do not mix it with alias removal.
math.cal	default,html,a11y,html+a11y	default:VANILLA_ONLY;html:VANILLA_ONLY;a11y:VANILLA_ONLY;html+a11y:VANILLA_ONLY	ABSENT at baseline (bilateral VANILLA_ONLY)	crates/typst-library/src/math/style.rs:cal		00_nucleo/prompts/compiler/stdlib/structural/math.md	81441281	18b2fb0d9a3e1f6a0ff9cd8fb2e25047b4c9f2185cb6a511ae022e7a9c4e80a2	ratified vanilla member is accepted while crystalline rejects it	MISSING_LANGUAGE_MEMBER	ADR-0127_OWNER_STEP_REQUIRED	The bilateral runtime result confirms a missing language member, including former blocked ancestors.	Crystalline acceptance with the same public value would refute this.	Queue an owner-specific parity cohort; do not mix it with alias removal.
math.cases	default,html,a11y,html+a11y	default:VANILLA_ONLY;html:VANILLA_ONLY;a11y:VANILLA_ONLY;html+a11y:VANILLA_ONLY	ABSENT at baseline (bilateral VANILLA_ONLY)	crates/typst-library/src/math/matrix.rs:CasesElem		00_nucleo/prompts/compiler/stdlib/structural/math.md	81441281	18b2fb0d9a3e1f6a0ff9cd8fb2e25047b4c9f2185cb6a511ae022e7a9c4e80a2	ratified vanilla member is accepted while crystalline rejects it	MISSING_LANGUAGE_MEMBER	ADR-0127_OWNER_STEP_REQUIRED	The bilateral runtime result confirms a missing language member, including former blocked ancestors.	Crystalline acceptance with the same public value would refute this.	Queue an owner-specific parity cohort; do not mix it with alias removal.
math.display	default,html,a11y,html+a11y	default:VANILLA_ONLY;html:VANILLA_ONLY;a11y:VANILLA_ONLY;html+a11y:VANILLA_ONLY	ABSENT at baseline (bilateral VANILLA_ONLY)	crates/typst-library/src/math/style.rs:display		00_nucleo/prompts/compiler/stdlib/structural/math.md	81441281	18b2fb0d9a3e1f6a0ff9cd8fb2e25047b4c9f2185cb6a511ae022e7a9c4e80a2	ratified vanilla member is accepted while crystalline rejects it	MISSING_LANGUAGE_MEMBER	ADR-0127_OWNER_STEP_REQUIRED	The bilateral runtime result confirms a missing language member, including former blocked ancestors.	Crystalline acceptance with the same public value would refute this.	Queue an owner-specific parity cohort; do not mix it with alias removal.
math.frac	default,html,a11y,html+a11y	default:VANILLA_ONLY;html:VANILLA_ONLY;a11y:VANILLA_ONLY;html+a11y:VANILLA_ONLY	ABSENT at baseline (bilateral VANILLA_ONLY)	crates/typst-library/src/math/frac.rs:FracElem		00_nucleo/prompts/compiler/stdlib/structural/math.md	81441281	18b2fb0d9a3e1f6a0ff9cd8fb2e25047b4c9f2185cb6a511ae022e7a9c4e80a2	ratified vanilla member is accepted while crystalline rejects it	MISSING_LANGUAGE_MEMBER	ADR-0127_OWNER_STEP_REQUIRED	The bilateral runtime result confirms a missing language member, including former blocked ancestors.	Crystalline acceptance with the same public value would refute this.	Queue an owner-specific parity cohort; do not mix it with alias removal.
math.italic	default,html,a11y,html+a11y	default:VANILLA_ONLY;html:VANILLA_ONLY;a11y:VANILLA_ONLY;html+a11y:VANILLA_ONLY	ABSENT at baseline (bilateral VANILLA_ONLY)	crates/typst-library/src/math/style.rs:italic		00_nucleo/prompts/compiler/stdlib/structural/math.md	81441281	18b2fb0d9a3e1f6a0ff9cd8fb2e25047b4c9f2185cb6a511ae022e7a9c4e80a2	ratified vanilla member is accepted while crystalline rejects it	MISSING_LANGUAGE_MEMBER	ADR-0127_OWNER_STEP_REQUIRED	The bilateral runtime result confirms a missing language member, including former blocked ancestors.	Crystalline acceptance with the same public value would refute this.	Queue an owner-specific parity cohort; do not mix it with alias removal.
math.limits	default,html,a11y,html+a11y	default:VANILLA_ONLY;html:VANILLA_ONLY;a11y:VANILLA_ONLY;html+a11y:VANILLA_ONLY	ABSENT at baseline (bilateral VANILLA_ONLY)	crates/typst-library/src/math/attach.rs:LimitsElem		00_nucleo/prompts/compiler/stdlib/structural/math.md	81441281	18b2fb0d9a3e1f6a0ff9cd8fb2e25047b4c9f2185cb6a511ae022e7a9c4e80a2	ratified vanilla member is accepted while crystalline rejects it	MISSING_LANGUAGE_MEMBER	ADR-0127_OWNER_STEP_REQUIRED	The bilateral runtime result confirms a missing language member, including former blocked ancestors.	Crystalline acceptance with the same public value would refute this.	Queue an owner-specific parity cohort; do not mix it with alias removal.
math.lr	default,html,a11y,html+a11y	default:VANILLA_ONLY;html:VANILLA_ONLY;a11y:VANILLA_ONLY;html+a11y:VANILLA_ONLY	ABSENT at baseline (bilateral VANILLA_ONLY)	crates/typst-library/src/math/lr.rs:LrElem		00_nucleo/prompts/compiler/stdlib/structural/math.md	81441281	18b2fb0d9a3e1f6a0ff9cd8fb2e25047b4c9f2185cb6a511ae022e7a9c4e80a2	ratified vanilla member is accepted while crystalline rejects it	MISSING_LANGUAGE_MEMBER	ADR-0127_OWNER_STEP_REQUIRED	The bilateral runtime result confirms a missing language member, including former blocked ancestors.	Crystalline acceptance with the same public value would refute this.	Queue an owner-specific parity cohort; do not mix it with alias removal.
math.mat	default,html,a11y,html+a11y	default:VANILLA_ONLY;html:VANILLA_ONLY;a11y:VANILLA_ONLY;html+a11y:VANILLA_ONLY	ABSENT at baseline (bilateral VANILLA_ONLY)	crates/typst-library/src/math/matrix.rs:MatElem		00_nucleo/prompts/compiler/stdlib/structural/math.md	81441281	18b2fb0d9a3e1f6a0ff9cd8fb2e25047b4c9f2185cb6a511ae022e7a9c4e80a2	ratified vanilla member is accepted while crystalline rejects it	MISSING_LANGUAGE_MEMBER	ADR-0127_OWNER_STEP_REQUIRED	The bilateral runtime result confirms a missing language member, including former blocked ancestors.	Crystalline acceptance with the same public value would refute this.	Queue an owner-specific parity cohort; do not mix it with alias removal.
math.mid	default,html,a11y,html+a11y	default:VANILLA_ONLY;html:VANILLA_ONLY;a11y:VANILLA_ONLY;html+a11y:VANILLA_ONLY	ABSENT at baseline (bilateral VANILLA_ONLY)	crates/typst-library/src/math/lr.rs:MidElem		00_nucleo/prompts/compiler/stdlib/structural/math.md	81441281	18b2fb0d9a3e1f6a0ff9cd8fb2e25047b4c9f2185cb6a511ae022e7a9c4e80a2	ratified vanilla member is accepted while crystalline rejects it	MISSING_LANGUAGE_MEMBER	ADR-0127_OWNER_STEP_REQUIRED	The bilateral runtime result confirms a missing language member, including former blocked ancestors.	Crystalline acceptance with the same public value would refute this.	Queue an owner-specific parity cohort; do not mix it with alias removal.
math.norm	default,html,a11y,html+a11y	default:VANILLA_ONLY;html:VANILLA_ONLY;a11y:VANILLA_ONLY;html+a11y:VANILLA_ONLY	ABSENT at baseline (bilateral VANILLA_ONLY)	crates/typst-library/src/math/lr.rs:norm		00_nucleo/prompts/compiler/stdlib/structural/math.md	81441281	18b2fb0d9a3e1f6a0ff9cd8fb2e25047b4c9f2185cb6a511ae022e7a9c4e80a2	ratified vanilla member is accepted while crystalline rejects it	MISSING_LANGUAGE_MEMBER	ADR-0127_OWNER_STEP_REQUIRED	The bilateral runtime result confirms a missing language member, including former blocked ancestors.	Crystalline acceptance with the same public value would refute this.	Queue an owner-specific parity cohort; do not mix it with alias removal.
math.overbrace	default,html,a11y,html+a11y	default:VANILLA_ONLY;html:VANILLA_ONLY;a11y:VANILLA_ONLY;html+a11y:VANILLA_ONLY	ABSENT at baseline (bilateral VANILLA_ONLY)	crates/typst-library/src/math/underover.rs:OverbraceElem		00_nucleo/prompts/compiler/stdlib/structural/math.md	81441281	18b2fb0d9a3e1f6a0ff9cd8fb2e25047b4c9f2185cb6a511ae022e7a9c4e80a2	ratified vanilla member is accepted while crystalline rejects it	MISSING_LANGUAGE_MEMBER	ADR-0127_OWNER_STEP_REQUIRED	The bilateral runtime result confirms a missing language member, including former blocked ancestors.	Crystalline acceptance with the same public value would refute this.	Queue an owner-specific parity cohort; do not mix it with alias removal.
math.overbracket	default,html,a11y,html+a11y	default:VANILLA_ONLY;html:VANILLA_ONLY;a11y:VANILLA_ONLY;html+a11y:VANILLA_ONLY	ABSENT at baseline (bilateral VANILLA_ONLY)	crates/typst-library/src/math/underover.rs:OverbracketElem		00_nucleo/prompts/compiler/stdlib/structural/math.md	81441281	18b2fb0d9a3e1f6a0ff9cd8fb2e25047b4c9f2185cb6a511ae022e7a9c4e80a2	ratified vanilla member is accepted while crystalline rejects it	MISSING_LANGUAGE_MEMBER	ADR-0127_OWNER_STEP_REQUIRED	The bilateral runtime result confirms a missing language member, including former blocked ancestors.	Crystalline acceptance with the same public value would refute this.	Queue an owner-specific parity cohort; do not mix it with alias removal.
math.overline	default,html,a11y,html+a11y	default:VANILLA_ONLY;html:VANILLA_ONLY;a11y:VANILLA_ONLY;html+a11y:VANILLA_ONLY	ABSENT at baseline (bilateral VANILLA_ONLY)	crates/typst-library/src/math/underover.rs:OverlineElem		00_nucleo/prompts/compiler/stdlib/structural/math.md	81441281	18b2fb0d9a3e1f6a0ff9cd8fb2e25047b4c9f2185cb6a511ae022e7a9c4e80a2	ratified vanilla member is accepted while crystalline rejects it	MISSING_LANGUAGE_MEMBER	ADR-0127_OWNER_STEP_REQUIRED	The bilateral runtime result confirms a missing language member, including former blocked ancestors.	Crystalline acceptance with the same public value would refute this.	Queue an owner-specific parity cohort; do not mix it with alias removal.
math.overparen	default,html,a11y,html+a11y	default:VANILLA_ONLY;html:VANILLA_ONLY;a11y:VANILLA_ONLY;html+a11y:VANILLA_ONLY	ABSENT at baseline (bilateral VANILLA_ONLY)	crates/typst-library/src/math/underover.rs:OverparenElem		00_nucleo/prompts/compiler/stdlib/structural/math.md	81441281	18b2fb0d9a3e1f6a0ff9cd8fb2e25047b4c9f2185cb6a511ae022e7a9c4e80a2	ratified vanilla member is accepted while crystalline rejects it	MISSING_LANGUAGE_MEMBER	ADR-0127_OWNER_STEP_REQUIRED	The bilateral runtime result confirms a missing language member, including former blocked ancestors.	Crystalline acceptance with the same public value would refute this.	Queue an owner-specific parity cohort; do not mix it with alias removal.
math.overshell	default,html,a11y,html+a11y	default:VANILLA_ONLY;html:VANILLA_ONLY;a11y:VANILLA_ONLY;html+a11y:VANILLA_ONLY	ABSENT at baseline (bilateral VANILLA_ONLY)	crates/typst-library/src/math/underover.rs:OvershellElem		00_nucleo/prompts/compiler/stdlib/structural/math.md	81441281	18b2fb0d9a3e1f6a0ff9cd8fb2e25047b4c9f2185cb6a511ae022e7a9c4e80a2	ratified vanilla member is accepted while crystalline rejects it	MISSING_LANGUAGE_MEMBER	ADR-0127_OWNER_STEP_REQUIRED	The bilateral runtime result confirms a missing language member, including former blocked ancestors.	Crystalline acceptance with the same public value would refute this.	Queue an owner-specific parity cohort; do not mix it with alias removal.
math.primes	default,html,a11y,html+a11y	default:VANILLA_ONLY;html:VANILLA_ONLY;a11y:VANILLA_ONLY;html+a11y:VANILLA_ONLY	ABSENT at baseline (bilateral VANILLA_ONLY)	crates/typst-library/src/math/attach.rs:PrimesElem		00_nucleo/prompts/compiler/stdlib/structural/math.md	81441281	18b2fb0d9a3e1f6a0ff9cd8fb2e25047b4c9f2185cb6a511ae022e7a9c4e80a2	ratified vanilla member is accepted while crystalline rejects it	MISSING_LANGUAGE_MEMBER	ADR-0127_OWNER_STEP_REQUIRED	The bilateral runtime result confirms a missing language member, including former blocked ancestors.	Crystalline acceptance with the same public value would refute this.	Queue an owner-specific parity cohort; do not mix it with alias removal.
math.registered	default,html,a11y,html+a11y	default:CRYSTALLINE_ONLY;html:CRYSTALLINE_ONLY;a11y:CRYSTALLINE_ONLY;html+a11y:CRYSTALLINE_ONLY	01_core/src/compiler/stdlib/structural/math.rs:1324	ABSENT in ratified public catalog		00_nucleo/prompts/compiler/stdlib/structural/math.md	81441281	18b2fb0d9a3e1f6a0ff9cd8fb2e25047b4c9f2185cb6a511ae022e7a9c4e80a2	owner L0 explicitly retains the crystalline-only public extension/compatibility path	INTENTIONAL_PRODUCT_EXTENSION	ADR-0127_HUMAN_GATE_IF_CONTRACT_REOPENED	The path is accepted only by crystalline in every measured profile and is documented as retained.	An owner L0 that does not retain it, or vanilla acceptance, would refute this classification.	Retain outside P1300; reopen only by an owner decision and public-contract gate.
math.root	default,html,a11y,html+a11y	default:VANILLA_ONLY;html:VANILLA_ONLY;a11y:VANILLA_ONLY;html+a11y:VANILLA_ONLY	ABSENT at baseline (bilateral VANILLA_ONLY)	crates/typst-library/src/math/root.rs:RootElem		00_nucleo/prompts/compiler/stdlib/structural/math.md	81441281	18b2fb0d9a3e1f6a0ff9cd8fb2e25047b4c9f2185cb6a511ae022e7a9c4e80a2	ratified vanilla member is accepted while crystalline rejects it	MISSING_LANGUAGE_MEMBER	ADR-0127_OWNER_STEP_REQUIRED	The bilateral runtime result confirms a missing language member, including former blocked ancestors.	Crystalline acceptance with the same public value would refute this.	Queue an owner-specific parity cohort; do not mix it with alias removal.
math.round	default,html,a11y,html+a11y	default:VANILLA_ONLY;html:VANILLA_ONLY;a11y:VANILLA_ONLY;html+a11y:VANILLA_ONLY	ABSENT at baseline (bilateral VANILLA_ONLY)	crates/typst-library/src/math/lr.rs:round		00_nucleo/prompts/compiler/stdlib/structural/math.md	81441281	18b2fb0d9a3e1f6a0ff9cd8fb2e25047b4c9f2185cb6a511ae022e7a9c4e80a2	ratified vanilla member is accepted while crystalline rejects it	MISSING_LANGUAGE_MEMBER	ADR-0127_OWNER_STEP_REQUIRED	The bilateral runtime result confirms a missing language member, including former blocked ancestors.	Crystalline acceptance with the same public value would refute this.	Queue an owner-specific parity cohort; do not mix it with alias removal.
math.sans	default,html,a11y,html+a11y	default:VANILLA_ONLY;html:VANILLA_ONLY;a11y:VANILLA_ONLY;html+a11y:VANILLA_ONLY	ABSENT at baseline (bilateral VANILLA_ONLY)	crates/typst-library/src/math/style.rs:sans		00_nucleo/prompts/compiler/stdlib/structural/math.md	81441281	18b2fb0d9a3e1f6a0ff9cd8fb2e25047b4c9f2185cb6a511ae022e7a9c4e80a2	ratified vanilla member is accepted while crystalline rejects it	MISSING_LANGUAGE_MEMBER	ADR-0127_OWNER_STEP_REQUIRED	The bilateral runtime result confirms a missing language member, including former blocked ancestors.	Crystalline acceptance with the same public value would refute this.	Queue an owner-specific parity cohort; do not mix it with alias removal.
math.scr	default,html,a11y,html+a11y	default:VANILLA_ONLY;html:VANILLA_ONLY;a11y:VANILLA_ONLY;html+a11y:VANILLA_ONLY	ABSENT at baseline (bilateral VANILLA_ONLY)	crates/typst-library/src/math/style.rs:scr		00_nucleo/prompts/compiler/stdlib/structural/math.md	81441281	18b2fb0d9a3e1f6a0ff9cd8fb2e25047b4c9f2185cb6a511ae022e7a9c4e80a2	ratified vanilla member is accepted while crystalline rejects it	MISSING_LANGUAGE_MEMBER	ADR-0127_OWNER_STEP_REQUIRED	The bilateral runtime result confirms a missing language member, including former blocked ancestors.	Crystalline acceptance with the same public value would refute this.	Queue an owner-specific parity cohort; do not mix it with alias removal.
math.sscript	default,html,a11y,html+a11y	default:VANILLA_ONLY;html:VANILLA_ONLY;a11y:VANILLA_ONLY;html+a11y:VANILLA_ONLY	ABSENT at baseline (bilateral VANILLA_ONLY)	crates/typst-library/src/math/style.rs:sscript		00_nucleo/prompts/compiler/stdlib/structural/math.md	81441281	18b2fb0d9a3e1f6a0ff9cd8fb2e25047b4c9f2185cb6a511ae022e7a9c4e80a2	ratified vanilla member is accepted while crystalline rejects it	MISSING_LANGUAGE_MEMBER	ADR-0127_OWNER_STEP_REQUIRED	The bilateral runtime result confirms a missing language member, including former blocked ancestors.	Crystalline acceptance with the same public value would refute this.	Queue an owner-specific parity cohort; do not mix it with alias removal.
math.stretch	default,html,a11y,html+a11y	default:VANILLA_ONLY;html:VANILLA_ONLY;a11y:VANILLA_ONLY;html+a11y:VANILLA_ONLY	ABSENT at baseline (bilateral VANILLA_ONLY)	crates/typst-library/src/math/attach.rs:StretchElem		00_nucleo/prompts/compiler/stdlib/structural/math.md	81441281	18b2fb0d9a3e1f6a0ff9cd8fb2e25047b4c9f2185cb6a511ae022e7a9c4e80a2	ratified vanilla member is accepted while crystalline rejects it	MISSING_LANGUAGE_MEMBER	ADR-0127_OWNER_STEP_REQUIRED	The bilateral runtime result confirms a missing language member, including former blocked ancestors.	Crystalline acceptance with the same public value would refute this.	Queue an owner-specific parity cohort; do not mix it with alias removal.
math.text	default,html,a11y,html+a11y	default:VANILLA_ONLY;html:VANILLA_ONLY;a11y:VANILLA_ONLY;html+a11y:VANILLA_ONLY	ABSENT at baseline (bilateral VANILLA_ONLY)	crates/typst-library/src/text/mod.rs:TextElem		00_nucleo/prompts/compiler/stdlib/structural/math.md	81441281	18b2fb0d9a3e1f6a0ff9cd8fb2e25047b4c9f2185cb6a511ae022e7a9c4e80a2	ratified vanilla member is accepted while crystalline rejects it	MISSING_LANGUAGE_MEMBER	ADR-0127_OWNER_STEP_REQUIRED	The bilateral runtime result confirms a missing language member, including former blocked ancestors.	Crystalline acceptance with the same public value would refute this.	Queue an owner-specific parity cohort; do not mix it with alias removal.
math.underbrace	default,html,a11y,html+a11y	default:VANILLA_ONLY;html:VANILLA_ONLY;a11y:VANILLA_ONLY;html+a11y:VANILLA_ONLY	ABSENT at baseline (bilateral VANILLA_ONLY)	crates/typst-library/src/math/underover.rs:UnderbraceElem		00_nucleo/prompts/compiler/stdlib/structural/math.md	81441281	18b2fb0d9a3e1f6a0ff9cd8fb2e25047b4c9f2185cb6a511ae022e7a9c4e80a2	ratified vanilla member is accepted while crystalline rejects it	MISSING_LANGUAGE_MEMBER	ADR-0127_OWNER_STEP_REQUIRED	The bilateral runtime result confirms a missing language member, including former blocked ancestors.	Crystalline acceptance with the same public value would refute this.	Queue an owner-specific parity cohort; do not mix it with alias removal.
math.underbracket	default,html,a11y,html+a11y	default:VANILLA_ONLY;html:VANILLA_ONLY;a11y:VANILLA_ONLY;html+a11y:VANILLA_ONLY	ABSENT at baseline (bilateral VANILLA_ONLY)	crates/typst-library/src/math/underover.rs:UnderbracketElem		00_nucleo/prompts/compiler/stdlib/structural/math.md	81441281	18b2fb0d9a3e1f6a0ff9cd8fb2e25047b4c9f2185cb6a511ae022e7a9c4e80a2	ratified vanilla member is accepted while crystalline rejects it	MISSING_LANGUAGE_MEMBER	ADR-0127_OWNER_STEP_REQUIRED	The bilateral runtime result confirms a missing language member, including former blocked ancestors.	Crystalline acceptance with the same public value would refute this.	Queue an owner-specific parity cohort; do not mix it with alias removal.
math.underparen	default,html,a11y,html+a11y	default:VANILLA_ONLY;html:VANILLA_ONLY;a11y:VANILLA_ONLY;html+a11y:VANILLA_ONLY	ABSENT at baseline (bilateral VANILLA_ONLY)	crates/typst-library/src/math/underover.rs:UnderparenElem		00_nucleo/prompts/compiler/stdlib/structural/math.md	81441281	18b2fb0d9a3e1f6a0ff9cd8fb2e25047b4c9f2185cb6a511ae022e7a9c4e80a2	ratified vanilla member is accepted while crystalline rejects it	MISSING_LANGUAGE_MEMBER	ADR-0127_OWNER_STEP_REQUIRED	The bilateral runtime result confirms a missing language member, including former blocked ancestors.	Crystalline acceptance with the same public value would refute this.	Queue an owner-specific parity cohort; do not mix it with alias removal.
math.undershell	default,html,a11y,html+a11y	default:VANILLA_ONLY;html:VANILLA_ONLY;a11y:VANILLA_ONLY;html+a11y:VANILLA_ONLY	ABSENT at baseline (bilateral VANILLA_ONLY)	crates/typst-library/src/math/underover.rs:UndershellElem		00_nucleo/prompts/compiler/stdlib/structural/math.md	81441281	18b2fb0d9a3e1f6a0ff9cd8fb2e25047b4c9f2185cb6a511ae022e7a9c4e80a2	ratified vanilla member is accepted while crystalline rejects it	MISSING_LANGUAGE_MEMBER	ADR-0127_OWNER_STEP_REQUIRED	The bilateral runtime result confirms a missing language member, including former blocked ancestors.	Crystalline acceptance with the same public value would refute this.	Queue an owner-specific parity cohort; do not mix it with alias removal.
math.upright	default,html,a11y,html+a11y	default:VANILLA_ONLY;html:VANILLA_ONLY;a11y:VANILLA_ONLY;html+a11y:VANILLA_ONLY	ABSENT at baseline (bilateral VANILLA_ONLY)	crates/typst-library/src/math/style.rs:upright		00_nucleo/prompts/compiler/stdlib/structural/math.md	81441281	18b2fb0d9a3e1f6a0ff9cd8fb2e25047b4c9f2185cb6a511ae022e7a9c4e80a2	ratified vanilla member is accepted while crystalline rejects it	MISSING_LANGUAGE_MEMBER	ADR-0127_OWNER_STEP_REQUIRED	The bilateral runtime result confirms a missing language member, including former blocked ancestors.	Crystalline acceptance with the same public value would refute this.	Queue an owner-specific parity cohort; do not mix it with alias removal.
mono	default,html,a11y,html+a11y	default:CRYSTALLINE_ONLY;html:CRYSTALLINE_ONLY;a11y:CRYSTALLINE_ONLY;html+a11y:CRYSTALLINE_ONLY	01_core/src/compiler/eval/mod.rs:1994	ABSENT in ratified public catalog	math.mono	00_nucleo/prompts/compiler/stdlib/math_style.md	56b9e300	02a1dadb6c08f3ea9ae109ff7bd2dc87e2616a5da5d4a4cfbf5a1269bc4c9603	owner L0 explicitly retains the crystalline-only public extension/compatibility path	INTENTIONAL_PRODUCT_EXTENSION	ADR-0127_HUMAN_GATE_IF_CONTRACT_REOPENED	The path is accepted only by crystalline in every measured profile and is documented as retained.	An owner L0 that does not retain it, or vanilla acceptance, would refute this classification.	Retain outside P1300; reopen only by an owner decision and public-contract gate.
op	default,html,a11y,html+a11y	default:CRYSTALLINE_ONLY;html:CRYSTALLINE_ONLY;a11y:CRYSTALLINE_ONLY;html+a11y:CRYSTALLINE_ONLY	01_core/src/compiler/eval/mod.rs:1985	ABSENT in ratified public catalog	math.op	00_nucleo/prompts/compiler/stdlib/structural/math.md	81441281	18b2fb0d9a3e1f6a0ff9cd8fb2e25047b4c9f2185cb6a511ae022e7a9c4e80a2	owner L0 explicitly retains the crystalline-only public extension/compatibility path	INTENTIONAL_PRODUCT_EXTENSION	ADR-0127_HUMAN_GATE_IF_CONTRACT_REOPENED	The path is accepted only by crystalline in every measured profile and is documented as retained.	An owner L0 that does not retain it, or vanilla acceptance, would refute this classification.	Retain outside P1300; reopen only by an owner decision and public-contract gate.
outline.entry	default,html,a11y,html+a11y	default:VANILLA_ONLY;html:VANILLA_ONLY;a11y:VANILLA_ONLY;html+a11y:VANILLA_ONLY	ABSENT at baseline (bilateral VANILLA_ONLY)	crates/typst-library/src/model/outline.rs:OutlineEntry		00_nucleo/prompts/compiler/stdlib/structural/outline.md	01b891e9	e8dc3b96fd9a03ae21f87f602d85bb7b0b5b6eb95d6267dcbfe280a80d3b0632	ratified vanilla member is accepted while crystalline rejects it	MISSING_LANGUAGE_MEMBER	ADR-0127_OWNER_STEP_REQUIRED	The bilateral runtime result confirms a missing language member, including former blocked ancestors.	Crystalline acceptance with the same public value would refute this.	Queue an owner-specific parity cohort; do not mix it with alias removal.
outline.entry.body	default,html,a11y,html+a11y	default:VANILLA_ONLY;html:VANILLA_ONLY;a11y:VANILLA_ONLY;html+a11y:VANILLA_ONLY	ABSENT at baseline (bilateral VANILLA_ONLY)	crates/typst-library/src/model/outline.rs:OutlineEntry::body		00_nucleo/prompts/compiler/stdlib/structural/outline.md	01b891e9	e8dc3b96fd9a03ae21f87f602d85bb7b0b5b6eb95d6267dcbfe280a80d3b0632	ratified vanilla member is accepted while crystalline rejects it	MISSING_LANGUAGE_MEMBER	ADR-0127_OWNER_STEP_REQUIRED	The bilateral runtime result confirms a missing language member, including former blocked ancestors.	Crystalline acceptance with the same public value would refute this.	Queue an owner-specific parity cohort; do not mix it with alias removal.
outline.entry.indented	default,html,a11y,html+a11y	default:VANILLA_ONLY;html:VANILLA_ONLY;a11y:VANILLA_ONLY;html+a11y:VANILLA_ONLY	ABSENT at baseline (bilateral VANILLA_ONLY)	crates/typst-library/src/model/outline.rs:OutlineEntry::indented		00_nucleo/prompts/compiler/stdlib/structural/outline.md	01b891e9	e8dc3b96fd9a03ae21f87f602d85bb7b0b5b6eb95d6267dcbfe280a80d3b0632	ratified vanilla member is accepted while crystalline rejects it	MISSING_LANGUAGE_MEMBER	ADR-0127_OWNER_STEP_REQUIRED	The bilateral runtime result confirms a missing language member, including former blocked ancestors.	Crystalline acceptance with the same public value would refute this.	Queue an owner-specific parity cohort; do not mix it with alias removal.
outline.entry.inner	default,html,a11y,html+a11y	default:VANILLA_ONLY;html:VANILLA_ONLY;a11y:VANILLA_ONLY;html+a11y:VANILLA_ONLY	ABSENT at baseline (bilateral VANILLA_ONLY)	crates/typst-library/src/model/outline.rs:OutlineEntry::inner		00_nucleo/prompts/compiler/stdlib/structural/outline.md	01b891e9	e8dc3b96fd9a03ae21f87f602d85bb7b0b5b6eb95d6267dcbfe280a80d3b0632	ratified vanilla member is accepted while crystalline rejects it	MISSING_LANGUAGE_MEMBER	ADR-0127_OWNER_STEP_REQUIRED	The bilateral runtime result confirms a missing language member, including former blocked ancestors.	Crystalline acceptance with the same public value would refute this.	Queue an owner-specific parity cohort; do not mix it with alias removal.
outline.entry.page	default,html,a11y,html+a11y	default:VANILLA_ONLY;html:VANILLA_ONLY;a11y:VANILLA_ONLY;html+a11y:VANILLA_ONLY	ABSENT at baseline (bilateral VANILLA_ONLY)	crates/typst-library/src/model/outline.rs:OutlineEntry::page		00_nucleo/prompts/compiler/stdlib/structural/outline.md	01b891e9	e8dc3b96fd9a03ae21f87f602d85bb7b0b5b6eb95d6267dcbfe280a80d3b0632	ratified vanilla member is accepted while crystalline rejects it	MISSING_LANGUAGE_MEMBER	ADR-0127_OWNER_STEP_REQUIRED	The bilateral runtime result confirms a missing language member, including former blocked ancestors.	Crystalline acceptance with the same public value would refute this.	Queue an owner-specific parity cohort; do not mix it with alias removal.
outline.entry.prefix	default,html,a11y,html+a11y	default:VANILLA_ONLY;html:VANILLA_ONLY;a11y:VANILLA_ONLY;html+a11y:VANILLA_ONLY	ABSENT at baseline (bilateral VANILLA_ONLY)	crates/typst-library/src/model/outline.rs:OutlineEntry::prefix		00_nucleo/prompts/compiler/stdlib/structural/outline.md	01b891e9	e8dc3b96fd9a03ae21f87f602d85bb7b0b5b6eb95d6267dcbfe280a80d3b0632	ratified vanilla member is accepted while crystalline rejects it	MISSING_LANGUAGE_MEMBER	ADR-0127_OWNER_STEP_REQUIRED	The bilateral runtime result confirms a missing language member, including former blocked ancestors.	Crystalline acceptance with the same public value would refute this.	Queue an owner-specific parity cohort; do not mix it with alias removal.
par.line	default,html,a11y,html+a11y	default:VANILLA_ONLY;html:VANILLA_ONLY;a11y:VANILLA_ONLY;html+a11y:VANILLA_ONLY	ABSENT at baseline (bilateral VANILLA_ONLY)	crates/typst-library/src/model/par.rs:ParLine		00_nucleo/prompts/compiler/eval/bindings/field_access.md	d37b05cb	3e5b96f5d62a693cb8291f63cd656a73ba19ebd69e29446858d36e475bff4a60	ratified vanilla member is accepted while crystalline rejects it	MISSING_LANGUAGE_MEMBER	ADR-0127_OWNER_STEP_REQUIRED	The bilateral runtime result confirms a missing language member, including former blocked ancestors.	Crystalline acceptance with the same public value would refute this.	Queue an owner-specific parity cohort; do not mix it with alias removal.
pdf.data-cell	default,html,a11y,html+a11y	default:DIFFERENT_DIAGNOSTIC;html:DIFFERENT_DIAGNOSTIC;a11y:MATCH_VALUE;html+a11y:MATCH_VALUE	01_core/src/compiler/eval/bindings/field_access.rs:83-102	runtime canary; see full bilateral receipt		00_nucleo/prompts/compiler/eval/bindings/field_access.md	d37b05cb	3e5b96f5d62a693cb8291f63cd656a73ba19ebd69e29446858d36e475bff4a60	both reject semantically, but the public diagnostic/span differs byte-for-byte	DIAGNOSTIC_SPAN_DIVERGENCE	ADR-0127_CONTINUOUS_DIAGNOSTIC_PARITY	The closed classifier preserves full stderr and detects a diagnostic observable difference.	Identical exit code and stderr would refute this.	Queue a field-access span cohort; do not mix it with public binding removal.
pdf.header-cell	default,html,a11y,html+a11y	default:DIFFERENT_DIAGNOSTIC;html:DIFFERENT_DIAGNOSTIC;a11y:MATCH_VALUE;html+a11y:MATCH_VALUE	01_core/src/compiler/eval/bindings/field_access.rs:83-102	runtime canary; see full bilateral receipt		00_nucleo/prompts/compiler/eval/bindings/field_access.md	d37b05cb	3e5b96f5d62a693cb8291f63cd656a73ba19ebd69e29446858d36e475bff4a60	both reject semantically, but the public diagnostic/span differs byte-for-byte	DIAGNOSTIC_SPAN_DIVERGENCE	ADR-0127_CONTINUOUS_DIAGNOSTIC_PARITY	The closed classifier preserves full stderr and detects a diagnostic observable difference.	Identical exit code and stderr would refute this.	Queue a field-access span cohort; do not mix it with public binding removal.
pdf.table-summary	default,html,a11y,html+a11y	default:DIFFERENT_DIAGNOSTIC;html:DIFFERENT_DIAGNOSTIC;a11y:MATCH_VALUE;html+a11y:MATCH_VALUE	01_core/src/compiler/eval/bindings/field_access.rs:83-102	runtime canary; see full bilateral receipt		00_nucleo/prompts/compiler/eval/bindings/field_access.md	d37b05cb	3e5b96f5d62a693cb8291f63cd656a73ba19ebd69e29446858d36e475bff4a60	both reject semantically, but the public diagnostic/span differs byte-for-byte	DIAGNOSTIC_SPAN_DIVERGENCE	ADR-0127_CONTINUOUS_DIAGNOSTIC_PARITY	The closed classifier preserves full stderr and detects a diagnostic observable difference.	Identical exit code and stderr would refute this.	Queue a field-access span cohort; do not mix it with public binding removal.
polygon.regular	default,html,a11y,html+a11y	default:VANILLA_ONLY;html:VANILLA_ONLY;a11y:VANILLA_ONLY;html+a11y:VANILLA_ONLY	ABSENT at baseline (bilateral VANILLA_ONLY)	crates/typst-library/src/visualize/polygon.rs:PolygonElem::regular		00_nucleo/prompts/compiler/stdlib/shapes.md	6a9b5568	389f4f7905fcdaa2d5f61040475c04571c489cef0720f7ef453f14e36e61ed17	ratified vanilla member is accepted while crystalline rejects it	MISSING_LANGUAGE_MEMBER	ADR-0127_OWNER_STEP_REQUIRED	The bilateral runtime result confirms a missing language member, including former blocked ancestors.	Crystalline acceptance with the same public value would refute this.	Queue an owner-specific parity cohort; do not mix it with alias removal.
raw.line	default,html,a11y,html+a11y	default:VANILLA_ONLY;html:VANILLA_ONLY;a11y:VANILLA_ONLY;html+a11y:VANILLA_ONLY	ABSENT at baseline (bilateral VANILLA_ONLY)	crates/typst-library/src/text/raw.rs:RawLine		00_nucleo/prompts/compiler/stdlib/text.md	a8732f7f	1dadbba93127f2b62a8728bf0a92c5378c8f52b15bff5aa9152290faf0ac72a5	ratified vanilla member is accepted while crystalline rejects it	MISSING_LANGUAGE_MEMBER	ADR-0127_OWNER_STEP_REQUIRED	The bilateral runtime result confirms a missing language member, including former blocked ancestors.	Crystalline acceptance with the same public value would refute this.	Queue an owner-specific parity cohort; do not mix it with alias removal.
replace	default,html,a11y,html+a11y	default:CRYSTALLINE_ONLY;html:CRYSTALLINE_ONLY;a11y:CRYSTALLINE_ONLY;html+a11y:CRYSTALLINE_ONLY	01_core/src/compiler/eval/mod.rs:1968	ABSENT in ratified public catalog		00_nucleo/prompts/compiler/stdlib/text.md	a8732f7f	1dadbba93127f2b62a8728bf0a92c5378c8f52b15bff5aa9152290faf0ac72a5	owner L0 explicitly retains the crystalline-only public extension/compatibility path	INTENTIONAL_PRODUCT_EXTENSION	ADR-0127_HUMAN_GATE_IF_CONTRACT_REOPENED	The path is accepted only by crystalline in every measured profile and is documented as retained.	An owner L0 that does not retain it, or vanilla acceptance, would refute this classification.	Retain outside P1300; reopen only by an owner decision and public-contract gate.
sans	default,html,a11y,html+a11y	default:CRYSTALLINE_ONLY;html:CRYSTALLINE_ONLY;a11y:CRYSTALLINE_ONLY;html+a11y:CRYSTALLINE_ONLY	01_core/src/compiler/eval/mod.rs:1995	ABSENT in ratified public catalog	math.sans	00_nucleo/prompts/compiler/stdlib/math_style.md	56b9e300	02a1dadb6c08f3ea9ae109ff7bd2dc87e2616a5da5d4a4cfbf5a1269bc4c9603	owner L0 explicitly retains the crystalline-only public extension/compatibility path	INTENTIONAL_PRODUCT_EXTENSION	ADR-0127_HUMAN_GATE_IF_CONTRACT_REOPENED	The path is accepted only by crystalline in every measured profile and is documented as retained.	An owner L0 that does not retain it, or vanilla acceptance, would refute this classification.	Retain outside P1300; reopen only by an owner decision and public-contract gate.
scr	default,html,a11y,html+a11y	default:CRYSTALLINE_ONLY;html:CRYSTALLINE_ONLY;a11y:CRYSTALLINE_ONLY;html+a11y:CRYSTALLINE_ONLY	01_core/src/compiler/eval/mod.rs:1996	ABSENT in ratified public catalog	math.scr	00_nucleo/prompts/compiler/stdlib/math_style.md	56b9e300	02a1dadb6c08f3ea9ae109ff7bd2dc87e2616a5da5d4a4cfbf5a1269bc4c9603	owner L0 explicitly retains the crystalline-only public extension/compatibility path	INTENTIONAL_PRODUCT_EXTENSION	ADR-0127_HUMAN_GATE_IF_CONTRACT_REOPENED	The path is accepted only by crystalline in every measured profile and is documented as retained.	An owner L0 that does not retain it, or vanilla acceptance, would refute this classification.	Retain outside P1300; reopen only by an owner decision and public-contract gate.
script	default,html,a11y,html+a11y	default:CRYSTALLINE_ONLY;html:CRYSTALLINE_ONLY;a11y:CRYSTALLINE_ONLY;html+a11y:CRYSTALLINE_ONLY	01_core/src/compiler/eval/mod.rs:1997	ABSENT in ratified public catalog	math.script	00_nucleo/prompts/compiler/stdlib/math_style.md	56b9e300	02a1dadb6c08f3ea9ae109ff7bd2dc87e2616a5da5d4a4cfbf5a1269bc4c9603	owner L0 explicitly retains the crystalline-only public extension/compatibility path	INTENTIONAL_PRODUCT_EXTENSION	ADR-0127_HUMAN_GATE_IF_CONTRACT_REOPENED	The path is accepted only by crystalline in every measured profile and is documented as retained.	An owner L0 that does not retain it, or vanilla acceptance, would refute this classification.	Retain outside P1300; reopen only by an owner decision and public-contract gate.
selector.after	default,html,a11y,html+a11y	default:VANILLA_ONLY;html:VANILLA_ONLY;a11y:VANILLA_ONLY;html+a11y:VANILLA_ONLY	ABSENT at baseline (bilateral VANILLA_ONLY)	crates/typst-library/src/foundations/selector.rs:Selector::after		00_nucleo/prompts/compiler/stdlib/foundations/selector.md	38a8528f	1a603e05d436e5f2359f77e3e71c0e233478ecf13209f71801fb45ae40214799	ratified vanilla member is accepted while crystalline rejects it	MISSING_LANGUAGE_MEMBER	ADR-0127_OWNER_STEP_REQUIRED	The bilateral runtime result confirms a missing language member, including former blocked ancestors.	Crystalline acceptance with the same public value would refute this.	Queue an owner-specific parity cohort; do not mix it with alias removal.
selector.before	default,html,a11y,html+a11y	default:VANILLA_ONLY;html:VANILLA_ONLY;a11y:VANILLA_ONLY;html+a11y:VANILLA_ONLY	ABSENT at baseline (bilateral VANILLA_ONLY)	crates/typst-library/src/foundations/selector.rs:Selector::before		00_nucleo/prompts/compiler/stdlib/foundations/selector.md	38a8528f	1a603e05d436e5f2359f77e3e71c0e233478ecf13209f71801fb45ae40214799	ratified vanilla member is accepted while crystalline rejects it	MISSING_LANGUAGE_MEMBER	ADR-0127_OWNER_STEP_REQUIRED	The bilateral runtime result confirms a missing language member, including former blocked ancestors.	Crystalline acceptance with the same public value would refute this.	Queue an owner-specific parity cohort; do not mix it with alias removal.
serif	default,html,a11y,html+a11y	default:CRYSTALLINE_ONLY;html:CRYSTALLINE_ONLY;a11y:CRYSTALLINE_ONLY;html+a11y:CRYSTALLINE_ONLY	01_core/src/compiler/eval/mod.rs:1998	ABSENT in ratified public catalog	math.serif	00_nucleo/prompts/compiler/stdlib/math_style.md	56b9e300	02a1dadb6c08f3ea9ae109ff7bd2dc87e2616a5da5d4a4cfbf5a1269bc4c9603	owner L0 explicitly retains the crystalline-only public extension/compatibility path	INTENTIONAL_PRODUCT_EXTENSION	ADR-0127_HUMAN_GATE_IF_CONTRACT_REOPENED	The path is accepted only by crystalline in every measured profile and is documented as retained.	An owner L0 that does not retain it, or vanilla acceptance, would refute this classification.	Retain outside P1300; reopen only by an owner decision and public-contract gate.
sscript	default,html,a11y,html+a11y	default:CRYSTALLINE_ONLY;html:CRYSTALLINE_ONLY;a11y:CRYSTALLINE_ONLY;html+a11y:CRYSTALLINE_ONLY	01_core/src/compiler/eval/mod.rs:1999	ABSENT in ratified public catalog	math.sscript	00_nucleo/prompts/compiler/stdlib/math_style.md	56b9e300	02a1dadb6c08f3ea9ae109ff7bd2dc87e2616a5da5d4a4cfbf5a1269bc4c9603	owner L0 explicitly retains the crystalline-only public extension/compatibility path	INTENTIONAL_PRODUCT_EXTENSION	ADR-0127_HUMAN_GATE_IF_CONTRACT_REOPENED	The path is accepted only by crystalline in every measured profile and is documented as retained.	An owner L0 that does not retain it, or vanilla acceptance, would refute this classification.	Retain outside P1300; reopen only by an owner decision and public-contract gate.
state_at	default,html,a11y,html+a11y	default:CRYSTALLINE_ONLY;html:CRYSTALLINE_ONLY;a11y:CRYSTALLINE_ONLY;html+a11y:CRYSTALLINE_ONLY	01_core/src/compiler/eval/mod.rs:1900	ABSENT in ratified public catalog	state.at	00_nucleo/prompts/compiler/stdlib/state.md	22d3e6d3	daf180d5e77f0a9d307b8b1a2b148741a6ac82a776ab17a510f107c5bff42eb1	owner L0 explicitly retains the crystalline-only public extension/compatibility path	INTENTIONAL_PRODUCT_EXTENSION	ADR-0127_HUMAN_GATE_IF_CONTRACT_REOPENED	The path is accepted only by crystalline in every measured profile and is documented as retained.	An owner L0 that does not retain it, or vanilla acceptance, would refute this classification.	Retain outside P1300; reopen only by an owner decision and public-contract gate.
state_display	default,html,a11y,html+a11y	default:CRYSTALLINE_ONLY;html:CRYSTALLINE_ONLY;a11y:CRYSTALLINE_ONLY;html+a11y:CRYSTALLINE_ONLY	01_core/src/compiler/eval/mod.rs:1914	ABSENT in ratified public catalog		00_nucleo/prompts/compiler/stdlib/state.md	22d3e6d3	daf180d5e77f0a9d307b8b1a2b148741a6ac82a776ab17a510f107c5bff42eb1	owner L0 explicitly retains the crystalline-only public extension/compatibility path	INTENTIONAL_PRODUCT_EXTENSION	ADR-0127_HUMAN_GATE_IF_CONTRACT_REOPENED	The path is accepted only by crystalline in every measured profile and is documented as retained.	An owner L0 that does not retain it, or vanilla acceptance, would refute this classification.	Retain outside P1300; reopen only by an owner decision and public-contract gate.
state_final	default,html,a11y,html+a11y	default:CRYSTALLINE_ONLY;html:CRYSTALLINE_ONLY;a11y:CRYSTALLINE_ONLY;html+a11y:CRYSTALLINE_ONLY	01_core/src/compiler/eval/mod.rs:1892	ABSENT in ratified public catalog	state.final	00_nucleo/prompts/compiler/stdlib/state.md	22d3e6d3	daf180d5e77f0a9d307b8b1a2b148741a6ac82a776ab17a510f107c5bff42eb1	owner L0 explicitly retains the crystalline-only public extension/compatibility path	INTENTIONAL_PRODUCT_EXTENSION	ADR-0127_HUMAN_GATE_IF_CONTRACT_REOPENED	The path is accepted only by crystalline in every measured profile and is documented as retained.	An owner L0 that does not retain it, or vanilla acceptance, would refute this classification.	Retain outside P1300; reopen only by an owner decision and public-contract gate.
state_update	default,html,a11y,html+a11y	default:CRYSTALLINE_ONLY;html:CRYSTALLINE_ONLY;a11y:CRYSTALLINE_ONLY;html+a11y:CRYSTALLINE_ONLY	01_core/src/compiler/eval/mod.rs:1884	ABSENT in ratified public catalog	state.update	00_nucleo/prompts/compiler/stdlib/state.md	22d3e6d3	daf180d5e77f0a9d307b8b1a2b148741a6ac82a776ab17a510f107c5bff42eb1	owner L0 explicitly retains the crystalline-only public extension/compatibility path	INTENTIONAL_PRODUCT_EXTENSION	ADR-0127_HUMAN_GATE_IF_CONTRACT_REOPENED	The path is accepted only by crystalline in every measured profile and is documented as retained.	An owner L0 that does not retain it, or vanilla acceptance, would refute this classification.	Retain outside P1300; reopen only by an owner decision and public-contract gate.
state_update_with	default,html,a11y,html+a11y	default:CRYSTALLINE_ONLY;html:CRYSTALLINE_ONLY;a11y:CRYSTALLINE_ONLY;html+a11y:CRYSTALLINE_ONLY	01_core/src/compiler/eval/mod.rs:1904	ABSENT in ratified public catalog	state.update	00_nucleo/prompts/compiler/stdlib/state.md	22d3e6d3	daf180d5e77f0a9d307b8b1a2b148741a6ac82a776ab17a510f107c5bff42eb1	owner L0 explicitly retains the crystalline-only public extension/compatibility path	INTENTIONAL_PRODUCT_EXTENSION	ADR-0127_HUMAN_GATE_IF_CONTRACT_REOPENED	The path is accepted only by crystalline in every measured profile and is documented as retained.	An owner L0 that does not retain it, or vanilla acceptance, would refute this classification.	Retain outside P1300; reopen only by an owner decision and public-contract gate.
sym.registered	default,html,a11y,html+a11y	default:CRYSTALLINE_ONLY;html:CRYSTALLINE_ONLY;a11y:CRYSTALLINE_ONLY;html+a11y:CRYSTALLINE_ONLY	01_core/src/compiler/stdlib/sym.rs:642	ABSENT in ratified public catalog		00_nucleo/prompts/compiler/stdlib/sym.md	9bfa8e7f	42a2127215e9a37d69c90695e1be66a61320fa086ffd36b51a1ac3441c816f3d	owner L0 explicitly retains the crystalline-only public extension/compatibility path	INTENTIONAL_PRODUCT_EXTENSION	ADR-0127_HUMAN_GATE_IF_CONTRACT_REOPENED	The path is accepted only by crystalline in every measured profile and is documented as retained.	An owner L0 that does not retain it, or vanilla acceptance, would refute this classification.	Retain outside P1300; reopen only by an owner decision and public-contract gate.
table_cell	default,html,a11y,html+a11y	default:CRYSTALLINE_ONLY;html:CRYSTALLINE_ONLY;a11y:CRYSTALLINE_ONLY;html+a11y:CRYSTALLINE_ONLY	01_core/src/compiler/eval/mod.rs:2080	ABSENT in ratified public catalog	table.cell	00_nucleo/prompts/compiler/stdlib/structural.md	08c5c5f3	81e66889454d8f397ab5eafbd4c6a5e0f8a27993e15d2f3c81d307e804ff3b12	owner L0 explicitly retains the crystalline-only public extension/compatibility path	INTENTIONAL_PRODUCT_EXTENSION	ADR-0127_HUMAN_GATE_IF_CONTRACT_REOPENED	The path is accepted only by crystalline in every measured profile and is documented as retained.	An owner L0 that does not retain it, or vanilla acceptance, would refute this classification.	Retain outside P1300; reopen only by an owner decision and public-contract gate.
table_footer	default,html,a11y,html+a11y	default:CRYSTALLINE_ONLY;html:CRYSTALLINE_ONLY;a11y:CRYSTALLINE_ONLY;html+a11y:CRYSTALLINE_ONLY	01_core/src/compiler/eval/mod.rs:2091	ABSENT in ratified public catalog	table.footer	00_nucleo/prompts/compiler/stdlib/structural.md	08c5c5f3	81e66889454d8f397ab5eafbd4c6a5e0f8a27993e15d2f3c81d307e804ff3b12	owner L0 explicitly retains the crystalline-only public extension/compatibility path	INTENTIONAL_PRODUCT_EXTENSION	ADR-0127_HUMAN_GATE_IF_CONTRACT_REOPENED	The path is accepted only by crystalline in every measured profile and is documented as retained.	An owner L0 that does not retain it, or vanilla acceptance, would refute this classification.	Retain outside P1300; reopen only by an owner decision and public-contract gate.
table_header	default,html,a11y,html+a11y	default:CRYSTALLINE_ONLY;html:CRYSTALLINE_ONLY;a11y:CRYSTALLINE_ONLY;html+a11y:CRYSTALLINE_ONLY	01_core/src/compiler/eval/mod.rs:2087	ABSENT in ratified public catalog	table.header	00_nucleo/prompts/compiler/stdlib/structural.md	08c5c5f3	81e66889454d8f397ab5eafbd4c6a5e0f8a27993e15d2f3c81d307e804ff3b12	owner L0 explicitly retains the crystalline-only public extension/compatibility path	INTENTIONAL_PRODUCT_EXTENSION	ADR-0127_HUMAN_GATE_IF_CONTRACT_REOPENED	The path is accepted only by crystalline in every measured profile and is documented as retained.	An owner L0 that does not retain it, or vanilla acceptance, would refute this classification.	Retain outside P1300; reopen only by an owner decision and public-contract gate.
terms.item	default,html,a11y,html+a11y	default:VANILLA_ONLY;html:VANILLA_ONLY;a11y:VANILLA_ONLY;html+a11y:VANILLA_ONLY	ABSENT at baseline (bilateral VANILLA_ONLY)	crates/typst-library/src/model/terms.rs:TermItem		00_nucleo/prompts/compiler/eval/bindings/field_access.md	d37b05cb	3e5b96f5d62a693cb8291f63cd656a73ba19ebd69e29446858d36e475bff4a60	ratified vanilla member is accepted while crystalline rejects it	MISSING_LANGUAGE_MEMBER	ADR-0127_OWNER_STEP_REQUIRED	The bilateral runtime result confirms a missing language member, including former blocked ancestors.	Crystalline acceptance with the same public value would refute this.	Queue an owner-specific parity cohort; do not mix it with alias removal.
toml.encode	default,html,a11y,html+a11y	default:VANILLA_ONLY;html:VANILLA_ONLY;a11y:VANILLA_ONLY;html+a11y:VANILLA_ONLY	ABSENT at baseline (bilateral VANILLA_ONLY)	crates/typst-library/src/loading/toml.rs:toml::encode		00_nucleo/prompts/compiler/stdlib/loading.md	9379f85f	d6cf9cd85c0c25dc3f7a5f6c3a9f47cf956d9fd6e998932ca87ab5b1e58e2c72	ratified vanilla member is accepted while crystalline rejects it	MISSING_LANGUAGE_MEMBER	ADR-0127_OWNER_STEP_REQUIRED	The bilateral runtime result confirms a missing language member, including former blocked ancestors.	Crystalline acceptance with the same public value would refute this.	Queue an owner-specific parity cohort; do not mix it with alias removal.
underover	default,html,a11y,html+a11y	default:CRYSTALLINE_ONLY;html:CRYSTALLINE_ONLY;a11y:CRYSTALLINE_ONLY;html+a11y:CRYSTALLINE_ONLY	01_core/src/compiler/eval/mod.rs:1983	ABSENT in ratified public catalog		00_nucleo/prompts/compiler/stdlib/structural/math.md	81441281	18b2fb0d9a3e1f6a0ff9cd8fb2e25047b4c9f2185cb6a511ae022e7a9c4e80a2	owner L0 explicitly retains the crystalline-only public extension/compatibility path	INTENTIONAL_PRODUCT_EXTENSION	ADR-0127_HUMAN_GATE_IF_CONTRACT_REOPENED	The path is accepted only by crystalline in every measured profile and is documented as retained.	An owner L0 that does not retain it, or vanilla acceptance, would refute this classification.	Retain outside P1300; reopen only by an owner decision and public-contract gate.
upright	default,html,a11y,html+a11y	default:CRYSTALLINE_ONLY;html:CRYSTALLINE_ONLY;a11y:CRYSTALLINE_ONLY;html+a11y:CRYSTALLINE_ONLY	01_core/src/compiler/eval/mod.rs:2000	ABSENT in ratified public catalog	math.upright	00_nucleo/prompts/compiler/stdlib/math_style.md	56b9e300	02a1dadb6c08f3ea9ae109ff7bd2dc87e2616a5da5d4a4cfbf5a1269bc4c9603	owner L0 explicitly retains the crystalline-only public extension/compatibility path	INTENTIONAL_PRODUCT_EXTENSION	ADR-0127_HUMAN_GATE_IF_CONTRACT_REOPENED	The path is accepted only by crystalline in every measured profile and is documented as retained.	An owner L0 that does not retain it, or vanilla acceptance, would refute this classification.	Retain outside P1300; reopen only by an owner decision and public-contract gate.
version.at	default,html,a11y,html+a11y	default:VANILLA_ONLY;html:VANILLA_ONLY;a11y:VANILLA_ONLY;html+a11y:VANILLA_ONLY	ABSENT at baseline (bilateral VANILLA_ONLY)	crates/typst-library/src/foundations/version.rs:Version::at		00_nucleo/prompts/compiler/stdlib/primitives-constructors/version.md	76701aae	6e775351938a8480df7f2fbd1658cdd3d8ae7b5908c4ee8dc34e46a778ce4e5c	ratified vanilla member is accepted while crystalline rejects it	MISSING_LANGUAGE_MEMBER	ADR-0127_OWNER_STEP_REQUIRED	The bilateral runtime result confirms a missing language member, including former blocked ancestors.	Crystalline acceptance with the same public value would refute this.	Queue an owner-specific parity cohort; do not mix it with alias removal.
yaml.encode	default,html,a11y,html+a11y	default:VANILLA_ONLY;html:VANILLA_ONLY;a11y:VANILLA_ONLY;html+a11y:VANILLA_ONLY	ABSENT at baseline (bilateral VANILLA_ONLY)	crates/typst-library/src/loading/yaml.rs:yaml::encode		00_nucleo/prompts/compiler/stdlib/loading.md	9379f85f	d6cf9cd85c0c25dc3f7a5f6c3a9f47cf956d9fd6e998932ca87ab5b1e58e2c72	ratified vanilla member is accepted while crystalline rejects it	MISSING_LANGUAGE_MEMBER	ADR-0127_OWNER_STEP_REQUIRED	The bilateral runtime result confirms a missing language member, including former blocked ancestors.	Crystalline acceptance with the same public value would refute this.	Queue an owner-specific parity cohort; do not mix it with alias removal.
