[
  {
    "schema": "p1305-r2-preseal-discrimination-v1",
    "generated_at": "2026-09-07T14:08:02.018992+00:00",
    "adapter": {
      "path": "/repos/Antigravity/typst-crystalline/00_nucleo/diagnosticos/p1305-r2-mutation-runner.py",
      "sha256": "d8b528642b6db3da61f5b036781dc038e391d88b29172014c1ea35597c14277d",
      "bytes": 10507
    },
    "plan": {
      "path": "/repos/Antigravity/typst-crystalline/00_nucleo/diagnosticos/p1305-r2-adversarial-plan.json",
      "sha256": "c43bf2f395b16da20af9f7cb7538b66b511e7397ed55b02e17c4167ba1894da9",
      "bytes": 9165
    },
    "measurement": {
      "path": "/repos/Antigravity/typst-crystalline/00_nucleo/diagnosticos/p1305-r2-pre-measurement.json",
      "sha256": "fd6354824e500e61f18b14116dd54b4f4838691289226a7f7e04236258dd9da0",
      "bytes": 7622959
    },
    "contract": {
      "path": "/repos/Antigravity/typst-crystalline/00_nucleo/diagnosticos/p1305-r2-contract.md",
      "sha256": "0dff1413e9b47401a0ef8b0e298ad9f9f38810264889e23869503d560cf3e963",
      "bytes": 13160
    },
    "baseline_provenance": {
      "head": "8eb41b769eb840c7ab1063f981f98fdd4047952b",
      "status": " M 00_nucleo/prompts/compiler/eval/bindings/field_access.md\n M 00_nucleo/prompts/compiler/eval/tests.md\n M 01_core/src/compiler/eval/bindings/field_access.rs\n M 01_core/src/compiler/eval/tests.rs\n?? 00_nucleo/diagnosticos/p1303-adversarial-plan.md\n?? 00_nucleo/diagnosticos/p1303-adversarial-revision-1.md\n?? 00_nucleo/diagnosticos/p1303-baseline-status.txt\n?? 00_nucleo/diagnosticos/p1303-candidate-runner.py\n?? 00_nucleo/diagnosticos/p1303-certificate.json\n?? 00_nucleo/diagnosticos/p1303-contract.md\n?? 00_nucleo/diagnosticos/p1303-final-measurement.json\n?? 00_nucleo/diagnosticos/p1303-final-report.md\n?? 00_nucleo/diagnosticos/p1303-implementation-receipt.md\n?? 00_nucleo/diagnosticos/p1303-l0-gate-receipt.md\n?? 00_nucleo/diagnosticos/p1303-lineage-resell-receipt.md\n?? 00_nucleo/diagnosticos/p1303-manifest.json\n?? 00_nucleo/diagnosticos/p1303-mutant-ledger.json\n?? 00_nucleo/diagnosticos/p1303-oracle-receipt.md\n?? 00_nucleo/diagnosticos/p1303-pre-measurement.json\n?? 00_nucleo/diagnosticos/p1303-red-tests-receipt.md\n?? 00_nucleo/diagnosticos/p1303-verification-receipt.json\n?? 00_nucleo/diagnosticos/p1304-baseline-status.txt\n?? 00_nucleo/diagnosticos/p1304-build.log\n?? 00_nucleo/diagnosticos/p1304-certificate.json\n?? 00_nucleo/diagnosticos/p1304-decision-report.md\n?? 00_nucleo/diagnosticos/p1304-encode-readiness.json\n?? 00_nucleo/diagnosticos/p1304-feature-matrix.json\n?? 00_nucleo/diagnosticos/p1304-manifest.json\n?? 00_nucleo/diagnosticos/p1304-owner-ledger.tsv\n?? 00_nucleo/diagnosticos/p1304-prebuild.log\n?? 00_nucleo/diagnosticos/p1304-probe-catalog.json\n?? 00_nucleo/diagnosticos/p1304-refinement.log\n?? 00_nucleo/diagnosticos/p1304-repr-refinement.json\n?? 00_nucleo/diagnosticos/p1304-run-matrix.py\n?? 00_nucleo/diagnosticos/p1304-verification-receipt.json\n?? 00_nucleo/diagnosticos/p1304-verification.log\n?? 00_nucleo/diagnosticos/p1305-build.log\n?? 00_nucleo/diagnosticos/p1305-certificate.json\n?? 00_nucleo/diagnosticos/p1305-contract.md\n?? 00_nucleo/diagnosticos/p1305-final-report.md\n?? 00_nucleo/diagnosticos/p1305-manifest.json\n?? 00_nucleo/diagnosticos/p1305-pre-measurement.json\n?? 00_nucleo/diagnosticos/p1305-preflight-runner.py\n?? 00_nucleo/diagnosticos/p1305-r2-pre-measurement.json\n?? 00_nucleo/diagnosticos/p1305-r2-preflight-manifest.json\n?? 00_nucleo/diagnosticos/p1305-r2-reopening.md\n?? 00_nucleo/diagnosticos/p1305-r2-runner.py\n?? 00_nucleo/diagnosticos/p1305-verification-receipt.json\n?? 00_nucleo/materialization/typst-passo-1303.md\n?? 00_nucleo/materialization/typst-passo-1304.md\n",
      "diff_stat": " .../prompts/compiler/eval/bindings/field_access.md |  80 +++++\n 00_nucleo/prompts/compiler/eval/tests.md           | 100 +++++-\n 01_core/src/compiler/eval/bindings/field_access.rs |   4 +-\n 01_core/src/compiler/eval/tests.rs                 | 382 ++++++++++++++++++++-\n 4 files changed, 562 insertions(+), 4 deletions(-)\n",
      "diff_sha256": "fca8f14b7fcad814ca954d8933c05a6e2644683c9a4529d9f169bcfb5d1c2a49"
    },
    "positive_observations": [
      {
        "id": "array-repr-0",
        "profile": "default",
        "verdict": "Preserved"
      },
      {
        "id": "array-repr-0",
        "profile": "html",
        "verdict": "Preserved"
      },
      {
        "id": "array-repr-0",
        "profile": "a11y",
        "verdict": "Preserved"
      },
      {
        "id": "array-repr-0",
        "profile": "html+a11y",
        "verdict": "Preserved"
      },
      {
        "id": "array-data-0",
        "profile": "default",
        "verdict": "Preserved"
      },
      {
        "id": "array-data-0",
        "profile": "html",
        "verdict": "Preserved"
      },
      {
        "id": "array-data-0",
        "profile": "a11y",
        "verdict": "Preserved"
      },
      {
        "id": "array-data-0",
        "profile": "html+a11y",
        "verdict": "Preserved"
      },
      {
        "id": "array-repr-1",
        "profile": "default",
        "verdict": "Preserved"
      },
      {
        "id": "array-repr-1",
        "profile": "html",
        "verdict": "Preserved"
      },
      {
        "id": "array-repr-1",
        "profile": "a11y",
        "verdict": "Preserved"
      },
      {
        "id": "array-repr-1",
        "profile": "html+a11y",
        "verdict": "Preserved"
      },
      {
        "id": "array-data-1",
        "profile": "default",
        "verdict": "Preserved"
      },
      {
        "id": "array-data-1",
        "profile": "html",
        "verdict": "Preserved"
      },
      {
        "id": "array-data-1",
        "profile": "a11y",
        "verdict": "Preserved"
      },
      {
        "id": "array-data-1",
        "profile": "html+a11y",
        "verdict": "Preserved"
      },
      {
        "id": "array-repr-39",
        "profile": "default",
        "verdict": "Preserved"
      },
      {
        "id": "array-repr-39",
        "profile": "html",
        "verdict": "Preserved"
      },
      {
        "id": "array-repr-39",
        "profile": "a11y",
        "verdict": "Preserved"
      },
      {
        "id": "array-repr-39",
        "profile": "html+a11y",
        "verdict": "Preserved"
      },
      {
        "id": "array-data-39",
        "profile": "default",
        "verdict": "Preserved"
      },
      {
        "id": "array-data-39",
        "profile": "html",
        "verdict": "Preserved"
      },
      {
        "id": "array-data-39",
        "profile": "a11y",
        "verdict": "Preserved"
      },
      {
        "id": "array-data-39",
        "profile": "html+a11y",
        "verdict": "Preserved"
      },
      {
        "id": "array-repr-40",
        "profile": "default",
        "verdict": "Preserved"
      },
      {
        "id": "array-repr-40",
        "profile": "html",
        "verdict": "Preserved"
      },
      {
        "id": "array-repr-40",
        "profile": "a11y",
        "verdict": "Preserved"
      },
      {
        "id": "array-repr-40",
        "profile": "html+a11y",
        "verdict": "Preserved"
      },
      {
        "id": "array-data-40",
        "profile": "default",
        "verdict": "Preserved"
      },
      {
        "id": "array-data-40",
        "profile": "html",
        "verdict": "Preserved"
      },
      {
        "id": "array-data-40",
        "profile": "a11y",
        "verdict": "Preserved"
      },
      {
        "id": "array-data-40",
        "profile": "html+a11y",
        "verdict": "Preserved"
      },
      {
        "id": "array-repr-41",
        "profile": "default",
        "verdict": "Preserved"
      },
      {
        "id": "array-repr-41",
        "profile": "html",
        "verdict": "Preserved"
      },
      {
        "id": "array-repr-41",
        "profile": "a11y",
        "verdict": "Preserved"
      },
      {
        "id": "array-repr-41",
        "profile": "html+a11y",
        "verdict": "Preserved"
      },
      {
        "id": "array-data-41",
        "profile": "default",
        "verdict": "Preserved"
      },
      {
        "id": "array-data-41",
        "profile": "html",
        "verdict": "Preserved"
      },
      {
        "id": "array-data-41",
        "profile": "a11y",
        "verdict": "Preserved"
      },
      {
        "id": "array-data-41",
        "profile": "html+a11y",
        "verdict": "Preserved"
      },
      {
        "id": "array-repr-42",
        "profile": "default",
        "verdict": "Preserved"
      },
      {
        "id": "array-repr-42",
        "profile": "html",
        "verdict": "Preserved"
      },
      {
        "id": "array-repr-42",
        "profile": "a11y",
        "verdict": "Preserved"
      },
      {
        "id": "array-repr-42",
        "profile": "html+a11y",
        "verdict": "Preserved"
      },
      {
        "id": "array-data-42",
        "profile": "default",
        "verdict": "Preserved"
      },
      {
        "id": "array-data-42",
        "profile": "html",
        "verdict": "Preserved"
      },
      {
        "id": "array-data-42",
        "profile": "a11y",
        "verdict": "Preserved"
      },
      {
        "id": "array-data-42",
        "profile": "html+a11y",
        "verdict": "Preserved"
      },
      {
        "id": "array-repr-81",
        "profile": "default",
        "verdict": "Preserved"
      },
      {
        "id": "array-repr-81",
        "profile": "html",
        "verdict": "Preserved"
      },
      {
        "id": "array-repr-81",
        "profile": "a11y",
        "verdict": "Preserved"
      },
      {
        "id": "array-repr-81",
        "profile": "html+a11y",
        "verdict": "Preserved"
      },
      {
        "id": "array-data-81",
        "profile": "default",
        "verdict": "Preserved"
      },
      {
        "id": "array-data-81",
        "profile": "html",
        "verdict": "Preserved"
      },
      {
        "id": "array-data-81",
        "profile": "a11y",
        "verdict": "Preserved"
      },
      {
        "id": "array-data-81",
        "profile": "html+a11y",
        "verdict": "Preserved"
      },
      {
        "id": "array-repr-256",
        "profile": "default",
        "verdict": "Preserved"
      },
      {
        "id": "array-repr-256",
        "profile": "html",
        "verdict": "Preserved"
      },
      {
        "id": "array-repr-256",
        "profile": "a11y",
        "verdict": "Preserved"
      },
      {
        "id": "array-repr-256",
        "profile": "html+a11y",
        "verdict": "Preserved"
      },
      {
        "id": "array-data-256",
        "profile": "default",
        "verdict": "Preserved"
      },
      {
        "id": "array-data-256",
        "profile": "html",
        "verdict": "Preserved"
      },
      {
        "id": "array-data-256",
        "profile": "a11y",
        "verdict": "Preserved"
      },
      {
        "id": "array-data-256",
        "profile": "html+a11y",
        "verdict": "Preserved"
      },
      {
        "id": "array-strings",
        "profile": "default",
        "verdict": "Preserved"
      },
      {
        "id": "array-strings",
        "profile": "html",
        "verdict": "Preserved"
      },
      {
        "id": "array-strings",
        "profile": "a11y",
        "verdict": "Preserved"
      },
      {
        "id": "array-strings",
        "profile": "html+a11y",
        "verdict": "Preserved"
      },
      {
        "id": "array-distinct-after-boundary",
        "profile": "default",
        "verdict": "Preserved"
      },
      {
        "id": "array-distinct-after-boundary",
        "profile": "html",
        "verdict": "Preserved"
      },
      {
        "id": "array-distinct-after-boundary",
        "profile": "a11y",
        "verdict": "Preserved"
      },
      {
        "id": "array-distinct-after-boundary",
        "profile": "html+a11y",
        "verdict": "Preserved"
      },
      {
        "id": "nested-inner",
        "profile": "default",
        "verdict": "Preserved"
      },
      {
        "id": "nested-inner",
        "profile": "html",
        "verdict": "Preserved"
      },
      {
        "id": "nested-inner",
        "profile": "a11y",
        "verdict": "Preserved"
      },
      {
        "id": "nested-inner",
        "profile": "html+a11y",
        "verdict": "Preserved"
      },
      {
        "id": "nested-outer",
        "profile": "default",
        "verdict": "Preserved"
      },
      {
        "id": "nested-outer",
        "profile": "html",
        "verdict": "Preserved"
      },
      {
        "id": "nested-outer",
        "profile": "a11y",
        "verdict": "Preserved"
      },
      {
        "id": "nested-outer",
        "profile": "html+a11y",
        "verdict": "Preserved"
      },
      {
        "id": "nested-multiline",
        "profile": "default",
        "verdict": "Preserved"
      },
      {
        "id": "nested-multiline",
        "profile": "html",
        "verdict": "Preserved"
      },
      {
        "id": "nested-multiline",
        "profile": "a11y",
        "verdict": "Preserved"
      },
      {
        "id": "nested-multiline",
        "profile": "html+a11y",
        "verdict": "Preserved"
      },
      {
        "id": "escaped-strings",
        "profile": "default",
        "verdict": "Preserved"
      },
      {
        "id": "escaped-strings",
        "profile": "html",
        "verdict": "Preserved"
      },
      {
        "id": "escaped-strings",
        "profile": "a11y",
        "verdict": "Preserved"
      },
      {
        "id": "escaped-strings",
        "profile": "html+a11y",
        "verdict": "Preserved"
      },
      {
        "id": "ascii-body-49",
        "profile": "default",
        "verdict": "Preserved"
      },
      {
        "id": "ascii-body-49",
        "profile": "html",
        "verdict": "Preserved"
      },
      {
        "id": "ascii-body-49",
        "profile": "a11y",
        "verdict": "Preserved"
      },
      {
        "id": "ascii-body-49",
        "profile": "html+a11y",
        "verdict": "Preserved"
      },
      {
        "id": "ascii-body-50",
        "profile": "default",
        "verdict": "Preserved"
      },
      {
        "id": "ascii-body-50",
        "profile": "html",
        "verdict": "Preserved"
      },
      {
        "id": "ascii-body-50",
        "profile": "a11y",
        "verdict": "Preserved"
      },
      {
        "id": "ascii-body-50",
        "profile": "html+a11y",
        "verdict": "Preserved"
      },
      {
        "id": "ascii-body-51",
        "profile": "default",
        "verdict": "Preserved"
      },
      {
        "id": "ascii-body-51",
        "profile": "html",
        "verdict": "Preserved"
      },
      {
        "id": "ascii-body-51",
        "profile": "a11y",
        "verdict": "Preserved"
      },
      {
        "id": "ascii-body-51",
        "profile": "html+a11y",
        "verdict": "Preserved"
      },
      {
        "id": "content-op",
        "profile": "default",
        "verdict": "Preserved"
      },
      {
        "id": "content-op",
        "profile": "html",
        "verdict": "Preserved"
      },
      {
        "id": "content-op",
        "profile": "a11y",
        "verdict": "Preserved"
      },
      {
        "id": "content-op",
        "profile": "html+a11y",
        "verdict": "Preserved"
      },
      {
        "id": "fields-dict-41",
        "profile": "default",
        "verdict": "Preserved"
      },
      {
        "id": "fields-dict-41",
        "profile": "html",
        "verdict": "Preserved"
      },
      {
        "id": "fields-dict-41",
        "profile": "a11y",
        "verdict": "Preserved"
      },
      {
        "id": "fields-dict-41",
        "profile": "html+a11y",
        "verdict": "Preserved"
      },
      {
        "id": "fields-args-41",
        "profile": "default",
        "verdict": "Preserved"
      },
      {
        "id": "fields-args-41",
        "profile": "html",
        "verdict": "Preserved"
      },
      {
        "id": "fields-args-41",
        "profile": "a11y",
        "verdict": "Preserved"
      },
      {
        "id": "fields-args-41",
        "profile": "html+a11y",
        "verdict": "Preserved"
      },
      {
        "id": "content-sequence-41",
        "profile": "default",
        "verdict": "Preserved"
      },
      {
        "id": "content-sequence-41",
        "profile": "html",
        "verdict": "Preserved"
      },
      {
        "id": "content-sequence-41",
        "profile": "a11y",
        "verdict": "Preserved"
      },
      {
        "id": "content-sequence-41",
        "profile": "html+a11y",
        "verdict": "Preserved"
      },
      {
        "id": "named-modules",
        "profile": "default",
        "verdict": "Preserved"
      },
      {
        "id": "named-modules",
        "profile": "html",
        "verdict": "Preserved"
      },
      {
        "id": "named-modules",
        "profile": "a11y",
        "verdict": "Preserved"
      },
      {
        "id": "named-modules",
        "profile": "html+a11y",
        "verdict": "Preserved"
      },
      {
        "id": "named-aliases",
        "profile": "default",
        "verdict": "Preserved"
      },
      {
        "id": "named-aliases",
        "profile": "html",
        "verdict": "Preserved"
      },
      {
        "id": "named-aliases",
        "profile": "a11y",
        "verdict": "Preserved"
      },
      {
        "id": "named-aliases",
        "profile": "html+a11y",
        "verdict": "Preserved"
      },
      {
        "id": "ordinary-collisions",
        "profile": "default",
        "verdict": "Preserved"
      },
      {
        "id": "ordinary-collisions",
        "profile": "html",
        "verdict": "Preserved"
      },
      {
        "id": "ordinary-collisions",
        "profile": "a11y",
        "verdict": "Preserved"
      },
      {
        "id": "ordinary-collisions",
        "profile": "html+a11y",
        "verdict": "Preserved"
      },
      {
        "id": "ordinary-bare",
        "profile": "default",
        "verdict": "Preserved"
      },
      {
        "id": "ordinary-bare",
        "profile": "html",
        "verdict": "Preserved"
      },
      {
        "id": "ordinary-bare",
        "profile": "a11y",
        "verdict": "Preserved"
      },
      {
        "id": "ordinary-bare",
        "profile": "html+a11y",
        "verdict": "Preserved"
      },
      {
        "id": "global-bare",
        "profile": "default",
        "verdict": "Preserved"
      },
      {
        "id": "global-bare",
        "profile": "html",
        "verdict": "Preserved"
      },
      {
        "id": "global-bare",
        "profile": "a11y",
        "verdict": "Preserved"
      },
      {
        "id": "global-bare",
        "profile": "html+a11y",
        "verdict": "Preserved"
      },
      {
        "id": "global-alias-bare",
        "profile": "default",
        "verdict": "Preserved"
      },
      {
        "id": "global-alias-bare",
        "profile": "html",
        "verdict": "Preserved"
      },
      {
        "id": "global-alias-bare",
        "profile": "a11y",
        "verdict": "Preserved"
      },
      {
        "id": "global-alias-bare",
        "profile": "html+a11y",
        "verdict": "Preserved"
      },
      {
        "id": "global-bare-unbound",
        "profile": "default",
        "verdict": "Preserved"
      },
      {
        "id": "global-bare-unbound",
        "profile": "html",
        "verdict": "Preserved"
      },
      {
        "id": "global-bare-unbound",
        "profile": "a11y",
        "verdict": "Preserved"
      },
      {
        "id": "global-bare-unbound",
        "profile": "html+a11y",
        "verdict": "Preserved"
      },
      {
        "id": "global-alias-bare-unbound",
        "profile": "default",
        "verdict": "Preserved"
      },
      {
        "id": "global-alias-bare-unbound",
        "profile": "html",
        "verdict": "Preserved"
      },
      {
        "id": "global-alias-bare-unbound",
        "profile": "a11y",
        "verdict": "Preserved"
      },
      {
        "id": "global-alias-bare-unbound",
        "profile": "html+a11y",
        "verdict": "Preserved"
      },
      {
        "id": "global-dynamic-unnamed",
        "profile": "default",
        "verdict": "Preserved"
      },
      {
        "id": "global-dynamic-unnamed",
        "profile": "html",
        "verdict": "Preserved"
      },
      {
        "id": "global-dynamic-unnamed",
        "profile": "a11y",
        "verdict": "Preserved"
      },
      {
        "id": "global-dynamic-unnamed",
        "profile": "html+a11y",
        "verdict": "Preserved"
      },
      {
        "id": "global-rename",
        "profile": "default",
        "verdict": "Preserved"
      },
      {
        "id": "global-rename",
        "profile": "html",
        "verdict": "Preserved"
      },
      {
        "id": "global-rename",
        "profile": "a11y",
        "verdict": "Preserved"
      },
      {
        "id": "global-rename",
        "profile": "html+a11y",
        "verdict": "Preserved"
      },
      {
        "id": "global-items",
        "profile": "default",
        "verdict": "Preserved"
      },
      {
        "id": "global-items",
        "profile": "html",
        "verdict": "Preserved"
      },
      {
        "id": "global-items",
        "profile": "a11y",
        "verdict": "Preserved"
      },
      {
        "id": "global-items",
        "profile": "html+a11y",
        "verdict": "Preserved"
      },
      {
        "id": "global-wildcard",
        "profile": "default",
        "verdict": "Preserved"
      },
      {
        "id": "global-wildcard",
        "profile": "html",
        "verdict": "Preserved"
      },
      {
        "id": "global-wildcard",
        "profile": "a11y",
        "verdict": "Preserved"
      },
      {
        "id": "global-wildcard",
        "profile": "html+a11y",
        "verdict": "Preserved"
      },
      {
        "id": "reexport-collision",
        "profile": "default",
        "verdict": "Preserved"
      },
      {
        "id": "reexport-collision",
        "profile": "html",
        "verdict": "Preserved"
      },
      {
        "id": "reexport-collision",
        "profile": "a11y",
        "verdict": "Preserved"
      },
      {
        "id": "reexport-collision",
        "profile": "html+a11y",
        "verdict": "Preserved"
      },
      {
        "id": "imported-route",
        "profile": "default",
        "verdict": "Preserved"
      },
      {
        "id": "imported-route",
        "profile": "html",
        "verdict": "Preserved"
      },
      {
        "id": "imported-route",
        "profile": "a11y",
        "verdict": "Preserved"
      },
      {
        "id": "imported-route",
        "profile": "html+a11y",
        "verdict": "Preserved"
      },
      {
        "id": "nested-import-route",
        "profile": "default",
        "verdict": "Preserved"
      },
      {
        "id": "nested-import-route",
        "profile": "html",
        "verdict": "Preserved"
      },
      {
        "id": "nested-import-route",
        "profile": "a11y",
        "verdict": "Preserved"
      },
      {
        "id": "nested-import-route",
        "profile": "html+a11y",
        "verdict": "Preserved"
      },
      {
        "id": "sentinel-hsl",
        "profile": "default",
        "verdict": "Preserved"
      },
      {
        "id": "sentinel-hsl",
        "profile": "html",
        "verdict": "Preserved"
      },
      {
        "id": "sentinel-hsl",
        "profile": "a11y",
        "verdict": "Preserved"
      },
      {
        "id": "sentinel-hsl",
        "profile": "html+a11y",
        "verdict": "Preserved"
      },
      {
        "id": "sentinel-hsv",
        "profile": "default",
        "verdict": "Preserved"
      },
      {
        "id": "sentinel-hsv",
        "profile": "html",
        "verdict": "Preserved"
      },
      {
        "id": "sentinel-hsv",
        "profile": "a11y",
        "verdict": "Preserved"
      },
      {
        "id": "sentinel-hsv",
        "profile": "html+a11y",
        "verdict": "Preserved"
      },
      {
        "id": "sentinel-linear_rgb",
        "profile": "default",
        "verdict": "Preserved"
      },
      {
        "id": "sentinel-linear_rgb",
        "profile": "html",
        "verdict": "Preserved"
      },
      {
        "id": "sentinel-linear_rgb",
        "profile": "a11y",
        "verdict": "Preserved"
      },
      {
        "id": "sentinel-linear_rgb",
        "profile": "html+a11y",
        "verdict": "Preserved"
      },
      {
        "id": "sentinel-std.hsl",
        "profile": "default",
        "verdict": "Preserved"
      },
      {
        "id": "sentinel-std.hsl",
        "profile": "html",
        "verdict": "Preserved"
      },
      {
        "id": "sentinel-std.hsl",
        "profile": "a11y",
        "verdict": "Preserved"
      },
      {
        "id": "sentinel-std.hsl",
        "profile": "html+a11y",
        "verdict": "Preserved"
      },
      {
        "id": "sentinel-std.hsv",
        "profile": "default",
        "verdict": "Preserved"
      },
      {
        "id": "sentinel-std.hsv",
        "profile": "html",
        "verdict": "Preserved"
      },
      {
        "id": "sentinel-std.hsv",
        "profile": "a11y",
        "verdict": "Preserved"
      },
      {
        "id": "sentinel-std.hsv",
        "profile": "html+a11y",
        "verdict": "Preserved"
      },
      {
        "id": "sentinel-std.linear_rgb",
        "profile": "default",
        "verdict": "Preserved"
      },
      {
        "id": "sentinel-std.linear_rgb",
        "profile": "html",
        "verdict": "Preserved"
      },
      {
        "id": "sentinel-std.linear_rgb",
        "profile": "a11y",
        "verdict": "Preserved"
      },
      {
        "id": "sentinel-std.linear_rgb",
        "profile": "html+a11y",
        "verdict": "Preserved"
      },
      {
        "id": "sentinel-calc.nope",
        "profile": "default",
        "verdict": "Preserved"
      },
      {
        "id": "sentinel-calc.nope",
        "profile": "html",
        "verdict": "Preserved"
      },
      {
        "id": "sentinel-calc.nope",
        "profile": "a11y",
        "verdict": "Preserved"
      },
      {
        "id": "sentinel-calc.nope",
        "profile": "html+a11y",
        "verdict": "Preserved"
      },
      {
        "id": "sentinel-sym.nope",
        "profile": "default",
        "verdict": "Preserved"
      },
      {
        "id": "sentinel-sym.nope",
        "profile": "html",
        "verdict": "Preserved"
      },
      {
        "id": "sentinel-sym.nope",
        "profile": "a11y",
        "verdict": "Preserved"
      },
      {
        "id": "sentinel-sym.nope",
        "profile": "html+a11y",
        "verdict": "Preserved"
      },
      {
        "id": "sentinel-color.map.nope",
        "profile": "default",
        "verdict": "Preserved"
      },
      {
        "id": "sentinel-color.map.nope",
        "profile": "html",
        "verdict": "Preserved"
      },
      {
        "id": "sentinel-color.map.nope",
        "profile": "a11y",
        "verdict": "Preserved"
      },
      {
        "id": "sentinel-color.map.nope",
        "profile": "html+a11y",
        "verdict": "Preserved"
      },
      {
        "id": "sentinel-std.nope",
        "profile": "default",
        "verdict": "Preserved"
      },
      {
        "id": "sentinel-std.nope",
        "profile": "html",
        "verdict": "Preserved"
      },
      {
        "id": "sentinel-std.nope",
        "profile": "a11y",
        "verdict": "Preserved"
      },
      {
        "id": "sentinel-std.nope",
        "profile": "html+a11y",
        "verdict": "Preserved"
      },
      {
        "id": "sentinel-pdf.data-cell",
        "profile": "default",
        "verdict": "Preserved"
      },
      {
        "id": "sentinel-pdf.data-cell",
        "profile": "html",
        "verdict": "Preserved"
      },
      {
        "id": "sentinel-pdf.data-cell",
        "profile": "a11y",
        "verdict": "Preserved"
      },
      {
        "id": "sentinel-pdf.data-cell",
        "profile": "html+a11y",
        "verdict": "Preserved"
      },
      {
        "id": "sentinel-pdf.header-cell",
        "profile": "default",
        "verdict": "Preserved"
      },
      {
        "id": "sentinel-pdf.header-cell",
        "profile": "html",
        "verdict": "Preserved"
      },
      {
        "id": "sentinel-pdf.header-cell",
        "profile": "a11y",
        "verdict": "Preserved"
      },
      {
        "id": "sentinel-pdf.header-cell",
        "profile": "html+a11y",
        "verdict": "Preserved"
      },
      {
        "id": "sentinel-pdf.table-summary",
        "profile": "default",
        "verdict": "Preserved"
      },
      {
        "id": "sentinel-pdf.table-summary",
        "profile": "html",
        "verdict": "Preserved"
      },
      {
        "id": "sentinel-pdf.table-summary",
        "profile": "a11y",
        "verdict": "Preserved"
      },
      {
        "id": "sentinel-pdf.table-summary",
        "profile": "html+a11y",
        "verdict": "Preserved"
      },
      {
        "id": "sentinel-lookups",
        "profile": "default",
        "verdict": "Preserved"
      },
      {
        "id": "sentinel-lookups",
        "profile": "html",
        "verdict": "Preserved"
      },
      {
        "id": "sentinel-lookups",
        "profile": "a11y",
        "verdict": "Preserved"
      },
      {
        "id": "sentinel-lookups",
        "profile": "html+a11y",
        "verdict": "Preserved"
      },
      {
        "id": "document-route",
        "profile": "default",
        "verdict": "Preserved"
      },
      {
        "id": "global-field-bare",
        "profile": "default",
        "verdict": "Preserved"
      },
      {
        "id": "global-field-bare",
        "profile": "html",
        "verdict": "Preserved"
      },
      {
        "id": "global-field-bare",
        "profile": "a11y",
        "verdict": "Preserved"
      },
      {
        "id": "global-field-bare",
        "profile": "html+a11y",
        "verdict": "Preserved"
      },
      {
        "id": "global-field-bare-unbound",
        "profile": "default",
        "verdict": "Preserved"
      },
      {
        "id": "global-field-bare-unbound",
        "profile": "html",
        "verdict": "Preserved"
      },
      {
        "id": "global-field-bare-unbound",
        "profile": "a11y",
        "verdict": "Preserved"
      },
      {
        "id": "global-field-bare-unbound",
        "profile": "html+a11y",
        "verdict": "Preserved"
      },
      {
        "id": "global-dynamic-named",
        "profile": "default",
        "verdict": "Preserved"
      },
      {
        "id": "global-dynamic-named",
        "profile": "html",
        "verdict": "Preserved"
      },
      {
        "id": "global-dynamic-named",
        "profile": "a11y",
        "verdict": "Preserved"
      },
      {
        "id": "global-dynamic-named",
        "profile": "html+a11y",
        "verdict": "Preserved"
      },
      {
        "id": "global-dynamic-block",
        "profile": "default",
        "verdict": "Preserved"
      },
      {
        "id": "global-dynamic-block",
        "profile": "html",
        "verdict": "Preserved"
      },
      {
        "id": "global-dynamic-block",
        "profile": "a11y",
        "verdict": "Preserved"
      },
      {
        "id": "global-dynamic-block",
        "profile": "html+a11y",
        "verdict": "Preserved"
      },
      {
        "id": "global-dynamic-call",
        "profile": "default",
        "verdict": "Preserved"
      },
      {
        "id": "global-dynamic-call",
        "profile": "html",
        "verdict": "Preserved"
      },
      {
        "id": "global-dynamic-call",
        "profile": "a11y",
        "verdict": "Preserved"
      },
      {
        "id": "global-dynamic-call",
        "profile": "html+a11y",
        "verdict": "Preserved"
      },
      {
        "id": "global-dynamic-items",
        "profile": "default",
        "verdict": "Preserved"
      },
      {
        "id": "global-dynamic-items",
        "profile": "html",
        "verdict": "Preserved"
      },
      {
        "id": "global-dynamic-items",
        "profile": "a11y",
        "verdict": "Preserved"
      },
      {
        "id": "global-dynamic-items",
        "profile": "html+a11y",
        "verdict": "Preserved"
      },
      {
        "id": "global-dynamic-wildcard",
        "profile": "default",
        "verdict": "Preserved"
      },
      {
        "id": "global-dynamic-wildcard",
        "profile": "html",
        "verdict": "Preserved"
      },
      {
        "id": "global-dynamic-wildcard",
        "profile": "a11y",
        "verdict": "Preserved"
      },
      {
        "id": "global-dynamic-wildcard",
        "profile": "html+a11y",
        "verdict": "Preserved"
      },
      {
        "id": "direct-flat-content-sequence-41",
        "profile": "default",
        "verdict": "Preserved"
      }
    ],
    "mutants": [
      {
        "id": "array-limit-39",
        "mutation": "Represent only first39 values, count len-39",
        "witness": "array-repr-40",
        "rust_test": "p1305_array_repr_40",
        "expected": "Violated",
        "required": true,
        "mode": "PUBLIC_ENVELOPE_TRANSFORMATION_NOT_COMPILED_PRODUCT",
        "applicable": true,
        "expected_observation": {
          "complete": true,
          "exit_code": 0,
          "stdout": "\"(\\n  0,\\n  1,\\n  2,\\n  3,\\n  4,\\n  5,\\n  6,\\n  7,\\n  8,\\n  9,\\n  10,\\n  11,\\n  12,\\n  13,\\n  14,\\n  15,\\n  16,\\n  17,\\n  18,\\n  19,\\n  20,\\n  21,\\n  22,\\n  23,\\n  24,\\n  25,\\n  26,\\n  27,\\n  28,\\n  29,\\n  30,\\n  31,\\n  32,\\n  33,\\n  34,\\n  35,\\n  36,\\n  37,\\n  38,\\n  39,\\n)\"\n",
          "stderr": "",
          "value": "(\n  0,\n  1,\n  2,\n  3,\n  4,\n  5,\n  6,\n  7,\n  8,\n  9,\n  10,\n  11,\n  12,\n  13,\n  14,\n  15,\n  16,\n  17,\n  18,\n  19,\n  20,\n  21,\n  22,\n  23,\n  24,\n  25,\n  26,\n  27,\n  28,\n  29,\n  30,\n  31,\n  32,\n  33,\n  34,\n  35,\n  36,\n  37,\n  38,\n  39,\n)"
        },
        "mutated_observation": {
          "complete": true,
          "exit_code": 0,
          "stdout": "\"(\\n  0,\\n  1,\\n  2,\\n  3,\\n  4,\\n  5,\\n  6,\\n  7,\\n  8,\\n  9,\\n  10,\\n  11,\\n  12,\\n  13,\\n  14,\\n  15,\\n  16,\\n  17,\\n  18,\\n  19,\\n  20,\\n  21,\\n  22,\\n  23,\\n  24,\\n  25,\\n  26,\\n  27,\\n  28,\\n  29,\\n  30,\\n  31,\\n  32,\\n  33,\\n  34,\\n  35,\\n  36,\\n  37,\\n  38,\\n  .. (1 items omitted),\\n)\"\n",
          "stderr": "",
          "value": "(\n  0,\n  1,\n  2,\n  3,\n  4,\n  5,\n  6,\n  7,\n  8,\n  9,\n  10,\n  11,\n  12,\n  13,\n  14,\n  15,\n  16,\n  17,\n  18,\n  19,\n  20,\n  21,\n  22,\n  23,\n  24,\n  25,\n  26,\n  27,\n  28,\n  29,\n  30,\n  31,\n  32,\n  33,\n  34,\n  35,\n  36,\n  37,\n  38,\n  .. (1 items omitted),\n)"
        },
        "verdict": "Violated"
      },
      {
        "id": "array-limit-41",
        "mutation": "Represent first41 values rather than40",
        "witness": "array-repr-41",
        "rust_test": "p1305_array_repr_41",
        "expected": "Violated",
        "required": true,
        "mode": "PUBLIC_ENVELOPE_TRANSFORMATION_NOT_COMPILED_PRODUCT",
        "applicable": true,
        "expected_observation": {
          "complete": true,
          "exit_code": 0,
          "stdout": "\"(\\n  0,\\n  1,\\n  2,\\n  3,\\n  4,\\n  5,\\n  6,\\n  7,\\n  8,\\n  9,\\n  10,\\n  11,\\n  12,\\n  13,\\n  14,\\n  15,\\n  16,\\n  17,\\n  18,\\n  19,\\n  20,\\n  21,\\n  22,\\n  23,\\n  24,\\n  25,\\n  26,\\n  27,\\n  28,\\n  29,\\n  30,\\n  31,\\n  32,\\n  33,\\n  34,\\n  35,\\n  36,\\n  37,\\n  38,\\n  39,\\n  .. (1 items omitted),\\n)\"\n",
          "stderr": "",
          "value": "(\n  0,\n  1,\n  2,\n  3,\n  4,\n  5,\n  6,\n  7,\n  8,\n  9,\n  10,\n  11,\n  12,\n  13,\n  14,\n  15,\n  16,\n  17,\n  18,\n  19,\n  20,\n  21,\n  22,\n  23,\n  24,\n  25,\n  26,\n  27,\n  28,\n  29,\n  30,\n  31,\n  32,\n  33,\n  34,\n  35,\n  36,\n  37,\n  38,\n  39,\n  .. (1 items omitted),\n)"
        },
        "mutated_observation": {
          "complete": true,
          "exit_code": 0,
          "stdout": "\"(\\n  0,\\n  1,\\n  2,\\n  3,\\n  4,\\n  5,\\n  6,\\n  7,\\n  8,\\n  9,\\n  10,\\n  11,\\n  12,\\n  13,\\n  14,\\n  15,\\n  16,\\n  17,\\n  18,\\n  19,\\n  20,\\n  21,\\n  22,\\n  23,\\n  24,\\n  25,\\n  26,\\n  27,\\n  28,\\n  29,\\n  30,\\n  31,\\n  32,\\n  33,\\n  34,\\n  35,\\n  36,\\n  37,\\n  38,\\n  39,\\n  40,\\n)\"\n",
          "stderr": "",
          "value": "(\n  0,\n  1,\n  2,\n  3,\n  4,\n  5,\n  6,\n  7,\n  8,\n  9,\n  10,\n  11,\n  12,\n  13,\n  14,\n  15,\n  16,\n  17,\n  18,\n  19,\n  20,\n  21,\n  22,\n  23,\n  24,\n  25,\n  26,\n  27,\n  28,\n  29,\n  30,\n  31,\n  32,\n  33,\n  34,\n  35,\n  36,\n  37,\n  38,\n  39,\n  40,\n)"
        },
        "verdict": "Violated"
      },
      {
        "id": "array-no-elision",
        "mutation": "Restore all-item representation",
        "witness": "array-repr-256",
        "rust_test": "p1305_array_repr_256",
        "expected": "Violated",
        "required": true,
        "mode": "PUBLIC_ENVELOPE_TRANSFORMATION_NOT_COMPILED_PRODUCT",
        "applicable": true,
        "expected_observation": {
          "complete": true,
          "exit_code": 0,
          "stdout": "\"(\\n  0,\\n  1,\\n  2,\\n  3,\\n  4,\\n  5,\\n  6,\\n  7,\\n  8,\\n  9,\\n  10,\\n  11,\\n  12,\\n  13,\\n  14,\\n  15,\\n  16,\\n  17,\\n  18,\\n  19,\\n  20,\\n  21,\\n  22,\\n  23,\\n  24,\\n  25,\\n  26,\\n  27,\\n  28,\\n  29,\\n  30,\\n  31,\\n  32,\\n  33,\\n  34,\\n  35,\\n  36,\\n  37,\\n  38,\\n  39,\\n  .. (216 items omitted),\\n)\"\n",
          "stderr": "",
          "value": "(\n  0,\n  1,\n  2,\n  3,\n  4,\n  5,\n  6,\n  7,\n  8,\n  9,\n  10,\n  11,\n  12,\n  13,\n  14,\n  15,\n  16,\n  17,\n  18,\n  19,\n  20,\n  21,\n  22,\n  23,\n  24,\n  25,\n  26,\n  27,\n  28,\n  29,\n  30,\n  31,\n  32,\n  33,\n  34,\n  35,\n  36,\n  37,\n  38,\n  39,\n  .. (216 items omitted),\n)"
        },
        "mutated_observation": {
          "complete": true,
          "exit_code": 0,
          "stdout": "\"(\\n  0,\\n  1,\\n  2,\\n  3,\\n  4,\\n  5,\\n  6,\\n  7,\\n  8,\\n  9,\\n  10,\\n  11,\\n  12,\\n  13,\\n  14,\\n  15,\\n  16,\\n  17,\\n  18,\\n  19,\\n  20,\\n  21,\\n  22,\\n  23,\\n  24,\\n  25,\\n  26,\\n  27,\\n  28,\\n  29,\\n  30,\\n  31,\\n  32,\\n  33,\\n  34,\\n  35,\\n  36,\\n  37,\\n  38,\\n  39,\\n  40,\\n  41,\\n  42,\\n  43,\\n  44,\\n  45,\\n  46,\\n  47,\\n  48,\\n  49,\\n  50,\\n  51,\\n  52,\\n  53,\\n  54,\\n  55,\\n  56,\\n  57,\\n  58,\\n  59,\\n  60,\\n  61,\\n  62,\\n  63,\\n  64,\\n  65,\\n  66,\\n  67,\\n  68,\\n  69,\\n  70,\\n  71,\\n  72,\\n  73,\\n  74,\\n  75,\\n  76,\\n  77,\\n  78,\\n  79,\\n  80,\\n  81,\\n  82,\\n  83,\\n  84,\\n  85,\\n  86,\\n  87,\\n  88,\\n  89,\\n  90,\\n  91,\\n  92,\\n  93,\\n  94,\\n  95,\\n  96,\\n  97,\\n  98,\\n  99,\\n  100,\\n  101,\\n  102,\\n  103,\\n  104,\\n  105,\\n  106,\\n  107,\\n  108,\\n  109,\\n  110,\\n  111,\\n  112,\\n  113,\\n  114,\\n  115,\\n  116,\\n  117,\\n  118,\\n  119,\\n  120,\\n  121,\\n  122,\\n  123,\\n  124,\\n  125,\\n  126,\\n  127,\\n  128,\\n  129,\\n  130,\\n  131,\\n  132,\\n  133,\\n  134,\\n  135,\\n  136,\\n  137,\\n  138,\\n  139,\\n  140,\\n  141,\\n  142,\\n  143,\\n  144,\\n  145,\\n  146,\\n  147,\\n  148,\\n  149,\\n  150,\\n  151,\\n  152,\\n  153,\\n  154,\\n  155,\\n  156,\\n  157,\\n  158,\\n  159,\\n  160,\\n  161,\\n  162,\\n  163,\\n  164,\\n  165,\\n  166,\\n  167,\\n  168,\\n  169,\\n  170,\\n  171,\\n  172,\\n  173,\\n  174,\\n  175,\\n  176,\\n  177,\\n  178,\\n  179,\\n  180,\\n  181,\\n  182,\\n  183,\\n  184,\\n  185,\\n  186,\\n  187,\\n  188,\\n  189,\\n  190,\\n  191,\\n  192,\\n  193,\\n  194,\\n  195,\\n  196,\\n  197,\\n  198,\\n  199,\\n  200,\\n  201,\\n  202,\\n  203,\\n  204,\\n  205,\\n  206,\\n  207,\\n  208,\\n  209,\\n  210,\\n  211,\\n  212,\\n  213,\\n  214,\\n  215,\\n  216,\\n  217,\\n  218,\\n  219,\\n  220,\\n  221,\\n  222,\\n  223,\\n  224,\\n  225,\\n  226,\\n  227,\\n  228,\\n  229,\\n  230,\\n  231,\\n  232,\\n  233,\\n  234,\\n  235,\\n  236,\\n  237,\\n  238,\\n  239,\\n  240,\\n  241,\\n  242,\\n  243,\\n  244,\\n  245,\\n  246,\\n  247,\\n  248,\\n  249,\\n  250,\\n  251,\\n  252,\\n  253,\\n  254,\\n  255,\\n)\"\n",
          "stderr": "",
          "value": "(\n  0,\n  1,\n  2,\n  3,\n  4,\n  5,\n  6,\n  7,\n  8,\n  9,\n  10,\n  11,\n  12,\n  13,\n  14,\n  15,\n  16,\n  17,\n  18,\n  19,\n  20,\n  21,\n  22,\n  23,\n  24,\n  25,\n  26,\n  27,\n  28,\n  29,\n  30,\n  31,\n  32,\n  33,\n  34,\n  35,\n  36,\n  37,\n  38,\n  39,\n  40,\n  41,\n  42,\n  43,\n  44,\n  45,\n  46,\n  47,\n  48,\n  49,\n  50,\n  51,\n  52,\n  53,\n  54,\n  55,\n  56,\n  57,\n  58,\n  59,\n  60,\n  61,\n  62,\n  63,\n  64,\n  65,\n  66,\n  67,\n  68,\n  69,\n  70,\n  71,\n  72,\n  73,\n  74,\n  75,\n  76,\n  77,\n  78,\n  79,\n  80,\n  81,\n  82,\n  83,\n  84,\n  85,\n  86,\n  87,\n  88,\n  89,\n  90,\n  91,\n  92,\n  93,\n  94,\n  95,\n  96,\n  97,\n  98,\n  99,\n  100,\n  101,\n  102,\n  103,\n  104,\n  105,\n  106,\n  107,\n  108,\n  109,\n  110,\n  111,\n  112,\n  113,\n  114,\n  115,\n  116,\n  117,\n  118,\n  119,\n  120,\n  121,\n  122,\n  123,\n  124,\n  125,\n  126,\n  127,\n  128,\n  129,\n  130,\n  131,\n  132,\n  133,\n  134,\n  135,\n  136,\n  137,\n  138,\n  139,\n  140,\n  141,\n  142,\n  143,\n  144,\n  145,\n  146,\n  147,\n  148,\n  149,\n  150,\n  151,\n  152,\n  153,\n  154,\n  155,\n  156,\n  157,\n  158,\n  159,\n  160,\n  161,\n  162,\n  163,\n  164,\n  165,\n  166,\n  167,\n  168,\n  169,\n  170,\n  171,\n  172,\n  173,\n  174,\n  175,\n  176,\n  177,\n  178,\n  179,\n  180,\n  181,\n  182,\n  183,\n  184,\n  185,\n  186,\n  187,\n  188,\n  189,\n  190,\n  191,\n  192,\n  193,\n  194,\n  195,\n  196,\n  197,\n  198,\n  199,\n  200,\n  201,\n  202,\n  203,\n  204,\n  205,\n  206,\n  207,\n  208,\n  209,\n  210,\n  211,\n  212,\n  213,\n  214,\n  215,\n  216,\n  217,\n  218,\n  219,\n  220,\n  221,\n  222,\n  223,\n  224,\n  225,\n  226,\n  227,\n  228,\n  229,\n  230,\n  231,\n  232,\n  233,\n  234,\n  235,\n  236,\n  237,\n  238,\n  239,\n  240,\n  241,\n  242,\n  243,\n  244,\n  245,\n  246,\n  247,\n  248,\n  249,\n  250,\n  251,\n  252,\n  253,\n  254,\n  255,\n)"
        },
        "verdict": "Violated"
      },
      {
        "id": "array-wrong-omission-count",
        "mutation": "Print len-39 with first40 values",
        "witness": "array-repr-42",
        "rust_test": "p1305_array_repr_42",
        "expected": "Violated",
        "required": true,
        "mode": "PUBLIC_ENVELOPE_TRANSFORMATION_NOT_COMPILED_PRODUCT",
        "applicable": true,
        "expected_observation": {
          "complete": true,
          "exit_code": 0,
          "stdout": "\"(\\n  0,\\n  1,\\n  2,\\n  3,\\n  4,\\n  5,\\n  6,\\n  7,\\n  8,\\n  9,\\n  10,\\n  11,\\n  12,\\n  13,\\n  14,\\n  15,\\n  16,\\n  17,\\n  18,\\n  19,\\n  20,\\n  21,\\n  22,\\n  23,\\n  24,\\n  25,\\n  26,\\n  27,\\n  28,\\n  29,\\n  30,\\n  31,\\n  32,\\n  33,\\n  34,\\n  35,\\n  36,\\n  37,\\n  38,\\n  39,\\n  .. (2 items omitted),\\n)\"\n",
          "stderr": "",
          "value": "(\n  0,\n  1,\n  2,\n  3,\n  4,\n  5,\n  6,\n  7,\n  8,\n  9,\n  10,\n  11,\n  12,\n  13,\n  14,\n  15,\n  16,\n  17,\n  18,\n  19,\n  20,\n  21,\n  22,\n  23,\n  24,\n  25,\n  26,\n  27,\n  28,\n  29,\n  30,\n  31,\n  32,\n  33,\n  34,\n  35,\n  36,\n  37,\n  38,\n  39,\n  .. (2 items omitted),\n)"
        },
        "mutated_observation": {
          "complete": true,
          "exit_code": 0,
          "stdout": "\"(\\n  0,\\n  1,\\n  2,\\n  3,\\n  4,\\n  5,\\n  6,\\n  7,\\n  8,\\n  9,\\n  10,\\n  11,\\n  12,\\n  13,\\n  14,\\n  15,\\n  16,\\n  17,\\n  18,\\n  19,\\n  20,\\n  21,\\n  22,\\n  23,\\n  24,\\n  25,\\n  26,\\n  27,\\n  28,\\n  29,\\n  30,\\n  31,\\n  32,\\n  33,\\n  34,\\n  35,\\n  36,\\n  37,\\n  38,\\n  39,\\n  .. (3 items omitted),\\n)\"\n",
          "stderr": "",
          "value": "(\n  0,\n  1,\n  2,\n  3,\n  4,\n  5,\n  6,\n  7,\n  8,\n  9,\n  10,\n  11,\n  12,\n  13,\n  14,\n  15,\n  16,\n  17,\n  18,\n  19,\n  20,\n  21,\n  22,\n  23,\n  24,\n  25,\n  26,\n  27,\n  28,\n  29,\n  30,\n  31,\n  32,\n  33,\n  34,\n  35,\n  36,\n  37,\n  38,\n  39,\n  .. (3 items omitted),\n)"
        },
        "verdict": "Violated"
      },
      {
        "id": "array-data-truncated",
        "mutation": "Truncate actual array to40 as side-effect of representation",
        "witness": "array-data-256",
        "rust_test": "p1305_full_array_values_survive_repr",
        "expected": "Violated",
        "required": true,
        "mode": "PUBLIC_ENVELOPE_TRANSFORMATION_NOT_COMPILED_PRODUCT",
        "applicable": true,
        "expected_observation": {
          "complete": true,
          "exit_code": 0,
          "stdout": "[256,[0,1,2,3,4,5,6,7,8,9,10,11,12,13,14,15,16,17,18,19,20,21,22,23,24,25,26,27,28,29,30,31,32,33,34,35,36,37,38,39,40,41,42,43,44,45,46,47,48,49,50,51,52,53,54,55,56,57,58,59,60,61,62,63,64,65,66,67,68,69,70,71,72,73,74,75,76,77,78,79,80,81,82,83,84,85,86,87,88,89,90,91,92,93,94,95,96,97,98,99,100,101,102,103,104,105,106,107,108,109,110,111,112,113,114,115,116,117,118,119,120,121,122,123,124,125,126,127,128,129,130,131,132,133,134,135,136,137,138,139,140,141,142,143,144,145,146,147,148,149,150,151,152,153,154,155,156,157,158,159,160,161,162,163,164,165,166,167,168,169,170,171,172,173,174,175,176,177,178,179,180,181,182,183,184,185,186,187,188,189,190,191,192,193,194,195,196,197,198,199,200,201,202,203,204,205,206,207,208,209,210,211,212,213,214,215,216,217,218,219,220,221,222,223,224,225,226,227,228,229,230,231,232,233,234,235,236,237,238,239,240,241,242,243,244,245,246,247,248,249,250,251,252,253,254,255],[0,2,4,6,8,10,12,14,16,18,20,22,24,26,28,30,32,34,36,38,40,42,44,46,48,50,52,54,56,58,60,62,64,66,68,70,72,74,76,78,80,82,84,86,88,90,92,94,96,98,100,102,104,106,108,110,112,114,116,118,120,122,124,126,128,130,132,134,136,138,140,142,144,146,148,150,152,154,156,158,160,162,164,166,168,170,172,174,176,178,180,182,184,186,188,190,192,194,196,198,200,202,204,206,208,210,212,214,216,218,220,222,224,226,228,230,232,234,236,238,240,242,244,246,248,250,252,254,256,258,260,262,264,266,268,270,272,274,276,278,280,282,284,286,288,290,292,294,296,298,300,302,304,306,308,310,312,314,316,318,320,322,324,326,328,330,332,334,336,338,340,342,344,346,348,350,352,354,356,358,360,362,364,366,368,370,372,374,376,378,380,382,384,386,388,390,392,394,396,398,400,402,404,406,408,410,412,414,416,418,420,422,424,426,428,430,432,434,436,438,440,442,444,446,448,450,452,454,456,458,460,462,464,466,468,470,472,474,476,478,480,482,484,486,488,490,492,494,496,498,500,502,504,506,508,510]]\n",
          "stderr": "",
          "value": [
            256,
            [
              0,
              1,
              2,
              3,
              4,
              5,
              6,
              7,
              8,
              9,
              10,
              11,
              12,
              13,
              14,
              15,
              16,
              17,
              18,
              19,
              20,
              21,
              22,
              23,
              24,
              25,
              26,
              27,
              28,
              29,
              30,
              31,
              32,
              33,
              34,
              35,
              36,
              37,
              38,
              39,
              40,
              41,
              42,
              43,
              44,
              45,
              46,
              47,
              48,
              49,
              50,
              51,
              52,
              53,
              54,
              55,
              56,
              57,
              58,
              59,
              60,
              61,
              62,
              63,
              64,
              65,
              66,
              67,
              68,
              69,
              70,
              71,
              72,
              73,
              74,
              75,
              76,
              77,
              78,
              79,
              80,
              81,
              82,
              83,
              84,
              85,
              86,
              87,
              88,
              89,
              90,
              91,
              92,
              93,
              94,
              95,
              96,
              97,
              98,
              99,
              100,
              101,
              102,
              103,
              104,
              105,
              106,
              107,
              108,
              109,
              110,
              111,
              112,
              113,
              114,
              115,
              116,
              117,
              118,
              119,
              120,
              121,
              122,
              123,
              124,
              125,
              126,
              127,
              128,
              129,
              130,
              131,
              132,
              133,
              134,
              135,
              136,
              137,
              138,
              139,
              140,
              141,
              142,
              143,
              144,
              145,
              146,
              147,
              148,
              149,
              150,
              151,
              152,
              153,
              154,
              155,
              156,
              157,
              158,
              159,
              160,
              161,
              162,
              163,
              164,
              165,
              166,
              167,
              168,
              169,
              170,
              171,
              172,
              173,
              174,
              175,
              176,
              177,
              178,
              179,
              180,
              181,
              182,
              183,
              184,
              185,
              186,
              187,
              188,
              189,
              190,
              191,
              192,
              193,
              194,
              195,
              196,
              197,
              198,
              199,
              200,
              201,
              202,
              203,
              204,
              205,
              206,
              207,
              208,
              209,
              210,
              211,
              212,
              213,
              214,
              215,
              216,
              217,
              218,
              219,
              220,
              221,
              222,
              223,
              224,
              225,
              226,
              227,
              228,
              229,
              230,
              231,
              232,
              233,
              234,
              235,
              236,
              237,
              238,
              239,
              240,
              241,
              242,
              243,
              244,
              245,
              246,
              247,
              248,
              249,
              250,
              251,
              252,
              253,
              254,
              255
            ],
            [
              0,
              2,
              4,
              6,
              8,
              10,
              12,
              14,
              16,
              18,
              20,
              22,
              24,
              26,
              28,
              30,
              32,
              34,
              36,
              38,
              40,
              42,
              44,
              46,
              48,
              50,
              52,
              54,
              56,
              58,
              60,
              62,
              64,
              66,
              68,
              70,
              72,
              74,
              76,
              78,
              80,
              82,
              84,
              86,
              88,
              90,
              92,
              94,
              96,
              98,
              100,
              102,
              104,
              106,
              108,
              110,
              112,
              114,
              116,
              118,
              120,
              122,
              124,
              126,
              128,
              130,
              132,
              134,
              136,
              138,
              140,
              142,
              144,
              146,
              148,
              150,
              152,
              154,
              156,
              158,
              160,
              162,
              164,
              166,
              168,
              170,
              172,
              174,
              176,
              178,
              180,
              182,
              184,
              186,
              188,
              190,
              192,
              194,
              196,
              198,
              200,
              202,
              204,
              206,
              208,
              210,
              212,
              214,
              216,
              218,
              220,
              222,
              224,
              226,
              228,
              230,
              232,
              234,
              236,
              238,
              240,
              242,
              244,
              246,
              248,
              250,
              252,
              254,
              256,
              258,
              260,
              262,
              264,
              266,
              268,
              270,
              272,
              274,
              276,
              278,
              280,
              282,
              284,
              286,
              288,
              290,
              292,
              294,
              296,
              298,
              300,
              302,
              304,
              306,
              308,
              310,
              312,
              314,
              316,
              318,
              320,
              322,
              324,
              326,
              328,
              330,
              332,
              334,
              336,
              338,
              340,
              342,
              344,
              346,
              348,
              350,
              352,
              354,
              356,
              358,
              360,
              362,
              364,
              366,
              368,
              370,
              372,
              374,
              376,
              378,
              380,
              382,
              384,
              386,
              388,
              390,
              392,
              394,
              396,
              398,
              400,
              402,
              404,
              406,
              408,
              410,
              412,
              414,
              416,
              418,
              420,
              422,
              424,
              426,
              428,
              430,
              432,
              434,
              436,
              438,
              440,
              442,
              444,
              446,
              448,
              450,
              452,
              454,
              456,
              458,
              460,
              462,
              464,
              466,
              468,
              470,
              472,
              474,
              476,
              478,
              480,
              482,
              484,
              486,
              488,
              490,
              492,
              494,
              496,
              498,
              500,
              502,
              504,
              506,
              508,
              510
            ]
          ]
        },
        "mutated_observation": {
          "complete": true,
          "exit_code": 0,
          "stdout": "[40,[0,1,2,3,4,5,6,7,8,9,10,11,12,13,14,15,16,17,18,19,20,21,22,23,24,25,26,27,28,29,30,31,32,33,34,35,36,37,38,39],[0,2,4,6,8,10,12,14,16,18,20,22,24,26,28,30,32,34,36,38,40,42,44,46,48,50,52,54,56,58,60,62,64,66,68,70,72,74,76,78]]\n",
          "stderr": "",
          "value": [
            40,
            [
              0,
              1,
              2,
              3,
              4,
              5,
              6,
              7,
              8,
              9,
              10,
              11,
              12,
              13,
              14,
              15,
              16,
              17,
              18,
              19,
              20,
              21,
              22,
              23,
              24,
              25,
              26,
              27,
              28,
              29,
              30,
              31,
              32,
              33,
              34,
              35,
              36,
              37,
              38,
              39
            ],
            [
              0,
              2,
              4,
              6,
              8,
              10,
              12,
              14,
              16,
              18,
              20,
              22,
              24,
              26,
              28,
              30,
              32,
              34,
              36,
              38,
              40,
              42,
              44,
              46,
              48,
              50,
              52,
              54,
              56,
              58,
              60,
              62,
              64,
              66,
              68,
              70,
              72,
              74,
              76,
              78
            ]
          ]
        },
        "verdict": "Violated"
      },
      {
        "id": "array-data-reordered",
        "mutation": "Reverse actual array or swap positions39 and40",
        "witness": "array-data-81",
        "rust_test": "p1305_full_array_values_survive_repr",
        "expected": "Violated",
        "required": true,
        "mode": "PUBLIC_ENVELOPE_TRANSFORMATION_NOT_COMPILED_PRODUCT",
        "applicable": true,
        "expected_observation": {
          "complete": true,
          "exit_code": 0,
          "stdout": "[81,[0,1,2,3,4,5,6,7,8,9,10,11,12,13,14,15,16,17,18,19,20,21,22,23,24,25,26,27,28,29,30,31,32,33,34,35,36,37,38,39,40,41,42,43,44,45,46,47,48,49,50,51,52,53,54,55,56,57,58,59,60,61,62,63,64,65,66,67,68,69,70,71,72,73,74,75,76,77,78,79,80],[0,2,4,6,8,10,12,14,16,18,20,22,24,26,28,30,32,34,36,38,40,42,44,46,48,50,52,54,56,58,60,62,64,66,68,70,72,74,76,78,80,82,84,86,88,90,92,94,96,98,100,102,104,106,108,110,112,114,116,118,120,122,124,126,128,130,132,134,136,138,140,142,144,146,148,150,152,154,156,158,160]]\n",
          "stderr": "",
          "value": [
            81,
            [
              0,
              1,
              2,
              3,
              4,
              5,
              6,
              7,
              8,
              9,
              10,
              11,
              12,
              13,
              14,
              15,
              16,
              17,
              18,
              19,
              20,
              21,
              22,
              23,
              24,
              25,
              26,
              27,
              28,
              29,
              30,
              31,
              32,
              33,
              34,
              35,
              36,
              37,
              38,
              39,
              40,
              41,
              42,
              43,
              44,
              45,
              46,
              47,
              48,
              49,
              50,
              51,
              52,
              53,
              54,
              55,
              56,
              57,
              58,
              59,
              60,
              61,
              62,
              63,
              64,
              65,
              66,
              67,
              68,
              69,
              70,
              71,
              72,
              73,
              74,
              75,
              76,
              77,
              78,
              79,
              80
            ],
            [
              0,
              2,
              4,
              6,
              8,
              10,
              12,
              14,
              16,
              18,
              20,
              22,
              24,
              26,
              28,
              30,
              32,
              34,
              36,
              38,
              40,
              42,
              44,
              46,
              48,
              50,
              52,
              54,
              56,
              58,
              60,
              62,
              64,
              66,
              68,
              70,
              72,
              74,
              76,
              78,
              80,
              82,
              84,
              86,
              88,
              90,
              92,
              94,
              96,
              98,
              100,
              102,
              104,
              106,
              108,
              110,
              112,
              114,
              116,
              118,
              120,
              122,
              124,
              126,
              128,
              130,
              132,
              134,
              136,
              138,
              140,
              142,
              144,
              146,
              148,
              150,
              152,
              154,
              156,
              158,
              160
            ]
          ]
        },
        "mutated_observation": {
          "complete": true,
          "exit_code": 0,
          "stdout": "[81,[0,1,2,3,4,5,6,7,8,9,10,11,12,13,14,15,16,17,18,19,20,21,22,23,24,25,26,27,28,29,30,31,32,33,34,35,36,37,38,40,39,41,42,43,44,45,46,47,48,49,50,51,52,53,54,55,56,57,58,59,60,61,62,63,64,65,66,67,68,69,70,71,72,73,74,75,76,77,78,79,80],[0,2,4,6,8,10,12,14,16,18,20,22,24,26,28,30,32,34,36,38,40,42,44,46,48,50,52,54,56,58,60,62,64,66,68,70,72,74,76,80,78,82,84,86,88,90,92,94,96,98,100,102,104,106,108,110,112,114,116,118,120,122,124,126,128,130,132,134,136,138,140,142,144,146,148,150,152,154,156,158,160]]\n",
          "stderr": "",
          "value": [
            81,
            [
              0,
              1,
              2,
              3,
              4,
              5,
              6,
              7,
              8,
              9,
              10,
              11,
              12,
              13,
              14,
              15,
              16,
              17,
              18,
              19,
              20,
              21,
              22,
              23,
              24,
              25,
              26,
              27,
              28,
              29,
              30,
              31,
              32,
              33,
              34,
              35,
              36,
              37,
              38,
              40,
              39,
              41,
              42,
              43,
              44,
              45,
              46,
              47,
              48,
              49,
              50,
              51,
              52,
              53,
              54,
              55,
              56,
              57,
              58,
              59,
              60,
              61,
              62,
              63,
              64,
              65,
              66,
              67,
              68,
              69,
              70,
              71,
              72,
              73,
              74,
              75,
              76,
              77,
              78,
              79,
              80
            ],
            [
              0,
              2,
              4,
              6,
              8,
              10,
              12,
              14,
              16,
              18,
              20,
              22,
              24,
              26,
              28,
              30,
              32,
              34,
              36,
              38,
              40,
              42,
              44,
              46,
              48,
              50,
              52,
              54,
              56,
              58,
              60,
              62,
              64,
              66,
              68,
              70,
              72,
              74,
              76,
              80,
              78,
              82,
              84,
              86,
              88,
              90,
              92,
              94,
              96,
              98,
              100,
              102,
              104,
              106,
              108,
              110,
              112,
              114,
              116,
              118,
              120,
              122,
              124,
              126,
              128,
              130,
              132,
              134,
              136,
              138,
              140,
              142,
              144,
              146,
              148,
              150,
              152,
              154,
              156,
              158,
              160
            ]
          ]
        },
        "verdict": "Violated"
      },
      {
        "id": "array-hidden-item-replaced",
        "mutation": "Replace actual hidden index40 -777 with0",
        "witness": "array-distinct-after-boundary",
        "rust_test": "p1305_array_distinct_after_boundary",
        "expected": "Violated",
        "required": true,
        "mode": "PUBLIC_ENVELOPE_TRANSFORMATION_NOT_COMPILED_PRODUCT",
        "applicable": true,
        "expected_observation": {
          "complete": true,
          "exit_code": 0,
          "stdout": "[\"(\\n  0,\\n  1,\\n  2,\\n  3,\\n  4,\\n  5,\\n  6,\\n  7,\\n  8,\\n  9,\\n  10,\\n  11,\\n  12,\\n  13,\\n  14,\\n  15,\\n  16,\\n  17,\\n  18,\\n  19,\\n  20,\\n  21,\\n  22,\\n  23,\\n  24,\\n  25,\\n  26,\\n  27,\\n  28,\\n  29,\\n  30,\\n  31,\\n  32,\\n  33,\\n  34,\\n  35,\\n  36,\\n  37,\\n  38,\\n  39,\\n  .. (2 items omitted),\\n)\",42,39,-777,41,[0,1,2,3,4,5,6,7,8,9,10,11,12,13,14,15,16,17,18,19,20,21,22,23,24,25,26,27,28,29,30,31,32,33,34,35,36,37,38,39,-777,41]]\n",
          "stderr": "",
          "value": [
            "(\n  0,\n  1,\n  2,\n  3,\n  4,\n  5,\n  6,\n  7,\n  8,\n  9,\n  10,\n  11,\n  12,\n  13,\n  14,\n  15,\n  16,\n  17,\n  18,\n  19,\n  20,\n  21,\n  22,\n  23,\n  24,\n  25,\n  26,\n  27,\n  28,\n  29,\n  30,\n  31,\n  32,\n  33,\n  34,\n  35,\n  36,\n  37,\n  38,\n  39,\n  .. (2 items omitted),\n)",
            42,
            39,
            -777,
            41,
            [
              0,
              1,
              2,
              3,
              4,
              5,
              6,
              7,
              8,
              9,
              10,
              11,
              12,
              13,
              14,
              15,
              16,
              17,
              18,
              19,
              20,
              21,
              22,
              23,
              24,
              25,
              26,
              27,
              28,
              29,
              30,
              31,
              32,
              33,
              34,
              35,
              36,
              37,
              38,
              39,
              -777,
              41
            ]
          ]
        },
        "mutated_observation": {
          "complete": true,
          "exit_code": 0,
          "stdout": "[\"(\\n  0,\\n  1,\\n  2,\\n  3,\\n  4,\\n  5,\\n  6,\\n  7,\\n  8,\\n  9,\\n  10,\\n  11,\\n  12,\\n  13,\\n  14,\\n  15,\\n  16,\\n  17,\\n  18,\\n  19,\\n  20,\\n  21,\\n  22,\\n  23,\\n  24,\\n  25,\\n  26,\\n  27,\\n  28,\\n  29,\\n  30,\\n  31,\\n  32,\\n  33,\\n  34,\\n  35,\\n  36,\\n  37,\\n  38,\\n  39,\\n  .. (2 items omitted),\\n)\",42,39,0,41,[0,1,2,3,4,5,6,7,8,9,10,11,12,13,14,15,16,17,18,19,20,21,22,23,24,25,26,27,28,29,30,31,32,33,34,35,36,37,38,39,0,41]]\n",
          "stderr": "",
          "value": [
            "(\n  0,\n  1,\n  2,\n  3,\n  4,\n  5,\n  6,\n  7,\n  8,\n  9,\n  10,\n  11,\n  12,\n  13,\n  14,\n  15,\n  16,\n  17,\n  18,\n  19,\n  20,\n  21,\n  22,\n  23,\n  24,\n  25,\n  26,\n  27,\n  28,\n  29,\n  30,\n  31,\n  32,\n  33,\n  34,\n  35,\n  36,\n  37,\n  38,\n  39,\n  .. (2 items omitted),\n)",
            42,
            39,
            0,
            41,
            [
              0,
              1,
              2,
              3,
              4,
              5,
              6,
              7,
              8,
              9,
              10,
              11,
              12,
              13,
              14,
              15,
              16,
              17,
              18,
              19,
              20,
              21,
              22,
              23,
              24,
              25,
              26,
              27,
              28,
              29,
              30,
              31,
              32,
              33,
              34,
              35,
              36,
              37,
              38,
              39,
              0,
              41
            ]
          ]
        },
        "verdict": "Violated"
      },
      {
        "id": "array-known-maps-only",
        "mutation": "Apply new repr only to arrays of known map colors; ordinary numeric/string arrays remain full",
        "witness": "array-repr-41",
        "rust_test": "p1305_array_repr_41",
        "expected": "Violated",
        "required": true,
        "mode": "PUBLIC_ENVELOPE_TRANSFORMATION_NOT_COMPILED_PRODUCT",
        "applicable": true,
        "expected_observation": {
          "complete": true,
          "exit_code": 0,
          "stdout": "\"(\\n  0,\\n  1,\\n  2,\\n  3,\\n  4,\\n  5,\\n  6,\\n  7,\\n  8,\\n  9,\\n  10,\\n  11,\\n  12,\\n  13,\\n  14,\\n  15,\\n  16,\\n  17,\\n  18,\\n  19,\\n  20,\\n  21,\\n  22,\\n  23,\\n  24,\\n  25,\\n  26,\\n  27,\\n  28,\\n  29,\\n  30,\\n  31,\\n  32,\\n  33,\\n  34,\\n  35,\\n  36,\\n  37,\\n  38,\\n  39,\\n  .. (1 items omitted),\\n)\"\n",
          "stderr": "",
          "value": "(\n  0,\n  1,\n  2,\n  3,\n  4,\n  5,\n  6,\n  7,\n  8,\n  9,\n  10,\n  11,\n  12,\n  13,\n  14,\n  15,\n  16,\n  17,\n  18,\n  19,\n  20,\n  21,\n  22,\n  23,\n  24,\n  25,\n  26,\n  27,\n  28,\n  29,\n  30,\n  31,\n  32,\n  33,\n  34,\n  35,\n  36,\n  37,\n  38,\n  39,\n  .. (1 items omitted),\n)"
        },
        "mutated_observation": {
          "complete": true,
          "exit_code": 0,
          "stdout": "\"(\\n  0,\\n  1,\\n  2,\\n  3,\\n  4,\\n  5,\\n  6,\\n  7,\\n  8,\\n  9,\\n  10,\\n  11,\\n  12,\\n  13,\\n  14,\\n  15,\\n  16,\\n  17,\\n  18,\\n  19,\\n  20,\\n  21,\\n  22,\\n  23,\\n  24,\\n  25,\\n  26,\\n  27,\\n  28,\\n  29,\\n  30,\\n  31,\\n  32,\\n  33,\\n  34,\\n  35,\\n  36,\\n  37,\\n  38,\\n  39,\\n  40,\\n)\"\n",
          "stderr": "",
          "value": "(\n  0,\n  1,\n  2,\n  3,\n  4,\n  5,\n  6,\n  7,\n  8,\n  9,\n  10,\n  11,\n  12,\n  13,\n  14,\n  15,\n  16,\n  17,\n  18,\n  19,\n  20,\n  21,\n  22,\n  23,\n  24,\n  25,\n  26,\n  27,\n  28,\n  29,\n  30,\n  31,\n  32,\n  33,\n  34,\n  35,\n  36,\n  37,\n  38,\n  39,\n  40,\n)"
        },
        "verdict": "Violated"
      },
      {
        "id": "array-singleton-comma-lost",
        "mutation": "Drop singleton trailing comma",
        "witness": "array-repr-1",
        "rust_test": "p1305_array_repr_1",
        "expected": "Violated",
        "required": true,
        "mode": "PUBLIC_ENVELOPE_TRANSFORMATION_NOT_COMPILED_PRODUCT",
        "applicable": true,
        "expected_observation": {
          "complete": true,
          "exit_code": 0,
          "stdout": "\"(0,)\"\n",
          "stderr": "",
          "value": "(0,)"
        },
        "mutated_observation": {
          "complete": true,
          "exit_code": 0,
          "stdout": "\"(0)\"\n",
          "stderr": "",
          "value": "(0)"
        },
        "verdict": "Violated"
      },
      {
        "id": "array-indentation-lost",
        "mutation": "Do not reindent an inner array multiline representation",
        "witness": "nested-inner",
        "rust_test": "p1305_nested_inner",
        "expected": "Violated",
        "required": true,
        "mode": "PUBLIC_ENVELOPE_TRANSFORMATION_NOT_COMPILED_PRODUCT",
        "applicable": true,
        "expected_observation": {
          "complete": true,
          "exit_code": 0,
          "stdout": "\"(\\n  (\\n    0,\\n    1,\\n    2,\\n    3,\\n    4,\\n    5,\\n    6,\\n    7,\\n    8,\\n    9,\\n    10,\\n    11,\\n    12,\\n    13,\\n    14,\\n    15,\\n    16,\\n    17,\\n    18,\\n    19,\\n    20,\\n    21,\\n    22,\\n    23,\\n    24,\\n    25,\\n    26,\\n    27,\\n    28,\\n    29,\\n    30,\\n    31,\\n    32,\\n    33,\\n    34,\\n    35,\\n    36,\\n    37,\\n    38,\\n    39,\\n    .. (1 items omitted),\\n  ),\\n  (\\\"tail\\\",),\\n)\"\n",
          "stderr": "",
          "value": "(\n  (\n    0,\n    1,\n    2,\n    3,\n    4,\n    5,\n    6,\n    7,\n    8,\n    9,\n    10,\n    11,\n    12,\n    13,\n    14,\n    15,\n    16,\n    17,\n    18,\n    19,\n    20,\n    21,\n    22,\n    23,\n    24,\n    25,\n    26,\n    27,\n    28,\n    29,\n    30,\n    31,\n    32,\n    33,\n    34,\n    35,\n    36,\n    37,\n    38,\n    39,\n    .. (1 items omitted),\n  ),\n  (\"tail\",),\n)"
        },
        "mutated_observation": {
          "complete": true,
          "exit_code": 0,
          "stdout": "\"(\\n  (\\n  0,\\n  1,\\n  2,\\n  3,\\n  4,\\n  5,\\n  6,\\n  7,\\n  8,\\n  9,\\n  10,\\n  11,\\n  12,\\n  13,\\n  14,\\n  15,\\n  16,\\n  17,\\n  18,\\n  19,\\n  20,\\n  21,\\n  22,\\n  23,\\n  24,\\n  25,\\n  26,\\n  27,\\n  28,\\n  29,\\n  30,\\n  31,\\n  32,\\n  33,\\n  34,\\n  35,\\n  36,\\n  37,\\n  38,\\n  39,\\n  .. (1 items omitted),\\n  ),\\n  (\\\"tail\\\",),\\n)\"\n",
          "stderr": "",
          "value": "(\n  (\n  0,\n  1,\n  2,\n  3,\n  4,\n  5,\n  6,\n  7,\n  8,\n  9,\n  10,\n  11,\n  12,\n  13,\n  14,\n  15,\n  16,\n  17,\n  18,\n  19,\n  20,\n  21,\n  22,\n  23,\n  24,\n  25,\n  26,\n  27,\n  28,\n  29,\n  30,\n  31,\n  32,\n  33,\n  34,\n  35,\n  36,\n  37,\n  38,\n  39,\n  .. (1 items omitted),\n  ),\n  (\"tail\",),\n)"
        },
        "verdict": "Violated"
      },
      {
        "id": "helper-global-elision",
        "mutation": "Install take40+marker in generic pretty_array_like instead of Array branch",
        "witness": "direct-flat-content-sequence-41",
        "rust_test": "p1305_content_sequence_does_not_inherit_array_elision",
        "expected": "Violated",
        "required": true,
        "mode": "PUBLIC_ENVELOPE_TRANSFORMATION_NOT_COMPILED_PRODUCT",
        "applicable": true,
        "expected_observation": {
          "complete": true,
          "exit_code": 0,
          "value": "sequence(\n  [0],\n  [1],\n  [2],\n  [3],\n  [4],\n  [5],\n  [6],\n  [7],\n  [8],\n  [9],\n  [10],\n  [11],\n  [12],\n  [13],\n  [14],\n  [15],\n  [16],\n  [17],\n  [18],\n  [19],\n  [20],\n  [21],\n  [22],\n  [23],\n  [24],\n  [25],\n  [26],\n  [27],\n  [28],\n  [29],\n  [30],\n  [31],\n  [32],\n  [33],\n  [34],\n  [35],\n  [36],\n  [37],\n  [38],\n  [39],\n  [40],\n)",
          "stdout": "\"sequence(\\n  [0],\\n  [1],\\n  [2],\\n  [3],\\n  [4],\\n  [5],\\n  [6],\\n  [7],\\n  [8],\\n  [9],\\n  [10],\\n  [11],\\n  [12],\\n  [13],\\n  [14],\\n  [15],\\n  [16],\\n  [17],\\n  [18],\\n  [19],\\n  [20],\\n  [21],\\n  [22],\\n  [23],\\n  [24],\\n  [25],\\n  [26],\\n  [27],\\n  [28],\\n  [29],\\n  [30],\\n  [31],\\n  [32],\\n  [33],\\n  [34],\\n  [35],\\n  [36],\\n  [37],\\n  [38],\\n  [39],\\n  [40],\\n)\"\n",
          "stderr": ""
        },
        "mutated_observation": {
          "complete": true,
          "exit_code": 0,
          "value": "sequence(\n  [0],\n  [1],\n  [2],\n  [3],\n  [4],\n  [5],\n  [6],\n  [7],\n  [8],\n  [9],\n  [10],\n  [11],\n  [12],\n  [13],\n  [14],\n  [15],\n  [16],\n  [17],\n  [18],\n  [19],\n  [20],\n  [21],\n  [22],\n  [23],\n  [24],\n  [25],\n  [26],\n  [27],\n  [28],\n  [29],\n  [30],\n  [31],\n  [32],\n  [33],\n  [34],\n  [35],\n  [36],\n  [37],\n  [38],\n  [39],\n  .. (1 items omitted),\n)",
          "stdout": "\"sequence(\\n  [0],\\n  [1],\\n  [2],\\n  [3],\\n  [4],\\n  [5],\\n  [6],\\n  [7],\\n  [8],\\n  [9],\\n  [10],\\n  [11],\\n  [12],\\n  [13],\\n  [14],\\n  [15],\\n  [16],\\n  [17],\\n  [18],\\n  [19],\\n  [20],\\n  [21],\\n  [22],\\n  [23],\\n  [24],\\n  [25],\\n  [26],\\n  [27],\\n  [28],\\n  [29],\\n  [30],\\n  [31],\\n  [32],\\n  [33],\\n  [34],\\n  [35],\\n  [36],\\n  [37],\\n  [38],\\n  [39],\\n  .. (1 items omitted),\\n)\"\n",
          "stderr": ""
        },
        "verdict": "Violated"
      },
      {
        "id": "module-old-wrapper",
        "mutation": "Restore module(name) wrapper for all named modules",
        "witness": "named-modules",
        "rust_test": "p1305_named_modules",
        "expected": "Violated",
        "required": true,
        "mode": "PUBLIC_ENVELOPE_TRANSFORMATION_NOT_COMPILED_PRODUCT",
        "applicable": true,
        "expected_observation": {
          "complete": true,
          "exit_code": 0,
          "stdout": "[\"<module global>\",\"<module map>\",\"<module calc>\",\"<module sym>\",\"<module pdf>\"]\n",
          "stderr": "",
          "value": [
            "<module global>",
            "<module map>",
            "<module calc>",
            "<module sym>",
            "<module pdf>"
          ]
        },
        "mutated_observation": {
          "complete": true,
          "exit_code": 0,
          "stdout": "[\"module(global)\",\"module(map)\",\"module(calc)\",\"module(sym)\",\"module(pdf)\"]\n",
          "stderr": "",
          "value": [
            "module(global)",
            "module(map)",
            "module(calc)",
            "module(sym)",
            "module(pdf)"
          ]
        },
        "verdict": "Violated"
      },
      {
        "id": "global-expression-old-name",
        "mutation": "Only expression constructor retains std object name",
        "witness": "named-modules",
        "rust_test": "p1305_named_modules",
        "expected": "Violated",
        "required": true,
        "mode": "PUBLIC_ENVELOPE_TRANSFORMATION_NOT_COMPILED_PRODUCT",
        "applicable": true,
        "expected_observation": {
          "complete": true,
          "exit_code": 0,
          "stdout": "[\"<module global>\",\"<module map>\",\"<module calc>\",\"<module sym>\",\"<module pdf>\"]\n",
          "stderr": "",
          "value": [
            "<module global>",
            "<module map>",
            "<module calc>",
            "<module sym>",
            "<module pdf>"
          ]
        },
        "mutated_observation": {
          "complete": true,
          "exit_code": 0,
          "stdout": "[\"<module std>\",\"<module map>\",\"<module calc>\",\"<module sym>\",\"<module pdf>\"]\n",
          "stderr": "",
          "value": [
            "<module std>",
            "<module map>",
            "<module calc>",
            "<module sym>",
            "<module pdf>"
          ]
        },
        "verdict": "Violated"
      },
      {
        "id": "global-document-old-name",
        "mutation": "Only document constructor retains std object name",
        "witness": "document-route",
        "rust_test": "p1305_document_global_constructor_all_profiles",
        "expected": "Violated",
        "required": true,
        "mode": "PUBLIC_ENVELOPE_TRANSFORMATION_NOT_COMPILED_PRODUCT",
        "applicable": true,
        "expected_observation": {
          "complete": true,
          "exit_code": 0,
          "stdout": "[\"<module global>\",\"<module global>\",[\"<module global>\",7]]\n",
          "stderr": "warning: the `typst query` subcommand is deprecated\n = hint: use `typst eval 'query(...)' --in ...` instead\n\n",
          "value": [
            "<module global>",
            "<module global>",
            [
              "<module global>",
              7
            ]
          ]
        },
        "mutated_observation": {
          "complete": true,
          "exit_code": 0,
          "stdout": "[\"<module std>\",\"<module std>\",[\"<module std>\",7]]\n",
          "stderr": "warning: the `typst query` subcommand is deprecated\n = hint: use `typst eval 'query(...)' --in ...` instead\n\n",
          "value": [
            "<module std>",
            "<module std>",
            [
              "<module std>",
              7
            ]
          ]
        },
        "verdict": "Violated"
      },
      {
        "id": "global-imported-old-name",
        "mutation": "Only imported-file constructor retains std object name",
        "witness": "imported-route",
        "rust_test": "p1305_imported_route",
        "expected": "Violated",
        "required": true,
        "mode": "PUBLIC_ENVELOPE_TRANSFORMATION_NOT_COMPILED_PRODUCT",
        "applicable": true,
        "expected_observation": {
          "complete": true,
          "exit_code": 0,
          "stdout": "[\"<module global>\",\"<module global>\",[\"<module global>\",7]]\n",
          "stderr": "",
          "value": [
            "<module global>",
            "<module global>",
            [
              "<module global>",
              7
            ]
          ]
        },
        "mutated_observation": {
          "complete": true,
          "exit_code": 0,
          "stdout": "[\"<module std>\",\"<module std>\",[\"<module std>\",7]]\n",
          "stderr": "",
          "value": [
            "<module std>",
            "<module std>",
            [
              "<module std>",
              7
            ]
          ]
        },
        "verdict": "Violated"
      },
      {
        "id": "module-all-global",
        "mutation": "Format every Module as <module global>",
        "witness": "ordinary-collisions",
        "rust_test": "p1305_ordinary_collisions",
        "expected": "Violated",
        "required": true,
        "mode": "PUBLIC_ENVELOPE_TRANSFORMATION_NOT_COMPILED_PRODUCT",
        "applicable": true,
        "expected_observation": {
          "complete": true,
          "exit_code": 0,
          "stdout": "[\"<module std>\",\"<module global>\",\"<module map>\",\"<module unlisted-name>\",\"<module std>\",7,8,9,10]\n",
          "stderr": "",
          "value": [
            "<module std>",
            "<module global>",
            "<module map>",
            "<module unlisted-name>",
            "<module std>",
            7,
            8,
            9,
            10
          ]
        },
        "mutated_observation": {
          "complete": true,
          "exit_code": 0,
          "stdout": "[\"<module global>\",\"<module global>\",\"<module global>\",\"<module global>\",\"<module global>\",7,8,9,10]\n",
          "stderr": "",
          "value": [
            "<module global>",
            "<module global>",
            "<module global>",
            "<module global>",
            "<module global>",
            7,
            8,
            9,
            10
          ]
        },
        "verdict": "Violated"
      },
      {
        "id": "module-std-nominal-map",
        "mutation": "Rewrite stored name std to global in formatter, including ordinary std.typ",
        "witness": "ordinary-collisions",
        "rust_test": "p1305_ordinary_collisions",
        "expected": "Violated",
        "required": true,
        "mode": "PUBLIC_ENVELOPE_TRANSFORMATION_NOT_COMPILED_PRODUCT",
        "applicable": true,
        "expected_observation": {
          "complete": true,
          "exit_code": 0,
          "stdout": "[\"<module std>\",\"<module global>\",\"<module map>\",\"<module unlisted-name>\",\"<module std>\",7,8,9,10]\n",
          "stderr": "",
          "value": [
            "<module std>",
            "<module global>",
            "<module map>",
            "<module unlisted-name>",
            "<module std>",
            7,
            8,
            9,
            10
          ]
        },
        "mutated_observation": {
          "complete": true,
          "exit_code": 0,
          "stdout": "[\"<module global>\",\"<module global>\",\"<module map>\",\"<module unlisted-name>\",\"<module global>\",7,8,9,10]\n",
          "stderr": "",
          "value": [
            "<module global>",
            "<module global>",
            "<module map>",
            "<module unlisted-name>",
            "<module global>",
            7,
            8,
            9,
            10
          ]
        },
        "verdict": "Violated"
      },
      {
        "id": "import-bare-public-name",
        "mutation": "Bind bare identifier Module by module.name, exposing global",
        "witness": "global-bare-unbound",
        "rust_test": "p1305_import_binding_negatives_and_dynamic_spans",
        "expected": "Violated",
        "required": true,
        "mode": "PUBLIC_ENVELOPE_TRANSFORMATION_NOT_COMPILED_PRODUCT",
        "applicable": true,
        "expected_observation": {
          "complete": true,
          "exit_code": 1,
          "stdout": "",
          "stderr": "error: unknown variable `global`\n  ┌─ <input-expression>:1:14\n  │\n1 │ { import std; global }\n  │               ^^^^^^\n\n"
        },
        "mutated_observation": {
          "complete": true,
          "exit_code": 0,
          "stdout": "\"<module global>\"\n",
          "stderr": "",
          "value": "<module global>"
        },
        "verdict": "Violated"
      },
      {
        "id": "import-field-public-name",
        "mutation": "Bind holder.saved by object name instead of lexical saved",
        "witness": "global-field-bare",
        "rust_test": "p1305_global_field_bare",
        "expected": "Violated",
        "required": true,
        "mode": "PUBLIC_ENVELOPE_TRANSFORMATION_NOT_COMPILED_PRODUCT",
        "applicable": true,
        "expected_observation": {
          "complete": true,
          "exit_code": 0,
          "stdout": "[\"<module global>\",13]\n",
          "stderr": "",
          "value": [
            "<module global>",
            13
          ]
        },
        "mutated_observation": {
          "complete": true,
          "exit_code": 1,
          "stdout": "",
          "stderr": "error: unknown variable `saved`\n  ┌─ <input-expression>:1:69\n  │\n1 │ { import \"ordinary/holder.typ\" as holder; import holder.saved; (repr(saved), saved.calc.abs(-13)) }\n  │                                                                      ^^^^^\n\n"
        },
        "verdict": "Violated"
      },
      {
        "id": "import-dynamic-accepted",
        "mutation": "Omit Dynamic guard for unnamed parentheses/block/call",
        "witness": "global-dynamic-block",
        "rust_test": "p1305_import_binding_negatives_and_dynamic_spans",
        "expected": "Violated",
        "required": true,
        "mode": "PUBLIC_ENVELOPE_TRANSFORMATION_NOT_COMPILED_PRODUCT",
        "applicable": true,
        "expected_observation": {
          "complete": true,
          "exit_code": 1,
          "stdout": "",
          "stderr": "error: dynamic import requires an explicit name\n  ┌─ <input-expression>:1:9\n  │\n1 │ { import { std }; none }\n  │          ^^^^^^^\n  │\n  = hint: you can name the import with `as`\n\n"
        },
        "mutated_observation": {
          "complete": true,
          "exit_code": 0,
          "stdout": "null\n",
          "stderr": "",
          "value": null
        },
        "verdict": "Violated"
      },
      {
        "id": "import-dynamic-hint-or-span",
        "mutation": "Keep error text but lose hint or point outside full source expression",
        "witness": "global-dynamic-unnamed",
        "rust_test": "p1305_import_binding_negatives_and_dynamic_spans",
        "expected": "Violated",
        "required": true,
        "mode": "PUBLIC_ENVELOPE_TRANSFORMATION_NOT_COMPILED_PRODUCT",
        "applicable": true,
        "expected_observation": {
          "complete": true,
          "exit_code": 1,
          "stdout": "",
          "stderr": "error: dynamic import requires an explicit name\n  ┌─ <input-expression>:1:9\n  │\n1 │ { import (std); global }\n  │          ^^^^^\n  │\n  = hint: you can name the import with `as`\n\n"
        },
        "mutated_observation": {
          "complete": true,
          "exit_code": 1,
          "stdout": "",
          "stderr": "error: dynamic import requires an explicit name\n  ┌─ <input-expression>:1:9\n  │\n1 │ { import (std); global }\n  │          ^^^^^\n  │\n\n"
        },
        "verdict": "Violated"
      },
      {
        "id": "import-dynamic-reject-as",
        "mutation": "Apply Dynamic guard even with explicit as",
        "witness": "global-dynamic-named",
        "rust_test": "p1305_global_dynamic_named",
        "expected": "Violated",
        "required": true,
        "mode": "PUBLIC_ENVELOPE_TRANSFORMATION_NOT_COMPILED_PRODUCT",
        "applicable": true,
        "expected_observation": {
          "complete": true,
          "exit_code": 0,
          "stdout": "[\"<module global>\",14]\n",
          "stderr": "",
          "value": [
            "<module global>",
            14
          ]
        },
        "mutated_observation": {
          "complete": true,
          "exit_code": 1,
          "stdout": "",
          "stderr": "error: dynamic import requires an explicit name\n  ┌─ <input-expression>:1:9\n  │\n1 │ { import (std) as chosen; (repr(chosen), chosen.calc.abs(-14)) }\n  │          ^^^^^\n  │\n  = hint: you can name the import with `as`\n\n"
        },
        "verdict": "Violated"
      },
      {
        "id": "import-dynamic-reject-items",
        "mutation": "Apply Dynamic guard even with explicit items",
        "witness": "global-dynamic-items",
        "rust_test": "p1305_global_dynamic_items",
        "expected": "Violated",
        "required": true,
        "mode": "PUBLIC_ENVELOPE_TRANSFORMATION_NOT_COMPILED_PRODUCT",
        "applicable": true,
        "expected_observation": {
          "complete": true,
          "exit_code": 0,
          "stdout": "15\n",
          "stderr": "",
          "value": 15
        },
        "mutated_observation": {
          "complete": true,
          "exit_code": 1,
          "stdout": "",
          "stderr": "error: dynamic import requires an explicit name\n  ┌─ <input-expression>:1:9\n  │\n1 │ { import (std): calc as c; c.abs(-15) }\n  │          ^^^^^\n  │\n  = hint: you can name the import with `as`\n\n"
        },
        "verdict": "Violated"
      },
      {
        "id": "import-dynamic-reject-wildcard",
        "mutation": "Apply Dynamic guard even with wildcard list",
        "witness": "global-dynamic-wildcard",
        "rust_test": "p1305_global_dynamic_wildcard",
        "expected": "Violated",
        "required": true,
        "mode": "PUBLIC_ENVELOPE_TRANSFORMATION_NOT_COMPILED_PRODUCT",
        "applicable": true,
        "expected_observation": {
          "complete": true,
          "exit_code": 0,
          "stdout": "16\n",
          "stderr": "",
          "value": 16
        },
        "mutated_observation": {
          "complete": true,
          "exit_code": 1,
          "stdout": "",
          "stderr": "error: dynamic import requires an explicit name\n  ┌─ <input-expression>:1:9\n  │\n1 │ { import (std): *; calc.abs(-16) }\n  │          ^^^^^\n  │\n  = hint: you can name the import with `as`\n\n"
        },
        "verdict": "Violated"
      },
      {
        "id": "module-reexport-lookup-removed",
        "mutation": "Erase calc from ordinary std:* reexport to hide collision",
        "witness": "reexport-collision",
        "rust_test": "p1305_reexport_collision",
        "expected": "Violated",
        "required": true,
        "mode": "PUBLIC_ENVELOPE_TRANSFORMATION_NOT_COMPILED_PRODUCT",
        "applicable": true,
        "expected_observation": {
          "complete": true,
          "exit_code": 0,
          "stdout": "[\"<module std>\",\"<module std>\",12,\"<module calc>\"]\n",
          "stderr": "",
          "value": [
            "<module std>",
            "<module std>",
            12,
            "<module calc>"
          ]
        },
        "mutated_observation": {
          "complete": true,
          "exit_code": 1,
          "stdout": "",
          "stderr": "error: module `global` does not contain `calc`\n\n"
        },
        "verdict": "Violated"
      },
      {
        "id": "lookup-removed",
        "mutation": "Remove existing std.rgb or calc.abs to suppress representative observable",
        "witness": "sentinel-lookups",
        "rust_test": "p1301_lookups_de_modulo_existentes_preservam_valor_e_kind",
        "expected": "Violated",
        "required": true,
        "mode": "PUBLIC_ENVELOPE_TRANSFORMATION_NOT_COMPILED_PRODUCT",
        "applicable": true,
        "expected_observation": {
          "complete": true,
          "exit_code": 0,
          "stdout": "[\"function\",7,\"symbol(\\n  (\\\"r\\\", \\\"→\\\"),\\n  (\\\"r.long.bar\\\", \\\"⟼\\\"),\\n  (\\\"r.bar\\\", \\\"↦\\\"),\\n  (\\\"r.curve\\\", \\\"⤷\\\"),\\n  (\\\"r.turn\\\", \\\"⮎\\\"),\\n  (\\\"r.dashed\\\", \\\"⇢\\\"),\\n  (\\\"r.dotted\\\", \\\"⤑\\\"),\\n  (\\\"r.double\\\", \\\"⇒\\\"),\\n  (\\\"r.double.bar\\\", \\\"⤇\\\"),\\n  (\\\"r.double.long\\\", \\\"⟹\\\"),\\n  (\\\"r.double.long.bar\\\", \\\"⟾\\\"),\\n  (\\\"r.double.not\\\", \\\"⇏\\\"),\\n  (\\\"r.double.struck\\\", \\\"⤃\\\"),\\n  (\\\"r.filled\\\", \\\"➡\\\\u{fe0e}\\\"),\\n  (\\\"r.hook\\\", \\\"↪\\\\u{fe0e}\\\"),\\n  (\\\"r.long\\\", \\\"⟶\\\"),\\n  (\\\"r.long.squiggly\\\", \\\"⟿\\\"),\\n  (\\\"r.loop\\\", \\\"↬\\\"),\\n  (\\\"r.not\\\", \\\"↛\\\"),\\n  (\\\"r.quad\\\", \\\"⭆\\\"),\\n  (\\\"r.squiggly\\\", \\\"⇝\\\"),\\n  (\\\"r.stop\\\", \\\"⇥\\\"),\\n  (\\\"r.stroked\\\", \\\"⇨\\\"),\\n  (\\\"r.struck\\\", \\\"⇸\\\"),\\n  (\\\"r.dstruck\\\", \\\"⇻\\\"),\\n  (\\\"r.tail\\\", \\\"↣\\\"),\\n  (\\\"r.tail.struck\\\", \\\"⤔\\\"),\\n  (\\\"r.tail.dstruck\\\", \\\"⤕\\\"),\\n  (\\\"r.tilde\\\", \\\"⥲\\\"),\\n  (\\\"r.triple\\\", \\\"⇛\\\"),\\n  (\\\"r.twohead\\\", \\\"↠\\\"),\\n  (\\\"r.twohead.bar\\\", \\\"⤅\\\"),\\n  (\\\"r.twohead.struck\\\", \\\"⤀\\\"),\\n  (\\\"r.twohead.dstruck\\\", \\\"⤁\\\"),\\n  (\\\"r.twohead.tail\\\", \\\"⤖\\\"),\\n  (\\\"r.twohead.tail.struck\\\", \\\"⤗\\\"),\\n  (\\\"r.twohead.tail.dstruck\\\", \\\"⤘\\\"),\\n  (\\\"r.open\\\", \\\"⇾\\\"),\\n  (\\\"r.wave\\\", \\\"↝\\\"),\\n  (\\\"l\\\", \\\"←\\\"),\\n  (\\\"l.bar\\\", \\\"↤\\\"),\\n  (\\\"l.curve\\\", \\\"⤶\\\"),\\n  (\\\"l.turn\\\", \\\"⮌\\\"),\\n  (\\\"l.dashed\\\", \\\"⇠\\\"),\\n  (\\\"l.dotted\\\", \\\"⬸\\\"),\\n  (\\\"l.double\\\", \\\"⇐\\\"),\\n  (\\\"l.double.bar\\\", \\\"⤆\\\"),\\n  (\\\"l.double.long\\\", \\\"⟸\\\"),\\n  (\\\"l.double.long.bar\\\", \\\"⟽\\\"),\\n  (\\\"l.double.not\\\", \\\"⇍\\\"),\\n  (\\\"l.double.struck\\\", \\\"⤂\\\"),\\n  (\\\"l.filled\\\", \\\"⬅\\\\u{fe0e}\\\"),\\n  (\\\"l.hook\\\", \\\"↩\\\\u{fe0e}\\\"),\\n  (\\\"l.long\\\", \\\"⟵\\\"),\\n  (\\\"l.long.bar\\\", \\\"⟻\\\"),\\n  (\\\"l.long.squiggly\\\", \\\"⬳\\\"),\\n  (\\\"l.loop\\\", \\\"↫\\\"),\\n  (\\\"l.not\\\", \\\"↚\\\"),\\n  (\\\"l.quad\\\", \\\"⭅\\\"),\\n  (\\\"l.squiggly\\\", \\\"⇜\\\"),\\n  (\\\"l.stop\\\", \\\"⇤\\\"),\\n  (\\\"l.stroked\\\", \\\"⇦\\\"),\\n  (\\\"l.struck\\\", \\\"⇷\\\"),\\n  (\\\"l.dstruck\\\", \\\"⇺\\\"),\\n  (\\\"l.tail\\\", \\\"↢\\\"),\\n  (\\\"l.tail.struck\\\", \\\"⬹\\\"),\\n  (\\\"l.tail.dstruck\\\", \\\"⬺\\\"),\\n  (\\\"l.tilde\\\", \\\"⭉\\\"),\\n  (\\\"l.triple\\\", \\\"⇚\\\"),\\n  (\\\"l.twohead\\\", \\\"↞\\\"),\\n  (\\\"l.twohead.bar\\\", \\\"⬶\\\"),\\n  (\\\"l.twohead.struck\\\", \\\"⬴\\\"),\\n  (\\\"l.twohead.dstruck\\\", \\\"⬵\\\"),\\n  (\\\"l.twohead.tail\\\", \\\"⬻\\\"),\\n  (\\\"l.twohead.tail.struck\\\", \\\"⬼\\\"),\\n  (\\\"l.twohead.tail.dstruck\\\", \\\"⬽\\\"),\\n  (\\\"l.open\\\", \\\"⇽\\\"),\\n  (\\\"l.wave\\\", \\\"↜\\\"),\\n  (\\\"t\\\", \\\"↑\\\"),\\n  (\\\"t.bar\\\", \\\"↥\\\"),\\n  (\\\"t.curve\\\", \\\"⤴\\\\u{fe0e}\\\"),\\n  (\\\"t.turn\\\", \\\"⮍\\\"),\\n  (\\\"t.dashed\\\", \\\"⇡\\\"),\\n  (\\\"t.double\\\", \\\"⇑\\\"),\\n  (\\\"t.filled\\\", \\\"⬆\\\\u{fe0e}\\\"),\\n  (\\\"t.quad\\\", \\\"⟰\\\"),\\n  (\\\"t.stop\\\", \\\"⤒\\\"),\\n  (\\\"t.stroked\\\", \\\"⇧\\\"),\\n  (\\\"t.struck\\\", \\\"⤉\\\"),\\n  (\\\"t.dstruck\\\", \\\"⇞\\\"),\\n  (\\\"t.triple\\\", \\\"⤊\\\"),\\n  (\\\"t.twohead\\\", \\\"↟\\\"),\\n  (\\\"b\\\", \\\"↓\\\"),\\n  (\\\"b.bar\\\", \\\"↧\\\"),\\n  (\\\"b.curve\\\", \\\"⤵\\\\u{fe0e}\\\"),\\n  (\\\"b.turn\\\", \\\"⮏\\\"),\\n  (\\\"b.dashed\\\", \\\"⇣\\\"),\\n  (\\\"b.double\\\", \\\"⇓\\\"),\\n  (\\\"b.filled\\\", \\\"⬇\\\\u{fe0e}\\\"),\\n  (\\\"b.quad\\\", \\\"⟱\\\"),\\n  (\\\"b.stop\\\", \\\"⤓\\\"),\\n  (\\\"b.stroked\\\", \\\"⇩\\\"),\\n  (\\\"b.struck\\\", \\\"⤈\\\"),\\n  (\\\"b.dstruck\\\", \\\"⇟\\\"),\\n  (\\\"b.triple\\\", \\\"⤋\\\"),\\n  (\\\"b.twohead\\\", \\\"↡\\\"),\\n  (\\\"l.r\\\", \\\"↔\\\\u{fe0e}\\\"),\\n  (\\\"l.r.double\\\", \\\"⇔\\\"),\\n  (\\\"l.r.double.long\\\", \\\"⟺\\\"),\\n  (\\\"l.r.double.not\\\", \\\"⇎\\\"),\\n  (\\\"l.r.double.struck\\\", \\\"⤄\\\"),\\n  (\\\"l.r.filled\\\", \\\"⬌\\\"),\\n  (\\\"l.r.long\\\", \\\"⟷\\\"),\\n  (\\\"l.r.not\\\", \\\"↮\\\"),\\n  (\\\"l.r.stroked\\\", \\\"⬄\\\"),\\n  (\\\"l.r.struck\\\", \\\"⇹\\\"),\\n  (\\\"l.r.dstruck\\\", \\\"⇼\\\"),\\n  (\\\"l.r.open\\\", \\\"⇿\\\"),\\n  (\\\"l.r.wave\\\", \\\"↭\\\"),\\n  (\\\"t.b\\\", \\\"↕\\\\u{fe0e}\\\"),\\n  (\\\"t.b.double\\\", \\\"⇕\\\"),\\n  (\\\"t.b.filled\\\", \\\"⬍\\\"),\\n  (\\\"t.b.stroked\\\", \\\"⇳\\\"),\\n  (\\\"tr\\\", \\\"↗\\\\u{fe0e}\\\"),\\n  (\\\"tr.bar\\\", \\\"🢹\\\"),\\n  (\\\"tr.double\\\", \\\"⇗\\\"),\\n  (\\\"tr.filled\\\", \\\"⬈\\\"),\\n  (\\\"tr.hook\\\", \\\"⤤\\\"),\\n  (\\\"tr.stroked\\\", \\\"⬀\\\"),\\n  (\\\"br\\\", \\\"↘\\\\u{fe0e}\\\"),\\n  (\\\"br.bar\\\", \\\"🢺\\\"),\\n  (\\\"br.double\\\", \\\"⇘\\\"),\\n  (\\\"br.filled\\\", \\\"⬊\\\"),\\n  (\\\"br.hook\\\", \\\"⤥\\\"),\\n  (\\\"br.stroked\\\", \\\"⬂\\\"),\\n  (\\\"tl\\\", \\\"↖\\\\u{fe0e}\\\"),\\n  (\\\"tl.bar\\\", \\\"🢸\\\"),\\n  (\\\"tl.double\\\", \\\"⇖\\\"),\\n  (\\\"tl.filled\\\", \\\"⬉\\\"),\\n  (\\\"tl.hook\\\", \\\"⤣\\\"),\\n  (\\\"tl.stroked\\\", \\\"⬁\\\"),\\n  (\\\"bl\\\", \\\"↙\\\\u{fe0e}\\\"),\\n  (\\\"bl.bar\\\", \\\"🢻\\\"),\\n  (\\\"bl.double\\\", \\\"⇙\\\"),\\n  (\\\"bl.filled\\\", \\\"⬋\\\"),\\n  (\\\"bl.hook\\\", \\\"⤦\\\"),\\n  (\\\"bl.stroked\\\", \\\"⬃\\\"),\\n  (\\\"tl.br\\\", \\\"⤡\\\"),\\n  (\\\"tr.bl\\\", \\\"⤢\\\"),\\n  (\\\"ccw\\\", \\\"↺\\\"),\\n  (\\\"ccw.half\\\", \\\"↶\\\"),\\n  (\\\"cw\\\", \\\"↻\\\"),\\n  (\\\"cw.half\\\", \\\"↷\\\"),\\n  (\\\"zigzag\\\", \\\"↯\\\"),\\n)\",\"array\",\"function\",\"function\"]\n",
          "stderr": "",
          "value": [
            "function",
            7,
            "symbol(\n  (\"r\", \"→\"),\n  (\"r.long.bar\", \"⟼\"),\n  (\"r.bar\", \"↦\"),\n  (\"r.curve\", \"⤷\"),\n  (\"r.turn\", \"⮎\"),\n  (\"r.dashed\", \"⇢\"),\n  (\"r.dotted\", \"⤑\"),\n  (\"r.double\", \"⇒\"),\n  (\"r.double.bar\", \"⤇\"),\n  (\"r.double.long\", \"⟹\"),\n  (\"r.double.long.bar\", \"⟾\"),\n  (\"r.double.not\", \"⇏\"),\n  (\"r.double.struck\", \"⤃\"),\n  (\"r.filled\", \"➡\\u{fe0e}\"),\n  (\"r.hook\", \"↪\\u{fe0e}\"),\n  (\"r.long\", \"⟶\"),\n  (\"r.long.squiggly\", \"⟿\"),\n  (\"r.loop\", \"↬\"),\n  (\"r.not\", \"↛\"),\n  (\"r.quad\", \"⭆\"),\n  (\"r.squiggly\", \"⇝\"),\n  (\"r.stop\", \"⇥\"),\n  (\"r.stroked\", \"⇨\"),\n  (\"r.struck\", \"⇸\"),\n  (\"r.dstruck\", \"⇻\"),\n  (\"r.tail\", \"↣\"),\n  (\"r.tail.struck\", \"⤔\"),\n  (\"r.tail.dstruck\", \"⤕\"),\n  (\"r.tilde\", \"⥲\"),\n  (\"r.triple\", \"⇛\"),\n  (\"r.twohead\", \"↠\"),\n  (\"r.twohead.bar\", \"⤅\"),\n  (\"r.twohead.struck\", \"⤀\"),\n  (\"r.twohead.dstruck\", \"⤁\"),\n  (\"r.twohead.tail\", \"⤖\"),\n  (\"r.twohead.tail.struck\", \"⤗\"),\n  (\"r.twohead.tail.dstruck\", \"⤘\"),\n  (\"r.open\", \"⇾\"),\n  (\"r.wave\", \"↝\"),\n  (\"l\", \"←\"),\n  (\"l.bar\", \"↤\"),\n  (\"l.curve\", \"⤶\"),\n  (\"l.turn\", \"⮌\"),\n  (\"l.dashed\", \"⇠\"),\n  (\"l.dotted\", \"⬸\"),\n  (\"l.double\", \"⇐\"),\n  (\"l.double.bar\", \"⤆\"),\n  (\"l.double.long\", \"⟸\"),\n  (\"l.double.long.bar\", \"⟽\"),\n  (\"l.double.not\", \"⇍\"),\n  (\"l.double.struck\", \"⤂\"),\n  (\"l.filled\", \"⬅\\u{fe0e}\"),\n  (\"l.hook\", \"↩\\u{fe0e}\"),\n  (\"l.long\", \"⟵\"),\n  (\"l.long.bar\", \"⟻\"),\n  (\"l.long.squiggly\", \"⬳\"),\n  (\"l.loop\", \"↫\"),\n  (\"l.not\", \"↚\"),\n  (\"l.quad\", \"⭅\"),\n  (\"l.squiggly\", \"⇜\"),\n  (\"l.stop\", \"⇤\"),\n  (\"l.stroked\", \"⇦\"),\n  (\"l.struck\", \"⇷\"),\n  (\"l.dstruck\", \"⇺\"),\n  (\"l.tail\", \"↢\"),\n  (\"l.tail.struck\", \"⬹\"),\n  (\"l.tail.dstruck\", \"⬺\"),\n  (\"l.tilde\", \"⭉\"),\n  (\"l.triple\", \"⇚\"),\n  (\"l.twohead\", \"↞\"),\n  (\"l.twohead.bar\", \"⬶\"),\n  (\"l.twohead.struck\", \"⬴\"),\n  (\"l.twohead.dstruck\", \"⬵\"),\n  (\"l.twohead.tail\", \"⬻\"),\n  (\"l.twohead.tail.struck\", \"⬼\"),\n  (\"l.twohead.tail.dstruck\", \"⬽\"),\n  (\"l.open\", \"⇽\"),\n  (\"l.wave\", \"↜\"),\n  (\"t\", \"↑\"),\n  (\"t.bar\", \"↥\"),\n  (\"t.curve\", \"⤴\\u{fe0e}\"),\n  (\"t.turn\", \"⮍\"),\n  (\"t.dashed\", \"⇡\"),\n  (\"t.double\", \"⇑\"),\n  (\"t.filled\", \"⬆\\u{fe0e}\"),\n  (\"t.quad\", \"⟰\"),\n  (\"t.stop\", \"⤒\"),\n  (\"t.stroked\", \"⇧\"),\n  (\"t.struck\", \"⤉\"),\n  (\"t.dstruck\", \"⇞\"),\n  (\"t.triple\", \"⤊\"),\n  (\"t.twohead\", \"↟\"),\n  (\"b\", \"↓\"),\n  (\"b.bar\", \"↧\"),\n  (\"b.curve\", \"⤵\\u{fe0e}\"),\n  (\"b.turn\", \"⮏\"),\n  (\"b.dashed\", \"⇣\"),\n  (\"b.double\", \"⇓\"),\n  (\"b.filled\", \"⬇\\u{fe0e}\"),\n  (\"b.quad\", \"⟱\"),\n  (\"b.stop\", \"⤓\"),\n  (\"b.stroked\", \"⇩\"),\n  (\"b.struck\", \"⤈\"),\n  (\"b.dstruck\", \"⇟\"),\n  (\"b.triple\", \"⤋\"),\n  (\"b.twohead\", \"↡\"),\n  (\"l.r\", \"↔\\u{fe0e}\"),\n  (\"l.r.double\", \"⇔\"),\n  (\"l.r.double.long\", \"⟺\"),\n  (\"l.r.double.not\", \"⇎\"),\n  (\"l.r.double.struck\", \"⤄\"),\n  (\"l.r.filled\", \"⬌\"),\n  (\"l.r.long\", \"⟷\"),\n  (\"l.r.not\", \"↮\"),\n  (\"l.r.stroked\", \"⬄\"),\n  (\"l.r.struck\", \"⇹\"),\n  (\"l.r.dstruck\", \"⇼\"),\n  (\"l.r.open\", \"⇿\"),\n  (\"l.r.wave\", \"↭\"),\n  (\"t.b\", \"↕\\u{fe0e}\"),\n  (\"t.b.double\", \"⇕\"),\n  (\"t.b.filled\", \"⬍\"),\n  (\"t.b.stroked\", \"⇳\"),\n  (\"tr\", \"↗\\u{fe0e}\"),\n  (\"tr.bar\", \"🢹\"),\n  (\"tr.double\", \"⇗\"),\n  (\"tr.filled\", \"⬈\"),\n  (\"tr.hook\", \"⤤\"),\n  (\"tr.stroked\", \"⬀\"),\n  (\"br\", \"↘\\u{fe0e}\"),\n  (\"br.bar\", \"🢺\"),\n  (\"br.double\", \"⇘\"),\n  (\"br.filled\", \"⬊\"),\n  (\"br.hook\", \"⤥\"),\n  (\"br.stroked\", \"⬂\"),\n  (\"tl\", \"↖\\u{fe0e}\"),\n  (\"tl.bar\", \"🢸\"),\n  (\"tl.double\", \"⇖\"),\n  (\"tl.filled\", \"⬉\"),\n  (\"tl.hook\", \"⤣\"),\n  (\"tl.stroked\", \"⬁\"),\n  (\"bl\", \"↙\\u{fe0e}\"),\n  (\"bl.bar\", \"🢻\"),\n  (\"bl.double\", \"⇙\"),\n  (\"bl.filled\", \"⬋\"),\n  (\"bl.hook\", \"⤦\"),\n  (\"bl.stroked\", \"⬃\"),\n  (\"tl.br\", \"⤡\"),\n  (\"tr.bl\", \"⤢\"),\n  (\"ccw\", \"↺\"),\n  (\"ccw.half\", \"↶\"),\n  (\"cw\", \"↻\"),\n  (\"cw.half\", \"↷\"),\n  (\"zigzag\", \"↯\"),\n)",
            "array",
            "function",
            "function"
          ]
        },
        "mutated_observation": {
          "complete": true,
          "exit_code": 1,
          "stdout": "",
          "stderr": "error: module `global` does not contain `calc`\n\n"
        },
        "verdict": "Violated"
      },
      {
        "id": "feature-gate-bypassed",
        "mutation": "Expose pdf.data-cell in default profile or hide it with a11y-extras",
        "witness": "sentinel-pdf.data-cell",
        "rust_test": "p1303_negativos_pdf_exatos_nos_perfis_sem_a11y",
        "expected": "Violated",
        "required": true,
        "mode": "PUBLIC_ENVELOPE_TRANSFORMATION_NOT_COMPILED_PRODUCT",
        "applicable": true,
        "expected_observation": {
          "complete": true,
          "exit_code": 1,
          "stdout": "",
          "stderr": "error: cannot access field `data-cell` because the `a11y-extras` feature is not enabled\n  ┌─ <input-expression>:1:14\n  │\n1 │ repr(type(pdf.data-cell))\n  │               ^^^^^^^^^\n  │\n  = hint: try enabling the `a11y-extras` feature\n  = hint: see https://typst.app/help/compiler-features for more details\n\n"
        },
        "mutated_observation": {
          "complete": true,
          "exit_code": 0,
          "stdout": "\"function\"\n",
          "stderr": "",
          "value": "function"
        },
        "verdict": "Violated"
      }
    ],
    "valid_negatives": 27,
    "rejected_negatives": 27,
    "contract_mutation_score": 1.0,
    "compiled_product_mutation_score": null,
    "opaque_controls": [],
    "synthetic_opaque_controls": false,
    "claim_limit": "Tests comparator discrimination against declared observable errors. Not compiled product mutant evidence; all source-level mutations remain mandatory after candidate.",
    "verdict": "DISCRIMINATION_PASS"
  },
  {
    "schema": "p1305-r2-independent-final-input-audit-v1",
    "generated_at": "2026-09-07T14:25:40.803515+00:00",
    "adapter": {
      "path": "/repos/Antigravity/typst-crystalline/00_nucleo/diagnosticos/p1305-r2-mutation-runner.py",
      "sha256": "eee842b7d63498bcf1410bd4cde87c17b114cd4eb8146cbe3bee9bd214d1d635",
      "bytes": 29014
    },
    "manifest": {
      "path": "/repos/Antigravity/typst-crystalline/00_nucleo/diagnosticos/p1305-r2-manifest.json",
      "sha256": "b470b9f132ee2b5714e40a9e11ca5acaa4fad1f246bf0fcbb3670868de9ca635",
      "bytes": 8305
    },
    "protected_inputs_unchanged": [
      {
        "path": "/repos/Antigravity/typst-crystalline/00_nucleo/prompts/compiler/eval.md",
        "sha256": "4e3f11ea5c5a506579eaddfb2e4467541d21be30faa1a18cec4834ef34c46023",
        "bytes": 12854
      },
      {
        "path": "/repos/Antigravity/typst-crystalline/00_nucleo/prompts/compiler/eval/modules.md",
        "sha256": "bba521089d35fcd8db850a60a790309105b73786c818f45ee9a71872366f1577",
        "bytes": 5579
      },
      {
        "path": "/repos/Antigravity/typst-crystalline/00_nucleo/prompts/compiler/eval/repr.md",
        "sha256": "c5169f71ee6a0ece8cc2fc56ca9cecd07443a339c460b6ae63f15638c436eccd",
        "bytes": 28107
      },
      {
        "path": "/repos/Antigravity/typst-crystalline/00_nucleo/prompts/compiler/eval/tests.md",
        "sha256": "0d90e29edd7c540a8605235f8a5b7930d827243e86539deb0a25138a5ed77e7a",
        "bytes": 19982
      },
      {
        "path": "/repos/Antigravity/typst-crystalline/00_nucleo/diagnosticos/p1305-r2-preflight-manifest.json",
        "sha256": "dc295b83e5604eee55734168a1a3f13e58dba48b6b40b9715c191c381dd88366",
        "bytes": 17173
      },
      {
        "path": "/repos/Antigravity/typst-crystalline/00_nucleo/diagnosticos/p1305-r2-reopening.md",
        "sha256": "114c132993326126231b853e9f6f86b2c0c1c166c97a708c768f371c8bdf772c",
        "bytes": 1993
      },
      {
        "path": "/repos/Antigravity/typst-crystalline/00_nucleo/diagnosticos/p1305-r2-contract.md",
        "sha256": "0dff1413e9b47401a0ef8b0e298ad9f9f38810264889e23869503d560cf3e963",
        "bytes": 13160
      },
      {
        "path": "/repos/Antigravity/typst-crystalline/00_nucleo/diagnosticos/p1305-r2-runner.py",
        "sha256": "cae3778bbab25cda5cb9d35fc6650463d6a62e28b25c4f603de6031be334bd00",
        "bytes": 16369
      },
      {
        "path": "/repos/Antigravity/typst-crystalline/00_nucleo/diagnosticos/p1305-r2-pre-measurement.json",
        "sha256": "fd6354824e500e61f18b14116dd54b4f4838691289226a7f7e04236258dd9da0",
        "bytes": 7622959
      },
      {
        "path": "/repos/Antigravity/typst-crystalline/00_nucleo/diagnosticos/p1305-r2-oracle-tests.rs",
        "sha256": "9c1bcfd3c079de5f507afab9a3123180a6e857fd787a8aaab94e7018a7737d65",
        "bytes": 31236
      },
      {
        "path": "/repos/Antigravity/typst-crystalline/00_nucleo/diagnosticos/p1305-r2-oracle-receipt.json",
        "sha256": "edf35e588a52bdfb7d53d131132be2f29ae51e9991ebb41571aae9395fde2e56",
        "bytes": 6734
      },
      {
        "path": "/repos/Antigravity/typst-crystalline/00_nucleo/diagnosticos/p1305-r2-adversarial-plan.json",
        "sha256": "c43bf2f395b16da20af9f7cb7538b66b511e7397ed55b02e17c4167ba1894da9",
        "bytes": 9165
      },
      {
        "path": "/repos/Antigravity/typst-crystalline/00_nucleo/diagnosticos/p1305-r2-red.log",
        "sha256": "603f03c5ebfec41a3c4f1e2477a192f067a3d7e0b1e4c4778f69479b1041e86f",
        "bytes": 251476
      },
      {
        "path": "/repos/Antigravity/typst-crystalline/00_nucleo/diagnosticos/p1305-r2-lineage.log",
        "sha256": "d862d00a73cbedf3f7602526a6da6be16d356f35139727ab9acd05a8a09f0e83",
        "bytes": 6204
      }
    ],
    "metadata_delta": [],
    "focal": {
      "input": {
        "path": "/repos/Antigravity/typst-crystalline/00_nucleo/diagnosticos/p1305-r2-final-measurement.json",
        "sha256": "e5c0e14497c61ad44facea387c2f47853a3cad750eeab4dd945a97088e21ecfd",
        "bytes": 2345422
      },
      "runs": 1042,
      "bilateral_decisions": [
        {
          "id": "array-repr-0",
          "profile": "default",
          "phase": "normal",
          "verdict": "Preserved"
        },
        {
          "id": "array-repr-0",
          "profile": "html",
          "phase": "normal",
          "verdict": "Preserved"
        },
        {
          "id": "array-repr-0",
          "profile": "a11y",
          "phase": "normal",
          "verdict": "Preserved"
        },
        {
          "id": "array-repr-0",
          "profile": "html+a11y",
          "phase": "normal",
          "verdict": "Preserved"
        },
        {
          "id": "array-data-0",
          "profile": "default",
          "phase": "normal",
          "verdict": "Preserved"
        },
        {
          "id": "array-data-0",
          "profile": "html",
          "phase": "normal",
          "verdict": "Preserved"
        },
        {
          "id": "array-data-0",
          "profile": "a11y",
          "phase": "normal",
          "verdict": "Preserved"
        },
        {
          "id": "array-data-0",
          "profile": "html+a11y",
          "phase": "normal",
          "verdict": "Preserved"
        },
        {
          "id": "array-repr-1",
          "profile": "default",
          "phase": "normal",
          "verdict": "Preserved"
        },
        {
          "id": "array-repr-1",
          "profile": "html",
          "phase": "normal",
          "verdict": "Preserved"
        },
        {
          "id": "array-repr-1",
          "profile": "a11y",
          "phase": "normal",
          "verdict": "Preserved"
        },
        {
          "id": "array-repr-1",
          "profile": "html+a11y",
          "phase": "normal",
          "verdict": "Preserved"
        },
        {
          "id": "array-data-1",
          "profile": "default",
          "phase": "normal",
          "verdict": "Preserved"
        },
        {
          "id": "array-data-1",
          "profile": "html",
          "phase": "normal",
          "verdict": "Preserved"
        },
        {
          "id": "array-data-1",
          "profile": "a11y",
          "phase": "normal",
          "verdict": "Preserved"
        },
        {
          "id": "array-data-1",
          "profile": "html+a11y",
          "phase": "normal",
          "verdict": "Preserved"
        },
        {
          "id": "array-repr-39",
          "profile": "default",
          "phase": "normal",
          "verdict": "Preserved"
        },
        {
          "id": "array-repr-39",
          "profile": "html",
          "phase": "normal",
          "verdict": "Preserved"
        },
        {
          "id": "array-repr-39",
          "profile": "a11y",
          "phase": "normal",
          "verdict": "Preserved"
        },
        {
          "id": "array-repr-39",
          "profile": "html+a11y",
          "phase": "normal",
          "verdict": "Preserved"
        },
        {
          "id": "array-data-39",
          "profile": "default",
          "phase": "normal",
          "verdict": "Preserved"
        },
        {
          "id": "array-data-39",
          "profile": "html",
          "phase": "normal",
          "verdict": "Preserved"
        },
        {
          "id": "array-data-39",
          "profile": "a11y",
          "phase": "normal",
          "verdict": "Preserved"
        },
        {
          "id": "array-data-39",
          "profile": "html+a11y",
          "phase": "normal",
          "verdict": "Preserved"
        },
        {
          "id": "array-repr-40",
          "profile": "default",
          "phase": "normal",
          "verdict": "Preserved"
        },
        {
          "id": "array-repr-40",
          "profile": "html",
          "phase": "normal",
          "verdict": "Preserved"
        },
        {
          "id": "array-repr-40",
          "profile": "a11y",
          "phase": "normal",
          "verdict": "Preserved"
        },
        {
          "id": "array-repr-40",
          "profile": "html+a11y",
          "phase": "normal",
          "verdict": "Preserved"
        },
        {
          "id": "array-data-40",
          "profile": "default",
          "phase": "normal",
          "verdict": "Preserved"
        },
        {
          "id": "array-data-40",
          "profile": "html",
          "phase": "normal",
          "verdict": "Preserved"
        },
        {
          "id": "array-data-40",
          "profile": "a11y",
          "phase": "normal",
          "verdict": "Preserved"
        },
        {
          "id": "array-data-40",
          "profile": "html+a11y",
          "phase": "normal",
          "verdict": "Preserved"
        },
        {
          "id": "array-repr-41",
          "profile": "default",
          "phase": "normal",
          "verdict": "Preserved"
        },
        {
          "id": "array-repr-41",
          "profile": "html",
          "phase": "normal",
          "verdict": "Preserved"
        },
        {
          "id": "array-repr-41",
          "profile": "a11y",
          "phase": "normal",
          "verdict": "Preserved"
        },
        {
          "id": "array-repr-41",
          "profile": "html+a11y",
          "phase": "normal",
          "verdict": "Preserved"
        },
        {
          "id": "array-data-41",
          "profile": "default",
          "phase": "normal",
          "verdict": "Preserved"
        },
        {
          "id": "array-data-41",
          "profile": "html",
          "phase": "normal",
          "verdict": "Preserved"
        },
        {
          "id": "array-data-41",
          "profile": "a11y",
          "phase": "normal",
          "verdict": "Preserved"
        },
        {
          "id": "array-data-41",
          "profile": "html+a11y",
          "phase": "normal",
          "verdict": "Preserved"
        },
        {
          "id": "array-repr-42",
          "profile": "default",
          "phase": "normal",
          "verdict": "Preserved"
        },
        {
          "id": "array-repr-42",
          "profile": "html",
          "phase": "normal",
          "verdict": "Preserved"
        },
        {
          "id": "array-repr-42",
          "profile": "a11y",
          "phase": "normal",
          "verdict": "Preserved"
        },
        {
          "id": "array-repr-42",
          "profile": "html+a11y",
          "phase": "normal",
          "verdict": "Preserved"
        },
        {
          "id": "array-data-42",
          "profile": "default",
          "phase": "normal",
          "verdict": "Preserved"
        },
        {
          "id": "array-data-42",
          "profile": "html",
          "phase": "normal",
          "verdict": "Preserved"
        },
        {
          "id": "array-data-42",
          "profile": "a11y",
          "phase": "normal",
          "verdict": "Preserved"
        },
        {
          "id": "array-data-42",
          "profile": "html+a11y",
          "phase": "normal",
          "verdict": "Preserved"
        },
        {
          "id": "array-repr-81",
          "profile": "default",
          "phase": "normal",
          "verdict": "Preserved"
        },
        {
          "id": "array-repr-81",
          "profile": "html",
          "phase": "normal",
          "verdict": "Preserved"
        },
        {
          "id": "array-repr-81",
          "profile": "a11y",
          "phase": "normal",
          "verdict": "Preserved"
        },
        {
          "id": "array-repr-81",
          "profile": "html+a11y",
          "phase": "normal",
          "verdict": "Preserved"
        },
        {
          "id": "array-data-81",
          "profile": "default",
          "phase": "normal",
          "verdict": "Preserved"
        },
        {
          "id": "array-data-81",
          "profile": "html",
          "phase": "normal",
          "verdict": "Preserved"
        },
        {
          "id": "array-data-81",
          "profile": "a11y",
          "phase": "normal",
          "verdict": "Preserved"
        },
        {
          "id": "array-data-81",
          "profile": "html+a11y",
          "phase": "normal",
          "verdict": "Preserved"
        },
        {
          "id": "array-repr-256",
          "profile": "default",
          "phase": "normal",
          "verdict": "Preserved"
        },
        {
          "id": "array-repr-256",
          "profile": "html",
          "phase": "normal",
          "verdict": "Preserved"
        },
        {
          "id": "array-repr-256",
          "profile": "a11y",
          "phase": "normal",
          "verdict": "Preserved"
        },
        {
          "id": "array-repr-256",
          "profile": "html+a11y",
          "phase": "normal",
          "verdict": "Preserved"
        },
        {
          "id": "array-data-256",
          "profile": "default",
          "phase": "normal",
          "verdict": "Preserved"
        },
        {
          "id": "array-data-256",
          "profile": "html",
          "phase": "normal",
          "verdict": "Preserved"
        },
        {
          "id": "array-data-256",
          "profile": "a11y",
          "phase": "normal",
          "verdict": "Preserved"
        },
        {
          "id": "array-data-256",
          "profile": "html+a11y",
          "phase": "normal",
          "verdict": "Preserved"
        },
        {
          "id": "array-strings",
          "profile": "default",
          "phase": "normal",
          "verdict": "Preserved"
        },
        {
          "id": "array-strings",
          "profile": "html",
          "phase": "normal",
          "verdict": "Preserved"
        },
        {
          "id": "array-strings",
          "profile": "a11y",
          "phase": "normal",
          "verdict": "Preserved"
        },
        {
          "id": "array-strings",
          "profile": "html+a11y",
          "phase": "normal",
          "verdict": "Preserved"
        },
        {
          "id": "array-distinct-after-boundary",
          "profile": "default",
          "phase": "normal",
          "verdict": "Preserved"
        },
        {
          "id": "array-distinct-after-boundary",
          "profile": "html",
          "phase": "normal",
          "verdict": "Preserved"
        },
        {
          "id": "array-distinct-after-boundary",
          "profile": "a11y",
          "phase": "normal",
          "verdict": "Preserved"
        },
        {
          "id": "array-distinct-after-boundary",
          "profile": "html+a11y",
          "phase": "normal",
          "verdict": "Preserved"
        },
        {
          "id": "nested-inner",
          "profile": "default",
          "phase": "normal",
          "verdict": "Preserved"
        },
        {
          "id": "nested-inner",
          "profile": "html",
          "phase": "normal",
          "verdict": "Preserved"
        },
        {
          "id": "nested-inner",
          "profile": "a11y",
          "phase": "normal",
          "verdict": "Preserved"
        },
        {
          "id": "nested-inner",
          "profile": "html+a11y",
          "phase": "normal",
          "verdict": "Preserved"
        },
        {
          "id": "nested-outer",
          "profile": "default",
          "phase": "normal",
          "verdict": "Preserved"
        },
        {
          "id": "nested-outer",
          "profile": "html",
          "phase": "normal",
          "verdict": "Preserved"
        },
        {
          "id": "nested-outer",
          "profile": "a11y",
          "phase": "normal",
          "verdict": "Preserved"
        },
        {
          "id": "nested-outer",
          "profile": "html+a11y",
          "phase": "normal",
          "verdict": "Preserved"
        },
        {
          "id": "nested-multiline",
          "profile": "default",
          "phase": "normal",
          "verdict": "Preserved"
        },
        {
          "id": "nested-multiline",
          "profile": "html",
          "phase": "normal",
          "verdict": "Preserved"
        },
        {
          "id": "nested-multiline",
          "profile": "a11y",
          "phase": "normal",
          "verdict": "Preserved"
        },
        {
          "id": "nested-multiline",
          "profile": "html+a11y",
          "phase": "normal",
          "verdict": "Preserved"
        },
        {
          "id": "escaped-strings",
          "profile": "default",
          "phase": "normal",
          "verdict": "Preserved"
        },
        {
          "id": "escaped-strings",
          "profile": "html",
          "phase": "normal",
          "verdict": "Preserved"
        },
        {
          "id": "escaped-strings",
          "profile": "a11y",
          "phase": "normal",
          "verdict": "Preserved"
        },
        {
          "id": "escaped-strings",
          "profile": "html+a11y",
          "phase": "normal",
          "verdict": "Preserved"
        },
        {
          "id": "ascii-body-49",
          "profile": "default",
          "phase": "normal",
          "verdict": "Preserved"
        },
        {
          "id": "ascii-body-49",
          "profile": "html",
          "phase": "normal",
          "verdict": "Preserved"
        },
        {
          "id": "ascii-body-49",
          "profile": "a11y",
          "phase": "normal",
          "verdict": "Preserved"
        },
        {
          "id": "ascii-body-49",
          "profile": "html+a11y",
          "phase": "normal",
          "verdict": "Preserved"
        },
        {
          "id": "ascii-body-50",
          "profile": "default",
          "phase": "normal",
          "verdict": "Preserved"
        },
        {
          "id": "ascii-body-50",
          "profile": "html",
          "phase": "normal",
          "verdict": "Preserved"
        },
        {
          "id": "ascii-body-50",
          "profile": "a11y",
          "phase": "normal",
          "verdict": "Preserved"
        },
        {
          "id": "ascii-body-50",
          "profile": "html+a11y",
          "phase": "normal",
          "verdict": "Preserved"
        },
        {
          "id": "ascii-body-51",
          "profile": "default",
          "phase": "normal",
          "verdict": "Preserved"
        },
        {
          "id": "ascii-body-51",
          "profile": "html",
          "phase": "normal",
          "verdict": "Preserved"
        },
        {
          "id": "ascii-body-51",
          "profile": "a11y",
          "phase": "normal",
          "verdict": "Preserved"
        },
        {
          "id": "ascii-body-51",
          "profile": "html+a11y",
          "phase": "normal",
          "verdict": "Preserved"
        },
        {
          "id": "content-op",
          "profile": "default",
          "phase": "normal",
          "verdict": "Preserved"
        },
        {
          "id": "content-op",
          "profile": "html",
          "phase": "normal",
          "verdict": "Preserved"
        },
        {
          "id": "content-op",
          "profile": "a11y",
          "phase": "normal",
          "verdict": "Preserved"
        },
        {
          "id": "content-op",
          "profile": "html+a11y",
          "phase": "normal",
          "verdict": "Preserved"
        },
        {
          "id": "fields-dict-41",
          "profile": "default",
          "phase": "normal",
          "verdict": "Preserved"
        },
        {
          "id": "fields-dict-41",
          "profile": "html",
          "phase": "normal",
          "verdict": "Preserved"
        },
        {
          "id": "fields-dict-41",
          "profile": "a11y",
          "phase": "normal",
          "verdict": "Preserved"
        },
        {
          "id": "fields-dict-41",
          "profile": "html+a11y",
          "phase": "normal",
          "verdict": "Preserved"
        },
        {
          "id": "fields-args-41",
          "profile": "default",
          "phase": "normal",
          "verdict": "Preserved"
        },
        {
          "id": "fields-args-41",
          "profile": "html",
          "phase": "normal",
          "verdict": "Preserved"
        },
        {
          "id": "fields-args-41",
          "profile": "a11y",
          "phase": "normal",
          "verdict": "Preserved"
        },
        {
          "id": "fields-args-41",
          "profile": "html+a11y",
          "phase": "normal",
          "verdict": "Preserved"
        },
        {
          "id": "content-sequence-41",
          "profile": "default",
          "phase": "normal",
          "verdict": "Preserved"
        },
        {
          "id": "content-sequence-41",
          "profile": "html",
          "phase": "normal",
          "verdict": "Preserved"
        },
        {
          "id": "content-sequence-41",
          "profile": "a11y",
          "phase": "normal",
          "verdict": "Preserved"
        },
        {
          "id": "content-sequence-41",
          "profile": "html+a11y",
          "phase": "normal",
          "verdict": "Preserved"
        },
        {
          "id": "named-modules",
          "profile": "default",
          "phase": "normal",
          "verdict": "Preserved"
        },
        {
          "id": "named-modules",
          "profile": "html",
          "phase": "normal",
          "verdict": "Preserved"
        },
        {
          "id": "named-modules",
          "profile": "a11y",
          "phase": "normal",
          "verdict": "Preserved"
        },
        {
          "id": "named-modules",
          "profile": "html+a11y",
          "phase": "normal",
          "verdict": "Preserved"
        },
        {
          "id": "named-aliases",
          "profile": "default",
          "phase": "normal",
          "verdict": "Preserved"
        },
        {
          "id": "named-aliases",
          "profile": "html",
          "phase": "normal",
          "verdict": "Preserved"
        },
        {
          "id": "named-aliases",
          "profile": "a11y",
          "phase": "normal",
          "verdict": "Preserved"
        },
        {
          "id": "named-aliases",
          "profile": "html+a11y",
          "phase": "normal",
          "verdict": "Preserved"
        },
        {
          "id": "ordinary-collisions",
          "profile": "default",
          "phase": "normal",
          "verdict": "Preserved"
        },
        {
          "id": "ordinary-collisions",
          "profile": "html",
          "phase": "normal",
          "verdict": "Preserved"
        },
        {
          "id": "ordinary-collisions",
          "profile": "a11y",
          "phase": "normal",
          "verdict": "Preserved"
        },
        {
          "id": "ordinary-collisions",
          "profile": "html+a11y",
          "phase": "normal",
          "verdict": "Preserved"
        },
        {
          "id": "ordinary-bare",
          "profile": "default",
          "phase": "normal",
          "verdict": "Preserved"
        },
        {
          "id": "ordinary-bare",
          "profile": "html",
          "phase": "normal",
          "verdict": "Preserved"
        },
        {
          "id": "ordinary-bare",
          "profile": "a11y",
          "phase": "normal",
          "verdict": "Preserved"
        },
        {
          "id": "ordinary-bare",
          "profile": "html+a11y",
          "phase": "normal",
          "verdict": "Preserved"
        },
        {
          "id": "global-bare",
          "profile": "default",
          "phase": "normal",
          "verdict": "Preserved"
        },
        {
          "id": "global-bare",
          "profile": "html",
          "phase": "normal",
          "verdict": "Preserved"
        },
        {
          "id": "global-bare",
          "profile": "a11y",
          "phase": "normal",
          "verdict": "Preserved"
        },
        {
          "id": "global-bare",
          "profile": "html+a11y",
          "phase": "normal",
          "verdict": "Preserved"
        },
        {
          "id": "global-alias-bare",
          "profile": "default",
          "phase": "normal",
          "verdict": "Preserved"
        },
        {
          "id": "global-alias-bare",
          "profile": "html",
          "phase": "normal",
          "verdict": "Preserved"
        },
        {
          "id": "global-alias-bare",
          "profile": "a11y",
          "phase": "normal",
          "verdict": "Preserved"
        },
        {
          "id": "global-alias-bare",
          "profile": "html+a11y",
          "phase": "normal",
          "verdict": "Preserved"
        },
        {
          "id": "global-bare-unbound",
          "profile": "default",
          "phase": "normal",
          "verdict": "Preserved"
        },
        {
          "id": "global-bare-unbound",
          "profile": "html",
          "phase": "normal",
          "verdict": "Preserved"
        },
        {
          "id": "global-bare-unbound",
          "profile": "a11y",
          "phase": "normal",
          "verdict": "Preserved"
        },
        {
          "id": "global-bare-unbound",
          "profile": "html+a11y",
          "phase": "normal",
          "verdict": "Preserved"
        },
        {
          "id": "global-alias-bare-unbound",
          "profile": "default",
          "phase": "normal",
          "verdict": "Preserved"
        },
        {
          "id": "global-alias-bare-unbound",
          "profile": "html",
          "phase": "normal",
          "verdict": "Preserved"
        },
        {
          "id": "global-alias-bare-unbound",
          "profile": "a11y",
          "phase": "normal",
          "verdict": "Preserved"
        },
        {
          "id": "global-alias-bare-unbound",
          "profile": "html+a11y",
          "phase": "normal",
          "verdict": "Preserved"
        },
        {
          "id": "global-dynamic-unnamed",
          "profile": "default",
          "phase": "normal",
          "verdict": "Preserved"
        },
        {
          "id": "global-dynamic-unnamed",
          "profile": "html",
          "phase": "normal",
          "verdict": "Preserved"
        },
        {
          "id": "global-dynamic-unnamed",
          "profile": "a11y",
          "phase": "normal",
          "verdict": "Preserved"
        },
        {
          "id": "global-dynamic-unnamed",
          "profile": "html+a11y",
          "phase": "normal",
          "verdict": "Preserved"
        },
        {
          "id": "global-field-bare",
          "profile": "default",
          "phase": "normal",
          "verdict": "Preserved"
        },
        {
          "id": "global-field-bare",
          "profile": "html",
          "phase": "normal",
          "verdict": "Preserved"
        },
        {
          "id": "global-field-bare",
          "profile": "a11y",
          "phase": "normal",
          "verdict": "Preserved"
        },
        {
          "id": "global-field-bare",
          "profile": "html+a11y",
          "phase": "normal",
          "verdict": "Preserved"
        },
        {
          "id": "global-field-bare-unbound",
          "profile": "default",
          "phase": "normal",
          "verdict": "Preserved"
        },
        {
          "id": "global-field-bare-unbound",
          "profile": "html",
          "phase": "normal",
          "verdict": "Preserved"
        },
        {
          "id": "global-field-bare-unbound",
          "profile": "a11y",
          "phase": "normal",
          "verdict": "Preserved"
        },
        {
          "id": "global-field-bare-unbound",
          "profile": "html+a11y",
          "phase": "normal",
          "verdict": "Preserved"
        },
        {
          "id": "global-dynamic-named",
          "profile": "default",
          "phase": "normal",
          "verdict": "Preserved"
        },
        {
          "id": "global-dynamic-named",
          "profile": "html",
          "phase": "normal",
          "verdict": "Preserved"
        },
        {
          "id": "global-dynamic-named",
          "profile": "a11y",
          "phase": "normal",
          "verdict": "Preserved"
        },
        {
          "id": "global-dynamic-named",
          "profile": "html+a11y",
          "phase": "normal",
          "verdict": "Preserved"
        },
        {
          "id": "global-dynamic-items",
          "profile": "default",
          "phase": "normal",
          "verdict": "Preserved"
        },
        {
          "id": "global-dynamic-items",
          "profile": "html",
          "phase": "normal",
          "verdict": "Preserved"
        },
        {
          "id": "global-dynamic-items",
          "profile": "a11y",
          "phase": "normal",
          "verdict": "Preserved"
        },
        {
          "id": "global-dynamic-items",
          "profile": "html+a11y",
          "phase": "normal",
          "verdict": "Preserved"
        },
        {
          "id": "global-dynamic-wildcard",
          "profile": "default",
          "phase": "normal",
          "verdict": "Preserved"
        },
        {
          "id": "global-dynamic-wildcard",
          "profile": "html",
          "phase": "normal",
          "verdict": "Preserved"
        },
        {
          "id": "global-dynamic-wildcard",
          "profile": "a11y",
          "phase": "normal",
          "verdict": "Preserved"
        },
        {
          "id": "global-dynamic-wildcard",
          "profile": "html+a11y",
          "phase": "normal",
          "verdict": "Preserved"
        },
        {
          "id": "global-dynamic-block",
          "profile": "default",
          "phase": "normal",
          "verdict": "Preserved"
        },
        {
          "id": "global-dynamic-block",
          "profile": "html",
          "phase": "normal",
          "verdict": "Preserved"
        },
        {
          "id": "global-dynamic-block",
          "profile": "a11y",
          "phase": "normal",
          "verdict": "Preserved"
        },
        {
          "id": "global-dynamic-block",
          "profile": "html+a11y",
          "phase": "normal",
          "verdict": "Preserved"
        },
        {
          "id": "global-dynamic-call",
          "profile": "default",
          "phase": "normal",
          "verdict": "Preserved"
        },
        {
          "id": "global-dynamic-call",
          "profile": "html",
          "phase": "normal",
          "verdict": "Preserved"
        },
        {
          "id": "global-dynamic-call",
          "profile": "a11y",
          "phase": "normal",
          "verdict": "Preserved"
        },
        {
          "id": "global-dynamic-call",
          "profile": "html+a11y",
          "phase": "normal",
          "verdict": "Preserved"
        },
        {
          "id": "global-rename",
          "profile": "default",
          "phase": "normal",
          "verdict": "Preserved"
        },
        {
          "id": "global-rename",
          "profile": "html",
          "phase": "normal",
          "verdict": "Preserved"
        },
        {
          "id": "global-rename",
          "profile": "a11y",
          "phase": "normal",
          "verdict": "Preserved"
        },
        {
          "id": "global-rename",
          "profile": "html+a11y",
          "phase": "normal",
          "verdict": "Preserved"
        },
        {
          "id": "global-items",
          "profile": "default",
          "phase": "normal",
          "verdict": "Preserved"
        },
        {
          "id": "global-items",
          "profile": "html",
          "phase": "normal",
          "verdict": "Preserved"
        },
        {
          "id": "global-items",
          "profile": "a11y",
          "phase": "normal",
          "verdict": "Preserved"
        },
        {
          "id": "global-items",
          "profile": "html+a11y",
          "phase": "normal",
          "verdict": "Preserved"
        },
        {
          "id": "global-wildcard",
          "profile": "default",
          "phase": "normal",
          "verdict": "Preserved"
        },
        {
          "id": "global-wildcard",
          "profile": "html",
          "phase": "normal",
          "verdict": "Preserved"
        },
        {
          "id": "global-wildcard",
          "profile": "a11y",
          "phase": "normal",
          "verdict": "Preserved"
        },
        {
          "id": "global-wildcard",
          "profile": "html+a11y",
          "phase": "normal",
          "verdict": "Preserved"
        },
        {
          "id": "reexport-collision",
          "profile": "default",
          "phase": "normal",
          "verdict": "Preserved"
        },
        {
          "id": "reexport-collision",
          "profile": "html",
          "phase": "normal",
          "verdict": "Preserved"
        },
        {
          "id": "reexport-collision",
          "profile": "a11y",
          "phase": "normal",
          "verdict": "Preserved"
        },
        {
          "id": "reexport-collision",
          "profile": "html+a11y",
          "phase": "normal",
          "verdict": "Preserved"
        },
        {
          "id": "imported-route",
          "profile": "default",
          "phase": "normal",
          "verdict": "Preserved"
        },
        {
          "id": "imported-route",
          "profile": "html",
          "phase": "normal",
          "verdict": "Preserved"
        },
        {
          "id": "imported-route",
          "profile": "a11y",
          "phase": "normal",
          "verdict": "Preserved"
        },
        {
          "id": "imported-route",
          "profile": "html+a11y",
          "phase": "normal",
          "verdict": "Preserved"
        },
        {
          "id": "nested-import-route",
          "profile": "default",
          "phase": "normal",
          "verdict": "Preserved"
        },
        {
          "id": "nested-import-route",
          "profile": "html",
          "phase": "normal",
          "verdict": "Preserved"
        },
        {
          "id": "nested-import-route",
          "profile": "a11y",
          "phase": "normal",
          "verdict": "Preserved"
        },
        {
          "id": "nested-import-route",
          "profile": "html+a11y",
          "phase": "normal",
          "verdict": "Preserved"
        },
        {
          "id": "sentinel-hsl",
          "profile": "default",
          "phase": "normal",
          "verdict": "Preserved"
        },
        {
          "id": "sentinel-hsl",
          "profile": "html",
          "phase": "normal",
          "verdict": "Preserved"
        },
        {
          "id": "sentinel-hsl",
          "profile": "a11y",
          "phase": "normal",
          "verdict": "Preserved"
        },
        {
          "id": "sentinel-hsl",
          "profile": "html+a11y",
          "phase": "normal",
          "verdict": "Preserved"
        },
        {
          "id": "sentinel-hsv",
          "profile": "default",
          "phase": "normal",
          "verdict": "Preserved"
        },
        {
          "id": "sentinel-hsv",
          "profile": "html",
          "phase": "normal",
          "verdict": "Preserved"
        },
        {
          "id": "sentinel-hsv",
          "profile": "a11y",
          "phase": "normal",
          "verdict": "Preserved"
        },
        {
          "id": "sentinel-hsv",
          "profile": "html+a11y",
          "phase": "normal",
          "verdict": "Preserved"
        },
        {
          "id": "sentinel-linear_rgb",
          "profile": "default",
          "phase": "normal",
          "verdict": "Preserved"
        },
        {
          "id": "sentinel-linear_rgb",
          "profile": "html",
          "phase": "normal",
          "verdict": "Preserved"
        },
        {
          "id": "sentinel-linear_rgb",
          "profile": "a11y",
          "phase": "normal",
          "verdict": "Preserved"
        },
        {
          "id": "sentinel-linear_rgb",
          "profile": "html+a11y",
          "phase": "normal",
          "verdict": "Preserved"
        },
        {
          "id": "sentinel-std.hsl",
          "profile": "default",
          "phase": "normal",
          "verdict": "Preserved"
        },
        {
          "id": "sentinel-std.hsl",
          "profile": "html",
          "phase": "normal",
          "verdict": "Preserved"
        },
        {
          "id": "sentinel-std.hsl",
          "profile": "a11y",
          "phase": "normal",
          "verdict": "Preserved"
        },
        {
          "id": "sentinel-std.hsl",
          "profile": "html+a11y",
          "phase": "normal",
          "verdict": "Preserved"
        },
        {
          "id": "sentinel-std.hsv",
          "profile": "default",
          "phase": "normal",
          "verdict": "Preserved"
        },
        {
          "id": "sentinel-std.hsv",
          "profile": "html",
          "phase": "normal",
          "verdict": "Preserved"
        },
        {
          "id": "sentinel-std.hsv",
          "profile": "a11y",
          "phase": "normal",
          "verdict": "Preserved"
        },
        {
          "id": "sentinel-std.hsv",
          "profile": "html+a11y",
          "phase": "normal",
          "verdict": "Preserved"
        },
        {
          "id": "sentinel-std.linear_rgb",
          "profile": "default",
          "phase": "normal",
          "verdict": "Preserved"
        },
        {
          "id": "sentinel-std.linear_rgb",
          "profile": "html",
          "phase": "normal",
          "verdict": "Preserved"
        },
        {
          "id": "sentinel-std.linear_rgb",
          "profile": "a11y",
          "phase": "normal",
          "verdict": "Preserved"
        },
        {
          "id": "sentinel-std.linear_rgb",
          "profile": "html+a11y",
          "phase": "normal",
          "verdict": "Preserved"
        },
        {
          "id": "sentinel-calc.nope",
          "profile": "default",
          "phase": "normal",
          "verdict": "Preserved"
        },
        {
          "id": "sentinel-calc.nope",
          "profile": "html",
          "phase": "normal",
          "verdict": "Preserved"
        },
        {
          "id": "sentinel-calc.nope",
          "profile": "a11y",
          "phase": "normal",
          "verdict": "Preserved"
        },
        {
          "id": "sentinel-calc.nope",
          "profile": "html+a11y",
          "phase": "normal",
          "verdict": "Preserved"
        },
        {
          "id": "sentinel-sym.nope",
          "profile": "default",
          "phase": "normal",
          "verdict": "Preserved"
        },
        {
          "id": "sentinel-sym.nope",
          "profile": "html",
          "phase": "normal",
          "verdict": "Preserved"
        },
        {
          "id": "sentinel-sym.nope",
          "profile": "a11y",
          "phase": "normal",
          "verdict": "Preserved"
        },
        {
          "id": "sentinel-sym.nope",
          "profile": "html+a11y",
          "phase": "normal",
          "verdict": "Preserved"
        },
        {
          "id": "sentinel-color.map.nope",
          "profile": "default",
          "phase": "normal",
          "verdict": "Preserved"
        },
        {
          "id": "sentinel-color.map.nope",
          "profile": "html",
          "phase": "normal",
          "verdict": "Preserved"
        },
        {
          "id": "sentinel-color.map.nope",
          "profile": "a11y",
          "phase": "normal",
          "verdict": "Preserved"
        },
        {
          "id": "sentinel-color.map.nope",
          "profile": "html+a11y",
          "phase": "normal",
          "verdict": "Preserved"
        },
        {
          "id": "sentinel-std.nope",
          "profile": "default",
          "phase": "normal",
          "verdict": "Preserved"
        },
        {
          "id": "sentinel-std.nope",
          "profile": "html",
          "phase": "normal",
          "verdict": "Preserved"
        },
        {
          "id": "sentinel-std.nope",
          "profile": "a11y",
          "phase": "normal",
          "verdict": "Preserved"
        },
        {
          "id": "sentinel-std.nope",
          "profile": "html+a11y",
          "phase": "normal",
          "verdict": "Preserved"
        },
        {
          "id": "sentinel-pdf.data-cell",
          "profile": "default",
          "phase": "normal",
          "verdict": "Preserved"
        },
        {
          "id": "sentinel-pdf.data-cell",
          "profile": "html",
          "phase": "normal",
          "verdict": "Preserved"
        },
        {
          "id": "sentinel-pdf.data-cell",
          "profile": "a11y",
          "phase": "normal",
          "verdict": "Preserved"
        },
        {
          "id": "sentinel-pdf.data-cell",
          "profile": "html+a11y",
          "phase": "normal",
          "verdict": "Preserved"
        },
        {
          "id": "sentinel-pdf.header-cell",
          "profile": "default",
          "phase": "normal",
          "verdict": "Preserved"
        },
        {
          "id": "sentinel-pdf.header-cell",
          "profile": "html",
          "phase": "normal",
          "verdict": "Preserved"
        },
        {
          "id": "sentinel-pdf.header-cell",
          "profile": "a11y",
          "phase": "normal",
          "verdict": "Preserved"
        },
        {
          "id": "sentinel-pdf.header-cell",
          "profile": "html+a11y",
          "phase": "normal",
          "verdict": "Preserved"
        },
        {
          "id": "sentinel-pdf.table-summary",
          "profile": "default",
          "phase": "normal",
          "verdict": "Preserved"
        },
        {
          "id": "sentinel-pdf.table-summary",
          "profile": "html",
          "phase": "normal",
          "verdict": "Preserved"
        },
        {
          "id": "sentinel-pdf.table-summary",
          "profile": "a11y",
          "phase": "normal",
          "verdict": "Preserved"
        },
        {
          "id": "sentinel-pdf.table-summary",
          "profile": "html+a11y",
          "phase": "normal",
          "verdict": "Preserved"
        },
        {
          "id": "sentinel-lookups",
          "profile": "default",
          "phase": "normal",
          "verdict": "Preserved"
        },
        {
          "id": "sentinel-lookups",
          "profile": "html",
          "phase": "normal",
          "verdict": "Preserved"
        },
        {
          "id": "sentinel-lookups",
          "profile": "a11y",
          "phase": "normal",
          "verdict": "Preserved"
        },
        {
          "id": "sentinel-lookups",
          "profile": "html+a11y",
          "phase": "normal",
          "verdict": "Preserved"
        },
        {
          "id": "sentinel-lookups",
          "profile": "html+a11y",
          "phase": "inverted",
          "verdict": "Preserved"
        },
        {
          "id": "sentinel-lookups",
          "profile": "a11y",
          "phase": "inverted",
          "verdict": "Preserved"
        },
        {
          "id": "sentinel-lookups",
          "profile": "html",
          "phase": "inverted",
          "verdict": "Preserved"
        },
        {
          "id": "sentinel-lookups",
          "profile": "default",
          "phase": "inverted",
          "verdict": "Preserved"
        },
        {
          "id": "sentinel-pdf.table-summary",
          "profile": "html+a11y",
          "phase": "inverted",
          "verdict": "Preserved"
        },
        {
          "id": "sentinel-pdf.table-summary",
          "profile": "a11y",
          "phase": "inverted",
          "verdict": "Preserved"
        },
        {
          "id": "sentinel-pdf.table-summary",
          "profile": "html",
          "phase": "inverted",
          "verdict": "Preserved"
        },
        {
          "id": "sentinel-pdf.table-summary",
          "profile": "default",
          "phase": "inverted",
          "verdict": "Preserved"
        },
        {
          "id": "sentinel-pdf.header-cell",
          "profile": "html+a11y",
          "phase": "inverted",
          "verdict": "Preserved"
        },
        {
          "id": "sentinel-pdf.header-cell",
          "profile": "a11y",
          "phase": "inverted",
          "verdict": "Preserved"
        },
        {
          "id": "sentinel-pdf.header-cell",
          "profile": "html",
          "phase": "inverted",
          "verdict": "Preserved"
        },
        {
          "id": "sentinel-pdf.header-cell",
          "profile": "default",
          "phase": "inverted",
          "verdict": "Preserved"
        },
        {
          "id": "sentinel-pdf.data-cell",
          "profile": "html+a11y",
          "phase": "inverted",
          "verdict": "Preserved"
        },
        {
          "id": "sentinel-pdf.data-cell",
          "profile": "a11y",
          "phase": "inverted",
          "verdict": "Preserved"
        },
        {
          "id": "sentinel-pdf.data-cell",
          "profile": "html",
          "phase": "inverted",
          "verdict": "Preserved"
        },
        {
          "id": "sentinel-pdf.data-cell",
          "profile": "default",
          "phase": "inverted",
          "verdict": "Preserved"
        },
        {
          "id": "sentinel-std.nope",
          "profile": "html+a11y",
          "phase": "inverted",
          "verdict": "Preserved"
        },
        {
          "id": "sentinel-std.nope",
          "profile": "a11y",
          "phase": "inverted",
          "verdict": "Preserved"
        },
        {
          "id": "sentinel-std.nope",
          "profile": "html",
          "phase": "inverted",
          "verdict": "Preserved"
        },
        {
          "id": "sentinel-std.nope",
          "profile": "default",
          "phase": "inverted",
          "verdict": "Preserved"
        },
        {
          "id": "sentinel-color.map.nope",
          "profile": "html+a11y",
          "phase": "inverted",
          "verdict": "Preserved"
        },
        {
          "id": "sentinel-color.map.nope",
          "profile": "a11y",
          "phase": "inverted",
          "verdict": "Preserved"
        },
        {
          "id": "sentinel-color.map.nope",
          "profile": "html",
          "phase": "inverted",
          "verdict": "Preserved"
        },
        {
          "id": "sentinel-color.map.nope",
          "profile": "default",
          "phase": "inverted",
          "verdict": "Preserved"
        },
        {
          "id": "sentinel-sym.nope",
          "profile": "html+a11y",
          "phase": "inverted",
          "verdict": "Preserved"
        },
        {
          "id": "sentinel-sym.nope",
          "profile": "a11y",
          "phase": "inverted",
          "verdict": "Preserved"
        },
        {
          "id": "sentinel-sym.nope",
          "profile": "html",
          "phase": "inverted",
          "verdict": "Preserved"
        },
        {
          "id": "sentinel-sym.nope",
          "profile": "default",
          "phase": "inverted",
          "verdict": "Preserved"
        },
        {
          "id": "sentinel-calc.nope",
          "profile": "html+a11y",
          "phase": "inverted",
          "verdict": "Preserved"
        },
        {
          "id": "sentinel-calc.nope",
          "profile": "a11y",
          "phase": "inverted",
          "verdict": "Preserved"
        },
        {
          "id": "sentinel-calc.nope",
          "profile": "html",
          "phase": "inverted",
          "verdict": "Preserved"
        },
        {
          "id": "sentinel-calc.nope",
          "profile": "default",
          "phase": "inverted",
          "verdict": "Preserved"
        },
        {
          "id": "sentinel-std.linear_rgb",
          "profile": "html+a11y",
          "phase": "inverted",
          "verdict": "Preserved"
        },
        {
          "id": "sentinel-std.linear_rgb",
          "profile": "a11y",
          "phase": "inverted",
          "verdict": "Preserved"
        },
        {
          "id": "sentinel-std.linear_rgb",
          "profile": "html",
          "phase": "inverted",
          "verdict": "Preserved"
        },
        {
          "id": "sentinel-std.linear_rgb",
          "profile": "default",
          "phase": "inverted",
          "verdict": "Preserved"
        },
        {
          "id": "sentinel-std.hsv",
          "profile": "html+a11y",
          "phase": "inverted",
          "verdict": "Preserved"
        },
        {
          "id": "sentinel-std.hsv",
          "profile": "a11y",
          "phase": "inverted",
          "verdict": "Preserved"
        },
        {
          "id": "sentinel-std.hsv",
          "profile": "html",
          "phase": "inverted",
          "verdict": "Preserved"
        },
        {
          "id": "sentinel-std.hsv",
          "profile": "default",
          "phase": "inverted",
          "verdict": "Preserved"
        },
        {
          "id": "sentinel-std.hsl",
          "profile": "html+a11y",
          "phase": "inverted",
          "verdict": "Preserved"
        },
        {
          "id": "sentinel-std.hsl",
          "profile": "a11y",
          "phase": "inverted",
          "verdict": "Preserved"
        },
        {
          "id": "sentinel-std.hsl",
          "profile": "html",
          "phase": "inverted",
          "verdict": "Preserved"
        },
        {
          "id": "sentinel-std.hsl",
          "profile": "default",
          "phase": "inverted",
          "verdict": "Preserved"
        },
        {
          "id": "sentinel-linear_rgb",
          "profile": "html+a11y",
          "phase": "inverted",
          "verdict": "Preserved"
        },
        {
          "id": "sentinel-linear_rgb",
          "profile": "a11y",
          "phase": "inverted",
          "verdict": "Preserved"
        },
        {
          "id": "sentinel-linear_rgb",
          "profile": "html",
          "phase": "inverted",
          "verdict": "Preserved"
        },
        {
          "id": "sentinel-linear_rgb",
          "profile": "default",
          "phase": "inverted",
          "verdict": "Preserved"
        },
        {
          "id": "sentinel-hsv",
          "profile": "html+a11y",
          "phase": "inverted",
          "verdict": "Preserved"
        },
        {
          "id": "sentinel-hsv",
          "profile": "a11y",
          "phase": "inverted",
          "verdict": "Preserved"
        },
        {
          "id": "sentinel-hsv",
          "profile": "html",
          "phase": "inverted",
          "verdict": "Preserved"
        },
        {
          "id": "sentinel-hsv",
          "profile": "default",
          "phase": "inverted",
          "verdict": "Preserved"
        },
        {
          "id": "sentinel-hsl",
          "profile": "html+a11y",
          "phase": "inverted",
          "verdict": "Preserved"
        },
        {
          "id": "sentinel-hsl",
          "profile": "a11y",
          "phase": "inverted",
          "verdict": "Preserved"
        },
        {
          "id": "sentinel-hsl",
          "profile": "html",
          "phase": "inverted",
          "verdict": "Preserved"
        },
        {
          "id": "sentinel-hsl",
          "profile": "default",
          "phase": "inverted",
          "verdict": "Preserved"
        },
        {
          "id": "nested-import-route",
          "profile": "html+a11y",
          "phase": "inverted",
          "verdict": "Preserved"
        },
        {
          "id": "nested-import-route",
          "profile": "a11y",
          "phase": "inverted",
          "verdict": "Preserved"
        },
        {
          "id": "nested-import-route",
          "profile": "html",
          "phase": "inverted",
          "verdict": "Preserved"
        },
        {
          "id": "nested-import-route",
          "profile": "default",
          "phase": "inverted",
          "verdict": "Preserved"
        },
        {
          "id": "imported-route",
          "profile": "html+a11y",
          "phase": "inverted",
          "verdict": "Preserved"
        },
        {
          "id": "imported-route",
          "profile": "a11y",
          "phase": "inverted",
          "verdict": "Preserved"
        },
        {
          "id": "imported-route",
          "profile": "html",
          "phase": "inverted",
          "verdict": "Preserved"
        },
        {
          "id": "imported-route",
          "profile": "default",
          "phase": "inverted",
          "verdict": "Preserved"
        },
        {
          "id": "reexport-collision",
          "profile": "html+a11y",
          "phase": "inverted",
          "verdict": "Preserved"
        },
        {
          "id": "reexport-collision",
          "profile": "a11y",
          "phase": "inverted",
          "verdict": "Preserved"
        },
        {
          "id": "reexport-collision",
          "profile": "html",
          "phase": "inverted",
          "verdict": "Preserved"
        },
        {
          "id": "reexport-collision",
          "profile": "default",
          "phase": "inverted",
          "verdict": "Preserved"
        },
        {
          "id": "global-wildcard",
          "profile": "html+a11y",
          "phase": "inverted",
          "verdict": "Preserved"
        },
        {
          "id": "global-wildcard",
          "profile": "a11y",
          "phase": "inverted",
          "verdict": "Preserved"
        },
        {
          "id": "global-wildcard",
          "profile": "html",
          "phase": "inverted",
          "verdict": "Preserved"
        },
        {
          "id": "global-wildcard",
          "profile": "default",
          "phase": "inverted",
          "verdict": "Preserved"
        },
        {
          "id": "global-items",
          "profile": "html+a11y",
          "phase": "inverted",
          "verdict": "Preserved"
        },
        {
          "id": "global-items",
          "profile": "a11y",
          "phase": "inverted",
          "verdict": "Preserved"
        },
        {
          "id": "global-items",
          "profile": "html",
          "phase": "inverted",
          "verdict": "Preserved"
        },
        {
          "id": "global-items",
          "profile": "default",
          "phase": "inverted",
          "verdict": "Preserved"
        },
        {
          "id": "global-rename",
          "profile": "html+a11y",
          "phase": "inverted",
          "verdict": "Preserved"
        },
        {
          "id": "global-rename",
          "profile": "a11y",
          "phase": "inverted",
          "verdict": "Preserved"
        },
        {
          "id": "global-rename",
          "profile": "html",
          "phase": "inverted",
          "verdict": "Preserved"
        },
        {
          "id": "global-rename",
          "profile": "default",
          "phase": "inverted",
          "verdict": "Preserved"
        },
        {
          "id": "global-dynamic-call",
          "profile": "html+a11y",
          "phase": "inverted",
          "verdict": "Preserved"
        },
        {
          "id": "global-dynamic-call",
          "profile": "a11y",
          "phase": "inverted",
          "verdict": "Preserved"
        },
        {
          "id": "global-dynamic-call",
          "profile": "html",
          "phase": "inverted",
          "verdict": "Preserved"
        },
        {
          "id": "global-dynamic-call",
          "profile": "default",
          "phase": "inverted",
          "verdict": "Preserved"
        },
        {
          "id": "global-dynamic-block",
          "profile": "html+a11y",
          "phase": "inverted",
          "verdict": "Preserved"
        },
        {
          "id": "global-dynamic-block",
          "profile": "a11y",
          "phase": "inverted",
          "verdict": "Preserved"
        },
        {
          "id": "global-dynamic-block",
          "profile": "html",
          "phase": "inverted",
          "verdict": "Preserved"
        },
        {
          "id": "global-dynamic-block",
          "profile": "default",
          "phase": "inverted",
          "verdict": "Preserved"
        },
        {
          "id": "global-dynamic-wildcard",
          "profile": "html+a11y",
          "phase": "inverted",
          "verdict": "Preserved"
        },
        {
          "id": "global-dynamic-wildcard",
          "profile": "a11y",
          "phase": "inverted",
          "verdict": "Preserved"
        },
        {
          "id": "global-dynamic-wildcard",
          "profile": "html",
          "phase": "inverted",
          "verdict": "Preserved"
        },
        {
          "id": "global-dynamic-wildcard",
          "profile": "default",
          "phase": "inverted",
          "verdict": "Preserved"
        },
        {
          "id": "global-dynamic-items",
          "profile": "html+a11y",
          "phase": "inverted",
          "verdict": "Preserved"
        },
        {
          "id": "global-dynamic-items",
          "profile": "a11y",
          "phase": "inverted",
          "verdict": "Preserved"
        },
        {
          "id": "global-dynamic-items",
          "profile": "html",
          "phase": "inverted",
          "verdict": "Preserved"
        },
        {
          "id": "global-dynamic-items",
          "profile": "default",
          "phase": "inverted",
          "verdict": "Preserved"
        },
        {
          "id": "global-dynamic-named",
          "profile": "html+a11y",
          "phase": "inverted",
          "verdict": "Preserved"
        },
        {
          "id": "global-dynamic-named",
          "profile": "a11y",
          "phase": "inverted",
          "verdict": "Preserved"
        },
        {
          "id": "global-dynamic-named",
          "profile": "html",
          "phase": "inverted",
          "verdict": "Preserved"
        },
        {
          "id": "global-dynamic-named",
          "profile": "default",
          "phase": "inverted",
          "verdict": "Preserved"
        },
        {
          "id": "global-field-bare-unbound",
          "profile": "html+a11y",
          "phase": "inverted",
          "verdict": "Preserved"
        },
        {
          "id": "global-field-bare-unbound",
          "profile": "a11y",
          "phase": "inverted",
          "verdict": "Preserved"
        },
        {
          "id": "global-field-bare-unbound",
          "profile": "html",
          "phase": "inverted",
          "verdict": "Preserved"
        },
        {
          "id": "global-field-bare-unbound",
          "profile": "default",
          "phase": "inverted",
          "verdict": "Preserved"
        },
        {
          "id": "global-field-bare",
          "profile": "html+a11y",
          "phase": "inverted",
          "verdict": "Preserved"
        },
        {
          "id": "global-field-bare",
          "profile": "a11y",
          "phase": "inverted",
          "verdict": "Preserved"
        },
        {
          "id": "global-field-bare",
          "profile": "html",
          "phase": "inverted",
          "verdict": "Preserved"
        },
        {
          "id": "global-field-bare",
          "profile": "default",
          "phase": "inverted",
          "verdict": "Preserved"
        },
        {
          "id": "global-dynamic-unnamed",
          "profile": "html+a11y",
          "phase": "inverted",
          "verdict": "Preserved"
        },
        {
          "id": "global-dynamic-unnamed",
          "profile": "a11y",
          "phase": "inverted",
          "verdict": "Preserved"
        },
        {
          "id": "global-dynamic-unnamed",
          "profile": "html",
          "phase": "inverted",
          "verdict": "Preserved"
        },
        {
          "id": "global-dynamic-unnamed",
          "profile": "default",
          "phase": "inverted",
          "verdict": "Preserved"
        },
        {
          "id": "global-alias-bare-unbound",
          "profile": "html+a11y",
          "phase": "inverted",
          "verdict": "Preserved"
        },
        {
          "id": "global-alias-bare-unbound",
          "profile": "a11y",
          "phase": "inverted",
          "verdict": "Preserved"
        },
        {
          "id": "global-alias-bare-unbound",
          "profile": "html",
          "phase": "inverted",
          "verdict": "Preserved"
        },
        {
          "id": "global-alias-bare-unbound",
          "profile": "default",
          "phase": "inverted",
          "verdict": "Preserved"
        },
        {
          "id": "global-bare-unbound",
          "profile": "html+a11y",
          "phase": "inverted",
          "verdict": "Preserved"
        },
        {
          "id": "global-bare-unbound",
          "profile": "a11y",
          "phase": "inverted",
          "verdict": "Preserved"
        },
        {
          "id": "global-bare-unbound",
          "profile": "html",
          "phase": "inverted",
          "verdict": "Preserved"
        },
        {
          "id": "global-bare-unbound",
          "profile": "default",
          "phase": "inverted",
          "verdict": "Preserved"
        },
        {
          "id": "global-alias-bare",
          "profile": "html+a11y",
          "phase": "inverted",
          "verdict": "Preserved"
        },
        {
          "id": "global-alias-bare",
          "profile": "a11y",
          "phase": "inverted",
          "verdict": "Preserved"
        },
        {
          "id": "global-alias-bare",
          "profile": "html",
          "phase": "inverted",
          "verdict": "Preserved"
        },
        {
          "id": "global-alias-bare",
          "profile": "default",
          "phase": "inverted",
          "verdict": "Preserved"
        },
        {
          "id": "global-bare",
          "profile": "html+a11y",
          "phase": "inverted",
          "verdict": "Preserved"
        },
        {
          "id": "global-bare",
          "profile": "a11y",
          "phase": "inverted",
          "verdict": "Preserved"
        },
        {
          "id": "global-bare",
          "profile": "html",
          "phase": "inverted",
          "verdict": "Preserved"
        },
        {
          "id": "global-bare",
          "profile": "default",
          "phase": "inverted",
          "verdict": "Preserved"
        },
        {
          "id": "ordinary-bare",
          "profile": "html+a11y",
          "phase": "inverted",
          "verdict": "Preserved"
        },
        {
          "id": "ordinary-bare",
          "profile": "a11y",
          "phase": "inverted",
          "verdict": "Preserved"
        },
        {
          "id": "ordinary-bare",
          "profile": "html",
          "phase": "inverted",
          "verdict": "Preserved"
        },
        {
          "id": "ordinary-bare",
          "profile": "default",
          "phase": "inverted",
          "verdict": "Preserved"
        },
        {
          "id": "ordinary-collisions",
          "profile": "html+a11y",
          "phase": "inverted",
          "verdict": "Preserved"
        },
        {
          "id": "ordinary-collisions",
          "profile": "a11y",
          "phase": "inverted",
          "verdict": "Preserved"
        },
        {
          "id": "ordinary-collisions",
          "profile": "html",
          "phase": "inverted",
          "verdict": "Preserved"
        },
        {
          "id": "ordinary-collisions",
          "profile": "default",
          "phase": "inverted",
          "verdict": "Preserved"
        },
        {
          "id": "named-aliases",
          "profile": "html+a11y",
          "phase": "inverted",
          "verdict": "Preserved"
        },
        {
          "id": "named-aliases",
          "profile": "a11y",
          "phase": "inverted",
          "verdict": "Preserved"
        },
        {
          "id": "named-aliases",
          "profile": "html",
          "phase": "inverted",
          "verdict": "Preserved"
        },
        {
          "id": "named-aliases",
          "profile": "default",
          "phase": "inverted",
          "verdict": "Preserved"
        },
        {
          "id": "named-modules",
          "profile": "html+a11y",
          "phase": "inverted",
          "verdict": "Preserved"
        },
        {
          "id": "named-modules",
          "profile": "a11y",
          "phase": "inverted",
          "verdict": "Preserved"
        },
        {
          "id": "named-modules",
          "profile": "html",
          "phase": "inverted",
          "verdict": "Preserved"
        },
        {
          "id": "named-modules",
          "profile": "default",
          "phase": "inverted",
          "verdict": "Preserved"
        },
        {
          "id": "content-sequence-41",
          "profile": "html+a11y",
          "phase": "inverted",
          "verdict": "Preserved"
        },
        {
          "id": "content-sequence-41",
          "profile": "a11y",
          "phase": "inverted",
          "verdict": "Preserved"
        },
        {
          "id": "content-sequence-41",
          "profile": "html",
          "phase": "inverted",
          "verdict": "Preserved"
        },
        {
          "id": "content-sequence-41",
          "profile": "default",
          "phase": "inverted",
          "verdict": "Preserved"
        },
        {
          "id": "fields-args-41",
          "profile": "html+a11y",
          "phase": "inverted",
          "verdict": "Preserved"
        },
        {
          "id": "fields-args-41",
          "profile": "a11y",
          "phase": "inverted",
          "verdict": "Preserved"
        },
        {
          "id": "fields-args-41",
          "profile": "html",
          "phase": "inverted",
          "verdict": "Preserved"
        },
        {
          "id": "fields-args-41",
          "profile": "default",
          "phase": "inverted",
          "verdict": "Preserved"
        },
        {
          "id": "fields-dict-41",
          "profile": "html+a11y",
          "phase": "inverted",
          "verdict": "Preserved"
        },
        {
          "id": "fields-dict-41",
          "profile": "a11y",
          "phase": "inverted",
          "verdict": "Preserved"
        },
        {
          "id": "fields-dict-41",
          "profile": "html",
          "phase": "inverted",
          "verdict": "Preserved"
        },
        {
          "id": "fields-dict-41",
          "profile": "default",
          "phase": "inverted",
          "verdict": "Preserved"
        },
        {
          "id": "content-op",
          "profile": "html+a11y",
          "phase": "inverted",
          "verdict": "Preserved"
        },
        {
          "id": "content-op",
          "profile": "a11y",
          "phase": "inverted",
          "verdict": "Preserved"
        },
        {
          "id": "content-op",
          "profile": "html",
          "phase": "inverted",
          "verdict": "Preserved"
        },
        {
          "id": "content-op",
          "profile": "default",
          "phase": "inverted",
          "verdict": "Preserved"
        },
        {
          "id": "ascii-body-51",
          "profile": "html+a11y",
          "phase": "inverted",
          "verdict": "Preserved"
        },
        {
          "id": "ascii-body-51",
          "profile": "a11y",
          "phase": "inverted",
          "verdict": "Preserved"
        },
        {
          "id": "ascii-body-51",
          "profile": "html",
          "phase": "inverted",
          "verdict": "Preserved"
        },
        {
          "id": "ascii-body-51",
          "profile": "default",
          "phase": "inverted",
          "verdict": "Preserved"
        },
        {
          "id": "ascii-body-50",
          "profile": "html+a11y",
          "phase": "inverted",
          "verdict": "Preserved"
        },
        {
          "id": "ascii-body-50",
          "profile": "a11y",
          "phase": "inverted",
          "verdict": "Preserved"
        },
        {
          "id": "ascii-body-50",
          "profile": "html",
          "phase": "inverted",
          "verdict": "Preserved"
        },
        {
          "id": "ascii-body-50",
          "profile": "default",
          "phase": "inverted",
          "verdict": "Preserved"
        },
        {
          "id": "ascii-body-49",
          "profile": "html+a11y",
          "phase": "inverted",
          "verdict": "Preserved"
        },
        {
          "id": "ascii-body-49",
          "profile": "a11y",
          "phase": "inverted",
          "verdict": "Preserved"
        },
        {
          "id": "ascii-body-49",
          "profile": "html",
          "phase": "inverted",
          "verdict": "Preserved"
        },
        {
          "id": "ascii-body-49",
          "profile": "default",
          "phase": "inverted",
          "verdict": "Preserved"
        },
        {
          "id": "escaped-strings",
          "profile": "html+a11y",
          "phase": "inverted",
          "verdict": "Preserved"
        },
        {
          "id": "escaped-strings",
          "profile": "a11y",
          "phase": "inverted",
          "verdict": "Preserved"
        },
        {
          "id": "escaped-strings",
          "profile": "html",
          "phase": "inverted",
          "verdict": "Preserved"
        },
        {
          "id": "escaped-strings",
          "profile": "default",
          "phase": "inverted",
          "verdict": "Preserved"
        },
        {
          "id": "nested-multiline",
          "profile": "html+a11y",
          "phase": "inverted",
          "verdict": "Preserved"
        },
        {
          "id": "nested-multiline",
          "profile": "a11y",
          "phase": "inverted",
          "verdict": "Preserved"
        },
        {
          "id": "nested-multiline",
          "profile": "html",
          "phase": "inverted",
          "verdict": "Preserved"
        },
        {
          "id": "nested-multiline",
          "profile": "default",
          "phase": "inverted",
          "verdict": "Preserved"
        },
        {
          "id": "nested-outer",
          "profile": "html+a11y",
          "phase": "inverted",
          "verdict": "Preserved"
        },
        {
          "id": "nested-outer",
          "profile": "a11y",
          "phase": "inverted",
          "verdict": "Preserved"
        },
        {
          "id": "nested-outer",
          "profile": "html",
          "phase": "inverted",
          "verdict": "Preserved"
        },
        {
          "id": "nested-outer",
          "profile": "default",
          "phase": "inverted",
          "verdict": "Preserved"
        },
        {
          "id": "nested-inner",
          "profile": "html+a11y",
          "phase": "inverted",
          "verdict": "Preserved"
        },
        {
          "id": "nested-inner",
          "profile": "a11y",
          "phase": "inverted",
          "verdict": "Preserved"
        },
        {
          "id": "nested-inner",
          "profile": "html",
          "phase": "inverted",
          "verdict": "Preserved"
        },
        {
          "id": "nested-inner",
          "profile": "default",
          "phase": "inverted",
          "verdict": "Preserved"
        },
        {
          "id": "array-distinct-after-boundary",
          "profile": "html+a11y",
          "phase": "inverted",
          "verdict": "Preserved"
        },
        {
          "id": "array-distinct-after-boundary",
          "profile": "a11y",
          "phase": "inverted",
          "verdict": "Preserved"
        },
        {
          "id": "array-distinct-after-boundary",
          "profile": "html",
          "phase": "inverted",
          "verdict": "Preserved"
        },
        {
          "id": "array-distinct-after-boundary",
          "profile": "default",
          "phase": "inverted",
          "verdict": "Preserved"
        },
        {
          "id": "array-strings",
          "profile": "html+a11y",
          "phase": "inverted",
          "verdict": "Preserved"
        },
        {
          "id": "array-strings",
          "profile": "a11y",
          "phase": "inverted",
          "verdict": "Preserved"
        },
        {
          "id": "array-strings",
          "profile": "html",
          "phase": "inverted",
          "verdict": "Preserved"
        },
        {
          "id": "array-strings",
          "profile": "default",
          "phase": "inverted",
          "verdict": "Preserved"
        },
        {
          "id": "array-data-256",
          "profile": "html+a11y",
          "phase": "inverted",
          "verdict": "Preserved"
        },
        {
          "id": "array-data-256",
          "profile": "a11y",
          "phase": "inverted",
          "verdict": "Preserved"
        },
        {
          "id": "array-data-256",
          "profile": "html",
          "phase": "inverted",
          "verdict": "Preserved"
        },
        {
          "id": "array-data-256",
          "profile": "default",
          "phase": "inverted",
          "verdict": "Preserved"
        },
        {
          "id": "array-repr-256",
          "profile": "html+a11y",
          "phase": "inverted",
          "verdict": "Preserved"
        },
        {
          "id": "array-repr-256",
          "profile": "a11y",
          "phase": "inverted",
          "verdict": "Preserved"
        },
        {
          "id": "array-repr-256",
          "profile": "html",
          "phase": "inverted",
          "verdict": "Preserved"
        },
        {
          "id": "array-repr-256",
          "profile": "default",
          "phase": "inverted",
          "verdict": "Preserved"
        },
        {
          "id": "array-data-81",
          "profile": "html+a11y",
          "phase": "inverted",
          "verdict": "Preserved"
        },
        {
          "id": "array-data-81",
          "profile": "a11y",
          "phase": "inverted",
          "verdict": "Preserved"
        },
        {
          "id": "array-data-81",
          "profile": "html",
          "phase": "inverted",
          "verdict": "Preserved"
        },
        {
          "id": "array-data-81",
          "profile": "default",
          "phase": "inverted",
          "verdict": "Preserved"
        },
        {
          "id": "array-repr-81",
          "profile": "html+a11y",
          "phase": "inverted",
          "verdict": "Preserved"
        },
        {
          "id": "array-repr-81",
          "profile": "a11y",
          "phase": "inverted",
          "verdict": "Preserved"
        },
        {
          "id": "array-repr-81",
          "profile": "html",
          "phase": "inverted",
          "verdict": "Preserved"
        },
        {
          "id": "array-repr-81",
          "profile": "default",
          "phase": "inverted",
          "verdict": "Preserved"
        },
        {
          "id": "array-data-42",
          "profile": "html+a11y",
          "phase": "inverted",
          "verdict": "Preserved"
        },
        {
          "id": "array-data-42",
          "profile": "a11y",
          "phase": "inverted",
          "verdict": "Preserved"
        },
        {
          "id": "array-data-42",
          "profile": "html",
          "phase": "inverted",
          "verdict": "Preserved"
        },
        {
          "id": "array-data-42",
          "profile": "default",
          "phase": "inverted",
          "verdict": "Preserved"
        },
        {
          "id": "array-repr-42",
          "profile": "html+a11y",
          "phase": "inverted",
          "verdict": "Preserved"
        },
        {
          "id": "array-repr-42",
          "profile": "a11y",
          "phase": "inverted",
          "verdict": "Preserved"
        },
        {
          "id": "array-repr-42",
          "profile": "html",
          "phase": "inverted",
          "verdict": "Preserved"
        },
        {
          "id": "array-repr-42",
          "profile": "default",
          "phase": "inverted",
          "verdict": "Preserved"
        },
        {
          "id": "array-data-41",
          "profile": "html+a11y",
          "phase": "inverted",
          "verdict": "Preserved"
        },
        {
          "id": "array-data-41",
          "profile": "a11y",
          "phase": "inverted",
          "verdict": "Preserved"
        },
        {
          "id": "array-data-41",
          "profile": "html",
          "phase": "inverted",
          "verdict": "Preserved"
        },
        {
          "id": "array-data-41",
          "profile": "default",
          "phase": "inverted",
          "verdict": "Preserved"
        },
        {
          "id": "array-repr-41",
          "profile": "html+a11y",
          "phase": "inverted",
          "verdict": "Preserved"
        },
        {
          "id": "array-repr-41",
          "profile": "a11y",
          "phase": "inverted",
          "verdict": "Preserved"
        },
        {
          "id": "array-repr-41",
          "profile": "html",
          "phase": "inverted",
          "verdict": "Preserved"
        },
        {
          "id": "array-repr-41",
          "profile": "default",
          "phase": "inverted",
          "verdict": "Preserved"
        },
        {
          "id": "array-data-40",
          "profile": "html+a11y",
          "phase": "inverted",
          "verdict": "Preserved"
        },
        {
          "id": "array-data-40",
          "profile": "a11y",
          "phase": "inverted",
          "verdict": "Preserved"
        },
        {
          "id": "array-data-40",
          "profile": "html",
          "phase": "inverted",
          "verdict": "Preserved"
        },
        {
          "id": "array-data-40",
          "profile": "default",
          "phase": "inverted",
          "verdict": "Preserved"
        },
        {
          "id": "array-repr-40",
          "profile": "html+a11y",
          "phase": "inverted",
          "verdict": "Preserved"
        },
        {
          "id": "array-repr-40",
          "profile": "a11y",
          "phase": "inverted",
          "verdict": "Preserved"
        },
        {
          "id": "array-repr-40",
          "profile": "html",
          "phase": "inverted",
          "verdict": "Preserved"
        },
        {
          "id": "array-repr-40",
          "profile": "default",
          "phase": "inverted",
          "verdict": "Preserved"
        },
        {
          "id": "array-data-39",
          "profile": "html+a11y",
          "phase": "inverted",
          "verdict": "Preserved"
        },
        {
          "id": "array-data-39",
          "profile": "a11y",
          "phase": "inverted",
          "verdict": "Preserved"
        },
        {
          "id": "array-data-39",
          "profile": "html",
          "phase": "inverted",
          "verdict": "Preserved"
        },
        {
          "id": "array-data-39",
          "profile": "default",
          "phase": "inverted",
          "verdict": "Preserved"
        },
        {
          "id": "array-repr-39",
          "profile": "html+a11y",
          "phase": "inverted",
          "verdict": "Preserved"
        },
        {
          "id": "array-repr-39",
          "profile": "a11y",
          "phase": "inverted",
          "verdict": "Preserved"
        },
        {
          "id": "array-repr-39",
          "profile": "html",
          "phase": "inverted",
          "verdict": "Preserved"
        },
        {
          "id": "array-repr-39",
          "profile": "default",
          "phase": "inverted",
          "verdict": "Preserved"
        },
        {
          "id": "array-data-1",
          "profile": "html+a11y",
          "phase": "inverted",
          "verdict": "Preserved"
        },
        {
          "id": "array-data-1",
          "profile": "a11y",
          "phase": "inverted",
          "verdict": "Preserved"
        },
        {
          "id": "array-data-1",
          "profile": "html",
          "phase": "inverted",
          "verdict": "Preserved"
        },
        {
          "id": "array-data-1",
          "profile": "default",
          "phase": "inverted",
          "verdict": "Preserved"
        },
        {
          "id": "array-repr-1",
          "profile": "html+a11y",
          "phase": "inverted",
          "verdict": "Preserved"
        },
        {
          "id": "array-repr-1",
          "profile": "a11y",
          "phase": "inverted",
          "verdict": "Preserved"
        },
        {
          "id": "array-repr-1",
          "profile": "html",
          "phase": "inverted",
          "verdict": "Preserved"
        },
        {
          "id": "array-repr-1",
          "profile": "default",
          "phase": "inverted",
          "verdict": "Preserved"
        },
        {
          "id": "array-data-0",
          "profile": "html+a11y",
          "phase": "inverted",
          "verdict": "Preserved"
        },
        {
          "id": "array-data-0",
          "profile": "a11y",
          "phase": "inverted",
          "verdict": "Preserved"
        },
        {
          "id": "array-data-0",
          "profile": "html",
          "phase": "inverted",
          "verdict": "Preserved"
        },
        {
          "id": "array-data-0",
          "profile": "default",
          "phase": "inverted",
          "verdict": "Preserved"
        },
        {
          "id": "array-repr-0",
          "profile": "html+a11y",
          "phase": "inverted",
          "verdict": "Preserved"
        },
        {
          "id": "array-repr-0",
          "profile": "a11y",
          "phase": "inverted",
          "verdict": "Preserved"
        },
        {
          "id": "array-repr-0",
          "profile": "html",
          "phase": "inverted",
          "verdict": "Preserved"
        },
        {
          "id": "array-repr-0",
          "profile": "default",
          "phase": "inverted",
          "verdict": "Preserved"
        },
        {
          "id": "document-route",
          "profile": "default",
          "phase": "document",
          "verdict": "Preserved"
        }
      ],
      "stable_repeats": 520,
      "vanilla_unchanged_from_premeasurement": true
    },
    "functional_gates": {
      "input": {
        "path": "/repos/Antigravity/typst-crystalline/00_nucleo/diagnosticos/p1305-r2-build.log",
        "sha256": "83e63f62d113e1c08bb8ac1e9a564bfb2286899abcf6f4caeeaf41f14a169373",
        "bytes": 2288148
      },
      "commands_exit_zero": 14,
      "workspace_passed": 6577,
      "workspace_failed": 0,
      "workspace_ignored": 3,
      "suite_count": 17
    },
    "lint": {
      "severity_counts": {
        "warning": 236,
        "info": 1133
      },
      "strict_gate": "No violations found",
      "historical_input": {
        "path": "/repos/Antigravity/typst-crystalline/00_nucleo/diagnosticos/p1304-verification.log",
        "sha256": "3025741f62f1ff84f6093878e246158dc3748705eb0b96408f556aba63316fc6",
        "bytes": 1185442
      },
      "historical_diff_sha256": "fca8f14b7fcad814ca954d8933c05a6e2644683c9a4529d9f169bcfb5d1c2a49",
      "message_multiset_unchanged": true,
      "comparison_limit": "Historical pinned P1304 lint, not a fresh baseline lint invocation. Location line shifts excluded; message multiplicities compared exactly."
    },
    "refinement_initial": {
      "input": {
        "path": "/repos/Antigravity/typst-crystalline/00_nucleo/diagnosticos/p1305-r2-repr-refinement.json",
        "sha256": "6c32031d30aec9aa5cce532038a6b353b9ed99d050386ea3ec456163a5710e37",
        "bytes": 7633074
      },
      "verdict": "Unknown",
      "invalid_crystalline_runs": 120,
      "reason_code": "INVALID_OBSERVATION_FLOAT_RATIO",
      "not_product_regression": true,
      "requires_successor_oracle_and_seal": true
    }
  },
  {
    "schema": "p1305-r2-independent-corpus-audit-v1",
    "generated_at": "2026-09-07T14:29:28.863296+00:00",
    "adapter": {
      "path": "/repos/Antigravity/typst-crystalline/00_nucleo/diagnosticos/p1305-r2-mutation-runner.py",
      "sha256": "aeaf38c940fa0e86197131b2a44ae21bda6e5cc1ba159cc09bdb87c684428a2c",
      "bytes": 34162
    },
    "input": {
      "path": "/repos/Antigravity/typst-crystalline/00_nucleo/diagnosticos/p1305-r2-matrix.json",
      "sha256": "395c728c25235376243d19ed2b483f1b5d7b77b166af95255e4ae84a6035d185",
      "bytes": 11874809
    },
    "historical": {
      "path": "/repos/Antigravity/typst-crystalline/00_nucleo/diagnosticos/p1304-feature-matrix.json",
      "sha256": "7679f2438f59a3fdf3d17760f1398b3058b130b7c79f6234b86932fbecb810fb",
      "bytes": 13390122
    },
    "catalog": {
      "path": "/repos/Antigravity/typst-crystalline/00_nucleo/diagnosticos/p1304-probe-catalog.json",
      "sha256": "78f2422d0b2dbf0b6ef65231a17db273775ddb269eef7cf002d36a38496b1661",
      "bytes": 281941
    },
    "normal_pairs": 2508,
    "normal_classes_recomputed": {
      "CRYSTALLINE_ONLY": 168,
      "MATCH_VALUE": 1756,
      "VANILLA_ONLY": 336,
      "MATCH_DIAGNOSTIC": 248
    },
    "channel_deltas": [
      {
        "id": "path-color.map",
        "path": "color.map",
        "profile": "default",
        "before": "DIFFERENT_VALUE",
        "after": "MATCH_VALUE"
      },
      {
        "id": "path-color.map.cividis",
        "path": "color.map.cividis",
        "profile": "default",
        "before": "DIFFERENT_VALUE",
        "after": "MATCH_VALUE"
      },
      {
        "id": "path-color.map.coolwarm",
        "path": "color.map.coolwarm",
        "profile": "default",
        "before": "DIFFERENT_VALUE",
        "after": "MATCH_VALUE"
      },
      {
        "id": "path-color.map.crest",
        "path": "color.map.crest",
        "profile": "default",
        "before": "DIFFERENT_VALUE",
        "after": "MATCH_VALUE"
      },
      {
        "id": "path-color.map.flare",
        "path": "color.map.flare",
        "profile": "default",
        "before": "DIFFERENT_VALUE",
        "after": "MATCH_VALUE"
      },
      {
        "id": "path-color.map.icefire",
        "path": "color.map.icefire",
        "profile": "default",
        "before": "DIFFERENT_VALUE",
        "after": "MATCH_VALUE"
      },
      {
        "id": "path-color.map.mako",
        "path": "color.map.mako",
        "profile": "default",
        "before": "DIFFERENT_VALUE",
        "after": "MATCH_VALUE"
      },
      {
        "id": "path-color.map.rainbow",
        "path": "color.map.rainbow",
        "profile": "default",
        "before": "DIFFERENT_VALUE",
        "after": "MATCH_VALUE"
      },
      {
        "id": "path-color.map.rocket",
        "path": "color.map.rocket",
        "profile": "default",
        "before": "DIFFERENT_VALUE",
        "after": "MATCH_VALUE"
      },
      {
        "id": "path-color.map.turbo",
        "path": "color.map.turbo",
        "profile": "default",
        "before": "DIFFERENT_VALUE",
        "after": "MATCH_VALUE"
      },
      {
        "id": "path-color.map.vlag",
        "path": "color.map.vlag",
        "profile": "default",
        "before": "DIFFERENT_VALUE",
        "after": "MATCH_VALUE"
      },
      {
        "id": "p1304-repr-std",
        "path": "std",
        "profile": "default",
        "before": "DIFFERENT_VALUE",
        "after": "MATCH_VALUE"
      },
      {
        "id": "path-color.map",
        "path": "color.map",
        "profile": "html",
        "before": "DIFFERENT_VALUE",
        "after": "MATCH_VALUE"
      },
      {
        "id": "path-color.map.cividis",
        "path": "color.map.cividis",
        "profile": "html",
        "before": "DIFFERENT_VALUE",
        "after": "MATCH_VALUE"
      },
      {
        "id": "path-color.map.coolwarm",
        "path": "color.map.coolwarm",
        "profile": "html",
        "before": "DIFFERENT_VALUE",
        "after": "MATCH_VALUE"
      },
      {
        "id": "path-color.map.crest",
        "path": "color.map.crest",
        "profile": "html",
        "before": "DIFFERENT_VALUE",
        "after": "MATCH_VALUE"
      },
      {
        "id": "path-color.map.flare",
        "path": "color.map.flare",
        "profile": "html",
        "before": "DIFFERENT_VALUE",
        "after": "MATCH_VALUE"
      },
      {
        "id": "path-color.map.icefire",
        "path": "color.map.icefire",
        "profile": "html",
        "before": "DIFFERENT_VALUE",
        "after": "MATCH_VALUE"
      },
      {
        "id": "path-color.map.mako",
        "path": "color.map.mako",
        "profile": "html",
        "before": "DIFFERENT_VALUE",
        "after": "MATCH_VALUE"
      },
      {
        "id": "path-color.map.rainbow",
        "path": "color.map.rainbow",
        "profile": "html",
        "before": "DIFFERENT_VALUE",
        "after": "MATCH_VALUE"
      },
      {
        "id": "path-color.map.rocket",
        "path": "color.map.rocket",
        "profile": "html",
        "before": "DIFFERENT_VALUE",
        "after": "MATCH_VALUE"
      },
      {
        "id": "path-color.map.turbo",
        "path": "color.map.turbo",
        "profile": "html",
        "before": "DIFFERENT_VALUE",
        "after": "MATCH_VALUE"
      },
      {
        "id": "path-color.map.vlag",
        "path": "color.map.vlag",
        "profile": "html",
        "before": "DIFFERENT_VALUE",
        "after": "MATCH_VALUE"
      },
      {
        "id": "p1304-repr-std",
        "path": "std",
        "profile": "html",
        "before": "DIFFERENT_VALUE",
        "after": "MATCH_VALUE"
      },
      {
        "id": "path-color.map",
        "path": "color.map",
        "profile": "a11y",
        "before": "DIFFERENT_VALUE",
        "after": "MATCH_VALUE"
      },
      {
        "id": "path-color.map.cividis",
        "path": "color.map.cividis",
        "profile": "a11y",
        "before": "DIFFERENT_VALUE",
        "after": "MATCH_VALUE"
      },
      {
        "id": "path-color.map.coolwarm",
        "path": "color.map.coolwarm",
        "profile": "a11y",
        "before": "DIFFERENT_VALUE",
        "after": "MATCH_VALUE"
      },
      {
        "id": "path-color.map.crest",
        "path": "color.map.crest",
        "profile": "a11y",
        "before": "DIFFERENT_VALUE",
        "after": "MATCH_VALUE"
      },
      {
        "id": "path-color.map.flare",
        "path": "color.map.flare",
        "profile": "a11y",
        "before": "DIFFERENT_VALUE",
        "after": "MATCH_VALUE"
      },
      {
        "id": "path-color.map.icefire",
        "path": "color.map.icefire",
        "profile": "a11y",
        "before": "DIFFERENT_VALUE",
        "after": "MATCH_VALUE"
      },
      {
        "id": "path-color.map.mako",
        "path": "color.map.mako",
        "profile": "a11y",
        "before": "DIFFERENT_VALUE",
        "after": "MATCH_VALUE"
      },
      {
        "id": "path-color.map.rainbow",
        "path": "color.map.rainbow",
        "profile": "a11y",
        "before": "DIFFERENT_VALUE",
        "after": "MATCH_VALUE"
      },
      {
        "id": "path-color.map.rocket",
        "path": "color.map.rocket",
        "profile": "a11y",
        "before": "DIFFERENT_VALUE",
        "after": "MATCH_VALUE"
      },
      {
        "id": "path-color.map.turbo",
        "path": "color.map.turbo",
        "profile": "a11y",
        "before": "DIFFERENT_VALUE",
        "after": "MATCH_VALUE"
      },
      {
        "id": "path-color.map.vlag",
        "path": "color.map.vlag",
        "profile": "a11y",
        "before": "DIFFERENT_VALUE",
        "after": "MATCH_VALUE"
      },
      {
        "id": "p1304-repr-std",
        "path": "std",
        "profile": "a11y",
        "before": "DIFFERENT_VALUE",
        "after": "MATCH_VALUE"
      },
      {
        "id": "path-color.map",
        "path": "color.map",
        "profile": "html+a11y",
        "before": "DIFFERENT_VALUE",
        "after": "MATCH_VALUE"
      },
      {
        "id": "path-color.map.cividis",
        "path": "color.map.cividis",
        "profile": "html+a11y",
        "before": "DIFFERENT_VALUE",
        "after": "MATCH_VALUE"
      },
      {
        "id": "path-color.map.coolwarm",
        "path": "color.map.coolwarm",
        "profile": "html+a11y",
        "before": "DIFFERENT_VALUE",
        "after": "MATCH_VALUE"
      },
      {
        "id": "path-color.map.crest",
        "path": "color.map.crest",
        "profile": "html+a11y",
        "before": "DIFFERENT_VALUE",
        "after": "MATCH_VALUE"
      },
      {
        "id": "path-color.map.flare",
        "path": "color.map.flare",
        "profile": "html+a11y",
        "before": "DIFFERENT_VALUE",
        "after": "MATCH_VALUE"
      },
      {
        "id": "path-color.map.icefire",
        "path": "color.map.icefire",
        "profile": "html+a11y",
        "before": "DIFFERENT_VALUE",
        "after": "MATCH_VALUE"
      },
      {
        "id": "path-color.map.mako",
        "path": "color.map.mako",
        "profile": "html+a11y",
        "before": "DIFFERENT_VALUE",
        "after": "MATCH_VALUE"
      },
      {
        "id": "path-color.map.rainbow",
        "path": "color.map.rainbow",
        "profile": "html+a11y",
        "before": "DIFFERENT_VALUE",
        "after": "MATCH_VALUE"
      },
      {
        "id": "path-color.map.rocket",
        "path": "color.map.rocket",
        "profile": "html+a11y",
        "before": "DIFFERENT_VALUE",
        "after": "MATCH_VALUE"
      },
      {
        "id": "path-color.map.turbo",
        "path": "color.map.turbo",
        "profile": "html+a11y",
        "before": "DIFFERENT_VALUE",
        "after": "MATCH_VALUE"
      },
      {
        "id": "path-color.map.vlag",
        "path": "color.map.vlag",
        "profile": "html+a11y",
        "before": "DIFFERENT_VALUE",
        "after": "MATCH_VALUE"
      },
      {
        "id": "p1304-repr-std",
        "path": "std",
        "profile": "html+a11y",
        "before": "DIFFERENT_VALUE",
        "after": "MATCH_VALUE"
      }
    ],
    "inverted_pairs": 728,
    "supplement_pairs": 64,
    "stable_side_repetitions": 1520,
    "all_other_channels_byte_identical_to_baseline": true,
    "complete_processes": 6600,
    "required_unknown": 0,
    "verdict": "Preserved",
    "claim_limit": "Exactly the twelve selected paths improve across four profiles; 504 historical availability mismatches remain, not whole-language parity."
  },
  {
    "schema": "p1305-r2-refinement-revision-independent-gate-v1",
    "generated_at": "2026-09-07T14:31:11.367608+00:00",
    "revision": {
      "path": "/repos/Antigravity/typst-crystalline/00_nucleo/diagnosticos/p1305-r2-refinement-revision-1.json",
      "sha256": "cc0385c1065e019309a21a3d9a4e8b9688613abb7425983716334d0e90988d09",
      "bytes": 399744
    },
    "runner": {
      "path": "/repos/Antigravity/typst-crystalline/00_nucleo/diagnosticos/p1305-r2-refinement-runner-r1.py",
      "sha256": "cdc20ec5920a5690128bda049743cc8cf1db08549bd72d702b50c7377dc06482",
      "bytes": 8446
    },
    "adapter": {
      "path": "/repos/Antigravity/typst-crystalline/00_nucleo/diagnosticos/p1305-r2-mutation-runner.py",
      "sha256": "87b302007f8cbe02f16d9a6c77a9e7188fcd8b8b7ba96bd4cd383ab7c553b4d4",
      "bytes": 39251
    },
    "baseline_calibration_decoded_sha256": "bea07a2225479fca21e253f58d3fafcd35c1fa6243b5426f82df2a9bd0ced10b",
    "positive_calibrations": [
      {
        "id": "color.map.cividis",
        "profile": "default",
        "side": "vanilla",
        "phase": "normal",
        "verdict": "Preserved"
      },
      {
        "id": "color.map.cividis",
        "profile": "default",
        "side": "crystalline",
        "phase": "normal",
        "verdict": "Preserved"
      },
      {
        "id": "color.map.cividis",
        "profile": "html",
        "side": "vanilla",
        "phase": "normal",
        "verdict": "Preserved"
      },
      {
        "id": "color.map.cividis",
        "profile": "html",
        "side": "crystalline",
        "phase": "normal",
        "verdict": "Preserved"
      },
      {
        "id": "color.map.cividis",
        "profile": "a11y",
        "side": "vanilla",
        "phase": "normal",
        "verdict": "Preserved"
      },
      {
        "id": "color.map.cividis",
        "profile": "a11y",
        "side": "crystalline",
        "phase": "normal",
        "verdict": "Preserved"
      },
      {
        "id": "color.map.cividis",
        "profile": "html+a11y",
        "side": "vanilla",
        "phase": "normal",
        "verdict": "Preserved"
      },
      {
        "id": "color.map.cividis",
        "profile": "html+a11y",
        "side": "crystalline",
        "phase": "normal",
        "verdict": "Preserved"
      },
      {
        "id": "color.map.spectral",
        "profile": "default",
        "side": "vanilla",
        "phase": "normal",
        "verdict": "Preserved"
      },
      {
        "id": "color.map.spectral",
        "profile": "default",
        "side": "crystalline",
        "phase": "normal",
        "verdict": "Preserved"
      },
      {
        "id": "color.map.spectral",
        "profile": "html",
        "side": "vanilla",
        "phase": "normal",
        "verdict": "Preserved"
      },
      {
        "id": "color.map.spectral",
        "profile": "html",
        "side": "crystalline",
        "phase": "normal",
        "verdict": "Preserved"
      },
      {
        "id": "color.map.spectral",
        "profile": "a11y",
        "side": "vanilla",
        "phase": "normal",
        "verdict": "Preserved"
      },
      {
        "id": "color.map.spectral",
        "profile": "a11y",
        "side": "crystalline",
        "phase": "normal",
        "verdict": "Preserved"
      },
      {
        "id": "color.map.spectral",
        "profile": "html+a11y",
        "side": "vanilla",
        "phase": "normal",
        "verdict": "Preserved"
      },
      {
        "id": "color.map.spectral",
        "profile": "html+a11y",
        "side": "crystalline",
        "phase": "normal",
        "verdict": "Preserved"
      },
      {
        "id": "color.map.spectral",
        "profile": "html+a11y",
        "side": "crystalline",
        "phase": "inverted",
        "verdict": "Preserved"
      },
      {
        "id": "color.map.spectral",
        "profile": "html+a11y",
        "side": "vanilla",
        "phase": "inverted",
        "verdict": "Preserved"
      },
      {
        "id": "color.map.spectral",
        "profile": "a11y",
        "side": "crystalline",
        "phase": "inverted",
        "verdict": "Preserved"
      },
      {
        "id": "color.map.spectral",
        "profile": "a11y",
        "side": "vanilla",
        "phase": "inverted",
        "verdict": "Preserved"
      },
      {
        "id": "color.map.spectral",
        "profile": "html",
        "side": "crystalline",
        "phase": "inverted",
        "verdict": "Preserved"
      },
      {
        "id": "color.map.spectral",
        "profile": "html",
        "side": "vanilla",
        "phase": "inverted",
        "verdict": "Preserved"
      },
      {
        "id": "color.map.spectral",
        "profile": "default",
        "side": "crystalline",
        "phase": "inverted",
        "verdict": "Preserved"
      },
      {
        "id": "color.map.spectral",
        "profile": "default",
        "side": "vanilla",
        "phase": "inverted",
        "verdict": "Preserved"
      },
      {
        "id": "color.map.cividis",
        "profile": "html+a11y",
        "side": "crystalline",
        "phase": "inverted",
        "verdict": "Preserved"
      },
      {
        "id": "color.map.cividis",
        "profile": "html+a11y",
        "side": "vanilla",
        "phase": "inverted",
        "verdict": "Preserved"
      },
      {
        "id": "color.map.cividis",
        "profile": "a11y",
        "side": "crystalline",
        "phase": "inverted",
        "verdict": "Preserved"
      },
      {
        "id": "color.map.cividis",
        "profile": "a11y",
        "side": "vanilla",
        "phase": "inverted",
        "verdict": "Preserved"
      },
      {
        "id": "color.map.cividis",
        "profile": "html",
        "side": "crystalline",
        "phase": "inverted",
        "verdict": "Preserved"
      },
      {
        "id": "color.map.cividis",
        "profile": "html",
        "side": "vanilla",
        "phase": "inverted",
        "verdict": "Preserved"
      },
      {
        "id": "color.map.cividis",
        "profile": "default",
        "side": "crystalline",
        "phase": "inverted",
        "verdict": "Preserved"
      },
      {
        "id": "color.map.cividis",
        "profile": "default",
        "side": "vanilla",
        "phase": "inverted",
        "verdict": "Preserved"
      }
    ],
    "stable_repetition_pairs": 16,
    "negative_channel_mutations": [
      {
        "frozen_attack": "array-data-truncated",
        "witness": "color.map.cividis/default",
        "mode": "public channel envelope discrimination; compiled counterpart recorded separately",
        "expected_sha256": "5b65ba9eefec1d8403cfb2f35023d4ceefbdfd307513d3227b0f8c6afabc6392",
        "mutated_sha256": "eab4faf9a3b3bcdd9fa8f33cd40780431829514d7458d726d91d1f32c1f5d117",
        "verdict": "Violated"
      },
      {
        "frozen_attack": "array-data-reordered",
        "witness": "color.map.cividis/default",
        "mode": "public channel envelope discrimination; compiled counterpart recorded separately",
        "expected_sha256": "5b65ba9eefec1d8403cfb2f35023d4ceefbdfd307513d3227b0f8c6afabc6392",
        "mutated_sha256": "831b0d19ebc2fb029bcd35fc258565b1750f5805c5c5cb1ba73e9c182ea6d2ee",
        "verdict": "Violated"
      },
      {
        "frozen_attack": "array-hidden-item-replaced",
        "witness": "color.map.cividis/default",
        "mode": "public channel envelope discrimination; compiled counterpart recorded separately",
        "expected_sha256": "5b65ba9eefec1d8403cfb2f35023d4ceefbdfd307513d3227b0f8c6afabc6392",
        "mutated_sha256": "a606be8a5a705e7a75e17d2723368bc276f30d14f373992183d392a1215aa213",
        "verdict": "Violated"
      },
      {
        "frozen_attack": "array-wrong-omission-count",
        "witness": "color.map.cividis/default",
        "mode": "public channel envelope discrimination; compiled counterpart recorded separately",
        "expected_sha256": "5b65ba9eefec1d8403cfb2f35023d4ceefbdfd307513d3227b0f8c6afabc6392",
        "mutated_sha256": "4bcd3940f21e63fade9261d5b93155298fde2f7c2486f072b80dd6cb4f25409e",
        "verdict": "Violated"
      }
    ],
    "valid_negatives": 4,
    "rejected_negatives": 4,
    "contract_channel_mutation_score": 1.0,
    "scope": "First affected phase reopened: auxiliary full-color observation adapter only; normative L0/contract/38tests/27attacks/candidate unchanged. Original seal remains provenance but cannot alone approve refinement.",
    "delta": {
      "invalid_crystalline_focal_before": 16,
      "invalid_crystalline_focal_after": 0,
      "preserved_public_data_channels": 32,
      "regressions": 0,
      "opaque_controls": 0
    },
    "verdict": "READY_FOR_SUCCESSOR_SEAL",
    "not_final_candidate_refinement": true
  },
  {
    "schema": "p1305-r2-independent-completion-audit-v1",
    "generated_at": "2026-09-07T14:34:15.198650+00:00",
    "adapter": {
      "path": "/repos/Antigravity/typst-crystalline/00_nucleo/diagnosticos/p1305-r2-mutation-runner.py",
      "sha256": "281eb7fac21974d3b0c4f5d6ae72276ee26d1cb1ab91c161b6b825ac9c846642",
      "bytes": 45164
    },
    "refinement": {
      "input": {
        "path": "/repos/Antigravity/typst-crystalline/00_nucleo/diagnosticos/p1305-r2-repr-refinement-r1.json",
        "sha256": "e164d5681d7627c3baa5cd3298cee4e0e06a601cb1efe0da7a2af3e8cea68539",
        "bytes": 14972371
      },
      "successor_seal": {
        "path": "/repos/Antigravity/typst-crystalline/00_nucleo/diagnosticos/p1305-r2-refinement-seal-r1.json",
        "sha256": "19ebb40660f58bc0ccd26cf51959155850d3af8b7870f8f549c5015104c2fa0c",
        "bytes": 2670
      },
      "valid_runs": 240,
      "maps": 15,
      "profiles": 4,
      "orders": 2,
      "stable_repeats": 120,
      "whole_vectors_and_tokens_equal_historical": true,
      "whole_structured_values_equal_vanilla": true,
      "channels": [
        {
          "id": "color.map.cividis",
          "profile": "default",
          "side": "vanilla",
          "phase": "normal",
          "cardinality": 256,
          "full_components_sha256": "4d7b7e6bbb5b6e24051b3127390bcbd99a2998f00efd7cda7c631a3678f7a88c",
          "rgba8_sha256": "dece34103d5266311558bb44f96f02df7090edf8977744fc9a1213b2213b2f79",
          "verdict": "Preserved"
        },
        {
          "id": "color.map.cividis",
          "profile": "default",
          "side": "crystalline",
          "phase": "normal",
          "cardinality": 256,
          "full_components_sha256": "4d7b7e6bbb5b6e24051b3127390bcbd99a2998f00efd7cda7c631a3678f7a88c",
          "rgba8_sha256": "dece34103d5266311558bb44f96f02df7090edf8977744fc9a1213b2213b2f79",
          "verdict": "Preserved"
        },
        {
          "id": "color.map.cividis",
          "profile": "html",
          "side": "vanilla",
          "phase": "normal",
          "cardinality": 256,
          "full_components_sha256": "4d7b7e6bbb5b6e24051b3127390bcbd99a2998f00efd7cda7c631a3678f7a88c",
          "rgba8_sha256": "dece34103d5266311558bb44f96f02df7090edf8977744fc9a1213b2213b2f79",
          "verdict": "Preserved"
        },
        {
          "id": "color.map.cividis",
          "profile": "html",
          "side": "crystalline",
          "phase": "normal",
          "cardinality": 256,
          "full_components_sha256": "4d7b7e6bbb5b6e24051b3127390bcbd99a2998f00efd7cda7c631a3678f7a88c",
          "rgba8_sha256": "dece34103d5266311558bb44f96f02df7090edf8977744fc9a1213b2213b2f79",
          "verdict": "Preserved"
        },
        {
          "id": "color.map.cividis",
          "profile": "a11y",
          "side": "vanilla",
          "phase": "normal",
          "cardinality": 256,
          "full_components_sha256": "4d7b7e6bbb5b6e24051b3127390bcbd99a2998f00efd7cda7c631a3678f7a88c",
          "rgba8_sha256": "dece34103d5266311558bb44f96f02df7090edf8977744fc9a1213b2213b2f79",
          "verdict": "Preserved"
        },
        {
          "id": "color.map.cividis",
          "profile": "a11y",
          "side": "crystalline",
          "phase": "normal",
          "cardinality": 256,
          "full_components_sha256": "4d7b7e6bbb5b6e24051b3127390bcbd99a2998f00efd7cda7c631a3678f7a88c",
          "rgba8_sha256": "dece34103d5266311558bb44f96f02df7090edf8977744fc9a1213b2213b2f79",
          "verdict": "Preserved"
        },
        {
          "id": "color.map.cividis",
          "profile": "html+a11y",
          "side": "vanilla",
          "phase": "normal",
          "cardinality": 256,
          "full_components_sha256": "4d7b7e6bbb5b6e24051b3127390bcbd99a2998f00efd7cda7c631a3678f7a88c",
          "rgba8_sha256": "dece34103d5266311558bb44f96f02df7090edf8977744fc9a1213b2213b2f79",
          "verdict": "Preserved"
        },
        {
          "id": "color.map.cividis",
          "profile": "html+a11y",
          "side": "crystalline",
          "phase": "normal",
          "cardinality": 256,
          "full_components_sha256": "4d7b7e6bbb5b6e24051b3127390bcbd99a2998f00efd7cda7c631a3678f7a88c",
          "rgba8_sha256": "dece34103d5266311558bb44f96f02df7090edf8977744fc9a1213b2213b2f79",
          "verdict": "Preserved"
        },
        {
          "id": "color.map.coolwarm",
          "profile": "default",
          "side": "vanilla",
          "phase": "normal",
          "cardinality": 256,
          "full_components_sha256": "a3ce430b5f593b83beaae013b989ad01eb49a8d751dd470fec2f0ab90b0cd2b2",
          "rgba8_sha256": "13161dddf6ad860268eece02ce446b1025d3ab95871cc1a484a93aa05da4aed2",
          "verdict": "Preserved"
        },
        {
          "id": "color.map.coolwarm",
          "profile": "default",
          "side": "crystalline",
          "phase": "normal",
          "cardinality": 256,
          "full_components_sha256": "a3ce430b5f593b83beaae013b989ad01eb49a8d751dd470fec2f0ab90b0cd2b2",
          "rgba8_sha256": "13161dddf6ad860268eece02ce446b1025d3ab95871cc1a484a93aa05da4aed2",
          "verdict": "Preserved"
        },
        {
          "id": "color.map.coolwarm",
          "profile": "html",
          "side": "vanilla",
          "phase": "normal",
          "cardinality": 256,
          "full_components_sha256": "a3ce430b5f593b83beaae013b989ad01eb49a8d751dd470fec2f0ab90b0cd2b2",
          "rgba8_sha256": "13161dddf6ad860268eece02ce446b1025d3ab95871cc1a484a93aa05da4aed2",
          "verdict": "Preserved"
        },
        {
          "id": "color.map.coolwarm",
          "profile": "html",
          "side": "crystalline",
          "phase": "normal",
          "cardinality": 256,
          "full_components_sha256": "a3ce430b5f593b83beaae013b989ad01eb49a8d751dd470fec2f0ab90b0cd2b2",
          "rgba8_sha256": "13161dddf6ad860268eece02ce446b1025d3ab95871cc1a484a93aa05da4aed2",
          "verdict": "Preserved"
        },
        {
          "id": "color.map.coolwarm",
          "profile": "a11y",
          "side": "vanilla",
          "phase": "normal",
          "cardinality": 256,
          "full_components_sha256": "a3ce430b5f593b83beaae013b989ad01eb49a8d751dd470fec2f0ab90b0cd2b2",
          "rgba8_sha256": "13161dddf6ad860268eece02ce446b1025d3ab95871cc1a484a93aa05da4aed2",
          "verdict": "Preserved"
        },
        {
          "id": "color.map.coolwarm",
          "profile": "a11y",
          "side": "crystalline",
          "phase": "normal",
          "cardinality": 256,
          "full_components_sha256": "a3ce430b5f593b83beaae013b989ad01eb49a8d751dd470fec2f0ab90b0cd2b2",
          "rgba8_sha256": "13161dddf6ad860268eece02ce446b1025d3ab95871cc1a484a93aa05da4aed2",
          "verdict": "Preserved"
        },
        {
          "id": "color.map.coolwarm",
          "profile": "html+a11y",
          "side": "vanilla",
          "phase": "normal",
          "cardinality": 256,
          "full_components_sha256": "a3ce430b5f593b83beaae013b989ad01eb49a8d751dd470fec2f0ab90b0cd2b2",
          "rgba8_sha256": "13161dddf6ad860268eece02ce446b1025d3ab95871cc1a484a93aa05da4aed2",
          "verdict": "Preserved"
        },
        {
          "id": "color.map.coolwarm",
          "profile": "html+a11y",
          "side": "crystalline",
          "phase": "normal",
          "cardinality": 256,
          "full_components_sha256": "a3ce430b5f593b83beaae013b989ad01eb49a8d751dd470fec2f0ab90b0cd2b2",
          "rgba8_sha256": "13161dddf6ad860268eece02ce446b1025d3ab95871cc1a484a93aa05da4aed2",
          "verdict": "Preserved"
        },
        {
          "id": "color.map.crest",
          "profile": "default",
          "side": "vanilla",
          "phase": "normal",
          "cardinality": 256,
          "full_components_sha256": "8abb85b4cc5d005558e8afbda40d6148f96f7aba565ef54ec343984e94d76829",
          "rgba8_sha256": "660b6381c0f53156c07b4f0f86988a280c06578f46a44b734c1f388cadeaeb98",
          "verdict": "Preserved"
        },
        {
          "id": "color.map.crest",
          "profile": "default",
          "side": "crystalline",
          "phase": "normal",
          "cardinality": 256,
          "full_components_sha256": "8abb85b4cc5d005558e8afbda40d6148f96f7aba565ef54ec343984e94d76829",
          "rgba8_sha256": "660b6381c0f53156c07b4f0f86988a280c06578f46a44b734c1f388cadeaeb98",
          "verdict": "Preserved"
        },
        {
          "id": "color.map.crest",
          "profile": "html",
          "side": "vanilla",
          "phase": "normal",
          "cardinality": 256,
          "full_components_sha256": "8abb85b4cc5d005558e8afbda40d6148f96f7aba565ef54ec343984e94d76829",
          "rgba8_sha256": "660b6381c0f53156c07b4f0f86988a280c06578f46a44b734c1f388cadeaeb98",
          "verdict": "Preserved"
        },
        {
          "id": "color.map.crest",
          "profile": "html",
          "side": "crystalline",
          "phase": "normal",
          "cardinality": 256,
          "full_components_sha256": "8abb85b4cc5d005558e8afbda40d6148f96f7aba565ef54ec343984e94d76829",
          "rgba8_sha256": "660b6381c0f53156c07b4f0f86988a280c06578f46a44b734c1f388cadeaeb98",
          "verdict": "Preserved"
        },
        {
          "id": "color.map.crest",
          "profile": "a11y",
          "side": "vanilla",
          "phase": "normal",
          "cardinality": 256,
          "full_components_sha256": "8abb85b4cc5d005558e8afbda40d6148f96f7aba565ef54ec343984e94d76829",
          "rgba8_sha256": "660b6381c0f53156c07b4f0f86988a280c06578f46a44b734c1f388cadeaeb98",
          "verdict": "Preserved"
        },
        {
          "id": "color.map.crest",
          "profile": "a11y",
          "side": "crystalline",
          "phase": "normal",
          "cardinality": 256,
          "full_components_sha256": "8abb85b4cc5d005558e8afbda40d6148f96f7aba565ef54ec343984e94d76829",
          "rgba8_sha256": "660b6381c0f53156c07b4f0f86988a280c06578f46a44b734c1f388cadeaeb98",
          "verdict": "Preserved"
        },
        {
          "id": "color.map.crest",
          "profile": "html+a11y",
          "side": "vanilla",
          "phase": "normal",
          "cardinality": 256,
          "full_components_sha256": "8abb85b4cc5d005558e8afbda40d6148f96f7aba565ef54ec343984e94d76829",
          "rgba8_sha256": "660b6381c0f53156c07b4f0f86988a280c06578f46a44b734c1f388cadeaeb98",
          "verdict": "Preserved"
        },
        {
          "id": "color.map.crest",
          "profile": "html+a11y",
          "side": "crystalline",
          "phase": "normal",
          "cardinality": 256,
          "full_components_sha256": "8abb85b4cc5d005558e8afbda40d6148f96f7aba565ef54ec343984e94d76829",
          "rgba8_sha256": "660b6381c0f53156c07b4f0f86988a280c06578f46a44b734c1f388cadeaeb98",
          "verdict": "Preserved"
        },
        {
          "id": "color.map.flare",
          "profile": "default",
          "side": "vanilla",
          "phase": "normal",
          "cardinality": 256,
          "full_components_sha256": "eeb677850dfd64acc1449d19824ffa4f3921b0910eb8bd9ec3bb67c4dfe2af6f",
          "rgba8_sha256": "03f70bedc78f4fb3e22b3f7ed06a680d56d721321eca69218ab746d4c803f595",
          "verdict": "Preserved"
        },
        {
          "id": "color.map.flare",
          "profile": "default",
          "side": "crystalline",
          "phase": "normal",
          "cardinality": 256,
          "full_components_sha256": "eeb677850dfd64acc1449d19824ffa4f3921b0910eb8bd9ec3bb67c4dfe2af6f",
          "rgba8_sha256": "03f70bedc78f4fb3e22b3f7ed06a680d56d721321eca69218ab746d4c803f595",
          "verdict": "Preserved"
        },
        {
          "id": "color.map.flare",
          "profile": "html",
          "side": "vanilla",
          "phase": "normal",
          "cardinality": 256,
          "full_components_sha256": "eeb677850dfd64acc1449d19824ffa4f3921b0910eb8bd9ec3bb67c4dfe2af6f",
          "rgba8_sha256": "03f70bedc78f4fb3e22b3f7ed06a680d56d721321eca69218ab746d4c803f595",
          "verdict": "Preserved"
        },
        {
          "id": "color.map.flare",
          "profile": "html",
          "side": "crystalline",
          "phase": "normal",
          "cardinality": 256,
          "full_components_sha256": "eeb677850dfd64acc1449d19824ffa4f3921b0910eb8bd9ec3bb67c4dfe2af6f",
          "rgba8_sha256": "03f70bedc78f4fb3e22b3f7ed06a680d56d721321eca69218ab746d4c803f595",
          "verdict": "Preserved"
        },
        {
          "id": "color.map.flare",
          "profile": "a11y",
          "side": "vanilla",
          "phase": "normal",
          "cardinality": 256,
          "full_components_sha256": "eeb677850dfd64acc1449d19824ffa4f3921b0910eb8bd9ec3bb67c4dfe2af6f",
          "rgba8_sha256": "03f70bedc78f4fb3e22b3f7ed06a680d56d721321eca69218ab746d4c803f595",
          "verdict": "Preserved"
        },
        {
          "id": "color.map.flare",
          "profile": "a11y",
          "side": "crystalline",
          "phase": "normal",
          "cardinality": 256,
          "full_components_sha256": "eeb677850dfd64acc1449d19824ffa4f3921b0910eb8bd9ec3bb67c4dfe2af6f",
          "rgba8_sha256": "03f70bedc78f4fb3e22b3f7ed06a680d56d721321eca69218ab746d4c803f595",
          "verdict": "Preserved"
        },
        {
          "id": "color.map.flare",
          "profile": "html+a11y",
          "side": "vanilla",
          "phase": "normal",
          "cardinality": 256,
          "full_components_sha256": "eeb677850dfd64acc1449d19824ffa4f3921b0910eb8bd9ec3bb67c4dfe2af6f",
          "rgba8_sha256": "03f70bedc78f4fb3e22b3f7ed06a680d56d721321eca69218ab746d4c803f595",
          "verdict": "Preserved"
        },
        {
          "id": "color.map.flare",
          "profile": "html+a11y",
          "side": "crystalline",
          "phase": "normal",
          "cardinality": 256,
          "full_components_sha256": "eeb677850dfd64acc1449d19824ffa4f3921b0910eb8bd9ec3bb67c4dfe2af6f",
          "rgba8_sha256": "03f70bedc78f4fb3e22b3f7ed06a680d56d721321eca69218ab746d4c803f595",
          "verdict": "Preserved"
        },
        {
          "id": "color.map.icefire",
          "profile": "default",
          "side": "vanilla",
          "phase": "normal",
          "cardinality": 256,
          "full_components_sha256": "1e78a3341a4839f9e95b2d1c16895a0335c8fb30a7ca2a4aba6361485b0e6f82",
          "rgba8_sha256": "0de0d1c2a9dd6a8a03cd3155b872ea4a2eeaa74a5454df8f511632aa5d91e55f",
          "verdict": "Preserved"
        },
        {
          "id": "color.map.icefire",
          "profile": "default",
          "side": "crystalline",
          "phase": "normal",
          "cardinality": 256,
          "full_components_sha256": "1e78a3341a4839f9e95b2d1c16895a0335c8fb30a7ca2a4aba6361485b0e6f82",
          "rgba8_sha256": "0de0d1c2a9dd6a8a03cd3155b872ea4a2eeaa74a5454df8f511632aa5d91e55f",
          "verdict": "Preserved"
        },
        {
          "id": "color.map.icefire",
          "profile": "html",
          "side": "vanilla",
          "phase": "normal",
          "cardinality": 256,
          "full_components_sha256": "1e78a3341a4839f9e95b2d1c16895a0335c8fb30a7ca2a4aba6361485b0e6f82",
          "rgba8_sha256": "0de0d1c2a9dd6a8a03cd3155b872ea4a2eeaa74a5454df8f511632aa5d91e55f",
          "verdict": "Preserved"
        },
        {
          "id": "color.map.icefire",
          "profile": "html",
          "side": "crystalline",
          "phase": "normal",
          "cardinality": 256,
          "full_components_sha256": "1e78a3341a4839f9e95b2d1c16895a0335c8fb30a7ca2a4aba6361485b0e6f82",
          "rgba8_sha256": "0de0d1c2a9dd6a8a03cd3155b872ea4a2eeaa74a5454df8f511632aa5d91e55f",
          "verdict": "Preserved"
        },
        {
          "id": "color.map.icefire",
          "profile": "a11y",
          "side": "vanilla",
          "phase": "normal",
          "cardinality": 256,
          "full_components_sha256": "1e78a3341a4839f9e95b2d1c16895a0335c8fb30a7ca2a4aba6361485b0e6f82",
          "rgba8_sha256": "0de0d1c2a9dd6a8a03cd3155b872ea4a2eeaa74a5454df8f511632aa5d91e55f",
          "verdict": "Preserved"
        },
        {
          "id": "color.map.icefire",
          "profile": "a11y",
          "side": "crystalline",
          "phase": "normal",
          "cardinality": 256,
          "full_components_sha256": "1e78a3341a4839f9e95b2d1c16895a0335c8fb30a7ca2a4aba6361485b0e6f82",
          "rgba8_sha256": "0de0d1c2a9dd6a8a03cd3155b872ea4a2eeaa74a5454df8f511632aa5d91e55f",
          "verdict": "Preserved"
        },
        {
          "id": "color.map.icefire",
          "profile": "html+a11y",
          "side": "vanilla",
          "phase": "normal",
          "cardinality": 256,
          "full_components_sha256": "1e78a3341a4839f9e95b2d1c16895a0335c8fb30a7ca2a4aba6361485b0e6f82",
          "rgba8_sha256": "0de0d1c2a9dd6a8a03cd3155b872ea4a2eeaa74a5454df8f511632aa5d91e55f",
          "verdict": "Preserved"
        },
        {
          "id": "color.map.icefire",
          "profile": "html+a11y",
          "side": "crystalline",
          "phase": "normal",
          "cardinality": 256,
          "full_components_sha256": "1e78a3341a4839f9e95b2d1c16895a0335c8fb30a7ca2a4aba6361485b0e6f82",
          "rgba8_sha256": "0de0d1c2a9dd6a8a03cd3155b872ea4a2eeaa74a5454df8f511632aa5d91e55f",
          "verdict": "Preserved"
        },
        {
          "id": "color.map.mako",
          "profile": "default",
          "side": "vanilla",
          "phase": "normal",
          "cardinality": 256,
          "full_components_sha256": "6d63b174dbea62119db155e9356faab96934526f8bde8893de28d44aa62ce8a9",
          "rgba8_sha256": "f74edb89a1207308a4534b6648d32f54439e0057fb5b4cb0346151610131da77",
          "verdict": "Preserved"
        },
        {
          "id": "color.map.mako",
          "profile": "default",
          "side": "crystalline",
          "phase": "normal",
          "cardinality": 256,
          "full_components_sha256": "6d63b174dbea62119db155e9356faab96934526f8bde8893de28d44aa62ce8a9",
          "rgba8_sha256": "f74edb89a1207308a4534b6648d32f54439e0057fb5b4cb0346151610131da77",
          "verdict": "Preserved"
        },
        {
          "id": "color.map.mako",
          "profile": "html",
          "side": "vanilla",
          "phase": "normal",
          "cardinality": 256,
          "full_components_sha256": "6d63b174dbea62119db155e9356faab96934526f8bde8893de28d44aa62ce8a9",
          "rgba8_sha256": "f74edb89a1207308a4534b6648d32f54439e0057fb5b4cb0346151610131da77",
          "verdict": "Preserved"
        },
        {
          "id": "color.map.mako",
          "profile": "html",
          "side": "crystalline",
          "phase": "normal",
          "cardinality": 256,
          "full_components_sha256": "6d63b174dbea62119db155e9356faab96934526f8bde8893de28d44aa62ce8a9",
          "rgba8_sha256": "f74edb89a1207308a4534b6648d32f54439e0057fb5b4cb0346151610131da77",
          "verdict": "Preserved"
        },
        {
          "id": "color.map.mako",
          "profile": "a11y",
          "side": "vanilla",
          "phase": "normal",
          "cardinality": 256,
          "full_components_sha256": "6d63b174dbea62119db155e9356faab96934526f8bde8893de28d44aa62ce8a9",
          "rgba8_sha256": "f74edb89a1207308a4534b6648d32f54439e0057fb5b4cb0346151610131da77",
          "verdict": "Preserved"
        },
        {
          "id": "color.map.mako",
          "profile": "a11y",
          "side": "crystalline",
          "phase": "normal",
          "cardinality": 256,
          "full_components_sha256": "6d63b174dbea62119db155e9356faab96934526f8bde8893de28d44aa62ce8a9",
          "rgba8_sha256": "f74edb89a1207308a4534b6648d32f54439e0057fb5b4cb0346151610131da77",
          "verdict": "Preserved"
        },
        {
          "id": "color.map.mako",
          "profile": "html+a11y",
          "side": "vanilla",
          "phase": "normal",
          "cardinality": 256,
          "full_components_sha256": "6d63b174dbea62119db155e9356faab96934526f8bde8893de28d44aa62ce8a9",
          "rgba8_sha256": "f74edb89a1207308a4534b6648d32f54439e0057fb5b4cb0346151610131da77",
          "verdict": "Preserved"
        },
        {
          "id": "color.map.mako",
          "profile": "html+a11y",
          "side": "crystalline",
          "phase": "normal",
          "cardinality": 256,
          "full_components_sha256": "6d63b174dbea62119db155e9356faab96934526f8bde8893de28d44aa62ce8a9",
          "rgba8_sha256": "f74edb89a1207308a4534b6648d32f54439e0057fb5b4cb0346151610131da77",
          "verdict": "Preserved"
        },
        {
          "id": "color.map.rainbow",
          "profile": "default",
          "side": "vanilla",
          "phase": "normal",
          "cardinality": 256,
          "full_components_sha256": "5bb0fd73db804d0585edbc842b6a6b41263e73d09e5a410486a4339f4e19d8af",
          "rgba8_sha256": "74fe385a692d3da43ff8afc8f61896f76bc87a1a766f05f4897f5e8164db4ed7",
          "verdict": "Preserved"
        },
        {
          "id": "color.map.rainbow",
          "profile": "default",
          "side": "crystalline",
          "phase": "normal",
          "cardinality": 256,
          "full_components_sha256": "5bb0fd73db804d0585edbc842b6a6b41263e73d09e5a410486a4339f4e19d8af",
          "rgba8_sha256": "74fe385a692d3da43ff8afc8f61896f76bc87a1a766f05f4897f5e8164db4ed7",
          "verdict": "Preserved"
        },
        {
          "id": "color.map.rainbow",
          "profile": "html",
          "side": "vanilla",
          "phase": "normal",
          "cardinality": 256,
          "full_components_sha256": "5bb0fd73db804d0585edbc842b6a6b41263e73d09e5a410486a4339f4e19d8af",
          "rgba8_sha256": "74fe385a692d3da43ff8afc8f61896f76bc87a1a766f05f4897f5e8164db4ed7",
          "verdict": "Preserved"
        },
        {
          "id": "color.map.rainbow",
          "profile": "html",
          "side": "crystalline",
          "phase": "normal",
          "cardinality": 256,
          "full_components_sha256": "5bb0fd73db804d0585edbc842b6a6b41263e73d09e5a410486a4339f4e19d8af",
          "rgba8_sha256": "74fe385a692d3da43ff8afc8f61896f76bc87a1a766f05f4897f5e8164db4ed7",
          "verdict": "Preserved"
        },
        {
          "id": "color.map.rainbow",
          "profile": "a11y",
          "side": "vanilla",
          "phase": "normal",
          "cardinality": 256,
          "full_components_sha256": "5bb0fd73db804d0585edbc842b6a6b41263e73d09e5a410486a4339f4e19d8af",
          "rgba8_sha256": "74fe385a692d3da43ff8afc8f61896f76bc87a1a766f05f4897f5e8164db4ed7",
          "verdict": "Preserved"
        },
        {
          "id": "color.map.rainbow",
          "profile": "a11y",
          "side": "crystalline",
          "phase": "normal",
          "cardinality": 256,
          "full_components_sha256": "5bb0fd73db804d0585edbc842b6a6b41263e73d09e5a410486a4339f4e19d8af",
          "rgba8_sha256": "74fe385a692d3da43ff8afc8f61896f76bc87a1a766f05f4897f5e8164db4ed7",
          "verdict": "Preserved"
        },
        {
          "id": "color.map.rainbow",
          "profile": "html+a11y",
          "side": "vanilla",
          "phase": "normal",
          "cardinality": 256,
          "full_components_sha256": "5bb0fd73db804d0585edbc842b6a6b41263e73d09e5a410486a4339f4e19d8af",
          "rgba8_sha256": "74fe385a692d3da43ff8afc8f61896f76bc87a1a766f05f4897f5e8164db4ed7",
          "verdict": "Preserved"
        },
        {
          "id": "color.map.rainbow",
          "profile": "html+a11y",
          "side": "crystalline",
          "phase": "normal",
          "cardinality": 256,
          "full_components_sha256": "5bb0fd73db804d0585edbc842b6a6b41263e73d09e5a410486a4339f4e19d8af",
          "rgba8_sha256": "74fe385a692d3da43ff8afc8f61896f76bc87a1a766f05f4897f5e8164db4ed7",
          "verdict": "Preserved"
        },
        {
          "id": "color.map.rocket",
          "profile": "default",
          "side": "vanilla",
          "phase": "normal",
          "cardinality": 256,
          "full_components_sha256": "b8df2ff0044367e053497e2f93706f92ec386edbca24ed3507941bae22e9d2b2",
          "rgba8_sha256": "b3d6e7d7762c8e4d3b27d86aa41391cf8d5093df122b328bc6482f2d37a1497b",
          "verdict": "Preserved"
        },
        {
          "id": "color.map.rocket",
          "profile": "default",
          "side": "crystalline",
          "phase": "normal",
          "cardinality": 256,
          "full_components_sha256": "b8df2ff0044367e053497e2f93706f92ec386edbca24ed3507941bae22e9d2b2",
          "rgba8_sha256": "b3d6e7d7762c8e4d3b27d86aa41391cf8d5093df122b328bc6482f2d37a1497b",
          "verdict": "Preserved"
        },
        {
          "id": "color.map.rocket",
          "profile": "html",
          "side": "vanilla",
          "phase": "normal",
          "cardinality": 256,
          "full_components_sha256": "b8df2ff0044367e053497e2f93706f92ec386edbca24ed3507941bae22e9d2b2",
          "rgba8_sha256": "b3d6e7d7762c8e4d3b27d86aa41391cf8d5093df122b328bc6482f2d37a1497b",
          "verdict": "Preserved"
        },
        {
          "id": "color.map.rocket",
          "profile": "html",
          "side": "crystalline",
          "phase": "normal",
          "cardinality": 256,
          "full_components_sha256": "b8df2ff0044367e053497e2f93706f92ec386edbca24ed3507941bae22e9d2b2",
          "rgba8_sha256": "b3d6e7d7762c8e4d3b27d86aa41391cf8d5093df122b328bc6482f2d37a1497b",
          "verdict": "Preserved"
        },
        {
          "id": "color.map.rocket",
          "profile": "a11y",
          "side": "vanilla",
          "phase": "normal",
          "cardinality": 256,
          "full_components_sha256": "b8df2ff0044367e053497e2f93706f92ec386edbca24ed3507941bae22e9d2b2",
          "rgba8_sha256": "b3d6e7d7762c8e4d3b27d86aa41391cf8d5093df122b328bc6482f2d37a1497b",
          "verdict": "Preserved"
        },
        {
          "id": "color.map.rocket",
          "profile": "a11y",
          "side": "crystalline",
          "phase": "normal",
          "cardinality": 256,
          "full_components_sha256": "b8df2ff0044367e053497e2f93706f92ec386edbca24ed3507941bae22e9d2b2",
          "rgba8_sha256": "b3d6e7d7762c8e4d3b27d86aa41391cf8d5093df122b328bc6482f2d37a1497b",
          "verdict": "Preserved"
        },
        {
          "id": "color.map.rocket",
          "profile": "html+a11y",
          "side": "vanilla",
          "phase": "normal",
          "cardinality": 256,
          "full_components_sha256": "b8df2ff0044367e053497e2f93706f92ec386edbca24ed3507941bae22e9d2b2",
          "rgba8_sha256": "b3d6e7d7762c8e4d3b27d86aa41391cf8d5093df122b328bc6482f2d37a1497b",
          "verdict": "Preserved"
        },
        {
          "id": "color.map.rocket",
          "profile": "html+a11y",
          "side": "crystalline",
          "phase": "normal",
          "cardinality": 256,
          "full_components_sha256": "b8df2ff0044367e053497e2f93706f92ec386edbca24ed3507941bae22e9d2b2",
          "rgba8_sha256": "b3d6e7d7762c8e4d3b27d86aa41391cf8d5093df122b328bc6482f2d37a1497b",
          "verdict": "Preserved"
        },
        {
          "id": "color.map.turbo",
          "profile": "default",
          "side": "vanilla",
          "phase": "normal",
          "cardinality": 256,
          "full_components_sha256": "f541a4070600f609202ded62e60892729c60dca02653b28a1afc98f5eb707edc",
          "rgba8_sha256": "7909421397bc2bef00faf5a1064d7356ad4cab112ec1fd5e290b124a13529a3e",
          "verdict": "Preserved"
        },
        {
          "id": "color.map.turbo",
          "profile": "default",
          "side": "crystalline",
          "phase": "normal",
          "cardinality": 256,
          "full_components_sha256": "f541a4070600f609202ded62e60892729c60dca02653b28a1afc98f5eb707edc",
          "rgba8_sha256": "7909421397bc2bef00faf5a1064d7356ad4cab112ec1fd5e290b124a13529a3e",
          "verdict": "Preserved"
        },
        {
          "id": "color.map.turbo",
          "profile": "html",
          "side": "vanilla",
          "phase": "normal",
          "cardinality": 256,
          "full_components_sha256": "f541a4070600f609202ded62e60892729c60dca02653b28a1afc98f5eb707edc",
          "rgba8_sha256": "7909421397bc2bef00faf5a1064d7356ad4cab112ec1fd5e290b124a13529a3e",
          "verdict": "Preserved"
        },
        {
          "id": "color.map.turbo",
          "profile": "html",
          "side": "crystalline",
          "phase": "normal",
          "cardinality": 256,
          "full_components_sha256": "f541a4070600f609202ded62e60892729c60dca02653b28a1afc98f5eb707edc",
          "rgba8_sha256": "7909421397bc2bef00faf5a1064d7356ad4cab112ec1fd5e290b124a13529a3e",
          "verdict": "Preserved"
        },
        {
          "id": "color.map.turbo",
          "profile": "a11y",
          "side": "vanilla",
          "phase": "normal",
          "cardinality": 256,
          "full_components_sha256": "f541a4070600f609202ded62e60892729c60dca02653b28a1afc98f5eb707edc",
          "rgba8_sha256": "7909421397bc2bef00faf5a1064d7356ad4cab112ec1fd5e290b124a13529a3e",
          "verdict": "Preserved"
        },
        {
          "id": "color.map.turbo",
          "profile": "a11y",
          "side": "crystalline",
          "phase": "normal",
          "cardinality": 256,
          "full_components_sha256": "f541a4070600f609202ded62e60892729c60dca02653b28a1afc98f5eb707edc",
          "rgba8_sha256": "7909421397bc2bef00faf5a1064d7356ad4cab112ec1fd5e290b124a13529a3e",
          "verdict": "Preserved"
        },
        {
          "id": "color.map.turbo",
          "profile": "html+a11y",
          "side": "vanilla",
          "phase": "normal",
          "cardinality": 256,
          "full_components_sha256": "f541a4070600f609202ded62e60892729c60dca02653b28a1afc98f5eb707edc",
          "rgba8_sha256": "7909421397bc2bef00faf5a1064d7356ad4cab112ec1fd5e290b124a13529a3e",
          "verdict": "Preserved"
        },
        {
          "id": "color.map.turbo",
          "profile": "html+a11y",
          "side": "crystalline",
          "phase": "normal",
          "cardinality": 256,
          "full_components_sha256": "f541a4070600f609202ded62e60892729c60dca02653b28a1afc98f5eb707edc",
          "rgba8_sha256": "7909421397bc2bef00faf5a1064d7356ad4cab112ec1fd5e290b124a13529a3e",
          "verdict": "Preserved"
        },
        {
          "id": "color.map.vlag",
          "profile": "default",
          "side": "vanilla",
          "phase": "normal",
          "cardinality": 256,
          "full_components_sha256": "30fc8faead18a3791779cfa15f74922983a40d9466d51ff2d6026f2e7bf204e9",
          "rgba8_sha256": "d015c8a4cb87aaebc49d0416edf430e5c76392e772602ca1234ce6fe748db81d",
          "verdict": "Preserved"
        },
        {
          "id": "color.map.vlag",
          "profile": "default",
          "side": "crystalline",
          "phase": "normal",
          "cardinality": 256,
          "full_components_sha256": "30fc8faead18a3791779cfa15f74922983a40d9466d51ff2d6026f2e7bf204e9",
          "rgba8_sha256": "d015c8a4cb87aaebc49d0416edf430e5c76392e772602ca1234ce6fe748db81d",
          "verdict": "Preserved"
        },
        {
          "id": "color.map.vlag",
          "profile": "html",
          "side": "vanilla",
          "phase": "normal",
          "cardinality": 256,
          "full_components_sha256": "30fc8faead18a3791779cfa15f74922983a40d9466d51ff2d6026f2e7bf204e9",
          "rgba8_sha256": "d015c8a4cb87aaebc49d0416edf430e5c76392e772602ca1234ce6fe748db81d",
          "verdict": "Preserved"
        },
        {
          "id": "color.map.vlag",
          "profile": "html",
          "side": "crystalline",
          "phase": "normal",
          "cardinality": 256,
          "full_components_sha256": "30fc8faead18a3791779cfa15f74922983a40d9466d51ff2d6026f2e7bf204e9",
          "rgba8_sha256": "d015c8a4cb87aaebc49d0416edf430e5c76392e772602ca1234ce6fe748db81d",
          "verdict": "Preserved"
        },
        {
          "id": "color.map.vlag",
          "profile": "a11y",
          "side": "vanilla",
          "phase": "normal",
          "cardinality": 256,
          "full_components_sha256": "30fc8faead18a3791779cfa15f74922983a40d9466d51ff2d6026f2e7bf204e9",
          "rgba8_sha256": "d015c8a4cb87aaebc49d0416edf430e5c76392e772602ca1234ce6fe748db81d",
          "verdict": "Preserved"
        },
        {
          "id": "color.map.vlag",
          "profile": "a11y",
          "side": "crystalline",
          "phase": "normal",
          "cardinality": 256,
          "full_components_sha256": "30fc8faead18a3791779cfa15f74922983a40d9466d51ff2d6026f2e7bf204e9",
          "rgba8_sha256": "d015c8a4cb87aaebc49d0416edf430e5c76392e772602ca1234ce6fe748db81d",
          "verdict": "Preserved"
        },
        {
          "id": "color.map.vlag",
          "profile": "html+a11y",
          "side": "vanilla",
          "phase": "normal",
          "cardinality": 256,
          "full_components_sha256": "30fc8faead18a3791779cfa15f74922983a40d9466d51ff2d6026f2e7bf204e9",
          "rgba8_sha256": "d015c8a4cb87aaebc49d0416edf430e5c76392e772602ca1234ce6fe748db81d",
          "verdict": "Preserved"
        },
        {
          "id": "color.map.vlag",
          "profile": "html+a11y",
          "side": "crystalline",
          "phase": "normal",
          "cardinality": 256,
          "full_components_sha256": "30fc8faead18a3791779cfa15f74922983a40d9466d51ff2d6026f2e7bf204e9",
          "rgba8_sha256": "d015c8a4cb87aaebc49d0416edf430e5c76392e772602ca1234ce6fe748db81d",
          "verdict": "Preserved"
        },
        {
          "id": "color.map.viridis",
          "profile": "default",
          "side": "vanilla",
          "phase": "normal",
          "cardinality": 9,
          "full_components_sha256": "a17e03d9aca39af71a5dd7467990e89bb2a59ce3b12c0df83e799299950bb1ea",
          "rgba8_sha256": "3b9d02b0685ec2ae62958a287c4cdd68fdb08f642339aabaa8d96e60aeaf999b",
          "verdict": "Preserved"
        },
        {
          "id": "color.map.viridis",
          "profile": "default",
          "side": "crystalline",
          "phase": "normal",
          "cardinality": 9,
          "full_components_sha256": "a17e03d9aca39af71a5dd7467990e89bb2a59ce3b12c0df83e799299950bb1ea",
          "rgba8_sha256": "3b9d02b0685ec2ae62958a287c4cdd68fdb08f642339aabaa8d96e60aeaf999b",
          "verdict": "Preserved"
        },
        {
          "id": "color.map.viridis",
          "profile": "html",
          "side": "vanilla",
          "phase": "normal",
          "cardinality": 9,
          "full_components_sha256": "a17e03d9aca39af71a5dd7467990e89bb2a59ce3b12c0df83e799299950bb1ea",
          "rgba8_sha256": "3b9d02b0685ec2ae62958a287c4cdd68fdb08f642339aabaa8d96e60aeaf999b",
          "verdict": "Preserved"
        },
        {
          "id": "color.map.viridis",
          "profile": "html",
          "side": "crystalline",
          "phase": "normal",
          "cardinality": 9,
          "full_components_sha256": "a17e03d9aca39af71a5dd7467990e89bb2a59ce3b12c0df83e799299950bb1ea",
          "rgba8_sha256": "3b9d02b0685ec2ae62958a287c4cdd68fdb08f642339aabaa8d96e60aeaf999b",
          "verdict": "Preserved"
        },
        {
          "id": "color.map.viridis",
          "profile": "a11y",
          "side": "vanilla",
          "phase": "normal",
          "cardinality": 9,
          "full_components_sha256": "a17e03d9aca39af71a5dd7467990e89bb2a59ce3b12c0df83e799299950bb1ea",
          "rgba8_sha256": "3b9d02b0685ec2ae62958a287c4cdd68fdb08f642339aabaa8d96e60aeaf999b",
          "verdict": "Preserved"
        },
        {
          "id": "color.map.viridis",
          "profile": "a11y",
          "side": "crystalline",
          "phase": "normal",
          "cardinality": 9,
          "full_components_sha256": "a17e03d9aca39af71a5dd7467990e89bb2a59ce3b12c0df83e799299950bb1ea",
          "rgba8_sha256": "3b9d02b0685ec2ae62958a287c4cdd68fdb08f642339aabaa8d96e60aeaf999b",
          "verdict": "Preserved"
        },
        {
          "id": "color.map.viridis",
          "profile": "html+a11y",
          "side": "vanilla",
          "phase": "normal",
          "cardinality": 9,
          "full_components_sha256": "a17e03d9aca39af71a5dd7467990e89bb2a59ce3b12c0df83e799299950bb1ea",
          "rgba8_sha256": "3b9d02b0685ec2ae62958a287c4cdd68fdb08f642339aabaa8d96e60aeaf999b",
          "verdict": "Preserved"
        },
        {
          "id": "color.map.viridis",
          "profile": "html+a11y",
          "side": "crystalline",
          "phase": "normal",
          "cardinality": 9,
          "full_components_sha256": "a17e03d9aca39af71a5dd7467990e89bb2a59ce3b12c0df83e799299950bb1ea",
          "rgba8_sha256": "3b9d02b0685ec2ae62958a287c4cdd68fdb08f642339aabaa8d96e60aeaf999b",
          "verdict": "Preserved"
        },
        {
          "id": "color.map.inferno",
          "profile": "default",
          "side": "vanilla",
          "phase": "normal",
          "cardinality": 11,
          "full_components_sha256": "960bb495730949c4241a993ef6341b6c2b87e977c0e42450d5f43be2675bee3c",
          "rgba8_sha256": "20de1b5440e58c3727d645e6f8444d9e6d1c73fb09f9e905a49c314dc58496da",
          "verdict": "Preserved"
        },
        {
          "id": "color.map.inferno",
          "profile": "default",
          "side": "crystalline",
          "phase": "normal",
          "cardinality": 11,
          "full_components_sha256": "960bb495730949c4241a993ef6341b6c2b87e977c0e42450d5f43be2675bee3c",
          "rgba8_sha256": "20de1b5440e58c3727d645e6f8444d9e6d1c73fb09f9e905a49c314dc58496da",
          "verdict": "Preserved"
        },
        {
          "id": "color.map.inferno",
          "profile": "html",
          "side": "vanilla",
          "phase": "normal",
          "cardinality": 11,
          "full_components_sha256": "960bb495730949c4241a993ef6341b6c2b87e977c0e42450d5f43be2675bee3c",
          "rgba8_sha256": "20de1b5440e58c3727d645e6f8444d9e6d1c73fb09f9e905a49c314dc58496da",
          "verdict": "Preserved"
        },
        {
          "id": "color.map.inferno",
          "profile": "html",
          "side": "crystalline",
          "phase": "normal",
          "cardinality": 11,
          "full_components_sha256": "960bb495730949c4241a993ef6341b6c2b87e977c0e42450d5f43be2675bee3c",
          "rgba8_sha256": "20de1b5440e58c3727d645e6f8444d9e6d1c73fb09f9e905a49c314dc58496da",
          "verdict": "Preserved"
        },
        {
          "id": "color.map.inferno",
          "profile": "a11y",
          "side": "vanilla",
          "phase": "normal",
          "cardinality": 11,
          "full_components_sha256": "960bb495730949c4241a993ef6341b6c2b87e977c0e42450d5f43be2675bee3c",
          "rgba8_sha256": "20de1b5440e58c3727d645e6f8444d9e6d1c73fb09f9e905a49c314dc58496da",
          "verdict": "Preserved"
        },
        {
          "id": "color.map.inferno",
          "profile": "a11y",
          "side": "crystalline",
          "phase": "normal",
          "cardinality": 11,
          "full_components_sha256": "960bb495730949c4241a993ef6341b6c2b87e977c0e42450d5f43be2675bee3c",
          "rgba8_sha256": "20de1b5440e58c3727d645e6f8444d9e6d1c73fb09f9e905a49c314dc58496da",
          "verdict": "Preserved"
        },
        {
          "id": "color.map.inferno",
          "profile": "html+a11y",
          "side": "vanilla",
          "phase": "normal",
          "cardinality": 11,
          "full_components_sha256": "960bb495730949c4241a993ef6341b6c2b87e977c0e42450d5f43be2675bee3c",
          "rgba8_sha256": "20de1b5440e58c3727d645e6f8444d9e6d1c73fb09f9e905a49c314dc58496da",
          "verdict": "Preserved"
        },
        {
          "id": "color.map.inferno",
          "profile": "html+a11y",
          "side": "crystalline",
          "phase": "normal",
          "cardinality": 11,
          "full_components_sha256": "960bb495730949c4241a993ef6341b6c2b87e977c0e42450d5f43be2675bee3c",
          "rgba8_sha256": "20de1b5440e58c3727d645e6f8444d9e6d1c73fb09f9e905a49c314dc58496da",
          "verdict": "Preserved"
        },
        {
          "id": "color.map.magma",
          "profile": "default",
          "side": "vanilla",
          "phase": "normal",
          "cardinality": 11,
          "full_components_sha256": "12f8585f1d5e3c3de3fbc3de7e1fe4e48f537619695b35ef2af0f280b8fd0e99",
          "rgba8_sha256": "c634397325d83383609535f10e2d964efd899be34a2cef337379a5368b09fa79",
          "verdict": "Preserved"
        },
        {
          "id": "color.map.magma",
          "profile": "default",
          "side": "crystalline",
          "phase": "normal",
          "cardinality": 11,
          "full_components_sha256": "12f8585f1d5e3c3de3fbc3de7e1fe4e48f537619695b35ef2af0f280b8fd0e99",
          "rgba8_sha256": "c634397325d83383609535f10e2d964efd899be34a2cef337379a5368b09fa79",
          "verdict": "Preserved"
        },
        {
          "id": "color.map.magma",
          "profile": "html",
          "side": "vanilla",
          "phase": "normal",
          "cardinality": 11,
          "full_components_sha256": "12f8585f1d5e3c3de3fbc3de7e1fe4e48f537619695b35ef2af0f280b8fd0e99",
          "rgba8_sha256": "c634397325d83383609535f10e2d964efd899be34a2cef337379a5368b09fa79",
          "verdict": "Preserved"
        },
        {
          "id": "color.map.magma",
          "profile": "html",
          "side": "crystalline",
          "phase": "normal",
          "cardinality": 11,
          "full_components_sha256": "12f8585f1d5e3c3de3fbc3de7e1fe4e48f537619695b35ef2af0f280b8fd0e99",
          "rgba8_sha256": "c634397325d83383609535f10e2d964efd899be34a2cef337379a5368b09fa79",
          "verdict": "Preserved"
        },
        {
          "id": "color.map.magma",
          "profile": "a11y",
          "side": "vanilla",
          "phase": "normal",
          "cardinality": 11,
          "full_components_sha256": "12f8585f1d5e3c3de3fbc3de7e1fe4e48f537619695b35ef2af0f280b8fd0e99",
          "rgba8_sha256": "c634397325d83383609535f10e2d964efd899be34a2cef337379a5368b09fa79",
          "verdict": "Preserved"
        },
        {
          "id": "color.map.magma",
          "profile": "a11y",
          "side": "crystalline",
          "phase": "normal",
          "cardinality": 11,
          "full_components_sha256": "12f8585f1d5e3c3de3fbc3de7e1fe4e48f537619695b35ef2af0f280b8fd0e99",
          "rgba8_sha256": "c634397325d83383609535f10e2d964efd899be34a2cef337379a5368b09fa79",
          "verdict": "Preserved"
        },
        {
          "id": "color.map.magma",
          "profile": "html+a11y",
          "side": "vanilla",
          "phase": "normal",
          "cardinality": 11,
          "full_components_sha256": "12f8585f1d5e3c3de3fbc3de7e1fe4e48f537619695b35ef2af0f280b8fd0e99",
          "rgba8_sha256": "c634397325d83383609535f10e2d964efd899be34a2cef337379a5368b09fa79",
          "verdict": "Preserved"
        },
        {
          "id": "color.map.magma",
          "profile": "html+a11y",
          "side": "crystalline",
          "phase": "normal",
          "cardinality": 11,
          "full_components_sha256": "12f8585f1d5e3c3de3fbc3de7e1fe4e48f537619695b35ef2af0f280b8fd0e99",
          "rgba8_sha256": "c634397325d83383609535f10e2d964efd899be34a2cef337379a5368b09fa79",
          "verdict": "Preserved"
        },
        {
          "id": "color.map.plasma",
          "profile": "default",
          "side": "vanilla",
          "phase": "normal",
          "cardinality": 11,
          "full_components_sha256": "bf0107185a4e9573b7a19b9eee9464d885d9b3f38f6cff9b5ea08778a8cb7ea5",
          "rgba8_sha256": "f0ddd8a6d9e12c3c3b5d705dfa2e7c5f7929ce242c8d94ab5e4a0f6b2e0d9f2d",
          "verdict": "Preserved"
        },
        {
          "id": "color.map.plasma",
          "profile": "default",
          "side": "crystalline",
          "phase": "normal",
          "cardinality": 11,
          "full_components_sha256": "bf0107185a4e9573b7a19b9eee9464d885d9b3f38f6cff9b5ea08778a8cb7ea5",
          "rgba8_sha256": "f0ddd8a6d9e12c3c3b5d705dfa2e7c5f7929ce242c8d94ab5e4a0f6b2e0d9f2d",
          "verdict": "Preserved"
        },
        {
          "id": "color.map.plasma",
          "profile": "html",
          "side": "vanilla",
          "phase": "normal",
          "cardinality": 11,
          "full_components_sha256": "bf0107185a4e9573b7a19b9eee9464d885d9b3f38f6cff9b5ea08778a8cb7ea5",
          "rgba8_sha256": "f0ddd8a6d9e12c3c3b5d705dfa2e7c5f7929ce242c8d94ab5e4a0f6b2e0d9f2d",
          "verdict": "Preserved"
        },
        {
          "id": "color.map.plasma",
          "profile": "html",
          "side": "crystalline",
          "phase": "normal",
          "cardinality": 11,
          "full_components_sha256": "bf0107185a4e9573b7a19b9eee9464d885d9b3f38f6cff9b5ea08778a8cb7ea5",
          "rgba8_sha256": "f0ddd8a6d9e12c3c3b5d705dfa2e7c5f7929ce242c8d94ab5e4a0f6b2e0d9f2d",
          "verdict": "Preserved"
        },
        {
          "id": "color.map.plasma",
          "profile": "a11y",
          "side": "vanilla",
          "phase": "normal",
          "cardinality": 11,
          "full_components_sha256": "bf0107185a4e9573b7a19b9eee9464d885d9b3f38f6cff9b5ea08778a8cb7ea5",
          "rgba8_sha256": "f0ddd8a6d9e12c3c3b5d705dfa2e7c5f7929ce242c8d94ab5e4a0f6b2e0d9f2d",
          "verdict": "Preserved"
        },
        {
          "id": "color.map.plasma",
          "profile": "a11y",
          "side": "crystalline",
          "phase": "normal",
          "cardinality": 11,
          "full_components_sha256": "bf0107185a4e9573b7a19b9eee9464d885d9b3f38f6cff9b5ea08778a8cb7ea5",
          "rgba8_sha256": "f0ddd8a6d9e12c3c3b5d705dfa2e7c5f7929ce242c8d94ab5e4a0f6b2e0d9f2d",
          "verdict": "Preserved"
        },
        {
          "id": "color.map.plasma",
          "profile": "html+a11y",
          "side": "vanilla",
          "phase": "normal",
          "cardinality": 11,
          "full_components_sha256": "bf0107185a4e9573b7a19b9eee9464d885d9b3f38f6cff9b5ea08778a8cb7ea5",
          "rgba8_sha256": "f0ddd8a6d9e12c3c3b5d705dfa2e7c5f7929ce242c8d94ab5e4a0f6b2e0d9f2d",
          "verdict": "Preserved"
        },
        {
          "id": "color.map.plasma",
          "profile": "html+a11y",
          "side": "crystalline",
          "phase": "normal",
          "cardinality": 11,
          "full_components_sha256": "bf0107185a4e9573b7a19b9eee9464d885d9b3f38f6cff9b5ea08778a8cb7ea5",
          "rgba8_sha256": "f0ddd8a6d9e12c3c3b5d705dfa2e7c5f7929ce242c8d94ab5e4a0f6b2e0d9f2d",
          "verdict": "Preserved"
        },
        {
          "id": "color.map.spectral",
          "profile": "default",
          "side": "vanilla",
          "phase": "normal",
          "cardinality": 11,
          "full_components_sha256": "97003e5353277d36cd48437884026fadc5982939d2f253145b5ce39c2b16cf16",
          "rgba8_sha256": "1c62ea2e765ddf6d6b1c5189e772605e0203d6116bf384597df0cfa4cdab5f17",
          "verdict": "Preserved"
        },
        {
          "id": "color.map.spectral",
          "profile": "default",
          "side": "crystalline",
          "phase": "normal",
          "cardinality": 11,
          "full_components_sha256": "97003e5353277d36cd48437884026fadc5982939d2f253145b5ce39c2b16cf16",
          "rgba8_sha256": "1c62ea2e765ddf6d6b1c5189e772605e0203d6116bf384597df0cfa4cdab5f17",
          "verdict": "Preserved"
        },
        {
          "id": "color.map.spectral",
          "profile": "html",
          "side": "vanilla",
          "phase": "normal",
          "cardinality": 11,
          "full_components_sha256": "97003e5353277d36cd48437884026fadc5982939d2f253145b5ce39c2b16cf16",
          "rgba8_sha256": "1c62ea2e765ddf6d6b1c5189e772605e0203d6116bf384597df0cfa4cdab5f17",
          "verdict": "Preserved"
        },
        {
          "id": "color.map.spectral",
          "profile": "html",
          "side": "crystalline",
          "phase": "normal",
          "cardinality": 11,
          "full_components_sha256": "97003e5353277d36cd48437884026fadc5982939d2f253145b5ce39c2b16cf16",
          "rgba8_sha256": "1c62ea2e765ddf6d6b1c5189e772605e0203d6116bf384597df0cfa4cdab5f17",
          "verdict": "Preserved"
        },
        {
          "id": "color.map.spectral",
          "profile": "a11y",
          "side": "vanilla",
          "phase": "normal",
          "cardinality": 11,
          "full_components_sha256": "97003e5353277d36cd48437884026fadc5982939d2f253145b5ce39c2b16cf16",
          "rgba8_sha256": "1c62ea2e765ddf6d6b1c5189e772605e0203d6116bf384597df0cfa4cdab5f17",
          "verdict": "Preserved"
        },
        {
          "id": "color.map.spectral",
          "profile": "a11y",
          "side": "crystalline",
          "phase": "normal",
          "cardinality": 11,
          "full_components_sha256": "97003e5353277d36cd48437884026fadc5982939d2f253145b5ce39c2b16cf16",
          "rgba8_sha256": "1c62ea2e765ddf6d6b1c5189e772605e0203d6116bf384597df0cfa4cdab5f17",
          "verdict": "Preserved"
        },
        {
          "id": "color.map.spectral",
          "profile": "html+a11y",
          "side": "vanilla",
          "phase": "normal",
          "cardinality": 11,
          "full_components_sha256": "97003e5353277d36cd48437884026fadc5982939d2f253145b5ce39c2b16cf16",
          "rgba8_sha256": "1c62ea2e765ddf6d6b1c5189e772605e0203d6116bf384597df0cfa4cdab5f17",
          "verdict": "Preserved"
        },
        {
          "id": "color.map.spectral",
          "profile": "html+a11y",
          "side": "crystalline",
          "phase": "normal",
          "cardinality": 11,
          "full_components_sha256": "97003e5353277d36cd48437884026fadc5982939d2f253145b5ce39c2b16cf16",
          "rgba8_sha256": "1c62ea2e765ddf6d6b1c5189e772605e0203d6116bf384597df0cfa4cdab5f17",
          "verdict": "Preserved"
        },
        {
          "id": "color.map.spectral",
          "profile": "html+a11y",
          "side": "crystalline",
          "phase": "inverted",
          "cardinality": 11,
          "full_components_sha256": "97003e5353277d36cd48437884026fadc5982939d2f253145b5ce39c2b16cf16",
          "rgba8_sha256": "1c62ea2e765ddf6d6b1c5189e772605e0203d6116bf384597df0cfa4cdab5f17",
          "verdict": "Preserved"
        },
        {
          "id": "color.map.spectral",
          "profile": "html+a11y",
          "side": "vanilla",
          "phase": "inverted",
          "cardinality": 11,
          "full_components_sha256": "97003e5353277d36cd48437884026fadc5982939d2f253145b5ce39c2b16cf16",
          "rgba8_sha256": "1c62ea2e765ddf6d6b1c5189e772605e0203d6116bf384597df0cfa4cdab5f17",
          "verdict": "Preserved"
        },
        {
          "id": "color.map.spectral",
          "profile": "a11y",
          "side": "crystalline",
          "phase": "inverted",
          "cardinality": 11,
          "full_components_sha256": "97003e5353277d36cd48437884026fadc5982939d2f253145b5ce39c2b16cf16",
          "rgba8_sha256": "1c62ea2e765ddf6d6b1c5189e772605e0203d6116bf384597df0cfa4cdab5f17",
          "verdict": "Preserved"
        },
        {
          "id": "color.map.spectral",
          "profile": "a11y",
          "side": "vanilla",
          "phase": "inverted",
          "cardinality": 11,
          "full_components_sha256": "97003e5353277d36cd48437884026fadc5982939d2f253145b5ce39c2b16cf16",
          "rgba8_sha256": "1c62ea2e765ddf6d6b1c5189e772605e0203d6116bf384597df0cfa4cdab5f17",
          "verdict": "Preserved"
        },
        {
          "id": "color.map.spectral",
          "profile": "html",
          "side": "crystalline",
          "phase": "inverted",
          "cardinality": 11,
          "full_components_sha256": "97003e5353277d36cd48437884026fadc5982939d2f253145b5ce39c2b16cf16",
          "rgba8_sha256": "1c62ea2e765ddf6d6b1c5189e772605e0203d6116bf384597df0cfa4cdab5f17",
          "verdict": "Preserved"
        },
        {
          "id": "color.map.spectral",
          "profile": "html",
          "side": "vanilla",
          "phase": "inverted",
          "cardinality": 11,
          "full_components_sha256": "97003e5353277d36cd48437884026fadc5982939d2f253145b5ce39c2b16cf16",
          "rgba8_sha256": "1c62ea2e765ddf6d6b1c5189e772605e0203d6116bf384597df0cfa4cdab5f17",
          "verdict": "Preserved"
        },
        {
          "id": "color.map.spectral",
          "profile": "default",
          "side": "crystalline",
          "phase": "inverted",
          "cardinality": 11,
          "full_components_sha256": "97003e5353277d36cd48437884026fadc5982939d2f253145b5ce39c2b16cf16",
          "rgba8_sha256": "1c62ea2e765ddf6d6b1c5189e772605e0203d6116bf384597df0cfa4cdab5f17",
          "verdict": "Preserved"
        },
        {
          "id": "color.map.spectral",
          "profile": "default",
          "side": "vanilla",
          "phase": "inverted",
          "cardinality": 11,
          "full_components_sha256": "97003e5353277d36cd48437884026fadc5982939d2f253145b5ce39c2b16cf16",
          "rgba8_sha256": "1c62ea2e765ddf6d6b1c5189e772605e0203d6116bf384597df0cfa4cdab5f17",
          "verdict": "Preserved"
        },
        {
          "id": "color.map.plasma",
          "profile": "html+a11y",
          "side": "crystalline",
          "phase": "inverted",
          "cardinality": 11,
          "full_components_sha256": "bf0107185a4e9573b7a19b9eee9464d885d9b3f38f6cff9b5ea08778a8cb7ea5",
          "rgba8_sha256": "f0ddd8a6d9e12c3c3b5d705dfa2e7c5f7929ce242c8d94ab5e4a0f6b2e0d9f2d",
          "verdict": "Preserved"
        },
        {
          "id": "color.map.plasma",
          "profile": "html+a11y",
          "side": "vanilla",
          "phase": "inverted",
          "cardinality": 11,
          "full_components_sha256": "bf0107185a4e9573b7a19b9eee9464d885d9b3f38f6cff9b5ea08778a8cb7ea5",
          "rgba8_sha256": "f0ddd8a6d9e12c3c3b5d705dfa2e7c5f7929ce242c8d94ab5e4a0f6b2e0d9f2d",
          "verdict": "Preserved"
        },
        {
          "id": "color.map.plasma",
          "profile": "a11y",
          "side": "crystalline",
          "phase": "inverted",
          "cardinality": 11,
          "full_components_sha256": "bf0107185a4e9573b7a19b9eee9464d885d9b3f38f6cff9b5ea08778a8cb7ea5",
          "rgba8_sha256": "f0ddd8a6d9e12c3c3b5d705dfa2e7c5f7929ce242c8d94ab5e4a0f6b2e0d9f2d",
          "verdict": "Preserved"
        },
        {
          "id": "color.map.plasma",
          "profile": "a11y",
          "side": "vanilla",
          "phase": "inverted",
          "cardinality": 11,
          "full_components_sha256": "bf0107185a4e9573b7a19b9eee9464d885d9b3f38f6cff9b5ea08778a8cb7ea5",
          "rgba8_sha256": "f0ddd8a6d9e12c3c3b5d705dfa2e7c5f7929ce242c8d94ab5e4a0f6b2e0d9f2d",
          "verdict": "Preserved"
        },
        {
          "id": "color.map.plasma",
          "profile": "html",
          "side": "crystalline",
          "phase": "inverted",
          "cardinality": 11,
          "full_components_sha256": "bf0107185a4e9573b7a19b9eee9464d885d9b3f38f6cff9b5ea08778a8cb7ea5",
          "rgba8_sha256": "f0ddd8a6d9e12c3c3b5d705dfa2e7c5f7929ce242c8d94ab5e4a0f6b2e0d9f2d",
          "verdict": "Preserved"
        },
        {
          "id": "color.map.plasma",
          "profile": "html",
          "side": "vanilla",
          "phase": "inverted",
          "cardinality": 11,
          "full_components_sha256": "bf0107185a4e9573b7a19b9eee9464d885d9b3f38f6cff9b5ea08778a8cb7ea5",
          "rgba8_sha256": "f0ddd8a6d9e12c3c3b5d705dfa2e7c5f7929ce242c8d94ab5e4a0f6b2e0d9f2d",
          "verdict": "Preserved"
        },
        {
          "id": "color.map.plasma",
          "profile": "default",
          "side": "crystalline",
          "phase": "inverted",
          "cardinality": 11,
          "full_components_sha256": "bf0107185a4e9573b7a19b9eee9464d885d9b3f38f6cff9b5ea08778a8cb7ea5",
          "rgba8_sha256": "f0ddd8a6d9e12c3c3b5d705dfa2e7c5f7929ce242c8d94ab5e4a0f6b2e0d9f2d",
          "verdict": "Preserved"
        },
        {
          "id": "color.map.plasma",
          "profile": "default",
          "side": "vanilla",
          "phase": "inverted",
          "cardinality": 11,
          "full_components_sha256": "bf0107185a4e9573b7a19b9eee9464d885d9b3f38f6cff9b5ea08778a8cb7ea5",
          "rgba8_sha256": "f0ddd8a6d9e12c3c3b5d705dfa2e7c5f7929ce242c8d94ab5e4a0f6b2e0d9f2d",
          "verdict": "Preserved"
        },
        {
          "id": "color.map.magma",
          "profile": "html+a11y",
          "side": "crystalline",
          "phase": "inverted",
          "cardinality": 11,
          "full_components_sha256": "12f8585f1d5e3c3de3fbc3de7e1fe4e48f537619695b35ef2af0f280b8fd0e99",
          "rgba8_sha256": "c634397325d83383609535f10e2d964efd899be34a2cef337379a5368b09fa79",
          "verdict": "Preserved"
        },
        {
          "id": "color.map.magma",
          "profile": "html+a11y",
          "side": "vanilla",
          "phase": "inverted",
          "cardinality": 11,
          "full_components_sha256": "12f8585f1d5e3c3de3fbc3de7e1fe4e48f537619695b35ef2af0f280b8fd0e99",
          "rgba8_sha256": "c634397325d83383609535f10e2d964efd899be34a2cef337379a5368b09fa79",
          "verdict": "Preserved"
        },
        {
          "id": "color.map.magma",
          "profile": "a11y",
          "side": "crystalline",
          "phase": "inverted",
          "cardinality": 11,
          "full_components_sha256": "12f8585f1d5e3c3de3fbc3de7e1fe4e48f537619695b35ef2af0f280b8fd0e99",
          "rgba8_sha256": "c634397325d83383609535f10e2d964efd899be34a2cef337379a5368b09fa79",
          "verdict": "Preserved"
        },
        {
          "id": "color.map.magma",
          "profile": "a11y",
          "side": "vanilla",
          "phase": "inverted",
          "cardinality": 11,
          "full_components_sha256": "12f8585f1d5e3c3de3fbc3de7e1fe4e48f537619695b35ef2af0f280b8fd0e99",
          "rgba8_sha256": "c634397325d83383609535f10e2d964efd899be34a2cef337379a5368b09fa79",
          "verdict": "Preserved"
        },
        {
          "id": "color.map.magma",
          "profile": "html",
          "side": "crystalline",
          "phase": "inverted",
          "cardinality": 11,
          "full_components_sha256": "12f8585f1d5e3c3de3fbc3de7e1fe4e48f537619695b35ef2af0f280b8fd0e99",
          "rgba8_sha256": "c634397325d83383609535f10e2d964efd899be34a2cef337379a5368b09fa79",
          "verdict": "Preserved"
        },
        {
          "id": "color.map.magma",
          "profile": "html",
          "side": "vanilla",
          "phase": "inverted",
          "cardinality": 11,
          "full_components_sha256": "12f8585f1d5e3c3de3fbc3de7e1fe4e48f537619695b35ef2af0f280b8fd0e99",
          "rgba8_sha256": "c634397325d83383609535f10e2d964efd899be34a2cef337379a5368b09fa79",
          "verdict": "Preserved"
        },
        {
          "id": "color.map.magma",
          "profile": "default",
          "side": "crystalline",
          "phase": "inverted",
          "cardinality": 11,
          "full_components_sha256": "12f8585f1d5e3c3de3fbc3de7e1fe4e48f537619695b35ef2af0f280b8fd0e99",
          "rgba8_sha256": "c634397325d83383609535f10e2d964efd899be34a2cef337379a5368b09fa79",
          "verdict": "Preserved"
        },
        {
          "id": "color.map.magma",
          "profile": "default",
          "side": "vanilla",
          "phase": "inverted",
          "cardinality": 11,
          "full_components_sha256": "12f8585f1d5e3c3de3fbc3de7e1fe4e48f537619695b35ef2af0f280b8fd0e99",
          "rgba8_sha256": "c634397325d83383609535f10e2d964efd899be34a2cef337379a5368b09fa79",
          "verdict": "Preserved"
        },
        {
          "id": "color.map.inferno",
          "profile": "html+a11y",
          "side": "crystalline",
          "phase": "inverted",
          "cardinality": 11,
          "full_components_sha256": "960bb495730949c4241a993ef6341b6c2b87e977c0e42450d5f43be2675bee3c",
          "rgba8_sha256": "20de1b5440e58c3727d645e6f8444d9e6d1c73fb09f9e905a49c314dc58496da",
          "verdict": "Preserved"
        },
        {
          "id": "color.map.inferno",
          "profile": "html+a11y",
          "side": "vanilla",
          "phase": "inverted",
          "cardinality": 11,
          "full_components_sha256": "960bb495730949c4241a993ef6341b6c2b87e977c0e42450d5f43be2675bee3c",
          "rgba8_sha256": "20de1b5440e58c3727d645e6f8444d9e6d1c73fb09f9e905a49c314dc58496da",
          "verdict": "Preserved"
        },
        {
          "id": "color.map.inferno",
          "profile": "a11y",
          "side": "crystalline",
          "phase": "inverted",
          "cardinality": 11,
          "full_components_sha256": "960bb495730949c4241a993ef6341b6c2b87e977c0e42450d5f43be2675bee3c",
          "rgba8_sha256": "20de1b5440e58c3727d645e6f8444d9e6d1c73fb09f9e905a49c314dc58496da",
          "verdict": "Preserved"
        },
        {
          "id": "color.map.inferno",
          "profile": "a11y",
          "side": "vanilla",
          "phase": "inverted",
          "cardinality": 11,
          "full_components_sha256": "960bb495730949c4241a993ef6341b6c2b87e977c0e42450d5f43be2675bee3c",
          "rgba8_sha256": "20de1b5440e58c3727d645e6f8444d9e6d1c73fb09f9e905a49c314dc58496da",
          "verdict": "Preserved"
        },
        {
          "id": "color.map.inferno",
          "profile": "html",
          "side": "crystalline",
          "phase": "inverted",
          "cardinality": 11,
          "full_components_sha256": "960bb495730949c4241a993ef6341b6c2b87e977c0e42450d5f43be2675bee3c",
          "rgba8_sha256": "20de1b5440e58c3727d645e6f8444d9e6d1c73fb09f9e905a49c314dc58496da",
          "verdict": "Preserved"
        },
        {
          "id": "color.map.inferno",
          "profile": "html",
          "side": "vanilla",
          "phase": "inverted",
          "cardinality": 11,
          "full_components_sha256": "960bb495730949c4241a993ef6341b6c2b87e977c0e42450d5f43be2675bee3c",
          "rgba8_sha256": "20de1b5440e58c3727d645e6f8444d9e6d1c73fb09f9e905a49c314dc58496da",
          "verdict": "Preserved"
        },
        {
          "id": "color.map.inferno",
          "profile": "default",
          "side": "crystalline",
          "phase": "inverted",
          "cardinality": 11,
          "full_components_sha256": "960bb495730949c4241a993ef6341b6c2b87e977c0e42450d5f43be2675bee3c",
          "rgba8_sha256": "20de1b5440e58c3727d645e6f8444d9e6d1c73fb09f9e905a49c314dc58496da",
          "verdict": "Preserved"
        },
        {
          "id": "color.map.inferno",
          "profile": "default",
          "side": "vanilla",
          "phase": "inverted",
          "cardinality": 11,
          "full_components_sha256": "960bb495730949c4241a993ef6341b6c2b87e977c0e42450d5f43be2675bee3c",
          "rgba8_sha256": "20de1b5440e58c3727d645e6f8444d9e6d1c73fb09f9e905a49c314dc58496da",
          "verdict": "Preserved"
        },
        {
          "id": "color.map.viridis",
          "profile": "html+a11y",
          "side": "crystalline",
          "phase": "inverted",
          "cardinality": 9,
          "full_components_sha256": "a17e03d9aca39af71a5dd7467990e89bb2a59ce3b12c0df83e799299950bb1ea",
          "rgba8_sha256": "3b9d02b0685ec2ae62958a287c4cdd68fdb08f642339aabaa8d96e60aeaf999b",
          "verdict": "Preserved"
        },
        {
          "id": "color.map.viridis",
          "profile": "html+a11y",
          "side": "vanilla",
          "phase": "inverted",
          "cardinality": 9,
          "full_components_sha256": "a17e03d9aca39af71a5dd7467990e89bb2a59ce3b12c0df83e799299950bb1ea",
          "rgba8_sha256": "3b9d02b0685ec2ae62958a287c4cdd68fdb08f642339aabaa8d96e60aeaf999b",
          "verdict": "Preserved"
        },
        {
          "id": "color.map.viridis",
          "profile": "a11y",
          "side": "crystalline",
          "phase": "inverted",
          "cardinality": 9,
          "full_components_sha256": "a17e03d9aca39af71a5dd7467990e89bb2a59ce3b12c0df83e799299950bb1ea",
          "rgba8_sha256": "3b9d02b0685ec2ae62958a287c4cdd68fdb08f642339aabaa8d96e60aeaf999b",
          "verdict": "Preserved"
        },
        {
          "id": "color.map.viridis",
          "profile": "a11y",
          "side": "vanilla",
          "phase": "inverted",
          "cardinality": 9,
          "full_components_sha256": "a17e03d9aca39af71a5dd7467990e89bb2a59ce3b12c0df83e799299950bb1ea",
          "rgba8_sha256": "3b9d02b0685ec2ae62958a287c4cdd68fdb08f642339aabaa8d96e60aeaf999b",
          "verdict": "Preserved"
        },
        {
          "id": "color.map.viridis",
          "profile": "html",
          "side": "crystalline",
          "phase": "inverted",
          "cardinality": 9,
          "full_components_sha256": "a17e03d9aca39af71a5dd7467990e89bb2a59ce3b12c0df83e799299950bb1ea",
          "rgba8_sha256": "3b9d02b0685ec2ae62958a287c4cdd68fdb08f642339aabaa8d96e60aeaf999b",
          "verdict": "Preserved"
        },
        {
          "id": "color.map.viridis",
          "profile": "html",
          "side": "vanilla",
          "phase": "inverted",
          "cardinality": 9,
          "full_components_sha256": "a17e03d9aca39af71a5dd7467990e89bb2a59ce3b12c0df83e799299950bb1ea",
          "rgba8_sha256": "3b9d02b0685ec2ae62958a287c4cdd68fdb08f642339aabaa8d96e60aeaf999b",
          "verdict": "Preserved"
        },
        {
          "id": "color.map.viridis",
          "profile": "default",
          "side": "crystalline",
          "phase": "inverted",
          "cardinality": 9,
          "full_components_sha256": "a17e03d9aca39af71a5dd7467990e89bb2a59ce3b12c0df83e799299950bb1ea",
          "rgba8_sha256": "3b9d02b0685ec2ae62958a287c4cdd68fdb08f642339aabaa8d96e60aeaf999b",
          "verdict": "Preserved"
        },
        {
          "id": "color.map.viridis",
          "profile": "default",
          "side": "vanilla",
          "phase": "inverted",
          "cardinality": 9,
          "full_components_sha256": "a17e03d9aca39af71a5dd7467990e89bb2a59ce3b12c0df83e799299950bb1ea",
          "rgba8_sha256": "3b9d02b0685ec2ae62958a287c4cdd68fdb08f642339aabaa8d96e60aeaf999b",
          "verdict": "Preserved"
        },
        {
          "id": "color.map.vlag",
          "profile": "html+a11y",
          "side": "crystalline",
          "phase": "inverted",
          "cardinality": 256,
          "full_components_sha256": "30fc8faead18a3791779cfa15f74922983a40d9466d51ff2d6026f2e7bf204e9",
          "rgba8_sha256": "d015c8a4cb87aaebc49d0416edf430e5c76392e772602ca1234ce6fe748db81d",
          "verdict": "Preserved"
        },
        {
          "id": "color.map.vlag",
          "profile": "html+a11y",
          "side": "vanilla",
          "phase": "inverted",
          "cardinality": 256,
          "full_components_sha256": "30fc8faead18a3791779cfa15f74922983a40d9466d51ff2d6026f2e7bf204e9",
          "rgba8_sha256": "d015c8a4cb87aaebc49d0416edf430e5c76392e772602ca1234ce6fe748db81d",
          "verdict": "Preserved"
        },
        {
          "id": "color.map.vlag",
          "profile": "a11y",
          "side": "crystalline",
          "phase": "inverted",
          "cardinality": 256,
          "full_components_sha256": "30fc8faead18a3791779cfa15f74922983a40d9466d51ff2d6026f2e7bf204e9",
          "rgba8_sha256": "d015c8a4cb87aaebc49d0416edf430e5c76392e772602ca1234ce6fe748db81d",
          "verdict": "Preserved"
        },
        {
          "id": "color.map.vlag",
          "profile": "a11y",
          "side": "vanilla",
          "phase": "inverted",
          "cardinality": 256,
          "full_components_sha256": "30fc8faead18a3791779cfa15f74922983a40d9466d51ff2d6026f2e7bf204e9",
          "rgba8_sha256": "d015c8a4cb87aaebc49d0416edf430e5c76392e772602ca1234ce6fe748db81d",
          "verdict": "Preserved"
        },
        {
          "id": "color.map.vlag",
          "profile": "html",
          "side": "crystalline",
          "phase": "inverted",
          "cardinality": 256,
          "full_components_sha256": "30fc8faead18a3791779cfa15f74922983a40d9466d51ff2d6026f2e7bf204e9",
          "rgba8_sha256": "d015c8a4cb87aaebc49d0416edf430e5c76392e772602ca1234ce6fe748db81d",
          "verdict": "Preserved"
        },
        {
          "id": "color.map.vlag",
          "profile": "html",
          "side": "vanilla",
          "phase": "inverted",
          "cardinality": 256,
          "full_components_sha256": "30fc8faead18a3791779cfa15f74922983a40d9466d51ff2d6026f2e7bf204e9",
          "rgba8_sha256": "d015c8a4cb87aaebc49d0416edf430e5c76392e772602ca1234ce6fe748db81d",
          "verdict": "Preserved"
        },
        {
          "id": "color.map.vlag",
          "profile": "default",
          "side": "crystalline",
          "phase": "inverted",
          "cardinality": 256,
          "full_components_sha256": "30fc8faead18a3791779cfa15f74922983a40d9466d51ff2d6026f2e7bf204e9",
          "rgba8_sha256": "d015c8a4cb87aaebc49d0416edf430e5c76392e772602ca1234ce6fe748db81d",
          "verdict": "Preserved"
        },
        {
          "id": "color.map.vlag",
          "profile": "default",
          "side": "vanilla",
          "phase": "inverted",
          "cardinality": 256,
          "full_components_sha256": "30fc8faead18a3791779cfa15f74922983a40d9466d51ff2d6026f2e7bf204e9",
          "rgba8_sha256": "d015c8a4cb87aaebc49d0416edf430e5c76392e772602ca1234ce6fe748db81d",
          "verdict": "Preserved"
        },
        {
          "id": "color.map.turbo",
          "profile": "html+a11y",
          "side": "crystalline",
          "phase": "inverted",
          "cardinality": 256,
          "full_components_sha256": "f541a4070600f609202ded62e60892729c60dca02653b28a1afc98f5eb707edc",
          "rgba8_sha256": "7909421397bc2bef00faf5a1064d7356ad4cab112ec1fd5e290b124a13529a3e",
          "verdict": "Preserved"
        },
        {
          "id": "color.map.turbo",
          "profile": "html+a11y",
          "side": "vanilla",
          "phase": "inverted",
          "cardinality": 256,
          "full_components_sha256": "f541a4070600f609202ded62e60892729c60dca02653b28a1afc98f5eb707edc",
          "rgba8_sha256": "7909421397bc2bef00faf5a1064d7356ad4cab112ec1fd5e290b124a13529a3e",
          "verdict": "Preserved"
        },
        {
          "id": "color.map.turbo",
          "profile": "a11y",
          "side": "crystalline",
          "phase": "inverted",
          "cardinality": 256,
          "full_components_sha256": "f541a4070600f609202ded62e60892729c60dca02653b28a1afc98f5eb707edc",
          "rgba8_sha256": "7909421397bc2bef00faf5a1064d7356ad4cab112ec1fd5e290b124a13529a3e",
          "verdict": "Preserved"
        },
        {
          "id": "color.map.turbo",
          "profile": "a11y",
          "side": "vanilla",
          "phase": "inverted",
          "cardinality": 256,
          "full_components_sha256": "f541a4070600f609202ded62e60892729c60dca02653b28a1afc98f5eb707edc",
          "rgba8_sha256": "7909421397bc2bef00faf5a1064d7356ad4cab112ec1fd5e290b124a13529a3e",
          "verdict": "Preserved"
        },
        {
          "id": "color.map.turbo",
          "profile": "html",
          "side": "crystalline",
          "phase": "inverted",
          "cardinality": 256,
          "full_components_sha256": "f541a4070600f609202ded62e60892729c60dca02653b28a1afc98f5eb707edc",
          "rgba8_sha256": "7909421397bc2bef00faf5a1064d7356ad4cab112ec1fd5e290b124a13529a3e",
          "verdict": "Preserved"
        },
        {
          "id": "color.map.turbo",
          "profile": "html",
          "side": "vanilla",
          "phase": "inverted",
          "cardinality": 256,
          "full_components_sha256": "f541a4070600f609202ded62e60892729c60dca02653b28a1afc98f5eb707edc",
          "rgba8_sha256": "7909421397bc2bef00faf5a1064d7356ad4cab112ec1fd5e290b124a13529a3e",
          "verdict": "Preserved"
        },
        {
          "id": "color.map.turbo",
          "profile": "default",
          "side": "crystalline",
          "phase": "inverted",
          "cardinality": 256,
          "full_components_sha256": "f541a4070600f609202ded62e60892729c60dca02653b28a1afc98f5eb707edc",
          "rgba8_sha256": "7909421397bc2bef00faf5a1064d7356ad4cab112ec1fd5e290b124a13529a3e",
          "verdict": "Preserved"
        },
        {
          "id": "color.map.turbo",
          "profile": "default",
          "side": "vanilla",
          "phase": "inverted",
          "cardinality": 256,
          "full_components_sha256": "f541a4070600f609202ded62e60892729c60dca02653b28a1afc98f5eb707edc",
          "rgba8_sha256": "7909421397bc2bef00faf5a1064d7356ad4cab112ec1fd5e290b124a13529a3e",
          "verdict": "Preserved"
        },
        {
          "id": "color.map.rocket",
          "profile": "html+a11y",
          "side": "crystalline",
          "phase": "inverted",
          "cardinality": 256,
          "full_components_sha256": "b8df2ff0044367e053497e2f93706f92ec386edbca24ed3507941bae22e9d2b2",
          "rgba8_sha256": "b3d6e7d7762c8e4d3b27d86aa41391cf8d5093df122b328bc6482f2d37a1497b",
          "verdict": "Preserved"
        },
        {
          "id": "color.map.rocket",
          "profile": "html+a11y",
          "side": "vanilla",
          "phase": "inverted",
          "cardinality": 256,
          "full_components_sha256": "b8df2ff0044367e053497e2f93706f92ec386edbca24ed3507941bae22e9d2b2",
          "rgba8_sha256": "b3d6e7d7762c8e4d3b27d86aa41391cf8d5093df122b328bc6482f2d37a1497b",
          "verdict": "Preserved"
        },
        {
          "id": "color.map.rocket",
          "profile": "a11y",
          "side": "crystalline",
          "phase": "inverted",
          "cardinality": 256,
          "full_components_sha256": "b8df2ff0044367e053497e2f93706f92ec386edbca24ed3507941bae22e9d2b2",
          "rgba8_sha256": "b3d6e7d7762c8e4d3b27d86aa41391cf8d5093df122b328bc6482f2d37a1497b",
          "verdict": "Preserved"
        },
        {
          "id": "color.map.rocket",
          "profile": "a11y",
          "side": "vanilla",
          "phase": "inverted",
          "cardinality": 256,
          "full_components_sha256": "b8df2ff0044367e053497e2f93706f92ec386edbca24ed3507941bae22e9d2b2",
          "rgba8_sha256": "b3d6e7d7762c8e4d3b27d86aa41391cf8d5093df122b328bc6482f2d37a1497b",
          "verdict": "Preserved"
        },
        {
          "id": "color.map.rocket",
          "profile": "html",
          "side": "crystalline",
          "phase": "inverted",
          "cardinality": 256,
          "full_components_sha256": "b8df2ff0044367e053497e2f93706f92ec386edbca24ed3507941bae22e9d2b2",
          "rgba8_sha256": "b3d6e7d7762c8e4d3b27d86aa41391cf8d5093df122b328bc6482f2d37a1497b",
          "verdict": "Preserved"
        },
        {
          "id": "color.map.rocket",
          "profile": "html",
          "side": "vanilla",
          "phase": "inverted",
          "cardinality": 256,
          "full_components_sha256": "b8df2ff0044367e053497e2f93706f92ec386edbca24ed3507941bae22e9d2b2",
          "rgba8_sha256": "b3d6e7d7762c8e4d3b27d86aa41391cf8d5093df122b328bc6482f2d37a1497b",
          "verdict": "Preserved"
        },
        {
          "id": "color.map.rocket",
          "profile": "default",
          "side": "crystalline",
          "phase": "inverted",
          "cardinality": 256,
          "full_components_sha256": "b8df2ff0044367e053497e2f93706f92ec386edbca24ed3507941bae22e9d2b2",
          "rgba8_sha256": "b3d6e7d7762c8e4d3b27d86aa41391cf8d5093df122b328bc6482f2d37a1497b",
          "verdict": "Preserved"
        },
        {
          "id": "color.map.rocket",
          "profile": "default",
          "side": "vanilla",
          "phase": "inverted",
          "cardinality": 256,
          "full_components_sha256": "b8df2ff0044367e053497e2f93706f92ec386edbca24ed3507941bae22e9d2b2",
          "rgba8_sha256": "b3d6e7d7762c8e4d3b27d86aa41391cf8d5093df122b328bc6482f2d37a1497b",
          "verdict": "Preserved"
        },
        {
          "id": "color.map.rainbow",
          "profile": "html+a11y",
          "side": "crystalline",
          "phase": "inverted",
          "cardinality": 256,
          "full_components_sha256": "5bb0fd73db804d0585edbc842b6a6b41263e73d09e5a410486a4339f4e19d8af",
          "rgba8_sha256": "74fe385a692d3da43ff8afc8f61896f76bc87a1a766f05f4897f5e8164db4ed7",
          "verdict": "Preserved"
        },
        {
          "id": "color.map.rainbow",
          "profile": "html+a11y",
          "side": "vanilla",
          "phase": "inverted",
          "cardinality": 256,
          "full_components_sha256": "5bb0fd73db804d0585edbc842b6a6b41263e73d09e5a410486a4339f4e19d8af",
          "rgba8_sha256": "74fe385a692d3da43ff8afc8f61896f76bc87a1a766f05f4897f5e8164db4ed7",
          "verdict": "Preserved"
        },
        {
          "id": "color.map.rainbow",
          "profile": "a11y",
          "side": "crystalline",
          "phase": "inverted",
          "cardinality": 256,
          "full_components_sha256": "5bb0fd73db804d0585edbc842b6a6b41263e73d09e5a410486a4339f4e19d8af",
          "rgba8_sha256": "74fe385a692d3da43ff8afc8f61896f76bc87a1a766f05f4897f5e8164db4ed7",
          "verdict": "Preserved"
        },
        {
          "id": "color.map.rainbow",
          "profile": "a11y",
          "side": "vanilla",
          "phase": "inverted",
          "cardinality": 256,
          "full_components_sha256": "5bb0fd73db804d0585edbc842b6a6b41263e73d09e5a410486a4339f4e19d8af",
          "rgba8_sha256": "74fe385a692d3da43ff8afc8f61896f76bc87a1a766f05f4897f5e8164db4ed7",
          "verdict": "Preserved"
        },
        {
          "id": "color.map.rainbow",
          "profile": "html",
          "side": "crystalline",
          "phase": "inverted",
          "cardinality": 256,
          "full_components_sha256": "5bb0fd73db804d0585edbc842b6a6b41263e73d09e5a410486a4339f4e19d8af",
          "rgba8_sha256": "74fe385a692d3da43ff8afc8f61896f76bc87a1a766f05f4897f5e8164db4ed7",
          "verdict": "Preserved"
        },
        {
          "id": "color.map.rainbow",
          "profile": "html",
          "side": "vanilla",
          "phase": "inverted",
          "cardinality": 256,
          "full_components_sha256": "5bb0fd73db804d0585edbc842b6a6b41263e73d09e5a410486a4339f4e19d8af",
          "rgba8_sha256": "74fe385a692d3da43ff8afc8f61896f76bc87a1a766f05f4897f5e8164db4ed7",
          "verdict": "Preserved"
        },
        {
          "id": "color.map.rainbow",
          "profile": "default",
          "side": "crystalline",
          "phase": "inverted",
          "cardinality": 256,
          "full_components_sha256": "5bb0fd73db804d0585edbc842b6a6b41263e73d09e5a410486a4339f4e19d8af",
          "rgba8_sha256": "74fe385a692d3da43ff8afc8f61896f76bc87a1a766f05f4897f5e8164db4ed7",
          "verdict": "Preserved"
        },
        {
          "id": "color.map.rainbow",
          "profile": "default",
          "side": "vanilla",
          "phase": "inverted",
          "cardinality": 256,
          "full_components_sha256": "5bb0fd73db804d0585edbc842b6a6b41263e73d09e5a410486a4339f4e19d8af",
          "rgba8_sha256": "74fe385a692d3da43ff8afc8f61896f76bc87a1a766f05f4897f5e8164db4ed7",
          "verdict": "Preserved"
        },
        {
          "id": "color.map.mako",
          "profile": "html+a11y",
          "side": "crystalline",
          "phase": "inverted",
          "cardinality": 256,
          "full_components_sha256": "6d63b174dbea62119db155e9356faab96934526f8bde8893de28d44aa62ce8a9",
          "rgba8_sha256": "f74edb89a1207308a4534b6648d32f54439e0057fb5b4cb0346151610131da77",
          "verdict": "Preserved"
        },
        {
          "id": "color.map.mako",
          "profile": "html+a11y",
          "side": "vanilla",
          "phase": "inverted",
          "cardinality": 256,
          "full_components_sha256": "6d63b174dbea62119db155e9356faab96934526f8bde8893de28d44aa62ce8a9",
          "rgba8_sha256": "f74edb89a1207308a4534b6648d32f54439e0057fb5b4cb0346151610131da77",
          "verdict": "Preserved"
        },
        {
          "id": "color.map.mako",
          "profile": "a11y",
          "side": "crystalline",
          "phase": "inverted",
          "cardinality": 256,
          "full_components_sha256": "6d63b174dbea62119db155e9356faab96934526f8bde8893de28d44aa62ce8a9",
          "rgba8_sha256": "f74edb89a1207308a4534b6648d32f54439e0057fb5b4cb0346151610131da77",
          "verdict": "Preserved"
        },
        {
          "id": "color.map.mako",
          "profile": "a11y",
          "side": "vanilla",
          "phase": "inverted",
          "cardinality": 256,
          "full_components_sha256": "6d63b174dbea62119db155e9356faab96934526f8bde8893de28d44aa62ce8a9",
          "rgba8_sha256": "f74edb89a1207308a4534b6648d32f54439e0057fb5b4cb0346151610131da77",
          "verdict": "Preserved"
        },
        {
          "id": "color.map.mako",
          "profile": "html",
          "side": "crystalline",
          "phase": "inverted",
          "cardinality": 256,
          "full_components_sha256": "6d63b174dbea62119db155e9356faab96934526f8bde8893de28d44aa62ce8a9",
          "rgba8_sha256": "f74edb89a1207308a4534b6648d32f54439e0057fb5b4cb0346151610131da77",
          "verdict": "Preserved"
        },
        {
          "id": "color.map.mako",
          "profile": "html",
          "side": "vanilla",
          "phase": "inverted",
          "cardinality": 256,
          "full_components_sha256": "6d63b174dbea62119db155e9356faab96934526f8bde8893de28d44aa62ce8a9",
          "rgba8_sha256": "f74edb89a1207308a4534b6648d32f54439e0057fb5b4cb0346151610131da77",
          "verdict": "Preserved"
        },
        {
          "id": "color.map.mako",
          "profile": "default",
          "side": "crystalline",
          "phase": "inverted",
          "cardinality": 256,
          "full_components_sha256": "6d63b174dbea62119db155e9356faab96934526f8bde8893de28d44aa62ce8a9",
          "rgba8_sha256": "f74edb89a1207308a4534b6648d32f54439e0057fb5b4cb0346151610131da77",
          "verdict": "Preserved"
        },
        {
          "id": "color.map.mako",
          "profile": "default",
          "side": "vanilla",
          "phase": "inverted",
          "cardinality": 256,
          "full_components_sha256": "6d63b174dbea62119db155e9356faab96934526f8bde8893de28d44aa62ce8a9",
          "rgba8_sha256": "f74edb89a1207308a4534b6648d32f54439e0057fb5b4cb0346151610131da77",
          "verdict": "Preserved"
        },
        {
          "id": "color.map.icefire",
          "profile": "html+a11y",
          "side": "crystalline",
          "phase": "inverted",
          "cardinality": 256,
          "full_components_sha256": "1e78a3341a4839f9e95b2d1c16895a0335c8fb30a7ca2a4aba6361485b0e6f82",
          "rgba8_sha256": "0de0d1c2a9dd6a8a03cd3155b872ea4a2eeaa74a5454df8f511632aa5d91e55f",
          "verdict": "Preserved"
        },
        {
          "id": "color.map.icefire",
          "profile": "html+a11y",
          "side": "vanilla",
          "phase": "inverted",
          "cardinality": 256,
          "full_components_sha256": "1e78a3341a4839f9e95b2d1c16895a0335c8fb30a7ca2a4aba6361485b0e6f82",
          "rgba8_sha256": "0de0d1c2a9dd6a8a03cd3155b872ea4a2eeaa74a5454df8f511632aa5d91e55f",
          "verdict": "Preserved"
        },
        {
          "id": "color.map.icefire",
          "profile": "a11y",
          "side": "crystalline",
          "phase": "inverted",
          "cardinality": 256,
          "full_components_sha256": "1e78a3341a4839f9e95b2d1c16895a0335c8fb30a7ca2a4aba6361485b0e6f82",
          "rgba8_sha256": "0de0d1c2a9dd6a8a03cd3155b872ea4a2eeaa74a5454df8f511632aa5d91e55f",
          "verdict": "Preserved"
        },
        {
          "id": "color.map.icefire",
          "profile": "a11y",
          "side": "vanilla",
          "phase": "inverted",
          "cardinality": 256,
          "full_components_sha256": "1e78a3341a4839f9e95b2d1c16895a0335c8fb30a7ca2a4aba6361485b0e6f82",
          "rgba8_sha256": "0de0d1c2a9dd6a8a03cd3155b872ea4a2eeaa74a5454df8f511632aa5d91e55f",
          "verdict": "Preserved"
        },
        {
          "id": "color.map.icefire",
          "profile": "html",
          "side": "crystalline",
          "phase": "inverted",
          "cardinality": 256,
          "full_components_sha256": "1e78a3341a4839f9e95b2d1c16895a0335c8fb30a7ca2a4aba6361485b0e6f82",
          "rgba8_sha256": "0de0d1c2a9dd6a8a03cd3155b872ea4a2eeaa74a5454df8f511632aa5d91e55f",
          "verdict": "Preserved"
        },
        {
          "id": "color.map.icefire",
          "profile": "html",
          "side": "vanilla",
          "phase": "inverted",
          "cardinality": 256,
          "full_components_sha256": "1e78a3341a4839f9e95b2d1c16895a0335c8fb30a7ca2a4aba6361485b0e6f82",
          "rgba8_sha256": "0de0d1c2a9dd6a8a03cd3155b872ea4a2eeaa74a5454df8f511632aa5d91e55f",
          "verdict": "Preserved"
        },
        {
          "id": "color.map.icefire",
          "profile": "default",
          "side": "crystalline",
          "phase": "inverted",
          "cardinality": 256,
          "full_components_sha256": "1e78a3341a4839f9e95b2d1c16895a0335c8fb30a7ca2a4aba6361485b0e6f82",
          "rgba8_sha256": "0de0d1c2a9dd6a8a03cd3155b872ea4a2eeaa74a5454df8f511632aa5d91e55f",
          "verdict": "Preserved"
        },
        {
          "id": "color.map.icefire",
          "profile": "default",
          "side": "vanilla",
          "phase": "inverted",
          "cardinality": 256,
          "full_components_sha256": "1e78a3341a4839f9e95b2d1c16895a0335c8fb30a7ca2a4aba6361485b0e6f82",
          "rgba8_sha256": "0de0d1c2a9dd6a8a03cd3155b872ea4a2eeaa74a5454df8f511632aa5d91e55f",
          "verdict": "Preserved"
        },
        {
          "id": "color.map.flare",
          "profile": "html+a11y",
          "side": "crystalline",
          "phase": "inverted",
          "cardinality": 256,
          "full_components_sha256": "eeb677850dfd64acc1449d19824ffa4f3921b0910eb8bd9ec3bb67c4dfe2af6f",
          "rgba8_sha256": "03f70bedc78f4fb3e22b3f7ed06a680d56d721321eca69218ab746d4c803f595",
          "verdict": "Preserved"
        },
        {
          "id": "color.map.flare",
          "profile": "html+a11y",
          "side": "vanilla",
          "phase": "inverted",
          "cardinality": 256,
          "full_components_sha256": "eeb677850dfd64acc1449d19824ffa4f3921b0910eb8bd9ec3bb67c4dfe2af6f",
          "rgba8_sha256": "03f70bedc78f4fb3e22b3f7ed06a680d56d721321eca69218ab746d4c803f595",
          "verdict": "Preserved"
        },
        {
          "id": "color.map.flare",
          "profile": "a11y",
          "side": "crystalline",
          "phase": "inverted",
          "cardinality": 256,
          "full_components_sha256": "eeb677850dfd64acc1449d19824ffa4f3921b0910eb8bd9ec3bb67c4dfe2af6f",
          "rgba8_sha256": "03f70bedc78f4fb3e22b3f7ed06a680d56d721321eca69218ab746d4c803f595",
          "verdict": "Preserved"
        },
        {
          "id": "color.map.flare",
          "profile": "a11y",
          "side": "vanilla",
          "phase": "inverted",
          "cardinality": 256,
          "full_components_sha256": "eeb677850dfd64acc1449d19824ffa4f3921b0910eb8bd9ec3bb67c4dfe2af6f",
          "rgba8_sha256": "03f70bedc78f4fb3e22b3f7ed06a680d56d721321eca69218ab746d4c803f595",
          "verdict": "Preserved"
        },
        {
          "id": "color.map.flare",
          "profile": "html",
          "side": "crystalline",
          "phase": "inverted",
          "cardinality": 256,
          "full_components_sha256": "eeb677850dfd64acc1449d19824ffa4f3921b0910eb8bd9ec3bb67c4dfe2af6f",
          "rgba8_sha256": "03f70bedc78f4fb3e22b3f7ed06a680d56d721321eca69218ab746d4c803f595",
          "verdict": "Preserved"
        },
        {
          "id": "color.map.flare",
          "profile": "html",
          "side": "vanilla",
          "phase": "inverted",
          "cardinality": 256,
          "full_components_sha256": "eeb677850dfd64acc1449d19824ffa4f3921b0910eb8bd9ec3bb67c4dfe2af6f",
          "rgba8_sha256": "03f70bedc78f4fb3e22b3f7ed06a680d56d721321eca69218ab746d4c803f595",
          "verdict": "Preserved"
        },
        {
          "id": "color.map.flare",
          "profile": "default",
          "side": "crystalline",
          "phase": "inverted",
          "cardinality": 256,
          "full_components_sha256": "eeb677850dfd64acc1449d19824ffa4f3921b0910eb8bd9ec3bb67c4dfe2af6f",
          "rgba8_sha256": "03f70bedc78f4fb3e22b3f7ed06a680d56d721321eca69218ab746d4c803f595",
          "verdict": "Preserved"
        },
        {
          "id": "color.map.flare",
          "profile": "default",
          "side": "vanilla",
          "phase": "inverted",
          "cardinality": 256,
          "full_components_sha256": "eeb677850dfd64acc1449d19824ffa4f3921b0910eb8bd9ec3bb67c4dfe2af6f",
          "rgba8_sha256": "03f70bedc78f4fb3e22b3f7ed06a680d56d721321eca69218ab746d4c803f595",
          "verdict": "Preserved"
        },
        {
          "id": "color.map.crest",
          "profile": "html+a11y",
          "side": "crystalline",
          "phase": "inverted",
          "cardinality": 256,
          "full_components_sha256": "8abb85b4cc5d005558e8afbda40d6148f96f7aba565ef54ec343984e94d76829",
          "rgba8_sha256": "660b6381c0f53156c07b4f0f86988a280c06578f46a44b734c1f388cadeaeb98",
          "verdict": "Preserved"
        },
        {
          "id": "color.map.crest",
          "profile": "html+a11y",
          "side": "vanilla",
          "phase": "inverted",
          "cardinality": 256,
          "full_components_sha256": "8abb85b4cc5d005558e8afbda40d6148f96f7aba565ef54ec343984e94d76829",
          "rgba8_sha256": "660b6381c0f53156c07b4f0f86988a280c06578f46a44b734c1f388cadeaeb98",
          "verdict": "Preserved"
        },
        {
          "id": "color.map.crest",
          "profile": "a11y",
          "side": "crystalline",
          "phase": "inverted",
          "cardinality": 256,
          "full_components_sha256": "8abb85b4cc5d005558e8afbda40d6148f96f7aba565ef54ec343984e94d76829",
          "rgba8_sha256": "660b6381c0f53156c07b4f0f86988a280c06578f46a44b734c1f388cadeaeb98",
          "verdict": "Preserved"
        },
        {
          "id": "color.map.crest",
          "profile": "a11y",
          "side": "vanilla",
          "phase": "inverted",
          "cardinality": 256,
          "full_components_sha256": "8abb85b4cc5d005558e8afbda40d6148f96f7aba565ef54ec343984e94d76829",
          "rgba8_sha256": "660b6381c0f53156c07b4f0f86988a280c06578f46a44b734c1f388cadeaeb98",
          "verdict": "Preserved"
        },
        {
          "id": "color.map.crest",
          "profile": "html",
          "side": "crystalline",
          "phase": "inverted",
          "cardinality": 256,
          "full_components_sha256": "8abb85b4cc5d005558e8afbda40d6148f96f7aba565ef54ec343984e94d76829",
          "rgba8_sha256": "660b6381c0f53156c07b4f0f86988a280c06578f46a44b734c1f388cadeaeb98",
          "verdict": "Preserved"
        },
        {
          "id": "color.map.crest",
          "profile": "html",
          "side": "vanilla",
          "phase": "inverted",
          "cardinality": 256,
          "full_components_sha256": "8abb85b4cc5d005558e8afbda40d6148f96f7aba565ef54ec343984e94d76829",
          "rgba8_sha256": "660b6381c0f53156c07b4f0f86988a280c06578f46a44b734c1f388cadeaeb98",
          "verdict": "Preserved"
        },
        {
          "id": "color.map.crest",
          "profile": "default",
          "side": "crystalline",
          "phase": "inverted",
          "cardinality": 256,
          "full_components_sha256": "8abb85b4cc5d005558e8afbda40d6148f96f7aba565ef54ec343984e94d76829",
          "rgba8_sha256": "660b6381c0f53156c07b4f0f86988a280c06578f46a44b734c1f388cadeaeb98",
          "verdict": "Preserved"
        },
        {
          "id": "color.map.crest",
          "profile": "default",
          "side": "vanilla",
          "phase": "inverted",
          "cardinality": 256,
          "full_components_sha256": "8abb85b4cc5d005558e8afbda40d6148f96f7aba565ef54ec343984e94d76829",
          "rgba8_sha256": "660b6381c0f53156c07b4f0f86988a280c06578f46a44b734c1f388cadeaeb98",
          "verdict": "Preserved"
        },
        {
          "id": "color.map.coolwarm",
          "profile": "html+a11y",
          "side": "crystalline",
          "phase": "inverted",
          "cardinality": 256,
          "full_components_sha256": "a3ce430b5f593b83beaae013b989ad01eb49a8d751dd470fec2f0ab90b0cd2b2",
          "rgba8_sha256": "13161dddf6ad860268eece02ce446b1025d3ab95871cc1a484a93aa05da4aed2",
          "verdict": "Preserved"
        },
        {
          "id": "color.map.coolwarm",
          "profile": "html+a11y",
          "side": "vanilla",
          "phase": "inverted",
          "cardinality": 256,
          "full_components_sha256": "a3ce430b5f593b83beaae013b989ad01eb49a8d751dd470fec2f0ab90b0cd2b2",
          "rgba8_sha256": "13161dddf6ad860268eece02ce446b1025d3ab95871cc1a484a93aa05da4aed2",
          "verdict": "Preserved"
        },
        {
          "id": "color.map.coolwarm",
          "profile": "a11y",
          "side": "crystalline",
          "phase": "inverted",
          "cardinality": 256,
          "full_components_sha256": "a3ce430b5f593b83beaae013b989ad01eb49a8d751dd470fec2f0ab90b0cd2b2",
          "rgba8_sha256": "13161dddf6ad860268eece02ce446b1025d3ab95871cc1a484a93aa05da4aed2",
          "verdict": "Preserved"
        },
        {
          "id": "color.map.coolwarm",
          "profile": "a11y",
          "side": "vanilla",
          "phase": "inverted",
          "cardinality": 256,
          "full_components_sha256": "a3ce430b5f593b83beaae013b989ad01eb49a8d751dd470fec2f0ab90b0cd2b2",
          "rgba8_sha256": "13161dddf6ad860268eece02ce446b1025d3ab95871cc1a484a93aa05da4aed2",
          "verdict": "Preserved"
        },
        {
          "id": "color.map.coolwarm",
          "profile": "html",
          "side": "crystalline",
          "phase": "inverted",
          "cardinality": 256,
          "full_components_sha256": "a3ce430b5f593b83beaae013b989ad01eb49a8d751dd470fec2f0ab90b0cd2b2",
          "rgba8_sha256": "13161dddf6ad860268eece02ce446b1025d3ab95871cc1a484a93aa05da4aed2",
          "verdict": "Preserved"
        },
        {
          "id": "color.map.coolwarm",
          "profile": "html",
          "side": "vanilla",
          "phase": "inverted",
          "cardinality": 256,
          "full_components_sha256": "a3ce430b5f593b83beaae013b989ad01eb49a8d751dd470fec2f0ab90b0cd2b2",
          "rgba8_sha256": "13161dddf6ad860268eece02ce446b1025d3ab95871cc1a484a93aa05da4aed2",
          "verdict": "Preserved"
        },
        {
          "id": "color.map.coolwarm",
          "profile": "default",
          "side": "crystalline",
          "phase": "inverted",
          "cardinality": 256,
          "full_components_sha256": "a3ce430b5f593b83beaae013b989ad01eb49a8d751dd470fec2f0ab90b0cd2b2",
          "rgba8_sha256": "13161dddf6ad860268eece02ce446b1025d3ab95871cc1a484a93aa05da4aed2",
          "verdict": "Preserved"
        },
        {
          "id": "color.map.coolwarm",
          "profile": "default",
          "side": "vanilla",
          "phase": "inverted",
          "cardinality": 256,
          "full_components_sha256": "a3ce430b5f593b83beaae013b989ad01eb49a8d751dd470fec2f0ab90b0cd2b2",
          "rgba8_sha256": "13161dddf6ad860268eece02ce446b1025d3ab95871cc1a484a93aa05da4aed2",
          "verdict": "Preserved"
        },
        {
          "id": "color.map.cividis",
          "profile": "html+a11y",
          "side": "crystalline",
          "phase": "inverted",
          "cardinality": 256,
          "full_components_sha256": "4d7b7e6bbb5b6e24051b3127390bcbd99a2998f00efd7cda7c631a3678f7a88c",
          "rgba8_sha256": "dece34103d5266311558bb44f96f02df7090edf8977744fc9a1213b2213b2f79",
          "verdict": "Preserved"
        },
        {
          "id": "color.map.cividis",
          "profile": "html+a11y",
          "side": "vanilla",
          "phase": "inverted",
          "cardinality": 256,
          "full_components_sha256": "4d7b7e6bbb5b6e24051b3127390bcbd99a2998f00efd7cda7c631a3678f7a88c",
          "rgba8_sha256": "dece34103d5266311558bb44f96f02df7090edf8977744fc9a1213b2213b2f79",
          "verdict": "Preserved"
        },
        {
          "id": "color.map.cividis",
          "profile": "a11y",
          "side": "crystalline",
          "phase": "inverted",
          "cardinality": 256,
          "full_components_sha256": "4d7b7e6bbb5b6e24051b3127390bcbd99a2998f00efd7cda7c631a3678f7a88c",
          "rgba8_sha256": "dece34103d5266311558bb44f96f02df7090edf8977744fc9a1213b2213b2f79",
          "verdict": "Preserved"
        },
        {
          "id": "color.map.cividis",
          "profile": "a11y",
          "side": "vanilla",
          "phase": "inverted",
          "cardinality": 256,
          "full_components_sha256": "4d7b7e6bbb5b6e24051b3127390bcbd99a2998f00efd7cda7c631a3678f7a88c",
          "rgba8_sha256": "dece34103d5266311558bb44f96f02df7090edf8977744fc9a1213b2213b2f79",
          "verdict": "Preserved"
        },
        {
          "id": "color.map.cividis",
          "profile": "html",
          "side": "crystalline",
          "phase": "inverted",
          "cardinality": 256,
          "full_components_sha256": "4d7b7e6bbb5b6e24051b3127390bcbd99a2998f00efd7cda7c631a3678f7a88c",
          "rgba8_sha256": "dece34103d5266311558bb44f96f02df7090edf8977744fc9a1213b2213b2f79",
          "verdict": "Preserved"
        },
        {
          "id": "color.map.cividis",
          "profile": "html",
          "side": "vanilla",
          "phase": "inverted",
          "cardinality": 256,
          "full_components_sha256": "4d7b7e6bbb5b6e24051b3127390bcbd99a2998f00efd7cda7c631a3678f7a88c",
          "rgba8_sha256": "dece34103d5266311558bb44f96f02df7090edf8977744fc9a1213b2213b2f79",
          "verdict": "Preserved"
        },
        {
          "id": "color.map.cividis",
          "profile": "default",
          "side": "crystalline",
          "phase": "inverted",
          "cardinality": 256,
          "full_components_sha256": "4d7b7e6bbb5b6e24051b3127390bcbd99a2998f00efd7cda7c631a3678f7a88c",
          "rgba8_sha256": "dece34103d5266311558bb44f96f02df7090edf8977744fc9a1213b2213b2f79",
          "verdict": "Preserved"
        },
        {
          "id": "color.map.cividis",
          "profile": "default",
          "side": "vanilla",
          "phase": "inverted",
          "cardinality": 256,
          "full_components_sha256": "4d7b7e6bbb5b6e24051b3127390bcbd99a2998f00efd7cda7c631a3678f7a88c",
          "rgba8_sha256": "dece34103d5266311558bb44f96f02df7090edf8977744fc9a1213b2213b2f79",
          "verdict": "Preserved"
        }
      ],
      "verdict": "Preserved"
    },
    "compiled_mutants": {
      "input": {
        "path": "/repos/Antigravity/typst-crystalline/00_nucleo/diagnosticos/p1305-r2-mutant-ledger.json",
        "sha256": "4947430f6b8fd38ca0bb5d269f09cf7b30747aa004f0afe292a2c2953035f635",
        "bytes": 8050001
      },
      "required_families": 27,
      "semantic_kills": 27,
      "survivors": 0,
      "unknown": 0,
      "mutation_score": 1.0,
      "recorded_attempts": 29,
      "operational_route_mismatches_retained": 2,
      "restored_copy_files": 527,
      "baseline_and_restoration_green": true,
      "execution_seconds": 299.12814413401065,
      "limit": "Range/assignment corruption models data faults at producers, not mutation through immutable repr. Two initial expression/document witness mappings were inverted; both original outcomes preserved and same frozen families then rejected at their correct route."
    },
    "candidate_sources": {
      "01_core/src/compiler/eval/repr.rs": {
        "path": "/repos/Antigravity/typst-crystalline/01_core/src/compiler/eval/repr.rs",
        "sha256": "0dde543205c04eeedc0896961d505ba315f1573d55fd17498e8b1b5544f9af8c",
        "bytes": 80423
      },
      "01_core/src/compiler/eval/modules.rs": {
        "path": "/repos/Antigravity/typst-crystalline/01_core/src/compiler/eval/modules.rs",
        "sha256": "a855f51063310ec00a1106e6447f7a6a3e753ef8ccbb5e17f37a2319da1c3594",
        "bytes": 13459
      },
      "01_core/src/compiler/eval/mod.rs": {
        "path": "/repos/Antigravity/typst-crystalline/01_core/src/compiler/eval/mod.rs",
        "sha256": "6ccb0a0a89fb932bca3feebab24f536f79225535def4a7464ca0e65194716bce",
        "bytes": 104159
      },
      "01_core/src/compiler/eval/tests.rs": {
        "path": "/repos/Antigravity/typst-crystalline/01_core/src/compiler/eval/tests.rs",
        "sha256": "d31bf513c616430c87e422338c7280ce6b3817561e3bdc4c37b3a55eab468f3e",
        "bytes": 763603
      }
    },
    "historical_pins_unchanged": [
      {
        "path": "/repos/Antigravity/typst-crystalline/00_nucleo/diagnosticos/p1303-adversarial-plan.md",
        "sha256": "ebaaad08d475a53fc2dc6fe41ea69c901069f302633b7e41ba0f5293031057b8",
        "bytes": 20907
      },
      {
        "path": "/repos/Antigravity/typst-crystalline/00_nucleo/diagnosticos/p1303-adversarial-revision-1.md",
        "sha256": "0bb015a2a99f06a848889482be38c4e473502c2455eea74935cc8b892d5924c8",
        "bytes": 12122
      },
      {
        "path": "/repos/Antigravity/typst-crystalline/00_nucleo/diagnosticos/p1303-baseline-status.txt",
        "sha256": "8e06d7deba171604986f5ae3eca4d9c2c964a2aaf6d2a0f1971f7aa27574d9a8",
        "bytes": 2066
      },
      {
        "path": "/repos/Antigravity/typst-crystalline/00_nucleo/diagnosticos/p1303-candidate-runner.py",
        "sha256": "8d89d0d7189e3b5fa145cd9fad9e89541dc5667125dfaa7b964101b676cde53f",
        "bytes": 14300
      },
      {
        "path": "/repos/Antigravity/typst-crystalline/00_nucleo/diagnosticos/p1303-certificate.json",
        "sha256": "77d209164fa3e2c9af5d5df69ee8ad7d72db8a5fc829e7469a827efcbc46fb90",
        "bytes": 8425
      },
      {
        "path": "/repos/Antigravity/typst-crystalline/00_nucleo/diagnosticos/p1303-contract.md",
        "sha256": "837cb4bd1f38428d93cdadf9216c0182c69e3d8bfa8eb489ed52a710e2bbdf8a",
        "bytes": 17189
      },
      {
        "path": "/repos/Antigravity/typst-crystalline/00_nucleo/diagnosticos/p1303-final-measurement.json",
        "sha256": "e56622f54973981c294233c3d1a3a12df4ef0bee13c91347fb1c343dd2d35ed7",
        "bytes": 100277
      },
      {
        "path": "/repos/Antigravity/typst-crystalline/00_nucleo/diagnosticos/p1303-final-report.md",
        "sha256": "c4aa69ab55dc9dcfce69c305d57a74a87cd7690cdc3cbe52300f39c7f5a47bc8",
        "bytes": 6972
      },
      {
        "path": "/repos/Antigravity/typst-crystalline/00_nucleo/diagnosticos/p1303-implementation-receipt.md",
        "sha256": "ccbfa2ea7644d6a6f4a7f779ceef15b116828077d277dc6a7388c014bbc37ef2",
        "bytes": 6427
      },
      {
        "path": "/repos/Antigravity/typst-crystalline/00_nucleo/diagnosticos/p1303-l0-gate-receipt.md",
        "sha256": "98ae55dcc62a8b1d29e2ab7133997e06c3b6587354b5851d21cca70e657dbe15",
        "bytes": 6011
      },
      {
        "path": "/repos/Antigravity/typst-crystalline/00_nucleo/diagnosticos/p1303-lineage-resell-receipt.md",
        "sha256": "bb7f015edc3a257472f210a3041d3067cd6c47c78e882682dcdce4f6836e53f4",
        "bytes": 4658
      },
      {
        "path": "/repos/Antigravity/typst-crystalline/00_nucleo/diagnosticos/p1303-manifest.json",
        "sha256": "1ec694b8e9247fdd6eda821e2ab8a66b925d8e5b2386277d2402f7108618923a",
        "bytes": 12980
      },
      {
        "path": "/repos/Antigravity/typst-crystalline/00_nucleo/diagnosticos/p1303-mutant-ledger.json",
        "sha256": "815993f122f0e303c1961b489db24e9f83c0bc7efc413664862f8b0714903f25",
        "bytes": 439547
      },
      {
        "path": "/repos/Antigravity/typst-crystalline/00_nucleo/diagnosticos/p1303-oracle-receipt.md",
        "sha256": "f23960b7c5a59f0586fda5378588d52de7546ff8551a5c6787c322af6f652289",
        "bytes": 5869
      },
      {
        "path": "/repos/Antigravity/typst-crystalline/00_nucleo/diagnosticos/p1303-pre-measurement.json",
        "sha256": "ef3a4eb0b6fcb3fb0e9b1d8ec54bfbfa8f1a4f7b58dd7c675cbf677bada573d4",
        "bytes": 102006
      },
      {
        "path": "/repos/Antigravity/typst-crystalline/00_nucleo/diagnosticos/p1303-red-tests-receipt.md",
        "sha256": "d1d20e0510f328b1ee505c3344287d70e8d28f56ed2e4608943118f871806e4a",
        "bytes": 228115
      },
      {
        "path": "/repos/Antigravity/typst-crystalline/00_nucleo/diagnosticos/p1303-verification-receipt.json",
        "sha256": "73243cecb10eb26ba4c7c5631939f7e5a8315134fcd9cf68a64221f3925e9e39",
        "bytes": 2517115
      },
      {
        "path": "/repos/Antigravity/typst-crystalline/00_nucleo/diagnosticos/p1304-baseline-status.txt",
        "sha256": "c94a8b6ec122ed6317d8019e0f357087cda679ba9124b8a0c9a60ceb720f3dda",
        "bytes": 8130
      },
      {
        "path": "/repos/Antigravity/typst-crystalline/00_nucleo/diagnosticos/p1304-build.log",
        "sha256": "9dfabed9d8d00b0bf3c1a3afe5febd7aa423503143a0126cc5fddad9060ca3f2",
        "bytes": 42175
      },
      {
        "path": "/repos/Antigravity/typst-crystalline/00_nucleo/diagnosticos/p1304-certificate.json",
        "sha256": "3e6aebcbedb2eb9fec44f3fed7446a68f1f63bc8b5d01c872034b3d8a97e86e4",
        "bytes": 8256
      },
      {
        "path": "/repos/Antigravity/typst-crystalline/00_nucleo/diagnosticos/p1304-decision-report.md",
        "sha256": "92e7ecf2ac895c56831a0d4619ba79d703372cff029885bbe1101511f13425bd",
        "bytes": 26719
      },
      {
        "path": "/repos/Antigravity/typst-crystalline/00_nucleo/diagnosticos/p1304-encode-readiness.json",
        "sha256": "156f56b9f65ad5fd4310aa7785d4667c1f2c20e13f3f5c8be43b280700e7b950",
        "bytes": 854084
      },
      {
        "path": "/repos/Antigravity/typst-crystalline/00_nucleo/diagnosticos/p1304-feature-matrix.json",
        "sha256": "7679f2438f59a3fdf3d17760f1398b3058b130b7c79f6234b86932fbecb810fb",
        "bytes": 13390122
      },
      {
        "path": "/repos/Antigravity/typst-crystalline/00_nucleo/diagnosticos/p1304-manifest.json",
        "sha256": "eeeb675a6496860dc8a12a681d64b086574fb2d7264011ac162a45b43583d862",
        "bytes": 34693
      },
      {
        "path": "/repos/Antigravity/typst-crystalline/00_nucleo/diagnosticos/p1304-owner-ledger.tsv",
        "sha256": "01e038177dde246c3196af79bdb36eb13eb2e03364b0b091056cb2af8f4d6770",
        "bytes": 155069
      },
      {
        "path": "/repos/Antigravity/typst-crystalline/00_nucleo/diagnosticos/p1304-prebuild.log",
        "sha256": "47f33604e51e8871f1be60d1c75bb0f9e8ac68bf40d753c4e6c047477144df91",
        "bytes": 225280
      },
      {
        "path": "/repos/Antigravity/typst-crystalline/00_nucleo/diagnosticos/p1304-probe-catalog.json",
        "sha256": "78f2422d0b2dbf0b6ef65231a17db273775ddb269eef7cf002d36a38496b1661",
        "bytes": 281941
      },
      {
        "path": "/repos/Antigravity/typst-crystalline/00_nucleo/diagnosticos/p1304-refinement.log",
        "sha256": "622af79aec2da88f8e1b5a3c1b2fc95eca417870a43c048790d4c940fd9f90d1",
        "bytes": 1986
      },
      {
        "path": "/repos/Antigravity/typst-crystalline/00_nucleo/diagnosticos/p1304-repr-refinement.json",
        "sha256": "6b300e95e456fd36828e68f8b15889af2a8184e514ee5be57ad2c8c1c0b4f6d2",
        "bytes": 23597943
      },
      {
        "path": "/repos/Antigravity/typst-crystalline/00_nucleo/diagnosticos/p1304-run-matrix.py",
        "sha256": "6c9f60029d2e7cb422d73afcc98c9970dbde9b04723046459f70aec065f82ebc",
        "bytes": 15646
      },
      {
        "path": "/repos/Antigravity/typst-crystalline/00_nucleo/diagnosticos/p1304-verification-receipt.json",
        "sha256": "9c5b1800afcde5157905c99f71aeaad72972c735d6bca0327167d8a2a55d4a19",
        "bytes": 20617
      },
      {
        "path": "/repos/Antigravity/typst-crystalline/00_nucleo/diagnosticos/p1304-verification.log",
        "sha256": "3025741f62f1ff84f6093878e246158dc3748705eb0b96408f556aba63316fc6",
        "bytes": 1185442
      },
      {
        "path": "/repos/Antigravity/typst-crystalline/00_nucleo/diagnosticos/p1305-build.log",
        "sha256": "758e10e4eb6d96433fd6768dea23ce67cfa6cda3ded21240d4b45c42f7897b6a",
        "bytes": 42191
      },
      {
        "path": "/repos/Antigravity/typst-crystalline/00_nucleo/diagnosticos/p1305-certificate.json",
        "sha256": "008be227d322a764f56b368f42291b5fe4a057b3cc41f67ff4fc5fc2776442b4",
        "bytes": 5963
      },
      {
        "path": "/repos/Antigravity/typst-crystalline/00_nucleo/diagnosticos/p1305-contract.md",
        "sha256": "bd7dfc46dbcd93087b7abd6c67bd64938c0162344cfb38606a4163083dcab038",
        "bytes": 12186
      },
      {
        "path": "/repos/Antigravity/typst-crystalline/00_nucleo/diagnosticos/p1305-final-report.md",
        "sha256": "f246e90dcdf5127f5c9bd5a5241d6ebf498548445e9e18b27bae735f7d41a2db",
        "bytes": 7520
      },
      {
        "path": "/repos/Antigravity/typst-crystalline/00_nucleo/diagnosticos/p1305-manifest.json",
        "sha256": "783cf02f9832e7a06ce0e53a1bc356ee5ca13eb3f225fc506649c023cc665b3b",
        "bytes": 14013
      },
      {
        "path": "/repos/Antigravity/typst-crystalline/00_nucleo/diagnosticos/p1305-pre-measurement.json",
        "sha256": "e2b3ef86b7893815cc700f09c95701f47485f4f24fff3f26571b087adffcf834",
        "bytes": 96667
      },
      {
        "path": "/repos/Antigravity/typst-crystalline/00_nucleo/diagnosticos/p1305-preflight-runner.py",
        "sha256": "4510ea004fad72d31a39929652f9c1eea478299c287d9f8c8ca1f75feeb1f21b",
        "bytes": 5109
      },
      {
        "path": "/repos/Antigravity/typst-crystalline/00_nucleo/diagnosticos/p1305-verification-receipt.json",
        "sha256": "bcf6dd2e4092266ca6c294551aeeeeaddc8832c7b8c7d795da96f5ab57dd2c87",
        "bytes": 30021
      },
      {
        "path": "/repos/Antigravity/typst-crystalline/00_nucleo/diagnosticos/p1304-manifest.json",
        "sha256": "eeeb675a6496860dc8a12a681d64b086574fb2d7264011ac162a45b43583d862",
        "bytes": 34693
      },
      {
        "path": "/repos/Antigravity/typst-crystalline/00_nucleo/diagnosticos/p1304-certificate.json",
        "sha256": "3e6aebcbedb2eb9fec44f3fed7446a68f1f63bc8b5d01c872034b3d8a97e86e4",
        "bytes": 8256
      }
    ],
    "verdict": "ALL_REMAINING_GATES_PRESERVED"
  }
]
