path	profiles	runtime_class_by_profile	previous_class	current_language_class	crystalline_owner_file_line	vanilla_source_file_line	owner_prompt	owner_prompt_hash_declared	owner_prompt_sha256	l0_claim	gate_class	inference	refutation	recommended_action	universe	probe_id	canonical_route
accent	default,html,a11y,html+a11y	default:CRYSTALLINE_ONLY;html:CRYSTALLINE_ONLY;a11y:CRYSTALLINE_ONLY;html+a11y:CRYSTALLINE_ONLY	INTENTIONAL_PRODUCT_EXTENSION	INTENTIONAL_PRODUCT_EXTENSION	01_core/src/compiler/stdlib/structural/math.rs:1141	lab/typst-original/crates/typst-library/src/lib.rs:374 (ausência na matriz pública)	00_nucleo/prompts/compiler/stdlib/structural/math.md	81441281	18b2fb0d9a3e1f6a0ff9cd8fb2e25047b4c9f2185cb6a511ae022e7a9c4e80a2	Retenção/global documentado no L0 semântico e/ou decisão de compatibilidade explícita no consumer; não se infere intenção somente da disponibilidade.	ADR-0127_HUMAN_GATE_IF_CONTRACT_REOPENED	CRYSTALLINE_ONLY fresco em todos os perfis; a intenção é auditada separadamente da execução.	Fonte normativa proibindo a publicação, remoção da retenção deliberada ou aceitação vanilla refutaria extensão.	Não selecionar automaticamente; reabrir contrato somente por decisão humana.	p1299_residual_160	path-accent	math.accent
angle.deg	default,html,a11y,html+a11y	default:VANILLA_ONLY;html:VANILLA_ONLY;a11y:VANILLA_ONLY;html+a11y:VANILLA_ONLY	MISSING_LANGUAGE_MEMBER	MISSING_LANGUAGE_MEMBER	01_core/src/compiler/eval/bindings/field_access.rs:269	lab/typst-original/crates/typst-library/src/layout/angle.rs:150	00_nucleo/prompts/compiler/eval/bindings/field_access.md	2d102890	92aa897909abfb6095ab59191614b0fd87c0d648e8e593ed8f0702176c2a542e	Membro público vanilla medido e cristalino ausente no lookup atual; a ausência não prova autorização L0 para implementá-lo.	ADR-0127_REASSESS_CONCRETE_OWNER_CHANGE	VANILLA_ONLY fresco nos perfis em que a feature está ativa; falha bilateral sem html é gate ancestral esperado, não fechamento.	Lookup cristalino com mesmo kind/repr ou ausência vanilla no perfil habilitado refutaria dívida.	Manter dívida para coorte do owner; nenhuma implementação autorizada.	p1299_residual_160	path-angle.deg	
angle.rad	default,html,a11y,html+a11y	default:VANILLA_ONLY;html:VANILLA_ONLY;a11y:VANILLA_ONLY;html+a11y:VANILLA_ONLY	MISSING_LANGUAGE_MEMBER	MISSING_LANGUAGE_MEMBER	01_core/src/compiler/eval/bindings/field_access.rs:269	lab/typst-original/crates/typst-library/src/layout/angle.rs:144	00_nucleo/prompts/compiler/eval/bindings/field_access.md	2d102890	92aa897909abfb6095ab59191614b0fd87c0d648e8e593ed8f0702176c2a542e	Membro público vanilla medido e cristalino ausente no lookup atual; a ausência não prova autorização L0 para implementá-lo.	ADR-0127_REASSESS_CONCRETE_OWNER_CHANGE	VANILLA_ONLY fresco nos perfis em que a feature está ativa; falha bilateral sem html é gate ancestral esperado, não fechamento.	Lookup cristalino com mesmo kind/repr ou ausência vanilla no perfil habilitado refutaria dívida.	Manter dívida para coorte do owner; nenhuma implementação autorizada.	p1299_residual_160	path-angle.rad	
asset	default,html,a11y,html+a11y	default:CRYSTALLINE_ONLY;html:CRYSTALLINE_ONLY;a11y:CRYSTALLINE_ONLY;html+a11y:CRYSTALLINE_ONLY	INTENTIONAL_PRODUCT_EXTENSION	INTENTIONAL_PRODUCT_EXTENSION	01_core/src/compiler/stdlib/structural/document.rs:2	lab/typst-original/crates/typst-library/src/lib.rs:374 (ausência na matriz pública)	00_nucleo/prompts/compiler/stdlib/structural/document.md	093b7ea0	efeabfeb8286212f9c29ad97caf225efc38977139671cb74a6813dc744ee1a92	Retenção/global documentado no L0 semântico e/ou decisão de compatibilidade explícita no consumer; não se infere intenção somente da disponibilidade.	ADR-0127_HUMAN_GATE_IF_CONTRACT_REOPENED	CRYSTALLINE_ONLY fresco em todos os perfis; a intenção é auditada separadamente da execução.	Fonte normativa proibindo a publicação, remoção da retenção deliberada ou aceitação vanilla refutaria extensão.	Não selecionar automaticamente; reabrir contrato somente por decisão humana.	p1299_residual_160	path-asset	
bb	default,html,a11y,html+a11y	default:CRYSTALLINE_ONLY;html:CRYSTALLINE_ONLY;a11y:CRYSTALLINE_ONLY;html+a11y:CRYSTALLINE_ONLY	INTENTIONAL_PRODUCT_EXTENSION	INTENTIONAL_PRODUCT_EXTENSION	01_core/src/compiler/stdlib/math_style.rs:2	lab/typst-original/crates/typst-library/src/lib.rs:374 (ausência na matriz pública)	00_nucleo/prompts/compiler/stdlib/math_style.md	56b9e300	02a1dadb6c08f3ea9ae109ff7bd2dc87e2616a5da5d4a4cfbf5a1269bc4c9603	Retenção/global documentado no L0 semântico e/ou decisão de compatibilidade explícita no consumer; não se infere intenção somente da disponibilidade.	ADR-0127_HUMAN_GATE_IF_CONTRACT_REOPENED	CRYSTALLINE_ONLY fresco em todos os perfis; a intenção é auditada separadamente da execução.	Fonte normativa proibindo a publicação, remoção da retenção deliberada ou aceitação vanilla refutaria extensão.	Não selecionar automaticamente; reabrir contrato somente por decisão humana.	p1299_residual_160	path-bb	math.bb
bold	default,html,a11y,html+a11y	default:CRYSTALLINE_ONLY;html:CRYSTALLINE_ONLY;a11y:CRYSTALLINE_ONLY;html+a11y:CRYSTALLINE_ONLY	INTENTIONAL_PRODUCT_EXTENSION	INTENTIONAL_PRODUCT_EXTENSION	01_core/src/compiler/stdlib/math_style.rs:2	lab/typst-original/crates/typst-library/src/lib.rs:374 (ausência na matriz pública)	00_nucleo/prompts/compiler/stdlib/math_style.md	56b9e300	02a1dadb6c08f3ea9ae109ff7bd2dc87e2616a5da5d4a4cfbf5a1269bc4c9603	Retenção/global documentado no L0 semântico e/ou decisão de compatibilidade explícita no consumer; não se infere intenção somente da disponibilidade.	ADR-0127_HUMAN_GATE_IF_CONTRACT_REOPENED	CRYSTALLINE_ONLY fresco em todos os perfis; a intenção é auditada separadamente da execução.	Fonte normativa proibindo a publicação, remoção da retenção deliberada ou aceitação vanilla refutaria extensão.	Não selecionar automaticamente; reabrir contrato somente por decisão humana.	p1299_residual_160	path-bold	math.bold
cal	default,html,a11y,html+a11y	default:CRYSTALLINE_ONLY;html:CRYSTALLINE_ONLY;a11y:CRYSTALLINE_ONLY;html+a11y:CRYSTALLINE_ONLY	INTENTIONAL_PRODUCT_EXTENSION	INTENTIONAL_PRODUCT_EXTENSION	01_core/src/compiler/stdlib/math_style.rs:2	lab/typst-original/crates/typst-library/src/lib.rs:374 (ausência na matriz pública)	00_nucleo/prompts/compiler/stdlib/math_style.md	56b9e300	02a1dadb6c08f3ea9ae109ff7bd2dc87e2616a5da5d4a4cfbf5a1269bc4c9603	Retenção/global documentado no L0 semântico e/ou decisão de compatibilidade explícita no consumer; não se infere intenção somente da disponibilidade.	ADR-0127_HUMAN_GATE_IF_CONTRACT_REOPENED	CRYSTALLINE_ONLY fresco em todos os perfis; a intenção é auditada separadamente da execução.	Fonte normativa proibindo a publicação, remoção da retenção deliberada ou aceitação vanilla refutaria extensão.	Não selecionar automaticamente; reabrir contrato somente por decisão humana.	p1299_residual_160	path-cal	math.cal
calc.deg	default,html,a11y,html+a11y	default:CRYSTALLINE_ONLY;html:CRYSTALLINE_ONLY;a11y:CRYSTALLINE_ONLY;html+a11y:CRYSTALLINE_ONLY	INTENTIONAL_PRODUCT_EXTENSION	INTENTIONAL_PRODUCT_EXTENSION	01_core/src/compiler/stdlib/calc.rs:2	lab/typst-original/crates/typst-library/src/lib.rs:374 (ausência na matriz pública)	00_nucleo/prompts/compiler/stdlib/calc.md	4f58eb82	0fc04b14b3cca19a203823ef392b56509d7ea2ff12a43550b2654fa2bb120f81	calc.md não explicita estes três extras; intenção de retenção consta em calc.rs:18 e :87-91. Lacuna documental não equivale a proibição normativa.	ADR-0127_HUMAN_GATE_IF_CONTRACT_REOPENED	CRYSTALLINE_ONLY fresco em todos os perfis; a intenção é auditada separadamente da execução.	Fonte normativa proibindo a publicação, remoção da retenção deliberada ou aceitação vanilla refutaria extensão.	Não selecionar automaticamente; reabrir contrato somente por decisão humana.	p1299_residual_160	path-calc.deg	
calc.log10	default,html,a11y,html+a11y	default:CRYSTALLINE_ONLY;html:CRYSTALLINE_ONLY;a11y:CRYSTALLINE_ONLY;html+a11y:CRYSTALLINE_ONLY	INTENTIONAL_PRODUCT_EXTENSION	INTENTIONAL_PRODUCT_EXTENSION	01_core/src/compiler/stdlib/calc.rs:2	lab/typst-original/crates/typst-library/src/lib.rs:374 (ausência na matriz pública)	00_nucleo/prompts/compiler/stdlib/calc.md	4f58eb82	0fc04b14b3cca19a203823ef392b56509d7ea2ff12a43550b2654fa2bb120f81	calc.md não explicita estes três extras; intenção de retenção consta em calc.rs:18 e :87-91. Lacuna documental não equivale a proibição normativa.	ADR-0127_HUMAN_GATE_IF_CONTRACT_REOPENED	CRYSTALLINE_ONLY fresco em todos os perfis; a intenção é auditada separadamente da execução.	Fonte normativa proibindo a publicação, remoção da retenção deliberada ou aceitação vanilla refutaria extensão.	Não selecionar automaticamente; reabrir contrato somente por decisão humana.	p1299_residual_160	path-calc.log10	
calc.rad	default,html,a11y,html+a11y	default:CRYSTALLINE_ONLY;html:CRYSTALLINE_ONLY;a11y:CRYSTALLINE_ONLY;html+a11y:CRYSTALLINE_ONLY	INTENTIONAL_PRODUCT_EXTENSION	INTENTIONAL_PRODUCT_EXTENSION	01_core/src/compiler/stdlib/calc.rs:2	lab/typst-original/crates/typst-library/src/lib.rs:374 (ausência na matriz pública)	00_nucleo/prompts/compiler/stdlib/calc.md	4f58eb82	0fc04b14b3cca19a203823ef392b56509d7ea2ff12a43550b2654fa2bb120f81	calc.md não explicita estes três extras; intenção de retenção consta em calc.rs:18 e :87-91. Lacuna documental não equivale a proibição normativa.	ADR-0127_HUMAN_GATE_IF_CONTRACT_REOPENED	CRYSTALLINE_ONLY fresco em todos os perfis; a intenção é auditada separadamente da execução.	Fonte normativa proibindo a publicação, remoção da retenção deliberada ou aceitação vanilla refutaria extensão.	Não selecionar automaticamente; reabrir contrato somente por decisão humana.	p1299_residual_160	path-calc.rad	
cancel	default,html,a11y,html+a11y	default:CRYSTALLINE_ONLY;html:CRYSTALLINE_ONLY;a11y:CRYSTALLINE_ONLY;html+a11y:CRYSTALLINE_ONLY	INTENTIONAL_PRODUCT_EXTENSION	INTENTIONAL_PRODUCT_EXTENSION	01_core/src/compiler/stdlib/structural/math.rs:1141	lab/typst-original/crates/typst-library/src/lib.rs:374 (ausência na matriz pública)	00_nucleo/prompts/compiler/stdlib/structural/math.md	81441281	18b2fb0d9a3e1f6a0ff9cd8fb2e25047b4c9f2185cb6a511ae022e7a9c4e80a2	Retenção/global documentado no L0 semântico e/ou decisão de compatibilidade explícita no consumer; não se infere intenção somente da disponibilidade.	ADR-0127_HUMAN_GATE_IF_CONTRACT_REOPENED	CRYSTALLINE_ONLY fresco em todos os perfis; a intenção é auditada separadamente da execução.	Fonte normativa proibindo a publicação, remoção da retenção deliberada ou aceitação vanilla refutaria extensão.	Não selecionar automaticamente; reabrir contrato somente por decisão humana.	p1299_residual_160	path-cancel	math.cancel
color.map	default,html,a11y,html+a11y	default:DIFFERENT_VALUE;html:DIFFERENT_VALUE;a11y:DIFFERENT_VALUE;html+a11y:DIFFERENT_VALUE	WRONG_PUBLIC_KIND_OR_IDENTITY	WRONG_PUBLIC_REPR	01_core/src/compiler/eval/repr.rs:56	lab/typst-original/crates/typst-library/src/foundations/module.rs:174	00_nucleo/prompts/compiler/eval/repr.md	d91654f3	555b6df222a931991f1a521b11fe2d8d58ee185cdcf90cd3f0eaf6d3c40c9355	repr.md:32-34 possui formatter morfológico; color.md:420-426 fixa Module nomeado map; elisão/forma de módulo exigem refinamento L0 futuro.	ADR-0127_CONTINUOUS_PARITY_CORRECTION	Kind module e nome público map coincidem; somente wrapper module(map) vs <module map> diverge.	Diferença em kind/nome, cardinalidade, qualquer canal, índice ou digest integral refutaria formatter como causa suficiente.	Candidata repr-module-and-large-array; não editar dados color.	p1299_residual_160	path-color.map	
color.map.cividis	default,html,a11y,html+a11y	default:DIFFERENT_VALUE;html:DIFFERENT_VALUE;a11y:DIFFERENT_VALUE;html+a11y:DIFFERENT_VALUE	WRONG_PUBLIC_KIND_OR_IDENTITY	WRONG_PUBLIC_REPR	01_core/src/compiler/eval/repr.rs:36	lab/typst-original/crates/typst-library/src/foundations/array.rs:1188	00_nucleo/prompts/compiler/eval/repr.md	d91654f3	555b6df222a931991f1a521b11fe2d8d58ee185cdcf90cd3f0eaf6d3c40c9355	repr.md:200-207 fixa formatter de arrays; color.md:373-426 fixa dados/digests que coincidem. Fronteira de elisão ainda não especificada explicitamente.	ADR-0127_CONTINUOUS_PARITY_CORRECTION	Nos quatro perfis kind/cardinalidade/digest RGBA8/componentes completos coincidem; vanilla mostra 40/256 e marcador 216, cristalino mostra 256/256.	Diferença em kind/nome, cardinalidade, qualquer canal, índice ou digest integral refutaria formatter como causa suficiente.	Candidata repr-module-and-large-array; não editar dados color.	p1299_residual_160	path-color.map.cividis	
color.map.coolwarm	default,html,a11y,html+a11y	default:DIFFERENT_VALUE;html:DIFFERENT_VALUE;a11y:DIFFERENT_VALUE;html+a11y:DIFFERENT_VALUE	WRONG_PUBLIC_KIND_OR_IDENTITY	WRONG_PUBLIC_REPR	01_core/src/compiler/eval/repr.rs:36	lab/typst-original/crates/typst-library/src/foundations/array.rs:1188	00_nucleo/prompts/compiler/eval/repr.md	d91654f3	555b6df222a931991f1a521b11fe2d8d58ee185cdcf90cd3f0eaf6d3c40c9355	repr.md:200-207 fixa formatter de arrays; color.md:373-426 fixa dados/digests que coincidem. Fronteira de elisão ainda não especificada explicitamente.	ADR-0127_CONTINUOUS_PARITY_CORRECTION	Nos quatro perfis kind/cardinalidade/digest RGBA8/componentes completos coincidem; vanilla mostra 40/256 e marcador 216, cristalino mostra 256/256.	Diferença em kind/nome, cardinalidade, qualquer canal, índice ou digest integral refutaria formatter como causa suficiente.	Candidata repr-module-and-large-array; não editar dados color.	p1299_residual_160	path-color.map.coolwarm	
color.map.crest	default,html,a11y,html+a11y	default:DIFFERENT_VALUE;html:DIFFERENT_VALUE;a11y:DIFFERENT_VALUE;html+a11y:DIFFERENT_VALUE	WRONG_PUBLIC_KIND_OR_IDENTITY	WRONG_PUBLIC_REPR	01_core/src/compiler/eval/repr.rs:36	lab/typst-original/crates/typst-library/src/foundations/array.rs:1188	00_nucleo/prompts/compiler/eval/repr.md	d91654f3	555b6df222a931991f1a521b11fe2d8d58ee185cdcf90cd3f0eaf6d3c40c9355	repr.md:200-207 fixa formatter de arrays; color.md:373-426 fixa dados/digests que coincidem. Fronteira de elisão ainda não especificada explicitamente.	ADR-0127_CONTINUOUS_PARITY_CORRECTION	Nos quatro perfis kind/cardinalidade/digest RGBA8/componentes completos coincidem; vanilla mostra 40/256 e marcador 216, cristalino mostra 256/256.	Diferença em kind/nome, cardinalidade, qualquer canal, índice ou digest integral refutaria formatter como causa suficiente.	Candidata repr-module-and-large-array; não editar dados color.	p1299_residual_160	path-color.map.crest	
color.map.flare	default,html,a11y,html+a11y	default:DIFFERENT_VALUE;html:DIFFERENT_VALUE;a11y:DIFFERENT_VALUE;html+a11y:DIFFERENT_VALUE	WRONG_PUBLIC_KIND_OR_IDENTITY	WRONG_PUBLIC_REPR	01_core/src/compiler/eval/repr.rs:36	lab/typst-original/crates/typst-library/src/foundations/array.rs:1188	00_nucleo/prompts/compiler/eval/repr.md	d91654f3	555b6df222a931991f1a521b11fe2d8d58ee185cdcf90cd3f0eaf6d3c40c9355	repr.md:200-207 fixa formatter de arrays; color.md:373-426 fixa dados/digests que coincidem. Fronteira de elisão ainda não especificada explicitamente.	ADR-0127_CONTINUOUS_PARITY_CORRECTION	Nos quatro perfis kind/cardinalidade/digest RGBA8/componentes completos coincidem; vanilla mostra 40/256 e marcador 216, cristalino mostra 256/256.	Diferença em kind/nome, cardinalidade, qualquer canal, índice ou digest integral refutaria formatter como causa suficiente.	Candidata repr-module-and-large-array; não editar dados color.	p1299_residual_160	path-color.map.flare	
color.map.icefire	default,html,a11y,html+a11y	default:DIFFERENT_VALUE;html:DIFFERENT_VALUE;a11y:DIFFERENT_VALUE;html+a11y:DIFFERENT_VALUE	WRONG_PUBLIC_KIND_OR_IDENTITY	WRONG_PUBLIC_REPR	01_core/src/compiler/eval/repr.rs:36	lab/typst-original/crates/typst-library/src/foundations/array.rs:1188	00_nucleo/prompts/compiler/eval/repr.md	d91654f3	555b6df222a931991f1a521b11fe2d8d58ee185cdcf90cd3f0eaf6d3c40c9355	repr.md:200-207 fixa formatter de arrays; color.md:373-426 fixa dados/digests que coincidem. Fronteira de elisão ainda não especificada explicitamente.	ADR-0127_CONTINUOUS_PARITY_CORRECTION	Nos quatro perfis kind/cardinalidade/digest RGBA8/componentes completos coincidem; vanilla mostra 40/256 e marcador 216, cristalino mostra 256/256.	Diferença em kind/nome, cardinalidade, qualquer canal, índice ou digest integral refutaria formatter como causa suficiente.	Candidata repr-module-and-large-array; não editar dados color.	p1299_residual_160	path-color.map.icefire	
color.map.mako	default,html,a11y,html+a11y	default:DIFFERENT_VALUE;html:DIFFERENT_VALUE;a11y:DIFFERENT_VALUE;html+a11y:DIFFERENT_VALUE	WRONG_PUBLIC_KIND_OR_IDENTITY	WRONG_PUBLIC_REPR	01_core/src/compiler/eval/repr.rs:36	lab/typst-original/crates/typst-library/src/foundations/array.rs:1188	00_nucleo/prompts/compiler/eval/repr.md	d91654f3	555b6df222a931991f1a521b11fe2d8d58ee185cdcf90cd3f0eaf6d3c40c9355	repr.md:200-207 fixa formatter de arrays; color.md:373-426 fixa dados/digests que coincidem. Fronteira de elisão ainda não especificada explicitamente.	ADR-0127_CONTINUOUS_PARITY_CORRECTION	Nos quatro perfis kind/cardinalidade/digest RGBA8/componentes completos coincidem; vanilla mostra 40/256 e marcador 216, cristalino mostra 256/256.	Diferença em kind/nome, cardinalidade, qualquer canal, índice ou digest integral refutaria formatter como causa suficiente.	Candidata repr-module-and-large-array; não editar dados color.	p1299_residual_160	path-color.map.mako	
color.map.rainbow	default,html,a11y,html+a11y	default:DIFFERENT_VALUE;html:DIFFERENT_VALUE;a11y:DIFFERENT_VALUE;html+a11y:DIFFERENT_VALUE	WRONG_PUBLIC_KIND_OR_IDENTITY	WRONG_PUBLIC_REPR	01_core/src/compiler/eval/repr.rs:36	lab/typst-original/crates/typst-library/src/foundations/array.rs:1188	00_nucleo/prompts/compiler/eval/repr.md	d91654f3	555b6df222a931991f1a521b11fe2d8d58ee185cdcf90cd3f0eaf6d3c40c9355	repr.md:200-207 fixa formatter de arrays; color.md:373-426 fixa dados/digests que coincidem. Fronteira de elisão ainda não especificada explicitamente.	ADR-0127_CONTINUOUS_PARITY_CORRECTION	Nos quatro perfis kind/cardinalidade/digest RGBA8/componentes completos coincidem; vanilla mostra 40/256 e marcador 216, cristalino mostra 256/256.	Diferença em kind/nome, cardinalidade, qualquer canal, índice ou digest integral refutaria formatter como causa suficiente.	Candidata repr-module-and-large-array; não editar dados color.	p1299_residual_160	path-color.map.rainbow	
color.map.rocket	default,html,a11y,html+a11y	default:DIFFERENT_VALUE;html:DIFFERENT_VALUE;a11y:DIFFERENT_VALUE;html+a11y:DIFFERENT_VALUE	WRONG_PUBLIC_KIND_OR_IDENTITY	WRONG_PUBLIC_REPR	01_core/src/compiler/eval/repr.rs:36	lab/typst-original/crates/typst-library/src/foundations/array.rs:1188	00_nucleo/prompts/compiler/eval/repr.md	d91654f3	555b6df222a931991f1a521b11fe2d8d58ee185cdcf90cd3f0eaf6d3c40c9355	repr.md:200-207 fixa formatter de arrays; color.md:373-426 fixa dados/digests que coincidem. Fronteira de elisão ainda não especificada explicitamente.	ADR-0127_CONTINUOUS_PARITY_CORRECTION	Nos quatro perfis kind/cardinalidade/digest RGBA8/componentes completos coincidem; vanilla mostra 40/256 e marcador 216, cristalino mostra 256/256.	Diferença em kind/nome, cardinalidade, qualquer canal, índice ou digest integral refutaria formatter como causa suficiente.	Candidata repr-module-and-large-array; não editar dados color.	p1299_residual_160	path-color.map.rocket	
color.map.turbo	default,html,a11y,html+a11y	default:DIFFERENT_VALUE;html:DIFFERENT_VALUE;a11y:DIFFERENT_VALUE;html+a11y:DIFFERENT_VALUE	WRONG_PUBLIC_KIND_OR_IDENTITY	WRONG_PUBLIC_REPR	01_core/src/compiler/eval/repr.rs:36	lab/typst-original/crates/typst-library/src/foundations/array.rs:1188	00_nucleo/prompts/compiler/eval/repr.md	d91654f3	555b6df222a931991f1a521b11fe2d8d58ee185cdcf90cd3f0eaf6d3c40c9355	repr.md:200-207 fixa formatter de arrays; color.md:373-426 fixa dados/digests que coincidem. Fronteira de elisão ainda não especificada explicitamente.	ADR-0127_CONTINUOUS_PARITY_CORRECTION	Nos quatro perfis kind/cardinalidade/digest RGBA8/componentes completos coincidem; vanilla mostra 40/256 e marcador 216, cristalino mostra 256/256.	Diferença em kind/nome, cardinalidade, qualquer canal, índice ou digest integral refutaria formatter como causa suficiente.	Candidata repr-module-and-large-array; não editar dados color.	p1299_residual_160	path-color.map.turbo	
color.map.vlag	default,html,a11y,html+a11y	default:DIFFERENT_VALUE;html:DIFFERENT_VALUE;a11y:DIFFERENT_VALUE;html+a11y:DIFFERENT_VALUE	WRONG_PUBLIC_KIND_OR_IDENTITY	WRONG_PUBLIC_REPR	01_core/src/compiler/eval/repr.rs:36	lab/typst-original/crates/typst-library/src/foundations/array.rs:1188	00_nucleo/prompts/compiler/eval/repr.md	d91654f3	555b6df222a931991f1a521b11fe2d8d58ee185cdcf90cd3f0eaf6d3c40c9355	repr.md:200-207 fixa formatter de arrays; color.md:373-426 fixa dados/digests que coincidem. Fronteira de elisão ainda não especificada explicitamente.	ADR-0127_CONTINUOUS_PARITY_CORRECTION	Nos quatro perfis kind/cardinalidade/digest RGBA8/componentes completos coincidem; vanilla mostra 40/256 e marcador 216, cristalino mostra 256/256.	Diferença em kind/nome, cardinalidade, qualquer canal, índice ou digest integral refutaria formatter como causa suficiente.	Candidata repr-module-and-large-array; não editar dados color.	p1299_residual_160	path-color.map.vlag	
color.spot	default,html,a11y,html+a11y	default:VANILLA_ONLY;html:VANILLA_ONLY;a11y:VANILLA_ONLY;html+a11y:VANILLA_ONLY	MISSING_LANGUAGE_MEMBER	MISSING_LANGUAGE_MEMBER	01_core/src/compiler/stdlib/color.rs:2	lab/typst-original/crates/typst-library/src/visualize/color.rs:2304	00_nucleo/prompts/compiler/stdlib/color.md	356f1537	60de24ea6496a1c95fcc4af1883278164a2cd031351ef59278e654d7d485ff01	Membro público vanilla medido e cristalino ausente no lookup atual; a ausência não prova autorização L0 para implementá-lo.	ADR-0127_HUMAN_GATE_REQUIRED	VANILLA_ONLY fresco nos perfis em que a feature está ativa; falha bilateral sem html é gate ancestral esperado, não fechamento.	Lookup cristalino com mesmo kind/repr ou ausência vanilla no perfil habilitado refutaria dívida.	Manter dívida para coorte do owner; nenhuma implementação autorizada.	p1299_residual_160	path-color.spot	
color.spot.tint	default,html,a11y,html+a11y	default:VANILLA_ONLY;html:VANILLA_ONLY;a11y:VANILLA_ONLY;html+a11y:VANILLA_ONLY	MISSING_LANGUAGE_MEMBER	MISSING_LANGUAGE_MEMBER	01_core/src/compiler/stdlib/color.rs:2	lab/typst-original/crates/typst-library/src/visualize/color.rs:2375	00_nucleo/prompts/compiler/stdlib/color.md	356f1537	60de24ea6496a1c95fcc4af1883278164a2cd031351ef59278e654d7d485ff01	Membro público vanilla medido e cristalino ausente no lookup atual; a ausência não prova autorização L0 para implementá-lo.	ADR-0127_HUMAN_GATE_REQUIRED	VANILLA_ONLY fresco nos perfis em que a feature está ativa; falha bilateral sem html é gate ancestral esperado, não fechamento.	Lookup cristalino com mesmo kind/repr ou ausência vanilla no perfil habilitado refutaria dívida.	Manter dívida para coorte do owner; nenhuma implementação autorizada.	p1299_residual_160	path-color.spot.tint	
counter_at	default,html,a11y,html+a11y	default:CRYSTALLINE_ONLY;html:CRYSTALLINE_ONLY;a11y:CRYSTALLINE_ONLY;html+a11y:CRYSTALLINE_ONLY	INTENTIONAL_PRODUCT_EXTENSION	INTENTIONAL_PRODUCT_EXTENSION	01_core/src/compiler/stdlib/counter.rs:2	lab/typst-original/crates/typst-library/src/lib.rs:374 (ausência na matriz pública)	00_nucleo/prompts/compiler/stdlib/counter.md	d19229e2	a4802f75d7437152b3f738c90552db359e7a27efb71187636821eed8d407d27f	Retenção/global documentado no L0 semântico e/ou decisão de compatibilidade explícita no consumer; não se infere intenção somente da disponibilidade.	ADR-0127_HUMAN_GATE_IF_CONTRACT_REOPENED	CRYSTALLINE_ONLY fresco em todos os perfis; a intenção é auditada separadamente da execução.	Fonte normativa proibindo a publicação, remoção da retenção deliberada ou aceitação vanilla refutaria extensão.	Não selecionar automaticamente; reabrir contrato somente por decisão humana.	p1299_residual_160	path-counter_at	counter.at
counter_display	default,html,a11y,html+a11y	default:CRYSTALLINE_ONLY;html:CRYSTALLINE_ONLY;a11y:CRYSTALLINE_ONLY;html+a11y:CRYSTALLINE_ONLY	INTENTIONAL_PRODUCT_EXTENSION	INTENTIONAL_PRODUCT_EXTENSION	01_core/src/compiler/stdlib/counter.rs:2	lab/typst-original/crates/typst-library/src/lib.rs:374 (ausência na matriz pública)	00_nucleo/prompts/compiler/stdlib/counter.md	d19229e2	a4802f75d7437152b3f738c90552db359e7a27efb71187636821eed8d407d27f	Retenção/global documentado no L0 semântico e/ou decisão de compatibilidade explícita no consumer; não se infere intenção somente da disponibilidade.	ADR-0127_HUMAN_GATE_IF_CONTRACT_REOPENED	CRYSTALLINE_ONLY fresco em todos os perfis; a intenção é auditada separadamente da execução.	Fonte normativa proibindo a publicação, remoção da retenção deliberada ou aceitação vanilla refutaria extensão.	Não selecionar automaticamente; reabrir contrato somente por decisão humana.	p1299_residual_160	path-counter_display	counter.display
counter_final	default,html,a11y,html+a11y	default:CRYSTALLINE_ONLY;html:CRYSTALLINE_ONLY;a11y:CRYSTALLINE_ONLY;html+a11y:CRYSTALLINE_ONLY	INTENTIONAL_PRODUCT_EXTENSION	INTENTIONAL_PRODUCT_EXTENSION	01_core/src/compiler/stdlib/counter.rs:2	lab/typst-original/crates/typst-library/src/lib.rs:374 (ausência na matriz pública)	00_nucleo/prompts/compiler/stdlib/counter.md	d19229e2	a4802f75d7437152b3f738c90552db359e7a27efb71187636821eed8d407d27f	Retenção/global documentado no L0 semântico e/ou decisão de compatibilidade explícita no consumer; não se infere intenção somente da disponibilidade.	ADR-0127_HUMAN_GATE_IF_CONTRACT_REOPENED	CRYSTALLINE_ONLY fresco em todos os perfis; a intenção é auditada separadamente da execução.	Fonte normativa proibindo a publicação, remoção da retenção deliberada ou aceitação vanilla refutaria extensão.	Não selecionar automaticamente; reabrir contrato somente por decisão humana.	p1299_residual_160	path-counter_final	counter.final
counter_step	default,html,a11y,html+a11y	default:CRYSTALLINE_ONLY;html:CRYSTALLINE_ONLY;a11y:CRYSTALLINE_ONLY;html+a11y:CRYSTALLINE_ONLY	INTENTIONAL_PRODUCT_EXTENSION	INTENTIONAL_PRODUCT_EXTENSION	01_core/src/compiler/stdlib/counter.rs:2	lab/typst-original/crates/typst-library/src/lib.rs:374 (ausência na matriz pública)	00_nucleo/prompts/compiler/stdlib/counter.md	d19229e2	a4802f75d7437152b3f738c90552db359e7a27efb71187636821eed8d407d27f	Retenção/global documentado no L0 semântico e/ou decisão de compatibilidade explícita no consumer; não se infere intenção somente da disponibilidade.	ADR-0127_HUMAN_GATE_IF_CONTRACT_REOPENED	CRYSTALLINE_ONLY fresco em todos os perfis; a intenção é auditada separadamente da execução.	Fonte normativa proibindo a publicação, remoção da retenção deliberada ou aceitação vanilla refutaria extensão.	Não selecionar automaticamente; reabrir contrato somente por decisão humana.	p1299_residual_160	path-counter_step	counter.step
display	default,html,a11y,html+a11y	default:CRYSTALLINE_ONLY;html:CRYSTALLINE_ONLY;a11y:CRYSTALLINE_ONLY;html+a11y:CRYSTALLINE_ONLY	INTENTIONAL_PRODUCT_EXTENSION	INTENTIONAL_PRODUCT_EXTENSION	01_core/src/compiler/stdlib/math_style.rs:2	lab/typst-original/crates/typst-library/src/lib.rs:374 (ausência na matriz pública)	00_nucleo/prompts/compiler/stdlib/math_style.md	56b9e300	02a1dadb6c08f3ea9ae109ff7bd2dc87e2616a5da5d4a4cfbf5a1269bc4c9603	Retenção/global documentado no L0 semântico e/ou decisão de compatibilidade explícita no consumer; não se infere intenção somente da disponibilidade.	ADR-0127_HUMAN_GATE_IF_CONTRACT_REOPENED	CRYSTALLINE_ONLY fresco em todos os perfis; a intenção é auditada separadamente da execução.	Fonte normativa proibindo a publicação, remoção da retenção deliberada ou aceitação vanilla refutaria extensão.	Não selecionar automaticamente; reabrir contrato somente por decisão humana.	p1299_residual_160	path-display	math.display
enum.item	default,html,a11y,html+a11y	default:VANILLA_ONLY;html:VANILLA_ONLY;a11y:VANILLA_ONLY;html+a11y:VANILLA_ONLY	MISSING_LANGUAGE_MEMBER	MISSING_LANGUAGE_MEMBER	01_core/src/compiler/eval/bindings/field_access.rs:269	lab/typst-original/crates/typst-library/src/model/enum.rs:230	00_nucleo/prompts/compiler/eval/bindings/field_access.md	2d102890	92aa897909abfb6095ab59191614b0fd87c0d648e8e593ed8f0702176c2a542e	Membro público vanilla medido e cristalino ausente no lookup atual; a ausência não prova autorização L0 para implementá-lo.	ADR-0127_REASSESS_CONCRETE_OWNER_CHANGE	VANILLA_ONLY fresco nos perfis em que a feature está ativa; falha bilateral sem html é gate ancestral esperado, não fechamento.	Lookup cristalino com mesmo kind/repr ou ausência vanilla no perfil habilitado refutaria dívida.	Manter dívida para coorte do owner; nenhuma implementação autorizada.	p1299_residual_160	path-enum.item	
figure.caption	default,html,a11y,html+a11y	default:VANILLA_ONLY;html:VANILLA_ONLY;a11y:VANILLA_ONLY;html+a11y:VANILLA_ONLY	MISSING_LANGUAGE_MEMBER	MISSING_LANGUAGE_MEMBER	01_core/src/compiler/eval/bindings/field_access.rs:269	lab/typst-original/crates/typst-library/src/model/figure.rs:511	00_nucleo/prompts/compiler/eval/bindings/field_access.md	2d102890	92aa897909abfb6095ab59191614b0fd87c0d648e8e593ed8f0702176c2a542e	Membro público vanilla medido e cristalino ausente no lookup atual; a ausência não prova autorização L0 para implementá-lo.	ADR-0127_REASSESS_CONCRETE_OWNER_CHANGE	VANILLA_ONLY fresco nos perfis em que a feature está ativa; falha bilateral sem html é gate ancestral esperado, não fechamento.	Lookup cristalino com mesmo kind/repr ou ausência vanilla no perfil habilitado refutaria dívida.	Manter dívida para coorte do owner; nenhuma implementação autorizada.	p1299_residual_160	path-figure.caption	
float.from-bytes	default,html,a11y,html+a11y	default:VANILLA_ONLY;html:VANILLA_ONLY;a11y:VANILLA_ONLY;html+a11y:VANILLA_ONLY	MISSING_LANGUAGE_MEMBER	MISSING_LANGUAGE_MEMBER	01_core/src/compiler/stdlib/foundations/float.rs:96	lab/typst-original/crates/typst-library/src/foundations/float.rs:121	00_nucleo/prompts/compiler/stdlib/foundations/float.md	c95f8eb6	f28cb58e46ced68ddb29335a35e8ade4f03a7c30a573c7e79a86b1ef3bc99107	Membro público vanilla medido e cristalino ausente no lookup atual; a ausência não prova autorização L0 para implementá-lo.	ADR-0127_REASSESS_CONCRETE_OWNER_CHANGE	VANILLA_ONLY fresco nos perfis em que a feature está ativa; falha bilateral sem html é gate ancestral esperado, não fechamento.	Lookup cristalino com mesmo kind/repr ou ausência vanilla no perfil habilitado refutaria dívida.	Manter dívida para coorte do owner; nenhuma implementação autorizada.	p1299_residual_160	path-float.from-bytes	
float.inf	default,html,a11y,html+a11y	default:VANILLA_ONLY;html:VANILLA_ONLY;a11y:VANILLA_ONLY;html+a11y:VANILLA_ONLY	MISSING_LANGUAGE_MEMBER	MISSING_LANGUAGE_MEMBER	01_core/src/compiler/stdlib/foundations/float.rs:96	lab/typst-original/crates/typst-library/src/foundations/float.rs:35	00_nucleo/prompts/compiler/stdlib/foundations/float.md	c95f8eb6	f28cb58e46ced68ddb29335a35e8ade4f03a7c30a573c7e79a86b1ef3bc99107	Membro público vanilla medido e cristalino ausente no lookup atual; a ausência não prova autorização L0 para implementá-lo.	ADR-0127_REASSESS_CONCRETE_OWNER_CHANGE	VANILLA_ONLY fresco nos perfis em que a feature está ativa; falha bilateral sem html é gate ancestral esperado, não fechamento.	Lookup cristalino com mesmo kind/repr ou ausência vanilla no perfil habilitado refutaria dívida.	Manter dívida para coorte do owner; nenhuma implementação autorizada.	p1299_residual_160	path-float.inf	
float.nan	default,html,a11y,html+a11y	default:VANILLA_ONLY;html:VANILLA_ONLY;a11y:VANILLA_ONLY;html+a11y:VANILLA_ONLY	MISSING_LANGUAGE_MEMBER	MISSING_LANGUAGE_MEMBER	01_core/src/compiler/stdlib/foundations/float.rs:96	lab/typst-original/crates/typst-library/src/foundations/float.rs:39	00_nucleo/prompts/compiler/stdlib/foundations/float.md	c95f8eb6	f28cb58e46ced68ddb29335a35e8ade4f03a7c30a573c7e79a86b1ef3bc99107	Membro público vanilla medido e cristalino ausente no lookup atual; a ausência não prova autorização L0 para implementá-lo.	ADR-0127_REASSESS_CONCRETE_OWNER_CHANGE	VANILLA_ONLY fresco nos perfis em que a feature está ativa; falha bilateral sem html é gate ancestral esperado, não fechamento.	Lookup cristalino com mesmo kind/repr ou ausência vanilla no perfil habilitado refutaria dívida.	Manter dívida para coorte do owner; nenhuma implementação autorizada.	p1299_residual_160	path-float.nan	
float.signum	default,html,a11y,html+a11y	default:VANILLA_ONLY;html:VANILLA_ONLY;a11y:VANILLA_ONLY;html+a11y:VANILLA_ONLY	MISSING_LANGUAGE_MEMBER	MISSING_LANGUAGE_MEMBER	01_core/src/compiler/stdlib/foundations/float.rs:96	lab/typst-original/crates/typst-library/src/foundations/float.rs:110	00_nucleo/prompts/compiler/stdlib/foundations/float.md	c95f8eb6	f28cb58e46ced68ddb29335a35e8ade4f03a7c30a573c7e79a86b1ef3bc99107	Membro público vanilla medido e cristalino ausente no lookup atual; a ausência não prova autorização L0 para implementá-lo.	ADR-0127_REASSESS_CONCRETE_OWNER_CHANGE	VANILLA_ONLY fresco nos perfis em que a feature está ativa; falha bilateral sem html é gate ancestral esperado, não fechamento.	Lookup cristalino com mesmo kind/repr ou ausência vanilla no perfil habilitado refutaria dívida.	Manter dívida para coorte do owner; nenhuma implementação autorizada.	p1299_residual_160	path-float.signum	
float.to-bytes	default,html,a11y,html+a11y	default:VANILLA_ONLY;html:VANILLA_ONLY;a11y:VANILLA_ONLY;html+a11y:VANILLA_ONLY	MISSING_LANGUAGE_MEMBER	MISSING_LANGUAGE_MEMBER	01_core/src/compiler/stdlib/foundations/float.rs:96	lab/typst-original/crates/typst-library/src/foundations/float.rs:158	00_nucleo/prompts/compiler/stdlib/foundations/float.md	c95f8eb6	f28cb58e46ced68ddb29335a35e8ade4f03a7c30a573c7e79a86b1ef3bc99107	Membro público vanilla medido e cristalino ausente no lookup atual; a ausência não prova autorização L0 para implementá-lo.	ADR-0127_REASSESS_CONCRETE_OWNER_CHANGE	VANILLA_ONLY fresco nos perfis em que a feature está ativa; falha bilateral sem html é gate ancestral esperado, não fechamento.	Lookup cristalino com mesmo kind/repr ou ausência vanilla no perfil habilitado refutaria dívida.	Manter dívida para coorte do owner; nenhuma implementação autorizada.	p1299_residual_160	path-float.to-bytes	
footnote.entry	default,html,a11y,html+a11y	default:VANILLA_ONLY;html:VANILLA_ONLY;a11y:VANILLA_ONLY;html+a11y:VANILLA_ONLY	MISSING_LANGUAGE_MEMBER	MISSING_LANGUAGE_MEMBER	01_core/src/compiler/eval/bindings/field_access.rs:269	lab/typst-original/crates/typst-library/src/model/footnote.rs:223	00_nucleo/prompts/compiler/eval/bindings/field_access.md	2d102890	92aa897909abfb6095ab59191614b0fd87c0d648e8e593ed8f0702176c2a542e	Membro público vanilla medido e cristalino ausente no lookup atual; a ausência não prova autorização L0 para implementá-lo.	ADR-0127_REASSESS_CONCRETE_OWNER_CHANGE	VANILLA_ONLY fresco nos perfis em que a feature está ativa; falha bilateral sem html é gate ancestral esperado, não fechamento.	Lookup cristalino com mesmo kind/repr ou ausência vanilla no perfil habilitado refutaria dívida.	Manter dívida para coorte do owner; nenhuma implementação autorizada.	p1299_residual_160	path-footnote.entry	
frak	default,html,a11y,html+a11y	default:CRYSTALLINE_ONLY;html:CRYSTALLINE_ONLY;a11y:CRYSTALLINE_ONLY;html+a11y:CRYSTALLINE_ONLY	INTENTIONAL_PRODUCT_EXTENSION	INTENTIONAL_PRODUCT_EXTENSION	01_core/src/compiler/stdlib/math_style.rs:2	lab/typst-original/crates/typst-library/src/lib.rs:374 (ausência na matriz pública)	00_nucleo/prompts/compiler/stdlib/math_style.md	56b9e300	02a1dadb6c08f3ea9ae109ff7bd2dc87e2616a5da5d4a4cfbf5a1269bc4c9603	Retenção/global documentado no L0 semântico e/ou decisão de compatibilidade explícita no consumer; não se infere intenção somente da disponibilidade.	ADR-0127_HUMAN_GATE_IF_CONTRACT_REOPENED	CRYSTALLINE_ONLY fresco em todos os perfis; a intenção é auditada separadamente da execução.	Fonte normativa proibindo a publicação, remoção da retenção deliberada ou aceitação vanilla refutaria extensão.	Não selecionar automaticamente; reabrir contrato somente por decisão humana.	p1299_residual_160	path-frak	math.frak
function.where	default,html,a11y,html+a11y	default:VANILLA_ONLY;html:VANILLA_ONLY;a11y:VANILLA_ONLY;html+a11y:VANILLA_ONLY	MISSING_LANGUAGE_MEMBER	MISSING_LANGUAGE_MEMBER	01_core/src/entities/func.rs:237	lab/typst-original/crates/typst-library/src/foundations/func.rs:422	00_nucleo/prompts/entities/func.md	c57c2de2	52b6f6e7ca7714027d4e3a883f6e5ae888a48e4a5c67e45651b63b86d9811908	Membro público vanilla medido e cristalino ausente no lookup atual; a ausência não prova autorização L0 para implementá-lo.	ADR-0127_REASSESS_CONCRETE_OWNER_CHANGE	VANILLA_ONLY fresco nos perfis em que a feature está ativa; falha bilateral sem html é gate ancestral esperado, não fechamento.	Lookup cristalino com mesmo kind/repr ou ausência vanilla no perfil habilitado refutaria dívida.	Manter dívida para coorte do owner; nenhuma implementação autorizada.	p1299_residual_160	path-function.where	
function.with	default,html,a11y,html+a11y	default:VANILLA_ONLY;html:VANILLA_ONLY;a11y:VANILLA_ONLY;html+a11y:VANILLA_ONLY	MISSING_LANGUAGE_MEMBER	MISSING_LANGUAGE_MEMBER	01_core/src/entities/func.rs:237	lab/typst-original/crates/typst-library/src/foundations/func.rs:397	00_nucleo/prompts/entities/func.md	c57c2de2	52b6f6e7ca7714027d4e3a883f6e5ae888a48e4a5c67e45651b63b86d9811908	Membro público vanilla medido e cristalino ausente no lookup atual; a ausência não prova autorização L0 para implementá-lo.	ADR-0127_REASSESS_CONCRETE_OWNER_CHANGE	VANILLA_ONLY fresco nos perfis em que a feature está ativa; falha bilateral sem html é gate ancestral esperado, não fechamento.	Lookup cristalino com mesmo kind/repr ou ausência vanilla no perfil habilitado refutaria dívida.	Manter dívida para coorte do owner; nenhuma implementação autorizada.	p1299_residual_160	path-function.with	
grid_cell	default,html,a11y,html+a11y	default:CRYSTALLINE_ONLY;html:CRYSTALLINE_ONLY;a11y:CRYSTALLINE_ONLY;html+a11y:CRYSTALLINE_ONLY	INTENTIONAL_PRODUCT_EXTENSION	INTENTIONAL_PRODUCT_EXTENSION	01_core/src/compiler/stdlib/structural/table_grid.rs:2	lab/typst-original/crates/typst-library/src/lib.rs:374 (ausência na matriz pública)	00_nucleo/prompts/compiler/stdlib/structural/table_grid.md	d4d8c07e	153a22b018f247e1b37943a257afa3ad55da414b92886655a1415079118c3edd	Retenção/global documentado no L0 semântico e/ou decisão de compatibilidade explícita no consumer; não se infere intenção somente da disponibilidade.	ADR-0127_HUMAN_GATE_IF_CONTRACT_REOPENED	CRYSTALLINE_ONLY fresco em todos os perfis; a intenção é auditada separadamente da execução.	Fonte normativa proibindo a publicação, remoção da retenção deliberada ou aceitação vanilla refutaria extensão.	Não selecionar automaticamente; reabrir contrato somente por decisão humana.	p1299_residual_160	path-grid_cell	grid.cell
grid_footer	default,html,a11y,html+a11y	default:CRYSTALLINE_ONLY;html:CRYSTALLINE_ONLY;a11y:CRYSTALLINE_ONLY;html+a11y:CRYSTALLINE_ONLY	INTENTIONAL_PRODUCT_EXTENSION	INTENTIONAL_PRODUCT_EXTENSION	01_core/src/compiler/stdlib/structural/table_grid.rs:2	lab/typst-original/crates/typst-library/src/lib.rs:374 (ausência na matriz pública)	00_nucleo/prompts/compiler/stdlib/structural/table_grid.md	d4d8c07e	153a22b018f247e1b37943a257afa3ad55da414b92886655a1415079118c3edd	Retenção/global documentado no L0 semântico e/ou decisão de compatibilidade explícita no consumer; não se infere intenção somente da disponibilidade.	ADR-0127_HUMAN_GATE_IF_CONTRACT_REOPENED	CRYSTALLINE_ONLY fresco em todos os perfis; a intenção é auditada separadamente da execução.	Fonte normativa proibindo a publicação, remoção da retenção deliberada ou aceitação vanilla refutaria extensão.	Não selecionar automaticamente; reabrir contrato somente por decisão humana.	p1299_residual_160	path-grid_footer	grid.footer
grid_header	default,html,a11y,html+a11y	default:CRYSTALLINE_ONLY;html:CRYSTALLINE_ONLY;a11y:CRYSTALLINE_ONLY;html+a11y:CRYSTALLINE_ONLY	INTENTIONAL_PRODUCT_EXTENSION	INTENTIONAL_PRODUCT_EXTENSION	01_core/src/compiler/stdlib/structural/table_grid.rs:2	lab/typst-original/crates/typst-library/src/lib.rs:374 (ausência na matriz pública)	00_nucleo/prompts/compiler/stdlib/structural/table_grid.md	d4d8c07e	153a22b018f247e1b37943a257afa3ad55da414b92886655a1415079118c3edd	Retenção/global documentado no L0 semântico e/ou decisão de compatibilidade explícita no consumer; não se infere intenção somente da disponibilidade.	ADR-0127_HUMAN_GATE_IF_CONTRACT_REOPENED	CRYSTALLINE_ONLY fresco em todos os perfis; a intenção é auditada separadamente da execução.	Fonte normativa proibindo a publicação, remoção da retenção deliberada ou aceitação vanilla refutaria extensão.	Não selecionar automaticamente; reabrir contrato somente por decisão humana.	p1299_residual_160	path-grid_header	grid.header
hsl	default,html,a11y,html+a11y	default:MATCH_DIAGNOSTIC;html:MATCH_DIAGNOSTIC;a11y:MATCH_DIAGNOSTIC;html+a11y:MATCH_DIAGNOSTIC	L0_CONTRADICTION	CLOSED_CONFIRMED	01_core/src/compiler/eval/mod.rs:1651	lab/typst-original/crates/typst-library/src/lib.rs:374 (ausência na matriz pública)	00_nucleo/prompts/compiler/eval.md	38aa5e89	ce02b7d257e29742071497f112f1ea42ed734a93989e8fbb1332f1c09590f5e2	P1300 exclui exatamente os aliases globais; rotas color.* são preservadas.	NO_CHANGE_CLOSED_CONTROL	Matriz fresca confirma fechamento histórico nos quatro perfis; nenhuma regressão temporal.	Qualquer perfil ou repetição divergir do diagnóstico/valor vanilla.	Preservar como sentinela fechada, fora dos 160 residuais.	historical_closed_extra	path-hsl	color.hsl
hsv	default,html,a11y,html+a11y	default:MATCH_DIAGNOSTIC;html:MATCH_DIAGNOSTIC;a11y:MATCH_DIAGNOSTIC;html+a11y:MATCH_DIAGNOSTIC	L0_CONTRADICTION	CLOSED_CONFIRMED	01_core/src/compiler/eval/mod.rs:1651	lab/typst-original/crates/typst-library/src/lib.rs:374 (ausência na matriz pública)	00_nucleo/prompts/compiler/eval.md	38aa5e89	ce02b7d257e29742071497f112f1ea42ed734a93989e8fbb1332f1c09590f5e2	P1300 exclui exatamente os aliases globais; rotas color.* são preservadas.	NO_CHANGE_CLOSED_CONTROL	Matriz fresca confirma fechamento histórico nos quatro perfis; nenhuma regressão temporal.	Qualquer perfil ou repetição divergir do diagnóstico/valor vanilla.	Preservar como sentinela fechada, fora dos 160 residuais.	historical_closed_extra	path-hsv	color.hsv
html	default,html,a11y,html+a11y	default:MATCH_DIAGNOSTIC;html:MATCH_VALUE;a11y:MATCH_DIAGNOSTIC;html+a11y:MATCH_VALUE	EXPECTED_FEATURE_DISABLED	EXPECTED_FEATURE_DISABLED	01_core/src/compiler/stdlib/html.rs:24	lab/typst-original/crates/typst-html/src/typed.rs:32	00_nucleo/prompts/compiler/stdlib/html.md	33e187a1	df741b13ec8a3630180d65c3b606aca20385ab2b00d3d93836e85b5fbdca9ac9	html é feature independente do target; ausência sem feature é esperada.	NO_CHANGE_EXPECTED_FEATURE_GATE	MATCH_DIAGNOSTIC sem html e MATCH_VALUE com html nos quatro perfis medidos.	Presença sem feature ou ausência/divergência com feature.	Preservar gate; não selecionar como defeito.	p1299_residual_160	path-html	
html.area	default,html,a11y,html+a11y	default:MATCH_DIAGNOSTIC;html:VANILLA_ONLY;a11y:MATCH_DIAGNOSTIC;html+a11y:VANILLA_ONLY	MISSING_LANGUAGE_MEMBER	MISSING_LANGUAGE_MEMBER	01_core/src/compiler/stdlib/html.rs:24	lab/typst-original/crates/typst-html/src/typed.rs:32	00_nucleo/prompts/compiler/stdlib/html.md	33e187a1	df741b13ec8a3630180d65c3b606aca20385ab2b00d3d93836e85b5fbdca9ac9	Membro público vanilla medido e cristalino ausente no lookup atual; a ausência não prova autorização L0 para implementá-lo.	ADR-0127_REASSESS_CONCRETE_OWNER_CHANGE	VANILLA_ONLY fresco nos perfis em que a feature está ativa; falha bilateral sem html é gate ancestral esperado, não fechamento.	Lookup cristalino com mesmo kind/repr ou ausência vanilla no perfil habilitado refutaria dívida.	Manter dívida para coorte do owner; nenhuma implementação autorizada.	p1299_residual_160	path-html.area	
html.audio	default,html,a11y,html+a11y	default:MATCH_DIAGNOSTIC;html:VANILLA_ONLY;a11y:MATCH_DIAGNOSTIC;html+a11y:VANILLA_ONLY	MISSING_LANGUAGE_MEMBER	MISSING_LANGUAGE_MEMBER	01_core/src/compiler/stdlib/html.rs:24	lab/typst-original/crates/typst-html/src/typed.rs:32	00_nucleo/prompts/compiler/stdlib/html.md	33e187a1	df741b13ec8a3630180d65c3b606aca20385ab2b00d3d93836e85b5fbdca9ac9	Membro público vanilla medido e cristalino ausente no lookup atual; a ausência não prova autorização L0 para implementá-lo.	ADR-0127_REASSESS_CONCRETE_OWNER_CHANGE	VANILLA_ONLY fresco nos perfis em que a feature está ativa; falha bilateral sem html é gate ancestral esperado, não fechamento.	Lookup cristalino com mesmo kind/repr ou ausência vanilla no perfil habilitado refutaria dívida.	Manter dívida para coorte do owner; nenhuma implementação autorizada.	p1299_residual_160	path-html.audio	
html.base	default,html,a11y,html+a11y	default:MATCH_DIAGNOSTIC;html:VANILLA_ONLY;a11y:MATCH_DIAGNOSTIC;html+a11y:VANILLA_ONLY	MISSING_LANGUAGE_MEMBER	MISSING_LANGUAGE_MEMBER	01_core/src/compiler/stdlib/html.rs:24	lab/typst-original/crates/typst-html/src/typed.rs:32	00_nucleo/prompts/compiler/stdlib/html.md	33e187a1	df741b13ec8a3630180d65c3b606aca20385ab2b00d3d93836e85b5fbdca9ac9	Membro público vanilla medido e cristalino ausente no lookup atual; a ausência não prova autorização L0 para implementá-lo.	ADR-0127_REASSESS_CONCRETE_OWNER_CHANGE	VANILLA_ONLY fresco nos perfis em que a feature está ativa; falha bilateral sem html é gate ancestral esperado, não fechamento.	Lookup cristalino com mesmo kind/repr ou ausência vanilla no perfil habilitado refutaria dívida.	Manter dívida para coorte do owner; nenhuma implementação autorizada.	p1299_residual_160	path-html.base	
html.blockquote	default,html,a11y,html+a11y	default:MATCH_DIAGNOSTIC;html:VANILLA_ONLY;a11y:MATCH_DIAGNOSTIC;html+a11y:VANILLA_ONLY	MISSING_LANGUAGE_MEMBER	MISSING_LANGUAGE_MEMBER	01_core/src/compiler/stdlib/html.rs:24	lab/typst-original/crates/typst-html/src/typed.rs:32	00_nucleo/prompts/compiler/stdlib/html.md	33e187a1	df741b13ec8a3630180d65c3b606aca20385ab2b00d3d93836e85b5fbdca9ac9	Membro público vanilla medido e cristalino ausente no lookup atual; a ausência não prova autorização L0 para implementá-lo.	ADR-0127_REASSESS_CONCRETE_OWNER_CHANGE	VANILLA_ONLY fresco nos perfis em que a feature está ativa; falha bilateral sem html é gate ancestral esperado, não fechamento.	Lookup cristalino com mesmo kind/repr ou ausência vanilla no perfil habilitado refutaria dívida.	Manter dívida para coorte do owner; nenhuma implementação autorizada.	p1299_residual_160	path-html.blockquote	
html.canvas	default,html,a11y,html+a11y	default:MATCH_DIAGNOSTIC;html:VANILLA_ONLY;a11y:MATCH_DIAGNOSTIC;html+a11y:VANILLA_ONLY	MISSING_LANGUAGE_MEMBER	MISSING_LANGUAGE_MEMBER	01_core/src/compiler/stdlib/html.rs:24	lab/typst-original/crates/typst-html/src/typed.rs:32	00_nucleo/prompts/compiler/stdlib/html.md	33e187a1	df741b13ec8a3630180d65c3b606aca20385ab2b00d3d93836e85b5fbdca9ac9	Membro público vanilla medido e cristalino ausente no lookup atual; a ausência não prova autorização L0 para implementá-lo.	ADR-0127_REASSESS_CONCRETE_OWNER_CHANGE	VANILLA_ONLY fresco nos perfis em que a feature está ativa; falha bilateral sem html é gate ancestral esperado, não fechamento.	Lookup cristalino com mesmo kind/repr ou ausência vanilla no perfil habilitado refutaria dívida.	Manter dívida para coorte do owner; nenhuma implementação autorizada.	p1299_residual_160	path-html.canvas	
html.caption	default,html,a11y,html+a11y	default:MATCH_DIAGNOSTIC;html:VANILLA_ONLY;a11y:MATCH_DIAGNOSTIC;html+a11y:VANILLA_ONLY	MISSING_LANGUAGE_MEMBER	MISSING_LANGUAGE_MEMBER	01_core/src/compiler/stdlib/html.rs:24	lab/typst-original/crates/typst-html/src/typed.rs:32	00_nucleo/prompts/compiler/stdlib/html.md	33e187a1	df741b13ec8a3630180d65c3b606aca20385ab2b00d3d93836e85b5fbdca9ac9	Membro público vanilla medido e cristalino ausente no lookup atual; a ausência não prova autorização L0 para implementá-lo.	ADR-0127_REASSESS_CONCRETE_OWNER_CHANGE	VANILLA_ONLY fresco nos perfis em que a feature está ativa; falha bilateral sem html é gate ancestral esperado, não fechamento.	Lookup cristalino com mesmo kind/repr ou ausência vanilla no perfil habilitado refutaria dívida.	Manter dívida para coorte do owner; nenhuma implementação autorizada.	p1299_residual_160	path-html.caption	
html.colgroup	default,html,a11y,html+a11y	default:MATCH_DIAGNOSTIC;html:VANILLA_ONLY;a11y:MATCH_DIAGNOSTIC;html+a11y:VANILLA_ONLY	MISSING_LANGUAGE_MEMBER	MISSING_LANGUAGE_MEMBER	01_core/src/compiler/stdlib/html.rs:24	lab/typst-original/crates/typst-html/src/typed.rs:32	00_nucleo/prompts/compiler/stdlib/html.md	33e187a1	df741b13ec8a3630180d65c3b606aca20385ab2b00d3d93836e85b5fbdca9ac9	Membro público vanilla medido e cristalino ausente no lookup atual; a ausência não prova autorização L0 para implementá-lo.	ADR-0127_REASSESS_CONCRETE_OWNER_CHANGE	VANILLA_ONLY fresco nos perfis em que a feature está ativa; falha bilateral sem html é gate ancestral esperado, não fechamento.	Lookup cristalino com mesmo kind/repr ou ausência vanilla no perfil habilitado refutaria dívida.	Manter dívida para coorte do owner; nenhuma implementação autorizada.	p1299_residual_160	path-html.colgroup	
html.data	default,html,a11y,html+a11y	default:MATCH_DIAGNOSTIC;html:VANILLA_ONLY;a11y:MATCH_DIAGNOSTIC;html+a11y:VANILLA_ONLY	MISSING_LANGUAGE_MEMBER	MISSING_LANGUAGE_MEMBER	01_core/src/compiler/stdlib/html.rs:24	lab/typst-original/crates/typst-html/src/typed.rs:32	00_nucleo/prompts/compiler/stdlib/html.md	33e187a1	df741b13ec8a3630180d65c3b606aca20385ab2b00d3d93836e85b5fbdca9ac9	Membro público vanilla medido e cristalino ausente no lookup atual; a ausência não prova autorização L0 para implementá-lo.	ADR-0127_REASSESS_CONCRETE_OWNER_CHANGE	VANILLA_ONLY fresco nos perfis em que a feature está ativa; falha bilateral sem html é gate ancestral esperado, não fechamento.	Lookup cristalino com mesmo kind/repr ou ausência vanilla no perfil habilitado refutaria dívida.	Manter dívida para coorte do owner; nenhuma implementação autorizada.	p1299_residual_160	path-html.data	
html.del	default,html,a11y,html+a11y	default:MATCH_DIAGNOSTIC;html:VANILLA_ONLY;a11y:MATCH_DIAGNOSTIC;html+a11y:VANILLA_ONLY	MISSING_LANGUAGE_MEMBER	MISSING_LANGUAGE_MEMBER	01_core/src/compiler/stdlib/html.rs:24	lab/typst-original/crates/typst-html/src/typed.rs:32	00_nucleo/prompts/compiler/stdlib/html.md	33e187a1	df741b13ec8a3630180d65c3b606aca20385ab2b00d3d93836e85b5fbdca9ac9	Membro público vanilla medido e cristalino ausente no lookup atual; a ausência não prova autorização L0 para implementá-lo.	ADR-0127_REASSESS_CONCRETE_OWNER_CHANGE	VANILLA_ONLY fresco nos perfis em que a feature está ativa; falha bilateral sem html é gate ancestral esperado, não fechamento.	Lookup cristalino com mesmo kind/repr ou ausência vanilla no perfil habilitado refutaria dívida.	Manter dívida para coorte do owner; nenhuma implementação autorizada.	p1299_residual_160	path-html.del	
html.details	default,html,a11y,html+a11y	default:MATCH_DIAGNOSTIC;html:VANILLA_ONLY;a11y:MATCH_DIAGNOSTIC;html+a11y:VANILLA_ONLY	MISSING_LANGUAGE_MEMBER	MISSING_LANGUAGE_MEMBER	01_core/src/compiler/stdlib/html.rs:24	lab/typst-original/crates/typst-html/src/typed.rs:32	00_nucleo/prompts/compiler/stdlib/html.md	33e187a1	df741b13ec8a3630180d65c3b606aca20385ab2b00d3d93836e85b5fbdca9ac9	Membro público vanilla medido e cristalino ausente no lookup atual; a ausência não prova autorização L0 para implementá-lo.	ADR-0127_REASSESS_CONCRETE_OWNER_CHANGE	VANILLA_ONLY fresco nos perfis em que a feature está ativa; falha bilateral sem html é gate ancestral esperado, não fechamento.	Lookup cristalino com mesmo kind/repr ou ausência vanilla no perfil habilitado refutaria dívida.	Manter dívida para coorte do owner; nenhuma implementação autorizada.	p1299_residual_160	path-html.details	
html.dialog	default,html,a11y,html+a11y	default:MATCH_DIAGNOSTIC;html:VANILLA_ONLY;a11y:MATCH_DIAGNOSTIC;html+a11y:VANILLA_ONLY	MISSING_LANGUAGE_MEMBER	MISSING_LANGUAGE_MEMBER	01_core/src/compiler/stdlib/html.rs:24	lab/typst-original/crates/typst-html/src/typed.rs:32	00_nucleo/prompts/compiler/stdlib/html.md	33e187a1	df741b13ec8a3630180d65c3b606aca20385ab2b00d3d93836e85b5fbdca9ac9	Membro público vanilla medido e cristalino ausente no lookup atual; a ausência não prova autorização L0 para implementá-lo.	ADR-0127_REASSESS_CONCRETE_OWNER_CHANGE	VANILLA_ONLY fresco nos perfis em que a feature está ativa; falha bilateral sem html é gate ancestral esperado, não fechamento.	Lookup cristalino com mesmo kind/repr ou ausência vanilla no perfil habilitado refutaria dívida.	Manter dívida para coorte do owner; nenhuma implementação autorizada.	p1299_residual_160	path-html.dialog	
html.embed	default,html,a11y,html+a11y	default:MATCH_DIAGNOSTIC;html:VANILLA_ONLY;a11y:MATCH_DIAGNOSTIC;html+a11y:VANILLA_ONLY	MISSING_LANGUAGE_MEMBER	MISSING_LANGUAGE_MEMBER	01_core/src/compiler/stdlib/html.rs:24	lab/typst-original/crates/typst-html/src/typed.rs:32	00_nucleo/prompts/compiler/stdlib/html.md	33e187a1	df741b13ec8a3630180d65c3b606aca20385ab2b00d3d93836e85b5fbdca9ac9	Membro público vanilla medido e cristalino ausente no lookup atual; a ausência não prova autorização L0 para implementá-lo.	ADR-0127_REASSESS_CONCRETE_OWNER_CHANGE	VANILLA_ONLY fresco nos perfis em que a feature está ativa; falha bilateral sem html é gate ancestral esperado, não fechamento.	Lookup cristalino com mesmo kind/repr ou ausência vanilla no perfil habilitado refutaria dívida.	Manter dívida para coorte do owner; nenhuma implementação autorizada.	p1299_residual_160	path-html.embed	
html.fieldset	default,html,a11y,html+a11y	default:MATCH_DIAGNOSTIC;html:VANILLA_ONLY;a11y:MATCH_DIAGNOSTIC;html+a11y:VANILLA_ONLY	MISSING_LANGUAGE_MEMBER	MISSING_LANGUAGE_MEMBER	01_core/src/compiler/stdlib/html.rs:24	lab/typst-original/crates/typst-html/src/typed.rs:32	00_nucleo/prompts/compiler/stdlib/html.md	33e187a1	df741b13ec8a3630180d65c3b606aca20385ab2b00d3d93836e85b5fbdca9ac9	Membro público vanilla medido e cristalino ausente no lookup atual; a ausência não prova autorização L0 para implementá-lo.	ADR-0127_REASSESS_CONCRETE_OWNER_CHANGE	VANILLA_ONLY fresco nos perfis em que a feature está ativa; falha bilateral sem html é gate ancestral esperado, não fechamento.	Lookup cristalino com mesmo kind/repr ou ausência vanilla no perfil habilitado refutaria dívida.	Manter dívida para coorte do owner; nenhuma implementação autorizada.	p1299_residual_160	path-html.fieldset	
html.form	default,html,a11y,html+a11y	default:MATCH_DIAGNOSTIC;html:VANILLA_ONLY;a11y:MATCH_DIAGNOSTIC;html+a11y:VANILLA_ONLY	MISSING_LANGUAGE_MEMBER	MISSING_LANGUAGE_MEMBER	01_core/src/compiler/stdlib/html.rs:24	lab/typst-original/crates/typst-html/src/typed.rs:32	00_nucleo/prompts/compiler/stdlib/html.md	33e187a1	df741b13ec8a3630180d65c3b606aca20385ab2b00d3d93836e85b5fbdca9ac9	Membro público vanilla medido e cristalino ausente no lookup atual; a ausência não prova autorização L0 para implementá-lo.	ADR-0127_REASSESS_CONCRETE_OWNER_CHANGE	VANILLA_ONLY fresco nos perfis em que a feature está ativa; falha bilateral sem html é gate ancestral esperado, não fechamento.	Lookup cristalino com mesmo kind/repr ou ausência vanilla no perfil habilitado refutaria dívida.	Manter dívida para coorte do owner; nenhuma implementação autorizada.	p1299_residual_160	path-html.form	
html.frame	default,html,a11y,html+a11y	default:MATCH_DIAGNOSTIC;html:VANILLA_ONLY;a11y:MATCH_DIAGNOSTIC;html+a11y:VANILLA_ONLY	MISSING_LANGUAGE_MEMBER	MISSING_LANGUAGE_MEMBER	01_core/src/compiler/stdlib/html.rs:24	lab/typst-original/crates/typst-html/src/lib.rs:137	00_nucleo/prompts/compiler/stdlib/html.md	33e187a1	df741b13ec8a3630180d65c3b606aca20385ab2b00d3d93836e85b5fbdca9ac9	Membro público vanilla medido e cristalino ausente no lookup atual; a ausência não prova autorização L0 para implementá-lo.	ADR-0127_REASSESS_CONCRETE_OWNER_CHANGE	VANILLA_ONLY fresco nos perfis em que a feature está ativa; falha bilateral sem html é gate ancestral esperado, não fechamento.	Lookup cristalino com mesmo kind/repr ou ausência vanilla no perfil habilitado refutaria dívida.	Manter dívida para coorte do owner; nenhuma implementação autorizada.	p1299_residual_160	path-html.frame	
html.hr	default,html,a11y,html+a11y	default:MATCH_DIAGNOSTIC;html:VANILLA_ONLY;a11y:MATCH_DIAGNOSTIC;html+a11y:VANILLA_ONLY	MISSING_LANGUAGE_MEMBER	MISSING_LANGUAGE_MEMBER	01_core/src/compiler/stdlib/html.rs:24	lab/typst-original/crates/typst-html/src/typed.rs:32	00_nucleo/prompts/compiler/stdlib/html.md	33e187a1	df741b13ec8a3630180d65c3b606aca20385ab2b00d3d93836e85b5fbdca9ac9	Membro público vanilla medido e cristalino ausente no lookup atual; a ausência não prova autorização L0 para implementá-lo.	ADR-0127_REASSESS_CONCRETE_OWNER_CHANGE	VANILLA_ONLY fresco nos perfis em que a feature está ativa; falha bilateral sem html é gate ancestral esperado, não fechamento.	Lookup cristalino com mesmo kind/repr ou ausência vanilla no perfil habilitado refutaria dívida.	Manter dívida para coorte do owner; nenhuma implementação autorizada.	p1299_residual_160	path-html.hr	
html.img	default,html,a11y,html+a11y	default:MATCH_DIAGNOSTIC;html:VANILLA_ONLY;a11y:MATCH_DIAGNOSTIC;html+a11y:VANILLA_ONLY	MISSING_LANGUAGE_MEMBER	MISSING_LANGUAGE_MEMBER	01_core/src/compiler/stdlib/html.rs:24	lab/typst-original/crates/typst-html/src/typed.rs:32	00_nucleo/prompts/compiler/stdlib/html.md	33e187a1	df741b13ec8a3630180d65c3b606aca20385ab2b00d3d93836e85b5fbdca9ac9	Membro público vanilla medido e cristalino ausente no lookup atual; a ausência não prova autorização L0 para implementá-lo.	ADR-0127_REASSESS_CONCRETE_OWNER_CHANGE	VANILLA_ONLY fresco nos perfis em que a feature está ativa; falha bilateral sem html é gate ancestral esperado, não fechamento.	Lookup cristalino com mesmo kind/repr ou ausência vanilla no perfil habilitado refutaria dívida.	Manter dívida para coorte do owner; nenhuma implementação autorizada.	p1299_residual_160	path-html.img	
html.input	default,html,a11y,html+a11y	default:MATCH_DIAGNOSTIC;html:VANILLA_ONLY;a11y:MATCH_DIAGNOSTIC;html+a11y:VANILLA_ONLY	MISSING_LANGUAGE_MEMBER	MISSING_LANGUAGE_MEMBER	01_core/src/compiler/stdlib/html.rs:24	lab/typst-original/crates/typst-html/src/typed.rs:32	00_nucleo/prompts/compiler/stdlib/html.md	33e187a1	df741b13ec8a3630180d65c3b606aca20385ab2b00d3d93836e85b5fbdca9ac9	Membro público vanilla medido e cristalino ausente no lookup atual; a ausência não prova autorização L0 para implementá-lo.	ADR-0127_REASSESS_CONCRETE_OWNER_CHANGE	VANILLA_ONLY fresco nos perfis em que a feature está ativa; falha bilateral sem html é gate ancestral esperado, não fechamento.	Lookup cristalino com mesmo kind/repr ou ausência vanilla no perfil habilitado refutaria dívida.	Manter dívida para coorte do owner; nenhuma implementação autorizada.	p1299_residual_160	path-html.input	
html.ins	default,html,a11y,html+a11y	default:MATCH_DIAGNOSTIC;html:VANILLA_ONLY;a11y:MATCH_DIAGNOSTIC;html+a11y:VANILLA_ONLY	MISSING_LANGUAGE_MEMBER	MISSING_LANGUAGE_MEMBER	01_core/src/compiler/stdlib/html.rs:24	lab/typst-original/crates/typst-html/src/typed.rs:32	00_nucleo/prompts/compiler/stdlib/html.md	33e187a1	df741b13ec8a3630180d65c3b606aca20385ab2b00d3d93836e85b5fbdca9ac9	Membro público vanilla medido e cristalino ausente no lookup atual; a ausência não prova autorização L0 para implementá-lo.	ADR-0127_REASSESS_CONCRETE_OWNER_CHANGE	VANILLA_ONLY fresco nos perfis em que a feature está ativa; falha bilateral sem html é gate ancestral esperado, não fechamento.	Lookup cristalino com mesmo kind/repr ou ausência vanilla no perfil habilitado refutaria dívida.	Manter dívida para coorte do owner; nenhuma implementação autorizada.	p1299_residual_160	path-html.ins	
html.label	default,html,a11y,html+a11y	default:MATCH_DIAGNOSTIC;html:VANILLA_ONLY;a11y:MATCH_DIAGNOSTIC;html+a11y:VANILLA_ONLY	MISSING_LANGUAGE_MEMBER	MISSING_LANGUAGE_MEMBER	01_core/src/compiler/stdlib/html.rs:24	lab/typst-original/crates/typst-html/src/typed.rs:32	00_nucleo/prompts/compiler/stdlib/html.md	33e187a1	df741b13ec8a3630180d65c3b606aca20385ab2b00d3d93836e85b5fbdca9ac9	Membro público vanilla medido e cristalino ausente no lookup atual; a ausência não prova autorização L0 para implementá-lo.	ADR-0127_REASSESS_CONCRETE_OWNER_CHANGE	VANILLA_ONLY fresco nos perfis em que a feature está ativa; falha bilateral sem html é gate ancestral esperado, não fechamento.	Lookup cristalino com mesmo kind/repr ou ausência vanilla no perfil habilitado refutaria dívida.	Manter dívida para coorte do owner; nenhuma implementação autorizada.	p1299_residual_160	path-html.label	
html.link	default,html,a11y,html+a11y	default:MATCH_DIAGNOSTIC;html:VANILLA_ONLY;a11y:MATCH_DIAGNOSTIC;html+a11y:VANILLA_ONLY	MISSING_LANGUAGE_MEMBER	MISSING_LANGUAGE_MEMBER	01_core/src/compiler/stdlib/html.rs:24	lab/typst-original/crates/typst-html/src/typed.rs:32	00_nucleo/prompts/compiler/stdlib/html.md	33e187a1	df741b13ec8a3630180d65c3b606aca20385ab2b00d3d93836e85b5fbdca9ac9	Membro público vanilla medido e cristalino ausente no lookup atual; a ausência não prova autorização L0 para implementá-lo.	ADR-0127_REASSESS_CONCRETE_OWNER_CHANGE	VANILLA_ONLY fresco nos perfis em que a feature está ativa; falha bilateral sem html é gate ancestral esperado, não fechamento.	Lookup cristalino com mesmo kind/repr ou ausência vanilla no perfil habilitado refutaria dívida.	Manter dívida para coorte do owner; nenhuma implementação autorizada.	p1299_residual_160	path-html.link	
html.map	default,html,a11y,html+a11y	default:MATCH_DIAGNOSTIC;html:VANILLA_ONLY;a11y:MATCH_DIAGNOSTIC;html+a11y:VANILLA_ONLY	MISSING_LANGUAGE_MEMBER	MISSING_LANGUAGE_MEMBER	01_core/src/compiler/stdlib/html.rs:24	lab/typst-original/crates/typst-html/src/typed.rs:32	00_nucleo/prompts/compiler/stdlib/html.md	33e187a1	df741b13ec8a3630180d65c3b606aca20385ab2b00d3d93836e85b5fbdca9ac9	Membro público vanilla medido e cristalino ausente no lookup atual; a ausência não prova autorização L0 para implementá-lo.	ADR-0127_REASSESS_CONCRETE_OWNER_CHANGE	VANILLA_ONLY fresco nos perfis em que a feature está ativa; falha bilateral sem html é gate ancestral esperado, não fechamento.	Lookup cristalino com mesmo kind/repr ou ausência vanilla no perfil habilitado refutaria dívida.	Manter dívida para coorte do owner; nenhuma implementação autorizada.	p1299_residual_160	path-html.map	
html.meta	default,html,a11y,html+a11y	default:MATCH_DIAGNOSTIC;html:VANILLA_ONLY;a11y:MATCH_DIAGNOSTIC;html+a11y:VANILLA_ONLY	MISSING_LANGUAGE_MEMBER	MISSING_LANGUAGE_MEMBER	01_core/src/compiler/stdlib/html.rs:24	lab/typst-original/crates/typst-html/src/typed.rs:32	00_nucleo/prompts/compiler/stdlib/html.md	33e187a1	df741b13ec8a3630180d65c3b606aca20385ab2b00d3d93836e85b5fbdca9ac9	Membro público vanilla medido e cristalino ausente no lookup atual; a ausência não prova autorização L0 para implementá-lo.	ADR-0127_REASSESS_CONCRETE_OWNER_CHANGE	VANILLA_ONLY fresco nos perfis em que a feature está ativa; falha bilateral sem html é gate ancestral esperado, não fechamento.	Lookup cristalino com mesmo kind/repr ou ausência vanilla no perfil habilitado refutaria dívida.	Manter dívida para coorte do owner; nenhuma implementação autorizada.	p1299_residual_160	path-html.meta	
html.meter	default,html,a11y,html+a11y	default:MATCH_DIAGNOSTIC;html:VANILLA_ONLY;a11y:MATCH_DIAGNOSTIC;html+a11y:VANILLA_ONLY	MISSING_LANGUAGE_MEMBER	MISSING_LANGUAGE_MEMBER	01_core/src/compiler/stdlib/html.rs:24	lab/typst-original/crates/typst-html/src/typed.rs:32	00_nucleo/prompts/compiler/stdlib/html.md	33e187a1	df741b13ec8a3630180d65c3b606aca20385ab2b00d3d93836e85b5fbdca9ac9	Membro público vanilla medido e cristalino ausente no lookup atual; a ausência não prova autorização L0 para implementá-lo.	ADR-0127_REASSESS_CONCRETE_OWNER_CHANGE	VANILLA_ONLY fresco nos perfis em que a feature está ativa; falha bilateral sem html é gate ancestral esperado, não fechamento.	Lookup cristalino com mesmo kind/repr ou ausência vanilla no perfil habilitado refutaria dívida.	Manter dívida para coorte do owner; nenhuma implementação autorizada.	p1299_residual_160	path-html.meter	
html.object	default,html,a11y,html+a11y	default:MATCH_DIAGNOSTIC;html:VANILLA_ONLY;a11y:MATCH_DIAGNOSTIC;html+a11y:VANILLA_ONLY	MISSING_LANGUAGE_MEMBER	MISSING_LANGUAGE_MEMBER	01_core/src/compiler/stdlib/html.rs:24	lab/typst-original/crates/typst-html/src/typed.rs:32	00_nucleo/prompts/compiler/stdlib/html.md	33e187a1	df741b13ec8a3630180d65c3b606aca20385ab2b00d3d93836e85b5fbdca9ac9	Membro público vanilla medido e cristalino ausente no lookup atual; a ausência não prova autorização L0 para implementá-lo.	ADR-0127_REASSESS_CONCRETE_OWNER_CHANGE	VANILLA_ONLY fresco nos perfis em que a feature está ativa; falha bilateral sem html é gate ancestral esperado, não fechamento.	Lookup cristalino com mesmo kind/repr ou ausência vanilla no perfil habilitado refutaria dívida.	Manter dívida para coorte do owner; nenhuma implementação autorizada.	p1299_residual_160	path-html.object	
html.optgroup	default,html,a11y,html+a11y	default:MATCH_DIAGNOSTIC;html:VANILLA_ONLY;a11y:MATCH_DIAGNOSTIC;html+a11y:VANILLA_ONLY	MISSING_LANGUAGE_MEMBER	MISSING_LANGUAGE_MEMBER	01_core/src/compiler/stdlib/html.rs:24	lab/typst-original/crates/typst-html/src/typed.rs:32	00_nucleo/prompts/compiler/stdlib/html.md	33e187a1	df741b13ec8a3630180d65c3b606aca20385ab2b00d3d93836e85b5fbdca9ac9	Membro público vanilla medido e cristalino ausente no lookup atual; a ausência não prova autorização L0 para implementá-lo.	ADR-0127_REASSESS_CONCRETE_OWNER_CHANGE	VANILLA_ONLY fresco nos perfis em que a feature está ativa; falha bilateral sem html é gate ancestral esperado, não fechamento.	Lookup cristalino com mesmo kind/repr ou ausência vanilla no perfil habilitado refutaria dívida.	Manter dívida para coorte do owner; nenhuma implementação autorizada.	p1299_residual_160	path-html.optgroup	
html.option	default,html,a11y,html+a11y	default:MATCH_DIAGNOSTIC;html:VANILLA_ONLY;a11y:MATCH_DIAGNOSTIC;html+a11y:VANILLA_ONLY	MISSING_LANGUAGE_MEMBER	MISSING_LANGUAGE_MEMBER	01_core/src/compiler/stdlib/html.rs:24	lab/typst-original/crates/typst-html/src/typed.rs:32	00_nucleo/prompts/compiler/stdlib/html.md	33e187a1	df741b13ec8a3630180d65c3b606aca20385ab2b00d3d93836e85b5fbdca9ac9	Membro público vanilla medido e cristalino ausente no lookup atual; a ausência não prova autorização L0 para implementá-lo.	ADR-0127_REASSESS_CONCRETE_OWNER_CHANGE	VANILLA_ONLY fresco nos perfis em que a feature está ativa; falha bilateral sem html é gate ancestral esperado, não fechamento.	Lookup cristalino com mesmo kind/repr ou ausência vanilla no perfil habilitado refutaria dívida.	Manter dívida para coorte do owner; nenhuma implementação autorizada.	p1299_residual_160	path-html.option	
html.output	default,html,a11y,html+a11y	default:MATCH_DIAGNOSTIC;html:VANILLA_ONLY;a11y:MATCH_DIAGNOSTIC;html+a11y:VANILLA_ONLY	MISSING_LANGUAGE_MEMBER	MISSING_LANGUAGE_MEMBER	01_core/src/compiler/stdlib/html.rs:24	lab/typst-original/crates/typst-html/src/typed.rs:32	00_nucleo/prompts/compiler/stdlib/html.md	33e187a1	df741b13ec8a3630180d65c3b606aca20385ab2b00d3d93836e85b5fbdca9ac9	Membro público vanilla medido e cristalino ausente no lookup atual; a ausência não prova autorização L0 para implementá-lo.	ADR-0127_REASSESS_CONCRETE_OWNER_CHANGE	VANILLA_ONLY fresco nos perfis em que a feature está ativa; falha bilateral sem html é gate ancestral esperado, não fechamento.	Lookup cristalino com mesmo kind/repr ou ausência vanilla no perfil habilitado refutaria dívida.	Manter dívida para coorte do owner; nenhuma implementação autorizada.	p1299_residual_160	path-html.output	
html.progress	default,html,a11y,html+a11y	default:MATCH_DIAGNOSTIC;html:VANILLA_ONLY;a11y:MATCH_DIAGNOSTIC;html+a11y:VANILLA_ONLY	MISSING_LANGUAGE_MEMBER	MISSING_LANGUAGE_MEMBER	01_core/src/compiler/stdlib/html.rs:24	lab/typst-original/crates/typst-html/src/typed.rs:32	00_nucleo/prompts/compiler/stdlib/html.md	33e187a1	df741b13ec8a3630180d65c3b606aca20385ab2b00d3d93836e85b5fbdca9ac9	Membro público vanilla medido e cristalino ausente no lookup atual; a ausência não prova autorização L0 para implementá-lo.	ADR-0127_REASSESS_CONCRETE_OWNER_CHANGE	VANILLA_ONLY fresco nos perfis em que a feature está ativa; falha bilateral sem html é gate ancestral esperado, não fechamento.	Lookup cristalino com mesmo kind/repr ou ausência vanilla no perfil habilitado refutaria dívida.	Manter dívida para coorte do owner; nenhuma implementação autorizada.	p1299_residual_160	path-html.progress	
html.q	default,html,a11y,html+a11y	default:MATCH_DIAGNOSTIC;html:VANILLA_ONLY;a11y:MATCH_DIAGNOSTIC;html+a11y:VANILLA_ONLY	MISSING_LANGUAGE_MEMBER	MISSING_LANGUAGE_MEMBER	01_core/src/compiler/stdlib/html.rs:24	lab/typst-original/crates/typst-html/src/typed.rs:32	00_nucleo/prompts/compiler/stdlib/html.md	33e187a1	df741b13ec8a3630180d65c3b606aca20385ab2b00d3d93836e85b5fbdca9ac9	Membro público vanilla medido e cristalino ausente no lookup atual; a ausência não prova autorização L0 para implementá-lo.	ADR-0127_REASSESS_CONCRETE_OWNER_CHANGE	VANILLA_ONLY fresco nos perfis em que a feature está ativa; falha bilateral sem html é gate ancestral esperado, não fechamento.	Lookup cristalino com mesmo kind/repr ou ausência vanilla no perfil habilitado refutaria dívida.	Manter dívida para coorte do owner; nenhuma implementação autorizada.	p1299_residual_160	path-html.q	
html.script	default,html,a11y,html+a11y	default:MATCH_DIAGNOSTIC;html:VANILLA_ONLY;a11y:MATCH_DIAGNOSTIC;html+a11y:VANILLA_ONLY	MISSING_LANGUAGE_MEMBER	MISSING_LANGUAGE_MEMBER	01_core/src/compiler/stdlib/html.rs:24	lab/typst-original/crates/typst-html/src/typed.rs:32	00_nucleo/prompts/compiler/stdlib/html.md	33e187a1	df741b13ec8a3630180d65c3b606aca20385ab2b00d3d93836e85b5fbdca9ac9	Membro público vanilla medido e cristalino ausente no lookup atual; a ausência não prova autorização L0 para implementá-lo.	ADR-0127_REASSESS_CONCRETE_OWNER_CHANGE	VANILLA_ONLY fresco nos perfis em que a feature está ativa; falha bilateral sem html é gate ancestral esperado, não fechamento.	Lookup cristalino com mesmo kind/repr ou ausência vanilla no perfil habilitado refutaria dívida.	Manter dívida para coorte do owner; nenhuma implementação autorizada.	p1299_residual_160	path-html.script	
html.slot	default,html,a11y,html+a11y	default:MATCH_DIAGNOSTIC;html:VANILLA_ONLY;a11y:MATCH_DIAGNOSTIC;html+a11y:VANILLA_ONLY	MISSING_LANGUAGE_MEMBER	MISSING_LANGUAGE_MEMBER	01_core/src/compiler/stdlib/html.rs:24	lab/typst-original/crates/typst-html/src/typed.rs:32	00_nucleo/prompts/compiler/stdlib/html.md	33e187a1	df741b13ec8a3630180d65c3b606aca20385ab2b00d3d93836e85b5fbdca9ac9	Membro público vanilla medido e cristalino ausente no lookup atual; a ausência não prova autorização L0 para implementá-lo.	ADR-0127_REASSESS_CONCRETE_OWNER_CHANGE	VANILLA_ONLY fresco nos perfis em que a feature está ativa; falha bilateral sem html é gate ancestral esperado, não fechamento.	Lookup cristalino com mesmo kind/repr ou ausência vanilla no perfil habilitado refutaria dívida.	Manter dívida para coorte do owner; nenhuma implementação autorizada.	p1299_residual_160	path-html.slot	
html.source	default,html,a11y,html+a11y	default:MATCH_DIAGNOSTIC;html:VANILLA_ONLY;a11y:MATCH_DIAGNOSTIC;html+a11y:VANILLA_ONLY	MISSING_LANGUAGE_MEMBER	MISSING_LANGUAGE_MEMBER	01_core/src/compiler/stdlib/html.rs:24	lab/typst-original/crates/typst-html/src/typed.rs:32	00_nucleo/prompts/compiler/stdlib/html.md	33e187a1	df741b13ec8a3630180d65c3b606aca20385ab2b00d3d93836e85b5fbdca9ac9	Membro público vanilla medido e cristalino ausente no lookup atual; a ausência não prova autorização L0 para implementá-lo.	ADR-0127_REASSESS_CONCRETE_OWNER_CHANGE	VANILLA_ONLY fresco nos perfis em que a feature está ativa; falha bilateral sem html é gate ancestral esperado, não fechamento.	Lookup cristalino com mesmo kind/repr ou ausência vanilla no perfil habilitado refutaria dívida.	Manter dívida para coorte do owner; nenhuma implementação autorizada.	p1299_residual_160	path-html.source	
html.style	default,html,a11y,html+a11y	default:MATCH_DIAGNOSTIC;html:VANILLA_ONLY;a11y:MATCH_DIAGNOSTIC;html+a11y:VANILLA_ONLY	MISSING_LANGUAGE_MEMBER	MISSING_LANGUAGE_MEMBER	01_core/src/compiler/stdlib/html.rs:24	lab/typst-original/crates/typst-html/src/typed.rs:32	00_nucleo/prompts/compiler/stdlib/html.md	33e187a1	df741b13ec8a3630180d65c3b606aca20385ab2b00d3d93836e85b5fbdca9ac9	Membro público vanilla medido e cristalino ausente no lookup atual; a ausência não prova autorização L0 para implementá-lo.	ADR-0127_REASSESS_CONCRETE_OWNER_CHANGE	VANILLA_ONLY fresco nos perfis em que a feature está ativa; falha bilateral sem html é gate ancestral esperado, não fechamento.	Lookup cristalino com mesmo kind/repr ou ausência vanilla no perfil habilitado refutaria dívida.	Manter dívida para coorte do owner; nenhuma implementação autorizada.	p1299_residual_160	path-html.style	
html.table	default,html,a11y,html+a11y	default:MATCH_DIAGNOSTIC;html:VANILLA_ONLY;a11y:MATCH_DIAGNOSTIC;html+a11y:VANILLA_ONLY	MISSING_LANGUAGE_MEMBER	MISSING_LANGUAGE_MEMBER	01_core/src/compiler/stdlib/html.rs:24	lab/typst-original/crates/typst-html/src/typed.rs:32	00_nucleo/prompts/compiler/stdlib/html.md	33e187a1	df741b13ec8a3630180d65c3b606aca20385ab2b00d3d93836e85b5fbdca9ac9	Membro público vanilla medido e cristalino ausente no lookup atual; a ausência não prova autorização L0 para implementá-lo.	ADR-0127_REASSESS_CONCRETE_OWNER_CHANGE	VANILLA_ONLY fresco nos perfis em que a feature está ativa; falha bilateral sem html é gate ancestral esperado, não fechamento.	Lookup cristalino com mesmo kind/repr ou ausência vanilla no perfil habilitado refutaria dívida.	Manter dívida para coorte do owner; nenhuma implementação autorizada.	p1299_residual_160	path-html.table	
html.tbody	default,html,a11y,html+a11y	default:MATCH_DIAGNOSTIC;html:VANILLA_ONLY;a11y:MATCH_DIAGNOSTIC;html+a11y:VANILLA_ONLY	MISSING_LANGUAGE_MEMBER	MISSING_LANGUAGE_MEMBER	01_core/src/compiler/stdlib/html.rs:24	lab/typst-original/crates/typst-html/src/typed.rs:32	00_nucleo/prompts/compiler/stdlib/html.md	33e187a1	df741b13ec8a3630180d65c3b606aca20385ab2b00d3d93836e85b5fbdca9ac9	Membro público vanilla medido e cristalino ausente no lookup atual; a ausência não prova autorização L0 para implementá-lo.	ADR-0127_REASSESS_CONCRETE_OWNER_CHANGE	VANILLA_ONLY fresco nos perfis em que a feature está ativa; falha bilateral sem html é gate ancestral esperado, não fechamento.	Lookup cristalino com mesmo kind/repr ou ausência vanilla no perfil habilitado refutaria dívida.	Manter dívida para coorte do owner; nenhuma implementação autorizada.	p1299_residual_160	path-html.tbody	
html.td	default,html,a11y,html+a11y	default:MATCH_DIAGNOSTIC;html:VANILLA_ONLY;a11y:MATCH_DIAGNOSTIC;html+a11y:VANILLA_ONLY	MISSING_LANGUAGE_MEMBER	MISSING_LANGUAGE_MEMBER	01_core/src/compiler/stdlib/html.rs:24	lab/typst-original/crates/typst-html/src/typed.rs:32	00_nucleo/prompts/compiler/stdlib/html.md	33e187a1	df741b13ec8a3630180d65c3b606aca20385ab2b00d3d93836e85b5fbdca9ac9	Membro público vanilla medido e cristalino ausente no lookup atual; a ausência não prova autorização L0 para implementá-lo.	ADR-0127_REASSESS_CONCRETE_OWNER_CHANGE	VANILLA_ONLY fresco nos perfis em que a feature está ativa; falha bilateral sem html é gate ancestral esperado, não fechamento.	Lookup cristalino com mesmo kind/repr ou ausência vanilla no perfil habilitado refutaria dívida.	Manter dívida para coorte do owner; nenhuma implementação autorizada.	p1299_residual_160	path-html.td	
html.textarea	default,html,a11y,html+a11y	default:MATCH_DIAGNOSTIC;html:VANILLA_ONLY;a11y:MATCH_DIAGNOSTIC;html+a11y:VANILLA_ONLY	MISSING_LANGUAGE_MEMBER	MISSING_LANGUAGE_MEMBER	01_core/src/compiler/stdlib/html.rs:24	lab/typst-original/crates/typst-html/src/typed.rs:32	00_nucleo/prompts/compiler/stdlib/html.md	33e187a1	df741b13ec8a3630180d65c3b606aca20385ab2b00d3d93836e85b5fbdca9ac9	Membro público vanilla medido e cristalino ausente no lookup atual; a ausência não prova autorização L0 para implementá-lo.	ADR-0127_REASSESS_CONCRETE_OWNER_CHANGE	VANILLA_ONLY fresco nos perfis em que a feature está ativa; falha bilateral sem html é gate ancestral esperado, não fechamento.	Lookup cristalino com mesmo kind/repr ou ausência vanilla no perfil habilitado refutaria dívida.	Manter dívida para coorte do owner; nenhuma implementação autorizada.	p1299_residual_160	path-html.textarea	
html.tfoot	default,html,a11y,html+a11y	default:MATCH_DIAGNOSTIC;html:VANILLA_ONLY;a11y:MATCH_DIAGNOSTIC;html+a11y:VANILLA_ONLY	MISSING_LANGUAGE_MEMBER	MISSING_LANGUAGE_MEMBER	01_core/src/compiler/stdlib/html.rs:24	lab/typst-original/crates/typst-html/src/typed.rs:32	00_nucleo/prompts/compiler/stdlib/html.md	33e187a1	df741b13ec8a3630180d65c3b606aca20385ab2b00d3d93836e85b5fbdca9ac9	Membro público vanilla medido e cristalino ausente no lookup atual; a ausência não prova autorização L0 para implementá-lo.	ADR-0127_REASSESS_CONCRETE_OWNER_CHANGE	VANILLA_ONLY fresco nos perfis em que a feature está ativa; falha bilateral sem html é gate ancestral esperado, não fechamento.	Lookup cristalino com mesmo kind/repr ou ausência vanilla no perfil habilitado refutaria dívida.	Manter dívida para coorte do owner; nenhuma implementação autorizada.	p1299_residual_160	path-html.tfoot	
html.th	default,html,a11y,html+a11y	default:MATCH_DIAGNOSTIC;html:VANILLA_ONLY;a11y:MATCH_DIAGNOSTIC;html+a11y:VANILLA_ONLY	MISSING_LANGUAGE_MEMBER	MISSING_LANGUAGE_MEMBER	01_core/src/compiler/stdlib/html.rs:24	lab/typst-original/crates/typst-html/src/typed.rs:32	00_nucleo/prompts/compiler/stdlib/html.md	33e187a1	df741b13ec8a3630180d65c3b606aca20385ab2b00d3d93836e85b5fbdca9ac9	Membro público vanilla medido e cristalino ausente no lookup atual; a ausência não prova autorização L0 para implementá-lo.	ADR-0127_REASSESS_CONCRETE_OWNER_CHANGE	VANILLA_ONLY fresco nos perfis em que a feature está ativa; falha bilateral sem html é gate ancestral esperado, não fechamento.	Lookup cristalino com mesmo kind/repr ou ausência vanilla no perfil habilitado refutaria dívida.	Manter dívida para coorte do owner; nenhuma implementação autorizada.	p1299_residual_160	path-html.th	
html.thead	default,html,a11y,html+a11y	default:MATCH_DIAGNOSTIC;html:VANILLA_ONLY;a11y:MATCH_DIAGNOSTIC;html+a11y:VANILLA_ONLY	MISSING_LANGUAGE_MEMBER	MISSING_LANGUAGE_MEMBER	01_core/src/compiler/stdlib/html.rs:24	lab/typst-original/crates/typst-html/src/typed.rs:32	00_nucleo/prompts/compiler/stdlib/html.md	33e187a1	df741b13ec8a3630180d65c3b606aca20385ab2b00d3d93836e85b5fbdca9ac9	Membro público vanilla medido e cristalino ausente no lookup atual; a ausência não prova autorização L0 para implementá-lo.	ADR-0127_REASSESS_CONCRETE_OWNER_CHANGE	VANILLA_ONLY fresco nos perfis em que a feature está ativa; falha bilateral sem html é gate ancestral esperado, não fechamento.	Lookup cristalino com mesmo kind/repr ou ausência vanilla no perfil habilitado refutaria dívida.	Manter dívida para coorte do owner; nenhuma implementação autorizada.	p1299_residual_160	path-html.thead	
html.time	default,html,a11y,html+a11y	default:MATCH_DIAGNOSTIC;html:VANILLA_ONLY;a11y:MATCH_DIAGNOSTIC;html+a11y:VANILLA_ONLY	MISSING_LANGUAGE_MEMBER	MISSING_LANGUAGE_MEMBER	01_core/src/compiler/stdlib/html.rs:24	lab/typst-original/crates/typst-html/src/typed.rs:32	00_nucleo/prompts/compiler/stdlib/html.md	33e187a1	df741b13ec8a3630180d65c3b606aca20385ab2b00d3d93836e85b5fbdca9ac9	Membro público vanilla medido e cristalino ausente no lookup atual; a ausência não prova autorização L0 para implementá-lo.	ADR-0127_REASSESS_CONCRETE_OWNER_CHANGE	VANILLA_ONLY fresco nos perfis em que a feature está ativa; falha bilateral sem html é gate ancestral esperado, não fechamento.	Lookup cristalino com mesmo kind/repr ou ausência vanilla no perfil habilitado refutaria dívida.	Manter dívida para coorte do owner; nenhuma implementação autorizada.	p1299_residual_160	path-html.time	
html.tr	default,html,a11y,html+a11y	default:MATCH_DIAGNOSTIC;html:VANILLA_ONLY;a11y:MATCH_DIAGNOSTIC;html+a11y:VANILLA_ONLY	MISSING_LANGUAGE_MEMBER	MISSING_LANGUAGE_MEMBER	01_core/src/compiler/stdlib/html.rs:24	lab/typst-original/crates/typst-html/src/typed.rs:32	00_nucleo/prompts/compiler/stdlib/html.md	33e187a1	df741b13ec8a3630180d65c3b606aca20385ab2b00d3d93836e85b5fbdca9ac9	Membro público vanilla medido e cristalino ausente no lookup atual; a ausência não prova autorização L0 para implementá-lo.	ADR-0127_REASSESS_CONCRETE_OWNER_CHANGE	VANILLA_ONLY fresco nos perfis em que a feature está ativa; falha bilateral sem html é gate ancestral esperado, não fechamento.	Lookup cristalino com mesmo kind/repr ou ausência vanilla no perfil habilitado refutaria dívida.	Manter dívida para coorte do owner; nenhuma implementação autorizada.	p1299_residual_160	path-html.tr	
html.track	default,html,a11y,html+a11y	default:MATCH_DIAGNOSTIC;html:VANILLA_ONLY;a11y:MATCH_DIAGNOSTIC;html+a11y:VANILLA_ONLY	MISSING_LANGUAGE_MEMBER	MISSING_LANGUAGE_MEMBER	01_core/src/compiler/stdlib/html.rs:24	lab/typst-original/crates/typst-html/src/typed.rs:32	00_nucleo/prompts/compiler/stdlib/html.md	33e187a1	df741b13ec8a3630180d65c3b606aca20385ab2b00d3d93836e85b5fbdca9ac9	Membro público vanilla medido e cristalino ausente no lookup atual; a ausência não prova autorização L0 para implementá-lo.	ADR-0127_REASSESS_CONCRETE_OWNER_CHANGE	VANILLA_ONLY fresco nos perfis em que a feature está ativa; falha bilateral sem html é gate ancestral esperado, não fechamento.	Lookup cristalino com mesmo kind/repr ou ausência vanilla no perfil habilitado refutaria dívida.	Manter dívida para coorte do owner; nenhuma implementação autorizada.	p1299_residual_160	path-html.track	
inline	default,html,a11y,html+a11y	default:CRYSTALLINE_ONLY;html:CRYSTALLINE_ONLY;a11y:CRYSTALLINE_ONLY;html+a11y:CRYSTALLINE_ONLY	INTENTIONAL_PRODUCT_EXTENSION	INTENTIONAL_PRODUCT_EXTENSION	01_core/src/compiler/stdlib/math_style.rs:2	lab/typst-original/crates/typst-library/src/lib.rs:374 (ausência na matriz pública)	00_nucleo/prompts/compiler/stdlib/math_style.md	56b9e300	02a1dadb6c08f3ea9ae109ff7bd2dc87e2616a5da5d4a4cfbf5a1269bc4c9603	Retenção/global documentado no L0 semântico e/ou decisão de compatibilidade explícita no consumer; não se infere intenção somente da disponibilidade.	ADR-0127_HUMAN_GATE_IF_CONTRACT_REOPENED	CRYSTALLINE_ONLY fresco em todos os perfis; a intenção é auditada separadamente da execução.	Fonte normativa proibindo a publicação, remoção da retenção deliberada ou aceitação vanilla refutaria extensão.	Não selecionar automaticamente; reabrir contrato somente por decisão humana.	p1299_residual_160	path-inline	math.inline
italic	default,html,a11y,html+a11y	default:CRYSTALLINE_ONLY;html:CRYSTALLINE_ONLY;a11y:CRYSTALLINE_ONLY;html+a11y:CRYSTALLINE_ONLY	INTENTIONAL_PRODUCT_EXTENSION	INTENTIONAL_PRODUCT_EXTENSION	01_core/src/compiler/stdlib/math_style.rs:2	lab/typst-original/crates/typst-library/src/lib.rs:374 (ausência na matriz pública)	00_nucleo/prompts/compiler/stdlib/math_style.md	56b9e300	02a1dadb6c08f3ea9ae109ff7bd2dc87e2616a5da5d4a4cfbf5a1269bc4c9603	Retenção/global documentado no L0 semântico e/ou decisão de compatibilidade explícita no consumer; não se infere intenção somente da disponibilidade.	ADR-0127_HUMAN_GATE_IF_CONTRACT_REOPENED	CRYSTALLINE_ONLY fresco em todos os perfis; a intenção é auditada separadamente da execução.	Fonte normativa proibindo a publicação, remoção da retenção deliberada ou aceitação vanilla refutaria extensão.	Não selecionar automaticamente; reabrir contrato somente por decisão humana.	p1299_residual_160	path-italic	math.italic
json.encode	default,html,a11y,html+a11y	default:VANILLA_ONLY;html:VANILLA_ONLY;a11y:VANILLA_ONLY;html+a11y:VANILLA_ONLY	MISSING_LANGUAGE_MEMBER	MISSING_LANGUAGE_MEMBER	01_core/src/compiler/stdlib/loading.rs:267	lab/typst-original/crates/typst-library/src/loading/json.rs:134	00_nucleo/prompts/compiler/stdlib/loading.md	9379f85f	d6cf9cd85c0c25dc3f7a5f6c3a9f47cf956d9fd6e998932ca87ab5b1e58e2c72	loading.md:24-50 só autoriza cbor.encode; eval/mod.rs:1723-1739 registra json/toml/yaml sem namespace.	ADR-0127_HUMAN_GATE_REQUIRED	Presença VANILLA_ONLY confirmada nos quatro perfis e suite E mede assinatura/chamadas; coorte requer loading + eval e testes, possível reexport _comum.	Lookup cristalino com mesmo kind/repr ou ausência vanilla no perfil habilitado refutaria dívida.	Manter dívida para coorte do owner; nenhuma implementação autorizada.	p1299_residual_160	path-json.encode	
linear_rgb	default,html,a11y,html+a11y	default:MATCH_DIAGNOSTIC;html:MATCH_DIAGNOSTIC;a11y:MATCH_DIAGNOSTIC;html+a11y:MATCH_DIAGNOSTIC	L0_CONTRADICTION	CLOSED_CONFIRMED	01_core/src/compiler/eval/mod.rs:1651	lab/typst-original/crates/typst-library/src/lib.rs:374 (ausência na matriz pública)	00_nucleo/prompts/compiler/eval.md	38aa5e89	ce02b7d257e29742071497f112f1ea42ed734a93989e8fbb1332f1c09590f5e2	P1300 exclui exatamente os aliases globais; rotas color.* são preservadas.	NO_CHANGE_CLOSED_CONTROL	Matriz fresca confirma fechamento histórico nos quatro perfis; nenhuma regressão temporal.	Qualquer perfil ou repetição divergir do diagnóstico/valor vanilla.	Preservar como sentinela fechada, fora dos 160 residuais.	historical_closed_extra	path-linear_rgb	color.linear-rgb
list.item	default,html,a11y,html+a11y	default:VANILLA_ONLY;html:VANILLA_ONLY;a11y:VANILLA_ONLY;html+a11y:VANILLA_ONLY	MISSING_LANGUAGE_MEMBER	MISSING_LANGUAGE_MEMBER	01_core/src/compiler/eval/bindings/field_access.rs:269	lab/typst-original/crates/typst-library/src/model/list.rs:167	00_nucleo/prompts/compiler/eval/bindings/field_access.md	2d102890	92aa897909abfb6095ab59191614b0fd87c0d648e8e593ed8f0702176c2a542e	Membro público vanilla medido e cristalino ausente no lookup atual; a ausência não prova autorização L0 para implementá-lo.	ADR-0127_REASSESS_CONCRETE_OWNER_CHANGE	VANILLA_ONLY fresco nos perfis em que a feature está ativa; falha bilateral sem html é gate ancestral esperado, não fechamento.	Lookup cristalino com mesmo kind/repr ou ausência vanilla no perfil habilitado refutaria dívida.	Manter dívida para coorte do owner; nenhuma implementação autorizada.	p1299_residual_160	path-list.item	
lof	default,html,a11y,html+a11y	default:CRYSTALLINE_ONLY;html:CRYSTALLINE_ONLY;a11y:CRYSTALLINE_ONLY;html+a11y:CRYSTALLINE_ONLY	INTENTIONAL_PRODUCT_EXTENSION	INTENTIONAL_PRODUCT_EXTENSION	01_core/src/compiler/stdlib/structural/outline.rs:2	lab/typst-original/crates/typst-library/src/lib.rs:374 (ausência na matriz pública)	00_nucleo/prompts/compiler/stdlib/structural/outline.md	01b891e9	e8dc3b96fd9a03ae21f87f602d85bb7b0b5b6eb95d6267dcbfe280a80d3b0632	Retenção/global documentado no L0 semântico e/ou decisão de compatibilidade explícita no consumer; não se infere intenção somente da disponibilidade.	ADR-0127_HUMAN_GATE_IF_CONTRACT_REOPENED	CRYSTALLINE_ONLY fresco em todos os perfis; a intenção é auditada separadamente da execução.	Fonte normativa proibindo a publicação, remoção da retenção deliberada ou aceitação vanilla refutaria extensão.	Não selecionar automaticamente; reabrir contrato somente por decisão humana.	p1299_residual_160	path-lof	
lot	default,html,a11y,html+a11y	default:CRYSTALLINE_ONLY;html:CRYSTALLINE_ONLY;a11y:CRYSTALLINE_ONLY;html+a11y:CRYSTALLINE_ONLY	INTENTIONAL_PRODUCT_EXTENSION	INTENTIONAL_PRODUCT_EXTENSION	01_core/src/compiler/stdlib/structural/outline.rs:2	lab/typst-original/crates/typst-library/src/lib.rs:374 (ausência na matriz pública)	00_nucleo/prompts/compiler/stdlib/structural/outline.md	01b891e9	e8dc3b96fd9a03ae21f87f602d85bb7b0b5b6eb95d6267dcbfe280a80d3b0632	Retenção/global documentado no L0 semântico e/ou decisão de compatibilidade explícita no consumer; não se infere intenção somente da disponibilidade.	ADR-0127_HUMAN_GATE_IF_CONTRACT_REOPENED	CRYSTALLINE_ONLY fresco em todos os perfis; a intenção é auditada separadamente da execução.	Fonte normativa proibindo a publicação, remoção da retenção deliberada ou aceitação vanilla refutaria extensão.	Não selecionar automaticamente; reabrir contrato somente por decisão humana.	p1299_residual_160	path-lot	
math.abs	default,html,a11y,html+a11y	default:VANILLA_ONLY;html:VANILLA_ONLY;a11y:VANILLA_ONLY;html+a11y:VANILLA_ONLY	MISSING_LANGUAGE_MEMBER	MISSING_LANGUAGE_MEMBER	01_core/src/compiler/stdlib/structural/math.rs:1141	lab/typst-original/crates/typst-library/src/math/lr.rs:112	00_nucleo/prompts/compiler/stdlib/structural/math.md	81441281	18b2fb0d9a3e1f6a0ff9cd8fb2e25047b4c9f2185cb6a511ae022e7a9c4e80a2	Membro público vanilla medido e cristalino ausente no lookup atual; a ausência não prova autorização L0 para implementá-lo.	ADR-0127_REASSESS_CONCRETE_OWNER_CHANGE	VANILLA_ONLY fresco nos perfis em que a feature está ativa; falha bilateral sem html é gate ancestral esperado, não fechamento.	Lookup cristalino com mesmo kind/repr ou ausência vanilla no perfil habilitado refutaria dívida.	Manter dívida para coorte do owner; nenhuma implementação autorizada.	p1299_residual_160	path-math.abs	
math.accent	default,html,a11y,html+a11y	default:VANILLA_ONLY;html:VANILLA_ONLY;a11y:VANILLA_ONLY;html+a11y:VANILLA_ONLY	MISSING_LANGUAGE_MEMBER	MISSING_LANGUAGE_MEMBER	01_core/src/compiler/stdlib/structural/math.rs:1141	lab/typst-original/crates/typst-library/src/math/accent.rs:33	00_nucleo/prompts/compiler/stdlib/structural/math.md	81441281	18b2fb0d9a3e1f6a0ff9cd8fb2e25047b4c9f2185cb6a511ae022e7a9c4e80a2	Membro público vanilla medido e cristalino ausente no lookup atual; a ausência não prova autorização L0 para implementá-lo.	ADR-0127_REASSESS_CONCRETE_OWNER_CHANGE	VANILLA_ONLY fresco nos perfis em que a feature está ativa; falha bilateral sem html é gate ancestral esperado, não fechamento.	Lookup cristalino com mesmo kind/repr ou ausência vanilla no perfil habilitado refutaria dívida.	Manter dívida para coorte do owner; nenhuma implementação autorizada.	p1299_residual_160	path-math.accent	
math.bold	default,html,a11y,html+a11y	default:VANILLA_ONLY;html:VANILLA_ONLY;a11y:VANILLA_ONLY;html+a11y:VANILLA_ONLY	MISSING_LANGUAGE_MEMBER	MISSING_LANGUAGE_MEMBER	01_core/src/compiler/stdlib/structural/math.rs:1141	lab/typst-original/crates/typst-library/src/math/style.rs:15	00_nucleo/prompts/compiler/stdlib/structural/math.md	81441281	18b2fb0d9a3e1f6a0ff9cd8fb2e25047b4c9f2185cb6a511ae022e7a9c4e80a2	Membro público vanilla medido e cristalino ausente no lookup atual; a ausência não prova autorização L0 para implementá-lo.	ADR-0127_REASSESS_CONCRETE_OWNER_CHANGE	VANILLA_ONLY fresco nos perfis em que a feature está ativa; falha bilateral sem html é gate ancestral esperado, não fechamento.	Lookup cristalino com mesmo kind/repr ou ausência vanilla no perfil habilitado refutaria dívida.	Manter dívida para coorte do owner; nenhuma implementação autorizada.	p1299_residual_160	path-math.bold	
math.cal	default,html,a11y,html+a11y	default:VANILLA_ONLY;html:VANILLA_ONLY;a11y:VANILLA_ONLY;html+a11y:VANILLA_ONLY	MISSING_LANGUAGE_MEMBER	MISSING_LANGUAGE_MEMBER	01_core/src/compiler/stdlib/structural/math.rs:1141	lab/typst-original/crates/typst-library/src/math/style.rs:79	00_nucleo/prompts/compiler/stdlib/structural/math.md	81441281	18b2fb0d9a3e1f6a0ff9cd8fb2e25047b4c9f2185cb6a511ae022e7a9c4e80a2	Membro público vanilla medido e cristalino ausente no lookup atual; a ausência não prova autorização L0 para implementá-lo.	ADR-0127_REASSESS_CONCRETE_OWNER_CHANGE	VANILLA_ONLY fresco nos perfis em que a feature está ativa; falha bilateral sem html é gate ancestral esperado, não fechamento.	Lookup cristalino com mesmo kind/repr ou ausência vanilla no perfil habilitado refutaria dívida.	Manter dívida para coorte do owner; nenhuma implementação autorizada.	p1299_residual_160	path-math.cal	
math.cases	default,html,a11y,html+a11y	default:VANILLA_ONLY;html:VANILLA_ONLY;a11y:VANILLA_ONLY;html+a11y:VANILLA_ONLY	MISSING_LANGUAGE_MEMBER	MISSING_LANGUAGE_MEMBER	01_core/src/compiler/stdlib/structural/math.rs:1141	lab/typst-original/crates/typst-library/src/math/matrix.rs:238	00_nucleo/prompts/compiler/stdlib/structural/math.md	81441281	18b2fb0d9a3e1f6a0ff9cd8fb2e25047b4c9f2185cb6a511ae022e7a9c4e80a2	Membro público vanilla medido e cristalino ausente no lookup atual; a ausência não prova autorização L0 para implementá-lo.	ADR-0127_REASSESS_CONCRETE_OWNER_CHANGE	VANILLA_ONLY fresco nos perfis em que a feature está ativa; falha bilateral sem html é gate ancestral esperado, não fechamento.	Lookup cristalino com mesmo kind/repr ou ausência vanilla no perfil habilitado refutaria dívida.	Manter dívida para coorte do owner; nenhuma implementação autorizada.	p1299_residual_160	path-math.cases	
math.display	default,html,a11y,html+a11y	default:VANILLA_ONLY;html:VANILLA_ONLY;a11y:VANILLA_ONLY;html+a11y:VANILLA_ONLY	MISSING_LANGUAGE_MEMBER	MISSING_LANGUAGE_MEMBER	01_core/src/compiler/stdlib/structural/math.rs:1141	lab/typst-original/crates/typst-library/src/math/style.rs:173	00_nucleo/prompts/compiler/stdlib/structural/math.md	81441281	18b2fb0d9a3e1f6a0ff9cd8fb2e25047b4c9f2185cb6a511ae022e7a9c4e80a2	Membro público vanilla medido e cristalino ausente no lookup atual; a ausência não prova autorização L0 para implementá-lo.	ADR-0127_REASSESS_CONCRETE_OWNER_CHANGE	VANILLA_ONLY fresco nos perfis em que a feature está ativa; falha bilateral sem html é gate ancestral esperado, não fechamento.	Lookup cristalino com mesmo kind/repr ou ausência vanilla no perfil habilitado refutaria dívida.	Manter dívida para coorte do owner; nenhuma implementação autorizada.	p1299_residual_160	path-math.display	
math.frac	default,html,a11y,html+a11y	default:VANILLA_ONLY;html:VANILLA_ONLY;a11y:VANILLA_ONLY;html+a11y:VANILLA_ONLY	MISSING_LANGUAGE_MEMBER	MISSING_LANGUAGE_MEMBER	01_core/src/compiler/stdlib/structural/math.rs:1141	lab/typst-original/crates/typst-library/src/math/frac.rs:25	00_nucleo/prompts/compiler/stdlib/structural/math.md	81441281	18b2fb0d9a3e1f6a0ff9cd8fb2e25047b4c9f2185cb6a511ae022e7a9c4e80a2	Membro público vanilla medido e cristalino ausente no lookup atual; a ausência não prova autorização L0 para implementá-lo.	ADR-0127_REASSESS_CONCRETE_OWNER_CHANGE	VANILLA_ONLY fresco nos perfis em que a feature está ativa; falha bilateral sem html é gate ancestral esperado, não fechamento.	Lookup cristalino com mesmo kind/repr ou ausência vanilla no perfil habilitado refutaria dívida.	Manter dívida para coorte do owner; nenhuma implementação autorizada.	p1299_residual_160	path-math.frac	
math.italic	default,html,a11y,html+a11y	default:VANILLA_ONLY;html:VANILLA_ONLY;a11y:VANILLA_ONLY;html+a11y:VANILLA_ONLY	MISSING_LANGUAGE_MEMBER	MISSING_LANGUAGE_MEMBER	01_core/src/compiler/stdlib/structural/math.rs:1141	lab/typst-original/crates/typst-library/src/math/style.rs:39	00_nucleo/prompts/compiler/stdlib/structural/math.md	81441281	18b2fb0d9a3e1f6a0ff9cd8fb2e25047b4c9f2185cb6a511ae022e7a9c4e80a2	Membro público vanilla medido e cristalino ausente no lookup atual; a ausência não prova autorização L0 para implementá-lo.	ADR-0127_REASSESS_CONCRETE_OWNER_CHANGE	VANILLA_ONLY fresco nos perfis em que a feature está ativa; falha bilateral sem html é gate ancestral esperado, não fechamento.	Lookup cristalino com mesmo kind/repr ou ausência vanilla no perfil habilitado refutaria dívida.	Manter dívida para coorte do owner; nenhuma implementação autorizada.	p1299_residual_160	path-math.italic	
math.limits	default,html,a11y,html+a11y	default:VANILLA_ONLY;html:VANILLA_ONLY;a11y:VANILLA_ONLY;html+a11y:VANILLA_ONLY	MISSING_LANGUAGE_MEMBER	MISSING_LANGUAGE_MEMBER	01_core/src/compiler/stdlib/structural/math.rs:1141	lab/typst-original/crates/typst-library/src/math/attach.rs:86	00_nucleo/prompts/compiler/stdlib/structural/math.md	81441281	18b2fb0d9a3e1f6a0ff9cd8fb2e25047b4c9f2185cb6a511ae022e7a9c4e80a2	Membro público vanilla medido e cristalino ausente no lookup atual; a ausência não prova autorização L0 para implementá-lo.	ADR-0127_REASSESS_CONCRETE_OWNER_CHANGE	VANILLA_ONLY fresco nos perfis em que a feature está ativa; falha bilateral sem html é gate ancestral esperado, não fechamento.	Lookup cristalino com mesmo kind/repr ou ausência vanilla no perfil habilitado refutaria dívida.	Manter dívida para coorte do owner; nenhuma implementação autorizada.	p1299_residual_160	path-math.limits	
math.lr	default,html,a11y,html+a11y	default:VANILLA_ONLY;html:VANILLA_ONLY;a11y:VANILLA_ONLY;html+a11y:VANILLA_ONLY	MISSING_LANGUAGE_MEMBER	MISSING_LANGUAGE_MEMBER	01_core/src/compiler/stdlib/structural/math.rs:1141	lab/typst-original/crates/typst-library/src/math/lr.rs:24	00_nucleo/prompts/compiler/stdlib/structural/math.md	81441281	18b2fb0d9a3e1f6a0ff9cd8fb2e25047b4c9f2185cb6a511ae022e7a9c4e80a2	Membro público vanilla medido e cristalino ausente no lookup atual; a ausência não prova autorização L0 para implementá-lo.	ADR-0127_REASSESS_CONCRETE_OWNER_CHANGE	VANILLA_ONLY fresco nos perfis em que a feature está ativa; falha bilateral sem html é gate ancestral esperado, não fechamento.	Lookup cristalino com mesmo kind/repr ou ausência vanilla no perfil habilitado refutaria dívida.	Manter dívida para coorte do owner; nenhuma implementação autorizada.	p1299_residual_160	path-math.lr	
math.mat	default,html,a11y,html+a11y	default:VANILLA_ONLY;html:VANILLA_ONLY;a11y:VANILLA_ONLY;html+a11y:VANILLA_ONLY	MISSING_LANGUAGE_MEMBER	MISSING_LANGUAGE_MEMBER	01_core/src/compiler/stdlib/structural/math.rs:1141	lab/typst-original/crates/typst-library/src/math/matrix.rs:92	00_nucleo/prompts/compiler/stdlib/structural/math.md	81441281	18b2fb0d9a3e1f6a0ff9cd8fb2e25047b4c9f2185cb6a511ae022e7a9c4e80a2	Membro público vanilla medido e cristalino ausente no lookup atual; a ausência não prova autorização L0 para implementá-lo.	ADR-0127_REASSESS_CONCRETE_OWNER_CHANGE	VANILLA_ONLY fresco nos perfis em que a feature está ativa; falha bilateral sem html é gate ancestral esperado, não fechamento.	Lookup cristalino com mesmo kind/repr ou ausência vanilla no perfil habilitado refutaria dívida.	Manter dívida para coorte do owner; nenhuma implementação autorizada.	p1299_residual_160	path-math.mat	
math.mid	default,html,a11y,html+a11y	default:VANILLA_ONLY;html:VANILLA_ONLY;a11y:VANILLA_ONLY;html+a11y:VANILLA_ONLY	MISSING_LANGUAGE_MEMBER	MISSING_LANGUAGE_MEMBER	01_core/src/compiler/stdlib/structural/math.rs:1141	lab/typst-original/crates/typst-library/src/math/lr.rs:46	00_nucleo/prompts/compiler/stdlib/structural/math.md	81441281	18b2fb0d9a3e1f6a0ff9cd8fb2e25047b4c9f2185cb6a511ae022e7a9c4e80a2	Membro público vanilla medido e cristalino ausente no lookup atual; a ausência não prova autorização L0 para implementá-lo.	ADR-0127_REASSESS_CONCRETE_OWNER_CHANGE	VANILLA_ONLY fresco nos perfis em que a feature está ativa; falha bilateral sem html é gate ancestral esperado, não fechamento.	Lookup cristalino com mesmo kind/repr ou ausência vanilla no perfil habilitado refutaria dívida.	Manter dívida para coorte do owner; nenhuma implementação autorizada.	p1299_residual_160	path-math.mid	
math.norm	default,html,a11y,html+a11y	default:VANILLA_ONLY;html:VANILLA_ONLY;a11y:VANILLA_ONLY;html+a11y:VANILLA_ONLY	MISSING_LANGUAGE_MEMBER	MISSING_LANGUAGE_MEMBER	01_core/src/compiler/stdlib/structural/math.rs:1141	lab/typst-original/crates/typst-library/src/math/lr.rs:130	00_nucleo/prompts/compiler/stdlib/structural/math.md	81441281	18b2fb0d9a3e1f6a0ff9cd8fb2e25047b4c9f2185cb6a511ae022e7a9c4e80a2	Membro público vanilla medido e cristalino ausente no lookup atual; a ausência não prova autorização L0 para implementá-lo.	ADR-0127_REASSESS_CONCRETE_OWNER_CHANGE	VANILLA_ONLY fresco nos perfis em que a feature está ativa; falha bilateral sem html é gate ancestral esperado, não fechamento.	Lookup cristalino com mesmo kind/repr ou ausência vanilla no perfil habilitado refutaria dívida.	Manter dívida para coorte do owner; nenhuma implementação autorizada.	p1299_residual_160	path-math.norm	
math.overbrace	default,html,a11y,html+a11y	default:VANILLA_ONLY;html:VANILLA_ONLY;a11y:VANILLA_ONLY;html+a11y:VANILLA_ONLY	MISSING_LANGUAGE_MEMBER	MISSING_LANGUAGE_MEMBER	01_core/src/compiler/stdlib/structural/math.rs:1141	lab/typst-original/crates/typst-library/src/math/underover.rs:50	00_nucleo/prompts/compiler/stdlib/structural/math.md	81441281	18b2fb0d9a3e1f6a0ff9cd8fb2e25047b4c9f2185cb6a511ae022e7a9c4e80a2	Membro público vanilla medido e cristalino ausente no lookup atual; a ausência não prova autorização L0 para implementá-lo.	ADR-0127_REASSESS_CONCRETE_OWNER_CHANGE	VANILLA_ONLY fresco nos perfis em que a feature está ativa; falha bilateral sem html é gate ancestral esperado, não fechamento.	Lookup cristalino com mesmo kind/repr ou ausência vanilla no perfil habilitado refutaria dívida.	Manter dívida para coorte do owner; nenhuma implementação autorizada.	p1299_residual_160	path-math.overbrace	
math.overbracket	default,html,a11y,html+a11y	default:VANILLA_ONLY;html:VANILLA_ONLY;a11y:VANILLA_ONLY;html+a11y:VANILLA_ONLY	MISSING_LANGUAGE_MEMBER	MISSING_LANGUAGE_MEMBER	01_core/src/compiler/stdlib/structural/math.rs:1141	lab/typst-original/crates/typst-library/src/math/underover.rs:82	00_nucleo/prompts/compiler/stdlib/structural/math.md	81441281	18b2fb0d9a3e1f6a0ff9cd8fb2e25047b4c9f2185cb6a511ae022e7a9c4e80a2	Membro público vanilla medido e cristalino ausente no lookup atual; a ausência não prova autorização L0 para implementá-lo.	ADR-0127_REASSESS_CONCRETE_OWNER_CHANGE	VANILLA_ONLY fresco nos perfis em que a feature está ativa; falha bilateral sem html é gate ancestral esperado, não fechamento.	Lookup cristalino com mesmo kind/repr ou ausência vanilla no perfil habilitado refutaria dívida.	Manter dívida para coorte do owner; nenhuma implementação autorizada.	p1299_residual_160	path-math.overbracket	
math.overline	default,html,a11y,html+a11y	default:VANILLA_ONLY;html:VANILLA_ONLY;a11y:VANILLA_ONLY;html+a11y:VANILLA_ONLY	MISSING_LANGUAGE_MEMBER	MISSING_LANGUAGE_MEMBER	01_core/src/compiler/stdlib/structural/math.rs:1141	lab/typst-original/crates/typst-library/src/math/underover.rs:22	00_nucleo/prompts/compiler/stdlib/structural/math.md	81441281	18b2fb0d9a3e1f6a0ff9cd8fb2e25047b4c9f2185cb6a511ae022e7a9c4e80a2	Membro público vanilla medido e cristalino ausente no lookup atual; a ausência não prova autorização L0 para implementá-lo.	ADR-0127_REASSESS_CONCRETE_OWNER_CHANGE	VANILLA_ONLY fresco nos perfis em que a feature está ativa; falha bilateral sem html é gate ancestral esperado, não fechamento.	Lookup cristalino com mesmo kind/repr ou ausência vanilla no perfil habilitado refutaria dívida.	Manter dívida para coorte do owner; nenhuma implementação autorizada.	p1299_residual_160	path-math.overline	
math.overparen	default,html,a11y,html+a11y	default:VANILLA_ONLY;html:VANILLA_ONLY;a11y:VANILLA_ONLY;html+a11y:VANILLA_ONLY	MISSING_LANGUAGE_MEMBER	MISSING_LANGUAGE_MEMBER	01_core/src/compiler/stdlib/structural/math.rs:1141	lab/typst-original/crates/typst-library/src/math/underover.rs:114	00_nucleo/prompts/compiler/stdlib/structural/math.md	81441281	18b2fb0d9a3e1f6a0ff9cd8fb2e25047b4c9f2185cb6a511ae022e7a9c4e80a2	Membro público vanilla medido e cristalino ausente no lookup atual; a ausência não prova autorização L0 para implementá-lo.	ADR-0127_REASSESS_CONCRETE_OWNER_CHANGE	VANILLA_ONLY fresco nos perfis em que a feature está ativa; falha bilateral sem html é gate ancestral esperado, não fechamento.	Lookup cristalino com mesmo kind/repr ou ausência vanilla no perfil habilitado refutaria dívida.	Manter dívida para coorte do owner; nenhuma implementação autorizada.	p1299_residual_160	path-math.overparen	
math.overshell	default,html,a11y,html+a11y	default:VANILLA_ONLY;html:VANILLA_ONLY;a11y:VANILLA_ONLY;html+a11y:VANILLA_ONLY	MISSING_LANGUAGE_MEMBER	MISSING_LANGUAGE_MEMBER	01_core/src/compiler/stdlib/structural/math.rs:1141	lab/typst-original/crates/typst-library/src/math/underover.rs:148	00_nucleo/prompts/compiler/stdlib/structural/math.md	81441281	18b2fb0d9a3e1f6a0ff9cd8fb2e25047b4c9f2185cb6a511ae022e7a9c4e80a2	Membro público vanilla medido e cristalino ausente no lookup atual; a ausência não prova autorização L0 para implementá-lo.	ADR-0127_REASSESS_CONCRETE_OWNER_CHANGE	VANILLA_ONLY fresco nos perfis em que a feature está ativa; falha bilateral sem html é gate ancestral esperado, não fechamento.	Lookup cristalino com mesmo kind/repr ou ausência vanilla no perfil habilitado refutaria dívida.	Manter dívida para coorte do owner; nenhuma implementação autorizada.	p1299_residual_160	path-math.overshell	
math.primes	default,html,a11y,html+a11y	default:VANILLA_ONLY;html:VANILLA_ONLY;a11y:VANILLA_ONLY;html+a11y:VANILLA_ONLY	MISSING_LANGUAGE_MEMBER	MISSING_LANGUAGE_MEMBER	01_core/src/compiler/stdlib/structural/math.rs:1141	lab/typst-original/crates/typst-library/src/math/attach.rs:62	00_nucleo/prompts/compiler/stdlib/structural/math.md	81441281	18b2fb0d9a3e1f6a0ff9cd8fb2e25047b4c9f2185cb6a511ae022e7a9c4e80a2	Membro público vanilla medido e cristalino ausente no lookup atual; a ausência não prova autorização L0 para implementá-lo.	ADR-0127_REASSESS_CONCRETE_OWNER_CHANGE	VANILLA_ONLY fresco nos perfis em que a feature está ativa; falha bilateral sem html é gate ancestral esperado, não fechamento.	Lookup cristalino com mesmo kind/repr ou ausência vanilla no perfil habilitado refutaria dívida.	Manter dívida para coorte do owner; nenhuma implementação autorizada.	p1299_residual_160	path-math.primes	
math.registered	default,html,a11y,html+a11y	default:CRYSTALLINE_ONLY;html:CRYSTALLINE_ONLY;a11y:CRYSTALLINE_ONLY;html+a11y:CRYSTALLINE_ONLY	INTENTIONAL_PRODUCT_EXTENSION	INTENTIONAL_PRODUCT_EXTENSION	01_core/src/compiler/stdlib/structural/math.rs:1141	lab/typst-original/crates/typst-library/src/lib.rs:374 (ausência na matriz pública)	00_nucleo/prompts/compiler/stdlib/structural/math.md	81441281	18b2fb0d9a3e1f6a0ff9cd8fb2e25047b4c9f2185cb6a511ae022e7a9c4e80a2	Retenção/global documentado no L0 semântico e/ou decisão de compatibilidade explícita no consumer; não se infere intenção somente da disponibilidade.	ADR-0127_HUMAN_GATE_IF_CONTRACT_REOPENED	CRYSTALLINE_ONLY fresco em todos os perfis; a intenção é auditada separadamente da execução.	Fonte normativa proibindo a publicação, remoção da retenção deliberada ou aceitação vanilla refutaria extensão.	Não selecionar automaticamente; reabrir contrato somente por decisão humana.	p1299_residual_160	path-math.registered	
math.root	default,html,a11y,html+a11y	default:VANILLA_ONLY;html:VANILLA_ONLY;a11y:VANILLA_ONLY;html+a11y:VANILLA_ONLY	MISSING_LANGUAGE_MEMBER	MISSING_LANGUAGE_MEMBER	01_core/src/compiler/stdlib/structural/math.rs:1141	lab/typst-original/crates/typst-library/src/math/root.rs:26	00_nucleo/prompts/compiler/stdlib/structural/math.md	81441281	18b2fb0d9a3e1f6a0ff9cd8fb2e25047b4c9f2185cb6a511ae022e7a9c4e80a2	Membro público vanilla medido e cristalino ausente no lookup atual; a ausência não prova autorização L0 para implementá-lo.	ADR-0127_REASSESS_CONCRETE_OWNER_CHANGE	VANILLA_ONLY fresco nos perfis em que a feature está ativa; falha bilateral sem html é gate ancestral esperado, não fechamento.	Lookup cristalino com mesmo kind/repr ou ausência vanilla no perfil habilitado refutaria dívida.	Manter dívida para coorte do owner; nenhuma implementação autorizada.	p1299_residual_160	path-math.root	
math.round	default,html,a11y,html+a11y	default:VANILLA_ONLY;html:VANILLA_ONLY;a11y:VANILLA_ONLY;html+a11y:VANILLA_ONLY	MISSING_LANGUAGE_MEMBER	MISSING_LANGUAGE_MEMBER	01_core/src/compiler/stdlib/structural/math.rs:1141	lab/typst-original/crates/typst-library/src/math/lr.rs:94	00_nucleo/prompts/compiler/stdlib/structural/math.md	81441281	18b2fb0d9a3e1f6a0ff9cd8fb2e25047b4c9f2185cb6a511ae022e7a9c4e80a2	Membro público vanilla medido e cristalino ausente no lookup atual; a ausência não prova autorização L0 para implementá-lo.	ADR-0127_REASSESS_CONCRETE_OWNER_CHANGE	VANILLA_ONLY fresco nos perfis em que a feature está ativa; falha bilateral sem html é gate ancestral esperado, não fechamento.	Lookup cristalino com mesmo kind/repr ou ausência vanilla no perfil habilitado refutaria dívida.	Manter dívida para coorte do owner; nenhuma implementação autorizada.	p1299_residual_160	path-math.round	
math.sans	default,html,a11y,html+a11y	default:VANILLA_ONLY;html:VANILLA_ONLY;a11y:VANILLA_ONLY;html+a11y:VANILLA_ONLY	MISSING_LANGUAGE_MEMBER	MISSING_LANGUAGE_MEMBER	01_core/src/compiler/stdlib/structural/math.rs:1141	lab/typst-original/crates/typst-library/src/math/style.rs:63	00_nucleo/prompts/compiler/stdlib/structural/math.md	81441281	18b2fb0d9a3e1f6a0ff9cd8fb2e25047b4c9f2185cb6a511ae022e7a9c4e80a2	Membro público vanilla medido e cristalino ausente no lookup atual; a ausência não prova autorização L0 para implementá-lo.	ADR-0127_REASSESS_CONCRETE_OWNER_CHANGE	VANILLA_ONLY fresco nos perfis em que a feature está ativa; falha bilateral sem html é gate ancestral esperado, não fechamento.	Lookup cristalino com mesmo kind/repr ou ausência vanilla no perfil habilitado refutaria dívida.	Manter dívida para coorte do owner; nenhuma implementação autorizada.	p1299_residual_160	path-math.sans	
math.scr	default,html,a11y,html+a11y	default:VANILLA_ONLY;html:VANILLA_ONLY;a11y:VANILLA_ONLY;html+a11y:VANILLA_ONLY	MISSING_LANGUAGE_MEMBER	MISSING_LANGUAGE_MEMBER	01_core/src/compiler/stdlib/structural/math.rs:1141	lab/typst-original/crates/typst-library/src/math/style.rs:114	00_nucleo/prompts/compiler/stdlib/structural/math.md	81441281	18b2fb0d9a3e1f6a0ff9cd8fb2e25047b4c9f2185cb6a511ae022e7a9c4e80a2	Membro público vanilla medido e cristalino ausente no lookup atual; a ausência não prova autorização L0 para implementá-lo.	ADR-0127_REASSESS_CONCRETE_OWNER_CHANGE	VANILLA_ONLY fresco nos perfis em que a feature está ativa; falha bilateral sem html é gate ancestral esperado, não fechamento.	Lookup cristalino com mesmo kind/repr ou ausência vanilla no perfil habilitado refutaria dívida.	Manter dívida para coorte do owner; nenhuma implementação autorizada.	p1299_residual_160	path-math.scr	
math.sscript	default,html,a11y,html+a11y	default:VANILLA_ONLY;html:VANILLA_ONLY;a11y:VANILLA_ONLY;html+a11y:VANILLA_ONLY	MISSING_LANGUAGE_MEMBER	MISSING_LANGUAGE_MEMBER	01_core/src/compiler/stdlib/structural/math.rs:1141	lab/typst-original/crates/typst-library/src/math/style.rs:238	00_nucleo/prompts/compiler/stdlib/structural/math.md	81441281	18b2fb0d9a3e1f6a0ff9cd8fb2e25047b4c9f2185cb6a511ae022e7a9c4e80a2	Membro público vanilla medido e cristalino ausente no lookup atual; a ausência não prova autorização L0 para implementá-lo.	ADR-0127_REASSESS_CONCRETE_OWNER_CHANGE	VANILLA_ONLY fresco nos perfis em que a feature está ativa; falha bilateral sem html é gate ancestral esperado, não fechamento.	Lookup cristalino com mesmo kind/repr ou ausência vanilla no perfil habilitado refutaria dívida.	Manter dívida para coorte do owner; nenhuma implementação autorizada.	p1299_residual_160	path-math.sscript	
math.stretch	default,html,a11y,html+a11y	default:VANILLA_ONLY;html:VANILLA_ONLY;a11y:VANILLA_ONLY;html+a11y:VANILLA_ONLY	MISSING_LANGUAGE_MEMBER	MISSING_LANGUAGE_MEMBER	01_core/src/compiler/stdlib/structural/math.rs:1141	lab/typst-original/crates/typst-library/src/math/attach.rs:115	00_nucleo/prompts/compiler/stdlib/structural/math.md	81441281	18b2fb0d9a3e1f6a0ff9cd8fb2e25047b4c9f2185cb6a511ae022e7a9c4e80a2	Membro público vanilla medido e cristalino ausente no lookup atual; a ausência não prova autorização L0 para implementá-lo.	ADR-0127_REASSESS_CONCRETE_OWNER_CHANGE	VANILLA_ONLY fresco nos perfis em que a feature está ativa; falha bilateral sem html é gate ancestral esperado, não fechamento.	Lookup cristalino com mesmo kind/repr ou ausência vanilla no perfil habilitado refutaria dívida.	Manter dívida para coorte do owner; nenhuma implementação autorizada.	p1299_residual_160	path-math.stretch	
math.text	default,html,a11y,html+a11y	default:VANILLA_ONLY;html:VANILLA_ONLY;a11y:VANILLA_ONLY;html+a11y:VANILLA_ONLY	MISSING_LANGUAGE_MEMBER	MISSING_LANGUAGE_MEMBER	01_core/src/compiler/stdlib/structural/math.rs:1141	lab/typst-original/crates/typst-library/src/text/mod.rs:91	00_nucleo/prompts/compiler/stdlib/structural/math.md	81441281	18b2fb0d9a3e1f6a0ff9cd8fb2e25047b4c9f2185cb6a511ae022e7a9c4e80a2	Membro público vanilla medido e cristalino ausente no lookup atual; a ausência não prova autorização L0 para implementá-lo.	ADR-0127_REASSESS_CONCRETE_OWNER_CHANGE	VANILLA_ONLY fresco nos perfis em que a feature está ativa; falha bilateral sem html é gate ancestral esperado, não fechamento.	Lookup cristalino com mesmo kind/repr ou ausência vanilla no perfil habilitado refutaria dívida.	Manter dívida para coorte do owner; nenhuma implementação autorizada.	p1299_residual_160	path-math.text	
math.underbrace	default,html,a11y,html+a11y	default:VANILLA_ONLY;html:VANILLA_ONLY;a11y:VANILLA_ONLY;html+a11y:VANILLA_ONLY	MISSING_LANGUAGE_MEMBER	MISSING_LANGUAGE_MEMBER	01_core/src/compiler/stdlib/structural/math.rs:1141	lab/typst-original/crates/typst-library/src/math/underover.rs:34	00_nucleo/prompts/compiler/stdlib/structural/math.md	81441281	18b2fb0d9a3e1f6a0ff9cd8fb2e25047b4c9f2185cb6a511ae022e7a9c4e80a2	Membro público vanilla medido e cristalino ausente no lookup atual; a ausência não prova autorização L0 para implementá-lo.	ADR-0127_REASSESS_CONCRETE_OWNER_CHANGE	VANILLA_ONLY fresco nos perfis em que a feature está ativa; falha bilateral sem html é gate ancestral esperado, não fechamento.	Lookup cristalino com mesmo kind/repr ou ausência vanilla no perfil habilitado refutaria dívida.	Manter dívida para coorte do owner; nenhuma implementação autorizada.	p1299_residual_160	path-math.underbrace	
math.underbracket	default,html,a11y,html+a11y	default:VANILLA_ONLY;html:VANILLA_ONLY;a11y:VANILLA_ONLY;html+a11y:VANILLA_ONLY	MISSING_LANGUAGE_MEMBER	MISSING_LANGUAGE_MEMBER	01_core/src/compiler/stdlib/structural/math.rs:1141	lab/typst-original/crates/typst-library/src/math/underover.rs:66	00_nucleo/prompts/compiler/stdlib/structural/math.md	81441281	18b2fb0d9a3e1f6a0ff9cd8fb2e25047b4c9f2185cb6a511ae022e7a9c4e80a2	Membro público vanilla medido e cristalino ausente no lookup atual; a ausência não prova autorização L0 para implementá-lo.	ADR-0127_REASSESS_CONCRETE_OWNER_CHANGE	VANILLA_ONLY fresco nos perfis em que a feature está ativa; falha bilateral sem html é gate ancestral esperado, não fechamento.	Lookup cristalino com mesmo kind/repr ou ausência vanilla no perfil habilitado refutaria dívida.	Manter dívida para coorte do owner; nenhuma implementação autorizada.	p1299_residual_160	path-math.underbracket	
math.underparen	default,html,a11y,html+a11y	default:VANILLA_ONLY;html:VANILLA_ONLY;a11y:VANILLA_ONLY;html+a11y:VANILLA_ONLY	MISSING_LANGUAGE_MEMBER	MISSING_LANGUAGE_MEMBER	01_core/src/compiler/stdlib/structural/math.rs:1141	lab/typst-original/crates/typst-library/src/math/underover.rs:98	00_nucleo/prompts/compiler/stdlib/structural/math.md	81441281	18b2fb0d9a3e1f6a0ff9cd8fb2e25047b4c9f2185cb6a511ae022e7a9c4e80a2	Membro público vanilla medido e cristalino ausente no lookup atual; a ausência não prova autorização L0 para implementá-lo.	ADR-0127_REASSESS_CONCRETE_OWNER_CHANGE	VANILLA_ONLY fresco nos perfis em que a feature está ativa; falha bilateral sem html é gate ancestral esperado, não fechamento.	Lookup cristalino com mesmo kind/repr ou ausência vanilla no perfil habilitado refutaria dívida.	Manter dívida para coorte do owner; nenhuma implementação autorizada.	p1299_residual_160	path-math.underparen	
math.undershell	default,html,a11y,html+a11y	default:VANILLA_ONLY;html:VANILLA_ONLY;a11y:VANILLA_ONLY;html+a11y:VANILLA_ONLY	MISSING_LANGUAGE_MEMBER	MISSING_LANGUAGE_MEMBER	01_core/src/compiler/stdlib/structural/math.rs:1141	lab/typst-original/crates/typst-library/src/math/underover.rs:131	00_nucleo/prompts/compiler/stdlib/structural/math.md	81441281	18b2fb0d9a3e1f6a0ff9cd8fb2e25047b4c9f2185cb6a511ae022e7a9c4e80a2	Membro público vanilla medido e cristalino ausente no lookup atual; a ausência não prova autorização L0 para implementá-lo.	ADR-0127_REASSESS_CONCRETE_OWNER_CHANGE	VANILLA_ONLY fresco nos perfis em que a feature está ativa; falha bilateral sem html é gate ancestral esperado, não fechamento.	Lookup cristalino com mesmo kind/repr ou ausência vanilla no perfil habilitado refutaria dívida.	Manter dívida para coorte do owner; nenhuma implementação autorizada.	p1299_residual_160	path-math.undershell	
math.upright	default,html,a11y,html+a11y	default:VANILLA_ONLY;html:VANILLA_ONLY;a11y:VANILLA_ONLY;html+a11y:VANILLA_ONLY	MISSING_LANGUAGE_MEMBER	MISSING_LANGUAGE_MEMBER	01_core/src/compiler/stdlib/structural/math.rs:1141	lab/typst-original/crates/typst-library/src/math/style.rs:28	00_nucleo/prompts/compiler/stdlib/structural/math.md	81441281	18b2fb0d9a3e1f6a0ff9cd8fb2e25047b4c9f2185cb6a511ae022e7a9c4e80a2	Membro público vanilla medido e cristalino ausente no lookup atual; a ausência não prova autorização L0 para implementá-lo.	ADR-0127_REASSESS_CONCRETE_OWNER_CHANGE	VANILLA_ONLY fresco nos perfis em que a feature está ativa; falha bilateral sem html é gate ancestral esperado, não fechamento.	Lookup cristalino com mesmo kind/repr ou ausência vanilla no perfil habilitado refutaria dívida.	Manter dívida para coorte do owner; nenhuma implementação autorizada.	p1299_residual_160	path-math.upright	
mono	default,html,a11y,html+a11y	default:CRYSTALLINE_ONLY;html:CRYSTALLINE_ONLY;a11y:CRYSTALLINE_ONLY;html+a11y:CRYSTALLINE_ONLY	INTENTIONAL_PRODUCT_EXTENSION	INTENTIONAL_PRODUCT_EXTENSION	01_core/src/compiler/stdlib/math_style.rs:2	lab/typst-original/crates/typst-library/src/lib.rs:374 (ausência na matriz pública)	00_nucleo/prompts/compiler/stdlib/math_style.md	56b9e300	02a1dadb6c08f3ea9ae109ff7bd2dc87e2616a5da5d4a4cfbf5a1269bc4c9603	Retenção/global documentado no L0 semântico e/ou decisão de compatibilidade explícita no consumer; não se infere intenção somente da disponibilidade.	ADR-0127_HUMAN_GATE_IF_CONTRACT_REOPENED	CRYSTALLINE_ONLY fresco em todos os perfis; a intenção é auditada separadamente da execução.	Fonte normativa proibindo a publicação, remoção da retenção deliberada ou aceitação vanilla refutaria extensão.	Não selecionar automaticamente; reabrir contrato somente por decisão humana.	p1299_residual_160	path-mono	math.mono
op	default,html,a11y,html+a11y	default:CRYSTALLINE_ONLY;html:CRYSTALLINE_ONLY;a11y:CRYSTALLINE_ONLY;html+a11y:CRYSTALLINE_ONLY	INTENTIONAL_PRODUCT_EXTENSION	INTENTIONAL_PRODUCT_EXTENSION	01_core/src/compiler/stdlib/structural/math.rs:1141	lab/typst-original/crates/typst-library/src/lib.rs:374 (ausência na matriz pública)	00_nucleo/prompts/compiler/stdlib/structural/math.md	81441281	18b2fb0d9a3e1f6a0ff9cd8fb2e25047b4c9f2185cb6a511ae022e7a9c4e80a2	Retenção/global documentado no L0 semântico e/ou decisão de compatibilidade explícita no consumer; não se infere intenção somente da disponibilidade.	ADR-0127_HUMAN_GATE_IF_CONTRACT_REOPENED	CRYSTALLINE_ONLY fresco em todos os perfis; a intenção é auditada separadamente da execução.	Fonte normativa proibindo a publicação, remoção da retenção deliberada ou aceitação vanilla refutaria extensão.	Não selecionar automaticamente; reabrir contrato somente por decisão humana.	p1299_residual_160	path-op	math.op
outline.entry	default,html,a11y,html+a11y	default:VANILLA_ONLY;html:VANILLA_ONLY;a11y:VANILLA_ONLY;html+a11y:VANILLA_ONLY	MISSING_LANGUAGE_MEMBER	MISSING_LANGUAGE_MEMBER	01_core/src/compiler/stdlib/structural/outline.rs:2	lab/typst-original/crates/typst-library/src/model/outline.rs:481	00_nucleo/prompts/compiler/stdlib/structural/outline.md	01b891e9	e8dc3b96fd9a03ae21f87f602d85bb7b0b5b6eb95d6267dcbfe280a80d3b0632	Membro público vanilla medido e cristalino ausente no lookup atual; a ausência não prova autorização L0 para implementá-lo.	ADR-0127_HUMAN_GATE_REQUIRED	VANILLA_ONLY fresco nos perfis em que a feature está ativa; falha bilateral sem html é gate ancestral esperado, não fechamento.	Lookup cristalino com mesmo kind/repr ou ausência vanilla no perfil habilitado refutaria dívida.	Manter dívida para coorte do owner; nenhuma implementação autorizada.	p1299_residual_160	path-outline.entry	
outline.entry.body	default,html,a11y,html+a11y	default:VANILLA_ONLY;html:VANILLA_ONLY;a11y:VANILLA_ONLY;html+a11y:VANILLA_ONLY	MISSING_LANGUAGE_MEMBER	MISSING_LANGUAGE_MEMBER	01_core/src/compiler/stdlib/structural/outline.rs:2	lab/typst-original/crates/typst-library/src/model/outline.rs:672	00_nucleo/prompts/compiler/stdlib/structural/outline.md	01b891e9	e8dc3b96fd9a03ae21f87f602d85bb7b0b5b6eb95d6267dcbfe280a80d3b0632	Membro público vanilla medido e cristalino ausente no lookup atual; a ausência não prova autorização L0 para implementá-lo.	ADR-0127_HUMAN_GATE_REQUIRED	VANILLA_ONLY fresco nos perfis em que a feature está ativa; falha bilateral sem html é gate ancestral esperado, não fechamento.	Lookup cristalino com mesmo kind/repr ou ausência vanilla no perfil habilitado refutaria dívida.	Manter dívida para coorte do owner; nenhuma implementação autorizada.	p1299_residual_160	path-outline.entry.body	
outline.entry.indented	default,html,a11y,html+a11y	default:VANILLA_ONLY;html:VANILLA_ONLY;a11y:VANILLA_ONLY;html+a11y:VANILLA_ONLY	MISSING_LANGUAGE_MEMBER	MISSING_LANGUAGE_MEMBER	01_core/src/compiler/stdlib/structural/outline.rs:2	lab/typst-original/crates/typst-library/src/model/outline.rs:540	00_nucleo/prompts/compiler/stdlib/structural/outline.md	01b891e9	e8dc3b96fd9a03ae21f87f602d85bb7b0b5b6eb95d6267dcbfe280a80d3b0632	Membro público vanilla medido e cristalino ausente no lookup atual; a ausência não prova autorização L0 para implementá-lo.	ADR-0127_HUMAN_GATE_REQUIRED	VANILLA_ONLY fresco nos perfis em que a feature está ativa; falha bilateral sem html é gate ancestral esperado, não fechamento.	Lookup cristalino com mesmo kind/repr ou ausência vanilla no perfil habilitado refutaria dívida.	Manter dívida para coorte do owner; nenhuma implementação autorizada.	p1299_residual_160	path-outline.entry.indented	
outline.entry.inner	default,html,a11y,html+a11y	default:VANILLA_ONLY;html:VANILLA_ONLY;a11y:VANILLA_ONLY;html+a11y:VANILLA_ONLY	MISSING_LANGUAGE_MEMBER	MISSING_LANGUAGE_MEMBER	01_core/src/compiler/stdlib/structural/outline.rs:2	lab/typst-original/crates/typst-library/src/model/outline.rs:657	00_nucleo/prompts/compiler/stdlib/structural/outline.md	01b891e9	e8dc3b96fd9a03ae21f87f602d85bb7b0b5b6eb95d6267dcbfe280a80d3b0632	Membro público vanilla medido e cristalino ausente no lookup atual; a ausência não prova autorização L0 para implementá-lo.	ADR-0127_HUMAN_GATE_REQUIRED	VANILLA_ONLY fresco nos perfis em que a feature está ativa; falha bilateral sem html é gate ancestral esperado, não fechamento.	Lookup cristalino com mesmo kind/repr ou ausência vanilla no perfil habilitado refutaria dívida.	Manter dívida para coorte do owner; nenhuma implementação autorizada.	p1299_residual_160	path-outline.entry.inner	
outline.entry.page	default,html,a11y,html+a11y	default:VANILLA_ONLY;html:VANILLA_ONLY;a11y:VANILLA_ONLY;html+a11y:VANILLA_ONLY	MISSING_LANGUAGE_MEMBER	MISSING_LANGUAGE_MEMBER	01_core/src/compiler/stdlib/structural/outline.rs:2	lab/typst-original/crates/typst-library/src/model/outline.rs:679	00_nucleo/prompts/compiler/stdlib/structural/outline.md	01b891e9	e8dc3b96fd9a03ae21f87f602d85bb7b0b5b6eb95d6267dcbfe280a80d3b0632	Membro público vanilla medido e cristalino ausente no lookup atual; a ausência não prova autorização L0 para implementá-lo.	ADR-0127_HUMAN_GATE_REQUIRED	VANILLA_ONLY fresco nos perfis em que a feature está ativa; falha bilateral sem html é gate ancestral esperado, não fechamento.	Lookup cristalino com mesmo kind/repr ou ausência vanilla no perfil habilitado refutaria dívida.	Manter dívida para coorte do owner; nenhuma implementação autorizada.	p1299_residual_160	path-outline.entry.page	
outline.entry.prefix	default,html,a11y,html+a11y	default:VANILLA_ONLY;html:VANILLA_ONLY;a11y:VANILLA_ONLY;html+a11y:VANILLA_ONLY	MISSING_LANGUAGE_MEMBER	MISSING_LANGUAGE_MEMBER	01_core/src/compiler/stdlib/structural/outline.rs:2	lab/typst-original/crates/typst-library/src/model/outline.rs:637	00_nucleo/prompts/compiler/stdlib/structural/outline.md	01b891e9	e8dc3b96fd9a03ae21f87f602d85bb7b0b5b6eb95d6267dcbfe280a80d3b0632	Membro público vanilla medido e cristalino ausente no lookup atual; a ausência não prova autorização L0 para implementá-lo.	ADR-0127_HUMAN_GATE_REQUIRED	VANILLA_ONLY fresco nos perfis em que a feature está ativa; falha bilateral sem html é gate ancestral esperado, não fechamento.	Lookup cristalino com mesmo kind/repr ou ausência vanilla no perfil habilitado refutaria dívida.	Manter dívida para coorte do owner; nenhuma implementação autorizada.	p1299_residual_160	path-outline.entry.prefix	
par.line	default,html,a11y,html+a11y	default:VANILLA_ONLY;html:VANILLA_ONLY;a11y:VANILLA_ONLY;html+a11y:VANILLA_ONLY	MISSING_LANGUAGE_MEMBER	MISSING_LANGUAGE_MEMBER	01_core/src/compiler/eval/bindings/field_access.rs:269	lab/typst-original/crates/typst-library/src/model/par.rs:791	00_nucleo/prompts/compiler/eval/bindings/field_access.md	2d102890	92aa897909abfb6095ab59191614b0fd87c0d648e8e593ed8f0702176c2a542e	Membro público vanilla medido e cristalino ausente no lookup atual; a ausência não prova autorização L0 para implementá-lo.	ADR-0127_REASSESS_CONCRETE_OWNER_CHANGE	VANILLA_ONLY fresco nos perfis em que a feature está ativa; falha bilateral sem html é gate ancestral esperado, não fechamento.	Lookup cristalino com mesmo kind/repr ou ausência vanilla no perfil habilitado refutaria dívida.	Manter dívida para coorte do owner; nenhuma implementação autorizada.	p1299_residual_160	path-par.line	
pdf.data-cell	default,html,a11y,html+a11y	default:MATCH_DIAGNOSTIC;html:MATCH_DIAGNOSTIC;a11y:MATCH_VALUE;html+a11y:MATCH_VALUE	DIAGNOSTIC_SPAN_DIVERGENCE	CLOSED_CONFIRMED	01_core/src/compiler/eval/bindings/field_access.rs:101	lab/typst-original/crates/typst-eval/src/code.rs:347	00_nucleo/prompts/compiler/eval/bindings/field_access.md	2d102890	92aa897909abfb6095ab59191614b0fd87c0d648e8e593ed8f0702176c2a542e	P1303 exige field-only sem a11y e preservação do valor com a11y.	NO_CHANGE_CLOSED_CONTROL	Matriz fresca confirma fechamento histórico nos quatro perfis; nenhuma regressão temporal.	Qualquer perfil ou repetição divergir do diagnóstico/valor vanilla.	Preservar como sentinela fechada, fora dos 160 residuais.	historical_closed_extra	path-pdf.data-cell	
pdf.header-cell	default,html,a11y,html+a11y	default:MATCH_DIAGNOSTIC;html:MATCH_DIAGNOSTIC;a11y:MATCH_VALUE;html+a11y:MATCH_VALUE	DIAGNOSTIC_SPAN_DIVERGENCE	CLOSED_CONFIRMED	01_core/src/compiler/eval/bindings/field_access.rs:101	lab/typst-original/crates/typst-eval/src/code.rs:347	00_nucleo/prompts/compiler/eval/bindings/field_access.md	2d102890	92aa897909abfb6095ab59191614b0fd87c0d648e8e593ed8f0702176c2a542e	P1303 exige field-only sem a11y e preservação do valor com a11y.	NO_CHANGE_CLOSED_CONTROL	Matriz fresca confirma fechamento histórico nos quatro perfis; nenhuma regressão temporal.	Qualquer perfil ou repetição divergir do diagnóstico/valor vanilla.	Preservar como sentinela fechada, fora dos 160 residuais.	historical_closed_extra	path-pdf.header-cell	
pdf.table-summary	default,html,a11y,html+a11y	default:MATCH_DIAGNOSTIC;html:MATCH_DIAGNOSTIC;a11y:MATCH_VALUE;html+a11y:MATCH_VALUE	DIAGNOSTIC_SPAN_DIVERGENCE	CLOSED_CONFIRMED	01_core/src/compiler/eval/bindings/field_access.rs:101	lab/typst-original/crates/typst-eval/src/code.rs:347	00_nucleo/prompts/compiler/eval/bindings/field_access.md	2d102890	92aa897909abfb6095ab59191614b0fd87c0d648e8e593ed8f0702176c2a542e	P1303 exige field-only sem a11y e preservação do valor com a11y.	NO_CHANGE_CLOSED_CONTROL	Matriz fresca confirma fechamento histórico nos quatro perfis; nenhuma regressão temporal.	Qualquer perfil ou repetição divergir do diagnóstico/valor vanilla.	Preservar como sentinela fechada, fora dos 160 residuais.	historical_closed_extra	path-pdf.table-summary	
polygon.regular	default,html,a11y,html+a11y	default:VANILLA_ONLY;html:VANILLA_ONLY;a11y:VANILLA_ONLY;html+a11y:VANILLA_ONLY	MISSING_LANGUAGE_MEMBER	MISSING_LANGUAGE_MEMBER	01_core/src/compiler/stdlib/shapes.rs:2	lab/typst-original/crates/typst-library/src/visualize/polygon.rs:64	00_nucleo/prompts/compiler/stdlib/shapes.md	6a9b5568	389f4f7905fcdaa2d5f61040475c04571c489cef0720f7ef453f14e36e61ed17	Membro público vanilla medido e cristalino ausente no lookup atual; a ausência não prova autorização L0 para implementá-lo.	ADR-0127_REASSESS_CONCRETE_OWNER_CHANGE	VANILLA_ONLY fresco nos perfis em que a feature está ativa; falha bilateral sem html é gate ancestral esperado, não fechamento.	Lookup cristalino com mesmo kind/repr ou ausência vanilla no perfil habilitado refutaria dívida.	Manter dívida para coorte do owner; nenhuma implementação autorizada.	p1299_residual_160	path-polygon.regular	
raw.line	default,html,a11y,html+a11y	default:VANILLA_ONLY;html:VANILLA_ONLY;a11y:VANILLA_ONLY;html+a11y:VANILLA_ONLY	MISSING_LANGUAGE_MEMBER	MISSING_LANGUAGE_MEMBER	01_core/src/compiler/stdlib/text/mod.rs:2	lab/typst-original/crates/typst-library/src/text/raw.rs:838	00_nucleo/prompts/compiler/stdlib/text.md	a8732f7f	1dadbba93127f2b62a8728bf0a92c5378c8f52b15bff5aa9152290faf0ac72a5	Membro público vanilla medido e cristalino ausente no lookup atual; a ausência não prova autorização L0 para implementá-lo.	ADR-0127_REASSESS_CONCRETE_OWNER_CHANGE	VANILLA_ONLY fresco nos perfis em que a feature está ativa; falha bilateral sem html é gate ancestral esperado, não fechamento.	Lookup cristalino com mesmo kind/repr ou ausência vanilla no perfil habilitado refutaria dívida.	Manter dívida para coorte do owner; nenhuma implementação autorizada.	p1299_residual_160	path-raw.line	
replace	default,html,a11y,html+a11y	default:CRYSTALLINE_ONLY;html:CRYSTALLINE_ONLY;a11y:CRYSTALLINE_ONLY;html+a11y:CRYSTALLINE_ONLY	INTENTIONAL_PRODUCT_EXTENSION	INTENTIONAL_PRODUCT_EXTENSION	01_core/src/compiler/stdlib/text/case.rs:2	lab/typst-original/crates/typst-library/src/lib.rs:374 (ausência na matriz pública)	00_nucleo/prompts/compiler/stdlib/text/case.md	4382da9f	b40155505b65b4ff0d9b41c7c9ecaff1c51b467bdfab7fc356ac808288adbc2c	Retenção/global documentado no L0 semântico e/ou decisão de compatibilidade explícita no consumer; não se infere intenção somente da disponibilidade.	ADR-0127_HUMAN_GATE_IF_CONTRACT_REOPENED	CRYSTALLINE_ONLY fresco em todos os perfis; a intenção é auditada separadamente da execução.	Fonte normativa proibindo a publicação, remoção da retenção deliberada ou aceitação vanilla refutaria extensão.	Não selecionar automaticamente; reabrir contrato somente por decisão humana.	p1299_residual_160	path-replace	
repr(std)	default,html,a11y,html+a11y	default:DIFFERENT_VALUE;html:DIFFERENT_VALUE;a11y:DIFFERENT_VALUE;html+a11y:DIFFERENT_VALUE	NOT_IN_P1299_LEDGER	WRONG_PUBLIC_REPR	01_core/src/compiler/eval/repr.rs:56	lab/typst-original/crates/typst-library/src/foundations/module.rs:174; lab/typst-original/crates/typst-library/src/lib.rs:374	00_nucleo/prompts/compiler/eval/repr.md	d91654f3	555b6df222a931991f1a521b11fe2d8d58ee185cdcf90cd3f0eaf6d3c40c9355	repr.md:32-34 possui projeção morfológica; field_access.md:425-430 já distingue identidade pública global da representação interna std; novo L0 deve especificar a projeção repr.	ADR-0127_CONTINUOUS_PARITY_CORRECTION	Kind module preservado; nome diagnóstico global confirmado. Divergência pública module(std) vs <module global> no formatter e projeção de nome, sem necessidade demonstrada de nova entidade.	Necessidade de novo payload/API para distinguir global de módulo ordinário, ou diferença adicional de lookup/kind.	Candidata repr-module-and-large-array; manter módulos ordinários e anonimato separados.	p1304_added_repr_std	p1304-repr-std	
sans	default,html,a11y,html+a11y	default:CRYSTALLINE_ONLY;html:CRYSTALLINE_ONLY;a11y:CRYSTALLINE_ONLY;html+a11y:CRYSTALLINE_ONLY	INTENTIONAL_PRODUCT_EXTENSION	INTENTIONAL_PRODUCT_EXTENSION	01_core/src/compiler/stdlib/math_style.rs:2	lab/typst-original/crates/typst-library/src/lib.rs:374 (ausência na matriz pública)	00_nucleo/prompts/compiler/stdlib/math_style.md	56b9e300	02a1dadb6c08f3ea9ae109ff7bd2dc87e2616a5da5d4a4cfbf5a1269bc4c9603	Retenção/global documentado no L0 semântico e/ou decisão de compatibilidade explícita no consumer; não se infere intenção somente da disponibilidade.	ADR-0127_HUMAN_GATE_IF_CONTRACT_REOPENED	CRYSTALLINE_ONLY fresco em todos os perfis; a intenção é auditada separadamente da execução.	Fonte normativa proibindo a publicação, remoção da retenção deliberada ou aceitação vanilla refutaria extensão.	Não selecionar automaticamente; reabrir contrato somente por decisão humana.	p1299_residual_160	path-sans	math.sans
scr	default,html,a11y,html+a11y	default:CRYSTALLINE_ONLY;html:CRYSTALLINE_ONLY;a11y:CRYSTALLINE_ONLY;html+a11y:CRYSTALLINE_ONLY	INTENTIONAL_PRODUCT_EXTENSION	INTENTIONAL_PRODUCT_EXTENSION	01_core/src/compiler/stdlib/math_style.rs:2	lab/typst-original/crates/typst-library/src/lib.rs:374 (ausência na matriz pública)	00_nucleo/prompts/compiler/stdlib/math_style.md	56b9e300	02a1dadb6c08f3ea9ae109ff7bd2dc87e2616a5da5d4a4cfbf5a1269bc4c9603	Retenção/global documentado no L0 semântico e/ou decisão de compatibilidade explícita no consumer; não se infere intenção somente da disponibilidade.	ADR-0127_HUMAN_GATE_IF_CONTRACT_REOPENED	CRYSTALLINE_ONLY fresco em todos os perfis; a intenção é auditada separadamente da execução.	Fonte normativa proibindo a publicação, remoção da retenção deliberada ou aceitação vanilla refutaria extensão.	Não selecionar automaticamente; reabrir contrato somente por decisão humana.	p1299_residual_160	path-scr	math.scr
script	default,html,a11y,html+a11y	default:CRYSTALLINE_ONLY;html:CRYSTALLINE_ONLY;a11y:CRYSTALLINE_ONLY;html+a11y:CRYSTALLINE_ONLY	INTENTIONAL_PRODUCT_EXTENSION	INTENTIONAL_PRODUCT_EXTENSION	01_core/src/compiler/stdlib/math_style.rs:2	lab/typst-original/crates/typst-library/src/lib.rs:374 (ausência na matriz pública)	00_nucleo/prompts/compiler/stdlib/math_style.md	56b9e300	02a1dadb6c08f3ea9ae109ff7bd2dc87e2616a5da5d4a4cfbf5a1269bc4c9603	Retenção/global documentado no L0 semântico e/ou decisão de compatibilidade explícita no consumer; não se infere intenção somente da disponibilidade.	ADR-0127_HUMAN_GATE_IF_CONTRACT_REOPENED	CRYSTALLINE_ONLY fresco em todos os perfis; a intenção é auditada separadamente da execução.	Fonte normativa proibindo a publicação, remoção da retenção deliberada ou aceitação vanilla refutaria extensão.	Não selecionar automaticamente; reabrir contrato somente por decisão humana.	p1299_residual_160	path-script	math.script
selector.after	default,html,a11y,html+a11y	default:VANILLA_ONLY;html:VANILLA_ONLY;a11y:VANILLA_ONLY;html+a11y:VANILLA_ONLY	MISSING_LANGUAGE_MEMBER	MISSING_LANGUAGE_MEMBER	01_core/src/compiler/stdlib/foundations/selector.rs:2	lab/typst-original/crates/typst-library/src/foundations/selector.rs:227	00_nucleo/prompts/compiler/stdlib/foundations/selector.md	38a8528f	1a603e05d436e5f2359f77e3e71c0e233478ecf13209f71801fb45ae40214799	Membro público vanilla medido e cristalino ausente no lookup atual; a ausência não prova autorização L0 para implementá-lo.	ADR-0127_HUMAN_GATE_REQUIRED	VANILLA_ONLY fresco nos perfis em que a feature está ativa; falha bilateral sem html é gate ancestral esperado, não fechamento.	Lookup cristalino com mesmo kind/repr ou ausência vanilla no perfil habilitado refutaria dívida.	Manter dívida para coorte do owner; nenhuma implementação autorizada.	p1299_residual_160	path-selector.after	
selector.before	default,html,a11y,html+a11y	default:VANILLA_ONLY;html:VANILLA_ONLY;a11y:VANILLA_ONLY;html+a11y:VANILLA_ONLY	MISSING_LANGUAGE_MEMBER	MISSING_LANGUAGE_MEMBER	01_core/src/compiler/stdlib/foundations/selector.rs:2	lab/typst-original/crates/typst-library/src/foundations/selector.rs:204	00_nucleo/prompts/compiler/stdlib/foundations/selector.md	38a8528f	1a603e05d436e5f2359f77e3e71c0e233478ecf13209f71801fb45ae40214799	Membro público vanilla medido e cristalino ausente no lookup atual; a ausência não prova autorização L0 para implementá-lo.	ADR-0127_HUMAN_GATE_REQUIRED	VANILLA_ONLY fresco nos perfis em que a feature está ativa; falha bilateral sem html é gate ancestral esperado, não fechamento.	Lookup cristalino com mesmo kind/repr ou ausência vanilla no perfil habilitado refutaria dívida.	Manter dívida para coorte do owner; nenhuma implementação autorizada.	p1299_residual_160	path-selector.before	
serif	default,html,a11y,html+a11y	default:CRYSTALLINE_ONLY;html:CRYSTALLINE_ONLY;a11y:CRYSTALLINE_ONLY;html+a11y:CRYSTALLINE_ONLY	INTENTIONAL_PRODUCT_EXTENSION	INTENTIONAL_PRODUCT_EXTENSION	01_core/src/compiler/stdlib/math_style.rs:2	lab/typst-original/crates/typst-library/src/lib.rs:374 (ausência na matriz pública)	00_nucleo/prompts/compiler/stdlib/math_style.md	56b9e300	02a1dadb6c08f3ea9ae109ff7bd2dc87e2616a5da5d4a4cfbf5a1269bc4c9603	Retenção/global documentado no L0 semântico e/ou decisão de compatibilidade explícita no consumer; não se infere intenção somente da disponibilidade.	ADR-0127_HUMAN_GATE_IF_CONTRACT_REOPENED	CRYSTALLINE_ONLY fresco em todos os perfis; a intenção é auditada separadamente da execução.	Fonte normativa proibindo a publicação, remoção da retenção deliberada ou aceitação vanilla refutaria extensão.	Não selecionar automaticamente; reabrir contrato somente por decisão humana.	p1299_residual_160	path-serif	math.serif
sscript	default,html,a11y,html+a11y	default:CRYSTALLINE_ONLY;html:CRYSTALLINE_ONLY;a11y:CRYSTALLINE_ONLY;html+a11y:CRYSTALLINE_ONLY	INTENTIONAL_PRODUCT_EXTENSION	INTENTIONAL_PRODUCT_EXTENSION	01_core/src/compiler/stdlib/math_style.rs:2	lab/typst-original/crates/typst-library/src/lib.rs:374 (ausência na matriz pública)	00_nucleo/prompts/compiler/stdlib/math_style.md	56b9e300	02a1dadb6c08f3ea9ae109ff7bd2dc87e2616a5da5d4a4cfbf5a1269bc4c9603	Retenção/global documentado no L0 semântico e/ou decisão de compatibilidade explícita no consumer; não se infere intenção somente da disponibilidade.	ADR-0127_HUMAN_GATE_IF_CONTRACT_REOPENED	CRYSTALLINE_ONLY fresco em todos os perfis; a intenção é auditada separadamente da execução.	Fonte normativa proibindo a publicação, remoção da retenção deliberada ou aceitação vanilla refutaria extensão.	Não selecionar automaticamente; reabrir contrato somente por decisão humana.	p1299_residual_160	path-sscript	math.sscript
state_at	default,html,a11y,html+a11y	default:CRYSTALLINE_ONLY;html:CRYSTALLINE_ONLY;a11y:CRYSTALLINE_ONLY;html+a11y:CRYSTALLINE_ONLY	INTENTIONAL_PRODUCT_EXTENSION	INTENTIONAL_PRODUCT_EXTENSION	01_core/src/compiler/stdlib/state.rs:2	lab/typst-original/crates/typst-library/src/lib.rs:374 (ausência na matriz pública)	00_nucleo/prompts/compiler/stdlib/state.md	22d3e6d3	daf180d5e77f0a9d307b8b1a2b148741a6ac82a776ab17a510f107c5bff42eb1	Retenção/global documentado no L0 semântico e/ou decisão de compatibilidade explícita no consumer; não se infere intenção somente da disponibilidade.	ADR-0127_HUMAN_GATE_IF_CONTRACT_REOPENED	CRYSTALLINE_ONLY fresco em todos os perfis; a intenção é auditada separadamente da execução.	Fonte normativa proibindo a publicação, remoção da retenção deliberada ou aceitação vanilla refutaria extensão.	Não selecionar automaticamente; reabrir contrato somente por decisão humana.	p1299_residual_160	path-state_at	state.at
state_display	default,html,a11y,html+a11y	default:CRYSTALLINE_ONLY;html:CRYSTALLINE_ONLY;a11y:CRYSTALLINE_ONLY;html+a11y:CRYSTALLINE_ONLY	INTENTIONAL_PRODUCT_EXTENSION	INTENTIONAL_PRODUCT_EXTENSION	01_core/src/compiler/stdlib/state.rs:2	lab/typst-original/crates/typst-library/src/lib.rs:374 (ausência na matriz pública)	00_nucleo/prompts/compiler/stdlib/state.md	22d3e6d3	daf180d5e77f0a9d307b8b1a2b148741a6ac82a776ab17a510f107c5bff42eb1	Retenção/global documentado no L0 semântico e/ou decisão de compatibilidade explícita no consumer; não se infere intenção somente da disponibilidade.	ADR-0127_HUMAN_GATE_IF_CONTRACT_REOPENED	CRYSTALLINE_ONLY fresco em todos os perfis; a intenção é auditada separadamente da execução.	Fonte normativa proibindo a publicação, remoção da retenção deliberada ou aceitação vanilla refutaria extensão.	Não selecionar automaticamente; reabrir contrato somente por decisão humana.	p1299_residual_160	path-state_display	
state_final	default,html,a11y,html+a11y	default:CRYSTALLINE_ONLY;html:CRYSTALLINE_ONLY;a11y:CRYSTALLINE_ONLY;html+a11y:CRYSTALLINE_ONLY	INTENTIONAL_PRODUCT_EXTENSION	INTENTIONAL_PRODUCT_EXTENSION	01_core/src/compiler/stdlib/state.rs:2	lab/typst-original/crates/typst-library/src/lib.rs:374 (ausência na matriz pública)	00_nucleo/prompts/compiler/stdlib/state.md	22d3e6d3	daf180d5e77f0a9d307b8b1a2b148741a6ac82a776ab17a510f107c5bff42eb1	Retenção/global documentado no L0 semântico e/ou decisão de compatibilidade explícita no consumer; não se infere intenção somente da disponibilidade.	ADR-0127_HUMAN_GATE_IF_CONTRACT_REOPENED	CRYSTALLINE_ONLY fresco em todos os perfis; a intenção é auditada separadamente da execução.	Fonte normativa proibindo a publicação, remoção da retenção deliberada ou aceitação vanilla refutaria extensão.	Não selecionar automaticamente; reabrir contrato somente por decisão humana.	p1299_residual_160	path-state_final	state.final
state_update	default,html,a11y,html+a11y	default:CRYSTALLINE_ONLY;html:CRYSTALLINE_ONLY;a11y:CRYSTALLINE_ONLY;html+a11y:CRYSTALLINE_ONLY	INTENTIONAL_PRODUCT_EXTENSION	INTENTIONAL_PRODUCT_EXTENSION	01_core/src/compiler/stdlib/state.rs:2	lab/typst-original/crates/typst-library/src/lib.rs:374 (ausência na matriz pública)	00_nucleo/prompts/compiler/stdlib/state.md	22d3e6d3	daf180d5e77f0a9d307b8b1a2b148741a6ac82a776ab17a510f107c5bff42eb1	Retenção/global documentado no L0 semântico e/ou decisão de compatibilidade explícita no consumer; não se infere intenção somente da disponibilidade.	ADR-0127_HUMAN_GATE_IF_CONTRACT_REOPENED	CRYSTALLINE_ONLY fresco em todos os perfis; a intenção é auditada separadamente da execução.	Fonte normativa proibindo a publicação, remoção da retenção deliberada ou aceitação vanilla refutaria extensão.	Não selecionar automaticamente; reabrir contrato somente por decisão humana.	p1299_residual_160	path-state_update	state.update
state_update_with	default,html,a11y,html+a11y	default:CRYSTALLINE_ONLY;html:CRYSTALLINE_ONLY;a11y:CRYSTALLINE_ONLY;html+a11y:CRYSTALLINE_ONLY	INTENTIONAL_PRODUCT_EXTENSION	INTENTIONAL_PRODUCT_EXTENSION	01_core/src/compiler/stdlib/state.rs:2	lab/typst-original/crates/typst-library/src/lib.rs:374 (ausência na matriz pública)	00_nucleo/prompts/compiler/stdlib/state.md	22d3e6d3	daf180d5e77f0a9d307b8b1a2b148741a6ac82a776ab17a510f107c5bff42eb1	Retenção/global documentado no L0 semântico e/ou decisão de compatibilidade explícita no consumer; não se infere intenção somente da disponibilidade.	ADR-0127_HUMAN_GATE_IF_CONTRACT_REOPENED	CRYSTALLINE_ONLY fresco em todos os perfis; a intenção é auditada separadamente da execução.	Fonte normativa proibindo a publicação, remoção da retenção deliberada ou aceitação vanilla refutaria extensão.	Não selecionar automaticamente; reabrir contrato somente por decisão humana.	p1299_residual_160	path-state_update_with	state.update
sym.registered	default,html,a11y,html+a11y	default:CRYSTALLINE_ONLY;html:CRYSTALLINE_ONLY;a11y:CRYSTALLINE_ONLY;html+a11y:CRYSTALLINE_ONLY	INTENTIONAL_PRODUCT_EXTENSION	INTENTIONAL_PRODUCT_EXTENSION	01_core/src/compiler/stdlib/sym.rs:2	lab/typst-original/crates/typst-library/src/lib.rs:374 (ausência na matriz pública)	00_nucleo/prompts/compiler/stdlib/sym.md	9bfa8e7f	42a2127215e9a37d69c90695e1be66a61320fa086ffd36b51a1ac3441c816f3d	Retenção/global documentado no L0 semântico e/ou decisão de compatibilidade explícita no consumer; não se infere intenção somente da disponibilidade.	ADR-0127_HUMAN_GATE_IF_CONTRACT_REOPENED	CRYSTALLINE_ONLY fresco em todos os perfis; a intenção é auditada separadamente da execução.	Fonte normativa proibindo a publicação, remoção da retenção deliberada ou aceitação vanilla refutaria extensão.	Não selecionar automaticamente; reabrir contrato somente por decisão humana.	p1299_residual_160	path-sym.registered	
table_cell	default,html,a11y,html+a11y	default:CRYSTALLINE_ONLY;html:CRYSTALLINE_ONLY;a11y:CRYSTALLINE_ONLY;html+a11y:CRYSTALLINE_ONLY	INTENTIONAL_PRODUCT_EXTENSION	INTENTIONAL_PRODUCT_EXTENSION	01_core/src/compiler/stdlib/structural/table_grid.rs:2	lab/typst-original/crates/typst-library/src/lib.rs:374 (ausência na matriz pública)	00_nucleo/prompts/compiler/stdlib/structural/table_grid.md	d4d8c07e	153a22b018f247e1b37943a257afa3ad55da414b92886655a1415079118c3edd	Retenção/global documentado no L0 semântico e/ou decisão de compatibilidade explícita no consumer; não se infere intenção somente da disponibilidade.	ADR-0127_HUMAN_GATE_IF_CONTRACT_REOPENED	CRYSTALLINE_ONLY fresco em todos os perfis; a intenção é auditada separadamente da execução.	Fonte normativa proibindo a publicação, remoção da retenção deliberada ou aceitação vanilla refutaria extensão.	Não selecionar automaticamente; reabrir contrato somente por decisão humana.	p1299_residual_160	path-table_cell	table.cell
table_footer	default,html,a11y,html+a11y	default:CRYSTALLINE_ONLY;html:CRYSTALLINE_ONLY;a11y:CRYSTALLINE_ONLY;html+a11y:CRYSTALLINE_ONLY	INTENTIONAL_PRODUCT_EXTENSION	INTENTIONAL_PRODUCT_EXTENSION	01_core/src/compiler/stdlib/structural/table_grid.rs:2	lab/typst-original/crates/typst-library/src/lib.rs:374 (ausência na matriz pública)	00_nucleo/prompts/compiler/stdlib/structural/table_grid.md	d4d8c07e	153a22b018f247e1b37943a257afa3ad55da414b92886655a1415079118c3edd	Retenção/global documentado no L0 semântico e/ou decisão de compatibilidade explícita no consumer; não se infere intenção somente da disponibilidade.	ADR-0127_HUMAN_GATE_IF_CONTRACT_REOPENED	CRYSTALLINE_ONLY fresco em todos os perfis; a intenção é auditada separadamente da execução.	Fonte normativa proibindo a publicação, remoção da retenção deliberada ou aceitação vanilla refutaria extensão.	Não selecionar automaticamente; reabrir contrato somente por decisão humana.	p1299_residual_160	path-table_footer	table.footer
table_header	default,html,a11y,html+a11y	default:CRYSTALLINE_ONLY;html:CRYSTALLINE_ONLY;a11y:CRYSTALLINE_ONLY;html+a11y:CRYSTALLINE_ONLY	INTENTIONAL_PRODUCT_EXTENSION	INTENTIONAL_PRODUCT_EXTENSION	01_core/src/compiler/stdlib/structural/table_grid.rs:2	lab/typst-original/crates/typst-library/src/lib.rs:374 (ausência na matriz pública)	00_nucleo/prompts/compiler/stdlib/structural/table_grid.md	d4d8c07e	153a22b018f247e1b37943a257afa3ad55da414b92886655a1415079118c3edd	Retenção/global documentado no L0 semântico e/ou decisão de compatibilidade explícita no consumer; não se infere intenção somente da disponibilidade.	ADR-0127_HUMAN_GATE_IF_CONTRACT_REOPENED	CRYSTALLINE_ONLY fresco em todos os perfis; a intenção é auditada separadamente da execução.	Fonte normativa proibindo a publicação, remoção da retenção deliberada ou aceitação vanilla refutaria extensão.	Não selecionar automaticamente; reabrir contrato somente por decisão humana.	p1299_residual_160	path-table_header	table.header
terms.item	default,html,a11y,html+a11y	default:VANILLA_ONLY;html:VANILLA_ONLY;a11y:VANILLA_ONLY;html+a11y:VANILLA_ONLY	MISSING_LANGUAGE_MEMBER	MISSING_LANGUAGE_MEMBER	01_core/src/compiler/eval/bindings/field_access.rs:269	lab/typst-original/crates/typst-library/src/model/terms.rs:115	00_nucleo/prompts/compiler/eval/bindings/field_access.md	2d102890	92aa897909abfb6095ab59191614b0fd87c0d648e8e593ed8f0702176c2a542e	Membro público vanilla medido e cristalino ausente no lookup atual; a ausência não prova autorização L0 para implementá-lo.	ADR-0127_REASSESS_CONCRETE_OWNER_CHANGE	VANILLA_ONLY fresco nos perfis em que a feature está ativa; falha bilateral sem html é gate ancestral esperado, não fechamento.	Lookup cristalino com mesmo kind/repr ou ausência vanilla no perfil habilitado refutaria dívida.	Manter dívida para coorte do owner; nenhuma implementação autorizada.	p1299_residual_160	path-terms.item	
toml.encode	default,html,a11y,html+a11y	default:VANILLA_ONLY;html:VANILLA_ONLY;a11y:VANILLA_ONLY;html+a11y:VANILLA_ONLY	MISSING_LANGUAGE_MEMBER	MISSING_LANGUAGE_MEMBER	01_core/src/compiler/stdlib/loading.rs:267	lab/typst-original/crates/typst-library/src/loading/toml.rs:107	00_nucleo/prompts/compiler/stdlib/loading.md	9379f85f	d6cf9cd85c0c25dc3f7a5f6c3a9f47cf956d9fd6e998932ca87ab5b1e58e2c72	loading.md:24-50 só autoriza cbor.encode; eval/mod.rs:1723-1739 registra json/toml/yaml sem namespace.	ADR-0127_HUMAN_GATE_REQUIRED	Presença VANILLA_ONLY confirmada nos quatro perfis e suite E mede assinatura/chamadas; coorte requer loading + eval e testes, possível reexport _comum.	Lookup cristalino com mesmo kind/repr ou ausência vanilla no perfil habilitado refutaria dívida.	Manter dívida para coorte do owner; nenhuma implementação autorizada.	p1299_residual_160	path-toml.encode	
underover	default,html,a11y,html+a11y	default:CRYSTALLINE_ONLY;html:CRYSTALLINE_ONLY;a11y:CRYSTALLINE_ONLY;html+a11y:CRYSTALLINE_ONLY	INTENTIONAL_PRODUCT_EXTENSION	INTENTIONAL_PRODUCT_EXTENSION	01_core/src/compiler/stdlib/structural/math.rs:1141	lab/typst-original/crates/typst-library/src/lib.rs:374 (ausência na matriz pública)	00_nucleo/prompts/compiler/stdlib/structural/math.md	81441281	18b2fb0d9a3e1f6a0ff9cd8fb2e25047b4c9f2185cb6a511ae022e7a9c4e80a2	Retenção/global documentado no L0 semântico e/ou decisão de compatibilidade explícita no consumer; não se infere intenção somente da disponibilidade.	ADR-0127_HUMAN_GATE_IF_CONTRACT_REOPENED	CRYSTALLINE_ONLY fresco em todos os perfis; a intenção é auditada separadamente da execução.	Fonte normativa proibindo a publicação, remoção da retenção deliberada ou aceitação vanilla refutaria extensão.	Não selecionar automaticamente; reabrir contrato somente por decisão humana.	p1299_residual_160	path-underover	
upright	default,html,a11y,html+a11y	default:CRYSTALLINE_ONLY;html:CRYSTALLINE_ONLY;a11y:CRYSTALLINE_ONLY;html+a11y:CRYSTALLINE_ONLY	INTENTIONAL_PRODUCT_EXTENSION	INTENTIONAL_PRODUCT_EXTENSION	01_core/src/compiler/stdlib/math_style.rs:2	lab/typst-original/crates/typst-library/src/lib.rs:374 (ausência na matriz pública)	00_nucleo/prompts/compiler/stdlib/math_style.md	56b9e300	02a1dadb6c08f3ea9ae109ff7bd2dc87e2616a5da5d4a4cfbf5a1269bc4c9603	Retenção/global documentado no L0 semântico e/ou decisão de compatibilidade explícita no consumer; não se infere intenção somente da disponibilidade.	ADR-0127_HUMAN_GATE_IF_CONTRACT_REOPENED	CRYSTALLINE_ONLY fresco em todos os perfis; a intenção é auditada separadamente da execução.	Fonte normativa proibindo a publicação, remoção da retenção deliberada ou aceitação vanilla refutaria extensão.	Não selecionar automaticamente; reabrir contrato somente por decisão humana.	p1299_residual_160	path-upright	math.upright
version.at	default,html,a11y,html+a11y	default:VANILLA_ONLY;html:VANILLA_ONLY;a11y:VANILLA_ONLY;html+a11y:VANILLA_ONLY	MISSING_LANGUAGE_MEMBER	MISSING_LANGUAGE_MEMBER	01_core/src/compiler/stdlib/primitives_constructors/version.rs:2	lab/typst-original/crates/typst-library/src/foundations/version.rs:114	00_nucleo/prompts/compiler/stdlib/primitives-constructors/version.md	76701aae	6e775351938a8480df7f2fbd1658cdd3d8ae7b5908c4ee8dc34e46a778ce4e5c	Membro público vanilla medido e cristalino ausente no lookup atual; a ausência não prova autorização L0 para implementá-lo.	ADR-0127_REASSESS_CONCRETE_OWNER_CHANGE	VANILLA_ONLY fresco nos perfis em que a feature está ativa; falha bilateral sem html é gate ancestral esperado, não fechamento.	Lookup cristalino com mesmo kind/repr ou ausência vanilla no perfil habilitado refutaria dívida.	Manter dívida para coorte do owner; nenhuma implementação autorizada.	p1299_residual_160	path-version.at	
yaml.encode	default,html,a11y,html+a11y	default:VANILLA_ONLY;html:VANILLA_ONLY;a11y:VANILLA_ONLY;html+a11y:VANILLA_ONLY	MISSING_LANGUAGE_MEMBER	MISSING_LANGUAGE_MEMBER	01_core/src/compiler/stdlib/loading.rs:267	lab/typst-original/crates/typst-library/src/loading/yaml.rs:111	00_nucleo/prompts/compiler/stdlib/loading.md	9379f85f	d6cf9cd85c0c25dc3f7a5f6c3a9f47cf956d9fd6e998932ca87ab5b1e58e2c72	loading.md:24-50 só autoriza cbor.encode; eval/mod.rs:1723-1739 registra json/toml/yaml sem namespace.	ADR-0127_HUMAN_GATE_REQUIRED	Presença VANILLA_ONLY confirmada nos quatro perfis e suite E mede assinatura/chamadas; coorte requer loading + eval e testes, possível reexport _comum.	Lookup cristalino com mesmo kind/repr ou ausência vanilla no perfil habilitado refutaria dívida.	Manter dívida para coorte do owner; nenhuma implementação autorizada.	p1299_residual_160	path-yaml.encode	
