probe_id	path	profiles	runtime_class_by_profile	language_projection_by_profile	current_language_class	owner_prompt	crystalline_owner_file_line	vanilla_source_file_line	language_observable	causal_hypothesis	refutation	gate_class	universe	cohort_id	measurement_ref
p1307.construct.None	p1307.construct.None	default,html,a11y,html+a11y	default:MATCH_VALUE;html:MATCH_VALUE;a11y:MATCH_VALUE;html+a11y:MATCH_VALUE	default:Preserved;html:Preserved;a11y:Preserved;html+a11y:Preserved	CLOSED_MEASURED_FUNCTIONAL_SENTINEL				(repr(type(none)), repr(none))	Only this complete bilateral assertion/projection is closed; historical expected preservation is distinct from parity.	Equal complete language observation on same literal source/profile refutes this divergence; a different required owner refutes proposed causal scope.	NO_CHANGE_AUTHORIZED	supplement		00_nucleo/diagnosticos/p1322-sentinels-normal.json#p1307.construct.None
p1307.json.value.None	p1307.json.value.None	default,html,a11y,html+a11y	default:MATCH_VALUE;html:MATCH_VALUE;a11y:MATCH_VALUE;html+a11y:MATCH_VALUE	default:Preserved;html:Preserved;a11y:Preserved;html+a11y:Preserved	CLOSED_MEASURED_FUNCTIONAL_SENTINEL				json.encode(none)	Only this complete bilateral assertion/projection is closed; historical expected preservation is distinct from parity.	Equal complete language observation on same literal source/profile refutes this divergence; a different required owner refutes proposed causal scope.	NO_CHANGE_AUTHORIZED	supplement		00_nucleo/diagnosticos/p1322-sentinels-normal.json#p1307.json.value.None
p1307.toml.value.None	p1307.toml.value.None	default,html,a11y,html+a11y	default:MATCH_VALUE;html:MATCH_VALUE;a11y:MATCH_VALUE;html+a11y:MATCH_VALUE	default:Preserved;html:Preserved;a11y:Preserved;html+a11y:Preserved	CLOSED_MEASURED_FUNCTIONAL_SENTINEL				toml.encode((value: none))	Only this complete bilateral assertion/projection is closed; historical expected preservation is distinct from parity.	Equal complete language observation on same literal source/profile refutes this divergence; a different required owner refutes proposed causal scope.	NO_CHANGE_AUTHORIZED	supplement		00_nucleo/diagnosticos/p1322-sentinels-normal.json#p1307.toml.value.None
p1307.yaml.value.None	p1307.yaml.value.None	default,html,a11y,html+a11y	default:MATCH_VALUE;html:MATCH_VALUE;a11y:MATCH_VALUE;html+a11y:MATCH_VALUE	default:Preserved;html:Preserved;a11y:Preserved;html+a11y:Preserved	CLOSED_MEASURED_FUNCTIONAL_SENTINEL				yaml.encode(none)	Only this complete bilateral assertion/projection is closed; historical expected preservation is distinct from parity.	Equal complete language observation on same literal source/profile refutes this divergence; a different required owner refutes proposed causal scope.	NO_CHANGE_AUTHORIZED	supplement		00_nucleo/diagnosticos/p1322-sentinels-normal.json#p1307.yaml.value.None
p1307.construct.Bool	p1307.construct.Bool	default,html,a11y,html+a11y	default:MATCH_VALUE;html:MATCH_VALUE;a11y:MATCH_VALUE;html+a11y:MATCH_VALUE	default:Preserved;html:Preserved;a11y:Preserved;html+a11y:Preserved	CLOSED_MEASURED_FUNCTIONAL_SENTINEL				(repr(type(true)), repr(true))	Only this complete bilateral assertion/projection is closed; historical expected preservation is distinct from parity.	Equal complete language observation on same literal source/profile refutes this divergence; a different required owner refutes proposed causal scope.	NO_CHANGE_AUTHORIZED	supplement		00_nucleo/diagnosticos/p1322-sentinels-normal.json#p1307.construct.Bool
p1307.json.value.Bool	p1307.json.value.Bool	default,html,a11y,html+a11y	default:MATCH_VALUE;html:MATCH_VALUE;a11y:MATCH_VALUE;html+a11y:MATCH_VALUE	default:Preserved;html:Preserved;a11y:Preserved;html+a11y:Preserved	CLOSED_MEASURED_FUNCTIONAL_SENTINEL				json.encode(true)	Only this complete bilateral assertion/projection is closed; historical expected preservation is distinct from parity.	Equal complete language observation on same literal source/profile refutes this divergence; a different required owner refutes proposed causal scope.	NO_CHANGE_AUTHORIZED	supplement		00_nucleo/diagnosticos/p1322-sentinels-normal.json#p1307.json.value.Bool
p1307.toml.value.Bool	p1307.toml.value.Bool	default,html,a11y,html+a11y	default:MATCH_VALUE;html:MATCH_VALUE;a11y:MATCH_VALUE;html+a11y:MATCH_VALUE	default:Preserved;html:Preserved;a11y:Preserved;html+a11y:Preserved	CLOSED_MEASURED_FUNCTIONAL_SENTINEL				toml.encode((value: true))	Only this complete bilateral assertion/projection is closed; historical expected preservation is distinct from parity.	Equal complete language observation on same literal source/profile refutes this divergence; a different required owner refutes proposed causal scope.	NO_CHANGE_AUTHORIZED	supplement		00_nucleo/diagnosticos/p1322-sentinels-normal.json#p1307.toml.value.Bool
p1307.yaml.value.Bool	p1307.yaml.value.Bool	default,html,a11y,html+a11y	default:MATCH_VALUE;html:MATCH_VALUE;a11y:MATCH_VALUE;html+a11y:MATCH_VALUE	default:Preserved;html:Preserved;a11y:Preserved;html+a11y:Preserved	CLOSED_MEASURED_FUNCTIONAL_SENTINEL				yaml.encode(true)	Only this complete bilateral assertion/projection is closed; historical expected preservation is distinct from parity.	Equal complete language observation on same literal source/profile refutes this divergence; a different required owner refutes proposed causal scope.	NO_CHANGE_AUTHORIZED	supplement		00_nucleo/diagnosticos/p1322-sentinels-normal.json#p1307.yaml.value.Bool
p1307.construct.Int	p1307.construct.Int	default,html,a11y,html+a11y	default:MATCH_VALUE;html:MATCH_VALUE;a11y:MATCH_VALUE;html+a11y:MATCH_VALUE	default:Preserved;html:Preserved;a11y:Preserved;html+a11y:Preserved	CLOSED_MEASURED_FUNCTIONAL_SENTINEL				(repr(type(42)), repr(42))	Only this complete bilateral assertion/projection is closed; historical expected preservation is distinct from parity.	Equal complete language observation on same literal source/profile refutes this divergence; a different required owner refutes proposed causal scope.	NO_CHANGE_AUTHORIZED	supplement		00_nucleo/diagnosticos/p1322-sentinels-normal.json#p1307.construct.Int
p1307.json.value.Int	p1307.json.value.Int	default,html,a11y,html+a11y	default:MATCH_VALUE;html:MATCH_VALUE;a11y:MATCH_VALUE;html+a11y:MATCH_VALUE	default:Preserved;html:Preserved;a11y:Preserved;html+a11y:Preserved	CLOSED_MEASURED_FUNCTIONAL_SENTINEL				json.encode(42)	Only this complete bilateral assertion/projection is closed; historical expected preservation is distinct from parity.	Equal complete language observation on same literal source/profile refutes this divergence; a different required owner refutes proposed causal scope.	NO_CHANGE_AUTHORIZED	supplement		00_nucleo/diagnosticos/p1322-sentinels-normal.json#p1307.json.value.Int
p1307.toml.value.Int	p1307.toml.value.Int	default,html,a11y,html+a11y	default:MATCH_VALUE;html:MATCH_VALUE;a11y:MATCH_VALUE;html+a11y:MATCH_VALUE	default:Preserved;html:Preserved;a11y:Preserved;html+a11y:Preserved	CLOSED_MEASURED_FUNCTIONAL_SENTINEL				toml.encode((value: 42))	Only this complete bilateral assertion/projection is closed; historical expected preservation is distinct from parity.	Equal complete language observation on same literal source/profile refutes this divergence; a different required owner refutes proposed causal scope.	NO_CHANGE_AUTHORIZED	supplement		00_nucleo/diagnosticos/p1322-sentinels-normal.json#p1307.toml.value.Int
p1307.yaml.value.Int	p1307.yaml.value.Int	default,html,a11y,html+a11y	default:MATCH_VALUE;html:MATCH_VALUE;a11y:MATCH_VALUE;html+a11y:MATCH_VALUE	default:Preserved;html:Preserved;a11y:Preserved;html+a11y:Preserved	CLOSED_MEASURED_FUNCTIONAL_SENTINEL				yaml.encode(42)	Only this complete bilateral assertion/projection is closed; historical expected preservation is distinct from parity.	Equal complete language observation on same literal source/profile refutes this divergence; a different required owner refutes proposed causal scope.	NO_CHANGE_AUTHORIZED	supplement		00_nucleo/diagnosticos/p1322-sentinels-normal.json#p1307.yaml.value.Int
p1307.construct.Float	p1307.construct.Float	default,html,a11y,html+a11y	default:MATCH_VALUE;html:MATCH_VALUE;a11y:MATCH_VALUE;html+a11y:MATCH_VALUE	default:Preserved;html:Preserved;a11y:Preserved;html+a11y:Preserved	CLOSED_MEASURED_FUNCTIONAL_SENTINEL				(repr(type(1.25)), repr(1.25))	Only this complete bilateral assertion/projection is closed; historical expected preservation is distinct from parity.	Equal complete language observation on same literal source/profile refutes this divergence; a different required owner refutes proposed causal scope.	NO_CHANGE_AUTHORIZED	supplement		00_nucleo/diagnosticos/p1322-sentinels-normal.json#p1307.construct.Float
p1307.json.value.Float	p1307.json.value.Float	default,html,a11y,html+a11y	default:MATCH_VALUE;html:MATCH_VALUE;a11y:MATCH_VALUE;html+a11y:MATCH_VALUE	default:Preserved;html:Preserved;a11y:Preserved;html+a11y:Preserved	CLOSED_MEASURED_FUNCTIONAL_SENTINEL				json.encode(1.25)	Only this complete bilateral assertion/projection is closed; historical expected preservation is distinct from parity.	Equal complete language observation on same literal source/profile refutes this divergence; a different required owner refutes proposed causal scope.	NO_CHANGE_AUTHORIZED	supplement		00_nucleo/diagnosticos/p1322-sentinels-normal.json#p1307.json.value.Float
p1307.toml.value.Float	p1307.toml.value.Float	default,html,a11y,html+a11y	default:MATCH_VALUE;html:MATCH_VALUE;a11y:MATCH_VALUE;html+a11y:MATCH_VALUE	default:Preserved;html:Preserved;a11y:Preserved;html+a11y:Preserved	CLOSED_MEASURED_FUNCTIONAL_SENTINEL				toml.encode((value: 1.25))	Only this complete bilateral assertion/projection is closed; historical expected preservation is distinct from parity.	Equal complete language observation on same literal source/profile refutes this divergence; a different required owner refutes proposed causal scope.	NO_CHANGE_AUTHORIZED	supplement		00_nucleo/diagnosticos/p1322-sentinels-normal.json#p1307.toml.value.Float
p1307.yaml.value.Float	p1307.yaml.value.Float	default,html,a11y,html+a11y	default:MATCH_VALUE;html:MATCH_VALUE;a11y:MATCH_VALUE;html+a11y:MATCH_VALUE	default:Preserved;html:Preserved;a11y:Preserved;html+a11y:Preserved	CLOSED_MEASURED_FUNCTIONAL_SENTINEL				yaml.encode(1.25)	Only this complete bilateral assertion/projection is closed; historical expected preservation is distinct from parity.	Equal complete language observation on same literal source/profile refutes this divergence; a different required owner refutes proposed causal scope.	NO_CHANGE_AUTHORIZED	supplement		00_nucleo/diagnosticos/p1322-sentinels-normal.json#p1307.yaml.value.Float
p1307.construct.Str	p1307.construct.Str	default,html,a11y,html+a11y	default:MATCH_VALUE;html:MATCH_VALUE;a11y:MATCH_VALUE;html+a11y:MATCH_VALUE	default:Preserved;html:Preserved;a11y:Preserved;html+a11y:Preserved	CLOSED_MEASURED_FUNCTIONAL_SENTINEL				(repr(type("text")), repr("text"))	Only this complete bilateral assertion/projection is closed; historical expected preservation is distinct from parity.	Equal complete language observation on same literal source/profile refutes this divergence; a different required owner refutes proposed causal scope.	NO_CHANGE_AUTHORIZED	supplement		00_nucleo/diagnosticos/p1322-sentinels-normal.json#p1307.construct.Str
p1307.json.value.Str	p1307.json.value.Str	default,html,a11y,html+a11y	default:MATCH_VALUE;html:MATCH_VALUE;a11y:MATCH_VALUE;html+a11y:MATCH_VALUE	default:Preserved;html:Preserved;a11y:Preserved;html+a11y:Preserved	CLOSED_MEASURED_FUNCTIONAL_SENTINEL				json.encode("text")	Only this complete bilateral assertion/projection is closed; historical expected preservation is distinct from parity.	Equal complete language observation on same literal source/profile refutes this divergence; a different required owner refutes proposed causal scope.	NO_CHANGE_AUTHORIZED	supplement		00_nucleo/diagnosticos/p1322-sentinels-normal.json#p1307.json.value.Str
p1307.toml.value.Str	p1307.toml.value.Str	default,html,a11y,html+a11y	default:MATCH_VALUE;html:MATCH_VALUE;a11y:MATCH_VALUE;html+a11y:MATCH_VALUE	default:Preserved;html:Preserved;a11y:Preserved;html+a11y:Preserved	CLOSED_MEASURED_FUNCTIONAL_SENTINEL				toml.encode((value: "text"))	Only this complete bilateral assertion/projection is closed; historical expected preservation is distinct from parity.	Equal complete language observation on same literal source/profile refutes this divergence; a different required owner refutes proposed causal scope.	NO_CHANGE_AUTHORIZED	supplement		00_nucleo/diagnosticos/p1322-sentinels-normal.json#p1307.toml.value.Str
p1307.yaml.value.Str	p1307.yaml.value.Str	default,html,a11y,html+a11y	default:MATCH_VALUE;html:MATCH_VALUE;a11y:MATCH_VALUE;html+a11y:MATCH_VALUE	default:Preserved;html:Preserved;a11y:Preserved;html+a11y:Preserved	CLOSED_MEASURED_FUNCTIONAL_SENTINEL				yaml.encode("text")	Only this complete bilateral assertion/projection is closed; historical expected preservation is distinct from parity.	Equal complete language observation on same literal source/profile refutes this divergence; a different required owner refutes proposed causal scope.	NO_CHANGE_AUTHORIZED	supplement		00_nucleo/diagnosticos/p1322-sentinels-normal.json#p1307.yaml.value.Str
p1307.construct.Array	p1307.construct.Array	default,html,a11y,html+a11y	default:MATCH_VALUE;html:MATCH_VALUE;a11y:MATCH_VALUE;html+a11y:MATCH_VALUE	default:Preserved;html:Preserved;a11y:Preserved;html+a11y:Preserved	CLOSED_MEASURED_FUNCTIONAL_SENTINEL				(repr(type((1, false, (2, 3)))), repr((1, false, (2, 3))))	Only this complete bilateral assertion/projection is closed; historical expected preservation is distinct from parity.	Equal complete language observation on same literal source/profile refutes this divergence; a different required owner refutes proposed causal scope.	NO_CHANGE_AUTHORIZED	supplement		00_nucleo/diagnosticos/p1322-sentinels-normal.json#p1307.construct.Array
p1307.json.value.Array	p1307.json.value.Array	default,html,a11y,html+a11y	default:MATCH_VALUE;html:MATCH_VALUE;a11y:MATCH_VALUE;html+a11y:MATCH_VALUE	default:Preserved;html:Preserved;a11y:Preserved;html+a11y:Preserved	CLOSED_MEASURED_FUNCTIONAL_SENTINEL				json.encode((1, false, (2, 3)))	Only this complete bilateral assertion/projection is closed; historical expected preservation is distinct from parity.	Equal complete language observation on same literal source/profile refutes this divergence; a different required owner refutes proposed causal scope.	NO_CHANGE_AUTHORIZED	supplement		00_nucleo/diagnosticos/p1322-sentinels-normal.json#p1307.json.value.Array
p1307.toml.value.Array	p1307.toml.value.Array	default,html,a11y,html+a11y	default:MATCH_VALUE;html:MATCH_VALUE;a11y:MATCH_VALUE;html+a11y:MATCH_VALUE	default:Preserved;html:Preserved;a11y:Preserved;html+a11y:Preserved	CLOSED_MEASURED_FUNCTIONAL_SENTINEL				toml.encode((value: (1, false, (2, 3))))	Only this complete bilateral assertion/projection is closed; historical expected preservation is distinct from parity.	Equal complete language observation on same literal source/profile refutes this divergence; a different required owner refutes proposed causal scope.	NO_CHANGE_AUTHORIZED	supplement		00_nucleo/diagnosticos/p1322-sentinels-normal.json#p1307.toml.value.Array
p1307.yaml.value.Array	p1307.yaml.value.Array	default,html,a11y,html+a11y	default:MATCH_VALUE;html:MATCH_VALUE;a11y:MATCH_VALUE;html+a11y:MATCH_VALUE	default:Preserved;html:Preserved;a11y:Preserved;html+a11y:Preserved	CLOSED_MEASURED_FUNCTIONAL_SENTINEL				yaml.encode((1, false, (2, 3)))	Only this complete bilateral assertion/projection is closed; historical expected preservation is distinct from parity.	Equal complete language observation on same literal source/profile refutes this divergence; a different required owner refutes proposed causal scope.	NO_CHANGE_AUTHORIZED	supplement		00_nucleo/diagnosticos/p1322-sentinels-normal.json#p1307.yaml.value.Array
p1307.construct.Dict	p1307.construct.Dict	default,html,a11y,html+a11y	default:MATCH_VALUE;html:MATCH_VALUE;a11y:MATCH_VALUE;html+a11y:MATCH_VALUE	default:Preserved;html:Preserved;a11y:Preserved;html+a11y:Preserved	CLOSED_MEASURED_FUNCTIONAL_SENTINEL				(repr(type((z: 1, a: 2))), repr((z: 1, a: 2)))	Only this complete bilateral assertion/projection is closed; historical expected preservation is distinct from parity.	Equal complete language observation on same literal source/profile refutes this divergence; a different required owner refutes proposed causal scope.	NO_CHANGE_AUTHORIZED	supplement		00_nucleo/diagnosticos/p1322-sentinels-normal.json#p1307.construct.Dict
p1307.json.value.Dict	p1307.json.value.Dict	default,html,a11y,html+a11y	default:MATCH_VALUE;html:MATCH_VALUE;a11y:MATCH_VALUE;html+a11y:MATCH_VALUE	default:Preserved;html:Preserved;a11y:Preserved;html+a11y:Preserved	CLOSED_MEASURED_FUNCTIONAL_SENTINEL				json.encode((z: 1, a: 2))	Only this complete bilateral assertion/projection is closed; historical expected preservation is distinct from parity.	Equal complete language observation on same literal source/profile refutes this divergence; a different required owner refutes proposed causal scope.	NO_CHANGE_AUTHORIZED	supplement		00_nucleo/diagnosticos/p1322-sentinels-normal.json#p1307.json.value.Dict
p1307.toml.value.Dict	p1307.toml.value.Dict	default,html,a11y,html+a11y	default:MATCH_VALUE;html:MATCH_VALUE;a11y:MATCH_VALUE;html+a11y:MATCH_VALUE	default:Preserved;html:Preserved;a11y:Preserved;html+a11y:Preserved	CLOSED_MEASURED_FUNCTIONAL_SENTINEL				toml.encode((value: (z: 1, a: 2)))	Only this complete bilateral assertion/projection is closed; historical expected preservation is distinct from parity.	Equal complete language observation on same literal source/profile refutes this divergence; a different required owner refutes proposed causal scope.	NO_CHANGE_AUTHORIZED	supplement		00_nucleo/diagnosticos/p1322-sentinels-normal.json#p1307.toml.value.Dict
p1307.yaml.value.Dict	p1307.yaml.value.Dict	default,html,a11y,html+a11y	default:MATCH_VALUE;html:MATCH_VALUE;a11y:MATCH_VALUE;html+a11y:MATCH_VALUE	default:Preserved;html:Preserved;a11y:Preserved;html+a11y:Preserved	CLOSED_MEASURED_FUNCTIONAL_SENTINEL				yaml.encode((z: 1, a: 2))	Only this complete bilateral assertion/projection is closed; historical expected preservation is distinct from parity.	Equal complete language observation on same literal source/profile refutes this divergence; a different required owner refutes proposed causal scope.	NO_CHANGE_AUTHORIZED	supplement		00_nucleo/diagnosticos/p1322-sentinels-normal.json#p1307.yaml.value.Dict
p1307.construct.Module	p1307.construct.Module	default,html,a11y,html+a11y	default:MATCH_VALUE;html:MATCH_VALUE;a11y:MATCH_VALUE;html+a11y:MATCH_VALUE	default:Preserved;html:Preserved;a11y:Preserved;html+a11y:Preserved	CLOSED_MEASURED_FUNCTIONAL_SENTINEL				(repr(type(calc)), repr(calc))	Only this complete bilateral assertion/projection is closed; historical expected preservation is distinct from parity.	Equal complete language observation on same literal source/profile refutes this divergence; a different required owner refutes proposed causal scope.	NO_CHANGE_AUTHORIZED	supplement		00_nucleo/diagnosticos/p1322-sentinels-normal.json#p1307.construct.Module
p1307.json.value.Module	p1307.json.value.Module	default,html,a11y,html+a11y	default:MATCH_VALUE;html:MATCH_VALUE;a11y:MATCH_VALUE;html+a11y:MATCH_VALUE	default:Preserved;html:Preserved;a11y:Preserved;html+a11y:Preserved	CLOSED_MEASURED_FUNCTIONAL_SENTINEL				json.encode(calc)	Only this complete bilateral assertion/projection is closed; historical expected preservation is distinct from parity.	Equal complete language observation on same literal source/profile refutes this divergence; a different required owner refutes proposed causal scope.	NO_CHANGE_AUTHORIZED	supplement		00_nucleo/diagnosticos/p1322-sentinels-normal.json#p1307.json.value.Module
p1307.toml.value.Module	p1307.toml.value.Module	default,html,a11y,html+a11y	default:MATCH_VALUE;html:MATCH_VALUE;a11y:MATCH_VALUE;html+a11y:MATCH_VALUE	default:Preserved;html:Preserved;a11y:Preserved;html+a11y:Preserved	CLOSED_MEASURED_FUNCTIONAL_SENTINEL				toml.encode((value: calc))	Only this complete bilateral assertion/projection is closed; historical expected preservation is distinct from parity.	Equal complete language observation on same literal source/profile refutes this divergence; a different required owner refutes proposed causal scope.	NO_CHANGE_AUTHORIZED	supplement		00_nucleo/diagnosticos/p1322-sentinels-normal.json#p1307.toml.value.Module
p1307.yaml.value.Module	p1307.yaml.value.Module	default,html,a11y,html+a11y	default:MATCH_VALUE;html:MATCH_VALUE;a11y:MATCH_VALUE;html+a11y:MATCH_VALUE	default:Preserved;html:Preserved;a11y:Preserved;html+a11y:Preserved	CLOSED_MEASURED_FUNCTIONAL_SENTINEL				yaml.encode(calc)	Only this complete bilateral assertion/projection is closed; historical expected preservation is distinct from parity.	Equal complete language observation on same literal source/profile refutes this divergence; a different required owner refutes proposed causal scope.	NO_CHANGE_AUTHORIZED	supplement		00_nucleo/diagnosticos/p1322-sentinels-normal.json#p1307.yaml.value.Module
p1307.construct.Datetime	p1307.construct.Datetime	default,html,a11y,html+a11y	default:MATCH_VALUE;html:MATCH_VALUE;a11y:MATCH_VALUE;html+a11y:MATCH_VALUE	default:Preserved;html:Preserved;a11y:Preserved;html+a11y:Preserved	CLOSED_MEASURED_FUNCTIONAL_SENTINEL				(repr(type(datetime(year: 2024, month: 2, day: 29))), repr(datetime(year: 2024, month: 2, day: 29)))	Only this complete bilateral assertion/projection is closed; historical expected preservation is distinct from parity.	Equal complete language observation on same literal source/profile refutes this divergence; a different required owner refutes proposed causal scope.	NO_CHANGE_AUTHORIZED	supplement		00_nucleo/diagnosticos/p1322-sentinels-normal.json#p1307.construct.Datetime
p1307.json.value.Datetime	p1307.json.value.Datetime	default,html,a11y,html+a11y	default:MATCH_VALUE;html:MATCH_VALUE;a11y:MATCH_VALUE;html+a11y:MATCH_VALUE	default:Preserved;html:Preserved;a11y:Preserved;html+a11y:Preserved	CLOSED_MEASURED_FUNCTIONAL_SENTINEL				json.encode(datetime(year: 2024, month: 2, day: 29))	Only this complete bilateral assertion/projection is closed; historical expected preservation is distinct from parity.	Equal complete language observation on same literal source/profile refutes this divergence; a different required owner refutes proposed causal scope.	NO_CHANGE_AUTHORIZED	supplement		00_nucleo/diagnosticos/p1322-sentinels-normal.json#p1307.json.value.Datetime
p1307.toml.value.Datetime	p1307.toml.value.Datetime	default,html,a11y,html+a11y	default:MATCH_VALUE;html:MATCH_VALUE;a11y:MATCH_VALUE;html+a11y:MATCH_VALUE	default:Preserved;html:Preserved;a11y:Preserved;html+a11y:Preserved	CLOSED_MEASURED_FUNCTIONAL_SENTINEL				toml.encode((value: datetime(year: 2024, month: 2, day: 29)))	Only this complete bilateral assertion/projection is closed; historical expected preservation is distinct from parity.	Equal complete language observation on same literal source/profile refutes this divergence; a different required owner refutes proposed causal scope.	NO_CHANGE_AUTHORIZED	supplement		00_nucleo/diagnosticos/p1322-sentinels-normal.json#p1307.toml.value.Datetime
p1307.yaml.value.Datetime	p1307.yaml.value.Datetime	default,html,a11y,html+a11y	default:MATCH_VALUE;html:MATCH_VALUE;a11y:MATCH_VALUE;html+a11y:MATCH_VALUE	default:Preserved;html:Preserved;a11y:Preserved;html+a11y:Preserved	CLOSED_MEASURED_FUNCTIONAL_SENTINEL				yaml.encode(datetime(year: 2024, month: 2, day: 29))	Only this complete bilateral assertion/projection is closed; historical expected preservation is distinct from parity.	Equal complete language observation on same literal source/profile refutes this divergence; a different required owner refutes proposed causal scope.	NO_CHANGE_AUTHORIZED	supplement		00_nucleo/diagnosticos/p1322-sentinels-normal.json#p1307.yaml.value.Datetime
p1307.construct.Func	p1307.construct.Func	default,html,a11y,html+a11y	default:MATCH_VALUE;html:MATCH_VALUE;a11y:MATCH_VALUE;html+a11y:MATCH_VALUE	default:Preserved;html:Preserved;a11y:Preserved;html+a11y:Preserved	CLOSED_MEASURED_FUNCTIONAL_SENTINEL				(repr(type((x => x))), repr((x => x)))	Only this complete bilateral assertion/projection is closed; historical expected preservation is distinct from parity.	Equal complete language observation on same literal source/profile refutes this divergence; a different required owner refutes proposed causal scope.	NO_CHANGE_AUTHORIZED	supplement		00_nucleo/diagnosticos/p1322-sentinels-normal.json#p1307.construct.Func
p1307.json.value.Func	p1307.json.value.Func	default,html,a11y,html+a11y	default:MATCH_VALUE;html:MATCH_VALUE;a11y:MATCH_VALUE;html+a11y:MATCH_VALUE	default:Preserved;html:Preserved;a11y:Preserved;html+a11y:Preserved	CLOSED_MEASURED_FUNCTIONAL_SENTINEL				json.encode((x => x))	Only this complete bilateral assertion/projection is closed; historical expected preservation is distinct from parity.	Equal complete language observation on same literal source/profile refutes this divergence; a different required owner refutes proposed causal scope.	NO_CHANGE_AUTHORIZED	supplement		00_nucleo/diagnosticos/p1322-sentinels-normal.json#p1307.json.value.Func
p1307.toml.value.Func	p1307.toml.value.Func	default,html,a11y,html+a11y	default:MATCH_VALUE;html:MATCH_VALUE;a11y:MATCH_VALUE;html+a11y:MATCH_VALUE	default:Preserved;html:Preserved;a11y:Preserved;html+a11y:Preserved	CLOSED_MEASURED_FUNCTIONAL_SENTINEL				toml.encode((value: (x => x)))	Only this complete bilateral assertion/projection is closed; historical expected preservation is distinct from parity.	Equal complete language observation on same literal source/profile refutes this divergence; a different required owner refutes proposed causal scope.	NO_CHANGE_AUTHORIZED	supplement		00_nucleo/diagnosticos/p1322-sentinels-normal.json#p1307.toml.value.Func
p1307.yaml.value.Func	p1307.yaml.value.Func	default,html,a11y,html+a11y	default:MATCH_VALUE;html:MATCH_VALUE;a11y:MATCH_VALUE;html+a11y:MATCH_VALUE	default:Preserved;html:Preserved;a11y:Preserved;html+a11y:Preserved	CLOSED_MEASURED_FUNCTIONAL_SENTINEL				yaml.encode((x => x))	Only this complete bilateral assertion/projection is closed; historical expected preservation is distinct from parity.	Equal complete language observation on same literal source/profile refutes this divergence; a different required owner refutes proposed causal scope.	NO_CHANGE_AUTHORIZED	supplement		00_nucleo/diagnosticos/p1322-sentinels-normal.json#p1307.yaml.value.Func
p1307.construct.Content	p1307.construct.Content	default,html,a11y,html+a11y	default:MATCH_VALUE;html:MATCH_VALUE;a11y:MATCH_VALUE;html+a11y:MATCH_VALUE	default:Preserved;html:Preserved;a11y:Preserved;html+a11y:Preserved	CLOSED_MEASURED_FUNCTIONAL_SENTINEL				(repr(type([hi])), repr([hi]))	Only this complete bilateral assertion/projection is closed; historical expected preservation is distinct from parity.	Equal complete language observation on same literal source/profile refutes this divergence; a different required owner refutes proposed causal scope.	NO_CHANGE_AUTHORIZED	supplement		00_nucleo/diagnosticos/p1322-sentinels-normal.json#p1307.construct.Content
p1307.json.value.Content	p1307.json.value.Content	default,html,a11y,html+a11y	default:MATCH_VALUE;html:MATCH_VALUE;a11y:MATCH_VALUE;html+a11y:MATCH_VALUE	default:Preserved;html:Preserved;a11y:Preserved;html+a11y:Preserved	CLOSED_MEASURED_FUNCTIONAL_SENTINEL				json.encode([hi])	Only this complete bilateral assertion/projection is closed; historical expected preservation is distinct from parity.	Equal complete language observation on same literal source/profile refutes this divergence; a different required owner refutes proposed causal scope.	NO_CHANGE_AUTHORIZED	supplement		00_nucleo/diagnosticos/p1322-sentinels-normal.json#p1307.json.value.Content
p1307.toml.value.Content	p1307.toml.value.Content	default,html,a11y,html+a11y	default:MATCH_VALUE;html:MATCH_VALUE;a11y:MATCH_VALUE;html+a11y:MATCH_VALUE	default:Preserved;html:Preserved;a11y:Preserved;html+a11y:Preserved	CLOSED_MEASURED_FUNCTIONAL_SENTINEL				toml.encode((value: [hi]))	Only this complete bilateral assertion/projection is closed; historical expected preservation is distinct from parity.	Equal complete language observation on same literal source/profile refutes this divergence; a different required owner refutes proposed causal scope.	NO_CHANGE_AUTHORIZED	supplement		00_nucleo/diagnosticos/p1322-sentinels-normal.json#p1307.toml.value.Content
p1307.yaml.value.Content	p1307.yaml.value.Content	default,html,a11y,html+a11y	default:MATCH_VALUE;html:MATCH_VALUE;a11y:MATCH_VALUE;html+a11y:MATCH_VALUE	default:Preserved;html:Preserved;a11y:Preserved;html+a11y:Preserved	CLOSED_MEASURED_FUNCTIONAL_SENTINEL				yaml.encode([hi])	Only this complete bilateral assertion/projection is closed; historical expected preservation is distinct from parity.	Equal complete language observation on same literal source/profile refutes this divergence; a different required owner refutes proposed causal scope.	NO_CHANGE_AUTHORIZED	supplement		00_nucleo/diagnosticos/p1322-sentinels-normal.json#p1307.yaml.value.Content
p1307.construct.Auto	p1307.construct.Auto	default,html,a11y,html+a11y	default:MATCH_VALUE;html:MATCH_VALUE;a11y:MATCH_VALUE;html+a11y:MATCH_VALUE	default:Preserved;html:Preserved;a11y:Preserved;html+a11y:Preserved	CLOSED_MEASURED_FUNCTIONAL_SENTINEL				(repr(type(auto)), repr(auto))	Only this complete bilateral assertion/projection is closed; historical expected preservation is distinct from parity.	Equal complete language observation on same literal source/profile refutes this divergence; a different required owner refutes proposed causal scope.	NO_CHANGE_AUTHORIZED	supplement		00_nucleo/diagnosticos/p1322-sentinels-normal.json#p1307.construct.Auto
p1307.json.value.Auto	p1307.json.value.Auto	default,html,a11y,html+a11y	default:MATCH_VALUE;html:MATCH_VALUE;a11y:MATCH_VALUE;html+a11y:MATCH_VALUE	default:Preserved;html:Preserved;a11y:Preserved;html+a11y:Preserved	CLOSED_MEASURED_FUNCTIONAL_SENTINEL				json.encode(auto)	Only this complete bilateral assertion/projection is closed; historical expected preservation is distinct from parity.	Equal complete language observation on same literal source/profile refutes this divergence; a different required owner refutes proposed causal scope.	NO_CHANGE_AUTHORIZED	supplement		00_nucleo/diagnosticos/p1322-sentinels-normal.json#p1307.json.value.Auto
p1307.toml.value.Auto	p1307.toml.value.Auto	default,html,a11y,html+a11y	default:MATCH_VALUE;html:MATCH_VALUE;a11y:MATCH_VALUE;html+a11y:MATCH_VALUE	default:Preserved;html:Preserved;a11y:Preserved;html+a11y:Preserved	CLOSED_MEASURED_FUNCTIONAL_SENTINEL				toml.encode((value: auto))	Only this complete bilateral assertion/projection is closed; historical expected preservation is distinct from parity.	Equal complete language observation on same literal source/profile refutes this divergence; a different required owner refutes proposed causal scope.	NO_CHANGE_AUTHORIZED	supplement		00_nucleo/diagnosticos/p1322-sentinels-normal.json#p1307.toml.value.Auto
p1307.yaml.value.Auto	p1307.yaml.value.Auto	default,html,a11y,html+a11y	default:MATCH_VALUE;html:MATCH_VALUE;a11y:MATCH_VALUE;html+a11y:MATCH_VALUE	default:Preserved;html:Preserved;a11y:Preserved;html+a11y:Preserved	CLOSED_MEASURED_FUNCTIONAL_SENTINEL				yaml.encode(auto)	Only this complete bilateral assertion/projection is closed; historical expected preservation is distinct from parity.	Equal complete language observation on same literal source/profile refutes this divergence; a different required owner refutes proposed causal scope.	NO_CHANGE_AUTHORIZED	supplement		00_nucleo/diagnosticos/p1322-sentinels-normal.json#p1307.yaml.value.Auto
p1307.construct.Length	p1307.construct.Length	default,html,a11y,html+a11y	default:MATCH_VALUE;html:MATCH_VALUE;a11y:MATCH_VALUE;html+a11y:MATCH_VALUE	default:Preserved;html:Preserved;a11y:Preserved;html+a11y:Preserved	CLOSED_MEASURED_FUNCTIONAL_SENTINEL				(repr(type(2pt)), repr(2pt))	Only this complete bilateral assertion/projection is closed; historical expected preservation is distinct from parity.	Equal complete language observation on same literal source/profile refutes this divergence; a different required owner refutes proposed causal scope.	NO_CHANGE_AUTHORIZED	supplement		00_nucleo/diagnosticos/p1322-sentinels-normal.json#p1307.construct.Length
p1307.json.value.Length	p1307.json.value.Length	default,html,a11y,html+a11y	default:MATCH_VALUE;html:MATCH_VALUE;a11y:MATCH_VALUE;html+a11y:MATCH_VALUE	default:Preserved;html:Preserved;a11y:Preserved;html+a11y:Preserved	CLOSED_MEASURED_FUNCTIONAL_SENTINEL				json.encode(2pt)	Only this complete bilateral assertion/projection is closed; historical expected preservation is distinct from parity.	Equal complete language observation on same literal source/profile refutes this divergence; a different required owner refutes proposed causal scope.	NO_CHANGE_AUTHORIZED	supplement		00_nucleo/diagnosticos/p1322-sentinels-normal.json#p1307.json.value.Length
p1307.toml.value.Length	p1307.toml.value.Length	default,html,a11y,html+a11y	default:MATCH_VALUE;html:MATCH_VALUE;a11y:MATCH_VALUE;html+a11y:MATCH_VALUE	default:Preserved;html:Preserved;a11y:Preserved;html+a11y:Preserved	CLOSED_MEASURED_FUNCTIONAL_SENTINEL				toml.encode((value: 2pt))	Only this complete bilateral assertion/projection is closed; historical expected preservation is distinct from parity.	Equal complete language observation on same literal source/profile refutes this divergence; a different required owner refutes proposed causal scope.	NO_CHANGE_AUTHORIZED	supplement		00_nucleo/diagnosticos/p1322-sentinels-normal.json#p1307.toml.value.Length
p1307.yaml.value.Length	p1307.yaml.value.Length	default,html,a11y,html+a11y	default:MATCH_VALUE;html:MATCH_VALUE;a11y:MATCH_VALUE;html+a11y:MATCH_VALUE	default:Preserved;html:Preserved;a11y:Preserved;html+a11y:Preserved	CLOSED_MEASURED_FUNCTIONAL_SENTINEL				yaml.encode(2pt)	Only this complete bilateral assertion/projection is closed; historical expected preservation is distinct from parity.	Equal complete language observation on same literal source/profile refutes this divergence; a different required owner refutes proposed causal scope.	NO_CHANGE_AUTHORIZED	supplement		00_nucleo/diagnosticos/p1322-sentinels-normal.json#p1307.yaml.value.Length
p1307.construct.Relative	p1307.construct.Relative	default,html,a11y,html+a11y	default:MATCH_VALUE;html:MATCH_VALUE;a11y:MATCH_VALUE;html+a11y:MATCH_VALUE	default:Preserved;html:Preserved;a11y:Preserved;html+a11y:Preserved	CLOSED_MEASURED_FUNCTIONAL_SENTINEL				(repr(type(50% + 2pt)), repr(50% + 2pt))	Only this complete bilateral assertion/projection is closed; historical expected preservation is distinct from parity.	Equal complete language observation on same literal source/profile refutes this divergence; a different required owner refutes proposed causal scope.	NO_CHANGE_AUTHORIZED	supplement		00_nucleo/diagnosticos/p1322-sentinels-normal.json#p1307.construct.Relative
p1307.json.value.Relative	p1307.json.value.Relative	default,html,a11y,html+a11y	default:MATCH_VALUE;html:MATCH_VALUE;a11y:MATCH_VALUE;html+a11y:MATCH_VALUE	default:Preserved;html:Preserved;a11y:Preserved;html+a11y:Preserved	CLOSED_MEASURED_FUNCTIONAL_SENTINEL				json.encode(50% + 2pt)	Only this complete bilateral assertion/projection is closed; historical expected preservation is distinct from parity.	Equal complete language observation on same literal source/profile refutes this divergence; a different required owner refutes proposed causal scope.	NO_CHANGE_AUTHORIZED	supplement		00_nucleo/diagnosticos/p1322-sentinels-normal.json#p1307.json.value.Relative
p1307.toml.value.Relative	p1307.toml.value.Relative	default,html,a11y,html+a11y	default:MATCH_VALUE;html:MATCH_VALUE;a11y:MATCH_VALUE;html+a11y:MATCH_VALUE	default:Preserved;html:Preserved;a11y:Preserved;html+a11y:Preserved	CLOSED_MEASURED_FUNCTIONAL_SENTINEL				toml.encode((value: 50% + 2pt))	Only this complete bilateral assertion/projection is closed; historical expected preservation is distinct from parity.	Equal complete language observation on same literal source/profile refutes this divergence; a different required owner refutes proposed causal scope.	NO_CHANGE_AUTHORIZED	supplement		00_nucleo/diagnosticos/p1322-sentinels-normal.json#p1307.toml.value.Relative
p1307.yaml.value.Relative	p1307.yaml.value.Relative	default,html,a11y,html+a11y	default:MATCH_VALUE;html:MATCH_VALUE;a11y:MATCH_VALUE;html+a11y:MATCH_VALUE	default:Preserved;html:Preserved;a11y:Preserved;html+a11y:Preserved	CLOSED_MEASURED_FUNCTIONAL_SENTINEL				yaml.encode(50% + 2pt)	Only this complete bilateral assertion/projection is closed; historical expected preservation is distinct from parity.	Equal complete language observation on same literal source/profile refutes this divergence; a different required owner refutes proposed causal scope.	NO_CHANGE_AUTHORIZED	supplement		00_nucleo/diagnosticos/p1322-sentinels-normal.json#p1307.yaml.value.Relative
p1307.construct.Ratio	p1307.construct.Ratio	default,html,a11y,html+a11y	default:MATCH_VALUE;html:MATCH_VALUE;a11y:MATCH_VALUE;html+a11y:MATCH_VALUE	default:Preserved;html:Preserved;a11y:Preserved;html+a11y:Preserved	CLOSED_MEASURED_FUNCTIONAL_SENTINEL				(repr(type(25%)), repr(25%))	Only this complete bilateral assertion/projection is closed; historical expected preservation is distinct from parity.	Equal complete language observation on same literal source/profile refutes this divergence; a different required owner refutes proposed causal scope.	NO_CHANGE_AUTHORIZED	supplement		00_nucleo/diagnosticos/p1322-sentinels-normal.json#p1307.construct.Ratio
p1307.json.value.Ratio	p1307.json.value.Ratio	default,html,a11y,html+a11y	default:MATCH_VALUE;html:MATCH_VALUE;a11y:MATCH_VALUE;html+a11y:MATCH_VALUE	default:Preserved;html:Preserved;a11y:Preserved;html+a11y:Preserved	CLOSED_MEASURED_FUNCTIONAL_SENTINEL				json.encode(25%)	Only this complete bilateral assertion/projection is closed; historical expected preservation is distinct from parity.	Equal complete language observation on same literal source/profile refutes this divergence; a different required owner refutes proposed causal scope.	NO_CHANGE_AUTHORIZED	supplement		00_nucleo/diagnosticos/p1322-sentinels-normal.json#p1307.json.value.Ratio
p1307.toml.value.Ratio	p1307.toml.value.Ratio	default,html,a11y,html+a11y	default:MATCH_VALUE;html:MATCH_VALUE;a11y:MATCH_VALUE;html+a11y:MATCH_VALUE	default:Preserved;html:Preserved;a11y:Preserved;html+a11y:Preserved	CLOSED_MEASURED_FUNCTIONAL_SENTINEL				toml.encode((value: 25%))	Only this complete bilateral assertion/projection is closed; historical expected preservation is distinct from parity.	Equal complete language observation on same literal source/profile refutes this divergence; a different required owner refutes proposed causal scope.	NO_CHANGE_AUTHORIZED	supplement		00_nucleo/diagnosticos/p1322-sentinels-normal.json#p1307.toml.value.Ratio
p1307.yaml.value.Ratio	p1307.yaml.value.Ratio	default,html,a11y,html+a11y	default:MATCH_VALUE;html:MATCH_VALUE;a11y:MATCH_VALUE;html+a11y:MATCH_VALUE	default:Preserved;html:Preserved;a11y:Preserved;html+a11y:Preserved	CLOSED_MEASURED_FUNCTIONAL_SENTINEL				yaml.encode(25%)	Only this complete bilateral assertion/projection is closed; historical expected preservation is distinct from parity.	Equal complete language observation on same literal source/profile refutes this divergence; a different required owner refutes proposed causal scope.	NO_CHANGE_AUTHORIZED	supplement		00_nucleo/diagnosticos/p1322-sentinels-normal.json#p1307.yaml.value.Ratio
p1307.construct.Angle	p1307.construct.Angle	default,html,a11y,html+a11y	default:MATCH_VALUE;html:MATCH_VALUE;a11y:MATCH_VALUE;html+a11y:MATCH_VALUE	default:Preserved;html:Preserved;a11y:Preserved;html+a11y:Preserved	CLOSED_MEASURED_FUNCTIONAL_SENTINEL				(repr(type(90deg)), repr(90deg))	Only this complete bilateral assertion/projection is closed; historical expected preservation is distinct from parity.	Equal complete language observation on same literal source/profile refutes this divergence; a different required owner refutes proposed causal scope.	NO_CHANGE_AUTHORIZED	supplement		00_nucleo/diagnosticos/p1322-sentinels-normal.json#p1307.construct.Angle
p1307.json.value.Angle	p1307.json.value.Angle	default,html,a11y,html+a11y	default:MATCH_VALUE;html:MATCH_VALUE;a11y:MATCH_VALUE;html+a11y:MATCH_VALUE	default:Preserved;html:Preserved;a11y:Preserved;html+a11y:Preserved	CLOSED_MEASURED_FUNCTIONAL_SENTINEL				json.encode(90deg)	Only this complete bilateral assertion/projection is closed; historical expected preservation is distinct from parity.	Equal complete language observation on same literal source/profile refutes this divergence; a different required owner refutes proposed causal scope.	NO_CHANGE_AUTHORIZED	supplement		00_nucleo/diagnosticos/p1322-sentinels-normal.json#p1307.json.value.Angle
p1307.toml.value.Angle	p1307.toml.value.Angle	default,html,a11y,html+a11y	default:MATCH_VALUE;html:MATCH_VALUE;a11y:MATCH_VALUE;html+a11y:MATCH_VALUE	default:Preserved;html:Preserved;a11y:Preserved;html+a11y:Preserved	CLOSED_MEASURED_FUNCTIONAL_SENTINEL				toml.encode((value: 90deg))	Only this complete bilateral assertion/projection is closed; historical expected preservation is distinct from parity.	Equal complete language observation on same literal source/profile refutes this divergence; a different required owner refutes proposed causal scope.	NO_CHANGE_AUTHORIZED	supplement		00_nucleo/diagnosticos/p1322-sentinels-normal.json#p1307.toml.value.Angle
p1307.yaml.value.Angle	p1307.yaml.value.Angle	default,html,a11y,html+a11y	default:MATCH_VALUE;html:MATCH_VALUE;a11y:MATCH_VALUE;html+a11y:MATCH_VALUE	default:Preserved;html:Preserved;a11y:Preserved;html+a11y:Preserved	CLOSED_MEASURED_FUNCTIONAL_SENTINEL				yaml.encode(90deg)	Only this complete bilateral assertion/projection is closed; historical expected preservation is distinct from parity.	Equal complete language observation on same literal source/profile refutes this divergence; a different required owner refutes proposed causal scope.	NO_CHANGE_AUTHORIZED	supplement		00_nucleo/diagnosticos/p1322-sentinels-normal.json#p1307.yaml.value.Angle
p1307.construct.Color	p1307.construct.Color	default,html,a11y,html+a11y	default:MATCH_VALUE;html:MATCH_VALUE;a11y:MATCH_VALUE;html+a11y:MATCH_VALUE	default:Preserved;html:Preserved;a11y:Preserved;html+a11y:Preserved	CLOSED_MEASURED_FUNCTIONAL_SENTINEL				(repr(type(red)), repr(red))	Only this complete bilateral assertion/projection is closed; historical expected preservation is distinct from parity.	Equal complete language observation on same literal source/profile refutes this divergence; a different required owner refutes proposed causal scope.	NO_CHANGE_AUTHORIZED	supplement		00_nucleo/diagnosticos/p1322-sentinels-normal.json#p1307.construct.Color
p1307.json.value.Color	p1307.json.value.Color	default,html,a11y,html+a11y	default:MATCH_VALUE;html:MATCH_VALUE;a11y:MATCH_VALUE;html+a11y:MATCH_VALUE	default:Preserved;html:Preserved;a11y:Preserved;html+a11y:Preserved	CLOSED_MEASURED_FUNCTIONAL_SENTINEL				json.encode(red)	Only this complete bilateral assertion/projection is closed; historical expected preservation is distinct from parity.	Equal complete language observation on same literal source/profile refutes this divergence; a different required owner refutes proposed causal scope.	NO_CHANGE_AUTHORIZED	supplement		00_nucleo/diagnosticos/p1322-sentinels-normal.json#p1307.json.value.Color
p1307.toml.value.Color	p1307.toml.value.Color	default,html,a11y,html+a11y	default:MATCH_VALUE;html:MATCH_VALUE;a11y:MATCH_VALUE;html+a11y:MATCH_VALUE	default:Preserved;html:Preserved;a11y:Preserved;html+a11y:Preserved	CLOSED_MEASURED_FUNCTIONAL_SENTINEL				toml.encode((value: red))	Only this complete bilateral assertion/projection is closed; historical expected preservation is distinct from parity.	Equal complete language observation on same literal source/profile refutes this divergence; a different required owner refutes proposed causal scope.	NO_CHANGE_AUTHORIZED	supplement		00_nucleo/diagnosticos/p1322-sentinels-normal.json#p1307.toml.value.Color
p1307.yaml.value.Color	p1307.yaml.value.Color	default,html,a11y,html+a11y	default:MATCH_VALUE;html:MATCH_VALUE;a11y:MATCH_VALUE;html+a11y:MATCH_VALUE	default:Preserved;html:Preserved;a11y:Preserved;html+a11y:Preserved	CLOSED_MEASURED_FUNCTIONAL_SENTINEL				yaml.encode(red)	Only this complete bilateral assertion/projection is closed; historical expected preservation is distinct from parity.	Equal complete language observation on same literal source/profile refutes this divergence; a different required owner refutes proposed causal scope.	NO_CHANGE_AUTHORIZED	supplement		00_nucleo/diagnosticos/p1322-sentinels-normal.json#p1307.yaml.value.Color
p1307.construct.Stroke	p1307.construct.Stroke	default,html,a11y,html+a11y	default:MATCH_VALUE;html:MATCH_VALUE;a11y:MATCH_VALUE;html+a11y:MATCH_VALUE	default:Preserved;html:Preserved;a11y:Preserved;html+a11y:Preserved	CLOSED_MEASURED_FUNCTIONAL_SENTINEL				(repr(type(stroke())), repr(stroke()))	Only this complete bilateral assertion/projection is closed; historical expected preservation is distinct from parity.	Equal complete language observation on same literal source/profile refutes this divergence; a different required owner refutes proposed causal scope.	NO_CHANGE_AUTHORIZED	supplement		00_nucleo/diagnosticos/p1322-sentinels-normal.json#p1307.construct.Stroke
p1307.json.value.Stroke	p1307.json.value.Stroke	default,html,a11y,html+a11y	default:MATCH_VALUE;html:MATCH_VALUE;a11y:MATCH_VALUE;html+a11y:MATCH_VALUE	default:Preserved;html:Preserved;a11y:Preserved;html+a11y:Preserved	CLOSED_MEASURED_FUNCTIONAL_SENTINEL				json.encode(stroke())	Only this complete bilateral assertion/projection is closed; historical expected preservation is distinct from parity.	Equal complete language observation on same literal source/profile refutes this divergence; a different required owner refutes proposed causal scope.	NO_CHANGE_AUTHORIZED	supplement		00_nucleo/diagnosticos/p1322-sentinels-normal.json#p1307.json.value.Stroke
p1307.toml.value.Stroke	p1307.toml.value.Stroke	default,html,a11y,html+a11y	default:MATCH_VALUE;html:MATCH_VALUE;a11y:MATCH_VALUE;html+a11y:MATCH_VALUE	default:Preserved;html:Preserved;a11y:Preserved;html+a11y:Preserved	CLOSED_MEASURED_FUNCTIONAL_SENTINEL				toml.encode((value: stroke()))	Only this complete bilateral assertion/projection is closed; historical expected preservation is distinct from parity.	Equal complete language observation on same literal source/profile refutes this divergence; a different required owner refutes proposed causal scope.	NO_CHANGE_AUTHORIZED	supplement		00_nucleo/diagnosticos/p1322-sentinels-normal.json#p1307.toml.value.Stroke
p1307.yaml.value.Stroke	p1307.yaml.value.Stroke	default,html,a11y,html+a11y	default:MATCH_VALUE;html:MATCH_VALUE;a11y:MATCH_VALUE;html+a11y:MATCH_VALUE	default:Preserved;html:Preserved;a11y:Preserved;html+a11y:Preserved	CLOSED_MEASURED_FUNCTIONAL_SENTINEL				yaml.encode(stroke())	Only this complete bilateral assertion/projection is closed; historical expected preservation is distinct from parity.	Equal complete language observation on same literal source/profile refutes this divergence; a different required owner refutes proposed causal scope.	NO_CHANGE_AUTHORIZED	supplement		00_nucleo/diagnosticos/p1322-sentinels-normal.json#p1307.yaml.value.Stroke
p1307.construct.Fraction	p1307.construct.Fraction	default,html,a11y,html+a11y	default:MATCH_VALUE;html:MATCH_VALUE;a11y:MATCH_VALUE;html+a11y:MATCH_VALUE	default:Preserved;html:Preserved;a11y:Preserved;html+a11y:Preserved	CLOSED_MEASURED_FUNCTIONAL_SENTINEL				(repr(type(2fr)), repr(2fr))	Only this complete bilateral assertion/projection is closed; historical expected preservation is distinct from parity.	Equal complete language observation on same literal source/profile refutes this divergence; a different required owner refutes proposed causal scope.	NO_CHANGE_AUTHORIZED	supplement		00_nucleo/diagnosticos/p1322-sentinels-normal.json#p1307.construct.Fraction
p1307.json.value.Fraction	p1307.json.value.Fraction	default,html,a11y,html+a11y	default:MATCH_VALUE;html:MATCH_VALUE;a11y:MATCH_VALUE;html+a11y:MATCH_VALUE	default:Preserved;html:Preserved;a11y:Preserved;html+a11y:Preserved	CLOSED_MEASURED_FUNCTIONAL_SENTINEL				json.encode(2fr)	Only this complete bilateral assertion/projection is closed; historical expected preservation is distinct from parity.	Equal complete language observation on same literal source/profile refutes this divergence; a different required owner refutes proposed causal scope.	NO_CHANGE_AUTHORIZED	supplement		00_nucleo/diagnosticos/p1322-sentinels-normal.json#p1307.json.value.Fraction
p1307.toml.value.Fraction	p1307.toml.value.Fraction	default,html,a11y,html+a11y	default:MATCH_VALUE;html:MATCH_VALUE;a11y:MATCH_VALUE;html+a11y:MATCH_VALUE	default:Preserved;html:Preserved;a11y:Preserved;html+a11y:Preserved	CLOSED_MEASURED_FUNCTIONAL_SENTINEL				toml.encode((value: 2fr))	Only this complete bilateral assertion/projection is closed; historical expected preservation is distinct from parity.	Equal complete language observation on same literal source/profile refutes this divergence; a different required owner refutes proposed causal scope.	NO_CHANGE_AUTHORIZED	supplement		00_nucleo/diagnosticos/p1322-sentinels-normal.json#p1307.toml.value.Fraction
p1307.yaml.value.Fraction	p1307.yaml.value.Fraction	default,html,a11y,html+a11y	default:MATCH_VALUE;html:MATCH_VALUE;a11y:MATCH_VALUE;html+a11y:MATCH_VALUE	default:Preserved;html:Preserved;a11y:Preserved;html+a11y:Preserved	CLOSED_MEASURED_FUNCTIONAL_SENTINEL				yaml.encode(2fr)	Only this complete bilateral assertion/projection is closed; historical expected preservation is distinct from parity.	Equal complete language observation on same literal source/profile refutes this divergence; a different required owner refutes proposed causal scope.	NO_CHANGE_AUTHORIZED	supplement		00_nucleo/diagnosticos/p1322-sentinels-normal.json#p1307.yaml.value.Fraction
p1307.construct.Align	p1307.construct.Align	default,html,a11y,html+a11y	default:MATCH_VALUE;html:MATCH_VALUE;a11y:MATCH_VALUE;html+a11y:MATCH_VALUE	default:Preserved;html:Preserved;a11y:Preserved;html+a11y:Preserved	CLOSED_MEASURED_FUNCTIONAL_SENTINEL				(repr(type(left + top)), repr(left + top))	Only this complete bilateral assertion/projection is closed; historical expected preservation is distinct from parity.	Equal complete language observation on same literal source/profile refutes this divergence; a different required owner refutes proposed causal scope.	NO_CHANGE_AUTHORIZED	supplement		00_nucleo/diagnosticos/p1322-sentinels-normal.json#p1307.construct.Align
p1307.json.value.Align	p1307.json.value.Align	default,html,a11y,html+a11y	default:MATCH_VALUE;html:MATCH_VALUE;a11y:MATCH_VALUE;html+a11y:MATCH_VALUE	default:Preserved;html:Preserved;a11y:Preserved;html+a11y:Preserved	CLOSED_MEASURED_FUNCTIONAL_SENTINEL				json.encode(left + top)	Only this complete bilateral assertion/projection is closed; historical expected preservation is distinct from parity.	Equal complete language observation on same literal source/profile refutes this divergence; a different required owner refutes proposed causal scope.	NO_CHANGE_AUTHORIZED	supplement		00_nucleo/diagnosticos/p1322-sentinels-normal.json#p1307.json.value.Align
p1307.toml.value.Align	p1307.toml.value.Align	default,html,a11y,html+a11y	default:MATCH_VALUE;html:MATCH_VALUE;a11y:MATCH_VALUE;html+a11y:MATCH_VALUE	default:Preserved;html:Preserved;a11y:Preserved;html+a11y:Preserved	CLOSED_MEASURED_FUNCTIONAL_SENTINEL				toml.encode((value: left + top))	Only this complete bilateral assertion/projection is closed; historical expected preservation is distinct from parity.	Equal complete language observation on same literal source/profile refutes this divergence; a different required owner refutes proposed causal scope.	NO_CHANGE_AUTHORIZED	supplement		00_nucleo/diagnosticos/p1322-sentinels-normal.json#p1307.toml.value.Align
p1307.yaml.value.Align	p1307.yaml.value.Align	default,html,a11y,html+a11y	default:MATCH_VALUE;html:MATCH_VALUE;a11y:MATCH_VALUE;html+a11y:MATCH_VALUE	default:Preserved;html:Preserved;a11y:Preserved;html+a11y:Preserved	CLOSED_MEASURED_FUNCTIONAL_SENTINEL				yaml.encode(left + top)	Only this complete bilateral assertion/projection is closed; historical expected preservation is distinct from parity.	Equal complete language observation on same literal source/profile refutes this divergence; a different required owner refutes proposed causal scope.	NO_CHANGE_AUTHORIZED	supplement		00_nucleo/diagnosticos/p1322-sentinels-normal.json#p1307.yaml.value.Align
p1307.construct.Gradient	p1307.construct.Gradient	default,html,a11y,html+a11y	default:MATCH_VALUE;html:MATCH_VALUE;a11y:MATCH_VALUE;html+a11y:MATCH_VALUE	default:Preserved;html:Preserved;a11y:Preserved;html+a11y:Preserved	CLOSED_MEASURED_FUNCTIONAL_SENTINEL				(repr(type(gradient.linear(red, blue))), repr(gradient.linear(red, blue)))	Only this complete bilateral assertion/projection is closed; historical expected preservation is distinct from parity.	Equal complete language observation on same literal source/profile refutes this divergence; a different required owner refutes proposed causal scope.	NO_CHANGE_AUTHORIZED	supplement		00_nucleo/diagnosticos/p1322-sentinels-normal.json#p1307.construct.Gradient
p1307.json.value.Gradient	p1307.json.value.Gradient	default,html,a11y,html+a11y	default:MATCH_VALUE;html:MATCH_VALUE;a11y:MATCH_VALUE;html+a11y:MATCH_VALUE	default:Preserved;html:Preserved;a11y:Preserved;html+a11y:Preserved	CLOSED_MEASURED_FUNCTIONAL_SENTINEL				json.encode(gradient.linear(red, blue))	Only this complete bilateral assertion/projection is closed; historical expected preservation is distinct from parity.	Equal complete language observation on same literal source/profile refutes this divergence; a different required owner refutes proposed causal scope.	NO_CHANGE_AUTHORIZED	supplement		00_nucleo/diagnosticos/p1322-sentinels-normal.json#p1307.json.value.Gradient
p1307.toml.value.Gradient	p1307.toml.value.Gradient	default,html,a11y,html+a11y	default:MATCH_VALUE;html:MATCH_VALUE;a11y:MATCH_VALUE;html+a11y:MATCH_VALUE	default:Preserved;html:Preserved;a11y:Preserved;html+a11y:Preserved	CLOSED_MEASURED_FUNCTIONAL_SENTINEL				toml.encode((value: gradient.linear(red, blue)))	Only this complete bilateral assertion/projection is closed; historical expected preservation is distinct from parity.	Equal complete language observation on same literal source/profile refutes this divergence; a different required owner refutes proposed causal scope.	NO_CHANGE_AUTHORIZED	supplement		00_nucleo/diagnosticos/p1322-sentinels-normal.json#p1307.toml.value.Gradient
p1307.yaml.value.Gradient	p1307.yaml.value.Gradient	default,html,a11y,html+a11y	default:MATCH_VALUE;html:MATCH_VALUE;a11y:MATCH_VALUE;html+a11y:MATCH_VALUE	default:Preserved;html:Preserved;a11y:Preserved;html+a11y:Preserved	CLOSED_MEASURED_FUNCTIONAL_SENTINEL				yaml.encode(gradient.linear(red, blue))	Only this complete bilateral assertion/projection is closed; historical expected preservation is distinct from parity.	Equal complete language observation on same literal source/profile refutes this divergence; a different required owner refutes proposed causal scope.	NO_CHANGE_AUTHORIZED	supplement		00_nucleo/diagnosticos/p1322-sentinels-normal.json#p1307.yaml.value.Gradient
p1307.construct.Regex	p1307.construct.Regex	default,html,a11y,html+a11y	default:MATCH_VALUE;html:MATCH_VALUE;a11y:MATCH_VALUE;html+a11y:MATCH_VALUE	default:Preserved;html:Preserved;a11y:Preserved;html+a11y:Preserved	CLOSED_MEASURED_FUNCTIONAL_SENTINEL				(repr(type(regex("a+"))), repr(regex("a+")))	Only this complete bilateral assertion/projection is closed; historical expected preservation is distinct from parity.	Equal complete language observation on same literal source/profile refutes this divergence; a different required owner refutes proposed causal scope.	NO_CHANGE_AUTHORIZED	supplement		00_nucleo/diagnosticos/p1322-sentinels-normal.json#p1307.construct.Regex
p1307.json.value.Regex	p1307.json.value.Regex	default,html,a11y,html+a11y	default:MATCH_VALUE;html:MATCH_VALUE;a11y:MATCH_VALUE;html+a11y:MATCH_VALUE	default:Preserved;html:Preserved;a11y:Preserved;html+a11y:Preserved	CLOSED_MEASURED_FUNCTIONAL_SENTINEL				json.encode(regex("a+"))	Only this complete bilateral assertion/projection is closed; historical expected preservation is distinct from parity.	Equal complete language observation on same literal source/profile refutes this divergence; a different required owner refutes proposed causal scope.	NO_CHANGE_AUTHORIZED	supplement		00_nucleo/diagnosticos/p1322-sentinels-normal.json#p1307.json.value.Regex
p1307.toml.value.Regex	p1307.toml.value.Regex	default,html,a11y,html+a11y	default:MATCH_VALUE;html:MATCH_VALUE;a11y:MATCH_VALUE;html+a11y:MATCH_VALUE	default:Preserved;html:Preserved;a11y:Preserved;html+a11y:Preserved	CLOSED_MEASURED_FUNCTIONAL_SENTINEL				toml.encode((value: regex("a+")))	Only this complete bilateral assertion/projection is closed; historical expected preservation is distinct from parity.	Equal complete language observation on same literal source/profile refutes this divergence; a different required owner refutes proposed causal scope.	NO_CHANGE_AUTHORIZED	supplement		00_nucleo/diagnosticos/p1322-sentinels-normal.json#p1307.toml.value.Regex
p1307.yaml.value.Regex	p1307.yaml.value.Regex	default,html,a11y,html+a11y	default:MATCH_VALUE;html:MATCH_VALUE;a11y:MATCH_VALUE;html+a11y:MATCH_VALUE	default:Preserved;html:Preserved;a11y:Preserved;html+a11y:Preserved	CLOSED_MEASURED_FUNCTIONAL_SENTINEL				yaml.encode(regex("a+"))	Only this complete bilateral assertion/projection is closed; historical expected preservation is distinct from parity.	Equal complete language observation on same literal source/profile refutes this divergence; a different required owner refutes proposed causal scope.	NO_CHANGE_AUTHORIZED	supplement		00_nucleo/diagnosticos/p1322-sentinels-normal.json#p1307.yaml.value.Regex
p1307.construct.Tiling	p1307.construct.Tiling	default,html,a11y,html+a11y	default:MATCH_VALUE;html:MATCH_VALUE;a11y:MATCH_VALUE;html+a11y:MATCH_VALUE	default:Preserved;html:Preserved;a11y:Preserved;html+a11y:Preserved	CLOSED_MEASURED_FUNCTIONAL_SENTINEL				(repr(type(tiling(size: (1pt, 1pt), []))), repr(tiling(size: (1pt, 1pt), [])))	Only this complete bilateral assertion/projection is closed; historical expected preservation is distinct from parity.	Equal complete language observation on same literal source/profile refutes this divergence; a different required owner refutes proposed causal scope.	NO_CHANGE_AUTHORIZED	supplement		00_nucleo/diagnosticos/p1322-sentinels-normal.json#p1307.construct.Tiling
p1307.json.value.Tiling	p1307.json.value.Tiling	default,html,a11y,html+a11y	default:MATCH_VALUE;html:MATCH_VALUE;a11y:MATCH_VALUE;html+a11y:MATCH_VALUE	default:Preserved;html:Preserved;a11y:Preserved;html+a11y:Preserved	CLOSED_MEASURED_FUNCTIONAL_SENTINEL				json.encode(tiling(size: (1pt, 1pt), []))	Only this complete bilateral assertion/projection is closed; historical expected preservation is distinct from parity.	Equal complete language observation on same literal source/profile refutes this divergence; a different required owner refutes proposed causal scope.	NO_CHANGE_AUTHORIZED	supplement		00_nucleo/diagnosticos/p1322-sentinels-normal.json#p1307.json.value.Tiling
p1307.toml.value.Tiling	p1307.toml.value.Tiling	default,html,a11y,html+a11y	default:MATCH_VALUE;html:MATCH_VALUE;a11y:MATCH_VALUE;html+a11y:MATCH_VALUE	default:Preserved;html:Preserved;a11y:Preserved;html+a11y:Preserved	CLOSED_MEASURED_FUNCTIONAL_SENTINEL				toml.encode((value: tiling(size: (1pt, 1pt), [])))	Only this complete bilateral assertion/projection is closed; historical expected preservation is distinct from parity.	Equal complete language observation on same literal source/profile refutes this divergence; a different required owner refutes proposed causal scope.	NO_CHANGE_AUTHORIZED	supplement		00_nucleo/diagnosticos/p1322-sentinels-normal.json#p1307.toml.value.Tiling
p1307.yaml.value.Tiling	p1307.yaml.value.Tiling	default,html,a11y,html+a11y	default:MATCH_VALUE;html:MATCH_VALUE;a11y:MATCH_VALUE;html+a11y:MATCH_VALUE	default:Preserved;html:Preserved;a11y:Preserved;html+a11y:Preserved	CLOSED_MEASURED_FUNCTIONAL_SENTINEL				yaml.encode(tiling(size: (1pt, 1pt), []))	Only this complete bilateral assertion/projection is closed; historical expected preservation is distinct from parity.	Equal complete language observation on same literal source/profile refutes this divergence; a different required owner refutes proposed causal scope.	NO_CHANGE_AUTHORIZED	supplement		00_nucleo/diagnosticos/p1322-sentinels-normal.json#p1307.yaml.value.Tiling
p1307.construct.Bytes	p1307.construct.Bytes	default,html,a11y,html+a11y	default:MATCH_VALUE;html:MATCH_VALUE;a11y:MATCH_VALUE;html+a11y:MATCH_VALUE	default:Preserved;html:Preserved;a11y:Preserved;html+a11y:Preserved	CLOSED_MEASURED_FUNCTIONAL_SENTINEL				(repr(type(bytes((0, 255, 10)))), repr(bytes((0, 255, 10))))	Only this complete bilateral assertion/projection is closed; historical expected preservation is distinct from parity.	Equal complete language observation on same literal source/profile refutes this divergence; a different required owner refutes proposed causal scope.	NO_CHANGE_AUTHORIZED	supplement		00_nucleo/diagnosticos/p1322-sentinels-normal.json#p1307.construct.Bytes
p1307.json.value.Bytes	p1307.json.value.Bytes	default,html,a11y,html+a11y	default:MATCH_VALUE;html:MATCH_VALUE;a11y:MATCH_VALUE;html+a11y:MATCH_VALUE	default:Preserved;html:Preserved;a11y:Preserved;html+a11y:Preserved	CLOSED_MEASURED_FUNCTIONAL_SENTINEL				json.encode(bytes((0, 255, 10)))	Only this complete bilateral assertion/projection is closed; historical expected preservation is distinct from parity.	Equal complete language observation on same literal source/profile refutes this divergence; a different required owner refutes proposed causal scope.	NO_CHANGE_AUTHORIZED	supplement		00_nucleo/diagnosticos/p1322-sentinels-normal.json#p1307.json.value.Bytes
p1307.toml.value.Bytes	p1307.toml.value.Bytes	default,html,a11y,html+a11y	default:MATCH_VALUE;html:MATCH_VALUE;a11y:MATCH_VALUE;html+a11y:MATCH_VALUE	default:Preserved;html:Preserved;a11y:Preserved;html+a11y:Preserved	CLOSED_MEASURED_FUNCTIONAL_SENTINEL				toml.encode((value: bytes((0, 255, 10))))	Only this complete bilateral assertion/projection is closed; historical expected preservation is distinct from parity.	Equal complete language observation on same literal source/profile refutes this divergence; a different required owner refutes proposed causal scope.	NO_CHANGE_AUTHORIZED	supplement		00_nucleo/diagnosticos/p1322-sentinels-normal.json#p1307.toml.value.Bytes
p1307.yaml.value.Bytes	p1307.yaml.value.Bytes	default,html,a11y,html+a11y	default:MATCH_VALUE;html:MATCH_VALUE;a11y:MATCH_VALUE;html+a11y:MATCH_VALUE	default:Preserved;html:Preserved;a11y:Preserved;html+a11y:Preserved	CLOSED_MEASURED_FUNCTIONAL_SENTINEL				yaml.encode(bytes((0, 255, 10)))	Only this complete bilateral assertion/projection is closed; historical expected preservation is distinct from parity.	Equal complete language observation on same literal source/profile refutes this divergence; a different required owner refutes proposed causal scope.	NO_CHANGE_AUTHORIZED	supplement		00_nucleo/diagnosticos/p1322-sentinels-normal.json#p1307.yaml.value.Bytes
p1307.construct.Decimal	p1307.construct.Decimal	default,html,a11y,html+a11y	default:MATCH_VALUE;html:MATCH_VALUE;a11y:MATCH_VALUE;html+a11y:MATCH_VALUE	default:Preserved;html:Preserved;a11y:Preserved;html+a11y:Preserved	CLOSED_MEASURED_FUNCTIONAL_SENTINEL				(repr(type(decimal("1.20"))), repr(decimal("1.20")))	Only this complete bilateral assertion/projection is closed; historical expected preservation is distinct from parity.	Equal complete language observation on same literal source/profile refutes this divergence; a different required owner refutes proposed causal scope.	NO_CHANGE_AUTHORIZED	supplement		00_nucleo/diagnosticos/p1322-sentinels-normal.json#p1307.construct.Decimal
p1307.json.value.Decimal	p1307.json.value.Decimal	default,html,a11y,html+a11y	default:MATCH_VALUE;html:MATCH_VALUE;a11y:MATCH_VALUE;html+a11y:MATCH_VALUE	default:Preserved;html:Preserved;a11y:Preserved;html+a11y:Preserved	CLOSED_MEASURED_FUNCTIONAL_SENTINEL				json.encode(decimal("1.20"))	Only this complete bilateral assertion/projection is closed; historical expected preservation is distinct from parity.	Equal complete language observation on same literal source/profile refutes this divergence; a different required owner refutes proposed causal scope.	NO_CHANGE_AUTHORIZED	supplement		00_nucleo/diagnosticos/p1322-sentinels-normal.json#p1307.json.value.Decimal
p1307.toml.value.Decimal	p1307.toml.value.Decimal	default,html,a11y,html+a11y	default:MATCH_VALUE;html:MATCH_VALUE;a11y:MATCH_VALUE;html+a11y:MATCH_VALUE	default:Preserved;html:Preserved;a11y:Preserved;html+a11y:Preserved	CLOSED_MEASURED_FUNCTIONAL_SENTINEL				toml.encode((value: decimal("1.20")))	Only this complete bilateral assertion/projection is closed; historical expected preservation is distinct from parity.	Equal complete language observation on same literal source/profile refutes this divergence; a different required owner refutes proposed causal scope.	NO_CHANGE_AUTHORIZED	supplement		00_nucleo/diagnosticos/p1322-sentinels-normal.json#p1307.toml.value.Decimal
p1307.yaml.value.Decimal	p1307.yaml.value.Decimal	default,html,a11y,html+a11y	default:MATCH_VALUE;html:MATCH_VALUE;a11y:MATCH_VALUE;html+a11y:MATCH_VALUE	default:Preserved;html:Preserved;a11y:Preserved;html+a11y:Preserved	CLOSED_MEASURED_FUNCTIONAL_SENTINEL				yaml.encode(decimal("1.20"))	Only this complete bilateral assertion/projection is closed; historical expected preservation is distinct from parity.	Equal complete language observation on same literal source/profile refutes this divergence; a different required owner refutes proposed causal scope.	NO_CHANGE_AUTHORIZED	supplement		00_nucleo/diagnosticos/p1322-sentinels-normal.json#p1307.yaml.value.Decimal
p1307.construct.Duration	p1307.construct.Duration	default,html,a11y,html+a11y	default:MATCH_VALUE;html:MATCH_VALUE;a11y:MATCH_VALUE;html+a11y:MATCH_VALUE	default:Preserved;html:Preserved;a11y:Preserved;html+a11y:Preserved	CLOSED_MEASURED_FUNCTIONAL_SENTINEL				(repr(type(duration(seconds: 90))), repr(duration(seconds: 90)))	Only this complete bilateral assertion/projection is closed; historical expected preservation is distinct from parity.	Equal complete language observation on same literal source/profile refutes this divergence; a different required owner refutes proposed causal scope.	NO_CHANGE_AUTHORIZED	supplement		00_nucleo/diagnosticos/p1322-sentinels-normal.json#p1307.construct.Duration
p1307.json.value.Duration	p1307.json.value.Duration	default,html,a11y,html+a11y	default:MATCH_VALUE;html:MATCH_VALUE;a11y:MATCH_VALUE;html+a11y:MATCH_VALUE	default:Preserved;html:Preserved;a11y:Preserved;html+a11y:Preserved	CLOSED_MEASURED_FUNCTIONAL_SENTINEL				json.encode(duration(seconds: 90))	Only this complete bilateral assertion/projection is closed; historical expected preservation is distinct from parity.	Equal complete language observation on same literal source/profile refutes this divergence; a different required owner refutes proposed causal scope.	NO_CHANGE_AUTHORIZED	supplement		00_nucleo/diagnosticos/p1322-sentinels-normal.json#p1307.json.value.Duration
p1307.toml.value.Duration	p1307.toml.value.Duration	default,html,a11y,html+a11y	default:MATCH_VALUE;html:MATCH_VALUE;a11y:MATCH_VALUE;html+a11y:MATCH_VALUE	default:Preserved;html:Preserved;a11y:Preserved;html+a11y:Preserved	CLOSED_MEASURED_FUNCTIONAL_SENTINEL				toml.encode((value: duration(seconds: 90)))	Only this complete bilateral assertion/projection is closed; historical expected preservation is distinct from parity.	Equal complete language observation on same literal source/profile refutes this divergence; a different required owner refutes proposed causal scope.	NO_CHANGE_AUTHORIZED	supplement		00_nucleo/diagnosticos/p1322-sentinels-normal.json#p1307.toml.value.Duration
p1307.yaml.value.Duration	p1307.yaml.value.Duration	default,html,a11y,html+a11y	default:MATCH_VALUE;html:MATCH_VALUE;a11y:MATCH_VALUE;html+a11y:MATCH_VALUE	default:Preserved;html:Preserved;a11y:Preserved;html+a11y:Preserved	CLOSED_MEASURED_FUNCTIONAL_SENTINEL				yaml.encode(duration(seconds: 90))	Only this complete bilateral assertion/projection is closed; historical expected preservation is distinct from parity.	Equal complete language observation on same literal source/profile refutes this divergence; a different required owner refutes proposed causal scope.	NO_CHANGE_AUTHORIZED	supplement		00_nucleo/diagnosticos/p1322-sentinels-normal.json#p1307.yaml.value.Duration
p1307.construct.Version	p1307.construct.Version	default,html,a11y,html+a11y	default:MATCH_VALUE;html:MATCH_VALUE;a11y:MATCH_VALUE;html+a11y:MATCH_VALUE	default:Preserved;html:Preserved;a11y:Preserved;html+a11y:Preserved	CLOSED_MEASURED_FUNCTIONAL_SENTINEL				(repr(type(version(1, 2, 3))), repr(version(1, 2, 3)))	Only this complete bilateral assertion/projection is closed; historical expected preservation is distinct from parity.	Equal complete language observation on same literal source/profile refutes this divergence; a different required owner refutes proposed causal scope.	NO_CHANGE_AUTHORIZED	supplement		00_nucleo/diagnosticos/p1322-sentinels-normal.json#p1307.construct.Version
p1307.json.value.Version	p1307.json.value.Version	default,html,a11y,html+a11y	default:MATCH_VALUE;html:MATCH_VALUE;a11y:MATCH_VALUE;html+a11y:MATCH_VALUE	default:Preserved;html:Preserved;a11y:Preserved;html+a11y:Preserved	CLOSED_MEASURED_FUNCTIONAL_SENTINEL				json.encode(version(1, 2, 3))	Only this complete bilateral assertion/projection is closed; historical expected preservation is distinct from parity.	Equal complete language observation on same literal source/profile refutes this divergence; a different required owner refutes proposed causal scope.	NO_CHANGE_AUTHORIZED	supplement		00_nucleo/diagnosticos/p1322-sentinels-normal.json#p1307.json.value.Version
p1307.toml.value.Version	p1307.toml.value.Version	default,html,a11y,html+a11y	default:MATCH_VALUE;html:MATCH_VALUE;a11y:MATCH_VALUE;html+a11y:MATCH_VALUE	default:Preserved;html:Preserved;a11y:Preserved;html+a11y:Preserved	CLOSED_MEASURED_FUNCTIONAL_SENTINEL				toml.encode((value: version(1, 2, 3)))	Only this complete bilateral assertion/projection is closed; historical expected preservation is distinct from parity.	Equal complete language observation on same literal source/profile refutes this divergence; a different required owner refutes proposed causal scope.	NO_CHANGE_AUTHORIZED	supplement		00_nucleo/diagnosticos/p1322-sentinels-normal.json#p1307.toml.value.Version
p1307.yaml.value.Version	p1307.yaml.value.Version	default,html,a11y,html+a11y	default:MATCH_VALUE;html:MATCH_VALUE;a11y:MATCH_VALUE;html+a11y:MATCH_VALUE	default:Preserved;html:Preserved;a11y:Preserved;html+a11y:Preserved	CLOSED_MEASURED_FUNCTIONAL_SENTINEL				yaml.encode(version(1, 2, 3))	Only this complete bilateral assertion/projection is closed; historical expected preservation is distinct from parity.	Equal complete language observation on same literal source/profile refutes this divergence; a different required owner refutes proposed causal scope.	NO_CHANGE_AUTHORIZED	supplement		00_nucleo/diagnosticos/p1322-sentinels-normal.json#p1307.yaml.value.Version
p1307.construct.Selector	p1307.construct.Selector	default,html,a11y,html+a11y	default:MATCH_VALUE;html:MATCH_VALUE;a11y:MATCH_VALUE;html+a11y:MATCH_VALUE	default:Preserved;html:Preserved;a11y:Preserved;html+a11y:Preserved	CLOSED_MEASURED_FUNCTIONAL_SENTINEL				(repr(type(heading.where(level: 1))), repr(heading.where(level: 1)))	Only this complete bilateral assertion/projection is closed; historical expected preservation is distinct from parity.	Equal complete language observation on same literal source/profile refutes this divergence; a different required owner refutes proposed causal scope.	NO_CHANGE_AUTHORIZED	supplement		00_nucleo/diagnosticos/p1322-sentinels-normal.json#p1307.construct.Selector
p1307.json.value.Selector	p1307.json.value.Selector	default,html,a11y,html+a11y	default:MATCH_VALUE;html:MATCH_VALUE;a11y:MATCH_VALUE;html+a11y:MATCH_VALUE	default:Preserved;html:Preserved;a11y:Preserved;html+a11y:Preserved	CLOSED_MEASURED_FUNCTIONAL_SENTINEL				json.encode(heading.where(level: 1))	Only this complete bilateral assertion/projection is closed; historical expected preservation is distinct from parity.	Equal complete language observation on same literal source/profile refutes this divergence; a different required owner refutes proposed causal scope.	NO_CHANGE_AUTHORIZED	supplement		00_nucleo/diagnosticos/p1322-sentinels-normal.json#p1307.json.value.Selector
p1307.toml.value.Selector	p1307.toml.value.Selector	default,html,a11y,html+a11y	default:MATCH_VALUE;html:MATCH_VALUE;a11y:MATCH_VALUE;html+a11y:MATCH_VALUE	default:Preserved;html:Preserved;a11y:Preserved;html+a11y:Preserved	CLOSED_MEASURED_FUNCTIONAL_SENTINEL				toml.encode((value: heading.where(level: 1)))	Only this complete bilateral assertion/projection is closed; historical expected preservation is distinct from parity.	Equal complete language observation on same literal source/profile refutes this divergence; a different required owner refutes proposed causal scope.	NO_CHANGE_AUTHORIZED	supplement		00_nucleo/diagnosticos/p1322-sentinels-normal.json#p1307.toml.value.Selector
p1307.yaml.value.Selector	p1307.yaml.value.Selector	default,html,a11y,html+a11y	default:MATCH_VALUE;html:MATCH_VALUE;a11y:MATCH_VALUE;html+a11y:MATCH_VALUE	default:Preserved;html:Preserved;a11y:Preserved;html+a11y:Preserved	CLOSED_MEASURED_FUNCTIONAL_SENTINEL				yaml.encode(heading.where(level: 1))	Only this complete bilateral assertion/projection is closed; historical expected preservation is distinct from parity.	Equal complete language observation on same literal source/profile refutes this divergence; a different required owner refutes proposed causal scope.	NO_CHANGE_AUTHORIZED	supplement		00_nucleo/diagnosticos/p1322-sentinels-normal.json#p1307.yaml.value.Selector
p1307.construct.Symbol	p1307.construct.Symbol	default,html,a11y,html+a11y	default:MATCH_VALUE;html:MATCH_VALUE;a11y:MATCH_VALUE;html+a11y:MATCH_VALUE	default:Preserved;html:Preserved;a11y:Preserved;html+a11y:Preserved	CLOSED_MEASURED_FUNCTIONAL_SENTINEL				(repr(type(sym.alpha)), repr(sym.alpha))	Only this complete bilateral assertion/projection is closed; historical expected preservation is distinct from parity.	Equal complete language observation on same literal source/profile refutes this divergence; a different required owner refutes proposed causal scope.	NO_CHANGE_AUTHORIZED	supplement		00_nucleo/diagnosticos/p1322-sentinels-normal.json#p1307.construct.Symbol
p1307.json.value.Symbol	p1307.json.value.Symbol	default,html,a11y,html+a11y	default:MATCH_VALUE;html:MATCH_VALUE;a11y:MATCH_VALUE;html+a11y:MATCH_VALUE	default:Preserved;html:Preserved;a11y:Preserved;html+a11y:Preserved	CLOSED_MEASURED_FUNCTIONAL_SENTINEL				json.encode(sym.alpha)	Only this complete bilateral assertion/projection is closed; historical expected preservation is distinct from parity.	Equal complete language observation on same literal source/profile refutes this divergence; a different required owner refutes proposed causal scope.	NO_CHANGE_AUTHORIZED	supplement		00_nucleo/diagnosticos/p1322-sentinels-normal.json#p1307.json.value.Symbol
p1307.toml.value.Symbol	p1307.toml.value.Symbol	default,html,a11y,html+a11y	default:MATCH_VALUE;html:MATCH_VALUE;a11y:MATCH_VALUE;html+a11y:MATCH_VALUE	default:Preserved;html:Preserved;a11y:Preserved;html+a11y:Preserved	CLOSED_MEASURED_FUNCTIONAL_SENTINEL				toml.encode((value: sym.alpha))	Only this complete bilateral assertion/projection is closed; historical expected preservation is distinct from parity.	Equal complete language observation on same literal source/profile refutes this divergence; a different required owner refutes proposed causal scope.	NO_CHANGE_AUTHORIZED	supplement		00_nucleo/diagnosticos/p1322-sentinels-normal.json#p1307.toml.value.Symbol
p1307.yaml.value.Symbol	p1307.yaml.value.Symbol	default,html,a11y,html+a11y	default:MATCH_VALUE;html:MATCH_VALUE;a11y:MATCH_VALUE;html+a11y:MATCH_VALUE	default:Preserved;html:Preserved;a11y:Preserved;html+a11y:Preserved	CLOSED_MEASURED_FUNCTIONAL_SENTINEL				yaml.encode(sym.alpha)	Only this complete bilateral assertion/projection is closed; historical expected preservation is distinct from parity.	Equal complete language observation on same literal source/profile refutes this divergence; a different required owner refutes proposed causal scope.	NO_CHANGE_AUTHORIZED	supplement		00_nucleo/diagnosticos/p1322-sentinels-normal.json#p1307.yaml.value.Symbol
p1307.construct.Args	p1307.construct.Args	default,html,a11y,html+a11y	default:MATCH_VALUE;html:MATCH_VALUE;a11y:MATCH_VALUE;html+a11y:MATCH_VALUE	default:Preserved;html:Preserved;a11y:Preserved;html+a11y:Preserved	CLOSED_MEASURED_FUNCTIONAL_SENTINEL				(repr(type(((..a) => a)(1, key: 2))), repr(((..a) => a)(1, key: 2)))	Only this complete bilateral assertion/projection is closed; historical expected preservation is distinct from parity.	Equal complete language observation on same literal source/profile refutes this divergence; a different required owner refutes proposed causal scope.	NO_CHANGE_AUTHORIZED	supplement		00_nucleo/diagnosticos/p1322-sentinels-normal.json#p1307.construct.Args
p1307.json.value.Args	p1307.json.value.Args	default,html,a11y,html+a11y	default:MATCH_VALUE;html:MATCH_VALUE;a11y:MATCH_VALUE;html+a11y:MATCH_VALUE	default:Preserved;html:Preserved;a11y:Preserved;html+a11y:Preserved	CLOSED_MEASURED_FUNCTIONAL_SENTINEL				json.encode(((..a) => a)(1, key: 2))	Only this complete bilateral assertion/projection is closed; historical expected preservation is distinct from parity.	Equal complete language observation on same literal source/profile refutes this divergence; a different required owner refutes proposed causal scope.	NO_CHANGE_AUTHORIZED	supplement		00_nucleo/diagnosticos/p1322-sentinels-normal.json#p1307.json.value.Args
p1307.toml.value.Args	p1307.toml.value.Args	default,html,a11y,html+a11y	default:MATCH_VALUE;html:MATCH_VALUE;a11y:MATCH_VALUE;html+a11y:MATCH_VALUE	default:Preserved;html:Preserved;a11y:Preserved;html+a11y:Preserved	CLOSED_MEASURED_FUNCTIONAL_SENTINEL				toml.encode((value: ((..a) => a)(1, key: 2)))	Only this complete bilateral assertion/projection is closed; historical expected preservation is distinct from parity.	Equal complete language observation on same literal source/profile refutes this divergence; a different required owner refutes proposed causal scope.	NO_CHANGE_AUTHORIZED	supplement		00_nucleo/diagnosticos/p1322-sentinels-normal.json#p1307.toml.value.Args
p1307.yaml.value.Args	p1307.yaml.value.Args	default,html,a11y,html+a11y	default:MATCH_VALUE;html:MATCH_VALUE;a11y:MATCH_VALUE;html+a11y:MATCH_VALUE	default:Preserved;html:Preserved;a11y:Preserved;html+a11y:Preserved	CLOSED_MEASURED_FUNCTIONAL_SENTINEL				yaml.encode(((..a) => a)(1, key: 2))	Only this complete bilateral assertion/projection is closed; historical expected preservation is distinct from parity.	Equal complete language observation on same literal source/profile refutes this divergence; a different required owner refutes proposed causal scope.	NO_CHANGE_AUTHORIZED	supplement		00_nucleo/diagnosticos/p1322-sentinels-normal.json#p1307.yaml.value.Args
p1307.construct.State	p1307.construct.State	default,html,a11y,html+a11y	default:MATCH_VALUE;html:MATCH_VALUE;a11y:MATCH_VALUE;html+a11y:MATCH_VALUE	default:Preserved;html:Preserved;a11y:Preserved;html+a11y:Preserved	CLOSED_MEASURED_FUNCTIONAL_SENTINEL				(repr(type(state("p1307", 0))), repr(state("p1307", 0)))	Only this complete bilateral assertion/projection is closed; historical expected preservation is distinct from parity.	Equal complete language observation on same literal source/profile refutes this divergence; a different required owner refutes proposed causal scope.	NO_CHANGE_AUTHORIZED	supplement		00_nucleo/diagnosticos/p1322-sentinels-normal.json#p1307.construct.State
p1307.json.value.State	p1307.json.value.State	default,html,a11y,html+a11y	default:MATCH_VALUE;html:MATCH_VALUE;a11y:MATCH_VALUE;html+a11y:MATCH_VALUE	default:Preserved;html:Preserved;a11y:Preserved;html+a11y:Preserved	CLOSED_MEASURED_FUNCTIONAL_SENTINEL				json.encode(state("p1307", 0))	Only this complete bilateral assertion/projection is closed; historical expected preservation is distinct from parity.	Equal complete language observation on same literal source/profile refutes this divergence; a different required owner refutes proposed causal scope.	NO_CHANGE_AUTHORIZED	supplement		00_nucleo/diagnosticos/p1322-sentinels-normal.json#p1307.json.value.State
p1307.toml.value.State	p1307.toml.value.State	default,html,a11y,html+a11y	default:MATCH_VALUE;html:MATCH_VALUE;a11y:MATCH_VALUE;html+a11y:MATCH_VALUE	default:Preserved;html:Preserved;a11y:Preserved;html+a11y:Preserved	CLOSED_MEASURED_FUNCTIONAL_SENTINEL				toml.encode((value: state("p1307", 0)))	Only this complete bilateral assertion/projection is closed; historical expected preservation is distinct from parity.	Equal complete language observation on same literal source/profile refutes this divergence; a different required owner refutes proposed causal scope.	NO_CHANGE_AUTHORIZED	supplement		00_nucleo/diagnosticos/p1322-sentinels-normal.json#p1307.toml.value.State
p1307.yaml.value.State	p1307.yaml.value.State	default,html,a11y,html+a11y	default:MATCH_VALUE;html:MATCH_VALUE;a11y:MATCH_VALUE;html+a11y:MATCH_VALUE	default:Preserved;html:Preserved;a11y:Preserved;html+a11y:Preserved	CLOSED_MEASURED_FUNCTIONAL_SENTINEL				yaml.encode(state("p1307", 0))	Only this complete bilateral assertion/projection is closed; historical expected preservation is distinct from parity.	Equal complete language observation on same literal source/profile refutes this divergence; a different required owner refutes proposed causal scope.	NO_CHANGE_AUTHORIZED	supplement		00_nucleo/diagnosticos/p1322-sentinels-normal.json#p1307.yaml.value.State
p1307.construct.Counter	p1307.construct.Counter	default,html,a11y,html+a11y	default:MATCH_VALUE;html:MATCH_VALUE;a11y:MATCH_VALUE;html+a11y:MATCH_VALUE	default:Preserved;html:Preserved;a11y:Preserved;html+a11y:Preserved	CLOSED_MEASURED_FUNCTIONAL_SENTINEL				(repr(type(counter(heading))), repr(counter(heading)))	Only this complete bilateral assertion/projection is closed; historical expected preservation is distinct from parity.	Equal complete language observation on same literal source/profile refutes this divergence; a different required owner refutes proposed causal scope.	NO_CHANGE_AUTHORIZED	supplement		00_nucleo/diagnosticos/p1322-sentinels-normal.json#p1307.construct.Counter
p1307.json.value.Counter	p1307.json.value.Counter	default,html,a11y,html+a11y	default:MATCH_VALUE;html:MATCH_VALUE;a11y:MATCH_VALUE;html+a11y:MATCH_VALUE	default:Preserved;html:Preserved;a11y:Preserved;html+a11y:Preserved	CLOSED_MEASURED_FUNCTIONAL_SENTINEL				json.encode(counter(heading))	Only this complete bilateral assertion/projection is closed; historical expected preservation is distinct from parity.	Equal complete language observation on same literal source/profile refutes this divergence; a different required owner refutes proposed causal scope.	NO_CHANGE_AUTHORIZED	supplement		00_nucleo/diagnosticos/p1322-sentinels-normal.json#p1307.json.value.Counter
p1307.toml.value.Counter	p1307.toml.value.Counter	default,html,a11y,html+a11y	default:MATCH_VALUE;html:MATCH_VALUE;a11y:MATCH_VALUE;html+a11y:MATCH_VALUE	default:Preserved;html:Preserved;a11y:Preserved;html+a11y:Preserved	CLOSED_MEASURED_FUNCTIONAL_SENTINEL				toml.encode((value: counter(heading)))	Only this complete bilateral assertion/projection is closed; historical expected preservation is distinct from parity.	Equal complete language observation on same literal source/profile refutes this divergence; a different required owner refutes proposed causal scope.	NO_CHANGE_AUTHORIZED	supplement		00_nucleo/diagnosticos/p1322-sentinels-normal.json#p1307.toml.value.Counter
p1307.yaml.value.Counter	p1307.yaml.value.Counter	default,html,a11y,html+a11y	default:MATCH_VALUE;html:MATCH_VALUE;a11y:MATCH_VALUE;html+a11y:MATCH_VALUE	default:Preserved;html:Preserved;a11y:Preserved;html+a11y:Preserved	CLOSED_MEASURED_FUNCTIONAL_SENTINEL				yaml.encode(counter(heading))	Only this complete bilateral assertion/projection is closed; historical expected preservation is distinct from parity.	Equal complete language observation on same literal source/profile refutes this divergence; a different required owner refutes proposed causal scope.	NO_CHANGE_AUTHORIZED	supplement		00_nucleo/diagnosticos/p1322-sentinels-normal.json#p1307.yaml.value.Counter
p1307.construct.Label	p1307.construct.Label	default,html,a11y,html+a11y	default:MATCH_VALUE;html:MATCH_VALUE;a11y:MATCH_VALUE;html+a11y:MATCH_VALUE	default:Preserved;html:Preserved;a11y:Preserved;html+a11y:Preserved	CLOSED_MEASURED_FUNCTIONAL_SENTINEL				(repr(type(<p1307>)), repr(<p1307>))	Only this complete bilateral assertion/projection is closed; historical expected preservation is distinct from parity.	Equal complete language observation on same literal source/profile refutes this divergence; a different required owner refutes proposed causal scope.	NO_CHANGE_AUTHORIZED	supplement		00_nucleo/diagnosticos/p1322-sentinels-normal.json#p1307.construct.Label
p1307.json.value.Label	p1307.json.value.Label	default,html,a11y,html+a11y	default:MATCH_VALUE;html:MATCH_VALUE;a11y:MATCH_VALUE;html+a11y:MATCH_VALUE	default:Preserved;html:Preserved;a11y:Preserved;html+a11y:Preserved	CLOSED_MEASURED_FUNCTIONAL_SENTINEL				json.encode(<p1307>)	Only this complete bilateral assertion/projection is closed; historical expected preservation is distinct from parity.	Equal complete language observation on same literal source/profile refutes this divergence; a different required owner refutes proposed causal scope.	NO_CHANGE_AUTHORIZED	supplement		00_nucleo/diagnosticos/p1322-sentinels-normal.json#p1307.json.value.Label
p1307.toml.value.Label	p1307.toml.value.Label	default,html,a11y,html+a11y	default:MATCH_VALUE;html:MATCH_VALUE;a11y:MATCH_VALUE;html+a11y:MATCH_VALUE	default:Preserved;html:Preserved;a11y:Preserved;html+a11y:Preserved	CLOSED_MEASURED_FUNCTIONAL_SENTINEL				toml.encode((value: <p1307>))	Only this complete bilateral assertion/projection is closed; historical expected preservation is distinct from parity.	Equal complete language observation on same literal source/profile refutes this divergence; a different required owner refutes proposed causal scope.	NO_CHANGE_AUTHORIZED	supplement		00_nucleo/diagnosticos/p1322-sentinels-normal.json#p1307.toml.value.Label
p1307.yaml.value.Label	p1307.yaml.value.Label	default,html,a11y,html+a11y	default:MATCH_VALUE;html:MATCH_VALUE;a11y:MATCH_VALUE;html+a11y:MATCH_VALUE	default:Preserved;html:Preserved;a11y:Preserved;html+a11y:Preserved	CLOSED_MEASURED_FUNCTIONAL_SENTINEL				yaml.encode(<p1307>)	Only this complete bilateral assertion/projection is closed; historical expected preservation is distinct from parity.	Equal complete language observation on same literal source/profile refutes this divergence; a different required owner refutes proposed causal scope.	NO_CHANGE_AUTHORIZED	supplement		00_nucleo/diagnosticos/p1322-sentinels-normal.json#p1307.yaml.value.Label
p1307.construct.Dir	p1307.construct.Dir	default,html,a11y,html+a11y	default:MATCH_VALUE;html:MATCH_VALUE;a11y:MATCH_VALUE;html+a11y:MATCH_VALUE	default:Preserved;html:Preserved;a11y:Preserved;html+a11y:Preserved	CLOSED_MEASURED_FUNCTIONAL_SENTINEL				(repr(type(ltr)), repr(ltr))	Only this complete bilateral assertion/projection is closed; historical expected preservation is distinct from parity.	Equal complete language observation on same literal source/profile refutes this divergence; a different required owner refutes proposed causal scope.	NO_CHANGE_AUTHORIZED	supplement		00_nucleo/diagnosticos/p1322-sentinels-normal.json#p1307.construct.Dir
p1307.json.value.Dir	p1307.json.value.Dir	default,html,a11y,html+a11y	default:MATCH_VALUE;html:MATCH_VALUE;a11y:MATCH_VALUE;html+a11y:MATCH_VALUE	default:Preserved;html:Preserved;a11y:Preserved;html+a11y:Preserved	CLOSED_MEASURED_FUNCTIONAL_SENTINEL				json.encode(ltr)	Only this complete bilateral assertion/projection is closed; historical expected preservation is distinct from parity.	Equal complete language observation on same literal source/profile refutes this divergence; a different required owner refutes proposed causal scope.	NO_CHANGE_AUTHORIZED	supplement		00_nucleo/diagnosticos/p1322-sentinels-normal.json#p1307.json.value.Dir
p1307.toml.value.Dir	p1307.toml.value.Dir	default,html,a11y,html+a11y	default:MATCH_VALUE;html:MATCH_VALUE;a11y:MATCH_VALUE;html+a11y:MATCH_VALUE	default:Preserved;html:Preserved;a11y:Preserved;html+a11y:Preserved	CLOSED_MEASURED_FUNCTIONAL_SENTINEL				toml.encode((value: ltr))	Only this complete bilateral assertion/projection is closed; historical expected preservation is distinct from parity.	Equal complete language observation on same literal source/profile refutes this divergence; a different required owner refutes proposed causal scope.	NO_CHANGE_AUTHORIZED	supplement		00_nucleo/diagnosticos/p1322-sentinels-normal.json#p1307.toml.value.Dir
p1307.yaml.value.Dir	p1307.yaml.value.Dir	default,html,a11y,html+a11y	default:MATCH_VALUE;html:MATCH_VALUE;a11y:MATCH_VALUE;html+a11y:MATCH_VALUE	default:Preserved;html:Preserved;a11y:Preserved;html+a11y:Preserved	CLOSED_MEASURED_FUNCTIONAL_SENTINEL				yaml.encode(ltr)	Only this complete bilateral assertion/projection is closed; historical expected preservation is distinct from parity.	Equal complete language observation on same literal source/profile refutes this divergence; a different required owner refutes proposed causal scope.	NO_CHANGE_AUTHORIZED	supplement		00_nucleo/diagnosticos/p1322-sentinels-normal.json#p1307.yaml.value.Dir
p1307.construct.Path	p1307.construct.Path	default,html,a11y,html+a11y	default:MATCH_VALUE;html:MATCH_VALUE;a11y:MATCH_VALUE;html+a11y:MATCH_VALUE	default:Preserved;html:Preserved;a11y:Preserved;html+a11y:Preserved	CLOSED_MEASURED_FUNCTIONAL_SENTINEL				(repr(type(path("x"))), repr(path("x")))	Only this complete bilateral assertion/projection is closed; historical expected preservation is distinct from parity.	Equal complete language observation on same literal source/profile refutes this divergence; a different required owner refutes proposed causal scope.	NO_CHANGE_AUTHORIZED	supplement		00_nucleo/diagnosticos/p1322-sentinels-normal.json#p1307.construct.Path
p1307.json.value.Path	p1307.json.value.Path	default,html,a11y,html+a11y	default:MATCH_VALUE;html:MATCH_VALUE;a11y:MATCH_VALUE;html+a11y:MATCH_VALUE	default:Preserved;html:Preserved;a11y:Preserved;html+a11y:Preserved	CLOSED_MEASURED_FUNCTIONAL_SENTINEL				json.encode(path("x"))	Only this complete bilateral assertion/projection is closed; historical expected preservation is distinct from parity.	Equal complete language observation on same literal source/profile refutes this divergence; a different required owner refutes proposed causal scope.	NO_CHANGE_AUTHORIZED	supplement		00_nucleo/diagnosticos/p1322-sentinels-normal.json#p1307.json.value.Path
p1307.toml.value.Path	p1307.toml.value.Path	default,html,a11y,html+a11y	default:MATCH_VALUE;html:MATCH_VALUE;a11y:MATCH_VALUE;html+a11y:MATCH_VALUE	default:Preserved;html:Preserved;a11y:Preserved;html+a11y:Preserved	CLOSED_MEASURED_FUNCTIONAL_SENTINEL				toml.encode((value: path("x")))	Only this complete bilateral assertion/projection is closed; historical expected preservation is distinct from parity.	Equal complete language observation on same literal source/profile refutes this divergence; a different required owner refutes proposed causal scope.	NO_CHANGE_AUTHORIZED	supplement		00_nucleo/diagnosticos/p1322-sentinels-normal.json#p1307.toml.value.Path
p1307.yaml.value.Path	p1307.yaml.value.Path	default,html,a11y,html+a11y	default:MATCH_VALUE;html:MATCH_VALUE;a11y:MATCH_VALUE;html+a11y:MATCH_VALUE	default:Preserved;html:Preserved;a11y:Preserved;html+a11y:Preserved	CLOSED_MEASURED_FUNCTIONAL_SENTINEL				yaml.encode(path("x"))	Only this complete bilateral assertion/projection is closed; historical expected preservation is distinct from parity.	Equal complete language observation on same literal source/profile refutes this divergence; a different required owner refutes proposed causal scope.	NO_CHANGE_AUTHORIZED	supplement		00_nucleo/diagnosticos/p1322-sentinels-normal.json#p1307.yaml.value.Path
p1307.construct.Type	p1307.construct.Type	default,html,a11y,html+a11y	default:MATCH_VALUE;html:MATCH_VALUE;a11y:MATCH_VALUE;html+a11y:MATCH_VALUE	default:Preserved;html:Preserved;a11y:Preserved;html+a11y:Preserved	CLOSED_MEASURED_FUNCTIONAL_SENTINEL				(repr(type(int)), repr(int))	Only this complete bilateral assertion/projection is closed; historical expected preservation is distinct from parity.	Equal complete language observation on same literal source/profile refutes this divergence; a different required owner refutes proposed causal scope.	NO_CHANGE_AUTHORIZED	supplement		00_nucleo/diagnosticos/p1322-sentinels-normal.json#p1307.construct.Type
p1307.json.value.Type	p1307.json.value.Type	default,html,a11y,html+a11y	default:MATCH_VALUE;html:MATCH_VALUE;a11y:MATCH_VALUE;html+a11y:MATCH_VALUE	default:Preserved;html:Preserved;a11y:Preserved;html+a11y:Preserved	CLOSED_MEASURED_FUNCTIONAL_SENTINEL				json.encode(int)	Only this complete bilateral assertion/projection is closed; historical expected preservation is distinct from parity.	Equal complete language observation on same literal source/profile refutes this divergence; a different required owner refutes proposed causal scope.	NO_CHANGE_AUTHORIZED	supplement		00_nucleo/diagnosticos/p1322-sentinels-normal.json#p1307.json.value.Type
p1307.toml.value.Type	p1307.toml.value.Type	default,html,a11y,html+a11y	default:MATCH_VALUE;html:MATCH_VALUE;a11y:MATCH_VALUE;html+a11y:MATCH_VALUE	default:Preserved;html:Preserved;a11y:Preserved;html+a11y:Preserved	CLOSED_MEASURED_FUNCTIONAL_SENTINEL				toml.encode((value: int))	Only this complete bilateral assertion/projection is closed; historical expected preservation is distinct from parity.	Equal complete language observation on same literal source/profile refutes this divergence; a different required owner refutes proposed causal scope.	NO_CHANGE_AUTHORIZED	supplement		00_nucleo/diagnosticos/p1322-sentinels-normal.json#p1307.toml.value.Type
p1307.yaml.value.Type	p1307.yaml.value.Type	default,html,a11y,html+a11y	default:MATCH_VALUE;html:MATCH_VALUE;a11y:MATCH_VALUE;html+a11y:MATCH_VALUE	default:Preserved;html:Preserved;a11y:Preserved;html+a11y:Preserved	CLOSED_MEASURED_FUNCTIONAL_SENTINEL				yaml.encode(int)	Only this complete bilateral assertion/projection is closed; historical expected preservation is distinct from parity.	Equal complete language observation on same literal source/profile refutes this divergence; a different required owner refutes proposed causal scope.	NO_CHANGE_AUTHORIZED	supplement		00_nucleo/diagnosticos/p1322-sentinels-normal.json#p1307.yaml.value.Type
p1307.json.edge.empty-string	p1307.json.edge.empty-string	default,html,a11y,html+a11y	default:MATCH_VALUE;html:MATCH_VALUE;a11y:MATCH_VALUE;html+a11y:MATCH_VALUE	default:Preserved;html:Preserved;a11y:Preserved;html+a11y:Preserved	CLOSED_MEASURED_FUNCTIONAL_SENTINEL				json.encode("")	Only this complete bilateral assertion/projection is closed; historical expected preservation is distinct from parity.	Equal complete language observation on same literal source/profile refutes this divergence; a different required owner refutes proposed causal scope.	NO_CHANGE_AUTHORIZED	supplement		00_nucleo/diagnosticos/p1322-sentinels-normal.json#p1307.json.edge.empty-string
p1307.toml.edge.empty-string	p1307.toml.edge.empty-string	default,html,a11y,html+a11y	default:MATCH_VALUE;html:MATCH_VALUE;a11y:MATCH_VALUE;html+a11y:MATCH_VALUE	default:Preserved;html:Preserved;a11y:Preserved;html+a11y:Preserved	CLOSED_MEASURED_FUNCTIONAL_SENTINEL				toml.encode((value: ""))	Only this complete bilateral assertion/projection is closed; historical expected preservation is distinct from parity.	Equal complete language observation on same literal source/profile refutes this divergence; a different required owner refutes proposed causal scope.	NO_CHANGE_AUTHORIZED	supplement		00_nucleo/diagnosticos/p1322-sentinels-normal.json#p1307.toml.edge.empty-string
p1307.yaml.edge.empty-string	p1307.yaml.edge.empty-string	default,html,a11y,html+a11y	default:MATCH_VALUE;html:MATCH_VALUE;a11y:MATCH_VALUE;html+a11y:MATCH_VALUE	default:Preserved;html:Preserved;a11y:Preserved;html+a11y:Preserved	CLOSED_MEASURED_FUNCTIONAL_SENTINEL				yaml.encode("")	Only this complete bilateral assertion/projection is closed; historical expected preservation is distinct from parity.	Equal complete language observation on same literal source/profile refutes this divergence; a different required owner refutes proposed causal scope.	NO_CHANGE_AUTHORIZED	supplement		00_nucleo/diagnosticos/p1322-sentinels-normal.json#p1307.yaml.edge.empty-string
p1307.json.edge.unicode	p1307.json.edge.unicode	default,html,a11y,html+a11y	default:MATCH_VALUE;html:MATCH_VALUE;a11y:MATCH_VALUE;html+a11y:MATCH_VALUE	default:Preserved;html:Preserved;a11y:Preserved;html+a11y:Preserved	CLOSED_MEASURED_FUNCTIONAL_SENTINEL				json.encode("ação α 😀 中")	Only this complete bilateral assertion/projection is closed; historical expected preservation is distinct from parity.	Equal complete language observation on same literal source/profile refutes this divergence; a different required owner refutes proposed causal scope.	NO_CHANGE_AUTHORIZED	supplement		00_nucleo/diagnosticos/p1322-sentinels-normal.json#p1307.json.edge.unicode
p1307.toml.edge.unicode	p1307.toml.edge.unicode	default,html,a11y,html+a11y	default:MATCH_VALUE;html:MATCH_VALUE;a11y:MATCH_VALUE;html+a11y:MATCH_VALUE	default:Preserved;html:Preserved;a11y:Preserved;html+a11y:Preserved	CLOSED_MEASURED_FUNCTIONAL_SENTINEL				toml.encode((value: "ação α 😀 中"))	Only this complete bilateral assertion/projection is closed; historical expected preservation is distinct from parity.	Equal complete language observation on same literal source/profile refutes this divergence; a different required owner refutes proposed causal scope.	NO_CHANGE_AUTHORIZED	supplement		00_nucleo/diagnosticos/p1322-sentinels-normal.json#p1307.toml.edge.unicode
p1307.yaml.edge.unicode	p1307.yaml.edge.unicode	default,html,a11y,html+a11y	default:MATCH_VALUE;html:MATCH_VALUE;a11y:MATCH_VALUE;html+a11y:MATCH_VALUE	default:Preserved;html:Preserved;a11y:Preserved;html+a11y:Preserved	CLOSED_MEASURED_FUNCTIONAL_SENTINEL				yaml.encode("ação α 😀 中")	Only this complete bilateral assertion/projection is closed; historical expected preservation is distinct from parity.	Equal complete language observation on same literal source/profile refutes this divergence; a different required owner refutes proposed causal scope.	NO_CHANGE_AUTHORIZED	supplement		00_nucleo/diagnosticos/p1322-sentinels-normal.json#p1307.yaml.edge.unicode
p1307.json.edge.escapes	p1307.json.edge.escapes	default,html,a11y,html+a11y	default:MATCH_VALUE;html:MATCH_VALUE;a11y:MATCH_VALUE;html+a11y:MATCH_VALUE	default:Preserved;html:Preserved;a11y:Preserved;html+a11y:Preserved	CLOSED_MEASURED_FUNCTIONAL_SENTINEL				json.encode("quote\" backslash\\ tab\t nul\u{0} backspace\u{8} cr\r lf\n")	Only this complete bilateral assertion/projection is closed; historical expected preservation is distinct from parity.	Equal complete language observation on same literal source/profile refutes this divergence; a different required owner refutes proposed causal scope.	NO_CHANGE_AUTHORIZED	supplement		00_nucleo/diagnosticos/p1322-sentinels-normal.json#p1307.json.edge.escapes
p1307.toml.edge.escapes	p1307.toml.edge.escapes	default,html,a11y,html+a11y	default:MATCH_VALUE;html:MATCH_VALUE;a11y:MATCH_VALUE;html+a11y:MATCH_VALUE	default:Preserved;html:Preserved;a11y:Preserved;html+a11y:Preserved	CLOSED_MEASURED_FUNCTIONAL_SENTINEL				toml.encode((value: "quote\" backslash\\ tab\t nul\u{0} backspace\u{8} cr\r lf\n"))	Only this complete bilateral assertion/projection is closed; historical expected preservation is distinct from parity.	Equal complete language observation on same literal source/profile refutes this divergence; a different required owner refutes proposed causal scope.	NO_CHANGE_AUTHORIZED	supplement		00_nucleo/diagnosticos/p1322-sentinels-normal.json#p1307.toml.edge.escapes
p1307.yaml.edge.escapes	p1307.yaml.edge.escapes	default,html,a11y,html+a11y	default:MATCH_VALUE;html:MATCH_VALUE;a11y:MATCH_VALUE;html+a11y:MATCH_VALUE	default:Preserved;html:Preserved;a11y:Preserved;html+a11y:Preserved	CLOSED_MEASURED_FUNCTIONAL_SENTINEL				yaml.encode("quote\" backslash\\ tab\t nul\u{0} backspace\u{8} cr\r lf\n")	Only this complete bilateral assertion/projection is closed; historical expected preservation is distinct from parity.	Equal complete language observation on same literal source/profile refutes this divergence; a different required owner refutes proposed causal scope.	NO_CHANGE_AUTHORIZED	supplement		00_nucleo/diagnosticos/p1322-sentinels-normal.json#p1307.yaml.edge.escapes
p1307.json.edge.multiline	p1307.json.edge.multiline	default,html,a11y,html+a11y	default:MATCH_VALUE;html:MATCH_VALUE;a11y:MATCH_VALUE;html+a11y:MATCH_VALUE	default:Preserved;html:Preserved;a11y:Preserved;html+a11y:Preserved	CLOSED_MEASURED_FUNCTIONAL_SENTINEL				json.encode("first\nsecond\n")	Only this complete bilateral assertion/projection is closed; historical expected preservation is distinct from parity.	Equal complete language observation on same literal source/profile refutes this divergence; a different required owner refutes proposed causal scope.	NO_CHANGE_AUTHORIZED	supplement		00_nucleo/diagnosticos/p1322-sentinels-normal.json#p1307.json.edge.multiline
p1307.toml.edge.multiline	p1307.toml.edge.multiline	default,html,a11y,html+a11y	default:MATCH_VALUE;html:MATCH_VALUE;a11y:MATCH_VALUE;html+a11y:MATCH_VALUE	default:Preserved;html:Preserved;a11y:Preserved;html+a11y:Preserved	CLOSED_MEASURED_FUNCTIONAL_SENTINEL				toml.encode((value: "first\nsecond\n"))	Only this complete bilateral assertion/projection is closed; historical expected preservation is distinct from parity.	Equal complete language observation on same literal source/profile refutes this divergence; a different required owner refutes proposed causal scope.	NO_CHANGE_AUTHORIZED	supplement		00_nucleo/diagnosticos/p1322-sentinels-normal.json#p1307.toml.edge.multiline
p1307.yaml.edge.multiline	p1307.yaml.edge.multiline	default,html,a11y,html+a11y	default:MATCH_VALUE;html:MATCH_VALUE;a11y:MATCH_VALUE;html+a11y:MATCH_VALUE	default:Preserved;html:Preserved;a11y:Preserved;html+a11y:Preserved	CLOSED_MEASURED_FUNCTIONAL_SENTINEL				yaml.encode("first\nsecond\n")	Only this complete bilateral assertion/projection is closed; historical expected preservation is distinct from parity.	Equal complete language observation on same literal source/profile refutes this divergence; a different required owner refutes proposed causal scope.	NO_CHANGE_AUTHORIZED	supplement		00_nucleo/diagnosticos/p1322-sentinels-normal.json#p1307.yaml.edge.multiline
p1307.json.edge.multiline-no-end	p1307.json.edge.multiline-no-end	default,html,a11y,html+a11y	default:MATCH_VALUE;html:MATCH_VALUE;a11y:MATCH_VALUE;html+a11y:MATCH_VALUE	default:Preserved;html:Preserved;a11y:Preserved;html+a11y:Preserved	CLOSED_MEASURED_FUNCTIONAL_SENTINEL				json.encode("first\nsecond")	Only this complete bilateral assertion/projection is closed; historical expected preservation is distinct from parity.	Equal complete language observation on same literal source/profile refutes this divergence; a different required owner refutes proposed causal scope.	NO_CHANGE_AUTHORIZED	supplement		00_nucleo/diagnosticos/p1322-sentinels-normal.json#p1307.json.edge.multiline-no-end
p1307.toml.edge.multiline-no-end	p1307.toml.edge.multiline-no-end	default,html,a11y,html+a11y	default:MATCH_VALUE;html:MATCH_VALUE;a11y:MATCH_VALUE;html+a11y:MATCH_VALUE	default:Preserved;html:Preserved;a11y:Preserved;html+a11y:Preserved	CLOSED_MEASURED_FUNCTIONAL_SENTINEL				toml.encode((value: "first\nsecond"))	Only this complete bilateral assertion/projection is closed; historical expected preservation is distinct from parity.	Equal complete language observation on same literal source/profile refutes this divergence; a different required owner refutes proposed causal scope.	NO_CHANGE_AUTHORIZED	supplement		00_nucleo/diagnosticos/p1322-sentinels-normal.json#p1307.toml.edge.multiline-no-end
p1307.yaml.edge.multiline-no-end	p1307.yaml.edge.multiline-no-end	default,html,a11y,html+a11y	default:MATCH_VALUE;html:MATCH_VALUE;a11y:MATCH_VALUE;html+a11y:MATCH_VALUE	default:Preserved;html:Preserved;a11y:Preserved;html+a11y:Preserved	CLOSED_MEASURED_FUNCTIONAL_SENTINEL				yaml.encode("first\nsecond")	Only this complete bilateral assertion/projection is closed; historical expected preservation is distinct from parity.	Equal complete language observation on same literal source/profile refutes this divergence; a different required owner refutes proposed causal scope.	NO_CHANGE_AUTHORIZED	supplement		00_nucleo/diagnosticos/p1322-sentinels-normal.json#p1307.yaml.edge.multiline-no-end
p1307.json.edge.multiline-blank	p1307.json.edge.multiline-blank	default,html,a11y,html+a11y	default:MATCH_VALUE;html:MATCH_VALUE;a11y:MATCH_VALUE;html+a11y:MATCH_VALUE	default:Preserved;html:Preserved;a11y:Preserved;html+a11y:Preserved	CLOSED_MEASURED_FUNCTIONAL_SENTINEL				json.encode("\nfirst\n\nsecond\n\n")	Only this complete bilateral assertion/projection is closed; historical expected preservation is distinct from parity.	Equal complete language observation on same literal source/profile refutes this divergence; a different required owner refutes proposed causal scope.	NO_CHANGE_AUTHORIZED	supplement		00_nucleo/diagnosticos/p1322-sentinels-normal.json#p1307.json.edge.multiline-blank
p1307.toml.edge.multiline-blank	p1307.toml.edge.multiline-blank	default,html,a11y,html+a11y	default:MATCH_VALUE;html:MATCH_VALUE;a11y:MATCH_VALUE;html+a11y:MATCH_VALUE	default:Preserved;html:Preserved;a11y:Preserved;html+a11y:Preserved	CLOSED_MEASURED_FUNCTIONAL_SENTINEL				toml.encode((value: "\nfirst\n\nsecond\n\n"))	Only this complete bilateral assertion/projection is closed; historical expected preservation is distinct from parity.	Equal complete language observation on same literal source/profile refutes this divergence; a different required owner refutes proposed causal scope.	NO_CHANGE_AUTHORIZED	supplement		00_nucleo/diagnosticos/p1322-sentinels-normal.json#p1307.toml.edge.multiline-blank
p1307.yaml.edge.multiline-blank	p1307.yaml.edge.multiline-blank	default,html,a11y,html+a11y	default:MATCH_VALUE;html:MATCH_VALUE;a11y:MATCH_VALUE;html+a11y:MATCH_VALUE	default:Preserved;html:Preserved;a11y:Preserved;html+a11y:Preserved	CLOSED_MEASURED_FUNCTIONAL_SENTINEL				yaml.encode("\nfirst\n\nsecond\n\n")	Only this complete bilateral assertion/projection is closed; historical expected preservation is distinct from parity.	Equal complete language observation on same literal source/profile refutes this divergence; a different required owner refutes proposed causal scope.	NO_CHANGE_AUTHORIZED	supplement		00_nucleo/diagnosticos/p1322-sentinels-normal.json#p1307.yaml.edge.multiline-blank
p1307.json.edge.yaml-reserved	p1307.json.edge.yaml-reserved	default,html,a11y,html+a11y	default:MATCH_VALUE;html:MATCH_VALUE;a11y:MATCH_VALUE;html+a11y:MATCH_VALUE	default:Preserved;html:Preserved;a11y:Preserved;html+a11y:Preserved	CLOSED_MEASURED_FUNCTIONAL_SENTINEL				json.encode(("yes", "no", "null", "true", "1.0", "---", "#tag", "a: b", "", " "))	Only this complete bilateral assertion/projection is closed; historical expected preservation is distinct from parity.	Equal complete language observation on same literal source/profile refutes this divergence; a different required owner refutes proposed causal scope.	NO_CHANGE_AUTHORIZED	supplement		00_nucleo/diagnosticos/p1322-sentinels-normal.json#p1307.json.edge.yaml-reserved
p1307.toml.edge.yaml-reserved	p1307.toml.edge.yaml-reserved	default,html,a11y,html+a11y	default:MATCH_VALUE;html:MATCH_VALUE;a11y:MATCH_VALUE;html+a11y:MATCH_VALUE	default:Preserved;html:Preserved;a11y:Preserved;html+a11y:Preserved	CLOSED_MEASURED_FUNCTIONAL_SENTINEL				toml.encode((value: ("yes", "no", "null", "true", "1.0", "---", "#tag", "a: b", "", " ")))	Only this complete bilateral assertion/projection is closed; historical expected preservation is distinct from parity.	Equal complete language observation on same literal source/profile refutes this divergence; a different required owner refutes proposed causal scope.	NO_CHANGE_AUTHORIZED	supplement		00_nucleo/diagnosticos/p1322-sentinels-normal.json#p1307.toml.edge.yaml-reserved
p1307.yaml.edge.yaml-reserved	p1307.yaml.edge.yaml-reserved	default,html,a11y,html+a11y	default:MATCH_VALUE;html:MATCH_VALUE;a11y:MATCH_VALUE;html+a11y:MATCH_VALUE	default:Preserved;html:Preserved;a11y:Preserved;html+a11y:Preserved	CLOSED_MEASURED_FUNCTIONAL_SENTINEL				yaml.encode(("yes", "no", "null", "true", "1.0", "---", "#tag", "a: b", "", " "))	Only this complete bilateral assertion/projection is closed; historical expected preservation is distinct from parity.	Equal complete language observation on same literal source/profile refutes this divergence; a different required owner refutes proposed causal scope.	NO_CHANGE_AUTHORIZED	supplement		00_nucleo/diagnosticos/p1322-sentinels-normal.json#p1307.yaml.edge.yaml-reserved
p1307.json.edge.empty-array	p1307.json.edge.empty-array	default,html,a11y,html+a11y	default:MATCH_VALUE;html:MATCH_VALUE;a11y:MATCH_VALUE;html+a11y:MATCH_VALUE	default:Preserved;html:Preserved;a11y:Preserved;html+a11y:Preserved	CLOSED_MEASURED_FUNCTIONAL_SENTINEL				json.encode(())	Only this complete bilateral assertion/projection is closed; historical expected preservation is distinct from parity.	Equal complete language observation on same literal source/profile refutes this divergence; a different required owner refutes proposed causal scope.	NO_CHANGE_AUTHORIZED	supplement		00_nucleo/diagnosticos/p1322-sentinels-normal.json#p1307.json.edge.empty-array
p1307.toml.edge.empty-array	p1307.toml.edge.empty-array	default,html,a11y,html+a11y	default:MATCH_VALUE;html:MATCH_VALUE;a11y:MATCH_VALUE;html+a11y:MATCH_VALUE	default:Preserved;html:Preserved;a11y:Preserved;html+a11y:Preserved	CLOSED_MEASURED_FUNCTIONAL_SENTINEL				toml.encode((value: ()))	Only this complete bilateral assertion/projection is closed; historical expected preservation is distinct from parity.	Equal complete language observation on same literal source/profile refutes this divergence; a different required owner refutes proposed causal scope.	NO_CHANGE_AUTHORIZED	supplement		00_nucleo/diagnosticos/p1322-sentinels-normal.json#p1307.toml.edge.empty-array
p1307.yaml.edge.empty-array	p1307.yaml.edge.empty-array	default,html,a11y,html+a11y	default:MATCH_VALUE;html:MATCH_VALUE;a11y:MATCH_VALUE;html+a11y:MATCH_VALUE	default:Preserved;html:Preserved;a11y:Preserved;html+a11y:Preserved	CLOSED_MEASURED_FUNCTIONAL_SENTINEL				yaml.encode(())	Only this complete bilateral assertion/projection is closed; historical expected preservation is distinct from parity.	Equal complete language observation on same literal source/profile refutes this divergence; a different required owner refutes proposed causal scope.	NO_CHANGE_AUTHORIZED	supplement		00_nucleo/diagnosticos/p1322-sentinels-normal.json#p1307.yaml.edge.empty-array
p1307.json.edge.empty-dict	p1307.json.edge.empty-dict	default,html,a11y,html+a11y	default:MATCH_VALUE;html:MATCH_VALUE;a11y:MATCH_VALUE;html+a11y:MATCH_VALUE	default:Preserved;html:Preserved;a11y:Preserved;html+a11y:Preserved	CLOSED_MEASURED_FUNCTIONAL_SENTINEL				json.encode((:))	Only this complete bilateral assertion/projection is closed; historical expected preservation is distinct from parity.	Equal complete language observation on same literal source/profile refutes this divergence; a different required owner refutes proposed causal scope.	NO_CHANGE_AUTHORIZED	supplement		00_nucleo/diagnosticos/p1322-sentinels-normal.json#p1307.json.edge.empty-dict
p1307.toml.edge.empty-dict	p1307.toml.edge.empty-dict	default,html,a11y,html+a11y	default:MATCH_VALUE;html:MATCH_VALUE;a11y:MATCH_VALUE;html+a11y:MATCH_VALUE	default:Preserved;html:Preserved;a11y:Preserved;html+a11y:Preserved	CLOSED_MEASURED_FUNCTIONAL_SENTINEL				toml.encode((value: (:)))	Only this complete bilateral assertion/projection is closed; historical expected preservation is distinct from parity.	Equal complete language observation on same literal source/profile refutes this divergence; a different required owner refutes proposed causal scope.	NO_CHANGE_AUTHORIZED	supplement		00_nucleo/diagnosticos/p1322-sentinels-normal.json#p1307.toml.edge.empty-dict
p1307.yaml.edge.empty-dict	p1307.yaml.edge.empty-dict	default,html,a11y,html+a11y	default:MATCH_VALUE;html:MATCH_VALUE;a11y:MATCH_VALUE;html+a11y:MATCH_VALUE	default:Preserved;html:Preserved;a11y:Preserved;html+a11y:Preserved	CLOSED_MEASURED_FUNCTIONAL_SENTINEL				yaml.encode((:))	Only this complete bilateral assertion/projection is closed; historical expected preservation is distinct from parity.	Equal complete language observation on same literal source/profile refutes this divergence; a different required owner refutes proposed causal scope.	NO_CHANGE_AUTHORIZED	supplement		00_nucleo/diagnosticos/p1322-sentinels-normal.json#p1307.yaml.edge.empty-dict
p1307.json.edge.nested	p1307.json.edge.nested	default,html,a11y,html+a11y	default:MATCH_VALUE;html:MATCH_VALUE;a11y:MATCH_VALUE;html+a11y:MATCH_VALUE	default:Preserved;html:Preserved;a11y:Preserved;html+a11y:Preserved	CLOSED_MEASURED_FUNCTIONAL_SENTINEL				json.encode((z: (q: 1, a: (2, 3)), a: "x", m: (b: false)))	Only this complete bilateral assertion/projection is closed; historical expected preservation is distinct from parity.	Equal complete language observation on same literal source/profile refutes this divergence; a different required owner refutes proposed causal scope.	NO_CHANGE_AUTHORIZED	supplement		00_nucleo/diagnosticos/p1322-sentinels-normal.json#p1307.json.edge.nested
p1307.toml.edge.nested	p1307.toml.edge.nested	default,html,a11y,html+a11y	default:MATCH_VALUE;html:MATCH_VALUE;a11y:MATCH_VALUE;html+a11y:MATCH_VALUE	default:Preserved;html:Preserved;a11y:Preserved;html+a11y:Preserved	CLOSED_MEASURED_FUNCTIONAL_SENTINEL				toml.encode((value: (z: (q: 1, a: (2, 3)), a: "x", m: (b: false))))	Only this complete bilateral assertion/projection is closed; historical expected preservation is distinct from parity.	Equal complete language observation on same literal source/profile refutes this divergence; a different required owner refutes proposed causal scope.	NO_CHANGE_AUTHORIZED	supplement		00_nucleo/diagnosticos/p1322-sentinels-normal.json#p1307.toml.edge.nested
p1307.yaml.edge.nested	p1307.yaml.edge.nested	default,html,a11y,html+a11y	default:MATCH_VALUE;html:MATCH_VALUE;a11y:MATCH_VALUE;html+a11y:MATCH_VALUE	default:Preserved;html:Preserved;a11y:Preserved;html+a11y:Preserved	CLOSED_MEASURED_FUNCTIONAL_SENTINEL				yaml.encode((z: (q: 1, a: (2, 3)), a: "x", m: (b: false)))	Only this complete bilateral assertion/projection is closed; historical expected preservation is distinct from parity.	Equal complete language observation on same literal source/profile refutes this divergence; a different required owner refutes proposed causal scope.	NO_CHANGE_AUTHORIZED	supplement		00_nucleo/diagnosticos/p1322-sentinels-normal.json#p1307.yaml.edge.nested
p1307.json.edge.key-escaping	p1307.json.edge.key-escaping	default,html,a11y,html+a11y	default:MATCH_VALUE;html:MATCH_VALUE;a11y:MATCH_VALUE;html+a11y:MATCH_VALUE	default:Preserved;html:Preserved;a11y:Preserved;html+a11y:Preserved	CLOSED_MEASURED_FUNCTIONAL_SENTINEL				json.encode(("z z": 1, "a:b": 2, "quo\"te": 3, "ü": 4))	Only this complete bilateral assertion/projection is closed; historical expected preservation is distinct from parity.	Equal complete language observation on same literal source/profile refutes this divergence; a different required owner refutes proposed causal scope.	NO_CHANGE_AUTHORIZED	supplement		00_nucleo/diagnosticos/p1322-sentinels-normal.json#p1307.json.edge.key-escaping
p1307.toml.edge.key-escaping	p1307.toml.edge.key-escaping	default,html,a11y,html+a11y	default:MATCH_VALUE;html:MATCH_VALUE;a11y:MATCH_VALUE;html+a11y:MATCH_VALUE	default:Preserved;html:Preserved;a11y:Preserved;html+a11y:Preserved	CLOSED_MEASURED_FUNCTIONAL_SENTINEL				toml.encode((value: ("z z": 1, "a:b": 2, "quo\"te": 3, "ü": 4)))	Only this complete bilateral assertion/projection is closed; historical expected preservation is distinct from parity.	Equal complete language observation on same literal source/profile refutes this divergence; a different required owner refutes proposed causal scope.	NO_CHANGE_AUTHORIZED	supplement		00_nucleo/diagnosticos/p1322-sentinels-normal.json#p1307.toml.edge.key-escaping
p1307.yaml.edge.key-escaping	p1307.yaml.edge.key-escaping	default,html,a11y,html+a11y	default:MATCH_VALUE;html:MATCH_VALUE;a11y:MATCH_VALUE;html+a11y:MATCH_VALUE	default:Preserved;html:Preserved;a11y:Preserved;html+a11y:Preserved	CLOSED_MEASURED_FUNCTIONAL_SENTINEL				yaml.encode(("z z": 1, "a:b": 2, "quo\"te": 3, "ü": 4))	Only this complete bilateral assertion/projection is closed; historical expected preservation is distinct from parity.	Equal complete language observation on same literal source/profile refutes this divergence; a different required owner refutes proposed causal scope.	NO_CHANGE_AUTHORIZED	supplement		00_nucleo/diagnosticos/p1322-sentinels-normal.json#p1307.yaml.edge.key-escaping
p1307.json.edge.array-heterogeneous	p1307.json.edge.array-heterogeneous	default,html,a11y,html+a11y	default:MATCH_VALUE;html:MATCH_VALUE;a11y:MATCH_VALUE;html+a11y:MATCH_VALUE	default:Preserved;html:Preserved;a11y:Preserved;html+a11y:Preserved	CLOSED_MEASURED_FUNCTIONAL_SENTINEL				json.encode((1, "x", true, (a: 2)))	Only this complete bilateral assertion/projection is closed; historical expected preservation is distinct from parity.	Equal complete language observation on same literal source/profile refutes this divergence; a different required owner refutes proposed causal scope.	NO_CHANGE_AUTHORIZED	supplement		00_nucleo/diagnosticos/p1322-sentinels-normal.json#p1307.json.edge.array-heterogeneous
p1307.toml.edge.array-heterogeneous	p1307.toml.edge.array-heterogeneous	default,html,a11y,html+a11y	default:MATCH_VALUE;html:MATCH_VALUE;a11y:MATCH_VALUE;html+a11y:MATCH_VALUE	default:Preserved;html:Preserved;a11y:Preserved;html+a11y:Preserved	CLOSED_MEASURED_FUNCTIONAL_SENTINEL				toml.encode((value: (1, "x", true, (a: 2))))	Only this complete bilateral assertion/projection is closed; historical expected preservation is distinct from parity.	Equal complete language observation on same literal source/profile refutes this divergence; a different required owner refutes proposed causal scope.	NO_CHANGE_AUTHORIZED	supplement		00_nucleo/diagnosticos/p1322-sentinels-normal.json#p1307.toml.edge.array-heterogeneous
p1307.yaml.edge.array-heterogeneous	p1307.yaml.edge.array-heterogeneous	default,html,a11y,html+a11y	default:MATCH_VALUE;html:MATCH_VALUE;a11y:MATCH_VALUE;html+a11y:MATCH_VALUE	default:Preserved;html:Preserved;a11y:Preserved;html+a11y:Preserved	CLOSED_MEASURED_FUNCTIONAL_SENTINEL				yaml.encode((1, "x", true, (a: 2)))	Only this complete bilateral assertion/projection is closed; historical expected preservation is distinct from parity.	Equal complete language observation on same literal source/profile refutes this divergence; a different required owner refutes proposed causal scope.	NO_CHANGE_AUTHORIZED	supplement		00_nucleo/diagnosticos/p1322-sentinels-normal.json#p1307.yaml.edge.array-heterogeneous
p1307.json.edge.int-max	p1307.json.edge.int-max	default,html,a11y,html+a11y	default:MATCH_VALUE;html:MATCH_VALUE;a11y:MATCH_VALUE;html+a11y:MATCH_VALUE	default:Preserved;html:Preserved;a11y:Preserved;html+a11y:Preserved	CLOSED_MEASURED_FUNCTIONAL_SENTINEL				json.encode(9223372036854775807)	Only this complete bilateral assertion/projection is closed; historical expected preservation is distinct from parity.	Equal complete language observation on same literal source/profile refutes this divergence; a different required owner refutes proposed causal scope.	NO_CHANGE_AUTHORIZED	supplement		00_nucleo/diagnosticos/p1322-sentinels-normal.json#p1307.json.edge.int-max
p1307.toml.edge.int-max	p1307.toml.edge.int-max	default,html,a11y,html+a11y	default:MATCH_VALUE;html:MATCH_VALUE;a11y:MATCH_VALUE;html+a11y:MATCH_VALUE	default:Preserved;html:Preserved;a11y:Preserved;html+a11y:Preserved	CLOSED_MEASURED_FUNCTIONAL_SENTINEL				toml.encode((value: 9223372036854775807))	Only this complete bilateral assertion/projection is closed; historical expected preservation is distinct from parity.	Equal complete language observation on same literal source/profile refutes this divergence; a different required owner refutes proposed causal scope.	NO_CHANGE_AUTHORIZED	supplement		00_nucleo/diagnosticos/p1322-sentinels-normal.json#p1307.toml.edge.int-max
p1307.yaml.edge.int-max	p1307.yaml.edge.int-max	default,html,a11y,html+a11y	default:MATCH_VALUE;html:MATCH_VALUE;a11y:MATCH_VALUE;html+a11y:MATCH_VALUE	default:Preserved;html:Preserved;a11y:Preserved;html+a11y:Preserved	CLOSED_MEASURED_FUNCTIONAL_SENTINEL				yaml.encode(9223372036854775807)	Only this complete bilateral assertion/projection is closed; historical expected preservation is distinct from parity.	Equal complete language observation on same literal source/profile refutes this divergence; a different required owner refutes proposed causal scope.	NO_CHANGE_AUTHORIZED	supplement		00_nucleo/diagnosticos/p1322-sentinels-normal.json#p1307.yaml.edge.int-max
p1307.json.edge.int-min	p1307.json.edge.int-min	default,html,a11y,html+a11y	default:MATCH_VALUE;html:MATCH_VALUE;a11y:MATCH_VALUE;html+a11y:MATCH_VALUE	default:Preserved;html:Preserved;a11y:Preserved;html+a11y:Preserved	CLOSED_MEASURED_FUNCTIONAL_SENTINEL				json.encode(-9223372036854775807 - 1)	Only this complete bilateral assertion/projection is closed; historical expected preservation is distinct from parity.	Equal complete language observation on same literal source/profile refutes this divergence; a different required owner refutes proposed causal scope.	NO_CHANGE_AUTHORIZED	supplement		00_nucleo/diagnosticos/p1322-sentinels-normal.json#p1307.json.edge.int-min
p1307.toml.edge.int-min	p1307.toml.edge.int-min	default,html,a11y,html+a11y	default:MATCH_VALUE;html:MATCH_VALUE;a11y:MATCH_VALUE;html+a11y:MATCH_VALUE	default:Preserved;html:Preserved;a11y:Preserved;html+a11y:Preserved	CLOSED_MEASURED_FUNCTIONAL_SENTINEL				toml.encode((value: -9223372036854775807 - 1))	Only this complete bilateral assertion/projection is closed; historical expected preservation is distinct from parity.	Equal complete language observation on same literal source/profile refutes this divergence; a different required owner refutes proposed causal scope.	NO_CHANGE_AUTHORIZED	supplement		00_nucleo/diagnosticos/p1322-sentinels-normal.json#p1307.toml.edge.int-min
p1307.yaml.edge.int-min	p1307.yaml.edge.int-min	default,html,a11y,html+a11y	default:MATCH_VALUE;html:MATCH_VALUE;a11y:MATCH_VALUE;html+a11y:MATCH_VALUE	default:Preserved;html:Preserved;a11y:Preserved;html+a11y:Preserved	CLOSED_MEASURED_FUNCTIONAL_SENTINEL				yaml.encode(-9223372036854775807 - 1)	Only this complete bilateral assertion/projection is closed; historical expected preservation is distinct from parity.	Equal complete language observation on same literal source/profile refutes this divergence; a different required owner refutes proposed causal scope.	NO_CHANGE_AUTHORIZED	supplement		00_nucleo/diagnosticos/p1322-sentinels-normal.json#p1307.yaml.edge.int-min
p1307.json.edge.negative-zero	p1307.json.edge.negative-zero	default,html,a11y,html+a11y	default:MATCH_VALUE;html:MATCH_VALUE;a11y:MATCH_VALUE;html+a11y:MATCH_VALUE	default:Preserved;html:Preserved;a11y:Preserved;html+a11y:Preserved	CLOSED_MEASURED_FUNCTIONAL_SENTINEL				json.encode(-0.0)	Only this complete bilateral assertion/projection is closed; historical expected preservation is distinct from parity.	Equal complete language observation on same literal source/profile refutes this divergence; a different required owner refutes proposed causal scope.	NO_CHANGE_AUTHORIZED	supplement		00_nucleo/diagnosticos/p1322-sentinels-normal.json#p1307.json.edge.negative-zero
p1307.toml.edge.negative-zero	p1307.toml.edge.negative-zero	default,html,a11y,html+a11y	default:MATCH_VALUE;html:MATCH_VALUE;a11y:MATCH_VALUE;html+a11y:MATCH_VALUE	default:Preserved;html:Preserved;a11y:Preserved;html+a11y:Preserved	CLOSED_MEASURED_FUNCTIONAL_SENTINEL				toml.encode((value: -0.0))	Only this complete bilateral assertion/projection is closed; historical expected preservation is distinct from parity.	Equal complete language observation on same literal source/profile refutes this divergence; a different required owner refutes proposed causal scope.	NO_CHANGE_AUTHORIZED	supplement		00_nucleo/diagnosticos/p1322-sentinels-normal.json#p1307.toml.edge.negative-zero
p1307.yaml.edge.negative-zero	p1307.yaml.edge.negative-zero	default,html,a11y,html+a11y	default:MATCH_VALUE;html:MATCH_VALUE;a11y:MATCH_VALUE;html+a11y:MATCH_VALUE	default:Preserved;html:Preserved;a11y:Preserved;html+a11y:Preserved	CLOSED_MEASURED_FUNCTIONAL_SENTINEL				yaml.encode(-0.0)	Only this complete bilateral assertion/projection is closed; historical expected preservation is distinct from parity.	Equal complete language observation on same literal source/profile refutes this divergence; a different required owner refutes proposed causal scope.	NO_CHANGE_AUTHORIZED	supplement		00_nucleo/diagnosticos/p1322-sentinels-normal.json#p1307.yaml.edge.negative-zero
p1307.json.edge.nan	p1307.json.edge.nan	default,html,a11y,html+a11y	default:MATCH_VALUE;html:MATCH_VALUE;a11y:MATCH_VALUE;html+a11y:MATCH_VALUE	default:Preserved;html:Preserved;a11y:Preserved;html+a11y:Preserved	CLOSED_MEASURED_FUNCTIONAL_SENTINEL				json.encode(float("nan"))	Only this complete bilateral assertion/projection is closed; historical expected preservation is distinct from parity.	Equal complete language observation on same literal source/profile refutes this divergence; a different required owner refutes proposed causal scope.	NO_CHANGE_AUTHORIZED	supplement		00_nucleo/diagnosticos/p1322-sentinels-normal.json#p1307.json.edge.nan
p1307.toml.edge.nan	p1307.toml.edge.nan	default,html,a11y,html+a11y	default:MATCH_VALUE;html:MATCH_VALUE;a11y:MATCH_VALUE;html+a11y:MATCH_VALUE	default:Preserved;html:Preserved;a11y:Preserved;html+a11y:Preserved	CLOSED_MEASURED_FUNCTIONAL_SENTINEL				toml.encode((value: float("nan")))	Only this complete bilateral assertion/projection is closed; historical expected preservation is distinct from parity.	Equal complete language observation on same literal source/profile refutes this divergence; a different required owner refutes proposed causal scope.	NO_CHANGE_AUTHORIZED	supplement		00_nucleo/diagnosticos/p1322-sentinels-normal.json#p1307.toml.edge.nan
p1307.yaml.edge.nan	p1307.yaml.edge.nan	default,html,a11y,html+a11y	default:MATCH_VALUE;html:MATCH_VALUE;a11y:MATCH_VALUE;html+a11y:MATCH_VALUE	default:Preserved;html:Preserved;a11y:Preserved;html+a11y:Preserved	CLOSED_MEASURED_FUNCTIONAL_SENTINEL				yaml.encode(float("nan"))	Only this complete bilateral assertion/projection is closed; historical expected preservation is distinct from parity.	Equal complete language observation on same literal source/profile refutes this divergence; a different required owner refutes proposed causal scope.	NO_CHANGE_AUTHORIZED	supplement		00_nucleo/diagnosticos/p1322-sentinels-normal.json#p1307.yaml.edge.nan
p1307.json.edge.inf	p1307.json.edge.inf	default,html,a11y,html+a11y	default:MATCH_VALUE;html:MATCH_VALUE;a11y:MATCH_VALUE;html+a11y:MATCH_VALUE	default:Preserved;html:Preserved;a11y:Preserved;html+a11y:Preserved	CLOSED_MEASURED_FUNCTIONAL_SENTINEL				json.encode(float("inf"))	Only this complete bilateral assertion/projection is closed; historical expected preservation is distinct from parity.	Equal complete language observation on same literal source/profile refutes this divergence; a different required owner refutes proposed causal scope.	NO_CHANGE_AUTHORIZED	supplement		00_nucleo/diagnosticos/p1322-sentinels-normal.json#p1307.json.edge.inf
p1307.toml.edge.inf	p1307.toml.edge.inf	default,html,a11y,html+a11y	default:MATCH_VALUE;html:MATCH_VALUE;a11y:MATCH_VALUE;html+a11y:MATCH_VALUE	default:Preserved;html:Preserved;a11y:Preserved;html+a11y:Preserved	CLOSED_MEASURED_FUNCTIONAL_SENTINEL				toml.encode((value: float("inf")))	Only this complete bilateral assertion/projection is closed; historical expected preservation is distinct from parity.	Equal complete language observation on same literal source/profile refutes this divergence; a different required owner refutes proposed causal scope.	NO_CHANGE_AUTHORIZED	supplement		00_nucleo/diagnosticos/p1322-sentinels-normal.json#p1307.toml.edge.inf
p1307.yaml.edge.inf	p1307.yaml.edge.inf	default,html,a11y,html+a11y	default:MATCH_VALUE;html:MATCH_VALUE;a11y:MATCH_VALUE;html+a11y:MATCH_VALUE	default:Preserved;html:Preserved;a11y:Preserved;html+a11y:Preserved	CLOSED_MEASURED_FUNCTIONAL_SENTINEL				yaml.encode(float("inf"))	Only this complete bilateral assertion/projection is closed; historical expected preservation is distinct from parity.	Equal complete language observation on same literal source/profile refutes this divergence; a different required owner refutes proposed causal scope.	NO_CHANGE_AUTHORIZED	supplement		00_nucleo/diagnosticos/p1322-sentinels-normal.json#p1307.yaml.edge.inf
p1307.json.edge.negative-inf	p1307.json.edge.negative-inf	default,html,a11y,html+a11y	default:MATCH_VALUE;html:MATCH_VALUE;a11y:MATCH_VALUE;html+a11y:MATCH_VALUE	default:Preserved;html:Preserved;a11y:Preserved;html+a11y:Preserved	CLOSED_MEASURED_FUNCTIONAL_SENTINEL				json.encode(-float("inf"))	Only this complete bilateral assertion/projection is closed; historical expected preservation is distinct from parity.	Equal complete language observation on same literal source/profile refutes this divergence; a different required owner refutes proposed causal scope.	NO_CHANGE_AUTHORIZED	supplement		00_nucleo/diagnosticos/p1322-sentinels-normal.json#p1307.json.edge.negative-inf
p1307.toml.edge.negative-inf	p1307.toml.edge.negative-inf	default,html,a11y,html+a11y	default:MATCH_VALUE;html:MATCH_VALUE;a11y:MATCH_VALUE;html+a11y:MATCH_VALUE	default:Preserved;html:Preserved;a11y:Preserved;html+a11y:Preserved	CLOSED_MEASURED_FUNCTIONAL_SENTINEL				toml.encode((value: -float("inf")))	Only this complete bilateral assertion/projection is closed; historical expected preservation is distinct from parity.	Equal complete language observation on same literal source/profile refutes this divergence; a different required owner refutes proposed causal scope.	NO_CHANGE_AUTHORIZED	supplement		00_nucleo/diagnosticos/p1322-sentinels-normal.json#p1307.toml.edge.negative-inf
p1307.yaml.edge.negative-inf	p1307.yaml.edge.negative-inf	default,html,a11y,html+a11y	default:MATCH_VALUE;html:MATCH_VALUE;a11y:MATCH_VALUE;html+a11y:MATCH_VALUE	default:Preserved;html:Preserved;a11y:Preserved;html+a11y:Preserved	CLOSED_MEASURED_FUNCTIONAL_SENTINEL				yaml.encode(-float("inf"))	Only this complete bilateral assertion/projection is closed; historical expected preservation is distinct from parity.	Equal complete language observation on same literal source/profile refutes this divergence; a different required owner refutes proposed causal scope.	NO_CHANGE_AUTHORIZED	supplement		00_nucleo/diagnosticos/p1322-sentinels-normal.json#p1307.yaml.edge.negative-inf
p1307.json.edge.float-max	p1307.json.edge.float-max	default,html,a11y,html+a11y	default:MATCH_VALUE;html:MATCH_VALUE;a11y:MATCH_VALUE;html+a11y:MATCH_VALUE	default:Preserved;html:Preserved;a11y:Preserved;html+a11y:Preserved	CLOSED_MEASURED_FUNCTIONAL_SENTINEL				json.encode(1.7976931348623157e308)	Only this complete bilateral assertion/projection is closed; historical expected preservation is distinct from parity.	Equal complete language observation on same literal source/profile refutes this divergence; a different required owner refutes proposed causal scope.	NO_CHANGE_AUTHORIZED	supplement		00_nucleo/diagnosticos/p1322-sentinels-normal.json#p1307.json.edge.float-max
p1307.toml.edge.float-max	p1307.toml.edge.float-max	default,html,a11y,html+a11y	default:MATCH_VALUE;html:MATCH_VALUE;a11y:MATCH_VALUE;html+a11y:MATCH_VALUE	default:Preserved;html:Preserved;a11y:Preserved;html+a11y:Preserved	CLOSED_MEASURED_FUNCTIONAL_SENTINEL				toml.encode((value: 1.7976931348623157e308))	Only this complete bilateral assertion/projection is closed; historical expected preservation is distinct from parity.	Equal complete language observation on same literal source/profile refutes this divergence; a different required owner refutes proposed causal scope.	NO_CHANGE_AUTHORIZED	supplement		00_nucleo/diagnosticos/p1322-sentinels-normal.json#p1307.toml.edge.float-max
p1307.yaml.edge.float-max	p1307.yaml.edge.float-max	default,html,a11y,html+a11y	default:MATCH_VALUE;html:MATCH_VALUE;a11y:MATCH_VALUE;html+a11y:MATCH_VALUE	default:Preserved;html:Preserved;a11y:Preserved;html+a11y:Preserved	CLOSED_MEASURED_FUNCTIONAL_SENTINEL				yaml.encode(1.7976931348623157e308)	Only this complete bilateral assertion/projection is closed; historical expected preservation is distinct from parity.	Equal complete language observation on same literal source/profile refutes this divergence; a different required owner refutes proposed causal scope.	NO_CHANGE_AUTHORIZED	supplement		00_nucleo/diagnosticos/p1322-sentinels-normal.json#p1307.yaml.edge.float-max
p1307.json.edge.float-min-normal	p1307.json.edge.float-min-normal	default,html,a11y,html+a11y	default:MATCH_VALUE;html:MATCH_VALUE;a11y:MATCH_VALUE;html+a11y:MATCH_VALUE	default:Preserved;html:Preserved;a11y:Preserved;html+a11y:Preserved	CLOSED_MEASURED_FUNCTIONAL_SENTINEL				json.encode(2.2250738585072014e-308)	Only this complete bilateral assertion/projection is closed; historical expected preservation is distinct from parity.	Equal complete language observation on same literal source/profile refutes this divergence; a different required owner refutes proposed causal scope.	NO_CHANGE_AUTHORIZED	supplement		00_nucleo/diagnosticos/p1322-sentinels-normal.json#p1307.json.edge.float-min-normal
p1307.toml.edge.float-min-normal	p1307.toml.edge.float-min-normal	default,html,a11y,html+a11y	default:MATCH_VALUE;html:MATCH_VALUE;a11y:MATCH_VALUE;html+a11y:MATCH_VALUE	default:Preserved;html:Preserved;a11y:Preserved;html+a11y:Preserved	CLOSED_MEASURED_FUNCTIONAL_SENTINEL				toml.encode((value: 2.2250738585072014e-308))	Only this complete bilateral assertion/projection is closed; historical expected preservation is distinct from parity.	Equal complete language observation on same literal source/profile refutes this divergence; a different required owner refutes proposed causal scope.	NO_CHANGE_AUTHORIZED	supplement		00_nucleo/diagnosticos/p1322-sentinels-normal.json#p1307.toml.edge.float-min-normal
p1307.yaml.edge.float-min-normal	p1307.yaml.edge.float-min-normal	default,html,a11y,html+a11y	default:MATCH_VALUE;html:MATCH_VALUE;a11y:MATCH_VALUE;html+a11y:MATCH_VALUE	default:Preserved;html:Preserved;a11y:Preserved;html+a11y:Preserved	CLOSED_MEASURED_FUNCTIONAL_SENTINEL				yaml.encode(2.2250738585072014e-308)	Only this complete bilateral assertion/projection is closed; historical expected preservation is distinct from parity.	Equal complete language observation on same literal source/profile refutes this divergence; a different required owner refutes proposed causal scope.	NO_CHANGE_AUTHORIZED	supplement		00_nucleo/diagnosticos/p1322-sentinels-normal.json#p1307.yaml.edge.float-min-normal
p1307.json.edge.float-subnormal	p1307.json.edge.float-subnormal	default,html,a11y,html+a11y	default:MATCH_VALUE;html:MATCH_VALUE;a11y:MATCH_VALUE;html+a11y:MATCH_VALUE	default:Preserved;html:Preserved;a11y:Preserved;html+a11y:Preserved	CLOSED_MEASURED_FUNCTIONAL_SENTINEL				json.encode(5e-324)	Only this complete bilateral assertion/projection is closed; historical expected preservation is distinct from parity.	Equal complete language observation on same literal source/profile refutes this divergence; a different required owner refutes proposed causal scope.	NO_CHANGE_AUTHORIZED	supplement		00_nucleo/diagnosticos/p1322-sentinels-normal.json#p1307.json.edge.float-subnormal
p1307.toml.edge.float-subnormal	p1307.toml.edge.float-subnormal	default,html,a11y,html+a11y	default:MATCH_VALUE;html:MATCH_VALUE;a11y:MATCH_VALUE;html+a11y:MATCH_VALUE	default:Preserved;html:Preserved;a11y:Preserved;html+a11y:Preserved	CLOSED_MEASURED_FUNCTIONAL_SENTINEL				toml.encode((value: 5e-324))	Only this complete bilateral assertion/projection is closed; historical expected preservation is distinct from parity.	Equal complete language observation on same literal source/profile refutes this divergence; a different required owner refutes proposed causal scope.	NO_CHANGE_AUTHORIZED	supplement		00_nucleo/diagnosticos/p1322-sentinels-normal.json#p1307.toml.edge.float-subnormal
p1307.yaml.edge.float-subnormal	p1307.yaml.edge.float-subnormal	default,html,a11y,html+a11y	default:MATCH_VALUE;html:MATCH_VALUE;a11y:MATCH_VALUE;html+a11y:MATCH_VALUE	default:Preserved;html:Preserved;a11y:Preserved;html+a11y:Preserved	CLOSED_MEASURED_FUNCTIONAL_SENTINEL				yaml.encode(5e-324)	Only this complete bilateral assertion/projection is closed; historical expected preservation is distinct from parity.	Equal complete language observation on same literal source/profile refutes this divergence; a different required owner refutes proposed causal scope.	NO_CHANGE_AUTHORIZED	supplement		00_nucleo/diagnosticos/p1322-sentinels-normal.json#p1307.yaml.edge.float-subnormal
p1307.json.edge.float-safe-integer	p1307.json.edge.float-safe-integer	default,html,a11y,html+a11y	default:MATCH_VALUE;html:MATCH_VALUE;a11y:MATCH_VALUE;html+a11y:MATCH_VALUE	default:Preserved;html:Preserved;a11y:Preserved;html+a11y:Preserved	CLOSED_MEASURED_FUNCTIONAL_SENTINEL				json.encode(9007199254740992.0)	Only this complete bilateral assertion/projection is closed; historical expected preservation is distinct from parity.	Equal complete language observation on same literal source/profile refutes this divergence; a different required owner refutes proposed causal scope.	NO_CHANGE_AUTHORIZED	supplement		00_nucleo/diagnosticos/p1322-sentinels-normal.json#p1307.json.edge.float-safe-integer
p1307.toml.edge.float-safe-integer	p1307.toml.edge.float-safe-integer	default,html,a11y,html+a11y	default:MATCH_VALUE;html:MATCH_VALUE;a11y:MATCH_VALUE;html+a11y:MATCH_VALUE	default:Preserved;html:Preserved;a11y:Preserved;html+a11y:Preserved	CLOSED_MEASURED_FUNCTIONAL_SENTINEL				toml.encode((value: 9007199254740992.0))	Only this complete bilateral assertion/projection is closed; historical expected preservation is distinct from parity.	Equal complete language observation on same literal source/profile refutes this divergence; a different required owner refutes proposed causal scope.	NO_CHANGE_AUTHORIZED	supplement		00_nucleo/diagnosticos/p1322-sentinels-normal.json#p1307.toml.edge.float-safe-integer
p1307.yaml.edge.float-safe-integer	p1307.yaml.edge.float-safe-integer	default,html,a11y,html+a11y	default:MATCH_VALUE;html:MATCH_VALUE;a11y:MATCH_VALUE;html+a11y:MATCH_VALUE	default:Preserved;html:Preserved;a11y:Preserved;html+a11y:Preserved	CLOSED_MEASURED_FUNCTIONAL_SENTINEL				yaml.encode(9007199254740992.0)	Only this complete bilateral assertion/projection is closed; historical expected preservation is distinct from parity.	Equal complete language observation on same literal source/profile refutes this divergence; a different required owner refutes proposed causal scope.	NO_CHANGE_AUTHORIZED	supplement		00_nucleo/diagnosticos/p1322-sentinels-normal.json#p1307.yaml.edge.float-safe-integer
p1307.json.edge.float-exponent	p1307.json.edge.float-exponent	default,html,a11y,html+a11y	default:MATCH_VALUE;html:MATCH_VALUE;a11y:MATCH_VALUE;html+a11y:MATCH_VALUE	default:Preserved;html:Preserved;a11y:Preserved;html+a11y:Preserved	CLOSED_MEASURED_FUNCTIONAL_SENTINEL				json.encode(1e20)	Only this complete bilateral assertion/projection is closed; historical expected preservation is distinct from parity.	Equal complete language observation on same literal source/profile refutes this divergence; a different required owner refutes proposed causal scope.	NO_CHANGE_AUTHORIZED	supplement		00_nucleo/diagnosticos/p1322-sentinels-normal.json#p1307.json.edge.float-exponent
p1307.toml.edge.float-exponent	p1307.toml.edge.float-exponent	default,html,a11y,html+a11y	default:MATCH_VALUE;html:MATCH_VALUE;a11y:MATCH_VALUE;html+a11y:MATCH_VALUE	default:Preserved;html:Preserved;a11y:Preserved;html+a11y:Preserved	CLOSED_MEASURED_FUNCTIONAL_SENTINEL				toml.encode((value: 1e20))	Only this complete bilateral assertion/projection is closed; historical expected preservation is distinct from parity.	Equal complete language observation on same literal source/profile refutes this divergence; a different required owner refutes proposed causal scope.	NO_CHANGE_AUTHORIZED	supplement		00_nucleo/diagnosticos/p1322-sentinels-normal.json#p1307.toml.edge.float-exponent
p1307.yaml.edge.float-exponent	p1307.yaml.edge.float-exponent	default,html,a11y,html+a11y	default:MATCH_VALUE;html:MATCH_VALUE;a11y:MATCH_VALUE;html+a11y:MATCH_VALUE	default:Preserved;html:Preserved;a11y:Preserved;html+a11y:Preserved	CLOSED_MEASURED_FUNCTIONAL_SENTINEL				yaml.encode(1e20)	Only this complete bilateral assertion/projection is closed; historical expected preservation is distinct from parity.	Equal complete language observation on same literal source/profile refutes this divergence; a different required owner refutes proposed causal scope.	NO_CHANGE_AUTHORIZED	supplement		00_nucleo/diagnosticos/p1322-sentinels-normal.json#p1307.yaml.edge.float-exponent
p1307.json.edge.float-small	p1307.json.edge.float-small	default,html,a11y,html+a11y	default:MATCH_VALUE;html:MATCH_VALUE;a11y:MATCH_VALUE;html+a11y:MATCH_VALUE	default:Preserved;html:Preserved;a11y:Preserved;html+a11y:Preserved	CLOSED_MEASURED_FUNCTIONAL_SENTINEL				json.encode(1e-7)	Only this complete bilateral assertion/projection is closed; historical expected preservation is distinct from parity.	Equal complete language observation on same literal source/profile refutes this divergence; a different required owner refutes proposed causal scope.	NO_CHANGE_AUTHORIZED	supplement		00_nucleo/diagnosticos/p1322-sentinels-normal.json#p1307.json.edge.float-small
p1307.toml.edge.float-small	p1307.toml.edge.float-small	default,html,a11y,html+a11y	default:MATCH_VALUE;html:MATCH_VALUE;a11y:MATCH_VALUE;html+a11y:MATCH_VALUE	default:Preserved;html:Preserved;a11y:Preserved;html+a11y:Preserved	CLOSED_MEASURED_FUNCTIONAL_SENTINEL				toml.encode((value: 1e-7))	Only this complete bilateral assertion/projection is closed; historical expected preservation is distinct from parity.	Equal complete language observation on same literal source/profile refutes this divergence; a different required owner refutes proposed causal scope.	NO_CHANGE_AUTHORIZED	supplement		00_nucleo/diagnosticos/p1322-sentinels-normal.json#p1307.toml.edge.float-small
p1307.yaml.edge.float-small	p1307.yaml.edge.float-small	default,html,a11y,html+a11y	default:MATCH_VALUE;html:MATCH_VALUE;a11y:MATCH_VALUE;html+a11y:MATCH_VALUE	default:Preserved;html:Preserved;a11y:Preserved;html+a11y:Preserved	CLOSED_MEASURED_FUNCTIONAL_SENTINEL				yaml.encode(1e-7)	Only this complete bilateral assertion/projection is closed; historical expected preservation is distinct from parity.	Equal complete language observation on same literal source/profile refutes this divergence; a different required owner refutes proposed causal scope.	NO_CHANGE_AUTHORIZED	supplement		00_nucleo/diagnosticos/p1322-sentinels-normal.json#p1307.yaml.edge.float-small
p1307.json.edge.bytes-empty	p1307.json.edge.bytes-empty	default,html,a11y,html+a11y	default:MATCH_VALUE;html:MATCH_VALUE;a11y:MATCH_VALUE;html+a11y:MATCH_VALUE	default:Preserved;html:Preserved;a11y:Preserved;html+a11y:Preserved	CLOSED_MEASURED_FUNCTIONAL_SENTINEL				json.encode(bytes(()))	Only this complete bilateral assertion/projection is closed; historical expected preservation is distinct from parity.	Equal complete language observation on same literal source/profile refutes this divergence; a different required owner refutes proposed causal scope.	NO_CHANGE_AUTHORIZED	supplement		00_nucleo/diagnosticos/p1322-sentinels-normal.json#p1307.json.edge.bytes-empty
p1307.toml.edge.bytes-empty	p1307.toml.edge.bytes-empty	default,html,a11y,html+a11y	default:MATCH_VALUE;html:MATCH_VALUE;a11y:MATCH_VALUE;html+a11y:MATCH_VALUE	default:Preserved;html:Preserved;a11y:Preserved;html+a11y:Preserved	CLOSED_MEASURED_FUNCTIONAL_SENTINEL				toml.encode((value: bytes(())))	Only this complete bilateral assertion/projection is closed; historical expected preservation is distinct from parity.	Equal complete language observation on same literal source/profile refutes this divergence; a different required owner refutes proposed causal scope.	NO_CHANGE_AUTHORIZED	supplement		00_nucleo/diagnosticos/p1322-sentinels-normal.json#p1307.toml.edge.bytes-empty
p1307.yaml.edge.bytes-empty	p1307.yaml.edge.bytes-empty	default,html,a11y,html+a11y	default:MATCH_VALUE;html:MATCH_VALUE;a11y:MATCH_VALUE;html+a11y:MATCH_VALUE	default:Preserved;html:Preserved;a11y:Preserved;html+a11y:Preserved	CLOSED_MEASURED_FUNCTIONAL_SENTINEL				yaml.encode(bytes(()))	Only this complete bilateral assertion/projection is closed; historical expected preservation is distinct from parity.	Equal complete language observation on same literal source/profile refutes this divergence; a different required owner refutes proposed causal scope.	NO_CHANGE_AUTHORIZED	supplement		00_nucleo/diagnosticos/p1322-sentinels-normal.json#p1307.yaml.edge.bytes-empty
p1307.json.edge.symbol-modifier	p1307.json.edge.symbol-modifier	default,html,a11y,html+a11y	default:MATCH_VALUE;html:MATCH_VALUE;a11y:MATCH_VALUE;html+a11y:MATCH_VALUE	default:Preserved;html:Preserved;a11y:Preserved;html+a11y:Preserved	CLOSED_MEASURED_FUNCTIONAL_SENTINEL				json.encode(sym.arrow.r.double)	Only this complete bilateral assertion/projection is closed; historical expected preservation is distinct from parity.	Equal complete language observation on same literal source/profile refutes this divergence; a different required owner refutes proposed causal scope.	NO_CHANGE_AUTHORIZED	supplement		00_nucleo/diagnosticos/p1322-sentinels-normal.json#p1307.json.edge.symbol-modifier
p1307.toml.edge.symbol-modifier	p1307.toml.edge.symbol-modifier	default,html,a11y,html+a11y	default:MATCH_VALUE;html:MATCH_VALUE;a11y:MATCH_VALUE;html+a11y:MATCH_VALUE	default:Preserved;html:Preserved;a11y:Preserved;html+a11y:Preserved	CLOSED_MEASURED_FUNCTIONAL_SENTINEL				toml.encode((value: sym.arrow.r.double))	Only this complete bilateral assertion/projection is closed; historical expected preservation is distinct from parity.	Equal complete language observation on same literal source/profile refutes this divergence; a different required owner refutes proposed causal scope.	NO_CHANGE_AUTHORIZED	supplement		00_nucleo/diagnosticos/p1322-sentinels-normal.json#p1307.toml.edge.symbol-modifier
p1307.yaml.edge.symbol-modifier	p1307.yaml.edge.symbol-modifier	default,html,a11y,html+a11y	default:MATCH_VALUE;html:MATCH_VALUE;a11y:MATCH_VALUE;html+a11y:MATCH_VALUE	default:Preserved;html:Preserved;a11y:Preserved;html+a11y:Preserved	CLOSED_MEASURED_FUNCTIONAL_SENTINEL				yaml.encode(sym.arrow.r.double)	Only this complete bilateral assertion/projection is closed; historical expected preservation is distinct from parity.	Equal complete language observation on same literal source/profile refutes this divergence; a different required owner refutes proposed causal scope.	NO_CHANGE_AUTHORIZED	supplement		00_nucleo/diagnosticos/p1322-sentinels-normal.json#p1307.yaml.edge.symbol-modifier
p1307.json.edge.content-empty	p1307.json.edge.content-empty	default,html,a11y,html+a11y	default:MATCH_VALUE;html:MATCH_VALUE;a11y:MATCH_VALUE;html+a11y:MATCH_VALUE	default:Preserved;html:Preserved;a11y:Preserved;html+a11y:Preserved	CLOSED_MEASURED_FUNCTIONAL_SENTINEL				json.encode([])	Only this complete bilateral assertion/projection is closed; historical expected preservation is distinct from parity.	Equal complete language observation on same literal source/profile refutes this divergence; a different required owner refutes proposed causal scope.	NO_CHANGE_AUTHORIZED	supplement		00_nucleo/diagnosticos/p1322-sentinels-normal.json#p1307.json.edge.content-empty
p1307.toml.edge.content-empty	p1307.toml.edge.content-empty	default,html,a11y,html+a11y	default:MATCH_VALUE;html:MATCH_VALUE;a11y:MATCH_VALUE;html+a11y:MATCH_VALUE	default:Preserved;html:Preserved;a11y:Preserved;html+a11y:Preserved	CLOSED_MEASURED_FUNCTIONAL_SENTINEL				toml.encode((value: []))	Only this complete bilateral assertion/projection is closed; historical expected preservation is distinct from parity.	Equal complete language observation on same literal source/profile refutes this divergence; a different required owner refutes proposed causal scope.	NO_CHANGE_AUTHORIZED	supplement		00_nucleo/diagnosticos/p1322-sentinels-normal.json#p1307.toml.edge.content-empty
p1307.yaml.edge.content-empty	p1307.yaml.edge.content-empty	default,html,a11y,html+a11y	default:MATCH_VALUE;html:MATCH_VALUE;a11y:MATCH_VALUE;html+a11y:MATCH_VALUE	default:Preserved;html:Preserved;a11y:Preserved;html+a11y:Preserved	CLOSED_MEASURED_FUNCTIONAL_SENTINEL				yaml.encode([])	Only this complete bilateral assertion/projection is closed; historical expected preservation is distinct from parity.	Equal complete language observation on same literal source/profile refutes this divergence; a different required owner refutes proposed causal scope.	NO_CHANGE_AUTHORIZED	supplement		00_nucleo/diagnosticos/p1322-sentinels-normal.json#p1307.yaml.edge.content-empty
p1307.json.edge.content-strong	p1307.json.edge.content-strong	default,html,a11y,html+a11y	default:MATCH_VALUE;html:MATCH_VALUE;a11y:MATCH_VALUE;html+a11y:MATCH_VALUE	default:Preserved;html:Preserved;a11y:Preserved;html+a11y:Preserved	CLOSED_MEASURED_FUNCTIONAL_SENTINEL				json.encode([*bold*])	Only this complete bilateral assertion/projection is closed; historical expected preservation is distinct from parity.	Equal complete language observation on same literal source/profile refutes this divergence; a different required owner refutes proposed causal scope.	NO_CHANGE_AUTHORIZED	supplement		00_nucleo/diagnosticos/p1322-sentinels-normal.json#p1307.json.edge.content-strong
p1307.toml.edge.content-strong	p1307.toml.edge.content-strong	default,html,a11y,html+a11y	default:MATCH_VALUE;html:MATCH_VALUE;a11y:MATCH_VALUE;html+a11y:MATCH_VALUE	default:Preserved;html:Preserved;a11y:Preserved;html+a11y:Preserved	CLOSED_MEASURED_FUNCTIONAL_SENTINEL				toml.encode((value: [*bold*]))	Only this complete bilateral assertion/projection is closed; historical expected preservation is distinct from parity.	Equal complete language observation on same literal source/profile refutes this divergence; a different required owner refutes proposed causal scope.	NO_CHANGE_AUTHORIZED	supplement		00_nucleo/diagnosticos/p1322-sentinels-normal.json#p1307.toml.edge.content-strong
p1307.yaml.edge.content-strong	p1307.yaml.edge.content-strong	default,html,a11y,html+a11y	default:MATCH_VALUE;html:MATCH_VALUE;a11y:MATCH_VALUE;html+a11y:MATCH_VALUE	default:Preserved;html:Preserved;a11y:Preserved;html+a11y:Preserved	CLOSED_MEASURED_FUNCTIONAL_SENTINEL				yaml.encode([*bold*])	Only this complete bilateral assertion/projection is closed; historical expected preservation is distinct from parity.	Equal complete language observation on same literal source/profile refutes this divergence; a different required owner refutes proposed causal scope.	NO_CHANGE_AUTHORIZED	supplement		00_nucleo/diagnosticos/p1322-sentinels-normal.json#p1307.yaml.edge.content-strong
p1307.json.edge.content-sequence	p1307.json.edge.content-sequence	default,html,a11y,html+a11y	default:MATCH_VALUE;html:MATCH_VALUE;a11y:MATCH_VALUE;html+a11y:MATCH_VALUE	default:Preserved;html:Preserved;a11y:Preserved;html+a11y:Preserved	CLOSED_MEASURED_FUNCTIONAL_SENTINEL				json.encode([a *b* c])	Only this complete bilateral assertion/projection is closed; historical expected preservation is distinct from parity.	Equal complete language observation on same literal source/profile refutes this divergence; a different required owner refutes proposed causal scope.	NO_CHANGE_AUTHORIZED	supplement		00_nucleo/diagnosticos/p1322-sentinels-normal.json#p1307.json.edge.content-sequence
p1307.toml.edge.content-sequence	p1307.toml.edge.content-sequence	default,html,a11y,html+a11y	default:MATCH_VALUE;html:MATCH_VALUE;a11y:MATCH_VALUE;html+a11y:MATCH_VALUE	default:Preserved;html:Preserved;a11y:Preserved;html+a11y:Preserved	CLOSED_MEASURED_FUNCTIONAL_SENTINEL				toml.encode((value: [a *b* c]))	Only this complete bilateral assertion/projection is closed; historical expected preservation is distinct from parity.	Equal complete language observation on same literal source/profile refutes this divergence; a different required owner refutes proposed causal scope.	NO_CHANGE_AUTHORIZED	supplement		00_nucleo/diagnosticos/p1322-sentinels-normal.json#p1307.toml.edge.content-sequence
p1307.yaml.edge.content-sequence	p1307.yaml.edge.content-sequence	default,html,a11y,html+a11y	default:MATCH_VALUE;html:MATCH_VALUE;a11y:MATCH_VALUE;html+a11y:MATCH_VALUE	default:Preserved;html:Preserved;a11y:Preserved;html+a11y:Preserved	CLOSED_MEASURED_FUNCTIONAL_SENTINEL				yaml.encode([a *b* c])	Only this complete bilateral assertion/projection is closed; historical expected preservation is distinct from parity.	Equal complete language observation on same literal source/profile refutes this divergence; a different required owner refutes proposed causal scope.	NO_CHANGE_AUTHORIZED	supplement		00_nucleo/diagnosticos/p1322-sentinels-normal.json#p1307.yaml.edge.content-sequence
p1307.json.identity	p1307.json.identity	default,html,a11y,html+a11y	default:MATCH_VALUE;html:MATCH_VALUE;a11y:MATCH_VALUE;html+a11y:MATCH_VALUE	default:Preserved;html:Preserved;a11y:Preserved;html+a11y:Preserved	CLOSED_MEASURED_FUNCTIONAL_SENTINEL				(repr(type(json)), repr(json), repr(type(json.encode)), repr(json.encode))	Only this complete bilateral assertion/projection is closed; historical expected preservation is distinct from parity.	Equal complete language observation on same literal source/profile refutes this divergence; a different required owner refutes proposed causal scope.	NO_CHANGE_AUTHORIZED	supplement		00_nucleo/diagnosticos/p1322-sentinels-normal.json#p1307.json.identity
p1307.json.arg.missing	p1307.json.arg.missing	default,html,a11y,html+a11y	default:MATCH_DIAGNOSTIC;html:MATCH_DIAGNOSTIC;a11y:MATCH_DIAGNOSTIC;html+a11y:MATCH_DIAGNOSTIC	default:Preserved;html:Preserved;a11y:Preserved;html+a11y:Preserved	CLOSED_MEASURED_FUNCTIONAL_SENTINEL				json.encode()	Only this complete bilateral assertion/projection is closed; historical expected preservation is distinct from parity.	Equal complete language observation on same literal source/profile refutes this divergence; a different required owner refutes proposed causal scope.	NO_CHANGE_AUTHORIZED	supplement		00_nucleo/diagnosticos/p1322-sentinels-normal.json#p1307.json.arg.missing
p1307.json.arg.extra	p1307.json.arg.extra	default,html,a11y,html+a11y	default:MATCH_DIAGNOSTIC;html:MATCH_DIAGNOSTIC;a11y:MATCH_DIAGNOSTIC;html+a11y:MATCH_DIAGNOSTIC	default:Preserved;html:Preserved;a11y:Preserved;html+a11y:Preserved	CLOSED_MEASURED_FUNCTIONAL_SENTINEL				json.encode((z: (1, 2), a: 3), 2)	Only this complete bilateral assertion/projection is closed; historical expected preservation is distinct from parity.	Equal complete language observation on same literal source/profile refutes this divergence; a different required owner refutes proposed causal scope.	NO_CHANGE_AUTHORIZED	supplement		00_nucleo/diagnosticos/p1322-sentinels-normal.json#p1307.json.arg.extra
p1307.json.arg.unexpected	p1307.json.arg.unexpected	default,html,a11y,html+a11y	default:MATCH_DIAGNOSTIC;html:MATCH_DIAGNOSTIC;a11y:MATCH_DIAGNOSTIC;html+a11y:MATCH_DIAGNOSTIC	default:Preserved;html:Preserved;a11y:Preserved;html+a11y:Preserved	CLOSED_MEASURED_FUNCTIONAL_SENTINEL				json.encode((z: (1, 2), a: 3), other: true)	Only this complete bilateral assertion/projection is closed; historical expected preservation is distinct from parity.	Equal complete language observation on same literal source/profile refutes this divergence; a different required owner refutes proposed causal scope.	NO_CHANGE_AUTHORIZED	supplement		00_nucleo/diagnosticos/p1322-sentinels-normal.json#p1307.json.arg.unexpected
p1307.json.arg.named-value	p1307.json.arg.named-value	default,html,a11y,html+a11y	default:MATCH_DIAGNOSTIC;html:MATCH_DIAGNOSTIC;a11y:MATCH_DIAGNOSTIC;html+a11y:MATCH_DIAGNOSTIC	default:Preserved;html:Preserved;a11y:Preserved;html+a11y:Preserved	CLOSED_MEASURED_FUNCTIONAL_SENTINEL				json.encode(value: (z: (1, 2), a: 3))	Only this complete bilateral assertion/projection is closed; historical expected preservation is distinct from parity.	Equal complete language observation on same literal source/profile refutes this divergence; a different required owner refutes proposed causal scope.	NO_CHANGE_AUTHORIZED	supplement		00_nucleo/diagnosticos/p1322-sentinels-normal.json#p1307.json.arg.named-value
p1307.json.with.parent-empty	p1307.json.with.parent-empty	default,html,a11y,html+a11y	default:MATCH_VALUE;html:MATCH_VALUE;a11y:MATCH_VALUE;html+a11y:MATCH_VALUE	default:Preserved;html:Preserved;a11y:Preserved;html+a11y:Preserved	CLOSED_MEASURED_FUNCTIONAL_SENTINEL				json.with().encode((z: (1, 2), a: 3))	Only this complete bilateral assertion/projection is closed; historical expected preservation is distinct from parity.	Equal complete language observation on same literal source/profile refutes this divergence; a different required owner refutes proposed causal scope.	NO_CHANGE_AUTHORIZED	supplement		00_nucleo/diagnosticos/p1322-sentinels-normal.json#p1307.json.with.parent-empty
p1307.json.with.parent-bound	p1307.json.with.parent-bound	default,html,a11y,html+a11y	default:MATCH_VALUE;html:MATCH_VALUE;a11y:MATCH_VALUE;html+a11y:MATCH_VALUE	default:Preserved;html:Preserved;a11y:Preserved;html+a11y:Preserved	CLOSED_MEASURED_FUNCTIONAL_SENTINEL				json.with(bytes("x")).encode((z: (1, 2), a: 3))	Only this complete bilateral assertion/projection is closed; historical expected preservation is distinct from parity.	Equal complete language observation on same literal source/profile refutes this divergence; a different required owner refutes proposed causal scope.	NO_CHANGE_AUTHORIZED	supplement		00_nucleo/diagnosticos/p1322-sentinels-normal.json#p1307.json.with.parent-bound
p1307.json.with.parent-twice	p1307.json.with.parent-twice	default,html,a11y,html+a11y	default:MATCH_VALUE;html:MATCH_VALUE;a11y:MATCH_VALUE;html+a11y:MATCH_VALUE	default:Preserved;html:Preserved;a11y:Preserved;html+a11y:Preserved	CLOSED_MEASURED_FUNCTIONAL_SENTINEL				json.with().with().encode((z: (1, 2), a: 3))	Only this complete bilateral assertion/projection is closed; historical expected preservation is distinct from parity.	Equal complete language observation on same literal source/profile refutes this divergence; a different required owner refutes proposed causal scope.	NO_CHANGE_AUTHORIZED	supplement		00_nucleo/diagnosticos/p1322-sentinels-normal.json#p1307.json.with.parent-twice
p1307.json.with.encoder-empty	p1307.json.with.encoder-empty	default,html,a11y,html+a11y	default:MATCH_VALUE;html:MATCH_VALUE;a11y:MATCH_VALUE;html+a11y:MATCH_VALUE	default:Preserved;html:Preserved;a11y:Preserved;html+a11y:Preserved	CLOSED_MEASURED_FUNCTIONAL_SENTINEL				json.encode.with()((z: (1, 2), a: 3))	Only this complete bilateral assertion/projection is closed; historical expected preservation is distinct from parity.	Equal complete language observation on same literal source/profile refutes this divergence; a different required owner refutes proposed causal scope.	NO_CHANGE_AUTHORIZED	supplement		00_nucleo/diagnosticos/p1322-sentinels-normal.json#p1307.json.with.encoder-empty
p1307.json.with.encoder-bound	p1307.json.with.encoder-bound	default,html,a11y,html+a11y	default:MATCH_VALUE;html:MATCH_VALUE;a11y:MATCH_VALUE;html+a11y:MATCH_VALUE	default:Preserved;html:Preserved;a11y:Preserved;html+a11y:Preserved	CLOSED_MEASURED_FUNCTIONAL_SENTINEL				json.encode.with((z: (1, 2), a: 3))()	Only this complete bilateral assertion/projection is closed; historical expected preservation is distinct from parity.	Equal complete language observation on same literal source/profile refutes this divergence; a different required owner refutes proposed causal scope.	NO_CHANGE_AUTHORIZED	supplement		00_nucleo/diagnosticos/p1322-sentinels-normal.json#p1307.json.with.encoder-bound
p1307.json.with.encoder-twice	p1307.json.with.encoder-twice	default,html,a11y,html+a11y	default:MATCH_VALUE;html:MATCH_VALUE;a11y:MATCH_VALUE;html+a11y:MATCH_VALUE	default:Preserved;html:Preserved;a11y:Preserved;html+a11y:Preserved	CLOSED_MEASURED_FUNCTIONAL_SENTINEL				json.encode.with().with((z: (1, 2), a: 3))()	Only this complete bilateral assertion/projection is closed; historical expected preservation is distinct from parity.	Equal complete language observation on same literal source/profile refutes this divergence; a different required owner refutes proposed causal scope.	NO_CHANGE_AUTHORIZED	supplement		00_nucleo/diagnosticos/p1322-sentinels-normal.json#p1307.json.with.encoder-twice
p1307.json.default	p1307.json.default	default,html,a11y,html+a11y	default:MATCH_VALUE;html:MATCH_VALUE;a11y:MATCH_VALUE;html+a11y:MATCH_VALUE	default:Preserved;html:Preserved;a11y:Preserved;html+a11y:Preserved	CLOSED_MEASURED_FUNCTIONAL_SENTINEL				json.encode((z: (1, 2), a: 3))	Only this complete bilateral assertion/projection is closed; historical expected preservation is distinct from parity.	Equal complete language observation on same literal source/profile refutes this divergence; a different required owner refutes proposed causal scope.	NO_CHANGE_AUTHORIZED	supplement		00_nucleo/diagnosticos/p1322-sentinels-normal.json#p1307.json.default
p1307.json.pretty.true	p1307.json.pretty.true	default,html,a11y,html+a11y	default:MATCH_VALUE;html:MATCH_VALUE;a11y:MATCH_VALUE;html+a11y:MATCH_VALUE	default:Preserved;html:Preserved;a11y:Preserved;html+a11y:Preserved	CLOSED_MEASURED_FUNCTIONAL_SENTINEL				json.encode((z: (1, 2), a: 3), pretty: true)	Only this complete bilateral assertion/projection is closed; historical expected preservation is distinct from parity.	Equal complete language observation on same literal source/profile refutes this divergence; a different required owner refutes proposed causal scope.	NO_CHANGE_AUTHORIZED	supplement		00_nucleo/diagnosticos/p1322-sentinels-normal.json#p1307.json.pretty.true
p1307.json.pretty.false	p1307.json.pretty.false	default,html,a11y,html+a11y	default:MATCH_VALUE;html:MATCH_VALUE;a11y:MATCH_VALUE;html+a11y:MATCH_VALUE	default:Preserved;html:Preserved;a11y:Preserved;html+a11y:Preserved	CLOSED_MEASURED_FUNCTIONAL_SENTINEL				json.encode((z: (1, 2), a: 3), pretty: false)	Only this complete bilateral assertion/projection is closed; historical expected preservation is distinct from parity.	Equal complete language observation on same literal source/profile refutes this divergence; a different required owner refutes proposed causal scope.	NO_CHANGE_AUTHORIZED	supplement		00_nucleo/diagnosticos/p1322-sentinels-normal.json#p1307.json.pretty.false
p1307.json.pretty."x"	p1307.json.pretty."x"	default,html,a11y,html+a11y	default:MATCH_DIAGNOSTIC;html:MATCH_DIAGNOSTIC;a11y:MATCH_DIAGNOSTIC;html+a11y:MATCH_DIAGNOSTIC	default:Preserved;html:Preserved;a11y:Preserved;html+a11y:Preserved	CLOSED_MEASURED_FUNCTIONAL_SENTINEL				json.encode((z: (1, 2), a: 3), pretty: "x")	Only this complete bilateral assertion/projection is closed; historical expected preservation is distinct from parity.	Equal complete language observation on same literal source/profile refutes this divergence; a different required owner refutes proposed causal scope.	NO_CHANGE_AUTHORIZED	supplement		00_nucleo/diagnosticos/p1322-sentinels-normal.json#p1307.json.pretty."x"
p1307.json.roundtrip	p1307.json.roundtrip	default,html,a11y,html+a11y	default:MATCH_VALUE;html:MATCH_VALUE;a11y:MATCH_VALUE;html+a11y:MATCH_VALUE	default:Preserved;html:Preserved;a11y:Preserved;html+a11y:Preserved	CLOSED_MEASURED_FUNCTIONAL_SENTINEL				repr(json(bytes(json.encode((z: (1, 2), a: 3)))))	Only this complete bilateral assertion/projection is closed; historical expected preservation is distinct from parity.	Equal complete language observation on same literal source/profile refutes this divergence; a different required owner refutes proposed causal scope.	NO_CHANGE_AUTHORIZED	supplement		00_nucleo/diagnosticos/p1322-sentinels-normal.json#p1307.json.roundtrip
p1307.toml.identity	p1307.toml.identity	default,html,a11y,html+a11y	default:MATCH_VALUE;html:MATCH_VALUE;a11y:MATCH_VALUE;html+a11y:MATCH_VALUE	default:Preserved;html:Preserved;a11y:Preserved;html+a11y:Preserved	CLOSED_MEASURED_FUNCTIONAL_SENTINEL				(repr(type(toml)), repr(toml), repr(type(toml.encode)), repr(toml.encode))	Only this complete bilateral assertion/projection is closed; historical expected preservation is distinct from parity.	Equal complete language observation on same literal source/profile refutes this divergence; a different required owner refutes proposed causal scope.	NO_CHANGE_AUTHORIZED	supplement		00_nucleo/diagnosticos/p1322-sentinels-normal.json#p1307.toml.identity
p1307.toml.arg.missing	p1307.toml.arg.missing	default,html,a11y,html+a11y	default:MATCH_DIAGNOSTIC;html:MATCH_DIAGNOSTIC;a11y:MATCH_DIAGNOSTIC;html+a11y:MATCH_DIAGNOSTIC	default:Preserved;html:Preserved;a11y:Preserved;html+a11y:Preserved	CLOSED_MEASURED_FUNCTIONAL_SENTINEL				toml.encode()	Only this complete bilateral assertion/projection is closed; historical expected preservation is distinct from parity.	Equal complete language observation on same literal source/profile refutes this divergence; a different required owner refutes proposed causal scope.	NO_CHANGE_AUTHORIZED	supplement		00_nucleo/diagnosticos/p1322-sentinels-normal.json#p1307.toml.arg.missing
p1307.toml.arg.extra	p1307.toml.arg.extra	default,html,a11y,html+a11y	default:MATCH_DIAGNOSTIC;html:MATCH_DIAGNOSTIC;a11y:MATCH_DIAGNOSTIC;html+a11y:MATCH_DIAGNOSTIC	default:Preserved;html:Preserved;a11y:Preserved;html+a11y:Preserved	CLOSED_MEASURED_FUNCTIONAL_SENTINEL				toml.encode((z: (1, 2), a: 3), 2)	Only this complete bilateral assertion/projection is closed; historical expected preservation is distinct from parity.	Equal complete language observation on same literal source/profile refutes this divergence; a different required owner refutes proposed causal scope.	NO_CHANGE_AUTHORIZED	supplement		00_nucleo/diagnosticos/p1322-sentinels-normal.json#p1307.toml.arg.extra
p1307.toml.arg.unexpected	p1307.toml.arg.unexpected	default,html,a11y,html+a11y	default:MATCH_DIAGNOSTIC;html:MATCH_DIAGNOSTIC;a11y:MATCH_DIAGNOSTIC;html+a11y:MATCH_DIAGNOSTIC	default:Preserved;html:Preserved;a11y:Preserved;html+a11y:Preserved	CLOSED_MEASURED_FUNCTIONAL_SENTINEL				toml.encode((z: (1, 2), a: 3), other: true)	Only this complete bilateral assertion/projection is closed; historical expected preservation is distinct from parity.	Equal complete language observation on same literal source/profile refutes this divergence; a different required owner refutes proposed causal scope.	NO_CHANGE_AUTHORIZED	supplement		00_nucleo/diagnosticos/p1322-sentinels-normal.json#p1307.toml.arg.unexpected
p1307.toml.arg.named-value	p1307.toml.arg.named-value	default,html,a11y,html+a11y	default:MATCH_DIAGNOSTIC;html:MATCH_DIAGNOSTIC;a11y:MATCH_DIAGNOSTIC;html+a11y:MATCH_DIAGNOSTIC	default:Preserved;html:Preserved;a11y:Preserved;html+a11y:Preserved	CLOSED_MEASURED_FUNCTIONAL_SENTINEL				toml.encode(value: (z: (1, 2), a: 3))	Only this complete bilateral assertion/projection is closed; historical expected preservation is distinct from parity.	Equal complete language observation on same literal source/profile refutes this divergence; a different required owner refutes proposed causal scope.	NO_CHANGE_AUTHORIZED	supplement		00_nucleo/diagnosticos/p1322-sentinels-normal.json#p1307.toml.arg.named-value
p1307.toml.with.parent-empty	p1307.toml.with.parent-empty	default,html,a11y,html+a11y	default:MATCH_VALUE;html:MATCH_VALUE;a11y:MATCH_VALUE;html+a11y:MATCH_VALUE	default:Preserved;html:Preserved;a11y:Preserved;html+a11y:Preserved	CLOSED_MEASURED_FUNCTIONAL_SENTINEL				toml.with().encode((z: (1, 2), a: 3))	Only this complete bilateral assertion/projection is closed; historical expected preservation is distinct from parity.	Equal complete language observation on same literal source/profile refutes this divergence; a different required owner refutes proposed causal scope.	NO_CHANGE_AUTHORIZED	supplement		00_nucleo/diagnosticos/p1322-sentinels-normal.json#p1307.toml.with.parent-empty
p1307.toml.with.parent-bound	p1307.toml.with.parent-bound	default,html,a11y,html+a11y	default:MATCH_VALUE;html:MATCH_VALUE;a11y:MATCH_VALUE;html+a11y:MATCH_VALUE	default:Preserved;html:Preserved;a11y:Preserved;html+a11y:Preserved	CLOSED_MEASURED_FUNCTIONAL_SENTINEL				toml.with(bytes("x")).encode((z: (1, 2), a: 3))	Only this complete bilateral assertion/projection is closed; historical expected preservation is distinct from parity.	Equal complete language observation on same literal source/profile refutes this divergence; a different required owner refutes proposed causal scope.	NO_CHANGE_AUTHORIZED	supplement		00_nucleo/diagnosticos/p1322-sentinels-normal.json#p1307.toml.with.parent-bound
p1307.toml.with.parent-twice	p1307.toml.with.parent-twice	default,html,a11y,html+a11y	default:MATCH_VALUE;html:MATCH_VALUE;a11y:MATCH_VALUE;html+a11y:MATCH_VALUE	default:Preserved;html:Preserved;a11y:Preserved;html+a11y:Preserved	CLOSED_MEASURED_FUNCTIONAL_SENTINEL				toml.with().with().encode((z: (1, 2), a: 3))	Only this complete bilateral assertion/projection is closed; historical expected preservation is distinct from parity.	Equal complete language observation on same literal source/profile refutes this divergence; a different required owner refutes proposed causal scope.	NO_CHANGE_AUTHORIZED	supplement		00_nucleo/diagnosticos/p1322-sentinels-normal.json#p1307.toml.with.parent-twice
p1307.toml.with.encoder-empty	p1307.toml.with.encoder-empty	default,html,a11y,html+a11y	default:MATCH_VALUE;html:MATCH_VALUE;a11y:MATCH_VALUE;html+a11y:MATCH_VALUE	default:Preserved;html:Preserved;a11y:Preserved;html+a11y:Preserved	CLOSED_MEASURED_FUNCTIONAL_SENTINEL				toml.encode.with()((z: (1, 2), a: 3))	Only this complete bilateral assertion/projection is closed; historical expected preservation is distinct from parity.	Equal complete language observation on same literal source/profile refutes this divergence; a different required owner refutes proposed causal scope.	NO_CHANGE_AUTHORIZED	supplement		00_nucleo/diagnosticos/p1322-sentinels-normal.json#p1307.toml.with.encoder-empty
p1307.toml.with.encoder-bound	p1307.toml.with.encoder-bound	default,html,a11y,html+a11y	default:MATCH_VALUE;html:MATCH_VALUE;a11y:MATCH_VALUE;html+a11y:MATCH_VALUE	default:Preserved;html:Preserved;a11y:Preserved;html+a11y:Preserved	CLOSED_MEASURED_FUNCTIONAL_SENTINEL				toml.encode.with((z: (1, 2), a: 3))()	Only this complete bilateral assertion/projection is closed; historical expected preservation is distinct from parity.	Equal complete language observation on same literal source/profile refutes this divergence; a different required owner refutes proposed causal scope.	NO_CHANGE_AUTHORIZED	supplement		00_nucleo/diagnosticos/p1322-sentinels-normal.json#p1307.toml.with.encoder-bound
p1307.toml.with.encoder-twice	p1307.toml.with.encoder-twice	default,html,a11y,html+a11y	default:MATCH_VALUE;html:MATCH_VALUE;a11y:MATCH_VALUE;html+a11y:MATCH_VALUE	default:Preserved;html:Preserved;a11y:Preserved;html+a11y:Preserved	CLOSED_MEASURED_FUNCTIONAL_SENTINEL				toml.encode.with().with((z: (1, 2), a: 3))()	Only this complete bilateral assertion/projection is closed; historical expected preservation is distinct from parity.	Equal complete language observation on same literal source/profile refutes this divergence; a different required owner refutes proposed causal scope.	NO_CHANGE_AUTHORIZED	supplement		00_nucleo/diagnosticos/p1322-sentinels-normal.json#p1307.toml.with.encoder-twice
p1307.toml.default	p1307.toml.default	default,html,a11y,html+a11y	default:MATCH_VALUE;html:MATCH_VALUE;a11y:MATCH_VALUE;html+a11y:MATCH_VALUE	default:Preserved;html:Preserved;a11y:Preserved;html+a11y:Preserved	CLOSED_MEASURED_FUNCTIONAL_SENTINEL				toml.encode((z: (1, 2), a: 3))	Only this complete bilateral assertion/projection is closed; historical expected preservation is distinct from parity.	Equal complete language observation on same literal source/profile refutes this divergence; a different required owner refutes proposed causal scope.	NO_CHANGE_AUTHORIZED	supplement		00_nucleo/diagnosticos/p1322-sentinels-normal.json#p1307.toml.default
p1307.toml.pretty.true	p1307.toml.pretty.true	default,html,a11y,html+a11y	default:MATCH_VALUE;html:MATCH_VALUE;a11y:MATCH_VALUE;html+a11y:MATCH_VALUE	default:Preserved;html:Preserved;a11y:Preserved;html+a11y:Preserved	CLOSED_MEASURED_FUNCTIONAL_SENTINEL				toml.encode((z: (1, 2), a: 3), pretty: true)	Only this complete bilateral assertion/projection is closed; historical expected preservation is distinct from parity.	Equal complete language observation on same literal source/profile refutes this divergence; a different required owner refutes proposed causal scope.	NO_CHANGE_AUTHORIZED	supplement		00_nucleo/diagnosticos/p1322-sentinels-normal.json#p1307.toml.pretty.true
p1307.toml.pretty.false	p1307.toml.pretty.false	default,html,a11y,html+a11y	default:MATCH_VALUE;html:MATCH_VALUE;a11y:MATCH_VALUE;html+a11y:MATCH_VALUE	default:Preserved;html:Preserved;a11y:Preserved;html+a11y:Preserved	CLOSED_MEASURED_FUNCTIONAL_SENTINEL				toml.encode((z: (1, 2), a: 3), pretty: false)	Only this complete bilateral assertion/projection is closed; historical expected preservation is distinct from parity.	Equal complete language observation on same literal source/profile refutes this divergence; a different required owner refutes proposed causal scope.	NO_CHANGE_AUTHORIZED	supplement		00_nucleo/diagnosticos/p1322-sentinels-normal.json#p1307.toml.pretty.false
p1307.toml.pretty."x"	p1307.toml.pretty."x"	default,html,a11y,html+a11y	default:MATCH_DIAGNOSTIC;html:MATCH_DIAGNOSTIC;a11y:MATCH_DIAGNOSTIC;html+a11y:MATCH_DIAGNOSTIC	default:Preserved;html:Preserved;a11y:Preserved;html+a11y:Preserved	CLOSED_MEASURED_FUNCTIONAL_SENTINEL				toml.encode((z: (1, 2), a: 3), pretty: "x")	Only this complete bilateral assertion/projection is closed; historical expected preservation is distinct from parity.	Equal complete language observation on same literal source/profile refutes this divergence; a different required owner refutes proposed causal scope.	NO_CHANGE_AUTHORIZED	supplement		00_nucleo/diagnosticos/p1322-sentinels-normal.json#p1307.toml.pretty."x"
p1307.toml.roundtrip	p1307.toml.roundtrip	default,html,a11y,html+a11y	default:MATCH_VALUE;html:MATCH_VALUE;a11y:MATCH_VALUE;html+a11y:MATCH_VALUE	default:Preserved;html:Preserved;a11y:Preserved;html+a11y:Preserved	CLOSED_MEASURED_FUNCTIONAL_SENTINEL				repr(toml(bytes(toml.encode((z: (1, 2), a: 3)))))	Only this complete bilateral assertion/projection is closed; historical expected preservation is distinct from parity.	Equal complete language observation on same literal source/profile refutes this divergence; a different required owner refutes proposed causal scope.	NO_CHANGE_AUTHORIZED	supplement		00_nucleo/diagnosticos/p1322-sentinels-normal.json#p1307.toml.roundtrip
p1307.yaml.identity	p1307.yaml.identity	default,html,a11y,html+a11y	default:MATCH_VALUE;html:MATCH_VALUE;a11y:MATCH_VALUE;html+a11y:MATCH_VALUE	default:Preserved;html:Preserved;a11y:Preserved;html+a11y:Preserved	CLOSED_MEASURED_FUNCTIONAL_SENTINEL				(repr(type(yaml)), repr(yaml), repr(type(yaml.encode)), repr(yaml.encode))	Only this complete bilateral assertion/projection is closed; historical expected preservation is distinct from parity.	Equal complete language observation on same literal source/profile refutes this divergence; a different required owner refutes proposed causal scope.	NO_CHANGE_AUTHORIZED	supplement		00_nucleo/diagnosticos/p1322-sentinels-normal.json#p1307.yaml.identity
p1307.yaml.arg.missing	p1307.yaml.arg.missing	default,html,a11y,html+a11y	default:MATCH_DIAGNOSTIC;html:MATCH_DIAGNOSTIC;a11y:MATCH_DIAGNOSTIC;html+a11y:MATCH_DIAGNOSTIC	default:Preserved;html:Preserved;a11y:Preserved;html+a11y:Preserved	CLOSED_MEASURED_FUNCTIONAL_SENTINEL				yaml.encode()	Only this complete bilateral assertion/projection is closed; historical expected preservation is distinct from parity.	Equal complete language observation on same literal source/profile refutes this divergence; a different required owner refutes proposed causal scope.	NO_CHANGE_AUTHORIZED	supplement		00_nucleo/diagnosticos/p1322-sentinels-normal.json#p1307.yaml.arg.missing
p1307.yaml.arg.extra	p1307.yaml.arg.extra	default,html,a11y,html+a11y	default:MATCH_DIAGNOSTIC;html:MATCH_DIAGNOSTIC;a11y:MATCH_DIAGNOSTIC;html+a11y:MATCH_DIAGNOSTIC	default:Preserved;html:Preserved;a11y:Preserved;html+a11y:Preserved	CLOSED_MEASURED_FUNCTIONAL_SENTINEL				yaml.encode((z: (1, 2), a: 3), 2)	Only this complete bilateral assertion/projection is closed; historical expected preservation is distinct from parity.	Equal complete language observation on same literal source/profile refutes this divergence; a different required owner refutes proposed causal scope.	NO_CHANGE_AUTHORIZED	supplement		00_nucleo/diagnosticos/p1322-sentinels-normal.json#p1307.yaml.arg.extra
p1307.yaml.arg.unexpected	p1307.yaml.arg.unexpected	default,html,a11y,html+a11y	default:MATCH_DIAGNOSTIC;html:MATCH_DIAGNOSTIC;a11y:MATCH_DIAGNOSTIC;html+a11y:MATCH_DIAGNOSTIC	default:Preserved;html:Preserved;a11y:Preserved;html+a11y:Preserved	CLOSED_MEASURED_FUNCTIONAL_SENTINEL				yaml.encode((z: (1, 2), a: 3), other: true)	Only this complete bilateral assertion/projection is closed; historical expected preservation is distinct from parity.	Equal complete language observation on same literal source/profile refutes this divergence; a different required owner refutes proposed causal scope.	NO_CHANGE_AUTHORIZED	supplement		00_nucleo/diagnosticos/p1322-sentinels-normal.json#p1307.yaml.arg.unexpected
p1307.yaml.arg.named-value	p1307.yaml.arg.named-value	default,html,a11y,html+a11y	default:MATCH_DIAGNOSTIC;html:MATCH_DIAGNOSTIC;a11y:MATCH_DIAGNOSTIC;html+a11y:MATCH_DIAGNOSTIC	default:Preserved;html:Preserved;a11y:Preserved;html+a11y:Preserved	CLOSED_MEASURED_FUNCTIONAL_SENTINEL				yaml.encode(value: (z: (1, 2), a: 3))	Only this complete bilateral assertion/projection is closed; historical expected preservation is distinct from parity.	Equal complete language observation on same literal source/profile refutes this divergence; a different required owner refutes proposed causal scope.	NO_CHANGE_AUTHORIZED	supplement		00_nucleo/diagnosticos/p1322-sentinels-normal.json#p1307.yaml.arg.named-value
p1307.yaml.with.parent-empty	p1307.yaml.with.parent-empty	default,html,a11y,html+a11y	default:MATCH_VALUE;html:MATCH_VALUE;a11y:MATCH_VALUE;html+a11y:MATCH_VALUE	default:Preserved;html:Preserved;a11y:Preserved;html+a11y:Preserved	CLOSED_MEASURED_FUNCTIONAL_SENTINEL				yaml.with().encode((z: (1, 2), a: 3))	Only this complete bilateral assertion/projection is closed; historical expected preservation is distinct from parity.	Equal complete language observation on same literal source/profile refutes this divergence; a different required owner refutes proposed causal scope.	NO_CHANGE_AUTHORIZED	supplement		00_nucleo/diagnosticos/p1322-sentinels-normal.json#p1307.yaml.with.parent-empty
p1307.yaml.with.parent-bound	p1307.yaml.with.parent-bound	default,html,a11y,html+a11y	default:MATCH_VALUE;html:MATCH_VALUE;a11y:MATCH_VALUE;html+a11y:MATCH_VALUE	default:Preserved;html:Preserved;a11y:Preserved;html+a11y:Preserved	CLOSED_MEASURED_FUNCTIONAL_SENTINEL				yaml.with(bytes("x")).encode((z: (1, 2), a: 3))	Only this complete bilateral assertion/projection is closed; historical expected preservation is distinct from parity.	Equal complete language observation on same literal source/profile refutes this divergence; a different required owner refutes proposed causal scope.	NO_CHANGE_AUTHORIZED	supplement		00_nucleo/diagnosticos/p1322-sentinels-normal.json#p1307.yaml.with.parent-bound
p1307.yaml.with.parent-twice	p1307.yaml.with.parent-twice	default,html,a11y,html+a11y	default:MATCH_VALUE;html:MATCH_VALUE;a11y:MATCH_VALUE;html+a11y:MATCH_VALUE	default:Preserved;html:Preserved;a11y:Preserved;html+a11y:Preserved	CLOSED_MEASURED_FUNCTIONAL_SENTINEL				yaml.with().with().encode((z: (1, 2), a: 3))	Only this complete bilateral assertion/projection is closed; historical expected preservation is distinct from parity.	Equal complete language observation on same literal source/profile refutes this divergence; a different required owner refutes proposed causal scope.	NO_CHANGE_AUTHORIZED	supplement		00_nucleo/diagnosticos/p1322-sentinels-normal.json#p1307.yaml.with.parent-twice
p1307.yaml.with.encoder-empty	p1307.yaml.with.encoder-empty	default,html,a11y,html+a11y	default:MATCH_VALUE;html:MATCH_VALUE;a11y:MATCH_VALUE;html+a11y:MATCH_VALUE	default:Preserved;html:Preserved;a11y:Preserved;html+a11y:Preserved	CLOSED_MEASURED_FUNCTIONAL_SENTINEL				yaml.encode.with()((z: (1, 2), a: 3))	Only this complete bilateral assertion/projection is closed; historical expected preservation is distinct from parity.	Equal complete language observation on same literal source/profile refutes this divergence; a different required owner refutes proposed causal scope.	NO_CHANGE_AUTHORIZED	supplement		00_nucleo/diagnosticos/p1322-sentinels-normal.json#p1307.yaml.with.encoder-empty
p1307.yaml.with.encoder-bound	p1307.yaml.with.encoder-bound	default,html,a11y,html+a11y	default:MATCH_VALUE;html:MATCH_VALUE;a11y:MATCH_VALUE;html+a11y:MATCH_VALUE	default:Preserved;html:Preserved;a11y:Preserved;html+a11y:Preserved	CLOSED_MEASURED_FUNCTIONAL_SENTINEL				yaml.encode.with((z: (1, 2), a: 3))()	Only this complete bilateral assertion/projection is closed; historical expected preservation is distinct from parity.	Equal complete language observation on same literal source/profile refutes this divergence; a different required owner refutes proposed causal scope.	NO_CHANGE_AUTHORIZED	supplement		00_nucleo/diagnosticos/p1322-sentinels-normal.json#p1307.yaml.with.encoder-bound
p1307.yaml.with.encoder-twice	p1307.yaml.with.encoder-twice	default,html,a11y,html+a11y	default:MATCH_VALUE;html:MATCH_VALUE;a11y:MATCH_VALUE;html+a11y:MATCH_VALUE	default:Preserved;html:Preserved;a11y:Preserved;html+a11y:Preserved	CLOSED_MEASURED_FUNCTIONAL_SENTINEL				yaml.encode.with().with((z: (1, 2), a: 3))()	Only this complete bilateral assertion/projection is closed; historical expected preservation is distinct from parity.	Equal complete language observation on same literal source/profile refutes this divergence; a different required owner refutes proposed causal scope.	NO_CHANGE_AUTHORIZED	supplement		00_nucleo/diagnosticos/p1322-sentinels-normal.json#p1307.yaml.with.encoder-twice
p1307.yaml.default	p1307.yaml.default	default,html,a11y,html+a11y	default:MATCH_VALUE;html:MATCH_VALUE;a11y:MATCH_VALUE;html+a11y:MATCH_VALUE	default:Preserved;html:Preserved;a11y:Preserved;html+a11y:Preserved	CLOSED_MEASURED_FUNCTIONAL_SENTINEL				yaml.encode((z: (1, 2), a: 3))	Only this complete bilateral assertion/projection is closed; historical expected preservation is distinct from parity.	Equal complete language observation on same literal source/profile refutes this divergence; a different required owner refutes proposed causal scope.	NO_CHANGE_AUTHORIZED	supplement		00_nucleo/diagnosticos/p1322-sentinels-normal.json#p1307.yaml.default
p1307.yaml.pretty.true	p1307.yaml.pretty.true	default,html,a11y,html+a11y	default:MATCH_DIAGNOSTIC;html:MATCH_DIAGNOSTIC;a11y:MATCH_DIAGNOSTIC;html+a11y:MATCH_DIAGNOSTIC	default:Preserved;html:Preserved;a11y:Preserved;html+a11y:Preserved	CLOSED_MEASURED_FUNCTIONAL_SENTINEL				yaml.encode((z: (1, 2), a: 3), pretty: true)	Only this complete bilateral assertion/projection is closed; historical expected preservation is distinct from parity.	Equal complete language observation on same literal source/profile refutes this divergence; a different required owner refutes proposed causal scope.	NO_CHANGE_AUTHORIZED	supplement		00_nucleo/diagnosticos/p1322-sentinels-normal.json#p1307.yaml.pretty.true
p1307.yaml.pretty.false	p1307.yaml.pretty.false	default,html,a11y,html+a11y	default:MATCH_DIAGNOSTIC;html:MATCH_DIAGNOSTIC;a11y:MATCH_DIAGNOSTIC;html+a11y:MATCH_DIAGNOSTIC	default:Preserved;html:Preserved;a11y:Preserved;html+a11y:Preserved	CLOSED_MEASURED_FUNCTIONAL_SENTINEL				yaml.encode((z: (1, 2), a: 3), pretty: false)	Only this complete bilateral assertion/projection is closed; historical expected preservation is distinct from parity.	Equal complete language observation on same literal source/profile refutes this divergence; a different required owner refutes proposed causal scope.	NO_CHANGE_AUTHORIZED	supplement		00_nucleo/diagnosticos/p1322-sentinels-normal.json#p1307.yaml.pretty.false
p1307.yaml.pretty."x"	p1307.yaml.pretty."x"	default,html,a11y,html+a11y	default:MATCH_DIAGNOSTIC;html:MATCH_DIAGNOSTIC;a11y:MATCH_DIAGNOSTIC;html+a11y:MATCH_DIAGNOSTIC	default:Preserved;html:Preserved;a11y:Preserved;html+a11y:Preserved	CLOSED_MEASURED_FUNCTIONAL_SENTINEL				yaml.encode((z: (1, 2), a: 3), pretty: "x")	Only this complete bilateral assertion/projection is closed; historical expected preservation is distinct from parity.	Equal complete language observation on same literal source/profile refutes this divergence; a different required owner refutes proposed causal scope.	NO_CHANGE_AUTHORIZED	supplement		00_nucleo/diagnosticos/p1322-sentinels-normal.json#p1307.yaml.pretty."x"
p1307.yaml.roundtrip	p1307.yaml.roundtrip	default,html,a11y,html+a11y	default:MATCH_VALUE;html:MATCH_VALUE;a11y:MATCH_VALUE;html+a11y:MATCH_VALUE	default:Preserved;html:Preserved;a11y:Preserved;html+a11y:Preserved	CLOSED_MEASURED_FUNCTIONAL_SENTINEL				repr(yaml(bytes(yaml.encode((z: (1, 2), a: 3)))))	Only this complete bilateral assertion/projection is closed; historical expected preservation is distinct from parity.	Equal complete language observation on same literal source/profile refutes this divergence; a different required owner refutes proposed causal scope.	NO_CHANGE_AUTHORIZED	supplement		00_nucleo/diagnosticos/p1322-sentinels-normal.json#p1307.yaml.roundtrip
p1307.cbor.identity	p1307.cbor.identity	default,html,a11y,html+a11y	default:MATCH_VALUE;html:MATCH_VALUE;a11y:MATCH_VALUE;html+a11y:MATCH_VALUE	default:Preserved;html:Preserved;a11y:Preserved;html+a11y:Preserved	CLOSED_MEASURED_FUNCTIONAL_SENTINEL				(repr(type(cbor)), repr(cbor), repr(type(cbor.encode)), repr(cbor.encode))	Only this complete bilateral assertion/projection is closed; historical expected preservation is distinct from parity.	Equal complete language observation on same literal source/profile refutes this divergence; a different required owner refutes proposed causal scope.	NO_CHANGE_AUTHORIZED	supplement		00_nucleo/diagnosticos/p1322-sentinels-normal.json#p1307.cbor.identity
p1307.cbor.arg.missing	cbor.encode	default,html,a11y,html+a11y	default:DIFFERENT_DIAGNOSTIC;html:DIFFERENT_DIAGNOSTIC;a11y:DIFFERENT_DIAGNOSTIC;html+a11y:DIFFERENT_DIAGNOSTIC	default:Violated;html:Violated;a11y:Violated;html+a11y:Violated	OPEN_LANGUAGE_DIVERGENCE	00_nucleo/prompts/compiler/eval/call_dispatch.md;00_nucleo/prompts/compiler/stdlib/loading.md	01_core/src/compiler/stdlib/loading.rs:875	lab/typst-original/crates/typst-library/src/loading/cbor.rs:104	cbor.encode()	Cbor legacy arity/named validation; keep missing aggregate transport separate.	Equal complete language observation on same literal source/profile refutes this divergence; a different required owner refutes proposed causal scope.	ADR0127_INTERNAL_PARITY_L0_FIRST_REVALIDATE	supplement	cbor-argument-missing	00_nucleo/diagnosticos/p1322-sentinels-normal.json#p1307.cbor.arg.missing
p1307.cbor.arg.extra	cbor.encode	default,html,a11y,html+a11y	default:DIFFERENT_DIAGNOSTIC;html:DIFFERENT_DIAGNOSTIC;a11y:DIFFERENT_DIAGNOSTIC;html+a11y:DIFFERENT_DIAGNOSTIC	default:Violated;html:Violated;a11y:Violated;html+a11y:Violated	OPEN_LANGUAGE_DIVERGENCE	00_nucleo/prompts/compiler/stdlib/loading.md	01_core/src/compiler/stdlib/loading.rs:875	lab/typst-original/crates/typst-library/src/loading/cbor.rs:104	cbor.encode((z: (1, 2), a: 3), 2)	Cbor legacy arity/named validation; keep missing aggregate transport separate.	Equal complete language observation on same literal source/profile refutes this divergence; a different required owner refutes proposed causal scope.	ADR0127_INTERNAL_PARITY_L0_FIRST_REVALIDATE	supplement	cbor-argument-validation	00_nucleo/diagnosticos/p1322-sentinels-normal.json#p1307.cbor.arg.extra
p1307.cbor.arg.unexpected	cbor.encode	default,html,a11y,html+a11y	default:DIFFERENT_DIAGNOSTIC;html:DIFFERENT_DIAGNOSTIC;a11y:DIFFERENT_DIAGNOSTIC;html+a11y:DIFFERENT_DIAGNOSTIC	default:Violated;html:Violated;a11y:Violated;html+a11y:Violated	OPEN_LANGUAGE_DIVERGENCE	00_nucleo/prompts/compiler/stdlib/loading.md	01_core/src/compiler/stdlib/loading.rs:875	lab/typst-original/crates/typst-library/src/loading/cbor.rs:104	cbor.encode((z: (1, 2), a: 3), other: true)	Cbor legacy arity/named validation; keep missing aggregate transport separate.	Equal complete language observation on same literal source/profile refutes this divergence; a different required owner refutes proposed causal scope.	ADR0127_INTERNAL_PARITY_L0_FIRST_REVALIDATE	supplement	cbor-argument-validation	00_nucleo/diagnosticos/p1322-sentinels-normal.json#p1307.cbor.arg.unexpected
p1307.cbor.arg.named-value	cbor.encode	default,html,a11y,html+a11y	default:DIFFERENT_DIAGNOSTIC;html:DIFFERENT_DIAGNOSTIC;a11y:DIFFERENT_DIAGNOSTIC;html+a11y:DIFFERENT_DIAGNOSTIC	default:Violated;html:Violated;a11y:Violated;html+a11y:Violated	OPEN_LANGUAGE_DIVERGENCE	00_nucleo/prompts/compiler/stdlib/loading.md	01_core/src/compiler/stdlib/loading.rs:875	lab/typst-original/crates/typst-library/src/loading/cbor.rs:104	cbor.encode(value: (z: (1, 2), a: 3))	Cbor legacy arity/named validation; keep missing aggregate transport separate.	Equal complete language observation on same literal source/profile refutes this divergence; a different required owner refutes proposed causal scope.	ADR0127_INTERNAL_PARITY_L0_FIRST_REVALIDATE	supplement	cbor-argument-validation	00_nucleo/diagnosticos/p1322-sentinels-normal.json#p1307.cbor.arg.named-value
p1307.cbor.with.parent-empty	p1307.cbor.with.parent-empty	default,html,a11y,html+a11y	default:MATCH_VALUE;html:MATCH_VALUE;a11y:MATCH_VALUE;html+a11y:MATCH_VALUE	default:Preserved;html:Preserved;a11y:Preserved;html+a11y:Preserved	CLOSED_MEASURED_FUNCTIONAL_SENTINEL				cbor.with().encode((z: (1, 2), a: 3))	Only this complete bilateral assertion/projection is closed; historical expected preservation is distinct from parity.	Equal complete language observation on same literal source/profile refutes this divergence; a different required owner refutes proposed causal scope.	NO_CHANGE_AUTHORIZED	supplement		00_nucleo/diagnosticos/p1322-sentinels-normal.json#p1307.cbor.with.parent-empty
p1307.cbor.with.parent-bound	p1307.cbor.with.parent-bound	default,html,a11y,html+a11y	default:MATCH_VALUE;html:MATCH_VALUE;a11y:MATCH_VALUE;html+a11y:MATCH_VALUE	default:Preserved;html:Preserved;a11y:Preserved;html+a11y:Preserved	CLOSED_MEASURED_FUNCTIONAL_SENTINEL				cbor.with(bytes("x")).encode((z: (1, 2), a: 3))	Only this complete bilateral assertion/projection is closed; historical expected preservation is distinct from parity.	Equal complete language observation on same literal source/profile refutes this divergence; a different required owner refutes proposed causal scope.	NO_CHANGE_AUTHORIZED	supplement		00_nucleo/diagnosticos/p1322-sentinels-normal.json#p1307.cbor.with.parent-bound
p1307.cbor.with.parent-twice	p1307.cbor.with.parent-twice	default,html,a11y,html+a11y	default:MATCH_VALUE;html:MATCH_VALUE;a11y:MATCH_VALUE;html+a11y:MATCH_VALUE	default:Preserved;html:Preserved;a11y:Preserved;html+a11y:Preserved	CLOSED_MEASURED_FUNCTIONAL_SENTINEL				cbor.with().with().encode((z: (1, 2), a: 3))	Only this complete bilateral assertion/projection is closed; historical expected preservation is distinct from parity.	Equal complete language observation on same literal source/profile refutes this divergence; a different required owner refutes proposed causal scope.	NO_CHANGE_AUTHORIZED	supplement		00_nucleo/diagnosticos/p1322-sentinels-normal.json#p1307.cbor.with.parent-twice
p1307.cbor.with.encoder-empty	p1307.cbor.with.encoder-empty	default,html,a11y,html+a11y	default:MATCH_VALUE;html:MATCH_VALUE;a11y:MATCH_VALUE;html+a11y:MATCH_VALUE	default:Preserved;html:Preserved;a11y:Preserved;html+a11y:Preserved	CLOSED_MEASURED_FUNCTIONAL_SENTINEL				cbor.encode.with()((z: (1, 2), a: 3))	Only this complete bilateral assertion/projection is closed; historical expected preservation is distinct from parity.	Equal complete language observation on same literal source/profile refutes this divergence; a different required owner refutes proposed causal scope.	NO_CHANGE_AUTHORIZED	supplement		00_nucleo/diagnosticos/p1322-sentinels-normal.json#p1307.cbor.with.encoder-empty
p1307.cbor.with.encoder-bound	p1307.cbor.with.encoder-bound	default,html,a11y,html+a11y	default:MATCH_VALUE;html:MATCH_VALUE;a11y:MATCH_VALUE;html+a11y:MATCH_VALUE	default:Preserved;html:Preserved;a11y:Preserved;html+a11y:Preserved	CLOSED_MEASURED_FUNCTIONAL_SENTINEL				cbor.encode.with((z: (1, 2), a: 3))()	Only this complete bilateral assertion/projection is closed; historical expected preservation is distinct from parity.	Equal complete language observation on same literal source/profile refutes this divergence; a different required owner refutes proposed causal scope.	NO_CHANGE_AUTHORIZED	supplement		00_nucleo/diagnosticos/p1322-sentinels-normal.json#p1307.cbor.with.encoder-bound
p1307.cbor.with.encoder-twice	p1307.cbor.with.encoder-twice	default,html,a11y,html+a11y	default:MATCH_VALUE;html:MATCH_VALUE;a11y:MATCH_VALUE;html+a11y:MATCH_VALUE	default:Preserved;html:Preserved;a11y:Preserved;html+a11y:Preserved	CLOSED_MEASURED_FUNCTIONAL_SENTINEL				cbor.encode.with().with((z: (1, 2), a: 3))()	Only this complete bilateral assertion/projection is closed; historical expected preservation is distinct from parity.	Equal complete language observation on same literal source/profile refutes this divergence; a different required owner refutes proposed causal scope.	NO_CHANGE_AUTHORIZED	supplement		00_nucleo/diagnosticos/p1322-sentinels-normal.json#p1307.cbor.with.encoder-twice
p1307.toml.none-array	p1307.toml.none-array	default,html,a11y,html+a11y	default:MATCH_DIAGNOSTIC;html:MATCH_DIAGNOSTIC;a11y:MATCH_DIAGNOSTIC;html+a11y:MATCH_DIAGNOSTIC	default:Preserved;html:Preserved;a11y:Preserved;html+a11y:Preserved	CLOSED_MEASURED_FUNCTIONAL_SENTINEL				toml.encode((z: (none,)))	Only this complete bilateral assertion/projection is closed; historical expected preservation is distinct from parity.	Equal complete language observation on same literal source/profile refutes this divergence; a different required owner refutes proposed causal scope.	NO_CHANGE_AUTHORIZED	supplement		00_nucleo/diagnosticos/p1322-sentinels-normal.json#p1307.toml.none-array
p1307.toml.top-none	p1307.toml.top-none	default,html,a11y,html+a11y	default:MATCH_DIAGNOSTIC;html:MATCH_DIAGNOSTIC;a11y:MATCH_DIAGNOSTIC;html+a11y:MATCH_DIAGNOSTIC	default:Preserved;html:Preserved;a11y:Preserved;html+a11y:Preserved	CLOSED_MEASURED_FUNCTIONAL_SENTINEL				toml.encode(none)	Only this complete bilateral assertion/projection is closed; historical expected preservation is distinct from parity.	Equal complete language observation on same literal source/profile refutes this divergence; a different required owner refutes proposed causal scope.	NO_CHANGE_AUTHORIZED	supplement		00_nucleo/diagnosticos/p1322-sentinels-normal.json#p1307.toml.top-none
p1307.toml.top-array	p1307.toml.top-array	default,html,a11y,html+a11y	default:MATCH_DIAGNOSTIC;html:MATCH_DIAGNOSTIC;a11y:MATCH_DIAGNOSTIC;html+a11y:MATCH_DIAGNOSTIC	default:Preserved;html:Preserved;a11y:Preserved;html+a11y:Preserved	CLOSED_MEASURED_FUNCTIONAL_SENTINEL				toml.encode((1, 2))	Only this complete bilateral assertion/projection is closed; historical expected preservation is distinct from parity.	Equal complete language observation on same literal source/profile refutes this divergence; a different required owner refutes proposed causal scope.	NO_CHANGE_AUTHORIZED	supplement		00_nucleo/diagnosticos/p1322-sentinels-normal.json#p1307.toml.top-array
p1307.toml.top-string	p1307.toml.top-string	default,html,a11y,html+a11y	default:MATCH_DIAGNOSTIC;html:MATCH_DIAGNOSTIC;a11y:MATCH_DIAGNOSTIC;html+a11y:MATCH_DIAGNOSTIC	default:Preserved;html:Preserved;a11y:Preserved;html+a11y:Preserved	CLOSED_MEASURED_FUNCTIONAL_SENTINEL				toml.encode("x")	Only this complete bilateral assertion/projection is closed; historical expected preservation is distinct from parity.	Equal complete language observation on same literal source/profile refutes this divergence; a different required owner refutes proposed causal scope.	NO_CHANGE_AUTHORIZED	supplement		00_nucleo/diagnosticos/p1322-sentinels-normal.json#p1307.toml.top-string
p1307.toml.none-nested	p1307.toml.none-nested	default,html,a11y,html+a11y	default:MATCH_VALUE;html:MATCH_VALUE;a11y:MATCH_VALUE;html+a11y:MATCH_VALUE	default:Preserved;html:Preserved;a11y:Preserved;html+a11y:Preserved	CLOSED_MEASURED_FUNCTIONAL_SENTINEL				toml.encode((z: (q: none, a: 1), a: none))	Only this complete bilateral assertion/projection is closed; historical expected preservation is distinct from parity.	Equal complete language observation on same literal source/profile refutes this divergence; a different required owner refutes proposed causal scope.	NO_CHANGE_AUTHORIZED	supplement		00_nucleo/diagnosticos/p1322-sentinels-normal.json#p1307.toml.none-nested
p1307.json.with-pretty	p1307.json.with-pretty	default,html,a11y,html+a11y	default:MATCH_VALUE;html:MATCH_VALUE;a11y:MATCH_VALUE;html+a11y:MATCH_VALUE	default:Preserved;html:Preserved;a11y:Preserved;html+a11y:Preserved	CLOSED_MEASURED_FUNCTIONAL_SENTINEL				json.encode.with(pretty: false)((z: 1, a: 2))	Only this complete bilateral assertion/projection is closed; historical expected preservation is distinct from parity.	Equal complete language observation on same literal source/profile refutes this divergence; a different required owner refutes proposed causal scope.	NO_CHANGE_AUTHORIZED	supplement		00_nucleo/diagnosticos/p1322-sentinels-normal.json#p1307.json.with-pretty
p1307.toml.with-pretty	p1307.toml.with-pretty	default,html,a11y,html+a11y	default:MATCH_VALUE;html:MATCH_VALUE;a11y:MATCH_VALUE;html+a11y:MATCH_VALUE	default:Preserved;html:Preserved;a11y:Preserved;html+a11y:Preserved	CLOSED_MEASURED_FUNCTIONAL_SENTINEL				toml.encode.with(pretty: false)((z: (1, 2), a: 3))	Only this complete bilateral assertion/projection is closed; historical expected preservation is distinct from parity.	Equal complete language observation on same literal source/profile refutes this divergence; a different required owner refutes proposed causal scope.	NO_CHANGE_AUTHORIZED	supplement		00_nucleo/diagnosticos/p1322-sentinels-normal.json#p1307.toml.with-pretty
p1307.decoder.read	p1307.decoder.read	default,html,a11y,html+a11y	default:MATCH_VALUE;html:MATCH_VALUE;a11y:MATCH_VALUE;html+a11y:MATCH_VALUE	default:Preserved;html:Preserved;a11y:Preserved;html+a11y:Preserved	CLOSED_MEASURED_FUNCTIONAL_SENTINEL				repr(read("Cargo.toml").slice(0, 8))	Only this complete bilateral assertion/projection is closed; historical expected preservation is distinct from parity.	Equal complete language observation on same literal source/profile refutes this divergence; a different required owner refutes proposed causal scope.	NO_CHANGE_AUTHORIZED	supplement		00_nucleo/diagnosticos/p1322-sentinels-normal.json#p1307.decoder.read
p1307.decoder.read.missing	read	default,html,a11y,html+a11y	default:DIFFERENT_DIAGNOSTIC;html:DIFFERENT_DIAGNOSTIC;a11y:DIFFERENT_DIAGNOSTIC;html+a11y:DIFFERENT_DIAGNOSTIC	default:Violated;html:Violated;a11y:Violated;html+a11y:Violated	OPEN_LANGUAGE_DIVERGENCE	00_nucleo/prompts/compiler/eval/call_dispatch.md;00_nucleo/prompts/compiler/stdlib/loading.md	01_core/src/compiler/stdlib/loading.rs:1145	lab/typst-original/crates/typst-library/src/loading/read.rs:24	read()	Path-only parser family; cast carrier already exists, missing aggregate needs dispatch.	Equal complete language observation on same literal source/profile refutes this divergence; a different required owner refutes proposed causal scope.	ADR0127_INTERNAL_PARITY_L0_FIRST_REVALIDATE	supplement	loader-path-missing	00_nucleo/diagnosticos/p1322-sentinels-normal.json#p1307.decoder.read.missing
p1307.decoder.read.wrong-type	p1307.decoder.read.wrong-type	default,html,a11y,html+a11y	default:MATCH_DIAGNOSTIC;html:MATCH_DIAGNOSTIC;a11y:MATCH_DIAGNOSTIC;html+a11y:MATCH_DIAGNOSTIC	default:Preserved;html:Preserved;a11y:Preserved;html+a11y:Preserved	CLOSED_MEASURED_FUNCTIONAL_SENTINEL				read(42)	Only this complete bilateral assertion/projection is closed; historical expected preservation is distinct from parity.	Equal complete language observation on same literal source/profile refutes this divergence; a different required owner refutes proposed causal scope.	NO_CHANGE_AUTHORIZED	supplement		00_nucleo/diagnosticos/p1322-sentinels-normal.json#p1307.decoder.read.wrong-type
p1307.decoder.read.with	p1307.decoder.read.with	default,html,a11y,html+a11y	default:MATCH_VALUE;html:MATCH_VALUE;a11y:MATCH_VALUE;html+a11y:MATCH_VALUE	default:Preserved;html:Preserved;a11y:Preserved;html+a11y:Preserved	CLOSED_MEASURED_FUNCTIONAL_SENTINEL				read.with()	Only this complete bilateral assertion/projection is closed; historical expected preservation is distinct from parity.	Equal complete language observation on same literal source/profile refutes this divergence; a different required owner refutes proposed causal scope.	NO_CHANGE_AUTHORIZED	supplement		00_nucleo/diagnosticos/p1322-sentinels-normal.json#p1307.decoder.read.with
p1307.decoder.csv	p1307.decoder.csv	default,html,a11y,html+a11y	default:MATCH_VALUE;html:MATCH_VALUE;a11y:MATCH_VALUE;html+a11y:MATCH_VALUE	default:Preserved;html:Preserved;a11y:Preserved;html+a11y:Preserved	CLOSED_MEASURED_FUNCTIONAL_SENTINEL				repr(csv(bytes("a,b\nc,d\n")))	Only this complete bilateral assertion/projection is closed; historical expected preservation is distinct from parity.	Equal complete language observation on same literal source/profile refutes this divergence; a different required owner refutes proposed causal scope.	NO_CHANGE_AUTHORIZED	supplement		00_nucleo/diagnosticos/p1322-sentinels-normal.json#p1307.decoder.csv
p1307.decoder.csv.missing	p1307.decoder.csv.missing	default,html,a11y,html+a11y	default:MATCH_DIAGNOSTIC;html:MATCH_DIAGNOSTIC;a11y:MATCH_DIAGNOSTIC;html+a11y:MATCH_DIAGNOSTIC	default:Preserved;html:Preserved;a11y:Preserved;html+a11y:Preserved	CLOSED_MEASURED_FUNCTIONAL_SENTINEL				csv()	Only this complete bilateral assertion/projection is closed; historical expected preservation is distinct from parity.	Equal complete language observation on same literal source/profile refutes this divergence; a different required owner refutes proposed causal scope.	NO_CHANGE_AUTHORIZED	supplement		00_nucleo/diagnosticos/p1322-sentinels-normal.json#p1307.decoder.csv.missing
p1307.decoder.csv.wrong-type	p1307.decoder.csv.wrong-type	default,html,a11y,html+a11y	default:MATCH_DIAGNOSTIC;html:MATCH_DIAGNOSTIC;a11y:MATCH_DIAGNOSTIC;html+a11y:MATCH_DIAGNOSTIC	default:Preserved;html:Preserved;a11y:Preserved;html+a11y:Preserved	CLOSED_MEASURED_FUNCTIONAL_SENTINEL				csv(42)	Only this complete bilateral assertion/projection is closed; historical expected preservation is distinct from parity.	Equal complete language observation on same literal source/profile refutes this divergence; a different required owner refutes proposed causal scope.	NO_CHANGE_AUTHORIZED	supplement		00_nucleo/diagnosticos/p1322-sentinels-normal.json#p1307.decoder.csv.wrong-type
p1307.decoder.csv.with	p1307.decoder.csv.with	default,html,a11y,html+a11y	default:MATCH_VALUE;html:MATCH_VALUE;a11y:MATCH_VALUE;html+a11y:MATCH_VALUE	default:Preserved;html:Preserved;a11y:Preserved;html+a11y:Preserved	CLOSED_MEASURED_FUNCTIONAL_SENTINEL				csv.with()	Only this complete bilateral assertion/projection is closed; historical expected preservation is distinct from parity.	Equal complete language observation on same literal source/profile refutes this divergence; a different required owner refutes proposed causal scope.	NO_CHANGE_AUTHORIZED	supplement		00_nucleo/diagnosticos/p1322-sentinels-normal.json#p1307.decoder.csv.with
p1307.decoder.json	p1307.decoder.json	default,html,a11y,html+a11y	default:MATCH_VALUE;html:MATCH_VALUE;a11y:MATCH_VALUE;html+a11y:MATCH_VALUE	default:Preserved;html:Preserved;a11y:Preserved;html+a11y:Preserved	CLOSED_MEASURED_FUNCTIONAL_SENTINEL				repr(json(bytes("{\"z\":1,\"a\":2}")))	Only this complete bilateral assertion/projection is closed; historical expected preservation is distinct from parity.	Equal complete language observation on same literal source/profile refutes this divergence; a different required owner refutes proposed causal scope.	NO_CHANGE_AUTHORIZED	supplement		00_nucleo/diagnosticos/p1322-sentinels-normal.json#p1307.decoder.json
p1307.decoder.json.missing	json	default,html,a11y,html+a11y	default:DIFFERENT_DIAGNOSTIC;html:DIFFERENT_DIAGNOSTIC;a11y:DIFFERENT_DIAGNOSTIC;html+a11y:DIFFERENT_DIAGNOSTIC	default:Violated;html:Violated;a11y:Violated;html+a11y:Violated	OPEN_LANGUAGE_DIVERGENCE	00_nucleo/prompts/compiler/eval/call_dispatch.md;00_nucleo/prompts/compiler/stdlib/loading.md	01_core/src/compiler/stdlib/loading.rs:1197;01_core/src/compiler/stdlib/loading.rs:30	lab/typst-original/crates/typst-library/src/loading/mod.rs:54	json()	Missing requires whole-call aggregate transport beyond current encoder/panic set.	Equal complete language observation on same literal source/profile refutes this divergence; a different required owner refutes proposed causal scope.	ADR0127_INTERNAL_PARITY_L0_FIRST_REVALIDATE	supplement	loader-data-source-missing	00_nucleo/diagnosticos/p1322-sentinels-normal.json#p1307.decoder.json.missing
p1307.decoder.json.wrong-type	p1307.decoder.json.wrong-type	default,html,a11y,html+a11y	default:MATCH_DIAGNOSTIC;html:MATCH_DIAGNOSTIC;a11y:MATCH_DIAGNOSTIC;html+a11y:MATCH_DIAGNOSTIC	default:Preserved;html:Preserved;a11y:Preserved;html+a11y:Preserved	CLOSED_MEASURED_FUNCTIONAL_SENTINEL				json(42)	Only this complete bilateral assertion/projection is closed; historical expected preservation is distinct from parity.	Equal complete language observation on same literal source/profile refutes this divergence; a different required owner refutes proposed causal scope.	NO_CHANGE_AUTHORIZED	supplement		00_nucleo/diagnosticos/p1322-sentinels-normal.json#p1307.decoder.json.wrong-type
p1307.decoder.json.with	p1307.decoder.json.with	default,html,a11y,html+a11y	default:MATCH_VALUE;html:MATCH_VALUE;a11y:MATCH_VALUE;html+a11y:MATCH_VALUE	default:Preserved;html:Preserved;a11y:Preserved;html+a11y:Preserved	CLOSED_MEASURED_FUNCTIONAL_SENTINEL				json.with()	Only this complete bilateral assertion/projection is closed; historical expected preservation is distinct from parity.	Equal complete language observation on same literal source/profile refutes this divergence; a different required owner refutes proposed causal scope.	NO_CHANGE_AUTHORIZED	supplement		00_nucleo/diagnosticos/p1322-sentinels-normal.json#p1307.decoder.json.with
p1307.decoder.yaml	p1307.decoder.yaml	default,html,a11y,html+a11y	default:MATCH_VALUE;html:MATCH_VALUE;a11y:MATCH_VALUE;html+a11y:MATCH_VALUE	default:Preserved;html:Preserved;a11y:Preserved;html+a11y:Preserved	CLOSED_MEASURED_FUNCTIONAL_SENTINEL				repr(yaml(bytes("z: 1\na: 2\n")))	Only this complete bilateral assertion/projection is closed; historical expected preservation is distinct from parity.	Equal complete language observation on same literal source/profile refutes this divergence; a different required owner refutes proposed causal scope.	NO_CHANGE_AUTHORIZED	supplement		00_nucleo/diagnosticos/p1322-sentinels-normal.json#p1307.decoder.yaml
p1307.decoder.yaml.missing	yaml	default,html,a11y,html+a11y	default:DIFFERENT_DIAGNOSTIC;html:DIFFERENT_DIAGNOSTIC;a11y:DIFFERENT_DIAGNOSTIC;html+a11y:DIFFERENT_DIAGNOSTIC	default:Violated;html:Violated;a11y:Violated;html+a11y:Violated	OPEN_LANGUAGE_DIVERGENCE	00_nucleo/prompts/compiler/eval/call_dispatch.md;00_nucleo/prompts/compiler/stdlib/loading.md	01_core/src/compiler/stdlib/loading.rs:1197;01_core/src/compiler/stdlib/loading.rs:30	lab/typst-original/crates/typst-library/src/loading/mod.rs:54	yaml()	Missing requires whole-call aggregate transport beyond current encoder/panic set.	Equal complete language observation on same literal source/profile refutes this divergence; a different required owner refutes proposed causal scope.	ADR0127_INTERNAL_PARITY_L0_FIRST_REVALIDATE	supplement	loader-data-source-missing	00_nucleo/diagnosticos/p1322-sentinels-normal.json#p1307.decoder.yaml.missing
p1307.decoder.yaml.wrong-type	p1307.decoder.yaml.wrong-type	default,html,a11y,html+a11y	default:MATCH_DIAGNOSTIC;html:MATCH_DIAGNOSTIC;a11y:MATCH_DIAGNOSTIC;html+a11y:MATCH_DIAGNOSTIC	default:Preserved;html:Preserved;a11y:Preserved;html+a11y:Preserved	CLOSED_MEASURED_FUNCTIONAL_SENTINEL				yaml(42)	Only this complete bilateral assertion/projection is closed; historical expected preservation is distinct from parity.	Equal complete language observation on same literal source/profile refutes this divergence; a different required owner refutes proposed causal scope.	NO_CHANGE_AUTHORIZED	supplement		00_nucleo/diagnosticos/p1322-sentinels-normal.json#p1307.decoder.yaml.wrong-type
p1307.decoder.yaml.with	p1307.decoder.yaml.with	default,html,a11y,html+a11y	default:MATCH_VALUE;html:MATCH_VALUE;a11y:MATCH_VALUE;html+a11y:MATCH_VALUE	default:Preserved;html:Preserved;a11y:Preserved;html+a11y:Preserved	CLOSED_MEASURED_FUNCTIONAL_SENTINEL				yaml.with()	Only this complete bilateral assertion/projection is closed; historical expected preservation is distinct from parity.	Equal complete language observation on same literal source/profile refutes this divergence; a different required owner refutes proposed causal scope.	NO_CHANGE_AUTHORIZED	supplement		00_nucleo/diagnosticos/p1322-sentinels-normal.json#p1307.decoder.yaml.with
p1307.decoder.toml	p1307.decoder.toml	default,html,a11y,html+a11y	default:MATCH_VALUE;html:MATCH_VALUE;a11y:MATCH_VALUE;html+a11y:MATCH_VALUE	default:Preserved;html:Preserved;a11y:Preserved;html+a11y:Preserved	CLOSED_MEASURED_FUNCTIONAL_SENTINEL				repr(toml(bytes("z=1\na=2\n")))	Only this complete bilateral assertion/projection is closed; historical expected preservation is distinct from parity.	Equal complete language observation on same literal source/profile refutes this divergence; a different required owner refutes proposed causal scope.	NO_CHANGE_AUTHORIZED	supplement		00_nucleo/diagnosticos/p1322-sentinels-normal.json#p1307.decoder.toml
p1307.decoder.toml.missing	toml	default,html,a11y,html+a11y	default:DIFFERENT_DIAGNOSTIC;html:DIFFERENT_DIAGNOSTIC;a11y:DIFFERENT_DIAGNOSTIC;html+a11y:DIFFERENT_DIAGNOSTIC	default:Violated;html:Violated;a11y:Violated;html+a11y:Violated	OPEN_LANGUAGE_DIVERGENCE	00_nucleo/prompts/compiler/eval/call_dispatch.md;00_nucleo/prompts/compiler/stdlib/loading.md	01_core/src/compiler/stdlib/loading.rs:1197;01_core/src/compiler/stdlib/loading.rs:30	lab/typst-original/crates/typst-library/src/loading/mod.rs:54	toml()	Missing requires whole-call aggregate transport beyond current encoder/panic set.	Equal complete language observation on same literal source/profile refutes this divergence; a different required owner refutes proposed causal scope.	ADR0127_INTERNAL_PARITY_L0_FIRST_REVALIDATE	supplement	loader-data-source-missing	00_nucleo/diagnosticos/p1322-sentinels-normal.json#p1307.decoder.toml.missing
p1307.decoder.toml.wrong-type	p1307.decoder.toml.wrong-type	default,html,a11y,html+a11y	default:MATCH_DIAGNOSTIC;html:MATCH_DIAGNOSTIC;a11y:MATCH_DIAGNOSTIC;html+a11y:MATCH_DIAGNOSTIC	default:Preserved;html:Preserved;a11y:Preserved;html+a11y:Preserved	CLOSED_MEASURED_FUNCTIONAL_SENTINEL				toml(42)	Only this complete bilateral assertion/projection is closed; historical expected preservation is distinct from parity.	Equal complete language observation on same literal source/profile refutes this divergence; a different required owner refutes proposed causal scope.	NO_CHANGE_AUTHORIZED	supplement		00_nucleo/diagnosticos/p1322-sentinels-normal.json#p1307.decoder.toml.wrong-type
p1307.decoder.toml.with	p1307.decoder.toml.with	default,html,a11y,html+a11y	default:MATCH_VALUE;html:MATCH_VALUE;a11y:MATCH_VALUE;html+a11y:MATCH_VALUE	default:Preserved;html:Preserved;a11y:Preserved;html+a11y:Preserved	CLOSED_MEASURED_FUNCTIONAL_SENTINEL				toml.with()	Only this complete bilateral assertion/projection is closed; historical expected preservation is distinct from parity.	Equal complete language observation on same literal source/profile refutes this divergence; a different required owner refutes proposed causal scope.	NO_CHANGE_AUTHORIZED	supplement		00_nucleo/diagnosticos/p1322-sentinels-normal.json#p1307.decoder.toml.with
p1307.decoder.cbor	p1307.decoder.cbor	default,html,a11y,html+a11y	default:MATCH_VALUE;html:MATCH_VALUE;a11y:MATCH_VALUE;html+a11y:MATCH_VALUE	default:Preserved;html:Preserved;a11y:Preserved;html+a11y:Preserved	CLOSED_MEASURED_FUNCTIONAL_SENTINEL				repr(cbor(bytes((130, 1, 2))))	Only this complete bilateral assertion/projection is closed; historical expected preservation is distinct from parity.	Equal complete language observation on same literal source/profile refutes this divergence; a different required owner refutes proposed causal scope.	NO_CHANGE_AUTHORIZED	supplement		00_nucleo/diagnosticos/p1322-sentinels-normal.json#p1307.decoder.cbor
p1307.decoder.cbor.missing	cbor	default,html,a11y,html+a11y	default:DIFFERENT_DIAGNOSTIC;html:DIFFERENT_DIAGNOSTIC;a11y:DIFFERENT_DIAGNOSTIC;html+a11y:DIFFERENT_DIAGNOSTIC	default:Violated;html:Violated;a11y:Violated;html+a11y:Violated	OPEN_LANGUAGE_DIVERGENCE	00_nucleo/prompts/compiler/eval/call_dispatch.md;00_nucleo/prompts/compiler/stdlib/loading.md	01_core/src/compiler/stdlib/loading.rs:1197;01_core/src/compiler/stdlib/loading.rs:30	lab/typst-original/crates/typst-library/src/loading/mod.rs:54	cbor()	Missing requires whole-call aggregate transport beyond current encoder/panic set.	Equal complete language observation on same literal source/profile refutes this divergence; a different required owner refutes proposed causal scope.	ADR0127_INTERNAL_PARITY_L0_FIRST_REVALIDATE	supplement	loader-data-source-missing	00_nucleo/diagnosticos/p1322-sentinels-normal.json#p1307.decoder.cbor.missing
p1307.decoder.cbor.wrong-type	p1307.decoder.cbor.wrong-type	default,html,a11y,html+a11y	default:MATCH_DIAGNOSTIC;html:MATCH_DIAGNOSTIC;a11y:MATCH_DIAGNOSTIC;html+a11y:MATCH_DIAGNOSTIC	default:Preserved;html:Preserved;a11y:Preserved;html+a11y:Preserved	CLOSED_MEASURED_FUNCTIONAL_SENTINEL				cbor(42)	Only this complete bilateral assertion/projection is closed; historical expected preservation is distinct from parity.	Equal complete language observation on same literal source/profile refutes this divergence; a different required owner refutes proposed causal scope.	NO_CHANGE_AUTHORIZED	supplement		00_nucleo/diagnosticos/p1322-sentinels-normal.json#p1307.decoder.cbor.wrong-type
p1307.decoder.cbor.with	p1307.decoder.cbor.with	default,html,a11y,html+a11y	default:MATCH_VALUE;html:MATCH_VALUE;a11y:MATCH_VALUE;html+a11y:MATCH_VALUE	default:Preserved;html:Preserved;a11y:Preserved;html+a11y:Preserved	CLOSED_MEASURED_FUNCTIONAL_SENTINEL				cbor.with()	Only this complete bilateral assertion/projection is closed; historical expected preservation is distinct from parity.	Equal complete language observation on same literal source/profile refutes this divergence; a different required owner refutes proposed causal scope.	NO_CHANGE_AUTHORIZED	supplement		00_nucleo/diagnosticos/p1322-sentinels-normal.json#p1307.decoder.cbor.with
p1307.decoder.xml	xml	default,html,a11y,html+a11y	default:DIFFERENT_VALUE;html:DIFFERENT_VALUE;a11y:DIFFERENT_VALUE;html+a11y:DIFFERENT_VALUE	default:Violated;html:Violated;a11y:Violated;html+a11y:Violated	OPEN_LANGUAGE_DIVERGENCE	00_nucleo/prompts/compiler/stdlib/loading.md	01_core/src/compiler/stdlib/loading.rs:910	lab/typst-original/crates/typst-library/src/loading/xml.rs:85	repr(xml(bytes("<a key=\"v\">x</a>")))	New public dictionary namespace field requires exact L0 first.	Equal complete language observation on same literal source/profile refutes this divergence; a different required owner refutes proposed causal scope.	ADR0127_PUBLIC_CONTRACT_GATE_BEFORE_MATERIALIZATION	supplement	xml-node-namespace	00_nucleo/diagnosticos/p1322-sentinels-normal.json#p1307.decoder.xml
p1307.decoder.xml.missing	xml	default,html,a11y,html+a11y	default:DIFFERENT_DIAGNOSTIC;html:DIFFERENT_DIAGNOSTIC;a11y:DIFFERENT_DIAGNOSTIC;html+a11y:DIFFERENT_DIAGNOSTIC	default:Violated;html:Violated;a11y:Violated;html+a11y:Violated	OPEN_LANGUAGE_DIVERGENCE	00_nucleo/prompts/compiler/eval/call_dispatch.md;00_nucleo/prompts/compiler/stdlib/loading.md	01_core/src/compiler/stdlib/loading.rs:1197;01_core/src/compiler/stdlib/loading.rs:30	lab/typst-original/crates/typst-library/src/loading/mod.rs:54	xml()	Missing requires whole-call aggregate transport beyond current encoder/panic set.	Equal complete language observation on same literal source/profile refutes this divergence; a different required owner refutes proposed causal scope.	ADR0127_INTERNAL_PARITY_L0_FIRST_REVALIDATE	supplement	loader-data-source-missing	00_nucleo/diagnosticos/p1322-sentinels-normal.json#p1307.decoder.xml.missing
p1307.decoder.xml.wrong-type	p1307.decoder.xml.wrong-type	default,html,a11y,html+a11y	default:MATCH_DIAGNOSTIC;html:MATCH_DIAGNOSTIC;a11y:MATCH_DIAGNOSTIC;html+a11y:MATCH_DIAGNOSTIC	default:Preserved;html:Preserved;a11y:Preserved;html+a11y:Preserved	CLOSED_MEASURED_FUNCTIONAL_SENTINEL				xml(42)	Only this complete bilateral assertion/projection is closed; historical expected preservation is distinct from parity.	Equal complete language observation on same literal source/profile refutes this divergence; a different required owner refutes proposed causal scope.	NO_CHANGE_AUTHORIZED	supplement		00_nucleo/diagnosticos/p1322-sentinels-normal.json#p1307.decoder.xml.wrong-type
p1307.decoder.xml.with	p1307.decoder.xml.with	default,html,a11y,html+a11y	default:MATCH_VALUE;html:MATCH_VALUE;a11y:MATCH_VALUE;html+a11y:MATCH_VALUE	default:Preserved;html:Preserved;a11y:Preserved;html+a11y:Preserved	CLOSED_MEASURED_FUNCTIONAL_SENTINEL				xml.with()	Only this complete bilateral assertion/projection is closed; historical expected preservation is distinct from parity.	Equal complete language observation on same literal source/profile refutes this divergence; a different required owner refutes proposed causal scope.	NO_CHANGE_AUTHORIZED	supplement		00_nucleo/diagnosticos/p1322-sentinels-normal.json#p1307.decoder.xml.with
p1307.negative.csv.encode	p1307.negative.csv.encode	default,html,a11y,html+a11y	default:MATCH_DIAGNOSTIC;html:MATCH_DIAGNOSTIC;a11y:MATCH_DIAGNOSTIC;html+a11y:MATCH_DIAGNOSTIC	default:Preserved;html:Preserved;a11y:Preserved;html+a11y:Preserved	CLOSED_MEASURED_FUNCTIONAL_SENTINEL				csv.encode	Only this complete bilateral assertion/projection is closed; historical expected preservation is distinct from parity.	Equal complete language observation on same literal source/profile refutes this divergence; a different required owner refutes proposed causal scope.	NO_CHANGE_AUTHORIZED	supplement		00_nucleo/diagnosticos/p1322-sentinels-normal.json#p1307.negative.csv.encode
p1307.negative.xml.encode	p1307.negative.xml.encode	default,html,a11y,html+a11y	default:MATCH_DIAGNOSTIC;html:MATCH_DIAGNOSTIC;a11y:MATCH_DIAGNOSTIC;html+a11y:MATCH_DIAGNOSTIC	default:Preserved;html:Preserved;a11y:Preserved;html+a11y:Preserved	CLOSED_MEASURED_FUNCTIONAL_SENTINEL				xml.encode	Only this complete bilateral assertion/projection is closed; historical expected preservation is distinct from parity.	Equal complete language observation on same literal source/profile refutes this divergence; a different required owner refutes proposed causal scope.	NO_CHANGE_AUTHORIZED	supplement		00_nucleo/diagnosticos/p1322-sentinels-normal.json#p1307.negative.xml.encode
p1307.negative.read.encode	p1307.negative.read.encode	default,html,a11y,html+a11y	default:MATCH_DIAGNOSTIC;html:MATCH_DIAGNOSTIC;a11y:MATCH_DIAGNOSTIC;html+a11y:MATCH_DIAGNOSTIC	default:Preserved;html:Preserved;a11y:Preserved;html+a11y:Preserved	CLOSED_MEASURED_FUNCTIONAL_SENTINEL				read.encode	Only this complete bilateral assertion/projection is closed; historical expected preservation is distinct from parity.	Equal complete language observation on same literal source/profile refutes this divergence; a different required owner refutes proposed causal scope.	NO_CHANGE_AUTHORIZED	supplement		00_nucleo/diagnosticos/p1322-sentinels-normal.json#p1307.negative.read.encode
p1307.cbor.preserve.primitive	p1307.cbor.preserve.primitive	default,html,a11y,html+a11y	default:MATCH_VALUE;html:MATCH_VALUE;a11y:MATCH_VALUE;html+a11y:MATCH_VALUE	default:Preserved;html:Preserved;a11y:Preserved;html+a11y:Preserved	CLOSED_MEASURED_FUNCTIONAL_SENTINEL				repr(cbor(cbor.encode((z: 1, a: 2))))	Only this complete bilateral assertion/projection is closed; historical expected preservation is distinct from parity.	Equal complete language observation on same literal source/profile refutes this divergence; a different required owner refutes proposed causal scope.	NO_CHANGE_AUTHORIZED	supplement		00_nucleo/diagnosticos/p1322-sentinels-normal.json#p1307.cbor.preserve.primitive
p1307.cbor.preserve.bytes	p1307.cbor.preserve.bytes	default,html,a11y,html+a11y	default:MATCH_VALUE;html:MATCH_VALUE;a11y:MATCH_VALUE;html+a11y:MATCH_VALUE	default:Preserved;html:Preserved;a11y:Preserved;html+a11y:Preserved	CLOSED_MEASURED_FUNCTIONAL_SENTINEL				repr(cbor(cbor.encode(bytes((0, 255, 10)))))	Only this complete bilateral assertion/projection is closed; historical expected preservation is distinct from parity.	Equal complete language observation on same literal source/profile refutes this divergence; a different required owner refutes proposed causal scope.	NO_CHANGE_AUTHORIZED	supplement		00_nucleo/diagnosticos/p1322-sentinels-normal.json#p1307.cbor.preserve.bytes
p1307.cbor.preserve.Symbol	cbor.encode	default,html,a11y,html+a11y	default:DIFFERENT_VALUE;html:DIFFERENT_VALUE;a11y:DIFFERENT_VALUE;html+a11y:DIFFERENT_VALUE	default:Violated;html:Violated;a11y:Violated;html+a11y:Violated	OPEN_LANGUAGE_DIVERGENCE	00_nucleo/prompts/compiler/stdlib/loading.md	01_core/src/compiler/stdlib/loading.rs:854	lab/typst-original/crates/typst-library/src/loading/cbor.rs:104	repr(cbor(cbor.encode(sym.alpha)))	Decoded Symbol/Content values differ; raw CBOR bytes alone are not the acceptance gate.	Equal complete language observation on same literal source/profile refutes this divergence; a different required owner refutes proposed causal scope.	ADR0127_INTERNAL_PARITY_L0_FIRST_REVALIDATE	supplement	cbor-symbol-content-fallback	00_nucleo/diagnosticos/p1322-sentinels-normal.json#p1307.cbor.preserve.Symbol
p1307.cbor.preserve.Content	cbor.encode	default,html,a11y,html+a11y	default:DIFFERENT_VALUE;html:DIFFERENT_VALUE;a11y:DIFFERENT_VALUE;html+a11y:DIFFERENT_VALUE	default:Violated;html:Violated;a11y:Violated;html+a11y:Violated	OPEN_LANGUAGE_DIVERGENCE	00_nucleo/prompts/compiler/stdlib/loading.md	01_core/src/compiler/stdlib/loading.rs:854	lab/typst-original/crates/typst-library/src/loading/cbor.rs:104	repr(cbor(cbor.encode([hi])))	Decoded Symbol/Content values differ; raw CBOR bytes alone are not the acceptance gate.	Equal complete language observation on same literal source/profile refutes this divergence; a different required owner refutes proposed causal scope.	ADR0127_INTERNAL_PARITY_L0_FIRST_REVALIDATE	supplement	cbor-symbol-content-fallback	00_nucleo/diagnosticos/p1322-sentinels-normal.json#p1307.cbor.preserve.Content
r2.transport-calibration	r2.transport-calibration	default,html,a11y,html+a11y	default:DIFFERENT_DIAGNOSTIC;html:DIFFERENT_DIAGNOSTIC;a11y:DIFFERENT_DIAGNOSTIC;html+a11y:DIFFERENT_DIAGNOSTIC	default:Preserved;html:Preserved;a11y:Preserved;html+a11y:Preserved	MATCH_PROJECTED_LANGUAGE_RAW_TRANSPORT_DIFFERENCE					Only this complete bilateral assertion/projection is closed; historical expected preservation is distinct from parity.	Equal complete language observation on same literal source/profile refutes this divergence; a different required owner refutes proposed causal scope.	NO_CHANGE_AUTHORIZED	supplement		00_nucleo/diagnosticos/p1322-sentinels-normal.json#r2.transport-calibration
r2.construct-Location	r2.construct-Location	default,html,a11y,html+a11y	default:DIFFERENT_DIAGNOSTIC;html:DIFFERENT_DIAGNOSTIC;a11y:DIFFERENT_DIAGNOSTIC;html+a11y:DIFFERENT_DIAGNOSTIC	default:Preserved;html:Preserved;a11y:Preserved;html+a11y:Preserved	MATCH_PROJECTED_LANGUAGE_RAW_TRANSPORT_DIFFERENCE					Only this complete bilateral assertion/projection is closed; historical expected preservation is distinct from parity.	Equal complete language observation on same literal source/profile refutes this divergence; a different required owner refutes proposed causal scope.	NO_CHANGE_AUTHORIZED	supplement		00_nucleo/diagnosticos/p1322-sentinels-normal.json#r2.construct-Location
r2.construct-LocatedContent	r2.construct-LocatedContent	default,html,a11y,html+a11y	default:DIFFERENT_DIAGNOSTIC;html:DIFFERENT_DIAGNOSTIC;a11y:DIFFERENT_DIAGNOSTIC;html+a11y:DIFFERENT_DIAGNOSTIC	default:Preserved;html:Preserved;a11y:Preserved;html+a11y:Preserved	MATCH_PROJECTED_LANGUAGE_RAW_TRANSPORT_DIFFERENCE					Only this complete bilateral assertion/projection is closed; historical expected preservation is distinct from parity.	Equal complete language observation on same literal source/profile refutes this divergence; a different required owner refutes proposed causal scope.	NO_CHANGE_AUTHORIZED	supplement		00_nucleo/diagnosticos/p1322-sentinels-normal.json#r2.construct-LocatedContent
r2.feature-html	r2.feature-html	default,html,a11y,html+a11y	default:DIFFERENT_DIAGNOSTIC;html:DIFFERENT_DIAGNOSTIC;a11y:DIFFERENT_DIAGNOSTIC;html+a11y:DIFFERENT_DIAGNOSTIC	default:Preserved;html:Preserved;a11y:Preserved;html+a11y:Preserved	MATCH_PROJECTED_LANGUAGE_RAW_TRANSPORT_DIFFERENCE					Only this complete bilateral assertion/projection is closed; historical expected preservation is distinct from parity.	Equal complete language observation on same literal source/profile refutes this divergence; a different required owner refutes proposed causal scope.	NO_CHANGE_AUTHORIZED	supplement		00_nucleo/diagnosticos/p1322-sentinels-normal.json#r2.feature-html
r2.feature-a11y	r2.feature-a11y	default,html,a11y,html+a11y	default:DIFFERENT_DIAGNOSTIC;html:DIFFERENT_DIAGNOSTIC;a11y:DIFFERENT_DIAGNOSTIC;html+a11y:DIFFERENT_DIAGNOSTIC	default:Preserved;html:Preserved;a11y:Preserved;html+a11y:Preserved	MATCH_PROJECTED_LANGUAGE_RAW_TRANSPORT_DIFFERENCE					Only this complete bilateral assertion/projection is closed; historical expected preservation is distinct from parity.	Equal complete language observation on same literal source/profile refutes this divergence; a different required owner refutes proposed causal scope.	NO_CHANGE_AUTHORIZED	supplement		00_nucleo/diagnosticos/p1322-sentinels-normal.json#r2.feature-a11y
r2.type-Location	r2.type-Location	default,html,a11y,html+a11y	default:DIFFERENT_DIAGNOSTIC;html:DIFFERENT_DIAGNOSTIC;a11y:DIFFERENT_DIAGNOSTIC;html+a11y:DIFFERENT_DIAGNOSTIC	default:Preserved;html:Preserved;a11y:Preserved;html+a11y:Preserved	MATCH_PROJECTED_LANGUAGE_RAW_TRANSPORT_DIFFERENCE					Only this complete bilateral assertion/projection is closed; historical expected preservation is distinct from parity.	Equal complete language observation on same literal source/profile refutes this divergence; a different required owner refutes proposed causal scope.	NO_CHANGE_AUTHORIZED	supplement		00_nucleo/diagnosticos/p1322-sentinels-normal.json#r2.type-Location
r2.context-json-Location	r2.context-json-Location	default,html,a11y,html+a11y	default:DIFFERENT_DIAGNOSTIC;html:DIFFERENT_DIAGNOSTIC;a11y:DIFFERENT_DIAGNOSTIC;html+a11y:DIFFERENT_DIAGNOSTIC	default:Preserved;html:Preserved;a11y:Preserved;html+a11y:Preserved	MATCH_PROJECTED_LANGUAGE_RAW_TRANSPORT_DIFFERENCE					Only this complete bilateral assertion/projection is closed; historical expected preservation is distinct from parity.	Equal complete language observation on same literal source/profile refutes this divergence; a different required owner refutes proposed causal scope.	NO_CHANGE_AUTHORIZED	supplement		00_nucleo/diagnosticos/p1322-sentinels-normal.json#r2.context-json-Location
r2.context-toml-Location	r2.context-toml-Location	default,html,a11y,html+a11y	default:DIFFERENT_DIAGNOSTIC;html:DIFFERENT_DIAGNOSTIC;a11y:DIFFERENT_DIAGNOSTIC;html+a11y:DIFFERENT_DIAGNOSTIC	default:Preserved;html:Preserved;a11y:Preserved;html+a11y:Preserved	MATCH_PROJECTED_LANGUAGE_RAW_TRANSPORT_DIFFERENCE					Only this complete bilateral assertion/projection is closed; historical expected preservation is distinct from parity.	Equal complete language observation on same literal source/profile refutes this divergence; a different required owner refutes proposed causal scope.	NO_CHANGE_AUTHORIZED	supplement		00_nucleo/diagnosticos/p1322-sentinels-normal.json#r2.context-toml-Location
r2.context-yaml-Location	r2.context-yaml-Location	default,html,a11y,html+a11y	default:DIFFERENT_DIAGNOSTIC;html:DIFFERENT_DIAGNOSTIC;a11y:DIFFERENT_DIAGNOSTIC;html+a11y:DIFFERENT_DIAGNOSTIC	default:Preserved;html:Preserved;a11y:Preserved;html+a11y:Preserved	MATCH_PROJECTED_LANGUAGE_RAW_TRANSPORT_DIFFERENCE					Only this complete bilateral assertion/projection is closed; historical expected preservation is distinct from parity.	Equal complete language observation on same literal source/profile refutes this divergence; a different required owner refutes proposed causal scope.	NO_CHANGE_AUTHORIZED	supplement		00_nucleo/diagnosticos/p1322-sentinels-normal.json#r2.context-yaml-Location
r2.type-LocatedContent	r2.type-LocatedContent	default,html,a11y,html+a11y	default:DIFFERENT_DIAGNOSTIC;html:DIFFERENT_DIAGNOSTIC;a11y:DIFFERENT_DIAGNOSTIC;html+a11y:DIFFERENT_DIAGNOSTIC	default:Preserved;html:Preserved;a11y:Preserved;html+a11y:Preserved	MATCH_PROJECTED_LANGUAGE_RAW_TRANSPORT_DIFFERENCE					Only this complete bilateral assertion/projection is closed; historical expected preservation is distinct from parity.	Equal complete language observation on same literal source/profile refutes this divergence; a different required owner refutes proposed causal scope.	NO_CHANGE_AUTHORIZED	supplement		00_nucleo/diagnosticos/p1322-sentinels-normal.json#r2.type-LocatedContent
r2.context-json-LocatedContent	r2.context-json-LocatedContent	default,html,a11y,html+a11y	default:DIFFERENT_DIAGNOSTIC;html:DIFFERENT_DIAGNOSTIC;a11y:DIFFERENT_DIAGNOSTIC;html+a11y:DIFFERENT_DIAGNOSTIC	default:Preserved;html:Preserved;a11y:Preserved;html+a11y:Preserved	MATCH_PROJECTED_LANGUAGE_RAW_TRANSPORT_DIFFERENCE					Only this complete bilateral assertion/projection is closed; historical expected preservation is distinct from parity.	Equal complete language observation on same literal source/profile refutes this divergence; a different required owner refutes proposed causal scope.	NO_CHANGE_AUTHORIZED	supplement		00_nucleo/diagnosticos/p1322-sentinels-normal.json#r2.context-json-LocatedContent
r2.context-toml-LocatedContent	r2.context-toml-LocatedContent	default,html,a11y,html+a11y	default:DIFFERENT_DIAGNOSTIC;html:DIFFERENT_DIAGNOSTIC;a11y:DIFFERENT_DIAGNOSTIC;html+a11y:DIFFERENT_DIAGNOSTIC	default:Preserved;html:Preserved;a11y:Preserved;html+a11y:Preserved	MATCH_PROJECTED_LANGUAGE_RAW_TRANSPORT_DIFFERENCE					Only this complete bilateral assertion/projection is closed; historical expected preservation is distinct from parity.	Equal complete language observation on same literal source/profile refutes this divergence; a different required owner refutes proposed causal scope.	NO_CHANGE_AUTHORIZED	supplement		00_nucleo/diagnosticos/p1322-sentinels-normal.json#r2.context-toml-LocatedContent
r2.context-yaml-LocatedContent	r2.context-yaml-LocatedContent	default,html,a11y,html+a11y	default:DIFFERENT_DIAGNOSTIC;html:DIFFERENT_DIAGNOSTIC;a11y:DIFFERENT_DIAGNOSTIC;html+a11y:DIFFERENT_DIAGNOSTIC	default:Preserved;html:Preserved;a11y:Preserved;html+a11y:Preserved	MATCH_PROJECTED_LANGUAGE_RAW_TRANSPORT_DIFFERENCE					Only this complete bilateral assertion/projection is closed; historical expected preservation is distinct from parity.	Equal complete language observation on same literal source/profile refutes this divergence; a different required owner refutes proposed causal scope.	NO_CHANGE_AUTHORIZED	supplement		00_nucleo/diagnosticos/p1322-sentinels-normal.json#r2.context-yaml-LocatedContent
r2.cbor-payload-primitive	r2.cbor-payload-primitive	default,html,a11y,html+a11y	default:MATCH_VALUE;html:MATCH_VALUE;a11y:MATCH_VALUE;html+a11y:MATCH_VALUE	default:Preserved;html:Preserved;a11y:Preserved;html+a11y:Preserved	CLOSED_MEASURED_FUNCTIONAL_SENTINEL				{ let raw = cbor.encode((z: 1, a: 2)); range(raw.len()).map(i => raw.at(i)) }	Only this complete bilateral assertion/projection is closed; historical expected preservation is distinct from parity.	Equal complete language observation on same literal source/profile refutes this divergence; a different required owner refutes proposed causal scope.	NO_CHANGE_AUTHORIZED	supplement		00_nucleo/diagnosticos/p1322-sentinels-normal.json#r2.cbor-payload-primitive
r2.cbor-payload-bytes	r2.cbor-payload-bytes	default,html,a11y,html+a11y	default:MATCH_VALUE;html:MATCH_VALUE;a11y:MATCH_VALUE;html+a11y:MATCH_VALUE	default:Preserved;html:Preserved;a11y:Preserved;html+a11y:Preserved	CLOSED_MEASURED_FUNCTIONAL_SENTINEL				{ let raw = cbor.encode(bytes((0,255,10))); range(raw.len()).map(i => raw.at(i)) }	Only this complete bilateral assertion/projection is closed; historical expected preservation is distinct from parity.	Equal complete language observation on same literal source/profile refutes this divergence; a different required owner refutes proposed causal scope.	NO_CHANGE_AUTHORIZED	supplement		00_nucleo/diagnosticos/p1322-sentinels-normal.json#r2.cbor-payload-bytes
r2.cbor-payload-Symbol	cbor.encode	default,html,a11y,html+a11y	default:DIFFERENT_VALUE;html:DIFFERENT_VALUE;a11y:DIFFERENT_VALUE;html+a11y:DIFFERENT_VALUE	default:Violated;html:Violated;a11y:Violated;html+a11y:Violated	OPEN_LANGUAGE_DIVERGENCE	00_nucleo/prompts/compiler/stdlib/loading.md	01_core/src/compiler/stdlib/loading.rs:854	lab/typst-original/crates/typst-library/src/loading/cbor.rs:104	{ let raw = cbor.encode(sym.alpha); range(raw.len()).map(i => raw.at(i)) }	Decoded Symbol/Content values differ; raw CBOR bytes alone are not the acceptance gate.	Equal complete language observation on same literal source/profile refutes this divergence; a different required owner refutes proposed causal scope.	ADR0127_INTERNAL_PARITY_L0_FIRST_REVALIDATE	supplement	cbor-symbol-content-fallback	00_nucleo/diagnosticos/p1322-sentinels-normal.json#r2.cbor-payload-Symbol
r2.cbor-payload-Content	cbor.encode	default,html,a11y,html+a11y	default:DIFFERENT_VALUE;html:DIFFERENT_VALUE;a11y:DIFFERENT_VALUE;html+a11y:DIFFERENT_VALUE	default:Violated;html:Violated;a11y:Violated;html+a11y:Violated	OPEN_LANGUAGE_DIVERGENCE	00_nucleo/prompts/compiler/stdlib/loading.md	01_core/src/compiler/stdlib/loading.rs:854	lab/typst-original/crates/typst-library/src/loading/cbor.rs:104	{ let raw = cbor.encode([hi]); range(raw.len()).map(i => raw.at(i)) }	Decoded Symbol/Content values differ; raw CBOR bytes alone are not the acceptance gate.	Equal complete language observation on same literal source/profile refutes this divergence; a different required owner refutes proposed causal scope.	ADR0127_INTERNAL_PARITY_L0_FIRST_REVALIDATE	supplement	cbor-symbol-content-fallback	00_nucleo/diagnosticos/p1322-sentinels-normal.json#r2.cbor-payload-Content
r2.cbor-payload-empty-bytes	r2.cbor-payload-empty-bytes	default,html,a11y,html+a11y	default:MATCH_VALUE;html:MATCH_VALUE;a11y:MATCH_VALUE;html+a11y:MATCH_VALUE	default:Preserved;html:Preserved;a11y:Preserved;html+a11y:Preserved	CLOSED_MEASURED_FUNCTIONAL_SENTINEL				{ let raw = cbor.encode(bytes(())); range(raw.len()).map(i => raw.at(i)) }	Only this complete bilateral assertion/projection is closed; historical expected preservation is distinct from parity.	Equal complete language observation on same literal source/profile refutes this divergence; a different required owner refutes proposed causal scope.	NO_CHANGE_AUTHORIZED	supplement		00_nucleo/diagnosticos/p1322-sentinels-normal.json#r2.cbor-payload-empty-bytes
r2.cbor-payload-none	r2.cbor-payload-none	default,html,a11y,html+a11y	default:MATCH_VALUE;html:MATCH_VALUE;a11y:MATCH_VALUE;html+a11y:MATCH_VALUE	default:Preserved;html:Preserved;a11y:Preserved;html+a11y:Preserved	CLOSED_MEASURED_FUNCTIONAL_SENTINEL				{ let raw = cbor.encode(none); range(raw.len()).map(i => raw.at(i)) }	Only this complete bilateral assertion/projection is closed; historical expected preservation is distinct from parity.	Equal complete language observation on same literal source/profile refutes this divergence; a different required owner refutes proposed causal scope.	NO_CHANGE_AUTHORIZED	supplement		00_nucleo/diagnosticos/p1322-sentinels-normal.json#r2.cbor-payload-none
r2.cbor-payload-float-negative-zero	r2.cbor-payload-float-negative-zero	default,html,a11y,html+a11y	default:MATCH_VALUE;html:MATCH_VALUE;a11y:MATCH_VALUE;html+a11y:MATCH_VALUE	default:Preserved;html:Preserved;a11y:Preserved;html+a11y:Preserved	CLOSED_MEASURED_FUNCTIONAL_SENTINEL				{ let raw = cbor.encode(-0.0); range(raw.len()).map(i => raw.at(i)) }	Only this complete bilateral assertion/projection is closed; historical expected preservation is distinct from parity.	Equal complete language observation on same literal source/profile refutes this divergence; a different required owner refutes proposed causal scope.	NO_CHANGE_AUTHORIZED	supplement		00_nucleo/diagnosticos/p1322-sentinels-normal.json#r2.cbor-payload-float-negative-zero
r2.with-json-parent-invalid-named	r2.with-json-parent-invalid-named	default,html,a11y,html+a11y	default:MATCH_VALUE;html:MATCH_VALUE;a11y:MATCH_VALUE;html+a11y:MATCH_VALUE	default:Preserved;html:Preserved;a11y:Preserved;html+a11y:Preserved	CLOSED_MEASURED_FUNCTIONAL_SENTINEL				json.with(nope: 9).encode((z: (1, 2), a: 3))	Only this complete bilateral assertion/projection is closed; historical expected preservation is distinct from parity.	Equal complete language observation on same literal source/profile refutes this divergence; a different required owner refutes proposed causal scope.	NO_CHANGE_AUTHORIZED	supplement		00_nucleo/diagnosticos/p1322-sentinels-normal.json#r2.with-json-parent-invalid-named
r2.with-json-parent-bound-positional-named	r2.with-json-parent-bound-positional-named	default,html,a11y,html+a11y	default:MATCH_VALUE;html:MATCH_VALUE;a11y:MATCH_VALUE;html+a11y:MATCH_VALUE	default:Preserved;html:Preserved;a11y:Preserved;html+a11y:Preserved	CLOSED_MEASURED_FUNCTIONAL_SENTINEL				json.with(bytes("ignored"), nope: 9).encode((z: (1, 2), a: 3))	Only this complete bilateral assertion/projection is closed; historical expected preservation is distinct from parity.	Equal complete language observation on same literal source/profile refutes this divergence; a different required owner refutes proposed causal scope.	NO_CHANGE_AUTHORIZED	supplement		00_nucleo/diagnosticos/p1322-sentinels-normal.json#r2.with-json-parent-bound-positional-named
r2.with-json-encoder-bound-invalid-named	r2.with-json-encoder-bound-invalid-named	default,html,a11y,html+a11y	default:MATCH_DIAGNOSTIC;html:MATCH_DIAGNOSTIC;a11y:MATCH_DIAGNOSTIC;html+a11y:MATCH_DIAGNOSTIC	default:Preserved;html:Preserved;a11y:Preserved;html+a11y:Preserved	CLOSED_MEASURED_FUNCTIONAL_SENTINEL				json.encode.with(nope: 9)((z: (1, 2), a: 3))	Only this complete bilateral assertion/projection is closed; historical expected preservation is distinct from parity.	Equal complete language observation on same literal source/profile refutes this divergence; a different required owner refutes proposed causal scope.	NO_CHANGE_AUTHORIZED	supplement		00_nucleo/diagnosticos/p1322-sentinels-normal.json#r2.with-json-encoder-bound-invalid-named
r2.with-json-encoder-bound-pretty	r2.with-json-encoder-bound-pretty	default,html,a11y,html+a11y	default:MATCH_VALUE;html:MATCH_VALUE;a11y:MATCH_VALUE;html+a11y:MATCH_VALUE	default:Preserved;html:Preserved;a11y:Preserved;html+a11y:Preserved	CLOSED_MEASURED_FUNCTIONAL_SENTINEL				json.encode.with(pretty: false)((z: (1, 2), a: 3))	Only this complete bilateral assertion/projection is closed; historical expected preservation is distinct from parity.	Equal complete language observation on same literal source/profile refutes this divergence; a different required owner refutes proposed causal scope.	NO_CHANGE_AUTHORIZED	supplement		00_nucleo/diagnosticos/p1322-sentinels-normal.json#r2.with-json-encoder-bound-pretty
r2.with-json-encoder-override	r2.with-json-encoder-override	default,html,a11y,html+a11y	default:MATCH_VALUE;html:MATCH_VALUE;a11y:MATCH_VALUE;html+a11y:MATCH_VALUE	default:Preserved;html:Preserved;a11y:Preserved;html+a11y:Preserved	CLOSED_MEASURED_FUNCTIONAL_SENTINEL				json.encode.with(pretty: false)((z: (1, 2), a: 3), pretty: true)	Only this complete bilateral assertion/projection is closed; historical expected preservation is distinct from parity.	Equal complete language observation on same literal source/profile refutes this divergence; a different required owner refutes proposed causal scope.	NO_CHANGE_AUTHORIZED	supplement		00_nucleo/diagnosticos/p1322-sentinels-normal.json#r2.with-json-encoder-override
r2.with-json-invalid-first-occurrence	r2.with-json-invalid-first-occurrence	default,html,a11y,html+a11y	default:MATCH_DIAGNOSTIC;html:MATCH_DIAGNOSTIC;a11y:MATCH_DIAGNOSTIC;html+a11y:MATCH_DIAGNOSTIC	default:Preserved;html:Preserved;a11y:Preserved;html+a11y:Preserved	CLOSED_MEASURED_FUNCTIONAL_SENTINEL				json.encode.with(pretty: "bad")((z: (1, 2), a: 3), pretty: true)	Only this complete bilateral assertion/projection is closed; historical expected preservation is distinct from parity.	Equal complete language observation on same literal source/profile refutes this divergence; a different required owner refutes proposed causal scope.	NO_CHANGE_AUTHORIZED	supplement		00_nucleo/diagnosticos/p1322-sentinels-normal.json#r2.with-json-invalid-first-occurrence
r2.with-json-invalid-last-occurrence	r2.with-json-invalid-last-occurrence	default,html,a11y,html+a11y	default:MATCH_DIAGNOSTIC;html:MATCH_DIAGNOSTIC;a11y:MATCH_DIAGNOSTIC;html+a11y:MATCH_DIAGNOSTIC	default:Preserved;html:Preserved;a11y:Preserved;html+a11y:Preserved	CLOSED_MEASURED_FUNCTIONAL_SENTINEL				json.encode.with(pretty: true)((z: (1, 2), a: 3), pretty: "bad")	Only this complete bilateral assertion/projection is closed; historical expected preservation is distinct from parity.	Equal complete language observation on same literal source/profile refutes this divergence; a different required owner refutes proposed causal scope.	NO_CHANGE_AUTHORIZED	supplement		00_nucleo/diagnosticos/p1322-sentinels-normal.json#r2.with-json-invalid-last-occurrence
r2.with-json-encoder-with-identity	r2.with-json-encoder-with-identity	default,html,a11y,html+a11y	default:MATCH_VALUE;html:MATCH_VALUE;a11y:MATCH_VALUE;html+a11y:MATCH_VALUE	default:Preserved;html:Preserved;a11y:Preserved;html+a11y:Preserved	CLOSED_MEASURED_FUNCTIONAL_SENTINEL				(repr(type(json.encode.with())), repr(json.encode.with()))	Only this complete bilateral assertion/projection is closed; historical expected preservation is distinct from parity.	Equal complete language observation on same literal source/profile refutes this divergence; a different required owner refutes proposed causal scope.	NO_CHANGE_AUTHORIZED	supplement		00_nucleo/diagnosticos/p1322-sentinels-normal.json#r2.with-json-encoder-with-identity
r2.with-toml-parent-invalid-named	r2.with-toml-parent-invalid-named	default,html,a11y,html+a11y	default:MATCH_VALUE;html:MATCH_VALUE;a11y:MATCH_VALUE;html+a11y:MATCH_VALUE	default:Preserved;html:Preserved;a11y:Preserved;html+a11y:Preserved	CLOSED_MEASURED_FUNCTIONAL_SENTINEL				toml.with(nope: 9).encode((z: (1, 2), a: 3))	Only this complete bilateral assertion/projection is closed; historical expected preservation is distinct from parity.	Equal complete language observation on same literal source/profile refutes this divergence; a different required owner refutes proposed causal scope.	NO_CHANGE_AUTHORIZED	supplement		00_nucleo/diagnosticos/p1322-sentinels-normal.json#r2.with-toml-parent-invalid-named
r2.with-toml-parent-bound-positional-named	r2.with-toml-parent-bound-positional-named	default,html,a11y,html+a11y	default:MATCH_VALUE;html:MATCH_VALUE;a11y:MATCH_VALUE;html+a11y:MATCH_VALUE	default:Preserved;html:Preserved;a11y:Preserved;html+a11y:Preserved	CLOSED_MEASURED_FUNCTIONAL_SENTINEL				toml.with(bytes("ignored"), nope: 9).encode((z: (1, 2), a: 3))	Only this complete bilateral assertion/projection is closed; historical expected preservation is distinct from parity.	Equal complete language observation on same literal source/profile refutes this divergence; a different required owner refutes proposed causal scope.	NO_CHANGE_AUTHORIZED	supplement		00_nucleo/diagnosticos/p1322-sentinels-normal.json#r2.with-toml-parent-bound-positional-named
r2.with-toml-encoder-bound-invalid-named	r2.with-toml-encoder-bound-invalid-named	default,html,a11y,html+a11y	default:MATCH_DIAGNOSTIC;html:MATCH_DIAGNOSTIC;a11y:MATCH_DIAGNOSTIC;html+a11y:MATCH_DIAGNOSTIC	default:Preserved;html:Preserved;a11y:Preserved;html+a11y:Preserved	CLOSED_MEASURED_FUNCTIONAL_SENTINEL				toml.encode.with(nope: 9)((z: (1, 2), a: 3))	Only this complete bilateral assertion/projection is closed; historical expected preservation is distinct from parity.	Equal complete language observation on same literal source/profile refutes this divergence; a different required owner refutes proposed causal scope.	NO_CHANGE_AUTHORIZED	supplement		00_nucleo/diagnosticos/p1322-sentinels-normal.json#r2.with-toml-encoder-bound-invalid-named
r2.with-toml-encoder-bound-pretty	r2.with-toml-encoder-bound-pretty	default,html,a11y,html+a11y	default:MATCH_VALUE;html:MATCH_VALUE;a11y:MATCH_VALUE;html+a11y:MATCH_VALUE	default:Preserved;html:Preserved;a11y:Preserved;html+a11y:Preserved	CLOSED_MEASURED_FUNCTIONAL_SENTINEL				toml.encode.with(pretty: false)((z: (1, 2), a: 3))	Only this complete bilateral assertion/projection is closed; historical expected preservation is distinct from parity.	Equal complete language observation on same literal source/profile refutes this divergence; a different required owner refutes proposed causal scope.	NO_CHANGE_AUTHORIZED	supplement		00_nucleo/diagnosticos/p1322-sentinels-normal.json#r2.with-toml-encoder-bound-pretty
r2.with-toml-encoder-override	r2.with-toml-encoder-override	default,html,a11y,html+a11y	default:MATCH_VALUE;html:MATCH_VALUE;a11y:MATCH_VALUE;html+a11y:MATCH_VALUE	default:Preserved;html:Preserved;a11y:Preserved;html+a11y:Preserved	CLOSED_MEASURED_FUNCTIONAL_SENTINEL				toml.encode.with(pretty: false)((z: (1, 2), a: 3), pretty: true)	Only this complete bilateral assertion/projection is closed; historical expected preservation is distinct from parity.	Equal complete language observation on same literal source/profile refutes this divergence; a different required owner refutes proposed causal scope.	NO_CHANGE_AUTHORIZED	supplement		00_nucleo/diagnosticos/p1322-sentinels-normal.json#r2.with-toml-encoder-override
r2.with-toml-invalid-first-occurrence	r2.with-toml-invalid-first-occurrence	default,html,a11y,html+a11y	default:MATCH_DIAGNOSTIC;html:MATCH_DIAGNOSTIC;a11y:MATCH_DIAGNOSTIC;html+a11y:MATCH_DIAGNOSTIC	default:Preserved;html:Preserved;a11y:Preserved;html+a11y:Preserved	CLOSED_MEASURED_FUNCTIONAL_SENTINEL				toml.encode.with(pretty: "bad")((z: (1, 2), a: 3), pretty: true)	Only this complete bilateral assertion/projection is closed; historical expected preservation is distinct from parity.	Equal complete language observation on same literal source/profile refutes this divergence; a different required owner refutes proposed causal scope.	NO_CHANGE_AUTHORIZED	supplement		00_nucleo/diagnosticos/p1322-sentinels-normal.json#r2.with-toml-invalid-first-occurrence
r2.with-toml-invalid-last-occurrence	r2.with-toml-invalid-last-occurrence	default,html,a11y,html+a11y	default:MATCH_DIAGNOSTIC;html:MATCH_DIAGNOSTIC;a11y:MATCH_DIAGNOSTIC;html+a11y:MATCH_DIAGNOSTIC	default:Preserved;html:Preserved;a11y:Preserved;html+a11y:Preserved	CLOSED_MEASURED_FUNCTIONAL_SENTINEL				toml.encode.with(pretty: true)((z: (1, 2), a: 3), pretty: "bad")	Only this complete bilateral assertion/projection is closed; historical expected preservation is distinct from parity.	Equal complete language observation on same literal source/profile refutes this divergence; a different required owner refutes proposed causal scope.	NO_CHANGE_AUTHORIZED	supplement		00_nucleo/diagnosticos/p1322-sentinels-normal.json#r2.with-toml-invalid-last-occurrence
r2.with-toml-encoder-with-identity	r2.with-toml-encoder-with-identity	default,html,a11y,html+a11y	default:MATCH_VALUE;html:MATCH_VALUE;a11y:MATCH_VALUE;html+a11y:MATCH_VALUE	default:Preserved;html:Preserved;a11y:Preserved;html+a11y:Preserved	CLOSED_MEASURED_FUNCTIONAL_SENTINEL				(repr(type(toml.encode.with())), repr(toml.encode.with()))	Only this complete bilateral assertion/projection is closed; historical expected preservation is distinct from parity.	Equal complete language observation on same literal source/profile refutes this divergence; a different required owner refutes proposed causal scope.	NO_CHANGE_AUTHORIZED	supplement		00_nucleo/diagnosticos/p1322-sentinels-normal.json#r2.with-toml-encoder-with-identity
r2.with-yaml-parent-invalid-named	r2.with-yaml-parent-invalid-named	default,html,a11y,html+a11y	default:MATCH_VALUE;html:MATCH_VALUE;a11y:MATCH_VALUE;html+a11y:MATCH_VALUE	default:Preserved;html:Preserved;a11y:Preserved;html+a11y:Preserved	CLOSED_MEASURED_FUNCTIONAL_SENTINEL				yaml.with(nope: 9).encode((z: (1, 2), a: 3))	Only this complete bilateral assertion/projection is closed; historical expected preservation is distinct from parity.	Equal complete language observation on same literal source/profile refutes this divergence; a different required owner refutes proposed causal scope.	NO_CHANGE_AUTHORIZED	supplement		00_nucleo/diagnosticos/p1322-sentinels-normal.json#r2.with-yaml-parent-invalid-named
r2.with-yaml-parent-bound-positional-named	r2.with-yaml-parent-bound-positional-named	default,html,a11y,html+a11y	default:MATCH_VALUE;html:MATCH_VALUE;a11y:MATCH_VALUE;html+a11y:MATCH_VALUE	default:Preserved;html:Preserved;a11y:Preserved;html+a11y:Preserved	CLOSED_MEASURED_FUNCTIONAL_SENTINEL				yaml.with(bytes("ignored"), nope: 9).encode((z: (1, 2), a: 3))	Only this complete bilateral assertion/projection is closed; historical expected preservation is distinct from parity.	Equal complete language observation on same literal source/profile refutes this divergence; a different required owner refutes proposed causal scope.	NO_CHANGE_AUTHORIZED	supplement		00_nucleo/diagnosticos/p1322-sentinels-normal.json#r2.with-yaml-parent-bound-positional-named
r2.with-yaml-encoder-bound-invalid-named	r2.with-yaml-encoder-bound-invalid-named	default,html,a11y,html+a11y	default:MATCH_DIAGNOSTIC;html:MATCH_DIAGNOSTIC;a11y:MATCH_DIAGNOSTIC;html+a11y:MATCH_DIAGNOSTIC	default:Preserved;html:Preserved;a11y:Preserved;html+a11y:Preserved	CLOSED_MEASURED_FUNCTIONAL_SENTINEL				yaml.encode.with(nope: 9)((z: (1, 2), a: 3))	Only this complete bilateral assertion/projection is closed; historical expected preservation is distinct from parity.	Equal complete language observation on same literal source/profile refutes this divergence; a different required owner refutes proposed causal scope.	NO_CHANGE_AUTHORIZED	supplement		00_nucleo/diagnosticos/p1322-sentinels-normal.json#r2.with-yaml-encoder-bound-invalid-named
r2.with-yaml-encoder-bound-pretty	r2.with-yaml-encoder-bound-pretty	default,html,a11y,html+a11y	default:MATCH_DIAGNOSTIC;html:MATCH_DIAGNOSTIC;a11y:MATCH_DIAGNOSTIC;html+a11y:MATCH_DIAGNOSTIC	default:Preserved;html:Preserved;a11y:Preserved;html+a11y:Preserved	CLOSED_MEASURED_FUNCTIONAL_SENTINEL				yaml.encode.with(pretty: false)((z: (1, 2), a: 3))	Only this complete bilateral assertion/projection is closed; historical expected preservation is distinct from parity.	Equal complete language observation on same literal source/profile refutes this divergence; a different required owner refutes proposed causal scope.	NO_CHANGE_AUTHORIZED	supplement		00_nucleo/diagnosticos/p1322-sentinels-normal.json#r2.with-yaml-encoder-bound-pretty
r2.with-yaml-encoder-override	r2.with-yaml-encoder-override	default,html,a11y,html+a11y	default:MATCH_DIAGNOSTIC;html:MATCH_DIAGNOSTIC;a11y:MATCH_DIAGNOSTIC;html+a11y:MATCH_DIAGNOSTIC	default:Preserved;html:Preserved;a11y:Preserved;html+a11y:Preserved	CLOSED_MEASURED_FUNCTIONAL_SENTINEL				yaml.encode.with(pretty: false)((z: (1, 2), a: 3), pretty: true)	Only this complete bilateral assertion/projection is closed; historical expected preservation is distinct from parity.	Equal complete language observation on same literal source/profile refutes this divergence; a different required owner refutes proposed causal scope.	NO_CHANGE_AUTHORIZED	supplement		00_nucleo/diagnosticos/p1322-sentinels-normal.json#r2.with-yaml-encoder-override
r2.with-yaml-invalid-first-occurrence	r2.with-yaml-invalid-first-occurrence	default,html,a11y,html+a11y	default:MATCH_DIAGNOSTIC;html:MATCH_DIAGNOSTIC;a11y:MATCH_DIAGNOSTIC;html+a11y:MATCH_DIAGNOSTIC	default:Preserved;html:Preserved;a11y:Preserved;html+a11y:Preserved	CLOSED_MEASURED_FUNCTIONAL_SENTINEL				yaml.encode.with(pretty: "bad")((z: (1, 2), a: 3), pretty: true)	Only this complete bilateral assertion/projection is closed; historical expected preservation is distinct from parity.	Equal complete language observation on same literal source/profile refutes this divergence; a different required owner refutes proposed causal scope.	NO_CHANGE_AUTHORIZED	supplement		00_nucleo/diagnosticos/p1322-sentinels-normal.json#r2.with-yaml-invalid-first-occurrence
r2.with-yaml-invalid-last-occurrence	r2.with-yaml-invalid-last-occurrence	default,html,a11y,html+a11y	default:MATCH_DIAGNOSTIC;html:MATCH_DIAGNOSTIC;a11y:MATCH_DIAGNOSTIC;html+a11y:MATCH_DIAGNOSTIC	default:Preserved;html:Preserved;a11y:Preserved;html+a11y:Preserved	CLOSED_MEASURED_FUNCTIONAL_SENTINEL				yaml.encode.with(pretty: true)((z: (1, 2), a: 3), pretty: "bad")	Only this complete bilateral assertion/projection is closed; historical expected preservation is distinct from parity.	Equal complete language observation on same literal source/profile refutes this divergence; a different required owner refutes proposed causal scope.	NO_CHANGE_AUTHORIZED	supplement		00_nucleo/diagnosticos/p1322-sentinels-normal.json#r2.with-yaml-invalid-last-occurrence
r2.with-yaml-encoder-with-identity	r2.with-yaml-encoder-with-identity	default,html,a11y,html+a11y	default:MATCH_VALUE;html:MATCH_VALUE;a11y:MATCH_VALUE;html+a11y:MATCH_VALUE	default:Preserved;html:Preserved;a11y:Preserved;html+a11y:Preserved	CLOSED_MEASURED_FUNCTIONAL_SENTINEL				(repr(type(yaml.encode.with())), repr(yaml.encode.with()))	Only this complete bilateral assertion/projection is closed; historical expected preservation is distinct from parity.	Equal complete language observation on same literal source/profile refutes this divergence; a different required owner refutes proposed causal scope.	NO_CHANGE_AUTHORIZED	supplement		00_nucleo/diagnosticos/p1322-sentinels-normal.json#r2.with-yaml-encoder-with-identity
r2.with-spread-arguments-f	r2.with-spread-arguments-f	default,html,a11y,html+a11y	default:MATCH_DIAGNOSTIC;html:MATCH_DIAGNOSTIC;a11y:MATCH_DIAGNOSTIC;html+a11y:MATCH_DIAGNOSTIC	default:Preserved;html:Preserved;a11y:Preserved;html+a11y:Preserved	CLOSED_MEASURED_FUNCTIONAL_SENTINEL				{   let make(which) = {     let a = arguments(nope: 1);     let b = arguments(nope: 1);     yaml.encode.with(..(if which { a } else { b }))   };   let f = make(true);   let g = make(false);   f((:)) }	Only this complete bilateral assertion/projection is closed; historical expected preservation is distinct from parity.	Equal complete language observation on same literal source/profile refutes this divergence; a different required owner refutes proposed causal scope.	NO_CHANGE_AUTHORIZED	supplement		00_nucleo/diagnosticos/p1322-sentinels-normal.json#r2.with-spread-arguments-f
r2.with-spread-arguments-g	r2.with-spread-arguments-g	default,html,a11y,html+a11y	default:MATCH_DIAGNOSTIC;html:MATCH_DIAGNOSTIC;a11y:MATCH_DIAGNOSTIC;html+a11y:MATCH_DIAGNOSTIC	default:Preserved;html:Preserved;a11y:Preserved;html+a11y:Preserved	CLOSED_MEASURED_FUNCTIONAL_SENTINEL				{   let make(which) = {     let a = arguments(nope: 1);     let b = arguments(nope: 1);     yaml.encode.with(..(if which { a } else { b }))   };   let f = make(true);   let g = make(false);   g((:)) }	Only this complete bilateral assertion/projection is closed; historical expected preservation is distinct from parity.	Equal complete language observation on same literal source/profile refutes this divergence; a different required owner refutes proposed causal scope.	NO_CHANGE_AUTHORIZED	supplement		00_nucleo/diagnosticos/p1322-sentinels-normal.json#r2.with-spread-arguments-g
r2.with-spread-closure-f	r2.with-spread-closure-f	default,html,a11y,html+a11y	default:MATCH_DIAGNOSTIC;html:MATCH_DIAGNOSTIC;a11y:MATCH_DIAGNOSTIC;html+a11y:MATCH_DIAGNOSTIC	default:Preserved;html:Preserved;a11y:Preserved;html+a11y:Preserved	CLOSED_MEASURED_FUNCTIONAL_SENTINEL				{   let make(which) = {     let a = ((..xs) => xs)(nope: 1);     let b = ((..xs) => xs)(nope: 1);     yaml.encode.with(..(if which { a } else { b }))   };   let f = make(true);   let g = make(false);   f((:)) }	Only this complete bilateral assertion/projection is closed; historical expected preservation is distinct from parity.	Equal complete language observation on same literal source/profile refutes this divergence; a different required owner refutes proposed causal scope.	NO_CHANGE_AUTHORIZED	supplement		00_nucleo/diagnosticos/p1322-sentinels-normal.json#r2.with-spread-closure-f
r2.with-spread-closure-g	r2.with-spread-closure-g	default,html,a11y,html+a11y	default:MATCH_DIAGNOSTIC;html:MATCH_DIAGNOSTIC;a11y:MATCH_DIAGNOSTIC;html+a11y:MATCH_DIAGNOSTIC	default:Preserved;html:Preserved;a11y:Preserved;html+a11y:Preserved	CLOSED_MEASURED_FUNCTIONAL_SENTINEL				{   let make(which) = {     let a = ((..xs) => xs)(nope: 1);     let b = ((..xs) => xs)(nope: 1);     yaml.encode.with(..(if which { a } else { b }))   };   let f = make(true);   let g = make(false);   g((:)) }	Only this complete bilateral assertion/projection is closed; historical expected preservation is distinct from parity.	Equal complete language observation on same literal source/profile refutes this divergence; a different required owner refutes proposed causal scope.	NO_CHANGE_AUTHORIZED	supplement		00_nucleo/diagnosticos/p1322-sentinels-normal.json#r2.with-spread-closure-g
r4.args.constructor	r4.args.constructor	default,html,a11y,html+a11y	default:MATCH_VALUE;html:MATCH_VALUE;a11y:MATCH_VALUE;html+a11y:MATCH_VALUE	default:Preserved;html:Preserved;a11y:Preserved;html+a11y:Preserved	CLOSED_MEASURED_FUNCTIONAL_SENTINEL				repr(arguments(1, key: 2))	Only this complete bilateral assertion/projection is closed; historical expected preservation is distinct from parity.	Equal complete language observation on same literal source/profile refutes this divergence; a different required owner refutes proposed causal scope.	NO_CHANGE_AUTHORIZED	supplement		00_nucleo/diagnosticos/p1322-sentinels-normal.json#r4.args.constructor
r4.args.mixed-duplicates	r4.args.mixed-duplicates	default,html,a11y,html+a11y	default:MATCH_VALUE;html:MATCH_VALUE;a11y:MATCH_VALUE;html+a11y:MATCH_VALUE	default:Preserved;html:Preserved;a11y:Preserved;html+a11y:Preserved	CLOSED_MEASURED_FUNCTIONAL_SENTINEL				repr(arguments(..arguments(z: 11), 22, ..arguments(z: 33, a: 44), 55))	Only this complete bilateral assertion/projection is closed; historical expected preservation is distinct from parity.	Equal complete language observation on same literal source/profile refutes this divergence; a different required owner refutes proposed causal scope.	NO_CHANGE_AUTHORIZED	supplement		00_nucleo/diagnosticos/p1322-sentinels-normal.json#r4.args.mixed-duplicates
r4.args.projections	r4.args.projections	default,html,a11y,html+a11y	default:MATCH_VALUE;html:MATCH_VALUE;a11y:MATCH_VALUE;html+a11y:MATCH_VALUE	default:Preserved;html:Preserved;a11y:Preserved;html+a11y:Preserved	CLOSED_MEASURED_FUNCTIONAL_SENTINEL				{ let a = arguments(..arguments(z: 11), 22, ..arguments(z: 33, a: 44), 55); (repr(a.pos()), repr(a.named()), a.len(), a.at("z")) }	Only this complete bilateral assertion/projection is closed; historical expected preservation is distinct from parity.	Equal complete language observation on same literal source/profile refutes this divergence; a different required owner refutes proposed causal scope.	NO_CHANGE_AUTHORIZED	supplement		00_nucleo/diagnosticos/p1322-sentinels-normal.json#r4.args.projections
r4.args.map-identity	r4.args.map-identity	default,html,a11y,html+a11y	default:MATCH_VALUE;html:MATCH_VALUE;a11y:MATCH_VALUE;html+a11y:MATCH_VALUE	default:Preserved;html:Preserved;a11y:Preserved;html+a11y:Preserved	CLOSED_MEASURED_FUNCTIONAL_SENTINEL				repr(arguments(..arguments(z: 11), 22, ..arguments(z: 33, a: 44), 55).map(v => v))	Only this complete bilateral assertion/projection is closed; historical expected preservation is distinct from parity.	Equal complete language observation on same literal source/profile refutes this divergence; a different required owner refutes proposed causal scope.	NO_CHANGE_AUTHORIZED	supplement		00_nucleo/diagnosticos/p1322-sentinels-normal.json#r4.args.map-identity
r4.args.map-value	r4.args.map-value	default,html,a11y,html+a11y	default:MATCH_VALUE;html:MATCH_VALUE;a11y:MATCH_VALUE;html+a11y:MATCH_VALUE	default:Preserved;html:Preserved;a11y:Preserved;html+a11y:Preserved	CLOSED_MEASURED_FUNCTIONAL_SENTINEL				repr(arguments(..arguments(z: 11), 22, ..arguments(z: 33, a: 44), 55).map(v => v + 1))	Only this complete bilateral assertion/projection is closed; historical expected preservation is distinct from parity.	Equal complete language observation on same literal source/profile refutes this divergence; a different required owner refutes proposed causal scope.	NO_CHANGE_AUTHORIZED	supplement		00_nucleo/diagnosticos/p1322-sentinels-normal.json#r4.args.map-value
r4.args.filter-all	r4.args.filter-all	default,html,a11y,html+a11y	default:MATCH_VALUE;html:MATCH_VALUE;a11y:MATCH_VALUE;html+a11y:MATCH_VALUE	default:Preserved;html:Preserved;a11y:Preserved;html+a11y:Preserved	CLOSED_MEASURED_FUNCTIONAL_SENTINEL				repr(arguments(..arguments(z: 11), 22, ..arguments(z: 33, a: 44), 55).filter(v => true))	Only this complete bilateral assertion/projection is closed; historical expected preservation is distinct from parity.	Equal complete language observation on same literal source/profile refutes this divergence; a different required owner refutes proposed causal scope.	NO_CHANGE_AUTHORIZED	supplement		00_nucleo/diagnosticos/p1322-sentinels-normal.json#r4.args.filter-all
r4.args.filter-first-duplicate	r4.args.filter-first-duplicate	default,html,a11y,html+a11y	default:MATCH_VALUE;html:MATCH_VALUE;a11y:MATCH_VALUE;html+a11y:MATCH_VALUE	default:Preserved;html:Preserved;a11y:Preserved;html+a11y:Preserved	CLOSED_MEASURED_FUNCTIONAL_SENTINEL				repr(arguments(..arguments(z: 11), 22, ..arguments(z: 33, a: 44), 55).filter(v => v != 11))	Only this complete bilateral assertion/projection is closed; historical expected preservation is distinct from parity.	Equal complete language observation on same literal source/profile refutes this divergence; a different required owner refutes proposed causal scope.	NO_CHANGE_AUTHORIZED	supplement		00_nucleo/diagnosticos/p1322-sentinels-normal.json#r4.args.filter-first-duplicate
r4.args.filter-last-duplicate	r4.args.filter-last-duplicate	default,html,a11y,html+a11y	default:MATCH_VALUE;html:MATCH_VALUE;a11y:MATCH_VALUE;html+a11y:MATCH_VALUE	default:Preserved;html:Preserved;a11y:Preserved;html+a11y:Preserved	CLOSED_MEASURED_FUNCTIONAL_SENTINEL				repr(arguments(..arguments(z: 11), 22, ..arguments(z: 33, a: 44), 55).filter(v => v != 33))	Only this complete bilateral assertion/projection is closed; historical expected preservation is distinct from parity.	Equal complete language observation on same literal source/profile refutes this divergence; a different required owner refutes proposed causal scope.	NO_CHANGE_AUTHORIZED	supplement		00_nucleo/diagnosticos/p1322-sentinels-normal.json#r4.args.filter-last-duplicate
r4.args.filter-empty	r4.args.filter-empty	default,html,a11y,html+a11y	default:MATCH_VALUE;html:MATCH_VALUE;a11y:MATCH_VALUE;html+a11y:MATCH_VALUE	default:Preserved;html:Preserved;a11y:Preserved;html+a11y:Preserved	CLOSED_MEASURED_FUNCTIONAL_SENTINEL				repr(arguments(..arguments(z: 11), 22, ..arguments(z: 33, a: 44), 55).filter(v => false))	Only this complete bilateral assertion/projection is closed; historical expected preservation is distinct from parity.	Equal complete language observation on same literal source/profile refutes this divergence; a different required owner refutes proposed causal scope.	NO_CHANGE_AUTHORIZED	supplement		00_nucleo/diagnosticos/p1322-sentinels-normal.json#r4.args.filter-empty
r4.args.map-static	r4.args.map-static	default,html,a11y,html+a11y	default:MATCH_VALUE;html:MATCH_VALUE;a11y:MATCH_VALUE;html+a11y:MATCH_VALUE	default:Preserved;html:Preserved;a11y:Preserved;html+a11y:Preserved	CLOSED_MEASURED_FUNCTIONAL_SENTINEL				repr(arguments.map(arguments(..arguments(z: 11), 22, ..arguments(z: 33, a: 44), 55), v => v + 1))	Only this complete bilateral assertion/projection is closed; historical expected preservation is distinct from parity.	Equal complete language observation on same literal source/profile refutes this divergence; a different required owner refutes proposed causal scope.	NO_CHANGE_AUTHORIZED	supplement		00_nucleo/diagnosticos/p1322-sentinels-normal.json#r4.args.map-static
r4.args.filter-static	r4.args.filter-static	default,html,a11y,html+a11y	default:MATCH_VALUE;html:MATCH_VALUE;a11y:MATCH_VALUE;html+a11y:MATCH_VALUE	default:Preserved;html:Preserved;a11y:Preserved;html+a11y:Preserved	CLOSED_MEASURED_FUNCTIONAL_SENTINEL				repr(arguments.filter(arguments(..arguments(z: 11), 22, ..arguments(z: 33, a: 44), 55), v => v != 11))	Only this complete bilateral assertion/projection is closed; historical expected preservation is distinct from parity.	Equal complete language observation on same literal source/profile refutes this divergence; a different required owner refutes proposed causal scope.	NO_CHANGE_AUTHORIZED	supplement		00_nucleo/diagnosticos/p1322-sentinels-normal.json#r4.args.filter-static
r4.args.sink-only	r4.args.sink-only	default,html,a11y,html+a11y	default:MATCH_VALUE;html:MATCH_VALUE;a11y:MATCH_VALUE;html+a11y:MATCH_VALUE	default:Preserved;html:Preserved;a11y:Preserved;html+a11y:Preserved	CLOSED_MEASURED_FUNCTIONAL_SENTINEL				repr(((..a) => a)(1, key: 2))	Only this complete bilateral assertion/projection is closed; historical expected preservation is distinct from parity.	Equal complete language observation on same literal source/profile refutes this divergence; a different required owner refutes proposed causal scope.	NO_CHANGE_AUTHORIZED	supplement		00_nucleo/diagnosticos/p1322-sentinels-normal.json#r4.args.sink-only
r4.args.sink-mixed	r4.args.sink-mixed	default,html,a11y,html+a11y	default:MATCH_VALUE;html:MATCH_VALUE;a11y:MATCH_VALUE;html+a11y:MATCH_VALUE	default:Preserved;html:Preserved;a11y:Preserved;html+a11y:Preserved	CLOSED_MEASURED_FUNCTIONAL_SENTINEL				repr(((..a) => a)(..arguments(..arguments(z: 11), 22, ..arguments(z: 33, a: 44), 55)))	Only this complete bilateral assertion/projection is closed; historical expected preservation is distinct from parity.	Equal complete language observation on same literal source/profile refutes this divergence; a different required owner refutes proposed causal scope.	NO_CHANGE_AUTHORIZED	supplement		00_nucleo/diagnosticos/p1322-sentinels-normal.json#r4.args.sink-mixed
r4.args.sink-consumed-named	r4.args.sink-consumed-named	default,html,a11y,html+a11y	default:MATCH_VALUE;html:MATCH_VALUE;a11y:MATCH_VALUE;html+a11y:MATCH_VALUE	default:Preserved;html:Preserved;a11y:Preserved;html+a11y:Preserved	CLOSED_MEASURED_FUNCTIONAL_SENTINEL				repr(((head, z: 0, ..rest) => rest)(..arguments(..arguments(z: 11), 22, ..arguments(z: 33, a: 44), 55)))	Only this complete bilateral assertion/projection is closed; historical expected preservation is distinct from parity.	Equal complete language observation on same literal source/profile refutes this divergence; a different required owner refutes proposed causal scope.	NO_CHANGE_AUTHORIZED	supplement		00_nucleo/diagnosticos/p1322-sentinels-normal.json#r4.args.sink-consumed-named
r4.args.sink-before-positional	closure.nonterminal-sink	default,html,a11y,html+a11y	default:DIFFERENT_VALUE;html:DIFFERENT_VALUE;a11y:DIFFERENT_VALUE;html+a11y:DIFFERENT_VALUE	default:Violated;html:Violated;a11y:Violated;html+a11y:Violated	OPEN_LANGUAGE_DIVERGENCE	00_nucleo/prompts/compiler/eval/closures.md;00_nucleo/prompts/entities/func.md	01_core/src/compiler/eval/closures.rs:70	lab/typst-original/crates/typst-eval/src/call.rs:693	repr(((first, ..rest, last) => rest)(1, a: 2, 3, b: 4, 5))	Closure carrier currently forgets sink position; distinct from ordering fix.	Equal complete language observation on same literal source/profile refutes this divergence; a different required owner refutes proposed causal scope.	ADR0127_PUBLIC_CONTRACT_GATE_BEFORE_MATERIALIZATION	supplement	closure-nonterminal-sink-binding	00_nucleo/diagnosticos/p1322-sentinels-normal.json#r4.args.sink-before-positional
r4.args.sink-after-positional	r4.args.sink-after-positional	default,html,a11y,html+a11y	default:MATCH_VALUE;html:MATCH_VALUE;a11y:MATCH_VALUE;html+a11y:MATCH_VALUE	default:Preserved;html:Preserved;a11y:Preserved;html+a11y:Preserved	CLOSED_MEASURED_FUNCTIONAL_SENTINEL				repr(((first, last, ..rest) => rest)(1, a: 2, 3, b: 4, 5))	Only this complete bilateral assertion/projection is closed; historical expected preservation is distinct from parity.	Equal complete language observation on same literal source/profile refutes this divergence; a different required owner refutes proposed causal scope.	NO_CHANGE_AUTHORIZED	supplement		00_nucleo/diagnosticos/p1322-sentinels-normal.json#r4.args.sink-after-positional
r4.args.sink-default-absent	r4.args.sink-default-absent	default,html,a11y,html+a11y	default:MATCH_VALUE;html:MATCH_VALUE;a11y:MATCH_VALUE;html+a11y:MATCH_VALUE	default:Preserved;html:Preserved;a11y:Preserved;html+a11y:Preserved	CLOSED_MEASURED_FUNCTIONAL_SENTINEL				repr(((first, z: 99, ..rest) => rest)(1, a: 2, 3))	Only this complete bilateral assertion/projection is closed; historical expected preservation is distinct from parity.	Equal complete language observation on same literal source/profile refutes this divergence; a different required owner refutes proposed causal scope.	NO_CHANGE_AUTHORIZED	supplement		00_nucleo/diagnosticos/p1322-sentinels-normal.json#r4.args.sink-default-absent
r4.args.join-collision	r4.args.join-collision	default,html,a11y,html+a11y	default:MATCH_VALUE;html:MATCH_VALUE;a11y:MATCH_VALUE;html+a11y:MATCH_VALUE	default:Preserved;html:Preserved;a11y:Preserved;html+a11y:Preserved	CLOSED_MEASURED_FUNCTIONAL_SENTINEL				repr(arguments(1, z: 11, a: 12) + arguments(z: 21, b: 22, 2))	Only this complete bilateral assertion/projection is closed; historical expected preservation is distinct from parity.	Equal complete language observation on same literal source/profile refutes this divergence; a different required owner refutes proposed causal scope.	NO_CHANGE_AUTHORIZED	supplement		00_nucleo/diagnosticos/p1322-sentinels-normal.json#r4.args.join-collision
r4.args.join-duplicates	r4.args.join-duplicates	default,html,a11y,html+a11y	default:MATCH_VALUE;html:MATCH_VALUE;a11y:MATCH_VALUE;html+a11y:MATCH_VALUE	default:Preserved;html:Preserved;a11y:Preserved;html+a11y:Preserved	CLOSED_MEASURED_FUNCTIONAL_SENTINEL				repr(arguments(..arguments(z: 11), 22, ..arguments(z: 33, a: 44), 55) + arguments(..arguments(z: 61), z: 62, 77))	Only this complete bilateral assertion/projection is closed; historical expected preservation is distinct from parity.	Equal complete language observation on same literal source/profile refutes this divergence; a different required owner refutes proposed causal scope.	NO_CHANGE_AUTHORIZED	supplement		00_nucleo/diagnosticos/p1322-sentinels-normal.json#r4.args.join-duplicates
r4.args.join-none	r4.args.join-none	default,html,a11y,html+a11y	default:MATCH_VALUE;html:MATCH_VALUE;a11y:MATCH_VALUE;html+a11y:MATCH_VALUE	default:Preserved;html:Preserved;a11y:Preserved;html+a11y:Preserved	CLOSED_MEASURED_FUNCTIONAL_SENTINEL				repr(arguments(..arguments(z: 11), 22, ..arguments(z: 33, a: 44), 55) + none)	Only this complete bilateral assertion/projection is closed; historical expected preservation is distinct from parity.	Equal complete language observation on same literal source/profile refutes this divergence; a different required owner refutes proposed causal scope.	NO_CHANGE_AUTHORIZED	supplement		00_nucleo/diagnosticos/p1322-sentinels-normal.json#r4.args.join-none
r4.error.map-first-callback	r4.error.map-first-callback	default,html,a11y,html+a11y	default:MATCH_DIAGNOSTIC;html:MATCH_DIAGNOSTIC;a11y:MATCH_DIAGNOSTIC;html+a11y:MATCH_DIAGNOSTIC	default:Preserved;html:Preserved;a11y:Preserved;html+a11y:Preserved	CLOSED_MEASURED_FUNCTIONAL_SENTINEL				arguments(..arguments(z: 11), 22, ..arguments(z: 33, a: 44), 55).map(v => panic(str(v)))	Only this complete bilateral assertion/projection is closed; historical expected preservation is distinct from parity.	Equal complete language observation on same literal source/profile refutes this divergence; a different required owner refutes proposed causal scope.	NO_CHANGE_AUTHORIZED	supplement		00_nucleo/diagnosticos/p1322-sentinels-normal.json#r4.error.map-first-callback
r4.error.filter-first-callback	r4.error.filter-first-callback	default,html,a11y,html+a11y	default:MATCH_DIAGNOSTIC;html:MATCH_DIAGNOSTIC;a11y:MATCH_DIAGNOSTIC;html+a11y:MATCH_DIAGNOSTIC	default:Preserved;html:Preserved;a11y:Preserved;html+a11y:Preserved	CLOSED_MEASURED_FUNCTIONAL_SENTINEL				arguments(..arguments(z: 11), 22, ..arguments(z: 33, a: 44), 55).filter(v => panic(str(v)))	Only this complete bilateral assertion/projection is closed; historical expected preservation is distinct from parity.	Equal complete language observation on same literal source/profile refutes this divergence; a different required owner refutes proposed causal scope.	NO_CHANGE_AUTHORIZED	supplement		00_nucleo/diagnosticos/p1322-sentinels-normal.json#r4.error.filter-first-callback
r4.error.filter-non-bool	r4.error.filter-non-bool	default,html,a11y,html+a11y	default:MATCH_DIAGNOSTIC;html:MATCH_DIAGNOSTIC;a11y:MATCH_DIAGNOSTIC;html+a11y:MATCH_DIAGNOSTIC	default:Preserved;html:Preserved;a11y:Preserved;html+a11y:Preserved	CLOSED_MEASURED_FUNCTIONAL_SENTINEL				arguments(..arguments(z: 11), 22, ..arguments(z: 33, a: 44), 55).filter(v => 1)	Only this complete bilateral assertion/projection is closed; historical expected preservation is distinct from parity.	Equal complete language observation on same literal source/profile refutes this divergence; a different required owner refutes proposed causal scope.	NO_CHANGE_AUTHORIZED	supplement		00_nucleo/diagnosticos/p1322-sentinels-normal.json#r4.error.filter-non-bool
r4.error.filter-preserve-arg-span	r4.error.filter-preserve-arg-span	default,html,a11y,html+a11y	default:MATCH_DIAGNOSTIC;html:MATCH_DIAGNOSTIC;a11y:MATCH_DIAGNOSTIC;html+a11y:MATCH_DIAGNOSTIC	default:Preserved;html:Preserved;a11y:Preserved;html+a11y:Preserved	CLOSED_MEASURED_FUNCTIONAL_SENTINEL				yaml.encode((:), ..arguments(nope: 1).filter(v => true))	Only this complete bilateral assertion/projection is closed; historical expected preservation is distinct from parity.	Equal complete language observation on same literal source/profile refutes this divergence; a different required owner refutes proposed causal scope.	NO_CHANGE_AUTHORIZED	supplement		00_nucleo/diagnosticos/p1322-sentinels-normal.json#r4.error.filter-preserve-arg-span
r4.error.map-preserve-arg-span	r4.error.map-preserve-arg-span	default,html,a11y,html+a11y	default:MATCH_DIAGNOSTIC;html:MATCH_DIAGNOSTIC;a11y:MATCH_DIAGNOSTIC;html+a11y:MATCH_DIAGNOSTIC	default:Preserved;html:Preserved;a11y:Preserved;html+a11y:Preserved	CLOSED_MEASURED_FUNCTIONAL_SENTINEL				yaml.encode((:), ..arguments(nope: 1).map(v => v))	Only this complete bilateral assertion/projection is closed; historical expected preservation is distinct from parity.	Equal complete language observation on same literal source/profile refutes this divergence; a different required owner refutes proposed causal scope.	NO_CHANGE_AUTHORIZED	supplement		00_nucleo/diagnosticos/p1322-sentinels-normal.json#r4.error.map-preserve-arg-span
r4.error.filter-preserve-value-span	r4.error.filter-preserve-value-span	default,html,a11y,html+a11y	default:MATCH_DIAGNOSTIC;html:MATCH_DIAGNOSTIC;a11y:MATCH_DIAGNOSTIC;html+a11y:MATCH_DIAGNOSTIC	default:Preserved;html:Preserved;a11y:Preserved;html+a11y:Preserved	CLOSED_MEASURED_FUNCTIONAL_SENTINEL				json.encode((:), ..arguments(pretty: "bad").filter(v => true))	Only this complete bilateral assertion/projection is closed; historical expected preservation is distinct from parity.	Equal complete language observation on same literal source/profile refutes this divergence; a different required owner refutes proposed causal scope.	NO_CHANGE_AUTHORIZED	supplement		00_nucleo/diagnosticos/p1322-sentinels-normal.json#r4.error.filter-preserve-value-span
r4.error.map-detached-value-span	r4.error.map-detached-value-span	default,html,a11y,html+a11y	default:MATCH_DIAGNOSTIC;html:MATCH_DIAGNOSTIC;a11y:MATCH_DIAGNOSTIC;html+a11y:MATCH_DIAGNOSTIC	default:Preserved;html:Preserved;a11y:Preserved;html+a11y:Preserved	CLOSED_MEASURED_FUNCTIONAL_SENTINEL				json.encode((:), ..arguments(pretty: "bad").map(v => v))	Only this complete bilateral assertion/projection is closed; historical expected preservation is distinct from parity.	Equal complete language observation on same literal source/profile refutes this divergence; a different required owner refutes proposed causal scope.	NO_CHANGE_AUTHORIZED	supplement		00_nucleo/diagnosticos/p1322-sentinels-normal.json#r4.error.map-detached-value-span
r4.error.map-changed-detached-value-span	r4.error.map-changed-detached-value-span	default,html,a11y,html+a11y	default:MATCH_DIAGNOSTIC;html:MATCH_DIAGNOSTIC;a11y:MATCH_DIAGNOSTIC;html+a11y:MATCH_DIAGNOSTIC	default:Preserved;html:Preserved;a11y:Preserved;html+a11y:Preserved	CLOSED_MEASURED_FUNCTIONAL_SENTINEL				json.encode((:), ..arguments(pretty: true).map(v => "bad"))	Only this complete bilateral assertion/projection is closed; historical expected preservation is distinct from parity.	Equal complete language observation on same literal source/profile refutes this divergence; a different required owner refutes proposed causal scope.	NO_CHANGE_AUTHORIZED	supplement		00_nucleo/diagnosticos/p1322-sentinels-normal.json#r4.error.map-changed-detached-value-span
r4.error.join-retains-rhs-span	r4.error.join-retains-rhs-span	default,html,a11y,html+a11y	default:MATCH_DIAGNOSTIC;html:MATCH_DIAGNOSTIC;a11y:MATCH_DIAGNOSTIC;html+a11y:MATCH_DIAGNOSTIC	default:Preserved;html:Preserved;a11y:Preserved;html+a11y:Preserved	CLOSED_MEASURED_FUNCTIONAL_SENTINEL				yaml.encode((:), ..(arguments(nope: 1) + arguments(nope: 2)))	Only this complete bilateral assertion/projection is closed; historical expected preservation is distinct from parity.	Equal complete language observation on same literal source/profile refutes this divergence; a different required owner refutes proposed causal scope.	NO_CHANGE_AUTHORIZED	supplement		00_nucleo/diagnosticos/p1322-sentinels-normal.json#r4.error.join-retains-rhs-span
r4.error.join-retains-lhs-span	r4.error.join-retains-lhs-span	default,html,a11y,html+a11y	default:MATCH_DIAGNOSTIC;html:MATCH_DIAGNOSTIC;a11y:MATCH_DIAGNOSTIC;html+a11y:MATCH_DIAGNOSTIC	default:Preserved;html:Preserved;a11y:Preserved;html+a11y:Preserved	CLOSED_MEASURED_FUNCTIONAL_SENTINEL				yaml.encode((:), ..(arguments(nope: 1) + arguments(ok: 2)))	Only this complete bilateral assertion/projection is closed; historical expected preservation is distinct from parity.	Equal complete language observation on same literal source/profile refutes this divergence; a different required owner refutes proposed causal scope.	NO_CHANGE_AUTHORIZED	supplement		00_nucleo/diagnosticos/p1322-sentinels-normal.json#r4.error.join-retains-lhs-span
r4.error.with-keeps-invalid-earlier	r4.error.with-keeps-invalid-earlier	default,html,a11y,html+a11y	default:MATCH_DIAGNOSTIC;html:MATCH_DIAGNOSTIC;a11y:MATCH_DIAGNOSTIC;html+a11y:MATCH_DIAGNOSTIC	default:Preserved;html:Preserved;a11y:Preserved;html+a11y:Preserved	CLOSED_MEASURED_FUNCTIONAL_SENTINEL				json.encode.with(..arguments(pretty: "bad"))((:), pretty: true)	Only this complete bilateral assertion/projection is closed; historical expected preservation is distinct from parity.	Equal complete language observation on same literal source/profile refutes this divergence; a different required owner refutes proposed causal scope.	NO_CHANGE_AUTHORIZED	supplement		00_nucleo/diagnosticos/p1322-sentinels-normal.json#r4.error.with-keeps-invalid-earlier
r4.join.removes-invalid-earlier	r4.join.removes-invalid-earlier	default,html,a11y,html+a11y	default:MATCH_VALUE;html:MATCH_VALUE;a11y:MATCH_VALUE;html+a11y:MATCH_VALUE	default:Preserved;html:Preserved;a11y:Preserved;html+a11y:Preserved	CLOSED_MEASURED_FUNCTIONAL_SENTINEL				json.encode((:), ..(arguments(pretty: "bad") + arguments(pretty: true)))	Only this complete bilateral assertion/projection is closed; historical expected preservation is distinct from parity.	Equal complete language observation on same literal source/profile refutes this divergence; a different required owner refutes proposed causal scope.	NO_CHANGE_AUTHORIZED	supplement		00_nucleo/diagnosticos/p1322-sentinels-normal.json#r4.join.removes-invalid-earlier
r4.origin.filter.f	r4.origin.filter.f	default,html,a11y,html+a11y	default:MATCH_DIAGNOSTIC;html:MATCH_DIAGNOSTIC;a11y:MATCH_DIAGNOSTIC;html+a11y:MATCH_DIAGNOSTIC	default:Preserved;html:Preserved;a11y:Preserved;html+a11y:Preserved	CLOSED_MEASURED_FUNCTIONAL_SENTINEL				{  let make(which) = {   let a = arguments(nope: 1);   let b = arguments(nope: 1);   yaml.encode.with(..(if which { a } else { b }).filter(v => true))  };  let f = make(true);  let g = make(false);  f((:)) }	Only this complete bilateral assertion/projection is closed; historical expected preservation is distinct from parity.	Equal complete language observation on same literal source/profile refutes this divergence; a different required owner refutes proposed causal scope.	NO_CHANGE_AUTHORIZED	supplement		00_nucleo/diagnosticos/p1322-sentinels-normal.json#r4.origin.filter.f
r4.origin.map.f	r4.origin.map.f	default,html,a11y,html+a11y	default:MATCH_DIAGNOSTIC;html:MATCH_DIAGNOSTIC;a11y:MATCH_DIAGNOSTIC;html+a11y:MATCH_DIAGNOSTIC	default:Preserved;html:Preserved;a11y:Preserved;html+a11y:Preserved	CLOSED_MEASURED_FUNCTIONAL_SENTINEL				{  let make(which) = {   let a = arguments(nope: 1);   let b = arguments(nope: 1);   yaml.encode.with(..(if which { a } else { b }).map(v => v))  };  let f = make(true);  let g = make(false);  f((:)) }	Only this complete bilateral assertion/projection is closed; historical expected preservation is distinct from parity.	Equal complete language observation on same literal source/profile refutes this divergence; a different required owner refutes proposed causal scope.	NO_CHANGE_AUTHORIZED	supplement		00_nucleo/diagnosticos/p1322-sentinels-normal.json#r4.origin.map.f
r4.origin.filter.g	r4.origin.filter.g	default,html,a11y,html+a11y	default:MATCH_DIAGNOSTIC;html:MATCH_DIAGNOSTIC;a11y:MATCH_DIAGNOSTIC;html+a11y:MATCH_DIAGNOSTIC	default:Preserved;html:Preserved;a11y:Preserved;html+a11y:Preserved	CLOSED_MEASURED_FUNCTIONAL_SENTINEL				{  let make(which) = {   let a = arguments(nope: 1);   let b = arguments(nope: 1);   yaml.encode.with(..(if which { a } else { b }).filter(v => true))  };  let f = make(true);  let g = make(false);  g((:)) }	Only this complete bilateral assertion/projection is closed; historical expected preservation is distinct from parity.	Equal complete language observation on same literal source/profile refutes this divergence; a different required owner refutes proposed causal scope.	NO_CHANGE_AUTHORIZED	supplement		00_nucleo/diagnosticos/p1322-sentinels-normal.json#r4.origin.filter.g
r4.origin.map.g	r4.origin.map.g	default,html,a11y,html+a11y	default:MATCH_DIAGNOSTIC;html:MATCH_DIAGNOSTIC;a11y:MATCH_DIAGNOSTIC;html+a11y:MATCH_DIAGNOSTIC	default:Preserved;html:Preserved;a11y:Preserved;html+a11y:Preserved	CLOSED_MEASURED_FUNCTIONAL_SENTINEL				{  let make(which) = {   let a = arguments(nope: 1);   let b = arguments(nope: 1);   yaml.encode.with(..(if which { a } else { b }).map(v => v))  };  let f = make(true);  let g = make(false);  g((:)) }	Only this complete bilateral assertion/projection is closed; historical expected preservation is distinct from parity.	Equal complete language observation on same literal source/profile refutes this divergence; a different required owner refutes proposed causal scope.	NO_CHANGE_AUTHORIZED	supplement		00_nucleo/diagnosticos/p1322-sentinels-normal.json#r4.origin.map.g
r4.with.repr.json	r4.with.repr.json	default,html,a11y,html+a11y	default:MATCH_VALUE;html:MATCH_VALUE;a11y:MATCH_VALUE;html+a11y:MATCH_VALUE	default:Preserved;html:Preserved;a11y:Preserved;html+a11y:Preserved	CLOSED_MEASURED_FUNCTIONAL_SENTINEL				repr(json.with())	Only this complete bilateral assertion/projection is closed; historical expected preservation is distinct from parity.	Equal complete language observation on same literal source/profile refutes this divergence; a different required owner refutes proposed causal scope.	NO_CHANGE_AUTHORIZED	supplement		00_nucleo/diagnosticos/p1322-sentinels-normal.json#r4.with.repr.json
r4.with.repr.cbor.encode	r4.with.repr.cbor.encode	default,html,a11y,html+a11y	default:MATCH_VALUE;html:MATCH_VALUE;a11y:MATCH_VALUE;html+a11y:MATCH_VALUE	default:Preserved;html:Preserved;a11y:Preserved;html+a11y:Preserved	CLOSED_MEASURED_FUNCTIONAL_SENTINEL				repr(cbor.encode.with())	Only this complete bilateral assertion/projection is closed; historical expected preservation is distinct from parity.	Equal complete language observation on same literal source/profile refutes this divergence; a different required owner refutes proposed causal scope.	NO_CHANGE_AUTHORIZED	supplement		00_nucleo/diagnosticos/p1322-sentinels-normal.json#r4.with.repr.cbor.encode
r4.with.repr.repr	r4.with.repr.repr	default,html,a11y,html+a11y	default:MATCH_VALUE;html:MATCH_VALUE;a11y:MATCH_VALUE;html+a11y:MATCH_VALUE	default:Preserved;html:Preserved;a11y:Preserved;html+a11y:Preserved	CLOSED_MEASURED_FUNCTIONAL_SENTINEL				repr(repr.with())	Only this complete bilateral assertion/projection is closed; historical expected preservation is distinct from parity.	Equal complete language observation on same literal source/profile refutes this divergence; a different required owner refutes proposed causal scope.	NO_CHANGE_AUTHORIZED	supplement		00_nucleo/diagnosticos/p1322-sentinels-normal.json#r4.with.repr.repr
r4.with.repr.calc.abs	r4.with.repr.calc.abs	default,html,a11y,html+a11y	default:MATCH_VALUE;html:MATCH_VALUE;a11y:MATCH_VALUE;html+a11y:MATCH_VALUE	default:Preserved;html:Preserved;a11y:Preserved;html+a11y:Preserved	CLOSED_MEASURED_FUNCTIONAL_SENTINEL				repr(calc.abs.with())	Only this complete bilateral assertion/projection is closed; historical expected preservation is distinct from parity.	Equal complete language observation on same literal source/profile refutes this divergence; a different required owner refutes proposed causal scope.	NO_CHANGE_AUTHORIZED	supplement		00_nucleo/diagnosticos/p1322-sentinels-normal.json#r4.with.repr.calc.abs
r4.with.repr.text	r4.with.repr.text	default,html,a11y,html+a11y	default:MATCH_VALUE;html:MATCH_VALUE;a11y:MATCH_VALUE;html+a11y:MATCH_VALUE	default:Preserved;html:Preserved;a11y:Preserved;html+a11y:Preserved	CLOSED_MEASURED_FUNCTIONAL_SENTINEL				repr(text.with())	Only this complete bilateral assertion/projection is closed; historical expected preservation is distinct from parity.	Equal complete language observation on same literal source/profile refutes this divergence; a different required owner refutes proposed causal scope.	NO_CHANGE_AUTHORIZED	supplement		00_nucleo/diagnosticos/p1322-sentinels-normal.json#r4.with.repr.text
r4.with.repr.(x => x)	r4.with.repr.(x => x)	default,html,a11y,html+a11y	default:MATCH_VALUE;html:MATCH_VALUE;a11y:MATCH_VALUE;html+a11y:MATCH_VALUE	default:Preserved;html:Preserved;a11y:Preserved;html+a11y:Preserved	CLOSED_MEASURED_FUNCTIONAL_SENTINEL				repr((x => x).with())	Only this complete bilateral assertion/projection is closed; historical expected preservation is distinct from parity.	Equal complete language observation on same literal source/profile refutes this divergence; a different required owner refutes proposed causal scope.	NO_CHANGE_AUTHORIZED	supplement		00_nucleo/diagnosticos/p1322-sentinels-normal.json#r4.with.repr.(x => x)
r4.repr.State	r4.repr.State	default,html,a11y,html+a11y	default:MATCH_VALUE;html:MATCH_VALUE;a11y:MATCH_VALUE;html+a11y:MATCH_VALUE	default:Preserved;html:Preserved;a11y:Preserved;html+a11y:Preserved	CLOSED_MEASURED_FUNCTIONAL_SENTINEL				repr(state("p1307-r4", 0))	Only this complete bilateral assertion/projection is closed; historical expected preservation is distinct from parity.	Equal complete language observation on same literal source/profile refutes this divergence; a different required owner refutes proposed causal scope.	NO_CHANGE_AUTHORIZED	supplement		00_nucleo/diagnosticos/p1322-sentinels-normal.json#r4.repr.State
r4.cbor.delta.State	r4.cbor.delta.State	default,html,a11y,html+a11y	default:MATCH_VALUE;html:MATCH_VALUE;a11y:MATCH_VALUE;html+a11y:MATCH_VALUE	default:Preserved;html:Preserved;a11y:Preserved;html+a11y:Preserved	CLOSED_MEASURED_FUNCTIONAL_SENTINEL				{ let raw = cbor.encode(state("p1307-r4", 0)); range(raw.len()).map(i => raw.at(i)) }	Only this complete bilateral assertion/projection is closed; historical expected preservation is distinct from parity.	Equal complete language observation on same literal source/profile refutes this divergence; a different required owner refutes proposed causal scope.	NO_CHANGE_AUTHORIZED	supplement		00_nucleo/diagnosticos/p1322-sentinels-normal.json#r4.cbor.delta.State
r4.repr.State-escaping	r4.repr.State-escaping	default,html,a11y,html+a11y	default:MATCH_VALUE;html:MATCH_VALUE;a11y:MATCH_VALUE;html+a11y:MATCH_VALUE	default:Preserved;html:Preserved;a11y:Preserved;html+a11y:Preserved	CLOSED_MEASURED_FUNCTIONAL_SENTINEL				repr(state("a\"b", (z: "x\ny", a: (1, 2))))	Only this complete bilateral assertion/projection is closed; historical expected preservation is distinct from parity.	Equal complete language observation on same literal source/profile refutes this divergence; a different required owner refutes proposed causal scope.	NO_CHANGE_AUTHORIZED	supplement		00_nucleo/diagnosticos/p1322-sentinels-normal.json#r4.repr.State-escaping
r4.cbor.delta.State-escaping	r4.cbor.delta.State-escaping	default,html,a11y,html+a11y	default:MATCH_VALUE;html:MATCH_VALUE;a11y:MATCH_VALUE;html+a11y:MATCH_VALUE	default:Preserved;html:Preserved;a11y:Preserved;html+a11y:Preserved	CLOSED_MEASURED_FUNCTIONAL_SENTINEL				{ let raw = cbor.encode(state("a\"b", (z: "x\ny", a: (1, 2)))); range(raw.len()).map(i => raw.at(i)) }	Only this complete bilateral assertion/projection is closed; historical expected preservation is distinct from parity.	Equal complete language observation on same literal source/profile refutes this divergence; a different required owner refutes proposed causal scope.	NO_CHANGE_AUTHORIZED	supplement		00_nucleo/diagnosticos/p1322-sentinels-normal.json#r4.cbor.delta.State-escaping
r4.repr.Counter-Page	r4.repr.Counter-Page	default,html,a11y,html+a11y	default:MATCH_VALUE;html:MATCH_VALUE;a11y:MATCH_VALUE;html+a11y:MATCH_VALUE	default:Preserved;html:Preserved;a11y:Preserved;html+a11y:Preserved	CLOSED_MEASURED_FUNCTIONAL_SENTINEL				repr(counter(page))	Only this complete bilateral assertion/projection is closed; historical expected preservation is distinct from parity.	Equal complete language observation on same literal source/profile refutes this divergence; a different required owner refutes proposed causal scope.	NO_CHANGE_AUTHORIZED	supplement		00_nucleo/diagnosticos/p1322-sentinels-normal.json#r4.repr.Counter-Page
r4.cbor.delta.Counter-Page	r4.cbor.delta.Counter-Page	default,html,a11y,html+a11y	default:MATCH_VALUE;html:MATCH_VALUE;a11y:MATCH_VALUE;html+a11y:MATCH_VALUE	default:Preserved;html:Preserved;a11y:Preserved;html+a11y:Preserved	CLOSED_MEASURED_FUNCTIONAL_SENTINEL				{ let raw = cbor.encode(counter(page)); range(raw.len()).map(i => raw.at(i)) }	Only this complete bilateral assertion/projection is closed; historical expected preservation is distinct from parity.	Equal complete language observation on same literal source/profile refutes this divergence; a different required owner refutes proposed causal scope.	NO_CHANGE_AUTHORIZED	supplement		00_nucleo/diagnosticos/p1322-sentinels-normal.json#r4.cbor.delta.Counter-Page
r4.repr.Counter-Str	r4.repr.Counter-Str	default,html,a11y,html+a11y	default:MATCH_VALUE;html:MATCH_VALUE;a11y:MATCH_VALUE;html+a11y:MATCH_VALUE	default:Preserved;html:Preserved;a11y:Preserved;html+a11y:Preserved	CLOSED_MEASURED_FUNCTIONAL_SENTINEL				repr(counter("page"))	Only this complete bilateral assertion/projection is closed; historical expected preservation is distinct from parity.	Equal complete language observation on same literal source/profile refutes this divergence; a different required owner refutes proposed causal scope.	NO_CHANGE_AUTHORIZED	supplement		00_nucleo/diagnosticos/p1322-sentinels-normal.json#r4.repr.Counter-Str
r4.cbor.delta.Counter-Str	r4.cbor.delta.Counter-Str	default,html,a11y,html+a11y	default:MATCH_VALUE;html:MATCH_VALUE;a11y:MATCH_VALUE;html+a11y:MATCH_VALUE	default:Preserved;html:Preserved;a11y:Preserved;html+a11y:Preserved	CLOSED_MEASURED_FUNCTIONAL_SENTINEL				{ let raw = cbor.encode(counter("page")); range(raw.len()).map(i => raw.at(i)) }	Only this complete bilateral assertion/projection is closed; historical expected preservation is distinct from parity.	Equal complete language observation on same literal source/profile refutes this divergence; a different required owner refutes proposed causal scope.	NO_CHANGE_AUTHORIZED	supplement		00_nucleo/diagnosticos/p1322-sentinels-normal.json#r4.cbor.delta.Counter-Str
r4.repr.Counter-Selector	r4.repr.Counter-Selector	default,html,a11y,html+a11y	default:MATCH_VALUE;html:MATCH_VALUE;a11y:MATCH_VALUE;html+a11y:MATCH_VALUE	default:Preserved;html:Preserved;a11y:Preserved;html+a11y:Preserved	CLOSED_MEASURED_FUNCTIONAL_SENTINEL				repr(counter(heading))	Only this complete bilateral assertion/projection is closed; historical expected preservation is distinct from parity.	Equal complete language observation on same literal source/profile refutes this divergence; a different required owner refutes proposed causal scope.	NO_CHANGE_AUTHORIZED	supplement		00_nucleo/diagnosticos/p1322-sentinels-normal.json#r4.repr.Counter-Selector
r4.cbor.delta.Counter-Selector	r4.cbor.delta.Counter-Selector	default,html,a11y,html+a11y	default:MATCH_VALUE;html:MATCH_VALUE;a11y:MATCH_VALUE;html+a11y:MATCH_VALUE	default:Preserved;html:Preserved;a11y:Preserved;html+a11y:Preserved	CLOSED_MEASURED_FUNCTIONAL_SENTINEL				{ let raw = cbor.encode(counter(heading)); range(raw.len()).map(i => raw.at(i)) }	Only this complete bilateral assertion/projection is closed; historical expected preservation is distinct from parity.	Equal complete language observation on same literal source/profile refutes this divergence; a different required owner refutes proposed causal scope.	NO_CHANGE_AUTHORIZED	supplement		00_nucleo/diagnosticos/p1322-sentinels-normal.json#r4.cbor.delta.Counter-Selector
r4.repr.With-native	r4.repr.With-native	default,html,a11y,html+a11y	default:MATCH_VALUE;html:MATCH_VALUE;a11y:MATCH_VALUE;html+a11y:MATCH_VALUE	default:Preserved;html:Preserved;a11y:Preserved;html+a11y:Preserved	CLOSED_MEASURED_FUNCTIONAL_SENTINEL				repr(calc.abs.with())	Only this complete bilateral assertion/projection is closed; historical expected preservation is distinct from parity.	Equal complete language observation on same literal source/profile refutes this divergence; a different required owner refutes proposed causal scope.	NO_CHANGE_AUTHORIZED	supplement		00_nucleo/diagnosticos/p1322-sentinels-normal.json#r4.repr.With-native
r4.cbor.delta.With-native	r4.cbor.delta.With-native	default,html,a11y,html+a11y	default:MATCH_VALUE;html:MATCH_VALUE;a11y:MATCH_VALUE;html+a11y:MATCH_VALUE	default:Preserved;html:Preserved;a11y:Preserved;html+a11y:Preserved	CLOSED_MEASURED_FUNCTIONAL_SENTINEL				{ let raw = cbor.encode(calc.abs.with()); range(raw.len()).map(i => raw.at(i)) }	Only this complete bilateral assertion/projection is closed; historical expected preservation is distinct from parity.	Equal complete language observation on same literal source/profile refutes this divergence; a different required owner refutes proposed causal scope.	NO_CHANGE_AUTHORIZED	supplement		00_nucleo/diagnosticos/p1322-sentinels-normal.json#r4.cbor.delta.With-native
r4.repr.With-closure	r4.repr.With-closure	default,html,a11y,html+a11y	default:MATCH_VALUE;html:MATCH_VALUE;a11y:MATCH_VALUE;html+a11y:MATCH_VALUE	default:Preserved;html:Preserved;a11y:Preserved;html+a11y:Preserved	CLOSED_MEASURED_FUNCTIONAL_SENTINEL				repr((x => x).with())	Only this complete bilateral assertion/projection is closed; historical expected preservation is distinct from parity.	Equal complete language observation on same literal source/profile refutes this divergence; a different required owner refutes proposed causal scope.	NO_CHANGE_AUTHORIZED	supplement		00_nucleo/diagnosticos/p1322-sentinels-normal.json#r4.repr.With-closure
r4.cbor.delta.With-closure	r4.cbor.delta.With-closure	default,html,a11y,html+a11y	default:MATCH_VALUE;html:MATCH_VALUE;a11y:MATCH_VALUE;html+a11y:MATCH_VALUE	default:Preserved;html:Preserved;a11y:Preserved;html+a11y:Preserved	CLOSED_MEASURED_FUNCTIONAL_SENTINEL				{ let raw = cbor.encode((x => x).with()); range(raw.len()).map(i => raw.at(i)) }	Only this complete bilateral assertion/projection is closed; historical expected preservation is distinct from parity.	Equal complete language observation on same literal source/profile refutes this divergence; a different required owner refutes proposed causal scope.	NO_CHANGE_AUTHORIZED	supplement		00_nucleo/diagnosticos/p1322-sentinels-normal.json#r4.cbor.delta.With-closure
r4.repr.Args	r4.repr.Args	default,html,a11y,html+a11y	default:MATCH_VALUE;html:MATCH_VALUE;a11y:MATCH_VALUE;html+a11y:MATCH_VALUE	default:Preserved;html:Preserved;a11y:Preserved;html+a11y:Preserved	CLOSED_MEASURED_FUNCTIONAL_SENTINEL				repr(arguments(..arguments(z: 11), 22, ..arguments(z: 33, a: 44), 55))	Only this complete bilateral assertion/projection is closed; historical expected preservation is distinct from parity.	Equal complete language observation on same literal source/profile refutes this divergence; a different required owner refutes proposed causal scope.	NO_CHANGE_AUTHORIZED	supplement		00_nucleo/diagnosticos/p1322-sentinels-normal.json#r4.repr.Args
r4.cbor.delta.Args	r4.cbor.delta.Args	default,html,a11y,html+a11y	default:MATCH_VALUE;html:MATCH_VALUE;a11y:MATCH_VALUE;html+a11y:MATCH_VALUE	default:Preserved;html:Preserved;a11y:Preserved;html+a11y:Preserved	CLOSED_MEASURED_FUNCTIONAL_SENTINEL				{ let raw = cbor.encode(arguments(..arguments(z: 11), 22, ..arguments(z: 33, a: 44), 55)); range(raw.len()).map(i => raw.at(i)) }	Only this complete bilateral assertion/projection is closed; historical expected preservation is distinct from parity.	Equal complete language observation on same literal source/profile refutes this divergence; a different required owner refutes proposed causal scope.	NO_CHANGE_AUTHORIZED	supplement		00_nucleo/diagnosticos/p1322-sentinels-normal.json#r4.cbor.delta.Args
r4.repr.Location	r4.repr.Location	default,html,a11y,html+a11y	default:DIFFERENT_DIAGNOSTIC;html:DIFFERENT_DIAGNOSTIC;a11y:DIFFERENT_DIAGNOSTIC;html+a11y:DIFFERENT_DIAGNOSTIC	default:Preserved;html:Preserved;a11y:Preserved;html+a11y:Preserved	MATCH_PROJECTED_LANGUAGE_RAW_TRANSPORT_DIFFERENCE				repr(found.first().location())	Only this complete bilateral assertion/projection is closed; historical expected preservation is distinct from parity.	Equal complete language observation on same literal source/profile refutes this divergence; a different required owner refutes proposed causal scope.	NO_CHANGE_AUTHORIZED	supplement		00_nucleo/diagnosticos/p1322-sentinels-normal.json#r4.repr.Location
r4.cbor.delta.Location	r4.cbor.delta.Location	default,html,a11y,html+a11y	default:DIFFERENT_DIAGNOSTIC;html:DIFFERENT_DIAGNOSTIC;a11y:DIFFERENT_DIAGNOSTIC;html+a11y:DIFFERENT_DIAGNOSTIC	default:Preserved;html:Preserved;a11y:Preserved;html+a11y:Preserved	MATCH_PROJECTED_LANGUAGE_RAW_TRANSPORT_DIFFERENCE				{ let raw = cbor.encode(found.first().location()); repr(range(raw.len()).map(i => raw.at(i))) }	Only this complete bilateral assertion/projection is closed; historical expected preservation is distinct from parity.	Equal complete language observation on same literal source/profile refutes this divergence; a different required owner refutes proposed causal scope.	NO_CHANGE_AUTHORIZED	supplement		00_nucleo/diagnosticos/p1322-sentinels-normal.json#r4.cbor.delta.Location
r4.context.calibration	r4.context.calibration	default,html,a11y,html+a11y	default:DIFFERENT_DIAGNOSTIC;html:DIFFERENT_DIAGNOSTIC;a11y:DIFFERENT_DIAGNOSTIC;html+a11y:DIFFERENT_DIAGNOSTIC	default:Preserved;html:Preserved;a11y:Preserved;html+a11y:Preserved	MATCH_PROJECTED_LANGUAGE_RAW_TRANSPORT_DIFFERENCE				"α\n\"x\""	Only this complete bilateral assertion/projection is closed; historical expected preservation is distinct from parity.	Equal complete language observation on same literal source/profile refutes this divergence; a different required owner refutes proposed causal scope.	NO_CHANGE_AUTHORIZED	supplement		00_nucleo/diagnosticos/p1322-sentinels-normal.json#r4.context.calibration
r4.cbor.control.Symbol	cbor.encode	default,html,a11y,html+a11y	default:DIFFERENT_VALUE;html:DIFFERENT_VALUE;a11y:DIFFERENT_VALUE;html+a11y:DIFFERENT_VALUE	default:Violated;html:Violated;a11y:Violated;html+a11y:Violated	OPEN_LANGUAGE_DIVERGENCE	00_nucleo/prompts/compiler/stdlib/loading.md	01_core/src/compiler/stdlib/loading.rs:854	lab/typst-original/crates/typst-library/src/loading/cbor.rs:104	{ let raw = cbor.encode(sym.alpha); range(raw.len()).map(i => raw.at(i)) }	Decoded Symbol/Content values differ; raw CBOR bytes alone are not the acceptance gate.	Equal complete language observation on same literal source/profile refutes this divergence; a different required owner refutes proposed causal scope.	ADR0127_INTERNAL_PARITY_L0_FIRST_REVALIDATE	supplement	cbor-symbol-content-fallback	00_nucleo/diagnosticos/p1322-sentinels-normal.json#r4.cbor.control.Symbol
r4.cbor.control.Content	cbor.encode	default,html,a11y,html+a11y	default:DIFFERENT_VALUE;html:DIFFERENT_VALUE;a11y:DIFFERENT_VALUE;html+a11y:DIFFERENT_VALUE	default:Violated;html:Violated;a11y:Violated;html+a11y:Violated	OPEN_LANGUAGE_DIVERGENCE	00_nucleo/prompts/compiler/stdlib/loading.md	01_core/src/compiler/stdlib/loading.rs:854	lab/typst-original/crates/typst-library/src/loading/cbor.rs:104	{ let raw = cbor.encode([hi]); range(raw.len()).map(i => raw.at(i)) }	Decoded Symbol/Content values differ; raw CBOR bytes alone are not the acceptance gate.	Equal complete language observation on same literal source/profile refutes this divergence; a different required owner refutes proposed causal scope.	ADR0127_INTERNAL_PARITY_L0_FIRST_REVALIDATE	supplement	cbor-symbol-content-fallback	00_nucleo/diagnosticos/p1322-sentinels-normal.json#r4.cbor.control.Content
r4.cbor.control.Bytes	r4.cbor.control.Bytes	default,html,a11y,html+a11y	default:MATCH_VALUE;html:MATCH_VALUE;a11y:MATCH_VALUE;html+a11y:MATCH_VALUE	default:Preserved;html:Preserved;a11y:Preserved;html+a11y:Preserved	CLOSED_MEASURED_FUNCTIONAL_SENTINEL				{ let raw = cbor.encode(bytes((0,255,10))); range(raw.len()).map(i => raw.at(i)) }	Only this complete bilateral assertion/projection is closed; historical expected preservation is distinct from parity.	Equal complete language observation on same literal source/profile refutes this divergence; a different required owner refutes proposed causal scope.	NO_CHANGE_AUTHORIZED	supplement		00_nucleo/diagnosticos/p1322-sentinels-normal.json#r4.cbor.control.Bytes
r4.cbor.control.Dict	r4.cbor.control.Dict	default,html,a11y,html+a11y	default:MATCH_VALUE;html:MATCH_VALUE;a11y:MATCH_VALUE;html+a11y:MATCH_VALUE	default:Preserved;html:Preserved;a11y:Preserved;html+a11y:Preserved	CLOSED_MEASURED_FUNCTIONAL_SENTINEL				{ let raw = cbor.encode((z:1,a:2)); range(raw.len()).map(i => raw.at(i)) }	Only this complete bilateral assertion/projection is closed; historical expected preservation is distinct from parity.	Equal complete language observation on same literal source/profile refutes this divergence; a different required owner refutes proposed causal scope.	NO_CHANGE_AUTHORIZED	supplement		00_nucleo/diagnosticos/p1322-sentinels-normal.json#r4.cbor.control.Dict
r4.cbor.control.negative-zero	r4.cbor.control.negative-zero	default,html,a11y,html+a11y	default:MATCH_VALUE;html:MATCH_VALUE;a11y:MATCH_VALUE;html+a11y:MATCH_VALUE	default:Preserved;html:Preserved;a11y:Preserved;html+a11y:Preserved	CLOSED_MEASURED_FUNCTIONAL_SENTINEL				{ let raw = cbor.encode(-0.0); range(raw.len()).map(i => raw.at(i)) }	Only this complete bilateral assertion/projection is closed; historical expected preservation is distinct from parity.	Equal complete language observation on same literal source/profile refutes this divergence; a different required owner refutes proposed causal scope.	NO_CHANGE_AUTHORIZED	supplement		00_nucleo/diagnosticos/p1322-sentinels-normal.json#r4.cbor.control.negative-zero
r4.missing.json.alias	r4.missing.json.alias	default,html,a11y,html+a11y	default:MATCH_DIAGNOSTIC;html:MATCH_DIAGNOSTIC;a11y:MATCH_DIAGNOSTIC;html+a11y:MATCH_DIAGNOSTIC	default:Preserved;html:Preserved;a11y:Preserved;html+a11y:Preserved	CLOSED_MEASURED_FUNCTIONAL_SENTINEL				{ let f = json.encode; f() }	Only this complete bilateral assertion/projection is closed; historical expected preservation is distinct from parity.	Equal complete language observation on same literal source/profile refutes this divergence; a different required owner refutes proposed causal scope.	NO_CHANGE_AUTHORIZED	supplement		00_nucleo/diagnosticos/p1322-sentinels-normal.json#r4.missing.json.alias
r4.missing.json.with-alias	r4.missing.json.with-alias	default,html,a11y,html+a11y	default:MATCH_DIAGNOSTIC;html:MATCH_DIAGNOSTIC;a11y:MATCH_DIAGNOSTIC;html+a11y:MATCH_DIAGNOSTIC	default:Preserved;html:Preserved;a11y:Preserved;html+a11y:Preserved	CLOSED_MEASURED_FUNCTIONAL_SENTINEL				{ let f = json.encode.with(); f() }	Only this complete bilateral assertion/projection is closed; historical expected preservation is distinct from parity.	Equal complete language observation on same literal source/profile refutes this divergence; a different required owner refutes proposed causal scope.	NO_CHANGE_AUTHORIZED	supplement		00_nucleo/diagnosticos/p1322-sentinels-normal.json#r4.missing.json.with-alias
r4.missing.json.with-direct	r4.missing.json.with-direct	default,html,a11y,html+a11y	default:MATCH_DIAGNOSTIC;html:MATCH_DIAGNOSTIC;a11y:MATCH_DIAGNOSTIC;html+a11y:MATCH_DIAGNOSTIC	default:Preserved;html:Preserved;a11y:Preserved;html+a11y:Preserved	CLOSED_MEASURED_FUNCTIONAL_SENTINEL				json.encode.with()()	Only this complete bilateral assertion/projection is closed; historical expected preservation is distinct from parity.	Equal complete language observation on same literal source/profile refutes this divergence; a different required owner refutes proposed causal scope.	NO_CHANGE_AUTHORIZED	supplement		00_nucleo/diagnosticos/p1322-sentinels-normal.json#r4.missing.json.with-direct
r4.missing.toml.alias	r4.missing.toml.alias	default,html,a11y,html+a11y	default:MATCH_DIAGNOSTIC;html:MATCH_DIAGNOSTIC;a11y:MATCH_DIAGNOSTIC;html+a11y:MATCH_DIAGNOSTIC	default:Preserved;html:Preserved;a11y:Preserved;html+a11y:Preserved	CLOSED_MEASURED_FUNCTIONAL_SENTINEL				{ let f = toml.encode; f() }	Only this complete bilateral assertion/projection is closed; historical expected preservation is distinct from parity.	Equal complete language observation on same literal source/profile refutes this divergence; a different required owner refutes proposed causal scope.	NO_CHANGE_AUTHORIZED	supplement		00_nucleo/diagnosticos/p1322-sentinels-normal.json#r4.missing.toml.alias
r4.missing.toml.with-alias	r4.missing.toml.with-alias	default,html,a11y,html+a11y	default:MATCH_DIAGNOSTIC;html:MATCH_DIAGNOSTIC;a11y:MATCH_DIAGNOSTIC;html+a11y:MATCH_DIAGNOSTIC	default:Preserved;html:Preserved;a11y:Preserved;html+a11y:Preserved	CLOSED_MEASURED_FUNCTIONAL_SENTINEL				{ let f = toml.encode.with(); f() }	Only this complete bilateral assertion/projection is closed; historical expected preservation is distinct from parity.	Equal complete language observation on same literal source/profile refutes this divergence; a different required owner refutes proposed causal scope.	NO_CHANGE_AUTHORIZED	supplement		00_nucleo/diagnosticos/p1322-sentinels-normal.json#r4.missing.toml.with-alias
r4.missing.toml.with-direct	r4.missing.toml.with-direct	default,html,a11y,html+a11y	default:MATCH_DIAGNOSTIC;html:MATCH_DIAGNOSTIC;a11y:MATCH_DIAGNOSTIC;html+a11y:MATCH_DIAGNOSTIC	default:Preserved;html:Preserved;a11y:Preserved;html+a11y:Preserved	CLOSED_MEASURED_FUNCTIONAL_SENTINEL				toml.encode.with()()	Only this complete bilateral assertion/projection is closed; historical expected preservation is distinct from parity.	Equal complete language observation on same literal source/profile refutes this divergence; a different required owner refutes proposed causal scope.	NO_CHANGE_AUTHORIZED	supplement		00_nucleo/diagnosticos/p1322-sentinels-normal.json#r4.missing.toml.with-direct
r4.missing.yaml.alias	r4.missing.yaml.alias	default,html,a11y,html+a11y	default:MATCH_DIAGNOSTIC;html:MATCH_DIAGNOSTIC;a11y:MATCH_DIAGNOSTIC;html+a11y:MATCH_DIAGNOSTIC	default:Preserved;html:Preserved;a11y:Preserved;html+a11y:Preserved	CLOSED_MEASURED_FUNCTIONAL_SENTINEL				{ let f = yaml.encode; f() }	Only this complete bilateral assertion/projection is closed; historical expected preservation is distinct from parity.	Equal complete language observation on same literal source/profile refutes this divergence; a different required owner refutes proposed causal scope.	NO_CHANGE_AUTHORIZED	supplement		00_nucleo/diagnosticos/p1322-sentinels-normal.json#r4.missing.yaml.alias
r4.missing.yaml.with-alias	r4.missing.yaml.with-alias	default,html,a11y,html+a11y	default:MATCH_DIAGNOSTIC;html:MATCH_DIAGNOSTIC;a11y:MATCH_DIAGNOSTIC;html+a11y:MATCH_DIAGNOSTIC	default:Preserved;html:Preserved;a11y:Preserved;html+a11y:Preserved	CLOSED_MEASURED_FUNCTIONAL_SENTINEL				{ let f = yaml.encode.with(); f() }	Only this complete bilateral assertion/projection is closed; historical expected preservation is distinct from parity.	Equal complete language observation on same literal source/profile refutes this divergence; a different required owner refutes proposed causal scope.	NO_CHANGE_AUTHORIZED	supplement		00_nucleo/diagnosticos/p1322-sentinels-normal.json#r4.missing.yaml.with-alias
r4.missing.yaml.with-direct	r4.missing.yaml.with-direct	default,html,a11y,html+a11y	default:MATCH_DIAGNOSTIC;html:MATCH_DIAGNOSTIC;a11y:MATCH_DIAGNOSTIC;html+a11y:MATCH_DIAGNOSTIC	default:Preserved;html:Preserved;a11y:Preserved;html+a11y:Preserved	CLOSED_MEASURED_FUNCTIONAL_SENTINEL				yaml.encode.with()()	Only this complete bilateral assertion/projection is closed; historical expected preservation is distinct from parity.	Equal complete language observation on same literal source/profile refutes this divergence; a different required owner refutes proposed causal scope.	NO_CHANGE_AUTHORIZED	supplement		00_nucleo/diagnosticos/p1322-sentinels-normal.json#r4.missing.yaml.with-direct
math.missing.json.qualified	math.missing.json.qualified	default,html,a11y,html+a11y	default:MATCH_DIAGNOSTIC;html:MATCH_DIAGNOSTIC;a11y:MATCH_DIAGNOSTIC;html+a11y:MATCH_DIAGNOSTIC	default:Preserved;html:Preserved;a11y:Preserved;html+a11y:Preserved	CLOSED_MEASURED_FUNCTIONAL_SENTINEL				$std.json.encode()$	Only this complete bilateral assertion/projection is closed; historical expected preservation is distinct from parity.	Equal complete language observation on same literal source/profile refutes this divergence; a different required owner refutes proposed causal scope.	NO_CHANGE_AUTHORIZED	supplement		00_nucleo/diagnosticos/p1322-sentinels-normal.json#math.missing.json.qualified
math.missing.json.bare	math.missing.json.bare	default,html,a11y,html+a11y	default:MATCH_DIAGNOSTIC;html:MATCH_DIAGNOSTIC;a11y:MATCH_DIAGNOSTIC;html+a11y:MATCH_DIAGNOSTIC	default:Preserved;html:Preserved;a11y:Preserved;html+a11y:Preserved	CLOSED_MEASURED_FUNCTIONAL_SENTINEL				{ let enc = json.encode; $enc()$ }	Only this complete bilateral assertion/projection is closed; historical expected preservation is distinct from parity.	Equal complete language observation on same literal source/profile refutes this divergence; a different required owner refutes proposed causal scope.	NO_CHANGE_AUTHORIZED	supplement		00_nucleo/diagnosticos/p1322-sentinels-normal.json#math.missing.json.bare
math.missing.json.bare-with	math.missing.json.bare-with	default,html,a11y,html+a11y	default:MATCH_DIAGNOSTIC;html:MATCH_DIAGNOSTIC;a11y:MATCH_DIAGNOSTIC;html+a11y:MATCH_DIAGNOSTIC	default:Preserved;html:Preserved;a11y:Preserved;html+a11y:Preserved	CLOSED_MEASURED_FUNCTIONAL_SENTINEL				{ let enc = json.encode.with(); $enc()$ }	Only this complete bilateral assertion/projection is closed; historical expected preservation is distinct from parity.	Equal complete language observation on same literal source/profile refutes this divergence; a different required owner refutes proposed causal scope.	NO_CHANGE_AUTHORIZED	supplement		00_nucleo/diagnosticos/p1322-sentinels-normal.json#math.missing.json.bare-with
math.missing.toml.qualified	math.missing.toml.qualified	default,html,a11y,html+a11y	default:MATCH_DIAGNOSTIC;html:MATCH_DIAGNOSTIC;a11y:MATCH_DIAGNOSTIC;html+a11y:MATCH_DIAGNOSTIC	default:Preserved;html:Preserved;a11y:Preserved;html+a11y:Preserved	CLOSED_MEASURED_FUNCTIONAL_SENTINEL				$std.toml.encode()$	Only this complete bilateral assertion/projection is closed; historical expected preservation is distinct from parity.	Equal complete language observation on same literal source/profile refutes this divergence; a different required owner refutes proposed causal scope.	NO_CHANGE_AUTHORIZED	supplement		00_nucleo/diagnosticos/p1322-sentinels-normal.json#math.missing.toml.qualified
math.missing.toml.bare	math.missing.toml.bare	default,html,a11y,html+a11y	default:MATCH_DIAGNOSTIC;html:MATCH_DIAGNOSTIC;a11y:MATCH_DIAGNOSTIC;html+a11y:MATCH_DIAGNOSTIC	default:Preserved;html:Preserved;a11y:Preserved;html+a11y:Preserved	CLOSED_MEASURED_FUNCTIONAL_SENTINEL				{ let enc = toml.encode; $enc()$ }	Only this complete bilateral assertion/projection is closed; historical expected preservation is distinct from parity.	Equal complete language observation on same literal source/profile refutes this divergence; a different required owner refutes proposed causal scope.	NO_CHANGE_AUTHORIZED	supplement		00_nucleo/diagnosticos/p1322-sentinels-normal.json#math.missing.toml.bare
math.missing.toml.bare-with	math.missing.toml.bare-with	default,html,a11y,html+a11y	default:MATCH_DIAGNOSTIC;html:MATCH_DIAGNOSTIC;a11y:MATCH_DIAGNOSTIC;html+a11y:MATCH_DIAGNOSTIC	default:Preserved;html:Preserved;a11y:Preserved;html+a11y:Preserved	CLOSED_MEASURED_FUNCTIONAL_SENTINEL				{ let enc = toml.encode.with(); $enc()$ }	Only this complete bilateral assertion/projection is closed; historical expected preservation is distinct from parity.	Equal complete language observation on same literal source/profile refutes this divergence; a different required owner refutes proposed causal scope.	NO_CHANGE_AUTHORIZED	supplement		00_nucleo/diagnosticos/p1322-sentinels-normal.json#math.missing.toml.bare-with
math.missing.yaml.qualified	math.missing.yaml.qualified	default,html,a11y,html+a11y	default:MATCH_DIAGNOSTIC;html:MATCH_DIAGNOSTIC;a11y:MATCH_DIAGNOSTIC;html+a11y:MATCH_DIAGNOSTIC	default:Preserved;html:Preserved;a11y:Preserved;html+a11y:Preserved	CLOSED_MEASURED_FUNCTIONAL_SENTINEL				$std.yaml.encode()$	Only this complete bilateral assertion/projection is closed; historical expected preservation is distinct from parity.	Equal complete language observation on same literal source/profile refutes this divergence; a different required owner refutes proposed causal scope.	NO_CHANGE_AUTHORIZED	supplement		00_nucleo/diagnosticos/p1322-sentinels-normal.json#math.missing.yaml.qualified
math.missing.yaml.bare	math.missing.yaml.bare	default,html,a11y,html+a11y	default:MATCH_DIAGNOSTIC;html:MATCH_DIAGNOSTIC;a11y:MATCH_DIAGNOSTIC;html+a11y:MATCH_DIAGNOSTIC	default:Preserved;html:Preserved;a11y:Preserved;html+a11y:Preserved	CLOSED_MEASURED_FUNCTIONAL_SENTINEL				{ let enc = yaml.encode; $enc()$ }	Only this complete bilateral assertion/projection is closed; historical expected preservation is distinct from parity.	Equal complete language observation on same literal source/profile refutes this divergence; a different required owner refutes proposed causal scope.	NO_CHANGE_AUTHORIZED	supplement		00_nucleo/diagnosticos/p1322-sentinels-normal.json#math.missing.yaml.bare
math.missing.yaml.bare-with	math.missing.yaml.bare-with	default,html,a11y,html+a11y	default:MATCH_DIAGNOSTIC;html:MATCH_DIAGNOSTIC;a11y:MATCH_DIAGNOSTIC;html+a11y:MATCH_DIAGNOSTIC	default:Preserved;html:Preserved;a11y:Preserved;html+a11y:Preserved	CLOSED_MEASURED_FUNCTIONAL_SENTINEL				{ let enc = yaml.encode.with(); $enc()$ }	Only this complete bilateral assertion/projection is closed; historical expected preservation is distinct from parity.	Equal complete language observation on same literal source/profile refutes this divergence; a different required owner refutes proposed causal scope.	NO_CHANGE_AUTHORIZED	supplement		00_nucleo/diagnosticos/p1322-sentinels-normal.json#math.missing.yaml.bare-with
math.control.qualified	calc.abs	default,html,a11y,html+a11y	default:DIFFERENT_DIAGNOSTIC;html:DIFFERENT_DIAGNOSTIC;a11y:DIFFERENT_DIAGNOSTIC;html+a11y:DIFFERENT_DIAGNOSTIC	default:Violated;html:Violated;a11y:Violated;html+a11y:Violated	OPEN_LANGUAGE_DIVERGENCE	00_nucleo/prompts/compiler/stdlib/calc.md	01_core/src/compiler/stdlib/calc.rs:146	lab/typst-original/crates/typst-library/src/foundations/calc.rs:74	$std.calc.abs(-1)$	Two routes, one abs diagnostic path. Occurrences exist; math evaluation is not to be moved.	Equal complete language observation on same literal source/profile refutes this divergence; a different required owner refutes proposed causal scope.	ADR0127_INTERNAL_PARITY_L0_FIRST_REVALIDATE	supplement	calc-abs-content-diagnostic	00_nucleo/diagnosticos/p1322-sentinels-normal.json#math.control.qualified
math.control.bare	calc.abs	default,html,a11y,html+a11y	default:DIFFERENT_DIAGNOSTIC;html:DIFFERENT_DIAGNOSTIC;a11y:DIFFERENT_DIAGNOSTIC;html+a11y:DIFFERENT_DIAGNOSTIC	default:Violated;html:Violated;a11y:Violated;html+a11y:Violated	OPEN_LANGUAGE_DIVERGENCE	00_nucleo/prompts/compiler/stdlib/calc.md	01_core/src/compiler/stdlib/calc.rs:146	lab/typst-original/crates/typst-library/src/foundations/calc.rs:74	{ let enc = calc.abs; $enc(-1)$ }	Two routes, one abs diagnostic path. Occurrences exist; math evaluation is not to be moved.	Equal complete language observation on same literal source/profile refutes this divergence; a different required owner refutes proposed causal scope.	ADR0127_INTERNAL_PARITY_L0_FIRST_REVALIDATE	supplement	calc-abs-content-diagnostic	00_nucleo/diagnosticos/p1322-sentinels-normal.json#math.control.bare
r5repr.default.repr	r5repr.default.repr	default,html,a11y,html+a11y	default:DIFFERENT_DIAGNOSTIC;html:DIFFERENT_DIAGNOSTIC;a11y:DIFFERENT_DIAGNOSTIC;html+a11y:DIFFERENT_DIAGNOSTIC	default:Preserved;html:Preserved;a11y:Preserved;html+a11y:Preserved	MATCH_PROJECTED_LANGUAGE_RAW_TRANSPORT_DIFFERENCE					Only this complete bilateral assertion/projection is closed; historical expected preservation is distinct from parity.	Equal complete language observation on same literal source/profile refutes this divergence; a different required owner refutes proposed causal scope.	NO_CHANGE_AUTHORIZED	supplement		00_nucleo/diagnosticos/p1322-sentinels-normal.json#r5repr.default.repr
r5repr.default.cbor-decoded	cbor.encode	default,html,a11y,html+a11y	default:DIFFERENT_DIAGNOSTIC;html:DIFFERENT_DIAGNOSTIC;a11y:DIFFERENT_DIAGNOSTIC;html+a11y:DIFFERENT_DIAGNOSTIC	default:Violated;html:Violated;a11y:Violated;html+a11y:Violated	DIFFERENT_PROJECTED_VALUE	00_nucleo/prompts/compiler/stdlib/loading.md	01_core/src/compiler/stdlib/loading.rs:854	lab/typst-original/crates/typst-library/src/loading/cbor.rs:104	repr(cbor(cbor.encode(found.first())))	Decoded Symbol/Content values differ; raw CBOR bytes alone are not the acceptance gate.	Equal complete language observation on same literal source/profile refutes this divergence; a different required owner refutes proposed causal scope.	ADR0127_INTERNAL_PARITY_L0_FIRST_REVALIDATE	supplement	cbor-symbol-content-fallback	00_nucleo/diagnosticos/p1322-sentinels-normal.json#r5repr.default.cbor-decoded
r5repr.default.cbor-bytes	cbor.encode	default,html,a11y,html+a11y	default:DIFFERENT_DIAGNOSTIC;html:DIFFERENT_DIAGNOSTIC;a11y:DIFFERENT_DIAGNOSTIC;html+a11y:DIFFERENT_DIAGNOSTIC	default:Violated;html:Violated;a11y:Violated;html+a11y:Violated	DIFFERENT_PROJECTED_VALUE	00_nucleo/prompts/compiler/stdlib/loading.md	01_core/src/compiler/stdlib/loading.rs:854	lab/typst-original/crates/typst-library/src/loading/cbor.rs:104	{ let b = cbor.encode(found.first()); range(b.len()).map(i => str(b.at(i))).join(",") }	Decoded Symbol/Content values differ; raw CBOR bytes alone are not the acceptance gate.	Equal complete language observation on same literal source/profile refutes this divergence; a different required owner refutes proposed causal scope.	ADR0127_INTERNAL_PARITY_L0_FIRST_REVALIDATE	supplement	cbor-symbol-content-fallback	00_nucleo/diagnosticos/p1322-sentinels-normal.json#r5repr.default.cbor-bytes
r5repr.raw-text.decoded	r5repr.raw-text.decoded	default	default:MATCH_VALUE	default:Preserved	CLOSED_MEASURED_FUNCTIONAL_SENTINEL				repr(cbor(cbor.encode("Probe α\n")))	Only this complete bilateral assertion/projection is closed; historical expected preservation is distinct from parity.	Equal complete language observation on same literal source/profile refutes this divergence; a different required owner refutes proposed causal scope.	NO_CHANGE_AUTHORIZED	supplement		00_nucleo/diagnosticos/p1322-sentinels-normal.json#r5repr.raw-text.decoded
r5repr.raw-text.bytes	r5repr.raw-text.bytes	default	default:MATCH_VALUE	default:Preserved	CLOSED_MEASURED_FUNCTIONAL_SENTINEL				{ let b = cbor.encode("Probe α\n"); range(b.len()).map(i => str(b.at(i))).join(",") }	Only this complete bilateral assertion/projection is closed; historical expected preservation is distinct from parity.	Equal complete language observation on same literal source/profile refutes this divergence; a different required owner refutes proposed causal scope.	NO_CHANGE_AUTHORIZED	supplement		00_nucleo/diagnosticos/p1322-sentinels-normal.json#r5repr.raw-text.bytes
r5repr.en.repr	r5repr.en.repr	default	default:DIFFERENT_DIAGNOSTIC	default:Preserved	MATCH_PROJECTED_LANGUAGE_RAW_TRANSPORT_DIFFERENCE				repr(found.first())	Only this complete bilateral assertion/projection is closed; historical expected preservation is distinct from parity.	Equal complete language observation on same literal source/profile refutes this divergence; a different required owner refutes proposed causal scope.	NO_CHANGE_AUTHORIZED	supplement		00_nucleo/diagnosticos/p1322-sentinels-normal.json#r5repr.en.repr
r5repr.en.cbor-decoded	cbor.encode	default	default:DIFFERENT_DIAGNOSTIC	default:Violated	DIFFERENT_PROJECTED_VALUE	00_nucleo/prompts/compiler/stdlib/loading.md	01_core/src/compiler/stdlib/loading.rs:854	lab/typst-original/crates/typst-library/src/loading/cbor.rs:104	repr(cbor(cbor.encode(found.first())))	Decoded Symbol/Content values differ; raw CBOR bytes alone are not the acceptance gate.	Equal complete language observation on same literal source/profile refutes this divergence; a different required owner refutes proposed causal scope.	ADR0127_INTERNAL_PARITY_L0_FIRST_REVALIDATE	supplement	cbor-symbol-content-fallback	00_nucleo/diagnosticos/p1322-sentinels-normal.json#r5repr.en.cbor-decoded
r5repr.en.cbor-bytes	cbor.encode	default	default:DIFFERENT_DIAGNOSTIC	default:Violated	DIFFERENT_PROJECTED_VALUE	00_nucleo/prompts/compiler/stdlib/loading.md	01_core/src/compiler/stdlib/loading.rs:854	lab/typst-original/crates/typst-library/src/loading/cbor.rs:104	{ let b = cbor.encode(found.first()); range(b.len()).map(i => str(b.at(i))).join(",") }	Decoded Symbol/Content values differ; raw CBOR bytes alone are not the acceptance gate.	Equal complete language observation on same literal source/profile refutes this divergence; a different required owner refutes proposed causal scope.	ADR0127_INTERNAL_PARITY_L0_FIRST_REVALIDATE	supplement	cbor-symbol-content-fallback	00_nucleo/diagnosticos/p1322-sentinels-normal.json#r5repr.en.cbor-bytes
r5repr.pt.repr	r5repr.pt.repr	default	default:DIFFERENT_DIAGNOSTIC	default:Preserved	MATCH_PROJECTED_LANGUAGE_RAW_TRANSPORT_DIFFERENCE				repr(found.first())	Only this complete bilateral assertion/projection is closed; historical expected preservation is distinct from parity.	Equal complete language observation on same literal source/profile refutes this divergence; a different required owner refutes proposed causal scope.	NO_CHANGE_AUTHORIZED	supplement		00_nucleo/diagnosticos/p1322-sentinels-normal.json#r5repr.pt.repr
r5repr.pt.cbor-decoded	cbor.encode	default	default:DIFFERENT_DIAGNOSTIC	default:Violated	DIFFERENT_PROJECTED_VALUE	00_nucleo/prompts/compiler/stdlib/loading.md	01_core/src/compiler/stdlib/loading.rs:854	lab/typst-original/crates/typst-library/src/loading/cbor.rs:104	repr(cbor(cbor.encode(found.first())))	Decoded Symbol/Content values differ; raw CBOR bytes alone are not the acceptance gate.	Equal complete language observation on same literal source/profile refutes this divergence; a different required owner refutes proposed causal scope.	ADR0127_INTERNAL_PARITY_L0_FIRST_REVALIDATE	supplement	cbor-symbol-content-fallback	00_nucleo/diagnosticos/p1322-sentinels-normal.json#r5repr.pt.cbor-decoded
r5repr.pt.cbor-bytes	cbor.encode	default	default:DIFFERENT_DIAGNOSTIC	default:Violated	DIFFERENT_PROJECTED_VALUE	00_nucleo/prompts/compiler/stdlib/loading.md	01_core/src/compiler/stdlib/loading.rs:854	lab/typst-original/crates/typst-library/src/loading/cbor.rs:104	{ let b = cbor.encode(found.first()); range(b.len()).map(i => str(b.at(i))).join(",") }	Decoded Symbol/Content values differ; raw CBOR bytes alone are not the acceptance gate.	Equal complete language observation on same literal source/profile refutes this divergence; a different required owner refutes proposed causal scope.	ADR0127_INTERNAL_PARITY_L0_FIRST_REVALIDATE	supplement	cbor-symbol-content-fallback	00_nucleo/diagnosticos/p1322-sentinels-normal.json#r5repr.pt.cbor-bytes
r5repr.numbering-1.repr	r5repr.numbering-1.repr	default	default:DIFFERENT_DIAGNOSTIC	default:Preserved	MATCH_PROJECTED_LANGUAGE_RAW_TRANSPORT_DIFFERENCE				repr(found.first())	Only this complete bilateral assertion/projection is closed; historical expected preservation is distinct from parity.	Equal complete language observation on same literal source/profile refutes this divergence; a different required owner refutes proposed causal scope.	NO_CHANGE_AUTHORIZED	supplement		00_nucleo/diagnosticos/p1322-sentinels-normal.json#r5repr.numbering-1.repr
r5repr.numbering-1.cbor-decoded	cbor.encode	default	default:DIFFERENT_DIAGNOSTIC	default:Violated	DIFFERENT_PROJECTED_VALUE	00_nucleo/prompts/compiler/stdlib/loading.md	01_core/src/compiler/stdlib/loading.rs:854	lab/typst-original/crates/typst-library/src/loading/cbor.rs:104	repr(cbor(cbor.encode(found.first())))	Decoded Symbol/Content values differ; raw CBOR bytes alone are not the acceptance gate.	Equal complete language observation on same literal source/profile refutes this divergence; a different required owner refutes proposed causal scope.	ADR0127_INTERNAL_PARITY_L0_FIRST_REVALIDATE	supplement	cbor-symbol-content-fallback	00_nucleo/diagnosticos/p1322-sentinels-normal.json#r5repr.numbering-1.cbor-decoded
r5repr.numbering-1.cbor-bytes	cbor.encode	default	default:DIFFERENT_DIAGNOSTIC	default:Violated	DIFFERENT_PROJECTED_VALUE	00_nucleo/prompts/compiler/stdlib/loading.md	01_core/src/compiler/stdlib/loading.rs:854	lab/typst-original/crates/typst-library/src/loading/cbor.rs:104	{ let b = cbor.encode(found.first()); range(b.len()).map(i => str(b.at(i))).join(",") }	Decoded Symbol/Content values differ; raw CBOR bytes alone are not the acceptance gate.	Equal complete language observation on same literal source/profile refutes this divergence; a different required owner refutes proposed causal scope.	ADR0127_INTERNAL_PARITY_L0_FIRST_REVALIDATE	supplement	cbor-symbol-content-fallback	00_nucleo/diagnosticos/p1322-sentinels-normal.json#r5repr.numbering-1.cbor-bytes
r5repr.numbering-I.repr	r5repr.numbering-I.repr	default	default:DIFFERENT_DIAGNOSTIC	default:Preserved	MATCH_PROJECTED_LANGUAGE_RAW_TRANSPORT_DIFFERENCE				repr(found.first())	Only this complete bilateral assertion/projection is closed; historical expected preservation is distinct from parity.	Equal complete language observation on same literal source/profile refutes this divergence; a different required owner refutes proposed causal scope.	NO_CHANGE_AUTHORIZED	supplement		00_nucleo/diagnosticos/p1322-sentinels-normal.json#r5repr.numbering-I.repr
r5repr.numbering-I.cbor-decoded	cbor.encode	default	default:DIFFERENT_DIAGNOSTIC	default:Violated	DIFFERENT_PROJECTED_VALUE	00_nucleo/prompts/compiler/stdlib/loading.md	01_core/src/compiler/stdlib/loading.rs:854	lab/typst-original/crates/typst-library/src/loading/cbor.rs:104	repr(cbor(cbor.encode(found.first())))	Decoded Symbol/Content values differ; raw CBOR bytes alone are not the acceptance gate.	Equal complete language observation on same literal source/profile refutes this divergence; a different required owner refutes proposed causal scope.	ADR0127_INTERNAL_PARITY_L0_FIRST_REVALIDATE	supplement	cbor-symbol-content-fallback	00_nucleo/diagnosticos/p1322-sentinels-normal.json#r5repr.numbering-I.cbor-decoded
r5repr.numbering-I.cbor-bytes	cbor.encode	default	default:DIFFERENT_DIAGNOSTIC	default:Violated	DIFFERENT_PROJECTED_VALUE	00_nucleo/prompts/compiler/stdlib/loading.md	01_core/src/compiler/stdlib/loading.rs:854	lab/typst-original/crates/typst-library/src/loading/cbor.rs:104	{ let b = cbor.encode(found.first()); range(b.len()).map(i => str(b.at(i))).join(",") }	Decoded Symbol/Content values differ; raw CBOR bytes alone are not the acceptance gate.	Equal complete language observation on same literal source/profile refutes this divergence; a different required owner refutes proposed causal scope.	ADR0127_INTERNAL_PARITY_L0_FIRST_REVALIDATE	supplement	cbor-symbol-content-fallback	00_nucleo/diagnosticos/p1322-sentinels-normal.json#r5repr.numbering-I.cbor-bytes
r5content.query-default.json	r5content.query-default.json	default,html,a11y,html+a11y	default:DIFFERENT_DIAGNOSTIC;html:DIFFERENT_DIAGNOSTIC;a11y:DIFFERENT_DIAGNOSTIC;html+a11y:DIFFERENT_DIAGNOSTIC	default:Preserved;html:Preserved;a11y:Preserved;html+a11y:Preserved	MATCH_PROJECTED_LANGUAGE_RAW_TRANSPORT_DIFFERENCE				json.encode(found.first())	Only this complete bilateral assertion/projection is closed; historical expected preservation is distinct from parity.	Equal complete language observation on same literal source/profile refutes this divergence; a different required owner refutes proposed causal scope.	NO_CHANGE_AUTHORIZED	supplement		00_nucleo/diagnosticos/p1322-sentinels-normal.json#r5content.query-default.json
r5content.equality.different-labels	r5content.equality.different-labels	default	default:DIFFERENT_DIAGNOSTIC	default:Preserved	MATCH_PROJECTED_LANGUAGE_RAW_TRANSPORT_DIFFERENCE				repr(found.at(0) == found.at(1))	Only this complete bilateral assertion/projection is closed; historical expected preservation is distinct from parity.	Equal complete language observation on same literal source/profile refutes this divergence; a different required owner refutes proposed causal scope.	NO_CHANGE_AUTHORIZED	supplement		00_nucleo/diagnosticos/p1322-sentinels-normal.json#r5content.equality.different-labels
r5content.equality.no-labels	r5content.equality.no-labels	default,html,a11y,html+a11y	default:DIFFERENT_DIAGNOSTIC;html:DIFFERENT_DIAGNOSTIC;a11y:DIFFERENT_DIAGNOSTIC;html+a11y:DIFFERENT_DIAGNOSTIC	default:Preserved;html:Preserved;a11y:Preserved;html+a11y:Preserved	MATCH_PROJECTED_LANGUAGE_RAW_TRANSPORT_DIFFERENCE				repr(found.at(0) == found.at(1))	Only this complete bilateral assertion/projection is closed; historical expected preservation is distinct from parity.	Equal complete language observation on same literal source/profile refutes this divergence; a different required owner refutes proposed causal scope.	NO_CHANGE_AUTHORIZED	supplement		00_nucleo/diagnosticos/p1322-sentinels-normal.json#r5content.equality.no-labels
r5content.numbering-1.json	r5content.numbering-1.json	default	default:DIFFERENT_DIAGNOSTIC	default:Preserved	MATCH_PROJECTED_LANGUAGE_RAW_TRANSPORT_DIFFERENCE				json.encode(found.first())	Only this complete bilateral assertion/projection is closed; historical expected preservation is distinct from parity.	Equal complete language observation on same literal source/profile refutes this divergence; a different required owner refutes proposed causal scope.	NO_CHANGE_AUTHORIZED	supplement		00_nucleo/diagnosticos/p1322-sentinels-normal.json#r5content.numbering-1.json
r5content.numbering-I.json	r5content.numbering-I.json	default	default:DIFFERENT_DIAGNOSTIC	default:Preserved	MATCH_PROJECTED_LANGUAGE_RAW_TRANSPORT_DIFFERENCE				json.encode(found.first())	Only this complete bilateral assertion/projection is closed; historical expected preservation is distinct from parity.	Equal complete language observation on same literal source/profile refutes this divergence; a different required owner refutes proposed causal scope.	NO_CHANGE_AUTHORIZED	supplement		00_nucleo/diagnosticos/p1322-sentinels-normal.json#r5content.numbering-I.json
r5content.numbering-none.json	r5content.numbering-none.json	default	default:DIFFERENT_DIAGNOSTIC	default:Preserved	MATCH_PROJECTED_LANGUAGE_RAW_TRANSPORT_DIFFERENCE				json.encode(found.first())	Only this complete bilateral assertion/projection is closed; historical expected preservation is distinct from parity.	Equal complete language observation on same literal source/profile refutes this divergence; a different required owner refutes proposed causal scope.	NO_CHANGE_AUTHORIZED	supplement		00_nucleo/diagnosticos/p1322-sentinels-normal.json#r5content.numbering-none.json
r5content.language-en.json	r5content.language-en.json	default	default:DIFFERENT_DIAGNOSTIC	default:Preserved	MATCH_PROJECTED_LANGUAGE_RAW_TRANSPORT_DIFFERENCE				json.encode(found.first())	Only this complete bilateral assertion/projection is closed; historical expected preservation is distinct from parity.	Equal complete language observation on same literal source/profile refutes this divergence; a different required owner refutes proposed causal scope.	NO_CHANGE_AUTHORIZED	supplement		00_nucleo/diagnosticos/p1322-sentinels-normal.json#r5content.language-en.json
r5content.language-pt.json	r5content.language-pt.json	default	default:DIFFERENT_DIAGNOSTIC	default:Preserved	MATCH_PROJECTED_LANGUAGE_RAW_TRANSPORT_DIFFERENCE				json.encode(found.first())	Only this complete bilateral assertion/projection is closed; historical expected preservation is distinct from parity.	Equal complete language observation on same literal source/profile refutes this divergence; a different required owner refutes proposed causal scope.	NO_CHANGE_AUTHORIZED	supplement		00_nucleo/diagnosticos/p1322-sentinels-normal.json#r5content.language-pt.json
r5content.equality.inline-vs-query	r5content.equality.inline-vs-query	default	default:DIFFERENT_DIAGNOSTIC	default:Preserved	MATCH_PROJECTED_LANGUAGE_RAW_TRANSPORT_DIFFERENCE				repr(heading[Probe] == found.first())	Only this complete bilateral assertion/projection is closed; historical expected preservation is distinct from parity.	Equal complete language observation on same literal source/profile refutes this divergence; a different required owner refutes proposed causal scope.	NO_CHANGE_AUTHORIZED	supplement		00_nucleo/diagnosticos/p1322-sentinels-normal.json#r5content.equality.inline-vs-query
r5content.equality.clone-through-array	r5content.equality.clone-through-array	default	default:DIFFERENT_DIAGNOSTIC	default:Preserved	MATCH_PROJECTED_LANGUAGE_RAW_TRANSPORT_DIFFERENCE				repr({ let a = (found.first(),); let get() = a.first(); found.first() == get() })	Only this complete bilateral assertion/projection is closed; historical expected preservation is distinct from parity.	Equal complete language observation on same literal source/profile refutes this divergence; a different required owner refutes proposed causal scope.	NO_CHANGE_AUTHORIZED	supplement		00_nucleo/diagnosticos/p1322-sentinels-normal.json#r5content.equality.clone-through-array
r5content.equality.same-labels	r5content.equality.same-labels	default	default:DIFFERENT_DIAGNOSTIC	default:Preserved	MATCH_PROJECTED_LANGUAGE_RAW_TRANSPORT_DIFFERENCE				repr(found.at(0) == found.at(1))	Only this complete bilateral assertion/projection is closed; historical expected preservation is distinct from parity.	Equal complete language observation on same literal source/profile refutes this divergence; a different required owner refutes proposed causal scope.	NO_CHANGE_AUTHORIZED	supplement		00_nucleo/diagnosticos/p1322-sentinels-normal.json#r5content.equality.same-labels
r5content.equality.different-numbering	r5content.equality.different-numbering	default	default:DIFFERENT_DIAGNOSTIC	default:Preserved	MATCH_PROJECTED_LANGUAGE_RAW_TRANSPORT_DIFFERENCE				repr(found.at(0) == found.at(1))	Only this complete bilateral assertion/projection is closed; historical expected preservation is distinct from parity.	Equal complete language observation on same literal source/profile refutes this divergence; a different required owner refutes proposed causal scope.	NO_CHANGE_AUTHORIZED	supplement		00_nucleo/diagnosticos/p1322-sentinels-normal.json#r5content.equality.different-numbering
r5content.access.error-label	r5content.access.error-label	default	default:DIFFERENT_DIAGNOSTIC	default:Preserved	MATCH_PROJECTED_LANGUAGE_RAW_TRANSPORT_DIFFERENCE				repr(found.first().at("label"))	Only this complete bilateral assertion/projection is closed; historical expected preservation is distinct from parity.	Equal complete language observation on same literal source/profile refutes this divergence; a different required owner refutes proposed causal scope.	NO_CHANGE_AUTHORIZED	supplement		00_nucleo/diagnosticos/p1322-sentinels-normal.json#r5content.access.error-label
r5content.access.error-missing	r5content.access.error-missing	default	default:DIFFERENT_DIAGNOSTIC	default:Preserved	MATCH_PROJECTED_LANGUAGE_RAW_TRANSPORT_DIFFERENCE				repr(found.first().at("missing"))	Only this complete bilateral assertion/projection is closed; historical expected preservation is distinct from parity.	Equal complete language observation on same literal source/profile refutes this divergence; a different required owner refutes proposed causal scope.	NO_CHANGE_AUTHORIZED	supplement		00_nucleo/diagnosticos/p1322-sentinels-normal.json#r5content.access.error-missing
r6.fields-json.default	r6.fields-json.default	default,html,a11y,html+a11y	default:DIFFERENT_DIAGNOSTIC;html:DIFFERENT_DIAGNOSTIC;a11y:DIFFERENT_DIAGNOSTIC;html+a11y:DIFFERENT_DIAGNOSTIC	default:Preserved;html:Preserved;a11y:Preserved;html+a11y:Preserved	MATCH_PROJECTED_LANGUAGE_RAW_TRANSPORT_DIFFERENCE				json.encode(found.first().fields())	Only this complete bilateral assertion/projection is closed; historical expected preservation is distinct from parity.	Equal complete language observation on same literal source/profile refutes this divergence; a different required owner refutes proposed causal scope.	NO_CHANGE_AUTHORIZED	supplement		00_nucleo/diagnosticos/p1322-sentinels-normal.json#r6.fields-json.default
r6.fields-json.pt	r6.fields-json.pt	default,html,a11y,html+a11y	default:DIFFERENT_DIAGNOSTIC;html:DIFFERENT_DIAGNOSTIC;a11y:DIFFERENT_DIAGNOSTIC;html+a11y:DIFFERENT_DIAGNOSTIC	default:Preserved;html:Preserved;a11y:Preserved;html+a11y:Preserved	MATCH_PROJECTED_LANGUAGE_RAW_TRANSPORT_DIFFERENCE				json.encode(found.first().fields())	Only this complete bilateral assertion/projection is closed; historical expected preservation is distinct from parity.	Equal complete language observation on same literal source/profile refutes this divergence; a different required owner refutes proposed causal scope.	NO_CHANGE_AUTHORIZED	supplement		00_nucleo/diagnosticos/p1322-sentinels-normal.json#r6.fields-json.pt
r6.fields-json.numbering-I	r6.fields-json.numbering-I	default,html,a11y,html+a11y	default:DIFFERENT_DIAGNOSTIC;html:DIFFERENT_DIAGNOSTIC;a11y:DIFFERENT_DIAGNOSTIC;html+a11y:DIFFERENT_DIAGNOSTIC	default:Preserved;html:Preserved;a11y:Preserved;html+a11y:Preserved	MATCH_PROJECTED_LANGUAGE_RAW_TRANSPORT_DIFFERENCE				json.encode(found.first().fields())	Only this complete bilateral assertion/projection is closed; historical expected preservation is distinct from parity.	Equal complete language observation on same literal source/profile refutes this divergence; a different required owner refutes proposed causal scope.	NO_CHANGE_AUTHORIZED	supplement		00_nucleo/diagnosticos/p1322-sentinels-normal.json#r6.fields-json.numbering-I
r6.fields-json.numbering-none	r6.fields-json.numbering-none	default,html,a11y,html+a11y	default:DIFFERENT_DIAGNOSTIC;html:DIFFERENT_DIAGNOSTIC;a11y:DIFFERENT_DIAGNOSTIC;html+a11y:DIFFERENT_DIAGNOSTIC	default:Preserved;html:Preserved;a11y:Preserved;html+a11y:Preserved	MATCH_PROJECTED_LANGUAGE_RAW_TRANSPORT_DIFFERENCE				json.encode(found.first().fields())	Only this complete bilateral assertion/projection is closed; historical expected preservation is distinct from parity.	Equal complete language observation on same literal source/profile refutes this divergence; a different required owner refutes proposed causal scope.	NO_CHANGE_AUTHORIZED	supplement		00_nucleo/diagnosticos/p1322-sentinels-normal.json#r6.fields-json.numbering-none
r6.access.labelled	r6.access.labelled	default,html,a11y,html+a11y	default:DIFFERENT_DIAGNOSTIC;html:DIFFERENT_DIAGNOSTIC;a11y:DIFFERENT_DIAGNOSTIC;html+a11y:DIFFERENT_DIAGNOSTIC	default:Preserved;html:Preserved;a11y:Preserved;html+a11y:Preserved	MATCH_PROJECTED_LANGUAGE_RAW_TRANSPORT_DIFFERENCE				json.encode({ let x = found.first(); (label: (x.has("label"), x.at("label", default: "absent")), unknown: (x.has("missing"), x.at("missing", default: "absent")), fields: (x.at("level"), x.at("depth"), x.at("offset"), x.at("numbering"), x.at("supplement"), x.at("outlined"), x.at("bookmarked"), x.at("hanging-indent"), x.at("body")), func: repr(x.func()), location: repr(type(x.location()))) })	Only this complete bilateral assertion/projection is closed; historical expected preservation is distinct from parity.	Equal complete language observation on same literal source/profile refutes this divergence; a different required owner refutes proposed causal scope.	NO_CHANGE_AUTHORIZED	supplement		00_nucleo/diagnosticos/p1322-sentinels-normal.json#r6.access.labelled
r6.access.unlabelled	r6.access.unlabelled	default,html,a11y,html+a11y	default:DIFFERENT_DIAGNOSTIC;html:DIFFERENT_DIAGNOSTIC;a11y:DIFFERENT_DIAGNOSTIC;html+a11y:DIFFERENT_DIAGNOSTIC	default:Preserved;html:Preserved;a11y:Preserved;html+a11y:Preserved	MATCH_PROJECTED_LANGUAGE_RAW_TRANSPORT_DIFFERENCE				json.encode({ let x = found.first(); (label: (x.has("label"), x.at("label", default: "absent")), unknown: (x.has("missing"), x.at("missing", default: "absent")), fields: (x.at("level"), x.at("depth"), x.at("offset"), x.at("numbering"), x.at("supplement"), x.at("outlined"), x.at("bookmarked"), x.at("hanging-indent"), x.at("body")), func: repr(x.func()), location: repr(type(x.location()))) })	Only this complete bilateral assertion/projection is closed; historical expected preservation is distinct from parity.	Equal complete language observation on same literal source/profile refutes this divergence; a different required owner refutes proposed causal scope.	NO_CHANGE_AUTHORIZED	supplement		00_nucleo/diagnosticos/p1322-sentinels-normal.json#r6.access.unlabelled
r6.access.static-alias	r6.access.static-alias	default,html,a11y,html+a11y	default:DIFFERENT_DIAGNOSTIC;html:DIFFERENT_DIAGNOSTIC;a11y:DIFFERENT_DIAGNOSTIC;html+a11y:DIFFERENT_DIAGNOSTIC	default:Preserved;html:Preserved;a11y:Preserved;html+a11y:Preserved	MATCH_PROJECTED_LANGUAGE_RAW_TRANSPORT_DIFFERENCE				json.encode({ let x = found.first(); let fields = content.fields; let at = content.at; let has = content.has; (fields(x), at(x, "label", default: "absent"), has(x, "numbering")) })	Only this complete bilateral assertion/projection is closed; historical expected preservation is distinct from parity.	Equal complete language observation on same literal source/profile refutes this divergence; a different required owner refutes proposed causal scope.	NO_CHANGE_AUTHORIZED	supplement		00_nucleo/diagnosticos/p1322-sentinels-normal.json#r6.access.static-alias
r6.access.static-alias-control	r6.access.static-alias-control	default,html,a11y,html+a11y	default:DIFFERENT_DIAGNOSTIC;html:DIFFERENT_DIAGNOSTIC;a11y:DIFFERENT_DIAGNOSTIC;html+a11y:DIFFERENT_DIAGNOSTIC	default:Preserved;html:Preserved;a11y:Preserved;html+a11y:Preserved	MATCH_PROJECTED_LANGUAGE_RAW_TRANSPORT_DIFFERENCE				repr({ let x = found.first(); let fields = content.fields; let at = content.at; let has = content.has; (fields(x).len(), at(x, "label", default: "absent"), has(x, "numbering"), repr(type(fields))) })	Only this complete bilateral assertion/projection is closed; historical expected preservation is distinct from parity.	Equal complete language observation on same literal source/profile refutes this divergence; a different required owner refutes proposed causal scope.	NO_CHANGE_AUTHORIZED	supplement		00_nucleo/diagnosticos/p1322-sentinels-normal.json#r6.access.static-alias-control
r6.access.direct-fields	r6.access.direct-fields	default,html,a11y,html+a11y	default:DIFFERENT_DIAGNOSTIC;html:DIFFERENT_DIAGNOSTIC;a11y:DIFFERENT_DIAGNOSTIC;html+a11y:DIFFERENT_DIAGNOSTIC	default:Preserved;html:Preserved;a11y:Preserved;html+a11y:Preserved	MATCH_PROJECTED_LANGUAGE_RAW_TRANSPORT_DIFFERENCE				json.encode({ let x = found.first(); (x.level, x.depth, x.offset, x.numbering, x.supplement, x.outlined, x.bookmarked, x.hanging-indent, x.body, x.label) })	Only this complete bilateral assertion/projection is closed; historical expected preservation is distinct from parity.	Equal complete language observation on same literal source/profile refutes this divergence; a different required owner refutes proposed causal scope.	NO_CHANGE_AUTHORIZED	supplement		00_nucleo/diagnosticos/p1322-sentinels-normal.json#r6.access.direct-fields
r6.escape.before	r6.escape.before	default,html,a11y,html+a11y	default:DIFFERENT_DIAGNOSTIC;html:DIFFERENT_DIAGNOSTIC;a11y:DIFFERENT_DIAGNOSTIC;html+a11y:DIFFERENT_DIAGNOSTIC	default:Preserved;html:Preserved;a11y:Preserved;html+a11y:Preserved	MATCH_PROJECTED_LANGUAGE_RAW_TRANSPORT_DIFFERENCE				json.encode(get())	Only this complete bilateral assertion/projection is closed; historical expected preservation is distinct from parity.	Equal complete language observation on same literal source/profile refutes this divergence; a different required owner refutes proposed causal scope.	NO_CHANGE_AUTHORIZED	supplement		00_nucleo/diagnosticos/p1322-sentinels-normal.json#r6.escape.before
r6.escape.fields-before	r6.escape.fields-before	default,html,a11y,html+a11y	default:DIFFERENT_DIAGNOSTIC;html:DIFFERENT_DIAGNOSTIC;a11y:DIFFERENT_DIAGNOSTIC;html+a11y:DIFFERENT_DIAGNOSTIC	default:Preserved;html:Preserved;a11y:Preserved;html+a11y:Preserved	MATCH_PROJECTED_LANGUAGE_RAW_TRANSPORT_DIFFERENCE				json.encode(get().fields())	Only this complete bilateral assertion/projection is closed; historical expected preservation is distinct from parity.	Equal complete language observation on same literal source/profile refutes this divergence; a different required owner refutes proposed causal scope.	NO_CHANGE_AUTHORIZED	supplement		00_nucleo/diagnosticos/p1322-sentinels-normal.json#r6.escape.fields-before
r6.escape.after	r6.escape.after	default,html,a11y,html+a11y	default:DIFFERENT_DIAGNOSTIC;html:DIFFERENT_DIAGNOSTIC;a11y:DIFFERENT_DIAGNOSTIC;html+a11y:DIFFERENT_DIAGNOSTIC	default:Preserved;html:Preserved;a11y:Preserved;html+a11y:Preserved	MATCH_PROJECTED_LANGUAGE_RAW_TRANSPORT_DIFFERENCE				json.encode(get())	Only this complete bilateral assertion/projection is closed; historical expected preservation is distinct from parity.	Equal complete language observation on same literal source/profile refutes this divergence; a different required owner refutes proposed causal scope.	NO_CHANGE_AUTHORIZED	supplement		00_nucleo/diagnosticos/p1322-sentinels-normal.json#r6.escape.after
r6.escape.fields-after	r6.escape.fields-after	default,html,a11y,html+a11y	default:DIFFERENT_DIAGNOSTIC;html:DIFFERENT_DIAGNOSTIC;a11y:DIFFERENT_DIAGNOSTIC;html+a11y:DIFFERENT_DIAGNOSTIC	default:Preserved;html:Preserved;a11y:Preserved;html+a11y:Preserved	MATCH_PROJECTED_LANGUAGE_RAW_TRANSPORT_DIFFERENCE				json.encode(get().fields())	Only this complete bilateral assertion/projection is closed; historical expected preservation is distinct from parity.	Equal complete language observation on same literal source/profile refutes this divergence; a different required owner refutes proposed causal scope.	NO_CHANGE_AUTHORIZED	supplement		00_nucleo/diagnosticos/p1322-sentinels-normal.json#r6.escape.fields-after
r6.two-same-body	r6.two-same-body	default,html,a11y,html+a11y	default:DIFFERENT_DIAGNOSTIC;html:DIFFERENT_DIAGNOSTIC;a11y:DIFFERENT_DIAGNOSTIC;html+a11y:DIFFERENT_DIAGNOSTIC	default:Preserved;html:Preserved;a11y:Preserved;html+a11y:Preserved	MATCH_PROJECTED_LANGUAGE_RAW_TRANSPORT_DIFFERENCE				json.encode(found)	Only this complete bilateral assertion/projection is closed; historical expected preservation is distinct from parity.	Equal complete language observation on same literal source/profile refutes this divergence; a different required owner refutes proposed causal scope.	NO_CHANGE_AUTHORIZED	supplement		00_nucleo/diagnosticos/p1322-sentinels-normal.json#r6.two-same-body
r6.two-same-body.fields	r6.two-same-body.fields	default,html,a11y,html+a11y	default:DIFFERENT_DIAGNOSTIC;html:DIFFERENT_DIAGNOSTIC;a11y:DIFFERENT_DIAGNOSTIC;html+a11y:DIFFERENT_DIAGNOSTIC	default:Preserved;html:Preserved;a11y:Preserved;html+a11y:Preserved	MATCH_PROJECTED_LANGUAGE_RAW_TRANSPORT_DIFFERENCE				json.encode(found.map(x => x.fields()))	Only this complete bilateral assertion/projection is closed; historical expected preservation is distinct from parity.	Equal complete language observation on same literal source/profile refutes this divergence; a different required owner refutes proposed causal scope.	NO_CHANGE_AUTHORIZED	supplement		00_nucleo/diagnosticos/p1322-sentinels-normal.json#r6.two-same-body.fields
r6.equality.language	r6.equality.language	default,html,a11y,html+a11y	default:DIFFERENT_DIAGNOSTIC;html:DIFFERENT_DIAGNOSTIC;a11y:DIFFERENT_DIAGNOSTIC;html+a11y:DIFFERENT_DIAGNOSTIC	default:Preserved;html:Preserved;a11y:Preserved;html+a11y:Preserved	MATCH_PROJECTED_LANGUAGE_RAW_TRANSPORT_DIFFERENCE				repr(found.at(0) == found.at(1))	Only this complete bilateral assertion/projection is closed; historical expected preservation is distinct from parity.	Equal complete language observation on same literal source/profile refutes this divergence; a different required owner refutes proposed causal scope.	NO_CHANGE_AUTHORIZED	supplement		00_nucleo/diagnosticos/p1322-sentinels-normal.json#r6.equality.language
r6.first-context-before-heading	r6.first-context-before-heading	default,html,a11y,html+a11y	default:DIFFERENT_DIAGNOSTIC;html:DIFFERENT_DIAGNOSTIC;a11y:DIFFERENT_DIAGNOSTIC;html+a11y:DIFFERENT_DIAGNOSTIC	default:Preserved;html:Preserved;a11y:Preserved;html+a11y:Preserved	MATCH_PROJECTED_LANGUAGE_RAW_TRANSPORT_DIFFERENCE				json.encode(found.first())	Only this complete bilateral assertion/projection is closed; historical expected preservation is distinct from parity.	Equal complete language observation on same literal source/profile refutes this divergence; a different required owner refutes proposed causal scope.	NO_CHANGE_AUTHORIZED	supplement		00_nucleo/diagnosticos/p1322-sentinels-normal.json#r6.first-context-before-heading
r6.first-context-before-heading.fields	r6.first-context-before-heading.fields	default,html,a11y,html+a11y	default:DIFFERENT_DIAGNOSTIC;html:DIFFERENT_DIAGNOSTIC;a11y:DIFFERENT_DIAGNOSTIC;html+a11y:DIFFERENT_DIAGNOSTIC	default:Preserved;html:Preserved;a11y:Preserved;html+a11y:Preserved	MATCH_PROJECTED_LANGUAGE_RAW_TRANSPORT_DIFFERENCE				json.encode(found.first().fields())	Only this complete bilateral assertion/projection is closed; historical expected preservation is distinct from parity.	Equal complete language observation on same literal source/profile refutes this divergence; a different required owner refutes proposed causal scope.	NO_CHANGE_AUTHORIZED	supplement		00_nucleo/diagnosticos/p1322-sentinels-normal.json#r6.first-context-before-heading.fields
p1306.ordinary-std	p1306.ordinary-std	default,html,a11y,html+a11y	default:MATCH_DIAGNOSTIC;html:MATCH_DIAGNOSTIC;a11y:MATCH_DIAGNOSTIC;html+a11y:MATCH_DIAGNOSTIC	default:NOT_USED;html:NOT_USED;a11y:NOT_USED;html+a11y:NOT_USED	CLOSED_MEASURED_FUNCTIONAL_SENTINEL				{ import "ordinary/std.typ" as specimen; specimen.nope }	Only this complete bilateral assertion/projection is closed; historical expected preservation is distinct from parity.	Equal complete language observation on same literal source/profile refutes this divergence; a different required owner refutes proposed causal scope.	NO_CHANGE_AUTHORIZED	supplement		00_nucleo/diagnosticos/p1322-sentinels-normal.json#p1306.ordinary-std
p1306.positive-std	p1306.positive-std	default,html,a11y,html+a11y	default:MATCH_VALUE;html:MATCH_VALUE;a11y:MATCH_VALUE;html+a11y:MATCH_VALUE	default:NOT_USED;html:NOT_USED;a11y:NOT_USED;html+a11y:NOT_USED	CLOSED_MEASURED_FUNCTIONAL_SENTINEL				{ import "ordinary/std.typ" as specimen; (repr(specimen), specimen.x) }	Only this complete bilateral assertion/projection is closed; historical expected preservation is distinct from parity.	Equal complete language observation on same literal source/profile refutes this divergence; a different required owner refutes proposed causal scope.	NO_CHANGE_AUTHORIZED	supplement		00_nucleo/diagnosticos/p1322-sentinels-normal.json#p1306.positive-std
p1306.ordinary-global	p1306.ordinary-global	default,html,a11y,html+a11y	default:MATCH_DIAGNOSTIC;html:MATCH_DIAGNOSTIC;a11y:MATCH_DIAGNOSTIC;html+a11y:MATCH_DIAGNOSTIC	default:NOT_USED;html:NOT_USED;a11y:NOT_USED;html+a11y:NOT_USED	CLOSED_MEASURED_FUNCTIONAL_SENTINEL				{ import "ordinary/global.typ" as specimen; specimen.nope }	Only this complete bilateral assertion/projection is closed; historical expected preservation is distinct from parity.	Equal complete language observation on same literal source/profile refutes this divergence; a different required owner refutes proposed causal scope.	NO_CHANGE_AUTHORIZED	supplement		00_nucleo/diagnosticos/p1322-sentinels-normal.json#p1306.ordinary-global
p1306.positive-global	p1306.positive-global	default,html,a11y,html+a11y	default:MATCH_VALUE;html:MATCH_VALUE;a11y:MATCH_VALUE;html+a11y:MATCH_VALUE	default:NOT_USED;html:NOT_USED;a11y:NOT_USED;html+a11y:NOT_USED	CLOSED_MEASURED_FUNCTIONAL_SENTINEL				{ import "ordinary/global.typ" as specimen; (repr(specimen), specimen.x) }	Only this complete bilateral assertion/projection is closed; historical expected preservation is distinct from parity.	Equal complete language observation on same literal source/profile refutes this divergence; a different required owner refutes proposed causal scope.	NO_CHANGE_AUTHORIZED	supplement		00_nucleo/diagnosticos/p1322-sentinels-normal.json#p1306.positive-global
p1306.ordinary-map	p1306.ordinary-map	default,html,a11y,html+a11y	default:MATCH_DIAGNOSTIC;html:MATCH_DIAGNOSTIC;a11y:MATCH_DIAGNOSTIC;html+a11y:MATCH_DIAGNOSTIC	default:NOT_USED;html:NOT_USED;a11y:NOT_USED;html+a11y:NOT_USED	CLOSED_MEASURED_FUNCTIONAL_SENTINEL				{ import "ordinary/map.typ" as specimen; specimen.nope }	Only this complete bilateral assertion/projection is closed; historical expected preservation is distinct from parity.	Equal complete language observation on same literal source/profile refutes this divergence; a different required owner refutes proposed causal scope.	NO_CHANGE_AUTHORIZED	supplement		00_nucleo/diagnosticos/p1322-sentinels-normal.json#p1306.ordinary-map
p1306.positive-map	p1306.positive-map	default,html,a11y,html+a11y	default:MATCH_VALUE;html:MATCH_VALUE;a11y:MATCH_VALUE;html+a11y:MATCH_VALUE	default:NOT_USED;html:NOT_USED;a11y:NOT_USED;html+a11y:NOT_USED	CLOSED_MEASURED_FUNCTIONAL_SENTINEL				{ import "ordinary/map.typ" as specimen; (repr(specimen), specimen.x) }	Only this complete bilateral assertion/projection is closed; historical expected preservation is distinct from parity.	Equal complete language observation on same literal source/profile refutes this divergence; a different required owner refutes proposed causal scope.	NO_CHANGE_AUTHORIZED	supplement		00_nucleo/diagnosticos/p1322-sentinels-normal.json#p1306.positive-map
p1306.ordinary-aurora	p1306.ordinary-aurora	default,html,a11y,html+a11y	default:MATCH_DIAGNOSTIC;html:MATCH_DIAGNOSTIC;a11y:MATCH_DIAGNOSTIC;html+a11y:MATCH_DIAGNOSTIC	default:NOT_USED;html:NOT_USED;a11y:NOT_USED;html+a11y:NOT_USED	CLOSED_MEASURED_FUNCTIONAL_SENTINEL				{ import "ordinary/aurora.typ" as specimen; specimen.nope }	Only this complete bilateral assertion/projection is closed; historical expected preservation is distinct from parity.	Equal complete language observation on same literal source/profile refutes this divergence; a different required owner refutes proposed causal scope.	NO_CHANGE_AUTHORIZED	supplement		00_nucleo/diagnosticos/p1322-sentinels-normal.json#p1306.ordinary-aurora
p1306.positive-aurora	p1306.positive-aurora	default,html,a11y,html+a11y	default:MATCH_VALUE;html:MATCH_VALUE;a11y:MATCH_VALUE;html+a11y:MATCH_VALUE	default:NOT_USED;html:NOT_USED;a11y:NOT_USED;html+a11y:NOT_USED	CLOSED_MEASURED_FUNCTIONAL_SENTINEL				{ import "ordinary/aurora.typ" as specimen; (repr(specimen), specimen.x) }	Only this complete bilateral assertion/projection is closed; historical expected preservation is distinct from parity.	Equal complete language observation on same literal source/profile refutes this divergence; a different required owner refutes proposed causal scope.	NO_CHANGE_AUTHORIZED	supplement		00_nucleo/diagnosticos/p1322-sentinels-normal.json#p1306.positive-aurora
p1306.ordinary-bare	p1306.ordinary-bare	default,html,a11y,html+a11y	default:MATCH_DIAGNOSTIC;html:MATCH_DIAGNOSTIC;a11y:MATCH_DIAGNOSTIC;html+a11y:MATCH_DIAGNOSTIC	default:NOT_USED;html:NOT_USED;a11y:NOT_USED;html+a11y:NOT_USED	CLOSED_MEASURED_FUNCTIONAL_SENTINEL				{ import "ordinary/std.typ"; std.nope }	Only this complete bilateral assertion/projection is closed; historical expected preservation is distinct from parity.	Equal complete language observation on same literal source/profile refutes this divergence; a different required owner refutes proposed causal scope.	NO_CHANGE_AUTHORIZED	supplement		00_nucleo/diagnosticos/p1322-sentinels-normal.json#p1306.ordinary-bare
p1306.ordinary-alias	p1306.ordinary-alias	default,html,a11y,html+a11y	default:MATCH_DIAGNOSTIC;html:MATCH_DIAGNOSTIC;a11y:MATCH_DIAGNOSTIC;html+a11y:MATCH_DIAGNOSTIC	default:NOT_USED;html:NOT_USED;a11y:NOT_USED;html+a11y:NOT_USED	CLOSED_MEASURED_FUNCTIONAL_SENTINEL				{ import "ordinary/std.typ" as original; let alias = original; alias.absent }	Only this complete bilateral assertion/projection is closed; historical expected preservation is distinct from parity.	Equal complete language observation on same literal source/profile refutes this divergence; a different required owner refutes proposed causal scope.	NO_CHANGE_AUTHORIZED	supplement		00_nucleo/diagnosticos/p1322-sentinels-normal.json#p1306.ordinary-alias
p1306.ordinary-shadow	p1306.ordinary-shadow	default,html,a11y,html+a11y	default:MATCH_DIAGNOSTIC;html:MATCH_DIAGNOSTIC;a11y:MATCH_DIAGNOSTIC;html+a11y:MATCH_DIAGNOSTIC	default:NOT_USED;html:NOT_USED;a11y:NOT_USED;html+a11y:NOT_USED	CLOSED_MEASURED_FUNCTIONAL_SENTINEL				{ import "ordinary/std.typ" as module; let std = module; std.absent }	Only this complete bilateral assertion/projection is closed; historical expected preservation is distinct from parity.	Equal complete language observation on same literal source/profile refutes this divergence; a different required owner refutes proposed causal scope.	NO_CHANGE_AUTHORIZED	supplement		00_nucleo/diagnosticos/p1322-sentinels-normal.json#p1306.ordinary-shadow
p1306.ordinary-nested	p1306.ordinary-nested	default,html,a11y,html+a11y	default:MATCH_DIAGNOSTIC;html:MATCH_DIAGNOSTIC;a11y:MATCH_DIAGNOSTIC;html+a11y:MATCH_DIAGNOSTIC	default:NOT_USED;html:NOT_USED;a11y:NOT_USED;html+a11y:NOT_USED	CLOSED_MEASURED_FUNCTIONAL_SENTINEL				{ import "ordinary/std.typ" as item; let box = (inner: (leaf: item)); box.inner.leaf.nope }	Only this complete bilateral assertion/projection is closed; historical expected preservation is distinct from parity.	Equal complete language observation on same literal source/profile refutes this divergence; a different required owner refutes proposed causal scope.	NO_CHANGE_AUTHORIZED	supplement		00_nucleo/diagnosticos/p1322-sentinels-normal.json#p1306.ordinary-nested
p1306.ordinary-line-column	p1306.ordinary-line-column	default,html,a11y,html+a11y	default:MATCH_DIAGNOSTIC;html:MATCH_DIAGNOSTIC;a11y:MATCH_DIAGNOSTIC;html+a11y:MATCH_DIAGNOSTIC	default:NOT_USED;html:NOT_USED;a11y:NOT_USED;html+a11y:NOT_USED	CLOSED_MEASURED_FUNCTIONAL_SENTINEL				{  import "ordinary/std.typ" as named;  let alias = named;     alias.absent }	Only this complete bilateral assertion/projection is closed; historical expected preservation is distinct from parity.	Equal complete language observation on same literal source/profile refutes this divergence; a different required owner refutes proposed causal scope.	NO_CHANGE_AUTHORIZED	supplement		00_nucleo/diagnosticos/p1322-sentinels-normal.json#p1306.ordinary-line-column
p1306.reexport	p1306.reexport	default,html,a11y,html+a11y	default:MATCH_DIAGNOSTIC;html:MATCH_DIAGNOSTIC;a11y:MATCH_DIAGNOSTIC;html+a11y:MATCH_DIAGNOSTIC	default:NOT_USED;html:NOT_USED;a11y:NOT_USED;html+a11y:NOT_USED	CLOSED_MEASURED_FUNCTIONAL_SENTINEL				{ import "reexport/std.typ" as exported; exported.nope }	Only this complete bilateral assertion/projection is closed; historical expected preservation is distinct from parity.	Equal complete language observation on same literal source/profile refutes this divergence; a different required owner refutes proposed causal scope.	NO_CHANGE_AUTHORIZED	supplement		00_nucleo/diagnosticos/p1322-sentinels-normal.json#p1306.reexport
p1306.reexport-alias	p1306.reexport-alias	default,html,a11y,html+a11y	default:MATCH_DIAGNOSTIC;html:MATCH_DIAGNOSTIC;a11y:MATCH_DIAGNOSTIC;html+a11y:MATCH_DIAGNOSTIC	default:NOT_USED;html:NOT_USED;a11y:NOT_USED;html+a11y:NOT_USED	CLOSED_MEASURED_FUNCTIONAL_SENTINEL				{ import "reexport/std.typ" as exported; let renamed = exported; renamed.absent }	Only this complete bilateral assertion/projection is closed; historical expected preservation is distinct from parity.	Equal complete language observation on same literal source/profile refutes this divergence; a different required owner refutes proposed causal scope.	NO_CHANGE_AUTHORIZED	supplement		00_nucleo/diagnosticos/p1322-sentinels-normal.json#p1306.reexport-alias
p1306.positive-reexport	p1306.positive-reexport	default,html,a11y,html+a11y	default:MATCH_VALUE;html:MATCH_VALUE;a11y:MATCH_VALUE;html+a11y:MATCH_VALUE	default:NOT_USED;html:NOT_USED;a11y:NOT_USED;html+a11y:NOT_USED	CLOSED_MEASURED_FUNCTIONAL_SENTINEL				{ import "reexport/std.typ" as r; let renamed = r; (repr(r), repr(renamed), renamed.calc.abs(-12), repr(r.calc)) }	Only this complete bilateral assertion/projection is closed; historical expected preservation is distinct from parity.	Equal complete language observation on same literal source/profile refutes this divergence; a different required owner refutes proposed causal scope.	NO_CHANGE_AUTHORIZED	supplement		00_nucleo/diagnosticos/p1322-sentinels-normal.json#p1306.positive-reexport
p1306.positive-alias-shadow-nested	p1306.positive-alias-shadow-nested	default,html,a11y,html+a11y	default:MATCH_VALUE;html:MATCH_VALUE;a11y:MATCH_VALUE;html+a11y:MATCH_VALUE	default:NOT_USED;html:NOT_USED;a11y:NOT_USED;html+a11y:NOT_USED	CLOSED_MEASURED_FUNCTIONAL_SENTINEL				{ import "ordinary/std.typ" as original; let alias = original; let std = alias; let box = (inner: std); (repr(alias), repr(std), box.inner.x, box.inner.twice(6)) }	Only this complete bilateral assertion/projection is closed; historical expected preservation is distinct from parity.	Equal complete language observation on same literal source/profile refutes this divergence; a different required owner refutes proposed causal scope.	NO_CHANGE_AUTHORIZED	supplement		00_nucleo/diagnosticos/p1322-sentinels-normal.json#p1306.positive-alias-shadow-nested
p1306.imported-nested	p1306.imported-nested	default,html,a11y,html+a11y	default:MATCH_DIAGNOSTIC;html:MATCH_DIAGNOSTIC;a11y:MATCH_DIAGNOSTIC;html+a11y:MATCH_DIAGNOSTIC	default:NOT_USED;html:NOT_USED;a11y:NOT_USED;html+a11y:NOT_USED	CLOSED_MEASURED_FUNCTIONAL_SENTINEL				{ import "routes/holder.typ" as holder; holder.saved.absent }	Only this complete bilateral assertion/projection is closed; historical expected preservation is distinct from parity.	Equal complete language observation on same literal source/profile refutes this divergence; a different required owner refutes proposed causal scope.	NO_CHANGE_AUTHORIZED	supplement		00_nucleo/diagnosticos/p1322-sentinels-normal.json#p1306.imported-nested
p1306.positive-imported-nested	p1306.positive-imported-nested	default,html,a11y,html+a11y	default:MATCH_VALUE;html:MATCH_VALUE;a11y:MATCH_VALUE;html+a11y:MATCH_VALUE	default:NOT_USED;html:NOT_USED;a11y:NOT_USED;html+a11y:NOT_USED	CLOSED_MEASURED_FUNCTIONAL_SENTINEL				{ import "routes/holder.typ" as holder; (repr(holder.saved), holder.saved.twice(11)) }	Only this complete bilateral assertion/projection is closed; historical expected preservation is distinct from parity.	Equal complete language observation on same literal source/profile refutes this divergence; a different required owner refutes proposed causal scope.	NO_CHANGE_AUTHORIZED	supplement		00_nucleo/diagnosticos/p1322-sentinels-normal.json#p1306.positive-imported-nested
p1306.imported-error	module.import-error-trace	default,html,a11y,html+a11y	default:DIFFERENT_DIAGNOSTIC;html:DIFFERENT_DIAGNOSTIC;a11y:DIFFERENT_DIAGNOSTIC;html+a11y:DIFFERENT_DIAGNOSTIC	default:NOT_USED;html:NOT_USED;a11y:NOT_USED;html+a11y:NOT_USED	OPEN_LANGUAGE_DIVERGENCE	00_nucleo/prompts/compiler/eval/modules.md	01_core/src/compiler/eval/modules.rs:177	lab/typst-original/crates/typst-eval/src/import.rs:82	{ import "routes/error.typ" as route; route.result }	Imported error is propagated without import trace; primary message/range already match.	Equal complete language observation on same literal source/profile refutes this divergence; a different required owner refutes proposed causal scope.	ADR0127_INTERNAL_PARITY_L0_FIRST_REVALIDATE	supplement	module-import-error-trace	00_nucleo/diagnosticos/p1322-sentinels-normal.json#p1306.imported-error
p1306.global	p1306.global	default,html,a11y,html+a11y	default:MATCH_DIAGNOSTIC;html:MATCH_DIAGNOSTIC;a11y:MATCH_DIAGNOSTIC;html+a11y:MATCH_DIAGNOSTIC	default:NOT_USED;html:NOT_USED;a11y:NOT_USED;html+a11y:NOT_USED	CLOSED_MEASURED_FUNCTIONAL_SENTINEL				std.nope	Only this complete bilateral assertion/projection is closed; historical expected preservation is distinct from parity.	Equal complete language observation on same literal source/profile refutes this divergence; a different required owner refutes proposed causal scope.	NO_CHANGE_AUTHORIZED	supplement		00_nucleo/diagnosticos/p1322-sentinels-normal.json#p1306.global
p1306.global-alias	p1306.global-alias	default,html,a11y,html+a11y	default:MATCH_DIAGNOSTIC;html:MATCH_DIAGNOSTIC;a11y:MATCH_DIAGNOSTIC;html+a11y:MATCH_DIAGNOSTIC	default:NOT_USED;html:NOT_USED;a11y:NOT_USED;html+a11y:NOT_USED	CLOSED_MEASURED_FUNCTIONAL_SENTINEL				{ let alias = std; alias.absent }	Only this complete bilateral assertion/projection is closed; historical expected preservation is distinct from parity.	Equal complete language observation on same literal source/profile refutes this divergence; a different required owner refutes proposed causal scope.	NO_CHANGE_AUTHORIZED	supplement		00_nucleo/diagnosticos/p1322-sentinels-normal.json#p1306.global-alias
p1306.global-renamed-import	p1306.global-renamed-import	default,html,a11y,html+a11y	default:MATCH_DIAGNOSTIC;html:MATCH_DIAGNOSTIC;a11y:MATCH_DIAGNOSTIC;html+a11y:MATCH_DIAGNOSTIC	default:NOT_USED;html:NOT_USED;a11y:NOT_USED;html+a11y:NOT_USED	CLOSED_MEASURED_FUNCTIONAL_SENTINEL				{ import std as renamed; renamed.nope }	Only this complete bilateral assertion/projection is closed; historical expected preservation is distinct from parity.	Equal complete language observation on same literal source/profile refutes this divergence; a different required owner refutes proposed causal scope.	NO_CHANGE_AUTHORIZED	supplement		00_nucleo/diagnosticos/p1322-sentinels-normal.json#p1306.global-renamed-import
p1306.global-line-column	p1306.global-line-column	default,html,a11y,html+a11y	default:MATCH_DIAGNOSTIC;html:MATCH_DIAGNOSTIC;a11y:MATCH_DIAGNOSTIC;html+a11y:MATCH_DIAGNOSTIC	default:NOT_USED;html:NOT_USED;a11y:NOT_USED;html+a11y:NOT_USED	CLOSED_MEASURED_FUNCTIONAL_SENTINEL				{  let alias = std;        alias.absent }	Only this complete bilateral assertion/projection is closed; historical expected preservation is distinct from parity.	Equal complete language observation on same literal source/profile refutes this divergence; a different required owner refutes proposed causal scope.	NO_CHANGE_AUTHORIZED	supplement		00_nucleo/diagnosticos/p1322-sentinels-normal.json#p1306.global-line-column
p1306.global-bare-positive	module.bare-import-warning	default,html,a11y,html+a11y	default:DIFFERENT_DIAGNOSTIC;html:DIFFERENT_DIAGNOSTIC;a11y:DIFFERENT_DIAGNOSTIC;html+a11y:DIFFERENT_DIAGNOSTIC	default:NOT_USED;html:NOT_USED;a11y:NOT_USED;html+a11y:NOT_USED	OPEN_LANGUAGE_DIVERGENCE	00_nucleo/prompts/compiler/eval/modules.md	01_core/src/compiler/eval/modules.rs:117	lab/typst-original/crates/typst-eval/src/import.rs:82	{ import std; (repr(std), std.calc.abs(-7)) }	Same semantic no-effect import warning through bare/alias routes; explicit scope-out, not new regression.	Equal complete language observation on same literal source/profile refutes this divergence; a different required owner refutes proposed causal scope.	ADR0127_INTERNAL_PARITY_L0_FIRST_REVALIDATE	supplement	module-bare-import-warning	00_nucleo/diagnosticos/p1322-sentinels-normal.json#p1306.global-bare-positive
p1306.global-bare-alias-positive	module.bare-import-warning	default,html,a11y,html+a11y	default:DIFFERENT_DIAGNOSTIC;html:DIFFERENT_DIAGNOSTIC;a11y:DIFFERENT_DIAGNOSTIC;html+a11y:DIFFERENT_DIAGNOSTIC	default:NOT_USED;html:NOT_USED;a11y:NOT_USED;html+a11y:NOT_USED	OPEN_LANGUAGE_DIVERGENCE	00_nucleo/prompts/compiler/eval/modules.md	01_core/src/compiler/eval/modules.rs:117	lab/typst-original/crates/typst-eval/src/import.rs:82	{ let named = std; import named; (repr(named), named.calc.abs(-8)) }	Same semantic no-effect import warning through bare/alias routes; explicit scope-out, not new regression.	Equal complete language observation on same literal source/profile refutes this divergence; a different required owner refutes proposed causal scope.	ADR0127_INTERNAL_PARITY_L0_FIRST_REVALIDATE	supplement	module-bare-import-warning	00_nucleo/diagnosticos/p1322-sentinels-normal.json#p1306.global-bare-alias-positive
p1306.global-import-forms	p1306.global-import-forms	default,html,a11y,html+a11y	default:MATCH_VALUE;html:MATCH_VALUE;a11y:MATCH_VALUE;html+a11y:MATCH_VALUE	default:NOT_USED;html:NOT_USED;a11y:NOT_USED;html+a11y:NOT_USED	CLOSED_MEASURED_FUNCTIONAL_SENTINEL				{ import (std) as chosen; import std: calc as c; (repr(chosen), c.abs(-9)) }	Only this complete bilateral assertion/projection is closed; historical expected preservation is distinct from parity.	Equal complete language observation on same literal source/profile refutes this divergence; a different required owner refutes proposed causal scope.	NO_CHANGE_AUTHORIZED	supplement		00_nucleo/diagnosticos/p1322-sentinels-normal.json#p1306.global-import-forms
p1306.builtin-calc	p1306.builtin-calc	default,html,a11y,html+a11y	default:MATCH_DIAGNOSTIC;html:MATCH_DIAGNOSTIC;a11y:MATCH_DIAGNOSTIC;html+a11y:MATCH_DIAGNOSTIC	default:NOT_USED;html:NOT_USED;a11y:NOT_USED;html+a11y:NOT_USED	CLOSED_MEASURED_FUNCTIONAL_SENTINEL				calc.absent	Only this complete bilateral assertion/projection is closed; historical expected preservation is distinct from parity.	Equal complete language observation on same literal source/profile refutes this divergence; a different required owner refutes proposed causal scope.	NO_CHANGE_AUTHORIZED	supplement		00_nucleo/diagnosticos/p1322-sentinels-normal.json#p1306.builtin-calc
p1306.builtin-sym	p1306.builtin-sym	default,html,a11y,html+a11y	default:MATCH_DIAGNOSTIC;html:MATCH_DIAGNOSTIC;a11y:MATCH_DIAGNOSTIC;html+a11y:MATCH_DIAGNOSTIC	default:NOT_USED;html:NOT_USED;a11y:NOT_USED;html+a11y:NOT_USED	CLOSED_MEASURED_FUNCTIONAL_SENTINEL				sym.absent	Only this complete bilateral assertion/projection is closed; historical expected preservation is distinct from parity.	Equal complete language observation on same literal source/profile refutes this divergence; a different required owner refutes proposed causal scope.	NO_CHANGE_AUTHORIZED	supplement		00_nucleo/diagnosticos/p1322-sentinels-normal.json#p1306.builtin-sym
p1306.builtin-map	p1306.builtin-map	default,html,a11y,html+a11y	default:MATCH_DIAGNOSTIC;html:MATCH_DIAGNOSTIC;a11y:MATCH_DIAGNOSTIC;html+a11y:MATCH_DIAGNOSTIC	default:NOT_USED;html:NOT_USED;a11y:NOT_USED;html+a11y:NOT_USED	CLOSED_MEASURED_FUNCTIONAL_SENTINEL				color.map.absent	Only this complete bilateral assertion/projection is closed; historical expected preservation is distinct from parity.	Equal complete language observation on same literal source/profile refutes this divergence; a different required owner refutes proposed causal scope.	NO_CHANGE_AUTHORIZED	supplement		00_nucleo/diagnosticos/p1322-sentinels-normal.json#p1306.builtin-map
p1306.existing-lookups	p1306.existing-lookups	default,html,a11y,html+a11y	default:MATCH_VALUE;html:MATCH_VALUE;a11y:MATCH_VALUE;html+a11y:MATCH_VALUE	default:NOT_USED;html:NOT_USED;a11y:NOT_USED;html+a11y:NOT_USED	CLOSED_MEASURED_FUNCTIONAL_SENTINEL				(repr(type(std.rgb)), calc.abs(-7), repr(type(sym.alpha)), repr(type(color.map.viridis)), repr(type(pdf.attach)), repr(type(pdf.artifact)))	Only this complete bilateral assertion/projection is closed; historical expected preservation is distinct from parity.	Equal complete language observation on same literal source/profile refutes this divergence; a different required owner refutes proposed causal scope.	NO_CHANGE_AUTHORIZED	supplement		00_nucleo/diagnosticos/p1322-sentinels-normal.json#p1306.existing-lookups
p1306.dictionary	dictionary.missing-field	default,html,a11y,html+a11y	default:DIFFERENT_DIAGNOSTIC;html:DIFFERENT_DIAGNOSTIC;a11y:DIFFERENT_DIAGNOSTIC;html+a11y:DIFFERENT_DIAGNOSTIC	default:NOT_USED;html:NOT_USED;a11y:NOT_USED;html+a11y:NOT_USED	OPEN_LANGUAGE_DIVERGENCE	00_nucleo/prompts/compiler/eval/bindings/field_access.md	01_core/src/compiler/eval/bindings/field_access.rs:271	lab/typst-original/crates/typst-eval/src/code.rs:347	repr(type((:).nope))	For Dict, Content and non-is-nan Float missing fields, identical primary messages already exist; owner chooses access.span instead of existing field span. No lookup behavior change is needed.	Equal complete language observation on same literal source/profile refutes this divergence; a different required owner refutes proposed causal scope.	ADR0127_INTERNAL_PARITY_L0_FIRST_RED_GREEN_REVALIDATE	supplement	nonmodule-field-span	00_nucleo/diagnosticos/p1322-sentinels-normal.json#p1306.dictionary
p1306.float	p1306.float	default,html,a11y,html+a11y	default:MATCH_DIAGNOSTIC;html:MATCH_DIAGNOSTIC;a11y:MATCH_DIAGNOSTIC;html+a11y:MATCH_DIAGNOSTIC	default:NOT_USED;html:NOT_USED;a11y:NOT_USED;html+a11y:NOT_USED	CLOSED_MEASURED_FUNCTIONAL_SENTINEL				repr(type(float("NaN").is-nan))	Only this complete bilateral assertion/projection is closed; historical expected preservation is distinct from parity.	Equal complete language observation on same literal source/profile refutes this divergence; a different required owner refutes proposed causal scope.	NO_CHANGE_AUTHORIZED	supplement		00_nucleo/diagnosticos/p1322-sentinels-normal.json#p1306.float
p1306.pdf-data-cell	p1306.pdf-data-cell	default,html,a11y,html+a11y	default:MATCH_DIAGNOSTIC;html:MATCH_DIAGNOSTIC;a11y:MATCH_VALUE;html+a11y:MATCH_VALUE	default:NOT_USED;html:NOT_USED;a11y:NOT_USED;html+a11y:NOT_USED	CLOSED_MEASURED_FUNCTIONAL_SENTINEL				repr(type(pdf.data-cell))	Only this complete bilateral assertion/projection is closed; historical expected preservation is distinct from parity.	Equal complete language observation on same literal source/profile refutes this divergence; a different required owner refutes proposed causal scope.	NO_CHANGE_AUTHORIZED	supplement		00_nucleo/diagnosticos/p1322-sentinels-normal.json#p1306.pdf-data-cell
p1306.pdf-header-cell	p1306.pdf-header-cell	default,html,a11y,html+a11y	default:MATCH_DIAGNOSTIC;html:MATCH_DIAGNOSTIC;a11y:MATCH_VALUE;html+a11y:MATCH_VALUE	default:NOT_USED;html:NOT_USED;a11y:NOT_USED;html+a11y:NOT_USED	CLOSED_MEASURED_FUNCTIONAL_SENTINEL				repr(type(pdf.header-cell))	Only this complete bilateral assertion/projection is closed; historical expected preservation is distinct from parity.	Equal complete language observation on same literal source/profile refutes this divergence; a different required owner refutes proposed causal scope.	NO_CHANGE_AUTHORIZED	supplement		00_nucleo/diagnosticos/p1322-sentinels-normal.json#p1306.pdf-header-cell
p1306.pdf-table-summary	p1306.pdf-table-summary	default,html,a11y,html+a11y	default:MATCH_DIAGNOSTIC;html:MATCH_DIAGNOSTIC;a11y:MATCH_VALUE;html+a11y:MATCH_VALUE	default:NOT_USED;html:NOT_USED;a11y:NOT_USED;html+a11y:NOT_USED	CLOSED_MEASURED_FUNCTIONAL_SENTINEL				repr(type(pdf.table-summary))	Only this complete bilateral assertion/projection is closed; historical expected preservation is distinct from parity.	Equal complete language observation on same literal source/profile refutes this divergence; a different required owner refutes proposed causal scope.	NO_CHANGE_AUTHORIZED	supplement		00_nucleo/diagnosticos/p1322-sentinels-normal.json#p1306.pdf-table-summary
p1306.repr-array-boundary	p1306.repr-array-boundary	default,html,a11y,html+a11y	default:MATCH_VALUE;html:MATCH_VALUE;a11y:MATCH_VALUE;html+a11y:MATCH_VALUE	default:NOT_USED;html:NOT_USED;a11y:NOT_USED;html+a11y:NOT_USED	CLOSED_MEASURED_FUNCTIONAL_SENTINEL				{ let a = range(41); (a.len(), a.at(40), repr(a)) }	Only this complete bilateral assertion/projection is closed; historical expected preservation is distinct from parity.	Equal complete language observation on same literal source/profile refutes this divergence; a different required owner refutes proposed causal scope.	NO_CHANGE_AUTHORIZED	supplement		00_nucleo/diagnosticos/p1322-sentinels-normal.json#p1306.repr-array-boundary
p1311.csv-encode	p1311.csv-encode	default,html,a11y,html+a11y	default:MATCH_DIAGNOSTIC;html:MATCH_DIAGNOSTIC;a11y:MATCH_DIAGNOSTIC;html+a11y:MATCH_DIAGNOSTIC	default:NOT_USED;html:NOT_USED;a11y:NOT_USED;html+a11y:NOT_USED	CLOSED_MEASURED_FUNCTIONAL_SENTINEL				csv.encode	Only this complete bilateral assertion/projection is closed; historical expected preservation is distinct from parity.	Equal complete language observation on same literal source/profile refutes this divergence; a different required owner refutes proposed causal scope.	NO_CHANGE_AUTHORIZED	supplement		00_nucleo/diagnosticos/p1322-sentinels-normal.json#p1311.csv-encode
p1311.read-encode	p1311.read-encode	default,html,a11y,html+a11y	default:MATCH_DIAGNOSTIC;html:MATCH_DIAGNOSTIC;a11y:MATCH_DIAGNOSTIC;html+a11y:MATCH_DIAGNOSTIC	default:NOT_USED;html:NOT_USED;a11y:NOT_USED;html+a11y:NOT_USED	CLOSED_MEASURED_FUNCTIONAL_SENTINEL				read.encode	Only this complete bilateral assertion/projection is closed; historical expected preservation is distinct from parity.	Equal complete language observation on same literal source/profile refutes this divergence; a different required owner refutes proposed causal scope.	NO_CHANGE_AUTHORIZED	supplement		00_nucleo/diagnosticos/p1322-sentinels-normal.json#p1311.read-encode
p1311.xml-encode	p1311.xml-encode	default,html,a11y,html+a11y	default:MATCH_DIAGNOSTIC;html:MATCH_DIAGNOSTIC;a11y:MATCH_DIAGNOSTIC;html+a11y:MATCH_DIAGNOSTIC	default:NOT_USED;html:NOT_USED;a11y:NOT_USED;html+a11y:NOT_USED	CLOSED_MEASURED_FUNCTIONAL_SENTINEL				xml.encode	Only this complete bilateral assertion/projection is closed; historical expected preservation is distinct from parity.	Equal complete language observation on same literal source/profile refutes this divergence; a different required owner refutes proposed causal scope.	NO_CHANGE_AUTHORIZED	supplement		00_nucleo/diagnosticos/p1322-sentinels-normal.json#p1311.xml-encode
p1311.csv-distinct	p1311.csv-distinct	default,html,a11y,html+a11y	default:MATCH_DIAGNOSTIC;html:MATCH_DIAGNOSTIC;a11y:MATCH_DIAGNOSTIC;html+a11y:MATCH_DIAGNOSTIC	default:NOT_USED;html:NOT_USED;a11y:NOT_USED;html+a11y:NOT_USED	CLOSED_MEASURED_FUNCTIONAL_SENTINEL				csv.missing-long-field	Only this complete bilateral assertion/projection is closed; historical expected preservation is distinct from parity.	Equal complete language observation on same literal source/profile refutes this divergence; a different required owner refutes proposed causal scope.	NO_CHANGE_AUTHORIZED	supplement		00_nucleo/diagnosticos/p1322-sentinels-normal.json#p1311.csv-distinct
p1311.read-alias	p1311.read-alias	default,html,a11y,html+a11y	default:MATCH_DIAGNOSTIC;html:MATCH_DIAGNOSTIC;a11y:MATCH_DIAGNOSTIC;html+a11y:MATCH_DIAGNOSTIC	default:NOT_USED;html:NOT_USED;a11y:NOT_USED;html+a11y:NOT_USED	CLOSED_MEASURED_FUNCTIONAL_SENTINEL				{ let file-reader = read; file-reader.absent }	Only this complete bilateral assertion/projection is closed; historical expected preservation is distinct from parity.	Equal complete language observation on same literal source/profile refutes this divergence; a different required owner refutes proposed causal scope.	NO_CHANGE_AUTHORIZED	supplement		00_nucleo/diagnosticos/p1322-sentinels-normal.json#p1311.read-alias
p1311.xml-multiline	p1311.xml-multiline	default,html,a11y,html+a11y	default:MATCH_DIAGNOSTIC;html:MATCH_DIAGNOSTIC;a11y:MATCH_DIAGNOSTIC;html+a11y:MATCH_DIAGNOSTIC	default:NOT_USED;html:NOT_USED;a11y:NOT_USED;html+a11y:NOT_USED	CLOSED_MEASURED_FUNCTIONAL_SENTINEL				{   let decoder = xml;   decoder.unavailable }	Only this complete bilateral assertion/projection is closed; historical expected preservation is distinct from parity.	Equal complete language observation on same literal source/profile refutes this divergence; a different required owner refutes proposed causal scope.	NO_CHANGE_AUTHORIZED	supplement		00_nucleo/diagnosticos/p1322-sentinels-normal.json#p1311.xml-multiline
p1311.csv-with	p1311.csv-with	default,html,a11y,html+a11y	default:MATCH_DIAGNOSTIC;html:MATCH_DIAGNOSTIC;a11y:MATCH_DIAGNOSTIC;html+a11y:MATCH_DIAGNOSTIC	default:NOT_USED;html:NOT_USED;a11y:NOT_USED;html+a11y:NOT_USED	CLOSED_MEASURED_FUNCTIONAL_SENTINEL				csv.with(delimiter: ";").encode	Only this complete bilateral assertion/projection is closed; historical expected preservation is distinct from parity.	Equal complete language observation on same literal source/profile refutes this divergence; a different required owner refutes proposed causal scope.	NO_CHANGE_AUTHORIZED	supplement		00_nucleo/diagnosticos/p1322-sentinels-normal.json#p1311.csv-with
p1311.read-nested-with	p1311.read-nested-with	default,html,a11y,html+a11y	default:MATCH_DIAGNOSTIC;html:MATCH_DIAGNOSTIC;a11y:MATCH_DIAGNOSTIC;html+a11y:MATCH_DIAGNOSTIC	default:NOT_USED;html:NOT_USED;a11y:NOT_USED;html+a11y:NOT_USED	CLOSED_MEASURED_FUNCTIONAL_SENTINEL				read.with(encoding: "utf8").with().ghost	Only this complete bilateral assertion/projection is closed; historical expected preservation is distinct from parity.	Equal complete language observation on same literal source/profile refutes this divergence; a different required owner refutes proposed causal scope.	NO_CHANGE_AUTHORIZED	supplement		00_nucleo/diagnosticos/p1322-sentinels-normal.json#p1311.read-nested-with
p1311.xml-nested-with	p1311.xml-nested-with	default,html,a11y,html+a11y	default:MATCH_DIAGNOSTIC;html:MATCH_DIAGNOSTIC;a11y:MATCH_DIAGNOSTIC;html+a11y:MATCH_DIAGNOSTIC	default:NOT_USED;html:NOT_USED;a11y:NOT_USED;html+a11y:NOT_USED	CLOSED_MEASURED_FUNCTIONAL_SENTINEL				{ let f = xml.with().with(); f.missing }	Only this complete bilateral assertion/projection is closed; historical expected preservation is distinct from parity.	Equal complete language observation on same literal source/profile refutes this divergence; a different required owner refutes proposed causal scope.	NO_CHANGE_AUTHORIZED	supplement		00_nucleo/diagnosticos/p1322-sentinels-normal.json#p1311.xml-nested-with
p1311.calc-abs	p1311.calc-abs	default,html,a11y,html+a11y	default:MATCH_DIAGNOSTIC;html:MATCH_DIAGNOSTIC;a11y:MATCH_DIAGNOSTIC;html+a11y:MATCH_DIAGNOSTIC	default:NOT_USED;html:NOT_USED;a11y:NOT_USED;html+a11y:NOT_USED	CLOSED_MEASURED_FUNCTIONAL_SENTINEL				calc.abs.nope	Only this complete bilateral assertion/projection is closed; historical expected preservation is distinct from parity.	Equal complete language observation on same literal source/profile refutes this divergence; a different required owner refutes proposed causal scope.	NO_CHANGE_AUTHORIZED	supplement		00_nucleo/diagnosticos/p1322-sentinels-normal.json#p1311.calc-abs
p1311.calc-abs-with	p1311.calc-abs-with	default,html,a11y,html+a11y	default:MATCH_DIAGNOSTIC;html:MATCH_DIAGNOSTIC;a11y:MATCH_DIAGNOSTIC;html+a11y:MATCH_DIAGNOSTIC	default:NOT_USED;html:NOT_USED;a11y:NOT_USED;html+a11y:NOT_USED	CLOSED_MEASURED_FUNCTIONAL_SENTINEL				calc.abs.with(-1).nope	Only this complete bilateral assertion/projection is closed; historical expected preservation is distinct from parity.	Equal complete language observation on same literal source/profile refutes this divergence; a different required owner refutes proposed causal scope.	NO_CHANGE_AUTHORIZED	supplement		00_nucleo/diagnosticos/p1322-sentinels-normal.json#p1311.calc-abs-with
p1311.calc-abs-alias	p1311.calc-abs-alias	default,html,a11y,html+a11y	default:MATCH_DIAGNOSTIC;html:MATCH_DIAGNOSTIC;a11y:MATCH_DIAGNOSTIC;html+a11y:MATCH_DIAGNOSTIC	default:NOT_USED;html:NOT_USED;a11y:NOT_USED;html+a11y:NOT_USED	CLOSED_MEASURED_FUNCTIONAL_SENTINEL				{ let csv = calc.abs; csv.missing-field }	Only this complete bilateral assertion/projection is closed; historical expected preservation is distinct from parity.	Equal complete language observation on same literal source/profile refutes this divergence; a different required owner refutes proposed causal scope.	NO_CHANGE_AUTHORIZED	supplement		00_nucleo/diagnosticos/p1322-sentinels-normal.json#p1311.calc-abs-alias
p1311.range	p1311.range	default,html,a11y,html+a11y	default:MATCH_DIAGNOSTIC;html:MATCH_DIAGNOSTIC;a11y:MATCH_DIAGNOSTIC;html+a11y:MATCH_DIAGNOSTIC	default:NOT_USED;html:NOT_USED;a11y:NOT_USED;html+a11y:NOT_USED	CLOSED_MEASURED_FUNCTIONAL_SENTINEL				range.nope	Only this complete bilateral assertion/projection is closed; historical expected preservation is distinct from parity.	Equal complete language observation on same literal source/profile refutes this divergence; a different required owner refutes proposed causal scope.	NO_CHANGE_AUTHORIZED	supplement		00_nucleo/diagnosticos/p1322-sentinels-normal.json#p1311.range
p1311.assert	assert	default,html,a11y,html+a11y	default:DIFFERENT_DIAGNOSTIC;html:DIFFERENT_DIAGNOSTIC;a11y:DIFFERENT_DIAGNOSTIC;html+a11y:DIFFERENT_DIAGNOSTIC	default:NOT_USED;html:NOT_USED;a11y:NOT_USED;html+a11y:NOT_USED	OPEN_LANGUAGE_DIVERGENCE	00_nucleo/prompts/compiler/eval/bindings/field_access.md	01_core/src/compiler/eval/bindings/field_access.rs:181;01_core/src/compiler/eval/bindings/field_access.rs:271;01_core/src/compiler/eval/bindings/field_access.rs:420;01_core/src/entities/func.rs:291;01_core/src/entities/func.rs:355	lab/typst-original/crates/typst-library/src/foundations/func.rs:291;lab/typst-original/crates/typst-eval/src/code.rs:347	assert.nope	Native/NativeWithEngine namespace Some missing-field branch omits public function name and uses legacy quote style; span chooser excludes this category. Existing Func name/With traversal and AST field span suffice in this one owner. Restrict to Some missing lookup; retain present lookup, Native None, Closure/Plugin/Element, Module/Dict/Type/Content/Float behavior.	Equal complete language observation on same literal source/profile refutes this divergence; a different required owner refutes proposed causal scope.	ADR0127_INTERNAL_PARITY_L0_FIRST_RED_GREEN_REVALIDATE	supplement	namespace-function-missing-field	00_nucleo/diagnosticos/p1322-sentinels-normal.json#p1311.assert
p1311.repr	p1311.repr	default,html,a11y,html+a11y	default:MATCH_DIAGNOSTIC;html:MATCH_DIAGNOSTIC;a11y:MATCH_DIAGNOSTIC;html+a11y:MATCH_DIAGNOSTIC	default:NOT_USED;html:NOT_USED;a11y:NOT_USED;html+a11y:NOT_USED	CLOSED_MEASURED_FUNCTIONAL_SENTINEL				repr.nope	Only this complete bilateral assertion/projection is closed; historical expected preservation is distinct from parity.	Equal complete language observation on same literal source/profile refutes this divergence; a different required owner refutes proposed causal scope.	NO_CHANGE_AUTHORIZED	supplement		00_nucleo/diagnosticos/p1322-sentinels-normal.json#p1311.repr
p1311.evaluate	p1311.evaluate	default,html,a11y,html+a11y	default:MATCH_DIAGNOSTIC;html:MATCH_DIAGNOSTIC;a11y:MATCH_DIAGNOSTIC;html+a11y:MATCH_DIAGNOSTIC	default:NOT_USED;html:NOT_USED;a11y:NOT_USED;html+a11y:NOT_USED	CLOSED_MEASURED_FUNCTIONAL_SENTINEL				eval.nope	Only this complete bilateral assertion/projection is closed; historical expected preservation is distinct from parity.	Equal complete language observation on same literal source/profile refutes this divergence; a different required owner refutes proposed causal scope.	NO_CHANGE_AUTHORIZED	supplement		00_nucleo/diagnosticos/p1322-sentinels-normal.json#p1311.evaluate
p1311.evaluate-inner	p1311.evaluate-inner	default,html,a11y,html+a11y	default:MATCH_DIAGNOSTIC;html:MATCH_DIAGNOSTIC;a11y:MATCH_DIAGNOSTIC;html+a11y:MATCH_DIAGNOSTIC	default:NOT_USED;html:NOT_USED;a11y:NOT_USED;html+a11y:NOT_USED	CLOSED_MEASURED_FUNCTIONAL_SENTINEL				eval("csv.encode")	Only this complete bilateral assertion/projection is closed; historical expected preservation is distinct from parity.	Equal complete language observation on same literal source/profile refutes this divergence; a different required owner refutes proposed causal scope.	NO_CHANGE_AUTHORIZED	supplement		00_nucleo/diagnosticos/p1322-sentinels-normal.json#p1311.evaluate-inner
p1311.evaluate-returned	p1311.evaluate-returned	default,html,a11y,html+a11y	default:MATCH_DIAGNOSTIC;html:MATCH_DIAGNOSTIC;a11y:MATCH_DIAGNOSTIC;html+a11y:MATCH_DIAGNOSTIC	default:NOT_USED;html:NOT_USED;a11y:NOT_USED;html+a11y:NOT_USED	CLOSED_MEASURED_FUNCTIONAL_SENTINEL				eval("read").encode	Only this complete bilateral assertion/projection is closed; historical expected preservation is distinct from parity.	Equal complete language observation on same literal source/profile refutes this divergence; a different required owner refutes proposed causal scope.	NO_CHANGE_AUTHORIZED	supplement		00_nucleo/diagnosticos/p1322-sentinels-normal.json#p1311.evaluate-returned
p1311.array-store	p1311.array-store	default,html,a11y,html+a11y	default:MATCH_DIAGNOSTIC;html:MATCH_DIAGNOSTIC;a11y:MATCH_DIAGNOSTIC;html+a11y:MATCH_DIAGNOSTIC	default:NOT_USED;html:NOT_USED;a11y:NOT_USED;html+a11y:NOT_USED	CLOSED_MEASURED_FUNCTIONAL_SENTINEL				(xml,).first().encode	Only this complete bilateral assertion/projection is closed; historical expected preservation is distinct from parity.	Equal complete language observation on same literal source/profile refutes this divergence; a different required owner refutes proposed causal scope.	NO_CHANGE_AUTHORIZED	supplement		00_nucleo/diagnosticos/p1322-sentinels-normal.json#p1311.array-store
p1311.dict-store	p1311.dict-store	default,html,a11y,html+a11y	default:MATCH_DIAGNOSTIC;html:MATCH_DIAGNOSTIC;a11y:MATCH_DIAGNOSTIC;html+a11y:MATCH_DIAGNOSTIC	default:NOT_USED;html:NOT_USED;a11y:NOT_USED;html+a11y:NOT_USED	CLOSED_MEASURED_FUNCTIONAL_SENTINEL				(loader: csv).loader.encode	Only this complete bilateral assertion/projection is closed; historical expected preservation is distinct from parity.	Equal complete language observation on same literal source/profile refutes this divergence; a different required owner refutes proposed causal scope.	NO_CHANGE_AUTHORIZED	supplement		00_nucleo/diagnosticos/p1322-sentinels-normal.json#p1311.dict-store
p1311.csv-callee	p1311.csv-callee	default,html,a11y,html+a11y	default:MATCH_DIAGNOSTIC;html:MATCH_DIAGNOSTIC;a11y:MATCH_DIAGNOSTIC;html+a11y:MATCH_DIAGNOSTIC	default:NOT_USED;html:NOT_USED;a11y:NOT_USED;html+a11y:NOT_USED	CLOSED_MEASURED_FUNCTIONAL_SENTINEL				csv.encode(1)	Only this complete bilateral assertion/projection is closed; historical expected preservation is distinct from parity.	Equal complete language observation on same literal source/profile refutes this divergence; a different required owner refutes proposed causal scope.	NO_CHANGE_AUTHORIZED	supplement		00_nucleo/diagnosticos/p1322-sentinels-normal.json#p1311.csv-callee
p1311.read-callee	p1311.read-callee	default,html,a11y,html+a11y	default:MATCH_DIAGNOSTIC;html:MATCH_DIAGNOSTIC;a11y:MATCH_DIAGNOSTIC;html+a11y:MATCH_DIAGNOSTIC	default:NOT_USED;html:NOT_USED;a11y:NOT_USED;html+a11y:NOT_USED	CLOSED_MEASURED_FUNCTIONAL_SENTINEL				read.nope()	Only this complete bilateral assertion/projection is closed; historical expected preservation is distinct from parity.	Equal complete language observation on same literal source/profile refutes this divergence; a different required owner refutes proposed causal scope.	NO_CHANGE_AUTHORIZED	supplement		00_nucleo/diagnosticos/p1322-sentinels-normal.json#p1311.read-callee
p1311.csv-alias-callee	p1311.csv-alias-callee	default,html,a11y,html+a11y	default:MATCH_DIAGNOSTIC;html:MATCH_DIAGNOSTIC;a11y:MATCH_DIAGNOSTIC;html+a11y:MATCH_DIAGNOSTIC	default:NOT_USED;html:NOT_USED;a11y:NOT_USED;html+a11y:NOT_USED	CLOSED_MEASURED_FUNCTIONAL_SENTINEL				{ let f = csv; f.encode(1) }	Only this complete bilateral assertion/projection is closed; historical expected preservation is distinct from parity.	Equal complete language observation on same literal source/profile refutes this divergence; a different required owner refutes proposed causal scope.	NO_CHANGE_AUTHORIZED	supplement		00_nucleo/diagnosticos/p1322-sentinels-normal.json#p1311.csv-alias-callee
p1311.json-missing	json	default,html,a11y,html+a11y	default:DIFFERENT_DIAGNOSTIC;html:DIFFERENT_DIAGNOSTIC;a11y:DIFFERENT_DIAGNOSTIC;html+a11y:DIFFERENT_DIAGNOSTIC	default:NOT_USED;html:NOT_USED;a11y:NOT_USED;html+a11y:NOT_USED	OPEN_LANGUAGE_DIVERGENCE	00_nucleo/prompts/compiler/eval/bindings/field_access.md	01_core/src/compiler/eval/bindings/field_access.rs:181;01_core/src/compiler/eval/bindings/field_access.rs:271;01_core/src/compiler/eval/bindings/field_access.rs:420;01_core/src/entities/func.rs:291;01_core/src/entities/func.rs:355	lab/typst-original/crates/typst-library/src/foundations/func.rs:291;lab/typst-original/crates/typst-eval/src/code.rs:347	json.nope	Native/NativeWithEngine namespace Some missing-field branch omits public function name and uses legacy quote style; span chooser excludes this category. Existing Func name/With traversal and AST field span suffice in this one owner. Restrict to Some missing lookup; retain present lookup, Native None, Closure/Plugin/Element, Module/Dict/Type/Content/Float behavior.	Equal complete language observation on same literal source/profile refutes this divergence; a different required owner refutes proposed causal scope.	ADR0127_INTERNAL_PARITY_L0_FIRST_RED_GREEN_REVALIDATE	supplement	namespace-function-missing-field	00_nucleo/diagnosticos/p1322-sentinels-normal.json#p1311.json-missing
p1311.yaml-missing	yaml	default,html,a11y,html+a11y	default:DIFFERENT_DIAGNOSTIC;html:DIFFERENT_DIAGNOSTIC;a11y:DIFFERENT_DIAGNOSTIC;html+a11y:DIFFERENT_DIAGNOSTIC	default:NOT_USED;html:NOT_USED;a11y:NOT_USED;html+a11y:NOT_USED	OPEN_LANGUAGE_DIVERGENCE	00_nucleo/prompts/compiler/eval/bindings/field_access.md	01_core/src/compiler/eval/bindings/field_access.rs:181;01_core/src/compiler/eval/bindings/field_access.rs:271;01_core/src/compiler/eval/bindings/field_access.rs:420;01_core/src/entities/func.rs:291;01_core/src/entities/func.rs:355	lab/typst-original/crates/typst-library/src/foundations/func.rs:291;lab/typst-original/crates/typst-eval/src/code.rs:347	yaml.nope	Native/NativeWithEngine namespace Some missing-field branch omits public function name and uses legacy quote style; span chooser excludes this category. Existing Func name/With traversal and AST field span suffice in this one owner. Restrict to Some missing lookup; retain present lookup, Native None, Closure/Plugin/Element, Module/Dict/Type/Content/Float behavior.	Equal complete language observation on same literal source/profile refutes this divergence; a different required owner refutes proposed causal scope.	ADR0127_INTERNAL_PARITY_L0_FIRST_RED_GREEN_REVALIDATE	supplement	namespace-function-missing-field	00_nucleo/diagnosticos/p1322-sentinels-normal.json#p1311.yaml-missing
p1311.toml-missing	toml	default,html,a11y,html+a11y	default:DIFFERENT_DIAGNOSTIC;html:DIFFERENT_DIAGNOSTIC;a11y:DIFFERENT_DIAGNOSTIC;html+a11y:DIFFERENT_DIAGNOSTIC	default:NOT_USED;html:NOT_USED;a11y:NOT_USED;html+a11y:NOT_USED	OPEN_LANGUAGE_DIVERGENCE	00_nucleo/prompts/compiler/eval/bindings/field_access.md	01_core/src/compiler/eval/bindings/field_access.rs:181;01_core/src/compiler/eval/bindings/field_access.rs:271;01_core/src/compiler/eval/bindings/field_access.rs:420;01_core/src/entities/func.rs:291;01_core/src/entities/func.rs:355	lab/typst-original/crates/typst-library/src/foundations/func.rs:291;lab/typst-original/crates/typst-eval/src/code.rs:347	toml.nope	Native/NativeWithEngine namespace Some missing-field branch omits public function name and uses legacy quote style; span chooser excludes this category. Existing Func name/With traversal and AST field span suffice in this one owner. Restrict to Some missing lookup; retain present lookup, Native None, Closure/Plugin/Element, Module/Dict/Type/Content/Float behavior.	Equal complete language observation on same literal source/profile refutes this divergence; a different required owner refutes proposed causal scope.	ADR0127_INTERNAL_PARITY_L0_FIRST_RED_GREEN_REVALIDATE	supplement	namespace-function-missing-field	00_nucleo/diagnosticos/p1322-sentinels-normal.json#p1311.toml-missing
p1311.cbor-missing	cbor	default,html,a11y,html+a11y	default:DIFFERENT_DIAGNOSTIC;html:DIFFERENT_DIAGNOSTIC;a11y:DIFFERENT_DIAGNOSTIC;html+a11y:DIFFERENT_DIAGNOSTIC	default:NOT_USED;html:NOT_USED;a11y:NOT_USED;html+a11y:NOT_USED	OPEN_LANGUAGE_DIVERGENCE	00_nucleo/prompts/compiler/eval/bindings/field_access.md	01_core/src/compiler/eval/bindings/field_access.rs:181;01_core/src/compiler/eval/bindings/field_access.rs:271;01_core/src/compiler/eval/bindings/field_access.rs:420;01_core/src/entities/func.rs:291;01_core/src/entities/func.rs:355	lab/typst-original/crates/typst-library/src/foundations/func.rs:291;lab/typst-original/crates/typst-eval/src/code.rs:347	cbor.nope	Native/NativeWithEngine namespace Some missing-field branch omits public function name and uses legacy quote style; span chooser excludes this category. Existing Func name/With traversal and AST field span suffice in this one owner. Restrict to Some missing lookup; retain present lookup, Native None, Closure/Plugin/Element, Module/Dict/Type/Content/Float behavior.	Equal complete language observation on same literal source/profile refutes this divergence; a different required owner refutes proposed causal scope.	ADR0127_INTERNAL_PARITY_L0_FIRST_RED_GREEN_REVALIDATE	supplement	namespace-function-missing-field	00_nucleo/diagnosticos/p1322-sentinels-normal.json#p1311.cbor-missing
p1311.json-with-missing	json	default,html,a11y,html+a11y	default:DIFFERENT_DIAGNOSTIC;html:DIFFERENT_DIAGNOSTIC;a11y:DIFFERENT_DIAGNOSTIC;html+a11y:DIFFERENT_DIAGNOSTIC	default:NOT_USED;html:NOT_USED;a11y:NOT_USED;html+a11y:NOT_USED	OPEN_LANGUAGE_DIVERGENCE	00_nucleo/prompts/compiler/eval/bindings/field_access.md	01_core/src/compiler/eval/bindings/field_access.rs:181;01_core/src/compiler/eval/bindings/field_access.rs:271;01_core/src/compiler/eval/bindings/field_access.rs:420;01_core/src/entities/func.rs:291;01_core/src/entities/func.rs:355	lab/typst-original/crates/typst-library/src/foundations/func.rs:291;lab/typst-original/crates/typst-eval/src/code.rs:347	json.with().nope	Native/NativeWithEngine namespace Some missing-field branch omits public function name and uses legacy quote style; span chooser excludes this category. Existing Func name/With traversal and AST field span suffice in this one owner. Restrict to Some missing lookup; retain present lookup, Native None, Closure/Plugin/Element, Module/Dict/Type/Content/Float behavior.	Equal complete language observation on same literal source/profile refutes this divergence; a different required owner refutes proposed causal scope.	ADR0127_INTERNAL_PARITY_L0_FIRST_RED_GREEN_REVALIDATE	supplement	namespace-function-missing-field	00_nucleo/diagnosticos/p1322-sentinels-normal.json#p1311.json-with-missing
p1311.table-missing	table	default,html,a11y,html+a11y	default:DIFFERENT_DIAGNOSTIC;html:DIFFERENT_DIAGNOSTIC;a11y:DIFFERENT_DIAGNOSTIC;html+a11y:DIFFERENT_DIAGNOSTIC	default:NOT_USED;html:NOT_USED;a11y:NOT_USED;html+a11y:NOT_USED	OPEN_LANGUAGE_DIVERGENCE	00_nucleo/prompts/compiler/eval/bindings/field_access.md	01_core/src/compiler/eval/bindings/field_access.rs:181;01_core/src/compiler/eval/bindings/field_access.rs:271;01_core/src/compiler/eval/bindings/field_access.rs:420;01_core/src/entities/func.rs:291;01_core/src/entities/func.rs:355	lab/typst-original/crates/typst-library/src/foundations/func.rs:291;lab/typst-original/crates/typst-eval/src/code.rs:347	table.nope	Native/NativeWithEngine namespace Some missing-field branch omits public function name and uses legacy quote style; span chooser excludes this category. Existing Func name/With traversal and AST field span suffice in this one owner. Restrict to Some missing lookup; retain present lookup, Native None, Closure/Plugin/Element, Module/Dict/Type/Content/Float behavior.	Equal complete language observation on same literal source/profile refutes this divergence; a different required owner refutes proposed causal scope.	ADR0127_INTERNAL_PARITY_L0_FIRST_RED_GREEN_REVALIDATE	supplement	namespace-function-missing-field	00_nucleo/diagnosticos/p1322-sentinels-normal.json#p1311.table-missing
p1311.text-missing	p1311.text-missing	default,html,a11y,html+a11y	default:MATCH_DIAGNOSTIC;html:MATCH_DIAGNOSTIC;a11y:MATCH_DIAGNOSTIC;html+a11y:MATCH_DIAGNOSTIC	default:NOT_USED;html:NOT_USED;a11y:NOT_USED;html+a11y:NOT_USED	CLOSED_MEASURED_FUNCTIONAL_SENTINEL				text.nope	Only this complete bilateral assertion/projection is closed; historical expected preservation is distinct from parity.	Equal complete language observation on same literal source/profile refutes this divergence; a different required owner refutes proposed causal scope.	NO_CHANGE_AUTHORIZED	supplement		00_nucleo/diagnosticos/p1322-sentinels-normal.json#p1311.text-missing
p1311.text-with-missing	p1311.text-with-missing	default,html,a11y,html+a11y	default:MATCH_DIAGNOSTIC;html:MATCH_DIAGNOSTIC;a11y:MATCH_DIAGNOSTIC;html+a11y:MATCH_DIAGNOSTIC	default:NOT_USED;html:NOT_USED;a11y:NOT_USED;html+a11y:NOT_USED	CLOSED_MEASURED_FUNCTIONAL_SENTINEL				text.with(size: 9pt).nope	Only this complete bilateral assertion/projection is closed; historical expected preservation is distinct from parity.	Equal complete language observation on same literal source/profile refutes this divergence; a different required owner refutes proposed causal scope.	NO_CHANGE_AUTHORIZED	supplement		00_nucleo/diagnosticos/p1322-sentinels-normal.json#p1311.text-with-missing
p1311.closure	closure.missing-field	default,html,a11y,html+a11y	default:DIFFERENT_DIAGNOSTIC;html:DIFFERENT_DIAGNOSTIC;a11y:DIFFERENT_DIAGNOSTIC;html+a11y:DIFFERENT_DIAGNOSTIC	default:NOT_USED;html:NOT_USED;a11y:NOT_USED;html+a11y:NOT_USED	OPEN_LANGUAGE_DIVERGENCE	00_nucleo/prompts/compiler/eval/bindings/field_access.md	01_core/src/compiler/eval/bindings/field_access.rs:181;01_core/src/compiler/eval/bindings/field_access.rs:427	lab/typst-original/crates/typst-library/src/foundations/func.rs:297	(x => x).nope	Namespace None for closure/With uses generic type-function message and aggregate field span. Existing FuncRepr categories and field span identify this separate category.	Equal complete language observation on same literal source/profile refutes this divergence; a different required owner refutes proposed causal scope.	ADR0127_INTERNAL_PARITY_L0_FIRST_RED_GREEN_REVALIDATE	supplement	closure-missing-field-diagnostic	00_nucleo/diagnosticos/p1322-sentinels-normal.json#p1311.closure
p1311.closure-with	closure.missing-field	default,html,a11y,html+a11y	default:DIFFERENT_DIAGNOSTIC;html:DIFFERENT_DIAGNOSTIC;a11y:DIFFERENT_DIAGNOSTIC;html+a11y:DIFFERENT_DIAGNOSTIC	default:NOT_USED;html:NOT_USED;a11y:NOT_USED;html+a11y:NOT_USED	OPEN_LANGUAGE_DIVERGENCE	00_nucleo/prompts/compiler/eval/bindings/field_access.md	01_core/src/compiler/eval/bindings/field_access.rs:181;01_core/src/compiler/eval/bindings/field_access.rs:427	lab/typst-original/crates/typst-library/src/foundations/func.rs:297	(x => x).with(1).nope	Namespace None for closure/With uses generic type-function message and aggregate field span. Existing FuncRepr categories and field span identify this separate category.	Equal complete language observation on same literal source/profile refutes this divergence; a different required owner refutes proposed causal scope.	ADR0127_INTERNAL_PARITY_L0_FIRST_RED_GREEN_REVALIDATE	supplement	closure-missing-field-diagnostic	00_nucleo/diagnosticos/p1322-sentinels-normal.json#p1311.closure-with
p1311.named-closure	closure.missing-field	default,html,a11y,html+a11y	default:DIFFERENT_DIAGNOSTIC;html:DIFFERENT_DIAGNOSTIC;a11y:DIFFERENT_DIAGNOSTIC;html+a11y:DIFFERENT_DIAGNOSTIC	default:NOT_USED;html:NOT_USED;a11y:NOT_USED;html+a11y:NOT_USED	OPEN_LANGUAGE_DIVERGENCE	00_nucleo/prompts/compiler/eval/bindings/field_access.md	01_core/src/compiler/eval/bindings/field_access.rs:181;01_core/src/compiler/eval/bindings/field_access.rs:427	lab/typst-original/crates/typst-library/src/foundations/func.rs:297	{ let csv(x) = x; csv.encode }	Namespace None for closure/With uses generic type-function message and aggregate field span. Existing FuncRepr categories and field span identify this separate category.	Equal complete language observation on same literal source/profile refutes this divergence; a different required owner refutes proposed causal scope.	ADR0127_INTERNAL_PARITY_L0_FIRST_RED_GREEN_REVALIDATE	supplement	closure-missing-field-diagnostic	00_nucleo/diagnosticos/p1322-sentinels-normal.json#p1311.named-closure
p1311.named-closure-nested-with	closure.missing-field	default,html,a11y,html+a11y	default:DIFFERENT_DIAGNOSTIC;html:DIFFERENT_DIAGNOSTIC;a11y:DIFFERENT_DIAGNOSTIC;html+a11y:DIFFERENT_DIAGNOSTIC	default:NOT_USED;html:NOT_USED;a11y:NOT_USED;html+a11y:NOT_USED	OPEN_LANGUAGE_DIVERGENCE	00_nucleo/prompts/compiler/eval/bindings/field_access.md	01_core/src/compiler/eval/bindings/field_access.rs:181;01_core/src/compiler/eval/bindings/field_access.rs:427	lab/typst-original/crates/typst-library/src/foundations/func.rs:297	{ let read(x) = x; read.with(1).with().nope }	Namespace None for closure/With uses generic type-function message and aggregate field span. Existing FuncRepr categories and field span identify this separate category.	Equal complete language observation on same literal source/profile refutes this divergence; a different required owner refutes proposed causal scope.	ADR0127_INTERNAL_PARITY_L0_FIRST_RED_GREEN_REVALIDATE	supplement	closure-missing-field-diagnostic	00_nucleo/diagnosticos/p1322-sentinels-normal.json#p1311.named-closure-nested-with
p1311.global	p1311.global	default,html,a11y,html+a11y	default:MATCH_DIAGNOSTIC;html:MATCH_DIAGNOSTIC;a11y:MATCH_DIAGNOSTIC;html+a11y:MATCH_DIAGNOSTIC	default:NOT_USED;html:NOT_USED;a11y:NOT_USED;html+a11y:NOT_USED	CLOSED_MEASURED_FUNCTIONAL_SENTINEL				std.missing	Only this complete bilateral assertion/projection is closed; historical expected preservation is distinct from parity.	Equal complete language observation on same literal source/profile refutes this divergence; a different required owner refutes proposed causal scope.	NO_CHANGE_AUTHORIZED	supplement		00_nucleo/diagnosticos/p1322-sentinels-normal.json#p1311.global
p1311.calc	p1311.calc	default,html,a11y,html+a11y	default:MATCH_DIAGNOSTIC;html:MATCH_DIAGNOSTIC;a11y:MATCH_DIAGNOSTIC;html+a11y:MATCH_DIAGNOSTIC	default:NOT_USED;html:NOT_USED;a11y:NOT_USED;html+a11y:NOT_USED	CLOSED_MEASURED_FUNCTIONAL_SENTINEL				calc.missing	Only this complete bilateral assertion/projection is closed; historical expected preservation is distinct from parity.	Equal complete language observation on same literal source/profile refutes this divergence; a different required owner refutes proposed causal scope.	NO_CHANGE_AUTHORIZED	supplement		00_nucleo/diagnosticos/p1322-sentinels-normal.json#p1311.calc
p1311.dictionary	dictionary.missing-field	default,html,a11y,html+a11y	default:DIFFERENT_DIAGNOSTIC;html:DIFFERENT_DIAGNOSTIC;a11y:DIFFERENT_DIAGNOSTIC;html+a11y:DIFFERENT_DIAGNOSTIC	default:NOT_USED;html:NOT_USED;a11y:NOT_USED;html+a11y:NOT_USED	OPEN_LANGUAGE_DIVERGENCE	00_nucleo/prompts/compiler/eval/bindings/field_access.md	01_core/src/compiler/eval/bindings/field_access.rs:271	lab/typst-original/crates/typst-eval/src/code.rs:347	(present: 1).missing	For Dict, Content and non-is-nan Float missing fields, identical primary messages already exist; owner chooses access.span instead of existing field span. No lookup behavior change is needed.	Equal complete language observation on same literal source/profile refutes this divergence; a different required owner refutes proposed causal scope.	ADR0127_INTERNAL_PARITY_L0_FIRST_RED_GREEN_REVALIDATE	supplement	nonmodule-field-span	00_nucleo/diagnosticos/p1322-sentinels-normal.json#p1311.dictionary
p1311.type	int.missing-field	default,html,a11y,html+a11y	default:DIFFERENT_DIAGNOSTIC;html:DIFFERENT_DIAGNOSTIC;a11y:DIFFERENT_DIAGNOSTIC;html+a11y:DIFFERENT_DIAGNOSTIC	default:NOT_USED;html:NOT_USED;a11y:NOT_USED;html+a11y:NOT_USED	OPEN_LANGUAGE_DIVERGENCE	00_nucleo/prompts/compiler/eval/bindings/field_access.md	01_core/src/compiler/eval/bindings/field_access.rs:437	lab/typst-original/crates/typst-library/src/foundations/ty.rs:1	int.missing	Type field fallback uses internal int name and legacy quotes plus aggregate span. Full formatter/category scope not demonstrated.	Equal complete language observation on same literal source/profile refutes this divergence; a different required owner refutes proposed causal scope.	ADR0127_INTERNAL_PARITY_L0_FIRST_RED_GREEN_REVALIDATE	supplement	type-field-diagnostic	00_nucleo/diagnosticos/p1322-sentinels-normal.json#p1311.type
p1311.content	content.missing-field	default,html,a11y,html+a11y	default:DIFFERENT_DIAGNOSTIC;html:DIFFERENT_DIAGNOSTIC;a11y:DIFFERENT_DIAGNOSTIC;html+a11y:DIFFERENT_DIAGNOSTIC	default:NOT_USED;html:NOT_USED;a11y:NOT_USED;html+a11y:NOT_USED	OPEN_LANGUAGE_DIVERGENCE	00_nucleo/prompts/compiler/eval/bindings/field_access.md	01_core/src/compiler/eval/bindings/field_access.rs:271	lab/typst-original/crates/typst-eval/src/code.rs:347	strong[hello].missing	For Dict, Content and non-is-nan Float missing fields, identical primary messages already exist; owner chooses access.span instead of existing field span. No lookup behavior change is needed.	Equal complete language observation on same literal source/profile refutes this divergence; a different required owner refutes proposed causal scope.	ADR0127_INTERNAL_PARITY_L0_FIRST_RED_GREEN_REVALIDATE	supplement	nonmodule-field-span	00_nucleo/diagnosticos/p1322-sentinels-normal.json#p1311.content
p1311.float-is-nan	p1311.float-is-nan	default,html,a11y,html+a11y	default:MATCH_DIAGNOSTIC;html:MATCH_DIAGNOSTIC;a11y:MATCH_DIAGNOSTIC;html+a11y:MATCH_DIAGNOSTIC	default:NOT_USED;html:NOT_USED;a11y:NOT_USED;html+a11y:NOT_USED	CLOSED_MEASURED_FUNCTIONAL_SENTINEL				float("NaN").is-nan	Only this complete bilateral assertion/projection is closed; historical expected preservation is distinct from parity.	Equal complete language observation on same literal source/profile refutes this divergence; a different required owner refutes proposed causal scope.	NO_CHANGE_AUTHORIZED	supplement		00_nucleo/diagnosticos/p1322-sentinels-normal.json#p1311.float-is-nan
p1311.float-other	float.missing-field	default,html,a11y,html+a11y	default:DIFFERENT_DIAGNOSTIC;html:DIFFERENT_DIAGNOSTIC;a11y:DIFFERENT_DIAGNOSTIC;html+a11y:DIFFERENT_DIAGNOSTIC	default:NOT_USED;html:NOT_USED;a11y:NOT_USED;html+a11y:NOT_USED	OPEN_LANGUAGE_DIVERGENCE	00_nucleo/prompts/compiler/eval/bindings/field_access.md	01_core/src/compiler/eval/bindings/field_access.rs:271	lab/typst-original/crates/typst-eval/src/code.rs:347	(1.0).missing	For Dict, Content and non-is-nan Float missing fields, identical primary messages already exist; owner chooses access.span instead of existing field span. No lookup behavior change is needed.	Equal complete language observation on same literal source/profile refutes this divergence; a different required owner refutes proposed causal scope.	ADR0127_INTERNAL_PARITY_L0_FIRST_RED_GREEN_REVALIDATE	supplement	nonmodule-field-span	00_nucleo/diagnosticos/p1322-sentinels-normal.json#p1311.float-other
p1311.pdf-data	p1311.pdf-data	default,html,a11y,html+a11y	default:MATCH_DIAGNOSTIC;html:MATCH_DIAGNOSTIC;a11y:MATCH_VALUE;html+a11y:MATCH_VALUE	default:NOT_USED;html:NOT_USED;a11y:NOT_USED;html+a11y:NOT_USED	CLOSED_MEASURED_FUNCTIONAL_SENTINEL				repr(pdf.data-cell)	Only this complete bilateral assertion/projection is closed; historical expected preservation is distinct from parity.	Equal complete language observation on same literal source/profile refutes this divergence; a different required owner refutes proposed causal scope.	NO_CHANGE_AUTHORIZED	supplement		00_nucleo/diagnosticos/p1322-sentinels-normal.json#p1311.pdf-data
p1311.pdf-header	p1311.pdf-header	default,html,a11y,html+a11y	default:MATCH_DIAGNOSTIC;html:MATCH_DIAGNOSTIC;a11y:MATCH_VALUE;html+a11y:MATCH_VALUE	default:NOT_USED;html:NOT_USED;a11y:NOT_USED;html+a11y:NOT_USED	CLOSED_MEASURED_FUNCTIONAL_SENTINEL				repr(pdf.header-cell)	Only this complete bilateral assertion/projection is closed; historical expected preservation is distinct from parity.	Equal complete language observation on same literal source/profile refutes this divergence; a different required owner refutes proposed causal scope.	NO_CHANGE_AUTHORIZED	supplement		00_nucleo/diagnosticos/p1322-sentinels-normal.json#p1311.pdf-header
p1311.pdf-summary	p1311.pdf-summary	default,html,a11y,html+a11y	default:MATCH_DIAGNOSTIC;html:MATCH_DIAGNOSTIC;a11y:MATCH_VALUE;html+a11y:MATCH_VALUE	default:NOT_USED;html:NOT_USED;a11y:NOT_USED;html+a11y:NOT_USED	CLOSED_MEASURED_FUNCTIONAL_SENTINEL				repr(pdf.table-summary)	Only this complete bilateral assertion/projection is closed; historical expected preservation is distinct from parity.	Equal complete language observation on same literal source/profile refutes this divergence; a different required owner refutes proposed causal scope.	NO_CHANGE_AUTHORIZED	supplement		00_nucleo/diagnosticos/p1322-sentinels-normal.json#p1311.pdf-summary
p1311.metadata	p1311.metadata	default,html,a11y,html+a11y	default:MATCH_VALUE;html:MATCH_VALUE;a11y:MATCH_VALUE;html+a11y:MATCH_VALUE	default:NOT_USED;html:NOT_USED;a11y:NOT_USED;html+a11y:NOT_USED	CLOSED_MEASURED_FUNCTIONAL_SENTINEL				(repr(type(csv)), repr(csv), repr(read), repr(xml))	Only this complete bilateral assertion/projection is closed; historical expected preservation is distinct from parity.	Equal complete language observation on same literal source/profile refutes this divergence; a different required owner refutes proposed causal scope.	NO_CHANGE_AUTHORIZED	supplement		00_nucleo/diagnosticos/p1322-sentinels-normal.json#p1311.metadata
p1311.with-success	p1311.with-success	default,html,a11y,html+a11y	default:MATCH_VALUE;html:MATCH_VALUE;a11y:MATCH_VALUE;html+a11y:MATCH_VALUE	default:NOT_USED;html:NOT_USED;a11y:NOT_USED;html+a11y:NOT_USED	CLOSED_MEASURED_FUNCTIONAL_SENTINEL				calc.abs.with(-3)()	Only this complete bilateral assertion/projection is closed; historical expected preservation is distinct from parity.	Equal complete language observation on same literal source/profile refutes this divergence; a different required owner refutes proposed causal scope.	NO_CHANGE_AUTHORIZED	supplement		00_nucleo/diagnosticos/p1322-sentinels-normal.json#p1311.with-success
p1311.json-success	p1311.json-success	default,html,a11y,html+a11y	default:MATCH_VALUE;html:MATCH_VALUE;a11y:MATCH_VALUE;html+a11y:MATCH_VALUE	default:NOT_USED;html:NOT_USED;a11y:NOT_USED;html+a11y:NOT_USED	CLOSED_MEASURED_FUNCTIONAL_SENTINEL				json.encode((a: 1))	Only this complete bilateral assertion/projection is closed; historical expected preservation is distinct from parity.	Equal complete language observation on same literal source/profile refutes this divergence; a different required owner refutes proposed causal scope.	NO_CHANGE_AUTHORIZED	supplement		00_nucleo/diagnosticos/p1322-sentinels-normal.json#p1311.json-success
p1311.yaml-success	p1311.yaml-success	default,html,a11y,html+a11y	default:MATCH_VALUE;html:MATCH_VALUE;a11y:MATCH_VALUE;html+a11y:MATCH_VALUE	default:NOT_USED;html:NOT_USED;a11y:NOT_USED;html+a11y:NOT_USED	CLOSED_MEASURED_FUNCTIONAL_SENTINEL				yaml.encode((a: 1))	Only this complete bilateral assertion/projection is closed; historical expected preservation is distinct from parity.	Equal complete language observation on same literal source/profile refutes this divergence; a different required owner refutes proposed causal scope.	NO_CHANGE_AUTHORIZED	supplement		00_nucleo/diagnosticos/p1322-sentinels-normal.json#p1311.yaml-success
p1311.toml-success	p1311.toml-success	default,html,a11y,html+a11y	default:MATCH_VALUE;html:MATCH_VALUE;a11y:MATCH_VALUE;html+a11y:MATCH_VALUE	default:NOT_USED;html:NOT_USED;a11y:NOT_USED;html+a11y:NOT_USED	CLOSED_MEASURED_FUNCTIONAL_SENTINEL				toml.encode((a: 1))	Only this complete bilateral assertion/projection is closed; historical expected preservation is distinct from parity.	Equal complete language observation on same literal source/profile refutes this divergence; a different required owner refutes proposed causal scope.	NO_CHANGE_AUTHORIZED	supplement		00_nucleo/diagnosticos/p1322-sentinels-normal.json#p1311.toml-success
p1311.cbor-success	p1311.cbor-success	default,html,a11y,html+a11y	default:MATCH_VALUE;html:MATCH_VALUE;a11y:MATCH_VALUE;html+a11y:MATCH_VALUE	default:NOT_USED;html:NOT_USED;a11y:NOT_USED;html+a11y:NOT_USED	CLOSED_MEASURED_FUNCTIONAL_SENTINEL				repr(type(cbor.encode((a: 1))))	Only this complete bilateral assertion/projection is closed; historical expected preservation is distinct from parity.	Equal complete language observation on same literal source/profile refutes this divergence; a different required owner refutes proposed causal scope.	NO_CHANGE_AUTHORIZED	supplement		00_nucleo/diagnosticos/p1322-sentinels-normal.json#p1311.cbor-success
p1311.xml-success	xml	default,html,a11y,html+a11y	default:DIFFERENT_VALUE;html:DIFFERENT_VALUE;a11y:DIFFERENT_VALUE;html+a11y:DIFFERENT_VALUE	default:NOT_USED;html:NOT_USED;a11y:NOT_USED;html+a11y:NOT_USED	OPEN_LANGUAGE_DIVERGENCE	00_nucleo/prompts/compiler/stdlib/loading.md	01_core/src/compiler/stdlib/loading.rs:910	lab/typst-original/crates/typst-library/src/loading/xml.rs:85	xml(bytes("<root/>"))	New public dictionary namespace field requires exact L0 first.	Equal complete language observation on same literal source/profile refutes this divergence; a different required owner refutes proposed causal scope.	ADR0127_PUBLIC_CONTRACT_GATE_BEFORE_MATERIALIZATION	supplement	xml-node-namespace	00_nucleo/diagnosticos/p1322-sentinels-normal.json#p1311.xml-success
p1311.xml-loader-error	p1311.xml-loader-error	default,html,a11y,html+a11y	default:MATCH_DIAGNOSTIC;html:MATCH_DIAGNOSTIC;a11y:MATCH_DIAGNOSTIC;html+a11y:MATCH_DIAGNOSTIC	default:NOT_USED;html:NOT_USED;a11y:NOT_USED;html+a11y:NOT_USED	CLOSED_MEASURED_FUNCTIONAL_SENTINEL				xml(2)	Only this complete bilateral assertion/projection is closed; historical expected preservation is distinct from parity.	Equal complete language observation on same literal source/profile refutes this divergence; a different required owner refutes proposed causal scope.	NO_CHANGE_AUTHORIZED	supplement		00_nucleo/diagnosticos/p1322-sentinels-normal.json#p1311.xml-loader-error
p1311.read-loader-error	p1311.read-loader-error	default,html,a11y,html+a11y	default:MATCH_DIAGNOSTIC;html:MATCH_DIAGNOSTIC;a11y:MATCH_DIAGNOSTIC;html+a11y:MATCH_DIAGNOSTIC	default:NOT_USED;html:NOT_USED;a11y:NOT_USED;html+a11y:NOT_USED	CLOSED_MEASURED_FUNCTIONAL_SENTINEL				read(2)	Only this complete bilateral assertion/projection is closed; historical expected preservation is distinct from parity.	Equal complete language observation on same literal source/profile refutes this divergence; a different required owner refutes proposed causal scope.	NO_CHANGE_AUTHORIZED	supplement		00_nucleo/diagnosticos/p1322-sentinels-normal.json#p1311.read-loader-error
p1311.table-success	p1311.table-success	default,html,a11y,html+a11y	default:MATCH_VALUE;html:MATCH_VALUE;a11y:MATCH_VALUE;html+a11y:MATCH_VALUE	default:NOT_USED;html:NOT_USED;a11y:NOT_USED;html+a11y:NOT_USED	CLOSED_MEASURED_FUNCTIONAL_SENTINEL				repr(type(table.cell))	Only this complete bilateral assertion/projection is closed; historical expected preservation is distinct from parity.	Equal complete language observation on same literal source/profile refutes this divergence; a different required owner refutes proposed causal scope.	NO_CHANGE_AUTHORIZED	supplement		00_nucleo/diagnosticos/p1322-sentinels-normal.json#p1311.table-success
p1321.missing_none	p1321.missing_none	default,html,a11y,html+a11y	default:MATCH_DIAGNOSTIC;html:MATCH_DIAGNOSTIC;a11y:MATCH_DIAGNOSTIC;html+a11y:MATCH_DIAGNOSTIC	default:NOT_USED;html:NOT_USED;a11y:NOT_USED;html+a11y:NOT_USED	CLOSED_MEASURED_FUNCTIONAL_SENTINEL				csv()	Only this complete bilateral assertion/projection is closed; historical expected preservation is distinct from parity.	Equal complete language observation on same literal source/profile refutes this divergence; a different required owner refutes proposed causal scope.	NO_CHANGE_AUTHORIZED	supplement		00_nucleo/diagnosticos/p1322-sentinels-normal.json#p1321.missing_none
p1321.missing_delimiter	p1321.missing_delimiter	default,html,a11y,html+a11y	default:MATCH_DIAGNOSTIC;html:MATCH_DIAGNOSTIC;a11y:MATCH_DIAGNOSTIC;html+a11y:MATCH_DIAGNOSTIC	default:NOT_USED;html:NOT_USED;a11y:NOT_USED;html+a11y:NOT_USED	CLOSED_MEASURED_FUNCTIONAL_SENTINEL				csv(delimiter: "ab")	Only this complete bilateral assertion/projection is closed; historical expected preservation is distinct from parity.	Equal complete language observation on same literal source/profile refutes this divergence; a different required owner refutes proposed causal scope.	NO_CHANGE_AUTHORIZED	supplement		00_nucleo/diagnosticos/p1322-sentinels-normal.json#p1321.missing_delimiter
p1321.missing_unknown	p1321.missing_unknown	default,html,a11y,html+a11y	default:MATCH_DIAGNOSTIC;html:MATCH_DIAGNOSTIC;a11y:MATCH_DIAGNOSTIC;html+a11y:MATCH_DIAGNOSTIC	default:NOT_USED;html:NOT_USED;a11y:NOT_USED;html+a11y:NOT_USED	CLOSED_MEASURED_FUNCTIONAL_SENTINEL				csv(zeta: 1)	Only this complete bilateral assertion/projection is closed; historical expected preservation is distinct from parity.	Equal complete language observation on same literal source/profile refutes this divergence; a different required owner refutes proposed causal scope.	NO_CHANGE_AUTHORIZED	supplement		00_nucleo/diagnosticos/p1322-sentinels-normal.json#p1321.missing_unknown
p1321.missing_source	p1321.missing_source	default,html,a11y,html+a11y	default:MATCH_DIAGNOSTIC;html:MATCH_DIAGNOSTIC;a11y:MATCH_DIAGNOSTIC;html+a11y:MATCH_DIAGNOSTIC	default:NOT_USED;html:NOT_USED;a11y:NOT_USED;html+a11y:NOT_USED	CLOSED_MEASURED_FUNCTIONAL_SENTINEL				csv(source: 42)	Only this complete bilateral assertion/projection is closed; historical expected preservation is distinct from parity.	Equal complete language observation on same literal source/profile refutes this divergence; a different required owner refutes proposed causal scope.	NO_CHANGE_AUTHORIZED	supplement		00_nucleo/diagnosticos/p1322-sentinels-normal.json#p1321.missing_source
p1321.missing_source_unknown	p1321.missing_source_unknown	default,html,a11y,html+a11y	default:MATCH_DIAGNOSTIC;html:MATCH_DIAGNOSTIC;a11y:MATCH_DIAGNOSTIC;html+a11y:MATCH_DIAGNOSTIC	default:NOT_USED;html:NOT_USED;a11y:NOT_USED;html+a11y:NOT_USED	CLOSED_MEASURED_FUNCTIONAL_SENTINEL				csv(zeta: 1, source: 42)	Only this complete bilateral assertion/projection is closed; historical expected preservation is distinct from parity.	Equal complete language observation on same literal source/profile refutes this divergence; a different required owner refutes proposed causal scope.	NO_CHANGE_AUTHORIZED	supplement		00_nucleo/diagnosticos/p1322-sentinels-normal.json#p1321.missing_source_unknown
p1321.missing_unknown_source	p1321.missing_unknown_source	default,html,a11y,html+a11y	default:MATCH_DIAGNOSTIC;html:MATCH_DIAGNOSTIC;a11y:MATCH_DIAGNOSTIC;html+a11y:MATCH_DIAGNOSTIC	default:NOT_USED;html:NOT_USED;a11y:NOT_USED;html+a11y:NOT_USED	CLOSED_MEASURED_FUNCTIONAL_SENTINEL				csv(source: 42, zeta: 1)	Only this complete bilateral assertion/projection is closed; historical expected preservation is distinct from parity.	Equal complete language observation on same literal source/profile refutes this divergence; a different required owner refutes proposed causal scope.	NO_CHANGE_AUTHORIZED	supplement		00_nucleo/diagnosticos/p1322-sentinels-normal.json#p1321.missing_unknown_source
p1321.missing_source_options	p1321.missing_source_options	default,html,a11y,html+a11y	default:MATCH_DIAGNOSTIC;html:MATCH_DIAGNOSTIC;a11y:MATCH_DIAGNOSTIC;html+a11y:MATCH_DIAGNOSTIC	default:NOT_USED;html:NOT_USED;a11y:NOT_USED;html+a11y:NOT_USED	CLOSED_MEASURED_FUNCTIONAL_SENTINEL				csv(delimiter: "ab", source: 42)	Only this complete bilateral assertion/projection is closed; historical expected preservation is distinct from parity.	Equal complete language observation on same literal source/profile refutes this divergence; a different required owner refutes proposed causal scope.	NO_CHANGE_AUTHORIZED	supplement		00_nucleo/diagnosticos/p1322-sentinels-normal.json#p1321.missing_source_options
p1321.cast_int	p1321.cast_int	default,html,a11y,html+a11y	default:MATCH_DIAGNOSTIC;html:MATCH_DIAGNOSTIC;a11y:MATCH_DIAGNOSTIC;html+a11y:MATCH_DIAGNOSTIC	default:NOT_USED;html:NOT_USED;a11y:NOT_USED;html+a11y:NOT_USED	CLOSED_MEASURED_FUNCTIONAL_SENTINEL				csv(42)	Only this complete bilateral assertion/projection is closed; historical expected preservation is distinct from parity.	Equal complete language observation on same literal source/profile refutes this divergence; a different required owner refutes proposed causal scope.	NO_CHANGE_AUTHORIZED	supplement		00_nucleo/diagnosticos/p1322-sentinels-normal.json#p1321.cast_int
p1321.cast_unknown_int	p1321.cast_unknown_int	default,html,a11y,html+a11y	default:MATCH_DIAGNOSTIC;html:MATCH_DIAGNOSTIC;a11y:MATCH_DIAGNOSTIC;html+a11y:MATCH_DIAGNOSTIC	default:NOT_USED;html:NOT_USED;a11y:NOT_USED;html+a11y:NOT_USED	CLOSED_MEASURED_FUNCTIONAL_SENTINEL				csv(zeta: 1, 42, delimiter: "ab")	Only this complete bilateral assertion/projection is closed; historical expected preservation is distinct from parity.	Equal complete language observation on same literal source/profile refutes this divergence; a different required owner refutes proposed causal scope.	NO_CHANGE_AUTHORIZED	supplement		00_nucleo/diagnosticos/p1322-sentinels-normal.json#p1321.cast_unknown_int
p1321.cast_bool	p1321.cast_bool	default,html,a11y,html+a11y	default:MATCH_DIAGNOSTIC;html:MATCH_DIAGNOSTIC;a11y:MATCH_DIAGNOSTIC;html+a11y:MATCH_DIAGNOSTIC	default:NOT_USED;html:NOT_USED;a11y:NOT_USED;html+a11y:NOT_USED	CLOSED_MEASURED_FUNCTIONAL_SENTINEL				csv(true)	Only this complete bilateral assertion/projection is closed; historical expected preservation is distinct from parity.	Equal complete language observation on same literal source/profile refutes this divergence; a different required owner refutes proposed causal scope.	NO_CHANGE_AUTHORIZED	supplement		00_nucleo/diagnosticos/p1322-sentinels-normal.json#p1321.cast_bool
p1321.cast_unknown_bool	p1321.cast_unknown_bool	default,html,a11y,html+a11y	default:MATCH_DIAGNOSTIC;html:MATCH_DIAGNOSTIC;a11y:MATCH_DIAGNOSTIC;html+a11y:MATCH_DIAGNOSTIC	default:NOT_USED;html:NOT_USED;a11y:NOT_USED;html+a11y:NOT_USED	CLOSED_MEASURED_FUNCTIONAL_SENTINEL				csv(zeta: 1, true, delimiter: "ab")	Only this complete bilateral assertion/projection is closed; historical expected preservation is distinct from parity.	Equal complete language observation on same literal source/profile refutes this divergence; a different required owner refutes proposed causal scope.	NO_CHANGE_AUTHORIZED	supplement		00_nucleo/diagnosticos/p1322-sentinels-normal.json#p1321.cast_unknown_bool
p1321.cast_none	p1321.cast_none	default,html,a11y,html+a11y	default:MATCH_DIAGNOSTIC;html:MATCH_DIAGNOSTIC;a11y:MATCH_DIAGNOSTIC;html+a11y:MATCH_DIAGNOSTIC	default:NOT_USED;html:NOT_USED;a11y:NOT_USED;html+a11y:NOT_USED	CLOSED_MEASURED_FUNCTIONAL_SENTINEL				csv(none)	Only this complete bilateral assertion/projection is closed; historical expected preservation is distinct from parity.	Equal complete language observation on same literal source/profile refutes this divergence; a different required owner refutes proposed causal scope.	NO_CHANGE_AUTHORIZED	supplement		00_nucleo/diagnosticos/p1322-sentinels-normal.json#p1321.cast_none
p1321.cast_dict	p1321.cast_dict	default,html,a11y,html+a11y	default:MATCH_DIAGNOSTIC;html:MATCH_DIAGNOSTIC;a11y:MATCH_DIAGNOSTIC;html+a11y:MATCH_DIAGNOSTIC	default:NOT_USED;html:NOT_USED;a11y:NOT_USED;html+a11y:NOT_USED	CLOSED_MEASURED_FUNCTIONAL_SENTINEL				csv((a: 1))	Only this complete bilateral assertion/projection is closed; historical expected preservation is distinct from parity.	Equal complete language observation on same literal source/profile refutes this divergence; a different required owner refutes proposed causal scope.	NO_CHANGE_AUTHORIZED	supplement		00_nucleo/diagnosticos/p1322-sentinels-normal.json#p1321.cast_dict
p1321.cast_unknown_dict	p1321.cast_unknown_dict	default,html,a11y,html+a11y	default:MATCH_DIAGNOSTIC;html:MATCH_DIAGNOSTIC;a11y:MATCH_DIAGNOSTIC;html+a11y:MATCH_DIAGNOSTIC	default:NOT_USED;html:NOT_USED;a11y:NOT_USED;html+a11y:NOT_USED	CLOSED_MEASURED_FUNCTIONAL_SENTINEL				csv(zeta: 1, (a: 1), delimiter: "ab")	Only this complete bilateral assertion/projection is closed; historical expected preservation is distinct from parity.	Equal complete language observation on same literal source/profile refutes this divergence; a different required owner refutes proposed causal scope.	NO_CHANGE_AUTHORIZED	supplement		00_nucleo/diagnosticos/p1322-sentinels-normal.json#p1321.cast_unknown_dict
p1321.cast_array	p1321.cast_array	default,html,a11y,html+a11y	default:MATCH_DIAGNOSTIC;html:MATCH_DIAGNOSTIC;a11y:MATCH_DIAGNOSTIC;html+a11y:MATCH_DIAGNOSTIC	default:NOT_USED;html:NOT_USED;a11y:NOT_USED;html+a11y:NOT_USED	CLOSED_MEASURED_FUNCTIONAL_SENTINEL				csv((1, 2))	Only this complete bilateral assertion/projection is closed; historical expected preservation is distinct from parity.	Equal complete language observation on same literal source/profile refutes this divergence; a different required owner refutes proposed causal scope.	NO_CHANGE_AUTHORIZED	supplement		00_nucleo/diagnosticos/p1322-sentinels-normal.json#p1321.cast_array
p1321.cast_type	p1321.cast_type	default,html,a11y,html+a11y	default:MATCH_DIAGNOSTIC;html:MATCH_DIAGNOSTIC;a11y:MATCH_DIAGNOSTIC;html+a11y:MATCH_DIAGNOSTIC	default:NOT_USED;html:NOT_USED;a11y:NOT_USED;html+a11y:NOT_USED	CLOSED_MEASURED_FUNCTIONAL_SENTINEL				csv(array)	Only this complete bilateral assertion/projection is closed; historical expected preservation is distinct from parity.	Equal complete language observation on same literal source/profile refutes this divergence; a different required owner refutes proposed causal scope.	NO_CHANGE_AUTHORIZED	supplement		00_nucleo/diagnosticos/p1322-sentinels-normal.json#p1321.cast_type
p1321.cast_unknown_type	p1321.cast_unknown_type	default,html,a11y,html+a11y	default:MATCH_DIAGNOSTIC;html:MATCH_DIAGNOSTIC;a11y:MATCH_DIAGNOSTIC;html+a11y:MATCH_DIAGNOSTIC	default:NOT_USED;html:NOT_USED;a11y:NOT_USED;html+a11y:NOT_USED	CLOSED_MEASURED_FUNCTIONAL_SENTINEL				csv(zeta: 1, array, delimiter: "ab")	Only this complete bilateral assertion/projection is closed; historical expected preservation is distinct from parity.	Equal complete language observation on same literal source/profile refutes this divergence; a different required owner refutes proposed causal scope.	NO_CHANGE_AUTHORIZED	supplement		00_nucleo/diagnosticos/p1322-sentinels-normal.json#p1321.cast_unknown_type
p1321.cast_float	p1321.cast_float	default,html,a11y,html+a11y	default:MATCH_DIAGNOSTIC;html:MATCH_DIAGNOSTIC;a11y:MATCH_DIAGNOSTIC;html+a11y:MATCH_DIAGNOSTIC	default:NOT_USED;html:NOT_USED;a11y:NOT_USED;html+a11y:NOT_USED	CLOSED_MEASURED_FUNCTIONAL_SENTINEL				csv(1.5)	Only this complete bilateral assertion/projection is closed; historical expected preservation is distinct from parity.	Equal complete language observation on same literal source/profile refutes this divergence; a different required owner refutes proposed causal scope.	NO_CHANGE_AUTHORIZED	supplement		00_nucleo/diagnosticos/p1322-sentinels-normal.json#p1321.cast_float
p1321.cast_content	p1321.cast_content	default,html,a11y,html+a11y	default:MATCH_DIAGNOSTIC;html:MATCH_DIAGNOSTIC;a11y:MATCH_DIAGNOSTIC;html+a11y:MATCH_DIAGNOSTIC	default:NOT_USED;html:NOT_USED;a11y:NOT_USED;html+a11y:NOT_USED	CLOSED_MEASURED_FUNCTIONAL_SENTINEL				csv([x])	Only this complete bilateral assertion/projection is closed; historical expected preservation is distinct from parity.	Equal complete language observation on same literal source/profile refutes this divergence; a different required owner refutes proposed causal scope.	NO_CHANGE_AUTHORIZED	supplement		00_nucleo/diagnosticos/p1322-sentinels-normal.json#p1321.cast_content
p1321.option_empty	p1321.option_empty	default,html,a11y,html+a11y	default:MATCH_DIAGNOSTIC;html:MATCH_DIAGNOSTIC;a11y:MATCH_DIAGNOSTIC;html+a11y:MATCH_DIAGNOSTIC	default:NOT_USED;html:NOT_USED;a11y:NOT_USED;html+a11y:NOT_USED	CLOSED_MEASURED_FUNCTIONAL_SENTINEL				csv(bytes("a,b\n1,2"), delimiter: "")	Only this complete bilateral assertion/projection is closed; historical expected preservation is distinct from parity.	Equal complete language observation on same literal source/profile refutes this divergence; a different required owner refutes proposed causal scope.	NO_CHANGE_AUTHORIZED	supplement		00_nucleo/diagnosticos/p1322-sentinels-normal.json#p1321.option_empty
p1321.option_unknown_empty	p1321.option_unknown_empty	default,html,a11y,html+a11y	default:MATCH_DIAGNOSTIC;html:MATCH_DIAGNOSTIC;a11y:MATCH_DIAGNOSTIC;html+a11y:MATCH_DIAGNOSTIC	default:NOT_USED;html:NOT_USED;a11y:NOT_USED;html+a11y:NOT_USED	CLOSED_MEASURED_FUNCTIONAL_SENTINEL				csv(zeta: 1, bytes("a,b\n1,2"), delimiter: "")	Only this complete bilateral assertion/projection is closed; historical expected preservation is distinct from parity.	Equal complete language observation on same literal source/profile refutes this divergence; a different required owner refutes proposed causal scope.	NO_CHANGE_AUTHORIZED	supplement		00_nucleo/diagnosticos/p1322-sentinels-normal.json#p1321.option_unknown_empty
p1321.option_long	p1321.option_long	default,html,a11y,html+a11y	default:MATCH_DIAGNOSTIC;html:MATCH_DIAGNOSTIC;a11y:MATCH_DIAGNOSTIC;html+a11y:MATCH_DIAGNOSTIC	default:NOT_USED;html:NOT_USED;a11y:NOT_USED;html+a11y:NOT_USED	CLOSED_MEASURED_FUNCTIONAL_SENTINEL				csv(bytes("a,b\n1,2"), delimiter: "ab")	Only this complete bilateral assertion/projection is closed; historical expected preservation is distinct from parity.	Equal complete language observation on same literal source/profile refutes this divergence; a different required owner refutes proposed causal scope.	NO_CHANGE_AUTHORIZED	supplement		00_nucleo/diagnosticos/p1322-sentinels-normal.json#p1321.option_long
p1321.option_unknown_long	p1321.option_unknown_long	default,html,a11y,html+a11y	default:MATCH_DIAGNOSTIC;html:MATCH_DIAGNOSTIC;a11y:MATCH_DIAGNOSTIC;html+a11y:MATCH_DIAGNOSTIC	default:NOT_USED;html:NOT_USED;a11y:NOT_USED;html+a11y:NOT_USED	CLOSED_MEASURED_FUNCTIONAL_SENTINEL				csv(zeta: 1, bytes("a,b\n1,2"), delimiter: "ab")	Only this complete bilateral assertion/projection is closed; historical expected preservation is distinct from parity.	Equal complete language observation on same literal source/profile refutes this divergence; a different required owner refutes proposed causal scope.	NO_CHANGE_AUTHORIZED	supplement		00_nucleo/diagnosticos/p1322-sentinels-normal.json#p1321.option_unknown_long
p1321.option_unicode	p1321.option_unicode	default,html,a11y,html+a11y	default:MATCH_DIAGNOSTIC;html:MATCH_DIAGNOSTIC;a11y:MATCH_DIAGNOSTIC;html+a11y:MATCH_DIAGNOSTIC	default:NOT_USED;html:NOT_USED;a11y:NOT_USED;html+a11y:NOT_USED	CLOSED_MEASURED_FUNCTIONAL_SENTINEL				csv(bytes("a,b\n1,2"), delimiter: "é")	Only this complete bilateral assertion/projection is closed; historical expected preservation is distinct from parity.	Equal complete language observation on same literal source/profile refutes this divergence; a different required owner refutes proposed causal scope.	NO_CHANGE_AUTHORIZED	supplement		00_nucleo/diagnosticos/p1322-sentinels-normal.json#p1321.option_unicode
p1321.option_unknown_unicode	p1321.option_unknown_unicode	default,html,a11y,html+a11y	default:MATCH_DIAGNOSTIC;html:MATCH_DIAGNOSTIC;a11y:MATCH_DIAGNOSTIC;html+a11y:MATCH_DIAGNOSTIC	default:NOT_USED;html:NOT_USED;a11y:NOT_USED;html+a11y:NOT_USED	CLOSED_MEASURED_FUNCTIONAL_SENTINEL				csv(zeta: 1, bytes("a,b\n1,2"), delimiter: "é")	Only this complete bilateral assertion/projection is closed; historical expected preservation is distinct from parity.	Equal complete language observation on same literal source/profile refutes this divergence; a different required owner refutes proposed causal scope.	NO_CHANGE_AUTHORIZED	supplement		00_nucleo/diagnosticos/p1322-sentinels-normal.json#p1321.option_unknown_unicode
p1321.option_int	p1321.option_int	default,html,a11y,html+a11y	default:MATCH_DIAGNOSTIC;html:MATCH_DIAGNOSTIC;a11y:MATCH_DIAGNOSTIC;html+a11y:MATCH_DIAGNOSTIC	default:NOT_USED;html:NOT_USED;a11y:NOT_USED;html+a11y:NOT_USED	CLOSED_MEASURED_FUNCTIONAL_SENTINEL				csv(bytes("a,b\n1,2"), delimiter: 3)	Only this complete bilateral assertion/projection is closed; historical expected preservation is distinct from parity.	Equal complete language observation on same literal source/profile refutes this divergence; a different required owner refutes proposed causal scope.	NO_CHANGE_AUTHORIZED	supplement		00_nucleo/diagnosticos/p1322-sentinels-normal.json#p1321.option_int
p1321.option_unknown_int	p1321.option_unknown_int	default,html,a11y,html+a11y	default:MATCH_DIAGNOSTIC;html:MATCH_DIAGNOSTIC;a11y:MATCH_DIAGNOSTIC;html+a11y:MATCH_DIAGNOSTIC	default:NOT_USED;html:NOT_USED;a11y:NOT_USED;html+a11y:NOT_USED	CLOSED_MEASURED_FUNCTIONAL_SENTINEL				csv(zeta: 1, bytes("a,b\n1,2"), delimiter: 3)	Only this complete bilateral assertion/projection is closed; historical expected preservation is distinct from parity.	Equal complete language observation on same literal source/profile refutes this divergence; a different required owner refutes proposed causal scope.	NO_CHANGE_AUTHORIZED	supplement		00_nucleo/diagnosticos/p1322-sentinels-normal.json#p1321.option_unknown_int
p1321.option_row_str	p1321.option_row_str	default,html,a11y,html+a11y	default:MATCH_DIAGNOSTIC;html:MATCH_DIAGNOSTIC;a11y:MATCH_DIAGNOSTIC;html+a11y:MATCH_DIAGNOSTIC	default:NOT_USED;html:NOT_USED;a11y:NOT_USED;html+a11y:NOT_USED	CLOSED_MEASURED_FUNCTIONAL_SENTINEL				csv(bytes("a,b\n1,2"), row-type: "array")	Only this complete bilateral assertion/projection is closed; historical expected preservation is distinct from parity.	Equal complete language observation on same literal source/profile refutes this divergence; a different required owner refutes proposed causal scope.	NO_CHANGE_AUTHORIZED	supplement		00_nucleo/diagnosticos/p1322-sentinels-normal.json#p1321.option_row_str
p1321.option_unknown_row_str	p1321.option_unknown_row_str	default,html,a11y,html+a11y	default:MATCH_DIAGNOSTIC;html:MATCH_DIAGNOSTIC;a11y:MATCH_DIAGNOSTIC;html+a11y:MATCH_DIAGNOSTIC	default:NOT_USED;html:NOT_USED;a11y:NOT_USED;html+a11y:NOT_USED	CLOSED_MEASURED_FUNCTIONAL_SENTINEL				csv(zeta: 1, bytes("a,b\n1,2"), row-type: "array")	Only this complete bilateral assertion/projection is closed; historical expected preservation is distinct from parity.	Equal complete language observation on same literal source/profile refutes this divergence; a different required owner refutes proposed causal scope.	NO_CHANGE_AUTHORIZED	supplement		00_nucleo/diagnosticos/p1322-sentinels-normal.json#p1321.option_unknown_row_str
p1321.option_row_type	p1321.option_row_type	default,html,a11y,html+a11y	default:MATCH_DIAGNOSTIC;html:MATCH_DIAGNOSTIC;a11y:MATCH_DIAGNOSTIC;html+a11y:MATCH_DIAGNOSTIC	default:NOT_USED;html:NOT_USED;a11y:NOT_USED;html+a11y:NOT_USED	CLOSED_MEASURED_FUNCTIONAL_SENTINEL				csv(bytes("a,b\n1,2"), row-type: str)	Only this complete bilateral assertion/projection is closed; historical expected preservation is distinct from parity.	Equal complete language observation on same literal source/profile refutes this divergence; a different required owner refutes proposed causal scope.	NO_CHANGE_AUTHORIZED	supplement		00_nucleo/diagnosticos/p1322-sentinels-normal.json#p1321.option_row_type
p1321.option_unknown_row_type	p1321.option_unknown_row_type	default,html,a11y,html+a11y	default:MATCH_DIAGNOSTIC;html:MATCH_DIAGNOSTIC;a11y:MATCH_DIAGNOSTIC;html+a11y:MATCH_DIAGNOSTIC	default:NOT_USED;html:NOT_USED;a11y:NOT_USED;html+a11y:NOT_USED	CLOSED_MEASURED_FUNCTIONAL_SENTINEL				csv(zeta: 1, bytes("a,b\n1,2"), row-type: str)	Only this complete bilateral assertion/projection is closed; historical expected preservation is distinct from parity.	Equal complete language observation on same literal source/profile refutes this divergence; a different required owner refutes proposed causal scope.	NO_CHANGE_AUTHORIZED	supplement		00_nucleo/diagnosticos/p1322-sentinels-normal.json#p1321.option_unknown_row_type
p1321.option_row_int	p1321.option_row_int	default,html,a11y,html+a11y	default:MATCH_DIAGNOSTIC;html:MATCH_DIAGNOSTIC;a11y:MATCH_DIAGNOSTIC;html+a11y:MATCH_DIAGNOSTIC	default:NOT_USED;html:NOT_USED;a11y:NOT_USED;html+a11y:NOT_USED	CLOSED_MEASURED_FUNCTIONAL_SENTINEL				csv(bytes("a,b\n1,2"), row-type: 3)	Only this complete bilateral assertion/projection is closed; historical expected preservation is distinct from parity.	Equal complete language observation on same literal source/profile refutes this divergence; a different required owner refutes proposed causal scope.	NO_CHANGE_AUTHORIZED	supplement		00_nucleo/diagnosticos/p1322-sentinels-normal.json#p1321.option_row_int
p1321.option_unknown_row_int	p1321.option_unknown_row_int	default,html,a11y,html+a11y	default:MATCH_DIAGNOSTIC;html:MATCH_DIAGNOSTIC;a11y:MATCH_DIAGNOSTIC;html+a11y:MATCH_DIAGNOSTIC	default:NOT_USED;html:NOT_USED;a11y:NOT_USED;html+a11y:NOT_USED	CLOSED_MEASURED_FUNCTIONAL_SENTINEL				csv(zeta: 1, bytes("a,b\n1,2"), row-type: 3)	Only this complete bilateral assertion/projection is closed; historical expected preservation is distinct from parity.	Equal complete language observation on same literal source/profile refutes this divergence; a different required owner refutes proposed causal scope.	NO_CHANGE_AUTHORIZED	supplement		00_nucleo/diagnosticos/p1322-sentinels-normal.json#p1321.option_unknown_row_int
p1321.remaining_extra	p1321.remaining_extra	default,html,a11y,html+a11y	default:MATCH_DIAGNOSTIC;html:MATCH_DIAGNOSTIC;a11y:MATCH_DIAGNOSTIC;html+a11y:MATCH_DIAGNOSTIC	default:NOT_USED;html:NOT_USED;a11y:NOT_USED;html+a11y:NOT_USED	CLOSED_MEASURED_FUNCTIONAL_SENTINEL				csv(bytes("a,b\n1,2"), 17)	Only this complete bilateral assertion/projection is closed; historical expected preservation is distinct from parity.	Equal complete language observation on same literal source/profile refutes this divergence; a different required owner refutes proposed causal scope.	NO_CHANGE_AUTHORIZED	supplement		00_nucleo/diagnosticos/p1322-sentinels-normal.json#p1321.remaining_extra
p1321.remaining_unknown	p1321.remaining_unknown	default,html,a11y,html+a11y	default:MATCH_DIAGNOSTIC;html:MATCH_DIAGNOSTIC;a11y:MATCH_DIAGNOSTIC;html+a11y:MATCH_DIAGNOSTIC	default:NOT_USED;html:NOT_USED;a11y:NOT_USED;html+a11y:NOT_USED	CLOSED_MEASURED_FUNCTIONAL_SENTINEL				csv(bytes("a,b\n1,2"), zeta: 1)	Only this complete bilateral assertion/projection is closed; historical expected preservation is distinct from parity.	Equal complete language observation on same literal source/profile refutes this divergence; a different required owner refutes proposed causal scope.	NO_CHANGE_AUTHORIZED	supplement		00_nucleo/diagnosticos/p1322-sentinels-normal.json#p1321.remaining_unknown
p1321.remaining_z_a	p1321.remaining_z_a	default,html,a11y,html+a11y	default:MATCH_DIAGNOSTIC;html:MATCH_DIAGNOSTIC;a11y:MATCH_DIAGNOSTIC;html+a11y:MATCH_DIAGNOSTIC	default:NOT_USED;html:NOT_USED;a11y:NOT_USED;html+a11y:NOT_USED	CLOSED_MEASURED_FUNCTIONAL_SENTINEL				csv(bytes("a,b\n1,2"), zeta: 1, alpha: 2)	Only this complete bilateral assertion/projection is closed; historical expected preservation is distinct from parity.	Equal complete language observation on same literal source/profile refutes this divergence; a different required owner refutes proposed causal scope.	NO_CHANGE_AUTHORIZED	supplement		00_nucleo/diagnosticos/p1322-sentinels-normal.json#p1321.remaining_z_a
p1321.remaining_a_z	p1321.remaining_a_z	default,html,a11y,html+a11y	default:MATCH_DIAGNOSTIC;html:MATCH_DIAGNOSTIC;a11y:MATCH_DIAGNOSTIC;html+a11y:MATCH_DIAGNOSTIC	default:NOT_USED;html:NOT_USED;a11y:NOT_USED;html+a11y:NOT_USED	CLOSED_MEASURED_FUNCTIONAL_SENTINEL				csv(bytes("a,b\n1,2"), alpha: 2, zeta: 1)	Only this complete bilateral assertion/projection is closed; historical expected preservation is distinct from parity.	Equal complete language observation on same literal source/profile refutes this divergence; a different required owner refutes proposed causal scope.	NO_CHANGE_AUTHORIZED	supplement		00_nucleo/diagnosticos/p1322-sentinels-normal.json#p1321.remaining_a_z
p1321.remaining_extra_unknown	p1321.remaining_extra_unknown	default,html,a11y,html+a11y	default:MATCH_DIAGNOSTIC;html:MATCH_DIAGNOSTIC;a11y:MATCH_DIAGNOSTIC;html+a11y:MATCH_DIAGNOSTIC	default:NOT_USED;html:NOT_USED;a11y:NOT_USED;html+a11y:NOT_USED	CLOSED_MEASURED_FUNCTIONAL_SENTINEL				csv(bytes("a,b\n1,2"), 17, zeta: 1)	Only this complete bilateral assertion/projection is closed; historical expected preservation is distinct from parity.	Equal complete language observation on same literal source/profile refutes this divergence; a different required owner refutes proposed causal scope.	NO_CHANGE_AUTHORIZED	supplement		00_nucleo/diagnosticos/p1322-sentinels-normal.json#p1321.remaining_extra_unknown
p1321.remaining_unknown_extra	p1321.remaining_unknown_extra	default,html,a11y,html+a11y	default:MATCH_DIAGNOSTIC;html:MATCH_DIAGNOSTIC;a11y:MATCH_DIAGNOSTIC;html+a11y:MATCH_DIAGNOSTIC	default:NOT_USED;html:NOT_USED;a11y:NOT_USED;html+a11y:NOT_USED	CLOSED_MEASURED_FUNCTIONAL_SENTINEL				csv(bytes("a,b\n1,2"), zeta: 1, 17)	Only this complete bilateral assertion/projection is closed; historical expected preservation is distinct from parity.	Equal complete language observation on same literal source/profile refutes this divergence; a different required owner refutes proposed causal scope.	NO_CHANGE_AUTHORIZED	supplement		00_nucleo/diagnosticos/p1322-sentinels-normal.json#p1321.remaining_unknown_extra
p1321.remaining_source_named	p1321.remaining_source_named	default,html,a11y,html+a11y	default:MATCH_DIAGNOSTIC;html:MATCH_DIAGNOSTIC;a11y:MATCH_DIAGNOSTIC;html+a11y:MATCH_DIAGNOSTIC	default:NOT_USED;html:NOT_USED;a11y:NOT_USED;html+a11y:NOT_USED	CLOSED_MEASURED_FUNCTIONAL_SENTINEL				csv(bytes("a,b\n1,2"), source: 17)	Only this complete bilateral assertion/projection is closed; historical expected preservation is distinct from parity.	Equal complete language observation on same literal source/profile refutes this divergence; a different required owner refutes proposed causal scope.	NO_CHANGE_AUTHORIZED	supplement		00_nucleo/diagnosticos/p1322-sentinels-normal.json#p1321.remaining_source_named
p1321.precedence_missingfile_extra	p1321.precedence_missingfile_extra	default,html,a11y,html+a11y	default:MATCH_DIAGNOSTIC;html:MATCH_DIAGNOSTIC;a11y:MATCH_DIAGNOSTIC;html+a11y:MATCH_DIAGNOSTIC	default:NOT_USED;html:NOT_USED;a11y:NOT_USED;html+a11y:NOT_USED	CLOSED_MEASURED_FUNCTIONAL_SENTINEL				csv("p1321-ab2-nonexistent.csv", 17)	Only this complete bilateral assertion/projection is closed; historical expected preservation is distinct from parity.	Equal complete language observation on same literal source/profile refutes this divergence; a different required owner refutes proposed causal scope.	NO_CHANGE_AUTHORIZED	supplement		00_nucleo/diagnosticos/p1322-sentinels-normal.json#p1321.precedence_missingfile_extra
p1321.precedence_missingfile_unknown	p1321.precedence_missingfile_unknown	default,html,a11y,html+a11y	default:MATCH_DIAGNOSTIC;html:MATCH_DIAGNOSTIC;a11y:MATCH_DIAGNOSTIC;html+a11y:MATCH_DIAGNOSTIC	default:NOT_USED;html:NOT_USED;a11y:NOT_USED;html+a11y:NOT_USED	CLOSED_MEASURED_FUNCTIONAL_SENTINEL				csv("p1321-ab2-nonexistent.csv", zeta: 1)	Only this complete bilateral assertion/projection is closed; historical expected preservation is distinct from parity.	Equal complete language observation on same literal source/profile refutes this divergence; a different required owner refutes proposed causal scope.	NO_CHANGE_AUTHORIZED	supplement		00_nucleo/diagnosticos/p1322-sentinels-normal.json#p1321.precedence_missingfile_unknown
p1321.precedence_missingfile_options	p1321.precedence_missingfile_options	default,html,a11y,html+a11y	default:MATCH_DIAGNOSTIC;html:MATCH_DIAGNOSTIC;a11y:MATCH_DIAGNOSTIC;html+a11y:MATCH_DIAGNOSTIC	default:NOT_USED;html:NOT_USED;a11y:NOT_USED;html+a11y:NOT_USED	CLOSED_MEASURED_FUNCTIONAL_SENTINEL				csv("p1321-ab2-nonexistent.csv", row-type: str, delimiter: "ab", zeta: 1)	Only this complete bilateral assertion/projection is closed; historical expected preservation is distinct from parity.	Equal complete language observation on same literal source/profile refutes this divergence; a different required owner refutes proposed causal scope.	NO_CHANGE_AUTHORIZED	supplement		00_nucleo/diagnosticos/p1322-sentinels-normal.json#p1321.precedence_missingfile_options
p1321.precedence_unequal_extra	p1321.precedence_unequal_extra	default,html,a11y,html+a11y	default:MATCH_DIAGNOSTIC;html:MATCH_DIAGNOSTIC;a11y:MATCH_DIAGNOSTIC;html+a11y:MATCH_DIAGNOSTIC	default:NOT_USED;html:NOT_USED;a11y:NOT_USED;html+a11y:NOT_USED	CLOSED_MEASURED_FUNCTIONAL_SENTINEL				csv(bytes("a,b\n1"), 17)	Only this complete bilateral assertion/projection is closed; historical expected preservation is distinct from parity.	Equal complete language observation on same literal source/profile refutes this divergence; a different required owner refutes proposed causal scope.	NO_CHANGE_AUTHORIZED	supplement		00_nucleo/diagnosticos/p1322-sentinels-normal.json#p1321.precedence_unequal_extra
p1321.precedence_unequal_unknown	p1321.precedence_unequal_unknown	default,html,a11y,html+a11y	default:MATCH_DIAGNOSTIC;html:MATCH_DIAGNOSTIC;a11y:MATCH_DIAGNOSTIC;html+a11y:MATCH_DIAGNOSTIC	default:NOT_USED;html:NOT_USED;a11y:NOT_USED;html+a11y:NOT_USED	CLOSED_MEASURED_FUNCTIONAL_SENTINEL				csv(bytes("a,b\n1"), zeta: 1)	Only this complete bilateral assertion/projection is closed; historical expected preservation is distinct from parity.	Equal complete language observation on same literal source/profile refutes this divergence; a different required owner refutes proposed causal scope.	NO_CHANGE_AUTHORIZED	supplement		00_nucleo/diagnosticos/p1322-sentinels-normal.json#p1321.precedence_unequal_unknown
p1321.precedence_unequal_options	p1321.precedence_unequal_options	default,html,a11y,html+a11y	default:MATCH_DIAGNOSTIC;html:MATCH_DIAGNOSTIC;a11y:MATCH_DIAGNOSTIC;html+a11y:MATCH_DIAGNOSTIC	default:NOT_USED;html:NOT_USED;a11y:NOT_USED;html+a11y:NOT_USED	CLOSED_MEASURED_FUNCTIONAL_SENTINEL				csv(bytes("a,b\n1"), row-type: str, delimiter: "ab", zeta: 1)	Only this complete bilateral assertion/projection is closed; historical expected preservation is distinct from parity.	Equal complete language observation on same literal source/profile refutes this divergence; a different required owner refutes proposed causal scope.	NO_CHANGE_AUTHORIZED	supplement		00_nucleo/diagnosticos/p1322-sentinels-normal.json#p1321.precedence_unequal_options
p1321.precedence_utf8_extra	p1321.precedence_utf8_extra	default,html,a11y,html+a11y	default:MATCH_DIAGNOSTIC;html:MATCH_DIAGNOSTIC;a11y:MATCH_DIAGNOSTIC;html+a11y:MATCH_DIAGNOSTIC	default:NOT_USED;html:NOT_USED;a11y:NOT_USED;html+a11y:NOT_USED	CLOSED_MEASURED_FUNCTIONAL_SENTINEL				csv(bytes((255,)), 17)	Only this complete bilateral assertion/projection is closed; historical expected preservation is distinct from parity.	Equal complete language observation on same literal source/profile refutes this divergence; a different required owner refutes proposed causal scope.	NO_CHANGE_AUTHORIZED	supplement		00_nucleo/diagnosticos/p1322-sentinels-normal.json#p1321.precedence_utf8_extra
p1321.precedence_utf8_unknown	p1321.precedence_utf8_unknown	default,html,a11y,html+a11y	default:MATCH_DIAGNOSTIC;html:MATCH_DIAGNOSTIC;a11y:MATCH_DIAGNOSTIC;html+a11y:MATCH_DIAGNOSTIC	default:NOT_USED;html:NOT_USED;a11y:NOT_USED;html+a11y:NOT_USED	CLOSED_MEASURED_FUNCTIONAL_SENTINEL				csv(bytes((255,)), zeta: 1)	Only this complete bilateral assertion/projection is closed; historical expected preservation is distinct from parity.	Equal complete language observation on same literal source/profile refutes this divergence; a different required owner refutes proposed causal scope.	NO_CHANGE_AUTHORIZED	supplement		00_nucleo/diagnosticos/p1322-sentinels-normal.json#p1321.precedence_utf8_unknown
p1321.precedence_utf8_options	p1321.precedence_utf8_options	default,html,a11y,html+a11y	default:MATCH_DIAGNOSTIC;html:MATCH_DIAGNOSTIC;a11y:MATCH_DIAGNOSTIC;html+a11y:MATCH_DIAGNOSTIC	default:NOT_USED;html:NOT_USED;a11y:NOT_USED;html+a11y:NOT_USED	CLOSED_MEASURED_FUNCTIONAL_SENTINEL				csv(bytes((255,)), row-type: str, delimiter: "ab", zeta: 1)	Only this complete bilateral assertion/projection is closed; historical expected preservation is distinct from parity.	Equal complete language observation on same literal source/profile refutes this divergence; a different required owner refutes proposed causal scope.	NO_CHANGE_AUTHORIZED	supplement		00_nucleo/diagnosticos/p1322-sentinels-normal.json#p1321.precedence_utf8_options
p1321.with_delimiter_firstbad	p1321.with_delimiter_firstbad	default,html,a11y,html+a11y	default:MATCH_DIAGNOSTIC;html:MATCH_DIAGNOSTIC;a11y:MATCH_DIAGNOSTIC;html+a11y:MATCH_DIAGNOSTIC	default:NOT_USED;html:NOT_USED;a11y:NOT_USED;html+a11y:NOT_USED	CLOSED_MEASURED_FUNCTIONAL_SENTINEL				{ let f = csv.with(delimiter: "ab"); f(bytes("a,b\n1,2"), delimiter: ";") }	Only this complete bilateral assertion/projection is closed; historical expected preservation is distinct from parity.	Equal complete language observation on same literal source/profile refutes this divergence; a different required owner refutes proposed causal scope.	NO_CHANGE_AUTHORIZED	supplement		00_nucleo/diagnosticos/p1322-sentinels-normal.json#p1321.with_delimiter_firstbad
p1321.with_delimiter_lastbad	p1321.with_delimiter_lastbad	default,html,a11y,html+a11y	default:MATCH_DIAGNOSTIC;html:MATCH_DIAGNOSTIC;a11y:MATCH_DIAGNOSTIC;html+a11y:MATCH_DIAGNOSTIC	default:NOT_USED;html:NOT_USED;a11y:NOT_USED;html+a11y:NOT_USED	CLOSED_MEASURED_FUNCTIONAL_SENTINEL				{ let f = csv.with(delimiter: ";"); f(bytes("a,b\n1,2"), delimiter: "ab") }	Only this complete bilateral assertion/projection is closed; historical expected preservation is distinct from parity.	Equal complete language observation on same literal source/profile refutes this divergence; a different required owner refutes proposed causal scope.	NO_CHANGE_AUTHORIZED	supplement		00_nucleo/diagnosticos/p1322-sentinels-normal.json#p1321.with_delimiter_lastbad
p1321.with_delimiter_good	p1321.with_delimiter_good	default,html,a11y,html+a11y	default:MATCH_VALUE;html:MATCH_VALUE;a11y:MATCH_VALUE;html+a11y:MATCH_VALUE	default:NOT_USED;html:NOT_USED;a11y:NOT_USED;html+a11y:NOT_USED	CLOSED_MEASURED_FUNCTIONAL_SENTINEL				{ let f = csv.with(delimiter: ";"); f(bytes("a,b\n1,2"), delimiter: ",") }	Only this complete bilateral assertion/projection is closed; historical expected preservation is distinct from parity.	Equal complete language observation on same literal source/profile refutes this divergence; a different required owner refutes proposed causal scope.	NO_CHANGE_AUTHORIZED	supplement		00_nucleo/diagnosticos/p1322-sentinels-normal.json#p1321.with_delimiter_good
p1321.with_row_firstbad	p1321.with_row_firstbad	default,html,a11y,html+a11y	default:MATCH_DIAGNOSTIC;html:MATCH_DIAGNOSTIC;a11y:MATCH_DIAGNOSTIC;html+a11y:MATCH_DIAGNOSTIC	default:NOT_USED;html:NOT_USED;a11y:NOT_USED;html+a11y:NOT_USED	CLOSED_MEASURED_FUNCTIONAL_SENTINEL				{ let f = csv.with(row-type: str); f(bytes("a,b\n1,2"), row-type: array) }	Only this complete bilateral assertion/projection is closed; historical expected preservation is distinct from parity.	Equal complete language observation on same literal source/profile refutes this divergence; a different required owner refutes proposed causal scope.	NO_CHANGE_AUTHORIZED	supplement		00_nucleo/diagnosticos/p1322-sentinels-normal.json#p1321.with_row_firstbad
p1321.with_row_lastbad	p1321.with_row_lastbad	default,html,a11y,html+a11y	default:MATCH_DIAGNOSTIC;html:MATCH_DIAGNOSTIC;a11y:MATCH_DIAGNOSTIC;html+a11y:MATCH_DIAGNOSTIC	default:NOT_USED;html:NOT_USED;a11y:NOT_USED;html+a11y:NOT_USED	CLOSED_MEASURED_FUNCTIONAL_SENTINEL				{ let f = csv.with(row-type: array); f(bytes("a,b\n1,2"), row-type: str) }	Only this complete bilateral assertion/projection is closed; historical expected preservation is distinct from parity.	Equal complete language observation on same literal source/profile refutes this divergence; a different required owner refutes proposed causal scope.	NO_CHANGE_AUTHORIZED	supplement		00_nucleo/diagnosticos/p1322-sentinels-normal.json#p1321.with_row_lastbad
p1321.with_row_good	p1321.with_row_good	default,html,a11y,html+a11y	default:MATCH_VALUE;html:MATCH_VALUE;a11y:MATCH_VALUE;html+a11y:MATCH_VALUE	default:NOT_USED;html:NOT_USED;a11y:NOT_USED;html+a11y:NOT_USED	CLOSED_MEASURED_FUNCTIONAL_SENTINEL				{ let f = csv.with(row-type: array); f(bytes("a,b\n1,2"), row-type: dictionary) }	Only this complete bilateral assertion/projection is closed; historical expected preservation is distinct from parity.	Equal complete language observation on same literal source/profile refutes this divergence; a different required owner refutes proposed causal scope.	NO_CHANGE_AUTHORIZED	supplement		00_nucleo/diagnosticos/p1322-sentinels-normal.json#p1321.with_row_good
p1321.with_cross	p1321.with_cross	default,html,a11y,html+a11y	default:MATCH_DIAGNOSTIC;html:MATCH_DIAGNOSTIC;a11y:MATCH_DIAGNOSTIC;html+a11y:MATCH_DIAGNOSTIC	default:NOT_USED;html:NOT_USED;a11y:NOT_USED;html+a11y:NOT_USED	CLOSED_MEASURED_FUNCTIONAL_SENTINEL				{ let f = csv.with(row-type: str); f(bytes("a,b\n1,2"), delimiter: "ab") }	Only this complete bilateral assertion/projection is closed; historical expected preservation is distinct from parity.	Equal complete language observation on same literal source/profile refutes this divergence; a different required owner refutes proposed causal scope.	NO_CHANGE_AUTHORIZED	supplement		00_nucleo/diagnosticos/p1322-sentinels-normal.json#p1321.with_cross
p1321.syntax_duplicate	p1321.syntax_duplicate	default,html,a11y,html+a11y	default:MATCH_DIAGNOSTIC;html:MATCH_DIAGNOSTIC;a11y:MATCH_DIAGNOSTIC;html+a11y:MATCH_DIAGNOSTIC	default:NOT_USED;html:NOT_USED;a11y:NOT_USED;html+a11y:NOT_USED	CLOSED_MEASURED_FUNCTIONAL_SENTINEL				csv(bytes("a,b\n1,2"), delimiter: ";", delimiter: ",")	Only this complete bilateral assertion/projection is closed; historical expected preservation is distinct from parity.	Equal complete language observation on same literal source/profile refutes this divergence; a different required owner refutes proposed causal scope.	NO_CHANGE_AUTHORIZED	supplement		00_nucleo/diagnosticos/p1322-sentinels-normal.json#p1321.syntax_duplicate
p1321.alias_missing	p1321.alias_missing	default,html,a11y,html+a11y	default:MATCH_DIAGNOSTIC;html:MATCH_DIAGNOSTIC;a11y:MATCH_DIAGNOSTIC;html+a11y:MATCH_DIAGNOSTIC	default:NOT_USED;html:NOT_USED;a11y:NOT_USED;html+a11y:NOT_USED	CLOSED_MEASURED_FUNCTIONAL_SENTINEL				{ let f = csv; f(zeta: 1) }	Only this complete bilateral assertion/projection is closed; historical expected preservation is distinct from parity.	Equal complete language observation on same literal source/profile refutes this divergence; a different required owner refutes proposed causal scope.	NO_CHANGE_AUTHORIZED	supplement		00_nucleo/diagnosticos/p1322-sentinels-normal.json#p1321.alias_missing
p1321.alias_source	p1321.alias_source	default,html,a11y,html+a11y	default:MATCH_DIAGNOSTIC;html:MATCH_DIAGNOSTIC;a11y:MATCH_DIAGNOSTIC;html+a11y:MATCH_DIAGNOSTIC	default:NOT_USED;html:NOT_USED;a11y:NOT_USED;html+a11y:NOT_USED	CLOSED_MEASURED_FUNCTIONAL_SENTINEL				{ let f = csv; f(source: 42) }	Only this complete bilateral assertion/projection is closed; historical expected preservation is distinct from parity.	Equal complete language observation on same literal source/profile refutes this divergence; a different required owner refutes proposed causal scope.	NO_CHANGE_AUTHORIZED	supplement		00_nucleo/diagnosticos/p1322-sentinels-normal.json#p1321.alias_source
p1321.alias_cast	p1321.alias_cast	default,html,a11y,html+a11y	default:MATCH_DIAGNOSTIC;html:MATCH_DIAGNOSTIC;a11y:MATCH_DIAGNOSTIC;html+a11y:MATCH_DIAGNOSTIC	default:NOT_USED;html:NOT_USED;a11y:NOT_USED;html+a11y:NOT_USED	CLOSED_MEASURED_FUNCTIONAL_SENTINEL				{ let f = csv; f(zeta: 1, 42) }	Only this complete bilateral assertion/projection is closed; historical expected preservation is distinct from parity.	Equal complete language observation on same literal source/profile refutes this divergence; a different required owner refutes proposed causal scope.	NO_CHANGE_AUTHORIZED	supplement		00_nucleo/diagnosticos/p1322-sentinels-normal.json#p1321.alias_cast
p1321.alias_excess	p1321.alias_excess	default,html,a11y,html+a11y	default:MATCH_DIAGNOSTIC;html:MATCH_DIAGNOSTIC;a11y:MATCH_DIAGNOSTIC;html+a11y:MATCH_DIAGNOSTIC	default:NOT_USED;html:NOT_USED;a11y:NOT_USED;html+a11y:NOT_USED	CLOSED_MEASURED_FUNCTIONAL_SENTINEL				{ let f = csv; f(bytes("a,b\n1,2"), 17, zeta: 1) }	Only this complete bilateral assertion/projection is closed; historical expected preservation is distinct from parity.	Equal complete language observation on same literal source/profile refutes this divergence; a different required owner refutes proposed causal scope.	NO_CHANGE_AUTHORIZED	supplement		00_nucleo/diagnosticos/p1322-sentinels-normal.json#p1321.alias_excess
p1321.alias_unknown	p1321.alias_unknown	default,html,a11y,html+a11y	default:MATCH_DIAGNOSTIC;html:MATCH_DIAGNOSTIC;a11y:MATCH_DIAGNOSTIC;html+a11y:MATCH_DIAGNOSTIC	default:NOT_USED;html:NOT_USED;a11y:NOT_USED;html+a11y:NOT_USED	CLOSED_MEASURED_FUNCTIONAL_SENTINEL				{ let f = csv; f(bytes("a,b\n1,2"), zeta: 1, alpha: 2) }	Only this complete bilateral assertion/projection is closed; historical expected preservation is distinct from parity.	Equal complete language observation on same literal source/profile refutes this divergence; a different required owner refutes proposed causal scope.	NO_CHANGE_AUTHORIZED	supplement		00_nucleo/diagnosticos/p1322-sentinels-normal.json#p1321.alias_unknown
p1321.args_missing	p1321.args_missing	default,html,a11y,html+a11y	default:MATCH_DIAGNOSTIC;html:MATCH_DIAGNOSTIC;a11y:MATCH_DIAGNOSTIC;html+a11y:MATCH_DIAGNOSTIC	default:NOT_USED;html:NOT_USED;a11y:NOT_USED;html+a11y:NOT_USED	CLOSED_MEASURED_FUNCTIONAL_SENTINEL				{ let a = arguments(zeta: 1); csv(..a) }	Only this complete bilateral assertion/projection is closed; historical expected preservation is distinct from parity.	Equal complete language observation on same literal source/profile refutes this divergence; a different required owner refutes proposed causal scope.	NO_CHANGE_AUTHORIZED	supplement		00_nucleo/diagnosticos/p1322-sentinels-normal.json#p1321.args_missing
p1321.args_source	p1321.args_source	default,html,a11y,html+a11y	default:MATCH_DIAGNOSTIC;html:MATCH_DIAGNOSTIC;a11y:MATCH_DIAGNOSTIC;html+a11y:MATCH_DIAGNOSTIC	default:NOT_USED;html:NOT_USED;a11y:NOT_USED;html+a11y:NOT_USED	CLOSED_MEASURED_FUNCTIONAL_SENTINEL				{ let a = arguments(source: 42); csv(..a) }	Only this complete bilateral assertion/projection is closed; historical expected preservation is distinct from parity.	Equal complete language observation on same literal source/profile refutes this divergence; a different required owner refutes proposed causal scope.	NO_CHANGE_AUTHORIZED	supplement		00_nucleo/diagnosticos/p1322-sentinels-normal.json#p1321.args_source
p1321.args_cast	p1321.args_cast	default,html,a11y,html+a11y	default:MATCH_DIAGNOSTIC;html:MATCH_DIAGNOSTIC;a11y:MATCH_DIAGNOSTIC;html+a11y:MATCH_DIAGNOSTIC	default:NOT_USED;html:NOT_USED;a11y:NOT_USED;html+a11y:NOT_USED	CLOSED_MEASURED_FUNCTIONAL_SENTINEL				{ let a = arguments(zeta: 1, 42); csv(..a) }	Only this complete bilateral assertion/projection is closed; historical expected preservation is distinct from parity.	Equal complete language observation on same literal source/profile refutes this divergence; a different required owner refutes proposed causal scope.	NO_CHANGE_AUTHORIZED	supplement		00_nucleo/diagnosticos/p1322-sentinels-normal.json#p1321.args_cast
p1321.args_excess	p1321.args_excess	default,html,a11y,html+a11y	default:MATCH_DIAGNOSTIC;html:MATCH_DIAGNOSTIC;a11y:MATCH_DIAGNOSTIC;html+a11y:MATCH_DIAGNOSTIC	default:NOT_USED;html:NOT_USED;a11y:NOT_USED;html+a11y:NOT_USED	CLOSED_MEASURED_FUNCTIONAL_SENTINEL				{ let a = arguments(bytes("a,b\n1,2"), 17, zeta: 1); csv(..a) }	Only this complete bilateral assertion/projection is closed; historical expected preservation is distinct from parity.	Equal complete language observation on same literal source/profile refutes this divergence; a different required owner refutes proposed causal scope.	NO_CHANGE_AUTHORIZED	supplement		00_nucleo/diagnosticos/p1322-sentinels-normal.json#p1321.args_excess
p1321.args_unknown	p1321.args_unknown	default,html,a11y,html+a11y	default:MATCH_DIAGNOSTIC;html:MATCH_DIAGNOSTIC;a11y:MATCH_DIAGNOSTIC;html+a11y:MATCH_DIAGNOSTIC	default:NOT_USED;html:NOT_USED;a11y:NOT_USED;html+a11y:NOT_USED	CLOSED_MEASURED_FUNCTIONAL_SENTINEL				{ let a = arguments(bytes("a,b\n1,2"), zeta: 1, alpha: 2); csv(..a) }	Only this complete bilateral assertion/projection is closed; historical expected preservation is distinct from parity.	Equal complete language observation on same literal source/profile refutes this divergence; a different required owner refutes proposed causal scope.	NO_CHANGE_AUTHORIZED	supplement		00_nucleo/diagnosticos/p1322-sentinels-normal.json#p1321.args_unknown
p1321.sink_missing	p1321.sink_missing	default,html,a11y,html+a11y	default:MATCH_DIAGNOSTIC;html:MATCH_DIAGNOSTIC;a11y:MATCH_DIAGNOSTIC;html+a11y:MATCH_DIAGNOSTIC	default:NOT_USED;html:NOT_USED;a11y:NOT_USED;html+a11y:NOT_USED	CLOSED_MEASURED_FUNCTIONAL_SENTINEL				{ let f(..a) = csv(..a); f(zeta: 1) }	Only this complete bilateral assertion/projection is closed; historical expected preservation is distinct from parity.	Equal complete language observation on same literal source/profile refutes this divergence; a different required owner refutes proposed causal scope.	NO_CHANGE_AUTHORIZED	supplement		00_nucleo/diagnosticos/p1322-sentinels-normal.json#p1321.sink_missing
p1321.sink_source	p1321.sink_source	default,html,a11y,html+a11y	default:MATCH_DIAGNOSTIC;html:MATCH_DIAGNOSTIC;a11y:MATCH_DIAGNOSTIC;html+a11y:MATCH_DIAGNOSTIC	default:NOT_USED;html:NOT_USED;a11y:NOT_USED;html+a11y:NOT_USED	CLOSED_MEASURED_FUNCTIONAL_SENTINEL				{ let f(..a) = csv(..a); f(source: 42) }	Only this complete bilateral assertion/projection is closed; historical expected preservation is distinct from parity.	Equal complete language observation on same literal source/profile refutes this divergence; a different required owner refutes proposed causal scope.	NO_CHANGE_AUTHORIZED	supplement		00_nucleo/diagnosticos/p1322-sentinels-normal.json#p1321.sink_source
p1321.sink_cast	p1321.sink_cast	default,html,a11y,html+a11y	default:MATCH_DIAGNOSTIC;html:MATCH_DIAGNOSTIC;a11y:MATCH_DIAGNOSTIC;html+a11y:MATCH_DIAGNOSTIC	default:NOT_USED;html:NOT_USED;a11y:NOT_USED;html+a11y:NOT_USED	CLOSED_MEASURED_FUNCTIONAL_SENTINEL				{ let f(..a) = csv(..a); f(zeta: 1, 42) }	Only this complete bilateral assertion/projection is closed; historical expected preservation is distinct from parity.	Equal complete language observation on same literal source/profile refutes this divergence; a different required owner refutes proposed causal scope.	NO_CHANGE_AUTHORIZED	supplement		00_nucleo/diagnosticos/p1322-sentinels-normal.json#p1321.sink_cast
p1321.sink_excess	p1321.sink_excess	default,html,a11y,html+a11y	default:MATCH_DIAGNOSTIC;html:MATCH_DIAGNOSTIC;a11y:MATCH_DIAGNOSTIC;html+a11y:MATCH_DIAGNOSTIC	default:NOT_USED;html:NOT_USED;a11y:NOT_USED;html+a11y:NOT_USED	CLOSED_MEASURED_FUNCTIONAL_SENTINEL				{ let f(..a) = csv(..a); f(bytes("a,b\n1,2"), 17, zeta: 1) }	Only this complete bilateral assertion/projection is closed; historical expected preservation is distinct from parity.	Equal complete language observation on same literal source/profile refutes this divergence; a different required owner refutes proposed causal scope.	NO_CHANGE_AUTHORIZED	supplement		00_nucleo/diagnosticos/p1322-sentinels-normal.json#p1321.sink_excess
p1321.sink_unknown	p1321.sink_unknown	default,html,a11y,html+a11y	default:MATCH_DIAGNOSTIC;html:MATCH_DIAGNOSTIC;a11y:MATCH_DIAGNOSTIC;html+a11y:MATCH_DIAGNOSTIC	default:NOT_USED;html:NOT_USED;a11y:NOT_USED;html+a11y:NOT_USED	CLOSED_MEASURED_FUNCTIONAL_SENTINEL				{ let f(..a) = csv(..a); f(bytes("a,b\n1,2"), zeta: 1, alpha: 2) }	Only this complete bilateral assertion/projection is closed; historical expected preservation is distinct from parity.	Equal complete language observation on same literal source/profile refutes this divergence; a different required owner refutes proposed causal scope.	NO_CHANGE_AUTHORIZED	supplement		00_nucleo/diagnosticos/p1322-sentinels-normal.json#p1321.sink_unknown
p1321.with_missing	p1321.with_missing	default,html,a11y,html+a11y	default:MATCH_DIAGNOSTIC;html:MATCH_DIAGNOSTIC;a11y:MATCH_DIAGNOSTIC;html+a11y:MATCH_DIAGNOSTIC	default:NOT_USED;html:NOT_USED;a11y:NOT_USED;html+a11y:NOT_USED	CLOSED_MEASURED_FUNCTIONAL_SENTINEL				{ let f = csv.with(zeta: 1); f() }	Only this complete bilateral assertion/projection is closed; historical expected preservation is distinct from parity.	Equal complete language observation on same literal source/profile refutes this divergence; a different required owner refutes proposed causal scope.	NO_CHANGE_AUTHORIZED	supplement		00_nucleo/diagnosticos/p1322-sentinels-normal.json#p1321.with_missing
p1321.with_source	p1321.with_source	default,html,a11y,html+a11y	default:MATCH_DIAGNOSTIC;html:MATCH_DIAGNOSTIC;a11y:MATCH_DIAGNOSTIC;html+a11y:MATCH_DIAGNOSTIC	default:NOT_USED;html:NOT_USED;a11y:NOT_USED;html+a11y:NOT_USED	CLOSED_MEASURED_FUNCTIONAL_SENTINEL				{ let f = csv.with(source: 42); f() }	Only this complete bilateral assertion/projection is closed; historical expected preservation is distinct from parity.	Equal complete language observation on same literal source/profile refutes this divergence; a different required owner refutes proposed causal scope.	NO_CHANGE_AUTHORIZED	supplement		00_nucleo/diagnosticos/p1322-sentinels-normal.json#p1321.with_source
p1321.with_cast	p1321.with_cast	default,html,a11y,html+a11y	default:MATCH_DIAGNOSTIC;html:MATCH_DIAGNOSTIC;a11y:MATCH_DIAGNOSTIC;html+a11y:MATCH_DIAGNOSTIC	default:NOT_USED;html:NOT_USED;a11y:NOT_USED;html+a11y:NOT_USED	CLOSED_MEASURED_FUNCTIONAL_SENTINEL				{ let f = csv.with(zeta: 1, 42); f() }	Only this complete bilateral assertion/projection is closed; historical expected preservation is distinct from parity.	Equal complete language observation on same literal source/profile refutes this divergence; a different required owner refutes proposed causal scope.	NO_CHANGE_AUTHORIZED	supplement		00_nucleo/diagnosticos/p1322-sentinels-normal.json#p1321.with_cast
p1321.with_excess	p1321.with_excess	default,html,a11y,html+a11y	default:MATCH_DIAGNOSTIC;html:MATCH_DIAGNOSTIC;a11y:MATCH_DIAGNOSTIC;html+a11y:MATCH_DIAGNOSTIC	default:NOT_USED;html:NOT_USED;a11y:NOT_USED;html+a11y:NOT_USED	CLOSED_MEASURED_FUNCTIONAL_SENTINEL				{ let f = csv.with(bytes("a,b\n1,2"), 17, zeta: 1); f() }	Only this complete bilateral assertion/projection is closed; historical expected preservation is distinct from parity.	Equal complete language observation on same literal source/profile refutes this divergence; a different required owner refutes proposed causal scope.	NO_CHANGE_AUTHORIZED	supplement		00_nucleo/diagnosticos/p1322-sentinels-normal.json#p1321.with_excess
p1321.with_unknown	p1321.with_unknown	default,html,a11y,html+a11y	default:MATCH_DIAGNOSTIC;html:MATCH_DIAGNOSTIC;a11y:MATCH_DIAGNOSTIC;html+a11y:MATCH_DIAGNOSTIC	default:NOT_USED;html:NOT_USED;a11y:NOT_USED;html+a11y:NOT_USED	CLOSED_MEASURED_FUNCTIONAL_SENTINEL				{ let f = csv.with(bytes("a,b\n1,2"), zeta: 1, alpha: 2); f() }	Only this complete bilateral assertion/projection is closed; historical expected preservation is distinct from parity.	Equal complete language observation on same literal source/profile refutes this divergence; a different required owner refutes proposed causal scope.	NO_CHANGE_AUTHORIZED	supplement		00_nucleo/diagnosticos/p1322-sentinels-normal.json#p1321.with_unknown
p1321.map_missing	p1321.map_missing	default,html,a11y,html+a11y	default:MATCH_DIAGNOSTIC;html:MATCH_DIAGNOSTIC;a11y:MATCH_DIAGNOSTIC;html+a11y:MATCH_DIAGNOSTIC	default:NOT_USED;html:NOT_USED;a11y:NOT_USED;html+a11y:NOT_USED	CLOSED_MEASURED_FUNCTIONAL_SENTINEL				{ let a = arguments(zeta: 1); csv(..a.map(x => x)) }	Only this complete bilateral assertion/projection is closed; historical expected preservation is distinct from parity.	Equal complete language observation on same literal source/profile refutes this divergence; a different required owner refutes proposed causal scope.	NO_CHANGE_AUTHORIZED	supplement		00_nucleo/diagnosticos/p1322-sentinels-normal.json#p1321.map_missing
p1321.map_source	p1321.map_source	default,html,a11y,html+a11y	default:MATCH_DIAGNOSTIC;html:MATCH_DIAGNOSTIC;a11y:MATCH_DIAGNOSTIC;html+a11y:MATCH_DIAGNOSTIC	default:NOT_USED;html:NOT_USED;a11y:NOT_USED;html+a11y:NOT_USED	CLOSED_MEASURED_FUNCTIONAL_SENTINEL				{ let a = arguments(source: 42); csv(..a.map(x => x)) }	Only this complete bilateral assertion/projection is closed; historical expected preservation is distinct from parity.	Equal complete language observation on same literal source/profile refutes this divergence; a different required owner refutes proposed causal scope.	NO_CHANGE_AUTHORIZED	supplement		00_nucleo/diagnosticos/p1322-sentinels-normal.json#p1321.map_source
p1321.map_cast	p1321.map_cast	default,html,a11y,html+a11y	default:MATCH_DIAGNOSTIC;html:MATCH_DIAGNOSTIC;a11y:MATCH_DIAGNOSTIC;html+a11y:MATCH_DIAGNOSTIC	default:NOT_USED;html:NOT_USED;a11y:NOT_USED;html+a11y:NOT_USED	CLOSED_MEASURED_FUNCTIONAL_SENTINEL				{ let a = arguments(zeta: 1, 42); csv(..a.map(x => x)) }	Only this complete bilateral assertion/projection is closed; historical expected preservation is distinct from parity.	Equal complete language observation on same literal source/profile refutes this divergence; a different required owner refutes proposed causal scope.	NO_CHANGE_AUTHORIZED	supplement		00_nucleo/diagnosticos/p1322-sentinels-normal.json#p1321.map_cast
p1321.map_excess	p1321.map_excess	default,html,a11y,html+a11y	default:MATCH_DIAGNOSTIC;html:MATCH_DIAGNOSTIC;a11y:MATCH_DIAGNOSTIC;html+a11y:MATCH_DIAGNOSTIC	default:NOT_USED;html:NOT_USED;a11y:NOT_USED;html+a11y:NOT_USED	CLOSED_MEASURED_FUNCTIONAL_SENTINEL				{ let a = arguments(bytes("a,b\n1,2"), 17, zeta: 1); csv(..a.map(x => x)) }	Only this complete bilateral assertion/projection is closed; historical expected preservation is distinct from parity.	Equal complete language observation on same literal source/profile refutes this divergence; a different required owner refutes proposed causal scope.	NO_CHANGE_AUTHORIZED	supplement		00_nucleo/diagnosticos/p1322-sentinels-normal.json#p1321.map_excess
p1321.map_unknown	p1321.map_unknown	default,html,a11y,html+a11y	default:MATCH_DIAGNOSTIC;html:MATCH_DIAGNOSTIC;a11y:MATCH_DIAGNOSTIC;html+a11y:MATCH_DIAGNOSTIC	default:NOT_USED;html:NOT_USED;a11y:NOT_USED;html+a11y:NOT_USED	CLOSED_MEASURED_FUNCTIONAL_SENTINEL				{ let a = arguments(bytes("a,b\n1,2"), zeta: 1, alpha: 2); csv(..a.map(x => x)) }	Only this complete bilateral assertion/projection is closed; historical expected preservation is distinct from parity.	Equal complete language observation on same literal source/profile refutes this divergence; a different required owner refutes proposed causal scope.	NO_CHANGE_AUTHORIZED	supplement		00_nucleo/diagnosticos/p1322-sentinels-normal.json#p1321.map_unknown
p1321.spread_dict_unknown	p1321.spread_dict_unknown	default,html,a11y,html+a11y	default:MATCH_DIAGNOSTIC;html:MATCH_DIAGNOSTIC;a11y:MATCH_DIAGNOSTIC;html+a11y:MATCH_DIAGNOSTIC	default:NOT_USED;html:NOT_USED;a11y:NOT_USED;html+a11y:NOT_USED	CLOSED_MEASURED_FUNCTIONAL_SENTINEL				csv(bytes("a,b\n1,2"), ..(zeta: 1, alpha: 2))	Only this complete bilateral assertion/projection is closed; historical expected preservation is distinct from parity.	Equal complete language observation on same literal source/profile refutes this divergence; a different required owner refutes proposed causal scope.	NO_CHANGE_AUTHORIZED	supplement		00_nucleo/diagnosticos/p1322-sentinels-normal.json#p1321.spread_dict_unknown
p1321.spread_array_excess	p1321.spread_array_excess	default,html,a11y,html+a11y	default:MATCH_DIAGNOSTIC;html:MATCH_DIAGNOSTIC;a11y:MATCH_DIAGNOSTIC;html+a11y:MATCH_DIAGNOSTIC	default:NOT_USED;html:NOT_USED;a11y:NOT_USED;html+a11y:NOT_USED	CLOSED_MEASURED_FUNCTIONAL_SENTINEL				csv(..(bytes("a,b\n1,2"), 17))	Only this complete bilateral assertion/projection is closed; historical expected preservation is distinct from parity.	Equal complete language observation on same literal source/profile refutes this divergence; a different required owner refutes proposed causal scope.	NO_CHANGE_AUTHORIZED	supplement		00_nucleo/diagnosticos/p1322-sentinels-normal.json#p1321.spread_array_excess
p1321.args_dup_delimiter	p1321.args_dup_delimiter	default,html,a11y,html+a11y	default:MATCH_DIAGNOSTIC;html:MATCH_DIAGNOSTIC;a11y:MATCH_DIAGNOSTIC;html+a11y:MATCH_DIAGNOSTIC	default:NOT_USED;html:NOT_USED;a11y:NOT_USED;html+a11y:NOT_USED	CLOSED_MEASURED_FUNCTIONAL_SENTINEL				{ let a = arguments(delimiter: "ab"); csv(bytes("a,b\n1,2"), ..a, delimiter: ",", zeta: 1) }	Only this complete bilateral assertion/projection is closed; historical expected preservation is distinct from parity.	Equal complete language observation on same literal source/profile refutes this divergence; a different required owner refutes proposed causal scope.	NO_CHANGE_AUTHORIZED	supplement		00_nucleo/diagnosticos/p1322-sentinels-normal.json#p1321.args_dup_delimiter
p1321.sink_dup_row	p1321.sink_dup_row	default,html,a11y,html+a11y	default:MATCH_DIAGNOSTIC;html:MATCH_DIAGNOSTIC;a11y:MATCH_DIAGNOSTIC;html+a11y:MATCH_DIAGNOSTIC	default:NOT_USED;html:NOT_USED;a11y:NOT_USED;html+a11y:NOT_USED	CLOSED_MEASURED_FUNCTIONAL_SENTINEL				{ let f(..a) = csv(bytes("a,b\n1,2"), ..a, row-type: array); f(row-type: str, zeta: 1) }	Only this complete bilateral assertion/projection is closed; historical expected preservation is distinct from parity.	Equal complete language observation on same literal source/profile refutes this divergence; a different required owner refutes proposed causal scope.	NO_CHANGE_AUTHORIZED	supplement		00_nucleo/diagnosticos/p1322-sentinels-normal.json#p1321.sink_dup_row
p1321.valid_array	p1321.valid_array	default,html,a11y,html+a11y	default:MATCH_VALUE;html:MATCH_VALUE;a11y:MATCH_VALUE;html+a11y:MATCH_VALUE	default:NOT_USED;html:NOT_USED;a11y:NOT_USED;html+a11y:NOT_USED	CLOSED_MEASURED_FUNCTIONAL_SENTINEL				csv(bytes("a,b\n1,2"))	Only this complete bilateral assertion/projection is closed; historical expected preservation is distinct from parity.	Equal complete language observation on same literal source/profile refutes this divergence; a different required owner refutes proposed causal scope.	NO_CHANGE_AUTHORIZED	supplement		00_nucleo/diagnosticos/p1322-sentinels-normal.json#p1321.valid_array
p1321.valid_dict	p1321.valid_dict	default,html,a11y,html+a11y	default:MATCH_VALUE;html:MATCH_VALUE;a11y:MATCH_VALUE;html+a11y:MATCH_VALUE	default:NOT_USED;html:NOT_USED;a11y:NOT_USED;html+a11y:NOT_USED	CLOSED_MEASURED_FUNCTIONAL_SENTINEL				csv(bytes("a,b\n1,2"), row-type: dictionary)	Only this complete bilateral assertion/projection is closed; historical expected preservation is distinct from parity.	Equal complete language observation on same literal source/profile refutes this divergence; a different required owner refutes proposed causal scope.	NO_CHANGE_AUTHORIZED	supplement		00_nucleo/diagnosticos/p1322-sentinels-normal.json#p1321.valid_dict
p1321.valid_semicolon	p1321.valid_semicolon	default,html,a11y,html+a11y	default:MATCH_VALUE;html:MATCH_VALUE;a11y:MATCH_VALUE;html+a11y:MATCH_VALUE	default:NOT_USED;html:NOT_USED;a11y:NOT_USED;html+a11y:NOT_USED	CLOSED_MEASURED_FUNCTIONAL_SENTINEL				csv(bytes("a;b\n1;2"), delimiter: ";")	Only this complete bilateral assertion/projection is closed; historical expected preservation is distinct from parity.	Equal complete language observation on same literal source/profile refutes this divergence; a different required owner refutes proposed causal scope.	NO_CHANGE_AUTHORIZED	supplement		00_nucleo/diagnosticos/p1322-sentinels-normal.json#p1321.valid_semicolon
p1321.valid_empty	p1321.valid_empty	default,html,a11y,html+a11y	default:MATCH_VALUE;html:MATCH_VALUE;a11y:MATCH_VALUE;html+a11y:MATCH_VALUE	default:NOT_USED;html:NOT_USED;a11y:NOT_USED;html+a11y:NOT_USED	CLOSED_MEASURED_FUNCTIONAL_SENTINEL				csv(bytes(()))	Only this complete bilateral assertion/projection is closed; historical expected preservation is distinct from parity.	Equal complete language observation on same literal source/profile refutes this divergence; a different required owner refutes proposed causal scope.	NO_CHANGE_AUTHORIZED	supplement		00_nucleo/diagnosticos/p1322-sentinels-normal.json#p1321.valid_empty
p1321.valid_quoted	p1321.valid_quoted	default,html,a11y,html+a11y	default:MATCH_VALUE;html:MATCH_VALUE;a11y:MATCH_VALUE;html+a11y:MATCH_VALUE	default:NOT_USED;html:NOT_USED;a11y:NOT_USED;html+a11y:NOT_USED	CLOSED_MEASURED_FUNCTIONAL_SENTINEL				csv(bytes("\"a,b\",c"))	Only this complete bilateral assertion/projection is closed; historical expected preservation is distinct from parity.	Equal complete language observation on same literal source/profile refutes this divergence; a different required owner refutes proposed causal scope.	NO_CHANGE_AUTHORIZED	supplement		00_nucleo/diagnosticos/p1322-sentinels-normal.json#p1321.valid_quoted
p1321.preserve_unequal	p1321.preserve_unequal	default,html,a11y,html+a11y	default:MATCH_DIAGNOSTIC;html:MATCH_DIAGNOSTIC;a11y:MATCH_DIAGNOSTIC;html+a11y:MATCH_DIAGNOSTIC	default:NOT_USED;html:NOT_USED;a11y:NOT_USED;html+a11y:NOT_USED	CLOSED_MEASURED_FUNCTIONAL_SENTINEL				csv(bytes("a,b\n1"))	Only this complete bilateral assertion/projection is closed; historical expected preservation is distinct from parity.	Equal complete language observation on same literal source/profile refutes this divergence; a different required owner refutes proposed causal scope.	NO_CHANGE_AUTHORIZED	supplement		00_nucleo/diagnosticos/p1322-sentinels-normal.json#p1321.preserve_unequal
p1321.preserve_utf8	p1321.preserve_utf8	default,html,a11y,html+a11y	default:MATCH_DIAGNOSTIC;html:MATCH_DIAGNOSTIC;a11y:MATCH_DIAGNOSTIC;html+a11y:MATCH_DIAGNOSTIC	default:NOT_USED;html:NOT_USED;a11y:NOT_USED;html+a11y:NOT_USED	CLOSED_MEASURED_FUNCTIONAL_SENTINEL				csv(bytes((255,)))	Only this complete bilateral assertion/projection is closed; historical expected preservation is distinct from parity.	Equal complete language observation on same literal source/profile refutes this divergence; a different required owner refutes proposed causal scope.	NO_CHANGE_AUTHORIZED	supplement		00_nucleo/diagnosticos/p1322-sentinels-normal.json#p1321.preserve_utf8
p1321.preserve_multiline	p1321.preserve_multiline	default,html,a11y,html+a11y	default:MATCH_DIAGNOSTIC;html:MATCH_DIAGNOSTIC;a11y:MATCH_DIAGNOSTIC;html+a11y:MATCH_DIAGNOSTIC	default:NOT_USED;html:NOT_USED;a11y:NOT_USED;html+a11y:NOT_USED	CLOSED_MEASURED_FUNCTIONAL_SENTINEL				csv(bytes("\"a\nb\",c\n1"))	Only this complete bilateral assertion/projection is closed; historical expected preservation is distinct from parity.	Equal complete language observation on same literal source/profile refutes this divergence; a different required owner refutes proposed causal scope.	NO_CHANGE_AUTHORIZED	supplement		00_nucleo/diagnosticos/p1322-sentinels-normal.json#p1321.preserve_multiline
p1321.preserve_crlf	p1321.preserve_crlf	default,html,a11y,html+a11y	default:MATCH_DIAGNOSTIC;html:MATCH_DIAGNOSTIC;a11y:MATCH_DIAGNOSTIC;html+a11y:MATCH_DIAGNOSTIC	default:NOT_USED;html:NOT_USED;a11y:NOT_USED;html+a11y:NOT_USED	CLOSED_MEASURED_FUNCTIONAL_SENTINEL				csv(bytes("a,b\r\n1"))	Only this complete bilateral assertion/projection is closed; historical expected preservation is distinct from parity.	Equal complete language observation on same literal source/profile refutes this divergence; a different required owner refutes proposed causal scope.	NO_CHANGE_AUTHORIZED	supplement		00_nucleo/diagnosticos/p1322-sentinels-normal.json#p1321.preserve_crlf
p1321.preserve_path_good	p1321.preserve_path_good	default,html,a11y,html+a11y	default:MATCH_VALUE;html:MATCH_VALUE;a11y:MATCH_VALUE;html+a11y:MATCH_VALUE	default:NOT_USED;html:NOT_USED;a11y:NOT_USED;html+a11y:NOT_USED	CLOSED_MEASURED_FUNCTIONAL_SENTINEL				csv("00_nucleo/diagnosticos/p1322-fixtures/good.csv")	Only this complete bilateral assertion/projection is closed; historical expected preservation is distinct from parity.	Equal complete language observation on same literal source/profile refutes this divergence; a different required owner refutes proposed causal scope.	NO_CHANGE_AUTHORIZED	supplement		00_nucleo/diagnosticos/p1322-sentinels-normal.json#p1321.preserve_path_good
p1321.preserve_path_bad	csv	default,html,a11y,html+a11y	default:DIFFERENT_DIAGNOSTIC;html:DIFFERENT_DIAGNOSTIC;a11y:DIFFERENT_DIAGNOSTIC;html+a11y:DIFFERENT_DIAGNOSTIC	default:NOT_USED;html:NOT_USED;a11y:NOT_USED;html+a11y:NOT_USED	OPEN_LANGUAGE_DIVERGENCE	00_nucleo/prompts/compiler/stdlib/loading.md	01_core/src/compiler/stdlib/loading.rs:948;01_core/src/compiler/stdlib/loading.rs:955;01_core/src/compiler/stdlib/foundations/path.rs:28;03_infra/src/world.rs:743	lab/typst-original/crates/typst-library/src/loading/csv.rs:138	csv("00_nucleo/diagnosticos/p1322-fixtures/unequal.csv")	CSV valid UTF-8 external-file parse error has correct text but lacks external source excerpt. Current read_path returns bytes without FileId; the complete required owner/contract set is unresolved. Not a one-owner cheap diagnostic.	Equal complete language observation on same literal source/profile refutes this divergence; a different required owner refutes proposed causal scope.	ADR0127_INTERNAL_PARITY_L0_FIRST_RED_GREEN_REVALIDATE	supplement	csv-valid-file-error-anchor	00_nucleo/diagnosticos/p1322-sentinels-normal.json#p1321.preserve_path_bad
p1321.preserve_io	csv	default,html,a11y,html+a11y	default:DIFFERENT_DIAGNOSTIC;html:DIFFERENT_DIAGNOSTIC;a11y:DIFFERENT_DIAGNOSTIC;html+a11y:DIFFERENT_DIAGNOSTIC	default:NOT_USED;html:NOT_USED;a11y:NOT_USED;html+a11y:NOT_USED	OPEN_LANGUAGE_DIVERGENCE	00_nucleo/prompts/compiler/stdlib/loading.md	01_core/src/compiler/stdlib/loading.rs:1188;03_infra/src/world.rs:743	lab/typst-original/crates/typst-library/src/loading/read.rs:24	csv("p1321-ab2-nonexistent.csv")	Loading wraps failure in Portuguese/detached span; physical searched-path spelling also differs in World. Complete external-I/O envelope requires more than the diagnosed loading owner; full set unresolved.	Equal complete language observation on same literal source/profile refutes this divergence; a different required owner refutes proposed causal scope.	ADR0127_INTERNAL_PARITY_L0_FIRST_RED_GREEN_REVALIDATE	supplement	loader-io-envelope	00_nucleo/diagnosticos/p1322-sentinels-normal.json#p1321.preserve_io
p1321.protected_source	csv	default,html,a11y,html+a11y	default:DIFFERENT_DIAGNOSTIC;html:DIFFERENT_DIAGNOSTIC;a11y:DIFFERENT_DIAGNOSTIC;html+a11y:DIFFERENT_DIAGNOSTIC	default:NOT_USED;html:NOT_USED;a11y:NOT_USED;html+a11y:NOT_USED	OPEN_LANGUAGE_DIVERGENCE	00_nucleo/prompts/compiler/stdlib/loading.md	01_core/src/compiler/stdlib/loading.rs:1406;01_core/src/compiler/stdlib/loading.rs:1197	lab/typst-original/crates/typst-library/src/loading/mod.rs:54	csv(sym.alpha)	Symbol is rejected before DataSource coercion, changing successful parse and source/options precedence. Existing Symbol has a character but source provenance/general cast policy scope is unresolved.	Equal complete language observation on same literal source/profile refutes this divergence; a different required owner refutes proposed causal scope.	ADR0127_INTERNAL_PARITY_L0_FIRST_RED_GREEN_REVALIDATE	supplement	csv-symbol-source	00_nucleo/diagnosticos/p1322-sentinels-normal.json#p1321.protected_source
p1321.protected_delimiter	csv	default,html,a11y,html+a11y	default:DIFFERENT_DIAGNOSTIC;html:DIFFERENT_DIAGNOSTIC;a11y:DIFFERENT_DIAGNOSTIC;html+a11y:DIFFERENT_DIAGNOSTIC	default:NOT_USED;html:NOT_USED;a11y:NOT_USED;html+a11y:NOT_USED	OPEN_LANGUAGE_DIVERGENCE	00_nucleo/prompts/compiler/stdlib/loading.md	01_core/src/compiler/stdlib/loading.rs:1360	lab/typst-original/crates/typst-library/src/loading/csv.rs:103	csv(bytes("a,b\n1,2"), delimiter: sym.alpha)	Delimiter accepts Str only; Symbol coercion changes successful delimiter parse and invalid-ASCII diagnostic. Existing character carrier is present; exact future cast scope must be specified.	Equal complete language observation on same literal source/profile refutes this divergence; a different required owner refutes proposed causal scope.	ADR0127_INTERNAL_PARITY_L0_FIRST_RED_GREEN_REVALIDATE	supplement	csv-symbol-delimiter	00_nucleo/diagnosticos/p1322-sentinels-normal.json#p1321.protected_delimiter
p1321.protected_read	p1321.protected_read	default,html,a11y,html+a11y	default:MATCH_DIAGNOSTIC;html:MATCH_DIAGNOSTIC;a11y:MATCH_DIAGNOSTIC;html+a11y:MATCH_DIAGNOSTIC	default:NOT_USED;html:NOT_USED;a11y:NOT_USED;html+a11y:NOT_USED	CLOSED_MEASURED_FUNCTIONAL_SENTINEL				read(42)	Only this complete bilateral assertion/projection is closed; historical expected preservation is distinct from parity.	Equal complete language observation on same literal source/profile refutes this divergence; a different required owner refutes proposed causal scope.	NO_CHANGE_AUTHORIZED	supplement		00_nucleo/diagnosticos/p1322-sentinels-normal.json#p1321.protected_read
p1321.protected_json	p1321.protected_json	default,html,a11y,html+a11y	default:MATCH_DIAGNOSTIC;html:MATCH_DIAGNOSTIC;a11y:MATCH_DIAGNOSTIC;html+a11y:MATCH_DIAGNOSTIC	default:NOT_USED;html:NOT_USED;a11y:NOT_USED;html+a11y:NOT_USED	CLOSED_MEASURED_FUNCTIONAL_SENTINEL				json(42)	Only this complete bilateral assertion/projection is closed; historical expected preservation is distinct from parity.	Equal complete language observation on same literal source/profile refutes this divergence; a different required owner refutes proposed causal scope.	NO_CHANGE_AUTHORIZED	supplement		00_nucleo/diagnosticos/p1322-sentinels-normal.json#p1321.protected_json
p1321.protected_yaml	p1321.protected_yaml	default,html,a11y,html+a11y	default:MATCH_VALUE;html:MATCH_VALUE;a11y:MATCH_VALUE;html+a11y:MATCH_VALUE	default:NOT_USED;html:NOT_USED;a11y:NOT_USED;html+a11y:NOT_USED	CLOSED_MEASURED_FUNCTIONAL_SENTINEL				yaml(bytes("a: 1"))	Only this complete bilateral assertion/projection is closed; historical expected preservation is distinct from parity.	Equal complete language observation on same literal source/profile refutes this divergence; a different required owner refutes proposed causal scope.	NO_CHANGE_AUTHORIZED	supplement		00_nucleo/diagnosticos/p1322-sentinels-normal.json#p1321.protected_yaml
p1321.protected_toml	p1321.protected_toml	default,html,a11y,html+a11y	default:MATCH_VALUE;html:MATCH_VALUE;a11y:MATCH_VALUE;html+a11y:MATCH_VALUE	default:NOT_USED;html:NOT_USED;a11y:NOT_USED;html+a11y:NOT_USED	CLOSED_MEASURED_FUNCTIONAL_SENTINEL				toml(bytes("a = 1"))	Only this complete bilateral assertion/projection is closed; historical expected preservation is distinct from parity.	Equal complete language observation on same literal source/profile refutes this divergence; a different required owner refutes proposed causal scope.	NO_CHANGE_AUTHORIZED	supplement		00_nucleo/diagnosticos/p1322-sentinels-normal.json#p1321.protected_toml
p1321.protected_xml	xml	default,html,a11y,html+a11y	default:DIFFERENT_VALUE;html:DIFFERENT_VALUE;a11y:DIFFERENT_VALUE;html+a11y:DIFFERENT_VALUE	default:NOT_USED;html:NOT_USED;a11y:NOT_USED;html+a11y:NOT_USED	OPEN_LANGUAGE_DIVERGENCE	00_nucleo/prompts/compiler/stdlib/loading.md	01_core/src/compiler/stdlib/loading.rs:910	lab/typst-original/crates/typst-library/src/loading/xml.rs:85	xml(bytes("<a/>"))	New public dictionary namespace field requires exact L0 first.	Equal complete language observation on same literal source/profile refutes this divergence; a different required owner refutes proposed causal scope.	ADR0127_PUBLIC_CONTRACT_GATE_BEFORE_MATERIALIZATION	supplement	xml-node-namespace	00_nucleo/diagnosticos/p1322-sentinels-normal.json#p1321.protected_xml
p1321.protected_cbor	p1321.protected_cbor	default,html,a11y,html+a11y	default:MATCH_VALUE;html:MATCH_VALUE;a11y:MATCH_VALUE;html+a11y:MATCH_VALUE	default:NOT_USED;html:NOT_USED;a11y:NOT_USED;html+a11y:NOT_USED	CLOSED_MEASURED_FUNCTIONAL_SENTINEL				cbor(cbor.encode((a: 1)))	Only this complete bilateral assertion/projection is closed; historical expected preservation is distinct from parity.	Equal complete language observation on same literal source/profile refutes this divergence; a different required owner refutes proposed causal scope.	NO_CHANGE_AUTHORIZED	supplement		00_nucleo/diagnosticos/p1322-sentinels-normal.json#p1321.protected_cbor
p1321.protected_encode	p1321.protected_encode	default,html,a11y,html+a11y	default:MATCH_VALUE;html:MATCH_VALUE;a11y:MATCH_VALUE;html+a11y:MATCH_VALUE	default:NOT_USED;html:NOT_USED;a11y:NOT_USED;html+a11y:NOT_USED	CLOSED_MEASURED_FUNCTIONAL_SENTINEL				json.encode((a: 1), pretty: false)	Only this complete bilateral assertion/projection is closed; historical expected preservation is distinct from parity.	Equal complete language observation on same literal source/profile refutes this divergence; a different required owner refutes proposed causal scope.	NO_CHANGE_AUTHORIZED	supplement		00_nucleo/diagnosticos/p1322-sentinels-normal.json#p1321.protected_encode
p1321.protected_missingfield	p1321.protected_missingfield	default,html,a11y,html+a11y	default:MATCH_DIAGNOSTIC;html:MATCH_DIAGNOSTIC;a11y:MATCH_DIAGNOSTIC;html+a11y:MATCH_DIAGNOSTIC	default:NOT_USED;html:NOT_USED;a11y:NOT_USED;html+a11y:NOT_USED	CLOSED_MEASURED_FUNCTIONAL_SENTINEL				csv.encode(1)	Only this complete bilateral assertion/projection is closed; historical expected preservation is distinct from parity.	Equal complete language observation on same literal source/profile refutes this divergence; a different required owner refutes proposed causal scope.	NO_CHANGE_AUTHORIZED	supplement		00_nucleo/diagnosticos/p1322-sentinels-normal.json#p1321.protected_missingfield
p1321.normative_symbol_source	csv	default,html,a11y,html+a11y	default:DIFFERENT_DIAGNOSTIC;html:DIFFERENT_DIAGNOSTIC;a11y:DIFFERENT_DIAGNOSTIC;html+a11y:DIFFERENT_DIAGNOSTIC	default:NOT_USED;html:NOT_USED;a11y:NOT_USED;html+a11y:NOT_USED	OPEN_LANGUAGE_DIVERGENCE	00_nucleo/prompts/compiler/stdlib/loading.md	01_core/src/compiler/stdlib/loading.rs:1406;01_core/src/compiler/stdlib/loading.rs:1197	lab/typst-original/crates/typst-library/src/loading/mod.rs:54	csv(sym.alpha, zeta: 1)	Symbol is rejected before DataSource coercion, changing successful parse and source/options precedence. Existing Symbol has a character but source provenance/general cast policy scope is unresolved.	Equal complete language observation on same literal source/profile refutes this divergence; a different required owner refutes proposed causal scope.	ADR0127_INTERNAL_PARITY_L0_FIRST_RED_GREEN_REVALIDATE	supplement	csv-symbol-source	00_nucleo/diagnosticos/p1322-sentinels-normal.json#p1321.normative_symbol_source
p1321.normative_symbol_delimiter	csv	default,html,a11y,html+a11y	default:DIFFERENT_DIAGNOSTIC;html:DIFFERENT_DIAGNOSTIC;a11y:DIFFERENT_DIAGNOSTIC;html+a11y:DIFFERENT_DIAGNOSTIC	default:NOT_USED;html:NOT_USED;a11y:NOT_USED;html+a11y:NOT_USED	OPEN_LANGUAGE_DIVERGENCE	00_nucleo/prompts/compiler/stdlib/loading.md	01_core/src/compiler/stdlib/loading.rs:1360	lab/typst-original/crates/typst-library/src/loading/csv.rs:103	csv(bytes("a,b\n1,2"), delimiter: sym.alpha, zeta: 1)	Delimiter accepts Str only; Symbol coercion changes successful delimiter parse and invalid-ASCII diagnostic. Existing character carrier is present; exact future cast scope must be specified.	Equal complete language observation on same literal source/profile refutes this divergence; a different required owner refutes proposed causal scope.	ADR0127_INTERNAL_PARITY_L0_FIRST_RED_GREEN_REVALIDATE	supplement	csv-symbol-delimiter	00_nucleo/diagnosticos/p1322-sentinels-normal.json#p1321.normative_symbol_delimiter
p1321.r2.r2_user_csv_missing	closure.missing-argument	default,html,a11y,html+a11y	default:DIFFERENT_DIAGNOSTIC;html:DIFFERENT_DIAGNOSTIC;a11y:DIFFERENT_DIAGNOSTIC;html+a11y:DIFFERENT_DIAGNOSTIC	default:NOT_USED;html:NOT_USED;a11y:NOT_USED;html+a11y:NOT_USED	OPEN_LANGUAGE_DIVERGENCE	00_nucleo/prompts/compiler/eval/call_dispatch.md;00_nucleo/prompts/compiler/eval/closures.md	01_core/src/compiler/eval/closures.rs:88;01_core/src/compiler/eval/call_dispatch.rs:455	lab/typst-original/crates/typst-library/src/foundations/args.rs:173	{ let csv(x) = x; csv() }	Closure missing positional uses Args.span, but native-only aggregate transport deliberately excludes closures. Complete closure origin/capture risk is not demonstrated.	Equal complete language observation on same literal source/profile refutes this divergence; a different required owner refutes proposed causal scope.	ADR0127_INTERNAL_PARITY_L0_FIRST_RED_GREEN_REVALIDATE	supplement	closure-missing-call-span	00_nucleo/diagnosticos/p1322-sentinels-normal.json#p1321.r2.r2_user_csv_missing
p1321.r2.r2_user_csv_alias	closure.missing-argument	default,html,a11y,html+a11y	default:DIFFERENT_DIAGNOSTIC;html:DIFFERENT_DIAGNOSTIC;a11y:DIFFERENT_DIAGNOSTIC;html+a11y:DIFFERENT_DIAGNOSTIC	default:NOT_USED;html:NOT_USED;a11y:NOT_USED;html+a11y:NOT_USED	OPEN_LANGUAGE_DIVERGENCE	00_nucleo/prompts/compiler/eval/call_dispatch.md;00_nucleo/prompts/compiler/eval/closures.md	01_core/src/compiler/eval/closures.rs:88;01_core/src/compiler/eval/call_dispatch.rs:455	lab/typst-original/crates/typst-library/src/foundations/args.rs:173	{ let csv(x) = x; let alias = csv; alias() }	Closure missing positional uses Args.span, but native-only aggregate transport deliberately excludes closures. Complete closure origin/capture risk is not demonstrated.	Equal complete language observation on same literal source/profile refutes this divergence; a different required owner refutes proposed causal scope.	ADR0127_INTERNAL_PARITY_L0_FIRST_RED_GREEN_REVALIDATE	supplement	closure-missing-call-span	00_nucleo/diagnosticos/p1322-sentinels-normal.json#p1321.r2.r2_user_csv_alias
p1321.r2.r2_user_csv_with	closure.missing-argument	default,html,a11y,html+a11y	default:DIFFERENT_DIAGNOSTIC;html:DIFFERENT_DIAGNOSTIC;a11y:DIFFERENT_DIAGNOSTIC;html+a11y:DIFFERENT_DIAGNOSTIC	default:NOT_USED;html:NOT_USED;a11y:NOT_USED;html+a11y:NOT_USED	OPEN_LANGUAGE_DIVERGENCE	00_nucleo/prompts/compiler/eval/call_dispatch.md;00_nucleo/prompts/compiler/eval/closures.md	01_core/src/compiler/eval/closures.rs:88;01_core/src/compiler/eval/call_dispatch.rs:455	lab/typst-original/crates/typst-library/src/foundations/args.rs:173	{ let csv(x) = x; csv.with()() }	Closure missing positional uses Args.span, but native-only aggregate transport deliberately excludes closures. Complete closure origin/capture risk is not demonstrated.	Equal complete language observation on same literal source/profile refutes this divergence; a different required owner refutes proposed causal scope.	ADR0127_INTERNAL_PARITY_L0_FIRST_RED_GREEN_REVALIDATE	supplement	closure-missing-call-span	00_nucleo/diagnosticos/p1322-sentinels-normal.json#p1321.r2.r2_user_csv_with
p1321.r2.r2_user_csv_value	p1321.r2.r2_user_csv_value	default,html,a11y,html+a11y	default:MATCH_VALUE;html:MATCH_VALUE;a11y:MATCH_VALUE;html+a11y:MATCH_VALUE	default:NOT_USED;html:NOT_USED;a11y:NOT_USED;html+a11y:NOT_USED	CLOSED_MEASURED_FUNCTIONAL_SENTINEL				{ let csv(..a) = a.len(); csv(1, zeta: 2) }	Only this complete bilateral assertion/projection is closed; historical expected preservation is distinct from parity.	Equal complete language observation on same literal source/profile refutes this divergence; a different required owner refutes proposed causal scope.	NO_CHANGE_AUTHORIZED	supplement		00_nucleo/diagnosticos/p1322-sentinels-normal.json#p1321.r2.r2_user_csv_value
p1321.r2.r2_read_missing	read	default,html,a11y,html+a11y	default:DIFFERENT_DIAGNOSTIC;html:DIFFERENT_DIAGNOSTIC;a11y:DIFFERENT_DIAGNOSTIC;html+a11y:DIFFERENT_DIAGNOSTIC	default:NOT_USED;html:NOT_USED;a11y:NOT_USED;html+a11y:NOT_USED	OPEN_LANGUAGE_DIVERGENCE	00_nucleo/prompts/compiler/eval/call_dispatch.md;00_nucleo/prompts/compiler/stdlib/loading.md	01_core/src/compiler/stdlib/loading.rs:1145	lab/typst-original/crates/typst-library/src/loading/read.rs:24	read()	Path-only parser family; cast carrier already exists, missing aggregate needs dispatch.	Equal complete language observation on same literal source/profile refutes this divergence; a different required owner refutes proposed causal scope.	ADR0127_INTERNAL_PARITY_L0_FIRST_REVALIDATE	supplement	loader-path-missing	00_nucleo/diagnosticos/p1322-sentinels-normal.json#p1321.r2.r2_read_missing
p1321.r2.r2_json_missing	json	default,html,a11y,html+a11y	default:DIFFERENT_DIAGNOSTIC;html:DIFFERENT_DIAGNOSTIC;a11y:DIFFERENT_DIAGNOSTIC;html+a11y:DIFFERENT_DIAGNOSTIC	default:NOT_USED;html:NOT_USED;a11y:NOT_USED;html+a11y:NOT_USED	OPEN_LANGUAGE_DIVERGENCE	00_nucleo/prompts/compiler/eval/call_dispatch.md;00_nucleo/prompts/compiler/stdlib/loading.md	01_core/src/compiler/stdlib/loading.rs:1197;01_core/src/compiler/stdlib/loading.rs:30	lab/typst-original/crates/typst-library/src/loading/mod.rs:54	json()	Missing requires whole-call aggregate transport beyond current encoder/panic set.	Equal complete language observation on same literal source/profile refutes this divergence; a different required owner refutes proposed causal scope.	ADR0127_INTERNAL_PARITY_L0_FIRST_REVALIDATE	supplement	loader-data-source-missing	00_nucleo/diagnosticos/p1322-sentinels-normal.json#p1321.r2.r2_json_missing
p1321.r2.r2_cbor_missing	cbor	default,html,a11y,html+a11y	default:DIFFERENT_DIAGNOSTIC;html:DIFFERENT_DIAGNOSTIC;a11y:DIFFERENT_DIAGNOSTIC;html+a11y:DIFFERENT_DIAGNOSTIC	default:NOT_USED;html:NOT_USED;a11y:NOT_USED;html+a11y:NOT_USED	OPEN_LANGUAGE_DIVERGENCE	00_nucleo/prompts/compiler/eval/call_dispatch.md;00_nucleo/prompts/compiler/stdlib/loading.md	01_core/src/compiler/stdlib/loading.rs:1197;01_core/src/compiler/stdlib/loading.rs:30	lab/typst-original/crates/typst-library/src/loading/mod.rs:54	cbor()	Missing requires whole-call aggregate transport beyond current encoder/panic set.	Equal complete language observation on same literal source/profile refutes this divergence; a different required owner refutes proposed causal scope.	ADR0127_INTERNAL_PARITY_L0_FIRST_REVALIDATE	supplement	loader-data-source-missing	00_nucleo/diagnosticos/p1322-sentinels-normal.json#p1321.r2.r2_cbor_missing
p1321.r2.r2_default_float	p1321.r2.r2_default_float	default,html,a11y,html+a11y	default:MATCH_DIAGNOSTIC;html:MATCH_DIAGNOSTIC;a11y:MATCH_DIAGNOSTIC;html+a11y:MATCH_DIAGNOSTIC	default:NOT_USED;html:NOT_USED;a11y:NOT_USED;html+a11y:NOT_USED	CLOSED_MEASURED_FUNCTIONAL_SENTINEL				float.is-nan()	Only this complete bilateral assertion/projection is closed; historical expected preservation is distinct from parity.	Equal complete language observation on same literal source/profile refutes this divergence; a different required owner refutes proposed causal scope.	NO_CHANGE_AUTHORIZED	supplement		00_nucleo/diagnosticos/p1322-sentinels-normal.json#p1321.r2.r2_default_float
p1321.r2.r2_encode_json_missing	p1321.r2.r2_encode_json_missing	default,html,a11y,html+a11y	default:MATCH_DIAGNOSTIC;html:MATCH_DIAGNOSTIC;a11y:MATCH_DIAGNOSTIC;html+a11y:MATCH_DIAGNOSTIC	default:NOT_USED;html:NOT_USED;a11y:NOT_USED;html+a11y:NOT_USED	CLOSED_MEASURED_FUNCTIONAL_SENTINEL				json.encode()	Only this complete bilateral assertion/projection is closed; historical expected preservation is distinct from parity.	Equal complete language observation on same literal source/profile refutes this divergence; a different required owner refutes proposed causal scope.	NO_CHANGE_AUTHORIZED	supplement		00_nucleo/diagnosticos/p1322-sentinels-normal.json#p1321.r2.r2_encode_json_missing
p1321.r2.r2_encode_toml_missing	p1321.r2.r2_encode_toml_missing	default,html,a11y,html+a11y	default:MATCH_DIAGNOSTIC;html:MATCH_DIAGNOSTIC;a11y:MATCH_DIAGNOSTIC;html+a11y:MATCH_DIAGNOSTIC	default:NOT_USED;html:NOT_USED;a11y:NOT_USED;html+a11y:NOT_USED	CLOSED_MEASURED_FUNCTIONAL_SENTINEL				toml.encode()	Only this complete bilateral assertion/projection is closed; historical expected preservation is distinct from parity.	Equal complete language observation on same literal source/profile refutes this divergence; a different required owner refutes proposed causal scope.	NO_CHANGE_AUTHORIZED	supplement		00_nucleo/diagnosticos/p1322-sentinels-normal.json#p1321.r2.r2_encode_toml_missing
p1321.r2.r2_encode_yaml_missing	p1321.r2.r2_encode_yaml_missing	default,html,a11y,html+a11y	default:MATCH_DIAGNOSTIC;html:MATCH_DIAGNOSTIC;a11y:MATCH_DIAGNOSTIC;html+a11y:MATCH_DIAGNOSTIC	default:NOT_USED;html:NOT_USED;a11y:NOT_USED;html+a11y:NOT_USED	CLOSED_MEASURED_FUNCTIONAL_SENTINEL				yaml.encode()	Only this complete bilateral assertion/projection is closed; historical expected preservation is distinct from parity.	Equal complete language observation on same literal source/profile refutes this divergence; a different required owner refutes proposed causal scope.	NO_CHANGE_AUTHORIZED	supplement		00_nucleo/diagnosticos/p1322-sentinels-normal.json#p1321.r2.r2_encode_yaml_missing
p1321.r2.r2_encode_with	p1321.r2.r2_encode_with	default,html,a11y,html+a11y	default:MATCH_DIAGNOSTIC;html:MATCH_DIAGNOSTIC;a11y:MATCH_DIAGNOSTIC;html+a11y:MATCH_DIAGNOSTIC	default:NOT_USED;html:NOT_USED;a11y:NOT_USED;html+a11y:NOT_USED	CLOSED_MEASURED_FUNCTIONAL_SENTINEL				json.encode.with().with()()	Only this complete bilateral assertion/projection is closed; historical expected preservation is distinct from parity.	Equal complete language observation on same literal source/profile refutes this divergence; a different required owner refutes proposed causal scope.	NO_CHANGE_AUTHORIZED	supplement		00_nucleo/diagnosticos/p1322-sentinels-normal.json#p1321.r2.r2_encode_with
p1321.r2.r2_panic_direct	p1321.r2.r2_panic_direct	default,html,a11y,html+a11y	default:MATCH_DIAGNOSTIC;html:MATCH_DIAGNOSTIC;a11y:MATCH_DIAGNOSTIC;html+a11y:MATCH_DIAGNOSTIC	default:NOT_USED;html:NOT_USED;a11y:NOT_USED;html+a11y:NOT_USED	CLOSED_MEASURED_FUNCTIONAL_SENTINEL				panic("control-r2")	Only this complete bilateral assertion/projection is closed; historical expected preservation is distinct from parity.	Equal complete language observation on same literal source/profile refutes this divergence; a different required owner refutes proposed causal scope.	NO_CHANGE_AUTHORIZED	supplement		00_nucleo/diagnosticos/p1322-sentinels-normal.json#p1321.r2.r2_panic_direct
p1321.r2.r2_panic_with	p1321.r2.r2_panic_with	default,html,a11y,html+a11y	default:MATCH_DIAGNOSTIC;html:MATCH_DIAGNOSTIC;a11y:MATCH_DIAGNOSTIC;html+a11y:MATCH_DIAGNOSTIC	default:NOT_USED;html:NOT_USED;a11y:NOT_USED;html+a11y:NOT_USED	CLOSED_MEASURED_FUNCTIONAL_SENTINEL				panic.with("control-r2").with()()	Only this complete bilateral assertion/projection is closed; historical expected preservation is distinct from parity.	Equal complete language observation on same literal source/profile refutes this divergence; a different required owner refutes proposed causal scope.	NO_CHANGE_AUTHORIZED	supplement		00_nucleo/diagnosticos/p1322-sentinels-normal.json#p1321.r2.r2_panic_with
p1321.r2.r2_user_panic	closure.missing-argument	default,html,a11y,html+a11y	default:DIFFERENT_DIAGNOSTIC;html:DIFFERENT_DIAGNOSTIC;a11y:DIFFERENT_DIAGNOSTIC;html+a11y:DIFFERENT_DIAGNOSTIC	default:NOT_USED;html:NOT_USED;a11y:NOT_USED;html+a11y:NOT_USED	OPEN_LANGUAGE_DIVERGENCE	00_nucleo/prompts/compiler/eval/call_dispatch.md;00_nucleo/prompts/compiler/eval/closures.md	01_core/src/compiler/eval/closures.rs:88;01_core/src/compiler/eval/call_dispatch.rs:455	lab/typst-original/crates/typst-library/src/foundations/args.rs:173	{ let panic(x) = x; panic() }	Closure missing positional uses Args.span, but native-only aggregate transport deliberately excludes closures. Complete closure origin/capture risk is not demonstrated.	Equal complete language observation on same literal source/profile refutes this divergence; a different required owner refutes proposed causal scope.	ADR0127_INTERNAL_PARITY_L0_FIRST_RED_GREEN_REVALIDATE	supplement	closure-missing-call-span	00_nucleo/diagnosticos/p1322-sentinels-normal.json#p1321.r2.r2_user_panic
p1321.r2.r2_csv_with_chain	p1321.r2.r2_csv_with_chain	default,html,a11y,html+a11y	default:MATCH_DIAGNOSTIC;html:MATCH_DIAGNOSTIC;a11y:MATCH_DIAGNOSTIC;html+a11y:MATCH_DIAGNOSTIC	default:NOT_USED;html:NOT_USED;a11y:NOT_USED;html+a11y:NOT_USED	CLOSED_MEASURED_FUNCTIONAL_SENTINEL				csv.with(delimiter: ";").with(row-type: dictionary)()	Only this complete bilateral assertion/projection is closed; historical expected preservation is distinct from parity.	Equal complete language observation on same literal source/profile refutes this divergence; a different required owner refutes proposed causal scope.	NO_CHANGE_AUTHORIZED	supplement		00_nucleo/diagnosticos/p1322-sentinels-normal.json#p1321.r2.r2_csv_with_chain
p1321.r2.r2_csv_with_source_origin	p1321.r2.r2_csv_with_source_origin	default,html,a11y,html+a11y	default:MATCH_DIAGNOSTIC;html:MATCH_DIAGNOSTIC;a11y:MATCH_DIAGNOSTIC;html+a11y:MATCH_DIAGNOSTIC	default:NOT_USED;html:NOT_USED;a11y:NOT_USED;html+a11y:NOT_USED	CLOSED_MEASURED_FUNCTIONAL_SENTINEL				csv.with(source: 42).with(delimiter: ";")()	Only this complete bilateral assertion/projection is closed; historical expected preservation is distinct from parity.	Equal complete language observation on same literal source/profile refutes this divergence; a different required owner refutes proposed causal scope.	NO_CHANGE_AUTHORIZED	supplement		00_nucleo/diagnosticos/p1322-sentinels-normal.json#p1321.r2.r2_csv_with_source_origin
p1321.r2.r2_math_csv_direct	math.csv	default,html,a11y,html+a11y	default:DIFFERENT_DIAGNOSTIC;html:DIFFERENT_DIAGNOSTIC;a11y:DIFFERENT_DIAGNOSTIC;html+a11y:DIFFERENT_DIAGNOSTIC	default:NOT_USED;html:NOT_USED;a11y:NOT_USED;html+a11y:NOT_USED	OPEN_LANGUAGE_DIVERGENCE	00_nucleo/prompts/compiler/eval/math.md	01_core/src/compiler/eval/math.rs:1	lab/typst-original/crates/typst-eval/src/math.rs:1	$csv()$	Direct math identifier resolves global csv before canonical math-namespace rejection. Alias/With reach CSV; this is a lookup cause, not native CSV missing-source.	Equal complete language observation on same literal source/profile refutes this divergence; a different required owner refutes proposed causal scope.	ADR0127_INTERNAL_PARITY_L0_FIRST_RED_GREEN_REVALIDATE	supplement	math-direct-csv-lookup	00_nucleo/diagnosticos/p1322-sentinels-normal.json#p1321.r2.r2_math_csv_direct
p1321.r2.r2_math_csv_alias	p1321.r2.r2_math_csv_alias	default,html,a11y,html+a11y	default:MATCH_DIAGNOSTIC;html:MATCH_DIAGNOSTIC;a11y:MATCH_DIAGNOSTIC;html+a11y:MATCH_DIAGNOSTIC	default:NOT_USED;html:NOT_USED;a11y:NOT_USED;html+a11y:NOT_USED	CLOSED_MEASURED_FUNCTIONAL_SENTINEL				{ let reader = csv; $reader()$ }	Only this complete bilateral assertion/projection is closed; historical expected preservation is distinct from parity.	Equal complete language observation on same literal source/profile refutes this divergence; a different required owner refutes proposed causal scope.	NO_CHANGE_AUTHORIZED	supplement		00_nucleo/diagnosticos/p1322-sentinels-normal.json#p1321.r2.r2_math_csv_alias
p1321.r2.r2_math_csv_with	p1321.r2.r2_math_csv_with	default,html,a11y,html+a11y	default:MATCH_DIAGNOSTIC;html:MATCH_DIAGNOSTIC;a11y:MATCH_DIAGNOSTIC;html+a11y:MATCH_DIAGNOSTIC	default:NOT_USED;html:NOT_USED;a11y:NOT_USED;html+a11y:NOT_USED	CLOSED_MEASURED_FUNCTIONAL_SENTINEL				{ let reader = csv.with(delimiter: ";").with(); $reader()$ }	Only this complete bilateral assertion/projection is closed; historical expected preservation is distinct from parity.	Equal complete language observation on same literal source/profile refutes this divergence; a different required owner refutes proposed causal scope.	NO_CHANGE_AUTHORIZED	supplement		00_nucleo/diagnosticos/p1322-sentinels-normal.json#p1321.r2.r2_math_csv_with
p1320.csv-good-array-str	p1320.csv-good-array-str	default,html,a11y,html+a11y	default:MATCH_VALUE;html:MATCH_VALUE;a11y:MATCH_VALUE;html+a11y:MATCH_VALUE	default:NOT_USED;html:NOT_USED;a11y:NOT_USED;html+a11y:NOT_USED	CLOSED_MEASURED_FUNCTIONAL_SENTINEL				csv("good.csv", row-type: array)	Only this complete bilateral assertion/projection is closed; historical expected preservation is distinct from parity.	Equal complete language observation on same literal source/profile refutes this divergence; a different required owner refutes proposed causal scope.	NO_CHANGE_AUTHORIZED	supplement		00_nucleo/diagnosticos/p1322-sentinels-normal.json#p1320.csv-good-array-str
p1320.csv-good-array-path	p1320.csv-good-array-path	default,html,a11y,html+a11y	default:MATCH_VALUE;html:MATCH_VALUE;a11y:MATCH_VALUE;html+a11y:MATCH_VALUE	default:NOT_USED;html:NOT_USED;a11y:NOT_USED;html+a11y:NOT_USED	CLOSED_MEASURED_FUNCTIONAL_SENTINEL				csv(path("good.csv"), row-type: array)	Only this complete bilateral assertion/projection is closed; historical expected preservation is distinct from parity.	Equal complete language observation on same literal source/profile refutes this divergence; a different required owner refutes proposed causal scope.	NO_CHANGE_AUTHORIZED	supplement		00_nucleo/diagnosticos/p1322-sentinels-normal.json#p1320.csv-good-array-path
p1320.csv-good-array-bytes	p1320.csv-good-array-bytes	default,html,a11y,html+a11y	default:MATCH_VALUE;html:MATCH_VALUE;a11y:MATCH_VALUE;html+a11y:MATCH_VALUE	default:NOT_USED;html:NOT_USED;a11y:NOT_USED;html+a11y:NOT_USED	CLOSED_MEASURED_FUNCTIONAL_SENTINEL				csv(bytes("a,b\n1,2\n"), row-type: array)	Only this complete bilateral assertion/projection is closed; historical expected preservation is distinct from parity.	Equal complete language observation on same literal source/profile refutes this divergence; a different required owner refutes proposed causal scope.	NO_CHANGE_AUTHORIZED	supplement		00_nucleo/diagnosticos/p1322-sentinels-normal.json#p1320.csv-good-array-bytes
p1320.csv-unequal-array-str	csv	default,html,a11y,html+a11y	default:DIFFERENT_DIAGNOSTIC;html:DIFFERENT_DIAGNOSTIC;a11y:DIFFERENT_DIAGNOSTIC;html+a11y:DIFFERENT_DIAGNOSTIC	default:NOT_USED;html:NOT_USED;a11y:NOT_USED;html+a11y:NOT_USED	OPEN_LANGUAGE_DIVERGENCE	00_nucleo/prompts/compiler/stdlib/loading.md	01_core/src/compiler/stdlib/loading.rs:948;01_core/src/compiler/stdlib/loading.rs:955;01_core/src/compiler/stdlib/foundations/path.rs:28;03_infra/src/world.rs:743	lab/typst-original/crates/typst-library/src/loading/csv.rs:138	csv("unequal.csv", row-type: array)	CSV valid UTF-8 external-file parse error has correct text but lacks external source excerpt. Current read_path returns bytes without FileId; the complete required owner/contract set is unresolved. Not a one-owner cheap diagnostic.	Equal complete language observation on same literal source/profile refutes this divergence; a different required owner refutes proposed causal scope.	ADR0127_INTERNAL_PARITY_L0_FIRST_RED_GREEN_REVALIDATE	supplement	csv-valid-file-error-anchor	00_nucleo/diagnosticos/p1322-sentinels-normal.json#p1320.csv-unequal-array-str
p1320.csv-unequal-array-path	csv	default,html,a11y,html+a11y	default:DIFFERENT_DIAGNOSTIC;html:DIFFERENT_DIAGNOSTIC;a11y:DIFFERENT_DIAGNOSTIC;html+a11y:DIFFERENT_DIAGNOSTIC	default:NOT_USED;html:NOT_USED;a11y:NOT_USED;html+a11y:NOT_USED	OPEN_LANGUAGE_DIVERGENCE	00_nucleo/prompts/compiler/stdlib/loading.md	01_core/src/compiler/stdlib/loading.rs:948;01_core/src/compiler/stdlib/loading.rs:955;01_core/src/compiler/stdlib/foundations/path.rs:28;03_infra/src/world.rs:743	lab/typst-original/crates/typst-library/src/loading/csv.rs:138	csv(path("unequal.csv"), row-type: array)	CSV valid UTF-8 external-file parse error has correct text but lacks external source excerpt. Current read_path returns bytes without FileId; the complete required owner/contract set is unresolved. Not a one-owner cheap diagnostic.	Equal complete language observation on same literal source/profile refutes this divergence; a different required owner refutes proposed causal scope.	ADR0127_INTERNAL_PARITY_L0_FIRST_RED_GREEN_REVALIDATE	supplement	csv-valid-file-error-anchor	00_nucleo/diagnosticos/p1322-sentinels-normal.json#p1320.csv-unequal-array-path
p1320.csv-unequal-array-bytes	p1320.csv-unequal-array-bytes	default,html,a11y,html+a11y	default:MATCH_DIAGNOSTIC;html:MATCH_DIAGNOSTIC;a11y:MATCH_DIAGNOSTIC;html+a11y:MATCH_DIAGNOSTIC	default:NOT_USED;html:NOT_USED;a11y:NOT_USED;html+a11y:NOT_USED	CLOSED_MEASURED_FUNCTIONAL_SENTINEL				csv(bytes("a,b\n1\n"), row-type: array)	Only this complete bilateral assertion/projection is closed; historical expected preservation is distinct from parity.	Equal complete language observation on same literal source/profile refutes this divergence; a different required owner refutes proposed causal scope.	NO_CHANGE_AUTHORIZED	supplement		00_nucleo/diagnosticos/p1322-sentinels-normal.json#p1320.csv-unequal-array-bytes
p1320.csv-good-dictionary-str	p1320.csv-good-dictionary-str	default,html,a11y,html+a11y	default:MATCH_VALUE;html:MATCH_VALUE;a11y:MATCH_VALUE;html+a11y:MATCH_VALUE	default:NOT_USED;html:NOT_USED;a11y:NOT_USED;html+a11y:NOT_USED	CLOSED_MEASURED_FUNCTIONAL_SENTINEL				csv("good.csv", row-type: dictionary)	Only this complete bilateral assertion/projection is closed; historical expected preservation is distinct from parity.	Equal complete language observation on same literal source/profile refutes this divergence; a different required owner refutes proposed causal scope.	NO_CHANGE_AUTHORIZED	supplement		00_nucleo/diagnosticos/p1322-sentinels-normal.json#p1320.csv-good-dictionary-str
p1320.csv-good-dictionary-path	p1320.csv-good-dictionary-path	default,html,a11y,html+a11y	default:MATCH_VALUE;html:MATCH_VALUE;a11y:MATCH_VALUE;html+a11y:MATCH_VALUE	default:NOT_USED;html:NOT_USED;a11y:NOT_USED;html+a11y:NOT_USED	CLOSED_MEASURED_FUNCTIONAL_SENTINEL				csv(path("good.csv"), row-type: dictionary)	Only this complete bilateral assertion/projection is closed; historical expected preservation is distinct from parity.	Equal complete language observation on same literal source/profile refutes this divergence; a different required owner refutes proposed causal scope.	NO_CHANGE_AUTHORIZED	supplement		00_nucleo/diagnosticos/p1322-sentinels-normal.json#p1320.csv-good-dictionary-path
p1320.csv-good-dictionary-bytes	p1320.csv-good-dictionary-bytes	default,html,a11y,html+a11y	default:MATCH_VALUE;html:MATCH_VALUE;a11y:MATCH_VALUE;html+a11y:MATCH_VALUE	default:NOT_USED;html:NOT_USED;a11y:NOT_USED;html+a11y:NOT_USED	CLOSED_MEASURED_FUNCTIONAL_SENTINEL				csv(bytes("a,b\n1,2\n"), row-type: dictionary)	Only this complete bilateral assertion/projection is closed; historical expected preservation is distinct from parity.	Equal complete language observation on same literal source/profile refutes this divergence; a different required owner refutes proposed causal scope.	NO_CHANGE_AUTHORIZED	supplement		00_nucleo/diagnosticos/p1322-sentinels-normal.json#p1320.csv-good-dictionary-bytes
p1320.csv-unequal-dictionary-str	csv	default,html,a11y,html+a11y	default:DIFFERENT_DIAGNOSTIC;html:DIFFERENT_DIAGNOSTIC;a11y:DIFFERENT_DIAGNOSTIC;html+a11y:DIFFERENT_DIAGNOSTIC	default:NOT_USED;html:NOT_USED;a11y:NOT_USED;html+a11y:NOT_USED	OPEN_LANGUAGE_DIVERGENCE	00_nucleo/prompts/compiler/stdlib/loading.md	01_core/src/compiler/stdlib/loading.rs:948;01_core/src/compiler/stdlib/loading.rs:955;01_core/src/compiler/stdlib/foundations/path.rs:28;03_infra/src/world.rs:743	lab/typst-original/crates/typst-library/src/loading/csv.rs:138	csv("unequal.csv", row-type: dictionary)	CSV valid UTF-8 external-file parse error has correct text but lacks external source excerpt. Current read_path returns bytes without FileId; the complete required owner/contract set is unresolved. Not a one-owner cheap diagnostic.	Equal complete language observation on same literal source/profile refutes this divergence; a different required owner refutes proposed causal scope.	ADR0127_INTERNAL_PARITY_L0_FIRST_RED_GREEN_REVALIDATE	supplement	csv-valid-file-error-anchor	00_nucleo/diagnosticos/p1322-sentinels-normal.json#p1320.csv-unequal-dictionary-str
p1320.csv-unequal-dictionary-path	csv	default,html,a11y,html+a11y	default:DIFFERENT_DIAGNOSTIC;html:DIFFERENT_DIAGNOSTIC;a11y:DIFFERENT_DIAGNOSTIC;html+a11y:DIFFERENT_DIAGNOSTIC	default:NOT_USED;html:NOT_USED;a11y:NOT_USED;html+a11y:NOT_USED	OPEN_LANGUAGE_DIVERGENCE	00_nucleo/prompts/compiler/stdlib/loading.md	01_core/src/compiler/stdlib/loading.rs:948;01_core/src/compiler/stdlib/loading.rs:955;01_core/src/compiler/stdlib/foundations/path.rs:28;03_infra/src/world.rs:743	lab/typst-original/crates/typst-library/src/loading/csv.rs:138	csv(path("unequal.csv"), row-type: dictionary)	CSV valid UTF-8 external-file parse error has correct text but lacks external source excerpt. Current read_path returns bytes without FileId; the complete required owner/contract set is unresolved. Not a one-owner cheap diagnostic.	Equal complete language observation on same literal source/profile refutes this divergence; a different required owner refutes proposed causal scope.	ADR0127_INTERNAL_PARITY_L0_FIRST_RED_GREEN_REVALIDATE	supplement	csv-valid-file-error-anchor	00_nucleo/diagnosticos/p1322-sentinels-normal.json#p1320.csv-unequal-dictionary-path
p1320.csv-unequal-dictionary-bytes	p1320.csv-unequal-dictionary-bytes	default,html,a11y,html+a11y	default:MATCH_DIAGNOSTIC;html:MATCH_DIAGNOSTIC;a11y:MATCH_DIAGNOSTIC;html+a11y:MATCH_DIAGNOSTIC	default:NOT_USED;html:NOT_USED;a11y:NOT_USED;html+a11y:NOT_USED	CLOSED_MEASURED_FUNCTIONAL_SENTINEL				csv(bytes("a,b\n1\n"), row-type: dictionary)	Only this complete bilateral assertion/projection is closed; historical expected preservation is distinct from parity.	Equal complete language observation on same literal source/profile refutes this divergence; a different required owner refutes proposed causal scope.	NO_CHANGE_AUTHORIZED	supplement		00_nucleo/diagnosticos/p1322-sentinels-normal.json#p1320.csv-unequal-dictionary-bytes
p1320.csv-empty	p1320.csv-empty	default,html,a11y,html+a11y	default:MATCH_VALUE;html:MATCH_VALUE;a11y:MATCH_VALUE;html+a11y:MATCH_VALUE	default:NOT_USED;html:NOT_USED;a11y:NOT_USED;html+a11y:NOT_USED	CLOSED_MEASURED_FUNCTIONAL_SENTINEL				csv(bytes(()))	Only this complete bilateral assertion/projection is closed; historical expected preservation is distinct from parity.	Equal complete language observation on same literal source/profile refutes this divergence; a different required owner refutes proposed causal scope.	NO_CHANGE_AUTHORIZED	supplement		00_nucleo/diagnosticos/p1322-sentinels-normal.json#p1320.csv-empty
p1320.csv-duplicate-headers	p1320.csv-duplicate-headers	default,html,a11y,html+a11y	default:MATCH_VALUE;html:MATCH_VALUE;a11y:MATCH_VALUE;html+a11y:MATCH_VALUE	default:NOT_USED;html:NOT_USED;a11y:NOT_USED;html+a11y:NOT_USED	CLOSED_MEASURED_FUNCTIONAL_SENTINEL				csv(bytes("a,a\n1,2"), row-type: dictionary)	Only this complete bilateral assertion/projection is closed; historical expected preservation is distinct from parity.	Equal complete language observation on same literal source/profile refutes this divergence; a different required owner refutes proposed causal scope.	NO_CHANGE_AUTHORIZED	supplement		00_nucleo/diagnosticos/p1322-sentinels-normal.json#p1320.csv-duplicate-headers
p1320.csv-quoted-multiline	p1320.csv-quoted-multiline	default,html,a11y,html+a11y	default:MATCH_VALUE;html:MATCH_VALUE;a11y:MATCH_VALUE;html+a11y:MATCH_VALUE	default:NOT_USED;html:NOT_USED;a11y:NOT_USED;html+a11y:NOT_USED	CLOSED_MEASURED_FUNCTIONAL_SENTINEL				csv(bytes("a,b\n\"one\ntwo\",3"))	Only this complete bilateral assertion/projection is closed; historical expected preservation is distinct from parity.	Equal complete language observation on same literal source/profile refutes this divergence; a different required owner refutes proposed causal scope.	NO_CHANGE_AUTHORIZED	supplement		00_nucleo/diagnosticos/p1322-sentinels-normal.json#p1320.csv-quoted-multiline
p1320.csv-symbol-delimiter	csv	default,html,a11y,html+a11y	default:VANILLA_ONLY;html:VANILLA_ONLY;a11y:VANILLA_ONLY;html+a11y:VANILLA_ONLY	default:NOT_USED;html:NOT_USED;a11y:NOT_USED;html+a11y:NOT_USED	OPEN_LANGUAGE_DIVERGENCE	00_nucleo/prompts/compiler/stdlib/loading.md	01_core/src/compiler/stdlib/loading.rs:1360	lab/typst-original/crates/typst-library/src/loading/csv.rs:103	csv(bytes("a,b"), delimiter: sym.comma)	Delimiter accepts Str only; Symbol coercion changes successful delimiter parse and invalid-ASCII diagnostic. Existing character carrier is present; exact future cast scope must be specified.	Equal complete language observation on same literal source/profile refutes this divergence; a different required owner refutes proposed causal scope.	ADR0127_INTERNAL_PARITY_L0_FIRST_RED_GREEN_REVALIDATE	supplement	csv-symbol-delimiter	00_nucleo/diagnosticos/p1322-sentinels-normal.json#p1320.csv-symbol-delimiter
p1320.csv-symbol-source	csv	default,html,a11y,html+a11y	default:VANILLA_ONLY;html:VANILLA_ONLY;a11y:VANILLA_ONLY;html+a11y:VANILLA_ONLY	default:NOT_USED;html:NOT_USED;a11y:NOT_USED;html+a11y:NOT_USED	OPEN_LANGUAGE_DIVERGENCE	00_nucleo/prompts/compiler/stdlib/loading.md	01_core/src/compiler/stdlib/loading.rs:1406;01_core/src/compiler/stdlib/loading.rs:1197	lab/typst-original/crates/typst-library/src/loading/mod.rs:54	csv(sym.comma)	Symbol is rejected before DataSource coercion, changing successful parse and source/options precedence. Existing Symbol has a character but source provenance/general cast policy scope is unresolved.	Equal complete language observation on same literal source/profile refutes this divergence; a different required owner refutes proposed causal scope.	ADR0127_INTERNAL_PARITY_L0_FIRST_RED_GREEN_REVALIDATE	supplement	csv-symbol-source	00_nucleo/diagnosticos/p1322-sentinels-normal.json#p1320.csv-symbol-source
p1320.csv-spread	p1320.csv-spread	default,html,a11y,html+a11y	default:MATCH_VALUE;html:MATCH_VALUE;a11y:MATCH_VALUE;html+a11y:MATCH_VALUE	default:NOT_USED;html:NOT_USED;a11y:NOT_USED;html+a11y:NOT_USED	CLOSED_MEASURED_FUNCTIONAL_SENTINEL				{let a=arguments("good.csv", row-type: dictionary); csv(..a)}	Only this complete bilateral assertion/projection is closed; historical expected preservation is distinct from parity.	Equal complete language observation on same literal source/profile refutes this divergence; a different required owner refutes proposed causal scope.	NO_CHANGE_AUTHORIZED	supplement		00_nucleo/diagnosticos/p1322-sentinels-normal.json#p1320.csv-spread
p1320.csv-with	p1320.csv-with	default,html,a11y,html+a11y	default:MATCH_VALUE;html:MATCH_VALUE;a11y:MATCH_VALUE;html+a11y:MATCH_VALUE	default:NOT_USED;html:NOT_USED;a11y:NOT_USED;html+a11y:NOT_USED	CLOSED_MEASURED_FUNCTIONAL_SENTINEL				{let f=csv.with("good.csv"); f()}	Only this complete bilateral assertion/projection is closed; historical expected preservation is distinct from parity.	Equal complete language observation on same literal source/profile refutes this divergence; a different required owner refutes proposed causal scope.	NO_CHANGE_AUTHORIZED	supplement		00_nucleo/diagnosticos/p1322-sentinels-normal.json#p1320.csv-with
p1320.csv-subdir-path	p1320.csv-subdir-path	default,html,a11y,html+a11y	default:MATCH_VALUE;html:MATCH_VALUE;a11y:MATCH_VALUE;html+a11y:MATCH_VALUE	default:NOT_USED;html:NOT_USED;a11y:NOT_USED;html+a11y:NOT_USED	CLOSED_MEASURED_FUNCTIONAL_SENTINEL				csv(path("sub/./data.csv"))	Only this complete bilateral assertion/projection is closed; historical expected preservation is distinct from parity.	Equal complete language observation on same literal source/profile refutes this divergence; a different required owner refutes proposed causal scope.	NO_CHANGE_AUTHORIZED	supplement		00_nucleo/diagnosticos/p1322-sentinels-normal.json#p1320.csv-subdir-path
p1320.csv-captured-eval	eval.import	default,html,a11y,html+a11y	default:VANILLA_ONLY;html:VANILLA_ONLY;a11y:VANILLA_ONLY;html+a11y:VANILLA_ONLY	default:NOT_USED;html:NOT_USED;a11y:NOT_USED;html+a11y:NOT_USED	OPEN_LANGUAGE_DIVERGENCE	00_nucleo/prompts/compiler/eval/modules.md	01_core/src/compiler/eval/modules.rs:152;03_infra/src/world.rs:723		{import "sub/module.typ": captured; csv(captured)}	Eval-import source has a path outside the current sandbox root. Compile captured-only succeeds, so captured/eval and closure/file-origin causes cannot be collapsed; complete owner set unresolved.	Equal complete language observation on same literal source/profile refutes this divergence; a different required owner refutes proposed causal scope.	ADR0127_INTERNAL_PARITY_L0_FIRST_RED_GREEN_REVALIDATE	supplement	eval-import-path-boundary	00_nucleo/diagnosticos/p1322-sentinels-normal.json#p1320.csv-captured-eval
p1320.csv-closure-eval	eval.import	default,html,a11y,html+a11y	default:VANILLA_ONLY;html:VANILLA_ONLY;a11y:VANILLA_ONLY;html+a11y:VANILLA_ONLY	default:NOT_USED;html:NOT_USED;a11y:NOT_USED;html+a11y:NOT_USED	OPEN_LANGUAGE_DIVERGENCE	00_nucleo/prompts/compiler/eval/modules.md	01_core/src/compiler/eval/modules.rs:152;03_infra/src/world.rs:723		{import "sub/module.typ": load; load()}	Eval-import source has a path outside the current sandbox root. Compile captured-only succeeds, so captured/eval and closure/file-origin causes cannot be collapsed; complete owner set unresolved.	Equal complete language observation on same literal source/profile refutes this divergence; a different required owner refutes proposed causal scope.	ADR0127_INTERNAL_PARITY_L0_FIRST_RED_GREEN_REVALIDATE	supplement	eval-import-path-boundary	00_nucleo/diagnosticos/p1322-sentinels-normal.json#p1320.csv-closure-eval
p1320.csv-missing-source	p1320.csv-missing-source	default,html,a11y,html+a11y	default:MATCH_DIAGNOSTIC;html:MATCH_DIAGNOSTIC;a11y:MATCH_DIAGNOSTIC;html+a11y:MATCH_DIAGNOSTIC	default:NOT_USED;html:NOT_USED;a11y:NOT_USED;html+a11y:NOT_USED	CLOSED_MEASURED_FUNCTIONAL_SENTINEL				csv()	Only this complete bilateral assertion/projection is closed; historical expected preservation is distinct from parity.	Equal complete language observation on same literal source/profile refutes this divergence; a different required owner refutes proposed causal scope.	NO_CHANGE_AUTHORIZED	supplement		00_nucleo/diagnosticos/p1322-sentinels-normal.json#p1320.csv-missing-source
p1320.csv-unknown-option	p1320.csv-unknown-option	default,html,a11y,html+a11y	default:MATCH_DIAGNOSTIC;html:MATCH_DIAGNOSTIC;a11y:MATCH_DIAGNOSTIC;html+a11y:MATCH_DIAGNOSTIC	default:NOT_USED;html:NOT_USED;a11y:NOT_USED;html+a11y:NOT_USED	CLOSED_MEASURED_FUNCTIONAL_SENTINEL				csv(bytes("a,b"), nope: 1)	Only this complete bilateral assertion/projection is closed; historical expected preservation is distinct from parity.	Equal complete language observation on same literal source/profile refutes this divergence; a different required owner refutes proposed causal scope.	NO_CHANGE_AUTHORIZED	supplement		00_nucleo/diagnosticos/p1322-sentinels-normal.json#p1320.csv-unknown-option
p1320.csv-extra-valid	p1320.csv-extra-valid	default,html,a11y,html+a11y	default:MATCH_DIAGNOSTIC;html:MATCH_DIAGNOSTIC;a11y:MATCH_DIAGNOSTIC;html+a11y:MATCH_DIAGNOSTIC	default:NOT_USED;html:NOT_USED;a11y:NOT_USED;html+a11y:NOT_USED	CLOSED_MEASURED_FUNCTIONAL_SENTINEL				csv(bytes("a,b"), 42)	Only this complete bilateral assertion/projection is closed; historical expected preservation is distinct from parity.	Equal complete language observation on same literal source/profile refutes this divergence; a different required owner refutes proposed causal scope.	NO_CHANGE_AUTHORIZED	supplement		00_nucleo/diagnosticos/p1322-sentinels-normal.json#p1320.csv-extra-valid
p1320.csv-extra-bad	p1320.csv-extra-bad	default,html,a11y,html+a11y	default:MATCH_DIAGNOSTIC;html:MATCH_DIAGNOSTIC;a11y:MATCH_DIAGNOSTIC;html+a11y:MATCH_DIAGNOSTIC	default:NOT_USED;html:NOT_USED;a11y:NOT_USED;html+a11y:NOT_USED	CLOSED_MEASURED_FUNCTIONAL_SENTINEL				csv(bytes("a,b\n1"), 42)	Only this complete bilateral assertion/projection is closed; historical expected preservation is distinct from parity.	Equal complete language observation on same literal source/profile refutes this divergence; a different required owner refutes proposed causal scope.	NO_CHANGE_AUTHORIZED	supplement		00_nucleo/diagnosticos/p1322-sentinels-normal.json#p1320.csv-extra-bad
p1320.csv-missing-file	csv	default,html,a11y,html+a11y	default:DIFFERENT_DIAGNOSTIC;html:DIFFERENT_DIAGNOSTIC;a11y:DIFFERENT_DIAGNOSTIC;html+a11y:DIFFERENT_DIAGNOSTIC	default:NOT_USED;html:NOT_USED;a11y:NOT_USED;html+a11y:NOT_USED	OPEN_LANGUAGE_DIVERGENCE	00_nucleo/prompts/compiler/stdlib/loading.md	01_core/src/compiler/stdlib/loading.rs:1188;03_infra/src/world.rs:743	lab/typst-original/crates/typst-library/src/loading/read.rs:24	csv("missing.csv")	Loading wraps failure in Portuguese/detached span; physical searched-path spelling also differs in World. Complete external-I/O envelope requires more than the diagnosed loading owner; full set unresolved.	Equal complete language observation on same literal source/profile refutes this divergence; a different required owner refutes proposed causal scope.	ADR0127_INTERNAL_PARITY_L0_FIRST_RED_GREEN_REVALIDATE	supplement	loader-io-envelope	00_nucleo/diagnosticos/p1322-sentinels-normal.json#p1320.csv-missing-file
p1320.csv-missing-file-path	csv	default,html,a11y,html+a11y	default:DIFFERENT_DIAGNOSTIC;html:DIFFERENT_DIAGNOSTIC;a11y:DIFFERENT_DIAGNOSTIC;html+a11y:DIFFERENT_DIAGNOSTIC	default:NOT_USED;html:NOT_USED;a11y:NOT_USED;html+a11y:NOT_USED	OPEN_LANGUAGE_DIVERGENCE	00_nucleo/prompts/compiler/stdlib/loading.md	01_core/src/compiler/stdlib/loading.rs:1188;03_infra/src/world.rs:743	lab/typst-original/crates/typst-library/src/loading/read.rs:24	csv(path("missing.csv"))	Loading wraps failure in Portuguese/detached span; physical searched-path spelling also differs in World. Complete external-I/O envelope requires more than the diagnosed loading owner; full set unresolved.	Equal complete language observation on same literal source/profile refutes this divergence; a different required owner refutes proposed causal scope.	ADR0127_INTERNAL_PARITY_L0_FIRST_RED_GREEN_REVALIDATE	supplement	loader-io-envelope	00_nucleo/diagnosticos/p1322-sentinels-normal.json#p1320.csv-missing-file-path
p1320.csv-source-cast	p1320.csv-source-cast	default,html,a11y,html+a11y	default:MATCH_DIAGNOSTIC;html:MATCH_DIAGNOSTIC;a11y:MATCH_DIAGNOSTIC;html+a11y:MATCH_DIAGNOSTIC	default:NOT_USED;html:NOT_USED;a11y:NOT_USED;html+a11y:NOT_USED	CLOSED_MEASURED_FUNCTIONAL_SENTINEL				csv(42)	Only this complete bilateral assertion/projection is closed; historical expected preservation is distinct from parity.	Equal complete language observation on same literal source/profile refutes this divergence; a different required owner refutes proposed causal scope.	NO_CHANGE_AUTHORIZED	supplement		00_nucleo/diagnosticos/p1322-sentinels-normal.json#p1320.csv-source-cast
p1320.csv-delimiter-cast	p1320.csv-delimiter-cast	default,html,a11y,html+a11y	default:MATCH_DIAGNOSTIC;html:MATCH_DIAGNOSTIC;a11y:MATCH_DIAGNOSTIC;html+a11y:MATCH_DIAGNOSTIC	default:NOT_USED;html:NOT_USED;a11y:NOT_USED;html+a11y:NOT_USED	CLOSED_MEASURED_FUNCTIONAL_SENTINEL				csv(bytes("a,b"), delimiter: 42)	Only this complete bilateral assertion/projection is closed; historical expected preservation is distinct from parity.	Equal complete language observation on same literal source/profile refutes this divergence; a different required owner refutes proposed causal scope.	NO_CHANGE_AUTHORIZED	supplement		00_nucleo/diagnosticos/p1322-sentinels-normal.json#p1320.csv-delimiter-cast
p1320.csv-delimiter-long	p1320.csv-delimiter-long	default,html,a11y,html+a11y	default:MATCH_DIAGNOSTIC;html:MATCH_DIAGNOSTIC;a11y:MATCH_DIAGNOSTIC;html+a11y:MATCH_DIAGNOSTIC	default:NOT_USED;html:NOT_USED;a11y:NOT_USED;html+a11y:NOT_USED	CLOSED_MEASURED_FUNCTIONAL_SENTINEL				csv(bytes("a,b"), delimiter: "xx")	Only this complete bilateral assertion/projection is closed; historical expected preservation is distinct from parity.	Equal complete language observation on same literal source/profile refutes this divergence; a different required owner refutes proposed causal scope.	NO_CHANGE_AUTHORIZED	supplement		00_nucleo/diagnosticos/p1322-sentinels-normal.json#p1320.csv-delimiter-long
p1320.csv-row-type-invalid	p1320.csv-row-type-invalid	default,html,a11y,html+a11y	default:MATCH_DIAGNOSTIC;html:MATCH_DIAGNOSTIC;a11y:MATCH_DIAGNOSTIC;html+a11y:MATCH_DIAGNOSTIC	default:NOT_USED;html:NOT_USED;a11y:NOT_USED;html+a11y:NOT_USED	CLOSED_MEASURED_FUNCTIONAL_SENTINEL				csv(bytes("a,b"), row-type: int)	Only this complete bilateral assertion/projection is closed; historical expected preservation is distinct from parity.	Equal complete language observation on same literal source/profile refutes this divergence; a different required owner refutes proposed causal scope.	NO_CHANGE_AUTHORIZED	supplement		00_nucleo/diagnosticos/p1322-sentinels-normal.json#p1320.csv-row-type-invalid
p1320.csv-options-precedence	p1320.csv-options-precedence	default,html,a11y,html+a11y	default:MATCH_DIAGNOSTIC;html:MATCH_DIAGNOSTIC;a11y:MATCH_DIAGNOSTIC;html+a11y:MATCH_DIAGNOSTIC	default:NOT_USED;html:NOT_USED;a11y:NOT_USED;html+a11y:NOT_USED	CLOSED_MEASURED_FUNCTIONAL_SENTINEL				csv(bytes("a,b"), delimiter: "xx", row-type: int)	Only this complete bilateral assertion/projection is closed; historical expected preservation is distinct from parity.	Equal complete language observation on same literal source/profile refutes this divergence; a different required owner refutes proposed causal scope.	NO_CHANGE_AUTHORIZED	supplement		00_nucleo/diagnosticos/p1322-sentinels-normal.json#p1320.csv-options-precedence
p1320.csv-unknown-before-source	p1320.csv-unknown-before-source	default,html,a11y,html+a11y	default:MATCH_DIAGNOSTIC;html:MATCH_DIAGNOSTIC;a11y:MATCH_DIAGNOSTIC;html+a11y:MATCH_DIAGNOSTIC	default:NOT_USED;html:NOT_USED;a11y:NOT_USED;html+a11y:NOT_USED	CLOSED_MEASURED_FUNCTIONAL_SENTINEL				csv(42, nope: 1)	Only this complete bilateral assertion/projection is closed; historical expected preservation is distinct from parity.	Equal complete language observation on same literal source/profile refutes this divergence; a different required owner refutes proposed causal scope.	NO_CHANGE_AUTHORIZED	supplement		00_nucleo/diagnosticos/p1322-sentinels-normal.json#p1320.csv-unknown-before-source
p1320.csv-unknown-before-missing	p1320.csv-unknown-before-missing	default,html,a11y,html+a11y	default:MATCH_DIAGNOSTIC;html:MATCH_DIAGNOSTIC;a11y:MATCH_DIAGNOSTIC;html+a11y:MATCH_DIAGNOSTIC	default:NOT_USED;html:NOT_USED;a11y:NOT_USED;html+a11y:NOT_USED	CLOSED_MEASURED_FUNCTIONAL_SENTINEL				csv(nope: 1)	Only this complete bilateral assertion/projection is closed; historical expected preservation is distinct from parity.	Equal complete language observation on same literal source/profile refutes this divergence; a different required owner refutes proposed causal scope.	NO_CHANGE_AUTHORIZED	supplement		00_nucleo/diagnosticos/p1322-sentinels-normal.json#p1320.csv-unknown-before-missing
p1320.csv-detached-good	csv	default,html,a11y,html+a11y	default:CRYSTALLINE_ONLY;html:CRYSTALLINE_ONLY;a11y:CRYSTALLINE_ONLY;html+a11y:CRYSTALLINE_ONLY	default:NOT_USED;html:NOT_USED;a11y:NOT_USED;html+a11y:NOT_USED	OPEN_LANGUAGE_DIVERGENCE	00_nucleo/prompts/compiler/stdlib/loading.md	01_core/src/compiler/stdlib/foundations/path.rs:15;01_core/src/compiler/stdlib/loading.rs:1406	lab/typst-original/crates/typst-library/src/loading/mod.rs:54	csv(..arguments(0).map((..a) => "good.csv"))	Detached spread string is resolved against current file despite vanilla forbidding filesystem access from detached provenance. Carrier/World boundary unresolved.	Equal complete language observation on same literal source/profile refutes this divergence; a different required owner refutes proposed causal scope.	ADR0127_INTERNAL_PARITY_L0_FIRST_RED_GREEN_REVALIDATE	supplement	detached-source-origin	00_nucleo/diagnosticos/p1322-sentinels-normal.json#p1320.csv-detached-good
p1320.csv-binary-bytes	p1320.csv-binary-bytes	default,html,a11y,html+a11y	default:MATCH_DIAGNOSTIC;html:MATCH_DIAGNOSTIC;a11y:MATCH_DIAGNOSTIC;html+a11y:MATCH_DIAGNOSTIC	default:NOT_USED;html:NOT_USED;a11y:NOT_USED;html+a11y:NOT_USED	CLOSED_MEASURED_FUNCTIONAL_SENTINEL				csv(bytes((97,44,98,10,49,44,255)))	Only this complete bilateral assertion/projection is closed; historical expected preservation is distinct from parity.	Equal complete language observation on same literal source/profile refutes this divergence; a different required owner refutes proposed causal scope.	NO_CHANGE_AUTHORIZED	supplement		00_nucleo/diagnosticos/p1322-sentinels-normal.json#p1320.csv-binary-bytes
p1320.csv-encode-member	p1320.csv-encode-member	default,html,a11y,html+a11y	default:MATCH_DIAGNOSTIC;html:MATCH_DIAGNOSTIC;a11y:MATCH_DIAGNOSTIC;html+a11y:MATCH_DIAGNOSTIC	default:NOT_USED;html:NOT_USED;a11y:NOT_USED;html+a11y:NOT_USED	CLOSED_MEASURED_FUNCTIONAL_SENTINEL				csv.encode	Only this complete bilateral assertion/projection is closed; historical expected preservation is distinct from parity.	Equal complete language observation on same literal source/profile refutes this divergence; a different required owner refutes proposed causal scope.	NO_CHANGE_AUTHORIZED	supplement		00_nucleo/diagnosticos/p1322-sentinels-normal.json#p1320.csv-encode-member
p1320.sys-version	p1320.sys-version	default,html,a11y,html+a11y	default:MATCH_VALUE;html:MATCH_VALUE;a11y:MATCH_VALUE;html+a11y:MATCH_VALUE	default:NOT_USED;html:NOT_USED;a11y:NOT_USED;html+a11y:NOT_USED	CLOSED_MEASURED_FUNCTIONAL_SENTINEL				repr(sys.version)	Only this complete bilateral assertion/projection is closed; historical expected preservation is distinct from parity.	Equal complete language observation on same literal source/profile refutes this divergence; a different required owner refutes proposed causal scope.	NO_CHANGE_AUTHORIZED	supplement		00_nucleo/diagnosticos/p1322-sentinels-normal.json#p1320.sys-version
p1320.content-heading-body	p1320.content-heading-body	default,html,a11y,html+a11y	default:MATCH_VALUE;html:MATCH_VALUE;a11y:MATCH_VALUE;html+a11y:MATCH_VALUE	default:NOT_USED;html:NOT_USED;a11y:NOT_USED;html+a11y:NOT_USED	CLOSED_MEASURED_FUNCTIONAL_SENTINEL				heading([a]).body == [a]	Only this complete bilateral assertion/projection is closed; historical expected preservation is distinct from parity.	Equal complete language observation on same literal source/profile refutes this divergence; a different required owner refutes proposed causal scope.	NO_CHANGE_AUTHORIZED	supplement		00_nucleo/diagnosticos/p1322-sentinels-normal.json#p1320.content-heading-body
p1320.content-strong	p1320.content-strong	default,html,a11y,html+a11y	default:MATCH_VALUE;html:MATCH_VALUE;a11y:MATCH_VALUE;html+a11y:MATCH_VALUE	default:NOT_USED;html:NOT_USED;a11y:NOT_USED;html+a11y:NOT_USED	CLOSED_MEASURED_FUNCTIONAL_SENTINEL				strong([a]).body == [a]	Only this complete bilateral assertion/projection is closed; historical expected preservation is distinct from parity.	Equal complete language observation on same literal source/profile refutes this divergence; a different required owner refutes proposed causal scope.	NO_CHANGE_AUTHORIZED	supplement		00_nucleo/diagnosticos/p1322-sentinels-normal.json#p1320.content-strong
p1320.numeric	p1320.numeric	default,html,a11y,html+a11y	default:MATCH_VALUE;html:MATCH_VALUE;a11y:MATCH_VALUE;html+a11y:MATCH_VALUE	default:NOT_USED;html:NOT_USED;a11y:NOT_USED;html+a11y:NOT_USED	CLOSED_MEASURED_FUNCTIONAL_SENTINEL				(1 == 1.0, calc.gcd(12, 18), calc.pow(2, 10))	Only this complete bilateral assertion/projection is closed; historical expected preservation is distinct from parity.	Equal complete language observation on same literal source/profile refutes this divergence; a different required owner refutes proposed causal scope.	NO_CHANGE_AUTHORIZED	supplement		00_nucleo/diagnosticos/p1322-sentinels-normal.json#p1320.numeric
p1320.bytes-roundtrip	array	default,html,a11y,html+a11y	default:VANILLA_ONLY;html:VANILLA_ONLY;a11y:VANILLA_ONLY;html+a11y:VANILLA_ONLY	default:NOT_USED;html:NOT_USED;a11y:NOT_USED;html+a11y:NOT_USED	OPEN_LANGUAGE_DIVERGENCE	00_nucleo/prompts/compiler/eval/call_dispatch.md	01_core/src/compiler/eval/call_dispatch.rs:1695	lab/typst-original/crates/typst-library/src/foundations/array.rs:164	array(bytes((0, 127, 255)))	Type array reaches no-constructor fallback despite Array/Bytes values existing. Constructor contract/implementation owner scope not demonstrated.	Equal complete language observation on same literal source/profile refutes this divergence; a different required owner refutes proposed causal scope.	ADR0127_INTERNAL_PARITY_L0_FIRST_RED_GREEN_REVALIDATE	supplement	array-bytes-constructor	00_nucleo/diagnosticos/p1322-sentinels-normal.json#p1320.bytes-roundtrip
p1320.json-roundtrip	p1320.json-roundtrip	default,html,a11y,html+a11y	default:MATCH_VALUE;html:MATCH_VALUE;a11y:MATCH_VALUE;html+a11y:MATCH_VALUE	default:NOT_USED;html:NOT_USED;a11y:NOT_USED;html+a11y:NOT_USED	CLOSED_MEASURED_FUNCTIONAL_SENTINEL				json(bytes(json.encode((a: (1, true, none)))))	Only this complete bilateral assertion/projection is closed; historical expected preservation is distinct from parity.	Equal complete language observation on same literal source/profile refutes this divergence; a different required owner refutes proposed causal scope.	NO_CHANGE_AUTHORIZED	supplement		00_nucleo/diagnosticos/p1322-sentinels-normal.json#p1320.json-roundtrip
p1320.yaml-load	p1320.yaml-load	default,html,a11y,html+a11y	default:MATCH_VALUE;html:MATCH_VALUE;a11y:MATCH_VALUE;html+a11y:MATCH_VALUE	default:NOT_USED;html:NOT_USED;a11y:NOT_USED;html+a11y:NOT_USED	CLOSED_MEASURED_FUNCTIONAL_SENTINEL				yaml(bytes("a: 1\nb: [true, false]"))	Only this complete bilateral assertion/projection is closed; historical expected preservation is distinct from parity.	Equal complete language observation on same literal source/profile refutes this divergence; a different required owner refutes proposed causal scope.	NO_CHANGE_AUTHORIZED	supplement		00_nucleo/diagnosticos/p1322-sentinels-normal.json#p1320.yaml-load
p1320.toml-load	p1320.toml-load	default,html,a11y,html+a11y	default:MATCH_VALUE;html:MATCH_VALUE;a11y:MATCH_VALUE;html+a11y:MATCH_VALUE	default:NOT_USED;html:NOT_USED;a11y:NOT_USED;html+a11y:NOT_USED	CLOSED_MEASURED_FUNCTIONAL_SENTINEL				toml(bytes("a = 1\nb = true"))	Only this complete bilateral assertion/projection is closed; historical expected preservation is distinct from parity.	Equal complete language observation on same literal source/profile refutes this divergence; a different required owner refutes proposed causal scope.	NO_CHANGE_AUTHORIZED	supplement		00_nucleo/diagnosticos/p1322-sentinels-normal.json#p1320.toml-load
p1320.path-normalized	p1320.path-normalized	default,html,a11y,html+a11y	default:MATCH_VALUE;html:MATCH_VALUE;a11y:MATCH_VALUE;html+a11y:MATCH_VALUE	default:NOT_USED;html:NOT_USED;a11y:NOT_USED;html+a11y:NOT_USED	CLOSED_MEASURED_FUNCTIONAL_SENTINEL				repr(path("sub/../good.csv"))	Only this complete bilateral assertion/projection is closed; historical expected preservation is distinct from parity.	Equal complete language observation on same literal source/profile refutes this divergence; a different required owner refutes proposed causal scope.	NO_CHANGE_AUTHORIZED	supplement		00_nucleo/diagnosticos/p1322-sentinels-normal.json#p1320.path-normalized
p1320.html-binding	p1320.html-binding	default,html,a11y,html+a11y	default:MATCH_DIAGNOSTIC;html:MATCH_VALUE;a11y:MATCH_DIAGNOSTIC;html+a11y:MATCH_VALUE	default:NOT_USED;html:NOT_USED;a11y:NOT_USED;html+a11y:NOT_USED	CLOSED_MEASURED_FUNCTIONAL_SENTINEL				type(html.elem)	Only this complete bilateral assertion/projection is closed; historical expected preservation is distinct from parity.	Equal complete language observation on same literal source/profile refutes this divergence; a different required owner refutes proposed causal scope.	NO_CHANGE_AUTHORIZED	supplement		00_nucleo/diagnosticos/p1322-sentinels-normal.json#p1320.html-binding
p1320.a11y-binding	p1320.a11y-binding	default,html,a11y,html+a11y	default:MATCH_DIAGNOSTIC;html:MATCH_DIAGNOSTIC;a11y:MATCH_VALUE;html+a11y:MATCH_VALUE	default:NOT_USED;html:NOT_USED;a11y:NOT_USED;html+a11y:NOT_USED	CLOSED_MEASURED_FUNCTIONAL_SENTINEL				type(pdf.table-summary)	Only this complete bilateral assertion/projection is closed; historical expected preservation is distinct from parity.	Equal complete language observation on same literal source/profile refutes this divergence; a different required owner refutes proposed causal scope.	NO_CHANGE_AUTHORIZED	supplement		00_nucleo/diagnosticos/p1322-sentinels-normal.json#p1320.a11y-binding
p1320.csv-binary-file-str	p1320.csv-binary-file-str	default,html,a11y,html+a11y	default:MATCH_DIAGNOSTIC;html:MATCH_DIAGNOSTIC;a11y:MATCH_DIAGNOSTIC;html+a11y:MATCH_DIAGNOSTIC	default:NOT_USED;html:NOT_USED;a11y:NOT_USED;html+a11y:NOT_USED	CLOSED_MEASURED_FUNCTIONAL_SENTINEL				csv("data-lf.csv")	Only this complete bilateral assertion/projection is closed; historical expected preservation is distinct from parity.	Equal complete language observation on same literal source/profile refutes this divergence; a different required owner refutes proposed causal scope.	NO_CHANGE_AUTHORIZED	supplement		00_nucleo/diagnosticos/p1322-sentinels-normal.json#p1320.csv-binary-file-str
p1320.csv-binary-file-path	p1320.csv-binary-file-path	default,html,a11y,html+a11y	default:MATCH_DIAGNOSTIC;html:MATCH_DIAGNOSTIC;a11y:MATCH_DIAGNOSTIC;html+a11y:MATCH_DIAGNOSTIC	default:NOT_USED;html:NOT_USED;a11y:NOT_USED;html+a11y:NOT_USED	CLOSED_MEASURED_FUNCTIONAL_SENTINEL				csv(path("data-lf.csv"))	Only this complete bilateral assertion/projection is closed; historical expected preservation is distinct from parity.	Equal complete language observation on same literal source/profile refutes this divergence; a different required owner refutes proposed causal scope.	NO_CHANGE_AUTHORIZED	supplement		00_nucleo/diagnosticos/p1322-sentinels-normal.json#p1320.csv-binary-file-path
array-integrity.39	array-integrity.39	default,html,a11y,html+a11y	default:MATCH_VALUE;html:MATCH_VALUE;a11y:MATCH_VALUE;html+a11y:MATCH_VALUE	default:NOT_USED;html:NOT_USED;a11y:NOT_USED;html+a11y:NOT_USED	CLOSED_MEASURED_FUNCTIONAL_SENTINEL				{let a=range(39); (a.len(), a, repr(a))}	Only this complete bilateral assertion/projection is closed; historical expected preservation is distinct from parity.	Equal complete language observation on same literal source/profile refutes this divergence; a different required owner refutes proposed causal scope.	NO_CHANGE_AUTHORIZED	supplement		00_nucleo/diagnosticos/p1322-sentinels-normal.json#array-integrity.39
array-integrity.40	array-integrity.40	default,html,a11y,html+a11y	default:MATCH_VALUE;html:MATCH_VALUE;a11y:MATCH_VALUE;html+a11y:MATCH_VALUE	default:NOT_USED;html:NOT_USED;a11y:NOT_USED;html+a11y:NOT_USED	CLOSED_MEASURED_FUNCTIONAL_SENTINEL				{let a=range(40); (a.len(), a, repr(a))}	Only this complete bilateral assertion/projection is closed; historical expected preservation is distinct from parity.	Equal complete language observation on same literal source/profile refutes this divergence; a different required owner refutes proposed causal scope.	NO_CHANGE_AUTHORIZED	supplement		00_nucleo/diagnosticos/p1322-sentinels-normal.json#array-integrity.40
array-integrity.41	array-integrity.41	default,html,a11y,html+a11y	default:MATCH_VALUE;html:MATCH_VALUE;a11y:MATCH_VALUE;html+a11y:MATCH_VALUE	default:NOT_USED;html:NOT_USED;a11y:NOT_USED;html+a11y:NOT_USED	CLOSED_MEASURED_FUNCTIONAL_SENTINEL				{let a=range(41); (a.len(), a, repr(a))}	Only this complete bilateral assertion/projection is closed; historical expected preservation is distinct from parity.	Equal complete language observation on same literal source/profile refutes this divergence; a different required owner refutes proposed causal scope.	NO_CHANGE_AUTHORIZED	supplement		00_nucleo/diagnosticos/p1322-sentinels-normal.json#array-integrity.41
array-integrity.42	array-integrity.42	default,html,a11y,html+a11y	default:MATCH_VALUE;html:MATCH_VALUE;a11y:MATCH_VALUE;html+a11y:MATCH_VALUE	default:NOT_USED;html:NOT_USED;a11y:NOT_USED;html+a11y:NOT_USED	CLOSED_MEASURED_FUNCTIONAL_SENTINEL				{let a=range(42); (a.len(), a, repr(a))}	Only this complete bilateral assertion/projection is closed; historical expected preservation is distinct from parity.	Equal complete language observation on same literal source/profile refutes this divergence; a different required owner refutes proposed causal scope.	NO_CHANGE_AUTHORIZED	supplement		00_nucleo/diagnosticos/p1322-sentinels-normal.json#array-integrity.42
array-integrity.81	array-integrity.81	default,html,a11y,html+a11y	default:MATCH_VALUE;html:MATCH_VALUE;a11y:MATCH_VALUE;html+a11y:MATCH_VALUE	default:NOT_USED;html:NOT_USED;a11y:NOT_USED;html+a11y:NOT_USED	CLOSED_MEASURED_FUNCTIONAL_SENTINEL				{let a=range(81); (a.len(), a, repr(a))}	Only this complete bilateral assertion/projection is closed; historical expected preservation is distinct from parity.	Equal complete language observation on same literal source/profile refutes this divergence; a different required owner refutes proposed causal scope.	NO_CHANGE_AUTHORIZED	supplement		00_nucleo/diagnosticos/p1322-sentinels-normal.json#array-integrity.81
array-integrity.256	array-integrity.256	default,html,a11y,html+a11y	default:MATCH_VALUE;html:MATCH_VALUE;a11y:MATCH_VALUE;html+a11y:MATCH_VALUE	default:NOT_USED;html:NOT_USED;a11y:NOT_USED;html+a11y:NOT_USED	CLOSED_MEASURED_FUNCTIONAL_SENTINEL				{let a=range(256); (a.len(), a, repr(a))}	Only this complete bilateral assertion/projection is closed; historical expected preservation is distinct from parity.	Equal complete language observation on same literal source/profile refutes this divergence; a different required owner refutes proposed causal scope.	NO_CHANGE_AUTHORIZED	supplement		00_nucleo/diagnosticos/p1322-sentinels-normal.json#array-integrity.256
read-cast.794	read-cast.794	default,html,a11y,html+a11y	default:MATCH_DIAGNOSTIC;html:MATCH_DIAGNOSTIC;a11y:MATCH_DIAGNOSTIC;html+a11y:MATCH_DIAGNOSTIC	default:NOT_USED;html:NOT_USED;a11y:NOT_USED;html+a11y:NOT_USED	CLOSED_MEASURED_FUNCTIONAL_SENTINEL				read(42)	Only this complete bilateral assertion/projection is closed; historical expected preservation is distinct from parity.	Equal complete language observation on same literal source/profile refutes this divergence; a different required owner refutes proposed causal scope.	NO_CHANGE_AUTHORIZED	supplement		00_nucleo/diagnosticos/p1322-sentinels-normal.json#read-cast.794
read-cast.795	read-cast.795	default,html,a11y,html+a11y	default:MATCH_DIAGNOSTIC;html:MATCH_DIAGNOSTIC;a11y:MATCH_DIAGNOSTIC;html+a11y:MATCH_DIAGNOSTIC	default:NOT_USED;html:NOT_USED;a11y:NOT_USED;html+a11y:NOT_USED	CLOSED_MEASURED_FUNCTIONAL_SENTINEL				read(1.5)	Only this complete bilateral assertion/projection is closed; historical expected preservation is distinct from parity.	Equal complete language observation on same literal source/profile refutes this divergence; a different required owner refutes proposed causal scope.	NO_CHANGE_AUTHORIZED	supplement		00_nucleo/diagnosticos/p1322-sentinels-normal.json#read-cast.795
read-cast.796	read-cast.796	default,html,a11y,html+a11y	default:MATCH_DIAGNOSTIC;html:MATCH_DIAGNOSTIC;a11y:MATCH_DIAGNOSTIC;html+a11y:MATCH_DIAGNOSTIC	default:NOT_USED;html:NOT_USED;a11y:NOT_USED;html+a11y:NOT_USED	CLOSED_MEASURED_FUNCTIONAL_SENTINEL				read(true)	Only this complete bilateral assertion/projection is closed; historical expected preservation is distinct from parity.	Equal complete language observation on same literal source/profile refutes this divergence; a different required owner refutes proposed causal scope.	NO_CHANGE_AUTHORIZED	supplement		00_nucleo/diagnosticos/p1322-sentinels-normal.json#read-cast.796
read-cast.797	read-cast.797	default,html,a11y,html+a11y	default:MATCH_DIAGNOSTIC;html:MATCH_DIAGNOSTIC;a11y:MATCH_DIAGNOSTIC;html+a11y:MATCH_DIAGNOSTIC	default:NOT_USED;html:NOT_USED;a11y:NOT_USED;html+a11y:NOT_USED	CLOSED_MEASURED_FUNCTIONAL_SENTINEL				read(none)	Only this complete bilateral assertion/projection is closed; historical expected preservation is distinct from parity.	Equal complete language observation on same literal source/profile refutes this divergence; a different required owner refutes proposed causal scope.	NO_CHANGE_AUTHORIZED	supplement		00_nucleo/diagnosticos/p1322-sentinels-normal.json#read-cast.797
read-cast.798	read-cast.798	default,html,a11y,html+a11y	default:MATCH_DIAGNOSTIC;html:MATCH_DIAGNOSTIC;a11y:MATCH_DIAGNOSTIC;html+a11y:MATCH_DIAGNOSTIC	default:NOT_USED;html:NOT_USED;a11y:NOT_USED;html+a11y:NOT_USED	CLOSED_MEASURED_FUNCTIONAL_SENTINEL				read((:))	Only this complete bilateral assertion/projection is closed; historical expected preservation is distinct from parity.	Equal complete language observation on same literal source/profile refutes this divergence; a different required owner refutes proposed causal scope.	NO_CHANGE_AUTHORIZED	supplement		00_nucleo/diagnosticos/p1322-sentinels-normal.json#read-cast.798
read-cast.799	read-cast.799	default,html,a11y,html+a11y	default:MATCH_DIAGNOSTIC;html:MATCH_DIAGNOSTIC;a11y:MATCH_DIAGNOSTIC;html+a11y:MATCH_DIAGNOSTIC	default:NOT_USED;html:NOT_USED;a11y:NOT_USED;html+a11y:NOT_USED	CLOSED_MEASURED_FUNCTIONAL_SENTINEL				read((1,))	Only this complete bilateral assertion/projection is closed; historical expected preservation is distinct from parity.	Equal complete language observation on same literal source/profile refutes this divergence; a different required owner refutes proposed causal scope.	NO_CHANGE_AUTHORIZED	supplement		00_nucleo/diagnosticos/p1322-sentinels-normal.json#read-cast.799
read-cast.800	read-cast.800	default,html,a11y,html+a11y	default:MATCH_DIAGNOSTIC;html:MATCH_DIAGNOSTIC;a11y:MATCH_DIAGNOSTIC;html+a11y:MATCH_DIAGNOSTIC	default:NOT_USED;html:NOT_USED;a11y:NOT_USED;html+a11y:NOT_USED	CLOSED_MEASURED_FUNCTIONAL_SENTINEL				read(x => x)	Only this complete bilateral assertion/projection is closed; historical expected preservation is distinct from parity.	Equal complete language observation on same literal source/profile refutes this divergence; a different required owner refutes proposed causal scope.	NO_CHANGE_AUTHORIZED	supplement		00_nucleo/diagnosticos/p1322-sentinels-normal.json#read-cast.800
read-cast.801	read-cast.801	default,html,a11y,html+a11y	default:MATCH_DIAGNOSTIC;html:MATCH_DIAGNOSTIC;a11y:MATCH_DIAGNOSTIC;html+a11y:MATCH_DIAGNOSTIC	default:NOT_USED;html:NOT_USED;a11y:NOT_USED;html+a11y:NOT_USED	CLOSED_MEASURED_FUNCTIONAL_SENTINEL				read(int)	Only this complete bilateral assertion/projection is closed; historical expected preservation is distinct from parity.	Equal complete language observation on same literal source/profile refutes this divergence; a different required owner refutes proposed causal scope.	NO_CHANGE_AUTHORIZED	supplement		00_nucleo/diagnosticos/p1322-sentinels-normal.json#read-cast.801
read-cast.802	read-cast.802	default,html,a11y,html+a11y	default:MATCH_DIAGNOSTIC;html:MATCH_DIAGNOSTIC;a11y:MATCH_DIAGNOSTIC;html+a11y:MATCH_DIAGNOSTIC	default:NOT_USED;html:NOT_USED;a11y:NOT_USED;html+a11y:NOT_USED	CLOSED_MEASURED_FUNCTIONAL_SENTINEL				read(bytes("a"))	Only this complete bilateral assertion/projection is closed; historical expected preservation is distinct from parity.	Equal complete language observation on same literal source/profile refutes this divergence; a different required owner refutes proposed causal scope.	NO_CHANGE_AUTHORIZED	supplement		00_nucleo/diagnosticos/p1322-sentinels-normal.json#read-cast.802
read-cast.803	read-cast.803	default,html,a11y,html+a11y	default:MATCH_DIAGNOSTIC;html:MATCH_DIAGNOSTIC;a11y:MATCH_DIAGNOSTIC;html+a11y:MATCH_DIAGNOSTIC	default:NOT_USED;html:NOT_USED;a11y:NOT_USED;html+a11y:NOT_USED	CLOSED_MEASURED_FUNCTIONAL_SENTINEL				read([x])	Only this complete bilateral assertion/projection is closed; historical expected preservation is distinct from parity.	Equal complete language observation on same literal source/profile refutes this divergence; a different required owner refutes proposed causal scope.	NO_CHANGE_AUTHORIZED	supplement		00_nucleo/diagnosticos/p1322-sentinels-normal.json#read-cast.803
read-cast.804	read-cast.804	default,html,a11y,html+a11y	default:MATCH_DIAGNOSTIC;html:MATCH_DIAGNOSTIC;a11y:MATCH_DIAGNOSTIC;html+a11y:MATCH_DIAGNOSTIC	default:NOT_USED;html:NOT_USED;a11y:NOT_USED;html+a11y:NOT_USED	CLOSED_MEASURED_FUNCTIONAL_SENTINEL				read(2pt)	Only this complete bilateral assertion/projection is closed; historical expected preservation is distinct from parity.	Equal complete language observation on same literal source/profile refutes this divergence; a different required owner refutes proposed causal scope.	NO_CHANGE_AUTHORIZED	supplement		00_nucleo/diagnosticos/p1322-sentinels-normal.json#read-cast.804
causal-cbor.0	cbor.encode	default,html,a11y,html+a11y	default:DIFFERENT_DIAGNOSTIC;html:DIFFERENT_DIAGNOSTIC;a11y:DIFFERENT_DIAGNOSTIC;html+a11y:DIFFERENT_DIAGNOSTIC	default:NOT_USED;html:NOT_USED;a11y:NOT_USED;html+a11y:NOT_USED	OPEN_LANGUAGE_DIVERGENCE	00_nucleo/prompts/compiler/stdlib/loading.md	01_core/src/compiler/stdlib/loading.rs:875	lab/typst-original/crates/typst-library/src/loading/cbor.rs:104	cbor.encode(1, 2)	Cbor legacy arity/named validation; keep missing aggregate transport separate.	Equal complete language observation on same literal source/profile refutes this divergence; a different required owner refutes proposed causal scope.	ADR0127_INTERNAL_PARITY_L0_FIRST_REVALIDATE	supplement	cbor-argument-validation	00_nucleo/diagnosticos/p1322-sentinels-normal.json#causal-cbor.0
causal-cbor.1	cbor.encode	default,html,a11y,html+a11y	default:DIFFERENT_DIAGNOSTIC;html:DIFFERENT_DIAGNOSTIC;a11y:DIFFERENT_DIAGNOSTIC;html+a11y:DIFFERENT_DIAGNOSTIC	default:NOT_USED;html:NOT_USED;a11y:NOT_USED;html+a11y:NOT_USED	OPEN_LANGUAGE_DIVERGENCE	00_nucleo/prompts/compiler/stdlib/loading.md	01_core/src/compiler/stdlib/loading.rs:875	lab/typst-original/crates/typst-library/src/loading/cbor.rs:104	cbor.encode(1, foo: 2)	Cbor legacy arity/named validation; keep missing aggregate transport separate.	Equal complete language observation on same literal source/profile refutes this divergence; a different required owner refutes proposed causal scope.	ADR0127_INTERNAL_PARITY_L0_FIRST_REVALIDATE	supplement	cbor-argument-validation	00_nucleo/diagnosticos/p1322-sentinels-normal.json#causal-cbor.1
causal-cbor.2	cbor.encode	default,html,a11y,html+a11y	default:DIFFERENT_DIAGNOSTIC;html:DIFFERENT_DIAGNOSTIC;a11y:DIFFERENT_DIAGNOSTIC;html+a11y:DIFFERENT_DIAGNOSTIC	default:NOT_USED;html:NOT_USED;a11y:NOT_USED;html+a11y:NOT_USED	OPEN_LANGUAGE_DIVERGENCE	00_nucleo/prompts/compiler/stdlib/loading.md	01_core/src/compiler/stdlib/loading.rs:875	lab/typst-original/crates/typst-library/src/loading/cbor.rs:104	cbor.encode(foo: 2, 1)	Cbor legacy arity/named validation; keep missing aggregate transport separate.	Equal complete language observation on same literal source/profile refutes this divergence; a different required owner refutes proposed causal scope.	ADR0127_INTERNAL_PARITY_L0_FIRST_REVALIDATE	supplement	cbor-argument-validation	00_nucleo/diagnosticos/p1322-sentinels-normal.json#causal-cbor.2
causal-cbor.3	cbor.encode	default,html,a11y,html+a11y	default:DIFFERENT_DIAGNOSTIC;html:DIFFERENT_DIAGNOSTIC;a11y:DIFFERENT_DIAGNOSTIC;html+a11y:DIFFERENT_DIAGNOSTIC	default:NOT_USED;html:NOT_USED;a11y:NOT_USED;html+a11y:NOT_USED	OPEN_LANGUAGE_DIVERGENCE	00_nucleo/prompts/compiler/eval/call_dispatch.md;00_nucleo/prompts/compiler/stdlib/loading.md	01_core/src/compiler/stdlib/loading.rs:875	lab/typst-original/crates/typst-library/src/loading/cbor.rs:104	cbor.encode()	Cbor legacy arity/named validation; keep missing aggregate transport separate.	Equal complete language observation on same literal source/profile refutes this divergence; a different required owner refutes proposed causal scope.	ADR0127_INTERNAL_PARITY_L0_FIRST_REVALIDATE	supplement	cbor-argument-missing	00_nucleo/diagnosticos/p1322-sentinels-normal.json#causal-cbor.3
causal-cbor.4	cbor.encode	default,html,a11y,html+a11y	default:DIFFERENT_DIAGNOSTIC;html:DIFFERENT_DIAGNOSTIC;a11y:DIFFERENT_DIAGNOSTIC;html+a11y:DIFFERENT_DIAGNOSTIC	default:NOT_USED;html:NOT_USED;a11y:NOT_USED;html+a11y:NOT_USED	OPEN_LANGUAGE_DIVERGENCE	00_nucleo/prompts/compiler/stdlib/loading.md	01_core/src/compiler/stdlib/loading.rs:875	lab/typst-original/crates/typst-library/src/loading/cbor.rs:104	{let f=cbor.encode; f(1, foo: 2)}	Cbor legacy arity/named validation; keep missing aggregate transport separate.	Equal complete language observation on same literal source/profile refutes this divergence; a different required owner refutes proposed causal scope.	ADR0127_INTERNAL_PARITY_L0_FIRST_REVALIDATE	supplement	cbor-argument-validation	00_nucleo/diagnosticos/p1322-sentinels-normal.json#causal-cbor.4
causal-cbor.5	cbor.encode	default,html,a11y,html+a11y	default:DIFFERENT_DIAGNOSTIC;html:DIFFERENT_DIAGNOSTIC;a11y:DIFFERENT_DIAGNOSTIC;html+a11y:DIFFERENT_DIAGNOSTIC	default:NOT_USED;html:NOT_USED;a11y:NOT_USED;html+a11y:NOT_USED	OPEN_LANGUAGE_DIVERGENCE	00_nucleo/prompts/compiler/stdlib/loading.md	01_core/src/compiler/stdlib/loading.rs:875	lab/typst-original/crates/typst-library/src/loading/cbor.rs:104	{let f=cbor.encode.with(foo: 2); f(1)}	Cbor legacy arity/named validation; keep missing aggregate transport separate.	Equal complete language observation on same literal source/profile refutes this divergence; a different required owner refutes proposed causal scope.	ADR0127_INTERNAL_PARITY_L0_FIRST_REVALIDATE	supplement	cbor-argument-validation	00_nucleo/diagnosticos/p1322-sentinels-normal.json#causal-cbor.5
causal-cbor.6	cbor.encode	default,html,a11y,html+a11y	default:DIFFERENT_DIAGNOSTIC;html:DIFFERENT_DIAGNOSTIC;a11y:DIFFERENT_DIAGNOSTIC;html+a11y:DIFFERENT_DIAGNOSTIC	default:NOT_USED;html:NOT_USED;a11y:NOT_USED;html+a11y:NOT_USED	OPEN_LANGUAGE_DIVERGENCE	00_nucleo/prompts/compiler/stdlib/loading.md	01_core/src/compiler/stdlib/loading.rs:875	lab/typst-original/crates/typst-library/src/loading/cbor.rs:104	{let f=cbor.encode.with(1, 2); f()}	Cbor legacy arity/named validation; keep missing aggregate transport separate.	Equal complete language observation on same literal source/profile refutes this divergence; a different required owner refutes proposed causal scope.	ADR0127_INTERNAL_PARITY_L0_FIRST_REVALIDATE	supplement	cbor-argument-validation	00_nucleo/diagnosticos/p1322-sentinels-normal.json#causal-cbor.6
causal-cbor.7	cbor.encode	default,html,a11y,html+a11y	default:DIFFERENT_DIAGNOSTIC;html:DIFFERENT_DIAGNOSTIC;a11y:DIFFERENT_DIAGNOSTIC;html+a11y:DIFFERENT_DIAGNOSTIC	default:NOT_USED;html:NOT_USED;a11y:NOT_USED;html+a11y:NOT_USED	OPEN_LANGUAGE_DIVERGENCE	00_nucleo/prompts/compiler/stdlib/loading.md	01_core/src/compiler/stdlib/loading.rs:875	lab/typst-original/crates/typst-library/src/loading/cbor.rs:104	{let a=arguments(foo: 2); cbor.encode(1, ..a)}	Cbor legacy arity/named validation; keep missing aggregate transport separate.	Equal complete language observation on same literal source/profile refutes this divergence; a different required owner refutes proposed causal scope.	ADR0127_INTERNAL_PARITY_L0_FIRST_REVALIDATE	supplement	cbor-argument-validation	00_nucleo/diagnosticos/p1322-sentinels-normal.json#causal-cbor.7
causal-cbor.8	cbor.encode	default,html,a11y,html+a11y	default:DIFFERENT_DIAGNOSTIC;html:DIFFERENT_DIAGNOSTIC;a11y:DIFFERENT_DIAGNOSTIC;html+a11y:DIFFERENT_DIAGNOSTIC	default:NOT_USED;html:NOT_USED;a11y:NOT_USED;html+a11y:NOT_USED	OPEN_LANGUAGE_DIVERGENCE	00_nucleo/prompts/compiler/stdlib/loading.md	01_core/src/compiler/stdlib/loading.rs:875	lab/typst-original/crates/typst-library/src/loading/cbor.rs:104	{let f(..a)=cbor.encode(..a); f(1, foo: 2)}	Cbor legacy arity/named validation; keep missing aggregate transport separate.	Equal complete language observation on same literal source/profile refutes this divergence; a different required owner refutes proposed causal scope.	ADR0127_INTERNAL_PARITY_L0_FIRST_REVALIDATE	supplement	cbor-argument-validation	00_nucleo/diagnosticos/p1322-sentinels-normal.json#causal-cbor.8
causal-cbor.9	causal-cbor.9	default,html,a11y,html+a11y	default:MATCH_VALUE;html:MATCH_VALUE;a11y:MATCH_VALUE;html+a11y:MATCH_VALUE	default:NOT_USED;html:NOT_USED;a11y:NOT_USED;html+a11y:NOT_USED	CLOSED_MEASURED_FUNCTIONAL_SENTINEL				cbor(cbor.encode((a: (1, true, none))))	Only this complete bilateral assertion/projection is closed; historical expected preservation is distinct from parity.	Equal complete language observation on same literal source/profile refutes this divergence; a different required owner refutes proposed causal scope.	NO_CHANGE_AUTHORIZED	supplement		00_nucleo/diagnosticos/p1322-sentinels-normal.json#causal-cbor.9
causal-cbor.10	read	default,html,a11y,html+a11y	default:DIFFERENT_DIAGNOSTIC;html:DIFFERENT_DIAGNOSTIC;a11y:DIFFERENT_DIAGNOSTIC;html+a11y:DIFFERENT_DIAGNOSTIC	default:NOT_USED;html:NOT_USED;a11y:NOT_USED;html+a11y:NOT_USED	OPEN_LANGUAGE_DIVERGENCE	00_nucleo/prompts/compiler/stdlib/loading.md	01_core/src/compiler/stdlib/loading.rs:1188;03_infra/src/world.rs:743	lab/typst-original/crates/typst-library/src/loading/read.rs:24	read("../p1322-outside-not-created.txt")	Loading wraps failure in Portuguese/detached span; physical searched-path spelling also differs in World. Complete external-I/O envelope requires more than the diagnosed loading owner; full set unresolved.	Equal complete language observation on same literal source/profile refutes this divergence; a different required owner refutes proposed causal scope.	ADR0127_INTERNAL_PARITY_L0_FIRST_RED_GREEN_REVALIDATE	supplement	loader-io-envelope	00_nucleo/diagnosticos/p1322-sentinels-normal.json#causal-cbor.10
