probe_id	profile	phase	universe	raw_channel_state	frozen_projection	projection_state	current_language_class	interpretation	cohort_id	measurement_ref	overlay_ref
P1137-S-001	default	normal	transversal	RAW_DIFFERENCE	exit_code	MATCH	MATCH_PROJECTED_LANGUAGE	Mensagem e span permanecem caso posterior; este caso prova rejeição.		00_nucleo/diagnosticos/p1335-transversal-r3.json#normal/default/P1137-S-001	
P1137-E-001	default	normal	transversal	RAW_DIFFERENCE	semantic_version	MATCH	MATCH_PROJECTED_LANGUAGE	Semantic version projection equal; differing build stamp is mechanical provenance, not sys.version claim.		00_nucleo/diagnosticos/p1335-transversal-r3.json#normal/default/P1137-E-001	
P1137-B-001	default	normal	transversal	RAW_EQUAL	capability	MATCH	MATCH_PROJECTED_LANGUAGE	Subcomando eval exposto para expressão isolada; JSON e raw no escopo inicial.		00_nucleo/diagnosticos/p1335-transversal-r3.json#normal/default/P1137-B-001	
P1137-I-001	default	normal	transversal	RAW_DIFFERENCE	capability	MATCH	OPEN_QUERY_DIAGNOSTIC_OR_CLI_CAPABILITY	Default query migration hint differs; feature-bearing query can be rejected by crystalline. Retain complete channels; query capability projection is not full CLI parity.	query-cli-diagnostic	00_nucleo/diagnosticos/p1335-transversal-r3.json#normal/default/P1137-I-001	
P1137-L-001	default	normal	transversal	RAW_EQUAL	artifact_presence	MATCH	MATCH_PROJECTED_LANGUAGE	Smoke de layout; não afirma igualdade geométrica ou visual.		00_nucleo/diagnosticos/p1335-transversal-r3.json#normal/default/P1137-L-001	
P1137-X-001	default	normal	transversal	RAW_EQUAL	capability	MATCH	MATCH_PROJECTED_LANGUAGE	Capacidade real presente; o texto do --help cristalino está desatualizado.		00_nucleo/diagnosticos/p1335-transversal-r3.json#normal/default/P1137-X-001	
P1137-X-002	default	normal	transversal			DISABLED_BY_PROFILE	EXPECTED_FEATURE_DISABLED	Subconjunto HTML inicial: a fixture plain é byte-idêntica; o backend permanece experimental e incompleto.		00_nucleo/diagnosticos/p1335-transversal-r3.json#normal/default/P1137-X-002	
P1137-X-003	default	normal	transversal	RAW_EQUAL	capability	MATCH	MATCH_PROJECTED_LANGUAGE	Capacidade real presente; o texto do --help cristalino está desatualizado.		00_nucleo/diagnosticos/p1335-transversal-r3.json#normal/default/P1137-X-003	
P1137-C-001	default	normal	transversal	RAW_DIFFERENCE	cli_surface	MATCH	CLI_HELP_SURFACE_NOT_FULL_PARITY	Help availability measured; complete help text differs and is retained. No full CLI documentation parity credit.		00_nucleo/diagnosticos/p1335-transversal-r3.json#normal/default/P1137-C-001	
P1137-C-002	default	normal	transversal	RAW_EQUAL	capability	MATCH	MATCH_PROJECTED_LANGUAGE	Fixture @preview local versionada; ambos resolvem sem rede.		00_nucleo/diagnosticos/p1335-transversal-r3.json#normal/default/P1137-C-002	
P1138-S-001	default	normal	transversal	RAW_DIFFERENCE	diagnostic	DIFFERENCE	LOCATION_CONTROLLED_DIAGNOSTIC	External fixture display path differs; same source relocated under repository has literal bilateral diagnostic equality in location control. Raw external path difference retained, no message/span regression claim.		00_nucleo/diagnosticos/p1335-transversal-r3.json#normal/default/P1138-S-001	
P1138-S-002	default	normal	transversal	RAW_DIFFERENCE	diagnostic	DIFFERENCE	LOCATION_CONTROLLED_DIAGNOSTIC	External fixture display path differs; same source relocated under repository has literal bilateral diagnostic equality in location control. Raw external path difference retained, no message/span regression claim.		00_nucleo/diagnosticos/p1335-transversal-r3.json#normal/default/P1138-S-002	
P1138-S-003	default	normal	transversal	RAW_DIFFERENCE	diagnostic	DIFFERENCE	LOCATION_CONTROLLED_DIAGNOSTIC	External fixture display path differs; same source relocated under repository has literal bilateral diagnostic equality in location control. Raw external path difference retained, no message/span regression claim.		00_nucleo/diagnosticos/p1335-transversal-r3.json#normal/default/P1138-S-003	
P1138-B-001	default	normal	transversal	RAW_EQUAL	typed_value	MATCH	MATCH_PROJECTED_LANGUAGE	Distingue bool/int e canonicaliza somente ordem de dict.		00_nucleo/diagnosticos/p1335-transversal-r3.json#normal/default/P1138-B-001	
P1138-X-001	default	normal	transversal	RAW_EQUAL	semantic_tree	MATCH	MATCH_PROJECTED_LANGUAGE	P1220 resolve referências, transforms matriciais e paths de glifo; construções fora do vocabulário focal permanecem Unknown.		00_nucleo/diagnosticos/p1335-transversal-r3.json#normal/default/P1138-X-001	
P1138-L-001	default	normal	transversal	RAW_EQUAL	geometry	MATCH	MATCH_PROJECTED_LANGUAGE	Tolerância mecânica: arredondamento a 0.001 pt por campo; a medição P1281 observa coincidência da caixa.		00_nucleo/diagnosticos/p1335-transversal-r3.json#normal/default/P1138-L-001	
P1138-X-002	default	normal	transversal	RAW_EQUAL	raster	DIFFERENCE	MECHANICAL_RASTER_DIFFERENCE	11 pixels differ by at most 1 channel unit; semantic text and page geometry controls pass. No language deficit inferred from raster bytes.		00_nucleo/diagnosticos/p1335-transversal-r3.json#normal/default/P1138-X-002	
P1138-X-003	default	normal	transversal	RAW_EQUAL	pdf_observables	DIFFERENCE	MECHANICAL_PDF_RESOURCE_NAME	Same page count/size and extracted text; only font resource label LibertinusSerif-Regular-Identity-H vs LibertinusSerif-Regular. Resource naming alone is not language morphology (ADR0107).		00_nucleo/diagnosticos/p1335-transversal-r3.json#normal/default/P1138-X-003	
P1138-X-004	default	normal	transversal			DISABLED_BY_PROFILE	EXPECTED_FEATURE_DISABLED	Compara estrutura semântica, não bytes nem whitespace exterior a texto.		00_nucleo/diagnosticos/p1335-transversal-r3.json#normal/default/P1138-X-004	
P1288-B-001	default	normal	transversal			DISABLED_BY_PROFILE	EXPECTED_FEATURE_DISABLED	No default é DISABLED_BY_PROFILE sem crédito; no perfil ativo o trio público coincide e rejeição futura da flag será DIFFERENCE, nunca disabled.		00_nucleo/diagnosticos/p1335-transversal-r3.json#normal/default/P1288-B-001	
P1137-S-001	html	normal	transversal	RAW_DIFFERENCE	exit_code	MATCH	MATCH_PROJECTED_LANGUAGE	Mensagem e span permanecem caso posterior; este caso prova rejeição.		00_nucleo/diagnosticos/p1335-transversal-r3.json#normal/html/P1137-S-001	
P1137-E-001	html	normal	transversal	RAW_DIFFERENCE	semantic_version	MATCH	MATCH_PROJECTED_LANGUAGE	Semantic version projection equal; differing build stamp is mechanical provenance, not sys.version claim.		00_nucleo/diagnosticos/p1335-transversal-r3.json#normal/html/P1137-E-001	
P1137-B-001	html	normal	transversal	RAW_EQUAL	capability	MATCH	MATCH_PROJECTED_LANGUAGE	Subcomando eval exposto para expressão isolada; JSON e raw no escopo inicial.		00_nucleo/diagnosticos/p1335-transversal-r3.json#normal/html/P1137-B-001	
P1137-I-001	html	normal	transversal	RAW_DIFFERENCE	capability	DIFFERENCE	OPEN_QUERY_DIAGNOSTIC_OR_CLI_CAPABILITY	Default query migration hint differs; feature-bearing query can be rejected by crystalline. Retain complete channels; query capability projection is not full CLI parity.	query-cli-diagnostic	00_nucleo/diagnosticos/p1335-transversal-r3.json#normal/html/P1137-I-001	
P1137-L-001	html	normal	transversal	RAW_EQUAL	artifact_presence	MATCH	MATCH_PROJECTED_LANGUAGE	Smoke de layout; não afirma igualdade geométrica ou visual.		00_nucleo/diagnosticos/p1335-transversal-r3.json#normal/html/P1137-L-001	
P1137-X-001	html	normal	transversal	RAW_EQUAL	capability	MATCH	MATCH_PROJECTED_LANGUAGE	Capacidade real presente; o texto do --help cristalino está desatualizado.		00_nucleo/diagnosticos/p1335-transversal-r3.json#normal/html/P1137-X-001	
P1137-X-002	html	normal	transversal	RAW_EQUAL	capability	MATCH	MATCH_PROJECTED_LANGUAGE	Subconjunto HTML inicial: a fixture plain é byte-idêntica; o backend permanece experimental e incompleto.		00_nucleo/diagnosticos/p1335-transversal-r3.json#normal/html/P1137-X-002	
P1137-X-003	html	normal	transversal	RAW_EQUAL	capability	MATCH	MATCH_PROJECTED_LANGUAGE	Capacidade real presente; o texto do --help cristalino está desatualizado.		00_nucleo/diagnosticos/p1335-transversal-r3.json#normal/html/P1137-X-003	
P1137-C-001	html	normal	transversal	RAW_DIFFERENCE	cli_surface	MATCH	CLI_HELP_SURFACE_NOT_FULL_PARITY	Help availability measured; complete help text differs and is retained. No full CLI documentation parity credit.		00_nucleo/diagnosticos/p1335-transversal-r3.json#normal/html/P1137-C-001	
P1137-C-002	html	normal	transversal	RAW_EQUAL	capability	MATCH	MATCH_PROJECTED_LANGUAGE	Fixture @preview local versionada; ambos resolvem sem rede.		00_nucleo/diagnosticos/p1335-transversal-r3.json#normal/html/P1137-C-002	
P1138-S-001	html	normal	transversal	RAW_DIFFERENCE	diagnostic	DIFFERENCE	LOCATION_CONTROLLED_DIAGNOSTIC	External fixture display path differs; same source relocated under repository has literal bilateral diagnostic equality in location control. Raw external path difference retained, no message/span regression claim.		00_nucleo/diagnosticos/p1335-transversal-r3.json#normal/html/P1138-S-001	
P1138-S-002	html	normal	transversal	RAW_DIFFERENCE	diagnostic	DIFFERENCE	LOCATION_CONTROLLED_DIAGNOSTIC	External fixture display path differs; same source relocated under repository has literal bilateral diagnostic equality in location control. Raw external path difference retained, no message/span regression claim.		00_nucleo/diagnosticos/p1335-transversal-r3.json#normal/html/P1138-S-002	
P1138-S-003	html	normal	transversal	RAW_DIFFERENCE	diagnostic	DIFFERENCE	LOCATION_CONTROLLED_DIAGNOSTIC	External fixture display path differs; same source relocated under repository has literal bilateral diagnostic equality in location control. Raw external path difference retained, no message/span regression claim.		00_nucleo/diagnosticos/p1335-transversal-r3.json#normal/html/P1138-S-003	
P1138-B-001	html	normal	transversal	RAW_EQUAL	typed_value	MATCH	MATCH_PROJECTED_LANGUAGE	Distingue bool/int e canonicaliza somente ordem de dict.		00_nucleo/diagnosticos/p1335-transversal-r3.json#normal/html/P1138-B-001	
P1138-X-001	html	normal	transversal	RAW_EQUAL	semantic_tree	MATCH	MATCH_PROJECTED_LANGUAGE	P1220 resolve referências, transforms matriciais e paths de glifo; construções fora do vocabulário focal permanecem Unknown.		00_nucleo/diagnosticos/p1335-transversal-r3.json#normal/html/P1138-X-001	
P1138-L-001	html	normal	transversal	RAW_EQUAL	geometry	MATCH	MATCH_PROJECTED_LANGUAGE	Tolerância mecânica: arredondamento a 0.001 pt por campo; a medição P1281 observa coincidência da caixa.		00_nucleo/diagnosticos/p1335-transversal-r3.json#normal/html/P1138-L-001	
P1138-X-002	html	normal	transversal	RAW_EQUAL	raster	DIFFERENCE	MECHANICAL_RASTER_DIFFERENCE	11 pixels differ by at most 1 channel unit; semantic text and page geometry controls pass. No language deficit inferred from raster bytes.		00_nucleo/diagnosticos/p1335-transversal-r3.json#normal/html/P1138-X-002	
P1138-X-003	html	normal	transversal	RAW_EQUAL	pdf_observables	DIFFERENCE	MECHANICAL_PDF_RESOURCE_NAME	Same page count/size and extracted text; only font resource label LibertinusSerif-Regular-Identity-H vs LibertinusSerif-Regular. Resource naming alone is not language morphology (ADR0107).		00_nucleo/diagnosticos/p1335-transversal-r3.json#normal/html/P1138-X-003	
P1138-X-004	html	normal	transversal	RAW_EQUAL	semantic_tree	MATCH	MATCH_PROJECTED_LANGUAGE	Compara estrutura semântica, não bytes nem whitespace exterior a texto.		00_nucleo/diagnosticos/p1335-transversal-r3.json#normal/html/P1138-X-004	
P1288-B-001	html	normal	transversal			DISABLED_BY_PROFILE	EXPECTED_FEATURE_DISABLED	No default é DISABLED_BY_PROFILE sem crédito; no perfil ativo o trio público coincide e rejeição futura da flag será DIFFERENCE, nunca disabled.		00_nucleo/diagnosticos/p1335-transversal-r3.json#normal/html/P1288-B-001	
P1137-S-001	a11y	normal	transversal	RAW_DIFFERENCE	exit_code	MATCH	MATCH_PROJECTED_LANGUAGE	Mensagem e span permanecem caso posterior; este caso prova rejeição.		00_nucleo/diagnosticos/p1335-transversal-r3.json#normal/a11y/P1137-S-001	
P1137-E-001	a11y	normal	transversal	RAW_DIFFERENCE	semantic_version	MATCH	MATCH_PROJECTED_LANGUAGE	Semantic version projection equal; differing build stamp is mechanical provenance, not sys.version claim.		00_nucleo/diagnosticos/p1335-transversal-r3.json#normal/a11y/P1137-E-001	
P1137-B-001	a11y	normal	transversal	RAW_EQUAL	capability	MATCH	MATCH_PROJECTED_LANGUAGE	Subcomando eval exposto para expressão isolada; JSON e raw no escopo inicial.		00_nucleo/diagnosticos/p1335-transversal-r3.json#normal/a11y/P1137-B-001	
P1137-I-001	a11y	normal	transversal	RAW_DIFFERENCE	capability	DIFFERENCE	OPEN_QUERY_DIAGNOSTIC_OR_CLI_CAPABILITY	Default query migration hint differs; feature-bearing query can be rejected by crystalline. Retain complete channels; query capability projection is not full CLI parity.	query-cli-diagnostic	00_nucleo/diagnosticos/p1335-transversal-r3.json#normal/a11y/P1137-I-001	
P1137-L-001	a11y	normal	transversal	RAW_EQUAL	artifact_presence	MATCH	MATCH_PROJECTED_LANGUAGE	Smoke de layout; não afirma igualdade geométrica ou visual.		00_nucleo/diagnosticos/p1335-transversal-r3.json#normal/a11y/P1137-L-001	
P1137-X-001	a11y	normal	transversal	RAW_EQUAL	capability	MATCH	MATCH_PROJECTED_LANGUAGE	Capacidade real presente; o texto do --help cristalino está desatualizado.		00_nucleo/diagnosticos/p1335-transversal-r3.json#normal/a11y/P1137-X-001	
P1137-X-002	a11y	normal	transversal			DISABLED_BY_PROFILE	EXPECTED_FEATURE_DISABLED	Subconjunto HTML inicial: a fixture plain é byte-idêntica; o backend permanece experimental e incompleto.		00_nucleo/diagnosticos/p1335-transversal-r3.json#normal/a11y/P1137-X-002	
P1137-X-003	a11y	normal	transversal	RAW_EQUAL	capability	MATCH	MATCH_PROJECTED_LANGUAGE	Capacidade real presente; o texto do --help cristalino está desatualizado.		00_nucleo/diagnosticos/p1335-transversal-r3.json#normal/a11y/P1137-X-003	
P1137-C-001	a11y	normal	transversal	RAW_DIFFERENCE	cli_surface	MATCH	CLI_HELP_SURFACE_NOT_FULL_PARITY	Help availability measured; complete help text differs and is retained. No full CLI documentation parity credit.		00_nucleo/diagnosticos/p1335-transversal-r3.json#normal/a11y/P1137-C-001	
P1137-C-002	a11y	normal	transversal	RAW_EQUAL	capability	MATCH	MATCH_PROJECTED_LANGUAGE	Fixture @preview local versionada; ambos resolvem sem rede.		00_nucleo/diagnosticos/p1335-transversal-r3.json#normal/a11y/P1137-C-002	
P1138-S-001	a11y	normal	transversal	RAW_DIFFERENCE	diagnostic	DIFFERENCE	LOCATION_CONTROLLED_DIAGNOSTIC	External fixture display path differs; same source relocated under repository has literal bilateral diagnostic equality in location control. Raw external path difference retained, no message/span regression claim.		00_nucleo/diagnosticos/p1335-transversal-r3.json#normal/a11y/P1138-S-001	
P1138-S-002	a11y	normal	transversal	RAW_DIFFERENCE	diagnostic	DIFFERENCE	LOCATION_CONTROLLED_DIAGNOSTIC	External fixture display path differs; same source relocated under repository has literal bilateral diagnostic equality in location control. Raw external path difference retained, no message/span regression claim.		00_nucleo/diagnosticos/p1335-transversal-r3.json#normal/a11y/P1138-S-002	
P1138-S-003	a11y	normal	transversal	RAW_DIFFERENCE	diagnostic	DIFFERENCE	LOCATION_CONTROLLED_DIAGNOSTIC	External fixture display path differs; same source relocated under repository has literal bilateral diagnostic equality in location control. Raw external path difference retained, no message/span regression claim.		00_nucleo/diagnosticos/p1335-transversal-r3.json#normal/a11y/P1138-S-003	
P1138-B-001	a11y	normal	transversal	RAW_EQUAL	typed_value	MATCH	MATCH_PROJECTED_LANGUAGE	Distingue bool/int e canonicaliza somente ordem de dict.		00_nucleo/diagnosticos/p1335-transversal-r3.json#normal/a11y/P1138-B-001	
P1138-X-001	a11y	normal	transversal	RAW_EQUAL	semantic_tree	MATCH	MATCH_PROJECTED_LANGUAGE	P1220 resolve referências, transforms matriciais e paths de glifo; construções fora do vocabulário focal permanecem Unknown.		00_nucleo/diagnosticos/p1335-transversal-r3.json#normal/a11y/P1138-X-001	
P1138-L-001	a11y	normal	transversal	RAW_EQUAL	geometry	MATCH	MATCH_PROJECTED_LANGUAGE	Tolerância mecânica: arredondamento a 0.001 pt por campo; a medição P1281 observa coincidência da caixa.		00_nucleo/diagnosticos/p1335-transversal-r3.json#normal/a11y/P1138-L-001	
P1138-X-002	a11y	normal	transversal	RAW_EQUAL	raster	DIFFERENCE	MECHANICAL_RASTER_DIFFERENCE	11 pixels differ by at most 1 channel unit; semantic text and page geometry controls pass. No language deficit inferred from raster bytes.		00_nucleo/diagnosticos/p1335-transversal-r3.json#normal/a11y/P1138-X-002	
P1138-X-003	a11y	normal	transversal	RAW_EQUAL	pdf_observables	DIFFERENCE	MECHANICAL_PDF_RESOURCE_NAME	Same page count/size and extracted text; only font resource label LibertinusSerif-Regular-Identity-H vs LibertinusSerif-Regular. Resource naming alone is not language morphology (ADR0107).		00_nucleo/diagnosticos/p1335-transversal-r3.json#normal/a11y/P1138-X-003	
P1138-X-004	a11y	normal	transversal			DISABLED_BY_PROFILE	EXPECTED_FEATURE_DISABLED	Compara estrutura semântica, não bytes nem whitespace exterior a texto.		00_nucleo/diagnosticos/p1335-transversal-r3.json#normal/a11y/P1138-X-004	
P1288-B-001	a11y	normal	transversal	RAW_EQUAL	capability	MATCH	MATCH_PROJECTED_LANGUAGE	No default é DISABLED_BY_PROFILE sem crédito; no perfil ativo o trio público coincide e rejeição futura da flag será DIFFERENCE, nunca disabled.		00_nucleo/diagnosticos/p1335-transversal-r3.json#normal/a11y/P1288-B-001	
P1137-S-001	html+a11y	normal	transversal	RAW_DIFFERENCE	exit_code	MATCH	MATCH_PROJECTED_LANGUAGE	Mensagem e span permanecem caso posterior; este caso prova rejeição.		00_nucleo/diagnosticos/p1335-transversal-r3.json#normal/html+a11y/P1137-S-001	
P1137-E-001	html+a11y	normal	transversal	RAW_DIFFERENCE	semantic_version	MATCH	MATCH_PROJECTED_LANGUAGE	Semantic version projection equal; differing build stamp is mechanical provenance, not sys.version claim.		00_nucleo/diagnosticos/p1335-transversal-r3.json#normal/html+a11y/P1137-E-001	
P1137-B-001	html+a11y	normal	transversal	RAW_EQUAL	capability	MATCH	MATCH_PROJECTED_LANGUAGE	Subcomando eval exposto para expressão isolada; JSON e raw no escopo inicial.		00_nucleo/diagnosticos/p1335-transversal-r3.json#normal/html+a11y/P1137-B-001	
P1137-I-001	html+a11y	normal	transversal	RAW_DIFFERENCE	capability	DIFFERENCE	OPEN_QUERY_DIAGNOSTIC_OR_CLI_CAPABILITY	Default query migration hint differs; feature-bearing query can be rejected by crystalline. Retain complete channels; query capability projection is not full CLI parity.	query-cli-diagnostic	00_nucleo/diagnosticos/p1335-transversal-r3.json#normal/html+a11y/P1137-I-001	
P1137-L-001	html+a11y	normal	transversal	RAW_EQUAL	artifact_presence	MATCH	MATCH_PROJECTED_LANGUAGE	Smoke de layout; não afirma igualdade geométrica ou visual.		00_nucleo/diagnosticos/p1335-transversal-r3.json#normal/html+a11y/P1137-L-001	
P1137-X-001	html+a11y	normal	transversal	RAW_EQUAL	capability	MATCH	MATCH_PROJECTED_LANGUAGE	Capacidade real presente; o texto do --help cristalino está desatualizado.		00_nucleo/diagnosticos/p1335-transversal-r3.json#normal/html+a11y/P1137-X-001	
P1137-X-002	html+a11y	normal	transversal	RAW_EQUAL	capability	MATCH	MATCH_PROJECTED_LANGUAGE	Subconjunto HTML inicial: a fixture plain é byte-idêntica; o backend permanece experimental e incompleto.		00_nucleo/diagnosticos/p1335-transversal-r3.json#normal/html+a11y/P1137-X-002	
P1137-X-003	html+a11y	normal	transversal	RAW_EQUAL	capability	MATCH	MATCH_PROJECTED_LANGUAGE	Capacidade real presente; o texto do --help cristalino está desatualizado.		00_nucleo/diagnosticos/p1335-transversal-r3.json#normal/html+a11y/P1137-X-003	
P1137-C-001	html+a11y	normal	transversal	RAW_DIFFERENCE	cli_surface	MATCH	CLI_HELP_SURFACE_NOT_FULL_PARITY	Help availability measured; complete help text differs and is retained. No full CLI documentation parity credit.		00_nucleo/diagnosticos/p1335-transversal-r3.json#normal/html+a11y/P1137-C-001	
P1137-C-002	html+a11y	normal	transversal	RAW_EQUAL	capability	MATCH	MATCH_PROJECTED_LANGUAGE	Fixture @preview local versionada; ambos resolvem sem rede.		00_nucleo/diagnosticos/p1335-transversal-r3.json#normal/html+a11y/P1137-C-002	
P1138-S-001	html+a11y	normal	transversal	RAW_DIFFERENCE	diagnostic	DIFFERENCE	LOCATION_CONTROLLED_DIAGNOSTIC	External fixture display path differs; same source relocated under repository has literal bilateral diagnostic equality in location control. Raw external path difference retained, no message/span regression claim.		00_nucleo/diagnosticos/p1335-transversal-r3.json#normal/html+a11y/P1138-S-001	
P1138-S-002	html+a11y	normal	transversal	RAW_DIFFERENCE	diagnostic	DIFFERENCE	LOCATION_CONTROLLED_DIAGNOSTIC	External fixture display path differs; same source relocated under repository has literal bilateral diagnostic equality in location control. Raw external path difference retained, no message/span regression claim.		00_nucleo/diagnosticos/p1335-transversal-r3.json#normal/html+a11y/P1138-S-002	
P1138-S-003	html+a11y	normal	transversal	RAW_DIFFERENCE	diagnostic	DIFFERENCE	LOCATION_CONTROLLED_DIAGNOSTIC	External fixture display path differs; same source relocated under repository has literal bilateral diagnostic equality in location control. Raw external path difference retained, no message/span regression claim.		00_nucleo/diagnosticos/p1335-transversal-r3.json#normal/html+a11y/P1138-S-003	
P1138-B-001	html+a11y	normal	transversal	RAW_EQUAL	typed_value	MATCH	MATCH_PROJECTED_LANGUAGE	Distingue bool/int e canonicaliza somente ordem de dict.		00_nucleo/diagnosticos/p1335-transversal-r3.json#normal/html+a11y/P1138-B-001	
P1138-X-001	html+a11y	normal	transversal	RAW_EQUAL	semantic_tree	MATCH	MATCH_PROJECTED_LANGUAGE	P1220 resolve referências, transforms matriciais e paths de glifo; construções fora do vocabulário focal permanecem Unknown.		00_nucleo/diagnosticos/p1335-transversal-r3.json#normal/html+a11y/P1138-X-001	
P1138-L-001	html+a11y	normal	transversal	RAW_EQUAL	geometry	MATCH	MATCH_PROJECTED_LANGUAGE	Tolerância mecânica: arredondamento a 0.001 pt por campo; a medição P1281 observa coincidência da caixa.		00_nucleo/diagnosticos/p1335-transversal-r3.json#normal/html+a11y/P1138-L-001	
P1138-X-002	html+a11y	normal	transversal	RAW_EQUAL	raster	DIFFERENCE	MECHANICAL_RASTER_DIFFERENCE	11 pixels differ by at most 1 channel unit; semantic text and page geometry controls pass. No language deficit inferred from raster bytes.		00_nucleo/diagnosticos/p1335-transversal-r3.json#normal/html+a11y/P1138-X-002	
P1138-X-003	html+a11y	normal	transversal	RAW_EQUAL	pdf_observables	DIFFERENCE	MECHANICAL_PDF_RESOURCE_NAME	Same page count/size and extracted text; only font resource label LibertinusSerif-Regular-Identity-H vs LibertinusSerif-Regular. Resource naming alone is not language morphology (ADR0107).		00_nucleo/diagnosticos/p1335-transversal-r3.json#normal/html+a11y/P1138-X-003	
P1138-X-004	html+a11y	normal	transversal	RAW_EQUAL	semantic_tree	MATCH	MATCH_PROJECTED_LANGUAGE	Compara estrutura semântica, não bytes nem whitespace exterior a texto.		00_nucleo/diagnosticos/p1335-transversal-r3.json#normal/html+a11y/P1138-X-004	
P1288-B-001	html+a11y	normal	transversal	RAW_EQUAL	capability	MATCH	MATCH_PROJECTED_LANGUAGE	No default é DISABLED_BY_PROFILE sem crédito; no perfil ativo o trio público coincide e rejeição futura da flag será DIFFERENCE, nunca disabled.		00_nucleo/diagnosticos/p1335-transversal-r3.json#normal/html+a11y/P1288-B-001	
P1137-S-001	default	repeat	transversal	RAW_DIFFERENCE	exit_code	MATCH	MATCH_PROJECTED_LANGUAGE	Mensagem e span permanecem caso posterior; este caso prova rejeição.		00_nucleo/diagnosticos/p1335-transversal-r3.json#repeat/default/P1137-S-001	
P1137-E-001	default	repeat	transversal	RAW_DIFFERENCE	semantic_version	MATCH	MATCH_PROJECTED_LANGUAGE	Semantic version projection equal; differing build stamp is mechanical provenance, not sys.version claim.		00_nucleo/diagnosticos/p1335-transversal-r3.json#repeat/default/P1137-E-001	
P1137-B-001	default	repeat	transversal	RAW_EQUAL	capability	MATCH	MATCH_PROJECTED_LANGUAGE	Subcomando eval exposto para expressão isolada; JSON e raw no escopo inicial.		00_nucleo/diagnosticos/p1335-transversal-r3.json#repeat/default/P1137-B-001	
P1137-I-001	default	repeat	transversal	RAW_DIFFERENCE	capability	MATCH	OPEN_QUERY_DIAGNOSTIC_OR_CLI_CAPABILITY	Default query migration hint differs; feature-bearing query can be rejected by crystalline. Retain complete channels; query capability projection is not full CLI parity.	query-cli-diagnostic	00_nucleo/diagnosticos/p1335-transversal-r3.json#repeat/default/P1137-I-001	
P1137-L-001	default	repeat	transversal	RAW_EQUAL	artifact_presence	MATCH	MATCH_PROJECTED_LANGUAGE	Smoke de layout; não afirma igualdade geométrica ou visual.		00_nucleo/diagnosticos/p1335-transversal-r3.json#repeat/default/P1137-L-001	
P1137-X-001	default	repeat	transversal	RAW_EQUAL	capability	MATCH	MATCH_PROJECTED_LANGUAGE	Capacidade real presente; o texto do --help cristalino está desatualizado.		00_nucleo/diagnosticos/p1335-transversal-r3.json#repeat/default/P1137-X-001	
P1137-X-002	default	repeat	transversal			DISABLED_BY_PROFILE	EXPECTED_FEATURE_DISABLED	Subconjunto HTML inicial: a fixture plain é byte-idêntica; o backend permanece experimental e incompleto.		00_nucleo/diagnosticos/p1335-transversal-r3.json#repeat/default/P1137-X-002	
P1137-X-003	default	repeat	transversal	RAW_EQUAL	capability	MATCH	MATCH_PROJECTED_LANGUAGE	Capacidade real presente; o texto do --help cristalino está desatualizado.		00_nucleo/diagnosticos/p1335-transversal-r3.json#repeat/default/P1137-X-003	
P1137-C-001	default	repeat	transversal	RAW_DIFFERENCE	cli_surface	MATCH	CLI_HELP_SURFACE_NOT_FULL_PARITY	Help availability measured; complete help text differs and is retained. No full CLI documentation parity credit.		00_nucleo/diagnosticos/p1335-transversal-r3.json#repeat/default/P1137-C-001	
P1137-C-002	default	repeat	transversal	RAW_EQUAL	capability	MATCH	MATCH_PROJECTED_LANGUAGE	Fixture @preview local versionada; ambos resolvem sem rede.		00_nucleo/diagnosticos/p1335-transversal-r3.json#repeat/default/P1137-C-002	
P1138-S-001	default	repeat	transversal	RAW_DIFFERENCE	diagnostic	DIFFERENCE	LOCATION_CONTROLLED_DIAGNOSTIC	External fixture display path differs; same source relocated under repository has literal bilateral diagnostic equality in location control. Raw external path difference retained, no message/span regression claim.		00_nucleo/diagnosticos/p1335-transversal-r3.json#repeat/default/P1138-S-001	
P1138-S-002	default	repeat	transversal	RAW_DIFFERENCE	diagnostic	DIFFERENCE	LOCATION_CONTROLLED_DIAGNOSTIC	External fixture display path differs; same source relocated under repository has literal bilateral diagnostic equality in location control. Raw external path difference retained, no message/span regression claim.		00_nucleo/diagnosticos/p1335-transversal-r3.json#repeat/default/P1138-S-002	
P1138-S-003	default	repeat	transversal	RAW_DIFFERENCE	diagnostic	DIFFERENCE	LOCATION_CONTROLLED_DIAGNOSTIC	External fixture display path differs; same source relocated under repository has literal bilateral diagnostic equality in location control. Raw external path difference retained, no message/span regression claim.		00_nucleo/diagnosticos/p1335-transversal-r3.json#repeat/default/P1138-S-003	
P1138-B-001	default	repeat	transversal	RAW_EQUAL	typed_value	MATCH	MATCH_PROJECTED_LANGUAGE	Distingue bool/int e canonicaliza somente ordem de dict.		00_nucleo/diagnosticos/p1335-transversal-r3.json#repeat/default/P1138-B-001	
P1138-X-001	default	repeat	transversal	RAW_EQUAL	semantic_tree	MATCH	MATCH_PROJECTED_LANGUAGE	P1220 resolve referências, transforms matriciais e paths de glifo; construções fora do vocabulário focal permanecem Unknown.		00_nucleo/diagnosticos/p1335-transversal-r3.json#repeat/default/P1138-X-001	
P1138-L-001	default	repeat	transversal	RAW_EQUAL	geometry	MATCH	MATCH_PROJECTED_LANGUAGE	Tolerância mecânica: arredondamento a 0.001 pt por campo; a medição P1281 observa coincidência da caixa.		00_nucleo/diagnosticos/p1335-transversal-r3.json#repeat/default/P1138-L-001	
P1138-X-002	default	repeat	transversal	RAW_EQUAL	raster	DIFFERENCE	MECHANICAL_RASTER_DIFFERENCE	11 pixels differ by at most 1 channel unit; semantic text and page geometry controls pass. No language deficit inferred from raster bytes.		00_nucleo/diagnosticos/p1335-transversal-r3.json#repeat/default/P1138-X-002	
P1138-X-003	default	repeat	transversal	RAW_EQUAL	pdf_observables	DIFFERENCE	MECHANICAL_PDF_RESOURCE_NAME	Same page count/size and extracted text; only font resource label LibertinusSerif-Regular-Identity-H vs LibertinusSerif-Regular. Resource naming alone is not language morphology (ADR0107).		00_nucleo/diagnosticos/p1335-transversal-r3.json#repeat/default/P1138-X-003	
P1138-X-004	default	repeat	transversal			DISABLED_BY_PROFILE	EXPECTED_FEATURE_DISABLED	Compara estrutura semântica, não bytes nem whitespace exterior a texto.		00_nucleo/diagnosticos/p1335-transversal-r3.json#repeat/default/P1138-X-004	
P1288-B-001	default	repeat	transversal			DISABLED_BY_PROFILE	EXPECTED_FEATURE_DISABLED	No default é DISABLED_BY_PROFILE sem crédito; no perfil ativo o trio público coincide e rejeição futura da flag será DIFFERENCE, nunca disabled.		00_nucleo/diagnosticos/p1335-transversal-r3.json#repeat/default/P1288-B-001	
P1137-S-001	html	repeat	transversal	RAW_DIFFERENCE	exit_code	MATCH	MATCH_PROJECTED_LANGUAGE	Mensagem e span permanecem caso posterior; este caso prova rejeição.		00_nucleo/diagnosticos/p1335-transversal-r3.json#repeat/html/P1137-S-001	
P1137-E-001	html	repeat	transversal	RAW_DIFFERENCE	semantic_version	MATCH	MATCH_PROJECTED_LANGUAGE	Semantic version projection equal; differing build stamp is mechanical provenance, not sys.version claim.		00_nucleo/diagnosticos/p1335-transversal-r3.json#repeat/html/P1137-E-001	
P1137-B-001	html	repeat	transversal	RAW_EQUAL	capability	MATCH	MATCH_PROJECTED_LANGUAGE	Subcomando eval exposto para expressão isolada; JSON e raw no escopo inicial.		00_nucleo/diagnosticos/p1335-transversal-r3.json#repeat/html/P1137-B-001	
P1137-I-001	html	repeat	transversal	RAW_DIFFERENCE	capability	DIFFERENCE	OPEN_QUERY_DIAGNOSTIC_OR_CLI_CAPABILITY	Default query migration hint differs; feature-bearing query can be rejected by crystalline. Retain complete channels; query capability projection is not full CLI parity.	query-cli-diagnostic	00_nucleo/diagnosticos/p1335-transversal-r3.json#repeat/html/P1137-I-001	
P1137-L-001	html	repeat	transversal	RAW_EQUAL	artifact_presence	MATCH	MATCH_PROJECTED_LANGUAGE	Smoke de layout; não afirma igualdade geométrica ou visual.		00_nucleo/diagnosticos/p1335-transversal-r3.json#repeat/html/P1137-L-001	
P1137-X-001	html	repeat	transversal	RAW_EQUAL	capability	MATCH	MATCH_PROJECTED_LANGUAGE	Capacidade real presente; o texto do --help cristalino está desatualizado.		00_nucleo/diagnosticos/p1335-transversal-r3.json#repeat/html/P1137-X-001	
P1137-X-002	html	repeat	transversal	RAW_EQUAL	capability	MATCH	MATCH_PROJECTED_LANGUAGE	Subconjunto HTML inicial: a fixture plain é byte-idêntica; o backend permanece experimental e incompleto.		00_nucleo/diagnosticos/p1335-transversal-r3.json#repeat/html/P1137-X-002	
P1137-X-003	html	repeat	transversal	RAW_EQUAL	capability	MATCH	MATCH_PROJECTED_LANGUAGE	Capacidade real presente; o texto do --help cristalino está desatualizado.		00_nucleo/diagnosticos/p1335-transversal-r3.json#repeat/html/P1137-X-003	
P1137-C-001	html	repeat	transversal	RAW_DIFFERENCE	cli_surface	MATCH	CLI_HELP_SURFACE_NOT_FULL_PARITY	Help availability measured; complete help text differs and is retained. No full CLI documentation parity credit.		00_nucleo/diagnosticos/p1335-transversal-r3.json#repeat/html/P1137-C-001	
P1137-C-002	html	repeat	transversal	RAW_EQUAL	capability	MATCH	MATCH_PROJECTED_LANGUAGE	Fixture @preview local versionada; ambos resolvem sem rede.		00_nucleo/diagnosticos/p1335-transversal-r3.json#repeat/html/P1137-C-002	
P1138-S-001	html	repeat	transversal	RAW_DIFFERENCE	diagnostic	DIFFERENCE	LOCATION_CONTROLLED_DIAGNOSTIC	External fixture display path differs; same source relocated under repository has literal bilateral diagnostic equality in location control. Raw external path difference retained, no message/span regression claim.		00_nucleo/diagnosticos/p1335-transversal-r3.json#repeat/html/P1138-S-001	
P1138-S-002	html	repeat	transversal	RAW_DIFFERENCE	diagnostic	DIFFERENCE	LOCATION_CONTROLLED_DIAGNOSTIC	External fixture display path differs; same source relocated under repository has literal bilateral diagnostic equality in location control. Raw external path difference retained, no message/span regression claim.		00_nucleo/diagnosticos/p1335-transversal-r3.json#repeat/html/P1138-S-002	
P1138-S-003	html	repeat	transversal	RAW_DIFFERENCE	diagnostic	DIFFERENCE	LOCATION_CONTROLLED_DIAGNOSTIC	External fixture display path differs; same source relocated under repository has literal bilateral diagnostic equality in location control. Raw external path difference retained, no message/span regression claim.		00_nucleo/diagnosticos/p1335-transversal-r3.json#repeat/html/P1138-S-003	
P1138-B-001	html	repeat	transversal	RAW_EQUAL	typed_value	MATCH	MATCH_PROJECTED_LANGUAGE	Distingue bool/int e canonicaliza somente ordem de dict.		00_nucleo/diagnosticos/p1335-transversal-r3.json#repeat/html/P1138-B-001	
P1138-X-001	html	repeat	transversal	RAW_EQUAL	semantic_tree	MATCH	MATCH_PROJECTED_LANGUAGE	P1220 resolve referências, transforms matriciais e paths de glifo; construções fora do vocabulário focal permanecem Unknown.		00_nucleo/diagnosticos/p1335-transversal-r3.json#repeat/html/P1138-X-001	
P1138-L-001	html	repeat	transversal	RAW_EQUAL	geometry	MATCH	MATCH_PROJECTED_LANGUAGE	Tolerância mecânica: arredondamento a 0.001 pt por campo; a medição P1281 observa coincidência da caixa.		00_nucleo/diagnosticos/p1335-transversal-r3.json#repeat/html/P1138-L-001	
P1138-X-002	html	repeat	transversal	RAW_EQUAL	raster	DIFFERENCE	MECHANICAL_RASTER_DIFFERENCE	11 pixels differ by at most 1 channel unit; semantic text and page geometry controls pass. No language deficit inferred from raster bytes.		00_nucleo/diagnosticos/p1335-transversal-r3.json#repeat/html/P1138-X-002	
P1138-X-003	html	repeat	transversal	RAW_EQUAL	pdf_observables	DIFFERENCE	MECHANICAL_PDF_RESOURCE_NAME	Same page count/size and extracted text; only font resource label LibertinusSerif-Regular-Identity-H vs LibertinusSerif-Regular. Resource naming alone is not language morphology (ADR0107).		00_nucleo/diagnosticos/p1335-transversal-r3.json#repeat/html/P1138-X-003	
P1138-X-004	html	repeat	transversal	RAW_EQUAL	semantic_tree	MATCH	MATCH_PROJECTED_LANGUAGE	Compara estrutura semântica, não bytes nem whitespace exterior a texto.		00_nucleo/diagnosticos/p1335-transversal-r3.json#repeat/html/P1138-X-004	
P1288-B-001	html	repeat	transversal			DISABLED_BY_PROFILE	EXPECTED_FEATURE_DISABLED	No default é DISABLED_BY_PROFILE sem crédito; no perfil ativo o trio público coincide e rejeição futura da flag será DIFFERENCE, nunca disabled.		00_nucleo/diagnosticos/p1335-transversal-r3.json#repeat/html/P1288-B-001	
P1137-S-001	a11y	repeat	transversal	RAW_DIFFERENCE	exit_code	MATCH	MATCH_PROJECTED_LANGUAGE	Mensagem e span permanecem caso posterior; este caso prova rejeição.		00_nucleo/diagnosticos/p1335-transversal-r3.json#repeat/a11y/P1137-S-001	
P1137-E-001	a11y	repeat	transversal	RAW_DIFFERENCE	semantic_version	MATCH	MATCH_PROJECTED_LANGUAGE	Semantic version projection equal; differing build stamp is mechanical provenance, not sys.version claim.		00_nucleo/diagnosticos/p1335-transversal-r3.json#repeat/a11y/P1137-E-001	
P1137-B-001	a11y	repeat	transversal	RAW_EQUAL	capability	MATCH	MATCH_PROJECTED_LANGUAGE	Subcomando eval exposto para expressão isolada; JSON e raw no escopo inicial.		00_nucleo/diagnosticos/p1335-transversal-r3.json#repeat/a11y/P1137-B-001	
P1137-I-001	a11y	repeat	transversal	RAW_DIFFERENCE	capability	DIFFERENCE	OPEN_QUERY_DIAGNOSTIC_OR_CLI_CAPABILITY	Default query migration hint differs; feature-bearing query can be rejected by crystalline. Retain complete channels; query capability projection is not full CLI parity.	query-cli-diagnostic	00_nucleo/diagnosticos/p1335-transversal-r3.json#repeat/a11y/P1137-I-001	
P1137-L-001	a11y	repeat	transversal	RAW_EQUAL	artifact_presence	MATCH	MATCH_PROJECTED_LANGUAGE	Smoke de layout; não afirma igualdade geométrica ou visual.		00_nucleo/diagnosticos/p1335-transversal-r3.json#repeat/a11y/P1137-L-001	
P1137-X-001	a11y	repeat	transversal	RAW_EQUAL	capability	MATCH	MATCH_PROJECTED_LANGUAGE	Capacidade real presente; o texto do --help cristalino está desatualizado.		00_nucleo/diagnosticos/p1335-transversal-r3.json#repeat/a11y/P1137-X-001	
P1137-X-002	a11y	repeat	transversal			DISABLED_BY_PROFILE	EXPECTED_FEATURE_DISABLED	Subconjunto HTML inicial: a fixture plain é byte-idêntica; o backend permanece experimental e incompleto.		00_nucleo/diagnosticos/p1335-transversal-r3.json#repeat/a11y/P1137-X-002	
P1137-X-003	a11y	repeat	transversal	RAW_EQUAL	capability	MATCH	MATCH_PROJECTED_LANGUAGE	Capacidade real presente; o texto do --help cristalino está desatualizado.		00_nucleo/diagnosticos/p1335-transversal-r3.json#repeat/a11y/P1137-X-003	
P1137-C-001	a11y	repeat	transversal	RAW_DIFFERENCE	cli_surface	MATCH	CLI_HELP_SURFACE_NOT_FULL_PARITY	Help availability measured; complete help text differs and is retained. No full CLI documentation parity credit.		00_nucleo/diagnosticos/p1335-transversal-r3.json#repeat/a11y/P1137-C-001	
P1137-C-002	a11y	repeat	transversal	RAW_EQUAL	capability	MATCH	MATCH_PROJECTED_LANGUAGE	Fixture @preview local versionada; ambos resolvem sem rede.		00_nucleo/diagnosticos/p1335-transversal-r3.json#repeat/a11y/P1137-C-002	
P1138-S-001	a11y	repeat	transversal	RAW_DIFFERENCE	diagnostic	DIFFERENCE	LOCATION_CONTROLLED_DIAGNOSTIC	External fixture display path differs; same source relocated under repository has literal bilateral diagnostic equality in location control. Raw external path difference retained, no message/span regression claim.		00_nucleo/diagnosticos/p1335-transversal-r3.json#repeat/a11y/P1138-S-001	
P1138-S-002	a11y	repeat	transversal	RAW_DIFFERENCE	diagnostic	DIFFERENCE	LOCATION_CONTROLLED_DIAGNOSTIC	External fixture display path differs; same source relocated under repository has literal bilateral diagnostic equality in location control. Raw external path difference retained, no message/span regression claim.		00_nucleo/diagnosticos/p1335-transversal-r3.json#repeat/a11y/P1138-S-002	
P1138-S-003	a11y	repeat	transversal	RAW_DIFFERENCE	diagnostic	DIFFERENCE	LOCATION_CONTROLLED_DIAGNOSTIC	External fixture display path differs; same source relocated under repository has literal bilateral diagnostic equality in location control. Raw external path difference retained, no message/span regression claim.		00_nucleo/diagnosticos/p1335-transversal-r3.json#repeat/a11y/P1138-S-003	
P1138-B-001	a11y	repeat	transversal	RAW_EQUAL	typed_value	MATCH	MATCH_PROJECTED_LANGUAGE	Distingue bool/int e canonicaliza somente ordem de dict.		00_nucleo/diagnosticos/p1335-transversal-r3.json#repeat/a11y/P1138-B-001	
P1138-X-001	a11y	repeat	transversal	RAW_EQUAL	semantic_tree	MATCH	MATCH_PROJECTED_LANGUAGE	P1220 resolve referências, transforms matriciais e paths de glifo; construções fora do vocabulário focal permanecem Unknown.		00_nucleo/diagnosticos/p1335-transversal-r3.json#repeat/a11y/P1138-X-001	
P1138-L-001	a11y	repeat	transversal	RAW_EQUAL	geometry	MATCH	MATCH_PROJECTED_LANGUAGE	Tolerância mecânica: arredondamento a 0.001 pt por campo; a medição P1281 observa coincidência da caixa.		00_nucleo/diagnosticos/p1335-transversal-r3.json#repeat/a11y/P1138-L-001	
P1138-X-002	a11y	repeat	transversal	RAW_EQUAL	raster	DIFFERENCE	MECHANICAL_RASTER_DIFFERENCE	11 pixels differ by at most 1 channel unit; semantic text and page geometry controls pass. No language deficit inferred from raster bytes.		00_nucleo/diagnosticos/p1335-transversal-r3.json#repeat/a11y/P1138-X-002	
P1138-X-003	a11y	repeat	transversal	RAW_EQUAL	pdf_observables	DIFFERENCE	MECHANICAL_PDF_RESOURCE_NAME	Same page count/size and extracted text; only font resource label LibertinusSerif-Regular-Identity-H vs LibertinusSerif-Regular. Resource naming alone is not language morphology (ADR0107).		00_nucleo/diagnosticos/p1335-transversal-r3.json#repeat/a11y/P1138-X-003	
P1138-X-004	a11y	repeat	transversal			DISABLED_BY_PROFILE	EXPECTED_FEATURE_DISABLED	Compara estrutura semântica, não bytes nem whitespace exterior a texto.		00_nucleo/diagnosticos/p1335-transversal-r3.json#repeat/a11y/P1138-X-004	
P1288-B-001	a11y	repeat	transversal	RAW_EQUAL	capability	MATCH	MATCH_PROJECTED_LANGUAGE	No default é DISABLED_BY_PROFILE sem crédito; no perfil ativo o trio público coincide e rejeição futura da flag será DIFFERENCE, nunca disabled.		00_nucleo/diagnosticos/p1335-transversal-r3.json#repeat/a11y/P1288-B-001	
P1137-S-001	html+a11y	repeat	transversal	RAW_DIFFERENCE	exit_code	MATCH	MATCH_PROJECTED_LANGUAGE	Mensagem e span permanecem caso posterior; este caso prova rejeição.		00_nucleo/diagnosticos/p1335-transversal-r3.json#repeat/html+a11y/P1137-S-001	
P1137-E-001	html+a11y	repeat	transversal	RAW_DIFFERENCE	semantic_version	MATCH	MATCH_PROJECTED_LANGUAGE	Semantic version projection equal; differing build stamp is mechanical provenance, not sys.version claim.		00_nucleo/diagnosticos/p1335-transversal-r3.json#repeat/html+a11y/P1137-E-001	
P1137-B-001	html+a11y	repeat	transversal	RAW_EQUAL	capability	MATCH	MATCH_PROJECTED_LANGUAGE	Subcomando eval exposto para expressão isolada; JSON e raw no escopo inicial.		00_nucleo/diagnosticos/p1335-transversal-r3.json#repeat/html+a11y/P1137-B-001	
P1137-I-001	html+a11y	repeat	transversal	RAW_DIFFERENCE	capability	DIFFERENCE	OPEN_QUERY_DIAGNOSTIC_OR_CLI_CAPABILITY	Default query migration hint differs; feature-bearing query can be rejected by crystalline. Retain complete channels; query capability projection is not full CLI parity.	query-cli-diagnostic	00_nucleo/diagnosticos/p1335-transversal-r3.json#repeat/html+a11y/P1137-I-001	
P1137-L-001	html+a11y	repeat	transversal	RAW_EQUAL	artifact_presence	MATCH	MATCH_PROJECTED_LANGUAGE	Smoke de layout; não afirma igualdade geométrica ou visual.		00_nucleo/diagnosticos/p1335-transversal-r3.json#repeat/html+a11y/P1137-L-001	
P1137-X-001	html+a11y	repeat	transversal	RAW_EQUAL	capability	MATCH	MATCH_PROJECTED_LANGUAGE	Capacidade real presente; o texto do --help cristalino está desatualizado.		00_nucleo/diagnosticos/p1335-transversal-r3.json#repeat/html+a11y/P1137-X-001	
P1137-X-002	html+a11y	repeat	transversal	RAW_EQUAL	capability	MATCH	MATCH_PROJECTED_LANGUAGE	Subconjunto HTML inicial: a fixture plain é byte-idêntica; o backend permanece experimental e incompleto.		00_nucleo/diagnosticos/p1335-transversal-r3.json#repeat/html+a11y/P1137-X-002	
P1137-X-003	html+a11y	repeat	transversal	RAW_EQUAL	capability	MATCH	MATCH_PROJECTED_LANGUAGE	Capacidade real presente; o texto do --help cristalino está desatualizado.		00_nucleo/diagnosticos/p1335-transversal-r3.json#repeat/html+a11y/P1137-X-003	
P1137-C-001	html+a11y	repeat	transversal	RAW_DIFFERENCE	cli_surface	MATCH	CLI_HELP_SURFACE_NOT_FULL_PARITY	Help availability measured; complete help text differs and is retained. No full CLI documentation parity credit.		00_nucleo/diagnosticos/p1335-transversal-r3.json#repeat/html+a11y/P1137-C-001	
P1137-C-002	html+a11y	repeat	transversal	RAW_EQUAL	capability	MATCH	MATCH_PROJECTED_LANGUAGE	Fixture @preview local versionada; ambos resolvem sem rede.		00_nucleo/diagnosticos/p1335-transversal-r3.json#repeat/html+a11y/P1137-C-002	
P1138-S-001	html+a11y	repeat	transversal	RAW_DIFFERENCE	diagnostic	DIFFERENCE	LOCATION_CONTROLLED_DIAGNOSTIC	External fixture display path differs; same source relocated under repository has literal bilateral diagnostic equality in location control. Raw external path difference retained, no message/span regression claim.		00_nucleo/diagnosticos/p1335-transversal-r3.json#repeat/html+a11y/P1138-S-001	
P1138-S-002	html+a11y	repeat	transversal	RAW_DIFFERENCE	diagnostic	DIFFERENCE	LOCATION_CONTROLLED_DIAGNOSTIC	External fixture display path differs; same source relocated under repository has literal bilateral diagnostic equality in location control. Raw external path difference retained, no message/span regression claim.		00_nucleo/diagnosticos/p1335-transversal-r3.json#repeat/html+a11y/P1138-S-002	
P1138-S-003	html+a11y	repeat	transversal	RAW_DIFFERENCE	diagnostic	DIFFERENCE	LOCATION_CONTROLLED_DIAGNOSTIC	External fixture display path differs; same source relocated under repository has literal bilateral diagnostic equality in location control. Raw external path difference retained, no message/span regression claim.		00_nucleo/diagnosticos/p1335-transversal-r3.json#repeat/html+a11y/P1138-S-003	
P1138-B-001	html+a11y	repeat	transversal	RAW_EQUAL	typed_value	MATCH	MATCH_PROJECTED_LANGUAGE	Distingue bool/int e canonicaliza somente ordem de dict.		00_nucleo/diagnosticos/p1335-transversal-r3.json#repeat/html+a11y/P1138-B-001	
P1138-X-001	html+a11y	repeat	transversal	RAW_EQUAL	semantic_tree	MATCH	MATCH_PROJECTED_LANGUAGE	P1220 resolve referências, transforms matriciais e paths de glifo; construções fora do vocabulário focal permanecem Unknown.		00_nucleo/diagnosticos/p1335-transversal-r3.json#repeat/html+a11y/P1138-X-001	
P1138-L-001	html+a11y	repeat	transversal	RAW_EQUAL	geometry	MATCH	MATCH_PROJECTED_LANGUAGE	Tolerância mecânica: arredondamento a 0.001 pt por campo; a medição P1281 observa coincidência da caixa.		00_nucleo/diagnosticos/p1335-transversal-r3.json#repeat/html+a11y/P1138-L-001	
P1138-X-002	html+a11y	repeat	transversal	RAW_EQUAL	raster	DIFFERENCE	MECHANICAL_RASTER_DIFFERENCE	11 pixels differ by at most 1 channel unit; semantic text and page geometry controls pass. No language deficit inferred from raster bytes.		00_nucleo/diagnosticos/p1335-transversal-r3.json#repeat/html+a11y/P1138-X-002	
P1138-X-003	html+a11y	repeat	transversal	RAW_EQUAL	pdf_observables	DIFFERENCE	MECHANICAL_PDF_RESOURCE_NAME	Same page count/size and extracted text; only font resource label LibertinusSerif-Regular-Identity-H vs LibertinusSerif-Regular. Resource naming alone is not language morphology (ADR0107).		00_nucleo/diagnosticos/p1335-transversal-r3.json#repeat/html+a11y/P1138-X-003	
P1138-X-004	html+a11y	repeat	transversal	RAW_EQUAL	semantic_tree	MATCH	MATCH_PROJECTED_LANGUAGE	Compara estrutura semântica, não bytes nem whitespace exterior a texto.		00_nucleo/diagnosticos/p1335-transversal-r3.json#repeat/html+a11y/P1138-X-004	
P1288-B-001	html+a11y	repeat	transversal	RAW_EQUAL	capability	MATCH	MATCH_PROJECTED_LANGUAGE	No default é DISABLED_BY_PROFILE sem crédito; no perfil ativo o trio público coincide e rejeição futura da flag será DIFFERENCE, nunca disabled.		00_nucleo/diagnosticos/p1335-transversal-r3.json#repeat/html+a11y/P1288-B-001	
P1288-B-001	default	reverse	transversal			DISABLED_BY_PROFILE	EXPECTED_FEATURE_DISABLED	No default é DISABLED_BY_PROFILE sem crédito; no perfil ativo o trio público coincide e rejeição futura da flag será DIFFERENCE, nunca disabled.		00_nucleo/diagnosticos/p1335-transversal-r3.json#reverse/default/P1288-B-001	
P1138-X-004	default	reverse	transversal			DISABLED_BY_PROFILE	EXPECTED_FEATURE_DISABLED	Compara estrutura semântica, não bytes nem whitespace exterior a texto.		00_nucleo/diagnosticos/p1335-transversal-r3.json#reverse/default/P1138-X-004	
P1138-X-003	default	reverse	transversal	RAW_EQUAL	pdf_observables	DIFFERENCE	MECHANICAL_PDF_RESOURCE_NAME	Same page count/size and extracted text; only font resource label LibertinusSerif-Regular-Identity-H vs LibertinusSerif-Regular. Resource naming alone is not language morphology (ADR0107).		00_nucleo/diagnosticos/p1335-transversal-r3.json#reverse/default/P1138-X-003	
P1138-X-002	default	reverse	transversal	RAW_EQUAL	raster	DIFFERENCE	MECHANICAL_RASTER_DIFFERENCE	11 pixels differ by at most 1 channel unit; semantic text and page geometry controls pass. No language deficit inferred from raster bytes.		00_nucleo/diagnosticos/p1335-transversal-r3.json#reverse/default/P1138-X-002	
P1138-L-001	default	reverse	transversal	RAW_EQUAL	geometry	MATCH	MATCH_PROJECTED_LANGUAGE	Tolerância mecânica: arredondamento a 0.001 pt por campo; a medição P1281 observa coincidência da caixa.		00_nucleo/diagnosticos/p1335-transversal-r3.json#reverse/default/P1138-L-001	
P1138-X-001	default	reverse	transversal	RAW_EQUAL	semantic_tree	MATCH	MATCH_PROJECTED_LANGUAGE	P1220 resolve referências, transforms matriciais e paths de glifo; construções fora do vocabulário focal permanecem Unknown.		00_nucleo/diagnosticos/p1335-transversal-r3.json#reverse/default/P1138-X-001	
P1138-B-001	default	reverse	transversal	RAW_EQUAL	typed_value	MATCH	MATCH_PROJECTED_LANGUAGE	Distingue bool/int e canonicaliza somente ordem de dict.		00_nucleo/diagnosticos/p1335-transversal-r3.json#reverse/default/P1138-B-001	
P1138-S-003	default	reverse	transversal	RAW_DIFFERENCE	diagnostic	DIFFERENCE	LOCATION_CONTROLLED_DIAGNOSTIC	External fixture display path differs; same source relocated under repository has literal bilateral diagnostic equality in location control. Raw external path difference retained, no message/span regression claim.		00_nucleo/diagnosticos/p1335-transversal-r3.json#reverse/default/P1138-S-003	
P1138-S-002	default	reverse	transversal	RAW_DIFFERENCE	diagnostic	DIFFERENCE	LOCATION_CONTROLLED_DIAGNOSTIC	External fixture display path differs; same source relocated under repository has literal bilateral diagnostic equality in location control. Raw external path difference retained, no message/span regression claim.		00_nucleo/diagnosticos/p1335-transversal-r3.json#reverse/default/P1138-S-002	
P1138-S-001	default	reverse	transversal	RAW_DIFFERENCE	diagnostic	DIFFERENCE	LOCATION_CONTROLLED_DIAGNOSTIC	External fixture display path differs; same source relocated under repository has literal bilateral diagnostic equality in location control. Raw external path difference retained, no message/span regression claim.		00_nucleo/diagnosticos/p1335-transversal-r3.json#reverse/default/P1138-S-001	
P1137-C-002	default	reverse	transversal	RAW_EQUAL	capability	MATCH	MATCH_PROJECTED_LANGUAGE	Fixture @preview local versionada; ambos resolvem sem rede.		00_nucleo/diagnosticos/p1335-transversal-r3.json#reverse/default/P1137-C-002	
P1137-C-001	default	reverse	transversal	RAW_DIFFERENCE	cli_surface	MATCH	CLI_HELP_SURFACE_NOT_FULL_PARITY	Help availability measured; complete help text differs and is retained. No full CLI documentation parity credit.		00_nucleo/diagnosticos/p1335-transversal-r3.json#reverse/default/P1137-C-001	
P1137-X-003	default	reverse	transversal	RAW_EQUAL	capability	MATCH	MATCH_PROJECTED_LANGUAGE	Capacidade real presente; o texto do --help cristalino está desatualizado.		00_nucleo/diagnosticos/p1335-transversal-r3.json#reverse/default/P1137-X-003	
P1137-X-002	default	reverse	transversal			DISABLED_BY_PROFILE	EXPECTED_FEATURE_DISABLED	Subconjunto HTML inicial: a fixture plain é byte-idêntica; o backend permanece experimental e incompleto.		00_nucleo/diagnosticos/p1335-transversal-r3.json#reverse/default/P1137-X-002	
P1137-X-001	default	reverse	transversal	RAW_EQUAL	capability	MATCH	MATCH_PROJECTED_LANGUAGE	Capacidade real presente; o texto do --help cristalino está desatualizado.		00_nucleo/diagnosticos/p1335-transversal-r3.json#reverse/default/P1137-X-001	
P1137-L-001	default	reverse	transversal	RAW_EQUAL	artifact_presence	MATCH	MATCH_PROJECTED_LANGUAGE	Smoke de layout; não afirma igualdade geométrica ou visual.		00_nucleo/diagnosticos/p1335-transversal-r3.json#reverse/default/P1137-L-001	
P1137-I-001	default	reverse	transversal	RAW_DIFFERENCE	capability	MATCH	OPEN_QUERY_DIAGNOSTIC_OR_CLI_CAPABILITY	Default query migration hint differs; feature-bearing query can be rejected by crystalline. Retain complete channels; query capability projection is not full CLI parity.	query-cli-diagnostic	00_nucleo/diagnosticos/p1335-transversal-r3.json#reverse/default/P1137-I-001	
P1137-B-001	default	reverse	transversal	RAW_EQUAL	capability	MATCH	MATCH_PROJECTED_LANGUAGE	Subcomando eval exposto para expressão isolada; JSON e raw no escopo inicial.		00_nucleo/diagnosticos/p1335-transversal-r3.json#reverse/default/P1137-B-001	
P1137-E-001	default	reverse	transversal	RAW_DIFFERENCE	semantic_version	MATCH	MATCH_PROJECTED_LANGUAGE	Semantic version projection equal; differing build stamp is mechanical provenance, not sys.version claim.		00_nucleo/diagnosticos/p1335-transversal-r3.json#reverse/default/P1137-E-001	
P1137-S-001	default	reverse	transversal	RAW_DIFFERENCE	exit_code	MATCH	MATCH_PROJECTED_LANGUAGE	Mensagem e span permanecem caso posterior; este caso prova rejeição.		00_nucleo/diagnosticos/p1335-transversal-r3.json#reverse/default/P1137-S-001	
P1288-B-001	html	reverse	transversal			DISABLED_BY_PROFILE	EXPECTED_FEATURE_DISABLED	No default é DISABLED_BY_PROFILE sem crédito; no perfil ativo o trio público coincide e rejeição futura da flag será DIFFERENCE, nunca disabled.		00_nucleo/diagnosticos/p1335-transversal-r3.json#reverse/html/P1288-B-001	
P1138-X-004	html	reverse	transversal	RAW_EQUAL	semantic_tree	MATCH	MATCH_PROJECTED_LANGUAGE	Compara estrutura semântica, não bytes nem whitespace exterior a texto.		00_nucleo/diagnosticos/p1335-transversal-r3.json#reverse/html/P1138-X-004	
P1138-X-003	html	reverse	transversal	RAW_EQUAL	pdf_observables	DIFFERENCE	MECHANICAL_PDF_RESOURCE_NAME	Same page count/size and extracted text; only font resource label LibertinusSerif-Regular-Identity-H vs LibertinusSerif-Regular. Resource naming alone is not language morphology (ADR0107).		00_nucleo/diagnosticos/p1335-transversal-r3.json#reverse/html/P1138-X-003	
P1138-X-002	html	reverse	transversal	RAW_EQUAL	raster	DIFFERENCE	MECHANICAL_RASTER_DIFFERENCE	11 pixels differ by at most 1 channel unit; semantic text and page geometry controls pass. No language deficit inferred from raster bytes.		00_nucleo/diagnosticos/p1335-transversal-r3.json#reverse/html/P1138-X-002	
P1138-L-001	html	reverse	transversal	RAW_EQUAL	geometry	MATCH	MATCH_PROJECTED_LANGUAGE	Tolerância mecânica: arredondamento a 0.001 pt por campo; a medição P1281 observa coincidência da caixa.		00_nucleo/diagnosticos/p1335-transversal-r3.json#reverse/html/P1138-L-001	
P1138-X-001	html	reverse	transversal	RAW_EQUAL	semantic_tree	MATCH	MATCH_PROJECTED_LANGUAGE	P1220 resolve referências, transforms matriciais e paths de glifo; construções fora do vocabulário focal permanecem Unknown.		00_nucleo/diagnosticos/p1335-transversal-r3.json#reverse/html/P1138-X-001	
P1138-B-001	html	reverse	transversal	RAW_EQUAL	typed_value	MATCH	MATCH_PROJECTED_LANGUAGE	Distingue bool/int e canonicaliza somente ordem de dict.		00_nucleo/diagnosticos/p1335-transversal-r3.json#reverse/html/P1138-B-001	
P1138-S-003	html	reverse	transversal	RAW_DIFFERENCE	diagnostic	DIFFERENCE	LOCATION_CONTROLLED_DIAGNOSTIC	External fixture display path differs; same source relocated under repository has literal bilateral diagnostic equality in location control. Raw external path difference retained, no message/span regression claim.		00_nucleo/diagnosticos/p1335-transversal-r3.json#reverse/html/P1138-S-003	
P1138-S-002	html	reverse	transversal	RAW_DIFFERENCE	diagnostic	DIFFERENCE	LOCATION_CONTROLLED_DIAGNOSTIC	External fixture display path differs; same source relocated under repository has literal bilateral diagnostic equality in location control. Raw external path difference retained, no message/span regression claim.		00_nucleo/diagnosticos/p1335-transversal-r3.json#reverse/html/P1138-S-002	
P1138-S-001	html	reverse	transversal	RAW_DIFFERENCE	diagnostic	DIFFERENCE	LOCATION_CONTROLLED_DIAGNOSTIC	External fixture display path differs; same source relocated under repository has literal bilateral diagnostic equality in location control. Raw external path difference retained, no message/span regression claim.		00_nucleo/diagnosticos/p1335-transversal-r3.json#reverse/html/P1138-S-001	
P1137-C-002	html	reverse	transversal	RAW_EQUAL	capability	MATCH	MATCH_PROJECTED_LANGUAGE	Fixture @preview local versionada; ambos resolvem sem rede.		00_nucleo/diagnosticos/p1335-transversal-r3.json#reverse/html/P1137-C-002	
P1137-C-001	html	reverse	transversal	RAW_DIFFERENCE	cli_surface	MATCH	CLI_HELP_SURFACE_NOT_FULL_PARITY	Help availability measured; complete help text differs and is retained. No full CLI documentation parity credit.		00_nucleo/diagnosticos/p1335-transversal-r3.json#reverse/html/P1137-C-001	
P1137-X-003	html	reverse	transversal	RAW_EQUAL	capability	MATCH	MATCH_PROJECTED_LANGUAGE	Capacidade real presente; o texto do --help cristalino está desatualizado.		00_nucleo/diagnosticos/p1335-transversal-r3.json#reverse/html/P1137-X-003	
P1137-X-002	html	reverse	transversal	RAW_EQUAL	capability	MATCH	MATCH_PROJECTED_LANGUAGE	Subconjunto HTML inicial: a fixture plain é byte-idêntica; o backend permanece experimental e incompleto.		00_nucleo/diagnosticos/p1335-transversal-r3.json#reverse/html/P1137-X-002	
P1137-X-001	html	reverse	transversal	RAW_EQUAL	capability	MATCH	MATCH_PROJECTED_LANGUAGE	Capacidade real presente; o texto do --help cristalino está desatualizado.		00_nucleo/diagnosticos/p1335-transversal-r3.json#reverse/html/P1137-X-001	
P1137-L-001	html	reverse	transversal	RAW_EQUAL	artifact_presence	MATCH	MATCH_PROJECTED_LANGUAGE	Smoke de layout; não afirma igualdade geométrica ou visual.		00_nucleo/diagnosticos/p1335-transversal-r3.json#reverse/html/P1137-L-001	
P1137-I-001	html	reverse	transversal	RAW_DIFFERENCE	capability	DIFFERENCE	OPEN_QUERY_DIAGNOSTIC_OR_CLI_CAPABILITY	Default query migration hint differs; feature-bearing query can be rejected by crystalline. Retain complete channels; query capability projection is not full CLI parity.	query-cli-diagnostic	00_nucleo/diagnosticos/p1335-transversal-r3.json#reverse/html/P1137-I-001	
P1137-B-001	html	reverse	transversal	RAW_EQUAL	capability	MATCH	MATCH_PROJECTED_LANGUAGE	Subcomando eval exposto para expressão isolada; JSON e raw no escopo inicial.		00_nucleo/diagnosticos/p1335-transversal-r3.json#reverse/html/P1137-B-001	
P1137-E-001	html	reverse	transversal	RAW_DIFFERENCE	semantic_version	MATCH	MATCH_PROJECTED_LANGUAGE	Semantic version projection equal; differing build stamp is mechanical provenance, not sys.version claim.		00_nucleo/diagnosticos/p1335-transversal-r3.json#reverse/html/P1137-E-001	
P1137-S-001	html	reverse	transversal	RAW_DIFFERENCE	exit_code	MATCH	MATCH_PROJECTED_LANGUAGE	Mensagem e span permanecem caso posterior; este caso prova rejeição.		00_nucleo/diagnosticos/p1335-transversal-r3.json#reverse/html/P1137-S-001	
P1288-B-001	a11y	reverse	transversal	RAW_EQUAL	capability	MATCH	MATCH_PROJECTED_LANGUAGE	No default é DISABLED_BY_PROFILE sem crédito; no perfil ativo o trio público coincide e rejeição futura da flag será DIFFERENCE, nunca disabled.		00_nucleo/diagnosticos/p1335-transversal-r3.json#reverse/a11y/P1288-B-001	
P1138-X-004	a11y	reverse	transversal			DISABLED_BY_PROFILE	EXPECTED_FEATURE_DISABLED	Compara estrutura semântica, não bytes nem whitespace exterior a texto.		00_nucleo/diagnosticos/p1335-transversal-r3.json#reverse/a11y/P1138-X-004	
P1138-X-003	a11y	reverse	transversal	RAW_EQUAL	pdf_observables	DIFFERENCE	MECHANICAL_PDF_RESOURCE_NAME	Same page count/size and extracted text; only font resource label LibertinusSerif-Regular-Identity-H vs LibertinusSerif-Regular. Resource naming alone is not language morphology (ADR0107).		00_nucleo/diagnosticos/p1335-transversal-r3.json#reverse/a11y/P1138-X-003	
P1138-X-002	a11y	reverse	transversal	RAW_EQUAL	raster	DIFFERENCE	MECHANICAL_RASTER_DIFFERENCE	11 pixels differ by at most 1 channel unit; semantic text and page geometry controls pass. No language deficit inferred from raster bytes.		00_nucleo/diagnosticos/p1335-transversal-r3.json#reverse/a11y/P1138-X-002	
P1138-L-001	a11y	reverse	transversal	RAW_EQUAL	geometry	MATCH	MATCH_PROJECTED_LANGUAGE	Tolerância mecânica: arredondamento a 0.001 pt por campo; a medição P1281 observa coincidência da caixa.		00_nucleo/diagnosticos/p1335-transversal-r3.json#reverse/a11y/P1138-L-001	
P1138-X-001	a11y	reverse	transversal	RAW_EQUAL	semantic_tree	MATCH	MATCH_PROJECTED_LANGUAGE	P1220 resolve referências, transforms matriciais e paths de glifo; construções fora do vocabulário focal permanecem Unknown.		00_nucleo/diagnosticos/p1335-transversal-r3.json#reverse/a11y/P1138-X-001	
P1138-B-001	a11y	reverse	transversal	RAW_EQUAL	typed_value	MATCH	MATCH_PROJECTED_LANGUAGE	Distingue bool/int e canonicaliza somente ordem de dict.		00_nucleo/diagnosticos/p1335-transversal-r3.json#reverse/a11y/P1138-B-001	
P1138-S-003	a11y	reverse	transversal	RAW_DIFFERENCE	diagnostic	DIFFERENCE	LOCATION_CONTROLLED_DIAGNOSTIC	External fixture display path differs; same source relocated under repository has literal bilateral diagnostic equality in location control. Raw external path difference retained, no message/span regression claim.		00_nucleo/diagnosticos/p1335-transversal-r3.json#reverse/a11y/P1138-S-003	
P1138-S-002	a11y	reverse	transversal	RAW_DIFFERENCE	diagnostic	DIFFERENCE	LOCATION_CONTROLLED_DIAGNOSTIC	External fixture display path differs; same source relocated under repository has literal bilateral diagnostic equality in location control. Raw external path difference retained, no message/span regression claim.		00_nucleo/diagnosticos/p1335-transversal-r3.json#reverse/a11y/P1138-S-002	
P1138-S-001	a11y	reverse	transversal	RAW_DIFFERENCE	diagnostic	DIFFERENCE	LOCATION_CONTROLLED_DIAGNOSTIC	External fixture display path differs; same source relocated under repository has literal bilateral diagnostic equality in location control. Raw external path difference retained, no message/span regression claim.		00_nucleo/diagnosticos/p1335-transversal-r3.json#reverse/a11y/P1138-S-001	
P1137-C-002	a11y	reverse	transversal	RAW_EQUAL	capability	MATCH	MATCH_PROJECTED_LANGUAGE	Fixture @preview local versionada; ambos resolvem sem rede.		00_nucleo/diagnosticos/p1335-transversal-r3.json#reverse/a11y/P1137-C-002	
P1137-C-001	a11y	reverse	transversal	RAW_DIFFERENCE	cli_surface	MATCH	CLI_HELP_SURFACE_NOT_FULL_PARITY	Help availability measured; complete help text differs and is retained. No full CLI documentation parity credit.		00_nucleo/diagnosticos/p1335-transversal-r3.json#reverse/a11y/P1137-C-001	
P1137-X-003	a11y	reverse	transversal	RAW_EQUAL	capability	MATCH	MATCH_PROJECTED_LANGUAGE	Capacidade real presente; o texto do --help cristalino está desatualizado.		00_nucleo/diagnosticos/p1335-transversal-r3.json#reverse/a11y/P1137-X-003	
P1137-X-002	a11y	reverse	transversal			DISABLED_BY_PROFILE	EXPECTED_FEATURE_DISABLED	Subconjunto HTML inicial: a fixture plain é byte-idêntica; o backend permanece experimental e incompleto.		00_nucleo/diagnosticos/p1335-transversal-r3.json#reverse/a11y/P1137-X-002	
P1137-X-001	a11y	reverse	transversal	RAW_EQUAL	capability	MATCH	MATCH_PROJECTED_LANGUAGE	Capacidade real presente; o texto do --help cristalino está desatualizado.		00_nucleo/diagnosticos/p1335-transversal-r3.json#reverse/a11y/P1137-X-001	
P1137-L-001	a11y	reverse	transversal	RAW_EQUAL	artifact_presence	MATCH	MATCH_PROJECTED_LANGUAGE	Smoke de layout; não afirma igualdade geométrica ou visual.		00_nucleo/diagnosticos/p1335-transversal-r3.json#reverse/a11y/P1137-L-001	
P1137-I-001	a11y	reverse	transversal	RAW_DIFFERENCE	capability	DIFFERENCE	OPEN_QUERY_DIAGNOSTIC_OR_CLI_CAPABILITY	Default query migration hint differs; feature-bearing query can be rejected by crystalline. Retain complete channels; query capability projection is not full CLI parity.	query-cli-diagnostic	00_nucleo/diagnosticos/p1335-transversal-r3.json#reverse/a11y/P1137-I-001	
P1137-B-001	a11y	reverse	transversal	RAW_EQUAL	capability	MATCH	MATCH_PROJECTED_LANGUAGE	Subcomando eval exposto para expressão isolada; JSON e raw no escopo inicial.		00_nucleo/diagnosticos/p1335-transversal-r3.json#reverse/a11y/P1137-B-001	
P1137-E-001	a11y	reverse	transversal	RAW_DIFFERENCE	semantic_version	MATCH	MATCH_PROJECTED_LANGUAGE	Semantic version projection equal; differing build stamp is mechanical provenance, not sys.version claim.		00_nucleo/diagnosticos/p1335-transversal-r3.json#reverse/a11y/P1137-E-001	
P1137-S-001	a11y	reverse	transversal	RAW_DIFFERENCE	exit_code	MATCH	MATCH_PROJECTED_LANGUAGE	Mensagem e span permanecem caso posterior; este caso prova rejeição.		00_nucleo/diagnosticos/p1335-transversal-r3.json#reverse/a11y/P1137-S-001	
P1288-B-001	html+a11y	reverse	transversal	RAW_EQUAL	capability	MATCH	MATCH_PROJECTED_LANGUAGE	No default é DISABLED_BY_PROFILE sem crédito; no perfil ativo o trio público coincide e rejeição futura da flag será DIFFERENCE, nunca disabled.		00_nucleo/diagnosticos/p1335-transversal-r3.json#reverse/html+a11y/P1288-B-001	
P1138-X-004	html+a11y	reverse	transversal	RAW_EQUAL	semantic_tree	MATCH	MATCH_PROJECTED_LANGUAGE	Compara estrutura semântica, não bytes nem whitespace exterior a texto.		00_nucleo/diagnosticos/p1335-transversal-r3.json#reverse/html+a11y/P1138-X-004	
P1138-X-003	html+a11y	reverse	transversal	RAW_EQUAL	pdf_observables	DIFFERENCE	MECHANICAL_PDF_RESOURCE_NAME	Same page count/size and extracted text; only font resource label LibertinusSerif-Regular-Identity-H vs LibertinusSerif-Regular. Resource naming alone is not language morphology (ADR0107).		00_nucleo/diagnosticos/p1335-transversal-r3.json#reverse/html+a11y/P1138-X-003	
P1138-X-002	html+a11y	reverse	transversal	RAW_EQUAL	raster	DIFFERENCE	MECHANICAL_RASTER_DIFFERENCE	11 pixels differ by at most 1 channel unit; semantic text and page geometry controls pass. No language deficit inferred from raster bytes.		00_nucleo/diagnosticos/p1335-transversal-r3.json#reverse/html+a11y/P1138-X-002	
P1138-L-001	html+a11y	reverse	transversal	RAW_EQUAL	geometry	MATCH	MATCH_PROJECTED_LANGUAGE	Tolerância mecânica: arredondamento a 0.001 pt por campo; a medição P1281 observa coincidência da caixa.		00_nucleo/diagnosticos/p1335-transversal-r3.json#reverse/html+a11y/P1138-L-001	
P1138-X-001	html+a11y	reverse	transversal	RAW_EQUAL	semantic_tree	MATCH	MATCH_PROJECTED_LANGUAGE	P1220 resolve referências, transforms matriciais e paths de glifo; construções fora do vocabulário focal permanecem Unknown.		00_nucleo/diagnosticos/p1335-transversal-r3.json#reverse/html+a11y/P1138-X-001	
P1138-B-001	html+a11y	reverse	transversal	RAW_EQUAL	typed_value	MATCH	MATCH_PROJECTED_LANGUAGE	Distingue bool/int e canonicaliza somente ordem de dict.		00_nucleo/diagnosticos/p1335-transversal-r3.json#reverse/html+a11y/P1138-B-001	
P1138-S-003	html+a11y	reverse	transversal	RAW_DIFFERENCE	diagnostic	DIFFERENCE	LOCATION_CONTROLLED_DIAGNOSTIC	External fixture display path differs; same source relocated under repository has literal bilateral diagnostic equality in location control. Raw external path difference retained, no message/span regression claim.		00_nucleo/diagnosticos/p1335-transversal-r3.json#reverse/html+a11y/P1138-S-003	
P1138-S-002	html+a11y	reverse	transversal	RAW_DIFFERENCE	diagnostic	DIFFERENCE	LOCATION_CONTROLLED_DIAGNOSTIC	External fixture display path differs; same source relocated under repository has literal bilateral diagnostic equality in location control. Raw external path difference retained, no message/span regression claim.		00_nucleo/diagnosticos/p1335-transversal-r3.json#reverse/html+a11y/P1138-S-002	
P1138-S-001	html+a11y	reverse	transversal	RAW_DIFFERENCE	diagnostic	DIFFERENCE	LOCATION_CONTROLLED_DIAGNOSTIC	External fixture display path differs; same source relocated under repository has literal bilateral diagnostic equality in location control. Raw external path difference retained, no message/span regression claim.		00_nucleo/diagnosticos/p1335-transversal-r3.json#reverse/html+a11y/P1138-S-001	
P1137-C-002	html+a11y	reverse	transversal	RAW_EQUAL	capability	MATCH	MATCH_PROJECTED_LANGUAGE	Fixture @preview local versionada; ambos resolvem sem rede.		00_nucleo/diagnosticos/p1335-transversal-r3.json#reverse/html+a11y/P1137-C-002	
P1137-C-001	html+a11y	reverse	transversal	RAW_DIFFERENCE	cli_surface	MATCH	CLI_HELP_SURFACE_NOT_FULL_PARITY	Help availability measured; complete help text differs and is retained. No full CLI documentation parity credit.		00_nucleo/diagnosticos/p1335-transversal-r3.json#reverse/html+a11y/P1137-C-001	
P1137-X-003	html+a11y	reverse	transversal	RAW_EQUAL	capability	MATCH	MATCH_PROJECTED_LANGUAGE	Capacidade real presente; o texto do --help cristalino está desatualizado.		00_nucleo/diagnosticos/p1335-transversal-r3.json#reverse/html+a11y/P1137-X-003	
P1137-X-002	html+a11y	reverse	transversal	RAW_EQUAL	capability	MATCH	MATCH_PROJECTED_LANGUAGE	Subconjunto HTML inicial: a fixture plain é byte-idêntica; o backend permanece experimental e incompleto.		00_nucleo/diagnosticos/p1335-transversal-r3.json#reverse/html+a11y/P1137-X-002	
P1137-X-001	html+a11y	reverse	transversal	RAW_EQUAL	capability	MATCH	MATCH_PROJECTED_LANGUAGE	Capacidade real presente; o texto do --help cristalino está desatualizado.		00_nucleo/diagnosticos/p1335-transversal-r3.json#reverse/html+a11y/P1137-X-001	
P1137-L-001	html+a11y	reverse	transversal	RAW_EQUAL	artifact_presence	MATCH	MATCH_PROJECTED_LANGUAGE	Smoke de layout; não afirma igualdade geométrica ou visual.		00_nucleo/diagnosticos/p1335-transversal-r3.json#reverse/html+a11y/P1137-L-001	
P1137-I-001	html+a11y	reverse	transversal	RAW_DIFFERENCE	capability	DIFFERENCE	OPEN_QUERY_DIAGNOSTIC_OR_CLI_CAPABILITY	Default query migration hint differs; feature-bearing query can be rejected by crystalline. Retain complete channels; query capability projection is not full CLI parity.	query-cli-diagnostic	00_nucleo/diagnosticos/p1335-transversal-r3.json#reverse/html+a11y/P1137-I-001	
P1137-B-001	html+a11y	reverse	transversal	RAW_EQUAL	capability	MATCH	MATCH_PROJECTED_LANGUAGE	Subcomando eval exposto para expressão isolada; JSON e raw no escopo inicial.		00_nucleo/diagnosticos/p1335-transversal-r3.json#reverse/html+a11y/P1137-B-001	
P1137-E-001	html+a11y	reverse	transversal	RAW_DIFFERENCE	semantic_version	MATCH	MATCH_PROJECTED_LANGUAGE	Semantic version projection equal; differing build stamp is mechanical provenance, not sys.version claim.		00_nucleo/diagnosticos/p1335-transversal-r3.json#reverse/html+a11y/P1137-E-001	
P1137-S-001	html+a11y	reverse	transversal	RAW_DIFFERENCE	exit_code	MATCH	MATCH_PROJECTED_LANGUAGE	Mensagem e span permanecem caso posterior; este caso prova rejeição.		00_nucleo/diagnosticos/p1335-transversal-r3.json#reverse/html+a11y/P1137-S-001	
P1138-S-001	default	normal	location-control	RAW_EQUAL	diagnostic	MATCH	CLOSED_LITERAL_LOCATION_CONTROL	Controlled path only; original raw difference retained.		00_nucleo/diagnosticos/p1335-transversal-r3.json#location/normal/default/P1138-S-001	
P1138-S-002	default	normal	location-control	RAW_EQUAL	diagnostic	MATCH	CLOSED_LITERAL_LOCATION_CONTROL	Controlled path only; original raw difference retained.		00_nucleo/diagnosticos/p1335-transversal-r3.json#location/normal/default/P1138-S-002	
P1138-S-003	default	normal	location-control	RAW_EQUAL	diagnostic	MATCH	CLOSED_LITERAL_LOCATION_CONTROL	Controlled path only; original raw difference retained.		00_nucleo/diagnosticos/p1335-transversal-r3.json#location/normal/default/P1138-S-003	
P1138-S-001	html	normal	location-control	RAW_EQUAL	diagnostic	MATCH	CLOSED_LITERAL_LOCATION_CONTROL	Controlled path only; original raw difference retained.		00_nucleo/diagnosticos/p1335-transversal-r3.json#location/normal/html/P1138-S-001	
P1138-S-002	html	normal	location-control	RAW_EQUAL	diagnostic	MATCH	CLOSED_LITERAL_LOCATION_CONTROL	Controlled path only; original raw difference retained.		00_nucleo/diagnosticos/p1335-transversal-r3.json#location/normal/html/P1138-S-002	
P1138-S-003	html	normal	location-control	RAW_EQUAL	diagnostic	MATCH	CLOSED_LITERAL_LOCATION_CONTROL	Controlled path only; original raw difference retained.		00_nucleo/diagnosticos/p1335-transversal-r3.json#location/normal/html/P1138-S-003	
P1138-S-001	a11y	normal	location-control	RAW_EQUAL	diagnostic	MATCH	CLOSED_LITERAL_LOCATION_CONTROL	Controlled path only; original raw difference retained.		00_nucleo/diagnosticos/p1335-transversal-r3.json#location/normal/a11y/P1138-S-001	
P1138-S-002	a11y	normal	location-control	RAW_EQUAL	diagnostic	MATCH	CLOSED_LITERAL_LOCATION_CONTROL	Controlled path only; original raw difference retained.		00_nucleo/diagnosticos/p1335-transversal-r3.json#location/normal/a11y/P1138-S-002	
P1138-S-003	a11y	normal	location-control	RAW_EQUAL	diagnostic	MATCH	CLOSED_LITERAL_LOCATION_CONTROL	Controlled path only; original raw difference retained.		00_nucleo/diagnosticos/p1335-transversal-r3.json#location/normal/a11y/P1138-S-003	
P1138-S-001	html+a11y	normal	location-control	RAW_EQUAL	diagnostic	MATCH	CLOSED_LITERAL_LOCATION_CONTROL	Controlled path only; original raw difference retained.		00_nucleo/diagnosticos/p1335-transversal-r3.json#location/normal/html+a11y/P1138-S-001	
P1138-S-002	html+a11y	normal	location-control	RAW_EQUAL	diagnostic	MATCH	CLOSED_LITERAL_LOCATION_CONTROL	Controlled path only; original raw difference retained.		00_nucleo/diagnosticos/p1335-transversal-r3.json#location/normal/html+a11y/P1138-S-002	
P1138-S-003	html+a11y	normal	location-control	RAW_EQUAL	diagnostic	MATCH	CLOSED_LITERAL_LOCATION_CONTROL	Controlled path only; original raw difference retained.		00_nucleo/diagnosticos/p1335-transversal-r3.json#location/normal/html+a11y/P1138-S-003	
P1138-S-001	default	repeat	location-control	RAW_EQUAL	diagnostic	MATCH	CLOSED_LITERAL_LOCATION_CONTROL	Controlled path only; original raw difference retained.		00_nucleo/diagnosticos/p1335-transversal-r3.json#location/repeat/default/P1138-S-001	
P1138-S-002	default	repeat	location-control	RAW_EQUAL	diagnostic	MATCH	CLOSED_LITERAL_LOCATION_CONTROL	Controlled path only; original raw difference retained.		00_nucleo/diagnosticos/p1335-transversal-r3.json#location/repeat/default/P1138-S-002	
P1138-S-003	default	repeat	location-control	RAW_EQUAL	diagnostic	MATCH	CLOSED_LITERAL_LOCATION_CONTROL	Controlled path only; original raw difference retained.		00_nucleo/diagnosticos/p1335-transversal-r3.json#location/repeat/default/P1138-S-003	
P1138-S-001	html	repeat	location-control	RAW_EQUAL	diagnostic	MATCH	CLOSED_LITERAL_LOCATION_CONTROL	Controlled path only; original raw difference retained.		00_nucleo/diagnosticos/p1335-transversal-r3.json#location/repeat/html/P1138-S-001	
P1138-S-002	html	repeat	location-control	RAW_EQUAL	diagnostic	MATCH	CLOSED_LITERAL_LOCATION_CONTROL	Controlled path only; original raw difference retained.		00_nucleo/diagnosticos/p1335-transversal-r3.json#location/repeat/html/P1138-S-002	
P1138-S-003	html	repeat	location-control	RAW_EQUAL	diagnostic	MATCH	CLOSED_LITERAL_LOCATION_CONTROL	Controlled path only; original raw difference retained.		00_nucleo/diagnosticos/p1335-transversal-r3.json#location/repeat/html/P1138-S-003	
P1138-S-001	a11y	repeat	location-control	RAW_EQUAL	diagnostic	MATCH	CLOSED_LITERAL_LOCATION_CONTROL	Controlled path only; original raw difference retained.		00_nucleo/diagnosticos/p1335-transversal-r3.json#location/repeat/a11y/P1138-S-001	
P1138-S-002	a11y	repeat	location-control	RAW_EQUAL	diagnostic	MATCH	CLOSED_LITERAL_LOCATION_CONTROL	Controlled path only; original raw difference retained.		00_nucleo/diagnosticos/p1335-transversal-r3.json#location/repeat/a11y/P1138-S-002	
P1138-S-003	a11y	repeat	location-control	RAW_EQUAL	diagnostic	MATCH	CLOSED_LITERAL_LOCATION_CONTROL	Controlled path only; original raw difference retained.		00_nucleo/diagnosticos/p1335-transversal-r3.json#location/repeat/a11y/P1138-S-003	
P1138-S-001	html+a11y	repeat	location-control	RAW_EQUAL	diagnostic	MATCH	CLOSED_LITERAL_LOCATION_CONTROL	Controlled path only; original raw difference retained.		00_nucleo/diagnosticos/p1335-transversal-r3.json#location/repeat/html+a11y/P1138-S-001	
P1138-S-002	html+a11y	repeat	location-control	RAW_EQUAL	diagnostic	MATCH	CLOSED_LITERAL_LOCATION_CONTROL	Controlled path only; original raw difference retained.		00_nucleo/diagnosticos/p1335-transversal-r3.json#location/repeat/html+a11y/P1138-S-002	
P1138-S-003	html+a11y	repeat	location-control	RAW_EQUAL	diagnostic	MATCH	CLOSED_LITERAL_LOCATION_CONTROL	Controlled path only; original raw difference retained.		00_nucleo/diagnosticos/p1335-transversal-r3.json#location/repeat/html+a11y/P1138-S-003	
P1138-S-003	default	reverse	location-control	RAW_EQUAL	diagnostic	MATCH	CLOSED_LITERAL_LOCATION_CONTROL	Controlled path only; original raw difference retained.		00_nucleo/diagnosticos/p1335-transversal-r3.json#location/reverse/default/P1138-S-003	
P1138-S-002	default	reverse	location-control	RAW_EQUAL	diagnostic	MATCH	CLOSED_LITERAL_LOCATION_CONTROL	Controlled path only; original raw difference retained.		00_nucleo/diagnosticos/p1335-transversal-r3.json#location/reverse/default/P1138-S-002	
P1138-S-001	default	reverse	location-control	RAW_EQUAL	diagnostic	MATCH	CLOSED_LITERAL_LOCATION_CONTROL	Controlled path only; original raw difference retained.		00_nucleo/diagnosticos/p1335-transversal-r3.json#location/reverse/default/P1138-S-001	
P1138-S-003	html	reverse	location-control	RAW_EQUAL	diagnostic	MATCH	CLOSED_LITERAL_LOCATION_CONTROL	Controlled path only; original raw difference retained.		00_nucleo/diagnosticos/p1335-transversal-r3.json#location/reverse/html/P1138-S-003	
P1138-S-002	html	reverse	location-control	RAW_EQUAL	diagnostic	MATCH	CLOSED_LITERAL_LOCATION_CONTROL	Controlled path only; original raw difference retained.		00_nucleo/diagnosticos/p1335-transversal-r3.json#location/reverse/html/P1138-S-002	
P1138-S-001	html	reverse	location-control	RAW_EQUAL	diagnostic	MATCH	CLOSED_LITERAL_LOCATION_CONTROL	Controlled path only; original raw difference retained.		00_nucleo/diagnosticos/p1335-transversal-r3.json#location/reverse/html/P1138-S-001	
P1138-S-003	a11y	reverse	location-control	RAW_EQUAL	diagnostic	MATCH	CLOSED_LITERAL_LOCATION_CONTROL	Controlled path only; original raw difference retained.		00_nucleo/diagnosticos/p1335-transversal-r3.json#location/reverse/a11y/P1138-S-003	
P1138-S-002	a11y	reverse	location-control	RAW_EQUAL	diagnostic	MATCH	CLOSED_LITERAL_LOCATION_CONTROL	Controlled path only; original raw difference retained.		00_nucleo/diagnosticos/p1335-transversal-r3.json#location/reverse/a11y/P1138-S-002	
P1138-S-001	a11y	reverse	location-control	RAW_EQUAL	diagnostic	MATCH	CLOSED_LITERAL_LOCATION_CONTROL	Controlled path only; original raw difference retained.		00_nucleo/diagnosticos/p1335-transversal-r3.json#location/reverse/a11y/P1138-S-001	
P1138-S-003	html+a11y	reverse	location-control	RAW_EQUAL	diagnostic	MATCH	CLOSED_LITERAL_LOCATION_CONTROL	Controlled path only; original raw difference retained.		00_nucleo/diagnosticos/p1335-transversal-r3.json#location/reverse/html+a11y/P1138-S-003	
P1138-S-002	html+a11y	reverse	location-control	RAW_EQUAL	diagnostic	MATCH	CLOSED_LITERAL_LOCATION_CONTROL	Controlled path only; original raw difference retained.		00_nucleo/diagnosticos/p1335-transversal-r3.json#location/reverse/html+a11y/P1138-S-002	
P1138-S-001	html+a11y	reverse	location-control	RAW_EQUAL	diagnostic	MATCH	CLOSED_LITERAL_LOCATION_CONTROL	Controlled path only; original raw difference retained.		00_nucleo/diagnosticos/p1335-transversal-r3.json#location/reverse/html+a11y/P1138-S-001	
boundary-0	default	normal	supplement-boundary	MATCH_DIAGNOSTIC	EXACT_EXIT_STDOUT_STDERR	NO_GENERAL_PROJECTION	CLOSED_MEASURED_BOUNDARY	csv(bytes("\"a\nb\",c\n1"))		00_nucleo/diagnosticos/p1335-transversal-r3.json#extra/normal/default/boundary-0	
boundary-1	default	normal	supplement-boundary	MATCH_DIAGNOSTIC	EXACT_EXIT_STDOUT_STDERR	NO_GENERAL_PROJECTION	CLOSED_MEASURED_BOUNDARY	csv(bytes("a,b\r\n1"))		00_nucleo/diagnosticos/p1335-transversal-r3.json#extra/normal/default/boundary-1	
boundary-2	default	normal	supplement-boundary	MATCH_DIAGNOSTIC	EXACT_EXIT_STDOUT_STDERR	NO_GENERAL_PROJECTION	CLOSED_MEASURED_BOUNDARY	csv(bytes("á,😀\r\n1"))		00_nucleo/diagnosticos/p1335-transversal-r3.json#extra/normal/default/boundary-2	
boundary-3	default	normal	supplement-boundary	MATCH_DIAGNOSTIC	EXACT_EXIT_STDOUT_STDERR	NO_GENERAL_PROJECTION	CLOSED_MEASURED_BOUNDARY	csv(bytes((97,44,98,10,49,10,255)))		00_nucleo/diagnosticos/p1335-transversal-r3.json#extra/normal/default/boundary-3	
boundary-4	default	normal	supplement-boundary	MATCH_DIAGNOSTIC	EXACT_EXIT_STDOUT_STDERR	NO_GENERAL_PROJECTION	CLOSED_MEASURED_BOUNDARY	{let f=json; f(42)}		00_nucleo/diagnosticos/p1335-transversal-r3.json#extra/normal/default/boundary-4	
boundary-5	default	normal	supplement-boundary	MATCH_DIAGNOSTIC	EXACT_EXIT_STDOUT_STDERR	NO_GENERAL_PROJECTION	CLOSED_MEASURED_BOUNDARY	{let f=json.with(42); f()}		00_nucleo/diagnosticos/p1335-transversal-r3.json#extra/normal/default/boundary-5	
boundary-6	default	normal	supplement-boundary	MATCH_DIAGNOSTIC	EXACT_EXIT_STDOUT_STDERR	NO_GENERAL_PROJECTION	CLOSED_MEASURED_BOUNDARY	{let a=arguments(42); json(..a)}		00_nucleo/diagnosticos/p1335-transversal-r3.json#extra/normal/default/boundary-6	
boundary-7	default	normal	supplement-boundary	MATCH_DIAGNOSTIC	EXACT_EXIT_STDOUT_STDERR	NO_GENERAL_PROJECTION	CLOSED_MEASURED_BOUNDARY	{let f(..a)=json(..a); f(42)}		00_nucleo/diagnosticos/p1335-transversal-r3.json#extra/normal/default/boundary-7	
boundary-8	default	normal	supplement-boundary	DIFFERENT_VALUE	EXACT_EXIT_STDOUT_STDERR	NO_GENERAL_PROJECTION	OPEN_LANGUAGE_BOUNDARY	{let abs(x)=[ok]; $abs(1)$}		00_nucleo/diagnosticos/p1335-transversal-r3.json#extra/normal/default/boundary-8	
boundary-9	default	normal	supplement-boundary	DIFFERENT_VALUE	EXACT_EXIT_STDOUT_STDERR	NO_GENERAL_PROJECTION	OPEN_LANGUAGE_BOUNDARY	{let sqrt(x)=[ok]; $sqrt(1)$}		00_nucleo/diagnosticos/p1335-transversal-r3.json#extra/normal/default/boundary-9	
boundary-10	default	normal	supplement-boundary	DIFFERENT_VALUE	EXACT_EXIT_STDOUT_STDERR	NO_GENERAL_PROJECTION	OPEN_LANGUAGE_BOUNDARY	{let f=calc.abs; $f(-1)$}		00_nucleo/diagnosticos/p1335-transversal-r3.json#extra/normal/default/boundary-10	
boundary-11	default	normal	supplement-boundary	CRYSTALLINE_ONLY	EXACT_EXIT_STDOUT_STDERR	NO_GENERAL_PROJECTION	OPEN_LANGUAGE_BOUNDARY	{import calc: abs; $abs(-1)$}		00_nucleo/diagnosticos/p1335-transversal-r3.json#extra/normal/default/boundary-11	
boundary-0	html	normal	supplement-boundary	MATCH_DIAGNOSTIC	EXACT_EXIT_STDOUT_STDERR	NO_GENERAL_PROJECTION	CLOSED_MEASURED_BOUNDARY	csv(bytes("\"a\nb\",c\n1"))		00_nucleo/diagnosticos/p1335-transversal-r3.json#extra/normal/html/boundary-0	
boundary-1	html	normal	supplement-boundary	MATCH_DIAGNOSTIC	EXACT_EXIT_STDOUT_STDERR	NO_GENERAL_PROJECTION	CLOSED_MEASURED_BOUNDARY	csv(bytes("a,b\r\n1"))		00_nucleo/diagnosticos/p1335-transversal-r3.json#extra/normal/html/boundary-1	
boundary-2	html	normal	supplement-boundary	MATCH_DIAGNOSTIC	EXACT_EXIT_STDOUT_STDERR	NO_GENERAL_PROJECTION	CLOSED_MEASURED_BOUNDARY	csv(bytes("á,😀\r\n1"))		00_nucleo/diagnosticos/p1335-transversal-r3.json#extra/normal/html/boundary-2	
boundary-3	html	normal	supplement-boundary	MATCH_DIAGNOSTIC	EXACT_EXIT_STDOUT_STDERR	NO_GENERAL_PROJECTION	CLOSED_MEASURED_BOUNDARY	csv(bytes((97,44,98,10,49,10,255)))		00_nucleo/diagnosticos/p1335-transversal-r3.json#extra/normal/html/boundary-3	
boundary-4	html	normal	supplement-boundary	MATCH_DIAGNOSTIC	EXACT_EXIT_STDOUT_STDERR	NO_GENERAL_PROJECTION	CLOSED_MEASURED_BOUNDARY	{let f=json; f(42)}		00_nucleo/diagnosticos/p1335-transversal-r3.json#extra/normal/html/boundary-4	
boundary-5	html	normal	supplement-boundary	MATCH_DIAGNOSTIC	EXACT_EXIT_STDOUT_STDERR	NO_GENERAL_PROJECTION	CLOSED_MEASURED_BOUNDARY	{let f=json.with(42); f()}		00_nucleo/diagnosticos/p1335-transversal-r3.json#extra/normal/html/boundary-5	
boundary-6	html	normal	supplement-boundary	MATCH_DIAGNOSTIC	EXACT_EXIT_STDOUT_STDERR	NO_GENERAL_PROJECTION	CLOSED_MEASURED_BOUNDARY	{let a=arguments(42); json(..a)}		00_nucleo/diagnosticos/p1335-transversal-r3.json#extra/normal/html/boundary-6	
boundary-7	html	normal	supplement-boundary	MATCH_DIAGNOSTIC	EXACT_EXIT_STDOUT_STDERR	NO_GENERAL_PROJECTION	CLOSED_MEASURED_BOUNDARY	{let f(..a)=json(..a); f(42)}		00_nucleo/diagnosticos/p1335-transversal-r3.json#extra/normal/html/boundary-7	
boundary-8	html	normal	supplement-boundary	DIFFERENT_VALUE	EXACT_EXIT_STDOUT_STDERR	NO_GENERAL_PROJECTION	OPEN_LANGUAGE_BOUNDARY	{let abs(x)=[ok]; $abs(1)$}		00_nucleo/diagnosticos/p1335-transversal-r3.json#extra/normal/html/boundary-8	
boundary-9	html	normal	supplement-boundary	DIFFERENT_VALUE	EXACT_EXIT_STDOUT_STDERR	NO_GENERAL_PROJECTION	OPEN_LANGUAGE_BOUNDARY	{let sqrt(x)=[ok]; $sqrt(1)$}		00_nucleo/diagnosticos/p1335-transversal-r3.json#extra/normal/html/boundary-9	
boundary-10	html	normal	supplement-boundary	DIFFERENT_VALUE	EXACT_EXIT_STDOUT_STDERR	NO_GENERAL_PROJECTION	OPEN_LANGUAGE_BOUNDARY	{let f=calc.abs; $f(-1)$}		00_nucleo/diagnosticos/p1335-transversal-r3.json#extra/normal/html/boundary-10	
boundary-11	html	normal	supplement-boundary	CRYSTALLINE_ONLY	EXACT_EXIT_STDOUT_STDERR	NO_GENERAL_PROJECTION	OPEN_LANGUAGE_BOUNDARY	{import calc: abs; $abs(-1)$}		00_nucleo/diagnosticos/p1335-transversal-r3.json#extra/normal/html/boundary-11	
boundary-0	a11y	normal	supplement-boundary	MATCH_DIAGNOSTIC	EXACT_EXIT_STDOUT_STDERR	NO_GENERAL_PROJECTION	CLOSED_MEASURED_BOUNDARY	csv(bytes("\"a\nb\",c\n1"))		00_nucleo/diagnosticos/p1335-transversal-r3.json#extra/normal/a11y/boundary-0	
boundary-1	a11y	normal	supplement-boundary	MATCH_DIAGNOSTIC	EXACT_EXIT_STDOUT_STDERR	NO_GENERAL_PROJECTION	CLOSED_MEASURED_BOUNDARY	csv(bytes("a,b\r\n1"))		00_nucleo/diagnosticos/p1335-transversal-r3.json#extra/normal/a11y/boundary-1	
boundary-2	a11y	normal	supplement-boundary	MATCH_DIAGNOSTIC	EXACT_EXIT_STDOUT_STDERR	NO_GENERAL_PROJECTION	CLOSED_MEASURED_BOUNDARY	csv(bytes("á,😀\r\n1"))		00_nucleo/diagnosticos/p1335-transversal-r3.json#extra/normal/a11y/boundary-2	
boundary-3	a11y	normal	supplement-boundary	MATCH_DIAGNOSTIC	EXACT_EXIT_STDOUT_STDERR	NO_GENERAL_PROJECTION	CLOSED_MEASURED_BOUNDARY	csv(bytes((97,44,98,10,49,10,255)))		00_nucleo/diagnosticos/p1335-transversal-r3.json#extra/normal/a11y/boundary-3	
boundary-4	a11y	normal	supplement-boundary	MATCH_DIAGNOSTIC	EXACT_EXIT_STDOUT_STDERR	NO_GENERAL_PROJECTION	CLOSED_MEASURED_BOUNDARY	{let f=json; f(42)}		00_nucleo/diagnosticos/p1335-transversal-r3.json#extra/normal/a11y/boundary-4	
boundary-5	a11y	normal	supplement-boundary	MATCH_DIAGNOSTIC	EXACT_EXIT_STDOUT_STDERR	NO_GENERAL_PROJECTION	CLOSED_MEASURED_BOUNDARY	{let f=json.with(42); f()}		00_nucleo/diagnosticos/p1335-transversal-r3.json#extra/normal/a11y/boundary-5	
boundary-6	a11y	normal	supplement-boundary	MATCH_DIAGNOSTIC	EXACT_EXIT_STDOUT_STDERR	NO_GENERAL_PROJECTION	CLOSED_MEASURED_BOUNDARY	{let a=arguments(42); json(..a)}		00_nucleo/diagnosticos/p1335-transversal-r3.json#extra/normal/a11y/boundary-6	
boundary-7	a11y	normal	supplement-boundary	MATCH_DIAGNOSTIC	EXACT_EXIT_STDOUT_STDERR	NO_GENERAL_PROJECTION	CLOSED_MEASURED_BOUNDARY	{let f(..a)=json(..a); f(42)}		00_nucleo/diagnosticos/p1335-transversal-r3.json#extra/normal/a11y/boundary-7	
boundary-8	a11y	normal	supplement-boundary	DIFFERENT_VALUE	EXACT_EXIT_STDOUT_STDERR	NO_GENERAL_PROJECTION	OPEN_LANGUAGE_BOUNDARY	{let abs(x)=[ok]; $abs(1)$}		00_nucleo/diagnosticos/p1335-transversal-r3.json#extra/normal/a11y/boundary-8	
boundary-9	a11y	normal	supplement-boundary	DIFFERENT_VALUE	EXACT_EXIT_STDOUT_STDERR	NO_GENERAL_PROJECTION	OPEN_LANGUAGE_BOUNDARY	{let sqrt(x)=[ok]; $sqrt(1)$}		00_nucleo/diagnosticos/p1335-transversal-r3.json#extra/normal/a11y/boundary-9	
boundary-10	a11y	normal	supplement-boundary	DIFFERENT_VALUE	EXACT_EXIT_STDOUT_STDERR	NO_GENERAL_PROJECTION	OPEN_LANGUAGE_BOUNDARY	{let f=calc.abs; $f(-1)$}		00_nucleo/diagnosticos/p1335-transversal-r3.json#extra/normal/a11y/boundary-10	
boundary-11	a11y	normal	supplement-boundary	CRYSTALLINE_ONLY	EXACT_EXIT_STDOUT_STDERR	NO_GENERAL_PROJECTION	OPEN_LANGUAGE_BOUNDARY	{import calc: abs; $abs(-1)$}		00_nucleo/diagnosticos/p1335-transversal-r3.json#extra/normal/a11y/boundary-11	
boundary-0	html+a11y	normal	supplement-boundary	MATCH_DIAGNOSTIC	EXACT_EXIT_STDOUT_STDERR	NO_GENERAL_PROJECTION	CLOSED_MEASURED_BOUNDARY	csv(bytes("\"a\nb\",c\n1"))		00_nucleo/diagnosticos/p1335-transversal-r3.json#extra/normal/html+a11y/boundary-0	
boundary-1	html+a11y	normal	supplement-boundary	MATCH_DIAGNOSTIC	EXACT_EXIT_STDOUT_STDERR	NO_GENERAL_PROJECTION	CLOSED_MEASURED_BOUNDARY	csv(bytes("a,b\r\n1"))		00_nucleo/diagnosticos/p1335-transversal-r3.json#extra/normal/html+a11y/boundary-1	
boundary-2	html+a11y	normal	supplement-boundary	MATCH_DIAGNOSTIC	EXACT_EXIT_STDOUT_STDERR	NO_GENERAL_PROJECTION	CLOSED_MEASURED_BOUNDARY	csv(bytes("á,😀\r\n1"))		00_nucleo/diagnosticos/p1335-transversal-r3.json#extra/normal/html+a11y/boundary-2	
boundary-3	html+a11y	normal	supplement-boundary	MATCH_DIAGNOSTIC	EXACT_EXIT_STDOUT_STDERR	NO_GENERAL_PROJECTION	CLOSED_MEASURED_BOUNDARY	csv(bytes((97,44,98,10,49,10,255)))		00_nucleo/diagnosticos/p1335-transversal-r3.json#extra/normal/html+a11y/boundary-3	
boundary-4	html+a11y	normal	supplement-boundary	MATCH_DIAGNOSTIC	EXACT_EXIT_STDOUT_STDERR	NO_GENERAL_PROJECTION	CLOSED_MEASURED_BOUNDARY	{let f=json; f(42)}		00_nucleo/diagnosticos/p1335-transversal-r3.json#extra/normal/html+a11y/boundary-4	
boundary-5	html+a11y	normal	supplement-boundary	MATCH_DIAGNOSTIC	EXACT_EXIT_STDOUT_STDERR	NO_GENERAL_PROJECTION	CLOSED_MEASURED_BOUNDARY	{let f=json.with(42); f()}		00_nucleo/diagnosticos/p1335-transversal-r3.json#extra/normal/html+a11y/boundary-5	
boundary-6	html+a11y	normal	supplement-boundary	MATCH_DIAGNOSTIC	EXACT_EXIT_STDOUT_STDERR	NO_GENERAL_PROJECTION	CLOSED_MEASURED_BOUNDARY	{let a=arguments(42); json(..a)}		00_nucleo/diagnosticos/p1335-transversal-r3.json#extra/normal/html+a11y/boundary-6	
boundary-7	html+a11y	normal	supplement-boundary	MATCH_DIAGNOSTIC	EXACT_EXIT_STDOUT_STDERR	NO_GENERAL_PROJECTION	CLOSED_MEASURED_BOUNDARY	{let f(..a)=json(..a); f(42)}		00_nucleo/diagnosticos/p1335-transversal-r3.json#extra/normal/html+a11y/boundary-7	
boundary-8	html+a11y	normal	supplement-boundary	DIFFERENT_VALUE	EXACT_EXIT_STDOUT_STDERR	NO_GENERAL_PROJECTION	OPEN_LANGUAGE_BOUNDARY	{let abs(x)=[ok]; $abs(1)$}		00_nucleo/diagnosticos/p1335-transversal-r3.json#extra/normal/html+a11y/boundary-8	
boundary-9	html+a11y	normal	supplement-boundary	DIFFERENT_VALUE	EXACT_EXIT_STDOUT_STDERR	NO_GENERAL_PROJECTION	OPEN_LANGUAGE_BOUNDARY	{let sqrt(x)=[ok]; $sqrt(1)$}		00_nucleo/diagnosticos/p1335-transversal-r3.json#extra/normal/html+a11y/boundary-9	
boundary-10	html+a11y	normal	supplement-boundary	DIFFERENT_VALUE	EXACT_EXIT_STDOUT_STDERR	NO_GENERAL_PROJECTION	OPEN_LANGUAGE_BOUNDARY	{let f=calc.abs; $f(-1)$}		00_nucleo/diagnosticos/p1335-transversal-r3.json#extra/normal/html+a11y/boundary-10	
boundary-11	html+a11y	normal	supplement-boundary	CRYSTALLINE_ONLY	EXACT_EXIT_STDOUT_STDERR	NO_GENERAL_PROJECTION	OPEN_LANGUAGE_BOUNDARY	{import calc: abs; $abs(-1)$}		00_nucleo/diagnosticos/p1335-transversal-r3.json#extra/normal/html+a11y/boundary-11	
boundary-0	default	repeat	supplement-boundary	MATCH_DIAGNOSTIC	EXACT_EXIT_STDOUT_STDERR	NO_GENERAL_PROJECTION	CLOSED_MEASURED_BOUNDARY	csv(bytes("\"a\nb\",c\n1"))		00_nucleo/diagnosticos/p1335-transversal-r3.json#extra/repeat/default/boundary-0	
boundary-1	default	repeat	supplement-boundary	MATCH_DIAGNOSTIC	EXACT_EXIT_STDOUT_STDERR	NO_GENERAL_PROJECTION	CLOSED_MEASURED_BOUNDARY	csv(bytes("a,b\r\n1"))		00_nucleo/diagnosticos/p1335-transversal-r3.json#extra/repeat/default/boundary-1	
boundary-2	default	repeat	supplement-boundary	MATCH_DIAGNOSTIC	EXACT_EXIT_STDOUT_STDERR	NO_GENERAL_PROJECTION	CLOSED_MEASURED_BOUNDARY	csv(bytes("á,😀\r\n1"))		00_nucleo/diagnosticos/p1335-transversal-r3.json#extra/repeat/default/boundary-2	
boundary-3	default	repeat	supplement-boundary	MATCH_DIAGNOSTIC	EXACT_EXIT_STDOUT_STDERR	NO_GENERAL_PROJECTION	CLOSED_MEASURED_BOUNDARY	csv(bytes((97,44,98,10,49,10,255)))		00_nucleo/diagnosticos/p1335-transversal-r3.json#extra/repeat/default/boundary-3	
boundary-4	default	repeat	supplement-boundary	MATCH_DIAGNOSTIC	EXACT_EXIT_STDOUT_STDERR	NO_GENERAL_PROJECTION	CLOSED_MEASURED_BOUNDARY	{let f=json; f(42)}		00_nucleo/diagnosticos/p1335-transversal-r3.json#extra/repeat/default/boundary-4	
boundary-5	default	repeat	supplement-boundary	MATCH_DIAGNOSTIC	EXACT_EXIT_STDOUT_STDERR	NO_GENERAL_PROJECTION	CLOSED_MEASURED_BOUNDARY	{let f=json.with(42); f()}		00_nucleo/diagnosticos/p1335-transversal-r3.json#extra/repeat/default/boundary-5	
boundary-6	default	repeat	supplement-boundary	MATCH_DIAGNOSTIC	EXACT_EXIT_STDOUT_STDERR	NO_GENERAL_PROJECTION	CLOSED_MEASURED_BOUNDARY	{let a=arguments(42); json(..a)}		00_nucleo/diagnosticos/p1335-transversal-r3.json#extra/repeat/default/boundary-6	
boundary-7	default	repeat	supplement-boundary	MATCH_DIAGNOSTIC	EXACT_EXIT_STDOUT_STDERR	NO_GENERAL_PROJECTION	CLOSED_MEASURED_BOUNDARY	{let f(..a)=json(..a); f(42)}		00_nucleo/diagnosticos/p1335-transversal-r3.json#extra/repeat/default/boundary-7	
boundary-8	default	repeat	supplement-boundary	DIFFERENT_VALUE	EXACT_EXIT_STDOUT_STDERR	NO_GENERAL_PROJECTION	OPEN_LANGUAGE_BOUNDARY	{let abs(x)=[ok]; $abs(1)$}		00_nucleo/diagnosticos/p1335-transversal-r3.json#extra/repeat/default/boundary-8	
boundary-9	default	repeat	supplement-boundary	DIFFERENT_VALUE	EXACT_EXIT_STDOUT_STDERR	NO_GENERAL_PROJECTION	OPEN_LANGUAGE_BOUNDARY	{let sqrt(x)=[ok]; $sqrt(1)$}		00_nucleo/diagnosticos/p1335-transversal-r3.json#extra/repeat/default/boundary-9	
boundary-10	default	repeat	supplement-boundary	DIFFERENT_VALUE	EXACT_EXIT_STDOUT_STDERR	NO_GENERAL_PROJECTION	OPEN_LANGUAGE_BOUNDARY	{let f=calc.abs; $f(-1)$}		00_nucleo/diagnosticos/p1335-transversal-r3.json#extra/repeat/default/boundary-10	
boundary-11	default	repeat	supplement-boundary	CRYSTALLINE_ONLY	EXACT_EXIT_STDOUT_STDERR	NO_GENERAL_PROJECTION	OPEN_LANGUAGE_BOUNDARY	{import calc: abs; $abs(-1)$}		00_nucleo/diagnosticos/p1335-transversal-r3.json#extra/repeat/default/boundary-11	
boundary-0	html	repeat	supplement-boundary	MATCH_DIAGNOSTIC	EXACT_EXIT_STDOUT_STDERR	NO_GENERAL_PROJECTION	CLOSED_MEASURED_BOUNDARY	csv(bytes("\"a\nb\",c\n1"))		00_nucleo/diagnosticos/p1335-transversal-r3.json#extra/repeat/html/boundary-0	
boundary-1	html	repeat	supplement-boundary	MATCH_DIAGNOSTIC	EXACT_EXIT_STDOUT_STDERR	NO_GENERAL_PROJECTION	CLOSED_MEASURED_BOUNDARY	csv(bytes("a,b\r\n1"))		00_nucleo/diagnosticos/p1335-transversal-r3.json#extra/repeat/html/boundary-1	
boundary-2	html	repeat	supplement-boundary	MATCH_DIAGNOSTIC	EXACT_EXIT_STDOUT_STDERR	NO_GENERAL_PROJECTION	CLOSED_MEASURED_BOUNDARY	csv(bytes("á,😀\r\n1"))		00_nucleo/diagnosticos/p1335-transversal-r3.json#extra/repeat/html/boundary-2	
boundary-3	html	repeat	supplement-boundary	MATCH_DIAGNOSTIC	EXACT_EXIT_STDOUT_STDERR	NO_GENERAL_PROJECTION	CLOSED_MEASURED_BOUNDARY	csv(bytes((97,44,98,10,49,10,255)))		00_nucleo/diagnosticos/p1335-transversal-r3.json#extra/repeat/html/boundary-3	
boundary-4	html	repeat	supplement-boundary	MATCH_DIAGNOSTIC	EXACT_EXIT_STDOUT_STDERR	NO_GENERAL_PROJECTION	CLOSED_MEASURED_BOUNDARY	{let f=json; f(42)}		00_nucleo/diagnosticos/p1335-transversal-r3.json#extra/repeat/html/boundary-4	
boundary-5	html	repeat	supplement-boundary	MATCH_DIAGNOSTIC	EXACT_EXIT_STDOUT_STDERR	NO_GENERAL_PROJECTION	CLOSED_MEASURED_BOUNDARY	{let f=json.with(42); f()}		00_nucleo/diagnosticos/p1335-transversal-r3.json#extra/repeat/html/boundary-5	
boundary-6	html	repeat	supplement-boundary	MATCH_DIAGNOSTIC	EXACT_EXIT_STDOUT_STDERR	NO_GENERAL_PROJECTION	CLOSED_MEASURED_BOUNDARY	{let a=arguments(42); json(..a)}		00_nucleo/diagnosticos/p1335-transversal-r3.json#extra/repeat/html/boundary-6	
boundary-7	html	repeat	supplement-boundary	MATCH_DIAGNOSTIC	EXACT_EXIT_STDOUT_STDERR	NO_GENERAL_PROJECTION	CLOSED_MEASURED_BOUNDARY	{let f(..a)=json(..a); f(42)}		00_nucleo/diagnosticos/p1335-transversal-r3.json#extra/repeat/html/boundary-7	
boundary-8	html	repeat	supplement-boundary	DIFFERENT_VALUE	EXACT_EXIT_STDOUT_STDERR	NO_GENERAL_PROJECTION	OPEN_LANGUAGE_BOUNDARY	{let abs(x)=[ok]; $abs(1)$}		00_nucleo/diagnosticos/p1335-transversal-r3.json#extra/repeat/html/boundary-8	
boundary-9	html	repeat	supplement-boundary	DIFFERENT_VALUE	EXACT_EXIT_STDOUT_STDERR	NO_GENERAL_PROJECTION	OPEN_LANGUAGE_BOUNDARY	{let sqrt(x)=[ok]; $sqrt(1)$}		00_nucleo/diagnosticos/p1335-transversal-r3.json#extra/repeat/html/boundary-9	
boundary-10	html	repeat	supplement-boundary	DIFFERENT_VALUE	EXACT_EXIT_STDOUT_STDERR	NO_GENERAL_PROJECTION	OPEN_LANGUAGE_BOUNDARY	{let f=calc.abs; $f(-1)$}		00_nucleo/diagnosticos/p1335-transversal-r3.json#extra/repeat/html/boundary-10	
boundary-11	html	repeat	supplement-boundary	CRYSTALLINE_ONLY	EXACT_EXIT_STDOUT_STDERR	NO_GENERAL_PROJECTION	OPEN_LANGUAGE_BOUNDARY	{import calc: abs; $abs(-1)$}		00_nucleo/diagnosticos/p1335-transversal-r3.json#extra/repeat/html/boundary-11	
boundary-0	a11y	repeat	supplement-boundary	MATCH_DIAGNOSTIC	EXACT_EXIT_STDOUT_STDERR	NO_GENERAL_PROJECTION	CLOSED_MEASURED_BOUNDARY	csv(bytes("\"a\nb\",c\n1"))		00_nucleo/diagnosticos/p1335-transversal-r3.json#extra/repeat/a11y/boundary-0	
boundary-1	a11y	repeat	supplement-boundary	MATCH_DIAGNOSTIC	EXACT_EXIT_STDOUT_STDERR	NO_GENERAL_PROJECTION	CLOSED_MEASURED_BOUNDARY	csv(bytes("a,b\r\n1"))		00_nucleo/diagnosticos/p1335-transversal-r3.json#extra/repeat/a11y/boundary-1	
boundary-2	a11y	repeat	supplement-boundary	MATCH_DIAGNOSTIC	EXACT_EXIT_STDOUT_STDERR	NO_GENERAL_PROJECTION	CLOSED_MEASURED_BOUNDARY	csv(bytes("á,😀\r\n1"))		00_nucleo/diagnosticos/p1335-transversal-r3.json#extra/repeat/a11y/boundary-2	
boundary-3	a11y	repeat	supplement-boundary	MATCH_DIAGNOSTIC	EXACT_EXIT_STDOUT_STDERR	NO_GENERAL_PROJECTION	CLOSED_MEASURED_BOUNDARY	csv(bytes((97,44,98,10,49,10,255)))		00_nucleo/diagnosticos/p1335-transversal-r3.json#extra/repeat/a11y/boundary-3	
boundary-4	a11y	repeat	supplement-boundary	MATCH_DIAGNOSTIC	EXACT_EXIT_STDOUT_STDERR	NO_GENERAL_PROJECTION	CLOSED_MEASURED_BOUNDARY	{let f=json; f(42)}		00_nucleo/diagnosticos/p1335-transversal-r3.json#extra/repeat/a11y/boundary-4	
boundary-5	a11y	repeat	supplement-boundary	MATCH_DIAGNOSTIC	EXACT_EXIT_STDOUT_STDERR	NO_GENERAL_PROJECTION	CLOSED_MEASURED_BOUNDARY	{let f=json.with(42); f()}		00_nucleo/diagnosticos/p1335-transversal-r3.json#extra/repeat/a11y/boundary-5	
boundary-6	a11y	repeat	supplement-boundary	MATCH_DIAGNOSTIC	EXACT_EXIT_STDOUT_STDERR	NO_GENERAL_PROJECTION	CLOSED_MEASURED_BOUNDARY	{let a=arguments(42); json(..a)}		00_nucleo/diagnosticos/p1335-transversal-r3.json#extra/repeat/a11y/boundary-6	
boundary-7	a11y	repeat	supplement-boundary	MATCH_DIAGNOSTIC	EXACT_EXIT_STDOUT_STDERR	NO_GENERAL_PROJECTION	CLOSED_MEASURED_BOUNDARY	{let f(..a)=json(..a); f(42)}		00_nucleo/diagnosticos/p1335-transversal-r3.json#extra/repeat/a11y/boundary-7	
boundary-8	a11y	repeat	supplement-boundary	DIFFERENT_VALUE	EXACT_EXIT_STDOUT_STDERR	NO_GENERAL_PROJECTION	OPEN_LANGUAGE_BOUNDARY	{let abs(x)=[ok]; $abs(1)$}		00_nucleo/diagnosticos/p1335-transversal-r3.json#extra/repeat/a11y/boundary-8	
boundary-9	a11y	repeat	supplement-boundary	DIFFERENT_VALUE	EXACT_EXIT_STDOUT_STDERR	NO_GENERAL_PROJECTION	OPEN_LANGUAGE_BOUNDARY	{let sqrt(x)=[ok]; $sqrt(1)$}		00_nucleo/diagnosticos/p1335-transversal-r3.json#extra/repeat/a11y/boundary-9	
boundary-10	a11y	repeat	supplement-boundary	DIFFERENT_VALUE	EXACT_EXIT_STDOUT_STDERR	NO_GENERAL_PROJECTION	OPEN_LANGUAGE_BOUNDARY	{let f=calc.abs; $f(-1)$}		00_nucleo/diagnosticos/p1335-transversal-r3.json#extra/repeat/a11y/boundary-10	
boundary-11	a11y	repeat	supplement-boundary	CRYSTALLINE_ONLY	EXACT_EXIT_STDOUT_STDERR	NO_GENERAL_PROJECTION	OPEN_LANGUAGE_BOUNDARY	{import calc: abs; $abs(-1)$}		00_nucleo/diagnosticos/p1335-transversal-r3.json#extra/repeat/a11y/boundary-11	
boundary-0	html+a11y	repeat	supplement-boundary	MATCH_DIAGNOSTIC	EXACT_EXIT_STDOUT_STDERR	NO_GENERAL_PROJECTION	CLOSED_MEASURED_BOUNDARY	csv(bytes("\"a\nb\",c\n1"))		00_nucleo/diagnosticos/p1335-transversal-r3.json#extra/repeat/html+a11y/boundary-0	
boundary-1	html+a11y	repeat	supplement-boundary	MATCH_DIAGNOSTIC	EXACT_EXIT_STDOUT_STDERR	NO_GENERAL_PROJECTION	CLOSED_MEASURED_BOUNDARY	csv(bytes("a,b\r\n1"))		00_nucleo/diagnosticos/p1335-transversal-r3.json#extra/repeat/html+a11y/boundary-1	
boundary-2	html+a11y	repeat	supplement-boundary	MATCH_DIAGNOSTIC	EXACT_EXIT_STDOUT_STDERR	NO_GENERAL_PROJECTION	CLOSED_MEASURED_BOUNDARY	csv(bytes("á,😀\r\n1"))		00_nucleo/diagnosticos/p1335-transversal-r3.json#extra/repeat/html+a11y/boundary-2	
boundary-3	html+a11y	repeat	supplement-boundary	MATCH_DIAGNOSTIC	EXACT_EXIT_STDOUT_STDERR	NO_GENERAL_PROJECTION	CLOSED_MEASURED_BOUNDARY	csv(bytes((97,44,98,10,49,10,255)))		00_nucleo/diagnosticos/p1335-transversal-r3.json#extra/repeat/html+a11y/boundary-3	
boundary-4	html+a11y	repeat	supplement-boundary	MATCH_DIAGNOSTIC	EXACT_EXIT_STDOUT_STDERR	NO_GENERAL_PROJECTION	CLOSED_MEASURED_BOUNDARY	{let f=json; f(42)}		00_nucleo/diagnosticos/p1335-transversal-r3.json#extra/repeat/html+a11y/boundary-4	
boundary-5	html+a11y	repeat	supplement-boundary	MATCH_DIAGNOSTIC	EXACT_EXIT_STDOUT_STDERR	NO_GENERAL_PROJECTION	CLOSED_MEASURED_BOUNDARY	{let f=json.with(42); f()}		00_nucleo/diagnosticos/p1335-transversal-r3.json#extra/repeat/html+a11y/boundary-5	
boundary-6	html+a11y	repeat	supplement-boundary	MATCH_DIAGNOSTIC	EXACT_EXIT_STDOUT_STDERR	NO_GENERAL_PROJECTION	CLOSED_MEASURED_BOUNDARY	{let a=arguments(42); json(..a)}		00_nucleo/diagnosticos/p1335-transversal-r3.json#extra/repeat/html+a11y/boundary-6	
boundary-7	html+a11y	repeat	supplement-boundary	MATCH_DIAGNOSTIC	EXACT_EXIT_STDOUT_STDERR	NO_GENERAL_PROJECTION	CLOSED_MEASURED_BOUNDARY	{let f(..a)=json(..a); f(42)}		00_nucleo/diagnosticos/p1335-transversal-r3.json#extra/repeat/html+a11y/boundary-7	
boundary-8	html+a11y	repeat	supplement-boundary	DIFFERENT_VALUE	EXACT_EXIT_STDOUT_STDERR	NO_GENERAL_PROJECTION	OPEN_LANGUAGE_BOUNDARY	{let abs(x)=[ok]; $abs(1)$}		00_nucleo/diagnosticos/p1335-transversal-r3.json#extra/repeat/html+a11y/boundary-8	
boundary-9	html+a11y	repeat	supplement-boundary	DIFFERENT_VALUE	EXACT_EXIT_STDOUT_STDERR	NO_GENERAL_PROJECTION	OPEN_LANGUAGE_BOUNDARY	{let sqrt(x)=[ok]; $sqrt(1)$}		00_nucleo/diagnosticos/p1335-transversal-r3.json#extra/repeat/html+a11y/boundary-9	
boundary-10	html+a11y	repeat	supplement-boundary	DIFFERENT_VALUE	EXACT_EXIT_STDOUT_STDERR	NO_GENERAL_PROJECTION	OPEN_LANGUAGE_BOUNDARY	{let f=calc.abs; $f(-1)$}		00_nucleo/diagnosticos/p1335-transversal-r3.json#extra/repeat/html+a11y/boundary-10	
boundary-11	html+a11y	repeat	supplement-boundary	CRYSTALLINE_ONLY	EXACT_EXIT_STDOUT_STDERR	NO_GENERAL_PROJECTION	OPEN_LANGUAGE_BOUNDARY	{import calc: abs; $abs(-1)$}		00_nucleo/diagnosticos/p1335-transversal-r3.json#extra/repeat/html+a11y/boundary-11	
boundary-11	default	reverse	supplement-boundary	CRYSTALLINE_ONLY	EXACT_EXIT_STDOUT_STDERR	NO_GENERAL_PROJECTION	OPEN_LANGUAGE_BOUNDARY	{import calc: abs; $abs(-1)$}		00_nucleo/diagnosticos/p1335-transversal-r3.json#extra/reverse/default/boundary-11	
boundary-10	default	reverse	supplement-boundary	DIFFERENT_VALUE	EXACT_EXIT_STDOUT_STDERR	NO_GENERAL_PROJECTION	OPEN_LANGUAGE_BOUNDARY	{let f=calc.abs; $f(-1)$}		00_nucleo/diagnosticos/p1335-transversal-r3.json#extra/reverse/default/boundary-10	
boundary-9	default	reverse	supplement-boundary	DIFFERENT_VALUE	EXACT_EXIT_STDOUT_STDERR	NO_GENERAL_PROJECTION	OPEN_LANGUAGE_BOUNDARY	{let sqrt(x)=[ok]; $sqrt(1)$}		00_nucleo/diagnosticos/p1335-transversal-r3.json#extra/reverse/default/boundary-9	
boundary-8	default	reverse	supplement-boundary	DIFFERENT_VALUE	EXACT_EXIT_STDOUT_STDERR	NO_GENERAL_PROJECTION	OPEN_LANGUAGE_BOUNDARY	{let abs(x)=[ok]; $abs(1)$}		00_nucleo/diagnosticos/p1335-transversal-r3.json#extra/reverse/default/boundary-8	
boundary-7	default	reverse	supplement-boundary	MATCH_DIAGNOSTIC	EXACT_EXIT_STDOUT_STDERR	NO_GENERAL_PROJECTION	CLOSED_MEASURED_BOUNDARY	{let f(..a)=json(..a); f(42)}		00_nucleo/diagnosticos/p1335-transversal-r3.json#extra/reverse/default/boundary-7	
boundary-6	default	reverse	supplement-boundary	MATCH_DIAGNOSTIC	EXACT_EXIT_STDOUT_STDERR	NO_GENERAL_PROJECTION	CLOSED_MEASURED_BOUNDARY	{let a=arguments(42); json(..a)}		00_nucleo/diagnosticos/p1335-transversal-r3.json#extra/reverse/default/boundary-6	
boundary-5	default	reverse	supplement-boundary	MATCH_DIAGNOSTIC	EXACT_EXIT_STDOUT_STDERR	NO_GENERAL_PROJECTION	CLOSED_MEASURED_BOUNDARY	{let f=json.with(42); f()}		00_nucleo/diagnosticos/p1335-transversal-r3.json#extra/reverse/default/boundary-5	
boundary-4	default	reverse	supplement-boundary	MATCH_DIAGNOSTIC	EXACT_EXIT_STDOUT_STDERR	NO_GENERAL_PROJECTION	CLOSED_MEASURED_BOUNDARY	{let f=json; f(42)}		00_nucleo/diagnosticos/p1335-transversal-r3.json#extra/reverse/default/boundary-4	
boundary-3	default	reverse	supplement-boundary	MATCH_DIAGNOSTIC	EXACT_EXIT_STDOUT_STDERR	NO_GENERAL_PROJECTION	CLOSED_MEASURED_BOUNDARY	csv(bytes((97,44,98,10,49,10,255)))		00_nucleo/diagnosticos/p1335-transversal-r3.json#extra/reverse/default/boundary-3	
boundary-2	default	reverse	supplement-boundary	MATCH_DIAGNOSTIC	EXACT_EXIT_STDOUT_STDERR	NO_GENERAL_PROJECTION	CLOSED_MEASURED_BOUNDARY	csv(bytes("á,😀\r\n1"))		00_nucleo/diagnosticos/p1335-transversal-r3.json#extra/reverse/default/boundary-2	
boundary-1	default	reverse	supplement-boundary	MATCH_DIAGNOSTIC	EXACT_EXIT_STDOUT_STDERR	NO_GENERAL_PROJECTION	CLOSED_MEASURED_BOUNDARY	csv(bytes("a,b\r\n1"))		00_nucleo/diagnosticos/p1335-transversal-r3.json#extra/reverse/default/boundary-1	
boundary-0	default	reverse	supplement-boundary	MATCH_DIAGNOSTIC	EXACT_EXIT_STDOUT_STDERR	NO_GENERAL_PROJECTION	CLOSED_MEASURED_BOUNDARY	csv(bytes("\"a\nb\",c\n1"))		00_nucleo/diagnosticos/p1335-transversal-r3.json#extra/reverse/default/boundary-0	
boundary-11	html	reverse	supplement-boundary	CRYSTALLINE_ONLY	EXACT_EXIT_STDOUT_STDERR	NO_GENERAL_PROJECTION	OPEN_LANGUAGE_BOUNDARY	{import calc: abs; $abs(-1)$}		00_nucleo/diagnosticos/p1335-transversal-r3.json#extra/reverse/html/boundary-11	
boundary-10	html	reverse	supplement-boundary	DIFFERENT_VALUE	EXACT_EXIT_STDOUT_STDERR	NO_GENERAL_PROJECTION	OPEN_LANGUAGE_BOUNDARY	{let f=calc.abs; $f(-1)$}		00_nucleo/diagnosticos/p1335-transversal-r3.json#extra/reverse/html/boundary-10	
boundary-9	html	reverse	supplement-boundary	DIFFERENT_VALUE	EXACT_EXIT_STDOUT_STDERR	NO_GENERAL_PROJECTION	OPEN_LANGUAGE_BOUNDARY	{let sqrt(x)=[ok]; $sqrt(1)$}		00_nucleo/diagnosticos/p1335-transversal-r3.json#extra/reverse/html/boundary-9	
boundary-8	html	reverse	supplement-boundary	DIFFERENT_VALUE	EXACT_EXIT_STDOUT_STDERR	NO_GENERAL_PROJECTION	OPEN_LANGUAGE_BOUNDARY	{let abs(x)=[ok]; $abs(1)$}		00_nucleo/diagnosticos/p1335-transversal-r3.json#extra/reverse/html/boundary-8	
boundary-7	html	reverse	supplement-boundary	MATCH_DIAGNOSTIC	EXACT_EXIT_STDOUT_STDERR	NO_GENERAL_PROJECTION	CLOSED_MEASURED_BOUNDARY	{let f(..a)=json(..a); f(42)}		00_nucleo/diagnosticos/p1335-transversal-r3.json#extra/reverse/html/boundary-7	
boundary-6	html	reverse	supplement-boundary	MATCH_DIAGNOSTIC	EXACT_EXIT_STDOUT_STDERR	NO_GENERAL_PROJECTION	CLOSED_MEASURED_BOUNDARY	{let a=arguments(42); json(..a)}		00_nucleo/diagnosticos/p1335-transversal-r3.json#extra/reverse/html/boundary-6	
boundary-5	html	reverse	supplement-boundary	MATCH_DIAGNOSTIC	EXACT_EXIT_STDOUT_STDERR	NO_GENERAL_PROJECTION	CLOSED_MEASURED_BOUNDARY	{let f=json.with(42); f()}		00_nucleo/diagnosticos/p1335-transversal-r3.json#extra/reverse/html/boundary-5	
boundary-4	html	reverse	supplement-boundary	MATCH_DIAGNOSTIC	EXACT_EXIT_STDOUT_STDERR	NO_GENERAL_PROJECTION	CLOSED_MEASURED_BOUNDARY	{let f=json; f(42)}		00_nucleo/diagnosticos/p1335-transversal-r3.json#extra/reverse/html/boundary-4	
boundary-3	html	reverse	supplement-boundary	MATCH_DIAGNOSTIC	EXACT_EXIT_STDOUT_STDERR	NO_GENERAL_PROJECTION	CLOSED_MEASURED_BOUNDARY	csv(bytes((97,44,98,10,49,10,255)))		00_nucleo/diagnosticos/p1335-transversal-r3.json#extra/reverse/html/boundary-3	
boundary-2	html	reverse	supplement-boundary	MATCH_DIAGNOSTIC	EXACT_EXIT_STDOUT_STDERR	NO_GENERAL_PROJECTION	CLOSED_MEASURED_BOUNDARY	csv(bytes("á,😀\r\n1"))		00_nucleo/diagnosticos/p1335-transversal-r3.json#extra/reverse/html/boundary-2	
boundary-1	html	reverse	supplement-boundary	MATCH_DIAGNOSTIC	EXACT_EXIT_STDOUT_STDERR	NO_GENERAL_PROJECTION	CLOSED_MEASURED_BOUNDARY	csv(bytes("a,b\r\n1"))		00_nucleo/diagnosticos/p1335-transversal-r3.json#extra/reverse/html/boundary-1	
boundary-0	html	reverse	supplement-boundary	MATCH_DIAGNOSTIC	EXACT_EXIT_STDOUT_STDERR	NO_GENERAL_PROJECTION	CLOSED_MEASURED_BOUNDARY	csv(bytes("\"a\nb\",c\n1"))		00_nucleo/diagnosticos/p1335-transversal-r3.json#extra/reverse/html/boundary-0	
boundary-11	a11y	reverse	supplement-boundary	CRYSTALLINE_ONLY	EXACT_EXIT_STDOUT_STDERR	NO_GENERAL_PROJECTION	OPEN_LANGUAGE_BOUNDARY	{import calc: abs; $abs(-1)$}		00_nucleo/diagnosticos/p1335-transversal-r3.json#extra/reverse/a11y/boundary-11	
boundary-10	a11y	reverse	supplement-boundary	DIFFERENT_VALUE	EXACT_EXIT_STDOUT_STDERR	NO_GENERAL_PROJECTION	OPEN_LANGUAGE_BOUNDARY	{let f=calc.abs; $f(-1)$}		00_nucleo/diagnosticos/p1335-transversal-r3.json#extra/reverse/a11y/boundary-10	
boundary-9	a11y	reverse	supplement-boundary	DIFFERENT_VALUE	EXACT_EXIT_STDOUT_STDERR	NO_GENERAL_PROJECTION	OPEN_LANGUAGE_BOUNDARY	{let sqrt(x)=[ok]; $sqrt(1)$}		00_nucleo/diagnosticos/p1335-transversal-r3.json#extra/reverse/a11y/boundary-9	
boundary-8	a11y	reverse	supplement-boundary	DIFFERENT_VALUE	EXACT_EXIT_STDOUT_STDERR	NO_GENERAL_PROJECTION	OPEN_LANGUAGE_BOUNDARY	{let abs(x)=[ok]; $abs(1)$}		00_nucleo/diagnosticos/p1335-transversal-r3.json#extra/reverse/a11y/boundary-8	
boundary-7	a11y	reverse	supplement-boundary	MATCH_DIAGNOSTIC	EXACT_EXIT_STDOUT_STDERR	NO_GENERAL_PROJECTION	CLOSED_MEASURED_BOUNDARY	{let f(..a)=json(..a); f(42)}		00_nucleo/diagnosticos/p1335-transversal-r3.json#extra/reverse/a11y/boundary-7	
boundary-6	a11y	reverse	supplement-boundary	MATCH_DIAGNOSTIC	EXACT_EXIT_STDOUT_STDERR	NO_GENERAL_PROJECTION	CLOSED_MEASURED_BOUNDARY	{let a=arguments(42); json(..a)}		00_nucleo/diagnosticos/p1335-transversal-r3.json#extra/reverse/a11y/boundary-6	
boundary-5	a11y	reverse	supplement-boundary	MATCH_DIAGNOSTIC	EXACT_EXIT_STDOUT_STDERR	NO_GENERAL_PROJECTION	CLOSED_MEASURED_BOUNDARY	{let f=json.with(42); f()}		00_nucleo/diagnosticos/p1335-transversal-r3.json#extra/reverse/a11y/boundary-5	
boundary-4	a11y	reverse	supplement-boundary	MATCH_DIAGNOSTIC	EXACT_EXIT_STDOUT_STDERR	NO_GENERAL_PROJECTION	CLOSED_MEASURED_BOUNDARY	{let f=json; f(42)}		00_nucleo/diagnosticos/p1335-transversal-r3.json#extra/reverse/a11y/boundary-4	
boundary-3	a11y	reverse	supplement-boundary	MATCH_DIAGNOSTIC	EXACT_EXIT_STDOUT_STDERR	NO_GENERAL_PROJECTION	CLOSED_MEASURED_BOUNDARY	csv(bytes((97,44,98,10,49,10,255)))		00_nucleo/diagnosticos/p1335-transversal-r3.json#extra/reverse/a11y/boundary-3	
boundary-2	a11y	reverse	supplement-boundary	MATCH_DIAGNOSTIC	EXACT_EXIT_STDOUT_STDERR	NO_GENERAL_PROJECTION	CLOSED_MEASURED_BOUNDARY	csv(bytes("á,😀\r\n1"))		00_nucleo/diagnosticos/p1335-transversal-r3.json#extra/reverse/a11y/boundary-2	
boundary-1	a11y	reverse	supplement-boundary	MATCH_DIAGNOSTIC	EXACT_EXIT_STDOUT_STDERR	NO_GENERAL_PROJECTION	CLOSED_MEASURED_BOUNDARY	csv(bytes("a,b\r\n1"))		00_nucleo/diagnosticos/p1335-transversal-r3.json#extra/reverse/a11y/boundary-1	
boundary-0	a11y	reverse	supplement-boundary	MATCH_DIAGNOSTIC	EXACT_EXIT_STDOUT_STDERR	NO_GENERAL_PROJECTION	CLOSED_MEASURED_BOUNDARY	csv(bytes("\"a\nb\",c\n1"))		00_nucleo/diagnosticos/p1335-transversal-r3.json#extra/reverse/a11y/boundary-0	
boundary-11	html+a11y	reverse	supplement-boundary	CRYSTALLINE_ONLY	EXACT_EXIT_STDOUT_STDERR	NO_GENERAL_PROJECTION	OPEN_LANGUAGE_BOUNDARY	{import calc: abs; $abs(-1)$}		00_nucleo/diagnosticos/p1335-transversal-r3.json#extra/reverse/html+a11y/boundary-11	
boundary-10	html+a11y	reverse	supplement-boundary	DIFFERENT_VALUE	EXACT_EXIT_STDOUT_STDERR	NO_GENERAL_PROJECTION	OPEN_LANGUAGE_BOUNDARY	{let f=calc.abs; $f(-1)$}		00_nucleo/diagnosticos/p1335-transversal-r3.json#extra/reverse/html+a11y/boundary-10	
boundary-9	html+a11y	reverse	supplement-boundary	DIFFERENT_VALUE	EXACT_EXIT_STDOUT_STDERR	NO_GENERAL_PROJECTION	OPEN_LANGUAGE_BOUNDARY	{let sqrt(x)=[ok]; $sqrt(1)$}		00_nucleo/diagnosticos/p1335-transversal-r3.json#extra/reverse/html+a11y/boundary-9	
boundary-8	html+a11y	reverse	supplement-boundary	DIFFERENT_VALUE	EXACT_EXIT_STDOUT_STDERR	NO_GENERAL_PROJECTION	OPEN_LANGUAGE_BOUNDARY	{let abs(x)=[ok]; $abs(1)$}		00_nucleo/diagnosticos/p1335-transversal-r3.json#extra/reverse/html+a11y/boundary-8	
boundary-7	html+a11y	reverse	supplement-boundary	MATCH_DIAGNOSTIC	EXACT_EXIT_STDOUT_STDERR	NO_GENERAL_PROJECTION	CLOSED_MEASURED_BOUNDARY	{let f(..a)=json(..a); f(42)}		00_nucleo/diagnosticos/p1335-transversal-r3.json#extra/reverse/html+a11y/boundary-7	
boundary-6	html+a11y	reverse	supplement-boundary	MATCH_DIAGNOSTIC	EXACT_EXIT_STDOUT_STDERR	NO_GENERAL_PROJECTION	CLOSED_MEASURED_BOUNDARY	{let a=arguments(42); json(..a)}		00_nucleo/diagnosticos/p1335-transversal-r3.json#extra/reverse/html+a11y/boundary-6	
boundary-5	html+a11y	reverse	supplement-boundary	MATCH_DIAGNOSTIC	EXACT_EXIT_STDOUT_STDERR	NO_GENERAL_PROJECTION	CLOSED_MEASURED_BOUNDARY	{let f=json.with(42); f()}		00_nucleo/diagnosticos/p1335-transversal-r3.json#extra/reverse/html+a11y/boundary-5	
boundary-4	html+a11y	reverse	supplement-boundary	MATCH_DIAGNOSTIC	EXACT_EXIT_STDOUT_STDERR	NO_GENERAL_PROJECTION	CLOSED_MEASURED_BOUNDARY	{let f=json; f(42)}		00_nucleo/diagnosticos/p1335-transversal-r3.json#extra/reverse/html+a11y/boundary-4	
boundary-3	html+a11y	reverse	supplement-boundary	MATCH_DIAGNOSTIC	EXACT_EXIT_STDOUT_STDERR	NO_GENERAL_PROJECTION	CLOSED_MEASURED_BOUNDARY	csv(bytes((97,44,98,10,49,10,255)))		00_nucleo/diagnosticos/p1335-transversal-r3.json#extra/reverse/html+a11y/boundary-3	
boundary-2	html+a11y	reverse	supplement-boundary	MATCH_DIAGNOSTIC	EXACT_EXIT_STDOUT_STDERR	NO_GENERAL_PROJECTION	CLOSED_MEASURED_BOUNDARY	csv(bytes("á,😀\r\n1"))		00_nucleo/diagnosticos/p1335-transversal-r3.json#extra/reverse/html+a11y/boundary-2	
boundary-1	html+a11y	reverse	supplement-boundary	MATCH_DIAGNOSTIC	EXACT_EXIT_STDOUT_STDERR	NO_GENERAL_PROJECTION	CLOSED_MEASURED_BOUNDARY	csv(bytes("a,b\r\n1"))		00_nucleo/diagnosticos/p1335-transversal-r3.json#extra/reverse/html+a11y/boundary-1	
boundary-0	html+a11y	reverse	supplement-boundary	MATCH_DIAGNOSTIC	EXACT_EXIT_STDOUT_STDERR	NO_GENERAL_PROJECTION	CLOSED_MEASURED_BOUNDARY	csv(bytes("\"a\nb\",c\n1"))		00_nucleo/diagnosticos/p1335-transversal-r3.json#extra/reverse/html+a11y/boundary-0	
html-legacy	route-specific	normal	warning-contract-supplement	RAW_DIFFERENCE	C_WARNING_CONTRACT_PLUS_RAW_BILATERAL	PRESERVED_C_WARNING_CONTRACT	PUBLIC_CLI_ABSENT_NO_PARITY_CREDIT	CLI capability absent; no export/warning parity claim; C warning contract separate		00_nucleo/diagnosticos/p1335-transversal-r3.json#warning/normal/html-legacy	00_nucleo/diagnosticos/p1335-cli-capability-overlay.json#normal/html-legacy
html-compile	route-specific	normal	warning-contract-supplement	RAW_EQUAL	C_WARNING_CONTRACT_PLUS_RAW_BILATERAL	PRESERVED_C_WARNING_CONTRACT	CLOSED_LITERAL_WARNING_ROUTE	Warning contract is narrower than entire command parity.		00_nucleo/diagnosticos/p1335-transversal-r3.json#warning/normal/html-compile	
html-combined	route-specific	normal	warning-contract-supplement	RAW_EQUAL	C_WARNING_CONTRACT_PLUS_RAW_BILATERAL	PRESERVED_C_WARNING_CONTRACT	CLOSED_LITERAL_WARNING_ROUTE	Warning contract is narrower than entire command parity.		00_nucleo/diagnosticos/p1335-transversal-r3.json#warning/normal/html-combined	
html-crystalline	route-specific	normal	warning-contract-supplement	NO_VANILLA	C_WARNING_CONTRACT_PLUS_RAW_BILATERAL	PRESERVED_C_WARNING_CONTRACT	CRYSTALLINE_ONLY_CONTROL	Crystalline serializer control only.		00_nucleo/diagnosticos/p1335-transversal-r3.json#warning/normal/html-crystalline	
html-vanilla	route-specific	normal	warning-contract-supplement	NO_VANILLA	C_WARNING_CONTRACT_PLUS_RAW_BILATERAL	PRESERVED_C_WARNING_CONTRACT	CRYSTALLINE_ONLY_CONTROL	Crystalline serializer control only.		00_nucleo/diagnosticos/p1335-transversal-r3.json#warning/normal/html-vanilla	
gate-default	route-specific	normal	warning-contract-supplement	RAW_EQUAL	C_WARNING_CONTRACT_PLUS_RAW_BILATERAL	PRESERVED_C_WARNING_CONTRACT	CLOSED_LITERAL_WARNING_ROUTE	Warning contract is narrower than entire command parity.		00_nucleo/diagnosticos/p1335-transversal-r3.json#warning/normal/gate-default	
gate-a11y-only	route-specific	normal	warning-contract-supplement	RAW_EQUAL	C_WARNING_CONTRACT_PLUS_RAW_BILATERAL	PRESERVED_C_WARNING_CONTRACT	CLOSED_LITERAL_WARNING_ROUTE	Warning contract is narrower than entire command parity.		00_nucleo/diagnosticos/p1335-transversal-r3.json#warning/normal/gate-a11y-only	
html-error-order	route-specific	normal	warning-contract-supplement	RAW_DIFFERENCE	C_WARNING_CONTRACT_PLUS_RAW_BILATERAL	PRESERVED_C_WARNING_CONTRACT	OPEN_LANGUAGE_DIAGNOSTIC	Both retain three hints; C WARNING→ERROR and V ERROR→WARNING. P1323 preserves C timing explicitly; residual, not reopened closure.	html-warning-error-order	00_nucleo/diagnosticos/p1335-transversal-r3.json#warning/normal/html-error-order	
preserve-pdf	route-specific	normal	warning-contract-supplement	RAW_DIFFERENCE	C_WARNING_CONTRACT_PLUS_RAW_BILATERAL	PRESERVED_C_WARNING_CONTRACT	PUBLIC_CLI_ABSENT_NO_PARITY_CREDIT	CLI capability absent; no export/warning parity claim; C warning contract separate		00_nucleo/diagnosticos/p1335-transversal-r3.json#warning/normal/preserve-pdf	00_nucleo/diagnosticos/p1335-cli-capability-overlay.json#normal/preserve-pdf
preserve-png	route-specific	normal	warning-contract-supplement	RAW_EQUAL	C_WARNING_CONTRACT_PLUS_RAW_BILATERAL	PRESERVED_C_WARNING_CONTRACT	CLOSED_LITERAL_WARNING_ROUTE	Warning contract is narrower than entire command parity.		00_nucleo/diagnosticos/p1335-transversal-r3.json#warning/normal/preserve-png	
preserve-svg	route-specific	normal	warning-contract-supplement	RAW_EQUAL	C_WARNING_CONTRACT_PLUS_RAW_BILATERAL	PRESERVED_C_WARNING_CONTRACT	CLOSED_LITERAL_WARNING_ROUTE	Warning contract is narrower than entire command parity.		00_nucleo/diagnosticos/p1335-transversal-r3.json#warning/normal/preserve-svg	
query-file	route-specific	normal	warning-contract-supplement	RAW_DIFFERENCE	C_WARNING_CONTRACT_PLUS_RAW_BILATERAL	PRESERVED_C_WARNING_CONTRACT	OPEN_LANGUAGE_DIAGNOSTIC	Warning contract is narrower than entire command parity.		00_nucleo/diagnosticos/p1335-transversal-r3.json#warning/normal/query-file	
query-stdin	route-specific	normal	warning-contract-supplement	RAW_DIFFERENCE	C_WARNING_CONTRACT_PLUS_RAW_BILATERAL	PRESERVED_C_WARNING_CONTRACT	OPEN_LANGUAGE_DIAGNOSTIC	Warning contract is narrower than entire command parity.		00_nucleo/diagnosticos/p1335-transversal-r3.json#warning/normal/query-stdin	
eval	route-specific	normal	warning-contract-supplement	RAW_EQUAL	C_WARNING_CONTRACT_PLUS_RAW_BILATERAL	PRESERVED_C_WARNING_CONTRACT	CLOSED_LITERAL_WARNING_ROUTE	Warning contract is narrower than entire command parity.		00_nucleo/diagnosticos/p1335-transversal-r3.json#warning/normal/eval	
help	route-specific	normal	warning-contract-supplement	RAW_DIFFERENCE	C_WARNING_CONTRACT_PLUS_RAW_BILATERAL	PRESERVED_C_WARNING_CONTRACT	OPEN_LANGUAGE_DIAGNOSTIC	Warning contract is narrower than entire command parity.		00_nucleo/diagnosticos/p1335-transversal-r3.json#warning/normal/help	
html-legacy	route-specific	repeat	warning-contract-supplement	RAW_DIFFERENCE	C_WARNING_CONTRACT_PLUS_RAW_BILATERAL	PRESERVED_C_WARNING_CONTRACT	PUBLIC_CLI_ABSENT_NO_PARITY_CREDIT	CLI capability absent; no export/warning parity claim; C warning contract separate		00_nucleo/diagnosticos/p1335-transversal-r3.json#warning/repeat/html-legacy	00_nucleo/diagnosticos/p1335-cli-capability-overlay.json#repeat/html-legacy
html-compile	route-specific	repeat	warning-contract-supplement	RAW_EQUAL	C_WARNING_CONTRACT_PLUS_RAW_BILATERAL	PRESERVED_C_WARNING_CONTRACT	CLOSED_LITERAL_WARNING_ROUTE	Warning contract is narrower than entire command parity.		00_nucleo/diagnosticos/p1335-transversal-r3.json#warning/repeat/html-compile	
html-combined	route-specific	repeat	warning-contract-supplement	RAW_EQUAL	C_WARNING_CONTRACT_PLUS_RAW_BILATERAL	PRESERVED_C_WARNING_CONTRACT	CLOSED_LITERAL_WARNING_ROUTE	Warning contract is narrower than entire command parity.		00_nucleo/diagnosticos/p1335-transversal-r3.json#warning/repeat/html-combined	
html-crystalline	route-specific	repeat	warning-contract-supplement	NO_VANILLA	C_WARNING_CONTRACT_PLUS_RAW_BILATERAL	PRESERVED_C_WARNING_CONTRACT	CRYSTALLINE_ONLY_CONTROL	Crystalline serializer control only.		00_nucleo/diagnosticos/p1335-transversal-r3.json#warning/repeat/html-crystalline	
html-vanilla	route-specific	repeat	warning-contract-supplement	NO_VANILLA	C_WARNING_CONTRACT_PLUS_RAW_BILATERAL	PRESERVED_C_WARNING_CONTRACT	CRYSTALLINE_ONLY_CONTROL	Crystalline serializer control only.		00_nucleo/diagnosticos/p1335-transversal-r3.json#warning/repeat/html-vanilla	
gate-default	route-specific	repeat	warning-contract-supplement	RAW_EQUAL	C_WARNING_CONTRACT_PLUS_RAW_BILATERAL	PRESERVED_C_WARNING_CONTRACT	CLOSED_LITERAL_WARNING_ROUTE	Warning contract is narrower than entire command parity.		00_nucleo/diagnosticos/p1335-transversal-r3.json#warning/repeat/gate-default	
gate-a11y-only	route-specific	repeat	warning-contract-supplement	RAW_EQUAL	C_WARNING_CONTRACT_PLUS_RAW_BILATERAL	PRESERVED_C_WARNING_CONTRACT	CLOSED_LITERAL_WARNING_ROUTE	Warning contract is narrower than entire command parity.		00_nucleo/diagnosticos/p1335-transversal-r3.json#warning/repeat/gate-a11y-only	
html-error-order	route-specific	repeat	warning-contract-supplement	RAW_DIFFERENCE	C_WARNING_CONTRACT_PLUS_RAW_BILATERAL	PRESERVED_C_WARNING_CONTRACT	OPEN_LANGUAGE_DIAGNOSTIC	Both retain three hints; C WARNING→ERROR and V ERROR→WARNING. P1323 preserves C timing explicitly; residual, not reopened closure.	html-warning-error-order	00_nucleo/diagnosticos/p1335-transversal-r3.json#warning/repeat/html-error-order	
preserve-pdf	route-specific	repeat	warning-contract-supplement	RAW_DIFFERENCE	C_WARNING_CONTRACT_PLUS_RAW_BILATERAL	PRESERVED_C_WARNING_CONTRACT	PUBLIC_CLI_ABSENT_NO_PARITY_CREDIT	CLI capability absent; no export/warning parity claim; C warning contract separate		00_nucleo/diagnosticos/p1335-transversal-r3.json#warning/repeat/preserve-pdf	00_nucleo/diagnosticos/p1335-cli-capability-overlay.json#repeat/preserve-pdf
preserve-png	route-specific	repeat	warning-contract-supplement	RAW_EQUAL	C_WARNING_CONTRACT_PLUS_RAW_BILATERAL	PRESERVED_C_WARNING_CONTRACT	CLOSED_LITERAL_WARNING_ROUTE	Warning contract is narrower than entire command parity.		00_nucleo/diagnosticos/p1335-transversal-r3.json#warning/repeat/preserve-png	
preserve-svg	route-specific	repeat	warning-contract-supplement	RAW_EQUAL	C_WARNING_CONTRACT_PLUS_RAW_BILATERAL	PRESERVED_C_WARNING_CONTRACT	CLOSED_LITERAL_WARNING_ROUTE	Warning contract is narrower than entire command parity.		00_nucleo/diagnosticos/p1335-transversal-r3.json#warning/repeat/preserve-svg	
query-file	route-specific	repeat	warning-contract-supplement	RAW_DIFFERENCE	C_WARNING_CONTRACT_PLUS_RAW_BILATERAL	PRESERVED_C_WARNING_CONTRACT	OPEN_LANGUAGE_DIAGNOSTIC	Warning contract is narrower than entire command parity.		00_nucleo/diagnosticos/p1335-transversal-r3.json#warning/repeat/query-file	
query-stdin	route-specific	repeat	warning-contract-supplement	RAW_DIFFERENCE	C_WARNING_CONTRACT_PLUS_RAW_BILATERAL	PRESERVED_C_WARNING_CONTRACT	OPEN_LANGUAGE_DIAGNOSTIC	Warning contract is narrower than entire command parity.		00_nucleo/diagnosticos/p1335-transversal-r3.json#warning/repeat/query-stdin	
eval	route-specific	repeat	warning-contract-supplement	RAW_EQUAL	C_WARNING_CONTRACT_PLUS_RAW_BILATERAL	PRESERVED_C_WARNING_CONTRACT	CLOSED_LITERAL_WARNING_ROUTE	Warning contract is narrower than entire command parity.		00_nucleo/diagnosticos/p1335-transversal-r3.json#warning/repeat/eval	
help	route-specific	repeat	warning-contract-supplement	RAW_DIFFERENCE	C_WARNING_CONTRACT_PLUS_RAW_BILATERAL	PRESERVED_C_WARNING_CONTRACT	OPEN_LANGUAGE_DIAGNOSTIC	Warning contract is narrower than entire command parity.		00_nucleo/diagnosticos/p1335-transversal-r3.json#warning/repeat/help	
help	route-specific	reverse	warning-contract-supplement	RAW_DIFFERENCE	C_WARNING_CONTRACT_PLUS_RAW_BILATERAL	PRESERVED_C_WARNING_CONTRACT	OPEN_LANGUAGE_DIAGNOSTIC	Warning contract is narrower than entire command parity.		00_nucleo/diagnosticos/p1335-transversal-r3.json#warning/reverse/help	
eval	route-specific	reverse	warning-contract-supplement	RAW_EQUAL	C_WARNING_CONTRACT_PLUS_RAW_BILATERAL	PRESERVED_C_WARNING_CONTRACT	CLOSED_LITERAL_WARNING_ROUTE	Warning contract is narrower than entire command parity.		00_nucleo/diagnosticos/p1335-transversal-r3.json#warning/reverse/eval	
query-stdin	route-specific	reverse	warning-contract-supplement	RAW_DIFFERENCE	C_WARNING_CONTRACT_PLUS_RAW_BILATERAL	PRESERVED_C_WARNING_CONTRACT	OPEN_LANGUAGE_DIAGNOSTIC	Warning contract is narrower than entire command parity.		00_nucleo/diagnosticos/p1335-transversal-r3.json#warning/reverse/query-stdin	
query-file	route-specific	reverse	warning-contract-supplement	RAW_DIFFERENCE	C_WARNING_CONTRACT_PLUS_RAW_BILATERAL	PRESERVED_C_WARNING_CONTRACT	OPEN_LANGUAGE_DIAGNOSTIC	Warning contract is narrower than entire command parity.		00_nucleo/diagnosticos/p1335-transversal-r3.json#warning/reverse/query-file	
preserve-svg	route-specific	reverse	warning-contract-supplement	RAW_EQUAL	C_WARNING_CONTRACT_PLUS_RAW_BILATERAL	PRESERVED_C_WARNING_CONTRACT	CLOSED_LITERAL_WARNING_ROUTE	Warning contract is narrower than entire command parity.		00_nucleo/diagnosticos/p1335-transversal-r3.json#warning/reverse/preserve-svg	
preserve-png	route-specific	reverse	warning-contract-supplement	RAW_EQUAL	C_WARNING_CONTRACT_PLUS_RAW_BILATERAL	PRESERVED_C_WARNING_CONTRACT	CLOSED_LITERAL_WARNING_ROUTE	Warning contract is narrower than entire command parity.		00_nucleo/diagnosticos/p1335-transversal-r3.json#warning/reverse/preserve-png	
preserve-pdf	route-specific	reverse	warning-contract-supplement	RAW_DIFFERENCE	C_WARNING_CONTRACT_PLUS_RAW_BILATERAL	PRESERVED_C_WARNING_CONTRACT	PUBLIC_CLI_ABSENT_NO_PARITY_CREDIT	CLI capability absent; no export/warning parity claim; C warning contract separate		00_nucleo/diagnosticos/p1335-transversal-r3.json#warning/reverse/preserve-pdf	00_nucleo/diagnosticos/p1335-cli-capability-overlay.json#reverse/preserve-pdf
html-error-order	route-specific	reverse	warning-contract-supplement	RAW_DIFFERENCE	C_WARNING_CONTRACT_PLUS_RAW_BILATERAL	PRESERVED_C_WARNING_CONTRACT	OPEN_LANGUAGE_DIAGNOSTIC	Both retain three hints; C WARNING→ERROR and V ERROR→WARNING. P1323 preserves C timing explicitly; residual, not reopened closure.	html-warning-error-order	00_nucleo/diagnosticos/p1335-transversal-r3.json#warning/reverse/html-error-order	
gate-a11y-only	route-specific	reverse	warning-contract-supplement	RAW_EQUAL	C_WARNING_CONTRACT_PLUS_RAW_BILATERAL	PRESERVED_C_WARNING_CONTRACT	CLOSED_LITERAL_WARNING_ROUTE	Warning contract is narrower than entire command parity.		00_nucleo/diagnosticos/p1335-transversal-r3.json#warning/reverse/gate-a11y-only	
gate-default	route-specific	reverse	warning-contract-supplement	RAW_EQUAL	C_WARNING_CONTRACT_PLUS_RAW_BILATERAL	PRESERVED_C_WARNING_CONTRACT	CLOSED_LITERAL_WARNING_ROUTE	Warning contract is narrower than entire command parity.		00_nucleo/diagnosticos/p1335-transversal-r3.json#warning/reverse/gate-default	
html-vanilla	route-specific	reverse	warning-contract-supplement	NO_VANILLA	C_WARNING_CONTRACT_PLUS_RAW_BILATERAL	PRESERVED_C_WARNING_CONTRACT	CRYSTALLINE_ONLY_CONTROL	Crystalline serializer control only.		00_nucleo/diagnosticos/p1335-transversal-r3.json#warning/reverse/html-vanilla	
html-crystalline	route-specific	reverse	warning-contract-supplement	NO_VANILLA	C_WARNING_CONTRACT_PLUS_RAW_BILATERAL	PRESERVED_C_WARNING_CONTRACT	CRYSTALLINE_ONLY_CONTROL	Crystalline serializer control only.		00_nucleo/diagnosticos/p1335-transversal-r3.json#warning/reverse/html-crystalline	
html-combined	route-specific	reverse	warning-contract-supplement	RAW_EQUAL	C_WARNING_CONTRACT_PLUS_RAW_BILATERAL	PRESERVED_C_WARNING_CONTRACT	CLOSED_LITERAL_WARNING_ROUTE	Warning contract is narrower than entire command parity.		00_nucleo/diagnosticos/p1335-transversal-r3.json#warning/reverse/html-combined	
html-compile	route-specific	reverse	warning-contract-supplement	RAW_EQUAL	C_WARNING_CONTRACT_PLUS_RAW_BILATERAL	PRESERVED_C_WARNING_CONTRACT	CLOSED_LITERAL_WARNING_ROUTE	Warning contract is narrower than entire command parity.		00_nucleo/diagnosticos/p1335-transversal-r3.json#warning/reverse/html-compile	
html-legacy	route-specific	reverse	warning-contract-supplement	RAW_DIFFERENCE	C_WARNING_CONTRACT_PLUS_RAW_BILATERAL	PRESERVED_C_WARNING_CONTRACT	PUBLIC_CLI_ABSENT_NO_PARITY_CREDIT	CLI capability absent; no export/warning parity claim; C warning contract separate		00_nucleo/diagnosticos/p1335-transversal-r3.json#warning/reverse/html-legacy	00_nucleo/diagnosticos/p1335-cli-capability-overlay.json#reverse/html-legacy
