# base_commit	e5d0ca402a21ae19ad2dfab64ad0b5960623bd6b
path	bytes	git_blob_sha1	sha256	grupo	motivo
00_nucleo/diagnosticos/p1328-cli-normal.json	1428472	e12fe283831ca3bec980ce728a1f343d01b1f03c	4b039c33d34c7858bfd55d22b91effc35762909ba58856c469d4f8c7faa27926	A	derived_blob_ge_1MiB
00_nucleo/diagnosticos/p1328-cli-repeat.json	1428572	93a267d39e279c93bda4394596ce9057b4781219	71f8bdc7086210670ad7a45a03c03b3a59c7eca2c6c5b4fe8c21a94b6bc73bfb	A	derived_blob_ge_1MiB
00_nucleo/diagnosticos/p1328-cli-reverse.json	1428707	07633bbbd1154229eba70dd44a955e807c56fc71	cf9fdd575d4e6efda896db19a3bd3e9ee309e30cee689212f62268a8a179687a	A	derived_blob_ge_1MiB
00_nucleo/diagnosticos/p1328-final-build.json	1462384	57514dc1b34c07228f330a97fb033147aa63c8d6	a0b5b2a457a6f7991a1d223b71fa698c243b39388b9afb5a1c6fdd83b7a43487	A	derived_blob_ge_1MiB
00_nucleo/diagnosticos/p1328-final-diff-check.json	1427537	39649cdbf1b904f377fc39619cf26e6b4554803d	74462001a71add9790a1cd2935f246bdbf5420df0db4032e5609b572c99cef14	A	derived_blob_ge_1MiB
00_nucleo/diagnosticos/p1328-final-fmt.json	1427360	1d6ef8862b1defb90fa82bee3a32865c3f7eddc2	e8b3777a6ab960605d16afbe4f3025402d0e1ebe83b1c1c20f645a4119735ce5	A	derived_blob_ge_1MiB
00_nucleo/diagnosticos/p1328-final-lineage-lint.json	1427833	548fbf4a7dff8671c0847056f9f4f6c2048335b2	f84440b8f67336ad93415e635942edddba0a2109b09f61f9df8705093c627956	A	derived_blob_ge_1MiB
00_nucleo/diagnosticos/p1328-final-lineage.json	1427842	ba65d3df5eab4221656c1a698bd9868644b3609f	5bdd761928955025e051f56e7daf7d9a7d1218381191ae984b2b18fabba8d18f	A	derived_blob_ge_1MiB
00_nucleo/diagnosticos/p1328-final-lint.json	1716307	f64605bc8b5f236083b448a92b769ac2b586de2e	4e72f615d8c14798c1b8fb09e1920fac895593c6e819a9aa659af737a9d85913	A	derived_blob_ge_1MiB
00_nucleo/diagnosticos/p1328-integrated-fmt-r2.json	1424694	0eba4d2abb01953eaa401480460bb6e9a73db565	e9645649ddc3d22dacddeb462b9e0542c642fc0460a592203816e42f4819e742	A	derived_blob_ge_1MiB
00_nucleo/diagnosticos/p1328-integrated-fmt.json	1424312	672f8f50ba280b9425c7ea45b7cea5535227f6fe	0639ed09b3fdad1581902ddad073122f2668a1af3e12effc32a2bf499831ac30	A	derived_blob_ge_1MiB
00_nucleo/diagnosticos/p1328-l0-dry-run.json	1390147	1602d22405acb59de0d0bd2e48695dcf23393bac	696ac9ae9f6e2837f1164d67eb9397204a5d4a15746d2f465f795d8a232d8d0e	A	derived_blob_ge_1MiB
00_nucleo/diagnosticos/p1328-l0-preflight.json	1390188	52f5b00b07b25fb0c72362244618b26c8deb3cd7	a2e3bea5d3d7dbb4e42d5d35b47cf77821439bf5404d7a829e6e05e91a3789da	A	derived_blob_ge_1MiB
00_nucleo/diagnosticos/p1328-l0-reseal.json	1390835	0260afa8319180687249b5e81ef89c3dacc43fa3	cdbd09d8cac29b1d0aa875d1df5b9b7d3db3b0d07b253dad13696d1af7f1f3fa	A	derived_blob_ge_1MiB
00_nucleo/diagnosticos/p1328-test-integration-r2.json	1425028	17e6583182ba6377022d30c3129239c4b619fb21	12657ee617b6d431e6b03750f503d7e69c72c5ebd71725434183c3fe2db302c6	A	derived_blob_ge_1MiB
00_nucleo/diagnosticos/p1328-test-integration.json	1408405	6bb93bbead7c48e9923ba2013f5661d289a8c350	7fad50c6f00585775501b573efcafb84a21f55cadf0683bc1d7505b82eb50218	A	derived_blob_ge_1MiB
00_nucleo/diagnosticos/p1328-unit-green.json	1652551	3abb937c5d50e0ccc1d175a3c19dd221906c1ba2	12f232f4fd3764703a6fba9d205e07bd034ae4b6544c8e86462728502dd4c12e	A	derived_blob_ge_1MiB
00_nucleo/diagnosticos/p1328-unit-red-r2.json	1652281	13ec4fd9390d67d3299635e49db4e34815febc9b	de861453a8b18d1638d71468b5cdc754a84090c3af7203a8baba69c578a790dd	A	derived_blob_ge_1MiB
00_nucleo/diagnosticos/p1328-unit-red.json	1651380	acff08f085a00cfbfd99a6ba7c440df388a2456f	c58b10fb50c0ef95a658f0e520add9b18ec791660ecbd234fe98a5e53b89dfb3	A	derived_blob_ge_1MiB
00_nucleo/diagnosticos/p1328-workspace-tests.json	2233006	0a8abae1bf48f16efab51986ee5d5619dcc798e1	fc940d1a7b776ddc004f4de1ae8efb2ecfca29b5370b16af098e56c722d3ae3b	A	derived_blob_ge_1MiB
00_nucleo/diagnosticos/p1329-cli-normal.json	1493344	64e421dc9a459e70ab48aa40ed954a54ccde31dc	2fdc16db0cc481f4c9bb2b2f59f51fdd556967ead14666d1e08daa8442e96fca	A	derived_blob_ge_1MiB
00_nucleo/diagnosticos/p1329-cli-repeat.json	1493445	3feb8c6e25c4163b5d3654ec264448b31ef6fe77	b6e628853a1a0647b60cd9a20f9a8d578cfca2305b43a7adf458bcbddee38d31	A	derived_blob_ge_1MiB
00_nucleo/diagnosticos/p1329-cli-reverse.json	1493579	bd99b245eca0d8eefa6dde65b2f342f44728126b	fbfcc405f7ab5e0788eb21c3a4848b448886586c61603e6428409ba16a3ba934	A	derived_blob_ge_1MiB
00_nucleo/diagnosticos/p1329-domain-final.json	1503015	56c28e0cff887d1ebf3e864f1a03a4da1579d4e4	0b0d4d99479590f9a57f259f92821103b8de549081a9e6a13ad2a2e816565717	A	derived_blob_ge_1MiB
00_nucleo/diagnosticos/p1329-final-build.json	1527202	3f847049bb748533bd8dc8c74c772517607c0a0f	8b49f8bb945d62187f0c71ad30efef3582aadd5a4898c51e239893bd5c022271	A	derived_blob_ge_1MiB
00_nucleo/diagnosticos/p1329-final-diff-check.json	1492355	7ec7ca05383765c183c5d7c5e3e1b7082f569595	f46d7631280cb61c4578273616ba2caa0a2ee8c90d07506f36c7b2b6bda966f9	A	derived_blob_ge_1MiB
00_nucleo/diagnosticos/p1329-final-fmt.json	1492179	ee5a5d38df8a5fb76207c13bd909b5acb18e1a83	bdb9fd3fec2f1e92a615691e8900c90ec84815e135bb62db29da72c91e63abf3	A	derived_blob_ge_1MiB
00_nucleo/diagnosticos/p1329-final-lineage-lint.json	1492652	2a6f9c57ad5e3ea72bb61c4c9226c31bec342ced	87c9c6a15769d668631612b5541e40030cde157bac0e016a3106c8746f7d47ee	A	derived_blob_ge_1MiB
00_nucleo/diagnosticos/p1329-final-lineage.json	1492661	abc5fd6d461ad8ec3f66c0315805c845a8def068	106fa4f6dfe3afeb199155b86529a05ac7a3b913585ee354a0575f58539c4cc8	A	derived_blob_ge_1MiB
00_nucleo/diagnosticos/p1329-final-lint.json	1781715	c7b98ec4d5c3499174514144fc7d804c92643327	d2f40499bfe78e0e55fcc3319aaf915665cee2ba2d996f5b8ddd6e3348596d1d	A	derived_blob_ge_1MiB
00_nucleo/diagnosticos/p1329-integrated-fmt.json	1488781	2f452c1fc32089dc7844e16405e0bd146fe2c6a0	b59616e89e0fed7f9eebd577464571d90f2cd6465d21716e728a71edc0ba1bbc	A	derived_blob_ge_1MiB
00_nucleo/diagnosticos/p1329-l0-dry-run.json	1444666	a342c76ad7dbec3af07ea84cb87278d78a74d27f	daf653227a05e58f9951ab119d8bebc698dc4eb3b51cd271497afa1a017341f5	A	derived_blob_ge_1MiB
00_nucleo/diagnosticos/p1329-l0-preflight.json	1444475	dc7b0dd6b46df3f73eb57b58f15eabf5242273db	736f74701e79cd98a66a6f3defbd7306d444f61f42d37a74680e45d592dc054b	A	derived_blob_ge_1MiB
00_nucleo/diagnosticos/p1329-l0-r2-dry-run.json	1449968	202ea27752910dc2a6aab3f68b5d292c1c44e517	7a3b0b159a3c690f45c728c5b53264a7cefff75c4031760f67fdcb98e239357a	A	derived_blob_ge_1MiB
00_nucleo/diagnosticos/p1329-l0-r2-reseal.json	1450099	c2b629dcf313b7366adf1d24ec500da699bd3825	3e514881e81f042ecff2d726ad6a351bf7c3fd76fa17e37692d74c557f11e4e7	A	derived_blob_ge_1MiB
00_nucleo/diagnosticos/p1329-l0-reseal.json	1444899	e67daf9e6b156df09bd7d448ba6209056bd70cc1	8d68a831d679359d50e643200cfeb43f4de28125cae46c765e145f02660d0846	A	derived_blob_ge_1MiB
00_nucleo/diagnosticos/p1329-nan-domain-probe.json	1455473	78328f1fa152d65ad9247f6c1f8d0faaf1890df1	f7e3d42483cde115df3ced834c79d5be338045c354461c4aa9dd8c1032f3796f	A	derived_blob_ge_1MiB
00_nucleo/diagnosticos/p1329-test-integration.json	1470138	bc3b298821814339e0e151609ab4964e4cd24083	338d6db6ef72a5b09b1014c4a91d18f7c540c479271c8e8a483aaaa454b77e1c	A	derived_blob_ge_1MiB
00_nucleo/diagnosticos/p1329-unit-green.json	1718309	56e40a33cac5a30bf45daed8d8d93807117419d4	25888e173873f9a8bb3a4a6d58e8e741aa19112ca6e4f53b412205dbf2be0cfd	A	derived_blob_ge_1MiB
00_nucleo/diagnosticos/p1329-unit-red.json	1717956	0d57b9ac34d810c37f0eceb050aff55bb8c8fae3	a675be4c1a0811e80735cfa6554e5f94ea86a0bcf1dc62d353794e3620c632ad	A	derived_blob_ge_1MiB
00_nucleo/diagnosticos/p1329-workspace-tests.json	2298690	a656fe5ace06c5dc0aa40cda558cbb6a6052a87a	14ac6ecdf719629aeb49714eaddd3ca5efa3df34a8da67276bad76405a484219	A	derived_blob_ge_1MiB
00_nucleo/diagnosticos/p1330-cli-normal.json	1543553	e4c8e20cc0d5b271cb399b51b73f0a06da3e4721	ff70d1c9e3255139b1e9b58ce5e22df9e1ec58915e46c409773f9183e400de60	A	derived_blob_ge_1MiB
00_nucleo/diagnosticos/p1330-cli-repeat.json	1543654	3adafef445820d8ad607a6b8ce2ecc72b4f5c254	a47d836af7532e3e612722e9ef225ef71d086b351a53255cecb4b4b262b43363	A	derived_blob_ge_1MiB
00_nucleo/diagnosticos/p1330-cli-reverse.json	1543788	20146d15936a7a22d13f4c1ad59d0edbfd5d6971	406d02acea8a8a09f5ed651b963655b6acc7d78a7b539fbeadc74fe56f031839	A	derived_blob_ge_1MiB
00_nucleo/diagnosticos/p1330-final-build.json	1576971	b10f95d9ec09ae6984ee53ba20e367a66e6714eb	c587ed90528cfeb204c0eca2e08ce29e4058935f4de00bb62bfe776d3e5e68d9	A	derived_blob_ge_1MiB
00_nucleo/diagnosticos/p1330-final-diff-check.json	1543027	2c2fd64958d52254149f2b7e7ebf00edf96d85c9	4a19f03472060c99a46120a90aad3d9f371b679e07b3df88df7f153653f177b2	A	derived_blob_ge_1MiB
00_nucleo/diagnosticos/p1330-final-fmt-resealed.json	1542822	72d2d7e07aee519711d94869443a94886037763c	12714ff760f021c6401d8c4fc71fcd3f7dad9313e4a186e05c1c311fcdae0392	A	derived_blob_ge_1MiB
00_nucleo/diagnosticos/p1330-final-fmt.json	1542003	0fd79ccb149f3fd597639a5c81f975018ca7cbe4	609d758be04f74ab19783cbafab9dc098b6e83f984bdb03f9068ecafb83e1425	A	derived_blob_ge_1MiB
00_nucleo/diagnosticos/p1330-final-lineage-lint.json	1543002	f9a295473d63d036947ef0293d5185b72f072fd7	92adcc952f47ac82e57fe8cc593a316bb3d69cdf344f1293d778f554a0ec2e66	A	derived_blob_ge_1MiB
00_nucleo/diagnosticos/p1330-final-lineage.json	1542708	7e7001cedaaf8f53e9a30c9560cf897ef08976fd	2f33b2d795115ac5e546635576d8a4ad7ced1db8cb19a2d55374401cf006eff0	A	derived_blob_ge_1MiB
00_nucleo/diagnosticos/p1330-final-lint.json	2500835	e0d5e331aadf68f3366d638c25af4d925b8de583	e55256d2c4ae9f5c3291a3c5961b327529a98b0afe4bbdf317aeabe9cb91da28	A	derived_blob_ge_1MiB
00_nucleo/diagnosticos/p1330-final-unit-green.json	1768861	6ed235105a056b9b953e27ef68ff6c1abfe1db61	638fb32157f0d70252f089d39578da82fbb587b7f8c01568e0f846e00e33766a	A	derived_blob_ge_1MiB
00_nucleo/diagnosticos/p1330-integrated-fmt.json	1540432	f38cad94dc8704829120dfac65da77cc2526abd6	06ac0192fb53cf6deb07b9efe6749ccd05143b606050068c659342dff81a06eb	A	derived_blob_ge_1MiB
00_nucleo/diagnosticos/p1330-l0-dry-run.json	1504645	0616e2ed725737427e6bcda378bf6d2371a327a4	0532fcdc742f586ddaebd55f5405c3e4f73f94dc5acbd29dfc94d1f63089efcc	A	derived_blob_ge_1MiB
00_nucleo/diagnosticos/p1330-l0-preflight.json	1504454	179bb29b7662bdeda1031a97c8f964d01269be26	65443b4367f9d255474853328c0bef9b1fe5e90bdab6677d9d61baa19e7cb08f	A	derived_blob_ge_1MiB
00_nucleo/diagnosticos/p1330-l0-r2-reseal.json	1505605	19f9ec1bb2e54d2850d5f4d92af289c8978e78f0	eef5dacf30d0d3dcd6f2c958dc7d5e28bfccc747fd702d54123369d8bb67970a	A	derived_blob_ge_1MiB
00_nucleo/diagnosticos/p1330-l0-reseal.json	1504990	9859c1efe3e580ababf2e9a3539d1901282dc8b1	fa9cbce3ede9bf64234c41a19148bb82ab0b9516f924b8bd73bb1bf20d97c315	A	derived_blob_ge_1MiB
00_nucleo/diagnosticos/p1330-test-integration.json	1540946	edde422e693d434cfc443035fab59422392821bf	9dd3daab105e0bd492299fe384de60dcae2773d69a00560cd23502e3fb934d9d	A	derived_blob_ge_1MiB
00_nucleo/diagnosticos/p1330-unit-green.json	1768789	a3f1e9fe59326d0e47841e6d7df7162a380ce0c4	73bed500fb3507fee378861532fddf285fb98fc7bac777d7134ace7fadcb81a9	A	derived_blob_ge_1MiB
00_nucleo/diagnosticos/p1330-unit-red.json	1769503	dac4040e45259791635eee584771fcd41092f967	faab6eada818a22c59f0679a0073eb5a24444b869168d157521d21d3e280ac7c	A	derived_blob_ge_1MiB
00_nucleo/diagnosticos/p1330-workspace-tests.json	2349655	417bb968de5d7f8cb86ef794e09c988478ce2e6e	44b3297431bf29c1557009446742214c62569d3a97e5988d7a226e9ded90a5a1	A	derived_blob_ge_1MiB
00_nucleo/diagnosticos/p1331-cli-normal-r2.json	1605925	d79f8e584a90c529acb516276401de93844d5d6f	2ed90c6ea56f383ab91afebc20ebad07b0dbe233b1c378daa6bcd4704675345b	A	derived_blob_ge_1MiB
00_nucleo/diagnosticos/p1331-cli-repeat-r2.json	1606032	eff5ed2f7ea7a6e5230afe3ab35f2baa93f5d54a	07adfc99135ae7452b1e5ca5a9c246bf83730e4a9db71d24c0f18d83bcea2400	A	derived_blob_ge_1MiB
00_nucleo/diagnosticos/p1331-cli-reverse-r2.json	1606172	ec300ad8f920b990f655f30c7c2e79e52168cf07	a4adc48d4dc5e474d2bf3abc559c26df4e8bf2f5940d87e60d5d3e4e1383005d	A	derived_blob_ge_1MiB
00_nucleo/diagnosticos/p1331-code-reseal-r2.json	1604433	1e3ab919a5737a669d0d7c189c2dcb8a945110e2	5df554123dc98a03f37dcb1251b6e2ebf6653758953f41520f75d8154192339e	A	derived_blob_ge_1MiB
00_nucleo/diagnosticos/p1331-code-reseal.json	1598394	c3035c935ca844195781c3a1bb6b9d3c3ff07912	97517022a701fc6b91fe5beaa2b2aedb12e881af22a3f86746c6018c63a3d8c9	A	derived_blob_ge_1MiB
00_nucleo/diagnosticos/p1331-final-build-r2.json	1639540	a6fab2f10e7237fab25476e836d1a1d3a647d4d0	68a35561c70b3090f0c2dc1324d61afe6f82f57ad026c48e0b04e1074b3c88b0	A	derived_blob_ge_1MiB
00_nucleo/diagnosticos/p1331-final-diff-check-r2.json	1605159	1b9fab5231781a8803d30e8fde88d7a35a73e47b	f73bf0d06fafe9fd0f06cee4db6057803449d52d4be3676c89327bcf912aa71f	A	derived_blob_ge_1MiB
00_nucleo/diagnosticos/p1331-final-diff-check.json	1599044	5cb691c03369f4a0da5deecebe72b7e2f36f30f8	b2a5f9fcf76ad8699af07feff08ecd4cbaf2967d33916e396807362067fc849c	A	derived_blob_ge_1MiB
00_nucleo/diagnosticos/p1331-final-fmt-r2.json	1604916	2d378c63a4772b899ec08ccbd31f71a97e7403b3	eabc3442d09f849110111587ad78f4b283a8d80152f3e2d2989637ba7f79c94a	A	derived_blob_ge_1MiB
00_nucleo/diagnosticos/p1331-final-fmt.json	1598655	9f4fd1fad96e2e7893ee830a8330094e5e9de12b	73f9582f04d3a679aab7b88ef752eb9c0fa9831a62656b7fc7b87860a7bcc15d	A	derived_blob_ge_1MiB
00_nucleo/diagnosticos/p1331-final-lineage-lint-r2.json	1605186	f12f06a9c515e502c124a1eb872d7adb817a9d72	342788ee0f78b64cd9681626bdb530fe77627b1b3109dc43bce79cac9cae03e4	A	derived_blob_ge_1MiB
00_nucleo/diagnosticos/p1331-final-lineage-lint.json	1599017	d30f17b7af30ca0ed9e21adcaa1756182682cb05	fcc9ed9a90084f13951d6f25e675a4d16d6377e11692b2d2356e0bdf189d0d1c	A	derived_blob_ge_1MiB
00_nucleo/diagnosticos/p1331-final-lineage-r2.json	1604999	eca5e8bd641bbd8973f945d9cf36291bf69c19f5	69e9730297bc280bbec6e2e9a7123ddad5fbb8f368cfe5eaec606a073fd7e622	A	derived_blob_ge_1MiB
00_nucleo/diagnosticos/p1331-final-lineage.json	1599044	be106925affa8c9dd42db2aa55799fdecfad0e32	b0748b330f441ee099a343dc461f996e5f48ed16357ff46d675c496268a65077	A	derived_blob_ge_1MiB
00_nucleo/diagnosticos/p1331-final-lint-r2.json	2563937	9c4d2ed202273de04ea72034ec58a1408950f62e	185ad899b6d591b4b7f48d2f23eaa83add94e40beaa3928b5132a60d245b00ef	A	derived_blob_ge_1MiB
00_nucleo/diagnosticos/p1331-final-lint.json	2557773	8c4fd7c6509f6f2660ac0760e04d53af1be78ee9	aadd5698a56e388b55a33433f8d271c25686084e56c122f7fa425dc3a218870f	A	derived_blob_ge_1MiB
00_nucleo/diagnosticos/p1331-fixture-path-r2.json	1826853	5e3a650615d98e3fd293ea0c4dd0b5d0e05bcd3a	650ed1db7aaeba151033fc962a0738d50bb93b4f7b6682616f401385c711b218	A	derived_blob_ge_1MiB
00_nucleo/diagnosticos/p1331-integrated-fmt-r2.json	1602430	12710a56d52423238f7b0f93b6508d11d72a6ae3	b028fb8ea8f9691de0e8f7f18868e8a2a441c9b2aef62780808b5d6ff9540924	A	derived_blob_ge_1MiB
00_nucleo/diagnosticos/p1331-integrated-fmt.json	1596408	28d90d129fd8c259316fe90ad55b42cc682e6033	743417bafe83728f904540fdda429e2147b2b73f85f7319bc5a87dccc87c326c	A	derived_blob_ge_1MiB
00_nucleo/diagnosticos/p1331-l0-dry-run.json	1556377	505b0b58ef228ea4d848a757480a213ac08b9171	d3fa507ddf7999ea99eec1cdbd8667be079e189cac689dcc29584a00eea37ce8	A	derived_blob_ge_1MiB
00_nucleo/diagnosticos/p1331-l0-preflight.json	1555920	8a1e44cade3bcad311a06b9ed1ac36fcb56d303c	b4e3422486826ba5548d99fc7c21001c15ccaaa92b93b0deecdba697d814ac28	A	derived_blob_ge_1MiB
00_nucleo/diagnosticos/p1331-l0-reseal.json	1556776	bf32496e2c94b4e6989e95e0c7fd7523bb824935	1ae05426a0306898c35436adcb90da070c395f37387ec6c21fdb35fd13b9a34d	A	derived_blob_ge_1MiB
00_nucleo/diagnosticos/p1331-test-integration-r2.json	1601820	c948976c636cdcecae0696119ba6a494ae7d5c4a	998e582c3452488d11c88fa319652e635025957bd81595a0e909fb93e294e1fa	A	derived_blob_ge_1MiB
00_nucleo/diagnosticos/p1331-test-integration.json	1577488	d22e55b4523c2a313fa0dc9f250edd19d0ee300c	1b2f2b4263aed9dfeff7de426e0a515b4e15100d78e9ef77ea88c79aef374bdb	A	derived_blob_ge_1MiB
00_nucleo/diagnosticos/p1331-unit-green-r2.json	1832257	3dc420935783e7c53c800d195a2b7553c495e463	d6b2b6df18245f1b39d844d9aef52da42db76b1705aa5760b7c324f60ad2ee67	A	derived_blob_ge_1MiB
00_nucleo/diagnosticos/p1331-unit-green.json	1827013	4b01249cc4ab7c7a0f0bf66f9c5966bbd1915170	ff1d4d7dab98404c82f0c9cf0a3f09bf6e6625a543743c80192d80d8cc813fd1	A	derived_blob_ge_1MiB
00_nucleo/diagnosticos/p1331-unit-red-r2.json	1833120	65bbdc6201a338b99bd707a1963cd86f25a7ddb8	eac32393ec4b1c56cc61494b2397bdfbcb21a19a2c68106ea045706d40f65373	A	derived_blob_ge_1MiB
00_nucleo/diagnosticos/p1331-unit-red.json	1827068	c6021d9a1807968d5831b6e45e9064f57ff7f11d	ea4f7d53c78727266b2252d1b7e3109dcda8baf110f6367a870160ee312e0be7	A	derived_blob_ge_1MiB
00_nucleo/diagnosticos/p1331-workspace-tests-r2.json	2413010	0c924247a7436e322e2718113764a951e5f5ee7c	10b439e3bedf72805ff078c10557baa36df7f549eb84d1b7776b9f821035ae83	A	derived_blob_ge_1MiB
00_nucleo/diagnosticos/p1332-ab-cli-normal.json	1205357	13959055a692524325a9f1efdbe861580ac3efd7	9d7b8bac08f04d498bfaf72d22b467858daae91dec5e80f8dba24e08f4a95d0e	A	derived_blob_ge_1MiB
00_nucleo/diagnosticos/p1332-ab-cli-repeat.json	1205357	75bf34c5a31d86b2045adbf92e3804b20249056b	f9eb8befa9a9ba6fa6ae30fbe8f2d964b3e70cf6a7dc94c4e744bccc06cd9dec	A	derived_blob_ge_1MiB
00_nucleo/diagnosticos/p1332-ab-cli-reverse.json	1205358	65b86e82a53066f3675e789edf190cca452f6aca	5bf55fb972768c8ad5d09bca078fa243e0957fcf99bbf4f8ddad808579077ba3	A	derived_blob_ge_1MiB
00_nucleo/diagnosticos/p1332-cli-normal.json	1644641	2f5631835ea204939a85259610b934f4c6fbca20	6a1d8ad51127546bf1f57c34c2a2bb65bb2d45b12683ad24e488e3094d6d8b80	A	derived_blob_ge_1MiB
00_nucleo/diagnosticos/p1332-cli-repeat.json	1644795	4e19a67422284037a8c793fd3c716db0af7103b4	ace01748a8696967c63d6828f961da55c4f070ae489fc0a28bcf0482f9013c05	A	derived_blob_ge_1MiB
00_nucleo/diagnosticos/p1332-cli-reverse.json	1644899	5fc55d555239b45fa281010b02511c3aaaf9193b	a2a6d49ba5bb73fd3fbe971571789bb91fec1f1679abf1abc7fa6e174dd87e19	A	derived_blob_ge_1MiB
00_nucleo/diagnosticos/p1332-code-reseal.json	1643288	baaf87934d144ca2b084ca8b9ba0fe8e367ba269	4728524d1deb5ecb625734540cbd953bebb57d33804b7c3aaacf9ff88f46b0d9	A	derived_blob_ge_1MiB
00_nucleo/diagnosticos/p1332-final-build.json	1678562	8d69ba3deab0f9f55fbf24c226ea5b265fc9c2fd	70a3597189ca3fb04b7ea24feac5633b489b183f0e0628904e41656bef4349e1	A	derived_blob_ge_1MiB
00_nucleo/diagnosticos/p1332-final-diff-check.json	1643868	2f80d3aee80735140ccb180c5a2a27c9e1703fc3	d35b082981036737f52d169e3b78d3044f215179087d226d8b1a07acb94fdd07	A	derived_blob_ge_1MiB
00_nucleo/diagnosticos/p1332-final-fmt.json	1643583	0423fe952083be820cb67ab43c14e1fff5a32367	662fe17b7f02734b453bb8244d93ad5a26c6aa5307ae296a73417cee355ad094	A	derived_blob_ge_1MiB
00_nucleo/diagnosticos/p1332-final-lineage-lint.json	1643842	141a5e67f3a271c7eb47bf0e564d70603b4661e6	99c02e7a8b7f8ed21cf2524b34625304e2c98339d21db90447046bf678e39921	A	derived_blob_ge_1MiB
00_nucleo/diagnosticos/p1332-final-lineage.json	1643772	329bde047423f1b7b3f94b9fac3b8c106631ef2f	723d5d8e6cbc2b41aa97bb9fa161ebea110d0f07e4f554ff2471cdeea1129563	A	derived_blob_ge_1MiB
00_nucleo/diagnosticos/p1332-final-lint.json	2602596	28afcc3f9fd874f6849db333353961cfa7d74e08	2ecb01ebe2ab195631800f18241732870680df8d4e07a9192adbe54d1b8b9f5f	A	derived_blob_ge_1MiB
00_nucleo/diagnosticos/p1332-integrated-fmt.json	1641445	1a584ac30b672db036b4a3e95463de7f2bdf86b0	c5a0656ad9c0fbb6aa131d0a63bad3d568f860542226be43562811fd008a3b2c	A	derived_blob_ge_1MiB
00_nucleo/diagnosticos/p1332-preflight-lineage.json	1617424	459c288e38950395aaa1a91ed2a805ec36cd2b9d	f78d029661fd8514d40d50d68ecb7313f978fa7322e3d308f8af9f3d86ece307	A	derived_blob_ge_1MiB
00_nucleo/diagnosticos/p1332-target-capacity.json	1617566	772ac36880a2a38b832994ff250b3c555d7f7191	dc5097a7ea9b345cfac3d192a0ca2d7b7a2a017e09bd05b246c7339a59231fa4	A	derived_blob_ge_1MiB
00_nucleo/diagnosticos/p1332-target-free.json	1617763	23f4caed471e43ba1c9827482ce2bcef2070b517	5d5cdf9eeb99b1032e2892e01db4e4e3e62bf1707510cef9b01811e95493a13d	A	derived_blob_ge_1MiB
00_nucleo/diagnosticos/p1332-test-integration.json	1631514	b31d02d06d281b3c3919fdac9f31fa2dc6c5bf85	e77f14a829afa0e69dfe1dfb0df3315cd1bc62d3eb4c8f048576b6d2ad74f2c6	A	derived_blob_ge_1MiB
00_nucleo/diagnosticos/p1332-unit-green.json	1871668	bf7bfe3f5bb15305498cedad96896e1588fe0b19	5b65eb016388c38d812201925abfa9d077f8e09a0a109938e5736bac85e0f2af	A	derived_blob_ge_1MiB
00_nucleo/diagnosticos/p1332-unit-red.json	1872391	ff8cb1f33a0f472559cbe7e5a3f6a52faa4ba199	ce2f87b33ee14a6798ffbca953b9ffe2b0fb5d4ee58b8f5151e077440ee08750	A	derived_blob_ge_1MiB
00_nucleo/diagnosticos/p1332-workspace-tests.json	2452217	0e0c7765a63743e69249088003c5b06eec8a8cbb	da78d61fa58af847c1556d9e4be85e48b75d8fad7d9d919f5bc27d88cd38c98d	A	derived_blob_ge_1MiB
00_nucleo/diagnosticos/p1333-ab-cli-normal.json	1402763	fe11f29904260d9020b979bab9713e33218d6d3c	700fad895acfce0d5f284d8cbbc260320a739e507a71ec74ccccc8f59f720213	A	derived_blob_ge_1MiB
00_nucleo/diagnosticos/p1333-ab-cli-repeat.json	1402763	853ec3a3e457b01d96005045e0fe8bae7bd8fbc3	a7777f479f3ea01eaf4f47cff37be98d0d42491cf3d26c01a1b0612a419ba71f	A	derived_blob_ge_1MiB
00_nucleo/diagnosticos/p1333-ab-cli-reverse.json	1402764	872addb6628f2dfb8b87b4e8e272e8b894ed986d	55c891c9d685d6f463ac279482af2da0318c2d10bfc614aeaaaac4caf0b746bf	A	derived_blob_ge_1MiB
00_nucleo/diagnosticos/p1333-baseline.json	1751698	2535735c9f6c169b316cee5294bedc8643835678	744983aa8c41877b21c2cd55abbc5c5ccb498a7bfbbb2fc5ea8dd893567ed8b0	A	derived_blob_ge_1MiB
00_nucleo/diagnosticos/p1333-candidate-audit.json	1703268	c31336f1db0ed9346b91d1b253bf5515e229adf5	b5923d58c64566a7658c26985414f693ded09694c1ea3697fa36b60e4b1ce111	A	derived_blob_ge_1MiB
00_nucleo/diagnosticos/p1333-cli-normal.json	1704110	9775974b0edc5ec731318630188e447f71913382	2c6c838736f12041bec037c08037e57807353666ea8ac7efbefa5eed7ef82aa3	A	derived_blob_ge_1MiB
00_nucleo/diagnosticos/p1333-cli-repeat.json	1704311	223e409264dcdcee6de8040d51fcd37f1caf21ca	91695b34b080ed8859a1ef4b107dac9536015cf903e3f11ee4823579d6dc3d92	A	derived_blob_ge_1MiB
00_nucleo/diagnosticos/p1333-cli-reverse.json	1704464	1e828e85ff86a0b79943bdcc957c0ee530edd184	b38bce28e791751e60cf2a8b7c4cd32924ab425e1c13d45ab239c2ff9c77d83d	A	derived_blob_ge_1MiB
00_nucleo/diagnosticos/p1333-final-build.json	1737649	6005b784dbe556ae2ec3bfd6e0173d89f086c9ad	5c23522568ef20a1377626d6ee5e1b14fcc6271a0e149e20eb87d8a46fb89a6c	A	derived_blob_ge_1MiB
00_nucleo/diagnosticos/p1333-final-diff-check-r1.json	1702670	0ad6a21b0d1963d93dc71e9d194f52a44b896266	c1ec88e5f96040f02dfc877f446ea1af1b3c02e9179e15e2eca54add9de95fbd	A	derived_blob_ge_1MiB
00_nucleo/diagnosticos/p1333-final-diff-check.json	1701641	5c19d4b72ed49698f2b858f3f09d6996ea8a2dd4	b75f51b6fda3951716c56c219ff202d3963a159fca67f81923d96dd4052ac225	A	derived_blob_ge_1MiB
00_nucleo/diagnosticos/p1333-final-fmt-r1.json	1702913	a3bae45033a16471a1010557662c44515bf5748e	b9918b767d1897de30eb317841845b9c8092e9e1c4ac30fa43e3195e3fdf7af1	A	derived_blob_ge_1MiB
00_nucleo/diagnosticos/p1333-final-fmt.json	1702681	48814462b6bb0a98740a8f0131d693f1444a5cd4	480ab8093523183eed348af56e6689c7a5009e5a8623e2e3daea89efa7a63e74	A	derived_blob_ge_1MiB
00_nucleo/diagnosticos/p1333-final-lineage-lint-r1.json	1702926	e1f0357f2ebc525d999710b7d62b0f74fa7c9d1f	e50c9f631ada4ee7471695156686f2f4a4346642e534c42325912f8c2e4f9bbb	A	derived_blob_ge_1MiB
00_nucleo/diagnosticos/p1333-final-lineage-lint.json	1701836	2d560ac53434f244ccafdd21004f4072203ef6a7	b707aa0fceaaed3114ea2daafc7012244ecbef20a683ec6fa0f3f8836013043b	A	derived_blob_ge_1MiB
00_nucleo/diagnosticos/p1333-final-lineage-r1.json	1703041	5fd8ac2a5983decc459d188a55b7422d6c858485	8e26d55b2b1a8756e9dafbe9e65e047eb65ebaff13b1a906ac50d330da25ecf5	A	derived_blob_ge_1MiB
00_nucleo/diagnosticos/p1333-final-lineage.json	1701958	1bba6536e82fd45ce5350f7e955d0d7a670e1201	ad13868e7738f1dc1ff81a50d7f80d29a7915dabb42f5fe7bae26b16ab78ffa8	A	derived_blob_ge_1MiB
00_nucleo/diagnosticos/p1333-final-lint-r1.json	1992254	5fd96f8aa531f8fd087a08528ec7ccfaab561c55	fe658d2b60b4b86f9ae72b648abffc07245718184969ff26204d5fac4ce55955	A	derived_blob_ge_1MiB
00_nucleo/diagnosticos/p1333-final-lint.json	1991221	bcaf50fba5483d8d5ad37bcc906a508a14f2398d	9e42318b3192faa6e4b725a22f477e22e7500cc6f800ee1cf2bd4342dd8bfa12	A	derived_blob_ge_1MiB
00_nucleo/diagnosticos/p1333-lint-comparison.json	2100021	d41a937599f7f45175ab9af7166796e1dc92b073	51e71d9fea71091a6b2ffeb2727a5335e61454c10f1ba3a9835e9d78191084ec	A	derived_blob_ge_1MiB
00_nucleo/diagnosticos/p1333-preflight-ownership.json	1655778	a27851b810012fcc1c0e613befbc05279a012255	cfed73fe2a9c638feef6959301cb8fa32e466bae3e262a64a743fc2926b1d31a	A	derived_blob_ge_1MiB
00_nucleo/diagnosticos/p1333-preflight.json	1944707	41d28d3f45b520ea0fcef6d2462183028df64ea4	1b04148222e6f7e03a848beb808b79b477bdb01e2dcc466dab9d05083ec0dfec	A	derived_blob_ge_1MiB
00_nucleo/diagnosticos/p1333-target-capacity.json	1655962	9570d445b4c22f5a2297d7cfc22e4a2c5f6a2b1e	f016dfac9080e84e0076ee4689a5240bb579086ee2023c33089bfbe683428b50	A	derived_blob_ge_1MiB
00_nucleo/diagnosticos/p1333-target-free.json	1656231	d3a080e30c42f93f4351ed210b50dcf27c1f7eaf	c2e1d083130f9dd4f730cfb17fe4f424a7f395aa71c1b526b30ca86624ab009f	A	derived_blob_ge_1MiB
00_nucleo/diagnosticos/p1333-test-integration.json	1680286	1e94c364adf46e3f0b9afa7d4a710100f2eef6c3	b79ec811edd8f702477700ff3a5de24f68493dc219b7571c0f853f15bfa1b122	A	derived_blob_ge_1MiB
00_nucleo/diagnosticos/p1333-unit-green-final.json	1931503	917a2eb8619094e03091302f85b1c7c44cc4a0c1	98bdabd6a1a001f12a50eac8e0214cfa93cafe2ef88dff0d844668c6e012b0e4	A	derived_blob_ge_1MiB
00_nucleo/diagnosticos/p1333-unit-green.json	1930197	f0ac442487bbb18b91acc4bd14a90f93d3cf496f	2f080742bc32582b602bca0cb3332fa416e30e77aa3bb947e31948c1004f2c6f	A	derived_blob_ge_1MiB
00_nucleo/diagnosticos/p1333-unit-red.json	1931455	ab19392763734eca9569271aca920dd64de96620	ba33d5af68a0ad0240d4b716bbf4c222b44d032ca6bdb6842da1a96cf2c89a5b	A	derived_blob_ge_1MiB
00_nucleo/diagnosticos/p1333-workspace-tests.json	2511331	d5f88a3597c51b063180967f84b6d7d2cb126f7d	182477f1ec48eb2a3a8e32eff05cbe843815e6f485afca58de29146d25acc3b8	A	derived_blob_ge_1MiB
00_nucleo/diagnosticos/p1334-ab-cli-normal.json	1741386	e9b0947328170b7c8472ff980cd3fb31e3db5798	eeb317721dfe2ecc103a85e30992913dc11498c6eca41326e511c0772e804840	A	derived_blob_ge_1MiB
00_nucleo/diagnosticos/p1334-ab-cli-repeat.json	1741386	25bb8e56ce1aa85ce29e418dc030fd4c04a960d9	669e134d67bdd359ba9402d256bd681f0c92d07aea7e9ee877dd1024eeb3c68c	A	derived_blob_ge_1MiB
00_nucleo/diagnosticos/p1334-ab-cli-reverse.json	1741387	2d1c719fae978d315a34874bfff16d45df2a8e66	7028d7f3cc0a05f532abe8f4319db289ff1653f487579d7d6b00716bce5b014a	A	derived_blob_ge_1MiB
00_nucleo/diagnosticos/p1334-baseline.json	2689468	243e05c97ad9b1dae5704fd1f8496fe0ca84452a	6643993d43b905e878095c722c99019c5f98cdd724cddfc3b90961153b205819	A	derived_blob_ge_1MiB
00_nucleo/diagnosticos/p1334-cli-normal.json	1782134	b13d56491f824f5c83bead71903073078378c063	68096b54ef82b6061c886deccfb53172cdb9831876e53f81cae14d64f887a46b	A	derived_blob_ge_1MiB
00_nucleo/diagnosticos/p1334-cli-repeat.json	1781983	3354e706ec69d97c58553fe6d085168e35207439	e22b97451e5dce104992967bb4b4f78e66c0588a4b67b305861720734fd6a694	A	derived_blob_ge_1MiB
00_nucleo/diagnosticos/p1334-cli-reverse.json	1781933	ac9f63a56b660ef8bd805674f9bce299c3e3a5c2	9c0dddd41ec0a816293f6afcc8bce3cab3c445fdae112ee7ebc7801a0a598525	A	derived_blob_ge_1MiB
00_nucleo/diagnosticos/p1334-closure.json	1101468	73436a1394d2a04f5301ac69c917f6004114a0c8	4eda2f0d1ad7598471c088773c180f63ed453d88e5e2fb99e96d3ae84f63ade8	A	derived_blob_ge_1MiB
00_nucleo/diagnosticos/p1334-cross-cli-normal.json	1781664	2214be292a3857e947609c19b078e66d39d065db	47cafc0f55bcc1a8e4e46dadfdfc7f36e8966fabe669fbbff47334f18135cbb5	A	derived_blob_ge_1MiB
00_nucleo/diagnosticos/p1334-cross-cli-repeat.json	1781606	9e1ecef44ac7733781a17ae61dcc1ff36c936f35	0addd080d2d52225f3715384ac28f91703d1ecedcaa1dcb90669e68f89ed24bc	A	derived_blob_ge_1MiB
00_nucleo/diagnosticos/p1334-cross-cli-reverse.json	1781725	eb0390e0f0c468ff156d9db7b0de27a894fc2a66	61956a586a14da34cc04527956f8eea83f9fb2d12ff2c7caeb8e807ccc498372	A	derived_blob_ge_1MiB
00_nucleo/diagnosticos/p1334-final-build.json	1815278	5241cc2fe872f0f4bdf5a338611b4d375f0dc0d0	ad38b1b74a1ca703aaee2454ebe48429e6c6e0aa6c804565263a0ad199278488	A	derived_blob_ge_1MiB
00_nucleo/diagnosticos/p1334-final-diff-check.json	1780009	e9264f1080dd6ea435bb591ba3160ab9ff8d8ab3	cf69a484bc420b7164924ae6bc10ee32580d357f6881864658fe4f39088f72bc	A	derived_blob_ge_1MiB
00_nucleo/diagnosticos/p1334-final-fmt.json	1780139	134759c33c3bf7f63e7376f00148f013c5e7d86e	2831d41f9cc36fea562664b8992f3107deed5ce6d984210366510ba0dc97254b	A	derived_blob_ge_1MiB
00_nucleo/diagnosticos/p1334-final-lineage-lint.json	1780204	cbdcd3a3e045133585f326c5d11d265fc103eaa3	1bb375f48c594ae43c6c86e2902bec1111fdb515fcda76735a4877048c14ba93	A	derived_blob_ge_1MiB
00_nucleo/diagnosticos/p1334-final-lineage.json	1781665	6a4830c0c2ba91bf90c948718d930485295ff185	21876ab46f26fe1791e7598473ef76a73617e441b5884a02ee93aa0d1a90db4b	A	derived_blob_ge_1MiB
00_nucleo/diagnosticos/p1334-final-lint.json	2069535	47ef60dddfd3dd89c30c3b744993e2cb83774895	620c41c8599548b840104e8f2b3d4ecc1c31686451de655c7f0efb9ea187b3b6	A	derived_blob_ge_1MiB
00_nucleo/diagnosticos/p1334-preflight-all.json	2016013	687a4c310cb65ca87975c262c220bd1648b2688a	a9caa9ab4f24201e220060fc7bbee074ef44e4bc78e0719c6ac23511ff470a2c	A	derived_blob_ge_1MiB
00_nucleo/diagnosticos/p1334-preflight.json	1726201	0e79f1af9dac0ec3fb47be6e7b8c31bdc7eb87ee	eb5c372c86207afe79cddde23ff7cd67cad2c2a03a4a09f20fb27c40f1675ccf	A	derived_blob_ge_1MiB
00_nucleo/diagnosticos/p1334-target-capacity.json	1727319	3801228c84f8a4dc067a3c7d68871f767f136c39	a25c17a6f0d7a3d4e457383da6b8970719bb3ffc560d3ebb36a99659ae665e21	A	derived_blob_ge_1MiB
00_nucleo/diagnosticos/p1334-target-free.json	1727007	d2cb16483c4a0cf6a1d0a72fd1fcd1ecc26c025b	d41c198b23244fbc855e70fbd33a9c024194d34e7fc9e28f862db64c8bd45adf	A	derived_blob_ge_1MiB
00_nucleo/diagnosticos/p1334-test-integration-r1.json	1777516	3598bff94713930a0853268acf481f9c6180371b	bd00a92dac80e894e49be19d476b6e098bb50c91518feca474aa02401a9268eb	A	derived_blob_ge_1MiB
00_nucleo/diagnosticos/p1334-test-integration.json	1753944	419009749e0774f924c024e6d5e9b3ea44ad1d91	b2c3a51b136ca7eb47fad1dce99399ca80476defb0bbb2f9ebd5d642e06be9f2	A	derived_blob_ge_1MiB
00_nucleo/diagnosticos/p1334-unit-green.json	2028592	ad31cebbf97edafb27e123465e9dfd0b8c17c1da	5429f21f7a83b10a7a47c8606ebc4ea0cf075ac6fc97ea746e42c6c86a29a733	A	derived_blob_ge_1MiB
00_nucleo/diagnosticos/p1334-unit-red-r1.json	2028576	9aa0bec734b098637befa403feecb423b92955fd	8b1f6687fa1e0a934b12176f70afd08faaa6eb1f68ab6fa34b34f0d17a377799	A	derived_blob_ge_1MiB
00_nucleo/diagnosticos/p1334-unit-red.json	1996976	8ad22a504739babdf82ad732c6022220cbf765c0	ff7fe2a4c528aab97fb94ccd5fed7b4bc28e38184bbb27300598e6dcb8876e6a	A	derived_blob_ge_1MiB
00_nucleo/diagnosticos/p1334-workspace-tests.json	2593155	19252cbc9c6745d147a954f01d03eba7279276e5	e6cdf31cf9bd0a23f11836896a8f673763d63a6c237fa0053d2517a7a0f01d5f	A	derived_blob_ge_1MiB
00_nucleo/diagnosticos/p1335-aggregate-r1.json	1806657	a0b009013ff03bc7ac28da03085f04af97674bc5	1cb3ce7aee1c17a7f6722841a344a2fc8af0541376774adbc3cf3cc1da85aac4	A	derived_blob_ge_1MiB
00_nucleo/diagnosticos/p1335-aggregate.json	1806044	db1cf94afc1eac13923628049c7c3da48b3b0ccd	96450fecb278fef55787786ddf09f6df252dbdfa85ca12ee30fc1e14a66e523f	A	derived_blob_ge_1MiB
00_nucleo/diagnosticos/p1335-baseline.json	1605663	190b0421407a2ad64b8a96c104b211fa955d8366	0ec240607d173acd513a21d2728c66a1e514f3ad294b88bad60f3fdc8e984254	A	derived_blob_ge_1MiB
00_nucleo/diagnosticos/p1335-build.json	1819250	821f94c7ea8716e1b3d45f2d0839eb567d3c592e	6050159267586726d4289504dfc08432646ab9b3ac2780bea1c20377557fd341	A	derived_blob_ge_1MiB
00_nucleo/diagnosticos/p1335-classification-owner-ledger-r1.tsv	5150222	94a36a0aea8813344b20d488c90c913fb6f55853	b83629920074b8142fa89392aba6af4be027e03b2c20f5a251c4af59d3f93204	A	derived_blob_ge_1MiB
00_nucleo/diagnosticos/p1335-classification-owner-ledger.tsv	5150222	94a36a0aea8813344b20d488c90c913fb6f55853	b83629920074b8142fa89392aba6af4be027e03b2c20f5a251c4af59d3f93204	A	derived_blob_ge_1MiB
00_nucleo/diagnosticos/p1335-classification-preservation-freeze-r2.json	2285432	c8c7aed4c7fc80d9928dcabd018e1f6db1974236	e3cf71c86ff7eced210a8d557a2acd586777e6967ea8e6fb06f8e4298ae1dcec	A	derived_blob_ge_1MiB
00_nucleo/diagnosticos/p1335-classification-preservation-freeze-r3.json	2393231	8372f1fb2ac9ea0b53742ab4b5f4310019bb8ef9	264095c942cfb8fd9240a13d0aea01ff0d3deb6990403c648ff57618f52831a6	A	derived_blob_ge_1MiB
00_nucleo/diagnosticos/p1335-classification-preservation-freeze.json	1943286	22995b402a66dde662976437fa49543888d6fc49	ae6e5cdff265464180410977c3b1ebb6e8cfffab24c7c5737974b98b2f48d298	A	derived_blob_ge_1MiB
00_nucleo/diagnosticos/p1335-classification-preservation-reconciliation.json	3092289	c5651356893067e45d4c26b7e99b4f0843c2a01f	7e78d2d712f2218595b2d44a758f01a44560298371c7f7b1dd96c81af1fd9ba6	A	derived_blob_ge_1MiB
00_nucleo/diagnosticos/p1335-classification-principal-owner-ledger.tsv	5108526	332a30e4f1125c41c1f6c7fe95a1dd35e4248c6f	b7aae9dcfcec744ebee25bbca0f221736081f3f377cec6a81d4a5e675c11a4a5	A	derived_blob_ge_1MiB
00_nucleo/diagnosticos/p1335-classification-principal-transitions.tsv	5029002	d600100cd6676acf1ca2a5418dc139807f598cfc	9790b51f87130485a9343253957d694e5688cbb433586ef61a0d56ddc22d5e23	A	derived_blob_ge_1MiB
00_nucleo/diagnosticos/p1335-classification-supplemental-transitions-final-r1.tsv	1208918	915fcb7b0fff92d8f9e5b9152bc5bb2786a46920	cc1e90868e949f4bfb7550fcf527f6ca2d445b4f9e38a3e6c36226d7e065b34c	A	derived_blob_ge_1MiB
00_nucleo/diagnosticos/p1335-classification-supplemental-transitions.tsv	1208438	1e2a826c68cd7a456810a0c339a31aa1cfe9a617	f2a356784e5ce09cb49652cc7eb7dc9e011dc3c8178033a0b2a0deceb36a1313	A	derived_blob_ge_1MiB
00_nucleo/diagnosticos/p1335-classification-transitions-r1.tsv	5123382	284b1ba8daadb94dfbdc1dd78b4f8f5b228ee2f9	510bd3016a5be686ae5cb3aa70284b89d534e1f8587204f6a3eeb0feabc3da78	A	derived_blob_ge_1MiB
00_nucleo/diagnosticos/p1335-classification-transitions.tsv	5123382	284b1ba8daadb94dfbdc1dd78b4f8f5b228ee2f9	510bd3016a5be686ae5cb3aa70284b89d534e1f8587204f6a3eeb0feabc3da78	A	derived_blob_ge_1MiB
00_nucleo/diagnosticos/p1335-cli-capability-overlay.json	1804940	f45f339decef98499c2ce59ab9f24e49fcb3e735	471e43204df06b31f51b897207c02e435a79ae4be6b55529b743ad65e2913259	A	derived_blob_ge_1MiB
00_nucleo/diagnosticos/p1335-closure.json	1823075	e4b55b9511e6178f10b438f859a00fd4351bbd9e	624c5784b8977f4a3fc36c0215f7822c383588520580b33b80ea055457cebd1d	A	derived_blob_ge_1MiB
00_nucleo/diagnosticos/p1335-diff-check.json	1785054	f38dc843b0a02dd7138bbef0140f7983c0ae447f	6a3156b826c7751398d4841c4c7d7eeda042638e133a349133242919961516ed	A	derived_blob_ge_1MiB
00_nucleo/diagnosticos/p1335-fmt.json	1785034	ee71450badfb289032ea54fe93d1c80220a38bf5	d7cd4bd76cdeffc521fe38c5f05663eba53f96ee6c880ed15b74512a73342239	A	derived_blob_ge_1MiB
00_nucleo/diagnosticos/p1335-inventory-crystalline-default.json	3309219	2663cc797bf218b57145144fb315efb279326663	c4edacc6b3b648a23fbf31062b49de412f14f7412aac32f335b0c3a57877a18a	A	derived_blob_ge_1MiB
00_nucleo/diagnosticos/p1335-inventory-crystalline-html.json	3361260	e84ff6ba090302f4a8cc3e673158044c63416c14	ce23cb92ec3c109377bcd3074e9bc7d2f2a0704e112d9f39f2708024e8e3c874	A	derived_blob_ge_1MiB
00_nucleo/diagnosticos/p1335-inventory-observables-crystalline-default.json	5444858	225a276149a7d284b8315e92e4bab643ff8f815d	1900e99db9d618400d83891082f9d4f6c907d944e857df63fb92a327e095bec3	A	derived_blob_ge_1MiB
00_nucleo/diagnosticos/p1335-inventory-observables-crystalline-html.json	5710683	288c5a5c79d930f3b66906ecc45a97681849f768	2b097162ee9a5c3acf73c2c8e22c7b75597591829ec0b3eb6d0588ffcb9f29e6	A	derived_blob_ge_1MiB
00_nucleo/diagnosticos/p1335-inventory-observables-vanilla-default.json	5392382	7d4b76efb5dc36abcee5e7bbe6c97dc5c8814ed4	586ff66bc6c86851f28c81b18659841a9cc6e83a4b3b8ff4426c6ef0850dce00	A	derived_blob_ge_1MiB
00_nucleo/diagnosticos/p1335-inventory-observables-vanilla-html.json	5705275	dd0c52a0432987229f832b352bb4f272588651fb	98d8774bc43c07556478c0c03ff7a3ee0e4e476bc331e619918e6a1908a2d9a0	A	derived_blob_ge_1MiB
00_nucleo/diagnosticos/p1335-inventory-reconciliation.json	5993931	fe5a2aeac764f284e64f2e2ebe12bd0856ffb004	368226df91a44f44149f2755086cf09d4df3398b2d884b92371d4e287a9a6cfa	A	derived_blob_ge_1MiB
00_nucleo/diagnosticos/p1335-inventory-vanilla-default.json	3817195	6991c9dd273aacd8696b76d368a3d5463739d366	5e062810763aea5f31a6830c0da955e66cb29178e6d3f1860dc6f5cee95d93c1	A	derived_blob_ge_1MiB
00_nucleo/diagnosticos/p1335-inventory-vanilla-html.json	8070545	27c6b26a00ea8cab6081c47414e0c9e6c9c4d77d	71940383cf96f4f9850e8dbfa99b618039612aa40b9406f0ade18a08709d543d	A	derived_blob_ge_1MiB
00_nucleo/diagnosticos/p1335-inventory-vanilla-structural-input-default.json	1258341	29b3f54f3ed10d87b430c305a211ab9f07aec138	2f70d832f2b24f8c8eae8ffb15dd1e2770c667b9bfb24fcadefdcad43b4cfb27	A	derived_blob_ge_1MiB
00_nucleo/diagnosticos/p1335-inventory-vanilla-structural-input-html.json	3271364	601b55f707154ba4c581a00fcc4a246469a73c8b	2ef941beab9ef3e2859de83c8bcfadc7a4482af417db23029b1bec0997f22c61	A	derived_blob_ge_1MiB
00_nucleo/diagnosticos/p1335-lineage.json	1785306	5ca2eaeae737c638a4ae7788c264162d595c915b	f5f33f89b2f88216c67979c36467115086cc14b90a101dd6b9cd5b606e56b4bc	A	derived_blob_ge_1MiB
00_nucleo/diagnosticos/p1335-lint.json	2074683	0b1eb12eda54cfc7d2315b893145e6cc2ee4c3a3	ae088fb5e068fec69befe89c1a42b5eeb15f8b29a2fd830a37cd629d8152f071	A	derived_blob_ge_1MiB
00_nucleo/diagnosticos/p1335-location-control.json	1889260	326e5250e4ef6f4604e43b31209b6d150b35ad05	d504ec27a52d3063404993d4356d0e1987247e8d7f149bef4d0899ddf2f75047	A	derived_blob_ge_1MiB
00_nucleo/diagnosticos/p1335-math-controls-r1.json	1847973	6fcbc5a4e9c94a6d5578ae3f288da0d69bf5abfd	54bf7d33884aab01063bc32d0726a1f7f9d3a8351c7121c6c9a9a22c6766b0cf	A	derived_blob_ge_1MiB
00_nucleo/diagnosticos/p1335-math-controls.json	1967588	ac57ed11140b8f8057366ef66ef0415739f2f609	a3258158dbb07448e8d580def7cfa476610e8ec27ad3e79a56f1479c1f2b0e9b	A	derived_blob_ge_1MiB
00_nucleo/diagnosticos/p1335-matrix-normal.json	72001065	e3d4ae028012f8876a482c860a3e2301d52c82c8	148a31137b459fa10972a4d7479e0654e2f189f1d0f9673b8d15b0deffd3cf5e	A	derived_blob_ge_1MiB
00_nucleo/diagnosticos/p1335-matrix-repeat.json	72010651	c2aa2fc6062f6182a7287c439d365fdf587fc7d0	d95638f91bd0b13245c4bcd49efbc46cc9c336912da13bafdf0c36b9c55072be	A	derived_blob_ge_1MiB
00_nucleo/diagnosticos/p1335-matrix-reverse.json	72066322	d2566b361fd4fa18b3f23f589242b46c62001246	d4b9af3923e645609bb06e958ae3a4f5835274d695b627ad8304e9e128cbd188	A	derived_blob_ge_1MiB
00_nucleo/diagnosticos/p1335-probe-catalog.json	1860787	96618eab350995a3aedd6c29fab3de4f1d904843	988bab4e5a88e400db2533f1db8a428328f1a5fcec51d4415ea171d20d5832d8	A	derived_blob_ge_1MiB
00_nucleo/diagnosticos/p1335-sentinels-cases-r2.json	4518918	75dfe5b33ec3702abbceb88e96560f2fea1bbeb7	bccc2b4ab11c4ec6a9944cb0df467d01bf99e61b1d04599fbde5098395bd5ed7	A	derived_blob_ge_1MiB
00_nucleo/diagnosticos/p1335-sentinels-cases.json	4327993	7295b23012767d507fa710139f18c5f434ef21d0	57cf2571a62703a809caab4b33332a843b013711aaabe83ae6c2191860e6753d	A	derived_blob_ge_1MiB
00_nucleo/diagnosticos/p1335-sentinels-focal-command.json	1789640	e941aac3c577eea9c17267ee2ba84430b18bd345	72c770ed5af2c64d227bc5bbb875b933dba21998775fc80022d4396bc4509567	A	derived_blob_ge_1MiB
00_nucleo/diagnosticos/p1335-sentinels-focal-r2-command.json	1790875	c741b8ebadb0b7195ef4a50d4ebf357d79a7181f	1480067d445365b3f03a9a406083323b011a6e883c4b94f9dde8896d737199e8	A	derived_blob_ge_1MiB
00_nucleo/diagnosticos/p1335-sentinels-focal-r2.json	1867386	afc110475dd7389c49a2b9bea2c03ac226dff670	a33fdbe948a7a68806e48a1457f205688bbcca6d70ec2dd59ffc259d812edc0f	A	derived_blob_ge_1MiB
00_nucleo/diagnosticos/p1335-sentinels-focal-r3-command.json	1792959	fbaa9cf8ba29908a2bf263ff9cb6d5d6e222b1d5	f8d9a803806686dd66dd37b0dc991f07fc97839e5ed6f96e32ae66185dc4a4a0	A	derived_blob_ge_1MiB
00_nucleo/diagnosticos/p1335-sentinels-focal-r3.json	1880675	40fa2437a65322094655db8b4fe1a3a874d156b0	0936d3866a314f3e394ba6c1a3bb4f5e0b7a9416e158e9089be2389276985eac	A	derived_blob_ge_1MiB
00_nucleo/diagnosticos/p1335-sentinels-focal.json	1864520	fdd57e2b9890f4793501a535bc202e1f5414129a	e6f9b1f738b472dac596fe342c0ee697846b6a34e9d8e06a66624cfa94154229	A	derived_blob_ge_1MiB
00_nucleo/diagnosticos/p1335-sentinels-freeze-r2.json	1865949	84bf40f1d34f0a135580ab55eb1696744cc109fc	0bf8a2e87c2904ab79644955ba7d4d76e918549f134eda0cf48ffad7d69bd445	A	derived_blob_ge_1MiB
00_nucleo/diagnosticos/p1335-sentinels-freeze-r3.json	1866241	f5352e48aa33fdd99ae843b5cf0a84008a401877	42b86d31f461d1a3193d279f653c466468e1da3ffb40f6253354d4016d012891	A	derived_blob_ge_1MiB
00_nucleo/diagnosticos/p1335-sentinels-freeze.json	1864896	cd878f5901cc8c6f28deed6b10957274752ff92a	57314ad6c2c4bd3114528cc117d611590eb7031f7828886de0040d6dba48cd57	A	derived_blob_ge_1MiB
00_nucleo/diagnosticos/p1335-sentinels-normal-r3.json	18628943	fb65ead1fedd3ea5838f1c0440e749b5d49f389b	1ceb634fcb0211935e8125d6825d4f7a018ba2c4f2e129ded73bba483fdcddbb	A	derived_blob_ge_1MiB
00_nucleo/diagnosticos/p1335-sentinels-repeat-r3.json	18630556	8399e5a0fda3ab26f7e30be3c8c280b118e8b4cc	9a526eb7f5c188dd47bd7fc2f4b747bad345c29a56d731a98181247a3fb74840	A	derived_blob_ge_1MiB
00_nucleo/diagnosticos/p1335-sentinels-reverse-r3.json	18645350	9916b5cdd68531036b6f6212bd21799f0f962c0e	323fd12ac30fac9451cc7125b87e4e4c4cce27dd876d4a2f9dbe13c3c457c7c1	A	derived_blob_ge_1MiB
00_nucleo/diagnosticos/p1335-sentinels-setup-r1.json	1788663	6c35d156ff4f405563dde47975e6d7b0468e54b3	f0c9c9551a99630edcbbc1003fe798ab736614fd953ccc61553f7f6bffd0fae2	A	derived_blob_ge_1MiB
00_nucleo/diagnosticos/p1335-target-copy.json	1784282	7a987a2ecd10e1fd8167fb7bf4d4b2cd3d43b33f	4010b31ee639c198feeb43cd74359b749172cf386293f236462ded5180b92fe6	A	derived_blob_ge_1MiB
00_nucleo/diagnosticos/p1335-transversal-command.json	1799903	74d109e8683cc5adb826e89bf12203a635291fa3	c70bc2e5a82bbac7e261a91bcfb89be67e65592918b00ca048ceeabc0c59cfb0	A	derived_blob_ge_1MiB
00_nucleo/diagnosticos/p1335-transversal-focal-command.json	1793455	032d4e51eec4385594af21053fcffbb4258eca13	cbdce605b99c1386956758337b641761739a73bdc1c2dd4caa296232ab233ddd	A	derived_blob_ge_1MiB
00_nucleo/diagnosticos/p1335-transversal-focal-r1-command.json	1794345	bbafcc0a6534816ebbbd360837b534e6b670a565	00f7ff5bcd5d5499ade514022470af0c06aec752e75a9f5393d0590013bb5cd5	A	derived_blob_ge_1MiB
00_nucleo/diagnosticos/p1335-transversal-focal-r1.json	1864234	1628cf395e64ed5a3f49a5f9ed4778cde033a705	84400a2267550cbec0686ededce591c1ef6aa3d83dceece45af0a48470342234	A	derived_blob_ge_1MiB
00_nucleo/diagnosticos/p1335-transversal-focal-r3-command.json	1796346	d65edfd3fbe75c3ffa5db719398e7d54d3bbed5c	d46c4f1fd8a43d9676dab26caf29185e74a0c1ba47f88c8afbc22d7a8b11f87a	A	derived_blob_ge_1MiB
00_nucleo/diagnosticos/p1335-transversal-focal-r3.json	1845755	19f5849494e99a0c9ffc8618e2fc4f44868163e1	82b86222778484d22faabe6a1aa40d338e2fc1b537fb8c52cdde5ea9959c8439	A	derived_blob_ge_1MiB
00_nucleo/diagnosticos/p1335-transversal-focal.json	1863357	6c6791bff17a445a4592beb3e319e2b958d6d357	91f30473e373ee54c10dc452a56c646a263b680125471eda37fd9996345c120e	A	derived_blob_ge_1MiB
00_nucleo/diagnosticos/p1335-transversal-freeze-r1.json	1843707	de599705f404aeb7f556abd131f089b162fb4675	418b63d61ef87eccd10fb096739ae3db1e21d2ba4e4eb48f185794b93ce47c8f	A	derived_blob_ge_1MiB
00_nucleo/diagnosticos/p1335-transversal-freeze-r2.json	1843591	29a7e0ef53cbf370df7422558b4a695250c3acc1	1898c0f9b614b5d1148554b59d2f5d80229858a12d021d40ac9e4093d588d3d3	A	derived_blob_ge_1MiB
00_nucleo/diagnosticos/p1335-transversal-freeze-r3.json	1843599	4c9ca88b9cb9b8a3c60f183104e1d545e098ad97	02b1ac07bdc5cdf22a120017d0f39c675d32c5c430250f8258c8cc438861aabc	A	derived_blob_ge_1MiB
00_nucleo/diagnosticos/p1335-transversal-freeze.json	1842780	1c512aaa79432ccd62347dd19788f9e1233e0cdd	1167b62537816f896c616a9a670abc1a265604c6132fa29f5cd7e10ab9486862	A	derived_blob_ge_1MiB
00_nucleo/diagnosticos/p1335-transversal-metrics.json	1807586	76f1d23386517bff03c30a50ea69cdbc8be8190d	a20baa4a493c622d7f76066e9338c901072321eb100386a098c18cb97501226c	A	derived_blob_ge_1MiB
00_nucleo/diagnosticos/p1335-transversal-r3.json	4649257	1796899d156639cbf92e96a266a03e65846d664c	d1bce731750f66b723297bb159465cd091d570ce8184631b4f181d6d886ef35b	A	derived_blob_ge_1MiB
00_nucleo/diagnosticos/p1335-visual-qa.json	1806291	66f792675838c70d332f18af1e42574467ac27cc	fd048aa0a3c2db62d7415a31a8bdcefd346dc215a68ca582334dfb9d56172f22	A	derived_blob_ge_1MiB
00_nucleo/diagnosticos/p1335-workspace-tests.json	2597122	4f42f8a3b94e94335dad89ad4c615860b093dcda	b5d7e9203c64ffdd1df86199f468ff0b8e045d7da448567c5b96db3ae8ba343f	A	derived_blob_ge_1MiB
00_nucleo/diagnosticos/p1336-baseline-build.json	1852072	0545efc76fca7ad0d23115fa85ab2bfe583417ed	f4bd6b5f65dd45c716266b341bf44c29395982f70c028ed64cab896169ac491b	A	derived_blob_ge_1MiB
00_nucleo/diagnosticos/p1336-baseline.json	1875894	e9d6ef3c46e84059dc5a0174a65264c44e6df824	e81e034167a994ab3dd1c318a7dd7384cd18ef75e0d2b3c1c666eb26724e441f	A	derived_blob_ge_1MiB
00_nucleo/diagnosticos/p1336-candidate-build.json	1873783	2f2c1357870eff5392971b7cb1febaabf51f54f4	c42226064d5ed98b76a7a08becadcfb075eaa045870ad1459ebfea312a0955b3	A	derived_blob_ge_1MiB
00_nucleo/diagnosticos/p1336-closure.json	1850720	51eba016b08c22f5ebd2860ef35a6971dab7d4de	01232cfd02c943d61c9b5a0aed7253d5170f795795e321113a9bf269109e075d	A	derived_blob_ge_1MiB
00_nucleo/diagnosticos/p1336-diff-check.json	1838002	afe042c5befa099f731171449cbc2d8a21c0bbcc	29d06a8bb8f03988a3027678321f5839bf249712c260082364cf613ac7636431	A	derived_blob_ge_1MiB
00_nucleo/diagnosticos/p1336-fmt.json	1837660	39f157b7bc65b2e3f3d495bf140a2f30a92928a5	029776fbd110090e7e4c60fb80c3ac3a8c59388d2e3c70ef23524b683e9c3d01	A	derived_blob_ge_1MiB
00_nucleo/diagnosticos/p1336-lineage-before-tests.json	1818411	80d125e790ebd3e43fd48e211f7e2975830be865	286efc1b6a6550b39d9faade476cfd5ad88c2caca4743ef4a6d73d83b5444503	A	derived_blob_ge_1MiB
00_nucleo/diagnosticos/p1336-lineage-final.json	1839270	f28ed71bdd79eba12076d8d71a469cf4fe238926	1d9cb69af56c517626543aad4a6aceb22a666828e345d29e81d2385e42320287	A	derived_blob_ge_1MiB
00_nucleo/diagnosticos/p1336-lint-final.json	2129061	efea0f059b53e05fc789a4be29595cae9642cba7	c346ad49d1d0da2dd8e043ba1c7fc2a452f79d9bb07feb24ba99cb22ef59f45a	A	derived_blob_ge_1MiB
00_nucleo/diagnosticos/p1336-located-control.json	2066766	6eee0484432a191e0caaa81ee0f5ba89c63421a5	58f644ec0dda8dcc4c053a0838b4f479c8064c1576812d55a23310df79676891	A	derived_blob_ge_1MiB
00_nucleo/diagnosticos/p1336-ownership-final-preflight.json	1838136	9691e688b0fa2e0fc22e7f99639379db4a0300e6	96db160009a154f6ff57c8faee41ae37f8134ba1b8673df3ab55d06a330c0f33	A	derived_blob_ge_1MiB
00_nucleo/diagnosticos/p1336-ownership-preflight.json	1817705	b1cb73616e2cf1c203e3898de44cd485ca9e6cbb	c821b5296fa827fdaaad82bf4b7fc8d5b39232b73248f771fe98d491c535aec9	A	derived_blob_ge_1MiB
00_nucleo/diagnosticos/p1336-reseal-dry-run.json	1817940	90b1dc1fa2ec67329475ec4a563947990191b9f7	77d04920b0947361c7e9de023c792d3aa6de551b24b64f9b50565383cf4f4e56	A	derived_blob_ge_1MiB
00_nucleo/diagnosticos/p1336-reseal-final-dry-run.json	1838387	0947550ada672f809ea67ec88d5acdce61c75422	8352545408fb7299f781a8a6c2ab3de931dc372ef5b8e91c422d10bde03dff39	A	derived_blob_ge_1MiB
00_nucleo/diagnosticos/p1336-reseal-final.json	1839299	3aba8870b22c40019834287d49defc800134d7ae	6b76edf5355171918f1a03b1f23abe16dbcccb5285724c8cdee88316a3250c20	A	derived_blob_ge_1MiB
00_nucleo/diagnosticos/p1336-reseal-initial.json	1818179	9df1b17efc85249f6ff23b24b8cd9ea478b48688	af812bd154401eade90c6cec5f79674ba7421bd564253d8cf2716cbe4e6cf1b3	A	derived_blob_ge_1MiB
00_nucleo/diagnosticos/p1336-target-copy.json	1808854	e78485d70b352d79212367017d1af04158044a68	dddeb296b7c409b38c13f68133fae4244e8de42f3b3af6ef165c9db490cb98b0	A	derived_blob_ge_1MiB
00_nucleo/diagnosticos/p1336-tests-baseline.json	1410674	6500ff8a8999abac8f693c3b1b3fcce8b75aeb35	eb814dcad2572dc79205b2489f5d81f82637233d6a11def5fdb8542e965ffc26	A	derived_blob_ge_1MiB
00_nucleo/diagnosticos/p1336-unit-green.json	2065312	14cfa84eecd9440d21b7db0c600dc5e01f80d48a	f5814d69ac864e5fbe62bbf4772403f3a02205732ba51a65f4270cba872b6cdd	A	derived_blob_ge_1MiB
00_nucleo/diagnosticos/p1336-unit-red.json	2065152	520e98437fda924f73f2f55e633a64b2e2b5a111	9db024816f9cf70ec7b1baf867f9f4467501c40fda5d7b3d917fbee583f4f92c	A	derived_blob_ge_1MiB
00_nucleo/diagnosticos/p1336-warnings-control.json	2066854	579175dae5acf01af4e921fdce08725805a1b86d	aea936b3715e076e26241a31e0a3df111506d3c097a0c5b2f02a84bdeb58485c	A	derived_blob_ge_1MiB
00_nucleo/diagnosticos/p1336-workspace-tests.json	2651850	30b8abb9a65855c6b46db4cb48a67c6626649222	ca2921bfe3f6bb2ab3da54a8797ad770aecb24597fbf7160fbce7ec518f7bc49	A	derived_blob_ge_1MiB
00_nucleo/diagnosticos/p1337-baseline-build.json	1887849	d94bf009d83a8139c5c0d40a53942cf80b2f1157	65e0c471fccfa0b6b41c287839a9a0a073f908e5af38b170f3d28ab56e69286e	A	derived_blob_ge_1MiB
00_nucleo/diagnosticos/p1337-baseline.json	1990654	b7d5b201a93f7b4fee167381bb86b8fea93daa03	d84ebca44348e4d12d3a7d243a35751edda1b898599a03a898634302cd0ec672	A	derived_blob_ge_1MiB
00_nucleo/diagnosticos/p1337-candidate-build.json	1910599	ed50f9e3630d172c21935ee1100b6f1ce9e18ffa	9a721a7fc36f0a77edde6c8bf26cabf0ee50753214ad8760084535cd5bd863af	A	derived_blob_ge_1MiB
00_nucleo/diagnosticos/p1337-closure.json	1952712	10d0a79c8d88f62fc77f1bfcd38ec7751a078b90	04d5c3cc470025fd10062861b4429873fa56f2c881a3c7c4bcea911fc5a6015e	A	derived_blob_ge_1MiB
00_nucleo/diagnosticos/p1337-diff-check.json	1876211	91365a466f9e1d281e4e0ec5c677cfbd7ee0635d	f5ce2ae8e2a643a5922884d119e24652abdf2d361f77a71877dcaa1f0539f2d8	A	derived_blob_ge_1MiB
00_nucleo/diagnosticos/p1337-fmt.json	1875052	f1f14201374addbce15534b82214044bde6fd426	7df11fc49ae5a4756cc74f346838602d84ae673d31416e9e044144a5168e98e3	A	derived_blob_ge_1MiB
00_nucleo/diagnosticos/p1337-lineage-final.json	1876348	d85250ccd9d1434622b3577e5e5f1caa6e89dedb	8aa09db488c2fe7607eb1e9f5d6f6cd000d39898f4483d50946c33fa5c2e9e25	A	derived_blob_ge_1MiB
00_nucleo/diagnosticos/p1337-lint-general.json	2165913	55024f7672c1ddc2af1a8831132d15cabb2eef80	a0a43016fa87fb820d33889a90ea9c799561d498f5d9ce2d610e7c7493287556	A	derived_blob_ge_1MiB
00_nucleo/diagnosticos/p1337-lint-strict.json	1876136	b041683c332a78ea43fca78de63e30ba2f942d05	fa28fd04b091ff6f0f034ef4293f51409a73d0a86f80c3389b8ba5397978d58a	A	derived_blob_ge_1MiB
00_nucleo/diagnosticos/p1337-manifest-r1.json	1076385	61c0c07187f0a4ee10a9daea428f836f29b97025	7c09595cde021b89fffa7c316b7706797ba3898aa5b6687cdfaf2deacb0e65ff	A	derived_blob_ge_1MiB
00_nucleo/diagnosticos/p1337-manifest.json	1075473	2c9c28b7c5b2ea36e23cbca64358721b9ef15717	b089feee37941c88de47154adbde550f568d65f076716cdde5ef69beb4483b17	A	derived_blob_ge_1MiB
00_nucleo/diagnosticos/p1337-ownership-final-preflight.json	1875157	c6596b3c0c6960b6c8bba4580c39b12561377c82	348062f122431c4ee830decb927c226f31b289a71751ea852f94e96a76584e67	A	derived_blob_ge_1MiB
00_nucleo/diagnosticos/p1337-ownership-preflight.json	1844781	fd0ad556fef14447d39b7283066aa7978f25d801	172e9a7b95ba0661000162d11126ac6f2a696c8ad7aaea4e55c43573bde32ce7	A	derived_blob_ge_1MiB
00_nucleo/diagnosticos/p1337-reseal-final-dry-run.json	1875288	bfc4b8de778957b7b350c3770340e300daa1d323	71e604dfb122321460cd6b9bce5ab572b36624da2da32366adcbc18df10d6b36	A	derived_blob_ge_1MiB
00_nucleo/diagnosticos/p1337-reseal-final.json	1875920	fd8d56a8074a25e8687a1b4214bca663bd42b563	8028921efcabe05237e348c528a178baa101b1d05043af6d8d66f1f875653a04	A	derived_blob_ge_1MiB
00_nucleo/diagnosticos/p1337-reseal-initial-dry-run.json	1853707	aabd5ef4b5d1fa216552f8603094d82426f887b3	8cedf9678f70869bfdea31cba7277a81a1ecacfb418fbb2b2133311bc0a34d88	A	derived_blob_ge_1MiB
00_nucleo/diagnosticos/p1337-reseal-initial.json	1854006	0841060ea9e3fa39b5a61ac443b5bea309a1c970	8970991687e00910f64d2259338837648fae3f3295abf6393f01cdfeb673a883	A	derived_blob_ge_1MiB
00_nucleo/diagnosticos/p1337-target-copy.json	1844614	ae433b6a7879a9b68cdf2391b639ab6ac3e60c4e	773bd2595fa08fd0db32feb597db2cce335134849b6376c61a95f0ba16ab7f55	A	derived_blob_ge_1MiB
00_nucleo/diagnosticos/p1337-tests-baseline.json	1430290	5e8704fbaf970cdb081da52898eebc0b2d5aaa08	74df8c62860eaf40a70183153f7cd481cd7c6ff97886bf7010da55e13fd6770e	A	derived_blob_ge_1MiB
00_nucleo/diagnosticos/p1337-unit-green.json	2102588	8e4eaf05597ec2202a857be5da8d0d7d760c24af	5594626d2ca4a9d1701529f80df4a815a3b3d6cda524fca04e009df5a9c9bedf	A	derived_blob_ge_1MiB
00_nucleo/diagnosticos/p1337-unit-red-r1.json	2101659	701feaf34d6ec580d29016b06dd8b43c951ae6d6	90cd5edeb4ec999621b95b9db82eabe26ebd034c9c490e7b10c979ad5ee6c1c5	A	derived_blob_ge_1MiB
00_nucleo/diagnosticos/p1337-unit-red.json	2099588	3d62ad18f4a4795b7a7852ace52301ff6d219b9b	941bfe13f89d64ce6ef775ec319a48348f2530037221dd31dfa701d5693e5ccb	A	derived_blob_ge_1MiB
00_nucleo/diagnosticos/p1337-workspace-tests.json	2689743	8798240c08e518dd53cecf3bf9cf2be629690164	c730f86f5436c0fe84dae00dccfaaf2fc2bec6d7c12a4ff397961447bcb6f1c0	A	derived_blob_ge_1MiB
00_nucleo/diagnosticos/p1338-baseline-build.json	1913665	9a28e062346a6b9df502386a66489e805f020ab6	ac7ffd8c0ffbe820be26c4add7ed2df4d9d340f4911af86dff2ebc18f80bd37e	A	derived_blob_ge_1MiB
00_nucleo/diagnosticos/p1338-baseline.json	2038296	a83441fd283ce087e7fe4d8a815be171e3bffc0d	6d85aece9e323950a8f722b11e87eb125b4a342a7404f969f60ea69595790b3c	A	derived_blob_ge_1MiB
00_nucleo/diagnosticos/p1338-candidate-build.json	1951442	ea717702b2777457f110b9db244d18e10982f370	f67a0645cad674df84a1823c4a9ac2fd4e681c05beaa0c0f9846407be2191874	A	derived_blob_ge_1MiB
00_nucleo/diagnosticos/p1338-candidate.json	1068158	6271862b428ba3ba444ed7c5cb5bbb7c453b1a58	5e6a134b93d9b856333ba7399617a6fb4d44b650be7775833814dc249bc94cbd	A	derived_blob_ge_1MiB
00_nucleo/diagnosticos/p1338-canonical-r1.json	1892469	1504c389b05c0238db31d836d911a029805e9abe	e8c2dd80b6974300b3fecd906eb5cfa429b6819d15c9eae8f3e806b23921938b	A	derived_blob_ge_1MiB
00_nucleo/diagnosticos/p1338-closure.json	1987834	9abf676f670a75f774949f5dfb5d1fa78147e17e	38bbe304bc2762bc986e1492859dbfcd7bb92e7a1aa53058f5ef8466ffddfda9	A	derived_blob_ge_1MiB
00_nucleo/diagnosticos/p1338-diff-check.json	1916162	8145a9394f0ec53793a46a578f1f3a9b78b5d921	80c4ed4bd5fc39f9f894a2c259127000249cc44f0c700b82d3b09a07d18aedc3	A	derived_blob_ge_1MiB
00_nucleo/diagnosticos/p1338-fmt.json	1915584	bd0d270880fc73986d5adf9356e94260ed5ae2f7	73f7a6a9864252d36968b712369cd64804379505b98d0d68364163a763e5f604	A	derived_blob_ge_1MiB
00_nucleo/diagnosticos/p1338-lineage-final.json	1916355	e096cfe1a372351030c42d05d29a3a05f93b9bb8	a9bd4e6805c490c8bf08bf76709cfbc4bed9e4d4c9e4098e48ba4c185c48d1ed	A	derived_blob_ge_1MiB
00_nucleo/diagnosticos/p1338-lint-general.json	2206181	1eaeb11001cee823d1a6409bbb1dbc540ad53cd4	6740f751793e6aa8c01a9311686d6bc556400e0ec6293d1f5ecaec841157cea8	A	derived_blob_ge_1MiB
00_nucleo/diagnosticos/p1338-manifest-r1.json	1107747	0201b2b161b0cd89f92b51a7e041d8ec400be2a5	14a36a87a116dee46464c32d358f3019702c201ea74809c90cc8bf81cdeeb843	A	derived_blob_ge_1MiB
00_nucleo/diagnosticos/p1338-manifest.json	1106183	e4192d84eebf4d95fee560f6e5b6cca3395137ba	8c51d637e9b248628d4bfe32b684a00f201b3139b84868b1f6cb351bb6290e4b	A	derived_blob_ge_1MiB
00_nucleo/diagnosticos/p1338-ownership-final-preflight.json	1915689	2a238108dec5d8bd3be35390f96587159a46465a	8ecde47d535a594720175ef777b2b526ae636f21c0c0447553739ced2a83836d	A	derived_blob_ge_1MiB
00_nucleo/diagnosticos/p1338-ownership-preflight.json	1879251	b87266c95b97a1375dcba0d4ea0199fb0d6bf3ac	0ab746f867fa1fe88ea90be971450e5609dba8bee32c068fb885d96b25be7f65	A	derived_blob_ge_1MiB
00_nucleo/diagnosticos/p1338-reseal-final-dry-run.json	1915821	ccd583d212b6e8fe2547451ff208ca351a91d0cb	2b545224ea53f91e1fb0a608dcb0fea21171ae27d15682f1ae6a81da4cc2321d	A	derived_blob_ge_1MiB
00_nucleo/diagnosticos/p1338-reseal-final.json	1916279	5fd86d3d4bc969703f433654450d40a6c8cab30a	056f70164e2b2a19cc071aaf7787f56865174dcb22344d31df75a681ba1f7e96	A	derived_blob_ge_1MiB
00_nucleo/diagnosticos/p1338-reseal-initial-dry-run.json	1889394	d2e6dc09d29e3ae31dba47095501847af20ab7e4	889cd7baee58ac1b9265281fabde5a432ad41ffef14b183a6a5f32b60bcb789a	A	derived_blob_ge_1MiB
00_nucleo/diagnosticos/p1338-reseal-initial.json	1889586	c759fd75fcc87c8ca9ceeadb26682bd02d87590d	f35edb921b9f09d75a20d37ffa4ab1342820ee73c1736748bbed5d248d1ec90b	A	derived_blob_ge_1MiB
00_nucleo/diagnosticos/p1338-target-copy.json	1879135	e4bedd8174a43369560326c6d1aff0571ed335c0	f04f8a53a416f8f09fbcf6e6f6ef50d645852e6e01539d4a5dfc9b5db365785b	A	derived_blob_ge_1MiB
00_nucleo/diagnosticos/p1338-tests-baseline.json	1411199	0bd94db0784031a73e98e3f7e4126744bd2f2072	4d76b6eb7401477751db01374c1a29cd6f9707cab02dd1ba6491a9fbae86b4ec	A	derived_blob_ge_1MiB
00_nucleo/diagnosticos/p1338-unit-green.json	2143582	88c8a1fa12a79f888a432dade861f3a3e748664b	818222417a14ae20ddbd431951d6fb0c623a9b006c89fa9ec195c80e78e310fe	A	derived_blob_ge_1MiB
00_nucleo/diagnosticos/p1338-unit-red.json	2143402	1db16399c9de98933483185a8aef9536511d3cf9	5ea6275f6f7f163a651fc043313a3020c8cd69ada0c77201479f84982a91e9ec	A	derived_blob_ge_1MiB
00_nucleo/diagnosticos/p1338-workspace-tests.json	2731101	d5ae9aa22d04d82a943544dc0d17a20fcac29361	37491d8f68319b9246fc2e2435522ec78a3f1773f273fc083d12d83c7f3dddf3	A	derived_blob_ge_1MiB
00_nucleo/diagnosticos/p1339-ab-batch1-cli-oracles.json	4458904	394609e70bdd93f77c706738ca85c4185fa7a7e5	9b12c239447bc2684dae8987fd8b554218ef49812efbdecfb6425d1090300512	A	derived_blob_ge_1MiB
00_nucleo/diagnosticos/p1339-ab-batch1-coverage-map-r2.json	1807560	29983b842f9285c495b296cf1ad8ebe5f817bccb	ad95dd42ce102810a75986511c67a996286ec78a486c11e87faf50cd54aa51ea	A	derived_blob_ge_1MiB
00_nucleo/diagnosticos/p1339-ab-batch1-coverage-map.json	1747887	fa7b21557b8a9114f5ace6a92c37e1fd87a9dec8	6ec146d4dc6f86c709d4fb88bebfdb770f161ca021adabaed2480d75bcd742ec	A	derived_blob_ge_1MiB
00_nucleo/diagnosticos/p1339-ab-batch1-focal-runs.json	1061200	ee3ecf1ba2d4232802721d2430818be8d4bf4879	471b753ba19921b4d90e0393452ac251b5875dfc833b362d8d7146bfa171c7c8	A	derived_blob_ge_1MiB
00_nucleo/diagnosticos/p1339-ab-batch2-focal-runs.json	1859469	7ae24e2ac159194deaada44c2f798293f328fd7b	b2f5228e1fc5ac8c714ee044ae6a8c3ef8492863e38970d6983d3cde50a0e746	A	derived_blob_ge_1MiB
00_nucleo/diagnosticos/p1339-ab-batch2-positive-oracles.json	5296158	aab632cd05a3c67cb2793aafdb573bc2d2840d69	2d33aac0f559d377b4275b07a1cdc77997cc90b9d887fdabf5ff9bccf28ab55f	A	derived_blob_ge_1MiB
00_nucleo/diagnosticos/p1339-ab-cli-focal-r1-runs.json	3496441	6bebfd20de5d63d4848f14bcae092923b588b5fb	3ad9dcfb2da7655103930a244a6a27783076a3032c75e3ad370bd67e6e7a1f57	A	derived_blob_ge_1MiB
00_nucleo/diagnosticos/p1339-ab-cli-oracles-r1.json	4450365	37544a33a73db9263caada839d209c692bf20a60	55dd1cee3762a11c86f4df802311dc7f28db3397e2a5bdcffd9bc653cd0ce224	A	derived_blob_ge_1MiB
00_nucleo/diagnosticos/p1339-ab-red-lossless-runs.json	7953457	e9c5733b27e91d3ad44a6abb12be7f0ff597e108	5431c89a90e40d1c6530c3a3fca3bfad569a21bf881c57264c443f1d4db65740	A	derived_blob_ge_1MiB
00_nucleo/diagnosticos/p1339-array-originals-focal-runs-r1.json	1449272	dca492e45ca8ce082e3a5b0777c4b2e43a33c6c8	42e2f3388f721e4508f1b97891d5f3949292e7e4fb4c4908a5c15d0c229587ad	A	derived_blob_ge_1MiB
00_nucleo/diagnosticos/p1339-full-comparison.json	1454495	12af8bb67e70d472851dee661bc9791e7c69bd1c	af621d2639b2f03ad7030292c58485fe3b84b28008932814c70449b4c8ad7232	A	derived_blob_ge_1MiB
00_nucleo/diagnosticos/p1339-mutant-array-private-build-r2.json	3051694	7688dadde142627c2f6fdf3acc58c7ca4c98f70a	f10ab259c7c29161ab1c7310da622eaabd30fb9516e9bcee9301ca12b701ff51	A	derived_blob_ge_1MiB
00_nucleo/diagnosticos/p1339-positive-oracles.json	5149992	df59583f56165d1cbd1a1adbc5eb7fabfab9d865	482babb923e306357f1aa70490e4fef8a5a16f772a494819d50feaee6f2c6972	A	derived_blob_ge_1MiB
00_nucleo/diagnosticos/p1339-red.json	1224102	a15062ebe23e11b255e7a446533883c917c1aeaa	e4e564e606283c15ef792d59de2d36f1a402d6d5d5077f7d6581b23219076f7d	A	derived_blob_ge_1MiB
00_nucleo/diagnosticos/p1339-verifier-full-c-comparison-r1.json	5732480	886e0e96f9629552ba977fdc947336f41db2b442	1943c1e2fc26d5b34b1fb171fa3cc26d95b0623e20088c4a3fb5e90cd321cb33	A	derived_blob_ge_1MiB
00_nucleo/diagnosticos/p1339-verifier-full-c-mutants-r1.json	1893605	a5ec6b3df728b6cd0d567f9840a46e6e2da47d68	f030d72ab7d9a1beed3258190632f4a450fc0a4ae1b7148dd9021a5dd60afca1	A	derived_blob_ge_1MiB
00_nucleo/diagnosticos/p1339-verifier-full-c-public-r1.json	42225922	58c44016f2df3b19cff3772ef93c293dd5bda35a	ddb094467690ae4cde0ac79cf3981eccfde26ad6f56815f33771ab19e618086a	A	derived_blob_ge_1MiB
00_nucleo/diagnosticos/p1340-final-architecture-r2.json	1480750	fc8d3fd7007103875338e58a51cec93305af2269	f7eea9a07622c0891d383b253f011fa632eee3666caa0d363003e9b214f33e22	A	derived_blob_ge_1MiB
00_nucleo/diagnosticos/p1340-terminal-final-lint-r4.json	1488930	7e97f597c952bb5d09ed19e58a747c762d5b3ce2	dc9dac80c4028072dd0f58baf37dd4adf75beb24b1738c8f27cc51df01cfded9	A	derived_blob_ge_1MiB
00_nucleo/diagnosticos/p1340-terminal-final-lint-r4b.json	1489775	31846f93962a7054c1c9c5ec05e5c95e99af6a41	54ba7e3dea5fa889bca5445f3f88523477b990155754feee70a52da155c9798e	A	derived_blob_ge_1MiB
00_nucleo/diagnosticos/p1340-terminal-r5-final-lint.json	1493072	b4aa56f93f1050453aed3e1de73f33326f79c89f	3b47f8ca1d335aab8e939d968ba94eaad733999c9d490f85450ca6f7ab9e335a	A	derived_blob_ge_1MiB
00_nucleo/diagnosticos/p1341-adversary-materialized-mutations-r1.py	18131	323c9dc70294aaea56674d48a3a354ada35c958a	ec0788fa2e77c6a3a76f4c123a70fe48f8211018d3e820131c143d5d47b4b891	B	closed_protocol_bundle
00_nucleo/diagnosticos/p1341-adversary-materialized-mutations-r2.py	12737	4d2279c8157c3671aec317b0f197903489399583	a64d27ed681c2594b9a37bae71e052362fa14a04ec2346e081296c240c25ef06	B	closed_protocol_bundle
00_nucleo/diagnosticos/p1341-adversary-materialized-mutations-r3.py	12130	9d6195f7306f858fdea14451e43788fe1cc3c036	13a8aaf74234e5c1fe422bf0a93036a176c98b70fa6a4c5bd0f43e60332cab9b	B	closed_protocol_bundle
00_nucleo/diagnosticos/p1341-adversary-materialized-mutations-r4.py	7880	7374c21dd02fc2fb5bca69c5d74c2cc883c5d539	16a6a78c528275682e7e3ad67d18faa9f95cd92d440748fe4d5f894bdd0436f4	B	closed_protocol_bundle
00_nucleo/diagnosticos/p1341-adversary-result-r1.json	7343	a43499870fbba964542f7b600739e65f384c5040	fcf85675d7798b21a2ff61b6b3f2f6e74542814efbf94bc7d03dcd247ae10ed6	B	closed_protocol_bundle
00_nucleo/diagnosticos/p1341-adversary-result-r2.json	9423	523504978e0da6610980d1b8100fa03c7a6b758a	f51ee0e4da4cf9db0cbf8264b3c9903d97a941e36a93d74bccfac6dc4437f7b2	B	closed_protocol_bundle
00_nucleo/diagnosticos/p1341-adversary-result-r3.json	8173	29b17b22107d88f4602451863b242623edc806cb	661982ebf210dbcbd1b83c99e971af082b0e6794e8f69fafb1808fe0cfc91168	B	closed_protocol_bundle
00_nucleo/diagnosticos/p1341-adversary-result-r4.json	5328	122141db6b34e0ac2ea1e440918d08e6c78481fc	b621c7c5f41d7973c2e08aaee0459fbfe85b69afad63933709ceb21916eb8a74	B	closed_protocol_bundle
00_nucleo/diagnosticos/p1341-authority-manifest.json	4685	f1bcceeb989140a0e7323b2c5279579041710861	b2da37d09be8aa7f568543e3562f04ab4cd5e919be2931b64c70af980f4eed5b	B	closed_protocol_bundle
00_nucleo/diagnosticos/p1341-contract-r2-checker.py	16495	6ddfdb431fbda8124a13f335bb56c5cb01199545	0bdfd901b9b3bf7fcc330f30ce2381c72f2830dbf0a4b611519b809a24faf001	B	closed_protocol_bundle
00_nucleo/diagnosticos/p1341-contract-r2-focal.json	8954	ca3cbe52786c7ff070e65ebde37c9e84a979b906	6edf8c365ea71f86083c4da478c32f04849827e86759e971138c1ab5bb6ee6d6	B	closed_protocol_bundle
00_nucleo/diagnosticos/p1341-contract-r2-receipt.json	4067	b42373c8d399f2bce9501a06a5f3fde5c3563d29	dfd5d1fea3ef1848678e7cb3fa17938fa286281c5f4f33c7da93320f754b88e7	B	closed_protocol_bundle
00_nucleo/diagnosticos/p1341-contract-r2.json	5597	bffdd030ae2dea646bc869eed3d8f7600d8edeb9	32edfcb45839ee30728be73bb9a972c64ce321a7e4ba707dd35b06f6ecbc7dab	B	closed_protocol_bundle
00_nucleo/diagnosticos/p1341-contract-r3-checker.py	18575	b7d83af24394f9001ab2cdeb550615fcb795f311	ac1a6471f2eacc1e53645f072f37357ccd97114c25c3972c9fc3da67f18be50d	B	closed_protocol_bundle
00_nucleo/diagnosticos/p1341-contract-r3-focal.json	2181	d6307a2c078f81cfde27fd700153fae76b9d18be	5456ffbde7b622b0ec2a1a5234404c6824e7849ccd608fa63e67319c5eb8d0fa	B	closed_protocol_bundle
00_nucleo/diagnosticos/p1341-contract-r3-receipt.json	5533	e6992d4d1431467b1bc2ef2e469c9889830ff8de	0ab3d5f3d9d17bb35992b328ea91a9cbea5a2d9a94e04e894164f71e997d0c8f	B	closed_protocol_bundle
00_nucleo/diagnosticos/p1341-contract-r3.json	7493	ed3ba4df3d6bf33b1b8d61cca44952076107009c	066efbedb39b8c30892c4645000f533b15b6e1212e6cb1a62661349a9a3b3d04	B	closed_protocol_bundle
00_nucleo/diagnosticos/p1341-contract-r4-checker.py	13597	e5c6ff3efe5e0c26993b0c7934944492f031f3aa	5998f90cab2cf85f5039eb389ecc9a48c08204894d548d8ea94b36d9899ec97e	B	closed_protocol_bundle
00_nucleo/diagnosticos/p1341-contract-r4-focal.json	1919	1edf16e3af6b4a7d2dfe01d28d2988f44530a03d	6bfe5c8e0a1a9e64682672fad0e527ce76eb2ecbb97022c8b6577bc6c1ae3a4f	B	closed_protocol_bundle
00_nucleo/diagnosticos/p1341-contract-r4-receipt.json	4442	ff00f878c0cc82e58721b2b721cfe5e97c8365ac	9f4f970a1f15418c67f794e37941f2c4c0a9ca27e74c451b8a1cf3d6d8f7f77a	B	closed_protocol_bundle
00_nucleo/diagnosticos/p1341-contract-r4.json	3487	32aeb556250d08eb97f76caa2390700d95b8efc9	fbc08c118e10f957ca02cd714dbfb4c0f0784bd7ca7791f85407d3e8b64e4195	B	closed_protocol_bundle
00_nucleo/diagnosticos/p1341-contract-r5-checker.py	14915	371c39a51242cecab084fbcb3b5c5982dcd49af2	f9611cee52952b85ddefe110073645040fb9498fae42849cbe097fc590d6251a	B	closed_protocol_bundle
00_nucleo/diagnosticos/p1341-contract-r5-focal.json	875	4e81ae2fc856279cb8fe3e0a32b0e035c7cd766b	495fb367c912391272c4ff3209337af6db9d23bab5df9510d39299b925db68c3	B	closed_protocol_bundle
00_nucleo/diagnosticos/p1341-contract-r5-receipt.json	3908	970f49a828a92788ee737c9f4487b8e0bdeb909c	fc954e0151acbefde20c6e06efbeb1e4ab8501631a534b0b7f21b7a2dbb0cce8	B	closed_protocol_bundle
00_nucleo/diagnosticos/p1341-contract-r5.json	4646	d6e14212ac5da913d3794c9199744325808ddf1d	511d96d96c6c6911bbaee610111339311eb6174cfc568598bb25b075b790b4d0	B	closed_protocol_bundle
00_nucleo/diagnosticos/p1341-execucao-r1.md	3996	69b012a3ca8409f732f0ec1c4293f77c644834bd	192a834c5d24783eebdc2c143db157c2fae5cf530bd951b6f76c80250c26b949	B	closed_protocol_bundle
00_nucleo/diagnosticos/p1341-implementation-tests.rs	11624	0eca5cd5a8c922e0a5d6dc52c05330be546cbf81	a9a37bcc1d3b68138500100a051f3565f1cd71ea0ba5a7659f6a8a66923af5d0	B	closed_protocol_bundle
00_nucleo/diagnosticos/p1341-oracle-authorability-checker-r1.py	6713	bba0b6f41de9c22d7521f6188c12f669e012db68	550051366a97156f7670665446240d7ab94ce4f859edc915749abdfc2e13cc16	B	closed_protocol_bundle
00_nucleo/diagnosticos/p1341-oracle-authorability-checker-r2.py	7407	12bb058ccdefdcc1899896e79aa1ab303ac73105	667c53d514ecb02ad705c685afa45f2a1bc9d87933dec6e09ec279018d066a35	B	closed_protocol_bundle
00_nucleo/diagnosticos/p1341-oracle-authorability-checker-r3.py	8931	dec3c2e37ea761a774827770aac3afd9124ddf12	2d861c5dbedf41da95514d8a279fb2d1423485e9600e876e61accc0154eac122	B	closed_protocol_bundle
00_nucleo/diagnosticos/p1341-oracle-authorability-checker-r4.py	10130	4c67fdb4b3ce3719ef673da429bc31a3b41edb25	819d8e9b3c12657a7e617945c9008a75c6661dc1c6005e8c0908b11cf6aa8b0b	B	closed_protocol_bundle
00_nucleo/diagnosticos/p1341-oracle-authorability-r1.json	1737	de161af8854c384df58ae583f55fecf90eec313d	19420f68fa01ca85bc55d6435d3c1f2e9b8b62e0127e880e8870f1f36dfaebb2	B	closed_protocol_bundle
00_nucleo/diagnosticos/p1341-oracle-authorability-r2.json	2341	aef1d38b7926ca4f78a4c736485fb765e0228ce9	f69a34f11fa041a337516471e5d6393f5f44d2e4007969788266ff3561817762	B	closed_protocol_bundle
00_nucleo/diagnosticos/p1341-oracle-authorability-r3.json	1629	54ef2bd0e5eec4d46922e42fc776430847a417af	6e678487bbd41d8539398382935d40ed2162f8423da4b305436a8337d10d9c07	B	closed_protocol_bundle
00_nucleo/diagnosticos/p1341-oracle-authorability-r4.json	1510	c548997bfcc54ac90cd667bca3fe2fbb99d2a8e5	8d98ba11b2149fd6b633ac92b3636fbf3094a1d0f5c81f4715f622381527f739	B	closed_protocol_bundle
00_nucleo/diagnosticos/p1341-oracle-binding-manifest-r1.json	2334	5ead64612835ff553631994217738b74f4c3a02c	c1976995c6330af7b006633f9772dc9ca687f5b8288e1f8c65139926a3eef820	B	closed_protocol_bundle
00_nucleo/diagnosticos/p1341-oracle-binding-manifest-r2.json	2429	6a07e12baa7e7e76f178f5b75f640f99dde0e51f	f34f0a7b9cc6546ef8c73e06ffb153729c83660f8867118ee8833c0828a9ddba	B	closed_protocol_bundle
00_nucleo/diagnosticos/p1341-oracle-binding-manifest-r3.json	5274	c8d822b869873f67e8b9132258f674ced5c68afd	de91742e0276506ee58fc58ed8b2be89f6b5c517ad12bd977815cc82ab85951e	B	closed_protocol_bundle
00_nucleo/diagnosticos/p1341-oracle-binding-manifest-r4.json	7028	1217ece1274322885cf13eeb0e7d399be638d6a8	ee24676d4e5a275ba560872ec0f08a1a716764760de5ad296d66eb675a6c6391	B	closed_protocol_bundle
00_nucleo/diagnosticos/p1341-oracle-expectations-r1.json	9985	dc9a73c5e88cf2e066237bf8e39431964f80866a	9b661deee8afffa602f8a013f2786345d7434f39bbd73728cfeaf4d8a10aacb1	B	closed_protocol_bundle
00_nucleo/diagnosticos/p1341-oracle-expectations-r2.json	6935	d355ac83de348bd4a64d5c4c828878cef18a2b07	1e0787a3637a6ded0a3f042d87d0931409bc21391590dfe2c25074c94979fe65	B	closed_protocol_bundle
00_nucleo/diagnosticos/p1341-oracle-expectations-r3.json	6047	267fe42d52da52f48a70b78a2c3f9f221c78fb9a	94b591f2df2ba53eb7c0ab3cafb3b952e055e7f966a93b74deb1e3613916d7dc	B	closed_protocol_bundle
00_nucleo/diagnosticos/p1341-oracle-expectations-r4.json	5983	a424a580d9e5e1d3cc6986bd5a009b9b8567fceb	e28db40b5ddd55466c87e483a25b1dbee38381da2c731f770d6fd589ac84f884	B	closed_protocol_bundle
00_nucleo/diagnosticos/p1341-oracle-receipt-r1.json	4784	a3f44e1e454cdd20b2275b981fb87bdb6305b443	40cc6d3c62906089bc24b9f99f7e84f084b0146f4e51c352fc7985be2f89a7f5	B	closed_protocol_bundle
00_nucleo/diagnosticos/p1341-oracle-receipt-r3.json	3822	6448a82c8bd0259f198554cd9df97d502034b4e7	597133d667b75c01634d15c5d8fc92c442b166ab0d453bf188fbc979fe3e421a	B	closed_protocol_bundle
00_nucleo/diagnosticos/p1341-oracle-receipt-r4.json	3604	3d51246214f507497171223f5b1f34007d502315	fca507eca04232595e62d6a6a78882e109820d08b0b54077f13d715df4b11a60	B	closed_protocol_bundle
00_nucleo/diagnosticos/p1341-red-receipt-r1.json	5353	462ef5fdc01ac0823218d6b63325add2516a9d7d	c7dc947721dd9d482897c24c366869922699a47cb8681fec459aa287ac68484a	B	closed_protocol_bundle
00_nucleo/diagnosticos/p1341-red-receipt-r2.json	3361	1c59422c52f2c2b4c59e2dd1ab573a11adc7c20a	ca73bcb253663c312d2b4792d74779faf21bc731333e7f705f3222e25ee549bd	B	closed_protocol_bundle
00_nucleo/diagnosticos/p1341-red-receipt-r3.json	3893	be93e4c970a09e1d2d65f0168ff14bdefb8a215f	ed14a0987fc103a96e001c62cf72cf7474268f710776a54d93b31ce60bdf51b1	B	closed_protocol_bundle
00_nucleo/diagnosticos/p1341-verifier-candidate-r1.json	10064	eb75037a59d2b589acbc624d91d2265a68f86a0f	cf63928e5bc2360b58f6f828a3e5bb5ff8c82034e7ec513e3f098186588121f2	B	closed_protocol_bundle
00_nucleo/diagnosticos/p1341-verifier-preseal-r1.json	9692	38929f60b107fba55a4aa590520364cb812f9819	c78b8f76ed64c99a8e4926e305af1eaf6d22c3a1384db4a6451f5f715909f7e7	B	closed_protocol_bundle
00_nucleo/diagnosticos/p1341-verifier-preseal-r2.json	11363	c6fa282ed99edb88b5a56ae21c0f6573a9daa2ac	ead304d1bb43faf54cc2d69fad7960fc67cd7e79159bc188ff4406c008709adb	B	closed_protocol_bundle
00_nucleo/diagnosticos/p1342-adversary-receipt-r1.json	5644	336a77121c14bce719609e436de410bf829911b1	d1e6ddb988f47cab4329782fea5c54a142b31ef9bad889206505dd7d29dbc742	B	closed_protocol_bundle
00_nucleo/diagnosticos/p1342-adversary-receipt-r2.json	4439	7b386fad7c1e126917418ddc1e6f9134f5c0a098	fc9dbd00142ae339062df11f463bac45b92b1a290e338f0de458ba68d65cadd0	B	closed_protocol_bundle
00_nucleo/diagnosticos/p1342-adversary-receipt-r3.json	1169	56c0c6ad57d8cbb8c40cb0655aa5c20d2b9fb289	3896992a9f6c083918927523cd62d389c255587dbd1ae3cc02fde9198d947e0f	B	closed_protocol_bundle
00_nucleo/diagnosticos/p1342-adversary-report-r1.json	15510	90c99d8c7b76eb20d3e84681221469727808beb2	100a953c17a868b4a1c531b92fb1a83696dc673c5d8c2774ac4875b1b4bbd1d9	B	closed_protocol_bundle
00_nucleo/diagnosticos/p1342-adversary-report-r1.md	6468	27c81222f126a8c9c6a7124a0a0a2d86da4edfa0	340aeb57a264945b8e8a86d08de96df4f038fd2f44530e80b9180324292a0894	B	closed_protocol_bundle
00_nucleo/diagnosticos/p1342-adversary-report-r2.json	11461	6b4fb016691a498ca8cb7f04239cd91de1c57797	2dcfbcad448ecdbe737965a84f97bc9ed2a83e6664d79495d131d482415e28f0	B	closed_protocol_bundle
00_nucleo/diagnosticos/p1342-adversary-report-r2.md	4835	2ecb0d31f27bfe34ec1f1eb0a026af18992c00ee	326c79e24cec81db3ca698e33b51ba0606537c42cfe1a2c934a5f5ef6ea04220	B	closed_protocol_bundle
00_nucleo/diagnosticos/p1342-adversary-report-r3.json	9036	c8c8628c31e571a3f157dd24e82f3f96d112ad26	47cc08fec5964c7b9d046c6dff9bfd8ff749e3eb2b65f7dad06ea01e029813a2	B	closed_protocol_bundle
00_nucleo/diagnosticos/p1342-adversary-report-r3.md	6795	c6c86e0f4acfbb7178c7fb6f6039172448cb1700	0556d3213d26a50f473b3a079337b67ab810c01eee4ae9894564c980db56f241	B	closed_protocol_bundle
00_nucleo/diagnosticos/p1342-adversary-runner-r1.py	17107	168939d212ccc30476575a30620135c79da72811	1d5a2ef7cb12b8fe37298edcf5794c68b3ed73b3741fa0d098e3fbe42ce8d236	B	closed_protocol_bundle
00_nucleo/diagnosticos/p1342-adversary-runner-r2.py	18466	bbc38003d1bf11bc3f3d3ffa0e2fea39f56b7454	0949026d345aa5ff3695b0f13a48b555b463dc96e317f54fef8d82a97c69407a	B	closed_protocol_bundle
00_nucleo/diagnosticos/p1342-adversary-runner-r3.py	11019	27d8b33d4aa145dc04ea565e33039c24217a2397	2251ec6f3d338329473a46d49910731ec851735b8b0da398a818e80895c3747a	B	closed_protocol_bundle
00_nucleo/diagnosticos/p1342-authority-manifest.json	4841	37522b27193b1cc0b9cafe79f5988ad8ee37129f	d247e6714faf3249109beb3cfb2ef718a4d2049bb56c95aaabd270eb6eed87a4	B	closed_protocol_bundle
00_nucleo/diagnosticos/p1342-candidate-free-inventory-r1.md	2763	3cd7281fc0a2449c2c85b939c4bb9a1ddf450681	06fe7dce0bf1130dca222f3148af7680f16b754ec0ac09a7956d11713042cb73	B	closed_protocol_bundle
00_nucleo/diagnosticos/p1342-contract-authorship-receipt-r1.json	5148	b66949ed7df667063a03dfe02698d65e08cbe3eb	d04031c54b1d8e6ee18de643ef311292f02a6bab36c01f0d4037b6e57d41bc4f	B	closed_protocol_bundle
00_nucleo/diagnosticos/p1342-contract-binding-manifest-r1.json	12692	75024e06480f929f9ee5cff0d67ff03c88a59058	57abe32b9dd0e09d12235fe26d4f02c75a67c4e837736ac4c08b19174d8598bb	B	closed_protocol_bundle
00_nucleo/diagnosticos/p1342-contract-binding-r2.json	22745	a98737c294575d15ff5d77d0ce9fb99b74f5becc	3b522cf1b0f288fe1e472f21f775089541835ede754250a14a3c2d17c17e9d48	B	closed_protocol_bundle
00_nucleo/diagnosticos/p1342-contract-binding-r3.json	10821	259df2d5e998625cc2efb53753c052df8fc64b91	8630a376350d374f854345c37282ac8fbb657f2f9a8506b7de47bda7b8276bf5	B	closed_protocol_bundle
00_nucleo/diagnosticos/p1342-contract-fixture-r1.typ	178	9a6985c78b172d980c8c6b4ea977a4f3b89ff4c5	98159f5ac529520590a197521dfb23383cec0ba6373b431b8b33f426cfc3a714	B	closed_protocol_bundle
00_nucleo/diagnosticos/p1342-contract-r1.json	12192	c193800b6933cb6d7b6c40c23932e2986e77329d	de5a23a6053ce9fae7d8a377044bf5a43381bd8fbc5a362dd159bdd33567e783	B	closed_protocol_bundle
00_nucleo/diagnosticos/p1342-contract-r1.md	5655	b72e93db0380033089dfe2915b70fab53c6155fb	a63943e98663fd5554014e081c73c3491fd3febb921d822543a89cacfe09c18c	B	closed_protocol_bundle
00_nucleo/diagnosticos/p1342-contract-receipt-r2.json	6867	7a653e93089bdc0ae3e88cb810cc0d66af9e33ce	2a2f14c5bf3e3e945398ad296c676e43aeb7ca57080ec953de990ecf016bfce5	B	closed_protocol_bundle
00_nucleo/diagnosticos/p1342-contract-receipt-r3.json	5882	8d27bc9830aae9eb0880672bf0667d1ed0b4c740	a14707ff9be26dab7cf8a2f0696c9746baa7cda15bc3a7a264fa3331d1327800	B	closed_protocol_bundle
00_nucleo/diagnosticos/p1342-contract-spec-r2.json	18845	27626b0bf88ee7fc62279ca81cc0ab64c6a0e8f5	62d656241ecd96cd3d984025e59990d607a0efd75c3c326503c7ec07a3486c4d	B	closed_protocol_bundle
00_nucleo/diagnosticos/p1342-contract-spec-r2.md	4930	652e7b35932b1cbda0baacd87eec20f99758ff0b	e4ac26af930defe05ab9a04f60781777dfca42c25736285b1dfcc5fece0aa090	B	closed_protocol_bundle
00_nucleo/diagnosticos/p1342-contract-spec-r3.json	12483	a938ce92d9da418917a54faa47b3f4ac0b861266	07689c204f8741cdcfcc23bef9fa4af969dba6d991caaa93afaf117eb7ac73e7	B	closed_protocol_bundle
00_nucleo/diagnosticos/p1342-contract-spec-r3.md	4507	703627a9944a456d21b22e6bf014d76f69d7b3b0	1e798f3afcab77d236d82a4de30b3999e894aaf40838f154b17b80f35748c409	B	closed_protocol_bundle
00_nucleo/diagnosticos/p1342-implementation-blocker-r1.json	3870	47c861b507c2591406e64962139789bfb01b26e9	9a46cf931ea8f90f884b0b22cc93df574e17537bae807051cc26870f2b28a4f2	B	closed_protocol_bundle
00_nucleo/diagnosticos/p1342-l0-freeze-r1.json	3996	5a5dea7e5e4a982e80430ab73f5f1df1625198d6	2fb962c3edd8cdd83848d2cd7c9158c39a5d0218f510e81bb5e8011a540e8c0e	B	closed_protocol_bundle
00_nucleo/diagnosticos/p1342-oracle-authorship-r1.md	6538	ff026a9d5f6bf94af2e2ada9449ecdeea0384f79	24921171e23e932e9aa2d18ee35e547dd3d2c1c4d313d300cc84f69976348291	B	closed_protocol_bundle
00_nucleo/diagnosticos/p1342-oracle-authorship-r2.md	6021	201c8c5b3b8213ef0918d921f8b8e6621aa28b7f	7287a98c7ed2e2ab5d480ebaa6f5137a46011ccbc0ffc7f53e7f611a5fa7ded2	B	closed_protocol_bundle
00_nucleo/diagnosticos/p1342-oracle-authorship-r3.md	3256	fde1c48e7f5e0d3cb8b2081771c9ac9dac472bbd	44979c785460cc680cdc20fd55ddf6966bae26869e6c8eef2fa9cc65436452b5	B	closed_protocol_bundle
00_nucleo/diagnosticos/p1342-oracle-authorship-r4.md	3476	be33250b8cacf8f34acd7b452a3d02151fd72176	aecbb9da5dfe9328e89eb4f5ac10e4e1c46a605e1ace93e57558cdb697d7361d	B	closed_protocol_bundle
00_nucleo/diagnosticos/p1342-oracle-authorship-r5.md	2746	45d177d80cb5445565e7fb717d790ef96c702b22	ca40925c678c7cfe7dfa19d93c6fb41b59c798c089f30b9457b7b8d741f3dad2	B	closed_protocol_bundle
00_nucleo/diagnosticos/p1342-oracle-authorship-receipt-r1.json	6910	e91dfeecc40a57bfd9b39ce4b245a6dd5f47ca32	e1de2bcb5ac98121dbca913204689b6d23f15b52d186cb6983729c4e2e352bd2	B	closed_protocol_bundle
00_nucleo/diagnosticos/p1342-oracle-authorship-receipt-r2.json	7646	0fd060f7880561f06d99560afd0b85491f2585a7	3d8666e95df6e4301c4e9614b9901afdee096150801ace8d43d4575f14166a8a	B	closed_protocol_bundle
00_nucleo/diagnosticos/p1342-oracle-authorship-receipt-r3.json	5419	b9f228660fb36c1c3c0ae102e68d354159e5d459	c469c395450b43df4ccc995b5368e619ab37f5e1cec59915cc5f752eeccf58ec	B	closed_protocol_bundle
00_nucleo/diagnosticos/p1342-oracle-authorship-receipt-r4.json	6838	f89b7c8aaf303d8b17ba6284540c895e2421e0fd	377b74631971575c173f184a22ac94633cd46bc50fe51f1334202c791dd6614d	B	closed_protocol_bundle
00_nucleo/diagnosticos/p1342-oracle-authorship-receipt-r5.json	5113	5c6684e3361f748aa2633ffaff6aae7453d2929a	43eb0716901da8d49835bfef72508900dffb2461e3f5d7cb0796e6eaed8de713	B	closed_protocol_bundle
00_nucleo/diagnosticos/p1342-oracle-checker-r1.py	30549	68d8d4bb5806283aa010c11047702f98eb4a24af	99735c9ba6bab67a86bba897f7765796dcaf92c43f9198dd62d0cb06d354ce61	B	closed_protocol_bundle
00_nucleo/diagnosticos/p1342-oracle-checker-r2.py	54881	9e00044c6e318f984b1238e2b4df4a298e679188	06889314af3b889c75e3b3b73f22d425ecc3ae813910c3ccd1e61f6deb3b169e	B	closed_protocol_bundle
00_nucleo/diagnosticos/p1342-oracle-checker-r3.py	23811	b06e649fe0e0ba9bb5e9548dccc8b751f47e949a	047dd04c811fd7672143bdc253b759450d2f61d548cc3b49dd3fbcbce71791b7	B	closed_protocol_bundle
00_nucleo/diagnosticos/p1342-oracle-checker-r4.py	30409	b6a5bd36826108a181c9c99f838a74dda76c7ac3	2fb44d8398d85fe174231b6dbbaf59c7c350f1de6cd6ab3f974092c1d85535d8	B	closed_protocol_bundle
00_nucleo/diagnosticos/p1342-oracle-checker-r5.py	29311	4d2d82a2d9e6e5072eed26868c0df528cc802d40	78ac4f374b52f3eeaaed6f65de004730693b4abea2150544607894194d00531a	B	closed_protocol_bundle
00_nucleo/diagnosticos/p1342-oracle-corpus-r1.json	19266	fe4159896ca628edad8c16bcb8092883f2de9a4c	880978de128ca3582bfc6e59da0ed8753734a5af34687a8f03b8ba28ed0eb3da	B	closed_protocol_bundle
00_nucleo/diagnosticos/p1342-oracle-corpus-r2.json	11053	7c33341b55521d2f5832830753fd0a389b442b57	1dd1a7905942571ccc69297530e520014b1c9d920ac1f5ceeeca8962b4e00dcc	B	closed_protocol_bundle
00_nucleo/diagnosticos/p1342-oracle-corpus-r3.json	12726	ec9927878205301ee8dd2568e4842bc8d8dded19	872b906a0665b933d1ca30337a44849e579257f3eb331f33e034a8a2c5ed6160	B	closed_protocol_bundle
00_nucleo/diagnosticos/p1342-oracle-corpus-r4.json	14148	3a3056b893e5938b6eba1b4696b732a6ba2e7b2b	a5d163b4d036dd24257af4aab3306c2f01a340437c6474066ca0990844548619	B	closed_protocol_bundle
00_nucleo/diagnosticos/p1342-oracle-corpus-r5.json	16217	d9c03136e8226143a7379c19c702fddc74e1c6eb	3666955e792f61ff7cdeafe33b2b1b7c485102114089d6a6b34204ea8017e01f	B	closed_protocol_bundle
00_nucleo/diagnosticos/p1342-tests-freeze-r1.md	3538	3abbd44d426d19d617db391a88881b2f5e5678c3	b28bec6e989a980012f08d1d917f7ac4748149ab44217bec2697ca6bf20438f8	B	closed_protocol_bundle
00_nucleo/diagnosticos/p1342-tests-red-receipt-r1.json	4907	5231634c43951a005dbb2c2039c2db270b6d5650	32aeb0e4c1a8be50c36db5ebd9c03e18c322f6aa4198623b168b906537654433	B	closed_protocol_bundle
00_nucleo/diagnosticos/p1342-topology-receipt-r1.json	6661	4eda9e2e3fd5f269c55b8996357a59d64a063ac4	a9934dc64972a4154e1408b0b664c54612db11f2076ef34a159b0839001d8c4d	B	closed_protocol_bundle
00_nucleo/diagnosticos/p1342-verifier-preseal-r1.json	8943	9cbe1d6843a2ea46686a0fe65d1c46a9b76228ee	700546a17638e7b5326559b49a03422e1a4db4f83ef72d94f01b722e04d0c6da	B	closed_protocol_bundle
00_nucleo/diagnosticos/p1342-verifier-preseal-r1.md	6701	49a46e09e7fdfaea9c4962ac8cf01be6a99062a7	8373ebdec40c09b005f78266d0f0b133462b29c45d5551501c84fc02c8a1a53b	B	closed_protocol_bundle
00_nucleo/diagnosticos/p1342-verifier-preseal-r2.json	5203	e16057c4163e3e3c9ed80421dc1292b014d0a99e	c47290f298ae4b6d84c4b1e6c5871ef08b4045d38213e8ff3ccd3149eb261d80	B	closed_protocol_bundle
00_nucleo/diagnosticos/p1342-verifier-preseal-r2.md	4816	a4fffe978fb0ee5f9bb8754976b9cb1ae9fbe51d	7e96acd93337cd94f63ef3582aaa0d16d171270fd84bcc40a73306fc31c33ae3	B	closed_protocol_bundle
00_nucleo/diagnosticos/p1343-adversary-receipt-r1.json	6196	3adfc7832616a6c35fef754e12433fae87772ffe	00dd7a228654f02ab01a10e29ed97195d8ff66570da75bfbf76e0b0064961802	B	closed_protocol_bundle
00_nucleo/diagnosticos/p1343-adversary-receipt-r2.json	6912	29e9f89edcc77b85a100c34dcb35df2679f382da	6caf6272e08ce63f846fabb613f6a26fa820f521f7d31d311e231430160a9752	B	closed_protocol_bundle
00_nucleo/diagnosticos/p1343-adversary-report-r1.json	8582	eb6ee272144635a7914874ed3d1ebb6617bd98de	2ceaf77378591bb16458d3e594d1c9f4ff459f6bcdfffc2f3665df8894e9ff8d	B	closed_protocol_bundle
00_nucleo/diagnosticos/p1343-adversary-report-r1.md	7506	15d9c38c1933b3c9ff39479ef66f4a0c2a82414a	54aedd27c15e279108e6fb043e6e6db6859d7b2641db513864452dd3bbec7ae7	B	closed_protocol_bundle
00_nucleo/diagnosticos/p1343-adversary-report-r2.json	10839	be6ca78180e06f42fe8213b4c3cb4b6592ea9fb2	9900f35702456c59d1183a9d43ab3c3c32afe6a10c3c82c64f8903a1f4488586	B	closed_protocol_bundle
00_nucleo/diagnosticos/p1343-adversary-report-r2.md	8565	107190c228bd469cb6df93a82c87b2efdc68ed56	3c58379fe69ebd38bb4393dff123730188f163fc8d5ac6c67e36e54a8e4374e9	B	closed_protocol_bundle
00_nucleo/diagnosticos/p1343-adversary-runner-r1.py	18226	330da6741dd5ab2e3b4700021d004c55ba1f81d1	6064ab8d20199cd5fc0d938c97bbda4e0be1d3882a1d784b537565714595a899	B	closed_protocol_bundle
00_nucleo/diagnosticos/p1343-adversary-runner-r2.py	25145	198856fa070560b0a7f8d7cfddb0147d5e2555cd	8f93520298b8751fd8fbea3430e014ce6e9b938a05431d929538538773402aaf	B	closed_protocol_bundle
00_nucleo/diagnosticos/p1343-authority-manifest.json	8688	06d98c6bbfaca64a22b0bbcd1c2ba5265922e974	d41aff08708b9fa72ac1d130ee71543f5048ebf2dc6944c25aba9a42b866dc3b	B	closed_protocol_bundle
00_nucleo/diagnosticos/p1343-candidate-free-inventory-r1.md	6554	71ab50b4953242516022a27e2084e853e3cb5b91	76e34a8c0a97362019ea0917c9909ba1d55882abbb3bf1f23ac08e0b018c0860	B	closed_protocol_bundle
00_nucleo/diagnosticos/p1343-capsule-baseline-r1.json	65927	1dc0f4467cb4e952c73db61a2419e77d6d12417f	db143d9fec795ec81ce7a69be5e08b09e451a9d6eb07a1a39cd1dcd41ee82977	B	closed_protocol_bundle
00_nucleo/diagnosticos/p1343-contract-binding-r1.json	12662	07280acb2132fde03776cb721ed862f4aba163a5	fbd5ff5f9f32594f95b6b76ea11b562fd1772172dde3a80d4083c9e401ccea85	B	closed_protocol_bundle
00_nucleo/diagnosticos/p1343-contract-binding-r2.json	33376	f9feff81666f3ed472f3199d82b26a2dd6d2feb2	216100a3970bdc79b3d77cd34f4528d46cd04e06dbdc9d63d552f723a557af58	B	closed_protocol_bundle
00_nucleo/diagnosticos/p1343-contract-receipt-r1.json	7354	42f14b168a948482dc49502ae5baabc47215c833	dfccfd81e7254c5c22d3de9530a3fd55b267e906e503de62c27da91539026e15	B	closed_protocol_bundle
00_nucleo/diagnosticos/p1343-contract-receipt-r2.json	11707	bca563b9f130a8772882989ba2e6f8fef4041e15	013c7bb1b36a5a182a69dcb5c8451af3915239ed292c83682dc1655b51243637	B	closed_protocol_bundle
00_nucleo/diagnosticos/p1343-contract-spec-r1.json	30755	3f29dbc65d45b50131a204a961f321f49d41ef80	67107164ddb631e2c1539ca88c90658041811dc389bbae47cb2738312a5f3467	B	closed_protocol_bundle
00_nucleo/diagnosticos/p1343-contract-spec-r2.json	22381	0cb4510c3406c55db4fbaa4f6c4afd05a87da67b	d4e444f6966a2be34018854c2b3857452447af1741e799e4cc2cfd6f31c48967	B	closed_protocol_bundle
00_nucleo/diagnosticos/p1343-oracle-authorship-r1.md	6324	dce3a9f02ebc9795d3395b5df2c3b948f71762c3	08db1ba6f1c30438933ec30dea093053c745ec59676d4f0a21722e6e4d23ce1e	B	closed_protocol_bundle
00_nucleo/diagnosticos/p1343-oracle-authorship-r2.md	5381	99d725e8562429a7176f215c5f131354e2592b62	eaf46ddbb047a5725c8f65832691a4b193f80c2c3028cd19d3131455f807171c	B	closed_protocol_bundle
00_nucleo/diagnosticos/p1343-oracle-authorship-receipt-r1.json	7007	fce9810b2c65bd4c22da901f992ca0dd7f92b667	376cd55b10eabfd97109e45f86860157a29fce7698e44ed9f685f3bc126fa810	B	closed_protocol_bundle
00_nucleo/diagnosticos/p1343-oracle-authorship-receipt-r2.json	8061	0f529ff285cd3ad425eb27c12a50c9e4aed16f20	d1b240846ab14f3501e05f7c675eb44bdea30cd183e167f73fdc288c94a18dc2	B	closed_protocol_bundle
00_nucleo/diagnosticos/p1343-oracle-blocker-r3.md	3614	a1fa9c19805573a8f416b4fb48e6f8f0685c70d6	c2af3f4b314660f620904d1fd7fa2bd0d5a5c9d8162d66edcf9aaa49e8a053d3	B	closed_protocol_bundle
00_nucleo/diagnosticos/p1343-oracle-blocker-receipt-r3.json	4503	5bb022b9b366f823f1aa405543929db5a1841f34	5db7551ed182042d045a58efb9ec3c04953f9d6738cf822555de8606f4441171	B	closed_protocol_bundle
00_nucleo/diagnosticos/p1343-oracle-checker-r1.py	24150	8a90fb965ee595b2594cdd286ee84ad211ff5df1	ee8f8b5fa212753d1e90294ee6f6d1559ec9d717a667169f596e33c8b2b576e8	B	closed_protocol_bundle
00_nucleo/diagnosticos/p1343-oracle-checker-r2.py	22940	ffbfc51a206f6a5e146dd2b25a887f28392842b2	ff6d83c9dbfe356b2068204e15d05025f10d83eacb902d9b9c1511a20b098ab9	B	closed_protocol_bundle
00_nucleo/diagnosticos/p1343-oracle-corpus-r1.json	21141	f036dfa95109425db0d0291af5d571f19f84e8b8	294e83c280086f64466651e9f5971e55968710dae639fdbaa6eb984cd2442ea1	B	closed_protocol_bundle
00_nucleo/diagnosticos/p1343-oracle-corpus-r2.json	8591	5a53530df9e99f942ceff71ec3049d28cdebdfc6	72eb41172966de03a42dfc26eea39f7c426f38123f6ba512bb8bc663a30cfcce	B	closed_protocol_bundle
00_nucleo/diagnosticos/p1343-source-verifier-r1.py	45307	53e798036398f31f0ef304fe6fa811a30f623d92	07c5827a578ad298ba5f777d56395d9bc66eab156a9500a6730a5cdc335bf146	B	closed_protocol_bundle
00_nucleo/diagnosticos/p1343-source-verifier-r2.py	22713	26673e2a1ede7d2d90520b83b6eabfdadee6fb23	fa7c15eea4b45e83c5f078a7a3820bd0499d55087aaa96f7863ea5229495512d	B	closed_protocol_bundle
00_nucleo/diagnosticos/p1343-topology-receipt-r1.json	6317	e08452bea7d2554f4e722c62c4ca0648063b7238	76836ea3300a66f4756985276bcfc3eb9f28ce405a1ec22a6ee8547c66f75c6d	B	closed_protocol_bundle
00_nucleo/diagnosticos/p1344-adversary-receipt-r1.json	5376	14cdf0899c3880bd4af1cb09f8a8182dacd640f0	430fd1ba9bdae3adcac49e3b775c4540c2ad106627c2172c1008d34afdc982b9	B	closed_protocol_bundle
00_nucleo/diagnosticos/p1344-adversary-receipt-r2.json	5746	74a7d7b9f81ce4a39e792fe67567942865d74067	0c830744ffa6714599bc7c428277b1d37246db6d7815364b04044045752b7c4b	B	closed_protocol_bundle
00_nucleo/diagnosticos/p1344-adversary-report-r1.json	10230	86cd64cb75d5298417c0ec2219fa59f7d432f649	c0705aa3175c80866e52546acb8fb7a22ab0df088a57ae18d13112275ae18d09	B	closed_protocol_bundle
00_nucleo/diagnosticos/p1344-adversary-report-r1.md	2741	5091bab7e94a84bf96f45411a683757bad05506e	5e5f07688f071b865582f40824e8866951e4ef871f9d13fd73a779dbd961902d	B	closed_protocol_bundle
00_nucleo/diagnosticos/p1344-adversary-report-r2.json	9576	0cb6a6ff0c02765f1fe5114112b18637e7ed3231	2c536123d13e3aa537d5c7071f2910bb5b502fdf14aea82eb931b875d9d6bf9f	B	closed_protocol_bundle
00_nucleo/diagnosticos/p1344-adversary-report-r2.md	2081	e7029949b051de3b9c855937a24c471d639a8510	4488328f5c4bc0e9ce283fa7c8828056b19fcd737e2e788c37f2f80e7b31078c	B	closed_protocol_bundle
00_nucleo/diagnosticos/p1344-adversary-runner-r1.py	16442	d9c10e0fa4f32d7d9b3109de02f350d1abb00351	db23812f7bd90b232b7bd3f63de6ea66118b84ba7a02ff50d9863360b905d3fe	B	closed_protocol_bundle
00_nucleo/diagnosticos/p1344-adversary-runner-r2.py	15217	310ff626b363be2553b9550c4ab73d7c3222d651	0993c415fd9c6f867bf33b3e710bbc2ab636e1976204fae7867c2a7a7758fae7	B	closed_protocol_bundle
00_nucleo/diagnosticos/p1344-authority-manifest.json	7266	17eeb6c5aec22acbb42a02aa4ad51725c3c5e909	9a3cafa60d0dcffb395bb1bda5c823ed5b1881ee8239fe06d8c6cf7614d342d1	B	closed_protocol_bundle
00_nucleo/diagnosticos/p1344-candidate-free-inventory-r1.md	6407	a3872aa471bb9a6806ea5b1c3c22f97c54d1dfed	1b9e6c5c7196a999c7e771a96dabf150dc7e5a591eff54f507b083d28943f8e7	B	closed_protocol_bundle
00_nucleo/diagnosticos/p1344-capsule-baseline-r1.json	14353	6d549b82743a2431dcc346302233c00cf2a25523	f64744d5bdc31734f791af24acf4204949a77c019542d5baa61c48b07e7dcaea	B	closed_protocol_bundle
00_nucleo/diagnosticos/p1344-contract-binding-r1.json	18548	c8f331e27d1c18ddb39846770db7086a6108c5de	1f4d8812d0a4e2a9451d2f8c08931fb71e1baa54a3484a411d2cf76727115bab	B	closed_protocol_bundle
00_nucleo/diagnosticos/p1344-contract-receipt-r1.json	9492	59fbc1740beb45db1b70c9bf6f63632559d612f3	17af4ae7978cd1801256522e18c578fb7520b1ae98d0e0b3b7cde6d47e56b249	B	closed_protocol_bundle
00_nucleo/diagnosticos/p1344-contract-spec-r1.json	20571	8b562d819ea3cf99bfa7a514c087f479f9bbed2c	157877514d350947f6483ec371c356dd2181c2e0f98e8fa9eb5e465527983279	B	closed_protocol_bundle
00_nucleo/diagnosticos/p1344-l0-freeze-r1.json	6770	46931c18fd80d27ef76310ca8145690dbae19618	6cc3a61f2d5177b3ede1d7805f8db8f7edfcd0a2f9ea55aec50405db7832c75d	B	closed_protocol_bundle
00_nucleo/diagnosticos/p1344-oracle-authorship-r1.md	4068	2106983103bcd7b364e00b8e0494530b8fc910f9	cbdc774e523efbff7814865bde219b3f39e7aeb9435d7c6f733bf144cbd3f7e5	B	closed_protocol_bundle
00_nucleo/diagnosticos/p1344-oracle-authorship-r2.md	3718	8f8d4a3b9edccdad198ec0e0f4cef3d171eba93c	446ff183bf9531a563360395b7a27002968045f2fb9ccaf8d636e7a8b3f0c419	B	closed_protocol_bundle
00_nucleo/diagnosticos/p1344-oracle-authorship-receipt-r1.json	7898	9fca579d38dcd4054eafba64e2e7b01c9f01d2ca	dbd9f101292029a428db8533ea938d991270a06b52629c1dd11612b674c1d8f4	B	closed_protocol_bundle
00_nucleo/diagnosticos/p1344-oracle-authorship-receipt-r2.json	8695	a29d443aebec978b8f414980d3500fe1909c45ea	74dd492dce9b950edab222b19cee8038240cce095dead726ce1dd8f91fce0ab4	B	closed_protocol_bundle
00_nucleo/diagnosticos/p1344-oracle-checker-r1.py	30935	2b52bec21f3d9e621b38c645f724753f069b2d37	375602081721b368aa0bd032738392ee7fae2ff429183d1f04fd4f7f7144c564	B	closed_protocol_bundle
00_nucleo/diagnosticos/p1344-oracle-checker-r2.py	16389	e39f661553e90323c3a8704a97e2018ddeabe010	62a9ebb7241fc6b2ff1495417b5a5f8b3d4ad547dc2e770cba6da8c60e118d5f	B	closed_protocol_bundle
00_nucleo/diagnosticos/p1344-oracle-corpus-r1.json	11436	edc14022bee037fa41392e03adf5e65c9ec3e2f9	7ce12848ce375ab21f5ca9e112e5b653d750fdd9e4a7daf93c9d8d1e7d0aa0d6	B	closed_protocol_bundle
00_nucleo/diagnosticos/p1344-oracle-corpus-r2.json	10810	9bb353f8032b452d9d296cdfa360d0d168d65bb8	1246920352da5678603dadcd07efd2f1e2364e2e397d2d26fdd36b8b7ef757e5	B	closed_protocol_bundle
00_nucleo/diagnosticos/p1344-source-verifier-r1.py	30460	a3d9e680e36ebe04d8b6d852e321ffa55fda84dd	83a0021d504c22ddf1591210015c7d451162789b1dd0256e0299d78e9e7fc9ea	B	closed_protocol_bundle
00_nucleo/diagnosticos/p1344-source-verifier-r2.py	17514	d5e39059e052533e3bc829fe284e7bcfc4c84e50	62824f399b34659b81a2ab6ff538ad0747b4bb76aed6c5af4cfc78fd17a20e82	B	closed_protocol_bundle
00_nucleo/diagnosticos/p1344-topology-receipt-r1.json	7903	c739675a84ae884db141144523b4e5b7659339d0	b6055f728f15f0ea21b830e3af8be85cd07af22104d947ea6453c7ed23ad4194	B	closed_protocol_bundle
00_nucleo/diagnosticos/p1345-adversary-receipt-r1.json	7436	92af1d93675c820752224651fe6c8953a53fe2f3	5c5113987c7dea411ce76ea50f6f5b25b319dbaf32092bbac9a97de1d3ecefa4	B	closed_protocol_bundle
00_nucleo/diagnosticos/p1345-adversary-receipt-r2.json	5447	5bf32f9c1759357492cdd9a7a351a611deac3fbb	012c19161aa88c99819204b14da4abb8da1a61a65760d24c52921f6299e5fc4c	B	closed_protocol_bundle
00_nucleo/diagnosticos/p1345-adversary-report-r1.json	27919	b506fce94402c828686c05ee294564a910d3d1ad	44c54be9de183c6a6bef5d9a435b31916fbb0d9c6508b6e2066c5b7f6b99377f	B	closed_protocol_bundle
00_nucleo/diagnosticos/p1345-adversary-report-r1.md	5392	8c8331f1488ad1de8893f45bec10fc65c558f9ca	3db92c1a84a6c9cf6f21a44d21b4c58ef795117ae4d9b22af8078e42a18182c7	B	closed_protocol_bundle
00_nucleo/diagnosticos/p1345-adversary-report-r2.json	32834	3c18cf637d0e42b86e96ae2fc9e65c4373fc80e6	3130b8d6a2d5aab7c27c2ede92edfa955e390acafe1a6f78e3c2d7d2f6a0afdf	B	closed_protocol_bundle
00_nucleo/diagnosticos/p1345-adversary-report-r2.md	6105	4b0ab3a16a8c89ef7ee966bacb139abc9cae4d73	46957e86ed0da8cf81aa751034797ff06492015f2c4547c199e14d79f0ea7a61	B	closed_protocol_bundle
00_nucleo/diagnosticos/p1345-adversary-runner-r1.py	41275	294490298a0aec8ea0437fc99e483485e7548135	d758095443b701459e20a3193423771059348c4d76076bc251174564fa4a8a61	B	closed_protocol_bundle
00_nucleo/diagnosticos/p1345-adversary-runner-r2.py	25603	adc47aabd508e343ac104a16f3cc1a20aa8ccd15	929cec0c1f7581bdc9ea918402e42ebbea4b32682dc515a071f5846a9f71285d	B	closed_protocol_bundle
00_nucleo/diagnosticos/p1345-authority-manifest-r1.json	11384	ce71f8e39b0d364707a74b6d8d407aa549bb11bd	2ed02b31b39c6d588db7772cf932af40e344e87947662e12b7a8fe5c7e96b2c2	B	closed_protocol_bundle
00_nucleo/diagnosticos/p1345-blocker-final-r1.md	6071	fce9282de9e022d817ec88ee214f8ab576a76eec	dc1424e7f3ac1b2a4990aeb803ca4bb57caf6d445a75fac5e06443d7a82658cc	B	closed_protocol_bundle
00_nucleo/diagnosticos/p1345-blocker-final-receipt-r1.json	8082	83c70cd1e4a4ef3fbd772107d58152a72fc746f9	db4405e38c845bf7855175485903f23527fb95e4e8e8cf89fda3c134ffad269f	B	closed_protocol_bundle
00_nucleo/diagnosticos/p1345-candidate-free-inventory-r1.md	3196	7b75150662dceaba0b1e21941f6b4f43bb744fa3	fd4b4fa2f191bf8ba7267e48b643ff33d08a9d855a97879905f28cac429cb808	B	closed_protocol_bundle
00_nucleo/diagnosticos/p1345-canonical-capsule-table-r1.json	204678	ebb4aea74ce5c00a034092e253def0514d95e147	ffe9322a609c3f36ea152ce8a872407ebd7daddfef033660b495e235f0d2301f	B	closed_protocol_bundle
00_nucleo/diagnosticos/p1345-capsule-baseline-r1.json	5014	9a8c105a03c072bc32d3306d4a28534a902a4e84	e083f6b28d989afecf95d4b24d5483cef1d6bed45d5ce239f818156f56f05d08	B	closed_protocol_bundle
00_nucleo/diagnosticos/p1345-contract-binding-r1.json	23410	a0527dafc140c1817ece794677d0cc77495dd9e8	7b2451d5c290a0a4d3ad2ca4d54a0df93d39e861577aac5da7cd27f6d62417ad	B	closed_protocol_bundle
00_nucleo/diagnosticos/p1345-contract-binding-r2.json	13442	fb219062511b9316e2668fea45c515a1751105ef	ecc3a8a403d9d14d51808a35876f1f43d7773732c1d20f58574dff42d5187778	B	closed_protocol_bundle
00_nucleo/diagnosticos/p1345-contract-receipt-r1.json	7402	29f53ce4f18e2f043696114eb23dc89194cc4dd2	38b59f3952ee4e05d03ce0ff6151c9e23328093adcb4bbd76d36c6a99e6f7c85	B	closed_protocol_bundle
00_nucleo/diagnosticos/p1345-contract-receipt-r2.json	7058	72e6c6eb3a30005f9dc2457def7111a3a9ed4cba	875f937affb30486c9f63fa0aaf84d1e9a6e93214a8fdfb95db320e76a6c14c2	B	closed_protocol_bundle
00_nucleo/diagnosticos/p1345-contract-spec-r1.json	23615	f9fdeaf4d3056ae6bd85ade7d1488e62367af7f7	816aea0c92bf95a37fccbcc3c937af889e4638cf39b96593ffc62ecf004e6d1a	B	closed_protocol_bundle
00_nucleo/diagnosticos/p1345-contract-spec-r2.json	11117	521cb8377c3cad96fd3d16dc24e10a37d5097205	f40c2b42fe83a4b75e276ab2ea8a9639fa1553e80c06581caf8c53d948f9d38d	B	closed_protocol_bundle
00_nucleo/diagnosticos/p1345-l0-toolchain-freeze-r1.json	5759	6f1d2d7c9524e7357a1cdfeab7d19452e011b06d	9b1ed01ac9c7d0e5c5121906138fe4d4777ba2ce2982d0b89cafb2fef631bbf7	B	closed_protocol_bundle
00_nucleo/diagnosticos/p1345-oracle-authorship-r1.md	4581	9e01746748f743391056e963de741a59fa5d7f8e	7896fe50771838e85e1560b1b56754b30699f7c3b3925fdefc688c891fe510ac	B	closed_protocol_bundle
00_nucleo/diagnosticos/p1345-oracle-authorship-r2.md	3512	243273493d860c3aaa52f5c07147fc21c5e9ff14	365efbbc9b3256bfd075a08eec36369b92c74997d944345b147b36ad4641c205	B	closed_protocol_bundle
00_nucleo/diagnosticos/p1345-oracle-authorship-r3.md	2775	2b5fd9a346fe559e40c0645486223ad48162051a	528ab182f76d1bdaf31fa0d7ccad4533ff82200f9f551dc1c01d8c242c6f9422	B	closed_protocol_bundle
00_nucleo/diagnosticos/p1345-oracle-authorship-receipt-r1.json	7606	0961343263a337869b9b4e906cafe740ac1d8a10	d96404bf1811b5ab891438c117115c94657837a05cc11c0c0e1f1ef5588d54b4	B	closed_protocol_bundle
00_nucleo/diagnosticos/p1345-oracle-authorship-receipt-r2.json	1521	b60750dcbb625fe970fdb99e7b1cefae70052d5b	a69a4a8d70aba0c36e99bc6155ae24a7af7f1afc3810108301ddbb7c9b9e0ec8	B	closed_protocol_bundle
00_nucleo/diagnosticos/p1345-oracle-authorship-receipt-r3.json	1759	b9296d18ed69557660690e8ac6bd5e919cf3c15a	3a1179eb086c7d8aaae60184e6165ebf5b387a5f43746bcce0f1907d045c67f9	B	closed_protocol_bundle
00_nucleo/diagnosticos/p1345-oracle-caller-r3.py	3844	c3814b0ebb201068b847accdce9a2cecd3c86362	a87f8f2f355ed7950ebe10a05f252816e5c0e5ddf561240c8a710991250c817e	B	closed_protocol_bundle
00_nucleo/diagnosticos/p1345-oracle-checker-r1.py	16154	4f64d54e3dc8d8ec40bbada0c692e82c752029e7	8edf345e27e4b12bf4e2eb39cefa2a854f6ea73c2749e6a76f3d93c1119abc5e	B	closed_protocol_bundle
00_nucleo/diagnosticos/p1345-oracle-checker-r2.py	22361	81ecd17326e020bb3db633535d7dcb911479e6f4	8e2ff788526e0b04d3bce6624c4a1864c6f32a36fc3a35088b1bbf6118d1c6a0	B	closed_protocol_bundle
00_nucleo/diagnosticos/p1345-oracle-checker-r3.py	28124	4508d4e383459a9e1cdce54ab2adb9e02f633b55	67063acf2687a9662d7b213a8aa047c2a38f7b69a0310aff59f2dbe34809979f	B	closed_protocol_bundle
00_nucleo/diagnosticos/p1345-oracle-contract-blocker-r1.md	3818	2143eb5fc035781ad8b27447978afd9d2be1a287	5aa99f11d5b7b6cb23936f3a2c5888fbff0a658acbad158710cd0675753634b5	B	closed_protocol_bundle
00_nucleo/diagnosticos/p1345-oracle-contract-blocker-receipt-r1.json	4985	375bc5e8020fb338d3ca3b9478ce2798155de4b9	c6af354e667726824f7ac8b4ad9dec45d48aed8ca49ab4925b047d994439c1de	B	closed_protocol_bundle
00_nucleo/diagnosticos/p1345-oracle-corpus-r1.json	75222	ac16131f49fb53d0edc5cd688d45ec8a41668ddc	daf610f19634bea6245f08e530fcb75a53532500c63c2f8a98ef583096573a1f	B	closed_protocol_bundle
00_nucleo/diagnosticos/p1345-oracle-corpus-r2.json	3803	96c6a2d1b0a8ce248776856c3d26e1226f6eaef8	3003e7577cbf99bdc50d8f14b44897e4556a8fd18f439ec07a1de96e72c94394	B	closed_protocol_bundle
00_nucleo/diagnosticos/p1345-oracle-corpus-r3.json	4128	1ae762706ae9d16e58ab4242d0c8e0890176b3f8	6c5f6ce6173818e3c04373cdd0183e27fa1d5d208271322dc9ed5fb0c6cc1e88	B	closed_protocol_bundle
00_nucleo/diagnosticos/p1345-positive-fixture-r1.json	1606156	b96125851b8c7072bc10cc3ff12958bf673188b5	8cf4078146a3625931027d65a56f2610b132b2e9f6cf775ab4761b849a4d9e12	B	closed_protocol_bundle
00_nucleo/diagnosticos/p1345-source-verifier-r1.py	33509	156c4eeec740cecc12ed3d8a32b1c267a29acf51	a787f52fbcc2590255d50d982c8f0ccbca84f0c750062ede05aa6b171744d8b7	B	closed_protocol_bundle
00_nucleo/diagnosticos/p1345-source-verifier-r2.py	2380	afd252a309198695d85fe328d7ef5a594eb20afe	9434ca3f2191cade3207d236a553b76045a016a2770da243251dc5d2d9527250	B	closed_protocol_bundle
00_nucleo/diagnosticos/p1345-topology-receipt-r1.json	6190	338e627b456de6d6b983bbfd6dd52df7939805b7	f4c18c856ab039ae6c99357442a97661425e2a135c87ce35194ecaaf9c571072	B	closed_protocol_bundle
00_nucleo/diagnosticos/p1346-adversary-receipt-r1.json	2442	435d47d7fde3da6b47920f75d524a26fe6e89422	712ffff25fc1bac518e7f6ae8ee6cfb9f7e5817e447361ebd4207b54d5c1d7ad	B	closed_protocol_bundle
00_nucleo/diagnosticos/p1346-adversary-receipt-r2.json	2581	58edf089790b9996ba87f38866e78c35c22dec4f	2fdf8efdd0f805c3dc321f34192a01715b273b9b071f51d231b80e71c88115a3	B	closed_protocol_bundle
00_nucleo/diagnosticos/p1346-adversary-report-r1.json	42755	9f234859093d978cc121486df64ac8891d924264	79a850efeb6cbee0c48558ee8c3ddec0cb8e5dc49e9376d0769e2fbd9998ae03	B	closed_protocol_bundle
00_nucleo/diagnosticos/p1346-adversary-report-r1.md	4650	4f7eb88a08dade4d8208ce7e5db2663145bfb3d1	696295f8ec8cab4ee17a6325b6aa2ff975fe619d4f7e45c0b691d8ceb14dfeda	B	closed_protocol_bundle
00_nucleo/diagnosticos/p1346-adversary-report-r2.json	48680	fbb2c9417edb0743be871d193a098fbef5159e2d	60de39bf2588fab84953f3a2fefea4cfd842dac205f1b23b669830106ea6bdc6	B	closed_protocol_bundle
00_nucleo/diagnosticos/p1346-adversary-report-r2.md	5038	51ea33ddc42dbe5597fc18349f2745343e10038b	bd0ada205586718106e2e4851dfb8cfb7f50475967bd272567ef10d92512b466	B	closed_protocol_bundle
00_nucleo/diagnosticos/p1346-adversary-runner-r1.py	23634	9dd24889b9e049431d93888ecc8fe026209ea95c	eef0a9992f0ce45bfbede66d904a4561f4252a3c6940715640e9350a1bb3c45a	B	closed_protocol_bundle
00_nucleo/diagnosticos/p1346-adversary-runner-r2.py	27103	38158b4f51009b2138afa51047bba43c50375de8	1e77f7958c400f280756442fb8a185afce067502ab036bc125aa55d585608240	B	closed_protocol_bundle
00_nucleo/diagnosticos/p1346-authority-manifest-r1.json	9129	624e741dec861c2295fed72ade09ce39182aa9c4	d26e74fb5d7d675aa5ed069c2bb7b5599930bf165e5d4c678109e9ed0019b0ff	B	closed_protocol_bundle
00_nucleo/diagnosticos/p1346-capsule-baseline-r1.json	5512	bc5e43455474963cd938ab9928c5c762277352bb	23a2182dd4af00a83d51e5eda996fe661cf312c54d65a30c4d0d63f1dd637d78	B	closed_protocol_bundle
00_nucleo/diagnosticos/p1346-contract-binding-r1.json	26282	4688ed5717bf835d60537328d6fd7f1891f1ec97	bcc5e5fe69d3ac7a98a5ffd41e325e50ea4e6a5acc5d89834e78bfc6f4b36402	B	closed_protocol_bundle
00_nucleo/diagnosticos/p1346-contract-receipt-r1.json	9786	f2868c0f7171c089558935a3c9c4c7cd41373b60	2a19fbf94896b16f2dee5588450649c69e5a85e6cfa99a85025e2b3e21d4e873	B	closed_protocol_bundle
00_nucleo/diagnosticos/p1346-contract-spec-r1.json	25817	96eabd6f9906d50bfe060f534a4de890e54d4245	baa9065e14d9a67cd3f804c8fcc4063e3fc6a176156409a36a03f630181e026f	B	closed_protocol_bundle
00_nucleo/diagnosticos/p1346-l0-toolchain-freeze-r1.json	9221	8f9bf5344410ab1a034e0afe69d32bb00611d467	9f17a4b0f9b8394d77c9b64ad9f1c7543dc4ed04a7061306fb4c28c169464550	B	closed_protocol_bundle
00_nucleo/diagnosticos/p1346-opaque-probe-r1.rs.txt	5496	bba22feef7cf1be961062edf0caa75de8a20c6b4	863fa1588083638ec9f52b7ee663023e260a09880244c61cc948df36e946e2dc	B	closed_protocol_bundle
00_nucleo/diagnosticos/p1346-oracle-adversarial-replay-r2.json	5741	391e8f63a4ef74acc1c9926e3589593d798d2361	9760c7afec37ec32bd0249c58b4d9a3d5b37549bf44636771d19fdcd13f43479	B	closed_protocol_bundle
00_nucleo/diagnosticos/p1346-oracle-authorship-r1.md	880	459d1ebbd4cf3edf89851c33278ee06d2d9488a8	f066b46036b7e99939e612fc37f1980d91730656a8c6789235da52a3104c93bd	B	closed_protocol_bundle
00_nucleo/diagnosticos/p1346-oracle-authorship-r2.md	1000	ba904cbc64cca8f61c6d6f01105dccba707db444	923baa69564377545f1266d65ace41d0e4cf93abdb38565eab9cc4494b183d28	B	closed_protocol_bundle
00_nucleo/diagnosticos/p1346-oracle-authorship-receipt-r1.json	2084	4e55d17c0ec1ba7966025ba225082c2d36ef9be3	79ee4e7a9e246393926cee0dbb29ed01478f7c5cff441c0de82dee9ae20e781c	B	closed_protocol_bundle
00_nucleo/diagnosticos/p1346-oracle-authorship-receipt-r2.json	2085	f07684d29626db5b7c358be57af4eb0a19fdd0ea	7343643dba523fa7716e4fc89dac7ec20492c5c41718333d9f46f67ce260d4ca	B	closed_protocol_bundle
00_nucleo/diagnosticos/p1346-oracle-caller-r1.py	2893	c2190fdcb537383681ef65917e4e75973527c95a	2db5ac3ae2c46245298450cc416d4ce6ee41e1dba38506049f200f2292f2862c	B	closed_protocol_bundle
00_nucleo/diagnosticos/p1346-oracle-caller-r2.py	2579	3a6b0890ec118e9936de7e30efe5e7ecd5a147c2	ba4fd42247eadd04ee7a8af8519043a77113205340cb60edbe79128e29ceb120	B	closed_protocol_bundle
00_nucleo/diagnosticos/p1346-oracle-case-runner-r2.py	6335	22ff7be48cb22e1fd78df8e74cde9c1ae5f455d8	09bfbd15cd7aec9fb600dbea85ed84c6e7059cd252c3c42ceb296ee7c6a67c96	B	closed_protocol_bundle
00_nucleo/diagnosticos/p1346-oracle-checker-r1.py	32790	eb95fd02a23f24c5e2e745048d8cb30388674fae	aed47f690bc6fb1b24fc0711e7ccf5b6797a19055aa94478cb0b40fad133e13e	B	closed_protocol_bundle
00_nucleo/diagnosticos/p1346-oracle-checker-r2.py	26784	9b81582b12f4828ea6cbbc468542292f3457082c	c6c8e425b9387afd2d02d20d148d407c4f2b252cef3428ccb1eb1eec91894ec1	B	closed_protocol_bundle
00_nucleo/diagnosticos/p1346-oracle-corpus-r1.json	64740	c7664cc74d8225f639cf292eb3273398b60e874d	3ea720774f76346fbde01a695b54eed4352dc5f65e984892ff187006d7789932	B	closed_protocol_bundle
00_nucleo/diagnosticos/p1346-oracle-corpus-r2.json	65765	8631a5a18fec459e6f8775c9ad0ba244641044e9	6972a680ffca27f29d774b4ebde225227cb47b645cabeb64bb73205fef04975f	B	closed_protocol_bundle
00_nucleo/diagnosticos/p1346-oracle-delivery-receipt-r1.json	1486	5499d4b858fcbfa346c5fd74b943b7e5c782af78	f8d8f12776a17b08941d5969d8bdeebff183b62284d786c04481292f2c43fd6e	B	closed_protocol_bundle
00_nucleo/diagnosticos/p1346-oracle-delivery-receipt-r2.json	1384	b9731bd9f745419eecdf3263b71932c9dbe7684a	2b4ec685285153b185a3de6a92aec074de39731f34e0f52b35489ddfb4c0f5e0	B	closed_protocol_bundle
00_nucleo/diagnosticos/p1346-oracle-execution-receipt-r2.json	2432	2184fadaf88706d1eebb3283a1521d9e0b60e55b	a5a206776f0a267c0e0404a61a05b2a5c88f37349bcef4d333d48476b7d8a675	B	closed_protocol_bundle
00_nucleo/diagnosticos/p1346-oracle-focal-report-r2.json	52119	464f799f53c0beb913bc37e57f1991fb49b45a93	a9a35b11ba77d563ca4135bf250b8c26b09bf5020be412b2825b05c0f8bb4ca2	B	closed_protocol_bundle
00_nucleo/diagnosticos/p1346-probe-relocation-receipt-r1.json	4710	740c85f75e1f771e70a68d1ca68f22453b3652e7	b5ea227d33ec5272ad67ec1f3d99d1a5efe7f84792f69af449e3cc7a13a3e9db	B	closed_protocol_bundle
00_nucleo/diagnosticos/p1346-topology-receipt-r1.json	4978	fbf05bf545fe4752025e1bfb66510dde7779ff48	0f80149bf7eb7844745c8f5f5e88b14819da81c220349ddfee3e975508937f85	B	closed_protocol_bundle
00_nucleo/diagnosticos/p1347-adversary-authorship-r1.md	6016	f85807ce2de51212b114fcd1570599bb4517a9b7	dd2d67799a989eb8910e3102aa8d066b1d376ed5895d061455f54e61101b99da	B	closed_protocol_bundle
00_nucleo/diagnosticos/p1347-adversary-authorship-receipt-r1.json	2583	a44a3ea802bd1d2a9f7b6deb02c57af7373e6d30	fd5aad168f4c22e5cc781456f7b000df0c542da6637a4a55459d5ccbccad3aa0	B	closed_protocol_bundle
00_nucleo/diagnosticos/p1347-adversary-suite-r1.py	16003	7a39b8bf57f1dd2c0fead1d5839f8b42dd7b08e9	d51fa54da1c68dcc5c812847b90097dfe94f1b4eb83f1009294230eb5f37dd4c	B	closed_protocol_bundle
00_nucleo/diagnosticos/p1347-contract-binding-r1.json	25315	834cb807a66d955e4b5be58cfc22fe4fb02da14a	de1dcc87e77ab5fd6c8395fa4faacfd74fd90769dcafb5d2ef5c0bd30fda5fd1	B	closed_protocol_bundle
00_nucleo/diagnosticos/p1347-contract-receipt-r1.json	7405	c42d023c7cd2b29659364076d2dfe3a338d784b6	85c6ad312cf9ac83ff653e2a19ac96fdd9e29ad72d2eb4af90fe8fff14fafb1d	B	closed_protocol_bundle
00_nucleo/diagnosticos/p1347-contract-spec-r1.json	19757	864567e162a52a3d556b1b6d4ea040a6297f2a2d	fac6e30c7bbee3b50eec6cad8c8a9a8b30f3c09027f63293e73b4bf2341db0ea	B	closed_protocol_bundle
00_nucleo/diagnosticos/p1347-oracle-authorship-r1.md	1803	bd0bacf3c2b5aa815dd0729ad814f573a463fb81	62220bf6c71638582a5c234c64bb20b47e9e84e0789426cbe4e519f2add27eea	B	closed_protocol_bundle
00_nucleo/diagnosticos/p1347-oracle-authorship-r2.md	1890	0667b9640bff9400809b088a650ea28a12e47972	db1cda1e1a52192a4e74ecc624f6dce17d0c8126029daa44872f9e98c499b1fb	B	closed_protocol_bundle
00_nucleo/diagnosticos/p1347-oracle-authorship-receipt-r1.json	2208	6fa9e1a35b11e52c520ab7793ba26cd2be44cfa1	42eb856443d0a4d969a7d372ca1b99dd2ab109026139e0f9ed0f59090a7a7eb5	B	closed_protocol_bundle
00_nucleo/diagnosticos/p1347-oracle-authorship-receipt-r2.json	3191	3483110363ffe9de6b61ecbf642d690020153fce	fb66120dd74f102139e2db839516c716793c5d852dfce1f6fb414d15b67a681c	B	closed_protocol_bundle
00_nucleo/diagnosticos/p1347-oracle-blocker-r1.json	2934	379000c2d11693cec8f1fc5b2730a812141c42c2	f0e44b89438d8541789a5d3edc3c9e9a1b4baf2f1d81c8a25b476e77059686e2	B	closed_protocol_bundle
00_nucleo/diagnosticos/p1347-oracle-caller-r2.py	2658	6a482c2b4eb9077e9dc5852c8fb0c952dc7fa3f3	b377d09b912f4996d0712d67e9cd4b0b0eb0f7acc646f48f07d55fcf58f6071e	B	closed_protocol_bundle
00_nucleo/diagnosticos/p1347-oracle-checker-r1.py	42588	6fe47b082fb9ed34608d2bfb9edf93f1babf2bbf	cf5022f5fe18bf1d97909056ee3b58032d2cefd4cabd141c0ee6a8f75e1631ae	B	closed_protocol_bundle
00_nucleo/diagnosticos/p1347-oracle-checker-r2.py	43098	c59156c2bb52dce7ac7916e396ca42c3f0bbed1a	9aa0e93591195eac7ddb67069abecbcf0722abeddd9e955fc062804a89d16ce5	B	closed_protocol_bundle
00_nucleo/diagnosticos/p1347-oracle-corpus-r1.json	4819	cceaeb7d863142ffe9aaa5e2c6942829703d27f4	24f2aa18c2f39f1647d29d9fe74c2d5a2cfc9079f812bced92a7d60456e12c2b	B	closed_protocol_bundle
00_nucleo/diagnosticos/p1347-oracle-delivery-receipt-r2.json	2179	de16bc393426aa6e08404e8a82251fd5fbde4953	a3e7cb3e6f29bba6293187ae967bd303f3f2ebebb79dd128679787d3b433432d	B	closed_protocol_bundle
00_nucleo/diagnosticos/p1347-oracle-worker-r1.py	11069	2667baf14dfc1696db5175571b35be24569f4432	3f31593b545b7bec2160167c4395bf4bebe78a4111b194c74f4c775a4372afc5	B	closed_protocol_bundle
00_nucleo/diagnosticos/p1347-verifier-adapter-authorship-r1.md	7449	02460e723f25969ffd08804acdbb56fc1e23fc73	156708b40d76eb947b3999c6e7d4a9ad8be5b25cca153ab85e7b25dd3769e3b7	B	closed_protocol_bundle
00_nucleo/diagnosticos/p1347-verifier-adapter-authorship-receipt-r1.json	6851	a7c86c9ba0d6260df3723e6f153ddb215b5c9bc4	d29849a2fd17ba2fa45dc95c8bf4ac15705e7605becd7f3333332c67a597ba99	B	closed_protocol_bundle
00_nucleo/diagnosticos/p1347-verifier-adapter-r1.py	32125	d9b40e10f5593017064660350bb0e53516aa20db	cc71d74b85b14e6624aae53630f25a3c5fe34724cab7d62222f84377d6845a7a	B	closed_protocol_bundle
00_nucleo/diagnosticos/p1347-verifier-blocker-r1.json	12234	dd7837c3e671d5b98ee2e6317502fe3a02dfe248	3b649ced677059a459262710ce3466cb2efbd69edbfb6e60c98df07cffa64522	B	closed_protocol_bundle
00_nucleo/diagnosticos/p1348-adversary-authorship-r1.md	6638	146d94104d22db685ae7db9c5f07b3643a7f755c	75f347b9c88dd8c0099814ddbc506e2a962ee916ad7526051871f669fcb7f424	B	closed_protocol_bundle
00_nucleo/diagnosticos/p1348-adversary-authorship-receipt-r1.json	4884	cf078b20f163251f8b84d6abca83f52baa570b80	32ebf58fe116982e6c51190caf198e8346e5e1014bd10eb9d276ce96ac6e7bb6	B	closed_protocol_bundle
00_nucleo/diagnosticos/p1348-adversary-suite-r1.py	17640	8280953b90dd851f432d175f05140fc97c0074c8	14f3f41b28cfaa927197f5b5767612833e38944a9db74fb9f5ace7ee9b32e30c	B	closed_protocol_bundle
00_nucleo/diagnosticos/p1348-authority-manifest-r1.json	2843	dcacdb9d43b071107ebd9324b180c2f9e4ab736f	70754da5c833a43f1943ec7abdb453f67e8889b146b27b883e04097531bad6bb	B	closed_protocol_bundle
00_nucleo/diagnosticos/p1348-contract-binding-r1.json	22346	f651b5c1ec7e37766315a8e00623caceb830d247	de05f7c3a33bae7e131bca1aec0774a1fc370cdb3a6f43d50b1e2d050db5785f	B	closed_protocol_bundle
00_nucleo/diagnosticos/p1348-contract-receipt-r1.json	7624	799e89b66212a379ab48e514eed0d1ae7a18cb0f	1f49bdd80627edb61f115da108eca0b4216050bd81aaba093839e051f31b0daf	B	closed_protocol_bundle
00_nucleo/diagnosticos/p1348-contract-spec-r1.json	19778	1172de68511bbd5be933e5d2d6e47f14ec1b93e6	e9e3e10b069604f7bc45143da4625e728c34d6d3b7223c7fa9491173fa7131af	B	closed_protocol_bundle
00_nucleo/diagnosticos/p1348-oracle-authorship-r1.md	2767	e658092f12d2ae9a70fc0dca204e073c8bb5a1db	3742abff455a71865a1196712a641ef622f6a35ed39b996e9ee9398d13af9a46	B	closed_protocol_bundle
00_nucleo/diagnosticos/p1348-oracle-authorship-receipt-r1.json	1334	8b8402639b015f7d1aa163e3c2c4966d5de0b025	54f03388e58e5adb1acd55f27a19e8a0f0e28072c4e8ee3f9d23949c860bf24f	B	closed_protocol_bundle
00_nucleo/diagnosticos/p1348-oracle-caller-r1.py	2687	5fae0e273d0b178af1365c92e1310eceb1d02b44	2ebb7f9497b3c1ef9088b06b5e32704df464296f45c831b18c695c08f72e1e43	B	closed_protocol_bundle
00_nucleo/diagnosticos/p1348-oracle-checker-r1.py	46532	dda79e00ccd077115597eaedcc0dcbccbf588b57	fd1c4a0e1601ea817ffb92ad6723367083ac9f5c7a0f9bcecb155e9148764249	B	closed_protocol_bundle
00_nucleo/diagnosticos/p1348-oracle-corpus-r1.json	2205	18b0464424bee70acde5a570b618ab1b08bf5895	3e33630290cdfe681e855dee4c3becfde0aac53560d6d1c72c4e0fe83bb25458	B	closed_protocol_bundle
00_nucleo/diagnosticos/p1348-oracle-delivery-receipt-r1.json	1429	6d87f9839369f7e5cbf9571c9cefea51a428fa24	c06a0c78369f33e677830782a6fcd20ada7dc6ae037b90b6160b5517390f7040	B	closed_protocol_bundle
00_nucleo/diagnosticos/p1348-verifier-adapter-authorship-r1.md	6634	14607e3110ece107c1880ca972d02c384001b445	da35f9cf12b42c37885a5545c96e93bb6e9143f1c30a79fd853e9e4c31759c8d	B	closed_protocol_bundle
00_nucleo/diagnosticos/p1348-verifier-adapter-authorship-receipt-r1.json	5510	4fe95165efe81c5ff341c73230bc0ce099e5f107	782cbf5afef9250292ddbe47b808446ec412618b6e37ababf6c5c596478f8fee	B	closed_protocol_bundle
00_nucleo/diagnosticos/p1348-verifier-adapter-r1.py	45917	ba4d73877bf92a8b24422542bc799ba27613e5a3	bcec1c05eed907ec3ea8f45c55940ee5244fe9498c731e66458b9817d946edfa	B	closed_protocol_bundle
00_nucleo/diagnosticos/p1348-verifier-blocker-r1.json	12258	ef1a9621d4ccd0921bf43f65881a0dcecd42298c	e5b9e9423e2e3ad20064cbc20f2594e25396f7e1bffe20123a4f8392cb8501de	B	closed_protocol_bundle
00_nucleo/diagnosticos/p1349-adversary-authorship-r1.md	6755	a02a926c75d5deb0becd45f8498f103f7644c80c	ea364c7194fa2c3f9b15da2b53cac261cb4576e925713a2329e3d7b7484818b9	B	closed_protocol_bundle
00_nucleo/diagnosticos/p1349-adversary-authorship-receipt-r1.json	5834	ea270270202633fd5c2ecb63f700f0960df19a51	ec08d9406e3fbd993d750236e454b6d3f7210c11a1eddc31b1770f558af7b6a2	B	closed_protocol_bundle
00_nucleo/diagnosticos/p1349-adversary-suite-r1.py	18030	4fd965e5af5853fd590aeb3d9defc300573c67a2	9f7320db878b16f7be0436b364b34a2f3fdc7ea6a8b34cfb50da0a38930a1703	B	closed_protocol_bundle
00_nucleo/diagnosticos/p1349-authority-manifest-r1.json	3081	6ac828a5adac763de4d0136752c7a792c9486bb2	1d2b30fd83d78d1fada381f82062309cbe5eaba2a4d32665fa59872dd9c3c907	B	closed_protocol_bundle
00_nucleo/diagnosticos/p1349-contract-binding-r1.json	19999	3055cb0553f49b2398b615d784adf5c9e2a7ea78	3db25f33a5af2716b432788cd06e8ec527567584b803def215bd45cad06e29bd	B	closed_protocol_bundle
00_nucleo/diagnosticos/p1349-contract-receipt-r1.json	8605	f7e46a33c1cf31c1ccd453955f7413807596c0c3	6baf1c42baaea917035e0d54729dba9430c5799c5cd61212f5f31dbce33b6ef6	B	closed_protocol_bundle
00_nucleo/diagnosticos/p1349-contract-spec-r1.json	19442	77ca6b752ff233c19e72bdeae0af8c8865c295f8	9b3363fe2c60d634a7547357217299a2fc610e04f3c0116b667ce23caf555335	B	closed_protocol_bundle
00_nucleo/diagnosticos/p1349-oracle-authorship-r1.md	2755	3aca84641315956c9f767b536229875c00ece2cb	c2a6de2bb138b3fca422a859c6f9dd9d8cadf4ffd19be914e70f5640fa8f9ba0	B	closed_protocol_bundle
00_nucleo/diagnosticos/p1349-oracle-authorship-r2.md	2651	901b089e359c3c38b287db3c895cb3346cd208c8	66fbda44ee8b94085c389770f699fc100461f141a5dadbdd3ed0574a982230f9	B	closed_protocol_bundle
00_nucleo/diagnosticos/p1349-oracle-authorship-receipt-r1.json	1371	08b3fa44f840799ffa954a3a919d8d6cd79a46d7	d72fc7bf73c7432ef2b64ebf6dbca6b22f5f452dfdf98da7018d2c86ff776feb	B	closed_protocol_bundle
00_nucleo/diagnosticos/p1349-oracle-authorship-receipt-r2.json	1664	1b4bb7955d653ff1323deba23f068e18921c8b8b	d95113d55015300108e5571fe29d6b83b17a34bc37aa7dfa01be04e934fb6ab8	B	closed_protocol_bundle
00_nucleo/diagnosticos/p1349-oracle-caller-r1.py	2658	3a1df3e688808d2fec4e50d7e33707a7195ad742	747da52dc06b9ccf81242f059fc7eb599133de7bd25ab7800eaac89e86dc2579	B	closed_protocol_bundle
00_nucleo/diagnosticos/p1349-oracle-caller-r2.py	2634	bd6f38cca068ca894c2ab7e041334aa3d61c40a4	4445f1a23a66ad2a0c19a67769cfb043541106bb81ded6e1a1e263d0da974c07	B	closed_protocol_bundle
00_nucleo/diagnosticos/p1349-oracle-checker-r1.py	38925	4c6ab33713040a4916bb98ee3095ec5006cda558	f8e0311992e0e4973825a9b0ddbfaaea27e959f34bbcc4406ba5434ac1974843	B	closed_protocol_bundle
00_nucleo/diagnosticos/p1349-oracle-checker-r2.py	23646	3be98f0e19dae441ee2e4558208aee393b5bfe19	999971b4e25c6a44ae76542d0115d8304c3a8f28afbaf26bc1c9347db6edc267	B	closed_protocol_bundle
00_nucleo/diagnosticos/p1349-oracle-corpus-r1.json	1759	0627b891ecb668055015051760d2daef3024eb8a	045af76f9540107bb633c8d2c904e726f96624ecf8e9a91d706b99f530c56803	B	closed_protocol_bundle
00_nucleo/diagnosticos/p1349-oracle-delivery-receipt-r1.json	1416	3b3834544c585b1ab5cafcaddcd4513c60d0e09a	81fa483c5a8c2ccdb0a05a720378765438a77ab0bd18f3d88b8227ce0cb71c0b	B	closed_protocol_bundle
00_nucleo/diagnosticos/p1349-oracle-delivery-receipt-r2.json	1700	a0b5ffbd23cc80162a100bd60970193ee92a8556	219f6c23c2ba95592536fb5ab174a0d8f5243c76fab35a4057042f63234a4524	B	closed_protocol_bundle
00_nucleo/diagnosticos/p1349-verifier-adapter-authorship-r1.md	6704	a093ad7041f90f192b99883586aaba225d26c015	51360d9843da7165b02461d5498f310211316cf3dc65c5b3ed3ba6a8b431232e	B	closed_protocol_bundle
00_nucleo/diagnosticos/p1349-verifier-adapter-authorship-r2.md	4352	7b7dc22c2ead425224bf60e621fc022a9a87262f	8b65a9e1a032e64afa7ef3dc034cc774da74d29bffaf475224ef79870c6febec	B	closed_protocol_bundle
00_nucleo/diagnosticos/p1349-verifier-adapter-authorship-receipt-r1.json	7268	19ec92573f0ef110d0883383f39de67bf19a437e	43ec959d289e18382e6cd05d53e053f52be93b80c0371477a78b487e98e9d49d	B	closed_protocol_bundle
00_nucleo/diagnosticos/p1349-verifier-adapter-authorship-receipt-r2.json	4942	a26bfd9264af29f23e6fcb595181597c960f65fe	341cceea34c2821d46fc5a5f0f6fa45b56f131f3c090cbfe1d052af6c614a540	B	closed_protocol_bundle
00_nucleo/diagnosticos/p1349-verifier-adapter-r1.py	16868	c0e53367cec69537903d30381f8e4e15cc8e462e	db800da93aedf7c34ec3b0c4018661b35d61d2edbe709c3cfb48e8a108caa861	B	closed_protocol_bundle
00_nucleo/diagnosticos/p1349-verifier-adapter-r2.py	15904	cd07b6105724b03b7dfa40c4d162ffc207405630	f7cc942f4875817ccd965c9974c1f030ed6e9ab638a46689e6754181d8f47775	B	closed_protocol_bundle
00_nucleo/diagnosticos/p1349-verifier-blocker-r1.json	23910	20cd93d638c2c102778550a829d79135d95c8cf4	ebbeedae4cc9c1fff6462abe065fca58aa402c8b67d04d90b3bb48cbaf37b3c1	B	closed_protocol_bundle
00_nucleo/diagnosticos/p1349-verifier-blocker-r2.json	18034	65b50affc3679d153fe29d2811d53dd77f06e4fc	16780a65c46ba958b6e1535184ea039d022f558a01fb384cc0c110c261d55417	B	closed_protocol_bundle
00_nucleo/diagnosticos/p1350-adapter-integration-blocker-r1.json	11157	635dfe83a777b77baaca1b0c44388579a36e9fb2	3f2494f92d10eed22a9d8d0d3647ca9fa532f82f235415fcca93074174c2e341	B	closed_protocol_bundle
00_nucleo/diagnosticos/p1350-adapter-integration-blocker-r2.json	12452	b1cefa27d948e461a8cfb8c1cb58b761a6661c72	9ed548a8e36bf89815bdce5de0ee9625f57c76c371c88a459c2f055ad442e629	B	closed_protocol_bundle
00_nucleo/diagnosticos/p1350-adversary-authorship-r1.md	6451	77cfabbe39248b5152b7f25425f5ae20259c8495	d830e822d99f807d73b95b7278d06bf209725eb87e00adf2766bdeefc0296b8e	B	closed_protocol_bundle
00_nucleo/diagnosticos/p1350-adversary-authorship-r2.md	6838	dbbfb4d86fa99beb95e4ba136a0075672cf851d7	90e8222bbe1faefb5a6019fe0d78677365abbdbc67cc2d262beefc380ddff6ec	B	closed_protocol_bundle
00_nucleo/diagnosticos/p1350-adversary-authorship-receipt-r1.json	5559	11833e59dfa68711266d5f3f9e168a933319cbda	7ef1d7e894e25b17647929ef28086e138d0c1ad84e8a5ef900eb3454f652b4e6	B	closed_protocol_bundle
00_nucleo/diagnosticos/p1350-adversary-authorship-receipt-r2.json	7662	2eca7c6bfe6a9930b1585056bd6c249c98556f19	7769675ad8c0efd44379075e581361d74281dace1701148fbc132784ef7158d7	B	closed_protocol_bundle
00_nucleo/diagnosticos/p1350-adversary-suite-r1.py	19807	c0ac0bffce90250956909ee365a8f83aed2626db	f6cbd4badd8ae824aec3b73f03fac2fdb169922341ba408c9297ae0ab66f6382	B	closed_protocol_bundle
00_nucleo/diagnosticos/p1350-adversary-suite-r2.py	27500	9dcf7d9a781a3a41d45038a00844729d8ff800dd	7b34c0ca03649a68a06bc88c27ec955a1fddcf1a62829397e7da068c91f68cdb	B	closed_protocol_bundle
00_nucleo/diagnosticos/p1350-authority-manifest-r1.json	2883	4c2b5045ff69bf8569ef3a23d297ea87da9bc8d9	06075bdc5d46ce45c3848bc0929a33288e43650ffda7e2fddf36eae91d3522ea	B	closed_protocol_bundle
00_nucleo/diagnosticos/p1350-authority-manifest-r2.json	2626	6641887e8b82c835c89b8e25597f33cad38ae46e	a850acd48879c814dad90e27e07437e7de2146696d6118357dc9bee89f724a29	B	closed_protocol_bundle
00_nucleo/diagnosticos/p1350-authority-manifest-r3.json	1896	20b5189e3cd08c89aecfe2b42df9a9a834624a62	0f95a9097d41b60cfe7c0be6cfb874a4098416d57832c0d0fabe84e6eac31876	B	closed_protocol_bundle
00_nucleo/diagnosticos/p1350-contract-binding-r1.json	22405	1a6a921b041b4f30f649aaab7c43de579fa9bad8	257114e18af3ef0d968294e5e9b8326bd963eb7fa92a1d2c489c6e05f388fcfb	B	closed_protocol_bundle
00_nucleo/diagnosticos/p1350-contract-binding-r2.json	17703	39f07e04f6961e5a2a2f70b19f0f35f9bb3da122	c341b0db70cebe933bbf6dea9fc19b2122f66534c4488ca4dc00ac9f3ab8f4dd	B	closed_protocol_bundle
00_nucleo/diagnosticos/p1350-contract-receipt-r1.json	7842	be9b72f37204ad150059d945475ea5c98815d155	e741751e0641c46be2e8aa634cc96b0ee400cd3b6d5693b25eec66cba283008d	B	closed_protocol_bundle
00_nucleo/diagnosticos/p1350-contract-receipt-r2.json	9002	50345f150a785676534bef18aa905bae8c5188fb	667e268009baf59cc7fe9f43df2dca55bfa69fbe2484ee06e7175d8165994d7f	B	closed_protocol_bundle
00_nucleo/diagnosticos/p1350-contract-spec-r1.json	22192	14b770868094e4b8775c5c332d780ea961b21cc4	bdc3f3c0a6ef7baec3b2cb2e31c88c099dc5a49b18e97ae0a0fcc86535286e82	B	closed_protocol_bundle
00_nucleo/diagnosticos/p1350-contract-spec-r2.json	18032	6cf9af5ac679895623ffc5c54aaf56aece131599	17c3b02d2f98ca12d6f89b369b78983663a8f8af6becf08daf47227b8cb42b90	B	closed_protocol_bundle
00_nucleo/diagnosticos/p1350-oracle-authorship-receipt-r1.json	2666	c0dd30fd5e5c6095553161f11257e2c8509b5932	490ac426a8305f8a2b09694bacbfb93e6f2b94cbdd72a51e44e63ba66702b088	B	closed_protocol_bundle
00_nucleo/diagnosticos/p1350-oracle-authorship-receipt-r2.json	3823	0081eb65b2a1906b11966fa335f99a36e77ab6fd	39c6fb24c589724b1fe192e324808ba1cd9639a946c6e4704480b0d61edc4eb4	B	closed_protocol_bundle
00_nucleo/diagnosticos/p1350-oracle-authorship-receipt-r3.json	4549	5036e44b90549044e2e008820140ab817eb4e9d0	e92c88ecc467e3ce6323bf13cf72fe6716264953ea0b0576249618879ddecd5d	B	closed_protocol_bundle
00_nucleo/diagnosticos/p1350-oracle-boundary-manifest-r2.json	3822	e4d81e21df1083785ce60b16fef377c6091b3d14	8b46f6903854710f0117fdf704ae9161c479928c941ac0d83bbbaa8412c1d4c1	B	closed_protocol_bundle
00_nucleo/diagnosticos/p1350-oracle-caller-r1.py	2624	950169c9a05b46876fdc909336dc11e0d09aad07	475dcccacd71e01eec75d36dc9503031c58cc9c072aa22598c44293a3212ff81	B	closed_protocol_bundle
00_nucleo/diagnosticos/p1350-oracle-caller-r2.py	2605	5d1f1fefe2656bc63d4a8fc648ffc7aa014b948d	f94d78c94859a1b25492dbe2fd2c20fd7d273c56cc57bed44b5c79e4fa65791c	B	closed_protocol_bundle
00_nucleo/diagnosticos/p1350-oracle-caller-r3.py	2581	e913e22fd67713c50187a42dc14995edd2da5931	4000f6d8bec61d10cf52c260db62a7456c34f418fe3012b033b2479644c16744	B	closed_protocol_bundle
00_nucleo/diagnosticos/p1350-oracle-checker-r1.py	16768	18530cad86650d4bccfeaee6c653e2f7fa77b4ca	c99c15263d91f3cec55bce3bbcfaab7556f6237be8ec9c636e7ca81ad8612979	B	closed_protocol_bundle
00_nucleo/diagnosticos/p1350-oracle-checker-r2.py	25672	2bde544d6f9ac3e2413ab0cd80f511f5c6324caa	d8c8eae84c0843f1b530caa15098d724695194e135b5201e7f53abeaad936024	B	closed_protocol_bundle
00_nucleo/diagnosticos/p1350-oracle-checker-r3.py	17139	6580d6d4bdd11938e95a2b6843e923b459be9efe	06ba8291746116d36809a85773f8b4945fb479fbdfa7c13aa3e10e5bea9e153d	B	closed_protocol_bundle
00_nucleo/diagnosticos/p1350-oracle-corpus-r1.json	1522	b3c42a4e615c2c605f693441403b83724c4947a4	09132f2c7cd8c0deff6dfab1a7f439a2a1cec92a771434a2b25e7e60b7514053	B	closed_protocol_bundle
00_nucleo/diagnosticos/p1350-oracle-corpus-r2.json	1159	9fcff43a3927d34c8554706a32bdc2a7b82e8ccc	ac00c878512be78fd520590949e28296442fdc58bc3cd7c9b7f7c9dec5d67a3b	B	closed_protocol_bundle
00_nucleo/diagnosticos/p1350-oracle-delivery-composer-r2.py	9630	68b9bd0e9699fa4dc815de09452360e89a2017be	4a4969f3da9d7851affc9ae72ab5694964975ff83e99148ce0dfd3d022d0abd2	B	closed_protocol_bundle
00_nucleo/diagnosticos/p1350-oracle-delivery-composer-r3.py	6097	68660d84174abdde652e5b02986c9169f365d638	3888ae81248a81bedd90f3fd6d295a9a13d8c346491b3ac3b5be90af115e2af5	B	closed_protocol_bundle
00_nucleo/diagnosticos/p1350-oracle-delivery-receipt-r1.json	1927	96be3aa0cb88a4aa3bcd9bc6118324b1a38bc603	f4d1800e0223cc7d9dbd8225fbf47217d30c53d7da70acba4a9c908fe9966a6c	B	closed_protocol_bundle
00_nucleo/diagnosticos/p1350-oracle-delivery-receipt-r2.json	2531	61244c2f41999203cb4714587f9d7be0683e0b39	c10c3b81321b62f63c104174b3c9e844026dcaf16020dea86bf970af9065abb6	B	closed_protocol_bundle
00_nucleo/diagnosticos/p1350-oracle-delivery-receipt-r3.json	2531	a37f5992c244664039b5daee4676294c072e8c52	dddcbc3dc1bbb073b7505cace8ee09dffd963a3782f64402cc66668769ef5dee	B	closed_protocol_bundle
00_nucleo/diagnosticos/p1350-oracle-journal-parser-r1.py	7846	1738689020e14ec572edd97bffc9df2a259a08d2	9bed8434754f7f002924307fcddcf5baa5e751536a7356a4eb9b3cbb8ec93413	B	closed_protocol_bundle
00_nucleo/diagnosticos/p1350-oracle-journal-parser-r2.py	7871	7be61bbc8c2e6aafc44b2a8bbac6fee30149928a	24632052d47dc42368040b4e2476b689295f4c89d43b0fee64418e8f0d7f39e8	B	closed_protocol_bundle
00_nucleo/diagnosticos/p1350-oracle-language-id-sequence-r2.json	4813	d99a086dcdb16994e4462b54f592645e8dc9b097	5bf7ebfef7457636594d20eeba449986b6a42214b0608112d6e7dce86459c569	B	closed_protocol_bundle
00_nucleo/diagnosticos/p1350-oracle-selftest-adapter-r1.py	1141	406dddecd158c1fa04f2a6776d97a926763aebce	86da667a2e8cbcd85cd9613e2ba209a433a7cebcfdc8788aec532dab2662593f	B	closed_protocol_bundle
00_nucleo/diagnosticos/p1350-oracle-selftest-adapter-r2.py	1396	e73b4da83d26e72e1cabd9c27e4c8d026571fc5f	64b34e0d8d3a992ef979fa3a37d0def646c0a027ef94131d392fa9e03cee0862	B	closed_protocol_bundle
00_nucleo/diagnosticos/p1350-oracle-selftest-route-map-r1.json	5430	816d63bbc41b18a91ea5b29d96939a11a33a97e0	9357890b61e34d2489639181a7ec2702419dcb2174e27605ace6530e9f1af10e	B	closed_protocol_bundle
00_nucleo/diagnosticos/p1350-oracle-selftest-route-map-r2.json	4691	f856b2c2fa90b3cf5ddf417f3b958235463a0c6a	4d1323cc9985cbe1f55335f81f9b5f1faafcfe3b71d9cd4541ea3bdb264875b9	B	closed_protocol_bundle
00_nucleo/diagnosticos/p1350-oracle-supervisor-r1.py	28049	6d8564b125996c509500caddb498b9d31aaf67c6	5efd5ada7d675bd97ed091aff15128aacfb50b97c1733a85a89578f1359ce4e4	B	closed_protocol_bundle
