14:15:47.765714 openat(AT_FDCWD, "/etc/ld.so.cache", O_RDONLY|O_CLOEXEC) = 3
14:15:47.765926 openat(AT_FDCWD, "/lib/x86_64-linux-gnu/libgcc_s.so.1", O_RDONLY|O_CLOEXEC) = 3
14:15:47.766148 openat(AT_FDCWD, "/lib/x86_64-linux-gnu/libm.so.6", O_RDONLY|O_CLOEXEC) = 3
14:15:47.766371 openat(AT_FDCWD, "/lib/x86_64-linux-gnu/libc.so.6", O_RDONLY|O_CLOEXEC) = 3
14:15:47.767739 openat(AT_FDCWD, "/proc/self/maps", O_RDONLY|O_CLOEXEC) = 3
14:15:47.768511 openat(AT_FDCWD, "/home/dikluwe/Documentos/Antigravity/typst-crystalline/tools/perf/corpus/p923/utf8-emoji.typ", O_RDONLY|O_CLOEXEC) = 3
14:15:47.777374 openat(AT_FDCWD, "/etc/fonts/fonts.conf", O_RDONLY|O_CLOEXEC) = 3
14:15:47.777636 openat(AT_FDCWD, "/etc/fonts/conf.d", O_RDONLY|O_NONBLOCK|O_CLOEXEC|O_DIRECTORY) = 3
14:15:47.778008 openat(AT_FDCWD, "/etc/fonts/conf.d/10-hinting-slight.conf", O_RDONLY|O_CLOEXEC) = 3
14:15:47.778321 openat(AT_FDCWD, "/etc/fonts/conf.d/10-scale-bitmap-fonts.conf", O_RDONLY|O_CLOEXEC) = 3
14:15:47.778652 openat(AT_FDCWD, "/etc/fonts/conf.d/10-sub-pixel-rgb.conf", O_RDONLY|O_CLOEXEC) = 3
14:15:47.778974 openat(AT_FDCWD, "/etc/fonts/conf.d/10-yes-antialias.conf", O_RDONLY|O_CLOEXEC) = 3
14:15:47.779283 openat(AT_FDCWD, "/etc/fonts/conf.d/11-lcdfilter-default.conf", O_RDONLY|O_CLOEXEC) = 3
14:15:47.779534 openat(AT_FDCWD, "/etc/fonts/conf.d/20-unhint-small-dejavu-lgc-sans-mono.conf", O_RDONLY|O_CLOEXEC) = 3
14:15:47.779786 openat(AT_FDCWD, "/etc/fonts/conf.d/20-unhint-small-dejavu-lgc-sans.conf", O_RDONLY|O_CLOEXEC) = 3
14:15:47.780067 openat(AT_FDCWD, "/etc/fonts/conf.d/20-unhint-small-dejavu-lgc-serif.conf", O_RDONLY|O_CLOEXEC) = 3
14:15:47.780351 openat(AT_FDCWD, "/etc/fonts/conf.d/20-unhint-small-dejavu-sans-mono.conf", O_RDONLY|O_CLOEXEC) = 3
14:15:47.780630 openat(AT_FDCWD, "/etc/fonts/conf.d/20-unhint-small-dejavu-sans.conf", O_RDONLY|O_CLOEXEC) = 3
14:15:47.780936 openat(AT_FDCWD, "/etc/fonts/conf.d/20-unhint-small-dejavu-serif.conf", O_RDONLY|O_CLOEXEC) = 3
14:15:47.781242 openat(AT_FDCWD, "/etc/fonts/conf.d/20-unhint-small-vera.conf", O_RDONLY|O_CLOEXEC) = 3
14:15:47.781546 openat(AT_FDCWD, "/etc/fonts/conf.d/30-metric-aliases.conf", O_RDONLY|O_CLOEXEC) = 3
14:15:47.781937 openat(AT_FDCWD, "/etc/fonts/conf.d/30-opensymbol.conf", O_RDONLY|O_CLOEXEC) = 3
14:15:47.782242 openat(AT_FDCWD, "/etc/fonts/conf.d/40-nonlatin.conf", O_RDONLY|O_CLOEXEC) = 3
14:15:47.782593 openat(AT_FDCWD, "/etc/fonts/conf.d/45-generic.conf", O_RDONLY|O_CLOEXEC) = 3
14:15:47.782924 openat(AT_FDCWD, "/etc/fonts/conf.d/45-latin.conf", O_RDONLY|O_CLOEXEC) = 3
14:15:47.783305 openat(AT_FDCWD, "/etc/fonts/conf.d/48-spacing.conf", O_RDONLY|O_CLOEXEC) = 3
14:15:47.783655 openat(AT_FDCWD, "/etc/fonts/conf.d/49-sansserif.conf", O_RDONLY|O_CLOEXEC) = 3
14:15:47.784015 openat(AT_FDCWD, "/etc/fonts/conf.d/50-user.conf", O_RDONLY|O_CLOEXEC) = 3
14:15:47.784459 openat(AT_FDCWD, "/etc/fonts/conf.d/51-local.conf", O_RDONLY|O_CLOEXEC) = 3
14:15:47.784736 openat(AT_FDCWD, "/etc/fonts/conf.d/57-dejavu-sans-mono.conf", O_RDONLY|O_CLOEXEC) = 3
14:15:47.785009 openat(AT_FDCWD, "/etc/fonts/conf.d/57-dejavu-sans.conf", O_RDONLY|O_CLOEXEC) = 3
14:15:47.785294 openat(AT_FDCWD, "/etc/fonts/conf.d/57-dejavu-serif.conf", O_RDONLY|O_CLOEXEC) = 3
14:15:47.785553 openat(AT_FDCWD, "/etc/fonts/conf.d/58-dejavu-lgc-sans-mono.conf", O_RDONLY|O_CLOEXEC) = 3
14:15:47.785808 openat(AT_FDCWD, "/etc/fonts/conf.d/58-dejavu-lgc-sans.conf", O_RDONLY|O_CLOEXEC) = 3
14:15:47.786074 openat(AT_FDCWD, "/etc/fonts/conf.d/58-dejavu-lgc-serif.conf", O_RDONLY|O_CLOEXEC) = 3
14:15:47.786436 openat(AT_FDCWD, "/etc/fonts/conf.d/60-generic.conf", O_RDONLY|O_CLOEXEC) = 3
14:15:47.786795 openat(AT_FDCWD, "/etc/fonts/conf.d/60-latin.conf", O_RDONLY|O_CLOEXEC) = 3
14:15:47.787147 openat(AT_FDCWD, "/etc/fonts/conf.d/61-urw-bookman.conf", O_RDONLY|O_CLOEXEC) = 3
14:15:47.787513 openat(AT_FDCWD, "/etc/fonts/conf.d/61-urw-c059.conf", O_RDONLY|O_CLOEXEC) = 3
14:15:47.787888 openat(AT_FDCWD, "/etc/fonts/conf.d/61-urw-d050000l.conf", O_RDONLY|O_CLOEXEC) = 3
14:15:47.788222 openat(AT_FDCWD, "/etc/fonts/conf.d/61-urw-fallback-backwards.conf", O_RDONLY|O_CLOEXEC) = 3
14:15:47.788596 openat(AT_FDCWD, "/etc/fonts/conf.d/61-urw-fallback-generics.conf", O_RDONLY|O_CLOEXEC) = 3
14:15:47.788936 openat(AT_FDCWD, "/etc/fonts/conf.d/61-urw-gothic.conf", O_RDONLY|O_CLOEXEC) = 3
14:15:47.789269 openat(AT_FDCWD, "/etc/fonts/conf.d/61-urw-nimbus-mono-ps.conf", O_RDONLY|O_CLOEXEC) = 3
14:15:47.789601 openat(AT_FDCWD, "/etc/fonts/conf.d/61-urw-nimbus-roman.conf", O_RDONLY|O_CLOEXEC) = 3
14:15:47.789927 openat(AT_FDCWD, "/etc/fonts/conf.d/61-urw-nimbus-sans.conf", O_RDONLY|O_CLOEXEC) = 3
14:15:47.790244 openat(AT_FDCWD, "/etc/fonts/conf.d/61-urw-p052.conf", O_RDONLY|O_CLOEXEC) = 3
14:15:47.790557 openat(AT_FDCWD, "/etc/fonts/conf.d/61-urw-standard-symbols-ps.conf", O_RDONLY|O_CLOEXEC) = 3
14:15:47.790877 openat(AT_FDCWD, "/etc/fonts/conf.d/61-urw-z003.conf", O_RDONLY|O_CLOEXEC) = 3
14:15:47.791146 openat(AT_FDCWD, "/etc/fonts/conf.d/65-droid-sans-fallback.conf", O_RDONLY|O_CLOEXEC) = 3
14:15:47.791394 openat(AT_FDCWD, "/etc/fonts/conf.d/65-fonts-lmodern.conf", O_RDONLY|O_CLOEXEC) = 3
14:15:47.791723 openat(AT_FDCWD, "/etc/fonts/conf.d/65-fonts-persian.conf", O_RDONLY|O_CLOEXEC) = 3
14:15:47.792067 openat(AT_FDCWD, "/etc/fonts/conf.d/65-fonts-texgyre-math.conf", O_RDONLY|O_CLOEXEC) = 3
14:15:47.792315 openat(AT_FDCWD, "/etc/fonts/conf.d/65-fonts-texgyre.conf", O_RDONLY|O_CLOEXEC) = 3
14:15:47.792628 openat(AT_FDCWD, "/etc/fonts/conf.d/65-nonlatin.conf", O_RDONLY|O_CLOEXEC) = 3
14:15:47.793031 openat(AT_FDCWD, "/etc/fonts/conf.d/69-unifont.conf", O_RDONLY|O_CLOEXEC) = 3
14:15:47.793354 openat(AT_FDCWD, "/etc/fonts/conf.d/70-fonts-noto-cjk.conf", O_RDONLY|O_CLOEXEC) = 3
14:15:47.793683 openat(AT_FDCWD, "/etc/fonts/conf.d/70-no-bitmaps-except-emoji.conf", O_RDONLY|O_CLOEXEC) = 3
14:15:47.793991 openat(AT_FDCWD, "/etc/fonts/conf.d/71-ubuntulegacy.conf", O_RDONLY|O_CLOEXEC) = 3
14:15:47.794299 openat(AT_FDCWD, "/etc/fonts/conf.d/80-delicious.conf", O_RDONLY|O_CLOEXEC) = 3
14:15:47.794602 openat(AT_FDCWD, "/etc/fonts/conf.d/90-synthetic.conf", O_RDONLY|O_CLOEXEC) = 3
14:15:47.794819 openat(AT_FDCWD, "/etc/fonts/conf.d/README", O_RDONLY|O_CLOEXEC) = 3
14:15:47.794996 openat(AT_FDCWD, "/usr/share/fonts", O_RDONLY|O_NONBLOCK|O_CLOEXEC|O_DIRECTORY) = 3
14:15:47.795120 openat(AT_FDCWD, "/usr/share/fonts/X11", O_RDONLY|O_NONBLOCK|O_CLOEXEC|O_DIRECTORY) = 4
14:15:47.795220 openat(AT_FDCWD, "/usr/share/fonts/X11/Type1", O_RDONLY|O_NONBLOCK|O_CLOEXEC|O_DIRECTORY) = 5
14:15:47.832049 openat(AT_FDCWD, "/usr/share/fonts/X11/encodings", O_RDONLY|O_NONBLOCK|O_CLOEXEC|O_DIRECTORY) = 5
14:15:47.832184 openat(AT_FDCWD, "/usr/share/fonts/X11/encodings/large", O_RDONLY|O_NONBLOCK|O_CLOEXEC|O_DIRECTORY) = 6
14:15:47.832389 openat(AT_FDCWD, "/usr/share/fonts/X11/misc", O_RDONLY|O_NONBLOCK|O_CLOEXEC|O_DIRECTORY) = 5
14:15:47.832775 openat(AT_FDCWD, "/usr/share/fonts/X11/util", O_RDONLY|O_NONBLOCK|O_CLOEXEC|O_DIRECTORY) = 5
14:15:47.833015 openat(AT_FDCWD, "/usr/share/fonts/cMap", O_RDONLY|O_NONBLOCK|O_CLOEXEC|O_DIRECTORY) = 4
14:15:47.833361 openat(AT_FDCWD, "/usr/share/fonts/cmap", O_RDONLY|O_NONBLOCK|O_CLOEXEC|O_DIRECTORY) = 4
14:15:47.833653 openat(AT_FDCWD, "/usr/share/poppler/cMap/Adobe-CNS1", O_RDONLY|O_NONBLOCK|O_CLOEXEC|O_DIRECTORY) = 5
14:15:47.833999 openat(AT_FDCWD, "/usr/share/poppler/cMap/Adobe-GB1", O_RDONLY|O_NONBLOCK|O_CLOEXEC|O_DIRECTORY) = 5
14:15:47.834342 openat(AT_FDCWD, "/usr/share/poppler/cMap/Adobe-Japan1", O_RDONLY|O_NONBLOCK|O_CLOEXEC|O_DIRECTORY) = 5
14:15:47.834698 openat(AT_FDCWD, "/usr/share/poppler/cMap/Adobe-Japan2", O_RDONLY|O_NONBLOCK|O_CLOEXEC|O_DIRECTORY) = 5
14:15:47.835015 openat(AT_FDCWD, "/usr/share/poppler/cMap/Adobe-Korea1", O_RDONLY|O_NONBLOCK|O_CLOEXEC|O_DIRECTORY) = 5
14:15:47.835559 openat(AT_FDCWD, "/usr/share/fonts/opentype", O_RDONLY|O_NONBLOCK|O_CLOEXEC|O_DIRECTORY) = 4
14:15:47.835887 openat(AT_FDCWD, "/usr/share/javascript/mathjax/fonts/HTML-CSS/TeX/otf", O_RDONLY|O_NONBLOCK|O_CLOEXEC|O_DIRECTORY) = 5
14:15:47.836001 openat(AT_FDCWD, "/usr/share/javascript/mathjax/fonts/HTML-CSS/TeX/otf/MathJax_AMS-Regular.otf", O_RDONLY|O_CLOEXEC) = 6
14:15:47.836169 openat(AT_FDCWD, "/usr/share/javascript/mathjax/fonts/HTML-CSS/TeX/otf/MathJax_Caligraphic-Bold.otf", O_RDONLY|O_CLOEXEC) = 6
14:15:47.836340 openat(AT_FDCWD, "/usr/share/javascript/mathjax/fonts/HTML-CSS/TeX/otf/MathJax_Caligraphic-Regular.otf", O_RDONLY|O_CLOEXEC) = 6
14:15:47.836480 openat(AT_FDCWD, "/usr/share/javascript/mathjax/fonts/HTML-CSS/TeX/otf/MathJax_Fraktur-Bold.otf", O_RDONLY|O_CLOEXEC) = 6
14:15:47.836622 openat(AT_FDCWD, "/usr/share/javascript/mathjax/fonts/HTML-CSS/TeX/otf/MathJax_Fraktur-Regular.otf", O_RDONLY|O_CLOEXEC) = 6
14:15:47.836763 openat(AT_FDCWD, "/usr/share/javascript/mathjax/fonts/HTML-CSS/TeX/otf/MathJax_Main-Bold.otf", O_RDONLY|O_CLOEXEC) = 6
14:15:47.836921 openat(AT_FDCWD, "/usr/share/javascript/mathjax/fonts/HTML-CSS/TeX/otf/MathJax_Main-Italic.otf", O_RDONLY|O_CLOEXEC) = 6
14:15:47.837070 openat(AT_FDCWD, "/usr/share/javascript/mathjax/fonts/HTML-CSS/TeX/otf/MathJax_Main-Regular.otf", O_RDONLY|O_CLOEXEC) = 6
14:15:47.837212 openat(AT_FDCWD, "/usr/share/javascript/mathjax/fonts/HTML-CSS/TeX/otf/MathJax_Math-BoldItalic.otf", O_RDONLY|O_CLOEXEC) = 6
14:15:47.837353 openat(AT_FDCWD, "/usr/share/javascript/mathjax/fonts/HTML-CSS/TeX/otf/MathJax_Math-Italic.otf", O_RDONLY|O_CLOEXEC) = 6
14:15:47.837493 openat(AT_FDCWD, "/usr/share/javascript/mathjax/fonts/HTML-CSS/TeX/otf/MathJax_Math-Regular.otf", O_RDONLY|O_CLOEXEC) = 6
14:15:47.837640 openat(AT_FDCWD, "/usr/share/javascript/mathjax/fonts/HTML-CSS/TeX/otf/MathJax_SansSerif-Bold.otf", O_RDONLY|O_CLOEXEC) = 6
14:15:47.837848 openat(AT_FDCWD, "/usr/share/javascript/mathjax/fonts/HTML-CSS/TeX/otf/MathJax_SansSerif-Italic.otf", O_RDONLY|O_CLOEXEC) = 6
14:15:47.838015 openat(AT_FDCWD, "/usr/share/javascript/mathjax/fonts/HTML-CSS/TeX/otf/MathJax_SansSerif-Regular.otf", O_RDONLY|O_CLOEXEC) = 6
14:15:47.838171 openat(AT_FDCWD, "/usr/share/javascript/mathjax/fonts/HTML-CSS/TeX/otf/MathJax_Script-Regular.otf", O_RDONLY|O_CLOEXEC) = 6
14:15:47.838323 openat(AT_FDCWD, "/usr/share/javascript/mathjax/fonts/HTML-CSS/TeX/otf/MathJax_Size1-Regular.otf", O_RDONLY|O_CLOEXEC) = 6
14:15:47.838477 openat(AT_FDCWD, "/usr/share/javascript/mathjax/fonts/HTML-CSS/TeX/otf/MathJax_Size2-Regular.otf", O_RDONLY|O_CLOEXEC) = 6
14:15:47.838627 openat(AT_FDCWD, "/usr/share/javascript/mathjax/fonts/HTML-CSS/TeX/otf/MathJax_Size3-Regular.otf", O_RDONLY|O_CLOEXEC) = 6
14:15:47.838774 openat(AT_FDCWD, "/usr/share/javascript/mathjax/fonts/HTML-CSS/TeX/otf/MathJax_Size4-Regular.otf", O_RDONLY|O_CLOEXEC) = 6
14:15:47.838919 openat(AT_FDCWD, "/usr/share/javascript/mathjax/fonts/HTML-CSS/TeX/otf/MathJax_Typewriter-Regular.otf", O_RDONLY|O_CLOEXEC) = 6
14:15:47.839061 openat(AT_FDCWD, "/usr/share/javascript/mathjax/fonts/HTML-CSS/TeX/otf/MathJax_Vector-Bold.otf", O_RDONLY|O_CLOEXEC) = 6
14:15:47.839210 openat(AT_FDCWD, "/usr/share/javascript/mathjax/fonts/HTML-CSS/TeX/otf/MathJax_Vector-Regular.otf", O_RDONLY|O_CLOEXEC) = 6
14:15:47.839349 openat(AT_FDCWD, "/usr/share/javascript/mathjax/fonts/HTML-CSS/TeX/otf/MathJax_WinChrome-Regular.otf", O_RDONLY|O_CLOEXEC) = 6
14:15:47.839489 openat(AT_FDCWD, "/usr/share/javascript/mathjax/fonts/HTML-CSS/TeX/otf/MathJax_WinIE6-Regular.otf", O_RDONLY|O_CLOEXEC) = 6
14:15:47.839673 openat(AT_FDCWD, "/usr/share/fonts/opentype/noto", O_RDONLY|O_NONBLOCK|O_CLOEXEC|O_DIRECTORY) = 5
14:15:47.839774 openat(AT_FDCWD, "/usr/share/fonts/opentype/noto/NotoSansCJK-Bold.ttc", O_RDONLY|O_CLOEXEC) = 6
14:15:47.839962 openat(AT_FDCWD, "/usr/share/fonts/opentype/noto/NotoSansCJK-Regular.ttc", O_RDONLY|O_CLOEXEC) = 6
14:15:47.840203 openat(AT_FDCWD, "/usr/share/fonts/opentype/noto/NotoSerifCJK-Bold.ttc", O_RDONLY|O_CLOEXEC) = 6
14:15:47.840368 openat(AT_FDCWD, "/usr/share/fonts/opentype/noto/NotoSerifCJK-Regular.ttc", O_RDONLY|O_CLOEXEC) = 6
14:15:47.840574 openat(AT_FDCWD, "/usr/share/fonts/opentype/urw-base35", O_RDONLY|O_NONBLOCK|O_CLOEXEC|O_DIRECTORY) = 5
14:15:47.840679 openat(AT_FDCWD, "/usr/share/fonts/opentype/urw-base35/C059-BdIta.otf", O_RDONLY|O_CLOEXEC) = 6
14:15:47.840827 openat(AT_FDCWD, "/usr/share/fonts/opentype/urw-base35/C059-Bold.otf", O_RDONLY|O_CLOEXEC) = 6
14:15:47.840994 openat(AT_FDCWD, "/usr/share/fonts/opentype/urw-base35/C059-Italic.otf", O_RDONLY|O_CLOEXEC) = 6
14:15:47.841141 openat(AT_FDCWD, "/usr/share/fonts/opentype/urw-base35/C059-Roman.otf", O_RDONLY|O_CLOEXEC) = 6
14:15:47.841286 openat(AT_FDCWD, "/usr/share/fonts/opentype/urw-base35/D050000L.otf", O_RDONLY|O_CLOEXEC) = 6
14:15:47.841426 openat(AT_FDCWD, "/usr/share/fonts/opentype/urw-base35/NimbusMonoPS-Bold.otf", O_RDONLY|O_CLOEXEC) = 6
14:15:47.841571 openat(AT_FDCWD, "/usr/share/fonts/opentype/urw-base35/NimbusMonoPS-BoldItalic.otf", O_RDONLY|O_CLOEXEC) = 6
14:15:47.841715 openat(AT_FDCWD, "/usr/share/fonts/opentype/urw-base35/NimbusMonoPS-Italic.otf", O_RDONLY|O_CLOEXEC) = 6
14:15:47.841861 openat(AT_FDCWD, "/usr/share/fonts/opentype/urw-base35/NimbusMonoPS-Regular.otf", O_RDONLY|O_CLOEXEC) = 6
14:15:47.842013 openat(AT_FDCWD, "/usr/share/fonts/opentype/urw-base35/NimbusRoman-Bold.otf", O_RDONLY|O_CLOEXEC) = 6
14:15:47.842158 openat(AT_FDCWD, "/usr/share/fonts/opentype/urw-base35/NimbusRoman-BoldItalic.otf", O_RDONLY|O_CLOEXEC) = 6
14:15:47.842305 openat(AT_FDCWD, "/usr/share/fonts/opentype/urw-base35/NimbusRoman-Italic.otf", O_RDONLY|O_CLOEXEC) = 6
14:15:47.842449 openat(AT_FDCWD, "/usr/share/fonts/opentype/urw-base35/NimbusRoman-Regular.otf", O_RDONLY|O_CLOEXEC) = 6
14:15:47.842591 openat(AT_FDCWD, "/usr/share/fonts/opentype/urw-base35/NimbusSans-Bold.otf", O_RDONLY|O_CLOEXEC) = 6
14:15:47.842736 openat(AT_FDCWD, "/usr/share/fonts/opentype/urw-base35/NimbusSans-BoldItalic.otf", O_RDONLY|O_CLOEXEC) = 6
14:15:47.842881 openat(AT_FDCWD, "/usr/share/fonts/opentype/urw-base35/NimbusSans-Italic.otf", O_RDONLY|O_CLOEXEC) = 6
14:15:47.843035 openat(AT_FDCWD, "/usr/share/fonts/opentype/urw-base35/NimbusSans-Regular.otf", O_RDONLY|O_CLOEXEC) = 6
14:15:47.843190 openat(AT_FDCWD, "/usr/share/fonts/opentype/urw-base35/NimbusSansNarrow-Bold.otf", O_RDONLY|O_CLOEXEC) = 6
14:15:47.843334 openat(AT_FDCWD, "/usr/share/fonts/opentype/urw-base35/NimbusSansNarrow-BoldOblique.otf", O_RDONLY|O_CLOEXEC) = 6
14:15:47.843479 openat(AT_FDCWD, "/usr/share/fonts/opentype/urw-base35/NimbusSansNarrow-Oblique.otf", O_RDONLY|O_CLOEXEC) = 6
14:15:47.843624 openat(AT_FDCWD, "/usr/share/fonts/opentype/urw-base35/NimbusSansNarrow-Regular.otf", O_RDONLY|O_CLOEXEC) = 6
14:15:47.843770 openat(AT_FDCWD, "/usr/share/fonts/opentype/urw-base35/P052-Bold.otf", O_RDONLY|O_CLOEXEC) = 6
14:15:47.843920 openat(AT_FDCWD, "/usr/share/fonts/opentype/urw-base35/P052-BoldItalic.otf", O_RDONLY|O_CLOEXEC) = 6
14:15:47.844068 openat(AT_FDCWD, "/usr/share/fonts/opentype/urw-base35/P052-Italic.otf", O_RDONLY|O_CLOEXEC) = 6
14:15:47.844213 openat(AT_FDCWD, "/usr/share/fonts/opentype/urw-base35/P052-Roman.otf", O_RDONLY|O_CLOEXEC) = 6
14:15:47.844358 openat(AT_FDCWD, "/usr/share/fonts/opentype/urw-base35/StandardSymbolsPS.otf", O_RDONLY|O_CLOEXEC) = 6
14:15:47.844500 openat(AT_FDCWD, "/usr/share/fonts/opentype/urw-base35/URWBookman-Demi.otf", O_RDONLY|O_CLOEXEC) = 6
14:15:47.844644 openat(AT_FDCWD, "/usr/share/fonts/opentype/urw-base35/URWBookman-DemiItalic.otf", O_RDONLY|O_CLOEXEC) = 6
14:15:47.844788 openat(AT_FDCWD, "/usr/share/fonts/opentype/urw-base35/URWBookman-Light.otf", O_RDONLY|O_CLOEXEC) = 6
14:15:47.844938 openat(AT_FDCWD, "/usr/share/fonts/opentype/urw-base35/URWBookman-LightItalic.otf", O_RDONLY|O_CLOEXEC) = 6
14:15:47.845089 openat(AT_FDCWD, "/usr/share/fonts/opentype/urw-base35/URWGothic-Book.otf", O_RDONLY|O_CLOEXEC) = 6
14:15:47.845233 openat(AT_FDCWD, "/usr/share/fonts/opentype/urw-base35/URWGothic-BookOblique.otf", O_RDONLY|O_CLOEXEC) = 6
14:15:47.845379 openat(AT_FDCWD, "/usr/share/fonts/opentype/urw-base35/URWGothic-Demi.otf", O_RDONLY|O_CLOEXEC) = 6
14:15:47.845522 openat(AT_FDCWD, "/usr/share/fonts/opentype/urw-base35/URWGothic-DemiOblique.otf", O_RDONLY|O_CLOEXEC) = 6
14:15:47.845666 openat(AT_FDCWD, "/usr/share/fonts/opentype/urw-base35/Z003-MediumItalic.otf", O_RDONLY|O_CLOEXEC) = 6
14:15:47.845850 openat(AT_FDCWD, "/usr/share/fonts/opentype/freefont", O_RDONLY|O_NONBLOCK|O_CLOEXEC|O_DIRECTORY) = 5
14:15:47.845957 openat(AT_FDCWD, "/usr/share/fonts/opentype/freefont/FreeMono.otf", O_RDONLY|O_CLOEXEC) = 6
14:15:47.846128 openat(AT_FDCWD, "/usr/share/fonts/opentype/freefont/FreeMonoBold.otf", O_RDONLY|O_CLOEXEC) = 6
14:15:47.846274 openat(AT_FDCWD, "/usr/share/fonts/opentype/freefont/FreeMonoBoldOblique.otf", O_RDONLY|O_CLOEXEC) = 6
14:15:47.846418 openat(AT_FDCWD, "/usr/share/fonts/opentype/freefont/FreeMonoOblique.otf", O_RDONLY|O_CLOEXEC) = 6
14:15:47.846565 openat(AT_FDCWD, "/usr/share/fonts/opentype/freefont/FreeSans.otf", O_RDONLY|O_CLOEXEC) = 6
14:15:47.846707 openat(AT_FDCWD, "/usr/share/fonts/opentype/freefont/FreeSansBold.otf", O_RDONLY|O_CLOEXEC) = 6
14:15:47.846852 openat(AT_FDCWD, "/usr/share/fonts/opentype/freefont/FreeSansBoldOblique.otf", O_RDONLY|O_CLOEXEC) = 6
14:15:47.847001 openat(AT_FDCWD, "/usr/share/fonts/opentype/freefont/FreeSansOblique.otf", O_RDONLY|O_CLOEXEC) = 6
14:15:47.847145 openat(AT_FDCWD, "/usr/share/fonts/opentype/freefont/FreeSerif.otf", O_RDONLY|O_CLOEXEC) = 6
14:15:47.847292 openat(AT_FDCWD, "/usr/share/fonts/opentype/freefont/FreeSerifBold.otf", O_RDONLY|O_CLOEXEC) = 6
14:15:47.847437 openat(AT_FDCWD, "/usr/share/fonts/opentype/freefont/FreeSerifBoldItalic.otf", O_RDONLY|O_CLOEXEC) = 6
14:15:47.847582 openat(AT_FDCWD, "/usr/share/fonts/opentype/freefont/FreeSerifItalic.otf", O_RDONLY|O_CLOEXEC) = 6
14:15:47.847766 openat(AT_FDCWD, "/usr/share/fonts/opentype/font-awesome", O_RDONLY|O_NONBLOCK|O_CLOEXEC|O_DIRECTORY) = 5
14:15:47.847865 openat(AT_FDCWD, "/usr/share/fonts/opentype/font-awesome/FontAwesome.otf", O_RDONLY|O_CLOEXEC) = 6
14:15:47.848096 openat(AT_FDCWD, "/usr/share/fonts/truetype", O_RDONLY|O_NONBLOCK|O_CLOEXEC|O_DIRECTORY) = 4
14:15:47.848196 openat(AT_FDCWD, "/usr/share/fonts/truetype/dejavu", O_RDONLY|O_NONBLOCK|O_CLOEXEC|O_DIRECTORY) = 5
14:15:47.848299 openat(AT_FDCWD, "/usr/share/fonts/truetype/dejavu/DejaVuSans-Bold.ttf", O_RDONLY|O_CLOEXEC) = 6
14:15:47.848450 openat(AT_FDCWD, "/usr/share/fonts/truetype/dejavu/DejaVuSans.ttf", O_RDONLY|O_CLOEXEC) = 6
14:15:47.848596 openat(AT_FDCWD, "/usr/share/fonts/truetype/dejavu/DejaVuSansMono-Bold.ttf", O_RDONLY|O_CLOEXEC) = 6
14:15:47.848742 openat(AT_FDCWD, "/usr/share/fonts/truetype/dejavu/DejaVuSansMono-BoldOblique.ttf", O_RDONLY|O_CLOEXEC) = 6
14:15:47.848887 openat(AT_FDCWD, "/usr/share/fonts/truetype/dejavu/DejaVuSansMono-Oblique.ttf", O_RDONLY|O_CLOEXEC) = 6
14:15:47.849039 openat(AT_FDCWD, "/usr/share/fonts/truetype/dejavu/DejaVuSansMono.ttf", O_RDONLY|O_CLOEXEC) = 6
14:15:47.849186 openat(AT_FDCWD, "/usr/share/fonts/truetype/dejavu/DejaVuSerif-Bold.ttf", O_RDONLY|O_CLOEXEC) = 6
14:15:47.849331 openat(AT_FDCWD, "/usr/share/fonts/truetype/dejavu/DejaVuSerif.ttf", O_RDONLY|O_CLOEXEC) = 6
14:15:47.849475 openat(AT_FDCWD, "/usr/share/fonts/truetype/dejavu/DejaVuMathTeXGyre.ttf", O_RDONLY|O_CLOEXEC) = 6
14:15:47.849624 openat(AT_FDCWD, "/usr/share/fonts/truetype/dejavu/DejaVuSans-BoldOblique.ttf", O_RDONLY|O_CLOEXEC) = 6
14:15:47.849780 openat(AT_FDCWD, "/usr/share/fonts/truetype/dejavu/DejaVuSans-ExtraLight.ttf", O_RDONLY|O_CLOEXEC) = 6
14:15:47.849937 openat(AT_FDCWD, "/usr/share/fonts/truetype/dejavu/DejaVuSans-Oblique.ttf", O_RDONLY|O_CLOEXEC) = 6
14:15:47.850095 openat(AT_FDCWD, "/usr/share/fonts/truetype/dejavu/DejaVuSansCondensed-Bold.ttf", O_RDONLY|O_CLOEXEC) = 6
14:15:47.850251 openat(AT_FDCWD, "/usr/share/fonts/truetype/dejavu/DejaVuSansCondensed-BoldOblique.ttf", O_RDONLY|O_CLOEXEC) = 6
14:15:47.850426 openat(AT_FDCWD, "/usr/share/fonts/truetype/dejavu/DejaVuSansCondensed-Oblique.ttf", O_RDONLY|O_CLOEXEC) = 6
14:15:47.850579 openat(AT_FDCWD, "/usr/share/fonts/truetype/dejavu/DejaVuSansCondensed.ttf", O_RDONLY|O_CLOEXEC) = 6
14:15:47.850733 openat(AT_FDCWD, "/usr/share/fonts/truetype/dejavu/DejaVuSerif-BoldItalic.ttf", O_RDONLY|O_CLOEXEC) = 6
14:15:47.850880 openat(AT_FDCWD, "/usr/share/fonts/truetype/dejavu/DejaVuSerif-Italic.ttf", O_RDONLY|O_CLOEXEC) = 6
14:15:47.851036 openat(AT_FDCWD, "/usr/share/fonts/truetype/dejavu/DejaVuSerifCondensed-Bold.ttf", O_RDONLY|O_CLOEXEC) = 6
14:15:47.851186 openat(AT_FDCWD, "/usr/share/fonts/truetype/dejavu/DejaVuSerifCondensed-BoldItalic.ttf", O_RDONLY|O_CLOEXEC) = 6
14:15:47.851349 openat(AT_FDCWD, "/usr/share/fonts/truetype/dejavu/DejaVuSerifCondensed-Italic.ttf", O_RDONLY|O_CLOEXEC) = 6
14:15:47.851498 openat(AT_FDCWD, "/usr/share/fonts/truetype/dejavu/DejaVuSerifCondensed.ttf", O_RDONLY|O_CLOEXEC) = 6
14:15:47.851685 openat(AT_FDCWD, "/usr/share/fonts/truetype/droid", O_RDONLY|O_NONBLOCK|O_CLOEXEC|O_DIRECTORY) = 5
14:15:47.851781 openat(AT_FDCWD, "/usr/share/fonts/truetype/droid/DroidSansFallbackFull.ttf", O_RDONLY|O_CLOEXEC) = 6
14:15:47.851978 openat(AT_FDCWD, "/usr/share/fonts/truetype/liberation", O_RDONLY|O_NONBLOCK|O_CLOEXEC|O_DIRECTORY) = 5
14:15:47.852078 openat(AT_FDCWD, "/usr/share/fonts/truetype/liberation/LiberationMono-Bold.ttf", O_RDONLY|O_CLOEXEC) = 6
14:15:47.852225 openat(AT_FDCWD, "/usr/share/fonts/truetype/liberation/LiberationMono-BoldItalic.ttf", O_RDONLY|O_CLOEXEC) = 6
14:15:47.852374 openat(AT_FDCWD, "/usr/share/fonts/truetype/liberation/LiberationMono-Italic.ttf", O_RDONLY|O_CLOEXEC) = 6
14:15:47.852525 openat(AT_FDCWD, "/usr/share/fonts/truetype/liberation/LiberationMono-Regular.ttf", O_RDONLY|O_CLOEXEC) = 6
14:15:47.852671 openat(AT_FDCWD, "/usr/share/fonts/truetype/liberation/LiberationSans-Bold.ttf", O_RDONLY|O_CLOEXEC) = 6
14:15:47.852817 openat(AT_FDCWD, "/usr/share/fonts/truetype/liberation/LiberationSans-BoldItalic.ttf", O_RDONLY|O_CLOEXEC) = 6
14:15:47.852970 openat(AT_FDCWD, "/usr/share/fonts/truetype/liberation/LiberationSans-Italic.ttf", O_RDONLY|O_CLOEXEC) = 6
14:15:47.853120 openat(AT_FDCWD, "/usr/share/fonts/truetype/liberation/LiberationSans-Regular.ttf", O_RDONLY|O_CLOEXEC) = 6
14:15:47.853268 openat(AT_FDCWD, "/usr/share/fonts/truetype/liberation/LiberationSerif-Bold.ttf", O_RDONLY|O_CLOEXEC) = 6
14:15:47.853415 openat(AT_FDCWD, "/usr/share/fonts/truetype/liberation/LiberationSerif-BoldItalic.ttf", O_RDONLY|O_CLOEXEC) = 6
14:15:47.853565 openat(AT_FDCWD, "/usr/share/fonts/truetype/liberation/LiberationSerif-Italic.ttf", O_RDONLY|O_CLOEXEC) = 6
14:15:47.853709 openat(AT_FDCWD, "/usr/share/fonts/truetype/liberation/LiberationSerif-Regular.ttf", O_RDONLY|O_CLOEXEC) = 6
14:15:47.853894 openat(AT_FDCWD, "/usr/share/fonts/truetype/libreoffice", O_RDONLY|O_NONBLOCK|O_CLOEXEC|O_DIRECTORY) = 5
14:15:47.854001 openat(AT_FDCWD, "/usr/share/fonts/truetype/libreoffice/opens___.ttf", O_RDONLY|O_CLOEXEC) = 6
14:15:47.854205 openat(AT_FDCWD, "/usr/share/fonts/truetype/noto", O_RDONLY|O_NONBLOCK|O_CLOEXEC|O_DIRECTORY) = 5
14:15:47.854359 openat(AT_FDCWD, "/usr/share/fonts/truetype/noto/NotoKufiArabic-Bold.ttf", O_RDONLY|O_CLOEXEC) = 6
14:15:47.854508 openat(AT_FDCWD, "/usr/share/fonts/truetype/noto/NotoKufiArabic-Regular.ttf", O_RDONLY|O_CLOEXEC) = 6
14:15:47.854655 openat(AT_FDCWD, "/usr/share/fonts/truetype/noto/NotoLoopedLao-Bold.ttf", O_RDONLY|O_CLOEXEC) = 6
14:15:47.854797 openat(AT_FDCWD, "/usr/share/fonts/truetype/noto/NotoLoopedLao-Regular.ttf", O_RDONLY|O_CLOEXEC) = 6
14:15:47.854948 openat(AT_FDCWD, "/usr/share/fonts/truetype/noto/NotoLoopedThai-Bold.ttf", O_RDONLY|O_CLOEXEC) = 6
14:15:47.855092 openat(AT_FDCWD, "/usr/share/fonts/truetype/noto/NotoLoopedThai-Regular.ttf", O_RDONLY|O_CLOEXEC) = 6
14:15:47.855235 openat(AT_FDCWD, "/usr/share/fonts/truetype/noto/NotoMono-Regular.ttf", O_RDONLY|O_CLOEXEC) = 6
14:15:47.855377 openat(AT_FDCWD, "/usr/share/fonts/truetype/noto/NotoMusic-Regular.ttf", O_RDONLY|O_CLOEXEC) = 6
14:15:47.855523 openat(AT_FDCWD, "/usr/share/fonts/truetype/noto/NotoNaskhArabic-Bold.ttf", O_RDONLY|O_CLOEXEC) = 6
14:15:47.855670 openat(AT_FDCWD, "/usr/share/fonts/truetype/noto/NotoNaskhArabic-Regular.ttf", O_RDONLY|O_CLOEXEC) = 6
14:15:47.855818 openat(AT_FDCWD, "/usr/share/fonts/truetype/noto/NotoNastaliqUrdu-Bold.ttf", O_RDONLY|O_CLOEXEC) = 6
14:15:47.855969 openat(AT_FDCWD, "/usr/share/fonts/truetype/noto/NotoNastaliqUrdu-Regular.ttf", O_RDONLY|O_CLOEXEC) = 6
14:15:47.856118 openat(AT_FDCWD, "/usr/share/fonts/truetype/noto/NotoRashiHebrew-Bold.ttf", O_RDONLY|O_CLOEXEC) = 6
14:15:47.856259 openat(AT_FDCWD, "/usr/share/fonts/truetype/noto/NotoRashiHebrew-Regular.ttf", O_RDONLY|O_CLOEXEC) = 6
14:15:47.856413 openat(AT_FDCWD, "/usr/share/fonts/truetype/noto/NotoSans-Bold.ttf", O_RDONLY|O_CLOEXEC) = 6
14:15:47.856560 openat(AT_FDCWD, "/usr/share/fonts/truetype/noto/NotoSans-BoldItalic.ttf", O_RDONLY|O_CLOEXEC) = 6
14:15:47.856708 openat(AT_FDCWD, "/usr/share/fonts/truetype/noto/NotoSans-Italic.ttf", O_RDONLY|O_CLOEXEC) = 6
14:15:47.856856 openat(AT_FDCWD, "/usr/share/fonts/truetype/noto/NotoSans-Regular.ttf", O_RDONLY|O_CLOEXEC) = 6
14:15:47.857011 openat(AT_FDCWD, "/usr/share/fonts/truetype/noto/NotoSansAdlam-Bold.ttf", O_RDONLY|O_CLOEXEC) = 6
14:15:47.857158 openat(AT_FDCWD, "/usr/share/fonts/truetype/noto/NotoSansAdlam-Regular.ttf", O_RDONLY|O_CLOEXEC) = 6
14:15:47.857305 openat(AT_FDCWD, "/usr/share/fonts/truetype/noto/NotoSansAdlamUnjoined-Bold.ttf", O_RDONLY|O_CLOEXEC) = 6
14:15:47.857447 openat(AT_FDCWD, "/usr/share/fonts/truetype/noto/NotoSansAdlamUnjoined-Regular.ttf", O_RDONLY|O_CLOEXEC) = 6
14:15:47.857588 openat(AT_FDCWD, "/usr/share/fonts/truetype/noto/NotoSansAnatolianHieroglyphs-Regular.ttf", O_RDONLY|O_CLOEXEC) = 6
14:15:47.857733 openat(AT_FDCWD, "/usr/share/fonts/truetype/noto/NotoSansArabic-Bold.ttf", O_RDONLY|O_CLOEXEC) = 6
14:15:47.857880 openat(AT_FDCWD, "/usr/share/fonts/truetype/noto/NotoSansArabic-Regular.ttf", O_RDONLY|O_CLOEXEC) = 6
14:15:47.858037 openat(AT_FDCWD, "/usr/share/fonts/truetype/noto/NotoSansArmenian-Bold.ttf", O_RDONLY|O_CLOEXEC) = 6
14:15:47.858178 openat(AT_FDCWD, "/usr/share/fonts/truetype/noto/NotoSansArmenian-Regular.ttf", O_RDONLY|O_CLOEXEC) = 6
14:15:47.858318 openat(AT_FDCWD, "/usr/share/fonts/truetype/noto/NotoSansAvestan-Regular.ttf", O_RDONLY|O_CLOEXEC) = 6
14:15:47.858458 openat(AT_FDCWD, "/usr/share/fonts/truetype/noto/NotoSansBalinese-Bold.ttf", O_RDONLY|O_CLOEXEC) = 6
14:15:47.858600 openat(AT_FDCWD, "/usr/share/fonts/truetype/noto/NotoSansBalinese-Regular.ttf", O_RDONLY|O_CLOEXEC) = 6
14:15:47.858743 openat(AT_FDCWD, "/usr/share/fonts/truetype/noto/NotoSansBamum-Bold.ttf", O_RDONLY|O_CLOEXEC) = 6
14:15:47.858887 openat(AT_FDCWD, "/usr/share/fonts/truetype/noto/NotoSansBamum-Regular.ttf", O_RDONLY|O_CLOEXEC) = 6
14:15:47.859044 openat(AT_FDCWD, "/usr/share/fonts/truetype/noto/NotoSansBassaVah-Regular.ttf", O_RDONLY|O_CLOEXEC) = 6
14:15:47.859182 openat(AT_FDCWD, "/usr/share/fonts/truetype/noto/NotoSansBatak-Regular.ttf", O_RDONLY|O_CLOEXEC) = 6
14:15:47.859321 openat(AT_FDCWD, "/usr/share/fonts/truetype/noto/NotoSansBengali-Bold.ttf", O_RDONLY|O_CLOEXEC) = 6
14:15:47.859469 openat(AT_FDCWD, "/usr/share/fonts/truetype/noto/NotoSansBengali-Regular.ttf", O_RDONLY|O_CLOEXEC) = 6
14:15:47.859617 openat(AT_FDCWD, "/usr/share/fonts/truetype/noto/NotoSansBhaiksuki-Regular.ttf", O_RDONLY|O_CLOEXEC) = 6
14:15:47.859764 openat(AT_FDCWD, "/usr/share/fonts/truetype/noto/NotoSansBrahmi-Regular.ttf", O_RDONLY|O_CLOEXEC) = 6
14:15:47.859910 openat(AT_FDCWD, "/usr/share/fonts/truetype/noto/NotoSansBuginese-Regular.ttf", O_RDONLY|O_CLOEXEC) = 6
14:15:47.860050 openat(AT_FDCWD, "/usr/share/fonts/truetype/noto/NotoSansBuhid-Regular.ttf", O_RDONLY|O_CLOEXEC) = 6
14:15:47.860190 openat(AT_FDCWD, "/usr/share/fonts/truetype/noto/NotoSansCanadianAboriginal-Bold.ttf", O_RDONLY|O_CLOEXEC) = 6
14:15:47.860335 openat(AT_FDCWD, "/usr/share/fonts/truetype/noto/NotoSansCanadianAboriginal-Regular.ttf", O_RDONLY|O_CLOEXEC) = 6
14:15:47.860500 openat(AT_FDCWD, "/usr/share/fonts/truetype/noto/NotoSansCarian-Regular.ttf", O_RDONLY|O_CLOEXEC) = 6
14:15:47.860639 openat(AT_FDCWD, "/usr/share/fonts/truetype/noto/NotoSansCaucasianAlbanian-Regular.ttf", O_RDONLY|O_CLOEXEC) = 6
14:15:47.860778 openat(AT_FDCWD, "/usr/share/fonts/truetype/noto/NotoSansChakma-Regular.ttf", O_RDONLY|O_CLOEXEC) = 6
14:15:47.860926 openat(AT_FDCWD, "/usr/share/fonts/truetype/noto/NotoSansCham-Bold.ttf", O_RDONLY|O_CLOEXEC) = 6
14:15:47.861068 openat(AT_FDCWD, "/usr/share/fonts/truetype/noto/NotoSansCham-Regular.ttf", O_RDONLY|O_CLOEXEC) = 6
14:15:47.861209 openat(AT_FDCWD, "/usr/share/fonts/truetype/noto/NotoSansCherokee-Bold.ttf", O_RDONLY|O_CLOEXEC) = 6
14:15:47.861355 openat(AT_FDCWD, "/usr/share/fonts/truetype/noto/NotoSansCherokee-Regular.ttf", O_RDONLY|O_CLOEXEC) = 6
14:15:47.861515 openat(AT_FDCWD, "/usr/share/fonts/truetype/noto/NotoSansCoptic-Regular.ttf", O_RDONLY|O_CLOEXEC) = 6
14:15:47.861658 openat(AT_FDCWD, "/usr/share/fonts/truetype/noto/NotoSansCuneiform-Regular.ttf", O_RDONLY|O_CLOEXEC) = 6
14:15:47.861806 openat(AT_FDCWD, "/usr/share/fonts/truetype/noto/NotoSansCypriot-Regular.ttf", O_RDONLY|O_CLOEXEC) = 6
14:15:47.861963 openat(AT_FDCWD, "/usr/share/fonts/truetype/noto/NotoSansDeseret-Regular.ttf", O_RDONLY|O_CLOEXEC) = 6
14:15:47.862123 openat(AT_FDCWD, "/usr/share/fonts/truetype/noto/NotoSansDevanagari-Bold.ttf", O_RDONLY|O_CLOEXEC) = 6
14:15:47.862308 openat(AT_FDCWD, "/usr/share/fonts/truetype/noto/NotoSansDevanagari-Regular.ttf", O_RDONLY|O_CLOEXEC) = 6
14:15:47.862495 openat(AT_FDCWD, "/usr/share/fonts/truetype/noto/NotoSansDisplay-Bold.ttf", O_RDONLY|O_CLOEXEC) = 6
14:15:47.862654 openat(AT_FDCWD, "/usr/share/fonts/truetype/noto/NotoSansDisplay-BoldItalic.ttf", O_RDONLY|O_CLOEXEC) = 6
14:15:47.862804 openat(AT_FDCWD, "/usr/share/fonts/truetype/noto/NotoSansDisplay-Italic.ttf", O_RDONLY|O_CLOEXEC) = 6
14:15:47.863001 openat(AT_FDCWD, "/usr/share/fonts/truetype/noto/NotoSansDisplay-Regular.ttf", O_RDONLY|O_CLOEXEC) = 6
14:15:47.863161 openat(AT_FDCWD, "/usr/share/fonts/truetype/noto/NotoSansDuployan-Regular.ttf", O_RDONLY|O_CLOEXEC) = 6
14:15:47.863315 openat(AT_FDCWD, "/usr/share/fonts/truetype/noto/NotoSansEgyptianHieroglyphs-Regular.ttf", O_RDONLY|O_CLOEXEC) = 6
14:15:47.863476 openat(AT_FDCWD, "/usr/share/fonts/truetype/noto/NotoSansElbasan-Regular.ttf", O_RDONLY|O_CLOEXEC) = 6
14:15:47.863615 openat(AT_FDCWD, "/usr/share/fonts/truetype/noto/NotoSansElymaic-Regular.ttf", O_RDONLY|O_CLOEXEC) = 6
14:15:47.863754 openat(AT_FDCWD, "/usr/share/fonts/truetype/noto/NotoSansEthiopic-Bold.ttf", O_RDONLY|O_CLOEXEC) = 6
14:15:47.863911 openat(AT_FDCWD, "/usr/share/fonts/truetype/noto/NotoSansEthiopic-Regular.ttf", O_RDONLY|O_CLOEXEC) = 6
14:15:47.864062 openat(AT_FDCWD, "/usr/share/fonts/truetype/noto/NotoSansGeorgian-Bold.ttf", O_RDONLY|O_CLOEXEC) = 6
14:15:47.864205 openat(AT_FDCWD, "/usr/share/fonts/truetype/noto/NotoSansGeorgian-Regular.ttf", O_RDONLY|O_CLOEXEC) = 6
14:15:47.864347 openat(AT_FDCWD, "/usr/share/fonts/truetype/noto/NotoSansGlagolitic-Regular.ttf", O_RDONLY|O_CLOEXEC) = 6
14:15:47.864489 openat(AT_FDCWD, "/usr/share/fonts/truetype/noto/NotoSansGothic-Regular.ttf", O_RDONLY|O_CLOEXEC) = 6
14:15:47.864629 openat(AT_FDCWD, "/usr/share/fonts/truetype/noto/NotoSansGrantha-Regular.ttf", O_RDONLY|O_CLOEXEC) = 6
14:15:47.864779 openat(AT_FDCWD, "/usr/share/fonts/truetype/noto/NotoSansGujarati-Bold.ttf", O_RDONLY|O_CLOEXEC) = 6
14:15:47.864933 openat(AT_FDCWD, "/usr/share/fonts/truetype/noto/NotoSansGujarati-Regular.ttf", O_RDONLY|O_CLOEXEC) = 6
14:15:47.865115 openat(AT_FDCWD, "/usr/share/fonts/truetype/noto/NotoSansGunjalaGondi-Regular.ttf", O_RDONLY|O_CLOEXEC) = 6
14:15:47.865281 openat(AT_FDCWD, "/usr/share/fonts/truetype/noto/NotoSansGurmukhi-Bold.ttf", O_RDONLY|O_CLOEXEC) = 6
14:15:47.865438 openat(AT_FDCWD, "/usr/share/fonts/truetype/noto/NotoSansGurmukhi-Regular.ttf", O_RDONLY|O_CLOEXEC) = 6
14:15:47.865594 openat(AT_FDCWD, "/usr/share/fonts/truetype/noto/NotoSansHanifiRohingya-Bold.ttf", O_RDONLY|O_CLOEXEC) = 6
14:15:47.865749 openat(AT_FDCWD, "/usr/share/fonts/truetype/noto/NotoSansHanifiRohingya-Regular.ttf", O_RDONLY|O_CLOEXEC) = 6
14:15:47.865909 openat(AT_FDCWD, "/usr/share/fonts/truetype/noto/NotoSansHanunoo-Regular.ttf", O_RDONLY|O_CLOEXEC) = 6
14:15:47.866058 openat(AT_FDCWD, "/usr/share/fonts/truetype/noto/NotoSansHatran-Regular.ttf", O_RDONLY|O_CLOEXEC) = 6
14:15:47.866197 openat(AT_FDCWD, "/usr/share/fonts/truetype/noto/NotoSansHebrew-Bold.ttf", O_RDONLY|O_CLOEXEC) = 6
14:15:47.866336 openat(AT_FDCWD, "/usr/share/fonts/truetype/noto/NotoSansHebrew-Regular.ttf", O_RDONLY|O_CLOEXEC) = 6
14:15:47.866476 openat(AT_FDCWD, "/usr/share/fonts/truetype/noto/NotoSansImperialAramaic-Regular.ttf", O_RDONLY|O_CLOEXEC) = 6
14:15:47.866614 openat(AT_FDCWD, "/usr/share/fonts/truetype/noto/NotoSansIndicSiyaqNumbers-Regular.ttf", O_RDONLY|O_CLOEXEC) = 6
14:15:47.866771 openat(AT_FDCWD, "/usr/share/fonts/truetype/noto/NotoSansInscriptionalPahlavi-Regular.ttf", O_RDONLY|O_CLOEXEC) = 6
14:15:47.866922 openat(AT_FDCWD, "/usr/share/fonts/truetype/noto/NotoSansInscriptionalParthian-Regular.ttf", O_RDONLY|O_CLOEXEC) = 6
14:15:47.867071 openat(AT_FDCWD, "/usr/share/fonts/truetype/noto/NotoSansJavanese-Bold.ttf", O_RDONLY|O_CLOEXEC) = 6
14:15:47.867220 openat(AT_FDCWD, "/usr/share/fonts/truetype/noto/NotoSansJavanese-Regular.ttf", O_RDONLY|O_CLOEXEC) = 6
14:15:47.867368 openat(AT_FDCWD, "/usr/share/fonts/truetype/noto/NotoSansKaithi-Regular.ttf", O_RDONLY|O_CLOEXEC) = 6
14:15:47.867515 openat(AT_FDCWD, "/usr/share/fonts/truetype/noto/NotoSansKannada-Bold.ttf", O_RDONLY|O_CLOEXEC) = 6
14:15:47.867665 openat(AT_FDCWD, "/usr/share/fonts/truetype/noto/NotoSansKannada-Regular.ttf", O_RDONLY|O_CLOEXEC) = 6
14:15:47.867812 openat(AT_FDCWD, "/usr/share/fonts/truetype/noto/NotoSansKayahLi-Bold.ttf", O_RDONLY|O_CLOEXEC) = 6
14:15:47.867960 openat(AT_FDCWD, "/usr/share/fonts/truetype/noto/NotoSansKayahLi-Regular.ttf", O_RDONLY|O_CLOEXEC) = 6
14:15:47.868101 openat(AT_FDCWD, "/usr/share/fonts/truetype/noto/NotoSansKharoshthi-Regular.ttf", O_RDONLY|O_CLOEXEC) = 6
14:15:47.868242 openat(AT_FDCWD, "/usr/share/fonts/truetype/noto/NotoSansKhmer-Bold.ttf", O_RDONLY|O_CLOEXEC) = 6
14:15:47.868394 openat(AT_FDCWD, "/usr/share/fonts/truetype/noto/NotoSansKhmer-Regular.ttf", O_RDONLY|O_CLOEXEC) = 6
14:15:47.868590 openat(AT_FDCWD, "/usr/share/fonts/truetype/noto/NotoSansKhojki-Regular.ttf", O_RDONLY|O_CLOEXEC) = 6
14:15:47.868749 openat(AT_FDCWD, "/usr/share/fonts/truetype/noto/NotoSansKhudawadi-Regular.ttf", O_RDONLY|O_CLOEXEC) = 6
14:15:47.868906 openat(AT_FDCWD, "/usr/share/fonts/truetype/noto/NotoSansLao-Bold.ttf", O_RDONLY|O_CLOEXEC) = 6
14:15:47.869062 openat(AT_FDCWD, "/usr/share/fonts/truetype/noto/NotoSansLao-Regular.ttf", O_RDONLY|O_CLOEXEC) = 6
14:15:47.869227 openat(AT_FDCWD, "/usr/share/fonts/truetype/noto/NotoSansLepcha-Regular.ttf", O_RDONLY|O_CLOEXEC) = 6
14:15:47.869380 openat(AT_FDCWD, "/usr/share/fonts/truetype/noto/NotoSansLimbu-Regular.ttf", O_RDONLY|O_CLOEXEC) = 6
14:15:47.869530 openat(AT_FDCWD, "/usr/share/fonts/truetype/noto/NotoSansLinearA-Regular.ttf", O_RDONLY|O_CLOEXEC) = 6
14:15:47.869685 openat(AT_FDCWD, "/usr/share/fonts/truetype/noto/NotoSansLinearB-Regular.ttf", O_RDONLY|O_CLOEXEC) = 6
14:15:47.869836 openat(AT_FDCWD, "/usr/share/fonts/truetype/noto/NotoSansLisu-Bold.ttf", O_RDONLY|O_CLOEXEC) = 6
14:15:47.869982 openat(AT_FDCWD, "/usr/share/fonts/truetype/noto/NotoSansLisu-Regular.ttf", O_RDONLY|O_CLOEXEC) = 6
14:15:47.870123 openat(AT_FDCWD, "/usr/share/fonts/truetype/noto/NotoSansLycian-Regular.ttf", O_RDONLY|O_CLOEXEC) = 6
14:15:47.870264 openat(AT_FDCWD, "/usr/share/fonts/truetype/noto/NotoSansLydian-Regular.ttf", O_RDONLY|O_CLOEXEC) = 6
14:15:47.870403 openat(AT_FDCWD, "/usr/share/fonts/truetype/noto/NotoSansMahajani-Regular.ttf", O_RDONLY|O_CLOEXEC) = 6
14:15:47.870542 openat(AT_FDCWD, "/usr/share/fonts/truetype/noto/NotoSansMalayalam-Bold.ttf", O_RDONLY|O_CLOEXEC) = 6
14:15:47.870689 openat(AT_FDCWD, "/usr/share/fonts/truetype/noto/NotoSansMalayalam-Regular.ttf", O_RDONLY|O_CLOEXEC) = 6
14:15:47.870836 openat(AT_FDCWD, "/usr/share/fonts/truetype/noto/NotoSansMandaic-Regular.ttf", O_RDONLY|O_CLOEXEC) = 6
14:15:47.870987 openat(AT_FDCWD, "/usr/share/fonts/truetype/noto/NotoSansManichaean-Regular.ttf", O_RDONLY|O_CLOEXEC) = 6
14:15:47.871132 openat(AT_FDCWD, "/usr/share/fonts/truetype/noto/NotoSansMarchen-Regular.ttf", O_RDONLY|O_CLOEXEC) = 6
14:15:47.871281 openat(AT_FDCWD, "/usr/share/fonts/truetype/noto/NotoSansMasaramGondi-Regular.ttf", O_RDONLY|O_CLOEXEC) = 6
14:15:47.871422 openat(AT_FDCWD, "/usr/share/fonts/truetype/noto/NotoSansMath-Regular.ttf", O_RDONLY|O_CLOEXEC) = 6
14:15:47.871572 openat(AT_FDCWD, "/usr/share/fonts/truetype/noto/NotoSansMayanNumerals-Regular.ttf", O_RDONLY|O_CLOEXEC) = 6
14:15:47.871724 openat(AT_FDCWD, "/usr/share/fonts/truetype/noto/NotoSansMedefaidrin-Bold.ttf", O_RDONLY|O_CLOEXEC) = 6
14:15:47.871880 openat(AT_FDCWD, "/usr/share/fonts/truetype/noto/NotoSansMedefaidrin-Regular.ttf", O_RDONLY|O_CLOEXEC) = 6
14:15:47.872046 openat(AT_FDCWD, "/usr/share/fonts/truetype/noto/NotoSansMeeteiMayek-Bold.ttf", O_RDONLY|O_CLOEXEC) = 6
14:15:47.872187 openat(AT_FDCWD, "/usr/share/fonts/truetype/noto/NotoSansMeeteiMayek-Regular.ttf", O_RDONLY|O_CLOEXEC) = 6
14:15:47.872326 openat(AT_FDCWD, "/usr/share/fonts/truetype/noto/NotoSansMendeKikakui-Regular.ttf", O_RDONLY|O_CLOEXEC) = 6
14:15:47.872467 openat(AT_FDCWD, "/usr/share/fonts/truetype/noto/NotoSansMeroitic-Regular.ttf", O_RDONLY|O_CLOEXEC) = 6
14:15:47.872607 openat(AT_FDCWD, "/usr/share/fonts/truetype/noto/NotoSansMiao-Regular.ttf", O_RDONLY|O_CLOEXEC) = 6
14:15:47.872748 openat(AT_FDCWD, "/usr/share/fonts/truetype/noto/NotoSansModi-Regular.ttf", O_RDONLY|O_CLOEXEC) = 6
14:15:47.872890 openat(AT_FDCWD, "/usr/share/fonts/truetype/noto/NotoSansMongolian-Regular.ttf", O_RDONLY|O_CLOEXEC) = 6
14:15:47.873046 openat(AT_FDCWD, "/usr/share/fonts/truetype/noto/NotoSansMono-Bold.ttf", O_RDONLY|O_CLOEXEC) = 6
14:15:47.873196 openat(AT_FDCWD, "/usr/share/fonts/truetype/noto/NotoSansMono-Regular.ttf", O_RDONLY|O_CLOEXEC) = 6
14:15:47.873343 openat(AT_FDCWD, "/usr/share/fonts/truetype/noto/NotoSansMro-Regular.ttf", O_RDONLY|O_CLOEXEC) = 6
14:15:47.873482 openat(AT_FDCWD, "/usr/share/fonts/truetype/noto/NotoSansMultani-Regular.ttf", O_RDONLY|O_CLOEXEC) = 6
14:15:47.873622 openat(AT_FDCWD, "/usr/share/fonts/truetype/noto/NotoSansMyanmar-Bold.ttf", O_RDONLY|O_CLOEXEC) = 6
14:15:47.873770 openat(AT_FDCWD, "/usr/share/fonts/truetype/noto/NotoSansMyanmar-Regular.ttf", O_RDONLY|O_CLOEXEC) = 6
14:15:47.873923 openat(AT_FDCWD, "/usr/share/fonts/truetype/noto/NotoSansNKo-Regular.ttf", O_RDONLY|O_CLOEXEC) = 6
14:15:47.874068 openat(AT_FDCWD, "/usr/share/fonts/truetype/noto/NotoSansNabataean-Regular.ttf", O_RDONLY|O_CLOEXEC) = 6
14:15:47.874207 openat(AT_FDCWD, "/usr/share/fonts/truetype/noto/NotoSansNewTaiLue-Regular.ttf", O_RDONLY|O_CLOEXEC) = 6
14:15:47.874347 openat(AT_FDCWD, "/usr/share/fonts/truetype/noto/NotoSansNewa-Regular.ttf", O_RDONLY|O_CLOEXEC) = 6
14:15:47.874497 openat(AT_FDCWD, "/usr/share/fonts/truetype/noto/NotoSansNushu-Regular.ttf", O_RDONLY|O_CLOEXEC) = 6
14:15:47.874642 openat(AT_FDCWD, "/usr/share/fonts/truetype/noto/NotoSansOgham-Regular.ttf", O_RDONLY|O_CLOEXEC) = 6
14:15:47.874781 openat(AT_FDCWD, "/usr/share/fonts/truetype/noto/NotoSansOlChiki-Bold.ttf", O_RDONLY|O_CLOEXEC) = 6
14:15:47.874931 openat(AT_FDCWD, "/usr/share/fonts/truetype/noto/NotoSansOlChiki-Regular.ttf", O_RDONLY|O_CLOEXEC) = 6
14:15:47.875075 openat(AT_FDCWD, "/usr/share/fonts/truetype/noto/NotoSansOldHungarian-Regular.ttf", O_RDONLY|O_CLOEXEC) = 6
14:15:47.875218 openat(AT_FDCWD, "/usr/share/fonts/truetype/noto/NotoSansOldItalic-Regular.ttf", O_RDONLY|O_CLOEXEC) = 6
14:15:47.875357 openat(AT_FDCWD, "/usr/share/fonts/truetype/noto/NotoSansOldNorthArabian-Regular.ttf", O_RDONLY|O_CLOEXEC) = 6
14:15:47.875497 openat(AT_FDCWD, "/usr/share/fonts/truetype/noto/NotoSansOldPermic-Regular.ttf", O_RDONLY|O_CLOEXEC) = 6
14:15:47.875635 openat(AT_FDCWD, "/usr/share/fonts/truetype/noto/NotoSansOldPersian-Regular.ttf", O_RDONLY|O_CLOEXEC) = 6
14:15:47.875774 openat(AT_FDCWD, "/usr/share/fonts/truetype/noto/NotoSansOldSogdian-Regular.ttf", O_RDONLY|O_CLOEXEC) = 6
14:15:47.875935 openat(AT_FDCWD, "/usr/share/fonts/truetype/noto/NotoSansOldSouthArabian-Regular.ttf", O_RDONLY|O_CLOEXEC) = 6
14:15:47.876078 openat(AT_FDCWD, "/usr/share/fonts/truetype/noto/NotoSansOldTurkic-Regular.ttf", O_RDONLY|O_CLOEXEC) = 6
14:15:47.876217 openat(AT_FDCWD, "/usr/share/fonts/truetype/noto/NotoSansOriya-Bold.ttf", O_RDONLY|O_CLOEXEC) = 6
14:15:47.876362 openat(AT_FDCWD, "/usr/share/fonts/truetype/noto/NotoSansOriya-Regular.ttf", O_RDONLY|O_CLOEXEC) = 6
14:15:47.876507 openat(AT_FDCWD, "/usr/share/fonts/truetype/noto/NotoSansOsage-Regular.ttf", O_RDONLY|O_CLOEXEC) = 6
14:15:47.876646 openat(AT_FDCWD, "/usr/share/fonts/truetype/noto/NotoSansOsmanya-Regular.ttf", O_RDONLY|O_CLOEXEC) = 6
14:15:47.876797 openat(AT_FDCWD, "/usr/share/fonts/truetype/noto/NotoSansPahawhHmong-Regular.ttf", O_RDONLY|O_CLOEXEC) = 6
14:15:47.876943 openat(AT_FDCWD, "/usr/share/fonts/truetype/noto/NotoSansPalmyrene-Regular.ttf", O_RDONLY|O_CLOEXEC) = 6
14:15:47.877084 openat(AT_FDCWD, "/usr/share/fonts/truetype/noto/NotoSansPauCinHau-Regular.ttf", O_RDONLY|O_CLOEXEC) = 6
14:15:47.877222 openat(AT_FDCWD, "/usr/share/fonts/truetype/noto/NotoSansPhagsPa-Regular.ttf", O_RDONLY|O_CLOEXEC) = 6
14:15:47.877363 openat(AT_FDCWD, "/usr/share/fonts/truetype/noto/NotoSansPhoenician-Regular.ttf", O_RDONLY|O_CLOEXEC) = 6
14:15:47.877501 openat(AT_FDCWD, "/usr/share/fonts/truetype/noto/NotoSansPsalterPahlavi-Regular.ttf", O_RDONLY|O_CLOEXEC) = 6
14:15:47.877642 openat(AT_FDCWD, "/usr/share/fonts/truetype/noto/NotoSansRejang-Regular.ttf", O_RDONLY|O_CLOEXEC) = 6
14:15:47.877780 openat(AT_FDCWD, "/usr/share/fonts/truetype/noto/NotoSansRunic-Regular.ttf", O_RDONLY|O_CLOEXEC) = 6
14:15:47.877922 openat(AT_FDCWD, "/usr/share/fonts/truetype/noto/NotoSansSamaritan-Regular.ttf", O_RDONLY|O_CLOEXEC) = 6
14:15:47.878063 openat(AT_FDCWD, "/usr/share/fonts/truetype/noto/NotoSansSaurashtra-Regular.ttf", O_RDONLY|O_CLOEXEC) = 6
14:15:47.878204 openat(AT_FDCWD, "/usr/share/fonts/truetype/noto/NotoSansSharada-Regular.ttf", O_RDONLY|O_CLOEXEC) = 6
14:15:47.878353 openat(AT_FDCWD, "/usr/share/fonts/truetype/noto/NotoSansShavian-Regular.ttf", O_RDONLY|O_CLOEXEC) = 6
14:15:47.878493 openat(AT_FDCWD, "/usr/share/fonts/truetype/noto/NotoSansSiddham-Regular.ttf", O_RDONLY|O_CLOEXEC) = 6
14:15:47.878642 openat(AT_FDCWD, "/usr/share/fonts/truetype/noto/NotoSansSignWriting-Regular.ttf", O_RDONLY|O_CLOEXEC) = 6
14:15:47.878796 openat(AT_FDCWD, "/usr/share/fonts/truetype/noto/NotoSansSinhala-Bold.ttf", O_RDONLY|O_CLOEXEC) = 6
14:15:47.878956 openat(AT_FDCWD, "/usr/share/fonts/truetype/noto/NotoSansSinhala-Regular.ttf", O_RDONLY|O_CLOEXEC) = 6
14:15:47.879107 openat(AT_FDCWD, "/usr/share/fonts/truetype/noto/NotoSansSogdian-Regular.ttf", O_RDONLY|O_CLOEXEC) = 6
14:15:47.879252 openat(AT_FDCWD, "/usr/share/fonts/truetype/noto/NotoSansSoraSompeng-Bold.ttf", O_RDONLY|O_CLOEXEC) = 6
14:15:47.879391 openat(AT_FDCWD, "/usr/share/fonts/truetype/noto/NotoSansSoraSompeng-Regular.ttf", O_RDONLY|O_CLOEXEC) = 6
14:15:47.879531 openat(AT_FDCWD, "/usr/share/fonts/truetype/noto/NotoSansSoyombo-Regular.ttf", O_RDONLY|O_CLOEXEC) = 6
14:15:47.879685 openat(AT_FDCWD, "/usr/share/fonts/truetype/noto/NotoSansSundanese-Bold.ttf", O_RDONLY|O_CLOEXEC) = 6
14:15:47.879824 openat(AT_FDCWD, "/usr/share/fonts/truetype/noto/NotoSansSundanese-Regular.ttf", O_RDONLY|O_CLOEXEC) = 6
14:15:47.879970 openat(AT_FDCWD, "/usr/share/fonts/truetype/noto/NotoSansSylotiNagri-Regular.ttf", O_RDONLY|O_CLOEXEC) = 6
14:15:47.880111 openat(AT_FDCWD, "/usr/share/fonts/truetype/noto/NotoSansSymbols-Bold.ttf", O_RDONLY|O_CLOEXEC) = 6
14:15:47.880259 openat(AT_FDCWD, "/usr/share/fonts/truetype/noto/NotoSansSymbols-Regular.ttf", O_RDONLY|O_CLOEXEC) = 6
14:15:47.880406 openat(AT_FDCWD, "/usr/share/fonts/truetype/noto/NotoSansSymbols2-Regular.ttf", O_RDONLY|O_CLOEXEC) = 6
14:15:47.880552 openat(AT_FDCWD, "/usr/share/fonts/truetype/noto/NotoSansSyriac-Regular.ttf", O_RDONLY|O_CLOEXEC) = 6
14:15:47.880699 openat(AT_FDCWD, "/usr/share/fonts/truetype/noto/NotoSansTagalog-Regular.ttf", O_RDONLY|O_CLOEXEC) = 6
14:15:47.880838 openat(AT_FDCWD, "/usr/share/fonts/truetype/noto/NotoSansTagbanwa-Regular.ttf", O_RDONLY|O_CLOEXEC) = 6
14:15:47.880980 openat(AT_FDCWD, "/usr/share/fonts/truetype/noto/NotoSansTaiLe-Regular.ttf", O_RDONLY|O_CLOEXEC) = 6
14:15:47.881119 openat(AT_FDCWD, "/usr/share/fonts/truetype/noto/NotoSansTaiTham-Bold.ttf", O_RDONLY|O_CLOEXEC) = 6
14:15:47.881262 openat(AT_FDCWD, "/usr/share/fonts/truetype/noto/NotoSansTaiTham-Regular.ttf", O_RDONLY|O_CLOEXEC) = 6
14:15:47.881404 openat(AT_FDCWD, "/usr/share/fonts/truetype/noto/NotoSansTaiViet-Regular.ttf", O_RDONLY|O_CLOEXEC) = 6
14:15:47.881544 openat(AT_FDCWD, "/usr/share/fonts/truetype/noto/NotoSansTakri-Regular.ttf", O_RDONLY|O_CLOEXEC) = 6
14:15:47.881682 openat(AT_FDCWD, "/usr/share/fonts/truetype/noto/NotoSansTamil-Bold.ttf", O_RDONLY|O_CLOEXEC) = 6
14:15:47.881852 openat(AT_FDCWD, "/usr/share/fonts/truetype/noto/NotoSansTamil-Regular.ttf", O_RDONLY|O_CLOEXEC) = 6
14:15:47.881999 openat(AT_FDCWD, "/usr/share/fonts/truetype/noto/NotoSansTamilSupplement-Regular.ttf", O_RDONLY|O_CLOEXEC) = 6
14:15:47.882138 openat(AT_FDCWD, "/usr/share/fonts/truetype/noto/NotoSansTelugu-Bold.ttf", O_RDONLY|O_CLOEXEC) = 6
14:15:47.882287 openat(AT_FDCWD, "/usr/share/fonts/truetype/noto/NotoSansTelugu-Regular.ttf", O_RDONLY|O_CLOEXEC) = 6
14:15:47.882433 openat(AT_FDCWD, "/usr/share/fonts/truetype/noto/NotoSansThaana-Bold.ttf", O_RDONLY|O_CLOEXEC) = 6
14:15:47.882572 openat(AT_FDCWD, "/usr/share/fonts/truetype/noto/NotoSansThaana-Regular.ttf", O_RDONLY|O_CLOEXEC) = 6
14:15:47.882716 openat(AT_FDCWD, "/usr/share/fonts/truetype/noto/NotoSansThai-Bold.ttf", O_RDONLY|O_CLOEXEC) = 6
14:15:47.882857 openat(AT_FDCWD, "/usr/share/fonts/truetype/noto/NotoSansThai-Regular.ttf", O_RDONLY|O_CLOEXEC) = 6
14:15:47.883024 openat(AT_FDCWD, "/usr/share/fonts/truetype/noto/NotoSansTifinagh-Regular.ttf", O_RDONLY|O_CLOEXEC) = 6
14:15:47.883166 openat(AT_FDCWD, "/usr/share/fonts/truetype/noto/NotoSansTifinaghAPT-Regular.ttf", O_RDONLY|O_CLOEXEC) = 6
14:15:47.883306 openat(AT_FDCWD, "/usr/share/fonts/truetype/noto/NotoSansTifinaghAdrar-Regular.ttf", O_RDONLY|O_CLOEXEC) = 6
14:15:47.883447 openat(AT_FDCWD, "/usr/share/fonts/truetype/noto/NotoSansTifinaghAgrawImazighen-Regular.ttf", O_RDONLY|O_CLOEXEC) = 6
14:15:47.883588 openat(AT_FDCWD, "/usr/share/fonts/truetype/noto/NotoSansTifinaghAhaggar-Regular.ttf", O_RDONLY|O_CLOEXEC) = 6
14:15:47.883729 openat(AT_FDCWD, "/usr/share/fonts/truetype/noto/NotoSansTifinaghAir-Regular.ttf", O_RDONLY|O_CLOEXEC) = 6
14:15:47.883870 openat(AT_FDCWD, "/usr/share/fonts/truetype/noto/NotoSansTifinaghAzawagh-Regular.ttf", O_RDONLY|O_CLOEXEC) = 6
14:15:47.884018 openat(AT_FDCWD, "/usr/share/fonts/truetype/noto/NotoSansTifinaghGhat-Regular.ttf", O_RDONLY|O_CLOEXEC) = 6
14:15:47.884159 openat(AT_FDCWD, "/usr/share/fonts/truetype/noto/NotoSansTifinaghHawad-Regular.ttf", O_RDONLY|O_CLOEXEC) = 6
14:15:47.884300 openat(AT_FDCWD, "/usr/share/fonts/truetype/noto/NotoSansTifinaghRhissaIxa-Regular.ttf", O_RDONLY|O_CLOEXEC) = 6
14:15:47.884440 openat(AT_FDCWD, "/usr/share/fonts/truetype/noto/NotoSansTifinaghSIL-Regular.ttf", O_RDONLY|O_CLOEXEC) = 6
14:15:47.884580 openat(AT_FDCWD, "/usr/share/fonts/truetype/noto/NotoSansTifinaghTawellemmet-Regular.ttf", O_RDONLY|O_CLOEXEC) = 6
14:15:47.884719 openat(AT_FDCWD, "/usr/share/fonts/truetype/noto/NotoSansTirhuta-Regular.ttf", O_RDONLY|O_CLOEXEC) = 6
14:15:47.884863 openat(AT_FDCWD, "/usr/share/fonts/truetype/noto/NotoSansUgaritic-Regular.ttf", O_RDONLY|O_CLOEXEC) = 6
14:15:47.885007 openat(AT_FDCWD, "/usr/share/fonts/truetype/noto/NotoSansVai-Regular.ttf", O_RDONLY|O_CLOEXEC) = 6
14:15:47.885152 openat(AT_FDCWD, "/usr/share/fonts/truetype/noto/NotoSansWancho-Regular.ttf", O_RDONLY|O_CLOEXEC) = 6
14:15:47.885290 openat(AT_FDCWD, "/usr/share/fonts/truetype/noto/NotoSansWarangCiti-Regular.ttf", O_RDONLY|O_CLOEXEC) = 6
14:15:47.885433 openat(AT_FDCWD, "/usr/share/fonts/truetype/noto/NotoSansYi-Regular.ttf", O_RDONLY|O_CLOEXEC) = 6
14:15:47.885587 openat(AT_FDCWD, "/usr/share/fonts/truetype/noto/NotoSansZanabazarSquare-Regular.ttf", O_RDONLY|O_CLOEXEC) = 6
14:15:47.885727 openat(AT_FDCWD, "/usr/share/fonts/truetype/noto/NotoSerif-Bold.ttf", O_RDONLY|O_CLOEXEC) = 6
14:15:47.885871 openat(AT_FDCWD, "/usr/share/fonts/truetype/noto/NotoSerif-BoldItalic.ttf", O_RDONLY|O_CLOEXEC) = 6
14:15:47.886026 openat(AT_FDCWD, "/usr/share/fonts/truetype/noto/NotoSerif-Italic.ttf", O_RDONLY|O_CLOEXEC) = 6
14:15:47.886182 openat(AT_FDCWD, "/usr/share/fonts/truetype/noto/NotoSerif-Regular.ttf", O_RDONLY|O_CLOEXEC) = 6
14:15:47.886328 openat(AT_FDCWD, "/usr/share/fonts/truetype/noto/NotoSerifAhom-Regular.ttf", O_RDONLY|O_CLOEXEC) = 6
14:15:47.886472 openat(AT_FDCWD, "/usr/share/fonts/truetype/noto/NotoSerifArmenian-Bold.ttf", O_RDONLY|O_CLOEXEC) = 6
14:15:47.886611 openat(AT_FDCWD, "/usr/share/fonts/truetype/noto/NotoSerifArmenian-Regular.ttf", O_RDONLY|O_CLOEXEC) = 6
14:15:47.886774 openat(AT_FDCWD, "/usr/share/fonts/truetype/noto/NotoSerifBalinese-Regular.ttf", O_RDONLY|O_CLOEXEC) = 6
14:15:47.886921 openat(AT_FDCWD, "/usr/share/fonts/truetype/noto/NotoSerifBengali-Bold.ttf", O_RDONLY|O_CLOEXEC) = 6
14:15:47.887071 openat(AT_FDCWD, "/usr/share/fonts/truetype/noto/NotoSerifBengali-Regular.ttf", O_RDONLY|O_CLOEXEC) = 6
14:15:47.887220 openat(AT_FDCWD, "/usr/share/fonts/truetype/noto/NotoSerifDevanagari-Bold.ttf", O_RDONLY|O_CLOEXEC) = 6
14:15:47.887368 openat(AT_FDCWD, "/usr/share/fonts/truetype/noto/NotoSerifDevanagari-Regular.ttf", O_RDONLY|O_CLOEXEC) = 6
14:15:47.887516 openat(AT_FDCWD, "/usr/share/fonts/truetype/noto/NotoSerifDisplay-Bold.ttf", O_RDONLY|O_CLOEXEC) = 6
14:15:47.887664 openat(AT_FDCWD, "/usr/share/fonts/truetype/noto/NotoSerifDisplay-BoldItalic.ttf", O_RDONLY|O_CLOEXEC) = 6
14:15:47.887812 openat(AT_FDCWD, "/usr/share/fonts/truetype/noto/NotoSerifDisplay-Italic.ttf", O_RDONLY|O_CLOEXEC) = 6
14:15:47.887974 openat(AT_FDCWD, "/usr/share/fonts/truetype/noto/NotoSerifDisplay-Regular.ttf", O_RDONLY|O_CLOEXEC) = 6
14:15:47.888124 openat(AT_FDCWD, "/usr/share/fonts/truetype/noto/NotoSerifDogra-Regular.ttf", O_RDONLY|O_CLOEXEC) = 6
14:15:47.888265 openat(AT_FDCWD, "/usr/share/fonts/truetype/noto/NotoSerifEthiopic-Bold.ttf", O_RDONLY|O_CLOEXEC) = 6
14:15:47.888411 openat(AT_FDCWD, "/usr/share/fonts/truetype/noto/NotoSerifEthiopic-Regular.ttf", O_RDONLY|O_CLOEXEC) = 6
14:15:47.888558 openat(AT_FDCWD, "/usr/share/fonts/truetype/noto/NotoSerifGeorgian-Bold.ttf", O_RDONLY|O_CLOEXEC) = 6
14:15:47.888700 openat(AT_FDCWD, "/usr/share/fonts/truetype/noto/NotoSerifGeorgian-Regular.ttf", O_RDONLY|O_CLOEXEC) = 6
14:15:47.888842 openat(AT_FDCWD, "/usr/share/fonts/truetype/noto/NotoSerifGrantha-Regular.ttf", O_RDONLY|O_CLOEXEC) = 6
14:15:47.889006 openat(AT_FDCWD, "/usr/share/fonts/truetype/noto/NotoSerifGujarati-Bold.ttf", O_RDONLY|O_CLOEXEC) = 6
14:15:47.889155 openat(AT_FDCWD, "/usr/share/fonts/truetype/noto/NotoSerifGujarati-Regular.ttf", O_RDONLY|O_CLOEXEC) = 6
14:15:47.889302 openat(AT_FDCWD, "/usr/share/fonts/truetype/noto/NotoSerifGurmukhi-Bold.ttf", O_RDONLY|O_CLOEXEC) = 6
14:15:47.889443 openat(AT_FDCWD, "/usr/share/fonts/truetype/noto/NotoSerifGurmukhi-Regular.ttf", O_RDONLY|O_CLOEXEC) = 6
14:15:47.889619 openat(AT_FDCWD, "/usr/share/fonts/truetype/noto/NotoSerifHebrew-Bold.ttf", O_RDONLY|O_CLOEXEC) = 6
14:15:47.889775 openat(AT_FDCWD, "/usr/share/fonts/truetype/noto/NotoSerifHebrew-Regular.ttf", O_RDONLY|O_CLOEXEC) = 6
14:15:47.889937 openat(AT_FDCWD, "/usr/share/fonts/truetype/noto/NotoSerifKannada-Bold.ttf", O_RDONLY|O_CLOEXEC) = 6
14:15:47.890103 openat(AT_FDCWD, "/usr/share/fonts/truetype/noto/NotoSerifKannada-Regular.ttf", O_RDONLY|O_CLOEXEC) = 6
14:15:47.890266 openat(AT_FDCWD, "/usr/share/fonts/truetype/noto/NotoSerifKhmer-Bold.ttf", O_RDONLY|O_CLOEXEC) = 6
14:15:47.890430 openat(AT_FDCWD, "/usr/share/fonts/truetype/noto/NotoSerifKhmer-Regular.ttf", O_RDONLY|O_CLOEXEC) = 6
14:15:47.890595 openat(AT_FDCWD, "/usr/share/fonts/truetype/noto/NotoSerifKhojki-Bold.ttf", O_RDONLY|O_CLOEXEC) = 6
14:15:47.890759 openat(AT_FDCWD, "/usr/share/fonts/truetype/noto/NotoSerifKhojki-Regular.ttf", O_RDONLY|O_CLOEXEC) = 6
14:15:47.890912 openat(AT_FDCWD, "/usr/share/fonts/truetype/noto/NotoSerifLao-Bold.ttf", O_RDONLY|O_CLOEXEC) = 6
14:15:47.891056 openat(AT_FDCWD, "/usr/share/fonts/truetype/noto/NotoSerifLao-Regular.ttf", O_RDONLY|O_CLOEXEC) = 6
14:15:47.891197 openat(AT_FDCWD, "/usr/share/fonts/truetype/noto/NotoSerifMalayalam-Bold.ttf", O_RDONLY|O_CLOEXEC) = 6
14:15:47.891345 openat(AT_FDCWD, "/usr/share/fonts/truetype/noto/NotoSerifMalayalam-Regular.ttf", O_RDONLY|O_CLOEXEC) = 6
14:15:47.891492 openat(AT_FDCWD, "/usr/share/fonts/truetype/noto/NotoSerifMyanmar-Bold.ttf", O_RDONLY|O_CLOEXEC) = 6
14:15:47.891642 openat(AT_FDCWD, "/usr/share/fonts/truetype/noto/NotoSerifMyanmar-Regular.ttf", O_RDONLY|O_CLOEXEC) = 6
14:15:47.891792 openat(AT_FDCWD, "/usr/share/fonts/truetype/noto/NotoSerifNyiakengPuachueHmong-Bold.ttf", O_RDONLY|O_CLOEXEC) = 6
14:15:47.891955 openat(AT_FDCWD, "/usr/share/fonts/truetype/noto/NotoSerifNyiakengPuachueHmong-Regular.ttf", O_RDONLY|O_CLOEXEC) = 6
14:15:47.892096 openat(AT_FDCWD, "/usr/share/fonts/truetype/noto/NotoSerifSinhala-Bold.ttf", O_RDONLY|O_CLOEXEC) = 6
14:15:47.892243 openat(AT_FDCWD, "/usr/share/fonts/truetype/noto/NotoSerifSinhala-Regular.ttf", O_RDONLY|O_CLOEXEC) = 6
14:15:47.892393 openat(AT_FDCWD, "/usr/share/fonts/truetype/noto/NotoSerifTamil-Bold.ttf", O_RDONLY|O_CLOEXEC) = 6
14:15:47.892538 openat(AT_FDCWD, "/usr/share/fonts/truetype/noto/NotoSerifTamil-Regular.ttf", O_RDONLY|O_CLOEXEC) = 6
14:15:47.892684 openat(AT_FDCWD, "/usr/share/fonts/truetype/noto/NotoSerifTamilSlanted-Bold.ttf", O_RDONLY|O_CLOEXEC) = 6
14:15:47.892836 openat(AT_FDCWD, "/usr/share/fonts/truetype/noto/NotoSerifTamilSlanted-Regular.ttf", O_RDONLY|O_CLOEXEC) = 6
14:15:47.892988 openat(AT_FDCWD, "/usr/share/fonts/truetype/noto/NotoSerifTangut-Regular.ttf", O_RDONLY|O_CLOEXEC) = 6
14:15:47.893151 openat(AT_FDCWD, "/usr/share/fonts/truetype/noto/NotoSerifTelugu-Bold.ttf", O_RDONLY|O_CLOEXEC) = 6
14:15:47.893301 openat(AT_FDCWD, "/usr/share/fonts/truetype/noto/NotoSerifTelugu-Regular.ttf", O_RDONLY|O_CLOEXEC) = 6
14:15:47.893451 openat(AT_FDCWD, "/usr/share/fonts/truetype/noto/NotoSerifThai-Bold.ttf", O_RDONLY|O_CLOEXEC) = 6
14:15:47.893592 openat(AT_FDCWD, "/usr/share/fonts/truetype/noto/NotoSerifThai-Regular.ttf", O_RDONLY|O_CLOEXEC) = 6
14:15:47.893733 openat(AT_FDCWD, "/usr/share/fonts/truetype/noto/NotoSerifTibetan-Bold.ttf", O_RDONLY|O_CLOEXEC) = 6
14:15:47.893882 openat(AT_FDCWD, "/usr/share/fonts/truetype/noto/NotoSerifTibetan-Regular.ttf", O_RDONLY|O_CLOEXEC) = 6
14:15:47.894034 openat(AT_FDCWD, "/usr/share/fonts/truetype/noto/NotoSerifYezidi-Bold.ttf", O_RDONLY|O_CLOEXEC) = 6
14:15:47.894174 openat(AT_FDCWD, "/usr/share/fonts/truetype/noto/NotoSerifYezidi-Regular.ttf", O_RDONLY|O_CLOEXEC) = 6
14:15:47.894313 openat(AT_FDCWD, "/usr/share/fonts/truetype/noto/NotoTraditionalNushu-Regular.ttf", O_RDONLY|O_CLOEXEC) = 6
14:15:47.894461 openat(AT_FDCWD, "/usr/share/fonts/truetype/noto/NotoColorEmoji.ttf", O_RDONLY|O_CLOEXEC) = 6
14:15:47.894653 openat(AT_FDCWD, "/usr/share/fonts/truetype/ubuntu", O_RDONLY|O_NONBLOCK|O_CLOEXEC|O_DIRECTORY) = 5
14:15:47.894912 openat(AT_FDCWD, "/usr/share/fonts/truetype/ubuntu/Ubuntu[wdth,wght].ttf", O_RDONLY|O_CLOEXEC) = 6
14:15:47.895221 openat(AT_FDCWD, "/usr/share/fonts/truetype/ubuntu/Ubuntu-Italic[wdth,wght].ttf", O_RDONLY|O_CLOEXEC) = 6
14:15:47.896711 openat(AT_FDCWD, "/usr/share/fonts/truetype/ubuntu/UbuntuMono[wght].ttf", O_RDONLY|O_CLOEXEC) = 6
14:15:47.897011 openat(AT_FDCWD, "/usr/share/fonts/truetype/ubuntu/UbuntuMono-Italic[wght].ttf", O_RDONLY|O_CLOEXEC) = 6
14:15:47.897463 openat(AT_FDCWD, "/usr/share/fonts/truetype/ubuntu/UbuntuSans-Italic[wdth,wght].ttf", O_RDONLY|O_CLOEXEC) = 6
14:15:47.897612 openat(AT_FDCWD, "/usr/share/fonts/truetype/ubuntu/UbuntuSansMono-Italic[wght].ttf", O_RDONLY|O_CLOEXEC) = 6
14:15:47.897760 openat(AT_FDCWD, "/usr/share/fonts/truetype/ubuntu/UbuntuSansMono[wght].ttf", O_RDONLY|O_CLOEXEC) = 6
14:15:47.897909 openat(AT_FDCWD, "/usr/share/fonts/truetype/ubuntu/UbuntuSans[wdth,wght].ttf", O_RDONLY|O_CLOEXEC) = 6
14:15:47.898101 openat(AT_FDCWD, "/usr/share/fonts/truetype/tuffy", O_RDONLY|O_NONBLOCK|O_CLOEXEC|O_DIRECTORY) = 5
14:15:47.898212 openat(AT_FDCWD, "/usr/share/fonts/truetype/tuffy/tuffy_bold.ttf", O_RDONLY|O_CLOEXEC) = 6
14:15:47.898358 openat(AT_FDCWD, "/usr/share/fonts/truetype/tuffy/tuffy_bold_italic.ttf", O_RDONLY|O_CLOEXEC) = 6
14:15:47.898502 openat(AT_FDCWD, "/usr/share/fonts/truetype/tuffy/tuffy_italic.ttf", O_RDONLY|O_CLOEXEC) = 6
14:15:47.898649 openat(AT_FDCWD, "/usr/share/fonts/truetype/tuffy/tuffy_regular.ttf", O_RDONLY|O_CLOEXEC) = 6
14:15:47.898835 openat(AT_FDCWD, "/usr/share/fonts/truetype/lyx", O_RDONLY|O_NONBLOCK|O_CLOEXEC|O_DIRECTORY) = 5
14:15:47.898939 openat(AT_FDCWD, "/usr/share/fonts/truetype/lyx/cmex10.ttf", O_RDONLY|O_CLOEXEC) = 6
14:15:47.899080 openat(AT_FDCWD, "/usr/share/fonts/truetype/lyx/cmmi10.ttf", O_RDONLY|O_CLOEXEC) = 6
14:15:47.899238 openat(AT_FDCWD, "/usr/share/fonts/truetype/lyx/cmr10.ttf", O_RDONLY|O_CLOEXEC) = 6
14:15:47.899376 openat(AT_FDCWD, "/usr/share/fonts/truetype/lyx/cmsy10.ttf", O_RDONLY|O_CLOEXEC) = 6
14:15:47.899527 openat(AT_FDCWD, "/usr/share/fonts/truetype/lyx/dsrom10.ttf", O_RDONLY|O_CLOEXEC) = 6
14:15:47.899667 openat(AT_FDCWD, "/usr/share/fonts/truetype/lyx/esint10.ttf", O_RDONLY|O_CLOEXEC) = 6
14:15:47.899804 openat(AT_FDCWD, "/usr/share/fonts/truetype/lyx/eufm10.ttf", O_RDONLY|O_CLOEXEC) = 6
14:15:47.899948 openat(AT_FDCWD, "/usr/share/fonts/truetype/lyx/msam10.ttf", O_RDONLY|O_CLOEXEC) = 6
14:15:47.900090 openat(AT_FDCWD, "/usr/share/fonts/truetype/lyx/msbm10.ttf", O_RDONLY|O_CLOEXEC) = 6
14:15:47.900228 openat(AT_FDCWD, "/usr/share/fonts/truetype/lyx/rsfs10.ttf", O_RDONLY|O_CLOEXEC) = 6
14:15:47.900366 openat(AT_FDCWD, "/usr/share/fonts/truetype/lyx/stmary10.ttf", O_RDONLY|O_CLOEXEC) = 6
14:15:47.900503 openat(AT_FDCWD, "/usr/share/fonts/truetype/lyx/wasy10.ttf", O_RDONLY|O_CLOEXEC) = 6
14:15:47.900681 openat(AT_FDCWD, "/usr/share/fonts/truetype/open-sans", O_RDONLY|O_NONBLOCK|O_CLOEXEC|O_DIRECTORY) = 5
14:15:47.900781 openat(AT_FDCWD, "/usr/share/fonts/truetype/open-sans/OpenSans-Bold.ttf", O_RDONLY|O_CLOEXEC) = 6
14:15:47.900936 openat(AT_FDCWD, "/usr/share/fonts/truetype/open-sans/OpenSans-BoldItalic.ttf", O_RDONLY|O_CLOEXEC) = 6
14:15:47.901117 openat(AT_FDCWD, "/usr/share/fonts/truetype/open-sans/OpenSans-CondBold.ttf", O_RDONLY|O_CLOEXEC) = 6
14:15:47.901311 openat(AT_FDCWD, "/usr/share/fonts/truetype/open-sans/OpenSans-CondLight.ttf", O_RDONLY|O_CLOEXEC) = 6
14:15:47.901501 openat(AT_FDCWD, "/usr/share/fonts/truetype/open-sans/OpenSans-CondLightItalic.ttf", O_RDONLY|O_CLOEXEC) = 6
14:15:47.901692 openat(AT_FDCWD, "/usr/share/fonts/truetype/open-sans/OpenSans-ExtraBold.ttf", O_RDONLY|O_CLOEXEC) = 6
14:15:47.901873 openat(AT_FDCWD, "/usr/share/fonts/truetype/open-sans/OpenSans-ExtraBoldItalic.ttf", O_RDONLY|O_CLOEXEC) = 6
14:15:47.902076 openat(AT_FDCWD, "/usr/share/fonts/truetype/open-sans/OpenSans-Italic.ttf", O_RDONLY|O_CLOEXEC) = 6
14:15:47.902279 openat(AT_FDCWD, "/usr/share/fonts/truetype/open-sans/OpenSans-Light.ttf", O_RDONLY|O_CLOEXEC) = 6
14:15:47.902483 openat(AT_FDCWD, "/usr/share/fonts/truetype/open-sans/OpenSans-LightItalic.ttf", O_RDONLY|O_CLOEXEC) = 6
14:15:47.902672 openat(AT_FDCWD, "/usr/share/fonts/truetype/open-sans/OpenSans-Regular.ttf", O_RDONLY|O_CLOEXEC) = 6
14:15:47.902867 openat(AT_FDCWD, "/usr/share/fonts/truetype/open-sans/OpenSans-Semibold.ttf", O_RDONLY|O_CLOEXEC) = 6
14:15:47.903069 openat(AT_FDCWD, "/usr/share/fonts/truetype/open-sans/OpenSans-SemiboldItalic.ttf", O_RDONLY|O_CLOEXEC) = 6
14:15:47.903378 openat(AT_FDCWD, "/usr/share/fonts/truetype/lato", O_RDONLY|O_NONBLOCK|O_CLOEXEC|O_DIRECTORY) = 5
14:15:47.903518 openat(AT_FDCWD, "/usr/share/fonts/truetype/lato/Lato-Black.ttf", O_RDONLY|O_CLOEXEC) = 6
14:15:47.903708 openat(AT_FDCWD, "/usr/share/fonts/truetype/lato/Lato-BlackItalic.ttf", O_RDONLY|O_CLOEXEC) = 6
14:15:47.903894 openat(AT_FDCWD, "/usr/share/fonts/truetype/lato/Lato-Bold.ttf", O_RDONLY|O_CLOEXEC) = 6
14:15:47.904064 openat(AT_FDCWD, "/usr/share/fonts/truetype/lato/Lato-BoldItalic.ttf", O_RDONLY|O_CLOEXEC) = 6
14:15:47.904214 openat(AT_FDCWD, "/usr/share/fonts/truetype/lato/Lato-Hairline.ttf", O_RDONLY|O_CLOEXEC) = 6
14:15:47.904365 openat(AT_FDCWD, "/usr/share/fonts/truetype/lato/Lato-HairlineItalic.ttf", O_RDONLY|O_CLOEXEC) = 6
14:15:47.904515 openat(AT_FDCWD, "/usr/share/fonts/truetype/lato/Lato-Heavy.ttf", O_RDONLY|O_CLOEXEC) = 6
14:15:47.904666 openat(AT_FDCWD, "/usr/share/fonts/truetype/lato/Lato-HeavyItalic.ttf", O_RDONLY|O_CLOEXEC) = 6
14:15:47.904814 openat(AT_FDCWD, "/usr/share/fonts/truetype/lato/Lato-Italic.ttf", O_RDONLY|O_CLOEXEC) = 6
14:15:47.904972 openat(AT_FDCWD, "/usr/share/fonts/truetype/lato/Lato-Light.ttf", O_RDONLY|O_CLOEXEC) = 6
14:15:47.905122 openat(AT_FDCWD, "/usr/share/fonts/truetype/lato/Lato-LightItalic.ttf", O_RDONLY|O_CLOEXEC) = 6
14:15:47.905272 openat(AT_FDCWD, "/usr/share/fonts/truetype/lato/Lato-Medium.ttf", O_RDONLY|O_CLOEXEC) = 6
14:15:47.905442 openat(AT_FDCWD, "/usr/share/fonts/truetype/lato/Lato-MediumItalic.ttf", O_RDONLY|O_CLOEXEC) = 6
14:15:47.905592 openat(AT_FDCWD, "/usr/share/fonts/truetype/lato/Lato-Regular.ttf", O_RDONLY|O_CLOEXEC) = 6
14:15:47.905742 openat(AT_FDCWD, "/usr/share/fonts/truetype/lato/Lato-Semibold.ttf", O_RDONLY|O_CLOEXEC) = 6
14:15:47.905891 openat(AT_FDCWD, "/usr/share/fonts/truetype/lato/Lato-SemiboldItalic.ttf", O_RDONLY|O_CLOEXEC) = 6
14:15:47.906051 openat(AT_FDCWD, "/usr/share/fonts/truetype/lato/Lato-Thin.ttf", O_RDONLY|O_CLOEXEC) = 6
14:15:47.906201 openat(AT_FDCWD, "/usr/share/fonts/truetype/lato/Lato-ThinItalic.ttf", O_RDONLY|O_CLOEXEC) = 6
14:15:47.906392 openat(AT_FDCWD, "/usr/share/fonts/truetype/adf", O_RDONLY|O_NONBLOCK|O_CLOEXEC|O_DIRECTORY) = 5
14:15:47.906492 openat(AT_FDCWD, "/usr/share/fonts/truetype/adf/OldaniaADFStd-Bold.otf", O_RDONLY|O_CLOEXEC) = 6
14:15:47.906637 openat(AT_FDCWD, "/usr/share/fonts/truetype/adf/OldaniaADFStd-BoldItalic.otf", O_RDONLY|O_CLOEXEC) = 6
14:15:47.906781 openat(AT_FDCWD, "/usr/share/fonts/truetype/adf/OldaniaADFStd-Italic.otf", O_RDONLY|O_CLOEXEC) = 6
14:15:47.906930 openat(AT_FDCWD, "/usr/share/fonts/truetype/adf/OldaniaADFStd-Regular.otf", O_RDONLY|O_CLOEXEC) = 6
14:15:47.907115 openat(AT_FDCWD, "/usr/share/fonts/truetype/font-awesome", O_RDONLY|O_NONBLOCK|O_CLOEXEC|O_DIRECTORY) = 5
14:15:47.907215 openat(AT_FDCWD, "/usr/share/fonts/truetype/font-awesome/fontawesome-webfont.ttf", O_RDONLY|O_CLOEXEC) = 6
14:15:47.907399 openat(AT_FDCWD, "/usr/share/fonts/truetype/glyphicons", O_RDONLY|O_NONBLOCK|O_CLOEXEC|O_DIRECTORY) = 5
14:15:47.907495 openat(AT_FDCWD, "/usr/share/fonts/truetype/glyphicons/glyphicons-halflings-regular.ttf", O_RDONLY|O_CLOEXEC) = 6
14:15:47.907677 openat(AT_FDCWD, "/usr/share/fonts/truetype/gfonts", O_RDONLY|O_NONBLOCK|O_CLOEXEC|O_DIRECTORY) = 5
14:15:47.907778 openat(AT_FDCWD, "/usr/share/fonts/truetype/gfonts/alegreya", O_RDONLY|O_NONBLOCK|O_CLOEXEC|O_DIRECTORY) = 6
14:15:47.907876 openat(AT_FDCWD, "/usr/share/fonts/truetype/gfonts/alegreya/alegreya-v13-latin-700.ttf", O_RDONLY|O_CLOEXEC) = 7
14:15:47.908104 openat(AT_FDCWD, "/usr/share/fonts/truetype/gfonts/alegreya/alegreya-v13-latin-italic.ttf", O_RDONLY|O_CLOEXEC) = 7
14:15:47.908287 openat(AT_FDCWD, "/usr/share/fonts/truetype/gfonts/alegreya/alegreya-v13-latin-regular.ttf", O_RDONLY|O_CLOEXEC) = 7
14:15:47.908502 openat(AT_FDCWD, "/usr/share/fonts/truetype/gfonts/baloo", O_RDONLY|O_NONBLOCK|O_CLOEXEC|O_DIRECTORY) = 6
14:15:47.908616 openat(AT_FDCWD, "/usr/share/fonts/truetype/gfonts/baloo/baloo-2-v1-latin-regular.ttf", O_RDONLY|O_CLOEXEC) = 7
14:15:47.908828 openat(AT_FDCWD, "/usr/share/fonts/truetype/gfonts/happy-monkey", O_RDONLY|O_NONBLOCK|O_CLOEXEC|O_DIRECTORY) = 6
14:15:47.908932 openat(AT_FDCWD, "/usr/share/fonts/truetype/gfonts/happy-monkey/happy-monkey-v8-latin-regular.ttf", O_RDONLY|O_CLOEXEC) = 7
14:15:47.909119 openat(AT_FDCWD, "/usr/share/fonts/truetype/gfonts/henny-penny", O_RDONLY|O_NONBLOCK|O_CLOEXEC|O_DIRECTORY) = 6
14:15:47.909216 openat(AT_FDCWD, "/usr/share/fonts/truetype/gfonts/henny-penny/henny-penny-v7-latin-regular.ttf", O_RDONLY|O_CLOEXEC) = 7
14:15:47.909402 openat(AT_FDCWD, "/usr/share/fonts/truetype/gfonts/lato", O_RDONLY|O_NONBLOCK|O_CLOEXEC|O_DIRECTORY) = 6
14:15:47.909500 openat(AT_FDCWD, "/usr/share/fonts/truetype/gfonts/lato/lato-v16-latin-300italic.ttf", O_RDONLY|O_CLOEXEC) = 7
14:15:47.909643 openat(AT_FDCWD, "/usr/share/fonts/truetype/gfonts/lato/lato-v16-latin-700.ttf", O_RDONLY|O_CLOEXEC) = 7
14:15:47.909785 openat(AT_FDCWD, "/usr/share/fonts/truetype/gfonts/lato/lato-v16-latin-regular.ttf", O_RDONLY|O_CLOEXEC) = 7
14:15:47.909974 openat(AT_FDCWD, "/usr/share/fonts/truetype/gfonts/montserrat", O_RDONLY|O_NONBLOCK|O_CLOEXEC|O_DIRECTORY) = 6
14:15:47.910074 openat(AT_FDCWD, "/usr/share/fonts/truetype/gfonts/montserrat/montserrat-v14-latin-300italic.ttf", O_RDONLY|O_CLOEXEC) = 7
14:15:47.910218 openat(AT_FDCWD, "/usr/share/fonts/truetype/gfonts/montserrat/montserrat-v14-latin-700.ttf", O_RDONLY|O_CLOEXEC) = 7
14:15:47.910362 openat(AT_FDCWD, "/usr/share/fonts/truetype/gfonts/montserrat/montserrat-v14-latin-regular.ttf", O_RDONLY|O_CLOEXEC) = 7
14:15:47.910564 openat(AT_FDCWD, "/usr/share/fonts/truetype/gfonts/nunito-sans", O_RDONLY|O_NONBLOCK|O_CLOEXEC|O_DIRECTORY) = 6
14:15:47.910663 openat(AT_FDCWD, "/usr/share/fonts/truetype/gfonts/nunito-sans/nunito-sans-v5-latin-700.ttf", O_RDONLY|O_CLOEXEC) = 7
14:15:47.910806 openat(AT_FDCWD, "/usr/share/fonts/truetype/gfonts/nunito-sans/nunito-sans-v5-latin-italic.ttf", O_RDONLY|O_CLOEXEC) = 7
14:15:47.910955 openat(AT_FDCWD, "/usr/share/fonts/truetype/gfonts/nunito-sans/nunito-sans-v5-latin-regular.ttf", O_RDONLY|O_CLOEXEC) = 7
14:15:47.911139 openat(AT_FDCWD, "/usr/share/fonts/truetype/gfonts/oswald", O_RDONLY|O_NONBLOCK|O_CLOEXEC|O_DIRECTORY) = 6
14:15:47.911290 openat(AT_FDCWD, "/usr/share/fonts/truetype/gfonts/poppins", O_RDONLY|O_NONBLOCK|O_CLOEXEC|O_DIRECTORY) = 6
14:15:47.911430 openat(AT_FDCWD, "/usr/share/fonts/truetype/gfonts/roboto", O_RDONLY|O_NONBLOCK|O_CLOEXEC|O_DIRECTORY) = 6
14:15:47.911532 openat(AT_FDCWD, "/usr/share/fonts/truetype/gfonts/roboto/roboto-v20-latin-300italic.ttf", O_RDONLY|O_CLOEXEC) = 7
14:15:47.911676 openat(AT_FDCWD, "/usr/share/fonts/truetype/gfonts/roboto/roboto-v20-latin-700.ttf", O_RDONLY|O_CLOEXEC) = 7
14:15:47.911818 openat(AT_FDCWD, "/usr/share/fonts/truetype/gfonts/roboto/roboto-v20-latin-regular.ttf", O_RDONLY|O_CLOEXEC) = 7
14:15:47.912040 openat(AT_FDCWD, "/usr/share/fonts/truetype/ttf-bitstream-vera", O_RDONLY|O_NONBLOCK|O_CLOEXEC|O_DIRECTORY) = 5
14:15:47.912141 openat(AT_FDCWD, "/usr/share/fonts/truetype/ttf-bitstream-vera/Vera.ttf", O_RDONLY|O_CLOEXEC) = 6
14:15:47.912294 openat(AT_FDCWD, "/usr/share/fonts/truetype/ttf-bitstream-vera/VeraBI.ttf", O_RDONLY|O_CLOEXEC) = 6
14:15:47.912437 openat(AT_FDCWD, "/usr/share/fonts/truetype/ttf-bitstream-vera/VeraBd.ttf", O_RDONLY|O_CLOEXEC) = 6
14:15:47.912578 openat(AT_FDCWD, "/usr/share/fonts/truetype/ttf-bitstream-vera/VeraIt.ttf", O_RDONLY|O_CLOEXEC) = 6
14:15:47.912720 openat(AT_FDCWD, "/usr/share/fonts/truetype/ttf-bitstream-vera/VeraMoBI.ttf", O_RDONLY|O_CLOEXEC) = 6
14:15:47.912862 openat(AT_FDCWD, "/usr/share/fonts/truetype/ttf-bitstream-vera/VeraMoBd.ttf", O_RDONLY|O_CLOEXEC) = 6
14:15:47.913010 openat(AT_FDCWD, "/usr/share/fonts/truetype/ttf-bitstream-vera/VeraMoIt.ttf", O_RDONLY|O_CLOEXEC) = 6
14:15:47.913153 openat(AT_FDCWD, "/usr/share/fonts/truetype/ttf-bitstream-vera/VeraMono.ttf", O_RDONLY|O_CLOEXEC) = 6
14:15:47.913298 openat(AT_FDCWD, "/usr/share/fonts/truetype/ttf-bitstream-vera/VeraSe.ttf", O_RDONLY|O_CLOEXEC) = 6
14:15:47.913439 openat(AT_FDCWD, "/usr/share/fonts/truetype/ttf-bitstream-vera/VeraSeBd.ttf", O_RDONLY|O_CLOEXEC) = 6
14:15:47.913664 openat(AT_FDCWD, "/usr/share/fonts/type1", O_RDONLY|O_NONBLOCK|O_CLOEXEC|O_DIRECTORY) = 4
14:15:47.913761 openat(AT_FDCWD, "/usr/share/fonts/type1/urw-base35", O_RDONLY|O_NONBLOCK|O_CLOEXEC|O_DIRECTORY) = 5
14:15:47.913943 openat(AT_FDCWD, "/usr/share/fonts/type1/texlive-fonts-recommended", O_RDONLY|O_NONBLOCK|O_CLOEXEC|O_DIRECTORY) = 5
14:15:47.920485 openat(AT_FDCWD, "/usr/local/share/fonts", O_RDONLY|O_NONBLOCK|O_CLOEXEC|O_DIRECTORY) = 3
14:15:47.920624 openat(AT_FDCWD, "/home/dikluwe/.local/share/fonts", O_RDONLY|O_NONBLOCK|O_CLOEXEC|O_DIRECTORY) = 3
14:15:47.920760 openat(AT_FDCWD, "/home/dikluwe/.local/share/fonts/AdwaitaMono", O_RDONLY|O_NONBLOCK|O_CLOEXEC|O_DIRECTORY) = 4
14:15:47.920881 openat(AT_FDCWD, "/home/dikluwe/.local/share/fonts/AdwaitaMono/AdwaitaMonoNerdFont-BoldItalic.ttf", O_RDONLY|O_CLOEXEC) = 5
14:15:47.921053 openat(AT_FDCWD, "/home/dikluwe/.local/share/fonts/AdwaitaMono/AdwaitaMonoNerdFontMono-Regular.ttf", O_RDONLY|O_CLOEXEC) = 5
14:15:47.921210 openat(AT_FDCWD, "/home/dikluwe/.local/share/fonts/AdwaitaMono/AdwaitaMonoNerdFont-Regular.ttf", O_RDONLY|O_CLOEXEC) = 5
14:15:47.921366 openat(AT_FDCWD, "/home/dikluwe/.local/share/fonts/AdwaitaMono/AdwaitaMonoNerdFontPropo-Regular.ttf", O_RDONLY|O_CLOEXEC) = 5
14:15:47.921521 openat(AT_FDCWD, "/home/dikluwe/.local/share/fonts/AdwaitaMono/AdwaitaMonoNerdFontMono-BoldItalic.ttf", O_RDONLY|O_CLOEXEC) = 5
14:15:47.921693 openat(AT_FDCWD, "/home/dikluwe/.local/share/fonts/AdwaitaMono/AdwaitaMonoNerdFont-Bold.ttf", O_RDONLY|O_CLOEXEC) = 5
14:15:47.921850 openat(AT_FDCWD, "/home/dikluwe/.local/share/fonts/AdwaitaMono/AdwaitaMonoNerdFontPropo-Italic.ttf", O_RDONLY|O_CLOEXEC) = 5
14:15:47.922013 openat(AT_FDCWD, "/home/dikluwe/.local/share/fonts/AdwaitaMono/AdwaitaMonoNerdFontPropo-Bold.ttf", O_RDONLY|O_CLOEXEC) = 5
14:15:47.922171 openat(AT_FDCWD, "/home/dikluwe/.local/share/fonts/AdwaitaMono/AdwaitaMonoNerdFontPropo-BoldItalic.ttf", O_RDONLY|O_CLOEXEC) = 5
14:15:47.922327 openat(AT_FDCWD, "/home/dikluwe/.local/share/fonts/AdwaitaMono/AdwaitaMonoNerdFont-Italic.ttf", O_RDONLY|O_CLOEXEC) = 5
14:15:47.922483 openat(AT_FDCWD, "/home/dikluwe/.local/share/fonts/AdwaitaMono/AdwaitaMonoNerdFontMono-Italic.ttf", O_RDONLY|O_CLOEXEC) = 5
14:15:47.922638 openat(AT_FDCWD, "/home/dikluwe/.local/share/fonts/AdwaitaMono/AdwaitaMonoNerdFontMono-Bold.ttf", O_RDONLY|O_CLOEXEC) = 5
14:15:47.922834 openat(AT_FDCWD, "/home/dikluwe/.local/share/fonts/Agave", O_RDONLY|O_NONBLOCK|O_CLOEXEC|O_DIRECTORY) = 4
14:15:47.922951 openat(AT_FDCWD, "/home/dikluwe/.local/share/fonts/Agave/AgaveNerdFont-Bold.ttf", O_RDONLY|O_CLOEXEC) = 5
14:15:47.923116 openat(AT_FDCWD, "/home/dikluwe/.local/share/fonts/Agave/AgaveNerdFontMono-Regular.ttf", O_RDONLY|O_CLOEXEC) = 5
14:15:47.923272 openat(AT_FDCWD, "/home/dikluwe/.local/share/fonts/Agave/AgaveNerdFontMono-Bold.ttf", O_RDONLY|O_CLOEXEC) = 5
14:15:47.923426 openat(AT_FDCWD, "/home/dikluwe/.local/share/fonts/Agave/AgaveNerdFontPropo-Bold.ttf", O_RDONLY|O_CLOEXEC) = 5
14:15:47.923581 openat(AT_FDCWD, "/home/dikluwe/.local/share/fonts/Agave/AgaveNerdFont-Regular.ttf", O_RDONLY|O_CLOEXEC) = 5
14:15:47.923736 openat(AT_FDCWD, "/home/dikluwe/.local/share/fonts/Agave/AgaveNerdFontPropo-Regular.ttf", O_RDONLY|O_CLOEXEC) = 5
14:15:47.923939 openat(AT_FDCWD, "/home/dikluwe/.local/share/fonts/Arimo", O_RDONLY|O_NONBLOCK|O_CLOEXEC|O_DIRECTORY) = 4
14:15:47.924056 openat(AT_FDCWD, "/home/dikluwe/.local/share/fonts/Arimo/ArimoNerdFont-Italic.ttf", O_RDONLY|O_CLOEXEC) = 5
14:15:47.924221 openat(AT_FDCWD, "/home/dikluwe/.local/share/fonts/Arimo/ArimoNerdFontPropo-Italic.ttf", O_RDONLY|O_CLOEXEC) = 5
14:15:47.924377 openat(AT_FDCWD, "/home/dikluwe/.local/share/fonts/Arimo/ArimoNerdFont-BoldItalic.ttf", O_RDONLY|O_CLOEXEC) = 5
14:15:47.924531 openat(AT_FDCWD, "/home/dikluwe/.local/share/fonts/Arimo/ArimoNerdFontPropo-BoldItalic.ttf", O_RDONLY|O_CLOEXEC) = 5
14:15:47.924685 openat(AT_FDCWD, "/home/dikluwe/.local/share/fonts/Arimo/ArimoNerdFontPropo-Regular.ttf", O_RDONLY|O_CLOEXEC) = 5
14:15:47.924840 openat(AT_FDCWD, "/home/dikluwe/.local/share/fonts/Arimo/ArimoNerdFont-Regular.ttf", O_RDONLY|O_CLOEXEC) = 5
14:15:47.925052 openat(AT_FDCWD, "/home/dikluwe/.local/share/fonts/Arimo/ArimoNerdFontPropo-Bold.ttf", O_RDONLY|O_CLOEXEC) = 5
14:15:47.925215 openat(AT_FDCWD, "/home/dikluwe/.local/share/fonts/Arimo/ArimoNerdFont-Bold.ttf", O_RDONLY|O_CLOEXEC) = 5
14:15:47.925437 openat(AT_FDCWD, "/home/dikluwe/.local/share/fonts/CodeNewRoman", O_RDONLY|O_NONBLOCK|O_CLOEXEC|O_DIRECTORY) = 4
14:15:47.925556 openat(AT_FDCWD, "/home/dikluwe/.local/share/fonts/CodeNewRoman/CodeNewRomanNerdFont-Italic.otf", O_RDONLY|O_CLOEXEC) = 5
14:15:47.925716 openat(AT_FDCWD, "/home/dikluwe/.local/share/fonts/CodeNewRoman/CodeNewRomanNerdFontPropo-Italic.otf", O_RDONLY|O_CLOEXEC) = 5
14:15:47.925869 openat(AT_FDCWD, "/home/dikluwe/.local/share/fonts/CodeNewRoman/CodeNewRomanNerdFontMono-Italic.otf", O_RDONLY|O_CLOEXEC) = 5
14:15:47.926039 openat(AT_FDCWD, "/home/dikluwe/.local/share/fonts/CodeNewRoman/CodeNewRomanNerdFontPropo-Regular.otf", O_RDONLY|O_CLOEXEC) = 5
14:15:47.926195 openat(AT_FDCWD, "/home/dikluwe/.local/share/fonts/CodeNewRoman/CodeNewRomanNerdFontMono-Regular.otf", O_RDONLY|O_CLOEXEC) = 5
14:15:47.926350 openat(AT_FDCWD, "/home/dikluwe/.local/share/fonts/CodeNewRoman/CodeNewRomanNerdFont-Regular.otf", O_RDONLY|O_CLOEXEC) = 5
14:15:47.926501 openat(AT_FDCWD, "/home/dikluwe/.local/share/fonts/CodeNewRoman/CodeNewRomanNerdFont-Bold.otf", O_RDONLY|O_CLOEXEC) = 5
14:15:47.926672 openat(AT_FDCWD, "/home/dikluwe/.local/share/fonts/CodeNewRoman/CodeNewRomanNerdFontPropo-Bold.otf", O_RDONLY|O_CLOEXEC) = 5
14:15:47.926828 openat(AT_FDCWD, "/home/dikluwe/.local/share/fonts/CodeNewRoman/CodeNewRomanNerdFontMono-Bold.otf", O_RDONLY|O_CLOEXEC) = 5
14:15:47.927027 openat(AT_FDCWD, "/home/dikluwe/.local/share/fonts/CommitMono", O_RDONLY|O_NONBLOCK|O_CLOEXEC|O_DIRECTORY) = 4
14:15:47.927149 openat(AT_FDCWD, "/home/dikluwe/.local/share/fonts/CommitMono/CommitMonoNerdFontMono-BoldItalic.otf", O_RDONLY|O_CLOEXEC) = 5
14:15:47.927300 openat(AT_FDCWD, "/home/dikluwe/.local/share/fonts/CommitMono/CommitMonoNerdFontPropo-Regular.otf", O_RDONLY|O_CLOEXEC) = 5
14:15:47.927451 openat(AT_FDCWD, "/home/dikluwe/.local/share/fonts/CommitMono/CommitMonoNerdFont-Regular.otf", O_RDONLY|O_CLOEXEC) = 5
14:15:47.927600 openat(AT_FDCWD, "/home/dikluwe/.local/share/fonts/CommitMono/CommitMonoNerdFontMono-Regular.otf", O_RDONLY|O_CLOEXEC) = 5
14:15:47.927783 openat(AT_FDCWD, "/home/dikluwe/.local/share/fonts/CommitMono/CommitMonoNerdFont-Italic.otf", O_RDONLY|O_CLOEXEC) = 5
14:15:47.928047 openat(AT_FDCWD, "/home/dikluwe/.local/share/fonts/CommitMono/CommitMonoNerdFontMono-Bold.otf", O_RDONLY|O_CLOEXEC) = 5
14:15:47.928244 openat(AT_FDCWD, "/home/dikluwe/.local/share/fonts/CommitMono/CommitMonoNerdFontPropo-Italic.otf", O_RDONLY|O_CLOEXEC) = 5
14:15:47.928430 openat(AT_FDCWD, "/home/dikluwe/.local/share/fonts/CommitMono/CommitMonoNerdFont-Bold.otf", O_RDONLY|O_CLOEXEC) = 5
14:15:47.928616 openat(AT_FDCWD, "/home/dikluwe/.local/share/fonts/CommitMono/CommitMonoNerdFontPropo-Bold.otf", O_RDONLY|O_CLOEXEC) = 5
14:15:47.928799 openat(AT_FDCWD, "/home/dikluwe/.local/share/fonts/CommitMono/CommitMonoNerdFont-BoldItalic.otf", O_RDONLY|O_CLOEXEC) = 5
14:15:47.928967 openat(AT_FDCWD, "/home/dikluwe/.local/share/fonts/CommitMono/CommitMonoNerdFontPropo-BoldItalic.otf", O_RDONLY|O_CLOEXEC) = 5
14:15:47.929119 openat(AT_FDCWD, "/home/dikluwe/.local/share/fonts/CommitMono/CommitMonoNerdFontMono-Italic.otf", O_RDONLY|O_CLOEXEC) = 5
14:15:47.929323 openat(AT_FDCWD, "/home/dikluwe/.local/share/fonts/FiraCode", O_RDONLY|O_NONBLOCK|O_CLOEXEC|O_DIRECTORY) = 4
14:15:47.929459 openat(AT_FDCWD, "/home/dikluwe/.local/share/fonts/FiraCode/FiraCodeNerdFontMono-SemiBold.ttf", O_RDONLY|O_CLOEXEC) = 5
14:15:47.929616 openat(AT_FDCWD, "/home/dikluwe/.local/share/fonts/FiraCode/FiraCodeNerdFont-SemiBold.ttf", O_RDONLY|O_CLOEXEC) = 5
14:15:47.929772 openat(AT_FDCWD, "/home/dikluwe/.local/share/fonts/FiraCode/FiraCodeNerdFontPropo-SemiBold.ttf", O_RDONLY|O_CLOEXEC) = 5
14:15:47.929931 openat(AT_FDCWD, "/home/dikluwe/.local/share/fonts/FiraCode/FiraCodeNerdFontPropo-Regular.ttf", O_RDONLY|O_CLOEXEC) = 5
14:15:47.930090 openat(AT_FDCWD, "/home/dikluwe/.local/share/fonts/FiraCode/FiraCodeNerdFont-Regular.ttf", O_RDONLY|O_CLOEXEC) = 5
14:15:47.930245 openat(AT_FDCWD, "/home/dikluwe/.local/share/fonts/FiraCode/FiraCodeNerdFontMono-Regular.ttf", O_RDONLY|O_CLOEXEC) = 5
14:15:47.930397 openat(AT_FDCWD, "/home/dikluwe/.local/share/fonts/FiraCode/FiraCodeNerdFontPropo-Retina.ttf", O_RDONLY|O_CLOEXEC) = 5
14:15:47.930549 openat(AT_FDCWD, "/home/dikluwe/.local/share/fonts/FiraCode/FiraCodeNerdFontMono-Retina.ttf", O_RDONLY|O_CLOEXEC) = 5
14:15:47.930704 openat(AT_FDCWD, "/home/dikluwe/.local/share/fonts/FiraCode/FiraCodeNerdFont-Retina.ttf", O_RDONLY|O_CLOEXEC) = 5
14:15:47.930857 openat(AT_FDCWD, "/home/dikluwe/.local/share/fonts/FiraCode/FiraCodeNerdFontMono-Medium.ttf", O_RDONLY|O_CLOEXEC) = 5
14:15:47.931019 openat(AT_FDCWD, "/home/dikluwe/.local/share/fonts/FiraCode/FiraCodeNerdFont-Medium.ttf", O_RDONLY|O_CLOEXEC) = 5
14:15:47.931175 openat(AT_FDCWD, "/home/dikluwe/.local/share/fonts/FiraCode/FiraCodeNerdFontPropo-Medium.ttf", O_RDONLY|O_CLOEXEC) = 5
14:15:47.931329 openat(AT_FDCWD, "/home/dikluwe/.local/share/fonts/FiraCode/FiraCodeNerdFont-Bold.ttf", O_RDONLY|O_CLOEXEC) = 5
14:15:47.931482 openat(AT_FDCWD, "/home/dikluwe/.local/share/fonts/FiraCode/FiraCodeNerdFontMono-Bold.ttf", O_RDONLY|O_CLOEXEC) = 5
14:15:47.931635 openat(AT_FDCWD, "/home/dikluwe/.local/share/fonts/FiraCode/FiraCodeNerdFontPropo-Bold.ttf", O_RDONLY|O_CLOEXEC) = 5
14:15:47.931807 openat(AT_FDCWD, "/home/dikluwe/.local/share/fonts/FiraCode/FiraCodeNerdFontMono-Light.ttf", O_RDONLY|O_CLOEXEC) = 5
14:15:47.931967 openat(AT_FDCWD, "/home/dikluwe/.local/share/fonts/FiraCode/FiraCodeNerdFont-Light.ttf", O_RDONLY|O_CLOEXEC) = 5
14:15:47.932122 openat(AT_FDCWD, "/home/dikluwe/.local/share/fonts/FiraCode/FiraCodeNerdFontPropo-Light.ttf", O_RDONLY|O_CLOEXEC) = 5
14:15:47.932319 openat(AT_FDCWD, "/home/dikluwe/.local/share/fonts/GeistMono", O_RDONLY|O_NONBLOCK|O_CLOEXEC|O_DIRECTORY) = 4
14:15:47.932463 openat(AT_FDCWD, "/home/dikluwe/.local/share/fonts/GeistMono/GeistMonoNerdFontPropo-UltraBlack.otf", O_RDONLY|O_CLOEXEC) = 5
14:15:47.932623 openat(AT_FDCWD, "/home/dikluwe/.local/share/fonts/GeistMono/GeistMonoNerdFont-Light.otf", O_RDONLY|O_CLOEXEC) = 5
14:15:47.932817 openat(AT_FDCWD, "/home/dikluwe/.local/share/fonts/GeistMono/GeistMonoNerdFontPropo-SemiBold.otf", O_RDONLY|O_CLOEXEC) = 5
14:15:47.932991 openat(AT_FDCWD, "/home/dikluwe/.local/share/fonts/GeistMono/GeistMonoNerdFontMono-Medium.otf", O_RDONLY|O_CLOEXEC) = 5
14:15:47.933167 openat(AT_FDCWD, "/home/dikluwe/.local/share/fonts/GeistMono/GeistMonoNerdFont-Regular.otf", O_RDONLY|O_CLOEXEC) = 5
14:15:47.933331 openat(AT_FDCWD, "/home/dikluwe/.local/share/fonts/GeistMono/GeistMonoNerdFontMono-Bold.otf", O_RDONLY|O_CLOEXEC) = 5
14:15:47.933495 openat(AT_FDCWD, "/home/dikluwe/.local/share/fonts/GeistMono/GeistMonoNerdFontPropo-Black.otf", O_RDONLY|O_CLOEXEC) = 5
14:15:47.933657 openat(AT_FDCWD, "/home/dikluwe/.local/share/fonts/GeistMono/GeistMonoNerdFontPropo-Light.otf", O_RDONLY|O_CLOEXEC) = 5
14:15:47.933819 openat(AT_FDCWD, "/home/dikluwe/.local/share/fonts/GeistMono/GeistMonoNerdFontMono-Regular.otf", O_RDONLY|O_CLOEXEC) = 5
14:15:47.933980 openat(AT_FDCWD, "/home/dikluwe/.local/share/fonts/GeistMono/GeistMonoNerdFont-SemiBold.otf", O_RDONLY|O_CLOEXEC) = 5
14:15:47.934131 openat(AT_FDCWD, "/home/dikluwe/.local/share/fonts/GeistMono/GeistMonoNerdFont-UltraBlack.otf", O_RDONLY|O_CLOEXEC) = 5
14:15:47.934281 openat(AT_FDCWD, "/home/dikluwe/.local/share/fonts/GeistMono/GeistMonoNerdFontMono-UltraBlack.otf", O_RDONLY|O_CLOEXEC) = 5
14:15:47.934429 openat(AT_FDCWD, "/home/dikluwe/.local/share/fonts/GeistMono/GeistMonoNerdFont-Black.otf", O_RDONLY|O_CLOEXEC) = 5
14:15:47.934578 openat(AT_FDCWD, "/home/dikluwe/.local/share/fonts/GeistMono/GeistMonoNerdFont-UltraLight.otf", O_RDONLY|O_CLOEXEC) = 5
14:15:47.934726 openat(AT_FDCWD, "/home/dikluwe/.local/share/fonts/GeistMono/GeistMonoNerdFontPropo-UltraLight.otf", O_RDONLY|O_CLOEXEC) = 5
14:15:47.934874 openat(AT_FDCWD, "/home/dikluwe/.local/share/fonts/GeistMono/GeistMonoNerdFontPropo-Medium.otf", O_RDONLY|O_CLOEXEC) = 5
14:15:47.935029 openat(AT_FDCWD, "/home/dikluwe/.local/share/fonts/GeistMono/GeistMonoNerdFontMono-Thin.otf", O_RDONLY|O_CLOEXEC) = 5
14:15:47.935176 openat(AT_FDCWD, "/home/dikluwe/.local/share/fonts/GeistMono/GeistMonoNerdFont-Bold.otf", O_RDONLY|O_CLOEXEC) = 5
14:15:47.935373 openat(AT_FDCWD, "/home/dikluwe/.local/share/fonts/GeistMono/GeistMonoNerdFontMono-Light.otf", O_RDONLY|O_CLOEXEC) = 5
14:15:47.935548 openat(AT_FDCWD, "/home/dikluwe/.local/share/fonts/GeistMono/GeistMonoNerdFontMono-Black.otf", O_RDONLY|O_CLOEXEC) = 5
14:15:47.935719 openat(AT_FDCWD, "/home/dikluwe/.local/share/fonts/GeistMono/GeistMonoNerdFontMono-UltraLight.otf", O_RDONLY|O_CLOEXEC) = 5
14:15:47.935885 openat(AT_FDCWD, "/home/dikluwe/.local/share/fonts/GeistMono/GeistMonoNerdFontPropo-Regular.otf", O_RDONLY|O_CLOEXEC) = 5
14:15:47.936049 openat(AT_FDCWD, "/home/dikluwe/.local/share/fonts/GeistMono/GeistMonoNerdFont-Medium.otf", O_RDONLY|O_CLOEXEC) = 5
14:15:47.936232 openat(AT_FDCWD, "/home/dikluwe/.local/share/fonts/GeistMono/GeistMonoNerdFont-Thin.otf", O_RDONLY|O_CLOEXEC) = 5
14:15:47.936407 openat(AT_FDCWD, "/home/dikluwe/.local/share/fonts/GeistMono/GeistMonoNerdFontMono-SemiBold.otf", O_RDONLY|O_CLOEXEC) = 5
14:15:47.936559 openat(AT_FDCWD, "/home/dikluwe/.local/share/fonts/GeistMono/GeistMonoNerdFontPropo-Thin.otf", O_RDONLY|O_CLOEXEC) = 5
14:15:47.936728 openat(AT_FDCWD, "/home/dikluwe/.local/share/fonts/GeistMono/GeistMonoNerdFontPropo-Bold.otf", O_RDONLY|O_CLOEXEC) = 5
14:15:47.936930 openat(AT_FDCWD, "/home/dikluwe/.local/share/fonts/IosevkaTermSlab", O_RDONLY|O_NONBLOCK|O_CLOEXEC|O_DIRECTORY) = 4
14:15:47.937111 openat(AT_FDCWD, "/home/dikluwe/.local/share/fonts/IosevkaTermSlab/IosevkaTermSlabNerdFont-LightOblique.ttf", O_RDONLY|O_CLOEXEC) = 5
14:15:47.937267 openat(AT_FDCWD, "/home/dikluwe/.local/share/fonts/IosevkaTermSlab/IosevkaTermSlabNerdFontMono-Italic.ttf", O_RDONLY|O_CLOEXEC) = 5
14:15:47.937422 openat(AT_FDCWD, "/home/dikluwe/.local/share/fonts/IosevkaTermSlab/IosevkaTermSlabNerdFontPropo-ExtraBoldItalic.ttf", O_RDONLY|O_CLOEXEC) = 5
14:15:47.937584 openat(AT_FDCWD, "/home/dikluwe/.local/share/fonts/IosevkaTermSlab/IosevkaTermSlabNerdFontMono-Medium.ttf", O_RDONLY|O_CLOEXEC) = 5
14:15:47.937741 openat(AT_FDCWD, "/home/dikluwe/.local/share/fonts/IosevkaTermSlab/IosevkaTermSlabNerdFontMono-Regular.ttf", O_RDONLY|O_CLOEXEC) = 5
14:15:47.937898 openat(AT_FDCWD, "/home/dikluwe/.local/share/fonts/IosevkaTermSlab/IosevkaTermSlabNerdFont-Italic.ttf", O_RDONLY|O_CLOEXEC) = 5
14:15:47.938062 openat(AT_FDCWD, "/home/dikluwe/.local/share/fonts/IosevkaTermSlab/IosevkaTermSlabNerdFontMono-ExtraBold.ttf", O_RDONLY|O_CLOEXEC) = 5
14:15:47.938218 openat(AT_FDCWD, "/home/dikluwe/.local/share/fonts/IosevkaTermSlab/IosevkaTermSlabNerdFont-Medium.ttf", O_RDONLY|O_CLOEXEC) = 5
14:15:47.938377 openat(AT_FDCWD, "/home/dikluwe/.local/share/fonts/IosevkaTermSlab/IosevkaTermSlabNerdFont-BoldItalic.ttf", O_RDONLY|O_CLOEXEC) = 5
14:15:47.938541 openat(AT_FDCWD, "/home/dikluwe/.local/share/fonts/IosevkaTermSlab/IosevkaTermSlabNerdFontMono-Oblique.ttf", O_RDONLY|O_CLOEXEC) = 5
14:15:47.938702 openat(AT_FDCWD, "/home/dikluwe/.local/share/fonts/IosevkaTermSlab/IosevkaTermSlabNerdFont-Regular.ttf", O_RDONLY|O_CLOEXEC) = 5
14:15:47.938927 openat(AT_FDCWD, "/home/dikluwe/.local/share/fonts/IosevkaTermSlab/IosevkaTermSlabNerdFont-ExtraBoldOblique.ttf", O_RDONLY|O_CLOEXEC) = 5
14:15:47.939093 openat(AT_FDCWD, "/home/dikluwe/.local/share/fonts/IosevkaTermSlab/IosevkaTermSlabNerdFontPropo-BoldItalic.ttf", O_RDONLY|O_CLOEXEC) = 5
14:15:47.939259 openat(AT_FDCWD, "/home/dikluwe/.local/share/fonts/IosevkaTermSlab/IosevkaTermSlabNerdFont-MediumOblique.ttf", O_RDONLY|O_CLOEXEC) = 5
14:15:47.939423 openat(AT_FDCWD, "/home/dikluwe/.local/share/fonts/IosevkaTermSlab/IosevkaTermSlabNerdFontPropo-ExtraBoldOblique.ttf", O_RDONLY|O_CLOEXEC) = 5
14:15:47.939589 openat(AT_FDCWD, "/home/dikluwe/.local/share/fonts/IosevkaTermSlab/IosevkaTermSlabNerdFont-Light.ttf", O_RDONLY|O_CLOEXEC) = 5
14:15:47.939753 openat(AT_FDCWD, "/home/dikluwe/.local/share/fonts/IosevkaTermSlab/IosevkaTermSlabNerdFontMono-Light.ttf", O_RDONLY|O_CLOEXEC) = 5
14:15:47.939925 openat(AT_FDCWD, "/home/dikluwe/.local/share/fonts/IosevkaTermSlab/IosevkaTermSlabNerdFontPropo-LightOblique.ttf", O_RDONLY|O_CLOEXEC) = 5
14:15:47.940131 openat(AT_FDCWD, "/home/dikluwe/.local/share/fonts/IosevkaTermSlab/IosevkaTermSlabNerdFontPropo-MediumOblique.ttf", O_RDONLY|O_CLOEXEC) = 5
14:15:47.940303 openat(AT_FDCWD, "/home/dikluwe/.local/share/fonts/IosevkaTermSlab/IosevkaTermSlabNerdFontPropo-MediumItalic.ttf", O_RDONLY|O_CLOEXEC) = 5
14:15:47.940478 openat(AT_FDCWD, "/home/dikluwe/.local/share/fonts/IosevkaTermSlab/IosevkaTermSlabNerdFontMono-LightItalic.ttf", O_RDONLY|O_CLOEXEC) = 5
14:15:47.940644 openat(AT_FDCWD, "/home/dikluwe/.local/share/fonts/IosevkaTermSlab/IosevkaTermSlabNerdFontMono-BoldOblique.ttf", O_RDONLY|O_CLOEXEC) = 5
14:15:47.940813 openat(AT_FDCWD, "/home/dikluwe/.local/share/fonts/IosevkaTermSlab/IosevkaTermSlabNerdFontMono-ExtraBoldOblique.ttf", O_RDONLY|O_CLOEXEC) = 5
14:15:47.941036 openat(AT_FDCWD, "/home/dikluwe/.local/share/fonts/IosevkaTermSlab/IosevkaTermSlabNerdFontPropo-LightItalic.ttf", O_RDONLY|O_CLOEXEC) = 5
14:15:47.941221 openat(AT_FDCWD, "/home/dikluwe/.local/share/fonts/IosevkaTermSlab/IosevkaTermSlabNerdFont-ExtraBold.ttf", O_RDONLY|O_CLOEXEC) = 5
14:15:47.941415 openat(AT_FDCWD, "/home/dikluwe/.local/share/fonts/IosevkaTermSlab/IosevkaTermSlabNerdFont-MediumItalic.ttf", O_RDONLY|O_CLOEXEC) = 5
14:15:47.941591 openat(AT_FDCWD, "/home/dikluwe/.local/share/fonts/IosevkaTermSlab/IosevkaTermSlabNerdFontPropo-Light.ttf", O_RDONLY|O_CLOEXEC) = 5
14:15:47.941771 openat(AT_FDCWD, "/home/dikluwe/.local/share/fonts/IosevkaTermSlab/IosevkaTermSlabNerdFontPropo-Italic.ttf", O_RDONLY|O_CLOEXEC) = 5
14:15:47.941983 openat(AT_FDCWD, "/home/dikluwe/.local/share/fonts/IosevkaTermSlab/IosevkaTermSlabNerdFontMono-MediumOblique.ttf", O_RDONLY|O_CLOEXEC) = 5
14:15:47.942145 openat(AT_FDCWD, "/home/dikluwe/.local/share/fonts/IosevkaTermSlab/IosevkaTermSlabNerdFontPropo-Medium.ttf", O_RDONLY|O_CLOEXEC) = 5
14:15:47.942304 openat(AT_FDCWD, "/home/dikluwe/.local/share/fonts/IosevkaTermSlab/IosevkaTermSlabNerdFontMono-MediumItalic.ttf", O_RDONLY|O_CLOEXEC) = 5
14:15:47.942460 openat(AT_FDCWD, "/home/dikluwe/.local/share/fonts/IosevkaTermSlab/IosevkaTermSlabNerdFontPropo-Regular.ttf", O_RDONLY|O_CLOEXEC) = 5
14:15:47.942616 openat(AT_FDCWD, "/home/dikluwe/.local/share/fonts/IosevkaTermSlab/IosevkaTermSlabNerdFontMono-Bold.ttf", O_RDONLY|O_CLOEXEC) = 5
14:15:47.942772 openat(AT_FDCWD, "/home/dikluwe/.local/share/fonts/IosevkaTermSlab/IosevkaTermSlabNerdFontMono-ExtraBoldItalic.ttf", O_RDONLY|O_CLOEXEC) = 5
14:15:47.942936 openat(AT_FDCWD, "/home/dikluwe/.local/share/fonts/IosevkaTermSlab/IosevkaTermSlabNerdFontMono-LightOblique.ttf", O_RDONLY|O_CLOEXEC) = 5
14:15:47.943095 openat(AT_FDCWD, "/home/dikluwe/.local/share/fonts/IosevkaTermSlab/IosevkaTermSlabNerdFontPropo-Oblique.ttf", O_RDONLY|O_CLOEXEC) = 5
14:15:47.943250 openat(AT_FDCWD, "/home/dikluwe/.local/share/fonts/IosevkaTermSlab/IosevkaTermSlabNerdFont-LightItalic.ttf", O_RDONLY|O_CLOEXEC) = 5
14:15:47.943406 openat(AT_FDCWD, "/home/dikluwe/.local/share/fonts/IosevkaTermSlab/IosevkaTermSlabNerdFont-BoldOblique.ttf", O_RDONLY|O_CLOEXEC) = 5
14:15:47.943561 openat(AT_FDCWD, "/home/dikluwe/.local/share/fonts/IosevkaTermSlab/IosevkaTermSlabNerdFontPropo-ExtraBold.ttf", O_RDONLY|O_CLOEXEC) = 5
14:15:47.943716 openat(AT_FDCWD, "/home/dikluwe/.local/share/fonts/IosevkaTermSlab/IosevkaTermSlabNerdFont-Bold.ttf", O_RDONLY|O_CLOEXEC) = 5
14:15:47.943871 openat(AT_FDCWD, "/home/dikluwe/.local/share/fonts/IosevkaTermSlab/IosevkaTermSlabNerdFontPropo-Bold.ttf", O_RDONLY|O_CLOEXEC) = 5
14:15:47.944033 openat(AT_FDCWD, "/home/dikluwe/.local/share/fonts/IosevkaTermSlab/IosevkaTermSlabNerdFontMono-BoldItalic.ttf", O_RDONLY|O_CLOEXEC) = 5
14:15:47.944190 openat(AT_FDCWD, "/home/dikluwe/.local/share/fonts/IosevkaTermSlab/IosevkaTermSlabNerdFont-ExtraBoldItalic.ttf", O_RDONLY|O_CLOEXEC) = 5
14:15:47.944360 openat(AT_FDCWD, "/home/dikluwe/.local/share/fonts/IosevkaTermSlab/IosevkaTermSlabNerdFontPropo-BoldOblique.ttf", O_RDONLY|O_CLOEXEC) = 5
14:15:47.944515 openat(AT_FDCWD, "/home/dikluwe/.local/share/fonts/IosevkaTermSlab/IosevkaTermSlabNerdFont-Oblique.ttf", O_RDONLY|O_CLOEXEC) = 5
14:15:47.944714 openat(AT_FDCWD, "/home/dikluwe/.local/share/fonts/IosevkaTerm", O_RDONLY|O_NONBLOCK|O_CLOEXEC|O_DIRECTORY) = 4
14:15:47.944954 openat(AT_FDCWD, "/home/dikluwe/.local/share/fonts/IosevkaTerm/IosevkaTermNerdFont-SemiBold.ttf", O_RDONLY|O_CLOEXEC) = 5
14:15:47.945114 openat(AT_FDCWD, "/home/dikluwe/.local/share/fonts/IosevkaTerm/IosevkaTermNerdFont-Oblique.ttf", O_RDONLY|O_CLOEXEC) = 5
14:15:47.945270 openat(AT_FDCWD, "/home/dikluwe/.local/share/fonts/IosevkaTerm/IosevkaTermNerdFont-Italic.ttf", O_RDONLY|O_CLOEXEC) = 5
14:15:47.945462 openat(AT_FDCWD, "/home/dikluwe/.local/share/fonts/IosevkaTerm/IosevkaTermNerdFontMono-MediumOblique.ttf", O_RDONLY|O_CLOEXEC) = 5
14:15:47.945636 openat(AT_FDCWD, "/home/dikluwe/.local/share/fonts/IosevkaTerm/IosevkaTermNerdFontPropo-ThinItalic.ttf", O_RDONLY|O_CLOEXEC) = 5
14:15:47.945807 openat(AT_FDCWD, "/home/dikluwe/.local/share/fonts/IosevkaTerm/IosevkaTermNerdFontPropo-BoldOblique.ttf", O_RDONLY|O_CLOEXEC) = 5
14:15:47.945989 openat(AT_FDCWD, "/home/dikluwe/.local/share/fonts/IosevkaTerm/IosevkaTermNerdFontMono-ExtraLightOblique.ttf", O_RDONLY|O_CLOEXEC) = 5
14:15:47.946179 openat(AT_FDCWD, "/home/dikluwe/.local/share/fonts/IosevkaTerm/IosevkaTermNerdFont-ThinItalic.ttf", O_RDONLY|O_CLOEXEC) = 5
14:15:47.946354 openat(AT_FDCWD, "/home/dikluwe/.local/share/fonts/IosevkaTerm/IosevkaTermNerdFontPropo-MediumOblique.ttf", O_RDONLY|O_CLOEXEC) = 5
14:15:47.946520 openat(AT_FDCWD, "/home/dikluwe/.local/share/fonts/IosevkaTerm/IosevkaTermNerdFontMono-LightOblique.ttf", O_RDONLY|O_CLOEXEC) = 5
14:15:47.946692 openat(AT_FDCWD, "/home/dikluwe/.local/share/fonts/IosevkaTerm/IosevkaTermNerdFont-SemiBoldOblique.ttf", O_RDONLY|O_CLOEXEC) = 5
14:15:47.946859 openat(AT_FDCWD, "/home/dikluwe/.local/share/fonts/IosevkaTerm/IosevkaTermNerdFontMono-ExtraLight.ttf", O_RDONLY|O_CLOEXEC) = 5
14:15:47.947047 openat(AT_FDCWD, "/home/dikluwe/.local/share/fonts/IosevkaTerm/IosevkaTermNerdFontPropo-Italic.ttf", O_RDONLY|O_CLOEXEC) = 5
14:15:47.947224 openat(AT_FDCWD, "/home/dikluwe/.local/share/fonts/IosevkaTerm/IosevkaTermNerdFontMono-ThinOblique.ttf", O_RDONLY|O_CLOEXEC) = 5
14:15:47.947398 openat(AT_FDCWD, "/home/dikluwe/.local/share/fonts/IosevkaTerm/IosevkaTermNerdFontPropo-Bold.ttf", O_RDONLY|O_CLOEXEC) = 5
14:15:47.947577 openat(AT_FDCWD, "/home/dikluwe/.local/share/fonts/IosevkaTerm/IosevkaTermNerdFontMono-MediumItalic.ttf", O_RDONLY|O_CLOEXEC) = 5
14:15:47.947777 openat(AT_FDCWD, "/home/dikluwe/.local/share/fonts/IosevkaTerm/IosevkaTermNerdFontMono-ExtraLightItalic.ttf", O_RDONLY|O_CLOEXEC) = 5
14:15:47.947993 openat(AT_FDCWD, "/home/dikluwe/.local/share/fonts/IosevkaTerm/IosevkaTermNerdFontMono-SemiBoldItalic.ttf", O_RDONLY|O_CLOEXEC) = 5
14:15:47.948156 openat(AT_FDCWD, "/home/dikluwe/.local/share/fonts/IosevkaTerm/IosevkaTermNerdFont-Heavy.ttf", O_RDONLY|O_CLOEXEC) = 5
14:15:47.948313 openat(AT_FDCWD, "/home/dikluwe/.local/share/fonts/IosevkaTerm/IosevkaTermNerdFontMono-SemiBoldOblique.ttf", O_RDONLY|O_CLOEXEC) = 5
14:15:47.948468 openat(AT_FDCWD, "/home/dikluwe/.local/share/fonts/IosevkaTerm/IosevkaTermNerdFontPropo-Thin.ttf", O_RDONLY|O_CLOEXEC) = 5
14:15:47.948628 openat(AT_FDCWD, "/home/dikluwe/.local/share/fonts/IosevkaTerm/IosevkaTermNerdFont-Light.ttf", O_RDONLY|O_CLOEXEC) = 5
14:15:47.948809 openat(AT_FDCWD, "/home/dikluwe/.local/share/fonts/IosevkaTerm/IosevkaTermNerdFontMono-ExtraBoldOblique.ttf", O_RDONLY|O_CLOEXEC) = 5
14:15:47.949005 openat(AT_FDCWD, "/home/dikluwe/.local/share/fonts/IosevkaTerm/IosevkaTermNerdFontMono-Oblique.ttf", O_RDONLY|O_CLOEXEC) = 5
14:15:47.949168 openat(AT_FDCWD, "/home/dikluwe/.local/share/fonts/IosevkaTerm/IosevkaTermNerdFontMono-BoldOblique.ttf", O_RDONLY|O_CLOEXEC) = 5
14:15:47.949334 openat(AT_FDCWD, "/home/dikluwe/.local/share/fonts/IosevkaTerm/IosevkaTermNerdFont-SemiBoldItalic.ttf", O_RDONLY|O_CLOEXEC) = 5
14:15:47.949491 openat(AT_FDCWD, "/home/dikluwe/.local/share/fonts/IosevkaTerm/IosevkaTermNerdFontMono-Light.ttf", O_RDONLY|O_CLOEXEC) = 5
14:15:47.949656 openat(AT_FDCWD, "/home/dikluwe/.local/share/fonts/IosevkaTerm/IosevkaTermNerdFont-ExtraBoldOblique.ttf", O_RDONLY|O_CLOEXEC) = 5
14:15:47.949810 openat(AT_FDCWD, "/home/dikluwe/.local/share/fonts/IosevkaTerm/IosevkaTermNerdFontPropo-ExtraBoldItalic.ttf", O_RDONLY|O_CLOEXEC) = 5
14:15:47.949970 openat(AT_FDCWD, "/home/dikluwe/.local/share/fonts/IosevkaTerm/IosevkaTermNerdFont-BoldItalic.ttf", O_RDONLY|O_CLOEXEC) = 5
14:15:47.950125 openat(AT_FDCWD, "/home/dikluwe/.local/share/fonts/IosevkaTerm/IosevkaTermNerdFontPropo-ThinOblique.ttf", O_RDONLY|O_CLOEXEC) = 5
14:15:47.950280 openat(AT_FDCWD, "/home/dikluwe/.local/share/fonts/IosevkaTerm/IosevkaTermNerdFontPropo-ExtraBoldOblique.ttf", O_RDONLY|O_CLOEXEC) = 5
14:15:47.950434 openat(AT_FDCWD, "/home/dikluwe/.local/share/fonts/IosevkaTerm/IosevkaTermNerdFontPropo-Regular.ttf", O_RDONLY|O_CLOEXEC) = 5
14:15:47.950587 openat(AT_FDCWD, "/home/dikluwe/.local/share/fonts/IosevkaTerm/IosevkaTermNerdFont-HeavyOblique.ttf", O_RDONLY|O_CLOEXEC) = 5
14:15:47.950740 openat(AT_FDCWD, "/home/dikluwe/.local/share/fonts/IosevkaTerm/IosevkaTermNerdFont-ExtraBoldItalic.ttf", O_RDONLY|O_CLOEXEC) = 5
14:15:47.950893 openat(AT_FDCWD, "/home/dikluwe/.local/share/fonts/IosevkaTerm/IosevkaTermNerdFontPropo-Medium.ttf", O_RDONLY|O_CLOEXEC) = 5
14:15:47.951076 openat(AT_FDCWD, "/home/dikluwe/.local/share/fonts/IosevkaTerm/IosevkaTermNerdFontMono-Bold.ttf", O_RDONLY|O_CLOEXEC) = 5
14:15:47.951232 openat(AT_FDCWD, "/home/dikluwe/.local/share/fonts/IosevkaTerm/IosevkaTermNerdFontPropo-Oblique.ttf", O_RDONLY|O_CLOEXEC) = 5
14:15:47.951387 openat(AT_FDCWD, "/home/dikluwe/.local/share/fonts/IosevkaTerm/IosevkaTermNerdFont-ExtraLight.ttf", O_RDONLY|O_CLOEXEC) = 5
14:15:47.951542 openat(AT_FDCWD, "/home/dikluwe/.local/share/fonts/IosevkaTerm/IosevkaTermNerdFontMono-Heavy.ttf", O_RDONLY|O_CLOEXEC) = 5
14:15:47.951698 openat(AT_FDCWD, "/home/dikluwe/.local/share/fonts/IosevkaTerm/IosevkaTermNerdFontMono-ExtraBoldItalic.ttf", O_RDONLY|O_CLOEXEC) = 5
14:15:47.951858 openat(AT_FDCWD, "/home/dikluwe/.local/share/fonts/IosevkaTerm/IosevkaTermNerdFontPropo-Light.ttf", O_RDONLY|O_CLOEXEC) = 5
14:15:47.952018 openat(AT_FDCWD, "/home/dikluwe/.local/share/fonts/IosevkaTerm/IosevkaTermNerdFont-ExtraLightOblique.ttf", O_RDONLY|O_CLOEXEC) = 5
14:15:47.952176 openat(AT_FDCWD, "/home/dikluwe/.local/share/fonts/IosevkaTerm/IosevkaTermNerdFontMono-HeavyItalic.ttf", O_RDONLY|O_CLOEXEC) = 5
14:15:47.952330 openat(AT_FDCWD, "/home/dikluwe/.local/share/fonts/IosevkaTerm/IosevkaTermNerdFont-ExtraLightItalic.ttf", O_RDONLY|O_CLOEXEC) = 5
14:15:47.952484 openat(AT_FDCWD, "/home/dikluwe/.local/share/fonts/IosevkaTerm/IosevkaTermNerdFontMono-HeavyOblique.ttf", O_RDONLY|O_CLOEXEC) = 5
14:15:47.952636 openat(AT_FDCWD, "/home/dikluwe/.local/share/fonts/IosevkaTerm/IosevkaTermNerdFontMono-Thin.ttf", O_RDONLY|O_CLOEXEC) = 5
14:15:47.952791 openat(AT_FDCWD, "/home/dikluwe/.local/share/fonts/IosevkaTerm/IosevkaTermNerdFont-Thin.ttf", O_RDONLY|O_CLOEXEC) = 5
14:15:47.952949 openat(AT_FDCWD, "/home/dikluwe/.local/share/fonts/IosevkaTerm/IosevkaTermNerdFontMono-Medium.ttf", O_RDONLY|O_CLOEXEC) = 5
14:15:47.953106 openat(AT_FDCWD, "/home/dikluwe/.local/share/fonts/IosevkaTerm/IosevkaTermNerdFont-LightOblique.ttf", O_RDONLY|O_CLOEXEC) = 5
14:15:47.953260 openat(AT_FDCWD, "/home/dikluwe/.local/share/fonts/IosevkaTerm/IosevkaTermNerdFont-Bold.ttf", O_RDONLY|O_CLOEXEC) = 5
14:15:47.953413 openat(AT_FDCWD, "/home/dikluwe/.local/share/fonts/IosevkaTerm/IosevkaTermNerdFont-MediumItalic.ttf", O_RDONLY|O_CLOEXEC) = 5
14:15:47.953567 openat(AT_FDCWD, "/home/dikluwe/.local/share/fonts/IosevkaTerm/IosevkaTermNerdFontMono-Regular.ttf", O_RDONLY|O_CLOEXEC) = 5
14:15:47.953721 openat(AT_FDCWD, "/home/dikluwe/.local/share/fonts/IosevkaTerm/IosevkaTermNerdFontMono-SemiBold.ttf", O_RDONLY|O_CLOEXEC) = 5
14:15:47.953873 openat(AT_FDCWD, "/home/dikluwe/.local/share/fonts/IosevkaTerm/IosevkaTermNerdFontPropo-ExtraLightItalic.ttf", O_RDONLY|O_CLOEXEC) = 5
14:15:47.954033 openat(AT_FDCWD, "/home/dikluwe/.local/share/fonts/IosevkaTerm/IosevkaTermNerdFontMono-LightItalic.ttf", O_RDONLY|O_CLOEXEC) = 5
14:15:47.954189 openat(AT_FDCWD, "/home/dikluwe/.local/share/fonts/IosevkaTerm/IosevkaTermNerdFontMono-ExtraBold.ttf", O_RDONLY|O_CLOEXEC) = 5
14:15:47.954351 openat(AT_FDCWD, "/home/dikluwe/.local/share/fonts/IosevkaTerm/IosevkaTermNerdFontPropo-LightOblique.ttf", O_RDONLY|O_CLOEXEC) = 5
14:15:47.954505 openat(AT_FDCWD, "/home/dikluwe/.local/share/fonts/IosevkaTerm/IosevkaTermNerdFontPropo-Heavy.ttf", O_RDONLY|O_CLOEXEC) = 5
14:15:47.954659 openat(AT_FDCWD, "/home/dikluwe/.local/share/fonts/IosevkaTerm/IosevkaTermNerdFontPropo-HeavyOblique.ttf", O_RDONLY|O_CLOEXEC) = 5
14:15:47.954813 openat(AT_FDCWD, "/home/dikluwe/.local/share/fonts/IosevkaTerm/IosevkaTermNerdFontPropo-LightItalic.ttf", O_RDONLY|O_CLOEXEC) = 5
14:15:47.954975 openat(AT_FDCWD, "/home/dikluwe/.local/share/fonts/IosevkaTerm/IosevkaTermNerdFontPropo-SemiBoldItalic.ttf", O_RDONLY|O_CLOEXEC) = 5
14:15:47.955130 openat(AT_FDCWD, "/home/dikluwe/.local/share/fonts/IosevkaTerm/IosevkaTermNerdFontPropo-ExtraBold.ttf", O_RDONLY|O_CLOEXEC) = 5
14:15:47.955285 openat(AT_FDCWD, "/home/dikluwe/.local/share/fonts/IosevkaTerm/IosevkaTermNerdFontPropo-SemiBoldOblique.ttf", O_RDONLY|O_CLOEXEC) = 5
14:15:47.955452 openat(AT_FDCWD, "/home/dikluwe/.local/share/fonts/IosevkaTerm/IosevkaTermNerdFontPropo-ExtraLight.ttf", O_RDONLY|O_CLOEXEC) = 5
14:15:47.955606 openat(AT_FDCWD, "/home/dikluwe/.local/share/fonts/IosevkaTerm/IosevkaTermNerdFont-ExtraBold.ttf", O_RDONLY|O_CLOEXEC) = 5
14:15:47.955761 openat(AT_FDCWD, "/home/dikluwe/.local/share/fonts/IosevkaTerm/IosevkaTermNerdFont-BoldOblique.ttf", O_RDONLY|O_CLOEXEC) = 5
14:15:47.955971 openat(AT_FDCWD, "/home/dikluwe/.local/share/fonts/IosevkaTerm/IosevkaTermNerdFontPropo-ExtraLightOblique.ttf", O_RDONLY|O_CLOEXEC) = 5
14:15:47.956130 openat(AT_FDCWD, "/home/dikluwe/.local/share/fonts/IosevkaTerm/IosevkaTermNerdFont-Regular.ttf", O_RDONLY|O_CLOEXEC) = 5
14:15:47.956284 openat(AT_FDCWD, "/home/dikluwe/.local/share/fonts/IosevkaTerm/IosevkaTermNerdFontMono-Italic.ttf", O_RDONLY|O_CLOEXEC) = 5
14:15:47.956456 openat(AT_FDCWD, "/home/dikluwe/.local/share/fonts/IosevkaTerm/IosevkaTermNerdFont-HeavyItalic.ttf", O_RDONLY|O_CLOEXEC) = 5
14:15:47.956615 openat(AT_FDCWD, "/home/dikluwe/.local/share/fonts/IosevkaTerm/IosevkaTermNerdFont-Medium.ttf", O_RDONLY|O_CLOEXEC) = 5
14:15:47.956768 openat(AT_FDCWD, "/home/dikluwe/.local/share/fonts/IosevkaTerm/IosevkaTermNerdFontMono-BoldItalic.ttf", O_RDONLY|O_CLOEXEC) = 5
14:15:47.956923 openat(AT_FDCWD, "/home/dikluwe/.local/share/fonts/IosevkaTerm/IosevkaTermNerdFont-LightItalic.ttf", O_RDONLY|O_CLOEXEC) = 5
14:15:47.957080 openat(AT_FDCWD, "/home/dikluwe/.local/share/fonts/IosevkaTerm/IosevkaTermNerdFont-MediumOblique.ttf", O_RDONLY|O_CLOEXEC) = 5
14:15:47.957232 openat(AT_FDCWD, "/home/dikluwe/.local/share/fonts/IosevkaTerm/IosevkaTermNerdFontPropo-HeavyItalic.ttf", O_RDONLY|O_CLOEXEC) = 5
14:15:47.957389 openat(AT_FDCWD, "/home/dikluwe/.local/share/fonts/IosevkaTerm/IosevkaTermNerdFontPropo-SemiBold.ttf", O_RDONLY|O_CLOEXEC) = 5
14:15:47.957543 openat(AT_FDCWD, "/home/dikluwe/.local/share/fonts/IosevkaTerm/IosevkaTermNerdFontMono-ThinItalic.ttf", O_RDONLY|O_CLOEXEC) = 5
14:15:47.957700 openat(AT_FDCWD, "/home/dikluwe/.local/share/fonts/IosevkaTerm/IosevkaTermNerdFontPropo-BoldItalic.ttf", O_RDONLY|O_CLOEXEC) = 5
14:15:47.957854 openat(AT_FDCWD, "/home/dikluwe/.local/share/fonts/IosevkaTerm/IosevkaTermNerdFont-ThinOblique.ttf", O_RDONLY|O_CLOEXEC) = 5
14:15:47.958015 openat(AT_FDCWD, "/home/dikluwe/.local/share/fonts/IosevkaTerm/IosevkaTermNerdFontPropo-MediumItalic.ttf", O_RDONLY|O_CLOEXEC) = 5
14:15:47.958224 openat(AT_FDCWD, "/home/dikluwe/.local/share/fonts/Iosevka", O_RDONLY|O_NONBLOCK|O_CLOEXEC|O_DIRECTORY) = 4
14:15:47.958455 openat(AT_FDCWD, "/home/dikluwe/.local/share/fonts/Iosevka/IosevkaNerdFont-ExtraLight.ttf", O_RDONLY|O_CLOEXEC) = 5
14:15:47.958612 openat(AT_FDCWD, "/home/dikluwe/.local/share/fonts/Iosevka/IosevkaNerdFont-LightItalic.ttf", O_RDONLY|O_CLOEXEC) = 5
14:15:47.958765 openat(AT_FDCWD, "/home/dikluwe/.local/share/fonts/Iosevka/IosevkaNerdFontMono-ExtraBoldItalic.ttf", O_RDONLY|O_CLOEXEC) = 5
14:15:47.958929 openat(AT_FDCWD, "/home/dikluwe/.local/share/fonts/Iosevka/IosevkaNerdFont-Medium.ttf", O_RDONLY|O_CLOEXEC) = 5
14:15:47.959083 openat(AT_FDCWD, "/home/dikluwe/.local/share/fonts/Iosevka/IosevkaNerdFontMono-MediumItalic.ttf", O_RDONLY|O_CLOEXEC) = 5
14:15:47.959233 openat(AT_FDCWD, "/home/dikluwe/.local/share/fonts/Iosevka/IosevkaNerdFont-Italic.ttf", O_RDONLY|O_CLOEXEC) = 5
14:15:47.959394 openat(AT_FDCWD, "/home/dikluwe/.local/share/fonts/Iosevka/IosevkaNerdFontMono-Light.ttf", O_RDONLY|O_CLOEXEC) = 5
14:15:47.959547 openat(AT_FDCWD, "/home/dikluwe/.local/share/fonts/Iosevka/IosevkaNerdFont-ExtraLightItalic.ttf", O_RDONLY|O_CLOEXEC) = 5
14:15:47.959699 openat(AT_FDCWD, "/home/dikluwe/.local/share/fonts/Iosevka/IosevkaNerdFont-SemiBoldOblique.ttf", O_RDONLY|O_CLOEXEC) = 5
14:15:47.959849 openat(AT_FDCWD, "/home/dikluwe/.local/share/fonts/Iosevka/IosevkaNerdFont-Bold.ttf", O_RDONLY|O_CLOEXEC) = 5
14:15:47.960007 openat(AT_FDCWD, "/home/dikluwe/.local/share/fonts/Iosevka/IosevkaNerdFontPropo-SemiBoldOblique.ttf", O_RDONLY|O_CLOEXEC) = 5
14:15:47.960159 openat(AT_FDCWD, "/home/dikluwe/.local/share/fonts/Iosevka/IosevkaNerdFontPropo-Oblique.ttf", O_RDONLY|O_CLOEXEC) = 5
14:15:47.960330 openat(AT_FDCWD, "/home/dikluwe/.local/share/fonts/Iosevka/IosevkaNerdFontMono-ThinOblique.ttf", O_RDONLY|O_CLOEXEC) = 5
14:15:47.960484 openat(AT_FDCWD, "/home/dikluwe/.local/share/fonts/Iosevka/IosevkaNerdFontPropo-SemiBoldItalic.ttf", O_RDONLY|O_CLOEXEC) = 5
14:15:47.960643 openat(AT_FDCWD, "/home/dikluwe/.local/share/fonts/Iosevka/IosevkaNerdFontMono-ThinItalic.ttf", O_RDONLY|O_CLOEXEC) = 5
14:15:47.960801 openat(AT_FDCWD, "/home/dikluwe/.local/share/fonts/Iosevka/IosevkaNerdFontPropo-ExtraLight.ttf", O_RDONLY|O_CLOEXEC) = 5
14:15:47.960960 openat(AT_FDCWD, "/home/dikluwe/.local/share/fonts/Iosevka/IosevkaNerdFont-Oblique.ttf", O_RDONLY|O_CLOEXEC) = 5
14:15:47.961114 openat(AT_FDCWD, "/home/dikluwe/.local/share/fonts/Iosevka/IosevkaNerdFont-ExtraBoldItalic.ttf", O_RDONLY|O_CLOEXEC) = 5
14:15:47.961266 openat(AT_FDCWD, "/home/dikluwe/.local/share/fonts/Iosevka/IosevkaNerdFontPropo-Italic.ttf", O_RDONLY|O_CLOEXEC) = 5
14:15:47.961420 openat(AT_FDCWD, "/home/dikluwe/.local/share/fonts/Iosevka/IosevkaNerdFontMono-Heavy.ttf", O_RDONLY|O_CLOEXEC) = 5
14:15:47.961859 openat(AT_FDCWD, "/home/dikluwe/.local/share/fonts/Iosevka/IosevkaNerdFontPropo-ThinItalic.ttf", O_RDONLY|O_CLOEXEC) = 5
14:15:47.962024 openat(AT_FDCWD, "/home/dikluwe/.local/share/fonts/Iosevka/IosevkaNerdFontMono-Bold.ttf", O_RDONLY|O_CLOEXEC) = 5
14:15:47.962178 openat(AT_FDCWD, "/home/dikluwe/.local/share/fonts/Iosevka/IosevkaNerdFontMono-ExtraBoldOblique.ttf", O_RDONLY|O_CLOEXEC) = 5
14:15:47.962334 openat(AT_FDCWD, "/home/dikluwe/.local/share/fonts/Iosevka/IosevkaNerdFontMono-SemiBoldItalic.ttf", O_RDONLY|O_CLOEXEC) = 5
14:15:47.962488 openat(AT_FDCWD, "/home/dikluwe/.local/share/fonts/Iosevka/IosevkaNerdFontMono-ExtraBold.ttf", O_RDONLY|O_CLOEXEC) = 5
14:15:47.962642 openat(AT_FDCWD, "/home/dikluwe/.local/share/fonts/Iosevka/IosevkaNerdFontPropo-ThinOblique.ttf", O_RDONLY|O_CLOEXEC) = 5
14:15:47.962795 openat(AT_FDCWD, "/home/dikluwe/.local/share/fonts/Iosevka/IosevkaNerdFont-ExtraLightOblique.ttf", O_RDONLY|O_CLOEXEC) = 5
14:15:47.962953 openat(AT_FDCWD, "/home/dikluwe/.local/share/fonts/Iosevka/IosevkaNerdFontPropo-BoldOblique.ttf", O_RDONLY|O_CLOEXEC) = 5
14:15:47.963109 openat(AT_FDCWD, "/home/dikluwe/.local/share/fonts/Iosevka/IosevkaNerdFontPropo-HeavyItalic.ttf", O_RDONLY|O_CLOEXEC) = 5
14:15:47.963264 openat(AT_FDCWD, "/home/dikluwe/.local/share/fonts/Iosevka/IosevkaNerdFontPropo-MediumOblique.ttf", O_RDONLY|O_CLOEXEC) = 5
14:15:47.963414 openat(AT_FDCWD, "/home/dikluwe/.local/share/fonts/Iosevka/IosevkaNerdFontPropo-MediumItalic.ttf", O_RDONLY|O_CLOEXEC) = 5
14:15:47.963567 openat(AT_FDCWD, "/home/dikluwe/.local/share/fonts/Iosevka/IosevkaNerdFontMono-Oblique.ttf", O_RDONLY|O_CLOEXEC) = 5
14:15:47.963728 openat(AT_FDCWD, "/home/dikluwe/.local/share/fonts/Iosevka/IosevkaNerdFontMono-BoldItalic.ttf", O_RDONLY|O_CLOEXEC) = 5
14:15:47.963879 openat(AT_FDCWD, "/home/dikluwe/.local/share/fonts/Iosevka/IosevkaNerdFontMono-SemiBoldOblique.ttf", O_RDONLY|O_CLOEXEC) = 5
14:15:47.964056 openat(AT_FDCWD, "/home/dikluwe/.local/share/fonts/Iosevka/IosevkaNerdFontMono-BoldOblique.ttf", O_RDONLY|O_CLOEXEC) = 5
14:15:47.964210 openat(AT_FDCWD, "/home/dikluwe/.local/share/fonts/Iosevka/IosevkaNerdFontMono-Thin.ttf", O_RDONLY|O_CLOEXEC) = 5
14:15:47.964374 openat(AT_FDCWD, "/home/dikluwe/.local/share/fonts/Iosevka/IosevkaNerdFontPropo-LightOblique.ttf", O_RDONLY|O_CLOEXEC) = 5
14:15:47.964527 openat(AT_FDCWD, "/home/dikluwe/.local/share/fonts/Iosevka/IosevkaNerdFontPropo-Heavy.ttf", O_RDONLY|O_CLOEXEC) = 5
14:15:47.964681 openat(AT_FDCWD, "/home/dikluwe/.local/share/fonts/Iosevka/IosevkaNerdFontMono-ExtraLightItalic.ttf", O_RDONLY|O_CLOEXEC) = 5
14:15:47.964840 openat(AT_FDCWD, "/home/dikluwe/.local/share/fonts/Iosevka/IosevkaNerdFont-BoldOblique.ttf", O_RDONLY|O_CLOEXEC) = 5
14:15:47.964996 openat(AT_FDCWD, "/home/dikluwe/.local/share/fonts/Iosevka/IosevkaNerdFont-Thin.ttf", O_RDONLY|O_CLOEXEC) = 5
14:15:47.965152 openat(AT_FDCWD, "/home/dikluwe/.local/share/fonts/Iosevka/IosevkaNerdFont-SemiBoldItalic.ttf", O_RDONLY|O_CLOEXEC) = 5
14:15:47.965326 openat(AT_FDCWD, "/home/dikluwe/.local/share/fonts/Iosevka/IosevkaNerdFont-ThinItalic.ttf", O_RDONLY|O_CLOEXEC) = 5
14:15:47.965484 openat(AT_FDCWD, "/home/dikluwe/.local/share/fonts/Iosevka/IosevkaNerdFontPropo-ExtraBold.ttf", O_RDONLY|O_CLOEXEC) = 5
14:15:47.965639 openat(AT_FDCWD, "/home/dikluwe/.local/share/fonts/Iosevka/IosevkaNerdFont-BoldItalic.ttf", O_RDONLY|O_CLOEXEC) = 5
14:15:47.965797 openat(AT_FDCWD, "/home/dikluwe/.local/share/fonts/Iosevka/IosevkaNerdFontMono-ExtraLightOblique.ttf", O_RDONLY|O_CLOEXEC) = 5
14:15:47.965955 openat(AT_FDCWD, "/home/dikluwe/.local/share/fonts/Iosevka/IosevkaNerdFont-MediumItalic.ttf", O_RDONLY|O_CLOEXEC) = 5
14:15:47.966113 openat(AT_FDCWD, "/home/dikluwe/.local/share/fonts/Iosevka/IosevkaNerdFontPropo-HeavyOblique.ttf", O_RDONLY|O_CLOEXEC) = 5
14:15:47.966266 openat(AT_FDCWD, "/home/dikluwe/.local/share/fonts/Iosevka/IosevkaNerdFontPropo-ExtraBoldOblique.ttf", O_RDONLY|O_CLOEXEC) = 5
14:15:47.966419 openat(AT_FDCWD, "/home/dikluwe/.local/share/fonts/Iosevka/IosevkaNerdFont-LightOblique.ttf", O_RDONLY|O_CLOEXEC) = 5
14:15:47.966572 openat(AT_FDCWD, "/home/dikluwe/.local/share/fonts/Iosevka/IosevkaNerdFontPropo-SemiBold.ttf", O_RDONLY|O_CLOEXEC) = 5
14:15:47.966727 openat(AT_FDCWD, "/home/dikluwe/.local/share/fonts/Iosevka/IosevkaNerdFontPropo-BoldItalic.ttf", O_RDONLY|O_CLOEXEC) = 5
14:15:47.966882 openat(AT_FDCWD, "/home/dikluwe/.local/share/fonts/Iosevka/IosevkaNerdFontPropo-ExtraLightItalic.ttf", O_RDONLY|O_CLOEXEC) = 5
14:15:47.967044 openat(AT_FDCWD, "/home/dikluwe/.local/share/fonts/Iosevka/IosevkaNerdFontPropo-ExtraLightOblique.ttf", O_RDONLY|O_CLOEXEC) = 5
14:15:47.967198 openat(AT_FDCWD, "/home/dikluwe/.local/share/fonts/Iosevka/IosevkaNerdFontPropo-LightItalic.ttf", O_RDONLY|O_CLOEXEC) = 5
14:15:47.967349 openat(AT_FDCWD, "/home/dikluwe/.local/share/fonts/Iosevka/IosevkaNerdFontPropo-Medium.ttf", O_RDONLY|O_CLOEXEC) = 5
14:15:47.967570 openat(AT_FDCWD, "/home/dikluwe/.local/share/fonts/Iosevka/IosevkaNerdFontMono-LightOblique.ttf", O_RDONLY|O_CLOEXEC) = 5
14:15:47.967766 openat(AT_FDCWD, "/home/dikluwe/.local/share/fonts/Iosevka/IosevkaNerdFontMono-MediumOblique.ttf", O_RDONLY|O_CLOEXEC) = 5
14:15:47.967941 openat(AT_FDCWD, "/home/dikluwe/.local/share/fonts/Iosevka/IosevkaNerdFont-Regular.ttf", O_RDONLY|O_CLOEXEC) = 5
14:15:47.968097 openat(AT_FDCWD, "/home/dikluwe/.local/share/fonts/Iosevka/IosevkaNerdFontMono-HeavyItalic.ttf", O_RDONLY|O_CLOEXEC) = 5
14:15:47.968251 openat(AT_FDCWD, "/home/dikluwe/.local/share/fonts/Iosevka/IosevkaNerdFontPropo-Thin.ttf", O_RDONLY|O_CLOEXEC) = 5
14:15:47.968406 openat(AT_FDCWD, "/home/dikluwe/.local/share/fonts/Iosevka/IosevkaNerdFont-MediumOblique.ttf", O_RDONLY|O_CLOEXEC) = 5
14:15:47.968557 openat(AT_FDCWD, "/home/dikluwe/.local/share/fonts/Iosevka/IosevkaNerdFont-ThinOblique.ttf", O_RDONLY|O_CLOEXEC) = 5
14:15:47.968711 openat(AT_FDCWD, "/home/dikluwe/.local/share/fonts/Iosevka/IosevkaNerdFontPropo-ExtraBoldItalic.ttf", O_RDONLY|O_CLOEXEC) = 5
14:15:47.968865 openat(AT_FDCWD, "/home/dikluwe/.local/share/fonts/Iosevka/IosevkaNerdFontMono-HeavyOblique.ttf", O_RDONLY|O_CLOEXEC) = 5
14:15:47.969026 openat(AT_FDCWD, "/home/dikluwe/.local/share/fonts/Iosevka/IosevkaNerdFontPropo-Bold.ttf", O_RDONLY|O_CLOEXEC) = 5
14:15:47.969182 openat(AT_FDCWD, "/home/dikluwe/.local/share/fonts/Iosevka/IosevkaNerdFont-Heavy.ttf", O_RDONLY|O_CLOEXEC) = 5
14:15:47.969346 openat(AT_FDCWD, "/home/dikluwe/.local/share/fonts/Iosevka/IosevkaNerdFont-ExtraBold.ttf", O_RDONLY|O_CLOEXEC) = 5
14:15:47.969501 openat(AT_FDCWD, "/home/dikluwe/.local/share/fonts/Iosevka/IosevkaNerdFont-SemiBold.ttf", O_RDONLY|O_CLOEXEC) = 5
14:15:47.969657 openat(AT_FDCWD, "/home/dikluwe/.local/share/fonts/Iosevka/IosevkaNerdFont-ExtraBoldOblique.ttf", O_RDONLY|O_CLOEXEC) = 5
14:15:47.969811 openat(AT_FDCWD, "/home/dikluwe/.local/share/fonts/Iosevka/IosevkaNerdFontMono-Regular.ttf", O_RDONLY|O_CLOEXEC) = 5
14:15:47.969977 openat(AT_FDCWD, "/home/dikluwe/.local/share/fonts/Iosevka/IosevkaNerdFontMono-SemiBold.ttf", O_RDONLY|O_CLOEXEC) = 5
14:15:47.970149 openat(AT_FDCWD, "/home/dikluwe/.local/share/fonts/Iosevka/IosevkaNerdFont-HeavyOblique.ttf", O_RDONLY|O_CLOEXEC) = 5
14:15:47.970306 openat(AT_FDCWD, "/home/dikluwe/.local/share/fonts/Iosevka/IosevkaNerdFontMono-ExtraLight.ttf", O_RDONLY|O_CLOEXEC) = 5
14:15:47.970460 openat(AT_FDCWD, "/home/dikluwe/.local/share/fonts/Iosevka/IosevkaNerdFont-Light.ttf", O_RDONLY|O_CLOEXEC) = 5
14:15:47.970613 openat(AT_FDCWD, "/home/dikluwe/.local/share/fonts/Iosevka/IosevkaNerdFontPropo-Regular.ttf", O_RDONLY|O_CLOEXEC) = 5
14:15:47.970766 openat(AT_FDCWD, "/home/dikluwe/.local/share/fonts/Iosevka/IosevkaNerdFontMono-Italic.ttf", O_RDONLY|O_CLOEXEC) = 5
14:15:47.970928 openat(AT_FDCWD, "/home/dikluwe/.local/share/fonts/Iosevka/IosevkaNerdFont-HeavyItalic.ttf", O_RDONLY|O_CLOEXEC) = 5
14:15:47.971085 openat(AT_FDCWD, "/home/dikluwe/.local/share/fonts/Iosevka/IosevkaNerdFontMono-Medium.ttf", O_RDONLY|O_CLOEXEC) = 5
14:15:47.971238 openat(AT_FDCWD, "/home/dikluwe/.local/share/fonts/Iosevka/IosevkaNerdFontPropo-Light.ttf", O_RDONLY|O_CLOEXEC) = 5
14:15:47.971393 openat(AT_FDCWD, "/home/dikluwe/.local/share/fonts/Iosevka/IosevkaNerdFontMono-LightItalic.ttf", O_RDONLY|O_CLOEXEC) = 5
14:15:47.971592 openat(AT_FDCWD, "/home/dikluwe/.local/share/fonts/Monoid", O_RDONLY|O_NONBLOCK|O_CLOEXEC|O_DIRECTORY) = 4
14:15:47.971719 openat(AT_FDCWD, "/home/dikluwe/.local/share/fonts/Monoid/MonoidNerdFontMono-Italic.ttf", O_RDONLY|O_CLOEXEC) = 5
14:15:47.971875 openat(AT_FDCWD, "/home/dikluwe/.local/share/fonts/Monoid/MonoidNerdFontPropo-Italic.ttf", O_RDONLY|O_CLOEXEC) = 5
14:15:47.972048 openat(AT_FDCWD, "/home/dikluwe/.local/share/fonts/Monoid/MonoidNerdFont-Italic.ttf", O_RDONLY|O_CLOEXEC) = 5
14:15:47.972205 openat(AT_FDCWD, "/home/dikluwe/.local/share/fonts/Monoid/MonoidNerdFontMono-Regular.ttf", O_RDONLY|O_CLOEXEC) = 5
14:15:47.972358 openat(AT_FDCWD, "/home/dikluwe/.local/share/fonts/Monoid/MonoidNerdFontPropo-Regular.ttf", O_RDONLY|O_CLOEXEC) = 5
14:15:47.972512 openat(AT_FDCWD, "/home/dikluwe/.local/share/fonts/Monoid/MonoidNerdFont-Regular.ttf", O_RDONLY|O_CLOEXEC) = 5
14:15:47.972666 openat(AT_FDCWD, "/home/dikluwe/.local/share/fonts/Monoid/MonoidNerdFont-Retina.ttf", O_RDONLY|O_CLOEXEC) = 5
14:15:47.972816 openat(AT_FDCWD, "/home/dikluwe/.local/share/fonts/Monoid/MonoidNerdFontMono-Retina.ttf", O_RDONLY|O_CLOEXEC) = 5
14:15:47.973055 openat(AT_FDCWD, "/home/dikluwe/.local/share/fonts/Monoid/MonoidNerdFontPropo-Retina.ttf", O_RDONLY|O_CLOEXEC) = 5
14:15:47.973218 openat(AT_FDCWD, "/home/dikluwe/.local/share/fonts/Monoid/MonoidNerdFontMono-Bold.ttf", O_RDONLY|O_CLOEXEC) = 5
14:15:47.973394 openat(AT_FDCWD, "/home/dikluwe/.local/share/fonts/Monoid/MonoidNerdFont-Bold.ttf", O_RDONLY|O_CLOEXEC) = 5
14:15:47.973608 openat(AT_FDCWD, "/home/dikluwe/.local/share/fonts/Monoid/MonoidNerdFontPropo-Bold.ttf", O_RDONLY|O_CLOEXEC) = 5
14:15:47.973858 openat(AT_FDCWD, "/home/dikluwe/.local/share/fonts/VictorMono", O_RDONLY|O_NONBLOCK|O_CLOEXEC|O_DIRECTORY) = 4
14:15:47.974100 openat(AT_FDCWD, "/home/dikluwe/.local/share/fonts/VictorMono/VictorMonoNerdFontPropo-LightItalic.ttf", O_RDONLY|O_CLOEXEC) = 5
14:15:47.974284 openat(AT_FDCWD, "/home/dikluwe/.local/share/fonts/VictorMono/VictorMonoNerdFontMono-LightItalic.ttf", O_RDONLY|O_CLOEXEC) = 5
14:15:47.974452 openat(AT_FDCWD, "/home/dikluwe/.local/share/fonts/VictorMono/VictorMonoNerdFont-LightItalic.ttf", O_RDONLY|O_CLOEXEC) = 5
14:15:47.974608 openat(AT_FDCWD, "/home/dikluwe/.local/share/fonts/VictorMono/VictorMonoNerdFontMono-SemiBoldOblique.ttf", O_RDONLY|O_CLOEXEC) = 5
14:15:47.974771 openat(AT_FDCWD, "/home/dikluwe/.local/share/fonts/VictorMono/VictorMonoNerdFontPropo-SemiBoldOblique.ttf", O_RDONLY|O_CLOEXEC) = 5
14:15:47.974977 openat(AT_FDCWD, "/home/dikluwe/.local/share/fonts/VictorMono/VictorMonoNerdFont-SemiBoldOblique.ttf", O_RDONLY|O_CLOEXEC) = 5
14:15:47.975149 openat(AT_FDCWD, "/home/dikluwe/.local/share/fonts/VictorMono/VictorMonoNerdFontPropo-ExtraLightItalic.ttf", O_RDONLY|O_CLOEXEC) = 5
14:15:47.975333 openat(AT_FDCWD, "/home/dikluwe/.local/share/fonts/VictorMono/VictorMonoNerdFontMono-ExtraLightItalic.ttf", O_RDONLY|O_CLOEXEC) = 5
14:15:47.975536 openat(AT_FDCWD, "/home/dikluwe/.local/share/fonts/VictorMono/VictorMonoNerdFont-ExtraLightItalic.ttf", O_RDONLY|O_CLOEXEC) = 5
14:15:47.975712 openat(AT_FDCWD, "/home/dikluwe/.local/share/fonts/VictorMono/VictorMonoNerdFontMono-MediumItalic.ttf", O_RDONLY|O_CLOEXEC) = 5
14:15:47.975950 openat(AT_FDCWD, "/home/dikluwe/.local/share/fonts/VictorMono/VictorMonoNerdFontPropo-MediumItalic.ttf", O_RDONLY|O_CLOEXEC) = 5
14:15:47.976160 openat(AT_FDCWD, "/home/dikluwe/.local/share/fonts/VictorMono/VictorMonoNerdFont-MediumItalic.ttf", O_RDONLY|O_CLOEXEC) = 5
14:15:47.976332 openat(AT_FDCWD, "/home/dikluwe/.local/share/fonts/VictorMono/VictorMonoNerdFont-Italic.ttf", O_RDONLY|O_CLOEXEC) = 5
14:15:47.976501 openat(AT_FDCWD, "/home/dikluwe/.local/share/fonts/VictorMono/VictorMonoNerdFontPropo-Italic.ttf", O_RDONLY|O_CLOEXEC) = 5
14:15:47.976668 openat(AT_FDCWD, "/home/dikluwe/.local/share/fonts/VictorMono/VictorMonoNerdFontMono-Italic.ttf", O_RDONLY|O_CLOEXEC) = 5
14:15:47.976836 openat(AT_FDCWD, "/home/dikluwe/.local/share/fonts/VictorMono/VictorMonoNerdFont-MediumOblique.ttf", O_RDONLY|O_CLOEXEC) = 5
14:15:47.977020 openat(AT_FDCWD, "/home/dikluwe/.local/share/fonts/VictorMono/VictorMonoNerdFontMono-MediumOblique.ttf", O_RDONLY|O_CLOEXEC) = 5
14:15:47.977188 openat(AT_FDCWD, "/home/dikluwe/.local/share/fonts/VictorMono/VictorMonoNerdFontPropo-MediumOblique.ttf", O_RDONLY|O_CLOEXEC) = 5
14:15:47.977352 openat(AT_FDCWD, "/home/dikluwe/.local/share/fonts/VictorMono/VictorMonoNerdFontMono-ThinItalic.ttf", O_RDONLY|O_CLOEXEC) = 5
14:15:47.977511 openat(AT_FDCWD, "/home/dikluwe/.local/share/fonts/VictorMono/VictorMonoNerdFontPropo-ThinItalic.ttf", O_RDONLY|O_CLOEXEC) = 5
14:15:47.977670 openat(AT_FDCWD, "/home/dikluwe/.local/share/fonts/VictorMono/VictorMonoNerdFont-ThinItalic.ttf", O_RDONLY|O_CLOEXEC) = 5
14:15:47.977838 openat(AT_FDCWD, "/home/dikluwe/.local/share/fonts/VictorMono/VictorMonoNerdFont-BoldItalic.ttf", O_RDONLY|O_CLOEXEC) = 5
14:15:47.978000 openat(AT_FDCWD, "/home/dikluwe/.local/share/fonts/VictorMono/VictorMonoNerdFontMono-BoldItalic.ttf", O_RDONLY|O_CLOEXEC) = 5
14:15:47.978159 openat(AT_FDCWD, "/home/dikluwe/.local/share/fonts/VictorMono/VictorMonoNerdFontPropo-BoldItalic.ttf", O_RDONLY|O_CLOEXEC) = 5
14:15:47.978352 openat(AT_FDCWD, "/home/dikluwe/.local/share/fonts/VictorMono/VictorMonoNerdFontMono-BoldOblique.ttf", O_RDONLY|O_CLOEXEC) = 5
14:15:47.978552 openat(AT_FDCWD, "/home/dikluwe/.local/share/fonts/VictorMono/VictorMonoNerdFontPropo-BoldOblique.ttf", O_RDONLY|O_CLOEXEC) = 5
14:15:47.978730 openat(AT_FDCWD, "/home/dikluwe/.local/share/fonts/VictorMono/VictorMonoNerdFont-BoldOblique.ttf", O_RDONLY|O_CLOEXEC) = 5
14:15:47.978911 openat(AT_FDCWD, "/home/dikluwe/.local/share/fonts/VictorMono/VictorMonoNerdFontMono-ExtraLightOblique.ttf", O_RDONLY|O_CLOEXEC) = 5
14:15:47.979095 openat(AT_FDCWD, "/home/dikluwe/.local/share/fonts/VictorMono/VictorMonoNerdFontPropo-ExtraLightOblique.ttf", O_RDONLY|O_CLOEXEC) = 5
14:15:47.979272 openat(AT_FDCWD, "/home/dikluwe/.local/share/fonts/VictorMono/VictorMonoNerdFont-ExtraLightOblique.ttf", O_RDONLY|O_CLOEXEC) = 5
14:15:47.979445 openat(AT_FDCWD, "/home/dikluwe/.local/share/fonts/VictorMono/VictorMonoNerdFontMono-Regular.ttf", O_RDONLY|O_CLOEXEC) = 5
14:15:47.979619 openat(AT_FDCWD, "/home/dikluwe/.local/share/fonts/VictorMono/VictorMonoNerdFont-Regular.ttf", O_RDONLY|O_CLOEXEC) = 5
14:15:47.979793 openat(AT_FDCWD, "/home/dikluwe/.local/share/fonts/VictorMono/VictorMonoNerdFontPropo-Regular.ttf", O_RDONLY|O_CLOEXEC) = 5
14:15:47.979975 openat(AT_FDCWD, "/home/dikluwe/.local/share/fonts/VictorMono/VictorMonoNerdFont-ThinOblique.ttf", O_RDONLY|O_CLOEXEC) = 5
14:15:47.980134 openat(AT_FDCWD, "/home/dikluwe/.local/share/fonts/VictorMono/VictorMonoNerdFontMono-ThinOblique.ttf", O_RDONLY|O_CLOEXEC) = 5
14:15:47.980286 openat(AT_FDCWD, "/home/dikluwe/.local/share/fonts/VictorMono/VictorMonoNerdFontPropo-ThinOblique.ttf", O_RDONLY|O_CLOEXEC) = 5
14:15:47.980439 openat(AT_FDCWD, "/home/dikluwe/.local/share/fonts/VictorMono/VictorMonoNerdFontMono-SemiBoldItalic.ttf", O_RDONLY|O_CLOEXEC) = 5
14:15:47.980599 openat(AT_FDCWD, "/home/dikluwe/.local/share/fonts/VictorMono/VictorMonoNerdFontPropo-SemiBoldItalic.ttf", O_RDONLY|O_CLOEXEC) = 5
14:15:47.980752 openat(AT_FDCWD, "/home/dikluwe/.local/share/fonts/VictorMono/VictorMonoNerdFont-SemiBoldItalic.ttf", O_RDONLY|O_CLOEXEC) = 5
14:15:47.980907 openat(AT_FDCWD, "/home/dikluwe/.local/share/fonts/VictorMono/VictorMonoNerdFontMono-Oblique.ttf", O_RDONLY|O_CLOEXEC) = 5
14:15:47.981063 openat(AT_FDCWD, "/home/dikluwe/.local/share/fonts/VictorMono/VictorMonoNerdFontPropo-Oblique.ttf", O_RDONLY|O_CLOEXEC) = 5
14:15:47.981216 openat(AT_FDCWD, "/home/dikluwe/.local/share/fonts/VictorMono/VictorMonoNerdFont-Oblique.ttf", O_RDONLY|O_CLOEXEC) = 5
14:15:47.981366 openat(AT_FDCWD, "/home/dikluwe/.local/share/fonts/VictorMono/VictorMonoNerdFontMono-Thin.ttf", O_RDONLY|O_CLOEXEC) = 5
14:15:47.981518 openat(AT_FDCWD, "/home/dikluwe/.local/share/fonts/VictorMono/VictorMonoNerdFont-Thin.ttf", O_RDONLY|O_CLOEXEC) = 5
14:15:47.981668 openat(AT_FDCWD, "/home/dikluwe/.local/share/fonts/VictorMono/VictorMonoNerdFontPropo-Thin.ttf", O_RDONLY|O_CLOEXEC) = 5
14:15:47.981820 openat(AT_FDCWD, "/home/dikluwe/.local/share/fonts/VictorMono/VictorMonoNerdFontPropo-ExtraLight.ttf", O_RDONLY|O_CLOEXEC) = 5
14:15:47.981982 openat(AT_FDCWD, "/home/dikluwe/.local/share/fonts/VictorMono/VictorMonoNerdFontMono-ExtraLight.ttf", O_RDONLY|O_CLOEXEC) = 5
14:15:47.982138 openat(AT_FDCWD, "/home/dikluwe/.local/share/fonts/VictorMono/VictorMonoNerdFont-ExtraLight.ttf", O_RDONLY|O_CLOEXEC) = 5
14:15:47.982291 openat(AT_FDCWD, "/home/dikluwe/.local/share/fonts/VictorMono/VictorMonoNerdFontMono-LightOblique.ttf", O_RDONLY|O_CLOEXEC) = 5
14:15:47.982443 openat(AT_FDCWD, "/home/dikluwe/.local/share/fonts/VictorMono/VictorMonoNerdFontPropo-LightOblique.ttf", O_RDONLY|O_CLOEXEC) = 5
14:15:47.982596 openat(AT_FDCWD, "/home/dikluwe/.local/share/fonts/VictorMono/VictorMonoNerdFont-LightOblique.ttf", O_RDONLY|O_CLOEXEC) = 5
14:15:47.982748 openat(AT_FDCWD, "/home/dikluwe/.local/share/fonts/VictorMono/VictorMonoNerdFont-Medium.ttf", O_RDONLY|O_CLOEXEC) = 5
14:15:47.982906 openat(AT_FDCWD, "/home/dikluwe/.local/share/fonts/VictorMono/VictorMonoNerdFontMono-Medium.ttf", O_RDONLY|O_CLOEXEC) = 5
14:15:47.983067 openat(AT_FDCWD, "/home/dikluwe/.local/share/fonts/VictorMono/VictorMonoNerdFontPropo-Medium.ttf", O_RDONLY|O_CLOEXEC) = 5
14:15:47.983220 openat(AT_FDCWD, "/home/dikluwe/.local/share/fonts/VictorMono/VictorMonoNerdFontMono-Bold.ttf", O_RDONLY|O_CLOEXEC) = 5
14:15:47.983372 openat(AT_FDCWD, "/home/dikluwe/.local/share/fonts/VictorMono/VictorMonoNerdFontPropo-Bold.ttf", O_RDONLY|O_CLOEXEC) = 5
14:15:47.983525 openat(AT_FDCWD, "/home/dikluwe/.local/share/fonts/VictorMono/VictorMonoNerdFont-Bold.ttf", O_RDONLY|O_CLOEXEC) = 5
14:15:47.983677 openat(AT_FDCWD, "/home/dikluwe/.local/share/fonts/VictorMono/VictorMonoNerdFontPropo-Light.ttf", O_RDONLY|O_CLOEXEC) = 5
14:15:47.983827 openat(AT_FDCWD, "/home/dikluwe/.local/share/fonts/VictorMono/VictorMonoNerdFont-Light.ttf", O_RDONLY|O_CLOEXEC) = 5
14:15:47.983988 openat(AT_FDCWD, "/home/dikluwe/.local/share/fonts/VictorMono/VictorMonoNerdFontMono-Light.ttf", O_RDONLY|O_CLOEXEC) = 5
14:15:47.984143 openat(AT_FDCWD, "/home/dikluwe/.local/share/fonts/VictorMono/VictorMonoNerdFontMono-SemiBold.ttf", O_RDONLY|O_CLOEXEC) = 5
14:15:47.984295 openat(AT_FDCWD, "/home/dikluwe/.local/share/fonts/VictorMono/VictorMonoNerdFontPropo-SemiBold.ttf", O_RDONLY|O_CLOEXEC) = 5
14:15:47.984455 openat(AT_FDCWD, "/home/dikluwe/.local/share/fonts/VictorMono/VictorMonoNerdFont-SemiBold.ttf", O_RDONLY|O_CLOEXEC) = 5
14:15:47.984652 openat(AT_FDCWD, "/home/dikluwe/.local/share/fonts/ZedMono", O_RDONLY|O_NONBLOCK|O_CLOEXEC|O_DIRECTORY) = 4
14:15:47.984897 openat(AT_FDCWD, "/home/dikluwe/.local/share/fonts/ZedMono/ZedMonoNerdFontMono-ExtendedBold.ttf", O_RDONLY|O_CLOEXEC) = 5
14:15:47.985063 openat(AT_FDCWD, "/home/dikluwe/.local/share/fonts/ZedMono/ZedMonoNerdFontPropo-ExtendedMedium.ttf", O_RDONLY|O_CLOEXEC) = 5
14:15:47.985238 openat(AT_FDCWD, "/home/dikluwe/.local/share/fonts/ZedMono/ZedMonoNerdFontMono-ExtendedLight.ttf", O_RDONLY|O_CLOEXEC) = 5
14:15:47.985394 openat(AT_FDCWD, "/home/dikluwe/.local/share/fonts/ZedMono/ZedMonoNerdFontMono-ExtendedMediumOblique.ttf", O_RDONLY|O_CLOEXEC) = 5
14:15:47.985551 openat(AT_FDCWD, "/home/dikluwe/.local/share/fonts/ZedMono/ZedMonoNerdFontPropo-ExtendedItalic.ttf", O_RDONLY|O_CLOEXEC) = 5
14:15:47.985707 openat(AT_FDCWD, "/home/dikluwe/.local/share/fonts/ZedMono/ZedMonoNerdFontPropo-ExtendedBold.ttf", O_RDONLY|O_CLOEXEC) = 5
14:15:47.985862 openat(AT_FDCWD, "/home/dikluwe/.local/share/fonts/ZedMono/ZedMonoNerdFontPropo-Extended.ttf", O_RDONLY|O_CLOEXEC) = 5
14:15:47.986028 openat(AT_FDCWD, "/home/dikluwe/.local/share/fonts/ZedMono/ZedMonoNerdFontMono-ExtendedExtraBoldOblique.ttf", O_RDONLY|O_CLOEXEC) = 5
14:15:47.986185 openat(AT_FDCWD, "/home/dikluwe/.local/share/fonts/ZedMono/ZedMonoNerdFontPropo-ExtendedExtraBoldOblique.ttf", O_RDONLY|O_CLOEXEC) = 5
14:15:47.986341 openat(AT_FDCWD, "/home/dikluwe/.local/share/fonts/ZedMono/ZedMonoNerdFont-ExtendedExtraBold.ttf", O_RDONLY|O_CLOEXEC) = 5
14:15:47.986505 openat(AT_FDCWD, "/home/dikluwe/.local/share/fonts/ZedMono/ZedMonoNerdFontPropo-ExtendedExtraBoldItalic.ttf", O_RDONLY|O_CLOEXEC) = 5
14:15:47.986661 openat(AT_FDCWD, "/home/dikluwe/.local/share/fonts/ZedMono/ZedMonoNerdFontMono-ExtendedExtraBold.ttf", O_RDONLY|O_CLOEXEC) = 5
14:15:47.986817 openat(AT_FDCWD, "/home/dikluwe/.local/share/fonts/ZedMono/ZedMonoNerdFont-ExtendedMediumItalic.ttf", O_RDONLY|O_CLOEXEC) = 5
14:15:47.986984 openat(AT_FDCWD, "/home/dikluwe/.local/share/fonts/ZedMono/ZedMonoNerdFontMono-ExtendedBoldOblique.ttf", O_RDONLY|O_CLOEXEC) = 5
14:15:47.987143 openat(AT_FDCWD, "/home/dikluwe/.local/share/fonts/ZedMono/ZedMonoNerdFontMono-ExtendedMedium.ttf", O_RDONLY|O_CLOEXEC) = 5
14:15:47.987297 openat(AT_FDCWD, "/home/dikluwe/.local/share/fonts/ZedMono/ZedMonoNerdFontPropo-ExtendedMediumOblique.ttf", O_RDONLY|O_CLOEXEC) = 5
14:15:47.987452 openat(AT_FDCWD, "/home/dikluwe/.local/share/fonts/ZedMono/ZedMonoNerdFont-Extended.ttf", O_RDONLY|O_CLOEXEC) = 5
14:15:47.987606 openat(AT_FDCWD, "/home/dikluwe/.local/share/fonts/ZedMono/ZedMonoNerdFontPropo-ExtendedBoldItalic.ttf", O_RDONLY|O_CLOEXEC) = 5
14:15:47.987761 openat(AT_FDCWD, "/home/dikluwe/.local/share/fonts/ZedMono/ZedMonoNerdFont-ExtendedOblique.ttf", O_RDONLY|O_CLOEXEC) = 5
14:15:47.987924 openat(AT_FDCWD, "/home/dikluwe/.local/share/fonts/ZedMono/ZedMonoNerdFont-ExtendedMedium.ttf", O_RDONLY|O_CLOEXEC) = 5
14:15:47.988081 openat(AT_FDCWD, "/home/dikluwe/.local/share/fonts/ZedMono/ZedMonoNerdFontPropo-ExtendedBoldOblique.ttf", O_RDONLY|O_CLOEXEC) = 5
14:15:47.988236 openat(AT_FDCWD, "/home/dikluwe/.local/share/fonts/ZedMono/ZedMonoNerdFontMono-ExtendedOblique.ttf", O_RDONLY|O_CLOEXEC) = 5
14:15:47.988390 openat(AT_FDCWD, "/home/dikluwe/.local/share/fonts/ZedMono/ZedMonoNerdFontPropo-ExtendedLightItalic.ttf", O_RDONLY|O_CLOEXEC) = 5
14:15:47.988543 openat(AT_FDCWD, "/home/dikluwe/.local/share/fonts/ZedMono/ZedMonoNerdFontPropo-ExtendedMediumItalic.ttf", O_RDONLY|O_CLOEXEC) = 5
14:15:47.988698 openat(AT_FDCWD, "/home/dikluwe/.local/share/fonts/ZedMono/ZedMonoNerdFontMono-ExtendedBoldItalic.ttf", O_RDONLY|O_CLOEXEC) = 5
14:15:47.988852 openat(AT_FDCWD, "/home/dikluwe/.local/share/fonts/ZedMono/ZedMonoNerdFont-ExtendedBold.ttf", O_RDONLY|O_CLOEXEC) = 5
14:15:47.989046 openat(AT_FDCWD, "/home/dikluwe/.local/share/fonts/ZedMono/ZedMonoNerdFontMono-ExtendedMediumItalic.ttf", O_RDONLY|O_CLOEXEC) = 5
14:15:47.989203 openat(AT_FDCWD, "/home/dikluwe/.local/share/fonts/ZedMono/ZedMonoNerdFontPropo-ExtendedExtraBold.ttf", O_RDONLY|O_CLOEXEC) = 5
14:15:47.989356 openat(AT_FDCWD, "/home/dikluwe/.local/share/fonts/ZedMono/ZedMonoNerdFontMono-Extended.ttf", O_RDONLY|O_CLOEXEC) = 5
14:15:47.989508 openat(AT_FDCWD, "/home/dikluwe/.local/share/fonts/ZedMono/ZedMonoNerdFont-ExtendedExtraBoldOblique.ttf", O_RDONLY|O_CLOEXEC) = 5
14:15:47.989663 openat(AT_FDCWD, "/home/dikluwe/.local/share/fonts/ZedMono/ZedMonoNerdFont-ExtendedMediumOblique.ttf", O_RDONLY|O_CLOEXEC) = 5
14:15:47.989840 openat(AT_FDCWD, "/home/dikluwe/.local/share/fonts/ZedMono/ZedMonoNerdFont-ExtendedItalic.ttf", O_RDONLY|O_CLOEXEC) = 5
14:15:47.990047 openat(AT_FDCWD, "/home/dikluwe/.local/share/fonts/ZedMono/ZedMonoNerdFontMono-ExtendedLightOblique.ttf", O_RDONLY|O_CLOEXEC) = 5
14:15:47.990208 openat(AT_FDCWD, "/home/dikluwe/.local/share/fonts/ZedMono/ZedMonoNerdFontMono-ExtendedItalic.ttf", O_RDONLY|O_CLOEXEC) = 5
14:15:47.990362 openat(AT_FDCWD, "/home/dikluwe/.local/share/fonts/ZedMono/ZedMonoNerdFontPropo-ExtendedLight.ttf", O_RDONLY|O_CLOEXEC) = 5
14:15:47.990514 openat(AT_FDCWD, "/home/dikluwe/.local/share/fonts/ZedMono/ZedMonoNerdFont-ExtendedBoldItalic.ttf", O_RDONLY|O_CLOEXEC) = 5
14:15:47.990666 openat(AT_FDCWD, "/home/dikluwe/.local/share/fonts/ZedMono/ZedMonoNerdFont-ExtendedExtraBoldItalic.ttf", O_RDONLY|O_CLOEXEC) = 5
14:15:47.990821 openat(AT_FDCWD, "/home/dikluwe/.local/share/fonts/ZedMono/ZedMonoNerdFont-ExtendedLightItalic.ttf", O_RDONLY|O_CLOEXEC) = 5
14:15:47.990986 openat(AT_FDCWD, "/home/dikluwe/.local/share/fonts/ZedMono/ZedMonoNerdFontMono-ExtendedExtraBoldItalic.ttf", O_RDONLY|O_CLOEXEC) = 5
14:15:47.991142 openat(AT_FDCWD, "/home/dikluwe/.local/share/fonts/ZedMono/ZedMonoNerdFontMono-ExtendedLightItalic.ttf", O_RDONLY|O_CLOEXEC) = 5
14:15:47.991295 openat(AT_FDCWD, "/home/dikluwe/.local/share/fonts/ZedMono/ZedMonoNerdFont-ExtendedLightOblique.ttf", O_RDONLY|O_CLOEXEC) = 5
14:15:47.991456 openat(AT_FDCWD, "/home/dikluwe/.local/share/fonts/ZedMono/ZedMonoNerdFontPropo-ExtendedLightOblique.ttf", O_RDONLY|O_CLOEXEC) = 5
14:15:47.991612 openat(AT_FDCWD, "/home/dikluwe/.local/share/fonts/ZedMono/ZedMonoNerdFont-ExtendedLight.ttf", O_RDONLY|O_CLOEXEC) = 5
14:15:47.991765 openat(AT_FDCWD, "/home/dikluwe/.local/share/fonts/ZedMono/ZedMonoNerdFont-ExtendedBoldOblique.ttf", O_RDONLY|O_CLOEXEC) = 5
14:15:47.991946 openat(AT_FDCWD, "/home/dikluwe/.local/share/fonts/ZedMono/ZedMonoNerdFontPropo-ExtendedOblique.ttf", O_RDONLY|O_CLOEXEC) = 5
14:15:47.992105 openat(AT_FDCWD, "/home/dikluwe/.local/share/fonts/ZedMono/ZedMonoNerdFontMono-Italic.ttf", O_RDONLY|O_CLOEXEC) = 5
14:15:47.992260 openat(AT_FDCWD, "/home/dikluwe/.local/share/fonts/ZedMono/ZedMonoNerdFontPropo-Oblique.ttf", O_RDONLY|O_CLOEXEC) = 5
14:15:47.992415 openat(AT_FDCWD, "/home/dikluwe/.local/share/fonts/ZedMono/ZedMonoNerdFont-BoldOblique.ttf", O_RDONLY|O_CLOEXEC) = 5
14:15:47.992570 openat(AT_FDCWD, "/home/dikluwe/.local/share/fonts/ZedMono/ZedMonoNerdFontPropo-Regular.ttf", O_RDONLY|O_CLOEXEC) = 5
14:15:47.992724 openat(AT_FDCWD, "/home/dikluwe/.local/share/fonts/ZedMono/ZedMonoNerdFontMono-Bold.ttf", O_RDONLY|O_CLOEXEC) = 5
14:15:47.992877 openat(AT_FDCWD, "/home/dikluwe/.local/share/fonts/ZedMono/ZedMonoNerdFont-BoldItalic.ttf", O_RDONLY|O_CLOEXEC) = 5
14:15:47.993044 openat(AT_FDCWD, "/home/dikluwe/.local/share/fonts/ZedMono/ZedMonoNerdFont-Regular.ttf", O_RDONLY|O_CLOEXEC) = 5
14:15:47.993201 openat(AT_FDCWD, "/home/dikluwe/.local/share/fonts/ZedMono/ZedMonoNerdFontMono-Light.ttf", O_RDONLY|O_CLOEXEC) = 5
14:15:47.993356 openat(AT_FDCWD, "/home/dikluwe/.local/share/fonts/ZedMono/ZedMonoNerdFont-LightOblique.ttf", O_RDONLY|O_CLOEXEC) = 5
14:15:47.993510 openat(AT_FDCWD, "/home/dikluwe/.local/share/fonts/ZedMono/ZedMonoNerdFont-ExtraBold.ttf", O_RDONLY|O_CLOEXEC) = 5
14:15:47.993663 openat(AT_FDCWD, "/home/dikluwe/.local/share/fonts/ZedMono/ZedMonoNerdFontMono-BoldItalic.ttf", O_RDONLY|O_CLOEXEC) = 5
14:15:47.993824 openat(AT_FDCWD, "/home/dikluwe/.local/share/fonts/ZedMono/ZedMonoNerdFontPropo-LightItalic.ttf", O_RDONLY|O_CLOEXEC) = 5
14:15:47.993986 openat(AT_FDCWD, "/home/dikluwe/.local/share/fonts/ZedMono/ZedMonoNerdFont-Medium.ttf", O_RDONLY|O_CLOEXEC) = 5
14:15:47.994143 openat(AT_FDCWD, "/home/dikluwe/.local/share/fonts/ZedMono/ZedMonoNerdFontPropo-ExtraBold.ttf", O_RDONLY|O_CLOEXEC) = 5
14:15:47.994296 openat(AT_FDCWD, "/home/dikluwe/.local/share/fonts/ZedMono/ZedMonoNerdFont-Oblique.ttf", O_RDONLY|O_CLOEXEC) = 5
14:15:47.994449 openat(AT_FDCWD, "/home/dikluwe/.local/share/fonts/ZedMono/ZedMonoNerdFontPropo-ExtraBoldItalic.ttf", O_RDONLY|O_CLOEXEC) = 5
14:15:47.994620 openat(AT_FDCWD, "/home/dikluwe/.local/share/fonts/ZedMono/ZedMonoNerdFontMono-ExtraBoldItalic.ttf", O_RDONLY|O_CLOEXEC) = 5
14:15:47.994773 openat(AT_FDCWD, "/home/dikluwe/.local/share/fonts/ZedMono/ZedMonoNerdFont-Italic.ttf", O_RDONLY|O_CLOEXEC) = 5
14:15:47.994935 openat(AT_FDCWD, "/home/dikluwe/.local/share/fonts/ZedMono/ZedMonoNerdFontPropo-Italic.ttf", O_RDONLY|O_CLOEXEC) = 5
14:15:47.995093 openat(AT_FDCWD, "/home/dikluwe/.local/share/fonts/ZedMono/ZedMonoNerdFontMono-LightOblique.ttf", O_RDONLY|O_CLOEXEC) = 5
14:15:47.995249 openat(AT_FDCWD, "/home/dikluwe/.local/share/fonts/ZedMono/ZedMonoNerdFont-ExtraBoldItalic.ttf", O_RDONLY|O_CLOEXEC) = 5
14:15:47.995405 openat(AT_FDCWD, "/home/dikluwe/.local/share/fonts/ZedMono/ZedMonoNerdFontMono-MediumItalic.ttf", O_RDONLY|O_CLOEXEC) = 5
14:15:47.995558 openat(AT_FDCWD, "/home/dikluwe/.local/share/fonts/ZedMono/ZedMonoNerdFontPropo-Light.ttf", O_RDONLY|O_CLOEXEC) = 5
14:15:47.995712 openat(AT_FDCWD, "/home/dikluwe/.local/share/fonts/ZedMono/ZedMonoNerdFont-LightItalic.ttf", O_RDONLY|O_CLOEXEC) = 5
14:15:47.995867 openat(AT_FDCWD, "/home/dikluwe/.local/share/fonts/ZedMono/ZedMonoNerdFontPropo-BoldOblique.ttf", O_RDONLY|O_CLOEXEC) = 5
14:15:47.996033 openat(AT_FDCWD, "/home/dikluwe/.local/share/fonts/ZedMono/ZedMonoNerdFont-MediumOblique.ttf", O_RDONLY|O_CLOEXEC) = 5
14:15:47.996189 openat(AT_FDCWD, "/home/dikluwe/.local/share/fonts/ZedMono/ZedMonoNerdFontPropo-Bold.ttf", O_RDONLY|O_CLOEXEC) = 5
14:15:47.996344 openat(AT_FDCWD, "/home/dikluwe/.local/share/fonts/ZedMono/ZedMonoNerdFontMono-Regular.ttf", O_RDONLY|O_CLOEXEC) = 5
14:15:47.996499 openat(AT_FDCWD, "/home/dikluwe/.local/share/fonts/ZedMono/ZedMonoNerdFont-ExtraBoldOblique.ttf", O_RDONLY|O_CLOEXEC) = 5
14:15:47.996655 openat(AT_FDCWD, "/home/dikluwe/.local/share/fonts/ZedMono/ZedMonoNerdFontMono-ExtraBoldOblique.ttf", O_RDONLY|O_CLOEXEC) = 5
14:15:47.996812 openat(AT_FDCWD, "/home/dikluwe/.local/share/fonts/ZedMono/ZedMonoNerdFont-Bold.ttf", O_RDONLY|O_CLOEXEC) = 5
14:15:47.996974 openat(AT_FDCWD, "/home/dikluwe/.local/share/fonts/ZedMono/ZedMonoNerdFontPropo-BoldItalic.ttf", O_RDONLY|O_CLOEXEC) = 5
14:15:47.997138 openat(AT_FDCWD, "/home/dikluwe/.local/share/fonts/ZedMono/ZedMonoNerdFontPropo-Medium.ttf", O_RDONLY|O_CLOEXEC) = 5
14:15:47.997293 openat(AT_FDCWD, "/home/dikluwe/.local/share/fonts/ZedMono/ZedMonoNerdFont-Light.ttf", O_RDONLY|O_CLOEXEC) = 5
14:15:47.997447 openat(AT_FDCWD, "/home/dikluwe/.local/share/fonts/ZedMono/ZedMonoNerdFontPropo-ExtraBoldOblique.ttf", O_RDONLY|O_CLOEXEC) = 5
14:15:47.997600 openat(AT_FDCWD, "/home/dikluwe/.local/share/fonts/ZedMono/ZedMonoNerdFontPropo-MediumItalic.ttf", O_RDONLY|O_CLOEXEC) = 5
14:15:47.997754 openat(AT_FDCWD, "/home/dikluwe/.local/share/fonts/ZedMono/ZedMonoNerdFontMono-ExtraBold.ttf", O_RDONLY|O_CLOEXEC) = 5
14:15:47.997932 openat(AT_FDCWD, "/home/dikluwe/.local/share/fonts/ZedMono/ZedMonoNerdFont-MediumItalic.ttf", O_RDONLY|O_CLOEXEC) = 5
14:15:47.998091 openat(AT_FDCWD, "/home/dikluwe/.local/share/fonts/ZedMono/ZedMonoNerdFontMono-MediumOblique.ttf", O_RDONLY|O_CLOEXEC) = 5
14:15:47.998246 openat(AT_FDCWD, "/home/dikluwe/.local/share/fonts/ZedMono/ZedMonoNerdFontPropo-MediumOblique.ttf", O_RDONLY|O_CLOEXEC) = 5
14:15:47.998399 openat(AT_FDCWD, "/home/dikluwe/.local/share/fonts/ZedMono/ZedMonoNerdFontPropo-LightOblique.ttf", O_RDONLY|O_CLOEXEC) = 5
14:15:47.998551 openat(AT_FDCWD, "/home/dikluwe/.local/share/fonts/ZedMono/ZedMonoNerdFontMono-Oblique.ttf", O_RDONLY|O_CLOEXEC) = 5
14:15:47.998705 openat(AT_FDCWD, "/home/dikluwe/.local/share/fonts/ZedMono/ZedMonoNerdFontMono-Medium.ttf", O_RDONLY|O_CLOEXEC) = 5
14:15:47.998859 openat(AT_FDCWD, "/home/dikluwe/.local/share/fonts/ZedMono/ZedMonoNerdFontMono-BoldOblique.ttf", O_RDONLY|O_CLOEXEC) = 5
14:15:47.999027 openat(AT_FDCWD, "/home/dikluwe/.local/share/fonts/ZedMono/ZedMonoNerdFontMono-LightItalic.ttf", O_RDONLY|O_CLOEXEC) = 5
14:15:47.999254 openat(AT_FDCWD, "/home/dikluwe/.local/share/fonts/Tinos", O_RDONLY|O_NONBLOCK|O_CLOEXEC|O_DIRECTORY) = 4
14:15:47.999388 openat(AT_FDCWD, "/home/dikluwe/.local/share/fonts/Tinos/TinosNerdFont-Italic.ttf", O_RDONLY|O_CLOEXEC) = 5
14:15:47.999544 openat(AT_FDCWD, "/home/dikluwe/.local/share/fonts/Tinos/TinosNerdFontPropo-Italic.ttf", O_RDONLY|O_CLOEXEC) = 5
14:15:47.999698 openat(AT_FDCWD, "/home/dikluwe/.local/share/fonts/Tinos/TinosNerdFontPropo-BoldItalic.ttf", O_RDONLY|O_CLOEXEC) = 5
14:15:47.999852 openat(AT_FDCWD, "/home/dikluwe/.local/share/fonts/Tinos/TinosNerdFont-BoldItalic.ttf", O_RDONLY|O_CLOEXEC) = 5
14:15:48.000015 openat(AT_FDCWD, "/home/dikluwe/.local/share/fonts/Tinos/TinosNerdFontPropo-Regular.ttf", O_RDONLY|O_CLOEXEC) = 5
14:15:48.000172 openat(AT_FDCWD, "/home/dikluwe/.local/share/fonts/Tinos/TinosNerdFont-Regular.ttf", O_RDONLY|O_CLOEXEC) = 5
14:15:48.000327 openat(AT_FDCWD, "/home/dikluwe/.local/share/fonts/Tinos/TinosNerdFont-Bold.ttf", O_RDONLY|O_CLOEXEC) = 5
14:15:48.000480 openat(AT_FDCWD, "/home/dikluwe/.local/share/fonts/Tinos/TinosNerdFontPropo-Bold.ttf", O_RDONLY|O_CLOEXEC) = 5
14:15:48.000675 openat(AT_FDCWD, "/home/dikluwe/.local/share/fonts/Ubuntu", O_RDONLY|O_NONBLOCK|O_CLOEXEC|O_DIRECTORY) = 4
14:15:48.000804 openat(AT_FDCWD, "/home/dikluwe/.local/share/fonts/Ubuntu/UbuntuNerdFont-LightItalic.ttf", O_RDONLY|O_CLOEXEC) = 5
14:15:48.000969 openat(AT_FDCWD, "/home/dikluwe/.local/share/fonts/Ubuntu/UbuntuNerdFontPropo-LightItalic.ttf", O_RDONLY|O_CLOEXEC) = 5
14:15:48.001125 openat(AT_FDCWD, "/home/dikluwe/.local/share/fonts/Ubuntu/UbuntuNerdFontPropo-MediumItalic.ttf", O_RDONLY|O_CLOEXEC) = 5
14:15:48.001278 openat(AT_FDCWD, "/home/dikluwe/.local/share/fonts/Ubuntu/UbuntuNerdFont-MediumItalic.ttf", O_RDONLY|O_CLOEXEC) = 5
14:15:48.001427 openat(AT_FDCWD, "/home/dikluwe/.local/share/fonts/Ubuntu/UbuntuNerdFontPropo-BoldItalic.ttf", O_RDONLY|O_CLOEXEC) = 5
14:15:48.001579 openat(AT_FDCWD, "/home/dikluwe/.local/share/fonts/Ubuntu/UbuntuNerdFont-BoldItalic.ttf", O_RDONLY|O_CLOEXEC) = 5
14:15:48.001731 openat(AT_FDCWD, "/home/dikluwe/.local/share/fonts/Ubuntu/UbuntuNerdFontPropo-Italic.ttf", O_RDONLY|O_CLOEXEC) = 5
14:15:48.001883 openat(AT_FDCWD, "/home/dikluwe/.local/share/fonts/Ubuntu/UbuntuNerdFont-Italic.ttf", O_RDONLY|O_CLOEXEC) = 5
14:15:48.002049 openat(AT_FDCWD, "/home/dikluwe/.local/share/fonts/Ubuntu/UbuntuNerdFont-Regular.ttf", O_RDONLY|O_CLOEXEC) = 5
14:15:48.002203 openat(AT_FDCWD, "/home/dikluwe/.local/share/fonts/Ubuntu/UbuntuNerdFontPropo-Regular.ttf", O_RDONLY|O_CLOEXEC) = 5
14:15:48.002356 openat(AT_FDCWD, "/home/dikluwe/.local/share/fonts/Ubuntu/UbuntuNerdFontPropo-Condensed.ttf", O_RDONLY|O_CLOEXEC) = 5
14:15:48.002509 openat(AT_FDCWD, "/home/dikluwe/.local/share/fonts/Ubuntu/UbuntuNerdFont-Condensed.ttf", O_RDONLY|O_CLOEXEC) = 5
14:15:48.002660 openat(AT_FDCWD, "/home/dikluwe/.local/share/fonts/Ubuntu/UbuntuNerdFont-Medium.ttf", O_RDONLY|O_CLOEXEC) = 5
14:15:48.002808 openat(AT_FDCWD, "/home/dikluwe/.local/share/fonts/Ubuntu/UbuntuNerdFontPropo-Medium.ttf", O_RDONLY|O_CLOEXEC) = 5
14:15:48.002968 openat(AT_FDCWD, "/home/dikluwe/.local/share/fonts/Ubuntu/UbuntuNerdFontPropo-Bold.ttf", O_RDONLY|O_CLOEXEC) = 5
14:15:48.003123 openat(AT_FDCWD, "/home/dikluwe/.local/share/fonts/Ubuntu/UbuntuNerdFont-Bold.ttf", O_RDONLY|O_CLOEXEC) = 5
14:15:48.003275 openat(AT_FDCWD, "/home/dikluwe/.local/share/fonts/Ubuntu/UbuntuNerdFont-Light.ttf", O_RDONLY|O_CLOEXEC) = 5
14:15:48.003427 openat(AT_FDCWD, "/home/dikluwe/.local/share/fonts/Ubuntu/UbuntuNerdFontPropo-Light.ttf", O_RDONLY|O_CLOEXEC) = 5
14:15:48.003621 openat(AT_FDCWD, "/home/dikluwe/.local/share/fonts/DejaVuSansMono", O_RDONLY|O_NONBLOCK|O_CLOEXEC|O_DIRECTORY) = 4
14:15:48.003742 openat(AT_FDCWD, "/home/dikluwe/.local/share/fonts/DejaVuSansMono/DejaVuSansMNerdFontPropo-Oblique.ttf", O_RDONLY|O_CLOEXEC) = 5
14:15:48.003907 openat(AT_FDCWD, "/home/dikluwe/.local/share/fonts/DejaVuSansMono/DejaVuSansMNerdFont-Oblique.ttf", O_RDONLY|O_CLOEXEC) = 5
14:15:48.004073 openat(AT_FDCWD, "/home/dikluwe/.local/share/fonts/DejaVuSansMono/DejaVuSansMNerdFontMono-Oblique.ttf", O_RDONLY|O_CLOEXEC) = 5
14:15:48.004247 openat(AT_FDCWD, "/home/dikluwe/.local/share/fonts/DejaVuSansMono/DejaVuSansMNerdFontPropo-BoldOblique.ttf", O_RDONLY|O_CLOEXEC) = 5
14:15:48.004412 openat(AT_FDCWD, "/home/dikluwe/.local/share/fonts/DejaVuSansMono/DejaVuSansMNerdFontMono-BoldOblique.ttf", O_RDONLY|O_CLOEXEC) = 5
14:15:48.004571 openat(AT_FDCWD, "/home/dikluwe/.local/share/fonts/DejaVuSansMono/DejaVuSansMNerdFont-BoldOblique.ttf", O_RDONLY|O_CLOEXEC) = 5
14:15:48.004729 openat(AT_FDCWD, "/home/dikluwe/.local/share/fonts/DejaVuSansMono/DejaVuSansMNerdFontPropo-Regular.ttf", O_RDONLY|O_CLOEXEC) = 5
14:15:48.004881 openat(AT_FDCWD, "/home/dikluwe/.local/share/fonts/DejaVuSansMono/DejaVuSansMNerdFont-Regular.ttf", O_RDONLY|O_CLOEXEC) = 5
14:15:48.005049 openat(AT_FDCWD, "/home/dikluwe/.local/share/fonts/DejaVuSansMono/DejaVuSansMNerdFontMono-Regular.ttf", O_RDONLY|O_CLOEXEC) = 5
14:15:48.005202 openat(AT_FDCWD, "/home/dikluwe/.local/share/fonts/DejaVuSansMono/DejaVuSansMNerdFont-Bold.ttf", O_RDONLY|O_CLOEXEC) = 5
14:15:48.005354 openat(AT_FDCWD, "/home/dikluwe/.local/share/fonts/DejaVuSansMono/DejaVuSansMNerdFontPropo-Bold.ttf", O_RDONLY|O_CLOEXEC) = 5
14:15:48.005506 openat(AT_FDCWD, "/home/dikluwe/.local/share/fonts/DejaVuSansMono/DejaVuSansMNerdFontMono-Bold.ttf", O_RDONLY|O_CLOEXEC) = 5
14:15:48.005742 openat(AT_FDCWD, "/home/dikluwe/.fonts", O_RDONLY|O_NONBLOCK|O_CLOEXEC|O_DIRECTORY) = -1 ENOENT (Arquivo ou diretório inexistente)
14:15:48.005892 openat(AT_FDCWD, "/usr/share/texmf/fonts/opentype/public/lm", O_RDONLY|O_NONBLOCK|O_CLOEXEC|O_DIRECTORY) = 3
14:15:48.006046 openat(AT_FDCWD, "/usr/share/texmf/fonts/opentype/public/lm/lmmono10-italic.otf", O_RDONLY|O_CLOEXEC) = 4
14:15:48.006196 openat(AT_FDCWD, "/usr/share/texmf/fonts/opentype/public/lm/lmmono10-regular.otf", O_RDONLY|O_CLOEXEC) = 4
14:15:48.006339 openat(AT_FDCWD, "/usr/share/texmf/fonts/opentype/public/lm/lmmono12-regular.otf", O_RDONLY|O_CLOEXEC) = 4
14:15:48.006482 openat(AT_FDCWD, "/usr/share/texmf/fonts/opentype/public/lm/lmmono8-regular.otf", O_RDONLY|O_CLOEXEC) = 4
14:15:48.006625 openat(AT_FDCWD, "/usr/share/texmf/fonts/opentype/public/lm/lmmono9-regular.otf", O_RDONLY|O_CLOEXEC) = 4
14:15:48.006767 openat(AT_FDCWD, "/usr/share/texmf/fonts/opentype/public/lm/lmmonocaps10-oblique.otf", O_RDONLY|O_CLOEXEC) = 4
14:15:48.006917 openat(AT_FDCWD, "/usr/share/texmf/fonts/opentype/public/lm/lmmonocaps10-regular.otf", O_RDONLY|O_CLOEXEC) = 4
14:15:48.007067 openat(AT_FDCWD, "/usr/share/texmf/fonts/opentype/public/lm/lmmonolt10-bold.otf", O_RDONLY|O_CLOEXEC) = 4
14:15:48.007211 openat(AT_FDCWD, "/usr/share/texmf/fonts/opentype/public/lm/lmmonolt10-boldoblique.otf", O_RDONLY|O_CLOEXEC) = 4
14:15:48.007353 openat(AT_FDCWD, "/usr/share/texmf/fonts/opentype/public/lm/lmmonolt10-oblique.otf", O_RDONLY|O_CLOEXEC) = 4
14:15:48.007496 openat(AT_FDCWD, "/usr/share/texmf/fonts/opentype/public/lm/lmmonolt10-regular.otf", O_RDONLY|O_CLOEXEC) = 4
14:15:48.007638 openat(AT_FDCWD, "/usr/share/texmf/fonts/opentype/public/lm/lmmonoltcond10-oblique.otf", O_RDONLY|O_CLOEXEC) = 4
14:15:48.007780 openat(AT_FDCWD, "/usr/share/texmf/fonts/opentype/public/lm/lmmonoltcond10-regular.otf", O_RDONLY|O_CLOEXEC) = 4
14:15:48.007956 openat(AT_FDCWD, "/usr/share/texmf/fonts/opentype/public/lm/lmmonoprop10-oblique.otf", O_RDONLY|O_CLOEXEC) = 4
14:15:48.008165 openat(AT_FDCWD, "/usr/share/texmf/fonts/opentype/public/lm/lmmonoprop10-regular.otf", O_RDONLY|O_CLOEXEC) = 4
14:15:48.008336 openat(AT_FDCWD, "/usr/share/texmf/fonts/opentype/public/lm/lmmonoproplt10-bold.otf", O_RDONLY|O_CLOEXEC) = 4
14:15:48.008558 openat(AT_FDCWD, "/usr/share/texmf/fonts/opentype/public/lm/lmmonoproplt10-boldoblique.otf", O_RDONLY|O_CLOEXEC) = 4
14:15:48.008755 openat(AT_FDCWD, "/usr/share/texmf/fonts/opentype/public/lm/lmmonoproplt10-oblique.otf", O_RDONLY|O_CLOEXEC) = 4
14:15:48.008957 openat(AT_FDCWD, "/usr/share/texmf/fonts/opentype/public/lm/lmmonoproplt10-regular.otf", O_RDONLY|O_CLOEXEC) = 4
14:15:48.009133 openat(AT_FDCWD, "/usr/share/texmf/fonts/opentype/public/lm/lmmonoslant10-regular.otf", O_RDONLY|O_CLOEXEC) = 4
14:15:48.009312 openat(AT_FDCWD, "/usr/share/texmf/fonts/opentype/public/lm/lmroman10-bold.otf", O_RDONLY|O_CLOEXEC) = 4
14:15:48.009480 openat(AT_FDCWD, "/usr/share/texmf/fonts/opentype/public/lm/lmroman10-bolditalic.otf", O_RDONLY|O_CLOEXEC) = 4
14:15:48.009643 openat(AT_FDCWD, "/usr/share/texmf/fonts/opentype/public/lm/lmroman10-italic.otf", O_RDONLY|O_CLOEXEC) = 4
14:15:48.009915 openat(AT_FDCWD, "/usr/share/texmf/fonts/opentype/public/lm/lmroman10-regular.otf", O_RDONLY|O_CLOEXEC) = 4
14:15:48.010086 openat(AT_FDCWD, "/usr/share/texmf/fonts/opentype/public/lm/lmroman12-bold.otf", O_RDONLY|O_CLOEXEC) = 4
14:15:48.010259 openat(AT_FDCWD, "/usr/share/texmf/fonts/opentype/public/lm/lmroman12-italic.otf", O_RDONLY|O_CLOEXEC) = 4
14:15:48.010433 openat(AT_FDCWD, "/usr/share/texmf/fonts/opentype/public/lm/lmroman12-regular.otf", O_RDONLY|O_CLOEXEC) = 4
14:15:48.010599 openat(AT_FDCWD, "/usr/share/texmf/fonts/opentype/public/lm/lmroman17-regular.otf", O_RDONLY|O_CLOEXEC) = 4
14:15:48.010750 openat(AT_FDCWD, "/usr/share/texmf/fonts/opentype/public/lm/lmroman5-bold.otf", O_RDONLY|O_CLOEXEC) = 4
14:15:48.010898 openat(AT_FDCWD, "/usr/share/texmf/fonts/opentype/public/lm/lmroman5-regular.otf", O_RDONLY|O_CLOEXEC) = 4
14:15:48.011052 openat(AT_FDCWD, "/usr/share/texmf/fonts/opentype/public/lm/lmroman6-bold.otf", O_RDONLY|O_CLOEXEC) = 4
14:15:48.011198 openat(AT_FDCWD, "/usr/share/texmf/fonts/opentype/public/lm/lmroman6-regular.otf", O_RDONLY|O_CLOEXEC) = 4
14:15:48.011345 openat(AT_FDCWD, "/usr/share/texmf/fonts/opentype/public/lm/lmroman7-bold.otf", O_RDONLY|O_CLOEXEC) = 4
14:15:48.011492 openat(AT_FDCWD, "/usr/share/texmf/fonts/opentype/public/lm/lmroman7-italic.otf", O_RDONLY|O_CLOEXEC) = 4
14:15:48.011641 openat(AT_FDCWD, "/usr/share/texmf/fonts/opentype/public/lm/lmroman7-regular.otf", O_RDONLY|O_CLOEXEC) = 4
14:15:48.011788 openat(AT_FDCWD, "/usr/share/texmf/fonts/opentype/public/lm/lmroman8-bold.otf", O_RDONLY|O_CLOEXEC) = 4
14:15:48.011940 openat(AT_FDCWD, "/usr/share/texmf/fonts/opentype/public/lm/lmroman8-italic.otf", O_RDONLY|O_CLOEXEC) = 4
14:15:48.012090 openat(AT_FDCWD, "/usr/share/texmf/fonts/opentype/public/lm/lmroman8-regular.otf", O_RDONLY|O_CLOEXEC) = 4
14:15:48.012237 openat(AT_FDCWD, "/usr/share/texmf/fonts/opentype/public/lm/lmroman9-bold.otf", O_RDONLY|O_CLOEXEC) = 4
14:15:48.012383 openat(AT_FDCWD, "/usr/share/texmf/fonts/opentype/public/lm/lmroman9-italic.otf", O_RDONLY|O_CLOEXEC) = 4
14:15:48.012544 openat(AT_FDCWD, "/usr/share/texmf/fonts/opentype/public/lm/lmroman9-regular.otf", O_RDONLY|O_CLOEXEC) = 4
14:15:48.012689 openat(AT_FDCWD, "/usr/share/texmf/fonts/opentype/public/lm/lmromancaps10-oblique.otf", O_RDONLY|O_CLOEXEC) = 4
14:15:48.012838 openat(AT_FDCWD, "/usr/share/texmf/fonts/opentype/public/lm/lmromancaps10-regular.otf", O_RDONLY|O_CLOEXEC) = 4
14:15:48.012993 openat(AT_FDCWD, "/usr/share/texmf/fonts/opentype/public/lm/lmromandemi10-oblique.otf", O_RDONLY|O_CLOEXEC) = 4
14:15:48.013143 openat(AT_FDCWD, "/usr/share/texmf/fonts/opentype/public/lm/lmromandemi10-regular.otf", O_RDONLY|O_CLOEXEC) = 4
14:15:48.013290 openat(AT_FDCWD, "/usr/share/texmf/fonts/opentype/public/lm/lmromandunh10-oblique.otf", O_RDONLY|O_CLOEXEC) = 4
14:15:48.013439 openat(AT_FDCWD, "/usr/share/texmf/fonts/opentype/public/lm/lmromandunh10-regular.otf", O_RDONLY|O_CLOEXEC) = 4
14:15:48.013585 openat(AT_FDCWD, "/usr/share/texmf/fonts/opentype/public/lm/lmromanslant10-bold.otf", O_RDONLY|O_CLOEXEC) = 4
14:15:48.013731 openat(AT_FDCWD, "/usr/share/texmf/fonts/opentype/public/lm/lmromanslant10-regular.otf", O_RDONLY|O_CLOEXEC) = 4
14:15:48.013875 openat(AT_FDCWD, "/usr/share/texmf/fonts/opentype/public/lm/lmromanslant12-regular.otf", O_RDONLY|O_CLOEXEC) = 4
14:15:48.014030 openat(AT_FDCWD, "/usr/share/texmf/fonts/opentype/public/lm/lmromanslant17-regular.otf", O_RDONLY|O_CLOEXEC) = 4
14:15:48.014179 openat(AT_FDCWD, "/usr/share/texmf/fonts/opentype/public/lm/lmromanslant8-regular.otf", O_RDONLY|O_CLOEXEC) = 4
14:15:48.014328 openat(AT_FDCWD, "/usr/share/texmf/fonts/opentype/public/lm/lmromanslant9-regular.otf", O_RDONLY|O_CLOEXEC) = 4
14:15:48.014491 openat(AT_FDCWD, "/usr/share/texmf/fonts/opentype/public/lm/lmromanunsl10-regular.otf", O_RDONLY|O_CLOEXEC) = 4
14:15:48.014656 openat(AT_FDCWD, "/usr/share/texmf/fonts/opentype/public/lm/lmsans10-bold.otf", O_RDONLY|O_CLOEXEC) = 4
14:15:48.014815 openat(AT_FDCWD, "/usr/share/texmf/fonts/opentype/public/lm/lmsans10-boldoblique.otf", O_RDONLY|O_CLOEXEC) = 4
14:15:48.014968 openat(AT_FDCWD, "/usr/share/texmf/fonts/opentype/public/lm/lmsans10-oblique.otf", O_RDONLY|O_CLOEXEC) = 4
14:15:48.015115 openat(AT_FDCWD, "/usr/share/texmf/fonts/opentype/public/lm/lmsans10-regular.otf", O_RDONLY|O_CLOEXEC) = 4
14:15:48.015263 openat(AT_FDCWD, "/usr/share/texmf/fonts/opentype/public/lm/lmsans12-oblique.otf", O_RDONLY|O_CLOEXEC) = 4
14:15:48.015410 openat(AT_FDCWD, "/usr/share/texmf/fonts/opentype/public/lm/lmsans12-regular.otf", O_RDONLY|O_CLOEXEC) = 4
14:15:48.015558 openat(AT_FDCWD, "/usr/share/texmf/fonts/opentype/public/lm/lmsans17-oblique.otf", O_RDONLY|O_CLOEXEC) = 4
14:15:48.015706 openat(AT_FDCWD, "/usr/share/texmf/fonts/opentype/public/lm/lmsans17-regular.otf", O_RDONLY|O_CLOEXEC) = 4
14:15:48.015854 openat(AT_FDCWD, "/usr/share/texmf/fonts/opentype/public/lm/lmsans8-oblique.otf", O_RDONLY|O_CLOEXEC) = 4
14:15:48.016008 openat(AT_FDCWD, "/usr/share/texmf/fonts/opentype/public/lm/lmsans8-regular.otf", O_RDONLY|O_CLOEXEC) = 4
14:15:48.016158 openat(AT_FDCWD, "/usr/share/texmf/fonts/opentype/public/lm/lmsans9-oblique.otf", O_RDONLY|O_CLOEXEC) = 4
14:15:48.016307 openat(AT_FDCWD, "/usr/share/texmf/fonts/opentype/public/lm/lmsans9-regular.otf", O_RDONLY|O_CLOEXEC) = 4
14:15:48.016456 openat(AT_FDCWD, "/usr/share/texmf/fonts/opentype/public/lm/lmsansdemicond10-oblique.otf", O_RDONLY|O_CLOEXEC) = 4
14:15:48.016605 openat(AT_FDCWD, "/usr/share/texmf/fonts/opentype/public/lm/lmsansdemicond10-regular.otf", O_RDONLY|O_CLOEXEC) = 4
14:15:48.016752 openat(AT_FDCWD, "/usr/share/texmf/fonts/opentype/public/lm/lmsansquot8-bold.otf", O_RDONLY|O_CLOEXEC) = 4
14:15:48.016906 openat(AT_FDCWD, "/usr/share/texmf/fonts/opentype/public/lm/lmsansquot8-boldoblique.otf", O_RDONLY|O_CLOEXEC) = 4
14:15:48.017056 openat(AT_FDCWD, "/usr/share/texmf/fonts/opentype/public/lm/lmsansquot8-oblique.otf", O_RDONLY|O_CLOEXEC) = 4
14:15:48.017204 openat(AT_FDCWD, "/usr/share/texmf/fonts/opentype/public/lm/lmsansquot8-regular.otf", O_RDONLY|O_CLOEXEC) = 4
14:15:48.017393 openat(AT_FDCWD, "/usr/share/texmf/fonts/opentype/public/lm-math", O_RDONLY|O_NONBLOCK|O_CLOEXEC|O_DIRECTORY) = 3
14:15:48.017496 openat(AT_FDCWD, "/usr/share/texmf/fonts/opentype/public/lm-math/latinmodern-math.otf", O_RDONLY|O_CLOEXEC) = 4
14:15:48.017684 openat(AT_FDCWD, "/usr/share/texmf/fonts/opentype/public/tex-gyre-math", O_RDONLY|O_NONBLOCK|O_CLOEXEC|O_DIRECTORY) = 3
14:15:48.017786 openat(AT_FDCWD, "/usr/share/texmf/fonts/opentype/public/tex-gyre-math/texgyrebonum-math.otf", O_RDONLY|O_CLOEXEC) = 4
14:15:48.017939 openat(AT_FDCWD, "/usr/share/texmf/fonts/opentype/public/tex-gyre-math/texgyredejavu-math.otf", O_RDONLY|O_CLOEXEC) = 4
14:15:48.018091 openat(AT_FDCWD, "/usr/share/texmf/fonts/opentype/public/tex-gyre-math/texgyrepagella-math.otf", O_RDONLY|O_CLOEXEC) = 4
14:15:48.018245 openat(AT_FDCWD, "/usr/share/texmf/fonts/opentype/public/tex-gyre-math/texgyreschola-math.otf", O_RDONLY|O_CLOEXEC) = 4
14:15:48.018391 openat(AT_FDCWD, "/usr/share/texmf/fonts/opentype/public/tex-gyre-math/texgyretermes-math.otf", O_RDONLY|O_CLOEXEC) = 4
14:15:48.018578 openat(AT_FDCWD, "/usr/share/texmf/fonts/opentype/public/tex-gyre", O_RDONLY|O_NONBLOCK|O_CLOEXEC|O_DIRECTORY) = 3
14:15:48.018684 openat(AT_FDCWD, "/usr/share/texmf/fonts/opentype/public/tex-gyre/texgyreadventor-bold.otf", O_RDONLY|O_CLOEXEC) = 4
14:15:48.018832 openat(AT_FDCWD, "/usr/share/texmf/fonts/opentype/public/tex-gyre/texgyreadventor-bolditalic.otf", O_RDONLY|O_CLOEXEC) = 4
14:15:48.019028 openat(AT_FDCWD, "/usr/share/texmf/fonts/opentype/public/tex-gyre/texgyreadventor-italic.otf", O_RDONLY|O_CLOEXEC) = 4
14:15:48.019210 openat(AT_FDCWD, "/usr/share/texmf/fonts/opentype/public/tex-gyre/texgyreadventor-regular.otf", O_RDONLY|O_CLOEXEC) = 4
14:15:48.019399 openat(AT_FDCWD, "/usr/share/texmf/fonts/opentype/public/tex-gyre/texgyrebonum-bold.otf", O_RDONLY|O_CLOEXEC) = 4
14:15:48.019574 openat(AT_FDCWD, "/usr/share/texmf/fonts/opentype/public/tex-gyre/texgyrebonum-bolditalic.otf", O_RDONLY|O_CLOEXEC) = 4
14:15:48.019748 openat(AT_FDCWD, "/usr/share/texmf/fonts/opentype/public/tex-gyre/texgyrebonum-italic.otf", O_RDONLY|O_CLOEXEC) = 4
14:15:48.019927 openat(AT_FDCWD, "/usr/share/texmf/fonts/opentype/public/tex-gyre/texgyrebonum-regular.otf", O_RDONLY|O_CLOEXEC) = 4
14:15:48.020098 openat(AT_FDCWD, "/usr/share/texmf/fonts/opentype/public/tex-gyre/texgyrechorus-mediumitalic.otf", O_RDONLY|O_CLOEXEC) = 4
14:15:48.020269 openat(AT_FDCWD, "/usr/share/texmf/fonts/opentype/public/tex-gyre/texgyrecursor-bold.otf", O_RDONLY|O_CLOEXEC) = 4
14:15:48.020465 openat(AT_FDCWD, "/usr/share/texmf/fonts/opentype/public/tex-gyre/texgyrecursor-bolditalic.otf", O_RDONLY|O_CLOEXEC) = 4
14:15:48.020638 openat(AT_FDCWD, "/usr/share/texmf/fonts/opentype/public/tex-gyre/texgyrecursor-italic.otf", O_RDONLY|O_CLOEXEC) = 4
14:15:48.020811 openat(AT_FDCWD, "/usr/share/texmf/fonts/opentype/public/tex-gyre/texgyrecursor-regular.otf", O_RDONLY|O_CLOEXEC) = 4
14:15:48.020990 openat(AT_FDCWD, "/usr/share/texmf/fonts/opentype/public/tex-gyre/texgyreheros-bold.otf", O_RDONLY|O_CLOEXEC) = 4
14:15:48.021158 openat(AT_FDCWD, "/usr/share/texmf/fonts/opentype/public/tex-gyre/texgyreheros-bolditalic.otf", O_RDONLY|O_CLOEXEC) = 4
14:15:48.021327 openat(AT_FDCWD, "/usr/share/texmf/fonts/opentype/public/tex-gyre/texgyreheros-italic.otf", O_RDONLY|O_CLOEXEC) = 4
14:15:48.021495 openat(AT_FDCWD, "/usr/share/texmf/fonts/opentype/public/tex-gyre/texgyreheros-regular.otf", O_RDONLY|O_CLOEXEC) = 4
14:15:48.021662 openat(AT_FDCWD, "/usr/share/texmf/fonts/opentype/public/tex-gyre/texgyreheroscn-bold.otf", O_RDONLY|O_CLOEXEC) = 4
14:15:48.021831 openat(AT_FDCWD, "/usr/share/texmf/fonts/opentype/public/tex-gyre/texgyreheroscn-bolditalic.otf", O_RDONLY|O_CLOEXEC) = 4
14:15:48.022003 openat(AT_FDCWD, "/usr/share/texmf/fonts/opentype/public/tex-gyre/texgyreheroscn-italic.otf", O_RDONLY|O_CLOEXEC) = 4
14:15:48.022170 openat(AT_FDCWD, "/usr/share/texmf/fonts/opentype/public/tex-gyre/texgyreheroscn-regular.otf", O_RDONLY|O_CLOEXEC) = 4
14:15:48.022335 openat(AT_FDCWD, "/usr/share/texmf/fonts/opentype/public/tex-gyre/texgyrepagella-bold.otf", O_RDONLY|O_CLOEXEC) = 4
14:15:48.022502 openat(AT_FDCWD, "/usr/share/texmf/fonts/opentype/public/tex-gyre/texgyrepagella-bolditalic.otf", O_RDONLY|O_CLOEXEC) = 4
14:15:48.022667 openat(AT_FDCWD, "/usr/share/texmf/fonts/opentype/public/tex-gyre/texgyrepagella-italic.otf", O_RDONLY|O_CLOEXEC) = 4
14:15:48.022834 openat(AT_FDCWD, "/usr/share/texmf/fonts/opentype/public/tex-gyre/texgyrepagella-regular.otf", O_RDONLY|O_CLOEXEC) = 4
14:15:48.023009 openat(AT_FDCWD, "/usr/share/texmf/fonts/opentype/public/tex-gyre/texgyreschola-bold.otf", O_RDONLY|O_CLOEXEC) = 4
14:15:48.023175 openat(AT_FDCWD, "/usr/share/texmf/fonts/opentype/public/tex-gyre/texgyreschola-bolditalic.otf", O_RDONLY|O_CLOEXEC) = 4
14:15:48.023341 openat(AT_FDCWD, "/usr/share/texmf/fonts/opentype/public/tex-gyre/texgyreschola-italic.otf", O_RDONLY|O_CLOEXEC) = 4
14:15:48.023506 openat(AT_FDCWD, "/usr/share/texmf/fonts/opentype/public/tex-gyre/texgyreschola-regular.otf", O_RDONLY|O_CLOEXEC) = 4
14:15:48.023672 openat(AT_FDCWD, "/usr/share/texmf/fonts/opentype/public/tex-gyre/texgyretermes-bold.otf", O_RDONLY|O_CLOEXEC) = 4
14:15:48.023853 openat(AT_FDCWD, "/usr/share/texmf/fonts/opentype/public/tex-gyre/texgyretermes-bolditalic.otf", O_RDONLY|O_CLOEXEC) = 4
14:15:48.024129 openat(AT_FDCWD, "/usr/share/texmf/fonts/opentype/public/tex-gyre/texgyretermes-italic.otf", O_RDONLY|O_CLOEXEC) = 4
14:15:48.024318 openat(AT_FDCWD, "/usr/share/texmf/fonts/opentype/public/tex-gyre/texgyretermes-regular.otf", O_RDONLY|O_CLOEXEC) = 4
14:15:48.024710 openat(AT_FDCWD, "/usr/share/javascript/mathjax/fonts/HTML-CSS/TeX/otf/MathJax_AMS-Regular.otf", O_RDONLY|O_CLOEXEC) = 3
14:15:48.024924 openat(AT_FDCWD, "/usr/share/javascript/mathjax/fonts/HTML-CSS/TeX/otf/MathJax_Caligraphic-Bold.otf", O_RDONLY|O_CLOEXEC) = 3
14:15:48.025125 openat(AT_FDCWD, "/usr/share/javascript/mathjax/fonts/HTML-CSS/TeX/otf/MathJax_Caligraphic-Regular.otf", O_RDONLY|O_CLOEXEC) = 3
14:15:48.025286 openat(AT_FDCWD, "/usr/share/javascript/mathjax/fonts/HTML-CSS/TeX/otf/MathJax_Fraktur-Bold.otf", O_RDONLY|O_CLOEXEC) = 3
14:15:48.025434 openat(AT_FDCWD, "/usr/share/javascript/mathjax/fonts/HTML-CSS/TeX/otf/MathJax_Fraktur-Regular.otf", O_RDONLY|O_CLOEXEC) = 3
14:15:48.025607 openat(AT_FDCWD, "/usr/share/javascript/mathjax/fonts/HTML-CSS/TeX/otf/MathJax_Main-Bold.otf", O_RDONLY|O_CLOEXEC) = 3
14:15:48.025757 openat(AT_FDCWD, "/usr/share/javascript/mathjax/fonts/HTML-CSS/TeX/otf/MathJax_Main-Italic.otf", O_RDONLY|O_CLOEXEC) = 3
14:15:48.025898 openat(AT_FDCWD, "/usr/share/javascript/mathjax/fonts/HTML-CSS/TeX/otf/MathJax_Main-Regular.otf", O_RDONLY|O_CLOEXEC) = 3
14:15:48.026077 openat(AT_FDCWD, "/usr/share/javascript/mathjax/fonts/HTML-CSS/TeX/otf/MathJax_Math-BoldItalic.otf", O_RDONLY|O_CLOEXEC) = 3
14:15:48.026225 openat(AT_FDCWD, "/usr/share/javascript/mathjax/fonts/HTML-CSS/TeX/otf/MathJax_Math-Italic.otf", O_RDONLY|O_CLOEXEC) = 3
14:15:48.026368 openat(AT_FDCWD, "/usr/share/javascript/mathjax/fonts/HTML-CSS/TeX/otf/MathJax_Math-Regular.otf", O_RDONLY|O_CLOEXEC) = 3
14:15:48.026508 openat(AT_FDCWD, "/usr/share/javascript/mathjax/fonts/HTML-CSS/TeX/otf/MathJax_SansSerif-Bold.otf", O_RDONLY|O_CLOEXEC) = 3
14:15:48.026648 openat(AT_FDCWD, "/usr/share/javascript/mathjax/fonts/HTML-CSS/TeX/otf/MathJax_SansSerif-Italic.otf", O_RDONLY|O_CLOEXEC) = 3
14:15:48.026787 openat(AT_FDCWD, "/usr/share/javascript/mathjax/fonts/HTML-CSS/TeX/otf/MathJax_SansSerif-Regular.otf", O_RDONLY|O_CLOEXEC) = 3
14:15:48.026942 openat(AT_FDCWD, "/usr/share/javascript/mathjax/fonts/HTML-CSS/TeX/otf/MathJax_Script-Regular.otf", O_RDONLY|O_CLOEXEC) = 3
14:15:48.027086 openat(AT_FDCWD, "/usr/share/javascript/mathjax/fonts/HTML-CSS/TeX/otf/MathJax_Size1-Regular.otf", O_RDONLY|O_CLOEXEC) = 3
14:15:48.027226 openat(AT_FDCWD, "/usr/share/javascript/mathjax/fonts/HTML-CSS/TeX/otf/MathJax_Size2-Regular.otf", O_RDONLY|O_CLOEXEC) = 3
14:15:48.027365 openat(AT_FDCWD, "/usr/share/javascript/mathjax/fonts/HTML-CSS/TeX/otf/MathJax_Size3-Regular.otf", O_RDONLY|O_CLOEXEC) = 3
14:15:48.027504 openat(AT_FDCWD, "/usr/share/javascript/mathjax/fonts/HTML-CSS/TeX/otf/MathJax_Size4-Regular.otf", O_RDONLY|O_CLOEXEC) = 3
14:15:48.027643 openat(AT_FDCWD, "/usr/share/javascript/mathjax/fonts/HTML-CSS/TeX/otf/MathJax_Typewriter-Regular.otf", O_RDONLY|O_CLOEXEC) = 3
14:15:48.027783 openat(AT_FDCWD, "/usr/share/javascript/mathjax/fonts/HTML-CSS/TeX/otf/MathJax_Vector-Bold.otf", O_RDONLY|O_CLOEXEC) = 3
14:15:48.027931 openat(AT_FDCWD, "/usr/share/javascript/mathjax/fonts/HTML-CSS/TeX/otf/MathJax_Vector-Regular.otf", O_RDONLY|O_CLOEXEC) = 3
14:15:48.028083 openat(AT_FDCWD, "/usr/share/javascript/mathjax/fonts/HTML-CSS/TeX/otf/MathJax_WinChrome-Regular.otf", O_RDONLY|O_CLOEXEC) = 3
14:15:48.028222 openat(AT_FDCWD, "/usr/share/javascript/mathjax/fonts/HTML-CSS/TeX/otf/MathJax_WinIE6-Regular.otf", O_RDONLY|O_CLOEXEC) = 3
14:15:48.028361 openat(AT_FDCWD, "/usr/share/fonts/opentype/noto/NotoSansCJK-Bold.ttc", O_RDONLY|O_CLOEXEC) = 3
14:15:48.028554 openat(AT_FDCWD, "/usr/share/fonts/opentype/noto/NotoSansCJK-Bold.ttc", O_RDONLY|O_CLOEXEC) = 3
14:15:48.028747 openat(AT_FDCWD, "/usr/share/fonts/opentype/noto/NotoSansCJK-Bold.ttc", O_RDONLY|O_CLOEXEC) = 3
14:15:48.028979 openat(AT_FDCWD, "/usr/share/fonts/opentype/noto/NotoSansCJK-Bold.ttc", O_RDONLY|O_CLOEXEC) = 3
14:15:48.029176 openat(AT_FDCWD, "/usr/share/fonts/opentype/noto/NotoSansCJK-Bold.ttc", O_RDONLY|O_CLOEXEC) = 3
14:15:48.029368 openat(AT_FDCWD, "/usr/share/fonts/opentype/noto/NotoSansCJK-Bold.ttc", O_RDONLY|O_CLOEXEC) = 3
14:15:48.029561 openat(AT_FDCWD, "/usr/share/fonts/opentype/noto/NotoSansCJK-Bold.ttc", O_RDONLY|O_CLOEXEC) = 3
14:15:48.029751 openat(AT_FDCWD, "/usr/share/fonts/opentype/noto/NotoSansCJK-Bold.ttc", O_RDONLY|O_CLOEXEC) = 3
14:15:48.029950 openat(AT_FDCWD, "/usr/share/fonts/opentype/noto/NotoSansCJK-Bold.ttc", O_RDONLY|O_CLOEXEC) = 3
14:15:48.030162 openat(AT_FDCWD, "/usr/share/fonts/opentype/noto/NotoSansCJK-Bold.ttc", O_RDONLY|O_CLOEXEC) = 3
14:15:48.030354 openat(AT_FDCWD, "/usr/share/fonts/opentype/noto/NotoSansCJK-Regular.ttc", O_RDONLY|O_CLOEXEC) = 3
14:15:48.030533 openat(AT_FDCWD, "/usr/share/fonts/opentype/noto/NotoSansCJK-Regular.ttc", O_RDONLY|O_CLOEXEC) = 3
14:15:48.030710 openat(AT_FDCWD, "/usr/share/fonts/opentype/noto/NotoSansCJK-Regular.ttc", O_RDONLY|O_CLOEXEC) = 3
14:15:48.030889 openat(AT_FDCWD, "/usr/share/fonts/opentype/noto/NotoSansCJK-Regular.ttc", O_RDONLY|O_CLOEXEC) = 3
14:15:48.031082 openat(AT_FDCWD, "/usr/share/fonts/opentype/noto/NotoSansCJK-Regular.ttc", O_RDONLY|O_CLOEXEC) = 3
14:15:48.031263 openat(AT_FDCWD, "/usr/share/fonts/opentype/noto/NotoSansCJK-Regular.ttc", O_RDONLY|O_CLOEXEC) = 3
14:15:48.031439 openat(AT_FDCWD, "/usr/share/fonts/opentype/noto/NotoSansCJK-Regular.ttc", O_RDONLY|O_CLOEXEC) = 3
14:15:48.031624 openat(AT_FDCWD, "/usr/share/fonts/opentype/noto/NotoSansCJK-Regular.ttc", O_RDONLY|O_CLOEXEC) = 3
14:15:48.031801 openat(AT_FDCWD, "/usr/share/fonts/opentype/noto/NotoSansCJK-Regular.ttc", O_RDONLY|O_CLOEXEC) = 3
14:15:48.031992 openat(AT_FDCWD, "/usr/share/fonts/opentype/noto/NotoSansCJK-Regular.ttc", O_RDONLY|O_CLOEXEC) = 3
14:15:48.032174 openat(AT_FDCWD, "/usr/share/fonts/opentype/noto/NotoSerifCJK-Bold.ttc", O_RDONLY|O_CLOEXEC) = 3
14:15:48.032362 openat(AT_FDCWD, "/usr/share/fonts/opentype/noto/NotoSerifCJK-Bold.ttc", O_RDONLY|O_CLOEXEC) = 3
14:15:48.032554 openat(AT_FDCWD, "/usr/share/fonts/opentype/noto/NotoSerifCJK-Bold.ttc", O_RDONLY|O_CLOEXEC) = 3
14:15:48.032744 openat(AT_FDCWD, "/usr/share/fonts/opentype/noto/NotoSerifCJK-Bold.ttc", O_RDONLY|O_CLOEXEC) = 3
14:15:48.032941 openat(AT_FDCWD, "/usr/share/fonts/opentype/noto/NotoSerifCJK-Bold.ttc", O_RDONLY|O_CLOEXEC) = 3
14:15:48.033136 openat(AT_FDCWD, "/usr/share/fonts/opentype/noto/NotoSerifCJK-Regular.ttc", O_RDONLY|O_CLOEXEC) = 3
14:15:48.033320 openat(AT_FDCWD, "/usr/share/fonts/opentype/noto/NotoSerifCJK-Regular.ttc", O_RDONLY|O_CLOEXEC) = 3
14:15:48.033507 openat(AT_FDCWD, "/usr/share/fonts/opentype/noto/NotoSerifCJK-Regular.ttc", O_RDONLY|O_CLOEXEC) = 3
14:15:48.033694 openat(AT_FDCWD, "/usr/share/fonts/opentype/noto/NotoSerifCJK-Regular.ttc", O_RDONLY|O_CLOEXEC) = 3
14:15:48.033886 openat(AT_FDCWD, "/usr/share/fonts/opentype/noto/NotoSerifCJK-Regular.ttc", O_RDONLY|O_CLOEXEC) = 3
14:15:48.034087 openat(AT_FDCWD, "/usr/share/fonts/opentype/urw-base35/C059-BdIta.otf", O_RDONLY|O_CLOEXEC) = 3
14:15:48.034240 openat(AT_FDCWD, "/usr/share/fonts/opentype/urw-base35/C059-Bold.otf", O_RDONLY|O_CLOEXEC) = 3
14:15:48.034389 openat(AT_FDCWD, "/usr/share/fonts/opentype/urw-base35/C059-Italic.otf", O_RDONLY|O_CLOEXEC) = 3
14:15:48.034538 openat(AT_FDCWD, "/usr/share/fonts/opentype/urw-base35/C059-Roman.otf", O_RDONLY|O_CLOEXEC) = 3
14:15:48.034686 openat(AT_FDCWD, "/usr/share/fonts/opentype/urw-base35/D050000L.otf", O_RDONLY|O_CLOEXEC) = 3
14:15:48.034826 openat(AT_FDCWD, "/usr/share/fonts/opentype/urw-base35/NimbusMonoPS-Bold.otf", O_RDONLY|O_CLOEXEC) = 3
14:15:48.034979 openat(AT_FDCWD, "/usr/share/fonts/opentype/urw-base35/NimbusMonoPS-BoldItalic.otf", O_RDONLY|O_CLOEXEC) = 3
14:15:48.035128 openat(AT_FDCWD, "/usr/share/fonts/opentype/urw-base35/NimbusMonoPS-Italic.otf", O_RDONLY|O_CLOEXEC) = 3
14:15:48.035276 openat(AT_FDCWD, "/usr/share/fonts/opentype/urw-base35/NimbusMonoPS-Regular.otf", O_RDONLY|O_CLOEXEC) = 3
14:15:48.035422 openat(AT_FDCWD, "/usr/share/fonts/opentype/urw-base35/NimbusRoman-Bold.otf", O_RDONLY|O_CLOEXEC) = 3
14:15:48.035567 openat(AT_FDCWD, "/usr/share/fonts/opentype/urw-base35/NimbusRoman-BoldItalic.otf", O_RDONLY|O_CLOEXEC) = 3
14:15:48.035718 openat(AT_FDCWD, "/usr/share/fonts/opentype/urw-base35/NimbusRoman-Italic.otf", O_RDONLY|O_CLOEXEC) = 3
14:15:48.035867 openat(AT_FDCWD, "/usr/share/fonts/opentype/urw-base35/NimbusRoman-Regular.otf", O_RDONLY|O_CLOEXEC) = 3
14:15:48.036025 openat(AT_FDCWD, "/usr/share/fonts/opentype/urw-base35/NimbusSans-Bold.otf", O_RDONLY|O_CLOEXEC) = 3
14:15:48.036187 openat(AT_FDCWD, "/usr/share/fonts/opentype/urw-base35/NimbusSans-BoldItalic.otf", O_RDONLY|O_CLOEXEC) = 3
14:15:48.036336 openat(AT_FDCWD, "/usr/share/fonts/opentype/urw-base35/NimbusSans-Italic.otf", O_RDONLY|O_CLOEXEC) = 3
14:15:48.036483 openat(AT_FDCWD, "/usr/share/fonts/opentype/urw-base35/NimbusSans-Regular.otf", O_RDONLY|O_CLOEXEC) = 3
14:15:48.036633 openat(AT_FDCWD, "/usr/share/fonts/opentype/urw-base35/NimbusSansNarrow-Bold.otf", O_RDONLY|O_CLOEXEC) = 3
14:15:48.036797 openat(AT_FDCWD, "/usr/share/fonts/opentype/urw-base35/NimbusSansNarrow-BoldOblique.otf", O_RDONLY|O_CLOEXEC) = 3
14:15:48.036962 openat(AT_FDCWD, "/usr/share/fonts/opentype/urw-base35/NimbusSansNarrow-Oblique.otf", O_RDONLY|O_CLOEXEC) = 3
14:15:48.037155 openat(AT_FDCWD, "/usr/share/fonts/opentype/urw-base35/NimbusSansNarrow-Regular.otf", O_RDONLY|O_CLOEXEC) = 3
14:15:48.037326 openat(AT_FDCWD, "/usr/share/fonts/opentype/urw-base35/P052-Bold.otf", O_RDONLY|O_CLOEXEC) = 3
14:15:48.037497 openat(AT_FDCWD, "/usr/share/fonts/opentype/urw-base35/P052-BoldItalic.otf", O_RDONLY|O_CLOEXEC) = 3
14:15:48.037668 openat(AT_FDCWD, "/usr/share/fonts/opentype/urw-base35/P052-Italic.otf", O_RDONLY|O_CLOEXEC) = 3
14:15:48.037838 openat(AT_FDCWD, "/usr/share/fonts/opentype/urw-base35/P052-Roman.otf", O_RDONLY|O_CLOEXEC) = 3
14:15:48.038017 openat(AT_FDCWD, "/usr/share/fonts/opentype/urw-base35/StandardSymbolsPS.otf", O_RDONLY|O_CLOEXEC) = 3
14:15:48.038170 openat(AT_FDCWD, "/usr/share/fonts/opentype/urw-base35/URWBookman-Demi.otf", O_RDONLY|O_CLOEXEC) = 3
14:15:48.038317 openat(AT_FDCWD, "/usr/share/fonts/opentype/urw-base35/URWBookman-DemiItalic.otf", O_RDONLY|O_CLOEXEC) = 3
14:15:48.038464 openat(AT_FDCWD, "/usr/share/fonts/opentype/urw-base35/URWBookman-Light.otf", O_RDONLY|O_CLOEXEC) = 3
14:15:48.038611 openat(AT_FDCWD, "/usr/share/fonts/opentype/urw-base35/URWBookman-LightItalic.otf", O_RDONLY|O_CLOEXEC) = 3
14:15:48.038781 openat(AT_FDCWD, "/usr/share/fonts/opentype/urw-base35/URWGothic-Book.otf", O_RDONLY|O_CLOEXEC) = 3
14:15:48.038959 openat(AT_FDCWD, "/usr/share/fonts/opentype/urw-base35/URWGothic-BookOblique.otf", O_RDONLY|O_CLOEXEC) = 3
14:15:48.039112 openat(AT_FDCWD, "/usr/share/fonts/opentype/urw-base35/URWGothic-Demi.otf", O_RDONLY|O_CLOEXEC) = 3
14:15:48.039260 openat(AT_FDCWD, "/usr/share/fonts/opentype/urw-base35/URWGothic-DemiOblique.otf", O_RDONLY|O_CLOEXEC) = 3
14:15:48.039408 openat(AT_FDCWD, "/usr/share/fonts/opentype/urw-base35/Z003-MediumItalic.otf", O_RDONLY|O_CLOEXEC) = 3
14:15:48.039558 openat(AT_FDCWD, "/usr/share/fonts/opentype/freefont/FreeMono.otf", O_RDONLY|O_CLOEXEC) = 3
14:15:48.039726 openat(AT_FDCWD, "/usr/share/fonts/opentype/freefont/FreeMonoBold.otf", O_RDONLY|O_CLOEXEC) = 3
14:15:48.039886 openat(AT_FDCWD, "/usr/share/fonts/opentype/freefont/FreeMonoBoldOblique.otf", O_RDONLY|O_CLOEXEC) = 3
14:15:48.040045 openat(AT_FDCWD, "/usr/share/fonts/opentype/freefont/FreeMonoOblique.otf", O_RDONLY|O_CLOEXEC) = 3
14:15:48.040199 openat(AT_FDCWD, "/usr/share/fonts/opentype/freefont/FreeSans.otf", O_RDONLY|O_CLOEXEC) = 3
14:15:48.040361 openat(AT_FDCWD, "/usr/share/fonts/opentype/freefont/FreeSansBold.otf", O_RDONLY|O_CLOEXEC) = 3
14:15:48.040517 openat(AT_FDCWD, "/usr/share/fonts/opentype/freefont/FreeSansBoldOblique.otf", O_RDONLY|O_CLOEXEC) = 3
14:15:48.040675 openat(AT_FDCWD, "/usr/share/fonts/opentype/freefont/FreeSansOblique.otf", O_RDONLY|O_CLOEXEC) = 3
14:15:48.040842 openat(AT_FDCWD, "/usr/share/fonts/opentype/freefont/FreeSerif.otf", O_RDONLY|O_CLOEXEC) = 3
14:15:48.041025 openat(AT_FDCWD, "/usr/share/fonts/opentype/freefont/FreeSerifBold.otf", O_RDONLY|O_CLOEXEC) = 3
14:15:48.041194 openat(AT_FDCWD, "/usr/share/fonts/opentype/freefont/FreeSerifBoldItalic.otf", O_RDONLY|O_CLOEXEC) = 3
14:15:48.041352 openat(AT_FDCWD, "/usr/share/fonts/opentype/freefont/FreeSerifItalic.otf", O_RDONLY|O_CLOEXEC) = 3
14:15:48.041514 openat(AT_FDCWD, "/usr/share/fonts/opentype/font-awesome/FontAwesome.otf", O_RDONLY|O_CLOEXEC) = 3
14:15:48.041676 openat(AT_FDCWD, "/usr/share/fonts/truetype/dejavu/DejaVuSans-Bold.ttf", O_RDONLY|O_CLOEXEC) = 3
14:15:48.041862 openat(AT_FDCWD, "/usr/share/fonts/truetype/dejavu/DejaVuSans.ttf", O_RDONLY|O_CLOEXEC) = 3
14:15:48.042023 openat(AT_FDCWD, "/usr/share/fonts/truetype/dejavu/DejaVuSansMono-Bold.ttf", O_RDONLY|O_CLOEXEC) = 3
14:15:48.042172 openat(AT_FDCWD, "/usr/share/fonts/truetype/dejavu/DejaVuSansMono-BoldOblique.ttf", O_RDONLY|O_CLOEXEC) = 3
14:15:48.042317 openat(AT_FDCWD, "/usr/share/fonts/truetype/dejavu/DejaVuSansMono-Oblique.ttf", O_RDONLY|O_CLOEXEC) = 3
14:15:48.042461 openat(AT_FDCWD, "/usr/share/fonts/truetype/dejavu/DejaVuSansMono.ttf", O_RDONLY|O_CLOEXEC) = 3
14:15:48.042611 openat(AT_FDCWD, "/usr/share/fonts/truetype/dejavu/DejaVuSerif-Bold.ttf", O_RDONLY|O_CLOEXEC) = 3
14:15:48.042760 openat(AT_FDCWD, "/usr/share/fonts/truetype/dejavu/DejaVuSerif.ttf", O_RDONLY|O_CLOEXEC) = 3
14:15:48.042919 openat(AT_FDCWD, "/usr/share/fonts/truetype/dejavu/DejaVuMathTeXGyre.ttf", O_RDONLY|O_CLOEXEC) = 3
14:15:48.043080 openat(AT_FDCWD, "/usr/share/fonts/truetype/dejavu/DejaVuSans-BoldOblique.ttf", O_RDONLY|O_CLOEXEC) = 3
14:15:48.043236 openat(AT_FDCWD, "/usr/share/fonts/truetype/dejavu/DejaVuSans-ExtraLight.ttf", O_RDONLY|O_CLOEXEC) = 3
14:15:48.043391 openat(AT_FDCWD, "/usr/share/fonts/truetype/dejavu/DejaVuSans-Oblique.ttf", O_RDONLY|O_CLOEXEC) = 3
14:15:48.043545 openat(AT_FDCWD, "/usr/share/fonts/truetype/dejavu/DejaVuSansCondensed-Bold.ttf", O_RDONLY|O_CLOEXEC) = 3
14:15:48.043701 openat(AT_FDCWD, "/usr/share/fonts/truetype/dejavu/DejaVuSansCondensed-BoldOblique.ttf", O_RDONLY|O_CLOEXEC) = 3
14:15:48.043856 openat(AT_FDCWD, "/usr/share/fonts/truetype/dejavu/DejaVuSansCondensed-Oblique.ttf", O_RDONLY|O_CLOEXEC) = 3
14:15:48.044017 openat(AT_FDCWD, "/usr/share/fonts/truetype/dejavu/DejaVuSansCondensed.ttf", O_RDONLY|O_CLOEXEC) = 3
14:15:48.044205 openat(AT_FDCWD, "/usr/share/fonts/truetype/dejavu/DejaVuSerif-BoldItalic.ttf", O_RDONLY|O_CLOEXEC) = 3
14:15:48.044405 openat(AT_FDCWD, "/usr/share/fonts/truetype/dejavu/DejaVuSerif-Italic.ttf", O_RDONLY|O_CLOEXEC) = 3
14:15:48.044577 openat(AT_FDCWD, "/usr/share/fonts/truetype/dejavu/DejaVuSerifCondensed-Bold.ttf", O_RDONLY|O_CLOEXEC) = 3
14:15:48.044746 openat(AT_FDCWD, "/usr/share/fonts/truetype/dejavu/DejaVuSerifCondensed-BoldItalic.ttf", O_RDONLY|O_CLOEXEC) = 3
14:15:48.044938 openat(AT_FDCWD, "/usr/share/fonts/truetype/dejavu/DejaVuSerifCondensed-Italic.ttf", O_RDONLY|O_CLOEXEC) = 3
14:15:48.045118 openat(AT_FDCWD, "/usr/share/fonts/truetype/dejavu/DejaVuSerifCondensed.ttf", O_RDONLY|O_CLOEXEC) = 3
14:15:48.045279 openat(AT_FDCWD, "/usr/share/fonts/truetype/droid/DroidSansFallbackFull.ttf", O_RDONLY|O_CLOEXEC) = 3
14:15:48.045443 openat(AT_FDCWD, "/usr/share/fonts/truetype/liberation/LiberationMono-Bold.ttf", O_RDONLY|O_CLOEXEC) = 3
14:15:48.045601 openat(AT_FDCWD, "/usr/share/fonts/truetype/liberation/LiberationMono-BoldItalic.ttf", O_RDONLY|O_CLOEXEC) = 3
14:15:48.045750 openat(AT_FDCWD, "/usr/share/fonts/truetype/liberation/LiberationMono-Italic.ttf", O_RDONLY|O_CLOEXEC) = 3
14:15:48.045899 openat(AT_FDCWD, "/usr/share/fonts/truetype/liberation/LiberationMono-Regular.ttf", O_RDONLY|O_CLOEXEC) = 3
14:15:48.046068 openat(AT_FDCWD, "/usr/share/fonts/truetype/liberation/LiberationSans-Bold.ttf", O_RDONLY|O_CLOEXEC) = 3
14:15:48.046217 openat(AT_FDCWD, "/usr/share/fonts/truetype/liberation/LiberationSans-BoldItalic.ttf", O_RDONLY|O_CLOEXEC) = 3
14:15:48.046366 openat(AT_FDCWD, "/usr/share/fonts/truetype/liberation/LiberationSans-Italic.ttf", O_RDONLY|O_CLOEXEC) = 3
14:15:48.046525 openat(AT_FDCWD, "/usr/share/fonts/truetype/liberation/LiberationSans-Regular.ttf", O_RDONLY|O_CLOEXEC) = 3
14:15:48.046672 openat(AT_FDCWD, "/usr/share/fonts/truetype/liberation/LiberationSerif-Bold.ttf", O_RDONLY|O_CLOEXEC) = 3
14:15:48.046818 openat(AT_FDCWD, "/usr/share/fonts/truetype/liberation/LiberationSerif-BoldItalic.ttf", O_RDONLY|O_CLOEXEC) = 3
14:15:48.047008 openat(AT_FDCWD, "/usr/share/fonts/truetype/liberation/LiberationSerif-Italic.ttf", O_RDONLY|O_CLOEXEC) = 3
14:15:48.047156 openat(AT_FDCWD, "/usr/share/fonts/truetype/liberation/LiberationSerif-Regular.ttf", O_RDONLY|O_CLOEXEC) = 3
14:15:48.047321 openat(AT_FDCWD, "/usr/share/fonts/truetype/libreoffice/opens___.ttf", O_RDONLY|O_CLOEXEC) = 3
14:15:48.047474 openat(AT_FDCWD, "/usr/share/fonts/truetype/noto/NotoKufiArabic-Bold.ttf", O_RDONLY|O_CLOEXEC) = 3
14:15:48.047625 openat(AT_FDCWD, "/usr/share/fonts/truetype/noto/NotoKufiArabic-Regular.ttf", O_RDONLY|O_CLOEXEC) = 3
14:15:48.047775 openat(AT_FDCWD, "/usr/share/fonts/truetype/noto/NotoLoopedLao-Bold.ttf", O_RDONLY|O_CLOEXEC) = 3
14:15:48.047921 openat(AT_FDCWD, "/usr/share/fonts/truetype/noto/NotoLoopedLao-Regular.ttf", O_RDONLY|O_CLOEXEC) = 3
14:15:48.048066 openat(AT_FDCWD, "/usr/share/fonts/truetype/noto/NotoLoopedThai-Bold.ttf", O_RDONLY|O_CLOEXEC) = 3
14:15:48.048213 openat(AT_FDCWD, "/usr/share/fonts/truetype/noto/NotoLoopedThai-Regular.ttf", O_RDONLY|O_CLOEXEC) = 3
14:15:48.048357 openat(AT_FDCWD, "/usr/share/fonts/truetype/noto/NotoMono-Regular.ttf", O_RDONLY|O_CLOEXEC) = 3
14:15:48.048500 openat(AT_FDCWD, "/usr/share/fonts/truetype/noto/NotoMusic-Regular.ttf", O_RDONLY|O_CLOEXEC) = 3
14:15:48.048645 openat(AT_FDCWD, "/usr/share/fonts/truetype/noto/NotoNaskhArabic-Bold.ttf", O_RDONLY|O_CLOEXEC) = 3
14:15:48.048793 openat(AT_FDCWD, "/usr/share/fonts/truetype/noto/NotoNaskhArabic-Regular.ttf", O_RDONLY|O_CLOEXEC) = 3
14:15:48.048951 openat(AT_FDCWD, "/usr/share/fonts/truetype/noto/NotoNastaliqUrdu-Bold.ttf", O_RDONLY|O_CLOEXEC) = 3
14:15:48.049106 openat(AT_FDCWD, "/usr/share/fonts/truetype/noto/NotoNastaliqUrdu-Regular.ttf", O_RDONLY|O_CLOEXEC) = 3
14:15:48.049260 openat(AT_FDCWD, "/usr/share/fonts/truetype/noto/NotoRashiHebrew-Bold.ttf", O_RDONLY|O_CLOEXEC) = 3
14:15:48.049400 openat(AT_FDCWD, "/usr/share/fonts/truetype/noto/NotoRashiHebrew-Regular.ttf", O_RDONLY|O_CLOEXEC) = 3
14:15:48.049539 openat(AT_FDCWD, "/usr/share/fonts/truetype/noto/NotoSans-Bold.ttf", O_RDONLY|O_CLOEXEC) = 3
14:15:48.049690 openat(AT_FDCWD, "/usr/share/fonts/truetype/noto/NotoSans-BoldItalic.ttf", O_RDONLY|O_CLOEXEC) = 3
14:15:48.049842 openat(AT_FDCWD, "/usr/share/fonts/truetype/noto/NotoSans-Italic.ttf", O_RDONLY|O_CLOEXEC) = 3
14:15:48.050003 openat(AT_FDCWD, "/usr/share/fonts/truetype/noto/NotoSans-Regular.ttf", O_RDONLY|O_CLOEXEC) = 3
14:15:48.050155 openat(AT_FDCWD, "/usr/share/fonts/truetype/noto/NotoSansAdlam-Bold.ttf", O_RDONLY|O_CLOEXEC) = 3
14:15:48.050302 openat(AT_FDCWD, "/usr/share/fonts/truetype/noto/NotoSansAdlam-Regular.ttf", O_RDONLY|O_CLOEXEC) = 3
14:15:48.050448 openat(AT_FDCWD, "/usr/share/fonts/truetype/noto/NotoSansAdlamUnjoined-Bold.ttf", O_RDONLY|O_CLOEXEC) = 3
14:15:48.050589 openat(AT_FDCWD, "/usr/share/fonts/truetype/noto/NotoSansAdlamUnjoined-Regular.ttf", O_RDONLY|O_CLOEXEC) = 3
14:15:48.050729 openat(AT_FDCWD, "/usr/share/fonts/truetype/noto/NotoSansAnatolianHieroglyphs-Regular.ttf", O_RDONLY|O_CLOEXEC) = 3
14:15:48.050876 openat(AT_FDCWD, "/usr/share/fonts/truetype/noto/NotoSansArabic-Bold.ttf", O_RDONLY|O_CLOEXEC) = 3
14:15:48.051062 openat(AT_FDCWD, "/usr/share/fonts/truetype/noto/NotoSansArabic-Regular.ttf", O_RDONLY|O_CLOEXEC) = 3
14:15:48.051238 openat(AT_FDCWD, "/usr/share/fonts/truetype/noto/NotoSansArmenian-Bold.ttf", O_RDONLY|O_CLOEXEC) = 3
14:15:48.051381 openat(AT_FDCWD, "/usr/share/fonts/truetype/noto/NotoSansArmenian-Regular.ttf", O_RDONLY|O_CLOEXEC) = 3
14:15:48.051522 openat(AT_FDCWD, "/usr/share/fonts/truetype/noto/NotoSansAvestan-Regular.ttf", O_RDONLY|O_CLOEXEC) = 3
14:15:48.051662 openat(AT_FDCWD, "/usr/share/fonts/truetype/noto/NotoSansBalinese-Bold.ttf", O_RDONLY|O_CLOEXEC) = 3
14:15:48.051810 openat(AT_FDCWD, "/usr/share/fonts/truetype/noto/NotoSansBalinese-Regular.ttf", O_RDONLY|O_CLOEXEC) = 3
14:15:48.051966 openat(AT_FDCWD, "/usr/share/fonts/truetype/noto/NotoSansBamum-Bold.ttf", O_RDONLY|O_CLOEXEC) = 3
14:15:48.052113 openat(AT_FDCWD, "/usr/share/fonts/truetype/noto/NotoSansBamum-Regular.ttf", O_RDONLY|O_CLOEXEC) = 3
14:15:48.052262 openat(AT_FDCWD, "/usr/share/fonts/truetype/noto/NotoSansBassaVah-Regular.ttf", O_RDONLY|O_CLOEXEC) = 3
14:15:48.052401 openat(AT_FDCWD, "/usr/share/fonts/truetype/noto/NotoSansBatak-Regular.ttf", O_RDONLY|O_CLOEXEC) = 3
14:15:48.052556 openat(AT_FDCWD, "/usr/share/fonts/truetype/noto/NotoSansBengali-Bold.ttf", O_RDONLY|O_CLOEXEC) = 3
14:15:48.052711 openat(AT_FDCWD, "/usr/share/fonts/truetype/noto/NotoSansBengali-Regular.ttf", O_RDONLY|O_CLOEXEC) = 3
14:15:48.052893 openat(AT_FDCWD, "/usr/share/fonts/truetype/noto/NotoSansBhaiksuki-Regular.ttf", O_RDONLY|O_CLOEXEC) = 3
14:15:48.053055 openat(AT_FDCWD, "/usr/share/fonts/truetype/noto/NotoSansBrahmi-Regular.ttf", O_RDONLY|O_CLOEXEC) = 3
14:15:48.053197 openat(AT_FDCWD, "/usr/share/fonts/truetype/noto/NotoSansBuginese-Regular.ttf", O_RDONLY|O_CLOEXEC) = 3
14:15:48.053335 openat(AT_FDCWD, "/usr/share/fonts/truetype/noto/NotoSansBuhid-Regular.ttf", O_RDONLY|O_CLOEXEC) = 3
14:15:48.053475 openat(AT_FDCWD, "/usr/share/fonts/truetype/noto/NotoSansCanadianAboriginal-Bold.ttf", O_RDONLY|O_CLOEXEC) = 3
14:15:48.053626 openat(AT_FDCWD, "/usr/share/fonts/truetype/noto/NotoSansCanadianAboriginal-Regular.ttf", O_RDONLY|O_CLOEXEC) = 3
14:15:48.053778 openat(AT_FDCWD, "/usr/share/fonts/truetype/noto/NotoSansCarian-Regular.ttf", O_RDONLY|O_CLOEXEC) = 3
14:15:48.053934 openat(AT_FDCWD, "/usr/share/fonts/truetype/noto/NotoSansCaucasianAlbanian-Regular.ttf", O_RDONLY|O_CLOEXEC) = 3
14:15:48.054077 openat(AT_FDCWD, "/usr/share/fonts/truetype/noto/NotoSansChakma-Regular.ttf", O_RDONLY|O_CLOEXEC) = 3
14:15:48.054221 openat(AT_FDCWD, "/usr/share/fonts/truetype/noto/NotoSansCham-Bold.ttf", O_RDONLY|O_CLOEXEC) = 3
14:15:48.054362 openat(AT_FDCWD, "/usr/share/fonts/truetype/noto/NotoSansCham-Regular.ttf", O_RDONLY|O_CLOEXEC) = 3
14:15:48.054516 openat(AT_FDCWD, "/usr/share/fonts/truetype/noto/NotoSansCherokee-Bold.ttf", O_RDONLY|O_CLOEXEC) = 3
14:15:48.054677 openat(AT_FDCWD, "/usr/share/fonts/truetype/noto/NotoSansCherokee-Regular.ttf", O_RDONLY|O_CLOEXEC) = 3
14:15:48.054835 openat(AT_FDCWD, "/usr/share/fonts/truetype/noto/NotoSansCoptic-Regular.ttf", O_RDONLY|O_CLOEXEC) = 3
14:15:48.055051 openat(AT_FDCWD, "/usr/share/fonts/truetype/noto/NotoSansCuneiform-Regular.ttf", O_RDONLY|O_CLOEXEC) = 3
14:15:48.055206 openat(AT_FDCWD, "/usr/share/fonts/truetype/noto/NotoSansCypriot-Regular.ttf", O_RDONLY|O_CLOEXEC) = 3
14:15:48.055345 openat(AT_FDCWD, "/usr/share/fonts/truetype/noto/NotoSansDeseret-Regular.ttf", O_RDONLY|O_CLOEXEC) = 3
14:15:48.055485 openat(AT_FDCWD, "/usr/share/fonts/truetype/noto/NotoSansDevanagari-Bold.ttf", O_RDONLY|O_CLOEXEC) = 3
14:15:48.055634 openat(AT_FDCWD, "/usr/share/fonts/truetype/noto/NotoSansDevanagari-Regular.ttf", O_RDONLY|O_CLOEXEC) = 3
14:15:48.055783 openat(AT_FDCWD, "/usr/share/fonts/truetype/noto/NotoSansDisplay-Bold.ttf", O_RDONLY|O_CLOEXEC) = 3
14:15:48.055941 openat(AT_FDCWD, "/usr/share/fonts/truetype/noto/NotoSansDisplay-BoldItalic.ttf", O_RDONLY|O_CLOEXEC) = 3
14:15:48.056096 openat(AT_FDCWD, "/usr/share/fonts/truetype/noto/NotoSansDisplay-Italic.ttf", O_RDONLY|O_CLOEXEC) = 3
14:15:48.056250 openat(AT_FDCWD, "/usr/share/fonts/truetype/noto/NotoSansDisplay-Regular.ttf", O_RDONLY|O_CLOEXEC) = 3
14:15:48.056404 openat(AT_FDCWD, "/usr/share/fonts/truetype/noto/NotoSansDuployan-Regular.ttf", O_RDONLY|O_CLOEXEC) = 3
14:15:48.056545 openat(AT_FDCWD, "/usr/share/fonts/truetype/noto/NotoSansEgyptianHieroglyphs-Regular.ttf", O_RDONLY|O_CLOEXEC) = 3
14:15:48.056695 openat(AT_FDCWD, "/usr/share/fonts/truetype/noto/NotoSansElbasan-Regular.ttf", O_RDONLY|O_CLOEXEC) = 3
14:15:48.056835 openat(AT_FDCWD, "/usr/share/fonts/truetype/noto/NotoSansElymaic-Regular.ttf", O_RDONLY|O_CLOEXEC) = 3
14:15:48.056979 openat(AT_FDCWD, "/usr/share/fonts/truetype/noto/NotoSansEthiopic-Bold.ttf", O_RDONLY|O_CLOEXEC) = 3
14:15:48.057139 openat(AT_FDCWD, "/usr/share/fonts/truetype/noto/NotoSansEthiopic-Regular.ttf", O_RDONLY|O_CLOEXEC) = 3
14:15:48.057291 openat(AT_FDCWD, "/usr/share/fonts/truetype/noto/NotoSansGeorgian-Bold.ttf", O_RDONLY|O_CLOEXEC) = 3
14:15:48.057434 openat(AT_FDCWD, "/usr/share/fonts/truetype/noto/NotoSansGeorgian-Regular.ttf", O_RDONLY|O_CLOEXEC) = 3
14:15:48.057576 openat(AT_FDCWD, "/usr/share/fonts/truetype/noto/NotoSansGlagolitic-Regular.ttf", O_RDONLY|O_CLOEXEC) = 3
14:15:48.057735 openat(AT_FDCWD, "/usr/share/fonts/truetype/noto/NotoSansGothic-Regular.ttf", O_RDONLY|O_CLOEXEC) = 3
14:15:48.057875 openat(AT_FDCWD, "/usr/share/fonts/truetype/noto/NotoSansGrantha-Regular.ttf", O_RDONLY|O_CLOEXEC) = 3
14:15:48.058037 openat(AT_FDCWD, "/usr/share/fonts/truetype/noto/NotoSansGujarati-Bold.ttf", O_RDONLY|O_CLOEXEC) = 3
14:15:48.058186 openat(AT_FDCWD, "/usr/share/fonts/truetype/noto/NotoSansGujarati-Regular.ttf", O_RDONLY|O_CLOEXEC) = 3
14:15:48.058335 openat(AT_FDCWD, "/usr/share/fonts/truetype/noto/NotoSansGunjalaGondi-Regular.ttf", O_RDONLY|O_CLOEXEC) = 3
14:15:48.058479 openat(AT_FDCWD, "/usr/share/fonts/truetype/noto/NotoSansGurmukhi-Bold.ttf", O_RDONLY|O_CLOEXEC) = 3
14:15:48.058621 openat(AT_FDCWD, "/usr/share/fonts/truetype/noto/NotoSansGurmukhi-Regular.ttf", O_RDONLY|O_CLOEXEC) = 3
14:15:48.058764 openat(AT_FDCWD, "/usr/share/fonts/truetype/noto/NotoSansHanifiRohingya-Bold.ttf", O_RDONLY|O_CLOEXEC) = 3
14:15:48.058910 openat(AT_FDCWD, "/usr/share/fonts/truetype/noto/NotoSansHanifiRohingya-Regular.ttf", O_RDONLY|O_CLOEXEC) = 3
14:15:48.059053 openat(AT_FDCWD, "/usr/share/fonts/truetype/noto/NotoSansHanunoo-Regular.ttf", O_RDONLY|O_CLOEXEC) = 3
14:15:48.059192 openat(AT_FDCWD, "/usr/share/fonts/truetype/noto/NotoSansHatran-Regular.ttf", O_RDONLY|O_CLOEXEC) = 3
14:15:48.059331 openat(AT_FDCWD, "/usr/share/fonts/truetype/noto/NotoSansHebrew-Bold.ttf", O_RDONLY|O_CLOEXEC) = 3
14:15:48.059471 openat(AT_FDCWD, "/usr/share/fonts/truetype/noto/NotoSansHebrew-Regular.ttf", O_RDONLY|O_CLOEXEC) = 3
14:15:48.059612 openat(AT_FDCWD, "/usr/share/fonts/truetype/noto/NotoSansImperialAramaic-Regular.ttf", O_RDONLY|O_CLOEXEC) = 3
14:15:48.059751 openat(AT_FDCWD, "/usr/share/fonts/truetype/noto/NotoSansIndicSiyaqNumbers-Regular.ttf", O_RDONLY|O_CLOEXEC) = 3
14:15:48.059891 openat(AT_FDCWD, "/usr/share/fonts/truetype/noto/NotoSansInscriptionalPahlavi-Regular.ttf", O_RDONLY|O_CLOEXEC) = 3
14:15:48.060037 openat(AT_FDCWD, "/usr/share/fonts/truetype/noto/NotoSansInscriptionalParthian-Regular.ttf", O_RDONLY|O_CLOEXEC) = 3
14:15:48.060177 openat(AT_FDCWD, "/usr/share/fonts/truetype/noto/NotoSansJavanese-Bold.ttf", O_RDONLY|O_CLOEXEC) = 3
14:15:48.060328 openat(AT_FDCWD, "/usr/share/fonts/truetype/noto/NotoSansJavanese-Regular.ttf", O_RDONLY|O_CLOEXEC) = 3
14:15:48.060477 openat(AT_FDCWD, "/usr/share/fonts/truetype/noto/NotoSansKaithi-Regular.ttf", O_RDONLY|O_CLOEXEC) = 3
14:15:48.060627 openat(AT_FDCWD, "/usr/share/fonts/truetype/noto/NotoSansKannada-Bold.ttf", O_RDONLY|O_CLOEXEC) = 3
14:15:48.060775 openat(AT_FDCWD, "/usr/share/fonts/truetype/noto/NotoSansKannada-Regular.ttf", O_RDONLY|O_CLOEXEC) = 3
14:15:48.060929 openat(AT_FDCWD, "/usr/share/fonts/truetype/noto/NotoSansKayahLi-Bold.ttf", O_RDONLY|O_CLOEXEC) = 3
14:15:48.061071 openat(AT_FDCWD, "/usr/share/fonts/truetype/noto/NotoSansKayahLi-Regular.ttf", O_RDONLY|O_CLOEXEC) = 3
14:15:48.061209 openat(AT_FDCWD, "/usr/share/fonts/truetype/noto/NotoSansKharoshthi-Regular.ttf", O_RDONLY|O_CLOEXEC) = 3
14:15:48.061351 openat(AT_FDCWD, "/usr/share/fonts/truetype/noto/NotoSansKhmer-Bold.ttf", O_RDONLY|O_CLOEXEC) = 3
14:15:48.061500 openat(AT_FDCWD, "/usr/share/fonts/truetype/noto/NotoSansKhmer-Regular.ttf", O_RDONLY|O_CLOEXEC) = 3
14:15:48.061649 openat(AT_FDCWD, "/usr/share/fonts/truetype/noto/NotoSansKhojki-Regular.ttf", O_RDONLY|O_CLOEXEC) = 3
14:15:48.061794 openat(AT_FDCWD, "/usr/share/fonts/truetype/noto/NotoSansKhudawadi-Regular.ttf", O_RDONLY|O_CLOEXEC) = 3
14:15:48.061940 openat(AT_FDCWD, "/usr/share/fonts/truetype/noto/NotoSansLao-Bold.ttf", O_RDONLY|O_CLOEXEC) = 3
14:15:48.062084 openat(AT_FDCWD, "/usr/share/fonts/truetype/noto/NotoSansLao-Regular.ttf", O_RDONLY|O_CLOEXEC) = 3
14:15:48.062224 openat(AT_FDCWD, "/usr/share/fonts/truetype/noto/NotoSansLepcha-Regular.ttf", O_RDONLY|O_CLOEXEC) = 3
14:15:48.062365 openat(AT_FDCWD, "/usr/share/fonts/truetype/noto/NotoSansLimbu-Regular.ttf", O_RDONLY|O_CLOEXEC) = 3
14:15:48.062502 openat(AT_FDCWD, "/usr/share/fonts/truetype/noto/NotoSansLinearA-Regular.ttf", O_RDONLY|O_CLOEXEC) = 3
14:15:48.062658 openat(AT_FDCWD, "/usr/share/fonts/truetype/noto/NotoSansLinearB-Regular.ttf", O_RDONLY|O_CLOEXEC) = 3
14:15:48.062801 openat(AT_FDCWD, "/usr/share/fonts/truetype/noto/NotoSansLisu-Bold.ttf", O_RDONLY|O_CLOEXEC) = 3
14:15:48.063010 openat(AT_FDCWD, "/usr/share/fonts/truetype/noto/NotoSansLisu-Regular.ttf", O_RDONLY|O_CLOEXEC) = 3
14:15:48.063175 openat(AT_FDCWD, "/usr/share/fonts/truetype/noto/NotoSansLycian-Regular.ttf", O_RDONLY|O_CLOEXEC) = 3
14:15:48.063331 openat(AT_FDCWD, "/usr/share/fonts/truetype/noto/NotoSansLydian-Regular.ttf", O_RDONLY|O_CLOEXEC) = 3
14:15:48.063484 openat(AT_FDCWD, "/usr/share/fonts/truetype/noto/NotoSansMahajani-Regular.ttf", O_RDONLY|O_CLOEXEC) = 3
14:15:48.063638 openat(AT_FDCWD, "/usr/share/fonts/truetype/noto/NotoSansMalayalam-Bold.ttf", O_RDONLY|O_CLOEXEC) = 3
14:15:48.063806 openat(AT_FDCWD, "/usr/share/fonts/truetype/noto/NotoSansMalayalam-Regular.ttf", O_RDONLY|O_CLOEXEC) = 3
14:15:48.063982 openat(AT_FDCWD, "/usr/share/fonts/truetype/noto/NotoSansMandaic-Regular.ttf", O_RDONLY|O_CLOEXEC) = 3
14:15:48.064140 openat(AT_FDCWD, "/usr/share/fonts/truetype/noto/NotoSansManichaean-Regular.ttf", O_RDONLY|O_CLOEXEC) = 3
14:15:48.064286 openat(AT_FDCWD, "/usr/share/fonts/truetype/noto/NotoSansMarchen-Regular.ttf", O_RDONLY|O_CLOEXEC) = 3
14:15:48.064441 openat(AT_FDCWD, "/usr/share/fonts/truetype/noto/NotoSansMasaramGondi-Regular.ttf", O_RDONLY|O_CLOEXEC) = 3
14:15:48.064586 openat(AT_FDCWD, "/usr/share/fonts/truetype/noto/NotoSansMath-Regular.ttf", O_RDONLY|O_CLOEXEC) = 3
14:15:48.064740 openat(AT_FDCWD, "/usr/share/fonts/truetype/noto/NotoSansMayanNumerals-Regular.ttf", O_RDONLY|O_CLOEXEC) = 3
14:15:48.064883 openat(AT_FDCWD, "/usr/share/fonts/truetype/noto/NotoSansMedefaidrin-Bold.ttf", O_RDONLY|O_CLOEXEC) = 3
14:15:48.065033 openat(AT_FDCWD, "/usr/share/fonts/truetype/noto/NotoSansMedefaidrin-Regular.ttf", O_RDONLY|O_CLOEXEC) = 3
14:15:48.065177 openat(AT_FDCWD, "/usr/share/fonts/truetype/noto/NotoSansMeeteiMayek-Bold.ttf", O_RDONLY|O_CLOEXEC) = 3
14:15:48.065324 openat(AT_FDCWD, "/usr/share/fonts/truetype/noto/NotoSansMeeteiMayek-Regular.ttf", O_RDONLY|O_CLOEXEC) = 3
14:15:48.065468 openat(AT_FDCWD, "/usr/share/fonts/truetype/noto/NotoSansMendeKikakui-Regular.ttf", O_RDONLY|O_CLOEXEC) = 3
14:15:48.065612 openat(AT_FDCWD, "/usr/share/fonts/truetype/noto/NotoSansMeroitic-Regular.ttf", O_RDONLY|O_CLOEXEC) = 3
14:15:48.065756 openat(AT_FDCWD, "/usr/share/fonts/truetype/noto/NotoSansMiao-Regular.ttf", O_RDONLY|O_CLOEXEC) = 3
14:15:48.065907 openat(AT_FDCWD, "/usr/share/fonts/truetype/noto/NotoSansModi-Regular.ttf", O_RDONLY|O_CLOEXEC) = 3
14:15:48.066056 openat(AT_FDCWD, "/usr/share/fonts/truetype/noto/NotoSansMongolian-Regular.ttf", O_RDONLY|O_CLOEXEC) = 3
14:15:48.066210 openat(AT_FDCWD, "/usr/share/fonts/truetype/noto/NotoSansMono-Bold.ttf", O_RDONLY|O_CLOEXEC) = 3
14:15:48.066367 openat(AT_FDCWD, "/usr/share/fonts/truetype/noto/NotoSansMono-Regular.ttf", O_RDONLY|O_CLOEXEC) = 3
14:15:48.066520 openat(AT_FDCWD, "/usr/share/fonts/truetype/noto/NotoSansMro-Regular.ttf", O_RDONLY|O_CLOEXEC) = 3
14:15:48.066660 openat(AT_FDCWD, "/usr/share/fonts/truetype/noto/NotoSansMultani-Regular.ttf", O_RDONLY|O_CLOEXEC) = 3
14:15:48.066801 openat(AT_FDCWD, "/usr/share/fonts/truetype/noto/NotoSansMyanmar-Bold.ttf", O_RDONLY|O_CLOEXEC) = 3
14:15:48.066956 openat(AT_FDCWD, "/usr/share/fonts/truetype/noto/NotoSansMyanmar-Regular.ttf", O_RDONLY|O_CLOEXEC) = 3
14:15:48.067107 openat(AT_FDCWD, "/usr/share/fonts/truetype/noto/NotoSansNKo-Regular.ttf", O_RDONLY|O_CLOEXEC) = 3
14:15:48.067252 openat(AT_FDCWD, "/usr/share/fonts/truetype/noto/NotoSansNabataean-Regular.ttf", O_RDONLY|O_CLOEXEC) = 3
14:15:48.067392 openat(AT_FDCWD, "/usr/share/fonts/truetype/noto/NotoSansNewTaiLue-Regular.ttf", O_RDONLY|O_CLOEXEC) = 3
14:15:48.067532 openat(AT_FDCWD, "/usr/share/fonts/truetype/noto/NotoSansNewa-Regular.ttf", O_RDONLY|O_CLOEXEC) = 3
14:15:48.067684 openat(AT_FDCWD, "/usr/share/fonts/truetype/noto/NotoSansNushu-Regular.ttf", O_RDONLY|O_CLOEXEC) = 3
14:15:48.067831 openat(AT_FDCWD, "/usr/share/fonts/truetype/noto/NotoSansOgham-Regular.ttf", O_RDONLY|O_CLOEXEC) = 3
14:15:48.067994 openat(AT_FDCWD, "/usr/share/fonts/truetype/noto/NotoSansOlChiki-Bold.ttf", O_RDONLY|O_CLOEXEC) = 3
14:15:48.068137 openat(AT_FDCWD, "/usr/share/fonts/truetype/noto/NotoSansOlChiki-Regular.ttf", O_RDONLY|O_CLOEXEC) = 3
14:15:48.068277 openat(AT_FDCWD, "/usr/share/fonts/truetype/noto/NotoSansOldHungarian-Regular.ttf", O_RDONLY|O_CLOEXEC) = 3
14:15:48.068422 openat(AT_FDCWD, "/usr/share/fonts/truetype/noto/NotoSansOldItalic-Regular.ttf", O_RDONLY|O_CLOEXEC) = 3
14:15:48.068564 openat(AT_FDCWD, "/usr/share/fonts/truetype/noto/NotoSansOldNorthArabian-Regular.ttf", O_RDONLY|O_CLOEXEC) = 3
14:15:48.068704 openat(AT_FDCWD, "/usr/share/fonts/truetype/noto/NotoSansOldPermic-Regular.ttf", O_RDONLY|O_CLOEXEC) = 3
14:15:48.068844 openat(AT_FDCWD, "/usr/share/fonts/truetype/noto/NotoSansOldPersian-Regular.ttf", O_RDONLY|O_CLOEXEC) = 3
14:15:48.068991 openat(AT_FDCWD, "/usr/share/fonts/truetype/noto/NotoSansOldSogdian-Regular.ttf", O_RDONLY|O_CLOEXEC) = 3
14:15:48.069133 openat(AT_FDCWD, "/usr/share/fonts/truetype/noto/NotoSansOldSouthArabian-Regular.ttf", O_RDONLY|O_CLOEXEC) = 3
14:15:48.069274 openat(AT_FDCWD, "/usr/share/fonts/truetype/noto/NotoSansOldTurkic-Regular.ttf", O_RDONLY|O_CLOEXEC) = 3
14:15:48.069415 openat(AT_FDCWD, "/usr/share/fonts/truetype/noto/NotoSansOriya-Bold.ttf", O_RDONLY|O_CLOEXEC) = 3
14:15:48.069567 openat(AT_FDCWD, "/usr/share/fonts/truetype/noto/NotoSansOriya-Regular.ttf", O_RDONLY|O_CLOEXEC) = 3
14:15:48.069718 openat(AT_FDCWD, "/usr/share/fonts/truetype/noto/NotoSansOsage-Regular.ttf", O_RDONLY|O_CLOEXEC) = 3
14:15:48.069860 openat(AT_FDCWD, "/usr/share/fonts/truetype/noto/NotoSansOsmanya-Regular.ttf", O_RDONLY|O_CLOEXEC) = 3
14:15:48.070008 openat(AT_FDCWD, "/usr/share/fonts/truetype/noto/NotoSansPahawhHmong-Regular.ttf", O_RDONLY|O_CLOEXEC) = 3
14:15:48.070150 openat(AT_FDCWD, "/usr/share/fonts/truetype/noto/NotoSansPalmyrene-Regular.ttf", O_RDONLY|O_CLOEXEC) = 3
14:15:48.070290 openat(AT_FDCWD, "/usr/share/fonts/truetype/noto/NotoSansPauCinHau-Regular.ttf", O_RDONLY|O_CLOEXEC) = 3
14:15:48.070431 openat(AT_FDCWD, "/usr/share/fonts/truetype/noto/NotoSansPhagsPa-Regular.ttf", O_RDONLY|O_CLOEXEC) = 3
14:15:48.070574 openat(AT_FDCWD, "/usr/share/fonts/truetype/noto/NotoSansPhoenician-Regular.ttf", O_RDONLY|O_CLOEXEC) = 3
14:15:48.070713 openat(AT_FDCWD, "/usr/share/fonts/truetype/noto/NotoSansPsalterPahlavi-Regular.ttf", O_RDONLY|O_CLOEXEC) = 3
14:15:48.070857 openat(AT_FDCWD, "/usr/share/fonts/truetype/noto/NotoSansRejang-Regular.ttf", O_RDONLY|O_CLOEXEC) = 3
14:15:48.071004 openat(AT_FDCWD, "/usr/share/fonts/truetype/noto/NotoSansRunic-Regular.ttf", O_RDONLY|O_CLOEXEC) = 3
14:15:48.071145 openat(AT_FDCWD, "/usr/share/fonts/truetype/noto/NotoSansSamaritan-Regular.ttf", O_RDONLY|O_CLOEXEC) = 3
14:15:48.071285 openat(AT_FDCWD, "/usr/share/fonts/truetype/noto/NotoSansSaurashtra-Regular.ttf", O_RDONLY|O_CLOEXEC) = 3
14:15:48.071427 openat(AT_FDCWD, "/usr/share/fonts/truetype/noto/NotoSansSharada-Regular.ttf", O_RDONLY|O_CLOEXEC) = 3
14:15:48.071571 openat(AT_FDCWD, "/usr/share/fonts/truetype/noto/NotoSansShavian-Regular.ttf", O_RDONLY|O_CLOEXEC) = 3
14:15:48.071712 openat(AT_FDCWD, "/usr/share/fonts/truetype/noto/NotoSansSiddham-Regular.ttf", O_RDONLY|O_CLOEXEC) = 3
14:15:48.071868 openat(AT_FDCWD, "/usr/share/fonts/truetype/noto/NotoSansSignWriting-Regular.ttf", O_RDONLY|O_CLOEXEC) = 3
14:15:48.072052 openat(AT_FDCWD, "/usr/share/fonts/truetype/noto/NotoSansSinhala-Bold.ttf", O_RDONLY|O_CLOEXEC) = 3
14:15:48.072207 openat(AT_FDCWD, "/usr/share/fonts/truetype/noto/NotoSansSinhala-Regular.ttf", O_RDONLY|O_CLOEXEC) = 3
14:15:48.072359 openat(AT_FDCWD, "/usr/share/fonts/truetype/noto/NotoSansSogdian-Regular.ttf", O_RDONLY|O_CLOEXEC) = 3
14:15:48.072514 openat(AT_FDCWD, "/usr/share/fonts/truetype/noto/NotoSansSoraSompeng-Bold.ttf", O_RDONLY|O_CLOEXEC) = 3
14:15:48.072661 openat(AT_FDCWD, "/usr/share/fonts/truetype/noto/NotoSansSoraSompeng-Regular.ttf", O_RDONLY|O_CLOEXEC) = 3
14:15:48.072802 openat(AT_FDCWD, "/usr/share/fonts/truetype/noto/NotoSansSoyombo-Regular.ttf", O_RDONLY|O_CLOEXEC) = 3
14:15:48.072976 openat(AT_FDCWD, "/usr/share/fonts/truetype/noto/NotoSansSundanese-Bold.ttf", O_RDONLY|O_CLOEXEC) = 3
14:15:48.073124 openat(AT_FDCWD, "/usr/share/fonts/truetype/noto/NotoSansSundanese-Regular.ttf", O_RDONLY|O_CLOEXEC) = 3
14:15:48.073269 openat(AT_FDCWD, "/usr/share/fonts/truetype/noto/NotoSansSylotiNagri-Regular.ttf", O_RDONLY|O_CLOEXEC) = 3
14:15:48.073413 openat(AT_FDCWD, "/usr/share/fonts/truetype/noto/NotoSansSymbols-Bold.ttf", O_RDONLY|O_CLOEXEC) = 3
14:15:48.073569 openat(AT_FDCWD, "/usr/share/fonts/truetype/noto/NotoSansSymbols-Regular.ttf", O_RDONLY|O_CLOEXEC) = 3
14:15:48.073722 openat(AT_FDCWD, "/usr/share/fonts/truetype/noto/NotoSansSymbols2-Regular.ttf", O_RDONLY|O_CLOEXEC) = 3
14:15:48.073875 openat(AT_FDCWD, "/usr/share/fonts/truetype/noto/NotoSansSyriac-Regular.ttf", O_RDONLY|O_CLOEXEC) = 3
14:15:48.074058 openat(AT_FDCWD, "/usr/share/fonts/truetype/noto/NotoSansTagalog-Regular.ttf", O_RDONLY|O_CLOEXEC) = 3
14:15:48.074204 openat(AT_FDCWD, "/usr/share/fonts/truetype/noto/NotoSansTagbanwa-Regular.ttf", O_RDONLY|O_CLOEXEC) = 3
14:15:48.074345 openat(AT_FDCWD, "/usr/share/fonts/truetype/noto/NotoSansTaiLe-Regular.ttf", O_RDONLY|O_CLOEXEC) = 3
14:15:48.074489 openat(AT_FDCWD, "/usr/share/fonts/truetype/noto/NotoSansTaiTham-Bold.ttf", O_RDONLY|O_CLOEXEC) = 3
14:15:48.074644 openat(AT_FDCWD, "/usr/share/fonts/truetype/noto/NotoSansTaiTham-Regular.ttf", O_RDONLY|O_CLOEXEC) = 3
14:15:48.074798 openat(AT_FDCWD, "/usr/share/fonts/truetype/noto/NotoSansTaiViet-Regular.ttf", O_RDONLY|O_CLOEXEC) = 3
14:15:48.074953 openat(AT_FDCWD, "/usr/share/fonts/truetype/noto/NotoSansTakri-Regular.ttf", O_RDONLY|O_CLOEXEC) = 3
14:15:48.075098 openat(AT_FDCWD, "/usr/share/fonts/truetype/noto/NotoSansTamil-Bold.ttf", O_RDONLY|O_CLOEXEC) = 3
14:15:48.075252 openat(AT_FDCWD, "/usr/share/fonts/truetype/noto/NotoSansTamil-Regular.ttf", O_RDONLY|O_CLOEXEC) = 3
14:15:48.075401 openat(AT_FDCWD, "/usr/share/fonts/truetype/noto/NotoSansTamilSupplement-Regular.ttf", O_RDONLY|O_CLOEXEC) = 3
14:15:48.075544 openat(AT_FDCWD, "/usr/share/fonts/truetype/noto/NotoSansTelugu-Bold.ttf", O_RDONLY|O_CLOEXEC) = 3
14:15:48.075696 openat(AT_FDCWD, "/usr/share/fonts/truetype/noto/NotoSansTelugu-Regular.ttf", O_RDONLY|O_CLOEXEC) = 3
14:15:48.075849 openat(AT_FDCWD, "/usr/share/fonts/truetype/noto/NotoSansThaana-Bold.ttf", O_RDONLY|O_CLOEXEC) = 3
14:15:48.075999 openat(AT_FDCWD, "/usr/share/fonts/truetype/noto/NotoSansThaana-Regular.ttf", O_RDONLY|O_CLOEXEC) = 3
14:15:48.076144 openat(AT_FDCWD, "/usr/share/fonts/truetype/noto/NotoSansThai-Bold.ttf", O_RDONLY|O_CLOEXEC) = 3
14:15:48.076290 openat(AT_FDCWD, "/usr/share/fonts/truetype/noto/NotoSansThai-Regular.ttf", O_RDONLY|O_CLOEXEC) = 3
14:15:48.076437 openat(AT_FDCWD, "/usr/share/fonts/truetype/noto/NotoSansTifinagh-Regular.ttf", O_RDONLY|O_CLOEXEC) = 3
14:15:48.076583 openat(AT_FDCWD, "/usr/share/fonts/truetype/noto/NotoSansTifinaghAPT-Regular.ttf", O_RDONLY|O_CLOEXEC) = 3
14:15:48.076726 openat(AT_FDCWD, "/usr/share/fonts/truetype/noto/NotoSansTifinaghAdrar-Regular.ttf", O_RDONLY|O_CLOEXEC) = 3
14:15:48.076870 openat(AT_FDCWD, "/usr/share/fonts/truetype/noto/NotoSansTifinaghAgrawImazighen-Regular.ttf", O_RDONLY|O_CLOEXEC) = 3
14:15:48.077020 openat(AT_FDCWD, "/usr/share/fonts/truetype/noto/NotoSansTifinaghAhaggar-Regular.ttf", O_RDONLY|O_CLOEXEC) = 3
14:15:48.077166 openat(AT_FDCWD, "/usr/share/fonts/truetype/noto/NotoSansTifinaghAir-Regular.ttf", O_RDONLY|O_CLOEXEC) = 3
14:15:48.077313 openat(AT_FDCWD, "/usr/share/fonts/truetype/noto/NotoSansTifinaghAzawagh-Regular.ttf", O_RDONLY|O_CLOEXEC) = 3
14:15:48.077461 openat(AT_FDCWD, "/usr/share/fonts/truetype/noto/NotoSansTifinaghGhat-Regular.ttf", O_RDONLY|O_CLOEXEC) = 3
14:15:48.077608 openat(AT_FDCWD, "/usr/share/fonts/truetype/noto/NotoSansTifinaghHawad-Regular.ttf", O_RDONLY|O_CLOEXEC) = 3
14:15:48.077755 openat(AT_FDCWD, "/usr/share/fonts/truetype/noto/NotoSansTifinaghRhissaIxa-Regular.ttf", O_RDONLY|O_CLOEXEC) = 3
14:15:48.077900 openat(AT_FDCWD, "/usr/share/fonts/truetype/noto/NotoSansTifinaghSIL-Regular.ttf", O_RDONLY|O_CLOEXEC) = 3
14:15:48.078074 openat(AT_FDCWD, "/usr/share/fonts/truetype/noto/NotoSansTifinaghTawellemmet-Regular.ttf", O_RDONLY|O_CLOEXEC) = 3
14:15:48.078220 openat(AT_FDCWD, "/usr/share/fonts/truetype/noto/NotoSansTirhuta-Regular.ttf", O_RDONLY|O_CLOEXEC) = 3
14:15:48.078376 openat(AT_FDCWD, "/usr/share/fonts/truetype/noto/NotoSansUgaritic-Regular.ttf", O_RDONLY|O_CLOEXEC) = 3
14:15:48.078518 openat(AT_FDCWD, "/usr/share/fonts/truetype/noto/NotoSansVai-Regular.ttf", O_RDONLY|O_CLOEXEC) = 3
14:15:48.078671 openat(AT_FDCWD, "/usr/share/fonts/truetype/noto/NotoSansWancho-Regular.ttf", O_RDONLY|O_CLOEXEC) = 3
14:15:48.078814 openat(AT_FDCWD, "/usr/share/fonts/truetype/noto/NotoSansWarangCiti-Regular.ttf", O_RDONLY|O_CLOEXEC) = 3
14:15:48.078976 openat(AT_FDCWD, "/usr/share/fonts/truetype/noto/NotoSansYi-Regular.ttf", O_RDONLY|O_CLOEXEC) = 3
14:15:48.079132 openat(AT_FDCWD, "/usr/share/fonts/truetype/noto/NotoSansZanabazarSquare-Regular.ttf", O_RDONLY|O_CLOEXEC) = 3
14:15:48.079277 openat(AT_FDCWD, "/usr/share/fonts/truetype/noto/NotoSerif-Bold.ttf", O_RDONLY|O_CLOEXEC) = 3
14:15:48.079434 openat(AT_FDCWD, "/usr/share/fonts/truetype/noto/NotoSerif-BoldItalic.ttf", O_RDONLY|O_CLOEXEC) = 3
14:15:48.079592 openat(AT_FDCWD, "/usr/share/fonts/truetype/noto/NotoSerif-Italic.ttf", O_RDONLY|O_CLOEXEC) = 3
14:15:48.079751 openat(AT_FDCWD, "/usr/share/fonts/truetype/noto/NotoSerif-Regular.ttf", O_RDONLY|O_CLOEXEC) = 3
14:15:48.079928 openat(AT_FDCWD, "/usr/share/fonts/truetype/noto/NotoSerifAhom-Regular.ttf", O_RDONLY|O_CLOEXEC) = 3
14:15:48.080074 openat(AT_FDCWD, "/usr/share/fonts/truetype/noto/NotoSerifArmenian-Bold.ttf", O_RDONLY|O_CLOEXEC) = 3
14:15:48.080220 openat(AT_FDCWD, "/usr/share/fonts/truetype/noto/NotoSerifArmenian-Regular.ttf", O_RDONLY|O_CLOEXEC) = 3
14:15:48.080365 openat(AT_FDCWD, "/usr/share/fonts/truetype/noto/NotoSerifBalinese-Regular.ttf", O_RDONLY|O_CLOEXEC) = 3
14:15:48.080511 openat(AT_FDCWD, "/usr/share/fonts/truetype/noto/NotoSerifBengali-Bold.ttf", O_RDONLY|O_CLOEXEC) = 3
14:15:48.080664 openat(AT_FDCWD, "/usr/share/fonts/truetype/noto/NotoSerifBengali-Regular.ttf", O_RDONLY|O_CLOEXEC) = 3
14:15:48.080815 openat(AT_FDCWD, "/usr/share/fonts/truetype/noto/NotoSerifDevanagari-Bold.ttf", O_RDONLY|O_CLOEXEC) = 3
14:15:48.080979 openat(AT_FDCWD, "/usr/share/fonts/truetype/noto/NotoSerifDevanagari-Regular.ttf", O_RDONLY|O_CLOEXEC) = 3
14:15:48.081136 openat(AT_FDCWD, "/usr/share/fonts/truetype/noto/NotoSerifDisplay-Bold.ttf", O_RDONLY|O_CLOEXEC) = 3
14:15:48.081330 openat(AT_FDCWD, "/usr/share/fonts/truetype/noto/NotoSerifDisplay-BoldItalic.ttf", O_RDONLY|O_CLOEXEC) = 3
14:15:48.081534 openat(AT_FDCWD, "/usr/share/fonts/truetype/noto/NotoSerifDisplay-Italic.ttf", O_RDONLY|O_CLOEXEC) = 3
14:15:48.081735 openat(AT_FDCWD, "/usr/share/fonts/truetype/noto/NotoSerifDisplay-Regular.ttf", O_RDONLY|O_CLOEXEC) = 3
14:15:48.081953 openat(AT_FDCWD, "/usr/share/fonts/truetype/noto/NotoSerifDogra-Regular.ttf", O_RDONLY|O_CLOEXEC) = 3
14:15:48.082132 openat(AT_FDCWD, "/usr/share/fonts/truetype/noto/NotoSerifEthiopic-Bold.ttf", O_RDONLY|O_CLOEXEC) = 3
14:15:48.082296 openat(AT_FDCWD, "/usr/share/fonts/truetype/noto/NotoSerifEthiopic-Regular.ttf", O_RDONLY|O_CLOEXEC) = 3
14:15:48.082456 openat(AT_FDCWD, "/usr/share/fonts/truetype/noto/NotoSerifGeorgian-Bold.ttf", O_RDONLY|O_CLOEXEC) = 3
14:15:48.082606 openat(AT_FDCWD, "/usr/share/fonts/truetype/noto/NotoSerifGeorgian-Regular.ttf", O_RDONLY|O_CLOEXEC) = 3
14:15:48.082754 openat(AT_FDCWD, "/usr/share/fonts/truetype/noto/NotoSerifGrantha-Regular.ttf", O_RDONLY|O_CLOEXEC) = 3
14:15:48.082928 openat(AT_FDCWD, "/usr/share/fonts/truetype/noto/NotoSerifGujarati-Bold.ttf", O_RDONLY|O_CLOEXEC) = 3
14:15:48.083089 openat(AT_FDCWD, "/usr/share/fonts/truetype/noto/NotoSerifGujarati-Regular.ttf", O_RDONLY|O_CLOEXEC) = 3
14:15:48.083247 openat(AT_FDCWD, "/usr/share/fonts/truetype/noto/NotoSerifGurmukhi-Bold.ttf", O_RDONLY|O_CLOEXEC) = 3
14:15:48.083394 openat(AT_FDCWD, "/usr/share/fonts/truetype/noto/NotoSerifGurmukhi-Regular.ttf", O_RDONLY|O_CLOEXEC) = 3
14:15:48.083559 openat(AT_FDCWD, "/usr/share/fonts/truetype/noto/NotoSerifHebrew-Bold.ttf", O_RDONLY|O_CLOEXEC) = 3
14:15:48.083703 openat(AT_FDCWD, "/usr/share/fonts/truetype/noto/NotoSerifHebrew-Regular.ttf", O_RDONLY|O_CLOEXEC) = 3
14:15:48.083858 openat(AT_FDCWD, "/usr/share/fonts/truetype/noto/NotoSerifKannada-Bold.ttf", O_RDONLY|O_CLOEXEC) = 3
14:15:48.084056 openat(AT_FDCWD, "/usr/share/fonts/truetype/noto/NotoSerifKannada-Regular.ttf", O_RDONLY|O_CLOEXEC) = 3
14:15:48.084255 openat(AT_FDCWD, "/usr/share/fonts/truetype/noto/NotoSerifKhmer-Bold.ttf", O_RDONLY|O_CLOEXEC) = 3
14:15:48.084445 openat(AT_FDCWD, "/usr/share/fonts/truetype/noto/NotoSerifKhmer-Regular.ttf", O_RDONLY|O_CLOEXEC) = 3
14:15:48.084628 openat(AT_FDCWD, "/usr/share/fonts/truetype/noto/NotoSerifKhojki-Bold.ttf", O_RDONLY|O_CLOEXEC) = 3
14:15:48.084791 openat(AT_FDCWD, "/usr/share/fonts/truetype/noto/NotoSerifKhojki-Regular.ttf", O_RDONLY|O_CLOEXEC) = 3
14:15:48.084962 openat(AT_FDCWD, "/usr/share/fonts/truetype/noto/NotoSerifLao-Bold.ttf", O_RDONLY|O_CLOEXEC) = 3
14:15:48.085115 openat(AT_FDCWD, "/usr/share/fonts/truetype/noto/NotoSerifLao-Regular.ttf", O_RDONLY|O_CLOEXEC) = 3
14:15:48.085269 openat(AT_FDCWD, "/usr/share/fonts/truetype/noto/NotoSerifMalayalam-Bold.ttf", O_RDONLY|O_CLOEXEC) = 3
14:15:48.085438 openat(AT_FDCWD, "/usr/share/fonts/truetype/noto/NotoSerifMalayalam-Regular.ttf", O_RDONLY|O_CLOEXEC) = 3
14:15:48.085607 openat(AT_FDCWD, "/usr/share/fonts/truetype/noto/NotoSerifMyanmar-Bold.ttf", O_RDONLY|O_CLOEXEC) = 3
14:15:48.085782 openat(AT_FDCWD, "/usr/share/fonts/truetype/noto/NotoSerifMyanmar-Regular.ttf", O_RDONLY|O_CLOEXEC) = 3
14:15:48.085962 openat(AT_FDCWD, "/usr/share/fonts/truetype/noto/NotoSerifNyiakengPuachueHmong-Bold.ttf", O_RDONLY|O_CLOEXEC) = 3
14:15:48.086118 openat(AT_FDCWD, "/usr/share/fonts/truetype/noto/NotoSerifNyiakengPuachueHmong-Regular.ttf", O_RDONLY|O_CLOEXEC) = 3
14:15:48.086271 openat(AT_FDCWD, "/usr/share/fonts/truetype/noto/NotoSerifSinhala-Bold.ttf", O_RDONLY|O_CLOEXEC) = 3
14:15:48.086425 openat(AT_FDCWD, "/usr/share/fonts/truetype/noto/NotoSerifSinhala-Regular.ttf", O_RDONLY|O_CLOEXEC) = 3
14:15:48.086580 openat(AT_FDCWD, "/usr/share/fonts/truetype/noto/NotoSerifTamil-Bold.ttf", O_RDONLY|O_CLOEXEC) = 3
14:15:48.086734 openat(AT_FDCWD, "/usr/share/fonts/truetype/noto/NotoSerifTamil-Regular.ttf", O_RDONLY|O_CLOEXEC) = 3
14:15:48.086916 openat(AT_FDCWD, "/usr/share/fonts/truetype/noto/NotoSerifTamilSlanted-Bold.ttf", O_RDONLY|O_CLOEXEC) = 3
14:15:48.087074 openat(AT_FDCWD, "/usr/share/fonts/truetype/noto/NotoSerifTamilSlanted-Regular.ttf", O_RDONLY|O_CLOEXEC) = 3
14:15:48.087226 openat(AT_FDCWD, "/usr/share/fonts/truetype/noto/NotoSerifTangut-Regular.ttf", O_RDONLY|O_CLOEXEC) = 3
14:15:48.087403 openat(AT_FDCWD, "/usr/share/fonts/truetype/noto/NotoSerifTelugu-Bold.ttf", O_RDONLY|O_CLOEXEC) = 3
14:15:48.087561 openat(AT_FDCWD, "/usr/share/fonts/truetype/noto/NotoSerifTelugu-Regular.ttf", O_RDONLY|O_CLOEXEC) = 3
14:15:48.087717 openat(AT_FDCWD, "/usr/share/fonts/truetype/noto/NotoSerifThai-Bold.ttf", O_RDONLY|O_CLOEXEC) = 3
14:15:48.087864 openat(AT_FDCWD, "/usr/share/fonts/truetype/noto/NotoSerifThai-Regular.ttf", O_RDONLY|O_CLOEXEC) = 3
14:15:48.088018 openat(AT_FDCWD, "/usr/share/fonts/truetype/noto/NotoSerifTibetan-Bold.ttf", O_RDONLY|O_CLOEXEC) = 3
14:15:48.088184 openat(AT_FDCWD, "/usr/share/fonts/truetype/noto/NotoSerifTibetan-Regular.ttf", O_RDONLY|O_CLOEXEC) = 3
14:15:48.088338 openat(AT_FDCWD, "/usr/share/fonts/truetype/noto/NotoSerifYezidi-Bold.ttf", O_RDONLY|O_CLOEXEC) = 3
14:15:48.088481 openat(AT_FDCWD, "/usr/share/fonts/truetype/noto/NotoSerifYezidi-Regular.ttf", O_RDONLY|O_CLOEXEC) = 3
14:15:48.088622 openat(AT_FDCWD, "/usr/share/fonts/truetype/noto/NotoTraditionalNushu-Regular.ttf", O_RDONLY|O_CLOEXEC) = 3
14:15:48.088778 openat(AT_FDCWD, "/usr/share/fonts/truetype/noto/NotoColorEmoji.ttf", O_RDONLY|O_CLOEXEC) = 3
14:15:48.088979 openat(AT_FDCWD, "/usr/share/fonts/truetype/ubuntu/Ubuntu[wdth,wght].ttf", O_RDONLY|O_CLOEXEC) = 3
14:15:48.089170 openat(AT_FDCWD, "/usr/share/fonts/truetype/ubuntu/Ubuntu-Italic[wdth,wght].ttf", O_RDONLY|O_CLOEXEC) = 3
14:15:48.089378 openat(AT_FDCWD, "/usr/share/fonts/truetype/ubuntu/UbuntuMono[wght].ttf", O_RDONLY|O_CLOEXEC) = 3
14:15:48.089563 openat(AT_FDCWD, "/usr/share/fonts/truetype/ubuntu/UbuntuMono-Italic[wght].ttf", O_RDONLY|O_CLOEXEC) = 3
14:15:48.089744 openat(AT_FDCWD, "/usr/share/fonts/truetype/ubuntu/UbuntuSans-Italic[wdth,wght].ttf", O_RDONLY|O_CLOEXEC) = 3
14:15:48.089937 openat(AT_FDCWD, "/usr/share/fonts/truetype/ubuntu/UbuntuSansMono-Italic[wght].ttf", O_RDONLY|O_CLOEXEC) = 3
14:15:48.090120 openat(AT_FDCWD, "/usr/share/fonts/truetype/ubuntu/UbuntuSansMono[wght].ttf", O_RDONLY|O_CLOEXEC) = 3
14:15:48.090300 openat(AT_FDCWD, "/usr/share/fonts/truetype/ubuntu/UbuntuSans[wdth,wght].ttf", O_RDONLY|O_CLOEXEC) = 3
14:15:48.090484 openat(AT_FDCWD, "/usr/share/fonts/truetype/tuffy/tuffy_bold.ttf", O_RDONLY|O_CLOEXEC) = 3
14:15:48.090662 openat(AT_FDCWD, "/usr/share/fonts/truetype/tuffy/tuffy_bold_italic.ttf", O_RDONLY|O_CLOEXEC) = 3
14:15:48.090836 openat(AT_FDCWD, "/usr/share/fonts/truetype/tuffy/tuffy_italic.ttf", O_RDONLY|O_CLOEXEC) = 3
14:15:48.091017 openat(AT_FDCWD, "/usr/share/fonts/truetype/tuffy/tuffy_regular.ttf", O_RDONLY|O_CLOEXEC) = 3
14:15:48.091190 openat(AT_FDCWD, "/usr/share/fonts/truetype/lyx/cmex10.ttf", O_RDONLY|O_CLOEXEC) = 3
14:15:48.091352 openat(AT_FDCWD, "/usr/share/fonts/truetype/lyx/cmmi10.ttf", O_RDONLY|O_CLOEXEC) = 3
14:15:48.091515 openat(AT_FDCWD, "/usr/share/fonts/truetype/lyx/cmr10.ttf", O_RDONLY|O_CLOEXEC) = 3
14:15:48.091678 openat(AT_FDCWD, "/usr/share/fonts/truetype/lyx/cmsy10.ttf", O_RDONLY|O_CLOEXEC) = 3
14:15:48.091841 openat(AT_FDCWD, "/usr/share/fonts/truetype/lyx/dsrom10.ttf", O_RDONLY|O_CLOEXEC) = 3
14:15:48.092007 openat(AT_FDCWD, "/usr/share/fonts/truetype/lyx/esint10.ttf", O_RDONLY|O_CLOEXEC) = 3
14:15:48.092170 openat(AT_FDCWD, "/usr/share/fonts/truetype/lyx/eufm10.ttf", O_RDONLY|O_CLOEXEC) = 3
14:15:48.092333 openat(AT_FDCWD, "/usr/share/fonts/truetype/lyx/msam10.ttf", O_RDONLY|O_CLOEXEC) = 3
14:15:48.092495 openat(AT_FDCWD, "/usr/share/fonts/truetype/lyx/msbm10.ttf", O_RDONLY|O_CLOEXEC) = 3
14:15:48.092658 openat(AT_FDCWD, "/usr/share/fonts/truetype/lyx/rsfs10.ttf", O_RDONLY|O_CLOEXEC) = 3
14:15:48.092819 openat(AT_FDCWD, "/usr/share/fonts/truetype/lyx/stmary10.ttf", O_RDONLY|O_CLOEXEC) = 3
14:15:48.092987 openat(AT_FDCWD, "/usr/share/fonts/truetype/lyx/wasy10.ttf", O_RDONLY|O_CLOEXEC) = 3
14:15:48.093150 openat(AT_FDCWD, "/usr/share/fonts/truetype/open-sans/OpenSans-Bold.ttf", O_RDONLY|O_CLOEXEC) = 3
14:15:48.093330 openat(AT_FDCWD, "/usr/share/fonts/truetype/open-sans/OpenSans-BoldItalic.ttf", O_RDONLY|O_CLOEXEC) = 3
14:15:48.093508 openat(AT_FDCWD, "/usr/share/fonts/truetype/open-sans/OpenSans-CondBold.ttf", O_RDONLY|O_CLOEXEC) = 3
14:15:48.093693 openat(AT_FDCWD, "/usr/share/fonts/truetype/open-sans/OpenSans-CondLight.ttf", O_RDONLY|O_CLOEXEC) = 3
14:15:48.093869 openat(AT_FDCWD, "/usr/share/fonts/truetype/open-sans/OpenSans-CondLightItalic.ttf", O_RDONLY|O_CLOEXEC) = 3
14:15:48.094053 openat(AT_FDCWD, "/usr/share/fonts/truetype/open-sans/OpenSans-ExtraBold.ttf", O_RDONLY|O_CLOEXEC) = 3
14:15:48.094228 openat(AT_FDCWD, "/usr/share/fonts/truetype/open-sans/OpenSans-ExtraBoldItalic.ttf", O_RDONLY|O_CLOEXEC) = 3
14:15:48.094403 openat(AT_FDCWD, "/usr/share/fonts/truetype/open-sans/OpenSans-Italic.ttf", O_RDONLY|O_CLOEXEC) = 3
14:15:48.094582 openat(AT_FDCWD, "/usr/share/fonts/truetype/open-sans/OpenSans-Light.ttf", O_RDONLY|O_CLOEXEC) = 3
14:15:48.094757 openat(AT_FDCWD, "/usr/share/fonts/truetype/open-sans/OpenSans-LightItalic.ttf", O_RDONLY|O_CLOEXEC) = 3
14:15:48.094940 openat(AT_FDCWD, "/usr/share/fonts/truetype/open-sans/OpenSans-Regular.ttf", O_RDONLY|O_CLOEXEC) = 3
14:15:48.095122 openat(AT_FDCWD, "/usr/share/fonts/truetype/open-sans/OpenSans-Semibold.ttf", O_RDONLY|O_CLOEXEC) = 3
14:15:48.095310 openat(AT_FDCWD, "/usr/share/fonts/truetype/open-sans/OpenSans-SemiboldItalic.ttf", O_RDONLY|O_CLOEXEC) = 3
14:15:48.095492 openat(AT_FDCWD, "/usr/share/fonts/truetype/lato/Lato-Black.ttf", O_RDONLY|O_CLOEXEC) = 3
14:15:48.095691 openat(AT_FDCWD, "/usr/share/fonts/truetype/lato/Lato-BlackItalic.ttf", O_RDONLY|O_CLOEXEC) = 3
14:15:48.095887 openat(AT_FDCWD, "/usr/share/fonts/truetype/lato/Lato-Bold.ttf", O_RDONLY|O_CLOEXEC) = 3
14:15:48.096077 openat(AT_FDCWD, "/usr/share/fonts/truetype/lato/Lato-BoldItalic.ttf", O_RDONLY|O_CLOEXEC) = 3
14:15:48.096258 openat(AT_FDCWD, "/usr/share/fonts/truetype/lato/Lato-Hairline.ttf", O_RDONLY|O_CLOEXEC) = 3
14:15:48.096438 openat(AT_FDCWD, "/usr/share/fonts/truetype/lato/Lato-HairlineItalic.ttf", O_RDONLY|O_CLOEXEC) = 3
14:15:48.096622 openat(AT_FDCWD, "/usr/share/fonts/truetype/lato/Lato-Heavy.ttf", O_RDONLY|O_CLOEXEC) = 3
14:15:48.096807 openat(AT_FDCWD, "/usr/share/fonts/truetype/lato/Lato-HeavyItalic.ttf", O_RDONLY|O_CLOEXEC) = 3
14:15:48.097004 openat(AT_FDCWD, "/usr/share/fonts/truetype/lato/Lato-Italic.ttf", O_RDONLY|O_CLOEXEC) = 3
14:15:48.097202 openat(AT_FDCWD, "/usr/share/fonts/truetype/lato/Lato-Light.ttf", O_RDONLY|O_CLOEXEC) = 3
14:15:48.097384 openat(AT_FDCWD, "/usr/share/fonts/truetype/lato/Lato-LightItalic.ttf", O_RDONLY|O_CLOEXEC) = 3
14:15:48.097565 openat(AT_FDCWD, "/usr/share/fonts/truetype/lato/Lato-Medium.ttf", O_RDONLY|O_CLOEXEC) = 3
14:15:48.097749 openat(AT_FDCWD, "/usr/share/fonts/truetype/lato/Lato-MediumItalic.ttf", O_RDONLY|O_CLOEXEC) = 3
14:15:48.097938 openat(AT_FDCWD, "/usr/share/fonts/truetype/lato/Lato-Regular.ttf", O_RDONLY|O_CLOEXEC) = 3
14:15:48.098115 openat(AT_FDCWD, "/usr/share/fonts/truetype/lato/Lato-Semibold.ttf", O_RDONLY|O_CLOEXEC) = 3
14:15:48.098292 openat(AT_FDCWD, "/usr/share/fonts/truetype/lato/Lato-SemiboldItalic.ttf", O_RDONLY|O_CLOEXEC) = 3
14:15:48.098471 openat(AT_FDCWD, "/usr/share/fonts/truetype/lato/Lato-Thin.ttf", O_RDONLY|O_CLOEXEC) = 3
14:15:48.098649 openat(AT_FDCWD, "/usr/share/fonts/truetype/lato/Lato-ThinItalic.ttf", O_RDONLY|O_CLOEXEC) = 3
14:15:48.098826 openat(AT_FDCWD, "/usr/share/fonts/truetype/adf/OldaniaADFStd-Bold.otf", O_RDONLY|O_CLOEXEC) = 3
14:15:48.099000 openat(AT_FDCWD, "/usr/share/fonts/truetype/adf/OldaniaADFStd-BoldItalic.otf", O_RDONLY|O_CLOEXEC) = 3
14:15:48.099168 openat(AT_FDCWD, "/usr/share/fonts/truetype/adf/OldaniaADFStd-Italic.otf", O_RDONLY|O_CLOEXEC) = 3
14:15:48.099335 openat(AT_FDCWD, "/usr/share/fonts/truetype/adf/OldaniaADFStd-Regular.otf", O_RDONLY|O_CLOEXEC) = 3
14:15:48.099501 openat(AT_FDCWD, "/usr/share/fonts/truetype/font-awesome/fontawesome-webfont.ttf", O_RDONLY|O_CLOEXEC) = 3
14:15:48.099668 openat(AT_FDCWD, "/usr/share/fonts/truetype/glyphicons/glyphicons-halflings-regular.ttf", O_RDONLY|O_CLOEXEC) = 3
14:15:48.099835 openat(AT_FDCWD, "/usr/share/fonts/truetype/gfonts/alegreya/alegreya-v13-latin-700.ttf", O_RDONLY|O_CLOEXEC) = 3
14:15:48.100010 openat(AT_FDCWD, "/usr/share/fonts/truetype/gfonts/alegreya/alegreya-v13-latin-italic.ttf", O_RDONLY|O_CLOEXEC) = 3
14:15:48.100178 openat(AT_FDCWD, "/usr/share/fonts/truetype/gfonts/alegreya/alegreya-v13-latin-regular.ttf", O_RDONLY|O_CLOEXEC) = 3
14:15:48.100345 openat(AT_FDCWD, "/usr/share/fonts/truetype/gfonts/baloo/baloo-2-v1-latin-regular.ttf", O_RDONLY|O_CLOEXEC) = 3
14:15:48.100515 openat(AT_FDCWD, "/usr/share/fonts/truetype/gfonts/happy-monkey/happy-monkey-v8-latin-regular.ttf", O_RDONLY|O_CLOEXEC) = 3
14:15:48.100682 openat(AT_FDCWD, "/usr/share/fonts/truetype/gfonts/henny-penny/henny-penny-v7-latin-regular.ttf", O_RDONLY|O_CLOEXEC) = 3
14:15:48.100851 openat(AT_FDCWD, "/usr/share/fonts/truetype/gfonts/lato/lato-v16-latin-300italic.ttf", O_RDONLY|O_CLOEXEC) = 3
14:15:48.101047 openat(AT_FDCWD, "/usr/share/fonts/truetype/gfonts/lato/lato-v16-latin-700.ttf", O_RDONLY|O_CLOEXEC) = 3
14:15:48.101219 openat(AT_FDCWD, "/usr/share/fonts/truetype/gfonts/lato/lato-v16-latin-regular.ttf", O_RDONLY|O_CLOEXEC) = 3
14:15:48.101385 openat(AT_FDCWD, "/usr/share/fonts/truetype/gfonts/montserrat/montserrat-v14-latin-300italic.ttf", O_RDONLY|O_CLOEXEC) = 3
14:15:48.101551 openat(AT_FDCWD, "/usr/share/fonts/truetype/gfonts/montserrat/montserrat-v14-latin-700.ttf", O_RDONLY|O_CLOEXEC) = 3
14:15:48.101715 openat(AT_FDCWD, "/usr/share/fonts/truetype/gfonts/montserrat/montserrat-v14-latin-regular.ttf", O_RDONLY|O_CLOEXEC) = 3
14:15:48.101897 openat(AT_FDCWD, "/usr/share/fonts/truetype/gfonts/nunito-sans/nunito-sans-v5-latin-700.ttf", O_RDONLY|O_CLOEXEC) = 3
14:15:48.102071 openat(AT_FDCWD, "/usr/share/fonts/truetype/gfonts/nunito-sans/nunito-sans-v5-latin-italic.ttf", O_RDONLY|O_CLOEXEC) = 3
14:15:48.102236 openat(AT_FDCWD, "/usr/share/fonts/truetype/gfonts/nunito-sans/nunito-sans-v5-latin-regular.ttf", O_RDONLY|O_CLOEXEC) = 3
14:15:48.102399 openat(AT_FDCWD, "/usr/share/fonts/truetype/gfonts/roboto/roboto-v20-latin-300italic.ttf", O_RDONLY|O_CLOEXEC) = 3
14:15:48.102565 openat(AT_FDCWD, "/usr/share/fonts/truetype/gfonts/roboto/roboto-v20-latin-700.ttf", O_RDONLY|O_CLOEXEC) = 3
14:15:48.102726 openat(AT_FDCWD, "/usr/share/fonts/truetype/gfonts/roboto/roboto-v20-latin-regular.ttf", O_RDONLY|O_CLOEXEC) = 3
14:15:48.102893 openat(AT_FDCWD, "/usr/share/fonts/truetype/ttf-bitstream-vera/Vera.ttf", O_RDONLY|O_CLOEXEC) = 3
14:15:48.103072 openat(AT_FDCWD, "/usr/share/fonts/truetype/ttf-bitstream-vera/VeraBI.ttf", O_RDONLY|O_CLOEXEC) = 3
14:15:48.103237 openat(AT_FDCWD, "/usr/share/fonts/truetype/ttf-bitstream-vera/VeraBd.ttf", O_RDONLY|O_CLOEXEC) = 3
14:15:48.103401 openat(AT_FDCWD, "/usr/share/fonts/truetype/ttf-bitstream-vera/VeraIt.ttf", O_RDONLY|O_CLOEXEC) = 3
14:15:48.103567 openat(AT_FDCWD, "/usr/share/fonts/truetype/ttf-bitstream-vera/VeraMoBI.ttf", O_RDONLY|O_CLOEXEC) = 3
14:15:48.103731 openat(AT_FDCWD, "/usr/share/fonts/truetype/ttf-bitstream-vera/VeraMoBd.ttf", O_RDONLY|O_CLOEXEC) = 3
14:15:48.103895 openat(AT_FDCWD, "/usr/share/fonts/truetype/ttf-bitstream-vera/VeraMoIt.ttf", O_RDONLY|O_CLOEXEC) = 3
14:15:48.104068 openat(AT_FDCWD, "/usr/share/fonts/truetype/ttf-bitstream-vera/VeraMono.ttf", O_RDONLY|O_CLOEXEC) = 3
14:15:48.104230 openat(AT_FDCWD, "/usr/share/fonts/truetype/ttf-bitstream-vera/VeraSe.ttf", O_RDONLY|O_CLOEXEC) = 3
14:15:48.104394 openat(AT_FDCWD, "/usr/share/fonts/truetype/ttf-bitstream-vera/VeraSeBd.ttf", O_RDONLY|O_CLOEXEC) = 3
14:15:48.104559 openat(AT_FDCWD, "/home/dikluwe/.local/share/fonts/AdwaitaMono/AdwaitaMonoNerdFont-BoldItalic.ttf", O_RDONLY|O_CLOEXEC) = 3
14:15:48.104755 openat(AT_FDCWD, "/home/dikluwe/.local/share/fonts/AdwaitaMono/AdwaitaMonoNerdFontMono-Regular.ttf", O_RDONLY|O_CLOEXEC) = 3
14:15:48.104949 openat(AT_FDCWD, "/home/dikluwe/.local/share/fonts/AdwaitaMono/AdwaitaMonoNerdFont-Regular.ttf", O_RDONLY|O_CLOEXEC) = 3
14:15:48.105140 openat(AT_FDCWD, "/home/dikluwe/.local/share/fonts/AdwaitaMono/AdwaitaMonoNerdFontPropo-Regular.ttf", O_RDONLY|O_CLOEXEC) = 3
14:15:48.105330 openat(AT_FDCWD, "/home/dikluwe/.local/share/fonts/AdwaitaMono/AdwaitaMonoNerdFontMono-BoldItalic.ttf", O_RDONLY|O_CLOEXEC) = 3
14:15:48.105516 openat(AT_FDCWD, "/home/dikluwe/.local/share/fonts/AdwaitaMono/AdwaitaMonoNerdFont-Bold.ttf", O_RDONLY|O_CLOEXEC) = 3
14:15:48.105719 openat(AT_FDCWD, "/home/dikluwe/.local/share/fonts/AdwaitaMono/AdwaitaMonoNerdFontPropo-Italic.ttf", O_RDONLY|O_CLOEXEC) = 3
14:15:48.105911 openat(AT_FDCWD, "/home/dikluwe/.local/share/fonts/AdwaitaMono/AdwaitaMonoNerdFontPropo-Bold.ttf", O_RDONLY|O_CLOEXEC) = 3
14:15:48.106102 openat(AT_FDCWD, "/home/dikluwe/.local/share/fonts/AdwaitaMono/AdwaitaMonoNerdFontPropo-BoldItalic.ttf", O_RDONLY|O_CLOEXEC) = 3
14:15:48.106300 openat(AT_FDCWD, "/home/dikluwe/.local/share/fonts/AdwaitaMono/AdwaitaMonoNerdFont-Italic.ttf", O_RDONLY|O_CLOEXEC) = 3
14:15:48.106489 openat(AT_FDCWD, "/home/dikluwe/.local/share/fonts/AdwaitaMono/AdwaitaMonoNerdFontMono-Italic.ttf", O_RDONLY|O_CLOEXEC) = 3
14:15:48.106674 openat(AT_FDCWD, "/home/dikluwe/.local/share/fonts/AdwaitaMono/AdwaitaMonoNerdFontMono-Bold.ttf", O_RDONLY|O_CLOEXEC) = 3
14:15:48.106858 openat(AT_FDCWD, "/home/dikluwe/.local/share/fonts/Agave/AgaveNerdFont-Bold.ttf", O_RDONLY|O_CLOEXEC) = 3
14:15:48.107055 openat(AT_FDCWD, "/home/dikluwe/.local/share/fonts/Agave/AgaveNerdFontMono-Regular.ttf", O_RDONLY|O_CLOEXEC) = 3
14:15:48.107268 openat(AT_FDCWD, "/home/dikluwe/.local/share/fonts/Agave/AgaveNerdFontMono-Bold.ttf", O_RDONLY|O_CLOEXEC) = 3
14:15:48.107479 openat(AT_FDCWD, "/home/dikluwe/.local/share/fonts/Agave/AgaveNerdFontPropo-Bold.ttf", O_RDONLY|O_CLOEXEC) = 3
14:15:48.107669 openat(AT_FDCWD, "/home/dikluwe/.local/share/fonts/Agave/AgaveNerdFont-Regular.ttf", O_RDONLY|O_CLOEXEC) = 3
14:15:48.107857 openat(AT_FDCWD, "/home/dikluwe/.local/share/fonts/Agave/AgaveNerdFontPropo-Regular.ttf", O_RDONLY|O_CLOEXEC) = 3
14:15:48.108054 openat(AT_FDCWD, "/home/dikluwe/.local/share/fonts/Arimo/ArimoNerdFont-Italic.ttf", O_RDONLY|O_CLOEXEC) = 3
14:15:48.108243 openat(AT_FDCWD, "/home/dikluwe/.local/share/fonts/Arimo/ArimoNerdFontPropo-Italic.ttf", O_RDONLY|O_CLOEXEC) = 3
14:15:48.108432 openat(AT_FDCWD, "/home/dikluwe/.local/share/fonts/Arimo/ArimoNerdFont-BoldItalic.ttf", O_RDONLY|O_CLOEXEC) = 3
14:15:48.108618 openat(AT_FDCWD, "/home/dikluwe/.local/share/fonts/Arimo/ArimoNerdFontPropo-BoldItalic.ttf", O_RDONLY|O_CLOEXEC) = 3
14:15:48.108806 openat(AT_FDCWD, "/home/dikluwe/.local/share/fonts/Arimo/ArimoNerdFontPropo-Regular.ttf", O_RDONLY|O_CLOEXEC) = 3
14:15:48.109000 openat(AT_FDCWD, "/home/dikluwe/.local/share/fonts/Arimo/ArimoNerdFont-Regular.ttf", O_RDONLY|O_CLOEXEC) = 3
14:15:48.109189 openat(AT_FDCWD, "/home/dikluwe/.local/share/fonts/Arimo/ArimoNerdFontPropo-Bold.ttf", O_RDONLY|O_CLOEXEC) = 3
14:15:48.109377 openat(AT_FDCWD, "/home/dikluwe/.local/share/fonts/Arimo/ArimoNerdFont-Bold.ttf", O_RDONLY|O_CLOEXEC) = 3
14:15:48.109566 openat(AT_FDCWD, "/home/dikluwe/.local/share/fonts/CodeNewRoman/CodeNewRomanNerdFont-Italic.otf", O_RDONLY|O_CLOEXEC) = 3
14:15:48.109773 openat(AT_FDCWD, "/home/dikluwe/.local/share/fonts/CodeNewRoman/CodeNewRomanNerdFontPropo-Italic.otf", O_RDONLY|O_CLOEXEC) = 3
14:15:48.109987 openat(AT_FDCWD, "/home/dikluwe/.local/share/fonts/CodeNewRoman/CodeNewRomanNerdFontMono-Italic.otf", O_RDONLY|O_CLOEXEC) = 3
14:15:48.110195 openat(AT_FDCWD, "/home/dikluwe/.local/share/fonts/CodeNewRoman/CodeNewRomanNerdFontPropo-Regular.otf", O_RDONLY|O_CLOEXEC) = 3
14:15:48.110407 openat(AT_FDCWD, "/home/dikluwe/.local/share/fonts/CodeNewRoman/CodeNewRomanNerdFontMono-Regular.otf", O_RDONLY|O_CLOEXEC) = 3
14:15:48.110620 openat(AT_FDCWD, "/home/dikluwe/.local/share/fonts/CodeNewRoman/CodeNewRomanNerdFont-Regular.otf", O_RDONLY|O_CLOEXEC) = 3
14:15:48.110828 openat(AT_FDCWD, "/home/dikluwe/.local/share/fonts/CodeNewRoman/CodeNewRomanNerdFont-Bold.otf", O_RDONLY|O_CLOEXEC) = 3
14:15:48.111042 openat(AT_FDCWD, "/home/dikluwe/.local/share/fonts/CodeNewRoman/CodeNewRomanNerdFontPropo-Bold.otf", O_RDONLY|O_CLOEXEC) = 3
14:15:48.111251 openat(AT_FDCWD, "/home/dikluwe/.local/share/fonts/CodeNewRoman/CodeNewRomanNerdFontMono-Bold.otf", O_RDONLY|O_CLOEXEC) = 3
14:15:48.111456 openat(AT_FDCWD, "/home/dikluwe/.local/share/fonts/CommitMono/CommitMonoNerdFontMono-BoldItalic.otf", O_RDONLY|O_CLOEXEC) = 3
14:15:48.111658 openat(AT_FDCWD, "/home/dikluwe/.local/share/fonts/CommitMono/CommitMonoNerdFontPropo-Regular.otf", O_RDONLY|O_CLOEXEC) = 3
14:15:48.111863 openat(AT_FDCWD, "/home/dikluwe/.local/share/fonts/CommitMono/CommitMonoNerdFont-Regular.otf", O_RDONLY|O_CLOEXEC) = 3
14:15:48.112071 openat(AT_FDCWD, "/home/dikluwe/.local/share/fonts/CommitMono/CommitMonoNerdFontMono-Regular.otf", O_RDONLY|O_CLOEXEC) = 3
14:15:48.112276 openat(AT_FDCWD, "/home/dikluwe/.local/share/fonts/CommitMono/CommitMonoNerdFont-Italic.otf", O_RDONLY|O_CLOEXEC) = 3
14:15:48.112477 openat(AT_FDCWD, "/home/dikluwe/.local/share/fonts/CommitMono/CommitMonoNerdFontMono-Bold.otf", O_RDONLY|O_CLOEXEC) = 3
14:15:48.112690 openat(AT_FDCWD, "/home/dikluwe/.local/share/fonts/CommitMono/CommitMonoNerdFontPropo-Italic.otf", O_RDONLY|O_CLOEXEC) = 3
14:15:48.112892 openat(AT_FDCWD, "/home/dikluwe/.local/share/fonts/CommitMono/CommitMonoNerdFont-Bold.otf", O_RDONLY|O_CLOEXEC) = 3
14:15:48.113103 openat(AT_FDCWD, "/home/dikluwe/.local/share/fonts/CommitMono/CommitMonoNerdFontPropo-Bold.otf", O_RDONLY|O_CLOEXEC) = 3
14:15:48.113307 openat(AT_FDCWD, "/home/dikluwe/.local/share/fonts/CommitMono/CommitMonoNerdFont-BoldItalic.otf", O_RDONLY|O_CLOEXEC) = 3
14:15:48.113507 openat(AT_FDCWD, "/home/dikluwe/.local/share/fonts/CommitMono/CommitMonoNerdFontPropo-BoldItalic.otf", O_RDONLY|O_CLOEXEC) = 3
14:15:48.113726 openat(AT_FDCWD, "/home/dikluwe/.local/share/fonts/CommitMono/CommitMonoNerdFontMono-Italic.otf", O_RDONLY|O_CLOEXEC) = 3
14:15:48.113932 openat(AT_FDCWD, "/home/dikluwe/.local/share/fonts/FiraCode/FiraCodeNerdFontMono-SemiBold.ttf", O_RDONLY|O_CLOEXEC) = 3
14:15:48.114122 openat(AT_FDCWD, "/home/dikluwe/.local/share/fonts/FiraCode/FiraCodeNerdFont-SemiBold.ttf", O_RDONLY|O_CLOEXEC) = 3
14:15:48.114308 openat(AT_FDCWD, "/home/dikluwe/.local/share/fonts/FiraCode/FiraCodeNerdFontPropo-SemiBold.ttf", O_RDONLY|O_CLOEXEC) = 3
14:15:48.114493 openat(AT_FDCWD, "/home/dikluwe/.local/share/fonts/FiraCode/FiraCodeNerdFontPropo-Regular.ttf", O_RDONLY|O_CLOEXEC) = 3
14:15:48.114679 openat(AT_FDCWD, "/home/dikluwe/.local/share/fonts/FiraCode/FiraCodeNerdFont-Regular.ttf", O_RDONLY|O_CLOEXEC) = 3
14:15:48.114865 openat(AT_FDCWD, "/home/dikluwe/.local/share/fonts/FiraCode/FiraCodeNerdFontMono-Regular.ttf", O_RDONLY|O_CLOEXEC) = 3
14:15:48.115063 openat(AT_FDCWD, "/home/dikluwe/.local/share/fonts/FiraCode/FiraCodeNerdFontPropo-Retina.ttf", O_RDONLY|O_CLOEXEC) = 3
14:15:48.115248 openat(AT_FDCWD, "/home/dikluwe/.local/share/fonts/FiraCode/FiraCodeNerdFontMono-Retina.ttf", O_RDONLY|O_CLOEXEC) = 3
14:15:48.115435 openat(AT_FDCWD, "/home/dikluwe/.local/share/fonts/FiraCode/FiraCodeNerdFont-Retina.ttf", O_RDONLY|O_CLOEXEC) = 3
14:15:48.115626 openat(AT_FDCWD, "/home/dikluwe/.local/share/fonts/FiraCode/FiraCodeNerdFontMono-Medium.ttf", O_RDONLY|O_CLOEXEC) = 3
14:15:48.115812 openat(AT_FDCWD, "/home/dikluwe/.local/share/fonts/FiraCode/FiraCodeNerdFont-Medium.ttf", O_RDONLY|O_CLOEXEC) = 3
14:15:48.116015 openat(AT_FDCWD, "/home/dikluwe/.local/share/fonts/FiraCode/FiraCodeNerdFontPropo-Medium.ttf", O_RDONLY|O_CLOEXEC) = 3
14:15:48.116210 openat(AT_FDCWD, "/home/dikluwe/.local/share/fonts/FiraCode/FiraCodeNerdFont-Bold.ttf", O_RDONLY|O_CLOEXEC) = 3
14:15:48.116402 openat(AT_FDCWD, "/home/dikluwe/.local/share/fonts/FiraCode/FiraCodeNerdFontMono-Bold.ttf", O_RDONLY|O_CLOEXEC) = 3
14:15:48.116593 openat(AT_FDCWD, "/home/dikluwe/.local/share/fonts/FiraCode/FiraCodeNerdFontPropo-Bold.ttf", O_RDONLY|O_CLOEXEC) = 3
14:15:48.116784 openat(AT_FDCWD, "/home/dikluwe/.local/share/fonts/FiraCode/FiraCodeNerdFontMono-Light.ttf", O_RDONLY|O_CLOEXEC) = 3
14:15:48.116985 openat(AT_FDCWD, "/home/dikluwe/.local/share/fonts/FiraCode/FiraCodeNerdFont-Light.ttf", O_RDONLY|O_CLOEXEC) = 3
14:15:48.117177 openat(AT_FDCWD, "/home/dikluwe/.local/share/fonts/FiraCode/FiraCodeNerdFontPropo-Light.ttf", O_RDONLY|O_CLOEXEC) = 3
14:15:48.117365 openat(AT_FDCWD, "/home/dikluwe/.local/share/fonts/GeistMono/GeistMonoNerdFontPropo-UltraBlack.otf", O_RDONLY|O_CLOEXEC) = 3
14:15:48.117570 openat(AT_FDCWD, "/home/dikluwe/.local/share/fonts/GeistMono/GeistMonoNerdFont-Light.otf", O_RDONLY|O_CLOEXEC) = 3
14:15:48.117773 openat(AT_FDCWD, "/home/dikluwe/.local/share/fonts/GeistMono/GeistMonoNerdFontPropo-SemiBold.otf", O_RDONLY|O_CLOEXEC) = 3
14:15:48.117984 openat(AT_FDCWD, "/home/dikluwe/.local/share/fonts/GeistMono/GeistMonoNerdFontMono-Medium.otf", O_RDONLY|O_CLOEXEC) = 3
14:15:48.118189 openat(AT_FDCWD, "/home/dikluwe/.local/share/fonts/GeistMono/GeistMonoNerdFont-Regular.otf", O_RDONLY|O_CLOEXEC) = 3
14:15:48.118394 openat(AT_FDCWD, "/home/dikluwe/.local/share/fonts/GeistMono/GeistMonoNerdFontMono-Bold.otf", O_RDONLY|O_CLOEXEC) = 3
14:15:48.118608 openat(AT_FDCWD, "/home/dikluwe/.local/share/fonts/GeistMono/GeistMonoNerdFontPropo-Black.otf", O_RDONLY|O_CLOEXEC) = 3
14:15:48.118816 openat(AT_FDCWD, "/home/dikluwe/.local/share/fonts/GeistMono/GeistMonoNerdFontPropo-Light.otf", O_RDONLY|O_CLOEXEC) = 3
14:15:48.119049 openat(AT_FDCWD, "/home/dikluwe/.local/share/fonts/GeistMono/GeistMonoNerdFontMono-Regular.otf", O_RDONLY|O_CLOEXEC) = 3
14:15:48.119275 openat(AT_FDCWD, "/home/dikluwe/.local/share/fonts/GeistMono/GeistMonoNerdFont-SemiBold.otf", O_RDONLY|O_CLOEXEC) = 3
14:15:48.119511 openat(AT_FDCWD, "/home/dikluwe/.local/share/fonts/GeistMono/GeistMonoNerdFont-UltraBlack.otf", O_RDONLY|O_CLOEXEC) = 3
14:15:48.119748 openat(AT_FDCWD, "/home/dikluwe/.local/share/fonts/GeistMono/GeistMonoNerdFontMono-UltraBlack.otf", O_RDONLY|O_CLOEXEC) = 3
14:15:48.119961 openat(AT_FDCWD, "/home/dikluwe/.local/share/fonts/GeistMono/GeistMonoNerdFont-Black.otf", O_RDONLY|O_CLOEXEC) = 3
14:15:48.120167 openat(AT_FDCWD, "/home/dikluwe/.local/share/fonts/GeistMono/GeistMonoNerdFont-UltraLight.otf", O_RDONLY|O_CLOEXEC) = 3
14:15:48.120371 openat(AT_FDCWD, "/home/dikluwe/.local/share/fonts/GeistMono/GeistMonoNerdFontPropo-UltraLight.otf", O_RDONLY|O_CLOEXEC) = 3
14:15:48.120577 openat(AT_FDCWD, "/home/dikluwe/.local/share/fonts/GeistMono/GeistMonoNerdFontPropo-Medium.otf", O_RDONLY|O_CLOEXEC) = 3
14:15:48.120781 openat(AT_FDCWD, "/home/dikluwe/.local/share/fonts/GeistMono/GeistMonoNerdFontMono-Thin.otf", O_RDONLY|O_CLOEXEC) = 3
14:15:48.120996 openat(AT_FDCWD, "/home/dikluwe/.local/share/fonts/GeistMono/GeistMonoNerdFont-Bold.otf", O_RDONLY|O_CLOEXEC) = 3
14:15:48.121196 openat(AT_FDCWD, "/home/dikluwe/.local/share/fonts/GeistMono/GeistMonoNerdFontMono-Light.otf", O_RDONLY|O_CLOEXEC) = 3
14:15:48.121396 openat(AT_FDCWD, "/home/dikluwe/.local/share/fonts/GeistMono/GeistMonoNerdFontMono-Black.otf", O_RDONLY|O_CLOEXEC) = 3
14:15:48.121595 openat(AT_FDCWD, "/home/dikluwe/.local/share/fonts/GeistMono/GeistMonoNerdFontMono-UltraLight.otf", O_RDONLY|O_CLOEXEC) = 3
14:15:48.121797 openat(AT_FDCWD, "/home/dikluwe/.local/share/fonts/GeistMono/GeistMonoNerdFontPropo-Regular.otf", O_RDONLY|O_CLOEXEC) = 3
14:15:48.122008 openat(AT_FDCWD, "/home/dikluwe/.local/share/fonts/GeistMono/GeistMonoNerdFont-Medium.otf", O_RDONLY|O_CLOEXEC) = 3
14:15:48.122212 openat(AT_FDCWD, "/home/dikluwe/.local/share/fonts/GeistMono/GeistMonoNerdFont-Thin.otf", O_RDONLY|O_CLOEXEC) = 3
14:15:48.122414 openat(AT_FDCWD, "/home/dikluwe/.local/share/fonts/GeistMono/GeistMonoNerdFontMono-SemiBold.otf", O_RDONLY|O_CLOEXEC) = 3
14:15:48.122614 openat(AT_FDCWD, "/home/dikluwe/.local/share/fonts/GeistMono/GeistMonoNerdFontPropo-Thin.otf", O_RDONLY|O_CLOEXEC) = 3
14:15:48.122814 openat(AT_FDCWD, "/home/dikluwe/.local/share/fonts/GeistMono/GeistMonoNerdFontPropo-Bold.otf", O_RDONLY|O_CLOEXEC) = 3
14:15:48.123023 openat(AT_FDCWD, "/home/dikluwe/.local/share/fonts/IosevkaTermSlab/IosevkaTermSlabNerdFont-LightOblique.ttf", O_RDONLY|O_CLOEXEC) = 3
14:15:48.123221 openat(AT_FDCWD, "/home/dikluwe/.local/share/fonts/IosevkaTermSlab/IosevkaTermSlabNerdFontMono-Italic.ttf", O_RDONLY|O_CLOEXEC) = 3
14:15:48.123417 openat(AT_FDCWD, "/home/dikluwe/.local/share/fonts/IosevkaTermSlab/IosevkaTermSlabNerdFontPropo-ExtraBoldItalic.ttf", O_RDONLY|O_CLOEXEC) = 3
14:15:48.123620 openat(AT_FDCWD, "/home/dikluwe/.local/share/fonts/IosevkaTermSlab/IosevkaTermSlabNerdFontMono-Medium.ttf", O_RDONLY|O_CLOEXEC) = 3
14:15:48.123858 openat(AT_FDCWD, "/home/dikluwe/.local/share/fonts/IosevkaTermSlab/IosevkaTermSlabNerdFontMono-Regular.ttf", O_RDONLY|O_CLOEXEC) = 3
14:15:48.124072 openat(AT_FDCWD, "/home/dikluwe/.local/share/fonts/IosevkaTermSlab/IosevkaTermSlabNerdFont-Italic.ttf", O_RDONLY|O_CLOEXEC) = 3
14:15:48.124270 openat(AT_FDCWD, "/home/dikluwe/.local/share/fonts/IosevkaTermSlab/IosevkaTermSlabNerdFontMono-ExtraBold.ttf", O_RDONLY|O_CLOEXEC) = 3
14:15:48.124467 openat(AT_FDCWD, "/home/dikluwe/.local/share/fonts/IosevkaTermSlab/IosevkaTermSlabNerdFont-Medium.ttf", O_RDONLY|O_CLOEXEC) = 3
14:15:48.124663 openat(AT_FDCWD, "/home/dikluwe/.local/share/fonts/IosevkaTermSlab/IosevkaTermSlabNerdFont-BoldItalic.ttf", O_RDONLY|O_CLOEXEC) = 3
14:15:48.124862 openat(AT_FDCWD, "/home/dikluwe/.local/share/fonts/IosevkaTermSlab/IosevkaTermSlabNerdFontMono-Oblique.ttf", O_RDONLY|O_CLOEXEC) = 3
14:15:48.125071 openat(AT_FDCWD, "/home/dikluwe/.local/share/fonts/IosevkaTermSlab/IosevkaTermSlabNerdFont-Regular.ttf", O_RDONLY|O_CLOEXEC) = 3
14:15:48.125267 openat(AT_FDCWD, "/home/dikluwe/.local/share/fonts/IosevkaTermSlab/IosevkaTermSlabNerdFont-ExtraBoldOblique.ttf", O_RDONLY|O_CLOEXEC) = 3
14:15:48.125466 openat(AT_FDCWD, "/home/dikluwe/.local/share/fonts/IosevkaTermSlab/IosevkaTermSlabNerdFontPropo-BoldItalic.ttf", O_RDONLY|O_CLOEXEC) = 3
14:15:48.125679 openat(AT_FDCWD, "/home/dikluwe/.local/share/fonts/IosevkaTermSlab/IosevkaTermSlabNerdFont-MediumOblique.ttf", O_RDONLY|O_CLOEXEC) = 3
14:15:48.125878 openat(AT_FDCWD, "/home/dikluwe/.local/share/fonts/IosevkaTermSlab/IosevkaTermSlabNerdFontPropo-ExtraBoldOblique.ttf", O_RDONLY|O_CLOEXEC) = 3
14:15:48.126089 openat(AT_FDCWD, "/home/dikluwe/.local/share/fonts/IosevkaTermSlab/IosevkaTermSlabNerdFont-Light.ttf", O_RDONLY|O_CLOEXEC) = 3
14:15:48.126289 openat(AT_FDCWD, "/home/dikluwe/.local/share/fonts/IosevkaTermSlab/IosevkaTermSlabNerdFontMono-Light.ttf", O_RDONLY|O_CLOEXEC) = 3
14:15:48.126483 openat(AT_FDCWD, "/home/dikluwe/.local/share/fonts/IosevkaTermSlab/IosevkaTermSlabNerdFontPropo-LightOblique.ttf", O_RDONLY|O_CLOEXEC) = 3
14:15:48.126677 openat(AT_FDCWD, "/home/dikluwe/.local/share/fonts/IosevkaTermSlab/IosevkaTermSlabNerdFontPropo-MediumOblique.ttf", O_RDONLY|O_CLOEXEC) = 3
14:15:48.126874 openat(AT_FDCWD, "/home/dikluwe/.local/share/fonts/IosevkaTermSlab/IosevkaTermSlabNerdFontPropo-MediumItalic.ttf", O_RDONLY|O_CLOEXEC) = 3
14:15:48.127087 openat(AT_FDCWD, "/home/dikluwe/.local/share/fonts/IosevkaTermSlab/IosevkaTermSlabNerdFontMono-LightItalic.ttf", O_RDONLY|O_CLOEXEC) = 3
14:15:48.127282 openat(AT_FDCWD, "/home/dikluwe/.local/share/fonts/IosevkaTermSlab/IosevkaTermSlabNerdFontMono-BoldOblique.ttf", O_RDONLY|O_CLOEXEC) = 3
14:15:48.127478 openat(AT_FDCWD, "/home/dikluwe/.local/share/fonts/IosevkaTermSlab/IosevkaTermSlabNerdFontMono-ExtraBoldOblique.ttf", O_RDONLY|O_CLOEXEC) = 3
14:15:48.127685 openat(AT_FDCWD, "/home/dikluwe/.local/share/fonts/IosevkaTermSlab/IosevkaTermSlabNerdFontPropo-LightItalic.ttf", O_RDONLY|O_CLOEXEC) = 3
14:15:48.127889 openat(AT_FDCWD, "/home/dikluwe/.local/share/fonts/IosevkaTermSlab/IosevkaTermSlabNerdFont-ExtraBold.ttf", O_RDONLY|O_CLOEXEC) = 3
14:15:48.128101 openat(AT_FDCWD, "/home/dikluwe/.local/share/fonts/IosevkaTermSlab/IosevkaTermSlabNerdFont-MediumItalic.ttf", O_RDONLY|O_CLOEXEC) = 3
14:15:48.128305 openat(AT_FDCWD, "/home/dikluwe/.local/share/fonts/IosevkaTermSlab/IosevkaTermSlabNerdFontPropo-Light.ttf", O_RDONLY|O_CLOEXEC) = 3
14:15:48.128506 openat(AT_FDCWD, "/home/dikluwe/.local/share/fonts/IosevkaTermSlab/IosevkaTermSlabNerdFontPropo-Italic.ttf", O_RDONLY|O_CLOEXEC) = 3
14:15:48.128714 openat(AT_FDCWD, "/home/dikluwe/.local/share/fonts/IosevkaTermSlab/IosevkaTermSlabNerdFontMono-MediumOblique.ttf", O_RDONLY|O_CLOEXEC) = 3
14:15:48.128922 openat(AT_FDCWD, "/home/dikluwe/.local/share/fonts/IosevkaTermSlab/IosevkaTermSlabNerdFontPropo-Medium.ttf", O_RDONLY|O_CLOEXEC) = 3
14:15:48.129134 openat(AT_FDCWD, "/home/dikluwe/.local/share/fonts/IosevkaTermSlab/IosevkaTermSlabNerdFontMono-MediumItalic.ttf", O_RDONLY|O_CLOEXEC) = 3
14:15:48.129335 openat(AT_FDCWD, "/home/dikluwe/.local/share/fonts/IosevkaTermSlab/IosevkaTermSlabNerdFontPropo-Regular.ttf", O_RDONLY|O_CLOEXEC) = 3
14:15:48.129532 openat(AT_FDCWD, "/home/dikluwe/.local/share/fonts/IosevkaTermSlab/IosevkaTermSlabNerdFontMono-Bold.ttf", O_RDONLY|O_CLOEXEC) = 3
14:15:48.129734 openat(AT_FDCWD, "/home/dikluwe/.local/share/fonts/IosevkaTermSlab/IosevkaTermSlabNerdFontMono-ExtraBoldItalic.ttf", O_RDONLY|O_CLOEXEC) = 3
14:15:48.129937 openat(AT_FDCWD, "/home/dikluwe/.local/share/fonts/IosevkaTermSlab/IosevkaTermSlabNerdFontMono-LightOblique.ttf", O_RDONLY|O_CLOEXEC) = 3
14:15:48.130133 openat(AT_FDCWD, "/home/dikluwe/.local/share/fonts/IosevkaTermSlab/IosevkaTermSlabNerdFontPropo-Oblique.ttf", O_RDONLY|O_CLOEXEC) = 3
14:15:48.130328 openat(AT_FDCWD, "/home/dikluwe/.local/share/fonts/IosevkaTermSlab/IosevkaTermSlabNerdFont-LightItalic.ttf", O_RDONLY|O_CLOEXEC) = 3
14:15:48.130524 openat(AT_FDCWD, "/home/dikluwe/.local/share/fonts/IosevkaTermSlab/IosevkaTermSlabNerdFont-BoldOblique.ttf", O_RDONLY|O_CLOEXEC) = 3
14:15:48.130720 openat(AT_FDCWD, "/home/dikluwe/.local/share/fonts/IosevkaTermSlab/IosevkaTermSlabNerdFontPropo-ExtraBold.ttf", O_RDONLY|O_CLOEXEC) = 3
14:15:48.130922 openat(AT_FDCWD, "/home/dikluwe/.local/share/fonts/IosevkaTermSlab/IosevkaTermSlabNerdFont-Bold.ttf", O_RDONLY|O_CLOEXEC) = 3
14:15:48.131143 openat(AT_FDCWD, "/home/dikluwe/.local/share/fonts/IosevkaTermSlab/IosevkaTermSlabNerdFontPropo-Bold.ttf", O_RDONLY|O_CLOEXEC) = 3
14:15:48.131340 openat(AT_FDCWD, "/home/dikluwe/.local/share/fonts/IosevkaTermSlab/IosevkaTermSlabNerdFontMono-BoldItalic.ttf", O_RDONLY|O_CLOEXEC) = 3
14:15:48.131537 openat(AT_FDCWD, "/home/dikluwe/.local/share/fonts/IosevkaTermSlab/IosevkaTermSlabNerdFont-ExtraBoldItalic.ttf", O_RDONLY|O_CLOEXEC) = 3
14:15:48.131738 openat(AT_FDCWD, "/home/dikluwe/.local/share/fonts/IosevkaTermSlab/IosevkaTermSlabNerdFontPropo-BoldOblique.ttf", O_RDONLY|O_CLOEXEC) = 3
14:15:48.131978 openat(AT_FDCWD, "/home/dikluwe/.local/share/fonts/IosevkaTermSlab/IosevkaTermSlabNerdFont-Oblique.ttf", O_RDONLY|O_CLOEXEC) = 3
14:15:48.132179 openat(AT_FDCWD, "/home/dikluwe/.local/share/fonts/IosevkaTerm/IosevkaTermNerdFont-SemiBold.ttf", O_RDONLY|O_CLOEXEC) = 3
14:15:48.132378 openat(AT_FDCWD, "/home/dikluwe/.local/share/fonts/IosevkaTerm/IosevkaTermNerdFont-Oblique.ttf", O_RDONLY|O_CLOEXEC) = 3
14:15:48.132578 openat(AT_FDCWD, "/home/dikluwe/.local/share/fonts/IosevkaTerm/IosevkaTermNerdFont-Italic.ttf", O_RDONLY|O_CLOEXEC) = 3
14:15:48.132777 openat(AT_FDCWD, "/home/dikluwe/.local/share/fonts/IosevkaTerm/IosevkaTermNerdFontMono-MediumOblique.ttf", O_RDONLY|O_CLOEXEC) = 3
14:15:48.132987 openat(AT_FDCWD, "/home/dikluwe/.local/share/fonts/IosevkaTerm/IosevkaTermNerdFontPropo-ThinItalic.ttf", O_RDONLY|O_CLOEXEC) = 3
14:15:48.133189 openat(AT_FDCWD, "/home/dikluwe/.local/share/fonts/IosevkaTerm/IosevkaTermNerdFontPropo-BoldOblique.ttf", O_RDONLY|O_CLOEXEC) = 3
14:15:48.133387 openat(AT_FDCWD, "/home/dikluwe/.local/share/fonts/IosevkaTerm/IosevkaTermNerdFontMono-ExtraLightOblique.ttf", O_RDONLY|O_CLOEXEC) = 3
14:15:48.133587 openat(AT_FDCWD, "/home/dikluwe/.local/share/fonts/IosevkaTerm/IosevkaTermNerdFont-ThinItalic.ttf", O_RDONLY|O_CLOEXEC) = 3
14:15:48.133786 openat(AT_FDCWD, "/home/dikluwe/.local/share/fonts/IosevkaTerm/IosevkaTermNerdFontPropo-MediumOblique.ttf", O_RDONLY|O_CLOEXEC) = 3
14:15:48.133996 openat(AT_FDCWD, "/home/dikluwe/.local/share/fonts/IosevkaTerm/IosevkaTermNerdFontMono-LightOblique.ttf", O_RDONLY|O_CLOEXEC) = 3
14:15:48.134196 openat(AT_FDCWD, "/home/dikluwe/.local/share/fonts/IosevkaTerm/IosevkaTermNerdFont-SemiBoldOblique.ttf", O_RDONLY|O_CLOEXEC) = 3
14:15:48.134395 openat(AT_FDCWD, "/home/dikluwe/.local/share/fonts/IosevkaTerm/IosevkaTermNerdFontMono-ExtraLight.ttf", O_RDONLY|O_CLOEXEC) = 3
14:15:48.134596 openat(AT_FDCWD, "/home/dikluwe/.local/share/fonts/IosevkaTerm/IosevkaTermNerdFontPropo-Italic.ttf", O_RDONLY|O_CLOEXEC) = 3
14:15:48.134798 openat(AT_FDCWD, "/home/dikluwe/.local/share/fonts/IosevkaTerm/IosevkaTermNerdFontMono-ThinOblique.ttf", O_RDONLY|O_CLOEXEC) = 3
14:15:48.135012 openat(AT_FDCWD, "/home/dikluwe/.local/share/fonts/IosevkaTerm/IosevkaTermNerdFontPropo-Bold.ttf", O_RDONLY|O_CLOEXEC) = 3
14:15:48.135214 openat(AT_FDCWD, "/home/dikluwe/.local/share/fonts/IosevkaTerm/IosevkaTermNerdFontMono-MediumItalic.ttf", O_RDONLY|O_CLOEXEC) = 3
14:15:48.135412 openat(AT_FDCWD, "/home/dikluwe/.local/share/fonts/IosevkaTerm/IosevkaTermNerdFontMono-ExtraLightItalic.ttf", O_RDONLY|O_CLOEXEC) = 3
14:15:48.135618 openat(AT_FDCWD, "/home/dikluwe/.local/share/fonts/IosevkaTerm/IosevkaTermNerdFontMono-SemiBoldItalic.ttf", O_RDONLY|O_CLOEXEC) = 3
14:15:48.135821 openat(AT_FDCWD, "/home/dikluwe/.local/share/fonts/IosevkaTerm/IosevkaTermNerdFont-Heavy.ttf", O_RDONLY|O_CLOEXEC) = 3
14:15:48.136027 openat(AT_FDCWD, "/home/dikluwe/.local/share/fonts/IosevkaTerm/IosevkaTermNerdFontMono-SemiBoldOblique.ttf", O_RDONLY|O_CLOEXEC) = 3
14:15:48.136224 openat(AT_FDCWD, "/home/dikluwe/.local/share/fonts/IosevkaTerm/IosevkaTermNerdFontPropo-Thin.ttf", O_RDONLY|O_CLOEXEC) = 3
14:15:48.136420 openat(AT_FDCWD, "/home/dikluwe/.local/share/fonts/IosevkaTerm/IosevkaTermNerdFont-Light.ttf", O_RDONLY|O_CLOEXEC) = 3
14:15:48.136618 openat(AT_FDCWD, "/home/dikluwe/.local/share/fonts/IosevkaTerm/IosevkaTermNerdFontMono-ExtraBoldOblique.ttf", O_RDONLY|O_CLOEXEC) = 3
14:15:48.136814 openat(AT_FDCWD, "/home/dikluwe/.local/share/fonts/IosevkaTerm/IosevkaTermNerdFontMono-Oblique.ttf", O_RDONLY|O_CLOEXEC) = 3
14:15:48.137067 openat(AT_FDCWD, "/home/dikluwe/.local/share/fonts/IosevkaTerm/IosevkaTermNerdFontMono-BoldOblique.ttf", O_RDONLY|O_CLOEXEC) = 3
14:15:48.137270 openat(AT_FDCWD, "/home/dikluwe/.local/share/fonts/IosevkaTerm/IosevkaTermNerdFont-SemiBoldItalic.ttf", O_RDONLY|O_CLOEXEC) = 3
14:15:48.137467 openat(AT_FDCWD, "/home/dikluwe/.local/share/fonts/IosevkaTerm/IosevkaTermNerdFontMono-Light.ttf", O_RDONLY|O_CLOEXEC) = 3
14:15:48.137665 openat(AT_FDCWD, "/home/dikluwe/.local/share/fonts/IosevkaTerm/IosevkaTermNerdFont-ExtraBoldOblique.ttf", O_RDONLY|O_CLOEXEC) = 3
14:15:48.137861 openat(AT_FDCWD, "/home/dikluwe/.local/share/fonts/IosevkaTerm/IosevkaTermNerdFontPropo-ExtraBoldItalic.ttf", O_RDONLY|O_CLOEXEC) = 3
14:15:48.138081 openat(AT_FDCWD, "/home/dikluwe/.local/share/fonts/IosevkaTerm/IosevkaTermNerdFont-BoldItalic.ttf", O_RDONLY|O_CLOEXEC) = 3
14:15:48.138285 openat(AT_FDCWD, "/home/dikluwe/.local/share/fonts/IosevkaTerm/IosevkaTermNerdFontPropo-ThinOblique.ttf", O_RDONLY|O_CLOEXEC) = 3
14:15:48.138494 openat(AT_FDCWD, "/home/dikluwe/.local/share/fonts/IosevkaTerm/IosevkaTermNerdFontPropo-ExtraBoldOblique.ttf", O_RDONLY|O_CLOEXEC) = 3
14:15:48.138694 openat(AT_FDCWD, "/home/dikluwe/.local/share/fonts/IosevkaTerm/IosevkaTermNerdFontPropo-Regular.ttf", O_RDONLY|O_CLOEXEC) = 3
14:15:48.138896 openat(AT_FDCWD, "/home/dikluwe/.local/share/fonts/IosevkaTerm/IosevkaTermNerdFont-HeavyOblique.ttf", O_RDONLY|O_CLOEXEC) = 3
14:15:48.139104 openat(AT_FDCWD, "/home/dikluwe/.local/share/fonts/IosevkaTerm/IosevkaTermNerdFont-ExtraBoldItalic.ttf", O_RDONLY|O_CLOEXEC) = 3
14:15:48.139301 openat(AT_FDCWD, "/home/dikluwe/.local/share/fonts/IosevkaTerm/IosevkaTermNerdFontPropo-Medium.ttf", O_RDONLY|O_CLOEXEC) = 3
14:15:48.139498 openat(AT_FDCWD, "/home/dikluwe/.local/share/fonts/IosevkaTerm/IosevkaTermNerdFontMono-Bold.ttf", O_RDONLY|O_CLOEXEC) = 3
14:15:48.139693 openat(AT_FDCWD, "/home/dikluwe/.local/share/fonts/IosevkaTerm/IosevkaTermNerdFontPropo-Oblique.ttf", O_RDONLY|O_CLOEXEC) = 3
14:15:48.139891 openat(AT_FDCWD, "/home/dikluwe/.local/share/fonts/IosevkaTerm/IosevkaTermNerdFont-ExtraLight.ttf", O_RDONLY|O_CLOEXEC) = 3
14:15:48.140146 openat(AT_FDCWD, "/home/dikluwe/.local/share/fonts/IosevkaTerm/IosevkaTermNerdFontMono-Heavy.ttf", O_RDONLY|O_CLOEXEC) = 3
14:15:48.140349 openat(AT_FDCWD, "/home/dikluwe/.local/share/fonts/IosevkaTerm/IosevkaTermNerdFontMono-ExtraBoldItalic.ttf", O_RDONLY|O_CLOEXEC) = 3
14:15:48.140548 openat(AT_FDCWD, "/home/dikluwe/.local/share/fonts/IosevkaTerm/IosevkaTermNerdFontPropo-Light.ttf", O_RDONLY|O_CLOEXEC) = 3
14:15:48.140748 openat(AT_FDCWD, "/home/dikluwe/.local/share/fonts/IosevkaTerm/IosevkaTermNerdFont-ExtraLightOblique.ttf", O_RDONLY|O_CLOEXEC) = 3
14:15:48.140946 openat(AT_FDCWD, "/home/dikluwe/.local/share/fonts/IosevkaTerm/IosevkaTermNerdFontMono-HeavyItalic.ttf", O_RDONLY|O_CLOEXEC) = 3
14:15:48.141140 openat(AT_FDCWD, "/home/dikluwe/.local/share/fonts/IosevkaTerm/IosevkaTermNerdFont-ExtraLightItalic.ttf", O_RDONLY|O_CLOEXEC) = 3
14:15:48.141323 openat(AT_FDCWD, "/home/dikluwe/.local/share/fonts/IosevkaTerm/IosevkaTermNerdFontMono-HeavyOblique.ttf", O_RDONLY|O_CLOEXEC) = 3
14:15:48.141497 openat(AT_FDCWD, "/home/dikluwe/.local/share/fonts/IosevkaTerm/IosevkaTermNerdFontMono-Thin.ttf", O_RDONLY|O_CLOEXEC) = 3
14:15:48.141669 openat(AT_FDCWD, "/home/dikluwe/.local/share/fonts/IosevkaTerm/IosevkaTermNerdFont-Thin.ttf", O_RDONLY|O_CLOEXEC) = 3
14:15:48.141841 openat(AT_FDCWD, "/home/dikluwe/.local/share/fonts/IosevkaTerm/IosevkaTermNerdFontMono-Medium.ttf", O_RDONLY|O_CLOEXEC) = 3
14:15:48.142020 openat(AT_FDCWD, "/home/dikluwe/.local/share/fonts/IosevkaTerm/IosevkaTermNerdFont-LightOblique.ttf", O_RDONLY|O_CLOEXEC) = 3
14:15:48.142195 openat(AT_FDCWD, "/home/dikluwe/.local/share/fonts/IosevkaTerm/IosevkaTermNerdFont-Bold.ttf", O_RDONLY|O_CLOEXEC) = 3
14:15:48.142367 openat(AT_FDCWD, "/home/dikluwe/.local/share/fonts/IosevkaTerm/IosevkaTermNerdFont-MediumItalic.ttf", O_RDONLY|O_CLOEXEC) = 3
14:15:48.142559 openat(AT_FDCWD, "/home/dikluwe/.local/share/fonts/IosevkaTerm/IosevkaTermNerdFontMono-Regular.ttf", O_RDONLY|O_CLOEXEC) = 3
14:15:48.142733 openat(AT_FDCWD, "/home/dikluwe/.local/share/fonts/IosevkaTerm/IosevkaTermNerdFontMono-SemiBold.ttf", O_RDONLY|O_CLOEXEC) = 3
14:15:48.142911 openat(AT_FDCWD, "/home/dikluwe/.local/share/fonts/IosevkaTerm/IosevkaTermNerdFontPropo-ExtraLightItalic.ttf", O_RDONLY|O_CLOEXEC) = 3
14:15:48.143085 openat(AT_FDCWD, "/home/dikluwe/.local/share/fonts/IosevkaTerm/IosevkaTermNerdFontMono-LightItalic.ttf", O_RDONLY|O_CLOEXEC) = 3
14:15:48.143258 openat(AT_FDCWD, "/home/dikluwe/.local/share/fonts/IosevkaTerm/IosevkaTermNerdFontMono-ExtraBold.ttf", O_RDONLY|O_CLOEXEC) = 3
14:15:48.143432 openat(AT_FDCWD, "/home/dikluwe/.local/share/fonts/IosevkaTerm/IosevkaTermNerdFontPropo-LightOblique.ttf", O_RDONLY|O_CLOEXEC) = 3
14:15:48.143604 openat(AT_FDCWD, "/home/dikluwe/.local/share/fonts/IosevkaTerm/IosevkaTermNerdFontPropo-Heavy.ttf", O_RDONLY|O_CLOEXEC) = 3
14:15:48.143776 openat(AT_FDCWD, "/home/dikluwe/.local/share/fonts/IosevkaTerm/IosevkaTermNerdFontPropo-HeavyOblique.ttf", O_RDONLY|O_CLOEXEC) = 3
14:15:48.143955 openat(AT_FDCWD, "/home/dikluwe/.local/share/fonts/IosevkaTerm/IosevkaTermNerdFontPropo-LightItalic.ttf", O_RDONLY|O_CLOEXEC) = 3
14:15:48.144133 openat(AT_FDCWD, "/home/dikluwe/.local/share/fonts/IosevkaTerm/IosevkaTermNerdFontPropo-SemiBoldItalic.ttf", O_RDONLY|O_CLOEXEC) = 3
14:15:48.144307 openat(AT_FDCWD, "/home/dikluwe/.local/share/fonts/IosevkaTerm/IosevkaTermNerdFontPropo-ExtraBold.ttf", O_RDONLY|O_CLOEXEC) = 3
14:15:48.144482 openat(AT_FDCWD, "/home/dikluwe/.local/share/fonts/IosevkaTerm/IosevkaTermNerdFontPropo-SemiBoldOblique.ttf", O_RDONLY|O_CLOEXEC) = 3
14:15:48.144653 openat(AT_FDCWD, "/home/dikluwe/.local/share/fonts/IosevkaTerm/IosevkaTermNerdFontPropo-ExtraLight.ttf", O_RDONLY|O_CLOEXEC) = 3
14:15:48.144825 openat(AT_FDCWD, "/home/dikluwe/.local/share/fonts/IosevkaTerm/IosevkaTermNerdFont-ExtraBold.ttf", O_RDONLY|O_CLOEXEC) = 3
14:15:48.145005 openat(AT_FDCWD, "/home/dikluwe/.local/share/fonts/IosevkaTerm/IosevkaTermNerdFont-BoldOblique.ttf", O_RDONLY|O_CLOEXEC) = 3
14:15:48.145179 openat(AT_FDCWD, "/home/dikluwe/.local/share/fonts/IosevkaTerm/IosevkaTermNerdFontPropo-ExtraLightOblique.ttf", O_RDONLY|O_CLOEXEC) = 3
14:15:48.145359 openat(AT_FDCWD, "/home/dikluwe/.local/share/fonts/IosevkaTerm/IosevkaTermNerdFont-Regular.ttf", O_RDONLY|O_CLOEXEC) = 3
14:15:48.145530 openat(AT_FDCWD, "/home/dikluwe/.local/share/fonts/IosevkaTerm/IosevkaTermNerdFontMono-Italic.ttf", O_RDONLY|O_CLOEXEC) = 3
14:15:48.145702 openat(AT_FDCWD, "/home/dikluwe/.local/share/fonts/IosevkaTerm/IosevkaTermNerdFont-HeavyItalic.ttf", O_RDONLY|O_CLOEXEC) = 3
14:15:48.145877 openat(AT_FDCWD, "/home/dikluwe/.local/share/fonts/IosevkaTerm/IosevkaTermNerdFont-Medium.ttf", O_RDONLY|O_CLOEXEC) = 3
14:15:48.146051 openat(AT_FDCWD, "/home/dikluwe/.local/share/fonts/IosevkaTerm/IosevkaTermNerdFontMono-BoldItalic.ttf", O_RDONLY|O_CLOEXEC) = 3
14:15:48.146222 openat(AT_FDCWD, "/home/dikluwe/.local/share/fonts/IosevkaTerm/IosevkaTermNerdFont-LightItalic.ttf", O_RDONLY|O_CLOEXEC) = 3
14:15:48.146398 openat(AT_FDCWD, "/home/dikluwe/.local/share/fonts/IosevkaTerm/IosevkaTermNerdFont-MediumOblique.ttf", O_RDONLY|O_CLOEXEC) = 3
14:15:48.146568 openat(AT_FDCWD, "/home/dikluwe/.local/share/fonts/IosevkaTerm/IosevkaTermNerdFontPropo-HeavyItalic.ttf", O_RDONLY|O_CLOEXEC) = 3
14:15:48.146753 openat(AT_FDCWD, "/home/dikluwe/.local/share/fonts/IosevkaTerm/IosevkaTermNerdFontPropo-SemiBold.ttf", O_RDONLY|O_CLOEXEC) = 3
14:15:48.146932 openat(AT_FDCWD, "/home/dikluwe/.local/share/fonts/IosevkaTerm/IosevkaTermNerdFontMono-ThinItalic.ttf", O_RDONLY|O_CLOEXEC) = 3
14:15:48.147109 openat(AT_FDCWD, "/home/dikluwe/.local/share/fonts/IosevkaTerm/IosevkaTermNerdFontPropo-BoldItalic.ttf", O_RDONLY|O_CLOEXEC) = 3
14:15:48.147282 openat(AT_FDCWD, "/home/dikluwe/.local/share/fonts/IosevkaTerm/IosevkaTermNerdFont-ThinOblique.ttf", O_RDONLY|O_CLOEXEC) = 3
14:15:48.147453 openat(AT_FDCWD, "/home/dikluwe/.local/share/fonts/IosevkaTerm/IosevkaTermNerdFontPropo-MediumItalic.ttf", O_RDONLY|O_CLOEXEC) = 3
14:15:48.147642 openat(AT_FDCWD, "/home/dikluwe/.local/share/fonts/Iosevka/IosevkaNerdFont-ExtraLight.ttf", O_RDONLY|O_CLOEXEC) = 3
14:15:48.147820 openat(AT_FDCWD, "/home/dikluwe/.local/share/fonts/Iosevka/IosevkaNerdFont-LightItalic.ttf", O_RDONLY|O_CLOEXEC) = 3
14:15:48.147998 openat(AT_FDCWD, "/home/dikluwe/.local/share/fonts/Iosevka/IosevkaNerdFontMono-ExtraBoldItalic.ttf", O_RDONLY|O_CLOEXEC) = 3
14:15:48.148177 openat(AT_FDCWD, "/home/dikluwe/.local/share/fonts/Iosevka/IosevkaNerdFont-Medium.ttf", O_RDONLY|O_CLOEXEC) = 3
14:15:48.148347 openat(AT_FDCWD, "/home/dikluwe/.local/share/fonts/Iosevka/IosevkaNerdFontMono-MediumItalic.ttf", O_RDONLY|O_CLOEXEC) = 3
14:15:48.148586 openat(AT_FDCWD, "/home/dikluwe/.local/share/fonts/Iosevka/IosevkaNerdFont-Italic.ttf", O_RDONLY|O_CLOEXEC) = 3
14:15:48.148869 openat(AT_FDCWD, "/home/dikluwe/.local/share/fonts/Iosevka/IosevkaNerdFontMono-Light.ttf", O_RDONLY|O_CLOEXEC) = 3
14:15:48.149091 openat(AT_FDCWD, "/home/dikluwe/.local/share/fonts/Iosevka/IosevkaNerdFont-ExtraLightItalic.ttf", O_RDONLY|O_CLOEXEC) = 3
14:15:48.149299 openat(AT_FDCWD, "/home/dikluwe/.local/share/fonts/Iosevka/IosevkaNerdFont-SemiBoldOblique.ttf", O_RDONLY|O_CLOEXEC) = 3
14:15:48.149479 openat(AT_FDCWD, "/home/dikluwe/.local/share/fonts/Iosevka/IosevkaNerdFont-Bold.ttf", O_RDONLY|O_CLOEXEC) = 3
14:15:48.149661 openat(AT_FDCWD, "/home/dikluwe/.local/share/fonts/Iosevka/IosevkaNerdFontPropo-SemiBoldOblique.ttf", O_RDONLY|O_CLOEXEC) = 3
14:15:48.149838 openat(AT_FDCWD, "/home/dikluwe/.local/share/fonts/Iosevka/IosevkaNerdFontPropo-Oblique.ttf", O_RDONLY|O_CLOEXEC) = 3
14:15:48.150022 openat(AT_FDCWD, "/home/dikluwe/.local/share/fonts/Iosevka/IosevkaNerdFontMono-ThinOblique.ttf", O_RDONLY|O_CLOEXEC) = 3
14:15:48.150197 openat(AT_FDCWD, "/home/dikluwe/.local/share/fonts/Iosevka/IosevkaNerdFontPropo-SemiBoldItalic.ttf", O_RDONLY|O_CLOEXEC) = 3
14:15:48.150375 openat(AT_FDCWD, "/home/dikluwe/.local/share/fonts/Iosevka/IosevkaNerdFontMono-ThinItalic.ttf", O_RDONLY|O_CLOEXEC) = 3
14:15:48.150571 openat(AT_FDCWD, "/home/dikluwe/.local/share/fonts/Iosevka/IosevkaNerdFontPropo-ExtraLight.ttf", O_RDONLY|O_CLOEXEC) = 3
14:15:48.150791 openat(AT_FDCWD, "/home/dikluwe/.local/share/fonts/Iosevka/IosevkaNerdFont-Oblique.ttf", O_RDONLY|O_CLOEXEC) = 3
14:15:48.150998 openat(AT_FDCWD, "/home/dikluwe/.local/share/fonts/Iosevka/IosevkaNerdFont-ExtraBoldItalic.ttf", O_RDONLY|O_CLOEXEC) = 3
14:15:48.151195 openat(AT_FDCWD, "/home/dikluwe/.local/share/fonts/Iosevka/IosevkaNerdFontPropo-Italic.ttf", O_RDONLY|O_CLOEXEC) = 3
14:15:48.151391 openat(AT_FDCWD, "/home/dikluwe/.local/share/fonts/Iosevka/IosevkaNerdFontMono-Heavy.ttf", O_RDONLY|O_CLOEXEC) = 3
14:15:48.151589 openat(AT_FDCWD, "/home/dikluwe/.local/share/fonts/Iosevka/IosevkaNerdFontPropo-ThinItalic.ttf", O_RDONLY|O_CLOEXEC) = 3
14:15:48.151790 openat(AT_FDCWD, "/home/dikluwe/.local/share/fonts/Iosevka/IosevkaNerdFontMono-Bold.ttf", O_RDONLY|O_CLOEXEC) = 3
14:15:48.151995 openat(AT_FDCWD, "/home/dikluwe/.local/share/fonts/Iosevka/IosevkaNerdFontMono-ExtraBoldOblique.ttf", O_RDONLY|O_CLOEXEC) = 3
14:15:48.152194 openat(AT_FDCWD, "/home/dikluwe/.local/share/fonts/Iosevka/IosevkaNerdFontMono-SemiBoldItalic.ttf", O_RDONLY|O_CLOEXEC) = 3
14:15:48.152395 openat(AT_FDCWD, "/home/dikluwe/.local/share/fonts/Iosevka/IosevkaNerdFontMono-ExtraBold.ttf", O_RDONLY|O_CLOEXEC) = 3
14:15:48.152592 openat(AT_FDCWD, "/home/dikluwe/.local/share/fonts/Iosevka/IosevkaNerdFontPropo-ThinOblique.ttf", O_RDONLY|O_CLOEXEC) = 3
14:15:48.152800 openat(AT_FDCWD, "/home/dikluwe/.local/share/fonts/Iosevka/IosevkaNerdFont-ExtraLightOblique.ttf", O_RDONLY|O_CLOEXEC) = 3
14:15:48.153003 openat(AT_FDCWD, "/home/dikluwe/.local/share/fonts/Iosevka/IosevkaNerdFontPropo-BoldOblique.ttf", O_RDONLY|O_CLOEXEC) = 3
14:15:48.153203 openat(AT_FDCWD, "/home/dikluwe/.local/share/fonts/Iosevka/IosevkaNerdFontPropo-HeavyItalic.ttf", O_RDONLY|O_CLOEXEC) = 3
14:15:48.153400 openat(AT_FDCWD, "/home/dikluwe/.local/share/fonts/Iosevka/IosevkaNerdFontPropo-MediumOblique.ttf", O_RDONLY|O_CLOEXEC) = 3
14:15:48.153611 openat(AT_FDCWD, "/home/dikluwe/.local/share/fonts/Iosevka/IosevkaNerdFontPropo-MediumItalic.ttf", O_RDONLY|O_CLOEXEC) = 3
14:15:48.153812 openat(AT_FDCWD, "/home/dikluwe/.local/share/fonts/Iosevka/IosevkaNerdFontMono-Oblique.ttf", O_RDONLY|O_CLOEXEC) = 3
14:15:48.154014 openat(AT_FDCWD, "/home/dikluwe/.local/share/fonts/Iosevka/IosevkaNerdFontMono-BoldItalic.ttf", O_RDONLY|O_CLOEXEC) = 3
14:15:48.154210 openat(AT_FDCWD, "/home/dikluwe/.local/share/fonts/Iosevka/IosevkaNerdFontMono-SemiBoldOblique.ttf", O_RDONLY|O_CLOEXEC) = 3
14:15:48.154406 openat(AT_FDCWD, "/home/dikluwe/.local/share/fonts/Iosevka/IosevkaNerdFontMono-BoldOblique.ttf", O_RDONLY|O_CLOEXEC) = 3
14:15:48.154601 openat(AT_FDCWD, "/home/dikluwe/.local/share/fonts/Iosevka/IosevkaNerdFontMono-Thin.ttf", O_RDONLY|O_CLOEXEC) = 3
14:15:48.154796 openat(AT_FDCWD, "/home/dikluwe/.local/share/fonts/Iosevka/IosevkaNerdFontPropo-LightOblique.ttf", O_RDONLY|O_CLOEXEC) = 3
14:15:48.154997 openat(AT_FDCWD, "/home/dikluwe/.local/share/fonts/Iosevka/IosevkaNerdFontPropo-Heavy.ttf", O_RDONLY|O_CLOEXEC) = 3
14:15:48.155200 openat(AT_FDCWD, "/home/dikluwe/.local/share/fonts/Iosevka/IosevkaNerdFontMono-ExtraLightItalic.ttf", O_RDONLY|O_CLOEXEC) = 3
14:15:48.155404 openat(AT_FDCWD, "/home/dikluwe/.local/share/fonts/Iosevka/IosevkaNerdFont-BoldOblique.ttf", O_RDONLY|O_CLOEXEC) = 3
14:15:48.155604 openat(AT_FDCWD, "/home/dikluwe/.local/share/fonts/Iosevka/IosevkaNerdFont-Thin.ttf", O_RDONLY|O_CLOEXEC) = 3
14:15:48.155804 openat(AT_FDCWD, "/home/dikluwe/.local/share/fonts/Iosevka/IosevkaNerdFont-SemiBoldItalic.ttf", O_RDONLY|O_CLOEXEC) = 3
14:15:48.156016 openat(AT_FDCWD, "/home/dikluwe/.local/share/fonts/Iosevka/IosevkaNerdFont-ThinItalic.ttf", O_RDONLY|O_CLOEXEC) = 3
14:15:48.156218 openat(AT_FDCWD, "/home/dikluwe/.local/share/fonts/Iosevka/IosevkaNerdFontPropo-ExtraBold.ttf", O_RDONLY|O_CLOEXEC) = 3
14:15:48.156414 openat(AT_FDCWD, "/home/dikluwe/.local/share/fonts/Iosevka/IosevkaNerdFont-BoldItalic.ttf", O_RDONLY|O_CLOEXEC) = 3
14:15:48.156614 openat(AT_FDCWD, "/home/dikluwe/.local/share/fonts/Iosevka/IosevkaNerdFontMono-ExtraLightOblique.ttf", O_RDONLY|O_CLOEXEC) = 3
14:15:48.156807 openat(AT_FDCWD, "/home/dikluwe/.local/share/fonts/Iosevka/IosevkaNerdFont-MediumItalic.ttf", O_RDONLY|O_CLOEXEC) = 3
14:15:48.157089 openat(AT_FDCWD, "/home/dikluwe/.local/share/fonts/Iosevka/IosevkaNerdFontPropo-HeavyOblique.ttf", O_RDONLY|O_CLOEXEC) = 3
14:15:48.157316 openat(AT_FDCWD, "/home/dikluwe/.local/share/fonts/Iosevka/IosevkaNerdFontPropo-ExtraBoldOblique.ttf", O_RDONLY|O_CLOEXEC) = 3
14:15:48.157496 openat(AT_FDCWD, "/home/dikluwe/.local/share/fonts/Iosevka/IosevkaNerdFont-LightOblique.ttf", O_RDONLY|O_CLOEXEC) = 3
14:15:48.157671 openat(AT_FDCWD, "/home/dikluwe/.local/share/fonts/Iosevka/IosevkaNerdFontPropo-SemiBold.ttf", O_RDONLY|O_CLOEXEC) = 3
14:15:48.157844 openat(AT_FDCWD, "/home/dikluwe/.local/share/fonts/Iosevka/IosevkaNerdFontPropo-BoldItalic.ttf", O_RDONLY|O_CLOEXEC) = 3
14:15:48.158051 openat(AT_FDCWD, "/home/dikluwe/.local/share/fonts/Iosevka/IosevkaNerdFontPropo-ExtraLightItalic.ttf", O_RDONLY|O_CLOEXEC) = 3
14:15:48.158252 openat(AT_FDCWD, "/home/dikluwe/.local/share/fonts/Iosevka/IosevkaNerdFontPropo-ExtraLightOblique.ttf", O_RDONLY|O_CLOEXEC) = 3
14:15:48.158449 openat(AT_FDCWD, "/home/dikluwe/.local/share/fonts/Iosevka/IosevkaNerdFontPropo-LightItalic.ttf", O_RDONLY|O_CLOEXEC) = 3
14:15:48.158643 openat(AT_FDCWD, "/home/dikluwe/.local/share/fonts/Iosevka/IosevkaNerdFontPropo-Medium.ttf", O_RDONLY|O_CLOEXEC) = 3
14:15:48.158839 openat(AT_FDCWD, "/home/dikluwe/.local/share/fonts/Iosevka/IosevkaNerdFontMono-LightOblique.ttf", O_RDONLY|O_CLOEXEC) = 3
14:15:48.159037 openat(AT_FDCWD, "/home/dikluwe/.local/share/fonts/Iosevka/IosevkaNerdFontMono-MediumOblique.ttf", O_RDONLY|O_CLOEXEC) = 3
14:15:48.159233 openat(AT_FDCWD, "/home/dikluwe/.local/share/fonts/Iosevka/IosevkaNerdFont-Regular.ttf", O_RDONLY|O_CLOEXEC) = 3
14:15:48.159430 openat(AT_FDCWD, "/home/dikluwe/.local/share/fonts/Iosevka/IosevkaNerdFontMono-HeavyItalic.ttf", O_RDONLY|O_CLOEXEC) = 3
14:15:48.159650 openat(AT_FDCWD, "/home/dikluwe/.local/share/fonts/Iosevka/IosevkaNerdFontPropo-Thin.ttf", O_RDONLY|O_CLOEXEC) = 3
14:15:48.159862 openat(AT_FDCWD, "/home/dikluwe/.local/share/fonts/Iosevka/IosevkaNerdFont-MediumOblique.ttf", O_RDONLY|O_CLOEXEC) = 3
14:15:48.160062 openat(AT_FDCWD, "/home/dikluwe/.local/share/fonts/Iosevka/IosevkaNerdFont-ThinOblique.ttf", O_RDONLY|O_CLOEXEC) = 3
14:15:48.160259 openat(AT_FDCWD, "/home/dikluwe/.local/share/fonts/Iosevka/IosevkaNerdFontPropo-ExtraBoldItalic.ttf", O_RDONLY|O_CLOEXEC) = 3
14:15:48.160456 openat(AT_FDCWD, "/home/dikluwe/.local/share/fonts/Iosevka/IosevkaNerdFontMono-HeavyOblique.ttf", O_RDONLY|O_CLOEXEC) = 3
14:15:48.160654 openat(AT_FDCWD, "/home/dikluwe/.local/share/fonts/Iosevka/IosevkaNerdFontPropo-Bold.ttf", O_RDONLY|O_CLOEXEC) = 3
14:15:48.160869 openat(AT_FDCWD, "/home/dikluwe/.local/share/fonts/Iosevka/IosevkaNerdFont-Heavy.ttf", O_RDONLY|O_CLOEXEC) = 3
14:15:48.161073 openat(AT_FDCWD, "/home/dikluwe/.local/share/fonts/Iosevka/IosevkaNerdFont-ExtraBold.ttf", O_RDONLY|O_CLOEXEC) = 3
14:15:48.161269 openat(AT_FDCWD, "/home/dikluwe/.local/share/fonts/Iosevka/IosevkaNerdFont-SemiBold.ttf", O_RDONLY|O_CLOEXEC) = 3
14:15:48.161470 openat(AT_FDCWD, "/home/dikluwe/.local/share/fonts/Iosevka/IosevkaNerdFont-ExtraBoldOblique.ttf", O_RDONLY|O_CLOEXEC) = 3
14:15:48.161666 openat(AT_FDCWD, "/home/dikluwe/.local/share/fonts/Iosevka/IosevkaNerdFontMono-Regular.ttf", O_RDONLY|O_CLOEXEC) = 3
14:15:48.161861 openat(AT_FDCWD, "/home/dikluwe/.local/share/fonts/Iosevka/IosevkaNerdFontMono-SemiBold.ttf", O_RDONLY|O_CLOEXEC) = 3
14:15:48.162063 openat(AT_FDCWD, "/home/dikluwe/.local/share/fonts/Iosevka/IosevkaNerdFont-HeavyOblique.ttf", O_RDONLY|O_CLOEXEC) = 3
14:15:48.162260 openat(AT_FDCWD, "/home/dikluwe/.local/share/fonts/Iosevka/IosevkaNerdFontMono-ExtraLight.ttf", O_RDONLY|O_CLOEXEC) = 3
14:15:48.162457 openat(AT_FDCWD, "/home/dikluwe/.local/share/fonts/Iosevka/IosevkaNerdFont-Light.ttf", O_RDONLY|O_CLOEXEC) = 3
14:15:48.162651 openat(AT_FDCWD, "/home/dikluwe/.local/share/fonts/Iosevka/IosevkaNerdFontPropo-Regular.ttf", O_RDONLY|O_CLOEXEC) = 3
14:15:48.162846 openat(AT_FDCWD, "/home/dikluwe/.local/share/fonts/Iosevka/IosevkaNerdFontMono-Italic.ttf", O_RDONLY|O_CLOEXEC) = 3
14:15:48.163046 openat(AT_FDCWD, "/home/dikluwe/.local/share/fonts/Iosevka/IosevkaNerdFont-HeavyItalic.ttf", O_RDONLY|O_CLOEXEC) = 3
14:15:48.163241 openat(AT_FDCWD, "/home/dikluwe/.local/share/fonts/Iosevka/IosevkaNerdFontMono-Medium.ttf", O_RDONLY|O_CLOEXEC) = 3
14:15:48.163435 openat(AT_FDCWD, "/home/dikluwe/.local/share/fonts/Iosevka/IosevkaNerdFontPropo-Light.ttf", O_RDONLY|O_CLOEXEC) = 3
14:15:48.163633 openat(AT_FDCWD, "/home/dikluwe/.local/share/fonts/Iosevka/IosevkaNerdFontMono-LightItalic.ttf", O_RDONLY|O_CLOEXEC) = 3
14:15:48.163844 openat(AT_FDCWD, "/home/dikluwe/.local/share/fonts/Monoid/MonoidNerdFontMono-Italic.ttf", O_RDONLY|O_CLOEXEC) = 3
14:15:48.164031 openat(AT_FDCWD, "/home/dikluwe/.local/share/fonts/Monoid/MonoidNerdFontPropo-Italic.ttf", O_RDONLY|O_CLOEXEC) = 3
14:15:48.164214 openat(AT_FDCWD, "/home/dikluwe/.local/share/fonts/Monoid/MonoidNerdFont-Italic.ttf", O_RDONLY|O_CLOEXEC) = 3
14:15:48.164398 openat(AT_FDCWD, "/home/dikluwe/.local/share/fonts/Monoid/MonoidNerdFontMono-Regular.ttf", O_RDONLY|O_CLOEXEC) = 3
14:15:48.164581 openat(AT_FDCWD, "/home/dikluwe/.local/share/fonts/Monoid/MonoidNerdFontPropo-Regular.ttf", O_RDONLY|O_CLOEXEC) = 3
14:15:48.164763 openat(AT_FDCWD, "/home/dikluwe/.local/share/fonts/Monoid/MonoidNerdFont-Regular.ttf", O_RDONLY|O_CLOEXEC) = 3
14:15:48.164955 openat(AT_FDCWD, "/home/dikluwe/.local/share/fonts/Monoid/MonoidNerdFont-Retina.ttf", O_RDONLY|O_CLOEXEC) = 3
14:15:48.165138 openat(AT_FDCWD, "/home/dikluwe/.local/share/fonts/Monoid/MonoidNerdFontMono-Retina.ttf", O_RDONLY|O_CLOEXEC) = 3
14:15:48.165320 openat(AT_FDCWD, "/home/dikluwe/.local/share/fonts/Monoid/MonoidNerdFontPropo-Retina.ttf", O_RDONLY|O_CLOEXEC) = 3
14:15:48.165503 openat(AT_FDCWD, "/home/dikluwe/.local/share/fonts/Monoid/MonoidNerdFontMono-Bold.ttf", O_RDONLY|O_CLOEXEC) = 3
14:15:48.165702 openat(AT_FDCWD, "/home/dikluwe/.local/share/fonts/Monoid/MonoidNerdFont-Bold.ttf", O_RDONLY|O_CLOEXEC) = 3
14:15:48.165885 openat(AT_FDCWD, "/home/dikluwe/.local/share/fonts/Monoid/MonoidNerdFontPropo-Bold.ttf", O_RDONLY|O_CLOEXEC) = 3
14:15:48.166074 openat(AT_FDCWD, "/home/dikluwe/.local/share/fonts/VictorMono/VictorMonoNerdFontPropo-LightItalic.ttf", O_RDONLY|O_CLOEXEC) = 3
14:15:48.166261 openat(AT_FDCWD, "/home/dikluwe/.local/share/fonts/VictorMono/VictorMonoNerdFontMono-LightItalic.ttf", O_RDONLY|O_CLOEXEC) = 3
14:15:48.166448 openat(AT_FDCWD, "/home/dikluwe/.local/share/fonts/VictorMono/VictorMonoNerdFont-LightItalic.ttf", O_RDONLY|O_CLOEXEC) = 3
14:15:48.166636 openat(AT_FDCWD, "/home/dikluwe/.local/share/fonts/VictorMono/VictorMonoNerdFontMono-SemiBoldOblique.ttf", O_RDONLY|O_CLOEXEC) = 3
14:15:48.166822 openat(AT_FDCWD, "/home/dikluwe/.local/share/fonts/VictorMono/VictorMonoNerdFontPropo-SemiBoldOblique.ttf", O_RDONLY|O_CLOEXEC) = 3
14:15:48.167016 openat(AT_FDCWD, "/home/dikluwe/.local/share/fonts/VictorMono/VictorMonoNerdFont-SemiBoldOblique.ttf", O_RDONLY|O_CLOEXEC) = 3
14:15:48.167203 openat(AT_FDCWD, "/home/dikluwe/.local/share/fonts/VictorMono/VictorMonoNerdFontPropo-ExtraLightItalic.ttf", O_RDONLY|O_CLOEXEC) = 3
14:15:48.167389 openat(AT_FDCWD, "/home/dikluwe/.local/share/fonts/VictorMono/VictorMonoNerdFontMono-ExtraLightItalic.ttf", O_RDONLY|O_CLOEXEC) = 3
14:15:48.167575 openat(AT_FDCWD, "/home/dikluwe/.local/share/fonts/VictorMono/VictorMonoNerdFont-ExtraLightItalic.ttf", O_RDONLY|O_CLOEXEC) = 3
14:15:48.167761 openat(AT_FDCWD, "/home/dikluwe/.local/share/fonts/VictorMono/VictorMonoNerdFontMono-MediumItalic.ttf", O_RDONLY|O_CLOEXEC) = 3
14:15:48.167954 openat(AT_FDCWD, "/home/dikluwe/.local/share/fonts/VictorMono/VictorMonoNerdFontPropo-MediumItalic.ttf", O_RDONLY|O_CLOEXEC) = 3
14:15:48.168141 openat(AT_FDCWD, "/home/dikluwe/.local/share/fonts/VictorMono/VictorMonoNerdFont-MediumItalic.ttf", O_RDONLY|O_CLOEXEC) = 3
14:15:48.168328 openat(AT_FDCWD, "/home/dikluwe/.local/share/fonts/VictorMono/VictorMonoNerdFont-Italic.ttf", O_RDONLY|O_CLOEXEC) = 3
14:15:48.168513 openat(AT_FDCWD, "/home/dikluwe/.local/share/fonts/VictorMono/VictorMonoNerdFontPropo-Italic.ttf", O_RDONLY|O_CLOEXEC) = 3
14:15:48.168702 openat(AT_FDCWD, "/home/dikluwe/.local/share/fonts/VictorMono/VictorMonoNerdFontMono-Italic.ttf", O_RDONLY|O_CLOEXEC) = 3
14:15:48.168887 openat(AT_FDCWD, "/home/dikluwe/.local/share/fonts/VictorMono/VictorMonoNerdFont-MediumOblique.ttf", O_RDONLY|O_CLOEXEC) = 3
14:15:48.169083 openat(AT_FDCWD, "/home/dikluwe/.local/share/fonts/VictorMono/VictorMonoNerdFontMono-MediumOblique.ttf", O_RDONLY|O_CLOEXEC) = 3
14:15:48.169268 openat(AT_FDCWD, "/home/dikluwe/.local/share/fonts/VictorMono/VictorMonoNerdFontPropo-MediumOblique.ttf", O_RDONLY|O_CLOEXEC) = 3
14:15:48.169454 openat(AT_FDCWD, "/home/dikluwe/.local/share/fonts/VictorMono/VictorMonoNerdFontMono-ThinItalic.ttf", O_RDONLY|O_CLOEXEC) = 3
14:15:48.169642 openat(AT_FDCWD, "/home/dikluwe/.local/share/fonts/VictorMono/VictorMonoNerdFontPropo-ThinItalic.ttf", O_RDONLY|O_CLOEXEC) = 3
14:15:48.169828 openat(AT_FDCWD, "/home/dikluwe/.local/share/fonts/VictorMono/VictorMonoNerdFont-ThinItalic.ttf", O_RDONLY|O_CLOEXEC) = 3
14:15:48.170032 openat(AT_FDCWD, "/home/dikluwe/.local/share/fonts/VictorMono/VictorMonoNerdFont-BoldItalic.ttf", O_RDONLY|O_CLOEXEC) = 3
14:15:48.170218 openat(AT_FDCWD, "/home/dikluwe/.local/share/fonts/VictorMono/VictorMonoNerdFontMono-BoldItalic.ttf", O_RDONLY|O_CLOEXEC) = 3
14:15:48.170405 openat(AT_FDCWD, "/home/dikluwe/.local/share/fonts/VictorMono/VictorMonoNerdFontPropo-BoldItalic.ttf", O_RDONLY|O_CLOEXEC) = 3
14:15:48.170591 openat(AT_FDCWD, "/home/dikluwe/.local/share/fonts/VictorMono/VictorMonoNerdFontMono-BoldOblique.ttf", O_RDONLY|O_CLOEXEC) = 3
14:15:48.170777 openat(AT_FDCWD, "/home/dikluwe/.local/share/fonts/VictorMono/VictorMonoNerdFontPropo-BoldOblique.ttf", O_RDONLY|O_CLOEXEC) = 3
14:15:48.171034 openat(AT_FDCWD, "/home/dikluwe/.local/share/fonts/VictorMono/VictorMonoNerdFont-BoldOblique.ttf", O_RDONLY|O_CLOEXEC) = 3
14:15:48.171250 openat(AT_FDCWD, "/home/dikluwe/.local/share/fonts/VictorMono/VictorMonoNerdFontMono-ExtraLightOblique.ttf", O_RDONLY|O_CLOEXEC) = 3
14:15:48.171432 openat(AT_FDCWD, "/home/dikluwe/.local/share/fonts/VictorMono/VictorMonoNerdFontPropo-ExtraLightOblique.ttf", O_RDONLY|O_CLOEXEC) = 3
14:15:48.171689 openat(AT_FDCWD, "/home/dikluwe/.local/share/fonts/VictorMono/VictorMonoNerdFont-ExtraLightOblique.ttf", O_RDONLY|O_CLOEXEC) = 3
14:15:48.171926 openat(AT_FDCWD, "/home/dikluwe/.local/share/fonts/VictorMono/VictorMonoNerdFontMono-Regular.ttf", O_RDONLY|O_CLOEXEC) = 3
14:15:48.172139 openat(AT_FDCWD, "/home/dikluwe/.local/share/fonts/VictorMono/VictorMonoNerdFont-Regular.ttf", O_RDONLY|O_CLOEXEC) = 3
14:15:48.172337 openat(AT_FDCWD, "/home/dikluwe/.local/share/fonts/VictorMono/VictorMonoNerdFontPropo-Regular.ttf", O_RDONLY|O_CLOEXEC) = 3
14:15:48.172499 openat(AT_FDCWD, "/home/dikluwe/.local/share/fonts/VictorMono/VictorMonoNerdFont-ThinOblique.ttf", O_RDONLY|O_CLOEXEC) = 3
14:15:48.172660 openat(AT_FDCWD, "/home/dikluwe/.local/share/fonts/VictorMono/VictorMonoNerdFontMono-ThinOblique.ttf", O_RDONLY|O_CLOEXEC) = 3
14:15:48.172821 openat(AT_FDCWD, "/home/dikluwe/.local/share/fonts/VictorMono/VictorMonoNerdFontPropo-ThinOblique.ttf", O_RDONLY|O_CLOEXEC) = 3
14:15:48.172993 openat(AT_FDCWD, "/home/dikluwe/.local/share/fonts/VictorMono/VictorMonoNerdFontMono-SemiBoldItalic.ttf", O_RDONLY|O_CLOEXEC) = 3
14:15:48.173157 openat(AT_FDCWD, "/home/dikluwe/.local/share/fonts/VictorMono/VictorMonoNerdFontPropo-SemiBoldItalic.ttf", O_RDONLY|O_CLOEXEC) = 3
14:15:48.173319 openat(AT_FDCWD, "/home/dikluwe/.local/share/fonts/VictorMono/VictorMonoNerdFont-SemiBoldItalic.ttf", O_RDONLY|O_CLOEXEC) = 3
14:15:48.173487 openat(AT_FDCWD, "/home/dikluwe/.local/share/fonts/VictorMono/VictorMonoNerdFontMono-Oblique.ttf", O_RDONLY|O_CLOEXEC) = 3
14:15:48.173695 openat(AT_FDCWD, "/home/dikluwe/.local/share/fonts/VictorMono/VictorMonoNerdFontPropo-Oblique.ttf", O_RDONLY|O_CLOEXEC) = 3
14:15:48.173861 openat(AT_FDCWD, "/home/dikluwe/.local/share/fonts/VictorMono/VictorMonoNerdFont-Oblique.ttf", O_RDONLY|O_CLOEXEC) = 3
14:15:48.174032 openat(AT_FDCWD, "/home/dikluwe/.local/share/fonts/VictorMono/VictorMonoNerdFontMono-Thin.ttf", O_RDONLY|O_CLOEXEC) = 3
14:15:48.174197 openat(AT_FDCWD, "/home/dikluwe/.local/share/fonts/VictorMono/VictorMonoNerdFont-Thin.ttf", O_RDONLY|O_CLOEXEC) = 3
14:15:48.174358 openat(AT_FDCWD, "/home/dikluwe/.local/share/fonts/VictorMono/VictorMonoNerdFontPropo-Thin.ttf", O_RDONLY|O_CLOEXEC) = 3
14:15:48.174521 openat(AT_FDCWD, "/home/dikluwe/.local/share/fonts/VictorMono/VictorMonoNerdFontPropo-ExtraLight.ttf", O_RDONLY|O_CLOEXEC) = 3
14:15:48.174682 openat(AT_FDCWD, "/home/dikluwe/.local/share/fonts/VictorMono/VictorMonoNerdFontMono-ExtraLight.ttf", O_RDONLY|O_CLOEXEC) = 3
14:15:48.174843 openat(AT_FDCWD, "/home/dikluwe/.local/share/fonts/VictorMono/VictorMonoNerdFont-ExtraLight.ttf", O_RDONLY|O_CLOEXEC) = 3
14:15:48.175059 openat(AT_FDCWD, "/home/dikluwe/.local/share/fonts/VictorMono/VictorMonoNerdFontMono-LightOblique.ttf", O_RDONLY|O_CLOEXEC) = 3
14:15:48.175223 openat(AT_FDCWD, "/home/dikluwe/.local/share/fonts/VictorMono/VictorMonoNerdFontPropo-LightOblique.ttf", O_RDONLY|O_CLOEXEC) = 3
14:15:48.175386 openat(AT_FDCWD, "/home/dikluwe/.local/share/fonts/VictorMono/VictorMonoNerdFont-LightOblique.ttf", O_RDONLY|O_CLOEXEC) = 3
14:15:48.175548 openat(AT_FDCWD, "/home/dikluwe/.local/share/fonts/VictorMono/VictorMonoNerdFont-Medium.ttf", O_RDONLY|O_CLOEXEC) = 3
14:15:48.175711 openat(AT_FDCWD, "/home/dikluwe/.local/share/fonts/VictorMono/VictorMonoNerdFontMono-Medium.ttf", O_RDONLY|O_CLOEXEC) = 3
14:15:48.175874 openat(AT_FDCWD, "/home/dikluwe/.local/share/fonts/VictorMono/VictorMonoNerdFontPropo-Medium.ttf", O_RDONLY|O_CLOEXEC) = 3
14:15:48.176049 openat(AT_FDCWD, "/home/dikluwe/.local/share/fonts/VictorMono/VictorMonoNerdFontMono-Bold.ttf", O_RDONLY|O_CLOEXEC) = 3
14:15:48.176213 openat(AT_FDCWD, "/home/dikluwe/.local/share/fonts/VictorMono/VictorMonoNerdFontPropo-Bold.ttf", O_RDONLY|O_CLOEXEC) = 3
14:15:48.176396 openat(AT_FDCWD, "/home/dikluwe/.local/share/fonts/VictorMono/VictorMonoNerdFont-Bold.ttf", O_RDONLY|O_CLOEXEC) = 3
14:15:48.176559 openat(AT_FDCWD, "/home/dikluwe/.local/share/fonts/VictorMono/VictorMonoNerdFontPropo-Light.ttf", O_RDONLY|O_CLOEXEC) = 3
14:15:48.176721 openat(AT_FDCWD, "/home/dikluwe/.local/share/fonts/VictorMono/VictorMonoNerdFont-Light.ttf", O_RDONLY|O_CLOEXEC) = 3
14:15:48.176883 openat(AT_FDCWD, "/home/dikluwe/.local/share/fonts/VictorMono/VictorMonoNerdFontMono-Light.ttf", O_RDONLY|O_CLOEXEC) = 3
14:15:48.177113 openat(AT_FDCWD, "/home/dikluwe/.local/share/fonts/VictorMono/VictorMonoNerdFontMono-SemiBold.ttf", O_RDONLY|O_CLOEXEC) = 3
14:15:48.177282 openat(AT_FDCWD, "/home/dikluwe/.local/share/fonts/VictorMono/VictorMonoNerdFontPropo-SemiBold.ttf", O_RDONLY|O_CLOEXEC) = 3
14:15:48.177447 openat(AT_FDCWD, "/home/dikluwe/.local/share/fonts/VictorMono/VictorMonoNerdFont-SemiBold.ttf", O_RDONLY|O_CLOEXEC) = 3
14:15:48.177611 openat(AT_FDCWD, "/home/dikluwe/.local/share/fonts/ZedMono/ZedMonoNerdFontMono-ExtendedBold.ttf", O_RDONLY|O_CLOEXEC) = 3
14:15:48.177782 openat(AT_FDCWD, "/home/dikluwe/.local/share/fonts/ZedMono/ZedMonoNerdFontPropo-ExtendedMedium.ttf", O_RDONLY|O_CLOEXEC) = 3
14:15:48.177972 openat(AT_FDCWD, "/home/dikluwe/.local/share/fonts/ZedMono/ZedMonoNerdFontMono-ExtendedLight.ttf", O_RDONLY|O_CLOEXEC) = 3
14:15:48.178148 openat(AT_FDCWD, "/home/dikluwe/.local/share/fonts/ZedMono/ZedMonoNerdFontMono-ExtendedMediumOblique.ttf", O_RDONLY|O_CLOEXEC) = 3
14:15:48.178318 openat(AT_FDCWD, "/home/dikluwe/.local/share/fonts/ZedMono/ZedMonoNerdFontPropo-ExtendedItalic.ttf", O_RDONLY|O_CLOEXEC) = 3
14:15:48.178488 openat(AT_FDCWD, "/home/dikluwe/.local/share/fonts/ZedMono/ZedMonoNerdFontPropo-ExtendedBold.ttf", O_RDONLY|O_CLOEXEC) = 3
14:15:48.178661 openat(AT_FDCWD, "/home/dikluwe/.local/share/fonts/ZedMono/ZedMonoNerdFontPropo-Extended.ttf", O_RDONLY|O_CLOEXEC) = 3
14:15:48.178832 openat(AT_FDCWD, "/home/dikluwe/.local/share/fonts/ZedMono/ZedMonoNerdFontMono-ExtendedExtraBoldOblique.ttf", O_RDONLY|O_CLOEXEC) = 3
14:15:48.179010 openat(AT_FDCWD, "/home/dikluwe/.local/share/fonts/ZedMono/ZedMonoNerdFontPropo-ExtendedExtraBoldOblique.ttf", O_RDONLY|O_CLOEXEC) = 3
14:15:48.179184 openat(AT_FDCWD, "/home/dikluwe/.local/share/fonts/ZedMono/ZedMonoNerdFont-ExtendedExtraBold.ttf", O_RDONLY|O_CLOEXEC) = 3
14:15:48.179357 openat(AT_FDCWD, "/home/dikluwe/.local/share/fonts/ZedMono/ZedMonoNerdFontPropo-ExtendedExtraBoldItalic.ttf", O_RDONLY|O_CLOEXEC) = 3
14:15:48.179528 openat(AT_FDCWD, "/home/dikluwe/.local/share/fonts/ZedMono/ZedMonoNerdFontMono-ExtendedExtraBold.ttf", O_RDONLY|O_CLOEXEC) = 3
14:15:48.179712 openat(AT_FDCWD, "/home/dikluwe/.local/share/fonts/ZedMono/ZedMonoNerdFont-ExtendedMediumItalic.ttf", O_RDONLY|O_CLOEXEC) = 3
14:15:48.179881 openat(AT_FDCWD, "/home/dikluwe/.local/share/fonts/ZedMono/ZedMonoNerdFontMono-ExtendedBoldOblique.ttf", O_RDONLY|O_CLOEXEC) = 3
14:15:48.180082 openat(AT_FDCWD, "/home/dikluwe/.local/share/fonts/ZedMono/ZedMonoNerdFontMono-ExtendedMedium.ttf", O_RDONLY|O_CLOEXEC) = 3
14:15:48.180255 openat(AT_FDCWD, "/home/dikluwe/.local/share/fonts/ZedMono/ZedMonoNerdFontPropo-ExtendedMediumOblique.ttf", O_RDONLY|O_CLOEXEC) = 3
14:15:48.180426 openat(AT_FDCWD, "/home/dikluwe/.local/share/fonts/ZedMono/ZedMonoNerdFont-Extended.ttf", O_RDONLY|O_CLOEXEC) = 3
14:15:48.180610 openat(AT_FDCWD, "/home/dikluwe/.local/share/fonts/ZedMono/ZedMonoNerdFontPropo-ExtendedBoldItalic.ttf", O_RDONLY|O_CLOEXEC) = 3
14:15:48.180786 openat(AT_FDCWD, "/home/dikluwe/.local/share/fonts/ZedMono/ZedMonoNerdFont-ExtendedOblique.ttf", O_RDONLY|O_CLOEXEC) = 3
14:15:48.180966 openat(AT_FDCWD, "/home/dikluwe/.local/share/fonts/ZedMono/ZedMonoNerdFont-ExtendedMedium.ttf", O_RDONLY|O_CLOEXEC) = 3
14:15:48.181138 openat(AT_FDCWD, "/home/dikluwe/.local/share/fonts/ZedMono/ZedMonoNerdFontPropo-ExtendedBoldOblique.ttf", O_RDONLY|O_CLOEXEC) = 3
14:15:48.181309 openat(AT_FDCWD, "/home/dikluwe/.local/share/fonts/ZedMono/ZedMonoNerdFontMono-ExtendedOblique.ttf", O_RDONLY|O_CLOEXEC) = 3
14:15:48.181496 openat(AT_FDCWD, "/home/dikluwe/.local/share/fonts/ZedMono/ZedMonoNerdFontPropo-ExtendedLightItalic.ttf", O_RDONLY|O_CLOEXEC) = 3
14:15:48.181668 openat(AT_FDCWD, "/home/dikluwe/.local/share/fonts/ZedMono/ZedMonoNerdFontPropo-ExtendedMediumItalic.ttf", O_RDONLY|O_CLOEXEC) = 3
14:15:48.181840 openat(AT_FDCWD, "/home/dikluwe/.local/share/fonts/ZedMono/ZedMonoNerdFontMono-ExtendedBoldItalic.ttf", O_RDONLY|O_CLOEXEC) = 3
14:15:48.182018 openat(AT_FDCWD, "/home/dikluwe/.local/share/fonts/ZedMono/ZedMonoNerdFont-ExtendedBold.ttf", O_RDONLY|O_CLOEXEC) = 3
14:15:48.182192 openat(AT_FDCWD, "/home/dikluwe/.local/share/fonts/ZedMono/ZedMonoNerdFontMono-ExtendedMediumItalic.ttf", O_RDONLY|O_CLOEXEC) = 3
14:15:48.182362 openat(AT_FDCWD, "/home/dikluwe/.local/share/fonts/ZedMono/ZedMonoNerdFontPropo-ExtendedExtraBold.ttf", O_RDONLY|O_CLOEXEC) = 3
14:15:48.182533 openat(AT_FDCWD, "/home/dikluwe/.local/share/fonts/ZedMono/ZedMonoNerdFontMono-Extended.ttf", O_RDONLY|O_CLOEXEC) = 3
14:15:48.182701 openat(AT_FDCWD, "/home/dikluwe/.local/share/fonts/ZedMono/ZedMonoNerdFont-ExtendedExtraBoldOblique.ttf", O_RDONLY|O_CLOEXEC) = 3
14:15:48.182872 openat(AT_FDCWD, "/home/dikluwe/.local/share/fonts/ZedMono/ZedMonoNerdFont-ExtendedMediumOblique.ttf", O_RDONLY|O_CLOEXEC) = 3
14:15:48.183074 openat(AT_FDCWD, "/home/dikluwe/.local/share/fonts/ZedMono/ZedMonoNerdFont-ExtendedItalic.ttf", O_RDONLY|O_CLOEXEC) = 3
14:15:48.183246 openat(AT_FDCWD, "/home/dikluwe/.local/share/fonts/ZedMono/ZedMonoNerdFontMono-ExtendedLightOblique.ttf", O_RDONLY|O_CLOEXEC) = 3
14:15:48.183419 openat(AT_FDCWD, "/home/dikluwe/.local/share/fonts/ZedMono/ZedMonoNerdFontMono-ExtendedItalic.ttf", O_RDONLY|O_CLOEXEC) = 3
14:15:48.183600 openat(AT_FDCWD, "/home/dikluwe/.local/share/fonts/ZedMono/ZedMonoNerdFontPropo-ExtendedLight.ttf", O_RDONLY|O_CLOEXEC) = 3
14:15:48.183770 openat(AT_FDCWD, "/home/dikluwe/.local/share/fonts/ZedMono/ZedMonoNerdFont-ExtendedBoldItalic.ttf", O_RDONLY|O_CLOEXEC) = 3
14:15:48.183960 openat(AT_FDCWD, "/home/dikluwe/.local/share/fonts/ZedMono/ZedMonoNerdFont-ExtendedExtraBoldItalic.ttf", O_RDONLY|O_CLOEXEC) = 3
14:15:48.184134 openat(AT_FDCWD, "/home/dikluwe/.local/share/fonts/ZedMono/ZedMonoNerdFont-ExtendedLightItalic.ttf", O_RDONLY|O_CLOEXEC) = 3
14:15:48.184303 openat(AT_FDCWD, "/home/dikluwe/.local/share/fonts/ZedMono/ZedMonoNerdFontMono-ExtendedExtraBoldItalic.ttf", O_RDONLY|O_CLOEXEC) = 3
14:15:48.184471 openat(AT_FDCWD, "/home/dikluwe/.local/share/fonts/ZedMono/ZedMonoNerdFontMono-ExtendedLightItalic.ttf", O_RDONLY|O_CLOEXEC) = 3
14:15:48.184639 openat(AT_FDCWD, "/home/dikluwe/.local/share/fonts/ZedMono/ZedMonoNerdFont-ExtendedLightOblique.ttf", O_RDONLY|O_CLOEXEC) = 3
14:15:48.184808 openat(AT_FDCWD, "/home/dikluwe/.local/share/fonts/ZedMono/ZedMonoNerdFontPropo-ExtendedLightOblique.ttf", O_RDONLY|O_CLOEXEC) = 3
14:15:48.184985 openat(AT_FDCWD, "/home/dikluwe/.local/share/fonts/ZedMono/ZedMonoNerdFont-ExtendedLight.ttf", O_RDONLY|O_CLOEXEC) = 3
14:15:48.185159 openat(AT_FDCWD, "/home/dikluwe/.local/share/fonts/ZedMono/ZedMonoNerdFont-ExtendedBoldOblique.ttf", O_RDONLY|O_CLOEXEC) = 3
14:15:48.185328 openat(AT_FDCWD, "/home/dikluwe/.local/share/fonts/ZedMono/ZedMonoNerdFontPropo-ExtendedOblique.ttf", O_RDONLY|O_CLOEXEC) = 3
14:15:48.185496 openat(AT_FDCWD, "/home/dikluwe/.local/share/fonts/ZedMono/ZedMonoNerdFontMono-Italic.ttf", O_RDONLY|O_CLOEXEC) = 3
14:15:48.185667 openat(AT_FDCWD, "/home/dikluwe/.local/share/fonts/ZedMono/ZedMonoNerdFontPropo-Oblique.ttf", O_RDONLY|O_CLOEXEC) = 3
14:15:48.185852 openat(AT_FDCWD, "/home/dikluwe/.local/share/fonts/ZedMono/ZedMonoNerdFont-BoldOblique.ttf", O_RDONLY|O_CLOEXEC) = 3
14:15:48.186032 openat(AT_FDCWD, "/home/dikluwe/.local/share/fonts/ZedMono/ZedMonoNerdFontPropo-Regular.ttf", O_RDONLY|O_CLOEXEC) = 3
14:15:48.186230 openat(AT_FDCWD, "/home/dikluwe/.local/share/fonts/ZedMono/ZedMonoNerdFontMono-Bold.ttf", O_RDONLY|O_CLOEXEC) = 3
14:15:48.186419 openat(AT_FDCWD, "/home/dikluwe/.local/share/fonts/ZedMono/ZedMonoNerdFont-BoldItalic.ttf", O_RDONLY|O_CLOEXEC) = 3
14:15:48.186592 openat(AT_FDCWD, "/home/dikluwe/.local/share/fonts/ZedMono/ZedMonoNerdFont-Regular.ttf", O_RDONLY|O_CLOEXEC) = 3
14:15:48.186779 openat(AT_FDCWD, "/home/dikluwe/.local/share/fonts/ZedMono/ZedMonoNerdFontMono-Light.ttf", O_RDONLY|O_CLOEXEC) = 3
14:15:48.186957 openat(AT_FDCWD, "/home/dikluwe/.local/share/fonts/ZedMono/ZedMonoNerdFont-LightOblique.ttf", O_RDONLY|O_CLOEXEC) = 3
14:15:48.187133 openat(AT_FDCWD, "/home/dikluwe/.local/share/fonts/ZedMono/ZedMonoNerdFont-ExtraBold.ttf", O_RDONLY|O_CLOEXEC) = 3
14:15:48.187303 openat(AT_FDCWD, "/home/dikluwe/.local/share/fonts/ZedMono/ZedMonoNerdFontMono-BoldItalic.ttf", O_RDONLY|O_CLOEXEC) = 3
14:15:48.187475 openat(AT_FDCWD, "/home/dikluwe/.local/share/fonts/ZedMono/ZedMonoNerdFontPropo-LightItalic.ttf", O_RDONLY|O_CLOEXEC) = 3
14:15:48.187645 openat(AT_FDCWD, "/home/dikluwe/.local/share/fonts/ZedMono/ZedMonoNerdFont-Medium.ttf", O_RDONLY|O_CLOEXEC) = 3
14:15:48.187816 openat(AT_FDCWD, "/home/dikluwe/.local/share/fonts/ZedMono/ZedMonoNerdFontPropo-ExtraBold.ttf", O_RDONLY|O_CLOEXEC) = 3
14:15:48.187992 openat(AT_FDCWD, "/home/dikluwe/.local/share/fonts/ZedMono/ZedMonoNerdFont-Oblique.ttf", O_RDONLY|O_CLOEXEC) = 3
14:15:48.188165 openat(AT_FDCWD, "/home/dikluwe/.local/share/fonts/ZedMono/ZedMonoNerdFontPropo-ExtraBoldItalic.ttf", O_RDONLY|O_CLOEXEC) = 3
14:15:48.188338 openat(AT_FDCWD, "/home/dikluwe/.local/share/fonts/ZedMono/ZedMonoNerdFontMono-ExtraBoldItalic.ttf", O_RDONLY|O_CLOEXEC) = 3
14:15:48.188505 openat(AT_FDCWD, "/home/dikluwe/.local/share/fonts/ZedMono/ZedMonoNerdFont-Italic.ttf", O_RDONLY|O_CLOEXEC) = 3
14:15:48.188676 openat(AT_FDCWD, "/home/dikluwe/.local/share/fonts/ZedMono/ZedMonoNerdFontPropo-Italic.ttf", O_RDONLY|O_CLOEXEC) = 3
14:15:48.188845 openat(AT_FDCWD, "/home/dikluwe/.local/share/fonts/ZedMono/ZedMonoNerdFontMono-LightOblique.ttf", O_RDONLY|O_CLOEXEC) = 3
14:15:48.189018 openat(AT_FDCWD, "/home/dikluwe/.local/share/fonts/ZedMono/ZedMonoNerdFont-ExtraBoldItalic.ttf", O_RDONLY|O_CLOEXEC) = 3
14:15:48.189191 openat(AT_FDCWD, "/home/dikluwe/.local/share/fonts/ZedMono/ZedMonoNerdFontMono-MediumItalic.ttf", O_RDONLY|O_CLOEXEC) = 3
14:15:48.189358 openat(AT_FDCWD, "/home/dikluwe/.local/share/fonts/ZedMono/ZedMonoNerdFontPropo-Light.ttf", O_RDONLY|O_CLOEXEC) = 3
14:15:48.189529 openat(AT_FDCWD, "/home/dikluwe/.local/share/fonts/ZedMono/ZedMonoNerdFont-LightItalic.ttf", O_RDONLY|O_CLOEXEC) = 3
14:15:48.189700 openat(AT_FDCWD, "/home/dikluwe/.local/share/fonts/ZedMono/ZedMonoNerdFontPropo-BoldOblique.ttf", O_RDONLY|O_CLOEXEC) = 3
14:15:48.189871 openat(AT_FDCWD, "/home/dikluwe/.local/share/fonts/ZedMono/ZedMonoNerdFont-MediumOblique.ttf", O_RDONLY|O_CLOEXEC) = 3
14:15:48.190046 openat(AT_FDCWD, "/home/dikluwe/.local/share/fonts/ZedMono/ZedMonoNerdFontPropo-Bold.ttf", O_RDONLY|O_CLOEXEC) = 3
14:15:48.190218 openat(AT_FDCWD, "/home/dikluwe/.local/share/fonts/ZedMono/ZedMonoNerdFontMono-Regular.ttf", O_RDONLY|O_CLOEXEC) = 3
14:15:48.190385 openat(AT_FDCWD, "/home/dikluwe/.local/share/fonts/ZedMono/ZedMonoNerdFont-ExtraBoldOblique.ttf", O_RDONLY|O_CLOEXEC) = 3
14:15:48.190557 openat(AT_FDCWD, "/home/dikluwe/.local/share/fonts/ZedMono/ZedMonoNerdFontMono-ExtraBoldOblique.ttf", O_RDONLY|O_CLOEXEC) = 3
14:15:48.190731 openat(AT_FDCWD, "/home/dikluwe/.local/share/fonts/ZedMono/ZedMonoNerdFont-Bold.ttf", O_RDONLY|O_CLOEXEC) = 3
14:15:48.190916 openat(AT_FDCWD, "/home/dikluwe/.local/share/fonts/ZedMono/ZedMonoNerdFontPropo-BoldItalic.ttf", O_RDONLY|O_CLOEXEC) = 3
14:15:48.191091 openat(AT_FDCWD, "/home/dikluwe/.local/share/fonts/ZedMono/ZedMonoNerdFontPropo-Medium.ttf", O_RDONLY|O_CLOEXEC) = 3
14:15:48.191293 openat(AT_FDCWD, "/home/dikluwe/.local/share/fonts/ZedMono/ZedMonoNerdFont-Light.ttf", O_RDONLY|O_CLOEXEC) = 3
14:15:48.191595 openat(AT_FDCWD, "/home/dikluwe/.local/share/fonts/ZedMono/ZedMonoNerdFontPropo-ExtraBoldOblique.ttf", O_RDONLY|O_CLOEXEC) = 3
14:15:48.191897 openat(AT_FDCWD, "/home/dikluwe/.local/share/fonts/ZedMono/ZedMonoNerdFontPropo-MediumItalic.ttf", O_RDONLY|O_CLOEXEC) = 3
14:15:48.192101 openat(AT_FDCWD, "/home/dikluwe/.local/share/fonts/ZedMono/ZedMonoNerdFontMono-ExtraBold.ttf", O_RDONLY|O_CLOEXEC) = 3
14:15:48.192309 openat(AT_FDCWD, "/home/dikluwe/.local/share/fonts/ZedMono/ZedMonoNerdFont-MediumItalic.ttf", O_RDONLY|O_CLOEXEC) = 3
14:15:48.192499 openat(AT_FDCWD, "/home/dikluwe/.local/share/fonts/ZedMono/ZedMonoNerdFontMono-MediumOblique.ttf", O_RDONLY|O_CLOEXEC) = 3
14:15:48.192686 openat(AT_FDCWD, "/home/dikluwe/.local/share/fonts/ZedMono/ZedMonoNerdFontPropo-MediumOblique.ttf", O_RDONLY|O_CLOEXEC) = 3
14:15:48.192874 openat(AT_FDCWD, "/home/dikluwe/.local/share/fonts/ZedMono/ZedMonoNerdFontPropo-LightOblique.ttf", O_RDONLY|O_CLOEXEC) = 3
14:15:48.193112 openat(AT_FDCWD, "/home/dikluwe/.local/share/fonts/ZedMono/ZedMonoNerdFontMono-Oblique.ttf", O_RDONLY|O_CLOEXEC) = 3
14:15:48.193310 openat(AT_FDCWD, "/home/dikluwe/.local/share/fonts/ZedMono/ZedMonoNerdFontMono-Medium.ttf", O_RDONLY|O_CLOEXEC) = 3
14:15:48.193499 openat(AT_FDCWD, "/home/dikluwe/.local/share/fonts/ZedMono/ZedMonoNerdFontMono-BoldOblique.ttf", O_RDONLY|O_CLOEXEC) = 3
14:15:48.193689 openat(AT_FDCWD, "/home/dikluwe/.local/share/fonts/ZedMono/ZedMonoNerdFontMono-LightItalic.ttf", O_RDONLY|O_CLOEXEC) = 3
14:15:48.193879 openat(AT_FDCWD, "/home/dikluwe/.local/share/fonts/Tinos/TinosNerdFont-Italic.ttf", O_RDONLY|O_CLOEXEC) = 3
14:15:48.194106 openat(AT_FDCWD, "/home/dikluwe/.local/share/fonts/Tinos/TinosNerdFontPropo-Italic.ttf", O_RDONLY|O_CLOEXEC) = 3
14:15:48.194303 openat(AT_FDCWD, "/home/dikluwe/.local/share/fonts/Tinos/TinosNerdFontPropo-BoldItalic.ttf", O_RDONLY|O_CLOEXEC) = 3
14:15:48.194513 openat(AT_FDCWD, "/home/dikluwe/.local/share/fonts/Tinos/TinosNerdFont-BoldItalic.ttf", O_RDONLY|O_CLOEXEC) = 3
14:15:48.194721 openat(AT_FDCWD, "/home/dikluwe/.local/share/fonts/Tinos/TinosNerdFontPropo-Regular.ttf", O_RDONLY|O_CLOEXEC) = 3
14:15:48.194924 openat(AT_FDCWD, "/home/dikluwe/.local/share/fonts/Tinos/TinosNerdFont-Regular.ttf", O_RDONLY|O_CLOEXEC) = 3
14:15:48.195122 openat(AT_FDCWD, "/home/dikluwe/.local/share/fonts/Tinos/TinosNerdFont-Bold.ttf", O_RDONLY|O_CLOEXEC) = 3
14:15:48.195314 openat(AT_FDCWD, "/home/dikluwe/.local/share/fonts/Tinos/TinosNerdFontPropo-Bold.ttf", O_RDONLY|O_CLOEXEC) = 3
14:15:48.195504 openat(AT_FDCWD, "/home/dikluwe/.local/share/fonts/Ubuntu/UbuntuNerdFont-LightItalic.ttf", O_RDONLY|O_CLOEXEC) = 3
14:15:48.195684 openat(AT_FDCWD, "/home/dikluwe/.local/share/fonts/Ubuntu/UbuntuNerdFontPropo-LightItalic.ttf", O_RDONLY|O_CLOEXEC) = 3
14:15:48.195867 openat(AT_FDCWD, "/home/dikluwe/.local/share/fonts/Ubuntu/UbuntuNerdFontPropo-MediumItalic.ttf", O_RDONLY|O_CLOEXEC) = 3
14:15:48.196059 openat(AT_FDCWD, "/home/dikluwe/.local/share/fonts/Ubuntu/UbuntuNerdFont-MediumItalic.ttf", O_RDONLY|O_CLOEXEC) = 3
14:15:48.196233 openat(AT_FDCWD, "/home/dikluwe/.local/share/fonts/Ubuntu/UbuntuNerdFontPropo-BoldItalic.ttf", O_RDONLY|O_CLOEXEC) = 3
14:15:48.196433 openat(AT_FDCWD, "/home/dikluwe/.local/share/fonts/Ubuntu/UbuntuNerdFont-BoldItalic.ttf", O_RDONLY|O_CLOEXEC) = 3
14:15:48.196616 openat(AT_FDCWD, "/home/dikluwe/.local/share/fonts/Ubuntu/UbuntuNerdFontPropo-Italic.ttf", O_RDONLY|O_CLOEXEC) = 3
14:15:48.196794 openat(AT_FDCWD, "/home/dikluwe/.local/share/fonts/Ubuntu/UbuntuNerdFont-Italic.ttf", O_RDONLY|O_CLOEXEC) = 3
14:15:48.196977 openat(AT_FDCWD, "/home/dikluwe/.local/share/fonts/Ubuntu/UbuntuNerdFont-Regular.ttf", O_RDONLY|O_CLOEXEC) = 3
14:15:48.197153 openat(AT_FDCWD, "/home/dikluwe/.local/share/fonts/Ubuntu/UbuntuNerdFontPropo-Regular.ttf", O_RDONLY|O_CLOEXEC) = 3
14:15:48.197330 openat(AT_FDCWD, "/home/dikluwe/.local/share/fonts/Ubuntu/UbuntuNerdFontPropo-Condensed.ttf", O_RDONLY|O_CLOEXEC) = 3
14:15:48.197507 openat(AT_FDCWD, "/home/dikluwe/.local/share/fonts/Ubuntu/UbuntuNerdFont-Condensed.ttf", O_RDONLY|O_CLOEXEC) = 3
14:15:48.197689 openat(AT_FDCWD, "/home/dikluwe/.local/share/fonts/Ubuntu/UbuntuNerdFont-Medium.ttf", O_RDONLY|O_CLOEXEC) = 3
14:15:48.197862 openat(AT_FDCWD, "/home/dikluwe/.local/share/fonts/Ubuntu/UbuntuNerdFontPropo-Medium.ttf", O_RDONLY|O_CLOEXEC) = 3
14:15:48.198051 openat(AT_FDCWD, "/home/dikluwe/.local/share/fonts/Ubuntu/UbuntuNerdFontPropo-Bold.ttf", O_RDONLY|O_CLOEXEC) = 3
14:15:48.198248 openat(AT_FDCWD, "/home/dikluwe/.local/share/fonts/Ubuntu/UbuntuNerdFont-Bold.ttf", O_RDONLY|O_CLOEXEC) = 3
14:15:48.198423 openat(AT_FDCWD, "/home/dikluwe/.local/share/fonts/Ubuntu/UbuntuNerdFont-Light.ttf", O_RDONLY|O_CLOEXEC) = 3
14:15:48.198602 openat(AT_FDCWD, "/home/dikluwe/.local/share/fonts/Ubuntu/UbuntuNerdFontPropo-Light.ttf", O_RDONLY|O_CLOEXEC) = 3
14:15:48.198777 openat(AT_FDCWD, "/home/dikluwe/.local/share/fonts/DejaVuSansMono/DejaVuSansMNerdFontPropo-Oblique.ttf", O_RDONLY|O_CLOEXEC) = 3
14:15:48.198968 openat(AT_FDCWD, "/home/dikluwe/.local/share/fonts/DejaVuSansMono/DejaVuSansMNerdFont-Oblique.ttf", O_RDONLY|O_CLOEXEC) = 3
14:15:48.199148 openat(AT_FDCWD, "/home/dikluwe/.local/share/fonts/DejaVuSansMono/DejaVuSansMNerdFontMono-Oblique.ttf", O_RDONLY|O_CLOEXEC) = 3
14:15:48.199327 openat(AT_FDCWD, "/home/dikluwe/.local/share/fonts/DejaVuSansMono/DejaVuSansMNerdFontPropo-BoldOblique.ttf", O_RDONLY|O_CLOEXEC) = 3
14:15:48.199508 openat(AT_FDCWD, "/home/dikluwe/.local/share/fonts/DejaVuSansMono/DejaVuSansMNerdFontMono-BoldOblique.ttf", O_RDONLY|O_CLOEXEC) = 3
14:15:48.199689 openat(AT_FDCWD, "/home/dikluwe/.local/share/fonts/DejaVuSansMono/DejaVuSansMNerdFont-BoldOblique.ttf", O_RDONLY|O_CLOEXEC) = 3
14:15:48.199868 openat(AT_FDCWD, "/home/dikluwe/.local/share/fonts/DejaVuSansMono/DejaVuSansMNerdFontPropo-Regular.ttf", O_RDONLY|O_CLOEXEC) = 3
14:15:48.200064 openat(AT_FDCWD, "/home/dikluwe/.local/share/fonts/DejaVuSansMono/DejaVuSansMNerdFont-Regular.ttf", O_RDONLY|O_CLOEXEC) = 3
14:15:48.200242 openat(AT_FDCWD, "/home/dikluwe/.local/share/fonts/DejaVuSansMono/DejaVuSansMNerdFontMono-Regular.ttf", O_RDONLY|O_CLOEXEC) = 3
14:15:48.200403 openat(AT_FDCWD, "/home/dikluwe/.local/share/fonts/DejaVuSansMono/DejaVuSansMNerdFont-Bold.ttf", O_RDONLY|O_CLOEXEC) = 3
14:15:48.200563 openat(AT_FDCWD, "/home/dikluwe/.local/share/fonts/DejaVuSansMono/DejaVuSansMNerdFontPropo-Bold.ttf", O_RDONLY|O_CLOEXEC) = 3
14:15:48.200722 openat(AT_FDCWD, "/home/dikluwe/.local/share/fonts/DejaVuSansMono/DejaVuSansMNerdFontMono-Bold.ttf", O_RDONLY|O_CLOEXEC) = 3
14:15:48.200881 openat(AT_FDCWD, "/usr/share/texmf/fonts/opentype/public/lm/lmmono10-italic.otf", O_RDONLY|O_CLOEXEC) = 3
14:15:48.201047 openat(AT_FDCWD, "/usr/share/texmf/fonts/opentype/public/lm/lmmono10-regular.otf", O_RDONLY|O_CLOEXEC) = 3
14:15:48.201194 openat(AT_FDCWD, "/usr/share/texmf/fonts/opentype/public/lm/lmmono12-regular.otf", O_RDONLY|O_CLOEXEC) = 3
14:15:48.201339 openat(AT_FDCWD, "/usr/share/texmf/fonts/opentype/public/lm/lmmono8-regular.otf", O_RDONLY|O_CLOEXEC) = 3
14:15:48.201486 openat(AT_FDCWD, "/usr/share/texmf/fonts/opentype/public/lm/lmmono9-regular.otf", O_RDONLY|O_CLOEXEC) = 3
14:15:48.201632 openat(AT_FDCWD, "/usr/share/texmf/fonts/opentype/public/lm/lmmonocaps10-oblique.otf", O_RDONLY|O_CLOEXEC) = 3
14:15:48.201780 openat(AT_FDCWD, "/usr/share/texmf/fonts/opentype/public/lm/lmmonocaps10-regular.otf", O_RDONLY|O_CLOEXEC) = 3
14:15:48.201928 openat(AT_FDCWD, "/usr/share/texmf/fonts/opentype/public/lm/lmmonolt10-bold.otf", O_RDONLY|O_CLOEXEC) = 3
14:15:48.202088 openat(AT_FDCWD, "/usr/share/texmf/fonts/opentype/public/lm/lmmonolt10-boldoblique.otf", O_RDONLY|O_CLOEXEC) = 3
14:15:48.202235 openat(AT_FDCWD, "/usr/share/texmf/fonts/opentype/public/lm/lmmonolt10-oblique.otf", O_RDONLY|O_CLOEXEC) = 3
14:15:48.202423 openat(AT_FDCWD, "/usr/share/texmf/fonts/opentype/public/lm/lmmonolt10-regular.otf", O_RDONLY|O_CLOEXEC) = 3
14:15:48.202579 openat(AT_FDCWD, "/usr/share/texmf/fonts/opentype/public/lm/lmmonoltcond10-oblique.otf", O_RDONLY|O_CLOEXEC) = 3
14:15:48.202728 openat(AT_FDCWD, "/usr/share/texmf/fonts/opentype/public/lm/lmmonoltcond10-regular.otf", O_RDONLY|O_CLOEXEC) = 3
14:15:48.202873 openat(AT_FDCWD, "/usr/share/texmf/fonts/opentype/public/lm/lmmonoprop10-oblique.otf", O_RDONLY|O_CLOEXEC) = 3
14:15:48.203031 openat(AT_FDCWD, "/usr/share/texmf/fonts/opentype/public/lm/lmmonoprop10-regular.otf", O_RDONLY|O_CLOEXEC) = 3
14:15:48.203182 openat(AT_FDCWD, "/usr/share/texmf/fonts/opentype/public/lm/lmmonoproplt10-bold.otf", O_RDONLY|O_CLOEXEC) = 3
14:15:48.203349 openat(AT_FDCWD, "/usr/share/texmf/fonts/opentype/public/lm/lmmonoproplt10-boldoblique.otf", O_RDONLY|O_CLOEXEC) = 3
14:15:48.203500 openat(AT_FDCWD, "/usr/share/texmf/fonts/opentype/public/lm/lmmonoproplt10-oblique.otf", O_RDONLY|O_CLOEXEC) = 3
14:15:48.203650 openat(AT_FDCWD, "/usr/share/texmf/fonts/opentype/public/lm/lmmonoproplt10-regular.otf", O_RDONLY|O_CLOEXEC) = 3
14:15:48.203811 openat(AT_FDCWD, "/usr/share/texmf/fonts/opentype/public/lm/lmmonoslant10-regular.otf", O_RDONLY|O_CLOEXEC) = 3
14:15:48.203972 openat(AT_FDCWD, "/usr/share/texmf/fonts/opentype/public/lm/lmroman10-bold.otf", O_RDONLY|O_CLOEXEC) = 3
14:15:48.204160 openat(AT_FDCWD, "/usr/share/texmf/fonts/opentype/public/lm/lmroman10-bolditalic.otf", O_RDONLY|O_CLOEXEC) = 3
14:15:48.204337 openat(AT_FDCWD, "/usr/share/texmf/fonts/opentype/public/lm/lmroman10-italic.otf", O_RDONLY|O_CLOEXEC) = 3
14:15:48.204512 openat(AT_FDCWD, "/usr/share/texmf/fonts/opentype/public/lm/lmroman10-regular.otf", O_RDONLY|O_CLOEXEC) = 3
14:15:48.204741 openat(AT_FDCWD, "/usr/share/texmf/fonts/opentype/public/lm/lmroman12-bold.otf", O_RDONLY|O_CLOEXEC) = 3
14:15:48.204918 openat(AT_FDCWD, "/usr/share/texmf/fonts/opentype/public/lm/lmroman12-italic.otf", O_RDONLY|O_CLOEXEC) = 3
14:15:48.205101 openat(AT_FDCWD, "/usr/share/texmf/fonts/opentype/public/lm/lmroman12-regular.otf", O_RDONLY|O_CLOEXEC) = 3
14:15:48.205276 openat(AT_FDCWD, "/usr/share/texmf/fonts/opentype/public/lm/lmroman17-regular.otf", O_RDONLY|O_CLOEXEC) = 3
14:15:48.205449 openat(AT_FDCWD, "/usr/share/texmf/fonts/opentype/public/lm/lmroman5-bold.otf", O_RDONLY|O_CLOEXEC) = 3
14:15:48.205620 openat(AT_FDCWD, "/usr/share/texmf/fonts/opentype/public/lm/lmroman5-regular.otf", O_RDONLY|O_CLOEXEC) = 3
14:15:48.205791 openat(AT_FDCWD, "/usr/share/texmf/fonts/opentype/public/lm/lmroman6-bold.otf", O_RDONLY|O_CLOEXEC) = 3
14:15:48.205966 openat(AT_FDCWD, "/usr/share/texmf/fonts/opentype/public/lm/lmroman6-regular.otf", O_RDONLY|O_CLOEXEC) = 3
14:15:48.206134 openat(AT_FDCWD, "/usr/share/texmf/fonts/opentype/public/lm/lmroman7-bold.otf", O_RDONLY|O_CLOEXEC) = 3
14:15:48.206303 openat(AT_FDCWD, "/usr/share/texmf/fonts/opentype/public/lm/lmroman7-italic.otf", O_RDONLY|O_CLOEXEC) = 3
14:15:48.206472 openat(AT_FDCWD, "/usr/share/texmf/fonts/opentype/public/lm/lmroman7-regular.otf", O_RDONLY|O_CLOEXEC) = 3
14:15:48.206638 openat(AT_FDCWD, "/usr/share/texmf/fonts/opentype/public/lm/lmroman8-bold.otf", O_RDONLY|O_CLOEXEC) = 3
14:15:48.206804 openat(AT_FDCWD, "/usr/share/texmf/fonts/opentype/public/lm/lmroman8-italic.otf", O_RDONLY|O_CLOEXEC) = 3
14:15:48.206978 openat(AT_FDCWD, "/usr/share/texmf/fonts/opentype/public/lm/lmroman8-regular.otf", O_RDONLY|O_CLOEXEC) = 3
14:15:48.207146 openat(AT_FDCWD, "/usr/share/texmf/fonts/opentype/public/lm/lmroman9-bold.otf", O_RDONLY|O_CLOEXEC) = 3
14:15:48.207316 openat(AT_FDCWD, "/usr/share/texmf/fonts/opentype/public/lm/lmroman9-italic.otf", O_RDONLY|O_CLOEXEC) = 3
14:15:48.207485 openat(AT_FDCWD, "/usr/share/texmf/fonts/opentype/public/lm/lmroman9-regular.otf", O_RDONLY|O_CLOEXEC) = 3
14:15:48.207653 openat(AT_FDCWD, "/usr/share/texmf/fonts/opentype/public/lm/lmromancaps10-oblique.otf", O_RDONLY|O_CLOEXEC) = 3
14:15:48.207823 openat(AT_FDCWD, "/usr/share/texmf/fonts/opentype/public/lm/lmromancaps10-regular.otf", O_RDONLY|O_CLOEXEC) = 3
14:15:48.207997 openat(AT_FDCWD, "/usr/share/texmf/fonts/opentype/public/lm/lmromandemi10-oblique.otf", O_RDONLY|O_CLOEXEC) = 3
14:15:48.208166 openat(AT_FDCWD, "/usr/share/texmf/fonts/opentype/public/lm/lmromandemi10-regular.otf", O_RDONLY|O_CLOEXEC) = 3
14:15:48.208335 openat(AT_FDCWD, "/usr/share/texmf/fonts/opentype/public/lm/lmromandunh10-oblique.otf", O_RDONLY|O_CLOEXEC) = 3
14:15:48.208504 openat(AT_FDCWD, "/usr/share/texmf/fonts/opentype/public/lm/lmromandunh10-regular.otf", O_RDONLY|O_CLOEXEC) = 3
14:15:48.208671 openat(AT_FDCWD, "/usr/share/texmf/fonts/opentype/public/lm/lmromanslant10-bold.otf", O_RDONLY|O_CLOEXEC) = 3
14:15:48.208838 openat(AT_FDCWD, "/usr/share/texmf/fonts/opentype/public/lm/lmromanslant10-regular.otf", O_RDONLY|O_CLOEXEC) = 3
14:15:48.209063 openat(AT_FDCWD, "/usr/share/texmf/fonts/opentype/public/lm/lmromanslant12-regular.otf", O_RDONLY|O_CLOEXEC) = 3
14:15:48.209247 openat(AT_FDCWD, "/usr/share/texmf/fonts/opentype/public/lm/lmromanslant17-regular.otf", O_RDONLY|O_CLOEXEC) = 3
14:15:48.209428 openat(AT_FDCWD, "/usr/share/texmf/fonts/opentype/public/lm/lmromanslant8-regular.otf", O_RDONLY|O_CLOEXEC) = 3
14:15:48.209608 openat(AT_FDCWD, "/usr/share/texmf/fonts/opentype/public/lm/lmromanslant9-regular.otf", O_RDONLY|O_CLOEXEC) = 3
14:15:48.209795 openat(AT_FDCWD, "/usr/share/texmf/fonts/opentype/public/lm/lmromanunsl10-regular.otf", O_RDONLY|O_CLOEXEC) = 3
14:15:48.209995 openat(AT_FDCWD, "/usr/share/texmf/fonts/opentype/public/lm/lmsans10-bold.otf", O_RDONLY|O_CLOEXEC) = 3
14:15:48.210178 openat(AT_FDCWD, "/usr/share/texmf/fonts/opentype/public/lm/lmsans10-boldoblique.otf", O_RDONLY|O_CLOEXEC) = 3
14:15:48.210356 openat(AT_FDCWD, "/usr/share/texmf/fonts/opentype/public/lm/lmsans10-oblique.otf", O_RDONLY|O_CLOEXEC) = 3
14:15:48.210524 openat(AT_FDCWD, "/usr/share/texmf/fonts/opentype/public/lm/lmsans10-regular.otf", O_RDONLY|O_CLOEXEC) = 3
14:15:48.210691 openat(AT_FDCWD, "/usr/share/texmf/fonts/opentype/public/lm/lmsans12-oblique.otf", O_RDONLY|O_CLOEXEC) = 3
14:15:48.210857 openat(AT_FDCWD, "/usr/share/texmf/fonts/opentype/public/lm/lmsans12-regular.otf", O_RDONLY|O_CLOEXEC) = 3
14:15:48.211052 openat(AT_FDCWD, "/usr/share/texmf/fonts/opentype/public/lm/lmsans17-oblique.otf", O_RDONLY|O_CLOEXEC) = 3
14:15:48.211217 openat(AT_FDCWD, "/usr/share/texmf/fonts/opentype/public/lm/lmsans17-regular.otf", O_RDONLY|O_CLOEXEC) = 3
14:15:48.211380 openat(AT_FDCWD, "/usr/share/texmf/fonts/opentype/public/lm/lmsans8-oblique.otf", O_RDONLY|O_CLOEXEC) = 3
14:15:48.211546 openat(AT_FDCWD, "/usr/share/texmf/fonts/opentype/public/lm/lmsans8-regular.otf", O_RDONLY|O_CLOEXEC) = 3
14:15:48.211710 openat(AT_FDCWD, "/usr/share/texmf/fonts/opentype/public/lm/lmsans9-oblique.otf", O_RDONLY|O_CLOEXEC) = 3
14:15:48.211875 openat(AT_FDCWD, "/usr/share/texmf/fonts/opentype/public/lm/lmsans9-regular.otf", O_RDONLY|O_CLOEXEC) = 3
14:15:48.212045 openat(AT_FDCWD, "/usr/share/texmf/fonts/opentype/public/lm/lmsansdemicond10-oblique.otf", O_RDONLY|O_CLOEXEC) = 3
14:15:48.212217 openat(AT_FDCWD, "/usr/share/texmf/fonts/opentype/public/lm/lmsansdemicond10-regular.otf", O_RDONLY|O_CLOEXEC) = 3
14:15:48.212386 openat(AT_FDCWD, "/usr/share/texmf/fonts/opentype/public/lm/lmsansquot8-bold.otf", O_RDONLY|O_CLOEXEC) = 3
14:15:48.212561 openat(AT_FDCWD, "/usr/share/texmf/fonts/opentype/public/lm/lmsansquot8-boldoblique.otf", O_RDONLY|O_CLOEXEC) = 3
14:15:48.212729 openat(AT_FDCWD, "/usr/share/texmf/fonts/opentype/public/lm/lmsansquot8-oblique.otf", O_RDONLY|O_CLOEXEC) = 3
14:15:48.212896 openat(AT_FDCWD, "/usr/share/texmf/fonts/opentype/public/lm/lmsansquot8-regular.otf", O_RDONLY|O_CLOEXEC) = 3
14:15:48.213073 openat(AT_FDCWD, "/usr/share/texmf/fonts/opentype/public/lm-math/latinmodern-math.otf", O_RDONLY|O_CLOEXEC) = 3
14:15:48.213247 openat(AT_FDCWD, "/usr/share/texmf/fonts/opentype/public/tex-gyre-math/texgyrebonum-math.otf", O_RDONLY|O_CLOEXEC) = 3
14:15:48.213428 openat(AT_FDCWD, "/usr/share/texmf/fonts/opentype/public/tex-gyre-math/texgyredejavu-math.otf", O_RDONLY|O_CLOEXEC) = 3
14:15:48.213612 openat(AT_FDCWD, "/usr/share/texmf/fonts/opentype/public/tex-gyre-math/texgyrepagella-math.otf", O_RDONLY|O_CLOEXEC) = 3
14:15:48.213792 openat(AT_FDCWD, "/usr/share/texmf/fonts/opentype/public/tex-gyre-math/texgyreschola-math.otf", O_RDONLY|O_CLOEXEC) = 3
14:15:48.213977 openat(AT_FDCWD, "/usr/share/texmf/fonts/opentype/public/tex-gyre-math/texgyretermes-math.otf", O_RDONLY|O_CLOEXEC) = 3
14:15:48.214161 openat(AT_FDCWD, "/usr/share/texmf/fonts/opentype/public/tex-gyre/texgyreadventor-bold.otf", O_RDONLY|O_CLOEXEC) = 3
14:15:48.214332 openat(AT_FDCWD, "/usr/share/texmf/fonts/opentype/public/tex-gyre/texgyreadventor-bolditalic.otf", O_RDONLY|O_CLOEXEC) = 3
14:15:48.214504 openat(AT_FDCWD, "/usr/share/texmf/fonts/opentype/public/tex-gyre/texgyreadventor-italic.otf", O_RDONLY|O_CLOEXEC) = 3
14:15:48.214692 openat(AT_FDCWD, "/usr/share/texmf/fonts/opentype/public/tex-gyre/texgyreadventor-regular.otf", O_RDONLY|O_CLOEXEC) = 3
14:15:48.214859 openat(AT_FDCWD, "/usr/share/texmf/fonts/opentype/public/tex-gyre/texgyrebonum-bold.otf", O_RDONLY|O_CLOEXEC) = 3
14:15:48.215037 openat(AT_FDCWD, "/usr/share/texmf/fonts/opentype/public/tex-gyre/texgyrebonum-bolditalic.otf", O_RDONLY|O_CLOEXEC) = 3
14:15:48.215207 openat(AT_FDCWD, "/usr/share/texmf/fonts/opentype/public/tex-gyre/texgyrebonum-italic.otf", O_RDONLY|O_CLOEXEC) = 3
14:15:48.215376 openat(AT_FDCWD, "/usr/share/texmf/fonts/opentype/public/tex-gyre/texgyrebonum-regular.otf", O_RDONLY|O_CLOEXEC) = 3
14:15:48.215545 openat(AT_FDCWD, "/usr/share/texmf/fonts/opentype/public/tex-gyre/texgyrechorus-mediumitalic.otf", O_RDONLY|O_CLOEXEC) = 3
14:15:48.215712 openat(AT_FDCWD, "/usr/share/texmf/fonts/opentype/public/tex-gyre/texgyrecursor-bold.otf", O_RDONLY|O_CLOEXEC) = 3
14:15:48.215891 openat(AT_FDCWD, "/usr/share/texmf/fonts/opentype/public/tex-gyre/texgyrecursor-bolditalic.otf", O_RDONLY|O_CLOEXEC) = 3
14:15:48.216065 openat(AT_FDCWD, "/usr/share/texmf/fonts/opentype/public/tex-gyre/texgyrecursor-italic.otf", O_RDONLY|O_CLOEXEC) = 3
14:15:48.216234 openat(AT_FDCWD, "/usr/share/texmf/fonts/opentype/public/tex-gyre/texgyrecursor-regular.otf", O_RDONLY|O_CLOEXEC) = 3
14:15:48.216403 openat(AT_FDCWD, "/usr/share/texmf/fonts/opentype/public/tex-gyre/texgyreheros-bold.otf", O_RDONLY|O_CLOEXEC) = 3
14:15:48.216572 openat(AT_FDCWD, "/usr/share/texmf/fonts/opentype/public/tex-gyre/texgyreheros-bolditalic.otf", O_RDONLY|O_CLOEXEC) = 3
14:15:48.216742 openat(AT_FDCWD, "/usr/share/texmf/fonts/opentype/public/tex-gyre/texgyreheros-italic.otf", O_RDONLY|O_CLOEXEC) = 3
14:15:48.216917 openat(AT_FDCWD, "/usr/share/texmf/fonts/opentype/public/tex-gyre/texgyreheros-regular.otf", O_RDONLY|O_CLOEXEC) = 3
14:15:48.217091 openat(AT_FDCWD, "/usr/share/texmf/fonts/opentype/public/tex-gyre/texgyreheroscn-bold.otf", O_RDONLY|O_CLOEXEC) = 3
14:15:48.217260 openat(AT_FDCWD, "/usr/share/texmf/fonts/opentype/public/tex-gyre/texgyreheroscn-bolditalic.otf", O_RDONLY|O_CLOEXEC) = 3
14:15:48.217428 openat(AT_FDCWD, "/usr/share/texmf/fonts/opentype/public/tex-gyre/texgyreheroscn-italic.otf", O_RDONLY|O_CLOEXEC) = 3
14:15:48.217598 openat(AT_FDCWD, "/usr/share/texmf/fonts/opentype/public/tex-gyre/texgyreheroscn-regular.otf", O_RDONLY|O_CLOEXEC) = 3
14:15:48.217768 openat(AT_FDCWD, "/usr/share/texmf/fonts/opentype/public/tex-gyre/texgyrepagella-bold.otf", O_RDONLY|O_CLOEXEC) = 3
14:15:48.217946 openat(AT_FDCWD, "/usr/share/texmf/fonts/opentype/public/tex-gyre/texgyrepagella-bolditalic.otf", O_RDONLY|O_CLOEXEC) = 3
14:15:48.218120 openat(AT_FDCWD, "/usr/share/texmf/fonts/opentype/public/tex-gyre/texgyrepagella-italic.otf", O_RDONLY|O_CLOEXEC) = 3
14:15:48.218292 openat(AT_FDCWD, "/usr/share/texmf/fonts/opentype/public/tex-gyre/texgyrepagella-regular.otf", O_RDONLY|O_CLOEXEC) = 3
14:15:48.218466 openat(AT_FDCWD, "/usr/share/texmf/fonts/opentype/public/tex-gyre/texgyreschola-bold.otf", O_RDONLY|O_CLOEXEC) = 3
14:15:48.218635 openat(AT_FDCWD, "/usr/share/texmf/fonts/opentype/public/tex-gyre/texgyreschola-bolditalic.otf", O_RDONLY|O_CLOEXEC) = 3
14:15:48.218805 openat(AT_FDCWD, "/usr/share/texmf/fonts/opentype/public/tex-gyre/texgyreschola-italic.otf", O_RDONLY|O_CLOEXEC) = 3
14:15:48.219020 openat(AT_FDCWD, "/usr/share/texmf/fonts/opentype/public/tex-gyre/texgyreschola-regular.otf", O_RDONLY|O_CLOEXEC) = 3
14:15:48.219214 openat(AT_FDCWD, "/usr/share/texmf/fonts/opentype/public/tex-gyre/texgyretermes-bold.otf", O_RDONLY|O_CLOEXEC) = 3
14:15:48.219396 openat(AT_FDCWD, "/usr/share/texmf/fonts/opentype/public/tex-gyre/texgyretermes-bolditalic.otf", O_RDONLY|O_CLOEXEC) = 3
14:15:48.219579 openat(AT_FDCWD, "/usr/share/texmf/fonts/opentype/public/tex-gyre/texgyretermes-italic.otf", O_RDONLY|O_CLOEXEC) = 3
14:15:48.219760 openat(AT_FDCWD, "/usr/share/texmf/fonts/opentype/public/tex-gyre/texgyretermes-regular.otf", O_RDONLY|O_CLOEXEC) = 3
14:15:48.224753 openat(AT_FDCWD, "/usr/share/javascript/mathjax/fonts/HTML-CSS/TeX/otf/MathJax_AMS-Regular.otf", O_RDONLY|O_CLOEXEC) = 3
14:15:48.224981 openat(AT_FDCWD, "/usr/share/javascript/mathjax/fonts/HTML-CSS/TeX/otf/MathJax_Caligraphic-Bold.otf", O_RDONLY|O_CLOEXEC) = 3
14:15:48.225131 openat(AT_FDCWD, "/usr/share/javascript/mathjax/fonts/HTML-CSS/TeX/otf/MathJax_Caligraphic-Regular.otf", O_RDONLY|O_CLOEXEC) = 3
14:15:48.225274 openat(AT_FDCWD, "/usr/share/javascript/mathjax/fonts/HTML-CSS/TeX/otf/MathJax_Fraktur-Bold.otf", O_RDONLY|O_CLOEXEC) = 3
14:15:48.225420 openat(AT_FDCWD, "/usr/share/javascript/mathjax/fonts/HTML-CSS/TeX/otf/MathJax_Fraktur-Regular.otf", O_RDONLY|O_CLOEXEC) = 3
14:15:48.225565 openat(AT_FDCWD, "/usr/share/javascript/mathjax/fonts/HTML-CSS/TeX/otf/MathJax_Main-Bold.otf", O_RDONLY|O_CLOEXEC) = 3
14:15:48.225716 openat(AT_FDCWD, "/usr/share/javascript/mathjax/fonts/HTML-CSS/TeX/otf/MathJax_Main-Italic.otf", O_RDONLY|O_CLOEXEC) = 3
14:15:48.225868 openat(AT_FDCWD, "/usr/share/javascript/mathjax/fonts/HTML-CSS/TeX/otf/MathJax_Main-Regular.otf", O_RDONLY|O_CLOEXEC) = 3
14:15:48.226025 openat(AT_FDCWD, "/usr/share/javascript/mathjax/fonts/HTML-CSS/TeX/otf/MathJax_Math-BoldItalic.otf", O_RDONLY|O_CLOEXEC) = 3
14:15:48.226171 openat(AT_FDCWD, "/usr/share/javascript/mathjax/fonts/HTML-CSS/TeX/otf/MathJax_Math-Italic.otf", O_RDONLY|O_CLOEXEC) = 3
14:15:48.226314 openat(AT_FDCWD, "/usr/share/javascript/mathjax/fonts/HTML-CSS/TeX/otf/MathJax_Math-Regular.otf", O_RDONLY|O_CLOEXEC) = 3
14:15:48.226454 openat(AT_FDCWD, "/usr/share/javascript/mathjax/fonts/HTML-CSS/TeX/otf/MathJax_SansSerif-Bold.otf", O_RDONLY|O_CLOEXEC) = 3
14:15:48.226597 openat(AT_FDCWD, "/usr/share/javascript/mathjax/fonts/HTML-CSS/TeX/otf/MathJax_SansSerif-Italic.otf", O_RDONLY|O_CLOEXEC) = 3
14:15:48.226737 openat(AT_FDCWD, "/usr/share/javascript/mathjax/fonts/HTML-CSS/TeX/otf/MathJax_SansSerif-Regular.otf", O_RDONLY|O_CLOEXEC) = 3
14:15:48.226878 openat(AT_FDCWD, "/usr/share/javascript/mathjax/fonts/HTML-CSS/TeX/otf/MathJax_Script-Regular.otf", O_RDONLY|O_CLOEXEC) = 3
14:15:48.227023 openat(AT_FDCWD, "/usr/share/javascript/mathjax/fonts/HTML-CSS/TeX/otf/MathJax_Size1-Regular.otf", O_RDONLY|O_CLOEXEC) = 3
14:15:48.227164 openat(AT_FDCWD, "/usr/share/javascript/mathjax/fonts/HTML-CSS/TeX/otf/MathJax_Size2-Regular.otf", O_RDONLY|O_CLOEXEC) = 3
14:15:48.227303 openat(AT_FDCWD, "/usr/share/javascript/mathjax/fonts/HTML-CSS/TeX/otf/MathJax_Size3-Regular.otf", O_RDONLY|O_CLOEXEC) = 3
14:15:48.227441 openat(AT_FDCWD, "/usr/share/javascript/mathjax/fonts/HTML-CSS/TeX/otf/MathJax_Size4-Regular.otf", O_RDONLY|O_CLOEXEC) = 3
14:15:48.227583 openat(AT_FDCWD, "/usr/share/javascript/mathjax/fonts/HTML-CSS/TeX/otf/MathJax_Typewriter-Regular.otf", O_RDONLY|O_CLOEXEC) = 3
14:15:48.227724 openat(AT_FDCWD, "/usr/share/javascript/mathjax/fonts/HTML-CSS/TeX/otf/MathJax_Vector-Bold.otf", O_RDONLY|O_CLOEXEC) = 3
14:15:48.227860 openat(AT_FDCWD, "/usr/share/javascript/mathjax/fonts/HTML-CSS/TeX/otf/MathJax_Vector-Regular.otf", O_RDONLY|O_CLOEXEC) = 3
14:15:48.228005 openat(AT_FDCWD, "/usr/share/javascript/mathjax/fonts/HTML-CSS/TeX/otf/MathJax_WinChrome-Regular.otf", O_RDONLY|O_CLOEXEC) = 3
14:15:48.228143 openat(AT_FDCWD, "/usr/share/javascript/mathjax/fonts/HTML-CSS/TeX/otf/MathJax_WinIE6-Regular.otf", O_RDONLY|O_CLOEXEC) = 3
14:15:48.228286 openat(AT_FDCWD, "/usr/share/fonts/opentype/noto/NotoSansCJK-Bold.ttc", O_RDONLY|O_CLOEXEC) = 3
14:15:48.230899 openat(AT_FDCWD, "/usr/share/fonts/opentype/noto/NotoSansCJK-Bold.ttc", O_RDONLY|O_CLOEXEC) = 3
14:15:48.233293 openat(AT_FDCWD, "/usr/share/fonts/opentype/noto/NotoSansCJK-Bold.ttc", O_RDONLY|O_CLOEXEC) = 3
14:15:48.235702 openat(AT_FDCWD, "/usr/share/fonts/opentype/noto/NotoSansCJK-Bold.ttc", O_RDONLY|O_CLOEXEC) = 3
14:15:48.238080 openat(AT_FDCWD, "/usr/share/fonts/opentype/noto/NotoSansCJK-Bold.ttc", O_RDONLY|O_CLOEXEC) = 3
14:15:48.240471 openat(AT_FDCWD, "/usr/share/fonts/opentype/noto/NotoSansCJK-Bold.ttc", O_RDONLY|O_CLOEXEC) = 3
14:15:48.242873 openat(AT_FDCWD, "/usr/share/fonts/opentype/noto/NotoSansCJK-Bold.ttc", O_RDONLY|O_CLOEXEC) = 3
14:15:48.245332 openat(AT_FDCWD, "/usr/share/fonts/opentype/noto/NotoSansCJK-Bold.ttc", O_RDONLY|O_CLOEXEC) = 3
14:15:48.247751 openat(AT_FDCWD, "/usr/share/fonts/opentype/noto/NotoSansCJK-Bold.ttc", O_RDONLY|O_CLOEXEC) = 3
14:15:48.250149 openat(AT_FDCWD, "/usr/share/fonts/opentype/noto/NotoSansCJK-Bold.ttc", O_RDONLY|O_CLOEXEC) = 3
14:15:48.252538 openat(AT_FDCWD, "/usr/share/fonts/opentype/noto/NotoSansCJK-Regular.ttc", O_RDONLY|O_CLOEXEC) = 3
14:15:48.254935 openat(AT_FDCWD, "/usr/share/fonts/opentype/noto/NotoSansCJK-Regular.ttc", O_RDONLY|O_CLOEXEC) = 3
14:15:48.257335 openat(AT_FDCWD, "/usr/share/fonts/opentype/noto/NotoSansCJK-Regular.ttc", O_RDONLY|O_CLOEXEC) = 3
14:15:48.259728 openat(AT_FDCWD, "/usr/share/fonts/opentype/noto/NotoSansCJK-Regular.ttc", O_RDONLY|O_CLOEXEC) = 3
14:15:48.262145 openat(AT_FDCWD, "/usr/share/fonts/opentype/noto/NotoSansCJK-Regular.ttc", O_RDONLY|O_CLOEXEC) = 3
14:15:48.264541 openat(AT_FDCWD, "/usr/share/fonts/opentype/noto/NotoSansCJK-Regular.ttc", O_RDONLY|O_CLOEXEC) = 3
14:15:48.266964 openat(AT_FDCWD, "/usr/share/fonts/opentype/noto/NotoSansCJK-Regular.ttc", O_RDONLY|O_CLOEXEC) = 3
14:15:48.269367 openat(AT_FDCWD, "/usr/share/fonts/opentype/noto/NotoSansCJK-Regular.ttc", O_RDONLY|O_CLOEXEC) = 3
14:15:48.271788 openat(AT_FDCWD, "/usr/share/fonts/opentype/noto/NotoSansCJK-Regular.ttc", O_RDONLY|O_CLOEXEC) = 3
14:15:48.274196 openat(AT_FDCWD, "/usr/share/fonts/opentype/noto/NotoSansCJK-Regular.ttc", O_RDONLY|O_CLOEXEC) = 3
14:15:48.276614 openat(AT_FDCWD, "/usr/share/fonts/opentype/noto/NotoSerifCJK-Bold.ttc", O_RDONLY|O_CLOEXEC) = 3
14:15:48.279035 openat(AT_FDCWD, "/usr/share/fonts/opentype/noto/NotoSerifCJK-Bold.ttc", O_RDONLY|O_CLOEXEC) = 3
14:15:48.281443 openat(AT_FDCWD, "/usr/share/fonts/opentype/noto/NotoSerifCJK-Bold.ttc", O_RDONLY|O_CLOEXEC) = 3
14:15:48.283997 openat(AT_FDCWD, "/usr/share/fonts/opentype/noto/NotoSerifCJK-Bold.ttc", O_RDONLY|O_CLOEXEC) = 3
14:15:48.286756 openat(AT_FDCWD, "/usr/share/fonts/opentype/noto/NotoSerifCJK-Bold.ttc", O_RDONLY|O_CLOEXEC) = 3
14:15:48.289226 openat(AT_FDCWD, "/usr/share/fonts/opentype/noto/NotoSerifCJK-Regular.ttc", O_RDONLY|O_CLOEXEC) = 3
14:15:48.291739 openat(AT_FDCWD, "/usr/share/fonts/opentype/noto/NotoSerifCJK-Regular.ttc", O_RDONLY|O_CLOEXEC) = 3
14:15:48.294201 openat(AT_FDCWD, "/usr/share/fonts/opentype/noto/NotoSerifCJK-Regular.ttc", O_RDONLY|O_CLOEXEC) = 3
14:15:48.296617 openat(AT_FDCWD, "/usr/share/fonts/opentype/noto/NotoSerifCJK-Regular.ttc", O_RDONLY|O_CLOEXEC) = 3
14:15:48.299071 openat(AT_FDCWD, "/usr/share/fonts/opentype/noto/NotoSerifCJK-Regular.ttc", O_RDONLY|O_CLOEXEC) = 3
14:15:48.301663 openat(AT_FDCWD, "/usr/share/fonts/opentype/urw-base35/C059-BdIta.otf", O_RDONLY|O_CLOEXEC) = 3
14:15:48.301865 openat(AT_FDCWD, "/usr/share/fonts/opentype/urw-base35/C059-Bold.otf", O_RDONLY|O_CLOEXEC) = 3
14:15:48.302116 openat(AT_FDCWD, "/usr/share/fonts/opentype/urw-base35/C059-Italic.otf", O_RDONLY|O_CLOEXEC) = 3
14:15:48.302332 openat(AT_FDCWD, "/usr/share/fonts/opentype/urw-base35/C059-Roman.otf", O_RDONLY|O_CLOEXEC) = 3
14:15:48.302534 openat(AT_FDCWD, "/usr/share/fonts/opentype/urw-base35/D050000L.otf", O_RDONLY|O_CLOEXEC) = 3
14:15:48.302703 openat(AT_FDCWD, "/usr/share/fonts/opentype/urw-base35/NimbusMonoPS-Bold.otf", O_RDONLY|O_CLOEXEC) = 3
14:15:48.302880 openat(AT_FDCWD, "/usr/share/fonts/opentype/urw-base35/NimbusMonoPS-BoldItalic.otf", O_RDONLY|O_CLOEXEC) = 3
14:15:48.303058 openat(AT_FDCWD, "/usr/share/fonts/opentype/urw-base35/NimbusMonoPS-Italic.otf", O_RDONLY|O_CLOEXEC) = 3
14:15:48.303231 openat(AT_FDCWD, "/usr/share/fonts/opentype/urw-base35/NimbusMonoPS-Regular.otf", O_RDONLY|O_CLOEXEC) = 3
14:15:48.303402 openat(AT_FDCWD, "/usr/share/fonts/opentype/urw-base35/NimbusRoman-Bold.otf", O_RDONLY|O_CLOEXEC) = 3
14:15:48.303571 openat(AT_FDCWD, "/usr/share/fonts/opentype/urw-base35/NimbusRoman-BoldItalic.otf", O_RDONLY|O_CLOEXEC) = 3
14:15:48.303734 openat(AT_FDCWD, "/usr/share/fonts/opentype/urw-base35/NimbusRoman-Italic.otf", O_RDONLY|O_CLOEXEC) = 3
14:15:48.303896 openat(AT_FDCWD, "/usr/share/fonts/opentype/urw-base35/NimbusRoman-Regular.otf", O_RDONLY|O_CLOEXEC) = 3
14:15:48.304087 openat(AT_FDCWD, "/usr/share/fonts/opentype/urw-base35/NimbusSans-Bold.otf", O_RDONLY|O_CLOEXEC) = 3
14:15:48.304244 openat(AT_FDCWD, "/usr/share/fonts/opentype/urw-base35/NimbusSans-BoldItalic.otf", O_RDONLY|O_CLOEXEC) = 3
14:15:48.304404 openat(AT_FDCWD, "/usr/share/fonts/opentype/urw-base35/NimbusSans-Italic.otf", O_RDONLY|O_CLOEXEC) = 3
14:15:48.304560 openat(AT_FDCWD, "/usr/share/fonts/opentype/urw-base35/NimbusSans-Regular.otf", O_RDONLY|O_CLOEXEC) = 3
14:15:48.304718 openat(AT_FDCWD, "/usr/share/fonts/opentype/urw-base35/NimbusSansNarrow-Bold.otf", O_RDONLY|O_CLOEXEC) = 3
14:15:48.304876 openat(AT_FDCWD, "/usr/share/fonts/opentype/urw-base35/NimbusSansNarrow-BoldOblique.otf", O_RDONLY|O_CLOEXEC) = 3
14:15:48.305034 openat(AT_FDCWD, "/usr/share/fonts/opentype/urw-base35/NimbusSansNarrow-Oblique.otf", O_RDONLY|O_CLOEXEC) = 3
14:15:48.305176 openat(AT_FDCWD, "/usr/share/fonts/opentype/urw-base35/NimbusSansNarrow-Regular.otf", O_RDONLY|O_CLOEXEC) = 3
14:15:48.305319 openat(AT_FDCWD, "/usr/share/fonts/opentype/urw-base35/P052-Bold.otf", O_RDONLY|O_CLOEXEC) = 3
14:15:48.305461 openat(AT_FDCWD, "/usr/share/fonts/opentype/urw-base35/P052-BoldItalic.otf", O_RDONLY|O_CLOEXEC) = 3
14:15:48.305603 openat(AT_FDCWD, "/usr/share/fonts/opentype/urw-base35/P052-Italic.otf", O_RDONLY|O_CLOEXEC) = 3
14:15:48.305744 openat(AT_FDCWD, "/usr/share/fonts/opentype/urw-base35/P052-Roman.otf", O_RDONLY|O_CLOEXEC) = 3
14:15:48.305883 openat(AT_FDCWD, "/usr/share/fonts/opentype/urw-base35/StandardSymbolsPS.otf", O_RDONLY|O_CLOEXEC) = 3
14:15:48.306013 openat(AT_FDCWD, "/usr/share/fonts/opentype/urw-base35/URWBookman-Demi.otf", O_RDONLY|O_CLOEXEC) = 3
14:15:48.306153 openat(AT_FDCWD, "/usr/share/fonts/opentype/urw-base35/URWBookman-DemiItalic.otf", O_RDONLY|O_CLOEXEC) = 3
14:15:48.306293 openat(AT_FDCWD, "/usr/share/fonts/opentype/urw-base35/URWBookman-Light.otf", O_RDONLY|O_CLOEXEC) = 3
14:15:48.306434 openat(AT_FDCWD, "/usr/share/fonts/opentype/urw-base35/URWBookman-LightItalic.otf", O_RDONLY|O_CLOEXEC) = 3
14:15:48.306574 openat(AT_FDCWD, "/usr/share/fonts/opentype/urw-base35/URWGothic-Book.otf", O_RDONLY|O_CLOEXEC) = 3
14:15:48.306767 openat(AT_FDCWD, "/usr/share/fonts/opentype/urw-base35/URWGothic-BookOblique.otf", O_RDONLY|O_CLOEXEC) = 3
14:15:48.306935 openat(AT_FDCWD, "/usr/share/fonts/opentype/urw-base35/URWGothic-Demi.otf", O_RDONLY|O_CLOEXEC) = 3
14:15:48.307076 openat(AT_FDCWD, "/usr/share/fonts/opentype/urw-base35/URWGothic-DemiOblique.otf", O_RDONLY|O_CLOEXEC) = 3
14:15:48.307217 openat(AT_FDCWD, "/usr/share/fonts/opentype/urw-base35/Z003-MediumItalic.otf", O_RDONLY|O_CLOEXEC) = 3
14:15:48.307356 openat(AT_FDCWD, "/usr/share/fonts/opentype/freefont/FreeMono.otf", O_RDONLY|O_CLOEXEC) = 3
14:15:48.307779 openat(AT_FDCWD, "/usr/share/fonts/opentype/freefont/FreeMonoBold.otf", O_RDONLY|O_CLOEXEC) = 3
14:15:48.308060 openat(AT_FDCWD, "/usr/share/fonts/opentype/freefont/FreeMonoBoldOblique.otf", O_RDONLY|O_CLOEXEC) = 3
14:15:48.308289 openat(AT_FDCWD, "/usr/share/fonts/opentype/freefont/FreeMonoOblique.otf", O_RDONLY|O_CLOEXEC) = 3
14:15:48.308549 openat(AT_FDCWD, "/usr/share/fonts/opentype/freefont/FreeSans.otf", O_RDONLY|O_CLOEXEC) = 3
14:15:48.308979 openat(AT_FDCWD, "/usr/share/fonts/opentype/freefont/FreeSansBold.otf", O_RDONLY|O_CLOEXEC) = 3
14:15:48.309281 openat(AT_FDCWD, "/usr/share/fonts/opentype/freefont/FreeSansBoldOblique.otf", O_RDONLY|O_CLOEXEC) = 3
14:15:48.309555 openat(AT_FDCWD, "/usr/share/fonts/opentype/freefont/FreeSansOblique.otf", O_RDONLY|O_CLOEXEC) = 3
14:15:48.309848 openat(AT_FDCWD, "/usr/share/fonts/opentype/freefont/FreeSerif.otf", O_RDONLY|O_CLOEXEC) = 3
14:15:48.310411 openat(AT_FDCWD, "/usr/share/fonts/opentype/freefont/FreeSerifBold.otf", O_RDONLY|O_CLOEXEC) = 3
14:15:48.310806 openat(AT_FDCWD, "/usr/share/fonts/opentype/freefont/FreeSerifBoldItalic.otf", O_RDONLY|O_CLOEXEC) = 3
14:15:48.311101 openat(AT_FDCWD, "/usr/share/fonts/opentype/freefont/FreeSerifItalic.otf", O_RDONLY|O_CLOEXEC) = 3
14:15:48.311420 openat(AT_FDCWD, "/usr/share/fonts/opentype/font-awesome/FontAwesome.otf", O_RDONLY|O_CLOEXEC) = 3
14:15:48.311582 openat(AT_FDCWD, "/usr/share/fonts/truetype/dejavu/DejaVuSans-Bold.ttf", O_RDONLY|O_CLOEXEC) = 3
14:15:48.311970 openat(AT_FDCWD, "/usr/share/fonts/truetype/dejavu/DejaVuSans.ttf", O_RDONLY|O_CLOEXEC) = 3
14:15:48.312340 openat(AT_FDCWD, "/usr/share/fonts/truetype/dejavu/DejaVuSansMono-Bold.ttf", O_RDONLY|O_CLOEXEC) = 3
14:15:48.312602 openat(AT_FDCWD, "/usr/share/fonts/truetype/dejavu/DejaVuSansMono-BoldOblique.ttf", O_RDONLY|O_CLOEXEC) = 3
14:15:48.312834 openat(AT_FDCWD, "/usr/share/fonts/truetype/dejavu/DejaVuSansMono-Oblique.ttf", O_RDONLY|O_CLOEXEC) = 3
14:15:48.313083 openat(AT_FDCWD, "/usr/share/fonts/truetype/dejavu/DejaVuSansMono.ttf", O_RDONLY|O_CLOEXEC) = 3
14:15:48.313349 openat(AT_FDCWD, "/usr/share/fonts/truetype/dejavu/DejaVuSerif-Bold.ttf", O_RDONLY|O_CLOEXEC) = 3
14:15:48.313614 openat(AT_FDCWD, "/usr/share/fonts/truetype/dejavu/DejaVuSerif.ttf", O_RDONLY|O_CLOEXEC) = 3
14:15:48.313881 openat(AT_FDCWD, "/usr/share/fonts/truetype/dejavu/DejaVuMathTeXGyre.ttf", O_RDONLY|O_CLOEXEC) = 3
14:15:48.314097 openat(AT_FDCWD, "/usr/share/fonts/truetype/dejavu/DejaVuSans-BoldOblique.ttf", O_RDONLY|O_CLOEXEC) = 3
14:15:48.314443 openat(AT_FDCWD, "/usr/share/fonts/truetype/dejavu/DejaVuSans-ExtraLight.ttf", O_RDONLY|O_CLOEXEC) = 3
14:15:48.314618 openat(AT_FDCWD, "/usr/share/fonts/truetype/dejavu/DejaVuSans-Oblique.ttf", O_RDONLY|O_CLOEXEC) = 3
14:15:48.314972 openat(AT_FDCWD, "/usr/share/fonts/truetype/dejavu/DejaVuSansCondensed-Bold.ttf", O_RDONLY|O_CLOEXEC) = 3
14:15:48.315343 openat(AT_FDCWD, "/usr/share/fonts/truetype/dejavu/DejaVuSansCondensed-BoldOblique.ttf", O_RDONLY|O_CLOEXEC) = 3
14:15:48.315685 openat(AT_FDCWD, "/usr/share/fonts/truetype/dejavu/DejaVuSansCondensed-Oblique.ttf", O_RDONLY|O_CLOEXEC) = 3
14:15:48.316032 openat(AT_FDCWD, "/usr/share/fonts/truetype/dejavu/DejaVuSansCondensed.ttf", O_RDONLY|O_CLOEXEC) = 3
14:15:48.316418 openat(AT_FDCWD, "/usr/share/fonts/truetype/dejavu/DejaVuSerif-BoldItalic.ttf", O_RDONLY|O_CLOEXEC) = 3
14:15:48.316708 openat(AT_FDCWD, "/usr/share/fonts/truetype/dejavu/DejaVuSerif-Italic.ttf", O_RDONLY|O_CLOEXEC) = 3
14:15:48.317002 openat(AT_FDCWD, "/usr/share/fonts/truetype/dejavu/DejaVuSerifCondensed-Bold.ttf", O_RDONLY|O_CLOEXEC) = 3
14:15:48.317289 openat(AT_FDCWD, "/usr/share/fonts/truetype/dejavu/DejaVuSerifCondensed-BoldItalic.ttf", O_RDONLY|O_CLOEXEC) = 3
14:15:48.317567 openat(AT_FDCWD, "/usr/share/fonts/truetype/dejavu/DejaVuSerifCondensed-Italic.ttf", O_RDONLY|O_CLOEXEC) = 3
14:15:48.317851 openat(AT_FDCWD, "/usr/share/fonts/truetype/dejavu/DejaVuSerifCondensed.ttf", O_RDONLY|O_CLOEXEC) = 3
14:15:48.318129 openat(AT_FDCWD, "/usr/share/fonts/truetype/droid/DroidSansFallbackFull.ttf", O_RDONLY|O_CLOEXEC) = 3
14:15:48.318969 openat(AT_FDCWD, "/usr/share/fonts/truetype/liberation/LiberationMono-Bold.ttf", O_RDONLY|O_CLOEXEC) = 3
14:15:48.319147 openat(AT_FDCWD, "/usr/share/fonts/truetype/liberation/LiberationMono-BoldItalic.ttf", O_RDONLY|O_CLOEXEC) = 3
14:15:48.319316 openat(AT_FDCWD, "/usr/share/fonts/truetype/liberation/LiberationMono-Italic.ttf", O_RDONLY|O_CLOEXEC) = 3
14:15:48.319486 openat(AT_FDCWD, "/usr/share/fonts/truetype/liberation/LiberationMono-Regular.ttf", O_RDONLY|O_CLOEXEC) = 3
14:15:48.319657 openat(AT_FDCWD, "/usr/share/fonts/truetype/liberation/LiberationSans-Bold.ttf", O_RDONLY|O_CLOEXEC) = 3
14:15:48.319829 openat(AT_FDCWD, "/usr/share/fonts/truetype/liberation/LiberationSans-BoldItalic.ttf", O_RDONLY|O_CLOEXEC) = 3
14:15:48.320010 openat(AT_FDCWD, "/usr/share/fonts/truetype/liberation/LiberationSans-Italic.ttf", O_RDONLY|O_CLOEXEC) = 3
14:15:48.320184 openat(AT_FDCWD, "/usr/share/fonts/truetype/liberation/LiberationSans-Regular.ttf", O_RDONLY|O_CLOEXEC) = 3
14:15:48.320357 openat(AT_FDCWD, "/usr/share/fonts/truetype/liberation/LiberationSerif-Bold.ttf", O_RDONLY|O_CLOEXEC) = 3
14:15:48.320525 openat(AT_FDCWD, "/usr/share/fonts/truetype/liberation/LiberationSerif-BoldItalic.ttf", O_RDONLY|O_CLOEXEC) = 3
14:15:48.320696 openat(AT_FDCWD, "/usr/share/fonts/truetype/liberation/LiberationSerif-Italic.ttf", O_RDONLY|O_CLOEXEC) = 3
14:15:48.320879 openat(AT_FDCWD, "/usr/share/fonts/truetype/liberation/LiberationSerif-Regular.ttf", O_RDONLY|O_CLOEXEC) = 3
14:15:48.321059 openat(AT_FDCWD, "/usr/share/fonts/truetype/libreoffice/opens___.ttf", O_RDONLY|O_CLOEXEC) = 3
14:15:48.321208 openat(AT_FDCWD, "/usr/share/fonts/truetype/noto/NotoKufiArabic-Bold.ttf", O_RDONLY|O_CLOEXEC) = 3
14:15:48.321340 openat(AT_FDCWD, "/usr/share/fonts/truetype/noto/NotoKufiArabic-Regular.ttf", O_RDONLY|O_CLOEXEC) = 3
14:15:48.321471 openat(AT_FDCWD, "/usr/share/fonts/truetype/noto/NotoLoopedLao-Bold.ttf", O_RDONLY|O_CLOEXEC) = 3
14:15:48.321593 openat(AT_FDCWD, "/usr/share/fonts/truetype/noto/NotoLoopedLao-Regular.ttf", O_RDONLY|O_CLOEXEC) = 3
14:15:48.321713 openat(AT_FDCWD, "/usr/share/fonts/truetype/noto/NotoLoopedThai-Bold.ttf", O_RDONLY|O_CLOEXEC) = 3
14:15:48.321838 openat(AT_FDCWD, "/usr/share/fonts/truetype/noto/NotoLoopedThai-Regular.ttf", O_RDONLY|O_CLOEXEC) = 3
14:15:48.321966 openat(AT_FDCWD, "/usr/share/fonts/truetype/noto/NotoMono-Regular.ttf", O_RDONLY|O_CLOEXEC) = 3
14:15:48.322090 openat(AT_FDCWD, "/usr/share/fonts/truetype/noto/NotoMusic-Regular.ttf", O_RDONLY|O_CLOEXEC) = 3
14:15:48.322225 openat(AT_FDCWD, "/usr/share/fonts/truetype/noto/NotoNaskhArabic-Bold.ttf", O_RDONLY|O_CLOEXEC) = 3
14:15:48.322370 openat(AT_FDCWD, "/usr/share/fonts/truetype/noto/NotoNaskhArabic-Regular.ttf", O_RDONLY|O_CLOEXEC) = 3
14:15:48.322518 openat(AT_FDCWD, "/usr/share/fonts/truetype/noto/NotoNastaliqUrdu-Bold.ttf", O_RDONLY|O_CLOEXEC) = 3
14:15:48.322650 openat(AT_FDCWD, "/usr/share/fonts/truetype/noto/NotoNastaliqUrdu-Regular.ttf", O_RDONLY|O_CLOEXEC) = 3
14:15:48.322781 openat(AT_FDCWD, "/usr/share/fonts/truetype/noto/NotoRashiHebrew-Bold.ttf", O_RDONLY|O_CLOEXEC) = 3
14:15:48.322899 openat(AT_FDCWD, "/usr/share/fonts/truetype/noto/NotoRashiHebrew-Regular.ttf", O_RDONLY|O_CLOEXEC) = 3
14:15:48.323027 openat(AT_FDCWD, "/usr/share/fonts/truetype/noto/NotoSans-Bold.ttf", O_RDONLY|O_CLOEXEC) = 3
14:15:48.323214 openat(AT_FDCWD, "/usr/share/fonts/truetype/noto/NotoSans-BoldItalic.ttf", O_RDONLY|O_CLOEXEC) = 3
14:15:48.323398 openat(AT_FDCWD, "/usr/share/fonts/truetype/noto/NotoSans-Italic.ttf", O_RDONLY|O_CLOEXEC) = 3
14:15:48.323582 openat(AT_FDCWD, "/usr/share/fonts/truetype/noto/NotoSans-Regular.ttf", O_RDONLY|O_CLOEXEC) = 3
14:15:48.323765 openat(AT_FDCWD, "/usr/share/fonts/truetype/noto/NotoSansAdlam-Bold.ttf", O_RDONLY|O_CLOEXEC) = 3
14:15:48.323893 openat(AT_FDCWD, "/usr/share/fonts/truetype/noto/NotoSansAdlam-Regular.ttf", O_RDONLY|O_CLOEXEC) = 3
14:15:48.324031 openat(AT_FDCWD, "/usr/share/fonts/truetype/noto/NotoSansAdlamUnjoined-Bold.ttf", O_RDONLY|O_CLOEXEC) = 3
14:15:48.324154 openat(AT_FDCWD, "/usr/share/fonts/truetype/noto/NotoSansAdlamUnjoined-Regular.ttf", O_RDONLY|O_CLOEXEC) = 3
14:15:48.324277 openat(AT_FDCWD, "/usr/share/fonts/truetype/noto/NotoSansAnatolianHieroglyphs-Regular.ttf", O_RDONLY|O_CLOEXEC) = 3
14:15:48.324410 openat(AT_FDCWD, "/usr/share/fonts/truetype/noto/NotoSansArabic-Bold.ttf", O_RDONLY|O_CLOEXEC) = 3
14:15:48.324558 openat(AT_FDCWD, "/usr/share/fonts/truetype/noto/NotoSansArabic-Regular.ttf", O_RDONLY|O_CLOEXEC) = 3
14:15:48.324707 openat(AT_FDCWD, "/usr/share/fonts/truetype/noto/NotoSansArmenian-Bold.ttf", O_RDONLY|O_CLOEXEC) = 3
14:15:48.324828 openat(AT_FDCWD, "/usr/share/fonts/truetype/noto/NotoSansArmenian-Regular.ttf", O_RDONLY|O_CLOEXEC) = 3
14:15:48.324951 openat(AT_FDCWD, "/usr/share/fonts/truetype/noto/NotoSansAvestan-Regular.ttf", O_RDONLY|O_CLOEXEC) = 3
14:15:48.325074 openat(AT_FDCWD, "/usr/share/fonts/truetype/noto/NotoSansBalinese-Bold.ttf", O_RDONLY|O_CLOEXEC) = 3
14:15:48.325202 openat(AT_FDCWD, "/usr/share/fonts/truetype/noto/NotoSansBalinese-Regular.ttf", O_RDONLY|O_CLOEXEC) = 3
14:15:48.325327 openat(AT_FDCWD, "/usr/share/fonts/truetype/noto/NotoSansBamum-Bold.ttf", O_RDONLY|O_CLOEXEC) = 3
14:15:48.325464 openat(AT_FDCWD, "/usr/share/fonts/truetype/noto/NotoSansBamum-Regular.ttf", O_RDONLY|O_CLOEXEC) = 3
14:15:48.325601 openat(AT_FDCWD, "/usr/share/fonts/truetype/noto/NotoSansBassaVah-Regular.ttf", O_RDONLY|O_CLOEXEC) = 3
14:15:48.325744 openat(AT_FDCWD, "/usr/share/fonts/truetype/noto/NotoSansBatak-Regular.ttf", O_RDONLY|O_CLOEXEC) = 3
14:15:48.325875 openat(AT_FDCWD, "/usr/share/fonts/truetype/noto/NotoSansBengali-Bold.ttf", O_RDONLY|O_CLOEXEC) = 3
14:15:48.326012 openat(AT_FDCWD, "/usr/share/fonts/truetype/noto/NotoSansBengali-Regular.ttf", O_RDONLY|O_CLOEXEC) = 3
14:15:48.326140 openat(AT_FDCWD, "/usr/share/fonts/truetype/noto/NotoSansBhaiksuki-Regular.ttf", O_RDONLY|O_CLOEXEC) = 3
14:15:48.326280 openat(AT_FDCWD, "/usr/share/fonts/truetype/noto/NotoSansBrahmi-Regular.ttf", O_RDONLY|O_CLOEXEC) = 3
14:15:48.326405 openat(AT_FDCWD, "/usr/share/fonts/truetype/noto/NotoSansBuginese-Regular.ttf", O_RDONLY|O_CLOEXEC) = 3
14:15:48.326522 openat(AT_FDCWD, "/usr/share/fonts/truetype/noto/NotoSansBuhid-Regular.ttf", O_RDONLY|O_CLOEXEC) = 3
14:15:48.326639 openat(AT_FDCWD, "/usr/share/fonts/truetype/noto/NotoSansCanadianAboriginal-Bold.ttf", O_RDONLY|O_CLOEXEC) = 3
14:15:48.326774 openat(AT_FDCWD, "/usr/share/fonts/truetype/noto/NotoSansCanadianAboriginal-Regular.ttf", O_RDONLY|O_CLOEXEC) = 3
14:15:48.326921 openat(AT_FDCWD, "/usr/share/fonts/truetype/noto/NotoSansCarian-Regular.ttf", O_RDONLY|O_CLOEXEC) = 3
14:15:48.327045 openat(AT_FDCWD, "/usr/share/fonts/truetype/noto/NotoSansCaucasianAlbanian-Regular.ttf", O_RDONLY|O_CLOEXEC) = 3
14:15:48.327165 openat(AT_FDCWD, "/usr/share/fonts/truetype/noto/NotoSansChakma-Regular.ttf", O_RDONLY|O_CLOEXEC) = 3
14:15:48.327290 openat(AT_FDCWD, "/usr/share/fonts/truetype/noto/NotoSansCham-Bold.ttf", O_RDONLY|O_CLOEXEC) = 3
14:15:48.327411 openat(AT_FDCWD, "/usr/share/fonts/truetype/noto/NotoSansCham-Regular.ttf", O_RDONLY|O_CLOEXEC) = 3
14:15:48.327530 openat(AT_FDCWD, "/usr/share/fonts/truetype/noto/NotoSansCherokee-Bold.ttf", O_RDONLY|O_CLOEXEC) = 3
14:15:48.327659 openat(AT_FDCWD, "/usr/share/fonts/truetype/noto/NotoSansCherokee-Regular.ttf", O_RDONLY|O_CLOEXEC) = 3
14:15:48.327786 openat(AT_FDCWD, "/usr/share/fonts/truetype/noto/NotoSansCoptic-Regular.ttf", O_RDONLY|O_CLOEXEC) = 3
14:15:48.327931 openat(AT_FDCWD, "/usr/share/fonts/truetype/noto/NotoSansCuneiform-Regular.ttf", O_RDONLY|O_CLOEXEC) = 3
14:15:48.328084 openat(AT_FDCWD, "/usr/share/fonts/truetype/noto/NotoSansCypriot-Regular.ttf", O_RDONLY|O_CLOEXEC) = 3
14:15:48.328209 openat(AT_FDCWD, "/usr/share/fonts/truetype/noto/NotoSansDeseret-Regular.ttf", O_RDONLY|O_CLOEXEC) = 3
14:15:48.328350 openat(AT_FDCWD, "/usr/share/fonts/truetype/noto/NotoSansDevanagari-Bold.ttf", O_RDONLY|O_CLOEXEC) = 3
14:15:48.328485 openat(AT_FDCWD, "/usr/share/fonts/truetype/noto/NotoSansDevanagari-Regular.ttf", O_RDONLY|O_CLOEXEC) = 3
14:15:48.328626 openat(AT_FDCWD, "/usr/share/fonts/truetype/noto/NotoSansDisplay-Bold.ttf", O_RDONLY|O_CLOEXEC) = 3
14:15:48.328836 openat(AT_FDCWD, "/usr/share/fonts/truetype/noto/NotoSansDisplay-BoldItalic.ttf", O_RDONLY|O_CLOEXEC) = 3
14:15:48.329046 openat(AT_FDCWD, "/usr/share/fonts/truetype/noto/NotoSansDisplay-Italic.ttf", O_RDONLY|O_CLOEXEC) = 3
14:15:48.329247 openat(AT_FDCWD, "/usr/share/fonts/truetype/noto/NotoSansDisplay-Regular.ttf", O_RDONLY|O_CLOEXEC) = 3
14:15:48.329514 openat(AT_FDCWD, "/usr/share/fonts/truetype/noto/NotoSansDuployan-Regular.ttf", O_RDONLY|O_CLOEXEC) = 3
14:15:48.329682 openat(AT_FDCWD, "/usr/share/fonts/truetype/noto/NotoSansEgyptianHieroglyphs-Regular.ttf", O_RDONLY|O_CLOEXEC) = 3
14:15:48.329888 openat(AT_FDCWD, "/usr/share/fonts/truetype/noto/NotoSansElbasan-Regular.ttf", O_RDONLY|O_CLOEXEC) = 3
14:15:48.330087 openat(AT_FDCWD, "/usr/share/fonts/truetype/noto/NotoSansElymaic-Regular.ttf", O_RDONLY|O_CLOEXEC) = 3
14:15:48.330243 openat(AT_FDCWD, "/usr/share/fonts/truetype/noto/NotoSansEthiopic-Bold.ttf", O_RDONLY|O_CLOEXEC) = 3
14:15:48.330421 openat(AT_FDCWD, "/usr/share/fonts/truetype/noto/NotoSansEthiopic-Regular.ttf", O_RDONLY|O_CLOEXEC) = 3
14:15:48.330603 openat(AT_FDCWD, "/usr/share/fonts/truetype/noto/NotoSansGeorgian-Bold.ttf", O_RDONLY|O_CLOEXEC) = 3
14:15:48.330764 openat(AT_FDCWD, "/usr/share/fonts/truetype/noto/NotoSansGeorgian-Regular.ttf", O_RDONLY|O_CLOEXEC) = 3
14:15:48.330933 openat(AT_FDCWD, "/usr/share/fonts/truetype/noto/NotoSansGlagolitic-Regular.ttf", O_RDONLY|O_CLOEXEC) = 3
14:15:48.331080 openat(AT_FDCWD, "/usr/share/fonts/truetype/noto/NotoSansGothic-Regular.ttf", O_RDONLY|O_CLOEXEC) = 3
14:15:48.331217 openat(AT_FDCWD, "/usr/share/fonts/truetype/noto/NotoSansGrantha-Regular.ttf", O_RDONLY|O_CLOEXEC) = 3
14:15:48.331370 openat(AT_FDCWD, "/usr/share/fonts/truetype/noto/NotoSansGujarati-Bold.ttf", O_RDONLY|O_CLOEXEC) = 3
14:15:48.331520 openat(AT_FDCWD, "/usr/share/fonts/truetype/noto/NotoSansGujarati-Regular.ttf", O_RDONLY|O_CLOEXEC) = 3
14:15:48.331666 openat(AT_FDCWD, "/usr/share/fonts/truetype/noto/NotoSansGunjalaGondi-Regular.ttf", O_RDONLY|O_CLOEXEC) = 3
14:15:48.331807 openat(AT_FDCWD, "/usr/share/fonts/truetype/noto/NotoSansGurmukhi-Bold.ttf", O_RDONLY|O_CLOEXEC) = 3
14:15:48.331968 openat(AT_FDCWD, "/usr/share/fonts/truetype/noto/NotoSansGurmukhi-Regular.ttf", O_RDONLY|O_CLOEXEC) = 3
14:15:48.332114 openat(AT_FDCWD, "/usr/share/fonts/truetype/noto/NotoSansHanifiRohingya-Bold.ttf", O_RDONLY|O_CLOEXEC) = 3
14:15:48.332254 openat(AT_FDCWD, "/usr/share/fonts/truetype/noto/NotoSansHanifiRohingya-Regular.ttf", O_RDONLY|O_CLOEXEC) = 3
14:15:48.332384 openat(AT_FDCWD, "/usr/share/fonts/truetype/noto/NotoSansHanunoo-Regular.ttf", O_RDONLY|O_CLOEXEC) = 3
14:15:48.332511 openat(AT_FDCWD, "/usr/share/fonts/truetype/noto/NotoSansHatran-Regular.ttf", O_RDONLY|O_CLOEXEC) = 3
14:15:48.332639 openat(AT_FDCWD, "/usr/share/fonts/truetype/noto/NotoSansHebrew-Bold.ttf", O_RDONLY|O_CLOEXEC) = 3
14:15:48.332760 openat(AT_FDCWD, "/usr/share/fonts/truetype/noto/NotoSansHebrew-Regular.ttf", O_RDONLY|O_CLOEXEC) = 3
14:15:48.332890 openat(AT_FDCWD, "/usr/share/fonts/truetype/noto/NotoSansImperialAramaic-Regular.ttf", O_RDONLY|O_CLOEXEC) = 3
14:15:48.333028 openat(AT_FDCWD, "/usr/share/fonts/truetype/noto/NotoSansIndicSiyaqNumbers-Regular.ttf", O_RDONLY|O_CLOEXEC) = 3
14:15:48.333151 openat(AT_FDCWD, "/usr/share/fonts/truetype/noto/NotoSansInscriptionalPahlavi-Regular.ttf", O_RDONLY|O_CLOEXEC) = 3
14:15:48.333270 openat(AT_FDCWD, "/usr/share/fonts/truetype/noto/NotoSansInscriptionalParthian-Regular.ttf", O_RDONLY|O_CLOEXEC) = 3
14:15:48.333389 openat(AT_FDCWD, "/usr/share/fonts/truetype/noto/NotoSansJavanese-Bold.ttf", O_RDONLY|O_CLOEXEC) = 3
14:15:48.333514 openat(AT_FDCWD, "/usr/share/fonts/truetype/noto/NotoSansJavanese-Regular.ttf", O_RDONLY|O_CLOEXEC) = 3
14:15:48.333640 openat(AT_FDCWD, "/usr/share/fonts/truetype/noto/NotoSansKaithi-Regular.ttf", O_RDONLY|O_CLOEXEC) = 3
14:15:48.333765 openat(AT_FDCWD, "/usr/share/fonts/truetype/noto/NotoSansKannada-Bold.ttf", O_RDONLY|O_CLOEXEC) = 3
14:15:48.333893 openat(AT_FDCWD, "/usr/share/fonts/truetype/noto/NotoSansKannada-Regular.ttf", O_RDONLY|O_CLOEXEC) = 3
14:15:48.334027 openat(AT_FDCWD, "/usr/share/fonts/truetype/noto/NotoSansKayahLi-Bold.ttf", O_RDONLY|O_CLOEXEC) = 3
14:15:48.334147 openat(AT_FDCWD, "/usr/share/fonts/truetype/noto/NotoSansKayahLi-Regular.ttf", O_RDONLY|O_CLOEXEC) = 3
14:15:48.334266 openat(AT_FDCWD, "/usr/share/fonts/truetype/noto/NotoSansKharoshthi-Regular.ttf", O_RDONLY|O_CLOEXEC) = 3
14:15:48.334386 openat(AT_FDCWD, "/usr/share/fonts/truetype/noto/NotoSansKhmer-Bold.ttf", O_RDONLY|O_CLOEXEC) = 3
14:15:48.334512 openat(AT_FDCWD, "/usr/share/fonts/truetype/noto/NotoSansKhmer-Regular.ttf", O_RDONLY|O_CLOEXEC) = 3
14:15:48.334639 openat(AT_FDCWD, "/usr/share/fonts/truetype/noto/NotoSansKhojki-Regular.ttf", O_RDONLY|O_CLOEXEC) = 3
14:15:48.334762 openat(AT_FDCWD, "/usr/share/fonts/truetype/noto/NotoSansKhudawadi-Regular.ttf", O_RDONLY|O_CLOEXEC) = 3
14:15:48.334882 openat(AT_FDCWD, "/usr/share/fonts/truetype/noto/NotoSansLao-Bold.ttf", O_RDONLY|O_CLOEXEC) = 3
14:15:48.335017 openat(AT_FDCWD, "/usr/share/fonts/truetype/noto/NotoSansLao-Regular.ttf", O_RDONLY|O_CLOEXEC) = 3
14:15:48.335140 openat(AT_FDCWD, "/usr/share/fonts/truetype/noto/NotoSansLepcha-Regular.ttf", O_RDONLY|O_CLOEXEC) = 3
14:15:48.335261 openat(AT_FDCWD, "/usr/share/fonts/truetype/noto/NotoSansLimbu-Regular.ttf", O_RDONLY|O_CLOEXEC) = 3
14:15:48.335396 openat(AT_FDCWD, "/usr/share/fonts/truetype/noto/NotoSansLinearA-Regular.ttf", O_RDONLY|O_CLOEXEC) = 3
14:15:48.335529 openat(AT_FDCWD, "/usr/share/fonts/truetype/noto/NotoSansLinearB-Regular.ttf", O_RDONLY|O_CLOEXEC) = 3
14:15:48.335655 openat(AT_FDCWD, "/usr/share/fonts/truetype/noto/NotoSansLisu-Bold.ttf", O_RDONLY|O_CLOEXEC) = 3
14:15:48.335774 openat(AT_FDCWD, "/usr/share/fonts/truetype/noto/NotoSansLisu-Regular.ttf", O_RDONLY|O_CLOEXEC) = 3
14:15:48.335894 openat(AT_FDCWD, "/usr/share/fonts/truetype/noto/NotoSansLycian-Regular.ttf", O_RDONLY|O_CLOEXEC) = 3
14:15:48.336032 openat(AT_FDCWD, "/usr/share/fonts/truetype/noto/NotoSansLydian-Regular.ttf", O_RDONLY|O_CLOEXEC) = 3
14:15:48.336150 openat(AT_FDCWD, "/usr/share/fonts/truetype/noto/NotoSansMahajani-Regular.ttf", O_RDONLY|O_CLOEXEC) = 3
14:15:48.336271 openat(AT_FDCWD, "/usr/share/fonts/truetype/noto/NotoSansMalayalam-Bold.ttf", O_RDONLY|O_CLOEXEC) = 3
14:15:48.336398 openat(AT_FDCWD, "/usr/share/fonts/truetype/noto/NotoSansMalayalam-Regular.ttf", O_RDONLY|O_CLOEXEC) = 3
14:15:48.336523 openat(AT_FDCWD, "/usr/share/fonts/truetype/noto/NotoSansMandaic-Regular.ttf", O_RDONLY|O_CLOEXEC) = 3
14:15:48.336642 openat(AT_FDCWD, "/usr/share/fonts/truetype/noto/NotoSansManichaean-Regular.ttf", O_RDONLY|O_CLOEXEC) = 3
14:15:48.336767 openat(AT_FDCWD, "/usr/share/fonts/truetype/noto/NotoSansMarchen-Regular.ttf", O_RDONLY|O_CLOEXEC) = 3
14:15:48.336924 openat(AT_FDCWD, "/usr/share/fonts/truetype/noto/NotoSansMasaramGondi-Regular.ttf", O_RDONLY|O_CLOEXEC) = 3
14:15:48.337057 openat(AT_FDCWD, "/usr/share/fonts/truetype/noto/NotoSansMath-Regular.ttf", O_RDONLY|O_CLOEXEC) = 3
14:15:48.337264 openat(AT_FDCWD, "/usr/share/fonts/truetype/noto/NotoSansMayanNumerals-Regular.ttf", O_RDONLY|O_CLOEXEC) = 3
14:15:48.337384 openat(AT_FDCWD, "/usr/share/fonts/truetype/noto/NotoSansMedefaidrin-Bold.ttf", O_RDONLY|O_CLOEXEC) = 3
14:15:48.337504 openat(AT_FDCWD, "/usr/share/fonts/truetype/noto/NotoSansMedefaidrin-Regular.ttf", O_RDONLY|O_CLOEXEC) = 3
14:15:48.337624 openat(AT_FDCWD, "/usr/share/fonts/truetype/noto/NotoSansMeeteiMayek-Bold.ttf", O_RDONLY|O_CLOEXEC) = 3
14:15:48.337744 openat(AT_FDCWD, "/usr/share/fonts/truetype/noto/NotoSansMeeteiMayek-Regular.ttf", O_RDONLY|O_CLOEXEC) = 3
14:15:48.337862 openat(AT_FDCWD, "/usr/share/fonts/truetype/noto/NotoSansMendeKikakui-Regular.ttf", O_RDONLY|O_CLOEXEC) = 3
14:15:48.337994 openat(AT_FDCWD, "/usr/share/fonts/truetype/noto/NotoSansMeroitic-Regular.ttf", O_RDONLY|O_CLOEXEC) = 3
14:15:48.338116 openat(AT_FDCWD, "/usr/share/fonts/truetype/noto/NotoSansMiao-Regular.ttf", O_RDONLY|O_CLOEXEC) = 3
14:15:48.338241 openat(AT_FDCWD, "/usr/share/fonts/truetype/noto/NotoSansModi-Regular.ttf", O_RDONLY|O_CLOEXEC) = 3
14:15:48.338362 openat(AT_FDCWD, "/usr/share/fonts/truetype/noto/NotoSansMongolian-Regular.ttf", O_RDONLY|O_CLOEXEC) = 3
14:15:48.338493 openat(AT_FDCWD, "/usr/share/fonts/truetype/noto/NotoSansMono-Bold.ttf", O_RDONLY|O_CLOEXEC) = 3
14:15:48.338763 openat(AT_FDCWD, "/usr/share/fonts/truetype/noto/NotoSansMono-Regular.ttf", O_RDONLY|O_CLOEXEC) = 3
14:15:48.339053 openat(AT_FDCWD, "/usr/share/fonts/truetype/noto/NotoSansMro-Regular.ttf", O_RDONLY|O_CLOEXEC) = 3
14:15:48.339176 openat(AT_FDCWD, "/usr/share/fonts/truetype/noto/NotoSansMultani-Regular.ttf", O_RDONLY|O_CLOEXEC) = 3
14:15:48.339297 openat(AT_FDCWD, "/usr/share/fonts/truetype/noto/NotoSansMyanmar-Bold.ttf", O_RDONLY|O_CLOEXEC) = 3
14:15:48.339430 openat(AT_FDCWD, "/usr/share/fonts/truetype/noto/NotoSansMyanmar-Regular.ttf", O_RDONLY|O_CLOEXEC) = 3
14:15:48.339559 openat(AT_FDCWD, "/usr/share/fonts/truetype/noto/NotoSansNKo-Regular.ttf", O_RDONLY|O_CLOEXEC) = 3
14:15:48.339679 openat(AT_FDCWD, "/usr/share/fonts/truetype/noto/NotoSansNabataean-Regular.ttf", O_RDONLY|O_CLOEXEC) = 3
14:15:48.339801 openat(AT_FDCWD, "/usr/share/fonts/truetype/noto/NotoSansNewTaiLue-Regular.ttf", O_RDONLY|O_CLOEXEC) = 3
14:15:48.339932 openat(AT_FDCWD, "/usr/share/fonts/truetype/noto/NotoSansNewa-Regular.ttf", O_RDONLY|O_CLOEXEC) = 3
14:15:48.340085 openat(AT_FDCWD, "/usr/share/fonts/truetype/noto/NotoSansNushu-Regular.ttf", O_RDONLY|O_CLOEXEC) = 3
14:15:48.340217 openat(AT_FDCWD, "/usr/share/fonts/truetype/noto/NotoSansOgham-Regular.ttf", O_RDONLY|O_CLOEXEC) = 3
14:15:48.340335 openat(AT_FDCWD, "/usr/share/fonts/truetype/noto/NotoSansOlChiki-Bold.ttf", O_RDONLY|O_CLOEXEC) = 3
14:15:48.340453 openat(AT_FDCWD, "/usr/share/fonts/truetype/noto/NotoSansOlChiki-Regular.ttf", O_RDONLY|O_CLOEXEC) = 3
14:15:48.340573 openat(AT_FDCWD, "/usr/share/fonts/truetype/noto/NotoSansOldHungarian-Regular.ttf", O_RDONLY|O_CLOEXEC) = 3
14:15:48.340696 openat(AT_FDCWD, "/usr/share/fonts/truetype/noto/NotoSansOldItalic-Regular.ttf", O_RDONLY|O_CLOEXEC) = 3
14:15:48.340814 openat(AT_FDCWD, "/usr/share/fonts/truetype/noto/NotoSansOldNorthArabian-Regular.ttf", O_RDONLY|O_CLOEXEC) = 3
14:15:48.340938 openat(AT_FDCWD, "/usr/share/fonts/truetype/noto/NotoSansOldPermic-Regular.ttf", O_RDONLY|O_CLOEXEC) = 3
14:15:48.341066 openat(AT_FDCWD, "/usr/share/fonts/truetype/noto/NotoSansOldPersian-Regular.ttf", O_RDONLY|O_CLOEXEC) = 3
14:15:48.341184 openat(AT_FDCWD, "/usr/share/fonts/truetype/noto/NotoSansOldSogdian-Regular.ttf", O_RDONLY|O_CLOEXEC) = 3
14:15:48.341302 openat(AT_FDCWD, "/usr/share/fonts/truetype/noto/NotoSansOldSouthArabian-Regular.ttf", O_RDONLY|O_CLOEXEC) = 3
14:15:48.341419 openat(AT_FDCWD, "/usr/share/fonts/truetype/noto/NotoSansOldTurkic-Regular.ttf", O_RDONLY|O_CLOEXEC) = 3
14:15:48.341537 openat(AT_FDCWD, "/usr/share/fonts/truetype/noto/NotoSansOriya-Bold.ttf", O_RDONLY|O_CLOEXEC) = 3
14:15:48.341665 openat(AT_FDCWD, "/usr/share/fonts/truetype/noto/NotoSansOriya-Regular.ttf", O_RDONLY|O_CLOEXEC) = 3
14:15:48.341792 openat(AT_FDCWD, "/usr/share/fonts/truetype/noto/NotoSansOsage-Regular.ttf", O_RDONLY|O_CLOEXEC) = 3
14:15:48.341916 openat(AT_FDCWD, "/usr/share/fonts/truetype/noto/NotoSansOsmanya-Regular.ttf", O_RDONLY|O_CLOEXEC) = 3
14:15:48.342036 openat(AT_FDCWD, "/usr/share/fonts/truetype/noto/NotoSansPahawhHmong-Regular.ttf", O_RDONLY|O_CLOEXEC) = 3
14:15:48.342157 openat(AT_FDCWD, "/usr/share/fonts/truetype/noto/NotoSansPalmyrene-Regular.ttf", O_RDONLY|O_CLOEXEC) = 3
14:15:48.342276 openat(AT_FDCWD, "/usr/share/fonts/truetype/noto/NotoSansPauCinHau-Regular.ttf", O_RDONLY|O_CLOEXEC) = 3
14:15:48.342394 openat(AT_FDCWD, "/usr/share/fonts/truetype/noto/NotoSansPhagsPa-Regular.ttf", O_RDONLY|O_CLOEXEC) = 3
14:15:48.342514 openat(AT_FDCWD, "/usr/share/fonts/truetype/noto/NotoSansPhoenician-Regular.ttf", O_RDONLY|O_CLOEXEC) = 3
14:15:48.342632 openat(AT_FDCWD, "/usr/share/fonts/truetype/noto/NotoSansPsalterPahlavi-Regular.ttf", O_RDONLY|O_CLOEXEC) = 3
14:15:48.342751 openat(AT_FDCWD, "/usr/share/fonts/truetype/noto/NotoSansRejang-Regular.ttf", O_RDONLY|O_CLOEXEC) = 3
14:15:48.342868 openat(AT_FDCWD, "/usr/share/fonts/truetype/noto/NotoSansRunic-Regular.ttf", O_RDONLY|O_CLOEXEC) = 3
14:15:48.343028 openat(AT_FDCWD, "/usr/share/fonts/truetype/noto/NotoSansSamaritan-Regular.ttf", O_RDONLY|O_CLOEXEC) = 3
14:15:48.343159 openat(AT_FDCWD, "/usr/share/fonts/truetype/noto/NotoSansSaurashtra-Regular.ttf", O_RDONLY|O_CLOEXEC) = 3
14:15:48.343281 openat(AT_FDCWD, "/usr/share/fonts/truetype/noto/NotoSansSharada-Regular.ttf", O_RDONLY|O_CLOEXEC) = 3
14:15:48.343405 openat(AT_FDCWD, "/usr/share/fonts/truetype/noto/NotoSansShavian-Regular.ttf", O_RDONLY|O_CLOEXEC) = 3
14:15:48.343523 openat(AT_FDCWD, "/usr/share/fonts/truetype/noto/NotoSansSiddham-Regular.ttf", O_RDONLY|O_CLOEXEC) = 3
14:15:48.343652 openat(AT_FDCWD, "/usr/share/fonts/truetype/noto/NotoSansSignWriting-Regular.ttf", O_RDONLY|O_CLOEXEC) = 3
14:15:48.343802 openat(AT_FDCWD, "/usr/share/fonts/truetype/noto/NotoSansSinhala-Bold.ttf", O_RDONLY|O_CLOEXEC) = 3
14:15:48.343938 openat(AT_FDCWD, "/usr/share/fonts/truetype/noto/NotoSansSinhala-Regular.ttf", O_RDONLY|O_CLOEXEC) = 3
14:15:48.344068 openat(AT_FDCWD, "/usr/share/fonts/truetype/noto/NotoSansSogdian-Regular.ttf", O_RDONLY|O_CLOEXEC) = 3
14:15:48.344192 openat(AT_FDCWD, "/usr/share/fonts/truetype/noto/NotoSansSoraSompeng-Bold.ttf", O_RDONLY|O_CLOEXEC) = 3
14:15:48.344322 openat(AT_FDCWD, "/usr/share/fonts/truetype/noto/NotoSansSoraSompeng-Regular.ttf", O_RDONLY|O_CLOEXEC) = 3
14:15:48.344443 openat(AT_FDCWD, "/usr/share/fonts/truetype/noto/NotoSansSoyombo-Regular.ttf", O_RDONLY|O_CLOEXEC) = 3
14:15:48.344564 openat(AT_FDCWD, "/usr/share/fonts/truetype/noto/NotoSansSundanese-Bold.ttf", O_RDONLY|O_CLOEXEC) = 3
14:15:48.344684 openat(AT_FDCWD, "/usr/share/fonts/truetype/noto/NotoSansSundanese-Regular.ttf", O_RDONLY|O_CLOEXEC) = 3
14:15:48.344803 openat(AT_FDCWD, "/usr/share/fonts/truetype/noto/NotoSansSylotiNagri-Regular.ttf", O_RDONLY|O_CLOEXEC) = 3
14:15:48.344926 openat(AT_FDCWD, "/usr/share/fonts/truetype/noto/NotoSansSymbols-Bold.ttf", O_RDONLY|O_CLOEXEC) = 3
14:15:48.345087 openat(AT_FDCWD, "/usr/share/fonts/truetype/noto/NotoSansSymbols-Regular.ttf", O_RDONLY|O_CLOEXEC) = 3
14:15:48.345235 openat(AT_FDCWD, "/usr/share/fonts/truetype/noto/NotoSansSymbols2-Regular.ttf", O_RDONLY|O_CLOEXEC) = 3
14:15:48.345446 openat(AT_FDCWD, "/usr/share/fonts/truetype/noto/NotoSansSyriac-Regular.ttf", O_RDONLY|O_CLOEXEC) = 3
14:15:48.345579 openat(AT_FDCWD, "/usr/share/fonts/truetype/noto/NotoSansTagalog-Regular.ttf", O_RDONLY|O_CLOEXEC) = 3
14:15:48.345697 openat(AT_FDCWD, "/usr/share/fonts/truetype/noto/NotoSansTagbanwa-Regular.ttf", O_RDONLY|O_CLOEXEC) = 3
14:15:48.345816 openat(AT_FDCWD, "/usr/share/fonts/truetype/noto/NotoSansTaiLe-Regular.ttf", O_RDONLY|O_CLOEXEC) = 3
14:15:48.345940 openat(AT_FDCWD, "/usr/share/fonts/truetype/noto/NotoSansTaiTham-Bold.ttf", O_RDONLY|O_CLOEXEC) = 3
14:15:48.346066 openat(AT_FDCWD, "/usr/share/fonts/truetype/noto/NotoSansTaiTham-Regular.ttf", O_RDONLY|O_CLOEXEC) = 3
14:15:48.346190 openat(AT_FDCWD, "/usr/share/fonts/truetype/noto/NotoSansTaiViet-Regular.ttf", O_RDONLY|O_CLOEXEC) = 3
14:15:48.346313 openat(AT_FDCWD, "/usr/share/fonts/truetype/noto/NotoSansTakri-Regular.ttf", O_RDONLY|O_CLOEXEC) = 3
14:15:48.346432 openat(AT_FDCWD, "/usr/share/fonts/truetype/noto/NotoSansTamil-Bold.ttf", O_RDONLY|O_CLOEXEC) = 3
14:15:48.346560 openat(AT_FDCWD, "/usr/share/fonts/truetype/noto/NotoSansTamil-Regular.ttf", O_RDONLY|O_CLOEXEC) = 3
14:15:48.346687 openat(AT_FDCWD, "/usr/share/fonts/truetype/noto/NotoSansTamilSupplement-Regular.ttf", O_RDONLY|O_CLOEXEC) = 3
14:15:48.346805 openat(AT_FDCWD, "/usr/share/fonts/truetype/noto/NotoSansTelugu-Bold.ttf", O_RDONLY|O_CLOEXEC) = 3
14:15:48.346945 openat(AT_FDCWD, "/usr/share/fonts/truetype/noto/NotoSansTelugu-Regular.ttf", O_RDONLY|O_CLOEXEC) = 3
14:15:48.347075 openat(AT_FDCWD, "/usr/share/fonts/truetype/noto/NotoSansThaana-Bold.ttf", O_RDONLY|O_CLOEXEC) = 3
14:15:48.347195 openat(AT_FDCWD, "/usr/share/fonts/truetype/noto/NotoSansThaana-Regular.ttf", O_RDONLY|O_CLOEXEC) = 3
14:15:48.347315 openat(AT_FDCWD, "/usr/share/fonts/truetype/noto/NotoSansThai-Bold.ttf", O_RDONLY|O_CLOEXEC) = 3
14:15:48.347435 openat(AT_FDCWD, "/usr/share/fonts/truetype/noto/NotoSansThai-Regular.ttf", O_RDONLY|O_CLOEXEC) = 3
14:15:48.347557 openat(AT_FDCWD, "/usr/share/fonts/truetype/noto/NotoSansTifinagh-Regular.ttf", O_RDONLY|O_CLOEXEC) = 3
14:15:48.347677 openat(AT_FDCWD, "/usr/share/fonts/truetype/noto/NotoSansTifinaghAPT-Regular.ttf", O_RDONLY|O_CLOEXEC) = 3
14:15:48.347795 openat(AT_FDCWD, "/usr/share/fonts/truetype/noto/NotoSansTifinaghAdrar-Regular.ttf", O_RDONLY|O_CLOEXEC) = 3
14:15:48.347917 openat(AT_FDCWD, "/usr/share/fonts/truetype/noto/NotoSansTifinaghAgrawImazighen-Regular.ttf", O_RDONLY|O_CLOEXEC) = 3
14:15:48.348039 openat(AT_FDCWD, "/usr/share/fonts/truetype/noto/NotoSansTifinaghAhaggar-Regular.ttf", O_RDONLY|O_CLOEXEC) = 3
14:15:48.348158 openat(AT_FDCWD, "/usr/share/fonts/truetype/noto/NotoSansTifinaghAir-Regular.ttf", O_RDONLY|O_CLOEXEC) = 3
14:15:48.348277 openat(AT_FDCWD, "/usr/share/fonts/truetype/noto/NotoSansTifinaghAzawagh-Regular.ttf", O_RDONLY|O_CLOEXEC) = 3
14:15:48.348400 openat(AT_FDCWD, "/usr/share/fonts/truetype/noto/NotoSansTifinaghGhat-Regular.ttf", O_RDONLY|O_CLOEXEC) = 3
14:15:48.348521 openat(AT_FDCWD, "/usr/share/fonts/truetype/noto/NotoSansTifinaghHawad-Regular.ttf", O_RDONLY|O_CLOEXEC) = 3
14:15:48.348640 openat(AT_FDCWD, "/usr/share/fonts/truetype/noto/NotoSansTifinaghRhissaIxa-Regular.ttf", O_RDONLY|O_CLOEXEC) = 3
14:15:48.348774 openat(AT_FDCWD, "/usr/share/fonts/truetype/noto/NotoSansTifinaghSIL-Regular.ttf", O_RDONLY|O_CLOEXEC) = 3
14:15:48.348894 openat(AT_FDCWD, "/usr/share/fonts/truetype/noto/NotoSansTifinaghTawellemmet-Regular.ttf", O_RDONLY|O_CLOEXEC) = 3
14:15:48.349020 openat(AT_FDCWD, "/usr/share/fonts/truetype/noto/NotoSansTirhuta-Regular.ttf", O_RDONLY|O_CLOEXEC) = 3
14:15:48.349147 openat(AT_FDCWD, "/usr/share/fonts/truetype/noto/NotoSansUgaritic-Regular.ttf", O_RDONLY|O_CLOEXEC) = 3
14:15:48.349267 openat(AT_FDCWD, "/usr/share/fonts/truetype/noto/NotoSansVai-Regular.ttf", O_RDONLY|O_CLOEXEC) = 3
14:15:48.349393 openat(AT_FDCWD, "/usr/share/fonts/truetype/noto/NotoSansWancho-Regular.ttf", O_RDONLY|O_CLOEXEC) = 3
14:15:48.349512 openat(AT_FDCWD, "/usr/share/fonts/truetype/noto/NotoSansWarangCiti-Regular.ttf", O_RDONLY|O_CLOEXEC) = 3
14:15:48.349632 openat(AT_FDCWD, "/usr/share/fonts/truetype/noto/NotoSansYi-Regular.ttf", O_RDONLY|O_CLOEXEC) = 3
14:15:48.349779 openat(AT_FDCWD, "/usr/share/fonts/truetype/noto/NotoSansZanabazarSquare-Regular.ttf", O_RDONLY|O_CLOEXEC) = 3
14:15:48.349898 openat(AT_FDCWD, "/usr/share/fonts/truetype/noto/NotoSerif-Bold.ttf", O_RDONLY|O_CLOEXEC) = 3
14:15:48.350090 openat(AT_FDCWD, "/usr/share/fonts/truetype/noto/NotoSerif-BoldItalic.ttf", O_RDONLY|O_CLOEXEC) = 3
14:15:48.350281 openat(AT_FDCWD, "/usr/share/fonts/truetype/noto/NotoSerif-Italic.ttf", O_RDONLY|O_CLOEXEC) = 3
14:15:48.350468 openat(AT_FDCWD, "/usr/share/fonts/truetype/noto/NotoSerif-Regular.ttf", O_RDONLY|O_CLOEXEC) = 3
14:15:48.350653 openat(AT_FDCWD, "/usr/share/fonts/truetype/noto/NotoSerifAhom-Regular.ttf", O_RDONLY|O_CLOEXEC) = 3
14:15:48.350773 openat(AT_FDCWD, "/usr/share/fonts/truetype/noto/NotoSerifArmenian-Bold.ttf", O_RDONLY|O_CLOEXEC) = 3
14:15:48.350892 openat(AT_FDCWD, "/usr/share/fonts/truetype/noto/NotoSerifArmenian-Regular.ttf", O_RDONLY|O_CLOEXEC) = 3
14:15:48.351022 openat(AT_FDCWD, "/usr/share/fonts/truetype/noto/NotoSerifBalinese-Regular.ttf", O_RDONLY|O_CLOEXEC) = 3
14:15:48.351155 openat(AT_FDCWD, "/usr/share/fonts/truetype/noto/NotoSerifBengali-Bold.ttf", O_RDONLY|O_CLOEXEC) = 3
14:15:48.351301 openat(AT_FDCWD, "/usr/share/fonts/truetype/noto/NotoSerifBengali-Regular.ttf", O_RDONLY|O_CLOEXEC) = 3
14:15:48.351429 openat(AT_FDCWD, "/usr/share/fonts/truetype/noto/NotoSerifDevanagari-Bold.ttf", O_RDONLY|O_CLOEXEC) = 3
14:15:48.351562 openat(AT_FDCWD, "/usr/share/fonts/truetype/noto/NotoSerifDevanagari-Regular.ttf", O_RDONLY|O_CLOEXEC) = 3
14:15:48.351694 openat(AT_FDCWD, "/usr/share/fonts/truetype/noto/NotoSerifDisplay-Bold.ttf", O_RDONLY|O_CLOEXEC) = 3
14:15:48.351880 openat(AT_FDCWD, "/usr/share/fonts/truetype/noto/NotoSerifDisplay-BoldItalic.ttf", O_RDONLY|O_CLOEXEC) = 3
14:15:48.352075 openat(AT_FDCWD, "/usr/share/fonts/truetype/noto/NotoSerifDisplay-Italic.ttf", O_RDONLY|O_CLOEXEC) = 3
14:15:48.352262 openat(AT_FDCWD, "/usr/share/fonts/truetype/noto/NotoSerifDisplay-Regular.ttf", O_RDONLY|O_CLOEXEC) = 3
14:15:48.352451 openat(AT_FDCWD, "/usr/share/fonts/truetype/noto/NotoSerifDogra-Regular.ttf", O_RDONLY|O_CLOEXEC) = 3
14:15:48.352572 openat(AT_FDCWD, "/usr/share/fonts/truetype/noto/NotoSerifEthiopic-Bold.ttf", O_RDONLY|O_CLOEXEC) = 3
14:15:48.352708 openat(AT_FDCWD, "/usr/share/fonts/truetype/noto/NotoSerifEthiopic-Regular.ttf", O_RDONLY|O_CLOEXEC) = 3
14:15:48.352843 openat(AT_FDCWD, "/usr/share/fonts/truetype/noto/NotoSerifGeorgian-Bold.ttf", O_RDONLY|O_CLOEXEC) = 3
14:15:48.352971 openat(AT_FDCWD, "/usr/share/fonts/truetype/noto/NotoSerifGeorgian-Regular.ttf", O_RDONLY|O_CLOEXEC) = 3
14:15:48.353095 openat(AT_FDCWD, "/usr/share/fonts/truetype/noto/NotoSerifGrantha-Regular.ttf", O_RDONLY|O_CLOEXEC) = 3
14:15:48.353225 openat(AT_FDCWD, "/usr/share/fonts/truetype/noto/NotoSerifGujarati-Bold.ttf", O_RDONLY|O_CLOEXEC) = 3
14:15:48.353353 openat(AT_FDCWD, "/usr/share/fonts/truetype/noto/NotoSerifGujarati-Regular.ttf", O_RDONLY|O_CLOEXEC) = 3
14:15:48.353479 openat(AT_FDCWD, "/usr/share/fonts/truetype/noto/NotoSerifGurmukhi-Bold.ttf", O_RDONLY|O_CLOEXEC) = 3
14:15:48.353617 openat(AT_FDCWD, "/usr/share/fonts/truetype/noto/NotoSerifGurmukhi-Regular.ttf", O_RDONLY|O_CLOEXEC) = 3
14:15:48.353739 openat(AT_FDCWD, "/usr/share/fonts/truetype/noto/NotoSerifHebrew-Bold.ttf", O_RDONLY|O_CLOEXEC) = 3
14:15:48.353860 openat(AT_FDCWD, "/usr/share/fonts/truetype/noto/NotoSerifHebrew-Regular.ttf", O_RDONLY|O_CLOEXEC) = 3
14:15:48.353987 openat(AT_FDCWD, "/usr/share/fonts/truetype/noto/NotoSerifKannada-Bold.ttf", O_RDONLY|O_CLOEXEC) = 3
14:15:48.354119 openat(AT_FDCWD, "/usr/share/fonts/truetype/noto/NotoSerifKannada-Regular.ttf", O_RDONLY|O_CLOEXEC) = 3
14:15:48.354251 openat(AT_FDCWD, "/usr/share/fonts/truetype/noto/NotoSerifKhmer-Bold.ttf", O_RDONLY|O_CLOEXEC) = 3
14:15:48.354377 openat(AT_FDCWD, "/usr/share/fonts/truetype/noto/NotoSerifKhmer-Regular.ttf", O_RDONLY|O_CLOEXEC) = 3
14:15:48.354506 openat(AT_FDCWD, "/usr/share/fonts/truetype/noto/NotoSerifKhojki-Bold.ttf", O_RDONLY|O_CLOEXEC) = 3
14:15:48.354635 openat(AT_FDCWD, "/usr/share/fonts/truetype/noto/NotoSerifKhojki-Regular.ttf", O_RDONLY|O_CLOEXEC) = 3
14:15:48.354761 openat(AT_FDCWD, "/usr/share/fonts/truetype/noto/NotoSerifLao-Bold.ttf", O_RDONLY|O_CLOEXEC) = 3
14:15:48.354882 openat(AT_FDCWD, "/usr/share/fonts/truetype/noto/NotoSerifLao-Regular.ttf", O_RDONLY|O_CLOEXEC) = 3
14:15:48.355022 openat(AT_FDCWD, "/usr/share/fonts/truetype/noto/NotoSerifMalayalam-Bold.ttf", O_RDONLY|O_CLOEXEC) = 3
14:15:48.355172 openat(AT_FDCWD, "/usr/share/fonts/truetype/noto/NotoSerifMalayalam-Regular.ttf", O_RDONLY|O_CLOEXEC) = 3
14:15:48.355299 openat(AT_FDCWD, "/usr/share/fonts/truetype/noto/NotoSerifMyanmar-Bold.ttf", O_RDONLY|O_CLOEXEC) = 3
14:15:48.355436 openat(AT_FDCWD, "/usr/share/fonts/truetype/noto/NotoSerifMyanmar-Regular.ttf", O_RDONLY|O_CLOEXEC) = 3
14:15:48.355574 openat(AT_FDCWD, "/usr/share/fonts/truetype/noto/NotoSerifNyiakengPuachueHmong-Bold.ttf", O_RDONLY|O_CLOEXEC) = 3
14:15:48.355694 openat(AT_FDCWD, "/usr/share/fonts/truetype/noto/NotoSerifNyiakengPuachueHmong-Regular.ttf", O_RDONLY|O_CLOEXEC) = 3
14:15:48.355813 openat(AT_FDCWD, "/usr/share/fonts/truetype/noto/NotoSerifSinhala-Bold.ttf", O_RDONLY|O_CLOEXEC) = 3
14:15:48.355945 openat(AT_FDCWD, "/usr/share/fonts/truetype/noto/NotoSerifSinhala-Regular.ttf", O_RDONLY|O_CLOEXEC) = 3
14:15:48.356079 openat(AT_FDCWD, "/usr/share/fonts/truetype/noto/NotoSerifTamil-Bold.ttf", O_RDONLY|O_CLOEXEC) = 3
14:15:48.356208 openat(AT_FDCWD, "/usr/share/fonts/truetype/noto/NotoSerifTamil-Regular.ttf", O_RDONLY|O_CLOEXEC) = 3
14:15:48.356336 openat(AT_FDCWD, "/usr/share/fonts/truetype/noto/NotoSerifTamilSlanted-Bold.ttf", O_RDONLY|O_CLOEXEC) = 3
14:15:48.356462 openat(AT_FDCWD, "/usr/share/fonts/truetype/noto/NotoSerifTamilSlanted-Regular.ttf", O_RDONLY|O_CLOEXEC) = 3
14:15:48.356589 openat(AT_FDCWD, "/usr/share/fonts/truetype/noto/NotoSerifTangut-Regular.ttf", O_RDONLY|O_CLOEXEC) = 3
14:15:48.356868 openat(AT_FDCWD, "/usr/share/fonts/truetype/noto/NotoSerifTelugu-Bold.ttf", O_RDONLY|O_CLOEXEC) = 3
14:15:48.357006 openat(AT_FDCWD, "/usr/share/fonts/truetype/noto/NotoSerifTelugu-Regular.ttf", O_RDONLY|O_CLOEXEC) = 3
14:15:48.357136 openat(AT_FDCWD, "/usr/share/fonts/truetype/noto/NotoSerifThai-Bold.ttf", O_RDONLY|O_CLOEXEC) = 3
14:15:48.357256 openat(AT_FDCWD, "/usr/share/fonts/truetype/noto/NotoSerifThai-Regular.ttf", O_RDONLY|O_CLOEXEC) = 3
14:15:48.357378 openat(AT_FDCWD, "/usr/share/fonts/truetype/noto/NotoSerifTibetan-Bold.ttf", O_RDONLY|O_CLOEXEC) = 3
14:15:48.357512 openat(AT_FDCWD, "/usr/share/fonts/truetype/noto/NotoSerifTibetan-Regular.ttf", O_RDONLY|O_CLOEXEC) = 3
14:15:48.357640 openat(AT_FDCWD, "/usr/share/fonts/truetype/noto/NotoSerifYezidi-Bold.ttf", O_RDONLY|O_CLOEXEC) = 3
14:15:48.357763 openat(AT_FDCWD, "/usr/share/fonts/truetype/noto/NotoSerifYezidi-Regular.ttf", O_RDONLY|O_CLOEXEC) = 3
14:15:48.357885 openat(AT_FDCWD, "/usr/share/fonts/truetype/noto/NotoTraditionalNushu-Regular.ttf", O_RDONLY|O_CLOEXEC) = 3
14:15:48.358026 openat(AT_FDCWD, "/usr/share/fonts/truetype/noto/NotoColorEmoji.ttf", O_RDONLY|O_CLOEXEC) = 3
14:15:48.358175 openat(AT_FDCWD, "/usr/share/fonts/truetype/ubuntu/Ubuntu[wdth,wght].ttf", O_RDONLY|O_CLOEXEC) = 3
14:15:48.358331 openat(AT_FDCWD, "/usr/share/fonts/truetype/ubuntu/Ubuntu-Italic[wdth,wght].ttf", O_RDONLY|O_CLOEXEC) = 3
14:15:48.358487 openat(AT_FDCWD, "/usr/share/fonts/truetype/ubuntu/UbuntuMono[wght].ttf", O_RDONLY|O_CLOEXEC) = 3
14:15:48.358639 openat(AT_FDCWD, "/usr/share/fonts/truetype/ubuntu/UbuntuMono-Italic[wght].ttf", O_RDONLY|O_CLOEXEC) = 3
14:15:48.358790 openat(AT_FDCWD, "/usr/share/fonts/truetype/ubuntu/UbuntuSans-Italic[wdth,wght].ttf", O_RDONLY|O_CLOEXEC) = 3
14:15:48.358955 openat(AT_FDCWD, "/usr/share/fonts/truetype/ubuntu/UbuntuSansMono-Italic[wght].ttf", O_RDONLY|O_CLOEXEC) = 3
14:15:48.359108 openat(AT_FDCWD, "/usr/share/fonts/truetype/ubuntu/UbuntuSansMono[wght].ttf", O_RDONLY|O_CLOEXEC) = 3
14:15:48.359256 openat(AT_FDCWD, "/usr/share/fonts/truetype/ubuntu/UbuntuSans[wdth,wght].ttf", O_RDONLY|O_CLOEXEC) = 3
14:15:48.359407 openat(AT_FDCWD, "/usr/share/fonts/truetype/tuffy/tuffy_bold.ttf", O_RDONLY|O_CLOEXEC) = 3
14:15:48.359552 openat(AT_FDCWD, "/usr/share/fonts/truetype/tuffy/tuffy_bold_italic.ttf", O_RDONLY|O_CLOEXEC) = 3
14:15:48.359693 openat(AT_FDCWD, "/usr/share/fonts/truetype/tuffy/tuffy_italic.ttf", O_RDONLY|O_CLOEXEC) = 3
14:15:48.359880 openat(AT_FDCWD, "/usr/share/fonts/truetype/tuffy/tuffy_regular.ttf", O_RDONLY|O_CLOEXEC) = 3
14:15:48.360071 openat(AT_FDCWD, "/usr/share/fonts/truetype/lyx/cmex10.ttf", O_RDONLY|O_CLOEXEC) = 3
14:15:48.360193 openat(AT_FDCWD, "/usr/share/fonts/truetype/lyx/cmmi10.ttf", O_RDONLY|O_CLOEXEC) = 3
14:15:48.360318 openat(AT_FDCWD, "/usr/share/fonts/truetype/lyx/cmr10.ttf", O_RDONLY|O_CLOEXEC) = 3
14:15:48.360440 openat(AT_FDCWD, "/usr/share/fonts/truetype/lyx/cmsy10.ttf", O_RDONLY|O_CLOEXEC) = 3
14:15:48.360560 openat(AT_FDCWD, "/usr/share/fonts/truetype/lyx/dsrom10.ttf", O_RDONLY|O_CLOEXEC) = 3
14:15:48.360676 openat(AT_FDCWD, "/usr/share/fonts/truetype/lyx/esint10.ttf", O_RDONLY|O_CLOEXEC) = 3
14:15:48.360799 openat(AT_FDCWD, "/usr/share/fonts/truetype/lyx/eufm10.ttf", O_RDONLY|O_CLOEXEC) = 3
14:15:48.360925 openat(AT_FDCWD, "/usr/share/fonts/truetype/lyx/msam10.ttf", O_RDONLY|O_CLOEXEC) = 3
14:15:48.361047 openat(AT_FDCWD, "/usr/share/fonts/truetype/lyx/msbm10.ttf", O_RDONLY|O_CLOEXEC) = 3
14:15:48.361181 openat(AT_FDCWD, "/usr/share/fonts/truetype/lyx/rsfs10.ttf", O_RDONLY|O_CLOEXEC) = 3
14:15:48.361324 openat(AT_FDCWD, "/usr/share/fonts/truetype/lyx/stmary10.ttf", O_RDONLY|O_CLOEXEC) = 3
14:15:48.361444 openat(AT_FDCWD, "/usr/share/fonts/truetype/lyx/wasy10.ttf", O_RDONLY|O_CLOEXEC) = 3
14:15:48.361565 openat(AT_FDCWD, "/usr/share/fonts/truetype/open-sans/OpenSans-Bold.ttf", O_RDONLY|O_CLOEXEC) = 3
14:15:48.361696 openat(AT_FDCWD, "/usr/share/fonts/truetype/open-sans/OpenSans-BoldItalic.ttf", O_RDONLY|O_CLOEXEC) = 3
14:15:48.361830 openat(AT_FDCWD, "/usr/share/fonts/truetype/open-sans/OpenSans-CondBold.ttf", O_RDONLY|O_CLOEXEC) = 3
14:15:48.361969 openat(AT_FDCWD, "/usr/share/fonts/truetype/open-sans/OpenSans-CondLight.ttf", O_RDONLY|O_CLOEXEC) = 3
14:15:48.362105 openat(AT_FDCWD, "/usr/share/fonts/truetype/open-sans/OpenSans-CondLightItalic.ttf", O_RDONLY|O_CLOEXEC) = 3
14:15:48.362235 openat(AT_FDCWD, "/usr/share/fonts/truetype/open-sans/OpenSans-ExtraBold.ttf", O_RDONLY|O_CLOEXEC) = 3
14:15:48.362392 openat(AT_FDCWD, "/usr/share/fonts/truetype/open-sans/OpenSans-ExtraBoldItalic.ttf", O_RDONLY|O_CLOEXEC) = 3
14:15:48.362519 openat(AT_FDCWD, "/usr/share/fonts/truetype/open-sans/OpenSans-Italic.ttf", O_RDONLY|O_CLOEXEC) = 3
14:15:48.362648 openat(AT_FDCWD, "/usr/share/fonts/truetype/open-sans/OpenSans-Light.ttf", O_RDONLY|O_CLOEXEC) = 3
14:15:48.362779 openat(AT_FDCWD, "/usr/share/fonts/truetype/open-sans/OpenSans-LightItalic.ttf", O_RDONLY|O_CLOEXEC) = 3
14:15:48.362911 openat(AT_FDCWD, "/usr/share/fonts/truetype/open-sans/OpenSans-Regular.ttf", O_RDONLY|O_CLOEXEC) = 3
14:15:48.363050 openat(AT_FDCWD, "/usr/share/fonts/truetype/open-sans/OpenSans-Semibold.ttf", O_RDONLY|O_CLOEXEC) = 3
14:15:48.363194 openat(AT_FDCWD, "/usr/share/fonts/truetype/open-sans/OpenSans-SemiboldItalic.ttf", O_RDONLY|O_CLOEXEC) = 3
14:15:48.363337 openat(AT_FDCWD, "/usr/share/fonts/truetype/lato/Lato-Black.ttf", O_RDONLY|O_CLOEXEC) = 3
14:15:48.363525 openat(AT_FDCWD, "/usr/share/fonts/truetype/lato/Lato-BlackItalic.ttf", O_RDONLY|O_CLOEXEC) = 3
14:15:48.363742 openat(AT_FDCWD, "/usr/share/fonts/truetype/lato/Lato-Bold.ttf", O_RDONLY|O_CLOEXEC) = 3
14:15:48.363942 openat(AT_FDCWD, "/usr/share/fonts/truetype/lato/Lato-BoldItalic.ttf", O_RDONLY|O_CLOEXEC) = 3
14:15:48.364135 openat(AT_FDCWD, "/usr/share/fonts/truetype/lato/Lato-Hairline.ttf", O_RDONLY|O_CLOEXEC) = 3
14:15:48.364325 openat(AT_FDCWD, "/usr/share/fonts/truetype/lato/Lato-HairlineItalic.ttf", O_RDONLY|O_CLOEXEC) = 3
14:15:48.364519 openat(AT_FDCWD, "/usr/share/fonts/truetype/lato/Lato-Heavy.ttf", O_RDONLY|O_CLOEXEC) = 3
14:15:48.364710 openat(AT_FDCWD, "/usr/share/fonts/truetype/lato/Lato-HeavyItalic.ttf", O_RDONLY|O_CLOEXEC) = 3
14:15:48.364898 openat(AT_FDCWD, "/usr/share/fonts/truetype/lato/Lato-Italic.ttf", O_RDONLY|O_CLOEXEC) = 3
14:15:48.365096 openat(AT_FDCWD, "/usr/share/fonts/truetype/lato/Lato-Light.ttf", O_RDONLY|O_CLOEXEC) = 3
14:15:48.365286 openat(AT_FDCWD, "/usr/share/fonts/truetype/lato/Lato-LightItalic.ttf", O_RDONLY|O_CLOEXEC) = 3
14:15:48.365479 openat(AT_FDCWD, "/usr/share/fonts/truetype/lato/Lato-Medium.ttf", O_RDONLY|O_CLOEXEC) = 3
14:15:48.365671 openat(AT_FDCWD, "/usr/share/fonts/truetype/lato/Lato-MediumItalic.ttf", O_RDONLY|O_CLOEXEC) = 3
14:15:48.365865 openat(AT_FDCWD, "/usr/share/fonts/truetype/lato/Lato-Regular.ttf", O_RDONLY|O_CLOEXEC) = 3
14:15:48.366063 openat(AT_FDCWD, "/usr/share/fonts/truetype/lato/Lato-Semibold.ttf", O_RDONLY|O_CLOEXEC) = 3
14:15:48.366271 openat(AT_FDCWD, "/usr/share/fonts/truetype/lato/Lato-SemiboldItalic.ttf", O_RDONLY|O_CLOEXEC) = 3
14:15:48.366464 openat(AT_FDCWD, "/usr/share/fonts/truetype/lato/Lato-Thin.ttf", O_RDONLY|O_CLOEXEC) = 3
14:15:48.366659 openat(AT_FDCWD, "/usr/share/fonts/truetype/lato/Lato-ThinItalic.ttf", O_RDONLY|O_CLOEXEC) = 3
14:15:48.366850 openat(AT_FDCWD, "/usr/share/fonts/truetype/adf/OldaniaADFStd-Bold.otf", O_RDONLY|O_CLOEXEC) = 3
14:15:48.367010 openat(AT_FDCWD, "/usr/share/fonts/truetype/adf/OldaniaADFStd-BoldItalic.otf", O_RDONLY|O_CLOEXEC) = 3
14:15:48.367161 openat(AT_FDCWD, "/usr/share/fonts/truetype/adf/OldaniaADFStd-Italic.otf", O_RDONLY|O_CLOEXEC) = 3
14:15:48.367320 openat(AT_FDCWD, "/usr/share/fonts/truetype/adf/OldaniaADFStd-Regular.otf", O_RDONLY|O_CLOEXEC) = 3
14:15:48.367467 openat(AT_FDCWD, "/usr/share/fonts/truetype/font-awesome/fontawesome-webfont.ttf", O_RDONLY|O_CLOEXEC) = 3
14:15:48.367626 openat(AT_FDCWD, "/usr/share/fonts/truetype/glyphicons/glyphicons-halflings-regular.ttf", O_RDONLY|O_CLOEXEC) = 3
14:15:48.367777 openat(AT_FDCWD, "/usr/share/fonts/truetype/gfonts/alegreya/alegreya-v13-latin-700.ttf", O_RDONLY|O_CLOEXEC) = 3
14:15:48.367951 openat(AT_FDCWD, "/usr/share/fonts/truetype/gfonts/alegreya/alegreya-v13-latin-italic.ttf", O_RDONLY|O_CLOEXEC) = 3
14:15:48.368117 openat(AT_FDCWD, "/usr/share/fonts/truetype/gfonts/alegreya/alegreya-v13-latin-regular.ttf", O_RDONLY|O_CLOEXEC) = 3
14:15:48.368260 openat(AT_FDCWD, "/usr/share/fonts/truetype/gfonts/baloo/baloo-2-v1-latin-regular.ttf", O_RDONLY|O_CLOEXEC) = 3
14:15:48.368401 openat(AT_FDCWD, "/usr/share/fonts/truetype/gfonts/happy-monkey/happy-monkey-v8-latin-regular.ttf", O_RDONLY|O_CLOEXEC) = 3
14:15:48.368536 openat(AT_FDCWD, "/usr/share/fonts/truetype/gfonts/henny-penny/henny-penny-v7-latin-regular.ttf", O_RDONLY|O_CLOEXEC) = 3
14:15:48.368675 openat(AT_FDCWD, "/usr/share/fonts/truetype/gfonts/lato/lato-v16-latin-300italic.ttf", O_RDONLY|O_CLOEXEC) = 3
14:15:48.368802 openat(AT_FDCWD, "/usr/share/fonts/truetype/gfonts/lato/lato-v16-latin-700.ttf", O_RDONLY|O_CLOEXEC) = 3
14:15:48.368931 openat(AT_FDCWD, "/usr/share/fonts/truetype/gfonts/lato/lato-v16-latin-regular.ttf", O_RDONLY|O_CLOEXEC) = 3
14:15:48.369057 openat(AT_FDCWD, "/usr/share/fonts/truetype/gfonts/montserrat/montserrat-v14-latin-300italic.ttf", O_RDONLY|O_CLOEXEC) = 3
14:15:48.369183 openat(AT_FDCWD, "/usr/share/fonts/truetype/gfonts/montserrat/montserrat-v14-latin-700.ttf", O_RDONLY|O_CLOEXEC) = 3
14:15:48.369323 openat(AT_FDCWD, "/usr/share/fonts/truetype/gfonts/montserrat/montserrat-v14-latin-regular.ttf", O_RDONLY|O_CLOEXEC) = 3
14:15:48.369445 openat(AT_FDCWD, "/usr/share/fonts/truetype/gfonts/nunito-sans/nunito-sans-v5-latin-700.ttf", O_RDONLY|O_CLOEXEC) = 3
14:15:48.369569 openat(AT_FDCWD, "/usr/share/fonts/truetype/gfonts/nunito-sans/nunito-sans-v5-latin-italic.ttf", O_RDONLY|O_CLOEXEC) = 3
14:15:48.369692 openat(AT_FDCWD, "/usr/share/fonts/truetype/gfonts/nunito-sans/nunito-sans-v5-latin-regular.ttf", O_RDONLY|O_CLOEXEC) = 3
14:15:48.369815 openat(AT_FDCWD, "/usr/share/fonts/truetype/gfonts/roboto/roboto-v20-latin-300italic.ttf", O_RDONLY|O_CLOEXEC) = 3
14:15:48.369950 openat(AT_FDCWD, "/usr/share/fonts/truetype/gfonts/roboto/roboto-v20-latin-700.ttf", O_RDONLY|O_CLOEXEC) = 3
14:15:48.370079 openat(AT_FDCWD, "/usr/share/fonts/truetype/gfonts/roboto/roboto-v20-latin-regular.ttf", O_RDONLY|O_CLOEXEC) = 3
14:15:48.370204 openat(AT_FDCWD, "/usr/share/fonts/truetype/ttf-bitstream-vera/Vera.ttf", O_RDONLY|O_CLOEXEC) = 3
14:15:48.370327 openat(AT_FDCWD, "/usr/share/fonts/truetype/ttf-bitstream-vera/VeraBI.ttf", O_RDONLY|O_CLOEXEC) = 3
14:15:48.370449 openat(AT_FDCWD, "/usr/share/fonts/truetype/ttf-bitstream-vera/VeraBd.ttf", O_RDONLY|O_CLOEXEC) = 3
14:15:48.370579 openat(AT_FDCWD, "/usr/share/fonts/truetype/ttf-bitstream-vera/VeraIt.ttf", O_RDONLY|O_CLOEXEC) = 3
14:15:48.370712 openat(AT_FDCWD, "/usr/share/fonts/truetype/ttf-bitstream-vera/VeraMoBI.ttf", O_RDONLY|O_CLOEXEC) = 3
14:15:48.370832 openat(AT_FDCWD, "/usr/share/fonts/truetype/ttf-bitstream-vera/VeraMoBd.ttf", O_RDONLY|O_CLOEXEC) = 3
14:15:48.370960 openat(AT_FDCWD, "/usr/share/fonts/truetype/ttf-bitstream-vera/VeraMoIt.ttf", O_RDONLY|O_CLOEXEC) = 3
14:15:48.371081 openat(AT_FDCWD, "/usr/share/fonts/truetype/ttf-bitstream-vera/VeraMono.ttf", O_RDONLY|O_CLOEXEC) = 3
14:15:48.371200 openat(AT_FDCWD, "/usr/share/fonts/truetype/ttf-bitstream-vera/VeraSe.ttf", O_RDONLY|O_CLOEXEC) = 3
14:15:48.371319 openat(AT_FDCWD, "/usr/share/fonts/truetype/ttf-bitstream-vera/VeraSeBd.ttf", O_RDONLY|O_CLOEXEC) = 3
14:15:48.371440 openat(AT_FDCWD, "/home/dikluwe/.local/share/fonts/AdwaitaMono/AdwaitaMonoNerdFont-BoldItalic.ttf", O_RDONLY|O_CLOEXEC) = 3
14:15:48.372215 openat(AT_FDCWD, "/home/dikluwe/.local/share/fonts/AdwaitaMono/AdwaitaMonoNerdFontMono-Regular.ttf", O_RDONLY|O_CLOEXEC) = 3
14:15:48.372959 openat(AT_FDCWD, "/home/dikluwe/.local/share/fonts/AdwaitaMono/AdwaitaMonoNerdFont-Regular.ttf", O_RDONLY|O_CLOEXEC) = 3
14:15:48.373709 openat(AT_FDCWD, "/home/dikluwe/.local/share/fonts/AdwaitaMono/AdwaitaMonoNerdFontPropo-Regular.ttf", O_RDONLY|O_CLOEXEC) = 3
14:15:48.374443 openat(AT_FDCWD, "/home/dikluwe/.local/share/fonts/AdwaitaMono/AdwaitaMonoNerdFontMono-BoldItalic.ttf", O_RDONLY|O_CLOEXEC) = 3
14:15:48.375178 openat(AT_FDCWD, "/home/dikluwe/.local/share/fonts/AdwaitaMono/AdwaitaMonoNerdFont-Bold.ttf", O_RDONLY|O_CLOEXEC) = 3
14:15:48.375938 openat(AT_FDCWD, "/home/dikluwe/.local/share/fonts/AdwaitaMono/AdwaitaMonoNerdFontPropo-Italic.ttf", O_RDONLY|O_CLOEXEC) = 3
14:15:48.376685 openat(AT_FDCWD, "/home/dikluwe/.local/share/fonts/AdwaitaMono/AdwaitaMonoNerdFontPropo-Bold.ttf", O_RDONLY|O_CLOEXEC) = 3
14:15:48.377422 openat(AT_FDCWD, "/home/dikluwe/.local/share/fonts/AdwaitaMono/AdwaitaMonoNerdFontPropo-BoldItalic.ttf", O_RDONLY|O_CLOEXEC) = 3
14:15:48.378248 openat(AT_FDCWD, "/home/dikluwe/.local/share/fonts/AdwaitaMono/AdwaitaMonoNerdFont-Italic.ttf", O_RDONLY|O_CLOEXEC) = 3
14:15:48.379125 openat(AT_FDCWD, "/home/dikluwe/.local/share/fonts/AdwaitaMono/AdwaitaMonoNerdFontMono-Italic.ttf", O_RDONLY|O_CLOEXEC) = 3
14:15:48.379889 openat(AT_FDCWD, "/home/dikluwe/.local/share/fonts/AdwaitaMono/AdwaitaMonoNerdFontMono-Bold.ttf", O_RDONLY|O_CLOEXEC) = 3
14:15:48.380652 openat(AT_FDCWD, "/home/dikluwe/.local/share/fonts/Agave/AgaveNerdFont-Bold.ttf", O_RDONLY|O_CLOEXEC) = 3
14:15:48.381165 openat(AT_FDCWD, "/home/dikluwe/.local/share/fonts/Agave/AgaveNerdFontMono-Regular.ttf", O_RDONLY|O_CLOEXEC) = 3
14:15:48.381759 openat(AT_FDCWD, "/home/dikluwe/.local/share/fonts/Agave/AgaveNerdFontMono-Bold.ttf", O_RDONLY|O_CLOEXEC) = 3
14:15:48.382259 openat(AT_FDCWD, "/home/dikluwe/.local/share/fonts/Agave/AgaveNerdFontPropo-Bold.ttf", O_RDONLY|O_CLOEXEC) = 3
14:15:48.382751 openat(AT_FDCWD, "/home/dikluwe/.local/share/fonts/Agave/AgaveNerdFont-Regular.ttf", O_RDONLY|O_CLOEXEC) = 3
14:15:48.383342 openat(AT_FDCWD, "/home/dikluwe/.local/share/fonts/Agave/AgaveNerdFontPropo-Regular.ttf", O_RDONLY|O_CLOEXEC) = 3
14:15:48.383917 openat(AT_FDCWD, "/home/dikluwe/.local/share/fonts/Arimo/ArimoNerdFont-Italic.ttf", O_RDONLY|O_CLOEXEC) = 3
14:15:48.384532 openat(AT_FDCWD, "/home/dikluwe/.local/share/fonts/Arimo/ArimoNerdFontPropo-Italic.ttf", O_RDONLY|O_CLOEXEC) = 3
14:15:48.385141 openat(AT_FDCWD, "/home/dikluwe/.local/share/fonts/Arimo/ArimoNerdFont-BoldItalic.ttf", O_RDONLY|O_CLOEXEC) = 3
14:15:48.385740 openat(AT_FDCWD, "/home/dikluwe/.local/share/fonts/Arimo/ArimoNerdFontPropo-BoldItalic.ttf", O_RDONLY|O_CLOEXEC) = 3
14:15:48.386339 openat(AT_FDCWD, "/home/dikluwe/.local/share/fonts/Arimo/ArimoNerdFontPropo-Regular.ttf", O_RDONLY|O_CLOEXEC) = 3
14:15:48.386941 openat(AT_FDCWD, "/home/dikluwe/.local/share/fonts/Arimo/ArimoNerdFont-Regular.ttf", O_RDONLY|O_CLOEXEC) = 3
14:15:48.387540 openat(AT_FDCWD, "/home/dikluwe/.local/share/fonts/Arimo/ArimoNerdFontPropo-Bold.ttf", O_RDONLY|O_CLOEXEC) = 3
14:15:48.388146 openat(AT_FDCWD, "/home/dikluwe/.local/share/fonts/Arimo/ArimoNerdFont-Bold.ttf", O_RDONLY|O_CLOEXEC) = 3
14:15:48.388762 openat(AT_FDCWD, "/home/dikluwe/.local/share/fonts/CodeNewRoman/CodeNewRomanNerdFont-Italic.otf", O_RDONLY|O_CLOEXEC) = 3
14:15:48.389379 openat(AT_FDCWD, "/home/dikluwe/.local/share/fonts/CodeNewRoman/CodeNewRomanNerdFontPropo-Italic.otf", O_RDONLY|O_CLOEXEC) = 3
14:15:48.389979 openat(AT_FDCWD, "/home/dikluwe/.local/share/fonts/CodeNewRoman/CodeNewRomanNerdFontMono-Italic.otf", O_RDONLY|O_CLOEXEC) = 3
14:15:48.390562 openat(AT_FDCWD, "/home/dikluwe/.local/share/fonts/CodeNewRoman/CodeNewRomanNerdFontPropo-Regular.otf", O_RDONLY|O_CLOEXEC) = 3
14:15:48.391146 openat(AT_FDCWD, "/home/dikluwe/.local/share/fonts/CodeNewRoman/CodeNewRomanNerdFontMono-Regular.otf", O_RDONLY|O_CLOEXEC) = 3
14:15:48.391727 openat(AT_FDCWD, "/home/dikluwe/.local/share/fonts/CodeNewRoman/CodeNewRomanNerdFont-Regular.otf", O_RDONLY|O_CLOEXEC) = 3
14:15:48.392314 openat(AT_FDCWD, "/home/dikluwe/.local/share/fonts/CodeNewRoman/CodeNewRomanNerdFont-Bold.otf", O_RDONLY|O_CLOEXEC) = 3
14:15:48.392889 openat(AT_FDCWD, "/home/dikluwe/.local/share/fonts/CodeNewRoman/CodeNewRomanNerdFontPropo-Bold.otf", O_RDONLY|O_CLOEXEC) = 3
14:15:48.393482 openat(AT_FDCWD, "/home/dikluwe/.local/share/fonts/CodeNewRoman/CodeNewRomanNerdFontMono-Bold.otf", O_RDONLY|O_CLOEXEC) = 3
14:15:48.394062 openat(AT_FDCWD, "/home/dikluwe/.local/share/fonts/CommitMono/CommitMonoNerdFontMono-BoldItalic.otf", O_RDONLY|O_CLOEXEC) = 3
14:15:48.394597 openat(AT_FDCWD, "/home/dikluwe/.local/share/fonts/CommitMono/CommitMonoNerdFontPropo-Regular.otf", O_RDONLY|O_CLOEXEC) = 3
14:15:48.395133 openat(AT_FDCWD, "/home/dikluwe/.local/share/fonts/CommitMono/CommitMonoNerdFont-Regular.otf", O_RDONLY|O_CLOEXEC) = 3
14:15:48.395663 openat(AT_FDCWD, "/home/dikluwe/.local/share/fonts/CommitMono/CommitMonoNerdFontMono-Regular.otf", O_RDONLY|O_CLOEXEC) = 3
14:15:48.396194 openat(AT_FDCWD, "/home/dikluwe/.local/share/fonts/CommitMono/CommitMonoNerdFont-Italic.otf", O_RDONLY|O_CLOEXEC) = 3
14:15:48.396712 openat(AT_FDCWD, "/home/dikluwe/.local/share/fonts/CommitMono/CommitMonoNerdFontMono-Bold.otf", O_RDONLY|O_CLOEXEC) = 3
14:15:48.397232 openat(AT_FDCWD, "/home/dikluwe/.local/share/fonts/CommitMono/CommitMonoNerdFontPropo-Italic.otf", O_RDONLY|O_CLOEXEC) = 3
14:15:48.397750 openat(AT_FDCWD, "/home/dikluwe/.local/share/fonts/CommitMono/CommitMonoNerdFont-Bold.otf", O_RDONLY|O_CLOEXEC) = 3
14:15:48.398280 openat(AT_FDCWD, "/home/dikluwe/.local/share/fonts/CommitMono/CommitMonoNerdFontPropo-Bold.otf", O_RDONLY|O_CLOEXEC) = 3
14:15:48.398805 openat(AT_FDCWD, "/home/dikluwe/.local/share/fonts/CommitMono/CommitMonoNerdFont-BoldItalic.otf", O_RDONLY|O_CLOEXEC) = 3
14:15:48.399360 openat(AT_FDCWD, "/home/dikluwe/.local/share/fonts/CommitMono/CommitMonoNerdFontPropo-BoldItalic.otf", O_RDONLY|O_CLOEXEC) = 3
14:15:48.399895 openat(AT_FDCWD, "/home/dikluwe/.local/share/fonts/CommitMono/CommitMonoNerdFontMono-Italic.otf", O_RDONLY|O_CLOEXEC) = 3
14:15:48.400424 openat(AT_FDCWD, "/home/dikluwe/.local/share/fonts/FiraCode/FiraCodeNerdFontMono-SemiBold.ttf", O_RDONLY|O_CLOEXEC) = 3
14:15:48.400984 openat(AT_FDCWD, "/home/dikluwe/.local/share/fonts/FiraCode/FiraCodeNerdFont-SemiBold.ttf", O_RDONLY|O_CLOEXEC) = 3
14:15:48.401579 openat(AT_FDCWD, "/home/dikluwe/.local/share/fonts/FiraCode/FiraCodeNerdFontPropo-SemiBold.ttf", O_RDONLY|O_CLOEXEC) = 3
14:15:48.402147 openat(AT_FDCWD, "/home/dikluwe/.local/share/fonts/FiraCode/FiraCodeNerdFontPropo-Regular.ttf", O_RDONLY|O_CLOEXEC) = 3
14:15:48.402698 openat(AT_FDCWD, "/home/dikluwe/.local/share/fonts/FiraCode/FiraCodeNerdFont-Regular.ttf", O_RDONLY|O_CLOEXEC) = 3
14:15:48.403250 openat(AT_FDCWD, "/home/dikluwe/.local/share/fonts/FiraCode/FiraCodeNerdFontMono-Regular.ttf", O_RDONLY|O_CLOEXEC) = 3
14:15:48.403794 openat(AT_FDCWD, "/home/dikluwe/.local/share/fonts/FiraCode/FiraCodeNerdFontPropo-Retina.ttf", O_RDONLY|O_CLOEXEC) = 3
14:15:48.404338 openat(AT_FDCWD, "/home/dikluwe/.local/share/fonts/FiraCode/FiraCodeNerdFontMono-Retina.ttf", O_RDONLY|O_CLOEXEC) = 3
14:15:48.404877 openat(AT_FDCWD, "/home/dikluwe/.local/share/fonts/FiraCode/FiraCodeNerdFont-Retina.ttf", O_RDONLY|O_CLOEXEC) = 3
14:15:48.405444 openat(AT_FDCWD, "/home/dikluwe/.local/share/fonts/FiraCode/FiraCodeNerdFontMono-Medium.ttf", O_RDONLY|O_CLOEXEC) = 3
14:15:48.405984 openat(AT_FDCWD, "/home/dikluwe/.local/share/fonts/FiraCode/FiraCodeNerdFont-Medium.ttf", O_RDONLY|O_CLOEXEC) = 3
14:15:48.406525 openat(AT_FDCWD, "/home/dikluwe/.local/share/fonts/FiraCode/FiraCodeNerdFontPropo-Medium.ttf", O_RDONLY|O_CLOEXEC) = 3
14:15:48.407070 openat(AT_FDCWD, "/home/dikluwe/.local/share/fonts/FiraCode/FiraCodeNerdFont-Bold.ttf", O_RDONLY|O_CLOEXEC) = 3
14:15:48.407603 openat(AT_FDCWD, "/home/dikluwe/.local/share/fonts/FiraCode/FiraCodeNerdFontMono-Bold.ttf", O_RDONLY|O_CLOEXEC) = 3
14:15:48.408140 openat(AT_FDCWD, "/home/dikluwe/.local/share/fonts/FiraCode/FiraCodeNerdFontPropo-Bold.ttf", O_RDONLY|O_CLOEXEC) = 3
14:15:48.408670 openat(AT_FDCWD, "/home/dikluwe/.local/share/fonts/FiraCode/FiraCodeNerdFontMono-Light.ttf", O_RDONLY|O_CLOEXEC) = 3
14:15:48.409205 openat(AT_FDCWD, "/home/dikluwe/.local/share/fonts/FiraCode/FiraCodeNerdFont-Light.ttf", O_RDONLY|O_CLOEXEC) = 3
14:15:48.409732 openat(AT_FDCWD, "/home/dikluwe/.local/share/fonts/FiraCode/FiraCodeNerdFontPropo-Light.ttf", O_RDONLY|O_CLOEXEC) = 3
14:15:48.410278 openat(AT_FDCWD, "/home/dikluwe/.local/share/fonts/GeistMono/GeistMonoNerdFontPropo-UltraBlack.otf", O_RDONLY|O_CLOEXEC) = 3
14:15:48.410794 openat(AT_FDCWD, "/home/dikluwe/.local/share/fonts/GeistMono/GeistMonoNerdFont-Light.otf", O_RDONLY|O_CLOEXEC) = 3
14:15:48.411323 openat(AT_FDCWD, "/home/dikluwe/.local/share/fonts/GeistMono/GeistMonoNerdFontPropo-SemiBold.otf", O_RDONLY|O_CLOEXEC) = 3
14:15:48.411841 openat(AT_FDCWD, "/home/dikluwe/.local/share/fonts/GeistMono/GeistMonoNerdFontMono-Medium.otf", O_RDONLY|O_CLOEXEC) = 3
14:15:48.412356 openat(AT_FDCWD, "/home/dikluwe/.local/share/fonts/GeistMono/GeistMonoNerdFont-Regular.otf", O_RDONLY|O_CLOEXEC) = 3
14:15:48.412865 openat(AT_FDCWD, "/home/dikluwe/.local/share/fonts/GeistMono/GeistMonoNerdFontMono-Bold.otf", O_RDONLY|O_CLOEXEC) = 3
14:15:48.413380 openat(AT_FDCWD, "/home/dikluwe/.local/share/fonts/GeistMono/GeistMonoNerdFontPropo-Black.otf", O_RDONLY|O_CLOEXEC) = 3
14:15:48.413886 openat(AT_FDCWD, "/home/dikluwe/.local/share/fonts/GeistMono/GeistMonoNerdFontPropo-Light.otf", O_RDONLY|O_CLOEXEC) = 3
14:15:48.414414 openat(AT_FDCWD, "/home/dikluwe/.local/share/fonts/GeistMono/GeistMonoNerdFontMono-Regular.otf", O_RDONLY|O_CLOEXEC) = 3
14:15:48.414931 openat(AT_FDCWD, "/home/dikluwe/.local/share/fonts/GeistMono/GeistMonoNerdFont-SemiBold.otf", O_RDONLY|O_CLOEXEC) = 3
14:15:48.415478 openat(AT_FDCWD, "/home/dikluwe/.local/share/fonts/GeistMono/GeistMonoNerdFont-UltraBlack.otf", O_RDONLY|O_CLOEXEC) = 3
14:15:48.416007 openat(AT_FDCWD, "/home/dikluwe/.local/share/fonts/GeistMono/GeistMonoNerdFontMono-UltraBlack.otf", O_RDONLY|O_CLOEXEC) = 3
14:15:48.416527 openat(AT_FDCWD, "/home/dikluwe/.local/share/fonts/GeistMono/GeistMonoNerdFont-Black.otf", O_RDONLY|O_CLOEXEC) = 3
14:15:48.417034 openat(AT_FDCWD, "/home/dikluwe/.local/share/fonts/GeistMono/GeistMonoNerdFont-UltraLight.otf", O_RDONLY|O_CLOEXEC) = 3
14:15:48.417539 openat(AT_FDCWD, "/home/dikluwe/.local/share/fonts/GeistMono/GeistMonoNerdFontPropo-UltraLight.otf", O_RDONLY|O_CLOEXEC) = 3
14:15:48.418049 openat(AT_FDCWD, "/home/dikluwe/.local/share/fonts/GeistMono/GeistMonoNerdFontPropo-Medium.otf", O_RDONLY|O_CLOEXEC) = 3
14:15:48.418549 openat(AT_FDCWD, "/home/dikluwe/.local/share/fonts/GeistMono/GeistMonoNerdFontMono-Thin.otf", O_RDONLY|O_CLOEXEC) = 3
14:15:48.419055 openat(AT_FDCWD, "/home/dikluwe/.local/share/fonts/GeistMono/GeistMonoNerdFont-Bold.otf", O_RDONLY|O_CLOEXEC) = 3
14:15:48.419551 openat(AT_FDCWD, "/home/dikluwe/.local/share/fonts/GeistMono/GeistMonoNerdFontMono-Light.otf", O_RDONLY|O_CLOEXEC) = 3
14:15:48.420055 openat(AT_FDCWD, "/home/dikluwe/.local/share/fonts/GeistMono/GeistMonoNerdFontMono-Black.otf", O_RDONLY|O_CLOEXEC) = 3
14:15:48.420551 openat(AT_FDCWD, "/home/dikluwe/.local/share/fonts/GeistMono/GeistMonoNerdFontMono-UltraLight.otf", O_RDONLY|O_CLOEXEC) = 3
14:15:48.421053 openat(AT_FDCWD, "/home/dikluwe/.local/share/fonts/GeistMono/GeistMonoNerdFontPropo-Regular.otf", O_RDONLY|O_CLOEXEC) = 3
14:15:48.421552 openat(AT_FDCWD, "/home/dikluwe/.local/share/fonts/GeistMono/GeistMonoNerdFont-Medium.otf", O_RDONLY|O_CLOEXEC) = 3
14:15:48.422060 openat(AT_FDCWD, "/home/dikluwe/.local/share/fonts/GeistMono/GeistMonoNerdFont-Thin.otf", O_RDONLY|O_CLOEXEC) = 3
14:15:48.422555 openat(AT_FDCWD, "/home/dikluwe/.local/share/fonts/GeistMono/GeistMonoNerdFontMono-SemiBold.otf", O_RDONLY|O_CLOEXEC) = 3
14:15:48.423056 openat(AT_FDCWD, "/home/dikluwe/.local/share/fonts/GeistMono/GeistMonoNerdFontPropo-Thin.otf", O_RDONLY|O_CLOEXEC) = 3
14:15:48.423548 openat(AT_FDCWD, "/home/dikluwe/.local/share/fonts/GeistMono/GeistMonoNerdFontPropo-Bold.otf", O_RDONLY|O_CLOEXEC) = 3
14:15:48.424048 openat(AT_FDCWD, "/home/dikluwe/.local/share/fonts/IosevkaTermSlab/IosevkaTermSlabNerdFont-LightOblique.ttf", O_RDONLY|O_CLOEXEC) = 3
14:15:48.424829 openat(AT_FDCWD, "/home/dikluwe/.local/share/fonts/IosevkaTermSlab/IosevkaTermSlabNerdFontMono-Italic.ttf", O_RDONLY|O_CLOEXEC) = 3
14:15:48.425609 openat(AT_FDCWD, "/home/dikluwe/.local/share/fonts/IosevkaTermSlab/IosevkaTermSlabNerdFontPropo-ExtraBoldItalic.ttf", O_RDONLY|O_CLOEXEC) = 3
14:15:48.426387 openat(AT_FDCWD, "/home/dikluwe/.local/share/fonts/IosevkaTermSlab/IosevkaTermSlabNerdFontMono-Medium.ttf", O_RDONLY|O_CLOEXEC) = 3
14:15:48.427211 openat(AT_FDCWD, "/home/dikluwe/.local/share/fonts/IosevkaTermSlab/IosevkaTermSlabNerdFontMono-Regular.ttf", O_RDONLY|O_CLOEXEC) = 3
14:15:48.428017 openat(AT_FDCWD, "/home/dikluwe/.local/share/fonts/IosevkaTermSlab/IosevkaTermSlabNerdFont-Italic.ttf", O_RDONLY|O_CLOEXEC) = 3
14:15:48.428805 openat(AT_FDCWD, "/home/dikluwe/.local/share/fonts/IosevkaTermSlab/IosevkaTermSlabNerdFontMono-ExtraBold.ttf", O_RDONLY|O_CLOEXEC) = 3
14:15:48.429586 openat(AT_FDCWD, "/home/dikluwe/.local/share/fonts/IosevkaTermSlab/IosevkaTermSlabNerdFont-Medium.ttf", O_RDONLY|O_CLOEXEC) = 3
14:15:48.430369 openat(AT_FDCWD, "/home/dikluwe/.local/share/fonts/IosevkaTermSlab/IosevkaTermSlabNerdFont-BoldItalic.ttf", O_RDONLY|O_CLOEXEC) = 3
14:15:48.431178 openat(AT_FDCWD, "/home/dikluwe/.local/share/fonts/IosevkaTermSlab/IosevkaTermSlabNerdFontMono-Oblique.ttf", O_RDONLY|O_CLOEXEC) = 3
14:15:48.431976 openat(AT_FDCWD, "/home/dikluwe/.local/share/fonts/IosevkaTermSlab/IosevkaTermSlabNerdFont-Regular.ttf", O_RDONLY|O_CLOEXEC) = 3
14:15:48.432750 openat(AT_FDCWD, "/home/dikluwe/.local/share/fonts/IosevkaTermSlab/IosevkaTermSlabNerdFont-ExtraBoldOblique.ttf", O_RDONLY|O_CLOEXEC) = 3
14:15:48.433544 openat(AT_FDCWD, "/home/dikluwe/.local/share/fonts/IosevkaTermSlab/IosevkaTermSlabNerdFontPropo-BoldItalic.ttf", O_RDONLY|O_CLOEXEC) = 3
14:15:48.434328 openat(AT_FDCWD, "/home/dikluwe/.local/share/fonts/IosevkaTermSlab/IosevkaTermSlabNerdFont-MediumOblique.ttf", O_RDONLY|O_CLOEXEC) = 3
14:15:48.435129 openat(AT_FDCWD, "/home/dikluwe/.local/share/fonts/IosevkaTermSlab/IosevkaTermSlabNerdFontPropo-ExtraBoldOblique.ttf", O_RDONLY|O_CLOEXEC) = 3
14:15:48.435911 openat(AT_FDCWD, "/home/dikluwe/.local/share/fonts/IosevkaTermSlab/IosevkaTermSlabNerdFont-Light.ttf", O_RDONLY|O_CLOEXEC) = 3
14:15:48.436710 openat(AT_FDCWD, "/home/dikluwe/.local/share/fonts/IosevkaTermSlab/IosevkaTermSlabNerdFontMono-Light.ttf", O_RDONLY|O_CLOEXEC) = 3
14:15:48.437483 openat(AT_FDCWD, "/home/dikluwe/.local/share/fonts/IosevkaTermSlab/IosevkaTermSlabNerdFontPropo-LightOblique.ttf", O_RDONLY|O_CLOEXEC) = 3
14:15:48.438258 openat(AT_FDCWD, "/home/dikluwe/.local/share/fonts/IosevkaTermSlab/IosevkaTermSlabNerdFontPropo-MediumOblique.ttf", O_RDONLY|O_CLOEXEC) = 3
14:15:48.439031 openat(AT_FDCWD, "/home/dikluwe/.local/share/fonts/IosevkaTermSlab/IosevkaTermSlabNerdFontPropo-MediumItalic.ttf", O_RDONLY|O_CLOEXEC) = 3
14:15:48.439810 openat(AT_FDCWD, "/home/dikluwe/.local/share/fonts/IosevkaTermSlab/IosevkaTermSlabNerdFontMono-LightItalic.ttf", O_RDONLY|O_CLOEXEC) = 3
14:15:48.440592 openat(AT_FDCWD, "/home/dikluwe/.local/share/fonts/IosevkaTermSlab/IosevkaTermSlabNerdFontMono-BoldOblique.ttf", O_RDONLY|O_CLOEXEC) = 3
14:15:48.441368 openat(AT_FDCWD, "/home/dikluwe/.local/share/fonts/IosevkaTermSlab/IosevkaTermSlabNerdFontMono-ExtraBoldOblique.ttf", O_RDONLY|O_CLOEXEC) = 3
14:15:48.442148 openat(AT_FDCWD, "/home/dikluwe/.local/share/fonts/IosevkaTermSlab/IosevkaTermSlabNerdFontPropo-LightItalic.ttf", O_RDONLY|O_CLOEXEC) = 3
14:15:48.442927 openat(AT_FDCWD, "/home/dikluwe/.local/share/fonts/IosevkaTermSlab/IosevkaTermSlabNerdFont-ExtraBold.ttf", O_RDONLY|O_CLOEXEC) = 3
14:15:48.443689 openat(AT_FDCWD, "/home/dikluwe/.local/share/fonts/IosevkaTermSlab/IosevkaTermSlabNerdFont-MediumItalic.ttf", O_RDONLY|O_CLOEXEC) = 3
14:15:48.444465 openat(AT_FDCWD, "/home/dikluwe/.local/share/fonts/IosevkaTermSlab/IosevkaTermSlabNerdFontPropo-Light.ttf", O_RDONLY|O_CLOEXEC) = 3
14:15:48.445236 openat(AT_FDCWD, "/home/dikluwe/.local/share/fonts/IosevkaTermSlab/IosevkaTermSlabNerdFontPropo-Italic.ttf", O_RDONLY|O_CLOEXEC) = 3
14:15:48.446010 openat(AT_FDCWD, "/home/dikluwe/.local/share/fonts/IosevkaTermSlab/IosevkaTermSlabNerdFontMono-MediumOblique.ttf", O_RDONLY|O_CLOEXEC) = 3
14:15:48.446782 openat(AT_FDCWD, "/home/dikluwe/.local/share/fonts/IosevkaTermSlab/IosevkaTermSlabNerdFontPropo-Medium.ttf", O_RDONLY|O_CLOEXEC) = 3
14:15:48.447564 openat(AT_FDCWD, "/home/dikluwe/.local/share/fonts/IosevkaTermSlab/IosevkaTermSlabNerdFontMono-MediumItalic.ttf", O_RDONLY|O_CLOEXEC) = 3
14:15:48.448352 openat(AT_FDCWD, "/home/dikluwe/.local/share/fonts/IosevkaTermSlab/IosevkaTermSlabNerdFontPropo-Regular.ttf", O_RDONLY|O_CLOEXEC) = 3
14:15:48.449123 openat(AT_FDCWD, "/home/dikluwe/.local/share/fonts/IosevkaTermSlab/IosevkaTermSlabNerdFontMono-Bold.ttf", O_RDONLY|O_CLOEXEC) = 3
14:15:48.449941 openat(AT_FDCWD, "/home/dikluwe/.local/share/fonts/IosevkaTermSlab/IosevkaTermSlabNerdFontMono-ExtraBoldItalic.ttf", O_RDONLY|O_CLOEXEC) = 3
14:15:48.450726 openat(AT_FDCWD, "/home/dikluwe/.local/share/fonts/IosevkaTermSlab/IosevkaTermSlabNerdFontMono-LightOblique.ttf", O_RDONLY|O_CLOEXEC) = 3
14:15:48.451498 openat(AT_FDCWD, "/home/dikluwe/.local/share/fonts/IosevkaTermSlab/IosevkaTermSlabNerdFontPropo-Oblique.ttf", O_RDONLY|O_CLOEXEC) = 3
14:15:48.452267 openat(AT_FDCWD, "/home/dikluwe/.local/share/fonts/IosevkaTermSlab/IosevkaTermSlabNerdFont-LightItalic.ttf", O_RDONLY|O_CLOEXEC) = 3
14:15:48.453036 openat(AT_FDCWD, "/home/dikluwe/.local/share/fonts/IosevkaTermSlab/IosevkaTermSlabNerdFont-BoldOblique.ttf", O_RDONLY|O_CLOEXEC) = 3
14:15:48.453799 openat(AT_FDCWD, "/home/dikluwe/.local/share/fonts/IosevkaTermSlab/IosevkaTermSlabNerdFontPropo-ExtraBold.ttf", O_RDONLY|O_CLOEXEC) = 3
14:15:48.454587 openat(AT_FDCWD, "/home/dikluwe/.local/share/fonts/IosevkaTermSlab/IosevkaTermSlabNerdFont-Bold.ttf", O_RDONLY|O_CLOEXEC) = 3
14:15:48.455355 openat(AT_FDCWD, "/home/dikluwe/.local/share/fonts/IosevkaTermSlab/IosevkaTermSlabNerdFontPropo-Bold.ttf", O_RDONLY|O_CLOEXEC) = 3
14:15:48.456125 openat(AT_FDCWD, "/home/dikluwe/.local/share/fonts/IosevkaTermSlab/IosevkaTermSlabNerdFontMono-BoldItalic.ttf", O_RDONLY|O_CLOEXEC) = 3
14:15:48.456879 openat(AT_FDCWD, "/home/dikluwe/.local/share/fonts/IosevkaTermSlab/IosevkaTermSlabNerdFont-ExtraBoldItalic.ttf", O_RDONLY|O_CLOEXEC) = 3
14:15:48.457653 openat(AT_FDCWD, "/home/dikluwe/.local/share/fonts/IosevkaTermSlab/IosevkaTermSlabNerdFontPropo-BoldOblique.ttf", O_RDONLY|O_CLOEXEC) = 3
14:15:48.458452 openat(AT_FDCWD, "/home/dikluwe/.local/share/fonts/IosevkaTermSlab/IosevkaTermSlabNerdFont-Oblique.ttf", O_RDONLY|O_CLOEXEC) = 3
14:15:48.459271 openat(AT_FDCWD, "/home/dikluwe/.local/share/fonts/IosevkaTerm/IosevkaTermNerdFont-SemiBold.ttf", O_RDONLY|O_CLOEXEC) = 3
14:15:48.460064 openat(AT_FDCWD, "/home/dikluwe/.local/share/fonts/IosevkaTerm/IosevkaTermNerdFont-Oblique.ttf", O_RDONLY|O_CLOEXEC) = 3
14:15:48.460841 openat(AT_FDCWD, "/home/dikluwe/.local/share/fonts/IosevkaTerm/IosevkaTermNerdFont-Italic.ttf", O_RDONLY|O_CLOEXEC) = 3
14:15:48.461619 openat(AT_FDCWD, "/home/dikluwe/.local/share/fonts/IosevkaTerm/IosevkaTermNerdFontMono-MediumOblique.ttf", O_RDONLY|O_CLOEXEC) = 3
14:15:48.462391 openat(AT_FDCWD, "/home/dikluwe/.local/share/fonts/IosevkaTerm/IosevkaTermNerdFontPropo-ThinItalic.ttf", O_RDONLY|O_CLOEXEC) = 3
14:15:48.463160 openat(AT_FDCWD, "/home/dikluwe/.local/share/fonts/IosevkaTerm/IosevkaTermNerdFontPropo-BoldOblique.ttf", O_RDONLY|O_CLOEXEC) = 3
14:15:48.463950 openat(AT_FDCWD, "/home/dikluwe/.local/share/fonts/IosevkaTerm/IosevkaTermNerdFontMono-ExtraLightOblique.ttf", O_RDONLY|O_CLOEXEC) = 3
14:15:48.464715 openat(AT_FDCWD, "/home/dikluwe/.local/share/fonts/IosevkaTerm/IosevkaTermNerdFont-ThinItalic.ttf", O_RDONLY|O_CLOEXEC) = 3
14:15:48.465484 openat(AT_FDCWD, "/home/dikluwe/.local/share/fonts/IosevkaTerm/IosevkaTermNerdFontPropo-MediumOblique.ttf", O_RDONLY|O_CLOEXEC) = 3
14:15:48.466258 openat(AT_FDCWD, "/home/dikluwe/.local/share/fonts/IosevkaTerm/IosevkaTermNerdFontMono-LightOblique.ttf", O_RDONLY|O_CLOEXEC) = 3
14:15:48.467026 openat(AT_FDCWD, "/home/dikluwe/.local/share/fonts/IosevkaTerm/IosevkaTermNerdFont-SemiBoldOblique.ttf", O_RDONLY|O_CLOEXEC) = 3
14:15:48.467782 openat(AT_FDCWD, "/home/dikluwe/.local/share/fonts/IosevkaTerm/IosevkaTermNerdFontMono-ExtraLight.ttf", O_RDONLY|O_CLOEXEC) = 3
14:15:48.468550 openat(AT_FDCWD, "/home/dikluwe/.local/share/fonts/IosevkaTerm/IosevkaTermNerdFontPropo-Italic.ttf", O_RDONLY|O_CLOEXEC) = 3
14:15:48.469327 openat(AT_FDCWD, "/home/dikluwe/.local/share/fonts/IosevkaTerm/IosevkaTermNerdFontMono-ThinOblique.ttf", O_RDONLY|O_CLOEXEC) = 3
14:15:48.470144 openat(AT_FDCWD, "/home/dikluwe/.local/share/fonts/IosevkaTerm/IosevkaTermNerdFontPropo-Bold.ttf", O_RDONLY|O_CLOEXEC) = 3
14:15:48.470990 openat(AT_FDCWD, "/home/dikluwe/.local/share/fonts/IosevkaTerm/IosevkaTermNerdFontMono-MediumItalic.ttf", O_RDONLY|O_CLOEXEC) = 3
14:15:48.471773 openat(AT_FDCWD, "/home/dikluwe/.local/share/fonts/IosevkaTerm/IosevkaTermNerdFontMono-ExtraLightItalic.ttf", O_RDONLY|O_CLOEXEC) = 3
14:15:48.472551 openat(AT_FDCWD, "/home/dikluwe/.local/share/fonts/IosevkaTerm/IosevkaTermNerdFontMono-SemiBoldItalic.ttf", O_RDONLY|O_CLOEXEC) = 3
14:15:48.473370 openat(AT_FDCWD, "/home/dikluwe/.local/share/fonts/IosevkaTerm/IosevkaTermNerdFont-Heavy.ttf", O_RDONLY|O_CLOEXEC) = 3
14:15:48.474153 openat(AT_FDCWD, "/home/dikluwe/.local/share/fonts/IosevkaTerm/IosevkaTermNerdFontMono-SemiBoldOblique.ttf", O_RDONLY|O_CLOEXEC) = 3
14:15:48.474951 openat(AT_FDCWD, "/home/dikluwe/.local/share/fonts/IosevkaTerm/IosevkaTermNerdFontPropo-Thin.ttf", O_RDONLY|O_CLOEXEC) = 3
14:15:48.475737 openat(AT_FDCWD, "/home/dikluwe/.local/share/fonts/IosevkaTerm/IosevkaTermNerdFont-Light.ttf", O_RDONLY|O_CLOEXEC) = 3
14:15:48.476519 openat(AT_FDCWD, "/home/dikluwe/.local/share/fonts/IosevkaTerm/IosevkaTermNerdFontMono-ExtraBoldOblique.ttf", O_RDONLY|O_CLOEXEC) = 3
14:15:48.477314 openat(AT_FDCWD, "/home/dikluwe/.local/share/fonts/IosevkaTerm/IosevkaTermNerdFontMono-Oblique.ttf", O_RDONLY|O_CLOEXEC) = 3
14:15:48.478106 openat(AT_FDCWD, "/home/dikluwe/.local/share/fonts/IosevkaTerm/IosevkaTermNerdFontMono-BoldOblique.ttf", O_RDONLY|O_CLOEXEC) = 3
14:15:48.478890 openat(AT_FDCWD, "/home/dikluwe/.local/share/fonts/IosevkaTerm/IosevkaTermNerdFont-SemiBoldItalic.ttf", O_RDONLY|O_CLOEXEC) = 3
14:15:48.479671 openat(AT_FDCWD, "/home/dikluwe/.local/share/fonts/IosevkaTerm/IosevkaTermNerdFontMono-Light.ttf", O_RDONLY|O_CLOEXEC) = 3
14:15:48.480444 openat(AT_FDCWD, "/home/dikluwe/.local/share/fonts/IosevkaTerm/IosevkaTermNerdFont-ExtraBoldOblique.ttf", O_RDONLY|O_CLOEXEC) = 3
14:15:48.481251 openat(AT_FDCWD, "/home/dikluwe/.local/share/fonts/IosevkaTerm/IosevkaTermNerdFontPropo-ExtraBoldItalic.ttf", O_RDONLY|O_CLOEXEC) = 3
14:15:48.482046 openat(AT_FDCWD, "/home/dikluwe/.local/share/fonts/IosevkaTerm/IosevkaTermNerdFont-BoldItalic.ttf", O_RDONLY|O_CLOEXEC) = 3
14:15:48.482837 openat(AT_FDCWD, "/home/dikluwe/.local/share/fonts/IosevkaTerm/IosevkaTermNerdFontPropo-ThinOblique.ttf", O_RDONLY|O_CLOEXEC) = 3
14:15:48.483611 openat(AT_FDCWD, "/home/dikluwe/.local/share/fonts/IosevkaTerm/IosevkaTermNerdFontPropo-ExtraBoldOblique.ttf", O_RDONLY|O_CLOEXEC) = 3
14:15:48.484402 openat(AT_FDCWD, "/home/dikluwe/.local/share/fonts/IosevkaTerm/IosevkaTermNerdFontPropo-Regular.ttf", O_RDONLY|O_CLOEXEC) = 3
14:15:48.485205 openat(AT_FDCWD, "/home/dikluwe/.local/share/fonts/IosevkaTerm/IosevkaTermNerdFont-HeavyOblique.ttf", O_RDONLY|O_CLOEXEC) = 3
14:15:48.485995 openat(AT_FDCWD, "/home/dikluwe/.local/share/fonts/IosevkaTerm/IosevkaTermNerdFont-ExtraBoldItalic.ttf", O_RDONLY|O_CLOEXEC) = 3
14:15:48.486811 openat(AT_FDCWD, "/home/dikluwe/.local/share/fonts/IosevkaTerm/IosevkaTermNerdFontPropo-Medium.ttf", O_RDONLY|O_CLOEXEC) = 3
14:15:48.487606 openat(AT_FDCWD, "/home/dikluwe/.local/share/fonts/IosevkaTerm/IosevkaTermNerdFontMono-Bold.ttf", O_RDONLY|O_CLOEXEC) = 3
14:15:48.488391 openat(AT_FDCWD, "/home/dikluwe/.local/share/fonts/IosevkaTerm/IosevkaTermNerdFontPropo-Oblique.ttf", O_RDONLY|O_CLOEXEC) = 3
14:15:48.489192 openat(AT_FDCWD, "/home/dikluwe/.local/share/fonts/IosevkaTerm/IosevkaTermNerdFont-ExtraLight.ttf", O_RDONLY|O_CLOEXEC) = 3
14:15:48.489991 openat(AT_FDCWD, "/home/dikluwe/.local/share/fonts/IosevkaTerm/IosevkaTermNerdFontMono-Heavy.ttf", O_RDONLY|O_CLOEXEC) = 3
14:15:48.490785 openat(AT_FDCWD, "/home/dikluwe/.local/share/fonts/IosevkaTerm/IosevkaTermNerdFontMono-ExtraBoldItalic.ttf", O_RDONLY|O_CLOEXEC) = 3
14:15:48.491578 openat(AT_FDCWD, "/home/dikluwe/.local/share/fonts/IosevkaTerm/IosevkaTermNerdFontPropo-Light.ttf", O_RDONLY|O_CLOEXEC) = 3
14:15:48.492364 openat(AT_FDCWD, "/home/dikluwe/.local/share/fonts/IosevkaTerm/IosevkaTermNerdFont-ExtraLightOblique.ttf", O_RDONLY|O_CLOEXEC) = 3
14:15:48.493189 openat(AT_FDCWD, "/home/dikluwe/.local/share/fonts/IosevkaTerm/IosevkaTermNerdFontMono-HeavyItalic.ttf", O_RDONLY|O_CLOEXEC) = 3
14:15:48.493985 openat(AT_FDCWD, "/home/dikluwe/.local/share/fonts/IosevkaTerm/IosevkaTermNerdFont-ExtraLightItalic.ttf", O_RDONLY|O_CLOEXEC) = 3
14:15:48.494777 openat(AT_FDCWD, "/home/dikluwe/.local/share/fonts/IosevkaTerm/IosevkaTermNerdFontMono-HeavyOblique.ttf", O_RDONLY|O_CLOEXEC) = 3
14:15:48.495564 openat(AT_FDCWD, "/home/dikluwe/.local/share/fonts/IosevkaTerm/IosevkaTermNerdFontMono-Thin.ttf", O_RDONLY|O_CLOEXEC) = 3
14:15:48.496338 openat(AT_FDCWD, "/home/dikluwe/.local/share/fonts/IosevkaTerm/IosevkaTermNerdFont-Thin.ttf", O_RDONLY|O_CLOEXEC) = 3
14:15:48.497106 openat(AT_FDCWD, "/home/dikluwe/.local/share/fonts/IosevkaTerm/IosevkaTermNerdFontMono-Medium.ttf", O_RDONLY|O_CLOEXEC) = 3
14:15:48.497863 openat(AT_FDCWD, "/home/dikluwe/.local/share/fonts/IosevkaTerm/IosevkaTermNerdFont-LightOblique.ttf", O_RDONLY|O_CLOEXEC) = 3
14:15:48.498651 openat(AT_FDCWD, "/home/dikluwe/.local/share/fonts/IosevkaTerm/IosevkaTermNerdFont-Bold.ttf", O_RDONLY|O_CLOEXEC) = 3
14:15:48.499447 openat(AT_FDCWD, "/home/dikluwe/.local/share/fonts/IosevkaTerm/IosevkaTermNerdFont-MediumItalic.ttf", O_RDONLY|O_CLOEXEC) = 3
14:15:48.500263 openat(AT_FDCWD, "/home/dikluwe/.local/share/fonts/IosevkaTerm/IosevkaTermNerdFontMono-Regular.ttf", O_RDONLY|O_CLOEXEC) = 3
14:15:48.501047 openat(AT_FDCWD, "/home/dikluwe/.local/share/fonts/IosevkaTerm/IosevkaTermNerdFontMono-SemiBold.ttf", O_RDONLY|O_CLOEXEC) = 3
14:15:48.501809 openat(AT_FDCWD, "/home/dikluwe/.local/share/fonts/IosevkaTerm/IosevkaTermNerdFontPropo-ExtraLightItalic.ttf", O_RDONLY|O_CLOEXEC) = 3
14:15:48.502575 openat(AT_FDCWD, "/home/dikluwe/.local/share/fonts/IosevkaTerm/IosevkaTermNerdFontMono-LightItalic.ttf", O_RDONLY|O_CLOEXEC) = 3
14:15:48.503345 openat(AT_FDCWD, "/home/dikluwe/.local/share/fonts/IosevkaTerm/IosevkaTermNerdFontMono-ExtraBold.ttf", O_RDONLY|O_CLOEXEC) = 3
14:15:48.504109 openat(AT_FDCWD, "/home/dikluwe/.local/share/fonts/IosevkaTerm/IosevkaTermNerdFontPropo-LightOblique.ttf", O_RDONLY|O_CLOEXEC) = 3
14:15:48.504868 openat(AT_FDCWD, "/home/dikluwe/.local/share/fonts/IosevkaTerm/IosevkaTermNerdFontPropo-Heavy.ttf", O_RDONLY|O_CLOEXEC) = 3
14:15:48.505634 openat(AT_FDCWD, "/home/dikluwe/.local/share/fonts/IosevkaTerm/IosevkaTermNerdFontPropo-HeavyOblique.ttf", O_RDONLY|O_CLOEXEC) = 3
14:15:48.506401 openat(AT_FDCWD, "/home/dikluwe/.local/share/fonts/IosevkaTerm/IosevkaTermNerdFontPropo-LightItalic.ttf", O_RDONLY|O_CLOEXEC) = 3
14:15:48.507167 openat(AT_FDCWD, "/home/dikluwe/.local/share/fonts/IosevkaTerm/IosevkaTermNerdFontPropo-SemiBoldItalic.ttf", O_RDONLY|O_CLOEXEC) = 3
14:15:48.507941 openat(AT_FDCWD, "/home/dikluwe/.local/share/fonts/IosevkaTerm/IosevkaTermNerdFontPropo-ExtraBold.ttf", O_RDONLY|O_CLOEXEC) = 3
14:15:48.508707 openat(AT_FDCWD, "/home/dikluwe/.local/share/fonts/IosevkaTerm/IosevkaTermNerdFontPropo-SemiBoldOblique.ttf", O_RDONLY|O_CLOEXEC) = 3
14:15:48.509474 openat(AT_FDCWD, "/home/dikluwe/.local/share/fonts/IosevkaTerm/IosevkaTermNerdFontPropo-ExtraLight.ttf", O_RDONLY|O_CLOEXEC) = 3
14:15:48.510303 openat(AT_FDCWD, "/home/dikluwe/.local/share/fonts/IosevkaTerm/IosevkaTermNerdFont-ExtraBold.ttf", O_RDONLY|O_CLOEXEC) = 3
14:15:48.511090 openat(AT_FDCWD, "/home/dikluwe/.local/share/fonts/IosevkaTerm/IosevkaTermNerdFont-BoldOblique.ttf", O_RDONLY|O_CLOEXEC) = 3
14:15:48.511861 openat(AT_FDCWD, "/home/dikluwe/.local/share/fonts/IosevkaTerm/IosevkaTermNerdFontPropo-ExtraLightOblique.ttf", O_RDONLY|O_CLOEXEC) = 3
14:15:48.512655 openat(AT_FDCWD, "/home/dikluwe/.local/share/fonts/IosevkaTerm/IosevkaTermNerdFont-Regular.ttf", O_RDONLY|O_CLOEXEC) = 3
14:15:48.513435 openat(AT_FDCWD, "/home/dikluwe/.local/share/fonts/IosevkaTerm/IosevkaTermNerdFontMono-Italic.ttf", O_RDONLY|O_CLOEXEC) = 3
14:15:48.514219 openat(AT_FDCWD, "/home/dikluwe/.local/share/fonts/IosevkaTerm/IosevkaTermNerdFont-HeavyItalic.ttf", O_RDONLY|O_CLOEXEC) = 3
14:15:48.514991 openat(AT_FDCWD, "/home/dikluwe/.local/share/fonts/IosevkaTerm/IosevkaTermNerdFont-Medium.ttf", O_RDONLY|O_CLOEXEC) = 3
14:15:48.515755 openat(AT_FDCWD, "/home/dikluwe/.local/share/fonts/IosevkaTerm/IosevkaTermNerdFontMono-BoldItalic.ttf", O_RDONLY|O_CLOEXEC) = 3
14:15:48.516530 openat(AT_FDCWD, "/home/dikluwe/.local/share/fonts/IosevkaTerm/IosevkaTermNerdFont-LightItalic.ttf", O_RDONLY|O_CLOEXEC) = 3
14:15:48.517305 openat(AT_FDCWD, "/home/dikluwe/.local/share/fonts/IosevkaTerm/IosevkaTermNerdFont-MediumOblique.ttf", O_RDONLY|O_CLOEXEC) = 3
14:15:48.518097 openat(AT_FDCWD, "/home/dikluwe/.local/share/fonts/IosevkaTerm/IosevkaTermNerdFontPropo-HeavyItalic.ttf", O_RDONLY|O_CLOEXEC) = 3
14:15:48.518862 openat(AT_FDCWD, "/home/dikluwe/.local/share/fonts/IosevkaTerm/IosevkaTermNerdFontPropo-SemiBold.ttf", O_RDONLY|O_CLOEXEC) = 3
14:15:48.519660 openat(AT_FDCWD, "/home/dikluwe/.local/share/fonts/IosevkaTerm/IosevkaTermNerdFontMono-ThinItalic.ttf", O_RDONLY|O_CLOEXEC) = 3
14:15:48.520438 openat(AT_FDCWD, "/home/dikluwe/.local/share/fonts/IosevkaTerm/IosevkaTermNerdFontPropo-BoldItalic.ttf", O_RDONLY|O_CLOEXEC) = 3
14:15:48.521216 openat(AT_FDCWD, "/home/dikluwe/.local/share/fonts/IosevkaTerm/IosevkaTermNerdFont-ThinOblique.ttf", O_RDONLY|O_CLOEXEC) = 3
14:15:48.522030 openat(AT_FDCWD, "/home/dikluwe/.local/share/fonts/IosevkaTerm/IosevkaTermNerdFontPropo-MediumItalic.ttf", O_RDONLY|O_CLOEXEC) = 3
14:15:48.522798 openat(AT_FDCWD, "/home/dikluwe/.local/share/fonts/Iosevka/IosevkaNerdFont-ExtraLight.ttf", O_RDONLY|O_CLOEXEC) = 3
14:15:48.523560 openat(AT_FDCWD, "/home/dikluwe/.local/share/fonts/Iosevka/IosevkaNerdFont-LightItalic.ttf", O_RDONLY|O_CLOEXEC) = 3
14:15:48.524357 openat(AT_FDCWD, "/home/dikluwe/.local/share/fonts/Iosevka/IosevkaNerdFontMono-ExtraBoldItalic.ttf", O_RDONLY|O_CLOEXEC) = 3
14:15:48.525222 openat(AT_FDCWD, "/home/dikluwe/.local/share/fonts/Iosevka/IosevkaNerdFont-Medium.ttf", O_RDONLY|O_CLOEXEC) = 3
14:15:48.526013 openat(AT_FDCWD, "/home/dikluwe/.local/share/fonts/Iosevka/IosevkaNerdFontMono-MediumItalic.ttf", O_RDONLY|O_CLOEXEC) = 3
14:15:48.526794 openat(AT_FDCWD, "/home/dikluwe/.local/share/fonts/Iosevka/IosevkaNerdFont-Italic.ttf", O_RDONLY|O_CLOEXEC) = 3
14:15:48.527579 openat(AT_FDCWD, "/home/dikluwe/.local/share/fonts/Iosevka/IosevkaNerdFontMono-Light.ttf", O_RDONLY|O_CLOEXEC) = 3
14:15:48.528361 openat(AT_FDCWD, "/home/dikluwe/.local/share/fonts/Iosevka/IosevkaNerdFont-ExtraLightItalic.ttf", O_RDONLY|O_CLOEXEC) = 3
14:15:48.529182 openat(AT_FDCWD, "/home/dikluwe/.local/share/fonts/Iosevka/IosevkaNerdFont-SemiBoldOblique.ttf", O_RDONLY|O_CLOEXEC) = 3
14:15:48.529976 openat(AT_FDCWD, "/home/dikluwe/.local/share/fonts/Iosevka/IosevkaNerdFont-Bold.ttf", O_RDONLY|O_CLOEXEC) = 3
14:15:48.530741 openat(AT_FDCWD, "/home/dikluwe/.local/share/fonts/Iosevka/IosevkaNerdFontPropo-SemiBoldOblique.ttf", O_RDONLY|O_CLOEXEC) = 3
14:15:48.531504 openat(AT_FDCWD, "/home/dikluwe/.local/share/fonts/Iosevka/IosevkaNerdFontPropo-Oblique.ttf", O_RDONLY|O_CLOEXEC) = 3
14:15:48.532277 openat(AT_FDCWD, "/home/dikluwe/.local/share/fonts/Iosevka/IosevkaNerdFontMono-ThinOblique.ttf", O_RDONLY|O_CLOEXEC) = 3
14:15:48.533049 openat(AT_FDCWD, "/home/dikluwe/.local/share/fonts/Iosevka/IosevkaNerdFontPropo-SemiBoldItalic.ttf", O_RDONLY|O_CLOEXEC) = 3
14:15:48.533817 openat(AT_FDCWD, "/home/dikluwe/.local/share/fonts/Iosevka/IosevkaNerdFontMono-ThinItalic.ttf", O_RDONLY|O_CLOEXEC) = 3
14:15:48.534585 openat(AT_FDCWD, "/home/dikluwe/.local/share/fonts/Iosevka/IosevkaNerdFontPropo-ExtraLight.ttf", O_RDONLY|O_CLOEXEC) = 3
14:15:48.535356 openat(AT_FDCWD, "/home/dikluwe/.local/share/fonts/Iosevka/IosevkaNerdFont-Oblique.ttf", O_RDONLY|O_CLOEXEC) = 3
14:15:48.536130 openat(AT_FDCWD, "/home/dikluwe/.local/share/fonts/Iosevka/IosevkaNerdFont-ExtraBoldItalic.ttf", O_RDONLY|O_CLOEXEC) = 3
14:15:48.536892 openat(AT_FDCWD, "/home/dikluwe/.local/share/fonts/Iosevka/IosevkaNerdFontPropo-Italic.ttf", O_RDONLY|O_CLOEXEC) = 3
14:15:48.537674 openat(AT_FDCWD, "/home/dikluwe/.local/share/fonts/Iosevka/IosevkaNerdFontMono-Heavy.ttf", O_RDONLY|O_CLOEXEC) = 3
14:15:48.538469 openat(AT_FDCWD, "/home/dikluwe/.local/share/fonts/Iosevka/IosevkaNerdFontPropo-ThinItalic.ttf", O_RDONLY|O_CLOEXEC) = 3
14:15:48.539260 openat(AT_FDCWD, "/home/dikluwe/.local/share/fonts/Iosevka/IosevkaNerdFontMono-Bold.ttf", O_RDONLY|O_CLOEXEC) = 3
14:15:48.540027 openat(AT_FDCWD, "/home/dikluwe/.local/share/fonts/Iosevka/IosevkaNerdFontMono-ExtraBoldOblique.ttf", O_RDONLY|O_CLOEXEC) = 3
14:15:48.540792 openat(AT_FDCWD, "/home/dikluwe/.local/share/fonts/Iosevka/IosevkaNerdFontMono-SemiBoldItalic.ttf", O_RDONLY|O_CLOEXEC) = 3
14:15:48.541554 openat(AT_FDCWD, "/home/dikluwe/.local/share/fonts/Iosevka/IosevkaNerdFontMono-ExtraBold.ttf", O_RDONLY|O_CLOEXEC) = 3
14:15:48.542326 openat(AT_FDCWD, "/home/dikluwe/.local/share/fonts/Iosevka/IosevkaNerdFontPropo-ThinOblique.ttf", O_RDONLY|O_CLOEXEC) = 3
14:15:48.543151 openat(AT_FDCWD, "/home/dikluwe/.local/share/fonts/Iosevka/IosevkaNerdFont-ExtraLightOblique.ttf", O_RDONLY|O_CLOEXEC) = 3
14:15:48.543938 openat(AT_FDCWD, "/home/dikluwe/.local/share/fonts/Iosevka/IosevkaNerdFontPropo-BoldOblique.ttf", O_RDONLY|O_CLOEXEC) = 3
14:15:48.544696 openat(AT_FDCWD, "/home/dikluwe/.local/share/fonts/Iosevka/IosevkaNerdFontPropo-HeavyItalic.ttf", O_RDONLY|O_CLOEXEC) = 3
14:15:48.545482 openat(AT_FDCWD, "/home/dikluwe/.local/share/fonts/Iosevka/IosevkaNerdFontPropo-MediumOblique.ttf", O_RDONLY|O_CLOEXEC) = 3
14:15:48.546250 openat(AT_FDCWD, "/home/dikluwe/.local/share/fonts/Iosevka/IosevkaNerdFontPropo-MediumItalic.ttf", O_RDONLY|O_CLOEXEC) = 3
14:15:48.547043 openat(AT_FDCWD, "/home/dikluwe/.local/share/fonts/Iosevka/IosevkaNerdFontMono-Oblique.ttf", O_RDONLY|O_CLOEXEC) = 3
14:15:48.547819 openat(AT_FDCWD, "/home/dikluwe/.local/share/fonts/Iosevka/IosevkaNerdFontMono-BoldItalic.ttf", O_RDONLY|O_CLOEXEC) = 3
14:15:48.548591 openat(AT_FDCWD, "/home/dikluwe/.local/share/fonts/Iosevka/IosevkaNerdFontMono-SemiBoldOblique.ttf", O_RDONLY|O_CLOEXEC) = 3
14:15:48.549367 openat(AT_FDCWD, "/home/dikluwe/.local/share/fonts/Iosevka/IosevkaNerdFontMono-BoldOblique.ttf", O_RDONLY|O_CLOEXEC) = 3
14:15:48.550159 openat(AT_FDCWD, "/home/dikluwe/.local/share/fonts/Iosevka/IosevkaNerdFontMono-Thin.ttf", O_RDONLY|O_CLOEXEC) = 3
14:15:48.550930 openat(AT_FDCWD, "/home/dikluwe/.local/share/fonts/Iosevka/IosevkaNerdFontPropo-LightOblique.ttf", O_RDONLY|O_CLOEXEC) = 3
14:15:48.551702 openat(AT_FDCWD, "/home/dikluwe/.local/share/fonts/Iosevka/IosevkaNerdFontPropo-Heavy.ttf", O_RDONLY|O_CLOEXEC) = 3
14:15:48.552476 openat(AT_FDCWD, "/home/dikluwe/.local/share/fonts/Iosevka/IosevkaNerdFontMono-ExtraLightItalic.ttf", O_RDONLY|O_CLOEXEC) = 3
14:15:48.553246 openat(AT_FDCWD, "/home/dikluwe/.local/share/fonts/Iosevka/IosevkaNerdFont-BoldOblique.ttf", O_RDONLY|O_CLOEXEC) = 3
14:15:48.554026 openat(AT_FDCWD, "/home/dikluwe/.local/share/fonts/Iosevka/IosevkaNerdFont-Thin.ttf", O_RDONLY|O_CLOEXEC) = 3
14:15:48.554784 openat(AT_FDCWD, "/home/dikluwe/.local/share/fonts/Iosevka/IosevkaNerdFont-SemiBoldItalic.ttf", O_RDONLY|O_CLOEXEC) = 3
14:15:48.555573 openat(AT_FDCWD, "/home/dikluwe/.local/share/fonts/Iosevka/IosevkaNerdFont-ThinItalic.ttf", O_RDONLY|O_CLOEXEC) = 3
14:15:48.556346 openat(AT_FDCWD, "/home/dikluwe/.local/share/fonts/Iosevka/IosevkaNerdFontPropo-ExtraBold.ttf", O_RDONLY|O_CLOEXEC) = 3
14:15:48.557119 openat(AT_FDCWD, "/home/dikluwe/.local/share/fonts/Iosevka/IosevkaNerdFont-BoldItalic.ttf", O_RDONLY|O_CLOEXEC) = 3
14:15:48.557879 openat(AT_FDCWD, "/home/dikluwe/.local/share/fonts/Iosevka/IosevkaNerdFontMono-ExtraLightOblique.ttf", O_RDONLY|O_CLOEXEC) = 3
14:15:48.558650 openat(AT_FDCWD, "/home/dikluwe/.local/share/fonts/Iosevka/IosevkaNerdFont-MediumItalic.ttf", O_RDONLY|O_CLOEXEC) = 3
14:15:48.559422 openat(AT_FDCWD, "/home/dikluwe/.local/share/fonts/Iosevka/IosevkaNerdFontPropo-HeavyOblique.ttf", O_RDONLY|O_CLOEXEC) = 3
14:15:48.560190 openat(AT_FDCWD, "/home/dikluwe/.local/share/fonts/Iosevka/IosevkaNerdFontPropo-ExtraBoldOblique.ttf", O_RDONLY|O_CLOEXEC) = 3
14:15:48.560964 openat(AT_FDCWD, "/home/dikluwe/.local/share/fonts/Iosevka/IosevkaNerdFont-LightOblique.ttf", O_RDONLY|O_CLOEXEC) = 3
14:15:48.561729 openat(AT_FDCWD, "/home/dikluwe/.local/share/fonts/Iosevka/IosevkaNerdFontPropo-SemiBold.ttf", O_RDONLY|O_CLOEXEC) = 3
14:15:48.562496 openat(AT_FDCWD, "/home/dikluwe/.local/share/fonts/Iosevka/IosevkaNerdFontPropo-BoldItalic.ttf", O_RDONLY|O_CLOEXEC) = 3
14:15:48.563268 openat(AT_FDCWD, "/home/dikluwe/.local/share/fonts/Iosevka/IosevkaNerdFontPropo-ExtraLightItalic.ttf", O_RDONLY|O_CLOEXEC) = 3
14:15:48.564046 openat(AT_FDCWD, "/home/dikluwe/.local/share/fonts/Iosevka/IosevkaNerdFontPropo-ExtraLightOblique.ttf", O_RDONLY|O_CLOEXEC) = 3
14:15:48.564812 openat(AT_FDCWD, "/home/dikluwe/.local/share/fonts/Iosevka/IosevkaNerdFontPropo-LightItalic.ttf", O_RDONLY|O_CLOEXEC) = 3
14:15:48.565606 openat(AT_FDCWD, "/home/dikluwe/.local/share/fonts/Iosevka/IosevkaNerdFontPropo-Medium.ttf", O_RDONLY|O_CLOEXEC) = 3
14:15:48.566371 openat(AT_FDCWD, "/home/dikluwe/.local/share/fonts/Iosevka/IosevkaNerdFontMono-LightOblique.ttf", O_RDONLY|O_CLOEXEC) = 3
14:15:48.567138 openat(AT_FDCWD, "/home/dikluwe/.local/share/fonts/Iosevka/IosevkaNerdFontMono-MediumOblique.ttf", O_RDONLY|O_CLOEXEC) = 3
14:15:48.567906 openat(AT_FDCWD, "/home/dikluwe/.local/share/fonts/Iosevka/IosevkaNerdFont-Regular.ttf", O_RDONLY|O_CLOEXEC) = 3
14:15:48.568690 openat(AT_FDCWD, "/home/dikluwe/.local/share/fonts/Iosevka/IosevkaNerdFontMono-HeavyItalic.ttf", O_RDONLY|O_CLOEXEC) = 3
14:15:48.569460 openat(AT_FDCWD, "/home/dikluwe/.local/share/fonts/Iosevka/IosevkaNerdFontPropo-Thin.ttf", O_RDONLY|O_CLOEXEC) = 3
14:15:48.570231 openat(AT_FDCWD, "/home/dikluwe/.local/share/fonts/Iosevka/IosevkaNerdFont-MediumOblique.ttf", O_RDONLY|O_CLOEXEC) = 3
14:15:48.571041 openat(AT_FDCWD, "/home/dikluwe/.local/share/fonts/Iosevka/IosevkaNerdFont-ThinOblique.ttf", O_RDONLY|O_CLOEXEC) = 3
14:15:48.571827 openat(AT_FDCWD, "/home/dikluwe/.local/share/fonts/Iosevka/IosevkaNerdFontPropo-ExtraBoldItalic.ttf", O_RDONLY|O_CLOEXEC) = 3
14:15:48.572602 openat(AT_FDCWD, "/home/dikluwe/.local/share/fonts/Iosevka/IosevkaNerdFontMono-HeavyOblique.ttf", O_RDONLY|O_CLOEXEC) = 3
14:15:48.573375 openat(AT_FDCWD, "/home/dikluwe/.local/share/fonts/Iosevka/IosevkaNerdFontPropo-Bold.ttf", O_RDONLY|O_CLOEXEC) = 3
14:15:48.574141 openat(AT_FDCWD, "/home/dikluwe/.local/share/fonts/Iosevka/IosevkaNerdFont-Heavy.ttf", O_RDONLY|O_CLOEXEC) = 3
14:15:48.574898 openat(AT_FDCWD, "/home/dikluwe/.local/share/fonts/Iosevka/IosevkaNerdFont-ExtraBold.ttf", O_RDONLY|O_CLOEXEC) = 3
14:15:48.575678 openat(AT_FDCWD, "/home/dikluwe/.local/share/fonts/Iosevka/IosevkaNerdFont-SemiBold.ttf", O_RDONLY|O_CLOEXEC) = 3
14:15:48.576461 openat(AT_FDCWD, "/home/dikluwe/.local/share/fonts/Iosevka/IosevkaNerdFont-ExtraBoldOblique.ttf", O_RDONLY|O_CLOEXEC) = 3
14:15:48.577275 openat(AT_FDCWD, "/home/dikluwe/.local/share/fonts/Iosevka/IosevkaNerdFontMono-Regular.ttf", O_RDONLY|O_CLOEXEC) = 3
14:15:48.578060 openat(AT_FDCWD, "/home/dikluwe/.local/share/fonts/Iosevka/IosevkaNerdFontMono-SemiBold.ttf", O_RDONLY|O_CLOEXEC) = 3
14:15:48.578843 openat(AT_FDCWD, "/home/dikluwe/.local/share/fonts/Iosevka/IosevkaNerdFont-HeavyOblique.ttf", O_RDONLY|O_CLOEXEC) = 3
14:15:48.579610 openat(AT_FDCWD, "/home/dikluwe/.local/share/fonts/Iosevka/IosevkaNerdFontMono-ExtraLight.ttf", O_RDONLY|O_CLOEXEC) = 3
14:15:48.580379 openat(AT_FDCWD, "/home/dikluwe/.local/share/fonts/Iosevka/IosevkaNerdFont-Light.ttf", O_RDONLY|O_CLOEXEC) = 3
14:15:48.581153 openat(AT_FDCWD, "/home/dikluwe/.local/share/fonts/Iosevka/IosevkaNerdFontPropo-Regular.ttf", O_RDONLY|O_CLOEXEC) = 3
14:15:48.581940 openat(AT_FDCWD, "/home/dikluwe/.local/share/fonts/Iosevka/IosevkaNerdFontMono-Italic.ttf", O_RDONLY|O_CLOEXEC) = 3
14:15:48.582696 openat(AT_FDCWD, "/home/dikluwe/.local/share/fonts/Iosevka/IosevkaNerdFont-HeavyItalic.ttf", O_RDONLY|O_CLOEXEC) = 3
14:15:48.583458 openat(AT_FDCWD, "/home/dikluwe/.local/share/fonts/Iosevka/IosevkaNerdFontMono-Medium.ttf", O_RDONLY|O_CLOEXEC) = 3
14:15:48.584241 openat(AT_FDCWD, "/home/dikluwe/.local/share/fonts/Iosevka/IosevkaNerdFontPropo-Light.ttf", O_RDONLY|O_CLOEXEC) = 3
14:15:48.585023 openat(AT_FDCWD, "/home/dikluwe/.local/share/fonts/Iosevka/IosevkaNerdFontMono-LightItalic.ttf", O_RDONLY|O_CLOEXEC) = 3
14:15:48.585782 openat(AT_FDCWD, "/home/dikluwe/.local/share/fonts/Monoid/MonoidNerdFontMono-Italic.ttf", O_RDONLY|O_CLOEXEC) = 3
14:15:48.586295 openat(AT_FDCWD, "/home/dikluwe/.local/share/fonts/Monoid/MonoidNerdFontPropo-Italic.ttf", O_RDONLY|O_CLOEXEC) = 3
14:15:48.586807 openat(AT_FDCWD, "/home/dikluwe/.local/share/fonts/Monoid/MonoidNerdFont-Italic.ttf", O_RDONLY|O_CLOEXEC) = 3
14:15:48.587312 openat(AT_FDCWD, "/home/dikluwe/.local/share/fonts/Monoid/MonoidNerdFontMono-Regular.ttf", O_RDONLY|O_CLOEXEC) = 3
14:15:48.587815 openat(AT_FDCWD, "/home/dikluwe/.local/share/fonts/Monoid/MonoidNerdFontPropo-Regular.ttf", O_RDONLY|O_CLOEXEC) = 3
14:15:48.588364 openat(AT_FDCWD, "/home/dikluwe/.local/share/fonts/Monoid/MonoidNerdFont-Regular.ttf", O_RDONLY|O_CLOEXEC) = 3
14:15:48.588862 openat(AT_FDCWD, "/home/dikluwe/.local/share/fonts/Monoid/MonoidNerdFont-Retina.ttf", O_RDONLY|O_CLOEXEC) = 3
14:15:48.589409 openat(AT_FDCWD, "/home/dikluwe/.local/share/fonts/Monoid/MonoidNerdFontMono-Retina.ttf", O_RDONLY|O_CLOEXEC) = 3
14:15:48.589938 openat(AT_FDCWD, "/home/dikluwe/.local/share/fonts/Monoid/MonoidNerdFontPropo-Retina.ttf", O_RDONLY|O_CLOEXEC) = 3
14:15:48.590469 openat(AT_FDCWD, "/home/dikluwe/.local/share/fonts/Monoid/MonoidNerdFontMono-Bold.ttf", O_RDONLY|O_CLOEXEC) = 3
14:15:48.590995 openat(AT_FDCWD, "/home/dikluwe/.local/share/fonts/Monoid/MonoidNerdFont-Bold.ttf", O_RDONLY|O_CLOEXEC) = 3
14:15:48.591508 openat(AT_FDCWD, "/home/dikluwe/.local/share/fonts/Monoid/MonoidNerdFontPropo-Bold.ttf", O_RDONLY|O_CLOEXEC) = 3
14:15:48.592028 openat(AT_FDCWD, "/home/dikluwe/.local/share/fonts/VictorMono/VictorMonoNerdFontPropo-LightItalic.ttf", O_RDONLY|O_CLOEXEC) = 3
14:15:48.592580 openat(AT_FDCWD, "/home/dikluwe/.local/share/fonts/VictorMono/VictorMonoNerdFontMono-LightItalic.ttf", O_RDONLY|O_CLOEXEC) = 3
14:15:48.593153 openat(AT_FDCWD, "/home/dikluwe/.local/share/fonts/VictorMono/VictorMonoNerdFont-LightItalic.ttf", O_RDONLY|O_CLOEXEC) = 3
14:15:48.593715 openat(AT_FDCWD, "/home/dikluwe/.local/share/fonts/VictorMono/VictorMonoNerdFontMono-SemiBoldOblique.ttf", O_RDONLY|O_CLOEXEC) = 3
14:15:48.594281 openat(AT_FDCWD, "/home/dikluwe/.local/share/fonts/VictorMono/VictorMonoNerdFontPropo-SemiBoldOblique.ttf", O_RDONLY|O_CLOEXEC) = 3
14:15:48.594808 openat(AT_FDCWD, "/home/dikluwe/.local/share/fonts/VictorMono/VictorMonoNerdFont-SemiBoldOblique.ttf", O_RDONLY|O_CLOEXEC) = 3
14:15:48.595356 openat(AT_FDCWD, "/home/dikluwe/.local/share/fonts/VictorMono/VictorMonoNerdFontPropo-ExtraLightItalic.ttf", O_RDONLY|O_CLOEXEC) = 3
14:15:48.595875 openat(AT_FDCWD, "/home/dikluwe/.local/share/fonts/VictorMono/VictorMonoNerdFontMono-ExtraLightItalic.ttf", O_RDONLY|O_CLOEXEC) = 3
14:15:48.596417 openat(AT_FDCWD, "/home/dikluwe/.local/share/fonts/VictorMono/VictorMonoNerdFont-ExtraLightItalic.ttf", O_RDONLY|O_CLOEXEC) = 3
14:15:48.596960 openat(AT_FDCWD, "/home/dikluwe/.local/share/fonts/VictorMono/VictorMonoNerdFontMono-MediumItalic.ttf", O_RDONLY|O_CLOEXEC) = 3
14:15:48.597480 openat(AT_FDCWD, "/home/dikluwe/.local/share/fonts/VictorMono/VictorMonoNerdFontPropo-MediumItalic.ttf", O_RDONLY|O_CLOEXEC) = 3
14:15:48.598010 openat(AT_FDCWD, "/home/dikluwe/.local/share/fonts/VictorMono/VictorMonoNerdFont-MediumItalic.ttf", O_RDONLY|O_CLOEXEC) = 3
14:15:48.598525 openat(AT_FDCWD, "/home/dikluwe/.local/share/fonts/VictorMono/VictorMonoNerdFont-Italic.ttf", O_RDONLY|O_CLOEXEC) = 3
14:15:48.599047 openat(AT_FDCWD, "/home/dikluwe/.local/share/fonts/VictorMono/VictorMonoNerdFontPropo-Italic.ttf", O_RDONLY|O_CLOEXEC) = 3
14:15:48.599565 openat(AT_FDCWD, "/home/dikluwe/.local/share/fonts/VictorMono/VictorMonoNerdFontMono-Italic.ttf", O_RDONLY|O_CLOEXEC) = 3
14:15:48.600088 openat(AT_FDCWD, "/home/dikluwe/.local/share/fonts/VictorMono/VictorMonoNerdFont-MediumOblique.ttf", O_RDONLY|O_CLOEXEC) = 3
14:15:48.600595 openat(AT_FDCWD, "/home/dikluwe/.local/share/fonts/VictorMono/VictorMonoNerdFontMono-MediumOblique.ttf", O_RDONLY|O_CLOEXEC) = 3
14:15:48.601138 openat(AT_FDCWD, "/home/dikluwe/.local/share/fonts/VictorMono/VictorMonoNerdFontPropo-MediumOblique.ttf", O_RDONLY|O_CLOEXEC) = 3
14:15:48.601645 openat(AT_FDCWD, "/home/dikluwe/.local/share/fonts/VictorMono/VictorMonoNerdFontMono-ThinItalic.ttf", O_RDONLY|O_CLOEXEC) = 3
14:15:48.602154 openat(AT_FDCWD, "/home/dikluwe/.local/share/fonts/VictorMono/VictorMonoNerdFontPropo-ThinItalic.ttf", O_RDONLY|O_CLOEXEC) = 3
14:15:48.602656 openat(AT_FDCWD, "/home/dikluwe/.local/share/fonts/VictorMono/VictorMonoNerdFont-ThinItalic.ttf", O_RDONLY|O_CLOEXEC) = 3
14:15:48.603175 openat(AT_FDCWD, "/home/dikluwe/.local/share/fonts/VictorMono/VictorMonoNerdFont-BoldItalic.ttf", O_RDONLY|O_CLOEXEC) = 3
14:15:48.603686 openat(AT_FDCWD, "/home/dikluwe/.local/share/fonts/VictorMono/VictorMonoNerdFontMono-BoldItalic.ttf", O_RDONLY|O_CLOEXEC) = 3
14:15:48.604217 openat(AT_FDCWD, "/home/dikluwe/.local/share/fonts/VictorMono/VictorMonoNerdFontPropo-BoldItalic.ttf", O_RDONLY|O_CLOEXEC) = 3
14:15:48.604731 openat(AT_FDCWD, "/home/dikluwe/.local/share/fonts/VictorMono/VictorMonoNerdFontMono-BoldOblique.ttf", O_RDONLY|O_CLOEXEC) = 3
14:15:48.605258 openat(AT_FDCWD, "/home/dikluwe/.local/share/fonts/VictorMono/VictorMonoNerdFontPropo-BoldOblique.ttf", O_RDONLY|O_CLOEXEC) = 3
14:15:48.605784 openat(AT_FDCWD, "/home/dikluwe/.local/share/fonts/VictorMono/VictorMonoNerdFont-BoldOblique.ttf", O_RDONLY|O_CLOEXEC) = 3
14:15:48.606296 openat(AT_FDCWD, "/home/dikluwe/.local/share/fonts/VictorMono/VictorMonoNerdFontMono-ExtraLightOblique.ttf", O_RDONLY|O_CLOEXEC) = 3
14:15:48.606809 openat(AT_FDCWD, "/home/dikluwe/.local/share/fonts/VictorMono/VictorMonoNerdFontPropo-ExtraLightOblique.ttf", O_RDONLY|O_CLOEXEC) = 3
14:15:48.607321 openat(AT_FDCWD, "/home/dikluwe/.local/share/fonts/VictorMono/VictorMonoNerdFont-ExtraLightOblique.ttf", O_RDONLY|O_CLOEXEC) = 3
14:15:48.607825 openat(AT_FDCWD, "/home/dikluwe/.local/share/fonts/VictorMono/VictorMonoNerdFontMono-Regular.ttf", O_RDONLY|O_CLOEXEC) = 3
14:15:48.608339 openat(AT_FDCWD, "/home/dikluwe/.local/share/fonts/VictorMono/VictorMonoNerdFont-Regular.ttf", O_RDONLY|O_CLOEXEC) = 3
14:15:48.608846 openat(AT_FDCWD, "/home/dikluwe/.local/share/fonts/VictorMono/VictorMonoNerdFontPropo-Regular.ttf", O_RDONLY|O_CLOEXEC) = 3
14:15:48.609365 openat(AT_FDCWD, "/home/dikluwe/.local/share/fonts/VictorMono/VictorMonoNerdFont-ThinOblique.ttf", O_RDONLY|O_CLOEXEC) = 3
14:15:48.609873 openat(AT_FDCWD, "/home/dikluwe/.local/share/fonts/VictorMono/VictorMonoNerdFontMono-ThinOblique.ttf", O_RDONLY|O_CLOEXEC) = 3
14:15:48.610392 openat(AT_FDCWD, "/home/dikluwe/.local/share/fonts/VictorMono/VictorMonoNerdFontPropo-ThinOblique.ttf", O_RDONLY|O_CLOEXEC) = 3
14:15:48.610910 openat(AT_FDCWD, "/home/dikluwe/.local/share/fonts/VictorMono/VictorMonoNerdFontMono-SemiBoldItalic.ttf", O_RDONLY|O_CLOEXEC) = 3
14:15:48.611420 openat(AT_FDCWD, "/home/dikluwe/.local/share/fonts/VictorMono/VictorMonoNerdFontPropo-SemiBoldItalic.ttf", O_RDONLY|O_CLOEXEC) = 3
14:15:48.611931 openat(AT_FDCWD, "/home/dikluwe/.local/share/fonts/VictorMono/VictorMonoNerdFont-SemiBoldItalic.ttf", O_RDONLY|O_CLOEXEC) = 3
14:15:48.612451 openat(AT_FDCWD, "/home/dikluwe/.local/share/fonts/VictorMono/VictorMonoNerdFontMono-Oblique.ttf", O_RDONLY|O_CLOEXEC) = 3
14:15:48.612967 openat(AT_FDCWD, "/home/dikluwe/.local/share/fonts/VictorMono/VictorMonoNerdFontPropo-Oblique.ttf", O_RDONLY|O_CLOEXEC) = 3
14:15:48.613475 openat(AT_FDCWD, "/home/dikluwe/.local/share/fonts/VictorMono/VictorMonoNerdFont-Oblique.ttf", O_RDONLY|O_CLOEXEC) = 3
14:15:48.613990 openat(AT_FDCWD, "/home/dikluwe/.local/share/fonts/VictorMono/VictorMonoNerdFontMono-Thin.ttf", O_RDONLY|O_CLOEXEC) = 3
14:15:48.614503 openat(AT_FDCWD, "/home/dikluwe/.local/share/fonts/VictorMono/VictorMonoNerdFont-Thin.ttf", O_RDONLY|O_CLOEXEC) = 3
14:15:48.615018 openat(AT_FDCWD, "/home/dikluwe/.local/share/fonts/VictorMono/VictorMonoNerdFontPropo-Thin.ttf", O_RDONLY|O_CLOEXEC) = 3
14:15:48.615523 openat(AT_FDCWD, "/home/dikluwe/.local/share/fonts/VictorMono/VictorMonoNerdFontPropo-ExtraLight.ttf", O_RDONLY|O_CLOEXEC) = 3
14:15:48.616036 openat(AT_FDCWD, "/home/dikluwe/.local/share/fonts/VictorMono/VictorMonoNerdFontMono-ExtraLight.ttf", O_RDONLY|O_CLOEXEC) = 3
14:15:48.616544 openat(AT_FDCWD, "/home/dikluwe/.local/share/fonts/VictorMono/VictorMonoNerdFont-ExtraLight.ttf", O_RDONLY|O_CLOEXEC) = 3
14:15:48.617059 openat(AT_FDCWD, "/home/dikluwe/.local/share/fonts/VictorMono/VictorMonoNerdFontMono-LightOblique.ttf", O_RDONLY|O_CLOEXEC) = 3
14:15:48.617573 openat(AT_FDCWD, "/home/dikluwe/.local/share/fonts/VictorMono/VictorMonoNerdFontPropo-LightOblique.ttf", O_RDONLY|O_CLOEXEC) = 3
14:15:48.618087 openat(AT_FDCWD, "/home/dikluwe/.local/share/fonts/VictorMono/VictorMonoNerdFont-LightOblique.ttf", O_RDONLY|O_CLOEXEC) = 3
14:15:48.618590 openat(AT_FDCWD, "/home/dikluwe/.local/share/fonts/VictorMono/VictorMonoNerdFont-Medium.ttf", O_RDONLY|O_CLOEXEC) = 3
14:15:48.619104 openat(AT_FDCWD, "/home/dikluwe/.local/share/fonts/VictorMono/VictorMonoNerdFontMono-Medium.ttf", O_RDONLY|O_CLOEXEC) = 3
14:15:48.619616 openat(AT_FDCWD, "/home/dikluwe/.local/share/fonts/VictorMono/VictorMonoNerdFontPropo-Medium.ttf", O_RDONLY|O_CLOEXEC) = 3
14:15:48.620250 openat(AT_FDCWD, "/home/dikluwe/.local/share/fonts/VictorMono/VictorMonoNerdFontMono-Bold.ttf", O_RDONLY|O_CLOEXEC) = 3
14:15:48.621031 openat(AT_FDCWD, "/home/dikluwe/.local/share/fonts/VictorMono/VictorMonoNerdFontPropo-Bold.ttf", O_RDONLY|O_CLOEXEC) = 3
14:15:48.621558 openat(AT_FDCWD, "/home/dikluwe/.local/share/fonts/VictorMono/VictorMonoNerdFont-Bold.ttf", O_RDONLY|O_CLOEXEC) = 3
14:15:48.622162 openat(AT_FDCWD, "/home/dikluwe/.local/share/fonts/VictorMono/VictorMonoNerdFontPropo-Light.ttf", O_RDONLY|O_CLOEXEC) = 3
14:15:48.622659 openat(AT_FDCWD, "/home/dikluwe/.local/share/fonts/VictorMono/VictorMonoNerdFont-Light.ttf", O_RDONLY|O_CLOEXEC) = 3
14:15:48.623158 openat(AT_FDCWD, "/home/dikluwe/.local/share/fonts/VictorMono/VictorMonoNerdFontMono-Light.ttf", O_RDONLY|O_CLOEXEC) = 3
14:15:48.623652 openat(AT_FDCWD, "/home/dikluwe/.local/share/fonts/VictorMono/VictorMonoNerdFontMono-SemiBold.ttf", O_RDONLY|O_CLOEXEC) = 3
14:15:48.624148 openat(AT_FDCWD, "/home/dikluwe/.local/share/fonts/VictorMono/VictorMonoNerdFontPropo-SemiBold.ttf", O_RDONLY|O_CLOEXEC) = 3
14:15:48.624637 openat(AT_FDCWD, "/home/dikluwe/.local/share/fonts/VictorMono/VictorMonoNerdFont-SemiBold.ttf", O_RDONLY|O_CLOEXEC) = 3
14:15:48.625130 openat(AT_FDCWD, "/home/dikluwe/.local/share/fonts/ZedMono/ZedMonoNerdFontMono-ExtendedBold.ttf", O_RDONLY|O_CLOEXEC) = 3
14:15:48.625791 openat(AT_FDCWD, "/home/dikluwe/.local/share/fonts/ZedMono/ZedMonoNerdFontPropo-ExtendedMedium.ttf", O_RDONLY|O_CLOEXEC) = 3
14:15:48.626450 openat(AT_FDCWD, "/home/dikluwe/.local/share/fonts/ZedMono/ZedMonoNerdFontMono-ExtendedLight.ttf", O_RDONLY|O_CLOEXEC) = 3
14:15:48.627138 openat(AT_FDCWD, "/home/dikluwe/.local/share/fonts/ZedMono/ZedMonoNerdFontMono-ExtendedMediumOblique.ttf", O_RDONLY|O_CLOEXEC) = 3
14:15:48.627803 openat(AT_FDCWD, "/home/dikluwe/.local/share/fonts/ZedMono/ZedMonoNerdFontPropo-ExtendedItalic.ttf", O_RDONLY|O_CLOEXEC) = 3
14:15:48.628478 openat(AT_FDCWD, "/home/dikluwe/.local/share/fonts/ZedMono/ZedMonoNerdFontPropo-ExtendedBold.ttf", O_RDONLY|O_CLOEXEC) = 3
14:15:48.629178 openat(AT_FDCWD, "/home/dikluwe/.local/share/fonts/ZedMono/ZedMonoNerdFontPropo-Extended.ttf", O_RDONLY|O_CLOEXEC) = 3
14:15:48.629833 openat(AT_FDCWD, "/home/dikluwe/.local/share/fonts/ZedMono/ZedMonoNerdFontMono-ExtendedExtraBoldOblique.ttf", O_RDONLY|O_CLOEXEC) = 3
14:15:48.630543 openat(AT_FDCWD, "/home/dikluwe/.local/share/fonts/ZedMono/ZedMonoNerdFontPropo-ExtendedExtraBoldOblique.ttf", O_RDONLY|O_CLOEXEC) = 3
14:15:48.631361 openat(AT_FDCWD, "/home/dikluwe/.local/share/fonts/ZedMono/ZedMonoNerdFont-ExtendedExtraBold.ttf", O_RDONLY|O_CLOEXEC) = 3
14:15:48.632058 openat(AT_FDCWD, "/home/dikluwe/.local/share/fonts/ZedMono/ZedMonoNerdFontPropo-ExtendedExtraBoldItalic.ttf", O_RDONLY|O_CLOEXEC) = 3
14:15:48.632920 openat(AT_FDCWD, "/home/dikluwe/.local/share/fonts/ZedMono/ZedMonoNerdFontMono-ExtendedExtraBold.ttf", O_RDONLY|O_CLOEXEC) = 3
14:15:48.633672 openat(AT_FDCWD, "/home/dikluwe/.local/share/fonts/ZedMono/ZedMonoNerdFont-ExtendedMediumItalic.ttf", O_RDONLY|O_CLOEXEC) = 3
14:15:48.634373 openat(AT_FDCWD, "/home/dikluwe/.local/share/fonts/ZedMono/ZedMonoNerdFontMono-ExtendedBoldOblique.ttf", O_RDONLY|O_CLOEXEC) = 3
14:15:48.635172 openat(AT_FDCWD, "/home/dikluwe/.local/share/fonts/ZedMono/ZedMonoNerdFontMono-ExtendedMedium.ttf", O_RDONLY|O_CLOEXEC) = 3
14:15:48.635845 openat(AT_FDCWD, "/home/dikluwe/.local/share/fonts/ZedMono/ZedMonoNerdFontPropo-ExtendedMediumOblique.ttf", O_RDONLY|O_CLOEXEC) = 3
14:15:48.636519 openat(AT_FDCWD, "/home/dikluwe/.local/share/fonts/ZedMono/ZedMonoNerdFont-Extended.ttf", O_RDONLY|O_CLOEXEC) = 3
14:15:48.637209 openat(AT_FDCWD, "/home/dikluwe/.local/share/fonts/ZedMono/ZedMonoNerdFontPropo-ExtendedBoldItalic.ttf", O_RDONLY|O_CLOEXEC) = 3
14:15:48.637899 openat(AT_FDCWD, "/home/dikluwe/.local/share/fonts/ZedMono/ZedMonoNerdFont-ExtendedOblique.ttf", O_RDONLY|O_CLOEXEC) = 3
14:15:48.638591 openat(AT_FDCWD, "/home/dikluwe/.local/share/fonts/ZedMono/ZedMonoNerdFont-ExtendedMedium.ttf", O_RDONLY|O_CLOEXEC) = 3
14:15:48.639272 openat(AT_FDCWD, "/home/dikluwe/.local/share/fonts/ZedMono/ZedMonoNerdFontPropo-ExtendedBoldOblique.ttf", O_RDONLY|O_CLOEXEC) = 3
14:15:48.639977 openat(AT_FDCWD, "/home/dikluwe/.local/share/fonts/ZedMono/ZedMonoNerdFontMono-ExtendedOblique.ttf", O_RDONLY|O_CLOEXEC) = 3
14:15:48.640660 openat(AT_FDCWD, "/home/dikluwe/.local/share/fonts/ZedMono/ZedMonoNerdFontPropo-ExtendedLightItalic.ttf", O_RDONLY|O_CLOEXEC) = 3
14:15:48.641332 openat(AT_FDCWD, "/home/dikluwe/.local/share/fonts/ZedMono/ZedMonoNerdFontPropo-ExtendedMediumItalic.ttf", O_RDONLY|O_CLOEXEC) = 3
14:15:48.641997 openat(AT_FDCWD, "/home/dikluwe/.local/share/fonts/ZedMono/ZedMonoNerdFontMono-ExtendedBoldItalic.ttf", O_RDONLY|O_CLOEXEC) = 3
14:15:48.642658 openat(AT_FDCWD, "/home/dikluwe/.local/share/fonts/ZedMono/ZedMonoNerdFont-ExtendedBold.ttf", O_RDONLY|O_CLOEXEC) = 3
14:15:48.643326 openat(AT_FDCWD, "/home/dikluwe/.local/share/fonts/ZedMono/ZedMonoNerdFontMono-ExtendedMediumItalic.ttf", O_RDONLY|O_CLOEXEC) = 3
14:15:48.644009 openat(AT_FDCWD, "/home/dikluwe/.local/share/fonts/ZedMono/ZedMonoNerdFontPropo-ExtendedExtraBold.ttf", O_RDONLY|O_CLOEXEC) = 3
14:15:48.644686 openat(AT_FDCWD, "/home/dikluwe/.local/share/fonts/ZedMono/ZedMonoNerdFontMono-Extended.ttf", O_RDONLY|O_CLOEXEC) = 3
14:15:48.645362 openat(AT_FDCWD, "/home/dikluwe/.local/share/fonts/ZedMono/ZedMonoNerdFont-ExtendedExtraBoldOblique.ttf", O_RDONLY|O_CLOEXEC) = 3
14:15:48.646041 openat(AT_FDCWD, "/home/dikluwe/.local/share/fonts/ZedMono/ZedMonoNerdFont-ExtendedMediumOblique.ttf", O_RDONLY|O_CLOEXEC) = 3
14:15:48.646722 openat(AT_FDCWD, "/home/dikluwe/.local/share/fonts/ZedMono/ZedMonoNerdFont-ExtendedItalic.ttf", O_RDONLY|O_CLOEXEC) = 3
14:15:48.647404 openat(AT_FDCWD, "/home/dikluwe/.local/share/fonts/ZedMono/ZedMonoNerdFontMono-ExtendedLightOblique.ttf", O_RDONLY|O_CLOEXEC) = 3
14:15:48.648087 openat(AT_FDCWD, "/home/dikluwe/.local/share/fonts/ZedMono/ZedMonoNerdFontMono-ExtendedItalic.ttf", O_RDONLY|O_CLOEXEC) = 3
14:15:48.648755 openat(AT_FDCWD, "/home/dikluwe/.local/share/fonts/ZedMono/ZedMonoNerdFontPropo-ExtendedLight.ttf", O_RDONLY|O_CLOEXEC) = 3
14:15:48.649421 openat(AT_FDCWD, "/home/dikluwe/.local/share/fonts/ZedMono/ZedMonoNerdFont-ExtendedBoldItalic.ttf", O_RDONLY|O_CLOEXEC) = 3
14:15:48.650095 openat(AT_FDCWD, "/home/dikluwe/.local/share/fonts/ZedMono/ZedMonoNerdFont-ExtendedExtraBoldItalic.ttf", O_RDONLY|O_CLOEXEC) = 3
14:15:48.650769 openat(AT_FDCWD, "/home/dikluwe/.local/share/fonts/ZedMono/ZedMonoNerdFont-ExtendedLightItalic.ttf", O_RDONLY|O_CLOEXEC) = 3
14:15:48.651459 openat(AT_FDCWD, "/home/dikluwe/.local/share/fonts/ZedMono/ZedMonoNerdFontMono-ExtendedExtraBoldItalic.ttf", O_RDONLY|O_CLOEXEC) = 3
14:15:48.652149 openat(AT_FDCWD, "/home/dikluwe/.local/share/fonts/ZedMono/ZedMonoNerdFontMono-ExtendedLightItalic.ttf", O_RDONLY|O_CLOEXEC) = 3
14:15:48.652837 openat(AT_FDCWD, "/home/dikluwe/.local/share/fonts/ZedMono/ZedMonoNerdFont-ExtendedLightOblique.ttf", O_RDONLY|O_CLOEXEC) = 3
14:15:48.653748 openat(AT_FDCWD, "/home/dikluwe/.local/share/fonts/ZedMono/ZedMonoNerdFontPropo-ExtendedLightOblique.ttf", O_RDONLY|O_CLOEXEC) = 3
14:15:48.654517 openat(AT_FDCWD, "/home/dikluwe/.local/share/fonts/ZedMono/ZedMonoNerdFont-ExtendedLight.ttf", O_RDONLY|O_CLOEXEC) = 3
14:15:48.655212 openat(AT_FDCWD, "/home/dikluwe/.local/share/fonts/ZedMono/ZedMonoNerdFont-ExtendedBoldOblique.ttf", O_RDONLY|O_CLOEXEC) = 3
14:15:48.655918 openat(AT_FDCWD, "/home/dikluwe/.local/share/fonts/ZedMono/ZedMonoNerdFontPropo-ExtendedOblique.ttf", O_RDONLY|O_CLOEXEC) = 3
14:15:48.656619 openat(AT_FDCWD, "/home/dikluwe/.local/share/fonts/ZedMono/ZedMonoNerdFontMono-Italic.ttf", O_RDONLY|O_CLOEXEC) = 3
14:15:48.657309 openat(AT_FDCWD, "/home/dikluwe/.local/share/fonts/ZedMono/ZedMonoNerdFontPropo-Oblique.ttf", O_RDONLY|O_CLOEXEC) = 3
14:15:48.657995 openat(AT_FDCWD, "/home/dikluwe/.local/share/fonts/ZedMono/ZedMonoNerdFont-BoldOblique.ttf", O_RDONLY|O_CLOEXEC) = 3
14:15:48.658728 openat(AT_FDCWD, "/home/dikluwe/.local/share/fonts/ZedMono/ZedMonoNerdFontPropo-Regular.ttf", O_RDONLY|O_CLOEXEC) = 3
14:15:48.659456 openat(AT_FDCWD, "/home/dikluwe/.local/share/fonts/ZedMono/ZedMonoNerdFontMono-Bold.ttf", O_RDONLY|O_CLOEXEC) = 3
14:15:48.660184 openat(AT_FDCWD, "/home/dikluwe/.local/share/fonts/ZedMono/ZedMonoNerdFont-BoldItalic.ttf", O_RDONLY|O_CLOEXEC) = 3
14:15:48.660878 openat(AT_FDCWD, "/home/dikluwe/.local/share/fonts/ZedMono/ZedMonoNerdFont-Regular.ttf", O_RDONLY|O_CLOEXEC) = 3
14:15:48.661557 openat(AT_FDCWD, "/home/dikluwe/.local/share/fonts/ZedMono/ZedMonoNerdFontMono-Light.ttf", O_RDONLY|O_CLOEXEC) = 3
14:15:48.662250 openat(AT_FDCWD, "/home/dikluwe/.local/share/fonts/ZedMono/ZedMonoNerdFont-LightOblique.ttf", O_RDONLY|O_CLOEXEC) = 3
14:15:48.662937 openat(AT_FDCWD, "/home/dikluwe/.local/share/fonts/ZedMono/ZedMonoNerdFont-ExtraBold.ttf", O_RDONLY|O_CLOEXEC) = 3
14:15:48.663819 openat(AT_FDCWD, "/home/dikluwe/.local/share/fonts/ZedMono/ZedMonoNerdFontMono-BoldItalic.ttf", O_RDONLY|O_CLOEXEC) = 3
14:15:48.664607 openat(AT_FDCWD, "/home/dikluwe/.local/share/fonts/ZedMono/ZedMonoNerdFontPropo-LightItalic.ttf", O_RDONLY|O_CLOEXEC) = 3
14:15:48.665304 openat(AT_FDCWD, "/home/dikluwe/.local/share/fonts/ZedMono/ZedMonoNerdFont-Medium.ttf", O_RDONLY|O_CLOEXEC) = 3
14:15:48.665994 openat(AT_FDCWD, "/home/dikluwe/.local/share/fonts/ZedMono/ZedMonoNerdFontPropo-ExtraBold.ttf", O_RDONLY|O_CLOEXEC) = 3
14:15:48.666670 openat(AT_FDCWD, "/home/dikluwe/.local/share/fonts/ZedMono/ZedMonoNerdFont-Oblique.ttf", O_RDONLY|O_CLOEXEC) = 3
14:15:48.667351 openat(AT_FDCWD, "/home/dikluwe/.local/share/fonts/ZedMono/ZedMonoNerdFontPropo-ExtraBoldItalic.ttf", O_RDONLY|O_CLOEXEC) = 3
14:15:48.668030 openat(AT_FDCWD, "/home/dikluwe/.local/share/fonts/ZedMono/ZedMonoNerdFontMono-ExtraBoldItalic.ttf", O_RDONLY|O_CLOEXEC) = 3
14:15:48.668709 openat(AT_FDCWD, "/home/dikluwe/.local/share/fonts/ZedMono/ZedMonoNerdFont-Italic.ttf", O_RDONLY|O_CLOEXEC) = 3
14:15:48.669396 openat(AT_FDCWD, "/home/dikluwe/.local/share/fonts/ZedMono/ZedMonoNerdFontPropo-Italic.ttf", O_RDONLY|O_CLOEXEC) = 3
14:15:48.670079 openat(AT_FDCWD, "/home/dikluwe/.local/share/fonts/ZedMono/ZedMonoNerdFontMono-LightOblique.ttf", O_RDONLY|O_CLOEXEC) = 3
14:15:48.670753 openat(AT_FDCWD, "/home/dikluwe/.local/share/fonts/ZedMono/ZedMonoNerdFont-ExtraBoldItalic.ttf", O_RDONLY|O_CLOEXEC) = 3
14:15:48.671452 openat(AT_FDCWD, "/home/dikluwe/.local/share/fonts/ZedMono/ZedMonoNerdFontMono-MediumItalic.ttf", O_RDONLY|O_CLOEXEC) = 3
14:15:48.672133 openat(AT_FDCWD, "/home/dikluwe/.local/share/fonts/ZedMono/ZedMonoNerdFontPropo-Light.ttf", O_RDONLY|O_CLOEXEC) = 3
14:15:48.672797 openat(AT_FDCWD, "/home/dikluwe/.local/share/fonts/ZedMono/ZedMonoNerdFont-LightItalic.ttf", O_RDONLY|O_CLOEXEC) = 3
14:15:48.673472 openat(AT_FDCWD, "/home/dikluwe/.local/share/fonts/ZedMono/ZedMonoNerdFontPropo-BoldOblique.ttf", O_RDONLY|O_CLOEXEC) = 3
14:15:48.674147 openat(AT_FDCWD, "/home/dikluwe/.local/share/fonts/ZedMono/ZedMonoNerdFont-MediumOblique.ttf", O_RDONLY|O_CLOEXEC) = 3
14:15:48.674813 openat(AT_FDCWD, "/home/dikluwe/.local/share/fonts/ZedMono/ZedMonoNerdFontPropo-Bold.ttf", O_RDONLY|O_CLOEXEC) = 3
14:15:48.675487 openat(AT_FDCWD, "/home/dikluwe/.local/share/fonts/ZedMono/ZedMonoNerdFontMono-Regular.ttf", O_RDONLY|O_CLOEXEC) = 3
14:15:48.676161 openat(AT_FDCWD, "/home/dikluwe/.local/share/fonts/ZedMono/ZedMonoNerdFont-ExtraBoldOblique.ttf", O_RDONLY|O_CLOEXEC) = 3
14:15:48.676837 openat(AT_FDCWD, "/home/dikluwe/.local/share/fonts/ZedMono/ZedMonoNerdFontMono-ExtraBoldOblique.ttf", O_RDONLY|O_CLOEXEC) = 3
14:15:48.677533 openat(AT_FDCWD, "/home/dikluwe/.local/share/fonts/ZedMono/ZedMonoNerdFont-Bold.ttf", O_RDONLY|O_CLOEXEC) = 3
14:15:48.678220 openat(AT_FDCWD, "/home/dikluwe/.local/share/fonts/ZedMono/ZedMonoNerdFontPropo-BoldItalic.ttf", O_RDONLY|O_CLOEXEC) = 3
14:15:48.678906 openat(AT_FDCWD, "/home/dikluwe/.local/share/fonts/ZedMono/ZedMonoNerdFontPropo-Medium.ttf", O_RDONLY|O_CLOEXEC) = 3
14:15:48.679596 openat(AT_FDCWD, "/home/dikluwe/.local/share/fonts/ZedMono/ZedMonoNerdFont-Light.ttf", O_RDONLY|O_CLOEXEC) = 3
14:15:48.680284 openat(AT_FDCWD, "/home/dikluwe/.local/share/fonts/ZedMono/ZedMonoNerdFontPropo-ExtraBoldOblique.ttf", O_RDONLY|O_CLOEXEC) = 3
14:15:48.680970 openat(AT_FDCWD, "/home/dikluwe/.local/share/fonts/ZedMono/ZedMonoNerdFontPropo-MediumItalic.ttf", O_RDONLY|O_CLOEXEC) = 3
14:15:48.681673 openat(AT_FDCWD, "/home/dikluwe/.local/share/fonts/ZedMono/ZedMonoNerdFontMono-ExtraBold.ttf", O_RDONLY|O_CLOEXEC) = 3
14:15:48.682352 openat(AT_FDCWD, "/home/dikluwe/.local/share/fonts/ZedMono/ZedMonoNerdFont-MediumItalic.ttf", O_RDONLY|O_CLOEXEC) = 3
14:15:48.683026 openat(AT_FDCWD, "/home/dikluwe/.local/share/fonts/ZedMono/ZedMonoNerdFontMono-MediumOblique.ttf", O_RDONLY|O_CLOEXEC) = 3
14:15:48.683704 openat(AT_FDCWD, "/home/dikluwe/.local/share/fonts/ZedMono/ZedMonoNerdFontPropo-MediumOblique.ttf", O_RDONLY|O_CLOEXEC) = 3
14:15:48.684392 openat(AT_FDCWD, "/home/dikluwe/.local/share/fonts/ZedMono/ZedMonoNerdFontPropo-LightOblique.ttf", O_RDONLY|O_CLOEXEC) = 3
14:15:48.685084 openat(AT_FDCWD, "/home/dikluwe/.local/share/fonts/ZedMono/ZedMonoNerdFontMono-Oblique.ttf", O_RDONLY|O_CLOEXEC) = 3
14:15:48.685759 openat(AT_FDCWD, "/home/dikluwe/.local/share/fonts/ZedMono/ZedMonoNerdFontMono-Medium.ttf", O_RDONLY|O_CLOEXEC) = 3
14:15:48.686444 openat(AT_FDCWD, "/home/dikluwe/.local/share/fonts/ZedMono/ZedMonoNerdFontMono-BoldOblique.ttf", O_RDONLY|O_CLOEXEC) = 3
14:15:48.687130 openat(AT_FDCWD, "/home/dikluwe/.local/share/fonts/ZedMono/ZedMonoNerdFontMono-LightItalic.ttf", O_RDONLY|O_CLOEXEC) = 3
14:15:48.687803 openat(AT_FDCWD, "/home/dikluwe/.local/share/fonts/Tinos/TinosNerdFont-Italic.ttf", O_RDONLY|O_CLOEXEC) = 3
14:15:48.688555 openat(AT_FDCWD, "/home/dikluwe/.local/share/fonts/Tinos/TinosNerdFontPropo-Italic.ttf", O_RDONLY|O_CLOEXEC) = 3
14:15:48.689324 openat(AT_FDCWD, "/home/dikluwe/.local/share/fonts/Tinos/TinosNerdFontPropo-BoldItalic.ttf", O_RDONLY|O_CLOEXEC) = 3
14:15:48.689895 openat(AT_FDCWD, "/home/dikluwe/.local/share/fonts/Tinos/TinosNerdFont-BoldItalic.ttf", O_RDONLY|O_CLOEXEC) = 3
14:15:48.690461 openat(AT_FDCWD, "/home/dikluwe/.local/share/fonts/Tinos/TinosNerdFontPropo-Regular.ttf", O_RDONLY|O_CLOEXEC) = 3
14:15:48.691020 openat(AT_FDCWD, "/home/dikluwe/.local/share/fonts/Tinos/TinosNerdFont-Regular.ttf", O_RDONLY|O_CLOEXEC) = 3
14:15:48.691584 openat(AT_FDCWD, "/home/dikluwe/.local/share/fonts/Tinos/TinosNerdFont-Bold.ttf", O_RDONLY|O_CLOEXEC) = 3
14:15:48.692156 openat(AT_FDCWD, "/home/dikluwe/.local/share/fonts/Tinos/TinosNerdFontPropo-Bold.ttf", O_RDONLY|O_CLOEXEC) = 3
14:15:48.692943 openat(AT_FDCWD, "/home/dikluwe/.local/share/fonts/Ubuntu/UbuntuNerdFont-LightItalic.ttf", O_RDONLY|O_CLOEXEC) = 3
14:15:48.693515 openat(AT_FDCWD, "/home/dikluwe/.local/share/fonts/Ubuntu/UbuntuNerdFontPropo-LightItalic.ttf", O_RDONLY|O_CLOEXEC) = 3
14:15:48.694020 openat(AT_FDCWD, "/home/dikluwe/.local/share/fonts/Ubuntu/UbuntuNerdFontPropo-MediumItalic.ttf", O_RDONLY|O_CLOEXEC) = 3
14:15:48.694515 openat(AT_FDCWD, "/home/dikluwe/.local/share/fonts/Ubuntu/UbuntuNerdFont-MediumItalic.ttf", O_RDONLY|O_CLOEXEC) = 3
14:15:48.695006 openat(AT_FDCWD, "/home/dikluwe/.local/share/fonts/Ubuntu/UbuntuNerdFontPropo-BoldItalic.ttf", O_RDONLY|O_CLOEXEC) = 3
14:15:48.695502 openat(AT_FDCWD, "/home/dikluwe/.local/share/fonts/Ubuntu/UbuntuNerdFont-BoldItalic.ttf", O_RDONLY|O_CLOEXEC) = 3
14:15:48.695994 openat(AT_FDCWD, "/home/dikluwe/.local/share/fonts/Ubuntu/UbuntuNerdFontPropo-Italic.ttf", O_RDONLY|O_CLOEXEC) = 3
14:15:48.696506 openat(AT_FDCWD, "/home/dikluwe/.local/share/fonts/Ubuntu/UbuntuNerdFont-Italic.ttf", O_RDONLY|O_CLOEXEC) = 3
14:15:48.697033 openat(AT_FDCWD, "/home/dikluwe/.local/share/fonts/Ubuntu/UbuntuNerdFont-Regular.ttf", O_RDONLY|O_CLOEXEC) = 3
14:15:48.697551 openat(AT_FDCWD, "/home/dikluwe/.local/share/fonts/Ubuntu/UbuntuNerdFontPropo-Regular.ttf", O_RDONLY|O_CLOEXEC) = 3
14:15:48.698054 openat(AT_FDCWD, "/home/dikluwe/.local/share/fonts/Ubuntu/UbuntuNerdFontPropo-Condensed.ttf", O_RDONLY|O_CLOEXEC) = 3
14:15:48.698533 openat(AT_FDCWD, "/home/dikluwe/.local/share/fonts/Ubuntu/UbuntuNerdFont-Condensed.ttf", O_RDONLY|O_CLOEXEC) = 3
14:15:48.699024 openat(AT_FDCWD, "/home/dikluwe/.local/share/fonts/Ubuntu/UbuntuNerdFont-Medium.ttf", O_RDONLY|O_CLOEXEC) = 3
14:15:48.699510 openat(AT_FDCWD, "/home/dikluwe/.local/share/fonts/Ubuntu/UbuntuNerdFontPropo-Medium.ttf", O_RDONLY|O_CLOEXEC) = 3
14:15:48.700030 openat(AT_FDCWD, "/home/dikluwe/.local/share/fonts/Ubuntu/UbuntuNerdFontPropo-Bold.ttf", O_RDONLY|O_CLOEXEC) = 3
14:15:48.700520 openat(AT_FDCWD, "/home/dikluwe/.local/share/fonts/Ubuntu/UbuntuNerdFont-Bold.ttf", O_RDONLY|O_CLOEXEC) = 3
14:15:48.701055 openat(AT_FDCWD, "/home/dikluwe/.local/share/fonts/Ubuntu/UbuntuNerdFont-Light.ttf", O_RDONLY|O_CLOEXEC) = 3
14:15:48.701596 openat(AT_FDCWD, "/home/dikluwe/.local/share/fonts/Ubuntu/UbuntuNerdFontPropo-Light.ttf", O_RDONLY|O_CLOEXEC) = 3
14:15:48.702125 openat(AT_FDCWD, "/home/dikluwe/.local/share/fonts/DejaVuSansMono/DejaVuSansMNerdFontPropo-Oblique.ttf", O_RDONLY|O_CLOEXEC) = 3
14:15:48.702716 openat(AT_FDCWD, "/home/dikluwe/.local/share/fonts/DejaVuSansMono/DejaVuSansMNerdFont-Oblique.ttf", O_RDONLY|O_CLOEXEC) = 3
14:15:48.703294 openat(AT_FDCWD, "/home/dikluwe/.local/share/fonts/DejaVuSansMono/DejaVuSansMNerdFontMono-Oblique.ttf", O_RDONLY|O_CLOEXEC) = 3
14:15:48.703873 openat(AT_FDCWD, "/home/dikluwe/.local/share/fonts/DejaVuSansMono/DejaVuSansMNerdFontPropo-BoldOblique.ttf", O_RDONLY|O_CLOEXEC) = 3
14:15:48.704455 openat(AT_FDCWD, "/home/dikluwe/.local/share/fonts/DejaVuSansMono/DejaVuSansMNerdFontMono-BoldOblique.ttf", O_RDONLY|O_CLOEXEC) = 3
14:15:48.705154 openat(AT_FDCWD, "/home/dikluwe/.local/share/fonts/DejaVuSansMono/DejaVuSansMNerdFont-BoldOblique.ttf", O_RDONLY|O_CLOEXEC) = 3
14:15:48.705982 openat(AT_FDCWD, "/home/dikluwe/.local/share/fonts/DejaVuSansMono/DejaVuSansMNerdFontPropo-Regular.ttf", O_RDONLY|O_CLOEXEC) = 3
14:15:48.706656 openat(AT_FDCWD, "/home/dikluwe/.local/share/fonts/DejaVuSansMono/DejaVuSansMNerdFont-Regular.ttf", O_RDONLY|O_CLOEXEC) = 3
14:15:48.707260 openat(AT_FDCWD, "/home/dikluwe/.local/share/fonts/DejaVuSansMono/DejaVuSansMNerdFontMono-Regular.ttf", O_RDONLY|O_CLOEXEC) = 3
14:15:48.707842 openat(AT_FDCWD, "/home/dikluwe/.local/share/fonts/DejaVuSansMono/DejaVuSansMNerdFont-Bold.ttf", O_RDONLY|O_CLOEXEC) = 3
14:15:48.708439 openat(AT_FDCWD, "/home/dikluwe/.local/share/fonts/DejaVuSansMono/DejaVuSansMNerdFontPropo-Bold.ttf", O_RDONLY|O_CLOEXEC) = 3
14:15:48.709110 openat(AT_FDCWD, "/home/dikluwe/.local/share/fonts/DejaVuSansMono/DejaVuSansMNerdFontMono-Bold.ttf", O_RDONLY|O_CLOEXEC) = 3
14:15:48.709730 openat(AT_FDCWD, "/usr/share/texmf/fonts/opentype/public/lm/lmmono10-italic.otf", O_RDONLY|O_CLOEXEC) = 3
14:15:48.709886 openat(AT_FDCWD, "/usr/share/texmf/fonts/opentype/public/lm/lmmono10-regular.otf", O_RDONLY|O_CLOEXEC) = 3
14:15:48.710040 openat(AT_FDCWD, "/usr/share/texmf/fonts/opentype/public/lm/lmmono12-regular.otf", O_RDONLY|O_CLOEXEC) = 3
14:15:48.710176 openat(AT_FDCWD, "/usr/share/texmf/fonts/opentype/public/lm/lmmono8-regular.otf", O_RDONLY|O_CLOEXEC) = 3
14:15:48.710312 openat(AT_FDCWD, "/usr/share/texmf/fonts/opentype/public/lm/lmmono9-regular.otf", O_RDONLY|O_CLOEXEC) = 3
14:15:48.710451 openat(AT_FDCWD, "/usr/share/texmf/fonts/opentype/public/lm/lmmonocaps10-oblique.otf", O_RDONLY|O_CLOEXEC) = 3
14:15:48.710590 openat(AT_FDCWD, "/usr/share/texmf/fonts/opentype/public/lm/lmmonocaps10-regular.otf", O_RDONLY|O_CLOEXEC) = 3
14:15:48.710725 openat(AT_FDCWD, "/usr/share/texmf/fonts/opentype/public/lm/lmmonolt10-bold.otf", O_RDONLY|O_CLOEXEC) = 3
14:15:48.710861 openat(AT_FDCWD, "/usr/share/texmf/fonts/opentype/public/lm/lmmonolt10-boldoblique.otf", O_RDONLY|O_CLOEXEC) = 3
14:15:48.711002 openat(AT_FDCWD, "/usr/share/texmf/fonts/opentype/public/lm/lmmonolt10-oblique.otf", O_RDONLY|O_CLOEXEC) = 3
14:15:48.711140 openat(AT_FDCWD, "/usr/share/texmf/fonts/opentype/public/lm/lmmonolt10-regular.otf", O_RDONLY|O_CLOEXEC) = 3
14:15:48.711275 openat(AT_FDCWD, "/usr/share/texmf/fonts/opentype/public/lm/lmmonoltcond10-oblique.otf", O_RDONLY|O_CLOEXEC) = 3
14:15:48.711416 openat(AT_FDCWD, "/usr/share/texmf/fonts/opentype/public/lm/lmmonoltcond10-regular.otf", O_RDONLY|O_CLOEXEC) = 3
14:15:48.711550 openat(AT_FDCWD, "/usr/share/texmf/fonts/opentype/public/lm/lmmonoprop10-oblique.otf", O_RDONLY|O_CLOEXEC) = 3
14:15:48.711690 openat(AT_FDCWD, "/usr/share/texmf/fonts/opentype/public/lm/lmmonoprop10-regular.otf", O_RDONLY|O_CLOEXEC) = 3
14:15:48.711845 openat(AT_FDCWD, "/usr/share/texmf/fonts/opentype/public/lm/lmmonoproplt10-bold.otf", O_RDONLY|O_CLOEXEC) = 3
14:15:48.711989 openat(AT_FDCWD, "/usr/share/texmf/fonts/opentype/public/lm/lmmonoproplt10-boldoblique.otf", O_RDONLY|O_CLOEXEC) = 3
14:15:48.712130 openat(AT_FDCWD, "/usr/share/texmf/fonts/opentype/public/lm/lmmonoproplt10-oblique.otf", O_RDONLY|O_CLOEXEC) = 3
14:15:48.712267 openat(AT_FDCWD, "/usr/share/texmf/fonts/opentype/public/lm/lmmonoproplt10-regular.otf", O_RDONLY|O_CLOEXEC) = 3
14:15:48.712415 openat(AT_FDCWD, "/usr/share/texmf/fonts/opentype/public/lm/lmmonoslant10-regular.otf", O_RDONLY|O_CLOEXEC) = 3
14:15:48.712584 openat(AT_FDCWD, "/usr/share/texmf/fonts/opentype/public/lm/lmroman10-bold.otf", O_RDONLY|O_CLOEXEC) = 3
14:15:48.712761 openat(AT_FDCWD, "/usr/share/texmf/fonts/opentype/public/lm/lmroman10-bolditalic.otf", O_RDONLY|O_CLOEXEC) = 3
14:15:48.712910 openat(AT_FDCWD, "/usr/share/texmf/fonts/opentype/public/lm/lmroman10-italic.otf", O_RDONLY|O_CLOEXEC) = 3
14:15:48.713054 openat(AT_FDCWD, "/usr/share/texmf/fonts/opentype/public/lm/lmroman10-regular.otf", O_RDONLY|O_CLOEXEC) = 3
14:15:48.713192 openat(AT_FDCWD, "/usr/share/texmf/fonts/opentype/public/lm/lmroman12-bold.otf", O_RDONLY|O_CLOEXEC) = 3
14:15:48.713331 openat(AT_FDCWD, "/usr/share/texmf/fonts/opentype/public/lm/lmroman12-italic.otf", O_RDONLY|O_CLOEXEC) = 3
14:15:48.713469 openat(AT_FDCWD, "/usr/share/texmf/fonts/opentype/public/lm/lmroman12-regular.otf", O_RDONLY|O_CLOEXEC) = 3
14:15:48.713617 openat(AT_FDCWD, "/usr/share/texmf/fonts/opentype/public/lm/lmroman17-regular.otf", O_RDONLY|O_CLOEXEC) = 3
14:15:48.713754 openat(AT_FDCWD, "/usr/share/texmf/fonts/opentype/public/lm/lmroman5-bold.otf", O_RDONLY|O_CLOEXEC) = 3
14:15:48.713892 openat(AT_FDCWD, "/usr/share/texmf/fonts/opentype/public/lm/lmroman5-regular.otf", O_RDONLY|O_CLOEXEC) = 3
14:15:48.714065 openat(AT_FDCWD, "/usr/share/texmf/fonts/opentype/public/lm/lmroman6-bold.otf", O_RDONLY|O_CLOEXEC) = 3
14:15:48.714203 openat(AT_FDCWD, "/usr/share/texmf/fonts/opentype/public/lm/lmroman6-regular.otf", O_RDONLY|O_CLOEXEC) = 3
14:15:48.714340 openat(AT_FDCWD, "/usr/share/texmf/fonts/opentype/public/lm/lmroman7-bold.otf", O_RDONLY|O_CLOEXEC) = 3
14:15:48.714479 openat(AT_FDCWD, "/usr/share/texmf/fonts/opentype/public/lm/lmroman7-italic.otf", O_RDONLY|O_CLOEXEC) = 3
14:15:48.714615 openat(AT_FDCWD, "/usr/share/texmf/fonts/opentype/public/lm/lmroman7-regular.otf", O_RDONLY|O_CLOEXEC) = 3
14:15:48.714752 openat(AT_FDCWD, "/usr/share/texmf/fonts/opentype/public/lm/lmroman8-bold.otf", O_RDONLY|O_CLOEXEC) = 3
14:15:48.714888 openat(AT_FDCWD, "/usr/share/texmf/fonts/opentype/public/lm/lmroman8-italic.otf", O_RDONLY|O_CLOEXEC) = 3
14:15:48.715035 openat(AT_FDCWD, "/usr/share/texmf/fonts/opentype/public/lm/lmroman8-regular.otf", O_RDONLY|O_CLOEXEC) = 3
14:15:48.715173 openat(AT_FDCWD, "/usr/share/texmf/fonts/opentype/public/lm/lmroman9-bold.otf", O_RDONLY|O_CLOEXEC) = 3
14:15:48.715312 openat(AT_FDCWD, "/usr/share/texmf/fonts/opentype/public/lm/lmroman9-italic.otf", O_RDONLY|O_CLOEXEC) = 3
14:15:48.715454 openat(AT_FDCWD, "/usr/share/texmf/fonts/opentype/public/lm/lmroman9-regular.otf", O_RDONLY|O_CLOEXEC) = 3
14:15:48.715592 openat(AT_FDCWD, "/usr/share/texmf/fonts/opentype/public/lm/lmromancaps10-oblique.otf", O_RDONLY|O_CLOEXEC) = 3
14:15:48.715731 openat(AT_FDCWD, "/usr/share/texmf/fonts/opentype/public/lm/lmromancaps10-regular.otf", O_RDONLY|O_CLOEXEC) = 3
14:15:48.715868 openat(AT_FDCWD, "/usr/share/texmf/fonts/opentype/public/lm/lmromandemi10-oblique.otf", O_RDONLY|O_CLOEXEC) = 3
14:15:48.716015 openat(AT_FDCWD, "/usr/share/texmf/fonts/opentype/public/lm/lmromandemi10-regular.otf", O_RDONLY|O_CLOEXEC) = 3
14:15:48.716154 openat(AT_FDCWD, "/usr/share/texmf/fonts/opentype/public/lm/lmromandunh10-oblique.otf", O_RDONLY|O_CLOEXEC) = 3
14:15:48.716291 openat(AT_FDCWD, "/usr/share/texmf/fonts/opentype/public/lm/lmromandunh10-regular.otf", O_RDONLY|O_CLOEXEC) = 3
14:15:48.716438 openat(AT_FDCWD, "/usr/share/texmf/fonts/opentype/public/lm/lmromanslant10-bold.otf", O_RDONLY|O_CLOEXEC) = 3
14:15:48.716616 openat(AT_FDCWD, "/usr/share/texmf/fonts/opentype/public/lm/lmromanslant10-regular.otf", O_RDONLY|O_CLOEXEC) = 3
14:15:48.716776 openat(AT_FDCWD, "/usr/share/texmf/fonts/opentype/public/lm/lmromanslant12-regular.otf", O_RDONLY|O_CLOEXEC) = 3
14:15:48.716958 openat(AT_FDCWD, "/usr/share/texmf/fonts/opentype/public/lm/lmromanslant17-regular.otf", O_RDONLY|O_CLOEXEC) = 3
14:15:48.717123 openat(AT_FDCWD, "/usr/share/texmf/fonts/opentype/public/lm/lmromanslant8-regular.otf", O_RDONLY|O_CLOEXEC) = 3
14:15:48.717287 openat(AT_FDCWD, "/usr/share/texmf/fonts/opentype/public/lm/lmromanslant9-regular.otf", O_RDONLY|O_CLOEXEC) = 3
14:15:48.717461 openat(AT_FDCWD, "/usr/share/texmf/fonts/opentype/public/lm/lmromanunsl10-regular.otf", O_RDONLY|O_CLOEXEC) = 3
14:15:48.717609 openat(AT_FDCWD, "/usr/share/texmf/fonts/opentype/public/lm/lmsans10-bold.otf", O_RDONLY|O_CLOEXEC) = 3
14:15:48.717747 openat(AT_FDCWD, "/usr/share/texmf/fonts/opentype/public/lm/lmsans10-boldoblique.otf", O_RDONLY|O_CLOEXEC) = 3
14:15:48.717887 openat(AT_FDCWD, "/usr/share/texmf/fonts/opentype/public/lm/lmsans10-oblique.otf", O_RDONLY|O_CLOEXEC) = 3
14:15:48.718038 openat(AT_FDCWD, "/usr/share/texmf/fonts/opentype/public/lm/lmsans10-regular.otf", O_RDONLY|O_CLOEXEC) = 3
14:15:48.718175 openat(AT_FDCWD, "/usr/share/texmf/fonts/opentype/public/lm/lmsans12-oblique.otf", O_RDONLY|O_CLOEXEC) = 3
14:15:48.718313 openat(AT_FDCWD, "/usr/share/texmf/fonts/opentype/public/lm/lmsans12-regular.otf", O_RDONLY|O_CLOEXEC) = 3
14:15:48.718448 openat(AT_FDCWD, "/usr/share/texmf/fonts/opentype/public/lm/lmsans17-oblique.otf", O_RDONLY|O_CLOEXEC) = 3
14:15:48.718588 openat(AT_FDCWD, "/usr/share/texmf/fonts/opentype/public/lm/lmsans17-regular.otf", O_RDONLY|O_CLOEXEC) = 3
14:15:48.718724 openat(AT_FDCWD, "/usr/share/texmf/fonts/opentype/public/lm/lmsans8-oblique.otf", O_RDONLY|O_CLOEXEC) = 3
14:15:48.718859 openat(AT_FDCWD, "/usr/share/texmf/fonts/opentype/public/lm/lmsans8-regular.otf", O_RDONLY|O_CLOEXEC) = 3
14:15:48.719009 openat(AT_FDCWD, "/usr/share/texmf/fonts/opentype/public/lm/lmsans9-oblique.otf", O_RDONLY|O_CLOEXEC) = 3
14:15:48.719145 openat(AT_FDCWD, "/usr/share/texmf/fonts/opentype/public/lm/lmsans9-regular.otf", O_RDONLY|O_CLOEXEC) = 3
14:15:48.719281 openat(AT_FDCWD, "/usr/share/texmf/fonts/opentype/public/lm/lmsansdemicond10-oblique.otf", O_RDONLY|O_CLOEXEC) = 3
14:15:48.719430 openat(AT_FDCWD, "/usr/share/texmf/fonts/opentype/public/lm/lmsansdemicond10-regular.otf", O_RDONLY|O_CLOEXEC) = 3
14:15:48.719573 openat(AT_FDCWD, "/usr/share/texmf/fonts/opentype/public/lm/lmsansquot8-bold.otf", O_RDONLY|O_CLOEXEC) = 3
14:15:48.719712 openat(AT_FDCWD, "/usr/share/texmf/fonts/opentype/public/lm/lmsansquot8-boldoblique.otf", O_RDONLY|O_CLOEXEC) = 3
14:15:48.719851 openat(AT_FDCWD, "/usr/share/texmf/fonts/opentype/public/lm/lmsansquot8-oblique.otf", O_RDONLY|O_CLOEXEC) = 3
14:15:48.719997 openat(AT_FDCWD, "/usr/share/texmf/fonts/opentype/public/lm/lmsansquot8-regular.otf", O_RDONLY|O_CLOEXEC) = 3
14:15:48.720138 openat(AT_FDCWD, "/usr/share/texmf/fonts/opentype/public/lm-math/latinmodern-math.otf", O_RDONLY|O_CLOEXEC) = 3
14:15:48.720338 openat(AT_FDCWD, "/usr/share/texmf/fonts/opentype/public/tex-gyre-math/texgyrebonum-math.otf", O_RDONLY|O_CLOEXEC) = 3
14:15:48.720556 openat(AT_FDCWD, "/usr/share/texmf/fonts/opentype/public/tex-gyre-math/texgyredejavu-math.otf", O_RDONLY|O_CLOEXEC) = 3
14:15:48.720768 openat(AT_FDCWD, "/usr/share/texmf/fonts/opentype/public/tex-gyre-math/texgyrepagella-math.otf", O_RDONLY|O_CLOEXEC) = 3
14:15:48.720967 openat(AT_FDCWD, "/usr/share/texmf/fonts/opentype/public/tex-gyre-math/texgyreschola-math.otf", O_RDONLY|O_CLOEXEC) = 3
14:15:48.721162 openat(AT_FDCWD, "/usr/share/texmf/fonts/opentype/public/tex-gyre-math/texgyretermes-math.otf", O_RDONLY|O_CLOEXEC) = 3
14:15:48.721360 openat(AT_FDCWD, "/usr/share/texmf/fonts/opentype/public/tex-gyre/texgyreadventor-bold.otf", O_RDONLY|O_CLOEXEC) = 3
14:15:48.721513 openat(AT_FDCWD, "/usr/share/texmf/fonts/opentype/public/tex-gyre/texgyreadventor-bolditalic.otf", O_RDONLY|O_CLOEXEC) = 3
14:15:48.721681 openat(AT_FDCWD, "/usr/share/texmf/fonts/opentype/public/tex-gyre/texgyreadventor-italic.otf", O_RDONLY|O_CLOEXEC) = 3
14:15:48.721829 openat(AT_FDCWD, "/usr/share/texmf/fonts/opentype/public/tex-gyre/texgyreadventor-regular.otf", O_RDONLY|O_CLOEXEC) = 3
14:15:48.721992 openat(AT_FDCWD, "/usr/share/texmf/fonts/opentype/public/tex-gyre/texgyrebonum-bold.otf", O_RDONLY|O_CLOEXEC) = 3
14:15:48.722144 openat(AT_FDCWD, "/usr/share/texmf/fonts/opentype/public/tex-gyre/texgyrebonum-bolditalic.otf", O_RDONLY|O_CLOEXEC) = 3
14:15:48.722289 openat(AT_FDCWD, "/usr/share/texmf/fonts/opentype/public/tex-gyre/texgyrebonum-italic.otf", O_RDONLY|O_CLOEXEC) = 3
14:15:48.722431 openat(AT_FDCWD, "/usr/share/texmf/fonts/opentype/public/tex-gyre/texgyrebonum-regular.otf", O_RDONLY|O_CLOEXEC) = 3
14:15:48.722573 openat(AT_FDCWD, "/usr/share/texmf/fonts/opentype/public/tex-gyre/texgyrechorus-mediumitalic.otf", O_RDONLY|O_CLOEXEC) = 3
14:15:48.722713 openat(AT_FDCWD, "/usr/share/texmf/fonts/opentype/public/tex-gyre/texgyrecursor-bold.otf", O_RDONLY|O_CLOEXEC) = 3
14:15:48.722860 openat(AT_FDCWD, "/usr/share/texmf/fonts/opentype/public/tex-gyre/texgyrecursor-bolditalic.otf", O_RDONLY|O_CLOEXEC) = 3
14:15:48.723012 openat(AT_FDCWD, "/usr/share/texmf/fonts/opentype/public/tex-gyre/texgyrecursor-italic.otf", O_RDONLY|O_CLOEXEC) = 3
14:15:48.723162 openat(AT_FDCWD, "/usr/share/texmf/fonts/opentype/public/tex-gyre/texgyrecursor-regular.otf", O_RDONLY|O_CLOEXEC) = 3
14:15:48.723325 openat(AT_FDCWD, "/usr/share/texmf/fonts/opentype/public/tex-gyre/texgyreheros-bold.otf", O_RDONLY|O_CLOEXEC) = 3
14:15:48.723469 openat(AT_FDCWD, "/usr/share/texmf/fonts/opentype/public/tex-gyre/texgyreheros-bolditalic.otf", O_RDONLY|O_CLOEXEC) = 3
14:15:48.723615 openat(AT_FDCWD, "/usr/share/texmf/fonts/opentype/public/tex-gyre/texgyreheros-italic.otf", O_RDONLY|O_CLOEXEC) = 3
14:15:48.723760 openat(AT_FDCWD, "/usr/share/texmf/fonts/opentype/public/tex-gyre/texgyreheros-regular.otf", O_RDONLY|O_CLOEXEC) = 3
14:15:48.723909 openat(AT_FDCWD, "/usr/share/texmf/fonts/opentype/public/tex-gyre/texgyreheroscn-bold.otf", O_RDONLY|O_CLOEXEC) = 3
14:15:48.724056 openat(AT_FDCWD, "/usr/share/texmf/fonts/opentype/public/tex-gyre/texgyreheroscn-bolditalic.otf", O_RDONLY|O_CLOEXEC) = 3
14:15:48.724200 openat(AT_FDCWD, "/usr/share/texmf/fonts/opentype/public/tex-gyre/texgyreheroscn-italic.otf", O_RDONLY|O_CLOEXEC) = 3
14:15:48.724344 openat(AT_FDCWD, "/usr/share/texmf/fonts/opentype/public/tex-gyre/texgyreheroscn-regular.otf", O_RDONLY|O_CLOEXEC) = 3
14:15:48.724489 openat(AT_FDCWD, "/usr/share/texmf/fonts/opentype/public/tex-gyre/texgyrepagella-bold.otf", O_RDONLY|O_CLOEXEC) = 3
14:15:48.724641 openat(AT_FDCWD, "/usr/share/texmf/fonts/opentype/public/tex-gyre/texgyrepagella-bolditalic.otf", O_RDONLY|O_CLOEXEC) = 3
14:15:48.724802 openat(AT_FDCWD, "/usr/share/texmf/fonts/opentype/public/tex-gyre/texgyrepagella-italic.otf", O_RDONLY|O_CLOEXEC) = 3
14:15:48.724955 openat(AT_FDCWD, "/usr/share/texmf/fonts/opentype/public/tex-gyre/texgyrepagella-regular.otf", O_RDONLY|O_CLOEXEC) = 3
14:15:48.725112 openat(AT_FDCWD, "/usr/share/texmf/fonts/opentype/public/tex-gyre/texgyreschola-bold.otf", O_RDONLY|O_CLOEXEC) = 3
14:15:48.725260 openat(AT_FDCWD, "/usr/share/texmf/fonts/opentype/public/tex-gyre/texgyreschola-bolditalic.otf", O_RDONLY|O_CLOEXEC) = 3
14:15:48.725406 openat(AT_FDCWD, "/usr/share/texmf/fonts/opentype/public/tex-gyre/texgyreschola-italic.otf", O_RDONLY|O_CLOEXEC) = 3
14:15:48.725549 openat(AT_FDCWD, "/usr/share/texmf/fonts/opentype/public/tex-gyre/texgyreschola-regular.otf", O_RDONLY|O_CLOEXEC) = 3
14:15:48.725694 openat(AT_FDCWD, "/usr/share/texmf/fonts/opentype/public/tex-gyre/texgyretermes-bold.otf", O_RDONLY|O_CLOEXEC) = 3
14:15:48.725836 openat(AT_FDCWD, "/usr/share/texmf/fonts/opentype/public/tex-gyre/texgyretermes-bolditalic.otf", O_RDONLY|O_CLOEXEC) = 3
14:15:48.725995 openat(AT_FDCWD, "/usr/share/texmf/fonts/opentype/public/tex-gyre/texgyretermes-italic.otf", O_RDONLY|O_CLOEXEC) = 3
14:15:48.726158 openat(AT_FDCWD, "/usr/share/texmf/fonts/opentype/public/tex-gyre/texgyretermes-regular.otf", O_RDONLY|O_CLOEXEC) = 3
14:15:49.787996 openat(AT_FDCWD, "/dev/null", O_WRONLY|O_CREAT|O_TRUNC|O_CLOEXEC, 0666) = 3
14:15:49.905022 +++ exited with 0 +++
