14:15:41.258660 openat(AT_FDCWD, "/etc/ld.so.cache", O_RDONLY|O_CLOEXEC) = 3
14:15:41.258889 openat(AT_FDCWD, "/lib/x86_64-linux-gnu/libgcc_s.so.1", O_RDONLY|O_CLOEXEC) = 3
14:15:41.259154 openat(AT_FDCWD, "/lib/x86_64-linux-gnu/libm.so.6", O_RDONLY|O_CLOEXEC) = 3
14:15:41.259396 openat(AT_FDCWD, "/lib/x86_64-linux-gnu/libc.so.6", O_RDONLY|O_CLOEXEC) = 3
14:15:41.260792 openat(AT_FDCWD, "/proc/self/maps", O_RDONLY|O_CLOEXEC) = 3
14:15:41.261552 openat(AT_FDCWD, "/home/dikluwe/Documentos/Antigravity/typst-crystalline/tools/perf/corpus/p923/01-hello.typ", O_RDONLY|O_CLOEXEC) = 3
14:15:41.270378 openat(AT_FDCWD, "/etc/fonts/fonts.conf", O_RDONLY|O_CLOEXEC) = 3
14:15:41.270651 openat(AT_FDCWD, "/etc/fonts/conf.d", O_RDONLY|O_NONBLOCK|O_CLOEXEC|O_DIRECTORY) = 3
14:15:41.271055 openat(AT_FDCWD, "/etc/fonts/conf.d/10-hinting-slight.conf", O_RDONLY|O_CLOEXEC) = 3
14:15:41.271375 openat(AT_FDCWD, "/etc/fonts/conf.d/10-scale-bitmap-fonts.conf", O_RDONLY|O_CLOEXEC) = 3
14:15:41.271695 openat(AT_FDCWD, "/etc/fonts/conf.d/10-sub-pixel-rgb.conf", O_RDONLY|O_CLOEXEC) = 3
14:15:41.272002 openat(AT_FDCWD, "/etc/fonts/conf.d/10-yes-antialias.conf", O_RDONLY|O_CLOEXEC) = 3
14:15:41.272298 openat(AT_FDCWD, "/etc/fonts/conf.d/11-lcdfilter-default.conf", O_RDONLY|O_CLOEXEC) = 3
14:15:41.272540 openat(AT_FDCWD, "/etc/fonts/conf.d/20-unhint-small-dejavu-lgc-sans-mono.conf", O_RDONLY|O_CLOEXEC) = 3
14:15:41.272784 openat(AT_FDCWD, "/etc/fonts/conf.d/20-unhint-small-dejavu-lgc-sans.conf", O_RDONLY|O_CLOEXEC) = 3
14:15:41.273046 openat(AT_FDCWD, "/etc/fonts/conf.d/20-unhint-small-dejavu-lgc-serif.conf", O_RDONLY|O_CLOEXEC) = 3
14:15:41.273297 openat(AT_FDCWD, "/etc/fonts/conf.d/20-unhint-small-dejavu-sans-mono.conf", O_RDONLY|O_CLOEXEC) = 3
14:15:41.273543 openat(AT_FDCWD, "/etc/fonts/conf.d/20-unhint-small-dejavu-sans.conf", O_RDONLY|O_CLOEXEC) = 3
14:15:41.273786 openat(AT_FDCWD, "/etc/fonts/conf.d/20-unhint-small-dejavu-serif.conf", O_RDONLY|O_CLOEXEC) = 3
14:15:41.274160 openat(AT_FDCWD, "/etc/fonts/conf.d/20-unhint-small-vera.conf", O_RDONLY|O_CLOEXEC) = 3
14:15:41.274507 openat(AT_FDCWD, "/etc/fonts/conf.d/30-metric-aliases.conf", O_RDONLY|O_CLOEXEC) = 3
14:15:41.274932 openat(AT_FDCWD, "/etc/fonts/conf.d/30-opensymbol.conf", O_RDONLY|O_CLOEXEC) = 3
14:15:41.275256 openat(AT_FDCWD, "/etc/fonts/conf.d/40-nonlatin.conf", O_RDONLY|O_CLOEXEC) = 3
14:15:41.275600 openat(AT_FDCWD, "/etc/fonts/conf.d/45-generic.conf", O_RDONLY|O_CLOEXEC) = 3
14:15:41.275950 openat(AT_FDCWD, "/etc/fonts/conf.d/45-latin.conf", O_RDONLY|O_CLOEXEC) = 3
14:15:41.276349 openat(AT_FDCWD, "/etc/fonts/conf.d/48-spacing.conf", O_RDONLY|O_CLOEXEC) = 3
14:15:41.276669 openat(AT_FDCWD, "/etc/fonts/conf.d/49-sansserif.conf", O_RDONLY|O_CLOEXEC) = 3
14:15:41.276989 openat(AT_FDCWD, "/etc/fonts/conf.d/50-user.conf", O_RDONLY|O_CLOEXEC) = 3
14:15:41.277392 openat(AT_FDCWD, "/etc/fonts/conf.d/51-local.conf", O_RDONLY|O_CLOEXEC) = 3
14:15:41.277681 openat(AT_FDCWD, "/etc/fonts/conf.d/57-dejavu-sans-mono.conf", O_RDONLY|O_CLOEXEC) = 3
14:15:41.277957 openat(AT_FDCWD, "/etc/fonts/conf.d/57-dejavu-sans.conf", O_RDONLY|O_CLOEXEC) = 3
14:15:41.278226 openat(AT_FDCWD, "/etc/fonts/conf.d/57-dejavu-serif.conf", O_RDONLY|O_CLOEXEC) = 3
14:15:41.278493 openat(AT_FDCWD, "/etc/fonts/conf.d/58-dejavu-lgc-sans-mono.conf", O_RDONLY|O_CLOEXEC) = 3
14:15:41.278773 openat(AT_FDCWD, "/etc/fonts/conf.d/58-dejavu-lgc-sans.conf", O_RDONLY|O_CLOEXEC) = 3
14:15:41.279064 openat(AT_FDCWD, "/etc/fonts/conf.d/58-dejavu-lgc-serif.conf", O_RDONLY|O_CLOEXEC) = 3
14:15:41.279397 openat(AT_FDCWD, "/etc/fonts/conf.d/60-generic.conf", O_RDONLY|O_CLOEXEC) = 3
14:15:41.279721 openat(AT_FDCWD, "/etc/fonts/conf.d/60-latin.conf", O_RDONLY|O_CLOEXEC) = 3
14:15:41.280062 openat(AT_FDCWD, "/etc/fonts/conf.d/61-urw-bookman.conf", O_RDONLY|O_CLOEXEC) = 3
14:15:41.280388 openat(AT_FDCWD, "/etc/fonts/conf.d/61-urw-c059.conf", O_RDONLY|O_CLOEXEC) = 3
14:15:41.280714 openat(AT_FDCWD, "/etc/fonts/conf.d/61-urw-d050000l.conf", O_RDONLY|O_CLOEXEC) = 3
14:15:41.281036 openat(AT_FDCWD, "/etc/fonts/conf.d/61-urw-fallback-backwards.conf", O_RDONLY|O_CLOEXEC) = 3
14:15:41.281401 openat(AT_FDCWD, "/etc/fonts/conf.d/61-urw-fallback-generics.conf", O_RDONLY|O_CLOEXEC) = 3
14:15:41.281728 openat(AT_FDCWD, "/etc/fonts/conf.d/61-urw-gothic.conf", O_RDONLY|O_CLOEXEC) = 3
14:15:41.282109 openat(AT_FDCWD, "/etc/fonts/conf.d/61-urw-nimbus-mono-ps.conf", O_RDONLY|O_CLOEXEC) = 3
14:15:41.282477 openat(AT_FDCWD, "/etc/fonts/conf.d/61-urw-nimbus-roman.conf", O_RDONLY|O_CLOEXEC) = 3
14:15:41.282835 openat(AT_FDCWD, "/etc/fonts/conf.d/61-urw-nimbus-sans.conf", O_RDONLY|O_CLOEXEC) = 3
14:15:41.283201 openat(AT_FDCWD, "/etc/fonts/conf.d/61-urw-p052.conf", O_RDONLY|O_CLOEXEC) = 3
14:15:41.283501 openat(AT_FDCWD, "/etc/fonts/conf.d/61-urw-standard-symbols-ps.conf", O_RDONLY|O_CLOEXEC) = 3
14:15:41.283798 openat(AT_FDCWD, "/etc/fonts/conf.d/61-urw-z003.conf", O_RDONLY|O_CLOEXEC) = 3
14:15:41.284064 openat(AT_FDCWD, "/etc/fonts/conf.d/65-droid-sans-fallback.conf", O_RDONLY|O_CLOEXEC) = 3
14:15:41.284789 openat(AT_FDCWD, "/etc/fonts/conf.d/65-fonts-lmodern.conf", O_RDONLY|O_CLOEXEC) = 3
14:15:41.285121 openat(AT_FDCWD, "/etc/fonts/conf.d/65-fonts-persian.conf", O_RDONLY|O_CLOEXEC) = 3
14:15:41.285429 openat(AT_FDCWD, "/etc/fonts/conf.d/65-fonts-texgyre-math.conf", O_RDONLY|O_CLOEXEC) = 3
14:15:41.285663 openat(AT_FDCWD, "/etc/fonts/conf.d/65-fonts-texgyre.conf", O_RDONLY|O_CLOEXEC) = 3
14:15:41.285972 openat(AT_FDCWD, "/etc/fonts/conf.d/65-nonlatin.conf", O_RDONLY|O_CLOEXEC) = 3
14:15:41.286328 openat(AT_FDCWD, "/etc/fonts/conf.d/69-unifont.conf", O_RDONLY|O_CLOEXEC) = 3
14:15:41.286621 openat(AT_FDCWD, "/etc/fonts/conf.d/70-fonts-noto-cjk.conf", O_RDONLY|O_CLOEXEC) = 3
14:15:41.287037 openat(AT_FDCWD, "/etc/fonts/conf.d/70-no-bitmaps-except-emoji.conf", O_RDONLY|O_CLOEXEC) = 3
14:15:41.287355 openat(AT_FDCWD, "/etc/fonts/conf.d/71-ubuntulegacy.conf", O_RDONLY|O_CLOEXEC) = 3
14:15:41.287653 openat(AT_FDCWD, "/etc/fonts/conf.d/80-delicious.conf", O_RDONLY|O_CLOEXEC) = 3
14:15:41.287959 openat(AT_FDCWD, "/etc/fonts/conf.d/90-synthetic.conf", O_RDONLY|O_CLOEXEC) = 3
14:15:41.288209 openat(AT_FDCWD, "/etc/fonts/conf.d/README", O_RDONLY|O_CLOEXEC) = 3
14:15:41.288430 openat(AT_FDCWD, "/usr/share/fonts", O_RDONLY|O_NONBLOCK|O_CLOEXEC|O_DIRECTORY) = 3
14:15:41.288578 openat(AT_FDCWD, "/usr/share/fonts/X11", O_RDONLY|O_NONBLOCK|O_CLOEXEC|O_DIRECTORY) = 4
14:15:41.288682 openat(AT_FDCWD, "/usr/share/fonts/X11/Type1", O_RDONLY|O_NONBLOCK|O_CLOEXEC|O_DIRECTORY) = 5
14:15:41.324422 openat(AT_FDCWD, "/usr/share/fonts/X11/encodings", O_RDONLY|O_NONBLOCK|O_CLOEXEC|O_DIRECTORY) = 5
14:15:41.324542 openat(AT_FDCWD, "/usr/share/fonts/X11/encodings/large", O_RDONLY|O_NONBLOCK|O_CLOEXEC|O_DIRECTORY) = 6
14:15:41.324746 openat(AT_FDCWD, "/usr/share/fonts/X11/misc", O_RDONLY|O_NONBLOCK|O_CLOEXEC|O_DIRECTORY) = 5
14:15:41.325181 openat(AT_FDCWD, "/usr/share/fonts/X11/util", O_RDONLY|O_NONBLOCK|O_CLOEXEC|O_DIRECTORY) = 5
14:15:41.325432 openat(AT_FDCWD, "/usr/share/fonts/cMap", O_RDONLY|O_NONBLOCK|O_CLOEXEC|O_DIRECTORY) = 4
14:15:41.325786 openat(AT_FDCWD, "/usr/share/fonts/cmap", O_RDONLY|O_NONBLOCK|O_CLOEXEC|O_DIRECTORY) = 4
14:15:41.326096 openat(AT_FDCWD, "/usr/share/poppler/cMap/Adobe-CNS1", O_RDONLY|O_NONBLOCK|O_CLOEXEC|O_DIRECTORY) = 5
14:15:41.326460 openat(AT_FDCWD, "/usr/share/poppler/cMap/Adobe-GB1", O_RDONLY|O_NONBLOCK|O_CLOEXEC|O_DIRECTORY) = 5
14:15:41.326815 openat(AT_FDCWD, "/usr/share/poppler/cMap/Adobe-Japan1", O_RDONLY|O_NONBLOCK|O_CLOEXEC|O_DIRECTORY) = 5
14:15:41.327180 openat(AT_FDCWD, "/usr/share/poppler/cMap/Adobe-Japan2", O_RDONLY|O_NONBLOCK|O_CLOEXEC|O_DIRECTORY) = 5
14:15:41.327484 openat(AT_FDCWD, "/usr/share/poppler/cMap/Adobe-Korea1", O_RDONLY|O_NONBLOCK|O_CLOEXEC|O_DIRECTORY) = 5
14:15:41.328059 openat(AT_FDCWD, "/usr/share/fonts/opentype", O_RDONLY|O_NONBLOCK|O_CLOEXEC|O_DIRECTORY) = 4
14:15:41.328389 openat(AT_FDCWD, "/usr/share/javascript/mathjax/fonts/HTML-CSS/TeX/otf", O_RDONLY|O_NONBLOCK|O_CLOEXEC|O_DIRECTORY) = 5
14:15:41.328492 openat(AT_FDCWD, "/usr/share/javascript/mathjax/fonts/HTML-CSS/TeX/otf/MathJax_AMS-Regular.otf", O_RDONLY|O_CLOEXEC) = 6
14:15:41.328659 openat(AT_FDCWD, "/usr/share/javascript/mathjax/fonts/HTML-CSS/TeX/otf/MathJax_Caligraphic-Bold.otf", O_RDONLY|O_CLOEXEC) = 6
14:15:41.328821 openat(AT_FDCWD, "/usr/share/javascript/mathjax/fonts/HTML-CSS/TeX/otf/MathJax_Caligraphic-Regular.otf", O_RDONLY|O_CLOEXEC) = 6
14:15:41.328964 openat(AT_FDCWD, "/usr/share/javascript/mathjax/fonts/HTML-CSS/TeX/otf/MathJax_Fraktur-Bold.otf", O_RDONLY|O_CLOEXEC) = 6
14:15:41.329104 openat(AT_FDCWD, "/usr/share/javascript/mathjax/fonts/HTML-CSS/TeX/otf/MathJax_Fraktur-Regular.otf", O_RDONLY|O_CLOEXEC) = 6
14:15:41.329247 openat(AT_FDCWD, "/usr/share/javascript/mathjax/fonts/HTML-CSS/TeX/otf/MathJax_Main-Bold.otf", O_RDONLY|O_CLOEXEC) = 6
14:15:41.329387 openat(AT_FDCWD, "/usr/share/javascript/mathjax/fonts/HTML-CSS/TeX/otf/MathJax_Main-Italic.otf", O_RDONLY|O_CLOEXEC) = 6
14:15:41.329525 openat(AT_FDCWD, "/usr/share/javascript/mathjax/fonts/HTML-CSS/TeX/otf/MathJax_Main-Regular.otf", O_RDONLY|O_CLOEXEC) = 6
14:15:41.329666 openat(AT_FDCWD, "/usr/share/javascript/mathjax/fonts/HTML-CSS/TeX/otf/MathJax_Math-BoldItalic.otf", O_RDONLY|O_CLOEXEC) = 6
14:15:41.329803 openat(AT_FDCWD, "/usr/share/javascript/mathjax/fonts/HTML-CSS/TeX/otf/MathJax_Math-Italic.otf", O_RDONLY|O_CLOEXEC) = 6
14:15:41.329950 openat(AT_FDCWD, "/usr/share/javascript/mathjax/fonts/HTML-CSS/TeX/otf/MathJax_Math-Regular.otf", O_RDONLY|O_CLOEXEC) = 6
14:15:41.330098 openat(AT_FDCWD, "/usr/share/javascript/mathjax/fonts/HTML-CSS/TeX/otf/MathJax_SansSerif-Bold.otf", O_RDONLY|O_CLOEXEC) = 6
14:15:41.330247 openat(AT_FDCWD, "/usr/share/javascript/mathjax/fonts/HTML-CSS/TeX/otf/MathJax_SansSerif-Italic.otf", O_RDONLY|O_CLOEXEC) = 6
14:15:41.330418 openat(AT_FDCWD, "/usr/share/javascript/mathjax/fonts/HTML-CSS/TeX/otf/MathJax_SansSerif-Regular.otf", O_RDONLY|O_CLOEXEC) = 6
14:15:41.330567 openat(AT_FDCWD, "/usr/share/javascript/mathjax/fonts/HTML-CSS/TeX/otf/MathJax_Script-Regular.otf", O_RDONLY|O_CLOEXEC) = 6
14:15:41.330704 openat(AT_FDCWD, "/usr/share/javascript/mathjax/fonts/HTML-CSS/TeX/otf/MathJax_Size1-Regular.otf", O_RDONLY|O_CLOEXEC) = 6
14:15:41.330854 openat(AT_FDCWD, "/usr/share/javascript/mathjax/fonts/HTML-CSS/TeX/otf/MathJax_Size2-Regular.otf", O_RDONLY|O_CLOEXEC) = 6
14:15:41.331001 openat(AT_FDCWD, "/usr/share/javascript/mathjax/fonts/HTML-CSS/TeX/otf/MathJax_Size3-Regular.otf", O_RDONLY|O_CLOEXEC) = 6
14:15:41.331159 openat(AT_FDCWD, "/usr/share/javascript/mathjax/fonts/HTML-CSS/TeX/otf/MathJax_Size4-Regular.otf", O_RDONLY|O_CLOEXEC) = 6
14:15:41.331297 openat(AT_FDCWD, "/usr/share/javascript/mathjax/fonts/HTML-CSS/TeX/otf/MathJax_Typewriter-Regular.otf", O_RDONLY|O_CLOEXEC) = 6
14:15:41.331433 openat(AT_FDCWD, "/usr/share/javascript/mathjax/fonts/HTML-CSS/TeX/otf/MathJax_Vector-Bold.otf", O_RDONLY|O_CLOEXEC) = 6
14:15:41.331568 openat(AT_FDCWD, "/usr/share/javascript/mathjax/fonts/HTML-CSS/TeX/otf/MathJax_Vector-Regular.otf", O_RDONLY|O_CLOEXEC) = 6
14:15:41.331701 openat(AT_FDCWD, "/usr/share/javascript/mathjax/fonts/HTML-CSS/TeX/otf/MathJax_WinChrome-Regular.otf", O_RDONLY|O_CLOEXEC) = 6
14:15:41.331836 openat(AT_FDCWD, "/usr/share/javascript/mathjax/fonts/HTML-CSS/TeX/otf/MathJax_WinIE6-Regular.otf", O_RDONLY|O_CLOEXEC) = 6
14:15:41.332021 openat(AT_FDCWD, "/usr/share/fonts/opentype/noto", O_RDONLY|O_NONBLOCK|O_CLOEXEC|O_DIRECTORY) = 5
14:15:41.332119 openat(AT_FDCWD, "/usr/share/fonts/opentype/noto/NotoSansCJK-Bold.ttc", O_RDONLY|O_CLOEXEC) = 6
14:15:41.332295 openat(AT_FDCWD, "/usr/share/fonts/opentype/noto/NotoSansCJK-Regular.ttc", O_RDONLY|O_CLOEXEC) = 6
14:15:41.332552 openat(AT_FDCWD, "/usr/share/fonts/opentype/noto/NotoSerifCJK-Bold.ttc", O_RDONLY|O_CLOEXEC) = 6
14:15:41.332779 openat(AT_FDCWD, "/usr/share/fonts/opentype/noto/NotoSerifCJK-Regular.ttc", O_RDONLY|O_CLOEXEC) = 6
14:15:41.333040 openat(AT_FDCWD, "/usr/share/fonts/opentype/urw-base35", O_RDONLY|O_NONBLOCK|O_CLOEXEC|O_DIRECTORY) = 5
14:15:41.333163 openat(AT_FDCWD, "/usr/share/fonts/opentype/urw-base35/C059-BdIta.otf", O_RDONLY|O_CLOEXEC) = 6
14:15:41.333332 openat(AT_FDCWD, "/usr/share/fonts/opentype/urw-base35/C059-Bold.otf", O_RDONLY|O_CLOEXEC) = 6
14:15:41.333524 openat(AT_FDCWD, "/usr/share/fonts/opentype/urw-base35/C059-Italic.otf", O_RDONLY|O_CLOEXEC) = 6
14:15:41.333689 openat(AT_FDCWD, "/usr/share/fonts/opentype/urw-base35/C059-Roman.otf", O_RDONLY|O_CLOEXEC) = 6
14:15:41.333850 openat(AT_FDCWD, "/usr/share/fonts/opentype/urw-base35/D050000L.otf", O_RDONLY|O_CLOEXEC) = 6
14:15:41.334016 openat(AT_FDCWD, "/usr/share/fonts/opentype/urw-base35/NimbusMonoPS-Bold.otf", O_RDONLY|O_CLOEXEC) = 6
14:15:41.334178 openat(AT_FDCWD, "/usr/share/fonts/opentype/urw-base35/NimbusMonoPS-BoldItalic.otf", O_RDONLY|O_CLOEXEC) = 6
14:15:41.334336 openat(AT_FDCWD, "/usr/share/fonts/opentype/urw-base35/NimbusMonoPS-Italic.otf", O_RDONLY|O_CLOEXEC) = 6
14:15:41.334479 openat(AT_FDCWD, "/usr/share/fonts/opentype/urw-base35/NimbusMonoPS-Regular.otf", O_RDONLY|O_CLOEXEC) = 6
14:15:41.334620 openat(AT_FDCWD, "/usr/share/fonts/opentype/urw-base35/NimbusRoman-Bold.otf", O_RDONLY|O_CLOEXEC) = 6
14:15:41.334761 openat(AT_FDCWD, "/usr/share/fonts/opentype/urw-base35/NimbusRoman-BoldItalic.otf", O_RDONLY|O_CLOEXEC) = 6
14:15:41.334909 openat(AT_FDCWD, "/usr/share/fonts/opentype/urw-base35/NimbusRoman-Italic.otf", O_RDONLY|O_CLOEXEC) = 6
14:15:41.335061 openat(AT_FDCWD, "/usr/share/fonts/opentype/urw-base35/NimbusRoman-Regular.otf", O_RDONLY|O_CLOEXEC) = 6
14:15:41.335201 openat(AT_FDCWD, "/usr/share/fonts/opentype/urw-base35/NimbusSans-Bold.otf", O_RDONLY|O_CLOEXEC) = 6
14:15:41.335342 openat(AT_FDCWD, "/usr/share/fonts/opentype/urw-base35/NimbusSans-BoldItalic.otf", O_RDONLY|O_CLOEXEC) = 6
14:15:41.335485 openat(AT_FDCWD, "/usr/share/fonts/opentype/urw-base35/NimbusSans-Italic.otf", O_RDONLY|O_CLOEXEC) = 6
14:15:41.335627 openat(AT_FDCWD, "/usr/share/fonts/opentype/urw-base35/NimbusSans-Regular.otf", O_RDONLY|O_CLOEXEC) = 6
14:15:41.335769 openat(AT_FDCWD, "/usr/share/fonts/opentype/urw-base35/NimbusSansNarrow-Bold.otf", O_RDONLY|O_CLOEXEC) = 6
14:15:41.335914 openat(AT_FDCWD, "/usr/share/fonts/opentype/urw-base35/NimbusSansNarrow-BoldOblique.otf", O_RDONLY|O_CLOEXEC) = 6
14:15:41.336059 openat(AT_FDCWD, "/usr/share/fonts/opentype/urw-base35/NimbusSansNarrow-Oblique.otf", O_RDONLY|O_CLOEXEC) = 6
14:15:41.336202 openat(AT_FDCWD, "/usr/share/fonts/opentype/urw-base35/NimbusSansNarrow-Regular.otf", O_RDONLY|O_CLOEXEC) = 6
14:15:41.336343 openat(AT_FDCWD, "/usr/share/fonts/opentype/urw-base35/P052-Bold.otf", O_RDONLY|O_CLOEXEC) = 6
14:15:41.336487 openat(AT_FDCWD, "/usr/share/fonts/opentype/urw-base35/P052-BoldItalic.otf", O_RDONLY|O_CLOEXEC) = 6
14:15:41.336632 openat(AT_FDCWD, "/usr/share/fonts/opentype/urw-base35/P052-Italic.otf", O_RDONLY|O_CLOEXEC) = 6
14:15:41.336776 openat(AT_FDCWD, "/usr/share/fonts/opentype/urw-base35/P052-Roman.otf", O_RDONLY|O_CLOEXEC) = 6
14:15:41.336925 openat(AT_FDCWD, "/usr/share/fonts/opentype/urw-base35/StandardSymbolsPS.otf", O_RDONLY|O_CLOEXEC) = 6
14:15:41.337062 openat(AT_FDCWD, "/usr/share/fonts/opentype/urw-base35/URWBookman-Demi.otf", O_RDONLY|O_CLOEXEC) = 6
14:15:41.337204 openat(AT_FDCWD, "/usr/share/fonts/opentype/urw-base35/URWBookman-DemiItalic.otf", O_RDONLY|O_CLOEXEC) = 6
14:15:41.337347 openat(AT_FDCWD, "/usr/share/fonts/opentype/urw-base35/URWBookman-Light.otf", O_RDONLY|O_CLOEXEC) = 6
14:15:41.337489 openat(AT_FDCWD, "/usr/share/fonts/opentype/urw-base35/URWBookman-LightItalic.otf", O_RDONLY|O_CLOEXEC) = 6
14:15:41.337632 openat(AT_FDCWD, "/usr/share/fonts/opentype/urw-base35/URWGothic-Book.otf", O_RDONLY|O_CLOEXEC) = 6
14:15:41.337773 openat(AT_FDCWD, "/usr/share/fonts/opentype/urw-base35/URWGothic-BookOblique.otf", O_RDONLY|O_CLOEXEC) = 6
14:15:41.337919 openat(AT_FDCWD, "/usr/share/fonts/opentype/urw-base35/URWGothic-Demi.otf", O_RDONLY|O_CLOEXEC) = 6
14:15:41.338063 openat(AT_FDCWD, "/usr/share/fonts/opentype/urw-base35/URWGothic-DemiOblique.otf", O_RDONLY|O_CLOEXEC) = 6
14:15:41.338205 openat(AT_FDCWD, "/usr/share/fonts/opentype/urw-base35/Z003-MediumItalic.otf", O_RDONLY|O_CLOEXEC) = 6
14:15:41.338387 openat(AT_FDCWD, "/usr/share/fonts/opentype/freefont", O_RDONLY|O_NONBLOCK|O_CLOEXEC|O_DIRECTORY) = 5
14:15:41.338486 openat(AT_FDCWD, "/usr/share/fonts/opentype/freefont/FreeMono.otf", O_RDONLY|O_CLOEXEC) = 6
14:15:41.338644 openat(AT_FDCWD, "/usr/share/fonts/opentype/freefont/FreeMonoBold.otf", O_RDONLY|O_CLOEXEC) = 6
14:15:41.338787 openat(AT_FDCWD, "/usr/share/fonts/opentype/freefont/FreeMonoBoldOblique.otf", O_RDONLY|O_CLOEXEC) = 6
14:15:41.338935 openat(AT_FDCWD, "/usr/share/fonts/opentype/freefont/FreeMonoOblique.otf", O_RDONLY|O_CLOEXEC) = 6
14:15:41.339085 openat(AT_FDCWD, "/usr/share/fonts/opentype/freefont/FreeSans.otf", O_RDONLY|O_CLOEXEC) = 6
14:15:41.339224 openat(AT_FDCWD, "/usr/share/fonts/opentype/freefont/FreeSansBold.otf", O_RDONLY|O_CLOEXEC) = 6
14:15:41.339366 openat(AT_FDCWD, "/usr/share/fonts/opentype/freefont/FreeSansBoldOblique.otf", O_RDONLY|O_CLOEXEC) = 6
14:15:41.339506 openat(AT_FDCWD, "/usr/share/fonts/opentype/freefont/FreeSansOblique.otf", O_RDONLY|O_CLOEXEC) = 6
14:15:41.339648 openat(AT_FDCWD, "/usr/share/fonts/opentype/freefont/FreeSerif.otf", O_RDONLY|O_CLOEXEC) = 6
14:15:41.339792 openat(AT_FDCWD, "/usr/share/fonts/opentype/freefont/FreeSerifBold.otf", O_RDONLY|O_CLOEXEC) = 6
14:15:41.339940 openat(AT_FDCWD, "/usr/share/fonts/opentype/freefont/FreeSerifBoldItalic.otf", O_RDONLY|O_CLOEXEC) = 6
14:15:41.340083 openat(AT_FDCWD, "/usr/share/fonts/opentype/freefont/FreeSerifItalic.otf", O_RDONLY|O_CLOEXEC) = 6
14:15:41.340264 openat(AT_FDCWD, "/usr/share/fonts/opentype/font-awesome", O_RDONLY|O_NONBLOCK|O_CLOEXEC|O_DIRECTORY) = 5
14:15:41.340361 openat(AT_FDCWD, "/usr/share/fonts/opentype/font-awesome/FontAwesome.otf", O_RDONLY|O_CLOEXEC) = 6
14:15:41.340587 openat(AT_FDCWD, "/usr/share/fonts/truetype", O_RDONLY|O_NONBLOCK|O_CLOEXEC|O_DIRECTORY) = 4
14:15:41.340684 openat(AT_FDCWD, "/usr/share/fonts/truetype/dejavu", O_RDONLY|O_NONBLOCK|O_CLOEXEC|O_DIRECTORY) = 5
14:15:41.340783 openat(AT_FDCWD, "/usr/share/fonts/truetype/dejavu/DejaVuSans-Bold.ttf", O_RDONLY|O_CLOEXEC) = 6
14:15:41.340935 openat(AT_FDCWD, "/usr/share/fonts/truetype/dejavu/DejaVuSans.ttf", O_RDONLY|O_CLOEXEC) = 6
14:15:41.341081 openat(AT_FDCWD, "/usr/share/fonts/truetype/dejavu/DejaVuSansMono-Bold.ttf", O_RDONLY|O_CLOEXEC) = 6
14:15:41.341224 openat(AT_FDCWD, "/usr/share/fonts/truetype/dejavu/DejaVuSansMono-BoldOblique.ttf", O_RDONLY|O_CLOEXEC) = 6
14:15:41.341365 openat(AT_FDCWD, "/usr/share/fonts/truetype/dejavu/DejaVuSansMono-Oblique.ttf", O_RDONLY|O_CLOEXEC) = 6
14:15:41.341506 openat(AT_FDCWD, "/usr/share/fonts/truetype/dejavu/DejaVuSansMono.ttf", O_RDONLY|O_CLOEXEC) = 6
14:15:41.341648 openat(AT_FDCWD, "/usr/share/fonts/truetype/dejavu/DejaVuSerif-Bold.ttf", O_RDONLY|O_CLOEXEC) = 6
14:15:41.341789 openat(AT_FDCWD, "/usr/share/fonts/truetype/dejavu/DejaVuSerif.ttf", O_RDONLY|O_CLOEXEC) = 6
14:15:41.341933 openat(AT_FDCWD, "/usr/share/fonts/truetype/dejavu/DejaVuMathTeXGyre.ttf", O_RDONLY|O_CLOEXEC) = 6
14:15:41.342079 openat(AT_FDCWD, "/usr/share/fonts/truetype/dejavu/DejaVuSans-BoldOblique.ttf", O_RDONLY|O_CLOEXEC) = 6
14:15:41.342223 openat(AT_FDCWD, "/usr/share/fonts/truetype/dejavu/DejaVuSans-ExtraLight.ttf", O_RDONLY|O_CLOEXEC) = 6
14:15:41.342371 openat(AT_FDCWD, "/usr/share/fonts/truetype/dejavu/DejaVuSans-Oblique.ttf", O_RDONLY|O_CLOEXEC) = 6
14:15:41.342515 openat(AT_FDCWD, "/usr/share/fonts/truetype/dejavu/DejaVuSansCondensed-Bold.ttf", O_RDONLY|O_CLOEXEC) = 6
14:15:41.342660 openat(AT_FDCWD, "/usr/share/fonts/truetype/dejavu/DejaVuSansCondensed-BoldOblique.ttf", O_RDONLY|O_CLOEXEC) = 6
14:15:41.342806 openat(AT_FDCWD, "/usr/share/fonts/truetype/dejavu/DejaVuSansCondensed-Oblique.ttf", O_RDONLY|O_CLOEXEC) = 6
14:15:41.342961 openat(AT_FDCWD, "/usr/share/fonts/truetype/dejavu/DejaVuSansCondensed.ttf", O_RDONLY|O_CLOEXEC) = 6
14:15:41.343107 openat(AT_FDCWD, "/usr/share/fonts/truetype/dejavu/DejaVuSerif-BoldItalic.ttf", O_RDONLY|O_CLOEXEC) = 6
14:15:41.343249 openat(AT_FDCWD, "/usr/share/fonts/truetype/dejavu/DejaVuSerif-Italic.ttf", O_RDONLY|O_CLOEXEC) = 6
14:15:41.343393 openat(AT_FDCWD, "/usr/share/fonts/truetype/dejavu/DejaVuSerifCondensed-Bold.ttf", O_RDONLY|O_CLOEXEC) = 6
14:15:41.343562 openat(AT_FDCWD, "/usr/share/fonts/truetype/dejavu/DejaVuSerifCondensed-BoldItalic.ttf", O_RDONLY|O_CLOEXEC) = 6
14:15:41.343776 openat(AT_FDCWD, "/usr/share/fonts/truetype/dejavu/DejaVuSerifCondensed-Italic.ttf", O_RDONLY|O_CLOEXEC) = 6
14:15:41.343953 openat(AT_FDCWD, "/usr/share/fonts/truetype/dejavu/DejaVuSerifCondensed.ttf", O_RDONLY|O_CLOEXEC) = 6
14:15:41.344163 openat(AT_FDCWD, "/usr/share/fonts/truetype/droid", O_RDONLY|O_NONBLOCK|O_CLOEXEC|O_DIRECTORY) = 5
14:15:41.344273 openat(AT_FDCWD, "/usr/share/fonts/truetype/droid/DroidSansFallbackFull.ttf", O_RDONLY|O_CLOEXEC) = 6
14:15:41.344463 openat(AT_FDCWD, "/usr/share/fonts/truetype/liberation", O_RDONLY|O_NONBLOCK|O_CLOEXEC|O_DIRECTORY) = 5
14:15:41.344558 openat(AT_FDCWD, "/usr/share/fonts/truetype/liberation/LiberationMono-Bold.ttf", O_RDONLY|O_CLOEXEC) = 6
14:15:41.344701 openat(AT_FDCWD, "/usr/share/fonts/truetype/liberation/LiberationMono-BoldItalic.ttf", O_RDONLY|O_CLOEXEC) = 6
14:15:41.344844 openat(AT_FDCWD, "/usr/share/fonts/truetype/liberation/LiberationMono-Italic.ttf", O_RDONLY|O_CLOEXEC) = 6
14:15:41.345016 openat(AT_FDCWD, "/usr/share/fonts/truetype/liberation/LiberationMono-Regular.ttf", O_RDONLY|O_CLOEXEC) = 6
14:15:41.345162 openat(AT_FDCWD, "/usr/share/fonts/truetype/liberation/LiberationSans-Bold.ttf", O_RDONLY|O_CLOEXEC) = 6
14:15:41.345303 openat(AT_FDCWD, "/usr/share/fonts/truetype/liberation/LiberationSans-BoldItalic.ttf", O_RDONLY|O_CLOEXEC) = 6
14:15:41.345465 openat(AT_FDCWD, "/usr/share/fonts/truetype/liberation/LiberationSans-Italic.ttf", O_RDONLY|O_CLOEXEC) = 6
14:15:41.345618 openat(AT_FDCWD, "/usr/share/fonts/truetype/liberation/LiberationSans-Regular.ttf", O_RDONLY|O_CLOEXEC) = 6
14:15:41.345762 openat(AT_FDCWD, "/usr/share/fonts/truetype/liberation/LiberationSerif-Bold.ttf", O_RDONLY|O_CLOEXEC) = 6
14:15:41.345909 openat(AT_FDCWD, "/usr/share/fonts/truetype/liberation/LiberationSerif-BoldItalic.ttf", O_RDONLY|O_CLOEXEC) = 6
14:15:41.346059 openat(AT_FDCWD, "/usr/share/fonts/truetype/liberation/LiberationSerif-Italic.ttf", O_RDONLY|O_CLOEXEC) = 6
14:15:41.346201 openat(AT_FDCWD, "/usr/share/fonts/truetype/liberation/LiberationSerif-Regular.ttf", O_RDONLY|O_CLOEXEC) = 6
14:15:41.346381 openat(AT_FDCWD, "/usr/share/fonts/truetype/libreoffice", O_RDONLY|O_NONBLOCK|O_CLOEXEC|O_DIRECTORY) = 5
14:15:41.346477 openat(AT_FDCWD, "/usr/share/fonts/truetype/libreoffice/opens___.ttf", O_RDONLY|O_CLOEXEC) = 6
14:15:41.346660 openat(AT_FDCWD, "/usr/share/fonts/truetype/noto", O_RDONLY|O_NONBLOCK|O_CLOEXEC|O_DIRECTORY) = 5
14:15:41.346812 openat(AT_FDCWD, "/usr/share/fonts/truetype/noto/NotoKufiArabic-Bold.ttf", O_RDONLY|O_CLOEXEC) = 6
14:15:41.346965 openat(AT_FDCWD, "/usr/share/fonts/truetype/noto/NotoKufiArabic-Regular.ttf", O_RDONLY|O_CLOEXEC) = 6
14:15:41.347109 openat(AT_FDCWD, "/usr/share/fonts/truetype/noto/NotoLoopedLao-Bold.ttf", O_RDONLY|O_CLOEXEC) = 6
14:15:41.347247 openat(AT_FDCWD, "/usr/share/fonts/truetype/noto/NotoLoopedLao-Regular.ttf", O_RDONLY|O_CLOEXEC) = 6
14:15:41.347385 openat(AT_FDCWD, "/usr/share/fonts/truetype/noto/NotoLoopedThai-Bold.ttf", O_RDONLY|O_CLOEXEC) = 6
14:15:41.347523 openat(AT_FDCWD, "/usr/share/fonts/truetype/noto/NotoLoopedThai-Regular.ttf", O_RDONLY|O_CLOEXEC) = 6
14:15:41.347662 openat(AT_FDCWD, "/usr/share/fonts/truetype/noto/NotoMono-Regular.ttf", O_RDONLY|O_CLOEXEC) = 6
14:15:41.347801 openat(AT_FDCWD, "/usr/share/fonts/truetype/noto/NotoMusic-Regular.ttf", O_RDONLY|O_CLOEXEC) = 6
14:15:41.347949 openat(AT_FDCWD, "/usr/share/fonts/truetype/noto/NotoNaskhArabic-Bold.ttf", O_RDONLY|O_CLOEXEC) = 6
14:15:41.348092 openat(AT_FDCWD, "/usr/share/fonts/truetype/noto/NotoNaskhArabic-Regular.ttf", O_RDONLY|O_CLOEXEC) = 6
14:15:41.348236 openat(AT_FDCWD, "/usr/share/fonts/truetype/noto/NotoNastaliqUrdu-Bold.ttf", O_RDONLY|O_CLOEXEC) = 6
14:15:41.348381 openat(AT_FDCWD, "/usr/share/fonts/truetype/noto/NotoNastaliqUrdu-Regular.ttf", O_RDONLY|O_CLOEXEC) = 6
14:15:41.348528 openat(AT_FDCWD, "/usr/share/fonts/truetype/noto/NotoRashiHebrew-Bold.ttf", O_RDONLY|O_CLOEXEC) = 6
14:15:41.348667 openat(AT_FDCWD, "/usr/share/fonts/truetype/noto/NotoRashiHebrew-Regular.ttf", O_RDONLY|O_CLOEXEC) = 6
14:15:41.348830 openat(AT_FDCWD, "/usr/share/fonts/truetype/noto/NotoSans-Bold.ttf", O_RDONLY|O_CLOEXEC) = 6
14:15:41.348980 openat(AT_FDCWD, "/usr/share/fonts/truetype/noto/NotoSans-BoldItalic.ttf", O_RDONLY|O_CLOEXEC) = 6
14:15:41.349129 openat(AT_FDCWD, "/usr/share/fonts/truetype/noto/NotoSans-Italic.ttf", O_RDONLY|O_CLOEXEC) = 6
14:15:41.349278 openat(AT_FDCWD, "/usr/share/fonts/truetype/noto/NotoSans-Regular.ttf", O_RDONLY|O_CLOEXEC) = 6
14:15:41.349425 openat(AT_FDCWD, "/usr/share/fonts/truetype/noto/NotoSansAdlam-Bold.ttf", O_RDONLY|O_CLOEXEC) = 6
14:15:41.349571 openat(AT_FDCWD, "/usr/share/fonts/truetype/noto/NotoSansAdlam-Regular.ttf", O_RDONLY|O_CLOEXEC) = 6
14:15:41.349718 openat(AT_FDCWD, "/usr/share/fonts/truetype/noto/NotoSansAdlamUnjoined-Bold.ttf", O_RDONLY|O_CLOEXEC) = 6
14:15:41.349859 openat(AT_FDCWD, "/usr/share/fonts/truetype/noto/NotoSansAdlamUnjoined-Regular.ttf", O_RDONLY|O_CLOEXEC) = 6
14:15:41.350015 openat(AT_FDCWD, "/usr/share/fonts/truetype/noto/NotoSansAnatolianHieroglyphs-Regular.ttf", O_RDONLY|O_CLOEXEC) = 6
14:15:41.350163 openat(AT_FDCWD, "/usr/share/fonts/truetype/noto/NotoSansArabic-Bold.ttf", O_RDONLY|O_CLOEXEC) = 6
14:15:41.350309 openat(AT_FDCWD, "/usr/share/fonts/truetype/noto/NotoSansArabic-Regular.ttf", O_RDONLY|O_CLOEXEC) = 6
14:15:41.350454 openat(AT_FDCWD, "/usr/share/fonts/truetype/noto/NotoSansArmenian-Bold.ttf", O_RDONLY|O_CLOEXEC) = 6
14:15:41.350595 openat(AT_FDCWD, "/usr/share/fonts/truetype/noto/NotoSansArmenian-Regular.ttf", O_RDONLY|O_CLOEXEC) = 6
14:15:41.350735 openat(AT_FDCWD, "/usr/share/fonts/truetype/noto/NotoSansAvestan-Regular.ttf", O_RDONLY|O_CLOEXEC) = 6
14:15:41.350873 openat(AT_FDCWD, "/usr/share/fonts/truetype/noto/NotoSansBalinese-Bold.ttf", O_RDONLY|O_CLOEXEC) = 6
14:15:41.351026 openat(AT_FDCWD, "/usr/share/fonts/truetype/noto/NotoSansBalinese-Regular.ttf", O_RDONLY|O_CLOEXEC) = 6
14:15:41.351169 openat(AT_FDCWD, "/usr/share/fonts/truetype/noto/NotoSansBamum-Bold.ttf", O_RDONLY|O_CLOEXEC) = 6
14:15:41.351317 openat(AT_FDCWD, "/usr/share/fonts/truetype/noto/NotoSansBamum-Regular.ttf", O_RDONLY|O_CLOEXEC) = 6
14:15:41.351463 openat(AT_FDCWD, "/usr/share/fonts/truetype/noto/NotoSansBassaVah-Regular.ttf", O_RDONLY|O_CLOEXEC) = 6
14:15:41.351601 openat(AT_FDCWD, "/usr/share/fonts/truetype/noto/NotoSansBatak-Regular.ttf", O_RDONLY|O_CLOEXEC) = 6
14:15:41.351739 openat(AT_FDCWD, "/usr/share/fonts/truetype/noto/NotoSansBengali-Bold.ttf", O_RDONLY|O_CLOEXEC) = 6
14:15:41.351887 openat(AT_FDCWD, "/usr/share/fonts/truetype/noto/NotoSansBengali-Regular.ttf", O_RDONLY|O_CLOEXEC) = 6
14:15:41.352042 openat(AT_FDCWD, "/usr/share/fonts/truetype/noto/NotoSansBhaiksuki-Regular.ttf", O_RDONLY|O_CLOEXEC) = 6
14:15:41.352189 openat(AT_FDCWD, "/usr/share/fonts/truetype/noto/NotoSansBrahmi-Regular.ttf", O_RDONLY|O_CLOEXEC) = 6
14:15:41.352328 openat(AT_FDCWD, "/usr/share/fonts/truetype/noto/NotoSansBuginese-Regular.ttf", O_RDONLY|O_CLOEXEC) = 6
14:15:41.352465 openat(AT_FDCWD, "/usr/share/fonts/truetype/noto/NotoSansBuhid-Regular.ttf", O_RDONLY|O_CLOEXEC) = 6
14:15:41.352603 openat(AT_FDCWD, "/usr/share/fonts/truetype/noto/NotoSansCanadianAboriginal-Bold.ttf", O_RDONLY|O_CLOEXEC) = 6
14:15:41.352747 openat(AT_FDCWD, "/usr/share/fonts/truetype/noto/NotoSansCanadianAboriginal-Regular.ttf", O_RDONLY|O_CLOEXEC) = 6
14:15:41.352893 openat(AT_FDCWD, "/usr/share/fonts/truetype/noto/NotoSansCarian-Regular.ttf", O_RDONLY|O_CLOEXEC) = 6
14:15:41.353038 openat(AT_FDCWD, "/usr/share/fonts/truetype/noto/NotoSansCaucasianAlbanian-Regular.ttf", O_RDONLY|O_CLOEXEC) = 6
14:15:41.353178 openat(AT_FDCWD, "/usr/share/fonts/truetype/noto/NotoSansChakma-Regular.ttf", O_RDONLY|O_CLOEXEC) = 6
14:15:41.353319 openat(AT_FDCWD, "/usr/share/fonts/truetype/noto/NotoSansCham-Bold.ttf", O_RDONLY|O_CLOEXEC) = 6
14:15:41.353458 openat(AT_FDCWD, "/usr/share/fonts/truetype/noto/NotoSansCham-Regular.ttf", O_RDONLY|O_CLOEXEC) = 6
14:15:41.353597 openat(AT_FDCWD, "/usr/share/fonts/truetype/noto/NotoSansCherokee-Bold.ttf", O_RDONLY|O_CLOEXEC) = 6
14:15:41.353749 openat(AT_FDCWD, "/usr/share/fonts/truetype/noto/NotoSansCherokee-Regular.ttf", O_RDONLY|O_CLOEXEC) = 6
14:15:41.353911 openat(AT_FDCWD, "/usr/share/fonts/truetype/noto/NotoSansCoptic-Regular.ttf", O_RDONLY|O_CLOEXEC) = 6
14:15:41.354055 openat(AT_FDCWD, "/usr/share/fonts/truetype/noto/NotoSansCuneiform-Regular.ttf", O_RDONLY|O_CLOEXEC) = 6
14:15:41.354204 openat(AT_FDCWD, "/usr/share/fonts/truetype/noto/NotoSansCypriot-Regular.ttf", O_RDONLY|O_CLOEXEC) = 6
14:15:41.354341 openat(AT_FDCWD, "/usr/share/fonts/truetype/noto/NotoSansDeseret-Regular.ttf", O_RDONLY|O_CLOEXEC) = 6
14:15:41.354480 openat(AT_FDCWD, "/usr/share/fonts/truetype/noto/NotoSansDevanagari-Bold.ttf", O_RDONLY|O_CLOEXEC) = 6
14:15:41.354626 openat(AT_FDCWD, "/usr/share/fonts/truetype/noto/NotoSansDevanagari-Regular.ttf", O_RDONLY|O_CLOEXEC) = 6
14:15:41.354773 openat(AT_FDCWD, "/usr/share/fonts/truetype/noto/NotoSansDisplay-Bold.ttf", O_RDONLY|O_CLOEXEC) = 6
14:15:41.354926 openat(AT_FDCWD, "/usr/share/fonts/truetype/noto/NotoSansDisplay-BoldItalic.ttf", O_RDONLY|O_CLOEXEC) = 6
14:15:41.355095 openat(AT_FDCWD, "/usr/share/fonts/truetype/noto/NotoSansDisplay-Italic.ttf", O_RDONLY|O_CLOEXEC) = 6
14:15:41.355243 openat(AT_FDCWD, "/usr/share/fonts/truetype/noto/NotoSansDisplay-Regular.ttf", O_RDONLY|O_CLOEXEC) = 6
14:15:41.355392 openat(AT_FDCWD, "/usr/share/fonts/truetype/noto/NotoSansDuployan-Regular.ttf", O_RDONLY|O_CLOEXEC) = 6
14:15:41.355531 openat(AT_FDCWD, "/usr/share/fonts/truetype/noto/NotoSansEgyptianHieroglyphs-Regular.ttf", O_RDONLY|O_CLOEXEC) = 6
14:15:41.355676 openat(AT_FDCWD, "/usr/share/fonts/truetype/noto/NotoSansElbasan-Regular.ttf", O_RDONLY|O_CLOEXEC) = 6
14:15:41.355814 openat(AT_FDCWD, "/usr/share/fonts/truetype/noto/NotoSansElymaic-Regular.ttf", O_RDONLY|O_CLOEXEC) = 6
14:15:41.355956 openat(AT_FDCWD, "/usr/share/fonts/truetype/noto/NotoSansEthiopic-Bold.ttf", O_RDONLY|O_CLOEXEC) = 6
14:15:41.356105 openat(AT_FDCWD, "/usr/share/fonts/truetype/noto/NotoSansEthiopic-Regular.ttf", O_RDONLY|O_CLOEXEC) = 6
14:15:41.356252 openat(AT_FDCWD, "/usr/share/fonts/truetype/noto/NotoSansGeorgian-Bold.ttf", O_RDONLY|O_CLOEXEC) = 6
14:15:41.356393 openat(AT_FDCWD, "/usr/share/fonts/truetype/noto/NotoSansGeorgian-Regular.ttf", O_RDONLY|O_CLOEXEC) = 6
14:15:41.356534 openat(AT_FDCWD, "/usr/share/fonts/truetype/noto/NotoSansGlagolitic-Regular.ttf", O_RDONLY|O_CLOEXEC) = 6
14:15:41.356673 openat(AT_FDCWD, "/usr/share/fonts/truetype/noto/NotoSansGothic-Regular.ttf", O_RDONLY|O_CLOEXEC) = 6
14:15:41.356810 openat(AT_FDCWD, "/usr/share/fonts/truetype/noto/NotoSansGrantha-Regular.ttf", O_RDONLY|O_CLOEXEC) = 6
14:15:41.356963 openat(AT_FDCWD, "/usr/share/fonts/truetype/noto/NotoSansGujarati-Bold.ttf", O_RDONLY|O_CLOEXEC) = 6
14:15:41.357111 openat(AT_FDCWD, "/usr/share/fonts/truetype/noto/NotoSansGujarati-Regular.ttf", O_RDONLY|O_CLOEXEC) = 6
14:15:41.357258 openat(AT_FDCWD, "/usr/share/fonts/truetype/noto/NotoSansGunjalaGondi-Regular.ttf", O_RDONLY|O_CLOEXEC) = 6
14:15:41.357401 openat(AT_FDCWD, "/usr/share/fonts/truetype/noto/NotoSansGurmukhi-Bold.ttf", O_RDONLY|O_CLOEXEC) = 6
14:15:41.357542 openat(AT_FDCWD, "/usr/share/fonts/truetype/noto/NotoSansGurmukhi-Regular.ttf", O_RDONLY|O_CLOEXEC) = 6
14:15:41.357683 openat(AT_FDCWD, "/usr/share/fonts/truetype/noto/NotoSansHanifiRohingya-Bold.ttf", O_RDONLY|O_CLOEXEC) = 6
14:15:41.357822 openat(AT_FDCWD, "/usr/share/fonts/truetype/noto/NotoSansHanifiRohingya-Regular.ttf", O_RDONLY|O_CLOEXEC) = 6
14:15:41.357967 openat(AT_FDCWD, "/usr/share/fonts/truetype/noto/NotoSansHanunoo-Regular.ttf", O_RDONLY|O_CLOEXEC) = 6
14:15:41.358122 openat(AT_FDCWD, "/usr/share/fonts/truetype/noto/NotoSansHatran-Regular.ttf", O_RDONLY|O_CLOEXEC) = 6
14:15:41.358260 openat(AT_FDCWD, "/usr/share/fonts/truetype/noto/NotoSansHebrew-Bold.ttf", O_RDONLY|O_CLOEXEC) = 6
14:15:41.358398 openat(AT_FDCWD, "/usr/share/fonts/truetype/noto/NotoSansHebrew-Regular.ttf", O_RDONLY|O_CLOEXEC) = 6
14:15:41.358537 openat(AT_FDCWD, "/usr/share/fonts/truetype/noto/NotoSansImperialAramaic-Regular.ttf", O_RDONLY|O_CLOEXEC) = 6
14:15:41.358676 openat(AT_FDCWD, "/usr/share/fonts/truetype/noto/NotoSansIndicSiyaqNumbers-Regular.ttf", O_RDONLY|O_CLOEXEC) = 6
14:15:41.358831 openat(AT_FDCWD, "/usr/share/fonts/truetype/noto/NotoSansInscriptionalPahlavi-Regular.ttf", O_RDONLY|O_CLOEXEC) = 6
14:15:41.358994 openat(AT_FDCWD, "/usr/share/fonts/truetype/noto/NotoSansInscriptionalParthian-Regular.ttf", O_RDONLY|O_CLOEXEC) = 6
14:15:41.359133 openat(AT_FDCWD, "/usr/share/fonts/truetype/noto/NotoSansJavanese-Bold.ttf", O_RDONLY|O_CLOEXEC) = 6
14:15:41.359283 openat(AT_FDCWD, "/usr/share/fonts/truetype/noto/NotoSansJavanese-Regular.ttf", O_RDONLY|O_CLOEXEC) = 6
14:15:41.359430 openat(AT_FDCWD, "/usr/share/fonts/truetype/noto/NotoSansKaithi-Regular.ttf", O_RDONLY|O_CLOEXEC) = 6
14:15:41.359578 openat(AT_FDCWD, "/usr/share/fonts/truetype/noto/NotoSansKannada-Bold.ttf", O_RDONLY|O_CLOEXEC) = 6
14:15:41.359724 openat(AT_FDCWD, "/usr/share/fonts/truetype/noto/NotoSansKannada-Regular.ttf", O_RDONLY|O_CLOEXEC) = 6
14:15:41.359870 openat(AT_FDCWD, "/usr/share/fonts/truetype/noto/NotoSansKayahLi-Bold.ttf", O_RDONLY|O_CLOEXEC) = 6
14:15:41.360021 openat(AT_FDCWD, "/usr/share/fonts/truetype/noto/NotoSansKayahLi-Regular.ttf", O_RDONLY|O_CLOEXEC) = 6
14:15:41.360161 openat(AT_FDCWD, "/usr/share/fonts/truetype/noto/NotoSansKharoshthi-Regular.ttf", O_RDONLY|O_CLOEXEC) = 6
14:15:41.360302 openat(AT_FDCWD, "/usr/share/fonts/truetype/noto/NotoSansKhmer-Bold.ttf", O_RDONLY|O_CLOEXEC) = 6
14:15:41.360448 openat(AT_FDCWD, "/usr/share/fonts/truetype/noto/NotoSansKhmer-Regular.ttf", O_RDONLY|O_CLOEXEC) = 6
14:15:41.360596 openat(AT_FDCWD, "/usr/share/fonts/truetype/noto/NotoSansKhojki-Regular.ttf", O_RDONLY|O_CLOEXEC) = 6
14:15:41.360746 openat(AT_FDCWD, "/usr/share/fonts/truetype/noto/NotoSansKhudawadi-Regular.ttf", O_RDONLY|O_CLOEXEC) = 6
14:15:41.360890 openat(AT_FDCWD, "/usr/share/fonts/truetype/noto/NotoSansLao-Bold.ttf", O_RDONLY|O_CLOEXEC) = 6
14:15:41.361046 openat(AT_FDCWD, "/usr/share/fonts/truetype/noto/NotoSansLao-Regular.ttf", O_RDONLY|O_CLOEXEC) = 6
14:15:41.361186 openat(AT_FDCWD, "/usr/share/fonts/truetype/noto/NotoSansLepcha-Regular.ttf", O_RDONLY|O_CLOEXEC) = 6
14:15:41.361324 openat(AT_FDCWD, "/usr/share/fonts/truetype/noto/NotoSansLimbu-Regular.ttf", O_RDONLY|O_CLOEXEC) = 6
14:15:41.361462 openat(AT_FDCWD, "/usr/share/fonts/truetype/noto/NotoSansLinearA-Regular.ttf", O_RDONLY|O_CLOEXEC) = 6
14:15:41.361622 openat(AT_FDCWD, "/usr/share/fonts/truetype/noto/NotoSansLinearB-Regular.ttf", O_RDONLY|O_CLOEXEC) = 6
14:15:41.361778 openat(AT_FDCWD, "/usr/share/fonts/truetype/noto/NotoSansLisu-Bold.ttf", O_RDONLY|O_CLOEXEC) = 6
14:15:41.361926 openat(AT_FDCWD, "/usr/share/fonts/truetype/noto/NotoSansLisu-Regular.ttf", O_RDONLY|O_CLOEXEC) = 6
14:15:41.362088 openat(AT_FDCWD, "/usr/share/fonts/truetype/noto/NotoSansLycian-Regular.ttf", O_RDONLY|O_CLOEXEC) = 6
14:15:41.362230 openat(AT_FDCWD, "/usr/share/fonts/truetype/noto/NotoSansLydian-Regular.ttf", O_RDONLY|O_CLOEXEC) = 6
14:15:41.362370 openat(AT_FDCWD, "/usr/share/fonts/truetype/noto/NotoSansMahajani-Regular.ttf", O_RDONLY|O_CLOEXEC) = 6
14:15:41.362513 openat(AT_FDCWD, "/usr/share/fonts/truetype/noto/NotoSansMalayalam-Bold.ttf", O_RDONLY|O_CLOEXEC) = 6
14:15:41.362660 openat(AT_FDCWD, "/usr/share/fonts/truetype/noto/NotoSansMalayalam-Regular.ttf", O_RDONLY|O_CLOEXEC) = 6
14:15:41.362806 openat(AT_FDCWD, "/usr/share/fonts/truetype/noto/NotoSansMandaic-Regular.ttf", O_RDONLY|O_CLOEXEC) = 6
14:15:41.362949 openat(AT_FDCWD, "/usr/share/fonts/truetype/noto/NotoSansManichaean-Regular.ttf", O_RDONLY|O_CLOEXEC) = 6
14:15:41.363092 openat(AT_FDCWD, "/usr/share/fonts/truetype/noto/NotoSansMarchen-Regular.ttf", O_RDONLY|O_CLOEXEC) = 6
14:15:41.363241 openat(AT_FDCWD, "/usr/share/fonts/truetype/noto/NotoSansMasaramGondi-Regular.ttf", O_RDONLY|O_CLOEXEC) = 6
14:15:41.363381 openat(AT_FDCWD, "/usr/share/fonts/truetype/noto/NotoSansMath-Regular.ttf", O_RDONLY|O_CLOEXEC) = 6
14:15:41.363531 openat(AT_FDCWD, "/usr/share/fonts/truetype/noto/NotoSansMayanNumerals-Regular.ttf", O_RDONLY|O_CLOEXEC) = 6
14:15:41.363670 openat(AT_FDCWD, "/usr/share/fonts/truetype/noto/NotoSansMedefaidrin-Bold.ttf", O_RDONLY|O_CLOEXEC) = 6
14:15:41.363830 openat(AT_FDCWD, "/usr/share/fonts/truetype/noto/NotoSansMedefaidrin-Regular.ttf", O_RDONLY|O_CLOEXEC) = 6
14:15:41.363991 openat(AT_FDCWD, "/usr/share/fonts/truetype/noto/NotoSansMeeteiMayek-Bold.ttf", O_RDONLY|O_CLOEXEC) = 6
14:15:41.364142 openat(AT_FDCWD, "/usr/share/fonts/truetype/noto/NotoSansMeeteiMayek-Regular.ttf", O_RDONLY|O_CLOEXEC) = 6
14:15:41.364286 openat(AT_FDCWD, "/usr/share/fonts/truetype/noto/NotoSansMendeKikakui-Regular.ttf", O_RDONLY|O_CLOEXEC) = 6
14:15:41.364450 openat(AT_FDCWD, "/usr/share/fonts/truetype/noto/NotoSansMeroitic-Regular.ttf", O_RDONLY|O_CLOEXEC) = 6
14:15:41.364607 openat(AT_FDCWD, "/usr/share/fonts/truetype/noto/NotoSansMiao-Regular.ttf", O_RDONLY|O_CLOEXEC) = 6
14:15:41.364763 openat(AT_FDCWD, "/usr/share/fonts/truetype/noto/NotoSansModi-Regular.ttf", O_RDONLY|O_CLOEXEC) = 6
14:15:41.364937 openat(AT_FDCWD, "/usr/share/fonts/truetype/noto/NotoSansMongolian-Regular.ttf", O_RDONLY|O_CLOEXEC) = 6
14:15:41.365090 openat(AT_FDCWD, "/usr/share/fonts/truetype/noto/NotoSansMono-Bold.ttf", O_RDONLY|O_CLOEXEC) = 6
14:15:41.365241 openat(AT_FDCWD, "/usr/share/fonts/truetype/noto/NotoSansMono-Regular.ttf", O_RDONLY|O_CLOEXEC) = 6
14:15:41.365393 openat(AT_FDCWD, "/usr/share/fonts/truetype/noto/NotoSansMro-Regular.ttf", O_RDONLY|O_CLOEXEC) = 6
14:15:41.365542 openat(AT_FDCWD, "/usr/share/fonts/truetype/noto/NotoSansMultani-Regular.ttf", O_RDONLY|O_CLOEXEC) = 6
14:15:41.365690 openat(AT_FDCWD, "/usr/share/fonts/truetype/noto/NotoSansMyanmar-Bold.ttf", O_RDONLY|O_CLOEXEC) = 6
14:15:41.365851 openat(AT_FDCWD, "/usr/share/fonts/truetype/noto/NotoSansMyanmar-Regular.ttf", O_RDONLY|O_CLOEXEC) = 6
14:15:41.366012 openat(AT_FDCWD, "/usr/share/fonts/truetype/noto/NotoSansNKo-Regular.ttf", O_RDONLY|O_CLOEXEC) = 6
14:15:41.366164 openat(AT_FDCWD, "/usr/share/fonts/truetype/noto/NotoSansNabataean-Regular.ttf", O_RDONLY|O_CLOEXEC) = 6
14:15:41.366321 openat(AT_FDCWD, "/usr/share/fonts/truetype/noto/NotoSansNewTaiLue-Regular.ttf", O_RDONLY|O_CLOEXEC) = 6
14:15:41.366470 openat(AT_FDCWD, "/usr/share/fonts/truetype/noto/NotoSansNewa-Regular.ttf", O_RDONLY|O_CLOEXEC) = 6
14:15:41.366625 openat(AT_FDCWD, "/usr/share/fonts/truetype/noto/NotoSansNushu-Regular.ttf", O_RDONLY|O_CLOEXEC) = 6
14:15:41.366861 openat(AT_FDCWD, "/usr/share/fonts/truetype/noto/NotoSansOgham-Regular.ttf", O_RDONLY|O_CLOEXEC) = 6
14:15:41.367039 openat(AT_FDCWD, "/usr/share/fonts/truetype/noto/NotoSansOlChiki-Bold.ttf", O_RDONLY|O_CLOEXEC) = 6
14:15:41.367196 openat(AT_FDCWD, "/usr/share/fonts/truetype/noto/NotoSansOlChiki-Regular.ttf", O_RDONLY|O_CLOEXEC) = 6
14:15:41.367348 openat(AT_FDCWD, "/usr/share/fonts/truetype/noto/NotoSansOldHungarian-Regular.ttf", O_RDONLY|O_CLOEXEC) = 6
14:15:41.367506 openat(AT_FDCWD, "/usr/share/fonts/truetype/noto/NotoSansOldItalic-Regular.ttf", O_RDONLY|O_CLOEXEC) = 6
14:15:41.367658 openat(AT_FDCWD, "/usr/share/fonts/truetype/noto/NotoSansOldNorthArabian-Regular.ttf", O_RDONLY|O_CLOEXEC) = 6
14:15:41.367811 openat(AT_FDCWD, "/usr/share/fonts/truetype/noto/NotoSansOldPermic-Regular.ttf", O_RDONLY|O_CLOEXEC) = 6
14:15:41.367972 openat(AT_FDCWD, "/usr/share/fonts/truetype/noto/NotoSansOldPersian-Regular.ttf", O_RDONLY|O_CLOEXEC) = 6
14:15:41.368127 openat(AT_FDCWD, "/usr/share/fonts/truetype/noto/NotoSansOldSogdian-Regular.ttf", O_RDONLY|O_CLOEXEC) = 6
14:15:41.368281 openat(AT_FDCWD, "/usr/share/fonts/truetype/noto/NotoSansOldSouthArabian-Regular.ttf", O_RDONLY|O_CLOEXEC) = 6
14:15:41.368426 openat(AT_FDCWD, "/usr/share/fonts/truetype/noto/NotoSansOldTurkic-Regular.ttf", O_RDONLY|O_CLOEXEC) = 6
14:15:41.368564 openat(AT_FDCWD, "/usr/share/fonts/truetype/noto/NotoSansOriya-Bold.ttf", O_RDONLY|O_CLOEXEC) = 6
14:15:41.368773 openat(AT_FDCWD, "/usr/share/fonts/truetype/noto/NotoSansOriya-Regular.ttf", O_RDONLY|O_CLOEXEC) = 6
14:15:41.368938 openat(AT_FDCWD, "/usr/share/fonts/truetype/noto/NotoSansOsage-Regular.ttf", O_RDONLY|O_CLOEXEC) = 6
14:15:41.369082 openat(AT_FDCWD, "/usr/share/fonts/truetype/noto/NotoSansOsmanya-Regular.ttf", O_RDONLY|O_CLOEXEC) = 6
14:15:41.369234 openat(AT_FDCWD, "/usr/share/fonts/truetype/noto/NotoSansPahawhHmong-Regular.ttf", O_RDONLY|O_CLOEXEC) = 6
14:15:41.369377 openat(AT_FDCWD, "/usr/share/fonts/truetype/noto/NotoSansPalmyrene-Regular.ttf", O_RDONLY|O_CLOEXEC) = 6
14:15:41.369517 openat(AT_FDCWD, "/usr/share/fonts/truetype/noto/NotoSansPauCinHau-Regular.ttf", O_RDONLY|O_CLOEXEC) = 6
14:15:41.369655 openat(AT_FDCWD, "/usr/share/fonts/truetype/noto/NotoSansPhagsPa-Regular.ttf", O_RDONLY|O_CLOEXEC) = 6
14:15:41.369796 openat(AT_FDCWD, "/usr/share/fonts/truetype/noto/NotoSansPhoenician-Regular.ttf", O_RDONLY|O_CLOEXEC) = 6
14:15:41.369941 openat(AT_FDCWD, "/usr/share/fonts/truetype/noto/NotoSansPsalterPahlavi-Regular.ttf", O_RDONLY|O_CLOEXEC) = 6
14:15:41.370084 openat(AT_FDCWD, "/usr/share/fonts/truetype/noto/NotoSansRejang-Regular.ttf", O_RDONLY|O_CLOEXEC) = 6
14:15:41.370222 openat(AT_FDCWD, "/usr/share/fonts/truetype/noto/NotoSansRunic-Regular.ttf", O_RDONLY|O_CLOEXEC) = 6
14:15:41.370360 openat(AT_FDCWD, "/usr/share/fonts/truetype/noto/NotoSansSamaritan-Regular.ttf", O_RDONLY|O_CLOEXEC) = 6
14:15:41.370500 openat(AT_FDCWD, "/usr/share/fonts/truetype/noto/NotoSansSaurashtra-Regular.ttf", O_RDONLY|O_CLOEXEC) = 6
14:15:41.370642 openat(AT_FDCWD, "/usr/share/fonts/truetype/noto/NotoSansSharada-Regular.ttf", O_RDONLY|O_CLOEXEC) = 6
14:15:41.370785 openat(AT_FDCWD, "/usr/share/fonts/truetype/noto/NotoSansShavian-Regular.ttf", O_RDONLY|O_CLOEXEC) = 6
14:15:41.370929 openat(AT_FDCWD, "/usr/share/fonts/truetype/noto/NotoSansSiddham-Regular.ttf", O_RDONLY|O_CLOEXEC) = 6
14:15:41.371079 openat(AT_FDCWD, "/usr/share/fonts/truetype/noto/NotoSansSignWriting-Regular.ttf", O_RDONLY|O_CLOEXEC) = 6
14:15:41.371236 openat(AT_FDCWD, "/usr/share/fonts/truetype/noto/NotoSansSinhala-Bold.ttf", O_RDONLY|O_CLOEXEC) = 6
14:15:41.371384 openat(AT_FDCWD, "/usr/share/fonts/truetype/noto/NotoSansSinhala-Regular.ttf", O_RDONLY|O_CLOEXEC) = 6
14:15:41.371530 openat(AT_FDCWD, "/usr/share/fonts/truetype/noto/NotoSansSogdian-Regular.ttf", O_RDONLY|O_CLOEXEC) = 6
14:15:41.371677 openat(AT_FDCWD, "/usr/share/fonts/truetype/noto/NotoSansSoraSompeng-Bold.ttf", O_RDONLY|O_CLOEXEC) = 6
14:15:41.371816 openat(AT_FDCWD, "/usr/share/fonts/truetype/noto/NotoSansSoraSompeng-Regular.ttf", O_RDONLY|O_CLOEXEC) = 6
14:15:41.371959 openat(AT_FDCWD, "/usr/share/fonts/truetype/noto/NotoSansSoyombo-Regular.ttf", O_RDONLY|O_CLOEXEC) = 6
14:15:41.372104 openat(AT_FDCWD, "/usr/share/fonts/truetype/noto/NotoSansSundanese-Bold.ttf", O_RDONLY|O_CLOEXEC) = 6
14:15:41.372244 openat(AT_FDCWD, "/usr/share/fonts/truetype/noto/NotoSansSundanese-Regular.ttf", O_RDONLY|O_CLOEXEC) = 6
14:15:41.372387 openat(AT_FDCWD, "/usr/share/fonts/truetype/noto/NotoSansSylotiNagri-Regular.ttf", O_RDONLY|O_CLOEXEC) = 6
14:15:41.372527 openat(AT_FDCWD, "/usr/share/fonts/truetype/noto/NotoSansSymbols-Bold.ttf", O_RDONLY|O_CLOEXEC) = 6
14:15:41.372675 openat(AT_FDCWD, "/usr/share/fonts/truetype/noto/NotoSansSymbols-Regular.ttf", O_RDONLY|O_CLOEXEC) = 6
14:15:41.372823 openat(AT_FDCWD, "/usr/share/fonts/truetype/noto/NotoSansSymbols2-Regular.ttf", O_RDONLY|O_CLOEXEC) = 6
14:15:41.372977 openat(AT_FDCWD, "/usr/share/fonts/truetype/noto/NotoSansSyriac-Regular.ttf", O_RDONLY|O_CLOEXEC) = 6
14:15:41.373124 openat(AT_FDCWD, "/usr/share/fonts/truetype/noto/NotoSansTagalog-Regular.ttf", O_RDONLY|O_CLOEXEC) = 6
14:15:41.373262 openat(AT_FDCWD, "/usr/share/fonts/truetype/noto/NotoSansTagbanwa-Regular.ttf", O_RDONLY|O_CLOEXEC) = 6
14:15:41.373399 openat(AT_FDCWD, "/usr/share/fonts/truetype/noto/NotoSansTaiLe-Regular.ttf", O_RDONLY|O_CLOEXEC) = 6
14:15:41.373537 openat(AT_FDCWD, "/usr/share/fonts/truetype/noto/NotoSansTaiTham-Bold.ttf", O_RDONLY|O_CLOEXEC) = 6
14:15:41.373679 openat(AT_FDCWD, "/usr/share/fonts/truetype/noto/NotoSansTaiTham-Regular.ttf", O_RDONLY|O_CLOEXEC) = 6
14:15:41.373821 openat(AT_FDCWD, "/usr/share/fonts/truetype/noto/NotoSansTaiViet-Regular.ttf", O_RDONLY|O_CLOEXEC) = 6
14:15:41.373966 openat(AT_FDCWD, "/usr/share/fonts/truetype/noto/NotoSansTakri-Regular.ttf", O_RDONLY|O_CLOEXEC) = 6
14:15:41.374106 openat(AT_FDCWD, "/usr/share/fonts/truetype/noto/NotoSansTamil-Bold.ttf", O_RDONLY|O_CLOEXEC) = 6
14:15:41.374266 openat(AT_FDCWD, "/usr/share/fonts/truetype/noto/NotoSansTamil-Regular.ttf", O_RDONLY|O_CLOEXEC) = 6
14:15:41.374409 openat(AT_FDCWD, "/usr/share/fonts/truetype/noto/NotoSansTamilSupplement-Regular.ttf", O_RDONLY|O_CLOEXEC) = 6
14:15:41.374548 openat(AT_FDCWD, "/usr/share/fonts/truetype/noto/NotoSansTelugu-Bold.ttf", O_RDONLY|O_CLOEXEC) = 6
14:15:41.374694 openat(AT_FDCWD, "/usr/share/fonts/truetype/noto/NotoSansTelugu-Regular.ttf", O_RDONLY|O_CLOEXEC) = 6
14:15:41.374840 openat(AT_FDCWD, "/usr/share/fonts/truetype/noto/NotoSansThaana-Bold.ttf", O_RDONLY|O_CLOEXEC) = 6
14:15:41.375055 openat(AT_FDCWD, "/usr/share/fonts/truetype/noto/NotoSansThaana-Regular.ttf", O_RDONLY|O_CLOEXEC) = 6
14:15:41.375227 openat(AT_FDCWD, "/usr/share/fonts/truetype/noto/NotoSansThai-Bold.ttf", O_RDONLY|O_CLOEXEC) = 6
14:15:41.375392 openat(AT_FDCWD, "/usr/share/fonts/truetype/noto/NotoSansThai-Regular.ttf", O_RDONLY|O_CLOEXEC) = 6
14:15:41.375553 openat(AT_FDCWD, "/usr/share/fonts/truetype/noto/NotoSansTifinagh-Regular.ttf", O_RDONLY|O_CLOEXEC) = 6
14:15:41.375714 openat(AT_FDCWD, "/usr/share/fonts/truetype/noto/NotoSansTifinaghAPT-Regular.ttf", O_RDONLY|O_CLOEXEC) = 6
14:15:41.375875 openat(AT_FDCWD, "/usr/share/fonts/truetype/noto/NotoSansTifinaghAdrar-Regular.ttf", O_RDONLY|O_CLOEXEC) = 6
14:15:41.376048 openat(AT_FDCWD, "/usr/share/fonts/truetype/noto/NotoSansTifinaghAgrawImazighen-Regular.ttf", O_RDONLY|O_CLOEXEC) = 6
14:15:41.376210 openat(AT_FDCWD, "/usr/share/fonts/truetype/noto/NotoSansTifinaghAhaggar-Regular.ttf", O_RDONLY|O_CLOEXEC) = 6
14:15:41.376371 openat(AT_FDCWD, "/usr/share/fonts/truetype/noto/NotoSansTifinaghAir-Regular.ttf", O_RDONLY|O_CLOEXEC) = 6
14:15:41.376512 openat(AT_FDCWD, "/usr/share/fonts/truetype/noto/NotoSansTifinaghAzawagh-Regular.ttf", O_RDONLY|O_CLOEXEC) = 6
14:15:41.376652 openat(AT_FDCWD, "/usr/share/fonts/truetype/noto/NotoSansTifinaghGhat-Regular.ttf", O_RDONLY|O_CLOEXEC) = 6
14:15:41.376791 openat(AT_FDCWD, "/usr/share/fonts/truetype/noto/NotoSansTifinaghHawad-Regular.ttf", O_RDONLY|O_CLOEXEC) = 6
14:15:41.376939 openat(AT_FDCWD, "/usr/share/fonts/truetype/noto/NotoSansTifinaghRhissaIxa-Regular.ttf", O_RDONLY|O_CLOEXEC) = 6
14:15:41.377087 openat(AT_FDCWD, "/usr/share/fonts/truetype/noto/NotoSansTifinaghSIL-Regular.ttf", O_RDONLY|O_CLOEXEC) = 6
14:15:41.377272 openat(AT_FDCWD, "/usr/share/fonts/truetype/noto/NotoSansTifinaghTawellemmet-Regular.ttf", O_RDONLY|O_CLOEXEC) = 6
14:15:41.377465 openat(AT_FDCWD, "/usr/share/fonts/truetype/noto/NotoSansTirhuta-Regular.ttf", O_RDONLY|O_CLOEXEC) = 6
14:15:41.377644 openat(AT_FDCWD, "/usr/share/fonts/truetype/noto/NotoSansUgaritic-Regular.ttf", O_RDONLY|O_CLOEXEC) = 6
14:15:41.377811 openat(AT_FDCWD, "/usr/share/fonts/truetype/noto/NotoSansVai-Regular.ttf", O_RDONLY|O_CLOEXEC) = 6
14:15:41.377996 openat(AT_FDCWD, "/usr/share/fonts/truetype/noto/NotoSansWancho-Regular.ttf", O_RDONLY|O_CLOEXEC) = 6
14:15:41.378167 openat(AT_FDCWD, "/usr/share/fonts/truetype/noto/NotoSansWarangCiti-Regular.ttf", O_RDONLY|O_CLOEXEC) = 6
14:15:41.378339 openat(AT_FDCWD, "/usr/share/fonts/truetype/noto/NotoSansYi-Regular.ttf", O_RDONLY|O_CLOEXEC) = 6
14:15:41.378491 openat(AT_FDCWD, "/usr/share/fonts/truetype/noto/NotoSansZanabazarSquare-Regular.ttf", O_RDONLY|O_CLOEXEC) = 6
14:15:41.378630 openat(AT_FDCWD, "/usr/share/fonts/truetype/noto/NotoSerif-Bold.ttf", O_RDONLY|O_CLOEXEC) = 6
14:15:41.378775 openat(AT_FDCWD, "/usr/share/fonts/truetype/noto/NotoSerif-BoldItalic.ttf", O_RDONLY|O_CLOEXEC) = 6
14:15:41.378927 openat(AT_FDCWD, "/usr/share/fonts/truetype/noto/NotoSerif-Italic.ttf", O_RDONLY|O_CLOEXEC) = 6
14:15:41.379086 openat(AT_FDCWD, "/usr/share/fonts/truetype/noto/NotoSerif-Regular.ttf", O_RDONLY|O_CLOEXEC) = 6
14:15:41.379232 openat(AT_FDCWD, "/usr/share/fonts/truetype/noto/NotoSerifAhom-Regular.ttf", O_RDONLY|O_CLOEXEC) = 6
14:15:41.379370 openat(AT_FDCWD, "/usr/share/fonts/truetype/noto/NotoSerifArmenian-Bold.ttf", O_RDONLY|O_CLOEXEC) = 6
14:15:41.379509 openat(AT_FDCWD, "/usr/share/fonts/truetype/noto/NotoSerifArmenian-Regular.ttf", O_RDONLY|O_CLOEXEC) = 6
14:15:41.379666 openat(AT_FDCWD, "/usr/share/fonts/truetype/noto/NotoSerifBalinese-Regular.ttf", O_RDONLY|O_CLOEXEC) = 6
14:15:41.379807 openat(AT_FDCWD, "/usr/share/fonts/truetype/noto/NotoSerifBengali-Bold.ttf", O_RDONLY|O_CLOEXEC) = 6
14:15:41.379989 openat(AT_FDCWD, "/usr/share/fonts/truetype/noto/NotoSerifBengali-Regular.ttf", O_RDONLY|O_CLOEXEC) = 6
14:15:41.380139 openat(AT_FDCWD, "/usr/share/fonts/truetype/noto/NotoSerifDevanagari-Bold.ttf", O_RDONLY|O_CLOEXEC) = 6
14:15:41.380289 openat(AT_FDCWD, "/usr/share/fonts/truetype/noto/NotoSerifDevanagari-Regular.ttf", O_RDONLY|O_CLOEXEC) = 6
14:15:41.380438 openat(AT_FDCWD, "/usr/share/fonts/truetype/noto/NotoSerifDisplay-Bold.ttf", O_RDONLY|O_CLOEXEC) = 6
14:15:41.380585 openat(AT_FDCWD, "/usr/share/fonts/truetype/noto/NotoSerifDisplay-BoldItalic.ttf", O_RDONLY|O_CLOEXEC) = 6
14:15:41.380731 openat(AT_FDCWD, "/usr/share/fonts/truetype/noto/NotoSerifDisplay-Italic.ttf", O_RDONLY|O_CLOEXEC) = 6
14:15:41.380878 openat(AT_FDCWD, "/usr/share/fonts/truetype/noto/NotoSerifDisplay-Regular.ttf", O_RDONLY|O_CLOEXEC) = 6
14:15:41.381031 openat(AT_FDCWD, "/usr/share/fonts/truetype/noto/NotoSerifDogra-Regular.ttf", O_RDONLY|O_CLOEXEC) = 6
14:15:41.381171 openat(AT_FDCWD, "/usr/share/fonts/truetype/noto/NotoSerifEthiopic-Bold.ttf", O_RDONLY|O_CLOEXEC) = 6
14:15:41.381316 openat(AT_FDCWD, "/usr/share/fonts/truetype/noto/NotoSerifEthiopic-Regular.ttf", O_RDONLY|O_CLOEXEC) = 6
14:15:41.381462 openat(AT_FDCWD, "/usr/share/fonts/truetype/noto/NotoSerifGeorgian-Bold.ttf", O_RDONLY|O_CLOEXEC) = 6
14:15:41.381603 openat(AT_FDCWD, "/usr/share/fonts/truetype/noto/NotoSerifGeorgian-Regular.ttf", O_RDONLY|O_CLOEXEC) = 6
14:15:41.381745 openat(AT_FDCWD, "/usr/share/fonts/truetype/noto/NotoSerifGrantha-Regular.ttf", O_RDONLY|O_CLOEXEC) = 6
14:15:41.381892 openat(AT_FDCWD, "/usr/share/fonts/truetype/noto/NotoSerifGujarati-Bold.ttf", O_RDONLY|O_CLOEXEC) = 6
14:15:41.382043 openat(AT_FDCWD, "/usr/share/fonts/truetype/noto/NotoSerifGujarati-Regular.ttf", O_RDONLY|O_CLOEXEC) = 6
14:15:41.382190 openat(AT_FDCWD, "/usr/share/fonts/truetype/noto/NotoSerifGurmukhi-Bold.ttf", O_RDONLY|O_CLOEXEC) = 6
14:15:41.382331 openat(AT_FDCWD, "/usr/share/fonts/truetype/noto/NotoSerifGurmukhi-Regular.ttf", O_RDONLY|O_CLOEXEC) = 6
14:15:41.382471 openat(AT_FDCWD, "/usr/share/fonts/truetype/noto/NotoSerifHebrew-Bold.ttf", O_RDONLY|O_CLOEXEC) = 6
14:15:41.382610 openat(AT_FDCWD, "/usr/share/fonts/truetype/noto/NotoSerifHebrew-Regular.ttf", O_RDONLY|O_CLOEXEC) = 6
14:15:41.382749 openat(AT_FDCWD, "/usr/share/fonts/truetype/noto/NotoSerifKannada-Bold.ttf", O_RDONLY|O_CLOEXEC) = 6
14:15:41.382894 openat(AT_FDCWD, "/usr/share/fonts/truetype/noto/NotoSerifKannada-Regular.ttf", O_RDONLY|O_CLOEXEC) = 6
14:15:41.383045 openat(AT_FDCWD, "/usr/share/fonts/truetype/noto/NotoSerifKhmer-Bold.ttf", O_RDONLY|O_CLOEXEC) = 6
14:15:41.383191 openat(AT_FDCWD, "/usr/share/fonts/truetype/noto/NotoSerifKhmer-Regular.ttf", O_RDONLY|O_CLOEXEC) = 6
14:15:41.383337 openat(AT_FDCWD, "/usr/share/fonts/truetype/noto/NotoSerifKhojki-Bold.ttf", O_RDONLY|O_CLOEXEC) = 6
14:15:41.383485 openat(AT_FDCWD, "/usr/share/fonts/truetype/noto/NotoSerifKhojki-Regular.ttf", O_RDONLY|O_CLOEXEC) = 6
14:15:41.383631 openat(AT_FDCWD, "/usr/share/fonts/truetype/noto/NotoSerifLao-Bold.ttf", O_RDONLY|O_CLOEXEC) = 6
14:15:41.383772 openat(AT_FDCWD, "/usr/share/fonts/truetype/noto/NotoSerifLao-Regular.ttf", O_RDONLY|O_CLOEXEC) = 6
14:15:41.383918 openat(AT_FDCWD, "/usr/share/fonts/truetype/noto/NotoSerifMalayalam-Bold.ttf", O_RDONLY|O_CLOEXEC) = 6
14:15:41.384068 openat(AT_FDCWD, "/usr/share/fonts/truetype/noto/NotoSerifMalayalam-Regular.ttf", O_RDONLY|O_CLOEXEC) = 6
14:15:41.384216 openat(AT_FDCWD, "/usr/share/fonts/truetype/noto/NotoSerifMyanmar-Bold.ttf", O_RDONLY|O_CLOEXEC) = 6
14:15:41.384374 openat(AT_FDCWD, "/usr/share/fonts/truetype/noto/NotoSerifMyanmar-Regular.ttf", O_RDONLY|O_CLOEXEC) = 6
14:15:41.384523 openat(AT_FDCWD, "/usr/share/fonts/truetype/noto/NotoSerifNyiakengPuachueHmong-Bold.ttf", O_RDONLY|O_CLOEXEC) = 6
14:15:41.384676 openat(AT_FDCWD, "/usr/share/fonts/truetype/noto/NotoSerifNyiakengPuachueHmong-Regular.ttf", O_RDONLY|O_CLOEXEC) = 6
14:15:41.384815 openat(AT_FDCWD, "/usr/share/fonts/truetype/noto/NotoSerifSinhala-Bold.ttf", O_RDONLY|O_CLOEXEC) = 6
14:15:41.384969 openat(AT_FDCWD, "/usr/share/fonts/truetype/noto/NotoSerifSinhala-Regular.ttf", O_RDONLY|O_CLOEXEC) = 6
14:15:41.385119 openat(AT_FDCWD, "/usr/share/fonts/truetype/noto/NotoSerifTamil-Bold.ttf", O_RDONLY|O_CLOEXEC) = 6
14:15:41.385265 openat(AT_FDCWD, "/usr/share/fonts/truetype/noto/NotoSerifTamil-Regular.ttf", O_RDONLY|O_CLOEXEC) = 6
14:15:41.385410 openat(AT_FDCWD, "/usr/share/fonts/truetype/noto/NotoSerifTamilSlanted-Bold.ttf", O_RDONLY|O_CLOEXEC) = 6
14:15:41.385556 openat(AT_FDCWD, "/usr/share/fonts/truetype/noto/NotoSerifTamilSlanted-Regular.ttf", O_RDONLY|O_CLOEXEC) = 6
14:15:41.385701 openat(AT_FDCWD, "/usr/share/fonts/truetype/noto/NotoSerifTangut-Regular.ttf", O_RDONLY|O_CLOEXEC) = 6
14:15:41.385860 openat(AT_FDCWD, "/usr/share/fonts/truetype/noto/NotoSerifTelugu-Bold.ttf", O_RDONLY|O_CLOEXEC) = 6
14:15:41.386046 openat(AT_FDCWD, "/usr/share/fonts/truetype/noto/NotoSerifTelugu-Regular.ttf", O_RDONLY|O_CLOEXEC) = 6
14:15:41.386231 openat(AT_FDCWD, "/usr/share/fonts/truetype/noto/NotoSerifThai-Bold.ttf", O_RDONLY|O_CLOEXEC) = 6
14:15:41.386396 openat(AT_FDCWD, "/usr/share/fonts/truetype/noto/NotoSerifThai-Regular.ttf", O_RDONLY|O_CLOEXEC) = 6
14:15:41.386575 openat(AT_FDCWD, "/usr/share/fonts/truetype/noto/NotoSerifTibetan-Bold.ttf", O_RDONLY|O_CLOEXEC) = 6
14:15:41.386745 openat(AT_FDCWD, "/usr/share/fonts/truetype/noto/NotoSerifTibetan-Regular.ttf", O_RDONLY|O_CLOEXEC) = 6
14:15:41.386914 openat(AT_FDCWD, "/usr/share/fonts/truetype/noto/NotoSerifYezidi-Bold.ttf", O_RDONLY|O_CLOEXEC) = 6
14:15:41.387089 openat(AT_FDCWD, "/usr/share/fonts/truetype/noto/NotoSerifYezidi-Regular.ttf", O_RDONLY|O_CLOEXEC) = 6
14:15:41.387248 openat(AT_FDCWD, "/usr/share/fonts/truetype/noto/NotoTraditionalNushu-Regular.ttf", O_RDONLY|O_CLOEXEC) = 6
14:15:41.387412 openat(AT_FDCWD, "/usr/share/fonts/truetype/noto/NotoColorEmoji.ttf", O_RDONLY|O_CLOEXEC) = 6
14:15:41.387601 openat(AT_FDCWD, "/usr/share/fonts/truetype/ubuntu", O_RDONLY|O_NONBLOCK|O_CLOEXEC|O_DIRECTORY) = 5
14:15:41.387855 openat(AT_FDCWD, "/usr/share/fonts/truetype/ubuntu/Ubuntu[wdth,wght].ttf", O_RDONLY|O_CLOEXEC) = 6
14:15:41.388155 openat(AT_FDCWD, "/usr/share/fonts/truetype/ubuntu/Ubuntu-Italic[wdth,wght].ttf", O_RDONLY|O_CLOEXEC) = 6
14:15:41.389629 openat(AT_FDCWD, "/usr/share/fonts/truetype/ubuntu/UbuntuMono[wght].ttf", O_RDONLY|O_CLOEXEC) = 6
14:15:41.389931 openat(AT_FDCWD, "/usr/share/fonts/truetype/ubuntu/UbuntuMono-Italic[wght].ttf", O_RDONLY|O_CLOEXEC) = 6
14:15:41.390378 openat(AT_FDCWD, "/usr/share/fonts/truetype/ubuntu/UbuntuSans-Italic[wdth,wght].ttf", O_RDONLY|O_CLOEXEC) = 6
14:15:41.390528 openat(AT_FDCWD, "/usr/share/fonts/truetype/ubuntu/UbuntuSansMono-Italic[wght].ttf", O_RDONLY|O_CLOEXEC) = 6
14:15:41.390678 openat(AT_FDCWD, "/usr/share/fonts/truetype/ubuntu/UbuntuSansMono[wght].ttf", O_RDONLY|O_CLOEXEC) = 6
14:15:41.390826 openat(AT_FDCWD, "/usr/share/fonts/truetype/ubuntu/UbuntuSans[wdth,wght].ttf", O_RDONLY|O_CLOEXEC) = 6
14:15:41.391023 openat(AT_FDCWD, "/usr/share/fonts/truetype/tuffy", O_RDONLY|O_NONBLOCK|O_CLOEXEC|O_DIRECTORY) = 5
14:15:41.391125 openat(AT_FDCWD, "/usr/share/fonts/truetype/tuffy/tuffy_bold.ttf", O_RDONLY|O_CLOEXEC) = 6
14:15:41.391272 openat(AT_FDCWD, "/usr/share/fonts/truetype/tuffy/tuffy_bold_italic.ttf", O_RDONLY|O_CLOEXEC) = 6
14:15:41.391419 openat(AT_FDCWD, "/usr/share/fonts/truetype/tuffy/tuffy_italic.ttf", O_RDONLY|O_CLOEXEC) = 6
14:15:41.391566 openat(AT_FDCWD, "/usr/share/fonts/truetype/tuffy/tuffy_regular.ttf", O_RDONLY|O_CLOEXEC) = 6
14:15:41.391751 openat(AT_FDCWD, "/usr/share/fonts/truetype/lyx", O_RDONLY|O_NONBLOCK|O_CLOEXEC|O_DIRECTORY) = 5
14:15:41.391851 openat(AT_FDCWD, "/usr/share/fonts/truetype/lyx/cmex10.ttf", O_RDONLY|O_CLOEXEC) = 6
14:15:41.391997 openat(AT_FDCWD, "/usr/share/fonts/truetype/lyx/cmmi10.ttf", O_RDONLY|O_CLOEXEC) = 6
14:15:41.392156 openat(AT_FDCWD, "/usr/share/fonts/truetype/lyx/cmr10.ttf", O_RDONLY|O_CLOEXEC) = 6
14:15:41.392295 openat(AT_FDCWD, "/usr/share/fonts/truetype/lyx/cmsy10.ttf", O_RDONLY|O_CLOEXEC) = 6
14:15:41.392434 openat(AT_FDCWD, "/usr/share/fonts/truetype/lyx/dsrom10.ttf", O_RDONLY|O_CLOEXEC) = 6
14:15:41.392571 openat(AT_FDCWD, "/usr/share/fonts/truetype/lyx/esint10.ttf", O_RDONLY|O_CLOEXEC) = 6
14:15:41.392710 openat(AT_FDCWD, "/usr/share/fonts/truetype/lyx/eufm10.ttf", O_RDONLY|O_CLOEXEC) = 6
14:15:41.392848 openat(AT_FDCWD, "/usr/share/fonts/truetype/lyx/msam10.ttf", O_RDONLY|O_CLOEXEC) = 6
14:15:41.392991 openat(AT_FDCWD, "/usr/share/fonts/truetype/lyx/msbm10.ttf", O_RDONLY|O_CLOEXEC) = 6
14:15:41.393132 openat(AT_FDCWD, "/usr/share/fonts/truetype/lyx/rsfs10.ttf", O_RDONLY|O_CLOEXEC) = 6
14:15:41.393270 openat(AT_FDCWD, "/usr/share/fonts/truetype/lyx/stmary10.ttf", O_RDONLY|O_CLOEXEC) = 6
14:15:41.393408 openat(AT_FDCWD, "/usr/share/fonts/truetype/lyx/wasy10.ttf", O_RDONLY|O_CLOEXEC) = 6
14:15:41.393585 openat(AT_FDCWD, "/usr/share/fonts/truetype/open-sans", O_RDONLY|O_NONBLOCK|O_CLOEXEC|O_DIRECTORY) = 5
14:15:41.393686 openat(AT_FDCWD, "/usr/share/fonts/truetype/open-sans/OpenSans-Bold.ttf", O_RDONLY|O_CLOEXEC) = 6
14:15:41.393833 openat(AT_FDCWD, "/usr/share/fonts/truetype/open-sans/OpenSans-BoldItalic.ttf", O_RDONLY|O_CLOEXEC) = 6
14:15:41.394012 openat(AT_FDCWD, "/usr/share/fonts/truetype/open-sans/OpenSans-CondBold.ttf", O_RDONLY|O_CLOEXEC) = 6
14:15:41.394204 openat(AT_FDCWD, "/usr/share/fonts/truetype/open-sans/OpenSans-CondLight.ttf", O_RDONLY|O_CLOEXEC) = 6
14:15:41.394372 openat(AT_FDCWD, "/usr/share/fonts/truetype/open-sans/OpenSans-CondLightItalic.ttf", O_RDONLY|O_CLOEXEC) = 6
14:15:41.394537 openat(AT_FDCWD, "/usr/share/fonts/truetype/open-sans/OpenSans-ExtraBold.ttf", O_RDONLY|O_CLOEXEC) = 6
14:15:41.394704 openat(AT_FDCWD, "/usr/share/fonts/truetype/open-sans/OpenSans-ExtraBoldItalic.ttf", O_RDONLY|O_CLOEXEC) = 6
14:15:41.394869 openat(AT_FDCWD, "/usr/share/fonts/truetype/open-sans/OpenSans-Italic.ttf", O_RDONLY|O_CLOEXEC) = 6
14:15:41.395044 openat(AT_FDCWD, "/usr/share/fonts/truetype/open-sans/OpenSans-Light.ttf", O_RDONLY|O_CLOEXEC) = 6
14:15:41.395210 openat(AT_FDCWD, "/usr/share/fonts/truetype/open-sans/OpenSans-LightItalic.ttf", O_RDONLY|O_CLOEXEC) = 6
14:15:41.395375 openat(AT_FDCWD, "/usr/share/fonts/truetype/open-sans/OpenSans-Regular.ttf", O_RDONLY|O_CLOEXEC) = 6
14:15:41.395524 openat(AT_FDCWD, "/usr/share/fonts/truetype/open-sans/OpenSans-Semibold.ttf", O_RDONLY|O_CLOEXEC) = 6
14:15:41.395669 openat(AT_FDCWD, "/usr/share/fonts/truetype/open-sans/OpenSans-SemiboldItalic.ttf", O_RDONLY|O_CLOEXEC) = 6
14:15:41.395855 openat(AT_FDCWD, "/usr/share/fonts/truetype/lato", O_RDONLY|O_NONBLOCK|O_CLOEXEC|O_DIRECTORY) = 5
14:15:41.395962 openat(AT_FDCWD, "/usr/share/fonts/truetype/lato/Lato-Black.ttf", O_RDONLY|O_CLOEXEC) = 6
14:15:41.396164 openat(AT_FDCWD, "/usr/share/fonts/truetype/lato/Lato-BlackItalic.ttf", O_RDONLY|O_CLOEXEC) = 6
14:15:41.396372 openat(AT_FDCWD, "/usr/share/fonts/truetype/lato/Lato-Bold.ttf", O_RDONLY|O_CLOEXEC) = 6
14:15:41.396559 openat(AT_FDCWD, "/usr/share/fonts/truetype/lato/Lato-BoldItalic.ttf", O_RDONLY|O_CLOEXEC) = 6
14:15:41.396741 openat(AT_FDCWD, "/usr/share/fonts/truetype/lato/Lato-Hairline.ttf", O_RDONLY|O_CLOEXEC) = 6
14:15:41.396928 openat(AT_FDCWD, "/usr/share/fonts/truetype/lato/Lato-HairlineItalic.ttf", O_RDONLY|O_CLOEXEC) = 6
14:15:41.397113 openat(AT_FDCWD, "/usr/share/fonts/truetype/lato/Lato-Heavy.ttf", O_RDONLY|O_CLOEXEC) = 6
14:15:41.397295 openat(AT_FDCWD, "/usr/share/fonts/truetype/lato/Lato-HeavyItalic.ttf", O_RDONLY|O_CLOEXEC) = 6
14:15:41.397464 openat(AT_FDCWD, "/usr/share/fonts/truetype/lato/Lato-Italic.ttf", O_RDONLY|O_CLOEXEC) = 6
14:15:41.397613 openat(AT_FDCWD, "/usr/share/fonts/truetype/lato/Lato-Light.ttf", O_RDONLY|O_CLOEXEC) = 6
14:15:41.397760 openat(AT_FDCWD, "/usr/share/fonts/truetype/lato/Lato-LightItalic.ttf", O_RDONLY|O_CLOEXEC) = 6
14:15:41.397991 openat(AT_FDCWD, "/usr/share/fonts/truetype/lato/Lato-Medium.ttf", O_RDONLY|O_CLOEXEC) = 6
14:15:41.398171 openat(AT_FDCWD, "/usr/share/fonts/truetype/lato/Lato-MediumItalic.ttf", O_RDONLY|O_CLOEXEC) = 6
14:15:41.398333 openat(AT_FDCWD, "/usr/share/fonts/truetype/lato/Lato-Regular.ttf", O_RDONLY|O_CLOEXEC) = 6
14:15:41.398501 openat(AT_FDCWD, "/usr/share/fonts/truetype/lato/Lato-Semibold.ttf", O_RDONLY|O_CLOEXEC) = 6
14:15:41.398662 openat(AT_FDCWD, "/usr/share/fonts/truetype/lato/Lato-SemiboldItalic.ttf", O_RDONLY|O_CLOEXEC) = 6
14:15:41.398823 openat(AT_FDCWD, "/usr/share/fonts/truetype/lato/Lato-Thin.ttf", O_RDONLY|O_CLOEXEC) = 6
14:15:41.398991 openat(AT_FDCWD, "/usr/share/fonts/truetype/lato/Lato-ThinItalic.ttf", O_RDONLY|O_CLOEXEC) = 6
14:15:41.399205 openat(AT_FDCWD, "/usr/share/fonts/truetype/adf", O_RDONLY|O_NONBLOCK|O_CLOEXEC|O_DIRECTORY) = 5
14:15:41.399313 openat(AT_FDCWD, "/usr/share/fonts/truetype/adf/OldaniaADFStd-Bold.otf", O_RDONLY|O_CLOEXEC) = 6
14:15:41.399468 openat(AT_FDCWD, "/usr/share/fonts/truetype/adf/OldaniaADFStd-BoldItalic.otf", O_RDONLY|O_CLOEXEC) = 6
14:15:41.399623 openat(AT_FDCWD, "/usr/share/fonts/truetype/adf/OldaniaADFStd-Italic.otf", O_RDONLY|O_CLOEXEC) = 6
14:15:41.399778 openat(AT_FDCWD, "/usr/share/fonts/truetype/adf/OldaniaADFStd-Regular.otf", O_RDONLY|O_CLOEXEC) = 6
14:15:41.399972 openat(AT_FDCWD, "/usr/share/fonts/truetype/font-awesome", O_RDONLY|O_NONBLOCK|O_CLOEXEC|O_DIRECTORY) = 5
14:15:41.400073 openat(AT_FDCWD, "/usr/share/fonts/truetype/font-awesome/fontawesome-webfont.ttf", O_RDONLY|O_CLOEXEC) = 6
14:15:41.400264 openat(AT_FDCWD, "/usr/share/fonts/truetype/glyphicons", O_RDONLY|O_NONBLOCK|O_CLOEXEC|O_DIRECTORY) = 5
14:15:41.400361 openat(AT_FDCWD, "/usr/share/fonts/truetype/glyphicons/glyphicons-halflings-regular.ttf", O_RDONLY|O_CLOEXEC) = 6
14:15:41.400544 openat(AT_FDCWD, "/usr/share/fonts/truetype/gfonts", O_RDONLY|O_NONBLOCK|O_CLOEXEC|O_DIRECTORY) = 5
14:15:41.400659 openat(AT_FDCWD, "/usr/share/fonts/truetype/gfonts/alegreya", O_RDONLY|O_NONBLOCK|O_CLOEXEC|O_DIRECTORY) = 6
14:15:41.400762 openat(AT_FDCWD, "/usr/share/fonts/truetype/gfonts/alegreya/alegreya-v13-latin-700.ttf", O_RDONLY|O_CLOEXEC) = 7
14:15:41.400919 openat(AT_FDCWD, "/usr/share/fonts/truetype/gfonts/alegreya/alegreya-v13-latin-italic.ttf", O_RDONLY|O_CLOEXEC) = 7
14:15:41.401075 openat(AT_FDCWD, "/usr/share/fonts/truetype/gfonts/alegreya/alegreya-v13-latin-regular.ttf", O_RDONLY|O_CLOEXEC) = 7
14:15:41.401270 openat(AT_FDCWD, "/usr/share/fonts/truetype/gfonts/baloo", O_RDONLY|O_NONBLOCK|O_CLOEXEC|O_DIRECTORY) = 6
14:15:41.401373 openat(AT_FDCWD, "/usr/share/fonts/truetype/gfonts/baloo/baloo-2-v1-latin-regular.ttf", O_RDONLY|O_CLOEXEC) = 7
14:15:41.401577 openat(AT_FDCWD, "/usr/share/fonts/truetype/gfonts/happy-monkey", O_RDONLY|O_NONBLOCK|O_CLOEXEC|O_DIRECTORY) = 6
14:15:41.401686 openat(AT_FDCWD, "/usr/share/fonts/truetype/gfonts/happy-monkey/happy-monkey-v8-latin-regular.ttf", O_RDONLY|O_CLOEXEC) = 7
14:15:41.401894 openat(AT_FDCWD, "/usr/share/fonts/truetype/gfonts/henny-penny", O_RDONLY|O_NONBLOCK|O_CLOEXEC|O_DIRECTORY) = 6
14:15:41.402005 openat(AT_FDCWD, "/usr/share/fonts/truetype/gfonts/henny-penny/henny-penny-v7-latin-regular.ttf", O_RDONLY|O_CLOEXEC) = 7
14:15:41.402217 openat(AT_FDCWD, "/usr/share/fonts/truetype/gfonts/lato", O_RDONLY|O_NONBLOCK|O_CLOEXEC|O_DIRECTORY) = 6
14:15:41.402328 openat(AT_FDCWD, "/usr/share/fonts/truetype/gfonts/lato/lato-v16-latin-300italic.ttf", O_RDONLY|O_CLOEXEC) = 7
14:15:41.402491 openat(AT_FDCWD, "/usr/share/fonts/truetype/gfonts/lato/lato-v16-latin-700.ttf", O_RDONLY|O_CLOEXEC) = 7
14:15:41.402638 openat(AT_FDCWD, "/usr/share/fonts/truetype/gfonts/lato/lato-v16-latin-regular.ttf", O_RDONLY|O_CLOEXEC) = 7
14:15:41.402828 openat(AT_FDCWD, "/usr/share/fonts/truetype/gfonts/montserrat", O_RDONLY|O_NONBLOCK|O_CLOEXEC|O_DIRECTORY) = 6
14:15:41.402930 openat(AT_FDCWD, "/usr/share/fonts/truetype/gfonts/montserrat/montserrat-v14-latin-300italic.ttf", O_RDONLY|O_CLOEXEC) = 7
14:15:41.403076 openat(AT_FDCWD, "/usr/share/fonts/truetype/gfonts/montserrat/montserrat-v14-latin-700.ttf", O_RDONLY|O_CLOEXEC) = 7
14:15:41.403233 openat(AT_FDCWD, "/usr/share/fonts/truetype/gfonts/montserrat/montserrat-v14-latin-regular.ttf", O_RDONLY|O_CLOEXEC) = 7
14:15:41.403431 openat(AT_FDCWD, "/usr/share/fonts/truetype/gfonts/nunito-sans", O_RDONLY|O_NONBLOCK|O_CLOEXEC|O_DIRECTORY) = 6
14:15:41.403531 openat(AT_FDCWD, "/usr/share/fonts/truetype/gfonts/nunito-sans/nunito-sans-v5-latin-700.ttf", O_RDONLY|O_CLOEXEC) = 7
14:15:41.403675 openat(AT_FDCWD, "/usr/share/fonts/truetype/gfonts/nunito-sans/nunito-sans-v5-latin-italic.ttf", O_RDONLY|O_CLOEXEC) = 7
14:15:41.403818 openat(AT_FDCWD, "/usr/share/fonts/truetype/gfonts/nunito-sans/nunito-sans-v5-latin-regular.ttf", O_RDONLY|O_CLOEXEC) = 7
14:15:41.404021 openat(AT_FDCWD, "/usr/share/fonts/truetype/gfonts/oswald", O_RDONLY|O_NONBLOCK|O_CLOEXEC|O_DIRECTORY) = 6
14:15:41.404163 openat(AT_FDCWD, "/usr/share/fonts/truetype/gfonts/poppins", O_RDONLY|O_NONBLOCK|O_CLOEXEC|O_DIRECTORY) = 6
14:15:41.404302 openat(AT_FDCWD, "/usr/share/fonts/truetype/gfonts/roboto", O_RDONLY|O_NONBLOCK|O_CLOEXEC|O_DIRECTORY) = 6
14:15:41.404400 openat(AT_FDCWD, "/usr/share/fonts/truetype/gfonts/roboto/roboto-v20-latin-300italic.ttf", O_RDONLY|O_CLOEXEC) = 7
14:15:41.404544 openat(AT_FDCWD, "/usr/share/fonts/truetype/gfonts/roboto/roboto-v20-latin-700.ttf", O_RDONLY|O_CLOEXEC) = 7
14:15:41.404687 openat(AT_FDCWD, "/usr/share/fonts/truetype/gfonts/roboto/roboto-v20-latin-regular.ttf", O_RDONLY|O_CLOEXEC) = 7
14:15:41.404913 openat(AT_FDCWD, "/usr/share/fonts/truetype/ttf-bitstream-vera", O_RDONLY|O_NONBLOCK|O_CLOEXEC|O_DIRECTORY) = 5
14:15:41.405019 openat(AT_FDCWD, "/usr/share/fonts/truetype/ttf-bitstream-vera/Vera.ttf", O_RDONLY|O_CLOEXEC) = 6
14:15:41.405166 openat(AT_FDCWD, "/usr/share/fonts/truetype/ttf-bitstream-vera/VeraBI.ttf", O_RDONLY|O_CLOEXEC) = 6
14:15:41.405311 openat(AT_FDCWD, "/usr/share/fonts/truetype/ttf-bitstream-vera/VeraBd.ttf", O_RDONLY|O_CLOEXEC) = 6
14:15:41.405454 openat(AT_FDCWD, "/usr/share/fonts/truetype/ttf-bitstream-vera/VeraIt.ttf", O_RDONLY|O_CLOEXEC) = 6
14:15:41.405597 openat(AT_FDCWD, "/usr/share/fonts/truetype/ttf-bitstream-vera/VeraMoBI.ttf", O_RDONLY|O_CLOEXEC) = 6
14:15:41.405739 openat(AT_FDCWD, "/usr/share/fonts/truetype/ttf-bitstream-vera/VeraMoBd.ttf", O_RDONLY|O_CLOEXEC) = 6
14:15:41.405881 openat(AT_FDCWD, "/usr/share/fonts/truetype/ttf-bitstream-vera/VeraMoIt.ttf", O_RDONLY|O_CLOEXEC) = 6
14:15:41.406031 openat(AT_FDCWD, "/usr/share/fonts/truetype/ttf-bitstream-vera/VeraMono.ttf", O_RDONLY|O_CLOEXEC) = 6
14:15:41.406173 openat(AT_FDCWD, "/usr/share/fonts/truetype/ttf-bitstream-vera/VeraSe.ttf", O_RDONLY|O_CLOEXEC) = 6
14:15:41.406315 openat(AT_FDCWD, "/usr/share/fonts/truetype/ttf-bitstream-vera/VeraSeBd.ttf", O_RDONLY|O_CLOEXEC) = 6
14:15:41.406540 openat(AT_FDCWD, "/usr/share/fonts/type1", O_RDONLY|O_NONBLOCK|O_CLOEXEC|O_DIRECTORY) = 4
14:15:41.406637 openat(AT_FDCWD, "/usr/share/fonts/type1/urw-base35", O_RDONLY|O_NONBLOCK|O_CLOEXEC|O_DIRECTORY) = 5
14:15:41.406809 openat(AT_FDCWD, "/usr/share/fonts/type1/texlive-fonts-recommended", O_RDONLY|O_NONBLOCK|O_CLOEXEC|O_DIRECTORY) = 5
14:15:41.413603 openat(AT_FDCWD, "/usr/local/share/fonts", O_RDONLY|O_NONBLOCK|O_CLOEXEC|O_DIRECTORY) = 3
14:15:41.413771 openat(AT_FDCWD, "/home/dikluwe/.local/share/fonts", O_RDONLY|O_NONBLOCK|O_CLOEXEC|O_DIRECTORY) = 3
14:15:41.413928 openat(AT_FDCWD, "/home/dikluwe/.local/share/fonts/AdwaitaMono", O_RDONLY|O_NONBLOCK|O_CLOEXEC|O_DIRECTORY) = 4
14:15:41.414065 openat(AT_FDCWD, "/home/dikluwe/.local/share/fonts/AdwaitaMono/AdwaitaMonoNerdFont-BoldItalic.ttf", O_RDONLY|O_CLOEXEC) = 5
14:15:41.414250 openat(AT_FDCWD, "/home/dikluwe/.local/share/fonts/AdwaitaMono/AdwaitaMonoNerdFontMono-Regular.ttf", O_RDONLY|O_CLOEXEC) = 5
14:15:41.414427 openat(AT_FDCWD, "/home/dikluwe/.local/share/fonts/AdwaitaMono/AdwaitaMonoNerdFont-Regular.ttf", O_RDONLY|O_CLOEXEC) = 5
14:15:41.414598 openat(AT_FDCWD, "/home/dikluwe/.local/share/fonts/AdwaitaMono/AdwaitaMonoNerdFontPropo-Regular.ttf", O_RDONLY|O_CLOEXEC) = 5
14:15:41.414758 openat(AT_FDCWD, "/home/dikluwe/.local/share/fonts/AdwaitaMono/AdwaitaMonoNerdFontMono-BoldItalic.ttf", O_RDONLY|O_CLOEXEC) = 5
14:15:41.414942 openat(AT_FDCWD, "/home/dikluwe/.local/share/fonts/AdwaitaMono/AdwaitaMonoNerdFont-Bold.ttf", O_RDONLY|O_CLOEXEC) = 5
14:15:41.415101 openat(AT_FDCWD, "/home/dikluwe/.local/share/fonts/AdwaitaMono/AdwaitaMonoNerdFontPropo-Italic.ttf", O_RDONLY|O_CLOEXEC) = 5
14:15:41.415259 openat(AT_FDCWD, "/home/dikluwe/.local/share/fonts/AdwaitaMono/AdwaitaMonoNerdFontPropo-Bold.ttf", O_RDONLY|O_CLOEXEC) = 5
14:15:41.415423 openat(AT_FDCWD, "/home/dikluwe/.local/share/fonts/AdwaitaMono/AdwaitaMonoNerdFontPropo-BoldItalic.ttf", O_RDONLY|O_CLOEXEC) = 5
14:15:41.415580 openat(AT_FDCWD, "/home/dikluwe/.local/share/fonts/AdwaitaMono/AdwaitaMonoNerdFont-Italic.ttf", O_RDONLY|O_CLOEXEC) = 5
14:15:41.415738 openat(AT_FDCWD, "/home/dikluwe/.local/share/fonts/AdwaitaMono/AdwaitaMonoNerdFontMono-Italic.ttf", O_RDONLY|O_CLOEXEC) = 5
14:15:41.415894 openat(AT_FDCWD, "/home/dikluwe/.local/share/fonts/AdwaitaMono/AdwaitaMonoNerdFontMono-Bold.ttf", O_RDONLY|O_CLOEXEC) = 5
14:15:41.416139 openat(AT_FDCWD, "/home/dikluwe/.local/share/fonts/Agave", O_RDONLY|O_NONBLOCK|O_CLOEXEC|O_DIRECTORY) = 4
14:15:41.416266 openat(AT_FDCWD, "/home/dikluwe/.local/share/fonts/Agave/AgaveNerdFont-Bold.ttf", O_RDONLY|O_CLOEXEC) = 5
14:15:41.416433 openat(AT_FDCWD, "/home/dikluwe/.local/share/fonts/Agave/AgaveNerdFontMono-Regular.ttf", O_RDONLY|O_CLOEXEC) = 5
14:15:41.416592 openat(AT_FDCWD, "/home/dikluwe/.local/share/fonts/Agave/AgaveNerdFontMono-Bold.ttf", O_RDONLY|O_CLOEXEC) = 5
14:15:41.416749 openat(AT_FDCWD, "/home/dikluwe/.local/share/fonts/Agave/AgaveNerdFontPropo-Bold.ttf", O_RDONLY|O_CLOEXEC) = 5
14:15:41.416911 openat(AT_FDCWD, "/home/dikluwe/.local/share/fonts/Agave/AgaveNerdFont-Regular.ttf", O_RDONLY|O_CLOEXEC) = 5
14:15:41.417071 openat(AT_FDCWD, "/home/dikluwe/.local/share/fonts/Agave/AgaveNerdFontPropo-Regular.ttf", O_RDONLY|O_CLOEXEC) = 5
14:15:41.417271 openat(AT_FDCWD, "/home/dikluwe/.local/share/fonts/Arimo", O_RDONLY|O_NONBLOCK|O_CLOEXEC|O_DIRECTORY) = 4
14:15:41.417395 openat(AT_FDCWD, "/home/dikluwe/.local/share/fonts/Arimo/ArimoNerdFont-Italic.ttf", O_RDONLY|O_CLOEXEC) = 5
14:15:41.417550 openat(AT_FDCWD, "/home/dikluwe/.local/share/fonts/Arimo/ArimoNerdFontPropo-Italic.ttf", O_RDONLY|O_CLOEXEC) = 5
14:15:41.417704 openat(AT_FDCWD, "/home/dikluwe/.local/share/fonts/Arimo/ArimoNerdFont-BoldItalic.ttf", O_RDONLY|O_CLOEXEC) = 5
14:15:41.417857 openat(AT_FDCWD, "/home/dikluwe/.local/share/fonts/Arimo/ArimoNerdFontPropo-BoldItalic.ttf", O_RDONLY|O_CLOEXEC) = 5
14:15:41.418017 openat(AT_FDCWD, "/home/dikluwe/.local/share/fonts/Arimo/ArimoNerdFontPropo-Regular.ttf", O_RDONLY|O_CLOEXEC) = 5
14:15:41.418173 openat(AT_FDCWD, "/home/dikluwe/.local/share/fonts/Arimo/ArimoNerdFont-Regular.ttf", O_RDONLY|O_CLOEXEC) = 5
14:15:41.418325 openat(AT_FDCWD, "/home/dikluwe/.local/share/fonts/Arimo/ArimoNerdFontPropo-Bold.ttf", O_RDONLY|O_CLOEXEC) = 5
14:15:41.418478 openat(AT_FDCWD, "/home/dikluwe/.local/share/fonts/Arimo/ArimoNerdFont-Bold.ttf", O_RDONLY|O_CLOEXEC) = 5
14:15:41.418674 openat(AT_FDCWD, "/home/dikluwe/.local/share/fonts/CodeNewRoman", O_RDONLY|O_NONBLOCK|O_CLOEXEC|O_DIRECTORY) = 4
14:15:41.418792 openat(AT_FDCWD, "/home/dikluwe/.local/share/fonts/CodeNewRoman/CodeNewRomanNerdFont-Italic.otf", O_RDONLY|O_CLOEXEC) = 5
14:15:41.418946 openat(AT_FDCWD, "/home/dikluwe/.local/share/fonts/CodeNewRoman/CodeNewRomanNerdFontPropo-Italic.otf", O_RDONLY|O_CLOEXEC) = 5
14:15:41.419097 openat(AT_FDCWD, "/home/dikluwe/.local/share/fonts/CodeNewRoman/CodeNewRomanNerdFontMono-Italic.otf", O_RDONLY|O_CLOEXEC) = 5
14:15:41.419248 openat(AT_FDCWD, "/home/dikluwe/.local/share/fonts/CodeNewRoman/CodeNewRomanNerdFontPropo-Regular.otf", O_RDONLY|O_CLOEXEC) = 5
14:15:41.419397 openat(AT_FDCWD, "/home/dikluwe/.local/share/fonts/CodeNewRoman/CodeNewRomanNerdFontMono-Regular.otf", O_RDONLY|O_CLOEXEC) = 5
14:15:41.419547 openat(AT_FDCWD, "/home/dikluwe/.local/share/fonts/CodeNewRoman/CodeNewRomanNerdFont-Regular.otf", O_RDONLY|O_CLOEXEC) = 5
14:15:41.419696 openat(AT_FDCWD, "/home/dikluwe/.local/share/fonts/CodeNewRoman/CodeNewRomanNerdFont-Bold.otf", O_RDONLY|O_CLOEXEC) = 5
14:15:41.419863 openat(AT_FDCWD, "/home/dikluwe/.local/share/fonts/CodeNewRoman/CodeNewRomanNerdFontPropo-Bold.otf", O_RDONLY|O_CLOEXEC) = 5
14:15:41.420021 openat(AT_FDCWD, "/home/dikluwe/.local/share/fonts/CodeNewRoman/CodeNewRomanNerdFontMono-Bold.otf", O_RDONLY|O_CLOEXEC) = 5
14:15:41.420216 openat(AT_FDCWD, "/home/dikluwe/.local/share/fonts/CommitMono", O_RDONLY|O_NONBLOCK|O_CLOEXEC|O_DIRECTORY) = 4
14:15:41.420338 openat(AT_FDCWD, "/home/dikluwe/.local/share/fonts/CommitMono/CommitMonoNerdFontMono-BoldItalic.otf", O_RDONLY|O_CLOEXEC) = 5
14:15:41.420491 openat(AT_FDCWD, "/home/dikluwe/.local/share/fonts/CommitMono/CommitMonoNerdFontPropo-Regular.otf", O_RDONLY|O_CLOEXEC) = 5
14:15:41.420641 openat(AT_FDCWD, "/home/dikluwe/.local/share/fonts/CommitMono/CommitMonoNerdFont-Regular.otf", O_RDONLY|O_CLOEXEC) = 5
14:15:41.420790 openat(AT_FDCWD, "/home/dikluwe/.local/share/fonts/CommitMono/CommitMonoNerdFontMono-Regular.otf", O_RDONLY|O_CLOEXEC) = 5
14:15:41.420947 openat(AT_FDCWD, "/home/dikluwe/.local/share/fonts/CommitMono/CommitMonoNerdFont-Italic.otf", O_RDONLY|O_CLOEXEC) = 5
14:15:41.421100 openat(AT_FDCWD, "/home/dikluwe/.local/share/fonts/CommitMono/CommitMonoNerdFontMono-Bold.otf", O_RDONLY|O_CLOEXEC) = 5
14:15:41.421250 openat(AT_FDCWD, "/home/dikluwe/.local/share/fonts/CommitMono/CommitMonoNerdFontPropo-Italic.otf", O_RDONLY|O_CLOEXEC) = 5
14:15:41.421400 openat(AT_FDCWD, "/home/dikluwe/.local/share/fonts/CommitMono/CommitMonoNerdFont-Bold.otf", O_RDONLY|O_CLOEXEC) = 5
14:15:41.421549 openat(AT_FDCWD, "/home/dikluwe/.local/share/fonts/CommitMono/CommitMonoNerdFontPropo-Bold.otf", O_RDONLY|O_CLOEXEC) = 5
14:15:41.421699 openat(AT_FDCWD, "/home/dikluwe/.local/share/fonts/CommitMono/CommitMonoNerdFont-BoldItalic.otf", O_RDONLY|O_CLOEXEC) = 5
14:15:41.421847 openat(AT_FDCWD, "/home/dikluwe/.local/share/fonts/CommitMono/CommitMonoNerdFontPropo-BoldItalic.otf", O_RDONLY|O_CLOEXEC) = 5
14:15:41.422001 openat(AT_FDCWD, "/home/dikluwe/.local/share/fonts/CommitMono/CommitMonoNerdFontMono-Italic.otf", O_RDONLY|O_CLOEXEC) = 5
14:15:41.422194 openat(AT_FDCWD, "/home/dikluwe/.local/share/fonts/FiraCode", O_RDONLY|O_NONBLOCK|O_CLOEXEC|O_DIRECTORY) = 4
14:15:41.422325 openat(AT_FDCWD, "/home/dikluwe/.local/share/fonts/FiraCode/FiraCodeNerdFontMono-SemiBold.ttf", O_RDONLY|O_CLOEXEC) = 5
14:15:41.422482 openat(AT_FDCWD, "/home/dikluwe/.local/share/fonts/FiraCode/FiraCodeNerdFont-SemiBold.ttf", O_RDONLY|O_CLOEXEC) = 5
14:15:41.422643 openat(AT_FDCWD, "/home/dikluwe/.local/share/fonts/FiraCode/FiraCodeNerdFontPropo-SemiBold.ttf", O_RDONLY|O_CLOEXEC) = 5
14:15:41.422806 openat(AT_FDCWD, "/home/dikluwe/.local/share/fonts/FiraCode/FiraCodeNerdFontPropo-Regular.ttf", O_RDONLY|O_CLOEXEC) = 5
14:15:41.422982 openat(AT_FDCWD, "/home/dikluwe/.local/share/fonts/FiraCode/FiraCodeNerdFont-Regular.ttf", O_RDONLY|O_CLOEXEC) = 5
14:15:41.423140 openat(AT_FDCWD, "/home/dikluwe/.local/share/fonts/FiraCode/FiraCodeNerdFontMono-Regular.ttf", O_RDONLY|O_CLOEXEC) = 5
14:15:41.423294 openat(AT_FDCWD, "/home/dikluwe/.local/share/fonts/FiraCode/FiraCodeNerdFontPropo-Retina.ttf", O_RDONLY|O_CLOEXEC) = 5
14:15:41.423448 openat(AT_FDCWD, "/home/dikluwe/.local/share/fonts/FiraCode/FiraCodeNerdFontMono-Retina.ttf", O_RDONLY|O_CLOEXEC) = 5
14:15:41.423602 openat(AT_FDCWD, "/home/dikluwe/.local/share/fonts/FiraCode/FiraCodeNerdFont-Retina.ttf", O_RDONLY|O_CLOEXEC) = 5
14:15:41.423756 openat(AT_FDCWD, "/home/dikluwe/.local/share/fonts/FiraCode/FiraCodeNerdFontMono-Medium.ttf", O_RDONLY|O_CLOEXEC) = 5
14:15:41.423922 openat(AT_FDCWD, "/home/dikluwe/.local/share/fonts/FiraCode/FiraCodeNerdFont-Medium.ttf", O_RDONLY|O_CLOEXEC) = 5
14:15:41.424080 openat(AT_FDCWD, "/home/dikluwe/.local/share/fonts/FiraCode/FiraCodeNerdFontPropo-Medium.ttf", O_RDONLY|O_CLOEXEC) = 5
14:15:41.424233 openat(AT_FDCWD, "/home/dikluwe/.local/share/fonts/FiraCode/FiraCodeNerdFont-Bold.ttf", O_RDONLY|O_CLOEXEC) = 5
14:15:41.424387 openat(AT_FDCWD, "/home/dikluwe/.local/share/fonts/FiraCode/FiraCodeNerdFontMono-Bold.ttf", O_RDONLY|O_CLOEXEC) = 5
14:15:41.424541 openat(AT_FDCWD, "/home/dikluwe/.local/share/fonts/FiraCode/FiraCodeNerdFontPropo-Bold.ttf", O_RDONLY|O_CLOEXEC) = 5
14:15:41.424720 openat(AT_FDCWD, "/home/dikluwe/.local/share/fonts/FiraCode/FiraCodeNerdFontMono-Light.ttf", O_RDONLY|O_CLOEXEC) = 5
14:15:41.424874 openat(AT_FDCWD, "/home/dikluwe/.local/share/fonts/FiraCode/FiraCodeNerdFont-Light.ttf", O_RDONLY|O_CLOEXEC) = 5
14:15:41.425033 openat(AT_FDCWD, "/home/dikluwe/.local/share/fonts/FiraCode/FiraCodeNerdFontPropo-Light.ttf", O_RDONLY|O_CLOEXEC) = 5
14:15:41.425232 openat(AT_FDCWD, "/home/dikluwe/.local/share/fonts/GeistMono", O_RDONLY|O_NONBLOCK|O_CLOEXEC|O_DIRECTORY) = 4
14:15:41.425374 openat(AT_FDCWD, "/home/dikluwe/.local/share/fonts/GeistMono/GeistMonoNerdFontPropo-UltraBlack.otf", O_RDONLY|O_CLOEXEC) = 5
14:15:41.425525 openat(AT_FDCWD, "/home/dikluwe/.local/share/fonts/GeistMono/GeistMonoNerdFont-Light.otf", O_RDONLY|O_CLOEXEC) = 5
14:15:41.425673 openat(AT_FDCWD, "/home/dikluwe/.local/share/fonts/GeistMono/GeistMonoNerdFontPropo-SemiBold.otf", O_RDONLY|O_CLOEXEC) = 5
14:15:41.425821 openat(AT_FDCWD, "/home/dikluwe/.local/share/fonts/GeistMono/GeistMonoNerdFontMono-Medium.otf", O_RDONLY|O_CLOEXEC) = 5
14:15:41.425974 openat(AT_FDCWD, "/home/dikluwe/.local/share/fonts/GeistMono/GeistMonoNerdFont-Regular.otf", O_RDONLY|O_CLOEXEC) = 5
14:15:41.426130 openat(AT_FDCWD, "/home/dikluwe/.local/share/fonts/GeistMono/GeistMonoNerdFontMono-Bold.otf", O_RDONLY|O_CLOEXEC) = 5
14:15:41.426278 openat(AT_FDCWD, "/home/dikluwe/.local/share/fonts/GeistMono/GeistMonoNerdFontPropo-Black.otf", O_RDONLY|O_CLOEXEC) = 5
14:15:41.426427 openat(AT_FDCWD, "/home/dikluwe/.local/share/fonts/GeistMono/GeistMonoNerdFontPropo-Light.otf", O_RDONLY|O_CLOEXEC) = 5
14:15:41.426575 openat(AT_FDCWD, "/home/dikluwe/.local/share/fonts/GeistMono/GeistMonoNerdFontMono-Regular.otf", O_RDONLY|O_CLOEXEC) = 5
14:15:41.426723 openat(AT_FDCWD, "/home/dikluwe/.local/share/fonts/GeistMono/GeistMonoNerdFont-SemiBold.otf", O_RDONLY|O_CLOEXEC) = 5
14:15:41.426871 openat(AT_FDCWD, "/home/dikluwe/.local/share/fonts/GeistMono/GeistMonoNerdFont-UltraBlack.otf", O_RDONLY|O_CLOEXEC) = 5
14:15:41.427024 openat(AT_FDCWD, "/home/dikluwe/.local/share/fonts/GeistMono/GeistMonoNerdFontMono-UltraBlack.otf", O_RDONLY|O_CLOEXEC) = 5
14:15:41.427174 openat(AT_FDCWD, "/home/dikluwe/.local/share/fonts/GeistMono/GeistMonoNerdFont-Black.otf", O_RDONLY|O_CLOEXEC) = 5
14:15:41.427322 openat(AT_FDCWD, "/home/dikluwe/.local/share/fonts/GeistMono/GeistMonoNerdFont-UltraLight.otf", O_RDONLY|O_CLOEXEC) = 5
14:15:41.427471 openat(AT_FDCWD, "/home/dikluwe/.local/share/fonts/GeistMono/GeistMonoNerdFontPropo-UltraLight.otf", O_RDONLY|O_CLOEXEC) = 5
14:15:41.427619 openat(AT_FDCWD, "/home/dikluwe/.local/share/fonts/GeistMono/GeistMonoNerdFontPropo-Medium.otf", O_RDONLY|O_CLOEXEC) = 5
14:15:41.427767 openat(AT_FDCWD, "/home/dikluwe/.local/share/fonts/GeistMono/GeistMonoNerdFontMono-Thin.otf", O_RDONLY|O_CLOEXEC) = 5
14:15:41.427936 openat(AT_FDCWD, "/home/dikluwe/.local/share/fonts/GeistMono/GeistMonoNerdFont-Bold.otf", O_RDONLY|O_CLOEXEC) = 5
14:15:41.428114 openat(AT_FDCWD, "/home/dikluwe/.local/share/fonts/GeistMono/GeistMonoNerdFontMono-Light.otf", O_RDONLY|O_CLOEXEC) = 5
14:15:41.428264 openat(AT_FDCWD, "/home/dikluwe/.local/share/fonts/GeistMono/GeistMonoNerdFontMono-Black.otf", O_RDONLY|O_CLOEXEC) = 5
14:15:41.428413 openat(AT_FDCWD, "/home/dikluwe/.local/share/fonts/GeistMono/GeistMonoNerdFontMono-UltraLight.otf", O_RDONLY|O_CLOEXEC) = 5
14:15:41.428568 openat(AT_FDCWD, "/home/dikluwe/.local/share/fonts/GeistMono/GeistMonoNerdFontPropo-Regular.otf", O_RDONLY|O_CLOEXEC) = 5
14:15:41.428716 openat(AT_FDCWD, "/home/dikluwe/.local/share/fonts/GeistMono/GeistMonoNerdFont-Medium.otf", O_RDONLY|O_CLOEXEC) = 5
14:15:41.428865 openat(AT_FDCWD, "/home/dikluwe/.local/share/fonts/GeistMono/GeistMonoNerdFont-Thin.otf", O_RDONLY|O_CLOEXEC) = 5
14:15:41.429020 openat(AT_FDCWD, "/home/dikluwe/.local/share/fonts/GeistMono/GeistMonoNerdFontMono-SemiBold.otf", O_RDONLY|O_CLOEXEC) = 5
14:15:41.429169 openat(AT_FDCWD, "/home/dikluwe/.local/share/fonts/GeistMono/GeistMonoNerdFontPropo-Thin.otf", O_RDONLY|O_CLOEXEC) = 5
14:15:41.429333 openat(AT_FDCWD, "/home/dikluwe/.local/share/fonts/GeistMono/GeistMonoNerdFontPropo-Bold.otf", O_RDONLY|O_CLOEXEC) = 5
14:15:41.429526 openat(AT_FDCWD, "/home/dikluwe/.local/share/fonts/IosevkaTermSlab", O_RDONLY|O_NONBLOCK|O_CLOEXEC|O_DIRECTORY) = 4
14:15:41.429695 openat(AT_FDCWD, "/home/dikluwe/.local/share/fonts/IosevkaTermSlab/IosevkaTermSlabNerdFont-LightOblique.ttf", O_RDONLY|O_CLOEXEC) = 5
14:15:41.429853 openat(AT_FDCWD, "/home/dikluwe/.local/share/fonts/IosevkaTermSlab/IosevkaTermSlabNerdFontMono-Italic.ttf", O_RDONLY|O_CLOEXEC) = 5
14:15:41.430016 openat(AT_FDCWD, "/home/dikluwe/.local/share/fonts/IosevkaTermSlab/IosevkaTermSlabNerdFontPropo-ExtraBoldItalic.ttf", O_RDONLY|O_CLOEXEC) = 5
14:15:41.430173 openat(AT_FDCWD, "/home/dikluwe/.local/share/fonts/IosevkaTermSlab/IosevkaTermSlabNerdFontMono-Medium.ttf", O_RDONLY|O_CLOEXEC) = 5
14:15:41.430330 openat(AT_FDCWD, "/home/dikluwe/.local/share/fonts/IosevkaTermSlab/IosevkaTermSlabNerdFontMono-Regular.ttf", O_RDONLY|O_CLOEXEC) = 5
14:15:41.430482 openat(AT_FDCWD, "/home/dikluwe/.local/share/fonts/IosevkaTermSlab/IosevkaTermSlabNerdFont-Italic.ttf", O_RDONLY|O_CLOEXEC) = 5
14:15:41.430637 openat(AT_FDCWD, "/home/dikluwe/.local/share/fonts/IosevkaTermSlab/IosevkaTermSlabNerdFontMono-ExtraBold.ttf", O_RDONLY|O_CLOEXEC) = 5
14:15:41.430793 openat(AT_FDCWD, "/home/dikluwe/.local/share/fonts/IosevkaTermSlab/IosevkaTermSlabNerdFont-Medium.ttf", O_RDONLY|O_CLOEXEC) = 5
14:15:41.430953 openat(AT_FDCWD, "/home/dikluwe/.local/share/fonts/IosevkaTermSlab/IosevkaTermSlabNerdFont-BoldItalic.ttf", O_RDONLY|O_CLOEXEC) = 5
14:15:41.431111 openat(AT_FDCWD, "/home/dikluwe/.local/share/fonts/IosevkaTermSlab/IosevkaTermSlabNerdFontMono-Oblique.ttf", O_RDONLY|O_CLOEXEC) = 5
14:15:41.431268 openat(AT_FDCWD, "/home/dikluwe/.local/share/fonts/IosevkaTermSlab/IosevkaTermSlabNerdFont-Regular.ttf", O_RDONLY|O_CLOEXEC) = 5
14:15:41.431424 openat(AT_FDCWD, "/home/dikluwe/.local/share/fonts/IosevkaTermSlab/IosevkaTermSlabNerdFont-ExtraBoldOblique.ttf", O_RDONLY|O_CLOEXEC) = 5
14:15:41.431580 openat(AT_FDCWD, "/home/dikluwe/.local/share/fonts/IosevkaTermSlab/IosevkaTermSlabNerdFontPropo-BoldItalic.ttf", O_RDONLY|O_CLOEXEC) = 5
14:15:41.431735 openat(AT_FDCWD, "/home/dikluwe/.local/share/fonts/IosevkaTermSlab/IosevkaTermSlabNerdFont-MediumOblique.ttf", O_RDONLY|O_CLOEXEC) = 5
14:15:41.431891 openat(AT_FDCWD, "/home/dikluwe/.local/share/fonts/IosevkaTermSlab/IosevkaTermSlabNerdFontPropo-ExtraBoldOblique.ttf", O_RDONLY|O_CLOEXEC) = 5
14:15:41.432054 openat(AT_FDCWD, "/home/dikluwe/.local/share/fonts/IosevkaTermSlab/IosevkaTermSlabNerdFont-Light.ttf", O_RDONLY|O_CLOEXEC) = 5
14:15:41.432211 openat(AT_FDCWD, "/home/dikluwe/.local/share/fonts/IosevkaTermSlab/IosevkaTermSlabNerdFontMono-Light.ttf", O_RDONLY|O_CLOEXEC) = 5
14:15:41.432367 openat(AT_FDCWD, "/home/dikluwe/.local/share/fonts/IosevkaTermSlab/IosevkaTermSlabNerdFontPropo-LightOblique.ttf", O_RDONLY|O_CLOEXEC) = 5
14:15:41.432525 openat(AT_FDCWD, "/home/dikluwe/.local/share/fonts/IosevkaTermSlab/IosevkaTermSlabNerdFontPropo-MediumOblique.ttf", O_RDONLY|O_CLOEXEC) = 5
14:15:41.432679 openat(AT_FDCWD, "/home/dikluwe/.local/share/fonts/IosevkaTermSlab/IosevkaTermSlabNerdFontPropo-MediumItalic.ttf", O_RDONLY|O_CLOEXEC) = 5
14:15:41.432846 openat(AT_FDCWD, "/home/dikluwe/.local/share/fonts/IosevkaTermSlab/IosevkaTermSlabNerdFontMono-LightItalic.ttf", O_RDONLY|O_CLOEXEC) = 5
14:15:41.433091 openat(AT_FDCWD, "/home/dikluwe/.local/share/fonts/IosevkaTermSlab/IosevkaTermSlabNerdFontMono-BoldOblique.ttf", O_RDONLY|O_CLOEXEC) = 5
14:15:41.433293 openat(AT_FDCWD, "/home/dikluwe/.local/share/fonts/IosevkaTermSlab/IosevkaTermSlabNerdFontMono-ExtraBoldOblique.ttf", O_RDONLY|O_CLOEXEC) = 5
14:15:41.433472 openat(AT_FDCWD, "/home/dikluwe/.local/share/fonts/IosevkaTermSlab/IosevkaTermSlabNerdFontPropo-LightItalic.ttf", O_RDONLY|O_CLOEXEC) = 5
14:15:41.433649 openat(AT_FDCWD, "/home/dikluwe/.local/share/fonts/IosevkaTermSlab/IosevkaTermSlabNerdFont-ExtraBold.ttf", O_RDONLY|O_CLOEXEC) = 5
14:15:41.433847 openat(AT_FDCWD, "/home/dikluwe/.local/share/fonts/IosevkaTermSlab/IosevkaTermSlabNerdFont-MediumItalic.ttf", O_RDONLY|O_CLOEXEC) = 5
14:15:41.434031 openat(AT_FDCWD, "/home/dikluwe/.local/share/fonts/IosevkaTermSlab/IosevkaTermSlabNerdFontPropo-Light.ttf", O_RDONLY|O_CLOEXEC) = 5
14:15:41.434210 openat(AT_FDCWD, "/home/dikluwe/.local/share/fonts/IosevkaTermSlab/IosevkaTermSlabNerdFontPropo-Italic.ttf", O_RDONLY|O_CLOEXEC) = 5
14:15:41.434390 openat(AT_FDCWD, "/home/dikluwe/.local/share/fonts/IosevkaTermSlab/IosevkaTermSlabNerdFontMono-MediumOblique.ttf", O_RDONLY|O_CLOEXEC) = 5
14:15:41.434572 openat(AT_FDCWD, "/home/dikluwe/.local/share/fonts/IosevkaTermSlab/IosevkaTermSlabNerdFontPropo-Medium.ttf", O_RDONLY|O_CLOEXEC) = 5
14:15:41.434737 openat(AT_FDCWD, "/home/dikluwe/.local/share/fonts/IosevkaTermSlab/IosevkaTermSlabNerdFontMono-MediumItalic.ttf", O_RDONLY|O_CLOEXEC) = 5
14:15:41.434913 openat(AT_FDCWD, "/home/dikluwe/.local/share/fonts/IosevkaTermSlab/IosevkaTermSlabNerdFontPropo-Regular.ttf", O_RDONLY|O_CLOEXEC) = 5
14:15:41.435097 openat(AT_FDCWD, "/home/dikluwe/.local/share/fonts/IosevkaTermSlab/IosevkaTermSlabNerdFontMono-Bold.ttf", O_RDONLY|O_CLOEXEC) = 5
14:15:41.435258 openat(AT_FDCWD, "/home/dikluwe/.local/share/fonts/IosevkaTermSlab/IosevkaTermSlabNerdFontMono-ExtraBoldItalic.ttf", O_RDONLY|O_CLOEXEC) = 5
14:15:41.435432 openat(AT_FDCWD, "/home/dikluwe/.local/share/fonts/IosevkaTermSlab/IosevkaTermSlabNerdFontMono-LightOblique.ttf", O_RDONLY|O_CLOEXEC) = 5
14:15:41.435604 openat(AT_FDCWD, "/home/dikluwe/.local/share/fonts/IosevkaTermSlab/IosevkaTermSlabNerdFontPropo-Oblique.ttf", O_RDONLY|O_CLOEXEC) = 5
14:15:41.435763 openat(AT_FDCWD, "/home/dikluwe/.local/share/fonts/IosevkaTermSlab/IosevkaTermSlabNerdFont-LightItalic.ttf", O_RDONLY|O_CLOEXEC) = 5
14:15:41.435922 openat(AT_FDCWD, "/home/dikluwe/.local/share/fonts/IosevkaTermSlab/IosevkaTermSlabNerdFont-BoldOblique.ttf", O_RDONLY|O_CLOEXEC) = 5
14:15:41.436094 openat(AT_FDCWD, "/home/dikluwe/.local/share/fonts/IosevkaTermSlab/IosevkaTermSlabNerdFontPropo-ExtraBold.ttf", O_RDONLY|O_CLOEXEC) = 5
14:15:41.436251 openat(AT_FDCWD, "/home/dikluwe/.local/share/fonts/IosevkaTermSlab/IosevkaTermSlabNerdFont-Bold.ttf", O_RDONLY|O_CLOEXEC) = 5
14:15:41.436406 openat(AT_FDCWD, "/home/dikluwe/.local/share/fonts/IosevkaTermSlab/IosevkaTermSlabNerdFontPropo-Bold.ttf", O_RDONLY|O_CLOEXEC) = 5
14:15:41.436563 openat(AT_FDCWD, "/home/dikluwe/.local/share/fonts/IosevkaTermSlab/IosevkaTermSlabNerdFontMono-BoldItalic.ttf", O_RDONLY|O_CLOEXEC) = 5
14:15:41.436720 openat(AT_FDCWD, "/home/dikluwe/.local/share/fonts/IosevkaTermSlab/IosevkaTermSlabNerdFont-ExtraBoldItalic.ttf", O_RDONLY|O_CLOEXEC) = 5
14:15:41.436876 openat(AT_FDCWD, "/home/dikluwe/.local/share/fonts/IosevkaTermSlab/IosevkaTermSlabNerdFontPropo-BoldOblique.ttf", O_RDONLY|O_CLOEXEC) = 5
14:15:41.437065 openat(AT_FDCWD, "/home/dikluwe/.local/share/fonts/IosevkaTermSlab/IosevkaTermSlabNerdFont-Oblique.ttf", O_RDONLY|O_CLOEXEC) = 5
14:15:41.437267 openat(AT_FDCWD, "/home/dikluwe/.local/share/fonts/IosevkaTerm", O_RDONLY|O_NONBLOCK|O_CLOEXEC|O_DIRECTORY) = 4
14:15:41.437490 openat(AT_FDCWD, "/home/dikluwe/.local/share/fonts/IosevkaTerm/IosevkaTermNerdFont-SemiBold.ttf", O_RDONLY|O_CLOEXEC) = 5
14:15:41.437649 openat(AT_FDCWD, "/home/dikluwe/.local/share/fonts/IosevkaTerm/IosevkaTermNerdFont-Oblique.ttf", O_RDONLY|O_CLOEXEC) = 5
14:15:41.437807 openat(AT_FDCWD, "/home/dikluwe/.local/share/fonts/IosevkaTerm/IosevkaTermNerdFont-Italic.ttf", O_RDONLY|O_CLOEXEC) = 5
14:15:41.437973 openat(AT_FDCWD, "/home/dikluwe/.local/share/fonts/IosevkaTerm/IosevkaTermNerdFontMono-MediumOblique.ttf", O_RDONLY|O_CLOEXEC) = 5
14:15:41.438140 openat(AT_FDCWD, "/home/dikluwe/.local/share/fonts/IosevkaTerm/IosevkaTermNerdFontPropo-ThinItalic.ttf", O_RDONLY|O_CLOEXEC) = 5
14:15:41.438297 openat(AT_FDCWD, "/home/dikluwe/.local/share/fonts/IosevkaTerm/IosevkaTermNerdFontPropo-BoldOblique.ttf", O_RDONLY|O_CLOEXEC) = 5
14:15:41.438455 openat(AT_FDCWD, "/home/dikluwe/.local/share/fonts/IosevkaTerm/IosevkaTermNerdFontMono-ExtraLightOblique.ttf", O_RDONLY|O_CLOEXEC) = 5
14:15:41.438627 openat(AT_FDCWD, "/home/dikluwe/.local/share/fonts/IosevkaTerm/IosevkaTermNerdFont-ThinItalic.ttf", O_RDONLY|O_CLOEXEC) = 5
14:15:41.438785 openat(AT_FDCWD, "/home/dikluwe/.local/share/fonts/IosevkaTerm/IosevkaTermNerdFontPropo-MediumOblique.ttf", O_RDONLY|O_CLOEXEC) = 5
14:15:41.438950 openat(AT_FDCWD, "/home/dikluwe/.local/share/fonts/IosevkaTerm/IosevkaTermNerdFontMono-LightOblique.ttf", O_RDONLY|O_CLOEXEC) = 5
14:15:41.439107 openat(AT_FDCWD, "/home/dikluwe/.local/share/fonts/IosevkaTerm/IosevkaTermNerdFont-SemiBoldOblique.ttf", O_RDONLY|O_CLOEXEC) = 5
14:15:41.439264 openat(AT_FDCWD, "/home/dikluwe/.local/share/fonts/IosevkaTerm/IosevkaTermNerdFontMono-ExtraLight.ttf", O_RDONLY|O_CLOEXEC) = 5
14:15:41.439426 openat(AT_FDCWD, "/home/dikluwe/.local/share/fonts/IosevkaTerm/IosevkaTermNerdFontPropo-Italic.ttf", O_RDONLY|O_CLOEXEC) = 5
14:15:41.439632 openat(AT_FDCWD, "/home/dikluwe/.local/share/fonts/IosevkaTerm/IosevkaTermNerdFontMono-ThinOblique.ttf", O_RDONLY|O_CLOEXEC) = 5
14:15:41.439802 openat(AT_FDCWD, "/home/dikluwe/.local/share/fonts/IosevkaTerm/IosevkaTermNerdFontPropo-Bold.ttf", O_RDONLY|O_CLOEXEC) = 5
14:15:41.439965 openat(AT_FDCWD, "/home/dikluwe/.local/share/fonts/IosevkaTerm/IosevkaTermNerdFontMono-MediumItalic.ttf", O_RDONLY|O_CLOEXEC) = 5
14:15:41.440123 openat(AT_FDCWD, "/home/dikluwe/.local/share/fonts/IosevkaTerm/IosevkaTermNerdFontMono-ExtraLightItalic.ttf", O_RDONLY|O_CLOEXEC) = 5
14:15:41.440278 openat(AT_FDCWD, "/home/dikluwe/.local/share/fonts/IosevkaTerm/IosevkaTermNerdFontMono-SemiBoldItalic.ttf", O_RDONLY|O_CLOEXEC) = 5
14:15:41.440434 openat(AT_FDCWD, "/home/dikluwe/.local/share/fonts/IosevkaTerm/IosevkaTermNerdFont-Heavy.ttf", O_RDONLY|O_CLOEXEC) = 5
14:15:41.440589 openat(AT_FDCWD, "/home/dikluwe/.local/share/fonts/IosevkaTerm/IosevkaTermNerdFontMono-SemiBoldOblique.ttf", O_RDONLY|O_CLOEXEC) = 5
14:15:41.440745 openat(AT_FDCWD, "/home/dikluwe/.local/share/fonts/IosevkaTerm/IosevkaTermNerdFontPropo-Thin.ttf", O_RDONLY|O_CLOEXEC) = 5
14:15:41.440906 openat(AT_FDCWD, "/home/dikluwe/.local/share/fonts/IosevkaTerm/IosevkaTermNerdFont-Light.ttf", O_RDONLY|O_CLOEXEC) = 5
14:15:41.441065 openat(AT_FDCWD, "/home/dikluwe/.local/share/fonts/IosevkaTerm/IosevkaTermNerdFontMono-ExtraBoldOblique.ttf", O_RDONLY|O_CLOEXEC) = 5
14:15:41.441221 openat(AT_FDCWD, "/home/dikluwe/.local/share/fonts/IosevkaTerm/IosevkaTermNerdFontMono-Oblique.ttf", O_RDONLY|O_CLOEXEC) = 5
14:15:41.441378 openat(AT_FDCWD, "/home/dikluwe/.local/share/fonts/IosevkaTerm/IosevkaTermNerdFontMono-BoldOblique.ttf", O_RDONLY|O_CLOEXEC) = 5
14:15:41.441533 openat(AT_FDCWD, "/home/dikluwe/.local/share/fonts/IosevkaTerm/IosevkaTermNerdFont-SemiBoldItalic.ttf", O_RDONLY|O_CLOEXEC) = 5
14:15:41.441688 openat(AT_FDCWD, "/home/dikluwe/.local/share/fonts/IosevkaTerm/IosevkaTermNerdFontMono-Light.ttf", O_RDONLY|O_CLOEXEC) = 5
14:15:41.441866 openat(AT_FDCWD, "/home/dikluwe/.local/share/fonts/IosevkaTerm/IosevkaTermNerdFont-ExtraBoldOblique.ttf", O_RDONLY|O_CLOEXEC) = 5
14:15:41.442097 openat(AT_FDCWD, "/home/dikluwe/.local/share/fonts/IosevkaTerm/IosevkaTermNerdFontPropo-ExtraBoldItalic.ttf", O_RDONLY|O_CLOEXEC) = 5
14:15:41.442310 openat(AT_FDCWD, "/home/dikluwe/.local/share/fonts/IosevkaTerm/IosevkaTermNerdFont-BoldItalic.ttf", O_RDONLY|O_CLOEXEC) = 5
14:15:41.442490 openat(AT_FDCWD, "/home/dikluwe/.local/share/fonts/IosevkaTerm/IosevkaTermNerdFontPropo-ThinOblique.ttf", O_RDONLY|O_CLOEXEC) = 5
14:15:41.442649 openat(AT_FDCWD, "/home/dikluwe/.local/share/fonts/IosevkaTerm/IosevkaTermNerdFontPropo-ExtraBoldOblique.ttf", O_RDONLY|O_CLOEXEC) = 5
14:15:41.442804 openat(AT_FDCWD, "/home/dikluwe/.local/share/fonts/IosevkaTerm/IosevkaTermNerdFontPropo-Regular.ttf", O_RDONLY|O_CLOEXEC) = 5
14:15:41.442968 openat(AT_FDCWD, "/home/dikluwe/.local/share/fonts/IosevkaTerm/IosevkaTermNerdFont-HeavyOblique.ttf", O_RDONLY|O_CLOEXEC) = 5
14:15:41.443126 openat(AT_FDCWD, "/home/dikluwe/.local/share/fonts/IosevkaTerm/IosevkaTermNerdFont-ExtraBoldItalic.ttf", O_RDONLY|O_CLOEXEC) = 5
14:15:41.443281 openat(AT_FDCWD, "/home/dikluwe/.local/share/fonts/IosevkaTerm/IosevkaTermNerdFontPropo-Medium.ttf", O_RDONLY|O_CLOEXEC) = 5
14:15:41.443457 openat(AT_FDCWD, "/home/dikluwe/.local/share/fonts/IosevkaTerm/IosevkaTermNerdFontMono-Bold.ttf", O_RDONLY|O_CLOEXEC) = 5
14:15:41.443614 openat(AT_FDCWD, "/home/dikluwe/.local/share/fonts/IosevkaTerm/IosevkaTermNerdFontPropo-Oblique.ttf", O_RDONLY|O_CLOEXEC) = 5
14:15:41.443770 openat(AT_FDCWD, "/home/dikluwe/.local/share/fonts/IosevkaTerm/IosevkaTermNerdFont-ExtraLight.ttf", O_RDONLY|O_CLOEXEC) = 5
14:15:41.443931 openat(AT_FDCWD, "/home/dikluwe/.local/share/fonts/IosevkaTerm/IosevkaTermNerdFontMono-Heavy.ttf", O_RDONLY|O_CLOEXEC) = 5
14:15:41.444089 openat(AT_FDCWD, "/home/dikluwe/.local/share/fonts/IosevkaTerm/IosevkaTermNerdFontMono-ExtraBoldItalic.ttf", O_RDONLY|O_CLOEXEC) = 5
14:15:41.444245 openat(AT_FDCWD, "/home/dikluwe/.local/share/fonts/IosevkaTerm/IosevkaTermNerdFontPropo-Light.ttf", O_RDONLY|O_CLOEXEC) = 5
14:15:41.444400 openat(AT_FDCWD, "/home/dikluwe/.local/share/fonts/IosevkaTerm/IosevkaTermNerdFont-ExtraLightOblique.ttf", O_RDONLY|O_CLOEXEC) = 5
14:15:41.444554 openat(AT_FDCWD, "/home/dikluwe/.local/share/fonts/IosevkaTerm/IosevkaTermNerdFontMono-HeavyItalic.ttf", O_RDONLY|O_CLOEXEC) = 5
14:15:41.444709 openat(AT_FDCWD, "/home/dikluwe/.local/share/fonts/IosevkaTerm/IosevkaTermNerdFont-ExtraLightItalic.ttf", O_RDONLY|O_CLOEXEC) = 5
14:15:41.444863 openat(AT_FDCWD, "/home/dikluwe/.local/share/fonts/IosevkaTerm/IosevkaTermNerdFontMono-HeavyOblique.ttf", O_RDONLY|O_CLOEXEC) = 5
14:15:41.445027 openat(AT_FDCWD, "/home/dikluwe/.local/share/fonts/IosevkaTerm/IosevkaTermNerdFontMono-Thin.ttf", O_RDONLY|O_CLOEXEC) = 5
14:15:41.445184 openat(AT_FDCWD, "/home/dikluwe/.local/share/fonts/IosevkaTerm/IosevkaTermNerdFont-Thin.ttf", O_RDONLY|O_CLOEXEC) = 5
14:15:41.445338 openat(AT_FDCWD, "/home/dikluwe/.local/share/fonts/IosevkaTerm/IosevkaTermNerdFontMono-Medium.ttf", O_RDONLY|O_CLOEXEC) = 5
14:15:41.445499 openat(AT_FDCWD, "/home/dikluwe/.local/share/fonts/IosevkaTerm/IosevkaTermNerdFont-LightOblique.ttf", O_RDONLY|O_CLOEXEC) = 5
14:15:41.445656 openat(AT_FDCWD, "/home/dikluwe/.local/share/fonts/IosevkaTerm/IosevkaTermNerdFont-Bold.ttf", O_RDONLY|O_CLOEXEC) = 5
14:15:41.445810 openat(AT_FDCWD, "/home/dikluwe/.local/share/fonts/IosevkaTerm/IosevkaTermNerdFont-MediumItalic.ttf", O_RDONLY|O_CLOEXEC) = 5
14:15:41.445972 openat(AT_FDCWD, "/home/dikluwe/.local/share/fonts/IosevkaTerm/IosevkaTermNerdFontMono-Regular.ttf", O_RDONLY|O_CLOEXEC) = 5
14:15:41.446129 openat(AT_FDCWD, "/home/dikluwe/.local/share/fonts/IosevkaTerm/IosevkaTermNerdFontMono-SemiBold.ttf", O_RDONLY|O_CLOEXEC) = 5
14:15:41.446284 openat(AT_FDCWD, "/home/dikluwe/.local/share/fonts/IosevkaTerm/IosevkaTermNerdFontPropo-ExtraLightItalic.ttf", O_RDONLY|O_CLOEXEC) = 5
14:15:41.446438 openat(AT_FDCWD, "/home/dikluwe/.local/share/fonts/IosevkaTerm/IosevkaTermNerdFontMono-LightItalic.ttf", O_RDONLY|O_CLOEXEC) = 5
14:15:41.446593 openat(AT_FDCWD, "/home/dikluwe/.local/share/fonts/IosevkaTerm/IosevkaTermNerdFontMono-ExtraBold.ttf", O_RDONLY|O_CLOEXEC) = 5
14:15:41.446747 openat(AT_FDCWD, "/home/dikluwe/.local/share/fonts/IosevkaTerm/IosevkaTermNerdFontPropo-LightOblique.ttf", O_RDONLY|O_CLOEXEC) = 5
14:15:41.446907 openat(AT_FDCWD, "/home/dikluwe/.local/share/fonts/IosevkaTerm/IosevkaTermNerdFontPropo-Heavy.ttf", O_RDONLY|O_CLOEXEC) = 5
14:15:41.447065 openat(AT_FDCWD, "/home/dikluwe/.local/share/fonts/IosevkaTerm/IosevkaTermNerdFontPropo-HeavyOblique.ttf", O_RDONLY|O_CLOEXEC) = 5
14:15:41.447219 openat(AT_FDCWD, "/home/dikluwe/.local/share/fonts/IosevkaTerm/IosevkaTermNerdFontPropo-LightItalic.ttf", O_RDONLY|O_CLOEXEC) = 5
14:15:41.447374 openat(AT_FDCWD, "/home/dikluwe/.local/share/fonts/IosevkaTerm/IosevkaTermNerdFontPropo-SemiBoldItalic.ttf", O_RDONLY|O_CLOEXEC) = 5
14:15:41.447528 openat(AT_FDCWD, "/home/dikluwe/.local/share/fonts/IosevkaTerm/IosevkaTermNerdFontPropo-ExtraBold.ttf", O_RDONLY|O_CLOEXEC) = 5
14:15:41.447683 openat(AT_FDCWD, "/home/dikluwe/.local/share/fonts/IosevkaTerm/IosevkaTermNerdFontPropo-SemiBoldOblique.ttf", O_RDONLY|O_CLOEXEC) = 5
14:15:41.447854 openat(AT_FDCWD, "/home/dikluwe/.local/share/fonts/IosevkaTerm/IosevkaTermNerdFontPropo-ExtraLight.ttf", O_RDONLY|O_CLOEXEC) = 5
14:15:41.448020 openat(AT_FDCWD, "/home/dikluwe/.local/share/fonts/IosevkaTerm/IosevkaTermNerdFont-ExtraBold.ttf", O_RDONLY|O_CLOEXEC) = 5
14:15:41.448214 openat(AT_FDCWD, "/home/dikluwe/.local/share/fonts/IosevkaTerm/IosevkaTermNerdFont-BoldOblique.ttf", O_RDONLY|O_CLOEXEC) = 5
14:15:41.448398 openat(AT_FDCWD, "/home/dikluwe/.local/share/fonts/IosevkaTerm/IosevkaTermNerdFontPropo-ExtraLightOblique.ttf", O_RDONLY|O_CLOEXEC) = 5
14:15:41.448578 openat(AT_FDCWD, "/home/dikluwe/.local/share/fonts/IosevkaTerm/IosevkaTermNerdFont-Regular.ttf", O_RDONLY|O_CLOEXEC) = 5
14:15:41.448753 openat(AT_FDCWD, "/home/dikluwe/.local/share/fonts/IosevkaTerm/IosevkaTermNerdFontMono-Italic.ttf", O_RDONLY|O_CLOEXEC) = 5
14:15:41.448940 openat(AT_FDCWD, "/home/dikluwe/.local/share/fonts/IosevkaTerm/IosevkaTermNerdFont-HeavyItalic.ttf", O_RDONLY|O_CLOEXEC) = 5
14:15:41.449142 openat(AT_FDCWD, "/home/dikluwe/.local/share/fonts/IosevkaTerm/IosevkaTermNerdFont-Medium.ttf", O_RDONLY|O_CLOEXEC) = 5
14:15:41.449341 openat(AT_FDCWD, "/home/dikluwe/.local/share/fonts/IosevkaTerm/IosevkaTermNerdFontMono-BoldItalic.ttf", O_RDONLY|O_CLOEXEC) = 5
14:15:41.449543 openat(AT_FDCWD, "/home/dikluwe/.local/share/fonts/IosevkaTerm/IosevkaTermNerdFont-LightItalic.ttf", O_RDONLY|O_CLOEXEC) = 5
14:15:41.449725 openat(AT_FDCWD, "/home/dikluwe/.local/share/fonts/IosevkaTerm/IosevkaTermNerdFont-MediumOblique.ttf", O_RDONLY|O_CLOEXEC) = 5
14:15:41.449906 openat(AT_FDCWD, "/home/dikluwe/.local/share/fonts/IosevkaTerm/IosevkaTermNerdFontPropo-HeavyItalic.ttf", O_RDONLY|O_CLOEXEC) = 5
14:15:41.450087 openat(AT_FDCWD, "/home/dikluwe/.local/share/fonts/IosevkaTerm/IosevkaTermNerdFontPropo-SemiBold.ttf", O_RDONLY|O_CLOEXEC) = 5
14:15:41.450264 openat(AT_FDCWD, "/home/dikluwe/.local/share/fonts/IosevkaTerm/IosevkaTermNerdFontMono-ThinItalic.ttf", O_RDONLY|O_CLOEXEC) = 5
14:15:41.450425 openat(AT_FDCWD, "/home/dikluwe/.local/share/fonts/IosevkaTerm/IosevkaTermNerdFontPropo-BoldItalic.ttf", O_RDONLY|O_CLOEXEC) = 5
14:15:41.450582 openat(AT_FDCWD, "/home/dikluwe/.local/share/fonts/IosevkaTerm/IosevkaTermNerdFont-ThinOblique.ttf", O_RDONLY|O_CLOEXEC) = 5
14:15:41.450738 openat(AT_FDCWD, "/home/dikluwe/.local/share/fonts/IosevkaTerm/IosevkaTermNerdFontPropo-MediumItalic.ttf", O_RDONLY|O_CLOEXEC) = 5
14:15:41.450952 openat(AT_FDCWD, "/home/dikluwe/.local/share/fonts/Iosevka", O_RDONLY|O_NONBLOCK|O_CLOEXEC|O_DIRECTORY) = 4
14:15:41.451183 openat(AT_FDCWD, "/home/dikluwe/.local/share/fonts/Iosevka/IosevkaNerdFont-ExtraLight.ttf", O_RDONLY|O_CLOEXEC) = 5
14:15:41.451343 openat(AT_FDCWD, "/home/dikluwe/.local/share/fonts/Iosevka/IosevkaNerdFont-LightItalic.ttf", O_RDONLY|O_CLOEXEC) = 5
14:15:41.451501 openat(AT_FDCWD, "/home/dikluwe/.local/share/fonts/Iosevka/IosevkaNerdFontMono-ExtraBoldItalic.ttf", O_RDONLY|O_CLOEXEC) = 5
14:15:41.451656 openat(AT_FDCWD, "/home/dikluwe/.local/share/fonts/Iosevka/IosevkaNerdFont-Medium.ttf", O_RDONLY|O_CLOEXEC) = 5
14:15:41.451812 openat(AT_FDCWD, "/home/dikluwe/.local/share/fonts/Iosevka/IosevkaNerdFontMono-MediumItalic.ttf", O_RDONLY|O_CLOEXEC) = 5
14:15:41.451981 openat(AT_FDCWD, "/home/dikluwe/.local/share/fonts/Iosevka/IosevkaNerdFont-Italic.ttf", O_RDONLY|O_CLOEXEC) = 5
14:15:41.452139 openat(AT_FDCWD, "/home/dikluwe/.local/share/fonts/Iosevka/IosevkaNerdFontMono-Light.ttf", O_RDONLY|O_CLOEXEC) = 5
14:15:41.452296 openat(AT_FDCWD, "/home/dikluwe/.local/share/fonts/Iosevka/IosevkaNerdFont-ExtraLightItalic.ttf", O_RDONLY|O_CLOEXEC) = 5
14:15:41.452453 openat(AT_FDCWD, "/home/dikluwe/.local/share/fonts/Iosevka/IosevkaNerdFont-SemiBoldOblique.ttf", O_RDONLY|O_CLOEXEC) = 5
14:15:41.452610 openat(AT_FDCWD, "/home/dikluwe/.local/share/fonts/Iosevka/IosevkaNerdFont-Bold.ttf", O_RDONLY|O_CLOEXEC) = 5
14:15:41.452764 openat(AT_FDCWD, "/home/dikluwe/.local/share/fonts/Iosevka/IosevkaNerdFontPropo-SemiBoldOblique.ttf", O_RDONLY|O_CLOEXEC) = 5
14:15:41.452924 openat(AT_FDCWD, "/home/dikluwe/.local/share/fonts/Iosevka/IosevkaNerdFontPropo-Oblique.ttf", O_RDONLY|O_CLOEXEC) = 5
14:15:41.453102 openat(AT_FDCWD, "/home/dikluwe/.local/share/fonts/Iosevka/IosevkaNerdFontMono-ThinOblique.ttf", O_RDONLY|O_CLOEXEC) = 5
14:15:41.453259 openat(AT_FDCWD, "/home/dikluwe/.local/share/fonts/Iosevka/IosevkaNerdFontPropo-SemiBoldItalic.ttf", O_RDONLY|O_CLOEXEC) = 5
14:15:41.453415 openat(AT_FDCWD, "/home/dikluwe/.local/share/fonts/Iosevka/IosevkaNerdFontMono-ThinItalic.ttf", O_RDONLY|O_CLOEXEC) = 5
14:15:41.453573 openat(AT_FDCWD, "/home/dikluwe/.local/share/fonts/Iosevka/IosevkaNerdFontPropo-ExtraLight.ttf", O_RDONLY|O_CLOEXEC) = 5
14:15:41.453729 openat(AT_FDCWD, "/home/dikluwe/.local/share/fonts/Iosevka/IosevkaNerdFont-Oblique.ttf", O_RDONLY|O_CLOEXEC) = 5
14:15:41.453885 openat(AT_FDCWD, "/home/dikluwe/.local/share/fonts/Iosevka/IosevkaNerdFont-ExtraBoldItalic.ttf", O_RDONLY|O_CLOEXEC) = 5
14:15:41.454068 openat(AT_FDCWD, "/home/dikluwe/.local/share/fonts/Iosevka/IosevkaNerdFontPropo-Italic.ttf", O_RDONLY|O_CLOEXEC) = 5
14:15:41.454227 openat(AT_FDCWD, "/home/dikluwe/.local/share/fonts/Iosevka/IosevkaNerdFontMono-Heavy.ttf", O_RDONLY|O_CLOEXEC) = 5
14:15:41.454671 openat(AT_FDCWD, "/home/dikluwe/.local/share/fonts/Iosevka/IosevkaNerdFontPropo-ThinItalic.ttf", O_RDONLY|O_CLOEXEC) = 5
14:15:41.454830 openat(AT_FDCWD, "/home/dikluwe/.local/share/fonts/Iosevka/IosevkaNerdFontMono-Bold.ttf", O_RDONLY|O_CLOEXEC) = 5
14:15:41.454990 openat(AT_FDCWD, "/home/dikluwe/.local/share/fonts/Iosevka/IosevkaNerdFontMono-ExtraBoldOblique.ttf", O_RDONLY|O_CLOEXEC) = 5
14:15:41.455150 openat(AT_FDCWD, "/home/dikluwe/.local/share/fonts/Iosevka/IosevkaNerdFontMono-SemiBoldItalic.ttf", O_RDONLY|O_CLOEXEC) = 5
14:15:41.455306 openat(AT_FDCWD, "/home/dikluwe/.local/share/fonts/Iosevka/IosevkaNerdFontMono-ExtraBold.ttf", O_RDONLY|O_CLOEXEC) = 5
14:15:41.455461 openat(AT_FDCWD, "/home/dikluwe/.local/share/fonts/Iosevka/IosevkaNerdFontPropo-ThinOblique.ttf", O_RDONLY|O_CLOEXEC) = 5
14:15:41.455618 openat(AT_FDCWD, "/home/dikluwe/.local/share/fonts/Iosevka/IosevkaNerdFont-ExtraLightOblique.ttf", O_RDONLY|O_CLOEXEC) = 5
14:15:41.455773 openat(AT_FDCWD, "/home/dikluwe/.local/share/fonts/Iosevka/IosevkaNerdFontPropo-BoldOblique.ttf", O_RDONLY|O_CLOEXEC) = 5
14:15:41.455981 openat(AT_FDCWD, "/home/dikluwe/.local/share/fonts/Iosevka/IosevkaNerdFontPropo-HeavyItalic.ttf", O_RDONLY|O_CLOEXEC) = 5
14:15:41.456140 openat(AT_FDCWD, "/home/dikluwe/.local/share/fonts/Iosevka/IosevkaNerdFontPropo-MediumOblique.ttf", O_RDONLY|O_CLOEXEC) = 5
14:15:41.456310 openat(AT_FDCWD, "/home/dikluwe/.local/share/fonts/Iosevka/IosevkaNerdFontPropo-MediumItalic.ttf", O_RDONLY|O_CLOEXEC) = 5
14:15:41.456466 openat(AT_FDCWD, "/home/dikluwe/.local/share/fonts/Iosevka/IosevkaNerdFontMono-Oblique.ttf", O_RDONLY|O_CLOEXEC) = 5
14:15:41.456622 openat(AT_FDCWD, "/home/dikluwe/.local/share/fonts/Iosevka/IosevkaNerdFontMono-BoldItalic.ttf", O_RDONLY|O_CLOEXEC) = 5
14:15:41.456776 openat(AT_FDCWD, "/home/dikluwe/.local/share/fonts/Iosevka/IosevkaNerdFontMono-SemiBoldOblique.ttf", O_RDONLY|O_CLOEXEC) = 5
14:15:41.456933 openat(AT_FDCWD, "/home/dikluwe/.local/share/fonts/Iosevka/IosevkaNerdFontMono-BoldOblique.ttf", O_RDONLY|O_CLOEXEC) = 5
14:15:41.457089 openat(AT_FDCWD, "/home/dikluwe/.local/share/fonts/Iosevka/IosevkaNerdFontMono-Thin.ttf", O_RDONLY|O_CLOEXEC) = 5
14:15:41.457243 openat(AT_FDCWD, "/home/dikluwe/.local/share/fonts/Iosevka/IosevkaNerdFontPropo-LightOblique.ttf", O_RDONLY|O_CLOEXEC) = 5
14:15:41.457398 openat(AT_FDCWD, "/home/dikluwe/.local/share/fonts/Iosevka/IosevkaNerdFontPropo-Heavy.ttf", O_RDONLY|O_CLOEXEC) = 5
14:15:41.457552 openat(AT_FDCWD, "/home/dikluwe/.local/share/fonts/Iosevka/IosevkaNerdFontMono-ExtraLightItalic.ttf", O_RDONLY|O_CLOEXEC) = 5
14:15:41.457707 openat(AT_FDCWD, "/home/dikluwe/.local/share/fonts/Iosevka/IosevkaNerdFont-BoldOblique.ttf", O_RDONLY|O_CLOEXEC) = 5
14:15:41.457862 openat(AT_FDCWD, "/home/dikluwe/.local/share/fonts/Iosevka/IosevkaNerdFont-Thin.ttf", O_RDONLY|O_CLOEXEC) = 5
14:15:41.458023 openat(AT_FDCWD, "/home/dikluwe/.local/share/fonts/Iosevka/IosevkaNerdFont-SemiBoldItalic.ttf", O_RDONLY|O_CLOEXEC) = 5
14:15:41.458213 openat(AT_FDCWD, "/home/dikluwe/.local/share/fonts/Iosevka/IosevkaNerdFont-ThinItalic.ttf", O_RDONLY|O_CLOEXEC) = 5
14:15:41.458371 openat(AT_FDCWD, "/home/dikluwe/.local/share/fonts/Iosevka/IosevkaNerdFontPropo-ExtraBold.ttf", O_RDONLY|O_CLOEXEC) = 5
14:15:41.458526 openat(AT_FDCWD, "/home/dikluwe/.local/share/fonts/Iosevka/IosevkaNerdFont-BoldItalic.ttf", O_RDONLY|O_CLOEXEC) = 5
14:15:41.458682 openat(AT_FDCWD, "/home/dikluwe/.local/share/fonts/Iosevka/IosevkaNerdFontMono-ExtraLightOblique.ttf", O_RDONLY|O_CLOEXEC) = 5
14:15:41.458836 openat(AT_FDCWD, "/home/dikluwe/.local/share/fonts/Iosevka/IosevkaNerdFont-MediumItalic.ttf", O_RDONLY|O_CLOEXEC) = 5
14:15:41.459021 openat(AT_FDCWD, "/home/dikluwe/.local/share/fonts/Iosevka/IosevkaNerdFontPropo-HeavyOblique.ttf", O_RDONLY|O_CLOEXEC) = 5
14:15:41.459180 openat(AT_FDCWD, "/home/dikluwe/.local/share/fonts/Iosevka/IosevkaNerdFontPropo-ExtraBoldOblique.ttf", O_RDONLY|O_CLOEXEC) = 5
14:15:41.459346 openat(AT_FDCWD, "/home/dikluwe/.local/share/fonts/Iosevka/IosevkaNerdFont-LightOblique.ttf", O_RDONLY|O_CLOEXEC) = 5
14:15:41.459508 openat(AT_FDCWD, "/home/dikluwe/.local/share/fonts/Iosevka/IosevkaNerdFontPropo-SemiBold.ttf", O_RDONLY|O_CLOEXEC) = 5
14:15:41.459663 openat(AT_FDCWD, "/home/dikluwe/.local/share/fonts/Iosevka/IosevkaNerdFontPropo-BoldItalic.ttf", O_RDONLY|O_CLOEXEC) = 5
14:15:41.459818 openat(AT_FDCWD, "/home/dikluwe/.local/share/fonts/Iosevka/IosevkaNerdFontPropo-ExtraLightItalic.ttf", O_RDONLY|O_CLOEXEC) = 5
14:15:41.459978 openat(AT_FDCWD, "/home/dikluwe/.local/share/fonts/Iosevka/IosevkaNerdFontPropo-ExtraLightOblique.ttf", O_RDONLY|O_CLOEXEC) = 5
14:15:41.460135 openat(AT_FDCWD, "/home/dikluwe/.local/share/fonts/Iosevka/IosevkaNerdFontPropo-LightItalic.ttf", O_RDONLY|O_CLOEXEC) = 5
14:15:41.460290 openat(AT_FDCWD, "/home/dikluwe/.local/share/fonts/Iosevka/IosevkaNerdFontPropo-Medium.ttf", O_RDONLY|O_CLOEXEC) = 5
14:15:41.460444 openat(AT_FDCWD, "/home/dikluwe/.local/share/fonts/Iosevka/IosevkaNerdFontMono-LightOblique.ttf", O_RDONLY|O_CLOEXEC) = 5
14:15:41.460597 openat(AT_FDCWD, "/home/dikluwe/.local/share/fonts/Iosevka/IosevkaNerdFontMono-MediumOblique.ttf", O_RDONLY|O_CLOEXEC) = 5
14:15:41.460750 openat(AT_FDCWD, "/home/dikluwe/.local/share/fonts/Iosevka/IosevkaNerdFont-Regular.ttf", O_RDONLY|O_CLOEXEC) = 5
14:15:41.460918 openat(AT_FDCWD, "/home/dikluwe/.local/share/fonts/Iosevka/IosevkaNerdFontMono-HeavyItalic.ttf", O_RDONLY|O_CLOEXEC) = 5
14:15:41.461075 openat(AT_FDCWD, "/home/dikluwe/.local/share/fonts/Iosevka/IosevkaNerdFontPropo-Thin.ttf", O_RDONLY|O_CLOEXEC) = 5
14:15:41.461230 openat(AT_FDCWD, "/home/dikluwe/.local/share/fonts/Iosevka/IosevkaNerdFont-MediumOblique.ttf", O_RDONLY|O_CLOEXEC) = 5
14:15:41.461385 openat(AT_FDCWD, "/home/dikluwe/.local/share/fonts/Iosevka/IosevkaNerdFont-ThinOblique.ttf", O_RDONLY|O_CLOEXEC) = 5
14:15:41.461539 openat(AT_FDCWD, "/home/dikluwe/.local/share/fonts/Iosevka/IosevkaNerdFontPropo-ExtraBoldItalic.ttf", O_RDONLY|O_CLOEXEC) = 5
14:15:41.461694 openat(AT_FDCWD, "/home/dikluwe/.local/share/fonts/Iosevka/IosevkaNerdFontMono-HeavyOblique.ttf", O_RDONLY|O_CLOEXEC) = 5
14:15:41.461848 openat(AT_FDCWD, "/home/dikluwe/.local/share/fonts/Iosevka/IosevkaNerdFontPropo-Bold.ttf", O_RDONLY|O_CLOEXEC) = 5
14:15:41.462008 openat(AT_FDCWD, "/home/dikluwe/.local/share/fonts/Iosevka/IosevkaNerdFont-Heavy.ttf", O_RDONLY|O_CLOEXEC) = 5
14:15:41.462162 openat(AT_FDCWD, "/home/dikluwe/.local/share/fonts/Iosevka/IosevkaNerdFont-ExtraBold.ttf", O_RDONLY|O_CLOEXEC) = 5
14:15:41.462316 openat(AT_FDCWD, "/home/dikluwe/.local/share/fonts/Iosevka/IosevkaNerdFont-SemiBold.ttf", O_RDONLY|O_CLOEXEC) = 5
14:15:41.462471 openat(AT_FDCWD, "/home/dikluwe/.local/share/fonts/Iosevka/IosevkaNerdFont-ExtraBoldOblique.ttf", O_RDONLY|O_CLOEXEC) = 5
14:15:41.462626 openat(AT_FDCWD, "/home/dikluwe/.local/share/fonts/Iosevka/IosevkaNerdFontMono-Regular.ttf", O_RDONLY|O_CLOEXEC) = 5
14:15:41.462780 openat(AT_FDCWD, "/home/dikluwe/.local/share/fonts/Iosevka/IosevkaNerdFontMono-SemiBold.ttf", O_RDONLY|O_CLOEXEC) = 5
14:15:41.462976 openat(AT_FDCWD, "/home/dikluwe/.local/share/fonts/Iosevka/IosevkaNerdFont-HeavyOblique.ttf", O_RDONLY|O_CLOEXEC) = 5
14:15:41.463134 openat(AT_FDCWD, "/home/dikluwe/.local/share/fonts/Iosevka/IosevkaNerdFontMono-ExtraLight.ttf", O_RDONLY|O_CLOEXEC) = 5
14:15:41.463290 openat(AT_FDCWD, "/home/dikluwe/.local/share/fonts/Iosevka/IosevkaNerdFont-Light.ttf", O_RDONLY|O_CLOEXEC) = 5
14:15:41.463444 openat(AT_FDCWD, "/home/dikluwe/.local/share/fonts/Iosevka/IosevkaNerdFontPropo-Regular.ttf", O_RDONLY|O_CLOEXEC) = 5
14:15:41.463595 openat(AT_FDCWD, "/home/dikluwe/.local/share/fonts/Iosevka/IosevkaNerdFontMono-Italic.ttf", O_RDONLY|O_CLOEXEC) = 5
14:15:41.463750 openat(AT_FDCWD, "/home/dikluwe/.local/share/fonts/Iosevka/IosevkaNerdFont-HeavyItalic.ttf", O_RDONLY|O_CLOEXEC) = 5
14:15:41.463909 openat(AT_FDCWD, "/home/dikluwe/.local/share/fonts/Iosevka/IosevkaNerdFontMono-Medium.ttf", O_RDONLY|O_CLOEXEC) = 5
14:15:41.464065 openat(AT_FDCWD, "/home/dikluwe/.local/share/fonts/Iosevka/IosevkaNerdFontPropo-Light.ttf", O_RDONLY|O_CLOEXEC) = 5
14:15:41.464229 openat(AT_FDCWD, "/home/dikluwe/.local/share/fonts/Iosevka/IosevkaNerdFontMono-LightItalic.ttf", O_RDONLY|O_CLOEXEC) = 5
14:15:41.464428 openat(AT_FDCWD, "/home/dikluwe/.local/share/fonts/Monoid", O_RDONLY|O_NONBLOCK|O_CLOEXEC|O_DIRECTORY) = 4
14:15:41.464552 openat(AT_FDCWD, "/home/dikluwe/.local/share/fonts/Monoid/MonoidNerdFontMono-Italic.ttf", O_RDONLY|O_CLOEXEC) = 5
14:15:41.464708 openat(AT_FDCWD, "/home/dikluwe/.local/share/fonts/Monoid/MonoidNerdFontPropo-Italic.ttf", O_RDONLY|O_CLOEXEC) = 5
14:15:41.464861 openat(AT_FDCWD, "/home/dikluwe/.local/share/fonts/Monoid/MonoidNerdFont-Italic.ttf", O_RDONLY|O_CLOEXEC) = 5
14:15:41.465079 openat(AT_FDCWD, "/home/dikluwe/.local/share/fonts/Monoid/MonoidNerdFontMono-Regular.ttf", O_RDONLY|O_CLOEXEC) = 5
14:15:41.465268 openat(AT_FDCWD, "/home/dikluwe/.local/share/fonts/Monoid/MonoidNerdFontPropo-Regular.ttf", O_RDONLY|O_CLOEXEC) = 5
14:15:41.465443 openat(AT_FDCWD, "/home/dikluwe/.local/share/fonts/Monoid/MonoidNerdFont-Regular.ttf", O_RDONLY|O_CLOEXEC) = 5
14:15:41.465614 openat(AT_FDCWD, "/home/dikluwe/.local/share/fonts/Monoid/MonoidNerdFont-Retina.ttf", O_RDONLY|O_CLOEXEC) = 5
14:15:41.465783 openat(AT_FDCWD, "/home/dikluwe/.local/share/fonts/Monoid/MonoidNerdFontMono-Retina.ttf", O_RDONLY|O_CLOEXEC) = 5
14:15:41.465957 openat(AT_FDCWD, "/home/dikluwe/.local/share/fonts/Monoid/MonoidNerdFontPropo-Retina.ttf", O_RDONLY|O_CLOEXEC) = 5
14:15:41.466130 openat(AT_FDCWD, "/home/dikluwe/.local/share/fonts/Monoid/MonoidNerdFontMono-Bold.ttf", O_RDONLY|O_CLOEXEC) = 5
14:15:41.466299 openat(AT_FDCWD, "/home/dikluwe/.local/share/fonts/Monoid/MonoidNerdFont-Bold.ttf", O_RDONLY|O_CLOEXEC) = 5
14:15:41.466475 openat(AT_FDCWD, "/home/dikluwe/.local/share/fonts/Monoid/MonoidNerdFontPropo-Bold.ttf", O_RDONLY|O_CLOEXEC) = 5
14:15:41.466677 openat(AT_FDCWD, "/home/dikluwe/.local/share/fonts/VictorMono", O_RDONLY|O_NONBLOCK|O_CLOEXEC|O_DIRECTORY) = 4
14:15:41.466875 openat(AT_FDCWD, "/home/dikluwe/.local/share/fonts/VictorMono/VictorMonoNerdFontPropo-LightItalic.ttf", O_RDONLY|O_CLOEXEC) = 5
14:15:41.467035 openat(AT_FDCWD, "/home/dikluwe/.local/share/fonts/VictorMono/VictorMonoNerdFontMono-LightItalic.ttf", O_RDONLY|O_CLOEXEC) = 5
14:15:41.467190 openat(AT_FDCWD, "/home/dikluwe/.local/share/fonts/VictorMono/VictorMonoNerdFont-LightItalic.ttf", O_RDONLY|O_CLOEXEC) = 5
14:15:41.467343 openat(AT_FDCWD, "/home/dikluwe/.local/share/fonts/VictorMono/VictorMonoNerdFontMono-SemiBoldOblique.ttf", O_RDONLY|O_CLOEXEC) = 5
14:15:41.467497 openat(AT_FDCWD, "/home/dikluwe/.local/share/fonts/VictorMono/VictorMonoNerdFontPropo-SemiBoldOblique.ttf", O_RDONLY|O_CLOEXEC) = 5
14:15:41.467651 openat(AT_FDCWD, "/home/dikluwe/.local/share/fonts/VictorMono/VictorMonoNerdFont-SemiBoldOblique.ttf", O_RDONLY|O_CLOEXEC) = 5
14:15:41.467804 openat(AT_FDCWD, "/home/dikluwe/.local/share/fonts/VictorMono/VictorMonoNerdFontPropo-ExtraLightItalic.ttf", O_RDONLY|O_CLOEXEC) = 5
14:15:41.467963 openat(AT_FDCWD, "/home/dikluwe/.local/share/fonts/VictorMono/VictorMonoNerdFontMono-ExtraLightItalic.ttf", O_RDONLY|O_CLOEXEC) = 5
14:15:41.468135 openat(AT_FDCWD, "/home/dikluwe/.local/share/fonts/VictorMono/VictorMonoNerdFont-ExtraLightItalic.ttf", O_RDONLY|O_CLOEXEC) = 5
14:15:41.468290 openat(AT_FDCWD, "/home/dikluwe/.local/share/fonts/VictorMono/VictorMonoNerdFontMono-MediumItalic.ttf", O_RDONLY|O_CLOEXEC) = 5
14:15:41.468442 openat(AT_FDCWD, "/home/dikluwe/.local/share/fonts/VictorMono/VictorMonoNerdFontPropo-MediumItalic.ttf", O_RDONLY|O_CLOEXEC) = 5
14:15:41.468609 openat(AT_FDCWD, "/home/dikluwe/.local/share/fonts/VictorMono/VictorMonoNerdFont-MediumItalic.ttf", O_RDONLY|O_CLOEXEC) = 5
14:15:41.468760 openat(AT_FDCWD, "/home/dikluwe/.local/share/fonts/VictorMono/VictorMonoNerdFont-Italic.ttf", O_RDONLY|O_CLOEXEC) = 5
14:15:41.468941 openat(AT_FDCWD, "/home/dikluwe/.local/share/fonts/VictorMono/VictorMonoNerdFontPropo-Italic.ttf", O_RDONLY|O_CLOEXEC) = 5
14:15:41.469098 openat(AT_FDCWD, "/home/dikluwe/.local/share/fonts/VictorMono/VictorMonoNerdFontMono-Italic.ttf", O_RDONLY|O_CLOEXEC) = 5
14:15:41.469314 openat(AT_FDCWD, "/home/dikluwe/.local/share/fonts/VictorMono/VictorMonoNerdFont-MediumOblique.ttf", O_RDONLY|O_CLOEXEC) = 5
14:15:41.469542 openat(AT_FDCWD, "/home/dikluwe/.local/share/fonts/VictorMono/VictorMonoNerdFontMono-MediumOblique.ttf", O_RDONLY|O_CLOEXEC) = 5
14:15:41.469711 openat(AT_FDCWD, "/home/dikluwe/.local/share/fonts/VictorMono/VictorMonoNerdFontPropo-MediumOblique.ttf", O_RDONLY|O_CLOEXEC) = 5
14:15:41.469880 openat(AT_FDCWD, "/home/dikluwe/.local/share/fonts/VictorMono/VictorMonoNerdFontMono-ThinItalic.ttf", O_RDONLY|O_CLOEXEC) = 5
14:15:41.470056 openat(AT_FDCWD, "/home/dikluwe/.local/share/fonts/VictorMono/VictorMonoNerdFontPropo-ThinItalic.ttf", O_RDONLY|O_CLOEXEC) = 5
14:15:41.470224 openat(AT_FDCWD, "/home/dikluwe/.local/share/fonts/VictorMono/VictorMonoNerdFont-ThinItalic.ttf", O_RDONLY|O_CLOEXEC) = 5
14:15:41.470391 openat(AT_FDCWD, "/home/dikluwe/.local/share/fonts/VictorMono/VictorMonoNerdFont-BoldItalic.ttf", O_RDONLY|O_CLOEXEC) = 5
14:15:41.470553 openat(AT_FDCWD, "/home/dikluwe/.local/share/fonts/VictorMono/VictorMonoNerdFontMono-BoldItalic.ttf", O_RDONLY|O_CLOEXEC) = 5
14:15:41.470706 openat(AT_FDCWD, "/home/dikluwe/.local/share/fonts/VictorMono/VictorMonoNerdFontPropo-BoldItalic.ttf", O_RDONLY|O_CLOEXEC) = 5
14:15:41.470860 openat(AT_FDCWD, "/home/dikluwe/.local/share/fonts/VictorMono/VictorMonoNerdFontMono-BoldOblique.ttf", O_RDONLY|O_CLOEXEC) = 5
14:15:41.471047 openat(AT_FDCWD, "/home/dikluwe/.local/share/fonts/VictorMono/VictorMonoNerdFontPropo-BoldOblique.ttf", O_RDONLY|O_CLOEXEC) = 5
14:15:41.471201 openat(AT_FDCWD, "/home/dikluwe/.local/share/fonts/VictorMono/VictorMonoNerdFont-BoldOblique.ttf", O_RDONLY|O_CLOEXEC) = 5
14:15:41.471369 openat(AT_FDCWD, "/home/dikluwe/.local/share/fonts/VictorMono/VictorMonoNerdFontMono-ExtraLightOblique.ttf", O_RDONLY|O_CLOEXEC) = 5
14:15:41.471521 openat(AT_FDCWD, "/home/dikluwe/.local/share/fonts/VictorMono/VictorMonoNerdFontPropo-ExtraLightOblique.ttf", O_RDONLY|O_CLOEXEC) = 5
14:15:41.471675 openat(AT_FDCWD, "/home/dikluwe/.local/share/fonts/VictorMono/VictorMonoNerdFont-ExtraLightOblique.ttf", O_RDONLY|O_CLOEXEC) = 5
14:15:41.471828 openat(AT_FDCWD, "/home/dikluwe/.local/share/fonts/VictorMono/VictorMonoNerdFontMono-Regular.ttf", O_RDONLY|O_CLOEXEC) = 5
14:15:41.471986 openat(AT_FDCWD, "/home/dikluwe/.local/share/fonts/VictorMono/VictorMonoNerdFont-Regular.ttf", O_RDONLY|O_CLOEXEC) = 5
14:15:41.472141 openat(AT_FDCWD, "/home/dikluwe/.local/share/fonts/VictorMono/VictorMonoNerdFontPropo-Regular.ttf", O_RDONLY|O_CLOEXEC) = 5
14:15:41.472295 openat(AT_FDCWD, "/home/dikluwe/.local/share/fonts/VictorMono/VictorMonoNerdFont-ThinOblique.ttf", O_RDONLY|O_CLOEXEC) = 5
14:15:41.472448 openat(AT_FDCWD, "/home/dikluwe/.local/share/fonts/VictorMono/VictorMonoNerdFontMono-ThinOblique.ttf", O_RDONLY|O_CLOEXEC) = 5
14:15:41.472600 openat(AT_FDCWD, "/home/dikluwe/.local/share/fonts/VictorMono/VictorMonoNerdFontPropo-ThinOblique.ttf", O_RDONLY|O_CLOEXEC) = 5
14:15:41.472752 openat(AT_FDCWD, "/home/dikluwe/.local/share/fonts/VictorMono/VictorMonoNerdFontMono-SemiBoldItalic.ttf", O_RDONLY|O_CLOEXEC) = 5
14:15:41.472929 openat(AT_FDCWD, "/home/dikluwe/.local/share/fonts/VictorMono/VictorMonoNerdFontPropo-SemiBoldItalic.ttf", O_RDONLY|O_CLOEXEC) = 5
14:15:41.473094 openat(AT_FDCWD, "/home/dikluwe/.local/share/fonts/VictorMono/VictorMonoNerdFont-SemiBoldItalic.ttf", O_RDONLY|O_CLOEXEC) = 5
14:15:41.473257 openat(AT_FDCWD, "/home/dikluwe/.local/share/fonts/VictorMono/VictorMonoNerdFontMono-Oblique.ttf", O_RDONLY|O_CLOEXEC) = 5
14:15:41.473422 openat(AT_FDCWD, "/home/dikluwe/.local/share/fonts/VictorMono/VictorMonoNerdFontPropo-Oblique.ttf", O_RDONLY|O_CLOEXEC) = 5
14:15:41.473582 openat(AT_FDCWD, "/home/dikluwe/.local/share/fonts/VictorMono/VictorMonoNerdFont-Oblique.ttf", O_RDONLY|O_CLOEXEC) = 5
14:15:41.473742 openat(AT_FDCWD, "/home/dikluwe/.local/share/fonts/VictorMono/VictorMonoNerdFontMono-Thin.ttf", O_RDONLY|O_CLOEXEC) = 5
14:15:41.473918 openat(AT_FDCWD, "/home/dikluwe/.local/share/fonts/VictorMono/VictorMonoNerdFont-Thin.ttf", O_RDONLY|O_CLOEXEC) = 5
14:15:41.474146 openat(AT_FDCWD, "/home/dikluwe/.local/share/fonts/VictorMono/VictorMonoNerdFontPropo-Thin.ttf", O_RDONLY|O_CLOEXEC) = 5
14:15:41.474337 openat(AT_FDCWD, "/home/dikluwe/.local/share/fonts/VictorMono/VictorMonoNerdFontPropo-ExtraLight.ttf", O_RDONLY|O_CLOEXEC) = 5
14:15:41.474521 openat(AT_FDCWD, "/home/dikluwe/.local/share/fonts/VictorMono/VictorMonoNerdFontMono-ExtraLight.ttf", O_RDONLY|O_CLOEXEC) = 5
14:15:41.474689 openat(AT_FDCWD, "/home/dikluwe/.local/share/fonts/VictorMono/VictorMonoNerdFont-ExtraLight.ttf", O_RDONLY|O_CLOEXEC) = 5
14:15:41.474852 openat(AT_FDCWD, "/home/dikluwe/.local/share/fonts/VictorMono/VictorMonoNerdFontMono-LightOblique.ttf", O_RDONLY|O_CLOEXEC) = 5
14:15:41.475021 openat(AT_FDCWD, "/home/dikluwe/.local/share/fonts/VictorMono/VictorMonoNerdFontPropo-LightOblique.ttf", O_RDONLY|O_CLOEXEC) = 5
14:15:41.475183 openat(AT_FDCWD, "/home/dikluwe/.local/share/fonts/VictorMono/VictorMonoNerdFont-LightOblique.ttf", O_RDONLY|O_CLOEXEC) = 5
14:15:41.475345 openat(AT_FDCWD, "/home/dikluwe/.local/share/fonts/VictorMono/VictorMonoNerdFont-Medium.ttf", O_RDONLY|O_CLOEXEC) = 5
14:15:41.475508 openat(AT_FDCWD, "/home/dikluwe/.local/share/fonts/VictorMono/VictorMonoNerdFontMono-Medium.ttf", O_RDONLY|O_CLOEXEC) = 5
14:15:41.475671 openat(AT_FDCWD, "/home/dikluwe/.local/share/fonts/VictorMono/VictorMonoNerdFontPropo-Medium.ttf", O_RDONLY|O_CLOEXEC) = 5
14:15:41.475840 openat(AT_FDCWD, "/home/dikluwe/.local/share/fonts/VictorMono/VictorMonoNerdFontMono-Bold.ttf", O_RDONLY|O_CLOEXEC) = 5
14:15:41.476028 openat(AT_FDCWD, "/home/dikluwe/.local/share/fonts/VictorMono/VictorMonoNerdFontPropo-Bold.ttf", O_RDONLY|O_CLOEXEC) = 5
14:15:41.476203 openat(AT_FDCWD, "/home/dikluwe/.local/share/fonts/VictorMono/VictorMonoNerdFont-Bold.ttf", O_RDONLY|O_CLOEXEC) = 5
14:15:41.476372 openat(AT_FDCWD, "/home/dikluwe/.local/share/fonts/VictorMono/VictorMonoNerdFontPropo-Light.ttf", O_RDONLY|O_CLOEXEC) = 5
14:15:41.476539 openat(AT_FDCWD, "/home/dikluwe/.local/share/fonts/VictorMono/VictorMonoNerdFont-Light.ttf", O_RDONLY|O_CLOEXEC) = 5
14:15:41.476703 openat(AT_FDCWD, "/home/dikluwe/.local/share/fonts/VictorMono/VictorMonoNerdFontMono-Light.ttf", O_RDONLY|O_CLOEXEC) = 5
14:15:41.476864 openat(AT_FDCWD, "/home/dikluwe/.local/share/fonts/VictorMono/VictorMonoNerdFontMono-SemiBold.ttf", O_RDONLY|O_CLOEXEC) = 5
14:15:41.477033 openat(AT_FDCWD, "/home/dikluwe/.local/share/fonts/VictorMono/VictorMonoNerdFontPropo-SemiBold.ttf", O_RDONLY|O_CLOEXEC) = 5
14:15:41.477195 openat(AT_FDCWD, "/home/dikluwe/.local/share/fonts/VictorMono/VictorMonoNerdFont-SemiBold.ttf", O_RDONLY|O_CLOEXEC) = 5
14:15:41.477402 openat(AT_FDCWD, "/home/dikluwe/.local/share/fonts/ZedMono", O_RDONLY|O_NONBLOCK|O_CLOEXEC|O_DIRECTORY) = 4
14:15:41.477659 openat(AT_FDCWD, "/home/dikluwe/.local/share/fonts/ZedMono/ZedMonoNerdFontMono-ExtendedBold.ttf", O_RDONLY|O_CLOEXEC) = 5
14:15:41.477815 openat(AT_FDCWD, "/home/dikluwe/.local/share/fonts/ZedMono/ZedMonoNerdFontPropo-ExtendedMedium.ttf", O_RDONLY|O_CLOEXEC) = 5
14:15:41.478000 openat(AT_FDCWD, "/home/dikluwe/.local/share/fonts/ZedMono/ZedMonoNerdFontMono-ExtendedLight.ttf", O_RDONLY|O_CLOEXEC) = 5
14:15:41.478158 openat(AT_FDCWD, "/home/dikluwe/.local/share/fonts/ZedMono/ZedMonoNerdFontMono-ExtendedMediumOblique.ttf", O_RDONLY|O_CLOEXEC) = 5
14:15:41.478314 openat(AT_FDCWD, "/home/dikluwe/.local/share/fonts/ZedMono/ZedMonoNerdFontPropo-ExtendedItalic.ttf", O_RDONLY|O_CLOEXEC) = 5
14:15:41.478475 openat(AT_FDCWD, "/home/dikluwe/.local/share/fonts/ZedMono/ZedMonoNerdFontPropo-ExtendedBold.ttf", O_RDONLY|O_CLOEXEC) = 5
14:15:41.478631 openat(AT_FDCWD, "/home/dikluwe/.local/share/fonts/ZedMono/ZedMonoNerdFontPropo-Extended.ttf", O_RDONLY|O_CLOEXEC) = 5
14:15:41.478786 openat(AT_FDCWD, "/home/dikluwe/.local/share/fonts/ZedMono/ZedMonoNerdFontMono-ExtendedExtraBoldOblique.ttf", O_RDONLY|O_CLOEXEC) = 5
14:15:41.478969 openat(AT_FDCWD, "/home/dikluwe/.local/share/fonts/ZedMono/ZedMonoNerdFontPropo-ExtendedExtraBoldOblique.ttf", O_RDONLY|O_CLOEXEC) = 5
14:15:41.479127 openat(AT_FDCWD, "/home/dikluwe/.local/share/fonts/ZedMono/ZedMonoNerdFont-ExtendedExtraBold.ttf", O_RDONLY|O_CLOEXEC) = 5
14:15:41.479290 openat(AT_FDCWD, "/home/dikluwe/.local/share/fonts/ZedMono/ZedMonoNerdFontPropo-ExtendedExtraBoldItalic.ttf", O_RDONLY|O_CLOEXEC) = 5
14:15:41.479446 openat(AT_FDCWD, "/home/dikluwe/.local/share/fonts/ZedMono/ZedMonoNerdFontMono-ExtendedExtraBold.ttf", O_RDONLY|O_CLOEXEC) = 5
14:15:41.479601 openat(AT_FDCWD, "/home/dikluwe/.local/share/fonts/ZedMono/ZedMonoNerdFont-ExtendedMediumItalic.ttf", O_RDONLY|O_CLOEXEC) = 5
14:15:41.479761 openat(AT_FDCWD, "/home/dikluwe/.local/share/fonts/ZedMono/ZedMonoNerdFontMono-ExtendedBoldOblique.ttf", O_RDONLY|O_CLOEXEC) = 5
14:15:41.479923 openat(AT_FDCWD, "/home/dikluwe/.local/share/fonts/ZedMono/ZedMonoNerdFontMono-ExtendedMedium.ttf", O_RDONLY|O_CLOEXEC) = 5
14:15:41.480083 openat(AT_FDCWD, "/home/dikluwe/.local/share/fonts/ZedMono/ZedMonoNerdFontPropo-ExtendedMediumOblique.ttf", O_RDONLY|O_CLOEXEC) = 5
14:15:41.480238 openat(AT_FDCWD, "/home/dikluwe/.local/share/fonts/ZedMono/ZedMonoNerdFont-Extended.ttf", O_RDONLY|O_CLOEXEC) = 5
14:15:41.480392 openat(AT_FDCWD, "/home/dikluwe/.local/share/fonts/ZedMono/ZedMonoNerdFontPropo-ExtendedBoldItalic.ttf", O_RDONLY|O_CLOEXEC) = 5
14:15:41.480552 openat(AT_FDCWD, "/home/dikluwe/.local/share/fonts/ZedMono/ZedMonoNerdFont-ExtendedOblique.ttf", O_RDONLY|O_CLOEXEC) = 5
14:15:41.480707 openat(AT_FDCWD, "/home/dikluwe/.local/share/fonts/ZedMono/ZedMonoNerdFont-ExtendedMedium.ttf", O_RDONLY|O_CLOEXEC) = 5
14:15:41.480860 openat(AT_FDCWD, "/home/dikluwe/.local/share/fonts/ZedMono/ZedMonoNerdFontPropo-ExtendedBoldOblique.ttf", O_RDONLY|O_CLOEXEC) = 5
14:15:41.481023 openat(AT_FDCWD, "/home/dikluwe/.local/share/fonts/ZedMono/ZedMonoNerdFontMono-ExtendedOblique.ttf", O_RDONLY|O_CLOEXEC) = 5
14:15:41.481179 openat(AT_FDCWD, "/home/dikluwe/.local/share/fonts/ZedMono/ZedMonoNerdFontPropo-ExtendedLightItalic.ttf", O_RDONLY|O_CLOEXEC) = 5
14:15:41.481337 openat(AT_FDCWD, "/home/dikluwe/.local/share/fonts/ZedMono/ZedMonoNerdFontPropo-ExtendedMediumItalic.ttf", O_RDONLY|O_CLOEXEC) = 5
14:15:41.481499 openat(AT_FDCWD, "/home/dikluwe/.local/share/fonts/ZedMono/ZedMonoNerdFontMono-ExtendedBoldItalic.ttf", O_RDONLY|O_CLOEXEC) = 5
14:15:41.481659 openat(AT_FDCWD, "/home/dikluwe/.local/share/fonts/ZedMono/ZedMonoNerdFont-ExtendedBold.ttf", O_RDONLY|O_CLOEXEC) = 5
14:15:41.481817 openat(AT_FDCWD, "/home/dikluwe/.local/share/fonts/ZedMono/ZedMonoNerdFontMono-ExtendedMediumItalic.ttf", O_RDONLY|O_CLOEXEC) = 5
14:15:41.481991 openat(AT_FDCWD, "/home/dikluwe/.local/share/fonts/ZedMono/ZedMonoNerdFontPropo-ExtendedExtraBold.ttf", O_RDONLY|O_CLOEXEC) = 5
14:15:41.482158 openat(AT_FDCWD, "/home/dikluwe/.local/share/fonts/ZedMono/ZedMonoNerdFontMono-Extended.ttf", O_RDONLY|O_CLOEXEC) = 5
14:15:41.482312 openat(AT_FDCWD, "/home/dikluwe/.local/share/fonts/ZedMono/ZedMonoNerdFont-ExtendedExtraBoldOblique.ttf", O_RDONLY|O_CLOEXEC) = 5
14:15:41.482467 openat(AT_FDCWD, "/home/dikluwe/.local/share/fonts/ZedMono/ZedMonoNerdFont-ExtendedMediumOblique.ttf", O_RDONLY|O_CLOEXEC) = 5
14:15:41.482639 openat(AT_FDCWD, "/home/dikluwe/.local/share/fonts/ZedMono/ZedMonoNerdFont-ExtendedItalic.ttf", O_RDONLY|O_CLOEXEC) = 5
14:15:41.482800 openat(AT_FDCWD, "/home/dikluwe/.local/share/fonts/ZedMono/ZedMonoNerdFontMono-ExtendedLightOblique.ttf", O_RDONLY|O_CLOEXEC) = 5
14:15:41.483047 openat(AT_FDCWD, "/home/dikluwe/.local/share/fonts/ZedMono/ZedMonoNerdFontMono-ExtendedItalic.ttf", O_RDONLY|O_CLOEXEC) = 5
14:15:41.483223 openat(AT_FDCWD, "/home/dikluwe/.local/share/fonts/ZedMono/ZedMonoNerdFontPropo-ExtendedLight.ttf", O_RDONLY|O_CLOEXEC) = 5
14:15:41.483380 openat(AT_FDCWD, "/home/dikluwe/.local/share/fonts/ZedMono/ZedMonoNerdFont-ExtendedBoldItalic.ttf", O_RDONLY|O_CLOEXEC) = 5
14:15:41.483539 openat(AT_FDCWD, "/home/dikluwe/.local/share/fonts/ZedMono/ZedMonoNerdFont-ExtendedExtraBoldItalic.ttf", O_RDONLY|O_CLOEXEC) = 5
14:15:41.483697 openat(AT_FDCWD, "/home/dikluwe/.local/share/fonts/ZedMono/ZedMonoNerdFont-ExtendedLightItalic.ttf", O_RDONLY|O_CLOEXEC) = 5
14:15:41.483857 openat(AT_FDCWD, "/home/dikluwe/.local/share/fonts/ZedMono/ZedMonoNerdFontMono-ExtendedExtraBoldItalic.ttf", O_RDONLY|O_CLOEXEC) = 5
14:15:41.484023 openat(AT_FDCWD, "/home/dikluwe/.local/share/fonts/ZedMono/ZedMonoNerdFontMono-ExtendedLightItalic.ttf", O_RDONLY|O_CLOEXEC) = 5
14:15:41.484186 openat(AT_FDCWD, "/home/dikluwe/.local/share/fonts/ZedMono/ZedMonoNerdFont-ExtendedLightOblique.ttf", O_RDONLY|O_CLOEXEC) = 5
14:15:41.484340 openat(AT_FDCWD, "/home/dikluwe/.local/share/fonts/ZedMono/ZedMonoNerdFontPropo-ExtendedLightOblique.ttf", O_RDONLY|O_CLOEXEC) = 5
14:15:41.484497 openat(AT_FDCWD, "/home/dikluwe/.local/share/fonts/ZedMono/ZedMonoNerdFont-ExtendedLight.ttf", O_RDONLY|O_CLOEXEC) = 5
14:15:41.484652 openat(AT_FDCWD, "/home/dikluwe/.local/share/fonts/ZedMono/ZedMonoNerdFont-ExtendedBoldOblique.ttf", O_RDONLY|O_CLOEXEC) = 5
14:15:41.484808 openat(AT_FDCWD, "/home/dikluwe/.local/share/fonts/ZedMono/ZedMonoNerdFontPropo-ExtendedOblique.ttf", O_RDONLY|O_CLOEXEC) = 5
14:15:41.484976 openat(AT_FDCWD, "/home/dikluwe/.local/share/fonts/ZedMono/ZedMonoNerdFontMono-Italic.ttf", O_RDONLY|O_CLOEXEC) = 5
14:15:41.485135 openat(AT_FDCWD, "/home/dikluwe/.local/share/fonts/ZedMono/ZedMonoNerdFontPropo-Oblique.ttf", O_RDONLY|O_CLOEXEC) = 5
14:15:41.485291 openat(AT_FDCWD, "/home/dikluwe/.local/share/fonts/ZedMono/ZedMonoNerdFont-BoldOblique.ttf", O_RDONLY|O_CLOEXEC) = 5
14:15:41.485448 openat(AT_FDCWD, "/home/dikluwe/.local/share/fonts/ZedMono/ZedMonoNerdFontPropo-Regular.ttf", O_RDONLY|O_CLOEXEC) = 5
14:15:41.485604 openat(AT_FDCWD, "/home/dikluwe/.local/share/fonts/ZedMono/ZedMonoNerdFontMono-Bold.ttf", O_RDONLY|O_CLOEXEC) = 5
14:15:41.485761 openat(AT_FDCWD, "/home/dikluwe/.local/share/fonts/ZedMono/ZedMonoNerdFont-BoldItalic.ttf", O_RDONLY|O_CLOEXEC) = 5
14:15:41.485936 openat(AT_FDCWD, "/home/dikluwe/.local/share/fonts/ZedMono/ZedMonoNerdFont-Regular.ttf", O_RDONLY|O_CLOEXEC) = 5
14:15:41.486096 openat(AT_FDCWD, "/home/dikluwe/.local/share/fonts/ZedMono/ZedMonoNerdFontMono-Light.ttf", O_RDONLY|O_CLOEXEC) = 5
14:15:41.486252 openat(AT_FDCWD, "/home/dikluwe/.local/share/fonts/ZedMono/ZedMonoNerdFont-LightOblique.ttf", O_RDONLY|O_CLOEXEC) = 5
14:15:41.486409 openat(AT_FDCWD, "/home/dikluwe/.local/share/fonts/ZedMono/ZedMonoNerdFont-ExtraBold.ttf", O_RDONLY|O_CLOEXEC) = 5
14:15:41.486564 openat(AT_FDCWD, "/home/dikluwe/.local/share/fonts/ZedMono/ZedMonoNerdFontMono-BoldItalic.ttf", O_RDONLY|O_CLOEXEC) = 5
14:15:41.486734 openat(AT_FDCWD, "/home/dikluwe/.local/share/fonts/ZedMono/ZedMonoNerdFontPropo-LightItalic.ttf", O_RDONLY|O_CLOEXEC) = 5
14:15:41.486906 openat(AT_FDCWD, "/home/dikluwe/.local/share/fonts/ZedMono/ZedMonoNerdFont-Medium.ttf", O_RDONLY|O_CLOEXEC) = 5
14:15:41.487066 openat(AT_FDCWD, "/home/dikluwe/.local/share/fonts/ZedMono/ZedMonoNerdFontPropo-ExtraBold.ttf", O_RDONLY|O_CLOEXEC) = 5
14:15:41.487231 openat(AT_FDCWD, "/home/dikluwe/.local/share/fonts/ZedMono/ZedMonoNerdFont-Oblique.ttf", O_RDONLY|O_CLOEXEC) = 5
14:15:41.487386 openat(AT_FDCWD, "/home/dikluwe/.local/share/fonts/ZedMono/ZedMonoNerdFontPropo-ExtraBoldItalic.ttf", O_RDONLY|O_CLOEXEC) = 5
14:15:41.487562 openat(AT_FDCWD, "/home/dikluwe/.local/share/fonts/ZedMono/ZedMonoNerdFontMono-ExtraBoldItalic.ttf", O_RDONLY|O_CLOEXEC) = 5
14:15:41.487720 openat(AT_FDCWD, "/home/dikluwe/.local/share/fonts/ZedMono/ZedMonoNerdFont-Italic.ttf", O_RDONLY|O_CLOEXEC) = 5
14:15:41.487887 openat(AT_FDCWD, "/home/dikluwe/.local/share/fonts/ZedMono/ZedMonoNerdFontPropo-Italic.ttf", O_RDONLY|O_CLOEXEC) = 5
14:15:41.488055 openat(AT_FDCWD, "/home/dikluwe/.local/share/fonts/ZedMono/ZedMonoNerdFontMono-LightOblique.ttf", O_RDONLY|O_CLOEXEC) = 5
14:15:41.488212 openat(AT_FDCWD, "/home/dikluwe/.local/share/fonts/ZedMono/ZedMonoNerdFont-ExtraBoldItalic.ttf", O_RDONLY|O_CLOEXEC) = 5
14:15:41.488374 openat(AT_FDCWD, "/home/dikluwe/.local/share/fonts/ZedMono/ZedMonoNerdFontMono-MediumItalic.ttf", O_RDONLY|O_CLOEXEC) = 5
14:15:41.488529 openat(AT_FDCWD, "/home/dikluwe/.local/share/fonts/ZedMono/ZedMonoNerdFontPropo-Light.ttf", O_RDONLY|O_CLOEXEC) = 5
14:15:41.488685 openat(AT_FDCWD, "/home/dikluwe/.local/share/fonts/ZedMono/ZedMonoNerdFont-LightItalic.ttf", O_RDONLY|O_CLOEXEC) = 5
14:15:41.488841 openat(AT_FDCWD, "/home/dikluwe/.local/share/fonts/ZedMono/ZedMonoNerdFontPropo-BoldOblique.ttf", O_RDONLY|O_CLOEXEC) = 5
14:15:41.489008 openat(AT_FDCWD, "/home/dikluwe/.local/share/fonts/ZedMono/ZedMonoNerdFont-MediumOblique.ttf", O_RDONLY|O_CLOEXEC) = 5
14:15:41.489166 openat(AT_FDCWD, "/home/dikluwe/.local/share/fonts/ZedMono/ZedMonoNerdFontPropo-Bold.ttf", O_RDONLY|O_CLOEXEC) = 5
14:15:41.489321 openat(AT_FDCWD, "/home/dikluwe/.local/share/fonts/ZedMono/ZedMonoNerdFontMono-Regular.ttf", O_RDONLY|O_CLOEXEC) = 5
14:15:41.489476 openat(AT_FDCWD, "/home/dikluwe/.local/share/fonts/ZedMono/ZedMonoNerdFont-ExtraBoldOblique.ttf", O_RDONLY|O_CLOEXEC) = 5
14:15:41.489632 openat(AT_FDCWD, "/home/dikluwe/.local/share/fonts/ZedMono/ZedMonoNerdFontMono-ExtraBoldOblique.ttf", O_RDONLY|O_CLOEXEC) = 5
14:15:41.489788 openat(AT_FDCWD, "/home/dikluwe/.local/share/fonts/ZedMono/ZedMonoNerdFont-Bold.ttf", O_RDONLY|O_CLOEXEC) = 5
14:15:41.489982 openat(AT_FDCWD, "/home/dikluwe/.local/share/fonts/ZedMono/ZedMonoNerdFontPropo-BoldItalic.ttf", O_RDONLY|O_CLOEXEC) = 5
14:15:41.490158 openat(AT_FDCWD, "/home/dikluwe/.local/share/fonts/ZedMono/ZedMonoNerdFontPropo-Medium.ttf", O_RDONLY|O_CLOEXEC) = 5
14:15:41.490318 openat(AT_FDCWD, "/home/dikluwe/.local/share/fonts/ZedMono/ZedMonoNerdFont-Light.ttf", O_RDONLY|O_CLOEXEC) = 5
14:15:41.490475 openat(AT_FDCWD, "/home/dikluwe/.local/share/fonts/ZedMono/ZedMonoNerdFontPropo-ExtraBoldOblique.ttf", O_RDONLY|O_CLOEXEC) = 5
14:15:41.490631 openat(AT_FDCWD, "/home/dikluwe/.local/share/fonts/ZedMono/ZedMonoNerdFontPropo-MediumItalic.ttf", O_RDONLY|O_CLOEXEC) = 5
14:15:41.490792 openat(AT_FDCWD, "/home/dikluwe/.local/share/fonts/ZedMono/ZedMonoNerdFontMono-ExtraBold.ttf", O_RDONLY|O_CLOEXEC) = 5
14:15:41.490953 openat(AT_FDCWD, "/home/dikluwe/.local/share/fonts/ZedMono/ZedMonoNerdFont-MediumItalic.ttf", O_RDONLY|O_CLOEXEC) = 5
14:15:41.491118 openat(AT_FDCWD, "/home/dikluwe/.local/share/fonts/ZedMono/ZedMonoNerdFontMono-MediumOblique.ttf", O_RDONLY|O_CLOEXEC) = 5
14:15:41.491275 openat(AT_FDCWD, "/home/dikluwe/.local/share/fonts/ZedMono/ZedMonoNerdFontPropo-MediumOblique.ttf", O_RDONLY|O_CLOEXEC) = 5
14:15:41.491428 openat(AT_FDCWD, "/home/dikluwe/.local/share/fonts/ZedMono/ZedMonoNerdFontPropo-LightOblique.ttf", O_RDONLY|O_CLOEXEC) = 5
14:15:41.491582 openat(AT_FDCWD, "/home/dikluwe/.local/share/fonts/ZedMono/ZedMonoNerdFontMono-Oblique.ttf", O_RDONLY|O_CLOEXEC) = 5
14:15:41.491738 openat(AT_FDCWD, "/home/dikluwe/.local/share/fonts/ZedMono/ZedMonoNerdFontMono-Medium.ttf", O_RDONLY|O_CLOEXEC) = 5
14:15:41.491894 openat(AT_FDCWD, "/home/dikluwe/.local/share/fonts/ZedMono/ZedMonoNerdFontMono-BoldOblique.ttf", O_RDONLY|O_CLOEXEC) = 5
14:15:41.492058 openat(AT_FDCWD, "/home/dikluwe/.local/share/fonts/ZedMono/ZedMonoNerdFontMono-LightItalic.ttf", O_RDONLY|O_CLOEXEC) = 5
14:15:41.492266 openat(AT_FDCWD, "/home/dikluwe/.local/share/fonts/Tinos", O_RDONLY|O_NONBLOCK|O_CLOEXEC|O_DIRECTORY) = 4
14:15:41.492406 openat(AT_FDCWD, "/home/dikluwe/.local/share/fonts/Tinos/TinosNerdFont-Italic.ttf", O_RDONLY|O_CLOEXEC) = 5
14:15:41.492563 openat(AT_FDCWD, "/home/dikluwe/.local/share/fonts/Tinos/TinosNerdFontPropo-Italic.ttf", O_RDONLY|O_CLOEXEC) = 5
14:15:41.492717 openat(AT_FDCWD, "/home/dikluwe/.local/share/fonts/Tinos/TinosNerdFontPropo-BoldItalic.ttf", O_RDONLY|O_CLOEXEC) = 5
14:15:41.492872 openat(AT_FDCWD, "/home/dikluwe/.local/share/fonts/Tinos/TinosNerdFont-BoldItalic.ttf", O_RDONLY|O_CLOEXEC) = 5
14:15:41.493037 openat(AT_FDCWD, "/home/dikluwe/.local/share/fonts/Tinos/TinosNerdFontPropo-Regular.ttf", O_RDONLY|O_CLOEXEC) = 5
14:15:41.493195 openat(AT_FDCWD, "/home/dikluwe/.local/share/fonts/Tinos/TinosNerdFont-Regular.ttf", O_RDONLY|O_CLOEXEC) = 5
14:15:41.493351 openat(AT_FDCWD, "/home/dikluwe/.local/share/fonts/Tinos/TinosNerdFont-Bold.ttf", O_RDONLY|O_CLOEXEC) = 5
14:15:41.493505 openat(AT_FDCWD, "/home/dikluwe/.local/share/fonts/Tinos/TinosNerdFontPropo-Bold.ttf", O_RDONLY|O_CLOEXEC) = 5
14:15:41.493701 openat(AT_FDCWD, "/home/dikluwe/.local/share/fonts/Ubuntu", O_RDONLY|O_NONBLOCK|O_CLOEXEC|O_DIRECTORY) = 4
14:15:41.493831 openat(AT_FDCWD, "/home/dikluwe/.local/share/fonts/Ubuntu/UbuntuNerdFont-LightItalic.ttf", O_RDONLY|O_CLOEXEC) = 5
14:15:41.493992 openat(AT_FDCWD, "/home/dikluwe/.local/share/fonts/Ubuntu/UbuntuNerdFontPropo-LightItalic.ttf", O_RDONLY|O_CLOEXEC) = 5
14:15:41.494147 openat(AT_FDCWD, "/home/dikluwe/.local/share/fonts/Ubuntu/UbuntuNerdFontPropo-MediumItalic.ttf", O_RDONLY|O_CLOEXEC) = 5
14:15:41.494300 openat(AT_FDCWD, "/home/dikluwe/.local/share/fonts/Ubuntu/UbuntuNerdFont-MediumItalic.ttf", O_RDONLY|O_CLOEXEC) = 5
14:15:41.494447 openat(AT_FDCWD, "/home/dikluwe/.local/share/fonts/Ubuntu/UbuntuNerdFontPropo-BoldItalic.ttf", O_RDONLY|O_CLOEXEC) = 5
14:15:41.494600 openat(AT_FDCWD, "/home/dikluwe/.local/share/fonts/Ubuntu/UbuntuNerdFont-BoldItalic.ttf", O_RDONLY|O_CLOEXEC) = 5
14:15:41.494750 openat(AT_FDCWD, "/home/dikluwe/.local/share/fonts/Ubuntu/UbuntuNerdFontPropo-Italic.ttf", O_RDONLY|O_CLOEXEC) = 5
14:15:41.494908 openat(AT_FDCWD, "/home/dikluwe/.local/share/fonts/Ubuntu/UbuntuNerdFont-Italic.ttf", O_RDONLY|O_CLOEXEC) = 5
14:15:41.495060 openat(AT_FDCWD, "/home/dikluwe/.local/share/fonts/Ubuntu/UbuntuNerdFont-Regular.ttf", O_RDONLY|O_CLOEXEC) = 5
14:15:41.495212 openat(AT_FDCWD, "/home/dikluwe/.local/share/fonts/Ubuntu/UbuntuNerdFontPropo-Regular.ttf", O_RDONLY|O_CLOEXEC) = 5
14:15:41.495365 openat(AT_FDCWD, "/home/dikluwe/.local/share/fonts/Ubuntu/UbuntuNerdFontPropo-Condensed.ttf", O_RDONLY|O_CLOEXEC) = 5
14:15:41.495518 openat(AT_FDCWD, "/home/dikluwe/.local/share/fonts/Ubuntu/UbuntuNerdFont-Condensed.ttf", O_RDONLY|O_CLOEXEC) = 5
14:15:41.495670 openat(AT_FDCWD, "/home/dikluwe/.local/share/fonts/Ubuntu/UbuntuNerdFont-Medium.ttf", O_RDONLY|O_CLOEXEC) = 5
14:15:41.495819 openat(AT_FDCWD, "/home/dikluwe/.local/share/fonts/Ubuntu/UbuntuNerdFontPropo-Medium.ttf", O_RDONLY|O_CLOEXEC) = 5
14:15:41.495976 openat(AT_FDCWD, "/home/dikluwe/.local/share/fonts/Ubuntu/UbuntuNerdFontPropo-Bold.ttf", O_RDONLY|O_CLOEXEC) = 5
14:15:41.496129 openat(AT_FDCWD, "/home/dikluwe/.local/share/fonts/Ubuntu/UbuntuNerdFont-Bold.ttf", O_RDONLY|O_CLOEXEC) = 5
14:15:41.496280 openat(AT_FDCWD, "/home/dikluwe/.local/share/fonts/Ubuntu/UbuntuNerdFont-Light.ttf", O_RDONLY|O_CLOEXEC) = 5
14:15:41.496432 openat(AT_FDCWD, "/home/dikluwe/.local/share/fonts/Ubuntu/UbuntuNerdFontPropo-Light.ttf", O_RDONLY|O_CLOEXEC) = 5
14:15:41.496628 openat(AT_FDCWD, "/home/dikluwe/.local/share/fonts/DejaVuSansMono", O_RDONLY|O_NONBLOCK|O_CLOEXEC|O_DIRECTORY) = 4
14:15:41.496749 openat(AT_FDCWD, "/home/dikluwe/.local/share/fonts/DejaVuSansMono/DejaVuSansMNerdFontPropo-Oblique.ttf", O_RDONLY|O_CLOEXEC) = 5
14:15:41.496911 openat(AT_FDCWD, "/home/dikluwe/.local/share/fonts/DejaVuSansMono/DejaVuSansMNerdFont-Oblique.ttf", O_RDONLY|O_CLOEXEC) = 5
14:15:41.497072 openat(AT_FDCWD, "/home/dikluwe/.local/share/fonts/DejaVuSansMono/DejaVuSansMNerdFontMono-Oblique.ttf", O_RDONLY|O_CLOEXEC) = 5
14:15:41.497243 openat(AT_FDCWD, "/home/dikluwe/.local/share/fonts/DejaVuSansMono/DejaVuSansMNerdFontPropo-BoldOblique.ttf", O_RDONLY|O_CLOEXEC) = 5
14:15:41.497398 openat(AT_FDCWD, "/home/dikluwe/.local/share/fonts/DejaVuSansMono/DejaVuSansMNerdFontMono-BoldOblique.ttf", O_RDONLY|O_CLOEXEC) = 5
14:15:41.497553 openat(AT_FDCWD, "/home/dikluwe/.local/share/fonts/DejaVuSansMono/DejaVuSansMNerdFont-BoldOblique.ttf", O_RDONLY|O_CLOEXEC) = 5
14:15:41.497707 openat(AT_FDCWD, "/home/dikluwe/.local/share/fonts/DejaVuSansMono/DejaVuSansMNerdFontPropo-Regular.ttf", O_RDONLY|O_CLOEXEC) = 5
14:15:41.497857 openat(AT_FDCWD, "/home/dikluwe/.local/share/fonts/DejaVuSansMono/DejaVuSansMNerdFont-Regular.ttf", O_RDONLY|O_CLOEXEC) = 5
14:15:41.498104 openat(AT_FDCWD, "/home/dikluwe/.local/share/fonts/DejaVuSansMono/DejaVuSansMNerdFontMono-Regular.ttf", O_RDONLY|O_CLOEXEC) = 5
14:15:41.498306 openat(AT_FDCWD, "/home/dikluwe/.local/share/fonts/DejaVuSansMono/DejaVuSansMNerdFont-Bold.ttf", O_RDONLY|O_CLOEXEC) = 5
14:15:41.498487 openat(AT_FDCWD, "/home/dikluwe/.local/share/fonts/DejaVuSansMono/DejaVuSansMNerdFontPropo-Bold.ttf", O_RDONLY|O_CLOEXEC) = 5
14:15:41.498658 openat(AT_FDCWD, "/home/dikluwe/.local/share/fonts/DejaVuSansMono/DejaVuSansMNerdFontMono-Bold.ttf", O_RDONLY|O_CLOEXEC) = 5
14:15:41.498935 openat(AT_FDCWD, "/home/dikluwe/.fonts", O_RDONLY|O_NONBLOCK|O_CLOEXEC|O_DIRECTORY) = -1 ENOENT (Arquivo ou diretório inexistente)
14:15:41.499115 openat(AT_FDCWD, "/usr/share/texmf/fonts/opentype/public/lm", O_RDONLY|O_NONBLOCK|O_CLOEXEC|O_DIRECTORY) = 3
14:15:41.499259 openat(AT_FDCWD, "/usr/share/texmf/fonts/opentype/public/lm/lmmono10-italic.otf", O_RDONLY|O_CLOEXEC) = 4
14:15:41.499426 openat(AT_FDCWD, "/usr/share/texmf/fonts/opentype/public/lm/lmmono10-regular.otf", O_RDONLY|O_CLOEXEC) = 4
14:15:41.499589 openat(AT_FDCWD, "/usr/share/texmf/fonts/opentype/public/lm/lmmono12-regular.otf", O_RDONLY|O_CLOEXEC) = 4
14:15:41.499733 openat(AT_FDCWD, "/usr/share/texmf/fonts/opentype/public/lm/lmmono8-regular.otf", O_RDONLY|O_CLOEXEC) = 4
14:15:41.499875 openat(AT_FDCWD, "/usr/share/texmf/fonts/opentype/public/lm/lmmono9-regular.otf", O_RDONLY|O_CLOEXEC) = 4
14:15:41.500024 openat(AT_FDCWD, "/usr/share/texmf/fonts/opentype/public/lm/lmmonocaps10-oblique.otf", O_RDONLY|O_CLOEXEC) = 4
14:15:41.500169 openat(AT_FDCWD, "/usr/share/texmf/fonts/opentype/public/lm/lmmonocaps10-regular.otf", O_RDONLY|O_CLOEXEC) = 4
14:15:41.500312 openat(AT_FDCWD, "/usr/share/texmf/fonts/opentype/public/lm/lmmonolt10-bold.otf", O_RDONLY|O_CLOEXEC) = 4
14:15:41.500455 openat(AT_FDCWD, "/usr/share/texmf/fonts/opentype/public/lm/lmmonolt10-boldoblique.otf", O_RDONLY|O_CLOEXEC) = 4
14:15:41.500598 openat(AT_FDCWD, "/usr/share/texmf/fonts/opentype/public/lm/lmmonolt10-oblique.otf", O_RDONLY|O_CLOEXEC) = 4
14:15:41.500740 openat(AT_FDCWD, "/usr/share/texmf/fonts/opentype/public/lm/lmmonolt10-regular.otf", O_RDONLY|O_CLOEXEC) = 4
14:15:41.500882 openat(AT_FDCWD, "/usr/share/texmf/fonts/opentype/public/lm/lmmonoltcond10-oblique.otf", O_RDONLY|O_CLOEXEC) = 4
14:15:41.501030 openat(AT_FDCWD, "/usr/share/texmf/fonts/opentype/public/lm/lmmonoltcond10-regular.otf", O_RDONLY|O_CLOEXEC) = 4
14:15:41.501172 openat(AT_FDCWD, "/usr/share/texmf/fonts/opentype/public/lm/lmmonoprop10-oblique.otf", O_RDONLY|O_CLOEXEC) = 4
14:15:41.501315 openat(AT_FDCWD, "/usr/share/texmf/fonts/opentype/public/lm/lmmonoprop10-regular.otf", O_RDONLY|O_CLOEXEC) = 4
14:15:41.501457 openat(AT_FDCWD, "/usr/share/texmf/fonts/opentype/public/lm/lmmonoproplt10-bold.otf", O_RDONLY|O_CLOEXEC) = 4
14:15:41.501599 openat(AT_FDCWD, "/usr/share/texmf/fonts/opentype/public/lm/lmmonoproplt10-boldoblique.otf", O_RDONLY|O_CLOEXEC) = 4
14:15:41.501741 openat(AT_FDCWD, "/usr/share/texmf/fonts/opentype/public/lm/lmmonoproplt10-oblique.otf", O_RDONLY|O_CLOEXEC) = 4
14:15:41.501883 openat(AT_FDCWD, "/usr/share/texmf/fonts/opentype/public/lm/lmmonoproplt10-regular.otf", O_RDONLY|O_CLOEXEC) = 4
14:15:41.502032 openat(AT_FDCWD, "/usr/share/texmf/fonts/opentype/public/lm/lmmonoslant10-regular.otf", O_RDONLY|O_CLOEXEC) = 4
14:15:41.502189 openat(AT_FDCWD, "/usr/share/texmf/fonts/opentype/public/lm/lmroman10-bold.otf", O_RDONLY|O_CLOEXEC) = 4
14:15:41.502338 openat(AT_FDCWD, "/usr/share/texmf/fonts/opentype/public/lm/lmroman10-bolditalic.otf", O_RDONLY|O_CLOEXEC) = 4
14:15:41.502481 openat(AT_FDCWD, "/usr/share/texmf/fonts/opentype/public/lm/lmroman10-italic.otf", O_RDONLY|O_CLOEXEC) = 4
14:15:41.502714 openat(AT_FDCWD, "/usr/share/texmf/fonts/opentype/public/lm/lmroman10-regular.otf", O_RDONLY|O_CLOEXEC) = 4
14:15:41.502859 openat(AT_FDCWD, "/usr/share/texmf/fonts/opentype/public/lm/lmroman12-bold.otf", O_RDONLY|O_CLOEXEC) = 4
14:15:41.503006 openat(AT_FDCWD, "/usr/share/texmf/fonts/opentype/public/lm/lmroman12-italic.otf", O_RDONLY|O_CLOEXEC) = 4
14:15:41.503150 openat(AT_FDCWD, "/usr/share/texmf/fonts/opentype/public/lm/lmroman12-regular.otf", O_RDONLY|O_CLOEXEC) = 4
14:15:41.503305 openat(AT_FDCWD, "/usr/share/texmf/fonts/opentype/public/lm/lmroman17-regular.otf", O_RDONLY|O_CLOEXEC) = 4
14:15:41.503450 openat(AT_FDCWD, "/usr/share/texmf/fonts/opentype/public/lm/lmroman5-bold.otf", O_RDONLY|O_CLOEXEC) = 4
14:15:41.503592 openat(AT_FDCWD, "/usr/share/texmf/fonts/opentype/public/lm/lmroman5-regular.otf", O_RDONLY|O_CLOEXEC) = 4
14:15:41.503734 openat(AT_FDCWD, "/usr/share/texmf/fonts/opentype/public/lm/lmroman6-bold.otf", O_RDONLY|O_CLOEXEC) = 4
14:15:41.503877 openat(AT_FDCWD, "/usr/share/texmf/fonts/opentype/public/lm/lmroman6-regular.otf", O_RDONLY|O_CLOEXEC) = 4
14:15:41.504027 openat(AT_FDCWD, "/usr/share/texmf/fonts/opentype/public/lm/lmroman7-bold.otf", O_RDONLY|O_CLOEXEC) = 4
14:15:41.504171 openat(AT_FDCWD, "/usr/share/texmf/fonts/opentype/public/lm/lmroman7-italic.otf", O_RDONLY|O_CLOEXEC) = 4
14:15:41.504313 openat(AT_FDCWD, "/usr/share/texmf/fonts/opentype/public/lm/lmroman7-regular.otf", O_RDONLY|O_CLOEXEC) = 4
14:15:41.504456 openat(AT_FDCWD, "/usr/share/texmf/fonts/opentype/public/lm/lmroman8-bold.otf", O_RDONLY|O_CLOEXEC) = 4
14:15:41.504599 openat(AT_FDCWD, "/usr/share/texmf/fonts/opentype/public/lm/lmroman8-italic.otf", O_RDONLY|O_CLOEXEC) = 4
14:15:41.504742 openat(AT_FDCWD, "/usr/share/texmf/fonts/opentype/public/lm/lmroman8-regular.otf", O_RDONLY|O_CLOEXEC) = 4
14:15:41.504894 openat(AT_FDCWD, "/usr/share/texmf/fonts/opentype/public/lm/lmroman9-bold.otf", O_RDONLY|O_CLOEXEC) = 4
14:15:41.505043 openat(AT_FDCWD, "/usr/share/texmf/fonts/opentype/public/lm/lmroman9-italic.otf", O_RDONLY|O_CLOEXEC) = 4
14:15:41.505186 openat(AT_FDCWD, "/usr/share/texmf/fonts/opentype/public/lm/lmroman9-regular.otf", O_RDONLY|O_CLOEXEC) = 4
14:15:41.505329 openat(AT_FDCWD, "/usr/share/texmf/fonts/opentype/public/lm/lmromancaps10-oblique.otf", O_RDONLY|O_CLOEXEC) = 4
14:15:41.505472 openat(AT_FDCWD, "/usr/share/texmf/fonts/opentype/public/lm/lmromancaps10-regular.otf", O_RDONLY|O_CLOEXEC) = 4
14:15:41.505615 openat(AT_FDCWD, "/usr/share/texmf/fonts/opentype/public/lm/lmromandemi10-oblique.otf", O_RDONLY|O_CLOEXEC) = 4
14:15:41.505757 openat(AT_FDCWD, "/usr/share/texmf/fonts/opentype/public/lm/lmromandemi10-regular.otf", O_RDONLY|O_CLOEXEC) = 4
14:15:41.505904 openat(AT_FDCWD, "/usr/share/texmf/fonts/opentype/public/lm/lmromandunh10-oblique.otf", O_RDONLY|O_CLOEXEC) = 4
14:15:41.506053 openat(AT_FDCWD, "/usr/share/texmf/fonts/opentype/public/lm/lmromandunh10-regular.otf", O_RDONLY|O_CLOEXEC) = 4
14:15:41.506196 openat(AT_FDCWD, "/usr/share/texmf/fonts/opentype/public/lm/lmromanslant10-bold.otf", O_RDONLY|O_CLOEXEC) = 4
14:15:41.506340 openat(AT_FDCWD, "/usr/share/texmf/fonts/opentype/public/lm/lmromanslant10-regular.otf", O_RDONLY|O_CLOEXEC) = 4
14:15:41.506483 openat(AT_FDCWD, "/usr/share/texmf/fonts/opentype/public/lm/lmromanslant12-regular.otf", O_RDONLY|O_CLOEXEC) = 4
14:15:41.506625 openat(AT_FDCWD, "/usr/share/texmf/fonts/opentype/public/lm/lmromanslant17-regular.otf", O_RDONLY|O_CLOEXEC) = 4
14:15:41.506770 openat(AT_FDCWD, "/usr/share/texmf/fonts/opentype/public/lm/lmromanslant8-regular.otf", O_RDONLY|O_CLOEXEC) = 4
14:15:41.506919 openat(AT_FDCWD, "/usr/share/texmf/fonts/opentype/public/lm/lmromanslant9-regular.otf", O_RDONLY|O_CLOEXEC) = 4
14:15:41.507096 openat(AT_FDCWD, "/usr/share/texmf/fonts/opentype/public/lm/lmromanunsl10-regular.otf", O_RDONLY|O_CLOEXEC) = 4
14:15:41.507255 openat(AT_FDCWD, "/usr/share/texmf/fonts/opentype/public/lm/lmsans10-bold.otf", O_RDONLY|O_CLOEXEC) = 4
14:15:41.507421 openat(AT_FDCWD, "/usr/share/texmf/fonts/opentype/public/lm/lmsans10-boldoblique.otf", O_RDONLY|O_CLOEXEC) = 4
14:15:41.507576 openat(AT_FDCWD, "/usr/share/texmf/fonts/opentype/public/lm/lmsans10-oblique.otf", O_RDONLY|O_CLOEXEC) = 4
14:15:41.507737 openat(AT_FDCWD, "/usr/share/texmf/fonts/opentype/public/lm/lmsans10-regular.otf", O_RDONLY|O_CLOEXEC) = 4
14:15:41.507888 openat(AT_FDCWD, "/usr/share/texmf/fonts/opentype/public/lm/lmsans12-oblique.otf", O_RDONLY|O_CLOEXEC) = 4
14:15:41.508039 openat(AT_FDCWD, "/usr/share/texmf/fonts/opentype/public/lm/lmsans12-regular.otf", O_RDONLY|O_CLOEXEC) = 4
14:15:41.508182 openat(AT_FDCWD, "/usr/share/texmf/fonts/opentype/public/lm/lmsans17-oblique.otf", O_RDONLY|O_CLOEXEC) = 4
14:15:41.508324 openat(AT_FDCWD, "/usr/share/texmf/fonts/opentype/public/lm/lmsans17-regular.otf", O_RDONLY|O_CLOEXEC) = 4
14:15:41.508468 openat(AT_FDCWD, "/usr/share/texmf/fonts/opentype/public/lm/lmsans8-oblique.otf", O_RDONLY|O_CLOEXEC) = 4
14:15:41.508610 openat(AT_FDCWD, "/usr/share/texmf/fonts/opentype/public/lm/lmsans8-regular.otf", O_RDONLY|O_CLOEXEC) = 4
14:15:41.508753 openat(AT_FDCWD, "/usr/share/texmf/fonts/opentype/public/lm/lmsans9-oblique.otf", O_RDONLY|O_CLOEXEC) = 4
14:15:41.508896 openat(AT_FDCWD, "/usr/share/texmf/fonts/opentype/public/lm/lmsans9-regular.otf", O_RDONLY|O_CLOEXEC) = 4
14:15:41.509049 openat(AT_FDCWD, "/usr/share/texmf/fonts/opentype/public/lm/lmsansdemicond10-oblique.otf", O_RDONLY|O_CLOEXEC) = 4
14:15:41.509192 openat(AT_FDCWD, "/usr/share/texmf/fonts/opentype/public/lm/lmsansdemicond10-regular.otf", O_RDONLY|O_CLOEXEC) = 4
14:15:41.509336 openat(AT_FDCWD, "/usr/share/texmf/fonts/opentype/public/lm/lmsansquot8-bold.otf", O_RDONLY|O_CLOEXEC) = 4
14:15:41.509478 openat(AT_FDCWD, "/usr/share/texmf/fonts/opentype/public/lm/lmsansquot8-boldoblique.otf", O_RDONLY|O_CLOEXEC) = 4
14:15:41.509621 openat(AT_FDCWD, "/usr/share/texmf/fonts/opentype/public/lm/lmsansquot8-oblique.otf", O_RDONLY|O_CLOEXEC) = 4
14:15:41.509763 openat(AT_FDCWD, "/usr/share/texmf/fonts/opentype/public/lm/lmsansquot8-regular.otf", O_RDONLY|O_CLOEXEC) = 4
14:15:41.509958 openat(AT_FDCWD, "/usr/share/texmf/fonts/opentype/public/lm-math", O_RDONLY|O_NONBLOCK|O_CLOEXEC|O_DIRECTORY) = 3
14:15:41.510058 openat(AT_FDCWD, "/usr/share/texmf/fonts/opentype/public/lm-math/latinmodern-math.otf", O_RDONLY|O_CLOEXEC) = 4
14:15:41.510241 openat(AT_FDCWD, "/usr/share/texmf/fonts/opentype/public/tex-gyre-math", O_RDONLY|O_NONBLOCK|O_CLOEXEC|O_DIRECTORY) = 3
14:15:41.510340 openat(AT_FDCWD, "/usr/share/texmf/fonts/opentype/public/tex-gyre-math/texgyrebonum-math.otf", O_RDONLY|O_CLOEXEC) = 4
14:15:41.510485 openat(AT_FDCWD, "/usr/share/texmf/fonts/opentype/public/tex-gyre-math/texgyredejavu-math.otf", O_RDONLY|O_CLOEXEC) = 4
14:15:41.510628 openat(AT_FDCWD, "/usr/share/texmf/fonts/opentype/public/tex-gyre-math/texgyrepagella-math.otf", O_RDONLY|O_CLOEXEC) = 4
14:15:41.510770 openat(AT_FDCWD, "/usr/share/texmf/fonts/opentype/public/tex-gyre-math/texgyreschola-math.otf", O_RDONLY|O_CLOEXEC) = 4
14:15:41.510917 openat(AT_FDCWD, "/usr/share/texmf/fonts/opentype/public/tex-gyre-math/texgyretermes-math.otf", O_RDONLY|O_CLOEXEC) = 4
14:15:41.511102 openat(AT_FDCWD, "/usr/share/texmf/fonts/opentype/public/tex-gyre", O_RDONLY|O_NONBLOCK|O_CLOEXEC|O_DIRECTORY) = 3
14:15:41.511205 openat(AT_FDCWD, "/usr/share/texmf/fonts/opentype/public/tex-gyre/texgyreadventor-bold.otf", O_RDONLY|O_CLOEXEC) = 4
14:15:41.511348 openat(AT_FDCWD, "/usr/share/texmf/fonts/opentype/public/tex-gyre/texgyreadventor-bolditalic.otf", O_RDONLY|O_CLOEXEC) = 4
14:15:41.511489 openat(AT_FDCWD, "/usr/share/texmf/fonts/opentype/public/tex-gyre/texgyreadventor-italic.otf", O_RDONLY|O_CLOEXEC) = 4
14:15:41.511633 openat(AT_FDCWD, "/usr/share/texmf/fonts/opentype/public/tex-gyre/texgyreadventor-regular.otf", O_RDONLY|O_CLOEXEC) = 4
14:15:41.511791 openat(AT_FDCWD, "/usr/share/texmf/fonts/opentype/public/tex-gyre/texgyrebonum-bold.otf", O_RDONLY|O_CLOEXEC) = 4
14:15:41.511941 openat(AT_FDCWD, "/usr/share/texmf/fonts/opentype/public/tex-gyre/texgyrebonum-bolditalic.otf", O_RDONLY|O_CLOEXEC) = 4
14:15:41.512091 openat(AT_FDCWD, "/usr/share/texmf/fonts/opentype/public/tex-gyre/texgyrebonum-italic.otf", O_RDONLY|O_CLOEXEC) = 4
14:15:41.512245 openat(AT_FDCWD, "/usr/share/texmf/fonts/opentype/public/tex-gyre/texgyrebonum-regular.otf", O_RDONLY|O_CLOEXEC) = 4
14:15:41.512387 openat(AT_FDCWD, "/usr/share/texmf/fonts/opentype/public/tex-gyre/texgyrechorus-mediumitalic.otf", O_RDONLY|O_CLOEXEC) = 4
14:15:41.512529 openat(AT_FDCWD, "/usr/share/texmf/fonts/opentype/public/tex-gyre/texgyrecursor-bold.otf", O_RDONLY|O_CLOEXEC) = 4
14:15:41.512671 openat(AT_FDCWD, "/usr/share/texmf/fonts/opentype/public/tex-gyre/texgyrecursor-bolditalic.otf", O_RDONLY|O_CLOEXEC) = 4
14:15:41.512817 openat(AT_FDCWD, "/usr/share/texmf/fonts/opentype/public/tex-gyre/texgyrecursor-italic.otf", O_RDONLY|O_CLOEXEC) = 4
14:15:41.512963 openat(AT_FDCWD, "/usr/share/texmf/fonts/opentype/public/tex-gyre/texgyrecursor-regular.otf", O_RDONLY|O_CLOEXEC) = 4
14:15:41.513107 openat(AT_FDCWD, "/usr/share/texmf/fonts/opentype/public/tex-gyre/texgyreheros-bold.otf", O_RDONLY|O_CLOEXEC) = 4
14:15:41.513249 openat(AT_FDCWD, "/usr/share/texmf/fonts/opentype/public/tex-gyre/texgyreheros-bolditalic.otf", O_RDONLY|O_CLOEXEC) = 4
14:15:41.513430 openat(AT_FDCWD, "/usr/share/texmf/fonts/opentype/public/tex-gyre/texgyreheros-italic.otf", O_RDONLY|O_CLOEXEC) = 4
14:15:41.513590 openat(AT_FDCWD, "/usr/share/texmf/fonts/opentype/public/tex-gyre/texgyreheros-regular.otf", O_RDONLY|O_CLOEXEC) = 4
14:15:41.513748 openat(AT_FDCWD, "/usr/share/texmf/fonts/opentype/public/tex-gyre/texgyreheroscn-bold.otf", O_RDONLY|O_CLOEXEC) = 4
14:15:41.513910 openat(AT_FDCWD, "/usr/share/texmf/fonts/opentype/public/tex-gyre/texgyreheroscn-bolditalic.otf", O_RDONLY|O_CLOEXEC) = 4
14:15:41.514077 openat(AT_FDCWD, "/usr/share/texmf/fonts/opentype/public/tex-gyre/texgyreheroscn-italic.otf", O_RDONLY|O_CLOEXEC) = 4
14:15:41.514235 openat(AT_FDCWD, "/usr/share/texmf/fonts/opentype/public/tex-gyre/texgyreheroscn-regular.otf", O_RDONLY|O_CLOEXEC) = 4
14:15:41.514391 openat(AT_FDCWD, "/usr/share/texmf/fonts/opentype/public/tex-gyre/texgyrepagella-bold.otf", O_RDONLY|O_CLOEXEC) = 4
14:15:41.514548 openat(AT_FDCWD, "/usr/share/texmf/fonts/opentype/public/tex-gyre/texgyrepagella-bolditalic.otf", O_RDONLY|O_CLOEXEC) = 4
14:15:41.514700 openat(AT_FDCWD, "/usr/share/texmf/fonts/opentype/public/tex-gyre/texgyrepagella-italic.otf", O_RDONLY|O_CLOEXEC) = 4
14:15:41.514844 openat(AT_FDCWD, "/usr/share/texmf/fonts/opentype/public/tex-gyre/texgyrepagella-regular.otf", O_RDONLY|O_CLOEXEC) = 4
14:15:41.514991 openat(AT_FDCWD, "/usr/share/texmf/fonts/opentype/public/tex-gyre/texgyreschola-bold.otf", O_RDONLY|O_CLOEXEC) = 4
14:15:41.515135 openat(AT_FDCWD, "/usr/share/texmf/fonts/opentype/public/tex-gyre/texgyreschola-bolditalic.otf", O_RDONLY|O_CLOEXEC) = 4
14:15:41.515278 openat(AT_FDCWD, "/usr/share/texmf/fonts/opentype/public/tex-gyre/texgyreschola-italic.otf", O_RDONLY|O_CLOEXEC) = 4
14:15:41.515421 openat(AT_FDCWD, "/usr/share/texmf/fonts/opentype/public/tex-gyre/texgyreschola-regular.otf", O_RDONLY|O_CLOEXEC) = 4
14:15:41.515562 openat(AT_FDCWD, "/usr/share/texmf/fonts/opentype/public/tex-gyre/texgyretermes-bold.otf", O_RDONLY|O_CLOEXEC) = 4
14:15:41.515706 openat(AT_FDCWD, "/usr/share/texmf/fonts/opentype/public/tex-gyre/texgyretermes-bolditalic.otf", O_RDONLY|O_CLOEXEC) = 4
14:15:41.515848 openat(AT_FDCWD, "/usr/share/texmf/fonts/opentype/public/tex-gyre/texgyretermes-italic.otf", O_RDONLY|O_CLOEXEC) = 4
14:15:41.515996 openat(AT_FDCWD, "/usr/share/texmf/fonts/opentype/public/tex-gyre/texgyretermes-regular.otf", O_RDONLY|O_CLOEXEC) = 4
14:15:41.516330 openat(AT_FDCWD, "/usr/share/javascript/mathjax/fonts/HTML-CSS/TeX/otf/MathJax_AMS-Regular.otf", O_RDONLY|O_CLOEXEC) = 3
14:15:41.516494 openat(AT_FDCWD, "/usr/share/javascript/mathjax/fonts/HTML-CSS/TeX/otf/MathJax_Caligraphic-Bold.otf", O_RDONLY|O_CLOEXEC) = 3
14:15:41.516653 openat(AT_FDCWD, "/usr/share/javascript/mathjax/fonts/HTML-CSS/TeX/otf/MathJax_Caligraphic-Regular.otf", O_RDONLY|O_CLOEXEC) = 3
14:15:41.516796 openat(AT_FDCWD, "/usr/share/javascript/mathjax/fonts/HTML-CSS/TeX/otf/MathJax_Fraktur-Bold.otf", O_RDONLY|O_CLOEXEC) = 3
14:15:41.516944 openat(AT_FDCWD, "/usr/share/javascript/mathjax/fonts/HTML-CSS/TeX/otf/MathJax_Fraktur-Regular.otf", O_RDONLY|O_CLOEXEC) = 3
14:15:41.517104 openat(AT_FDCWD, "/usr/share/javascript/mathjax/fonts/HTML-CSS/TeX/otf/MathJax_Main-Bold.otf", O_RDONLY|O_CLOEXEC) = 3
14:15:41.517249 openat(AT_FDCWD, "/usr/share/javascript/mathjax/fonts/HTML-CSS/TeX/otf/MathJax_Main-Italic.otf", O_RDONLY|O_CLOEXEC) = 3
14:15:41.517392 openat(AT_FDCWD, "/usr/share/javascript/mathjax/fonts/HTML-CSS/TeX/otf/MathJax_Main-Regular.otf", O_RDONLY|O_CLOEXEC) = 3
14:15:41.517536 openat(AT_FDCWD, "/usr/share/javascript/mathjax/fonts/HTML-CSS/TeX/otf/MathJax_Math-BoldItalic.otf", O_RDONLY|O_CLOEXEC) = 3
14:15:41.517684 openat(AT_FDCWD, "/usr/share/javascript/mathjax/fonts/HTML-CSS/TeX/otf/MathJax_Math-Italic.otf", O_RDONLY|O_CLOEXEC) = 3
14:15:41.517828 openat(AT_FDCWD, "/usr/share/javascript/mathjax/fonts/HTML-CSS/TeX/otf/MathJax_Math-Regular.otf", O_RDONLY|O_CLOEXEC) = 3
14:15:41.517981 openat(AT_FDCWD, "/usr/share/javascript/mathjax/fonts/HTML-CSS/TeX/otf/MathJax_SansSerif-Bold.otf", O_RDONLY|O_CLOEXEC) = 3
14:15:41.518124 openat(AT_FDCWD, "/usr/share/javascript/mathjax/fonts/HTML-CSS/TeX/otf/MathJax_SansSerif-Italic.otf", O_RDONLY|O_CLOEXEC) = 3
14:15:41.518265 openat(AT_FDCWD, "/usr/share/javascript/mathjax/fonts/HTML-CSS/TeX/otf/MathJax_SansSerif-Regular.otf", O_RDONLY|O_CLOEXEC) = 3
14:15:41.518405 openat(AT_FDCWD, "/usr/share/javascript/mathjax/fonts/HTML-CSS/TeX/otf/MathJax_Script-Regular.otf", O_RDONLY|O_CLOEXEC) = 3
14:15:41.518545 openat(AT_FDCWD, "/usr/share/javascript/mathjax/fonts/HTML-CSS/TeX/otf/MathJax_Size1-Regular.otf", O_RDONLY|O_CLOEXEC) = 3
14:15:41.518686 openat(AT_FDCWD, "/usr/share/javascript/mathjax/fonts/HTML-CSS/TeX/otf/MathJax_Size2-Regular.otf", O_RDONLY|O_CLOEXEC) = 3
14:15:41.518827 openat(AT_FDCWD, "/usr/share/javascript/mathjax/fonts/HTML-CSS/TeX/otf/MathJax_Size3-Regular.otf", O_RDONLY|O_CLOEXEC) = 3
14:15:41.518975 openat(AT_FDCWD, "/usr/share/javascript/mathjax/fonts/HTML-CSS/TeX/otf/MathJax_Size4-Regular.otf", O_RDONLY|O_CLOEXEC) = 3
14:15:41.519116 openat(AT_FDCWD, "/usr/share/javascript/mathjax/fonts/HTML-CSS/TeX/otf/MathJax_Typewriter-Regular.otf", O_RDONLY|O_CLOEXEC) = 3
14:15:41.519257 openat(AT_FDCWD, "/usr/share/javascript/mathjax/fonts/HTML-CSS/TeX/otf/MathJax_Vector-Bold.otf", O_RDONLY|O_CLOEXEC) = 3
14:15:41.519398 openat(AT_FDCWD, "/usr/share/javascript/mathjax/fonts/HTML-CSS/TeX/otf/MathJax_Vector-Regular.otf", O_RDONLY|O_CLOEXEC) = 3
14:15:41.519537 openat(AT_FDCWD, "/usr/share/javascript/mathjax/fonts/HTML-CSS/TeX/otf/MathJax_WinChrome-Regular.otf", O_RDONLY|O_CLOEXEC) = 3
14:15:41.519677 openat(AT_FDCWD, "/usr/share/javascript/mathjax/fonts/HTML-CSS/TeX/otf/MathJax_WinIE6-Regular.otf", O_RDONLY|O_CLOEXEC) = 3
14:15:41.519819 openat(AT_FDCWD, "/usr/share/fonts/opentype/noto/NotoSansCJK-Bold.ttc", O_RDONLY|O_CLOEXEC) = 3
14:15:41.520069 openat(AT_FDCWD, "/usr/share/fonts/opentype/noto/NotoSansCJK-Bold.ttc", O_RDONLY|O_CLOEXEC) = 3
14:15:41.520294 openat(AT_FDCWD, "/usr/share/fonts/opentype/noto/NotoSansCJK-Bold.ttc", O_RDONLY|O_CLOEXEC) = 3
14:15:41.520518 openat(AT_FDCWD, "/usr/share/fonts/opentype/noto/NotoSansCJK-Bold.ttc", O_RDONLY|O_CLOEXEC) = 3
14:15:41.520725 openat(AT_FDCWD, "/usr/share/fonts/opentype/noto/NotoSansCJK-Bold.ttc", O_RDONLY|O_CLOEXEC) = 3
14:15:41.520921 openat(AT_FDCWD, "/usr/share/fonts/opentype/noto/NotoSansCJK-Bold.ttc", O_RDONLY|O_CLOEXEC) = 3
14:15:41.521110 openat(AT_FDCWD, "/usr/share/fonts/opentype/noto/NotoSansCJK-Bold.ttc", O_RDONLY|O_CLOEXEC) = 3
14:15:41.521315 openat(AT_FDCWD, "/usr/share/fonts/opentype/noto/NotoSansCJK-Bold.ttc", O_RDONLY|O_CLOEXEC) = 3
14:15:41.521506 openat(AT_FDCWD, "/usr/share/fonts/opentype/noto/NotoSansCJK-Bold.ttc", O_RDONLY|O_CLOEXEC) = 3
14:15:41.521714 openat(AT_FDCWD, "/usr/share/fonts/opentype/noto/NotoSansCJK-Bold.ttc", O_RDONLY|O_CLOEXEC) = 3
14:15:41.521913 openat(AT_FDCWD, "/usr/share/fonts/opentype/noto/NotoSansCJK-Regular.ttc", O_RDONLY|O_CLOEXEC) = 3
14:15:41.522094 openat(AT_FDCWD, "/usr/share/fonts/opentype/noto/NotoSansCJK-Regular.ttc", O_RDONLY|O_CLOEXEC) = 3
14:15:41.522272 openat(AT_FDCWD, "/usr/share/fonts/opentype/noto/NotoSansCJK-Regular.ttc", O_RDONLY|O_CLOEXEC) = 3
14:15:41.522450 openat(AT_FDCWD, "/usr/share/fonts/opentype/noto/NotoSansCJK-Regular.ttc", O_RDONLY|O_CLOEXEC) = 3
14:15:41.522629 openat(AT_FDCWD, "/usr/share/fonts/opentype/noto/NotoSansCJK-Regular.ttc", O_RDONLY|O_CLOEXEC) = 3
14:15:41.522808 openat(AT_FDCWD, "/usr/share/fonts/opentype/noto/NotoSansCJK-Regular.ttc", O_RDONLY|O_CLOEXEC) = 3
14:15:41.522998 openat(AT_FDCWD, "/usr/share/fonts/opentype/noto/NotoSansCJK-Regular.ttc", O_RDONLY|O_CLOEXEC) = 3
14:15:41.523179 openat(AT_FDCWD, "/usr/share/fonts/opentype/noto/NotoSansCJK-Regular.ttc", O_RDONLY|O_CLOEXEC) = 3
14:15:41.523357 openat(AT_FDCWD, "/usr/share/fonts/opentype/noto/NotoSansCJK-Regular.ttc", O_RDONLY|O_CLOEXEC) = 3
14:15:41.523537 openat(AT_FDCWD, "/usr/share/fonts/opentype/noto/NotoSansCJK-Regular.ttc", O_RDONLY|O_CLOEXEC) = 3
14:15:41.523715 openat(AT_FDCWD, "/usr/share/fonts/opentype/noto/NotoSerifCJK-Bold.ttc", O_RDONLY|O_CLOEXEC) = 3
14:15:41.523921 openat(AT_FDCWD, "/usr/share/fonts/opentype/noto/NotoSerifCJK-Bold.ttc", O_RDONLY|O_CLOEXEC) = 3
14:15:41.524115 openat(AT_FDCWD, "/usr/share/fonts/opentype/noto/NotoSerifCJK-Bold.ttc", O_RDONLY|O_CLOEXEC) = 3
14:15:41.524310 openat(AT_FDCWD, "/usr/share/fonts/opentype/noto/NotoSerifCJK-Bold.ttc", O_RDONLY|O_CLOEXEC) = 3
14:15:41.524511 openat(AT_FDCWD, "/usr/share/fonts/opentype/noto/NotoSerifCJK-Bold.ttc", O_RDONLY|O_CLOEXEC) = 3
14:15:41.524700 openat(AT_FDCWD, "/usr/share/fonts/opentype/noto/NotoSerifCJK-Regular.ttc", O_RDONLY|O_CLOEXEC) = 3
14:15:41.524882 openat(AT_FDCWD, "/usr/share/fonts/opentype/noto/NotoSerifCJK-Regular.ttc", O_RDONLY|O_CLOEXEC) = 3
14:15:41.525078 openat(AT_FDCWD, "/usr/share/fonts/opentype/noto/NotoSerifCJK-Regular.ttc", O_RDONLY|O_CLOEXEC) = 3
14:15:41.525267 openat(AT_FDCWD, "/usr/share/fonts/opentype/noto/NotoSerifCJK-Regular.ttc", O_RDONLY|O_CLOEXEC) = 3
14:15:41.525459 openat(AT_FDCWD, "/usr/share/fonts/opentype/noto/NotoSerifCJK-Regular.ttc", O_RDONLY|O_CLOEXEC) = 3
14:15:41.525648 openat(AT_FDCWD, "/usr/share/fonts/opentype/urw-base35/C059-BdIta.otf", O_RDONLY|O_CLOEXEC) = 3
14:15:41.525801 openat(AT_FDCWD, "/usr/share/fonts/opentype/urw-base35/C059-Bold.otf", O_RDONLY|O_CLOEXEC) = 3
14:15:41.525975 openat(AT_FDCWD, "/usr/share/fonts/opentype/urw-base35/C059-Italic.otf", O_RDONLY|O_CLOEXEC) = 3
14:15:41.526127 openat(AT_FDCWD, "/usr/share/fonts/opentype/urw-base35/C059-Roman.otf", O_RDONLY|O_CLOEXEC) = 3
14:15:41.526276 openat(AT_FDCWD, "/usr/share/fonts/opentype/urw-base35/D050000L.otf", O_RDONLY|O_CLOEXEC) = 3
14:15:41.526419 openat(AT_FDCWD, "/usr/share/fonts/opentype/urw-base35/NimbusMonoPS-Bold.otf", O_RDONLY|O_CLOEXEC) = 3
14:15:41.526567 openat(AT_FDCWD, "/usr/share/fonts/opentype/urw-base35/NimbusMonoPS-BoldItalic.otf", O_RDONLY|O_CLOEXEC) = 3
14:15:41.526727 openat(AT_FDCWD, "/usr/share/fonts/opentype/urw-base35/NimbusMonoPS-Italic.otf", O_RDONLY|O_CLOEXEC) = 3
14:15:41.526877 openat(AT_FDCWD, "/usr/share/fonts/opentype/urw-base35/NimbusMonoPS-Regular.otf", O_RDONLY|O_CLOEXEC) = 3
14:15:41.527039 openat(AT_FDCWD, "/usr/share/fonts/opentype/urw-base35/NimbusRoman-Bold.otf", O_RDONLY|O_CLOEXEC) = 3
14:15:41.527186 openat(AT_FDCWD, "/usr/share/fonts/opentype/urw-base35/NimbusRoman-BoldItalic.otf", O_RDONLY|O_CLOEXEC) = 3
14:15:41.527337 openat(AT_FDCWD, "/usr/share/fonts/opentype/urw-base35/NimbusRoman-Italic.otf", O_RDONLY|O_CLOEXEC) = 3
14:15:41.527486 openat(AT_FDCWD, "/usr/share/fonts/opentype/urw-base35/NimbusRoman-Regular.otf", O_RDONLY|O_CLOEXEC) = 3
14:15:41.527631 openat(AT_FDCWD, "/usr/share/fonts/opentype/urw-base35/NimbusSans-Bold.otf", O_RDONLY|O_CLOEXEC) = 3
14:15:41.527795 openat(AT_FDCWD, "/usr/share/fonts/opentype/urw-base35/NimbusSans-BoldItalic.otf", O_RDONLY|O_CLOEXEC) = 3
14:15:41.527949 openat(AT_FDCWD, "/usr/share/fonts/opentype/urw-base35/NimbusSans-Italic.otf", O_RDONLY|O_CLOEXEC) = 3
14:15:41.528099 openat(AT_FDCWD, "/usr/share/fonts/opentype/urw-base35/NimbusSans-Regular.otf", O_RDONLY|O_CLOEXEC) = 3
14:15:41.528246 openat(AT_FDCWD, "/usr/share/fonts/opentype/urw-base35/NimbusSansNarrow-Bold.otf", O_RDONLY|O_CLOEXEC) = 3
14:15:41.528394 openat(AT_FDCWD, "/usr/share/fonts/opentype/urw-base35/NimbusSansNarrow-BoldOblique.otf", O_RDONLY|O_CLOEXEC) = 3
14:15:41.528541 openat(AT_FDCWD, "/usr/share/fonts/opentype/urw-base35/NimbusSansNarrow-Oblique.otf", O_RDONLY|O_CLOEXEC) = 3
14:15:41.528689 openat(AT_FDCWD, "/usr/share/fonts/opentype/urw-base35/NimbusSansNarrow-Regular.otf", O_RDONLY|O_CLOEXEC) = 3
14:15:41.528838 openat(AT_FDCWD, "/usr/share/fonts/opentype/urw-base35/P052-Bold.otf", O_RDONLY|O_CLOEXEC) = 3
14:15:41.528990 openat(AT_FDCWD, "/usr/share/fonts/opentype/urw-base35/P052-BoldItalic.otf", O_RDONLY|O_CLOEXEC) = 3
14:15:41.529142 openat(AT_FDCWD, "/usr/share/fonts/opentype/urw-base35/P052-Italic.otf", O_RDONLY|O_CLOEXEC) = 3
14:15:41.529293 openat(AT_FDCWD, "/usr/share/fonts/opentype/urw-base35/P052-Roman.otf", O_RDONLY|O_CLOEXEC) = 3
14:15:41.529449 openat(AT_FDCWD, "/usr/share/fonts/opentype/urw-base35/StandardSymbolsPS.otf", O_RDONLY|O_CLOEXEC) = 3
14:15:41.529592 openat(AT_FDCWD, "/usr/share/fonts/opentype/urw-base35/URWBookman-Demi.otf", O_RDONLY|O_CLOEXEC) = 3
14:15:41.529740 openat(AT_FDCWD, "/usr/share/fonts/opentype/urw-base35/URWBookman-DemiItalic.otf", O_RDONLY|O_CLOEXEC) = 3
14:15:41.529887 openat(AT_FDCWD, "/usr/share/fonts/opentype/urw-base35/URWBookman-Light.otf", O_RDONLY|O_CLOEXEC) = 3
14:15:41.530042 openat(AT_FDCWD, "/usr/share/fonts/opentype/urw-base35/URWBookman-LightItalic.otf", O_RDONLY|O_CLOEXEC) = 3
14:15:41.530191 openat(AT_FDCWD, "/usr/share/fonts/opentype/urw-base35/URWGothic-Book.otf", O_RDONLY|O_CLOEXEC) = 3
14:15:41.530338 openat(AT_FDCWD, "/usr/share/fonts/opentype/urw-base35/URWGothic-BookOblique.otf", O_RDONLY|O_CLOEXEC) = 3
14:15:41.530495 openat(AT_FDCWD, "/usr/share/fonts/opentype/urw-base35/URWGothic-Demi.otf", O_RDONLY|O_CLOEXEC) = 3
14:15:41.530641 openat(AT_FDCWD, "/usr/share/fonts/opentype/urw-base35/URWGothic-DemiOblique.otf", O_RDONLY|O_CLOEXEC) = 3
14:15:41.530788 openat(AT_FDCWD, "/usr/share/fonts/opentype/urw-base35/Z003-MediumItalic.otf", O_RDONLY|O_CLOEXEC) = 3
14:15:41.530947 openat(AT_FDCWD, "/usr/share/fonts/opentype/freefont/FreeMono.otf", O_RDONLY|O_CLOEXEC) = 3
14:15:41.531116 openat(AT_FDCWD, "/usr/share/fonts/opentype/freefont/FreeMonoBold.otf", O_RDONLY|O_CLOEXEC) = 3
14:15:41.531271 openat(AT_FDCWD, "/usr/share/fonts/opentype/freefont/FreeMonoBoldOblique.otf", O_RDONLY|O_CLOEXEC) = 3
14:15:41.531420 openat(AT_FDCWD, "/usr/share/fonts/opentype/freefont/FreeMonoOblique.otf", O_RDONLY|O_CLOEXEC) = 3
14:15:41.531575 openat(AT_FDCWD, "/usr/share/fonts/opentype/freefont/FreeSans.otf", O_RDONLY|O_CLOEXEC) = 3
14:15:41.531740 openat(AT_FDCWD, "/usr/share/fonts/opentype/freefont/FreeSansBold.otf", O_RDONLY|O_CLOEXEC) = 3
14:15:41.531916 openat(AT_FDCWD, "/usr/share/fonts/opentype/freefont/FreeSansBoldOblique.otf", O_RDONLY|O_CLOEXEC) = 3
14:15:41.532072 openat(AT_FDCWD, "/usr/share/fonts/opentype/freefont/FreeSansOblique.otf", O_RDONLY|O_CLOEXEC) = 3
14:15:41.532234 openat(AT_FDCWD, "/usr/share/fonts/opentype/freefont/FreeSerif.otf", O_RDONLY|O_CLOEXEC) = 3
14:15:41.532416 openat(AT_FDCWD, "/usr/share/fonts/opentype/freefont/FreeSerifBold.otf", O_RDONLY|O_CLOEXEC) = 3
14:15:41.532586 openat(AT_FDCWD, "/usr/share/fonts/opentype/freefont/FreeSerifBoldItalic.otf", O_RDONLY|O_CLOEXEC) = 3
14:15:41.532743 openat(AT_FDCWD, "/usr/share/fonts/opentype/freefont/FreeSerifItalic.otf", O_RDONLY|O_CLOEXEC) = 3
14:15:41.532911 openat(AT_FDCWD, "/usr/share/fonts/opentype/font-awesome/FontAwesome.otf", O_RDONLY|O_CLOEXEC) = 3
14:15:41.533078 openat(AT_FDCWD, "/usr/share/fonts/truetype/dejavu/DejaVuSans-Bold.ttf", O_RDONLY|O_CLOEXEC) = 3
14:15:41.533252 openat(AT_FDCWD, "/usr/share/fonts/truetype/dejavu/DejaVuSans.ttf", O_RDONLY|O_CLOEXEC) = 3
14:15:41.533405 openat(AT_FDCWD, "/usr/share/fonts/truetype/dejavu/DejaVuSansMono-Bold.ttf", O_RDONLY|O_CLOEXEC) = 3
14:15:41.533558 openat(AT_FDCWD, "/usr/share/fonts/truetype/dejavu/DejaVuSansMono-BoldOblique.ttf", O_RDONLY|O_CLOEXEC) = 3
14:15:41.533707 openat(AT_FDCWD, "/usr/share/fonts/truetype/dejavu/DejaVuSansMono-Oblique.ttf", O_RDONLY|O_CLOEXEC) = 3
14:15:41.533854 openat(AT_FDCWD, "/usr/share/fonts/truetype/dejavu/DejaVuSansMono.ttf", O_RDONLY|O_CLOEXEC) = 3
14:15:41.534007 openat(AT_FDCWD, "/usr/share/fonts/truetype/dejavu/DejaVuSerif-Bold.ttf", O_RDONLY|O_CLOEXEC) = 3
14:15:41.534154 openat(AT_FDCWD, "/usr/share/fonts/truetype/dejavu/DejaVuSerif.ttf", O_RDONLY|O_CLOEXEC) = 3
14:15:41.534300 openat(AT_FDCWD, "/usr/share/fonts/truetype/dejavu/DejaVuMathTeXGyre.ttf", O_RDONLY|O_CLOEXEC) = 3
14:15:41.534451 openat(AT_FDCWD, "/usr/share/fonts/truetype/dejavu/DejaVuSans-BoldOblique.ttf", O_RDONLY|O_CLOEXEC) = 3
14:15:41.534609 openat(AT_FDCWD, "/usr/share/fonts/truetype/dejavu/DejaVuSans-ExtraLight.ttf", O_RDONLY|O_CLOEXEC) = 3
14:15:41.534767 openat(AT_FDCWD, "/usr/share/fonts/truetype/dejavu/DejaVuSans-Oblique.ttf", O_RDONLY|O_CLOEXEC) = 3
14:15:41.534937 openat(AT_FDCWD, "/usr/share/fonts/truetype/dejavu/DejaVuSansCondensed-Bold.ttf", O_RDONLY|O_CLOEXEC) = 3
14:15:41.535114 openat(AT_FDCWD, "/usr/share/fonts/truetype/dejavu/DejaVuSansCondensed-BoldOblique.ttf", O_RDONLY|O_CLOEXEC) = 3
14:15:41.535271 openat(AT_FDCWD, "/usr/share/fonts/truetype/dejavu/DejaVuSansCondensed-Oblique.ttf", O_RDONLY|O_CLOEXEC) = 3
14:15:41.535433 openat(AT_FDCWD, "/usr/share/fonts/truetype/dejavu/DejaVuSansCondensed.ttf", O_RDONLY|O_CLOEXEC) = 3
14:15:41.535588 openat(AT_FDCWD, "/usr/share/fonts/truetype/dejavu/DejaVuSerif-BoldItalic.ttf", O_RDONLY|O_CLOEXEC) = 3
14:15:41.535737 openat(AT_FDCWD, "/usr/share/fonts/truetype/dejavu/DejaVuSerif-Italic.ttf", O_RDONLY|O_CLOEXEC) = 3
14:15:41.535886 openat(AT_FDCWD, "/usr/share/fonts/truetype/dejavu/DejaVuSerifCondensed-Bold.ttf", O_RDONLY|O_CLOEXEC) = 3
14:15:41.536045 openat(AT_FDCWD, "/usr/share/fonts/truetype/dejavu/DejaVuSerifCondensed-BoldItalic.ttf", O_RDONLY|O_CLOEXEC) = 3
14:15:41.536194 openat(AT_FDCWD, "/usr/share/fonts/truetype/dejavu/DejaVuSerifCondensed-Italic.ttf", O_RDONLY|O_CLOEXEC) = 3
14:15:41.536342 openat(AT_FDCWD, "/usr/share/fonts/truetype/dejavu/DejaVuSerifCondensed.ttf", O_RDONLY|O_CLOEXEC) = 3
14:15:41.536490 openat(AT_FDCWD, "/usr/share/fonts/truetype/droid/DroidSansFallbackFull.ttf", O_RDONLY|O_CLOEXEC) = 3
14:15:41.536644 openat(AT_FDCWD, "/usr/share/fonts/truetype/liberation/LiberationMono-Bold.ttf", O_RDONLY|O_CLOEXEC) = 3
14:15:41.536790 openat(AT_FDCWD, "/usr/share/fonts/truetype/liberation/LiberationMono-BoldItalic.ttf", O_RDONLY|O_CLOEXEC) = 3
14:15:41.536958 openat(AT_FDCWD, "/usr/share/fonts/truetype/liberation/LiberationMono-Italic.ttf", O_RDONLY|O_CLOEXEC) = 3
14:15:41.537111 openat(AT_FDCWD, "/usr/share/fonts/truetype/liberation/LiberationMono-Regular.ttf", O_RDONLY|O_CLOEXEC) = 3
14:15:41.537258 openat(AT_FDCWD, "/usr/share/fonts/truetype/liberation/LiberationSans-Bold.ttf", O_RDONLY|O_CLOEXEC) = 3
14:15:41.537419 openat(AT_FDCWD, "/usr/share/fonts/truetype/liberation/LiberationSans-BoldItalic.ttf", O_RDONLY|O_CLOEXEC) = 3
14:15:41.537573 openat(AT_FDCWD, "/usr/share/fonts/truetype/liberation/LiberationSans-Italic.ttf", O_RDONLY|O_CLOEXEC) = 3
14:15:41.537725 openat(AT_FDCWD, "/usr/share/fonts/truetype/liberation/LiberationSans-Regular.ttf", O_RDONLY|O_CLOEXEC) = 3
14:15:41.537878 openat(AT_FDCWD, "/usr/share/fonts/truetype/liberation/LiberationSerif-Bold.ttf", O_RDONLY|O_CLOEXEC) = 3
14:15:41.538033 openat(AT_FDCWD, "/usr/share/fonts/truetype/liberation/LiberationSerif-BoldItalic.ttf", O_RDONLY|O_CLOEXEC) = 3
14:15:41.538187 openat(AT_FDCWD, "/usr/share/fonts/truetype/liberation/LiberationSerif-Italic.ttf", O_RDONLY|O_CLOEXEC) = 3
14:15:41.538335 openat(AT_FDCWD, "/usr/share/fonts/truetype/liberation/LiberationSerif-Regular.ttf", O_RDONLY|O_CLOEXEC) = 3
14:15:41.538500 openat(AT_FDCWD, "/usr/share/fonts/truetype/libreoffice/opens___.ttf", O_RDONLY|O_CLOEXEC) = 3
14:15:41.538648 openat(AT_FDCWD, "/usr/share/fonts/truetype/noto/NotoKufiArabic-Bold.ttf", O_RDONLY|O_CLOEXEC) = 3
14:15:41.538796 openat(AT_FDCWD, "/usr/share/fonts/truetype/noto/NotoKufiArabic-Regular.ttf", O_RDONLY|O_CLOEXEC) = 3
14:15:41.538949 openat(AT_FDCWD, "/usr/share/fonts/truetype/noto/NotoLoopedLao-Bold.ttf", O_RDONLY|O_CLOEXEC) = 3
14:15:41.539095 openat(AT_FDCWD, "/usr/share/fonts/truetype/noto/NotoLoopedLao-Regular.ttf", O_RDONLY|O_CLOEXEC) = 3
14:15:41.539238 openat(AT_FDCWD, "/usr/share/fonts/truetype/noto/NotoLoopedThai-Bold.ttf", O_RDONLY|O_CLOEXEC) = 3
14:15:41.539386 openat(AT_FDCWD, "/usr/share/fonts/truetype/noto/NotoLoopedThai-Regular.ttf", O_RDONLY|O_CLOEXEC) = 3
14:15:41.539531 openat(AT_FDCWD, "/usr/share/fonts/truetype/noto/NotoMono-Regular.ttf", O_RDONLY|O_CLOEXEC) = 3
14:15:41.539676 openat(AT_FDCWD, "/usr/share/fonts/truetype/noto/NotoMusic-Regular.ttf", O_RDONLY|O_CLOEXEC) = 3
14:15:41.539824 openat(AT_FDCWD, "/usr/share/fonts/truetype/noto/NotoNaskhArabic-Bold.ttf", O_RDONLY|O_CLOEXEC) = 3
14:15:41.539984 openat(AT_FDCWD, "/usr/share/fonts/truetype/noto/NotoNaskhArabic-Regular.ttf", O_RDONLY|O_CLOEXEC) = 3
14:15:41.540136 openat(AT_FDCWD, "/usr/share/fonts/truetype/noto/NotoNastaliqUrdu-Bold.ttf", O_RDONLY|O_CLOEXEC) = 3
14:15:41.540291 openat(AT_FDCWD, "/usr/share/fonts/truetype/noto/NotoNastaliqUrdu-Regular.ttf", O_RDONLY|O_CLOEXEC) = 3
14:15:41.540455 openat(AT_FDCWD, "/usr/share/fonts/truetype/noto/NotoRashiHebrew-Bold.ttf", O_RDONLY|O_CLOEXEC) = 3
14:15:41.540597 openat(AT_FDCWD, "/usr/share/fonts/truetype/noto/NotoRashiHebrew-Regular.ttf", O_RDONLY|O_CLOEXEC) = 3
14:15:41.540739 openat(AT_FDCWD, "/usr/share/fonts/truetype/noto/NotoSans-Bold.ttf", O_RDONLY|O_CLOEXEC) = 3
14:15:41.540891 openat(AT_FDCWD, "/usr/share/fonts/truetype/noto/NotoSans-BoldItalic.ttf", O_RDONLY|O_CLOEXEC) = 3
14:15:41.541076 openat(AT_FDCWD, "/usr/share/fonts/truetype/noto/NotoSans-Italic.ttf", O_RDONLY|O_CLOEXEC) = 3
14:15:41.541238 openat(AT_FDCWD, "/usr/share/fonts/truetype/noto/NotoSans-Regular.ttf", O_RDONLY|O_CLOEXEC) = 3
14:15:41.541392 openat(AT_FDCWD, "/usr/share/fonts/truetype/noto/NotoSansAdlam-Bold.ttf", O_RDONLY|O_CLOEXEC) = 3
14:15:41.541542 openat(AT_FDCWD, "/usr/share/fonts/truetype/noto/NotoSansAdlam-Regular.ttf", O_RDONLY|O_CLOEXEC) = 3
14:15:41.541692 openat(AT_FDCWD, "/usr/share/fonts/truetype/noto/NotoSansAdlamUnjoined-Bold.ttf", O_RDONLY|O_CLOEXEC) = 3
14:15:41.541835 openat(AT_FDCWD, "/usr/share/fonts/truetype/noto/NotoSansAdlamUnjoined-Regular.ttf", O_RDONLY|O_CLOEXEC) = 3
14:15:41.541984 openat(AT_FDCWD, "/usr/share/fonts/truetype/noto/NotoSansAnatolianHieroglyphs-Regular.ttf", O_RDONLY|O_CLOEXEC) = 3
14:15:41.542136 openat(AT_FDCWD, "/usr/share/fonts/truetype/noto/NotoSansArabic-Bold.ttf", O_RDONLY|O_CLOEXEC) = 3
14:15:41.542291 openat(AT_FDCWD, "/usr/share/fonts/truetype/noto/NotoSansArabic-Regular.ttf", O_RDONLY|O_CLOEXEC) = 3
14:15:41.542442 openat(AT_FDCWD, "/usr/share/fonts/truetype/noto/NotoSansArmenian-Bold.ttf", O_RDONLY|O_CLOEXEC) = 3
14:15:41.542585 openat(AT_FDCWD, "/usr/share/fonts/truetype/noto/NotoSansArmenian-Regular.ttf", O_RDONLY|O_CLOEXEC) = 3
14:15:41.542728 openat(AT_FDCWD, "/usr/share/fonts/truetype/noto/NotoSansAvestan-Regular.ttf", O_RDONLY|O_CLOEXEC) = 3
14:15:41.542869 openat(AT_FDCWD, "/usr/share/fonts/truetype/noto/NotoSansBalinese-Bold.ttf", O_RDONLY|O_CLOEXEC) = 3
14:15:41.543023 openat(AT_FDCWD, "/usr/share/fonts/truetype/noto/NotoSansBalinese-Regular.ttf", O_RDONLY|O_CLOEXEC) = 3
14:15:41.543172 openat(AT_FDCWD, "/usr/share/fonts/truetype/noto/NotoSansBamum-Bold.ttf", O_RDONLY|O_CLOEXEC) = 3
14:15:41.543331 openat(AT_FDCWD, "/usr/share/fonts/truetype/noto/NotoSansBamum-Regular.ttf", O_RDONLY|O_CLOEXEC) = 3
14:15:41.543481 openat(AT_FDCWD, "/usr/share/fonts/truetype/noto/NotoSansBassaVah-Regular.ttf", O_RDONLY|O_CLOEXEC) = 3
14:15:41.543623 openat(AT_FDCWD, "/usr/share/fonts/truetype/noto/NotoSansBatak-Regular.ttf", O_RDONLY|O_CLOEXEC) = 3
14:15:41.543788 openat(AT_FDCWD, "/usr/share/fonts/truetype/noto/NotoSansBengali-Bold.ttf", O_RDONLY|O_CLOEXEC) = 3
14:15:41.543956 openat(AT_FDCWD, "/usr/share/fonts/truetype/noto/NotoSansBengali-Regular.ttf", O_RDONLY|O_CLOEXEC) = 3
14:15:41.544108 openat(AT_FDCWD, "/usr/share/fonts/truetype/noto/NotoSansBhaiksuki-Regular.ttf", O_RDONLY|O_CLOEXEC) = 3
14:15:41.544261 openat(AT_FDCWD, "/usr/share/fonts/truetype/noto/NotoSansBrahmi-Regular.ttf", O_RDONLY|O_CLOEXEC) = 3
14:15:41.544405 openat(AT_FDCWD, "/usr/share/fonts/truetype/noto/NotoSansBuginese-Regular.ttf", O_RDONLY|O_CLOEXEC) = 3
14:15:41.544544 openat(AT_FDCWD, "/usr/share/fonts/truetype/noto/NotoSansBuhid-Regular.ttf", O_RDONLY|O_CLOEXEC) = 3
14:15:41.544687 openat(AT_FDCWD, "/usr/share/fonts/truetype/noto/NotoSansCanadianAboriginal-Bold.ttf", O_RDONLY|O_CLOEXEC) = 3
14:15:41.544837 openat(AT_FDCWD, "/usr/share/fonts/truetype/noto/NotoSansCanadianAboriginal-Regular.ttf", O_RDONLY|O_CLOEXEC) = 3
14:15:41.544990 openat(AT_FDCWD, "/usr/share/fonts/truetype/noto/NotoSansCarian-Regular.ttf", O_RDONLY|O_CLOEXEC) = 3
14:15:41.545133 openat(AT_FDCWD, "/usr/share/fonts/truetype/noto/NotoSansCaucasianAlbanian-Regular.ttf", O_RDONLY|O_CLOEXEC) = 3
14:15:41.545277 openat(AT_FDCWD, "/usr/share/fonts/truetype/noto/NotoSansChakma-Regular.ttf", O_RDONLY|O_CLOEXEC) = 3
14:15:41.545430 openat(AT_FDCWD, "/usr/share/fonts/truetype/noto/NotoSansCham-Bold.ttf", O_RDONLY|O_CLOEXEC) = 3
14:15:41.545609 openat(AT_FDCWD, "/usr/share/fonts/truetype/noto/NotoSansCham-Regular.ttf", O_RDONLY|O_CLOEXEC) = 3
14:15:41.545816 openat(AT_FDCWD, "/usr/share/fonts/truetype/noto/NotoSansCherokee-Bold.ttf", O_RDONLY|O_CLOEXEC) = 3
14:15:41.545991 openat(AT_FDCWD, "/usr/share/fonts/truetype/noto/NotoSansCherokee-Regular.ttf", O_RDONLY|O_CLOEXEC) = 3
14:15:41.546145 openat(AT_FDCWD, "/usr/share/fonts/truetype/noto/NotoSansCoptic-Regular.ttf", O_RDONLY|O_CLOEXEC) = 3
14:15:41.546289 openat(AT_FDCWD, "/usr/share/fonts/truetype/noto/NotoSansCuneiform-Regular.ttf", O_RDONLY|O_CLOEXEC) = 3
14:15:41.546450 openat(AT_FDCWD, "/usr/share/fonts/truetype/noto/NotoSansCypriot-Regular.ttf", O_RDONLY|O_CLOEXEC) = 3
14:15:41.546591 openat(AT_FDCWD, "/usr/share/fonts/truetype/noto/NotoSansDeseret-Regular.ttf", O_RDONLY|O_CLOEXEC) = 3
14:15:41.546732 openat(AT_FDCWD, "/usr/share/fonts/truetype/noto/NotoSansDevanagari-Bold.ttf", O_RDONLY|O_CLOEXEC) = 3
14:15:41.546887 openat(AT_FDCWD, "/usr/share/fonts/truetype/noto/NotoSansDevanagari-Regular.ttf", O_RDONLY|O_CLOEXEC) = 3
14:15:41.547061 openat(AT_FDCWD, "/usr/share/fonts/truetype/noto/NotoSansDisplay-Bold.ttf", O_RDONLY|O_CLOEXEC) = 3
14:15:41.547220 openat(AT_FDCWD, "/usr/share/fonts/truetype/noto/NotoSansDisplay-BoldItalic.ttf", O_RDONLY|O_CLOEXEC) = 3
14:15:41.547379 openat(AT_FDCWD, "/usr/share/fonts/truetype/noto/NotoSansDisplay-Italic.ttf", O_RDONLY|O_CLOEXEC) = 3
14:15:41.547536 openat(AT_FDCWD, "/usr/share/fonts/truetype/noto/NotoSansDisplay-Regular.ttf", O_RDONLY|O_CLOEXEC) = 3
14:15:41.547693 openat(AT_FDCWD, "/usr/share/fonts/truetype/noto/NotoSansDuployan-Regular.ttf", O_RDONLY|O_CLOEXEC) = 3
14:15:41.547836 openat(AT_FDCWD, "/usr/share/fonts/truetype/noto/NotoSansEgyptianHieroglyphs-Regular.ttf", O_RDONLY|O_CLOEXEC) = 3
14:15:41.547998 openat(AT_FDCWD, "/usr/share/fonts/truetype/noto/NotoSansElbasan-Regular.ttf", O_RDONLY|O_CLOEXEC) = 3
14:15:41.548142 openat(AT_FDCWD, "/usr/share/fonts/truetype/noto/NotoSansElymaic-Regular.ttf", O_RDONLY|O_CLOEXEC) = 3
14:15:41.548283 openat(AT_FDCWD, "/usr/share/fonts/truetype/noto/NotoSansEthiopic-Bold.ttf", O_RDONLY|O_CLOEXEC) = 3
14:15:41.548436 openat(AT_FDCWD, "/usr/share/fonts/truetype/noto/NotoSansEthiopic-Regular.ttf", O_RDONLY|O_CLOEXEC) = 3
14:15:41.548603 openat(AT_FDCWD, "/usr/share/fonts/truetype/noto/NotoSansGeorgian-Bold.ttf", O_RDONLY|O_CLOEXEC) = 3
14:15:41.548775 openat(AT_FDCWD, "/usr/share/fonts/truetype/noto/NotoSansGeorgian-Regular.ttf", O_RDONLY|O_CLOEXEC) = 3
14:15:41.548924 openat(AT_FDCWD, "/usr/share/fonts/truetype/noto/NotoSansGlagolitic-Regular.ttf", O_RDONLY|O_CLOEXEC) = 3
14:15:41.549087 openat(AT_FDCWD, "/usr/share/fonts/truetype/noto/NotoSansGothic-Regular.ttf", O_RDONLY|O_CLOEXEC) = 3
14:15:41.549233 openat(AT_FDCWD, "/usr/share/fonts/truetype/noto/NotoSansGrantha-Regular.ttf", O_RDONLY|O_CLOEXEC) = 3
14:15:41.549392 openat(AT_FDCWD, "/usr/share/fonts/truetype/noto/NotoSansGujarati-Bold.ttf", O_RDONLY|O_CLOEXEC) = 3
14:15:41.549548 openat(AT_FDCWD, "/usr/share/fonts/truetype/noto/NotoSansGujarati-Regular.ttf", O_RDONLY|O_CLOEXEC) = 3
14:15:41.549703 openat(AT_FDCWD, "/usr/share/fonts/truetype/noto/NotoSansGunjalaGondi-Regular.ttf", O_RDONLY|O_CLOEXEC) = 3
14:15:41.549848 openat(AT_FDCWD, "/usr/share/fonts/truetype/noto/NotoSansGurmukhi-Bold.ttf", O_RDONLY|O_CLOEXEC) = 3
14:15:41.550000 openat(AT_FDCWD, "/usr/share/fonts/truetype/noto/NotoSansGurmukhi-Regular.ttf", O_RDONLY|O_CLOEXEC) = 3
14:15:41.550146 openat(AT_FDCWD, "/usr/share/fonts/truetype/noto/NotoSansHanifiRohingya-Bold.ttf", O_RDONLY|O_CLOEXEC) = 3
14:15:41.550291 openat(AT_FDCWD, "/usr/share/fonts/truetype/noto/NotoSansHanifiRohingya-Regular.ttf", O_RDONLY|O_CLOEXEC) = 3
14:15:41.550434 openat(AT_FDCWD, "/usr/share/fonts/truetype/noto/NotoSansHanunoo-Regular.ttf", O_RDONLY|O_CLOEXEC) = 3
14:15:41.550576 openat(AT_FDCWD, "/usr/share/fonts/truetype/noto/NotoSansHatran-Regular.ttf", O_RDONLY|O_CLOEXEC) = 3
14:15:41.550717 openat(AT_FDCWD, "/usr/share/fonts/truetype/noto/NotoSansHebrew-Bold.ttf", O_RDONLY|O_CLOEXEC) = 3
14:15:41.550860 openat(AT_FDCWD, "/usr/share/fonts/truetype/noto/NotoSansHebrew-Regular.ttf", O_RDONLY|O_CLOEXEC) = 3
14:15:41.551009 openat(AT_FDCWD, "/usr/share/fonts/truetype/noto/NotoSansImperialAramaic-Regular.ttf", O_RDONLY|O_CLOEXEC) = 3
14:15:41.551154 openat(AT_FDCWD, "/usr/share/fonts/truetype/noto/NotoSansIndicSiyaqNumbers-Regular.ttf", O_RDONLY|O_CLOEXEC) = 3
14:15:41.551298 openat(AT_FDCWD, "/usr/share/fonts/truetype/noto/NotoSansInscriptionalPahlavi-Regular.ttf", O_RDONLY|O_CLOEXEC) = 3
14:15:41.551440 openat(AT_FDCWD, "/usr/share/fonts/truetype/noto/NotoSansInscriptionalParthian-Regular.ttf", O_RDONLY|O_CLOEXEC) = 3
14:15:41.551582 openat(AT_FDCWD, "/usr/share/fonts/truetype/noto/NotoSansJavanese-Bold.ttf", O_RDONLY|O_CLOEXEC) = 3
14:15:41.551735 openat(AT_FDCWD, "/usr/share/fonts/truetype/noto/NotoSansJavanese-Regular.ttf", O_RDONLY|O_CLOEXEC) = 3
14:15:41.551886 openat(AT_FDCWD, "/usr/share/fonts/truetype/noto/NotoSansKaithi-Regular.ttf", O_RDONLY|O_CLOEXEC) = 3
14:15:41.552044 openat(AT_FDCWD, "/usr/share/fonts/truetype/noto/NotoSansKannada-Bold.ttf", O_RDONLY|O_CLOEXEC) = 3
14:15:41.552196 openat(AT_FDCWD, "/usr/share/fonts/truetype/noto/NotoSansKannada-Regular.ttf", O_RDONLY|O_CLOEXEC) = 3
14:15:41.552370 openat(AT_FDCWD, "/usr/share/fonts/truetype/noto/NotoSansKayahLi-Bold.ttf", O_RDONLY|O_CLOEXEC) = 3
14:15:41.552587 openat(AT_FDCWD, "/usr/share/fonts/truetype/noto/NotoSansKayahLi-Regular.ttf", O_RDONLY|O_CLOEXEC) = 3
14:15:41.552758 openat(AT_FDCWD, "/usr/share/fonts/truetype/noto/NotoSansKharoshthi-Regular.ttf", O_RDONLY|O_CLOEXEC) = 3
14:15:41.552908 openat(AT_FDCWD, "/usr/share/fonts/truetype/noto/NotoSansKhmer-Bold.ttf", O_RDONLY|O_CLOEXEC) = 3
14:15:41.553063 openat(AT_FDCWD, "/usr/share/fonts/truetype/noto/NotoSansKhmer-Regular.ttf", O_RDONLY|O_CLOEXEC) = 3
14:15:41.553215 openat(AT_FDCWD, "/usr/share/fonts/truetype/noto/NotoSansKhojki-Regular.ttf", O_RDONLY|O_CLOEXEC) = 3
14:15:41.553361 openat(AT_FDCWD, "/usr/share/fonts/truetype/noto/NotoSansKhudawadi-Regular.ttf", O_RDONLY|O_CLOEXEC) = 3
14:15:41.553505 openat(AT_FDCWD, "/usr/share/fonts/truetype/noto/NotoSansLao-Bold.ttf", O_RDONLY|O_CLOEXEC) = 3
14:15:41.553651 openat(AT_FDCWD, "/usr/share/fonts/truetype/noto/NotoSansLao-Regular.ttf", O_RDONLY|O_CLOEXEC) = 3
14:15:41.553794 openat(AT_FDCWD, "/usr/share/fonts/truetype/noto/NotoSansLepcha-Regular.ttf", O_RDONLY|O_CLOEXEC) = 3
14:15:41.553944 openat(AT_FDCWD, "/usr/share/fonts/truetype/noto/NotoSansLimbu-Regular.ttf", O_RDONLY|O_CLOEXEC) = 3
14:15:41.554091 openat(AT_FDCWD, "/usr/share/fonts/truetype/noto/NotoSansLinearA-Regular.ttf", O_RDONLY|O_CLOEXEC) = 3
14:15:41.554257 openat(AT_FDCWD, "/usr/share/fonts/truetype/noto/NotoSansLinearB-Regular.ttf", O_RDONLY|O_CLOEXEC) = 3
14:15:41.554404 openat(AT_FDCWD, "/usr/share/fonts/truetype/noto/NotoSansLisu-Bold.ttf", O_RDONLY|O_CLOEXEC) = 3
14:15:41.554548 openat(AT_FDCWD, "/usr/share/fonts/truetype/noto/NotoSansLisu-Regular.ttf", O_RDONLY|O_CLOEXEC) = 3
14:15:41.554689 openat(AT_FDCWD, "/usr/share/fonts/truetype/noto/NotoSansLycian-Regular.ttf", O_RDONLY|O_CLOEXEC) = 3
14:15:41.554829 openat(AT_FDCWD, "/usr/share/fonts/truetype/noto/NotoSansLydian-Regular.ttf", O_RDONLY|O_CLOEXEC) = 3
14:15:41.554973 openat(AT_FDCWD, "/usr/share/fonts/truetype/noto/NotoSansMahajani-Regular.ttf", O_RDONLY|O_CLOEXEC) = 3
14:15:41.555116 openat(AT_FDCWD, "/usr/share/fonts/truetype/noto/NotoSansMalayalam-Bold.ttf", O_RDONLY|O_CLOEXEC) = 3
14:15:41.555267 openat(AT_FDCWD, "/usr/share/fonts/truetype/noto/NotoSansMalayalam-Regular.ttf", O_RDONLY|O_CLOEXEC) = 3
14:15:41.555416 openat(AT_FDCWD, "/usr/share/fonts/truetype/noto/NotoSansMandaic-Regular.ttf", O_RDONLY|O_CLOEXEC) = 3
14:15:41.555559 openat(AT_FDCWD, "/usr/share/fonts/truetype/noto/NotoSansManichaean-Regular.ttf", O_RDONLY|O_CLOEXEC) = 3
14:15:41.555703 openat(AT_FDCWD, "/usr/share/fonts/truetype/noto/NotoSansMarchen-Regular.ttf", O_RDONLY|O_CLOEXEC) = 3
14:15:41.555852 openat(AT_FDCWD, "/usr/share/fonts/truetype/noto/NotoSansMasaramGondi-Regular.ttf", O_RDONLY|O_CLOEXEC) = 3
14:15:41.556003 openat(AT_FDCWD, "/usr/share/fonts/truetype/noto/NotoSansMath-Regular.ttf", O_RDONLY|O_CLOEXEC) = 3
14:15:41.556161 openat(AT_FDCWD, "/usr/share/fonts/truetype/noto/NotoSansMayanNumerals-Regular.ttf", O_RDONLY|O_CLOEXEC) = 3
14:15:41.556302 openat(AT_FDCWD, "/usr/share/fonts/truetype/noto/NotoSansMedefaidrin-Bold.ttf", O_RDONLY|O_CLOEXEC) = 3
14:15:41.556443 openat(AT_FDCWD, "/usr/share/fonts/truetype/noto/NotoSansMedefaidrin-Regular.ttf", O_RDONLY|O_CLOEXEC) = 3
14:15:41.556585 openat(AT_FDCWD, "/usr/share/fonts/truetype/noto/NotoSansMeeteiMayek-Bold.ttf", O_RDONLY|O_CLOEXEC) = 3
14:15:41.556753 openat(AT_FDCWD, "/usr/share/fonts/truetype/noto/NotoSansMeeteiMayek-Regular.ttf", O_RDONLY|O_CLOEXEC) = 3
14:15:41.556950 openat(AT_FDCWD, "/usr/share/fonts/truetype/noto/NotoSansMendeKikakui-Regular.ttf", O_RDONLY|O_CLOEXEC) = 3
14:15:41.557118 openat(AT_FDCWD, "/usr/share/fonts/truetype/noto/NotoSansMeroitic-Regular.ttf", O_RDONLY|O_CLOEXEC) = 3
14:15:41.557282 openat(AT_FDCWD, "/usr/share/fonts/truetype/noto/NotoSansMiao-Regular.ttf", O_RDONLY|O_CLOEXEC) = 3
14:15:41.557447 openat(AT_FDCWD, "/usr/share/fonts/truetype/noto/NotoSansModi-Regular.ttf", O_RDONLY|O_CLOEXEC) = 3
14:15:41.557610 openat(AT_FDCWD, "/usr/share/fonts/truetype/noto/NotoSansMongolian-Regular.ttf", O_RDONLY|O_CLOEXEC) = 3
14:15:41.557779 openat(AT_FDCWD, "/usr/share/fonts/truetype/noto/NotoSansMono-Bold.ttf", O_RDONLY|O_CLOEXEC) = 3
14:15:41.557973 openat(AT_FDCWD, "/usr/share/fonts/truetype/noto/NotoSansMono-Regular.ttf", O_RDONLY|O_CLOEXEC) = 3
14:15:41.558127 openat(AT_FDCWD, "/usr/share/fonts/truetype/noto/NotoSansMro-Regular.ttf", O_RDONLY|O_CLOEXEC) = 3
14:15:41.558268 openat(AT_FDCWD, "/usr/share/fonts/truetype/noto/NotoSansMultani-Regular.ttf", O_RDONLY|O_CLOEXEC) = 3
14:15:41.558409 openat(AT_FDCWD, "/usr/share/fonts/truetype/noto/NotoSansMyanmar-Bold.ttf", O_RDONLY|O_CLOEXEC) = 3
14:15:41.558559 openat(AT_FDCWD, "/usr/share/fonts/truetype/noto/NotoSansMyanmar-Regular.ttf", O_RDONLY|O_CLOEXEC) = 3
14:15:41.558708 openat(AT_FDCWD, "/usr/share/fonts/truetype/noto/NotoSansNKo-Regular.ttf", O_RDONLY|O_CLOEXEC) = 3
14:15:41.558850 openat(AT_FDCWD, "/usr/share/fonts/truetype/noto/NotoSansNabataean-Regular.ttf", O_RDONLY|O_CLOEXEC) = 3
14:15:41.558996 openat(AT_FDCWD, "/usr/share/fonts/truetype/noto/NotoSansNewTaiLue-Regular.ttf", O_RDONLY|O_CLOEXEC) = 3
14:15:41.559140 openat(AT_FDCWD, "/usr/share/fonts/truetype/noto/NotoSansNewa-Regular.ttf", O_RDONLY|O_CLOEXEC) = 3
14:15:41.559292 openat(AT_FDCWD, "/usr/share/fonts/truetype/noto/NotoSansNushu-Regular.ttf", O_RDONLY|O_CLOEXEC) = 3
14:15:41.559441 openat(AT_FDCWD, "/usr/share/fonts/truetype/noto/NotoSansOgham-Regular.ttf", O_RDONLY|O_CLOEXEC) = 3
14:15:41.559598 openat(AT_FDCWD, "/usr/share/fonts/truetype/noto/NotoSansOlChiki-Bold.ttf", O_RDONLY|O_CLOEXEC) = 3
14:15:41.559739 openat(AT_FDCWD, "/usr/share/fonts/truetype/noto/NotoSansOlChiki-Regular.ttf", O_RDONLY|O_CLOEXEC) = 3
14:15:41.559879 openat(AT_FDCWD, "/usr/share/fonts/truetype/noto/NotoSansOldHungarian-Regular.ttf", O_RDONLY|O_CLOEXEC) = 3
14:15:41.560075 openat(AT_FDCWD, "/usr/share/fonts/truetype/noto/NotoSansOldItalic-Regular.ttf", O_RDONLY|O_CLOEXEC) = 3
14:15:41.560240 openat(AT_FDCWD, "/usr/share/fonts/truetype/noto/NotoSansOldNorthArabian-Regular.ttf", O_RDONLY|O_CLOEXEC) = 3
14:15:41.560395 openat(AT_FDCWD, "/usr/share/fonts/truetype/noto/NotoSansOldPermic-Regular.ttf", O_RDONLY|O_CLOEXEC) = 3
14:15:41.560551 openat(AT_FDCWD, "/usr/share/fonts/truetype/noto/NotoSansOldPersian-Regular.ttf", O_RDONLY|O_CLOEXEC) = 3
14:15:41.560704 openat(AT_FDCWD, "/usr/share/fonts/truetype/noto/NotoSansOldSogdian-Regular.ttf", O_RDONLY|O_CLOEXEC) = 3
14:15:41.560847 openat(AT_FDCWD, "/usr/share/fonts/truetype/noto/NotoSansOldSouthArabian-Regular.ttf", O_RDONLY|O_CLOEXEC) = 3
14:15:41.560991 openat(AT_FDCWD, "/usr/share/fonts/truetype/noto/NotoSansOldTurkic-Regular.ttf", O_RDONLY|O_CLOEXEC) = 3
14:15:41.561133 openat(AT_FDCWD, "/usr/share/fonts/truetype/noto/NotoSansOriya-Bold.ttf", O_RDONLY|O_CLOEXEC) = 3
14:15:41.561282 openat(AT_FDCWD, "/usr/share/fonts/truetype/noto/NotoSansOriya-Regular.ttf", O_RDONLY|O_CLOEXEC) = 3
14:15:41.561429 openat(AT_FDCWD, "/usr/share/fonts/truetype/noto/NotoSansOsage-Regular.ttf", O_RDONLY|O_CLOEXEC) = 3
14:15:41.561570 openat(AT_FDCWD, "/usr/share/fonts/truetype/noto/NotoSansOsmanya-Regular.ttf", O_RDONLY|O_CLOEXEC) = 3
14:15:41.561709 openat(AT_FDCWD, "/usr/share/fonts/truetype/noto/NotoSansPahawhHmong-Regular.ttf", O_RDONLY|O_CLOEXEC) = 3
14:15:41.561849 openat(AT_FDCWD, "/usr/share/fonts/truetype/noto/NotoSansPalmyrene-Regular.ttf", O_RDONLY|O_CLOEXEC) = 3
14:15:41.562018 openat(AT_FDCWD, "/usr/share/fonts/truetype/noto/NotoSansPauCinHau-Regular.ttf", O_RDONLY|O_CLOEXEC) = 3
14:15:41.562193 openat(AT_FDCWD, "/usr/share/fonts/truetype/noto/NotoSansPhagsPa-Regular.ttf", O_RDONLY|O_CLOEXEC) = 3
14:15:41.562357 openat(AT_FDCWD, "/usr/share/fonts/truetype/noto/NotoSansPhoenician-Regular.ttf", O_RDONLY|O_CLOEXEC) = 3
14:15:41.562516 openat(AT_FDCWD, "/usr/share/fonts/truetype/noto/NotoSansPsalterPahlavi-Regular.ttf", O_RDONLY|O_CLOEXEC) = 3
14:15:41.562683 openat(AT_FDCWD, "/usr/share/fonts/truetype/noto/NotoSansRejang-Regular.ttf", O_RDONLY|O_CLOEXEC) = 3
14:15:41.562830 openat(AT_FDCWD, "/usr/share/fonts/truetype/noto/NotoSansRunic-Regular.ttf", O_RDONLY|O_CLOEXEC) = 3
14:15:41.562974 openat(AT_FDCWD, "/usr/share/fonts/truetype/noto/NotoSansSamaritan-Regular.ttf", O_RDONLY|O_CLOEXEC) = 3
14:15:41.563115 openat(AT_FDCWD, "/usr/share/fonts/truetype/noto/NotoSansSaurashtra-Regular.ttf", O_RDONLY|O_CLOEXEC) = 3
14:15:41.563258 openat(AT_FDCWD, "/usr/share/fonts/truetype/noto/NotoSansSharada-Regular.ttf", O_RDONLY|O_CLOEXEC) = 3
14:15:41.563402 openat(AT_FDCWD, "/usr/share/fonts/truetype/noto/NotoSansShavian-Regular.ttf", O_RDONLY|O_CLOEXEC) = 3
14:15:41.563542 openat(AT_FDCWD, "/usr/share/fonts/truetype/noto/NotoSansSiddham-Regular.ttf", O_RDONLY|O_CLOEXEC) = 3
14:15:41.563691 openat(AT_FDCWD, "/usr/share/fonts/truetype/noto/NotoSansSignWriting-Regular.ttf", O_RDONLY|O_CLOEXEC) = 3
14:15:41.563865 openat(AT_FDCWD, "/usr/share/fonts/truetype/noto/NotoSansSinhala-Bold.ttf", O_RDONLY|O_CLOEXEC) = 3
14:15:41.564023 openat(AT_FDCWD, "/usr/share/fonts/truetype/noto/NotoSansSinhala-Regular.ttf", O_RDONLY|O_CLOEXEC) = 3
14:15:41.564172 openat(AT_FDCWD, "/usr/share/fonts/truetype/noto/NotoSansSogdian-Regular.ttf", O_RDONLY|O_CLOEXEC) = 3
14:15:41.564321 openat(AT_FDCWD, "/usr/share/fonts/truetype/noto/NotoSansSoraSompeng-Bold.ttf", O_RDONLY|O_CLOEXEC) = 3
14:15:41.564461 openat(AT_FDCWD, "/usr/share/fonts/truetype/noto/NotoSansSoraSompeng-Regular.ttf", O_RDONLY|O_CLOEXEC) = 3
14:15:41.564599 openat(AT_FDCWD, "/usr/share/fonts/truetype/noto/NotoSansSoyombo-Regular.ttf", O_RDONLY|O_CLOEXEC) = 3
14:15:41.564760 openat(AT_FDCWD, "/usr/share/fonts/truetype/noto/NotoSansSundanese-Bold.ttf", O_RDONLY|O_CLOEXEC) = 3
14:15:41.564904 openat(AT_FDCWD, "/usr/share/fonts/truetype/noto/NotoSansSundanese-Regular.ttf", O_RDONLY|O_CLOEXEC) = 3
14:15:41.565047 openat(AT_FDCWD, "/usr/share/fonts/truetype/noto/NotoSansSylotiNagri-Regular.ttf", O_RDONLY|O_CLOEXEC) = 3
14:15:41.565188 openat(AT_FDCWD, "/usr/share/fonts/truetype/noto/NotoSansSymbols-Bold.ttf", O_RDONLY|O_CLOEXEC) = 3
14:15:41.565335 openat(AT_FDCWD, "/usr/share/fonts/truetype/noto/NotoSansSymbols-Regular.ttf", O_RDONLY|O_CLOEXEC) = 3
14:15:41.565483 openat(AT_FDCWD, "/usr/share/fonts/truetype/noto/NotoSansSymbols2-Regular.ttf", O_RDONLY|O_CLOEXEC) = 3
14:15:41.565632 openat(AT_FDCWD, "/usr/share/fonts/truetype/noto/NotoSansSyriac-Regular.ttf", O_RDONLY|O_CLOEXEC) = 3
14:15:41.565785 openat(AT_FDCWD, "/usr/share/fonts/truetype/noto/NotoSansTagalog-Regular.ttf", O_RDONLY|O_CLOEXEC) = 3
14:15:41.565928 openat(AT_FDCWD, "/usr/share/fonts/truetype/noto/NotoSansTagbanwa-Regular.ttf", O_RDONLY|O_CLOEXEC) = 3
14:15:41.566070 openat(AT_FDCWD, "/usr/share/fonts/truetype/noto/NotoSansTaiLe-Regular.ttf", O_RDONLY|O_CLOEXEC) = 3
14:15:41.566210 openat(AT_FDCWD, "/usr/share/fonts/truetype/noto/NotoSansTaiTham-Bold.ttf", O_RDONLY|O_CLOEXEC) = 3
14:15:41.566356 openat(AT_FDCWD, "/usr/share/fonts/truetype/noto/NotoSansTaiTham-Regular.ttf", O_RDONLY|O_CLOEXEC) = 3
14:15:41.566503 openat(AT_FDCWD, "/usr/share/fonts/truetype/noto/NotoSansTaiViet-Regular.ttf", O_RDONLY|O_CLOEXEC) = 3
14:15:41.566644 openat(AT_FDCWD, "/usr/share/fonts/truetype/noto/NotoSansTakri-Regular.ttf", O_RDONLY|O_CLOEXEC) = 3
14:15:41.566784 openat(AT_FDCWD, "/usr/share/fonts/truetype/noto/NotoSansTamil-Bold.ttf", O_RDONLY|O_CLOEXEC) = 3
14:15:41.566946 openat(AT_FDCWD, "/usr/share/fonts/truetype/noto/NotoSansTamil-Regular.ttf", O_RDONLY|O_CLOEXEC) = 3
14:15:41.567097 openat(AT_FDCWD, "/usr/share/fonts/truetype/noto/NotoSansTamilSupplement-Regular.ttf", O_RDONLY|O_CLOEXEC) = 3
14:15:41.567237 openat(AT_FDCWD, "/usr/share/fonts/truetype/noto/NotoSansTelugu-Bold.ttf", O_RDONLY|O_CLOEXEC) = 3
14:15:41.567386 openat(AT_FDCWD, "/usr/share/fonts/truetype/noto/NotoSansTelugu-Regular.ttf", O_RDONLY|O_CLOEXEC) = 3
14:15:41.567535 openat(AT_FDCWD, "/usr/share/fonts/truetype/noto/NotoSansThaana-Bold.ttf", O_RDONLY|O_CLOEXEC) = 3
14:15:41.567675 openat(AT_FDCWD, "/usr/share/fonts/truetype/noto/NotoSansThaana-Regular.ttf", O_RDONLY|O_CLOEXEC) = 3
14:15:41.567876 openat(AT_FDCWD, "/usr/share/fonts/truetype/noto/NotoSansThai-Bold.ttf", O_RDONLY|O_CLOEXEC) = 3
14:15:41.568049 openat(AT_FDCWD, "/usr/share/fonts/truetype/noto/NotoSansThai-Regular.ttf", O_RDONLY|O_CLOEXEC) = 3
14:15:41.568206 openat(AT_FDCWD, "/usr/share/fonts/truetype/noto/NotoSansTifinagh-Regular.ttf", O_RDONLY|O_CLOEXEC) = 3
14:15:41.568361 openat(AT_FDCWD, "/usr/share/fonts/truetype/noto/NotoSansTifinaghAPT-Regular.ttf", O_RDONLY|O_CLOEXEC) = 3
14:15:41.568516 openat(AT_FDCWD, "/usr/share/fonts/truetype/noto/NotoSansTifinaghAdrar-Regular.ttf", O_RDONLY|O_CLOEXEC) = 3
14:15:41.568671 openat(AT_FDCWD, "/usr/share/fonts/truetype/noto/NotoSansTifinaghAgrawImazighen-Regular.ttf", O_RDONLY|O_CLOEXEC) = 3
14:15:41.568816 openat(AT_FDCWD, "/usr/share/fonts/truetype/noto/NotoSansTifinaghAhaggar-Regular.ttf", O_RDONLY|O_CLOEXEC) = 3
14:15:41.568967 openat(AT_FDCWD, "/usr/share/fonts/truetype/noto/NotoSansTifinaghAir-Regular.ttf", O_RDONLY|O_CLOEXEC) = 3
14:15:41.569111 openat(AT_FDCWD, "/usr/share/fonts/truetype/noto/NotoSansTifinaghAzawagh-Regular.ttf", O_RDONLY|O_CLOEXEC) = 3
14:15:41.569255 openat(AT_FDCWD, "/usr/share/fonts/truetype/noto/NotoSansTifinaghGhat-Regular.ttf", O_RDONLY|O_CLOEXEC) = 3
14:15:41.569397 openat(AT_FDCWD, "/usr/share/fonts/truetype/noto/NotoSansTifinaghHawad-Regular.ttf", O_RDONLY|O_CLOEXEC) = 3
14:15:41.569539 openat(AT_FDCWD, "/usr/share/fonts/truetype/noto/NotoSansTifinaghRhissaIxa-Regular.ttf", O_RDONLY|O_CLOEXEC) = 3
14:15:41.569684 openat(AT_FDCWD, "/usr/share/fonts/truetype/noto/NotoSansTifinaghSIL-Regular.ttf", O_RDONLY|O_CLOEXEC) = 3
14:15:41.569843 openat(AT_FDCWD, "/usr/share/fonts/truetype/noto/NotoSansTifinaghTawellemmet-Regular.ttf", O_RDONLY|O_CLOEXEC) = 3
14:15:41.569997 openat(AT_FDCWD, "/usr/share/fonts/truetype/noto/NotoSansTirhuta-Regular.ttf", O_RDONLY|O_CLOEXEC) = 3
14:15:41.570147 openat(AT_FDCWD, "/usr/share/fonts/truetype/noto/NotoSansUgaritic-Regular.ttf", O_RDONLY|O_CLOEXEC) = 3
14:15:41.570287 openat(AT_FDCWD, "/usr/share/fonts/truetype/noto/NotoSansVai-Regular.ttf", O_RDONLY|O_CLOEXEC) = 3
14:15:41.570435 openat(AT_FDCWD, "/usr/share/fonts/truetype/noto/NotoSansWancho-Regular.ttf", O_RDONLY|O_CLOEXEC) = 3
14:15:41.570576 openat(AT_FDCWD, "/usr/share/fonts/truetype/noto/NotoSansWarangCiti-Regular.ttf", O_RDONLY|O_CLOEXEC) = 3
14:15:41.570719 openat(AT_FDCWD, "/usr/share/fonts/truetype/noto/NotoSansYi-Regular.ttf", O_RDONLY|O_CLOEXEC) = 3
14:15:41.570872 openat(AT_FDCWD, "/usr/share/fonts/truetype/noto/NotoSansZanabazarSquare-Regular.ttf", O_RDONLY|O_CLOEXEC) = 3
14:15:41.571022 openat(AT_FDCWD, "/usr/share/fonts/truetype/noto/NotoSerif-Bold.ttf", O_RDONLY|O_CLOEXEC) = 3
14:15:41.571180 openat(AT_FDCWD, "/usr/share/fonts/truetype/noto/NotoSerif-BoldItalic.ttf", O_RDONLY|O_CLOEXEC) = 3
14:15:41.571339 openat(AT_FDCWD, "/usr/share/fonts/truetype/noto/NotoSerif-Italic.ttf", O_RDONLY|O_CLOEXEC) = 3
14:15:41.571497 openat(AT_FDCWD, "/usr/share/fonts/truetype/noto/NotoSerif-Regular.ttf", O_RDONLY|O_CLOEXEC) = 3
14:15:41.571655 openat(AT_FDCWD, "/usr/share/fonts/truetype/noto/NotoSerifAhom-Regular.ttf", O_RDONLY|O_CLOEXEC) = 3
14:15:41.571797 openat(AT_FDCWD, "/usr/share/fonts/truetype/noto/NotoSerifArmenian-Bold.ttf", O_RDONLY|O_CLOEXEC) = 3
14:15:41.571945 openat(AT_FDCWD, "/usr/share/fonts/truetype/noto/NotoSerifArmenian-Regular.ttf", O_RDONLY|O_CLOEXEC) = 3
14:15:41.572090 openat(AT_FDCWD, "/usr/share/fonts/truetype/noto/NotoSerifBalinese-Regular.ttf", O_RDONLY|O_CLOEXEC) = 3
14:15:41.572234 openat(AT_FDCWD, "/usr/share/fonts/truetype/noto/NotoSerifBengali-Bold.ttf", O_RDONLY|O_CLOEXEC) = 3
14:15:41.572388 openat(AT_FDCWD, "/usr/share/fonts/truetype/noto/NotoSerifBengali-Regular.ttf", O_RDONLY|O_CLOEXEC) = 3
14:15:41.572537 openat(AT_FDCWD, "/usr/share/fonts/truetype/noto/NotoSerifDevanagari-Bold.ttf", O_RDONLY|O_CLOEXEC) = 3
14:15:41.572694 openat(AT_FDCWD, "/usr/share/fonts/truetype/noto/NotoSerifDevanagari-Regular.ttf", O_RDONLY|O_CLOEXEC) = 3
14:15:41.572850 openat(AT_FDCWD, "/usr/share/fonts/truetype/noto/NotoSerifDisplay-Bold.ttf", O_RDONLY|O_CLOEXEC) = 3
14:15:41.573014 openat(AT_FDCWD, "/usr/share/fonts/truetype/noto/NotoSerifDisplay-BoldItalic.ttf", O_RDONLY|O_CLOEXEC) = 3
14:15:41.573170 openat(AT_FDCWD, "/usr/share/fonts/truetype/noto/NotoSerifDisplay-Italic.ttf", O_RDONLY|O_CLOEXEC) = 3
14:15:41.573327 openat(AT_FDCWD, "/usr/share/fonts/truetype/noto/NotoSerifDisplay-Regular.ttf", O_RDONLY|O_CLOEXEC) = 3
14:15:41.573484 openat(AT_FDCWD, "/usr/share/fonts/truetype/noto/NotoSerifDogra-Regular.ttf", O_RDONLY|O_CLOEXEC) = 3
14:15:41.573626 openat(AT_FDCWD, "/usr/share/fonts/truetype/noto/NotoSerifEthiopic-Bold.ttf", O_RDONLY|O_CLOEXEC) = 3
14:15:41.573779 openat(AT_FDCWD, "/usr/share/fonts/truetype/noto/NotoSerifEthiopic-Regular.ttf", O_RDONLY|O_CLOEXEC) = 3
14:15:41.573949 openat(AT_FDCWD, "/usr/share/fonts/truetype/noto/NotoSerifGeorgian-Bold.ttf", O_RDONLY|O_CLOEXEC) = 3
14:15:41.574097 openat(AT_FDCWD, "/usr/share/fonts/truetype/noto/NotoSerifGeorgian-Regular.ttf", O_RDONLY|O_CLOEXEC) = 3
14:15:41.574242 openat(AT_FDCWD, "/usr/share/fonts/truetype/noto/NotoSerifGrantha-Regular.ttf", O_RDONLY|O_CLOEXEC) = 3
14:15:41.574397 openat(AT_FDCWD, "/usr/share/fonts/truetype/noto/NotoSerifGujarati-Bold.ttf", O_RDONLY|O_CLOEXEC) = 3
14:15:41.574546 openat(AT_FDCWD, "/usr/share/fonts/truetype/noto/NotoSerifGujarati-Regular.ttf", O_RDONLY|O_CLOEXEC) = 3
14:15:41.574695 openat(AT_FDCWD, "/usr/share/fonts/truetype/noto/NotoSerifGurmukhi-Bold.ttf", O_RDONLY|O_CLOEXEC) = 3
14:15:41.574840 openat(AT_FDCWD, "/usr/share/fonts/truetype/noto/NotoSerifGurmukhi-Regular.ttf", O_RDONLY|O_CLOEXEC) = 3
14:15:41.575012 openat(AT_FDCWD, "/usr/share/fonts/truetype/noto/NotoSerifHebrew-Bold.ttf", O_RDONLY|O_CLOEXEC) = 3
14:15:41.575157 openat(AT_FDCWD, "/usr/share/fonts/truetype/noto/NotoSerifHebrew-Regular.ttf", O_RDONLY|O_CLOEXEC) = 3
14:15:41.575317 openat(AT_FDCWD, "/usr/share/fonts/truetype/noto/NotoSerifKannada-Bold.ttf", O_RDONLY|O_CLOEXEC) = 3
14:15:41.575493 openat(AT_FDCWD, "/usr/share/fonts/truetype/noto/NotoSerifKannada-Regular.ttf", O_RDONLY|O_CLOEXEC) = 3
14:15:41.575667 openat(AT_FDCWD, "/usr/share/fonts/truetype/noto/NotoSerifKhmer-Bold.ttf", O_RDONLY|O_CLOEXEC) = 3
14:15:41.575833 openat(AT_FDCWD, "/usr/share/fonts/truetype/noto/NotoSerifKhmer-Regular.ttf", O_RDONLY|O_CLOEXEC) = 3
14:15:41.576011 openat(AT_FDCWD, "/usr/share/fonts/truetype/noto/NotoSerifKhojki-Bold.ttf", O_RDONLY|O_CLOEXEC) = 3
14:15:41.576184 openat(AT_FDCWD, "/usr/share/fonts/truetype/noto/NotoSerifKhojki-Regular.ttf", O_RDONLY|O_CLOEXEC) = 3
14:15:41.576355 openat(AT_FDCWD, "/usr/share/fonts/truetype/noto/NotoSerifLao-Bold.ttf", O_RDONLY|O_CLOEXEC) = 3
14:15:41.576501 openat(AT_FDCWD, "/usr/share/fonts/truetype/noto/NotoSerifLao-Regular.ttf", O_RDONLY|O_CLOEXEC) = 3
14:15:41.576646 openat(AT_FDCWD, "/usr/share/fonts/truetype/noto/NotoSerifMalayalam-Bold.ttf", O_RDONLY|O_CLOEXEC) = 3
14:15:41.576798 openat(AT_FDCWD, "/usr/share/fonts/truetype/noto/NotoSerifMalayalam-Regular.ttf", O_RDONLY|O_CLOEXEC) = 3
14:15:41.576955 openat(AT_FDCWD, "/usr/share/fonts/truetype/noto/NotoSerifMyanmar-Bold.ttf", O_RDONLY|O_CLOEXEC) = 3
14:15:41.577111 openat(AT_FDCWD, "/usr/share/fonts/truetype/noto/NotoSerifMyanmar-Regular.ttf", O_RDONLY|O_CLOEXEC) = 3
14:15:41.577264 openat(AT_FDCWD, "/usr/share/fonts/truetype/noto/NotoSerifNyiakengPuachueHmong-Bold.ttf", O_RDONLY|O_CLOEXEC) = 3
14:15:41.577406 openat(AT_FDCWD, "/usr/share/fonts/truetype/noto/NotoSerifNyiakengPuachueHmong-Regular.ttf", O_RDONLY|O_CLOEXEC) = 3
14:15:41.577549 openat(AT_FDCWD, "/usr/share/fonts/truetype/noto/NotoSerifSinhala-Bold.ttf", O_RDONLY|O_CLOEXEC) = 3
14:15:41.577700 openat(AT_FDCWD, "/usr/share/fonts/truetype/noto/NotoSerifSinhala-Regular.ttf", O_RDONLY|O_CLOEXEC) = 3
14:15:41.577851 openat(AT_FDCWD, "/usr/share/fonts/truetype/noto/NotoSerifTamil-Bold.ttf", O_RDONLY|O_CLOEXEC) = 3
14:15:41.578007 openat(AT_FDCWD, "/usr/share/fonts/truetype/noto/NotoSerifTamil-Regular.ttf", O_RDONLY|O_CLOEXEC) = 3
14:15:41.578158 openat(AT_FDCWD, "/usr/share/fonts/truetype/noto/NotoSerifTamilSlanted-Bold.ttf", O_RDONLY|O_CLOEXEC) = 3
14:15:41.578307 openat(AT_FDCWD, "/usr/share/fonts/truetype/noto/NotoSerifTamilSlanted-Regular.ttf", O_RDONLY|O_CLOEXEC) = 3
14:15:41.578455 openat(AT_FDCWD, "/usr/share/fonts/truetype/noto/NotoSerifTangut-Regular.ttf", O_RDONLY|O_CLOEXEC) = 3
14:15:41.578618 openat(AT_FDCWD, "/usr/share/fonts/truetype/noto/NotoSerifTelugu-Bold.ttf", O_RDONLY|O_CLOEXEC) = 3
14:15:41.578770 openat(AT_FDCWD, "/usr/share/fonts/truetype/noto/NotoSerifTelugu-Regular.ttf", O_RDONLY|O_CLOEXEC) = 3
14:15:41.578924 openat(AT_FDCWD, "/usr/share/fonts/truetype/noto/NotoSerifThai-Bold.ttf", O_RDONLY|O_CLOEXEC) = 3
14:15:41.579070 openat(AT_FDCWD, "/usr/share/fonts/truetype/noto/NotoSerifThai-Regular.ttf", O_RDONLY|O_CLOEXEC) = 3
14:15:41.579213 openat(AT_FDCWD, "/usr/share/fonts/truetype/noto/NotoSerifTibetan-Bold.ttf", O_RDONLY|O_CLOEXEC) = 3
14:15:41.579370 openat(AT_FDCWD, "/usr/share/fonts/truetype/noto/NotoSerifTibetan-Regular.ttf", O_RDONLY|O_CLOEXEC) = 3
14:15:41.579520 openat(AT_FDCWD, "/usr/share/fonts/truetype/noto/NotoSerifYezidi-Bold.ttf", O_RDONLY|O_CLOEXEC) = 3
14:15:41.579662 openat(AT_FDCWD, "/usr/share/fonts/truetype/noto/NotoSerifYezidi-Regular.ttf", O_RDONLY|O_CLOEXEC) = 3
14:15:41.579802 openat(AT_FDCWD, "/usr/share/fonts/truetype/noto/NotoTraditionalNushu-Regular.ttf", O_RDONLY|O_CLOEXEC) = 3
14:15:41.579957 openat(AT_FDCWD, "/usr/share/fonts/truetype/noto/NotoColorEmoji.ttf", O_RDONLY|O_CLOEXEC) = 3
14:15:41.580112 openat(AT_FDCWD, "/usr/share/fonts/truetype/ubuntu/Ubuntu[wdth,wght].ttf", O_RDONLY|O_CLOEXEC) = 3
14:15:41.580267 openat(AT_FDCWD, "/usr/share/fonts/truetype/ubuntu/Ubuntu-Italic[wdth,wght].ttf", O_RDONLY|O_CLOEXEC) = 3
14:15:41.580441 openat(AT_FDCWD, "/usr/share/fonts/truetype/ubuntu/UbuntuMono[wght].ttf", O_RDONLY|O_CLOEXEC) = 3
14:15:41.580596 openat(AT_FDCWD, "/usr/share/fonts/truetype/ubuntu/UbuntuMono-Italic[wght].ttf", O_RDONLY|O_CLOEXEC) = 3
14:15:41.580748 openat(AT_FDCWD, "/usr/share/fonts/truetype/ubuntu/UbuntuSans-Italic[wdth,wght].ttf", O_RDONLY|O_CLOEXEC) = 3
14:15:41.580915 openat(AT_FDCWD, "/usr/share/fonts/truetype/ubuntu/UbuntuSansMono-Italic[wght].ttf", O_RDONLY|O_CLOEXEC) = 3
14:15:41.581069 openat(AT_FDCWD, "/usr/share/fonts/truetype/ubuntu/UbuntuSansMono[wght].ttf", O_RDONLY|O_CLOEXEC) = 3
14:15:41.581223 openat(AT_FDCWD, "/usr/share/fonts/truetype/ubuntu/UbuntuSans[wdth,wght].ttf", O_RDONLY|O_CLOEXEC) = 3
14:15:41.581384 openat(AT_FDCWD, "/usr/share/fonts/truetype/tuffy/tuffy_bold.ttf", O_RDONLY|O_CLOEXEC) = 3
14:15:41.581537 openat(AT_FDCWD, "/usr/share/fonts/truetype/tuffy/tuffy_bold_italic.ttf", O_RDONLY|O_CLOEXEC) = 3
14:15:41.581687 openat(AT_FDCWD, "/usr/share/fonts/truetype/tuffy/tuffy_italic.ttf", O_RDONLY|O_CLOEXEC) = 3
14:15:41.581847 openat(AT_FDCWD, "/usr/share/fonts/truetype/tuffy/tuffy_regular.ttf", O_RDONLY|O_CLOEXEC) = 3
14:15:41.582038 openat(AT_FDCWD, "/usr/share/fonts/truetype/lyx/cmex10.ttf", O_RDONLY|O_CLOEXEC) = 3
14:15:41.582191 openat(AT_FDCWD, "/usr/share/fonts/truetype/lyx/cmmi10.ttf", O_RDONLY|O_CLOEXEC) = 3
14:15:41.582344 openat(AT_FDCWD, "/usr/share/fonts/truetype/lyx/cmr10.ttf", O_RDONLY|O_CLOEXEC) = 3
14:15:41.582497 openat(AT_FDCWD, "/usr/share/fonts/truetype/lyx/cmsy10.ttf", O_RDONLY|O_CLOEXEC) = 3
14:15:41.582657 openat(AT_FDCWD, "/usr/share/fonts/truetype/lyx/dsrom10.ttf", O_RDONLY|O_CLOEXEC) = 3
14:15:41.582810 openat(AT_FDCWD, "/usr/share/fonts/truetype/lyx/esint10.ttf", O_RDONLY|O_CLOEXEC) = 3
14:15:41.582970 openat(AT_FDCWD, "/usr/share/fonts/truetype/lyx/eufm10.ttf", O_RDONLY|O_CLOEXEC) = 3
14:15:41.583130 openat(AT_FDCWD, "/usr/share/fonts/truetype/lyx/msam10.ttf", O_RDONLY|O_CLOEXEC) = 3
14:15:41.583288 openat(AT_FDCWD, "/usr/share/fonts/truetype/lyx/msbm10.ttf", O_RDONLY|O_CLOEXEC) = 3
14:15:41.583449 openat(AT_FDCWD, "/usr/share/fonts/truetype/lyx/rsfs10.ttf", O_RDONLY|O_CLOEXEC) = 3
14:15:41.583603 openat(AT_FDCWD, "/usr/share/fonts/truetype/lyx/stmary10.ttf", O_RDONLY|O_CLOEXEC) = 3
14:15:41.583757 openat(AT_FDCWD, "/usr/share/fonts/truetype/lyx/wasy10.ttf", O_RDONLY|O_CLOEXEC) = 3
14:15:41.583924 openat(AT_FDCWD, "/usr/share/fonts/truetype/open-sans/OpenSans-Bold.ttf", O_RDONLY|O_CLOEXEC) = 3
14:15:41.584103 openat(AT_FDCWD, "/usr/share/fonts/truetype/open-sans/OpenSans-BoldItalic.ttf", O_RDONLY|O_CLOEXEC) = 3
14:15:41.584276 openat(AT_FDCWD, "/usr/share/fonts/truetype/open-sans/OpenSans-CondBold.ttf", O_RDONLY|O_CLOEXEC) = 3
14:15:41.584457 openat(AT_FDCWD, "/usr/share/fonts/truetype/open-sans/OpenSans-CondLight.ttf", O_RDONLY|O_CLOEXEC) = 3
14:15:41.584629 openat(AT_FDCWD, "/usr/share/fonts/truetype/open-sans/OpenSans-CondLightItalic.ttf", O_RDONLY|O_CLOEXEC) = 3
14:15:41.584799 openat(AT_FDCWD, "/usr/share/fonts/truetype/open-sans/OpenSans-ExtraBold.ttf", O_RDONLY|O_CLOEXEC) = 3
14:15:41.584962 openat(AT_FDCWD, "/usr/share/fonts/truetype/open-sans/OpenSans-ExtraBoldItalic.ttf", O_RDONLY|O_CLOEXEC) = 3
14:15:41.585121 openat(AT_FDCWD, "/usr/share/fonts/truetype/open-sans/OpenSans-Italic.ttf", O_RDONLY|O_CLOEXEC) = 3
14:15:41.585277 openat(AT_FDCWD, "/usr/share/fonts/truetype/open-sans/OpenSans-Light.ttf", O_RDONLY|O_CLOEXEC) = 3
14:15:41.585430 openat(AT_FDCWD, "/usr/share/fonts/truetype/open-sans/OpenSans-LightItalic.ttf", O_RDONLY|O_CLOEXEC) = 3
14:15:41.585581 openat(AT_FDCWD, "/usr/share/fonts/truetype/open-sans/OpenSans-Regular.ttf", O_RDONLY|O_CLOEXEC) = 3
14:15:41.585732 openat(AT_FDCWD, "/usr/share/fonts/truetype/open-sans/OpenSans-Semibold.ttf", O_RDONLY|O_CLOEXEC) = 3
14:15:41.585894 openat(AT_FDCWD, "/usr/share/fonts/truetype/open-sans/OpenSans-SemiboldItalic.ttf", O_RDONLY|O_CLOEXEC) = 3
14:15:41.586068 openat(AT_FDCWD, "/usr/share/fonts/truetype/lato/Lato-Black.ttf", O_RDONLY|O_CLOEXEC) = 3
14:15:41.586264 openat(AT_FDCWD, "/usr/share/fonts/truetype/lato/Lato-BlackItalic.ttf", O_RDONLY|O_CLOEXEC) = 3
14:15:41.586435 openat(AT_FDCWD, "/usr/share/fonts/truetype/lato/Lato-Bold.ttf", O_RDONLY|O_CLOEXEC) = 3
14:15:41.586603 openat(AT_FDCWD, "/usr/share/fonts/truetype/lato/Lato-BoldItalic.ttf", O_RDONLY|O_CLOEXEC) = 3
14:15:41.586772 openat(AT_FDCWD, "/usr/share/fonts/truetype/lato/Lato-Hairline.ttf", O_RDONLY|O_CLOEXEC) = 3
14:15:41.586940 openat(AT_FDCWD, "/usr/share/fonts/truetype/lato/Lato-HairlineItalic.ttf", O_RDONLY|O_CLOEXEC) = 3
14:15:41.587096 openat(AT_FDCWD, "/usr/share/fonts/truetype/lato/Lato-Heavy.ttf", O_RDONLY|O_CLOEXEC) = 3
14:15:41.587255 openat(AT_FDCWD, "/usr/share/fonts/truetype/lato/Lato-HeavyItalic.ttf", O_RDONLY|O_CLOEXEC) = 3
14:15:41.587409 openat(AT_FDCWD, "/usr/share/fonts/truetype/lato/Lato-Italic.ttf", O_RDONLY|O_CLOEXEC) = 3
14:15:41.587564 openat(AT_FDCWD, "/usr/share/fonts/truetype/lato/Lato-Light.ttf", O_RDONLY|O_CLOEXEC) = 3
14:15:41.587716 openat(AT_FDCWD, "/usr/share/fonts/truetype/lato/Lato-LightItalic.ttf", O_RDONLY|O_CLOEXEC) = 3
14:15:41.587873 openat(AT_FDCWD, "/usr/share/fonts/truetype/lato/Lato-Medium.ttf", O_RDONLY|O_CLOEXEC) = 3
14:15:41.588032 openat(AT_FDCWD, "/usr/share/fonts/truetype/lato/Lato-MediumItalic.ttf", O_RDONLY|O_CLOEXEC) = 3
14:15:41.588187 openat(AT_FDCWD, "/usr/share/fonts/truetype/lato/Lato-Regular.ttf", O_RDONLY|O_CLOEXEC) = 3
14:15:41.588340 openat(AT_FDCWD, "/usr/share/fonts/truetype/lato/Lato-Semibold.ttf", O_RDONLY|O_CLOEXEC) = 3
14:15:41.588493 openat(AT_FDCWD, "/usr/share/fonts/truetype/lato/Lato-SemiboldItalic.ttf", O_RDONLY|O_CLOEXEC) = 3
14:15:41.588652 openat(AT_FDCWD, "/usr/share/fonts/truetype/lato/Lato-Thin.ttf", O_RDONLY|O_CLOEXEC) = 3
14:15:41.588805 openat(AT_FDCWD, "/usr/share/fonts/truetype/lato/Lato-ThinItalic.ttf", O_RDONLY|O_CLOEXEC) = 3
14:15:41.588971 openat(AT_FDCWD, "/usr/share/fonts/truetype/adf/OldaniaADFStd-Bold.otf", O_RDONLY|O_CLOEXEC) = 3
14:15:41.589124 openat(AT_FDCWD, "/usr/share/fonts/truetype/adf/OldaniaADFStd-BoldItalic.otf", O_RDONLY|O_CLOEXEC) = 3
14:15:41.589270 openat(AT_FDCWD, "/usr/share/fonts/truetype/adf/OldaniaADFStd-Italic.otf", O_RDONLY|O_CLOEXEC) = 3
14:15:41.589414 openat(AT_FDCWD, "/usr/share/fonts/truetype/adf/OldaniaADFStd-Regular.otf", O_RDONLY|O_CLOEXEC) = 3
14:15:41.589560 openat(AT_FDCWD, "/usr/share/fonts/truetype/font-awesome/fontawesome-webfont.ttf", O_RDONLY|O_CLOEXEC) = 3
14:15:41.589710 openat(AT_FDCWD, "/usr/share/fonts/truetype/glyphicons/glyphicons-halflings-regular.ttf", O_RDONLY|O_CLOEXEC) = 3
14:15:41.589855 openat(AT_FDCWD, "/usr/share/fonts/truetype/gfonts/alegreya/alegreya-v13-latin-700.ttf", O_RDONLY|O_CLOEXEC) = 3
14:15:41.590008 openat(AT_FDCWD, "/usr/share/fonts/truetype/gfonts/alegreya/alegreya-v13-latin-italic.ttf", O_RDONLY|O_CLOEXEC) = 3
14:15:41.590155 openat(AT_FDCWD, "/usr/share/fonts/truetype/gfonts/alegreya/alegreya-v13-latin-regular.ttf", O_RDONLY|O_CLOEXEC) = 3
14:15:41.590301 openat(AT_FDCWD, "/usr/share/fonts/truetype/gfonts/baloo/baloo-2-v1-latin-regular.ttf", O_RDONLY|O_CLOEXEC) = 3
14:15:41.590452 openat(AT_FDCWD, "/usr/share/fonts/truetype/gfonts/happy-monkey/happy-monkey-v8-latin-regular.ttf", O_RDONLY|O_CLOEXEC) = 3
14:15:41.590599 openat(AT_FDCWD, "/usr/share/fonts/truetype/gfonts/henny-penny/henny-penny-v7-latin-regular.ttf", O_RDONLY|O_CLOEXEC) = 3
14:15:41.590748 openat(AT_FDCWD, "/usr/share/fonts/truetype/gfonts/lato/lato-v16-latin-300italic.ttf", O_RDONLY|O_CLOEXEC) = 3
14:15:41.590894 openat(AT_FDCWD, "/usr/share/fonts/truetype/gfonts/lato/lato-v16-latin-700.ttf", O_RDONLY|O_CLOEXEC) = 3
14:15:41.591045 openat(AT_FDCWD, "/usr/share/fonts/truetype/gfonts/lato/lato-v16-latin-regular.ttf", O_RDONLY|O_CLOEXEC) = 3
14:15:41.591191 openat(AT_FDCWD, "/usr/share/fonts/truetype/gfonts/montserrat/montserrat-v14-latin-300italic.ttf", O_RDONLY|O_CLOEXEC) = 3
14:15:41.591335 openat(AT_FDCWD, "/usr/share/fonts/truetype/gfonts/montserrat/montserrat-v14-latin-700.ttf", O_RDONLY|O_CLOEXEC) = 3
14:15:41.591479 openat(AT_FDCWD, "/usr/share/fonts/truetype/gfonts/montserrat/montserrat-v14-latin-regular.ttf", O_RDONLY|O_CLOEXEC) = 3
14:15:41.591638 openat(AT_FDCWD, "/usr/share/fonts/truetype/gfonts/nunito-sans/nunito-sans-v5-latin-700.ttf", O_RDONLY|O_CLOEXEC) = 3
14:15:41.591782 openat(AT_FDCWD, "/usr/share/fonts/truetype/gfonts/nunito-sans/nunito-sans-v5-latin-italic.ttf", O_RDONLY|O_CLOEXEC) = 3
14:15:41.591931 openat(AT_FDCWD, "/usr/share/fonts/truetype/gfonts/nunito-sans/nunito-sans-v5-latin-regular.ttf", O_RDONLY|O_CLOEXEC) = 3
14:15:41.592077 openat(AT_FDCWD, "/usr/share/fonts/truetype/gfonts/roboto/roboto-v20-latin-300italic.ttf", O_RDONLY|O_CLOEXEC) = 3
14:15:41.592221 openat(AT_FDCWD, "/usr/share/fonts/truetype/gfonts/roboto/roboto-v20-latin-700.ttf", O_RDONLY|O_CLOEXEC) = 3
14:15:41.592363 openat(AT_FDCWD, "/usr/share/fonts/truetype/gfonts/roboto/roboto-v20-latin-regular.ttf", O_RDONLY|O_CLOEXEC) = 3
14:15:41.592505 openat(AT_FDCWD, "/usr/share/fonts/truetype/ttf-bitstream-vera/Vera.ttf", O_RDONLY|O_CLOEXEC) = 3
14:15:41.592651 openat(AT_FDCWD, "/usr/share/fonts/truetype/ttf-bitstream-vera/VeraBI.ttf", O_RDONLY|O_CLOEXEC) = 3
14:15:41.592796 openat(AT_FDCWD, "/usr/share/fonts/truetype/ttf-bitstream-vera/VeraBd.ttf", O_RDONLY|O_CLOEXEC) = 3
14:15:41.592943 openat(AT_FDCWD, "/usr/share/fonts/truetype/ttf-bitstream-vera/VeraIt.ttf", O_RDONLY|O_CLOEXEC) = 3
14:15:41.593090 openat(AT_FDCWD, "/usr/share/fonts/truetype/ttf-bitstream-vera/VeraMoBI.ttf", O_RDONLY|O_CLOEXEC) = 3
14:15:41.593234 openat(AT_FDCWD, "/usr/share/fonts/truetype/ttf-bitstream-vera/VeraMoBd.ttf", O_RDONLY|O_CLOEXEC) = 3
14:15:41.593378 openat(AT_FDCWD, "/usr/share/fonts/truetype/ttf-bitstream-vera/VeraMoIt.ttf", O_RDONLY|O_CLOEXEC) = 3
14:15:41.593522 openat(AT_FDCWD, "/usr/share/fonts/truetype/ttf-bitstream-vera/VeraMono.ttf", O_RDONLY|O_CLOEXEC) = 3
14:15:41.593664 openat(AT_FDCWD, "/usr/share/fonts/truetype/ttf-bitstream-vera/VeraSe.ttf", O_RDONLY|O_CLOEXEC) = 3
14:15:41.593806 openat(AT_FDCWD, "/usr/share/fonts/truetype/ttf-bitstream-vera/VeraSeBd.ttf", O_RDONLY|O_CLOEXEC) = 3
14:15:41.593956 openat(AT_FDCWD, "/home/dikluwe/.local/share/fonts/AdwaitaMono/AdwaitaMonoNerdFont-BoldItalic.ttf", O_RDONLY|O_CLOEXEC) = 3
14:15:41.594133 openat(AT_FDCWD, "/home/dikluwe/.local/share/fonts/AdwaitaMono/AdwaitaMonoNerdFontMono-Regular.ttf", O_RDONLY|O_CLOEXEC) = 3
14:15:41.594300 openat(AT_FDCWD, "/home/dikluwe/.local/share/fonts/AdwaitaMono/AdwaitaMonoNerdFont-Regular.ttf", O_RDONLY|O_CLOEXEC) = 3
14:15:41.594470 openat(AT_FDCWD, "/home/dikluwe/.local/share/fonts/AdwaitaMono/AdwaitaMonoNerdFontPropo-Regular.ttf", O_RDONLY|O_CLOEXEC) = 3
14:15:41.594639 openat(AT_FDCWD, "/home/dikluwe/.local/share/fonts/AdwaitaMono/AdwaitaMonoNerdFontMono-BoldItalic.ttf", O_RDONLY|O_CLOEXEC) = 3
14:15:41.594810 openat(AT_FDCWD, "/home/dikluwe/.local/share/fonts/AdwaitaMono/AdwaitaMonoNerdFont-Bold.ttf", O_RDONLY|O_CLOEXEC) = 3
14:15:41.595029 openat(AT_FDCWD, "/home/dikluwe/.local/share/fonts/AdwaitaMono/AdwaitaMonoNerdFontPropo-Italic.ttf", O_RDONLY|O_CLOEXEC) = 3
14:15:41.595235 openat(AT_FDCWD, "/home/dikluwe/.local/share/fonts/AdwaitaMono/AdwaitaMonoNerdFontPropo-Bold.ttf", O_RDONLY|O_CLOEXEC) = 3
14:15:41.595431 openat(AT_FDCWD, "/home/dikluwe/.local/share/fonts/AdwaitaMono/AdwaitaMonoNerdFontPropo-BoldItalic.ttf", O_RDONLY|O_CLOEXEC) = 3
14:15:41.595625 openat(AT_FDCWD, "/home/dikluwe/.local/share/fonts/AdwaitaMono/AdwaitaMonoNerdFont-Italic.ttf", O_RDONLY|O_CLOEXEC) = 3
14:15:41.595818 openat(AT_FDCWD, "/home/dikluwe/.local/share/fonts/AdwaitaMono/AdwaitaMonoNerdFontMono-Italic.ttf", O_RDONLY|O_CLOEXEC) = 3
14:15:41.596014 openat(AT_FDCWD, "/home/dikluwe/.local/share/fonts/AdwaitaMono/AdwaitaMonoNerdFontMono-Bold.ttf", O_RDONLY|O_CLOEXEC) = 3
14:15:41.596177 openat(AT_FDCWD, "/home/dikluwe/.local/share/fonts/Agave/AgaveNerdFont-Bold.ttf", O_RDONLY|O_CLOEXEC) = 3
14:15:41.596340 openat(AT_FDCWD, "/home/dikluwe/.local/share/fonts/Agave/AgaveNerdFontMono-Regular.ttf", O_RDONLY|O_CLOEXEC) = 3
14:15:41.596530 openat(AT_FDCWD, "/home/dikluwe/.local/share/fonts/Agave/AgaveNerdFontMono-Bold.ttf", O_RDONLY|O_CLOEXEC) = 3
14:15:41.596698 openat(AT_FDCWD, "/home/dikluwe/.local/share/fonts/Agave/AgaveNerdFontPropo-Bold.ttf", O_RDONLY|O_CLOEXEC) = 3
14:15:41.596867 openat(AT_FDCWD, "/home/dikluwe/.local/share/fonts/Agave/AgaveNerdFont-Regular.ttf", O_RDONLY|O_CLOEXEC) = 3
14:15:41.597039 openat(AT_FDCWD, "/home/dikluwe/.local/share/fonts/Agave/AgaveNerdFontPropo-Regular.ttf", O_RDONLY|O_CLOEXEC) = 3
14:15:41.597200 openat(AT_FDCWD, "/home/dikluwe/.local/share/fonts/Arimo/ArimoNerdFont-Italic.ttf", O_RDONLY|O_CLOEXEC) = 3
14:15:41.597368 openat(AT_FDCWD, "/home/dikluwe/.local/share/fonts/Arimo/ArimoNerdFontPropo-Italic.ttf", O_RDONLY|O_CLOEXEC) = 3
14:15:41.597542 openat(AT_FDCWD, "/home/dikluwe/.local/share/fonts/Arimo/ArimoNerdFont-BoldItalic.ttf", O_RDONLY|O_CLOEXEC) = 3
14:15:41.597707 openat(AT_FDCWD, "/home/dikluwe/.local/share/fonts/Arimo/ArimoNerdFontPropo-BoldItalic.ttf", O_RDONLY|O_CLOEXEC) = 3
14:15:41.597872 openat(AT_FDCWD, "/home/dikluwe/.local/share/fonts/Arimo/ArimoNerdFontPropo-Regular.ttf", O_RDONLY|O_CLOEXEC) = 3
14:15:41.598048 openat(AT_FDCWD, "/home/dikluwe/.local/share/fonts/Arimo/ArimoNerdFont-Regular.ttf", O_RDONLY|O_CLOEXEC) = 3
14:15:41.598221 openat(AT_FDCWD, "/home/dikluwe/.local/share/fonts/Arimo/ArimoNerdFontPropo-Bold.ttf", O_RDONLY|O_CLOEXEC) = 3
14:15:41.598384 openat(AT_FDCWD, "/home/dikluwe/.local/share/fonts/Arimo/ArimoNerdFont-Bold.ttf", O_RDONLY|O_CLOEXEC) = 3
14:15:41.598551 openat(AT_FDCWD, "/home/dikluwe/.local/share/fonts/CodeNewRoman/CodeNewRomanNerdFont-Italic.otf", O_RDONLY|O_CLOEXEC) = 3
14:15:41.598733 openat(AT_FDCWD, "/home/dikluwe/.local/share/fonts/CodeNewRoman/CodeNewRomanNerdFontPropo-Italic.otf", O_RDONLY|O_CLOEXEC) = 3
14:15:41.598923 openat(AT_FDCWD, "/home/dikluwe/.local/share/fonts/CodeNewRoman/CodeNewRomanNerdFontMono-Italic.otf", O_RDONLY|O_CLOEXEC) = 3
14:15:41.599115 openat(AT_FDCWD, "/home/dikluwe/.local/share/fonts/CodeNewRoman/CodeNewRomanNerdFontPropo-Regular.otf", O_RDONLY|O_CLOEXEC) = 3
14:15:41.599375 openat(AT_FDCWD, "/home/dikluwe/.local/share/fonts/CodeNewRoman/CodeNewRomanNerdFontMono-Regular.otf", O_RDONLY|O_CLOEXEC) = 3
14:15:41.599586 openat(AT_FDCWD, "/home/dikluwe/.local/share/fonts/CodeNewRoman/CodeNewRomanNerdFont-Regular.otf", O_RDONLY|O_CLOEXEC) = 3
14:15:41.599789 openat(AT_FDCWD, "/home/dikluwe/.local/share/fonts/CodeNewRoman/CodeNewRomanNerdFont-Bold.otf", O_RDONLY|O_CLOEXEC) = 3
14:15:41.599985 openat(AT_FDCWD, "/home/dikluwe/.local/share/fonts/CodeNewRoman/CodeNewRomanNerdFontPropo-Bold.otf", O_RDONLY|O_CLOEXEC) = 3
14:15:41.600169 openat(AT_FDCWD, "/home/dikluwe/.local/share/fonts/CodeNewRoman/CodeNewRomanNerdFontMono-Bold.otf", O_RDONLY|O_CLOEXEC) = 3
14:15:41.600355 openat(AT_FDCWD, "/home/dikluwe/.local/share/fonts/CommitMono/CommitMonoNerdFontMono-BoldItalic.otf", O_RDONLY|O_CLOEXEC) = 3
14:15:41.600539 openat(AT_FDCWD, "/home/dikluwe/.local/share/fonts/CommitMono/CommitMonoNerdFontPropo-Regular.otf", O_RDONLY|O_CLOEXEC) = 3
14:15:41.600722 openat(AT_FDCWD, "/home/dikluwe/.local/share/fonts/CommitMono/CommitMonoNerdFont-Regular.otf", O_RDONLY|O_CLOEXEC) = 3
14:15:41.600907 openat(AT_FDCWD, "/home/dikluwe/.local/share/fonts/CommitMono/CommitMonoNerdFontMono-Regular.otf", O_RDONLY|O_CLOEXEC) = 3
14:15:41.601086 openat(AT_FDCWD, "/home/dikluwe/.local/share/fonts/CommitMono/CommitMonoNerdFont-Italic.otf", O_RDONLY|O_CLOEXEC) = 3
14:15:41.601254 openat(AT_FDCWD, "/home/dikluwe/.local/share/fonts/CommitMono/CommitMonoNerdFontMono-Bold.otf", O_RDONLY|O_CLOEXEC) = 3
14:15:41.601420 openat(AT_FDCWD, "/home/dikluwe/.local/share/fonts/CommitMono/CommitMonoNerdFontPropo-Italic.otf", O_RDONLY|O_CLOEXEC) = 3
14:15:41.601598 openat(AT_FDCWD, "/home/dikluwe/.local/share/fonts/CommitMono/CommitMonoNerdFont-Bold.otf", O_RDONLY|O_CLOEXEC) = 3
14:15:41.601777 openat(AT_FDCWD, "/home/dikluwe/.local/share/fonts/CommitMono/CommitMonoNerdFontPropo-Bold.otf", O_RDONLY|O_CLOEXEC) = 3
14:15:41.601967 openat(AT_FDCWD, "/home/dikluwe/.local/share/fonts/CommitMono/CommitMonoNerdFont-BoldItalic.otf", O_RDONLY|O_CLOEXEC) = 3
14:15:41.602140 openat(AT_FDCWD, "/home/dikluwe/.local/share/fonts/CommitMono/CommitMonoNerdFontPropo-BoldItalic.otf", O_RDONLY|O_CLOEXEC) = 3
14:15:41.602338 openat(AT_FDCWD, "/home/dikluwe/.local/share/fonts/CommitMono/CommitMonoNerdFontMono-Italic.otf", O_RDONLY|O_CLOEXEC) = 3
14:15:41.602515 openat(AT_FDCWD, "/home/dikluwe/.local/share/fonts/FiraCode/FiraCodeNerdFontMono-SemiBold.ttf", O_RDONLY|O_CLOEXEC) = 3
14:15:41.602680 openat(AT_FDCWD, "/home/dikluwe/.local/share/fonts/FiraCode/FiraCodeNerdFont-SemiBold.ttf", O_RDONLY|O_CLOEXEC) = 3
14:15:41.602843 openat(AT_FDCWD, "/home/dikluwe/.local/share/fonts/FiraCode/FiraCodeNerdFontPropo-SemiBold.ttf", O_RDONLY|O_CLOEXEC) = 3
14:15:41.603013 openat(AT_FDCWD, "/home/dikluwe/.local/share/fonts/FiraCode/FiraCodeNerdFontPropo-Regular.ttf", O_RDONLY|O_CLOEXEC) = 3
14:15:41.603177 openat(AT_FDCWD, "/home/dikluwe/.local/share/fonts/FiraCode/FiraCodeNerdFont-Regular.ttf", O_RDONLY|O_CLOEXEC) = 3
14:15:41.603341 openat(AT_FDCWD, "/home/dikluwe/.local/share/fonts/FiraCode/FiraCodeNerdFontMono-Regular.ttf", O_RDONLY|O_CLOEXEC) = 3
14:15:41.603503 openat(AT_FDCWD, "/home/dikluwe/.local/share/fonts/FiraCode/FiraCodeNerdFontPropo-Retina.ttf", O_RDONLY|O_CLOEXEC) = 3
14:15:41.603664 openat(AT_FDCWD, "/home/dikluwe/.local/share/fonts/FiraCode/FiraCodeNerdFontMono-Retina.ttf", O_RDONLY|O_CLOEXEC) = 3
14:15:41.603827 openat(AT_FDCWD, "/home/dikluwe/.local/share/fonts/FiraCode/FiraCodeNerdFont-Retina.ttf", O_RDONLY|O_CLOEXEC) = 3
14:15:41.603996 openat(AT_FDCWD, "/home/dikluwe/.local/share/fonts/FiraCode/FiraCodeNerdFontMono-Medium.ttf", O_RDONLY|O_CLOEXEC) = 3
14:15:41.604160 openat(AT_FDCWD, "/home/dikluwe/.local/share/fonts/FiraCode/FiraCodeNerdFont-Medium.ttf", O_RDONLY|O_CLOEXEC) = 3
14:15:41.604325 openat(AT_FDCWD, "/home/dikluwe/.local/share/fonts/FiraCode/FiraCodeNerdFontPropo-Medium.ttf", O_RDONLY|O_CLOEXEC) = 3
14:15:41.604488 openat(AT_FDCWD, "/home/dikluwe/.local/share/fonts/FiraCode/FiraCodeNerdFont-Bold.ttf", O_RDONLY|O_CLOEXEC) = 3
14:15:41.604652 openat(AT_FDCWD, "/home/dikluwe/.local/share/fonts/FiraCode/FiraCodeNerdFontMono-Bold.ttf", O_RDONLY|O_CLOEXEC) = 3
14:15:41.604813 openat(AT_FDCWD, "/home/dikluwe/.local/share/fonts/FiraCode/FiraCodeNerdFontPropo-Bold.ttf", O_RDONLY|O_CLOEXEC) = 3
14:15:41.604988 openat(AT_FDCWD, "/home/dikluwe/.local/share/fonts/FiraCode/FiraCodeNerdFontMono-Light.ttf", O_RDONLY|O_CLOEXEC) = 3
14:15:41.605152 openat(AT_FDCWD, "/home/dikluwe/.local/share/fonts/FiraCode/FiraCodeNerdFont-Light.ttf", O_RDONLY|O_CLOEXEC) = 3
14:15:41.605317 openat(AT_FDCWD, "/home/dikluwe/.local/share/fonts/FiraCode/FiraCodeNerdFontPropo-Light.ttf", O_RDONLY|O_CLOEXEC) = 3
14:15:41.605480 openat(AT_FDCWD, "/home/dikluwe/.local/share/fonts/GeistMono/GeistMonoNerdFontPropo-UltraBlack.otf", O_RDONLY|O_CLOEXEC) = 3
14:15:41.605653 openat(AT_FDCWD, "/home/dikluwe/.local/share/fonts/GeistMono/GeistMonoNerdFont-Light.otf", O_RDONLY|O_CLOEXEC) = 3
14:15:41.605825 openat(AT_FDCWD, "/home/dikluwe/.local/share/fonts/GeistMono/GeistMonoNerdFontPropo-SemiBold.otf", O_RDONLY|O_CLOEXEC) = 3
14:15:41.606002 openat(AT_FDCWD, "/home/dikluwe/.local/share/fonts/GeistMono/GeistMonoNerdFontMono-Medium.otf", O_RDONLY|O_CLOEXEC) = 3
14:15:41.606176 openat(AT_FDCWD, "/home/dikluwe/.local/share/fonts/GeistMono/GeistMonoNerdFont-Regular.otf", O_RDONLY|O_CLOEXEC) = 3
14:15:41.606348 openat(AT_FDCWD, "/home/dikluwe/.local/share/fonts/GeistMono/GeistMonoNerdFontMono-Bold.otf", O_RDONLY|O_CLOEXEC) = 3
14:15:41.606520 openat(AT_FDCWD, "/home/dikluwe/.local/share/fonts/GeistMono/GeistMonoNerdFontPropo-Black.otf", O_RDONLY|O_CLOEXEC) = 3
14:15:41.606689 openat(AT_FDCWD, "/home/dikluwe/.local/share/fonts/GeistMono/GeistMonoNerdFontPropo-Light.otf", O_RDONLY|O_CLOEXEC) = 3
14:15:41.606860 openat(AT_FDCWD, "/home/dikluwe/.local/share/fonts/GeistMono/GeistMonoNerdFontMono-Regular.otf", O_RDONLY|O_CLOEXEC) = 3
14:15:41.607037 openat(AT_FDCWD, "/home/dikluwe/.local/share/fonts/GeistMono/GeistMonoNerdFont-SemiBold.otf", O_RDONLY|O_CLOEXEC) = 3
14:15:41.607209 openat(AT_FDCWD, "/home/dikluwe/.local/share/fonts/GeistMono/GeistMonoNerdFont-UltraBlack.otf", O_RDONLY|O_CLOEXEC) = 3
14:15:41.607398 openat(AT_FDCWD, "/home/dikluwe/.local/share/fonts/GeistMono/GeistMonoNerdFontMono-UltraBlack.otf", O_RDONLY|O_CLOEXEC) = 3
14:15:41.607569 openat(AT_FDCWD, "/home/dikluwe/.local/share/fonts/GeistMono/GeistMonoNerdFont-Black.otf", O_RDONLY|O_CLOEXEC) = 3
14:15:41.607741 openat(AT_FDCWD, "/home/dikluwe/.local/share/fonts/GeistMono/GeistMonoNerdFont-UltraLight.otf", O_RDONLY|O_CLOEXEC) = 3
14:15:41.607921 openat(AT_FDCWD, "/home/dikluwe/.local/share/fonts/GeistMono/GeistMonoNerdFontPropo-UltraLight.otf", O_RDONLY|O_CLOEXEC) = 3
14:15:41.608095 openat(AT_FDCWD, "/home/dikluwe/.local/share/fonts/GeistMono/GeistMonoNerdFontPropo-Medium.otf", O_RDONLY|O_CLOEXEC) = 3
14:15:41.608269 openat(AT_FDCWD, "/home/dikluwe/.local/share/fonts/GeistMono/GeistMonoNerdFontMono-Thin.otf", O_RDONLY|O_CLOEXEC) = 3
14:15:41.608451 openat(AT_FDCWD, "/home/dikluwe/.local/share/fonts/GeistMono/GeistMonoNerdFont-Bold.otf", O_RDONLY|O_CLOEXEC) = 3
14:15:41.608631 openat(AT_FDCWD, "/home/dikluwe/.local/share/fonts/GeistMono/GeistMonoNerdFontMono-Light.otf", O_RDONLY|O_CLOEXEC) = 3
14:15:41.608802 openat(AT_FDCWD, "/home/dikluwe/.local/share/fonts/GeistMono/GeistMonoNerdFontMono-Black.otf", O_RDONLY|O_CLOEXEC) = 3
14:15:41.608985 openat(AT_FDCWD, "/home/dikluwe/.local/share/fonts/GeistMono/GeistMonoNerdFontMono-UltraLight.otf", O_RDONLY|O_CLOEXEC) = 3
14:15:41.609156 openat(AT_FDCWD, "/home/dikluwe/.local/share/fonts/GeistMono/GeistMonoNerdFontPropo-Regular.otf", O_RDONLY|O_CLOEXEC) = 3
14:15:41.609328 openat(AT_FDCWD, "/home/dikluwe/.local/share/fonts/GeistMono/GeistMonoNerdFont-Medium.otf", O_RDONLY|O_CLOEXEC) = 3
14:15:41.609499 openat(AT_FDCWD, "/home/dikluwe/.local/share/fonts/GeistMono/GeistMonoNerdFont-Thin.otf", O_RDONLY|O_CLOEXEC) = 3
14:15:41.609670 openat(AT_FDCWD, "/home/dikluwe/.local/share/fonts/GeistMono/GeistMonoNerdFontMono-SemiBold.otf", O_RDONLY|O_CLOEXEC) = 3
14:15:41.609842 openat(AT_FDCWD, "/home/dikluwe/.local/share/fonts/GeistMono/GeistMonoNerdFontPropo-Thin.otf", O_RDONLY|O_CLOEXEC) = 3
14:15:41.610034 openat(AT_FDCWD, "/home/dikluwe/.local/share/fonts/GeistMono/GeistMonoNerdFontPropo-Bold.otf", O_RDONLY|O_CLOEXEC) = 3
14:15:41.610207 openat(AT_FDCWD, "/home/dikluwe/.local/share/fonts/IosevkaTermSlab/IosevkaTermSlabNerdFont-LightOblique.ttf", O_RDONLY|O_CLOEXEC) = 3
14:15:41.610392 openat(AT_FDCWD, "/home/dikluwe/.local/share/fonts/IosevkaTermSlab/IosevkaTermSlabNerdFontMono-Italic.ttf", O_RDONLY|O_CLOEXEC) = 3
14:15:41.610565 openat(AT_FDCWD, "/home/dikluwe/.local/share/fonts/IosevkaTermSlab/IosevkaTermSlabNerdFontPropo-ExtraBoldItalic.ttf", O_RDONLY|O_CLOEXEC) = 3
14:15:41.610742 openat(AT_FDCWD, "/home/dikluwe/.local/share/fonts/IosevkaTermSlab/IosevkaTermSlabNerdFontMono-Medium.ttf", O_RDONLY|O_CLOEXEC) = 3
14:15:41.610939 openat(AT_FDCWD, "/home/dikluwe/.local/share/fonts/IosevkaTermSlab/IosevkaTermSlabNerdFontMono-Regular.ttf", O_RDONLY|O_CLOEXEC) = 3
14:15:41.611160 openat(AT_FDCWD, "/home/dikluwe/.local/share/fonts/IosevkaTermSlab/IosevkaTermSlabNerdFont-Italic.ttf", O_RDONLY|O_CLOEXEC) = 3
14:15:41.611360 openat(AT_FDCWD, "/home/dikluwe/.local/share/fonts/IosevkaTermSlab/IosevkaTermSlabNerdFontMono-ExtraBold.ttf", O_RDONLY|O_CLOEXEC) = 3
14:15:41.611553 openat(AT_FDCWD, "/home/dikluwe/.local/share/fonts/IosevkaTermSlab/IosevkaTermSlabNerdFont-Medium.ttf", O_RDONLY|O_CLOEXEC) = 3
14:15:41.611744 openat(AT_FDCWD, "/home/dikluwe/.local/share/fonts/IosevkaTermSlab/IosevkaTermSlabNerdFont-BoldItalic.ttf", O_RDONLY|O_CLOEXEC) = 3
14:15:41.611953 openat(AT_FDCWD, "/home/dikluwe/.local/share/fonts/IosevkaTermSlab/IosevkaTermSlabNerdFontMono-Oblique.ttf", O_RDONLY|O_CLOEXEC) = 3
14:15:41.612216 openat(AT_FDCWD, "/home/dikluwe/.local/share/fonts/IosevkaTermSlab/IosevkaTermSlabNerdFont-Regular.ttf", O_RDONLY|O_CLOEXEC) = 3
14:15:41.612432 openat(AT_FDCWD, "/home/dikluwe/.local/share/fonts/IosevkaTermSlab/IosevkaTermSlabNerdFont-ExtraBoldOblique.ttf", O_RDONLY|O_CLOEXEC) = 3
14:15:41.612630 openat(AT_FDCWD, "/home/dikluwe/.local/share/fonts/IosevkaTermSlab/IosevkaTermSlabNerdFontPropo-BoldItalic.ttf", O_RDONLY|O_CLOEXEC) = 3
14:15:41.612843 openat(AT_FDCWD, "/home/dikluwe/.local/share/fonts/IosevkaTermSlab/IosevkaTermSlabNerdFont-MediumOblique.ttf", O_RDONLY|O_CLOEXEC) = 3
14:15:41.613029 openat(AT_FDCWD, "/home/dikluwe/.local/share/fonts/IosevkaTermSlab/IosevkaTermSlabNerdFontPropo-ExtraBoldOblique.ttf", O_RDONLY|O_CLOEXEC) = 3
14:15:41.613205 openat(AT_FDCWD, "/home/dikluwe/.local/share/fonts/IosevkaTermSlab/IosevkaTermSlabNerdFont-Light.ttf", O_RDONLY|O_CLOEXEC) = 3
14:15:41.613382 openat(AT_FDCWD, "/home/dikluwe/.local/share/fonts/IosevkaTermSlab/IosevkaTermSlabNerdFontMono-Light.ttf", O_RDONLY|O_CLOEXEC) = 3
14:15:41.613556 openat(AT_FDCWD, "/home/dikluwe/.local/share/fonts/IosevkaTermSlab/IosevkaTermSlabNerdFontPropo-LightOblique.ttf", O_RDONLY|O_CLOEXEC) = 3
14:15:41.613730 openat(AT_FDCWD, "/home/dikluwe/.local/share/fonts/IosevkaTermSlab/IosevkaTermSlabNerdFontPropo-MediumOblique.ttf", O_RDONLY|O_CLOEXEC) = 3
14:15:41.613910 openat(AT_FDCWD, "/home/dikluwe/.local/share/fonts/IosevkaTermSlab/IosevkaTermSlabNerdFontPropo-MediumItalic.ttf", O_RDONLY|O_CLOEXEC) = 3
14:15:41.614092 openat(AT_FDCWD, "/home/dikluwe/.local/share/fonts/IosevkaTermSlab/IosevkaTermSlabNerdFontMono-LightItalic.ttf", O_RDONLY|O_CLOEXEC) = 3
14:15:41.614266 openat(AT_FDCWD, "/home/dikluwe/.local/share/fonts/IosevkaTermSlab/IosevkaTermSlabNerdFontMono-BoldOblique.ttf", O_RDONLY|O_CLOEXEC) = 3
14:15:41.614441 openat(AT_FDCWD, "/home/dikluwe/.local/share/fonts/IosevkaTermSlab/IosevkaTermSlabNerdFontMono-ExtraBoldOblique.ttf", O_RDONLY|O_CLOEXEC) = 3
14:15:41.614613 openat(AT_FDCWD, "/home/dikluwe/.local/share/fonts/IosevkaTermSlab/IosevkaTermSlabNerdFontPropo-LightItalic.ttf", O_RDONLY|O_CLOEXEC) = 3
14:15:41.614790 openat(AT_FDCWD, "/home/dikluwe/.local/share/fonts/IosevkaTermSlab/IosevkaTermSlabNerdFont-ExtraBold.ttf", O_RDONLY|O_CLOEXEC) = 3
14:15:41.614971 openat(AT_FDCWD, "/home/dikluwe/.local/share/fonts/IosevkaTermSlab/IosevkaTermSlabNerdFont-MediumItalic.ttf", O_RDONLY|O_CLOEXEC) = 3
14:15:41.615157 openat(AT_FDCWD, "/home/dikluwe/.local/share/fonts/IosevkaTermSlab/IosevkaTermSlabNerdFontPropo-Light.ttf", O_RDONLY|O_CLOEXEC) = 3
14:15:41.615332 openat(AT_FDCWD, "/home/dikluwe/.local/share/fonts/IosevkaTermSlab/IosevkaTermSlabNerdFontPropo-Italic.ttf", O_RDONLY|O_CLOEXEC) = 3
14:15:41.615512 openat(AT_FDCWD, "/home/dikluwe/.local/share/fonts/IosevkaTermSlab/IosevkaTermSlabNerdFontMono-MediumOblique.ttf", O_RDONLY|O_CLOEXEC) = 3
14:15:41.615685 openat(AT_FDCWD, "/home/dikluwe/.local/share/fonts/IosevkaTermSlab/IosevkaTermSlabNerdFontPropo-Medium.ttf", O_RDONLY|O_CLOEXEC) = 3
14:15:41.615859 openat(AT_FDCWD, "/home/dikluwe/.local/share/fonts/IosevkaTermSlab/IosevkaTermSlabNerdFontMono-MediumItalic.ttf", O_RDONLY|O_CLOEXEC) = 3
14:15:41.616094 openat(AT_FDCWD, "/home/dikluwe/.local/share/fonts/IosevkaTermSlab/IosevkaTermSlabNerdFontPropo-Regular.ttf", O_RDONLY|O_CLOEXEC) = 3
14:15:41.616395 openat(AT_FDCWD, "/home/dikluwe/.local/share/fonts/IosevkaTermSlab/IosevkaTermSlabNerdFontMono-Bold.ttf", O_RDONLY|O_CLOEXEC) = 3
14:15:41.616613 openat(AT_FDCWD, "/home/dikluwe/.local/share/fonts/IosevkaTermSlab/IosevkaTermSlabNerdFontMono-ExtraBoldItalic.ttf", O_RDONLY|O_CLOEXEC) = 3
14:15:41.616827 openat(AT_FDCWD, "/home/dikluwe/.local/share/fonts/IosevkaTermSlab/IosevkaTermSlabNerdFontMono-LightOblique.ttf", O_RDONLY|O_CLOEXEC) = 3
14:15:41.617021 openat(AT_FDCWD, "/home/dikluwe/.local/share/fonts/IosevkaTermSlab/IosevkaTermSlabNerdFontPropo-Oblique.ttf", O_RDONLY|O_CLOEXEC) = 3
14:15:41.617203 openat(AT_FDCWD, "/home/dikluwe/.local/share/fonts/IosevkaTermSlab/IosevkaTermSlabNerdFont-LightItalic.ttf", O_RDONLY|O_CLOEXEC) = 3
14:15:41.617380 openat(AT_FDCWD, "/home/dikluwe/.local/share/fonts/IosevkaTermSlab/IosevkaTermSlabNerdFont-BoldOblique.ttf", O_RDONLY|O_CLOEXEC) = 3
14:15:41.617561 openat(AT_FDCWD, "/home/dikluwe/.local/share/fonts/IosevkaTermSlab/IosevkaTermSlabNerdFontPropo-ExtraBold.ttf", O_RDONLY|O_CLOEXEC) = 3
14:15:41.617735 openat(AT_FDCWD, "/home/dikluwe/.local/share/fonts/IosevkaTermSlab/IosevkaTermSlabNerdFont-Bold.ttf", O_RDONLY|O_CLOEXEC) = 3
14:15:41.617934 openat(AT_FDCWD, "/home/dikluwe/.local/share/fonts/IosevkaTermSlab/IosevkaTermSlabNerdFontPropo-Bold.ttf", O_RDONLY|O_CLOEXEC) = 3
14:15:41.618112 openat(AT_FDCWD, "/home/dikluwe/.local/share/fonts/IosevkaTermSlab/IosevkaTermSlabNerdFontMono-BoldItalic.ttf", O_RDONLY|O_CLOEXEC) = 3
14:15:41.618291 openat(AT_FDCWD, "/home/dikluwe/.local/share/fonts/IosevkaTermSlab/IosevkaTermSlabNerdFont-ExtraBoldItalic.ttf", O_RDONLY|O_CLOEXEC) = 3
14:15:41.618470 openat(AT_FDCWD, "/home/dikluwe/.local/share/fonts/IosevkaTermSlab/IosevkaTermSlabNerdFontPropo-BoldOblique.ttf", O_RDONLY|O_CLOEXEC) = 3
14:15:41.618652 openat(AT_FDCWD, "/home/dikluwe/.local/share/fonts/IosevkaTermSlab/IosevkaTermSlabNerdFont-Oblique.ttf", O_RDONLY|O_CLOEXEC) = 3
14:15:41.618826 openat(AT_FDCWD, "/home/dikluwe/.local/share/fonts/IosevkaTerm/IosevkaTermNerdFont-SemiBold.ttf", O_RDONLY|O_CLOEXEC) = 3
14:15:41.619022 openat(AT_FDCWD, "/home/dikluwe/.local/share/fonts/IosevkaTerm/IosevkaTermNerdFont-Oblique.ttf", O_RDONLY|O_CLOEXEC) = 3
14:15:41.619198 openat(AT_FDCWD, "/home/dikluwe/.local/share/fonts/IosevkaTerm/IosevkaTermNerdFont-Italic.ttf", O_RDONLY|O_CLOEXEC) = 3
14:15:41.619370 openat(AT_FDCWD, "/home/dikluwe/.local/share/fonts/IosevkaTerm/IosevkaTermNerdFontMono-MediumOblique.ttf", O_RDONLY|O_CLOEXEC) = 3
14:15:41.619543 openat(AT_FDCWD, "/home/dikluwe/.local/share/fonts/IosevkaTerm/IosevkaTermNerdFontPropo-ThinItalic.ttf", O_RDONLY|O_CLOEXEC) = 3
14:15:41.619722 openat(AT_FDCWD, "/home/dikluwe/.local/share/fonts/IosevkaTerm/IosevkaTermNerdFontPropo-BoldOblique.ttf", O_RDONLY|O_CLOEXEC) = 3
14:15:41.619895 openat(AT_FDCWD, "/home/dikluwe/.local/share/fonts/IosevkaTerm/IosevkaTermNerdFontMono-ExtraLightOblique.ttf", O_RDONLY|O_CLOEXEC) = 3
14:15:41.620082 openat(AT_FDCWD, "/home/dikluwe/.local/share/fonts/IosevkaTerm/IosevkaTermNerdFont-ThinItalic.ttf", O_RDONLY|O_CLOEXEC) = 3
14:15:41.620262 openat(AT_FDCWD, "/home/dikluwe/.local/share/fonts/IosevkaTerm/IosevkaTermNerdFontPropo-MediumOblique.ttf", O_RDONLY|O_CLOEXEC) = 3
14:15:41.620436 openat(AT_FDCWD, "/home/dikluwe/.local/share/fonts/IosevkaTerm/IosevkaTermNerdFontMono-LightOblique.ttf", O_RDONLY|O_CLOEXEC) = 3
14:15:41.620620 openat(AT_FDCWD, "/home/dikluwe/.local/share/fonts/IosevkaTerm/IosevkaTermNerdFont-SemiBoldOblique.ttf", O_RDONLY|O_CLOEXEC) = 3
14:15:41.620794 openat(AT_FDCWD, "/home/dikluwe/.local/share/fonts/IosevkaTerm/IosevkaTermNerdFontMono-ExtraLight.ttf", O_RDONLY|O_CLOEXEC) = 3
14:15:41.620977 openat(AT_FDCWD, "/home/dikluwe/.local/share/fonts/IosevkaTerm/IosevkaTermNerdFontPropo-Italic.ttf", O_RDONLY|O_CLOEXEC) = 3
14:15:41.621184 openat(AT_FDCWD, "/home/dikluwe/.local/share/fonts/IosevkaTerm/IosevkaTermNerdFontMono-ThinOblique.ttf", O_RDONLY|O_CLOEXEC) = 3
14:15:41.621393 openat(AT_FDCWD, "/home/dikluwe/.local/share/fonts/IosevkaTerm/IosevkaTermNerdFontPropo-Bold.ttf", O_RDONLY|O_CLOEXEC) = 3
14:15:41.621591 openat(AT_FDCWD, "/home/dikluwe/.local/share/fonts/IosevkaTerm/IosevkaTermNerdFontMono-MediumItalic.ttf", O_RDONLY|O_CLOEXEC) = 3
14:15:41.621785 openat(AT_FDCWD, "/home/dikluwe/.local/share/fonts/IosevkaTerm/IosevkaTermNerdFontMono-ExtraLightItalic.ttf", O_RDONLY|O_CLOEXEC) = 3
14:15:41.621983 openat(AT_FDCWD, "/home/dikluwe/.local/share/fonts/IosevkaTerm/IosevkaTermNerdFontMono-SemiBoldItalic.ttf", O_RDONLY|O_CLOEXEC) = 3
14:15:41.622164 openat(AT_FDCWD, "/home/dikluwe/.local/share/fonts/IosevkaTerm/IosevkaTermNerdFont-Heavy.ttf", O_RDONLY|O_CLOEXEC) = 3
14:15:41.622338 openat(AT_FDCWD, "/home/dikluwe/.local/share/fonts/IosevkaTerm/IosevkaTermNerdFontMono-SemiBoldOblique.ttf", O_RDONLY|O_CLOEXEC) = 3
14:15:41.622511 openat(AT_FDCWD, "/home/dikluwe/.local/share/fonts/IosevkaTerm/IosevkaTermNerdFontPropo-Thin.ttf", O_RDONLY|O_CLOEXEC) = 3
14:15:41.622685 openat(AT_FDCWD, "/home/dikluwe/.local/share/fonts/IosevkaTerm/IosevkaTermNerdFont-Light.ttf", O_RDONLY|O_CLOEXEC) = 3
14:15:41.622859 openat(AT_FDCWD, "/home/dikluwe/.local/share/fonts/IosevkaTerm/IosevkaTermNerdFontMono-ExtraBoldOblique.ttf", O_RDONLY|O_CLOEXEC) = 3
14:15:41.623040 openat(AT_FDCWD, "/home/dikluwe/.local/share/fonts/IosevkaTerm/IosevkaTermNerdFontMono-Oblique.ttf", O_RDONLY|O_CLOEXEC) = 3
14:15:41.623234 openat(AT_FDCWD, "/home/dikluwe/.local/share/fonts/IosevkaTerm/IosevkaTermNerdFontMono-BoldOblique.ttf", O_RDONLY|O_CLOEXEC) = 3
14:15:41.623412 openat(AT_FDCWD, "/home/dikluwe/.local/share/fonts/IosevkaTerm/IosevkaTermNerdFont-SemiBoldItalic.ttf", O_RDONLY|O_CLOEXEC) = 3
14:15:41.623591 openat(AT_FDCWD, "/home/dikluwe/.local/share/fonts/IosevkaTerm/IosevkaTermNerdFontMono-Light.ttf", O_RDONLY|O_CLOEXEC) = 3
14:15:41.623768 openat(AT_FDCWD, "/home/dikluwe/.local/share/fonts/IosevkaTerm/IosevkaTermNerdFont-ExtraBoldOblique.ttf", O_RDONLY|O_CLOEXEC) = 3
14:15:41.623976 openat(AT_FDCWD, "/home/dikluwe/.local/share/fonts/IosevkaTerm/IosevkaTermNerdFontPropo-ExtraBoldItalic.ttf", O_RDONLY|O_CLOEXEC) = 3
14:15:41.624187 openat(AT_FDCWD, "/home/dikluwe/.local/share/fonts/IosevkaTerm/IosevkaTermNerdFont-BoldItalic.ttf", O_RDONLY|O_CLOEXEC) = 3
14:15:41.624373 openat(AT_FDCWD, "/home/dikluwe/.local/share/fonts/IosevkaTerm/IosevkaTermNerdFontPropo-ThinOblique.ttf", O_RDONLY|O_CLOEXEC) = 3
14:15:41.624551 openat(AT_FDCWD, "/home/dikluwe/.local/share/fonts/IosevkaTerm/IosevkaTermNerdFontPropo-ExtraBoldOblique.ttf", O_RDONLY|O_CLOEXEC) = 3
14:15:41.624727 openat(AT_FDCWD, "/home/dikluwe/.local/share/fonts/IosevkaTerm/IosevkaTermNerdFontPropo-Regular.ttf", O_RDONLY|O_CLOEXEC) = 3
14:15:41.624907 openat(AT_FDCWD, "/home/dikluwe/.local/share/fonts/IosevkaTerm/IosevkaTermNerdFont-HeavyOblique.ttf", O_RDONLY|O_CLOEXEC) = 3
14:15:41.625085 openat(AT_FDCWD, "/home/dikluwe/.local/share/fonts/IosevkaTerm/IosevkaTermNerdFont-ExtraBoldItalic.ttf", O_RDONLY|O_CLOEXEC) = 3
14:15:41.625262 openat(AT_FDCWD, "/home/dikluwe/.local/share/fonts/IosevkaTerm/IosevkaTermNerdFontPropo-Medium.ttf", O_RDONLY|O_CLOEXEC) = 3
14:15:41.625442 openat(AT_FDCWD, "/home/dikluwe/.local/share/fonts/IosevkaTerm/IosevkaTermNerdFontMono-Bold.ttf", O_RDONLY|O_CLOEXEC) = 3
14:15:41.625617 openat(AT_FDCWD, "/home/dikluwe/.local/share/fonts/IosevkaTerm/IosevkaTermNerdFontPropo-Oblique.ttf", O_RDONLY|O_CLOEXEC) = 3
14:15:41.625795 openat(AT_FDCWD, "/home/dikluwe/.local/share/fonts/IosevkaTerm/IosevkaTermNerdFont-ExtraLight.ttf", O_RDONLY|O_CLOEXEC) = 3
14:15:41.625978 openat(AT_FDCWD, "/home/dikluwe/.local/share/fonts/IosevkaTerm/IosevkaTermNerdFontMono-Heavy.ttf", O_RDONLY|O_CLOEXEC) = 3
14:15:41.626156 openat(AT_FDCWD, "/home/dikluwe/.local/share/fonts/IosevkaTerm/IosevkaTermNerdFontMono-ExtraBoldItalic.ttf", O_RDONLY|O_CLOEXEC) = 3
14:15:41.626337 openat(AT_FDCWD, "/home/dikluwe/.local/share/fonts/IosevkaTerm/IosevkaTermNerdFontPropo-Light.ttf", O_RDONLY|O_CLOEXEC) = 3
14:15:41.626510 openat(AT_FDCWD, "/home/dikluwe/.local/share/fonts/IosevkaTerm/IosevkaTermNerdFont-ExtraLightOblique.ttf", O_RDONLY|O_CLOEXEC) = 3
14:15:41.626686 openat(AT_FDCWD, "/home/dikluwe/.local/share/fonts/IosevkaTerm/IosevkaTermNerdFontMono-HeavyItalic.ttf", O_RDONLY|O_CLOEXEC) = 3
14:15:41.626862 openat(AT_FDCWD, "/home/dikluwe/.local/share/fonts/IosevkaTerm/IosevkaTermNerdFont-ExtraLightItalic.ttf", O_RDONLY|O_CLOEXEC) = 3
14:15:41.627046 openat(AT_FDCWD, "/home/dikluwe/.local/share/fonts/IosevkaTerm/IosevkaTermNerdFontMono-HeavyOblique.ttf", O_RDONLY|O_CLOEXEC) = 3
14:15:41.627223 openat(AT_FDCWD, "/home/dikluwe/.local/share/fonts/IosevkaTerm/IosevkaTermNerdFontMono-Thin.ttf", O_RDONLY|O_CLOEXEC) = 3
14:15:41.627396 openat(AT_FDCWD, "/home/dikluwe/.local/share/fonts/IosevkaTerm/IosevkaTermNerdFont-Thin.ttf", O_RDONLY|O_CLOEXEC) = 3
14:15:41.627570 openat(AT_FDCWD, "/home/dikluwe/.local/share/fonts/IosevkaTerm/IosevkaTermNerdFontMono-Medium.ttf", O_RDONLY|O_CLOEXEC) = 3
14:15:41.627741 openat(AT_FDCWD, "/home/dikluwe/.local/share/fonts/IosevkaTerm/IosevkaTermNerdFont-LightOblique.ttf", O_RDONLY|O_CLOEXEC) = 3
14:15:41.627922 openat(AT_FDCWD, "/home/dikluwe/.local/share/fonts/IosevkaTerm/IosevkaTermNerdFont-Bold.ttf", O_RDONLY|O_CLOEXEC) = 3
14:15:41.628103 openat(AT_FDCWD, "/home/dikluwe/.local/share/fonts/IosevkaTerm/IosevkaTermNerdFont-MediumItalic.ttf", O_RDONLY|O_CLOEXEC) = 3
14:15:41.628301 openat(AT_FDCWD, "/home/dikluwe/.local/share/fonts/IosevkaTerm/IosevkaTermNerdFontMono-Regular.ttf", O_RDONLY|O_CLOEXEC) = 3
14:15:41.628479 openat(AT_FDCWD, "/home/dikluwe/.local/share/fonts/IosevkaTerm/IosevkaTermNerdFontMono-SemiBold.ttf", O_RDONLY|O_CLOEXEC) = 3
14:15:41.628656 openat(AT_FDCWD, "/home/dikluwe/.local/share/fonts/IosevkaTerm/IosevkaTermNerdFontPropo-ExtraLightItalic.ttf", O_RDONLY|O_CLOEXEC) = 3
14:15:41.628832 openat(AT_FDCWD, "/home/dikluwe/.local/share/fonts/IosevkaTerm/IosevkaTermNerdFontMono-LightItalic.ttf", O_RDONLY|O_CLOEXEC) = 3
14:15:41.629013 openat(AT_FDCWD, "/home/dikluwe/.local/share/fonts/IosevkaTerm/IosevkaTermNerdFontMono-ExtraBold.ttf", O_RDONLY|O_CLOEXEC) = 3
14:15:41.629189 openat(AT_FDCWD, "/home/dikluwe/.local/share/fonts/IosevkaTerm/IosevkaTermNerdFontPropo-LightOblique.ttf", O_RDONLY|O_CLOEXEC) = 3
14:15:41.629364 openat(AT_FDCWD, "/home/dikluwe/.local/share/fonts/IosevkaTerm/IosevkaTermNerdFontPropo-Heavy.ttf", O_RDONLY|O_CLOEXEC) = 3
14:15:41.629539 openat(AT_FDCWD, "/home/dikluwe/.local/share/fonts/IosevkaTerm/IosevkaTermNerdFontPropo-HeavyOblique.ttf", O_RDONLY|O_CLOEXEC) = 3
14:15:41.629715 openat(AT_FDCWD, "/home/dikluwe/.local/share/fonts/IosevkaTerm/IosevkaTermNerdFontPropo-LightItalic.ttf", O_RDONLY|O_CLOEXEC) = 3
14:15:41.629894 openat(AT_FDCWD, "/home/dikluwe/.local/share/fonts/IosevkaTerm/IosevkaTermNerdFontPropo-SemiBoldItalic.ttf", O_RDONLY|O_CLOEXEC) = 3
14:15:41.630080 openat(AT_FDCWD, "/home/dikluwe/.local/share/fonts/IosevkaTerm/IosevkaTermNerdFontPropo-ExtraBold.ttf", O_RDONLY|O_CLOEXEC) = 3
14:15:41.630259 openat(AT_FDCWD, "/home/dikluwe/.local/share/fonts/IosevkaTerm/IosevkaTermNerdFontPropo-SemiBoldOblique.ttf", O_RDONLY|O_CLOEXEC) = 3
14:15:41.630434 openat(AT_FDCWD, "/home/dikluwe/.local/share/fonts/IosevkaTerm/IosevkaTermNerdFontPropo-ExtraLight.ttf", O_RDONLY|O_CLOEXEC) = 3
14:15:41.630608 openat(AT_FDCWD, "/home/dikluwe/.local/share/fonts/IosevkaTerm/IosevkaTermNerdFont-ExtraBold.ttf", O_RDONLY|O_CLOEXEC) = 3
14:15:41.630786 openat(AT_FDCWD, "/home/dikluwe/.local/share/fonts/IosevkaTerm/IosevkaTermNerdFont-BoldOblique.ttf", O_RDONLY|O_CLOEXEC) = 3
14:15:41.630968 openat(AT_FDCWD, "/home/dikluwe/.local/share/fonts/IosevkaTerm/IosevkaTermNerdFontPropo-ExtraLightOblique.ttf", O_RDONLY|O_CLOEXEC) = 3
14:15:41.631144 openat(AT_FDCWD, "/home/dikluwe/.local/share/fonts/IosevkaTerm/IosevkaTermNerdFont-Regular.ttf", O_RDONLY|O_CLOEXEC) = 3
14:15:41.631319 openat(AT_FDCWD, "/home/dikluwe/.local/share/fonts/IosevkaTerm/IosevkaTermNerdFontMono-Italic.ttf", O_RDONLY|O_CLOEXEC) = 3
14:15:41.631511 openat(AT_FDCWD, "/home/dikluwe/.local/share/fonts/IosevkaTerm/IosevkaTermNerdFont-HeavyItalic.ttf", O_RDONLY|O_CLOEXEC) = 3
14:15:41.631737 openat(AT_FDCWD, "/home/dikluwe/.local/share/fonts/IosevkaTerm/IosevkaTermNerdFont-Medium.ttf", O_RDONLY|O_CLOEXEC) = 3
14:15:41.631952 openat(AT_FDCWD, "/home/dikluwe/.local/share/fonts/IosevkaTerm/IosevkaTermNerdFontMono-BoldItalic.ttf", O_RDONLY|O_CLOEXEC) = 3
14:15:41.632150 openat(AT_FDCWD, "/home/dikluwe/.local/share/fonts/IosevkaTerm/IosevkaTermNerdFont-LightItalic.ttf", O_RDONLY|O_CLOEXEC) = 3
14:15:41.632350 openat(AT_FDCWD, "/home/dikluwe/.local/share/fonts/IosevkaTerm/IosevkaTermNerdFont-MediumOblique.ttf", O_RDONLY|O_CLOEXEC) = 3
14:15:41.632547 openat(AT_FDCWD, "/home/dikluwe/.local/share/fonts/IosevkaTerm/IosevkaTermNerdFontPropo-HeavyItalic.ttf", O_RDONLY|O_CLOEXEC) = 3
14:15:41.632748 openat(AT_FDCWD, "/home/dikluwe/.local/share/fonts/IosevkaTerm/IosevkaTermNerdFontPropo-SemiBold.ttf", O_RDONLY|O_CLOEXEC) = 3
14:15:41.632955 openat(AT_FDCWD, "/home/dikluwe/.local/share/fonts/IosevkaTerm/IosevkaTermNerdFontMono-ThinItalic.ttf", O_RDONLY|O_CLOEXEC) = 3
14:15:41.633151 openat(AT_FDCWD, "/home/dikluwe/.local/share/fonts/IosevkaTerm/IosevkaTermNerdFontPropo-BoldItalic.ttf", O_RDONLY|O_CLOEXEC) = 3
14:15:41.633371 openat(AT_FDCWD, "/home/dikluwe/.local/share/fonts/IosevkaTerm/IosevkaTermNerdFont-ThinOblique.ttf", O_RDONLY|O_CLOEXEC) = 3
14:15:41.633566 openat(AT_FDCWD, "/home/dikluwe/.local/share/fonts/IosevkaTerm/IosevkaTermNerdFontPropo-MediumItalic.ttf", O_RDONLY|O_CLOEXEC) = 3
14:15:41.633780 openat(AT_FDCWD, "/home/dikluwe/.local/share/fonts/Iosevka/IosevkaNerdFont-ExtraLight.ttf", O_RDONLY|O_CLOEXEC) = 3
14:15:41.633970 openat(AT_FDCWD, "/home/dikluwe/.local/share/fonts/Iosevka/IosevkaNerdFont-LightItalic.ttf", O_RDONLY|O_CLOEXEC) = 3
14:15:41.634144 openat(AT_FDCWD, "/home/dikluwe/.local/share/fonts/Iosevka/IosevkaNerdFontMono-ExtraBoldItalic.ttf", O_RDONLY|O_CLOEXEC) = 3
14:15:41.634320 openat(AT_FDCWD, "/home/dikluwe/.local/share/fonts/Iosevka/IosevkaNerdFont-Medium.ttf", O_RDONLY|O_CLOEXEC) = 3
14:15:41.634494 openat(AT_FDCWD, "/home/dikluwe/.local/share/fonts/Iosevka/IosevkaNerdFontMono-MediumItalic.ttf", O_RDONLY|O_CLOEXEC) = 3
14:15:41.634666 openat(AT_FDCWD, "/home/dikluwe/.local/share/fonts/Iosevka/IosevkaNerdFont-Italic.ttf", O_RDONLY|O_CLOEXEC) = 3
14:15:41.634839 openat(AT_FDCWD, "/home/dikluwe/.local/share/fonts/Iosevka/IosevkaNerdFontMono-Light.ttf", O_RDONLY|O_CLOEXEC) = 3
14:15:41.635023 openat(AT_FDCWD, "/home/dikluwe/.local/share/fonts/Iosevka/IosevkaNerdFont-ExtraLightItalic.ttf", O_RDONLY|O_CLOEXEC) = 3
14:15:41.635202 openat(AT_FDCWD, "/home/dikluwe/.local/share/fonts/Iosevka/IosevkaNerdFont-SemiBoldOblique.ttf", O_RDONLY|O_CLOEXEC) = 3
14:15:41.635374 openat(AT_FDCWD, "/home/dikluwe/.local/share/fonts/Iosevka/IosevkaNerdFont-Bold.ttf", O_RDONLY|O_CLOEXEC) = 3
14:15:41.635548 openat(AT_FDCWD, "/home/dikluwe/.local/share/fonts/Iosevka/IosevkaNerdFontPropo-SemiBoldOblique.ttf", O_RDONLY|O_CLOEXEC) = 3
14:15:41.635720 openat(AT_FDCWD, "/home/dikluwe/.local/share/fonts/Iosevka/IosevkaNerdFontPropo-Oblique.ttf", O_RDONLY|O_CLOEXEC) = 3
14:15:41.635892 openat(AT_FDCWD, "/home/dikluwe/.local/share/fonts/Iosevka/IosevkaNerdFontMono-ThinOblique.ttf", O_RDONLY|O_CLOEXEC) = 3
14:15:41.636077 openat(AT_FDCWD, "/home/dikluwe/.local/share/fonts/Iosevka/IosevkaNerdFontPropo-SemiBoldItalic.ttf", O_RDONLY|O_CLOEXEC) = 3
14:15:41.636301 openat(AT_FDCWD, "/home/dikluwe/.local/share/fonts/Iosevka/IosevkaNerdFontMono-ThinItalic.ttf", O_RDONLY|O_CLOEXEC) = 3
14:15:41.636516 openat(AT_FDCWD, "/home/dikluwe/.local/share/fonts/Iosevka/IosevkaNerdFontPropo-ExtraLight.ttf", O_RDONLY|O_CLOEXEC) = 3
14:15:41.636710 openat(AT_FDCWD, "/home/dikluwe/.local/share/fonts/Iosevka/IosevkaNerdFont-Oblique.ttf", O_RDONLY|O_CLOEXEC) = 3
14:15:41.636895 openat(AT_FDCWD, "/home/dikluwe/.local/share/fonts/Iosevka/IosevkaNerdFont-ExtraBoldItalic.ttf", O_RDONLY|O_CLOEXEC) = 3
14:15:41.637082 openat(AT_FDCWD, "/home/dikluwe/.local/share/fonts/Iosevka/IosevkaNerdFontPropo-Italic.ttf", O_RDONLY|O_CLOEXEC) = 3
14:15:41.637255 openat(AT_FDCWD, "/home/dikluwe/.local/share/fonts/Iosevka/IosevkaNerdFontMono-Heavy.ttf", O_RDONLY|O_CLOEXEC) = 3
14:15:41.637430 openat(AT_FDCWD, "/home/dikluwe/.local/share/fonts/Iosevka/IosevkaNerdFontPropo-ThinItalic.ttf", O_RDONLY|O_CLOEXEC) = 3
14:15:41.637610 openat(AT_FDCWD, "/home/dikluwe/.local/share/fonts/Iosevka/IosevkaNerdFontMono-Bold.ttf", O_RDONLY|O_CLOEXEC) = 3
14:15:41.637782 openat(AT_FDCWD, "/home/dikluwe/.local/share/fonts/Iosevka/IosevkaNerdFontMono-ExtraBoldOblique.ttf", O_RDONLY|O_CLOEXEC) = 3
14:15:41.637962 openat(AT_FDCWD, "/home/dikluwe/.local/share/fonts/Iosevka/IosevkaNerdFontMono-SemiBoldItalic.ttf", O_RDONLY|O_CLOEXEC) = 3
14:15:41.638142 openat(AT_FDCWD, "/home/dikluwe/.local/share/fonts/Iosevka/IosevkaNerdFontMono-ExtraBold.ttf", O_RDONLY|O_CLOEXEC) = 3
14:15:41.638315 openat(AT_FDCWD, "/home/dikluwe/.local/share/fonts/Iosevka/IosevkaNerdFontPropo-ThinOblique.ttf", O_RDONLY|O_CLOEXEC) = 3
14:15:41.638489 openat(AT_FDCWD, "/home/dikluwe/.local/share/fonts/Iosevka/IosevkaNerdFont-ExtraLightOblique.ttf", O_RDONLY|O_CLOEXEC) = 3
14:15:41.638663 openat(AT_FDCWD, "/home/dikluwe/.local/share/fonts/Iosevka/IosevkaNerdFontPropo-BoldOblique.ttf", O_RDONLY|O_CLOEXEC) = 3
14:15:41.638840 openat(AT_FDCWD, "/home/dikluwe/.local/share/fonts/Iosevka/IosevkaNerdFontPropo-HeavyItalic.ttf", O_RDONLY|O_CLOEXEC) = 3
14:15:41.639053 openat(AT_FDCWD, "/home/dikluwe/.local/share/fonts/Iosevka/IosevkaNerdFontPropo-MediumOblique.ttf", O_RDONLY|O_CLOEXEC) = 3
14:15:41.639266 openat(AT_FDCWD, "/home/dikluwe/.local/share/fonts/Iosevka/IosevkaNerdFontPropo-MediumItalic.ttf", O_RDONLY|O_CLOEXEC) = 3
14:15:41.639459 openat(AT_FDCWD, "/home/dikluwe/.local/share/fonts/Iosevka/IosevkaNerdFontMono-Oblique.ttf", O_RDONLY|O_CLOEXEC) = 3
14:15:41.639649 openat(AT_FDCWD, "/home/dikluwe/.local/share/fonts/Iosevka/IosevkaNerdFontMono-BoldItalic.ttf", O_RDONLY|O_CLOEXEC) = 3
14:15:41.639838 openat(AT_FDCWD, "/home/dikluwe/.local/share/fonts/Iosevka/IosevkaNerdFontMono-SemiBoldOblique.ttf", O_RDONLY|O_CLOEXEC) = 3
14:15:41.640025 openat(AT_FDCWD, "/home/dikluwe/.local/share/fonts/Iosevka/IosevkaNerdFontMono-BoldOblique.ttf", O_RDONLY|O_CLOEXEC) = 3
14:15:41.640200 openat(AT_FDCWD, "/home/dikluwe/.local/share/fonts/Iosevka/IosevkaNerdFontMono-Thin.ttf", O_RDONLY|O_CLOEXEC) = 3
14:15:41.640373 openat(AT_FDCWD, "/home/dikluwe/.local/share/fonts/Iosevka/IosevkaNerdFontPropo-LightOblique.ttf", O_RDONLY|O_CLOEXEC) = 3
14:15:41.640545 openat(AT_FDCWD, "/home/dikluwe/.local/share/fonts/Iosevka/IosevkaNerdFontPropo-Heavy.ttf", O_RDONLY|O_CLOEXEC) = 3
14:15:41.640719 openat(AT_FDCWD, "/home/dikluwe/.local/share/fonts/Iosevka/IosevkaNerdFontMono-ExtraLightItalic.ttf", O_RDONLY|O_CLOEXEC) = 3
14:15:41.640898 openat(AT_FDCWD, "/home/dikluwe/.local/share/fonts/Iosevka/IosevkaNerdFont-BoldOblique.ttf", O_RDONLY|O_CLOEXEC) = 3
14:15:41.641080 openat(AT_FDCWD, "/home/dikluwe/.local/share/fonts/Iosevka/IosevkaNerdFont-Thin.ttf", O_RDONLY|O_CLOEXEC) = 3
14:15:41.641254 openat(AT_FDCWD, "/home/dikluwe/.local/share/fonts/Iosevka/IosevkaNerdFont-SemiBoldItalic.ttf", O_RDONLY|O_CLOEXEC) = 3
14:15:41.641433 openat(AT_FDCWD, "/home/dikluwe/.local/share/fonts/Iosevka/IosevkaNerdFont-ThinItalic.ttf", O_RDONLY|O_CLOEXEC) = 3
14:15:41.641611 openat(AT_FDCWD, "/home/dikluwe/.local/share/fonts/Iosevka/IosevkaNerdFontPropo-ExtraBold.ttf", O_RDONLY|O_CLOEXEC) = 3
14:15:41.641785 openat(AT_FDCWD, "/home/dikluwe/.local/share/fonts/Iosevka/IosevkaNerdFont-BoldItalic.ttf", O_RDONLY|O_CLOEXEC) = 3
14:15:41.642007 openat(AT_FDCWD, "/home/dikluwe/.local/share/fonts/Iosevka/IosevkaNerdFontMono-ExtraLightOblique.ttf", O_RDONLY|O_CLOEXEC) = 3
14:15:41.642234 openat(AT_FDCWD, "/home/dikluwe/.local/share/fonts/Iosevka/IosevkaNerdFont-MediumItalic.ttf", O_RDONLY|O_CLOEXEC) = 3
14:15:41.642432 openat(AT_FDCWD, "/home/dikluwe/.local/share/fonts/Iosevka/IosevkaNerdFontPropo-HeavyOblique.ttf", O_RDONLY|O_CLOEXEC) = 3
14:15:41.642627 openat(AT_FDCWD, "/home/dikluwe/.local/share/fonts/Iosevka/IosevkaNerdFontPropo-ExtraBoldOblique.ttf", O_RDONLY|O_CLOEXEC) = 3
14:15:41.642822 openat(AT_FDCWD, "/home/dikluwe/.local/share/fonts/Iosevka/IosevkaNerdFont-LightOblique.ttf", O_RDONLY|O_CLOEXEC) = 3
14:15:41.643007 openat(AT_FDCWD, "/home/dikluwe/.local/share/fonts/Iosevka/IosevkaNerdFontPropo-SemiBold.ttf", O_RDONLY|O_CLOEXEC) = 3
14:15:41.643183 openat(AT_FDCWD, "/home/dikluwe/.local/share/fonts/Iosevka/IosevkaNerdFontPropo-BoldItalic.ttf", O_RDONLY|O_CLOEXEC) = 3
14:15:41.643358 openat(AT_FDCWD, "/home/dikluwe/.local/share/fonts/Iosevka/IosevkaNerdFontPropo-ExtraLightItalic.ttf", O_RDONLY|O_CLOEXEC) = 3
14:15:41.643536 openat(AT_FDCWD, "/home/dikluwe/.local/share/fonts/Iosevka/IosevkaNerdFontPropo-ExtraLightOblique.ttf", O_RDONLY|O_CLOEXEC) = 3
14:15:41.643709 openat(AT_FDCWD, "/home/dikluwe/.local/share/fonts/Iosevka/IosevkaNerdFontPropo-LightItalic.ttf", O_RDONLY|O_CLOEXEC) = 3
14:15:41.643882 openat(AT_FDCWD, "/home/dikluwe/.local/share/fonts/Iosevka/IosevkaNerdFontPropo-Medium.ttf", O_RDONLY|O_CLOEXEC) = 3
14:15:41.644065 openat(AT_FDCWD, "/home/dikluwe/.local/share/fonts/Iosevka/IosevkaNerdFontMono-LightOblique.ttf", O_RDONLY|O_CLOEXEC) = 3
14:15:41.644236 openat(AT_FDCWD, "/home/dikluwe/.local/share/fonts/Iosevka/IosevkaNerdFontMono-MediumOblique.ttf", O_RDONLY|O_CLOEXEC) = 3
14:15:41.644408 openat(AT_FDCWD, "/home/dikluwe/.local/share/fonts/Iosevka/IosevkaNerdFont-Regular.ttf", O_RDONLY|O_CLOEXEC) = 3
14:15:41.644579 openat(AT_FDCWD, "/home/dikluwe/.local/share/fonts/Iosevka/IosevkaNerdFontMono-HeavyItalic.ttf", O_RDONLY|O_CLOEXEC) = 3
14:15:41.644771 openat(AT_FDCWD, "/home/dikluwe/.local/share/fonts/Iosevka/IosevkaNerdFontPropo-Thin.ttf", O_RDONLY|O_CLOEXEC) = 3
14:15:41.644949 openat(AT_FDCWD, "/home/dikluwe/.local/share/fonts/Iosevka/IosevkaNerdFont-MediumOblique.ttf", O_RDONLY|O_CLOEXEC) = 3
14:15:41.645124 openat(AT_FDCWD, "/home/dikluwe/.local/share/fonts/Iosevka/IosevkaNerdFont-ThinOblique.ttf", O_RDONLY|O_CLOEXEC) = 3
14:15:41.645299 openat(AT_FDCWD, "/home/dikluwe/.local/share/fonts/Iosevka/IosevkaNerdFontPropo-ExtraBoldItalic.ttf", O_RDONLY|O_CLOEXEC) = 3
14:15:41.645476 openat(AT_FDCWD, "/home/dikluwe/.local/share/fonts/Iosevka/IosevkaNerdFontMono-HeavyOblique.ttf", O_RDONLY|O_CLOEXEC) = 3
14:15:41.645649 openat(AT_FDCWD, "/home/dikluwe/.local/share/fonts/Iosevka/IosevkaNerdFontPropo-Bold.ttf", O_RDONLY|O_CLOEXEC) = 3
14:15:41.645825 openat(AT_FDCWD, "/home/dikluwe/.local/share/fonts/Iosevka/IosevkaNerdFont-Heavy.ttf", O_RDONLY|O_CLOEXEC) = 3
14:15:41.646003 openat(AT_FDCWD, "/home/dikluwe/.local/share/fonts/Iosevka/IosevkaNerdFont-ExtraBold.ttf", O_RDONLY|O_CLOEXEC) = 3
14:15:41.646177 openat(AT_FDCWD, "/home/dikluwe/.local/share/fonts/Iosevka/IosevkaNerdFont-SemiBold.ttf", O_RDONLY|O_CLOEXEC) = 3
14:15:41.646353 openat(AT_FDCWD, "/home/dikluwe/.local/share/fonts/Iosevka/IosevkaNerdFont-ExtraBoldOblique.ttf", O_RDONLY|O_CLOEXEC) = 3
14:15:41.646525 openat(AT_FDCWD, "/home/dikluwe/.local/share/fonts/Iosevka/IosevkaNerdFontMono-Regular.ttf", O_RDONLY|O_CLOEXEC) = 3
14:15:41.646697 openat(AT_FDCWD, "/home/dikluwe/.local/share/fonts/Iosevka/IosevkaNerdFontMono-SemiBold.ttf", O_RDONLY|O_CLOEXEC) = 3
14:15:41.646870 openat(AT_FDCWD, "/home/dikluwe/.local/share/fonts/Iosevka/IosevkaNerdFont-HeavyOblique.ttf", O_RDONLY|O_CLOEXEC) = 3
14:15:41.647047 openat(AT_FDCWD, "/home/dikluwe/.local/share/fonts/Iosevka/IosevkaNerdFontMono-ExtraLight.ttf", O_RDONLY|O_CLOEXEC) = 3
14:15:41.647218 openat(AT_FDCWD, "/home/dikluwe/.local/share/fonts/Iosevka/IosevkaNerdFont-Light.ttf", O_RDONLY|O_CLOEXEC) = 3
14:15:41.647390 openat(AT_FDCWD, "/home/dikluwe/.local/share/fonts/Iosevka/IosevkaNerdFontPropo-Regular.ttf", O_RDONLY|O_CLOEXEC) = 3
14:15:41.647562 openat(AT_FDCWD, "/home/dikluwe/.local/share/fonts/Iosevka/IosevkaNerdFontMono-Italic.ttf", O_RDONLY|O_CLOEXEC) = 3
14:15:41.647739 openat(AT_FDCWD, "/home/dikluwe/.local/share/fonts/Iosevka/IosevkaNerdFont-HeavyItalic.ttf", O_RDONLY|O_CLOEXEC) = 3
14:15:41.647916 openat(AT_FDCWD, "/home/dikluwe/.local/share/fonts/Iosevka/IosevkaNerdFontMono-Medium.ttf", O_RDONLY|O_CLOEXEC) = 3
14:15:41.648091 openat(AT_FDCWD, "/home/dikluwe/.local/share/fonts/Iosevka/IosevkaNerdFontPropo-Light.ttf", O_RDONLY|O_CLOEXEC) = 3
14:15:41.648263 openat(AT_FDCWD, "/home/dikluwe/.local/share/fonts/Iosevka/IosevkaNerdFontMono-LightItalic.ttf", O_RDONLY|O_CLOEXEC) = 3
14:15:41.648435 openat(AT_FDCWD, "/home/dikluwe/.local/share/fonts/Monoid/MonoidNerdFontMono-Italic.ttf", O_RDONLY|O_CLOEXEC) = 3
14:15:41.648594 openat(AT_FDCWD, "/home/dikluwe/.local/share/fonts/Monoid/MonoidNerdFontPropo-Italic.ttf", O_RDONLY|O_CLOEXEC) = 3
14:15:41.648752 openat(AT_FDCWD, "/home/dikluwe/.local/share/fonts/Monoid/MonoidNerdFont-Italic.ttf", O_RDONLY|O_CLOEXEC) = 3
14:15:41.648915 openat(AT_FDCWD, "/home/dikluwe/.local/share/fonts/Monoid/MonoidNerdFontMono-Regular.ttf", O_RDONLY|O_CLOEXEC) = 3
14:15:41.649090 openat(AT_FDCWD, "/home/dikluwe/.local/share/fonts/Monoid/MonoidNerdFontPropo-Regular.ttf", O_RDONLY|O_CLOEXEC) = 3
14:15:41.649253 openat(AT_FDCWD, "/home/dikluwe/.local/share/fonts/Monoid/MonoidNerdFont-Regular.ttf", O_RDONLY|O_CLOEXEC) = 3
14:15:41.649412 openat(AT_FDCWD, "/home/dikluwe/.local/share/fonts/Monoid/MonoidNerdFont-Retina.ttf", O_RDONLY|O_CLOEXEC) = 3
14:15:41.649568 openat(AT_FDCWD, "/home/dikluwe/.local/share/fonts/Monoid/MonoidNerdFontMono-Retina.ttf", O_RDONLY|O_CLOEXEC) = 3
14:15:41.649725 openat(AT_FDCWD, "/home/dikluwe/.local/share/fonts/Monoid/MonoidNerdFontPropo-Retina.ttf", O_RDONLY|O_CLOEXEC) = 3
14:15:41.649884 openat(AT_FDCWD, "/home/dikluwe/.local/share/fonts/Monoid/MonoidNerdFontMono-Bold.ttf", O_RDONLY|O_CLOEXEC) = 3
14:15:41.650067 openat(AT_FDCWD, "/home/dikluwe/.local/share/fonts/Monoid/MonoidNerdFont-Bold.ttf", O_RDONLY|O_CLOEXEC) = 3
14:15:41.650231 openat(AT_FDCWD, "/home/dikluwe/.local/share/fonts/Monoid/MonoidNerdFontPropo-Bold.ttf", O_RDONLY|O_CLOEXEC) = 3
14:15:41.650390 openat(AT_FDCWD, "/home/dikluwe/.local/share/fonts/VictorMono/VictorMonoNerdFontPropo-LightItalic.ttf", O_RDONLY|O_CLOEXEC) = 3
14:15:41.650553 openat(AT_FDCWD, "/home/dikluwe/.local/share/fonts/VictorMono/VictorMonoNerdFontMono-LightItalic.ttf", O_RDONLY|O_CLOEXEC) = 3
14:15:41.650715 openat(AT_FDCWD, "/home/dikluwe/.local/share/fonts/VictorMono/VictorMonoNerdFont-LightItalic.ttf", O_RDONLY|O_CLOEXEC) = 3
14:15:41.650879 openat(AT_FDCWD, "/home/dikluwe/.local/share/fonts/VictorMono/VictorMonoNerdFontMono-SemiBoldOblique.ttf", O_RDONLY|O_CLOEXEC) = 3
14:15:41.651050 openat(AT_FDCWD, "/home/dikluwe/.local/share/fonts/VictorMono/VictorMonoNerdFontPropo-SemiBoldOblique.ttf", O_RDONLY|O_CLOEXEC) = 3
14:15:41.651216 openat(AT_FDCWD, "/home/dikluwe/.local/share/fonts/VictorMono/VictorMonoNerdFont-SemiBoldOblique.ttf", O_RDONLY|O_CLOEXEC) = 3
14:15:41.651379 openat(AT_FDCWD, "/home/dikluwe/.local/share/fonts/VictorMono/VictorMonoNerdFontPropo-ExtraLightItalic.ttf", O_RDONLY|O_CLOEXEC) = 3
14:15:41.651543 openat(AT_FDCWD, "/home/dikluwe/.local/share/fonts/VictorMono/VictorMonoNerdFontMono-ExtraLightItalic.ttf", O_RDONLY|O_CLOEXEC) = 3
14:15:41.651705 openat(AT_FDCWD, "/home/dikluwe/.local/share/fonts/VictorMono/VictorMonoNerdFont-ExtraLightItalic.ttf", O_RDONLY|O_CLOEXEC) = 3
14:15:41.651867 openat(AT_FDCWD, "/home/dikluwe/.local/share/fonts/VictorMono/VictorMonoNerdFontMono-MediumItalic.ttf", O_RDONLY|O_CLOEXEC) = 3
14:15:41.652035 openat(AT_FDCWD, "/home/dikluwe/.local/share/fonts/VictorMono/VictorMonoNerdFontPropo-MediumItalic.ttf", O_RDONLY|O_CLOEXEC) = 3
14:15:41.652197 openat(AT_FDCWD, "/home/dikluwe/.local/share/fonts/VictorMono/VictorMonoNerdFont-MediumItalic.ttf", O_RDONLY|O_CLOEXEC) = 3
14:15:41.652378 openat(AT_FDCWD, "/home/dikluwe/.local/share/fonts/VictorMono/VictorMonoNerdFont-Italic.ttf", O_RDONLY|O_CLOEXEC) = 3
14:15:41.652598 openat(AT_FDCWD, "/home/dikluwe/.local/share/fonts/VictorMono/VictorMonoNerdFontPropo-Italic.ttf", O_RDONLY|O_CLOEXEC) = 3
14:15:41.652801 openat(AT_FDCWD, "/home/dikluwe/.local/share/fonts/VictorMono/VictorMonoNerdFontMono-Italic.ttf", O_RDONLY|O_CLOEXEC) = 3
14:15:41.652988 openat(AT_FDCWD, "/home/dikluwe/.local/share/fonts/VictorMono/VictorMonoNerdFont-MediumOblique.ttf", O_RDONLY|O_CLOEXEC) = 3
14:15:41.653170 openat(AT_FDCWD, "/home/dikluwe/.local/share/fonts/VictorMono/VictorMonoNerdFontMono-MediumOblique.ttf", O_RDONLY|O_CLOEXEC) = 3
14:15:41.653346 openat(AT_FDCWD, "/home/dikluwe/.local/share/fonts/VictorMono/VictorMonoNerdFontPropo-MediumOblique.ttf", O_RDONLY|O_CLOEXEC) = 3
14:15:41.653513 openat(AT_FDCWD, "/home/dikluwe/.local/share/fonts/VictorMono/VictorMonoNerdFontMono-ThinItalic.ttf", O_RDONLY|O_CLOEXEC) = 3
14:15:41.653682 openat(AT_FDCWD, "/home/dikluwe/.local/share/fonts/VictorMono/VictorMonoNerdFontPropo-ThinItalic.ttf", O_RDONLY|O_CLOEXEC) = 3
14:15:41.653856 openat(AT_FDCWD, "/home/dikluwe/.local/share/fonts/VictorMono/VictorMonoNerdFont-ThinItalic.ttf", O_RDONLY|O_CLOEXEC) = 3
14:15:41.654028 openat(AT_FDCWD, "/home/dikluwe/.local/share/fonts/VictorMono/VictorMonoNerdFont-BoldItalic.ttf", O_RDONLY|O_CLOEXEC) = 3
14:15:41.654193 openat(AT_FDCWD, "/home/dikluwe/.local/share/fonts/VictorMono/VictorMonoNerdFontMono-BoldItalic.ttf", O_RDONLY|O_CLOEXEC) = 3
14:15:41.654356 openat(AT_FDCWD, "/home/dikluwe/.local/share/fonts/VictorMono/VictorMonoNerdFontPropo-BoldItalic.ttf", O_RDONLY|O_CLOEXEC) = 3
14:15:41.654521 openat(AT_FDCWD, "/home/dikluwe/.local/share/fonts/VictorMono/VictorMonoNerdFontMono-BoldOblique.ttf", O_RDONLY|O_CLOEXEC) = 3
14:15:41.654685 openat(AT_FDCWD, "/home/dikluwe/.local/share/fonts/VictorMono/VictorMonoNerdFontPropo-BoldOblique.ttf", O_RDONLY|O_CLOEXEC) = 3
14:15:41.654849 openat(AT_FDCWD, "/home/dikluwe/.local/share/fonts/VictorMono/VictorMonoNerdFont-BoldOblique.ttf", O_RDONLY|O_CLOEXEC) = 3
14:15:41.655037 openat(AT_FDCWD, "/home/dikluwe/.local/share/fonts/VictorMono/VictorMonoNerdFontMono-ExtraLightOblique.ttf", O_RDONLY|O_CLOEXEC) = 3
14:15:41.655203 openat(AT_FDCWD, "/home/dikluwe/.local/share/fonts/VictorMono/VictorMonoNerdFontPropo-ExtraLightOblique.ttf", O_RDONLY|O_CLOEXEC) = 3
14:15:41.655366 openat(AT_FDCWD, "/home/dikluwe/.local/share/fonts/VictorMono/VictorMonoNerdFont-ExtraLightOblique.ttf", O_RDONLY|O_CLOEXEC) = 3
14:15:41.655530 openat(AT_FDCWD, "/home/dikluwe/.local/share/fonts/VictorMono/VictorMonoNerdFontMono-Regular.ttf", O_RDONLY|O_CLOEXEC) = 3
14:15:41.655694 openat(AT_FDCWD, "/home/dikluwe/.local/share/fonts/VictorMono/VictorMonoNerdFont-Regular.ttf", O_RDONLY|O_CLOEXEC) = 3
14:15:41.655860 openat(AT_FDCWD, "/home/dikluwe/.local/share/fonts/VictorMono/VictorMonoNerdFontPropo-Regular.ttf", O_RDONLY|O_CLOEXEC) = 3
14:15:41.656032 openat(AT_FDCWD, "/home/dikluwe/.local/share/fonts/VictorMono/VictorMonoNerdFont-ThinOblique.ttf", O_RDONLY|O_CLOEXEC) = 3
14:15:41.656197 openat(AT_FDCWD, "/home/dikluwe/.local/share/fonts/VictorMono/VictorMonoNerdFontMono-ThinOblique.ttf", O_RDONLY|O_CLOEXEC) = 3
14:15:41.656360 openat(AT_FDCWD, "/home/dikluwe/.local/share/fonts/VictorMono/VictorMonoNerdFontPropo-ThinOblique.ttf", O_RDONLY|O_CLOEXEC) = 3
14:15:41.656523 openat(AT_FDCWD, "/home/dikluwe/.local/share/fonts/VictorMono/VictorMonoNerdFontMono-SemiBoldItalic.ttf", O_RDONLY|O_CLOEXEC) = 3
14:15:41.656689 openat(AT_FDCWD, "/home/dikluwe/.local/share/fonts/VictorMono/VictorMonoNerdFontPropo-SemiBoldItalic.ttf", O_RDONLY|O_CLOEXEC) = 3
14:15:41.656853 openat(AT_FDCWD, "/home/dikluwe/.local/share/fonts/VictorMono/VictorMonoNerdFont-SemiBoldItalic.ttf", O_RDONLY|O_CLOEXEC) = 3
14:15:41.657023 openat(AT_FDCWD, "/home/dikluwe/.local/share/fonts/VictorMono/VictorMonoNerdFontMono-Oblique.ttf", O_RDONLY|O_CLOEXEC) = 3
14:15:41.657187 openat(AT_FDCWD, "/home/dikluwe/.local/share/fonts/VictorMono/VictorMonoNerdFontPropo-Oblique.ttf", O_RDONLY|O_CLOEXEC) = 3
14:15:41.657350 openat(AT_FDCWD, "/home/dikluwe/.local/share/fonts/VictorMono/VictorMonoNerdFont-Oblique.ttf", O_RDONLY|O_CLOEXEC) = 3
14:15:41.657512 openat(AT_FDCWD, "/home/dikluwe/.local/share/fonts/VictorMono/VictorMonoNerdFontMono-Thin.ttf", O_RDONLY|O_CLOEXEC) = 3
14:15:41.657688 openat(AT_FDCWD, "/home/dikluwe/.local/share/fonts/VictorMono/VictorMonoNerdFont-Thin.ttf", O_RDONLY|O_CLOEXEC) = 3
14:15:41.657851 openat(AT_FDCWD, "/home/dikluwe/.local/share/fonts/VictorMono/VictorMonoNerdFontPropo-Thin.ttf", O_RDONLY|O_CLOEXEC) = 3
14:15:41.658022 openat(AT_FDCWD, "/home/dikluwe/.local/share/fonts/VictorMono/VictorMonoNerdFontPropo-ExtraLight.ttf", O_RDONLY|O_CLOEXEC) = 3
14:15:41.658187 openat(AT_FDCWD, "/home/dikluwe/.local/share/fonts/VictorMono/VictorMonoNerdFontMono-ExtraLight.ttf", O_RDONLY|O_CLOEXEC) = 3
14:15:41.658355 openat(AT_FDCWD, "/home/dikluwe/.local/share/fonts/VictorMono/VictorMonoNerdFont-ExtraLight.ttf", O_RDONLY|O_CLOEXEC) = 3
14:15:41.658517 openat(AT_FDCWD, "/home/dikluwe/.local/share/fonts/VictorMono/VictorMonoNerdFontMono-LightOblique.ttf", O_RDONLY|O_CLOEXEC) = 3
14:15:41.658680 openat(AT_FDCWD, "/home/dikluwe/.local/share/fonts/VictorMono/VictorMonoNerdFontPropo-LightOblique.ttf", O_RDONLY|O_CLOEXEC) = 3
14:15:41.658842 openat(AT_FDCWD, "/home/dikluwe/.local/share/fonts/VictorMono/VictorMonoNerdFont-LightOblique.ttf", O_RDONLY|O_CLOEXEC) = 3
14:15:41.659016 openat(AT_FDCWD, "/home/dikluwe/.local/share/fonts/VictorMono/VictorMonoNerdFont-Medium.ttf", O_RDONLY|O_CLOEXEC) = 3
14:15:41.659181 openat(AT_FDCWD, "/home/dikluwe/.local/share/fonts/VictorMono/VictorMonoNerdFontMono-Medium.ttf", O_RDONLY|O_CLOEXEC) = 3
14:15:41.659343 openat(AT_FDCWD, "/home/dikluwe/.local/share/fonts/VictorMono/VictorMonoNerdFontPropo-Medium.ttf", O_RDONLY|O_CLOEXEC) = 3
14:15:41.659506 openat(AT_FDCWD, "/home/dikluwe/.local/share/fonts/VictorMono/VictorMonoNerdFontMono-Bold.ttf", O_RDONLY|O_CLOEXEC) = 3
14:15:41.659669 openat(AT_FDCWD, "/home/dikluwe/.local/share/fonts/VictorMono/VictorMonoNerdFontPropo-Bold.ttf", O_RDONLY|O_CLOEXEC) = 3
14:15:41.659851 openat(AT_FDCWD, "/home/dikluwe/.local/share/fonts/VictorMono/VictorMonoNerdFont-Bold.ttf", O_RDONLY|O_CLOEXEC) = 3
14:15:41.660024 openat(AT_FDCWD, "/home/dikluwe/.local/share/fonts/VictorMono/VictorMonoNerdFontPropo-Light.ttf", O_RDONLY|O_CLOEXEC) = 3
14:15:41.660188 openat(AT_FDCWD, "/home/dikluwe/.local/share/fonts/VictorMono/VictorMonoNerdFont-Light.ttf", O_RDONLY|O_CLOEXEC) = 3
14:15:41.660353 openat(AT_FDCWD, "/home/dikluwe/.local/share/fonts/VictorMono/VictorMonoNerdFontMono-Light.ttf", O_RDONLY|O_CLOEXEC) = 3
14:15:41.660517 openat(AT_FDCWD, "/home/dikluwe/.local/share/fonts/VictorMono/VictorMonoNerdFontMono-SemiBold.ttf", O_RDONLY|O_CLOEXEC) = 3
14:15:41.660680 openat(AT_FDCWD, "/home/dikluwe/.local/share/fonts/VictorMono/VictorMonoNerdFontPropo-SemiBold.ttf", O_RDONLY|O_CLOEXEC) = 3
14:15:41.660844 openat(AT_FDCWD, "/home/dikluwe/.local/share/fonts/VictorMono/VictorMonoNerdFont-SemiBold.ttf", O_RDONLY|O_CLOEXEC) = 3
14:15:41.661014 openat(AT_FDCWD, "/home/dikluwe/.local/share/fonts/ZedMono/ZedMonoNerdFontMono-ExtendedBold.ttf", O_RDONLY|O_CLOEXEC) = 3
14:15:41.661190 openat(AT_FDCWD, "/home/dikluwe/.local/share/fonts/ZedMono/ZedMonoNerdFontPropo-ExtendedMedium.ttf", O_RDONLY|O_CLOEXEC) = 3
14:15:41.661366 openat(AT_FDCWD, "/home/dikluwe/.local/share/fonts/ZedMono/ZedMonoNerdFontMono-ExtendedLight.ttf", O_RDONLY|O_CLOEXEC) = 3
14:15:41.661540 openat(AT_FDCWD, "/home/dikluwe/.local/share/fonts/ZedMono/ZedMonoNerdFontMono-ExtendedMediumOblique.ttf", O_RDONLY|O_CLOEXEC) = 3
14:15:41.661716 openat(AT_FDCWD, "/home/dikluwe/.local/share/fonts/ZedMono/ZedMonoNerdFontPropo-ExtendedItalic.ttf", O_RDONLY|O_CLOEXEC) = 3
14:15:41.661892 openat(AT_FDCWD, "/home/dikluwe/.local/share/fonts/ZedMono/ZedMonoNerdFontPropo-ExtendedBold.ttf", O_RDONLY|O_CLOEXEC) = 3
14:15:41.662079 openat(AT_FDCWD, "/home/dikluwe/.local/share/fonts/ZedMono/ZedMonoNerdFontPropo-Extended.ttf", O_RDONLY|O_CLOEXEC) = 3
14:15:41.662258 openat(AT_FDCWD, "/home/dikluwe/.local/share/fonts/ZedMono/ZedMonoNerdFontMono-ExtendedExtraBoldOblique.ttf", O_RDONLY|O_CLOEXEC) = 3
14:15:41.662432 openat(AT_FDCWD, "/home/dikluwe/.local/share/fonts/ZedMono/ZedMonoNerdFontPropo-ExtendedExtraBoldOblique.ttf", O_RDONLY|O_CLOEXEC) = 3
14:15:41.662609 openat(AT_FDCWD, "/home/dikluwe/.local/share/fonts/ZedMono/ZedMonoNerdFont-ExtendedExtraBold.ttf", O_RDONLY|O_CLOEXEC) = 3
14:15:41.662788 openat(AT_FDCWD, "/home/dikluwe/.local/share/fonts/ZedMono/ZedMonoNerdFontPropo-ExtendedExtraBoldItalic.ttf", O_RDONLY|O_CLOEXEC) = 3
14:15:41.663009 openat(AT_FDCWD, "/home/dikluwe/.local/share/fonts/ZedMono/ZedMonoNerdFontMono-ExtendedExtraBold.ttf", O_RDONLY|O_CLOEXEC) = 3
14:15:41.663237 openat(AT_FDCWD, "/home/dikluwe/.local/share/fonts/ZedMono/ZedMonoNerdFont-ExtendedMediumItalic.ttf", O_RDONLY|O_CLOEXEC) = 3
14:15:41.663441 openat(AT_FDCWD, "/home/dikluwe/.local/share/fonts/ZedMono/ZedMonoNerdFontMono-ExtendedBoldOblique.ttf", O_RDONLY|O_CLOEXEC) = 3
14:15:41.663640 openat(AT_FDCWD, "/home/dikluwe/.local/share/fonts/ZedMono/ZedMonoNerdFontMono-ExtendedMedium.ttf", O_RDONLY|O_CLOEXEC) = 3
14:15:41.663843 openat(AT_FDCWD, "/home/dikluwe/.local/share/fonts/ZedMono/ZedMonoNerdFontPropo-ExtendedMediumOblique.ttf", O_RDONLY|O_CLOEXEC) = 3
14:15:41.664041 openat(AT_FDCWD, "/home/dikluwe/.local/share/fonts/ZedMono/ZedMonoNerdFont-Extended.ttf", O_RDONLY|O_CLOEXEC) = 3
14:15:41.664222 openat(AT_FDCWD, "/home/dikluwe/.local/share/fonts/ZedMono/ZedMonoNerdFontPropo-ExtendedBoldItalic.ttf", O_RDONLY|O_CLOEXEC) = 3
14:15:41.664400 openat(AT_FDCWD, "/home/dikluwe/.local/share/fonts/ZedMono/ZedMonoNerdFont-ExtendedOblique.ttf", O_RDONLY|O_CLOEXEC) = 3
14:15:41.664577 openat(AT_FDCWD, "/home/dikluwe/.local/share/fonts/ZedMono/ZedMonoNerdFont-ExtendedMedium.ttf", O_RDONLY|O_CLOEXEC) = 3
14:15:41.664753 openat(AT_FDCWD, "/home/dikluwe/.local/share/fonts/ZedMono/ZedMonoNerdFontPropo-ExtendedBoldOblique.ttf", O_RDONLY|O_CLOEXEC) = 3
14:15:41.664938 openat(AT_FDCWD, "/home/dikluwe/.local/share/fonts/ZedMono/ZedMonoNerdFontMono-ExtendedOblique.ttf", O_RDONLY|O_CLOEXEC) = 3
14:15:41.665135 openat(AT_FDCWD, "/home/dikluwe/.local/share/fonts/ZedMono/ZedMonoNerdFontPropo-ExtendedLightItalic.ttf", O_RDONLY|O_CLOEXEC) = 3
14:15:41.665315 openat(AT_FDCWD, "/home/dikluwe/.local/share/fonts/ZedMono/ZedMonoNerdFontPropo-ExtendedMediumItalic.ttf", O_RDONLY|O_CLOEXEC) = 3
14:15:41.665492 openat(AT_FDCWD, "/home/dikluwe/.local/share/fonts/ZedMono/ZedMonoNerdFontMono-ExtendedBoldItalic.ttf", O_RDONLY|O_CLOEXEC) = 3
14:15:41.665669 openat(AT_FDCWD, "/home/dikluwe/.local/share/fonts/ZedMono/ZedMonoNerdFont-ExtendedBold.ttf", O_RDONLY|O_CLOEXEC) = 3
14:15:41.665850 openat(AT_FDCWD, "/home/dikluwe/.local/share/fonts/ZedMono/ZedMonoNerdFontMono-ExtendedMediumItalic.ttf", O_RDONLY|O_CLOEXEC) = 3
14:15:41.666034 openat(AT_FDCWD, "/home/dikluwe/.local/share/fonts/ZedMono/ZedMonoNerdFontPropo-ExtendedExtraBold.ttf", O_RDONLY|O_CLOEXEC) = 3
14:15:41.666213 openat(AT_FDCWD, "/home/dikluwe/.local/share/fonts/ZedMono/ZedMonoNerdFontMono-Extended.ttf", O_RDONLY|O_CLOEXEC) = 3
14:15:41.666389 openat(AT_FDCWD, "/home/dikluwe/.local/share/fonts/ZedMono/ZedMonoNerdFont-ExtendedExtraBoldOblique.ttf", O_RDONLY|O_CLOEXEC) = 3
14:15:41.666567 openat(AT_FDCWD, "/home/dikluwe/.local/share/fonts/ZedMono/ZedMonoNerdFont-ExtendedMediumOblique.ttf", O_RDONLY|O_CLOEXEC) = 3
14:15:41.666749 openat(AT_FDCWD, "/home/dikluwe/.local/share/fonts/ZedMono/ZedMonoNerdFont-ExtendedItalic.ttf", O_RDONLY|O_CLOEXEC) = 3
14:15:41.666929 openat(AT_FDCWD, "/home/dikluwe/.local/share/fonts/ZedMono/ZedMonoNerdFontMono-ExtendedLightOblique.ttf", O_RDONLY|O_CLOEXEC) = 3
14:15:41.667111 openat(AT_FDCWD, "/home/dikluwe/.local/share/fonts/ZedMono/ZedMonoNerdFontMono-ExtendedItalic.ttf", O_RDONLY|O_CLOEXEC) = 3
14:15:41.667289 openat(AT_FDCWD, "/home/dikluwe/.local/share/fonts/ZedMono/ZedMonoNerdFontPropo-ExtendedLight.ttf", O_RDONLY|O_CLOEXEC) = 3
14:15:41.667465 openat(AT_FDCWD, "/home/dikluwe/.local/share/fonts/ZedMono/ZedMonoNerdFont-ExtendedBoldItalic.ttf", O_RDONLY|O_CLOEXEC) = 3
14:15:41.667653 openat(AT_FDCWD, "/home/dikluwe/.local/share/fonts/ZedMono/ZedMonoNerdFont-ExtendedExtraBoldItalic.ttf", O_RDONLY|O_CLOEXEC) = 3
14:15:41.667825 openat(AT_FDCWD, "/home/dikluwe/.local/share/fonts/ZedMono/ZedMonoNerdFont-ExtendedLightItalic.ttf", O_RDONLY|O_CLOEXEC) = 3
14:15:41.668007 openat(AT_FDCWD, "/home/dikluwe/.local/share/fonts/ZedMono/ZedMonoNerdFontMono-ExtendedExtraBoldItalic.ttf", O_RDONLY|O_CLOEXEC) = 3
14:15:41.668179 openat(AT_FDCWD, "/home/dikluwe/.local/share/fonts/ZedMono/ZedMonoNerdFontMono-ExtendedLightItalic.ttf", O_RDONLY|O_CLOEXEC) = 3
14:15:41.668352 openat(AT_FDCWD, "/home/dikluwe/.local/share/fonts/ZedMono/ZedMonoNerdFont-ExtendedLightOblique.ttf", O_RDONLY|O_CLOEXEC) = 3
14:15:41.668527 openat(AT_FDCWD, "/home/dikluwe/.local/share/fonts/ZedMono/ZedMonoNerdFontPropo-ExtendedLightOblique.ttf", O_RDONLY|O_CLOEXEC) = 3
14:15:41.668711 openat(AT_FDCWD, "/home/dikluwe/.local/share/fonts/ZedMono/ZedMonoNerdFont-ExtendedLight.ttf", O_RDONLY|O_CLOEXEC) = 3
14:15:41.668886 openat(AT_FDCWD, "/home/dikluwe/.local/share/fonts/ZedMono/ZedMonoNerdFont-ExtendedBoldOblique.ttf", O_RDONLY|O_CLOEXEC) = 3
14:15:41.669070 openat(AT_FDCWD, "/home/dikluwe/.local/share/fonts/ZedMono/ZedMonoNerdFontPropo-ExtendedOblique.ttf", O_RDONLY|O_CLOEXEC) = 3
14:15:41.669246 openat(AT_FDCWD, "/home/dikluwe/.local/share/fonts/ZedMono/ZedMonoNerdFontMono-Italic.ttf", O_RDONLY|O_CLOEXEC) = 3
14:15:41.669418 openat(AT_FDCWD, "/home/dikluwe/.local/share/fonts/ZedMono/ZedMonoNerdFontPropo-Oblique.ttf", O_RDONLY|O_CLOEXEC) = 3
14:15:41.669597 openat(AT_FDCWD, "/home/dikluwe/.local/share/fonts/ZedMono/ZedMonoNerdFont-BoldOblique.ttf", O_RDONLY|O_CLOEXEC) = 3
14:15:41.669774 openat(AT_FDCWD, "/home/dikluwe/.local/share/fonts/ZedMono/ZedMonoNerdFontPropo-Regular.ttf", O_RDONLY|O_CLOEXEC) = 3
14:15:41.669953 openat(AT_FDCWD, "/home/dikluwe/.local/share/fonts/ZedMono/ZedMonoNerdFontMono-Bold.ttf", O_RDONLY|O_CLOEXEC) = 3
14:15:41.670132 openat(AT_FDCWD, "/home/dikluwe/.local/share/fonts/ZedMono/ZedMonoNerdFont-BoldItalic.ttf", O_RDONLY|O_CLOEXEC) = 3
14:15:41.670305 openat(AT_FDCWD, "/home/dikluwe/.local/share/fonts/ZedMono/ZedMonoNerdFont-Regular.ttf", O_RDONLY|O_CLOEXEC) = 3
14:15:41.670505 openat(AT_FDCWD, "/home/dikluwe/.local/share/fonts/ZedMono/ZedMonoNerdFontMono-Light.ttf", O_RDONLY|O_CLOEXEC) = 3
14:15:41.670674 openat(AT_FDCWD, "/home/dikluwe/.local/share/fonts/ZedMono/ZedMonoNerdFont-LightOblique.ttf", O_RDONLY|O_CLOEXEC) = 3
14:15:41.670849 openat(AT_FDCWD, "/home/dikluwe/.local/share/fonts/ZedMono/ZedMonoNerdFont-ExtraBold.ttf", O_RDONLY|O_CLOEXEC) = 3
14:15:41.671036 openat(AT_FDCWD, "/home/dikluwe/.local/share/fonts/ZedMono/ZedMonoNerdFontMono-BoldItalic.ttf", O_RDONLY|O_CLOEXEC) = 3
14:15:41.671215 openat(AT_FDCWD, "/home/dikluwe/.local/share/fonts/ZedMono/ZedMonoNerdFontPropo-LightItalic.ttf", O_RDONLY|O_CLOEXEC) = 3
14:15:41.671386 openat(AT_FDCWD, "/home/dikluwe/.local/share/fonts/ZedMono/ZedMonoNerdFont-Medium.ttf", O_RDONLY|O_CLOEXEC) = 3
14:15:41.671564 openat(AT_FDCWD, "/home/dikluwe/.local/share/fonts/ZedMono/ZedMonoNerdFontPropo-ExtraBold.ttf", O_RDONLY|O_CLOEXEC) = 3
14:15:41.671741 openat(AT_FDCWD, "/home/dikluwe/.local/share/fonts/ZedMono/ZedMonoNerdFont-Oblique.ttf", O_RDONLY|O_CLOEXEC) = 3
14:15:41.671922 openat(AT_FDCWD, "/home/dikluwe/.local/share/fonts/ZedMono/ZedMonoNerdFontPropo-ExtraBoldItalic.ttf", O_RDONLY|O_CLOEXEC) = 3
14:15:41.672104 openat(AT_FDCWD, "/home/dikluwe/.local/share/fonts/ZedMono/ZedMonoNerdFontMono-ExtraBoldItalic.ttf", O_RDONLY|O_CLOEXEC) = 3
14:15:41.672277 openat(AT_FDCWD, "/home/dikluwe/.local/share/fonts/ZedMono/ZedMonoNerdFont-Italic.ttf", O_RDONLY|O_CLOEXEC) = 3
14:15:41.672458 openat(AT_FDCWD, "/home/dikluwe/.local/share/fonts/ZedMono/ZedMonoNerdFontPropo-Italic.ttf", O_RDONLY|O_CLOEXEC) = 3
14:15:41.672634 openat(AT_FDCWD, "/home/dikluwe/.local/share/fonts/ZedMono/ZedMonoNerdFontMono-LightOblique.ttf", O_RDONLY|O_CLOEXEC) = 3
14:15:41.672804 openat(AT_FDCWD, "/home/dikluwe/.local/share/fonts/ZedMono/ZedMonoNerdFont-ExtraBoldItalic.ttf", O_RDONLY|O_CLOEXEC) = 3
14:15:41.672993 openat(AT_FDCWD, "/home/dikluwe/.local/share/fonts/ZedMono/ZedMonoNerdFontMono-MediumItalic.ttf", O_RDONLY|O_CLOEXEC) = 3
14:15:41.673167 openat(AT_FDCWD, "/home/dikluwe/.local/share/fonts/ZedMono/ZedMonoNerdFontPropo-Light.ttf", O_RDONLY|O_CLOEXEC) = 3
14:15:41.673339 openat(AT_FDCWD, "/home/dikluwe/.local/share/fonts/ZedMono/ZedMonoNerdFont-LightItalic.ttf", O_RDONLY|O_CLOEXEC) = 3
14:15:41.673510 openat(AT_FDCWD, "/home/dikluwe/.local/share/fonts/ZedMono/ZedMonoNerdFontPropo-BoldOblique.ttf", O_RDONLY|O_CLOEXEC) = 3
14:15:41.673687 openat(AT_FDCWD, "/home/dikluwe/.local/share/fonts/ZedMono/ZedMonoNerdFont-MediumOblique.ttf", O_RDONLY|O_CLOEXEC) = 3
14:15:41.673885 openat(AT_FDCWD, "/home/dikluwe/.local/share/fonts/ZedMono/ZedMonoNerdFontPropo-Bold.ttf", O_RDONLY|O_CLOEXEC) = 3
14:15:41.674171 openat(AT_FDCWD, "/home/dikluwe/.local/share/fonts/ZedMono/ZedMonoNerdFontMono-Regular.ttf", O_RDONLY|O_CLOEXEC) = 3
14:15:41.674392 openat(AT_FDCWD, "/home/dikluwe/.local/share/fonts/ZedMono/ZedMonoNerdFont-ExtraBoldOblique.ttf", O_RDONLY|O_CLOEXEC) = 3
14:15:41.674594 openat(AT_FDCWD, "/home/dikluwe/.local/share/fonts/ZedMono/ZedMonoNerdFontMono-ExtraBoldOblique.ttf", O_RDONLY|O_CLOEXEC) = 3
14:15:41.674790 openat(AT_FDCWD, "/home/dikluwe/.local/share/fonts/ZedMono/ZedMonoNerdFont-Bold.ttf", O_RDONLY|O_CLOEXEC) = 3
14:15:41.674988 openat(AT_FDCWD, "/home/dikluwe/.local/share/fonts/ZedMono/ZedMonoNerdFontPropo-BoldItalic.ttf", O_RDONLY|O_CLOEXEC) = 3
14:15:41.675162 openat(AT_FDCWD, "/home/dikluwe/.local/share/fonts/ZedMono/ZedMonoNerdFontPropo-Medium.ttf", O_RDONLY|O_CLOEXEC) = 3
14:15:41.675342 openat(AT_FDCWD, "/home/dikluwe/.local/share/fonts/ZedMono/ZedMonoNerdFont-Light.ttf", O_RDONLY|O_CLOEXEC) = 3
14:15:41.675515 openat(AT_FDCWD, "/home/dikluwe/.local/share/fonts/ZedMono/ZedMonoNerdFontPropo-ExtraBoldOblique.ttf", O_RDONLY|O_CLOEXEC) = 3
14:15:41.675689 openat(AT_FDCWD, "/home/dikluwe/.local/share/fonts/ZedMono/ZedMonoNerdFontPropo-MediumItalic.ttf", O_RDONLY|O_CLOEXEC) = 3
14:15:41.675865 openat(AT_FDCWD, "/home/dikluwe/.local/share/fonts/ZedMono/ZedMonoNerdFontMono-ExtraBold.ttf", O_RDONLY|O_CLOEXEC) = 3
14:15:41.676119 openat(AT_FDCWD, "/home/dikluwe/.local/share/fonts/ZedMono/ZedMonoNerdFont-MediumItalic.ttf", O_RDONLY|O_CLOEXEC) = 3
14:15:41.676320 openat(AT_FDCWD, "/home/dikluwe/.local/share/fonts/ZedMono/ZedMonoNerdFontMono-MediumOblique.ttf", O_RDONLY|O_CLOEXEC) = 3
14:15:41.676515 openat(AT_FDCWD, "/home/dikluwe/.local/share/fonts/ZedMono/ZedMonoNerdFontPropo-MediumOblique.ttf", O_RDONLY|O_CLOEXEC) = 3
14:15:41.676710 openat(AT_FDCWD, "/home/dikluwe/.local/share/fonts/ZedMono/ZedMonoNerdFontPropo-LightOblique.ttf", O_RDONLY|O_CLOEXEC) = 3
14:15:41.676904 openat(AT_FDCWD, "/home/dikluwe/.local/share/fonts/ZedMono/ZedMonoNerdFontMono-Oblique.ttf", O_RDONLY|O_CLOEXEC) = 3
14:15:41.677090 openat(AT_FDCWD, "/home/dikluwe/.local/share/fonts/ZedMono/ZedMonoNerdFontMono-Medium.ttf", O_RDONLY|O_CLOEXEC) = 3
14:15:41.677268 openat(AT_FDCWD, "/home/dikluwe/.local/share/fonts/ZedMono/ZedMonoNerdFontMono-BoldOblique.ttf", O_RDONLY|O_CLOEXEC) = 3
14:15:41.677445 openat(AT_FDCWD, "/home/dikluwe/.local/share/fonts/ZedMono/ZedMonoNerdFontMono-LightItalic.ttf", O_RDONLY|O_CLOEXEC) = 3
14:15:41.677613 openat(AT_FDCWD, "/home/dikluwe/.local/share/fonts/Tinos/TinosNerdFont-Italic.ttf", O_RDONLY|O_CLOEXEC) = 3
14:15:41.677772 openat(AT_FDCWD, "/home/dikluwe/.local/share/fonts/Tinos/TinosNerdFontPropo-Italic.ttf", O_RDONLY|O_CLOEXEC) = 3
14:15:41.677957 openat(AT_FDCWD, "/home/dikluwe/.local/share/fonts/Tinos/TinosNerdFontPropo-BoldItalic.ttf", O_RDONLY|O_CLOEXEC) = 3
14:15:41.678125 openat(AT_FDCWD, "/home/dikluwe/.local/share/fonts/Tinos/TinosNerdFont-BoldItalic.ttf", O_RDONLY|O_CLOEXEC) = 3
14:15:41.678286 openat(AT_FDCWD, "/home/dikluwe/.local/share/fonts/Tinos/TinosNerdFontPropo-Regular.ttf", O_RDONLY|O_CLOEXEC) = 3
14:15:41.678445 openat(AT_FDCWD, "/home/dikluwe/.local/share/fonts/Tinos/TinosNerdFont-Regular.ttf", O_RDONLY|O_CLOEXEC) = 3
14:15:41.678607 openat(AT_FDCWD, "/home/dikluwe/.local/share/fonts/Tinos/TinosNerdFont-Bold.ttf", O_RDONLY|O_CLOEXEC) = 3
14:15:41.678767 openat(AT_FDCWD, "/home/dikluwe/.local/share/fonts/Tinos/TinosNerdFontPropo-Bold.ttf", O_RDONLY|O_CLOEXEC) = 3
14:15:41.678936 openat(AT_FDCWD, "/home/dikluwe/.local/share/fonts/Ubuntu/UbuntuNerdFont-LightItalic.ttf", O_RDONLY|O_CLOEXEC) = 3
14:15:41.679105 openat(AT_FDCWD, "/home/dikluwe/.local/share/fonts/Ubuntu/UbuntuNerdFontPropo-LightItalic.ttf", O_RDONLY|O_CLOEXEC) = 3
14:15:41.679277 openat(AT_FDCWD, "/home/dikluwe/.local/share/fonts/Ubuntu/UbuntuNerdFontPropo-MediumItalic.ttf", O_RDONLY|O_CLOEXEC) = 3
14:15:41.679440 openat(AT_FDCWD, "/home/dikluwe/.local/share/fonts/Ubuntu/UbuntuNerdFont-MediumItalic.ttf", O_RDONLY|O_CLOEXEC) = 3
14:15:41.679602 openat(AT_FDCWD, "/home/dikluwe/.local/share/fonts/Ubuntu/UbuntuNerdFontPropo-BoldItalic.ttf", O_RDONLY|O_CLOEXEC) = 3
14:15:41.679765 openat(AT_FDCWD, "/home/dikluwe/.local/share/fonts/Ubuntu/UbuntuNerdFont-BoldItalic.ttf", O_RDONLY|O_CLOEXEC) = 3
14:15:41.679931 openat(AT_FDCWD, "/home/dikluwe/.local/share/fonts/Ubuntu/UbuntuNerdFontPropo-Italic.ttf", O_RDONLY|O_CLOEXEC) = 3
14:15:41.680097 openat(AT_FDCWD, "/home/dikluwe/.local/share/fonts/Ubuntu/UbuntuNerdFont-Italic.ttf", O_RDONLY|O_CLOEXEC) = 3
14:15:41.680252 openat(AT_FDCWD, "/home/dikluwe/.local/share/fonts/Ubuntu/UbuntuNerdFont-Regular.ttf", O_RDONLY|O_CLOEXEC) = 3
14:15:41.680408 openat(AT_FDCWD, "/home/dikluwe/.local/share/fonts/Ubuntu/UbuntuNerdFontPropo-Regular.ttf", O_RDONLY|O_CLOEXEC) = 3
14:15:41.680571 openat(AT_FDCWD, "/home/dikluwe/.local/share/fonts/Ubuntu/UbuntuNerdFontPropo-Condensed.ttf", O_RDONLY|O_CLOEXEC) = 3
14:15:41.680728 openat(AT_FDCWD, "/home/dikluwe/.local/share/fonts/Ubuntu/UbuntuNerdFont-Condensed.ttf", O_RDONLY|O_CLOEXEC) = 3
14:15:41.680895 openat(AT_FDCWD, "/home/dikluwe/.local/share/fonts/Ubuntu/UbuntuNerdFont-Medium.ttf", O_RDONLY|O_CLOEXEC) = 3
14:15:41.681067 openat(AT_FDCWD, "/home/dikluwe/.local/share/fonts/Ubuntu/UbuntuNerdFontPropo-Medium.ttf", O_RDONLY|O_CLOEXEC) = 3
14:15:41.681232 openat(AT_FDCWD, "/home/dikluwe/.local/share/fonts/Ubuntu/UbuntuNerdFontPropo-Bold.ttf", O_RDONLY|O_CLOEXEC) = 3
14:15:41.681414 openat(AT_FDCWD, "/home/dikluwe/.local/share/fonts/Ubuntu/UbuntuNerdFont-Bold.ttf", O_RDONLY|O_CLOEXEC) = 3
14:15:41.681574 openat(AT_FDCWD, "/home/dikluwe/.local/share/fonts/Ubuntu/UbuntuNerdFont-Light.ttf", O_RDONLY|O_CLOEXEC) = 3
14:15:41.681734 openat(AT_FDCWD, "/home/dikluwe/.local/share/fonts/Ubuntu/UbuntuNerdFontPropo-Light.ttf", O_RDONLY|O_CLOEXEC) = 3
14:15:41.681895 openat(AT_FDCWD, "/home/dikluwe/.local/share/fonts/DejaVuSansMono/DejaVuSansMNerdFontPropo-Oblique.ttf", O_RDONLY|O_CLOEXEC) = 3
14:15:41.682064 openat(AT_FDCWD, "/home/dikluwe/.local/share/fonts/DejaVuSansMono/DejaVuSansMNerdFont-Oblique.ttf", O_RDONLY|O_CLOEXEC) = 3
14:15:41.682223 openat(AT_FDCWD, "/home/dikluwe/.local/share/fonts/DejaVuSansMono/DejaVuSansMNerdFontMono-Oblique.ttf", O_RDONLY|O_CLOEXEC) = 3
14:15:41.682382 openat(AT_FDCWD, "/home/dikluwe/.local/share/fonts/DejaVuSansMono/DejaVuSansMNerdFontPropo-BoldOblique.ttf", O_RDONLY|O_CLOEXEC) = 3
14:15:41.682541 openat(AT_FDCWD, "/home/dikluwe/.local/share/fonts/DejaVuSansMono/DejaVuSansMNerdFontMono-BoldOblique.ttf", O_RDONLY|O_CLOEXEC) = 3
14:15:41.682700 openat(AT_FDCWD, "/home/dikluwe/.local/share/fonts/DejaVuSansMono/DejaVuSansMNerdFont-BoldOblique.ttf", O_RDONLY|O_CLOEXEC) = 3
14:15:41.682858 openat(AT_FDCWD, "/home/dikluwe/.local/share/fonts/DejaVuSansMono/DejaVuSansMNerdFontPropo-Regular.ttf", O_RDONLY|O_CLOEXEC) = 3
14:15:41.683027 openat(AT_FDCWD, "/home/dikluwe/.local/share/fonts/DejaVuSansMono/DejaVuSansMNerdFont-Regular.ttf", O_RDONLY|O_CLOEXEC) = 3
14:15:41.683184 openat(AT_FDCWD, "/home/dikluwe/.local/share/fonts/DejaVuSansMono/DejaVuSansMNerdFontMono-Regular.ttf", O_RDONLY|O_CLOEXEC) = 3
14:15:41.683337 openat(AT_FDCWD, "/home/dikluwe/.local/share/fonts/DejaVuSansMono/DejaVuSansMNerdFont-Bold.ttf", O_RDONLY|O_CLOEXEC) = 3
14:15:41.683491 openat(AT_FDCWD, "/home/dikluwe/.local/share/fonts/DejaVuSansMono/DejaVuSansMNerdFontPropo-Bold.ttf", O_RDONLY|O_CLOEXEC) = 3
14:15:41.683647 openat(AT_FDCWD, "/home/dikluwe/.local/share/fonts/DejaVuSansMono/DejaVuSansMNerdFontMono-Bold.ttf", O_RDONLY|O_CLOEXEC) = 3
14:15:41.683801 openat(AT_FDCWD, "/usr/share/texmf/fonts/opentype/public/lm/lmmono10-italic.otf", O_RDONLY|O_CLOEXEC) = 3
14:15:41.683957 openat(AT_FDCWD, "/usr/share/texmf/fonts/opentype/public/lm/lmmono10-regular.otf", O_RDONLY|O_CLOEXEC) = 3
14:15:41.684105 openat(AT_FDCWD, "/usr/share/texmf/fonts/opentype/public/lm/lmmono12-regular.otf", O_RDONLY|O_CLOEXEC) = 3
14:15:41.684250 openat(AT_FDCWD, "/usr/share/texmf/fonts/opentype/public/lm/lmmono8-regular.otf", O_RDONLY|O_CLOEXEC) = 3
14:15:41.684397 openat(AT_FDCWD, "/usr/share/texmf/fonts/opentype/public/lm/lmmono9-regular.otf", O_RDONLY|O_CLOEXEC) = 3
14:15:41.684541 openat(AT_FDCWD, "/usr/share/texmf/fonts/opentype/public/lm/lmmonocaps10-oblique.otf", O_RDONLY|O_CLOEXEC) = 3
14:15:41.684686 openat(AT_FDCWD, "/usr/share/texmf/fonts/opentype/public/lm/lmmonocaps10-regular.otf", O_RDONLY|O_CLOEXEC) = 3
14:15:41.684831 openat(AT_FDCWD, "/usr/share/texmf/fonts/opentype/public/lm/lmmonolt10-bold.otf", O_RDONLY|O_CLOEXEC) = 3
14:15:41.684989 openat(AT_FDCWD, "/usr/share/texmf/fonts/opentype/public/lm/lmmonolt10-boldoblique.otf", O_RDONLY|O_CLOEXEC) = 3
14:15:41.685139 openat(AT_FDCWD, "/usr/share/texmf/fonts/opentype/public/lm/lmmonolt10-oblique.otf", O_RDONLY|O_CLOEXEC) = 3
14:15:41.685287 openat(AT_FDCWD, "/usr/share/texmf/fonts/opentype/public/lm/lmmonolt10-regular.otf", O_RDONLY|O_CLOEXEC) = 3
14:15:41.685432 openat(AT_FDCWD, "/usr/share/texmf/fonts/opentype/public/lm/lmmonoltcond10-oblique.otf", O_RDONLY|O_CLOEXEC) = 3
14:15:41.685580 openat(AT_FDCWD, "/usr/share/texmf/fonts/opentype/public/lm/lmmonoltcond10-regular.otf", O_RDONLY|O_CLOEXEC) = 3
14:15:41.685724 openat(AT_FDCWD, "/usr/share/texmf/fonts/opentype/public/lm/lmmonoprop10-oblique.otf", O_RDONLY|O_CLOEXEC) = 3
14:15:41.685874 openat(AT_FDCWD, "/usr/share/texmf/fonts/opentype/public/lm/lmmonoprop10-regular.otf", O_RDONLY|O_CLOEXEC) = 3
14:15:41.686041 openat(AT_FDCWD, "/usr/share/texmf/fonts/opentype/public/lm/lmmonoproplt10-bold.otf", O_RDONLY|O_CLOEXEC) = 3
14:15:41.686208 openat(AT_FDCWD, "/usr/share/texmf/fonts/opentype/public/lm/lmmonoproplt10-boldoblique.otf", O_RDONLY|O_CLOEXEC) = 3
14:15:41.686359 openat(AT_FDCWD, "/usr/share/texmf/fonts/opentype/public/lm/lmmonoproplt10-oblique.otf", O_RDONLY|O_CLOEXEC) = 3
14:15:41.686510 openat(AT_FDCWD, "/usr/share/texmf/fonts/opentype/public/lm/lmmonoproplt10-regular.otf", O_RDONLY|O_CLOEXEC) = 3
14:15:41.686661 openat(AT_FDCWD, "/usr/share/texmf/fonts/opentype/public/lm/lmmonoslant10-regular.otf", O_RDONLY|O_CLOEXEC) = 3
14:15:41.686807 openat(AT_FDCWD, "/usr/share/texmf/fonts/opentype/public/lm/lmroman10-bold.otf", O_RDONLY|O_CLOEXEC) = 3
14:15:41.686968 openat(AT_FDCWD, "/usr/share/texmf/fonts/opentype/public/lm/lmroman10-bolditalic.otf", O_RDONLY|O_CLOEXEC) = 3
14:15:41.687121 openat(AT_FDCWD, "/usr/share/texmf/fonts/opentype/public/lm/lmroman10-italic.otf", O_RDONLY|O_CLOEXEC) = 3
14:15:41.687272 openat(AT_FDCWD, "/usr/share/texmf/fonts/opentype/public/lm/lmroman10-regular.otf", O_RDONLY|O_CLOEXEC) = 3
14:15:41.687556 openat(AT_FDCWD, "/usr/share/texmf/fonts/opentype/public/lm/lmroman12-bold.otf", O_RDONLY|O_CLOEXEC) = 3
14:15:41.687727 openat(AT_FDCWD, "/usr/share/texmf/fonts/opentype/public/lm/lmroman12-italic.otf", O_RDONLY|O_CLOEXEC) = 3
14:15:41.687878 openat(AT_FDCWD, "/usr/share/texmf/fonts/opentype/public/lm/lmroman12-regular.otf", O_RDONLY|O_CLOEXEC) = 3
14:15:41.688035 openat(AT_FDCWD, "/usr/share/texmf/fonts/opentype/public/lm/lmroman17-regular.otf", O_RDONLY|O_CLOEXEC) = 3
14:15:41.688185 openat(AT_FDCWD, "/usr/share/texmf/fonts/opentype/public/lm/lmroman5-bold.otf", O_RDONLY|O_CLOEXEC) = 3
14:15:41.688334 openat(AT_FDCWD, "/usr/share/texmf/fonts/opentype/public/lm/lmroman5-regular.otf", O_RDONLY|O_CLOEXEC) = 3
14:15:41.688483 openat(AT_FDCWD, "/usr/share/texmf/fonts/opentype/public/lm/lmroman6-bold.otf", O_RDONLY|O_CLOEXEC) = 3
14:15:41.688639 openat(AT_FDCWD, "/usr/share/texmf/fonts/opentype/public/lm/lmroman6-regular.otf", O_RDONLY|O_CLOEXEC) = 3
14:15:41.688813 openat(AT_FDCWD, "/usr/share/texmf/fonts/opentype/public/lm/lmroman7-bold.otf", O_RDONLY|O_CLOEXEC) = 3
14:15:41.688971 openat(AT_FDCWD, "/usr/share/texmf/fonts/opentype/public/lm/lmroman7-italic.otf", O_RDONLY|O_CLOEXEC) = 3
14:15:41.689124 openat(AT_FDCWD, "/usr/share/texmf/fonts/opentype/public/lm/lmroman7-regular.otf", O_RDONLY|O_CLOEXEC) = 3
14:15:41.689274 openat(AT_FDCWD, "/usr/share/texmf/fonts/opentype/public/lm/lmroman8-bold.otf", O_RDONLY|O_CLOEXEC) = 3
14:15:41.689423 openat(AT_FDCWD, "/usr/share/texmf/fonts/opentype/public/lm/lmroman8-italic.otf", O_RDONLY|O_CLOEXEC) = 3
14:15:41.689573 openat(AT_FDCWD, "/usr/share/texmf/fonts/opentype/public/lm/lmroman8-regular.otf", O_RDONLY|O_CLOEXEC) = 3
14:15:41.689723 openat(AT_FDCWD, "/usr/share/texmf/fonts/opentype/public/lm/lmroman9-bold.otf", O_RDONLY|O_CLOEXEC) = 3
14:15:41.689879 openat(AT_FDCWD, "/usr/share/texmf/fonts/opentype/public/lm/lmroman9-italic.otf", O_RDONLY|O_CLOEXEC) = 3
14:15:41.690042 openat(AT_FDCWD, "/usr/share/texmf/fonts/opentype/public/lm/lmroman9-regular.otf", O_RDONLY|O_CLOEXEC) = 3
14:15:41.690194 openat(AT_FDCWD, "/usr/share/texmf/fonts/opentype/public/lm/lmromancaps10-oblique.otf", O_RDONLY|O_CLOEXEC) = 3
14:15:41.690346 openat(AT_FDCWD, "/usr/share/texmf/fonts/opentype/public/lm/lmromancaps10-regular.otf", O_RDONLY|O_CLOEXEC) = 3
14:15:41.690497 openat(AT_FDCWD, "/usr/share/texmf/fonts/opentype/public/lm/lmromandemi10-oblique.otf", O_RDONLY|O_CLOEXEC) = 3
14:15:41.690648 openat(AT_FDCWD, "/usr/share/texmf/fonts/opentype/public/lm/lmromandemi10-regular.otf", O_RDONLY|O_CLOEXEC) = 3
14:15:41.690798 openat(AT_FDCWD, "/usr/share/texmf/fonts/opentype/public/lm/lmromandunh10-oblique.otf", O_RDONLY|O_CLOEXEC) = 3
14:15:41.691017 openat(AT_FDCWD, "/usr/share/texmf/fonts/opentype/public/lm/lmromandunh10-regular.otf", O_RDONLY|O_CLOEXEC) = 3
14:15:41.691188 openat(AT_FDCWD, "/usr/share/texmf/fonts/opentype/public/lm/lmromanslant10-bold.otf", O_RDONLY|O_CLOEXEC) = 3
14:15:41.691344 openat(AT_FDCWD, "/usr/share/texmf/fonts/opentype/public/lm/lmromanslant10-regular.otf", O_RDONLY|O_CLOEXEC) = 3
14:15:41.691518 openat(AT_FDCWD, "/usr/share/texmf/fonts/opentype/public/lm/lmromanslant12-regular.otf", O_RDONLY|O_CLOEXEC) = 3
14:15:41.691680 openat(AT_FDCWD, "/usr/share/texmf/fonts/opentype/public/lm/lmromanslant17-regular.otf", O_RDONLY|O_CLOEXEC) = 3
14:15:41.691851 openat(AT_FDCWD, "/usr/share/texmf/fonts/opentype/public/lm/lmromanslant8-regular.otf", O_RDONLY|O_CLOEXEC) = 3
14:15:41.692013 openat(AT_FDCWD, "/usr/share/texmf/fonts/opentype/public/lm/lmromanslant9-regular.otf", O_RDONLY|O_CLOEXEC) = 3
14:15:41.692180 openat(AT_FDCWD, "/usr/share/texmf/fonts/opentype/public/lm/lmromanunsl10-regular.otf", O_RDONLY|O_CLOEXEC) = 3
14:15:41.692346 openat(AT_FDCWD, "/usr/share/texmf/fonts/opentype/public/lm/lmsans10-bold.otf", O_RDONLY|O_CLOEXEC) = 3
14:15:41.692505 openat(AT_FDCWD, "/usr/share/texmf/fonts/opentype/public/lm/lmsans10-boldoblique.otf", O_RDONLY|O_CLOEXEC) = 3
14:15:41.692667 openat(AT_FDCWD, "/usr/share/texmf/fonts/opentype/public/lm/lmsans10-oblique.otf", O_RDONLY|O_CLOEXEC) = 3
14:15:41.692824 openat(AT_FDCWD, "/usr/share/texmf/fonts/opentype/public/lm/lmsans10-regular.otf", O_RDONLY|O_CLOEXEC) = 3
14:15:41.692980 openat(AT_FDCWD, "/usr/share/texmf/fonts/opentype/public/lm/lmsans12-oblique.otf", O_RDONLY|O_CLOEXEC) = 3
14:15:41.693141 openat(AT_FDCWD, "/usr/share/texmf/fonts/opentype/public/lm/lmsans12-regular.otf", O_RDONLY|O_CLOEXEC) = 3
14:15:41.693298 openat(AT_FDCWD, "/usr/share/texmf/fonts/opentype/public/lm/lmsans17-oblique.otf", O_RDONLY|O_CLOEXEC) = 3
14:15:41.693456 openat(AT_FDCWD, "/usr/share/texmf/fonts/opentype/public/lm/lmsans17-regular.otf", O_RDONLY|O_CLOEXEC) = 3
14:15:41.693613 openat(AT_FDCWD, "/usr/share/texmf/fonts/opentype/public/lm/lmsans8-oblique.otf", O_RDONLY|O_CLOEXEC) = 3
14:15:41.693769 openat(AT_FDCWD, "/usr/share/texmf/fonts/opentype/public/lm/lmsans8-regular.otf", O_RDONLY|O_CLOEXEC) = 3
14:15:41.693954 openat(AT_FDCWD, "/usr/share/texmf/fonts/opentype/public/lm/lmsans9-oblique.otf", O_RDONLY|O_CLOEXEC) = 3
14:15:41.694130 openat(AT_FDCWD, "/usr/share/texmf/fonts/opentype/public/lm/lmsans9-regular.otf", O_RDONLY|O_CLOEXEC) = 3
14:15:41.694278 openat(AT_FDCWD, "/usr/share/texmf/fonts/opentype/public/lm/lmsansdemicond10-oblique.otf", O_RDONLY|O_CLOEXEC) = 3
14:15:41.694432 openat(AT_FDCWD, "/usr/share/texmf/fonts/opentype/public/lm/lmsansdemicond10-regular.otf", O_RDONLY|O_CLOEXEC) = 3
14:15:41.694586 openat(AT_FDCWD, "/usr/share/texmf/fonts/opentype/public/lm/lmsansquot8-bold.otf", O_RDONLY|O_CLOEXEC) = 3
14:15:41.694744 openat(AT_FDCWD, "/usr/share/texmf/fonts/opentype/public/lm/lmsansquot8-boldoblique.otf", O_RDONLY|O_CLOEXEC) = 3
14:15:41.694895 openat(AT_FDCWD, "/usr/share/texmf/fonts/opentype/public/lm/lmsansquot8-oblique.otf", O_RDONLY|O_CLOEXEC) = 3
14:15:41.695147 openat(AT_FDCWD, "/usr/share/texmf/fonts/opentype/public/lm/lmsansquot8-regular.otf", O_RDONLY|O_CLOEXEC) = 3
14:15:41.695334 openat(AT_FDCWD, "/usr/share/texmf/fonts/opentype/public/lm-math/latinmodern-math.otf", O_RDONLY|O_CLOEXEC) = 3
14:15:41.695517 openat(AT_FDCWD, "/usr/share/texmf/fonts/opentype/public/tex-gyre-math/texgyrebonum-math.otf", O_RDONLY|O_CLOEXEC) = 3
14:15:41.695703 openat(AT_FDCWD, "/usr/share/texmf/fonts/opentype/public/tex-gyre-math/texgyredejavu-math.otf", O_RDONLY|O_CLOEXEC) = 3
14:15:41.695892 openat(AT_FDCWD, "/usr/share/texmf/fonts/opentype/public/tex-gyre-math/texgyrepagella-math.otf", O_RDONLY|O_CLOEXEC) = 3
14:15:41.696090 openat(AT_FDCWD, "/usr/share/texmf/fonts/opentype/public/tex-gyre-math/texgyreschola-math.otf", O_RDONLY|O_CLOEXEC) = 3
14:15:41.696251 openat(AT_FDCWD, "/usr/share/texmf/fonts/opentype/public/tex-gyre-math/texgyretermes-math.otf", O_RDONLY|O_CLOEXEC) = 3
14:15:41.696414 openat(AT_FDCWD, "/usr/share/texmf/fonts/opentype/public/tex-gyre/texgyreadventor-bold.otf", O_RDONLY|O_CLOEXEC) = 3
14:15:41.696568 openat(AT_FDCWD, "/usr/share/texmf/fonts/opentype/public/tex-gyre/texgyreadventor-bolditalic.otf", O_RDONLY|O_CLOEXEC) = 3
14:15:41.696728 openat(AT_FDCWD, "/usr/share/texmf/fonts/opentype/public/tex-gyre/texgyreadventor-italic.otf", O_RDONLY|O_CLOEXEC) = 3
14:15:41.696907 openat(AT_FDCWD, "/usr/share/texmf/fonts/opentype/public/tex-gyre/texgyreadventor-regular.otf", O_RDONLY|O_CLOEXEC) = 3
14:15:41.697074 openat(AT_FDCWD, "/usr/share/texmf/fonts/opentype/public/tex-gyre/texgyrebonum-bold.otf", O_RDONLY|O_CLOEXEC) = 3
14:15:41.697229 openat(AT_FDCWD, "/usr/share/texmf/fonts/opentype/public/tex-gyre/texgyrebonum-bolditalic.otf", O_RDONLY|O_CLOEXEC) = 3
14:15:41.697382 openat(AT_FDCWD, "/usr/share/texmf/fonts/opentype/public/tex-gyre/texgyrebonum-italic.otf", O_RDONLY|O_CLOEXEC) = 3
14:15:41.697535 openat(AT_FDCWD, "/usr/share/texmf/fonts/opentype/public/tex-gyre/texgyrebonum-regular.otf", O_RDONLY|O_CLOEXEC) = 3
14:15:41.697697 openat(AT_FDCWD, "/usr/share/texmf/fonts/opentype/public/tex-gyre/texgyrechorus-mediumitalic.otf", O_RDONLY|O_CLOEXEC) = 3
14:15:41.697847 openat(AT_FDCWD, "/usr/share/texmf/fonts/opentype/public/tex-gyre/texgyrecursor-bold.otf", O_RDONLY|O_CLOEXEC) = 3
14:15:41.698004 openat(AT_FDCWD, "/usr/share/texmf/fonts/opentype/public/tex-gyre/texgyrecursor-bolditalic.otf", O_RDONLY|O_CLOEXEC) = 3
14:15:41.698156 openat(AT_FDCWD, "/usr/share/texmf/fonts/opentype/public/tex-gyre/texgyrecursor-italic.otf", O_RDONLY|O_CLOEXEC) = 3
14:15:41.698304 openat(AT_FDCWD, "/usr/share/texmf/fonts/opentype/public/tex-gyre/texgyrecursor-regular.otf", O_RDONLY|O_CLOEXEC) = 3
14:15:41.698453 openat(AT_FDCWD, "/usr/share/texmf/fonts/opentype/public/tex-gyre/texgyreheros-bold.otf", O_RDONLY|O_CLOEXEC) = 3
14:15:41.698601 openat(AT_FDCWD, "/usr/share/texmf/fonts/opentype/public/tex-gyre/texgyreheros-bolditalic.otf", O_RDONLY|O_CLOEXEC) = 3
14:15:41.698750 openat(AT_FDCWD, "/usr/share/texmf/fonts/opentype/public/tex-gyre/texgyreheros-italic.otf", O_RDONLY|O_CLOEXEC) = 3
14:15:41.698898 openat(AT_FDCWD, "/usr/share/texmf/fonts/opentype/public/tex-gyre/texgyreheros-regular.otf", O_RDONLY|O_CLOEXEC) = 3
14:15:41.699055 openat(AT_FDCWD, "/usr/share/texmf/fonts/opentype/public/tex-gyre/texgyreheroscn-bold.otf", O_RDONLY|O_CLOEXEC) = 3
14:15:41.699213 openat(AT_FDCWD, "/usr/share/texmf/fonts/opentype/public/tex-gyre/texgyreheroscn-bolditalic.otf", O_RDONLY|O_CLOEXEC) = 3
14:15:41.699361 openat(AT_FDCWD, "/usr/share/texmf/fonts/opentype/public/tex-gyre/texgyreheroscn-italic.otf", O_RDONLY|O_CLOEXEC) = 3
14:15:41.699510 openat(AT_FDCWD, "/usr/share/texmf/fonts/opentype/public/tex-gyre/texgyreheroscn-regular.otf", O_RDONLY|O_CLOEXEC) = 3
14:15:41.699659 openat(AT_FDCWD, "/usr/share/texmf/fonts/opentype/public/tex-gyre/texgyrepagella-bold.otf", O_RDONLY|O_CLOEXEC) = 3
14:15:41.699815 openat(AT_FDCWD, "/usr/share/texmf/fonts/opentype/public/tex-gyre/texgyrepagella-bolditalic.otf", O_RDONLY|O_CLOEXEC) = 3
14:15:41.699978 openat(AT_FDCWD, "/usr/share/texmf/fonts/opentype/public/tex-gyre/texgyrepagella-italic.otf", O_RDONLY|O_CLOEXEC) = 3
14:15:41.700137 openat(AT_FDCWD, "/usr/share/texmf/fonts/opentype/public/tex-gyre/texgyrepagella-regular.otf", O_RDONLY|O_CLOEXEC) = 3
14:15:41.700293 openat(AT_FDCWD, "/usr/share/texmf/fonts/opentype/public/tex-gyre/texgyreschola-bold.otf", O_RDONLY|O_CLOEXEC) = 3
14:15:41.700447 openat(AT_FDCWD, "/usr/share/texmf/fonts/opentype/public/tex-gyre/texgyreschola-bolditalic.otf", O_RDONLY|O_CLOEXEC) = 3
14:15:41.700601 openat(AT_FDCWD, "/usr/share/texmf/fonts/opentype/public/tex-gyre/texgyreschola-italic.otf", O_RDONLY|O_CLOEXEC) = 3
14:15:41.700753 openat(AT_FDCWD, "/usr/share/texmf/fonts/opentype/public/tex-gyre/texgyreschola-regular.otf", O_RDONLY|O_CLOEXEC) = 3
14:15:41.700910 openat(AT_FDCWD, "/usr/share/texmf/fonts/opentype/public/tex-gyre/texgyretermes-bold.otf", O_RDONLY|O_CLOEXEC) = 3
14:15:41.701067 openat(AT_FDCWD, "/usr/share/texmf/fonts/opentype/public/tex-gyre/texgyretermes-bolditalic.otf", O_RDONLY|O_CLOEXEC) = 3
14:15:41.701220 openat(AT_FDCWD, "/usr/share/texmf/fonts/opentype/public/tex-gyre/texgyretermes-italic.otf", O_RDONLY|O_CLOEXEC) = 3
14:15:41.701373 openat(AT_FDCWD, "/usr/share/texmf/fonts/opentype/public/tex-gyre/texgyretermes-regular.otf", O_RDONLY|O_CLOEXEC) = 3
14:15:41.706782 openat(AT_FDCWD, "/dev/null", O_WRONLY|O_CREAT|O_TRUNC|O_CLOEXEC, 0666) = 3
14:15:41.709511 +++ exited with 0 +++
