14:15:47.059798 openat(AT_FDCWD, "/etc/ld.so.cache", O_RDONLY|O_CLOEXEC) = 3
14:15:47.060072 openat(AT_FDCWD, "/lib/x86_64-linux-gnu/libssl.so.3", O_RDONLY|O_CLOEXEC) = 3
14:15:47.060376 openat(AT_FDCWD, "/lib/x86_64-linux-gnu/libcrypto.so.3", O_RDONLY|O_CLOEXEC) = 3
14:15:47.060674 openat(AT_FDCWD, "/lib/x86_64-linux-gnu/libgcc_s.so.1", O_RDONLY|O_CLOEXEC) = 3
14:15:47.060942 openat(AT_FDCWD, "/lib/x86_64-linux-gnu/libm.so.6", O_RDONLY|O_CLOEXEC) = 3
14:15:47.061200 openat(AT_FDCWD, "/lib/x86_64-linux-gnu/libc.so.6", O_RDONLY|O_CLOEXEC) = 3
14:15:47.063874 openat(AT_FDCWD, "/proc/self/maps", O_RDONLY|O_CLOEXEC) = 3
14:15:47.065504 openat(AT_FDCWD, "/home/dikluwe/Documentos/Antigravity/typst-crystalline/tools/perf/corpus/p923/utf8-cjk.typ", O_RDONLY|O_CLOEXEC) = 3
14:15:47.066258 openat(AT_FDCWD, "/proc/self/cgroup", O_RDONLY|O_CLOEXEC) = 3
14:15:47.066452 openat(AT_FDCWD, "/sys/fs/cgroup/user.slice/user-1000.slice/user@1000.service/app.slice/app-ghostty-surface-transient-14134.scope/cpu.max", O_RDONLY|O_CLOEXEC) = -1 ENOENT (Arquivo ou diretório inexistente)
14:15:47.066594 openat(AT_FDCWD, "/sys/fs/cgroup/user.slice/user-1000.slice/user@1000.service/app.slice/cpu.max", O_RDONLY|O_CLOEXEC) = 3
14:15:47.066762 openat(AT_FDCWD, "/sys/fs/cgroup/user.slice/user-1000.slice/user@1000.service/cpu.max", O_RDONLY|O_CLOEXEC) = 3
14:15:47.066917 openat(AT_FDCWD, "/sys/fs/cgroup/user.slice/user-1000.slice/cpu.max", O_RDONLY|O_CLOEXEC) = 3
14:15:47.067066 openat(AT_FDCWD, "/sys/fs/cgroup/user.slice/cpu.max", O_RDONLY|O_CLOEXEC) = 3
14:15:47.067213 openat(AT_FDCWD, "/sys/fs/cgroup/cpu.max", O_RDONLY|O_CLOEXEC) = -1 ENOENT (Arquivo ou diretório inexistente)
strace: Process 185526 attached
strace: Process 185527 attached
strace: Process 185528 attached
strace: Process 185529 attached
strace: Process 185530 attached
strace: Process 185531 attached
strace: Process 185532 attached
strace: Process 185533 attached
strace: Process 185534 attached
[pid 185534] 14:15:47.069070 openat(AT_FDCWD, "/sys/devices/system/cpu/online", O_RDONLY|O_CLOEXEC) = 3
strace: Process 185535 attached
strace: Process 185536 attached
strace: Process 185537 attached
strace: Process 185538 attached
strace: Process 185539 attached
strace: Process 185540 attached
strace: Process 185541 attached
[pid 185525] 14:15:47.071305 openat(AT_FDCWD, "/etc/fonts/fonts.conf", O_RDONLY|O_CLOEXEC) = 3
[pid 185525] 14:15:47.071555 openat(AT_FDCWD, "/etc/fonts/conf.d", O_RDONLY|O_NONBLOCK|O_CLOEXEC|O_DIRECTORY) = 3
[pid 185525] 14:15:47.071797 openat(AT_FDCWD, "/etc/fonts/conf.d/README", O_RDONLY|O_CLOEXEC) = 3
[pid 185525] 14:15:47.072104 openat(AT_FDCWD, "/etc/fonts/conf.d/71-ubuntulegacy.conf", O_RDONLY|O_CLOEXEC) = 3
[pid 185525] 14:15:47.072423 openat(AT_FDCWD, "/etc/fonts/conf.d/90-synthetic.conf", O_RDONLY|O_CLOEXEC) = 3
[pid 185525] 14:15:47.072744 openat(AT_FDCWD, "/etc/fonts/conf.d/61-urw-standard-symbols-ps.conf", O_RDONLY|O_CLOEXEC) = 3
[pid 185525] 14:15:47.073073 openat(AT_FDCWD, "/etc/fonts/conf.d/70-no-bitmaps-except-emoji.conf", O_RDONLY|O_CLOEXEC) = 3
[pid 185525] 14:15:47.073386 openat(AT_FDCWD, "/etc/fonts/conf.d/80-delicious.conf", O_RDONLY|O_CLOEXEC) = 3
[pid 185525] 14:15:47.073694 openat(AT_FDCWD, "/etc/fonts/conf.d/61-urw-d050000l.conf", O_RDONLY|O_CLOEXEC) = 3
[pid 185525] 14:15:47.074009 openat(AT_FDCWD, "/etc/fonts/conf.d/61-urw-nimbus-mono-ps.conf", O_RDONLY|O_CLOEXEC) = 3
[pid 185525] 14:15:47.074320 openat(AT_FDCWD, "/etc/fonts/conf.d/61-urw-p052.conf", O_RDONLY|O_CLOEXEC) = 3
[pid 185525] 14:15:47.074636 openat(AT_FDCWD, "/etc/fonts/conf.d/65-nonlatin.conf", O_RDONLY|O_CLOEXEC) = 3
[pid 185525] 14:15:47.075069 openat(AT_FDCWD, "/etc/fonts/conf.d/70-fonts-noto-cjk.conf", O_RDONLY|O_CLOEXEC) = 3
[pid 185525] 14:15:47.075350 openat(AT_FDCWD, "/etc/fonts/conf.d/65-fonts-lmodern.conf", O_RDONLY|O_CLOEXEC) = 3
[pid 185525] 14:15:47.075620 openat(AT_FDCWD, "/etc/fonts/conf.d/65-fonts-texgyre.conf", O_RDONLY|O_CLOEXEC) = 3
[pid 185525] 14:15:47.075946 openat(AT_FDCWD, "/etc/fonts/conf.d/61-urw-bookman.conf", O_RDONLY|O_CLOEXEC) = 3
[pid 185525] 14:15:47.076260 openat(AT_FDCWD, "/etc/fonts/conf.d/61-urw-c059.conf", O_RDONLY|O_CLOEXEC) = 3
[pid 185525] 14:15:47.076593 openat(AT_FDCWD, "/etc/fonts/conf.d/61-urw-fallback-generics.conf", O_RDONLY|O_CLOEXEC) = 3
[pid 185525] 14:15:47.076915 openat(AT_FDCWD, "/etc/fonts/conf.d/61-urw-gothic.conf", O_RDONLY|O_CLOEXEC) = 3
[pid 185525] 14:15:47.077226 openat(AT_FDCWD, "/etc/fonts/conf.d/61-urw-nimbus-sans.conf", O_RDONLY|O_CLOEXEC) = 3
[pid 185525] 14:15:47.077538 openat(AT_FDCWD, "/etc/fonts/conf.d/50-user.conf", O_RDONLY|O_CLOEXEC) = 3
[pid 185525] 14:15:47.077871 openat(AT_FDCWD, "/etc/fonts/conf.d/65-droid-sans-fallback.conf", O_RDONLY|O_CLOEXEC) = 3
[pid 185525] 14:15:47.078182 openat(AT_FDCWD, "/etc/fonts/conf.d/65-fonts-persian.conf", O_RDONLY|O_CLOEXEC) = 3
[pid 185525] 14:15:47.078579 openat(AT_FDCWD, "/etc/fonts/conf.d/69-unifont.conf", O_RDONLY|O_CLOEXEC) = 3
[pid 185525] 14:15:47.078831 openat(AT_FDCWD, "/etc/fonts/conf.d/57-dejavu-serif.conf", O_RDONLY|O_CLOEXEC) = 3
[pid 185525] 14:15:47.079129 openat(AT_FDCWD, "/etc/fonts/conf.d/58-dejavu-lgc-sans-mono.conf", O_RDONLY|O_CLOEXEC) = 3
[pid 185525] 14:15:47.079394 openat(AT_FDCWD, "/etc/fonts/conf.d/58-dejavu-lgc-sans.conf", O_RDONLY|O_CLOEXEC) = 3
[pid 185525] 14:15:47.079654 openat(AT_FDCWD, "/etc/fonts/conf.d/65-fonts-texgyre-math.conf", O_RDONLY|O_CLOEXEC) = 3
[pid 185525] 14:15:47.079959 openat(AT_FDCWD, "/etc/fonts/conf.d/60-generic.conf", O_RDONLY|O_CLOEXEC) = 3
[pid 185525] 14:15:47.080280 openat(AT_FDCWD, "/etc/fonts/conf.d/60-latin.conf", O_RDONLY|O_CLOEXEC) = 3
[pid 185525] 14:15:47.080600 openat(AT_FDCWD, "/etc/fonts/conf.d/40-nonlatin.conf", O_RDONLY|O_CLOEXEC) = 3
[pid 185525] 14:15:47.081004 openat(AT_FDCWD, "/etc/fonts/conf.d/20-unhint-small-dejavu-lgc-sans.conf", O_RDONLY|O_CLOEXEC) = 3
[pid 185525] 14:15:47.081316 openat(AT_FDCWD, "/etc/fonts/conf.d/45-generic.conf", O_RDONLY|O_CLOEXEC) = 3
[pid 185525] 14:15:47.081642 openat(AT_FDCWD, "/etc/fonts/conf.d/61-urw-fallback-backwards.conf", O_RDONLY|O_CLOEXEC) = 3
[pid 185525] 14:15:47.081968 openat(AT_FDCWD, "/etc/fonts/conf.d/45-latin.conf", O_RDONLY|O_CLOEXEC) = 3
[pid 185525] 14:15:47.082290 openat(AT_FDCWD, "/etc/fonts/conf.d/20-unhint-small-dejavu-lgc-serif.conf", O_RDONLY|O_CLOEXEC) = 3
[pid 185525] 14:15:47.082659 openat(AT_FDCWD, "/etc/fonts/conf.d/48-spacing.conf", O_RDONLY|O_CLOEXEC) = 3
[pid 185525] 14:15:47.082995 openat(AT_FDCWD, "/etc/fonts/conf.d/61-urw-nimbus-roman.conf", O_RDONLY|O_CLOEXEC) = 3
[pid 185525] 14:15:47.083326 openat(AT_FDCWD, "/etc/fonts/conf.d/49-sansserif.conf", O_RDONLY|O_CLOEXEC) = 3
[pid 185525] 14:15:47.083582 openat(AT_FDCWD, "/etc/fonts/conf.d/20-unhint-small-dejavu-sans-mono.conf", O_RDONLY|O_CLOEXEC) = 3
[pid 185525] 14:15:47.083889 openat(AT_FDCWD, "/etc/fonts/conf.d/10-yes-antialias.conf", O_RDONLY|O_CLOEXEC) = 3
[pid 185525] 14:15:47.084209 openat(AT_FDCWD, "/etc/fonts/conf.d/61-urw-z003.conf", O_RDONLY|O_CLOEXEC) = 3
[pid 185525] 14:15:47.084519 openat(AT_FDCWD, "/etc/fonts/conf.d/51-local.conf", O_RDONLY|O_CLOEXEC) = 3
[pid 185525] 14:15:47.084788 openat(AT_FDCWD, "/etc/fonts/conf.d/20-unhint-small-dejavu-sans.conf", O_RDONLY|O_CLOEXEC) = 3
[pid 185525] 14:15:47.085044 openat(AT_FDCWD, "/etc/fonts/conf.d/57-dejavu-sans-mono.conf", O_RDONLY|O_CLOEXEC) = 3
[pid 185525] 14:15:47.085357 openat(AT_FDCWD, "/etc/fonts/conf.d/10-scale-bitmap-fonts.conf", O_RDONLY|O_CLOEXEC) = 3
[pid 185525] 14:15:47.085621 openat(AT_FDCWD, "/etc/fonts/conf.d/57-dejavu-sans.conf", O_RDONLY|O_CLOEXEC) = 3
[pid 185525] 14:15:47.085879 openat(AT_FDCWD, "/etc/fonts/conf.d/20-unhint-small-dejavu-serif.conf", O_RDONLY|O_CLOEXEC) = 3
[pid 185525] 14:15:47.086204 openat(AT_FDCWD, "/etc/fonts/conf.d/11-lcdfilter-default.conf", O_RDONLY|O_CLOEXEC) = 3
[pid 185525] 14:15:47.086459 openat(AT_FDCWD, "/etc/fonts/conf.d/20-unhint-small-dejavu-lgc-sans-mono.conf", O_RDONLY|O_CLOEXEC) = 3
[pid 185525] 14:15:47.086765 openat(AT_FDCWD, "/etc/fonts/conf.d/10-sub-pixel-rgb.conf", O_RDONLY|O_CLOEXEC) = 3
[pid 185525] 14:15:47.087079 openat(AT_FDCWD, "/etc/fonts/conf.d/10-hinting-slight.conf", O_RDONLY|O_CLOEXEC) = 3
[pid 185525] 14:15:47.087427 openat(AT_FDCWD, "/etc/fonts/conf.d/20-unhint-small-vera.conf", O_RDONLY|O_CLOEXEC) = 3
[pid 185525] 14:15:47.087690 openat(AT_FDCWD, "/etc/fonts/conf.d/58-dejavu-lgc-serif.conf", O_RDONLY|O_CLOEXEC) = 3
[pid 185525] 14:15:47.088007 openat(AT_FDCWD, "/etc/fonts/conf.d/30-metric-aliases.conf", O_RDONLY|O_CLOEXEC) = 3
[pid 185525] 14:15:47.088476 openat(AT_FDCWD, "/etc/fonts/conf.d/30-opensymbol.conf", O_RDONLY|O_CLOEXEC) = 3
[pid 185525] 14:15:47.088692 openat(AT_FDCWD, "/usr/share/fonts", O_RDONLY|O_NONBLOCK|O_CLOEXEC|O_DIRECTORY) = 3
[pid 185525] 14:15:47.088800 openat(AT_FDCWD, "/usr/share/fonts/X11", O_RDONLY|O_NONBLOCK|O_CLOEXEC|O_DIRECTORY) = 4
[pid 185525] 14:15:47.088905 openat(AT_FDCWD, "/usr/share/fonts/X11/Type1", O_RDONLY|O_NONBLOCK|O_CLOEXEC|O_DIRECTORY) = 5
[pid 185525] 14:15:47.125690 openat(AT_FDCWD, "/usr/share/fonts/X11/encodings", O_RDONLY|O_NONBLOCK|O_CLOEXEC|O_DIRECTORY) = 5
[pid 185525] 14:15:47.125813 openat(AT_FDCWD, "/usr/share/fonts/X11/encodings/large", O_RDONLY|O_NONBLOCK|O_CLOEXEC|O_DIRECTORY) = 6
[pid 185525] 14:15:47.126033 openat(AT_FDCWD, "/usr/share/fonts/X11/misc", O_RDONLY|O_NONBLOCK|O_CLOEXEC|O_DIRECTORY) = 5
[pid 185525] 14:15:47.126475 openat(AT_FDCWD, "/usr/share/fonts/X11/util", O_RDONLY|O_NONBLOCK|O_CLOEXEC|O_DIRECTORY) = 5
[pid 185525] 14:15:47.126673 openat(AT_FDCWD, "/usr/share/fonts/cMap", O_RDONLY|O_NONBLOCK|O_CLOEXEC|O_DIRECTORY) = 4
[pid 185525] 14:15:47.127010 openat(AT_FDCWD, "/usr/share/fonts/cmap", O_RDONLY|O_NONBLOCK|O_CLOEXEC|O_DIRECTORY) = 4
[pid 185525] 14:15:47.127294 openat(AT_FDCWD, "/usr/share/poppler/cMap/Adobe-CNS1", O_RDONLY|O_NONBLOCK|O_CLOEXEC|O_DIRECTORY) = 5
[pid 185525] 14:15:47.127637 openat(AT_FDCWD, "/usr/share/poppler/cMap/Adobe-GB1", O_RDONLY|O_NONBLOCK|O_CLOEXEC|O_DIRECTORY) = 5
[pid 185525] 14:15:47.127993 openat(AT_FDCWD, "/usr/share/poppler/cMap/Adobe-Japan1", O_RDONLY|O_NONBLOCK|O_CLOEXEC|O_DIRECTORY) = 5
[pid 185525] 14:15:47.128359 openat(AT_FDCWD, "/usr/share/poppler/cMap/Adobe-Japan2", O_RDONLY|O_NONBLOCK|O_CLOEXEC|O_DIRECTORY) = 5
[pid 185525] 14:15:47.128679 openat(AT_FDCWD, "/usr/share/poppler/cMap/Adobe-Korea1", O_RDONLY|O_NONBLOCK|O_CLOEXEC|O_DIRECTORY) = 5
[pid 185525] 14:15:47.129232 openat(AT_FDCWD, "/usr/share/fonts/opentype", O_RDONLY|O_NONBLOCK|O_CLOEXEC|O_DIRECTORY) = 4
[pid 185525] 14:15:47.129564 openat(AT_FDCWD, "/usr/share/javascript/mathjax/fonts/HTML-CSS/TeX/otf", O_RDONLY|O_NONBLOCK|O_CLOEXEC|O_DIRECTORY) = 5
[pid 185525] 14:15:47.129668 openat(AT_FDCWD, "/usr/share/javascript/mathjax/fonts/HTML-CSS/TeX/otf/MathJax_AMS-Regular.otf", O_RDONLY|O_CLOEXEC) = 6
[pid 185525] 14:15:47.129830 openat(AT_FDCWD, "/usr/share/javascript/mathjax/fonts/HTML-CSS/TeX/otf/MathJax_Caligraphic-Bold.otf", O_RDONLY|O_CLOEXEC) = 6
[pid 185525] 14:15:47.130011 openat(AT_FDCWD, "/usr/share/javascript/mathjax/fonts/HTML-CSS/TeX/otf/MathJax_Caligraphic-Regular.otf", O_RDONLY|O_CLOEXEC) = 6
[pid 185525] 14:15:47.130158 openat(AT_FDCWD, "/usr/share/javascript/mathjax/fonts/HTML-CSS/TeX/otf/MathJax_Fraktur-Bold.otf", O_RDONLY|O_CLOEXEC) = 6
[pid 185525] 14:15:47.130304 openat(AT_FDCWD, "/usr/share/javascript/mathjax/fonts/HTML-CSS/TeX/otf/MathJax_Fraktur-Regular.otf", O_RDONLY|O_CLOEXEC) = 6
[pid 185525] 14:15:47.130456 openat(AT_FDCWD, "/usr/share/javascript/mathjax/fonts/HTML-CSS/TeX/otf/MathJax_Main-Bold.otf", O_RDONLY|O_CLOEXEC) = 6
[pid 185525] 14:15:47.130608 openat(AT_FDCWD, "/usr/share/javascript/mathjax/fonts/HTML-CSS/TeX/otf/MathJax_Main-Italic.otf", O_RDONLY|O_CLOEXEC) = 6
[pid 185525] 14:15:47.130756 openat(AT_FDCWD, "/usr/share/javascript/mathjax/fonts/HTML-CSS/TeX/otf/MathJax_Main-Regular.otf", O_RDONLY|O_CLOEXEC) = 6
[pid 185525] 14:15:47.130923 openat(AT_FDCWD, "/usr/share/javascript/mathjax/fonts/HTML-CSS/TeX/otf/MathJax_Math-BoldItalic.otf", O_RDONLY|O_CLOEXEC) = 6
[pid 185525] 14:15:47.131075 openat(AT_FDCWD, "/usr/share/javascript/mathjax/fonts/HTML-CSS/TeX/otf/MathJax_Math-Italic.otf", O_RDONLY|O_CLOEXEC) = 6
[pid 185525] 14:15:47.131219 openat(AT_FDCWD, "/usr/share/javascript/mathjax/fonts/HTML-CSS/TeX/otf/MathJax_Math-Regular.otf", O_RDONLY|O_CLOEXEC) = 6
[pid 185525] 14:15:47.131383 openat(AT_FDCWD, "/usr/share/javascript/mathjax/fonts/HTML-CSS/TeX/otf/MathJax_SansSerif-Bold.otf", O_RDONLY|O_CLOEXEC) = 6
[pid 185525] 14:15:47.131525 openat(AT_FDCWD, "/usr/share/javascript/mathjax/fonts/HTML-CSS/TeX/otf/MathJax_SansSerif-Italic.otf", O_RDONLY|O_CLOEXEC) = 6
[pid 185525] 14:15:47.131666 openat(AT_FDCWD, "/usr/share/javascript/mathjax/fonts/HTML-CSS/TeX/otf/MathJax_SansSerif-Regular.otf", O_RDONLY|O_CLOEXEC) = 6
[pid 185525] 14:15:47.131811 openat(AT_FDCWD, "/usr/share/javascript/mathjax/fonts/HTML-CSS/TeX/otf/MathJax_Script-Regular.otf", O_RDONLY|O_CLOEXEC) = 6
[pid 185525] 14:15:47.131965 openat(AT_FDCWD, "/usr/share/javascript/mathjax/fonts/HTML-CSS/TeX/otf/MathJax_Size1-Regular.otf", O_RDONLY|O_CLOEXEC) = 6
[pid 185525] 14:15:47.132116 openat(AT_FDCWD, "/usr/share/javascript/mathjax/fonts/HTML-CSS/TeX/otf/MathJax_Size2-Regular.otf", O_RDONLY|O_CLOEXEC) = 6
[pid 185525] 14:15:47.132257 openat(AT_FDCWD, "/usr/share/javascript/mathjax/fonts/HTML-CSS/TeX/otf/MathJax_Size3-Regular.otf", O_RDONLY|O_CLOEXEC) = 6
[pid 185525] 14:15:47.132397 openat(AT_FDCWD, "/usr/share/javascript/mathjax/fonts/HTML-CSS/TeX/otf/MathJax_Size4-Regular.otf", O_RDONLY|O_CLOEXEC) = 6
[pid 185525] 14:15:47.132537 openat(AT_FDCWD, "/usr/share/javascript/mathjax/fonts/HTML-CSS/TeX/otf/MathJax_Typewriter-Regular.otf", O_RDONLY|O_CLOEXEC) = 6
[pid 185525] 14:15:47.132679 openat(AT_FDCWD, "/usr/share/javascript/mathjax/fonts/HTML-CSS/TeX/otf/MathJax_Vector-Bold.otf", O_RDONLY|O_CLOEXEC) = 6
[pid 185525] 14:15:47.132824 openat(AT_FDCWD, "/usr/share/javascript/mathjax/fonts/HTML-CSS/TeX/otf/MathJax_Vector-Regular.otf", O_RDONLY|O_CLOEXEC) = 6
[pid 185525] 14:15:47.132972 openat(AT_FDCWD, "/usr/share/javascript/mathjax/fonts/HTML-CSS/TeX/otf/MathJax_WinChrome-Regular.otf", O_RDONLY|O_CLOEXEC) = 6
[pid 185525] 14:15:47.133114 openat(AT_FDCWD, "/usr/share/javascript/mathjax/fonts/HTML-CSS/TeX/otf/MathJax_WinIE6-Regular.otf", O_RDONLY|O_CLOEXEC) = 6
[pid 185525] 14:15:47.133297 openat(AT_FDCWD, "/usr/share/fonts/opentype/noto", O_RDONLY|O_NONBLOCK|O_CLOEXEC|O_DIRECTORY) = 5
[pid 185525] 14:15:47.133397 openat(AT_FDCWD, "/usr/share/fonts/opentype/noto/NotoSansCJK-Bold.ttc", O_RDONLY|O_CLOEXEC) = 6
[pid 185525] 14:15:47.133592 openat(AT_FDCWD, "/usr/share/fonts/opentype/noto/NotoSansCJK-Regular.ttc", O_RDONLY|O_CLOEXEC) = 6
[pid 185525] 14:15:47.133852 openat(AT_FDCWD, "/usr/share/fonts/opentype/noto/NotoSerifCJK-Bold.ttc", O_RDONLY|O_CLOEXEC) = 6
[pid 185525] 14:15:47.134028 openat(AT_FDCWD, "/usr/share/fonts/opentype/noto/NotoSerifCJK-Regular.ttc", O_RDONLY|O_CLOEXEC) = 6
[pid 185525] 14:15:47.134237 openat(AT_FDCWD, "/usr/share/fonts/opentype/urw-base35", O_RDONLY|O_NONBLOCK|O_CLOEXEC|O_DIRECTORY) = 5
[pid 185525] 14:15:47.134342 openat(AT_FDCWD, "/usr/share/fonts/opentype/urw-base35/C059-BdIta.otf", O_RDONLY|O_CLOEXEC) = 6
[pid 185525] 14:15:47.134496 openat(AT_FDCWD, "/usr/share/fonts/opentype/urw-base35/C059-Bold.otf", O_RDONLY|O_CLOEXEC) = 6
[pid 185525] 14:15:47.134647 openat(AT_FDCWD, "/usr/share/fonts/opentype/urw-base35/C059-Italic.otf", O_RDONLY|O_CLOEXEC) = 6
[pid 185525] 14:15:47.134806 openat(AT_FDCWD, "/usr/share/fonts/opentype/urw-base35/C059-Roman.otf", O_RDONLY|O_CLOEXEC) = 6
[pid 185525] 14:15:47.134961 openat(AT_FDCWD, "/usr/share/fonts/opentype/urw-base35/D050000L.otf", O_RDONLY|O_CLOEXEC) = 6
[pid 185525] 14:15:47.135105 openat(AT_FDCWD, "/usr/share/fonts/opentype/urw-base35/NimbusMonoPS-Bold.otf", O_RDONLY|O_CLOEXEC) = 6
[pid 185525] 14:15:47.135252 openat(AT_FDCWD, "/usr/share/fonts/opentype/urw-base35/NimbusMonoPS-BoldItalic.otf", O_RDONLY|O_CLOEXEC) = 6
[pid 185525] 14:15:47.135400 openat(AT_FDCWD, "/usr/share/fonts/opentype/urw-base35/NimbusMonoPS-Italic.otf", O_RDONLY|O_CLOEXEC) = 6
[pid 185525] 14:15:47.135549 openat(AT_FDCWD, "/usr/share/fonts/opentype/urw-base35/NimbusMonoPS-Regular.otf", O_RDONLY|O_CLOEXEC) = 6
[pid 185525] 14:15:47.135696 openat(AT_FDCWD, "/usr/share/fonts/opentype/urw-base35/NimbusRoman-Bold.otf", O_RDONLY|O_CLOEXEC) = 6
[pid 185525] 14:15:47.135865 openat(AT_FDCWD, "/usr/share/fonts/opentype/urw-base35/NimbusRoman-BoldItalic.otf", O_RDONLY|O_CLOEXEC) = 6
[pid 185525] 14:15:47.136022 openat(AT_FDCWD, "/usr/share/fonts/opentype/urw-base35/NimbusRoman-Italic.otf", O_RDONLY|O_CLOEXEC) = 6
[pid 185525] 14:15:47.136171 openat(AT_FDCWD, "/usr/share/fonts/opentype/urw-base35/NimbusRoman-Regular.otf", O_RDONLY|O_CLOEXEC) = 6
[pid 185525] 14:15:47.136349 openat(AT_FDCWD, "/usr/share/fonts/opentype/urw-base35/NimbusSans-Bold.otf", O_RDONLY|O_CLOEXEC) = 6
[pid 185525] 14:15:47.136500 openat(AT_FDCWD, "/usr/share/fonts/opentype/urw-base35/NimbusSans-BoldItalic.otf", O_RDONLY|O_CLOEXEC) = 6
[pid 185525] 14:15:47.136649 openat(AT_FDCWD, "/usr/share/fonts/opentype/urw-base35/NimbusSans-Italic.otf", O_RDONLY|O_CLOEXEC) = 6
[pid 185525] 14:15:47.136799 openat(AT_FDCWD, "/usr/share/fonts/opentype/urw-base35/NimbusSans-Regular.otf", O_RDONLY|O_CLOEXEC) = 6
[pid 185525] 14:15:47.136957 openat(AT_FDCWD, "/usr/share/fonts/opentype/urw-base35/NimbusSansNarrow-Bold.otf", O_RDONLY|O_CLOEXEC) = 6
[pid 185525] 14:15:47.137110 openat(AT_FDCWD, "/usr/share/fonts/opentype/urw-base35/NimbusSansNarrow-BoldOblique.otf", O_RDONLY|O_CLOEXEC) = 6
[pid 185525] 14:15:47.137258 openat(AT_FDCWD, "/usr/share/fonts/opentype/urw-base35/NimbusSansNarrow-Oblique.otf", O_RDONLY|O_CLOEXEC) = 6
[pid 185525] 14:15:47.137407 openat(AT_FDCWD, "/usr/share/fonts/opentype/urw-base35/NimbusSansNarrow-Regular.otf", O_RDONLY|O_CLOEXEC) = 6
[pid 185525] 14:15:47.137554 openat(AT_FDCWD, "/usr/share/fonts/opentype/urw-base35/P052-Bold.otf", O_RDONLY|O_CLOEXEC) = 6
[pid 185525] 14:15:47.137702 openat(AT_FDCWD, "/usr/share/fonts/opentype/urw-base35/P052-BoldItalic.otf", O_RDONLY|O_CLOEXEC) = 6
[pid 185525] 14:15:47.137852 openat(AT_FDCWD, "/usr/share/fonts/opentype/urw-base35/P052-Italic.otf", O_RDONLY|O_CLOEXEC) = 6
[pid 185525] 14:15:47.138008 openat(AT_FDCWD, "/usr/share/fonts/opentype/urw-base35/P052-Roman.otf", O_RDONLY|O_CLOEXEC) = 6
[pid 185525] 14:15:47.138158 openat(AT_FDCWD, "/usr/share/fonts/opentype/urw-base35/StandardSymbolsPS.otf", O_RDONLY|O_CLOEXEC) = 6
[pid 185525] 14:15:47.138299 openat(AT_FDCWD, "/usr/share/fonts/opentype/urw-base35/URWBookman-Demi.otf", O_RDONLY|O_CLOEXEC) = 6
[pid 185525] 14:15:47.138447 openat(AT_FDCWD, "/usr/share/fonts/opentype/urw-base35/URWBookman-DemiItalic.otf", O_RDONLY|O_CLOEXEC) = 6
[pid 185525] 14:15:47.138594 openat(AT_FDCWD, "/usr/share/fonts/opentype/urw-base35/URWBookman-Light.otf", O_RDONLY|O_CLOEXEC) = 6
[pid 185525] 14:15:47.138742 openat(AT_FDCWD, "/usr/share/fonts/opentype/urw-base35/URWBookman-LightItalic.otf", O_RDONLY|O_CLOEXEC) = 6
[pid 185525] 14:15:47.138890 openat(AT_FDCWD, "/usr/share/fonts/opentype/urw-base35/URWGothic-Book.otf", O_RDONLY|O_CLOEXEC) = 6
[pid 185525] 14:15:47.139055 openat(AT_FDCWD, "/usr/share/fonts/opentype/urw-base35/URWGothic-BookOblique.otf", O_RDONLY|O_CLOEXEC) = 6
[pid 185525] 14:15:47.139203 openat(AT_FDCWD, "/usr/share/fonts/opentype/urw-base35/URWGothic-Demi.otf", O_RDONLY|O_CLOEXEC) = 6
[pid 185525] 14:15:47.139350 openat(AT_FDCWD, "/usr/share/fonts/opentype/urw-base35/URWGothic-DemiOblique.otf", O_RDONLY|O_CLOEXEC) = 6
[pid 185525] 14:15:47.139499 openat(AT_FDCWD, "/usr/share/fonts/opentype/urw-base35/Z003-MediumItalic.otf", O_RDONLY|O_CLOEXEC) = 6
[pid 185525] 14:15:47.139688 openat(AT_FDCWD, "/usr/share/fonts/opentype/freefont", O_RDONLY|O_NONBLOCK|O_CLOEXEC|O_DIRECTORY) = 5
[pid 185525] 14:15:47.139790 openat(AT_FDCWD, "/usr/share/fonts/opentype/freefont/FreeMono.otf", O_RDONLY|O_CLOEXEC) = 6
[pid 185525] 14:15:47.139943 openat(AT_FDCWD, "/usr/share/fonts/opentype/freefont/FreeMonoBold.otf", O_RDONLY|O_CLOEXEC) = 6
[pid 185525] 14:15:47.140089 openat(AT_FDCWD, "/usr/share/fonts/opentype/freefont/FreeMonoBoldOblique.otf", O_RDONLY|O_CLOEXEC) = 6
[pid 185525] 14:15:47.140234 openat(AT_FDCWD, "/usr/share/fonts/opentype/freefont/FreeMonoOblique.otf", O_RDONLY|O_CLOEXEC) = 6
[pid 185525] 14:15:47.140380 openat(AT_FDCWD, "/usr/share/fonts/opentype/freefont/FreeSans.otf", O_RDONLY|O_CLOEXEC) = 6
[pid 185525] 14:15:47.140544 openat(AT_FDCWD, "/usr/share/fonts/opentype/freefont/FreeSansBold.otf", O_RDONLY|O_CLOEXEC) = 6
[pid 185525] 14:15:47.140690 openat(AT_FDCWD, "/usr/share/fonts/opentype/freefont/FreeSansBoldOblique.otf", O_RDONLY|O_CLOEXEC) = 6
[pid 185525] 14:15:47.140835 openat(AT_FDCWD, "/usr/share/fonts/opentype/freefont/FreeSansOblique.otf", O_RDONLY|O_CLOEXEC) = 6
[pid 185525] 14:15:47.140986 openat(AT_FDCWD, "/usr/share/fonts/opentype/freefont/FreeSerif.otf", O_RDONLY|O_CLOEXEC) = 6
[pid 185525] 14:15:47.141134 openat(AT_FDCWD, "/usr/share/fonts/opentype/freefont/FreeSerifBold.otf", O_RDONLY|O_CLOEXEC) = 6
[pid 185525] 14:15:47.141279 openat(AT_FDCWD, "/usr/share/fonts/opentype/freefont/FreeSerifBoldItalic.otf", O_RDONLY|O_CLOEXEC) = 6
[pid 185525] 14:15:47.141425 openat(AT_FDCWD, "/usr/share/fonts/opentype/freefont/FreeSerifItalic.otf", O_RDONLY|O_CLOEXEC) = 6
[pid 185525] 14:15:47.141611 openat(AT_FDCWD, "/usr/share/fonts/opentype/font-awesome", O_RDONLY|O_NONBLOCK|O_CLOEXEC|O_DIRECTORY) = 5
[pid 185525] 14:15:47.141711 openat(AT_FDCWD, "/usr/share/fonts/opentype/font-awesome/FontAwesome.otf", O_RDONLY|O_CLOEXEC) = 6
[pid 185525] 14:15:47.141944 openat(AT_FDCWD, "/usr/share/fonts/truetype", O_RDONLY|O_NONBLOCK|O_CLOEXEC|O_DIRECTORY) = 4
[pid 185525] 14:15:47.142046 openat(AT_FDCWD, "/usr/share/fonts/truetype/dejavu", O_RDONLY|O_NONBLOCK|O_CLOEXEC|O_DIRECTORY) = 5
[pid 185525] 14:15:47.142150 openat(AT_FDCWD, "/usr/share/fonts/truetype/dejavu/DejaVuSans-Bold.ttf", O_RDONLY|O_CLOEXEC) = 6
[pid 185525] 14:15:47.142304 openat(AT_FDCWD, "/usr/share/fonts/truetype/dejavu/DejaVuSans.ttf", O_RDONLY|O_CLOEXEC) = 6
[pid 185525] 14:15:47.142452 openat(AT_FDCWD, "/usr/share/fonts/truetype/dejavu/DejaVuSansMono-Bold.ttf", O_RDONLY|O_CLOEXEC) = 6
[pid 185525] 14:15:47.142600 openat(AT_FDCWD, "/usr/share/fonts/truetype/dejavu/DejaVuSansMono-BoldOblique.ttf", O_RDONLY|O_CLOEXEC) = 6
[pid 185525] 14:15:47.142747 openat(AT_FDCWD, "/usr/share/fonts/truetype/dejavu/DejaVuSansMono-Oblique.ttf", O_RDONLY|O_CLOEXEC) = 6
[pid 185525] 14:15:47.142893 openat(AT_FDCWD, "/usr/share/fonts/truetype/dejavu/DejaVuSansMono.ttf", O_RDONLY|O_CLOEXEC) = 6
[pid 185525] 14:15:47.143047 openat(AT_FDCWD, "/usr/share/fonts/truetype/dejavu/DejaVuSerif-Bold.ttf", O_RDONLY|O_CLOEXEC) = 6
[pid 185525] 14:15:47.143194 openat(AT_FDCWD, "/usr/share/fonts/truetype/dejavu/DejaVuSerif.ttf", O_RDONLY|O_CLOEXEC) = 6
[pid 185525] 14:15:47.143340 openat(AT_FDCWD, "/usr/share/fonts/truetype/dejavu/DejaVuMathTeXGyre.ttf", O_RDONLY|O_CLOEXEC) = 6
[pid 185525] 14:15:47.143491 openat(AT_FDCWD, "/usr/share/fonts/truetype/dejavu/DejaVuSans-BoldOblique.ttf", O_RDONLY|O_CLOEXEC) = 6
[pid 185525] 14:15:47.143649 openat(AT_FDCWD, "/usr/share/fonts/truetype/dejavu/DejaVuSans-ExtraLight.ttf", O_RDONLY|O_CLOEXEC) = 6
[pid 185525] 14:15:47.143799 openat(AT_FDCWD, "/usr/share/fonts/truetype/dejavu/DejaVuSans-Oblique.ttf", O_RDONLY|O_CLOEXEC) = 6
[pid 185525] 14:15:47.143962 openat(AT_FDCWD, "/usr/share/fonts/truetype/dejavu/DejaVuSansCondensed-Bold.ttf", O_RDONLY|O_CLOEXEC) = 6
[pid 185525] 14:15:47.144116 openat(AT_FDCWD, "/usr/share/fonts/truetype/dejavu/DejaVuSansCondensed-BoldOblique.ttf", O_RDONLY|O_CLOEXEC) = 6
[pid 185525] 14:15:47.144273 openat(AT_FDCWD, "/usr/share/fonts/truetype/dejavu/DejaVuSansCondensed-Oblique.ttf", O_RDONLY|O_CLOEXEC) = 6
[pid 185525] 14:15:47.144428 openat(AT_FDCWD, "/usr/share/fonts/truetype/dejavu/DejaVuSansCondensed.ttf", O_RDONLY|O_CLOEXEC) = 6
[pid 185525] 14:15:47.144577 openat(AT_FDCWD, "/usr/share/fonts/truetype/dejavu/DejaVuSerif-BoldItalic.ttf", O_RDONLY|O_CLOEXEC) = 6
[pid 185525] 14:15:47.144727 openat(AT_FDCWD, "/usr/share/fonts/truetype/dejavu/DejaVuSerif-Italic.ttf", O_RDONLY|O_CLOEXEC) = 6
[pid 185525] 14:15:47.144876 openat(AT_FDCWD, "/usr/share/fonts/truetype/dejavu/DejaVuSerifCondensed-Bold.ttf", O_RDONLY|O_CLOEXEC) = 6
[pid 185525] 14:15:47.145033 openat(AT_FDCWD, "/usr/share/fonts/truetype/dejavu/DejaVuSerifCondensed-BoldItalic.ttf", O_RDONLY|O_CLOEXEC) = 6
[pid 185525] 14:15:47.145182 openat(AT_FDCWD, "/usr/share/fonts/truetype/dejavu/DejaVuSerifCondensed-Italic.ttf", O_RDONLY|O_CLOEXEC) = 6
[pid 185525] 14:15:47.145355 openat(AT_FDCWD, "/usr/share/fonts/truetype/dejavu/DejaVuSerifCondensed.ttf", O_RDONLY|O_CLOEXEC) = 6
[pid 185525] 14:15:47.145547 openat(AT_FDCWD, "/usr/share/fonts/truetype/droid", O_RDONLY|O_NONBLOCK|O_CLOEXEC|O_DIRECTORY) = 5
[pid 185525] 14:15:47.145646 openat(AT_FDCWD, "/usr/share/fonts/truetype/droid/DroidSansFallbackFull.ttf", O_RDONLY|O_CLOEXEC) = 6
[pid 185525] 14:15:47.145838 openat(AT_FDCWD, "/usr/share/fonts/truetype/liberation", O_RDONLY|O_NONBLOCK|O_CLOEXEC|O_DIRECTORY) = 5
[pid 185525] 14:15:47.145947 openat(AT_FDCWD, "/usr/share/fonts/truetype/liberation/LiberationMono-Bold.ttf", O_RDONLY|O_CLOEXEC) = 6
[pid 185525] 14:15:47.146098 openat(AT_FDCWD, "/usr/share/fonts/truetype/liberation/LiberationMono-BoldItalic.ttf", O_RDONLY|O_CLOEXEC) = 6
[pid 185525] 14:15:47.146248 openat(AT_FDCWD, "/usr/share/fonts/truetype/liberation/LiberationMono-Italic.ttf", O_RDONLY|O_CLOEXEC) = 6
[pid 185525] 14:15:47.146399 openat(AT_FDCWD, "/usr/share/fonts/truetype/liberation/LiberationMono-Regular.ttf", O_RDONLY|O_CLOEXEC) = 6
[pid 185525] 14:15:47.146545 openat(AT_FDCWD, "/usr/share/fonts/truetype/liberation/LiberationSans-Bold.ttf", O_RDONLY|O_CLOEXEC) = 6
[pid 185525] 14:15:47.146692 openat(AT_FDCWD, "/usr/share/fonts/truetype/liberation/LiberationSans-BoldItalic.ttf", O_RDONLY|O_CLOEXEC) = 6
[pid 185525] 14:15:47.146843 openat(AT_FDCWD, "/usr/share/fonts/truetype/liberation/LiberationSans-Italic.ttf", O_RDONLY|O_CLOEXEC) = 6
[pid 185525] 14:15:47.146997 openat(AT_FDCWD, "/usr/share/fonts/truetype/liberation/LiberationSans-Regular.ttf", O_RDONLY|O_CLOEXEC) = 6
[pid 185525] 14:15:47.147149 openat(AT_FDCWD, "/usr/share/fonts/truetype/liberation/LiberationSerif-Bold.ttf", O_RDONLY|O_CLOEXEC) = 6
[pid 185525] 14:15:47.147296 openat(AT_FDCWD, "/usr/share/fonts/truetype/liberation/LiberationSerif-BoldItalic.ttf", O_RDONLY|O_CLOEXEC) = 6
[pid 185525] 14:15:47.147447 openat(AT_FDCWD, "/usr/share/fonts/truetype/liberation/LiberationSerif-Italic.ttf", O_RDONLY|O_CLOEXEC) = 6
[pid 185525] 14:15:47.147593 openat(AT_FDCWD, "/usr/share/fonts/truetype/liberation/LiberationSerif-Regular.ttf", O_RDONLY|O_CLOEXEC) = 6
[pid 185525] 14:15:47.147781 openat(AT_FDCWD, "/usr/share/fonts/truetype/libreoffice", O_RDONLY|O_NONBLOCK|O_CLOEXEC|O_DIRECTORY) = 5
[pid 185525] 14:15:47.147882 openat(AT_FDCWD, "/usr/share/fonts/truetype/libreoffice/opens___.ttf", O_RDONLY|O_CLOEXEC) = 6
[pid 185525] 14:15:47.148083 openat(AT_FDCWD, "/usr/share/fonts/truetype/noto", O_RDONLY|O_NONBLOCK|O_CLOEXEC|O_DIRECTORY) = 5
[pid 185525] 14:15:47.148249 openat(AT_FDCWD, "/usr/share/fonts/truetype/noto/NotoKufiArabic-Bold.ttf", O_RDONLY|O_CLOEXEC) = 6
[pid 185525] 14:15:47.148399 openat(AT_FDCWD, "/usr/share/fonts/truetype/noto/NotoKufiArabic-Regular.ttf", O_RDONLY|O_CLOEXEC) = 6
[pid 185525] 14:15:47.148549 openat(AT_FDCWD, "/usr/share/fonts/truetype/noto/NotoLoopedLao-Bold.ttf", O_RDONLY|O_CLOEXEC) = 6
[pid 185525] 14:15:47.148693 openat(AT_FDCWD, "/usr/share/fonts/truetype/noto/NotoLoopedLao-Regular.ttf", O_RDONLY|O_CLOEXEC) = 6
[pid 185525] 14:15:47.148846 openat(AT_FDCWD, "/usr/share/fonts/truetype/noto/NotoLoopedThai-Bold.ttf", O_RDONLY|O_CLOEXEC) = 6
[pid 185525] 14:15:47.149001 openat(AT_FDCWD, "/usr/share/fonts/truetype/noto/NotoLoopedThai-Regular.ttf", O_RDONLY|O_CLOEXEC) = 6
[pid 185525] 14:15:47.149149 openat(AT_FDCWD, "/usr/share/fonts/truetype/noto/NotoMono-Regular.ttf", O_RDONLY|O_CLOEXEC) = 6
[pid 185525] 14:15:47.149295 openat(AT_FDCWD, "/usr/share/fonts/truetype/noto/NotoMusic-Regular.ttf", O_RDONLY|O_CLOEXEC) = 6
[pid 185525] 14:15:47.149444 openat(AT_FDCWD, "/usr/share/fonts/truetype/noto/NotoNaskhArabic-Bold.ttf", O_RDONLY|O_CLOEXEC) = 6
[pid 185525] 14:15:47.149593 openat(AT_FDCWD, "/usr/share/fonts/truetype/noto/NotoNaskhArabic-Regular.ttf", O_RDONLY|O_CLOEXEC) = 6
[pid 185525] 14:15:47.149743 openat(AT_FDCWD, "/usr/share/fonts/truetype/noto/NotoNastaliqUrdu-Bold.ttf", O_RDONLY|O_CLOEXEC) = 6
[pid 185525] 14:15:47.149893 openat(AT_FDCWD, "/usr/share/fonts/truetype/noto/NotoNastaliqUrdu-Regular.ttf", O_RDONLY|O_CLOEXEC) = 6
[pid 185525] 14:15:47.150064 openat(AT_FDCWD, "/usr/share/fonts/truetype/noto/NotoRashiHebrew-Bold.ttf", O_RDONLY|O_CLOEXEC) = 6
[pid 185525] 14:15:47.150209 openat(AT_FDCWD, "/usr/share/fonts/truetype/noto/NotoRashiHebrew-Regular.ttf", O_RDONLY|O_CLOEXEC) = 6
[pid 185525] 14:15:47.150351 openat(AT_FDCWD, "/usr/share/fonts/truetype/noto/NotoSans-Bold.ttf", O_RDONLY|O_CLOEXEC) = 6
[pid 185525] 14:15:47.150497 openat(AT_FDCWD, "/usr/share/fonts/truetype/noto/NotoSans-BoldItalic.ttf", O_RDONLY|O_CLOEXEC) = 6
[pid 185525] 14:15:47.150647 openat(AT_FDCWD, "/usr/share/fonts/truetype/noto/NotoSans-Italic.ttf", O_RDONLY|O_CLOEXEC) = 6
[pid 185525] 14:15:47.150798 openat(AT_FDCWD, "/usr/share/fonts/truetype/noto/NotoSans-Regular.ttf", O_RDONLY|O_CLOEXEC) = 6
[pid 185525] 14:15:47.150950 openat(AT_FDCWD, "/usr/share/fonts/truetype/noto/NotoSansAdlam-Bold.ttf", O_RDONLY|O_CLOEXEC) = 6
[pid 185525] 14:15:47.151101 openat(AT_FDCWD, "/usr/share/fonts/truetype/noto/NotoSansAdlam-Regular.ttf", O_RDONLY|O_CLOEXEC) = 6
[pid 185525] 14:15:47.151251 openat(AT_FDCWD, "/usr/share/fonts/truetype/noto/NotoSansAdlamUnjoined-Bold.ttf", O_RDONLY|O_CLOEXEC) = 6
[pid 185525] 14:15:47.151395 openat(AT_FDCWD, "/usr/share/fonts/truetype/noto/NotoSansAdlamUnjoined-Regular.ttf", O_RDONLY|O_CLOEXEC) = 6
[pid 185525] 14:15:47.151539 openat(AT_FDCWD, "/usr/share/fonts/truetype/noto/NotoSansAnatolianHieroglyphs-Regular.ttf", O_RDONLY|O_CLOEXEC) = 6
[pid 185525] 14:15:47.151690 openat(AT_FDCWD, "/usr/share/fonts/truetype/noto/NotoSansArabic-Bold.ttf", O_RDONLY|O_CLOEXEC) = 6
[pid 185525] 14:15:47.151848 openat(AT_FDCWD, "/usr/share/fonts/truetype/noto/NotoSansArabic-Regular.ttf", O_RDONLY|O_CLOEXEC) = 6
[pid 185525] 14:15:47.152003 openat(AT_FDCWD, "/usr/share/fonts/truetype/noto/NotoSansArmenian-Bold.ttf", O_RDONLY|O_CLOEXEC) = 6
[pid 185525] 14:15:47.152149 openat(AT_FDCWD, "/usr/share/fonts/truetype/noto/NotoSansArmenian-Regular.ttf", O_RDONLY|O_CLOEXEC) = 6
[pid 185525] 14:15:47.152292 openat(AT_FDCWD, "/usr/share/fonts/truetype/noto/NotoSansAvestan-Regular.ttf", O_RDONLY|O_CLOEXEC) = 6
[pid 185525] 14:15:47.152437 openat(AT_FDCWD, "/usr/share/fonts/truetype/noto/NotoSansBalinese-Bold.ttf", O_RDONLY|O_CLOEXEC) = 6
[pid 185525] 14:15:47.152582 openat(AT_FDCWD, "/usr/share/fonts/truetype/noto/NotoSansBalinese-Regular.ttf", O_RDONLY|O_CLOEXEC) = 6
[pid 185525] 14:15:47.152729 openat(AT_FDCWD, "/usr/share/fonts/truetype/noto/NotoSansBamum-Bold.ttf", O_RDONLY|O_CLOEXEC) = 6
[pid 185525] 14:15:47.152888 openat(AT_FDCWD, "/usr/share/fonts/truetype/noto/NotoSansBamum-Regular.ttf", O_RDONLY|O_CLOEXEC) = 6
[pid 185525] 14:15:47.153088 openat(AT_FDCWD, "/usr/share/fonts/truetype/noto/NotoSansBassaVah-Regular.ttf", O_RDONLY|O_CLOEXEC) = 6
[pid 185525] 14:15:47.153280 openat(AT_FDCWD, "/usr/share/fonts/truetype/noto/NotoSansBatak-Regular.ttf", O_RDONLY|O_CLOEXEC) = 6
[pid 185525] 14:15:47.153454 openat(AT_FDCWD, "/usr/share/fonts/truetype/noto/NotoSansBengali-Bold.ttf", O_RDONLY|O_CLOEXEC) = 6
[pid 185525] 14:15:47.153626 openat(AT_FDCWD, "/usr/share/fonts/truetype/noto/NotoSansBengali-Regular.ttf", O_RDONLY|O_CLOEXEC) = 6
[pid 185525] 14:15:47.153797 openat(AT_FDCWD, "/usr/share/fonts/truetype/noto/NotoSansBhaiksuki-Regular.ttf", O_RDONLY|O_CLOEXEC) = 6
[pid 185525] 14:15:47.153971 openat(AT_FDCWD, "/usr/share/fonts/truetype/noto/NotoSansBrahmi-Regular.ttf", O_RDONLY|O_CLOEXEC) = 6
[pid 185525] 14:15:47.154137 openat(AT_FDCWD, "/usr/share/fonts/truetype/noto/NotoSansBuginese-Regular.ttf", O_RDONLY|O_CLOEXEC) = 6
[pid 185525] 14:15:47.154295 openat(AT_FDCWD, "/usr/share/fonts/truetype/noto/NotoSansBuhid-Regular.ttf", O_RDONLY|O_CLOEXEC) = 6
[pid 185525] 14:15:47.154446 openat(AT_FDCWD, "/usr/share/fonts/truetype/noto/NotoSansCanadianAboriginal-Bold.ttf", O_RDONLY|O_CLOEXEC) = 6
[pid 185525] 14:15:47.154593 openat(AT_FDCWD, "/usr/share/fonts/truetype/noto/NotoSansCanadianAboriginal-Regular.ttf", O_RDONLY|O_CLOEXEC) = 6
[pid 185525] 14:15:47.154742 openat(AT_FDCWD, "/usr/share/fonts/truetype/noto/NotoSansCarian-Regular.ttf", O_RDONLY|O_CLOEXEC) = 6
[pid 185525] 14:15:47.154938 openat(AT_FDCWD, "/usr/share/fonts/truetype/noto/NotoSansCaucasianAlbanian-Regular.ttf", O_RDONLY|O_CLOEXEC) = 6
[pid 185525] 14:15:47.155085 openat(AT_FDCWD, "/usr/share/fonts/truetype/noto/NotoSansChakma-Regular.ttf", O_RDONLY|O_CLOEXEC) = 6
[pid 185525] 14:15:47.155230 openat(AT_FDCWD, "/usr/share/fonts/truetype/noto/NotoSansCham-Bold.ttf", O_RDONLY|O_CLOEXEC) = 6
[pid 185525] 14:15:47.155372 openat(AT_FDCWD, "/usr/share/fonts/truetype/noto/NotoSansCham-Regular.ttf", O_RDONLY|O_CLOEXEC) = 6
[pid 185525] 14:15:47.155515 openat(AT_FDCWD, "/usr/share/fonts/truetype/noto/NotoSansCherokee-Bold.ttf", O_RDONLY|O_CLOEXEC) = 6
[pid 185525] 14:15:47.155666 openat(AT_FDCWD, "/usr/share/fonts/truetype/noto/NotoSansCherokee-Regular.ttf", O_RDONLY|O_CLOEXEC) = 6
[pid 185525] 14:15:47.155813 openat(AT_FDCWD, "/usr/share/fonts/truetype/noto/NotoSansCoptic-Regular.ttf", O_RDONLY|O_CLOEXEC) = 6
[pid 185525] 14:15:47.155972 openat(AT_FDCWD, "/usr/share/fonts/truetype/noto/NotoSansCuneiform-Regular.ttf", O_RDONLY|O_CLOEXEC) = 6
[pid 185525] 14:15:47.156132 openat(AT_FDCWD, "/usr/share/fonts/truetype/noto/NotoSansCypriot-Regular.ttf", O_RDONLY|O_CLOEXEC) = 6
[pid 185525] 14:15:47.156274 openat(AT_FDCWD, "/usr/share/fonts/truetype/noto/NotoSansDeseret-Regular.ttf", O_RDONLY|O_CLOEXEC) = 6
[pid 185525] 14:15:47.156423 openat(AT_FDCWD, "/usr/share/fonts/truetype/noto/NotoSansDevanagari-Bold.ttf", O_RDONLY|O_CLOEXEC) = 6
[pid 185525] 14:15:47.156584 openat(AT_FDCWD, "/usr/share/fonts/truetype/noto/NotoSansDevanagari-Regular.ttf", O_RDONLY|O_CLOEXEC) = 6
[pid 185525] 14:15:47.156782 openat(AT_FDCWD, "/usr/share/fonts/truetype/noto/NotoSansDisplay-Bold.ttf", O_RDONLY|O_CLOEXEC) = 6
[pid 185525] 14:15:47.156980 openat(AT_FDCWD, "/usr/share/fonts/truetype/noto/NotoSansDisplay-BoldItalic.ttf", O_RDONLY|O_CLOEXEC) = 6
[pid 185525] 14:15:47.157156 openat(AT_FDCWD, "/usr/share/fonts/truetype/noto/NotoSansDisplay-Italic.ttf", O_RDONLY|O_CLOEXEC) = 6
[pid 185525] 14:15:47.157327 openat(AT_FDCWD, "/usr/share/fonts/truetype/noto/NotoSansDisplay-Regular.ttf", O_RDONLY|O_CLOEXEC) = 6
[pid 185525] 14:15:47.157496 openat(AT_FDCWD, "/usr/share/fonts/truetype/noto/NotoSansDuployan-Regular.ttf", O_RDONLY|O_CLOEXEC) = 6
[pid 185525] 14:15:47.157659 openat(AT_FDCWD, "/usr/share/fonts/truetype/noto/NotoSansEgyptianHieroglyphs-Regular.ttf", O_RDONLY|O_CLOEXEC) = 6
[pid 185525] 14:15:47.157830 openat(AT_FDCWD, "/usr/share/fonts/truetype/noto/NotoSansElbasan-Regular.ttf", O_RDONLY|O_CLOEXEC) = 6
[pid 185525] 14:15:47.158004 openat(AT_FDCWD, "/usr/share/fonts/truetype/noto/NotoSansElymaic-Regular.ttf", O_RDONLY|O_CLOEXEC) = 6
[pid 185525] 14:15:47.158154 openat(AT_FDCWD, "/usr/share/fonts/truetype/noto/NotoSansEthiopic-Bold.ttf", O_RDONLY|O_CLOEXEC) = 6
[pid 185525] 14:15:47.158304 openat(AT_FDCWD, "/usr/share/fonts/truetype/noto/NotoSansEthiopic-Regular.ttf", O_RDONLY|O_CLOEXEC) = 6
[pid 185525] 14:15:47.158454 openat(AT_FDCWD, "/usr/share/fonts/truetype/noto/NotoSansGeorgian-Bold.ttf", O_RDONLY|O_CLOEXEC) = 6
[pid 185525] 14:15:47.158598 openat(AT_FDCWD, "/usr/share/fonts/truetype/noto/NotoSansGeorgian-Regular.ttf", O_RDONLY|O_CLOEXEC) = 6
[pid 185525] 14:15:47.158741 openat(AT_FDCWD, "/usr/share/fonts/truetype/noto/NotoSansGlagolitic-Regular.ttf", O_RDONLY|O_CLOEXEC) = 6
[pid 185525] 14:15:47.158885 openat(AT_FDCWD, "/usr/share/fonts/truetype/noto/NotoSansGothic-Regular.ttf", O_RDONLY|O_CLOEXEC) = 6
[pid 185525] 14:15:47.159034 openat(AT_FDCWD, "/usr/share/fonts/truetype/noto/NotoSansGrantha-Regular.ttf", O_RDONLY|O_CLOEXEC) = 6
[pid 185525] 14:15:47.159190 openat(AT_FDCWD, "/usr/share/fonts/truetype/noto/NotoSansGujarati-Bold.ttf", O_RDONLY|O_CLOEXEC) = 6
[pid 185525] 14:15:47.159358 openat(AT_FDCWD, "/usr/share/fonts/truetype/noto/NotoSansGujarati-Regular.ttf", O_RDONLY|O_CLOEXEC) = 6
[pid 185525] 14:15:47.159512 openat(AT_FDCWD, "/usr/share/fonts/truetype/noto/NotoSansGunjalaGondi-Regular.ttf", O_RDONLY|O_CLOEXEC) = 6
[pid 185525] 14:15:47.159672 openat(AT_FDCWD, "/usr/share/fonts/truetype/noto/NotoSansGurmukhi-Bold.ttf", O_RDONLY|O_CLOEXEC) = 6
[pid 185525] 14:15:47.159860 openat(AT_FDCWD, "/usr/share/fonts/truetype/noto/NotoSansGurmukhi-Regular.ttf", O_RDONLY|O_CLOEXEC) = 6
[pid 185525] 14:15:47.160043 openat(AT_FDCWD, "/usr/share/fonts/truetype/noto/NotoSansHanifiRohingya-Bold.ttf", O_RDONLY|O_CLOEXEC) = 6
[pid 185525] 14:15:47.160218 openat(AT_FDCWD, "/usr/share/fonts/truetype/noto/NotoSansHanifiRohingya-Regular.ttf", O_RDONLY|O_CLOEXEC) = 6
[pid 185525] 14:15:47.160382 openat(AT_FDCWD, "/usr/share/fonts/truetype/noto/NotoSansHanunoo-Regular.ttf", O_RDONLY|O_CLOEXEC) = 6
[pid 185525] 14:15:47.160528 openat(AT_FDCWD, "/usr/share/fonts/truetype/noto/NotoSansHatran-Regular.ttf", O_RDONLY|O_CLOEXEC) = 6
[pid 185525] 14:15:47.160667 openat(AT_FDCWD, "/usr/share/fonts/truetype/noto/NotoSansHebrew-Bold.ttf", O_RDONLY|O_CLOEXEC) = 6
[pid 185525] 14:15:47.160808 openat(AT_FDCWD, "/usr/share/fonts/truetype/noto/NotoSansHebrew-Regular.ttf", O_RDONLY|O_CLOEXEC) = 6
[pid 185525] 14:15:47.160958 openat(AT_FDCWD, "/usr/share/fonts/truetype/noto/NotoSansImperialAramaic-Regular.ttf", O_RDONLY|O_CLOEXEC) = 6
[pid 185525] 14:15:47.161103 openat(AT_FDCWD, "/usr/share/fonts/truetype/noto/NotoSansIndicSiyaqNumbers-Regular.ttf", O_RDONLY|O_CLOEXEC) = 6
[pid 185525] 14:15:47.161246 openat(AT_FDCWD, "/usr/share/fonts/truetype/noto/NotoSansInscriptionalPahlavi-Regular.ttf", O_RDONLY|O_CLOEXEC) = 6
[pid 185525] 14:15:47.161386 openat(AT_FDCWD, "/usr/share/fonts/truetype/noto/NotoSansInscriptionalParthian-Regular.ttf", O_RDONLY|O_CLOEXEC) = 6
[pid 185525] 14:15:47.161524 openat(AT_FDCWD, "/usr/share/fonts/truetype/noto/NotoSansJavanese-Bold.ttf", O_RDONLY|O_CLOEXEC) = 6
[pid 185525] 14:15:47.161675 openat(AT_FDCWD, "/usr/share/fonts/truetype/noto/NotoSansJavanese-Regular.ttf", O_RDONLY|O_CLOEXEC) = 6
[pid 185525] 14:15:47.161826 openat(AT_FDCWD, "/usr/share/fonts/truetype/noto/NotoSansKaithi-Regular.ttf", O_RDONLY|O_CLOEXEC) = 6
[pid 185525] 14:15:47.161984 openat(AT_FDCWD, "/usr/share/fonts/truetype/noto/NotoSansKannada-Bold.ttf", O_RDONLY|O_CLOEXEC) = 6
[pid 185525] 14:15:47.162135 openat(AT_FDCWD, "/usr/share/fonts/truetype/noto/NotoSansKannada-Regular.ttf", O_RDONLY|O_CLOEXEC) = 6
[pid 185525] 14:15:47.162284 openat(AT_FDCWD, "/usr/share/fonts/truetype/noto/NotoSansKayahLi-Bold.ttf", O_RDONLY|O_CLOEXEC) = 6
[pid 185525] 14:15:47.162426 openat(AT_FDCWD, "/usr/share/fonts/truetype/noto/NotoSansKayahLi-Regular.ttf", O_RDONLY|O_CLOEXEC) = 6
[pid 185525] 14:15:47.162568 openat(AT_FDCWD, "/usr/share/fonts/truetype/noto/NotoSansKharoshthi-Regular.ttf", O_RDONLY|O_CLOEXEC) = 6
[pid 185525] 14:15:47.162711 openat(AT_FDCWD, "/usr/share/fonts/truetype/noto/NotoSansKhmer-Bold.ttf", O_RDONLY|O_CLOEXEC) = 6
[pid 185525] 14:15:47.162862 openat(AT_FDCWD, "/usr/share/fonts/truetype/noto/NotoSansKhmer-Regular.ttf", O_RDONLY|O_CLOEXEC) = 6
[pid 185525] 14:15:47.163024 openat(AT_FDCWD, "/usr/share/fonts/truetype/noto/NotoSansKhojki-Regular.ttf", O_RDONLY|O_CLOEXEC) = 6
[pid 185525] 14:15:47.163173 openat(AT_FDCWD, "/usr/share/fonts/truetype/noto/NotoSansKhudawadi-Regular.ttf", O_RDONLY|O_CLOEXEC) = 6
[pid 185525] 14:15:47.163313 openat(AT_FDCWD, "/usr/share/fonts/truetype/noto/NotoSansLao-Bold.ttf", O_RDONLY|O_CLOEXEC) = 6
[pid 185525] 14:15:47.163456 openat(AT_FDCWD, "/usr/share/fonts/truetype/noto/NotoSansLao-Regular.ttf", O_RDONLY|O_CLOEXEC) = 6
[pid 185525] 14:15:47.163598 openat(AT_FDCWD, "/usr/share/fonts/truetype/noto/NotoSansLepcha-Regular.ttf", O_RDONLY|O_CLOEXEC) = 6
[pid 185525] 14:15:47.163740 openat(AT_FDCWD, "/usr/share/fonts/truetype/noto/NotoSansLimbu-Regular.ttf", O_RDONLY|O_CLOEXEC) = 6
[pid 185525] 14:15:47.163888 openat(AT_FDCWD, "/usr/share/fonts/truetype/noto/NotoSansLinearA-Regular.ttf", O_RDONLY|O_CLOEXEC) = 6
[pid 185525] 14:15:47.164051 openat(AT_FDCWD, "/usr/share/fonts/truetype/noto/NotoSansLinearB-Regular.ttf", O_RDONLY|O_CLOEXEC) = 6
[pid 185525] 14:15:47.164198 openat(AT_FDCWD, "/usr/share/fonts/truetype/noto/NotoSansLisu-Bold.ttf", O_RDONLY|O_CLOEXEC) = 6
[pid 185525] 14:15:47.164339 openat(AT_FDCWD, "/usr/share/fonts/truetype/noto/NotoSansLisu-Regular.ttf", O_RDONLY|O_CLOEXEC) = 6
[pid 185525] 14:15:47.164496 openat(AT_FDCWD, "/usr/share/fonts/truetype/noto/NotoSansLycian-Regular.ttf", O_RDONLY|O_CLOEXEC) = 6
[pid 185525] 14:15:47.164636 openat(AT_FDCWD, "/usr/share/fonts/truetype/noto/NotoSansLydian-Regular.ttf", O_RDONLY|O_CLOEXEC) = 6
[pid 185525] 14:15:47.164775 openat(AT_FDCWD, "/usr/share/fonts/truetype/noto/NotoSansMahajani-Regular.ttf", O_RDONLY|O_CLOEXEC) = 6
[pid 185525] 14:15:47.164925 openat(AT_FDCWD, "/usr/share/fonts/truetype/noto/NotoSansMalayalam-Bold.ttf", O_RDONLY|O_CLOEXEC) = 6
[pid 185525] 14:15:47.165078 openat(AT_FDCWD, "/usr/share/fonts/truetype/noto/NotoSansMalayalam-Regular.ttf", O_RDONLY|O_CLOEXEC) = 6
[pid 185525] 14:15:47.165226 openat(AT_FDCWD, "/usr/share/fonts/truetype/noto/NotoSansMandaic-Regular.ttf", O_RDONLY|O_CLOEXEC) = 6
[pid 185525] 14:15:47.165369 openat(AT_FDCWD, "/usr/share/fonts/truetype/noto/NotoSansManichaean-Regular.ttf", O_RDONLY|O_CLOEXEC) = 6
[pid 185525] 14:15:47.165512 openat(AT_FDCWD, "/usr/share/fonts/truetype/noto/NotoSansMarchen-Regular.ttf", O_RDONLY|O_CLOEXEC) = 6
[pid 185525] 14:15:47.165665 openat(AT_FDCWD, "/usr/share/fonts/truetype/noto/NotoSansMasaramGondi-Regular.ttf", O_RDONLY|O_CLOEXEC) = 6
[pid 185525] 14:15:47.165807 openat(AT_FDCWD, "/usr/share/fonts/truetype/noto/NotoSansMath-Regular.ttf", O_RDONLY|O_CLOEXEC) = 6
[pid 185525] 14:15:47.165966 openat(AT_FDCWD, "/usr/share/fonts/truetype/noto/NotoSansMayanNumerals-Regular.ttf", O_RDONLY|O_CLOEXEC) = 6
[pid 185525] 14:15:47.166108 openat(AT_FDCWD, "/usr/share/fonts/truetype/noto/NotoSansMedefaidrin-Bold.ttf", O_RDONLY|O_CLOEXEC) = 6
[pid 185525] 14:15:47.166250 openat(AT_FDCWD, "/usr/share/fonts/truetype/noto/NotoSansMedefaidrin-Regular.ttf", O_RDONLY|O_CLOEXEC) = 6
[pid 185525] 14:15:47.166435 openat(AT_FDCWD, "/usr/share/fonts/truetype/noto/NotoSansMeeteiMayek-Bold.ttf", O_RDONLY|O_CLOEXEC) = 6
[pid 185525] 14:15:47.166579 openat(AT_FDCWD, "/usr/share/fonts/truetype/noto/NotoSansMeeteiMayek-Regular.ttf", O_RDONLY|O_CLOEXEC) = 6
[pid 185525] 14:15:47.166722 openat(AT_FDCWD, "/usr/share/fonts/truetype/noto/NotoSansMendeKikakui-Regular.ttf", O_RDONLY|O_CLOEXEC) = 6
[pid 185525] 14:15:47.166875 openat(AT_FDCWD, "/usr/share/fonts/truetype/noto/NotoSansMeroitic-Regular.ttf", O_RDONLY|O_CLOEXEC) = 6
[pid 185525] 14:15:47.167024 openat(AT_FDCWD, "/usr/share/fonts/truetype/noto/NotoSansMiao-Regular.ttf", O_RDONLY|O_CLOEXEC) = 6
[pid 185525] 14:15:47.167169 openat(AT_FDCWD, "/usr/share/fonts/truetype/noto/NotoSansModi-Regular.ttf", O_RDONLY|O_CLOEXEC) = 6
[pid 185525] 14:15:47.167313 openat(AT_FDCWD, "/usr/share/fonts/truetype/noto/NotoSansMongolian-Regular.ttf", O_RDONLY|O_CLOEXEC) = 6
[pid 185525] 14:15:47.167462 openat(AT_FDCWD, "/usr/share/fonts/truetype/noto/NotoSansMono-Bold.ttf", O_RDONLY|O_CLOEXEC) = 6
[pid 185525] 14:15:47.167609 openat(AT_FDCWD, "/usr/share/fonts/truetype/noto/NotoSansMono-Regular.ttf", O_RDONLY|O_CLOEXEC) = 6
[pid 185525] 14:15:47.167756 openat(AT_FDCWD, "/usr/share/fonts/truetype/noto/NotoSansMro-Regular.ttf", O_RDONLY|O_CLOEXEC) = 6
[pid 185525] 14:15:47.167894 openat(AT_FDCWD, "/usr/share/fonts/truetype/noto/NotoSansMultani-Regular.ttf", O_RDONLY|O_CLOEXEC) = 6
[pid 185525] 14:15:47.168120 openat(AT_FDCWD, "/usr/share/fonts/truetype/noto/NotoSansMyanmar-Bold.ttf", O_RDONLY|O_CLOEXEC) = 6
[pid 185525] 14:15:47.168306 openat(AT_FDCWD, "/usr/share/fonts/truetype/noto/NotoSansMyanmar-Regular.ttf", O_RDONLY|O_CLOEXEC) = 6
[pid 185525] 14:15:47.168484 openat(AT_FDCWD, "/usr/share/fonts/truetype/noto/NotoSansNKo-Regular.ttf", O_RDONLY|O_CLOEXEC) = 6
[pid 185525] 14:15:47.168656 openat(AT_FDCWD, "/usr/share/fonts/truetype/noto/NotoSansNabataean-Regular.ttf", O_RDONLY|O_CLOEXEC) = 6
[pid 185525] 14:15:47.168827 openat(AT_FDCWD, "/usr/share/fonts/truetype/noto/NotoSansNewTaiLue-Regular.ttf", O_RDONLY|O_CLOEXEC) = 6
[pid 185525] 14:15:47.169002 openat(AT_FDCWD, "/usr/share/fonts/truetype/noto/NotoSansNewa-Regular.ttf", O_RDONLY|O_CLOEXEC) = 6
[pid 185525] 14:15:47.169181 openat(AT_FDCWD, "/usr/share/fonts/truetype/noto/NotoSansNushu-Regular.ttf", O_RDONLY|O_CLOEXEC) = 6
[pid 185525] 14:15:47.169380 openat(AT_FDCWD, "/usr/share/fonts/truetype/noto/NotoSansOgham-Regular.ttf", O_RDONLY|O_CLOEXEC) = 6
[pid 185525] 14:15:47.169548 openat(AT_FDCWD, "/usr/share/fonts/truetype/noto/NotoSansOlChiki-Bold.ttf", O_RDONLY|O_CLOEXEC) = 6
[pid 185525] 14:15:47.169719 openat(AT_FDCWD, "/usr/share/fonts/truetype/noto/NotoSansOlChiki-Regular.ttf", O_RDONLY|O_CLOEXEC) = 6
[pid 185525] 14:15:47.169888 openat(AT_FDCWD, "/usr/share/fonts/truetype/noto/NotoSansOldHungarian-Regular.ttf", O_RDONLY|O_CLOEXEC) = 6
[pid 185525] 14:15:47.170067 openat(AT_FDCWD, "/usr/share/fonts/truetype/noto/NotoSansOldItalic-Regular.ttf", O_RDONLY|O_CLOEXEC) = 6
[pid 185525] 14:15:47.170231 openat(AT_FDCWD, "/usr/share/fonts/truetype/noto/NotoSansOldNorthArabian-Regular.ttf", O_RDONLY|O_CLOEXEC) = 6
[pid 185525] 14:15:47.170395 openat(AT_FDCWD, "/usr/share/fonts/truetype/noto/NotoSansOldPermic-Regular.ttf", O_RDONLY|O_CLOEXEC) = 6
[pid 185525] 14:15:47.170559 openat(AT_FDCWD, "/usr/share/fonts/truetype/noto/NotoSansOldPersian-Regular.ttf", O_RDONLY|O_CLOEXEC) = 6
[pid 185525] 14:15:47.170725 openat(AT_FDCWD, "/usr/share/fonts/truetype/noto/NotoSansOldSogdian-Regular.ttf", O_RDONLY|O_CLOEXEC) = 6
[pid 185525] 14:15:47.170891 openat(AT_FDCWD, "/usr/share/fonts/truetype/noto/NotoSansOldSouthArabian-Regular.ttf", O_RDONLY|O_CLOEXEC) = 6
[pid 185525] 14:15:47.171062 openat(AT_FDCWD, "/usr/share/fonts/truetype/noto/NotoSansOldTurkic-Regular.ttf", O_RDONLY|O_CLOEXEC) = 6
[pid 185525] 14:15:47.171227 openat(AT_FDCWD, "/usr/share/fonts/truetype/noto/NotoSansOriya-Bold.ttf", O_RDONLY|O_CLOEXEC) = 6
[pid 185525] 14:15:47.171400 openat(AT_FDCWD, "/usr/share/fonts/truetype/noto/NotoSansOriya-Regular.ttf", O_RDONLY|O_CLOEXEC) = 6
[pid 185525] 14:15:47.171573 openat(AT_FDCWD, "/usr/share/fonts/truetype/noto/NotoSansOsage-Regular.ttf", O_RDONLY|O_CLOEXEC) = 6
[pid 185525] 14:15:47.171739 openat(AT_FDCWD, "/usr/share/fonts/truetype/noto/NotoSansOsmanya-Regular.ttf", O_RDONLY|O_CLOEXEC) = 6
[pid 185525] 14:15:47.171910 openat(AT_FDCWD, "/usr/share/fonts/truetype/noto/NotoSansPahawhHmong-Regular.ttf", O_RDONLY|O_CLOEXEC) = 6
[pid 185525] 14:15:47.172077 openat(AT_FDCWD, "/usr/share/fonts/truetype/noto/NotoSansPalmyrene-Regular.ttf", O_RDONLY|O_CLOEXEC) = 6
[pid 185525] 14:15:47.172244 openat(AT_FDCWD, "/usr/share/fonts/truetype/noto/NotoSansPauCinHau-Regular.ttf", O_RDONLY|O_CLOEXEC) = 6
[pid 185525] 14:15:47.172410 openat(AT_FDCWD, "/usr/share/fonts/truetype/noto/NotoSansPhagsPa-Regular.ttf", O_RDONLY|O_CLOEXEC) = 6
[pid 185525] 14:15:47.172577 openat(AT_FDCWD, "/usr/share/fonts/truetype/noto/NotoSansPhoenician-Regular.ttf", O_RDONLY|O_CLOEXEC) = 6
[pid 185525] 14:15:47.172740 openat(AT_FDCWD, "/usr/share/fonts/truetype/noto/NotoSansPsalterPahlavi-Regular.ttf", O_RDONLY|O_CLOEXEC) = 6
[pid 185525] 14:15:47.172915 openat(AT_FDCWD, "/usr/share/fonts/truetype/noto/NotoSansRejang-Regular.ttf", O_RDONLY|O_CLOEXEC) = 6
[pid 185525] 14:15:47.173081 openat(AT_FDCWD, "/usr/share/fonts/truetype/noto/NotoSansRunic-Regular.ttf", O_RDONLY|O_CLOEXEC) = 6
[pid 185525] 14:15:47.173247 openat(AT_FDCWD, "/usr/share/fonts/truetype/noto/NotoSansSamaritan-Regular.ttf", O_RDONLY|O_CLOEXEC) = 6
[pid 185525] 14:15:47.173411 openat(AT_FDCWD, "/usr/share/fonts/truetype/noto/NotoSansSaurashtra-Regular.ttf", O_RDONLY|O_CLOEXEC) = 6
[pid 185525] 14:15:47.173579 openat(AT_FDCWD, "/usr/share/fonts/truetype/noto/NotoSansSharada-Regular.ttf", O_RDONLY|O_CLOEXEC) = 6
[pid 185525] 14:15:47.173747 openat(AT_FDCWD, "/usr/share/fonts/truetype/noto/NotoSansShavian-Regular.ttf", O_RDONLY|O_CLOEXEC) = 6
[pid 185525] 14:15:47.173941 openat(AT_FDCWD, "/usr/share/fonts/truetype/noto/NotoSansSiddham-Regular.ttf", O_RDONLY|O_CLOEXEC) = 6
[pid 185525] 14:15:47.174126 openat(AT_FDCWD, "/usr/share/fonts/truetype/noto/NotoSansSignWriting-Regular.ttf", O_RDONLY|O_CLOEXEC) = 6
[pid 185525] 14:15:47.174305 openat(AT_FDCWD, "/usr/share/fonts/truetype/noto/NotoSansSinhala-Bold.ttf", O_RDONLY|O_CLOEXEC) = 6
[pid 185525] 14:15:47.174495 openat(AT_FDCWD, "/usr/share/fonts/truetype/noto/NotoSansSinhala-Regular.ttf", O_RDONLY|O_CLOEXEC) = 6
[pid 185525] 14:15:47.174672 openat(AT_FDCWD, "/usr/share/fonts/truetype/noto/NotoSansSogdian-Regular.ttf", O_RDONLY|O_CLOEXEC) = 6
[pid 185525] 14:15:47.174844 openat(AT_FDCWD, "/usr/share/fonts/truetype/noto/NotoSansSoraSompeng-Bold.ttf", O_RDONLY|O_CLOEXEC) = 6
[pid 185525] 14:15:47.175012 openat(AT_FDCWD, "/usr/share/fonts/truetype/noto/NotoSansSoraSompeng-Regular.ttf", O_RDONLY|O_CLOEXEC) = 6
[pid 185525] 14:15:47.175176 openat(AT_FDCWD, "/usr/share/fonts/truetype/noto/NotoSansSoyombo-Regular.ttf", O_RDONLY|O_CLOEXEC) = 6
[pid 185525] 14:15:47.175344 openat(AT_FDCWD, "/usr/share/fonts/truetype/noto/NotoSansSundanese-Bold.ttf", O_RDONLY|O_CLOEXEC) = 6
[pid 185525] 14:15:47.175509 openat(AT_FDCWD, "/usr/share/fonts/truetype/noto/NotoSansSundanese-Regular.ttf", O_RDONLY|O_CLOEXEC) = 6
[pid 185525] 14:15:47.175674 openat(AT_FDCWD, "/usr/share/fonts/truetype/noto/NotoSansSylotiNagri-Regular.ttf", O_RDONLY|O_CLOEXEC) = 6
[pid 185525] 14:15:47.175840 openat(AT_FDCWD, "/usr/share/fonts/truetype/noto/NotoSansSymbols-Bold.ttf", O_RDONLY|O_CLOEXEC) = 6
[pid 185525] 14:15:47.176019 openat(AT_FDCWD, "/usr/share/fonts/truetype/noto/NotoSansSymbols-Regular.ttf", O_RDONLY|O_CLOEXEC) = 6
[pid 185525] 14:15:47.176195 openat(AT_FDCWD, "/usr/share/fonts/truetype/noto/NotoSansSymbols2-Regular.ttf", O_RDONLY|O_CLOEXEC) = 6
[pid 185525] 14:15:47.176366 openat(AT_FDCWD, "/usr/share/fonts/truetype/noto/NotoSansSyriac-Regular.ttf", O_RDONLY|O_CLOEXEC) = 6
[pid 185525] 14:15:47.176541 openat(AT_FDCWD, "/usr/share/fonts/truetype/noto/NotoSansTagalog-Regular.ttf", O_RDONLY|O_CLOEXEC) = 6
[pid 185525] 14:15:47.176704 openat(AT_FDCWD, "/usr/share/fonts/truetype/noto/NotoSansTagbanwa-Regular.ttf", O_RDONLY|O_CLOEXEC) = 6
[pid 185525] 14:15:47.176867 openat(AT_FDCWD, "/usr/share/fonts/truetype/noto/NotoSansTaiLe-Regular.ttf", O_RDONLY|O_CLOEXEC) = 6
[pid 185525] 14:15:47.177067 openat(AT_FDCWD, "/usr/share/fonts/truetype/noto/NotoSansTaiTham-Bold.ttf", O_RDONLY|O_CLOEXEC) = 6
[pid 185525] 14:15:47.177252 openat(AT_FDCWD, "/usr/share/fonts/truetype/noto/NotoSansTaiTham-Regular.ttf", O_RDONLY|O_CLOEXEC) = 6
[pid 185525] 14:15:47.177434 openat(AT_FDCWD, "/usr/share/fonts/truetype/noto/NotoSansTaiViet-Regular.ttf", O_RDONLY|O_CLOEXEC) = 6
[pid 185525] 14:15:47.177613 openat(AT_FDCWD, "/usr/share/fonts/truetype/noto/NotoSansTakri-Regular.ttf", O_RDONLY|O_CLOEXEC) = 6
[pid 185525] 14:15:47.177783 openat(AT_FDCWD, "/usr/share/fonts/truetype/noto/NotoSansTamil-Bold.ttf", O_RDONLY|O_CLOEXEC) = 6
[pid 185525] 14:15:47.177966 openat(AT_FDCWD, "/usr/share/fonts/truetype/noto/NotoSansTamil-Regular.ttf", O_RDONLY|O_CLOEXEC) = 6
[pid 185525] 14:15:47.178144 openat(AT_FDCWD, "/usr/share/fonts/truetype/noto/NotoSansTamilSupplement-Regular.ttf", O_RDONLY|O_CLOEXEC) = 6
[pid 185525] 14:15:47.178313 openat(AT_FDCWD, "/usr/share/fonts/truetype/noto/NotoSansTelugu-Bold.ttf", O_RDONLY|O_CLOEXEC) = 6
[pid 185525] 14:15:47.178492 openat(AT_FDCWD, "/usr/share/fonts/truetype/noto/NotoSansTelugu-Regular.ttf", O_RDONLY|O_CLOEXEC) = 6
[pid 185525] 14:15:47.178668 openat(AT_FDCWD, "/usr/share/fonts/truetype/noto/NotoSansThaana-Bold.ttf", O_RDONLY|O_CLOEXEC) = 6
[pid 185525] 14:15:47.178837 openat(AT_FDCWD, "/usr/share/fonts/truetype/noto/NotoSansThaana-Regular.ttf", O_RDONLY|O_CLOEXEC) = 6
[pid 185525] 14:15:47.179011 openat(AT_FDCWD, "/usr/share/fonts/truetype/noto/NotoSansThai-Bold.ttf", O_RDONLY|O_CLOEXEC) = 6
[pid 185525] 14:15:47.179184 openat(AT_FDCWD, "/usr/share/fonts/truetype/noto/NotoSansThai-Regular.ttf", O_RDONLY|O_CLOEXEC) = 6
[pid 185525] 14:15:47.179355 openat(AT_FDCWD, "/usr/share/fonts/truetype/noto/NotoSansTifinagh-Regular.ttf", O_RDONLY|O_CLOEXEC) = 6
[pid 185525] 14:15:47.179527 openat(AT_FDCWD, "/usr/share/fonts/truetype/noto/NotoSansTifinaghAPT-Regular.ttf", O_RDONLY|O_CLOEXEC) = 6
[pid 185525] 14:15:47.179697 openat(AT_FDCWD, "/usr/share/fonts/truetype/noto/NotoSansTifinaghAdrar-Regular.ttf", O_RDONLY|O_CLOEXEC) = 6
[pid 185525] 14:15:47.179867 openat(AT_FDCWD, "/usr/share/fonts/truetype/noto/NotoSansTifinaghAgrawImazighen-Regular.ttf", O_RDONLY|O_CLOEXEC) = 6
[pid 185525] 14:15:47.180062 openat(AT_FDCWD, "/usr/share/fonts/truetype/noto/NotoSansTifinaghAhaggar-Regular.ttf", O_RDONLY|O_CLOEXEC) = 6
[pid 185525] 14:15:47.180233 openat(AT_FDCWD, "/usr/share/fonts/truetype/noto/NotoSansTifinaghAir-Regular.ttf", O_RDONLY|O_CLOEXEC) = 6
[pid 185525] 14:15:47.180405 openat(AT_FDCWD, "/usr/share/fonts/truetype/noto/NotoSansTifinaghAzawagh-Regular.ttf", O_RDONLY|O_CLOEXEC) = 6
[pid 185525] 14:15:47.180575 openat(AT_FDCWD, "/usr/share/fonts/truetype/noto/NotoSansTifinaghGhat-Regular.ttf", O_RDONLY|O_CLOEXEC) = 6
[pid 185525] 14:15:47.180748 openat(AT_FDCWD, "/usr/share/fonts/truetype/noto/NotoSansTifinaghHawad-Regular.ttf", O_RDONLY|O_CLOEXEC) = 6
[pid 185525] 14:15:47.180924 openat(AT_FDCWD, "/usr/share/fonts/truetype/noto/NotoSansTifinaghRhissaIxa-Regular.ttf", O_RDONLY|O_CLOEXEC) = 6
[pid 185525] 14:15:47.181095 openat(AT_FDCWD, "/usr/share/fonts/truetype/noto/NotoSansTifinaghSIL-Regular.ttf", O_RDONLY|O_CLOEXEC) = 6
[pid 185525] 14:15:47.181266 openat(AT_FDCWD, "/usr/share/fonts/truetype/noto/NotoSansTifinaghTawellemmet-Regular.ttf", O_RDONLY|O_CLOEXEC) = 6
[pid 185525] 14:15:47.181436 openat(AT_FDCWD, "/usr/share/fonts/truetype/noto/NotoSansTirhuta-Regular.ttf", O_RDONLY|O_CLOEXEC) = 6
[pid 185525] 14:15:47.181612 openat(AT_FDCWD, "/usr/share/fonts/truetype/noto/NotoSansUgaritic-Regular.ttf", O_RDONLY|O_CLOEXEC) = 6
[pid 185525] 14:15:47.181779 openat(AT_FDCWD, "/usr/share/fonts/truetype/noto/NotoSansVai-Regular.ttf", O_RDONLY|O_CLOEXEC) = 6
[pid 185525] 14:15:47.181962 openat(AT_FDCWD, "/usr/share/fonts/truetype/noto/NotoSansWancho-Regular.ttf", O_RDONLY|O_CLOEXEC) = 6
[pid 185525] 14:15:47.182131 openat(AT_FDCWD, "/usr/share/fonts/truetype/noto/NotoSansWarangCiti-Regular.ttf", O_RDONLY|O_CLOEXEC) = 6
[pid 185525] 14:15:47.182305 openat(AT_FDCWD, "/usr/share/fonts/truetype/noto/NotoSansYi-Regular.ttf", O_RDONLY|O_CLOEXEC) = 6
[pid 185525] 14:15:47.182482 openat(AT_FDCWD, "/usr/share/fonts/truetype/noto/NotoSansZanabazarSquare-Regular.ttf", O_RDONLY|O_CLOEXEC) = 6
[pid 185525] 14:15:47.182652 openat(AT_FDCWD, "/usr/share/fonts/truetype/noto/NotoSerif-Bold.ttf", O_RDONLY|O_CLOEXEC) = 6
[pid 185525] 14:15:47.182827 openat(AT_FDCWD, "/usr/share/fonts/truetype/noto/NotoSerif-BoldItalic.ttf", O_RDONLY|O_CLOEXEC) = 6
[pid 185525] 14:15:47.183010 openat(AT_FDCWD, "/usr/share/fonts/truetype/noto/NotoSerif-Italic.ttf", O_RDONLY|O_CLOEXEC) = 6
[pid 185525] 14:15:47.183190 openat(AT_FDCWD, "/usr/share/fonts/truetype/noto/NotoSerif-Regular.ttf", O_RDONLY|O_CLOEXEC) = 6
[pid 185525] 14:15:47.183369 openat(AT_FDCWD, "/usr/share/fonts/truetype/noto/NotoSerifAhom-Regular.ttf", O_RDONLY|O_CLOEXEC) = 6
[pid 185525] 14:15:47.183539 openat(AT_FDCWD, "/usr/share/fonts/truetype/noto/NotoSerifArmenian-Bold.ttf", O_RDONLY|O_CLOEXEC) = 6
[pid 185525] 14:15:47.183710 openat(AT_FDCWD, "/usr/share/fonts/truetype/noto/NotoSerifArmenian-Regular.ttf", O_RDONLY|O_CLOEXEC) = 6
[pid 185525] 14:15:47.183885 openat(AT_FDCWD, "/usr/share/fonts/truetype/noto/NotoSerifBalinese-Regular.ttf", O_RDONLY|O_CLOEXEC) = 6
[pid 185525] 14:15:47.184064 openat(AT_FDCWD, "/usr/share/fonts/truetype/noto/NotoSerifBengali-Bold.ttf", O_RDONLY|O_CLOEXEC) = 6
[pid 185525] 14:15:47.184240 openat(AT_FDCWD, "/usr/share/fonts/truetype/noto/NotoSerifBengali-Regular.ttf", O_RDONLY|O_CLOEXEC) = 6
[pid 185525] 14:15:47.184413 openat(AT_FDCWD, "/usr/share/fonts/truetype/noto/NotoSerifDevanagari-Bold.ttf", O_RDONLY|O_CLOEXEC) = 6
[pid 185525] 14:15:47.184588 openat(AT_FDCWD, "/usr/share/fonts/truetype/noto/NotoSerifDevanagari-Regular.ttf", O_RDONLY|O_CLOEXEC) = 6
[pid 185525] 14:15:47.184762 openat(AT_FDCWD, "/usr/share/fonts/truetype/noto/NotoSerifDisplay-Bold.ttf", O_RDONLY|O_CLOEXEC) = 6
[pid 185525] 14:15:47.184956 openat(AT_FDCWD, "/usr/share/fonts/truetype/noto/NotoSerifDisplay-BoldItalic.ttf", O_RDONLY|O_CLOEXEC) = 6
[pid 185525] 14:15:47.185131 openat(AT_FDCWD, "/usr/share/fonts/truetype/noto/NotoSerifDisplay-Italic.ttf", O_RDONLY|O_CLOEXEC) = 6
[pid 185525] 14:15:47.185322 openat(AT_FDCWD, "/usr/share/fonts/truetype/noto/NotoSerifDisplay-Regular.ttf", O_RDONLY|O_CLOEXEC) = 6
[pid 185525] 14:15:47.185497 openat(AT_FDCWD, "/usr/share/fonts/truetype/noto/NotoSerifDogra-Regular.ttf", O_RDONLY|O_CLOEXEC) = 6
[pid 185525] 14:15:47.185664 openat(AT_FDCWD, "/usr/share/fonts/truetype/noto/NotoSerifEthiopic-Bold.ttf", O_RDONLY|O_CLOEXEC) = 6
[pid 185525] 14:15:47.185838 openat(AT_FDCWD, "/usr/share/fonts/truetype/noto/NotoSerifEthiopic-Regular.ttf", O_RDONLY|O_CLOEXEC) = 6
[pid 185525] 14:15:47.186022 openat(AT_FDCWD, "/usr/share/fonts/truetype/noto/NotoSerifGeorgian-Bold.ttf", O_RDONLY|O_CLOEXEC) = 6
[pid 185525] 14:15:47.186193 openat(AT_FDCWD, "/usr/share/fonts/truetype/noto/NotoSerifGeorgian-Regular.ttf", O_RDONLY|O_CLOEXEC) = 6
[pid 185525] 14:15:47.186362 openat(AT_FDCWD, "/usr/share/fonts/truetype/noto/NotoSerifGrantha-Regular.ttf", O_RDONLY|O_CLOEXEC) = 6
[pid 185525] 14:15:47.186565 openat(AT_FDCWD, "/usr/share/fonts/truetype/noto/NotoSerifGujarati-Bold.ttf", O_RDONLY|O_CLOEXEC) = 6
[pid 185525] 14:15:47.186737 openat(AT_FDCWD, "/usr/share/fonts/truetype/noto/NotoSerifGujarati-Regular.ttf", O_RDONLY|O_CLOEXEC) = 6
[pid 185525] 14:15:47.186916 openat(AT_FDCWD, "/usr/share/fonts/truetype/noto/NotoSerifGurmukhi-Bold.ttf", O_RDONLY|O_CLOEXEC) = 6
[pid 185525] 14:15:47.187087 openat(AT_FDCWD, "/usr/share/fonts/truetype/noto/NotoSerifGurmukhi-Regular.ttf", O_RDONLY|O_CLOEXEC) = 6
[pid 185525] 14:15:47.187257 openat(AT_FDCWD, "/usr/share/fonts/truetype/noto/NotoSerifHebrew-Bold.ttf", O_RDONLY|O_CLOEXEC) = 6
[pid 185525] 14:15:47.187424 openat(AT_FDCWD, "/usr/share/fonts/truetype/noto/NotoSerifHebrew-Regular.ttf", O_RDONLY|O_CLOEXEC) = 6
[pid 185525] 14:15:47.187591 openat(AT_FDCWD, "/usr/share/fonts/truetype/noto/NotoSerifKannada-Bold.ttf", O_RDONLY|O_CLOEXEC) = 6
[pid 185525] 14:15:47.187769 openat(AT_FDCWD, "/usr/share/fonts/truetype/noto/NotoSerifKannada-Regular.ttf", O_RDONLY|O_CLOEXEC) = 6
[pid 185525] 14:15:47.187952 openat(AT_FDCWD, "/usr/share/fonts/truetype/noto/NotoSerifKhmer-Bold.ttf", O_RDONLY|O_CLOEXEC) = 6
[pid 185525] 14:15:47.188126 openat(AT_FDCWD, "/usr/share/fonts/truetype/noto/NotoSerifKhmer-Regular.ttf", O_RDONLY|O_CLOEXEC) = 6
[pid 185525] 14:15:47.188301 openat(AT_FDCWD, "/usr/share/fonts/truetype/noto/NotoSerifKhojki-Bold.ttf", O_RDONLY|O_CLOEXEC) = 6
[pid 185525] 14:15:47.188485 openat(AT_FDCWD, "/usr/share/fonts/truetype/noto/NotoSerifKhojki-Regular.ttf", O_RDONLY|O_CLOEXEC) = 6
[pid 185525] 14:15:47.188675 openat(AT_FDCWD, "/usr/share/fonts/truetype/noto/NotoSerifLao-Bold.ttf", O_RDONLY|O_CLOEXEC) = 6
[pid 185525] 14:15:47.188842 openat(AT_FDCWD, "/usr/share/fonts/truetype/noto/NotoSerifLao-Regular.ttf", O_RDONLY|O_CLOEXEC) = 6
[pid 185525] 14:15:47.189018 openat(AT_FDCWD, "/usr/share/fonts/truetype/noto/NotoSerifMalayalam-Bold.ttf", O_RDONLY|O_CLOEXEC) = 6
[pid 185525] 14:15:47.189193 openat(AT_FDCWD, "/usr/share/fonts/truetype/noto/NotoSerifMalayalam-Regular.ttf", O_RDONLY|O_CLOEXEC) = 6
[pid 185525] 14:15:47.189368 openat(AT_FDCWD, "/usr/share/fonts/truetype/noto/NotoSerifMyanmar-Bold.ttf", O_RDONLY|O_CLOEXEC) = 6
[pid 185525] 14:15:47.189547 openat(AT_FDCWD, "/usr/share/fonts/truetype/noto/NotoSerifMyanmar-Regular.ttf", O_RDONLY|O_CLOEXEC) = 6
[pid 185525] 14:15:47.189727 openat(AT_FDCWD, "/usr/share/fonts/truetype/noto/NotoSerifNyiakengPuachueHmong-Bold.ttf", O_RDONLY|O_CLOEXEC) = 6
[pid 185525] 14:15:47.189908 openat(AT_FDCWD, "/usr/share/fonts/truetype/noto/NotoSerifNyiakengPuachueHmong-Regular.ttf", O_RDONLY|O_CLOEXEC) = 6
[pid 185525] 14:15:47.190084 openat(AT_FDCWD, "/usr/share/fonts/truetype/noto/NotoSerifSinhala-Bold.ttf", O_RDONLY|O_CLOEXEC) = 6
[pid 185525] 14:15:47.190259 openat(AT_FDCWD, "/usr/share/fonts/truetype/noto/NotoSerifSinhala-Regular.ttf", O_RDONLY|O_CLOEXEC) = 6
[pid 185525] 14:15:47.190436 openat(AT_FDCWD, "/usr/share/fonts/truetype/noto/NotoSerifTamil-Bold.ttf", O_RDONLY|O_CLOEXEC) = 6
[pid 185525] 14:15:47.190610 openat(AT_FDCWD, "/usr/share/fonts/truetype/noto/NotoSerifTamil-Regular.ttf", O_RDONLY|O_CLOEXEC) = 6
[pid 185525] 14:15:47.190800 openat(AT_FDCWD, "/usr/share/fonts/truetype/noto/NotoSerifTamilSlanted-Bold.ttf", O_RDONLY|O_CLOEXEC) = 6
[pid 185525] 14:15:47.190978 openat(AT_FDCWD, "/usr/share/fonts/truetype/noto/NotoSerifTamilSlanted-Regular.ttf", O_RDONLY|O_CLOEXEC) = 6
[pid 185525] 14:15:47.191152 openat(AT_FDCWD, "/usr/share/fonts/truetype/noto/NotoSerifTangut-Regular.ttf", O_RDONLY|O_CLOEXEC) = 6
[pid 185525] 14:15:47.191338 openat(AT_FDCWD, "/usr/share/fonts/truetype/noto/NotoSerifTelugu-Bold.ttf", O_RDONLY|O_CLOEXEC) = 6
[pid 185525] 14:15:47.191515 openat(AT_FDCWD, "/usr/share/fonts/truetype/noto/NotoSerifTelugu-Regular.ttf", O_RDONLY|O_CLOEXEC) = 6
[pid 185525] 14:15:47.191692 openat(AT_FDCWD, "/usr/share/fonts/truetype/noto/NotoSerifThai-Bold.ttf", O_RDONLY|O_CLOEXEC) = 6
[pid 185525] 14:15:47.191859 openat(AT_FDCWD, "/usr/share/fonts/truetype/noto/NotoSerifThai-Regular.ttf", O_RDONLY|O_CLOEXEC) = 6
[pid 185525] 14:15:47.192033 openat(AT_FDCWD, "/usr/share/fonts/truetype/noto/NotoSerifTibetan-Bold.ttf", O_RDONLY|O_CLOEXEC) = 6
[pid 185525] 14:15:47.192210 openat(AT_FDCWD, "/usr/share/fonts/truetype/noto/NotoSerifTibetan-Regular.ttf", O_RDONLY|O_CLOEXEC) = 6
[pid 185525] 14:15:47.192401 openat(AT_FDCWD, "/usr/share/fonts/truetype/noto/NotoSerifYezidi-Bold.ttf", O_RDONLY|O_CLOEXEC) = 6
[pid 185525] 14:15:47.192568 openat(AT_FDCWD, "/usr/share/fonts/truetype/noto/NotoSerifYezidi-Regular.ttf", O_RDONLY|O_CLOEXEC) = 6
[pid 185525] 14:15:47.192755 openat(AT_FDCWD, "/usr/share/fonts/truetype/noto/NotoTraditionalNushu-Regular.ttf", O_RDONLY|O_CLOEXEC) = 6
[pid 185525] 14:15:47.192967 openat(AT_FDCWD, "/usr/share/fonts/truetype/noto/NotoColorEmoji.ttf", O_RDONLY|O_CLOEXEC) = 6
[pid 185525] 14:15:47.193203 openat(AT_FDCWD, "/usr/share/fonts/truetype/ubuntu", O_RDONLY|O_NONBLOCK|O_CLOEXEC|O_DIRECTORY) = 5
[pid 185525] 14:15:47.193506 openat(AT_FDCWD, "/usr/share/fonts/truetype/ubuntu/Ubuntu[wdth,wght].ttf", O_RDONLY|O_CLOEXEC) = 6
[pid 185525] 14:15:47.193855 openat(AT_FDCWD, "/usr/share/fonts/truetype/ubuntu/Ubuntu-Italic[wdth,wght].ttf", O_RDONLY|O_CLOEXEC) = 6
[pid 185525] 14:15:47.195639 openat(AT_FDCWD, "/usr/share/fonts/truetype/ubuntu/UbuntuMono[wght].ttf", O_RDONLY|O_CLOEXEC) = 6
[pid 185525] 14:15:47.196001 openat(AT_FDCWD, "/usr/share/fonts/truetype/ubuntu/UbuntuMono-Italic[wght].ttf", O_RDONLY|O_CLOEXEC) = 6
[pid 185525] 14:15:47.196534 openat(AT_FDCWD, "/usr/share/fonts/truetype/ubuntu/UbuntuSans-Italic[wdth,wght].ttf", O_RDONLY|O_CLOEXEC) = 6
[pid 185525] 14:15:47.196724 openat(AT_FDCWD, "/usr/share/fonts/truetype/ubuntu/UbuntuSansMono-Italic[wght].ttf", O_RDONLY|O_CLOEXEC) = 6
[pid 185525] 14:15:47.196907 openat(AT_FDCWD, "/usr/share/fonts/truetype/ubuntu/UbuntuSansMono[wght].ttf", O_RDONLY|O_CLOEXEC) = 6
[pid 185525] 14:15:47.197093 openat(AT_FDCWD, "/usr/share/fonts/truetype/ubuntu/UbuntuSans[wdth,wght].ttf", O_RDONLY|O_CLOEXEC) = 6
[pid 185525] 14:15:47.197323 openat(AT_FDCWD, "/usr/share/fonts/truetype/tuffy", O_RDONLY|O_NONBLOCK|O_CLOEXEC|O_DIRECTORY) = 5
[pid 185525] 14:15:47.197442 openat(AT_FDCWD, "/usr/share/fonts/truetype/tuffy/tuffy_bold.ttf", O_RDONLY|O_CLOEXEC) = 6
[pid 185525] 14:15:47.197616 openat(AT_FDCWD, "/usr/share/fonts/truetype/tuffy/tuffy_bold_italic.ttf", O_RDONLY|O_CLOEXEC) = 6
[pid 185525] 14:15:47.197792 openat(AT_FDCWD, "/usr/share/fonts/truetype/tuffy/tuffy_italic.ttf", O_RDONLY|O_CLOEXEC) = 6
[pid 185525] 14:15:47.197978 openat(AT_FDCWD, "/usr/share/fonts/truetype/tuffy/tuffy_regular.ttf", O_RDONLY|O_CLOEXEC) = 6
[pid 185525] 14:15:47.198201 openat(AT_FDCWD, "/usr/share/fonts/truetype/lyx", O_RDONLY|O_NONBLOCK|O_CLOEXEC|O_DIRECTORY) = 5
[pid 185525] 14:15:47.198321 openat(AT_FDCWD, "/usr/share/fonts/truetype/lyx/cmex10.ttf", O_RDONLY|O_CLOEXEC) = 6
[pid 185525] 14:15:47.198487 openat(AT_FDCWD, "/usr/share/fonts/truetype/lyx/cmmi10.ttf", O_RDONLY|O_CLOEXEC) = 6
[pid 185525] 14:15:47.198656 openat(AT_FDCWD, "/usr/share/fonts/truetype/lyx/cmr10.ttf", O_RDONLY|O_CLOEXEC) = 6
[pid 185525] 14:15:47.198823 openat(AT_FDCWD, "/usr/share/fonts/truetype/lyx/cmsy10.ttf", O_RDONLY|O_CLOEXEC) = 6
[pid 185525] 14:15:47.199033 openat(AT_FDCWD, "/usr/share/fonts/truetype/lyx/dsrom10.ttf", O_RDONLY|O_CLOEXEC) = 6
[pid 185525] 14:15:47.199199 openat(AT_FDCWD, "/usr/share/fonts/truetype/lyx/esint10.ttf", O_RDONLY|O_CLOEXEC) = 6
[pid 185525] 14:15:47.199369 openat(AT_FDCWD, "/usr/share/fonts/truetype/lyx/eufm10.ttf", O_RDONLY|O_CLOEXEC) = 6
[pid 185525] 14:15:47.199536 openat(AT_FDCWD, "/usr/share/fonts/truetype/lyx/msam10.ttf", O_RDONLY|O_CLOEXEC) = 6
[pid 185525] 14:15:47.199725 openat(AT_FDCWD, "/usr/share/fonts/truetype/lyx/msbm10.ttf", O_RDONLY|O_CLOEXEC) = 6
[pid 185525] 14:15:47.199894 openat(AT_FDCWD, "/usr/share/fonts/truetype/lyx/rsfs10.ttf", O_RDONLY|O_CLOEXEC) = 6
[pid 185525] 14:15:47.200076 openat(AT_FDCWD, "/usr/share/fonts/truetype/lyx/stmary10.ttf", O_RDONLY|O_CLOEXEC) = 6
[pid 185525] 14:15:47.200245 openat(AT_FDCWD, "/usr/share/fonts/truetype/lyx/wasy10.ttf", O_RDONLY|O_CLOEXEC) = 6
[pid 185525] 14:15:47.200461 openat(AT_FDCWD, "/usr/share/fonts/truetype/open-sans", O_RDONLY|O_NONBLOCK|O_CLOEXEC|O_DIRECTORY) = 5
[pid 185525] 14:15:47.200581 openat(AT_FDCWD, "/usr/share/fonts/truetype/open-sans/OpenSans-Bold.ttf", O_RDONLY|O_CLOEXEC) = 6
[pid 185525] 14:15:47.200755 openat(AT_FDCWD, "/usr/share/fonts/truetype/open-sans/OpenSans-BoldItalic.ttf", O_RDONLY|O_CLOEXEC) = 6
[pid 185525] 14:15:47.200959 openat(AT_FDCWD, "/usr/share/fonts/truetype/open-sans/OpenSans-CondBold.ttf", O_RDONLY|O_CLOEXEC) = 6
[pid 185525] 14:15:47.201136 openat(AT_FDCWD, "/usr/share/fonts/truetype/open-sans/OpenSans-CondLight.ttf", O_RDONLY|O_CLOEXEC) = 6
[pid 185525] 14:15:47.201310 openat(AT_FDCWD, "/usr/share/fonts/truetype/open-sans/OpenSans-CondLightItalic.ttf", O_RDONLY|O_CLOEXEC) = 6
[pid 185525] 14:15:47.201485 openat(AT_FDCWD, "/usr/share/fonts/truetype/open-sans/OpenSans-ExtraBold.ttf", O_RDONLY|O_CLOEXEC) = 6
[pid 185525] 14:15:47.201659 openat(AT_FDCWD, "/usr/share/fonts/truetype/open-sans/OpenSans-ExtraBoldItalic.ttf", O_RDONLY|O_CLOEXEC) = 6
[pid 185525] 14:15:47.201843 openat(AT_FDCWD, "/usr/share/fonts/truetype/open-sans/OpenSans-Italic.ttf", O_RDONLY|O_CLOEXEC) = 6
[pid 185525] 14:15:47.202030 openat(AT_FDCWD, "/usr/share/fonts/truetype/open-sans/OpenSans-Light.ttf", O_RDONLY|O_CLOEXEC) = 6
[pid 185525] 14:15:47.202204 openat(AT_FDCWD, "/usr/share/fonts/truetype/open-sans/OpenSans-LightItalic.ttf", O_RDONLY|O_CLOEXEC) = 6
[pid 185525] 14:15:47.202380 openat(AT_FDCWD, "/usr/share/fonts/truetype/open-sans/OpenSans-Regular.ttf", O_RDONLY|O_CLOEXEC) = 6
[pid 185525] 14:15:47.202555 openat(AT_FDCWD, "/usr/share/fonts/truetype/open-sans/OpenSans-Semibold.ttf", O_RDONLY|O_CLOEXEC) = 6
[pid 185525] 14:15:47.202730 openat(AT_FDCWD, "/usr/share/fonts/truetype/open-sans/OpenSans-SemiboldItalic.ttf", O_RDONLY|O_CLOEXEC) = 6
[pid 185525] 14:15:47.202960 openat(AT_FDCWD, "/usr/share/fonts/truetype/lato", O_RDONLY|O_NONBLOCK|O_CLOEXEC|O_DIRECTORY) = 5
[pid 185525] 14:15:47.203083 openat(AT_FDCWD, "/usr/share/fonts/truetype/lato/Lato-Black.ttf", O_RDONLY|O_CLOEXEC) = 6
[pid 185525] 14:15:47.203256 openat(AT_FDCWD, "/usr/share/fonts/truetype/lato/Lato-BlackItalic.ttf", O_RDONLY|O_CLOEXEC) = 6
[pid 185525] 14:15:47.203431 openat(AT_FDCWD, "/usr/share/fonts/truetype/lato/Lato-Bold.ttf", O_RDONLY|O_CLOEXEC) = 6
[pid 185525] 14:15:47.203617 openat(AT_FDCWD, "/usr/share/fonts/truetype/lato/Lato-BoldItalic.ttf", O_RDONLY|O_CLOEXEC) = 6
[pid 185525] 14:15:47.203792 openat(AT_FDCWD, "/usr/share/fonts/truetype/lato/Lato-Hairline.ttf", O_RDONLY|O_CLOEXEC) = 6
[pid 185525] 14:15:47.203978 openat(AT_FDCWD, "/usr/share/fonts/truetype/lato/Lato-HairlineItalic.ttf", O_RDONLY|O_CLOEXEC) = 6
[pid 185525] 14:15:47.204157 openat(AT_FDCWD, "/usr/share/fonts/truetype/lato/Lato-Heavy.ttf", O_RDONLY|O_CLOEXEC) = 6
[pid 185525] 14:15:47.204335 openat(AT_FDCWD, "/usr/share/fonts/truetype/lato/Lato-HeavyItalic.ttf", O_RDONLY|O_CLOEXEC) = 6
[pid 185525] 14:15:47.204509 openat(AT_FDCWD, "/usr/share/fonts/truetype/lato/Lato-Italic.ttf", O_RDONLY|O_CLOEXEC) = 6
[pid 185525] 14:15:47.204692 openat(AT_FDCWD, "/usr/share/fonts/truetype/lato/Lato-Light.ttf", O_RDONLY|O_CLOEXEC) = 6
[pid 185525] 14:15:47.204886 openat(AT_FDCWD, "/usr/share/fonts/truetype/lato/Lato-LightItalic.ttf", O_RDONLY|O_CLOEXEC) = 6
[pid 185525] 14:15:47.205079 openat(AT_FDCWD, "/usr/share/fonts/truetype/lato/Lato-Medium.ttf", O_RDONLY|O_CLOEXEC) = 6
[pid 185525] 14:15:47.205254 openat(AT_FDCWD, "/usr/share/fonts/truetype/lato/Lato-MediumItalic.ttf", O_RDONLY|O_CLOEXEC) = 6
[pid 185525] 14:15:47.205429 openat(AT_FDCWD, "/usr/share/fonts/truetype/lato/Lato-Regular.ttf", O_RDONLY|O_CLOEXEC) = 6
[pid 185525] 14:15:47.205604 openat(AT_FDCWD, "/usr/share/fonts/truetype/lato/Lato-Semibold.ttf", O_RDONLY|O_CLOEXEC) = 6
[pid 185525] 14:15:47.205784 openat(AT_FDCWD, "/usr/share/fonts/truetype/lato/Lato-SemiboldItalic.ttf", O_RDONLY|O_CLOEXEC) = 6
[pid 185525] 14:15:47.205977 openat(AT_FDCWD, "/usr/share/fonts/truetype/lato/Lato-Thin.ttf", O_RDONLY|O_CLOEXEC) = 6
[pid 185525] 14:15:47.206158 openat(AT_FDCWD, "/usr/share/fonts/truetype/lato/Lato-ThinItalic.ttf", O_RDONLY|O_CLOEXEC) = 6
[pid 185525] 14:15:47.206381 openat(AT_FDCWD, "/usr/share/fonts/truetype/adf", O_RDONLY|O_NONBLOCK|O_CLOEXEC|O_DIRECTORY) = 5
[pid 185525] 14:15:47.206499 openat(AT_FDCWD, "/usr/share/fonts/truetype/adf/OldaniaADFStd-Bold.otf", O_RDONLY|O_CLOEXEC) = 6
[pid 185525] 14:15:47.206666 openat(AT_FDCWD, "/usr/share/fonts/truetype/adf/OldaniaADFStd-BoldItalic.otf", O_RDONLY|O_CLOEXEC) = 6
[pid 185525] 14:15:47.206834 openat(AT_FDCWD, "/usr/share/fonts/truetype/adf/OldaniaADFStd-Italic.otf", O_RDONLY|O_CLOEXEC) = 6
[pid 185525] 14:15:47.207009 openat(AT_FDCWD, "/usr/share/fonts/truetype/adf/OldaniaADFStd-Regular.otf", O_RDONLY|O_CLOEXEC) = 6
[pid 185525] 14:15:47.207227 openat(AT_FDCWD, "/usr/share/fonts/truetype/font-awesome", O_RDONLY|O_NONBLOCK|O_CLOEXEC|O_DIRECTORY) = 5
[pid 185525] 14:15:47.207344 openat(AT_FDCWD, "/usr/share/fonts/truetype/font-awesome/fontawesome-webfont.ttf", O_RDONLY|O_CLOEXEC) = 6
[pid 185525] 14:15:47.207564 openat(AT_FDCWD, "/usr/share/fonts/truetype/glyphicons", O_RDONLY|O_NONBLOCK|O_CLOEXEC|O_DIRECTORY) = 5
[pid 185525] 14:15:47.207680 openat(AT_FDCWD, "/usr/share/fonts/truetype/glyphicons/glyphicons-halflings-regular.ttf", O_RDONLY|O_CLOEXEC) = 6
[pid 185525] 14:15:47.207893 openat(AT_FDCWD, "/usr/share/fonts/truetype/gfonts", O_RDONLY|O_NONBLOCK|O_CLOEXEC|O_DIRECTORY) = 5
[pid 185525] 14:15:47.208019 openat(AT_FDCWD, "/usr/share/fonts/truetype/gfonts/alegreya", O_RDONLY|O_NONBLOCK|O_CLOEXEC|O_DIRECTORY) = 6
[pid 185525] 14:15:47.208138 openat(AT_FDCWD, "/usr/share/fonts/truetype/gfonts/alegreya/alegreya-v13-latin-700.ttf", O_RDONLY|O_CLOEXEC) = 7
[pid 185525] 14:15:47.208309 openat(AT_FDCWD, "/usr/share/fonts/truetype/gfonts/alegreya/alegreya-v13-latin-italic.ttf", O_RDONLY|O_CLOEXEC) = 7
[pid 185525] 14:15:47.208483 openat(AT_FDCWD, "/usr/share/fonts/truetype/gfonts/alegreya/alegreya-v13-latin-regular.ttf", O_RDONLY|O_CLOEXEC) = 7
[pid 185525] 14:15:47.208715 openat(AT_FDCWD, "/usr/share/fonts/truetype/gfonts/baloo", O_RDONLY|O_NONBLOCK|O_CLOEXEC|O_DIRECTORY) = 6
[pid 185525] 14:15:47.208833 openat(AT_FDCWD, "/usr/share/fonts/truetype/gfonts/baloo/baloo-2-v1-latin-regular.ttf", O_RDONLY|O_CLOEXEC) = 7
[pid 185525] 14:15:47.209057 openat(AT_FDCWD, "/usr/share/fonts/truetype/gfonts/happy-monkey", O_RDONLY|O_NONBLOCK|O_CLOEXEC|O_DIRECTORY) = 6
[pid 185525] 14:15:47.209174 openat(AT_FDCWD, "/usr/share/fonts/truetype/gfonts/happy-monkey/happy-monkey-v8-latin-regular.ttf", O_RDONLY|O_CLOEXEC) = 7
[pid 185525] 14:15:47.209390 openat(AT_FDCWD, "/usr/share/fonts/truetype/gfonts/henny-penny", O_RDONLY|O_NONBLOCK|O_CLOEXEC|O_DIRECTORY) = 6
[pid 185525] 14:15:47.209506 openat(AT_FDCWD, "/usr/share/fonts/truetype/gfonts/henny-penny/henny-penny-v7-latin-regular.ttf", O_RDONLY|O_CLOEXEC) = 7
[pid 185525] 14:15:47.209724 openat(AT_FDCWD, "/usr/share/fonts/truetype/gfonts/lato", O_RDONLY|O_NONBLOCK|O_CLOEXEC|O_DIRECTORY) = 6
[pid 185525] 14:15:47.209843 openat(AT_FDCWD, "/usr/share/fonts/truetype/gfonts/lato/lato-v16-latin-300italic.ttf", O_RDONLY|O_CLOEXEC) = 7
[pid 185525] 14:15:47.210046 openat(AT_FDCWD, "/usr/share/fonts/truetype/gfonts/lato/lato-v16-latin-700.ttf", O_RDONLY|O_CLOEXEC) = 7
[pid 185525] 14:15:47.210237 openat(AT_FDCWD, "/usr/share/fonts/truetype/gfonts/lato/lato-v16-latin-regular.ttf", O_RDONLY|O_CLOEXEC) = 7
[pid 185525] 14:15:47.210455 openat(AT_FDCWD, "/usr/share/fonts/truetype/gfonts/montserrat", O_RDONLY|O_NONBLOCK|O_CLOEXEC|O_DIRECTORY) = 6
[pid 185525] 14:15:47.210572 openat(AT_FDCWD, "/usr/share/fonts/truetype/gfonts/montserrat/montserrat-v14-latin-300italic.ttf", O_RDONLY|O_CLOEXEC) = 7
[pid 185525] 14:15:47.210741 openat(AT_FDCWD, "/usr/share/fonts/truetype/gfonts/montserrat/montserrat-v14-latin-700.ttf", O_RDONLY|O_CLOEXEC) = 7
[pid 185525] 14:15:47.210917 openat(AT_FDCWD, "/usr/share/fonts/truetype/gfonts/montserrat/montserrat-v14-latin-regular.ttf", O_RDONLY|O_CLOEXEC) = 7
[pid 185525] 14:15:47.211147 openat(AT_FDCWD, "/usr/share/fonts/truetype/gfonts/nunito-sans", O_RDONLY|O_NONBLOCK|O_CLOEXEC|O_DIRECTORY) = 6
[pid 185525] 14:15:47.211265 openat(AT_FDCWD, "/usr/share/fonts/truetype/gfonts/nunito-sans/nunito-sans-v5-latin-700.ttf", O_RDONLY|O_CLOEXEC) = 7
[pid 185525] 14:15:47.211433 openat(AT_FDCWD, "/usr/share/fonts/truetype/gfonts/nunito-sans/nunito-sans-v5-latin-italic.ttf", O_RDONLY|O_CLOEXEC) = 7
[pid 185525] 14:15:47.211603 openat(AT_FDCWD, "/usr/share/fonts/truetype/gfonts/nunito-sans/nunito-sans-v5-latin-regular.ttf", O_RDONLY|O_CLOEXEC) = 7
[pid 185525] 14:15:47.211819 openat(AT_FDCWD, "/usr/share/fonts/truetype/gfonts/oswald", O_RDONLY|O_NONBLOCK|O_CLOEXEC|O_DIRECTORY) = 6
[pid 185525] 14:15:47.211989 openat(AT_FDCWD, "/usr/share/fonts/truetype/gfonts/poppins", O_RDONLY|O_NONBLOCK|O_CLOEXEC|O_DIRECTORY) = 6
[pid 185525] 14:15:47.212152 openat(AT_FDCWD, "/usr/share/fonts/truetype/gfonts/roboto", O_RDONLY|O_NONBLOCK|O_CLOEXEC|O_DIRECTORY) = 6
[pid 185525] 14:15:47.212275 openat(AT_FDCWD, "/usr/share/fonts/truetype/gfonts/roboto/roboto-v20-latin-300italic.ttf", O_RDONLY|O_CLOEXEC) = 7
[pid 185525] 14:15:47.212443 openat(AT_FDCWD, "/usr/share/fonts/truetype/gfonts/roboto/roboto-v20-latin-700.ttf", O_RDONLY|O_CLOEXEC) = 7
[pid 185525] 14:15:47.212613 openat(AT_FDCWD, "/usr/share/fonts/truetype/gfonts/roboto/roboto-v20-latin-regular.ttf", O_RDONLY|O_CLOEXEC) = 7
[pid 185525] 14:15:47.212872 openat(AT_FDCWD, "/usr/share/fonts/truetype/ttf-bitstream-vera", O_RDONLY|O_NONBLOCK|O_CLOEXEC|O_DIRECTORY) = 5
[pid 185525] 14:15:47.212997 openat(AT_FDCWD, "/usr/share/fonts/truetype/ttf-bitstream-vera/Vera.ttf", O_RDONLY|O_CLOEXEC) = 6
[pid 185525] 14:15:47.213166 openat(AT_FDCWD, "/usr/share/fonts/truetype/ttf-bitstream-vera/VeraBI.ttf", O_RDONLY|O_CLOEXEC) = 6
[pid 185525] 14:15:47.213337 openat(AT_FDCWD, "/usr/share/fonts/truetype/ttf-bitstream-vera/VeraBd.ttf", O_RDONLY|O_CLOEXEC) = 6
[pid 185525] 14:15:47.213507 openat(AT_FDCWD, "/usr/share/fonts/truetype/ttf-bitstream-vera/VeraIt.ttf", O_RDONLY|O_CLOEXEC) = 6
[pid 185525] 14:15:47.213679 openat(AT_FDCWD, "/usr/share/fonts/truetype/ttf-bitstream-vera/VeraMoBI.ttf", O_RDONLY|O_CLOEXEC) = 6
[pid 185525] 14:15:47.213856 openat(AT_FDCWD, "/usr/share/fonts/truetype/ttf-bitstream-vera/VeraMoBd.ttf", O_RDONLY|O_CLOEXEC) = 6
[pid 185525] 14:15:47.214033 openat(AT_FDCWD, "/usr/share/fonts/truetype/ttf-bitstream-vera/VeraMoIt.ttf", O_RDONLY|O_CLOEXEC) = 6
[pid 185525] 14:15:47.214204 openat(AT_FDCWD, "/usr/share/fonts/truetype/ttf-bitstream-vera/VeraMono.ttf", O_RDONLY|O_CLOEXEC) = 6
[pid 185525] 14:15:47.214373 openat(AT_FDCWD, "/usr/share/fonts/truetype/ttf-bitstream-vera/VeraSe.ttf", O_RDONLY|O_CLOEXEC) = 6
[pid 185525] 14:15:47.214541 openat(AT_FDCWD, "/usr/share/fonts/truetype/ttf-bitstream-vera/VeraSeBd.ttf", O_RDONLY|O_CLOEXEC) = 6
[pid 185525] 14:15:47.214808 openat(AT_FDCWD, "/usr/share/fonts/type1", O_RDONLY|O_NONBLOCK|O_CLOEXEC|O_DIRECTORY) = 4
[pid 185525] 14:15:47.214928 openat(AT_FDCWD, "/usr/share/fonts/type1/urw-base35", O_RDONLY|O_NONBLOCK|O_CLOEXEC|O_DIRECTORY) = 5
[pid 185525] 14:15:47.215128 openat(AT_FDCWD, "/usr/share/fonts/type1/texlive-fonts-recommended", O_RDONLY|O_NONBLOCK|O_CLOEXEC|O_DIRECTORY) = 5
[pid 185525] 14:15:47.222905 openat(AT_FDCWD, "/usr/local/share/fonts", O_RDONLY|O_NONBLOCK|O_CLOEXEC|O_DIRECTORY) = 3
[pid 185525] 14:15:47.223074 openat(AT_FDCWD, "/home/dikluwe/.local/share/fonts", O_RDONLY|O_NONBLOCK|O_CLOEXEC|O_DIRECTORY) = 3
[pid 185525] 14:15:47.223228 openat(AT_FDCWD, "/home/dikluwe/.local/share/fonts/AdwaitaMono", O_RDONLY|O_NONBLOCK|O_CLOEXEC|O_DIRECTORY) = 4
[pid 185525] 14:15:47.223369 openat(AT_FDCWD, "/home/dikluwe/.local/share/fonts/AdwaitaMono/AdwaitaMonoNerdFont-BoldItalic.ttf", O_RDONLY|O_CLOEXEC) = 5
[pid 185525] 14:15:47.223557 openat(AT_FDCWD, "/home/dikluwe/.local/share/fonts/AdwaitaMono/AdwaitaMonoNerdFontMono-Regular.ttf", O_RDONLY|O_CLOEXEC) = 5
[pid 185525] 14:15:47.223743 openat(AT_FDCWD, "/home/dikluwe/.local/share/fonts/AdwaitaMono/AdwaitaMonoNerdFont-Regular.ttf", O_RDONLY|O_CLOEXEC) = 5
[pid 185525] 14:15:47.223993 openat(AT_FDCWD, "/home/dikluwe/.local/share/fonts/AdwaitaMono/AdwaitaMonoNerdFontPropo-Regular.ttf", O_RDONLY|O_CLOEXEC) = 5
[pid 185525] 14:15:47.224217 openat(AT_FDCWD, "/home/dikluwe/.local/share/fonts/AdwaitaMono/AdwaitaMonoNerdFontMono-BoldItalic.ttf", O_RDONLY|O_CLOEXEC) = 5
[pid 185525] 14:15:47.224408 openat(AT_FDCWD, "/home/dikluwe/.local/share/fonts/AdwaitaMono/AdwaitaMonoNerdFont-Bold.ttf", O_RDONLY|O_CLOEXEC) = 5
[pid 185525] 14:15:47.224591 openat(AT_FDCWD, "/home/dikluwe/.local/share/fonts/AdwaitaMono/AdwaitaMonoNerdFontPropo-Italic.ttf", O_RDONLY|O_CLOEXEC) = 5
[pid 185525] 14:15:47.224770 openat(AT_FDCWD, "/home/dikluwe/.local/share/fonts/AdwaitaMono/AdwaitaMonoNerdFontPropo-Bold.ttf", O_RDONLY|O_CLOEXEC) = 5
[pid 185525] 14:15:47.224967 openat(AT_FDCWD, "/home/dikluwe/.local/share/fonts/AdwaitaMono/AdwaitaMonoNerdFontPropo-BoldItalic.ttf", O_RDONLY|O_CLOEXEC) = 5
[pid 185525] 14:15:47.225149 openat(AT_FDCWD, "/home/dikluwe/.local/share/fonts/AdwaitaMono/AdwaitaMonoNerdFont-Italic.ttf", O_RDONLY|O_CLOEXEC) = 5
[pid 185525] 14:15:47.225328 openat(AT_FDCWD, "/home/dikluwe/.local/share/fonts/AdwaitaMono/AdwaitaMonoNerdFontMono-Italic.ttf", O_RDONLY|O_CLOEXEC) = 5
[pid 185525] 14:15:47.225511 openat(AT_FDCWD, "/home/dikluwe/.local/share/fonts/AdwaitaMono/AdwaitaMonoNerdFontMono-Bold.ttf", O_RDONLY|O_CLOEXEC) = 5
[pid 185525] 14:15:47.225718 openat(AT_FDCWD, "/home/dikluwe/.local/share/fonts/Agave", O_RDONLY|O_NONBLOCK|O_CLOEXEC|O_DIRECTORY) = 4
[pid 185525] 14:15:47.225834 openat(AT_FDCWD, "/home/dikluwe/.local/share/fonts/Agave/AgaveNerdFont-Bold.ttf", O_RDONLY|O_CLOEXEC) = 5
[pid 185525] 14:15:47.226066 openat(AT_FDCWD, "/home/dikluwe/.local/share/fonts/Agave/AgaveNerdFontMono-Regular.ttf", O_RDONLY|O_CLOEXEC) = 5
[pid 185525] 14:15:47.226228 openat(AT_FDCWD, "/home/dikluwe/.local/share/fonts/Agave/AgaveNerdFontMono-Bold.ttf", O_RDONLY|O_CLOEXEC) = 5
[pid 185525] 14:15:47.226388 openat(AT_FDCWD, "/home/dikluwe/.local/share/fonts/Agave/AgaveNerdFontPropo-Bold.ttf", O_RDONLY|O_CLOEXEC) = 5
[pid 185525] 14:15:47.226548 openat(AT_FDCWD, "/home/dikluwe/.local/share/fonts/Agave/AgaveNerdFont-Regular.ttf", O_RDONLY|O_CLOEXEC) = 5
[pid 185525] 14:15:47.226708 openat(AT_FDCWD, "/home/dikluwe/.local/share/fonts/Agave/AgaveNerdFontPropo-Regular.ttf", O_RDONLY|O_CLOEXEC) = 5
[pid 185525] 14:15:47.226913 openat(AT_FDCWD, "/home/dikluwe/.local/share/fonts/Arimo", O_RDONLY|O_NONBLOCK|O_CLOEXEC|O_DIRECTORY) = 4
[pid 185525] 14:15:47.227033 openat(AT_FDCWD, "/home/dikluwe/.local/share/fonts/Arimo/ArimoNerdFont-Italic.ttf", O_RDONLY|O_CLOEXEC) = 5
[pid 185525] 14:15:47.227194 openat(AT_FDCWD, "/home/dikluwe/.local/share/fonts/Arimo/ArimoNerdFontPropo-Italic.ttf", O_RDONLY|O_CLOEXEC) = 5
[pid 185525] 14:15:47.227352 openat(AT_FDCWD, "/home/dikluwe/.local/share/fonts/Arimo/ArimoNerdFont-BoldItalic.ttf", O_RDONLY|O_CLOEXEC) = 5
[pid 185525] 14:15:47.227511 openat(AT_FDCWD, "/home/dikluwe/.local/share/fonts/Arimo/ArimoNerdFontPropo-BoldItalic.ttf", O_RDONLY|O_CLOEXEC) = 5
[pid 185525] 14:15:47.227669 openat(AT_FDCWD, "/home/dikluwe/.local/share/fonts/Arimo/ArimoNerdFontPropo-Regular.ttf", O_RDONLY|O_CLOEXEC) = 5
[pid 185525] 14:15:47.227829 openat(AT_FDCWD, "/home/dikluwe/.local/share/fonts/Arimo/ArimoNerdFont-Regular.ttf", O_RDONLY|O_CLOEXEC) = 5
[pid 185525] 14:15:47.228012 openat(AT_FDCWD, "/home/dikluwe/.local/share/fonts/Arimo/ArimoNerdFontPropo-Bold.ttf", O_RDONLY|O_CLOEXEC) = 5
[pid 185525] 14:15:47.228172 openat(AT_FDCWD, "/home/dikluwe/.local/share/fonts/Arimo/ArimoNerdFont-Bold.ttf", O_RDONLY|O_CLOEXEC) = 5
[pid 185525] 14:15:47.228374 openat(AT_FDCWD, "/home/dikluwe/.local/share/fonts/CodeNewRoman", O_RDONLY|O_NONBLOCK|O_CLOEXEC|O_DIRECTORY) = 4
[pid 185525] 14:15:47.228495 openat(AT_FDCWD, "/home/dikluwe/.local/share/fonts/CodeNewRoman/CodeNewRomanNerdFont-Italic.otf", O_RDONLY|O_CLOEXEC) = 5
[pid 185525] 14:15:47.228651 openat(AT_FDCWD, "/home/dikluwe/.local/share/fonts/CodeNewRoman/CodeNewRomanNerdFontPropo-Italic.otf", O_RDONLY|O_CLOEXEC) = 5
[pid 185525] 14:15:47.228830 openat(AT_FDCWD, "/home/dikluwe/.local/share/fonts/CodeNewRoman/CodeNewRomanNerdFontMono-Italic.otf", O_RDONLY|O_CLOEXEC) = 5
[pid 185525] 14:15:47.229005 openat(AT_FDCWD, "/home/dikluwe/.local/share/fonts/CodeNewRoman/CodeNewRomanNerdFontPropo-Regular.otf", O_RDONLY|O_CLOEXEC) = 5
[pid 185525] 14:15:47.229160 openat(AT_FDCWD, "/home/dikluwe/.local/share/fonts/CodeNewRoman/CodeNewRomanNerdFontMono-Regular.otf", O_RDONLY|O_CLOEXEC) = 5
[pid 185525] 14:15:47.229326 openat(AT_FDCWD, "/home/dikluwe/.local/share/fonts/CodeNewRoman/CodeNewRomanNerdFont-Regular.otf", O_RDONLY|O_CLOEXEC) = 5
[pid 185525] 14:15:47.229493 openat(AT_FDCWD, "/home/dikluwe/.local/share/fonts/CodeNewRoman/CodeNewRomanNerdFont-Bold.otf", O_RDONLY|O_CLOEXEC) = 5
[pid 185525] 14:15:47.229658 openat(AT_FDCWD, "/home/dikluwe/.local/share/fonts/CodeNewRoman/CodeNewRomanNerdFontPropo-Bold.otf", O_RDONLY|O_CLOEXEC) = 5
[pid 185525] 14:15:47.229823 openat(AT_FDCWD, "/home/dikluwe/.local/share/fonts/CodeNewRoman/CodeNewRomanNerdFontMono-Bold.otf", O_RDONLY|O_CLOEXEC) = 5
[pid 185525] 14:15:47.230024 openat(AT_FDCWD, "/home/dikluwe/.local/share/fonts/CommitMono", O_RDONLY|O_NONBLOCK|O_CLOEXEC|O_DIRECTORY) = 4
[pid 185525] 14:15:47.230195 openat(AT_FDCWD, "/home/dikluwe/.local/share/fonts/CommitMono/CommitMonoNerdFontMono-BoldItalic.otf", O_RDONLY|O_CLOEXEC) = 5
[pid 185525] 14:15:47.230428 openat(AT_FDCWD, "/home/dikluwe/.local/share/fonts/CommitMono/CommitMonoNerdFontPropo-Regular.otf", O_RDONLY|O_CLOEXEC) = 5
[pid 185525] 14:15:47.230594 openat(AT_FDCWD, "/home/dikluwe/.local/share/fonts/CommitMono/CommitMonoNerdFont-Regular.otf", O_RDONLY|O_CLOEXEC) = 5
[pid 185525] 14:15:47.230749 openat(AT_FDCWD, "/home/dikluwe/.local/share/fonts/CommitMono/CommitMonoNerdFontMono-Regular.otf", O_RDONLY|O_CLOEXEC) = 5
[pid 185525] 14:15:47.230908 openat(AT_FDCWD, "/home/dikluwe/.local/share/fonts/CommitMono/CommitMonoNerdFont-Italic.otf", O_RDONLY|O_CLOEXEC) = 5
[pid 185525] 14:15:47.231066 openat(AT_FDCWD, "/home/dikluwe/.local/share/fonts/CommitMono/CommitMonoNerdFontMono-Bold.otf", O_RDONLY|O_CLOEXEC) = 5
[pid 185525] 14:15:47.231256 openat(AT_FDCWD, "/home/dikluwe/.local/share/fonts/CommitMono/CommitMonoNerdFontPropo-Italic.otf", O_RDONLY|O_CLOEXEC) = 5
[pid 185525] 14:15:47.231419 openat(AT_FDCWD, "/home/dikluwe/.local/share/fonts/CommitMono/CommitMonoNerdFont-Bold.otf", O_RDONLY|O_CLOEXEC) = 5
[pid 185525] 14:15:47.231573 openat(AT_FDCWD, "/home/dikluwe/.local/share/fonts/CommitMono/CommitMonoNerdFontPropo-Bold.otf", O_RDONLY|O_CLOEXEC) = 5
[pid 185525] 14:15:47.231742 openat(AT_FDCWD, "/home/dikluwe/.local/share/fonts/CommitMono/CommitMonoNerdFont-BoldItalic.otf", O_RDONLY|O_CLOEXEC) = 5
[pid 185525] 14:15:47.231964 openat(AT_FDCWD, "/home/dikluwe/.local/share/fonts/CommitMono/CommitMonoNerdFontPropo-BoldItalic.otf", O_RDONLY|O_CLOEXEC) = 5
[pid 185525] 14:15:47.232168 openat(AT_FDCWD, "/home/dikluwe/.local/share/fonts/CommitMono/CommitMonoNerdFontMono-Italic.otf", O_RDONLY|O_CLOEXEC) = 5
[pid 185525] 14:15:47.232419 openat(AT_FDCWD, "/home/dikluwe/.local/share/fonts/FiraCode", O_RDONLY|O_NONBLOCK|O_CLOEXEC|O_DIRECTORY) = 4
[pid 185525] 14:15:47.232586 openat(AT_FDCWD, "/home/dikluwe/.local/share/fonts/FiraCode/FiraCodeNerdFontMono-SemiBold.ttf", O_RDONLY|O_CLOEXEC) = 5
[pid 185525] 14:15:47.232790 openat(AT_FDCWD, "/home/dikluwe/.local/share/fonts/FiraCode/FiraCodeNerdFont-SemiBold.ttf", O_RDONLY|O_CLOEXEC) = 5
[pid 185525] 14:15:47.232967 openat(AT_FDCWD, "/home/dikluwe/.local/share/fonts/FiraCode/FiraCodeNerdFontPropo-SemiBold.ttf", O_RDONLY|O_CLOEXEC) = 5
[pid 185525] 14:15:47.233136 openat(AT_FDCWD, "/home/dikluwe/.local/share/fonts/FiraCode/FiraCodeNerdFontPropo-Regular.ttf", O_RDONLY|O_CLOEXEC) = 5
[pid 185525] 14:15:47.233306 openat(AT_FDCWD, "/home/dikluwe/.local/share/fonts/FiraCode/FiraCodeNerdFont-Regular.ttf", O_RDONLY|O_CLOEXEC) = 5
[pid 185525] 14:15:47.233471 openat(AT_FDCWD, "/home/dikluwe/.local/share/fonts/FiraCode/FiraCodeNerdFontMono-Regular.ttf", O_RDONLY|O_CLOEXEC) = 5
[pid 185525] 14:15:47.233637 openat(AT_FDCWD, "/home/dikluwe/.local/share/fonts/FiraCode/FiraCodeNerdFontPropo-Retina.ttf", O_RDONLY|O_CLOEXEC) = 5
[pid 185525] 14:15:47.233801 openat(AT_FDCWD, "/home/dikluwe/.local/share/fonts/FiraCode/FiraCodeNerdFontMono-Retina.ttf", O_RDONLY|O_CLOEXEC) = 5
[pid 185525] 14:15:47.233979 openat(AT_FDCWD, "/home/dikluwe/.local/share/fonts/FiraCode/FiraCodeNerdFont-Retina.ttf", O_RDONLY|O_CLOEXEC) = 5
[pid 185525] 14:15:47.234145 openat(AT_FDCWD, "/home/dikluwe/.local/share/fonts/FiraCode/FiraCodeNerdFontMono-Medium.ttf", O_RDONLY|O_CLOEXEC) = 5
[pid 185525] 14:15:47.234310 openat(AT_FDCWD, "/home/dikluwe/.local/share/fonts/FiraCode/FiraCodeNerdFont-Medium.ttf", O_RDONLY|O_CLOEXEC) = 5
[pid 185525] 14:15:47.234474 openat(AT_FDCWD, "/home/dikluwe/.local/share/fonts/FiraCode/FiraCodeNerdFontPropo-Medium.ttf", O_RDONLY|O_CLOEXEC) = 5
[pid 185525] 14:15:47.234636 openat(AT_FDCWD, "/home/dikluwe/.local/share/fonts/FiraCode/FiraCodeNerdFont-Bold.ttf", O_RDONLY|O_CLOEXEC) = 5
[pid 185525] 14:15:47.234794 openat(AT_FDCWD, "/home/dikluwe/.local/share/fonts/FiraCode/FiraCodeNerdFontMono-Bold.ttf", O_RDONLY|O_CLOEXEC) = 5
[pid 185525] 14:15:47.234956 openat(AT_FDCWD, "/home/dikluwe/.local/share/fonts/FiraCode/FiraCodeNerdFontPropo-Bold.ttf", O_RDONLY|O_CLOEXEC) = 5
[pid 185525] 14:15:47.235120 openat(AT_FDCWD, "/home/dikluwe/.local/share/fonts/FiraCode/FiraCodeNerdFontMono-Light.ttf", O_RDONLY|O_CLOEXEC) = 5
[pid 185525] 14:15:47.235277 openat(AT_FDCWD, "/home/dikluwe/.local/share/fonts/FiraCode/FiraCodeNerdFont-Light.ttf", O_RDONLY|O_CLOEXEC) = 5
[pid 185525] 14:15:47.235432 openat(AT_FDCWD, "/home/dikluwe/.local/share/fonts/FiraCode/FiraCodeNerdFontPropo-Light.ttf", O_RDONLY|O_CLOEXEC) = 5
[pid 185525] 14:15:47.235632 openat(AT_FDCWD, "/home/dikluwe/.local/share/fonts/GeistMono", O_RDONLY|O_NONBLOCK|O_CLOEXEC|O_DIRECTORY) = 4
[pid 185525] 14:15:47.235777 openat(AT_FDCWD, "/home/dikluwe/.local/share/fonts/GeistMono/GeistMonoNerdFontPropo-UltraBlack.otf", O_RDONLY|O_CLOEXEC) = 5
[pid 185525] 14:15:47.235942 openat(AT_FDCWD, "/home/dikluwe/.local/share/fonts/GeistMono/GeistMonoNerdFont-Light.otf", O_RDONLY|O_CLOEXEC) = 5
[pid 185525] 14:15:47.236096 openat(AT_FDCWD, "/home/dikluwe/.local/share/fonts/GeistMono/GeistMonoNerdFontPropo-SemiBold.otf", O_RDONLY|O_CLOEXEC) = 5
[pid 185525] 14:15:47.236248 openat(AT_FDCWD, "/home/dikluwe/.local/share/fonts/GeistMono/GeistMonoNerdFontMono-Medium.otf", O_RDONLY|O_CLOEXEC) = 5
[pid 185525] 14:15:47.236398 openat(AT_FDCWD, "/home/dikluwe/.local/share/fonts/GeistMono/GeistMonoNerdFont-Regular.otf", O_RDONLY|O_CLOEXEC) = 5
[pid 185525] 14:15:47.236549 openat(AT_FDCWD, "/home/dikluwe/.local/share/fonts/GeistMono/GeistMonoNerdFontMono-Bold.otf", O_RDONLY|O_CLOEXEC) = 5
[pid 185525] 14:15:47.236709 openat(AT_FDCWD, "/home/dikluwe/.local/share/fonts/GeistMono/GeistMonoNerdFontPropo-Black.otf", O_RDONLY|O_CLOEXEC) = 5
[pid 185525] 14:15:47.236859 openat(AT_FDCWD, "/home/dikluwe/.local/share/fonts/GeistMono/GeistMonoNerdFontPropo-Light.otf", O_RDONLY|O_CLOEXEC) = 5
[pid 185525] 14:15:47.237016 openat(AT_FDCWD, "/home/dikluwe/.local/share/fonts/GeistMono/GeistMonoNerdFontMono-Regular.otf", O_RDONLY|O_CLOEXEC) = 5
[pid 185525] 14:15:47.237168 openat(AT_FDCWD, "/home/dikluwe/.local/share/fonts/GeistMono/GeistMonoNerdFont-SemiBold.otf", O_RDONLY|O_CLOEXEC) = 5
[pid 185525] 14:15:47.237335 openat(AT_FDCWD, "/home/dikluwe/.local/share/fonts/GeistMono/GeistMonoNerdFont-UltraBlack.otf", O_RDONLY|O_CLOEXEC) = 5
[pid 185525] 14:15:47.237489 openat(AT_FDCWD, "/home/dikluwe/.local/share/fonts/GeistMono/GeistMonoNerdFontMono-UltraBlack.otf", O_RDONLY|O_CLOEXEC) = 5
[pid 185525] 14:15:47.237641 openat(AT_FDCWD, "/home/dikluwe/.local/share/fonts/GeistMono/GeistMonoNerdFont-Black.otf", O_RDONLY|O_CLOEXEC) = 5
[pid 185525] 14:15:47.237792 openat(AT_FDCWD, "/home/dikluwe/.local/share/fonts/GeistMono/GeistMonoNerdFont-UltraLight.otf", O_RDONLY|O_CLOEXEC) = 5
[pid 185525] 14:15:47.237954 openat(AT_FDCWD, "/home/dikluwe/.local/share/fonts/GeistMono/GeistMonoNerdFontPropo-UltraLight.otf", O_RDONLY|O_CLOEXEC) = 5
[pid 185525] 14:15:47.238107 openat(AT_FDCWD, "/home/dikluwe/.local/share/fonts/GeistMono/GeistMonoNerdFontPropo-Medium.otf", O_RDONLY|O_CLOEXEC) = 5
[pid 185525] 14:15:47.238259 openat(AT_FDCWD, "/home/dikluwe/.local/share/fonts/GeistMono/GeistMonoNerdFontMono-Thin.otf", O_RDONLY|O_CLOEXEC) = 5
[pid 185525] 14:15:47.238409 openat(AT_FDCWD, "/home/dikluwe/.local/share/fonts/GeistMono/GeistMonoNerdFont-Bold.otf", O_RDONLY|O_CLOEXEC) = 5
[pid 185525] 14:15:47.238560 openat(AT_FDCWD, "/home/dikluwe/.local/share/fonts/GeistMono/GeistMonoNerdFontMono-Light.otf", O_RDONLY|O_CLOEXEC) = 5
[pid 185525] 14:15:47.238711 openat(AT_FDCWD, "/home/dikluwe/.local/share/fonts/GeistMono/GeistMonoNerdFontMono-Black.otf", O_RDONLY|O_CLOEXEC) = 5
[pid 185525] 14:15:47.238862 openat(AT_FDCWD, "/home/dikluwe/.local/share/fonts/GeistMono/GeistMonoNerdFontMono-UltraLight.otf", O_RDONLY|O_CLOEXEC) = 5
[pid 185525] 14:15:47.239020 openat(AT_FDCWD, "/home/dikluwe/.local/share/fonts/GeistMono/GeistMonoNerdFontPropo-Regular.otf", O_RDONLY|O_CLOEXEC) = 5
[pid 185525] 14:15:47.239172 openat(AT_FDCWD, "/home/dikluwe/.local/share/fonts/GeistMono/GeistMonoNerdFont-Medium.otf", O_RDONLY|O_CLOEXEC) = 5
[pid 185525] 14:15:47.239323 openat(AT_FDCWD, "/home/dikluwe/.local/share/fonts/GeistMono/GeistMonoNerdFont-Thin.otf", O_RDONLY|O_CLOEXEC) = 5
[pid 185525] 14:15:47.239474 openat(AT_FDCWD, "/home/dikluwe/.local/share/fonts/GeistMono/GeistMonoNerdFontMono-SemiBold.otf", O_RDONLY|O_CLOEXEC) = 5
[pid 185525] 14:15:47.239624 openat(AT_FDCWD, "/home/dikluwe/.local/share/fonts/GeistMono/GeistMonoNerdFontPropo-Thin.otf", O_RDONLY|O_CLOEXEC) = 5
[pid 185525] 14:15:47.239775 openat(AT_FDCWD, "/home/dikluwe/.local/share/fonts/GeistMono/GeistMonoNerdFontPropo-Bold.otf", O_RDONLY|O_CLOEXEC) = 5
[pid 185525] 14:15:47.239974 openat(AT_FDCWD, "/home/dikluwe/.local/share/fonts/IosevkaTermSlab", O_RDONLY|O_NONBLOCK|O_CLOEXEC|O_DIRECTORY) = 4
[pid 185525] 14:15:47.240150 openat(AT_FDCWD, "/home/dikluwe/.local/share/fonts/IosevkaTermSlab/IosevkaTermSlabNerdFont-LightOblique.ttf", O_RDONLY|O_CLOEXEC) = 5
[pid 185525] 14:15:47.240311 openat(AT_FDCWD, "/home/dikluwe/.local/share/fonts/IosevkaTermSlab/IosevkaTermSlabNerdFontMono-Italic.ttf", O_RDONLY|O_CLOEXEC) = 5
[pid 185525] 14:15:47.240471 openat(AT_FDCWD, "/home/dikluwe/.local/share/fonts/IosevkaTermSlab/IosevkaTermSlabNerdFontPropo-ExtraBoldItalic.ttf", O_RDONLY|O_CLOEXEC) = 5
[pid 185525] 14:15:47.240630 openat(AT_FDCWD, "/home/dikluwe/.local/share/fonts/IosevkaTermSlab/IosevkaTermSlabNerdFontMono-Medium.ttf", O_RDONLY|O_CLOEXEC) = 5
[pid 185525] 14:15:47.240800 openat(AT_FDCWD, "/home/dikluwe/.local/share/fonts/IosevkaTermSlab/IosevkaTermSlabNerdFontMono-Regular.ttf", O_RDONLY|O_CLOEXEC) = 5
[pid 185525] 14:15:47.240976 openat(AT_FDCWD, "/home/dikluwe/.local/share/fonts/IosevkaTermSlab/IosevkaTermSlabNerdFont-Italic.ttf", O_RDONLY|O_CLOEXEC) = 5
[pid 185525] 14:15:47.241137 openat(AT_FDCWD, "/home/dikluwe/.local/share/fonts/IosevkaTermSlab/IosevkaTermSlabNerdFontMono-ExtraBold.ttf", O_RDONLY|O_CLOEXEC) = 5
[pid 185525] 14:15:47.241295 openat(AT_FDCWD, "/home/dikluwe/.local/share/fonts/IosevkaTermSlab/IosevkaTermSlabNerdFont-Medium.ttf", O_RDONLY|O_CLOEXEC) = 5
[pid 185525] 14:15:47.241453 openat(AT_FDCWD, "/home/dikluwe/.local/share/fonts/IosevkaTermSlab/IosevkaTermSlabNerdFont-BoldItalic.ttf", O_RDONLY|O_CLOEXEC) = 5
[pid 185525] 14:15:47.241626 openat(AT_FDCWD, "/home/dikluwe/.local/share/fonts/IosevkaTermSlab/IosevkaTermSlabNerdFontMono-Oblique.ttf", O_RDONLY|O_CLOEXEC) = 5
[pid 185525] 14:15:47.241786 openat(AT_FDCWD, "/home/dikluwe/.local/share/fonts/IosevkaTermSlab/IosevkaTermSlabNerdFont-Regular.ttf", O_RDONLY|O_CLOEXEC) = 5
[pid 185525] 14:15:47.241957 openat(AT_FDCWD, "/home/dikluwe/.local/share/fonts/IosevkaTermSlab/IosevkaTermSlabNerdFont-ExtraBoldOblique.ttf", O_RDONLY|O_CLOEXEC) = 5
[pid 185525] 14:15:47.242118 openat(AT_FDCWD, "/home/dikluwe/.local/share/fonts/IosevkaTermSlab/IosevkaTermSlabNerdFontPropo-BoldItalic.ttf", O_RDONLY|O_CLOEXEC) = 5
[pid 185525] 14:15:47.242278 openat(AT_FDCWD, "/home/dikluwe/.local/share/fonts/IosevkaTermSlab/IosevkaTermSlabNerdFont-MediumOblique.ttf", O_RDONLY|O_CLOEXEC) = 5
[pid 185525] 14:15:47.242436 openat(AT_FDCWD, "/home/dikluwe/.local/share/fonts/IosevkaTermSlab/IosevkaTermSlabNerdFontPropo-ExtraBoldOblique.ttf", O_RDONLY|O_CLOEXEC) = 5
[pid 185525] 14:15:47.242595 openat(AT_FDCWD, "/home/dikluwe/.local/share/fonts/IosevkaTermSlab/IosevkaTermSlabNerdFont-Light.ttf", O_RDONLY|O_CLOEXEC) = 5
[pid 185525] 14:15:47.242754 openat(AT_FDCWD, "/home/dikluwe/.local/share/fonts/IosevkaTermSlab/IosevkaTermSlabNerdFontMono-Light.ttf", O_RDONLY|O_CLOEXEC) = 5
[pid 185525] 14:15:47.242919 openat(AT_FDCWD, "/home/dikluwe/.local/share/fonts/IosevkaTermSlab/IosevkaTermSlabNerdFontPropo-LightOblique.ttf", O_RDONLY|O_CLOEXEC) = 5
[pid 185525] 14:15:47.243080 openat(AT_FDCWD, "/home/dikluwe/.local/share/fonts/IosevkaTermSlab/IosevkaTermSlabNerdFontPropo-MediumOblique.ttf", O_RDONLY|O_CLOEXEC) = 5
[pid 185525] 14:15:47.243237 openat(AT_FDCWD, "/home/dikluwe/.local/share/fonts/IosevkaTermSlab/IosevkaTermSlabNerdFontPropo-MediumItalic.ttf", O_RDONLY|O_CLOEXEC) = 5
[pid 185525] 14:15:47.243395 openat(AT_FDCWD, "/home/dikluwe/.local/share/fonts/IosevkaTermSlab/IosevkaTermSlabNerdFontMono-LightItalic.ttf", O_RDONLY|O_CLOEXEC) = 5
[pid 185525] 14:15:47.243553 openat(AT_FDCWD, "/home/dikluwe/.local/share/fonts/IosevkaTermSlab/IosevkaTermSlabNerdFontMono-BoldOblique.ttf", O_RDONLY|O_CLOEXEC) = 5
[pid 185525] 14:15:47.243713 openat(AT_FDCWD, "/home/dikluwe/.local/share/fonts/IosevkaTermSlab/IosevkaTermSlabNerdFontMono-ExtraBoldOblique.ttf", O_RDONLY|O_CLOEXEC) = 5
[pid 185525] 14:15:47.243871 openat(AT_FDCWD, "/home/dikluwe/.local/share/fonts/IosevkaTermSlab/IosevkaTermSlabNerdFontPropo-LightItalic.ttf", O_RDONLY|O_CLOEXEC) = 5
[pid 185525] 14:15:47.244035 openat(AT_FDCWD, "/home/dikluwe/.local/share/fonts/IosevkaTermSlab/IosevkaTermSlabNerdFont-ExtraBold.ttf", O_RDONLY|O_CLOEXEC) = 5
[pid 185525] 14:15:47.244201 openat(AT_FDCWD, "/home/dikluwe/.local/share/fonts/IosevkaTermSlab/IosevkaTermSlabNerdFont-MediumItalic.ttf", O_RDONLY|O_CLOEXEC) = 5
[pid 185525] 14:15:47.244359 openat(AT_FDCWD, "/home/dikluwe/.local/share/fonts/IosevkaTermSlab/IosevkaTermSlabNerdFontPropo-Light.ttf", O_RDONLY|O_CLOEXEC) = 5
[pid 185525] 14:15:47.244516 openat(AT_FDCWD, "/home/dikluwe/.local/share/fonts/IosevkaTermSlab/IosevkaTermSlabNerdFontPropo-Italic.ttf", O_RDONLY|O_CLOEXEC) = 5
[pid 185525] 14:15:47.244675 openat(AT_FDCWD, "/home/dikluwe/.local/share/fonts/IosevkaTermSlab/IosevkaTermSlabNerdFontMono-MediumOblique.ttf", O_RDONLY|O_CLOEXEC) = 5
[pid 185525] 14:15:47.244833 openat(AT_FDCWD, "/home/dikluwe/.local/share/fonts/IosevkaTermSlab/IosevkaTermSlabNerdFontPropo-Medium.ttf", O_RDONLY|O_CLOEXEC) = 5
[pid 185525] 14:15:47.245011 openat(AT_FDCWD, "/home/dikluwe/.local/share/fonts/IosevkaTermSlab/IosevkaTermSlabNerdFontMono-MediumItalic.ttf", O_RDONLY|O_CLOEXEC) = 5
[pid 185525] 14:15:47.245173 openat(AT_FDCWD, "/home/dikluwe/.local/share/fonts/IosevkaTermSlab/IosevkaTermSlabNerdFontPropo-Regular.ttf", O_RDONLY|O_CLOEXEC) = 5
[pid 185525] 14:15:47.245332 openat(AT_FDCWD, "/home/dikluwe/.local/share/fonts/IosevkaTermSlab/IosevkaTermSlabNerdFontMono-Bold.ttf", O_RDONLY|O_CLOEXEC) = 5
[pid 185525] 14:15:47.245489 openat(AT_FDCWD, "/home/dikluwe/.local/share/fonts/IosevkaTermSlab/IosevkaTermSlabNerdFontMono-ExtraBoldItalic.ttf", O_RDONLY|O_CLOEXEC) = 5
[pid 185525] 14:15:47.245671 openat(AT_FDCWD, "/home/dikluwe/.local/share/fonts/IosevkaTermSlab/IosevkaTermSlabNerdFontMono-LightOblique.ttf", O_RDONLY|O_CLOEXEC) = 5
[pid 185525] 14:15:47.245830 openat(AT_FDCWD, "/home/dikluwe/.local/share/fonts/IosevkaTermSlab/IosevkaTermSlabNerdFontPropo-Oblique.ttf", O_RDONLY|O_CLOEXEC) = 5
[pid 185525] 14:15:47.246003 openat(AT_FDCWD, "/home/dikluwe/.local/share/fonts/IosevkaTermSlab/IosevkaTermSlabNerdFont-LightItalic.ttf", O_RDONLY|O_CLOEXEC) = 5
[pid 185525] 14:15:47.246161 openat(AT_FDCWD, "/home/dikluwe/.local/share/fonts/IosevkaTermSlab/IosevkaTermSlabNerdFont-BoldOblique.ttf", O_RDONLY|O_CLOEXEC) = 5
[pid 185525] 14:15:47.246322 openat(AT_FDCWD, "/home/dikluwe/.local/share/fonts/IosevkaTermSlab/IosevkaTermSlabNerdFontPropo-ExtraBold.ttf", O_RDONLY|O_CLOEXEC) = 5
[pid 185525] 14:15:47.246480 openat(AT_FDCWD, "/home/dikluwe/.local/share/fonts/IosevkaTermSlab/IosevkaTermSlabNerdFont-Bold.ttf", O_RDONLY|O_CLOEXEC) = 5
[pid 185525] 14:15:47.246638 openat(AT_FDCWD, "/home/dikluwe/.local/share/fonts/IosevkaTermSlab/IosevkaTermSlabNerdFontPropo-Bold.ttf", O_RDONLY|O_CLOEXEC) = 5
[pid 185525] 14:15:47.246797 openat(AT_FDCWD, "/home/dikluwe/.local/share/fonts/IosevkaTermSlab/IosevkaTermSlabNerdFontMono-BoldItalic.ttf", O_RDONLY|O_CLOEXEC) = 5
[pid 185525] 14:15:47.247001 openat(AT_FDCWD, "/home/dikluwe/.local/share/fonts/IosevkaTermSlab/IosevkaTermSlabNerdFont-ExtraBoldItalic.ttf", O_RDONLY|O_CLOEXEC) = 5
[pid 185525] 14:15:47.247164 openat(AT_FDCWD, "/home/dikluwe/.local/share/fonts/IosevkaTermSlab/IosevkaTermSlabNerdFontPropo-BoldOblique.ttf", O_RDONLY|O_CLOEXEC) = 5
[pid 185525] 14:15:47.247321 openat(AT_FDCWD, "/home/dikluwe/.local/share/fonts/IosevkaTermSlab/IosevkaTermSlabNerdFont-Oblique.ttf", O_RDONLY|O_CLOEXEC) = 5
[pid 185525] 14:15:47.247524 openat(AT_FDCWD, "/home/dikluwe/.local/share/fonts/IosevkaTerm", O_RDONLY|O_NONBLOCK|O_CLOEXEC|O_DIRECTORY) = 4
[pid 185525] 14:15:47.247757 openat(AT_FDCWD, "/home/dikluwe/.local/share/fonts/IosevkaTerm/IosevkaTermNerdFont-SemiBold.ttf", O_RDONLY|O_CLOEXEC) = 5
[pid 185525] 14:15:47.247921 openat(AT_FDCWD, "/home/dikluwe/.local/share/fonts/IosevkaTerm/IosevkaTermNerdFont-Oblique.ttf", O_RDONLY|O_CLOEXEC) = 5
[pid 185525] 14:15:47.248082 openat(AT_FDCWD, "/home/dikluwe/.local/share/fonts/IosevkaTerm/IosevkaTermNerdFont-Italic.ttf", O_RDONLY|O_CLOEXEC) = 5
[pid 185525] 14:15:47.248240 openat(AT_FDCWD, "/home/dikluwe/.local/share/fonts/IosevkaTerm/IosevkaTermNerdFontMono-MediumOblique.ttf", O_RDONLY|O_CLOEXEC) = 5
[pid 185525] 14:15:47.248398 openat(AT_FDCWD, "/home/dikluwe/.local/share/fonts/IosevkaTerm/IosevkaTermNerdFontPropo-ThinItalic.ttf", O_RDONLY|O_CLOEXEC) = 5
[pid 185525] 14:15:47.248557 openat(AT_FDCWD, "/home/dikluwe/.local/share/fonts/IosevkaTerm/IosevkaTermNerdFontPropo-BoldOblique.ttf", O_RDONLY|O_CLOEXEC) = 5
[pid 185525] 14:15:47.248714 openat(AT_FDCWD, "/home/dikluwe/.local/share/fonts/IosevkaTerm/IosevkaTermNerdFontMono-ExtraLightOblique.ttf", O_RDONLY|O_CLOEXEC) = 5
[pid 185525] 14:15:47.248873 openat(AT_FDCWD, "/home/dikluwe/.local/share/fonts/IosevkaTerm/IosevkaTermNerdFont-ThinItalic.ttf", O_RDONLY|O_CLOEXEC) = 5
[pid 185525] 14:15:47.249038 openat(AT_FDCWD, "/home/dikluwe/.local/share/fonts/IosevkaTerm/IosevkaTermNerdFontPropo-MediumOblique.ttf", O_RDONLY|O_CLOEXEC) = 5
[pid 185525] 14:15:47.249196 openat(AT_FDCWD, "/home/dikluwe/.local/share/fonts/IosevkaTerm/IosevkaTermNerdFontMono-LightOblique.ttf", O_RDONLY|O_CLOEXEC) = 5
[pid 185525] 14:15:47.249354 openat(AT_FDCWD, "/home/dikluwe/.local/share/fonts/IosevkaTerm/IosevkaTermNerdFont-SemiBoldOblique.ttf", O_RDONLY|O_CLOEXEC) = 5
[pid 185525] 14:15:47.249511 openat(AT_FDCWD, "/home/dikluwe/.local/share/fonts/IosevkaTerm/IosevkaTermNerdFontMono-ExtraLight.ttf", O_RDONLY|O_CLOEXEC) = 5
[pid 185525] 14:15:47.249670 openat(AT_FDCWD, "/home/dikluwe/.local/share/fonts/IosevkaTerm/IosevkaTermNerdFontPropo-Italic.ttf", O_RDONLY|O_CLOEXEC) = 5
[pid 185525] 14:15:47.249829 openat(AT_FDCWD, "/home/dikluwe/.local/share/fonts/IosevkaTerm/IosevkaTermNerdFontMono-ThinOblique.ttf", O_RDONLY|O_CLOEXEC) = 5
[pid 185525] 14:15:47.250016 openat(AT_FDCWD, "/home/dikluwe/.local/share/fonts/IosevkaTerm/IosevkaTermNerdFontPropo-Bold.ttf", O_RDONLY|O_CLOEXEC) = 5
[pid 185525] 14:15:47.250176 openat(AT_FDCWD, "/home/dikluwe/.local/share/fonts/IosevkaTerm/IosevkaTermNerdFontMono-MediumItalic.ttf", O_RDONLY|O_CLOEXEC) = 5
[pid 185525] 14:15:47.250333 openat(AT_FDCWD, "/home/dikluwe/.local/share/fonts/IosevkaTerm/IosevkaTermNerdFontMono-ExtraLightItalic.ttf", O_RDONLY|O_CLOEXEC) = 5
[pid 185525] 14:15:47.250490 openat(AT_FDCWD, "/home/dikluwe/.local/share/fonts/IosevkaTerm/IosevkaTermNerdFontMono-SemiBoldItalic.ttf", O_RDONLY|O_CLOEXEC) = 5
[pid 185525] 14:15:47.250647 openat(AT_FDCWD, "/home/dikluwe/.local/share/fonts/IosevkaTerm/IosevkaTermNerdFont-Heavy.ttf", O_RDONLY|O_CLOEXEC) = 5
[pid 185525] 14:15:47.250806 openat(AT_FDCWD, "/home/dikluwe/.local/share/fonts/IosevkaTerm/IosevkaTermNerdFontMono-SemiBoldOblique.ttf", O_RDONLY|O_CLOEXEC) = 5
[pid 185525] 14:15:47.250976 openat(AT_FDCWD, "/home/dikluwe/.local/share/fonts/IosevkaTerm/IosevkaTermNerdFontPropo-Thin.ttf", O_RDONLY|O_CLOEXEC) = 5
[pid 185525] 14:15:47.251143 openat(AT_FDCWD, "/home/dikluwe/.local/share/fonts/IosevkaTerm/IosevkaTermNerdFont-Light.ttf", O_RDONLY|O_CLOEXEC) = 5
[pid 185525] 14:15:47.251307 openat(AT_FDCWD, "/home/dikluwe/.local/share/fonts/IosevkaTerm/IosevkaTermNerdFontMono-ExtraBoldOblique.ttf", O_RDONLY|O_CLOEXEC) = 5
[pid 185525] 14:15:47.251472 openat(AT_FDCWD, "/home/dikluwe/.local/share/fonts/IosevkaTerm/IosevkaTermNerdFontMono-Oblique.ttf", O_RDONLY|O_CLOEXEC) = 5
[pid 185525] 14:15:47.251636 openat(AT_FDCWD, "/home/dikluwe/.local/share/fonts/IosevkaTerm/IosevkaTermNerdFontMono-BoldOblique.ttf", O_RDONLY|O_CLOEXEC) = 5
[pid 185525] 14:15:47.251801 openat(AT_FDCWD, "/home/dikluwe/.local/share/fonts/IosevkaTerm/IosevkaTermNerdFont-SemiBoldItalic.ttf", O_RDONLY|O_CLOEXEC) = 5
[pid 185525] 14:15:47.251970 openat(AT_FDCWD, "/home/dikluwe/.local/share/fonts/IosevkaTerm/IosevkaTermNerdFontMono-Light.ttf", O_RDONLY|O_CLOEXEC) = 5
[pid 185525] 14:15:47.252138 openat(AT_FDCWD, "/home/dikluwe/.local/share/fonts/IosevkaTerm/IosevkaTermNerdFont-ExtraBoldOblique.ttf", O_RDONLY|O_CLOEXEC) = 5
[pid 185525] 14:15:47.252304 openat(AT_FDCWD, "/home/dikluwe/.local/share/fonts/IosevkaTerm/IosevkaTermNerdFontPropo-ExtraBoldItalic.ttf", O_RDONLY|O_CLOEXEC) = 5
[pid 185525] 14:15:47.252468 openat(AT_FDCWD, "/home/dikluwe/.local/share/fonts/IosevkaTerm/IosevkaTermNerdFont-BoldItalic.ttf", O_RDONLY|O_CLOEXEC) = 5
[pid 185525] 14:15:47.252625 openat(AT_FDCWD, "/home/dikluwe/.local/share/fonts/IosevkaTerm/IosevkaTermNerdFontPropo-ThinOblique.ttf", O_RDONLY|O_CLOEXEC) = 5
[pid 185525] 14:15:47.252782 openat(AT_FDCWD, "/home/dikluwe/.local/share/fonts/IosevkaTerm/IosevkaTermNerdFontPropo-ExtraBoldOblique.ttf", O_RDONLY|O_CLOEXEC) = 5
[pid 185525] 14:15:47.252945 openat(AT_FDCWD, "/home/dikluwe/.local/share/fonts/IosevkaTerm/IosevkaTermNerdFontPropo-Regular.ttf", O_RDONLY|O_CLOEXEC) = 5
[pid 185525] 14:15:47.253105 openat(AT_FDCWD, "/home/dikluwe/.local/share/fonts/IosevkaTerm/IosevkaTermNerdFont-HeavyOblique.ttf", O_RDONLY|O_CLOEXEC) = 5
[pid 185525] 14:15:47.253263 openat(AT_FDCWD, "/home/dikluwe/.local/share/fonts/IosevkaTerm/IosevkaTermNerdFont-ExtraBoldItalic.ttf", O_RDONLY|O_CLOEXEC) = 5
[pid 185525] 14:15:47.253419 openat(AT_FDCWD, "/home/dikluwe/.local/share/fonts/IosevkaTerm/IosevkaTermNerdFontPropo-Medium.ttf", O_RDONLY|O_CLOEXEC) = 5
[pid 185525] 14:15:47.253576 openat(AT_FDCWD, "/home/dikluwe/.local/share/fonts/IosevkaTerm/IosevkaTermNerdFontMono-Bold.ttf", O_RDONLY|O_CLOEXEC) = 5
[pid 185525] 14:15:47.253733 openat(AT_FDCWD, "/home/dikluwe/.local/share/fonts/IosevkaTerm/IosevkaTermNerdFontPropo-Oblique.ttf", O_RDONLY|O_CLOEXEC) = 5
[pid 185525] 14:15:47.253891 openat(AT_FDCWD, "/home/dikluwe/.local/share/fonts/IosevkaTerm/IosevkaTermNerdFont-ExtraLight.ttf", O_RDONLY|O_CLOEXEC) = 5
[pid 185525] 14:15:47.254055 openat(AT_FDCWD, "/home/dikluwe/.local/share/fonts/IosevkaTerm/IosevkaTermNerdFontMono-Heavy.ttf", O_RDONLY|O_CLOEXEC) = 5
[pid 185525] 14:15:47.254229 openat(AT_FDCWD, "/home/dikluwe/.local/share/fonts/IosevkaTerm/IosevkaTermNerdFontMono-ExtraBoldItalic.ttf", O_RDONLY|O_CLOEXEC) = 5
[pid 185525] 14:15:47.254388 openat(AT_FDCWD, "/home/dikluwe/.local/share/fonts/IosevkaTerm/IosevkaTermNerdFontPropo-Light.ttf", O_RDONLY|O_CLOEXEC) = 5
[pid 185525] 14:15:47.254544 openat(AT_FDCWD, "/home/dikluwe/.local/share/fonts/IosevkaTerm/IosevkaTermNerdFont-ExtraLightOblique.ttf", O_RDONLY|O_CLOEXEC) = 5
[pid 185525] 14:15:47.254702 openat(AT_FDCWD, "/home/dikluwe/.local/share/fonts/IosevkaTerm/IosevkaTermNerdFontMono-HeavyItalic.ttf", O_RDONLY|O_CLOEXEC) = 5
[pid 185525] 14:15:47.254859 openat(AT_FDCWD, "/home/dikluwe/.local/share/fonts/IosevkaTerm/IosevkaTermNerdFont-ExtraLightItalic.ttf", O_RDONLY|O_CLOEXEC) = 5
[pid 185525] 14:15:47.255025 openat(AT_FDCWD, "/home/dikluwe/.local/share/fonts/IosevkaTerm/IosevkaTermNerdFontMono-HeavyOblique.ttf", O_RDONLY|O_CLOEXEC) = 5
[pid 185525] 14:15:47.255184 openat(AT_FDCWD, "/home/dikluwe/.local/share/fonts/IosevkaTerm/IosevkaTermNerdFontMono-Thin.ttf", O_RDONLY|O_CLOEXEC) = 5
[pid 185525] 14:15:47.255341 openat(AT_FDCWD, "/home/dikluwe/.local/share/fonts/IosevkaTerm/IosevkaTermNerdFont-Thin.ttf", O_RDONLY|O_CLOEXEC) = 5
[pid 185525] 14:15:47.255497 openat(AT_FDCWD, "/home/dikluwe/.local/share/fonts/IosevkaTerm/IosevkaTermNerdFontMono-Medium.ttf", O_RDONLY|O_CLOEXEC) = 5
[pid 185525] 14:15:47.255653 openat(AT_FDCWD, "/home/dikluwe/.local/share/fonts/IosevkaTerm/IosevkaTermNerdFont-LightOblique.ttf", O_RDONLY|O_CLOEXEC) = 5
[pid 185525] 14:15:47.255810 openat(AT_FDCWD, "/home/dikluwe/.local/share/fonts/IosevkaTerm/IosevkaTermNerdFont-Bold.ttf", O_RDONLY|O_CLOEXEC) = 5
[pid 185525] 14:15:47.255971 openat(AT_FDCWD, "/home/dikluwe/.local/share/fonts/IosevkaTerm/IosevkaTermNerdFont-MediumItalic.ttf", O_RDONLY|O_CLOEXEC) = 5
[pid 185525] 14:15:47.256132 openat(AT_FDCWD, "/home/dikluwe/.local/share/fonts/IosevkaTerm/IosevkaTermNerdFontMono-Regular.ttf", O_RDONLY|O_CLOEXEC) = 5
[pid 185525] 14:15:47.256288 openat(AT_FDCWD, "/home/dikluwe/.local/share/fonts/IosevkaTerm/IosevkaTermNerdFontMono-SemiBold.ttf", O_RDONLY|O_CLOEXEC) = 5
[pid 185525] 14:15:47.256445 openat(AT_FDCWD, "/home/dikluwe/.local/share/fonts/IosevkaTerm/IosevkaTermNerdFontPropo-ExtraLightItalic.ttf", O_RDONLY|O_CLOEXEC) = 5
[pid 185525] 14:15:47.256600 openat(AT_FDCWD, "/home/dikluwe/.local/share/fonts/IosevkaTerm/IosevkaTermNerdFontMono-LightItalic.ttf", O_RDONLY|O_CLOEXEC) = 5
[pid 185525] 14:15:47.256759 openat(AT_FDCWD, "/home/dikluwe/.local/share/fonts/IosevkaTerm/IosevkaTermNerdFontMono-ExtraBold.ttf", O_RDONLY|O_CLOEXEC) = 5
[pid 185525] 14:15:47.256918 openat(AT_FDCWD, "/home/dikluwe/.local/share/fonts/IosevkaTerm/IosevkaTermNerdFontPropo-LightOblique.ttf", O_RDONLY|O_CLOEXEC) = 5
[pid 185525] 14:15:47.257077 openat(AT_FDCWD, "/home/dikluwe/.local/share/fonts/IosevkaTerm/IosevkaTermNerdFontPropo-Heavy.ttf", O_RDONLY|O_CLOEXEC) = 5
[pid 185525] 14:15:47.257233 openat(AT_FDCWD, "/home/dikluwe/.local/share/fonts/IosevkaTerm/IosevkaTermNerdFontPropo-HeavyOblique.ttf", O_RDONLY|O_CLOEXEC) = 5
[pid 185525] 14:15:47.257389 openat(AT_FDCWD, "/home/dikluwe/.local/share/fonts/IosevkaTerm/IosevkaTermNerdFontPropo-LightItalic.ttf", O_RDONLY|O_CLOEXEC) = 5
[pid 185525] 14:15:47.257547 openat(AT_FDCWD, "/home/dikluwe/.local/share/fonts/IosevkaTerm/IosevkaTermNerdFontPropo-SemiBoldItalic.ttf", O_RDONLY|O_CLOEXEC) = 5
[pid 185525] 14:15:47.257704 openat(AT_FDCWD, "/home/dikluwe/.local/share/fonts/IosevkaTerm/IosevkaTermNerdFontPropo-ExtraBold.ttf", O_RDONLY|O_CLOEXEC) = 5
[pid 185525] 14:15:47.257861 openat(AT_FDCWD, "/home/dikluwe/.local/share/fonts/IosevkaTerm/IosevkaTermNerdFontPropo-SemiBoldOblique.ttf", O_RDONLY|O_CLOEXEC) = 5
[pid 185525] 14:15:47.258026 openat(AT_FDCWD, "/home/dikluwe/.local/share/fonts/IosevkaTerm/IosevkaTermNerdFontPropo-ExtraLight.ttf", O_RDONLY|O_CLOEXEC) = 5
[pid 185525] 14:15:47.258184 openat(AT_FDCWD, "/home/dikluwe/.local/share/fonts/IosevkaTerm/IosevkaTermNerdFont-ExtraBold.ttf", O_RDONLY|O_CLOEXEC) = 5
[pid 185525] 14:15:47.258355 openat(AT_FDCWD, "/home/dikluwe/.local/share/fonts/IosevkaTerm/IosevkaTermNerdFont-BoldOblique.ttf", O_RDONLY|O_CLOEXEC) = 5
[pid 185525] 14:15:47.258512 openat(AT_FDCWD, "/home/dikluwe/.local/share/fonts/IosevkaTerm/IosevkaTermNerdFontPropo-ExtraLightOblique.ttf", O_RDONLY|O_CLOEXEC) = 5
[pid 185525] 14:15:47.258669 openat(AT_FDCWD, "/home/dikluwe/.local/share/fonts/IosevkaTerm/IosevkaTermNerdFont-Regular.ttf", O_RDONLY|O_CLOEXEC) = 5
[pid 185525] 14:15:47.258826 openat(AT_FDCWD, "/home/dikluwe/.local/share/fonts/IosevkaTerm/IosevkaTermNerdFontMono-Italic.ttf", O_RDONLY|O_CLOEXEC) = 5
[pid 185525] 14:15:47.258993 openat(AT_FDCWD, "/home/dikluwe/.local/share/fonts/IosevkaTerm/IosevkaTermNerdFont-HeavyItalic.ttf", O_RDONLY|O_CLOEXEC) = 5
[pid 185525] 14:15:47.259151 openat(AT_FDCWD, "/home/dikluwe/.local/share/fonts/IosevkaTerm/IosevkaTermNerdFont-Medium.ttf", O_RDONLY|O_CLOEXEC) = 5
[pid 185525] 14:15:47.259310 openat(AT_FDCWD, "/home/dikluwe/.local/share/fonts/IosevkaTerm/IosevkaTermNerdFontMono-BoldItalic.ttf", O_RDONLY|O_CLOEXEC) = 5
[pid 185525] 14:15:47.259468 openat(AT_FDCWD, "/home/dikluwe/.local/share/fonts/IosevkaTerm/IosevkaTermNerdFont-LightItalic.ttf", O_RDONLY|O_CLOEXEC) = 5
[pid 185525] 14:15:47.259626 openat(AT_FDCWD, "/home/dikluwe/.local/share/fonts/IosevkaTerm/IosevkaTermNerdFont-MediumOblique.ttf", O_RDONLY|O_CLOEXEC) = 5
[pid 185525] 14:15:47.259783 openat(AT_FDCWD, "/home/dikluwe/.local/share/fonts/IosevkaTerm/IosevkaTermNerdFontPropo-HeavyItalic.ttf", O_RDONLY|O_CLOEXEC) = 5
[pid 185525] 14:15:47.259944 openat(AT_FDCWD, "/home/dikluwe/.local/share/fonts/IosevkaTerm/IosevkaTermNerdFontPropo-SemiBold.ttf", O_RDONLY|O_CLOEXEC) = 5
[pid 185525] 14:15:47.260102 openat(AT_FDCWD, "/home/dikluwe/.local/share/fonts/IosevkaTerm/IosevkaTermNerdFontMono-ThinItalic.ttf", O_RDONLY|O_CLOEXEC) = 5
[pid 185525] 14:15:47.260258 openat(AT_FDCWD, "/home/dikluwe/.local/share/fonts/IosevkaTerm/IosevkaTermNerdFontPropo-BoldItalic.ttf", O_RDONLY|O_CLOEXEC) = 5
[pid 185525] 14:15:47.260416 openat(AT_FDCWD, "/home/dikluwe/.local/share/fonts/IosevkaTerm/IosevkaTermNerdFont-ThinOblique.ttf", O_RDONLY|O_CLOEXEC) = 5
[pid 185525] 14:15:47.260577 openat(AT_FDCWD, "/home/dikluwe/.local/share/fonts/IosevkaTerm/IosevkaTermNerdFontPropo-MediumItalic.ttf", O_RDONLY|O_CLOEXEC) = 5
[pid 185525] 14:15:47.260780 openat(AT_FDCWD, "/home/dikluwe/.local/share/fonts/Iosevka", O_RDONLY|O_NONBLOCK|O_CLOEXEC|O_DIRECTORY) = 4
[pid 185525] 14:15:47.261011 openat(AT_FDCWD, "/home/dikluwe/.local/share/fonts/Iosevka/IosevkaNerdFont-ExtraLight.ttf", O_RDONLY|O_CLOEXEC) = 5
[pid 185525] 14:15:47.261173 openat(AT_FDCWD, "/home/dikluwe/.local/share/fonts/Iosevka/IosevkaNerdFont-LightItalic.ttf", O_RDONLY|O_CLOEXEC) = 5
[pid 185525] 14:15:47.261332 openat(AT_FDCWD, "/home/dikluwe/.local/share/fonts/Iosevka/IosevkaNerdFontMono-ExtraBoldItalic.ttf", O_RDONLY|O_CLOEXEC) = 5
[pid 185525] 14:15:47.261490 openat(AT_FDCWD, "/home/dikluwe/.local/share/fonts/Iosevka/IosevkaNerdFont-Medium.ttf", O_RDONLY|O_CLOEXEC) = 5
[pid 185525] 14:15:47.261648 openat(AT_FDCWD, "/home/dikluwe/.local/share/fonts/Iosevka/IosevkaNerdFontMono-MediumItalic.ttf", O_RDONLY|O_CLOEXEC) = 5
[pid 185525] 14:15:47.261805 openat(AT_FDCWD, "/home/dikluwe/.local/share/fonts/Iosevka/IosevkaNerdFont-Italic.ttf", O_RDONLY|O_CLOEXEC) = 5
[pid 185525] 14:15:47.261970 openat(AT_FDCWD, "/home/dikluwe/.local/share/fonts/Iosevka/IosevkaNerdFontMono-Light.ttf", O_RDONLY|O_CLOEXEC) = 5
[pid 185525] 14:15:47.262145 openat(AT_FDCWD, "/home/dikluwe/.local/share/fonts/Iosevka/IosevkaNerdFont-ExtraLightItalic.ttf", O_RDONLY|O_CLOEXEC) = 5
[pid 185525] 14:15:47.262303 openat(AT_FDCWD, "/home/dikluwe/.local/share/fonts/Iosevka/IosevkaNerdFont-SemiBoldOblique.ttf", O_RDONLY|O_CLOEXEC) = 5
[pid 185525] 14:15:47.262461 openat(AT_FDCWD, "/home/dikluwe/.local/share/fonts/Iosevka/IosevkaNerdFont-Bold.ttf", O_RDONLY|O_CLOEXEC) = 5
[pid 185525] 14:15:47.262618 openat(AT_FDCWD, "/home/dikluwe/.local/share/fonts/Iosevka/IosevkaNerdFontPropo-SemiBoldOblique.ttf", O_RDONLY|O_CLOEXEC) = 5
[pid 185525] 14:15:47.262793 openat(AT_FDCWD, "/home/dikluwe/.local/share/fonts/Iosevka/IosevkaNerdFontPropo-Oblique.ttf", O_RDONLY|O_CLOEXEC) = 5
[pid 185525] 14:15:47.262961 openat(AT_FDCWD, "/home/dikluwe/.local/share/fonts/Iosevka/IosevkaNerdFontMono-ThinOblique.ttf", O_RDONLY|O_CLOEXEC) = 5
[pid 185525] 14:15:47.263121 openat(AT_FDCWD, "/home/dikluwe/.local/share/fonts/Iosevka/IosevkaNerdFontPropo-SemiBoldItalic.ttf", O_RDONLY|O_CLOEXEC) = 5
[pid 185525] 14:15:47.263295 openat(AT_FDCWD, "/home/dikluwe/.local/share/fonts/Iosevka/IosevkaNerdFontMono-ThinItalic.ttf", O_RDONLY|O_CLOEXEC) = 5
[pid 185525] 14:15:47.263459 openat(AT_FDCWD, "/home/dikluwe/.local/share/fonts/Iosevka/IosevkaNerdFontPropo-ExtraLight.ttf", O_RDONLY|O_CLOEXEC) = 5
[pid 185525] 14:15:47.263617 openat(AT_FDCWD, "/home/dikluwe/.local/share/fonts/Iosevka/IosevkaNerdFont-Oblique.ttf", O_RDONLY|O_CLOEXEC) = 5
[pid 185525] 14:15:47.263774 openat(AT_FDCWD, "/home/dikluwe/.local/share/fonts/Iosevka/IosevkaNerdFont-ExtraBoldItalic.ttf", O_RDONLY|O_CLOEXEC) = 5
[pid 185525] 14:15:47.263936 openat(AT_FDCWD, "/home/dikluwe/.local/share/fonts/Iosevka/IosevkaNerdFontPropo-Italic.ttf", O_RDONLY|O_CLOEXEC) = 5
[pid 185525] 14:15:47.264104 openat(AT_FDCWD, "/home/dikluwe/.local/share/fonts/Iosevka/IosevkaNerdFontMono-Heavy.ttf", O_RDONLY|O_CLOEXEC) = 5
[pid 185525] 14:15:47.264587 openat(AT_FDCWD, "/home/dikluwe/.local/share/fonts/Iosevka/IosevkaNerdFontPropo-ThinItalic.ttf", O_RDONLY|O_CLOEXEC) = 5
[pid 185525] 14:15:47.264746 openat(AT_FDCWD, "/home/dikluwe/.local/share/fonts/Iosevka/IosevkaNerdFontMono-Bold.ttf", O_RDONLY|O_CLOEXEC) = 5
[pid 185525] 14:15:47.264909 openat(AT_FDCWD, "/home/dikluwe/.local/share/fonts/Iosevka/IosevkaNerdFontMono-ExtraBoldOblique.ttf", O_RDONLY|O_CLOEXEC) = 5
[pid 185525] 14:15:47.265081 openat(AT_FDCWD, "/home/dikluwe/.local/share/fonts/Iosevka/IosevkaNerdFontMono-SemiBoldItalic.ttf", O_RDONLY|O_CLOEXEC) = 5
[pid 185525] 14:15:47.265239 openat(AT_FDCWD, "/home/dikluwe/.local/share/fonts/Iosevka/IosevkaNerdFontMono-ExtraBold.ttf", O_RDONLY|O_CLOEXEC) = 5
[pid 185525] 14:15:47.265404 openat(AT_FDCWD, "/home/dikluwe/.local/share/fonts/Iosevka/IosevkaNerdFontPropo-ThinOblique.ttf", O_RDONLY|O_CLOEXEC) = 5
[pid 185525] 14:15:47.265571 openat(AT_FDCWD, "/home/dikluwe/.local/share/fonts/Iosevka/IosevkaNerdFont-ExtraLightOblique.ttf", O_RDONLY|O_CLOEXEC) = 5
[pid 185525] 14:15:47.265743 openat(AT_FDCWD, "/home/dikluwe/.local/share/fonts/Iosevka/IosevkaNerdFontPropo-BoldOblique.ttf", O_RDONLY|O_CLOEXEC) = 5
[pid 185525] 14:15:47.265927 openat(AT_FDCWD, "/home/dikluwe/.local/share/fonts/Iosevka/IosevkaNerdFontPropo-HeavyItalic.ttf", O_RDONLY|O_CLOEXEC) = 5
[pid 185525] 14:15:47.266088 openat(AT_FDCWD, "/home/dikluwe/.local/share/fonts/Iosevka/IosevkaNerdFontPropo-MediumOblique.ttf", O_RDONLY|O_CLOEXEC) = 5
[pid 185525] 14:15:47.266246 openat(AT_FDCWD, "/home/dikluwe/.local/share/fonts/Iosevka/IosevkaNerdFontPropo-MediumItalic.ttf", O_RDONLY|O_CLOEXEC) = 5
[pid 185525] 14:15:47.266407 openat(AT_FDCWD, "/home/dikluwe/.local/share/fonts/Iosevka/IosevkaNerdFontMono-Oblique.ttf", O_RDONLY|O_CLOEXEC) = 5
[pid 185525] 14:15:47.266565 openat(AT_FDCWD, "/home/dikluwe/.local/share/fonts/Iosevka/IosevkaNerdFontMono-BoldItalic.ttf", O_RDONLY|O_CLOEXEC) = 5
[pid 185525] 14:15:47.266723 openat(AT_FDCWD, "/home/dikluwe/.local/share/fonts/Iosevka/IosevkaNerdFontMono-SemiBoldOblique.ttf", O_RDONLY|O_CLOEXEC) = 5
[pid 185525] 14:15:47.266880 openat(AT_FDCWD, "/home/dikluwe/.local/share/fonts/Iosevka/IosevkaNerdFontMono-BoldOblique.ttf", O_RDONLY|O_CLOEXEC) = 5
[pid 185525] 14:15:47.267046 openat(AT_FDCWD, "/home/dikluwe/.local/share/fonts/Iosevka/IosevkaNerdFontMono-Thin.ttf", O_RDONLY|O_CLOEXEC) = 5
[pid 185525] 14:15:47.267203 openat(AT_FDCWD, "/home/dikluwe/.local/share/fonts/Iosevka/IosevkaNerdFontPropo-LightOblique.ttf", O_RDONLY|O_CLOEXEC) = 5
[pid 185525] 14:15:47.267360 openat(AT_FDCWD, "/home/dikluwe/.local/share/fonts/Iosevka/IosevkaNerdFontPropo-Heavy.ttf", O_RDONLY|O_CLOEXEC) = 5
[pid 185525] 14:15:47.267517 openat(AT_FDCWD, "/home/dikluwe/.local/share/fonts/Iosevka/IosevkaNerdFontMono-ExtraLightItalic.ttf", O_RDONLY|O_CLOEXEC) = 5
[pid 185525] 14:15:47.267690 openat(AT_FDCWD, "/home/dikluwe/.local/share/fonts/Iosevka/IosevkaNerdFont-BoldOblique.ttf", O_RDONLY|O_CLOEXEC) = 5
[pid 185525] 14:15:47.267847 openat(AT_FDCWD, "/home/dikluwe/.local/share/fonts/Iosevka/IosevkaNerdFont-Thin.ttf", O_RDONLY|O_CLOEXEC) = 5
[pid 185525] 14:15:47.268024 openat(AT_FDCWD, "/home/dikluwe/.local/share/fonts/Iosevka/IosevkaNerdFont-SemiBoldItalic.ttf", O_RDONLY|O_CLOEXEC) = 5
[pid 185525] 14:15:47.268185 openat(AT_FDCWD, "/home/dikluwe/.local/share/fonts/Iosevka/IosevkaNerdFont-ThinItalic.ttf", O_RDONLY|O_CLOEXEC) = 5
[pid 185525] 14:15:47.268341 openat(AT_FDCWD, "/home/dikluwe/.local/share/fonts/Iosevka/IosevkaNerdFontPropo-ExtraBold.ttf", O_RDONLY|O_CLOEXEC) = 5
[pid 185525] 14:15:47.268503 openat(AT_FDCWD, "/home/dikluwe/.local/share/fonts/Iosevka/IosevkaNerdFont-BoldItalic.ttf", O_RDONLY|O_CLOEXEC) = 5
[pid 185525] 14:15:47.268666 openat(AT_FDCWD, "/home/dikluwe/.local/share/fonts/Iosevka/IosevkaNerdFontMono-ExtraLightOblique.ttf", O_RDONLY|O_CLOEXEC) = 5
[pid 185525] 14:15:47.268829 openat(AT_FDCWD, "/home/dikluwe/.local/share/fonts/Iosevka/IosevkaNerdFont-MediumItalic.ttf", O_RDONLY|O_CLOEXEC) = 5
[pid 185525] 14:15:47.268998 openat(AT_FDCWD, "/home/dikluwe/.local/share/fonts/Iosevka/IosevkaNerdFontPropo-HeavyOblique.ttf", O_RDONLY|O_CLOEXEC) = 5
[pid 185525] 14:15:47.269156 openat(AT_FDCWD, "/home/dikluwe/.local/share/fonts/Iosevka/IosevkaNerdFontPropo-ExtraBoldOblique.ttf", O_RDONLY|O_CLOEXEC) = 5
[pid 185525] 14:15:47.269347 openat(AT_FDCWD, "/home/dikluwe/.local/share/fonts/Iosevka/IosevkaNerdFont-LightOblique.ttf", O_RDONLY|O_CLOEXEC) = 5
[pid 185525] 14:15:47.269506 openat(AT_FDCWD, "/home/dikluwe/.local/share/fonts/Iosevka/IosevkaNerdFontPropo-SemiBold.ttf", O_RDONLY|O_CLOEXEC) = 5
[pid 185525] 14:15:47.269664 openat(AT_FDCWD, "/home/dikluwe/.local/share/fonts/Iosevka/IosevkaNerdFontPropo-BoldItalic.ttf", O_RDONLY|O_CLOEXEC) = 5
[pid 185525] 14:15:47.269821 openat(AT_FDCWD, "/home/dikluwe/.local/share/fonts/Iosevka/IosevkaNerdFontPropo-ExtraLightItalic.ttf", O_RDONLY|O_CLOEXEC) = 5
[pid 185525] 14:15:47.269987 openat(AT_FDCWD, "/home/dikluwe/.local/share/fonts/Iosevka/IosevkaNerdFontPropo-ExtraLightOblique.ttf", O_RDONLY|O_CLOEXEC) = 5
[pid 185525] 14:15:47.270146 openat(AT_FDCWD, "/home/dikluwe/.local/share/fonts/Iosevka/IosevkaNerdFontPropo-LightItalic.ttf", O_RDONLY|O_CLOEXEC) = 5
[pid 185525] 14:15:47.270305 openat(AT_FDCWD, "/home/dikluwe/.local/share/fonts/Iosevka/IosevkaNerdFontPropo-Medium.ttf", O_RDONLY|O_CLOEXEC) = 5
[pid 185525] 14:15:47.270461 openat(AT_FDCWD, "/home/dikluwe/.local/share/fonts/Iosevka/IosevkaNerdFontMono-LightOblique.ttf", O_RDONLY|O_CLOEXEC) = 5
[pid 185525] 14:15:47.270617 openat(AT_FDCWD, "/home/dikluwe/.local/share/fonts/Iosevka/IosevkaNerdFontMono-MediumOblique.ttf", O_RDONLY|O_CLOEXEC) = 5
[pid 185525] 14:15:47.270779 openat(AT_FDCWD, "/home/dikluwe/.local/share/fonts/Iosevka/IosevkaNerdFont-Regular.ttf", O_RDONLY|O_CLOEXEC) = 5
[pid 185525] 14:15:47.270947 openat(AT_FDCWD, "/home/dikluwe/.local/share/fonts/Iosevka/IosevkaNerdFontMono-HeavyItalic.ttf", O_RDONLY|O_CLOEXEC) = 5
[pid 185525] 14:15:47.271110 openat(AT_FDCWD, "/home/dikluwe/.local/share/fonts/Iosevka/IosevkaNerdFontPropo-Thin.ttf", O_RDONLY|O_CLOEXEC) = 5
[pid 185525] 14:15:47.271272 openat(AT_FDCWD, "/home/dikluwe/.local/share/fonts/Iosevka/IosevkaNerdFont-MediumOblique.ttf", O_RDONLY|O_CLOEXEC) = 5
[pid 185525] 14:15:47.271432 openat(AT_FDCWD, "/home/dikluwe/.local/share/fonts/Iosevka/IosevkaNerdFont-ThinOblique.ttf", O_RDONLY|O_CLOEXEC) = 5
[pid 185525] 14:15:47.271593 openat(AT_FDCWD, "/home/dikluwe/.local/share/fonts/Iosevka/IosevkaNerdFontPropo-ExtraBoldItalic.ttf", O_RDONLY|O_CLOEXEC) = 5
[pid 185525] 14:15:47.271753 openat(AT_FDCWD, "/home/dikluwe/.local/share/fonts/Iosevka/IosevkaNerdFontMono-HeavyOblique.ttf", O_RDONLY|O_CLOEXEC) = 5
[pid 185525] 14:15:47.271917 openat(AT_FDCWD, "/home/dikluwe/.local/share/fonts/Iosevka/IosevkaNerdFontPropo-Bold.ttf", O_RDONLY|O_CLOEXEC) = 5
[pid 185525] 14:15:47.272093 openat(AT_FDCWD, "/home/dikluwe/.local/share/fonts/Iosevka/IosevkaNerdFont-Heavy.ttf", O_RDONLY|O_CLOEXEC) = 5
[pid 185525] 14:15:47.272250 openat(AT_FDCWD, "/home/dikluwe/.local/share/fonts/Iosevka/IosevkaNerdFont-ExtraBold.ttf", O_RDONLY|O_CLOEXEC) = 5
[pid 185525] 14:15:47.272406 openat(AT_FDCWD, "/home/dikluwe/.local/share/fonts/Iosevka/IosevkaNerdFont-SemiBold.ttf", O_RDONLY|O_CLOEXEC) = 5
[pid 185525] 14:15:47.272566 openat(AT_FDCWD, "/home/dikluwe/.local/share/fonts/Iosevka/IosevkaNerdFont-ExtraBoldOblique.ttf", O_RDONLY|O_CLOEXEC) = 5
[pid 185525] 14:15:47.272722 openat(AT_FDCWD, "/home/dikluwe/.local/share/fonts/Iosevka/IosevkaNerdFontMono-Regular.ttf", O_RDONLY|O_CLOEXEC) = 5
[pid 185525] 14:15:47.272878 openat(AT_FDCWD, "/home/dikluwe/.local/share/fonts/Iosevka/IosevkaNerdFontMono-SemiBold.ttf", O_RDONLY|O_CLOEXEC) = 5
[pid 185525] 14:15:47.273046 openat(AT_FDCWD, "/home/dikluwe/.local/share/fonts/Iosevka/IosevkaNerdFont-HeavyOblique.ttf", O_RDONLY|O_CLOEXEC) = 5
[pid 185525] 14:15:47.273205 openat(AT_FDCWD, "/home/dikluwe/.local/share/fonts/Iosevka/IosevkaNerdFontMono-ExtraLight.ttf", O_RDONLY|O_CLOEXEC) = 5
[pid 185525] 14:15:47.273362 openat(AT_FDCWD, "/home/dikluwe/.local/share/fonts/Iosevka/IosevkaNerdFont-Light.ttf", O_RDONLY|O_CLOEXEC) = 5
[pid 185525] 14:15:47.273519 openat(AT_FDCWD, "/home/dikluwe/.local/share/fonts/Iosevka/IosevkaNerdFontPropo-Regular.ttf", O_RDONLY|O_CLOEXEC) = 5
[pid 185525] 14:15:47.273676 openat(AT_FDCWD, "/home/dikluwe/.local/share/fonts/Iosevka/IosevkaNerdFontMono-Italic.ttf", O_RDONLY|O_CLOEXEC) = 5
[pid 185525] 14:15:47.273833 openat(AT_FDCWD, "/home/dikluwe/.local/share/fonts/Iosevka/IosevkaNerdFont-HeavyItalic.ttf", O_RDONLY|O_CLOEXEC) = 5
[pid 185525] 14:15:47.274049 openat(AT_FDCWD, "/home/dikluwe/.local/share/fonts/Iosevka/IosevkaNerdFontMono-Medium.ttf", O_RDONLY|O_CLOEXEC) = 5
[pid 185525] 14:15:47.274211 openat(AT_FDCWD, "/home/dikluwe/.local/share/fonts/Iosevka/IosevkaNerdFontPropo-Light.ttf", O_RDONLY|O_CLOEXEC) = 5
[pid 185525] 14:15:47.274368 openat(AT_FDCWD, "/home/dikluwe/.local/share/fonts/Iosevka/IosevkaNerdFontMono-LightItalic.ttf", O_RDONLY|O_CLOEXEC) = 5
[pid 185525] 14:15:47.274567 openat(AT_FDCWD, "/home/dikluwe/.local/share/fonts/Monoid", O_RDONLY|O_NONBLOCK|O_CLOEXEC|O_DIRECTORY) = 4
[pid 185525] 14:15:47.274693 openat(AT_FDCWD, "/home/dikluwe/.local/share/fonts/Monoid/MonoidNerdFontMono-Italic.ttf", O_RDONLY|O_CLOEXEC) = 5
[pid 185525] 14:15:47.274849 openat(AT_FDCWD, "/home/dikluwe/.local/share/fonts/Monoid/MonoidNerdFontPropo-Italic.ttf", O_RDONLY|O_CLOEXEC) = 5
[pid 185525] 14:15:47.275014 openat(AT_FDCWD, "/home/dikluwe/.local/share/fonts/Monoid/MonoidNerdFont-Italic.ttf", O_RDONLY|O_CLOEXEC) = 5
[pid 185525] 14:15:47.275173 openat(AT_FDCWD, "/home/dikluwe/.local/share/fonts/Monoid/MonoidNerdFontMono-Regular.ttf", O_RDONLY|O_CLOEXEC) = 5
[pid 185525] 14:15:47.275358 openat(AT_FDCWD, "/home/dikluwe/.local/share/fonts/Monoid/MonoidNerdFontPropo-Regular.ttf", O_RDONLY|O_CLOEXEC) = 5
[pid 185525] 14:15:47.275574 openat(AT_FDCWD, "/home/dikluwe/.local/share/fonts/Monoid/MonoidNerdFont-Regular.ttf", O_RDONLY|O_CLOEXEC) = 5
[pid 185525] 14:15:47.275769 openat(AT_FDCWD, "/home/dikluwe/.local/share/fonts/Monoid/MonoidNerdFont-Retina.ttf", O_RDONLY|O_CLOEXEC) = 5
[pid 185525] 14:15:47.275938 openat(AT_FDCWD, "/home/dikluwe/.local/share/fonts/Monoid/MonoidNerdFontMono-Retina.ttf", O_RDONLY|O_CLOEXEC) = 5
[pid 185525] 14:15:47.276104 openat(AT_FDCWD, "/home/dikluwe/.local/share/fonts/Monoid/MonoidNerdFontPropo-Retina.ttf", O_RDONLY|O_CLOEXEC) = 5
[pid 185525] 14:15:47.276266 openat(AT_FDCWD, "/home/dikluwe/.local/share/fonts/Monoid/MonoidNerdFontMono-Bold.ttf", O_RDONLY|O_CLOEXEC) = 5
[pid 185525] 14:15:47.276427 openat(AT_FDCWD, "/home/dikluwe/.local/share/fonts/Monoid/MonoidNerdFont-Bold.ttf", O_RDONLY|O_CLOEXEC) = 5
[pid 185525] 14:15:47.276589 openat(AT_FDCWD, "/home/dikluwe/.local/share/fonts/Monoid/MonoidNerdFontPropo-Bold.ttf", O_RDONLY|O_CLOEXEC) = 5
[pid 185525] 14:15:47.276799 openat(AT_FDCWD, "/home/dikluwe/.local/share/fonts/VictorMono", O_RDONLY|O_NONBLOCK|O_CLOEXEC|O_DIRECTORY) = 4
[pid 185525] 14:15:47.277025 openat(AT_FDCWD, "/home/dikluwe/.local/share/fonts/VictorMono/VictorMonoNerdFontPropo-LightItalic.ttf", O_RDONLY|O_CLOEXEC) = 5
[pid 185525] 14:15:47.277187 openat(AT_FDCWD, "/home/dikluwe/.local/share/fonts/VictorMono/VictorMonoNerdFontMono-LightItalic.ttf", O_RDONLY|O_CLOEXEC) = 5
[pid 185525] 14:15:47.277345 openat(AT_FDCWD, "/home/dikluwe/.local/share/fonts/VictorMono/VictorMonoNerdFont-LightItalic.ttf", O_RDONLY|O_CLOEXEC) = 5
[pid 185525] 14:15:47.277503 openat(AT_FDCWD, "/home/dikluwe/.local/share/fonts/VictorMono/VictorMonoNerdFontMono-SemiBoldOblique.ttf", O_RDONLY|O_CLOEXEC) = 5
[pid 185525] 14:15:47.277660 openat(AT_FDCWD, "/home/dikluwe/.local/share/fonts/VictorMono/VictorMonoNerdFontPropo-SemiBoldOblique.ttf", O_RDONLY|O_CLOEXEC) = 5
[pid 185525] 14:15:47.277819 openat(AT_FDCWD, "/home/dikluwe/.local/share/fonts/VictorMono/VictorMonoNerdFont-SemiBoldOblique.ttf", O_RDONLY|O_CLOEXEC) = 5
[pid 185525] 14:15:47.277981 openat(AT_FDCWD, "/home/dikluwe/.local/share/fonts/VictorMono/VictorMonoNerdFontPropo-ExtraLightItalic.ttf", O_RDONLY|O_CLOEXEC) = 5
[pid 185525] 14:15:47.278141 openat(AT_FDCWD, "/home/dikluwe/.local/share/fonts/VictorMono/VictorMonoNerdFontMono-ExtraLightItalic.ttf", O_RDONLY|O_CLOEXEC) = 5
[pid 185525] 14:15:47.278298 openat(AT_FDCWD, "/home/dikluwe/.local/share/fonts/VictorMono/VictorMonoNerdFont-ExtraLightItalic.ttf", O_RDONLY|O_CLOEXEC) = 5
[pid 185525] 14:15:47.278456 openat(AT_FDCWD, "/home/dikluwe/.local/share/fonts/VictorMono/VictorMonoNerdFontMono-MediumItalic.ttf", O_RDONLY|O_CLOEXEC) = 5
[pid 185525] 14:15:47.278612 openat(AT_FDCWD, "/home/dikluwe/.local/share/fonts/VictorMono/VictorMonoNerdFontPropo-MediumItalic.ttf", O_RDONLY|O_CLOEXEC) = 5
[pid 185525] 14:15:47.278768 openat(AT_FDCWD, "/home/dikluwe/.local/share/fonts/VictorMono/VictorMonoNerdFont-MediumItalic.ttf", O_RDONLY|O_CLOEXEC) = 5
[pid 185525] 14:15:47.278932 openat(AT_FDCWD, "/home/dikluwe/.local/share/fonts/VictorMono/VictorMonoNerdFont-Italic.ttf", O_RDONLY|O_CLOEXEC) = 5
[pid 185525] 14:15:47.279091 openat(AT_FDCWD, "/home/dikluwe/.local/share/fonts/VictorMono/VictorMonoNerdFontPropo-Italic.ttf", O_RDONLY|O_CLOEXEC) = 5
[pid 185525] 14:15:47.279249 openat(AT_FDCWD, "/home/dikluwe/.local/share/fonts/VictorMono/VictorMonoNerdFontMono-Italic.ttf", O_RDONLY|O_CLOEXEC) = 5
[pid 185525] 14:15:47.279404 openat(AT_FDCWD, "/home/dikluwe/.local/share/fonts/VictorMono/VictorMonoNerdFont-MediumOblique.ttf", O_RDONLY|O_CLOEXEC) = 5
[pid 185525] 14:15:47.279562 openat(AT_FDCWD, "/home/dikluwe/.local/share/fonts/VictorMono/VictorMonoNerdFontMono-MediumOblique.ttf", O_RDONLY|O_CLOEXEC) = 5
[pid 185525] 14:15:47.279720 openat(AT_FDCWD, "/home/dikluwe/.local/share/fonts/VictorMono/VictorMonoNerdFontPropo-MediumOblique.ttf", O_RDONLY|O_CLOEXEC) = 5
[pid 185525] 14:15:47.279878 openat(AT_FDCWD, "/home/dikluwe/.local/share/fonts/VictorMono/VictorMonoNerdFontMono-ThinItalic.ttf", O_RDONLY|O_CLOEXEC) = 5
[pid 185525] 14:15:47.280041 openat(AT_FDCWD, "/home/dikluwe/.local/share/fonts/VictorMono/VictorMonoNerdFontPropo-ThinItalic.ttf", O_RDONLY|O_CLOEXEC) = 5
[pid 185525] 14:15:47.280197 openat(AT_FDCWD, "/home/dikluwe/.local/share/fonts/VictorMono/VictorMonoNerdFont-ThinItalic.ttf", O_RDONLY|O_CLOEXEC) = 5
[pid 185525] 14:15:47.280353 openat(AT_FDCWD, "/home/dikluwe/.local/share/fonts/VictorMono/VictorMonoNerdFont-BoldItalic.ttf", O_RDONLY|O_CLOEXEC) = 5
[pid 185525] 14:15:47.280516 openat(AT_FDCWD, "/home/dikluwe/.local/share/fonts/VictorMono/VictorMonoNerdFontMono-BoldItalic.ttf", O_RDONLY|O_CLOEXEC) = 5
[pid 185525] 14:15:47.280672 openat(AT_FDCWD, "/home/dikluwe/.local/share/fonts/VictorMono/VictorMonoNerdFontPropo-BoldItalic.ttf", O_RDONLY|O_CLOEXEC) = 5
[pid 185525] 14:15:47.280831 openat(AT_FDCWD, "/home/dikluwe/.local/share/fonts/VictorMono/VictorMonoNerdFontMono-BoldOblique.ttf", O_RDONLY|O_CLOEXEC) = 5
[pid 185525] 14:15:47.280994 openat(AT_FDCWD, "/home/dikluwe/.local/share/fonts/VictorMono/VictorMonoNerdFontPropo-BoldOblique.ttf", O_RDONLY|O_CLOEXEC) = 5
[pid 185525] 14:15:47.281167 openat(AT_FDCWD, "/home/dikluwe/.local/share/fonts/VictorMono/VictorMonoNerdFont-BoldOblique.ttf", O_RDONLY|O_CLOEXEC) = 5
[pid 185525] 14:15:47.281325 openat(AT_FDCWD, "/home/dikluwe/.local/share/fonts/VictorMono/VictorMonoNerdFontMono-ExtraLightOblique.ttf", O_RDONLY|O_CLOEXEC) = 5
[pid 185525] 14:15:47.281481 openat(AT_FDCWD, "/home/dikluwe/.local/share/fonts/VictorMono/VictorMonoNerdFontPropo-ExtraLightOblique.ttf", O_RDONLY|O_CLOEXEC) = 5
[pid 185525] 14:15:47.281656 openat(AT_FDCWD, "/home/dikluwe/.local/share/fonts/VictorMono/VictorMonoNerdFont-ExtraLightOblique.ttf", O_RDONLY|O_CLOEXEC) = 5
[pid 185525] 14:15:47.281812 openat(AT_FDCWD, "/home/dikluwe/.local/share/fonts/VictorMono/VictorMonoNerdFontMono-Regular.ttf", O_RDONLY|O_CLOEXEC) = 5
[pid 185525] 14:15:47.282063 openat(AT_FDCWD, "/home/dikluwe/.local/share/fonts/VictorMono/VictorMonoNerdFont-Regular.ttf", O_RDONLY|O_CLOEXEC) = 5
[pid 185525] 14:15:47.282234 openat(AT_FDCWD, "/home/dikluwe/.local/share/fonts/VictorMono/VictorMonoNerdFontPropo-Regular.ttf", O_RDONLY|O_CLOEXEC) = 5
[pid 185525] 14:15:47.282404 openat(AT_FDCWD, "/home/dikluwe/.local/share/fonts/VictorMono/VictorMonoNerdFont-ThinOblique.ttf", O_RDONLY|O_CLOEXEC) = 5
[pid 185525] 14:15:47.282565 openat(AT_FDCWD, "/home/dikluwe/.local/share/fonts/VictorMono/VictorMonoNerdFontMono-ThinOblique.ttf", O_RDONLY|O_CLOEXEC) = 5
[pid 185525] 14:15:47.282725 openat(AT_FDCWD, "/home/dikluwe/.local/share/fonts/VictorMono/VictorMonoNerdFontPropo-ThinOblique.ttf", O_RDONLY|O_CLOEXEC) = 5
[pid 185525] 14:15:47.282883 openat(AT_FDCWD, "/home/dikluwe/.local/share/fonts/VictorMono/VictorMonoNerdFontMono-SemiBoldItalic.ttf", O_RDONLY|O_CLOEXEC) = 5
[pid 185525] 14:15:47.283051 openat(AT_FDCWD, "/home/dikluwe/.local/share/fonts/VictorMono/VictorMonoNerdFontPropo-SemiBoldItalic.ttf", O_RDONLY|O_CLOEXEC) = 5
[pid 185525] 14:15:47.283221 openat(AT_FDCWD, "/home/dikluwe/.local/share/fonts/VictorMono/VictorMonoNerdFont-SemiBoldItalic.ttf", O_RDONLY|O_CLOEXEC) = 5
[pid 185525] 14:15:47.283382 openat(AT_FDCWD, "/home/dikluwe/.local/share/fonts/VictorMono/VictorMonoNerdFontMono-Oblique.ttf", O_RDONLY|O_CLOEXEC) = 5
[pid 185525] 14:15:47.283542 openat(AT_FDCWD, "/home/dikluwe/.local/share/fonts/VictorMono/VictorMonoNerdFontPropo-Oblique.ttf", O_RDONLY|O_CLOEXEC) = 5
[pid 185525] 14:15:47.283701 openat(AT_FDCWD, "/home/dikluwe/.local/share/fonts/VictorMono/VictorMonoNerdFont-Oblique.ttf", O_RDONLY|O_CLOEXEC) = 5
[pid 185525] 14:15:47.283862 openat(AT_FDCWD, "/home/dikluwe/.local/share/fonts/VictorMono/VictorMonoNerdFontMono-Thin.ttf", O_RDONLY|O_CLOEXEC) = 5
[pid 185525] 14:15:47.284052 openat(AT_FDCWD, "/home/dikluwe/.local/share/fonts/VictorMono/VictorMonoNerdFont-Thin.ttf", O_RDONLY|O_CLOEXEC) = 5
[pid 185525] 14:15:47.284224 openat(AT_FDCWD, "/home/dikluwe/.local/share/fonts/VictorMono/VictorMonoNerdFontPropo-Thin.ttf", O_RDONLY|O_CLOEXEC) = 5
[pid 185525] 14:15:47.284425 openat(AT_FDCWD, "/home/dikluwe/.local/share/fonts/VictorMono/VictorMonoNerdFontPropo-ExtraLight.ttf", O_RDONLY|O_CLOEXEC) = 5
[pid 185525] 14:15:47.284620 openat(AT_FDCWD, "/home/dikluwe/.local/share/fonts/VictorMono/VictorMonoNerdFontMono-ExtraLight.ttf", O_RDONLY|O_CLOEXEC) = 5
[pid 185525] 14:15:47.284815 openat(AT_FDCWD, "/home/dikluwe/.local/share/fonts/VictorMono/VictorMonoNerdFont-ExtraLight.ttf", O_RDONLY|O_CLOEXEC) = 5
[pid 185525] 14:15:47.284998 openat(AT_FDCWD, "/home/dikluwe/.local/share/fonts/VictorMono/VictorMonoNerdFontMono-LightOblique.ttf", O_RDONLY|O_CLOEXEC) = 5
[pid 185525] 14:15:47.285178 openat(AT_FDCWD, "/home/dikluwe/.local/share/fonts/VictorMono/VictorMonoNerdFontPropo-LightOblique.ttf", O_RDONLY|O_CLOEXEC) = 5
[pid 185525] 14:15:47.285358 openat(AT_FDCWD, "/home/dikluwe/.local/share/fonts/VictorMono/VictorMonoNerdFont-LightOblique.ttf", O_RDONLY|O_CLOEXEC) = 5
[pid 185525] 14:15:47.285519 openat(AT_FDCWD, "/home/dikluwe/.local/share/fonts/VictorMono/VictorMonoNerdFont-Medium.ttf", O_RDONLY|O_CLOEXEC) = 5
[pid 185525] 14:15:47.285695 openat(AT_FDCWD, "/home/dikluwe/.local/share/fonts/VictorMono/VictorMonoNerdFontMono-Medium.ttf", O_RDONLY|O_CLOEXEC) = 5
[pid 185525] 14:15:47.285878 openat(AT_FDCWD, "/home/dikluwe/.local/share/fonts/VictorMono/VictorMonoNerdFontPropo-Medium.ttf", O_RDONLY|O_CLOEXEC) = 5
[pid 185525] 14:15:47.286051 openat(AT_FDCWD, "/home/dikluwe/.local/share/fonts/VictorMono/VictorMonoNerdFontMono-Bold.ttf", O_RDONLY|O_CLOEXEC) = 5
[pid 185525] 14:15:47.286210 openat(AT_FDCWD, "/home/dikluwe/.local/share/fonts/VictorMono/VictorMonoNerdFontPropo-Bold.ttf", O_RDONLY|O_CLOEXEC) = 5
[pid 185525] 14:15:47.286371 openat(AT_FDCWD, "/home/dikluwe/.local/share/fonts/VictorMono/VictorMonoNerdFont-Bold.ttf", O_RDONLY|O_CLOEXEC) = 5
[pid 185525] 14:15:47.286530 openat(AT_FDCWD, "/home/dikluwe/.local/share/fonts/VictorMono/VictorMonoNerdFontPropo-Light.ttf", O_RDONLY|O_CLOEXEC) = 5
[pid 185525] 14:15:47.286717 openat(AT_FDCWD, "/home/dikluwe/.local/share/fonts/VictorMono/VictorMonoNerdFont-Light.ttf", O_RDONLY|O_CLOEXEC) = 5
[pid 185525] 14:15:47.286896 openat(AT_FDCWD, "/home/dikluwe/.local/share/fonts/VictorMono/VictorMonoNerdFontMono-Light.ttf", O_RDONLY|O_CLOEXEC) = 5
[pid 185525] 14:15:47.287072 openat(AT_FDCWD, "/home/dikluwe/.local/share/fonts/VictorMono/VictorMonoNerdFontMono-SemiBold.ttf", O_RDONLY|O_CLOEXEC) = 5
[pid 185525] 14:15:47.287245 openat(AT_FDCWD, "/home/dikluwe/.local/share/fonts/VictorMono/VictorMonoNerdFontPropo-SemiBold.ttf", O_RDONLY|O_CLOEXEC) = 5
[pid 185525] 14:15:47.287411 openat(AT_FDCWD, "/home/dikluwe/.local/share/fonts/VictorMono/VictorMonoNerdFont-SemiBold.ttf", O_RDONLY|O_CLOEXEC) = 5
[pid 185525] 14:15:47.287628 openat(AT_FDCWD, "/home/dikluwe/.local/share/fonts/ZedMono", O_RDONLY|O_NONBLOCK|O_CLOEXEC|O_DIRECTORY) = 4
[pid 185525] 14:15:47.287876 openat(AT_FDCWD, "/home/dikluwe/.local/share/fonts/ZedMono/ZedMonoNerdFontMono-ExtendedBold.ttf", O_RDONLY|O_CLOEXEC) = 5
[pid 185525] 14:15:47.288100 openat(AT_FDCWD, "/home/dikluwe/.local/share/fonts/ZedMono/ZedMonoNerdFontPropo-ExtendedMedium.ttf", O_RDONLY|O_CLOEXEC) = 5
[pid 185525] 14:15:47.288308 openat(AT_FDCWD, "/home/dikluwe/.local/share/fonts/ZedMono/ZedMonoNerdFontMono-ExtendedLight.ttf", O_RDONLY|O_CLOEXEC) = 5
[pid 185525] 14:15:47.288507 openat(AT_FDCWD, "/home/dikluwe/.local/share/fonts/ZedMono/ZedMonoNerdFontMono-ExtendedMediumOblique.ttf", O_RDONLY|O_CLOEXEC) = 5
[pid 185525] 14:15:47.288692 openat(AT_FDCWD, "/home/dikluwe/.local/share/fonts/ZedMono/ZedMonoNerdFontPropo-ExtendedItalic.ttf", O_RDONLY|O_CLOEXEC) = 5
[pid 185525] 14:15:47.288857 openat(AT_FDCWD, "/home/dikluwe/.local/share/fonts/ZedMono/ZedMonoNerdFontPropo-ExtendedBold.ttf", O_RDONLY|O_CLOEXEC) = 5
[pid 185525] 14:15:47.289041 openat(AT_FDCWD, "/home/dikluwe/.local/share/fonts/ZedMono/ZedMonoNerdFontPropo-Extended.ttf", O_RDONLY|O_CLOEXEC) = 5
[pid 185525] 14:15:47.289242 openat(AT_FDCWD, "/home/dikluwe/.local/share/fonts/ZedMono/ZedMonoNerdFontMono-ExtendedExtraBoldOblique.ttf", O_RDONLY|O_CLOEXEC) = 5
[pid 185525] 14:15:47.289431 openat(AT_FDCWD, "/home/dikluwe/.local/share/fonts/ZedMono/ZedMonoNerdFontPropo-ExtendedExtraBoldOblique.ttf", O_RDONLY|O_CLOEXEC) = 5
[pid 185525] 14:15:47.289606 openat(AT_FDCWD, "/home/dikluwe/.local/share/fonts/ZedMono/ZedMonoNerdFont-ExtendedExtraBold.ttf", O_RDONLY|O_CLOEXEC) = 5
[pid 185525] 14:15:47.289803 openat(AT_FDCWD, "/home/dikluwe/.local/share/fonts/ZedMono/ZedMonoNerdFontPropo-ExtendedExtraBoldItalic.ttf", O_RDONLY|O_CLOEXEC) = 5
[pid 185525] 14:15:47.290050 openat(AT_FDCWD, "/home/dikluwe/.local/share/fonts/ZedMono/ZedMonoNerdFontMono-ExtendedExtraBold.ttf", O_RDONLY|O_CLOEXEC) = 5
[pid 185525] 14:15:47.290238 openat(AT_FDCWD, "/home/dikluwe/.local/share/fonts/ZedMono/ZedMonoNerdFont-ExtendedMediumItalic.ttf", O_RDONLY|O_CLOEXEC) = 5
[pid 185525] 14:15:47.290416 openat(AT_FDCWD, "/home/dikluwe/.local/share/fonts/ZedMono/ZedMonoNerdFontMono-ExtendedBoldOblique.ttf", O_RDONLY|O_CLOEXEC) = 5
[pid 185525] 14:15:47.290601 openat(AT_FDCWD, "/home/dikluwe/.local/share/fonts/ZedMono/ZedMonoNerdFontMono-ExtendedMedium.ttf", O_RDONLY|O_CLOEXEC) = 5
[pid 185525] 14:15:47.290804 openat(AT_FDCWD, "/home/dikluwe/.local/share/fonts/ZedMono/ZedMonoNerdFontPropo-ExtendedMediumOblique.ttf", O_RDONLY|O_CLOEXEC) = 5
[pid 185525] 14:15:47.291008 openat(AT_FDCWD, "/home/dikluwe/.local/share/fonts/ZedMono/ZedMonoNerdFont-Extended.ttf", O_RDONLY|O_CLOEXEC) = 5
[pid 185525] 14:15:47.291190 openat(AT_FDCWD, "/home/dikluwe/.local/share/fonts/ZedMono/ZedMonoNerdFontPropo-ExtendedBoldItalic.ttf", O_RDONLY|O_CLOEXEC) = 5
[pid 185525] 14:15:47.291368 openat(AT_FDCWD, "/home/dikluwe/.local/share/fonts/ZedMono/ZedMonoNerdFont-ExtendedOblique.ttf", O_RDONLY|O_CLOEXEC) = 5
[pid 185525] 14:15:47.291543 openat(AT_FDCWD, "/home/dikluwe/.local/share/fonts/ZedMono/ZedMonoNerdFont-ExtendedMedium.ttf", O_RDONLY|O_CLOEXEC) = 5
[pid 185525] 14:15:47.291717 openat(AT_FDCWD, "/home/dikluwe/.local/share/fonts/ZedMono/ZedMonoNerdFontPropo-ExtendedBoldOblique.ttf", O_RDONLY|O_CLOEXEC) = 5
[pid 185525] 14:15:47.291881 openat(AT_FDCWD, "/home/dikluwe/.local/share/fonts/ZedMono/ZedMonoNerdFontMono-ExtendedOblique.ttf", O_RDONLY|O_CLOEXEC) = 5
[pid 185525] 14:15:47.292050 openat(AT_FDCWD, "/home/dikluwe/.local/share/fonts/ZedMono/ZedMonoNerdFontPropo-ExtendedLightItalic.ttf", O_RDONLY|O_CLOEXEC) = 5
[pid 185525] 14:15:47.292213 openat(AT_FDCWD, "/home/dikluwe/.local/share/fonts/ZedMono/ZedMonoNerdFontPropo-ExtendedMediumItalic.ttf", O_RDONLY|O_CLOEXEC) = 5
[pid 185525] 14:15:47.292375 openat(AT_FDCWD, "/home/dikluwe/.local/share/fonts/ZedMono/ZedMonoNerdFontMono-ExtendedBoldItalic.ttf", O_RDONLY|O_CLOEXEC) = 5
[pid 185525] 14:15:47.292538 openat(AT_FDCWD, "/home/dikluwe/.local/share/fonts/ZedMono/ZedMonoNerdFont-ExtendedBold.ttf", O_RDONLY|O_CLOEXEC) = 5
[pid 185525] 14:15:47.292701 openat(AT_FDCWD, "/home/dikluwe/.local/share/fonts/ZedMono/ZedMonoNerdFontMono-ExtendedMediumItalic.ttf", O_RDONLY|O_CLOEXEC) = 5
[pid 185525] 14:15:47.292863 openat(AT_FDCWD, "/home/dikluwe/.local/share/fonts/ZedMono/ZedMonoNerdFontPropo-ExtendedExtraBold.ttf", O_RDONLY|O_CLOEXEC) = 5
[pid 185525] 14:15:47.293030 openat(AT_FDCWD, "/home/dikluwe/.local/share/fonts/ZedMono/ZedMonoNerdFontMono-Extended.ttf", O_RDONLY|O_CLOEXEC) = 5
[pid 185525] 14:15:47.293193 openat(AT_FDCWD, "/home/dikluwe/.local/share/fonts/ZedMono/ZedMonoNerdFont-ExtendedExtraBoldOblique.ttf", O_RDONLY|O_CLOEXEC) = 5
[pid 185525] 14:15:47.293358 openat(AT_FDCWD, "/home/dikluwe/.local/share/fonts/ZedMono/ZedMonoNerdFont-ExtendedMediumOblique.ttf", O_RDONLY|O_CLOEXEC) = 5
[pid 185525] 14:15:47.293543 openat(AT_FDCWD, "/home/dikluwe/.local/share/fonts/ZedMono/ZedMonoNerdFont-ExtendedItalic.ttf", O_RDONLY|O_CLOEXEC) = 5
[pid 185525] 14:15:47.293709 openat(AT_FDCWD, "/home/dikluwe/.local/share/fonts/ZedMono/ZedMonoNerdFontMono-ExtendedLightOblique.ttf", O_RDONLY|O_CLOEXEC) = 5
[pid 185525] 14:15:47.293869 openat(AT_FDCWD, "/home/dikluwe/.local/share/fonts/ZedMono/ZedMonoNerdFontMono-ExtendedItalic.ttf", O_RDONLY|O_CLOEXEC) = 5
[pid 185525] 14:15:47.294034 openat(AT_FDCWD, "/home/dikluwe/.local/share/fonts/ZedMono/ZedMonoNerdFontPropo-ExtendedLight.ttf", O_RDONLY|O_CLOEXEC) = 5
[pid 185525] 14:15:47.294191 openat(AT_FDCWD, "/home/dikluwe/.local/share/fonts/ZedMono/ZedMonoNerdFont-ExtendedBoldItalic.ttf", O_RDONLY|O_CLOEXEC) = 5
[pid 185525] 14:15:47.294349 openat(AT_FDCWD, "/home/dikluwe/.local/share/fonts/ZedMono/ZedMonoNerdFont-ExtendedExtraBoldItalic.ttf", O_RDONLY|O_CLOEXEC) = 5
[pid 185525] 14:15:47.294505 openat(AT_FDCWD, "/home/dikluwe/.local/share/fonts/ZedMono/ZedMonoNerdFont-ExtendedLightItalic.ttf", O_RDONLY|O_CLOEXEC) = 5
[pid 185525] 14:15:47.294661 openat(AT_FDCWD, "/home/dikluwe/.local/share/fonts/ZedMono/ZedMonoNerdFontMono-ExtendedExtraBoldItalic.ttf", O_RDONLY|O_CLOEXEC) = 5
[pid 185525] 14:15:47.294823 openat(AT_FDCWD, "/home/dikluwe/.local/share/fonts/ZedMono/ZedMonoNerdFontMono-ExtendedLightItalic.ttf", O_RDONLY|O_CLOEXEC) = 5
[pid 185525] 14:15:47.295016 openat(AT_FDCWD, "/home/dikluwe/.local/share/fonts/ZedMono/ZedMonoNerdFont-ExtendedLightOblique.ttf", O_RDONLY|O_CLOEXEC) = 5
[pid 185525] 14:15:47.295181 openat(AT_FDCWD, "/home/dikluwe/.local/share/fonts/ZedMono/ZedMonoNerdFontPropo-ExtendedLightOblique.ttf", O_RDONLY|O_CLOEXEC) = 5
[pid 185525] 14:15:47.295358 openat(AT_FDCWD, "/home/dikluwe/.local/share/fonts/ZedMono/ZedMonoNerdFont-ExtendedLight.ttf", O_RDONLY|O_CLOEXEC) = 5
[pid 185525] 14:15:47.295517 openat(AT_FDCWD, "/home/dikluwe/.local/share/fonts/ZedMono/ZedMonoNerdFont-ExtendedBoldOblique.ttf", O_RDONLY|O_CLOEXEC) = 5
[pid 185525] 14:15:47.295675 openat(AT_FDCWD, "/home/dikluwe/.local/share/fonts/ZedMono/ZedMonoNerdFontPropo-ExtendedOblique.ttf", O_RDONLY|O_CLOEXEC) = 5
[pid 185525] 14:15:47.295832 openat(AT_FDCWD, "/home/dikluwe/.local/share/fonts/ZedMono/ZedMonoNerdFontMono-Italic.ttf", O_RDONLY|O_CLOEXEC) = 5
[pid 185525] 14:15:47.295995 openat(AT_FDCWD, "/home/dikluwe/.local/share/fonts/ZedMono/ZedMonoNerdFontPropo-Oblique.ttf", O_RDONLY|O_CLOEXEC) = 5
[pid 185525] 14:15:47.296151 openat(AT_FDCWD, "/home/dikluwe/.local/share/fonts/ZedMono/ZedMonoNerdFont-BoldOblique.ttf", O_RDONLY|O_CLOEXEC) = 5
[pid 185525] 14:15:47.296309 openat(AT_FDCWD, "/home/dikluwe/.local/share/fonts/ZedMono/ZedMonoNerdFontPropo-Regular.ttf", O_RDONLY|O_CLOEXEC) = 5
[pid 185525] 14:15:47.296465 openat(AT_FDCWD, "/home/dikluwe/.local/share/fonts/ZedMono/ZedMonoNerdFontMono-Bold.ttf", O_RDONLY|O_CLOEXEC) = 5
[pid 185525] 14:15:47.296622 openat(AT_FDCWD, "/home/dikluwe/.local/share/fonts/ZedMono/ZedMonoNerdFont-BoldItalic.ttf", O_RDONLY|O_CLOEXEC) = 5
[pid 185525] 14:15:47.296778 openat(AT_FDCWD, "/home/dikluwe/.local/share/fonts/ZedMono/ZedMonoNerdFont-Regular.ttf", O_RDONLY|O_CLOEXEC) = 5
[pid 185525] 14:15:47.296943 openat(AT_FDCWD, "/home/dikluwe/.local/share/fonts/ZedMono/ZedMonoNerdFontMono-Light.ttf", O_RDONLY|O_CLOEXEC) = 5
[pid 185525] 14:15:47.297102 openat(AT_FDCWD, "/home/dikluwe/.local/share/fonts/ZedMono/ZedMonoNerdFont-LightOblique.ttf", O_RDONLY|O_CLOEXEC) = 5
[pid 185525] 14:15:47.297259 openat(AT_FDCWD, "/home/dikluwe/.local/share/fonts/ZedMono/ZedMonoNerdFont-ExtraBold.ttf", O_RDONLY|O_CLOEXEC) = 5
[pid 185525] 14:15:47.297415 openat(AT_FDCWD, "/home/dikluwe/.local/share/fonts/ZedMono/ZedMonoNerdFontMono-BoldItalic.ttf", O_RDONLY|O_CLOEXEC) = 5
[pid 185525] 14:15:47.297572 openat(AT_FDCWD, "/home/dikluwe/.local/share/fonts/ZedMono/ZedMonoNerdFontPropo-LightItalic.ttf", O_RDONLY|O_CLOEXEC) = 5
[pid 185525] 14:15:47.297731 openat(AT_FDCWD, "/home/dikluwe/.local/share/fonts/ZedMono/ZedMonoNerdFont-Medium.ttf", O_RDONLY|O_CLOEXEC) = 5
[pid 185525] 14:15:47.297887 openat(AT_FDCWD, "/home/dikluwe/.local/share/fonts/ZedMono/ZedMonoNerdFontPropo-ExtraBold.ttf", O_RDONLY|O_CLOEXEC) = 5
[pid 185525] 14:15:47.298049 openat(AT_FDCWD, "/home/dikluwe/.local/share/fonts/ZedMono/ZedMonoNerdFont-Oblique.ttf", O_RDONLY|O_CLOEXEC) = 5
[pid 185525] 14:15:47.298204 openat(AT_FDCWD, "/home/dikluwe/.local/share/fonts/ZedMono/ZedMonoNerdFontPropo-ExtraBoldItalic.ttf", O_RDONLY|O_CLOEXEC) = 5
[pid 185525] 14:15:47.298367 openat(AT_FDCWD, "/home/dikluwe/.local/share/fonts/ZedMono/ZedMonoNerdFontMono-ExtraBoldItalic.ttf", O_RDONLY|O_CLOEXEC) = 5
[pid 185525] 14:15:47.298521 openat(AT_FDCWD, "/home/dikluwe/.local/share/fonts/ZedMono/ZedMonoNerdFont-Italic.ttf", O_RDONLY|O_CLOEXEC) = 5
[pid 185525] 14:15:47.298679 openat(AT_FDCWD, "/home/dikluwe/.local/share/fonts/ZedMono/ZedMonoNerdFontPropo-Italic.ttf", O_RDONLY|O_CLOEXEC) = 5
[pid 185525] 14:15:47.298835 openat(AT_FDCWD, "/home/dikluwe/.local/share/fonts/ZedMono/ZedMonoNerdFontMono-LightOblique.ttf", O_RDONLY|O_CLOEXEC) = 5
[pid 185525] 14:15:47.299014 openat(AT_FDCWD, "/home/dikluwe/.local/share/fonts/ZedMono/ZedMonoNerdFont-ExtraBoldItalic.ttf", O_RDONLY|O_CLOEXEC) = 5
[pid 185525] 14:15:47.299191 openat(AT_FDCWD, "/home/dikluwe/.local/share/fonts/ZedMono/ZedMonoNerdFontMono-MediumItalic.ttf", O_RDONLY|O_CLOEXEC) = 5
[pid 185525] 14:15:47.299352 openat(AT_FDCWD, "/home/dikluwe/.local/share/fonts/ZedMono/ZedMonoNerdFontPropo-Light.ttf", O_RDONLY|O_CLOEXEC) = 5
[pid 185525] 14:15:47.299509 openat(AT_FDCWD, "/home/dikluwe/.local/share/fonts/ZedMono/ZedMonoNerdFont-LightItalic.ttf", O_RDONLY|O_CLOEXEC) = 5
[pid 185525] 14:15:47.299666 openat(AT_FDCWD, "/home/dikluwe/.local/share/fonts/ZedMono/ZedMonoNerdFontPropo-BoldOblique.ttf", O_RDONLY|O_CLOEXEC) = 5
[pid 185525] 14:15:47.299840 openat(AT_FDCWD, "/home/dikluwe/.local/share/fonts/ZedMono/ZedMonoNerdFont-MediumOblique.ttf", O_RDONLY|O_CLOEXEC) = 5
[pid 185525] 14:15:47.300009 openat(AT_FDCWD, "/home/dikluwe/.local/share/fonts/ZedMono/ZedMonoNerdFontPropo-Bold.ttf", O_RDONLY|O_CLOEXEC) = 5
[pid 185525] 14:15:47.300169 openat(AT_FDCWD, "/home/dikluwe/.local/share/fonts/ZedMono/ZedMonoNerdFontMono-Regular.ttf", O_RDONLY|O_CLOEXEC) = 5
[pid 185525] 14:15:47.300325 openat(AT_FDCWD, "/home/dikluwe/.local/share/fonts/ZedMono/ZedMonoNerdFont-ExtraBoldOblique.ttf", O_RDONLY|O_CLOEXEC) = 5
[pid 185525] 14:15:47.300482 openat(AT_FDCWD, "/home/dikluwe/.local/share/fonts/ZedMono/ZedMonoNerdFontMono-ExtraBoldOblique.ttf", O_RDONLY|O_CLOEXEC) = 5
[pid 185525] 14:15:47.300640 openat(AT_FDCWD, "/home/dikluwe/.local/share/fonts/ZedMono/ZedMonoNerdFont-Bold.ttf", O_RDONLY|O_CLOEXEC) = 5
[pid 185525] 14:15:47.300798 openat(AT_FDCWD, "/home/dikluwe/.local/share/fonts/ZedMono/ZedMonoNerdFontPropo-BoldItalic.ttf", O_RDONLY|O_CLOEXEC) = 5
[pid 185525] 14:15:47.300961 openat(AT_FDCWD, "/home/dikluwe/.local/share/fonts/ZedMono/ZedMonoNerdFontPropo-Medium.ttf", O_RDONLY|O_CLOEXEC) = 5
[pid 185525] 14:15:47.301122 openat(AT_FDCWD, "/home/dikluwe/.local/share/fonts/ZedMono/ZedMonoNerdFont-Light.ttf", O_RDONLY|O_CLOEXEC) = 5
[pid 185525] 14:15:47.301278 openat(AT_FDCWD, "/home/dikluwe/.local/share/fonts/ZedMono/ZedMonoNerdFontPropo-ExtraBoldOblique.ttf", O_RDONLY|O_CLOEXEC) = 5
[pid 185525] 14:15:47.301434 openat(AT_FDCWD, "/home/dikluwe/.local/share/fonts/ZedMono/ZedMonoNerdFontPropo-MediumItalic.ttf", O_RDONLY|O_CLOEXEC) = 5
[pid 185525] 14:15:47.301590 openat(AT_FDCWD, "/home/dikluwe/.local/share/fonts/ZedMono/ZedMonoNerdFontMono-ExtraBold.ttf", O_RDONLY|O_CLOEXEC) = 5
[pid 185525] 14:15:47.301747 openat(AT_FDCWD, "/home/dikluwe/.local/share/fonts/ZedMono/ZedMonoNerdFont-MediumItalic.ttf", O_RDONLY|O_CLOEXEC) = 5
[pid 185525] 14:15:47.301906 openat(AT_FDCWD, "/home/dikluwe/.local/share/fonts/ZedMono/ZedMonoNerdFontMono-MediumOblique.ttf", O_RDONLY|O_CLOEXEC) = 5
[pid 185525] 14:15:47.302068 openat(AT_FDCWD, "/home/dikluwe/.local/share/fonts/ZedMono/ZedMonoNerdFontPropo-MediumOblique.ttf", O_RDONLY|O_CLOEXEC) = 5
[pid 185525] 14:15:47.302223 openat(AT_FDCWD, "/home/dikluwe/.local/share/fonts/ZedMono/ZedMonoNerdFontPropo-LightOblique.ttf", O_RDONLY|O_CLOEXEC) = 5
[pid 185525] 14:15:47.302379 openat(AT_FDCWD, "/home/dikluwe/.local/share/fonts/ZedMono/ZedMonoNerdFontMono-Oblique.ttf", O_RDONLY|O_CLOEXEC) = 5
[pid 185525] 14:15:47.302535 openat(AT_FDCWD, "/home/dikluwe/.local/share/fonts/ZedMono/ZedMonoNerdFontMono-Medium.ttf", O_RDONLY|O_CLOEXEC) = 5
[pid 185525] 14:15:47.302691 openat(AT_FDCWD, "/home/dikluwe/.local/share/fonts/ZedMono/ZedMonoNerdFontMono-BoldOblique.ttf", O_RDONLY|O_CLOEXEC) = 5
[pid 185525] 14:15:47.302848 openat(AT_FDCWD, "/home/dikluwe/.local/share/fonts/ZedMono/ZedMonoNerdFontMono-LightItalic.ttf", O_RDONLY|O_CLOEXEC) = 5
[pid 185525] 14:15:47.303069 openat(AT_FDCWD, "/home/dikluwe/.local/share/fonts/Tinos", O_RDONLY|O_NONBLOCK|O_CLOEXEC|O_DIRECTORY) = 4
[pid 185525] 14:15:47.303201 openat(AT_FDCWD, "/home/dikluwe/.local/share/fonts/Tinos/TinosNerdFont-Italic.ttf", O_RDONLY|O_CLOEXEC) = 5
[pid 185525] 14:15:47.303359 openat(AT_FDCWD, "/home/dikluwe/.local/share/fonts/Tinos/TinosNerdFontPropo-Italic.ttf", O_RDONLY|O_CLOEXEC) = 5
[pid 185525] 14:15:47.303518 openat(AT_FDCWD, "/home/dikluwe/.local/share/fonts/Tinos/TinosNerdFontPropo-BoldItalic.ttf", O_RDONLY|O_CLOEXEC) = 5
[pid 185525] 14:15:47.303676 openat(AT_FDCWD, "/home/dikluwe/.local/share/fonts/Tinos/TinosNerdFont-BoldItalic.ttf", O_RDONLY|O_CLOEXEC) = 5
[pid 185525] 14:15:47.303833 openat(AT_FDCWD, "/home/dikluwe/.local/share/fonts/Tinos/TinosNerdFontPropo-Regular.ttf", O_RDONLY|O_CLOEXEC) = 5
[pid 185525] 14:15:47.303996 openat(AT_FDCWD, "/home/dikluwe/.local/share/fonts/Tinos/TinosNerdFont-Regular.ttf", O_RDONLY|O_CLOEXEC) = 5
[pid 185525] 14:15:47.304156 openat(AT_FDCWD, "/home/dikluwe/.local/share/fonts/Tinos/TinosNerdFont-Bold.ttf", O_RDONLY|O_CLOEXEC) = 5
[pid 185525] 14:15:47.304332 openat(AT_FDCWD, "/home/dikluwe/.local/share/fonts/Tinos/TinosNerdFontPropo-Bold.ttf", O_RDONLY|O_CLOEXEC) = 5
[pid 185525] 14:15:47.304535 openat(AT_FDCWD, "/home/dikluwe/.local/share/fonts/Ubuntu", O_RDONLY|O_NONBLOCK|O_CLOEXEC|O_DIRECTORY) = 4
[pid 185525] 14:15:47.304668 openat(AT_FDCWD, "/home/dikluwe/.local/share/fonts/Ubuntu/UbuntuNerdFont-LightItalic.ttf", O_RDONLY|O_CLOEXEC) = 5
[pid 185525] 14:15:47.304825 openat(AT_FDCWD, "/home/dikluwe/.local/share/fonts/Ubuntu/UbuntuNerdFontPropo-LightItalic.ttf", O_RDONLY|O_CLOEXEC) = 5
[pid 185525] 14:15:47.304989 openat(AT_FDCWD, "/home/dikluwe/.local/share/fonts/Ubuntu/UbuntuNerdFontPropo-MediumItalic.ttf", O_RDONLY|O_CLOEXEC) = 5
[pid 185525] 14:15:47.305145 openat(AT_FDCWD, "/home/dikluwe/.local/share/fonts/Ubuntu/UbuntuNerdFont-MediumItalic.ttf", O_RDONLY|O_CLOEXEC) = 5
[pid 185525] 14:15:47.305296 openat(AT_FDCWD, "/home/dikluwe/.local/share/fonts/Ubuntu/UbuntuNerdFontPropo-BoldItalic.ttf", O_RDONLY|O_CLOEXEC) = 5
[pid 185525] 14:15:47.305451 openat(AT_FDCWD, "/home/dikluwe/.local/share/fonts/Ubuntu/UbuntuNerdFont-BoldItalic.ttf", O_RDONLY|O_CLOEXEC) = 5
[pid 185525] 14:15:47.305603 openat(AT_FDCWD, "/home/dikluwe/.local/share/fonts/Ubuntu/UbuntuNerdFontPropo-Italic.ttf", O_RDONLY|O_CLOEXEC) = 5
[pid 185525] 14:15:47.305758 openat(AT_FDCWD, "/home/dikluwe/.local/share/fonts/Ubuntu/UbuntuNerdFont-Italic.ttf", O_RDONLY|O_CLOEXEC) = 5
[pid 185525] 14:15:47.305915 openat(AT_FDCWD, "/home/dikluwe/.local/share/fonts/Ubuntu/UbuntuNerdFont-Regular.ttf", O_RDONLY|O_CLOEXEC) = 5
[pid 185525] 14:15:47.306069 openat(AT_FDCWD, "/home/dikluwe/.local/share/fonts/Ubuntu/UbuntuNerdFontPropo-Regular.ttf", O_RDONLY|O_CLOEXEC) = 5
[pid 185525] 14:15:47.306225 openat(AT_FDCWD, "/home/dikluwe/.local/share/fonts/Ubuntu/UbuntuNerdFontPropo-Condensed.ttf", O_RDONLY|O_CLOEXEC) = 5
[pid 185525] 14:15:47.306379 openat(AT_FDCWD, "/home/dikluwe/.local/share/fonts/Ubuntu/UbuntuNerdFont-Condensed.ttf", O_RDONLY|O_CLOEXEC) = 5
[pid 185525] 14:15:47.306534 openat(AT_FDCWD, "/home/dikluwe/.local/share/fonts/Ubuntu/UbuntuNerdFont-Medium.ttf", O_RDONLY|O_CLOEXEC) = 5
[pid 185525] 14:15:47.306685 openat(AT_FDCWD, "/home/dikluwe/.local/share/fonts/Ubuntu/UbuntuNerdFontPropo-Medium.ttf", O_RDONLY|O_CLOEXEC) = 5
[pid 185525] 14:15:47.306839 openat(AT_FDCWD, "/home/dikluwe/.local/share/fonts/Ubuntu/UbuntuNerdFontPropo-Bold.ttf", O_RDONLY|O_CLOEXEC) = 5
[pid 185525] 14:15:47.307001 openat(AT_FDCWD, "/home/dikluwe/.local/share/fonts/Ubuntu/UbuntuNerdFont-Bold.ttf", O_RDONLY|O_CLOEXEC) = 5
[pid 185525] 14:15:47.307154 openat(AT_FDCWD, "/home/dikluwe/.local/share/fonts/Ubuntu/UbuntuNerdFont-Light.ttf", O_RDONLY|O_CLOEXEC) = 5
[pid 185525] 14:15:47.307308 openat(AT_FDCWD, "/home/dikluwe/.local/share/fonts/Ubuntu/UbuntuNerdFontPropo-Light.ttf", O_RDONLY|O_CLOEXEC) = 5
[pid 185525] 14:15:47.307506 openat(AT_FDCWD, "/home/dikluwe/.local/share/fonts/DejaVuSansMono", O_RDONLY|O_NONBLOCK|O_CLOEXEC|O_DIRECTORY) = 4
[pid 185525] 14:15:47.307632 openat(AT_FDCWD, "/home/dikluwe/.local/share/fonts/DejaVuSansMono/DejaVuSansMNerdFontPropo-Oblique.ttf", O_RDONLY|O_CLOEXEC) = 5
[pid 185525] 14:15:47.307790 openat(AT_FDCWD, "/home/dikluwe/.local/share/fonts/DejaVuSansMono/DejaVuSansMNerdFont-Oblique.ttf", O_RDONLY|O_CLOEXEC) = 5
[pid 185525] 14:15:47.307973 openat(AT_FDCWD, "/home/dikluwe/.local/share/fonts/DejaVuSansMono/DejaVuSansMNerdFontMono-Oblique.ttf", O_RDONLY|O_CLOEXEC) = 5
[pid 185525] 14:15:47.308143 openat(AT_FDCWD, "/home/dikluwe/.local/share/fonts/DejaVuSansMono/DejaVuSansMNerdFontPropo-BoldOblique.ttf", O_RDONLY|O_CLOEXEC) = 5
[pid 185525] 14:15:47.308299 openat(AT_FDCWD, "/home/dikluwe/.local/share/fonts/DejaVuSansMono/DejaVuSansMNerdFontMono-BoldOblique.ttf", O_RDONLY|O_CLOEXEC) = 5
[pid 185525] 14:15:47.308455 openat(AT_FDCWD, "/home/dikluwe/.local/share/fonts/DejaVuSansMono/DejaVuSansMNerdFont-BoldOblique.ttf", O_RDONLY|O_CLOEXEC) = 5
[pid 185525] 14:15:47.308609 openat(AT_FDCWD, "/home/dikluwe/.local/share/fonts/DejaVuSansMono/DejaVuSansMNerdFontPropo-Regular.ttf", O_RDONLY|O_CLOEXEC) = 5
[pid 185525] 14:15:47.308779 openat(AT_FDCWD, "/home/dikluwe/.local/share/fonts/DejaVuSansMono/DejaVuSansMNerdFont-Regular.ttf", O_RDONLY|O_CLOEXEC) = 5
[pid 185525] 14:15:47.308944 openat(AT_FDCWD, "/home/dikluwe/.local/share/fonts/DejaVuSansMono/DejaVuSansMNerdFontMono-Regular.ttf", O_RDONLY|O_CLOEXEC) = 5
[pid 185525] 14:15:47.309108 openat(AT_FDCWD, "/home/dikluwe/.local/share/fonts/DejaVuSansMono/DejaVuSansMNerdFont-Bold.ttf", O_RDONLY|O_CLOEXEC) = 5
[pid 185525] 14:15:47.309264 openat(AT_FDCWD, "/home/dikluwe/.local/share/fonts/DejaVuSansMono/DejaVuSansMNerdFontPropo-Bold.ttf", O_RDONLY|O_CLOEXEC) = 5
[pid 185525] 14:15:47.309420 openat(AT_FDCWD, "/home/dikluwe/.local/share/fonts/DejaVuSansMono/DejaVuSansMNerdFontMono-Bold.ttf", O_RDONLY|O_CLOEXEC) = 5
[pid 185525] 14:15:47.309666 openat(AT_FDCWD, "/home/dikluwe/.fonts", O_RDONLY|O_NONBLOCK|O_CLOEXEC|O_DIRECTORY) = -1 ENOENT (Arquivo ou diretório inexistente)
[pid 185525] 14:15:47.309726 openat(AT_FDCWD, "/usr/share/texmf/fonts/opentype/public/lm", O_RDONLY|O_NONBLOCK|O_CLOEXEC|O_DIRECTORY) = 3
[pid 185525] 14:15:47.309845 openat(AT_FDCWD, "/usr/share/texmf/fonts/opentype/public/lm/lmmono10-italic.otf", O_RDONLY|O_CLOEXEC) = 4
[pid 185525] 14:15:47.310004 openat(AT_FDCWD, "/usr/share/texmf/fonts/opentype/public/lm/lmmono10-regular.otf", O_RDONLY|O_CLOEXEC) = 4
[pid 185525] 14:15:47.310151 openat(AT_FDCWD, "/usr/share/texmf/fonts/opentype/public/lm/lmmono12-regular.otf", O_RDONLY|O_CLOEXEC) = 4
[pid 185525] 14:15:47.310298 openat(AT_FDCWD, "/usr/share/texmf/fonts/opentype/public/lm/lmmono8-regular.otf", O_RDONLY|O_CLOEXEC) = 4
[pid 185525] 14:15:47.310444 openat(AT_FDCWD, "/usr/share/texmf/fonts/opentype/public/lm/lmmono9-regular.otf", O_RDONLY|O_CLOEXEC) = 4
[pid 185525] 14:15:47.310590 openat(AT_FDCWD, "/usr/share/texmf/fonts/opentype/public/lm/lmmonocaps10-oblique.otf", O_RDONLY|O_CLOEXEC) = 4
[pid 185525] 14:15:47.310736 openat(AT_FDCWD, "/usr/share/texmf/fonts/opentype/public/lm/lmmonocaps10-regular.otf", O_RDONLY|O_CLOEXEC) = 4
[pid 185525] 14:15:47.310881 openat(AT_FDCWD, "/usr/share/texmf/fonts/opentype/public/lm/lmmonolt10-bold.otf", O_RDONLY|O_CLOEXEC) = 4
[pid 185525] 14:15:47.311051 openat(AT_FDCWD, "/usr/share/texmf/fonts/opentype/public/lm/lmmonolt10-boldoblique.otf", O_RDONLY|O_CLOEXEC) = 4
[pid 185525] 14:15:47.311197 openat(AT_FDCWD, "/usr/share/texmf/fonts/opentype/public/lm/lmmonolt10-oblique.otf", O_RDONLY|O_CLOEXEC) = 4
[pid 185525] 14:15:47.311342 openat(AT_FDCWD, "/usr/share/texmf/fonts/opentype/public/lm/lmmonolt10-regular.otf", O_RDONLY|O_CLOEXEC) = 4
[pid 185525] 14:15:47.311526 openat(AT_FDCWD, "/usr/share/texmf/fonts/opentype/public/lm/lmmonoltcond10-oblique.otf", O_RDONLY|O_CLOEXEC) = 4
[pid 185525] 14:15:47.311714 openat(AT_FDCWD, "/usr/share/texmf/fonts/opentype/public/lm/lmmonoltcond10-regular.otf", O_RDONLY|O_CLOEXEC) = 4
[pid 185525] 14:15:47.311892 openat(AT_FDCWD, "/usr/share/texmf/fonts/opentype/public/lm/lmmonoprop10-oblique.otf", O_RDONLY|O_CLOEXEC) = 4
[pid 185525] 14:15:47.312074 openat(AT_FDCWD, "/usr/share/texmf/fonts/opentype/public/lm/lmmonoprop10-regular.otf", O_RDONLY|O_CLOEXEC) = 4
[pid 185525] 14:15:47.312249 openat(AT_FDCWD, "/usr/share/texmf/fonts/opentype/public/lm/lmmonoproplt10-bold.otf", O_RDONLY|O_CLOEXEC) = 4
[pid 185525] 14:15:47.312425 openat(AT_FDCWD, "/usr/share/texmf/fonts/opentype/public/lm/lmmonoproplt10-boldoblique.otf", O_RDONLY|O_CLOEXEC) = 4
[pid 185525] 14:15:47.312600 openat(AT_FDCWD, "/usr/share/texmf/fonts/opentype/public/lm/lmmonoproplt10-oblique.otf", O_RDONLY|O_CLOEXEC) = 4
[pid 185525] 14:15:47.312774 openat(AT_FDCWD, "/usr/share/texmf/fonts/opentype/public/lm/lmmonoproplt10-regular.otf", O_RDONLY|O_CLOEXEC) = 4
[pid 185525] 14:15:47.312957 openat(AT_FDCWD, "/usr/share/texmf/fonts/opentype/public/lm/lmmonoslant10-regular.otf", O_RDONLY|O_CLOEXEC) = 4
[pid 185525] 14:15:47.313132 openat(AT_FDCWD, "/usr/share/texmf/fonts/opentype/public/lm/lmroman10-bold.otf", O_RDONLY|O_CLOEXEC) = 4
[pid 185525] 14:15:47.313325 openat(AT_FDCWD, "/usr/share/texmf/fonts/opentype/public/lm/lmroman10-bolditalic.otf", O_RDONLY|O_CLOEXEC) = 4
[pid 185525] 14:15:47.313503 openat(AT_FDCWD, "/usr/share/texmf/fonts/opentype/public/lm/lmroman10-italic.otf", O_RDONLY|O_CLOEXEC) = 4
[pid 185525] 14:15:47.313779 openat(AT_FDCWD, "/usr/share/texmf/fonts/opentype/public/lm/lmroman10-regular.otf", O_RDONLY|O_CLOEXEC) = 4
[pid 185525] 14:15:47.313962 openat(AT_FDCWD, "/usr/share/texmf/fonts/opentype/public/lm/lmroman12-bold.otf", O_RDONLY|O_CLOEXEC) = 4
[pid 185525] 14:15:47.314138 openat(AT_FDCWD, "/usr/share/texmf/fonts/opentype/public/lm/lmroman12-italic.otf", O_RDONLY|O_CLOEXEC) = 4
[pid 185525] 14:15:47.314310 openat(AT_FDCWD, "/usr/share/texmf/fonts/opentype/public/lm/lmroman12-regular.otf", O_RDONLY|O_CLOEXEC) = 4
[pid 185525] 14:15:47.314483 openat(AT_FDCWD, "/usr/share/texmf/fonts/opentype/public/lm/lmroman17-regular.otf", O_RDONLY|O_CLOEXEC) = 4
[pid 185525] 14:15:47.314657 openat(AT_FDCWD, "/usr/share/texmf/fonts/opentype/public/lm/lmroman5-bold.otf", O_RDONLY|O_CLOEXEC) = 4
[pid 185525] 14:15:47.314829 openat(AT_FDCWD, "/usr/share/texmf/fonts/opentype/public/lm/lmroman5-regular.otf", O_RDONLY|O_CLOEXEC) = 4
[pid 185525] 14:15:47.315005 openat(AT_FDCWD, "/usr/share/texmf/fonts/opentype/public/lm/lmroman6-bold.otf", O_RDONLY|O_CLOEXEC) = 4
[pid 185525] 14:15:47.315174 openat(AT_FDCWD, "/usr/share/texmf/fonts/opentype/public/lm/lmroman6-regular.otf", O_RDONLY|O_CLOEXEC) = 4
[pid 185525] 14:15:47.315343 openat(AT_FDCWD, "/usr/share/texmf/fonts/opentype/public/lm/lmroman7-bold.otf", O_RDONLY|O_CLOEXEC) = 4
[pid 185525] 14:15:47.315511 openat(AT_FDCWD, "/usr/share/texmf/fonts/opentype/public/lm/lmroman7-italic.otf", O_RDONLY|O_CLOEXEC) = 4
[pid 185525] 14:15:47.315680 openat(AT_FDCWD, "/usr/share/texmf/fonts/opentype/public/lm/lmroman7-regular.otf", O_RDONLY|O_CLOEXEC) = 4
[pid 185525] 14:15:47.315849 openat(AT_FDCWD, "/usr/share/texmf/fonts/opentype/public/lm/lmroman8-bold.otf", O_RDONLY|O_CLOEXEC) = 4
[pid 185525] 14:15:47.316024 openat(AT_FDCWD, "/usr/share/texmf/fonts/opentype/public/lm/lmroman8-italic.otf", O_RDONLY|O_CLOEXEC) = 4
[pid 185525] 14:15:47.316193 openat(AT_FDCWD, "/usr/share/texmf/fonts/opentype/public/lm/lmroman8-regular.otf", O_RDONLY|O_CLOEXEC) = 4
[pid 185525] 14:15:47.316363 openat(AT_FDCWD, "/usr/share/texmf/fonts/opentype/public/lm/lmroman9-bold.otf", O_RDONLY|O_CLOEXEC) = 4
[pid 185525] 14:15:47.316533 openat(AT_FDCWD, "/usr/share/texmf/fonts/opentype/public/lm/lmroman9-italic.otf", O_RDONLY|O_CLOEXEC) = 4
[pid 185525] 14:15:47.316703 openat(AT_FDCWD, "/usr/share/texmf/fonts/opentype/public/lm/lmroman9-regular.otf", O_RDONLY|O_CLOEXEC) = 4
[pid 185525] 14:15:47.316877 openat(AT_FDCWD, "/usr/share/texmf/fonts/opentype/public/lm/lmromancaps10-oblique.otf", O_RDONLY|O_CLOEXEC) = 4
[pid 185525] 14:15:47.317060 openat(AT_FDCWD, "/usr/share/texmf/fonts/opentype/public/lm/lmromancaps10-regular.otf", O_RDONLY|O_CLOEXEC) = 4
[pid 185525] 14:15:47.317245 openat(AT_FDCWD, "/usr/share/texmf/fonts/opentype/public/lm/lmromandemi10-oblique.otf", O_RDONLY|O_CLOEXEC) = 4
[pid 185525] 14:15:47.317413 openat(AT_FDCWD, "/usr/share/texmf/fonts/opentype/public/lm/lmromandemi10-regular.otf", O_RDONLY|O_CLOEXEC) = 4
[pid 185525] 14:15:47.317580 openat(AT_FDCWD, "/usr/share/texmf/fonts/opentype/public/lm/lmromandunh10-oblique.otf", O_RDONLY|O_CLOEXEC) = 4
[pid 185525] 14:15:47.317750 openat(AT_FDCWD, "/usr/share/texmf/fonts/opentype/public/lm/lmromandunh10-regular.otf", O_RDONLY|O_CLOEXEC) = 4
[pid 185525] 14:15:47.317926 openat(AT_FDCWD, "/usr/share/texmf/fonts/opentype/public/lm/lmromanslant10-bold.otf", O_RDONLY|O_CLOEXEC) = 4
[pid 185525] 14:15:47.318100 openat(AT_FDCWD, "/usr/share/texmf/fonts/opentype/public/lm/lmromanslant10-regular.otf", O_RDONLY|O_CLOEXEC) = 4
[pid 185525] 14:15:47.318282 openat(AT_FDCWD, "/usr/share/texmf/fonts/opentype/public/lm/lmromanslant12-regular.otf", O_RDONLY|O_CLOEXEC) = 4
[pid 185525] 14:15:47.318451 openat(AT_FDCWD, "/usr/share/texmf/fonts/opentype/public/lm/lmromanslant17-regular.otf", O_RDONLY|O_CLOEXEC) = 4
[pid 185525] 14:15:47.318639 openat(AT_FDCWD, "/usr/share/texmf/fonts/opentype/public/lm/lmromanslant8-regular.otf", O_RDONLY|O_CLOEXEC) = 4
[pid 185525] 14:15:47.318811 openat(AT_FDCWD, "/usr/share/texmf/fonts/opentype/public/lm/lmromanslant9-regular.otf", O_RDONLY|O_CLOEXEC) = 4
[pid 185525] 14:15:47.319034 openat(AT_FDCWD, "/usr/share/texmf/fonts/opentype/public/lm/lmromanunsl10-regular.otf", O_RDONLY|O_CLOEXEC) = 4
[pid 185525] 14:15:47.319212 openat(AT_FDCWD, "/usr/share/texmf/fonts/opentype/public/lm/lmsans10-bold.otf", O_RDONLY|O_CLOEXEC) = 4
[pid 185525] 14:15:47.319386 openat(AT_FDCWD, "/usr/share/texmf/fonts/opentype/public/lm/lmsans10-boldoblique.otf", O_RDONLY|O_CLOEXEC) = 4
[pid 185525] 14:15:47.319560 openat(AT_FDCWD, "/usr/share/texmf/fonts/opentype/public/lm/lmsans10-oblique.otf", O_RDONLY|O_CLOEXEC) = 4
[pid 185525] 14:15:47.319737 openat(AT_FDCWD, "/usr/share/texmf/fonts/opentype/public/lm/lmsans10-regular.otf", O_RDONLY|O_CLOEXEC) = 4
[pid 185525] 14:15:47.319916 openat(AT_FDCWD, "/usr/share/texmf/fonts/opentype/public/lm/lmsans12-oblique.otf", O_RDONLY|O_CLOEXEC) = 4
[pid 185525] 14:15:47.320090 openat(AT_FDCWD, "/usr/share/texmf/fonts/opentype/public/lm/lmsans12-regular.otf", O_RDONLY|O_CLOEXEC) = 4
[pid 185525] 14:15:47.320281 openat(AT_FDCWD, "/usr/share/texmf/fonts/opentype/public/lm/lmsans17-oblique.otf", O_RDONLY|O_CLOEXEC) = 4
[pid 185525] 14:15:47.320453 openat(AT_FDCWD, "/usr/share/texmf/fonts/opentype/public/lm/lmsans17-regular.otf", O_RDONLY|O_CLOEXEC) = 4
[pid 185525] 14:15:47.320625 openat(AT_FDCWD, "/usr/share/texmf/fonts/opentype/public/lm/lmsans8-oblique.otf", O_RDONLY|O_CLOEXEC) = 4
[pid 185525] 14:15:47.320798 openat(AT_FDCWD, "/usr/share/texmf/fonts/opentype/public/lm/lmsans8-regular.otf", O_RDONLY|O_CLOEXEC) = 4
[pid 185525] 14:15:47.320979 openat(AT_FDCWD, "/usr/share/texmf/fonts/opentype/public/lm/lmsans9-oblique.otf", O_RDONLY|O_CLOEXEC) = 4
[pid 185525] 14:15:47.321153 openat(AT_FDCWD, "/usr/share/texmf/fonts/opentype/public/lm/lmsans9-regular.otf", O_RDONLY|O_CLOEXEC) = 4
[pid 185525] 14:15:47.321330 openat(AT_FDCWD, "/usr/share/texmf/fonts/opentype/public/lm/lmsansdemicond10-oblique.otf", O_RDONLY|O_CLOEXEC) = 4
[pid 185525] 14:15:47.321505 openat(AT_FDCWD, "/usr/share/texmf/fonts/opentype/public/lm/lmsansdemicond10-regular.otf", O_RDONLY|O_CLOEXEC) = 4
[pid 185525] 14:15:47.321679 openat(AT_FDCWD, "/usr/share/texmf/fonts/opentype/public/lm/lmsansquot8-bold.otf", O_RDONLY|O_CLOEXEC) = 4
[pid 185525] 14:15:47.321854 openat(AT_FDCWD, "/usr/share/texmf/fonts/opentype/public/lm/lmsansquot8-boldoblique.otf", O_RDONLY|O_CLOEXEC) = 4
[pid 185525] 14:15:47.322029 openat(AT_FDCWD, "/usr/share/texmf/fonts/opentype/public/lm/lmsansquot8-oblique.otf", O_RDONLY|O_CLOEXEC) = 4
[pid 185525] 14:15:47.322200 openat(AT_FDCWD, "/usr/share/texmf/fonts/opentype/public/lm/lmsansquot8-regular.otf", O_RDONLY|O_CLOEXEC) = 4
[pid 185525] 14:15:47.322416 openat(AT_FDCWD, "/usr/share/texmf/fonts/opentype/public/lm-math", O_RDONLY|O_NONBLOCK|O_CLOEXEC|O_DIRECTORY) = 3
[pid 185525] 14:15:47.322533 openat(AT_FDCWD, "/usr/share/texmf/fonts/opentype/public/lm-math/latinmodern-math.otf", O_RDONLY|O_CLOEXEC) = 4
[pid 185525] 14:15:47.322745 openat(AT_FDCWD, "/usr/share/texmf/fonts/opentype/public/tex-gyre", O_RDONLY|O_NONBLOCK|O_CLOEXEC|O_DIRECTORY) = 3
[pid 185525] 14:15:47.322867 openat(AT_FDCWD, "/usr/share/texmf/fonts/opentype/public/tex-gyre/texgyreadventor-bold.otf", O_RDONLY|O_CLOEXEC) = 4
[pid 185525] 14:15:47.323042 openat(AT_FDCWD, "/usr/share/texmf/fonts/opentype/public/tex-gyre/texgyreadventor-bolditalic.otf", O_RDONLY|O_CLOEXEC) = 4
[pid 185525] 14:15:47.323210 openat(AT_FDCWD, "/usr/share/texmf/fonts/opentype/public/tex-gyre/texgyreadventor-italic.otf", O_RDONLY|O_CLOEXEC) = 4
[pid 185525] 14:15:47.323381 openat(AT_FDCWD, "/usr/share/texmf/fonts/opentype/public/tex-gyre/texgyreadventor-regular.otf", O_RDONLY|O_CLOEXEC) = 4
[pid 185525] 14:15:47.323548 openat(AT_FDCWD, "/usr/share/texmf/fonts/opentype/public/tex-gyre/texgyrebonum-bold.otf", O_RDONLY|O_CLOEXEC) = 4
[pid 185525] 14:15:47.323721 openat(AT_FDCWD, "/usr/share/texmf/fonts/opentype/public/tex-gyre/texgyrebonum-bolditalic.otf", O_RDONLY|O_CLOEXEC) = 4
[pid 185525] 14:15:47.323894 openat(AT_FDCWD, "/usr/share/texmf/fonts/opentype/public/tex-gyre/texgyrebonum-italic.otf", O_RDONLY|O_CLOEXEC) = 4
[pid 185525] 14:15:47.324073 openat(AT_FDCWD, "/usr/share/texmf/fonts/opentype/public/tex-gyre/texgyrebonum-regular.otf", O_RDONLY|O_CLOEXEC) = 4
[pid 185525] 14:15:47.324244 openat(AT_FDCWD, "/usr/share/texmf/fonts/opentype/public/tex-gyre/texgyrechorus-mediumitalic.otf", O_RDONLY|O_CLOEXEC) = 4
[pid 185525] 14:15:47.324414 openat(AT_FDCWD, "/usr/share/texmf/fonts/opentype/public/tex-gyre/texgyrecursor-bold.otf", O_RDONLY|O_CLOEXEC) = 4
[pid 185525] 14:15:47.324584 openat(AT_FDCWD, "/usr/share/texmf/fonts/opentype/public/tex-gyre/texgyrecursor-bolditalic.otf", O_RDONLY|O_CLOEXEC) = 4
[pid 185525] 14:15:47.324755 openat(AT_FDCWD, "/usr/share/texmf/fonts/opentype/public/tex-gyre/texgyrecursor-italic.otf", O_RDONLY|O_CLOEXEC) = 4
[pid 185525] 14:15:47.324933 openat(AT_FDCWD, "/usr/share/texmf/fonts/opentype/public/tex-gyre/texgyrecursor-regular.otf", O_RDONLY|O_CLOEXEC) = 4
[pid 185525] 14:15:47.325103 openat(AT_FDCWD, "/usr/share/texmf/fonts/opentype/public/tex-gyre/texgyreheros-bold.otf", O_RDONLY|O_CLOEXEC) = 4
[pid 185525] 14:15:47.325275 openat(AT_FDCWD, "/usr/share/texmf/fonts/opentype/public/tex-gyre/texgyreheros-bolditalic.otf", O_RDONLY|O_CLOEXEC) = 4
[pid 185525] 14:15:47.325446 openat(AT_FDCWD, "/usr/share/texmf/fonts/opentype/public/tex-gyre/texgyreheros-italic.otf", O_RDONLY|O_CLOEXEC) = 4
[pid 185525] 14:15:47.325623 openat(AT_FDCWD, "/usr/share/texmf/fonts/opentype/public/tex-gyre/texgyreheros-regular.otf", O_RDONLY|O_CLOEXEC) = 4
[pid 185525] 14:15:47.325793 openat(AT_FDCWD, "/usr/share/texmf/fonts/opentype/public/tex-gyre/texgyreheroscn-bold.otf", O_RDONLY|O_CLOEXEC) = 4
[pid 185525] 14:15:47.325976 openat(AT_FDCWD, "/usr/share/texmf/fonts/opentype/public/tex-gyre/texgyreheroscn-bolditalic.otf", O_RDONLY|O_CLOEXEC) = 4
[pid 185525] 14:15:47.326169 openat(AT_FDCWD, "/usr/share/texmf/fonts/opentype/public/tex-gyre/texgyreheroscn-italic.otf", O_RDONLY|O_CLOEXEC) = 4
[pid 185525] 14:15:47.326341 openat(AT_FDCWD, "/usr/share/texmf/fonts/opentype/public/tex-gyre/texgyreheroscn-regular.otf", O_RDONLY|O_CLOEXEC) = 4
[pid 185525] 14:15:47.326545 openat(AT_FDCWD, "/usr/share/texmf/fonts/opentype/public/tex-gyre/texgyrepagella-bold.otf", O_RDONLY|O_CLOEXEC) = 4
[pid 185525] 14:15:47.326741 openat(AT_FDCWD, "/usr/share/texmf/fonts/opentype/public/tex-gyre/texgyrepagella-bolditalic.otf", O_RDONLY|O_CLOEXEC) = 4
[pid 185525] 14:15:47.326916 openat(AT_FDCWD, "/usr/share/texmf/fonts/opentype/public/tex-gyre/texgyrepagella-italic.otf", O_RDONLY|O_CLOEXEC) = 4
[pid 185525] 14:15:47.327118 openat(AT_FDCWD, "/usr/share/texmf/fonts/opentype/public/tex-gyre/texgyrepagella-regular.otf", O_RDONLY|O_CLOEXEC) = 4
[pid 185525] 14:15:47.327288 openat(AT_FDCWD, "/usr/share/texmf/fonts/opentype/public/tex-gyre/texgyreschola-bold.otf", O_RDONLY|O_CLOEXEC) = 4
[pid 185525] 14:15:47.327458 openat(AT_FDCWD, "/usr/share/texmf/fonts/opentype/public/tex-gyre/texgyreschola-bolditalic.otf", O_RDONLY|O_CLOEXEC) = 4
[pid 185525] 14:15:47.327628 openat(AT_FDCWD, "/usr/share/texmf/fonts/opentype/public/tex-gyre/texgyreschola-italic.otf", O_RDONLY|O_CLOEXEC) = 4
[pid 185525] 14:15:47.327797 openat(AT_FDCWD, "/usr/share/texmf/fonts/opentype/public/tex-gyre/texgyreschola-regular.otf", O_RDONLY|O_CLOEXEC) = 4
[pid 185525] 14:15:47.328005 openat(AT_FDCWD, "/usr/share/texmf/fonts/opentype/public/tex-gyre/texgyretermes-bold.otf", O_RDONLY|O_CLOEXEC) = 4
[pid 185525] 14:15:47.328180 openat(AT_FDCWD, "/usr/share/texmf/fonts/opentype/public/tex-gyre/texgyretermes-bolditalic.otf", O_RDONLY|O_CLOEXEC) = 4
[pid 185525] 14:15:47.328360 openat(AT_FDCWD, "/usr/share/texmf/fonts/opentype/public/tex-gyre/texgyretermes-italic.otf", O_RDONLY|O_CLOEXEC) = 4
[pid 185525] 14:15:47.328540 openat(AT_FDCWD, "/usr/share/texmf/fonts/opentype/public/tex-gyre/texgyretermes-regular.otf", O_RDONLY|O_CLOEXEC) = 4
[pid 185525] 14:15:47.328786 openat(AT_FDCWD, "/usr/share/texmf/fonts/opentype/public/tex-gyre-math", O_RDONLY|O_NONBLOCK|O_CLOEXEC|O_DIRECTORY) = 3
[pid 185525] 14:15:47.328912 openat(AT_FDCWD, "/usr/share/texmf/fonts/opentype/public/tex-gyre-math/texgyrebonum-math.otf", O_RDONLY|O_CLOEXEC) = 4
[pid 185525] 14:15:47.329103 openat(AT_FDCWD, "/usr/share/texmf/fonts/opentype/public/tex-gyre-math/texgyredejavu-math.otf", O_RDONLY|O_CLOEXEC) = 4
[pid 185525] 14:15:47.329285 openat(AT_FDCWD, "/usr/share/texmf/fonts/opentype/public/tex-gyre-math/texgyrepagella-math.otf", O_RDONLY|O_CLOEXEC) = 4
[pid 185525] 14:15:47.329462 openat(AT_FDCWD, "/usr/share/texmf/fonts/opentype/public/tex-gyre-math/texgyreschola-math.otf", O_RDONLY|O_CLOEXEC) = 4
[pid 185525] 14:15:47.329639 openat(AT_FDCWD, "/usr/share/texmf/fonts/opentype/public/tex-gyre-math/texgyretermes-math.otf", O_RDONLY|O_CLOEXEC) = 4
[pid 185525] 14:15:47.330072 openat(AT_FDCWD, "/usr/share/javascript/mathjax/fonts/HTML-CSS/TeX/otf/MathJax_AMS-Regular.otf", O_RDONLY|O_CLOEXEC) = 3
[pid 185525] 14:15:47.330309 openat(AT_FDCWD, "/usr/share/javascript/mathjax/fonts/HTML-CSS/TeX/otf/MathJax_Caligraphic-Bold.otf", O_RDONLY|O_CLOEXEC) = 3
[pid 185525] 14:15:47.330482 openat(AT_FDCWD, "/usr/share/javascript/mathjax/fonts/HTML-CSS/TeX/otf/MathJax_Caligraphic-Regular.otf", O_RDONLY|O_CLOEXEC) = 3
[pid 185525] 14:15:47.330653 openat(AT_FDCWD, "/usr/share/javascript/mathjax/fonts/HTML-CSS/TeX/otf/MathJax_Fraktur-Bold.otf", O_RDONLY|O_CLOEXEC) = 3
[pid 185525] 14:15:47.330826 openat(AT_FDCWD, "/usr/share/javascript/mathjax/fonts/HTML-CSS/TeX/otf/MathJax_Fraktur-Regular.otf", O_RDONLY|O_CLOEXEC) = 3
[pid 185525] 14:15:47.331012 openat(AT_FDCWD, "/usr/share/javascript/mathjax/fonts/HTML-CSS/TeX/otf/MathJax_Main-Bold.otf", O_RDONLY|O_CLOEXEC) = 3
[pid 185525] 14:15:47.331193 openat(AT_FDCWD, "/usr/share/javascript/mathjax/fonts/HTML-CSS/TeX/otf/MathJax_Main-Italic.otf", O_RDONLY|O_CLOEXEC) = 3
[pid 185525] 14:15:47.331367 openat(AT_FDCWD, "/usr/share/javascript/mathjax/fonts/HTML-CSS/TeX/otf/MathJax_Main-Regular.otf", O_RDONLY|O_CLOEXEC) = 3
[pid 185525] 14:15:47.331547 openat(AT_FDCWD, "/usr/share/javascript/mathjax/fonts/HTML-CSS/TeX/otf/MathJax_Math-BoldItalic.otf", O_RDONLY|O_CLOEXEC) = 3
[pid 185525] 14:15:47.331729 openat(AT_FDCWD, "/usr/share/javascript/mathjax/fonts/HTML-CSS/TeX/otf/MathJax_Math-Italic.otf", O_RDONLY|O_CLOEXEC) = 3
[pid 185525] 14:15:47.331944 openat(AT_FDCWD, "/usr/share/javascript/mathjax/fonts/HTML-CSS/TeX/otf/MathJax_Math-Regular.otf", O_RDONLY|O_CLOEXEC) = 3
[pid 185525] 14:15:47.332116 openat(AT_FDCWD, "/usr/share/javascript/mathjax/fonts/HTML-CSS/TeX/otf/MathJax_SansSerif-Bold.otf", O_RDONLY|O_CLOEXEC) = 3
[pid 185525] 14:15:47.332281 openat(AT_FDCWD, "/usr/share/javascript/mathjax/fonts/HTML-CSS/TeX/otf/MathJax_SansSerif-Italic.otf", O_RDONLY|O_CLOEXEC) = 3
[pid 185525] 14:15:47.332441 openat(AT_FDCWD, "/usr/share/javascript/mathjax/fonts/HTML-CSS/TeX/otf/MathJax_SansSerif-Regular.otf", O_RDONLY|O_CLOEXEC) = 3
[pid 185525] 14:15:47.332603 openat(AT_FDCWD, "/usr/share/javascript/mathjax/fonts/HTML-CSS/TeX/otf/MathJax_Script-Regular.otf", O_RDONLY|O_CLOEXEC) = 3
[pid 185525] 14:15:47.332770 openat(AT_FDCWD, "/usr/share/javascript/mathjax/fonts/HTML-CSS/TeX/otf/MathJax_Size1-Regular.otf", O_RDONLY|O_CLOEXEC) = 3
[pid 185525] 14:15:47.332927 openat(AT_FDCWD, "/usr/share/javascript/mathjax/fonts/HTML-CSS/TeX/otf/MathJax_Size2-Regular.otf", O_RDONLY|O_CLOEXEC) = 3
[pid 185525] 14:15:47.333082 openat(AT_FDCWD, "/usr/share/javascript/mathjax/fonts/HTML-CSS/TeX/otf/MathJax_Size3-Regular.otf", O_RDONLY|O_CLOEXEC) = 3
[pid 185525] 14:15:47.333225 openat(AT_FDCWD, "/usr/share/javascript/mathjax/fonts/HTML-CSS/TeX/otf/MathJax_Size4-Regular.otf", O_RDONLY|O_CLOEXEC) = 3
[pid 185525] 14:15:47.333381 openat(AT_FDCWD, "/usr/share/javascript/mathjax/fonts/HTML-CSS/TeX/otf/MathJax_Typewriter-Regular.otf", O_RDONLY|O_CLOEXEC) = 3
[pid 185525] 14:15:47.333530 openat(AT_FDCWD, "/usr/share/javascript/mathjax/fonts/HTML-CSS/TeX/otf/MathJax_Vector-Bold.otf", O_RDONLY|O_CLOEXEC) = 3
[pid 185525] 14:15:47.333690 openat(AT_FDCWD, "/usr/share/javascript/mathjax/fonts/HTML-CSS/TeX/otf/MathJax_Vector-Regular.otf", O_RDONLY|O_CLOEXEC) = 3
[pid 185525] 14:15:47.333836 openat(AT_FDCWD, "/usr/share/javascript/mathjax/fonts/HTML-CSS/TeX/otf/MathJax_WinChrome-Regular.otf", O_RDONLY|O_CLOEXEC) = 3
[pid 185525] 14:15:47.333996 openat(AT_FDCWD, "/usr/share/javascript/mathjax/fonts/HTML-CSS/TeX/otf/MathJax_WinIE6-Regular.otf", O_RDONLY|O_CLOEXEC) = 3
[pid 185525] 14:15:47.334147 openat(AT_FDCWD, "/usr/share/fonts/opentype/noto/NotoSansCJK-Bold.ttc", O_RDONLY|O_CLOEXEC) = 3
[pid 185525] 14:15:47.336280 openat(AT_FDCWD, "/usr/share/fonts/opentype/noto/NotoSansCJK-Bold.ttc", O_RDONLY|O_CLOEXEC) = 3
[pid 185525] 14:15:47.338355 openat(AT_FDCWD, "/usr/share/fonts/opentype/noto/NotoSansCJK-Bold.ttc", O_RDONLY|O_CLOEXEC) = 3
[pid 185525] 14:15:47.340152 openat(AT_FDCWD, "/usr/share/fonts/opentype/noto/NotoSansCJK-Bold.ttc", O_RDONLY|O_CLOEXEC) = 3
[pid 185525] 14:15:47.341709 openat(AT_FDCWD, "/usr/share/fonts/opentype/noto/NotoSansCJK-Bold.ttc", O_RDONLY|O_CLOEXEC) = 3
[pid 185525] 14:15:47.343299 openat(AT_FDCWD, "/usr/share/fonts/opentype/noto/NotoSansCJK-Bold.ttc", O_RDONLY|O_CLOEXEC) = 3
[pid 185525] 14:15:47.344852 openat(AT_FDCWD, "/usr/share/fonts/opentype/noto/NotoSansCJK-Bold.ttc", O_RDONLY|O_CLOEXEC) = 3
[pid 185525] 14:15:47.346417 openat(AT_FDCWD, "/usr/share/fonts/opentype/noto/NotoSansCJK-Bold.ttc", O_RDONLY|O_CLOEXEC) = 3
[pid 185525] 14:15:47.348038 openat(AT_FDCWD, "/usr/share/fonts/opentype/noto/NotoSansCJK-Bold.ttc", O_RDONLY|O_CLOEXEC) = 3
[pid 185525] 14:15:47.349626 openat(AT_FDCWD, "/usr/share/fonts/opentype/noto/NotoSansCJK-Bold.ttc", O_RDONLY|O_CLOEXEC) = 3
[pid 185525] 14:15:47.351183 openat(AT_FDCWD, "/usr/share/fonts/opentype/noto/NotoSansCJK-Regular.ttc", O_RDONLY|O_CLOEXEC) = 3
[pid 185525] 14:15:47.352729 openat(AT_FDCWD, "/usr/share/fonts/opentype/noto/NotoSansCJK-Regular.ttc", O_RDONLY|O_CLOEXEC) = 3
[pid 185525] 14:15:47.354287 openat(AT_FDCWD, "/usr/share/fonts/opentype/noto/NotoSansCJK-Regular.ttc", O_RDONLY|O_CLOEXEC) = 3
[pid 185525] 14:15:47.355820 openat(AT_FDCWD, "/usr/share/fonts/opentype/noto/NotoSansCJK-Regular.ttc", O_RDONLY|O_CLOEXEC) = 3
[pid 185525] 14:15:47.357369 openat(AT_FDCWD, "/usr/share/fonts/opentype/noto/NotoSansCJK-Regular.ttc", O_RDONLY|O_CLOEXEC) = 3
[pid 185525] 14:15:47.358809 openat(AT_FDCWD, "/usr/share/fonts/opentype/noto/NotoSansCJK-Regular.ttc", O_RDONLY|O_CLOEXEC) = 3
[pid 185525] 14:15:47.360280 openat(AT_FDCWD, "/usr/share/fonts/opentype/noto/NotoSansCJK-Regular.ttc", O_RDONLY|O_CLOEXEC) = 3
[pid 185525] 14:15:47.361747 openat(AT_FDCWD, "/usr/share/fonts/opentype/noto/NotoSansCJK-Regular.ttc", O_RDONLY|O_CLOEXEC) = 3
[pid 185525] 14:15:47.363204 openat(AT_FDCWD, "/usr/share/fonts/opentype/noto/NotoSansCJK-Regular.ttc", O_RDONLY|O_CLOEXEC) = 3
[pid 185525] 14:15:47.364745 openat(AT_FDCWD, "/usr/share/fonts/opentype/noto/NotoSansCJK-Regular.ttc", O_RDONLY|O_CLOEXEC) = 3
[pid 185525] 14:15:47.366268 openat(AT_FDCWD, "/usr/share/fonts/opentype/noto/NotoSerifCJK-Bold.ttc", O_RDONLY|O_CLOEXEC) = 3
[pid 185525] 14:15:47.367747 openat(AT_FDCWD, "/usr/share/fonts/opentype/noto/NotoSerifCJK-Bold.ttc", O_RDONLY|O_CLOEXEC) = 3
[pid 185525] 14:15:47.369224 openat(AT_FDCWD, "/usr/share/fonts/opentype/noto/NotoSerifCJK-Bold.ttc", O_RDONLY|O_CLOEXEC) = 3
[pid 185525] 14:15:47.370732 openat(AT_FDCWD, "/usr/share/fonts/opentype/noto/NotoSerifCJK-Bold.ttc", O_RDONLY|O_CLOEXEC) = 3
[pid 185525] 14:15:47.372250 openat(AT_FDCWD, "/usr/share/fonts/opentype/noto/NotoSerifCJK-Bold.ttc", O_RDONLY|O_CLOEXEC) = 3
[pid 185525] 14:15:47.373710 openat(AT_FDCWD, "/usr/share/fonts/opentype/noto/NotoSerifCJK-Regular.ttc", O_RDONLY|O_CLOEXEC) = 3
[pid 185525] 14:15:47.375155 openat(AT_FDCWD, "/usr/share/fonts/opentype/noto/NotoSerifCJK-Regular.ttc", O_RDONLY|O_CLOEXEC) = 3
[pid 185525] 14:15:47.376585 openat(AT_FDCWD, "/usr/share/fonts/opentype/noto/NotoSerifCJK-Regular.ttc", O_RDONLY|O_CLOEXEC) = 3
[pid 185525] 14:15:47.378048 openat(AT_FDCWD, "/usr/share/fonts/opentype/noto/NotoSerifCJK-Regular.ttc", O_RDONLY|O_CLOEXEC) = 3
[pid 185525] 14:15:47.379538 openat(AT_FDCWD, "/usr/share/fonts/opentype/noto/NotoSerifCJK-Regular.ttc", O_RDONLY|O_CLOEXEC) = 3
[pid 185525] 14:15:47.380972 openat(AT_FDCWD, "/usr/share/fonts/opentype/urw-base35/C059-BdIta.otf", O_RDONLY|O_CLOEXEC) = 3
[pid 185525] 14:15:47.381185 openat(AT_FDCWD, "/usr/share/fonts/opentype/urw-base35/C059-Bold.otf", O_RDONLY|O_CLOEXEC) = 3
[pid 185525] 14:15:47.381382 openat(AT_FDCWD, "/usr/share/fonts/opentype/urw-base35/C059-Italic.otf", O_RDONLY|O_CLOEXEC) = 3
[pid 185525] 14:15:47.381577 openat(AT_FDCWD, "/usr/share/fonts/opentype/urw-base35/C059-Roman.otf", O_RDONLY|O_CLOEXEC) = 3
[pid 185525] 14:15:47.381768 openat(AT_FDCWD, "/usr/share/fonts/opentype/urw-base35/D050000L.otf", O_RDONLY|O_CLOEXEC) = 3
[pid 185525] 14:15:47.381949 openat(AT_FDCWD, "/usr/share/fonts/opentype/urw-base35/NimbusMonoPS-Bold.otf", O_RDONLY|O_CLOEXEC) = 3
[pid 185525] 14:15:47.382141 openat(AT_FDCWD, "/usr/share/fonts/opentype/urw-base35/NimbusMonoPS-BoldItalic.otf", O_RDONLY|O_CLOEXEC) = 3
[pid 185525] 14:15:47.382332 openat(AT_FDCWD, "/usr/share/fonts/opentype/urw-base35/NimbusMonoPS-Italic.otf", O_RDONLY|O_CLOEXEC) = 3
[pid 185525] 14:15:47.382521 openat(AT_FDCWD, "/usr/share/fonts/opentype/urw-base35/NimbusMonoPS-Regular.otf", O_RDONLY|O_CLOEXEC) = 3
[pid 185525] 14:15:47.382710 openat(AT_FDCWD, "/usr/share/fonts/opentype/urw-base35/NimbusRoman-Bold.otf", O_RDONLY|O_CLOEXEC) = 3
[pid 185525] 14:15:47.382912 openat(AT_FDCWD, "/usr/share/fonts/opentype/urw-base35/NimbusRoman-BoldItalic.otf", O_RDONLY|O_CLOEXEC) = 3
[pid 185525] 14:15:47.383118 openat(AT_FDCWD, "/usr/share/fonts/opentype/urw-base35/NimbusRoman-Italic.otf", O_RDONLY|O_CLOEXEC) = 3
[pid 185525] 14:15:47.383313 openat(AT_FDCWD, "/usr/share/fonts/opentype/urw-base35/NimbusRoman-Regular.otf", O_RDONLY|O_CLOEXEC) = 3
[pid 185525] 14:15:47.383505 openat(AT_FDCWD, "/usr/share/fonts/opentype/urw-base35/NimbusSans-Bold.otf", O_RDONLY|O_CLOEXEC) = 3
[pid 185525] 14:15:47.383698 openat(AT_FDCWD, "/usr/share/fonts/opentype/urw-base35/NimbusSans-BoldItalic.otf", O_RDONLY|O_CLOEXEC) = 3
[pid 185525] 14:15:47.383892 openat(AT_FDCWD, "/usr/share/fonts/opentype/urw-base35/NimbusSans-Italic.otf", O_RDONLY|O_CLOEXEC) = 3
[pid 185525] 14:15:47.384094 openat(AT_FDCWD, "/usr/share/fonts/opentype/urw-base35/NimbusSans-Regular.otf", O_RDONLY|O_CLOEXEC) = 3
[pid 185525] 14:15:47.384302 openat(AT_FDCWD, "/usr/share/fonts/opentype/urw-base35/NimbusSansNarrow-Bold.otf", O_RDONLY|O_CLOEXEC) = 3
[pid 185525] 14:15:47.384493 openat(AT_FDCWD, "/usr/share/fonts/opentype/urw-base35/NimbusSansNarrow-BoldOblique.otf", O_RDONLY|O_CLOEXEC) = 3
[pid 185525] 14:15:47.384686 openat(AT_FDCWD, "/usr/share/fonts/opentype/urw-base35/NimbusSansNarrow-Oblique.otf", O_RDONLY|O_CLOEXEC) = 3
[pid 185525] 14:15:47.384881 openat(AT_FDCWD, "/usr/share/fonts/opentype/urw-base35/NimbusSansNarrow-Regular.otf", O_RDONLY|O_CLOEXEC) = 3
[pid 185525] 14:15:47.385082 openat(AT_FDCWD, "/usr/share/fonts/opentype/urw-base35/P052-Bold.otf", O_RDONLY|O_CLOEXEC) = 3
[pid 185525] 14:15:47.385276 openat(AT_FDCWD, "/usr/share/fonts/opentype/urw-base35/P052-BoldItalic.otf", O_RDONLY|O_CLOEXEC) = 3
[pid 185525] 14:15:47.385472 openat(AT_FDCWD, "/usr/share/fonts/opentype/urw-base35/P052-Italic.otf", O_RDONLY|O_CLOEXEC) = 3
[pid 185525] 14:15:47.385665 openat(AT_FDCWD, "/usr/share/fonts/opentype/urw-base35/P052-Roman.otf", O_RDONLY|O_CLOEXEC) = 3
[pid 185525] 14:15:47.385859 openat(AT_FDCWD, "/usr/share/fonts/opentype/urw-base35/StandardSymbolsPS.otf", O_RDONLY|O_CLOEXEC) = 3
[pid 185525] 14:15:47.386045 openat(AT_FDCWD, "/usr/share/fonts/opentype/urw-base35/URWBookman-Demi.otf", O_RDONLY|O_CLOEXEC) = 3
[pid 185525] 14:15:47.386232 openat(AT_FDCWD, "/usr/share/fonts/opentype/urw-base35/URWBookman-DemiItalic.otf", O_RDONLY|O_CLOEXEC) = 3
[pid 185525] 14:15:47.386432 openat(AT_FDCWD, "/usr/share/fonts/opentype/urw-base35/URWBookman-Light.otf", O_RDONLY|O_CLOEXEC) = 3
[pid 185525] 14:15:47.386631 openat(AT_FDCWD, "/usr/share/fonts/opentype/urw-base35/URWBookman-LightItalic.otf", O_RDONLY|O_CLOEXEC) = 3
[pid 185525] 14:15:47.386841 openat(AT_FDCWD, "/usr/share/fonts/opentype/urw-base35/URWGothic-Book.otf", O_RDONLY|O_CLOEXEC) = 3
[pid 185525] 14:15:47.387034 openat(AT_FDCWD, "/usr/share/fonts/opentype/urw-base35/URWGothic-BookOblique.otf", O_RDONLY|O_CLOEXEC) = 3
[pid 185525] 14:15:47.387225 openat(AT_FDCWD, "/usr/share/fonts/opentype/urw-base35/URWGothic-Demi.otf", O_RDONLY|O_CLOEXEC) = 3
[pid 185525] 14:15:47.387413 openat(AT_FDCWD, "/usr/share/fonts/opentype/urw-base35/URWGothic-DemiOblique.otf", O_RDONLY|O_CLOEXEC) = 3
[pid 185525] 14:15:47.387603 openat(AT_FDCWD, "/usr/share/fonts/opentype/urw-base35/Z003-MediumItalic.otf", O_RDONLY|O_CLOEXEC) = 3
[pid 185525] 14:15:47.387793 openat(AT_FDCWD, "/usr/share/fonts/opentype/freefont/FreeMono.otf", O_RDONLY|O_CLOEXEC) = 3
[pid 185525] 14:15:47.388190 openat(AT_FDCWD, "/usr/share/fonts/opentype/freefont/FreeMonoBold.otf", O_RDONLY|O_CLOEXEC) = 3
[pid 185525] 14:15:47.388476 openat(AT_FDCWD, "/usr/share/fonts/opentype/freefont/FreeMonoBoldOblique.otf", O_RDONLY|O_CLOEXEC) = 3
[pid 185525] 14:15:47.388723 openat(AT_FDCWD, "/usr/share/fonts/opentype/freefont/FreeMonoOblique.otf", O_RDONLY|O_CLOEXEC) = 3
[pid 185525] 14:15:47.389013 openat(AT_FDCWD, "/usr/share/fonts/opentype/freefont/FreeSans.otf", O_RDONLY|O_CLOEXEC) = 3
[pid 185525] 14:15:47.389398 openat(AT_FDCWD, "/usr/share/fonts/opentype/freefont/FreeSansBold.otf", O_RDONLY|O_CLOEXEC) = 3
[pid 185525] 14:15:47.389707 openat(AT_FDCWD, "/usr/share/fonts/opentype/freefont/FreeSansBoldOblique.otf", O_RDONLY|O_CLOEXEC) = 3
[pid 185525] 14:15:47.389992 openat(AT_FDCWD, "/usr/share/fonts/opentype/freefont/FreeSansOblique.otf", O_RDONLY|O_CLOEXEC) = 3
[pid 185525] 14:15:47.390304 openat(AT_FDCWD, "/usr/share/fonts/opentype/freefont/FreeSerif.otf", O_RDONLY|O_CLOEXEC) = 3
[pid 185525] 14:15:47.390768 openat(AT_FDCWD, "/usr/share/fonts/opentype/freefont/FreeSerifBold.otf", O_RDONLY|O_CLOEXEC) = 3
[pid 185525] 14:15:47.391149 openat(AT_FDCWD, "/usr/share/fonts/opentype/freefont/FreeSerifBoldItalic.otf", O_RDONLY|O_CLOEXEC) = 3
[pid 185525] 14:15:47.391458 openat(AT_FDCWD, "/usr/share/fonts/opentype/freefont/FreeSerifItalic.otf", O_RDONLY|O_CLOEXEC) = 3
[pid 185525] 14:15:47.391828 openat(AT_FDCWD, "/usr/share/fonts/opentype/font-awesome/FontAwesome.otf", O_RDONLY|O_CLOEXEC) = 3
[pid 185525] 14:15:47.392033 openat(AT_FDCWD, "/usr/share/fonts/truetype/dejavu/DejaVuSans-Bold.ttf", O_RDONLY|O_CLOEXEC) = 3
[pid 185525] 14:15:47.392383 openat(AT_FDCWD, "/usr/share/fonts/truetype/dejavu/DejaVuSans.ttf", O_RDONLY|O_CLOEXEC) = 3
[pid 185525] 14:15:47.392724 openat(AT_FDCWD, "/usr/share/fonts/truetype/dejavu/DejaVuSansMono-Bold.ttf", O_RDONLY|O_CLOEXEC) = 3
[pid 185525] 14:15:47.393012 openat(AT_FDCWD, "/usr/share/fonts/truetype/dejavu/DejaVuSansMono-BoldOblique.ttf", O_RDONLY|O_CLOEXEC) = 3
[pid 185525] 14:15:47.393276 openat(AT_FDCWD, "/usr/share/fonts/truetype/dejavu/DejaVuSansMono-Oblique.ttf", O_RDONLY|O_CLOEXEC) = 3
[pid 185525] 14:15:47.393534 openat(AT_FDCWD, "/usr/share/fonts/truetype/dejavu/DejaVuSansMono.ttf", O_RDONLY|O_CLOEXEC) = 3
[pid 185525] 14:15:47.393811 openat(AT_FDCWD, "/usr/share/fonts/truetype/dejavu/DejaVuSerif-Bold.ttf", O_RDONLY|O_CLOEXEC) = 3
[pid 185525] 14:15:47.394089 openat(AT_FDCWD, "/usr/share/fonts/truetype/dejavu/DejaVuSerif.ttf", O_RDONLY|O_CLOEXEC) = 3
[pid 185525] 14:15:47.394374 openat(AT_FDCWD, "/usr/share/fonts/truetype/dejavu/DejaVuMathTeXGyre.ttf", O_RDONLY|O_CLOEXEC) = 3
[pid 185525] 14:15:47.394613 openat(AT_FDCWD, "/usr/share/fonts/truetype/dejavu/DejaVuSans-BoldOblique.ttf", O_RDONLY|O_CLOEXEC) = 3
[pid 185525] 14:15:47.394960 openat(AT_FDCWD, "/usr/share/fonts/truetype/dejavu/DejaVuSans-ExtraLight.ttf", O_RDONLY|O_CLOEXEC) = 3
[pid 185525] 14:15:47.395183 openat(AT_FDCWD, "/usr/share/fonts/truetype/dejavu/DejaVuSans-Oblique.ttf", O_RDONLY|O_CLOEXEC) = 3
[pid 185525] 14:15:47.395542 openat(AT_FDCWD, "/usr/share/fonts/truetype/dejavu/DejaVuSansCondensed-Bold.ttf", O_RDONLY|O_CLOEXEC) = 3
[pid 185525] 14:15:47.395946 openat(AT_FDCWD, "/usr/share/fonts/truetype/dejavu/DejaVuSansCondensed-BoldOblique.ttf", O_RDONLY|O_CLOEXEC) = 3
[pid 185525] 14:15:47.396296 openat(AT_FDCWD, "/usr/share/fonts/truetype/dejavu/DejaVuSansCondensed-Oblique.ttf", O_RDONLY|O_CLOEXEC) = 3
[pid 185525] 14:15:47.396632 openat(AT_FDCWD, "/usr/share/fonts/truetype/dejavu/DejaVuSansCondensed.ttf", O_RDONLY|O_CLOEXEC) = 3
[pid 185525] 14:15:47.396993 openat(AT_FDCWD, "/usr/share/fonts/truetype/dejavu/DejaVuSerif-BoldItalic.ttf", O_RDONLY|O_CLOEXEC) = 3
[pid 185525] 14:15:47.397269 openat(AT_FDCWD, "/usr/share/fonts/truetype/dejavu/DejaVuSerif-Italic.ttf", O_RDONLY|O_CLOEXEC) = 3
[pid 185525] 14:15:47.397543 openat(AT_FDCWD, "/usr/share/fonts/truetype/dejavu/DejaVuSerifCondensed-Bold.ttf", O_RDONLY|O_CLOEXEC) = 3
[pid 185525] 14:15:47.397832 openat(AT_FDCWD, "/usr/share/fonts/truetype/dejavu/DejaVuSerifCondensed-BoldItalic.ttf", O_RDONLY|O_CLOEXEC) = 3
[pid 185525] 14:15:47.398132 openat(AT_FDCWD, "/usr/share/fonts/truetype/dejavu/DejaVuSerifCondensed-Italic.ttf", O_RDONLY|O_CLOEXEC) = 3
[pid 185525] 14:15:47.398428 openat(AT_FDCWD, "/usr/share/fonts/truetype/dejavu/DejaVuSerifCondensed.ttf", O_RDONLY|O_CLOEXEC) = 3
[pid 185525] 14:15:47.398723 openat(AT_FDCWD, "/usr/share/fonts/truetype/droid/DroidSansFallbackFull.ttf", O_RDONLY|O_CLOEXEC) = 3
[pid 185525] 14:15:47.399210 openat(AT_FDCWD, "/usr/share/fonts/truetype/liberation/LiberationMono-Bold.ttf", O_RDONLY|O_CLOEXEC) = 3
[pid 185525] 14:15:47.399440 openat(AT_FDCWD, "/usr/share/fonts/truetype/liberation/LiberationMono-BoldItalic.ttf", O_RDONLY|O_CLOEXEC) = 3
[pid 185525] 14:15:47.399661 openat(AT_FDCWD, "/usr/share/fonts/truetype/liberation/LiberationMono-Italic.ttf", O_RDONLY|O_CLOEXEC) = 3
[pid 185525] 14:15:47.399886 openat(AT_FDCWD, "/usr/share/fonts/truetype/liberation/LiberationMono-Regular.ttf", O_RDONLY|O_CLOEXEC) = 3
[pid 185525] 14:15:47.400110 openat(AT_FDCWD, "/usr/share/fonts/truetype/liberation/LiberationSans-Bold.ttf", O_RDONLY|O_CLOEXEC) = 3
[pid 185525] 14:15:47.400341 openat(AT_FDCWD, "/usr/share/fonts/truetype/liberation/LiberationSans-BoldItalic.ttf", O_RDONLY|O_CLOEXEC) = 3
[pid 185525] 14:15:47.400561 openat(AT_FDCWD, "/usr/share/fonts/truetype/liberation/LiberationSans-Italic.ttf", O_RDONLY|O_CLOEXEC) = 3
[pid 185525] 14:15:47.400782 openat(AT_FDCWD, "/usr/share/fonts/truetype/liberation/LiberationSans-Regular.ttf", O_RDONLY|O_CLOEXEC) = 3
[pid 185525] 14:15:47.401006 openat(AT_FDCWD, "/usr/share/fonts/truetype/liberation/LiberationSerif-Bold.ttf", O_RDONLY|O_CLOEXEC) = 3
[pid 185525] 14:15:47.401221 openat(AT_FDCWD, "/usr/share/fonts/truetype/liberation/LiberationSerif-BoldItalic.ttf", O_RDONLY|O_CLOEXEC) = 3
[pid 185525] 14:15:47.401442 openat(AT_FDCWD, "/usr/share/fonts/truetype/liberation/LiberationSerif-Italic.ttf", O_RDONLY|O_CLOEXEC) = 3
[pid 185525] 14:15:47.401656 openat(AT_FDCWD, "/usr/share/fonts/truetype/liberation/LiberationSerif-Regular.ttf", O_RDONLY|O_CLOEXEC) = 3
[pid 185525] 14:15:47.401873 openat(AT_FDCWD, "/usr/share/fonts/truetype/libreoffice/opens___.ttf", O_RDONLY|O_CLOEXEC) = 3
[pid 185525] 14:15:47.402087 openat(AT_FDCWD, "/usr/share/fonts/truetype/noto/NotoKufiArabic-Bold.ttf", O_RDONLY|O_CLOEXEC) = 3
[pid 185525] 14:15:47.402283 openat(AT_FDCWD, "/usr/share/fonts/truetype/noto/NotoKufiArabic-Regular.ttf", O_RDONLY|O_CLOEXEC) = 3
[pid 185525] 14:15:47.402488 openat(AT_FDCWD, "/usr/share/fonts/truetype/noto/NotoLoopedLao-Bold.ttf", O_RDONLY|O_CLOEXEC) = 3
[pid 185525] 14:15:47.402677 openat(AT_FDCWD, "/usr/share/fonts/truetype/noto/NotoLoopedLao-Regular.ttf", O_RDONLY|O_CLOEXEC) = 3
[pid 185525] 14:15:47.402862 openat(AT_FDCWD, "/usr/share/fonts/truetype/noto/NotoLoopedThai-Bold.ttf", O_RDONLY|O_CLOEXEC) = 3
[pid 185525] 14:15:47.403057 openat(AT_FDCWD, "/usr/share/fonts/truetype/noto/NotoLoopedThai-Regular.ttf", O_RDONLY|O_CLOEXEC) = 3
[pid 185525] 14:15:47.403237 openat(AT_FDCWD, "/usr/share/fonts/truetype/noto/NotoMono-Regular.ttf", O_RDONLY|O_CLOEXEC) = 3
[pid 185525] 14:15:47.403421 openat(AT_FDCWD, "/usr/share/fonts/truetype/noto/NotoMusic-Regular.ttf", O_RDONLY|O_CLOEXEC) = 3
[pid 185525] 14:15:47.403627 openat(AT_FDCWD, "/usr/share/fonts/truetype/noto/NotoNaskhArabic-Bold.ttf", O_RDONLY|O_CLOEXEC) = 3
[pid 185525] 14:15:47.403830 openat(AT_FDCWD, "/usr/share/fonts/truetype/noto/NotoNaskhArabic-Regular.ttf", O_RDONLY|O_CLOEXEC) = 3
[pid 185525] 14:15:47.404051 openat(AT_FDCWD, "/usr/share/fonts/truetype/noto/NotoNastaliqUrdu-Bold.ttf", O_RDONLY|O_CLOEXEC) = 3
[pid 185525] 14:15:47.404247 openat(AT_FDCWD, "/usr/share/fonts/truetype/noto/NotoNastaliqUrdu-Regular.ttf", O_RDONLY|O_CLOEXEC) = 3
[pid 185525] 14:15:47.404440 openat(AT_FDCWD, "/usr/share/fonts/truetype/noto/NotoRashiHebrew-Bold.ttf", O_RDONLY|O_CLOEXEC) = 3
[pid 185525] 14:15:47.404617 openat(AT_FDCWD, "/usr/share/fonts/truetype/noto/NotoRashiHebrew-Regular.ttf", O_RDONLY|O_CLOEXEC) = 3
[pid 185525] 14:15:47.404793 openat(AT_FDCWD, "/usr/share/fonts/truetype/noto/NotoSans-Bold.ttf", O_RDONLY|O_CLOEXEC) = 3
[pid 185525] 14:15:47.405028 openat(AT_FDCWD, "/usr/share/fonts/truetype/noto/NotoSans-BoldItalic.ttf", O_RDONLY|O_CLOEXEC) = 3
[pid 185525] 14:15:47.405247 openat(AT_FDCWD, "/usr/share/fonts/truetype/noto/NotoSans-Italic.ttf", O_RDONLY|O_CLOEXEC) = 3
[pid 185525] 14:15:47.405479 openat(AT_FDCWD, "/usr/share/fonts/truetype/noto/NotoSans-Regular.ttf", O_RDONLY|O_CLOEXEC) = 3
[pid 185525] 14:15:47.405706 openat(AT_FDCWD, "/usr/share/fonts/truetype/noto/NotoSansAdlam-Bold.ttf", O_RDONLY|O_CLOEXEC) = 3
[pid 185525] 14:15:47.405897 openat(AT_FDCWD, "/usr/share/fonts/truetype/noto/NotoSansAdlam-Regular.ttf", O_RDONLY|O_CLOEXEC) = 3
[pid 185525] 14:15:47.406096 openat(AT_FDCWD, "/usr/share/fonts/truetype/noto/NotoSansAdlamUnjoined-Bold.ttf", O_RDONLY|O_CLOEXEC) = 3
[pid 185525] 14:15:47.406277 openat(AT_FDCWD, "/usr/share/fonts/truetype/noto/NotoSansAdlamUnjoined-Regular.ttf", O_RDONLY|O_CLOEXEC) = 3
[pid 185525] 14:15:47.406457 openat(AT_FDCWD, "/usr/share/fonts/truetype/noto/NotoSansAnatolianHieroglyphs-Regular.ttf", O_RDONLY|O_CLOEXEC) = 3
[pid 185525] 14:15:47.406645 openat(AT_FDCWD, "/usr/share/fonts/truetype/noto/NotoSansArabic-Bold.ttf", O_RDONLY|O_CLOEXEC) = 3
[pid 185525] 14:15:47.406844 openat(AT_FDCWD, "/usr/share/fonts/truetype/noto/NotoSansArabic-Regular.ttf", O_RDONLY|O_CLOEXEC) = 3
[pid 185525] 14:15:47.407049 openat(AT_FDCWD, "/usr/share/fonts/truetype/noto/NotoSansArmenian-Bold.ttf", O_RDONLY|O_CLOEXEC) = 3
[pid 185525] 14:15:47.407226 openat(AT_FDCWD, "/usr/share/fonts/truetype/noto/NotoSansArmenian-Regular.ttf", O_RDONLY|O_CLOEXEC) = 3
[pid 185525] 14:15:47.407401 openat(AT_FDCWD, "/usr/share/fonts/truetype/noto/NotoSansAvestan-Regular.ttf", O_RDONLY|O_CLOEXEC) = 3
[pid 185525] 14:15:47.407575 openat(AT_FDCWD, "/usr/share/fonts/truetype/noto/NotoSansBalinese-Bold.ttf", O_RDONLY|O_CLOEXEC) = 3
[pid 185525] 14:15:47.407757 openat(AT_FDCWD, "/usr/share/fonts/truetype/noto/NotoSansBalinese-Regular.ttf", O_RDONLY|O_CLOEXEC) = 3
[pid 185525] 14:15:47.407950 openat(AT_FDCWD, "/usr/share/fonts/truetype/noto/NotoSansBamum-Bold.ttf", O_RDONLY|O_CLOEXEC) = 3
[pid 185525] 14:15:47.408140 openat(AT_FDCWD, "/usr/share/fonts/truetype/noto/NotoSansBamum-Regular.ttf", O_RDONLY|O_CLOEXEC) = 3
[pid 185525] 14:15:47.408330 openat(AT_FDCWD, "/usr/share/fonts/truetype/noto/NotoSansBassaVah-Regular.ttf", O_RDONLY|O_CLOEXEC) = 3
[pid 185525] 14:15:47.408503 openat(AT_FDCWD, "/usr/share/fonts/truetype/noto/NotoSansBatak-Regular.ttf", O_RDONLY|O_CLOEXEC) = 3
[pid 185525] 14:15:47.408690 openat(AT_FDCWD, "/usr/share/fonts/truetype/noto/NotoSansBengali-Bold.ttf", O_RDONLY|O_CLOEXEC) = 3
[pid 185525] 14:15:47.408897 openat(AT_FDCWD, "/usr/share/fonts/truetype/noto/NotoSansBengali-Regular.ttf", O_RDONLY|O_CLOEXEC) = 3
[pid 185525] 14:15:47.409097 openat(AT_FDCWD, "/usr/share/fonts/truetype/noto/NotoSansBhaiksuki-Regular.ttf", O_RDONLY|O_CLOEXEC) = 3
[pid 185525] 14:15:47.409284 openat(AT_FDCWD, "/usr/share/fonts/truetype/noto/NotoSansBrahmi-Regular.ttf", O_RDONLY|O_CLOEXEC) = 3
[pid 185525] 14:15:47.409464 openat(AT_FDCWD, "/usr/share/fonts/truetype/noto/NotoSansBuginese-Regular.ttf", O_RDONLY|O_CLOEXEC) = 3
[pid 185525] 14:15:47.409636 openat(AT_FDCWD, "/usr/share/fonts/truetype/noto/NotoSansBuhid-Regular.ttf", O_RDONLY|O_CLOEXEC) = 3
[pid 185525] 14:15:47.409826 openat(AT_FDCWD, "/usr/share/fonts/truetype/noto/NotoSansCanadianAboriginal-Bold.ttf", O_RDONLY|O_CLOEXEC) = 3
[pid 185525] 14:15:47.410026 openat(AT_FDCWD, "/usr/share/fonts/truetype/noto/NotoSansCanadianAboriginal-Regular.ttf", O_RDONLY|O_CLOEXEC) = 3
[pid 185525] 14:15:47.410218 openat(AT_FDCWD, "/usr/share/fonts/truetype/noto/NotoSansCarian-Regular.ttf", O_RDONLY|O_CLOEXEC) = 3
[pid 185525] 14:15:47.410395 openat(AT_FDCWD, "/usr/share/fonts/truetype/noto/NotoSansCaucasianAlbanian-Regular.ttf", O_RDONLY|O_CLOEXEC) = 3
[pid 185525] 14:15:47.410574 openat(AT_FDCWD, "/usr/share/fonts/truetype/noto/NotoSansChakma-Regular.ttf", O_RDONLY|O_CLOEXEC) = 3
[pid 185525] 14:15:47.410757 openat(AT_FDCWD, "/usr/share/fonts/truetype/noto/NotoSansCham-Bold.ttf", O_RDONLY|O_CLOEXEC) = 3
[pid 185525] 14:15:47.410938 openat(AT_FDCWD, "/usr/share/fonts/truetype/noto/NotoSansCham-Regular.ttf", O_RDONLY|O_CLOEXEC) = 3
[pid 185525] 14:15:47.411110 openat(AT_FDCWD, "/usr/share/fonts/truetype/noto/NotoSansCherokee-Bold.ttf", O_RDONLY|O_CLOEXEC) = 3
[pid 185525] 14:15:47.411291 openat(AT_FDCWD, "/usr/share/fonts/truetype/noto/NotoSansCherokee-Regular.ttf", O_RDONLY|O_CLOEXEC) = 3
[pid 185525] 14:15:47.411471 openat(AT_FDCWD, "/usr/share/fonts/truetype/noto/NotoSansCoptic-Regular.ttf", O_RDONLY|O_CLOEXEC) = 3
[pid 185525] 14:15:47.411650 openat(AT_FDCWD, "/usr/share/fonts/truetype/noto/NotoSansCuneiform-Regular.ttf", O_RDONLY|O_CLOEXEC) = 3
[pid 185525] 14:15:47.411839 openat(AT_FDCWD, "/usr/share/fonts/truetype/noto/NotoSansCypriot-Regular.ttf", O_RDONLY|O_CLOEXEC) = 3
[pid 185525] 14:15:47.412021 openat(AT_FDCWD, "/usr/share/fonts/truetype/noto/NotoSansDeseret-Regular.ttf", O_RDONLY|O_CLOEXEC) = 3
[pid 185525] 14:15:47.412199 openat(AT_FDCWD, "/usr/share/fonts/truetype/noto/NotoSansDevanagari-Bold.ttf", O_RDONLY|O_CLOEXEC) = 3
[pid 185525] 14:15:47.412379 openat(AT_FDCWD, "/usr/share/fonts/truetype/noto/NotoSansDevanagari-Regular.ttf", O_RDONLY|O_CLOEXEC) = 3
[pid 185525] 14:15:47.412560 openat(AT_FDCWD, "/usr/share/fonts/truetype/noto/NotoSansDisplay-Bold.ttf", O_RDONLY|O_CLOEXEC) = 3
[pid 185525] 14:15:47.412774 openat(AT_FDCWD, "/usr/share/fonts/truetype/noto/NotoSansDisplay-BoldItalic.ttf", O_RDONLY|O_CLOEXEC) = 3
[pid 185525] 14:15:47.413002 openat(AT_FDCWD, "/usr/share/fonts/truetype/noto/NotoSansDisplay-Italic.ttf", O_RDONLY|O_CLOEXEC) = 3
[pid 185525] 14:15:47.413225 openat(AT_FDCWD, "/usr/share/fonts/truetype/noto/NotoSansDisplay-Regular.ttf", O_RDONLY|O_CLOEXEC) = 3
[pid 185525] 14:15:47.413447 openat(AT_FDCWD, "/usr/share/fonts/truetype/noto/NotoSansDuployan-Regular.ttf", O_RDONLY|O_CLOEXEC) = 3
[pid 185525] 14:15:47.413621 openat(AT_FDCWD, "/usr/share/fonts/truetype/noto/NotoSansEgyptianHieroglyphs-Regular.ttf", O_RDONLY|O_CLOEXEC) = 3
[pid 185525] 14:15:47.413809 openat(AT_FDCWD, "/usr/share/fonts/truetype/noto/NotoSansElbasan-Regular.ttf", O_RDONLY|O_CLOEXEC) = 3
[pid 185525] 14:15:47.413993 openat(AT_FDCWD, "/usr/share/fonts/truetype/noto/NotoSansElymaic-Regular.ttf", O_RDONLY|O_CLOEXEC) = 3
[pid 185525] 14:15:47.414164 openat(AT_FDCWD, "/usr/share/fonts/truetype/noto/NotoSansEthiopic-Bold.ttf", O_RDONLY|O_CLOEXEC) = 3
[pid 185525] 14:15:47.414350 openat(AT_FDCWD, "/usr/share/fonts/truetype/noto/NotoSansEthiopic-Regular.ttf", O_RDONLY|O_CLOEXEC) = 3
[pid 185525] 14:15:47.414538 openat(AT_FDCWD, "/usr/share/fonts/truetype/noto/NotoSansGeorgian-Bold.ttf", O_RDONLY|O_CLOEXEC) = 3
[pid 185525] 14:15:47.414713 openat(AT_FDCWD, "/usr/share/fonts/truetype/noto/NotoSansGeorgian-Regular.ttf", O_RDONLY|O_CLOEXEC) = 3
[pid 185525] 14:15:47.414888 openat(AT_FDCWD, "/usr/share/fonts/truetype/noto/NotoSansGlagolitic-Regular.ttf", O_RDONLY|O_CLOEXEC) = 3
[pid 185525] 14:15:47.415074 openat(AT_FDCWD, "/usr/share/fonts/truetype/noto/NotoSansGothic-Regular.ttf", O_RDONLY|O_CLOEXEC) = 3
[pid 185525] 14:15:47.415245 openat(AT_FDCWD, "/usr/share/fonts/truetype/noto/NotoSansGrantha-Regular.ttf", O_RDONLY|O_CLOEXEC) = 3
[pid 185525] 14:15:47.415434 openat(AT_FDCWD, "/usr/share/fonts/truetype/noto/NotoSansGujarati-Bold.ttf", O_RDONLY|O_CLOEXEC) = 3
[pid 185525] 14:15:47.415635 openat(AT_FDCWD, "/usr/share/fonts/truetype/noto/NotoSansGujarati-Regular.ttf", O_RDONLY|O_CLOEXEC) = 3
[pid 185525] 14:15:47.415815 openat(AT_FDCWD, "/usr/share/fonts/truetype/noto/NotoSansGunjalaGondi-Regular.ttf", O_RDONLY|O_CLOEXEC) = 3
[pid 185525] 14:15:47.416001 openat(AT_FDCWD, "/usr/share/fonts/truetype/noto/NotoSansGurmukhi-Bold.ttf", O_RDONLY|O_CLOEXEC) = 3
[pid 185525] 14:15:47.416176 openat(AT_FDCWD, "/usr/share/fonts/truetype/noto/NotoSansGurmukhi-Regular.ttf", O_RDONLY|O_CLOEXEC) = 3
[pid 185525] 14:15:47.416350 openat(AT_FDCWD, "/usr/share/fonts/truetype/noto/NotoSansHanifiRohingya-Bold.ttf", O_RDONLY|O_CLOEXEC) = 3
[pid 185525] 14:15:47.416526 openat(AT_FDCWD, "/usr/share/fonts/truetype/noto/NotoSansHanifiRohingya-Regular.ttf", O_RDONLY|O_CLOEXEC) = 3
[pid 185525] 14:15:47.416698 openat(AT_FDCWD, "/usr/share/fonts/truetype/noto/NotoSansHanunoo-Regular.ttf", O_RDONLY|O_CLOEXEC) = 3
[pid 185525] 14:15:47.416866 openat(AT_FDCWD, "/usr/share/fonts/truetype/noto/NotoSansHatran-Regular.ttf", O_RDONLY|O_CLOEXEC) = 3
[pid 185525] 14:15:47.417046 openat(AT_FDCWD, "/usr/share/fonts/truetype/noto/NotoSansHebrew-Bold.ttf", O_RDONLY|O_CLOEXEC) = 3
[pid 185525] 14:15:47.417217 openat(AT_FDCWD, "/usr/share/fonts/truetype/noto/NotoSansHebrew-Regular.ttf", O_RDONLY|O_CLOEXEC) = 3
[pid 185525] 14:15:47.417389 openat(AT_FDCWD, "/usr/share/fonts/truetype/noto/NotoSansImperialAramaic-Regular.ttf", O_RDONLY|O_CLOEXEC) = 3
[pid 185525] 14:15:47.417556 openat(AT_FDCWD, "/usr/share/fonts/truetype/noto/NotoSansIndicSiyaqNumbers-Regular.ttf", O_RDONLY|O_CLOEXEC) = 3
[pid 185525] 14:15:47.417729 openat(AT_FDCWD, "/usr/share/fonts/truetype/noto/NotoSansInscriptionalPahlavi-Regular.ttf", O_RDONLY|O_CLOEXEC) = 3
[pid 185525] 14:15:47.417897 openat(AT_FDCWD, "/usr/share/fonts/truetype/noto/NotoSansInscriptionalParthian-Regular.ttf", O_RDONLY|O_CLOEXEC) = 3
[pid 185525] 14:15:47.418078 openat(AT_FDCWD, "/usr/share/fonts/truetype/noto/NotoSansJavanese-Bold.ttf", O_RDONLY|O_CLOEXEC) = 3
[pid 185525] 14:15:47.418259 openat(AT_FDCWD, "/usr/share/fonts/truetype/noto/NotoSansJavanese-Regular.ttf", O_RDONLY|O_CLOEXEC) = 3
[pid 185525] 14:15:47.418442 openat(AT_FDCWD, "/usr/share/fonts/truetype/noto/NotoSansKaithi-Regular.ttf", O_RDONLY|O_CLOEXEC) = 3
[pid 185525] 14:15:47.418623 openat(AT_FDCWD, "/usr/share/fonts/truetype/noto/NotoSansKannada-Bold.ttf", O_RDONLY|O_CLOEXEC) = 3
[pid 185525] 14:15:47.418805 openat(AT_FDCWD, "/usr/share/fonts/truetype/noto/NotoSansKannada-Regular.ttf", O_RDONLY|O_CLOEXEC) = 3
[pid 185525] 14:15:47.418995 openat(AT_FDCWD, "/usr/share/fonts/truetype/noto/NotoSansKayahLi-Bold.ttf", O_RDONLY|O_CLOEXEC) = 3
[pid 185525] 14:15:47.419169 openat(AT_FDCWD, "/usr/share/fonts/truetype/noto/NotoSansKayahLi-Regular.ttf", O_RDONLY|O_CLOEXEC) = 3
[pid 185525] 14:15:47.419342 openat(AT_FDCWD, "/usr/share/fonts/truetype/noto/NotoSansKharoshthi-Regular.ttf", O_RDONLY|O_CLOEXEC) = 3
[pid 185525] 14:15:47.419524 openat(AT_FDCWD, "/usr/share/fonts/truetype/noto/NotoSansKhmer-Bold.ttf", O_RDONLY|O_CLOEXEC) = 3
[pid 185525] 14:15:47.419719 openat(AT_FDCWD, "/usr/share/fonts/truetype/noto/NotoSansKhmer-Regular.ttf", O_RDONLY|O_CLOEXEC) = 3
[pid 185525] 14:15:47.419908 openat(AT_FDCWD, "/usr/share/fonts/truetype/noto/NotoSansKhojki-Regular.ttf", O_RDONLY|O_CLOEXEC) = 3
[pid 185525] 14:15:47.420100 openat(AT_FDCWD, "/usr/share/fonts/truetype/noto/NotoSansKhudawadi-Regular.ttf", O_RDONLY|O_CLOEXEC) = 3
[pid 185525] 14:15:47.420278 openat(AT_FDCWD, "/usr/share/fonts/truetype/noto/NotoSansLao-Bold.ttf", O_RDONLY|O_CLOEXEC) = 3
[pid 185525] 14:15:47.420455 openat(AT_FDCWD, "/usr/share/fonts/truetype/noto/NotoSansLao-Regular.ttf", O_RDONLY|O_CLOEXEC) = 3
[pid 185525] 14:15:47.420631 openat(AT_FDCWD, "/usr/share/fonts/truetype/noto/NotoSansLepcha-Regular.ttf", O_RDONLY|O_CLOEXEC) = 3
[pid 185525] 14:15:47.420804 openat(AT_FDCWD, "/usr/share/fonts/truetype/noto/NotoSansLimbu-Regular.ttf", O_RDONLY|O_CLOEXEC) = 3
[pid 185525] 14:15:47.421006 openat(AT_FDCWD, "/usr/share/fonts/truetype/noto/NotoSansLinearA-Regular.ttf", O_RDONLY|O_CLOEXEC) = 3
[pid 185525] 14:15:47.421189 openat(AT_FDCWD, "/usr/share/fonts/truetype/noto/NotoSansLinearB-Regular.ttf", O_RDONLY|O_CLOEXEC) = 3
[pid 185525] 14:15:47.421372 openat(AT_FDCWD, "/usr/share/fonts/truetype/noto/NotoSansLisu-Bold.ttf", O_RDONLY|O_CLOEXEC) = 3
[pid 185525] 14:15:47.421545 openat(AT_FDCWD, "/usr/share/fonts/truetype/noto/NotoSansLisu-Regular.ttf", O_RDONLY|O_CLOEXEC) = 3
[pid 185525] 14:15:47.421716 openat(AT_FDCWD, "/usr/share/fonts/truetype/noto/NotoSansLycian-Regular.ttf", O_RDONLY|O_CLOEXEC) = 3
[pid 185525] 14:15:47.421886 openat(AT_FDCWD, "/usr/share/fonts/truetype/noto/NotoSansLydian-Regular.ttf", O_RDONLY|O_CLOEXEC) = 3
[pid 185525] 14:15:47.422087 openat(AT_FDCWD, "/usr/share/fonts/truetype/noto/NotoSansMahajani-Regular.ttf", O_RDONLY|O_CLOEXEC) = 3
[pid 185525] 14:15:47.422264 openat(AT_FDCWD, "/usr/share/fonts/truetype/noto/NotoSansMalayalam-Bold.ttf", O_RDONLY|O_CLOEXEC) = 3
[pid 185525] 14:15:47.422451 openat(AT_FDCWD, "/usr/share/fonts/truetype/noto/NotoSansMalayalam-Regular.ttf", O_RDONLY|O_CLOEXEC) = 3
[pid 185525] 14:15:47.422635 openat(AT_FDCWD, "/usr/share/fonts/truetype/noto/NotoSansMandaic-Regular.ttf", O_RDONLY|O_CLOEXEC) = 3
[pid 185525] 14:15:47.422811 openat(AT_FDCWD, "/usr/share/fonts/truetype/noto/NotoSansManichaean-Regular.ttf", O_RDONLY|O_CLOEXEC) = 3
[pid 185525] 14:15:47.423005 openat(AT_FDCWD, "/usr/share/fonts/truetype/noto/NotoSansMarchen-Regular.ttf", O_RDONLY|O_CLOEXEC) = 3
[pid 185525] 14:15:47.423208 openat(AT_FDCWD, "/usr/share/fonts/truetype/noto/NotoSansMasaramGondi-Regular.ttf", O_RDONLY|O_CLOEXEC) = 3
[pid 185525] 14:15:47.423393 openat(AT_FDCWD, "/usr/share/fonts/truetype/noto/NotoSansMath-Regular.ttf", O_RDONLY|O_CLOEXEC) = 3
[pid 185525] 14:15:47.423646 openat(AT_FDCWD, "/usr/share/fonts/truetype/noto/NotoSansMayanNumerals-Regular.ttf", O_RDONLY|O_CLOEXEC) = 3
[pid 185525] 14:15:47.423816 openat(AT_FDCWD, "/usr/share/fonts/truetype/noto/NotoSansMedefaidrin-Bold.ttf", O_RDONLY|O_CLOEXEC) = 3
[pid 185525] 14:15:47.424001 openat(AT_FDCWD, "/usr/share/fonts/truetype/noto/NotoSansMedefaidrin-Regular.ttf", O_RDONLY|O_CLOEXEC) = 3
[pid 185525] 14:15:47.424179 openat(AT_FDCWD, "/usr/share/fonts/truetype/noto/NotoSansMeeteiMayek-Bold.ttf", O_RDONLY|O_CLOEXEC) = 3
[pid 185525] 14:15:47.424353 openat(AT_FDCWD, "/usr/share/fonts/truetype/noto/NotoSansMeeteiMayek-Regular.ttf", O_RDONLY|O_CLOEXEC) = 3
[pid 185525] 14:15:47.424524 openat(AT_FDCWD, "/usr/share/fonts/truetype/noto/NotoSansMendeKikakui-Regular.ttf", O_RDONLY|O_CLOEXEC) = 3
[pid 185525] 14:15:47.424697 openat(AT_FDCWD, "/usr/share/fonts/truetype/noto/NotoSansMeroitic-Regular.ttf", O_RDONLY|O_CLOEXEC) = 3
[pid 185525] 14:15:47.424871 openat(AT_FDCWD, "/usr/share/fonts/truetype/noto/NotoSansMiao-Regular.ttf", O_RDONLY|O_CLOEXEC) = 3
[pid 185525] 14:15:47.425055 openat(AT_FDCWD, "/usr/share/fonts/truetype/noto/NotoSansModi-Regular.ttf", O_RDONLY|O_CLOEXEC) = 3
[pid 185525] 14:15:47.425229 openat(AT_FDCWD, "/usr/share/fonts/truetype/noto/NotoSansMongolian-Regular.ttf", O_RDONLY|O_CLOEXEC) = 3
[pid 185525] 14:15:47.425420 openat(AT_FDCWD, "/usr/share/fonts/truetype/noto/NotoSansMono-Bold.ttf", O_RDONLY|O_CLOEXEC) = 3
[pid 185525] 14:15:47.425709 openat(AT_FDCWD, "/usr/share/fonts/truetype/noto/NotoSansMono-Regular.ttf", O_RDONLY|O_CLOEXEC) = 3
[pid 185525] 14:15:47.426006 openat(AT_FDCWD, "/usr/share/fonts/truetype/noto/NotoSansMro-Regular.ttf", O_RDONLY|O_CLOEXEC) = 3
[pid 185525] 14:15:47.426176 openat(AT_FDCWD, "/usr/share/fonts/truetype/noto/NotoSansMultani-Regular.ttf", O_RDONLY|O_CLOEXEC) = 3
[pid 185525] 14:15:47.426358 openat(AT_FDCWD, "/usr/share/fonts/truetype/noto/NotoSansMyanmar-Bold.ttf", O_RDONLY|O_CLOEXEC) = 3
[pid 185525] 14:15:47.426541 openat(AT_FDCWD, "/usr/share/fonts/truetype/noto/NotoSansMyanmar-Regular.ttf", O_RDONLY|O_CLOEXEC) = 3
[pid 185525] 14:15:47.426720 openat(AT_FDCWD, "/usr/share/fonts/truetype/noto/NotoSansNKo-Regular.ttf", O_RDONLY|O_CLOEXEC) = 3
[pid 185525] 14:15:47.426913 openat(AT_FDCWD, "/usr/share/fonts/truetype/noto/NotoSansNabataean-Regular.ttf", O_RDONLY|O_CLOEXEC) = 3
[pid 185525] 14:15:47.427089 openat(AT_FDCWD, "/usr/share/fonts/truetype/noto/NotoSansNewTaiLue-Regular.ttf", O_RDONLY|O_CLOEXEC) = 3
[pid 185525] 14:15:47.427257 openat(AT_FDCWD, "/usr/share/fonts/truetype/noto/NotoSansNewa-Regular.ttf", O_RDONLY|O_CLOEXEC) = 3
[pid 185525] 14:15:47.427437 openat(AT_FDCWD, "/usr/share/fonts/truetype/noto/NotoSansNushu-Regular.ttf", O_RDONLY|O_CLOEXEC) = 3
[pid 185525] 14:15:47.427617 openat(AT_FDCWD, "/usr/share/fonts/truetype/noto/NotoSansOgham-Regular.ttf", O_RDONLY|O_CLOEXEC) = 3
[pid 185525] 14:15:47.427782 openat(AT_FDCWD, "/usr/share/fonts/truetype/noto/NotoSansOlChiki-Bold.ttf", O_RDONLY|O_CLOEXEC) = 3
[pid 185525] 14:15:47.427959 openat(AT_FDCWD, "/usr/share/fonts/truetype/noto/NotoSansOlChiki-Regular.ttf", O_RDONLY|O_CLOEXEC) = 3
[pid 185525] 14:15:47.428129 openat(AT_FDCWD, "/usr/share/fonts/truetype/noto/NotoSansOldHungarian-Regular.ttf", O_RDONLY|O_CLOEXEC) = 3
[pid 185525] 14:15:47.428303 openat(AT_FDCWD, "/usr/share/fonts/truetype/noto/NotoSansOldItalic-Regular.ttf", O_RDONLY|O_CLOEXEC) = 3
[pid 185525] 14:15:47.428472 openat(AT_FDCWD, "/usr/share/fonts/truetype/noto/NotoSansOldNorthArabian-Regular.ttf", O_RDONLY|O_CLOEXEC) = 3
[pid 185525] 14:15:47.428647 openat(AT_FDCWD, "/usr/share/fonts/truetype/noto/NotoSansOldPermic-Regular.ttf", O_RDONLY|O_CLOEXEC) = 3
[pid 185525] 14:15:47.428817 openat(AT_FDCWD, "/usr/share/fonts/truetype/noto/NotoSansOldPersian-Regular.ttf", O_RDONLY|O_CLOEXEC) = 3
[pid 185525] 14:15:47.428992 openat(AT_FDCWD, "/usr/share/fonts/truetype/noto/NotoSansOldSogdian-Regular.ttf", O_RDONLY|O_CLOEXEC) = 3
[pid 185525] 14:15:47.429166 openat(AT_FDCWD, "/usr/share/fonts/truetype/noto/NotoSansOldSouthArabian-Regular.ttf", O_RDONLY|O_CLOEXEC) = 3
[pid 185525] 14:15:47.429369 openat(AT_FDCWD, "/usr/share/fonts/truetype/noto/NotoSansOldTurkic-Regular.ttf", O_RDONLY|O_CLOEXEC) = 3
[pid 185525] 14:15:47.429560 openat(AT_FDCWD, "/usr/share/fonts/truetype/noto/NotoSansOriya-Bold.ttf", O_RDONLY|O_CLOEXEC) = 3
[pid 185525] 14:15:47.429739 openat(AT_FDCWD, "/usr/share/fonts/truetype/noto/NotoSansOriya-Regular.ttf", O_RDONLY|O_CLOEXEC) = 3
[pid 185525] 14:15:47.429922 openat(AT_FDCWD, "/usr/share/fonts/truetype/noto/NotoSansOsage-Regular.ttf", O_RDONLY|O_CLOEXEC) = 3
[pid 185525] 14:15:47.430100 openat(AT_FDCWD, "/usr/share/fonts/truetype/noto/NotoSansOsmanya-Regular.ttf", O_RDONLY|O_CLOEXEC) = 3
[pid 185525] 14:15:47.430270 openat(AT_FDCWD, "/usr/share/fonts/truetype/noto/NotoSansPahawhHmong-Regular.ttf", O_RDONLY|O_CLOEXEC) = 3
[pid 185525] 14:15:47.430454 openat(AT_FDCWD, "/usr/share/fonts/truetype/noto/NotoSansPalmyrene-Regular.ttf", O_RDONLY|O_CLOEXEC) = 3
[pid 185525] 14:15:47.430623 openat(AT_FDCWD, "/usr/share/fonts/truetype/noto/NotoSansPauCinHau-Regular.ttf", O_RDONLY|O_CLOEXEC) = 3
[pid 185525] 14:15:47.430792 openat(AT_FDCWD, "/usr/share/fonts/truetype/noto/NotoSansPhagsPa-Regular.ttf", O_RDONLY|O_CLOEXEC) = 3
[pid 185525] 14:15:47.430979 openat(AT_FDCWD, "/usr/share/fonts/truetype/noto/NotoSansPhoenician-Regular.ttf", O_RDONLY|O_CLOEXEC) = 3
[pid 185525] 14:15:47.431149 openat(AT_FDCWD, "/usr/share/fonts/truetype/noto/NotoSansPsalterPahlavi-Regular.ttf", O_RDONLY|O_CLOEXEC) = 3
[pid 185525] 14:15:47.431322 openat(AT_FDCWD, "/usr/share/fonts/truetype/noto/NotoSansRejang-Regular.ttf", O_RDONLY|O_CLOEXEC) = 3
[pid 185525] 14:15:47.431490 openat(AT_FDCWD, "/usr/share/fonts/truetype/noto/NotoSansRunic-Regular.ttf", O_RDONLY|O_CLOEXEC) = 3
[pid 185525] 14:15:47.431659 openat(AT_FDCWD, "/usr/share/fonts/truetype/noto/NotoSansSamaritan-Regular.ttf", O_RDONLY|O_CLOEXEC) = 3
[pid 185525] 14:15:47.431828 openat(AT_FDCWD, "/usr/share/fonts/truetype/noto/NotoSansSaurashtra-Regular.ttf", O_RDONLY|O_CLOEXEC) = 3
[pid 185525] 14:15:47.432047 openat(AT_FDCWD, "/usr/share/fonts/truetype/noto/NotoSansSharada-Regular.ttf", O_RDONLY|O_CLOEXEC) = 3
[pid 185525] 14:15:47.432225 openat(AT_FDCWD, "/usr/share/fonts/truetype/noto/NotoSansShavian-Regular.ttf", O_RDONLY|O_CLOEXEC) = 3
[pid 185525] 14:15:47.432404 openat(AT_FDCWD, "/usr/share/fonts/truetype/noto/NotoSansSiddham-Regular.ttf", O_RDONLY|O_CLOEXEC) = 3
[pid 185525] 14:15:47.432582 openat(AT_FDCWD, "/usr/share/fonts/truetype/noto/NotoSansSignWriting-Regular.ttf", O_RDONLY|O_CLOEXEC) = 3
[pid 185525] 14:15:47.432791 openat(AT_FDCWD, "/usr/share/fonts/truetype/noto/NotoSansSinhala-Bold.ttf", O_RDONLY|O_CLOEXEC) = 3
[pid 185525] 14:15:47.432988 openat(AT_FDCWD, "/usr/share/fonts/truetype/noto/NotoSansSinhala-Regular.ttf", O_RDONLY|O_CLOEXEC) = 3
[pid 185525] 14:15:47.433153 openat(AT_FDCWD, "/usr/share/fonts/truetype/noto/NotoSansSogdian-Regular.ttf", O_RDONLY|O_CLOEXEC) = 3
[pid 185525] 14:15:47.433306 openat(AT_FDCWD, "/usr/share/fonts/truetype/noto/NotoSansSoraSompeng-Bold.ttf", O_RDONLY|O_CLOEXEC) = 3
[pid 185525] 14:15:47.433462 openat(AT_FDCWD, "/usr/share/fonts/truetype/noto/NotoSansSoraSompeng-Regular.ttf", O_RDONLY|O_CLOEXEC) = 3
[pid 185525] 14:15:47.433605 openat(AT_FDCWD, "/usr/share/fonts/truetype/noto/NotoSansSoyombo-Regular.ttf", O_RDONLY|O_CLOEXEC) = 3
[pid 185525] 14:15:47.433755 openat(AT_FDCWD, "/usr/share/fonts/truetype/noto/NotoSansSundanese-Bold.ttf", O_RDONLY|O_CLOEXEC) = 3
[pid 185525] 14:15:47.433906 openat(AT_FDCWD, "/usr/share/fonts/truetype/noto/NotoSansSundanese-Regular.ttf", O_RDONLY|O_CLOEXEC) = 3
[pid 185525] 14:15:47.434054 openat(AT_FDCWD, "/usr/share/fonts/truetype/noto/NotoSansSylotiNagri-Regular.ttf", O_RDONLY|O_CLOEXEC) = 3
[pid 185525] 14:15:47.434199 openat(AT_FDCWD, "/usr/share/fonts/truetype/noto/NotoSansSymbols-Bold.ttf", O_RDONLY|O_CLOEXEC) = 3
[pid 185525] 14:15:47.434395 openat(AT_FDCWD, "/usr/share/fonts/truetype/noto/NotoSansSymbols-Regular.ttf", O_RDONLY|O_CLOEXEC) = 3
[pid 185525] 14:15:47.434567 openat(AT_FDCWD, "/usr/share/fonts/truetype/noto/NotoSansSymbols2-Regular.ttf", O_RDONLY|O_CLOEXEC) = 3
[pid 185525] 14:15:47.434774 openat(AT_FDCWD, "/usr/share/fonts/truetype/noto/NotoSansSyriac-Regular.ttf", O_RDONLY|O_CLOEXEC) = 3
[pid 185525] 14:15:47.434948 openat(AT_FDCWD, "/usr/share/fonts/truetype/noto/NotoSansTagalog-Regular.ttf", O_RDONLY|O_CLOEXEC) = 3
[pid 185525] 14:15:47.435095 openat(AT_FDCWD, "/usr/share/fonts/truetype/noto/NotoSansTagbanwa-Regular.ttf", O_RDONLY|O_CLOEXEC) = 3
[pid 185525] 14:15:47.435237 openat(AT_FDCWD, "/usr/share/fonts/truetype/noto/NotoSansTaiLe-Regular.ttf", O_RDONLY|O_CLOEXEC) = 3
[pid 185525] 14:15:47.435388 openat(AT_FDCWD, "/usr/share/fonts/truetype/noto/NotoSansTaiTham-Bold.ttf", O_RDONLY|O_CLOEXEC) = 3
[pid 185525] 14:15:47.435540 openat(AT_FDCWD, "/usr/share/fonts/truetype/noto/NotoSansTaiTham-Regular.ttf", O_RDONLY|O_CLOEXEC) = 3
[pid 185525] 14:15:47.435693 openat(AT_FDCWD, "/usr/share/fonts/truetype/noto/NotoSansTaiViet-Regular.ttf", O_RDONLY|O_CLOEXEC) = 3
[pid 185525] 14:15:47.435850 openat(AT_FDCWD, "/usr/share/fonts/truetype/noto/NotoSansTakri-Regular.ttf", O_RDONLY|O_CLOEXEC) = 3
[pid 185525] 14:15:47.436020 openat(AT_FDCWD, "/usr/share/fonts/truetype/noto/NotoSansTamil-Bold.ttf", O_RDONLY|O_CLOEXEC) = 3
[pid 185525] 14:15:47.436178 openat(AT_FDCWD, "/usr/share/fonts/truetype/noto/NotoSansTamil-Regular.ttf", O_RDONLY|O_CLOEXEC) = 3
[pid 185525] 14:15:47.436358 openat(AT_FDCWD, "/usr/share/fonts/truetype/noto/NotoSansTamilSupplement-Regular.ttf", O_RDONLY|O_CLOEXEC) = 3
[pid 185525] 14:15:47.436503 openat(AT_FDCWD, "/usr/share/fonts/truetype/noto/NotoSansTelugu-Bold.ttf", O_RDONLY|O_CLOEXEC) = 3
[pid 185525] 14:15:47.436688 openat(AT_FDCWD, "/usr/share/fonts/truetype/noto/NotoSansTelugu-Regular.ttf", O_RDONLY|O_CLOEXEC) = 3
[pid 185525] 14:15:47.436884 openat(AT_FDCWD, "/usr/share/fonts/truetype/noto/NotoSansThaana-Bold.ttf", O_RDONLY|O_CLOEXEC) = 3
[pid 185525] 14:15:47.437101 openat(AT_FDCWD, "/usr/share/fonts/truetype/noto/NotoSansThaana-Regular.ttf", O_RDONLY|O_CLOEXEC) = 3
[pid 185525] 14:15:47.437304 openat(AT_FDCWD, "/usr/share/fonts/truetype/noto/NotoSansThai-Bold.ttf", O_RDONLY|O_CLOEXEC) = 3
[pid 185525] 14:15:47.437480 openat(AT_FDCWD, "/usr/share/fonts/truetype/noto/NotoSansThai-Regular.ttf", O_RDONLY|O_CLOEXEC) = 3
[pid 185525] 14:15:47.437674 openat(AT_FDCWD, "/usr/share/fonts/truetype/noto/NotoSansTifinagh-Regular.ttf", O_RDONLY|O_CLOEXEC) = 3
[pid 185525] 14:15:47.437830 openat(AT_FDCWD, "/usr/share/fonts/truetype/noto/NotoSansTifinaghAPT-Regular.ttf", O_RDONLY|O_CLOEXEC) = 3
[pid 185525] 14:15:47.437996 openat(AT_FDCWD, "/usr/share/fonts/truetype/noto/NotoSansTifinaghAdrar-Regular.ttf", O_RDONLY|O_CLOEXEC) = 3
[pid 185525] 14:15:47.438147 openat(AT_FDCWD, "/usr/share/fonts/truetype/noto/NotoSansTifinaghAgrawImazighen-Regular.ttf", O_RDONLY|O_CLOEXEC) = 3
[pid 185525] 14:15:47.438296 openat(AT_FDCWD, "/usr/share/fonts/truetype/noto/NotoSansTifinaghAhaggar-Regular.ttf", O_RDONLY|O_CLOEXEC) = 3
[pid 185525] 14:15:47.438444 openat(AT_FDCWD, "/usr/share/fonts/truetype/noto/NotoSansTifinaghAir-Regular.ttf", O_RDONLY|O_CLOEXEC) = 3
[pid 185525] 14:15:47.438593 openat(AT_FDCWD, "/usr/share/fonts/truetype/noto/NotoSansTifinaghAzawagh-Regular.ttf", O_RDONLY|O_CLOEXEC) = 3
[pid 185525] 14:15:47.438741 openat(AT_FDCWD, "/usr/share/fonts/truetype/noto/NotoSansTifinaghGhat-Regular.ttf", O_RDONLY|O_CLOEXEC) = 3
[pid 185525] 14:15:47.438900 openat(AT_FDCWD, "/usr/share/fonts/truetype/noto/NotoSansTifinaghHawad-Regular.ttf", O_RDONLY|O_CLOEXEC) = 3
[pid 185525] 14:15:47.439068 openat(AT_FDCWD, "/usr/share/fonts/truetype/noto/NotoSansTifinaghRhissaIxa-Regular.ttf", O_RDONLY|O_CLOEXEC) = 3
[pid 185525] 14:15:47.439219 openat(AT_FDCWD, "/usr/share/fonts/truetype/noto/NotoSansTifinaghSIL-Regular.ttf", O_RDONLY|O_CLOEXEC) = 3
[pid 185525] 14:15:47.439378 openat(AT_FDCWD, "/usr/share/fonts/truetype/noto/NotoSansTifinaghTawellemmet-Regular.ttf", O_RDONLY|O_CLOEXEC) = 3
[pid 185525] 14:15:47.439538 openat(AT_FDCWD, "/usr/share/fonts/truetype/noto/NotoSansTirhuta-Regular.ttf", O_RDONLY|O_CLOEXEC) = 3
[pid 185525] 14:15:47.439708 openat(AT_FDCWD, "/usr/share/fonts/truetype/noto/NotoSansUgaritic-Regular.ttf", O_RDONLY|O_CLOEXEC) = 3
[pid 185525] 14:15:47.439864 openat(AT_FDCWD, "/usr/share/fonts/truetype/noto/NotoSansVai-Regular.ttf", O_RDONLY|O_CLOEXEC) = 3
[pid 185525] 14:15:47.440040 openat(AT_FDCWD, "/usr/share/fonts/truetype/noto/NotoSansWancho-Regular.ttf", O_RDONLY|O_CLOEXEC) = 3
[pid 185525] 14:15:47.440190 openat(AT_FDCWD, "/usr/share/fonts/truetype/noto/NotoSansWarangCiti-Regular.ttf", O_RDONLY|O_CLOEXEC) = 3
[pid 185525] 14:15:47.440337 openat(AT_FDCWD, "/usr/share/fonts/truetype/noto/NotoSansYi-Regular.ttf", O_RDONLY|O_CLOEXEC) = 3
[pid 185525] 14:15:47.440500 openat(AT_FDCWD, "/usr/share/fonts/truetype/noto/NotoSansZanabazarSquare-Regular.ttf", O_RDONLY|O_CLOEXEC) = 3
[pid 185525] 14:15:47.440648 openat(AT_FDCWD, "/usr/share/fonts/truetype/noto/NotoSerif-Bold.ttf", O_RDONLY|O_CLOEXEC) = 3
[pid 185525] 14:15:47.440837 openat(AT_FDCWD, "/usr/share/fonts/truetype/noto/NotoSerif-BoldItalic.ttf", O_RDONLY|O_CLOEXEC) = 3
[pid 185525] 14:15:47.441044 openat(AT_FDCWD, "/usr/share/fonts/truetype/noto/NotoSerif-Italic.ttf", O_RDONLY|O_CLOEXEC) = 3
[pid 185525] 14:15:47.441237 openat(AT_FDCWD, "/usr/share/fonts/truetype/noto/NotoSerif-Regular.ttf", O_RDONLY|O_CLOEXEC) = 3
[pid 185525] 14:15:47.441425 openat(AT_FDCWD, "/usr/share/fonts/truetype/noto/NotoSerifAhom-Regular.ttf", O_RDONLY|O_CLOEXEC) = 3
[pid 185525] 14:15:47.441572 openat(AT_FDCWD, "/usr/share/fonts/truetype/noto/NotoSerifArmenian-Bold.ttf", O_RDONLY|O_CLOEXEC) = 3
[pid 185525] 14:15:47.441718 openat(AT_FDCWD, "/usr/share/fonts/truetype/noto/NotoSerifArmenian-Regular.ttf", O_RDONLY|O_CLOEXEC) = 3
[pid 185525] 14:15:47.441864 openat(AT_FDCWD, "/usr/share/fonts/truetype/noto/NotoSerifBalinese-Regular.ttf", O_RDONLY|O_CLOEXEC) = 3
[pid 185525] 14:15:47.442017 openat(AT_FDCWD, "/usr/share/fonts/truetype/noto/NotoSerifBengali-Bold.ttf", O_RDONLY|O_CLOEXEC) = 3
[pid 185525] 14:15:47.442176 openat(AT_FDCWD, "/usr/share/fonts/truetype/noto/NotoSerifBengali-Regular.ttf", O_RDONLY|O_CLOEXEC) = 3
[pid 185525] 14:15:47.442332 openat(AT_FDCWD, "/usr/share/fonts/truetype/noto/NotoSerifDevanagari-Bold.ttf", O_RDONLY|O_CLOEXEC) = 3
[pid 185525] 14:15:47.442494 openat(AT_FDCWD, "/usr/share/fonts/truetype/noto/NotoSerifDevanagari-Regular.ttf", O_RDONLY|O_CLOEXEC) = 3
[pid 185525] 14:15:47.442673 openat(AT_FDCWD, "/usr/share/fonts/truetype/noto/NotoSerifDisplay-Bold.ttf", O_RDONLY|O_CLOEXEC) = 3
[pid 185525] 14:15:47.442864 openat(AT_FDCWD, "/usr/share/fonts/truetype/noto/NotoSerifDisplay-BoldItalic.ttf", O_RDONLY|O_CLOEXEC) = 3
[pid 185525] 14:15:47.443061 openat(AT_FDCWD, "/usr/share/fonts/truetype/noto/NotoSerifDisplay-Italic.ttf", O_RDONLY|O_CLOEXEC) = 3
[pid 185525] 14:15:47.443252 openat(AT_FDCWD, "/usr/share/fonts/truetype/noto/NotoSerifDisplay-Regular.ttf", O_RDONLY|O_CLOEXEC) = 3
[pid 185525] 14:15:47.443441 openat(AT_FDCWD, "/usr/share/fonts/truetype/noto/NotoSerifDogra-Regular.ttf", O_RDONLY|O_CLOEXEC) = 3
[pid 185525] 14:15:47.443588 openat(AT_FDCWD, "/usr/share/fonts/truetype/noto/NotoSerifEthiopic-Bold.ttf", O_RDONLY|O_CLOEXEC) = 3
[pid 185525] 14:15:47.443747 openat(AT_FDCWD, "/usr/share/fonts/truetype/noto/NotoSerifEthiopic-Regular.ttf", O_RDONLY|O_CLOEXEC) = 3
[pid 185525] 14:15:47.443912 openat(AT_FDCWD, "/usr/share/fonts/truetype/noto/NotoSerifGeorgian-Bold.ttf", O_RDONLY|O_CLOEXEC) = 3
[pid 185525] 14:15:47.444068 openat(AT_FDCWD, "/usr/share/fonts/truetype/noto/NotoSerifGeorgian-Regular.ttf", O_RDONLY|O_CLOEXEC) = 3
[pid 185525] 14:15:47.444217 openat(AT_FDCWD, "/usr/share/fonts/truetype/noto/NotoSerifGrantha-Regular.ttf", O_RDONLY|O_CLOEXEC) = 3
[pid 185525] 14:15:47.444379 openat(AT_FDCWD, "/usr/share/fonts/truetype/noto/NotoSerifGujarati-Bold.ttf", O_RDONLY|O_CLOEXEC) = 3
[pid 185525] 14:15:47.444537 openat(AT_FDCWD, "/usr/share/fonts/truetype/noto/NotoSerifGujarati-Regular.ttf", O_RDONLY|O_CLOEXEC) = 3
[pid 185525] 14:15:47.444694 openat(AT_FDCWD, "/usr/share/fonts/truetype/noto/NotoSerifGurmukhi-Bold.ttf", O_RDONLY|O_CLOEXEC) = 3
[pid 185525] 14:15:47.444843 openat(AT_FDCWD, "/usr/share/fonts/truetype/noto/NotoSerifGurmukhi-Regular.ttf", O_RDONLY|O_CLOEXEC) = 3
[pid 185525] 14:15:47.445009 openat(AT_FDCWD, "/usr/share/fonts/truetype/noto/NotoSerifHebrew-Bold.ttf", O_RDONLY|O_CLOEXEC) = 3
[pid 185525] 14:15:47.445158 openat(AT_FDCWD, "/usr/share/fonts/truetype/noto/NotoSerifHebrew-Regular.ttf", O_RDONLY|O_CLOEXEC) = 3
[pid 185525] 14:15:47.445305 openat(AT_FDCWD, "/usr/share/fonts/truetype/noto/NotoSerifKannada-Bold.ttf", O_RDONLY|O_CLOEXEC) = 3
[pid 185525] 14:15:47.445463 openat(AT_FDCWD, "/usr/share/fonts/truetype/noto/NotoSerifKannada-Regular.ttf", O_RDONLY|O_CLOEXEC) = 3
[pid 185525] 14:15:47.445619 openat(AT_FDCWD, "/usr/share/fonts/truetype/noto/NotoSerifKhmer-Bold.ttf", O_RDONLY|O_CLOEXEC) = 3
[pid 185525] 14:15:47.445776 openat(AT_FDCWD, "/usr/share/fonts/truetype/noto/NotoSerifKhmer-Regular.ttf", O_RDONLY|O_CLOEXEC) = 3
[pid 185525] 14:15:47.445938 openat(AT_FDCWD, "/usr/share/fonts/truetype/noto/NotoSerifKhojki-Bold.ttf", O_RDONLY|O_CLOEXEC) = 3
[pid 185525] 14:15:47.446100 openat(AT_FDCWD, "/usr/share/fonts/truetype/noto/NotoSerifKhojki-Regular.ttf", O_RDONLY|O_CLOEXEC) = 3
[pid 185525] 14:15:47.446259 openat(AT_FDCWD, "/usr/share/fonts/truetype/noto/NotoSerifLao-Bold.ttf", O_RDONLY|O_CLOEXEC) = 3
[pid 185525] 14:15:47.446406 openat(AT_FDCWD, "/usr/share/fonts/truetype/noto/NotoSerifLao-Regular.ttf", O_RDONLY|O_CLOEXEC) = 3
[pid 185525] 14:15:47.446553 openat(AT_FDCWD, "/usr/share/fonts/truetype/noto/NotoSerifMalayalam-Bold.ttf", O_RDONLY|O_CLOEXEC) = 3
[pid 185525] 14:15:47.446709 openat(AT_FDCWD, "/usr/share/fonts/truetype/noto/NotoSerifMalayalam-Regular.ttf", O_RDONLY|O_CLOEXEC) = 3
[pid 185525] 14:15:47.446864 openat(AT_FDCWD, "/usr/share/fonts/truetype/noto/NotoSerifMyanmar-Bold.ttf", O_RDONLY|O_CLOEXEC) = 3
[pid 185525] 14:15:47.447070 openat(AT_FDCWD, "/usr/share/fonts/truetype/noto/NotoSerifMyanmar-Regular.ttf", O_RDONLY|O_CLOEXEC) = 3
[pid 185525] 14:15:47.447257 openat(AT_FDCWD, "/usr/share/fonts/truetype/noto/NotoSerifNyiakengPuachueHmong-Bold.ttf", O_RDONLY|O_CLOEXEC) = 3
[pid 185525] 14:15:47.447427 openat(AT_FDCWD, "/usr/share/fonts/truetype/noto/NotoSerifNyiakengPuachueHmong-Regular.ttf", O_RDONLY|O_CLOEXEC) = 3
[pid 185525] 14:15:47.447593 openat(AT_FDCWD, "/usr/share/fonts/truetype/noto/NotoSerifSinhala-Bold.ttf", O_RDONLY|O_CLOEXEC) = 3
[pid 185525] 14:15:47.447792 openat(AT_FDCWD, "/usr/share/fonts/truetype/noto/NotoSerifSinhala-Regular.ttf", O_RDONLY|O_CLOEXEC) = 3
[pid 185525] 14:15:47.447981 openat(AT_FDCWD, "/usr/share/fonts/truetype/noto/NotoSerifTamil-Bold.ttf", O_RDONLY|O_CLOEXEC) = 3
[pid 185525] 14:15:47.448142 openat(AT_FDCWD, "/usr/share/fonts/truetype/noto/NotoSerifTamil-Regular.ttf", O_RDONLY|O_CLOEXEC) = 3
[pid 185525] 14:15:47.448299 openat(AT_FDCWD, "/usr/share/fonts/truetype/noto/NotoSerifTamilSlanted-Bold.ttf", O_RDONLY|O_CLOEXEC) = 3
[pid 185525] 14:15:47.448455 openat(AT_FDCWD, "/usr/share/fonts/truetype/noto/NotoSerifTamilSlanted-Regular.ttf", O_RDONLY|O_CLOEXEC) = 3
[pid 185525] 14:15:47.448660 openat(AT_FDCWD, "/usr/share/fonts/truetype/noto/NotoSerifTangut-Regular.ttf", O_RDONLY|O_CLOEXEC) = 3
[pid 185525] 14:15:47.449026 openat(AT_FDCWD, "/usr/share/fonts/truetype/noto/NotoSerifTelugu-Bold.ttf", O_RDONLY|O_CLOEXEC) = 3
[pid 185525] 14:15:47.449208 openat(AT_FDCWD, "/usr/share/fonts/truetype/noto/NotoSerifTelugu-Regular.ttf", O_RDONLY|O_CLOEXEC) = 3
[pid 185525] 14:15:47.449385 openat(AT_FDCWD, "/usr/share/fonts/truetype/noto/NotoSerifThai-Bold.ttf", O_RDONLY|O_CLOEXEC) = 3
[pid 185525] 14:15:47.449547 openat(AT_FDCWD, "/usr/share/fonts/truetype/noto/NotoSerifThai-Regular.ttf", O_RDONLY|O_CLOEXEC) = 3
[pid 185525] 14:15:47.449707 openat(AT_FDCWD, "/usr/share/fonts/truetype/noto/NotoSerifTibetan-Bold.ttf", O_RDONLY|O_CLOEXEC) = 3
[pid 185525] 14:15:47.449884 openat(AT_FDCWD, "/usr/share/fonts/truetype/noto/NotoSerifTibetan-Regular.ttf", O_RDONLY|O_CLOEXEC) = 3
[pid 185525] 14:15:47.450048 openat(AT_FDCWD, "/usr/share/fonts/truetype/noto/NotoSerifYezidi-Bold.ttf", O_RDONLY|O_CLOEXEC) = 3
[pid 185525] 14:15:47.450194 openat(AT_FDCWD, "/usr/share/fonts/truetype/noto/NotoSerifYezidi-Regular.ttf", O_RDONLY|O_CLOEXEC) = 3
[pid 185525] 14:15:47.450336 openat(AT_FDCWD, "/usr/share/fonts/truetype/noto/NotoTraditionalNushu-Regular.ttf", O_RDONLY|O_CLOEXEC) = 3
[pid 185525] 14:15:47.450493 openat(AT_FDCWD, "/usr/share/fonts/truetype/noto/NotoColorEmoji.ttf", O_RDONLY|O_CLOEXEC) = 3
[pid 185525] 14:15:47.450655 openat(AT_FDCWD, "/usr/share/fonts/truetype/ubuntu/Ubuntu[wdth,wght].ttf", O_RDONLY|O_CLOEXEC) = 3
[pid 185525] 14:15:47.450826 openat(AT_FDCWD, "/usr/share/fonts/truetype/ubuntu/Ubuntu-Italic[wdth,wght].ttf", O_RDONLY|O_CLOEXEC) = 3
[pid 185525] 14:15:47.451004 openat(AT_FDCWD, "/usr/share/fonts/truetype/ubuntu/UbuntuMono[wght].ttf", O_RDONLY|O_CLOEXEC) = 3
[pid 185525] 14:15:47.451172 openat(AT_FDCWD, "/usr/share/fonts/truetype/ubuntu/UbuntuMono-Italic[wght].ttf", O_RDONLY|O_CLOEXEC) = 3
[pid 185525] 14:15:47.451335 openat(AT_FDCWD, "/usr/share/fonts/truetype/ubuntu/UbuntuSans-Italic[wdth,wght].ttf", O_RDONLY|O_CLOEXEC) = 3
[pid 185525] 14:15:47.451504 openat(AT_FDCWD, "/usr/share/fonts/truetype/ubuntu/UbuntuSansMono-Italic[wght].ttf", O_RDONLY|O_CLOEXEC) = 3
[pid 185525] 14:15:47.451672 openat(AT_FDCWD, "/usr/share/fonts/truetype/ubuntu/UbuntuSansMono[wght].ttf", O_RDONLY|O_CLOEXEC) = 3
[pid 185525] 14:15:47.451836 openat(AT_FDCWD, "/usr/share/fonts/truetype/ubuntu/UbuntuSans[wdth,wght].ttf", O_RDONLY|O_CLOEXEC) = 3
[pid 185525] 14:15:47.452014 openat(AT_FDCWD, "/usr/share/fonts/truetype/tuffy/tuffy_bold.ttf", O_RDONLY|O_CLOEXEC) = 3
[pid 185525] 14:15:47.452178 openat(AT_FDCWD, "/usr/share/fonts/truetype/tuffy/tuffy_bold_italic.ttf", O_RDONLY|O_CLOEXEC) = 3
[pid 185525] 14:15:47.452359 openat(AT_FDCWD, "/usr/share/fonts/truetype/tuffy/tuffy_italic.ttf", O_RDONLY|O_CLOEXEC) = 3
[pid 185525] 14:15:47.452575 openat(AT_FDCWD, "/usr/share/fonts/truetype/tuffy/tuffy_regular.ttf", O_RDONLY|O_CLOEXEC) = 3
[pid 185525] 14:15:47.452772 openat(AT_FDCWD, "/usr/share/fonts/truetype/lyx/cmex10.ttf", O_RDONLY|O_CLOEXEC) = 3
[pid 185525] 14:15:47.452924 openat(AT_FDCWD, "/usr/share/fonts/truetype/lyx/cmmi10.ttf", O_RDONLY|O_CLOEXEC) = 3
[pid 185525] 14:15:47.453072 openat(AT_FDCWD, "/usr/share/fonts/truetype/lyx/cmr10.ttf", O_RDONLY|O_CLOEXEC) = 3
[pid 185525] 14:15:47.453217 openat(AT_FDCWD, "/usr/share/fonts/truetype/lyx/cmsy10.ttf", O_RDONLY|O_CLOEXEC) = 3
[pid 185525] 14:15:47.453381 openat(AT_FDCWD, "/usr/share/fonts/truetype/lyx/dsrom10.ttf", O_RDONLY|O_CLOEXEC) = 3
[pid 185525] 14:15:47.453576 openat(AT_FDCWD, "/usr/share/fonts/truetype/lyx/esint10.ttf", O_RDONLY|O_CLOEXEC) = 3
[pid 185525] 14:15:47.453746 openat(AT_FDCWD, "/usr/share/fonts/truetype/lyx/eufm10.ttf", O_RDONLY|O_CLOEXEC) = 3
[pid 185525] 14:15:47.453912 openat(AT_FDCWD, "/usr/share/fonts/truetype/lyx/msam10.ttf", O_RDONLY|O_CLOEXEC) = 3
[pid 185525] 14:15:47.454087 openat(AT_FDCWD, "/usr/share/fonts/truetype/lyx/msbm10.ttf", O_RDONLY|O_CLOEXEC) = 3
[pid 185525] 14:15:47.454247 openat(AT_FDCWD, "/usr/share/fonts/truetype/lyx/rsfs10.ttf", O_RDONLY|O_CLOEXEC) = 3
[pid 185525] 14:15:47.454404 openat(AT_FDCWD, "/usr/share/fonts/truetype/lyx/stmary10.ttf", O_RDONLY|O_CLOEXEC) = 3
[pid 185525] 14:15:47.454562 openat(AT_FDCWD, "/usr/share/fonts/truetype/lyx/wasy10.ttf", O_RDONLY|O_CLOEXEC) = 3
[pid 185525] 14:15:47.454720 openat(AT_FDCWD, "/usr/share/fonts/truetype/open-sans/OpenSans-Bold.ttf", O_RDONLY|O_CLOEXEC) = 3
[pid 185525] 14:15:47.454910 openat(AT_FDCWD, "/usr/share/fonts/truetype/open-sans/OpenSans-BoldItalic.ttf", O_RDONLY|O_CLOEXEC) = 3
[pid 185525] 14:15:47.455086 openat(AT_FDCWD, "/usr/share/fonts/truetype/open-sans/OpenSans-CondBold.ttf", O_RDONLY|O_CLOEXEC) = 3
[pid 185525] 14:15:47.455254 openat(AT_FDCWD, "/usr/share/fonts/truetype/open-sans/OpenSans-CondLight.ttf", O_RDONLY|O_CLOEXEC) = 3
[pid 185525] 14:15:47.455421 openat(AT_FDCWD, "/usr/share/fonts/truetype/open-sans/OpenSans-CondLightItalic.ttf", O_RDONLY|O_CLOEXEC) = 3
[pid 185525] 14:15:47.455585 openat(AT_FDCWD, "/usr/share/fonts/truetype/open-sans/OpenSans-ExtraBold.ttf", O_RDONLY|O_CLOEXEC) = 3
[pid 185525] 14:15:47.455750 openat(AT_FDCWD, "/usr/share/fonts/truetype/open-sans/OpenSans-ExtraBoldItalic.ttf", O_RDONLY|O_CLOEXEC) = 3
[pid 185525] 14:15:47.455922 openat(AT_FDCWD, "/usr/share/fonts/truetype/open-sans/OpenSans-Italic.ttf", O_RDONLY|O_CLOEXEC) = 3
[pid 185525] 14:15:47.456095 openat(AT_FDCWD, "/usr/share/fonts/truetype/open-sans/OpenSans-Light.ttf", O_RDONLY|O_CLOEXEC) = 3
[pid 185525] 14:15:47.456262 openat(AT_FDCWD, "/usr/share/fonts/truetype/open-sans/OpenSans-LightItalic.ttf", O_RDONLY|O_CLOEXEC) = 3
[pid 185525] 14:15:47.456426 openat(AT_FDCWD, "/usr/share/fonts/truetype/open-sans/OpenSans-Regular.ttf", O_RDONLY|O_CLOEXEC) = 3
[pid 185525] 14:15:47.456591 openat(AT_FDCWD, "/usr/share/fonts/truetype/open-sans/OpenSans-Semibold.ttf", O_RDONLY|O_CLOEXEC) = 3
[pid 185525] 14:15:47.456756 openat(AT_FDCWD, "/usr/share/fonts/truetype/open-sans/OpenSans-SemiboldItalic.ttf", O_RDONLY|O_CLOEXEC) = 3
[pid 185525] 14:15:47.456924 openat(AT_FDCWD, "/usr/share/fonts/truetype/lato/Lato-Black.ttf", O_RDONLY|O_CLOEXEC) = 3
[pid 185525] 14:15:47.457110 openat(AT_FDCWD, "/usr/share/fonts/truetype/lato/Lato-BlackItalic.ttf", O_RDONLY|O_CLOEXEC) = 3
[pid 185525] 14:15:47.457290 openat(AT_FDCWD, "/usr/share/fonts/truetype/lato/Lato-Bold.ttf", O_RDONLY|O_CLOEXEC) = 3
[pid 185525] 14:15:47.457476 openat(AT_FDCWD, "/usr/share/fonts/truetype/lato/Lato-BoldItalic.ttf", O_RDONLY|O_CLOEXEC) = 3
[pid 185525] 14:15:47.457659 openat(AT_FDCWD, "/usr/share/fonts/truetype/lato/Lato-Hairline.ttf", O_RDONLY|O_CLOEXEC) = 3
[pid 185525] 14:15:47.457835 openat(AT_FDCWD, "/usr/share/fonts/truetype/lato/Lato-HairlineItalic.ttf", O_RDONLY|O_CLOEXEC) = 3
[pid 185525] 14:15:47.458025 openat(AT_FDCWD, "/usr/share/fonts/truetype/lato/Lato-Heavy.ttf", O_RDONLY|O_CLOEXEC) = 3
[pid 185525] 14:15:47.458208 openat(AT_FDCWD, "/usr/share/fonts/truetype/lato/Lato-HeavyItalic.ttf", O_RDONLY|O_CLOEXEC) = 3
[pid 185525] 14:15:47.458386 openat(AT_FDCWD, "/usr/share/fonts/truetype/lato/Lato-Italic.ttf", O_RDONLY|O_CLOEXEC) = 3
[pid 185525] 14:15:47.458569 openat(AT_FDCWD, "/usr/share/fonts/truetype/lato/Lato-Light.ttf", O_RDONLY|O_CLOEXEC) = 3
[pid 185525] 14:15:47.458749 openat(AT_FDCWD, "/usr/share/fonts/truetype/lato/Lato-LightItalic.ttf", O_RDONLY|O_CLOEXEC) = 3
[pid 185525] 14:15:47.458934 openat(AT_FDCWD, "/usr/share/fonts/truetype/lato/Lato-Medium.ttf", O_RDONLY|O_CLOEXEC) = 3
[pid 185525] 14:15:47.459136 openat(AT_FDCWD, "/usr/share/fonts/truetype/lato/Lato-MediumItalic.ttf", O_RDONLY|O_CLOEXEC) = 3
[pid 185525] 14:15:47.459314 openat(AT_FDCWD, "/usr/share/fonts/truetype/lato/Lato-Regular.ttf", O_RDONLY|O_CLOEXEC) = 3
[pid 185525] 14:15:47.459496 openat(AT_FDCWD, "/usr/share/fonts/truetype/lato/Lato-Semibold.ttf", O_RDONLY|O_CLOEXEC) = 3
[pid 185525] 14:15:47.459689 openat(AT_FDCWD, "/usr/share/fonts/truetype/lato/Lato-SemiboldItalic.ttf", O_RDONLY|O_CLOEXEC) = 3
[pid 185525] 14:15:47.459883 openat(AT_FDCWD, "/usr/share/fonts/truetype/lato/Lato-Thin.ttf", O_RDONLY|O_CLOEXEC) = 3
[pid 185525] 14:15:47.460115 openat(AT_FDCWD, "/usr/share/fonts/truetype/lato/Lato-ThinItalic.ttf", O_RDONLY|O_CLOEXEC) = 3
[pid 185525] 14:15:47.460316 openat(AT_FDCWD, "/usr/share/fonts/truetype/adf/OldaniaADFStd-Bold.otf", O_RDONLY|O_CLOEXEC) = 3
[pid 185525] 14:15:47.460488 openat(AT_FDCWD, "/usr/share/fonts/truetype/adf/OldaniaADFStd-BoldItalic.otf", O_RDONLY|O_CLOEXEC) = 3
[pid 185525] 14:15:47.460656 openat(AT_FDCWD, "/usr/share/fonts/truetype/adf/OldaniaADFStd-Italic.otf", O_RDONLY|O_CLOEXEC) = 3
[pid 185525] 14:15:47.460823 openat(AT_FDCWD, "/usr/share/fonts/truetype/adf/OldaniaADFStd-Regular.otf", O_RDONLY|O_CLOEXEC) = 3
[pid 185525] 14:15:47.460999 openat(AT_FDCWD, "/usr/share/fonts/truetype/font-awesome/fontawesome-webfont.ttf", O_RDONLY|O_CLOEXEC) = 3
[pid 185525] 14:15:47.461162 openat(AT_FDCWD, "/usr/share/fonts/truetype/glyphicons/glyphicons-halflings-regular.ttf", O_RDONLY|O_CLOEXEC) = 3
[pid 185525] 14:15:47.461322 openat(AT_FDCWD, "/usr/share/fonts/truetype/gfonts/alegreya/alegreya-v13-latin-700.ttf", O_RDONLY|O_CLOEXEC) = 3
[pid 185525] 14:15:47.461477 openat(AT_FDCWD, "/usr/share/fonts/truetype/gfonts/alegreya/alegreya-v13-latin-italic.ttf", O_RDONLY|O_CLOEXEC) = 3
[pid 185525] 14:15:47.461633 openat(AT_FDCWD, "/usr/share/fonts/truetype/gfonts/alegreya/alegreya-v13-latin-regular.ttf", O_RDONLY|O_CLOEXEC) = 3
[pid 185525] 14:15:47.461786 openat(AT_FDCWD, "/usr/share/fonts/truetype/gfonts/baloo/baloo-2-v1-latin-regular.ttf", O_RDONLY|O_CLOEXEC) = 3
[pid 185525] 14:15:47.461950 openat(AT_FDCWD, "/usr/share/fonts/truetype/gfonts/happy-monkey/happy-monkey-v8-latin-regular.ttf", O_RDONLY|O_CLOEXEC) = 3
[pid 185525] 14:15:47.462105 openat(AT_FDCWD, "/usr/share/fonts/truetype/gfonts/henny-penny/henny-penny-v7-latin-regular.ttf", O_RDONLY|O_CLOEXEC) = 3
[pid 185525] 14:15:47.462261 openat(AT_FDCWD, "/usr/share/fonts/truetype/gfonts/lato/lato-v16-latin-300italic.ttf", O_RDONLY|O_CLOEXEC) = 3
[pid 185525] 14:15:47.462413 openat(AT_FDCWD, "/usr/share/fonts/truetype/gfonts/lato/lato-v16-latin-700.ttf", O_RDONLY|O_CLOEXEC) = 3
[pid 185525] 14:15:47.462566 openat(AT_FDCWD, "/usr/share/fonts/truetype/gfonts/lato/lato-v16-latin-regular.ttf", O_RDONLY|O_CLOEXEC) = 3
[pid 185525] 14:15:47.462720 openat(AT_FDCWD, "/usr/share/fonts/truetype/gfonts/montserrat/montserrat-v14-latin-300italic.ttf", O_RDONLY|O_CLOEXEC) = 3
[pid 185525] 14:15:47.462872 openat(AT_FDCWD, "/usr/share/fonts/truetype/gfonts/montserrat/montserrat-v14-latin-700.ttf", O_RDONLY|O_CLOEXEC) = 3
[pid 185525] 14:15:47.463035 openat(AT_FDCWD, "/usr/share/fonts/truetype/gfonts/montserrat/montserrat-v14-latin-regular.ttf", O_RDONLY|O_CLOEXEC) = 3
[pid 185525] 14:15:47.463187 openat(AT_FDCWD, "/usr/share/fonts/truetype/gfonts/nunito-sans/nunito-sans-v5-latin-700.ttf", O_RDONLY|O_CLOEXEC) = 3
[pid 185525] 14:15:47.463337 openat(AT_FDCWD, "/usr/share/fonts/truetype/gfonts/nunito-sans/nunito-sans-v5-latin-italic.ttf", O_RDONLY|O_CLOEXEC) = 3
[pid 185525] 14:15:47.463487 openat(AT_FDCWD, "/usr/share/fonts/truetype/gfonts/nunito-sans/nunito-sans-v5-latin-regular.ttf", O_RDONLY|O_CLOEXEC) = 3
[pid 185525] 14:15:47.463638 openat(AT_FDCWD, "/usr/share/fonts/truetype/gfonts/roboto/roboto-v20-latin-300italic.ttf", O_RDONLY|O_CLOEXEC) = 3
[pid 185525] 14:15:47.463794 openat(AT_FDCWD, "/usr/share/fonts/truetype/gfonts/roboto/roboto-v20-latin-700.ttf", O_RDONLY|O_CLOEXEC) = 3
[pid 185525] 14:15:47.463972 openat(AT_FDCWD, "/usr/share/fonts/truetype/gfonts/roboto/roboto-v20-latin-regular.ttf", O_RDONLY|O_CLOEXEC) = 3
[pid 185525] 14:15:47.464125 openat(AT_FDCWD, "/usr/share/fonts/truetype/ttf-bitstream-vera/Vera.ttf", O_RDONLY|O_CLOEXEC) = 3
[pid 185525] 14:15:47.464277 openat(AT_FDCWD, "/usr/share/fonts/truetype/ttf-bitstream-vera/VeraBI.ttf", O_RDONLY|O_CLOEXEC) = 3
[pid 185525] 14:15:47.464438 openat(AT_FDCWD, "/usr/share/fonts/truetype/ttf-bitstream-vera/VeraBd.ttf", O_RDONLY|O_CLOEXEC) = 3
[pid 185525] 14:15:47.464587 openat(AT_FDCWD, "/usr/share/fonts/truetype/ttf-bitstream-vera/VeraIt.ttf", O_RDONLY|O_CLOEXEC) = 3
[pid 185525] 14:15:47.464737 openat(AT_FDCWD, "/usr/share/fonts/truetype/ttf-bitstream-vera/VeraMoBI.ttf", O_RDONLY|O_CLOEXEC) = 3
[pid 185525] 14:15:47.464884 openat(AT_FDCWD, "/usr/share/fonts/truetype/ttf-bitstream-vera/VeraMoBd.ttf", O_RDONLY|O_CLOEXEC) = 3
[pid 185525] 14:15:47.465070 openat(AT_FDCWD, "/usr/share/fonts/truetype/ttf-bitstream-vera/VeraMoIt.ttf", O_RDONLY|O_CLOEXEC) = 3
[pid 185525] 14:15:47.465223 openat(AT_FDCWD, "/usr/share/fonts/truetype/ttf-bitstream-vera/VeraMono.ttf", O_RDONLY|O_CLOEXEC) = 3
[pid 185525] 14:15:47.465373 openat(AT_FDCWD, "/usr/share/fonts/truetype/ttf-bitstream-vera/VeraSe.ttf", O_RDONLY|O_CLOEXEC) = 3
[pid 185525] 14:15:47.465533 openat(AT_FDCWD, "/usr/share/fonts/truetype/ttf-bitstream-vera/VeraSeBd.ttf", O_RDONLY|O_CLOEXEC) = 3
[pid 185525] 14:15:47.465682 openat(AT_FDCWD, "/home/dikluwe/.local/share/fonts/AdwaitaMono/AdwaitaMonoNerdFont-BoldItalic.ttf", O_RDONLY|O_CLOEXEC) = 3
[pid 185525] 14:15:47.466199 openat(AT_FDCWD, "/home/dikluwe/.local/share/fonts/AdwaitaMono/AdwaitaMonoNerdFontMono-Regular.ttf", O_RDONLY|O_CLOEXEC) = 3
[pid 185525] 14:15:47.466697 openat(AT_FDCWD, "/home/dikluwe/.local/share/fonts/AdwaitaMono/AdwaitaMonoNerdFont-Regular.ttf", O_RDONLY|O_CLOEXEC) = 3
[pid 185525] 14:15:47.467206 openat(AT_FDCWD, "/home/dikluwe/.local/share/fonts/AdwaitaMono/AdwaitaMonoNerdFontPropo-Regular.ttf", O_RDONLY|O_CLOEXEC) = 3
[pid 185525] 14:15:47.467722 openat(AT_FDCWD, "/home/dikluwe/.local/share/fonts/AdwaitaMono/AdwaitaMonoNerdFontMono-BoldItalic.ttf", O_RDONLY|O_CLOEXEC) = 3
[pid 185525] 14:15:47.468313 openat(AT_FDCWD, "/home/dikluwe/.local/share/fonts/AdwaitaMono/AdwaitaMonoNerdFont-Bold.ttf", O_RDONLY|O_CLOEXEC) = 3
[pid 185525] 14:15:47.468883 openat(AT_FDCWD, "/home/dikluwe/.local/share/fonts/AdwaitaMono/AdwaitaMonoNerdFontPropo-Italic.ttf", O_RDONLY|O_CLOEXEC) = 3
[pid 185525] 14:15:47.469366 openat(AT_FDCWD, "/home/dikluwe/.local/share/fonts/AdwaitaMono/AdwaitaMonoNerdFontPropo-Bold.ttf", O_RDONLY|O_CLOEXEC) = 3
[pid 185525] 14:15:47.469820 openat(AT_FDCWD, "/home/dikluwe/.local/share/fonts/AdwaitaMono/AdwaitaMonoNerdFontPropo-BoldItalic.ttf", O_RDONLY|O_CLOEXEC) = 3
[pid 185525] 14:15:47.470285 openat(AT_FDCWD, "/home/dikluwe/.local/share/fonts/AdwaitaMono/AdwaitaMonoNerdFont-Italic.ttf", O_RDONLY|O_CLOEXEC) = 3
[pid 185525] 14:15:47.470756 openat(AT_FDCWD, "/home/dikluwe/.local/share/fonts/AdwaitaMono/AdwaitaMonoNerdFontMono-Italic.ttf", O_RDONLY|O_CLOEXEC) = 3
[pid 185525] 14:15:47.471223 openat(AT_FDCWD, "/home/dikluwe/.local/share/fonts/AdwaitaMono/AdwaitaMonoNerdFontMono-Bold.ttf", O_RDONLY|O_CLOEXEC) = 3
[pid 185525] 14:15:47.471678 openat(AT_FDCWD, "/home/dikluwe/.local/share/fonts/Agave/AgaveNerdFont-Bold.ttf", O_RDONLY|O_CLOEXEC) = 3
[pid 185525] 14:15:47.472031 openat(AT_FDCWD, "/home/dikluwe/.local/share/fonts/Agave/AgaveNerdFontMono-Regular.ttf", O_RDONLY|O_CLOEXEC) = 3
[pid 185525] 14:15:47.472404 openat(AT_FDCWD, "/home/dikluwe/.local/share/fonts/Agave/AgaveNerdFontMono-Bold.ttf", O_RDONLY|O_CLOEXEC) = 3
[pid 185525] 14:15:47.472733 openat(AT_FDCWD, "/home/dikluwe/.local/share/fonts/Agave/AgaveNerdFontPropo-Bold.ttf", O_RDONLY|O_CLOEXEC) = 3
[pid 185525] 14:15:47.473088 openat(AT_FDCWD, "/home/dikluwe/.local/share/fonts/Agave/AgaveNerdFont-Regular.ttf", O_RDONLY|O_CLOEXEC) = 3
[pid 185525] 14:15:47.473546 openat(AT_FDCWD, "/home/dikluwe/.local/share/fonts/Agave/AgaveNerdFontPropo-Regular.ttf", O_RDONLY|O_CLOEXEC) = 3
[pid 185525] 14:15:47.473999 openat(AT_FDCWD, "/home/dikluwe/.local/share/fonts/Arimo/ArimoNerdFont-Italic.ttf", O_RDONLY|O_CLOEXEC) = 3
[pid 185525] 14:15:47.474431 openat(AT_FDCWD, "/home/dikluwe/.local/share/fonts/Arimo/ArimoNerdFontPropo-Italic.ttf", O_RDONLY|O_CLOEXEC) = 3
[pid 185525] 14:15:47.474844 openat(AT_FDCWD, "/home/dikluwe/.local/share/fonts/Arimo/ArimoNerdFont-BoldItalic.ttf", O_RDONLY|O_CLOEXEC) = 3
[pid 185525] 14:15:47.475268 openat(AT_FDCWD, "/home/dikluwe/.local/share/fonts/Arimo/ArimoNerdFontPropo-BoldItalic.ttf", O_RDONLY|O_CLOEXEC) = 3
[pid 185525] 14:15:47.475727 openat(AT_FDCWD, "/home/dikluwe/.local/share/fonts/Arimo/ArimoNerdFontPropo-Regular.ttf", O_RDONLY|O_CLOEXEC) = 3
[pid 185525] 14:15:47.476205 openat(AT_FDCWD, "/home/dikluwe/.local/share/fonts/Arimo/ArimoNerdFont-Regular.ttf", O_RDONLY|O_CLOEXEC) = 3
[pid 185525] 14:15:47.476700 openat(AT_FDCWD, "/home/dikluwe/.local/share/fonts/Arimo/ArimoNerdFontPropo-Bold.ttf", O_RDONLY|O_CLOEXEC) = 3
[pid 185525] 14:15:47.477276 openat(AT_FDCWD, "/home/dikluwe/.local/share/fonts/Arimo/ArimoNerdFont-Bold.ttf", O_RDONLY|O_CLOEXEC) = 3
[pid 185525] 14:15:47.477778 openat(AT_FDCWD, "/home/dikluwe/.local/share/fonts/CodeNewRoman/CodeNewRomanNerdFont-Italic.otf", O_RDONLY|O_CLOEXEC) = 3
[pid 185525] 14:15:47.478247 openat(AT_FDCWD, "/home/dikluwe/.local/share/fonts/CodeNewRoman/CodeNewRomanNerdFontPropo-Italic.otf", O_RDONLY|O_CLOEXEC) = 3
[pid 185525] 14:15:47.478668 openat(AT_FDCWD, "/home/dikluwe/.local/share/fonts/CodeNewRoman/CodeNewRomanNerdFontMono-Italic.otf", O_RDONLY|O_CLOEXEC) = 3
[pid 185525] 14:15:47.479125 openat(AT_FDCWD, "/home/dikluwe/.local/share/fonts/CodeNewRoman/CodeNewRomanNerdFontPropo-Regular.otf", O_RDONLY|O_CLOEXEC) = 3
[pid 185525] 14:15:47.479582 openat(AT_FDCWD, "/home/dikluwe/.local/share/fonts/CodeNewRoman/CodeNewRomanNerdFontMono-Regular.otf", O_RDONLY|O_CLOEXEC) = 3
[pid 185525] 14:15:47.480041 openat(AT_FDCWD, "/home/dikluwe/.local/share/fonts/CodeNewRoman/CodeNewRomanNerdFont-Regular.otf", O_RDONLY|O_CLOEXEC) = 3
[pid 185525] 14:15:47.480493 openat(AT_FDCWD, "/home/dikluwe/.local/share/fonts/CodeNewRoman/CodeNewRomanNerdFont-Bold.otf", O_RDONLY|O_CLOEXEC) = 3
[pid 185525] 14:15:47.480948 openat(AT_FDCWD, "/home/dikluwe/.local/share/fonts/CodeNewRoman/CodeNewRomanNerdFontPropo-Bold.otf", O_RDONLY|O_CLOEXEC) = 3
[pid 185525] 14:15:47.481405 openat(AT_FDCWD, "/home/dikluwe/.local/share/fonts/CodeNewRoman/CodeNewRomanNerdFontMono-Bold.otf", O_RDONLY|O_CLOEXEC) = 3
[pid 185525] 14:15:47.481849 openat(AT_FDCWD, "/home/dikluwe/.local/share/fonts/CommitMono/CommitMonoNerdFontMono-BoldItalic.otf", O_RDONLY|O_CLOEXEC) = 3
[pid 185525] 14:15:47.482242 openat(AT_FDCWD, "/home/dikluwe/.local/share/fonts/CommitMono/CommitMonoNerdFontPropo-Regular.otf", O_RDONLY|O_CLOEXEC) = 3
[pid 185525] 14:15:47.482633 openat(AT_FDCWD, "/home/dikluwe/.local/share/fonts/CommitMono/CommitMonoNerdFont-Regular.otf", O_RDONLY|O_CLOEXEC) = 3
[pid 185525] 14:15:47.483017 openat(AT_FDCWD, "/home/dikluwe/.local/share/fonts/CommitMono/CommitMonoNerdFontMono-Regular.otf", O_RDONLY|O_CLOEXEC) = 3
[pid 185525] 14:15:47.483399 openat(AT_FDCWD, "/home/dikluwe/.local/share/fonts/CommitMono/CommitMonoNerdFont-Italic.otf", O_RDONLY|O_CLOEXEC) = 3
[pid 185525] 14:15:47.483782 openat(AT_FDCWD, "/home/dikluwe/.local/share/fonts/CommitMono/CommitMonoNerdFontMono-Bold.otf", O_RDONLY|O_CLOEXEC) = 3
[pid 185525] 14:15:47.484176 openat(AT_FDCWD, "/home/dikluwe/.local/share/fonts/CommitMono/CommitMonoNerdFontPropo-Italic.otf", O_RDONLY|O_CLOEXEC) = 3
[pid 185525] 14:15:47.484566 openat(AT_FDCWD, "/home/dikluwe/.local/share/fonts/CommitMono/CommitMonoNerdFont-Bold.otf", O_RDONLY|O_CLOEXEC) = 3
[pid 185525] 14:15:47.484952 openat(AT_FDCWD, "/home/dikluwe/.local/share/fonts/CommitMono/CommitMonoNerdFontPropo-Bold.otf", O_RDONLY|O_CLOEXEC) = 3
[pid 185525] 14:15:47.485342 openat(AT_FDCWD, "/home/dikluwe/.local/share/fonts/CommitMono/CommitMonoNerdFont-BoldItalic.otf", O_RDONLY|O_CLOEXEC) = 3
[pid 185525] 14:15:47.485726 openat(AT_FDCWD, "/home/dikluwe/.local/share/fonts/CommitMono/CommitMonoNerdFontPropo-BoldItalic.otf", O_RDONLY|O_CLOEXEC) = 3
[pid 185525] 14:15:47.486141 openat(AT_FDCWD, "/home/dikluwe/.local/share/fonts/CommitMono/CommitMonoNerdFontMono-Italic.otf", O_RDONLY|O_CLOEXEC) = 3
[pid 185525] 14:15:47.486526 openat(AT_FDCWD, "/home/dikluwe/.local/share/fonts/FiraCode/FiraCodeNerdFontMono-SemiBold.ttf", O_RDONLY|O_CLOEXEC) = 3
[pid 185525] 14:15:47.486943 openat(AT_FDCWD, "/home/dikluwe/.local/share/fonts/FiraCode/FiraCodeNerdFont-SemiBold.ttf", O_RDONLY|O_CLOEXEC) = 3
[pid 185525] 14:15:47.487353 openat(AT_FDCWD, "/home/dikluwe/.local/share/fonts/FiraCode/FiraCodeNerdFontPropo-SemiBold.ttf", O_RDONLY|O_CLOEXEC) = 3
[pid 185525] 14:15:47.487752 openat(AT_FDCWD, "/home/dikluwe/.local/share/fonts/FiraCode/FiraCodeNerdFontPropo-Regular.ttf", O_RDONLY|O_CLOEXEC) = 3
[pid 185525] 14:15:47.488163 openat(AT_FDCWD, "/home/dikluwe/.local/share/fonts/FiraCode/FiraCodeNerdFont-Regular.ttf", O_RDONLY|O_CLOEXEC) = 3
[pid 185525] 14:15:47.488564 openat(AT_FDCWD, "/home/dikluwe/.local/share/fonts/FiraCode/FiraCodeNerdFontMono-Regular.ttf", O_RDONLY|O_CLOEXEC) = 3
[pid 185525] 14:15:47.488973 openat(AT_FDCWD, "/home/dikluwe/.local/share/fonts/FiraCode/FiraCodeNerdFontPropo-Retina.ttf", O_RDONLY|O_CLOEXEC) = 3
[pid 185525] 14:15:47.489384 openat(AT_FDCWD, "/home/dikluwe/.local/share/fonts/FiraCode/FiraCodeNerdFontMono-Retina.ttf", O_RDONLY|O_CLOEXEC) = 3
[pid 185525] 14:15:47.489783 openat(AT_FDCWD, "/home/dikluwe/.local/share/fonts/FiraCode/FiraCodeNerdFont-Retina.ttf", O_RDONLY|O_CLOEXEC) = 3
[pid 185525] 14:15:47.490191 openat(AT_FDCWD, "/home/dikluwe/.local/share/fonts/FiraCode/FiraCodeNerdFontMono-Medium.ttf", O_RDONLY|O_CLOEXEC) = 3
[pid 185525] 14:15:47.490589 openat(AT_FDCWD, "/home/dikluwe/.local/share/fonts/FiraCode/FiraCodeNerdFont-Medium.ttf", O_RDONLY|O_CLOEXEC) = 3
[pid 185525] 14:15:47.490992 openat(AT_FDCWD, "/home/dikluwe/.local/share/fonts/FiraCode/FiraCodeNerdFontPropo-Medium.ttf", O_RDONLY|O_CLOEXEC) = 3
[pid 185525] 14:15:47.491387 openat(AT_FDCWD, "/home/dikluwe/.local/share/fonts/FiraCode/FiraCodeNerdFont-Bold.ttf", O_RDONLY|O_CLOEXEC) = 3
[pid 185525] 14:15:47.491795 openat(AT_FDCWD, "/home/dikluwe/.local/share/fonts/FiraCode/FiraCodeNerdFontMono-Bold.ttf", O_RDONLY|O_CLOEXEC) = 3
[pid 185525] 14:15:47.492200 openat(AT_FDCWD, "/home/dikluwe/.local/share/fonts/FiraCode/FiraCodeNerdFontPropo-Bold.ttf", O_RDONLY|O_CLOEXEC) = 3
[pid 185525] 14:15:47.492597 openat(AT_FDCWD, "/home/dikluwe/.local/share/fonts/FiraCode/FiraCodeNerdFontMono-Light.ttf", O_RDONLY|O_CLOEXEC) = 3
[pid 185525] 14:15:47.493004 openat(AT_FDCWD, "/home/dikluwe/.local/share/fonts/FiraCode/FiraCodeNerdFont-Light.ttf", O_RDONLY|O_CLOEXEC) = 3
[pid 185525] 14:15:47.493400 openat(AT_FDCWD, "/home/dikluwe/.local/share/fonts/FiraCode/FiraCodeNerdFontPropo-Light.ttf", O_RDONLY|O_CLOEXEC) = 3
[pid 185525] 14:15:47.493807 openat(AT_FDCWD, "/home/dikluwe/.local/share/fonts/GeistMono/GeistMonoNerdFontPropo-UltraBlack.otf", O_RDONLY|O_CLOEXEC) = 3
[pid 185525] 14:15:47.494178 openat(AT_FDCWD, "/home/dikluwe/.local/share/fonts/GeistMono/GeistMonoNerdFont-Light.otf", O_RDONLY|O_CLOEXEC) = 3
[pid 185525] 14:15:47.494542 openat(AT_FDCWD, "/home/dikluwe/.local/share/fonts/GeistMono/GeistMonoNerdFontPropo-SemiBold.otf", O_RDONLY|O_CLOEXEC) = 3
[pid 185525] 14:15:47.494906 openat(AT_FDCWD, "/home/dikluwe/.local/share/fonts/GeistMono/GeistMonoNerdFontMono-Medium.otf", O_RDONLY|O_CLOEXEC) = 3
[pid 185525] 14:15:47.495291 openat(AT_FDCWD, "/home/dikluwe/.local/share/fonts/GeistMono/GeistMonoNerdFont-Regular.otf", O_RDONLY|O_CLOEXEC) = 3
[pid 185525] 14:15:47.495658 openat(AT_FDCWD, "/home/dikluwe/.local/share/fonts/GeistMono/GeistMonoNerdFontMono-Bold.otf", O_RDONLY|O_CLOEXEC) = 3
[pid 185525] 14:15:47.496024 openat(AT_FDCWD, "/home/dikluwe/.local/share/fonts/GeistMono/GeistMonoNerdFontPropo-Black.otf", O_RDONLY|O_CLOEXEC) = 3
[pid 185525] 14:15:47.496422 openat(AT_FDCWD, "/home/dikluwe/.local/share/fonts/GeistMono/GeistMonoNerdFontPropo-Light.otf", O_RDONLY|O_CLOEXEC) = 3
[pid 185525] 14:15:47.496820 openat(AT_FDCWD, "/home/dikluwe/.local/share/fonts/GeistMono/GeistMonoNerdFontMono-Regular.otf", O_RDONLY|O_CLOEXEC) = 3
[pid 185525] 14:15:47.497227 openat(AT_FDCWD, "/home/dikluwe/.local/share/fonts/GeistMono/GeistMonoNerdFont-SemiBold.otf", O_RDONLY|O_CLOEXEC) = 3
[pid 185525] 14:15:47.497610 openat(AT_FDCWD, "/home/dikluwe/.local/share/fonts/GeistMono/GeistMonoNerdFont-UltraBlack.otf", O_RDONLY|O_CLOEXEC) = 3
[pid 185525] 14:15:47.498008 openat(AT_FDCWD, "/home/dikluwe/.local/share/fonts/GeistMono/GeistMonoNerdFontMono-UltraBlack.otf", O_RDONLY|O_CLOEXEC) = 3
[pid 185525] 14:15:47.498390 openat(AT_FDCWD, "/home/dikluwe/.local/share/fonts/GeistMono/GeistMonoNerdFont-Black.otf", O_RDONLY|O_CLOEXEC) = 3
[pid 185525] 14:15:47.498774 openat(AT_FDCWD, "/home/dikluwe/.local/share/fonts/GeistMono/GeistMonoNerdFont-UltraLight.otf", O_RDONLY|O_CLOEXEC) = 3
[pid 185525] 14:15:47.499175 openat(AT_FDCWD, "/home/dikluwe/.local/share/fonts/GeistMono/GeistMonoNerdFontPropo-UltraLight.otf", O_RDONLY|O_CLOEXEC) = 3
[pid 185525] 14:15:47.499558 openat(AT_FDCWD, "/home/dikluwe/.local/share/fonts/GeistMono/GeistMonoNerdFontPropo-Medium.otf", O_RDONLY|O_CLOEXEC) = 3
[pid 185525] 14:15:47.499948 openat(AT_FDCWD, "/home/dikluwe/.local/share/fonts/GeistMono/GeistMonoNerdFontMono-Thin.otf", O_RDONLY|O_CLOEXEC) = 3
[pid 185525] 14:15:47.500339 openat(AT_FDCWD, "/home/dikluwe/.local/share/fonts/GeistMono/GeistMonoNerdFont-Bold.otf", O_RDONLY|O_CLOEXEC) = 3
[pid 185525] 14:15:47.500734 openat(AT_FDCWD, "/home/dikluwe/.local/share/fonts/GeistMono/GeistMonoNerdFontMono-Light.otf", O_RDONLY|O_CLOEXEC) = 3
[pid 185525] 14:15:47.501124 openat(AT_FDCWD, "/home/dikluwe/.local/share/fonts/GeistMono/GeistMonoNerdFontMono-Black.otf", O_RDONLY|O_CLOEXEC) = 3
[pid 185525] 14:15:47.501509 openat(AT_FDCWD, "/home/dikluwe/.local/share/fonts/GeistMono/GeistMonoNerdFontMono-UltraLight.otf", O_RDONLY|O_CLOEXEC) = 3
[pid 185525] 14:15:47.501892 openat(AT_FDCWD, "/home/dikluwe/.local/share/fonts/GeistMono/GeistMonoNerdFontPropo-Regular.otf", O_RDONLY|O_CLOEXEC) = 3
[pid 185525] 14:15:47.502283 openat(AT_FDCWD, "/home/dikluwe/.local/share/fonts/GeistMono/GeistMonoNerdFont-Medium.otf", O_RDONLY|O_CLOEXEC) = 3
[pid 185525] 14:15:47.502668 openat(AT_FDCWD, "/home/dikluwe/.local/share/fonts/GeistMono/GeistMonoNerdFont-Thin.otf", O_RDONLY|O_CLOEXEC) = 3
[pid 185525] 14:15:47.503059 openat(AT_FDCWD, "/home/dikluwe/.local/share/fonts/GeistMono/GeistMonoNerdFontMono-SemiBold.otf", O_RDONLY|O_CLOEXEC) = 3
[pid 185525] 14:15:47.503446 openat(AT_FDCWD, "/home/dikluwe/.local/share/fonts/GeistMono/GeistMonoNerdFontPropo-Thin.otf", O_RDONLY|O_CLOEXEC) = 3
[pid 185525] 14:15:47.503830 openat(AT_FDCWD, "/home/dikluwe/.local/share/fonts/GeistMono/GeistMonoNerdFontPropo-Bold.otf", O_RDONLY|O_CLOEXEC) = 3
[pid 185525] 14:15:47.504217 openat(AT_FDCWD, "/home/dikluwe/.local/share/fonts/IosevkaTermSlab/IosevkaTermSlabNerdFont-LightOblique.ttf", O_RDONLY|O_CLOEXEC) = 3
[pid 185525] 14:15:47.504760 openat(AT_FDCWD, "/home/dikluwe/.local/share/fonts/IosevkaTermSlab/IosevkaTermSlabNerdFontMono-Italic.ttf", O_RDONLY|O_CLOEXEC) = 3
[pid 185525] 14:15:47.505300 openat(AT_FDCWD, "/home/dikluwe/.local/share/fonts/IosevkaTermSlab/IosevkaTermSlabNerdFontPropo-ExtraBoldItalic.ttf", O_RDONLY|O_CLOEXEC) = 3
[pid 185525] 14:15:47.505826 openat(AT_FDCWD, "/home/dikluwe/.local/share/fonts/IosevkaTermSlab/IosevkaTermSlabNerdFontMono-Medium.ttf", O_RDONLY|O_CLOEXEC) = 3
[pid 185525] 14:15:47.506351 openat(AT_FDCWD, "/home/dikluwe/.local/share/fonts/IosevkaTermSlab/IosevkaTermSlabNerdFontMono-Regular.ttf", O_RDONLY|O_CLOEXEC) = 3
[pid 185525] 14:15:47.506872 openat(AT_FDCWD, "/home/dikluwe/.local/share/fonts/IosevkaTermSlab/IosevkaTermSlabNerdFont-Italic.ttf", O_RDONLY|O_CLOEXEC) = 3
[pid 185525] 14:15:47.507432 openat(AT_FDCWD, "/home/dikluwe/.local/share/fonts/IosevkaTermSlab/IosevkaTermSlabNerdFontMono-ExtraBold.ttf", O_RDONLY|O_CLOEXEC) = 3
[pid 185525] 14:15:47.507963 openat(AT_FDCWD, "/home/dikluwe/.local/share/fonts/IosevkaTermSlab/IosevkaTermSlabNerdFont-Medium.ttf", O_RDONLY|O_CLOEXEC) = 3
[pid 185525] 14:15:47.508494 openat(AT_FDCWD, "/home/dikluwe/.local/share/fonts/IosevkaTermSlab/IosevkaTermSlabNerdFont-BoldItalic.ttf", O_RDONLY|O_CLOEXEC) = 3
[pid 185525] 14:15:47.509067 openat(AT_FDCWD, "/home/dikluwe/.local/share/fonts/IosevkaTermSlab/IosevkaTermSlabNerdFontMono-Oblique.ttf", O_RDONLY|O_CLOEXEC) = 3
[pid 185525] 14:15:47.509586 openat(AT_FDCWD, "/home/dikluwe/.local/share/fonts/IosevkaTermSlab/IosevkaTermSlabNerdFont-Regular.ttf", O_RDONLY|O_CLOEXEC) = 3
[pid 185525] 14:15:47.510107 openat(AT_FDCWD, "/home/dikluwe/.local/share/fonts/IosevkaTermSlab/IosevkaTermSlabNerdFont-ExtraBoldOblique.ttf", O_RDONLY|O_CLOEXEC) = 3
[pid 185525] 14:15:47.510627 openat(AT_FDCWD, "/home/dikluwe/.local/share/fonts/IosevkaTermSlab/IosevkaTermSlabNerdFontPropo-BoldItalic.ttf", O_RDONLY|O_CLOEXEC) = 3
[pid 185525] 14:15:47.511171 openat(AT_FDCWD, "/home/dikluwe/.local/share/fonts/IosevkaTermSlab/IosevkaTermSlabNerdFont-MediumOblique.ttf", O_RDONLY|O_CLOEXEC) = 3
[pid 185525] 14:15:47.511696 openat(AT_FDCWD, "/home/dikluwe/.local/share/fonts/IosevkaTermSlab/IosevkaTermSlabNerdFontPropo-ExtraBoldOblique.ttf", O_RDONLY|O_CLOEXEC) = 3
[pid 185525] 14:15:47.512232 openat(AT_FDCWD, "/home/dikluwe/.local/share/fonts/IosevkaTermSlab/IosevkaTermSlabNerdFont-Light.ttf", O_RDONLY|O_CLOEXEC) = 3
[pid 185525] 14:15:47.512764 openat(AT_FDCWD, "/home/dikluwe/.local/share/fonts/IosevkaTermSlab/IosevkaTermSlabNerdFontMono-Light.ttf", O_RDONLY|O_CLOEXEC) = 3
[pid 185525] 14:15:47.513302 openat(AT_FDCWD, "/home/dikluwe/.local/share/fonts/IosevkaTermSlab/IosevkaTermSlabNerdFontPropo-LightOblique.ttf", O_RDONLY|O_CLOEXEC) = 3
[pid 185525] 14:15:47.513823 openat(AT_FDCWD, "/home/dikluwe/.local/share/fonts/IosevkaTermSlab/IosevkaTermSlabNerdFontPropo-MediumOblique.ttf", O_RDONLY|O_CLOEXEC) = 3
[pid 185525] 14:15:47.514351 openat(AT_FDCWD, "/home/dikluwe/.local/share/fonts/IosevkaTermSlab/IosevkaTermSlabNerdFontPropo-MediumItalic.ttf", O_RDONLY|O_CLOEXEC) = 3
[pid 185525] 14:15:47.514876 openat(AT_FDCWD, "/home/dikluwe/.local/share/fonts/IosevkaTermSlab/IosevkaTermSlabNerdFontMono-LightItalic.ttf", O_RDONLY|O_CLOEXEC) = 3
[pid 185525] 14:15:47.515413 openat(AT_FDCWD, "/home/dikluwe/.local/share/fonts/IosevkaTermSlab/IosevkaTermSlabNerdFontMono-BoldOblique.ttf", O_RDONLY|O_CLOEXEC) = 3
[pid 185525] 14:15:47.515939 openat(AT_FDCWD, "/home/dikluwe/.local/share/fonts/IosevkaTermSlab/IosevkaTermSlabNerdFontMono-ExtraBoldOblique.ttf", O_RDONLY|O_CLOEXEC) = 3
[pid 185525] 14:15:47.516461 openat(AT_FDCWD, "/home/dikluwe/.local/share/fonts/IosevkaTermSlab/IosevkaTermSlabNerdFontPropo-LightItalic.ttf", O_RDONLY|O_CLOEXEC) = 3
[pid 185525] 14:15:47.516996 openat(AT_FDCWD, "/home/dikluwe/.local/share/fonts/IosevkaTermSlab/IosevkaTermSlabNerdFont-ExtraBold.ttf", O_RDONLY|O_CLOEXEC) = 3
[pid 185525] 14:15:47.517514 openat(AT_FDCWD, "/home/dikluwe/.local/share/fonts/IosevkaTermSlab/IosevkaTermSlabNerdFont-MediumItalic.ttf", O_RDONLY|O_CLOEXEC) = 3
[pid 185525] 14:15:47.518035 openat(AT_FDCWD, "/home/dikluwe/.local/share/fonts/IosevkaTermSlab/IosevkaTermSlabNerdFontPropo-Light.ttf", O_RDONLY|O_CLOEXEC) = 3
[pid 185525] 14:15:47.518535 openat(AT_FDCWD, "/home/dikluwe/.local/share/fonts/IosevkaTermSlab/IosevkaTermSlabNerdFontPropo-Italic.ttf", O_RDONLY|O_CLOEXEC) = 3
[pid 185525] 14:15:47.519048 openat(AT_FDCWD, "/home/dikluwe/.local/share/fonts/IosevkaTermSlab/IosevkaTermSlabNerdFontMono-MediumOblique.ttf", O_RDONLY|O_CLOEXEC) = 3
[pid 185525] 14:15:47.519556 openat(AT_FDCWD, "/home/dikluwe/.local/share/fonts/IosevkaTermSlab/IosevkaTermSlabNerdFontPropo-Medium.ttf", O_RDONLY|O_CLOEXEC) = 3
[pid 185525] 14:15:47.520053 openat(AT_FDCWD, "/home/dikluwe/.local/share/fonts/IosevkaTermSlab/IosevkaTermSlabNerdFontMono-MediumItalic.ttf", O_RDONLY|O_CLOEXEC) = 3
[pid 185525] 14:15:47.520552 openat(AT_FDCWD, "/home/dikluwe/.local/share/fonts/IosevkaTermSlab/IosevkaTermSlabNerdFontPropo-Regular.ttf", O_RDONLY|O_CLOEXEC) = 3
[pid 185525] 14:15:47.521045 openat(AT_FDCWD, "/home/dikluwe/.local/share/fonts/IosevkaTermSlab/IosevkaTermSlabNerdFontMono-Bold.ttf", O_RDONLY|O_CLOEXEC) = 3
[pid 185525] 14:15:47.521543 openat(AT_FDCWD, "/home/dikluwe/.local/share/fonts/IosevkaTermSlab/IosevkaTermSlabNerdFontMono-ExtraBoldItalic.ttf", O_RDONLY|O_CLOEXEC) = 3
[pid 185525] 14:15:47.522087 openat(AT_FDCWD, "/home/dikluwe/.local/share/fonts/IosevkaTermSlab/IosevkaTermSlabNerdFontMono-LightOblique.ttf", O_RDONLY|O_CLOEXEC) = 3
[pid 185525] 14:15:47.522580 openat(AT_FDCWD, "/home/dikluwe/.local/share/fonts/IosevkaTermSlab/IosevkaTermSlabNerdFontPropo-Oblique.ttf", O_RDONLY|O_CLOEXEC) = 3
[pid 185525] 14:15:47.523075 openat(AT_FDCWD, "/home/dikluwe/.local/share/fonts/IosevkaTermSlab/IosevkaTermSlabNerdFont-LightItalic.ttf", O_RDONLY|O_CLOEXEC) = 3
[pid 185525] 14:15:47.523571 openat(AT_FDCWD, "/home/dikluwe/.local/share/fonts/IosevkaTermSlab/IosevkaTermSlabNerdFont-BoldOblique.ttf", O_RDONLY|O_CLOEXEC) = 3
[pid 185525] 14:15:47.524143 openat(AT_FDCWD, "/home/dikluwe/.local/share/fonts/IosevkaTermSlab/IosevkaTermSlabNerdFontPropo-ExtraBold.ttf", O_RDONLY|O_CLOEXEC) = 3
[pid 185525] 14:15:47.524753 openat(AT_FDCWD, "/home/dikluwe/.local/share/fonts/IosevkaTermSlab/IosevkaTermSlabNerdFont-Bold.ttf", O_RDONLY|O_CLOEXEC) = 3
[pid 185525] 14:15:47.525343 openat(AT_FDCWD, "/home/dikluwe/.local/share/fonts/IosevkaTermSlab/IosevkaTermSlabNerdFontPropo-Bold.ttf", O_RDONLY|O_CLOEXEC) = 3
[pid 185525] 14:15:47.525829 openat(AT_FDCWD, "/home/dikluwe/.local/share/fonts/IosevkaTermSlab/IosevkaTermSlabNerdFontMono-BoldItalic.ttf", O_RDONLY|O_CLOEXEC) = 3
[pid 185525] 14:15:47.526323 openat(AT_FDCWD, "/home/dikluwe/.local/share/fonts/IosevkaTermSlab/IosevkaTermSlabNerdFont-ExtraBoldItalic.ttf", O_RDONLY|O_CLOEXEC) = 3
[pid 185525] 14:15:47.526801 openat(AT_FDCWD, "/home/dikluwe/.local/share/fonts/IosevkaTermSlab/IosevkaTermSlabNerdFontPropo-BoldOblique.ttf", O_RDONLY|O_CLOEXEC) = 3
[pid 185525] 14:15:47.527271 openat(AT_FDCWD, "/home/dikluwe/.local/share/fonts/IosevkaTermSlab/IosevkaTermSlabNerdFont-Oblique.ttf", O_RDONLY|O_CLOEXEC) = 3
[pid 185525] 14:15:47.527738 openat(AT_FDCWD, "/home/dikluwe/.local/share/fonts/IosevkaTerm/IosevkaTermNerdFont-SemiBold.ttf", O_RDONLY|O_CLOEXEC) = 3
[pid 185525] 14:15:47.528208 openat(AT_FDCWD, "/home/dikluwe/.local/share/fonts/IosevkaTerm/IosevkaTermNerdFont-Oblique.ttf", O_RDONLY|O_CLOEXEC) = 3
[pid 185525] 14:15:47.528675 openat(AT_FDCWD, "/home/dikluwe/.local/share/fonts/IosevkaTerm/IosevkaTermNerdFont-Italic.ttf", O_RDONLY|O_CLOEXEC) = 3
[pid 185525] 14:15:47.529178 openat(AT_FDCWD, "/home/dikluwe/.local/share/fonts/IosevkaTerm/IosevkaTermNerdFontMono-MediumOblique.ttf", O_RDONLY|O_CLOEXEC) = 3
[pid 185525] 14:15:47.529690 openat(AT_FDCWD, "/home/dikluwe/.local/share/fonts/IosevkaTerm/IosevkaTermNerdFontPropo-ThinItalic.ttf", O_RDONLY|O_CLOEXEC) = 3
[pid 185525] 14:15:47.530317 openat(AT_FDCWD, "/home/dikluwe/.local/share/fonts/IosevkaTerm/IosevkaTermNerdFontPropo-BoldOblique.ttf", O_RDONLY|O_CLOEXEC) = 3
[pid 185525] 14:15:47.530963 openat(AT_FDCWD, "/home/dikluwe/.local/share/fonts/IosevkaTerm/IosevkaTermNerdFontMono-ExtraLightOblique.ttf", O_RDONLY|O_CLOEXEC) = 3
[pid 185525] 14:15:47.531448 openat(AT_FDCWD, "/home/dikluwe/.local/share/fonts/IosevkaTerm/IosevkaTermNerdFont-ThinItalic.ttf", O_RDONLY|O_CLOEXEC) = 3
[pid 185525] 14:15:47.531922 openat(AT_FDCWD, "/home/dikluwe/.local/share/fonts/IosevkaTerm/IosevkaTermNerdFontPropo-MediumOblique.ttf", O_RDONLY|O_CLOEXEC) = 3
[pid 185525] 14:15:47.532382 openat(AT_FDCWD, "/home/dikluwe/.local/share/fonts/IosevkaTerm/IosevkaTermNerdFontMono-LightOblique.ttf", O_RDONLY|O_CLOEXEC) = 3
[pid 185525] 14:15:47.532841 openat(AT_FDCWD, "/home/dikluwe/.local/share/fonts/IosevkaTerm/IosevkaTermNerdFont-SemiBoldOblique.ttf", O_RDONLY|O_CLOEXEC) = 3
[pid 185525] 14:15:47.533311 openat(AT_FDCWD, "/home/dikluwe/.local/share/fonts/IosevkaTerm/IosevkaTermNerdFontMono-ExtraLight.ttf", O_RDONLY|O_CLOEXEC) = 3
[pid 185525] 14:15:47.533772 openat(AT_FDCWD, "/home/dikluwe/.local/share/fonts/IosevkaTerm/IosevkaTermNerdFontPropo-Italic.ttf", O_RDONLY|O_CLOEXEC) = 3
[pid 185525] 14:15:47.534273 openat(AT_FDCWD, "/home/dikluwe/.local/share/fonts/IosevkaTerm/IosevkaTermNerdFontMono-ThinOblique.ttf", O_RDONLY|O_CLOEXEC) = 3
[pid 185525] 14:15:47.534782 openat(AT_FDCWD, "/home/dikluwe/.local/share/fonts/IosevkaTerm/IosevkaTermNerdFontPropo-Bold.ttf", O_RDONLY|O_CLOEXEC) = 3
[pid 185525] 14:15:47.535257 openat(AT_FDCWD, "/home/dikluwe/.local/share/fonts/IosevkaTerm/IosevkaTermNerdFontMono-MediumItalic.ttf", O_RDONLY|O_CLOEXEC) = 3
[pid 185525] 14:15:47.535722 openat(AT_FDCWD, "/home/dikluwe/.local/share/fonts/IosevkaTerm/IosevkaTermNerdFontMono-ExtraLightItalic.ttf", O_RDONLY|O_CLOEXEC) = 3
[pid 185525] 14:15:47.536194 openat(AT_FDCWD, "/home/dikluwe/.local/share/fonts/IosevkaTerm/IosevkaTermNerdFontMono-SemiBoldItalic.ttf", O_RDONLY|O_CLOEXEC) = 3
[pid 185525] 14:15:47.536655 openat(AT_FDCWD, "/home/dikluwe/.local/share/fonts/IosevkaTerm/IosevkaTermNerdFont-Heavy.ttf", O_RDONLY|O_CLOEXEC) = 3
[pid 185525] 14:15:47.537126 openat(AT_FDCWD, "/home/dikluwe/.local/share/fonts/IosevkaTerm/IosevkaTermNerdFontMono-SemiBoldOblique.ttf", O_RDONLY|O_CLOEXEC) = 3
[pid 185525] 14:15:47.537585 openat(AT_FDCWD, "/home/dikluwe/.local/share/fonts/IosevkaTerm/IosevkaTermNerdFontPropo-Thin.ttf", O_RDONLY|O_CLOEXEC) = 3
[pid 185525] 14:15:47.538045 openat(AT_FDCWD, "/home/dikluwe/.local/share/fonts/IosevkaTerm/IosevkaTermNerdFont-Light.ttf", O_RDONLY|O_CLOEXEC) = 3
[pid 185525] 14:15:47.538505 openat(AT_FDCWD, "/home/dikluwe/.local/share/fonts/IosevkaTerm/IosevkaTermNerdFontMono-ExtraBoldOblique.ttf", O_RDONLY|O_CLOEXEC) = 3
[pid 185525] 14:15:47.539009 openat(AT_FDCWD, "/home/dikluwe/.local/share/fonts/IosevkaTerm/IosevkaTermNerdFontMono-Oblique.ttf", O_RDONLY|O_CLOEXEC) = 3
[pid 185525] 14:15:47.539472 openat(AT_FDCWD, "/home/dikluwe/.local/share/fonts/IosevkaTerm/IosevkaTermNerdFontMono-BoldOblique.ttf", O_RDONLY|O_CLOEXEC) = 3
[pid 185525] 14:15:47.540016 openat(AT_FDCWD, "/home/dikluwe/.local/share/fonts/IosevkaTerm/IosevkaTermNerdFont-SemiBoldItalic.ttf", O_RDONLY|O_CLOEXEC) = 3
[pid 185525] 14:15:47.540589 openat(AT_FDCWD, "/home/dikluwe/.local/share/fonts/IosevkaTerm/IosevkaTermNerdFontMono-Light.ttf", O_RDONLY|O_CLOEXEC) = 3
[pid 185525] 14:15:47.541169 openat(AT_FDCWD, "/home/dikluwe/.local/share/fonts/IosevkaTerm/IosevkaTermNerdFont-ExtraBoldOblique.ttf", O_RDONLY|O_CLOEXEC) = 3
[pid 185525] 14:15:47.541723 openat(AT_FDCWD, "/home/dikluwe/.local/share/fonts/IosevkaTerm/IosevkaTermNerdFontPropo-ExtraBoldItalic.ttf", O_RDONLY|O_CLOEXEC) = 3
[pid 185525] 14:15:47.542256 openat(AT_FDCWD, "/home/dikluwe/.local/share/fonts/IosevkaTerm/IosevkaTermNerdFont-BoldItalic.ttf", O_RDONLY|O_CLOEXEC) = 3
[pid 185525] 14:15:47.542722 openat(AT_FDCWD, "/home/dikluwe/.local/share/fonts/IosevkaTerm/IosevkaTermNerdFontPropo-ThinOblique.ttf", O_RDONLY|O_CLOEXEC) = 3
[pid 185525] 14:15:47.543226 openat(AT_FDCWD, "/home/dikluwe/.local/share/fonts/IosevkaTerm/IosevkaTermNerdFontPropo-ExtraBoldOblique.ttf", O_RDONLY|O_CLOEXEC) = 3
[pid 185525] 14:15:47.543738 openat(AT_FDCWD, "/home/dikluwe/.local/share/fonts/IosevkaTerm/IosevkaTermNerdFontPropo-Regular.ttf", O_RDONLY|O_CLOEXEC) = 3
[pid 185525] 14:15:47.544293 openat(AT_FDCWD, "/home/dikluwe/.local/share/fonts/IosevkaTerm/IosevkaTermNerdFont-HeavyOblique.ttf", O_RDONLY|O_CLOEXEC) = 3
[pid 185525] 14:15:47.544815 openat(AT_FDCWD, "/home/dikluwe/.local/share/fonts/IosevkaTerm/IosevkaTermNerdFont-ExtraBoldItalic.ttf", O_RDONLY|O_CLOEXEC) = 3
[pid 185525] 14:15:47.545342 openat(AT_FDCWD, "/home/dikluwe/.local/share/fonts/IosevkaTerm/IosevkaTermNerdFontPropo-Medium.ttf", O_RDONLY|O_CLOEXEC) = 3
[pid 185525] 14:15:47.545862 openat(AT_FDCWD, "/home/dikluwe/.local/share/fonts/IosevkaTerm/IosevkaTermNerdFontMono-Bold.ttf", O_RDONLY|O_CLOEXEC) = 3
[pid 185525] 14:15:47.546349 openat(AT_FDCWD, "/home/dikluwe/.local/share/fonts/IosevkaTerm/IosevkaTermNerdFontPropo-Oblique.ttf", O_RDONLY|O_CLOEXEC) = 3
[pid 185525] 14:15:47.546827 openat(AT_FDCWD, "/home/dikluwe/.local/share/fonts/IosevkaTerm/IosevkaTermNerdFont-ExtraLight.ttf", O_RDONLY|O_CLOEXEC) = 3
[pid 185525] 14:15:47.547319 openat(AT_FDCWD, "/home/dikluwe/.local/share/fonts/IosevkaTerm/IosevkaTermNerdFontMono-Heavy.ttf", O_RDONLY|O_CLOEXEC) = 3
[pid 185525] 14:15:47.547830 openat(AT_FDCWD, "/home/dikluwe/.local/share/fonts/IosevkaTerm/IosevkaTermNerdFontMono-ExtraBoldItalic.ttf", O_RDONLY|O_CLOEXEC) = 3
[pid 185525] 14:15:47.548333 openat(AT_FDCWD, "/home/dikluwe/.local/share/fonts/IosevkaTerm/IosevkaTermNerdFontPropo-Light.ttf", O_RDONLY|O_CLOEXEC) = 3
[pid 185525] 14:15:47.548823 openat(AT_FDCWD, "/home/dikluwe/.local/share/fonts/IosevkaTerm/IosevkaTermNerdFont-ExtraLightOblique.ttf", O_RDONLY|O_CLOEXEC) = 3
[pid 185525] 14:15:47.549319 openat(AT_FDCWD, "/home/dikluwe/.local/share/fonts/IosevkaTerm/IosevkaTermNerdFontMono-HeavyItalic.ttf", O_RDONLY|O_CLOEXEC) = 3
[pid 185525] 14:15:47.549818 openat(AT_FDCWD, "/home/dikluwe/.local/share/fonts/IosevkaTerm/IosevkaTermNerdFont-ExtraLightItalic.ttf", O_RDONLY|O_CLOEXEC) = 3
[pid 185525] 14:15:47.550317 openat(AT_FDCWD, "/home/dikluwe/.local/share/fonts/IosevkaTerm/IosevkaTermNerdFontMono-HeavyOblique.ttf", O_RDONLY|O_CLOEXEC) = 3
[pid 185525] 14:15:47.550805 openat(AT_FDCWD, "/home/dikluwe/.local/share/fonts/IosevkaTerm/IosevkaTermNerdFontMono-Thin.ttf", O_RDONLY|O_CLOEXEC) = 3
[pid 185525] 14:15:47.551298 openat(AT_FDCWD, "/home/dikluwe/.local/share/fonts/IosevkaTerm/IosevkaTermNerdFont-Thin.ttf", O_RDONLY|O_CLOEXEC) = 3
[pid 185525] 14:15:47.551786 openat(AT_FDCWD, "/home/dikluwe/.local/share/fonts/IosevkaTerm/IosevkaTermNerdFontMono-Medium.ttf", O_RDONLY|O_CLOEXEC) = 3
[pid 185525] 14:15:47.552284 openat(AT_FDCWD, "/home/dikluwe/.local/share/fonts/IosevkaTerm/IosevkaTermNerdFont-LightOblique.ttf", O_RDONLY|O_CLOEXEC) = 3
[pid 185525] 14:15:47.552828 openat(AT_FDCWD, "/home/dikluwe/.local/share/fonts/IosevkaTerm/IosevkaTermNerdFont-Bold.ttf", O_RDONLY|O_CLOEXEC) = 3
[pid 185525] 14:15:47.553343 openat(AT_FDCWD, "/home/dikluwe/.local/share/fonts/IosevkaTerm/IosevkaTermNerdFont-MediumItalic.ttf", O_RDONLY|O_CLOEXEC) = 3
[pid 185525] 14:15:47.553854 openat(AT_FDCWD, "/home/dikluwe/.local/share/fonts/IosevkaTerm/IosevkaTermNerdFontMono-Regular.ttf", O_RDONLY|O_CLOEXEC) = 3
[pid 185525] 14:15:47.554366 openat(AT_FDCWD, "/home/dikluwe/.local/share/fonts/IosevkaTerm/IosevkaTermNerdFontMono-SemiBold.ttf", O_RDONLY|O_CLOEXEC) = 3
[pid 185525] 14:15:47.554858 openat(AT_FDCWD, "/home/dikluwe/.local/share/fonts/IosevkaTerm/IosevkaTermNerdFontPropo-ExtraLightItalic.ttf", O_RDONLY|O_CLOEXEC) = 3
[pid 185525] 14:15:47.555356 openat(AT_FDCWD, "/home/dikluwe/.local/share/fonts/IosevkaTerm/IosevkaTermNerdFontMono-LightItalic.ttf", O_RDONLY|O_CLOEXEC) = 3
[pid 185525] 14:15:47.555848 openat(AT_FDCWD, "/home/dikluwe/.local/share/fonts/IosevkaTerm/IosevkaTermNerdFontMono-ExtraBold.ttf", O_RDONLY|O_CLOEXEC) = 3
[pid 185525] 14:15:47.556348 openat(AT_FDCWD, "/home/dikluwe/.local/share/fonts/IosevkaTerm/IosevkaTermNerdFontPropo-LightOblique.ttf", O_RDONLY|O_CLOEXEC) = 3
[pid 185525] 14:15:47.556839 openat(AT_FDCWD, "/home/dikluwe/.local/share/fonts/IosevkaTerm/IosevkaTermNerdFontPropo-Heavy.ttf", O_RDONLY|O_CLOEXEC) = 3
[pid 185525] 14:15:47.557339 openat(AT_FDCWD, "/home/dikluwe/.local/share/fonts/IosevkaTerm/IosevkaTermNerdFontPropo-HeavyOblique.ttf", O_RDONLY|O_CLOEXEC) = 3
[pid 185525] 14:15:47.557831 openat(AT_FDCWD, "/home/dikluwe/.local/share/fonts/IosevkaTerm/IosevkaTermNerdFontPropo-LightItalic.ttf", O_RDONLY|O_CLOEXEC) = 3
[pid 185525] 14:15:47.558379 openat(AT_FDCWD, "/home/dikluwe/.local/share/fonts/IosevkaTerm/IosevkaTermNerdFontPropo-SemiBoldItalic.ttf", O_RDONLY|O_CLOEXEC) = 3
[pid 185525] 14:15:47.558887 openat(AT_FDCWD, "/home/dikluwe/.local/share/fonts/IosevkaTerm/IosevkaTermNerdFontPropo-ExtraBold.ttf", O_RDONLY|O_CLOEXEC) = 3
[pid 185525] 14:15:47.559378 openat(AT_FDCWD, "/home/dikluwe/.local/share/fonts/IosevkaTerm/IosevkaTermNerdFontPropo-SemiBoldOblique.ttf", O_RDONLY|O_CLOEXEC) = 3
[pid 185525] 14:15:47.559857 openat(AT_FDCWD, "/home/dikluwe/.local/share/fonts/IosevkaTerm/IosevkaTermNerdFontPropo-ExtraLight.ttf", O_RDONLY|O_CLOEXEC) = 3
[pid 185525] 14:15:47.560355 openat(AT_FDCWD, "/home/dikluwe/.local/share/fonts/IosevkaTerm/IosevkaTermNerdFont-ExtraBold.ttf", O_RDONLY|O_CLOEXEC) = 3
[pid 185525] 14:15:47.560834 openat(AT_FDCWD, "/home/dikluwe/.local/share/fonts/IosevkaTerm/IosevkaTermNerdFont-BoldOblique.ttf", O_RDONLY|O_CLOEXEC) = 3
[pid 185525] 14:15:47.561352 openat(AT_FDCWD, "/home/dikluwe/.local/share/fonts/IosevkaTerm/IosevkaTermNerdFontPropo-ExtraLightOblique.ttf", O_RDONLY|O_CLOEXEC) = 3
[pid 185525] 14:15:47.561839 openat(AT_FDCWD, "/home/dikluwe/.local/share/fonts/IosevkaTerm/IosevkaTermNerdFont-Regular.ttf", O_RDONLY|O_CLOEXEC) = 3
[pid 185525] 14:15:47.562331 openat(AT_FDCWD, "/home/dikluwe/.local/share/fonts/IosevkaTerm/IosevkaTermNerdFontMono-Italic.ttf", O_RDONLY|O_CLOEXEC) = 3
[pid 185525] 14:15:47.562828 openat(AT_FDCWD, "/home/dikluwe/.local/share/fonts/IosevkaTerm/IosevkaTermNerdFont-HeavyItalic.ttf", O_RDONLY|O_CLOEXEC) = 3
[pid 185525] 14:15:47.563335 openat(AT_FDCWD, "/home/dikluwe/.local/share/fonts/IosevkaTerm/IosevkaTermNerdFont-Medium.ttf", O_RDONLY|O_CLOEXEC) = 3
[pid 185525] 14:15:47.563827 openat(AT_FDCWD, "/home/dikluwe/.local/share/fonts/IosevkaTerm/IosevkaTermNerdFontMono-BoldItalic.ttf", O_RDONLY|O_CLOEXEC) = 3
[pid 185525] 14:15:47.564324 openat(AT_FDCWD, "/home/dikluwe/.local/share/fonts/IosevkaTerm/IosevkaTermNerdFont-LightItalic.ttf", O_RDONLY|O_CLOEXEC) = 3
[pid 185525] 14:15:47.564815 openat(AT_FDCWD, "/home/dikluwe/.local/share/fonts/IosevkaTerm/IosevkaTermNerdFont-MediumOblique.ttf", O_RDONLY|O_CLOEXEC) = 3
[pid 185525] 14:15:47.565305 openat(AT_FDCWD, "/home/dikluwe/.local/share/fonts/IosevkaTerm/IosevkaTermNerdFontPropo-HeavyItalic.ttf", O_RDONLY|O_CLOEXEC) = 3
[pid 185525] 14:15:47.565831 openat(AT_FDCWD, "/home/dikluwe/.local/share/fonts/IosevkaTerm/IosevkaTermNerdFontPropo-SemiBold.ttf", O_RDONLY|O_CLOEXEC) = 3
[pid 185525] 14:15:47.566332 openat(AT_FDCWD, "/home/dikluwe/.local/share/fonts/IosevkaTerm/IosevkaTermNerdFontMono-ThinItalic.ttf", O_RDONLY|O_CLOEXEC) = 3
[pid 185525] 14:15:47.566827 openat(AT_FDCWD, "/home/dikluwe/.local/share/fonts/IosevkaTerm/IosevkaTermNerdFontPropo-BoldItalic.ttf", O_RDONLY|O_CLOEXEC) = 3
[pid 185525] 14:15:47.567323 openat(AT_FDCWD, "/home/dikluwe/.local/share/fonts/IosevkaTerm/IosevkaTermNerdFont-ThinOblique.ttf", O_RDONLY|O_CLOEXEC) = 3
[pid 185525] 14:15:47.567816 openat(AT_FDCWD, "/home/dikluwe/.local/share/fonts/IosevkaTerm/IosevkaTermNerdFontPropo-MediumItalic.ttf", O_RDONLY|O_CLOEXEC) = 3
[pid 185525] 14:15:47.568325 openat(AT_FDCWD, "/home/dikluwe/.local/share/fonts/Iosevka/IosevkaNerdFont-ExtraLight.ttf", O_RDONLY|O_CLOEXEC) = 3
[pid 185525] 14:15:47.568815 openat(AT_FDCWD, "/home/dikluwe/.local/share/fonts/Iosevka/IosevkaNerdFont-LightItalic.ttf", O_RDONLY|O_CLOEXEC) = 3
[pid 185525] 14:15:47.569315 openat(AT_FDCWD, "/home/dikluwe/.local/share/fonts/Iosevka/IosevkaNerdFontMono-ExtraBoldItalic.ttf", O_RDONLY|O_CLOEXEC) = 3
[pid 185525] 14:15:47.569805 openat(AT_FDCWD, "/home/dikluwe/.local/share/fonts/Iosevka/IosevkaNerdFont-Medium.ttf", O_RDONLY|O_CLOEXEC) = 3
[pid 185525] 14:15:47.570331 openat(AT_FDCWD, "/home/dikluwe/.local/share/fonts/Iosevka/IosevkaNerdFontMono-MediumItalic.ttf", O_RDONLY|O_CLOEXEC) = 3
[pid 185525] 14:15:47.570826 openat(AT_FDCWD, "/home/dikluwe/.local/share/fonts/Iosevka/IosevkaNerdFont-Italic.ttf", O_RDONLY|O_CLOEXEC) = 3
[pid 185525] 14:15:47.571341 openat(AT_FDCWD, "/home/dikluwe/.local/share/fonts/Iosevka/IosevkaNerdFontMono-Light.ttf", O_RDONLY|O_CLOEXEC) = 3
[pid 185525] 14:15:47.571837 openat(AT_FDCWD, "/home/dikluwe/.local/share/fonts/Iosevka/IosevkaNerdFont-ExtraLightItalic.ttf", O_RDONLY|O_CLOEXEC) = 3
[pid 185525] 14:15:47.572348 openat(AT_FDCWD, "/home/dikluwe/.local/share/fonts/Iosevka/IosevkaNerdFont-SemiBoldOblique.ttf", O_RDONLY|O_CLOEXEC) = 3
[pid 185525] 14:15:47.572867 openat(AT_FDCWD, "/home/dikluwe/.local/share/fonts/Iosevka/IosevkaNerdFont-Bold.ttf", O_RDONLY|O_CLOEXEC) = 3
[pid 185525] 14:15:47.573408 openat(AT_FDCWD, "/home/dikluwe/.local/share/fonts/Iosevka/IosevkaNerdFontPropo-SemiBoldOblique.ttf", O_RDONLY|O_CLOEXEC) = 3
[pid 185525] 14:15:47.573946 openat(AT_FDCWD, "/home/dikluwe/.local/share/fonts/Iosevka/IosevkaNerdFontPropo-Oblique.ttf", O_RDONLY|O_CLOEXEC) = 3
[pid 185525] 14:15:47.574448 openat(AT_FDCWD, "/home/dikluwe/.local/share/fonts/Iosevka/IosevkaNerdFontMono-ThinOblique.ttf", O_RDONLY|O_CLOEXEC) = 3
[pid 185525] 14:15:47.574971 openat(AT_FDCWD, "/home/dikluwe/.local/share/fonts/Iosevka/IosevkaNerdFontPropo-SemiBoldItalic.ttf", O_RDONLY|O_CLOEXEC) = 3
[pid 185525] 14:15:47.575463 openat(AT_FDCWD, "/home/dikluwe/.local/share/fonts/Iosevka/IosevkaNerdFontMono-ThinItalic.ttf", O_RDONLY|O_CLOEXEC) = 3
[pid 185525] 14:15:47.575968 openat(AT_FDCWD, "/home/dikluwe/.local/share/fonts/Iosevka/IosevkaNerdFontPropo-ExtraLight.ttf", O_RDONLY|O_CLOEXEC) = 3
[pid 185525] 14:15:47.576463 openat(AT_FDCWD, "/home/dikluwe/.local/share/fonts/Iosevka/IosevkaNerdFont-Oblique.ttf", O_RDONLY|O_CLOEXEC) = 3
[pid 185525] 14:15:47.576958 openat(AT_FDCWD, "/home/dikluwe/.local/share/fonts/Iosevka/IosevkaNerdFont-ExtraBoldItalic.ttf", O_RDONLY|O_CLOEXEC) = 3
[pid 185525] 14:15:47.577450 openat(AT_FDCWD, "/home/dikluwe/.local/share/fonts/Iosevka/IosevkaNerdFontPropo-Italic.ttf", O_RDONLY|O_CLOEXEC) = 3
[pid 185525] 14:15:47.577958 openat(AT_FDCWD, "/home/dikluwe/.local/share/fonts/Iosevka/IosevkaNerdFontMono-Heavy.ttf", O_RDONLY|O_CLOEXEC) = 3
[pid 185525] 14:15:47.578459 openat(AT_FDCWD, "/home/dikluwe/.local/share/fonts/Iosevka/IosevkaNerdFontPropo-ThinItalic.ttf", O_RDONLY|O_CLOEXEC) = 3
[pid 185525] 14:15:47.578997 openat(AT_FDCWD, "/home/dikluwe/.local/share/fonts/Iosevka/IosevkaNerdFontMono-Bold.ttf", O_RDONLY|O_CLOEXEC) = 3
[pid 185525] 14:15:47.579490 openat(AT_FDCWD, "/home/dikluwe/.local/share/fonts/Iosevka/IosevkaNerdFontMono-ExtraBoldOblique.ttf", O_RDONLY|O_CLOEXEC) = 3
[pid 185525] 14:15:47.579988 openat(AT_FDCWD, "/home/dikluwe/.local/share/fonts/Iosevka/IosevkaNerdFontMono-SemiBoldItalic.ttf", O_RDONLY|O_CLOEXEC) = 3
[pid 185525] 14:15:47.580486 openat(AT_FDCWD, "/home/dikluwe/.local/share/fonts/Iosevka/IosevkaNerdFontMono-ExtraBold.ttf", O_RDONLY|O_CLOEXEC) = 3
[pid 185525] 14:15:47.580986 openat(AT_FDCWD, "/home/dikluwe/.local/share/fonts/Iosevka/IosevkaNerdFontPropo-ThinOblique.ttf", O_RDONLY|O_CLOEXEC) = 3
[pid 185525] 14:15:47.581484 openat(AT_FDCWD, "/home/dikluwe/.local/share/fonts/Iosevka/IosevkaNerdFont-ExtraLightOblique.ttf", O_RDONLY|O_CLOEXEC) = 3
[pid 185525] 14:15:47.581981 openat(AT_FDCWD, "/home/dikluwe/.local/share/fonts/Iosevka/IosevkaNerdFontPropo-BoldOblique.ttf", O_RDONLY|O_CLOEXEC) = 3
[pid 185525] 14:15:47.582472 openat(AT_FDCWD, "/home/dikluwe/.local/share/fonts/Iosevka/IosevkaNerdFontPropo-HeavyItalic.ttf", O_RDONLY|O_CLOEXEC) = 3
[pid 185525] 14:15:47.582973 openat(AT_FDCWD, "/home/dikluwe/.local/share/fonts/Iosevka/IosevkaNerdFontPropo-MediumOblique.ttf", O_RDONLY|O_CLOEXEC) = 3
[pid 185525] 14:15:47.583458 openat(AT_FDCWD, "/home/dikluwe/.local/share/fonts/Iosevka/IosevkaNerdFontPropo-MediumItalic.ttf", O_RDONLY|O_CLOEXEC) = 3
[pid 185525] 14:15:47.583981 openat(AT_FDCWD, "/home/dikluwe/.local/share/fonts/Iosevka/IosevkaNerdFontMono-Oblique.ttf", O_RDONLY|O_CLOEXEC) = 3
[pid 185525] 14:15:47.584489 openat(AT_FDCWD, "/home/dikluwe/.local/share/fonts/Iosevka/IosevkaNerdFontMono-BoldItalic.ttf", O_RDONLY|O_CLOEXEC) = 3
[pid 185525] 14:15:47.585007 openat(AT_FDCWD, "/home/dikluwe/.local/share/fonts/Iosevka/IosevkaNerdFontMono-SemiBoldOblique.ttf", O_RDONLY|O_CLOEXEC) = 3
[pid 185525] 14:15:47.585506 openat(AT_FDCWD, "/home/dikluwe/.local/share/fonts/Iosevka/IosevkaNerdFontMono-BoldOblique.ttf", O_RDONLY|O_CLOEXEC) = 3
[pid 185525] 14:15:47.586014 openat(AT_FDCWD, "/home/dikluwe/.local/share/fonts/Iosevka/IosevkaNerdFontMono-Thin.ttf", O_RDONLY|O_CLOEXEC) = 3
[pid 185525] 14:15:47.586505 openat(AT_FDCWD, "/home/dikluwe/.local/share/fonts/Iosevka/IosevkaNerdFontPropo-LightOblique.ttf", O_RDONLY|O_CLOEXEC) = 3
[pid 185525] 14:15:47.587003 openat(AT_FDCWD, "/home/dikluwe/.local/share/fonts/Iosevka/IosevkaNerdFontPropo-Heavy.ttf", O_RDONLY|O_CLOEXEC) = 3
[pid 185525] 14:15:47.587499 openat(AT_FDCWD, "/home/dikluwe/.local/share/fonts/Iosevka/IosevkaNerdFontMono-ExtraLightItalic.ttf", O_RDONLY|O_CLOEXEC) = 3
[pid 185525] 14:15:47.588033 openat(AT_FDCWD, "/home/dikluwe/.local/share/fonts/Iosevka/IosevkaNerdFont-BoldOblique.ttf", O_RDONLY|O_CLOEXEC) = 3
[pid 185525] 14:15:47.588548 openat(AT_FDCWD, "/home/dikluwe/.local/share/fonts/Iosevka/IosevkaNerdFont-Thin.ttf", O_RDONLY|O_CLOEXEC) = 3
[pid 185525] 14:15:47.589048 openat(AT_FDCWD, "/home/dikluwe/.local/share/fonts/Iosevka/IosevkaNerdFont-SemiBoldItalic.ttf", O_RDONLY|O_CLOEXEC) = 3
[pid 185525] 14:15:47.589547 openat(AT_FDCWD, "/home/dikluwe/.local/share/fonts/Iosevka/IosevkaNerdFont-ThinItalic.ttf", O_RDONLY|O_CLOEXEC) = 3
[pid 185525] 14:15:47.590050 openat(AT_FDCWD, "/home/dikluwe/.local/share/fonts/Iosevka/IosevkaNerdFontPropo-ExtraBold.ttf", O_RDONLY|O_CLOEXEC) = 3
[pid 185525] 14:15:47.590543 openat(AT_FDCWD, "/home/dikluwe/.local/share/fonts/Iosevka/IosevkaNerdFont-BoldItalic.ttf", O_RDONLY|O_CLOEXEC) = 3
[pid 185525] 14:15:47.591041 openat(AT_FDCWD, "/home/dikluwe/.local/share/fonts/Iosevka/IosevkaNerdFontMono-ExtraLightOblique.ttf", O_RDONLY|O_CLOEXEC) = 3
[pid 185525] 14:15:47.591530 openat(AT_FDCWD, "/home/dikluwe/.local/share/fonts/Iosevka/IosevkaNerdFont-MediumItalic.ttf", O_RDONLY|O_CLOEXEC) = 3
[pid 185525] 14:15:47.592028 openat(AT_FDCWD, "/home/dikluwe/.local/share/fonts/Iosevka/IosevkaNerdFontPropo-HeavyOblique.ttf", O_RDONLY|O_CLOEXEC) = 3
[pid 185525] 14:15:47.592528 openat(AT_FDCWD, "/home/dikluwe/.local/share/fonts/Iosevka/IosevkaNerdFontPropo-ExtraBoldOblique.ttf", O_RDONLY|O_CLOEXEC) = 3
[pid 185525] 14:15:47.593024 openat(AT_FDCWD, "/home/dikluwe/.local/share/fonts/Iosevka/IosevkaNerdFont-LightOblique.ttf", O_RDONLY|O_CLOEXEC) = 3
[pid 185525] 14:15:47.593511 openat(AT_FDCWD, "/home/dikluwe/.local/share/fonts/Iosevka/IosevkaNerdFontPropo-SemiBold.ttf", O_RDONLY|O_CLOEXEC) = 3
[pid 185525] 14:15:47.594005 openat(AT_FDCWD, "/home/dikluwe/.local/share/fonts/Iosevka/IosevkaNerdFontPropo-BoldItalic.ttf", O_RDONLY|O_CLOEXEC) = 3
[pid 185525] 14:15:47.594508 openat(AT_FDCWD, "/home/dikluwe/.local/share/fonts/Iosevka/IosevkaNerdFontPropo-ExtraLightItalic.ttf", O_RDONLY|O_CLOEXEC) = 3
[pid 185525] 14:15:47.595021 openat(AT_FDCWD, "/home/dikluwe/.local/share/fonts/Iosevka/IosevkaNerdFontPropo-ExtraLightOblique.ttf", O_RDONLY|O_CLOEXEC) = 3
[pid 185525] 14:15:47.595510 openat(AT_FDCWD, "/home/dikluwe/.local/share/fonts/Iosevka/IosevkaNerdFontPropo-LightItalic.ttf", O_RDONLY|O_CLOEXEC) = 3
[pid 185525] 14:15:47.596012 openat(AT_FDCWD, "/home/dikluwe/.local/share/fonts/Iosevka/IosevkaNerdFontPropo-Medium.ttf", O_RDONLY|O_CLOEXEC) = 3
[pid 185525] 14:15:47.596507 openat(AT_FDCWD, "/home/dikluwe/.local/share/fonts/Iosevka/IosevkaNerdFontMono-LightOblique.ttf", O_RDONLY|O_CLOEXEC) = 3
[pid 185525] 14:15:47.596998 openat(AT_FDCWD, "/home/dikluwe/.local/share/fonts/Iosevka/IosevkaNerdFontMono-MediumOblique.ttf", O_RDONLY|O_CLOEXEC) = 3
[pid 185525] 14:15:47.597485 openat(AT_FDCWD, "/home/dikluwe/.local/share/fonts/Iosevka/IosevkaNerdFont-Regular.ttf", O_RDONLY|O_CLOEXEC) = 3
[pid 185525] 14:15:47.597979 openat(AT_FDCWD, "/home/dikluwe/.local/share/fonts/Iosevka/IosevkaNerdFontMono-HeavyItalic.ttf", O_RDONLY|O_CLOEXEC) = 3
[pid 185525] 14:15:47.598474 openat(AT_FDCWD, "/home/dikluwe/.local/share/fonts/Iosevka/IosevkaNerdFontPropo-Thin.ttf", O_RDONLY|O_CLOEXEC) = 3
[pid 185525] 14:15:47.598964 openat(AT_FDCWD, "/home/dikluwe/.local/share/fonts/Iosevka/IosevkaNerdFont-MediumOblique.ttf", O_RDONLY|O_CLOEXEC) = 3
[pid 185525] 14:15:47.599448 openat(AT_FDCWD, "/home/dikluwe/.local/share/fonts/Iosevka/IosevkaNerdFont-ThinOblique.ttf", O_RDONLY|O_CLOEXEC) = 3
[pid 185525] 14:15:47.599946 openat(AT_FDCWD, "/home/dikluwe/.local/share/fonts/Iosevka/IosevkaNerdFontPropo-ExtraBoldItalic.ttf", O_RDONLY|O_CLOEXEC) = 3
[pid 185525] 14:15:47.600439 openat(AT_FDCWD, "/home/dikluwe/.local/share/fonts/Iosevka/IosevkaNerdFontMono-HeavyOblique.ttf", O_RDONLY|O_CLOEXEC) = 3
[pid 185525] 14:15:47.600934 openat(AT_FDCWD, "/home/dikluwe/.local/share/fonts/Iosevka/IosevkaNerdFontPropo-Bold.ttf", O_RDONLY|O_CLOEXEC) = 3
[pid 185525] 14:15:47.601428 openat(AT_FDCWD, "/home/dikluwe/.local/share/fonts/Iosevka/IosevkaNerdFont-Heavy.ttf", O_RDONLY|O_CLOEXEC) = 3
[pid 185525] 14:15:47.601927 openat(AT_FDCWD, "/home/dikluwe/.local/share/fonts/Iosevka/IosevkaNerdFont-ExtraBold.ttf", O_RDONLY|O_CLOEXEC) = 3
[pid 185525] 14:15:47.602441 openat(AT_FDCWD, "/home/dikluwe/.local/share/fonts/Iosevka/IosevkaNerdFont-SemiBold.ttf", O_RDONLY|O_CLOEXEC) = 3
[pid 185525] 14:15:47.602959 openat(AT_FDCWD, "/home/dikluwe/.local/share/fonts/Iosevka/IosevkaNerdFont-ExtraBoldOblique.ttf", O_RDONLY|O_CLOEXEC) = 3
[pid 185525] 14:15:47.603450 openat(AT_FDCWD, "/home/dikluwe/.local/share/fonts/Iosevka/IosevkaNerdFontMono-Regular.ttf", O_RDONLY|O_CLOEXEC) = 3
[pid 185525] 14:15:47.603946 openat(AT_FDCWD, "/home/dikluwe/.local/share/fonts/Iosevka/IosevkaNerdFontMono-SemiBold.ttf", O_RDONLY|O_CLOEXEC) = 3
[pid 185525] 14:15:47.604439 openat(AT_FDCWD, "/home/dikluwe/.local/share/fonts/Iosevka/IosevkaNerdFont-HeavyOblique.ttf", O_RDONLY|O_CLOEXEC) = 3
[pid 185525] 14:15:47.604966 openat(AT_FDCWD, "/home/dikluwe/.local/share/fonts/Iosevka/IosevkaNerdFontMono-ExtraLight.ttf", O_RDONLY|O_CLOEXEC) = 3
[pid 185525] 14:15:47.605483 openat(AT_FDCWD, "/home/dikluwe/.local/share/fonts/Iosevka/IosevkaNerdFont-Light.ttf", O_RDONLY|O_CLOEXEC) = 3
[pid 185525] 14:15:47.605979 openat(AT_FDCWD, "/home/dikluwe/.local/share/fonts/Iosevka/IosevkaNerdFontPropo-Regular.ttf", O_RDONLY|O_CLOEXEC) = 3
[pid 185525] 14:15:47.606468 openat(AT_FDCWD, "/home/dikluwe/.local/share/fonts/Iosevka/IosevkaNerdFontMono-Italic.ttf", O_RDONLY|O_CLOEXEC) = 3
[pid 185525] 14:15:47.606965 openat(AT_FDCWD, "/home/dikluwe/.local/share/fonts/Iosevka/IosevkaNerdFont-HeavyItalic.ttf", O_RDONLY|O_CLOEXEC) = 3
[pid 185525] 14:15:47.607457 openat(AT_FDCWD, "/home/dikluwe/.local/share/fonts/Iosevka/IosevkaNerdFontMono-Medium.ttf", O_RDONLY|O_CLOEXEC) = 3
[pid 185525] 14:15:47.607958 openat(AT_FDCWD, "/home/dikluwe/.local/share/fonts/Iosevka/IosevkaNerdFontPropo-Light.ttf", O_RDONLY|O_CLOEXEC) = 3
[pid 185525] 14:15:47.608451 openat(AT_FDCWD, "/home/dikluwe/.local/share/fonts/Iosevka/IosevkaNerdFontMono-LightItalic.ttf", O_RDONLY|O_CLOEXEC) = 3
[pid 185525] 14:15:47.608949 openat(AT_FDCWD, "/home/dikluwe/.local/share/fonts/Monoid/MonoidNerdFontMono-Italic.ttf", O_RDONLY|O_CLOEXEC) = 3
[pid 185525] 14:15:47.609317 openat(AT_FDCWD, "/home/dikluwe/.local/share/fonts/Monoid/MonoidNerdFontPropo-Italic.ttf", O_RDONLY|O_CLOEXEC) = 3
[pid 185525] 14:15:47.609683 openat(AT_FDCWD, "/home/dikluwe/.local/share/fonts/Monoid/MonoidNerdFont-Italic.ttf", O_RDONLY|O_CLOEXEC) = 3
[pid 185525] 14:15:47.610060 openat(AT_FDCWD, "/home/dikluwe/.local/share/fonts/Monoid/MonoidNerdFontMono-Regular.ttf", O_RDONLY|O_CLOEXEC) = 3
[pid 185525] 14:15:47.610428 openat(AT_FDCWD, "/home/dikluwe/.local/share/fonts/Monoid/MonoidNerdFontPropo-Regular.ttf", O_RDONLY|O_CLOEXEC) = 3
[pid 185525] 14:15:47.610796 openat(AT_FDCWD, "/home/dikluwe/.local/share/fonts/Monoid/MonoidNerdFont-Regular.ttf", O_RDONLY|O_CLOEXEC) = 3
[pid 185525] 14:15:47.611187 openat(AT_FDCWD, "/home/dikluwe/.local/share/fonts/Monoid/MonoidNerdFont-Retina.ttf", O_RDONLY|O_CLOEXEC) = 3
[pid 185525] 14:15:47.611557 openat(AT_FDCWD, "/home/dikluwe/.local/share/fonts/Monoid/MonoidNerdFontMono-Retina.ttf", O_RDONLY|O_CLOEXEC) = 3
[pid 185525] 14:15:47.611942 openat(AT_FDCWD, "/home/dikluwe/.local/share/fonts/Monoid/MonoidNerdFontPropo-Retina.ttf", O_RDONLY|O_CLOEXEC) = 3
[pid 185525] 14:15:47.612310 openat(AT_FDCWD, "/home/dikluwe/.local/share/fonts/Monoid/MonoidNerdFontMono-Bold.ttf", O_RDONLY|O_CLOEXEC) = 3
[pid 185525] 14:15:47.612659 openat(AT_FDCWD, "/home/dikluwe/.local/share/fonts/Monoid/MonoidNerdFont-Bold.ttf", O_RDONLY|O_CLOEXEC) = 3
[pid 185525] 14:15:47.613039 openat(AT_FDCWD, "/home/dikluwe/.local/share/fonts/Monoid/MonoidNerdFontPropo-Bold.ttf", O_RDONLY|O_CLOEXEC) = 3
[pid 185525] 14:15:47.613414 openat(AT_FDCWD, "/home/dikluwe/.local/share/fonts/VictorMono/VictorMonoNerdFontPropo-LightItalic.ttf", O_RDONLY|O_CLOEXEC) = 3
[pid 185525] 14:15:47.613923 openat(AT_FDCWD, "/home/dikluwe/.local/share/fonts/VictorMono/VictorMonoNerdFontMono-LightItalic.ttf", O_RDONLY|O_CLOEXEC) = 3
[pid 185525] 14:15:47.614321 openat(AT_FDCWD, "/home/dikluwe/.local/share/fonts/VictorMono/VictorMonoNerdFont-LightItalic.ttf", O_RDONLY|O_CLOEXEC) = 3
[pid 185525] 14:15:47.614731 openat(AT_FDCWD, "/home/dikluwe/.local/share/fonts/VictorMono/VictorMonoNerdFontMono-SemiBoldOblique.ttf", O_RDONLY|O_CLOEXEC) = 3
[pid 185525] 14:15:47.615134 openat(AT_FDCWD, "/home/dikluwe/.local/share/fonts/VictorMono/VictorMonoNerdFontPropo-SemiBoldOblique.ttf", O_RDONLY|O_CLOEXEC) = 3
[pid 185525] 14:15:47.615526 openat(AT_FDCWD, "/home/dikluwe/.local/share/fonts/VictorMono/VictorMonoNerdFont-SemiBoldOblique.ttf", O_RDONLY|O_CLOEXEC) = 3
[pid 185525] 14:15:47.615921 openat(AT_FDCWD, "/home/dikluwe/.local/share/fonts/VictorMono/VictorMonoNerdFontPropo-ExtraLightItalic.ttf", O_RDONLY|O_CLOEXEC) = 3
[pid 185525] 14:15:47.616312 openat(AT_FDCWD, "/home/dikluwe/.local/share/fonts/VictorMono/VictorMonoNerdFontMono-ExtraLightItalic.ttf", O_RDONLY|O_CLOEXEC) = 3
[pid 185525] 14:15:47.616701 openat(AT_FDCWD, "/home/dikluwe/.local/share/fonts/VictorMono/VictorMonoNerdFont-ExtraLightItalic.ttf", O_RDONLY|O_CLOEXEC) = 3
[pid 185525] 14:15:47.617098 openat(AT_FDCWD, "/home/dikluwe/.local/share/fonts/VictorMono/VictorMonoNerdFontMono-MediumItalic.ttf", O_RDONLY|O_CLOEXEC) = 3
[pid 185525] 14:15:47.617485 openat(AT_FDCWD, "/home/dikluwe/.local/share/fonts/VictorMono/VictorMonoNerdFontPropo-MediumItalic.ttf", O_RDONLY|O_CLOEXEC) = 3
[pid 185525] 14:15:47.617873 openat(AT_FDCWD, "/home/dikluwe/.local/share/fonts/VictorMono/VictorMonoNerdFont-MediumItalic.ttf", O_RDONLY|O_CLOEXEC) = 3
[pid 185525] 14:15:47.618268 openat(AT_FDCWD, "/home/dikluwe/.local/share/fonts/VictorMono/VictorMonoNerdFont-Italic.ttf", O_RDONLY|O_CLOEXEC) = 3
[pid 185525] 14:15:47.618666 openat(AT_FDCWD, "/home/dikluwe/.local/share/fonts/VictorMono/VictorMonoNerdFontPropo-Italic.ttf", O_RDONLY|O_CLOEXEC) = 3
[pid 185525] 14:15:47.619075 openat(AT_FDCWD, "/home/dikluwe/.local/share/fonts/VictorMono/VictorMonoNerdFontMono-Italic.ttf", O_RDONLY|O_CLOEXEC) = 3
[pid 185525] 14:15:47.619468 openat(AT_FDCWD, "/home/dikluwe/.local/share/fonts/VictorMono/VictorMonoNerdFont-MediumOblique.ttf", O_RDONLY|O_CLOEXEC) = 3
[pid 185525] 14:15:47.619858 openat(AT_FDCWD, "/home/dikluwe/.local/share/fonts/VictorMono/VictorMonoNerdFontMono-MediumOblique.ttf", O_RDONLY|O_CLOEXEC) = 3
[pid 185525] 14:15:47.620263 openat(AT_FDCWD, "/home/dikluwe/.local/share/fonts/VictorMono/VictorMonoNerdFontPropo-MediumOblique.ttf", O_RDONLY|O_CLOEXEC) = 3
[pid 185525] 14:15:47.620653 openat(AT_FDCWD, "/home/dikluwe/.local/share/fonts/VictorMono/VictorMonoNerdFontMono-ThinItalic.ttf", O_RDONLY|O_CLOEXEC) = 3
[pid 185525] 14:15:47.621056 openat(AT_FDCWD, "/home/dikluwe/.local/share/fonts/VictorMono/VictorMonoNerdFontPropo-ThinItalic.ttf", O_RDONLY|O_CLOEXEC) = 3
[pid 185525] 14:15:47.621452 openat(AT_FDCWD, "/home/dikluwe/.local/share/fonts/VictorMono/VictorMonoNerdFont-ThinItalic.ttf", O_RDONLY|O_CLOEXEC) = 3
[pid 185525] 14:15:47.621849 openat(AT_FDCWD, "/home/dikluwe/.local/share/fonts/VictorMono/VictorMonoNerdFont-BoldItalic.ttf", O_RDONLY|O_CLOEXEC) = 3
[pid 185525] 14:15:47.622248 openat(AT_FDCWD, "/home/dikluwe/.local/share/fonts/VictorMono/VictorMonoNerdFontMono-BoldItalic.ttf", O_RDONLY|O_CLOEXEC) = 3
[pid 185525] 14:15:47.622640 openat(AT_FDCWD, "/home/dikluwe/.local/share/fonts/VictorMono/VictorMonoNerdFontPropo-BoldItalic.ttf", O_RDONLY|O_CLOEXEC) = 3
[pid 185525] 14:15:47.623039 openat(AT_FDCWD, "/home/dikluwe/.local/share/fonts/VictorMono/VictorMonoNerdFontMono-BoldOblique.ttf", O_RDONLY|O_CLOEXEC) = 3
[pid 185525] 14:15:47.623434 openat(AT_FDCWD, "/home/dikluwe/.local/share/fonts/VictorMono/VictorMonoNerdFontPropo-BoldOblique.ttf", O_RDONLY|O_CLOEXEC) = 3
[pid 185525] 14:15:47.623823 openat(AT_FDCWD, "/home/dikluwe/.local/share/fonts/VictorMono/VictorMonoNerdFont-BoldOblique.ttf", O_RDONLY|O_CLOEXEC) = 3
[pid 185525] 14:15:47.624216 openat(AT_FDCWD, "/home/dikluwe/.local/share/fonts/VictorMono/VictorMonoNerdFontMono-ExtraLightOblique.ttf", O_RDONLY|O_CLOEXEC) = 3
[pid 185525] 14:15:47.624606 openat(AT_FDCWD, "/home/dikluwe/.local/share/fonts/VictorMono/VictorMonoNerdFontPropo-ExtraLightOblique.ttf", O_RDONLY|O_CLOEXEC) = 3
[pid 185525] 14:15:47.625027 openat(AT_FDCWD, "/home/dikluwe/.local/share/fonts/VictorMono/VictorMonoNerdFont-ExtraLightOblique.ttf", O_RDONLY|O_CLOEXEC) = 3
[pid 185525] 14:15:47.625416 openat(AT_FDCWD, "/home/dikluwe/.local/share/fonts/VictorMono/VictorMonoNerdFontMono-Regular.ttf", O_RDONLY|O_CLOEXEC) = 3
[pid 185525] 14:15:47.625805 openat(AT_FDCWD, "/home/dikluwe/.local/share/fonts/VictorMono/VictorMonoNerdFont-Regular.ttf", O_RDONLY|O_CLOEXEC) = 3
[pid 185525] 14:15:47.626199 openat(AT_FDCWD, "/home/dikluwe/.local/share/fonts/VictorMono/VictorMonoNerdFontPropo-Regular.ttf", O_RDONLY|O_CLOEXEC) = 3
[pid 185525] 14:15:47.626599 openat(AT_FDCWD, "/home/dikluwe/.local/share/fonts/VictorMono/VictorMonoNerdFont-ThinOblique.ttf", O_RDONLY|O_CLOEXEC) = 3
[pid 185525] 14:15:47.626996 openat(AT_FDCWD, "/home/dikluwe/.local/share/fonts/VictorMono/VictorMonoNerdFontMono-ThinOblique.ttf", O_RDONLY|O_CLOEXEC) = 3
[pid 185525] 14:15:47.627387 openat(AT_FDCWD, "/home/dikluwe/.local/share/fonts/VictorMono/VictorMonoNerdFontPropo-ThinOblique.ttf", O_RDONLY|O_CLOEXEC) = 3
[pid 185525] 14:15:47.627776 openat(AT_FDCWD, "/home/dikluwe/.local/share/fonts/VictorMono/VictorMonoNerdFontMono-SemiBoldItalic.ttf", O_RDONLY|O_CLOEXEC) = 3
[pid 185525] 14:15:47.628215 openat(AT_FDCWD, "/home/dikluwe/.local/share/fonts/VictorMono/VictorMonoNerdFontPropo-SemiBoldItalic.ttf", O_RDONLY|O_CLOEXEC) = 3
[pid 185525] 14:15:47.628676 openat(AT_FDCWD, "/home/dikluwe/.local/share/fonts/VictorMono/VictorMonoNerdFont-SemiBoldItalic.ttf", O_RDONLY|O_CLOEXEC) = 3
[pid 185525] 14:15:47.629082 openat(AT_FDCWD, "/home/dikluwe/.local/share/fonts/VictorMono/VictorMonoNerdFontMono-Oblique.ttf", O_RDONLY|O_CLOEXEC) = 3
[pid 185525] 14:15:47.629476 openat(AT_FDCWD, "/home/dikluwe/.local/share/fonts/VictorMono/VictorMonoNerdFontPropo-Oblique.ttf", O_RDONLY|O_CLOEXEC) = 3
[pid 185525] 14:15:47.629868 openat(AT_FDCWD, "/home/dikluwe/.local/share/fonts/VictorMono/VictorMonoNerdFont-Oblique.ttf", O_RDONLY|O_CLOEXEC) = 3
[pid 185525] 14:15:47.630265 openat(AT_FDCWD, "/home/dikluwe/.local/share/fonts/VictorMono/VictorMonoNerdFontMono-Thin.ttf", O_RDONLY|O_CLOEXEC) = 3
[pid 185525] 14:15:47.630655 openat(AT_FDCWD, "/home/dikluwe/.local/share/fonts/VictorMono/VictorMonoNerdFont-Thin.ttf", O_RDONLY|O_CLOEXEC) = 3
[pid 185525] 14:15:47.631054 openat(AT_FDCWD, "/home/dikluwe/.local/share/fonts/VictorMono/VictorMonoNerdFontPropo-Thin.ttf", O_RDONLY|O_CLOEXEC) = 3
[pid 185525] 14:15:47.631448 openat(AT_FDCWD, "/home/dikluwe/.local/share/fonts/VictorMono/VictorMonoNerdFontPropo-ExtraLight.ttf", O_RDONLY|O_CLOEXEC) = 3
[pid 185525] 14:15:47.631834 openat(AT_FDCWD, "/home/dikluwe/.local/share/fonts/VictorMono/VictorMonoNerdFontMono-ExtraLight.ttf", O_RDONLY|O_CLOEXEC) = 3
[pid 185525] 14:15:47.632229 openat(AT_FDCWD, "/home/dikluwe/.local/share/fonts/VictorMono/VictorMonoNerdFont-ExtraLight.ttf", O_RDONLY|O_CLOEXEC) = 3
[pid 185525] 14:15:47.632620 openat(AT_FDCWD, "/home/dikluwe/.local/share/fonts/VictorMono/VictorMonoNerdFontMono-LightOblique.ttf", O_RDONLY|O_CLOEXEC) = 3
[pid 185525] 14:15:47.633017 openat(AT_FDCWD, "/home/dikluwe/.local/share/fonts/VictorMono/VictorMonoNerdFontPropo-LightOblique.ttf", O_RDONLY|O_CLOEXEC) = 3
[pid 185525] 14:15:47.633407 openat(AT_FDCWD, "/home/dikluwe/.local/share/fonts/VictorMono/VictorMonoNerdFont-LightOblique.ttf", O_RDONLY|O_CLOEXEC) = 3
[pid 185525] 14:15:47.633794 openat(AT_FDCWD, "/home/dikluwe/.local/share/fonts/VictorMono/VictorMonoNerdFont-Medium.ttf", O_RDONLY|O_CLOEXEC) = 3
[pid 185525] 14:15:47.634189 openat(AT_FDCWD, "/home/dikluwe/.local/share/fonts/VictorMono/VictorMonoNerdFontMono-Medium.ttf", O_RDONLY|O_CLOEXEC) = 3
[pid 185525] 14:15:47.634575 openat(AT_FDCWD, "/home/dikluwe/.local/share/fonts/VictorMono/VictorMonoNerdFontPropo-Medium.ttf", O_RDONLY|O_CLOEXEC) = 3
[pid 185525] 14:15:47.634969 openat(AT_FDCWD, "/home/dikluwe/.local/share/fonts/VictorMono/VictorMonoNerdFontMono-Bold.ttf", O_RDONLY|O_CLOEXEC) = 3
[pid 185525] 14:15:47.635357 openat(AT_FDCWD, "/home/dikluwe/.local/share/fonts/VictorMono/VictorMonoNerdFontPropo-Bold.ttf", O_RDONLY|O_CLOEXEC) = 3
[pid 185525] 14:15:47.635763 openat(AT_FDCWD, "/home/dikluwe/.local/share/fonts/VictorMono/VictorMonoNerdFont-Bold.ttf", O_RDONLY|O_CLOEXEC) = 3
[pid 185525] 14:15:47.636173 openat(AT_FDCWD, "/home/dikluwe/.local/share/fonts/VictorMono/VictorMonoNerdFontPropo-Light.ttf", O_RDONLY|O_CLOEXEC) = 3
[pid 185525] 14:15:47.636574 openat(AT_FDCWD, "/home/dikluwe/.local/share/fonts/VictorMono/VictorMonoNerdFont-Light.ttf", O_RDONLY|O_CLOEXEC) = 3
[pid 185525] 14:15:47.636968 openat(AT_FDCWD, "/home/dikluwe/.local/share/fonts/VictorMono/VictorMonoNerdFontMono-Light.ttf", O_RDONLY|O_CLOEXEC) = 3
[pid 185525] 14:15:47.637358 openat(AT_FDCWD, "/home/dikluwe/.local/share/fonts/VictorMono/VictorMonoNerdFontMono-SemiBold.ttf", O_RDONLY|O_CLOEXEC) = 3
[pid 185525] 14:15:47.637747 openat(AT_FDCWD, "/home/dikluwe/.local/share/fonts/VictorMono/VictorMonoNerdFontPropo-SemiBold.ttf", O_RDONLY|O_CLOEXEC) = 3
[pid 185525] 14:15:47.638141 openat(AT_FDCWD, "/home/dikluwe/.local/share/fonts/VictorMono/VictorMonoNerdFont-SemiBold.ttf", O_RDONLY|O_CLOEXEC) = 3
[pid 185525] 14:15:47.638530 openat(AT_FDCWD, "/home/dikluwe/.local/share/fonts/ZedMono/ZedMonoNerdFontMono-ExtendedBold.ttf", O_RDONLY|O_CLOEXEC) = 3
[pid 185525] 14:15:47.639032 openat(AT_FDCWD, "/home/dikluwe/.local/share/fonts/ZedMono/ZedMonoNerdFontPropo-ExtendedMedium.ttf", O_RDONLY|O_CLOEXEC) = 3
[pid 185525] 14:15:47.639512 openat(AT_FDCWD, "/home/dikluwe/.local/share/fonts/ZedMono/ZedMonoNerdFontMono-ExtendedLight.ttf", O_RDONLY|O_CLOEXEC) = 3
[pid 185525] 14:15:47.639993 openat(AT_FDCWD, "/home/dikluwe/.local/share/fonts/ZedMono/ZedMonoNerdFontMono-ExtendedMediumOblique.ttf", O_RDONLY|O_CLOEXEC) = 3
[pid 185525] 14:15:47.640470 openat(AT_FDCWD, "/home/dikluwe/.local/share/fonts/ZedMono/ZedMonoNerdFontPropo-ExtendedItalic.ttf", O_RDONLY|O_CLOEXEC) = 3
[pid 185525] 14:15:47.640951 openat(AT_FDCWD, "/home/dikluwe/.local/share/fonts/ZedMono/ZedMonoNerdFontPropo-ExtendedBold.ttf", O_RDONLY|O_CLOEXEC) = 3
[pid 185525] 14:15:47.641436 openat(AT_FDCWD, "/home/dikluwe/.local/share/fonts/ZedMono/ZedMonoNerdFontPropo-Extended.ttf", O_RDONLY|O_CLOEXEC) = 3
[pid 185525] 14:15:47.641920 openat(AT_FDCWD, "/home/dikluwe/.local/share/fonts/ZedMono/ZedMonoNerdFontMono-ExtendedExtraBoldOblique.ttf", O_RDONLY|O_CLOEXEC) = 3
[pid 185525] 14:15:47.642397 openat(AT_FDCWD, "/home/dikluwe/.local/share/fonts/ZedMono/ZedMonoNerdFontPropo-ExtendedExtraBoldOblique.ttf", O_RDONLY|O_CLOEXEC) = 3
[pid 185525] 14:15:47.642875 openat(AT_FDCWD, "/home/dikluwe/.local/share/fonts/ZedMono/ZedMonoNerdFont-ExtendedExtraBold.ttf", O_RDONLY|O_CLOEXEC) = 3
[pid 185525] 14:15:47.643364 openat(AT_FDCWD, "/home/dikluwe/.local/share/fonts/ZedMono/ZedMonoNerdFontPropo-ExtendedExtraBoldItalic.ttf", O_RDONLY|O_CLOEXEC) = 3
[pid 185525] 14:15:47.643845 openat(AT_FDCWD, "/home/dikluwe/.local/share/fonts/ZedMono/ZedMonoNerdFontMono-ExtendedExtraBold.ttf", O_RDONLY|O_CLOEXEC) = 3
[pid 185525] 14:15:47.644341 openat(AT_FDCWD, "/home/dikluwe/.local/share/fonts/ZedMono/ZedMonoNerdFont-ExtendedMediumItalic.ttf", O_RDONLY|O_CLOEXEC) = 3
[pid 185525] 14:15:47.644821 openat(AT_FDCWD, "/home/dikluwe/.local/share/fonts/ZedMono/ZedMonoNerdFontMono-ExtendedBoldOblique.ttf", O_RDONLY|O_CLOEXEC) = 3
[pid 185525] 14:15:47.645309 openat(AT_FDCWD, "/home/dikluwe/.local/share/fonts/ZedMono/ZedMonoNerdFontMono-ExtendedMedium.ttf", O_RDONLY|O_CLOEXEC) = 3
[pid 185525] 14:15:47.645794 openat(AT_FDCWD, "/home/dikluwe/.local/share/fonts/ZedMono/ZedMonoNerdFontPropo-ExtendedMediumOblique.ttf", O_RDONLY|O_CLOEXEC) = 3
[pid 185525] 14:15:47.646279 openat(AT_FDCWD, "/home/dikluwe/.local/share/fonts/ZedMono/ZedMonoNerdFont-Extended.ttf", O_RDONLY|O_CLOEXEC) = 3
[pid 185525] 14:15:47.646757 openat(AT_FDCWD, "/home/dikluwe/.local/share/fonts/ZedMono/ZedMonoNerdFontPropo-ExtendedBoldItalic.ttf", O_RDONLY|O_CLOEXEC) = 3
[pid 185525] 14:15:47.647242 openat(AT_FDCWD, "/home/dikluwe/.local/share/fonts/ZedMono/ZedMonoNerdFont-ExtendedOblique.ttf", O_RDONLY|O_CLOEXEC) = 3
[pid 185525] 14:15:47.647746 openat(AT_FDCWD, "/home/dikluwe/.local/share/fonts/ZedMono/ZedMonoNerdFont-ExtendedMedium.ttf", O_RDONLY|O_CLOEXEC) = 3
[pid 185525] 14:15:47.648230 openat(AT_FDCWD, "/home/dikluwe/.local/share/fonts/ZedMono/ZedMonoNerdFontPropo-ExtendedBoldOblique.ttf", O_RDONLY|O_CLOEXEC) = 3
[pid 185525] 14:15:47.648710 openat(AT_FDCWD, "/home/dikluwe/.local/share/fonts/ZedMono/ZedMonoNerdFontMono-ExtendedOblique.ttf", O_RDONLY|O_CLOEXEC) = 3
[pid 185525] 14:15:47.649190 openat(AT_FDCWD, "/home/dikluwe/.local/share/fonts/ZedMono/ZedMonoNerdFontPropo-ExtendedLightItalic.ttf", O_RDONLY|O_CLOEXEC) = 3
[pid 185525] 14:15:47.649665 openat(AT_FDCWD, "/home/dikluwe/.local/share/fonts/ZedMono/ZedMonoNerdFontPropo-ExtendedMediumItalic.ttf", O_RDONLY|O_CLOEXEC) = 3
[pid 185525] 14:15:47.650148 openat(AT_FDCWD, "/home/dikluwe/.local/share/fonts/ZedMono/ZedMonoNerdFontMono-ExtendedBoldItalic.ttf", O_RDONLY|O_CLOEXEC) = 3
[pid 185525] 14:15:47.650629 openat(AT_FDCWD, "/home/dikluwe/.local/share/fonts/ZedMono/ZedMonoNerdFont-ExtendedBold.ttf", O_RDONLY|O_CLOEXEC) = 3
[pid 185525] 14:15:47.651119 openat(AT_FDCWD, "/home/dikluwe/.local/share/fonts/ZedMono/ZedMonoNerdFontMono-ExtendedMediumItalic.ttf", O_RDONLY|O_CLOEXEC) = 3
[pid 185525] 14:15:47.651598 openat(AT_FDCWD, "/home/dikluwe/.local/share/fonts/ZedMono/ZedMonoNerdFontPropo-ExtendedExtraBold.ttf", O_RDONLY|O_CLOEXEC) = 3
[pid 185525] 14:15:47.652082 openat(AT_FDCWD, "/home/dikluwe/.local/share/fonts/ZedMono/ZedMonoNerdFontMono-Extended.ttf", O_RDONLY|O_CLOEXEC) = 3
[pid 185525] 14:15:47.652561 openat(AT_FDCWD, "/home/dikluwe/.local/share/fonts/ZedMono/ZedMonoNerdFont-ExtendedExtraBoldOblique.ttf", O_RDONLY|O_CLOEXEC) = 3
[pid 185525] 14:15:47.653060 openat(AT_FDCWD, "/home/dikluwe/.local/share/fonts/ZedMono/ZedMonoNerdFont-ExtendedMediumOblique.ttf", O_RDONLY|O_CLOEXEC) = 3
[pid 185525] 14:15:47.653551 openat(AT_FDCWD, "/home/dikluwe/.local/share/fonts/ZedMono/ZedMonoNerdFont-ExtendedItalic.ttf", O_RDONLY|O_CLOEXEC) = 3
[pid 185525] 14:15:47.654032 openat(AT_FDCWD, "/home/dikluwe/.local/share/fonts/ZedMono/ZedMonoNerdFontMono-ExtendedLightOblique.ttf", O_RDONLY|O_CLOEXEC) = 3
[pid 185525] 14:15:47.654519 openat(AT_FDCWD, "/home/dikluwe/.local/share/fonts/ZedMono/ZedMonoNerdFontMono-ExtendedItalic.ttf", O_RDONLY|O_CLOEXEC) = 3
[pid 185525] 14:15:47.655007 openat(AT_FDCWD, "/home/dikluwe/.local/share/fonts/ZedMono/ZedMonoNerdFontPropo-ExtendedLight.ttf", O_RDONLY|O_CLOEXEC) = 3
[pid 185525] 14:15:47.655485 openat(AT_FDCWD, "/home/dikluwe/.local/share/fonts/ZedMono/ZedMonoNerdFont-ExtendedBoldItalic.ttf", O_RDONLY|O_CLOEXEC) = 3
[pid 185525] 14:15:47.655970 openat(AT_FDCWD, "/home/dikluwe/.local/share/fonts/ZedMono/ZedMonoNerdFont-ExtendedExtraBoldItalic.ttf", O_RDONLY|O_CLOEXEC) = 3
[pid 185525] 14:15:47.656453 openat(AT_FDCWD, "/home/dikluwe/.local/share/fonts/ZedMono/ZedMonoNerdFont-ExtendedLightItalic.ttf", O_RDONLY|O_CLOEXEC) = 3
[pid 185525] 14:15:47.656933 openat(AT_FDCWD, "/home/dikluwe/.local/share/fonts/ZedMono/ZedMonoNerdFontMono-ExtendedExtraBoldItalic.ttf", O_RDONLY|O_CLOEXEC) = 3
[pid 185525] 14:15:47.657431 openat(AT_FDCWD, "/home/dikluwe/.local/share/fonts/ZedMono/ZedMonoNerdFontMono-ExtendedLightItalic.ttf", O_RDONLY|O_CLOEXEC) = 3
[pid 185525] 14:15:47.657926 openat(AT_FDCWD, "/home/dikluwe/.local/share/fonts/ZedMono/ZedMonoNerdFont-ExtendedLightOblique.ttf", O_RDONLY|O_CLOEXEC) = 3
[pid 185525] 14:15:47.658407 openat(AT_FDCWD, "/home/dikluwe/.local/share/fonts/ZedMono/ZedMonoNerdFontPropo-ExtendedLightOblique.ttf", O_RDONLY|O_CLOEXEC) = 3
[pid 185525] 14:15:47.658890 openat(AT_FDCWD, "/home/dikluwe/.local/share/fonts/ZedMono/ZedMonoNerdFont-ExtendedLight.ttf", O_RDONLY|O_CLOEXEC) = 3
[pid 185525] 14:15:47.659378 openat(AT_FDCWD, "/home/dikluwe/.local/share/fonts/ZedMono/ZedMonoNerdFont-ExtendedBoldOblique.ttf", O_RDONLY|O_CLOEXEC) = 3
[pid 185525] 14:15:47.659856 openat(AT_FDCWD, "/home/dikluwe/.local/share/fonts/ZedMono/ZedMonoNerdFontPropo-ExtendedOblique.ttf", O_RDONLY|O_CLOEXEC) = 3
[pid 185525] 14:15:47.660344 openat(AT_FDCWD, "/home/dikluwe/.local/share/fonts/ZedMono/ZedMonoNerdFontMono-Italic.ttf", O_RDONLY|O_CLOEXEC) = 3
[pid 185525] 14:15:47.660843 openat(AT_FDCWD, "/home/dikluwe/.local/share/fonts/ZedMono/ZedMonoNerdFontPropo-Oblique.ttf", O_RDONLY|O_CLOEXEC) = 3
[pid 185525] 14:15:47.661332 openat(AT_FDCWD, "/home/dikluwe/.local/share/fonts/ZedMono/ZedMonoNerdFont-BoldOblique.ttf", O_RDONLY|O_CLOEXEC) = 3
[pid 185525] 14:15:47.661813 openat(AT_FDCWD, "/home/dikluwe/.local/share/fonts/ZedMono/ZedMonoNerdFontPropo-Regular.ttf", O_RDONLY|O_CLOEXEC) = 3
[pid 185525] 14:15:47.662314 openat(AT_FDCWD, "/home/dikluwe/.local/share/fonts/ZedMono/ZedMonoNerdFontMono-Bold.ttf", O_RDONLY|O_CLOEXEC) = 3
[pid 185525] 14:15:47.662794 openat(AT_FDCWD, "/home/dikluwe/.local/share/fonts/ZedMono/ZedMonoNerdFont-BoldItalic.ttf", O_RDONLY|O_CLOEXEC) = 3
[pid 185525] 14:15:47.663277 openat(AT_FDCWD, "/home/dikluwe/.local/share/fonts/ZedMono/ZedMonoNerdFont-Regular.ttf", O_RDONLY|O_CLOEXEC) = 3
[pid 185525] 14:15:47.663780 openat(AT_FDCWD, "/home/dikluwe/.local/share/fonts/ZedMono/ZedMonoNerdFontMono-Light.ttf", O_RDONLY|O_CLOEXEC) = 3
[pid 185525] 14:15:47.664259 openat(AT_FDCWD, "/home/dikluwe/.local/share/fonts/ZedMono/ZedMonoNerdFont-LightOblique.ttf", O_RDONLY|O_CLOEXEC) = 3
[pid 185525] 14:15:47.664734 openat(AT_FDCWD, "/home/dikluwe/.local/share/fonts/ZedMono/ZedMonoNerdFont-ExtraBold.ttf", O_RDONLY|O_CLOEXEC) = 3
[pid 185525] 14:15:47.665216 openat(AT_FDCWD, "/home/dikluwe/.local/share/fonts/ZedMono/ZedMonoNerdFontMono-BoldItalic.ttf", O_RDONLY|O_CLOEXEC) = 3
[pid 185525] 14:15:47.665691 openat(AT_FDCWD, "/home/dikluwe/.local/share/fonts/ZedMono/ZedMonoNerdFontPropo-LightItalic.ttf", O_RDONLY|O_CLOEXEC) = 3
[pid 185525] 14:15:47.666195 openat(AT_FDCWD, "/home/dikluwe/.local/share/fonts/ZedMono/ZedMonoNerdFont-Medium.ttf", O_RDONLY|O_CLOEXEC) = 3
[pid 185525] 14:15:47.666673 openat(AT_FDCWD, "/home/dikluwe/.local/share/fonts/ZedMono/ZedMonoNerdFontPropo-ExtraBold.ttf", O_RDONLY|O_CLOEXEC) = 3
[pid 185525] 14:15:47.667166 openat(AT_FDCWD, "/home/dikluwe/.local/share/fonts/ZedMono/ZedMonoNerdFont-Oblique.ttf", O_RDONLY|O_CLOEXEC) = 3
[pid 185525] 14:15:47.667639 openat(AT_FDCWD, "/home/dikluwe/.local/share/fonts/ZedMono/ZedMonoNerdFontPropo-ExtraBoldItalic.ttf", O_RDONLY|O_CLOEXEC) = 3
[pid 185525] 14:15:47.668144 openat(AT_FDCWD, "/home/dikluwe/.local/share/fonts/ZedMono/ZedMonoNerdFontMono-ExtraBoldItalic.ttf", O_RDONLY|O_CLOEXEC) = 3
[pid 185525] 14:15:47.668617 openat(AT_FDCWD, "/home/dikluwe/.local/share/fonts/ZedMono/ZedMonoNerdFont-Italic.ttf", O_RDONLY|O_CLOEXEC) = 3
[pid 185525] 14:15:47.669110 openat(AT_FDCWD, "/home/dikluwe/.local/share/fonts/ZedMono/ZedMonoNerdFontPropo-Italic.ttf", O_RDONLY|O_CLOEXEC) = 3
[pid 185525] 14:15:47.669587 openat(AT_FDCWD, "/home/dikluwe/.local/share/fonts/ZedMono/ZedMonoNerdFontMono-LightOblique.ttf", O_RDONLY|O_CLOEXEC) = 3
[pid 185525] 14:15:47.670072 openat(AT_FDCWD, "/home/dikluwe/.local/share/fonts/ZedMono/ZedMonoNerdFont-ExtraBoldItalic.ttf", O_RDONLY|O_CLOEXEC) = 3
[pid 185525] 14:15:47.670548 openat(AT_FDCWD, "/home/dikluwe/.local/share/fonts/ZedMono/ZedMonoNerdFontMono-MediumItalic.ttf", O_RDONLY|O_CLOEXEC) = 3
[pid 185525] 14:15:47.671036 openat(AT_FDCWD, "/home/dikluwe/.local/share/fonts/ZedMono/ZedMonoNerdFontPropo-Light.ttf", O_RDONLY|O_CLOEXEC) = 3
[pid 185525] 14:15:47.671515 openat(AT_FDCWD, "/home/dikluwe/.local/share/fonts/ZedMono/ZedMonoNerdFont-LightItalic.ttf", O_RDONLY|O_CLOEXEC) = 3
[pid 185525] 14:15:47.672007 openat(AT_FDCWD, "/home/dikluwe/.local/share/fonts/ZedMono/ZedMonoNerdFontPropo-BoldOblique.ttf", O_RDONLY|O_CLOEXEC) = 3
[pid 185525] 14:15:47.672480 openat(AT_FDCWD, "/home/dikluwe/.local/share/fonts/ZedMono/ZedMonoNerdFont-MediumOblique.ttf", O_RDONLY|O_CLOEXEC) = 3
[pid 185525] 14:15:47.672962 openat(AT_FDCWD, "/home/dikluwe/.local/share/fonts/ZedMono/ZedMonoNerdFontPropo-Bold.ttf", O_RDONLY|O_CLOEXEC) = 3
[pid 185525] 14:15:47.673440 openat(AT_FDCWD, "/home/dikluwe/.local/share/fonts/ZedMono/ZedMonoNerdFontMono-Regular.ttf", O_RDONLY|O_CLOEXEC) = 3
[pid 185525] 14:15:47.673926 openat(AT_FDCWD, "/home/dikluwe/.local/share/fonts/ZedMono/ZedMonoNerdFont-ExtraBoldOblique.ttf", O_RDONLY|O_CLOEXEC) = 3
[pid 185525] 14:15:47.674425 openat(AT_FDCWD, "/home/dikluwe/.local/share/fonts/ZedMono/ZedMonoNerdFontMono-ExtraBoldOblique.ttf", O_RDONLY|O_CLOEXEC) = 3
[pid 185525] 14:15:47.674907 openat(AT_FDCWD, "/home/dikluwe/.local/share/fonts/ZedMono/ZedMonoNerdFont-Bold.ttf", O_RDONLY|O_CLOEXEC) = 3
[pid 185525] 14:15:47.675391 openat(AT_FDCWD, "/home/dikluwe/.local/share/fonts/ZedMono/ZedMonoNerdFontPropo-BoldItalic.ttf", O_RDONLY|O_CLOEXEC) = 3
[pid 185525] 14:15:47.675861 openat(AT_FDCWD, "/home/dikluwe/.local/share/fonts/ZedMono/ZedMonoNerdFontPropo-Medium.ttf", O_RDONLY|O_CLOEXEC) = 3
[pid 185525] 14:15:47.676338 openat(AT_FDCWD, "/home/dikluwe/.local/share/fonts/ZedMono/ZedMonoNerdFont-Light.ttf", O_RDONLY|O_CLOEXEC) = 3
[pid 185525] 14:15:47.676813 openat(AT_FDCWD, "/home/dikluwe/.local/share/fonts/ZedMono/ZedMonoNerdFontPropo-ExtraBoldOblique.ttf", O_RDONLY|O_CLOEXEC) = 3
[pid 185525] 14:15:47.677296 openat(AT_FDCWD, "/home/dikluwe/.local/share/fonts/ZedMono/ZedMonoNerdFontPropo-MediumItalic.ttf", O_RDONLY|O_CLOEXEC) = 3
[pid 185525] 14:15:47.677770 openat(AT_FDCWD, "/home/dikluwe/.local/share/fonts/ZedMono/ZedMonoNerdFontMono-ExtraBold.ttf", O_RDONLY|O_CLOEXEC) = 3
[pid 185525] 14:15:47.678251 openat(AT_FDCWD, "/home/dikluwe/.local/share/fonts/ZedMono/ZedMonoNerdFont-MediumItalic.ttf", O_RDONLY|O_CLOEXEC) = 3
[pid 185525] 14:15:47.678725 openat(AT_FDCWD, "/home/dikluwe/.local/share/fonts/ZedMono/ZedMonoNerdFontMono-MediumOblique.ttf", O_RDONLY|O_CLOEXEC) = 3
[pid 185525] 14:15:47.679215 openat(AT_FDCWD, "/home/dikluwe/.local/share/fonts/ZedMono/ZedMonoNerdFontPropo-MediumOblique.ttf", O_RDONLY|O_CLOEXEC) = 3
[pid 185525] 14:15:47.679706 openat(AT_FDCWD, "/home/dikluwe/.local/share/fonts/ZedMono/ZedMonoNerdFontPropo-LightOblique.ttf", O_RDONLY|O_CLOEXEC) = 3
[pid 185525] 14:15:47.680183 openat(AT_FDCWD, "/home/dikluwe/.local/share/fonts/ZedMono/ZedMonoNerdFontMono-Oblique.ttf", O_RDONLY|O_CLOEXEC) = 3
[pid 185525] 14:15:47.680658 openat(AT_FDCWD, "/home/dikluwe/.local/share/fonts/ZedMono/ZedMonoNerdFontMono-Medium.ttf", O_RDONLY|O_CLOEXEC) = 3
[pid 185525] 14:15:47.681138 openat(AT_FDCWD, "/home/dikluwe/.local/share/fonts/ZedMono/ZedMonoNerdFontMono-BoldOblique.ttf", O_RDONLY|O_CLOEXEC) = 3
[pid 185525] 14:15:47.681613 openat(AT_FDCWD, "/home/dikluwe/.local/share/fonts/ZedMono/ZedMonoNerdFontMono-LightItalic.ttf", O_RDONLY|O_CLOEXEC) = 3
[pid 185525] 14:15:47.682149 openat(AT_FDCWD, "/home/dikluwe/.local/share/fonts/Tinos/TinosNerdFont-Italic.ttf", O_RDONLY|O_CLOEXEC) = 3
[pid 185525] 14:15:47.682547 openat(AT_FDCWD, "/home/dikluwe/.local/share/fonts/Tinos/TinosNerdFontPropo-Italic.ttf", O_RDONLY|O_CLOEXEC) = 3
[pid 185525] 14:15:47.682944 openat(AT_FDCWD, "/home/dikluwe/.local/share/fonts/Tinos/TinosNerdFontPropo-BoldItalic.ttf", O_RDONLY|O_CLOEXEC) = 3
[pid 185525] 14:15:47.683338 openat(AT_FDCWD, "/home/dikluwe/.local/share/fonts/Tinos/TinosNerdFont-BoldItalic.ttf", O_RDONLY|O_CLOEXEC) = 3
[pid 185525] 14:15:47.683727 openat(AT_FDCWD, "/home/dikluwe/.local/share/fonts/Tinos/TinosNerdFontPropo-Regular.ttf", O_RDONLY|O_CLOEXEC) = 3
[pid 185525] 14:15:47.684133 openat(AT_FDCWD, "/home/dikluwe/.local/share/fonts/Tinos/TinosNerdFont-Regular.ttf", O_RDONLY|O_CLOEXEC) = 3
[pid 185525] 14:15:47.684525 openat(AT_FDCWD, "/home/dikluwe/.local/share/fonts/Tinos/TinosNerdFont-Bold.ttf", O_RDONLY|O_CLOEXEC) = 3
[pid 185525] 14:15:47.684925 openat(AT_FDCWD, "/home/dikluwe/.local/share/fonts/Tinos/TinosNerdFontPropo-Bold.ttf", O_RDONLY|O_CLOEXEC) = 3
[pid 185525] 14:15:47.685342 openat(AT_FDCWD, "/home/dikluwe/.local/share/fonts/Ubuntu/UbuntuNerdFont-LightItalic.ttf", O_RDONLY|O_CLOEXEC) = 3
[pid 185525] 14:15:47.685709 openat(AT_FDCWD, "/home/dikluwe/.local/share/fonts/Ubuntu/UbuntuNerdFontPropo-LightItalic.ttf", O_RDONLY|O_CLOEXEC) = 3
[pid 185525] 14:15:47.686085 openat(AT_FDCWD, "/home/dikluwe/.local/share/fonts/Ubuntu/UbuntuNerdFontPropo-MediumItalic.ttf", O_RDONLY|O_CLOEXEC) = 3
[pid 185525] 14:15:47.686458 openat(AT_FDCWD, "/home/dikluwe/.local/share/fonts/Ubuntu/UbuntuNerdFont-MediumItalic.ttf", O_RDONLY|O_CLOEXEC) = 3
[pid 185525] 14:15:47.686836 openat(AT_FDCWD, "/home/dikluwe/.local/share/fonts/Ubuntu/UbuntuNerdFontPropo-BoldItalic.ttf", O_RDONLY|O_CLOEXEC) = 3
[pid 185525] 14:15:47.687208 openat(AT_FDCWD, "/home/dikluwe/.local/share/fonts/Ubuntu/UbuntuNerdFont-BoldItalic.ttf", O_RDONLY|O_CLOEXEC) = 3
[pid 185525] 14:15:47.687573 openat(AT_FDCWD, "/home/dikluwe/.local/share/fonts/Ubuntu/UbuntuNerdFontPropo-Italic.ttf", O_RDONLY|O_CLOEXEC) = 3
[pid 185525] 14:15:47.687944 openat(AT_FDCWD, "/home/dikluwe/.local/share/fonts/Ubuntu/UbuntuNerdFont-Italic.ttf", O_RDONLY|O_CLOEXEC) = 3
[pid 185525] 14:15:47.688307 openat(AT_FDCWD, "/home/dikluwe/.local/share/fonts/Ubuntu/UbuntuNerdFont-Regular.ttf", O_RDONLY|O_CLOEXEC) = 3
[pid 185525] 14:15:47.688668 openat(AT_FDCWD, "/home/dikluwe/.local/share/fonts/Ubuntu/UbuntuNerdFontPropo-Regular.ttf", O_RDONLY|O_CLOEXEC) = 3
[pid 185525] 14:15:47.689042 openat(AT_FDCWD, "/home/dikluwe/.local/share/fonts/Ubuntu/UbuntuNerdFontPropo-Condensed.ttf", O_RDONLY|O_CLOEXEC) = 3
[pid 185525] 14:15:47.689406 openat(AT_FDCWD, "/home/dikluwe/.local/share/fonts/Ubuntu/UbuntuNerdFont-Condensed.ttf", O_RDONLY|O_CLOEXEC) = 3
[pid 185525] 14:15:47.689773 openat(AT_FDCWD, "/home/dikluwe/.local/share/fonts/Ubuntu/UbuntuNerdFont-Medium.ttf", O_RDONLY|O_CLOEXEC) = 3
[pid 185525] 14:15:47.690189 openat(AT_FDCWD, "/home/dikluwe/.local/share/fonts/Ubuntu/UbuntuNerdFontPropo-Medium.ttf", O_RDONLY|O_CLOEXEC) = 3
[pid 185525] 14:15:47.690587 openat(AT_FDCWD, "/home/dikluwe/.local/share/fonts/Ubuntu/UbuntuNerdFontPropo-Bold.ttf", O_RDONLY|O_CLOEXEC) = 3
[pid 185525] 14:15:47.690970 openat(AT_FDCWD, "/home/dikluwe/.local/share/fonts/Ubuntu/UbuntuNerdFont-Bold.ttf", O_RDONLY|O_CLOEXEC) = 3
[pid 185525] 14:15:47.691334 openat(AT_FDCWD, "/home/dikluwe/.local/share/fonts/Ubuntu/UbuntuNerdFont-Light.ttf", O_RDONLY|O_CLOEXEC) = 3
[pid 185525] 14:15:47.691701 openat(AT_FDCWD, "/home/dikluwe/.local/share/fonts/Ubuntu/UbuntuNerdFontPropo-Light.ttf", O_RDONLY|O_CLOEXEC) = 3
[pid 185525] 14:15:47.692074 openat(AT_FDCWD, "/home/dikluwe/.local/share/fonts/DejaVuSansMono/DejaVuSansMNerdFontPropo-Oblique.ttf", O_RDONLY|O_CLOEXEC) = 3
[pid 185525] 14:15:47.692585 openat(AT_FDCWD, "/home/dikluwe/.local/share/fonts/DejaVuSansMono/DejaVuSansMNerdFont-Oblique.ttf", O_RDONLY|O_CLOEXEC) = 3
[pid 185525] 14:15:47.693037 openat(AT_FDCWD, "/home/dikluwe/.local/share/fonts/DejaVuSansMono/DejaVuSansMNerdFontMono-Oblique.ttf", O_RDONLY|O_CLOEXEC) = 3
[pid 185525] 14:15:47.693475 openat(AT_FDCWD, "/home/dikluwe/.local/share/fonts/DejaVuSansMono/DejaVuSansMNerdFontPropo-BoldOblique.ttf", O_RDONLY|O_CLOEXEC) = 3
[pid 185525] 14:15:47.693970 openat(AT_FDCWD, "/home/dikluwe/.local/share/fonts/DejaVuSansMono/DejaVuSansMNerdFontMono-BoldOblique.ttf", O_RDONLY|O_CLOEXEC) = 3
[pid 185525] 14:15:47.694416 openat(AT_FDCWD, "/home/dikluwe/.local/share/fonts/DejaVuSansMono/DejaVuSansMNerdFont-BoldOblique.ttf", O_RDONLY|O_CLOEXEC) = 3
[pid 185525] 14:15:47.694869 openat(AT_FDCWD, "/home/dikluwe/.local/share/fonts/DejaVuSansMono/DejaVuSansMNerdFontPropo-Regular.ttf", O_RDONLY|O_CLOEXEC) = 3
[pid 185525] 14:15:47.695348 openat(AT_FDCWD, "/home/dikluwe/.local/share/fonts/DejaVuSansMono/DejaVuSansMNerdFont-Regular.ttf", O_RDONLY|O_CLOEXEC) = 3
[pid 185525] 14:15:47.695827 openat(AT_FDCWD, "/home/dikluwe/.local/share/fonts/DejaVuSansMono/DejaVuSansMNerdFontMono-Regular.ttf", O_RDONLY|O_CLOEXEC) = 3
[pid 185525] 14:15:47.696286 openat(AT_FDCWD, "/home/dikluwe/.local/share/fonts/DejaVuSansMono/DejaVuSansMNerdFont-Bold.ttf", O_RDONLY|O_CLOEXEC) = 3
[pid 185525] 14:15:47.696738 openat(AT_FDCWD, "/home/dikluwe/.local/share/fonts/DejaVuSansMono/DejaVuSansMNerdFontPropo-Bold.ttf", O_RDONLY|O_CLOEXEC) = 3
[pid 185525] 14:15:47.697202 openat(AT_FDCWD, "/home/dikluwe/.local/share/fonts/DejaVuSansMono/DejaVuSansMNerdFontMono-Bold.ttf", O_RDONLY|O_CLOEXEC) = 3
[pid 185525] 14:15:47.697649 openat(AT_FDCWD, "/usr/share/texmf/fonts/opentype/public/lm/lmmono10-italic.otf", O_RDONLY|O_CLOEXEC) = 3
[pid 185525] 14:15:47.697864 openat(AT_FDCWD, "/usr/share/texmf/fonts/opentype/public/lm/lmmono10-regular.otf", O_RDONLY|O_CLOEXEC) = 3
[pid 185525] 14:15:47.698056 openat(AT_FDCWD, "/usr/share/texmf/fonts/opentype/public/lm/lmmono12-regular.otf", O_RDONLY|O_CLOEXEC) = 3
[pid 185525] 14:15:47.698243 openat(AT_FDCWD, "/usr/share/texmf/fonts/opentype/public/lm/lmmono8-regular.otf", O_RDONLY|O_CLOEXEC) = 3
[pid 185525] 14:15:47.698432 openat(AT_FDCWD, "/usr/share/texmf/fonts/opentype/public/lm/lmmono9-regular.otf", O_RDONLY|O_CLOEXEC) = 3
[pid 185525] 14:15:47.698623 openat(AT_FDCWD, "/usr/share/texmf/fonts/opentype/public/lm/lmmonocaps10-oblique.otf", O_RDONLY|O_CLOEXEC) = 3
[pid 185525] 14:15:47.698813 openat(AT_FDCWD, "/usr/share/texmf/fonts/opentype/public/lm/lmmonocaps10-regular.otf", O_RDONLY|O_CLOEXEC) = 3
[pid 185525] 14:15:47.699033 openat(AT_FDCWD, "/usr/share/texmf/fonts/opentype/public/lm/lmmonolt10-bold.otf", O_RDONLY|O_CLOEXEC) = 3
[pid 185525] 14:15:47.699227 openat(AT_FDCWD, "/usr/share/texmf/fonts/opentype/public/lm/lmmonolt10-boldoblique.otf", O_RDONLY|O_CLOEXEC) = 3
[pid 185525] 14:15:47.699421 openat(AT_FDCWD, "/usr/share/texmf/fonts/opentype/public/lm/lmmonolt10-oblique.otf", O_RDONLY|O_CLOEXEC) = 3
[pid 185525] 14:15:47.699615 openat(AT_FDCWD, "/usr/share/texmf/fonts/opentype/public/lm/lmmonolt10-regular.otf", O_RDONLY|O_CLOEXEC) = 3
[pid 185525] 14:15:47.699808 openat(AT_FDCWD, "/usr/share/texmf/fonts/opentype/public/lm/lmmonoltcond10-oblique.otf", O_RDONLY|O_CLOEXEC) = 3
[pid 185525] 14:15:47.700008 openat(AT_FDCWD, "/usr/share/texmf/fonts/opentype/public/lm/lmmonoltcond10-regular.otf", O_RDONLY|O_CLOEXEC) = 3
[pid 185525] 14:15:47.700201 openat(AT_FDCWD, "/usr/share/texmf/fonts/opentype/public/lm/lmmonoprop10-oblique.otf", O_RDONLY|O_CLOEXEC) = 3
[pid 185525] 14:15:47.700412 openat(AT_FDCWD, "/usr/share/texmf/fonts/opentype/public/lm/lmmonoprop10-regular.otf", O_RDONLY|O_CLOEXEC) = 3
[pid 185525] 14:15:47.700607 openat(AT_FDCWD, "/usr/share/texmf/fonts/opentype/public/lm/lmmonoproplt10-bold.otf", O_RDONLY|O_CLOEXEC) = 3
[pid 185525] 14:15:47.700805 openat(AT_FDCWD, "/usr/share/texmf/fonts/opentype/public/lm/lmmonoproplt10-boldoblique.otf", O_RDONLY|O_CLOEXEC) = 3
[pid 185525] 14:15:47.701010 openat(AT_FDCWD, "/usr/share/texmf/fonts/opentype/public/lm/lmmonoproplt10-oblique.otf", O_RDONLY|O_CLOEXEC) = 3
[pid 185525] 14:15:47.701207 openat(AT_FDCWD, "/usr/share/texmf/fonts/opentype/public/lm/lmmonoproplt10-regular.otf", O_RDONLY|O_CLOEXEC) = 3
[pid 185525] 14:15:47.701405 openat(AT_FDCWD, "/usr/share/texmf/fonts/opentype/public/lm/lmmonoslant10-regular.otf", O_RDONLY|O_CLOEXEC) = 3
[pid 185525] 14:15:47.701598 openat(AT_FDCWD, "/usr/share/texmf/fonts/opentype/public/lm/lmroman10-bold.otf", O_RDONLY|O_CLOEXEC) = 3
[pid 185525] 14:15:47.701795 openat(AT_FDCWD, "/usr/share/texmf/fonts/opentype/public/lm/lmroman10-bolditalic.otf", O_RDONLY|O_CLOEXEC) = 3
[pid 185525] 14:15:47.702001 openat(AT_FDCWD, "/usr/share/texmf/fonts/opentype/public/lm/lmroman10-italic.otf", O_RDONLY|O_CLOEXEC) = 3
[pid 185525] 14:15:47.702197 openat(AT_FDCWD, "/usr/share/texmf/fonts/opentype/public/lm/lmroman10-regular.otf", O_RDONLY|O_CLOEXEC) = 3
[pid 185525] 14:15:47.702401 openat(AT_FDCWD, "/usr/share/texmf/fonts/opentype/public/lm/lmroman12-bold.otf", O_RDONLY|O_CLOEXEC) = 3
[pid 185525] 14:15:47.702593 openat(AT_FDCWD, "/usr/share/texmf/fonts/opentype/public/lm/lmroman12-italic.otf", O_RDONLY|O_CLOEXEC) = 3
[pid 185525] 14:15:47.702797 openat(AT_FDCWD, "/usr/share/texmf/fonts/opentype/public/lm/lmroman12-regular.otf", O_RDONLY|O_CLOEXEC) = 3
[pid 185525] 14:15:47.703001 openat(AT_FDCWD, "/usr/share/texmf/fonts/opentype/public/lm/lmroman17-regular.otf", O_RDONLY|O_CLOEXEC) = 3
[pid 185525] 14:15:47.703191 openat(AT_FDCWD, "/usr/share/texmf/fonts/opentype/public/lm/lmroman5-bold.otf", O_RDONLY|O_CLOEXEC) = 3
[pid 185525] 14:15:47.703382 openat(AT_FDCWD, "/usr/share/texmf/fonts/opentype/public/lm/lmroman5-regular.otf", O_RDONLY|O_CLOEXEC) = 3
[pid 185525] 14:15:47.703572 openat(AT_FDCWD, "/usr/share/texmf/fonts/opentype/public/lm/lmroman6-bold.otf", O_RDONLY|O_CLOEXEC) = 3
[pid 185525] 14:15:47.703779 openat(AT_FDCWD, "/usr/share/texmf/fonts/opentype/public/lm/lmroman6-regular.otf", O_RDONLY|O_CLOEXEC) = 3
[pid 185525] 14:15:47.703976 openat(AT_FDCWD, "/usr/share/texmf/fonts/opentype/public/lm/lmroman7-bold.otf", O_RDONLY|O_CLOEXEC) = 3
[pid 185525] 14:15:47.704166 openat(AT_FDCWD, "/usr/share/texmf/fonts/opentype/public/lm/lmroman7-italic.otf", O_RDONLY|O_CLOEXEC) = 3
[pid 185525] 14:15:47.704358 openat(AT_FDCWD, "/usr/share/texmf/fonts/opentype/public/lm/lmroman7-regular.otf", O_RDONLY|O_CLOEXEC) = 3
[pid 185525] 14:15:47.704544 openat(AT_FDCWD, "/usr/share/texmf/fonts/opentype/public/lm/lmroman8-bold.otf", O_RDONLY|O_CLOEXEC) = 3
[pid 185525] 14:15:47.704737 openat(AT_FDCWD, "/usr/share/texmf/fonts/opentype/public/lm/lmroman8-italic.otf", O_RDONLY|O_CLOEXEC) = 3
[pid 185525] 14:15:47.704935 openat(AT_FDCWD, "/usr/share/texmf/fonts/opentype/public/lm/lmroman8-regular.otf", O_RDONLY|O_CLOEXEC) = 3
[pid 185525] 14:15:47.705124 openat(AT_FDCWD, "/usr/share/texmf/fonts/opentype/public/lm/lmroman9-bold.otf", O_RDONLY|O_CLOEXEC) = 3
[pid 185525] 14:15:47.705316 openat(AT_FDCWD, "/usr/share/texmf/fonts/opentype/public/lm/lmroman9-italic.otf", O_RDONLY|O_CLOEXEC) = 3
[pid 185525] 14:15:47.705509 openat(AT_FDCWD, "/usr/share/texmf/fonts/opentype/public/lm/lmroman9-regular.otf", O_RDONLY|O_CLOEXEC) = 3
[pid 185525] 14:15:47.705714 openat(AT_FDCWD, "/usr/share/texmf/fonts/opentype/public/lm/lmromancaps10-oblique.otf", O_RDONLY|O_CLOEXEC) = 3
[pid 185525] 14:15:47.705913 openat(AT_FDCWD, "/usr/share/texmf/fonts/opentype/public/lm/lmromancaps10-regular.otf", O_RDONLY|O_CLOEXEC) = 3
[pid 185525] 14:15:47.706110 openat(AT_FDCWD, "/usr/share/texmf/fonts/opentype/public/lm/lmromandemi10-oblique.otf", O_RDONLY|O_CLOEXEC) = 3
[pid 185525] 14:15:47.706300 openat(AT_FDCWD, "/usr/share/texmf/fonts/opentype/public/lm/lmromandemi10-regular.otf", O_RDONLY|O_CLOEXEC) = 3
[pid 185525] 14:15:47.706492 openat(AT_FDCWD, "/usr/share/texmf/fonts/opentype/public/lm/lmromandunh10-oblique.otf", O_RDONLY|O_CLOEXEC) = 3
[pid 185525] 14:15:47.706683 openat(AT_FDCWD, "/usr/share/texmf/fonts/opentype/public/lm/lmromandunh10-regular.otf", O_RDONLY|O_CLOEXEC) = 3
[pid 185525] 14:15:47.706881 openat(AT_FDCWD, "/usr/share/texmf/fonts/opentype/public/lm/lmromanslant10-bold.otf", O_RDONLY|O_CLOEXEC) = 3
[pid 185525] 14:15:47.707079 openat(AT_FDCWD, "/usr/share/texmf/fonts/opentype/public/lm/lmromanslant10-regular.otf", O_RDONLY|O_CLOEXEC) = 3
[pid 185525] 14:15:47.707273 openat(AT_FDCWD, "/usr/share/texmf/fonts/opentype/public/lm/lmromanslant12-regular.otf", O_RDONLY|O_CLOEXEC) = 3
[pid 185525] 14:15:47.707460 openat(AT_FDCWD, "/usr/share/texmf/fonts/opentype/public/lm/lmromanslant17-regular.otf", O_RDONLY|O_CLOEXEC) = 3
[pid 185525] 14:15:47.707653 openat(AT_FDCWD, "/usr/share/texmf/fonts/opentype/public/lm/lmromanslant8-regular.otf", O_RDONLY|O_CLOEXEC) = 3
[pid 185525] 14:15:47.707840 openat(AT_FDCWD, "/usr/share/texmf/fonts/opentype/public/lm/lmromanslant9-regular.otf", O_RDONLY|O_CLOEXEC) = 3
[pid 185525] 14:15:47.708054 openat(AT_FDCWD, "/usr/share/texmf/fonts/opentype/public/lm/lmromanunsl10-regular.otf", O_RDONLY|O_CLOEXEC) = 3
[pid 185525] 14:15:47.708249 openat(AT_FDCWD, "/usr/share/texmf/fonts/opentype/public/lm/lmsans10-bold.otf", O_RDONLY|O_CLOEXEC) = 3
[pid 185525] 14:15:47.708440 openat(AT_FDCWD, "/usr/share/texmf/fonts/opentype/public/lm/lmsans10-boldoblique.otf", O_RDONLY|O_CLOEXEC) = 3
[pid 185525] 14:15:47.708631 openat(AT_FDCWD, "/usr/share/texmf/fonts/opentype/public/lm/lmsans10-oblique.otf", O_RDONLY|O_CLOEXEC) = 3
[pid 185525] 14:15:47.708818 openat(AT_FDCWD, "/usr/share/texmf/fonts/opentype/public/lm/lmsans10-regular.otf", O_RDONLY|O_CLOEXEC) = 3
[pid 185525] 14:15:47.709009 openat(AT_FDCWD, "/usr/share/texmf/fonts/opentype/public/lm/lmsans12-oblique.otf", O_RDONLY|O_CLOEXEC) = 3
[pid 185525] 14:15:47.709198 openat(AT_FDCWD, "/usr/share/texmf/fonts/opentype/public/lm/lmsans12-regular.otf", O_RDONLY|O_CLOEXEC) = 3
[pid 185525] 14:15:47.709384 openat(AT_FDCWD, "/usr/share/texmf/fonts/opentype/public/lm/lmsans17-oblique.otf", O_RDONLY|O_CLOEXEC) = 3
[pid 185525] 14:15:47.709592 openat(AT_FDCWD, "/usr/share/texmf/fonts/opentype/public/lm/lmsans17-regular.otf", O_RDONLY|O_CLOEXEC) = 3
[pid 185525] 14:15:47.709787 openat(AT_FDCWD, "/usr/share/texmf/fonts/opentype/public/lm/lmsans8-oblique.otf", O_RDONLY|O_CLOEXEC) = 3
[pid 185525] 14:15:47.709980 openat(AT_FDCWD, "/usr/share/texmf/fonts/opentype/public/lm/lmsans8-regular.otf", O_RDONLY|O_CLOEXEC) = 3
[pid 185525] 14:15:47.710167 openat(AT_FDCWD, "/usr/share/texmf/fonts/opentype/public/lm/lmsans9-oblique.otf", O_RDONLY|O_CLOEXEC) = 3
[pid 185525] 14:15:47.710354 openat(AT_FDCWD, "/usr/share/texmf/fonts/opentype/public/lm/lmsans9-regular.otf", O_RDONLY|O_CLOEXEC) = 3
[pid 185525] 14:15:47.710542 openat(AT_FDCWD, "/usr/share/texmf/fonts/opentype/public/lm/lmsansdemicond10-oblique.otf", O_RDONLY|O_CLOEXEC) = 3
[pid 185525] 14:15:47.710731 openat(AT_FDCWD, "/usr/share/texmf/fonts/opentype/public/lm/lmsansdemicond10-regular.otf", O_RDONLY|O_CLOEXEC) = 3
[pid 185525] 14:15:47.710931 openat(AT_FDCWD, "/usr/share/texmf/fonts/opentype/public/lm/lmsansquot8-bold.otf", O_RDONLY|O_CLOEXEC) = 3
[pid 185525] 14:15:47.711121 openat(AT_FDCWD, "/usr/share/texmf/fonts/opentype/public/lm/lmsansquot8-boldoblique.otf", O_RDONLY|O_CLOEXEC) = 3
[pid 185525] 14:15:47.711314 openat(AT_FDCWD, "/usr/share/texmf/fonts/opentype/public/lm/lmsansquot8-oblique.otf", O_RDONLY|O_CLOEXEC) = 3
[pid 185525] 14:15:47.711530 openat(AT_FDCWD, "/usr/share/texmf/fonts/opentype/public/lm/lmsansquot8-regular.otf", O_RDONLY|O_CLOEXEC) = 3
[pid 185525] 14:15:47.711718 openat(AT_FDCWD, "/usr/share/texmf/fonts/opentype/public/lm-math/latinmodern-math.otf", O_RDONLY|O_CLOEXEC) = 3
[pid 185525] 14:15:47.711981 openat(AT_FDCWD, "/usr/share/texmf/fonts/opentype/public/tex-gyre/texgyreadventor-bold.otf", O_RDONLY|O_CLOEXEC) = 3
[pid 185525] 14:15:47.712185 openat(AT_FDCWD, "/usr/share/texmf/fonts/opentype/public/tex-gyre/texgyreadventor-bolditalic.otf", O_RDONLY|O_CLOEXEC) = 3
[pid 185525] 14:15:47.712375 openat(AT_FDCWD, "/usr/share/texmf/fonts/opentype/public/tex-gyre/texgyreadventor-italic.otf", O_RDONLY|O_CLOEXEC) = 3
[pid 185525] 14:15:47.712565 openat(AT_FDCWD, "/usr/share/texmf/fonts/opentype/public/tex-gyre/texgyreadventor-regular.otf", O_RDONLY|O_CLOEXEC) = 3
[pid 185525] 14:15:47.712757 openat(AT_FDCWD, "/usr/share/texmf/fonts/opentype/public/tex-gyre/texgyrebonum-bold.otf", O_RDONLY|O_CLOEXEC) = 3
[pid 185525] 14:15:47.712957 openat(AT_FDCWD, "/usr/share/texmf/fonts/opentype/public/tex-gyre/texgyrebonum-bolditalic.otf", O_RDONLY|O_CLOEXEC) = 3
[pid 185525] 14:15:47.713146 openat(AT_FDCWD, "/usr/share/texmf/fonts/opentype/public/tex-gyre/texgyrebonum-italic.otf", O_RDONLY|O_CLOEXEC) = 3
[pid 185525] 14:15:47.713339 openat(AT_FDCWD, "/usr/share/texmf/fonts/opentype/public/tex-gyre/texgyrebonum-regular.otf", O_RDONLY|O_CLOEXEC) = 3
[pid 185525] 14:15:47.713531 openat(AT_FDCWD, "/usr/share/texmf/fonts/opentype/public/tex-gyre/texgyrechorus-mediumitalic.otf", O_RDONLY|O_CLOEXEC) = 3
[pid 185525] 14:15:47.713730 openat(AT_FDCWD, "/usr/share/texmf/fonts/opentype/public/tex-gyre/texgyrecursor-bold.otf", O_RDONLY|O_CLOEXEC) = 3
[pid 185525] 14:15:47.713929 openat(AT_FDCWD, "/usr/share/texmf/fonts/opentype/public/tex-gyre/texgyrecursor-bolditalic.otf", O_RDONLY|O_CLOEXEC) = 3
[pid 185525] 14:15:47.714119 openat(AT_FDCWD, "/usr/share/texmf/fonts/opentype/public/tex-gyre/texgyrecursor-italic.otf", O_RDONLY|O_CLOEXEC) = 3
[pid 185525] 14:15:47.714306 openat(AT_FDCWD, "/usr/share/texmf/fonts/opentype/public/tex-gyre/texgyrecursor-regular.otf", O_RDONLY|O_CLOEXEC) = 3
[pid 185525] 14:15:47.714500 openat(AT_FDCWD, "/usr/share/texmf/fonts/opentype/public/tex-gyre/texgyreheros-bold.otf", O_RDONLY|O_CLOEXEC) = 3
[pid 185525] 14:15:47.714696 openat(AT_FDCWD, "/usr/share/texmf/fonts/opentype/public/tex-gyre/texgyreheros-bolditalic.otf", O_RDONLY|O_CLOEXEC) = 3
[pid 185525] 14:15:47.714888 openat(AT_FDCWD, "/usr/share/texmf/fonts/opentype/public/tex-gyre/texgyreheros-italic.otf", O_RDONLY|O_CLOEXEC) = 3
[pid 185525] 14:15:47.715106 openat(AT_FDCWD, "/usr/share/texmf/fonts/opentype/public/tex-gyre/texgyreheros-regular.otf", O_RDONLY|O_CLOEXEC) = 3
[pid 185525] 14:15:47.715302 openat(AT_FDCWD, "/usr/share/texmf/fonts/opentype/public/tex-gyre/texgyreheroscn-bold.otf", O_RDONLY|O_CLOEXEC) = 3
[pid 185525] 14:15:47.715497 openat(AT_FDCWD, "/usr/share/texmf/fonts/opentype/public/tex-gyre/texgyreheroscn-bolditalic.otf", O_RDONLY|O_CLOEXEC) = 3
[pid 185525] 14:15:47.715690 openat(AT_FDCWD, "/usr/share/texmf/fonts/opentype/public/tex-gyre/texgyreheroscn-italic.otf", O_RDONLY|O_CLOEXEC) = 3
[pid 185525] 14:15:47.715884 openat(AT_FDCWD, "/usr/share/texmf/fonts/opentype/public/tex-gyre/texgyreheroscn-regular.otf", O_RDONLY|O_CLOEXEC) = 3
[pid 185525] 14:15:47.716084 openat(AT_FDCWD, "/usr/share/texmf/fonts/opentype/public/tex-gyre/texgyrepagella-bold.otf", O_RDONLY|O_CLOEXEC) = 3
[pid 185525] 14:15:47.716287 openat(AT_FDCWD, "/usr/share/texmf/fonts/opentype/public/tex-gyre/texgyrepagella-bolditalic.otf", O_RDONLY|O_CLOEXEC) = 3
[pid 185525] 14:15:47.716482 openat(AT_FDCWD, "/usr/share/texmf/fonts/opentype/public/tex-gyre/texgyrepagella-italic.otf", O_RDONLY|O_CLOEXEC) = 3
[pid 185525] 14:15:47.716683 openat(AT_FDCWD, "/usr/share/texmf/fonts/opentype/public/tex-gyre/texgyrepagella-regular.otf", O_RDONLY|O_CLOEXEC) = 3
[pid 185525] 14:15:47.716884 openat(AT_FDCWD, "/usr/share/texmf/fonts/opentype/public/tex-gyre/texgyreschola-bold.otf", O_RDONLY|O_CLOEXEC) = 3
[pid 185525] 14:15:47.717089 openat(AT_FDCWD, "/usr/share/texmf/fonts/opentype/public/tex-gyre/texgyreschola-bolditalic.otf", O_RDONLY|O_CLOEXEC) = 3
[pid 185525] 14:15:47.717282 openat(AT_FDCWD, "/usr/share/texmf/fonts/opentype/public/tex-gyre/texgyreschola-italic.otf", O_RDONLY|O_CLOEXEC) = 3
[pid 185525] 14:15:47.717473 openat(AT_FDCWD, "/usr/share/texmf/fonts/opentype/public/tex-gyre/texgyreschola-regular.otf", O_RDONLY|O_CLOEXEC) = 3
[pid 185525] 14:15:47.717668 openat(AT_FDCWD, "/usr/share/texmf/fonts/opentype/public/tex-gyre/texgyretermes-bold.otf", O_RDONLY|O_CLOEXEC) = 3
[pid 185525] 14:15:47.717864 openat(AT_FDCWD, "/usr/share/texmf/fonts/opentype/public/tex-gyre/texgyretermes-bolditalic.otf", O_RDONLY|O_CLOEXEC) = 3
[pid 185525] 14:15:47.718064 openat(AT_FDCWD, "/usr/share/texmf/fonts/opentype/public/tex-gyre/texgyretermes-italic.otf", O_RDONLY|O_CLOEXEC) = 3
[pid 185525] 14:15:47.718265 openat(AT_FDCWD, "/usr/share/texmf/fonts/opentype/public/tex-gyre/texgyretermes-regular.otf", O_RDONLY|O_CLOEXEC) = 3
[pid 185525] 14:15:47.718461 openat(AT_FDCWD, "/usr/share/texmf/fonts/opentype/public/tex-gyre-math/texgyrebonum-math.otf", O_RDONLY|O_CLOEXEC) = 3
[pid 185525] 14:15:47.718702 openat(AT_FDCWD, "/usr/share/texmf/fonts/opentype/public/tex-gyre-math/texgyredejavu-math.otf", O_RDONLY|O_CLOEXEC) = 3
[pid 185525] 14:15:47.718952 openat(AT_FDCWD, "/usr/share/texmf/fonts/opentype/public/tex-gyre-math/texgyrepagella-math.otf", O_RDONLY|O_CLOEXEC) = 3
[pid 185525] 14:15:47.719190 openat(AT_FDCWD, "/usr/share/texmf/fonts/opentype/public/tex-gyre-math/texgyreschola-math.otf", O_RDONLY|O_CLOEXEC) = 3
[pid 185525] 14:15:47.719421 openat(AT_FDCWD, "/usr/share/texmf/fonts/opentype/public/tex-gyre-math/texgyretermes-math.otf", O_RDONLY|O_CLOEXEC) = 3
[pid 185525] 14:15:47.722516 openat(AT_FDCWD, "/usr/share/fonts/truetype/noto/NotoColorEmoji.ttf", O_RDONLY|O_CLOEXEC) = 3
[pid 185525] 14:15:47.733114 openat(AT_FDCWD, "/usr/share/fonts/opentype/noto/NotoSansCJK-Regular.ttc", O_RDONLY|O_CLOEXEC) = 3
[pid 185525] 14:15:47.754083 openat(AT_FDCWD, "/etc/localtime", O_RDONLY|O_CLOEXEC) = 3
[pid 185525] 14:15:47.755835 openat(AT_FDCWD, "/dev/null", O_WRONLY|O_CREAT|O_TRUNC|O_CLOEXEC, 0666) = 3
[pid 185541] 14:15:47.756489 +++ exited with 0 +++
[pid 185540] 14:15:47.756514 +++ exited with 0 +++
[pid 185539] 14:15:47.756532 +++ exited with 0 +++
[pid 185538] 14:15:47.756549 +++ exited with 0 +++
[pid 185537] 14:15:47.756565 +++ exited with 0 +++
[pid 185536] 14:15:47.756581 +++ exited with 0 +++
[pid 185535] 14:15:47.756597 +++ exited with 0 +++
[pid 185534] 14:15:47.756613 +++ exited with 0 +++
[pid 185533] 14:15:47.756643 +++ exited with 0 +++
[pid 185532] 14:15:47.756667 +++ exited with 0 +++
[pid 185531] 14:15:47.756683 +++ exited with 0 +++
[pid 185530] 14:15:47.756699 +++ exited with 0 +++
[pid 185529] 14:15:47.756715 +++ exited with 0 +++
[pid 185528] 14:15:47.756731 +++ exited with 0 +++
[pid 185527] 14:15:47.756747 +++ exited with 0 +++
[pid 185526] 14:15:47.761309 +++ exited with 0 +++
14:15:47.761336 +++ exited with 0 +++
