14:15:41.713669 openat(AT_FDCWD, "/etc/ld.so.cache", O_RDONLY|O_CLOEXEC) = 3
14:15:41.713861 openat(AT_FDCWD, "/lib/x86_64-linux-gnu/libssl.so.3", O_RDONLY|O_CLOEXEC) = 3
14:15:41.714114 openat(AT_FDCWD, "/lib/x86_64-linux-gnu/libcrypto.so.3", O_RDONLY|O_CLOEXEC) = 3
14:15:41.714356 openat(AT_FDCWD, "/lib/x86_64-linux-gnu/libgcc_s.so.1", O_RDONLY|O_CLOEXEC) = 3
14:15:41.714568 openat(AT_FDCWD, "/lib/x86_64-linux-gnu/libm.so.6", O_RDONLY|O_CLOEXEC) = 3
14:15:41.714774 openat(AT_FDCWD, "/lib/x86_64-linux-gnu/libc.so.6", O_RDONLY|O_CLOEXEC) = 3
14:15:41.717366 openat(AT_FDCWD, "/proc/self/maps", O_RDONLY|O_CLOEXEC) = 3
14:15:41.719027 openat(AT_FDCWD, "/home/dikluwe/Documentos/Antigravity/typst-crystalline/tools/perf/corpus/p923/01-hello.typ", O_RDONLY|O_CLOEXEC) = 3
14:15:41.719802 openat(AT_FDCWD, "/proc/self/cgroup", O_RDONLY|O_CLOEXEC) = 3
14:15:41.720027 openat(AT_FDCWD, "/sys/fs/cgroup/user.slice/user-1000.slice/user@1000.service/app.slice/app-ghostty-surface-transient-14134.scope/cpu.max", O_RDONLY|O_CLOEXEC) = -1 ENOENT (Arquivo ou diretório inexistente)
14:15:41.720175 openat(AT_FDCWD, "/sys/fs/cgroup/user.slice/user-1000.slice/user@1000.service/app.slice/cpu.max", O_RDONLY|O_CLOEXEC) = 3
14:15:41.720342 openat(AT_FDCWD, "/sys/fs/cgroup/user.slice/user-1000.slice/user@1000.service/cpu.max", O_RDONLY|O_CLOEXEC) = 3
14:15:41.720493 openat(AT_FDCWD, "/sys/fs/cgroup/user.slice/user-1000.slice/cpu.max", O_RDONLY|O_CLOEXEC) = 3
14:15:41.720639 openat(AT_FDCWD, "/sys/fs/cgroup/user.slice/cpu.max", O_RDONLY|O_CLOEXEC) = 3
14:15:41.720788 openat(AT_FDCWD, "/sys/fs/cgroup/cpu.max", O_RDONLY|O_CLOEXEC) = -1 ENOENT (Arquivo ou diretório inexistente)
strace: Process 185426 attached
strace: Process 185427 attached
strace: Process 185428 attached
strace: Process 185429 attached
strace: Process 185430 attached
strace: Process 185431 attached
strace: Process 185432 attached
strace: Process 185433 attached
strace: Process 185434 attached
[pid 185434] 14:15:41.722793 openat(AT_FDCWD, "/sys/devices/system/cpu/online", O_RDONLY|O_CLOEXEC) = 3
strace: Process 185435 attached
strace: Process 185436 attached
strace: Process 185437 attached
strace: Process 185438 attached
strace: Process 185439 attached
strace: Process 185440 attached
strace: Process 185441 attached
[pid 185425] 14:15:41.725008 openat(AT_FDCWD, "/etc/fonts/fonts.conf", O_RDONLY|O_CLOEXEC) = 3
[pid 185425] 14:15:41.725258 openat(AT_FDCWD, "/etc/fonts/conf.d", O_RDONLY|O_NONBLOCK|O_CLOEXEC|O_DIRECTORY) = 3
[pid 185425] 14:15:41.725552 openat(AT_FDCWD, "/etc/fonts/conf.d/README", O_RDONLY|O_CLOEXEC) = 3
[pid 185425] 14:15:41.725877 openat(AT_FDCWD, "/etc/fonts/conf.d/71-ubuntulegacy.conf", O_RDONLY|O_CLOEXEC) = 3
[pid 185425] 14:15:41.726219 openat(AT_FDCWD, "/etc/fonts/conf.d/90-synthetic.conf", O_RDONLY|O_CLOEXEC) = 3
[pid 185425] 14:15:41.726546 openat(AT_FDCWD, "/etc/fonts/conf.d/61-urw-standard-symbols-ps.conf", O_RDONLY|O_CLOEXEC) = 3
[pid 185425] 14:15:41.726863 openat(AT_FDCWD, "/etc/fonts/conf.d/70-no-bitmaps-except-emoji.conf", O_RDONLY|O_CLOEXEC) = 3
[pid 185425] 14:15:41.727174 openat(AT_FDCWD, "/etc/fonts/conf.d/80-delicious.conf", O_RDONLY|O_CLOEXEC) = 3
[pid 185425] 14:15:41.727505 openat(AT_FDCWD, "/etc/fonts/conf.d/61-urw-d050000l.conf", O_RDONLY|O_CLOEXEC) = 3
[pid 185425] 14:15:41.727865 openat(AT_FDCWD, "/etc/fonts/conf.d/61-urw-nimbus-mono-ps.conf", O_RDONLY|O_CLOEXEC) = 3
[pid 185425] 14:15:41.728307 openat(AT_FDCWD, "/etc/fonts/conf.d/61-urw-p052.conf", O_RDONLY|O_CLOEXEC) = 3
[pid 185425] 14:15:41.728755 openat(AT_FDCWD, "/etc/fonts/conf.d/65-nonlatin.conf", O_RDONLY|O_CLOEXEC) = 3
[pid 185425] 14:15:41.729310 openat(AT_FDCWD, "/etc/fonts/conf.d/70-fonts-noto-cjk.conf", O_RDONLY|O_CLOEXEC) = 3
[pid 185425] 14:15:41.729617 openat(AT_FDCWD, "/etc/fonts/conf.d/65-fonts-lmodern.conf", O_RDONLY|O_CLOEXEC) = 3
[pid 185425] 14:15:41.729909 openat(AT_FDCWD, "/etc/fonts/conf.d/65-fonts-texgyre.conf", O_RDONLY|O_CLOEXEC) = 3
[pid 185425] 14:15:41.730241 openat(AT_FDCWD, "/etc/fonts/conf.d/61-urw-bookman.conf", O_RDONLY|O_CLOEXEC) = 3
[pid 185425] 14:15:41.730556 openat(AT_FDCWD, "/etc/fonts/conf.d/61-urw-c059.conf", O_RDONLY|O_CLOEXEC) = 3
[pid 185425] 14:15:41.730893 openat(AT_FDCWD, "/etc/fonts/conf.d/61-urw-fallback-generics.conf", O_RDONLY|O_CLOEXEC) = 3
[pid 185425] 14:15:41.731218 openat(AT_FDCWD, "/etc/fonts/conf.d/61-urw-gothic.conf", O_RDONLY|O_CLOEXEC) = 3
[pid 185425] 14:15:41.731529 openat(AT_FDCWD, "/etc/fonts/conf.d/61-urw-nimbus-sans.conf", O_RDONLY|O_CLOEXEC) = 3
[pid 185425] 14:15:41.731846 openat(AT_FDCWD, "/etc/fonts/conf.d/50-user.conf", O_RDONLY|O_CLOEXEC) = 3
[pid 185425] 14:15:41.732190 openat(AT_FDCWD, "/etc/fonts/conf.d/65-droid-sans-fallback.conf", O_RDONLY|O_CLOEXEC) = 3
[pid 185425] 14:15:41.732496 openat(AT_FDCWD, "/etc/fonts/conf.d/65-fonts-persian.conf", O_RDONLY|O_CLOEXEC) = 3
[pid 185425] 14:15:41.732894 openat(AT_FDCWD, "/etc/fonts/conf.d/69-unifont.conf", O_RDONLY|O_CLOEXEC) = 3
[pid 185425] 14:15:41.733156 openat(AT_FDCWD, "/etc/fonts/conf.d/57-dejavu-serif.conf", O_RDONLY|O_CLOEXEC) = 3
[pid 185425] 14:15:41.733413 openat(AT_FDCWD, "/etc/fonts/conf.d/58-dejavu-lgc-sans-mono.conf", O_RDONLY|O_CLOEXEC) = 3
[pid 185425] 14:15:41.733671 openat(AT_FDCWD, "/etc/fonts/conf.d/58-dejavu-lgc-sans.conf", O_RDONLY|O_CLOEXEC) = 3
[pid 185425] 14:15:41.733968 openat(AT_FDCWD, "/etc/fonts/conf.d/65-fonts-texgyre-math.conf", O_RDONLY|O_CLOEXEC) = 3
[pid 185425] 14:15:41.734323 openat(AT_FDCWD, "/etc/fonts/conf.d/60-generic.conf", O_RDONLY|O_CLOEXEC) = 3
[pid 185425] 14:15:41.734645 openat(AT_FDCWD, "/etc/fonts/conf.d/60-latin.conf", O_RDONLY|O_CLOEXEC) = 3
[pid 185425] 14:15:41.734978 openat(AT_FDCWD, "/etc/fonts/conf.d/40-nonlatin.conf", O_RDONLY|O_CLOEXEC) = 3
[pid 185425] 14:15:41.735379 openat(AT_FDCWD, "/etc/fonts/conf.d/20-unhint-small-dejavu-lgc-sans.conf", O_RDONLY|O_CLOEXEC) = 3
[pid 185425] 14:15:41.735690 openat(AT_FDCWD, "/etc/fonts/conf.d/45-generic.conf", O_RDONLY|O_CLOEXEC) = 3
[pid 185425] 14:15:41.736033 openat(AT_FDCWD, "/etc/fonts/conf.d/61-urw-fallback-backwards.conf", O_RDONLY|O_CLOEXEC) = 3
[pid 185425] 14:15:41.736362 openat(AT_FDCWD, "/etc/fonts/conf.d/45-latin.conf", O_RDONLY|O_CLOEXEC) = 3
[pid 185425] 14:15:41.736678 openat(AT_FDCWD, "/etc/fonts/conf.d/20-unhint-small-dejavu-lgc-serif.conf", O_RDONLY|O_CLOEXEC) = 3
[pid 185425] 14:15:41.737001 openat(AT_FDCWD, "/etc/fonts/conf.d/48-spacing.conf", O_RDONLY|O_CLOEXEC) = 3
[pid 185425] 14:15:41.737312 openat(AT_FDCWD, "/etc/fonts/conf.d/61-urw-nimbus-roman.conf", O_RDONLY|O_CLOEXEC) = 3
[pid 185425] 14:15:41.737627 openat(AT_FDCWD, "/etc/fonts/conf.d/49-sansserif.conf", O_RDONLY|O_CLOEXEC) = 3
[pid 185425] 14:15:41.737884 openat(AT_FDCWD, "/etc/fonts/conf.d/20-unhint-small-dejavu-sans-mono.conf", O_RDONLY|O_CLOEXEC) = 3
[pid 185425] 14:15:41.738200 openat(AT_FDCWD, "/etc/fonts/conf.d/10-yes-antialias.conf", O_RDONLY|O_CLOEXEC) = 3
[pid 185425] 14:15:41.738507 openat(AT_FDCWD, "/etc/fonts/conf.d/61-urw-z003.conf", O_RDONLY|O_CLOEXEC) = 3
[pid 185425] 14:15:41.738815 openat(AT_FDCWD, "/etc/fonts/conf.d/51-local.conf", O_RDONLY|O_CLOEXEC) = 3
[pid 185425] 14:15:41.739094 openat(AT_FDCWD, "/etc/fonts/conf.d/20-unhint-small-dejavu-sans.conf", O_RDONLY|O_CLOEXEC) = 3
[pid 185425] 14:15:41.739355 openat(AT_FDCWD, "/etc/fonts/conf.d/57-dejavu-sans-mono.conf", O_RDONLY|O_CLOEXEC) = 3
[pid 185425] 14:15:41.739670 openat(AT_FDCWD, "/etc/fonts/conf.d/10-scale-bitmap-fonts.conf", O_RDONLY|O_CLOEXEC) = 3
[pid 185425] 14:15:41.739943 openat(AT_FDCWD, "/etc/fonts/conf.d/57-dejavu-sans.conf", O_RDONLY|O_CLOEXEC) = 3
[pid 185425] 14:15:41.740210 openat(AT_FDCWD, "/etc/fonts/conf.d/20-unhint-small-dejavu-serif.conf", O_RDONLY|O_CLOEXEC) = 3
[pid 185425] 14:15:41.740524 openat(AT_FDCWD, "/etc/fonts/conf.d/11-lcdfilter-default.conf", O_RDONLY|O_CLOEXEC) = 3
[pid 185425] 14:15:41.740778 openat(AT_FDCWD, "/etc/fonts/conf.d/20-unhint-small-dejavu-lgc-sans-mono.conf", O_RDONLY|O_CLOEXEC) = 3
[pid 185425] 14:15:41.741092 openat(AT_FDCWD, "/etc/fonts/conf.d/10-sub-pixel-rgb.conf", O_RDONLY|O_CLOEXEC) = 3
[pid 185425] 14:15:41.741402 openat(AT_FDCWD, "/etc/fonts/conf.d/10-hinting-slight.conf", O_RDONLY|O_CLOEXEC) = 3
[pid 185425] 14:15:41.741740 openat(AT_FDCWD, "/etc/fonts/conf.d/20-unhint-small-vera.conf", O_RDONLY|O_CLOEXEC) = 3
[pid 185425] 14:15:41.742008 openat(AT_FDCWD, "/etc/fonts/conf.d/58-dejavu-lgc-serif.conf", O_RDONLY|O_CLOEXEC) = 3
[pid 185425] 14:15:41.742337 openat(AT_FDCWD, "/etc/fonts/conf.d/30-metric-aliases.conf", O_RDONLY|O_CLOEXEC) = 3
[pid 185425] 14:15:41.742812 openat(AT_FDCWD, "/etc/fonts/conf.d/30-opensymbol.conf", O_RDONLY|O_CLOEXEC) = 3
[pid 185425] 14:15:41.743046 openat(AT_FDCWD, "/usr/share/fonts", O_RDONLY|O_NONBLOCK|O_CLOEXEC|O_DIRECTORY) = 3
[pid 185425] 14:15:41.743160 openat(AT_FDCWD, "/usr/share/fonts/X11", O_RDONLY|O_NONBLOCK|O_CLOEXEC|O_DIRECTORY) = 4
[pid 185425] 14:15:41.743271 openat(AT_FDCWD, "/usr/share/fonts/X11/Type1", O_RDONLY|O_NONBLOCK|O_CLOEXEC|O_DIRECTORY) = 5
[pid 185425] 14:15:41.781076 openat(AT_FDCWD, "/usr/share/fonts/X11/encodings", O_RDONLY|O_NONBLOCK|O_CLOEXEC|O_DIRECTORY) = 5
[pid 185425] 14:15:41.781219 openat(AT_FDCWD, "/usr/share/fonts/X11/encodings/large", O_RDONLY|O_NONBLOCK|O_CLOEXEC|O_DIRECTORY) = 6
[pid 185425] 14:15:41.781432 openat(AT_FDCWD, "/usr/share/fonts/X11/misc", O_RDONLY|O_NONBLOCK|O_CLOEXEC|O_DIRECTORY) = 5
[pid 185425] 14:15:41.781899 openat(AT_FDCWD, "/usr/share/fonts/X11/util", O_RDONLY|O_NONBLOCK|O_CLOEXEC|O_DIRECTORY) = 5
[pid 185425] 14:15:41.782114 openat(AT_FDCWD, "/usr/share/fonts/cMap", O_RDONLY|O_NONBLOCK|O_CLOEXEC|O_DIRECTORY) = 4
[pid 185425] 14:15:41.782438 openat(AT_FDCWD, "/usr/share/fonts/cmap", O_RDONLY|O_NONBLOCK|O_CLOEXEC|O_DIRECTORY) = 4
[pid 185425] 14:15:41.782717 openat(AT_FDCWD, "/usr/share/poppler/cMap/Adobe-CNS1", O_RDONLY|O_NONBLOCK|O_CLOEXEC|O_DIRECTORY) = 5
[pid 185425] 14:15:41.783068 openat(AT_FDCWD, "/usr/share/poppler/cMap/Adobe-GB1", O_RDONLY|O_NONBLOCK|O_CLOEXEC|O_DIRECTORY) = 5
[pid 185425] 14:15:41.783410 openat(AT_FDCWD, "/usr/share/poppler/cMap/Adobe-Japan1", O_RDONLY|O_NONBLOCK|O_CLOEXEC|O_DIRECTORY) = 5
[pid 185425] 14:15:41.783764 openat(AT_FDCWD, "/usr/share/poppler/cMap/Adobe-Japan2", O_RDONLY|O_NONBLOCK|O_CLOEXEC|O_DIRECTORY) = 5
[pid 185425] 14:15:41.784078 openat(AT_FDCWD, "/usr/share/poppler/cMap/Adobe-Korea1", O_RDONLY|O_NONBLOCK|O_CLOEXEC|O_DIRECTORY) = 5
[pid 185425] 14:15:41.784626 openat(AT_FDCWD, "/usr/share/fonts/opentype", O_RDONLY|O_NONBLOCK|O_CLOEXEC|O_DIRECTORY) = 4
[pid 185425] 14:15:41.784982 openat(AT_FDCWD, "/usr/share/javascript/mathjax/fonts/HTML-CSS/TeX/otf", O_RDONLY|O_NONBLOCK|O_CLOEXEC|O_DIRECTORY) = 5
[pid 185425] 14:15:41.785090 openat(AT_FDCWD, "/usr/share/javascript/mathjax/fonts/HTML-CSS/TeX/otf/MathJax_AMS-Regular.otf", O_RDONLY|O_CLOEXEC) = 6
[pid 185425] 14:15:41.785340 openat(AT_FDCWD, "/usr/share/javascript/mathjax/fonts/HTML-CSS/TeX/otf/MathJax_Caligraphic-Bold.otf", O_RDONLY|O_CLOEXEC) = 6
[pid 185425] 14:15:41.785513 openat(AT_FDCWD, "/usr/share/javascript/mathjax/fonts/HTML-CSS/TeX/otf/MathJax_Caligraphic-Regular.otf", O_RDONLY|O_CLOEXEC) = 6
[pid 185425] 14:15:41.785672 openat(AT_FDCWD, "/usr/share/javascript/mathjax/fonts/HTML-CSS/TeX/otf/MathJax_Fraktur-Bold.otf", O_RDONLY|O_CLOEXEC) = 6
[pid 185425] 14:15:41.785832 openat(AT_FDCWD, "/usr/share/javascript/mathjax/fonts/HTML-CSS/TeX/otf/MathJax_Fraktur-Regular.otf", O_RDONLY|O_CLOEXEC) = 6
[pid 185425] 14:15:41.785999 openat(AT_FDCWD, "/usr/share/javascript/mathjax/fonts/HTML-CSS/TeX/otf/MathJax_Main-Bold.otf", O_RDONLY|O_CLOEXEC) = 6
[pid 185425] 14:15:41.786156 openat(AT_FDCWD, "/usr/share/javascript/mathjax/fonts/HTML-CSS/TeX/otf/MathJax_Main-Italic.otf", O_RDONLY|O_CLOEXEC) = 6
[pid 185425] 14:15:41.786301 openat(AT_FDCWD, "/usr/share/javascript/mathjax/fonts/HTML-CSS/TeX/otf/MathJax_Main-Regular.otf", O_RDONLY|O_CLOEXEC) = 6
[pid 185425] 14:15:41.786446 openat(AT_FDCWD, "/usr/share/javascript/mathjax/fonts/HTML-CSS/TeX/otf/MathJax_Math-BoldItalic.otf", O_RDONLY|O_CLOEXEC) = 6
[pid 185425] 14:15:41.786606 openat(AT_FDCWD, "/usr/share/javascript/mathjax/fonts/HTML-CSS/TeX/otf/MathJax_Math-Italic.otf", O_RDONLY|O_CLOEXEC) = 6
[pid 185425] 14:15:41.786784 openat(AT_FDCWD, "/usr/share/javascript/mathjax/fonts/HTML-CSS/TeX/otf/MathJax_Math-Regular.otf", O_RDONLY|O_CLOEXEC) = 6
[pid 185425] 14:15:41.786990 openat(AT_FDCWD, "/usr/share/javascript/mathjax/fonts/HTML-CSS/TeX/otf/MathJax_SansSerif-Bold.otf", O_RDONLY|O_CLOEXEC) = 6
[pid 185425] 14:15:41.787279 openat(AT_FDCWD, "/usr/share/javascript/mathjax/fonts/HTML-CSS/TeX/otf/MathJax_SansSerif-Italic.otf", O_RDONLY|O_CLOEXEC) = 6
[pid 185425] 14:15:41.787445 openat(AT_FDCWD, "/usr/share/javascript/mathjax/fonts/HTML-CSS/TeX/otf/MathJax_SansSerif-Regular.otf", O_RDONLY|O_CLOEXEC) = 6
[pid 185425] 14:15:41.787591 openat(AT_FDCWD, "/usr/share/javascript/mathjax/fonts/HTML-CSS/TeX/otf/MathJax_Script-Regular.otf", O_RDONLY|O_CLOEXEC) = 6
[pid 185425] 14:15:41.787735 openat(AT_FDCWD, "/usr/share/javascript/mathjax/fonts/HTML-CSS/TeX/otf/MathJax_Size1-Regular.otf", O_RDONLY|O_CLOEXEC) = 6
[pid 185425] 14:15:41.787879 openat(AT_FDCWD, "/usr/share/javascript/mathjax/fonts/HTML-CSS/TeX/otf/MathJax_Size2-Regular.otf", O_RDONLY|O_CLOEXEC) = 6
[pid 185425] 14:15:41.788050 openat(AT_FDCWD, "/usr/share/javascript/mathjax/fonts/HTML-CSS/TeX/otf/MathJax_Size3-Regular.otf", O_RDONLY|O_CLOEXEC) = 6
[pid 185425] 14:15:41.788198 openat(AT_FDCWD, "/usr/share/javascript/mathjax/fonts/HTML-CSS/TeX/otf/MathJax_Size4-Regular.otf", O_RDONLY|O_CLOEXEC) = 6
[pid 185425] 14:15:41.788341 openat(AT_FDCWD, "/usr/share/javascript/mathjax/fonts/HTML-CSS/TeX/otf/MathJax_Typewriter-Regular.otf", O_RDONLY|O_CLOEXEC) = 6
[pid 185425] 14:15:41.788485 openat(AT_FDCWD, "/usr/share/javascript/mathjax/fonts/HTML-CSS/TeX/otf/MathJax_Vector-Bold.otf", O_RDONLY|O_CLOEXEC) = 6
[pid 185425] 14:15:41.788633 openat(AT_FDCWD, "/usr/share/javascript/mathjax/fonts/HTML-CSS/TeX/otf/MathJax_Vector-Regular.otf", O_RDONLY|O_CLOEXEC) = 6
[pid 185425] 14:15:41.788775 openat(AT_FDCWD, "/usr/share/javascript/mathjax/fonts/HTML-CSS/TeX/otf/MathJax_WinChrome-Regular.otf", O_RDONLY|O_CLOEXEC) = 6
[pid 185425] 14:15:41.788930 openat(AT_FDCWD, "/usr/share/javascript/mathjax/fonts/HTML-CSS/TeX/otf/MathJax_WinIE6-Regular.otf", O_RDONLY|O_CLOEXEC) = 6
[pid 185425] 14:15:41.789130 openat(AT_FDCWD, "/usr/share/fonts/opentype/noto", O_RDONLY|O_NONBLOCK|O_CLOEXEC|O_DIRECTORY) = 5
[pid 185425] 14:15:41.789235 openat(AT_FDCWD, "/usr/share/fonts/opentype/noto/NotoSansCJK-Bold.ttc", O_RDONLY|O_CLOEXEC) = 6
[pid 185425] 14:15:41.789512 openat(AT_FDCWD, "/usr/share/fonts/opentype/noto/NotoSansCJK-Regular.ttc", O_RDONLY|O_CLOEXEC) = 6
[pid 185425] 14:15:41.789925 openat(AT_FDCWD, "/usr/share/fonts/opentype/noto/NotoSerifCJK-Bold.ttc", O_RDONLY|O_CLOEXEC) = 6
[pid 185425] 14:15:41.790134 openat(AT_FDCWD, "/usr/share/fonts/opentype/noto/NotoSerifCJK-Regular.ttc", O_RDONLY|O_CLOEXEC) = 6
[pid 185425] 14:15:41.790372 openat(AT_FDCWD, "/usr/share/fonts/opentype/urw-base35", O_RDONLY|O_NONBLOCK|O_CLOEXEC|O_DIRECTORY) = 5
[pid 185425] 14:15:41.790487 openat(AT_FDCWD, "/usr/share/fonts/opentype/urw-base35/C059-BdIta.otf", O_RDONLY|O_CLOEXEC) = 6
[pid 185425] 14:15:41.790653 openat(AT_FDCWD, "/usr/share/fonts/opentype/urw-base35/C059-Bold.otf", O_RDONLY|O_CLOEXEC) = 6
[pid 185425] 14:15:41.790827 openat(AT_FDCWD, "/usr/share/fonts/opentype/urw-base35/C059-Italic.otf", O_RDONLY|O_CLOEXEC) = 6
[pid 185425] 14:15:41.791002 openat(AT_FDCWD, "/usr/share/fonts/opentype/urw-base35/C059-Roman.otf", O_RDONLY|O_CLOEXEC) = 6
[pid 185425] 14:15:41.791169 openat(AT_FDCWD, "/usr/share/fonts/opentype/urw-base35/D050000L.otf", O_RDONLY|O_CLOEXEC) = 6
[pid 185425] 14:15:41.791322 openat(AT_FDCWD, "/usr/share/fonts/opentype/urw-base35/NimbusMonoPS-Bold.otf", O_RDONLY|O_CLOEXEC) = 6
[pid 185425] 14:15:41.791532 openat(AT_FDCWD, "/usr/share/fonts/opentype/urw-base35/NimbusMonoPS-BoldItalic.otf", O_RDONLY|O_CLOEXEC) = 6
[pid 185425] 14:15:41.791712 openat(AT_FDCWD, "/usr/share/fonts/opentype/urw-base35/NimbusMonoPS-Italic.otf", O_RDONLY|O_CLOEXEC) = 6
[pid 185425] 14:15:41.791889 openat(AT_FDCWD, "/usr/share/fonts/opentype/urw-base35/NimbusMonoPS-Regular.otf", O_RDONLY|O_CLOEXEC) = 6
[pid 185425] 14:15:41.792072 openat(AT_FDCWD, "/usr/share/fonts/opentype/urw-base35/NimbusRoman-Bold.otf", O_RDONLY|O_CLOEXEC) = 6
[pid 185425] 14:15:41.792270 openat(AT_FDCWD, "/usr/share/fonts/opentype/urw-base35/NimbusRoman-BoldItalic.otf", O_RDONLY|O_CLOEXEC) = 6
[pid 185425] 14:15:41.792435 openat(AT_FDCWD, "/usr/share/fonts/opentype/urw-base35/NimbusRoman-Italic.otf", O_RDONLY|O_CLOEXEC) = 6
[pid 185425] 14:15:41.792596 openat(AT_FDCWD, "/usr/share/fonts/opentype/urw-base35/NimbusRoman-Regular.otf", O_RDONLY|O_CLOEXEC) = 6
[pid 185425] 14:15:41.792756 openat(AT_FDCWD, "/usr/share/fonts/opentype/urw-base35/NimbusSans-Bold.otf", O_RDONLY|O_CLOEXEC) = 6
[pid 185425] 14:15:41.792921 openat(AT_FDCWD, "/usr/share/fonts/opentype/urw-base35/NimbusSans-BoldItalic.otf", O_RDONLY|O_CLOEXEC) = 6
[pid 185425] 14:15:41.793085 openat(AT_FDCWD, "/usr/share/fonts/opentype/urw-base35/NimbusSans-Italic.otf", O_RDONLY|O_CLOEXEC) = 6
[pid 185425] 14:15:41.793245 openat(AT_FDCWD, "/usr/share/fonts/opentype/urw-base35/NimbusSans-Regular.otf", O_RDONLY|O_CLOEXEC) = 6
[pid 185425] 14:15:41.793394 openat(AT_FDCWD, "/usr/share/fonts/opentype/urw-base35/NimbusSansNarrow-Bold.otf", O_RDONLY|O_CLOEXEC) = 6
[pid 185425] 14:15:41.793543 openat(AT_FDCWD, "/usr/share/fonts/opentype/urw-base35/NimbusSansNarrow-BoldOblique.otf", O_RDONLY|O_CLOEXEC) = 6
[pid 185425] 14:15:41.793692 openat(AT_FDCWD, "/usr/share/fonts/opentype/urw-base35/NimbusSansNarrow-Oblique.otf", O_RDONLY|O_CLOEXEC) = 6
[pid 185425] 14:15:41.793840 openat(AT_FDCWD, "/usr/share/fonts/opentype/urw-base35/NimbusSansNarrow-Regular.otf", O_RDONLY|O_CLOEXEC) = 6
[pid 185425] 14:15:41.793992 openat(AT_FDCWD, "/usr/share/fonts/opentype/urw-base35/P052-Bold.otf", O_RDONLY|O_CLOEXEC) = 6
[pid 185425] 14:15:41.794144 openat(AT_FDCWD, "/usr/share/fonts/opentype/urw-base35/P052-BoldItalic.otf", O_RDONLY|O_CLOEXEC) = 6
[pid 185425] 14:15:41.794296 openat(AT_FDCWD, "/usr/share/fonts/opentype/urw-base35/P052-Italic.otf", O_RDONLY|O_CLOEXEC) = 6
[pid 185425] 14:15:41.794446 openat(AT_FDCWD, "/usr/share/fonts/opentype/urw-base35/P052-Roman.otf", O_RDONLY|O_CLOEXEC) = 6
[pid 185425] 14:15:41.794594 openat(AT_FDCWD, "/usr/share/fonts/opentype/urw-base35/StandardSymbolsPS.otf", O_RDONLY|O_CLOEXEC) = 6
[pid 185425] 14:15:41.794738 openat(AT_FDCWD, "/usr/share/fonts/opentype/urw-base35/URWBookman-Demi.otf", O_RDONLY|O_CLOEXEC) = 6
[pid 185425] 14:15:41.794885 openat(AT_FDCWD, "/usr/share/fonts/opentype/urw-base35/URWBookman-DemiItalic.otf", O_RDONLY|O_CLOEXEC) = 6
[pid 185425] 14:15:41.795040 openat(AT_FDCWD, "/usr/share/fonts/opentype/urw-base35/URWBookman-Light.otf", O_RDONLY|O_CLOEXEC) = 6
[pid 185425] 14:15:41.795212 openat(AT_FDCWD, "/usr/share/fonts/opentype/urw-base35/URWBookman-LightItalic.otf", O_RDONLY|O_CLOEXEC) = 6
[pid 185425] 14:15:41.795404 openat(AT_FDCWD, "/usr/share/fonts/opentype/urw-base35/URWGothic-Book.otf", O_RDONLY|O_CLOEXEC) = 6
[pid 185425] 14:15:41.795574 openat(AT_FDCWD, "/usr/share/fonts/opentype/urw-base35/URWGothic-BookOblique.otf", O_RDONLY|O_CLOEXEC) = 6
[pid 185425] 14:15:41.795740 openat(AT_FDCWD, "/usr/share/fonts/opentype/urw-base35/URWGothic-Demi.otf", O_RDONLY|O_CLOEXEC) = 6
[pid 185425] 14:15:41.795912 openat(AT_FDCWD, "/usr/share/fonts/opentype/urw-base35/URWGothic-DemiOblique.otf", O_RDONLY|O_CLOEXEC) = 6
[pid 185425] 14:15:41.796080 openat(AT_FDCWD, "/usr/share/fonts/opentype/urw-base35/Z003-MediumItalic.otf", O_RDONLY|O_CLOEXEC) = 6
[pid 185425] 14:15:41.796286 openat(AT_FDCWD, "/usr/share/fonts/opentype/freefont", O_RDONLY|O_NONBLOCK|O_CLOEXEC|O_DIRECTORY) = 5
[pid 185425] 14:15:41.796389 openat(AT_FDCWD, "/usr/share/fonts/opentype/freefont/FreeMono.otf", O_RDONLY|O_CLOEXEC) = 6
[pid 185425] 14:15:41.796535 openat(AT_FDCWD, "/usr/share/fonts/opentype/freefont/FreeMonoBold.otf", O_RDONLY|O_CLOEXEC) = 6
[pid 185425] 14:15:41.796681 openat(AT_FDCWD, "/usr/share/fonts/opentype/freefont/FreeMonoBoldOblique.otf", O_RDONLY|O_CLOEXEC) = 6
[pid 185425] 14:15:41.796826 openat(AT_FDCWD, "/usr/share/fonts/opentype/freefont/FreeMonoOblique.otf", O_RDONLY|O_CLOEXEC) = 6
[pid 185425] 14:15:41.797021 openat(AT_FDCWD, "/usr/share/fonts/opentype/freefont/FreeSans.otf", O_RDONLY|O_CLOEXEC) = 6
[pid 185425] 14:15:41.797200 openat(AT_FDCWD, "/usr/share/fonts/opentype/freefont/FreeSansBold.otf", O_RDONLY|O_CLOEXEC) = 6
[pid 185425] 14:15:41.797359 openat(AT_FDCWD, "/usr/share/fonts/opentype/freefont/FreeSansBoldOblique.otf", O_RDONLY|O_CLOEXEC) = 6
[pid 185425] 14:15:41.797519 openat(AT_FDCWD, "/usr/share/fonts/opentype/freefont/FreeSansOblique.otf", O_RDONLY|O_CLOEXEC) = 6
[pid 185425] 14:15:41.797668 openat(AT_FDCWD, "/usr/share/fonts/opentype/freefont/FreeSerif.otf", O_RDONLY|O_CLOEXEC) = 6
[pid 185425] 14:15:41.797818 openat(AT_FDCWD, "/usr/share/fonts/opentype/freefont/FreeSerifBold.otf", O_RDONLY|O_CLOEXEC) = 6
[pid 185425] 14:15:41.797969 openat(AT_FDCWD, "/usr/share/fonts/opentype/freefont/FreeSerifBoldItalic.otf", O_RDONLY|O_CLOEXEC) = 6
[pid 185425] 14:15:41.798116 openat(AT_FDCWD, "/usr/share/fonts/opentype/freefont/FreeSerifItalic.otf", O_RDONLY|O_CLOEXEC) = 6
[pid 185425] 14:15:41.798303 openat(AT_FDCWD, "/usr/share/fonts/opentype/font-awesome", O_RDONLY|O_NONBLOCK|O_CLOEXEC|O_DIRECTORY) = 5
[pid 185425] 14:15:41.798405 openat(AT_FDCWD, "/usr/share/fonts/opentype/font-awesome/FontAwesome.otf", O_RDONLY|O_CLOEXEC) = 6
[pid 185425] 14:15:41.798638 openat(AT_FDCWD, "/usr/share/fonts/truetype", O_RDONLY|O_NONBLOCK|O_CLOEXEC|O_DIRECTORY) = 4
[pid 185425] 14:15:41.798739 openat(AT_FDCWD, "/usr/share/fonts/truetype/dejavu", O_RDONLY|O_NONBLOCK|O_CLOEXEC|O_DIRECTORY) = 5
[pid 185425] 14:15:41.798843 openat(AT_FDCWD, "/usr/share/fonts/truetype/dejavu/DejaVuSans-Bold.ttf", O_RDONLY|O_CLOEXEC) = 6
[pid 185425] 14:15:41.798999 openat(AT_FDCWD, "/usr/share/fonts/truetype/dejavu/DejaVuSans.ttf", O_RDONLY|O_CLOEXEC) = 6
[pid 185425] 14:15:41.799149 openat(AT_FDCWD, "/usr/share/fonts/truetype/dejavu/DejaVuSansMono-Bold.ttf", O_RDONLY|O_CLOEXEC) = 6
[pid 185425] 14:15:41.799305 openat(AT_FDCWD, "/usr/share/fonts/truetype/dejavu/DejaVuSansMono-BoldOblique.ttf", O_RDONLY|O_CLOEXEC) = 6
[pid 185425] 14:15:41.799462 openat(AT_FDCWD, "/usr/share/fonts/truetype/dejavu/DejaVuSansMono-Oblique.ttf", O_RDONLY|O_CLOEXEC) = 6
[pid 185425] 14:15:41.799610 openat(AT_FDCWD, "/usr/share/fonts/truetype/dejavu/DejaVuSansMono.ttf", O_RDONLY|O_CLOEXEC) = 6
[pid 185425] 14:15:41.799758 openat(AT_FDCWD, "/usr/share/fonts/truetype/dejavu/DejaVuSerif-Bold.ttf", O_RDONLY|O_CLOEXEC) = 6
[pid 185425] 14:15:41.799909 openat(AT_FDCWD, "/usr/share/fonts/truetype/dejavu/DejaVuSerif.ttf", O_RDONLY|O_CLOEXEC) = 6
[pid 185425] 14:15:41.800057 openat(AT_FDCWD, "/usr/share/fonts/truetype/dejavu/DejaVuMathTeXGyre.ttf", O_RDONLY|O_CLOEXEC) = 6
[pid 185425] 14:15:41.800206 openat(AT_FDCWD, "/usr/share/fonts/truetype/dejavu/DejaVuSans-BoldOblique.ttf", O_RDONLY|O_CLOEXEC) = 6
[pid 185425] 14:15:41.800362 openat(AT_FDCWD, "/usr/share/fonts/truetype/dejavu/DejaVuSans-ExtraLight.ttf", O_RDONLY|O_CLOEXEC) = 6
[pid 185425] 14:15:41.800512 openat(AT_FDCWD, "/usr/share/fonts/truetype/dejavu/DejaVuSans-Oblique.ttf", O_RDONLY|O_CLOEXEC) = 6
[pid 185425] 14:15:41.800668 openat(AT_FDCWD, "/usr/share/fonts/truetype/dejavu/DejaVuSansCondensed-Bold.ttf", O_RDONLY|O_CLOEXEC) = 6
[pid 185425] 14:15:41.800819 openat(AT_FDCWD, "/usr/share/fonts/truetype/dejavu/DejaVuSansCondensed-BoldOblique.ttf", O_RDONLY|O_CLOEXEC) = 6
[pid 185425] 14:15:41.800979 openat(AT_FDCWD, "/usr/share/fonts/truetype/dejavu/DejaVuSansCondensed-Oblique.ttf", O_RDONLY|O_CLOEXEC) = 6
[pid 185425] 14:15:41.801135 openat(AT_FDCWD, "/usr/share/fonts/truetype/dejavu/DejaVuSansCondensed.ttf", O_RDONLY|O_CLOEXEC) = 6
[pid 185425] 14:15:41.801291 openat(AT_FDCWD, "/usr/share/fonts/truetype/dejavu/DejaVuSerif-BoldItalic.ttf", O_RDONLY|O_CLOEXEC) = 6
[pid 185425] 14:15:41.801440 openat(AT_FDCWD, "/usr/share/fonts/truetype/dejavu/DejaVuSerif-Italic.ttf", O_RDONLY|O_CLOEXEC) = 6
[pid 185425] 14:15:41.801589 openat(AT_FDCWD, "/usr/share/fonts/truetype/dejavu/DejaVuSerifCondensed-Bold.ttf", O_RDONLY|O_CLOEXEC) = 6
[pid 185425] 14:15:41.801738 openat(AT_FDCWD, "/usr/share/fonts/truetype/dejavu/DejaVuSerifCondensed-BoldItalic.ttf", O_RDONLY|O_CLOEXEC) = 6
[pid 185425] 14:15:41.801887 openat(AT_FDCWD, "/usr/share/fonts/truetype/dejavu/DejaVuSerifCondensed-Italic.ttf", O_RDONLY|O_CLOEXEC) = 6
[pid 185425] 14:15:41.802060 openat(AT_FDCWD, "/usr/share/fonts/truetype/dejavu/DejaVuSerifCondensed.ttf", O_RDONLY|O_CLOEXEC) = 6
[pid 185425] 14:15:41.802253 openat(AT_FDCWD, "/usr/share/fonts/truetype/droid", O_RDONLY|O_NONBLOCK|O_CLOEXEC|O_DIRECTORY) = 5
[pid 185425] 14:15:41.802377 openat(AT_FDCWD, "/usr/share/fonts/truetype/droid/DroidSansFallbackFull.ttf", O_RDONLY|O_CLOEXEC) = 6
[pid 185425] 14:15:41.802576 openat(AT_FDCWD, "/usr/share/fonts/truetype/liberation", O_RDONLY|O_NONBLOCK|O_CLOEXEC|O_DIRECTORY) = 5
[pid 185425] 14:15:41.802679 openat(AT_FDCWD, "/usr/share/fonts/truetype/liberation/LiberationMono-Bold.ttf", O_RDONLY|O_CLOEXEC) = 6
[pid 185425] 14:15:41.802828 openat(AT_FDCWD, "/usr/share/fonts/truetype/liberation/LiberationMono-BoldItalic.ttf", O_RDONLY|O_CLOEXEC) = 6
[pid 185425] 14:15:41.802986 openat(AT_FDCWD, "/usr/share/fonts/truetype/liberation/LiberationMono-Italic.ttf", O_RDONLY|O_CLOEXEC) = 6
[pid 185425] 14:15:41.803141 openat(AT_FDCWD, "/usr/share/fonts/truetype/liberation/LiberationMono-Regular.ttf", O_RDONLY|O_CLOEXEC) = 6
[pid 185425] 14:15:41.803287 openat(AT_FDCWD, "/usr/share/fonts/truetype/liberation/LiberationSans-Bold.ttf", O_RDONLY|O_CLOEXEC) = 6
[pid 185425] 14:15:41.803435 openat(AT_FDCWD, "/usr/share/fonts/truetype/liberation/LiberationSans-BoldItalic.ttf", O_RDONLY|O_CLOEXEC) = 6
[pid 185425] 14:15:41.803582 openat(AT_FDCWD, "/usr/share/fonts/truetype/liberation/LiberationSans-Italic.ttf", O_RDONLY|O_CLOEXEC) = 6
[pid 185425] 14:15:41.803730 openat(AT_FDCWD, "/usr/share/fonts/truetype/liberation/LiberationSans-Regular.ttf", O_RDONLY|O_CLOEXEC) = 6
[pid 185425] 14:15:41.803878 openat(AT_FDCWD, "/usr/share/fonts/truetype/liberation/LiberationSerif-Bold.ttf", O_RDONLY|O_CLOEXEC) = 6
[pid 185425] 14:15:41.804032 openat(AT_FDCWD, "/usr/share/fonts/truetype/liberation/LiberationSerif-BoldItalic.ttf", O_RDONLY|O_CLOEXEC) = 6
[pid 185425] 14:15:41.804183 openat(AT_FDCWD, "/usr/share/fonts/truetype/liberation/LiberationSerif-Italic.ttf", O_RDONLY|O_CLOEXEC) = 6
[pid 185425] 14:15:41.804328 openat(AT_FDCWD, "/usr/share/fonts/truetype/liberation/LiberationSerif-Regular.ttf", O_RDONLY|O_CLOEXEC) = 6
[pid 185425] 14:15:41.804517 openat(AT_FDCWD, "/usr/share/fonts/truetype/libreoffice", O_RDONLY|O_NONBLOCK|O_CLOEXEC|O_DIRECTORY) = 5
[pid 185425] 14:15:41.804617 openat(AT_FDCWD, "/usr/share/fonts/truetype/libreoffice/opens___.ttf", O_RDONLY|O_CLOEXEC) = 6
[pid 185425] 14:15:41.804812 openat(AT_FDCWD, "/usr/share/fonts/truetype/noto", O_RDONLY|O_NONBLOCK|O_CLOEXEC|O_DIRECTORY) = 5
[pid 185425] 14:15:41.805000 openat(AT_FDCWD, "/usr/share/fonts/truetype/noto/NotoKufiArabic-Bold.ttf", O_RDONLY|O_CLOEXEC) = 6
[pid 185425] 14:15:41.805163 openat(AT_FDCWD, "/usr/share/fonts/truetype/noto/NotoKufiArabic-Regular.ttf", O_RDONLY|O_CLOEXEC) = 6
[pid 185425] 14:15:41.805315 openat(AT_FDCWD, "/usr/share/fonts/truetype/noto/NotoLoopedLao-Bold.ttf", O_RDONLY|O_CLOEXEC) = 6
[pid 185425] 14:15:41.805483 openat(AT_FDCWD, "/usr/share/fonts/truetype/noto/NotoLoopedLao-Regular.ttf", O_RDONLY|O_CLOEXEC) = 6
[pid 185425] 14:15:41.805675 openat(AT_FDCWD, "/usr/share/fonts/truetype/noto/NotoLoopedThai-Bold.ttf", O_RDONLY|O_CLOEXEC) = 6
[pid 185425] 14:15:41.805845 openat(AT_FDCWD, "/usr/share/fonts/truetype/noto/NotoLoopedThai-Regular.ttf", O_RDONLY|O_CLOEXEC) = 6
[pid 185425] 14:15:41.806021 openat(AT_FDCWD, "/usr/share/fonts/truetype/noto/NotoMono-Regular.ttf", O_RDONLY|O_CLOEXEC) = 6
[pid 185425] 14:15:41.806190 openat(AT_FDCWD, "/usr/share/fonts/truetype/noto/NotoMusic-Regular.ttf", O_RDONLY|O_CLOEXEC) = 6
[pid 185425] 14:15:41.806339 openat(AT_FDCWD, "/usr/share/fonts/truetype/noto/NotoNaskhArabic-Bold.ttf", O_RDONLY|O_CLOEXEC) = 6
[pid 185425] 14:15:41.806488 openat(AT_FDCWD, "/usr/share/fonts/truetype/noto/NotoNaskhArabic-Regular.ttf", O_RDONLY|O_CLOEXEC) = 6
[pid 185425] 14:15:41.806641 openat(AT_FDCWD, "/usr/share/fonts/truetype/noto/NotoNastaliqUrdu-Bold.ttf", O_RDONLY|O_CLOEXEC) = 6
[pid 185425] 14:15:41.806791 openat(AT_FDCWD, "/usr/share/fonts/truetype/noto/NotoNastaliqUrdu-Regular.ttf", O_RDONLY|O_CLOEXEC) = 6
[pid 185425] 14:15:41.806964 openat(AT_FDCWD, "/usr/share/fonts/truetype/noto/NotoRashiHebrew-Bold.ttf", O_RDONLY|O_CLOEXEC) = 6
[pid 185425] 14:15:41.807110 openat(AT_FDCWD, "/usr/share/fonts/truetype/noto/NotoRashiHebrew-Regular.ttf", O_RDONLY|O_CLOEXEC) = 6
[pid 185425] 14:15:41.807252 openat(AT_FDCWD, "/usr/share/fonts/truetype/noto/NotoSans-Bold.ttf", O_RDONLY|O_CLOEXEC) = 6
[pid 185425] 14:15:41.807399 openat(AT_FDCWD, "/usr/share/fonts/truetype/noto/NotoSans-BoldItalic.ttf", O_RDONLY|O_CLOEXEC) = 6
[pid 185425] 14:15:41.807549 openat(AT_FDCWD, "/usr/share/fonts/truetype/noto/NotoSans-Italic.ttf", O_RDONLY|O_CLOEXEC) = 6
[pid 185425] 14:15:41.807700 openat(AT_FDCWD, "/usr/share/fonts/truetype/noto/NotoSans-Regular.ttf", O_RDONLY|O_CLOEXEC) = 6
[pid 185425] 14:15:41.807849 openat(AT_FDCWD, "/usr/share/fonts/truetype/noto/NotoSansAdlam-Bold.ttf", O_RDONLY|O_CLOEXEC) = 6
[pid 185425] 14:15:41.808003 openat(AT_FDCWD, "/usr/share/fonts/truetype/noto/NotoSansAdlam-Regular.ttf", O_RDONLY|O_CLOEXEC) = 6
[pid 185425] 14:15:41.808153 openat(AT_FDCWD, "/usr/share/fonts/truetype/noto/NotoSansAdlamUnjoined-Bold.ttf", O_RDONLY|O_CLOEXEC) = 6
[pid 185425] 14:15:41.808299 openat(AT_FDCWD, "/usr/share/fonts/truetype/noto/NotoSansAdlamUnjoined-Regular.ttf", O_RDONLY|O_CLOEXEC) = 6
[pid 185425] 14:15:41.808487 openat(AT_FDCWD, "/usr/share/fonts/truetype/noto/NotoSansAnatolianHieroglyphs-Regular.ttf", O_RDONLY|O_CLOEXEC) = 6
[pid 185425] 14:15:41.808657 openat(AT_FDCWD, "/usr/share/fonts/truetype/noto/NotoSansArabic-Bold.ttf", O_RDONLY|O_CLOEXEC) = 6
[pid 185425] 14:15:41.808823 openat(AT_FDCWD, "/usr/share/fonts/truetype/noto/NotoSansArabic-Regular.ttf", O_RDONLY|O_CLOEXEC) = 6
[pid 185425] 14:15:41.809001 openat(AT_FDCWD, "/usr/share/fonts/truetype/noto/NotoSansArmenian-Bold.ttf", O_RDONLY|O_CLOEXEC) = 6
[pid 185425] 14:15:41.809162 openat(AT_FDCWD, "/usr/share/fonts/truetype/noto/NotoSansArmenian-Regular.ttf", O_RDONLY|O_CLOEXEC) = 6
[pid 185425] 14:15:41.809308 openat(AT_FDCWD, "/usr/share/fonts/truetype/noto/NotoSansAvestan-Regular.ttf", O_RDONLY|O_CLOEXEC) = 6
[pid 185425] 14:15:41.809450 openat(AT_FDCWD, "/usr/share/fonts/truetype/noto/NotoSansBalinese-Bold.ttf", O_RDONLY|O_CLOEXEC) = 6
[pid 185425] 14:15:41.809599 openat(AT_FDCWD, "/usr/share/fonts/truetype/noto/NotoSansBalinese-Regular.ttf", O_RDONLY|O_CLOEXEC) = 6
[pid 185425] 14:15:41.809767 openat(AT_FDCWD, "/usr/share/fonts/truetype/noto/NotoSansBamum-Bold.ttf", O_RDONLY|O_CLOEXEC) = 6
[pid 185425] 14:15:41.809946 openat(AT_FDCWD, "/usr/share/fonts/truetype/noto/NotoSansBamum-Regular.ttf", O_RDONLY|O_CLOEXEC) = 6
[pid 185425] 14:15:41.810101 openat(AT_FDCWD, "/usr/share/fonts/truetype/noto/NotoSansBassaVah-Regular.ttf", O_RDONLY|O_CLOEXEC) = 6
[pid 185425] 14:15:41.810255 openat(AT_FDCWD, "/usr/share/fonts/truetype/noto/NotoSansBatak-Regular.ttf", O_RDONLY|O_CLOEXEC) = 6
[pid 185425] 14:15:41.810418 openat(AT_FDCWD, "/usr/share/fonts/truetype/noto/NotoSansBengali-Bold.ttf", O_RDONLY|O_CLOEXEC) = 6
[pid 185425] 14:15:41.810593 openat(AT_FDCWD, "/usr/share/fonts/truetype/noto/NotoSansBengali-Regular.ttf", O_RDONLY|O_CLOEXEC) = 6
[pid 185425] 14:15:41.810767 openat(AT_FDCWD, "/usr/share/fonts/truetype/noto/NotoSansBhaiksuki-Regular.ttf", O_RDONLY|O_CLOEXEC) = 6
[pid 185425] 14:15:41.810943 openat(AT_FDCWD, "/usr/share/fonts/truetype/noto/NotoSansBrahmi-Regular.ttf", O_RDONLY|O_CLOEXEC) = 6
[pid 185425] 14:15:41.811112 openat(AT_FDCWD, "/usr/share/fonts/truetype/noto/NotoSansBuginese-Regular.ttf", O_RDONLY|O_CLOEXEC) = 6
[pid 185425] 14:15:41.811261 openat(AT_FDCWD, "/usr/share/fonts/truetype/noto/NotoSansBuhid-Regular.ttf", O_RDONLY|O_CLOEXEC) = 6
[pid 185425] 14:15:41.811402 openat(AT_FDCWD, "/usr/share/fonts/truetype/noto/NotoSansCanadianAboriginal-Bold.ttf", O_RDONLY|O_CLOEXEC) = 6
[pid 185425] 14:15:41.811551 openat(AT_FDCWD, "/usr/share/fonts/truetype/noto/NotoSansCanadianAboriginal-Regular.ttf", O_RDONLY|O_CLOEXEC) = 6
[pid 185425] 14:15:41.811699 openat(AT_FDCWD, "/usr/share/fonts/truetype/noto/NotoSansCarian-Regular.ttf", O_RDONLY|O_CLOEXEC) = 6
[pid 185425] 14:15:41.811860 openat(AT_FDCWD, "/usr/share/fonts/truetype/noto/NotoSansCaucasianAlbanian-Regular.ttf", O_RDONLY|O_CLOEXEC) = 6
[pid 185425] 14:15:41.812014 openat(AT_FDCWD, "/usr/share/fonts/truetype/noto/NotoSansChakma-Regular.ttf", O_RDONLY|O_CLOEXEC) = 6
[pid 185425] 14:15:41.812160 openat(AT_FDCWD, "/usr/share/fonts/truetype/noto/NotoSansCham-Bold.ttf", O_RDONLY|O_CLOEXEC) = 6
[pid 185425] 14:15:41.812303 openat(AT_FDCWD, "/usr/share/fonts/truetype/noto/NotoSansCham-Regular.ttf", O_RDONLY|O_CLOEXEC) = 6
[pid 185425] 14:15:41.812446 openat(AT_FDCWD, "/usr/share/fonts/truetype/noto/NotoSansCherokee-Bold.ttf", O_RDONLY|O_CLOEXEC) = 6
[pid 185425] 14:15:41.812597 openat(AT_FDCWD, "/usr/share/fonts/truetype/noto/NotoSansCherokee-Regular.ttf", O_RDONLY|O_CLOEXEC) = 6
[pid 185425] 14:15:41.812742 openat(AT_FDCWD, "/usr/share/fonts/truetype/noto/NotoSansCoptic-Regular.ttf", O_RDONLY|O_CLOEXEC) = 6
[pid 185425] 14:15:41.812885 openat(AT_FDCWD, "/usr/share/fonts/truetype/noto/NotoSansCuneiform-Regular.ttf", O_RDONLY|O_CLOEXEC) = 6
[pid 185425] 14:15:41.813097 openat(AT_FDCWD, "/usr/share/fonts/truetype/noto/NotoSansCypriot-Regular.ttf", O_RDONLY|O_CLOEXEC) = 6
[pid 185425] 14:15:41.813272 openat(AT_FDCWD, "/usr/share/fonts/truetype/noto/NotoSansDeseret-Regular.ttf", O_RDONLY|O_CLOEXEC) = 6
[pid 185425] 14:15:41.813436 openat(AT_FDCWD, "/usr/share/fonts/truetype/noto/NotoSansDevanagari-Bold.ttf", O_RDONLY|O_CLOEXEC) = 6
[pid 185425] 14:15:41.813607 openat(AT_FDCWD, "/usr/share/fonts/truetype/noto/NotoSansDevanagari-Regular.ttf", O_RDONLY|O_CLOEXEC) = 6
[pid 185425] 14:15:41.813780 openat(AT_FDCWD, "/usr/share/fonts/truetype/noto/NotoSansDisplay-Bold.ttf", O_RDONLY|O_CLOEXEC) = 6
[pid 185425] 14:15:41.813960 openat(AT_FDCWD, "/usr/share/fonts/truetype/noto/NotoSansDisplay-BoldItalic.ttf", O_RDONLY|O_CLOEXEC) = 6
[pid 185425] 14:15:41.814134 openat(AT_FDCWD, "/usr/share/fonts/truetype/noto/NotoSansDisplay-Italic.ttf", O_RDONLY|O_CLOEXEC) = 6
[pid 185425] 14:15:41.814292 openat(AT_FDCWD, "/usr/share/fonts/truetype/noto/NotoSansDisplay-Regular.ttf", O_RDONLY|O_CLOEXEC) = 6
[pid 185425] 14:15:41.814443 openat(AT_FDCWD, "/usr/share/fonts/truetype/noto/NotoSansDuployan-Regular.ttf", O_RDONLY|O_CLOEXEC) = 6
[pid 185425] 14:15:41.814586 openat(AT_FDCWD, "/usr/share/fonts/truetype/noto/NotoSansEgyptianHieroglyphs-Regular.ttf", O_RDONLY|O_CLOEXEC) = 6
[pid 185425] 14:15:41.814736 openat(AT_FDCWD, "/usr/share/fonts/truetype/noto/NotoSansElbasan-Regular.ttf", O_RDONLY|O_CLOEXEC) = 6
[pid 185425] 14:15:41.814879 openat(AT_FDCWD, "/usr/share/fonts/truetype/noto/NotoSansElymaic-Regular.ttf", O_RDONLY|O_CLOEXEC) = 6
[pid 185425] 14:15:41.815027 openat(AT_FDCWD, "/usr/share/fonts/truetype/noto/NotoSansEthiopic-Bold.ttf", O_RDONLY|O_CLOEXEC) = 6
[pid 185425] 14:15:41.815178 openat(AT_FDCWD, "/usr/share/fonts/truetype/noto/NotoSansEthiopic-Regular.ttf", O_RDONLY|O_CLOEXEC) = 6
[pid 185425] 14:15:41.815329 openat(AT_FDCWD, "/usr/share/fonts/truetype/noto/NotoSansGeorgian-Bold.ttf", O_RDONLY|O_CLOEXEC) = 6
[pid 185425] 14:15:41.815476 openat(AT_FDCWD, "/usr/share/fonts/truetype/noto/NotoSansGeorgian-Regular.ttf", O_RDONLY|O_CLOEXEC) = 6
[pid 185425] 14:15:41.815622 openat(AT_FDCWD, "/usr/share/fonts/truetype/noto/NotoSansGlagolitic-Regular.ttf", O_RDONLY|O_CLOEXEC) = 6
[pid 185425] 14:15:41.815766 openat(AT_FDCWD, "/usr/share/fonts/truetype/noto/NotoSansGothic-Regular.ttf", O_RDONLY|O_CLOEXEC) = 6
[pid 185425] 14:15:41.815912 openat(AT_FDCWD, "/usr/share/fonts/truetype/noto/NotoSansGrantha-Regular.ttf", O_RDONLY|O_CLOEXEC) = 6
[pid 185425] 14:15:41.816066 openat(AT_FDCWD, "/usr/share/fonts/truetype/noto/NotoSansGujarati-Bold.ttf", O_RDONLY|O_CLOEXEC) = 6
[pid 185425] 14:15:41.816216 openat(AT_FDCWD, "/usr/share/fonts/truetype/noto/NotoSansGujarati-Regular.ttf", O_RDONLY|O_CLOEXEC) = 6
[pid 185425] 14:15:41.816366 openat(AT_FDCWD, "/usr/share/fonts/truetype/noto/NotoSansGunjalaGondi-Regular.ttf", O_RDONLY|O_CLOEXEC) = 6
[pid 185425] 14:15:41.816510 openat(AT_FDCWD, "/usr/share/fonts/truetype/noto/NotoSansGurmukhi-Bold.ttf", O_RDONLY|O_CLOEXEC) = 6
[pid 185425] 14:15:41.816674 openat(AT_FDCWD, "/usr/share/fonts/truetype/noto/NotoSansGurmukhi-Regular.ttf", O_RDONLY|O_CLOEXEC) = 6
[pid 185425] 14:15:41.816821 openat(AT_FDCWD, "/usr/share/fonts/truetype/noto/NotoSansHanifiRohingya-Bold.ttf", O_RDONLY|O_CLOEXEC) = 6
[pid 185425] 14:15:41.816984 openat(AT_FDCWD, "/usr/share/fonts/truetype/noto/NotoSansHanifiRohingya-Regular.ttf", O_RDONLY|O_CLOEXEC) = 6
[pid 185425] 14:15:41.817128 openat(AT_FDCWD, "/usr/share/fonts/truetype/noto/NotoSansHanunoo-Regular.ttf", O_RDONLY|O_CLOEXEC) = 6
[pid 185425] 14:15:41.817268 openat(AT_FDCWD, "/usr/share/fonts/truetype/noto/NotoSansHatran-Regular.ttf", O_RDONLY|O_CLOEXEC) = 6
[pid 185425] 14:15:41.817407 openat(AT_FDCWD, "/usr/share/fonts/truetype/noto/NotoSansHebrew-Bold.ttf", O_RDONLY|O_CLOEXEC) = 6
[pid 185425] 14:15:41.817546 openat(AT_FDCWD, "/usr/share/fonts/truetype/noto/NotoSansHebrew-Regular.ttf", O_RDONLY|O_CLOEXEC) = 6
[pid 185425] 14:15:41.817687 openat(AT_FDCWD, "/usr/share/fonts/truetype/noto/NotoSansImperialAramaic-Regular.ttf", O_RDONLY|O_CLOEXEC) = 6
[pid 185425] 14:15:41.817859 openat(AT_FDCWD, "/usr/share/fonts/truetype/noto/NotoSansIndicSiyaqNumbers-Regular.ttf", O_RDONLY|O_CLOEXEC) = 6
[pid 185425] 14:15:41.818021 openat(AT_FDCWD, "/usr/share/fonts/truetype/noto/NotoSansInscriptionalPahlavi-Regular.ttf", O_RDONLY|O_CLOEXEC) = 6
[pid 185425] 14:15:41.818173 openat(AT_FDCWD, "/usr/share/fonts/truetype/noto/NotoSansInscriptionalParthian-Regular.ttf", O_RDONLY|O_CLOEXEC) = 6
[pid 185425] 14:15:41.818323 openat(AT_FDCWD, "/usr/share/fonts/truetype/noto/NotoSansJavanese-Bold.ttf", O_RDONLY|O_CLOEXEC) = 6
[pid 185425] 14:15:41.818487 openat(AT_FDCWD, "/usr/share/fonts/truetype/noto/NotoSansJavanese-Regular.ttf", O_RDONLY|O_CLOEXEC) = 6
[pid 185425] 14:15:41.818654 openat(AT_FDCWD, "/usr/share/fonts/truetype/noto/NotoSansKaithi-Regular.ttf", O_RDONLY|O_CLOEXEC) = 6
[pid 185425] 14:15:41.818816 openat(AT_FDCWD, "/usr/share/fonts/truetype/noto/NotoSansKannada-Bold.ttf", O_RDONLY|O_CLOEXEC) = 6
[pid 185425] 14:15:41.818984 openat(AT_FDCWD, "/usr/share/fonts/truetype/noto/NotoSansKannada-Regular.ttf", O_RDONLY|O_CLOEXEC) = 6
[pid 185425] 14:15:41.819147 openat(AT_FDCWD, "/usr/share/fonts/truetype/noto/NotoSansKayahLi-Bold.ttf", O_RDONLY|O_CLOEXEC) = 6
[pid 185425] 14:15:41.819289 openat(AT_FDCWD, "/usr/share/fonts/truetype/noto/NotoSansKayahLi-Regular.ttf", O_RDONLY|O_CLOEXEC) = 6
[pid 185425] 14:15:41.819427 openat(AT_FDCWD, "/usr/share/fonts/truetype/noto/NotoSansKharoshthi-Regular.ttf", O_RDONLY|O_CLOEXEC) = 6
[pid 185425] 14:15:41.819568 openat(AT_FDCWD, "/usr/share/fonts/truetype/noto/NotoSansKhmer-Bold.ttf", O_RDONLY|O_CLOEXEC) = 6
[pid 185425] 14:15:41.819717 openat(AT_FDCWD, "/usr/share/fonts/truetype/noto/NotoSansKhmer-Regular.ttf", O_RDONLY|O_CLOEXEC) = 6
[pid 185425] 14:15:41.819865 openat(AT_FDCWD, "/usr/share/fonts/truetype/noto/NotoSansKhojki-Regular.ttf", O_RDONLY|O_CLOEXEC) = 6
[pid 185425] 14:15:41.820038 openat(AT_FDCWD, "/usr/share/fonts/truetype/noto/NotoSansKhudawadi-Regular.ttf", O_RDONLY|O_CLOEXEC) = 6
[pid 185425] 14:15:41.820182 openat(AT_FDCWD, "/usr/share/fonts/truetype/noto/NotoSansLao-Bold.ttf", O_RDONLY|O_CLOEXEC) = 6
[pid 185425] 14:15:41.820323 openat(AT_FDCWD, "/usr/share/fonts/truetype/noto/NotoSansLao-Regular.ttf", O_RDONLY|O_CLOEXEC) = 6
[pid 185425] 14:15:41.820464 openat(AT_FDCWD, "/usr/share/fonts/truetype/noto/NotoSansLepcha-Regular.ttf", O_RDONLY|O_CLOEXEC) = 6
[pid 185425] 14:15:41.820605 openat(AT_FDCWD, "/usr/share/fonts/truetype/noto/NotoSansLimbu-Regular.ttf", O_RDONLY|O_CLOEXEC) = 6
[pid 185425] 14:15:41.820743 openat(AT_FDCWD, "/usr/share/fonts/truetype/noto/NotoSansLinearA-Regular.ttf", O_RDONLY|O_CLOEXEC) = 6
[pid 185425] 14:15:41.820886 openat(AT_FDCWD, "/usr/share/fonts/truetype/noto/NotoSansLinearB-Regular.ttf", O_RDONLY|O_CLOEXEC) = 6
[pid 185425] 14:15:41.821103 openat(AT_FDCWD, "/usr/share/fonts/truetype/noto/NotoSansLisu-Bold.ttf", O_RDONLY|O_CLOEXEC) = 6
[pid 185425] 14:15:41.821269 openat(AT_FDCWD, "/usr/share/fonts/truetype/noto/NotoSansLisu-Regular.ttf", O_RDONLY|O_CLOEXEC) = 6
[pid 185425] 14:15:41.821444 openat(AT_FDCWD, "/usr/share/fonts/truetype/noto/NotoSansLycian-Regular.ttf", O_RDONLY|O_CLOEXEC) = 6
[pid 185425] 14:15:41.821597 openat(AT_FDCWD, "/usr/share/fonts/truetype/noto/NotoSansLydian-Regular.ttf", O_RDONLY|O_CLOEXEC) = 6
[pid 185425] 14:15:41.821748 openat(AT_FDCWD, "/usr/share/fonts/truetype/noto/NotoSansMahajani-Regular.ttf", O_RDONLY|O_CLOEXEC) = 6
[pid 185425] 14:15:41.821910 openat(AT_FDCWD, "/usr/share/fonts/truetype/noto/NotoSansMalayalam-Bold.ttf", O_RDONLY|O_CLOEXEC) = 6
[pid 185425] 14:15:41.822081 openat(AT_FDCWD, "/usr/share/fonts/truetype/noto/NotoSansMalayalam-Regular.ttf", O_RDONLY|O_CLOEXEC) = 6
[pid 185425] 14:15:41.822238 openat(AT_FDCWD, "/usr/share/fonts/truetype/noto/NotoSansMandaic-Regular.ttf", O_RDONLY|O_CLOEXEC) = 6
[pid 185425] 14:15:41.822381 openat(AT_FDCWD, "/usr/share/fonts/truetype/noto/NotoSansManichaean-Regular.ttf", O_RDONLY|O_CLOEXEC) = 6
[pid 185425] 14:15:41.822524 openat(AT_FDCWD, "/usr/share/fonts/truetype/noto/NotoSansMarchen-Regular.ttf", O_RDONLY|O_CLOEXEC) = 6
[pid 185425] 14:15:41.822674 openat(AT_FDCWD, "/usr/share/fonts/truetype/noto/NotoSansMasaramGondi-Regular.ttf", O_RDONLY|O_CLOEXEC) = 6
[pid 185425] 14:15:41.822815 openat(AT_FDCWD, "/usr/share/fonts/truetype/noto/NotoSansMath-Regular.ttf", O_RDONLY|O_CLOEXEC) = 6
[pid 185425] 14:15:41.822971 openat(AT_FDCWD, "/usr/share/fonts/truetype/noto/NotoSansMayanNumerals-Regular.ttf", O_RDONLY|O_CLOEXEC) = 6
[pid 185425] 14:15:41.823112 openat(AT_FDCWD, "/usr/share/fonts/truetype/noto/NotoSansMedefaidrin-Bold.ttf", O_RDONLY|O_CLOEXEC) = 6
[pid 185425] 14:15:41.823254 openat(AT_FDCWD, "/usr/share/fonts/truetype/noto/NotoSansMedefaidrin-Regular.ttf", O_RDONLY|O_CLOEXEC) = 6
[pid 185425] 14:15:41.823447 openat(AT_FDCWD, "/usr/share/fonts/truetype/noto/NotoSansMeeteiMayek-Bold.ttf", O_RDONLY|O_CLOEXEC) = 6
[pid 185425] 14:15:41.823590 openat(AT_FDCWD, "/usr/share/fonts/truetype/noto/NotoSansMeeteiMayek-Regular.ttf", O_RDONLY|O_CLOEXEC) = 6
[pid 185425] 14:15:41.823732 openat(AT_FDCWD, "/usr/share/fonts/truetype/noto/NotoSansMendeKikakui-Regular.ttf", O_RDONLY|O_CLOEXEC) = 6
[pid 185425] 14:15:41.823875 openat(AT_FDCWD, "/usr/share/fonts/truetype/noto/NotoSansMeroitic-Regular.ttf", O_RDONLY|O_CLOEXEC) = 6
[pid 185425] 14:15:41.824024 openat(AT_FDCWD, "/usr/share/fonts/truetype/noto/NotoSansMiao-Regular.ttf", O_RDONLY|O_CLOEXEC) = 6
[pid 185425] 14:15:41.824169 openat(AT_FDCWD, "/usr/share/fonts/truetype/noto/NotoSansModi-Regular.ttf", O_RDONLY|O_CLOEXEC) = 6
[pid 185425] 14:15:41.824313 openat(AT_FDCWD, "/usr/share/fonts/truetype/noto/NotoSansMongolian-Regular.ttf", O_RDONLY|O_CLOEXEC) = 6
[pid 185425] 14:15:41.824462 openat(AT_FDCWD, "/usr/share/fonts/truetype/noto/NotoSansMono-Bold.ttf", O_RDONLY|O_CLOEXEC) = 6
[pid 185425] 14:15:41.824611 openat(AT_FDCWD, "/usr/share/fonts/truetype/noto/NotoSansMono-Regular.ttf", O_RDONLY|O_CLOEXEC) = 6
[pid 185425] 14:15:41.824758 openat(AT_FDCWD, "/usr/share/fonts/truetype/noto/NotoSansMro-Regular.ttf", O_RDONLY|O_CLOEXEC) = 6
[pid 185425] 14:15:41.824897 openat(AT_FDCWD, "/usr/share/fonts/truetype/noto/NotoSansMultani-Regular.ttf", O_RDONLY|O_CLOEXEC) = 6
[pid 185425] 14:15:41.825047 openat(AT_FDCWD, "/usr/share/fonts/truetype/noto/NotoSansMyanmar-Bold.ttf", O_RDONLY|O_CLOEXEC) = 6
[pid 185425] 14:15:41.825197 openat(AT_FDCWD, "/usr/share/fonts/truetype/noto/NotoSansMyanmar-Regular.ttf", O_RDONLY|O_CLOEXEC) = 6
[pid 185425] 14:15:41.825357 openat(AT_FDCWD, "/usr/share/fonts/truetype/noto/NotoSansNKo-Regular.ttf", O_RDONLY|O_CLOEXEC) = 6
[pid 185425] 14:15:41.825504 openat(AT_FDCWD, "/usr/share/fonts/truetype/noto/NotoSansNabataean-Regular.ttf", O_RDONLY|O_CLOEXEC) = 6
[pid 185425] 14:15:41.825645 openat(AT_FDCWD, "/usr/share/fonts/truetype/noto/NotoSansNewTaiLue-Regular.ttf", O_RDONLY|O_CLOEXEC) = 6
[pid 185425] 14:15:41.825785 openat(AT_FDCWD, "/usr/share/fonts/truetype/noto/NotoSansNewa-Regular.ttf", O_RDONLY|O_CLOEXEC) = 6
[pid 185425] 14:15:41.825941 openat(AT_FDCWD, "/usr/share/fonts/truetype/noto/NotoSansNushu-Regular.ttf", O_RDONLY|O_CLOEXEC) = 6
[pid 185425] 14:15:41.826117 openat(AT_FDCWD, "/usr/share/fonts/truetype/noto/NotoSansOgham-Regular.ttf", O_RDONLY|O_CLOEXEC) = 6
[pid 185425] 14:15:41.826258 openat(AT_FDCWD, "/usr/share/fonts/truetype/noto/NotoSansOlChiki-Bold.ttf", O_RDONLY|O_CLOEXEC) = 6
[pid 185425] 14:15:41.826398 openat(AT_FDCWD, "/usr/share/fonts/truetype/noto/NotoSansOlChiki-Regular.ttf", O_RDONLY|O_CLOEXEC) = 6
[pid 185425] 14:15:41.826538 openat(AT_FDCWD, "/usr/share/fonts/truetype/noto/NotoSansOldHungarian-Regular.ttf", O_RDONLY|O_CLOEXEC) = 6
[pid 185425] 14:15:41.826682 openat(AT_FDCWD, "/usr/share/fonts/truetype/noto/NotoSansOldItalic-Regular.ttf", O_RDONLY|O_CLOEXEC) = 6
[pid 185425] 14:15:41.826822 openat(AT_FDCWD, "/usr/share/fonts/truetype/noto/NotoSansOldNorthArabian-Regular.ttf", O_RDONLY|O_CLOEXEC) = 6
[pid 185425] 14:15:41.826966 openat(AT_FDCWD, "/usr/share/fonts/truetype/noto/NotoSansOldPermic-Regular.ttf", O_RDONLY|O_CLOEXEC) = 6
[pid 185425] 14:15:41.827108 openat(AT_FDCWD, "/usr/share/fonts/truetype/noto/NotoSansOldPersian-Regular.ttf", O_RDONLY|O_CLOEXEC) = 6
[pid 185425] 14:15:41.827249 openat(AT_FDCWD, "/usr/share/fonts/truetype/noto/NotoSansOldSogdian-Regular.ttf", O_RDONLY|O_CLOEXEC) = 6
[pid 185425] 14:15:41.827389 openat(AT_FDCWD, "/usr/share/fonts/truetype/noto/NotoSansOldSouthArabian-Regular.ttf", O_RDONLY|O_CLOEXEC) = 6
[pid 185425] 14:15:41.827528 openat(AT_FDCWD, "/usr/share/fonts/truetype/noto/NotoSansOldTurkic-Regular.ttf", O_RDONLY|O_CLOEXEC) = 6
[pid 185425] 14:15:41.827671 openat(AT_FDCWD, "/usr/share/fonts/truetype/noto/NotoSansOriya-Bold.ttf", O_RDONLY|O_CLOEXEC) = 6
[pid 185425] 14:15:41.827821 openat(AT_FDCWD, "/usr/share/fonts/truetype/noto/NotoSansOriya-Regular.ttf", O_RDONLY|O_CLOEXEC) = 6
[pid 185425] 14:15:41.827989 openat(AT_FDCWD, "/usr/share/fonts/truetype/noto/NotoSansOsage-Regular.ttf", O_RDONLY|O_CLOEXEC) = 6
[pid 185425] 14:15:41.828134 openat(AT_FDCWD, "/usr/share/fonts/truetype/noto/NotoSansOsmanya-Regular.ttf", O_RDONLY|O_CLOEXEC) = 6
[pid 185425] 14:15:41.828276 openat(AT_FDCWD, "/usr/share/fonts/truetype/noto/NotoSansPahawhHmong-Regular.ttf", O_RDONLY|O_CLOEXEC) = 6
[pid 185425] 14:15:41.828428 openat(AT_FDCWD, "/usr/share/fonts/truetype/noto/NotoSansPalmyrene-Regular.ttf", O_RDONLY|O_CLOEXEC) = 6
[pid 185425] 14:15:41.828572 openat(AT_FDCWD, "/usr/share/fonts/truetype/noto/NotoSansPauCinHau-Regular.ttf", O_RDONLY|O_CLOEXEC) = 6
[pid 185425] 14:15:41.828713 openat(AT_FDCWD, "/usr/share/fonts/truetype/noto/NotoSansPhagsPa-Regular.ttf", O_RDONLY|O_CLOEXEC) = 6
[pid 185425] 14:15:41.828857 openat(AT_FDCWD, "/usr/share/fonts/truetype/noto/NotoSansPhoenician-Regular.ttf", O_RDONLY|O_CLOEXEC) = 6
[pid 185425] 14:15:41.829011 openat(AT_FDCWD, "/usr/share/fonts/truetype/noto/NotoSansPsalterPahlavi-Regular.ttf", O_RDONLY|O_CLOEXEC) = 6
[pid 185425] 14:15:41.829157 openat(AT_FDCWD, "/usr/share/fonts/truetype/noto/NotoSansRejang-Regular.ttf", O_RDONLY|O_CLOEXEC) = 6
[pid 185425] 14:15:41.829301 openat(AT_FDCWD, "/usr/share/fonts/truetype/noto/NotoSansRunic-Regular.ttf", O_RDONLY|O_CLOEXEC) = 6
[pid 185425] 14:15:41.829447 openat(AT_FDCWD, "/usr/share/fonts/truetype/noto/NotoSansSamaritan-Regular.ttf", O_RDONLY|O_CLOEXEC) = 6
[pid 185425] 14:15:41.829593 openat(AT_FDCWD, "/usr/share/fonts/truetype/noto/NotoSansSaurashtra-Regular.ttf", O_RDONLY|O_CLOEXEC) = 6
[pid 185425] 14:15:41.829742 openat(AT_FDCWD, "/usr/share/fonts/truetype/noto/NotoSansSharada-Regular.ttf", O_RDONLY|O_CLOEXEC) = 6
[pid 185425] 14:15:41.829898 openat(AT_FDCWD, "/usr/share/fonts/truetype/noto/NotoSansShavian-Regular.ttf", O_RDONLY|O_CLOEXEC) = 6
[pid 185425] 14:15:41.830051 openat(AT_FDCWD, "/usr/share/fonts/truetype/noto/NotoSansSiddham-Regular.ttf", O_RDONLY|O_CLOEXEC) = 6
[pid 185425] 14:15:41.830209 openat(AT_FDCWD, "/usr/share/fonts/truetype/noto/NotoSansSignWriting-Regular.ttf", O_RDONLY|O_CLOEXEC) = 6
[pid 185425] 14:15:41.830373 openat(AT_FDCWD, "/usr/share/fonts/truetype/noto/NotoSansSinhala-Bold.ttf", O_RDONLY|O_CLOEXEC) = 6
[pid 185425] 14:15:41.830537 openat(AT_FDCWD, "/usr/share/fonts/truetype/noto/NotoSansSinhala-Regular.ttf", O_RDONLY|O_CLOEXEC) = 6
[pid 185425] 14:15:41.830702 openat(AT_FDCWD, "/usr/share/fonts/truetype/noto/NotoSansSogdian-Regular.ttf", O_RDONLY|O_CLOEXEC) = 6
[pid 185425] 14:15:41.830855 openat(AT_FDCWD, "/usr/share/fonts/truetype/noto/NotoSansSoraSompeng-Bold.ttf", O_RDONLY|O_CLOEXEC) = 6
[pid 185425] 14:15:41.831001 openat(AT_FDCWD, "/usr/share/fonts/truetype/noto/NotoSansSoraSompeng-Regular.ttf", O_RDONLY|O_CLOEXEC) = 6
[pid 185425] 14:15:41.831144 openat(AT_FDCWD, "/usr/share/fonts/truetype/noto/NotoSansSoyombo-Regular.ttf", O_RDONLY|O_CLOEXEC) = 6
[pid 185425] 14:15:41.831288 openat(AT_FDCWD, "/usr/share/fonts/truetype/noto/NotoSansSundanese-Bold.ttf", O_RDONLY|O_CLOEXEC) = 6
[pid 185425] 14:15:41.831431 openat(AT_FDCWD, "/usr/share/fonts/truetype/noto/NotoSansSundanese-Regular.ttf", O_RDONLY|O_CLOEXEC) = 6
[pid 185425] 14:15:41.831572 openat(AT_FDCWD, "/usr/share/fonts/truetype/noto/NotoSansSylotiNagri-Regular.ttf", O_RDONLY|O_CLOEXEC) = 6
[pid 185425] 14:15:41.831712 openat(AT_FDCWD, "/usr/share/fonts/truetype/noto/NotoSansSymbols-Bold.ttf", O_RDONLY|O_CLOEXEC) = 6
[pid 185425] 14:15:41.831861 openat(AT_FDCWD, "/usr/share/fonts/truetype/noto/NotoSansSymbols-Regular.ttf", O_RDONLY|O_CLOEXEC) = 6
[pid 185425] 14:15:41.832015 openat(AT_FDCWD, "/usr/share/fonts/truetype/noto/NotoSansSymbols2-Regular.ttf", O_RDONLY|O_CLOEXEC) = 6
[pid 185425] 14:15:41.832163 openat(AT_FDCWD, "/usr/share/fonts/truetype/noto/NotoSansSyriac-Regular.ttf", O_RDONLY|O_CLOEXEC) = 6
[pid 185425] 14:15:41.832313 openat(AT_FDCWD, "/usr/share/fonts/truetype/noto/NotoSansTagalog-Regular.ttf", O_RDONLY|O_CLOEXEC) = 6
[pid 185425] 14:15:41.832453 openat(AT_FDCWD, "/usr/share/fonts/truetype/noto/NotoSansTagbanwa-Regular.ttf", O_RDONLY|O_CLOEXEC) = 6
[pid 185425] 14:15:41.832593 openat(AT_FDCWD, "/usr/share/fonts/truetype/noto/NotoSansTaiLe-Regular.ttf", O_RDONLY|O_CLOEXEC) = 6
[pid 185425] 14:15:41.832732 openat(AT_FDCWD, "/usr/share/fonts/truetype/noto/NotoSansTaiTham-Bold.ttf", O_RDONLY|O_CLOEXEC) = 6
[pid 185425] 14:15:41.832878 openat(AT_FDCWD, "/usr/share/fonts/truetype/noto/NotoSansTaiTham-Regular.ttf", O_RDONLY|O_CLOEXEC) = 6
[pid 185425] 14:15:41.833026 openat(AT_FDCWD, "/usr/share/fonts/truetype/noto/NotoSansTaiViet-Regular.ttf", O_RDONLY|O_CLOEXEC) = 6
[pid 185425] 14:15:41.833169 openat(AT_FDCWD, "/usr/share/fonts/truetype/noto/NotoSansTakri-Regular.ttf", O_RDONLY|O_CLOEXEC) = 6
[pid 185425] 14:15:41.833311 openat(AT_FDCWD, "/usr/share/fonts/truetype/noto/NotoSansTamil-Bold.ttf", O_RDONLY|O_CLOEXEC) = 6
[pid 185425] 14:15:41.833465 openat(AT_FDCWD, "/usr/share/fonts/truetype/noto/NotoSansTamil-Regular.ttf", O_RDONLY|O_CLOEXEC) = 6
[pid 185425] 14:15:41.833609 openat(AT_FDCWD, "/usr/share/fonts/truetype/noto/NotoSansTamilSupplement-Regular.ttf", O_RDONLY|O_CLOEXEC) = 6
[pid 185425] 14:15:41.833750 openat(AT_FDCWD, "/usr/share/fonts/truetype/noto/NotoSansTelugu-Bold.ttf", O_RDONLY|O_CLOEXEC) = 6
[pid 185425] 14:15:41.833906 openat(AT_FDCWD, "/usr/share/fonts/truetype/noto/NotoSansTelugu-Regular.ttf", O_RDONLY|O_CLOEXEC) = 6
[pid 185425] 14:15:41.834059 openat(AT_FDCWD, "/usr/share/fonts/truetype/noto/NotoSansThaana-Bold.ttf", O_RDONLY|O_CLOEXEC) = 6
[pid 185425] 14:15:41.834205 openat(AT_FDCWD, "/usr/share/fonts/truetype/noto/NotoSansThaana-Regular.ttf", O_RDONLY|O_CLOEXEC) = 6
[pid 185425] 14:15:41.834345 openat(AT_FDCWD, "/usr/share/fonts/truetype/noto/NotoSansThai-Bold.ttf", O_RDONLY|O_CLOEXEC) = 6
[pid 185425] 14:15:41.834488 openat(AT_FDCWD, "/usr/share/fonts/truetype/noto/NotoSansThai-Regular.ttf", O_RDONLY|O_CLOEXEC) = 6
[pid 185425] 14:15:41.834630 openat(AT_FDCWD, "/usr/share/fonts/truetype/noto/NotoSansTifinagh-Regular.ttf", O_RDONLY|O_CLOEXEC) = 6
[pid 185425] 14:15:41.834771 openat(AT_FDCWD, "/usr/share/fonts/truetype/noto/NotoSansTifinaghAPT-Regular.ttf", O_RDONLY|O_CLOEXEC) = 6
[pid 185425] 14:15:41.834919 openat(AT_FDCWD, "/usr/share/fonts/truetype/noto/NotoSansTifinaghAdrar-Regular.ttf", O_RDONLY|O_CLOEXEC) = 6
[pid 185425] 14:15:41.835063 openat(AT_FDCWD, "/usr/share/fonts/truetype/noto/NotoSansTifinaghAgrawImazighen-Regular.ttf", O_RDONLY|O_CLOEXEC) = 6
[pid 185425] 14:15:41.835221 openat(AT_FDCWD, "/usr/share/fonts/truetype/noto/NotoSansTifinaghAhaggar-Regular.ttf", O_RDONLY|O_CLOEXEC) = 6
[pid 185425] 14:15:41.835364 openat(AT_FDCWD, "/usr/share/fonts/truetype/noto/NotoSansTifinaghAir-Regular.ttf", O_RDONLY|O_CLOEXEC) = 6
[pid 185425] 14:15:41.835508 openat(AT_FDCWD, "/usr/share/fonts/truetype/noto/NotoSansTifinaghAzawagh-Regular.ttf", O_RDONLY|O_CLOEXEC) = 6
[pid 185425] 14:15:41.835650 openat(AT_FDCWD, "/usr/share/fonts/truetype/noto/NotoSansTifinaghGhat-Regular.ttf", O_RDONLY|O_CLOEXEC) = 6
[pid 185425] 14:15:41.835794 openat(AT_FDCWD, "/usr/share/fonts/truetype/noto/NotoSansTifinaghHawad-Regular.ttf", O_RDONLY|O_CLOEXEC) = 6
[pid 185425] 14:15:41.835943 openat(AT_FDCWD, "/usr/share/fonts/truetype/noto/NotoSansTifinaghRhissaIxa-Regular.ttf", O_RDONLY|O_CLOEXEC) = 6
[pid 185425] 14:15:41.836090 openat(AT_FDCWD, "/usr/share/fonts/truetype/noto/NotoSansTifinaghSIL-Regular.ttf", O_RDONLY|O_CLOEXEC) = 6
[pid 185425] 14:15:41.836233 openat(AT_FDCWD, "/usr/share/fonts/truetype/noto/NotoSansTifinaghTawellemmet-Regular.ttf", O_RDONLY|O_CLOEXEC) = 6
[pid 185425] 14:15:41.836377 openat(AT_FDCWD, "/usr/share/fonts/truetype/noto/NotoSansTirhuta-Regular.ttf", O_RDONLY|O_CLOEXEC) = 6
[pid 185425] 14:15:41.836524 openat(AT_FDCWD, "/usr/share/fonts/truetype/noto/NotoSansUgaritic-Regular.ttf", O_RDONLY|O_CLOEXEC) = 6
[pid 185425] 14:15:41.836663 openat(AT_FDCWD, "/usr/share/fonts/truetype/noto/NotoSansVai-Regular.ttf", O_RDONLY|O_CLOEXEC) = 6
[pid 185425] 14:15:41.836816 openat(AT_FDCWD, "/usr/share/fonts/truetype/noto/NotoSansWancho-Regular.ttf", O_RDONLY|O_CLOEXEC) = 6
[pid 185425] 14:15:41.836993 openat(AT_FDCWD, "/usr/share/fonts/truetype/noto/NotoSansWarangCiti-Regular.ttf", O_RDONLY|O_CLOEXEC) = 6
[pid 185425] 14:15:41.837138 openat(AT_FDCWD, "/usr/share/fonts/truetype/noto/NotoSansYi-Regular.ttf", O_RDONLY|O_CLOEXEC) = 6
[pid 185425] 14:15:41.837288 openat(AT_FDCWD, "/usr/share/fonts/truetype/noto/NotoSansZanabazarSquare-Regular.ttf", O_RDONLY|O_CLOEXEC) = 6
[pid 185425] 14:15:41.837429 openat(AT_FDCWD, "/usr/share/fonts/truetype/noto/NotoSerif-Bold.ttf", O_RDONLY|O_CLOEXEC) = 6
[pid 185425] 14:15:41.837576 openat(AT_FDCWD, "/usr/share/fonts/truetype/noto/NotoSerif-BoldItalic.ttf", O_RDONLY|O_CLOEXEC) = 6
[pid 185425] 14:15:41.837726 openat(AT_FDCWD, "/usr/share/fonts/truetype/noto/NotoSerif-Italic.ttf", O_RDONLY|O_CLOEXEC) = 6
[pid 185425] 14:15:41.837879 openat(AT_FDCWD, "/usr/share/fonts/truetype/noto/NotoSerif-Regular.ttf", O_RDONLY|O_CLOEXEC) = 6
[pid 185425] 14:15:41.838038 openat(AT_FDCWD, "/usr/share/fonts/truetype/noto/NotoSerifAhom-Regular.ttf", O_RDONLY|O_CLOEXEC) = 6
[pid 185425] 14:15:41.838181 openat(AT_FDCWD, "/usr/share/fonts/truetype/noto/NotoSerifArmenian-Bold.ttf", O_RDONLY|O_CLOEXEC) = 6
[pid 185425] 14:15:41.838324 openat(AT_FDCWD, "/usr/share/fonts/truetype/noto/NotoSerifArmenian-Regular.ttf", O_RDONLY|O_CLOEXEC) = 6
[pid 185425] 14:15:41.838466 openat(AT_FDCWD, "/usr/share/fonts/truetype/noto/NotoSerifBalinese-Regular.ttf", O_RDONLY|O_CLOEXEC) = 6
[pid 185425] 14:15:41.838609 openat(AT_FDCWD, "/usr/share/fonts/truetype/noto/NotoSerifBengali-Bold.ttf", O_RDONLY|O_CLOEXEC) = 6
[pid 185425] 14:15:41.838757 openat(AT_FDCWD, "/usr/share/fonts/truetype/noto/NotoSerifBengali-Regular.ttf", O_RDONLY|O_CLOEXEC) = 6
[pid 185425] 14:15:41.838909 openat(AT_FDCWD, "/usr/share/fonts/truetype/noto/NotoSerifDevanagari-Bold.ttf", O_RDONLY|O_CLOEXEC) = 6
[pid 185425] 14:15:41.839061 openat(AT_FDCWD, "/usr/share/fonts/truetype/noto/NotoSerifDevanagari-Regular.ttf", O_RDONLY|O_CLOEXEC) = 6
[pid 185425] 14:15:41.839210 openat(AT_FDCWD, "/usr/share/fonts/truetype/noto/NotoSerifDisplay-Bold.ttf", O_RDONLY|O_CLOEXEC) = 6
[pid 185425] 14:15:41.839361 openat(AT_FDCWD, "/usr/share/fonts/truetype/noto/NotoSerifDisplay-BoldItalic.ttf", O_RDONLY|O_CLOEXEC) = 6
[pid 185425] 14:15:41.839510 openat(AT_FDCWD, "/usr/share/fonts/truetype/noto/NotoSerifDisplay-Italic.ttf", O_RDONLY|O_CLOEXEC) = 6
[pid 185425] 14:15:41.839675 openat(AT_FDCWD, "/usr/share/fonts/truetype/noto/NotoSerifDisplay-Regular.ttf", O_RDONLY|O_CLOEXEC) = 6
[pid 185425] 14:15:41.839824 openat(AT_FDCWD, "/usr/share/fonts/truetype/noto/NotoSerifDogra-Regular.ttf", O_RDONLY|O_CLOEXEC) = 6
[pid 185425] 14:15:41.839983 openat(AT_FDCWD, "/usr/share/fonts/truetype/noto/NotoSerifEthiopic-Bold.ttf", O_RDONLY|O_CLOEXEC) = 6
[pid 185425] 14:15:41.840134 openat(AT_FDCWD, "/usr/share/fonts/truetype/noto/NotoSerifEthiopic-Regular.ttf", O_RDONLY|O_CLOEXEC) = 6
[pid 185425] 14:15:41.840283 openat(AT_FDCWD, "/usr/share/fonts/truetype/noto/NotoSerifGeorgian-Bold.ttf", O_RDONLY|O_CLOEXEC) = 6
[pid 185425] 14:15:41.840426 openat(AT_FDCWD, "/usr/share/fonts/truetype/noto/NotoSerifGeorgian-Regular.ttf", O_RDONLY|O_CLOEXEC) = 6
[pid 185425] 14:15:41.840570 openat(AT_FDCWD, "/usr/share/fonts/truetype/noto/NotoSerifGrantha-Regular.ttf", O_RDONLY|O_CLOEXEC) = 6
[pid 185425] 14:15:41.840717 openat(AT_FDCWD, "/usr/share/fonts/truetype/noto/NotoSerifGujarati-Bold.ttf", O_RDONLY|O_CLOEXEC) = 6
[pid 185425] 14:15:41.840868 openat(AT_FDCWD, "/usr/share/fonts/truetype/noto/NotoSerifGujarati-Regular.ttf", O_RDONLY|O_CLOEXEC) = 6
[pid 185425] 14:15:41.841038 openat(AT_FDCWD, "/usr/share/fonts/truetype/noto/NotoSerifGurmukhi-Bold.ttf", O_RDONLY|O_CLOEXEC) = 6
[pid 185425] 14:15:41.841186 openat(AT_FDCWD, "/usr/share/fonts/truetype/noto/NotoSerifGurmukhi-Regular.ttf", O_RDONLY|O_CLOEXEC) = 6
[pid 185425] 14:15:41.841331 openat(AT_FDCWD, "/usr/share/fonts/truetype/noto/NotoSerifHebrew-Bold.ttf", O_RDONLY|O_CLOEXEC) = 6
[pid 185425] 14:15:41.841475 openat(AT_FDCWD, "/usr/share/fonts/truetype/noto/NotoSerifHebrew-Regular.ttf", O_RDONLY|O_CLOEXEC) = 6
[pid 185425] 14:15:41.841618 openat(AT_FDCWD, "/usr/share/fonts/truetype/noto/NotoSerifKannada-Bold.ttf", O_RDONLY|O_CLOEXEC) = 6
[pid 185425] 14:15:41.841769 openat(AT_FDCWD, "/usr/share/fonts/truetype/noto/NotoSerifKannada-Regular.ttf", O_RDONLY|O_CLOEXEC) = 6
[pid 185425] 14:15:41.841927 openat(AT_FDCWD, "/usr/share/fonts/truetype/noto/NotoSerifKhmer-Bold.ttf", O_RDONLY|O_CLOEXEC) = 6
[pid 185425] 14:15:41.842080 openat(AT_FDCWD, "/usr/share/fonts/truetype/noto/NotoSerifKhmer-Regular.ttf", O_RDONLY|O_CLOEXEC) = 6
[pid 185425] 14:15:41.842233 openat(AT_FDCWD, "/usr/share/fonts/truetype/noto/NotoSerifKhojki-Bold.ttf", O_RDONLY|O_CLOEXEC) = 6
[pid 185425] 14:15:41.842384 openat(AT_FDCWD, "/usr/share/fonts/truetype/noto/NotoSerifKhojki-Regular.ttf", O_RDONLY|O_CLOEXEC) = 6
[pid 185425] 14:15:41.842538 openat(AT_FDCWD, "/usr/share/fonts/truetype/noto/NotoSerifLao-Bold.ttf", O_RDONLY|O_CLOEXEC) = 6
[pid 185425] 14:15:41.842682 openat(AT_FDCWD, "/usr/share/fonts/truetype/noto/NotoSerifLao-Regular.ttf", O_RDONLY|O_CLOEXEC) = 6
[pid 185425] 14:15:41.842826 openat(AT_FDCWD, "/usr/share/fonts/truetype/noto/NotoSerifMalayalam-Bold.ttf", O_RDONLY|O_CLOEXEC) = 6
[pid 185425] 14:15:41.842981 openat(AT_FDCWD, "/usr/share/fonts/truetype/noto/NotoSerifMalayalam-Regular.ttf", O_RDONLY|O_CLOEXEC) = 6
[pid 185425] 14:15:41.843133 openat(AT_FDCWD, "/usr/share/fonts/truetype/noto/NotoSerifMyanmar-Bold.ttf", O_RDONLY|O_CLOEXEC) = 6
[pid 185425] 14:15:41.843285 openat(AT_FDCWD, "/usr/share/fonts/truetype/noto/NotoSerifMyanmar-Regular.ttf", O_RDONLY|O_CLOEXEC) = 6
[pid 185425] 14:15:41.843437 openat(AT_FDCWD, "/usr/share/fonts/truetype/noto/NotoSerifNyiakengPuachueHmong-Bold.ttf", O_RDONLY|O_CLOEXEC) = 6
[pid 185425] 14:15:41.843579 openat(AT_FDCWD, "/usr/share/fonts/truetype/noto/NotoSerifNyiakengPuachueHmong-Regular.ttf", O_RDONLY|O_CLOEXEC) = 6
[pid 185425] 14:15:41.843719 openat(AT_FDCWD, "/usr/share/fonts/truetype/noto/NotoSerifSinhala-Bold.ttf", O_RDONLY|O_CLOEXEC) = 6
[pid 185425] 14:15:41.843870 openat(AT_FDCWD, "/usr/share/fonts/truetype/noto/NotoSerifSinhala-Regular.ttf", O_RDONLY|O_CLOEXEC) = 6
[pid 185425] 14:15:41.844030 openat(AT_FDCWD, "/usr/share/fonts/truetype/noto/NotoSerifTamil-Bold.ttf", O_RDONLY|O_CLOEXEC) = 6
[pid 185425] 14:15:41.844180 openat(AT_FDCWD, "/usr/share/fonts/truetype/noto/NotoSerifTamil-Regular.ttf", O_RDONLY|O_CLOEXEC) = 6
[pid 185425] 14:15:41.844346 openat(AT_FDCWD, "/usr/share/fonts/truetype/noto/NotoSerifTamilSlanted-Bold.ttf", O_RDONLY|O_CLOEXEC) = 6
[pid 185425] 14:15:41.844497 openat(AT_FDCWD, "/usr/share/fonts/truetype/noto/NotoSerifTamilSlanted-Regular.ttf", O_RDONLY|O_CLOEXEC) = 6
[pid 185425] 14:15:41.844643 openat(AT_FDCWD, "/usr/share/fonts/truetype/noto/NotoSerifTangut-Regular.ttf", O_RDONLY|O_CLOEXEC) = 6
[pid 185425] 14:15:41.844815 openat(AT_FDCWD, "/usr/share/fonts/truetype/noto/NotoSerifTelugu-Bold.ttf", O_RDONLY|O_CLOEXEC) = 6
[pid 185425] 14:15:41.845000 openat(AT_FDCWD, "/usr/share/fonts/truetype/noto/NotoSerifTelugu-Regular.ttf", O_RDONLY|O_CLOEXEC) = 6
[pid 185425] 14:15:41.845159 openat(AT_FDCWD, "/usr/share/fonts/truetype/noto/NotoSerifThai-Bold.ttf", O_RDONLY|O_CLOEXEC) = 6
[pid 185425] 14:15:41.845304 openat(AT_FDCWD, "/usr/share/fonts/truetype/noto/NotoSerifThai-Regular.ttf", O_RDONLY|O_CLOEXEC) = 6
[pid 185425] 14:15:41.845448 openat(AT_FDCWD, "/usr/share/fonts/truetype/noto/NotoSerifTibetan-Bold.ttf", O_RDONLY|O_CLOEXEC) = 6
[pid 185425] 14:15:41.845601 openat(AT_FDCWD, "/usr/share/fonts/truetype/noto/NotoSerifTibetan-Regular.ttf", O_RDONLY|O_CLOEXEC) = 6
[pid 185425] 14:15:41.845747 openat(AT_FDCWD, "/usr/share/fonts/truetype/noto/NotoSerifYezidi-Bold.ttf", O_RDONLY|O_CLOEXEC) = 6
[pid 185425] 14:15:41.845887 openat(AT_FDCWD, "/usr/share/fonts/truetype/noto/NotoSerifYezidi-Regular.ttf", O_RDONLY|O_CLOEXEC) = 6
[pid 185425] 14:15:41.846034 openat(AT_FDCWD, "/usr/share/fonts/truetype/noto/NotoTraditionalNushu-Regular.ttf", O_RDONLY|O_CLOEXEC) = 6
[pid 185425] 14:15:41.846184 openat(AT_FDCWD, "/usr/share/fonts/truetype/noto/NotoColorEmoji.ttf", O_RDONLY|O_CLOEXEC) = 6
[pid 185425] 14:15:41.846385 openat(AT_FDCWD, "/usr/share/fonts/truetype/ubuntu", O_RDONLY|O_NONBLOCK|O_CLOEXEC|O_DIRECTORY) = 5
[pid 185425] 14:15:41.846651 openat(AT_FDCWD, "/usr/share/fonts/truetype/ubuntu/Ubuntu[wdth,wght].ttf", O_RDONLY|O_CLOEXEC) = 6
[pid 185425] 14:15:41.846979 openat(AT_FDCWD, "/usr/share/fonts/truetype/ubuntu/Ubuntu-Italic[wdth,wght].ttf", O_RDONLY|O_CLOEXEC) = 6
[pid 185425] 14:15:41.848542 openat(AT_FDCWD, "/usr/share/fonts/truetype/ubuntu/UbuntuMono[wght].ttf", O_RDONLY|O_CLOEXEC) = 6
[pid 185425] 14:15:41.848845 openat(AT_FDCWD, "/usr/share/fonts/truetype/ubuntu/UbuntuMono-Italic[wght].ttf", O_RDONLY|O_CLOEXEC) = 6
[pid 185425] 14:15:41.849301 openat(AT_FDCWD, "/usr/share/fonts/truetype/ubuntu/UbuntuSans-Italic[wdth,wght].ttf", O_RDONLY|O_CLOEXEC) = 6
[pid 185425] 14:15:41.849453 openat(AT_FDCWD, "/usr/share/fonts/truetype/ubuntu/UbuntuSansMono-Italic[wght].ttf", O_RDONLY|O_CLOEXEC) = 6
[pid 185425] 14:15:41.849604 openat(AT_FDCWD, "/usr/share/fonts/truetype/ubuntu/UbuntuSansMono[wght].ttf", O_RDONLY|O_CLOEXEC) = 6
[pid 185425] 14:15:41.849753 openat(AT_FDCWD, "/usr/share/fonts/truetype/ubuntu/UbuntuSans[wdth,wght].ttf", O_RDONLY|O_CLOEXEC) = 6
[pid 185425] 14:15:41.849950 openat(AT_FDCWD, "/usr/share/fonts/truetype/tuffy", O_RDONLY|O_NONBLOCK|O_CLOEXEC|O_DIRECTORY) = 5
[pid 185425] 14:15:41.850054 openat(AT_FDCWD, "/usr/share/fonts/truetype/tuffy/tuffy_bold.ttf", O_RDONLY|O_CLOEXEC) = 6
[pid 185425] 14:15:41.850205 openat(AT_FDCWD, "/usr/share/fonts/truetype/tuffy/tuffy_bold_italic.ttf", O_RDONLY|O_CLOEXEC) = 6
[pid 185425] 14:15:41.850356 openat(AT_FDCWD, "/usr/share/fonts/truetype/tuffy/tuffy_italic.ttf", O_RDONLY|O_CLOEXEC) = 6
[pid 185425] 14:15:41.850505 openat(AT_FDCWD, "/usr/share/fonts/truetype/tuffy/tuffy_regular.ttf", O_RDONLY|O_CLOEXEC) = 6
[pid 185425] 14:15:41.850695 openat(AT_FDCWD, "/usr/share/fonts/truetype/lyx", O_RDONLY|O_NONBLOCK|O_CLOEXEC|O_DIRECTORY) = 5
[pid 185425] 14:15:41.850798 openat(AT_FDCWD, "/usr/share/fonts/truetype/lyx/cmex10.ttf", O_RDONLY|O_CLOEXEC) = 6
[pid 185425] 14:15:41.850955 openat(AT_FDCWD, "/usr/share/fonts/truetype/lyx/cmmi10.ttf", O_RDONLY|O_CLOEXEC) = 6
[pid 185425] 14:15:41.851100 openat(AT_FDCWD, "/usr/share/fonts/truetype/lyx/cmr10.ttf", O_RDONLY|O_CLOEXEC) = 6
[pid 185425] 14:15:41.851241 openat(AT_FDCWD, "/usr/share/fonts/truetype/lyx/cmsy10.ttf", O_RDONLY|O_CLOEXEC) = 6
[pid 185425] 14:15:41.851400 openat(AT_FDCWD, "/usr/share/fonts/truetype/lyx/dsrom10.ttf", O_RDONLY|O_CLOEXEC) = 6
[pid 185425] 14:15:41.851540 openat(AT_FDCWD, "/usr/share/fonts/truetype/lyx/esint10.ttf", O_RDONLY|O_CLOEXEC) = 6
[pid 185425] 14:15:41.851680 openat(AT_FDCWD, "/usr/share/fonts/truetype/lyx/eufm10.ttf", O_RDONLY|O_CLOEXEC) = 6
[pid 185425] 14:15:41.851819 openat(AT_FDCWD, "/usr/share/fonts/truetype/lyx/msam10.ttf", O_RDONLY|O_CLOEXEC) = 6
[pid 185425] 14:15:41.851966 openat(AT_FDCWD, "/usr/share/fonts/truetype/lyx/msbm10.ttf", O_RDONLY|O_CLOEXEC) = 6
[pid 185425] 14:15:41.852109 openat(AT_FDCWD, "/usr/share/fonts/truetype/lyx/rsfs10.ttf", O_RDONLY|O_CLOEXEC) = 6
[pid 185425] 14:15:41.852248 openat(AT_FDCWD, "/usr/share/fonts/truetype/lyx/stmary10.ttf", O_RDONLY|O_CLOEXEC) = 6
[pid 185425] 14:15:41.852389 openat(AT_FDCWD, "/usr/share/fonts/truetype/lyx/wasy10.ttf", O_RDONLY|O_CLOEXEC) = 6
[pid 185425] 14:15:41.852571 openat(AT_FDCWD, "/usr/share/fonts/truetype/open-sans", O_RDONLY|O_NONBLOCK|O_CLOEXEC|O_DIRECTORY) = 5
[pid 185425] 14:15:41.852674 openat(AT_FDCWD, "/usr/share/fonts/truetype/open-sans/OpenSans-Bold.ttf", O_RDONLY|O_CLOEXEC) = 6
[pid 185425] 14:15:41.852826 openat(AT_FDCWD, "/usr/share/fonts/truetype/open-sans/OpenSans-BoldItalic.ttf", O_RDONLY|O_CLOEXEC) = 6
[pid 185425] 14:15:41.852983 openat(AT_FDCWD, "/usr/share/fonts/truetype/open-sans/OpenSans-CondBold.ttf", O_RDONLY|O_CLOEXEC) = 6
[pid 185425] 14:15:41.853137 openat(AT_FDCWD, "/usr/share/fonts/truetype/open-sans/OpenSans-CondLight.ttf", O_RDONLY|O_CLOEXEC) = 6
[pid 185425] 14:15:41.853296 openat(AT_FDCWD, "/usr/share/fonts/truetype/open-sans/OpenSans-CondLightItalic.ttf", O_RDONLY|O_CLOEXEC) = 6
[pid 185425] 14:15:41.853465 openat(AT_FDCWD, "/usr/share/fonts/truetype/open-sans/OpenSans-ExtraBold.ttf", O_RDONLY|O_CLOEXEC) = 6
[pid 185425] 14:15:41.853661 openat(AT_FDCWD, "/usr/share/fonts/truetype/open-sans/OpenSans-ExtraBoldItalic.ttf", O_RDONLY|O_CLOEXEC) = 6
[pid 185425] 14:15:41.853852 openat(AT_FDCWD, "/usr/share/fonts/truetype/open-sans/OpenSans-Italic.ttf", O_RDONLY|O_CLOEXEC) = 6
[pid 185425] 14:15:41.854045 openat(AT_FDCWD, "/usr/share/fonts/truetype/open-sans/OpenSans-Light.ttf", O_RDONLY|O_CLOEXEC) = 6
[pid 185425] 14:15:41.854220 openat(AT_FDCWD, "/usr/share/fonts/truetype/open-sans/OpenSans-LightItalic.ttf", O_RDONLY|O_CLOEXEC) = 6
[pid 185425] 14:15:41.854380 openat(AT_FDCWD, "/usr/share/fonts/truetype/open-sans/OpenSans-Regular.ttf", O_RDONLY|O_CLOEXEC) = 6
[pid 185425] 14:15:41.854538 openat(AT_FDCWD, "/usr/share/fonts/truetype/open-sans/OpenSans-Semibold.ttf", O_RDONLY|O_CLOEXEC) = 6
[pid 185425] 14:15:41.854702 openat(AT_FDCWD, "/usr/share/fonts/truetype/open-sans/OpenSans-SemiboldItalic.ttf", O_RDONLY|O_CLOEXEC) = 6
[pid 185425] 14:15:41.854918 openat(AT_FDCWD, "/usr/share/fonts/truetype/lato", O_RDONLY|O_NONBLOCK|O_CLOEXEC|O_DIRECTORY) = 5
[pid 185425] 14:15:41.855044 openat(AT_FDCWD, "/usr/share/fonts/truetype/lato/Lato-Black.ttf", O_RDONLY|O_CLOEXEC) = 6
[pid 185425] 14:15:41.855208 openat(AT_FDCWD, "/usr/share/fonts/truetype/lato/Lato-BlackItalic.ttf", O_RDONLY|O_CLOEXEC) = 6
[pid 185425] 14:15:41.855360 openat(AT_FDCWD, "/usr/share/fonts/truetype/lato/Lato-Bold.ttf", O_RDONLY|O_CLOEXEC) = 6
[pid 185425] 14:15:41.855526 openat(AT_FDCWD, "/usr/share/fonts/truetype/lato/Lato-BoldItalic.ttf", O_RDONLY|O_CLOEXEC) = 6
[pid 185425] 14:15:41.855677 openat(AT_FDCWD, "/usr/share/fonts/truetype/lato/Lato-Hairline.ttf", O_RDONLY|O_CLOEXEC) = 6
[pid 185425] 14:15:41.855838 openat(AT_FDCWD, "/usr/share/fonts/truetype/lato/Lato-HairlineItalic.ttf", O_RDONLY|O_CLOEXEC) = 6
[pid 185425] 14:15:41.855996 openat(AT_FDCWD, "/usr/share/fonts/truetype/lato/Lato-Heavy.ttf", O_RDONLY|O_CLOEXEC) = 6
[pid 185425] 14:15:41.856149 openat(AT_FDCWD, "/usr/share/fonts/truetype/lato/Lato-HeavyItalic.ttf", O_RDONLY|O_CLOEXEC) = 6
[pid 185425] 14:15:41.856299 openat(AT_FDCWD, "/usr/share/fonts/truetype/lato/Lato-Italic.ttf", O_RDONLY|O_CLOEXEC) = 6
[pid 185425] 14:15:41.856449 openat(AT_FDCWD, "/usr/share/fonts/truetype/lato/Lato-Light.ttf", O_RDONLY|O_CLOEXEC) = 6
[pid 185425] 14:15:41.856616 openat(AT_FDCWD, "/usr/share/fonts/truetype/lato/Lato-LightItalic.ttf", O_RDONLY|O_CLOEXEC) = 6
[pid 185425] 14:15:41.856771 openat(AT_FDCWD, "/usr/share/fonts/truetype/lato/Lato-Medium.ttf", O_RDONLY|O_CLOEXEC) = 6
[pid 185425] 14:15:41.856939 openat(AT_FDCWD, "/usr/share/fonts/truetype/lato/Lato-MediumItalic.ttf", O_RDONLY|O_CLOEXEC) = 6
[pid 185425] 14:15:41.857097 openat(AT_FDCWD, "/usr/share/fonts/truetype/lato/Lato-Regular.ttf", O_RDONLY|O_CLOEXEC) = 6
[pid 185425] 14:15:41.857246 openat(AT_FDCWD, "/usr/share/fonts/truetype/lato/Lato-Semibold.ttf", O_RDONLY|O_CLOEXEC) = 6
[pid 185425] 14:15:41.857419 openat(AT_FDCWD, "/usr/share/fonts/truetype/lato/Lato-SemiboldItalic.ttf", O_RDONLY|O_CLOEXEC) = 6
[pid 185425] 14:15:41.857580 openat(AT_FDCWD, "/usr/share/fonts/truetype/lato/Lato-Thin.ttf", O_RDONLY|O_CLOEXEC) = 6
[pid 185425] 14:15:41.857731 openat(AT_FDCWD, "/usr/share/fonts/truetype/lato/Lato-ThinItalic.ttf", O_RDONLY|O_CLOEXEC) = 6
[pid 185425] 14:15:41.857936 openat(AT_FDCWD, "/usr/share/fonts/truetype/adf", O_RDONLY|O_NONBLOCK|O_CLOEXEC|O_DIRECTORY) = 5
[pid 185425] 14:15:41.858039 openat(AT_FDCWD, "/usr/share/fonts/truetype/adf/OldaniaADFStd-Bold.otf", O_RDONLY|O_CLOEXEC) = 6
[pid 185425] 14:15:41.858197 openat(AT_FDCWD, "/usr/share/fonts/truetype/adf/OldaniaADFStd-BoldItalic.otf", O_RDONLY|O_CLOEXEC) = 6
[pid 185425] 14:15:41.858350 openat(AT_FDCWD, "/usr/share/fonts/truetype/adf/OldaniaADFStd-Italic.otf", O_RDONLY|O_CLOEXEC) = 6
[pid 185425] 14:15:41.858508 openat(AT_FDCWD, "/usr/share/fonts/truetype/adf/OldaniaADFStd-Regular.otf", O_RDONLY|O_CLOEXEC) = 6
[pid 185425] 14:15:41.858700 openat(AT_FDCWD, "/usr/share/fonts/truetype/font-awesome", O_RDONLY|O_NONBLOCK|O_CLOEXEC|O_DIRECTORY) = 5
[pid 185425] 14:15:41.858813 openat(AT_FDCWD, "/usr/share/fonts/truetype/font-awesome/fontawesome-webfont.ttf", O_RDONLY|O_CLOEXEC) = 6
[pid 185425] 14:15:41.859011 openat(AT_FDCWD, "/usr/share/fonts/truetype/glyphicons", O_RDONLY|O_NONBLOCK|O_CLOEXEC|O_DIRECTORY) = 5
[pid 185425] 14:15:41.859110 openat(AT_FDCWD, "/usr/share/fonts/truetype/glyphicons/glyphicons-halflings-regular.ttf", O_RDONLY|O_CLOEXEC) = 6
[pid 185425] 14:15:41.859307 openat(AT_FDCWD, "/usr/share/fonts/truetype/gfonts", O_RDONLY|O_NONBLOCK|O_CLOEXEC|O_DIRECTORY) = 5
[pid 185425] 14:15:41.859408 openat(AT_FDCWD, "/usr/share/fonts/truetype/gfonts/alegreya", O_RDONLY|O_NONBLOCK|O_CLOEXEC|O_DIRECTORY) = 6
[pid 185425] 14:15:41.859510 openat(AT_FDCWD, "/usr/share/fonts/truetype/gfonts/alegreya/alegreya-v13-latin-700.ttf", O_RDONLY|O_CLOEXEC) = 7
[pid 185425] 14:15:41.859659 openat(AT_FDCWD, "/usr/share/fonts/truetype/gfonts/alegreya/alegreya-v13-latin-italic.ttf", O_RDONLY|O_CLOEXEC) = 7
[pid 185425] 14:15:41.859806 openat(AT_FDCWD, "/usr/share/fonts/truetype/gfonts/alegreya/alegreya-v13-latin-regular.ttf", O_RDONLY|O_CLOEXEC) = 7
[pid 185425] 14:15:41.860002 openat(AT_FDCWD, "/usr/share/fonts/truetype/gfonts/baloo", O_RDONLY|O_NONBLOCK|O_CLOEXEC|O_DIRECTORY) = 6
[pid 185425] 14:15:41.860101 openat(AT_FDCWD, "/usr/share/fonts/truetype/gfonts/baloo/baloo-2-v1-latin-regular.ttf", O_RDONLY|O_CLOEXEC) = 7
[pid 185425] 14:15:41.860290 openat(AT_FDCWD, "/usr/share/fonts/truetype/gfonts/happy-monkey", O_RDONLY|O_NONBLOCK|O_CLOEXEC|O_DIRECTORY) = 6
[pid 185425] 14:15:41.860387 openat(AT_FDCWD, "/usr/share/fonts/truetype/gfonts/happy-monkey/happy-monkey-v8-latin-regular.ttf", O_RDONLY|O_CLOEXEC) = 7
[pid 185425] 14:15:41.860575 openat(AT_FDCWD, "/usr/share/fonts/truetype/gfonts/henny-penny", O_RDONLY|O_NONBLOCK|O_CLOEXEC|O_DIRECTORY) = 6
[pid 185425] 14:15:41.860673 openat(AT_FDCWD, "/usr/share/fonts/truetype/gfonts/henny-penny/henny-penny-v7-latin-regular.ttf", O_RDONLY|O_CLOEXEC) = 7
[pid 185425] 14:15:41.860862 openat(AT_FDCWD, "/usr/share/fonts/truetype/gfonts/lato", O_RDONLY|O_NONBLOCK|O_CLOEXEC|O_DIRECTORY) = 6
[pid 185425] 14:15:41.860970 openat(AT_FDCWD, "/usr/share/fonts/truetype/gfonts/lato/lato-v16-latin-300italic.ttf", O_RDONLY|O_CLOEXEC) = 7
[pid 185425] 14:15:41.861118 openat(AT_FDCWD, "/usr/share/fonts/truetype/gfonts/lato/lato-v16-latin-700.ttf", O_RDONLY|O_CLOEXEC) = 7
[pid 185425] 14:15:41.861284 openat(AT_FDCWD, "/usr/share/fonts/truetype/gfonts/lato/lato-v16-latin-regular.ttf", O_RDONLY|O_CLOEXEC) = 7
[pid 185425] 14:15:41.861470 openat(AT_FDCWD, "/usr/share/fonts/truetype/gfonts/montserrat", O_RDONLY|O_NONBLOCK|O_CLOEXEC|O_DIRECTORY) = 6
[pid 185425] 14:15:41.861581 openat(AT_FDCWD, "/usr/share/fonts/truetype/gfonts/montserrat/montserrat-v14-latin-300italic.ttf", O_RDONLY|O_CLOEXEC) = 7
[pid 185425] 14:15:41.861727 openat(AT_FDCWD, "/usr/share/fonts/truetype/gfonts/montserrat/montserrat-v14-latin-700.ttf", O_RDONLY|O_CLOEXEC) = 7
[pid 185425] 14:15:41.861872 openat(AT_FDCWD, "/usr/share/fonts/truetype/gfonts/montserrat/montserrat-v14-latin-regular.ttf", O_RDONLY|O_CLOEXEC) = 7
[pid 185425] 14:15:41.862124 openat(AT_FDCWD, "/usr/share/fonts/truetype/gfonts/nunito-sans", O_RDONLY|O_NONBLOCK|O_CLOEXEC|O_DIRECTORY) = 6
[pid 185425] 14:15:41.862247 openat(AT_FDCWD, "/usr/share/fonts/truetype/gfonts/nunito-sans/nunito-sans-v5-latin-700.ttf", O_RDONLY|O_CLOEXEC) = 7
[pid 185425] 14:15:41.862419 openat(AT_FDCWD, "/usr/share/fonts/truetype/gfonts/nunito-sans/nunito-sans-v5-latin-italic.ttf", O_RDONLY|O_CLOEXEC) = 7
[pid 185425] 14:15:41.862581 openat(AT_FDCWD, "/usr/share/fonts/truetype/gfonts/nunito-sans/nunito-sans-v5-latin-regular.ttf", O_RDONLY|O_CLOEXEC) = 7
[pid 185425] 14:15:41.862771 openat(AT_FDCWD, "/usr/share/fonts/truetype/gfonts/oswald", O_RDONLY|O_NONBLOCK|O_CLOEXEC|O_DIRECTORY) = 6
[pid 185425] 14:15:41.862928 openat(AT_FDCWD, "/usr/share/fonts/truetype/gfonts/poppins", O_RDONLY|O_NONBLOCK|O_CLOEXEC|O_DIRECTORY) = 6
[pid 185425] 14:15:41.863080 openat(AT_FDCWD, "/usr/share/fonts/truetype/gfonts/roboto", O_RDONLY|O_NONBLOCK|O_CLOEXEC|O_DIRECTORY) = 6
[pid 185425] 14:15:41.863183 openat(AT_FDCWD, "/usr/share/fonts/truetype/gfonts/roboto/roboto-v20-latin-300italic.ttf", O_RDONLY|O_CLOEXEC) = 7
[pid 185425] 14:15:41.863332 openat(AT_FDCWD, "/usr/share/fonts/truetype/gfonts/roboto/roboto-v20-latin-700.ttf", O_RDONLY|O_CLOEXEC) = 7
[pid 185425] 14:15:41.863477 openat(AT_FDCWD, "/usr/share/fonts/truetype/gfonts/roboto/roboto-v20-latin-regular.ttf", O_RDONLY|O_CLOEXEC) = 7
[pid 185425] 14:15:41.863724 openat(AT_FDCWD, "/usr/share/fonts/truetype/ttf-bitstream-vera", O_RDONLY|O_NONBLOCK|O_CLOEXEC|O_DIRECTORY) = 5
[pid 185425] 14:15:41.863837 openat(AT_FDCWD, "/usr/share/fonts/truetype/ttf-bitstream-vera/Vera.ttf", O_RDONLY|O_CLOEXEC) = 6
[pid 185425] 14:15:41.864002 openat(AT_FDCWD, "/usr/share/fonts/truetype/ttf-bitstream-vera/VeraBI.ttf", O_RDONLY|O_CLOEXEC) = 6
[pid 185425] 14:15:41.864153 openat(AT_FDCWD, "/usr/share/fonts/truetype/ttf-bitstream-vera/VeraBd.ttf", O_RDONLY|O_CLOEXEC) = 6
[pid 185425] 14:15:41.864308 openat(AT_FDCWD, "/usr/share/fonts/truetype/ttf-bitstream-vera/VeraIt.ttf", O_RDONLY|O_CLOEXEC) = 6
[pid 185425] 14:15:41.864458 openat(AT_FDCWD, "/usr/share/fonts/truetype/ttf-bitstream-vera/VeraMoBI.ttf", O_RDONLY|O_CLOEXEC) = 6
[pid 185425] 14:15:41.864606 openat(AT_FDCWD, "/usr/share/fonts/truetype/ttf-bitstream-vera/VeraMoBd.ttf", O_RDONLY|O_CLOEXEC) = 6
[pid 185425] 14:15:41.864750 openat(AT_FDCWD, "/usr/share/fonts/truetype/ttf-bitstream-vera/VeraMoIt.ttf", O_RDONLY|O_CLOEXEC) = 6
[pid 185425] 14:15:41.864895 openat(AT_FDCWD, "/usr/share/fonts/truetype/ttf-bitstream-vera/VeraMono.ttf", O_RDONLY|O_CLOEXEC) = 6
[pid 185425] 14:15:41.865048 openat(AT_FDCWD, "/usr/share/fonts/truetype/ttf-bitstream-vera/VeraSe.ttf", O_RDONLY|O_CLOEXEC) = 6
[pid 185425] 14:15:41.865192 openat(AT_FDCWD, "/usr/share/fonts/truetype/ttf-bitstream-vera/VeraSeBd.ttf", O_RDONLY|O_CLOEXEC) = 6
[pid 185425] 14:15:41.865437 openat(AT_FDCWD, "/usr/share/fonts/type1", O_RDONLY|O_NONBLOCK|O_CLOEXEC|O_DIRECTORY) = 4
[pid 185425] 14:15:41.865535 openat(AT_FDCWD, "/usr/share/fonts/type1/urw-base35", O_RDONLY|O_NONBLOCK|O_CLOEXEC|O_DIRECTORY) = 5
[pid 185425] 14:15:41.865715 openat(AT_FDCWD, "/usr/share/fonts/type1/texlive-fonts-recommended", O_RDONLY|O_NONBLOCK|O_CLOEXEC|O_DIRECTORY) = 5
[pid 185425] 14:15:41.872558 openat(AT_FDCWD, "/usr/local/share/fonts", O_RDONLY|O_NONBLOCK|O_CLOEXEC|O_DIRECTORY) = 3
[pid 185425] 14:15:41.872718 openat(AT_FDCWD, "/home/dikluwe/.local/share/fonts", O_RDONLY|O_NONBLOCK|O_CLOEXEC|O_DIRECTORY) = 3
[pid 185425] 14:15:41.872858 openat(AT_FDCWD, "/home/dikluwe/.local/share/fonts/AdwaitaMono", O_RDONLY|O_NONBLOCK|O_CLOEXEC|O_DIRECTORY) = 4
[pid 185425] 14:15:41.872991 openat(AT_FDCWD, "/home/dikluwe/.local/share/fonts/AdwaitaMono/AdwaitaMonoNerdFont-BoldItalic.ttf", O_RDONLY|O_CLOEXEC) = 5
[pid 185425] 14:15:41.873161 openat(AT_FDCWD, "/home/dikluwe/.local/share/fonts/AdwaitaMono/AdwaitaMonoNerdFontMono-Regular.ttf", O_RDONLY|O_CLOEXEC) = 5
[pid 185425] 14:15:41.873322 openat(AT_FDCWD, "/home/dikluwe/.local/share/fonts/AdwaitaMono/AdwaitaMonoNerdFont-Regular.ttf", O_RDONLY|O_CLOEXEC) = 5
[pid 185425] 14:15:41.873481 openat(AT_FDCWD, "/home/dikluwe/.local/share/fonts/AdwaitaMono/AdwaitaMonoNerdFontPropo-Regular.ttf", O_RDONLY|O_CLOEXEC) = 5
[pid 185425] 14:15:41.873638 openat(AT_FDCWD, "/home/dikluwe/.local/share/fonts/AdwaitaMono/AdwaitaMonoNerdFontMono-BoldItalic.ttf", O_RDONLY|O_CLOEXEC) = 5
[pid 185425] 14:15:41.873796 openat(AT_FDCWD, "/home/dikluwe/.local/share/fonts/AdwaitaMono/AdwaitaMonoNerdFont-Bold.ttf", O_RDONLY|O_CLOEXEC) = 5
[pid 185425] 14:15:41.873963 openat(AT_FDCWD, "/home/dikluwe/.local/share/fonts/AdwaitaMono/AdwaitaMonoNerdFontPropo-Italic.ttf", O_RDONLY|O_CLOEXEC) = 5
[pid 185425] 14:15:41.874125 openat(AT_FDCWD, "/home/dikluwe/.local/share/fonts/AdwaitaMono/AdwaitaMonoNerdFontPropo-Bold.ttf", O_RDONLY|O_CLOEXEC) = 5
[pid 185425] 14:15:41.874282 openat(AT_FDCWD, "/home/dikluwe/.local/share/fonts/AdwaitaMono/AdwaitaMonoNerdFontPropo-BoldItalic.ttf", O_RDONLY|O_CLOEXEC) = 5
[pid 185425] 14:15:41.874442 openat(AT_FDCWD, "/home/dikluwe/.local/share/fonts/AdwaitaMono/AdwaitaMonoNerdFont-Italic.ttf", O_RDONLY|O_CLOEXEC) = 5
[pid 185425] 14:15:41.874600 openat(AT_FDCWD, "/home/dikluwe/.local/share/fonts/AdwaitaMono/AdwaitaMonoNerdFontMono-Italic.ttf", O_RDONLY|O_CLOEXEC) = 5
[pid 185425] 14:15:41.874758 openat(AT_FDCWD, "/home/dikluwe/.local/share/fonts/AdwaitaMono/AdwaitaMonoNerdFontMono-Bold.ttf", O_RDONLY|O_CLOEXEC) = 5
[pid 185425] 14:15:41.874965 openat(AT_FDCWD, "/home/dikluwe/.local/share/fonts/Agave", O_RDONLY|O_NONBLOCK|O_CLOEXEC|O_DIRECTORY) = 4
[pid 185425] 14:15:41.875083 openat(AT_FDCWD, "/home/dikluwe/.local/share/fonts/Agave/AgaveNerdFont-Bold.ttf", O_RDONLY|O_CLOEXEC) = 5
[pid 185425] 14:15:41.875300 openat(AT_FDCWD, "/home/dikluwe/.local/share/fonts/Agave/AgaveNerdFontMono-Regular.ttf", O_RDONLY|O_CLOEXEC) = 5
[pid 185425] 14:15:41.875459 openat(AT_FDCWD, "/home/dikluwe/.local/share/fonts/Agave/AgaveNerdFontMono-Bold.ttf", O_RDONLY|O_CLOEXEC) = 5
[pid 185425] 14:15:41.875624 openat(AT_FDCWD, "/home/dikluwe/.local/share/fonts/Agave/AgaveNerdFontPropo-Bold.ttf", O_RDONLY|O_CLOEXEC) = 5
[pid 185425] 14:15:41.875784 openat(AT_FDCWD, "/home/dikluwe/.local/share/fonts/Agave/AgaveNerdFont-Regular.ttf", O_RDONLY|O_CLOEXEC) = 5
[pid 185425] 14:15:41.875949 openat(AT_FDCWD, "/home/dikluwe/.local/share/fonts/Agave/AgaveNerdFontPropo-Regular.ttf", O_RDONLY|O_CLOEXEC) = 5
[pid 185425] 14:15:41.876152 openat(AT_FDCWD, "/home/dikluwe/.local/share/fonts/Arimo", O_RDONLY|O_NONBLOCK|O_CLOEXEC|O_DIRECTORY) = 4
[pid 185425] 14:15:41.876271 openat(AT_FDCWD, "/home/dikluwe/.local/share/fonts/Arimo/ArimoNerdFont-Italic.ttf", O_RDONLY|O_CLOEXEC) = 5
[pid 185425] 14:15:41.876428 openat(AT_FDCWD, "/home/dikluwe/.local/share/fonts/Arimo/ArimoNerdFontPropo-Italic.ttf", O_RDONLY|O_CLOEXEC) = 5
[pid 185425] 14:15:41.876586 openat(AT_FDCWD, "/home/dikluwe/.local/share/fonts/Arimo/ArimoNerdFont-BoldItalic.ttf", O_RDONLY|O_CLOEXEC) = 5
[pid 185425] 14:15:41.876742 openat(AT_FDCWD, "/home/dikluwe/.local/share/fonts/Arimo/ArimoNerdFontPropo-BoldItalic.ttf", O_RDONLY|O_CLOEXEC) = 5
[pid 185425] 14:15:41.876899 openat(AT_FDCWD, "/home/dikluwe/.local/share/fonts/Arimo/ArimoNerdFontPropo-Regular.ttf", O_RDONLY|O_CLOEXEC) = 5
[pid 185425] 14:15:41.877069 openat(AT_FDCWD, "/home/dikluwe/.local/share/fonts/Arimo/ArimoNerdFont-Regular.ttf", O_RDONLY|O_CLOEXEC) = 5
[pid 185425] 14:15:41.877245 openat(AT_FDCWD, "/home/dikluwe/.local/share/fonts/Arimo/ArimoNerdFontPropo-Bold.ttf", O_RDONLY|O_CLOEXEC) = 5
[pid 185425] 14:15:41.877404 openat(AT_FDCWD, "/home/dikluwe/.local/share/fonts/Arimo/ArimoNerdFont-Bold.ttf", O_RDONLY|O_CLOEXEC) = 5
[pid 185425] 14:15:41.877605 openat(AT_FDCWD, "/home/dikluwe/.local/share/fonts/CodeNewRoman", O_RDONLY|O_NONBLOCK|O_CLOEXEC|O_DIRECTORY) = 4
[pid 185425] 14:15:41.877724 openat(AT_FDCWD, "/home/dikluwe/.local/share/fonts/CodeNewRoman/CodeNewRomanNerdFont-Italic.otf", O_RDONLY|O_CLOEXEC) = 5
[pid 185425] 14:15:41.877877 openat(AT_FDCWD, "/home/dikluwe/.local/share/fonts/CodeNewRoman/CodeNewRomanNerdFontPropo-Italic.otf", O_RDONLY|O_CLOEXEC) = 5
[pid 185425] 14:15:41.878037 openat(AT_FDCWD, "/home/dikluwe/.local/share/fonts/CodeNewRoman/CodeNewRomanNerdFontMono-Italic.otf", O_RDONLY|O_CLOEXEC) = 5
[pid 185425] 14:15:41.878189 openat(AT_FDCWD, "/home/dikluwe/.local/share/fonts/CodeNewRoman/CodeNewRomanNerdFontPropo-Regular.otf", O_RDONLY|O_CLOEXEC) = 5
[pid 185425] 14:15:41.878340 openat(AT_FDCWD, "/home/dikluwe/.local/share/fonts/CodeNewRoman/CodeNewRomanNerdFontMono-Regular.otf", O_RDONLY|O_CLOEXEC) = 5
[pid 185425] 14:15:41.878490 openat(AT_FDCWD, "/home/dikluwe/.local/share/fonts/CodeNewRoman/CodeNewRomanNerdFont-Regular.otf", O_RDONLY|O_CLOEXEC) = 5
[pid 185425] 14:15:41.878640 openat(AT_FDCWD, "/home/dikluwe/.local/share/fonts/CodeNewRoman/CodeNewRomanNerdFont-Bold.otf", O_RDONLY|O_CLOEXEC) = 5
[pid 185425] 14:15:41.878790 openat(AT_FDCWD, "/home/dikluwe/.local/share/fonts/CodeNewRoman/CodeNewRomanNerdFontPropo-Bold.otf", O_RDONLY|O_CLOEXEC) = 5
[pid 185425] 14:15:41.878986 openat(AT_FDCWD, "/home/dikluwe/.local/share/fonts/CodeNewRoman/CodeNewRomanNerdFontMono-Bold.otf", O_RDONLY|O_CLOEXEC) = 5
[pid 185425] 14:15:41.879225 openat(AT_FDCWD, "/home/dikluwe/.local/share/fonts/CommitMono", O_RDONLY|O_NONBLOCK|O_CLOEXEC|O_DIRECTORY) = 4
[pid 185425] 14:15:41.879370 openat(AT_FDCWD, "/home/dikluwe/.local/share/fonts/CommitMono/CommitMonoNerdFontMono-BoldItalic.otf", O_RDONLY|O_CLOEXEC) = 5
[pid 185425] 14:15:41.879549 openat(AT_FDCWD, "/home/dikluwe/.local/share/fonts/CommitMono/CommitMonoNerdFontPropo-Regular.otf", O_RDONLY|O_CLOEXEC) = 5
[pid 185425] 14:15:41.879727 openat(AT_FDCWD, "/home/dikluwe/.local/share/fonts/CommitMono/CommitMonoNerdFont-Regular.otf", O_RDONLY|O_CLOEXEC) = 5
[pid 185425] 14:15:41.879897 openat(AT_FDCWD, "/home/dikluwe/.local/share/fonts/CommitMono/CommitMonoNerdFontMono-Regular.otf", O_RDONLY|O_CLOEXEC) = 5
[pid 185425] 14:15:41.880093 openat(AT_FDCWD, "/home/dikluwe/.local/share/fonts/CommitMono/CommitMonoNerdFont-Italic.otf", O_RDONLY|O_CLOEXEC) = 5
[pid 185425] 14:15:41.880262 openat(AT_FDCWD, "/home/dikluwe/.local/share/fonts/CommitMono/CommitMonoNerdFontMono-Bold.otf", O_RDONLY|O_CLOEXEC) = 5
[pid 185425] 14:15:41.880414 openat(AT_FDCWD, "/home/dikluwe/.local/share/fonts/CommitMono/CommitMonoNerdFontPropo-Italic.otf", O_RDONLY|O_CLOEXEC) = 5
[pid 185425] 14:15:41.880566 openat(AT_FDCWD, "/home/dikluwe/.local/share/fonts/CommitMono/CommitMonoNerdFont-Bold.otf", O_RDONLY|O_CLOEXEC) = 5
[pid 185425] 14:15:41.880717 openat(AT_FDCWD, "/home/dikluwe/.local/share/fonts/CommitMono/CommitMonoNerdFontPropo-Bold.otf", O_RDONLY|O_CLOEXEC) = 5
[pid 185425] 14:15:41.880868 openat(AT_FDCWD, "/home/dikluwe/.local/share/fonts/CommitMono/CommitMonoNerdFont-BoldItalic.otf", O_RDONLY|O_CLOEXEC) = 5
[pid 185425] 14:15:41.881027 openat(AT_FDCWD, "/home/dikluwe/.local/share/fonts/CommitMono/CommitMonoNerdFontPropo-BoldItalic.otf", O_RDONLY|O_CLOEXEC) = 5
[pid 185425] 14:15:41.881181 openat(AT_FDCWD, "/home/dikluwe/.local/share/fonts/CommitMono/CommitMonoNerdFontMono-Italic.otf", O_RDONLY|O_CLOEXEC) = 5
[pid 185425] 14:15:41.881376 openat(AT_FDCWD, "/home/dikluwe/.local/share/fonts/FiraCode", O_RDONLY|O_NONBLOCK|O_CLOEXEC|O_DIRECTORY) = 4
[pid 185425] 14:15:41.881508 openat(AT_FDCWD, "/home/dikluwe/.local/share/fonts/FiraCode/FiraCodeNerdFontMono-SemiBold.ttf", O_RDONLY|O_CLOEXEC) = 5
[pid 185425] 14:15:41.881687 openat(AT_FDCWD, "/home/dikluwe/.local/share/fonts/FiraCode/FiraCodeNerdFont-SemiBold.ttf", O_RDONLY|O_CLOEXEC) = 5
[pid 185425] 14:15:41.881846 openat(AT_FDCWD, "/home/dikluwe/.local/share/fonts/FiraCode/FiraCodeNerdFontPropo-SemiBold.ttf", O_RDONLY|O_CLOEXEC) = 5
[pid 185425] 14:15:41.882018 openat(AT_FDCWD, "/home/dikluwe/.local/share/fonts/FiraCode/FiraCodeNerdFontPropo-Regular.ttf", O_RDONLY|O_CLOEXEC) = 5
[pid 185425] 14:15:41.882176 openat(AT_FDCWD, "/home/dikluwe/.local/share/fonts/FiraCode/FiraCodeNerdFont-Regular.ttf", O_RDONLY|O_CLOEXEC) = 5
[pid 185425] 14:15:41.882339 openat(AT_FDCWD, "/home/dikluwe/.local/share/fonts/FiraCode/FiraCodeNerdFontMono-Regular.ttf", O_RDONLY|O_CLOEXEC) = 5
[pid 185425] 14:15:41.882493 openat(AT_FDCWD, "/home/dikluwe/.local/share/fonts/FiraCode/FiraCodeNerdFontPropo-Retina.ttf", O_RDONLY|O_CLOEXEC) = 5
[pid 185425] 14:15:41.882648 openat(AT_FDCWD, "/home/dikluwe/.local/share/fonts/FiraCode/FiraCodeNerdFontMono-Retina.ttf", O_RDONLY|O_CLOEXEC) = 5
[pid 185425] 14:15:41.882804 openat(AT_FDCWD, "/home/dikluwe/.local/share/fonts/FiraCode/FiraCodeNerdFont-Retina.ttf", O_RDONLY|O_CLOEXEC) = 5
[pid 185425] 14:15:41.882981 openat(AT_FDCWD, "/home/dikluwe/.local/share/fonts/FiraCode/FiraCodeNerdFontMono-Medium.ttf", O_RDONLY|O_CLOEXEC) = 5
[pid 185425] 14:15:41.883140 openat(AT_FDCWD, "/home/dikluwe/.local/share/fonts/FiraCode/FiraCodeNerdFont-Medium.ttf", O_RDONLY|O_CLOEXEC) = 5
[pid 185425] 14:15:41.883294 openat(AT_FDCWD, "/home/dikluwe/.local/share/fonts/FiraCode/FiraCodeNerdFontPropo-Medium.ttf", O_RDONLY|O_CLOEXEC) = 5
[pid 185425] 14:15:41.883455 openat(AT_FDCWD, "/home/dikluwe/.local/share/fonts/FiraCode/FiraCodeNerdFont-Bold.ttf", O_RDONLY|O_CLOEXEC) = 5
[pid 185425] 14:15:41.883609 openat(AT_FDCWD, "/home/dikluwe/.local/share/fonts/FiraCode/FiraCodeNerdFontMono-Bold.ttf", O_RDONLY|O_CLOEXEC) = 5
[pid 185425] 14:15:41.883764 openat(AT_FDCWD, "/home/dikluwe/.local/share/fonts/FiraCode/FiraCodeNerdFontPropo-Bold.ttf", O_RDONLY|O_CLOEXEC) = 5
[pid 185425] 14:15:41.883927 openat(AT_FDCWD, "/home/dikluwe/.local/share/fonts/FiraCode/FiraCodeNerdFontMono-Light.ttf", O_RDONLY|O_CLOEXEC) = 5
[pid 185425] 14:15:41.884090 openat(AT_FDCWD, "/home/dikluwe/.local/share/fonts/FiraCode/FiraCodeNerdFont-Light.ttf", O_RDONLY|O_CLOEXEC) = 5
[pid 185425] 14:15:41.884244 openat(AT_FDCWD, "/home/dikluwe/.local/share/fonts/FiraCode/FiraCodeNerdFontPropo-Light.ttf", O_RDONLY|O_CLOEXEC) = 5
[pid 185425] 14:15:41.884448 openat(AT_FDCWD, "/home/dikluwe/.local/share/fonts/GeistMono", O_RDONLY|O_NONBLOCK|O_CLOEXEC|O_DIRECTORY) = 4
[pid 185425] 14:15:41.884591 openat(AT_FDCWD, "/home/dikluwe/.local/share/fonts/GeistMono/GeistMonoNerdFontPropo-UltraBlack.otf", O_RDONLY|O_CLOEXEC) = 5
[pid 185425] 14:15:41.884744 openat(AT_FDCWD, "/home/dikluwe/.local/share/fonts/GeistMono/GeistMonoNerdFont-Light.otf", O_RDONLY|O_CLOEXEC) = 5
[pid 185425] 14:15:41.884894 openat(AT_FDCWD, "/home/dikluwe/.local/share/fonts/GeistMono/GeistMonoNerdFontPropo-SemiBold.otf", O_RDONLY|O_CLOEXEC) = 5
[pid 185425] 14:15:41.885063 openat(AT_FDCWD, "/home/dikluwe/.local/share/fonts/GeistMono/GeistMonoNerdFontMono-Medium.otf", O_RDONLY|O_CLOEXEC) = 5
[pid 185425] 14:15:41.885229 openat(AT_FDCWD, "/home/dikluwe/.local/share/fonts/GeistMono/GeistMonoNerdFont-Regular.otf", O_RDONLY|O_CLOEXEC) = 5
[pid 185425] 14:15:41.885385 openat(AT_FDCWD, "/home/dikluwe/.local/share/fonts/GeistMono/GeistMonoNerdFontMono-Bold.otf", O_RDONLY|O_CLOEXEC) = 5
[pid 185425] 14:15:41.885535 openat(AT_FDCWD, "/home/dikluwe/.local/share/fonts/GeistMono/GeistMonoNerdFontPropo-Black.otf", O_RDONLY|O_CLOEXEC) = 5
[pid 185425] 14:15:41.885704 openat(AT_FDCWD, "/home/dikluwe/.local/share/fonts/GeistMono/GeistMonoNerdFontPropo-Light.otf", O_RDONLY|O_CLOEXEC) = 5
[pid 185425] 14:15:41.885858 openat(AT_FDCWD, "/home/dikluwe/.local/share/fonts/GeistMono/GeistMonoNerdFontMono-Regular.otf", O_RDONLY|O_CLOEXEC) = 5
[pid 185425] 14:15:41.886012 openat(AT_FDCWD, "/home/dikluwe/.local/share/fonts/GeistMono/GeistMonoNerdFont-SemiBold.otf", O_RDONLY|O_CLOEXEC) = 5
[pid 185425] 14:15:41.886178 openat(AT_FDCWD, "/home/dikluwe/.local/share/fonts/GeistMono/GeistMonoNerdFont-UltraBlack.otf", O_RDONLY|O_CLOEXEC) = 5
[pid 185425] 14:15:41.886382 openat(AT_FDCWD, "/home/dikluwe/.local/share/fonts/GeistMono/GeistMonoNerdFontMono-UltraBlack.otf", O_RDONLY|O_CLOEXEC) = 5
[pid 185425] 14:15:41.886578 openat(AT_FDCWD, "/home/dikluwe/.local/share/fonts/GeistMono/GeistMonoNerdFont-Black.otf", O_RDONLY|O_CLOEXEC) = 5
[pid 185425] 14:15:41.886754 openat(AT_FDCWD, "/home/dikluwe/.local/share/fonts/GeistMono/GeistMonoNerdFont-UltraLight.otf", O_RDONLY|O_CLOEXEC) = 5
[pid 185425] 14:15:41.886941 openat(AT_FDCWD, "/home/dikluwe/.local/share/fonts/GeistMono/GeistMonoNerdFontPropo-UltraLight.otf", O_RDONLY|O_CLOEXEC) = 5
[pid 185425] 14:15:41.887147 openat(AT_FDCWD, "/home/dikluwe/.local/share/fonts/GeistMono/GeistMonoNerdFontPropo-Medium.otf", O_RDONLY|O_CLOEXEC) = 5
[pid 185425] 14:15:41.887340 openat(AT_FDCWD, "/home/dikluwe/.local/share/fonts/GeistMono/GeistMonoNerdFontMono-Thin.otf", O_RDONLY|O_CLOEXEC) = 5
[pid 185425] 14:15:41.887494 openat(AT_FDCWD, "/home/dikluwe/.local/share/fonts/GeistMono/GeistMonoNerdFont-Bold.otf", O_RDONLY|O_CLOEXEC) = 5
[pid 185425] 14:15:41.887645 openat(AT_FDCWD, "/home/dikluwe/.local/share/fonts/GeistMono/GeistMonoNerdFontMono-Light.otf", O_RDONLY|O_CLOEXEC) = 5
[pid 185425] 14:15:41.887797 openat(AT_FDCWD, "/home/dikluwe/.local/share/fonts/GeistMono/GeistMonoNerdFontMono-Black.otf", O_RDONLY|O_CLOEXEC) = 5
[pid 185425] 14:15:41.887955 openat(AT_FDCWD, "/home/dikluwe/.local/share/fonts/GeistMono/GeistMonoNerdFontMono-UltraLight.otf", O_RDONLY|O_CLOEXEC) = 5
[pid 185425] 14:15:41.888109 openat(AT_FDCWD, "/home/dikluwe/.local/share/fonts/GeistMono/GeistMonoNerdFontPropo-Regular.otf", O_RDONLY|O_CLOEXEC) = 5
[pid 185425] 14:15:41.888261 openat(AT_FDCWD, "/home/dikluwe/.local/share/fonts/GeistMono/GeistMonoNerdFont-Medium.otf", O_RDONLY|O_CLOEXEC) = 5
[pid 185425] 14:15:41.888411 openat(AT_FDCWD, "/home/dikluwe/.local/share/fonts/GeistMono/GeistMonoNerdFont-Thin.otf", O_RDONLY|O_CLOEXEC) = 5
[pid 185425] 14:15:41.888562 openat(AT_FDCWD, "/home/dikluwe/.local/share/fonts/GeistMono/GeistMonoNerdFontMono-SemiBold.otf", O_RDONLY|O_CLOEXEC) = 5
[pid 185425] 14:15:41.888713 openat(AT_FDCWD, "/home/dikluwe/.local/share/fonts/GeistMono/GeistMonoNerdFontPropo-Thin.otf", O_RDONLY|O_CLOEXEC) = 5
[pid 185425] 14:15:41.888862 openat(AT_FDCWD, "/home/dikluwe/.local/share/fonts/GeistMono/GeistMonoNerdFontPropo-Bold.otf", O_RDONLY|O_CLOEXEC) = 5
[pid 185425] 14:15:41.889064 openat(AT_FDCWD, "/home/dikluwe/.local/share/fonts/IosevkaTermSlab", O_RDONLY|O_NONBLOCK|O_CLOEXEC|O_DIRECTORY) = 4
[pid 185425] 14:15:41.889237 openat(AT_FDCWD, "/home/dikluwe/.local/share/fonts/IosevkaTermSlab/IosevkaTermSlabNerdFont-LightOblique.ttf", O_RDONLY|O_CLOEXEC) = 5
[pid 185425] 14:15:41.889397 openat(AT_FDCWD, "/home/dikluwe/.local/share/fonts/IosevkaTermSlab/IosevkaTermSlabNerdFontMono-Italic.ttf", O_RDONLY|O_CLOEXEC) = 5
[pid 185425] 14:15:41.889559 openat(AT_FDCWD, "/home/dikluwe/.local/share/fonts/IosevkaTermSlab/IosevkaTermSlabNerdFontPropo-ExtraBoldItalic.ttf", O_RDONLY|O_CLOEXEC) = 5
[pid 185425] 14:15:41.889722 openat(AT_FDCWD, "/home/dikluwe/.local/share/fonts/IosevkaTermSlab/IosevkaTermSlabNerdFontMono-Medium.ttf", O_RDONLY|O_CLOEXEC) = 5
[pid 185425] 14:15:41.889879 openat(AT_FDCWD, "/home/dikluwe/.local/share/fonts/IosevkaTermSlab/IosevkaTermSlabNerdFontMono-Regular.ttf", O_RDONLY|O_CLOEXEC) = 5
[pid 185425] 14:15:41.890043 openat(AT_FDCWD, "/home/dikluwe/.local/share/fonts/IosevkaTermSlab/IosevkaTermSlabNerdFont-Italic.ttf", O_RDONLY|O_CLOEXEC) = 5
[pid 185425] 14:15:41.890206 openat(AT_FDCWD, "/home/dikluwe/.local/share/fonts/IosevkaTermSlab/IosevkaTermSlabNerdFontMono-ExtraBold.ttf", O_RDONLY|O_CLOEXEC) = 5
[pid 185425] 14:15:41.890362 openat(AT_FDCWD, "/home/dikluwe/.local/share/fonts/IosevkaTermSlab/IosevkaTermSlabNerdFont-Medium.ttf", O_RDONLY|O_CLOEXEC) = 5
[pid 185425] 14:15:41.890518 openat(AT_FDCWD, "/home/dikluwe/.local/share/fonts/IosevkaTermSlab/IosevkaTermSlabNerdFont-BoldItalic.ttf", O_RDONLY|O_CLOEXEC) = 5
[pid 185425] 14:15:41.890698 openat(AT_FDCWD, "/home/dikluwe/.local/share/fonts/IosevkaTermSlab/IosevkaTermSlabNerdFontMono-Oblique.ttf", O_RDONLY|O_CLOEXEC) = 5
[pid 185425] 14:15:41.890856 openat(AT_FDCWD, "/home/dikluwe/.local/share/fonts/IosevkaTermSlab/IosevkaTermSlabNerdFont-Regular.ttf", O_RDONLY|O_CLOEXEC) = 5
[pid 185425] 14:15:41.891018 openat(AT_FDCWD, "/home/dikluwe/.local/share/fonts/IosevkaTermSlab/IosevkaTermSlabNerdFont-ExtraBoldOblique.ttf", O_RDONLY|O_CLOEXEC) = 5
[pid 185425] 14:15:41.891176 openat(AT_FDCWD, "/home/dikluwe/.local/share/fonts/IosevkaTermSlab/IosevkaTermSlabNerdFontPropo-BoldItalic.ttf", O_RDONLY|O_CLOEXEC) = 5
[pid 185425] 14:15:41.891338 openat(AT_FDCWD, "/home/dikluwe/.local/share/fonts/IosevkaTermSlab/IosevkaTermSlabNerdFont-MediumOblique.ttf", O_RDONLY|O_CLOEXEC) = 5
[pid 185425] 14:15:41.891496 openat(AT_FDCWD, "/home/dikluwe/.local/share/fonts/IosevkaTermSlab/IosevkaTermSlabNerdFontPropo-ExtraBoldOblique.ttf", O_RDONLY|O_CLOEXEC) = 5
[pid 185425] 14:15:41.891653 openat(AT_FDCWD, "/home/dikluwe/.local/share/fonts/IosevkaTermSlab/IosevkaTermSlabNerdFont-Light.ttf", O_RDONLY|O_CLOEXEC) = 5
[pid 185425] 14:15:41.891809 openat(AT_FDCWD, "/home/dikluwe/.local/share/fonts/IosevkaTermSlab/IosevkaTermSlabNerdFontMono-Light.ttf", O_RDONLY|O_CLOEXEC) = 5
[pid 185425] 14:15:41.891972 openat(AT_FDCWD, "/home/dikluwe/.local/share/fonts/IosevkaTermSlab/IosevkaTermSlabNerdFontPropo-LightOblique.ttf", O_RDONLY|O_CLOEXEC) = 5
[pid 185425] 14:15:41.892131 openat(AT_FDCWD, "/home/dikluwe/.local/share/fonts/IosevkaTermSlab/IosevkaTermSlabNerdFontPropo-MediumOblique.ttf", O_RDONLY|O_CLOEXEC) = 5
[pid 185425] 14:15:41.892288 openat(AT_FDCWD, "/home/dikluwe/.local/share/fonts/IosevkaTermSlab/IosevkaTermSlabNerdFontPropo-MediumItalic.ttf", O_RDONLY|O_CLOEXEC) = 5
[pid 185425] 14:15:41.892471 openat(AT_FDCWD, "/home/dikluwe/.local/share/fonts/IosevkaTermSlab/IosevkaTermSlabNerdFontMono-LightItalic.ttf", O_RDONLY|O_CLOEXEC) = 5
[pid 185425] 14:15:41.892676 openat(AT_FDCWD, "/home/dikluwe/.local/share/fonts/IosevkaTermSlab/IosevkaTermSlabNerdFontMono-BoldOblique.ttf", O_RDONLY|O_CLOEXEC) = 5
[pid 185425] 14:15:41.892861 openat(AT_FDCWD, "/home/dikluwe/.local/share/fonts/IosevkaTermSlab/IosevkaTermSlabNerdFontMono-ExtraBoldOblique.ttf", O_RDONLY|O_CLOEXEC) = 5
[pid 185425] 14:15:41.893047 openat(AT_FDCWD, "/home/dikluwe/.local/share/fonts/IosevkaTermSlab/IosevkaTermSlabNerdFontPropo-LightItalic.ttf", O_RDONLY|O_CLOEXEC) = 5
[pid 185425] 14:15:41.893232 openat(AT_FDCWD, "/home/dikluwe/.local/share/fonts/IosevkaTermSlab/IosevkaTermSlabNerdFont-ExtraBold.ttf", O_RDONLY|O_CLOEXEC) = 5
[pid 185425] 14:15:41.893404 openat(AT_FDCWD, "/home/dikluwe/.local/share/fonts/IosevkaTermSlab/IosevkaTermSlabNerdFont-MediumItalic.ttf", O_RDONLY|O_CLOEXEC) = 5
[pid 185425] 14:15:41.893568 openat(AT_FDCWD, "/home/dikluwe/.local/share/fonts/IosevkaTermSlab/IosevkaTermSlabNerdFontPropo-Light.ttf", O_RDONLY|O_CLOEXEC) = 5
[pid 185425] 14:15:41.893727 openat(AT_FDCWD, "/home/dikluwe/.local/share/fonts/IosevkaTermSlab/IosevkaTermSlabNerdFontPropo-Italic.ttf", O_RDONLY|O_CLOEXEC) = 5
[pid 185425] 14:15:41.893891 openat(AT_FDCWD, "/home/dikluwe/.local/share/fonts/IosevkaTermSlab/IosevkaTermSlabNerdFontMono-MediumOblique.ttf", O_RDONLY|O_CLOEXEC) = 5
[pid 185425] 14:15:41.894056 openat(AT_FDCWD, "/home/dikluwe/.local/share/fonts/IosevkaTermSlab/IosevkaTermSlabNerdFontPropo-Medium.ttf", O_RDONLY|O_CLOEXEC) = 5
[pid 185425] 14:15:41.894215 openat(AT_FDCWD, "/home/dikluwe/.local/share/fonts/IosevkaTermSlab/IosevkaTermSlabNerdFontMono-MediumItalic.ttf", O_RDONLY|O_CLOEXEC) = 5
[pid 185425] 14:15:41.894377 openat(AT_FDCWD, "/home/dikluwe/.local/share/fonts/IosevkaTermSlab/IosevkaTermSlabNerdFontPropo-Regular.ttf", O_RDONLY|O_CLOEXEC) = 5
[pid 185425] 14:15:41.894536 openat(AT_FDCWD, "/home/dikluwe/.local/share/fonts/IosevkaTermSlab/IosevkaTermSlabNerdFontMono-Bold.ttf", O_RDONLY|O_CLOEXEC) = 5
[pid 185425] 14:15:41.894693 openat(AT_FDCWD, "/home/dikluwe/.local/share/fonts/IosevkaTermSlab/IosevkaTermSlabNerdFontMono-ExtraBoldItalic.ttf", O_RDONLY|O_CLOEXEC) = 5
[pid 185425] 14:15:41.894874 openat(AT_FDCWD, "/home/dikluwe/.local/share/fonts/IosevkaTermSlab/IosevkaTermSlabNerdFontMono-LightOblique.ttf", O_RDONLY|O_CLOEXEC) = 5
[pid 185425] 14:15:41.895040 openat(AT_FDCWD, "/home/dikluwe/.local/share/fonts/IosevkaTermSlab/IosevkaTermSlabNerdFontPropo-Oblique.ttf", O_RDONLY|O_CLOEXEC) = 5
[pid 185425] 14:15:41.895199 openat(AT_FDCWD, "/home/dikluwe/.local/share/fonts/IosevkaTermSlab/IosevkaTermSlabNerdFont-LightItalic.ttf", O_RDONLY|O_CLOEXEC) = 5
[pid 185425] 14:15:41.895360 openat(AT_FDCWD, "/home/dikluwe/.local/share/fonts/IosevkaTermSlab/IosevkaTermSlabNerdFont-BoldOblique.ttf", O_RDONLY|O_CLOEXEC) = 5
[pid 185425] 14:15:41.895516 openat(AT_FDCWD, "/home/dikluwe/.local/share/fonts/IosevkaTermSlab/IosevkaTermSlabNerdFontPropo-ExtraBold.ttf", O_RDONLY|O_CLOEXEC) = 5
[pid 185425] 14:15:41.895674 openat(AT_FDCWD, "/home/dikluwe/.local/share/fonts/IosevkaTermSlab/IosevkaTermSlabNerdFont-Bold.ttf", O_RDONLY|O_CLOEXEC) = 5
[pid 185425] 14:15:41.895829 openat(AT_FDCWD, "/home/dikluwe/.local/share/fonts/IosevkaTermSlab/IosevkaTermSlabNerdFontPropo-Bold.ttf", O_RDONLY|O_CLOEXEC) = 5
[pid 185425] 14:15:41.895991 openat(AT_FDCWD, "/home/dikluwe/.local/share/fonts/IosevkaTermSlab/IosevkaTermSlabNerdFontMono-BoldItalic.ttf", O_RDONLY|O_CLOEXEC) = 5
[pid 185425] 14:15:41.896153 openat(AT_FDCWD, "/home/dikluwe/.local/share/fonts/IosevkaTermSlab/IosevkaTermSlabNerdFont-ExtraBoldItalic.ttf", O_RDONLY|O_CLOEXEC) = 5
[pid 185425] 14:15:41.896315 openat(AT_FDCWD, "/home/dikluwe/.local/share/fonts/IosevkaTermSlab/IosevkaTermSlabNerdFontPropo-BoldOblique.ttf", O_RDONLY|O_CLOEXEC) = 5
[pid 185425] 14:15:41.896471 openat(AT_FDCWD, "/home/dikluwe/.local/share/fonts/IosevkaTermSlab/IosevkaTermSlabNerdFont-Oblique.ttf", O_RDONLY|O_CLOEXEC) = 5
[pid 185425] 14:15:41.896671 openat(AT_FDCWD, "/home/dikluwe/.local/share/fonts/IosevkaTerm", O_RDONLY|O_NONBLOCK|O_CLOEXEC|O_DIRECTORY) = 4
[pid 185425] 14:15:41.896895 openat(AT_FDCWD, "/home/dikluwe/.local/share/fonts/IosevkaTerm/IosevkaTermNerdFont-SemiBold.ttf", O_RDONLY|O_CLOEXEC) = 5
[pid 185425] 14:15:41.897129 openat(AT_FDCWD, "/home/dikluwe/.local/share/fonts/IosevkaTerm/IosevkaTermNerdFont-Oblique.ttf", O_RDONLY|O_CLOEXEC) = 5
[pid 185425] 14:15:41.897312 openat(AT_FDCWD, "/home/dikluwe/.local/share/fonts/IosevkaTerm/IosevkaTermNerdFont-Italic.ttf", O_RDONLY|O_CLOEXEC) = 5
[pid 185425] 14:15:41.897494 openat(AT_FDCWD, "/home/dikluwe/.local/share/fonts/IosevkaTerm/IosevkaTermNerdFontMono-MediumOblique.ttf", O_RDONLY|O_CLOEXEC) = 5
[pid 185425] 14:15:41.897668 openat(AT_FDCWD, "/home/dikluwe/.local/share/fonts/IosevkaTerm/IosevkaTermNerdFontPropo-ThinItalic.ttf", O_RDONLY|O_CLOEXEC) = 5
[pid 185425] 14:15:41.897860 openat(AT_FDCWD, "/home/dikluwe/.local/share/fonts/IosevkaTerm/IosevkaTermNerdFontPropo-BoldOblique.ttf", O_RDONLY|O_CLOEXEC) = 5
[pid 185425] 14:15:41.898049 openat(AT_FDCWD, "/home/dikluwe/.local/share/fonts/IosevkaTerm/IosevkaTermNerdFontMono-ExtraLightOblique.ttf", O_RDONLY|O_CLOEXEC) = 5
[pid 185425] 14:15:41.898237 openat(AT_FDCWD, "/home/dikluwe/.local/share/fonts/IosevkaTerm/IosevkaTermNerdFont-ThinItalic.ttf", O_RDONLY|O_CLOEXEC) = 5
[pid 185425] 14:15:41.898462 openat(AT_FDCWD, "/home/dikluwe/.local/share/fonts/IosevkaTerm/IosevkaTermNerdFontPropo-MediumOblique.ttf", O_RDONLY|O_CLOEXEC) = 5
[pid 185425] 14:15:41.898687 openat(AT_FDCWD, "/home/dikluwe/.local/share/fonts/IosevkaTerm/IosevkaTermNerdFontMono-LightOblique.ttf", O_RDONLY|O_CLOEXEC) = 5
[pid 185425] 14:15:41.898895 openat(AT_FDCWD, "/home/dikluwe/.local/share/fonts/IosevkaTerm/IosevkaTermNerdFont-SemiBoldOblique.ttf", O_RDONLY|O_CLOEXEC) = 5
[pid 185425] 14:15:41.899090 openat(AT_FDCWD, "/home/dikluwe/.local/share/fonts/IosevkaTerm/IosevkaTermNerdFontMono-ExtraLight.ttf", O_RDONLY|O_CLOEXEC) = 5
[pid 185425] 14:15:41.899278 openat(AT_FDCWD, "/home/dikluwe/.local/share/fonts/IosevkaTerm/IosevkaTermNerdFontPropo-Italic.ttf", O_RDONLY|O_CLOEXEC) = 5
[pid 185425] 14:15:41.899468 openat(AT_FDCWD, "/home/dikluwe/.local/share/fonts/IosevkaTerm/IosevkaTermNerdFontMono-ThinOblique.ttf", O_RDONLY|O_CLOEXEC) = 5
[pid 185425] 14:15:41.899693 openat(AT_FDCWD, "/home/dikluwe/.local/share/fonts/IosevkaTerm/IosevkaTermNerdFontPropo-Bold.ttf", O_RDONLY|O_CLOEXEC) = 5
[pid 185425] 14:15:41.899880 openat(AT_FDCWD, "/home/dikluwe/.local/share/fonts/IosevkaTerm/IosevkaTermNerdFontMono-MediumItalic.ttf", O_RDONLY|O_CLOEXEC) = 5
[pid 185425] 14:15:41.900078 openat(AT_FDCWD, "/home/dikluwe/.local/share/fonts/IosevkaTerm/IosevkaTermNerdFontMono-ExtraLightItalic.ttf", O_RDONLY|O_CLOEXEC) = 5
[pid 185425] 14:15:41.900249 openat(AT_FDCWD, "/home/dikluwe/.local/share/fonts/IosevkaTerm/IosevkaTermNerdFontMono-SemiBoldItalic.ttf", O_RDONLY|O_CLOEXEC) = 5
[pid 185425] 14:15:41.900410 openat(AT_FDCWD, "/home/dikluwe/.local/share/fonts/IosevkaTerm/IosevkaTermNerdFont-Heavy.ttf", O_RDONLY|O_CLOEXEC) = 5
[pid 185425] 14:15:41.900568 openat(AT_FDCWD, "/home/dikluwe/.local/share/fonts/IosevkaTerm/IosevkaTermNerdFontMono-SemiBoldOblique.ttf", O_RDONLY|O_CLOEXEC) = 5
[pid 185425] 14:15:41.900777 openat(AT_FDCWD, "/home/dikluwe/.local/share/fonts/IosevkaTerm/IosevkaTermNerdFontPropo-Thin.ttf", O_RDONLY|O_CLOEXEC) = 5
[pid 185425] 14:15:41.901029 openat(AT_FDCWD, "/home/dikluwe/.local/share/fonts/IosevkaTerm/IosevkaTermNerdFont-Light.ttf", O_RDONLY|O_CLOEXEC) = 5
[pid 185425] 14:15:41.901229 openat(AT_FDCWD, "/home/dikluwe/.local/share/fonts/IosevkaTerm/IosevkaTermNerdFontMono-ExtraBoldOblique.ttf", O_RDONLY|O_CLOEXEC) = 5
[pid 185425] 14:15:41.901521 openat(AT_FDCWD, "/home/dikluwe/.local/share/fonts/IosevkaTerm/IosevkaTermNerdFontMono-Oblique.ttf", O_RDONLY|O_CLOEXEC) = 5
[pid 185425] 14:15:41.901709 openat(AT_FDCWD, "/home/dikluwe/.local/share/fonts/IosevkaTerm/IosevkaTermNerdFontMono-BoldOblique.ttf", O_RDONLY|O_CLOEXEC) = 5
[pid 185425] 14:15:41.901889 openat(AT_FDCWD, "/home/dikluwe/.local/share/fonts/IosevkaTerm/IosevkaTermNerdFont-SemiBoldItalic.ttf", O_RDONLY|O_CLOEXEC) = 5
[pid 185425] 14:15:41.902073 openat(AT_FDCWD, "/home/dikluwe/.local/share/fonts/IosevkaTerm/IosevkaTermNerdFontMono-Light.ttf", O_RDONLY|O_CLOEXEC) = 5
[pid 185425] 14:15:41.902239 openat(AT_FDCWD, "/home/dikluwe/.local/share/fonts/IosevkaTerm/IosevkaTermNerdFont-ExtraBoldOblique.ttf", O_RDONLY|O_CLOEXEC) = 5
[pid 185425] 14:15:41.902397 openat(AT_FDCWD, "/home/dikluwe/.local/share/fonts/IosevkaTerm/IosevkaTermNerdFontPropo-ExtraBoldItalic.ttf", O_RDONLY|O_CLOEXEC) = 5
[pid 185425] 14:15:41.902561 openat(AT_FDCWD, "/home/dikluwe/.local/share/fonts/IosevkaTerm/IosevkaTermNerdFont-BoldItalic.ttf", O_RDONLY|O_CLOEXEC) = 5
[pid 185425] 14:15:41.902723 openat(AT_FDCWD, "/home/dikluwe/.local/share/fonts/IosevkaTerm/IosevkaTermNerdFontPropo-ThinOblique.ttf", O_RDONLY|O_CLOEXEC) = 5
[pid 185425] 14:15:41.902880 openat(AT_FDCWD, "/home/dikluwe/.local/share/fonts/IosevkaTerm/IosevkaTermNerdFontPropo-ExtraBoldOblique.ttf", O_RDONLY|O_CLOEXEC) = 5
[pid 185425] 14:15:41.903048 openat(AT_FDCWD, "/home/dikluwe/.local/share/fonts/IosevkaTerm/IosevkaTermNerdFontPropo-Regular.ttf", O_RDONLY|O_CLOEXEC) = 5
[pid 185425] 14:15:41.903208 openat(AT_FDCWD, "/home/dikluwe/.local/share/fonts/IosevkaTerm/IosevkaTermNerdFont-HeavyOblique.ttf", O_RDONLY|O_CLOEXEC) = 5
[pid 185425] 14:15:41.903366 openat(AT_FDCWD, "/home/dikluwe/.local/share/fonts/IosevkaTerm/IosevkaTermNerdFont-ExtraBoldItalic.ttf", O_RDONLY|O_CLOEXEC) = 5
[pid 185425] 14:15:41.903530 openat(AT_FDCWD, "/home/dikluwe/.local/share/fonts/IosevkaTerm/IosevkaTermNerdFontPropo-Medium.ttf", O_RDONLY|O_CLOEXEC) = 5
[pid 185425] 14:15:41.903686 openat(AT_FDCWD, "/home/dikluwe/.local/share/fonts/IosevkaTerm/IosevkaTermNerdFontMono-Bold.ttf", O_RDONLY|O_CLOEXEC) = 5
[pid 185425] 14:15:41.903844 openat(AT_FDCWD, "/home/dikluwe/.local/share/fonts/IosevkaTerm/IosevkaTermNerdFontPropo-Oblique.ttf", O_RDONLY|O_CLOEXEC) = 5
[pid 185425] 14:15:41.904043 openat(AT_FDCWD, "/home/dikluwe/.local/share/fonts/IosevkaTerm/IosevkaTermNerdFont-ExtraLight.ttf", O_RDONLY|O_CLOEXEC) = 5
[pid 185425] 14:15:41.904223 openat(AT_FDCWD, "/home/dikluwe/.local/share/fonts/IosevkaTerm/IosevkaTermNerdFontMono-Heavy.ttf", O_RDONLY|O_CLOEXEC) = 5
[pid 185425] 14:15:41.904420 openat(AT_FDCWD, "/home/dikluwe/.local/share/fonts/IosevkaTerm/IosevkaTermNerdFontMono-ExtraBoldItalic.ttf", O_RDONLY|O_CLOEXEC) = 5
[pid 185425] 14:15:41.904602 openat(AT_FDCWD, "/home/dikluwe/.local/share/fonts/IosevkaTerm/IosevkaTermNerdFontPropo-Light.ttf", O_RDONLY|O_CLOEXEC) = 5
[pid 185425] 14:15:41.904776 openat(AT_FDCWD, "/home/dikluwe/.local/share/fonts/IosevkaTerm/IosevkaTermNerdFont-ExtraLightOblique.ttf", O_RDONLY|O_CLOEXEC) = 5
[pid 185425] 14:15:41.904974 openat(AT_FDCWD, "/home/dikluwe/.local/share/fonts/IosevkaTerm/IosevkaTermNerdFontMono-HeavyItalic.ttf", O_RDONLY|O_CLOEXEC) = 5
[pid 185425] 14:15:41.905154 openat(AT_FDCWD, "/home/dikluwe/.local/share/fonts/IosevkaTerm/IosevkaTermNerdFont-ExtraLightItalic.ttf", O_RDONLY|O_CLOEXEC) = 5
[pid 185425] 14:15:41.905319 openat(AT_FDCWD, "/home/dikluwe/.local/share/fonts/IosevkaTerm/IosevkaTermNerdFontMono-HeavyOblique.ttf", O_RDONLY|O_CLOEXEC) = 5
[pid 185425] 14:15:41.905487 openat(AT_FDCWD, "/home/dikluwe/.local/share/fonts/IosevkaTerm/IosevkaTermNerdFontMono-Thin.ttf", O_RDONLY|O_CLOEXEC) = 5
[pid 185425] 14:15:41.905660 openat(AT_FDCWD, "/home/dikluwe/.local/share/fonts/IosevkaTerm/IosevkaTermNerdFont-Thin.ttf", O_RDONLY|O_CLOEXEC) = 5
[pid 185425] 14:15:41.905832 openat(AT_FDCWD, "/home/dikluwe/.local/share/fonts/IosevkaTerm/IosevkaTermNerdFontMono-Medium.ttf", O_RDONLY|O_CLOEXEC) = 5
[pid 185425] 14:15:41.906009 openat(AT_FDCWD, "/home/dikluwe/.local/share/fonts/IosevkaTerm/IosevkaTermNerdFont-LightOblique.ttf", O_RDONLY|O_CLOEXEC) = 5
[pid 185425] 14:15:41.906183 openat(AT_FDCWD, "/home/dikluwe/.local/share/fonts/IosevkaTerm/IosevkaTermNerdFont-Bold.ttf", O_RDONLY|O_CLOEXEC) = 5
[pid 185425] 14:15:41.906355 openat(AT_FDCWD, "/home/dikluwe/.local/share/fonts/IosevkaTerm/IosevkaTermNerdFont-MediumItalic.ttf", O_RDONLY|O_CLOEXEC) = 5
[pid 185425] 14:15:41.906518 openat(AT_FDCWD, "/home/dikluwe/.local/share/fonts/IosevkaTerm/IosevkaTermNerdFontMono-Regular.ttf", O_RDONLY|O_CLOEXEC) = 5
[pid 185425] 14:15:41.906674 openat(AT_FDCWD, "/home/dikluwe/.local/share/fonts/IosevkaTerm/IosevkaTermNerdFontMono-SemiBold.ttf", O_RDONLY|O_CLOEXEC) = 5
[pid 185425] 14:15:41.906830 openat(AT_FDCWD, "/home/dikluwe/.local/share/fonts/IosevkaTerm/IosevkaTermNerdFontPropo-ExtraLightItalic.ttf", O_RDONLY|O_CLOEXEC) = 5
[pid 185425] 14:15:41.907000 openat(AT_FDCWD, "/home/dikluwe/.local/share/fonts/IosevkaTerm/IosevkaTermNerdFontMono-LightItalic.ttf", O_RDONLY|O_CLOEXEC) = 5
[pid 185425] 14:15:41.907166 openat(AT_FDCWD, "/home/dikluwe/.local/share/fonts/IosevkaTerm/IosevkaTermNerdFontMono-ExtraBold.ttf", O_RDONLY|O_CLOEXEC) = 5
[pid 185425] 14:15:41.907323 openat(AT_FDCWD, "/home/dikluwe/.local/share/fonts/IosevkaTerm/IosevkaTermNerdFontPropo-LightOblique.ttf", O_RDONLY|O_CLOEXEC) = 5
[pid 185425] 14:15:41.907483 openat(AT_FDCWD, "/home/dikluwe/.local/share/fonts/IosevkaTerm/IosevkaTermNerdFontPropo-Heavy.ttf", O_RDONLY|O_CLOEXEC) = 5
[pid 185425] 14:15:41.907639 openat(AT_FDCWD, "/home/dikluwe/.local/share/fonts/IosevkaTerm/IosevkaTermNerdFontPropo-HeavyOblique.ttf", O_RDONLY|O_CLOEXEC) = 5
[pid 185425] 14:15:41.907796 openat(AT_FDCWD, "/home/dikluwe/.local/share/fonts/IosevkaTerm/IosevkaTermNerdFontPropo-LightItalic.ttf", O_RDONLY|O_CLOEXEC) = 5
[pid 185425] 14:15:41.907966 openat(AT_FDCWD, "/home/dikluwe/.local/share/fonts/IosevkaTerm/IosevkaTermNerdFontPropo-SemiBoldItalic.ttf", O_RDONLY|O_CLOEXEC) = 5
[pid 185425] 14:15:41.908135 openat(AT_FDCWD, "/home/dikluwe/.local/share/fonts/IosevkaTerm/IosevkaTermNerdFontPropo-ExtraBold.ttf", O_RDONLY|O_CLOEXEC) = 5
[pid 185425] 14:15:41.908291 openat(AT_FDCWD, "/home/dikluwe/.local/share/fonts/IosevkaTerm/IosevkaTermNerdFontPropo-SemiBoldOblique.ttf", O_RDONLY|O_CLOEXEC) = 5
[pid 185425] 14:15:41.908500 openat(AT_FDCWD, "/home/dikluwe/.local/share/fonts/IosevkaTerm/IosevkaTermNerdFontPropo-ExtraLight.ttf", O_RDONLY|O_CLOEXEC) = 5
[pid 185425] 14:15:41.908666 openat(AT_FDCWD, "/home/dikluwe/.local/share/fonts/IosevkaTerm/IosevkaTermNerdFont-ExtraBold.ttf", O_RDONLY|O_CLOEXEC) = 5
[pid 185425] 14:15:41.908838 openat(AT_FDCWD, "/home/dikluwe/.local/share/fonts/IosevkaTerm/IosevkaTermNerdFont-BoldOblique.ttf", O_RDONLY|O_CLOEXEC) = 5
[pid 185425] 14:15:41.909019 openat(AT_FDCWD, "/home/dikluwe/.local/share/fonts/IosevkaTerm/IosevkaTermNerdFontPropo-ExtraLightOblique.ttf", O_RDONLY|O_CLOEXEC) = 5
[pid 185425] 14:15:41.909186 openat(AT_FDCWD, "/home/dikluwe/.local/share/fonts/IosevkaTerm/IosevkaTermNerdFont-Regular.ttf", O_RDONLY|O_CLOEXEC) = 5
[pid 185425] 14:15:41.909342 openat(AT_FDCWD, "/home/dikluwe/.local/share/fonts/IosevkaTerm/IosevkaTermNerdFontMono-Italic.ttf", O_RDONLY|O_CLOEXEC) = 5
[pid 185425] 14:15:41.909503 openat(AT_FDCWD, "/home/dikluwe/.local/share/fonts/IosevkaTerm/IosevkaTermNerdFont-HeavyItalic.ttf", O_RDONLY|O_CLOEXEC) = 5
[pid 185425] 14:15:41.909659 openat(AT_FDCWD, "/home/dikluwe/.local/share/fonts/IosevkaTerm/IosevkaTermNerdFont-Medium.ttf", O_RDONLY|O_CLOEXEC) = 5
[pid 185425] 14:15:41.909815 openat(AT_FDCWD, "/home/dikluwe/.local/share/fonts/IosevkaTerm/IosevkaTermNerdFontMono-BoldItalic.ttf", O_RDONLY|O_CLOEXEC) = 5
[pid 185425] 14:15:41.909980 openat(AT_FDCWD, "/home/dikluwe/.local/share/fonts/IosevkaTerm/IosevkaTermNerdFont-LightItalic.ttf", O_RDONLY|O_CLOEXEC) = 5
[pid 185425] 14:15:41.910137 openat(AT_FDCWD, "/home/dikluwe/.local/share/fonts/IosevkaTerm/IosevkaTermNerdFont-MediumOblique.ttf", O_RDONLY|O_CLOEXEC) = 5
[pid 185425] 14:15:41.910294 openat(AT_FDCWD, "/home/dikluwe/.local/share/fonts/IosevkaTerm/IosevkaTermNerdFontPropo-HeavyItalic.ttf", O_RDONLY|O_CLOEXEC) = 5
[pid 185425] 14:15:41.910449 openat(AT_FDCWD, "/home/dikluwe/.local/share/fonts/IosevkaTerm/IosevkaTermNerdFontPropo-SemiBold.ttf", O_RDONLY|O_CLOEXEC) = 5
[pid 185425] 14:15:41.910606 openat(AT_FDCWD, "/home/dikluwe/.local/share/fonts/IosevkaTerm/IosevkaTermNerdFontMono-ThinItalic.ttf", O_RDONLY|O_CLOEXEC) = 5
[pid 185425] 14:15:41.910763 openat(AT_FDCWD, "/home/dikluwe/.local/share/fonts/IosevkaTerm/IosevkaTermNerdFontPropo-BoldItalic.ttf", O_RDONLY|O_CLOEXEC) = 5
[pid 185425] 14:15:41.910928 openat(AT_FDCWD, "/home/dikluwe/.local/share/fonts/IosevkaTerm/IosevkaTermNerdFont-ThinOblique.ttf", O_RDONLY|O_CLOEXEC) = 5
[pid 185425] 14:15:41.911088 openat(AT_FDCWD, "/home/dikluwe/.local/share/fonts/IosevkaTerm/IosevkaTermNerdFontPropo-MediumItalic.ttf", O_RDONLY|O_CLOEXEC) = 5
[pid 185425] 14:15:41.911300 openat(AT_FDCWD, "/home/dikluwe/.local/share/fonts/Iosevka", O_RDONLY|O_NONBLOCK|O_CLOEXEC|O_DIRECTORY) = 4
[pid 185425] 14:15:41.911530 openat(AT_FDCWD, "/home/dikluwe/.local/share/fonts/Iosevka/IosevkaNerdFont-ExtraLight.ttf", O_RDONLY|O_CLOEXEC) = 5
[pid 185425] 14:15:41.911691 openat(AT_FDCWD, "/home/dikluwe/.local/share/fonts/Iosevka/IosevkaNerdFont-LightItalic.ttf", O_RDONLY|O_CLOEXEC) = 5
[pid 185425] 14:15:41.911854 openat(AT_FDCWD, "/home/dikluwe/.local/share/fonts/Iosevka/IosevkaNerdFontMono-ExtraBoldItalic.ttf", O_RDONLY|O_CLOEXEC) = 5
[pid 185425] 14:15:41.912051 openat(AT_FDCWD, "/home/dikluwe/.local/share/fonts/Iosevka/IosevkaNerdFont-Medium.ttf", O_RDONLY|O_CLOEXEC) = 5
[pid 185425] 14:15:41.912228 openat(AT_FDCWD, "/home/dikluwe/.local/share/fonts/Iosevka/IosevkaNerdFontMono-MediumItalic.ttf", O_RDONLY|O_CLOEXEC) = 5
[pid 185425] 14:15:41.912406 openat(AT_FDCWD, "/home/dikluwe/.local/share/fonts/Iosevka/IosevkaNerdFont-Italic.ttf", O_RDONLY|O_CLOEXEC) = 5
[pid 185425] 14:15:41.912582 openat(AT_FDCWD, "/home/dikluwe/.local/share/fonts/Iosevka/IosevkaNerdFontMono-Light.ttf", O_RDONLY|O_CLOEXEC) = 5
[pid 185425] 14:15:41.912751 openat(AT_FDCWD, "/home/dikluwe/.local/share/fonts/Iosevka/IosevkaNerdFont-ExtraLightItalic.ttf", O_RDONLY|O_CLOEXEC) = 5
[pid 185425] 14:15:41.912936 openat(AT_FDCWD, "/home/dikluwe/.local/share/fonts/Iosevka/IosevkaNerdFont-SemiBoldOblique.ttf", O_RDONLY|O_CLOEXEC) = 5
[pid 185425] 14:15:41.913109 openat(AT_FDCWD, "/home/dikluwe/.local/share/fonts/Iosevka/IosevkaNerdFont-Bold.ttf", O_RDONLY|O_CLOEXEC) = 5
[pid 185425] 14:15:41.913279 openat(AT_FDCWD, "/home/dikluwe/.local/share/fonts/Iosevka/IosevkaNerdFontPropo-SemiBoldOblique.ttf", O_RDONLY|O_CLOEXEC) = 5
[pid 185425] 14:15:41.913455 openat(AT_FDCWD, "/home/dikluwe/.local/share/fonts/Iosevka/IosevkaNerdFontPropo-Oblique.ttf", O_RDONLY|O_CLOEXEC) = 5
[pid 185425] 14:15:41.913611 openat(AT_FDCWD, "/home/dikluwe/.local/share/fonts/Iosevka/IosevkaNerdFontMono-ThinOblique.ttf", O_RDONLY|O_CLOEXEC) = 5
[pid 185425] 14:15:41.913766 openat(AT_FDCWD, "/home/dikluwe/.local/share/fonts/Iosevka/IosevkaNerdFontPropo-SemiBoldItalic.ttf", O_RDONLY|O_CLOEXEC) = 5
[pid 185425] 14:15:41.913925 openat(AT_FDCWD, "/home/dikluwe/.local/share/fonts/Iosevka/IosevkaNerdFontMono-ThinItalic.ttf", O_RDONLY|O_CLOEXEC) = 5
[pid 185425] 14:15:41.914083 openat(AT_FDCWD, "/home/dikluwe/.local/share/fonts/Iosevka/IosevkaNerdFontPropo-ExtraLight.ttf", O_RDONLY|O_CLOEXEC) = 5
[pid 185425] 14:15:41.914238 openat(AT_FDCWD, "/home/dikluwe/.local/share/fonts/Iosevka/IosevkaNerdFont-Oblique.ttf", O_RDONLY|O_CLOEXEC) = 5
[pid 185425] 14:15:41.914393 openat(AT_FDCWD, "/home/dikluwe/.local/share/fonts/Iosevka/IosevkaNerdFont-ExtraBoldItalic.ttf", O_RDONLY|O_CLOEXEC) = 5
[pid 185425] 14:15:41.914554 openat(AT_FDCWD, "/home/dikluwe/.local/share/fonts/Iosevka/IosevkaNerdFontPropo-Italic.ttf", O_RDONLY|O_CLOEXEC) = 5
[pid 185425] 14:15:41.914718 openat(AT_FDCWD, "/home/dikluwe/.local/share/fonts/Iosevka/IosevkaNerdFontMono-Heavy.ttf", O_RDONLY|O_CLOEXEC) = 5
[pid 185425] 14:15:41.915210 openat(AT_FDCWD, "/home/dikluwe/.local/share/fonts/Iosevka/IosevkaNerdFontPropo-ThinItalic.ttf", O_RDONLY|O_CLOEXEC) = 5
[pid 185425] 14:15:41.915372 openat(AT_FDCWD, "/home/dikluwe/.local/share/fonts/Iosevka/IosevkaNerdFontMono-Bold.ttf", O_RDONLY|O_CLOEXEC) = 5
[pid 185425] 14:15:41.915528 openat(AT_FDCWD, "/home/dikluwe/.local/share/fonts/Iosevka/IosevkaNerdFontMono-ExtraBoldOblique.ttf", O_RDONLY|O_CLOEXEC) = 5
[pid 185425] 14:15:41.915685 openat(AT_FDCWD, "/home/dikluwe/.local/share/fonts/Iosevka/IosevkaNerdFontMono-SemiBoldItalic.ttf", O_RDONLY|O_CLOEXEC) = 5
[pid 185425] 14:15:41.915839 openat(AT_FDCWD, "/home/dikluwe/.local/share/fonts/Iosevka/IosevkaNerdFontMono-ExtraBold.ttf", O_RDONLY|O_CLOEXEC) = 5
[pid 185425] 14:15:41.916001 openat(AT_FDCWD, "/home/dikluwe/.local/share/fonts/Iosevka/IosevkaNerdFontPropo-ThinOblique.ttf", O_RDONLY|O_CLOEXEC) = 5
[pid 185425] 14:15:41.916157 openat(AT_FDCWD, "/home/dikluwe/.local/share/fonts/Iosevka/IosevkaNerdFont-ExtraLightOblique.ttf", O_RDONLY|O_CLOEXEC) = 5
[pid 185425] 14:15:41.916311 openat(AT_FDCWD, "/home/dikluwe/.local/share/fonts/Iosevka/IosevkaNerdFontPropo-BoldOblique.ttf", O_RDONLY|O_CLOEXEC) = 5
[pid 185425] 14:15:41.916467 openat(AT_FDCWD, "/home/dikluwe/.local/share/fonts/Iosevka/IosevkaNerdFontPropo-HeavyItalic.ttf", O_RDONLY|O_CLOEXEC) = 5
[pid 185425] 14:15:41.916626 openat(AT_FDCWD, "/home/dikluwe/.local/share/fonts/Iosevka/IosevkaNerdFontPropo-MediumOblique.ttf", O_RDONLY|O_CLOEXEC) = 5
[pid 185425] 14:15:41.916781 openat(AT_FDCWD, "/home/dikluwe/.local/share/fonts/Iosevka/IosevkaNerdFontPropo-MediumItalic.ttf", O_RDONLY|O_CLOEXEC) = 5
[pid 185425] 14:15:41.916953 openat(AT_FDCWD, "/home/dikluwe/.local/share/fonts/Iosevka/IosevkaNerdFontMono-Oblique.ttf", O_RDONLY|O_CLOEXEC) = 5
[pid 185425] 14:15:41.917109 openat(AT_FDCWD, "/home/dikluwe/.local/share/fonts/Iosevka/IosevkaNerdFontMono-BoldItalic.ttf", O_RDONLY|O_CLOEXEC) = 5
[pid 185425] 14:15:41.917268 openat(AT_FDCWD, "/home/dikluwe/.local/share/fonts/Iosevka/IosevkaNerdFontMono-SemiBoldOblique.ttf", O_RDONLY|O_CLOEXEC) = 5
[pid 185425] 14:15:41.917424 openat(AT_FDCWD, "/home/dikluwe/.local/share/fonts/Iosevka/IosevkaNerdFontMono-BoldOblique.ttf", O_RDONLY|O_CLOEXEC) = 5
[pid 185425] 14:15:41.917578 openat(AT_FDCWD, "/home/dikluwe/.local/share/fonts/Iosevka/IosevkaNerdFontMono-Thin.ttf", O_RDONLY|O_CLOEXEC) = 5
[pid 185425] 14:15:41.917732 openat(AT_FDCWD, "/home/dikluwe/.local/share/fonts/Iosevka/IosevkaNerdFontPropo-LightOblique.ttf", O_RDONLY|O_CLOEXEC) = 5
[pid 185425] 14:15:41.917886 openat(AT_FDCWD, "/home/dikluwe/.local/share/fonts/Iosevka/IosevkaNerdFontPropo-Heavy.ttf", O_RDONLY|O_CLOEXEC) = 5
[pid 185425] 14:15:41.918046 openat(AT_FDCWD, "/home/dikluwe/.local/share/fonts/Iosevka/IosevkaNerdFontMono-ExtraLightItalic.ttf", O_RDONLY|O_CLOEXEC) = 5
[pid 185425] 14:15:41.918217 openat(AT_FDCWD, "/home/dikluwe/.local/share/fonts/Iosevka/IosevkaNerdFont-BoldOblique.ttf", O_RDONLY|O_CLOEXEC) = 5
[pid 185425] 14:15:41.918373 openat(AT_FDCWD, "/home/dikluwe/.local/share/fonts/Iosevka/IosevkaNerdFont-Thin.ttf", O_RDONLY|O_CLOEXEC) = 5
[pid 185425] 14:15:41.918527 openat(AT_FDCWD, "/home/dikluwe/.local/share/fonts/Iosevka/IosevkaNerdFont-SemiBoldItalic.ttf", O_RDONLY|O_CLOEXEC) = 5
[pid 185425] 14:15:41.918682 openat(AT_FDCWD, "/home/dikluwe/.local/share/fonts/Iosevka/IosevkaNerdFont-ThinItalic.ttf", O_RDONLY|O_CLOEXEC) = 5
[pid 185425] 14:15:41.918837 openat(AT_FDCWD, "/home/dikluwe/.local/share/fonts/Iosevka/IosevkaNerdFontPropo-ExtraBold.ttf", O_RDONLY|O_CLOEXEC) = 5
[pid 185425] 14:15:41.918998 openat(AT_FDCWD, "/home/dikluwe/.local/share/fonts/Iosevka/IosevkaNerdFont-BoldItalic.ttf", O_RDONLY|O_CLOEXEC) = 5
[pid 185425] 14:15:41.919155 openat(AT_FDCWD, "/home/dikluwe/.local/share/fonts/Iosevka/IosevkaNerdFontMono-ExtraLightOblique.ttf", O_RDONLY|O_CLOEXEC) = 5
[pid 185425] 14:15:41.919311 openat(AT_FDCWD, "/home/dikluwe/.local/share/fonts/Iosevka/IosevkaNerdFont-MediumItalic.ttf", O_RDONLY|O_CLOEXEC) = 5
[pid 185425] 14:15:41.919471 openat(AT_FDCWD, "/home/dikluwe/.local/share/fonts/Iosevka/IosevkaNerdFontPropo-HeavyOblique.ttf", O_RDONLY|O_CLOEXEC) = 5
[pid 185425] 14:15:41.919626 openat(AT_FDCWD, "/home/dikluwe/.local/share/fonts/Iosevka/IosevkaNerdFontPropo-ExtraBoldOblique.ttf", O_RDONLY|O_CLOEXEC) = 5
[pid 185425] 14:15:41.919780 openat(AT_FDCWD, "/home/dikluwe/.local/share/fonts/Iosevka/IosevkaNerdFont-LightOblique.ttf", O_RDONLY|O_CLOEXEC) = 5
[pid 185425] 14:15:41.919940 openat(AT_FDCWD, "/home/dikluwe/.local/share/fonts/Iosevka/IosevkaNerdFontPropo-SemiBold.ttf", O_RDONLY|O_CLOEXEC) = 5
[pid 185425] 14:15:41.920095 openat(AT_FDCWD, "/home/dikluwe/.local/share/fonts/Iosevka/IosevkaNerdFontPropo-BoldItalic.ttf", O_RDONLY|O_CLOEXEC) = 5
[pid 185425] 14:15:41.920254 openat(AT_FDCWD, "/home/dikluwe/.local/share/fonts/Iosevka/IosevkaNerdFontPropo-ExtraLightItalic.ttf", O_RDONLY|O_CLOEXEC) = 5
[pid 185425] 14:15:41.920415 openat(AT_FDCWD, "/home/dikluwe/.local/share/fonts/Iosevka/IosevkaNerdFontPropo-ExtraLightOblique.ttf", O_RDONLY|O_CLOEXEC) = 5
[pid 185425] 14:15:41.920570 openat(AT_FDCWD, "/home/dikluwe/.local/share/fonts/Iosevka/IosevkaNerdFontPropo-LightItalic.ttf", O_RDONLY|O_CLOEXEC) = 5
[pid 185425] 14:15:41.920731 openat(AT_FDCWD, "/home/dikluwe/.local/share/fonts/Iosevka/IosevkaNerdFontPropo-Medium.ttf", O_RDONLY|O_CLOEXEC) = 5
[pid 185425] 14:15:41.920886 openat(AT_FDCWD, "/home/dikluwe/.local/share/fonts/Iosevka/IosevkaNerdFontMono-LightOblique.ttf", O_RDONLY|O_CLOEXEC) = 5
[pid 185425] 14:15:41.921048 openat(AT_FDCWD, "/home/dikluwe/.local/share/fonts/Iosevka/IosevkaNerdFontMono-MediumOblique.ttf", O_RDONLY|O_CLOEXEC) = 5
[pid 185425] 14:15:41.921203 openat(AT_FDCWD, "/home/dikluwe/.local/share/fonts/Iosevka/IosevkaNerdFont-Regular.ttf", O_RDONLY|O_CLOEXEC) = 5
[pid 185425] 14:15:41.921364 openat(AT_FDCWD, "/home/dikluwe/.local/share/fonts/Iosevka/IosevkaNerdFontMono-HeavyItalic.ttf", O_RDONLY|O_CLOEXEC) = 5
[pid 185425] 14:15:41.921524 openat(AT_FDCWD, "/home/dikluwe/.local/share/fonts/Iosevka/IosevkaNerdFontPropo-Thin.ttf", O_RDONLY|O_CLOEXEC) = 5
[pid 185425] 14:15:41.921681 openat(AT_FDCWD, "/home/dikluwe/.local/share/fonts/Iosevka/IosevkaNerdFont-MediumOblique.ttf", O_RDONLY|O_CLOEXEC) = 5
[pid 185425] 14:15:41.921838 openat(AT_FDCWD, "/home/dikluwe/.local/share/fonts/Iosevka/IosevkaNerdFont-ThinOblique.ttf", O_RDONLY|O_CLOEXEC) = 5
[pid 185425] 14:15:41.922003 openat(AT_FDCWD, "/home/dikluwe/.local/share/fonts/Iosevka/IosevkaNerdFontPropo-ExtraBoldItalic.ttf", O_RDONLY|O_CLOEXEC) = 5
[pid 185425] 14:15:41.922167 openat(AT_FDCWD, "/home/dikluwe/.local/share/fonts/Iosevka/IosevkaNerdFontMono-HeavyOblique.ttf", O_RDONLY|O_CLOEXEC) = 5
[pid 185425] 14:15:41.922325 openat(AT_FDCWD, "/home/dikluwe/.local/share/fonts/Iosevka/IosevkaNerdFontPropo-Bold.ttf", O_RDONLY|O_CLOEXEC) = 5
[pid 185425] 14:15:41.922497 openat(AT_FDCWD, "/home/dikluwe/.local/share/fonts/Iosevka/IosevkaNerdFont-Heavy.ttf", O_RDONLY|O_CLOEXEC) = 5
[pid 185425] 14:15:41.922653 openat(AT_FDCWD, "/home/dikluwe/.local/share/fonts/Iosevka/IosevkaNerdFont-ExtraBold.ttf", O_RDONLY|O_CLOEXEC) = 5
[pid 185425] 14:15:41.922807 openat(AT_FDCWD, "/home/dikluwe/.local/share/fonts/Iosevka/IosevkaNerdFont-SemiBold.ttf", O_RDONLY|O_CLOEXEC) = 5
[pid 185425] 14:15:41.922968 openat(AT_FDCWD, "/home/dikluwe/.local/share/fonts/Iosevka/IosevkaNerdFont-ExtraBoldOblique.ttf", O_RDONLY|O_CLOEXEC) = 5
[pid 185425] 14:15:41.923125 openat(AT_FDCWD, "/home/dikluwe/.local/share/fonts/Iosevka/IosevkaNerdFontMono-Regular.ttf", O_RDONLY|O_CLOEXEC) = 5
[pid 185425] 14:15:41.923281 openat(AT_FDCWD, "/home/dikluwe/.local/share/fonts/Iosevka/IosevkaNerdFontMono-SemiBold.ttf", O_RDONLY|O_CLOEXEC) = 5
[pid 185425] 14:15:41.923438 openat(AT_FDCWD, "/home/dikluwe/.local/share/fonts/Iosevka/IosevkaNerdFont-HeavyOblique.ttf", O_RDONLY|O_CLOEXEC) = 5
[pid 185425] 14:15:41.923594 openat(AT_FDCWD, "/home/dikluwe/.local/share/fonts/Iosevka/IosevkaNerdFontMono-ExtraLight.ttf", O_RDONLY|O_CLOEXEC) = 5
[pid 185425] 14:15:41.923750 openat(AT_FDCWD, "/home/dikluwe/.local/share/fonts/Iosevka/IosevkaNerdFont-Light.ttf", O_RDONLY|O_CLOEXEC) = 5
[pid 185425] 14:15:41.923909 openat(AT_FDCWD, "/home/dikluwe/.local/share/fonts/Iosevka/IosevkaNerdFontPropo-Regular.ttf", O_RDONLY|O_CLOEXEC) = 5
[pid 185425] 14:15:41.924066 openat(AT_FDCWD, "/home/dikluwe/.local/share/fonts/Iosevka/IosevkaNerdFontMono-Italic.ttf", O_RDONLY|O_CLOEXEC) = 5
[pid 185425] 14:15:41.924228 openat(AT_FDCWD, "/home/dikluwe/.local/share/fonts/Iosevka/IosevkaNerdFont-HeavyItalic.ttf", O_RDONLY|O_CLOEXEC) = 5
[pid 185425] 14:15:41.924484 openat(AT_FDCWD, "/home/dikluwe/.local/share/fonts/Iosevka/IosevkaNerdFontMono-Medium.ttf", O_RDONLY|O_CLOEXEC) = 5
[pid 185425] 14:15:41.924648 openat(AT_FDCWD, "/home/dikluwe/.local/share/fonts/Iosevka/IosevkaNerdFontPropo-Light.ttf", O_RDONLY|O_CLOEXEC) = 5
[pid 185425] 14:15:41.924812 openat(AT_FDCWD, "/home/dikluwe/.local/share/fonts/Iosevka/IosevkaNerdFontMono-LightItalic.ttf", O_RDONLY|O_CLOEXEC) = 5
[pid 185425] 14:15:41.925048 openat(AT_FDCWD, "/home/dikluwe/.local/share/fonts/Monoid", O_RDONLY|O_NONBLOCK|O_CLOEXEC|O_DIRECTORY) = 4
[pid 185425] 14:15:41.925179 openat(AT_FDCWD, "/home/dikluwe/.local/share/fonts/Monoid/MonoidNerdFontMono-Italic.ttf", O_RDONLY|O_CLOEXEC) = 5
[pid 185425] 14:15:41.925336 openat(AT_FDCWD, "/home/dikluwe/.local/share/fonts/Monoid/MonoidNerdFontPropo-Italic.ttf", O_RDONLY|O_CLOEXEC) = 5
[pid 185425] 14:15:41.927848 openat(AT_FDCWD, "/home/dikluwe/.local/share/fonts/Monoid/MonoidNerdFont-Italic.ttf", O_RDONLY|O_CLOEXEC) = 5
[pid 185425] 14:15:41.928055 openat(AT_FDCWD, "/home/dikluwe/.local/share/fonts/Monoid/MonoidNerdFontMono-Regular.ttf", O_RDONLY|O_CLOEXEC) = 5
[pid 185425] 14:15:41.928229 openat(AT_FDCWD, "/home/dikluwe/.local/share/fonts/Monoid/MonoidNerdFontPropo-Regular.ttf", O_RDONLY|O_CLOEXEC) = 5
[pid 185425] 14:15:41.928400 openat(AT_FDCWD, "/home/dikluwe/.local/share/fonts/Monoid/MonoidNerdFont-Regular.ttf", O_RDONLY|O_CLOEXEC) = 5
[pid 185425] 14:15:41.928569 openat(AT_FDCWD, "/home/dikluwe/.local/share/fonts/Monoid/MonoidNerdFont-Retina.ttf", O_RDONLY|O_CLOEXEC) = 5
[pid 185425] 14:15:41.928765 openat(AT_FDCWD, "/home/dikluwe/.local/share/fonts/Monoid/MonoidNerdFontMono-Retina.ttf", O_RDONLY|O_CLOEXEC) = 5
[pid 185425] 14:15:41.928945 openat(AT_FDCWD, "/home/dikluwe/.local/share/fonts/Monoid/MonoidNerdFontPropo-Retina.ttf", O_RDONLY|O_CLOEXEC) = 5
[pid 185425] 14:15:41.929115 openat(AT_FDCWD, "/home/dikluwe/.local/share/fonts/Monoid/MonoidNerdFontMono-Bold.ttf", O_RDONLY|O_CLOEXEC) = 5
[pid 185425] 14:15:41.929282 openat(AT_FDCWD, "/home/dikluwe/.local/share/fonts/Monoid/MonoidNerdFont-Bold.ttf", O_RDONLY|O_CLOEXEC) = 5
[pid 185425] 14:15:41.929448 openat(AT_FDCWD, "/home/dikluwe/.local/share/fonts/Monoid/MonoidNerdFontPropo-Bold.ttf", O_RDONLY|O_CLOEXEC) = 5
[pid 185425] 14:15:41.929665 openat(AT_FDCWD, "/home/dikluwe/.local/share/fonts/VictorMono", O_RDONLY|O_NONBLOCK|O_CLOEXEC|O_DIRECTORY) = 4
[pid 185425] 14:15:41.929878 openat(AT_FDCWD, "/home/dikluwe/.local/share/fonts/VictorMono/VictorMonoNerdFontPropo-LightItalic.ttf", O_RDONLY|O_CLOEXEC) = 5
[pid 185425] 14:15:41.930048 openat(AT_FDCWD, "/home/dikluwe/.local/share/fonts/VictorMono/VictorMonoNerdFontMono-LightItalic.ttf", O_RDONLY|O_CLOEXEC) = 5
[pid 185425] 14:15:41.930203 openat(AT_FDCWD, "/home/dikluwe/.local/share/fonts/VictorMono/VictorMonoNerdFont-LightItalic.ttf", O_RDONLY|O_CLOEXEC) = 5
[pid 185425] 14:15:41.930381 openat(AT_FDCWD, "/home/dikluwe/.local/share/fonts/VictorMono/VictorMonoNerdFontMono-SemiBoldOblique.ttf", O_RDONLY|O_CLOEXEC) = 5
[pid 185425] 14:15:41.930557 openat(AT_FDCWD, "/home/dikluwe/.local/share/fonts/VictorMono/VictorMonoNerdFontPropo-SemiBoldOblique.ttf", O_RDONLY|O_CLOEXEC) = 5
[pid 185425] 14:15:41.930714 openat(AT_FDCWD, "/home/dikluwe/.local/share/fonts/VictorMono/VictorMonoNerdFont-SemiBoldOblique.ttf", O_RDONLY|O_CLOEXEC) = 5
[pid 185425] 14:15:41.930871 openat(AT_FDCWD, "/home/dikluwe/.local/share/fonts/VictorMono/VictorMonoNerdFontPropo-ExtraLightItalic.ttf", O_RDONLY|O_CLOEXEC) = 5
[pid 185425] 14:15:41.931034 openat(AT_FDCWD, "/home/dikluwe/.local/share/fonts/VictorMono/VictorMonoNerdFontMono-ExtraLightItalic.ttf", O_RDONLY|O_CLOEXEC) = 5
[pid 185425] 14:15:41.931191 openat(AT_FDCWD, "/home/dikluwe/.local/share/fonts/VictorMono/VictorMonoNerdFont-ExtraLightItalic.ttf", O_RDONLY|O_CLOEXEC) = 5
[pid 185425] 14:15:41.931346 openat(AT_FDCWD, "/home/dikluwe/.local/share/fonts/VictorMono/VictorMonoNerdFontMono-MediumItalic.ttf", O_RDONLY|O_CLOEXEC) = 5
[pid 185425] 14:15:41.931501 openat(AT_FDCWD, "/home/dikluwe/.local/share/fonts/VictorMono/VictorMonoNerdFontPropo-MediumItalic.ttf", O_RDONLY|O_CLOEXEC) = 5
[pid 185425] 14:15:41.931656 openat(AT_FDCWD, "/home/dikluwe/.local/share/fonts/VictorMono/VictorMonoNerdFont-MediumItalic.ttf", O_RDONLY|O_CLOEXEC) = 5
[pid 185425] 14:15:41.931810 openat(AT_FDCWD, "/home/dikluwe/.local/share/fonts/VictorMono/VictorMonoNerdFont-Italic.ttf", O_RDONLY|O_CLOEXEC) = 5
[pid 185425] 14:15:41.931969 openat(AT_FDCWD, "/home/dikluwe/.local/share/fonts/VictorMono/VictorMonoNerdFontPropo-Italic.ttf", O_RDONLY|O_CLOEXEC) = 5
[pid 185425] 14:15:41.932126 openat(AT_FDCWD, "/home/dikluwe/.local/share/fonts/VictorMono/VictorMonoNerdFontMono-Italic.ttf", O_RDONLY|O_CLOEXEC) = 5
[pid 185425] 14:15:41.932280 openat(AT_FDCWD, "/home/dikluwe/.local/share/fonts/VictorMono/VictorMonoNerdFont-MediumOblique.ttf", O_RDONLY|O_CLOEXEC) = 5
[pid 185425] 14:15:41.932447 openat(AT_FDCWD, "/home/dikluwe/.local/share/fonts/VictorMono/VictorMonoNerdFontMono-MediumOblique.ttf", O_RDONLY|O_CLOEXEC) = 5
[pid 185425] 14:15:41.932634 openat(AT_FDCWD, "/home/dikluwe/.local/share/fonts/VictorMono/VictorMonoNerdFontPropo-MediumOblique.ttf", O_RDONLY|O_CLOEXEC) = 5
[pid 185425] 14:15:41.932793 openat(AT_FDCWD, "/home/dikluwe/.local/share/fonts/VictorMono/VictorMonoNerdFontMono-ThinItalic.ttf", O_RDONLY|O_CLOEXEC) = 5
[pid 185425] 14:15:41.933032 openat(AT_FDCWD, "/home/dikluwe/.local/share/fonts/VictorMono/VictorMonoNerdFontPropo-ThinItalic.ttf", O_RDONLY|O_CLOEXEC) = 5
[pid 185425] 14:15:41.933244 openat(AT_FDCWD, "/home/dikluwe/.local/share/fonts/VictorMono/VictorMonoNerdFont-ThinItalic.ttf", O_RDONLY|O_CLOEXEC) = 5
[pid 185425] 14:15:41.933432 openat(AT_FDCWD, "/home/dikluwe/.local/share/fonts/VictorMono/VictorMonoNerdFont-BoldItalic.ttf", O_RDONLY|O_CLOEXEC) = 5
[pid 185425] 14:15:41.933610 openat(AT_FDCWD, "/home/dikluwe/.local/share/fonts/VictorMono/VictorMonoNerdFontMono-BoldItalic.ttf", O_RDONLY|O_CLOEXEC) = 5
[pid 185425] 14:15:41.933785 openat(AT_FDCWD, "/home/dikluwe/.local/share/fonts/VictorMono/VictorMonoNerdFontPropo-BoldItalic.ttf", O_RDONLY|O_CLOEXEC) = 5
[pid 185425] 14:15:41.933970 openat(AT_FDCWD, "/home/dikluwe/.local/share/fonts/VictorMono/VictorMonoNerdFontMono-BoldOblique.ttf", O_RDONLY|O_CLOEXEC) = 5
[pid 185425] 14:15:41.934147 openat(AT_FDCWD, "/home/dikluwe/.local/share/fonts/VictorMono/VictorMonoNerdFontPropo-BoldOblique.ttf", O_RDONLY|O_CLOEXEC) = 5
[pid 185425] 14:15:41.934389 openat(AT_FDCWD, "/home/dikluwe/.local/share/fonts/VictorMono/VictorMonoNerdFont-BoldOblique.ttf", O_RDONLY|O_CLOEXEC) = 5
[pid 185425] 14:15:41.934563 openat(AT_FDCWD, "/home/dikluwe/.local/share/fonts/VictorMono/VictorMonoNerdFontMono-ExtraLightOblique.ttf", O_RDONLY|O_CLOEXEC) = 5
[pid 185425] 14:15:41.934734 openat(AT_FDCWD, "/home/dikluwe/.local/share/fonts/VictorMono/VictorMonoNerdFontPropo-ExtraLightOblique.ttf", O_RDONLY|O_CLOEXEC) = 5
[pid 185425] 14:15:41.934908 openat(AT_FDCWD, "/home/dikluwe/.local/share/fonts/VictorMono/VictorMonoNerdFont-ExtraLightOblique.ttf", O_RDONLY|O_CLOEXEC) = 5
[pid 185425] 14:15:41.935080 openat(AT_FDCWD, "/home/dikluwe/.local/share/fonts/VictorMono/VictorMonoNerdFontMono-Regular.ttf", O_RDONLY|O_CLOEXEC) = 5
[pid 185425] 14:15:41.935248 openat(AT_FDCWD, "/home/dikluwe/.local/share/fonts/VictorMono/VictorMonoNerdFont-Regular.ttf", O_RDONLY|O_CLOEXEC) = 5
[pid 185425] 14:15:41.935416 openat(AT_FDCWD, "/home/dikluwe/.local/share/fonts/VictorMono/VictorMonoNerdFontPropo-Regular.ttf", O_RDONLY|O_CLOEXEC) = 5
[pid 185425] 14:15:41.935585 openat(AT_FDCWD, "/home/dikluwe/.local/share/fonts/VictorMono/VictorMonoNerdFont-ThinOblique.ttf", O_RDONLY|O_CLOEXEC) = 5
[pid 185425] 14:15:41.935753 openat(AT_FDCWD, "/home/dikluwe/.local/share/fonts/VictorMono/VictorMonoNerdFontMono-ThinOblique.ttf", O_RDONLY|O_CLOEXEC) = 5
[pid 185425] 14:15:41.935932 openat(AT_FDCWD, "/home/dikluwe/.local/share/fonts/VictorMono/VictorMonoNerdFontPropo-ThinOblique.ttf", O_RDONLY|O_CLOEXEC) = 5
[pid 185425] 14:15:41.936110 openat(AT_FDCWD, "/home/dikluwe/.local/share/fonts/VictorMono/VictorMonoNerdFontMono-SemiBoldItalic.ttf", O_RDONLY|O_CLOEXEC) = 5
[pid 185425] 14:15:41.936281 openat(AT_FDCWD, "/home/dikluwe/.local/share/fonts/VictorMono/VictorMonoNerdFontPropo-SemiBoldItalic.ttf", O_RDONLY|O_CLOEXEC) = 5
[pid 185425] 14:15:41.936443 openat(AT_FDCWD, "/home/dikluwe/.local/share/fonts/VictorMono/VictorMonoNerdFont-SemiBoldItalic.ttf", O_RDONLY|O_CLOEXEC) = 5
[pid 185425] 14:15:41.936602 openat(AT_FDCWD, "/home/dikluwe/.local/share/fonts/VictorMono/VictorMonoNerdFontMono-Oblique.ttf", O_RDONLY|O_CLOEXEC) = 5
[pid 185425] 14:15:41.936758 openat(AT_FDCWD, "/home/dikluwe/.local/share/fonts/VictorMono/VictorMonoNerdFontPropo-Oblique.ttf", O_RDONLY|O_CLOEXEC) = 5
[pid 185425] 14:15:41.936932 openat(AT_FDCWD, "/home/dikluwe/.local/share/fonts/VictorMono/VictorMonoNerdFont-Oblique.ttf", O_RDONLY|O_CLOEXEC) = 5
[pid 185425] 14:15:41.937106 openat(AT_FDCWD, "/home/dikluwe/.local/share/fonts/VictorMono/VictorMonoNerdFontMono-Thin.ttf", O_RDONLY|O_CLOEXEC) = 5
[pid 185425] 14:15:41.937275 openat(AT_FDCWD, "/home/dikluwe/.local/share/fonts/VictorMono/VictorMonoNerdFont-Thin.ttf", O_RDONLY|O_CLOEXEC) = 5
[pid 185425] 14:15:41.937446 openat(AT_FDCWD, "/home/dikluwe/.local/share/fonts/VictorMono/VictorMonoNerdFontPropo-Thin.ttf", O_RDONLY|O_CLOEXEC) = 5
[pid 185425] 14:15:41.937615 openat(AT_FDCWD, "/home/dikluwe/.local/share/fonts/VictorMono/VictorMonoNerdFontPropo-ExtraLight.ttf", O_RDONLY|O_CLOEXEC) = 5
[pid 185425] 14:15:41.937788 openat(AT_FDCWD, "/home/dikluwe/.local/share/fonts/VictorMono/VictorMonoNerdFontMono-ExtraLight.ttf", O_RDONLY|O_CLOEXEC) = 5
[pid 185425] 14:15:41.937974 openat(AT_FDCWD, "/home/dikluwe/.local/share/fonts/VictorMono/VictorMonoNerdFont-ExtraLight.ttf", O_RDONLY|O_CLOEXEC) = 5
[pid 185425] 14:15:41.938148 openat(AT_FDCWD, "/home/dikluwe/.local/share/fonts/VictorMono/VictorMonoNerdFontMono-LightOblique.ttf", O_RDONLY|O_CLOEXEC) = 5
[pid 185425] 14:15:41.938321 openat(AT_FDCWD, "/home/dikluwe/.local/share/fonts/VictorMono/VictorMonoNerdFontPropo-LightOblique.ttf", O_RDONLY|O_CLOEXEC) = 5
[pid 185425] 14:15:41.938493 openat(AT_FDCWD, "/home/dikluwe/.local/share/fonts/VictorMono/VictorMonoNerdFont-LightOblique.ttf", O_RDONLY|O_CLOEXEC) = 5
[pid 185425] 14:15:41.938646 openat(AT_FDCWD, "/home/dikluwe/.local/share/fonts/VictorMono/VictorMonoNerdFont-Medium.ttf", O_RDONLY|O_CLOEXEC) = 5
[pid 185425] 14:15:41.938800 openat(AT_FDCWD, "/home/dikluwe/.local/share/fonts/VictorMono/VictorMonoNerdFontMono-Medium.ttf", O_RDONLY|O_CLOEXEC) = 5
[pid 185425] 14:15:41.938979 openat(AT_FDCWD, "/home/dikluwe/.local/share/fonts/VictorMono/VictorMonoNerdFontPropo-Medium.ttf", O_RDONLY|O_CLOEXEC) = 5
[pid 185425] 14:15:41.939138 openat(AT_FDCWD, "/home/dikluwe/.local/share/fonts/VictorMono/VictorMonoNerdFontMono-Bold.ttf", O_RDONLY|O_CLOEXEC) = 5
[pid 185425] 14:15:41.939293 openat(AT_FDCWD, "/home/dikluwe/.local/share/fonts/VictorMono/VictorMonoNerdFontPropo-Bold.ttf", O_RDONLY|O_CLOEXEC) = 5
[pid 185425] 14:15:41.939448 openat(AT_FDCWD, "/home/dikluwe/.local/share/fonts/VictorMono/VictorMonoNerdFont-Bold.ttf", O_RDONLY|O_CLOEXEC) = 5
[pid 185425] 14:15:41.939601 openat(AT_FDCWD, "/home/dikluwe/.local/share/fonts/VictorMono/VictorMonoNerdFontPropo-Light.ttf", O_RDONLY|O_CLOEXEC) = 5
[pid 185425] 14:15:41.939754 openat(AT_FDCWD, "/home/dikluwe/.local/share/fonts/VictorMono/VictorMonoNerdFont-Light.ttf", O_RDONLY|O_CLOEXEC) = 5
[pid 185425] 14:15:41.939913 openat(AT_FDCWD, "/home/dikluwe/.local/share/fonts/VictorMono/VictorMonoNerdFontMono-Light.ttf", O_RDONLY|O_CLOEXEC) = 5
[pid 185425] 14:15:41.940071 openat(AT_FDCWD, "/home/dikluwe/.local/share/fonts/VictorMono/VictorMonoNerdFontMono-SemiBold.ttf", O_RDONLY|O_CLOEXEC) = 5
[pid 185425] 14:15:41.940224 openat(AT_FDCWD, "/home/dikluwe/.local/share/fonts/VictorMono/VictorMonoNerdFontPropo-SemiBold.ttf", O_RDONLY|O_CLOEXEC) = 5
[pid 185425] 14:15:41.940403 openat(AT_FDCWD, "/home/dikluwe/.local/share/fonts/VictorMono/VictorMonoNerdFont-SemiBold.ttf", O_RDONLY|O_CLOEXEC) = 5
[pid 185425] 14:15:41.940605 openat(AT_FDCWD, "/home/dikluwe/.local/share/fonts/ZedMono", O_RDONLY|O_NONBLOCK|O_CLOEXEC|O_DIRECTORY) = 4
[pid 185425] 14:15:41.940895 openat(AT_FDCWD, "/home/dikluwe/.local/share/fonts/ZedMono/ZedMonoNerdFontMono-ExtendedBold.ttf", O_RDONLY|O_CLOEXEC) = 5
[pid 185425] 14:15:41.941136 openat(AT_FDCWD, "/home/dikluwe/.local/share/fonts/ZedMono/ZedMonoNerdFontPropo-ExtendedMedium.ttf", O_RDONLY|O_CLOEXEC) = 5
[pid 185425] 14:15:41.941309 openat(AT_FDCWD, "/home/dikluwe/.local/share/fonts/ZedMono/ZedMonoNerdFontMono-ExtendedLight.ttf", O_RDONLY|O_CLOEXEC) = 5
[pid 185425] 14:15:41.941477 openat(AT_FDCWD, "/home/dikluwe/.local/share/fonts/ZedMono/ZedMonoNerdFontMono-ExtendedMediumOblique.ttf", O_RDONLY|O_CLOEXEC) = 5
[pid 185425] 14:15:41.941635 openat(AT_FDCWD, "/home/dikluwe/.local/share/fonts/ZedMono/ZedMonoNerdFontPropo-ExtendedItalic.ttf", O_RDONLY|O_CLOEXEC) = 5
[pid 185425] 14:15:41.941795 openat(AT_FDCWD, "/home/dikluwe/.local/share/fonts/ZedMono/ZedMonoNerdFontPropo-ExtendedBold.ttf", O_RDONLY|O_CLOEXEC) = 5
[pid 185425] 14:15:41.941990 openat(AT_FDCWD, "/home/dikluwe/.local/share/fonts/ZedMono/ZedMonoNerdFontPropo-Extended.ttf", O_RDONLY|O_CLOEXEC) = 5
[pid 185425] 14:15:41.942167 openat(AT_FDCWD, "/home/dikluwe/.local/share/fonts/ZedMono/ZedMonoNerdFontMono-ExtendedExtraBoldOblique.ttf", O_RDONLY|O_CLOEXEC) = 5
[pid 185425] 14:15:41.942327 openat(AT_FDCWD, "/home/dikluwe/.local/share/fonts/ZedMono/ZedMonoNerdFontPropo-ExtendedExtraBoldOblique.ttf", O_RDONLY|O_CLOEXEC) = 5
[pid 185425] 14:15:41.942485 openat(AT_FDCWD, "/home/dikluwe/.local/share/fonts/ZedMono/ZedMonoNerdFont-ExtendedExtraBold.ttf", O_RDONLY|O_CLOEXEC) = 5
[pid 185425] 14:15:41.942643 openat(AT_FDCWD, "/home/dikluwe/.local/share/fonts/ZedMono/ZedMonoNerdFontPropo-ExtendedExtraBoldItalic.ttf", O_RDONLY|O_CLOEXEC) = 5
[pid 185425] 14:15:41.942811 openat(AT_FDCWD, "/home/dikluwe/.local/share/fonts/ZedMono/ZedMonoNerdFontMono-ExtendedExtraBold.ttf", O_RDONLY|O_CLOEXEC) = 5
[pid 185425] 14:15:41.942977 openat(AT_FDCWD, "/home/dikluwe/.local/share/fonts/ZedMono/ZedMonoNerdFont-ExtendedMediumItalic.ttf", O_RDONLY|O_CLOEXEC) = 5
[pid 185425] 14:15:41.943136 openat(AT_FDCWD, "/home/dikluwe/.local/share/fonts/ZedMono/ZedMonoNerdFontMono-ExtendedBoldOblique.ttf", O_RDONLY|O_CLOEXEC) = 5
[pid 185425] 14:15:41.943292 openat(AT_FDCWD, "/home/dikluwe/.local/share/fonts/ZedMono/ZedMonoNerdFontMono-ExtendedMedium.ttf", O_RDONLY|O_CLOEXEC) = 5
[pid 185425] 14:15:41.943464 openat(AT_FDCWD, "/home/dikluwe/.local/share/fonts/ZedMono/ZedMonoNerdFontPropo-ExtendedMediumOblique.ttf", O_RDONLY|O_CLOEXEC) = 5
[pid 185425] 14:15:41.943624 openat(AT_FDCWD, "/home/dikluwe/.local/share/fonts/ZedMono/ZedMonoNerdFont-Extended.ttf", O_RDONLY|O_CLOEXEC) = 5
[pid 185425] 14:15:41.943802 openat(AT_FDCWD, "/home/dikluwe/.local/share/fonts/ZedMono/ZedMonoNerdFontPropo-ExtendedBoldItalic.ttf", O_RDONLY|O_CLOEXEC) = 5
[pid 185425] 14:15:41.943977 openat(AT_FDCWD, "/home/dikluwe/.local/share/fonts/ZedMono/ZedMonoNerdFont-ExtendedOblique.ttf", O_RDONLY|O_CLOEXEC) = 5
[pid 185425] 14:15:41.944137 openat(AT_FDCWD, "/home/dikluwe/.local/share/fonts/ZedMono/ZedMonoNerdFont-ExtendedMedium.ttf", O_RDONLY|O_CLOEXEC) = 5
[pid 185425] 14:15:41.944293 openat(AT_FDCWD, "/home/dikluwe/.local/share/fonts/ZedMono/ZedMonoNerdFontPropo-ExtendedBoldOblique.ttf", O_RDONLY|O_CLOEXEC) = 5
[pid 185425] 14:15:41.944452 openat(AT_FDCWD, "/home/dikluwe/.local/share/fonts/ZedMono/ZedMonoNerdFontMono-ExtendedOblique.ttf", O_RDONLY|O_CLOEXEC) = 5
[pid 185425] 14:15:41.944609 openat(AT_FDCWD, "/home/dikluwe/.local/share/fonts/ZedMono/ZedMonoNerdFontPropo-ExtendedLightItalic.ttf", O_RDONLY|O_CLOEXEC) = 5
[pid 185425] 14:15:41.944764 openat(AT_FDCWD, "/home/dikluwe/.local/share/fonts/ZedMono/ZedMonoNerdFontPropo-ExtendedMediumItalic.ttf", O_RDONLY|O_CLOEXEC) = 5
[pid 185425] 14:15:41.944929 openat(AT_FDCWD, "/home/dikluwe/.local/share/fonts/ZedMono/ZedMonoNerdFontMono-ExtendedBoldItalic.ttf", O_RDONLY|O_CLOEXEC) = 5
[pid 185425] 14:15:41.945086 openat(AT_FDCWD, "/home/dikluwe/.local/share/fonts/ZedMono/ZedMonoNerdFont-ExtendedBold.ttf", O_RDONLY|O_CLOEXEC) = 5
[pid 185425] 14:15:41.945243 openat(AT_FDCWD, "/home/dikluwe/.local/share/fonts/ZedMono/ZedMonoNerdFontMono-ExtendedMediumItalic.ttf", O_RDONLY|O_CLOEXEC) = 5
[pid 185425] 14:15:41.945400 openat(AT_FDCWD, "/home/dikluwe/.local/share/fonts/ZedMono/ZedMonoNerdFontPropo-ExtendedExtraBold.ttf", O_RDONLY|O_CLOEXEC) = 5
[pid 185425] 14:15:41.945560 openat(AT_FDCWD, "/home/dikluwe/.local/share/fonts/ZedMono/ZedMonoNerdFontMono-Extended.ttf", O_RDONLY|O_CLOEXEC) = 5
[pid 185425] 14:15:41.945716 openat(AT_FDCWD, "/home/dikluwe/.local/share/fonts/ZedMono/ZedMonoNerdFont-ExtendedExtraBoldOblique.ttf", O_RDONLY|O_CLOEXEC) = 5
[pid 185425] 14:15:41.945873 openat(AT_FDCWD, "/home/dikluwe/.local/share/fonts/ZedMono/ZedMonoNerdFont-ExtendedMediumOblique.ttf", O_RDONLY|O_CLOEXEC) = 5
[pid 185425] 14:15:41.946038 openat(AT_FDCWD, "/home/dikluwe/.local/share/fonts/ZedMono/ZedMonoNerdFont-ExtendedItalic.ttf", O_RDONLY|O_CLOEXEC) = 5
[pid 185425] 14:15:41.946195 openat(AT_FDCWD, "/home/dikluwe/.local/share/fonts/ZedMono/ZedMonoNerdFontMono-ExtendedLightOblique.ttf", O_RDONLY|O_CLOEXEC) = 5
[pid 185425] 14:15:41.946353 openat(AT_FDCWD, "/home/dikluwe/.local/share/fonts/ZedMono/ZedMonoNerdFontMono-ExtendedItalic.ttf", O_RDONLY|O_CLOEXEC) = 5
[pid 185425] 14:15:41.946511 openat(AT_FDCWD, "/home/dikluwe/.local/share/fonts/ZedMono/ZedMonoNerdFontPropo-ExtendedLight.ttf", O_RDONLY|O_CLOEXEC) = 5
[pid 185425] 14:15:41.946665 openat(AT_FDCWD, "/home/dikluwe/.local/share/fonts/ZedMono/ZedMonoNerdFont-ExtendedBoldItalic.ttf", O_RDONLY|O_CLOEXEC) = 5
[pid 185425] 14:15:41.946824 openat(AT_FDCWD, "/home/dikluwe/.local/share/fonts/ZedMono/ZedMonoNerdFont-ExtendedExtraBoldItalic.ttf", O_RDONLY|O_CLOEXEC) = 5
[pid 185425] 14:15:41.946986 openat(AT_FDCWD, "/home/dikluwe/.local/share/fonts/ZedMono/ZedMonoNerdFont-ExtendedLightItalic.ttf", O_RDONLY|O_CLOEXEC) = 5
[pid 185425] 14:15:41.947144 openat(AT_FDCWD, "/home/dikluwe/.local/share/fonts/ZedMono/ZedMonoNerdFontMono-ExtendedExtraBoldItalic.ttf", O_RDONLY|O_CLOEXEC) = 5
[pid 185425] 14:15:41.947300 openat(AT_FDCWD, "/home/dikluwe/.local/share/fonts/ZedMono/ZedMonoNerdFontMono-ExtendedLightItalic.ttf", O_RDONLY|O_CLOEXEC) = 5
[pid 185425] 14:15:41.947456 openat(AT_FDCWD, "/home/dikluwe/.local/share/fonts/ZedMono/ZedMonoNerdFont-ExtendedLightOblique.ttf", O_RDONLY|O_CLOEXEC) = 5
[pid 185425] 14:15:41.947613 openat(AT_FDCWD, "/home/dikluwe/.local/share/fonts/ZedMono/ZedMonoNerdFontPropo-ExtendedLightOblique.ttf", O_RDONLY|O_CLOEXEC) = 5
[pid 185425] 14:15:41.947785 openat(AT_FDCWD, "/home/dikluwe/.local/share/fonts/ZedMono/ZedMonoNerdFont-ExtendedLight.ttf", O_RDONLY|O_CLOEXEC) = 5
[pid 185425] 14:15:41.947950 openat(AT_FDCWD, "/home/dikluwe/.local/share/fonts/ZedMono/ZedMonoNerdFont-ExtendedBoldOblique.ttf", O_RDONLY|O_CLOEXEC) = 5
[pid 185425] 14:15:41.948109 openat(AT_FDCWD, "/home/dikluwe/.local/share/fonts/ZedMono/ZedMonoNerdFontPropo-ExtendedOblique.ttf", O_RDONLY|O_CLOEXEC) = 5
[pid 185425] 14:15:41.948266 openat(AT_FDCWD, "/home/dikluwe/.local/share/fonts/ZedMono/ZedMonoNerdFontMono-Italic.ttf", O_RDONLY|O_CLOEXEC) = 5
[pid 185425] 14:15:41.948426 openat(AT_FDCWD, "/home/dikluwe/.local/share/fonts/ZedMono/ZedMonoNerdFontPropo-Oblique.ttf", O_RDONLY|O_CLOEXEC) = 5
[pid 185425] 14:15:41.948578 openat(AT_FDCWD, "/home/dikluwe/.local/share/fonts/ZedMono/ZedMonoNerdFont-BoldOblique.ttf", O_RDONLY|O_CLOEXEC) = 5
[pid 185425] 14:15:41.948731 openat(AT_FDCWD, "/home/dikluwe/.local/share/fonts/ZedMono/ZedMonoNerdFontPropo-Regular.ttf", O_RDONLY|O_CLOEXEC) = 5
[pid 185425] 14:15:41.948885 openat(AT_FDCWD, "/home/dikluwe/.local/share/fonts/ZedMono/ZedMonoNerdFontMono-Bold.ttf", O_RDONLY|O_CLOEXEC) = 5
[pid 185425] 14:15:41.949106 openat(AT_FDCWD, "/home/dikluwe/.local/share/fonts/ZedMono/ZedMonoNerdFont-BoldItalic.ttf", O_RDONLY|O_CLOEXEC) = 5
[pid 185425] 14:15:41.949283 openat(AT_FDCWD, "/home/dikluwe/.local/share/fonts/ZedMono/ZedMonoNerdFont-Regular.ttf", O_RDONLY|O_CLOEXEC) = 5
[pid 185425] 14:15:41.949461 openat(AT_FDCWD, "/home/dikluwe/.local/share/fonts/ZedMono/ZedMonoNerdFontMono-Light.ttf", O_RDONLY|O_CLOEXEC) = 5
[pid 185425] 14:15:41.949619 openat(AT_FDCWD, "/home/dikluwe/.local/share/fonts/ZedMono/ZedMonoNerdFont-LightOblique.ttf", O_RDONLY|O_CLOEXEC) = 5
[pid 185425] 14:15:41.949776 openat(AT_FDCWD, "/home/dikluwe/.local/share/fonts/ZedMono/ZedMonoNerdFont-ExtraBold.ttf", O_RDONLY|O_CLOEXEC) = 5
[pid 185425] 14:15:41.949937 openat(AT_FDCWD, "/home/dikluwe/.local/share/fonts/ZedMono/ZedMonoNerdFontMono-BoldItalic.ttf", O_RDONLY|O_CLOEXEC) = 5
[pid 185425] 14:15:41.950106 openat(AT_FDCWD, "/home/dikluwe/.local/share/fonts/ZedMono/ZedMonoNerdFontPropo-LightItalic.ttf", O_RDONLY|O_CLOEXEC) = 5
[pid 185425] 14:15:41.950262 openat(AT_FDCWD, "/home/dikluwe/.local/share/fonts/ZedMono/ZedMonoNerdFont-Medium.ttf", O_RDONLY|O_CLOEXEC) = 5
[pid 185425] 14:15:41.950419 openat(AT_FDCWD, "/home/dikluwe/.local/share/fonts/ZedMono/ZedMonoNerdFontPropo-ExtraBold.ttf", O_RDONLY|O_CLOEXEC) = 5
[pid 185425] 14:15:41.950575 openat(AT_FDCWD, "/home/dikluwe/.local/share/fonts/ZedMono/ZedMonoNerdFont-Oblique.ttf", O_RDONLY|O_CLOEXEC) = 5
[pid 185425] 14:15:41.950727 openat(AT_FDCWD, "/home/dikluwe/.local/share/fonts/ZedMono/ZedMonoNerdFontPropo-ExtraBoldItalic.ttf", O_RDONLY|O_CLOEXEC) = 5
[pid 185425] 14:15:41.950889 openat(AT_FDCWD, "/home/dikluwe/.local/share/fonts/ZedMono/ZedMonoNerdFontMono-ExtraBoldItalic.ttf", O_RDONLY|O_CLOEXEC) = 5
[pid 185425] 14:15:41.951050 openat(AT_FDCWD, "/home/dikluwe/.local/share/fonts/ZedMono/ZedMonoNerdFont-Italic.ttf", O_RDONLY|O_CLOEXEC) = 5
[pid 185425] 14:15:41.951206 openat(AT_FDCWD, "/home/dikluwe/.local/share/fonts/ZedMono/ZedMonoNerdFontPropo-Italic.ttf", O_RDONLY|O_CLOEXEC) = 5
[pid 185425] 14:15:41.951360 openat(AT_FDCWD, "/home/dikluwe/.local/share/fonts/ZedMono/ZedMonoNerdFontMono-LightOblique.ttf", O_RDONLY|O_CLOEXEC) = 5
[pid 185425] 14:15:41.951518 openat(AT_FDCWD, "/home/dikluwe/.local/share/fonts/ZedMono/ZedMonoNerdFont-ExtraBoldItalic.ttf", O_RDONLY|O_CLOEXEC) = 5
[pid 185425] 14:15:41.951673 openat(AT_FDCWD, "/home/dikluwe/.local/share/fonts/ZedMono/ZedMonoNerdFontMono-MediumItalic.ttf", O_RDONLY|O_CLOEXEC) = 5
[pid 185425] 14:15:41.951829 openat(AT_FDCWD, "/home/dikluwe/.local/share/fonts/ZedMono/ZedMonoNerdFontPropo-Light.ttf", O_RDONLY|O_CLOEXEC) = 5
[pid 185425] 14:15:41.951989 openat(AT_FDCWD, "/home/dikluwe/.local/share/fonts/ZedMono/ZedMonoNerdFont-LightItalic.ttf", O_RDONLY|O_CLOEXEC) = 5
[pid 185425] 14:15:41.952144 openat(AT_FDCWD, "/home/dikluwe/.local/share/fonts/ZedMono/ZedMonoNerdFontPropo-BoldOblique.ttf", O_RDONLY|O_CLOEXEC) = 5
[pid 185425] 14:15:41.952316 openat(AT_FDCWD, "/home/dikluwe/.local/share/fonts/ZedMono/ZedMonoNerdFont-MediumOblique.ttf", O_RDONLY|O_CLOEXEC) = 5
[pid 185425] 14:15:41.952471 openat(AT_FDCWD, "/home/dikluwe/.local/share/fonts/ZedMono/ZedMonoNerdFontPropo-Bold.ttf", O_RDONLY|O_CLOEXEC) = 5
[pid 185425] 14:15:41.952633 openat(AT_FDCWD, "/home/dikluwe/.local/share/fonts/ZedMono/ZedMonoNerdFontMono-Regular.ttf", O_RDONLY|O_CLOEXEC) = 5
[pid 185425] 14:15:41.952793 openat(AT_FDCWD, "/home/dikluwe/.local/share/fonts/ZedMono/ZedMonoNerdFont-ExtraBoldOblique.ttf", O_RDONLY|O_CLOEXEC) = 5
[pid 185425] 14:15:41.952955 openat(AT_FDCWD, "/home/dikluwe/.local/share/fonts/ZedMono/ZedMonoNerdFontMono-ExtraBoldOblique.ttf", O_RDONLY|O_CLOEXEC) = 5
[pid 185425] 14:15:41.953122 openat(AT_FDCWD, "/home/dikluwe/.local/share/fonts/ZedMono/ZedMonoNerdFont-Bold.ttf", O_RDONLY|O_CLOEXEC) = 5
[pid 185425] 14:15:41.953277 openat(AT_FDCWD, "/home/dikluwe/.local/share/fonts/ZedMono/ZedMonoNerdFontPropo-BoldItalic.ttf", O_RDONLY|O_CLOEXEC) = 5
[pid 185425] 14:15:41.953430 openat(AT_FDCWD, "/home/dikluwe/.local/share/fonts/ZedMono/ZedMonoNerdFontPropo-Medium.ttf", O_RDONLY|O_CLOEXEC) = 5
[pid 185425] 14:15:41.953586 openat(AT_FDCWD, "/home/dikluwe/.local/share/fonts/ZedMono/ZedMonoNerdFont-Light.ttf", O_RDONLY|O_CLOEXEC) = 5
[pid 185425] 14:15:41.953744 openat(AT_FDCWD, "/home/dikluwe/.local/share/fonts/ZedMono/ZedMonoNerdFontPropo-ExtraBoldOblique.ttf", O_RDONLY|O_CLOEXEC) = 5
[pid 185425] 14:15:41.953906 openat(AT_FDCWD, "/home/dikluwe/.local/share/fonts/ZedMono/ZedMonoNerdFontPropo-MediumItalic.ttf", O_RDONLY|O_CLOEXEC) = 5
[pid 185425] 14:15:41.954064 openat(AT_FDCWD, "/home/dikluwe/.local/share/fonts/ZedMono/ZedMonoNerdFontMono-ExtraBold.ttf", O_RDONLY|O_CLOEXEC) = 5
[pid 185425] 14:15:41.954230 openat(AT_FDCWD, "/home/dikluwe/.local/share/fonts/ZedMono/ZedMonoNerdFont-MediumItalic.ttf", O_RDONLY|O_CLOEXEC) = 5
[pid 185425] 14:15:41.954386 openat(AT_FDCWD, "/home/dikluwe/.local/share/fonts/ZedMono/ZedMonoNerdFontMono-MediumOblique.ttf", O_RDONLY|O_CLOEXEC) = 5
[pid 185425] 14:15:41.954542 openat(AT_FDCWD, "/home/dikluwe/.local/share/fonts/ZedMono/ZedMonoNerdFontPropo-MediumOblique.ttf", O_RDONLY|O_CLOEXEC) = 5
[pid 185425] 14:15:41.954695 openat(AT_FDCWD, "/home/dikluwe/.local/share/fonts/ZedMono/ZedMonoNerdFontPropo-LightOblique.ttf", O_RDONLY|O_CLOEXEC) = 5
[pid 185425] 14:15:41.954850 openat(AT_FDCWD, "/home/dikluwe/.local/share/fonts/ZedMono/ZedMonoNerdFontMono-Oblique.ttf", O_RDONLY|O_CLOEXEC) = 5
[pid 185425] 14:15:41.955021 openat(AT_FDCWD, "/home/dikluwe/.local/share/fonts/ZedMono/ZedMonoNerdFontMono-Medium.ttf", O_RDONLY|O_CLOEXEC) = 5
[pid 185425] 14:15:41.955181 openat(AT_FDCWD, "/home/dikluwe/.local/share/fonts/ZedMono/ZedMonoNerdFontMono-BoldOblique.ttf", O_RDONLY|O_CLOEXEC) = 5
[pid 185425] 14:15:41.955339 openat(AT_FDCWD, "/home/dikluwe/.local/share/fonts/ZedMono/ZedMonoNerdFontMono-LightItalic.ttf", O_RDONLY|O_CLOEXEC) = 5
[pid 185425] 14:15:41.955543 openat(AT_FDCWD, "/home/dikluwe/.local/share/fonts/Tinos", O_RDONLY|O_NONBLOCK|O_CLOEXEC|O_DIRECTORY) = 4
[pid 185425] 14:15:41.955673 openat(AT_FDCWD, "/home/dikluwe/.local/share/fonts/Tinos/TinosNerdFont-Italic.ttf", O_RDONLY|O_CLOEXEC) = 5
[pid 185425] 14:15:41.955830 openat(AT_FDCWD, "/home/dikluwe/.local/share/fonts/Tinos/TinosNerdFontPropo-Italic.ttf", O_RDONLY|O_CLOEXEC) = 5
[pid 185425] 14:15:41.955992 openat(AT_FDCWD, "/home/dikluwe/.local/share/fonts/Tinos/TinosNerdFontPropo-BoldItalic.ttf", O_RDONLY|O_CLOEXEC) = 5
[pid 185425] 14:15:41.956147 openat(AT_FDCWD, "/home/dikluwe/.local/share/fonts/Tinos/TinosNerdFont-BoldItalic.ttf", O_RDONLY|O_CLOEXEC) = 5
[pid 185425] 14:15:41.956312 openat(AT_FDCWD, "/home/dikluwe/.local/share/fonts/Tinos/TinosNerdFontPropo-Regular.ttf", O_RDONLY|O_CLOEXEC) = 5
[pid 185425] 14:15:41.956469 openat(AT_FDCWD, "/home/dikluwe/.local/share/fonts/Tinos/TinosNerdFont-Regular.ttf", O_RDONLY|O_CLOEXEC) = 5
[pid 185425] 14:15:41.956628 openat(AT_FDCWD, "/home/dikluwe/.local/share/fonts/Tinos/TinosNerdFont-Bold.ttf", O_RDONLY|O_CLOEXEC) = 5
[pid 185425] 14:15:41.956898 openat(AT_FDCWD, "/home/dikluwe/.local/share/fonts/Tinos/TinosNerdFontPropo-Bold.ttf", O_RDONLY|O_CLOEXEC) = 5
[pid 185425] 14:15:41.957153 openat(AT_FDCWD, "/home/dikluwe/.local/share/fonts/Ubuntu", O_RDONLY|O_NONBLOCK|O_CLOEXEC|O_DIRECTORY) = 4
[pid 185425] 14:15:41.957309 openat(AT_FDCWD, "/home/dikluwe/.local/share/fonts/Ubuntu/UbuntuNerdFont-LightItalic.ttf", O_RDONLY|O_CLOEXEC) = 5
[pid 185425] 14:15:41.957488 openat(AT_FDCWD, "/home/dikluwe/.local/share/fonts/Ubuntu/UbuntuNerdFontPropo-LightItalic.ttf", O_RDONLY|O_CLOEXEC) = 5
[pid 185425] 14:15:41.957656 openat(AT_FDCWD, "/home/dikluwe/.local/share/fonts/Ubuntu/UbuntuNerdFontPropo-MediumItalic.ttf", O_RDONLY|O_CLOEXEC) = 5
[pid 185425] 14:15:41.957819 openat(AT_FDCWD, "/home/dikluwe/.local/share/fonts/Ubuntu/UbuntuNerdFont-MediumItalic.ttf", O_RDONLY|O_CLOEXEC) = 5
[pid 185425] 14:15:41.957981 openat(AT_FDCWD, "/home/dikluwe/.local/share/fonts/Ubuntu/UbuntuNerdFontPropo-BoldItalic.ttf", O_RDONLY|O_CLOEXEC) = 5
[pid 185425] 14:15:41.958149 openat(AT_FDCWD, "/home/dikluwe/.local/share/fonts/Ubuntu/UbuntuNerdFont-BoldItalic.ttf", O_RDONLY|O_CLOEXEC) = 5
[pid 185425] 14:15:41.958303 openat(AT_FDCWD, "/home/dikluwe/.local/share/fonts/Ubuntu/UbuntuNerdFontPropo-Italic.ttf", O_RDONLY|O_CLOEXEC) = 5
[pid 185425] 14:15:41.958458 openat(AT_FDCWD, "/home/dikluwe/.local/share/fonts/Ubuntu/UbuntuNerdFont-Italic.ttf", O_RDONLY|O_CLOEXEC) = 5
[pid 185425] 14:15:41.958611 openat(AT_FDCWD, "/home/dikluwe/.local/share/fonts/Ubuntu/UbuntuNerdFont-Regular.ttf", O_RDONLY|O_CLOEXEC) = 5
[pid 185425] 14:15:41.958761 openat(AT_FDCWD, "/home/dikluwe/.local/share/fonts/Ubuntu/UbuntuNerdFontPropo-Regular.ttf", O_RDONLY|O_CLOEXEC) = 5
[pid 185425] 14:15:41.958920 openat(AT_FDCWD, "/home/dikluwe/.local/share/fonts/Ubuntu/UbuntuNerdFontPropo-Condensed.ttf", O_RDONLY|O_CLOEXEC) = 5
[pid 185425] 14:15:41.959076 openat(AT_FDCWD, "/home/dikluwe/.local/share/fonts/Ubuntu/UbuntuNerdFont-Condensed.ttf", O_RDONLY|O_CLOEXEC) = 5
[pid 185425] 14:15:41.959230 openat(AT_FDCWD, "/home/dikluwe/.local/share/fonts/Ubuntu/UbuntuNerdFont-Medium.ttf", O_RDONLY|O_CLOEXEC) = 5
[pid 185425] 14:15:41.959381 openat(AT_FDCWD, "/home/dikluwe/.local/share/fonts/Ubuntu/UbuntuNerdFontPropo-Medium.ttf", O_RDONLY|O_CLOEXEC) = 5
[pid 185425] 14:15:41.959535 openat(AT_FDCWD, "/home/dikluwe/.local/share/fonts/Ubuntu/UbuntuNerdFontPropo-Bold.ttf", O_RDONLY|O_CLOEXEC) = 5
[pid 185425] 14:15:41.959688 openat(AT_FDCWD, "/home/dikluwe/.local/share/fonts/Ubuntu/UbuntuNerdFont-Bold.ttf", O_RDONLY|O_CLOEXEC) = 5
[pid 185425] 14:15:41.959842 openat(AT_FDCWD, "/home/dikluwe/.local/share/fonts/Ubuntu/UbuntuNerdFont-Light.ttf", O_RDONLY|O_CLOEXEC) = 5
[pid 185425] 14:15:41.960004 openat(AT_FDCWD, "/home/dikluwe/.local/share/fonts/Ubuntu/UbuntuNerdFontPropo-Light.ttf", O_RDONLY|O_CLOEXEC) = 5
[pid 185425] 14:15:41.960205 openat(AT_FDCWD, "/home/dikluwe/.local/share/fonts/DejaVuSansMono", O_RDONLY|O_NONBLOCK|O_CLOEXEC|O_DIRECTORY) = 4
[pid 185425] 14:15:41.960336 openat(AT_FDCWD, "/home/dikluwe/.local/share/fonts/DejaVuSansMono/DejaVuSansMNerdFontPropo-Oblique.ttf", O_RDONLY|O_CLOEXEC) = 5
[pid 185425] 14:15:41.960499 openat(AT_FDCWD, "/home/dikluwe/.local/share/fonts/DejaVuSansMono/DejaVuSansMNerdFont-Oblique.ttf", O_RDONLY|O_CLOEXEC) = 5
[pid 185425] 14:15:41.960659 openat(AT_FDCWD, "/home/dikluwe/.local/share/fonts/DejaVuSansMono/DejaVuSansMNerdFontMono-Oblique.ttf", O_RDONLY|O_CLOEXEC) = 5
[pid 185425] 14:15:41.960814 openat(AT_FDCWD, "/home/dikluwe/.local/share/fonts/DejaVuSansMono/DejaVuSansMNerdFontPropo-BoldOblique.ttf", O_RDONLY|O_CLOEXEC) = 5
[pid 185425] 14:15:41.960979 openat(AT_FDCWD, "/home/dikluwe/.local/share/fonts/DejaVuSansMono/DejaVuSansMNerdFontMono-BoldOblique.ttf", O_RDONLY|O_CLOEXEC) = 5
[pid 185425] 14:15:41.961141 openat(AT_FDCWD, "/home/dikluwe/.local/share/fonts/DejaVuSansMono/DejaVuSansMNerdFont-BoldOblique.ttf", O_RDONLY|O_CLOEXEC) = 5
[pid 185425] 14:15:41.961300 openat(AT_FDCWD, "/home/dikluwe/.local/share/fonts/DejaVuSansMono/DejaVuSansMNerdFontPropo-Regular.ttf", O_RDONLY|O_CLOEXEC) = 5
[pid 185425] 14:15:41.961476 openat(AT_FDCWD, "/home/dikluwe/.local/share/fonts/DejaVuSansMono/DejaVuSansMNerdFont-Regular.ttf", O_RDONLY|O_CLOEXEC) = 5
[pid 185425] 14:15:41.961632 openat(AT_FDCWD, "/home/dikluwe/.local/share/fonts/DejaVuSansMono/DejaVuSansMNerdFontMono-Regular.ttf", O_RDONLY|O_CLOEXEC) = 5
[pid 185425] 14:15:41.961786 openat(AT_FDCWD, "/home/dikluwe/.local/share/fonts/DejaVuSansMono/DejaVuSansMNerdFont-Bold.ttf", O_RDONLY|O_CLOEXEC) = 5
[pid 185425] 14:15:41.961963 openat(AT_FDCWD, "/home/dikluwe/.local/share/fonts/DejaVuSansMono/DejaVuSansMNerdFontPropo-Bold.ttf", O_RDONLY|O_CLOEXEC) = 5
[pid 185425] 14:15:41.962141 openat(AT_FDCWD, "/home/dikluwe/.local/share/fonts/DejaVuSansMono/DejaVuSansMNerdFontMono-Bold.ttf", O_RDONLY|O_CLOEXEC) = 5
[pid 185425] 14:15:41.962387 openat(AT_FDCWD, "/home/dikluwe/.fonts", O_RDONLY|O_NONBLOCK|O_CLOEXEC|O_DIRECTORY) = -1 ENOENT (Arquivo ou diretório inexistente)
[pid 185425] 14:15:41.962446 openat(AT_FDCWD, "/usr/share/texmf/fonts/opentype/public/lm", O_RDONLY|O_NONBLOCK|O_CLOEXEC|O_DIRECTORY) = 3
[pid 185425] 14:15:41.962564 openat(AT_FDCWD, "/usr/share/texmf/fonts/opentype/public/lm/lmmono10-italic.otf", O_RDONLY|O_CLOEXEC) = 4
[pid 185425] 14:15:41.962710 openat(AT_FDCWD, "/usr/share/texmf/fonts/opentype/public/lm/lmmono10-regular.otf", O_RDONLY|O_CLOEXEC) = 4
[pid 185425] 14:15:41.962854 openat(AT_FDCWD, "/usr/share/texmf/fonts/opentype/public/lm/lmmono12-regular.otf", O_RDONLY|O_CLOEXEC) = 4
[pid 185425] 14:15:41.963011 openat(AT_FDCWD, "/usr/share/texmf/fonts/opentype/public/lm/lmmono8-regular.otf", O_RDONLY|O_CLOEXEC) = 4
[pid 185425] 14:15:41.963170 openat(AT_FDCWD, "/usr/share/texmf/fonts/opentype/public/lm/lmmono9-regular.otf", O_RDONLY|O_CLOEXEC) = 4
[pid 185425] 14:15:41.963313 openat(AT_FDCWD, "/usr/share/texmf/fonts/opentype/public/lm/lmmonocaps10-oblique.otf", O_RDONLY|O_CLOEXEC) = 4
[pid 185425] 14:15:41.963456 openat(AT_FDCWD, "/usr/share/texmf/fonts/opentype/public/lm/lmmonocaps10-regular.otf", O_RDONLY|O_CLOEXEC) = 4
[pid 185425] 14:15:41.963599 openat(AT_FDCWD, "/usr/share/texmf/fonts/opentype/public/lm/lmmonolt10-bold.otf", O_RDONLY|O_CLOEXEC) = 4
[pid 185425] 14:15:41.963741 openat(AT_FDCWD, "/usr/share/texmf/fonts/opentype/public/lm/lmmonolt10-boldoblique.otf", O_RDONLY|O_CLOEXEC) = 4
[pid 185425] 14:15:41.963884 openat(AT_FDCWD, "/usr/share/texmf/fonts/opentype/public/lm/lmmonolt10-oblique.otf", O_RDONLY|O_CLOEXEC) = 4
[pid 185425] 14:15:41.964043 openat(AT_FDCWD, "/usr/share/texmf/fonts/opentype/public/lm/lmmonolt10-regular.otf", O_RDONLY|O_CLOEXEC) = 4
[pid 185425] 14:15:41.964196 openat(AT_FDCWD, "/usr/share/texmf/fonts/opentype/public/lm/lmmonoltcond10-oblique.otf", O_RDONLY|O_CLOEXEC) = 4
[pid 185425] 14:15:41.964339 openat(AT_FDCWD, "/usr/share/texmf/fonts/opentype/public/lm/lmmonoltcond10-regular.otf", O_RDONLY|O_CLOEXEC) = 4
[pid 185425] 14:15:41.964481 openat(AT_FDCWD, "/usr/share/texmf/fonts/opentype/public/lm/lmmonoprop10-oblique.otf", O_RDONLY|O_CLOEXEC) = 4
[pid 185425] 14:15:41.964650 openat(AT_FDCWD, "/usr/share/texmf/fonts/opentype/public/lm/lmmonoprop10-regular.otf", O_RDONLY|O_CLOEXEC) = 4
[pid 185425] 14:15:41.964846 openat(AT_FDCWD, "/usr/share/texmf/fonts/opentype/public/lm/lmmonoproplt10-bold.otf", O_RDONLY|O_CLOEXEC) = 4
[pid 185425] 14:15:41.965019 openat(AT_FDCWD, "/usr/share/texmf/fonts/opentype/public/lm/lmmonoproplt10-boldoblique.otf", O_RDONLY|O_CLOEXEC) = 4
[pid 185425] 14:15:41.965186 openat(AT_FDCWD, "/usr/share/texmf/fonts/opentype/public/lm/lmmonoproplt10-oblique.otf", O_RDONLY|O_CLOEXEC) = 4
[pid 185425] 14:15:41.965350 openat(AT_FDCWD, "/usr/share/texmf/fonts/opentype/public/lm/lmmonoproplt10-regular.otf", O_RDONLY|O_CLOEXEC) = 4
[pid 185425] 14:15:41.965510 openat(AT_FDCWD, "/usr/share/texmf/fonts/opentype/public/lm/lmmonoslant10-regular.otf", O_RDONLY|O_CLOEXEC) = 4
[pid 185425] 14:15:41.965653 openat(AT_FDCWD, "/usr/share/texmf/fonts/opentype/public/lm/lmroman10-bold.otf", O_RDONLY|O_CLOEXEC) = 4
[pid 185425] 14:15:41.965814 openat(AT_FDCWD, "/usr/share/texmf/fonts/opentype/public/lm/lmroman10-bolditalic.otf", O_RDONLY|O_CLOEXEC) = 4
[pid 185425] 14:15:41.965967 openat(AT_FDCWD, "/usr/share/texmf/fonts/opentype/public/lm/lmroman10-italic.otf", O_RDONLY|O_CLOEXEC) = 4
[pid 185425] 14:15:41.966209 openat(AT_FDCWD, "/usr/share/texmf/fonts/opentype/public/lm/lmroman10-regular.otf", O_RDONLY|O_CLOEXEC) = 4
[pid 185425] 14:15:41.966363 openat(AT_FDCWD, "/usr/share/texmf/fonts/opentype/public/lm/lmroman12-bold.otf", O_RDONLY|O_CLOEXEC) = 4
[pid 185425] 14:15:41.966519 openat(AT_FDCWD, "/usr/share/texmf/fonts/opentype/public/lm/lmroman12-italic.otf", O_RDONLY|O_CLOEXEC) = 4
[pid 185425] 14:15:41.966690 openat(AT_FDCWD, "/usr/share/texmf/fonts/opentype/public/lm/lmroman12-regular.otf", O_RDONLY|O_CLOEXEC) = 4
[pid 185425] 14:15:41.966833 openat(AT_FDCWD, "/usr/share/texmf/fonts/opentype/public/lm/lmroman17-regular.otf", O_RDONLY|O_CLOEXEC) = 4
[pid 185425] 14:15:41.966980 openat(AT_FDCWD, "/usr/share/texmf/fonts/opentype/public/lm/lmroman5-bold.otf", O_RDONLY|O_CLOEXEC) = 4
[pid 185425] 14:15:41.967137 openat(AT_FDCWD, "/usr/share/texmf/fonts/opentype/public/lm/lmroman5-regular.otf", O_RDONLY|O_CLOEXEC) = 4
[pid 185425] 14:15:41.967282 openat(AT_FDCWD, "/usr/share/texmf/fonts/opentype/public/lm/lmroman6-bold.otf", O_RDONLY|O_CLOEXEC) = 4
[pid 185425] 14:15:41.967425 openat(AT_FDCWD, "/usr/share/texmf/fonts/opentype/public/lm/lmroman6-regular.otf", O_RDONLY|O_CLOEXEC) = 4
[pid 185425] 14:15:41.967569 openat(AT_FDCWD, "/usr/share/texmf/fonts/opentype/public/lm/lmroman7-bold.otf", O_RDONLY|O_CLOEXEC) = 4
[pid 185425] 14:15:41.967723 openat(AT_FDCWD, "/usr/share/texmf/fonts/opentype/public/lm/lmroman7-italic.otf", O_RDONLY|O_CLOEXEC) = 4
[pid 185425] 14:15:41.967868 openat(AT_FDCWD, "/usr/share/texmf/fonts/opentype/public/lm/lmroman7-regular.otf", O_RDONLY|O_CLOEXEC) = 4
[pid 185425] 14:15:41.968019 openat(AT_FDCWD, "/usr/share/texmf/fonts/opentype/public/lm/lmroman8-bold.otf", O_RDONLY|O_CLOEXEC) = 4
[pid 185425] 14:15:41.968163 openat(AT_FDCWD, "/usr/share/texmf/fonts/opentype/public/lm/lmroman8-italic.otf", O_RDONLY|O_CLOEXEC) = 4
[pid 185425] 14:15:41.968308 openat(AT_FDCWD, "/usr/share/texmf/fonts/opentype/public/lm/lmroman8-regular.otf", O_RDONLY|O_CLOEXEC) = 4
[pid 185425] 14:15:41.968451 openat(AT_FDCWD, "/usr/share/texmf/fonts/opentype/public/lm/lmroman9-bold.otf", O_RDONLY|O_CLOEXEC) = 4
[pid 185425] 14:15:41.968596 openat(AT_FDCWD, "/usr/share/texmf/fonts/opentype/public/lm/lmroman9-italic.otf", O_RDONLY|O_CLOEXEC) = 4
[pid 185425] 14:15:41.968744 openat(AT_FDCWD, "/usr/share/texmf/fonts/opentype/public/lm/lmroman9-regular.otf", O_RDONLY|O_CLOEXEC) = 4
[pid 185425] 14:15:41.968889 openat(AT_FDCWD, "/usr/share/texmf/fonts/opentype/public/lm/lmromancaps10-oblique.otf", O_RDONLY|O_CLOEXEC) = 4
[pid 185425] 14:15:41.969042 openat(AT_FDCWD, "/usr/share/texmf/fonts/opentype/public/lm/lmromancaps10-regular.otf", O_RDONLY|O_CLOEXEC) = 4
[pid 185425] 14:15:41.969187 openat(AT_FDCWD, "/usr/share/texmf/fonts/opentype/public/lm/lmromandemi10-oblique.otf", O_RDONLY|O_CLOEXEC) = 4
[pid 185425] 14:15:41.969331 openat(AT_FDCWD, "/usr/share/texmf/fonts/opentype/public/lm/lmromandemi10-regular.otf", O_RDONLY|O_CLOEXEC) = 4
[pid 185425] 14:15:41.969475 openat(AT_FDCWD, "/usr/share/texmf/fonts/opentype/public/lm/lmromandunh10-oblique.otf", O_RDONLY|O_CLOEXEC) = 4
[pid 185425] 14:15:41.969618 openat(AT_FDCWD, "/usr/share/texmf/fonts/opentype/public/lm/lmromandunh10-regular.otf", O_RDONLY|O_CLOEXEC) = 4
[pid 185425] 14:15:41.969762 openat(AT_FDCWD, "/usr/share/texmf/fonts/opentype/public/lm/lmromanslant10-bold.otf", O_RDONLY|O_CLOEXEC) = 4
[pid 185425] 14:15:41.969910 openat(AT_FDCWD, "/usr/share/texmf/fonts/opentype/public/lm/lmromanslant10-regular.otf", O_RDONLY|O_CLOEXEC) = 4
[pid 185425] 14:15:41.970056 openat(AT_FDCWD, "/usr/share/texmf/fonts/opentype/public/lm/lmromanslant12-regular.otf", O_RDONLY|O_CLOEXEC) = 4
[pid 185425] 14:15:41.970200 openat(AT_FDCWD, "/usr/share/texmf/fonts/opentype/public/lm/lmromanslant17-regular.otf", O_RDONLY|O_CLOEXEC) = 4
[pid 185425] 14:15:41.970362 openat(AT_FDCWD, "/usr/share/texmf/fonts/opentype/public/lm/lmromanslant8-regular.otf", O_RDONLY|O_CLOEXEC) = 4
[pid 185425] 14:15:41.970508 openat(AT_FDCWD, "/usr/share/texmf/fonts/opentype/public/lm/lmromanslant9-regular.otf", O_RDONLY|O_CLOEXEC) = 4
[pid 185425] 14:15:41.970655 openat(AT_FDCWD, "/usr/share/texmf/fonts/opentype/public/lm/lmromanunsl10-regular.otf", O_RDONLY|O_CLOEXEC) = 4
[pid 185425] 14:15:41.970810 openat(AT_FDCWD, "/usr/share/texmf/fonts/opentype/public/lm/lmsans10-bold.otf", O_RDONLY|O_CLOEXEC) = 4
[pid 185425] 14:15:41.970981 openat(AT_FDCWD, "/usr/share/texmf/fonts/opentype/public/lm/lmsans10-boldoblique.otf", O_RDONLY|O_CLOEXEC) = 4
[pid 185425] 14:15:41.971149 openat(AT_FDCWD, "/usr/share/texmf/fonts/opentype/public/lm/lmsans10-oblique.otf", O_RDONLY|O_CLOEXEC) = 4
[pid 185425] 14:15:41.971304 openat(AT_FDCWD, "/usr/share/texmf/fonts/opentype/public/lm/lmsans10-regular.otf", O_RDONLY|O_CLOEXEC) = 4
[pid 185425] 14:15:41.971451 openat(AT_FDCWD, "/usr/share/texmf/fonts/opentype/public/lm/lmsans12-oblique.otf", O_RDONLY|O_CLOEXEC) = 4
[pid 185425] 14:15:41.971594 openat(AT_FDCWD, "/usr/share/texmf/fonts/opentype/public/lm/lmsans12-regular.otf", O_RDONLY|O_CLOEXEC) = 4
[pid 185425] 14:15:41.971751 openat(AT_FDCWD, "/usr/share/texmf/fonts/opentype/public/lm/lmsans17-oblique.otf", O_RDONLY|O_CLOEXEC) = 4
[pid 185425] 14:15:41.971898 openat(AT_FDCWD, "/usr/share/texmf/fonts/opentype/public/lm/lmsans17-regular.otf", O_RDONLY|O_CLOEXEC) = 4
[pid 185425] 14:15:41.972057 openat(AT_FDCWD, "/usr/share/texmf/fonts/opentype/public/lm/lmsans8-oblique.otf", O_RDONLY|O_CLOEXEC) = 4
[pid 185425] 14:15:41.972202 openat(AT_FDCWD, "/usr/share/texmf/fonts/opentype/public/lm/lmsans8-regular.otf", O_RDONLY|O_CLOEXEC) = 4
[pid 185425] 14:15:41.972352 openat(AT_FDCWD, "/usr/share/texmf/fonts/opentype/public/lm/lmsans9-oblique.otf", O_RDONLY|O_CLOEXEC) = 4
[pid 185425] 14:15:41.972498 openat(AT_FDCWD, "/usr/share/texmf/fonts/opentype/public/lm/lmsans9-regular.otf", O_RDONLY|O_CLOEXEC) = 4
[pid 185425] 14:15:41.972656 openat(AT_FDCWD, "/usr/share/texmf/fonts/opentype/public/lm/lmsansdemicond10-oblique.otf", O_RDONLY|O_CLOEXEC) = 4
[pid 185425] 14:15:41.972817 openat(AT_FDCWD, "/usr/share/texmf/fonts/opentype/public/lm/lmsansdemicond10-regular.otf", O_RDONLY|O_CLOEXEC) = 4
[pid 185425] 14:15:41.972970 openat(AT_FDCWD, "/usr/share/texmf/fonts/opentype/public/lm/lmsansquot8-bold.otf", O_RDONLY|O_CLOEXEC) = 4
[pid 185425] 14:15:41.973118 openat(AT_FDCWD, "/usr/share/texmf/fonts/opentype/public/lm/lmsansquot8-boldoblique.otf", O_RDONLY|O_CLOEXEC) = 4
[pid 185425] 14:15:41.973263 openat(AT_FDCWD, "/usr/share/texmf/fonts/opentype/public/lm/lmsansquot8-oblique.otf", O_RDONLY|O_CLOEXEC) = 4
[pid 185425] 14:15:41.973410 openat(AT_FDCWD, "/usr/share/texmf/fonts/opentype/public/lm/lmsansquot8-regular.otf", O_RDONLY|O_CLOEXEC) = 4
[pid 185425] 14:15:41.973602 openat(AT_FDCWD, "/usr/share/texmf/fonts/opentype/public/lm-math", O_RDONLY|O_NONBLOCK|O_CLOEXEC|O_DIRECTORY) = 3
[pid 185425] 14:15:41.973703 openat(AT_FDCWD, "/usr/share/texmf/fonts/opentype/public/lm-math/latinmodern-math.otf", O_RDONLY|O_CLOEXEC) = 4
[pid 185425] 14:15:41.973887 openat(AT_FDCWD, "/usr/share/texmf/fonts/opentype/public/tex-gyre", O_RDONLY|O_NONBLOCK|O_CLOEXEC|O_DIRECTORY) = 3
[pid 185425] 14:15:41.974000 openat(AT_FDCWD, "/usr/share/texmf/fonts/opentype/public/tex-gyre/texgyreadventor-bold.otf", O_RDONLY|O_CLOEXEC) = 4
[pid 185425] 14:15:41.974148 openat(AT_FDCWD, "/usr/share/texmf/fonts/opentype/public/tex-gyre/texgyreadventor-bolditalic.otf", O_RDONLY|O_CLOEXEC) = 4
[pid 185425] 14:15:41.974292 openat(AT_FDCWD, "/usr/share/texmf/fonts/opentype/public/tex-gyre/texgyreadventor-italic.otf", O_RDONLY|O_CLOEXEC) = 4
[pid 185425] 14:15:41.974437 openat(AT_FDCWD, "/usr/share/texmf/fonts/opentype/public/tex-gyre/texgyreadventor-regular.otf", O_RDONLY|O_CLOEXEC) = 4
[pid 185425] 14:15:41.974581 openat(AT_FDCWD, "/usr/share/texmf/fonts/opentype/public/tex-gyre/texgyrebonum-bold.otf", O_RDONLY|O_CLOEXEC) = 4
[pid 185425] 14:15:41.974729 openat(AT_FDCWD, "/usr/share/texmf/fonts/opentype/public/tex-gyre/texgyrebonum-bolditalic.otf", O_RDONLY|O_CLOEXEC) = 4
[pid 185425] 14:15:41.974877 openat(AT_FDCWD, "/usr/share/texmf/fonts/opentype/public/tex-gyre/texgyrebonum-italic.otf", O_RDONLY|O_CLOEXEC) = 4
[pid 185425] 14:15:41.975027 openat(AT_FDCWD, "/usr/share/texmf/fonts/opentype/public/tex-gyre/texgyrebonum-regular.otf", O_RDONLY|O_CLOEXEC) = 4
[pid 185425] 14:15:41.975171 openat(AT_FDCWD, "/usr/share/texmf/fonts/opentype/public/tex-gyre/texgyrechorus-mediumitalic.otf", O_RDONLY|O_CLOEXEC) = 4
[pid 185425] 14:15:41.975314 openat(AT_FDCWD, "/usr/share/texmf/fonts/opentype/public/tex-gyre/texgyrecursor-bold.otf", O_RDONLY|O_CLOEXEC) = 4
[pid 185425] 14:15:41.975458 openat(AT_FDCWD, "/usr/share/texmf/fonts/opentype/public/tex-gyre/texgyrecursor-bolditalic.otf", O_RDONLY|O_CLOEXEC) = 4
[pid 185425] 14:15:41.975603 openat(AT_FDCWD, "/usr/share/texmf/fonts/opentype/public/tex-gyre/texgyrecursor-italic.otf", O_RDONLY|O_CLOEXEC) = 4
[pid 185425] 14:15:41.975746 openat(AT_FDCWD, "/usr/share/texmf/fonts/opentype/public/tex-gyre/texgyrecursor-regular.otf", O_RDONLY|O_CLOEXEC) = 4
[pid 185425] 14:15:41.975889 openat(AT_FDCWD, "/usr/share/texmf/fonts/opentype/public/tex-gyre/texgyreheros-bold.otf", O_RDONLY|O_CLOEXEC) = 4
[pid 185425] 14:15:41.976036 openat(AT_FDCWD, "/usr/share/texmf/fonts/opentype/public/tex-gyre/texgyreheros-bolditalic.otf", O_RDONLY|O_CLOEXEC) = 4
[pid 185425] 14:15:41.976181 openat(AT_FDCWD, "/usr/share/texmf/fonts/opentype/public/tex-gyre/texgyreheros-italic.otf", O_RDONLY|O_CLOEXEC) = 4
[pid 185425] 14:15:41.976323 openat(AT_FDCWD, "/usr/share/texmf/fonts/opentype/public/tex-gyre/texgyreheros-regular.otf", O_RDONLY|O_CLOEXEC) = 4
[pid 185425] 14:15:41.976467 openat(AT_FDCWD, "/usr/share/texmf/fonts/opentype/public/tex-gyre/texgyreheroscn-bold.otf", O_RDONLY|O_CLOEXEC) = 4
[pid 185425] 14:15:41.976614 openat(AT_FDCWD, "/usr/share/texmf/fonts/opentype/public/tex-gyre/texgyreheroscn-bolditalic.otf", O_RDONLY|O_CLOEXEC) = 4
[pid 185425] 14:15:41.976758 openat(AT_FDCWD, "/usr/share/texmf/fonts/opentype/public/tex-gyre/texgyreheroscn-italic.otf", O_RDONLY|O_CLOEXEC) = 4
[pid 185425] 14:15:41.976906 openat(AT_FDCWD, "/usr/share/texmf/fonts/opentype/public/tex-gyre/texgyreheroscn-regular.otf", O_RDONLY|O_CLOEXEC) = 4
[pid 185425] 14:15:41.977052 openat(AT_FDCWD, "/usr/share/texmf/fonts/opentype/public/tex-gyre/texgyrepagella-bold.otf", O_RDONLY|O_CLOEXEC) = 4
[pid 185425] 14:15:41.977197 openat(AT_FDCWD, "/usr/share/texmf/fonts/opentype/public/tex-gyre/texgyrepagella-bolditalic.otf", O_RDONLY|O_CLOEXEC) = 4
[pid 185425] 14:15:41.977340 openat(AT_FDCWD, "/usr/share/texmf/fonts/opentype/public/tex-gyre/texgyrepagella-italic.otf", O_RDONLY|O_CLOEXEC) = 4
[pid 185425] 14:15:41.977485 openat(AT_FDCWD, "/usr/share/texmf/fonts/opentype/public/tex-gyre/texgyrepagella-regular.otf", O_RDONLY|O_CLOEXEC) = 4
[pid 185425] 14:15:41.977629 openat(AT_FDCWD, "/usr/share/texmf/fonts/opentype/public/tex-gyre/texgyreschola-bold.otf", O_RDONLY|O_CLOEXEC) = 4
[pid 185425] 14:15:41.977773 openat(AT_FDCWD, "/usr/share/texmf/fonts/opentype/public/tex-gyre/texgyreschola-bolditalic.otf", O_RDONLY|O_CLOEXEC) = 4
[pid 185425] 14:15:41.977950 openat(AT_FDCWD, "/usr/share/texmf/fonts/opentype/public/tex-gyre/texgyreschola-italic.otf", O_RDONLY|O_CLOEXEC) = 4
[pid 185425] 14:15:41.978098 openat(AT_FDCWD, "/usr/share/texmf/fonts/opentype/public/tex-gyre/texgyreschola-regular.otf", O_RDONLY|O_CLOEXEC) = 4
[pid 185425] 14:15:41.978242 openat(AT_FDCWD, "/usr/share/texmf/fonts/opentype/public/tex-gyre/texgyretermes-bold.otf", O_RDONLY|O_CLOEXEC) = 4
[pid 185425] 14:15:41.978388 openat(AT_FDCWD, "/usr/share/texmf/fonts/opentype/public/tex-gyre/texgyretermes-bolditalic.otf", O_RDONLY|O_CLOEXEC) = 4
[pid 185425] 14:15:41.978531 openat(AT_FDCWD, "/usr/share/texmf/fonts/opentype/public/tex-gyre/texgyretermes-italic.otf", O_RDONLY|O_CLOEXEC) = 4
[pid 185425] 14:15:41.978678 openat(AT_FDCWD, "/usr/share/texmf/fonts/opentype/public/tex-gyre/texgyretermes-regular.otf", O_RDONLY|O_CLOEXEC) = 4
[pid 185425] 14:15:41.978880 openat(AT_FDCWD, "/usr/share/texmf/fonts/opentype/public/tex-gyre-math", O_RDONLY|O_NONBLOCK|O_CLOEXEC|O_DIRECTORY) = 3
[pid 185425] 14:15:41.978988 openat(AT_FDCWD, "/usr/share/texmf/fonts/opentype/public/tex-gyre-math/texgyrebonum-math.otf", O_RDONLY|O_CLOEXEC) = 4
[pid 185425] 14:15:41.979144 openat(AT_FDCWD, "/usr/share/texmf/fonts/opentype/public/tex-gyre-math/texgyredejavu-math.otf", O_RDONLY|O_CLOEXEC) = 4
[pid 185425] 14:15:41.979289 openat(AT_FDCWD, "/usr/share/texmf/fonts/opentype/public/tex-gyre-math/texgyrepagella-math.otf", O_RDONLY|O_CLOEXEC) = 4
[pid 185425] 14:15:41.979433 openat(AT_FDCWD, "/usr/share/texmf/fonts/opentype/public/tex-gyre-math/texgyreschola-math.otf", O_RDONLY|O_CLOEXEC) = 4
[pid 185425] 14:15:41.979578 openat(AT_FDCWD, "/usr/share/texmf/fonts/opentype/public/tex-gyre-math/texgyretermes-math.otf", O_RDONLY|O_CLOEXEC) = 4
[pid 185425] 14:15:41.979931 openat(AT_FDCWD, "/usr/share/javascript/mathjax/fonts/HTML-CSS/TeX/otf/MathJax_AMS-Regular.otf", O_RDONLY|O_CLOEXEC) = 3
[pid 185425] 14:15:41.980130 openat(AT_FDCWD, "/usr/share/javascript/mathjax/fonts/HTML-CSS/TeX/otf/MathJax_Caligraphic-Bold.otf", O_RDONLY|O_CLOEXEC) = 3
[pid 185425] 14:15:41.980275 openat(AT_FDCWD, "/usr/share/javascript/mathjax/fonts/HTML-CSS/TeX/otf/MathJax_Caligraphic-Regular.otf", O_RDONLY|O_CLOEXEC) = 3
[pid 185425] 14:15:41.980418 openat(AT_FDCWD, "/usr/share/javascript/mathjax/fonts/HTML-CSS/TeX/otf/MathJax_Fraktur-Bold.otf", O_RDONLY|O_CLOEXEC) = 3
[pid 185425] 14:15:41.980563 openat(AT_FDCWD, "/usr/share/javascript/mathjax/fonts/HTML-CSS/TeX/otf/MathJax_Fraktur-Regular.otf", O_RDONLY|O_CLOEXEC) = 3
[pid 185425] 14:15:41.980709 openat(AT_FDCWD, "/usr/share/javascript/mathjax/fonts/HTML-CSS/TeX/otf/MathJax_Main-Bold.otf", O_RDONLY|O_CLOEXEC) = 3
[pid 185425] 14:15:41.980859 openat(AT_FDCWD, "/usr/share/javascript/mathjax/fonts/HTML-CSS/TeX/otf/MathJax_Main-Italic.otf", O_RDONLY|O_CLOEXEC) = 3
[pid 185425] 14:15:41.981086 openat(AT_FDCWD, "/usr/share/javascript/mathjax/fonts/HTML-CSS/TeX/otf/MathJax_Main-Regular.otf", O_RDONLY|O_CLOEXEC) = 3
[pid 185425] 14:15:41.981298 openat(AT_FDCWD, "/usr/share/javascript/mathjax/fonts/HTML-CSS/TeX/otf/MathJax_Math-BoldItalic.otf", O_RDONLY|O_CLOEXEC) = 3
[pid 185425] 14:15:41.981465 openat(AT_FDCWD, "/usr/share/javascript/mathjax/fonts/HTML-CSS/TeX/otf/MathJax_Math-Italic.otf", O_RDONLY|O_CLOEXEC) = 3
[pid 185425] 14:15:41.981625 openat(AT_FDCWD, "/usr/share/javascript/mathjax/fonts/HTML-CSS/TeX/otf/MathJax_Math-Regular.otf", O_RDONLY|O_CLOEXEC) = 3
[pid 185425] 14:15:41.981784 openat(AT_FDCWD, "/usr/share/javascript/mathjax/fonts/HTML-CSS/TeX/otf/MathJax_SansSerif-Bold.otf", O_RDONLY|O_CLOEXEC) = 3
[pid 185425] 14:15:41.981949 openat(AT_FDCWD, "/usr/share/javascript/mathjax/fonts/HTML-CSS/TeX/otf/MathJax_SansSerif-Italic.otf", O_RDONLY|O_CLOEXEC) = 3
[pid 185425] 14:15:41.982108 openat(AT_FDCWD, "/usr/share/javascript/mathjax/fonts/HTML-CSS/TeX/otf/MathJax_SansSerif-Regular.otf", O_RDONLY|O_CLOEXEC) = 3
[pid 185425] 14:15:41.982264 openat(AT_FDCWD, "/usr/share/javascript/mathjax/fonts/HTML-CSS/TeX/otf/MathJax_Script-Regular.otf", O_RDONLY|O_CLOEXEC) = 3
[pid 185425] 14:15:41.982418 openat(AT_FDCWD, "/usr/share/javascript/mathjax/fonts/HTML-CSS/TeX/otf/MathJax_Size1-Regular.otf", O_RDONLY|O_CLOEXEC) = 3
[pid 185425] 14:15:41.982573 openat(AT_FDCWD, "/usr/share/javascript/mathjax/fonts/HTML-CSS/TeX/otf/MathJax_Size2-Regular.otf", O_RDONLY|O_CLOEXEC) = 3
[pid 185425] 14:15:41.982716 openat(AT_FDCWD, "/usr/share/javascript/mathjax/fonts/HTML-CSS/TeX/otf/MathJax_Size3-Regular.otf", O_RDONLY|O_CLOEXEC) = 3
[pid 185425] 14:15:41.982858 openat(AT_FDCWD, "/usr/share/javascript/mathjax/fonts/HTML-CSS/TeX/otf/MathJax_Size4-Regular.otf", O_RDONLY|O_CLOEXEC) = 3
[pid 185425] 14:15:41.983007 openat(AT_FDCWD, "/usr/share/javascript/mathjax/fonts/HTML-CSS/TeX/otf/MathJax_Typewriter-Regular.otf", O_RDONLY|O_CLOEXEC) = 3
[pid 185425] 14:15:41.983159 openat(AT_FDCWD, "/usr/share/javascript/mathjax/fonts/HTML-CSS/TeX/otf/MathJax_Vector-Bold.otf", O_RDONLY|O_CLOEXEC) = 3
[pid 185425] 14:15:41.983325 openat(AT_FDCWD, "/usr/share/javascript/mathjax/fonts/HTML-CSS/TeX/otf/MathJax_Vector-Regular.otf", O_RDONLY|O_CLOEXEC) = 3
[pid 185425] 14:15:41.983468 openat(AT_FDCWD, "/usr/share/javascript/mathjax/fonts/HTML-CSS/TeX/otf/MathJax_WinChrome-Regular.otf", O_RDONLY|O_CLOEXEC) = 3
[pid 185425] 14:15:41.983612 openat(AT_FDCWD, "/usr/share/javascript/mathjax/fonts/HTML-CSS/TeX/otf/MathJax_WinIE6-Regular.otf", O_RDONLY|O_CLOEXEC) = 3
[pid 185425] 14:15:41.983760 openat(AT_FDCWD, "/usr/share/fonts/opentype/noto/NotoSansCJK-Bold.ttc", O_RDONLY|O_CLOEXEC) = 3
[pid 185425] 14:15:41.986184 openat(AT_FDCWD, "/usr/share/fonts/opentype/noto/NotoSansCJK-Bold.ttc", O_RDONLY|O_CLOEXEC) = 3
[pid 185425] 14:15:41.988233 openat(AT_FDCWD, "/usr/share/fonts/opentype/noto/NotoSansCJK-Bold.ttc", O_RDONLY|O_CLOEXEC) = 3
[pid 185425] 14:15:41.989739 openat(AT_FDCWD, "/usr/share/fonts/opentype/noto/NotoSansCJK-Bold.ttc", O_RDONLY|O_CLOEXEC) = 3
[pid 185425] 14:15:41.991259 openat(AT_FDCWD, "/usr/share/fonts/opentype/noto/NotoSansCJK-Bold.ttc", O_RDONLY|O_CLOEXEC) = 3
[pid 185425] 14:15:41.992776 openat(AT_FDCWD, "/usr/share/fonts/opentype/noto/NotoSansCJK-Bold.ttc", O_RDONLY|O_CLOEXEC) = 3
[pid 185425] 14:15:41.994314 openat(AT_FDCWD, "/usr/share/fonts/opentype/noto/NotoSansCJK-Bold.ttc", O_RDONLY|O_CLOEXEC) = 3
[pid 185425] 14:15:41.996069 openat(AT_FDCWD, "/usr/share/fonts/opentype/noto/NotoSansCJK-Bold.ttc", O_RDONLY|O_CLOEXEC) = 3
[pid 185425] 14:15:41.997693 openat(AT_FDCWD, "/usr/share/fonts/opentype/noto/NotoSansCJK-Bold.ttc", O_RDONLY|O_CLOEXEC) = 3
[pid 185425] 14:15:41.999373 openat(AT_FDCWD, "/usr/share/fonts/opentype/noto/NotoSansCJK-Bold.ttc", O_RDONLY|O_CLOEXEC) = 3
[pid 185425] 14:15:42.000870 openat(AT_FDCWD, "/usr/share/fonts/opentype/noto/NotoSansCJK-Regular.ttc", O_RDONLY|O_CLOEXEC) = 3
[pid 185425] 14:15:42.002376 openat(AT_FDCWD, "/usr/share/fonts/opentype/noto/NotoSansCJK-Regular.ttc", O_RDONLY|O_CLOEXEC) = 3
[pid 185425] 14:15:42.003879 openat(AT_FDCWD, "/usr/share/fonts/opentype/noto/NotoSansCJK-Regular.ttc", O_RDONLY|O_CLOEXEC) = 3
[pid 185425] 14:15:42.005395 openat(AT_FDCWD, "/usr/share/fonts/opentype/noto/NotoSansCJK-Regular.ttc", O_RDONLY|O_CLOEXEC) = 3
[pid 185425] 14:15:42.006906 openat(AT_FDCWD, "/usr/share/fonts/opentype/noto/NotoSansCJK-Regular.ttc", O_RDONLY|O_CLOEXEC) = 3
[pid 185425] 14:15:42.008322 openat(AT_FDCWD, "/usr/share/fonts/opentype/noto/NotoSansCJK-Regular.ttc", O_RDONLY|O_CLOEXEC) = 3
[pid 185425] 14:15:42.009769 openat(AT_FDCWD, "/usr/share/fonts/opentype/noto/NotoSansCJK-Regular.ttc", O_RDONLY|O_CLOEXEC) = 3
[pid 185425] 14:15:42.011314 openat(AT_FDCWD, "/usr/share/fonts/opentype/noto/NotoSansCJK-Regular.ttc", O_RDONLY|O_CLOEXEC) = 3
[pid 185425] 14:15:42.012750 openat(AT_FDCWD, "/usr/share/fonts/opentype/noto/NotoSansCJK-Regular.ttc", O_RDONLY|O_CLOEXEC) = 3
[pid 185425] 14:15:42.014131 openat(AT_FDCWD, "/usr/share/fonts/opentype/noto/NotoSansCJK-Regular.ttc", O_RDONLY|O_CLOEXEC) = 3
[pid 185425] 14:15:42.015525 openat(AT_FDCWD, "/usr/share/fonts/opentype/noto/NotoSerifCJK-Bold.ttc", O_RDONLY|O_CLOEXEC) = 3
[pid 185425] 14:15:42.016975 openat(AT_FDCWD, "/usr/share/fonts/opentype/noto/NotoSerifCJK-Bold.ttc", O_RDONLY|O_CLOEXEC) = 3
[pid 185425] 14:15:42.018375 openat(AT_FDCWD, "/usr/share/fonts/opentype/noto/NotoSerifCJK-Bold.ttc", O_RDONLY|O_CLOEXEC) = 3
[pid 185425] 14:15:42.019822 openat(AT_FDCWD, "/usr/share/fonts/opentype/noto/NotoSerifCJK-Bold.ttc", O_RDONLY|O_CLOEXEC) = 3
[pid 185425] 14:15:42.021249 openat(AT_FDCWD, "/usr/share/fonts/opentype/noto/NotoSerifCJK-Bold.ttc", O_RDONLY|O_CLOEXEC) = 3
[pid 185425] 14:15:42.022644 openat(AT_FDCWD, "/usr/share/fonts/opentype/noto/NotoSerifCJK-Regular.ttc", O_RDONLY|O_CLOEXEC) = 3
[pid 185425] 14:15:42.024070 openat(AT_FDCWD, "/usr/share/fonts/opentype/noto/NotoSerifCJK-Regular.ttc", O_RDONLY|O_CLOEXEC) = 3
[pid 185425] 14:15:42.025469 openat(AT_FDCWD, "/usr/share/fonts/opentype/noto/NotoSerifCJK-Regular.ttc", O_RDONLY|O_CLOEXEC) = 3
[pid 185425] 14:15:42.026907 openat(AT_FDCWD, "/usr/share/fonts/opentype/noto/NotoSerifCJK-Regular.ttc", O_RDONLY|O_CLOEXEC) = 3
[pid 185425] 14:15:42.028562 openat(AT_FDCWD, "/usr/share/fonts/opentype/noto/NotoSerifCJK-Regular.ttc", O_RDONLY|O_CLOEXEC) = 3
[pid 185425] 14:15:42.029950 openat(AT_FDCWD, "/usr/share/fonts/opentype/urw-base35/C059-BdIta.otf", O_RDONLY|O_CLOEXEC) = 3
[pid 185425] 14:15:42.030141 openat(AT_FDCWD, "/usr/share/fonts/opentype/urw-base35/C059-Bold.otf", O_RDONLY|O_CLOEXEC) = 3
[pid 185425] 14:15:42.030321 openat(AT_FDCWD, "/usr/share/fonts/opentype/urw-base35/C059-Italic.otf", O_RDONLY|O_CLOEXEC) = 3
[pid 185425] 14:15:42.030496 openat(AT_FDCWD, "/usr/share/fonts/opentype/urw-base35/C059-Roman.otf", O_RDONLY|O_CLOEXEC) = 3
[pid 185425] 14:15:42.030666 openat(AT_FDCWD, "/usr/share/fonts/opentype/urw-base35/D050000L.otf", O_RDONLY|O_CLOEXEC) = 3
[pid 185425] 14:15:42.030811 openat(AT_FDCWD, "/usr/share/fonts/opentype/urw-base35/NimbusMonoPS-Bold.otf", O_RDONLY|O_CLOEXEC) = 3
[pid 185425] 14:15:42.030973 openat(AT_FDCWD, "/usr/share/fonts/opentype/urw-base35/NimbusMonoPS-BoldItalic.otf", O_RDONLY|O_CLOEXEC) = 3
[pid 185425] 14:15:42.031133 openat(AT_FDCWD, "/usr/share/fonts/opentype/urw-base35/NimbusMonoPS-Italic.otf", O_RDONLY|O_CLOEXEC) = 3
[pid 185425] 14:15:42.031301 openat(AT_FDCWD, "/usr/share/fonts/opentype/urw-base35/NimbusMonoPS-Regular.otf", O_RDONLY|O_CLOEXEC) = 3
[pid 185425] 14:15:42.031458 openat(AT_FDCWD, "/usr/share/fonts/opentype/urw-base35/NimbusRoman-Bold.otf", O_RDONLY|O_CLOEXEC) = 3
[pid 185425] 14:15:42.031614 openat(AT_FDCWD, "/usr/share/fonts/opentype/urw-base35/NimbusRoman-BoldItalic.otf", O_RDONLY|O_CLOEXEC) = 3
[pid 185425] 14:15:42.031778 openat(AT_FDCWD, "/usr/share/fonts/opentype/urw-base35/NimbusRoman-Italic.otf", O_RDONLY|O_CLOEXEC) = 3
[pid 185425] 14:15:42.031941 openat(AT_FDCWD, "/usr/share/fonts/opentype/urw-base35/NimbusRoman-Regular.otf", O_RDONLY|O_CLOEXEC) = 3
[pid 185425] 14:15:42.032098 openat(AT_FDCWD, "/usr/share/fonts/opentype/urw-base35/NimbusSans-Bold.otf", O_RDONLY|O_CLOEXEC) = 3
[pid 185425] 14:15:42.032267 openat(AT_FDCWD, "/usr/share/fonts/opentype/urw-base35/NimbusSans-BoldItalic.otf", O_RDONLY|O_CLOEXEC) = 3
[pid 185425] 14:15:42.032427 openat(AT_FDCWD, "/usr/share/fonts/opentype/urw-base35/NimbusSans-Italic.otf", O_RDONLY|O_CLOEXEC) = 3
[pid 185425] 14:15:42.032586 openat(AT_FDCWD, "/usr/share/fonts/opentype/urw-base35/NimbusSans-Regular.otf", O_RDONLY|O_CLOEXEC) = 3
[pid 185425] 14:15:42.032744 openat(AT_FDCWD, "/usr/share/fonts/opentype/urw-base35/NimbusSansNarrow-Bold.otf", O_RDONLY|O_CLOEXEC) = 3
[pid 185425] 14:15:42.032907 openat(AT_FDCWD, "/usr/share/fonts/opentype/urw-base35/NimbusSansNarrow-BoldOblique.otf", O_RDONLY|O_CLOEXEC) = 3
[pid 185425] 14:15:42.033076 openat(AT_FDCWD, "/usr/share/fonts/opentype/urw-base35/NimbusSansNarrow-Oblique.otf", O_RDONLY|O_CLOEXEC) = 3
[pid 185425] 14:15:42.033250 openat(AT_FDCWD, "/usr/share/fonts/opentype/urw-base35/NimbusSansNarrow-Regular.otf", O_RDONLY|O_CLOEXEC) = 3
[pid 185425] 14:15:42.033409 openat(AT_FDCWD, "/usr/share/fonts/opentype/urw-base35/P052-Bold.otf", O_RDONLY|O_CLOEXEC) = 3
[pid 185425] 14:15:42.033567 openat(AT_FDCWD, "/usr/share/fonts/opentype/urw-base35/P052-BoldItalic.otf", O_RDONLY|O_CLOEXEC) = 3
[pid 185425] 14:15:42.033727 openat(AT_FDCWD, "/usr/share/fonts/opentype/urw-base35/P052-Italic.otf", O_RDONLY|O_CLOEXEC) = 3
[pid 185425] 14:15:42.033886 openat(AT_FDCWD, "/usr/share/fonts/opentype/urw-base35/P052-Roman.otf", O_RDONLY|O_CLOEXEC) = 3
[pid 185425] 14:15:42.034050 openat(AT_FDCWD, "/usr/share/fonts/opentype/urw-base35/StandardSymbolsPS.otf", O_RDONLY|O_CLOEXEC) = 3
[pid 185425] 14:15:42.034196 openat(AT_FDCWD, "/usr/share/fonts/opentype/urw-base35/URWBookman-Demi.otf", O_RDONLY|O_CLOEXEC) = 3
[pid 185425] 14:15:42.034355 openat(AT_FDCWD, "/usr/share/fonts/opentype/urw-base35/URWBookman-DemiItalic.otf", O_RDONLY|O_CLOEXEC) = 3
[pid 185425] 14:15:42.034513 openat(AT_FDCWD, "/usr/share/fonts/opentype/urw-base35/URWBookman-Light.otf", O_RDONLY|O_CLOEXEC) = 3
[pid 185425] 14:15:42.034671 openat(AT_FDCWD, "/usr/share/fonts/opentype/urw-base35/URWBookman-LightItalic.otf", O_RDONLY|O_CLOEXEC) = 3
[pid 185425] 14:15:42.034846 openat(AT_FDCWD, "/usr/share/fonts/opentype/urw-base35/URWGothic-Book.otf", O_RDONLY|O_CLOEXEC) = 3
[pid 185425] 14:15:42.035010 openat(AT_FDCWD, "/usr/share/fonts/opentype/urw-base35/URWGothic-BookOblique.otf", O_RDONLY|O_CLOEXEC) = 3
[pid 185425] 14:15:42.035169 openat(AT_FDCWD, "/usr/share/fonts/opentype/urw-base35/URWGothic-Demi.otf", O_RDONLY|O_CLOEXEC) = 3
[pid 185425] 14:15:42.035325 openat(AT_FDCWD, "/usr/share/fonts/opentype/urw-base35/URWGothic-DemiOblique.otf", O_RDONLY|O_CLOEXEC) = 3
[pid 185425] 14:15:42.035482 openat(AT_FDCWD, "/usr/share/fonts/opentype/urw-base35/Z003-MediumItalic.otf", O_RDONLY|O_CLOEXEC) = 3
[pid 185425] 14:15:42.035640 openat(AT_FDCWD, "/usr/share/fonts/opentype/freefont/FreeMono.otf", O_RDONLY|O_CLOEXEC) = 3
[pid 185425] 14:15:42.036061 openat(AT_FDCWD, "/usr/share/fonts/opentype/freefont/FreeMonoBold.otf", O_RDONLY|O_CLOEXEC) = 3
[pid 185425] 14:15:42.036370 openat(AT_FDCWD, "/usr/share/fonts/opentype/freefont/FreeMonoBoldOblique.otf", O_RDONLY|O_CLOEXEC) = 3
[pid 185425] 14:15:42.036678 openat(AT_FDCWD, "/usr/share/fonts/opentype/freefont/FreeMonoOblique.otf", O_RDONLY|O_CLOEXEC) = 3
[pid 185425] 14:15:42.036982 openat(AT_FDCWD, "/usr/share/fonts/opentype/freefont/FreeSans.otf", O_RDONLY|O_CLOEXEC) = 3
[pid 185425] 14:15:42.037408 openat(AT_FDCWD, "/usr/share/fonts/opentype/freefont/FreeSansBold.otf", O_RDONLY|O_CLOEXEC) = 3
[pid 185425] 14:15:42.037713 openat(AT_FDCWD, "/usr/share/fonts/opentype/freefont/FreeSansBoldOblique.otf", O_RDONLY|O_CLOEXEC) = 3
[pid 185425] 14:15:42.037969 openat(AT_FDCWD, "/usr/share/fonts/opentype/freefont/FreeSansOblique.otf", O_RDONLY|O_CLOEXEC) = 3
[pid 185425] 14:15:42.038240 openat(AT_FDCWD, "/usr/share/fonts/opentype/freefont/FreeSerif.otf", O_RDONLY|O_CLOEXEC) = 3
[pid 185425] 14:15:42.038670 openat(AT_FDCWD, "/usr/share/fonts/opentype/freefont/FreeSerifBold.otf", O_RDONLY|O_CLOEXEC) = 3
[pid 185425] 14:15:42.039015 openat(AT_FDCWD, "/usr/share/fonts/opentype/freefont/FreeSerifBoldItalic.otf", O_RDONLY|O_CLOEXEC) = 3
[pid 185425] 14:15:42.039275 openat(AT_FDCWD, "/usr/share/fonts/opentype/freefont/FreeSerifItalic.otf", O_RDONLY|O_CLOEXEC) = 3
[pid 185425] 14:15:42.039566 openat(AT_FDCWD, "/usr/share/fonts/opentype/font-awesome/FontAwesome.otf", O_RDONLY|O_CLOEXEC) = 3
[pid 185425] 14:15:42.039726 openat(AT_FDCWD, "/usr/share/fonts/truetype/dejavu/DejaVuSans-Bold.ttf", O_RDONLY|O_CLOEXEC) = 3
[pid 185425] 14:15:42.040055 openat(AT_FDCWD, "/usr/share/fonts/truetype/dejavu/DejaVuSans.ttf", O_RDONLY|O_CLOEXEC) = 3
[pid 185425] 14:15:42.040369 openat(AT_FDCWD, "/usr/share/fonts/truetype/dejavu/DejaVuSansMono-Bold.ttf", O_RDONLY|O_CLOEXEC) = 3
[pid 185425] 14:15:42.040610 openat(AT_FDCWD, "/usr/share/fonts/truetype/dejavu/DejaVuSansMono-BoldOblique.ttf", O_RDONLY|O_CLOEXEC) = 3
[pid 185425] 14:15:42.040833 openat(AT_FDCWD, "/usr/share/fonts/truetype/dejavu/DejaVuSansMono-Oblique.ttf", O_RDONLY|O_CLOEXEC) = 3
[pid 185425] 14:15:42.041060 openat(AT_FDCWD, "/usr/share/fonts/truetype/dejavu/DejaVuSansMono.ttf", O_RDONLY|O_CLOEXEC) = 3
[pid 185425] 14:15:42.041299 openat(AT_FDCWD, "/usr/share/fonts/truetype/dejavu/DejaVuSerif-Bold.ttf", O_RDONLY|O_CLOEXEC) = 3
[pid 185425] 14:15:42.041545 openat(AT_FDCWD, "/usr/share/fonts/truetype/dejavu/DejaVuSerif.ttf", O_RDONLY|O_CLOEXEC) = 3
[pid 185425] 14:15:42.041790 openat(AT_FDCWD, "/usr/share/fonts/truetype/dejavu/DejaVuMathTeXGyre.ttf", O_RDONLY|O_CLOEXEC) = 3
[pid 185425] 14:15:42.041997 openat(AT_FDCWD, "/usr/share/fonts/truetype/dejavu/DejaVuSans-BoldOblique.ttf", O_RDONLY|O_CLOEXEC) = 3
[pid 185425] 14:15:42.042299 openat(AT_FDCWD, "/usr/share/fonts/truetype/dejavu/DejaVuSans-ExtraLight.ttf", O_RDONLY|O_CLOEXEC) = 3
[pid 185425] 14:15:42.042478 openat(AT_FDCWD, "/usr/share/fonts/truetype/dejavu/DejaVuSans-Oblique.ttf", O_RDONLY|O_CLOEXEC) = 3
[pid 185425] 14:15:42.042814 openat(AT_FDCWD, "/usr/share/fonts/truetype/dejavu/DejaVuSansCondensed-Bold.ttf", O_RDONLY|O_CLOEXEC) = 3
[pid 185425] 14:15:42.043202 openat(AT_FDCWD, "/usr/share/fonts/truetype/dejavu/DejaVuSansCondensed-BoldOblique.ttf", O_RDONLY|O_CLOEXEC) = 3
[pid 185425] 14:15:42.043567 openat(AT_FDCWD, "/usr/share/fonts/truetype/dejavu/DejaVuSansCondensed-Oblique.ttf", O_RDONLY|O_CLOEXEC) = 3
[pid 185425] 14:15:42.043891 openat(AT_FDCWD, "/usr/share/fonts/truetype/dejavu/DejaVuSansCondensed.ttf", O_RDONLY|O_CLOEXEC) = 3
[pid 185425] 14:15:42.044238 openat(AT_FDCWD, "/usr/share/fonts/truetype/dejavu/DejaVuSerif-BoldItalic.ttf", O_RDONLY|O_CLOEXEC) = 3
[pid 185425] 14:15:42.044490 openat(AT_FDCWD, "/usr/share/fonts/truetype/dejavu/DejaVuSerif-Italic.ttf", O_RDONLY|O_CLOEXEC) = 3
[pid 185425] 14:15:42.044741 openat(AT_FDCWD, "/usr/share/fonts/truetype/dejavu/DejaVuSerifCondensed-Bold.ttf", O_RDONLY|O_CLOEXEC) = 3
[pid 185425] 14:15:42.045023 openat(AT_FDCWD, "/usr/share/fonts/truetype/dejavu/DejaVuSerifCondensed-BoldItalic.ttf", O_RDONLY|O_CLOEXEC) = 3
[pid 185425] 14:15:42.045310 openat(AT_FDCWD, "/usr/share/fonts/truetype/dejavu/DejaVuSerifCondensed-Italic.ttf", O_RDONLY|O_CLOEXEC) = 3
[pid 185425] 14:15:42.045577 openat(AT_FDCWD, "/usr/share/fonts/truetype/dejavu/DejaVuSerifCondensed.ttf", O_RDONLY|O_CLOEXEC) = 3
[pid 185425] 14:15:42.045832 openat(AT_FDCWD, "/usr/share/fonts/truetype/droid/DroidSansFallbackFull.ttf", O_RDONLY|O_CLOEXEC) = 3
[pid 185425] 14:15:42.046284 openat(AT_FDCWD, "/usr/share/fonts/truetype/liberation/LiberationMono-Bold.ttf", O_RDONLY|O_CLOEXEC) = 3
[pid 185425] 14:15:42.046466 openat(AT_FDCWD, "/usr/share/fonts/truetype/liberation/LiberationMono-BoldItalic.ttf", O_RDONLY|O_CLOEXEC) = 3
[pid 185425] 14:15:42.046646 openat(AT_FDCWD, "/usr/share/fonts/truetype/liberation/LiberationMono-Italic.ttf", O_RDONLY|O_CLOEXEC) = 3
[pid 185425] 14:15:42.046975 openat(AT_FDCWD, "/usr/share/fonts/truetype/liberation/LiberationMono-Regular.ttf", O_RDONLY|O_CLOEXEC) = 3
[pid 185425] 14:15:42.047246 openat(AT_FDCWD, "/usr/share/fonts/truetype/liberation/LiberationSans-Bold.ttf", O_RDONLY|O_CLOEXEC) = 3
[pid 185425] 14:15:42.047494 openat(AT_FDCWD, "/usr/share/fonts/truetype/liberation/LiberationSans-BoldItalic.ttf", O_RDONLY|O_CLOEXEC) = 3
[pid 185425] 14:15:42.047729 openat(AT_FDCWD, "/usr/share/fonts/truetype/liberation/LiberationSans-Italic.ttf", O_RDONLY|O_CLOEXEC) = 3
[pid 185425] 14:15:42.047923 openat(AT_FDCWD, "/usr/share/fonts/truetype/liberation/LiberationSans-Regular.ttf", O_RDONLY|O_CLOEXEC) = 3
[pid 185425] 14:15:42.048124 openat(AT_FDCWD, "/usr/share/fonts/truetype/liberation/LiberationSerif-Bold.ttf", O_RDONLY|O_CLOEXEC) = 3
[pid 185425] 14:15:42.048300 openat(AT_FDCWD, "/usr/share/fonts/truetype/liberation/LiberationSerif-BoldItalic.ttf", O_RDONLY|O_CLOEXEC) = 3
[pid 185425] 14:15:42.048478 openat(AT_FDCWD, "/usr/share/fonts/truetype/liberation/LiberationSerif-Italic.ttf", O_RDONLY|O_CLOEXEC) = 3
[pid 185425] 14:15:42.048664 openat(AT_FDCWD, "/usr/share/fonts/truetype/liberation/LiberationSerif-Regular.ttf", O_RDONLY|O_CLOEXEC) = 3
[pid 185425] 14:15:42.048840 openat(AT_FDCWD, "/usr/share/fonts/truetype/libreoffice/opens___.ttf", O_RDONLY|O_CLOEXEC) = 3
[pid 185425] 14:15:42.049025 openat(AT_FDCWD, "/usr/share/fonts/truetype/noto/NotoKufiArabic-Bold.ttf", O_RDONLY|O_CLOEXEC) = 3
[pid 185425] 14:15:42.049186 openat(AT_FDCWD, "/usr/share/fonts/truetype/noto/NotoKufiArabic-Regular.ttf", O_RDONLY|O_CLOEXEC) = 3
[pid 185425] 14:15:42.049342 openat(AT_FDCWD, "/usr/share/fonts/truetype/noto/NotoLoopedLao-Bold.ttf", O_RDONLY|O_CLOEXEC) = 3
[pid 185425] 14:15:42.049492 openat(AT_FDCWD, "/usr/share/fonts/truetype/noto/NotoLoopedLao-Regular.ttf", O_RDONLY|O_CLOEXEC) = 3
[pid 185425] 14:15:42.049641 openat(AT_FDCWD, "/usr/share/fonts/truetype/noto/NotoLoopedThai-Bold.ttf", O_RDONLY|O_CLOEXEC) = 3
[pid 185425] 14:15:42.049793 openat(AT_FDCWD, "/usr/share/fonts/truetype/noto/NotoLoopedThai-Regular.ttf", O_RDONLY|O_CLOEXEC) = 3
[pid 185425] 14:15:42.049951 openat(AT_FDCWD, "/usr/share/fonts/truetype/noto/NotoMono-Regular.ttf", O_RDONLY|O_CLOEXEC) = 3
[pid 185425] 14:15:42.050105 openat(AT_FDCWD, "/usr/share/fonts/truetype/noto/NotoMusic-Regular.ttf", O_RDONLY|O_CLOEXEC) = 3
[pid 185425] 14:15:42.050281 openat(AT_FDCWD, "/usr/share/fonts/truetype/noto/NotoNaskhArabic-Bold.ttf", O_RDONLY|O_CLOEXEC) = 3
[pid 185425] 14:15:42.050452 openat(AT_FDCWD, "/usr/share/fonts/truetype/noto/NotoNaskhArabic-Regular.ttf", O_RDONLY|O_CLOEXEC) = 3
[pid 185425] 14:15:42.050621 openat(AT_FDCWD, "/usr/share/fonts/truetype/noto/NotoNastaliqUrdu-Bold.ttf", O_RDONLY|O_CLOEXEC) = 3
[pid 185425] 14:15:42.050782 openat(AT_FDCWD, "/usr/share/fonts/truetype/noto/NotoNastaliqUrdu-Regular.ttf", O_RDONLY|O_CLOEXEC) = 3
[pid 185425] 14:15:42.050946 openat(AT_FDCWD, "/usr/share/fonts/truetype/noto/NotoRashiHebrew-Bold.ttf", O_RDONLY|O_CLOEXEC) = 3
[pid 185425] 14:15:42.051096 openat(AT_FDCWD, "/usr/share/fonts/truetype/noto/NotoRashiHebrew-Regular.ttf", O_RDONLY|O_CLOEXEC) = 3
[pid 185425] 14:15:42.051241 openat(AT_FDCWD, "/usr/share/fonts/truetype/noto/NotoSans-Bold.ttf", O_RDONLY|O_CLOEXEC) = 3
[pid 185425] 14:15:42.051425 openat(AT_FDCWD, "/usr/share/fonts/truetype/noto/NotoSans-BoldItalic.ttf", O_RDONLY|O_CLOEXEC) = 3
[pid 185425] 14:15:42.051614 openat(AT_FDCWD, "/usr/share/fonts/truetype/noto/NotoSans-Italic.ttf", O_RDONLY|O_CLOEXEC) = 3
[pid 185425] 14:15:42.051804 openat(AT_FDCWD, "/usr/share/fonts/truetype/noto/NotoSans-Regular.ttf", O_RDONLY|O_CLOEXEC) = 3
[pid 185425] 14:15:42.052001 openat(AT_FDCWD, "/usr/share/fonts/truetype/noto/NotoSansAdlam-Bold.ttf", O_RDONLY|O_CLOEXEC) = 3
[pid 185425] 14:15:42.052158 openat(AT_FDCWD, "/usr/share/fonts/truetype/noto/NotoSansAdlam-Regular.ttf", O_RDONLY|O_CLOEXEC) = 3
[pid 185425] 14:15:42.052313 openat(AT_FDCWD, "/usr/share/fonts/truetype/noto/NotoSansAdlamUnjoined-Bold.ttf", O_RDONLY|O_CLOEXEC) = 3
[pid 185425] 14:15:42.052461 openat(AT_FDCWD, "/usr/share/fonts/truetype/noto/NotoSansAdlamUnjoined-Regular.ttf", O_RDONLY|O_CLOEXEC) = 3
[pid 185425] 14:15:42.052613 openat(AT_FDCWD, "/usr/share/fonts/truetype/noto/NotoSansAnatolianHieroglyphs-Regular.ttf", O_RDONLY|O_CLOEXEC) = 3
[pid 185425] 14:15:42.052774 openat(AT_FDCWD, "/usr/share/fonts/truetype/noto/NotoSansArabic-Bold.ttf", O_RDONLY|O_CLOEXEC) = 3
[pid 185425] 14:15:42.052955 openat(AT_FDCWD, "/usr/share/fonts/truetype/noto/NotoSansArabic-Regular.ttf", O_RDONLY|O_CLOEXEC) = 3
[pid 185425] 14:15:42.053127 openat(AT_FDCWD, "/usr/share/fonts/truetype/noto/NotoSansArmenian-Bold.ttf", O_RDONLY|O_CLOEXEC) = 3
[pid 185425] 14:15:42.053277 openat(AT_FDCWD, "/usr/share/fonts/truetype/noto/NotoSansArmenian-Regular.ttf", O_RDONLY|O_CLOEXEC) = 3
[pid 185425] 14:15:42.053422 openat(AT_FDCWD, "/usr/share/fonts/truetype/noto/NotoSansAvestan-Regular.ttf", O_RDONLY|O_CLOEXEC) = 3
[pid 185425] 14:15:42.053567 openat(AT_FDCWD, "/usr/share/fonts/truetype/noto/NotoSansBalinese-Bold.ttf", O_RDONLY|O_CLOEXEC) = 3
[pid 185425] 14:15:42.053717 openat(AT_FDCWD, "/usr/share/fonts/truetype/noto/NotoSansBalinese-Regular.ttf", O_RDONLY|O_CLOEXEC) = 3
[pid 185425] 14:15:42.053868 openat(AT_FDCWD, "/usr/share/fonts/truetype/noto/NotoSansBamum-Bold.ttf", O_RDONLY|O_CLOEXEC) = 3
[pid 185425] 14:15:42.054034 openat(AT_FDCWD, "/usr/share/fonts/truetype/noto/NotoSansBamum-Regular.ttf", O_RDONLY|O_CLOEXEC) = 3
[pid 185425] 14:15:42.054192 openat(AT_FDCWD, "/usr/share/fonts/truetype/noto/NotoSansBassaVah-Regular.ttf", O_RDONLY|O_CLOEXEC) = 3
[pid 185425] 14:15:42.054334 openat(AT_FDCWD, "/usr/share/fonts/truetype/noto/NotoSansBatak-Regular.ttf", O_RDONLY|O_CLOEXEC) = 3
[pid 185425] 14:15:42.054476 openat(AT_FDCWD, "/usr/share/fonts/truetype/noto/NotoSansBengali-Bold.ttf", O_RDONLY|O_CLOEXEC) = 3
[pid 185425] 14:15:42.054631 openat(AT_FDCWD, "/usr/share/fonts/truetype/noto/NotoSansBengali-Regular.ttf", O_RDONLY|O_CLOEXEC) = 3
[pid 185425] 14:15:42.054788 openat(AT_FDCWD, "/usr/share/fonts/truetype/noto/NotoSansBhaiksuki-Regular.ttf", O_RDONLY|O_CLOEXEC) = 3
[pid 185425] 14:15:42.054955 openat(AT_FDCWD, "/usr/share/fonts/truetype/noto/NotoSansBrahmi-Regular.ttf", O_RDONLY|O_CLOEXEC) = 3
[pid 185425] 14:15:42.055105 openat(AT_FDCWD, "/usr/share/fonts/truetype/noto/NotoSansBuginese-Regular.ttf", O_RDONLY|O_CLOEXEC) = 3
[pid 185425] 14:15:42.055246 openat(AT_FDCWD, "/usr/share/fonts/truetype/noto/NotoSansBuhid-Regular.ttf", O_RDONLY|O_CLOEXEC) = 3
[pid 185425] 14:15:42.055403 openat(AT_FDCWD, "/usr/share/fonts/truetype/noto/NotoSansCanadianAboriginal-Bold.ttf", O_RDONLY|O_CLOEXEC) = 3
[pid 185425] 14:15:42.055559 openat(AT_FDCWD, "/usr/share/fonts/truetype/noto/NotoSansCanadianAboriginal-Regular.ttf", O_RDONLY|O_CLOEXEC) = 3
[pid 185425] 14:15:42.055716 openat(AT_FDCWD, "/usr/share/fonts/truetype/noto/NotoSansCarian-Regular.ttf", O_RDONLY|O_CLOEXEC) = 3
[pid 185425] 14:15:42.055859 openat(AT_FDCWD, "/usr/share/fonts/truetype/noto/NotoSansCaucasianAlbanian-Regular.ttf", O_RDONLY|O_CLOEXEC) = 3
[pid 185425] 14:15:42.056014 openat(AT_FDCWD, "/usr/share/fonts/truetype/noto/NotoSansChakma-Regular.ttf", O_RDONLY|O_CLOEXEC) = 3
[pid 185425] 14:15:42.056164 openat(AT_FDCWD, "/usr/share/fonts/truetype/noto/NotoSansCham-Bold.ttf", O_RDONLY|O_CLOEXEC) = 3
[pid 185425] 14:15:42.056310 openat(AT_FDCWD, "/usr/share/fonts/truetype/noto/NotoSansCham-Regular.ttf", O_RDONLY|O_CLOEXEC) = 3
[pid 185425] 14:15:42.056455 openat(AT_FDCWD, "/usr/share/fonts/truetype/noto/NotoSansCherokee-Bold.ttf", O_RDONLY|O_CLOEXEC) = 3
[pid 185425] 14:15:42.056606 openat(AT_FDCWD, "/usr/share/fonts/truetype/noto/NotoSansCherokee-Regular.ttf", O_RDONLY|O_CLOEXEC) = 3
[pid 185425] 14:15:42.056757 openat(AT_FDCWD, "/usr/share/fonts/truetype/noto/NotoSansCoptic-Regular.ttf", O_RDONLY|O_CLOEXEC) = 3
[pid 185425] 14:15:42.056913 openat(AT_FDCWD, "/usr/share/fonts/truetype/noto/NotoSansCuneiform-Regular.ttf", O_RDONLY|O_CLOEXEC) = 3
[pid 185425] 14:15:42.057077 openat(AT_FDCWD, "/usr/share/fonts/truetype/noto/NotoSansCypriot-Regular.ttf", O_RDONLY|O_CLOEXEC) = 3
[pid 185425] 14:15:42.057221 openat(AT_FDCWD, "/usr/share/fonts/truetype/noto/NotoSansDeseret-Regular.ttf", O_RDONLY|O_CLOEXEC) = 3
[pid 185425] 14:15:42.057364 openat(AT_FDCWD, "/usr/share/fonts/truetype/noto/NotoSansDevanagari-Bold.ttf", O_RDONLY|O_CLOEXEC) = 3
[pid 185425] 14:15:42.057516 openat(AT_FDCWD, "/usr/share/fonts/truetype/noto/NotoSansDevanagari-Regular.ttf", O_RDONLY|O_CLOEXEC) = 3
[pid 185425] 14:15:42.057669 openat(AT_FDCWD, "/usr/share/fonts/truetype/noto/NotoSansDisplay-Bold.ttf", O_RDONLY|O_CLOEXEC) = 3
[pid 185425] 14:15:42.057861 openat(AT_FDCWD, "/usr/share/fonts/truetype/noto/NotoSansDisplay-BoldItalic.ttf", O_RDONLY|O_CLOEXEC) = 3
[pid 185425] 14:15:42.058055 openat(AT_FDCWD, "/usr/share/fonts/truetype/noto/NotoSansDisplay-Italic.ttf", O_RDONLY|O_CLOEXEC) = 3
[pid 185425] 14:15:42.058243 openat(AT_FDCWD, "/usr/share/fonts/truetype/noto/NotoSansDisplay-Regular.ttf", O_RDONLY|O_CLOEXEC) = 3
[pid 185425] 14:15:42.058430 openat(AT_FDCWD, "/usr/share/fonts/truetype/noto/NotoSansDuployan-Regular.ttf", O_RDONLY|O_CLOEXEC) = 3
[pid 185425] 14:15:42.058575 openat(AT_FDCWD, "/usr/share/fonts/truetype/noto/NotoSansEgyptianHieroglyphs-Regular.ttf", O_RDONLY|O_CLOEXEC) = 3
[pid 185425] 14:15:42.058734 openat(AT_FDCWD, "/usr/share/fonts/truetype/noto/NotoSansElbasan-Regular.ttf", O_RDONLY|O_CLOEXEC) = 3
[pid 185425] 14:15:42.058881 openat(AT_FDCWD, "/usr/share/fonts/truetype/noto/NotoSansElymaic-Regular.ttf", O_RDONLY|O_CLOEXEC) = 3
[pid 185425] 14:15:42.059029 openat(AT_FDCWD, "/usr/share/fonts/truetype/noto/NotoSansEthiopic-Bold.ttf", O_RDONLY|O_CLOEXEC) = 3
[pid 185425] 14:15:42.059189 openat(AT_FDCWD, "/usr/share/fonts/truetype/noto/NotoSansEthiopic-Regular.ttf", O_RDONLY|O_CLOEXEC) = 3
[pid 185425] 14:15:42.059357 openat(AT_FDCWD, "/usr/share/fonts/truetype/noto/NotoSansGeorgian-Bold.ttf", O_RDONLY|O_CLOEXEC) = 3
[pid 185425] 14:15:42.059505 openat(AT_FDCWD, "/usr/share/fonts/truetype/noto/NotoSansGeorgian-Regular.ttf", O_RDONLY|O_CLOEXEC) = 3
[pid 185425] 14:15:42.059652 openat(AT_FDCWD, "/usr/share/fonts/truetype/noto/NotoSansGlagolitic-Regular.ttf", O_RDONLY|O_CLOEXEC) = 3
[pid 185425] 14:15:42.059799 openat(AT_FDCWD, "/usr/share/fonts/truetype/noto/NotoSansGothic-Regular.ttf", O_RDONLY|O_CLOEXEC) = 3
[pid 185425] 14:15:42.059947 openat(AT_FDCWD, "/usr/share/fonts/truetype/noto/NotoSansGrantha-Regular.ttf", O_RDONLY|O_CLOEXEC) = 3
[pid 185425] 14:15:42.060112 openat(AT_FDCWD, "/usr/share/fonts/truetype/noto/NotoSansGujarati-Bold.ttf", O_RDONLY|O_CLOEXEC) = 3
[pid 185425] 14:15:42.060284 openat(AT_FDCWD, "/usr/share/fonts/truetype/noto/NotoSansGujarati-Regular.ttf", O_RDONLY|O_CLOEXEC) = 3
[pid 185425] 14:15:42.060442 openat(AT_FDCWD, "/usr/share/fonts/truetype/noto/NotoSansGunjalaGondi-Regular.ttf", O_RDONLY|O_CLOEXEC) = 3
[pid 185425] 14:15:42.060592 openat(AT_FDCWD, "/usr/share/fonts/truetype/noto/NotoSansGurmukhi-Bold.ttf", O_RDONLY|O_CLOEXEC) = 3
[pid 185425] 14:15:42.060740 openat(AT_FDCWD, "/usr/share/fonts/truetype/noto/NotoSansGurmukhi-Regular.ttf", O_RDONLY|O_CLOEXEC) = 3
[pid 185425] 14:15:42.060887 openat(AT_FDCWD, "/usr/share/fonts/truetype/noto/NotoSansHanifiRohingya-Bold.ttf", O_RDONLY|O_CLOEXEC) = 3
[pid 185425] 14:15:42.061040 openat(AT_FDCWD, "/usr/share/fonts/truetype/noto/NotoSansHanifiRohingya-Regular.ttf", O_RDONLY|O_CLOEXEC) = 3
[pid 185425] 14:15:42.061189 openat(AT_FDCWD, "/usr/share/fonts/truetype/noto/NotoSansHanunoo-Regular.ttf", O_RDONLY|O_CLOEXEC) = 3
[pid 185425] 14:15:42.061330 openat(AT_FDCWD, "/usr/share/fonts/truetype/noto/NotoSansHatran-Regular.ttf", O_RDONLY|O_CLOEXEC) = 3
[pid 185425] 14:15:42.061471 openat(AT_FDCWD, "/usr/share/fonts/truetype/noto/NotoSansHebrew-Bold.ttf", O_RDONLY|O_CLOEXEC) = 3
[pid 185425] 14:15:42.061617 openat(AT_FDCWD, "/usr/share/fonts/truetype/noto/NotoSansHebrew-Regular.ttf", O_RDONLY|O_CLOEXEC) = 3
[pid 185425] 14:15:42.061773 openat(AT_FDCWD, "/usr/share/fonts/truetype/noto/NotoSansImperialAramaic-Regular.ttf", O_RDONLY|O_CLOEXEC) = 3
[pid 185425] 14:15:42.061918 openat(AT_FDCWD, "/usr/share/fonts/truetype/noto/NotoSansIndicSiyaqNumbers-Regular.ttf", O_RDONLY|O_CLOEXEC) = 3
[pid 185425] 14:15:42.062066 openat(AT_FDCWD, "/usr/share/fonts/truetype/noto/NotoSansInscriptionalPahlavi-Regular.ttf", O_RDONLY|O_CLOEXEC) = 3
[pid 185425] 14:15:42.062208 openat(AT_FDCWD, "/usr/share/fonts/truetype/noto/NotoSansInscriptionalParthian-Regular.ttf", O_RDONLY|O_CLOEXEC) = 3
[pid 185425] 14:15:42.062348 openat(AT_FDCWD, "/usr/share/fonts/truetype/noto/NotoSansJavanese-Bold.ttf", O_RDONLY|O_CLOEXEC) = 3
[pid 185425] 14:15:42.062501 openat(AT_FDCWD, "/usr/share/fonts/truetype/noto/NotoSansJavanese-Regular.ttf", O_RDONLY|O_CLOEXEC) = 3
[pid 185425] 14:15:42.062653 openat(AT_FDCWD, "/usr/share/fonts/truetype/noto/NotoSansKaithi-Regular.ttf", O_RDONLY|O_CLOEXEC) = 3
[pid 185425] 14:15:42.062808 openat(AT_FDCWD, "/usr/share/fonts/truetype/noto/NotoSansKannada-Bold.ttf", O_RDONLY|O_CLOEXEC) = 3
[pid 185425] 14:15:42.062968 openat(AT_FDCWD, "/usr/share/fonts/truetype/noto/NotoSansKannada-Regular.ttf", O_RDONLY|O_CLOEXEC) = 3
[pid 185425] 14:15:42.063123 openat(AT_FDCWD, "/usr/share/fonts/truetype/noto/NotoSansKayahLi-Bold.ttf", O_RDONLY|O_CLOEXEC) = 3
[pid 185425] 14:15:42.063269 openat(AT_FDCWD, "/usr/share/fonts/truetype/noto/NotoSansKayahLi-Regular.ttf", O_RDONLY|O_CLOEXEC) = 3
[pid 185425] 14:15:42.063431 openat(AT_FDCWD, "/usr/share/fonts/truetype/noto/NotoSansKharoshthi-Regular.ttf", O_RDONLY|O_CLOEXEC) = 3
[pid 185425] 14:15:42.063594 openat(AT_FDCWD, "/usr/share/fonts/truetype/noto/NotoSansKhmer-Bold.ttf", O_RDONLY|O_CLOEXEC) = 3
[pid 185425] 14:15:42.063759 openat(AT_FDCWD, "/usr/share/fonts/truetype/noto/NotoSansKhmer-Regular.ttf", O_RDONLY|O_CLOEXEC) = 3
[pid 185425] 14:15:42.063937 openat(AT_FDCWD, "/usr/share/fonts/truetype/noto/NotoSansKhojki-Regular.ttf", O_RDONLY|O_CLOEXEC) = 3
[pid 185425] 14:15:42.064087 openat(AT_FDCWD, "/usr/share/fonts/truetype/noto/NotoSansKhudawadi-Regular.ttf", O_RDONLY|O_CLOEXEC) = 3
[pid 185425] 14:15:42.064233 openat(AT_FDCWD, "/usr/share/fonts/truetype/noto/NotoSansLao-Bold.ttf", O_RDONLY|O_CLOEXEC) = 3
[pid 185425] 14:15:42.064384 openat(AT_FDCWD, "/usr/share/fonts/truetype/noto/NotoSansLao-Regular.ttf", O_RDONLY|O_CLOEXEC) = 3
[pid 185425] 14:15:42.064530 openat(AT_FDCWD, "/usr/share/fonts/truetype/noto/NotoSansLepcha-Regular.ttf", O_RDONLY|O_CLOEXEC) = 3
[pid 185425] 14:15:42.064674 openat(AT_FDCWD, "/usr/share/fonts/truetype/noto/NotoSansLimbu-Regular.ttf", O_RDONLY|O_CLOEXEC) = 3
[pid 185425] 14:15:42.064833 openat(AT_FDCWD, "/usr/share/fonts/truetype/noto/NotoSansLinearA-Regular.ttf", O_RDONLY|O_CLOEXEC) = 3
[pid 185425] 14:15:42.064989 openat(AT_FDCWD, "/usr/share/fonts/truetype/noto/NotoSansLinearB-Regular.ttf", O_RDONLY|O_CLOEXEC) = 3
[pid 185425] 14:15:42.065143 openat(AT_FDCWD, "/usr/share/fonts/truetype/noto/NotoSansLisu-Bold.ttf", O_RDONLY|O_CLOEXEC) = 3
[pid 185425] 14:15:42.065288 openat(AT_FDCWD, "/usr/share/fonts/truetype/noto/NotoSansLisu-Regular.ttf", O_RDONLY|O_CLOEXEC) = 3
[pid 185425] 14:15:42.065431 openat(AT_FDCWD, "/usr/share/fonts/truetype/noto/NotoSansLycian-Regular.ttf", O_RDONLY|O_CLOEXEC) = 3
[pid 185425] 14:15:42.065573 openat(AT_FDCWD, "/usr/share/fonts/truetype/noto/NotoSansLydian-Regular.ttf", O_RDONLY|O_CLOEXEC) = 3
[pid 185425] 14:15:42.065714 openat(AT_FDCWD, "/usr/share/fonts/truetype/noto/NotoSansMahajani-Regular.ttf", O_RDONLY|O_CLOEXEC) = 3
[pid 185425] 14:15:42.065861 openat(AT_FDCWD, "/usr/share/fonts/truetype/noto/NotoSansMalayalam-Bold.ttf", O_RDONLY|O_CLOEXEC) = 3
[pid 185425] 14:15:42.066062 openat(AT_FDCWD, "/usr/share/fonts/truetype/noto/NotoSansMalayalam-Regular.ttf", O_RDONLY|O_CLOEXEC) = 3
[pid 185425] 14:15:42.066259 openat(AT_FDCWD, "/usr/share/fonts/truetype/noto/NotoSansMandaic-Regular.ttf", O_RDONLY|O_CLOEXEC) = 3
[pid 185425] 14:15:42.066431 openat(AT_FDCWD, "/usr/share/fonts/truetype/noto/NotoSansManichaean-Regular.ttf", O_RDONLY|O_CLOEXEC) = 3
[pid 185425] 14:15:42.066601 openat(AT_FDCWD, "/usr/share/fonts/truetype/noto/NotoSansMarchen-Regular.ttf", O_RDONLY|O_CLOEXEC) = 3
[pid 185425] 14:15:42.066770 openat(AT_FDCWD, "/usr/share/fonts/truetype/noto/NotoSansMasaramGondi-Regular.ttf", O_RDONLY|O_CLOEXEC) = 3
[pid 185425] 14:15:42.066924 openat(AT_FDCWD, "/usr/share/fonts/truetype/noto/NotoSansMath-Regular.ttf", O_RDONLY|O_CLOEXEC) = 3
[pid 185425] 14:15:42.067133 openat(AT_FDCWD, "/usr/share/fonts/truetype/noto/NotoSansMayanNumerals-Regular.ttf", O_RDONLY|O_CLOEXEC) = 3
[pid 185425] 14:15:42.067275 openat(AT_FDCWD, "/usr/share/fonts/truetype/noto/NotoSansMedefaidrin-Bold.ttf", O_RDONLY|O_CLOEXEC) = 3
[pid 185425] 14:15:42.067421 openat(AT_FDCWD, "/usr/share/fonts/truetype/noto/NotoSansMedefaidrin-Regular.ttf", O_RDONLY|O_CLOEXEC) = 3
[pid 185425] 14:15:42.067567 openat(AT_FDCWD, "/usr/share/fonts/truetype/noto/NotoSansMeeteiMayek-Bold.ttf", O_RDONLY|O_CLOEXEC) = 3
[pid 185425] 14:15:42.067711 openat(AT_FDCWD, "/usr/share/fonts/truetype/noto/NotoSansMeeteiMayek-Regular.ttf", O_RDONLY|O_CLOEXEC) = 3
[pid 185425] 14:15:42.067853 openat(AT_FDCWD, "/usr/share/fonts/truetype/noto/NotoSansMendeKikakui-Regular.ttf", O_RDONLY|O_CLOEXEC) = 3
[pid 185425] 14:15:42.068007 openat(AT_FDCWD, "/usr/share/fonts/truetype/noto/NotoSansMeroitic-Regular.ttf", O_RDONLY|O_CLOEXEC) = 3
[pid 185425] 14:15:42.068156 openat(AT_FDCWD, "/usr/share/fonts/truetype/noto/NotoSansMiao-Regular.ttf", O_RDONLY|O_CLOEXEC) = 3
[pid 185425] 14:15:42.068302 openat(AT_FDCWD, "/usr/share/fonts/truetype/noto/NotoSansModi-Regular.ttf", O_RDONLY|O_CLOEXEC) = 3
[pid 185425] 14:15:42.068450 openat(AT_FDCWD, "/usr/share/fonts/truetype/noto/NotoSansMongolian-Regular.ttf", O_RDONLY|O_CLOEXEC) = 3
[pid 185425] 14:15:42.068621 openat(AT_FDCWD, "/usr/share/fonts/truetype/noto/NotoSansMono-Bold.ttf", O_RDONLY|O_CLOEXEC) = 3
[pid 185425] 14:15:42.068879 openat(AT_FDCWD, "/usr/share/fonts/truetype/noto/NotoSansMono-Regular.ttf", O_RDONLY|O_CLOEXEC) = 3
[pid 185425] 14:15:42.069136 openat(AT_FDCWD, "/usr/share/fonts/truetype/noto/NotoSansMro-Regular.ttf", O_RDONLY|O_CLOEXEC) = 3
[pid 185425] 14:15:42.069282 openat(AT_FDCWD, "/usr/share/fonts/truetype/noto/NotoSansMultani-Regular.ttf", O_RDONLY|O_CLOEXEC) = 3
[pid 185425] 14:15:42.069433 openat(AT_FDCWD, "/usr/share/fonts/truetype/noto/NotoSansMyanmar-Bold.ttf", O_RDONLY|O_CLOEXEC) = 3
[pid 185425] 14:15:42.069599 openat(AT_FDCWD, "/usr/share/fonts/truetype/noto/NotoSansMyanmar-Regular.ttf", O_RDONLY|O_CLOEXEC) = 3
[pid 185425] 14:15:42.069756 openat(AT_FDCWD, "/usr/share/fonts/truetype/noto/NotoSansNKo-Regular.ttf", O_RDONLY|O_CLOEXEC) = 3
[pid 185425] 14:15:42.069941 openat(AT_FDCWD, "/usr/share/fonts/truetype/noto/NotoSansNabataean-Regular.ttf", O_RDONLY|O_CLOEXEC) = 3
[pid 185425] 14:15:42.070097 openat(AT_FDCWD, "/usr/share/fonts/truetype/noto/NotoSansNewTaiLue-Regular.ttf", O_RDONLY|O_CLOEXEC) = 3
[pid 185425] 14:15:42.070245 openat(AT_FDCWD, "/usr/share/fonts/truetype/noto/NotoSansNewa-Regular.ttf", O_RDONLY|O_CLOEXEC) = 3
[pid 185425] 14:15:42.070405 openat(AT_FDCWD, "/usr/share/fonts/truetype/noto/NotoSansNushu-Regular.ttf", O_RDONLY|O_CLOEXEC) = 3
[pid 185425] 14:15:42.070565 openat(AT_FDCWD, "/usr/share/fonts/truetype/noto/NotoSansOgham-Regular.ttf", O_RDONLY|O_CLOEXEC) = 3
[pid 185425] 14:15:42.070711 openat(AT_FDCWD, "/usr/share/fonts/truetype/noto/NotoSansOlChiki-Bold.ttf", O_RDONLY|O_CLOEXEC) = 3
[pid 185425] 14:15:42.070853 openat(AT_FDCWD, "/usr/share/fonts/truetype/noto/NotoSansOlChiki-Regular.ttf", O_RDONLY|O_CLOEXEC) = 3
[pid 185425] 14:15:42.071002 openat(AT_FDCWD, "/usr/share/fonts/truetype/noto/NotoSansOldHungarian-Regular.ttf", O_RDONLY|O_CLOEXEC) = 3
[pid 185425] 14:15:42.071151 openat(AT_FDCWD, "/usr/share/fonts/truetype/noto/NotoSansOldItalic-Regular.ttf", O_RDONLY|O_CLOEXEC) = 3
[pid 185425] 14:15:42.071294 openat(AT_FDCWD, "/usr/share/fonts/truetype/noto/NotoSansOldNorthArabian-Regular.ttf", O_RDONLY|O_CLOEXEC) = 3
[pid 185425] 14:15:42.071435 openat(AT_FDCWD, "/usr/share/fonts/truetype/noto/NotoSansOldPermic-Regular.ttf", O_RDONLY|O_CLOEXEC) = 3
[pid 185425] 14:15:42.071578 openat(AT_FDCWD, "/usr/share/fonts/truetype/noto/NotoSansOldPersian-Regular.ttf", O_RDONLY|O_CLOEXEC) = 3
[pid 185425] 14:15:42.071721 openat(AT_FDCWD, "/usr/share/fonts/truetype/noto/NotoSansOldSogdian-Regular.ttf", O_RDONLY|O_CLOEXEC) = 3
[pid 185425] 14:15:42.071863 openat(AT_FDCWD, "/usr/share/fonts/truetype/noto/NotoSansOldSouthArabian-Regular.ttf", O_RDONLY|O_CLOEXEC) = 3
[pid 185425] 14:15:42.072010 openat(AT_FDCWD, "/usr/share/fonts/truetype/noto/NotoSansOldTurkic-Regular.ttf", O_RDONLY|O_CLOEXEC) = 3
[pid 185425] 14:15:42.072155 openat(AT_FDCWD, "/usr/share/fonts/truetype/noto/NotoSansOriya-Bold.ttf", O_RDONLY|O_CLOEXEC) = 3
[pid 185425] 14:15:42.072308 openat(AT_FDCWD, "/usr/share/fonts/truetype/noto/NotoSansOriya-Regular.ttf", O_RDONLY|O_CLOEXEC) = 3
[pid 185425] 14:15:42.072460 openat(AT_FDCWD, "/usr/share/fonts/truetype/noto/NotoSansOsage-Regular.ttf", O_RDONLY|O_CLOEXEC) = 3
[pid 185425] 14:15:42.072604 openat(AT_FDCWD, "/usr/share/fonts/truetype/noto/NotoSansOsmanya-Regular.ttf", O_RDONLY|O_CLOEXEC) = 3
[pid 185425] 14:15:42.072746 openat(AT_FDCWD, "/usr/share/fonts/truetype/noto/NotoSansPahawhHmong-Regular.ttf", O_RDONLY|O_CLOEXEC) = 3
[pid 185425] 14:15:42.072890 openat(AT_FDCWD, "/usr/share/fonts/truetype/noto/NotoSansPalmyrene-Regular.ttf", O_RDONLY|O_CLOEXEC) = 3
[pid 185425] 14:15:42.073039 openat(AT_FDCWD, "/usr/share/fonts/truetype/noto/NotoSansPauCinHau-Regular.ttf", O_RDONLY|O_CLOEXEC) = 3
[pid 185425] 14:15:42.073181 openat(AT_FDCWD, "/usr/share/fonts/truetype/noto/NotoSansPhagsPa-Regular.ttf", O_RDONLY|O_CLOEXEC) = 3
[pid 185425] 14:15:42.073325 openat(AT_FDCWD, "/usr/share/fonts/truetype/noto/NotoSansPhoenician-Regular.ttf", O_RDONLY|O_CLOEXEC) = 3
[pid 185425] 14:15:42.073466 openat(AT_FDCWD, "/usr/share/fonts/truetype/noto/NotoSansPsalterPahlavi-Regular.ttf", O_RDONLY|O_CLOEXEC) = 3
[pid 185425] 14:15:42.073610 openat(AT_FDCWD, "/usr/share/fonts/truetype/noto/NotoSansRejang-Regular.ttf", O_RDONLY|O_CLOEXEC) = 3
[pid 185425] 14:15:42.073751 openat(AT_FDCWD, "/usr/share/fonts/truetype/noto/NotoSansRunic-Regular.ttf", O_RDONLY|O_CLOEXEC) = 3
[pid 185425] 14:15:42.073893 openat(AT_FDCWD, "/usr/share/fonts/truetype/noto/NotoSansSamaritan-Regular.ttf", O_RDONLY|O_CLOEXEC) = 3
[pid 185425] 14:15:42.074041 openat(AT_FDCWD, "/usr/share/fonts/truetype/noto/NotoSansSaurashtra-Regular.ttf", O_RDONLY|O_CLOEXEC) = 3
[pid 185425] 14:15:42.074186 openat(AT_FDCWD, "/usr/share/fonts/truetype/noto/NotoSansSharada-Regular.ttf", O_RDONLY|O_CLOEXEC) = 3
[pid 185425] 14:15:42.074334 openat(AT_FDCWD, "/usr/share/fonts/truetype/noto/NotoSansShavian-Regular.ttf", O_RDONLY|O_CLOEXEC) = 3
[pid 185425] 14:15:42.074492 openat(AT_FDCWD, "/usr/share/fonts/truetype/noto/NotoSansSiddham-Regular.ttf", O_RDONLY|O_CLOEXEC) = 3
[pid 185425] 14:15:42.074649 openat(AT_FDCWD, "/usr/share/fonts/truetype/noto/NotoSansSignWriting-Regular.ttf", O_RDONLY|O_CLOEXEC) = 3
[pid 185425] 14:15:42.074834 openat(AT_FDCWD, "/usr/share/fonts/truetype/noto/NotoSansSinhala-Bold.ttf", O_RDONLY|O_CLOEXEC) = 3
[pid 185425] 14:15:42.074999 openat(AT_FDCWD, "/usr/share/fonts/truetype/noto/NotoSansSinhala-Regular.ttf", O_RDONLY|O_CLOEXEC) = 3
[pid 185425] 14:15:42.075160 openat(AT_FDCWD, "/usr/share/fonts/truetype/noto/NotoSansSogdian-Regular.ttf", O_RDONLY|O_CLOEXEC) = 3
[pid 185425] 14:15:42.075312 openat(AT_FDCWD, "/usr/share/fonts/truetype/noto/NotoSansSoraSompeng-Bold.ttf", O_RDONLY|O_CLOEXEC) = 3
[pid 185425] 14:15:42.075454 openat(AT_FDCWD, "/usr/share/fonts/truetype/noto/NotoSansSoraSompeng-Regular.ttf", O_RDONLY|O_CLOEXEC) = 3
[pid 185425] 14:15:42.075595 openat(AT_FDCWD, "/usr/share/fonts/truetype/noto/NotoSansSoyombo-Regular.ttf", O_RDONLY|O_CLOEXEC) = 3
[pid 185425] 14:15:42.075743 openat(AT_FDCWD, "/usr/share/fonts/truetype/noto/NotoSansSundanese-Bold.ttf", O_RDONLY|O_CLOEXEC) = 3
[pid 185425] 14:15:42.075887 openat(AT_FDCWD, "/usr/share/fonts/truetype/noto/NotoSansSundanese-Regular.ttf", O_RDONLY|O_CLOEXEC) = 3
[pid 185425] 14:15:42.076039 openat(AT_FDCWD, "/usr/share/fonts/truetype/noto/NotoSansSylotiNagri-Regular.ttf", O_RDONLY|O_CLOEXEC) = 3
[pid 185425] 14:15:42.076184 openat(AT_FDCWD, "/usr/share/fonts/truetype/noto/NotoSansSymbols-Bold.ttf", O_RDONLY|O_CLOEXEC) = 3
[pid 185425] 14:15:42.076355 openat(AT_FDCWD, "/usr/share/fonts/truetype/noto/NotoSansSymbols-Regular.ttf", O_RDONLY|O_CLOEXEC) = 3
[pid 185425] 14:15:42.076527 openat(AT_FDCWD, "/usr/share/fonts/truetype/noto/NotoSansSymbols2-Regular.ttf", O_RDONLY|O_CLOEXEC) = 3
[pid 185425] 14:15:42.076730 openat(AT_FDCWD, "/usr/share/fonts/truetype/noto/NotoSansSyriac-Regular.ttf", O_RDONLY|O_CLOEXEC) = 3
[pid 185425] 14:15:42.076887 openat(AT_FDCWD, "/usr/share/fonts/truetype/noto/NotoSansTagalog-Regular.ttf", O_RDONLY|O_CLOEXEC) = 3
[pid 185425] 14:15:42.077035 openat(AT_FDCWD, "/usr/share/fonts/truetype/noto/NotoSansTagbanwa-Regular.ttf", O_RDONLY|O_CLOEXEC) = 3
[pid 185425] 14:15:42.077176 openat(AT_FDCWD, "/usr/share/fonts/truetype/noto/NotoSansTaiLe-Regular.ttf", O_RDONLY|O_CLOEXEC) = 3
[pid 185425] 14:15:42.077326 openat(AT_FDCWD, "/usr/share/fonts/truetype/noto/NotoSansTaiTham-Bold.ttf", O_RDONLY|O_CLOEXEC) = 3
[pid 185425] 14:15:42.077475 openat(AT_FDCWD, "/usr/share/fonts/truetype/noto/NotoSansTaiTham-Regular.ttf", O_RDONLY|O_CLOEXEC) = 3
[pid 185425] 14:15:42.077625 openat(AT_FDCWD, "/usr/share/fonts/truetype/noto/NotoSansTaiViet-Regular.ttf", O_RDONLY|O_CLOEXEC) = 3
[pid 185425] 14:15:42.077769 openat(AT_FDCWD, "/usr/share/fonts/truetype/noto/NotoSansTakri-Regular.ttf", O_RDONLY|O_CLOEXEC) = 3
[pid 185425] 14:15:42.077921 openat(AT_FDCWD, "/usr/share/fonts/truetype/noto/NotoSansTamil-Bold.ttf", O_RDONLY|O_CLOEXEC) = 3
[pid 185425] 14:15:42.078077 openat(AT_FDCWD, "/usr/share/fonts/truetype/noto/NotoSansTamil-Regular.ttf", O_RDONLY|O_CLOEXEC) = 3
[pid 185425] 14:15:42.078230 openat(AT_FDCWD, "/usr/share/fonts/truetype/noto/NotoSansTamilSupplement-Regular.ttf", O_RDONLY|O_CLOEXEC) = 3
[pid 185425] 14:15:42.078387 openat(AT_FDCWD, "/usr/share/fonts/truetype/noto/NotoSansTelugu-Bold.ttf", O_RDONLY|O_CLOEXEC) = 3
[pid 185425] 14:15:42.078544 openat(AT_FDCWD, "/usr/share/fonts/truetype/noto/NotoSansTelugu-Regular.ttf", O_RDONLY|O_CLOEXEC) = 3
[pid 185425] 14:15:42.078698 openat(AT_FDCWD, "/usr/share/fonts/truetype/noto/NotoSansThaana-Bold.ttf", O_RDONLY|O_CLOEXEC) = 3
[pid 185425] 14:15:42.078841 openat(AT_FDCWD, "/usr/share/fonts/truetype/noto/NotoSansThaana-Regular.ttf", O_RDONLY|O_CLOEXEC) = 3
[pid 185425] 14:15:42.078988 openat(AT_FDCWD, "/usr/share/fonts/truetype/noto/NotoSansThai-Bold.ttf", O_RDONLY|O_CLOEXEC) = 3
[pid 185425] 14:15:42.079133 openat(AT_FDCWD, "/usr/share/fonts/truetype/noto/NotoSansThai-Regular.ttf", O_RDONLY|O_CLOEXEC) = 3
[pid 185425] 14:15:42.079303 openat(AT_FDCWD, "/usr/share/fonts/truetype/noto/NotoSansTifinagh-Regular.ttf", O_RDONLY|O_CLOEXEC) = 3
[pid 185425] 14:15:42.079455 openat(AT_FDCWD, "/usr/share/fonts/truetype/noto/NotoSansTifinaghAPT-Regular.ttf", O_RDONLY|O_CLOEXEC) = 3
[pid 185425] 14:15:42.079601 openat(AT_FDCWD, "/usr/share/fonts/truetype/noto/NotoSansTifinaghAdrar-Regular.ttf", O_RDONLY|O_CLOEXEC) = 3
[pid 185425] 14:15:42.079799 openat(AT_FDCWD, "/usr/share/fonts/truetype/noto/NotoSansTifinaghAgrawImazighen-Regular.ttf", O_RDONLY|O_CLOEXEC) = 3
[pid 185425] 14:15:42.079998 openat(AT_FDCWD, "/usr/share/fonts/truetype/noto/NotoSansTifinaghAhaggar-Regular.ttf", O_RDONLY|O_CLOEXEC) = 3
[pid 185425] 14:15:42.080182 openat(AT_FDCWD, "/usr/share/fonts/truetype/noto/NotoSansTifinaghAir-Regular.ttf", O_RDONLY|O_CLOEXEC) = 3
[pid 185425] 14:15:42.080349 openat(AT_FDCWD, "/usr/share/fonts/truetype/noto/NotoSansTifinaghAzawagh-Regular.ttf", O_RDONLY|O_CLOEXEC) = 3
[pid 185425] 14:15:42.080505 openat(AT_FDCWD, "/usr/share/fonts/truetype/noto/NotoSansTifinaghGhat-Regular.ttf", O_RDONLY|O_CLOEXEC) = 3
[pid 185425] 14:15:42.080654 openat(AT_FDCWD, "/usr/share/fonts/truetype/noto/NotoSansTifinaghHawad-Regular.ttf", O_RDONLY|O_CLOEXEC) = 3
[pid 185425] 14:15:42.080800 openat(AT_FDCWD, "/usr/share/fonts/truetype/noto/NotoSansTifinaghRhissaIxa-Regular.ttf", O_RDONLY|O_CLOEXEC) = 3
[pid 185425] 14:15:42.080958 openat(AT_FDCWD, "/usr/share/fonts/truetype/noto/NotoSansTifinaghSIL-Regular.ttf", O_RDONLY|O_CLOEXEC) = 3
[pid 185425] 14:15:42.081107 openat(AT_FDCWD, "/usr/share/fonts/truetype/noto/NotoSansTifinaghTawellemmet-Regular.ttf", O_RDONLY|O_CLOEXEC) = 3
[pid 185425] 14:15:42.081253 openat(AT_FDCWD, "/usr/share/fonts/truetype/noto/NotoSansTirhuta-Regular.ttf", O_RDONLY|O_CLOEXEC) = 3
[pid 185425] 14:15:42.081414 openat(AT_FDCWD, "/usr/share/fonts/truetype/noto/NotoSansUgaritic-Regular.ttf", O_RDONLY|O_CLOEXEC) = 3
[pid 185425] 14:15:42.081556 openat(AT_FDCWD, "/usr/share/fonts/truetype/noto/NotoSansVai-Regular.ttf", O_RDONLY|O_CLOEXEC) = 3
[pid 185425] 14:15:42.081709 openat(AT_FDCWD, "/usr/share/fonts/truetype/noto/NotoSansWancho-Regular.ttf", O_RDONLY|O_CLOEXEC) = 3
[pid 185425] 14:15:42.081854 openat(AT_FDCWD, "/usr/share/fonts/truetype/noto/NotoSansWarangCiti-Regular.ttf", O_RDONLY|O_CLOEXEC) = 3
[pid 185425] 14:15:42.082022 openat(AT_FDCWD, "/usr/share/fonts/truetype/noto/NotoSansYi-Regular.ttf", O_RDONLY|O_CLOEXEC) = 3
[pid 185425] 14:15:42.082235 openat(AT_FDCWD, "/usr/share/fonts/truetype/noto/NotoSansZanabazarSquare-Regular.ttf", O_RDONLY|O_CLOEXEC) = 3
[pid 185425] 14:15:42.082419 openat(AT_FDCWD, "/usr/share/fonts/truetype/noto/NotoSerif-Bold.ttf", O_RDONLY|O_CLOEXEC) = 3
[pid 185425] 14:15:42.082671 openat(AT_FDCWD, "/usr/share/fonts/truetype/noto/NotoSerif-BoldItalic.ttf", O_RDONLY|O_CLOEXEC) = 3
[pid 185425] 14:15:42.082931 openat(AT_FDCWD, "/usr/share/fonts/truetype/noto/NotoSerif-Italic.ttf", O_RDONLY|O_CLOEXEC) = 3
[pid 185425] 14:15:42.083164 openat(AT_FDCWD, "/usr/share/fonts/truetype/noto/NotoSerif-Regular.ttf", O_RDONLY|O_CLOEXEC) = 3
[pid 185425] 14:15:42.083382 openat(AT_FDCWD, "/usr/share/fonts/truetype/noto/NotoSerifAhom-Regular.ttf", O_RDONLY|O_CLOEXEC) = 3
[pid 185425] 14:15:42.083547 openat(AT_FDCWD, "/usr/share/fonts/truetype/noto/NotoSerifArmenian-Bold.ttf", O_RDONLY|O_CLOEXEC) = 3
[pid 185425] 14:15:42.083712 openat(AT_FDCWD, "/usr/share/fonts/truetype/noto/NotoSerifArmenian-Regular.ttf", O_RDONLY|O_CLOEXEC) = 3
[pid 185425] 14:15:42.083880 openat(AT_FDCWD, "/usr/share/fonts/truetype/noto/NotoSerifBalinese-Regular.ttf", O_RDONLY|O_CLOEXEC) = 3
[pid 185425] 14:15:42.084056 openat(AT_FDCWD, "/usr/share/fonts/truetype/noto/NotoSerifBengali-Bold.ttf", O_RDONLY|O_CLOEXEC) = 3
[pid 185425] 14:15:42.084240 openat(AT_FDCWD, "/usr/share/fonts/truetype/noto/NotoSerifBengali-Regular.ttf", O_RDONLY|O_CLOEXEC) = 3
[pid 185425] 14:15:42.084419 openat(AT_FDCWD, "/usr/share/fonts/truetype/noto/NotoSerifDevanagari-Bold.ttf", O_RDONLY|O_CLOEXEC) = 3
[pid 185425] 14:15:42.084606 openat(AT_FDCWD, "/usr/share/fonts/truetype/noto/NotoSerifDevanagari-Regular.ttf", O_RDONLY|O_CLOEXEC) = 3
[pid 185425] 14:15:42.084807 openat(AT_FDCWD, "/usr/share/fonts/truetype/noto/NotoSerifDisplay-Bold.ttf", O_RDONLY|O_CLOEXEC) = 3
[pid 185425] 14:15:42.085030 openat(AT_FDCWD, "/usr/share/fonts/truetype/noto/NotoSerifDisplay-BoldItalic.ttf", O_RDONLY|O_CLOEXEC) = 3
[pid 185425] 14:15:42.085245 openat(AT_FDCWD, "/usr/share/fonts/truetype/noto/NotoSerifDisplay-Italic.ttf", O_RDONLY|O_CLOEXEC) = 3
[pid 185425] 14:15:42.085457 openat(AT_FDCWD, "/usr/share/fonts/truetype/noto/NotoSerifDisplay-Regular.ttf", O_RDONLY|O_CLOEXEC) = 3
[pid 185425] 14:15:42.085671 openat(AT_FDCWD, "/usr/share/fonts/truetype/noto/NotoSerifDogra-Regular.ttf", O_RDONLY|O_CLOEXEC) = 3
[pid 185425] 14:15:42.085835 openat(AT_FDCWD, "/usr/share/fonts/truetype/noto/NotoSerifEthiopic-Bold.ttf", O_RDONLY|O_CLOEXEC) = 3
[pid 185425] 14:15:42.086017 openat(AT_FDCWD, "/usr/share/fonts/truetype/noto/NotoSerifEthiopic-Regular.ttf", O_RDONLY|O_CLOEXEC) = 3
[pid 185425] 14:15:42.086196 openat(AT_FDCWD, "/usr/share/fonts/truetype/noto/NotoSerifGeorgian-Bold.ttf", O_RDONLY|O_CLOEXEC) = 3
[pid 185425] 14:15:42.086362 openat(AT_FDCWD, "/usr/share/fonts/truetype/noto/NotoSerifGeorgian-Regular.ttf", O_RDONLY|O_CLOEXEC) = 3
[pid 185425] 14:15:42.086528 openat(AT_FDCWD, "/usr/share/fonts/truetype/noto/NotoSerifGrantha-Regular.ttf", O_RDONLY|O_CLOEXEC) = 3
[pid 185425] 14:15:42.086719 openat(AT_FDCWD, "/usr/share/fonts/truetype/noto/NotoSerifGujarati-Bold.ttf", O_RDONLY|O_CLOEXEC) = 3
[pid 185425] 14:15:42.086882 openat(AT_FDCWD, "/usr/share/fonts/truetype/noto/NotoSerifGujarati-Regular.ttf", O_RDONLY|O_CLOEXEC) = 3
[pid 185425] 14:15:42.087057 openat(AT_FDCWD, "/usr/share/fonts/truetype/noto/NotoSerifGurmukhi-Bold.ttf", O_RDONLY|O_CLOEXEC) = 3
[pid 185425] 14:15:42.087209 openat(AT_FDCWD, "/usr/share/fonts/truetype/noto/NotoSerifGurmukhi-Regular.ttf", O_RDONLY|O_CLOEXEC) = 3
[pid 185425] 14:15:42.087374 openat(AT_FDCWD, "/usr/share/fonts/truetype/noto/NotoSerifHebrew-Bold.ttf", O_RDONLY|O_CLOEXEC) = 3
[pid 185425] 14:15:42.087537 openat(AT_FDCWD, "/usr/share/fonts/truetype/noto/NotoSerifHebrew-Regular.ttf", O_RDONLY|O_CLOEXEC) = 3
[pid 185425] 14:15:42.087695 openat(AT_FDCWD, "/usr/share/fonts/truetype/noto/NotoSerifKannada-Bold.ttf", O_RDONLY|O_CLOEXEC) = 3
[pid 185425] 14:15:42.087874 openat(AT_FDCWD, "/usr/share/fonts/truetype/noto/NotoSerifKannada-Regular.ttf", O_RDONLY|O_CLOEXEC) = 3
[pid 185425] 14:15:42.088048 openat(AT_FDCWD, "/usr/share/fonts/truetype/noto/NotoSerifKhmer-Bold.ttf", O_RDONLY|O_CLOEXEC) = 3
[pid 185425] 14:15:42.088207 openat(AT_FDCWD, "/usr/share/fonts/truetype/noto/NotoSerifKhmer-Regular.ttf", O_RDONLY|O_CLOEXEC) = 3
[pid 185425] 14:15:42.088359 openat(AT_FDCWD, "/usr/share/fonts/truetype/noto/NotoSerifKhojki-Bold.ttf", O_RDONLY|O_CLOEXEC) = 3
[pid 185425] 14:15:42.088525 openat(AT_FDCWD, "/usr/share/fonts/truetype/noto/NotoSerifKhojki-Regular.ttf", O_RDONLY|O_CLOEXEC) = 3
[pid 185425] 14:15:42.088686 openat(AT_FDCWD, "/usr/share/fonts/truetype/noto/NotoSerifLao-Bold.ttf", O_RDONLY|O_CLOEXEC) = 3
[pid 185425] 14:15:42.088834 openat(AT_FDCWD, "/usr/share/fonts/truetype/noto/NotoSerifLao-Regular.ttf", O_RDONLY|O_CLOEXEC) = 3
[pid 185425] 14:15:42.088997 openat(AT_FDCWD, "/usr/share/fonts/truetype/noto/NotoSerifMalayalam-Bold.ttf", O_RDONLY|O_CLOEXEC) = 3
[pid 185425] 14:15:42.089154 openat(AT_FDCWD, "/usr/share/fonts/truetype/noto/NotoSerifMalayalam-Regular.ttf", O_RDONLY|O_CLOEXEC) = 3
[pid 185425] 14:15:42.089309 openat(AT_FDCWD, "/usr/share/fonts/truetype/noto/NotoSerifMyanmar-Bold.ttf", O_RDONLY|O_CLOEXEC) = 3
[pid 185425] 14:15:42.089466 openat(AT_FDCWD, "/usr/share/fonts/truetype/noto/NotoSerifMyanmar-Regular.ttf", O_RDONLY|O_CLOEXEC) = 3
[pid 185425] 14:15:42.089621 openat(AT_FDCWD, "/usr/share/fonts/truetype/noto/NotoSerifNyiakengPuachueHmong-Bold.ttf", O_RDONLY|O_CLOEXEC) = 3
[pid 185425] 14:15:42.089766 openat(AT_FDCWD, "/usr/share/fonts/truetype/noto/NotoSerifNyiakengPuachueHmong-Regular.ttf", O_RDONLY|O_CLOEXEC) = 3
[pid 185425] 14:15:42.089913 openat(AT_FDCWD, "/usr/share/fonts/truetype/noto/NotoSerifSinhala-Bold.ttf", O_RDONLY|O_CLOEXEC) = 3
[pid 185425] 14:15:42.090091 openat(AT_FDCWD, "/usr/share/fonts/truetype/noto/NotoSerifSinhala-Regular.ttf", O_RDONLY|O_CLOEXEC) = 3
[pid 185425] 14:15:42.090281 openat(AT_FDCWD, "/usr/share/fonts/truetype/noto/NotoSerifTamil-Bold.ttf", O_RDONLY|O_CLOEXEC) = 3
[pid 185425] 14:15:42.090469 openat(AT_FDCWD, "/usr/share/fonts/truetype/noto/NotoSerifTamil-Regular.ttf", O_RDONLY|O_CLOEXEC) = 3
[pid 185425] 14:15:42.090645 openat(AT_FDCWD, "/usr/share/fonts/truetype/noto/NotoSerifTamilSlanted-Bold.ttf", O_RDONLY|O_CLOEXEC) = 3
[pid 185425] 14:15:42.090823 openat(AT_FDCWD, "/usr/share/fonts/truetype/noto/NotoSerifTamilSlanted-Regular.ttf", O_RDONLY|O_CLOEXEC) = 3
[pid 185425] 14:15:42.091002 openat(AT_FDCWD, "/usr/share/fonts/truetype/noto/NotoSerifTangut-Regular.ttf", O_RDONLY|O_CLOEXEC) = 3
[pid 185425] 14:15:42.091265 openat(AT_FDCWD, "/usr/share/fonts/truetype/noto/NotoSerifTelugu-Bold.ttf", O_RDONLY|O_CLOEXEC) = 3
[pid 185425] 14:15:42.091453 openat(AT_FDCWD, "/usr/share/fonts/truetype/noto/NotoSerifTelugu-Regular.ttf", O_RDONLY|O_CLOEXEC) = 3
[pid 185425] 14:15:42.091629 openat(AT_FDCWD, "/usr/share/fonts/truetype/noto/NotoSerifThai-Bold.ttf", O_RDONLY|O_CLOEXEC) = 3
[pid 185425] 14:15:42.091792 openat(AT_FDCWD, "/usr/share/fonts/truetype/noto/NotoSerifThai-Regular.ttf", O_RDONLY|O_CLOEXEC) = 3
[pid 185425] 14:15:42.091963 openat(AT_FDCWD, "/usr/share/fonts/truetype/noto/NotoSerifTibetan-Bold.ttf", O_RDONLY|O_CLOEXEC) = 3
[pid 185425] 14:15:42.092145 openat(AT_FDCWD, "/usr/share/fonts/truetype/noto/NotoSerifTibetan-Regular.ttf", O_RDONLY|O_CLOEXEC) = 3
[pid 185425] 14:15:42.092316 openat(AT_FDCWD, "/usr/share/fonts/truetype/noto/NotoSerifYezidi-Bold.ttf", O_RDONLY|O_CLOEXEC) = 3
[pid 185425] 14:15:42.092475 openat(AT_FDCWD, "/usr/share/fonts/truetype/noto/NotoSerifYezidi-Regular.ttf", O_RDONLY|O_CLOEXEC) = 3
[pid 185425] 14:15:42.092636 openat(AT_FDCWD, "/usr/share/fonts/truetype/noto/NotoTraditionalNushu-Regular.ttf", O_RDONLY|O_CLOEXEC) = 3
[pid 185425] 14:15:42.092811 openat(AT_FDCWD, "/usr/share/fonts/truetype/noto/NotoColorEmoji.ttf", O_RDONLY|O_CLOEXEC) = 3
[pid 185425] 14:15:42.093022 openat(AT_FDCWD, "/usr/share/fonts/truetype/ubuntu/Ubuntu[wdth,wght].ttf", O_RDONLY|O_CLOEXEC) = 3
[pid 185425] 14:15:42.093225 openat(AT_FDCWD, "/usr/share/fonts/truetype/ubuntu/Ubuntu-Italic[wdth,wght].ttf", O_RDONLY|O_CLOEXEC) = 3
[pid 185425] 14:15:42.093414 openat(AT_FDCWD, "/usr/share/fonts/truetype/ubuntu/UbuntuMono[wght].ttf", O_RDONLY|O_CLOEXEC) = 3
[pid 185425] 14:15:42.093599 openat(AT_FDCWD, "/usr/share/fonts/truetype/ubuntu/UbuntuMono-Italic[wght].ttf", O_RDONLY|O_CLOEXEC) = 3
[pid 185425] 14:15:42.093780 openat(AT_FDCWD, "/usr/share/fonts/truetype/ubuntu/UbuntuSans-Italic[wdth,wght].ttf", O_RDONLY|O_CLOEXEC) = 3
[pid 185425] 14:15:42.093964 openat(AT_FDCWD, "/usr/share/fonts/truetype/ubuntu/UbuntuSansMono-Italic[wght].ttf", O_RDONLY|O_CLOEXEC) = 3
[pid 185425] 14:15:42.094135 openat(AT_FDCWD, "/usr/share/fonts/truetype/ubuntu/UbuntuSansMono[wght].ttf", O_RDONLY|O_CLOEXEC) = 3
[pid 185425] 14:15:42.094299 openat(AT_FDCWD, "/usr/share/fonts/truetype/ubuntu/UbuntuSans[wdth,wght].ttf", O_RDONLY|O_CLOEXEC) = 3
[pid 185425] 14:15:42.094477 openat(AT_FDCWD, "/usr/share/fonts/truetype/tuffy/tuffy_bold.ttf", O_RDONLY|O_CLOEXEC) = 3
[pid 185425] 14:15:42.094638 openat(AT_FDCWD, "/usr/share/fonts/truetype/tuffy/tuffy_bold_italic.ttf", O_RDONLY|O_CLOEXEC) = 3
[pid 185425] 14:15:42.094797 openat(AT_FDCWD, "/usr/share/fonts/truetype/tuffy/tuffy_italic.ttf", O_RDONLY|O_CLOEXEC) = 3
[pid 185425] 14:15:42.095010 openat(AT_FDCWD, "/usr/share/fonts/truetype/tuffy/tuffy_regular.ttf", O_RDONLY|O_CLOEXEC) = 3
[pid 185425] 14:15:42.095207 openat(AT_FDCWD, "/usr/share/fonts/truetype/lyx/cmex10.ttf", O_RDONLY|O_CLOEXEC) = 3
[pid 185425] 14:15:42.095353 openat(AT_FDCWD, "/usr/share/fonts/truetype/lyx/cmmi10.ttf", O_RDONLY|O_CLOEXEC) = 3
[pid 185425] 14:15:42.095496 openat(AT_FDCWD, "/usr/share/fonts/truetype/lyx/cmr10.ttf", O_RDONLY|O_CLOEXEC) = 3
[pid 185425] 14:15:42.095639 openat(AT_FDCWD, "/usr/share/fonts/truetype/lyx/cmsy10.ttf", O_RDONLY|O_CLOEXEC) = 3
[pid 185425] 14:15:42.095800 openat(AT_FDCWD, "/usr/share/fonts/truetype/lyx/dsrom10.ttf", O_RDONLY|O_CLOEXEC) = 3
[pid 185425] 14:15:42.095946 openat(AT_FDCWD, "/usr/share/fonts/truetype/lyx/esint10.ttf", O_RDONLY|O_CLOEXEC) = 3
[pid 185425] 14:15:42.096093 openat(AT_FDCWD, "/usr/share/fonts/truetype/lyx/eufm10.ttf", O_RDONLY|O_CLOEXEC) = 3
[pid 185425] 14:15:42.096236 openat(AT_FDCWD, "/usr/share/fonts/truetype/lyx/msam10.ttf", O_RDONLY|O_CLOEXEC) = 3
[pid 185425] 14:15:42.096379 openat(AT_FDCWD, "/usr/share/fonts/truetype/lyx/msbm10.ttf", O_RDONLY|O_CLOEXEC) = 3
[pid 185425] 14:15:42.096523 openat(AT_FDCWD, "/usr/share/fonts/truetype/lyx/rsfs10.ttf", O_RDONLY|O_CLOEXEC) = 3
[pid 185425] 14:15:42.096663 openat(AT_FDCWD, "/usr/share/fonts/truetype/lyx/stmary10.ttf", O_RDONLY|O_CLOEXEC) = 3
[pid 185425] 14:15:42.096805 openat(AT_FDCWD, "/usr/share/fonts/truetype/lyx/wasy10.ttf", O_RDONLY|O_CLOEXEC) = 3
[pid 185425] 14:15:42.096957 openat(AT_FDCWD, "/usr/share/fonts/truetype/open-sans/OpenSans-Bold.ttf", O_RDONLY|O_CLOEXEC) = 3
[pid 185425] 14:15:42.097120 openat(AT_FDCWD, "/usr/share/fonts/truetype/open-sans/OpenSans-BoldItalic.ttf", O_RDONLY|O_CLOEXEC) = 3
[pid 185425] 14:15:42.097287 openat(AT_FDCWD, "/usr/share/fonts/truetype/open-sans/OpenSans-CondBold.ttf", O_RDONLY|O_CLOEXEC) = 3
[pid 185425] 14:15:42.097451 openat(AT_FDCWD, "/usr/share/fonts/truetype/open-sans/OpenSans-CondLight.ttf", O_RDONLY|O_CLOEXEC) = 3
[pid 185425] 14:15:42.097610 openat(AT_FDCWD, "/usr/share/fonts/truetype/open-sans/OpenSans-CondLightItalic.ttf", O_RDONLY|O_CLOEXEC) = 3
[pid 185425] 14:15:42.097768 openat(AT_FDCWD, "/usr/share/fonts/truetype/open-sans/OpenSans-ExtraBold.ttf", O_RDONLY|O_CLOEXEC) = 3
[pid 185425] 14:15:42.097941 openat(AT_FDCWD, "/usr/share/fonts/truetype/open-sans/OpenSans-ExtraBoldItalic.ttf", O_RDONLY|O_CLOEXEC) = 3
[pid 185425] 14:15:42.098105 openat(AT_FDCWD, "/usr/share/fonts/truetype/open-sans/OpenSans-Italic.ttf", O_RDONLY|O_CLOEXEC) = 3
[pid 185425] 14:15:42.098265 openat(AT_FDCWD, "/usr/share/fonts/truetype/open-sans/OpenSans-Light.ttf", O_RDONLY|O_CLOEXEC) = 3
[pid 185425] 14:15:42.098427 openat(AT_FDCWD, "/usr/share/fonts/truetype/open-sans/OpenSans-LightItalic.ttf", O_RDONLY|O_CLOEXEC) = 3
[pid 185425] 14:15:42.098587 openat(AT_FDCWD, "/usr/share/fonts/truetype/open-sans/OpenSans-Regular.ttf", O_RDONLY|O_CLOEXEC) = 3
[pid 185425] 14:15:42.098748 openat(AT_FDCWD, "/usr/share/fonts/truetype/open-sans/OpenSans-Semibold.ttf", O_RDONLY|O_CLOEXEC) = 3
[pid 185425] 14:15:42.098913 openat(AT_FDCWD, "/usr/share/fonts/truetype/open-sans/OpenSans-SemiboldItalic.ttf", O_RDONLY|O_CLOEXEC) = 3
[pid 185425] 14:15:42.099072 openat(AT_FDCWD, "/usr/share/fonts/truetype/lato/Lato-Black.ttf", O_RDONLY|O_CLOEXEC) = 3
[pid 185425] 14:15:42.099248 openat(AT_FDCWD, "/usr/share/fonts/truetype/lato/Lato-BlackItalic.ttf", O_RDONLY|O_CLOEXEC) = 3
[pid 185425] 14:15:42.099435 openat(AT_FDCWD, "/usr/share/fonts/truetype/lato/Lato-Bold.ttf", O_RDONLY|O_CLOEXEC) = 3
[pid 185425] 14:15:42.099612 openat(AT_FDCWD, "/usr/share/fonts/truetype/lato/Lato-BoldItalic.ttf", O_RDONLY|O_CLOEXEC) = 3
[pid 185425] 14:15:42.099789 openat(AT_FDCWD, "/usr/share/fonts/truetype/lato/Lato-Hairline.ttf", O_RDONLY|O_CLOEXEC) = 3
[pid 185425] 14:15:42.100004 openat(AT_FDCWD, "/usr/share/fonts/truetype/lato/Lato-HairlineItalic.ttf", O_RDONLY|O_CLOEXEC) = 3
[pid 185425] 14:15:42.100216 openat(AT_FDCWD, "/usr/share/fonts/truetype/lato/Lato-Heavy.ttf", O_RDONLY|O_CLOEXEC) = 3
[pid 185425] 14:15:42.100413 openat(AT_FDCWD, "/usr/share/fonts/truetype/lato/Lato-HeavyItalic.ttf", O_RDONLY|O_CLOEXEC) = 3
[pid 185425] 14:15:42.100606 openat(AT_FDCWD, "/usr/share/fonts/truetype/lato/Lato-Italic.ttf", O_RDONLY|O_CLOEXEC) = 3
[pid 185425] 14:15:42.100793 openat(AT_FDCWD, "/usr/share/fonts/truetype/lato/Lato-Light.ttf", O_RDONLY|O_CLOEXEC) = 3
[pid 185425] 14:15:42.100974 openat(AT_FDCWD, "/usr/share/fonts/truetype/lato/Lato-LightItalic.ttf", O_RDONLY|O_CLOEXEC) = 3
[pid 185425] 14:15:42.101148 openat(AT_FDCWD, "/usr/share/fonts/truetype/lato/Lato-Medium.ttf", O_RDONLY|O_CLOEXEC) = 3
[pid 185425] 14:15:42.101344 openat(AT_FDCWD, "/usr/share/fonts/truetype/lato/Lato-MediumItalic.ttf", O_RDONLY|O_CLOEXEC) = 3
[pid 185425] 14:15:42.101532 openat(AT_FDCWD, "/usr/share/fonts/truetype/lato/Lato-Regular.ttf", O_RDONLY|O_CLOEXEC) = 3
[pid 185425] 14:15:42.101704 openat(AT_FDCWD, "/usr/share/fonts/truetype/lato/Lato-Semibold.ttf", O_RDONLY|O_CLOEXEC) = 3
[pid 185425] 14:15:42.101878 openat(AT_FDCWD, "/usr/share/fonts/truetype/lato/Lato-SemiboldItalic.ttf", O_RDONLY|O_CLOEXEC) = 3
[pid 185425] 14:15:42.102057 openat(AT_FDCWD, "/usr/share/fonts/truetype/lato/Lato-Thin.ttf", O_RDONLY|O_CLOEXEC) = 3
[pid 185425] 14:15:42.102231 openat(AT_FDCWD, "/usr/share/fonts/truetype/lato/Lato-ThinItalic.ttf", O_RDONLY|O_CLOEXEC) = 3
[pid 185425] 14:15:42.102404 openat(AT_FDCWD, "/usr/share/fonts/truetype/adf/OldaniaADFStd-Bold.otf", O_RDONLY|O_CLOEXEC) = 3
[pid 185425] 14:15:42.102557 openat(AT_FDCWD, "/usr/share/fonts/truetype/adf/OldaniaADFStd-BoldItalic.otf", O_RDONLY|O_CLOEXEC) = 3
[pid 185425] 14:15:42.102707 openat(AT_FDCWD, "/usr/share/fonts/truetype/adf/OldaniaADFStd-Italic.otf", O_RDONLY|O_CLOEXEC) = 3
[pid 185425] 14:15:42.102857 openat(AT_FDCWD, "/usr/share/fonts/truetype/adf/OldaniaADFStd-Regular.otf", O_RDONLY|O_CLOEXEC) = 3
[pid 185425] 14:15:42.103011 openat(AT_FDCWD, "/usr/share/fonts/truetype/font-awesome/fontawesome-webfont.ttf", O_RDONLY|O_CLOEXEC) = 3
[pid 185425] 14:15:42.103169 openat(AT_FDCWD, "/usr/share/fonts/truetype/glyphicons/glyphicons-halflings-regular.ttf", O_RDONLY|O_CLOEXEC) = 3
[pid 185425] 14:15:42.103327 openat(AT_FDCWD, "/usr/share/fonts/truetype/gfonts/alegreya/alegreya-v13-latin-700.ttf", O_RDONLY|O_CLOEXEC) = 3
[pid 185425] 14:15:42.103477 openat(AT_FDCWD, "/usr/share/fonts/truetype/gfonts/alegreya/alegreya-v13-latin-italic.ttf", O_RDONLY|O_CLOEXEC) = 3
[pid 185425] 14:15:42.103627 openat(AT_FDCWD, "/usr/share/fonts/truetype/gfonts/alegreya/alegreya-v13-latin-regular.ttf", O_RDONLY|O_CLOEXEC) = 3
[pid 185425] 14:15:42.103775 openat(AT_FDCWD, "/usr/share/fonts/truetype/gfonts/baloo/baloo-2-v1-latin-regular.ttf", O_RDONLY|O_CLOEXEC) = 3
[pid 185425] 14:15:42.103932 openat(AT_FDCWD, "/usr/share/fonts/truetype/gfonts/happy-monkey/happy-monkey-v8-latin-regular.ttf", O_RDONLY|O_CLOEXEC) = 3
[pid 185425] 14:15:42.104083 openat(AT_FDCWD, "/usr/share/fonts/truetype/gfonts/henny-penny/henny-penny-v7-latin-regular.ttf", O_RDONLY|O_CLOEXEC) = 3
[pid 185425] 14:15:42.104233 openat(AT_FDCWD, "/usr/share/fonts/truetype/gfonts/lato/lato-v16-latin-300italic.ttf", O_RDONLY|O_CLOEXEC) = 3
[pid 185425] 14:15:42.104388 openat(AT_FDCWD, "/usr/share/fonts/truetype/gfonts/lato/lato-v16-latin-700.ttf", O_RDONLY|O_CLOEXEC) = 3
[pid 185425] 14:15:42.104536 openat(AT_FDCWD, "/usr/share/fonts/truetype/gfonts/lato/lato-v16-latin-regular.ttf", O_RDONLY|O_CLOEXEC) = 3
[pid 185425] 14:15:42.104685 openat(AT_FDCWD, "/usr/share/fonts/truetype/gfonts/montserrat/montserrat-v14-latin-300italic.ttf", O_RDONLY|O_CLOEXEC) = 3
[pid 185425] 14:15:42.104845 openat(AT_FDCWD, "/usr/share/fonts/truetype/gfonts/montserrat/montserrat-v14-latin-700.ttf", O_RDONLY|O_CLOEXEC) = 3
[pid 185425] 14:15:42.104998 openat(AT_FDCWD, "/usr/share/fonts/truetype/gfonts/montserrat/montserrat-v14-latin-regular.ttf", O_RDONLY|O_CLOEXEC) = 3
[pid 185425] 14:15:42.105146 openat(AT_FDCWD, "/usr/share/fonts/truetype/gfonts/nunito-sans/nunito-sans-v5-latin-700.ttf", O_RDONLY|O_CLOEXEC) = 3
[pid 185425] 14:15:42.105292 openat(AT_FDCWD, "/usr/share/fonts/truetype/gfonts/nunito-sans/nunito-sans-v5-latin-italic.ttf", O_RDONLY|O_CLOEXEC) = 3
[pid 185425] 14:15:42.105438 openat(AT_FDCWD, "/usr/share/fonts/truetype/gfonts/nunito-sans/nunito-sans-v5-latin-regular.ttf", O_RDONLY|O_CLOEXEC) = 3
[pid 185425] 14:15:42.105584 openat(AT_FDCWD, "/usr/share/fonts/truetype/gfonts/roboto/roboto-v20-latin-300italic.ttf", O_RDONLY|O_CLOEXEC) = 3
[pid 185425] 14:15:42.105735 openat(AT_FDCWD, "/usr/share/fonts/truetype/gfonts/roboto/roboto-v20-latin-700.ttf", O_RDONLY|O_CLOEXEC) = 3
[pid 185425] 14:15:42.105900 openat(AT_FDCWD, "/usr/share/fonts/truetype/gfonts/roboto/roboto-v20-latin-regular.ttf", O_RDONLY|O_CLOEXEC) = 3
[pid 185425] 14:15:42.106063 openat(AT_FDCWD, "/usr/share/fonts/truetype/ttf-bitstream-vera/Vera.ttf", O_RDONLY|O_CLOEXEC) = 3
[pid 185425] 14:15:42.106213 openat(AT_FDCWD, "/usr/share/fonts/truetype/ttf-bitstream-vera/VeraBI.ttf", O_RDONLY|O_CLOEXEC) = 3
[pid 185425] 14:15:42.106359 openat(AT_FDCWD, "/usr/share/fonts/truetype/ttf-bitstream-vera/VeraBd.ttf", O_RDONLY|O_CLOEXEC) = 3
[pid 185425] 14:15:42.106504 openat(AT_FDCWD, "/usr/share/fonts/truetype/ttf-bitstream-vera/VeraIt.ttf", O_RDONLY|O_CLOEXEC) = 3
[pid 185425] 14:15:42.106649 openat(AT_FDCWD, "/usr/share/fonts/truetype/ttf-bitstream-vera/VeraMoBI.ttf", O_RDONLY|O_CLOEXEC) = 3
[pid 185425] 14:15:42.106795 openat(AT_FDCWD, "/usr/share/fonts/truetype/ttf-bitstream-vera/VeraMoBd.ttf", O_RDONLY|O_CLOEXEC) = 3
[pid 185425] 14:15:42.106947 openat(AT_FDCWD, "/usr/share/fonts/truetype/ttf-bitstream-vera/VeraMoIt.ttf", O_RDONLY|O_CLOEXEC) = 3
[pid 185425] 14:15:42.107094 openat(AT_FDCWD, "/usr/share/fonts/truetype/ttf-bitstream-vera/VeraMono.ttf", O_RDONLY|O_CLOEXEC) = 3
[pid 185425] 14:15:42.107239 openat(AT_FDCWD, "/usr/share/fonts/truetype/ttf-bitstream-vera/VeraSe.ttf", O_RDONLY|O_CLOEXEC) = 3
[pid 185425] 14:15:42.107383 openat(AT_FDCWD, "/usr/share/fonts/truetype/ttf-bitstream-vera/VeraSeBd.ttf", O_RDONLY|O_CLOEXEC) = 3
[pid 185425] 14:15:42.107528 openat(AT_FDCWD, "/home/dikluwe/.local/share/fonts/AdwaitaMono/AdwaitaMonoNerdFont-BoldItalic.ttf", O_RDONLY|O_CLOEXEC) = 3
[pid 185425] 14:15:42.108089 openat(AT_FDCWD, "/home/dikluwe/.local/share/fonts/AdwaitaMono/AdwaitaMonoNerdFontMono-Regular.ttf", O_RDONLY|O_CLOEXEC) = 3
[pid 185425] 14:15:42.108666 openat(AT_FDCWD, "/home/dikluwe/.local/share/fonts/AdwaitaMono/AdwaitaMonoNerdFont-Regular.ttf", O_RDONLY|O_CLOEXEC) = 3
[pid 185425] 14:15:42.109219 openat(AT_FDCWD, "/home/dikluwe/.local/share/fonts/AdwaitaMono/AdwaitaMonoNerdFontPropo-Regular.ttf", O_RDONLY|O_CLOEXEC) = 3
[pid 185425] 14:15:42.109718 openat(AT_FDCWD, "/home/dikluwe/.local/share/fonts/AdwaitaMono/AdwaitaMonoNerdFontMono-BoldItalic.ttf", O_RDONLY|O_CLOEXEC) = 3
[pid 185425] 14:15:42.110220 openat(AT_FDCWD, "/home/dikluwe/.local/share/fonts/AdwaitaMono/AdwaitaMonoNerdFont-Bold.ttf", O_RDONLY|O_CLOEXEC) = 3
[pid 185425] 14:15:42.110684 openat(AT_FDCWD, "/home/dikluwe/.local/share/fonts/AdwaitaMono/AdwaitaMonoNerdFontPropo-Italic.ttf", O_RDONLY|O_CLOEXEC) = 3
[pid 185425] 14:15:42.111158 openat(AT_FDCWD, "/home/dikluwe/.local/share/fonts/AdwaitaMono/AdwaitaMonoNerdFontPropo-Bold.ttf", O_RDONLY|O_CLOEXEC) = 3
[pid 185425] 14:15:42.111619 openat(AT_FDCWD, "/home/dikluwe/.local/share/fonts/AdwaitaMono/AdwaitaMonoNerdFontPropo-BoldItalic.ttf", O_RDONLY|O_CLOEXEC) = 3
[pid 185425] 14:15:42.112088 openat(AT_FDCWD, "/home/dikluwe/.local/share/fonts/AdwaitaMono/AdwaitaMonoNerdFont-Italic.ttf", O_RDONLY|O_CLOEXEC) = 3
[pid 185425] 14:15:42.112549 openat(AT_FDCWD, "/home/dikluwe/.local/share/fonts/AdwaitaMono/AdwaitaMonoNerdFontMono-Italic.ttf", O_RDONLY|O_CLOEXEC) = 3
[pid 185425] 14:15:42.113013 openat(AT_FDCWD, "/home/dikluwe/.local/share/fonts/AdwaitaMono/AdwaitaMonoNerdFontMono-Bold.ttf", O_RDONLY|O_CLOEXEC) = 3
[pid 185425] 14:15:42.113466 openat(AT_FDCWD, "/home/dikluwe/.local/share/fonts/Agave/AgaveNerdFont-Bold.ttf", O_RDONLY|O_CLOEXEC) = 3
[pid 185425] 14:15:42.113815 openat(AT_FDCWD, "/home/dikluwe/.local/share/fonts/Agave/AgaveNerdFontMono-Regular.ttf", O_RDONLY|O_CLOEXEC) = 3
[pid 185425] 14:15:42.114195 openat(AT_FDCWD, "/home/dikluwe/.local/share/fonts/Agave/AgaveNerdFontMono-Bold.ttf", O_RDONLY|O_CLOEXEC) = 3
[pid 185425] 14:15:42.114526 openat(AT_FDCWD, "/home/dikluwe/.local/share/fonts/Agave/AgaveNerdFontPropo-Bold.ttf", O_RDONLY|O_CLOEXEC) = 3
[pid 185425] 14:15:42.114857 openat(AT_FDCWD, "/home/dikluwe/.local/share/fonts/Agave/AgaveNerdFont-Regular.ttf", O_RDONLY|O_CLOEXEC) = 3
[pid 185425] 14:15:42.115303 openat(AT_FDCWD, "/home/dikluwe/.local/share/fonts/Agave/AgaveNerdFontPropo-Regular.ttf", O_RDONLY|O_CLOEXEC) = 3
[pid 185425] 14:15:42.115719 openat(AT_FDCWD, "/home/dikluwe/.local/share/fonts/Arimo/ArimoNerdFont-Italic.ttf", O_RDONLY|O_CLOEXEC) = 3
[pid 185425] 14:15:42.116182 openat(AT_FDCWD, "/home/dikluwe/.local/share/fonts/Arimo/ArimoNerdFontPropo-Italic.ttf", O_RDONLY|O_CLOEXEC) = 3
[pid 185425] 14:15:42.116690 openat(AT_FDCWD, "/home/dikluwe/.local/share/fonts/Arimo/ArimoNerdFont-BoldItalic.ttf", O_RDONLY|O_CLOEXEC) = 3
[pid 185425] 14:15:42.117153 openat(AT_FDCWD, "/home/dikluwe/.local/share/fonts/Arimo/ArimoNerdFontPropo-BoldItalic.ttf", O_RDONLY|O_CLOEXEC) = 3
[pid 185425] 14:15:42.117580 openat(AT_FDCWD, "/home/dikluwe/.local/share/fonts/Arimo/ArimoNerdFontPropo-Regular.ttf", O_RDONLY|O_CLOEXEC) = 3
[pid 185425] 14:15:42.118005 openat(AT_FDCWD, "/home/dikluwe/.local/share/fonts/Arimo/ArimoNerdFont-Regular.ttf", O_RDONLY|O_CLOEXEC) = 3
[pid 185425] 14:15:42.118456 openat(AT_FDCWD, "/home/dikluwe/.local/share/fonts/Arimo/ArimoNerdFontPropo-Bold.ttf", O_RDONLY|O_CLOEXEC) = 3
[pid 185425] 14:15:42.118874 openat(AT_FDCWD, "/home/dikluwe/.local/share/fonts/Arimo/ArimoNerdFont-Bold.ttf", O_RDONLY|O_CLOEXEC) = 3
[pid 185425] 14:15:42.119315 openat(AT_FDCWD, "/home/dikluwe/.local/share/fonts/CodeNewRoman/CodeNewRomanNerdFont-Italic.otf", O_RDONLY|O_CLOEXEC) = 3
[pid 185425] 14:15:42.119738 openat(AT_FDCWD, "/home/dikluwe/.local/share/fonts/CodeNewRoman/CodeNewRomanNerdFontPropo-Italic.otf", O_RDONLY|O_CLOEXEC) = 3
[pid 185425] 14:15:42.120171 openat(AT_FDCWD, "/home/dikluwe/.local/share/fonts/CodeNewRoman/CodeNewRomanNerdFontMono-Italic.otf", O_RDONLY|O_CLOEXEC) = 3
[pid 185425] 14:15:42.120607 openat(AT_FDCWD, "/home/dikluwe/.local/share/fonts/CodeNewRoman/CodeNewRomanNerdFontPropo-Regular.otf", O_RDONLY|O_CLOEXEC) = 3
[pid 185425] 14:15:42.121052 openat(AT_FDCWD, "/home/dikluwe/.local/share/fonts/CodeNewRoman/CodeNewRomanNerdFontMono-Regular.otf", O_RDONLY|O_CLOEXEC) = 3
[pid 185425] 14:15:42.121471 openat(AT_FDCWD, "/home/dikluwe/.local/share/fonts/CodeNewRoman/CodeNewRomanNerdFont-Regular.otf", O_RDONLY|O_CLOEXEC) = 3
[pid 185425] 14:15:42.121897 openat(AT_FDCWD, "/home/dikluwe/.local/share/fonts/CodeNewRoman/CodeNewRomanNerdFont-Bold.otf", O_RDONLY|O_CLOEXEC) = 3
[pid 185425] 14:15:42.122317 openat(AT_FDCWD, "/home/dikluwe/.local/share/fonts/CodeNewRoman/CodeNewRomanNerdFontPropo-Bold.otf", O_RDONLY|O_CLOEXEC) = 3
[pid 185425] 14:15:42.122744 openat(AT_FDCWD, "/home/dikluwe/.local/share/fonts/CodeNewRoman/CodeNewRomanNerdFontMono-Bold.otf", O_RDONLY|O_CLOEXEC) = 3
[pid 185425] 14:15:42.123166 openat(AT_FDCWD, "/home/dikluwe/.local/share/fonts/CommitMono/CommitMonoNerdFontMono-BoldItalic.otf", O_RDONLY|O_CLOEXEC) = 3
[pid 185425] 14:15:42.123526 openat(AT_FDCWD, "/home/dikluwe/.local/share/fonts/CommitMono/CommitMonoNerdFontPropo-Regular.otf", O_RDONLY|O_CLOEXEC) = 3
[pid 185425] 14:15:42.123886 openat(AT_FDCWD, "/home/dikluwe/.local/share/fonts/CommitMono/CommitMonoNerdFont-Regular.otf", O_RDONLY|O_CLOEXEC) = 3
[pid 185425] 14:15:42.124338 openat(AT_FDCWD, "/home/dikluwe/.local/share/fonts/CommitMono/CommitMonoNerdFontMono-Regular.otf", O_RDONLY|O_CLOEXEC) = 3
[pid 185425] 14:15:42.124759 openat(AT_FDCWD, "/home/dikluwe/.local/share/fonts/CommitMono/CommitMonoNerdFont-Italic.otf", O_RDONLY|O_CLOEXEC) = 3
[pid 185425] 14:15:42.125162 openat(AT_FDCWD, "/home/dikluwe/.local/share/fonts/CommitMono/CommitMonoNerdFontMono-Bold.otf", O_RDONLY|O_CLOEXEC) = 3
[pid 185425] 14:15:42.125553 openat(AT_FDCWD, "/home/dikluwe/.local/share/fonts/CommitMono/CommitMonoNerdFontPropo-Italic.otf", O_RDONLY|O_CLOEXEC) = 3
[pid 185425] 14:15:42.125959 openat(AT_FDCWD, "/home/dikluwe/.local/share/fonts/CommitMono/CommitMonoNerdFont-Bold.otf", O_RDONLY|O_CLOEXEC) = 3
[pid 185425] 14:15:42.126387 openat(AT_FDCWD, "/home/dikluwe/.local/share/fonts/CommitMono/CommitMonoNerdFontPropo-Bold.otf", O_RDONLY|O_CLOEXEC) = 3
[pid 185425] 14:15:42.126814 openat(AT_FDCWD, "/home/dikluwe/.local/share/fonts/CommitMono/CommitMonoNerdFont-BoldItalic.otf", O_RDONLY|O_CLOEXEC) = 3
[pid 185425] 14:15:42.127175 openat(AT_FDCWD, "/home/dikluwe/.local/share/fonts/CommitMono/CommitMonoNerdFontPropo-BoldItalic.otf", O_RDONLY|O_CLOEXEC) = 3
[pid 185425] 14:15:42.127550 openat(AT_FDCWD, "/home/dikluwe/.local/share/fonts/CommitMono/CommitMonoNerdFontMono-Italic.otf", O_RDONLY|O_CLOEXEC) = 3
[pid 185425] 14:15:42.127910 openat(AT_FDCWD, "/home/dikluwe/.local/share/fonts/FiraCode/FiraCodeNerdFontMono-SemiBold.ttf", O_RDONLY|O_CLOEXEC) = 3
[pid 185425] 14:15:42.128293 openat(AT_FDCWD, "/home/dikluwe/.local/share/fonts/FiraCode/FiraCodeNerdFont-SemiBold.ttf", O_RDONLY|O_CLOEXEC) = 3
[pid 185425] 14:15:42.128668 openat(AT_FDCWD, "/home/dikluwe/.local/share/fonts/FiraCode/FiraCodeNerdFontPropo-SemiBold.ttf", O_RDONLY|O_CLOEXEC) = 3
[pid 185425] 14:15:42.129052 openat(AT_FDCWD, "/home/dikluwe/.local/share/fonts/FiraCode/FiraCodeNerdFontPropo-Regular.ttf", O_RDONLY|O_CLOEXEC) = 3
[pid 185425] 14:15:42.129422 openat(AT_FDCWD, "/home/dikluwe/.local/share/fonts/FiraCode/FiraCodeNerdFont-Regular.ttf", O_RDONLY|O_CLOEXEC) = 3
[pid 185425] 14:15:42.129799 openat(AT_FDCWD, "/home/dikluwe/.local/share/fonts/FiraCode/FiraCodeNerdFontMono-Regular.ttf", O_RDONLY|O_CLOEXEC) = 3
[pid 185425] 14:15:42.130182 openat(AT_FDCWD, "/home/dikluwe/.local/share/fonts/FiraCode/FiraCodeNerdFontPropo-Retina.ttf", O_RDONLY|O_CLOEXEC) = 3
[pid 185425] 14:15:42.130555 openat(AT_FDCWD, "/home/dikluwe/.local/share/fonts/FiraCode/FiraCodeNerdFontMono-Retina.ttf", O_RDONLY|O_CLOEXEC) = 3
[pid 185425] 14:15:42.130947 openat(AT_FDCWD, "/home/dikluwe/.local/share/fonts/FiraCode/FiraCodeNerdFont-Retina.ttf", O_RDONLY|O_CLOEXEC) = 3
[pid 185425] 14:15:42.131340 openat(AT_FDCWD, "/home/dikluwe/.local/share/fonts/FiraCode/FiraCodeNerdFontMono-Medium.ttf", O_RDONLY|O_CLOEXEC) = 3
[pid 185425] 14:15:42.131720 openat(AT_FDCWD, "/home/dikluwe/.local/share/fonts/FiraCode/FiraCodeNerdFont-Medium.ttf", O_RDONLY|O_CLOEXEC) = 3
[pid 185425] 14:15:42.132111 openat(AT_FDCWD, "/home/dikluwe/.local/share/fonts/FiraCode/FiraCodeNerdFontPropo-Medium.ttf", O_RDONLY|O_CLOEXEC) = 3
[pid 185425] 14:15:42.132496 openat(AT_FDCWD, "/home/dikluwe/.local/share/fonts/FiraCode/FiraCodeNerdFont-Bold.ttf", O_RDONLY|O_CLOEXEC) = 3
[pid 185425] 14:15:42.132885 openat(AT_FDCWD, "/home/dikluwe/.local/share/fonts/FiraCode/FiraCodeNerdFontMono-Bold.ttf", O_RDONLY|O_CLOEXEC) = 3
[pid 185425] 14:15:42.133276 openat(AT_FDCWD, "/home/dikluwe/.local/share/fonts/FiraCode/FiraCodeNerdFontPropo-Bold.ttf", O_RDONLY|O_CLOEXEC) = 3
[pid 185425] 14:15:42.133647 openat(AT_FDCWD, "/home/dikluwe/.local/share/fonts/FiraCode/FiraCodeNerdFontMono-Light.ttf", O_RDONLY|O_CLOEXEC) = 3
[pid 185425] 14:15:42.134028 openat(AT_FDCWD, "/home/dikluwe/.local/share/fonts/FiraCode/FiraCodeNerdFont-Light.ttf", O_RDONLY|O_CLOEXEC) = 3
[pid 185425] 14:15:42.134398 openat(AT_FDCWD, "/home/dikluwe/.local/share/fonts/FiraCode/FiraCodeNerdFontPropo-Light.ttf", O_RDONLY|O_CLOEXEC) = 3
[pid 185425] 14:15:42.134772 openat(AT_FDCWD, "/home/dikluwe/.local/share/fonts/GeistMono/GeistMonoNerdFontPropo-UltraBlack.otf", O_RDONLY|O_CLOEXEC) = 3
[pid 185425] 14:15:42.135126 openat(AT_FDCWD, "/home/dikluwe/.local/share/fonts/GeistMono/GeistMonoNerdFont-Light.otf", O_RDONLY|O_CLOEXEC) = 3
[pid 185425] 14:15:42.135472 openat(AT_FDCWD, "/home/dikluwe/.local/share/fonts/GeistMono/GeistMonoNerdFontPropo-SemiBold.otf", O_RDONLY|O_CLOEXEC) = 3
[pid 185425] 14:15:42.135817 openat(AT_FDCWD, "/home/dikluwe/.local/share/fonts/GeistMono/GeistMonoNerdFontMono-Medium.otf", O_RDONLY|O_CLOEXEC) = 3
[pid 185425] 14:15:42.136169 openat(AT_FDCWD, "/home/dikluwe/.local/share/fonts/GeistMono/GeistMonoNerdFont-Regular.otf", O_RDONLY|O_CLOEXEC) = 3
[pid 185425] 14:15:42.136515 openat(AT_FDCWD, "/home/dikluwe/.local/share/fonts/GeistMono/GeistMonoNerdFontMono-Bold.otf", O_RDONLY|O_CLOEXEC) = 3
[pid 185425] 14:15:42.136868 openat(AT_FDCWD, "/home/dikluwe/.local/share/fonts/GeistMono/GeistMonoNerdFontPropo-Black.otf", O_RDONLY|O_CLOEXEC) = 3
[pid 185425] 14:15:42.137264 openat(AT_FDCWD, "/home/dikluwe/.local/share/fonts/GeistMono/GeistMonoNerdFontPropo-Light.otf", O_RDONLY|O_CLOEXEC) = 3
[pid 185425] 14:15:42.137646 openat(AT_FDCWD, "/home/dikluwe/.local/share/fonts/GeistMono/GeistMonoNerdFontMono-Regular.otf", O_RDONLY|O_CLOEXEC) = 3
[pid 185425] 14:15:42.138026 openat(AT_FDCWD, "/home/dikluwe/.local/share/fonts/GeistMono/GeistMonoNerdFont-SemiBold.otf", O_RDONLY|O_CLOEXEC) = 3
[pid 185425] 14:15:42.138394 openat(AT_FDCWD, "/home/dikluwe/.local/share/fonts/GeistMono/GeistMonoNerdFont-UltraBlack.otf", O_RDONLY|O_CLOEXEC) = 3
[pid 185425] 14:15:42.138761 openat(AT_FDCWD, "/home/dikluwe/.local/share/fonts/GeistMono/GeistMonoNerdFontMono-UltraBlack.otf", O_RDONLY|O_CLOEXEC) = 3
[pid 185425] 14:15:42.139130 openat(AT_FDCWD, "/home/dikluwe/.local/share/fonts/GeistMono/GeistMonoNerdFont-Black.otf", O_RDONLY|O_CLOEXEC) = 3
[pid 185425] 14:15:42.139496 openat(AT_FDCWD, "/home/dikluwe/.local/share/fonts/GeistMono/GeistMonoNerdFont-UltraLight.otf", O_RDONLY|O_CLOEXEC) = 3
[pid 185425] 14:15:42.139858 openat(AT_FDCWD, "/home/dikluwe/.local/share/fonts/GeistMono/GeistMonoNerdFontPropo-UltraLight.otf", O_RDONLY|O_CLOEXEC) = 3
[pid 185425] 14:15:42.140223 openat(AT_FDCWD, "/home/dikluwe/.local/share/fonts/GeistMono/GeistMonoNerdFontPropo-Medium.otf", O_RDONLY|O_CLOEXEC) = 3
[pid 185425] 14:15:42.140583 openat(AT_FDCWD, "/home/dikluwe/.local/share/fonts/GeistMono/GeistMonoNerdFontMono-Thin.otf", O_RDONLY|O_CLOEXEC) = 3
[pid 185425] 14:15:42.140956 openat(AT_FDCWD, "/home/dikluwe/.local/share/fonts/GeistMono/GeistMonoNerdFont-Bold.otf", O_RDONLY|O_CLOEXEC) = 3
[pid 185425] 14:15:42.141318 openat(AT_FDCWD, "/home/dikluwe/.local/share/fonts/GeistMono/GeistMonoNerdFontMono-Light.otf", O_RDONLY|O_CLOEXEC) = 3
[pid 185425] 14:15:42.141689 openat(AT_FDCWD, "/home/dikluwe/.local/share/fonts/GeistMono/GeistMonoNerdFontMono-Black.otf", O_RDONLY|O_CLOEXEC) = 3
[pid 185425] 14:15:42.142058 openat(AT_FDCWD, "/home/dikluwe/.local/share/fonts/GeistMono/GeistMonoNerdFontMono-UltraLight.otf", O_RDONLY|O_CLOEXEC) = 3
[pid 185425] 14:15:42.142423 openat(AT_FDCWD, "/home/dikluwe/.local/share/fonts/GeistMono/GeistMonoNerdFontPropo-Regular.otf", O_RDONLY|O_CLOEXEC) = 3
[pid 185425] 14:15:42.142799 openat(AT_FDCWD, "/home/dikluwe/.local/share/fonts/GeistMono/GeistMonoNerdFont-Medium.otf", O_RDONLY|O_CLOEXEC) = 3
[pid 185425] 14:15:42.143169 openat(AT_FDCWD, "/home/dikluwe/.local/share/fonts/GeistMono/GeistMonoNerdFont-Thin.otf", O_RDONLY|O_CLOEXEC) = 3
[pid 185425] 14:15:42.143552 openat(AT_FDCWD, "/home/dikluwe/.local/share/fonts/GeistMono/GeistMonoNerdFontMono-SemiBold.otf", O_RDONLY|O_CLOEXEC) = 3
[pid 185425] 14:15:42.143920 openat(AT_FDCWD, "/home/dikluwe/.local/share/fonts/GeistMono/GeistMonoNerdFontPropo-Thin.otf", O_RDONLY|O_CLOEXEC) = 3
[pid 185425] 14:15:42.144293 openat(AT_FDCWD, "/home/dikluwe/.local/share/fonts/GeistMono/GeistMonoNerdFontPropo-Bold.otf", O_RDONLY|O_CLOEXEC) = 3
[pid 185425] 14:15:42.144657 openat(AT_FDCWD, "/home/dikluwe/.local/share/fonts/IosevkaTermSlab/IosevkaTermSlabNerdFont-LightOblique.ttf", O_RDONLY|O_CLOEXEC) = 3
[pid 185425] 14:15:42.145178 openat(AT_FDCWD, "/home/dikluwe/.local/share/fonts/IosevkaTermSlab/IosevkaTermSlabNerdFontMono-Italic.ttf", O_RDONLY|O_CLOEXEC) = 3
[pid 185425] 14:15:42.145680 openat(AT_FDCWD, "/home/dikluwe/.local/share/fonts/IosevkaTermSlab/IosevkaTermSlabNerdFontPropo-ExtraBoldItalic.ttf", O_RDONLY|O_CLOEXEC) = 3
[pid 185425] 14:15:42.146199 openat(AT_FDCWD, "/home/dikluwe/.local/share/fonts/IosevkaTermSlab/IosevkaTermSlabNerdFontMono-Medium.ttf", O_RDONLY|O_CLOEXEC) = 3
[pid 185425] 14:15:42.146695 openat(AT_FDCWD, "/home/dikluwe/.local/share/fonts/IosevkaTermSlab/IosevkaTermSlabNerdFontMono-Regular.ttf", O_RDONLY|O_CLOEXEC) = 3
[pid 185425] 14:15:42.147200 openat(AT_FDCWD, "/home/dikluwe/.local/share/fonts/IosevkaTermSlab/IosevkaTermSlabNerdFont-Italic.ttf", O_RDONLY|O_CLOEXEC) = 3
[pid 185425] 14:15:42.147702 openat(AT_FDCWD, "/home/dikluwe/.local/share/fonts/IosevkaTermSlab/IosevkaTermSlabNerdFontMono-ExtraBold.ttf", O_RDONLY|O_CLOEXEC) = 3
[pid 185425] 14:15:42.148209 openat(AT_FDCWD, "/home/dikluwe/.local/share/fonts/IosevkaTermSlab/IosevkaTermSlabNerdFont-Medium.ttf", O_RDONLY|O_CLOEXEC) = 3
[pid 185425] 14:15:42.148705 openat(AT_FDCWD, "/home/dikluwe/.local/share/fonts/IosevkaTermSlab/IosevkaTermSlabNerdFont-BoldItalic.ttf", O_RDONLY|O_CLOEXEC) = 3
[pid 185425] 14:15:42.149246 openat(AT_FDCWD, "/home/dikluwe/.local/share/fonts/IosevkaTermSlab/IosevkaTermSlabNerdFontMono-Oblique.ttf", O_RDONLY|O_CLOEXEC) = 3
[pid 185425] 14:15:42.149742 openat(AT_FDCWD, "/home/dikluwe/.local/share/fonts/IosevkaTermSlab/IosevkaTermSlabNerdFont-Regular.ttf", O_RDONLY|O_CLOEXEC) = 3
[pid 185425] 14:15:42.150242 openat(AT_FDCWD, "/home/dikluwe/.local/share/fonts/IosevkaTermSlab/IosevkaTermSlabNerdFont-ExtraBoldOblique.ttf", O_RDONLY|O_CLOEXEC) = 3
[pid 185425] 14:15:42.150733 openat(AT_FDCWD, "/home/dikluwe/.local/share/fonts/IosevkaTermSlab/IosevkaTermSlabNerdFontPropo-BoldItalic.ttf", O_RDONLY|O_CLOEXEC) = 3
[pid 185425] 14:15:42.151239 openat(AT_FDCWD, "/home/dikluwe/.local/share/fonts/IosevkaTermSlab/IosevkaTermSlabNerdFont-MediumOblique.ttf", O_RDONLY|O_CLOEXEC) = 3
[pid 185425] 14:15:42.151741 openat(AT_FDCWD, "/home/dikluwe/.local/share/fonts/IosevkaTermSlab/IosevkaTermSlabNerdFontPropo-ExtraBoldOblique.ttf", O_RDONLY|O_CLOEXEC) = 3
[pid 185425] 14:15:42.152244 openat(AT_FDCWD, "/home/dikluwe/.local/share/fonts/IosevkaTermSlab/IosevkaTermSlabNerdFont-Light.ttf", O_RDONLY|O_CLOEXEC) = 3
[pid 185425] 14:15:42.152860 openat(AT_FDCWD, "/home/dikluwe/.local/share/fonts/IosevkaTermSlab/IosevkaTermSlabNerdFontMono-Light.ttf", O_RDONLY|O_CLOEXEC) = 3
[pid 185425] 14:15:42.153409 openat(AT_FDCWD, "/home/dikluwe/.local/share/fonts/IosevkaTermSlab/IosevkaTermSlabNerdFontPropo-LightOblique.ttf", O_RDONLY|O_CLOEXEC) = 3
[pid 185425] 14:15:42.153917 openat(AT_FDCWD, "/home/dikluwe/.local/share/fonts/IosevkaTermSlab/IosevkaTermSlabNerdFontPropo-MediumOblique.ttf", O_RDONLY|O_CLOEXEC) = 3
[pid 185425] 14:15:42.154436 openat(AT_FDCWD, "/home/dikluwe/.local/share/fonts/IosevkaTermSlab/IosevkaTermSlabNerdFontPropo-MediumItalic.ttf", O_RDONLY|O_CLOEXEC) = 3
[pid 185425] 14:15:42.155003 openat(AT_FDCWD, "/home/dikluwe/.local/share/fonts/IosevkaTermSlab/IosevkaTermSlabNerdFontMono-LightItalic.ttf", O_RDONLY|O_CLOEXEC) = 3
[pid 185425] 14:15:42.155507 openat(AT_FDCWD, "/home/dikluwe/.local/share/fonts/IosevkaTermSlab/IosevkaTermSlabNerdFontMono-BoldOblique.ttf", O_RDONLY|O_CLOEXEC) = 3
[pid 185425] 14:15:42.156030 openat(AT_FDCWD, "/home/dikluwe/.local/share/fonts/IosevkaTermSlab/IosevkaTermSlabNerdFontMono-ExtraBoldOblique.ttf", O_RDONLY|O_CLOEXEC) = 3
[pid 185425] 14:15:42.156546 openat(AT_FDCWD, "/home/dikluwe/.local/share/fonts/IosevkaTermSlab/IosevkaTermSlabNerdFontPropo-LightItalic.ttf", O_RDONLY|O_CLOEXEC) = 3
[pid 185425] 14:15:42.157079 openat(AT_FDCWD, "/home/dikluwe/.local/share/fonts/IosevkaTermSlab/IosevkaTermSlabNerdFont-ExtraBold.ttf", O_RDONLY|O_CLOEXEC) = 3
[pid 185425] 14:15:42.157582 openat(AT_FDCWD, "/home/dikluwe/.local/share/fonts/IosevkaTermSlab/IosevkaTermSlabNerdFont-MediumItalic.ttf", O_RDONLY|O_CLOEXEC) = 3
[pid 185425] 14:15:42.158071 openat(AT_FDCWD, "/home/dikluwe/.local/share/fonts/IosevkaTermSlab/IosevkaTermSlabNerdFontPropo-Light.ttf", O_RDONLY|O_CLOEXEC) = 3
[pid 185425] 14:15:42.158545 openat(AT_FDCWD, "/home/dikluwe/.local/share/fonts/IosevkaTermSlab/IosevkaTermSlabNerdFontPropo-Italic.ttf", O_RDONLY|O_CLOEXEC) = 3
[pid 185425] 14:15:42.159042 openat(AT_FDCWD, "/home/dikluwe/.local/share/fonts/IosevkaTermSlab/IosevkaTermSlabNerdFontMono-MediumOblique.ttf", O_RDONLY|O_CLOEXEC) = 3
[pid 185425] 14:15:42.159547 openat(AT_FDCWD, "/home/dikluwe/.local/share/fonts/IosevkaTermSlab/IosevkaTermSlabNerdFontPropo-Medium.ttf", O_RDONLY|O_CLOEXEC) = 3
[pid 185425] 14:15:42.160081 openat(AT_FDCWD, "/home/dikluwe/.local/share/fonts/IosevkaTermSlab/IosevkaTermSlabNerdFontMono-MediumItalic.ttf", O_RDONLY|O_CLOEXEC) = 3
[pid 185425] 14:15:42.160590 openat(AT_FDCWD, "/home/dikluwe/.local/share/fonts/IosevkaTermSlab/IosevkaTermSlabNerdFontPropo-Regular.ttf", O_RDONLY|O_CLOEXEC) = 3
[pid 185425] 14:15:42.161080 openat(AT_FDCWD, "/home/dikluwe/.local/share/fonts/IosevkaTermSlab/IosevkaTermSlabNerdFontMono-Bold.ttf", O_RDONLY|O_CLOEXEC) = 3
[pid 185425] 14:15:42.161553 openat(AT_FDCWD, "/home/dikluwe/.local/share/fonts/IosevkaTermSlab/IosevkaTermSlabNerdFontMono-ExtraBoldItalic.ttf", O_RDONLY|O_CLOEXEC) = 3
[pid 185425] 14:15:42.162080 openat(AT_FDCWD, "/home/dikluwe/.local/share/fonts/IosevkaTermSlab/IosevkaTermSlabNerdFontMono-LightOblique.ttf", O_RDONLY|O_CLOEXEC) = 3
[pid 185425] 14:15:42.162561 openat(AT_FDCWD, "/home/dikluwe/.local/share/fonts/IosevkaTermSlab/IosevkaTermSlabNerdFontPropo-Oblique.ttf", O_RDONLY|O_CLOEXEC) = 3
[pid 185425] 14:15:42.163044 openat(AT_FDCWD, "/home/dikluwe/.local/share/fonts/IosevkaTermSlab/IosevkaTermSlabNerdFont-LightItalic.ttf", O_RDONLY|O_CLOEXEC) = 3
[pid 185425] 14:15:42.163519 openat(AT_FDCWD, "/home/dikluwe/.local/share/fonts/IosevkaTermSlab/IosevkaTermSlabNerdFont-BoldOblique.ttf", O_RDONLY|O_CLOEXEC) = 3
[pid 185425] 14:15:42.163998 openat(AT_FDCWD, "/home/dikluwe/.local/share/fonts/IosevkaTermSlab/IosevkaTermSlabNerdFontPropo-ExtraBold.ttf", O_RDONLY|O_CLOEXEC) = 3
[pid 185425] 14:15:42.164468 openat(AT_FDCWD, "/home/dikluwe/.local/share/fonts/IosevkaTermSlab/IosevkaTermSlabNerdFont-Bold.ttf", O_RDONLY|O_CLOEXEC) = 3
[pid 185425] 14:15:42.164957 openat(AT_FDCWD, "/home/dikluwe/.local/share/fonts/IosevkaTermSlab/IosevkaTermSlabNerdFontPropo-Bold.ttf", O_RDONLY|O_CLOEXEC) = 3
[pid 185425] 14:15:42.165437 openat(AT_FDCWD, "/home/dikluwe/.local/share/fonts/IosevkaTermSlab/IosevkaTermSlabNerdFontMono-BoldItalic.ttf", O_RDONLY|O_CLOEXEC) = 3
[pid 185425] 14:15:42.165926 openat(AT_FDCWD, "/home/dikluwe/.local/share/fonts/IosevkaTermSlab/IosevkaTermSlabNerdFont-ExtraBoldItalic.ttf", O_RDONLY|O_CLOEXEC) = 3
[pid 185425] 14:15:42.166587 openat(AT_FDCWD, "/home/dikluwe/.local/share/fonts/IosevkaTermSlab/IosevkaTermSlabNerdFontPropo-BoldOblique.ttf", O_RDONLY|O_CLOEXEC) = 3
[pid 185425] 14:15:42.167108 openat(AT_FDCWD, "/home/dikluwe/.local/share/fonts/IosevkaTermSlab/IosevkaTermSlabNerdFont-Oblique.ttf", O_RDONLY|O_CLOEXEC) = 3
[pid 185425] 14:15:42.167577 openat(AT_FDCWD, "/home/dikluwe/.local/share/fonts/IosevkaTerm/IosevkaTermNerdFont-SemiBold.ttf", O_RDONLY|O_CLOEXEC) = 3
[pid 185425] 14:15:42.168051 openat(AT_FDCWD, "/home/dikluwe/.local/share/fonts/IosevkaTerm/IosevkaTermNerdFont-Oblique.ttf", O_RDONLY|O_CLOEXEC) = 3
[pid 185425] 14:15:42.168548 openat(AT_FDCWD, "/home/dikluwe/.local/share/fonts/IosevkaTerm/IosevkaTermNerdFont-Italic.ttf", O_RDONLY|O_CLOEXEC) = 3
[pid 185425] 14:15:42.169093 openat(AT_FDCWD, "/home/dikluwe/.local/share/fonts/IosevkaTerm/IosevkaTermNerdFontMono-MediumOblique.ttf", O_RDONLY|O_CLOEXEC) = 3
[pid 185425] 14:15:42.169592 openat(AT_FDCWD, "/home/dikluwe/.local/share/fonts/IosevkaTerm/IosevkaTermNerdFontPropo-ThinItalic.ttf", O_RDONLY|O_CLOEXEC) = 3
[pid 185425] 14:15:42.170097 openat(AT_FDCWD, "/home/dikluwe/.local/share/fonts/IosevkaTerm/IosevkaTermNerdFontPropo-BoldOblique.ttf", O_RDONLY|O_CLOEXEC) = 3
[pid 185425] 14:15:42.170564 openat(AT_FDCWD, "/home/dikluwe/.local/share/fonts/IosevkaTerm/IosevkaTermNerdFontMono-ExtraLightOblique.ttf", O_RDONLY|O_CLOEXEC) = 3
[pid 185425] 14:15:42.171040 openat(AT_FDCWD, "/home/dikluwe/.local/share/fonts/IosevkaTerm/IosevkaTermNerdFont-ThinItalic.ttf", O_RDONLY|O_CLOEXEC) = 3
[pid 185425] 14:15:42.171509 openat(AT_FDCWD, "/home/dikluwe/.local/share/fonts/IosevkaTerm/IosevkaTermNerdFontPropo-MediumOblique.ttf", O_RDONLY|O_CLOEXEC) = 3
[pid 185425] 14:15:42.171981 openat(AT_FDCWD, "/home/dikluwe/.local/share/fonts/IosevkaTerm/IosevkaTermNerdFontMono-LightOblique.ttf", O_RDONLY|O_CLOEXEC) = 3
[pid 185425] 14:15:42.172450 openat(AT_FDCWD, "/home/dikluwe/.local/share/fonts/IosevkaTerm/IosevkaTermNerdFont-SemiBoldOblique.ttf", O_RDONLY|O_CLOEXEC) = 3
[pid 185425] 14:15:42.172916 openat(AT_FDCWD, "/home/dikluwe/.local/share/fonts/IosevkaTerm/IosevkaTermNerdFontMono-ExtraLight.ttf", O_RDONLY|O_CLOEXEC) = 3
[pid 185425] 14:15:42.173443 openat(AT_FDCWD, "/home/dikluwe/.local/share/fonts/IosevkaTerm/IosevkaTermNerdFontPropo-Italic.ttf", O_RDONLY|O_CLOEXEC) = 3
[pid 185425] 14:15:42.174076 openat(AT_FDCWD, "/home/dikluwe/.local/share/fonts/IosevkaTerm/IosevkaTermNerdFontMono-ThinOblique.ttf", O_RDONLY|O_CLOEXEC) = 3
[pid 185425] 14:15:42.174672 openat(AT_FDCWD, "/home/dikluwe/.local/share/fonts/IosevkaTerm/IosevkaTermNerdFontPropo-Bold.ttf", O_RDONLY|O_CLOEXEC) = 3
[pid 185425] 14:15:42.175171 openat(AT_FDCWD, "/home/dikluwe/.local/share/fonts/IosevkaTerm/IosevkaTermNerdFontMono-MediumItalic.ttf", O_RDONLY|O_CLOEXEC) = 3
[pid 185425] 14:15:42.175638 openat(AT_FDCWD, "/home/dikluwe/.local/share/fonts/IosevkaTerm/IosevkaTermNerdFontMono-ExtraLightItalic.ttf", O_RDONLY|O_CLOEXEC) = 3
[pid 185425] 14:15:42.176104 openat(AT_FDCWD, "/home/dikluwe/.local/share/fonts/IosevkaTerm/IosevkaTermNerdFontMono-SemiBoldItalic.ttf", O_RDONLY|O_CLOEXEC) = 3
[pid 185425] 14:15:42.176567 openat(AT_FDCWD, "/home/dikluwe/.local/share/fonts/IosevkaTerm/IosevkaTermNerdFont-Heavy.ttf", O_RDONLY|O_CLOEXEC) = 3
[pid 185425] 14:15:42.177033 openat(AT_FDCWD, "/home/dikluwe/.local/share/fonts/IosevkaTerm/IosevkaTermNerdFontMono-SemiBoldOblique.ttf", O_RDONLY|O_CLOEXEC) = 3
[pid 185425] 14:15:42.177493 openat(AT_FDCWD, "/home/dikluwe/.local/share/fonts/IosevkaTerm/IosevkaTermNerdFontPropo-Thin.ttf", O_RDONLY|O_CLOEXEC) = 3
[pid 185425] 14:15:42.177972 openat(AT_FDCWD, "/home/dikluwe/.local/share/fonts/IosevkaTerm/IosevkaTermNerdFont-Light.ttf", O_RDONLY|O_CLOEXEC) = 3
[pid 185425] 14:15:42.178437 openat(AT_FDCWD, "/home/dikluwe/.local/share/fonts/IosevkaTerm/IosevkaTermNerdFontMono-ExtraBoldOblique.ttf", O_RDONLY|O_CLOEXEC) = 3
[pid 185425] 14:15:42.178907 openat(AT_FDCWD, "/home/dikluwe/.local/share/fonts/IosevkaTerm/IosevkaTermNerdFontMono-Oblique.ttf", O_RDONLY|O_CLOEXEC) = 3
[pid 185425] 14:15:42.179374 openat(AT_FDCWD, "/home/dikluwe/.local/share/fonts/IosevkaTerm/IosevkaTermNerdFontMono-BoldOblique.ttf", O_RDONLY|O_CLOEXEC) = 3
[pid 185425] 14:15:42.179840 openat(AT_FDCWD, "/home/dikluwe/.local/share/fonts/IosevkaTerm/IosevkaTermNerdFont-SemiBoldItalic.ttf", O_RDONLY|O_CLOEXEC) = 3
[pid 185425] 14:15:42.180326 openat(AT_FDCWD, "/home/dikluwe/.local/share/fonts/IosevkaTerm/IosevkaTermNerdFontMono-Light.ttf", O_RDONLY|O_CLOEXEC) = 3
[pid 185425] 14:15:42.180794 openat(AT_FDCWD, "/home/dikluwe/.local/share/fonts/IosevkaTerm/IosevkaTermNerdFont-ExtraBoldOblique.ttf", O_RDONLY|O_CLOEXEC) = 3
[pid 185425] 14:15:42.181256 openat(AT_FDCWD, "/home/dikluwe/.local/share/fonts/IosevkaTerm/IosevkaTermNerdFontPropo-ExtraBoldItalic.ttf", O_RDONLY|O_CLOEXEC) = 3
[pid 185425] 14:15:42.181723 openat(AT_FDCWD, "/home/dikluwe/.local/share/fonts/IosevkaTerm/IosevkaTermNerdFont-BoldItalic.ttf", O_RDONLY|O_CLOEXEC) = 3
[pid 185425] 14:15:42.182221 openat(AT_FDCWD, "/home/dikluwe/.local/share/fonts/IosevkaTerm/IosevkaTermNerdFontPropo-ThinOblique.ttf", O_RDONLY|O_CLOEXEC) = 3
[pid 185425] 14:15:42.182700 openat(AT_FDCWD, "/home/dikluwe/.local/share/fonts/IosevkaTerm/IosevkaTermNerdFontPropo-ExtraBoldOblique.ttf", O_RDONLY|O_CLOEXEC) = 3
[pid 185425] 14:15:42.183174 openat(AT_FDCWD, "/home/dikluwe/.local/share/fonts/IosevkaTerm/IosevkaTermNerdFontPropo-Regular.ttf", O_RDONLY|O_CLOEXEC) = 3
[pid 185425] 14:15:42.183650 openat(AT_FDCWD, "/home/dikluwe/.local/share/fonts/IosevkaTerm/IosevkaTermNerdFont-HeavyOblique.ttf", O_RDONLY|O_CLOEXEC) = 3
[pid 185425] 14:15:42.184142 openat(AT_FDCWD, "/home/dikluwe/.local/share/fonts/IosevkaTerm/IosevkaTermNerdFont-ExtraBoldItalic.ttf", O_RDONLY|O_CLOEXEC) = 3
[pid 185425] 14:15:42.184612 openat(AT_FDCWD, "/home/dikluwe/.local/share/fonts/IosevkaTerm/IosevkaTermNerdFontPropo-Medium.ttf", O_RDONLY|O_CLOEXEC) = 3
[pid 185425] 14:15:42.185084 openat(AT_FDCWD, "/home/dikluwe/.local/share/fonts/IosevkaTerm/IosevkaTermNerdFontMono-Bold.ttf", O_RDONLY|O_CLOEXEC) = 3
[pid 185425] 14:15:42.185547 openat(AT_FDCWD, "/home/dikluwe/.local/share/fonts/IosevkaTerm/IosevkaTermNerdFontPropo-Oblique.ttf", O_RDONLY|O_CLOEXEC) = 3
[pid 185425] 14:15:42.186014 openat(AT_FDCWD, "/home/dikluwe/.local/share/fonts/IosevkaTerm/IosevkaTermNerdFont-ExtraLight.ttf", O_RDONLY|O_CLOEXEC) = 3
[pid 185425] 14:15:42.186482 openat(AT_FDCWD, "/home/dikluwe/.local/share/fonts/IosevkaTerm/IosevkaTermNerdFontMono-Heavy.ttf", O_RDONLY|O_CLOEXEC) = 3
[pid 185425] 14:15:42.187004 openat(AT_FDCWD, "/home/dikluwe/.local/share/fonts/IosevkaTerm/IosevkaTermNerdFontMono-ExtraBoldItalic.ttf", O_RDONLY|O_CLOEXEC) = 3
[pid 185425] 14:15:42.187477 openat(AT_FDCWD, "/home/dikluwe/.local/share/fonts/IosevkaTerm/IosevkaTermNerdFontPropo-Light.ttf", O_RDONLY|O_CLOEXEC) = 3
[pid 185425] 14:15:42.187975 openat(AT_FDCWD, "/home/dikluwe/.local/share/fonts/IosevkaTerm/IosevkaTermNerdFont-ExtraLightOblique.ttf", O_RDONLY|O_CLOEXEC) = 3
[pid 185425] 14:15:42.188459 openat(AT_FDCWD, "/home/dikluwe/.local/share/fonts/IosevkaTerm/IosevkaTermNerdFontMono-HeavyItalic.ttf", O_RDONLY|O_CLOEXEC) = 3
[pid 185425] 14:15:42.189003 openat(AT_FDCWD, "/home/dikluwe/.local/share/fonts/IosevkaTerm/IosevkaTermNerdFont-ExtraLightItalic.ttf", O_RDONLY|O_CLOEXEC) = 3
[pid 185425] 14:15:42.189512 openat(AT_FDCWD, "/home/dikluwe/.local/share/fonts/IosevkaTerm/IosevkaTermNerdFontMono-HeavyOblique.ttf", O_RDONLY|O_CLOEXEC) = 3
[pid 185425] 14:15:42.190020 openat(AT_FDCWD, "/home/dikluwe/.local/share/fonts/IosevkaTerm/IosevkaTermNerdFontMono-Thin.ttf", O_RDONLY|O_CLOEXEC) = 3
[pid 185425] 14:15:42.190518 openat(AT_FDCWD, "/home/dikluwe/.local/share/fonts/IosevkaTerm/IosevkaTermNerdFont-Thin.ttf", O_RDONLY|O_CLOEXEC) = 3
[pid 185425] 14:15:42.191065 openat(AT_FDCWD, "/home/dikluwe/.local/share/fonts/IosevkaTerm/IosevkaTermNerdFontMono-Medium.ttf", O_RDONLY|O_CLOEXEC) = 3
[pid 185425] 14:15:42.191617 openat(AT_FDCWD, "/home/dikluwe/.local/share/fonts/IosevkaTerm/IosevkaTermNerdFont-LightOblique.ttf", O_RDONLY|O_CLOEXEC) = 3
[pid 185425] 14:15:42.192134 openat(AT_FDCWD, "/home/dikluwe/.local/share/fonts/IosevkaTerm/IosevkaTermNerdFont-Bold.ttf", O_RDONLY|O_CLOEXEC) = 3
[pid 185425] 14:15:42.192638 openat(AT_FDCWD, "/home/dikluwe/.local/share/fonts/IosevkaTerm/IosevkaTermNerdFont-MediumItalic.ttf", O_RDONLY|O_CLOEXEC) = 3
[pid 185425] 14:15:42.193141 openat(AT_FDCWD, "/home/dikluwe/.local/share/fonts/IosevkaTerm/IosevkaTermNerdFontMono-Regular.ttf", O_RDONLY|O_CLOEXEC) = 3
[pid 185425] 14:15:42.193631 openat(AT_FDCWD, "/home/dikluwe/.local/share/fonts/IosevkaTerm/IosevkaTermNerdFontMono-SemiBold.ttf", O_RDONLY|O_CLOEXEC) = 3
[pid 185425] 14:15:42.194123 openat(AT_FDCWD, "/home/dikluwe/.local/share/fonts/IosevkaTerm/IosevkaTermNerdFontPropo-ExtraLightItalic.ttf", O_RDONLY|O_CLOEXEC) = 3
[pid 185425] 14:15:42.194622 openat(AT_FDCWD, "/home/dikluwe/.local/share/fonts/IosevkaTerm/IosevkaTermNerdFontMono-LightItalic.ttf", O_RDONLY|O_CLOEXEC) = 3
[pid 185425] 14:15:42.195120 openat(AT_FDCWD, "/home/dikluwe/.local/share/fonts/IosevkaTerm/IosevkaTermNerdFontMono-ExtraBold.ttf", O_RDONLY|O_CLOEXEC) = 3
[pid 185425] 14:15:42.195607 openat(AT_FDCWD, "/home/dikluwe/.local/share/fonts/IosevkaTerm/IosevkaTermNerdFontPropo-LightOblique.ttf", O_RDONLY|O_CLOEXEC) = 3
[pid 185425] 14:15:42.196114 openat(AT_FDCWD, "/home/dikluwe/.local/share/fonts/IosevkaTerm/IosevkaTermNerdFontPropo-Heavy.ttf", O_RDONLY|O_CLOEXEC) = 3
[pid 185425] 14:15:42.196617 openat(AT_FDCWD, "/home/dikluwe/.local/share/fonts/IosevkaTerm/IosevkaTermNerdFontPropo-HeavyOblique.ttf", O_RDONLY|O_CLOEXEC) = 3
[pid 185425] 14:15:42.197117 openat(AT_FDCWD, "/home/dikluwe/.local/share/fonts/IosevkaTerm/IosevkaTermNerdFontPropo-LightItalic.ttf", O_RDONLY|O_CLOEXEC) = 3
[pid 185425] 14:15:42.197602 openat(AT_FDCWD, "/home/dikluwe/.local/share/fonts/IosevkaTerm/IosevkaTermNerdFontPropo-SemiBoldItalic.ttf", O_RDONLY|O_CLOEXEC) = 3
[pid 185425] 14:15:42.198100 openat(AT_FDCWD, "/home/dikluwe/.local/share/fonts/IosevkaTerm/IosevkaTermNerdFontPropo-ExtraBold.ttf", O_RDONLY|O_CLOEXEC) = 3
[pid 185425] 14:15:42.198593 openat(AT_FDCWD, "/home/dikluwe/.local/share/fonts/IosevkaTerm/IosevkaTermNerdFontPropo-SemiBoldOblique.ttf", O_RDONLY|O_CLOEXEC) = 3
[pid 185425] 14:15:42.199110 openat(AT_FDCWD, "/home/dikluwe/.local/share/fonts/IosevkaTerm/IosevkaTermNerdFontPropo-ExtraLight.ttf", O_RDONLY|O_CLOEXEC) = 3
[pid 185425] 14:15:42.199648 openat(AT_FDCWD, "/home/dikluwe/.local/share/fonts/IosevkaTerm/IosevkaTermNerdFont-ExtraBold.ttf", O_RDONLY|O_CLOEXEC) = 3
[pid 185425] 14:15:42.200219 openat(AT_FDCWD, "/home/dikluwe/.local/share/fonts/IosevkaTerm/IosevkaTermNerdFont-BoldOblique.ttf", O_RDONLY|O_CLOEXEC) = 3
[pid 185425] 14:15:42.200781 openat(AT_FDCWD, "/home/dikluwe/.local/share/fonts/IosevkaTerm/IosevkaTermNerdFontPropo-ExtraLightOblique.ttf", O_RDONLY|O_CLOEXEC) = 3
[pid 185425] 14:15:42.201292 openat(AT_FDCWD, "/home/dikluwe/.local/share/fonts/IosevkaTerm/IosevkaTermNerdFont-Regular.ttf", O_RDONLY|O_CLOEXEC) = 3
[pid 185425] 14:15:42.201791 openat(AT_FDCWD, "/home/dikluwe/.local/share/fonts/IosevkaTerm/IosevkaTermNerdFontMono-Italic.ttf", O_RDONLY|O_CLOEXEC) = 3
[pid 185425] 14:15:42.202344 openat(AT_FDCWD, "/home/dikluwe/.local/share/fonts/IosevkaTerm/IosevkaTermNerdFont-HeavyItalic.ttf", O_RDONLY|O_CLOEXEC) = 3
[pid 185425] 14:15:42.202849 openat(AT_FDCWD, "/home/dikluwe/.local/share/fonts/IosevkaTerm/IosevkaTermNerdFont-Medium.ttf", O_RDONLY|O_CLOEXEC) = 3
[pid 185425] 14:15:42.203341 openat(AT_FDCWD, "/home/dikluwe/.local/share/fonts/IosevkaTerm/IosevkaTermNerdFontMono-BoldItalic.ttf", O_RDONLY|O_CLOEXEC) = 3
[pid 185425] 14:15:42.203823 openat(AT_FDCWD, "/home/dikluwe/.local/share/fonts/IosevkaTerm/IosevkaTermNerdFont-LightItalic.ttf", O_RDONLY|O_CLOEXEC) = 3
[pid 185425] 14:15:42.204294 openat(AT_FDCWD, "/home/dikluwe/.local/share/fonts/IosevkaTerm/IosevkaTermNerdFont-MediumOblique.ttf", O_RDONLY|O_CLOEXEC) = 3
[pid 185425] 14:15:42.204760 openat(AT_FDCWD, "/home/dikluwe/.local/share/fonts/IosevkaTerm/IosevkaTermNerdFontPropo-HeavyItalic.ttf", O_RDONLY|O_CLOEXEC) = 3
[pid 185425] 14:15:42.205267 openat(AT_FDCWD, "/home/dikluwe/.local/share/fonts/IosevkaTerm/IosevkaTermNerdFontPropo-SemiBold.ttf", O_RDONLY|O_CLOEXEC) = 3
[pid 185425] 14:15:42.205779 openat(AT_FDCWD, "/home/dikluwe/.local/share/fonts/IosevkaTerm/IosevkaTermNerdFontMono-ThinItalic.ttf", O_RDONLY|O_CLOEXEC) = 3
[pid 185425] 14:15:42.206380 openat(AT_FDCWD, "/home/dikluwe/.local/share/fonts/IosevkaTerm/IosevkaTermNerdFontPropo-BoldItalic.ttf", O_RDONLY|O_CLOEXEC) = 3
[pid 185425] 14:15:42.206987 openat(AT_FDCWD, "/home/dikluwe/.local/share/fonts/IosevkaTerm/IosevkaTermNerdFont-ThinOblique.ttf", O_RDONLY|O_CLOEXEC) = 3
[pid 185425] 14:15:42.207530 openat(AT_FDCWD, "/home/dikluwe/.local/share/fonts/IosevkaTerm/IosevkaTermNerdFontPropo-MediumItalic.ttf", O_RDONLY|O_CLOEXEC) = 3
[pid 185425] 14:15:42.208057 openat(AT_FDCWD, "/home/dikluwe/.local/share/fonts/Iosevka/IosevkaNerdFont-ExtraLight.ttf", O_RDONLY|O_CLOEXEC) = 3
[pid 185425] 14:15:42.208567 openat(AT_FDCWD, "/home/dikluwe/.local/share/fonts/Iosevka/IosevkaNerdFont-LightItalic.ttf", O_RDONLY|O_CLOEXEC) = 3
[pid 185425] 14:15:42.209053 openat(AT_FDCWD, "/home/dikluwe/.local/share/fonts/Iosevka/IosevkaNerdFontMono-ExtraBoldItalic.ttf", O_RDONLY|O_CLOEXEC) = 3
[pid 185425] 14:15:42.209515 openat(AT_FDCWD, "/home/dikluwe/.local/share/fonts/Iosevka/IosevkaNerdFont-Medium.ttf", O_RDONLY|O_CLOEXEC) = 3
[pid 185425] 14:15:42.209996 openat(AT_FDCWD, "/home/dikluwe/.local/share/fonts/Iosevka/IosevkaNerdFontMono-MediumItalic.ttf", O_RDONLY|O_CLOEXEC) = 3
[pid 185425] 14:15:42.210475 openat(AT_FDCWD, "/home/dikluwe/.local/share/fonts/Iosevka/IosevkaNerdFont-Italic.ttf", O_RDONLY|O_CLOEXEC) = 3
[pid 185425] 14:15:42.210952 openat(AT_FDCWD, "/home/dikluwe/.local/share/fonts/Iosevka/IosevkaNerdFontMono-Light.ttf", O_RDONLY|O_CLOEXEC) = 3
[pid 185425] 14:15:42.211420 openat(AT_FDCWD, "/home/dikluwe/.local/share/fonts/Iosevka/IosevkaNerdFont-ExtraLightItalic.ttf", O_RDONLY|O_CLOEXEC) = 3
[pid 185425] 14:15:42.211887 openat(AT_FDCWD, "/home/dikluwe/.local/share/fonts/Iosevka/IosevkaNerdFont-SemiBoldOblique.ttf", O_RDONLY|O_CLOEXEC) = 3
[pid 185425] 14:15:42.212358 openat(AT_FDCWD, "/home/dikluwe/.local/share/fonts/Iosevka/IosevkaNerdFont-Bold.ttf", O_RDONLY|O_CLOEXEC) = 3
[pid 185425] 14:15:42.212823 openat(AT_FDCWD, "/home/dikluwe/.local/share/fonts/Iosevka/IosevkaNerdFontPropo-SemiBoldOblique.ttf", O_RDONLY|O_CLOEXEC) = 3
[pid 185425] 14:15:42.213313 openat(AT_FDCWD, "/home/dikluwe/.local/share/fonts/Iosevka/IosevkaNerdFontPropo-Oblique.ttf", O_RDONLY|O_CLOEXEC) = 3
[pid 185425] 14:15:42.213879 openat(AT_FDCWD, "/home/dikluwe/.local/share/fonts/Iosevka/IosevkaNerdFontMono-ThinOblique.ttf", O_RDONLY|O_CLOEXEC) = 3
[pid 185425] 14:15:42.214434 openat(AT_FDCWD, "/home/dikluwe/.local/share/fonts/Iosevka/IosevkaNerdFontPropo-SemiBoldItalic.ttf", O_RDONLY|O_CLOEXEC) = 3
[pid 185425] 14:15:42.214934 openat(AT_FDCWD, "/home/dikluwe/.local/share/fonts/Iosevka/IosevkaNerdFontMono-ThinItalic.ttf", O_RDONLY|O_CLOEXEC) = 3
[pid 185425] 14:15:42.215423 openat(AT_FDCWD, "/home/dikluwe/.local/share/fonts/Iosevka/IosevkaNerdFontPropo-ExtraLight.ttf", O_RDONLY|O_CLOEXEC) = 3
[pid 185425] 14:15:42.215912 openat(AT_FDCWD, "/home/dikluwe/.local/share/fonts/Iosevka/IosevkaNerdFont-Oblique.ttf", O_RDONLY|O_CLOEXEC) = 3
[pid 185425] 14:15:42.216402 openat(AT_FDCWD, "/home/dikluwe/.local/share/fonts/Iosevka/IosevkaNerdFont-ExtraBoldItalic.ttf", O_RDONLY|O_CLOEXEC) = 3
[pid 185425] 14:15:42.216898 openat(AT_FDCWD, "/home/dikluwe/.local/share/fonts/Iosevka/IosevkaNerdFontPropo-Italic.ttf", O_RDONLY|O_CLOEXEC) = 3
[pid 185425] 14:15:42.217459 openat(AT_FDCWD, "/home/dikluwe/.local/share/fonts/Iosevka/IosevkaNerdFontMono-Heavy.ttf", O_RDONLY|O_CLOEXEC) = 3
[pid 185425] 14:15:42.217991 openat(AT_FDCWD, "/home/dikluwe/.local/share/fonts/Iosevka/IosevkaNerdFontPropo-ThinItalic.ttf", O_RDONLY|O_CLOEXEC) = 3
[pid 185425] 14:15:42.218496 openat(AT_FDCWD, "/home/dikluwe/.local/share/fonts/Iosevka/IosevkaNerdFontMono-Bold.ttf", O_RDONLY|O_CLOEXEC) = 3
[pid 185425] 14:15:42.219003 openat(AT_FDCWD, "/home/dikluwe/.local/share/fonts/Iosevka/IosevkaNerdFontMono-ExtraBoldOblique.ttf", O_RDONLY|O_CLOEXEC) = 3
[pid 185425] 14:15:42.219494 openat(AT_FDCWD, "/home/dikluwe/.local/share/fonts/Iosevka/IosevkaNerdFontMono-SemiBoldItalic.ttf", O_RDONLY|O_CLOEXEC) = 3
[pid 185425] 14:15:42.220001 openat(AT_FDCWD, "/home/dikluwe/.local/share/fonts/Iosevka/IosevkaNerdFontMono-ExtraBold.ttf", O_RDONLY|O_CLOEXEC) = 3
[pid 185425] 14:15:42.220489 openat(AT_FDCWD, "/home/dikluwe/.local/share/fonts/Iosevka/IosevkaNerdFontPropo-ThinOblique.ttf", O_RDONLY|O_CLOEXEC) = 3
[pid 185425] 14:15:42.220985 openat(AT_FDCWD, "/home/dikluwe/.local/share/fonts/Iosevka/IosevkaNerdFont-ExtraLightOblique.ttf", O_RDONLY|O_CLOEXEC) = 3
[pid 185425] 14:15:42.221479 openat(AT_FDCWD, "/home/dikluwe/.local/share/fonts/Iosevka/IosevkaNerdFontPropo-BoldOblique.ttf", O_RDONLY|O_CLOEXEC) = 3
[pid 185425] 14:15:42.221974 openat(AT_FDCWD, "/home/dikluwe/.local/share/fonts/Iosevka/IosevkaNerdFontPropo-HeavyItalic.ttf", O_RDONLY|O_CLOEXEC) = 3
[pid 185425] 14:15:42.222471 openat(AT_FDCWD, "/home/dikluwe/.local/share/fonts/Iosevka/IosevkaNerdFontPropo-MediumOblique.ttf", O_RDONLY|O_CLOEXEC) = 3
[pid 185425] 14:15:42.222970 openat(AT_FDCWD, "/home/dikluwe/.local/share/fonts/Iosevka/IosevkaNerdFontPropo-MediumItalic.ttf", O_RDONLY|O_CLOEXEC) = 3
[pid 185425] 14:15:42.223467 openat(AT_FDCWD, "/home/dikluwe/.local/share/fonts/Iosevka/IosevkaNerdFontMono-Oblique.ttf", O_RDONLY|O_CLOEXEC) = 3
[pid 185425] 14:15:42.223956 openat(AT_FDCWD, "/home/dikluwe/.local/share/fonts/Iosevka/IosevkaNerdFontMono-BoldItalic.ttf", O_RDONLY|O_CLOEXEC) = 3
[pid 185425] 14:15:42.224446 openat(AT_FDCWD, "/home/dikluwe/.local/share/fonts/Iosevka/IosevkaNerdFontMono-SemiBoldOblique.ttf", O_RDONLY|O_CLOEXEC) = 3
[pid 185425] 14:15:42.224957 openat(AT_FDCWD, "/home/dikluwe/.local/share/fonts/Iosevka/IosevkaNerdFontMono-BoldOblique.ttf", O_RDONLY|O_CLOEXEC) = 3
[pid 185425] 14:15:42.225545 openat(AT_FDCWD, "/home/dikluwe/.local/share/fonts/Iosevka/IosevkaNerdFontMono-Thin.ttf", O_RDONLY|O_CLOEXEC) = 3
[pid 185425] 14:15:42.226108 openat(AT_FDCWD, "/home/dikluwe/.local/share/fonts/Iosevka/IosevkaNerdFontPropo-LightOblique.ttf", O_RDONLY|O_CLOEXEC) = 3
[pid 185425] 14:15:42.226615 openat(AT_FDCWD, "/home/dikluwe/.local/share/fonts/Iosevka/IosevkaNerdFontPropo-Heavy.ttf", O_RDONLY|O_CLOEXEC) = 3
[pid 185425] 14:15:42.227143 openat(AT_FDCWD, "/home/dikluwe/.local/share/fonts/Iosevka/IosevkaNerdFontMono-ExtraLightItalic.ttf", O_RDONLY|O_CLOEXEC) = 3
[pid 185425] 14:15:42.227756 openat(AT_FDCWD, "/home/dikluwe/.local/share/fonts/Iosevka/IosevkaNerdFont-BoldOblique.ttf", O_RDONLY|O_CLOEXEC) = 3
[pid 185425] 14:15:42.228377 openat(AT_FDCWD, "/home/dikluwe/.local/share/fonts/Iosevka/IosevkaNerdFont-Thin.ttf", O_RDONLY|O_CLOEXEC) = 3
[pid 185425] 14:15:42.228956 openat(AT_FDCWD, "/home/dikluwe/.local/share/fonts/Iosevka/IosevkaNerdFont-SemiBoldItalic.ttf", O_RDONLY|O_CLOEXEC) = 3
[pid 185425] 14:15:42.229465 openat(AT_FDCWD, "/home/dikluwe/.local/share/fonts/Iosevka/IosevkaNerdFont-ThinItalic.ttf", O_RDONLY|O_CLOEXEC) = 3
[pid 185425] 14:15:42.229969 openat(AT_FDCWD, "/home/dikluwe/.local/share/fonts/Iosevka/IosevkaNerdFontPropo-ExtraBold.ttf", O_RDONLY|O_CLOEXEC) = 3
[pid 185425] 14:15:42.230473 openat(AT_FDCWD, "/home/dikluwe/.local/share/fonts/Iosevka/IosevkaNerdFont-BoldItalic.ttf", O_RDONLY|O_CLOEXEC) = 3
[pid 185425] 14:15:42.230959 openat(AT_FDCWD, "/home/dikluwe/.local/share/fonts/Iosevka/IosevkaNerdFontMono-ExtraLightOblique.ttf", O_RDONLY|O_CLOEXEC) = 3
[pid 185425] 14:15:42.231443 openat(AT_FDCWD, "/home/dikluwe/.local/share/fonts/Iosevka/IosevkaNerdFont-MediumItalic.ttf", O_RDONLY|O_CLOEXEC) = 3
[pid 185425] 14:15:42.231965 openat(AT_FDCWD, "/home/dikluwe/.local/share/fonts/Iosevka/IosevkaNerdFontPropo-HeavyOblique.ttf", O_RDONLY|O_CLOEXEC) = 3
[pid 185425] 14:15:42.232446 openat(AT_FDCWD, "/home/dikluwe/.local/share/fonts/Iosevka/IosevkaNerdFontPropo-ExtraBoldOblique.ttf", O_RDONLY|O_CLOEXEC) = 3
[pid 185425] 14:15:42.232932 openat(AT_FDCWD, "/home/dikluwe/.local/share/fonts/Iosevka/IosevkaNerdFont-LightOblique.ttf", O_RDONLY|O_CLOEXEC) = 3
[pid 185425] 14:15:42.233417 openat(AT_FDCWD, "/home/dikluwe/.local/share/fonts/Iosevka/IosevkaNerdFontPropo-SemiBold.ttf", O_RDONLY|O_CLOEXEC) = 3
[pid 185425] 14:15:42.233892 openat(AT_FDCWD, "/home/dikluwe/.local/share/fonts/Iosevka/IosevkaNerdFontPropo-BoldItalic.ttf", O_RDONLY|O_CLOEXEC) = 3
[pid 185425] 14:15:42.234383 openat(AT_FDCWD, "/home/dikluwe/.local/share/fonts/Iosevka/IosevkaNerdFontPropo-ExtraLightItalic.ttf", O_RDONLY|O_CLOEXEC) = 3
[pid 185425] 14:15:42.234861 openat(AT_FDCWD, "/home/dikluwe/.local/share/fonts/Iosevka/IosevkaNerdFontPropo-ExtraLightOblique.ttf", O_RDONLY|O_CLOEXEC) = 3
[pid 185425] 14:15:42.235346 openat(AT_FDCWD, "/home/dikluwe/.local/share/fonts/Iosevka/IosevkaNerdFontPropo-LightItalic.ttf", O_RDONLY|O_CLOEXEC) = 3
[pid 185425] 14:15:42.235828 openat(AT_FDCWD, "/home/dikluwe/.local/share/fonts/Iosevka/IosevkaNerdFontPropo-Medium.ttf", O_RDONLY|O_CLOEXEC) = 3
[pid 185425] 14:15:42.236335 openat(AT_FDCWD, "/home/dikluwe/.local/share/fonts/Iosevka/IosevkaNerdFontMono-LightOblique.ttf", O_RDONLY|O_CLOEXEC) = 3
[pid 185425] 14:15:42.236816 openat(AT_FDCWD, "/home/dikluwe/.local/share/fonts/Iosevka/IosevkaNerdFontMono-MediumOblique.ttf", O_RDONLY|O_CLOEXEC) = 3
[pid 185425] 14:15:42.237314 openat(AT_FDCWD, "/home/dikluwe/.local/share/fonts/Iosevka/IosevkaNerdFont-Regular.ttf", O_RDONLY|O_CLOEXEC) = 3
[pid 185425] 14:15:42.237798 openat(AT_FDCWD, "/home/dikluwe/.local/share/fonts/Iosevka/IosevkaNerdFontMono-HeavyItalic.ttf", O_RDONLY|O_CLOEXEC) = 3
[pid 185425] 14:15:42.238412 openat(AT_FDCWD, "/home/dikluwe/.local/share/fonts/Iosevka/IosevkaNerdFontPropo-Thin.ttf", O_RDONLY|O_CLOEXEC) = 3
[pid 185425] 14:15:42.239008 openat(AT_FDCWD, "/home/dikluwe/.local/share/fonts/Iosevka/IosevkaNerdFont-MediumOblique.ttf", O_RDONLY|O_CLOEXEC) = 3
[pid 185425] 14:15:42.239485 openat(AT_FDCWD, "/home/dikluwe/.local/share/fonts/Iosevka/IosevkaNerdFont-ThinOblique.ttf", O_RDONLY|O_CLOEXEC) = 3
[pid 185425] 14:15:42.239955 openat(AT_FDCWD, "/home/dikluwe/.local/share/fonts/Iosevka/IosevkaNerdFontPropo-ExtraBoldItalic.ttf", O_RDONLY|O_CLOEXEC) = 3
[pid 185425] 14:15:42.240420 openat(AT_FDCWD, "/home/dikluwe/.local/share/fonts/Iosevka/IosevkaNerdFontMono-HeavyOblique.ttf", O_RDONLY|O_CLOEXEC) = 3
[pid 185425] 14:15:42.240877 openat(AT_FDCWD, "/home/dikluwe/.local/share/fonts/Iosevka/IosevkaNerdFontPropo-Bold.ttf", O_RDONLY|O_CLOEXEC) = 3
[pid 185425] 14:15:42.241352 openat(AT_FDCWD, "/home/dikluwe/.local/share/fonts/Iosevka/IosevkaNerdFont-Heavy.ttf", O_RDONLY|O_CLOEXEC) = 3
[pid 185425] 14:15:42.241809 openat(AT_FDCWD, "/home/dikluwe/.local/share/fonts/Iosevka/IosevkaNerdFont-ExtraBold.ttf", O_RDONLY|O_CLOEXEC) = 3
[pid 185425] 14:15:42.242292 openat(AT_FDCWD, "/home/dikluwe/.local/share/fonts/Iosevka/IosevkaNerdFont-SemiBold.ttf", O_RDONLY|O_CLOEXEC) = 3
[pid 185425] 14:15:42.242752 openat(AT_FDCWD, "/home/dikluwe/.local/share/fonts/Iosevka/IosevkaNerdFont-ExtraBoldOblique.ttf", O_RDONLY|O_CLOEXEC) = 3
[pid 185425] 14:15:42.243223 openat(AT_FDCWD, "/home/dikluwe/.local/share/fonts/Iosevka/IosevkaNerdFontMono-Regular.ttf", O_RDONLY|O_CLOEXEC) = 3
[pid 185425] 14:15:42.243680 openat(AT_FDCWD, "/home/dikluwe/.local/share/fonts/Iosevka/IosevkaNerdFontMono-SemiBold.ttf", O_RDONLY|O_CLOEXEC) = 3
[pid 185425] 14:15:42.244140 openat(AT_FDCWD, "/home/dikluwe/.local/share/fonts/Iosevka/IosevkaNerdFont-HeavyOblique.ttf", O_RDONLY|O_CLOEXEC) = 3
[pid 185425] 14:15:42.244594 openat(AT_FDCWD, "/home/dikluwe/.local/share/fonts/Iosevka/IosevkaNerdFontMono-ExtraLight.ttf", O_RDONLY|O_CLOEXEC) = 3
[pid 185425] 14:15:42.245081 openat(AT_FDCWD, "/home/dikluwe/.local/share/fonts/Iosevka/IosevkaNerdFont-Light.ttf", O_RDONLY|O_CLOEXEC) = 3
[pid 185425] 14:15:42.245536 openat(AT_FDCWD, "/home/dikluwe/.local/share/fonts/Iosevka/IosevkaNerdFontPropo-Regular.ttf", O_RDONLY|O_CLOEXEC) = 3
[pid 185425] 14:15:42.246072 openat(AT_FDCWD, "/home/dikluwe/.local/share/fonts/Iosevka/IosevkaNerdFontMono-Italic.ttf", O_RDONLY|O_CLOEXEC) = 3
[pid 185425] 14:15:42.246650 openat(AT_FDCWD, "/home/dikluwe/.local/share/fonts/Iosevka/IosevkaNerdFont-HeavyItalic.ttf", O_RDONLY|O_CLOEXEC) = 3
[pid 185425] 14:15:42.247186 openat(AT_FDCWD, "/home/dikluwe/.local/share/fonts/Iosevka/IosevkaNerdFontMono-Medium.ttf", O_RDONLY|O_CLOEXEC) = 3
[pid 185425] 14:15:42.247659 openat(AT_FDCWD, "/home/dikluwe/.local/share/fonts/Iosevka/IosevkaNerdFontPropo-Light.ttf", O_RDONLY|O_CLOEXEC) = 3
[pid 185425] 14:15:42.248126 openat(AT_FDCWD, "/home/dikluwe/.local/share/fonts/Iosevka/IosevkaNerdFontMono-LightItalic.ttf", O_RDONLY|O_CLOEXEC) = 3
[pid 185425] 14:15:42.248584 openat(AT_FDCWD, "/home/dikluwe/.local/share/fonts/Monoid/MonoidNerdFontMono-Italic.ttf", O_RDONLY|O_CLOEXEC) = 3
[pid 185425] 14:15:42.248947 openat(AT_FDCWD, "/home/dikluwe/.local/share/fonts/Monoid/MonoidNerdFontPropo-Italic.ttf", O_RDONLY|O_CLOEXEC) = 3
[pid 185425] 14:15:42.249284 openat(AT_FDCWD, "/home/dikluwe/.local/share/fonts/Monoid/MonoidNerdFont-Italic.ttf", O_RDONLY|O_CLOEXEC) = 3
[pid 185425] 14:15:42.249621 openat(AT_FDCWD, "/home/dikluwe/.local/share/fonts/Monoid/MonoidNerdFontMono-Regular.ttf", O_RDONLY|O_CLOEXEC) = 3
[pid 185425] 14:15:42.249967 openat(AT_FDCWD, "/home/dikluwe/.local/share/fonts/Monoid/MonoidNerdFontPropo-Regular.ttf", O_RDONLY|O_CLOEXEC) = 3
[pid 185425] 14:15:42.250309 openat(AT_FDCWD, "/home/dikluwe/.local/share/fonts/Monoid/MonoidNerdFont-Regular.ttf", O_RDONLY|O_CLOEXEC) = 3
[pid 185425] 14:15:42.250649 openat(AT_FDCWD, "/home/dikluwe/.local/share/fonts/Monoid/MonoidNerdFont-Retina.ttf", O_RDONLY|O_CLOEXEC) = 3
[pid 185425] 14:15:42.250995 openat(AT_FDCWD, "/home/dikluwe/.local/share/fonts/Monoid/MonoidNerdFontMono-Retina.ttf", O_RDONLY|O_CLOEXEC) = 3
[pid 185425] 14:15:42.251334 openat(AT_FDCWD, "/home/dikluwe/.local/share/fonts/Monoid/MonoidNerdFontPropo-Retina.ttf", O_RDONLY|O_CLOEXEC) = 3
[pid 185425] 14:15:42.251660 openat(AT_FDCWD, "/home/dikluwe/.local/share/fonts/Monoid/MonoidNerdFontMono-Bold.ttf", O_RDONLY|O_CLOEXEC) = 3
[pid 185425] 14:15:42.251990 openat(AT_FDCWD, "/home/dikluwe/.local/share/fonts/Monoid/MonoidNerdFont-Bold.ttf", O_RDONLY|O_CLOEXEC) = 3
[pid 185425] 14:15:42.252311 openat(AT_FDCWD, "/home/dikluwe/.local/share/fonts/Monoid/MonoidNerdFontPropo-Bold.ttf", O_RDONLY|O_CLOEXEC) = 3
[pid 185425] 14:15:42.252632 openat(AT_FDCWD, "/home/dikluwe/.local/share/fonts/VictorMono/VictorMonoNerdFontPropo-LightItalic.ttf", O_RDONLY|O_CLOEXEC) = 3
[pid 185425] 14:15:42.253055 openat(AT_FDCWD, "/home/dikluwe/.local/share/fonts/VictorMono/VictorMonoNerdFontMono-LightItalic.ttf", O_RDONLY|O_CLOEXEC) = 3
[pid 185425] 14:15:42.253419 openat(AT_FDCWD, "/home/dikluwe/.local/share/fonts/VictorMono/VictorMonoNerdFont-LightItalic.ttf", O_RDONLY|O_CLOEXEC) = 3
[pid 185425] 14:15:42.253802 openat(AT_FDCWD, "/home/dikluwe/.local/share/fonts/VictorMono/VictorMonoNerdFontMono-SemiBoldOblique.ttf", O_RDONLY|O_CLOEXEC) = 3
[pid 185425] 14:15:42.254171 openat(AT_FDCWD, "/home/dikluwe/.local/share/fonts/VictorMono/VictorMonoNerdFontPropo-SemiBoldOblique.ttf", O_RDONLY|O_CLOEXEC) = 3
[pid 185425] 14:15:42.254535 openat(AT_FDCWD, "/home/dikluwe/.local/share/fonts/VictorMono/VictorMonoNerdFont-SemiBoldOblique.ttf", O_RDONLY|O_CLOEXEC) = 3
[pid 185425] 14:15:42.254898 openat(AT_FDCWD, "/home/dikluwe/.local/share/fonts/VictorMono/VictorMonoNerdFontPropo-ExtraLightItalic.ttf", O_RDONLY|O_CLOEXEC) = 3
[pid 185425] 14:15:42.255381 openat(AT_FDCWD, "/home/dikluwe/.local/share/fonts/VictorMono/VictorMonoNerdFontMono-ExtraLightItalic.ttf", O_RDONLY|O_CLOEXEC) = 3
[pid 185425] 14:15:42.255791 openat(AT_FDCWD, "/home/dikluwe/.local/share/fonts/VictorMono/VictorMonoNerdFont-ExtraLightItalic.ttf", O_RDONLY|O_CLOEXEC) = 3
[pid 185425] 14:15:42.256182 openat(AT_FDCWD, "/home/dikluwe/.local/share/fonts/VictorMono/VictorMonoNerdFontMono-MediumItalic.ttf", O_RDONLY|O_CLOEXEC) = 3
[pid 185425] 14:15:42.256555 openat(AT_FDCWD, "/home/dikluwe/.local/share/fonts/VictorMono/VictorMonoNerdFontPropo-MediumItalic.ttf", O_RDONLY|O_CLOEXEC) = 3
[pid 185425] 14:15:42.256923 openat(AT_FDCWD, "/home/dikluwe/.local/share/fonts/VictorMono/VictorMonoNerdFont-MediumItalic.ttf", O_RDONLY|O_CLOEXEC) = 3
[pid 185425] 14:15:42.257290 openat(AT_FDCWD, "/home/dikluwe/.local/share/fonts/VictorMono/VictorMonoNerdFont-Italic.ttf", O_RDONLY|O_CLOEXEC) = 3
[pid 185425] 14:15:42.257655 openat(AT_FDCWD, "/home/dikluwe/.local/share/fonts/VictorMono/VictorMonoNerdFontPropo-Italic.ttf", O_RDONLY|O_CLOEXEC) = 3
[pid 185425] 14:15:42.258032 openat(AT_FDCWD, "/home/dikluwe/.local/share/fonts/VictorMono/VictorMonoNerdFontMono-Italic.ttf", O_RDONLY|O_CLOEXEC) = 3
[pid 185425] 14:15:42.258397 openat(AT_FDCWD, "/home/dikluwe/.local/share/fonts/VictorMono/VictorMonoNerdFont-MediumOblique.ttf", O_RDONLY|O_CLOEXEC) = 3
[pid 185425] 14:15:42.258759 openat(AT_FDCWD, "/home/dikluwe/.local/share/fonts/VictorMono/VictorMonoNerdFontMono-MediumOblique.ttf", O_RDONLY|O_CLOEXEC) = 3
[pid 185425] 14:15:42.259137 openat(AT_FDCWD, "/home/dikluwe/.local/share/fonts/VictorMono/VictorMonoNerdFontPropo-MediumOblique.ttf", O_RDONLY|O_CLOEXEC) = 3
[pid 185425] 14:15:42.259512 openat(AT_FDCWD, "/home/dikluwe/.local/share/fonts/VictorMono/VictorMonoNerdFontMono-ThinItalic.ttf", O_RDONLY|O_CLOEXEC) = 3
[pid 185425] 14:15:42.259877 openat(AT_FDCWD, "/home/dikluwe/.local/share/fonts/VictorMono/VictorMonoNerdFontPropo-ThinItalic.ttf", O_RDONLY|O_CLOEXEC) = 3
[pid 185425] 14:15:42.260247 openat(AT_FDCWD, "/home/dikluwe/.local/share/fonts/VictorMono/VictorMonoNerdFont-ThinItalic.ttf", O_RDONLY|O_CLOEXEC) = 3
[pid 185425] 14:15:42.260610 openat(AT_FDCWD, "/home/dikluwe/.local/share/fonts/VictorMono/VictorMonoNerdFont-BoldItalic.ttf", O_RDONLY|O_CLOEXEC) = 3
[pid 185425] 14:15:42.260981 openat(AT_FDCWD, "/home/dikluwe/.local/share/fonts/VictorMono/VictorMonoNerdFontMono-BoldItalic.ttf", O_RDONLY|O_CLOEXEC) = 3
[pid 185425] 14:15:42.261345 openat(AT_FDCWD, "/home/dikluwe/.local/share/fonts/VictorMono/VictorMonoNerdFontPropo-BoldItalic.ttf", O_RDONLY|O_CLOEXEC) = 3
[pid 185425] 14:15:42.261724 openat(AT_FDCWD, "/home/dikluwe/.local/share/fonts/VictorMono/VictorMonoNerdFontMono-BoldOblique.ttf", O_RDONLY|O_CLOEXEC) = 3
[pid 185425] 14:15:42.262113 openat(AT_FDCWD, "/home/dikluwe/.local/share/fonts/VictorMono/VictorMonoNerdFontPropo-BoldOblique.ttf", O_RDONLY|O_CLOEXEC) = 3
[pid 185425] 14:15:42.262504 openat(AT_FDCWD, "/home/dikluwe/.local/share/fonts/VictorMono/VictorMonoNerdFont-BoldOblique.ttf", O_RDONLY|O_CLOEXEC) = 3
[pid 185425] 14:15:42.262876 openat(AT_FDCWD, "/home/dikluwe/.local/share/fonts/VictorMono/VictorMonoNerdFontMono-ExtraLightOblique.ttf", O_RDONLY|O_CLOEXEC) = 3
[pid 185425] 14:15:42.263252 openat(AT_FDCWD, "/home/dikluwe/.local/share/fonts/VictorMono/VictorMonoNerdFontPropo-ExtraLightOblique.ttf", O_RDONLY|O_CLOEXEC) = 3
[pid 185425] 14:15:42.263640 openat(AT_FDCWD, "/home/dikluwe/.local/share/fonts/VictorMono/VictorMonoNerdFont-ExtraLightOblique.ttf", O_RDONLY|O_CLOEXEC) = 3
[pid 185425] 14:15:42.264052 openat(AT_FDCWD, "/home/dikluwe/.local/share/fonts/VictorMono/VictorMonoNerdFontMono-Regular.ttf", O_RDONLY|O_CLOEXEC) = 3
[pid 185425] 14:15:42.264421 openat(AT_FDCWD, "/home/dikluwe/.local/share/fonts/VictorMono/VictorMonoNerdFont-Regular.ttf", O_RDONLY|O_CLOEXEC) = 3
[pid 185425] 14:15:42.264793 openat(AT_FDCWD, "/home/dikluwe/.local/share/fonts/VictorMono/VictorMonoNerdFontPropo-Regular.ttf", O_RDONLY|O_CLOEXEC) = 3
[pid 185425] 14:15:42.265173 openat(AT_FDCWD, "/home/dikluwe/.local/share/fonts/VictorMono/VictorMonoNerdFont-ThinOblique.ttf", O_RDONLY|O_CLOEXEC) = 3
[pid 185425] 14:15:42.265558 openat(AT_FDCWD, "/home/dikluwe/.local/share/fonts/VictorMono/VictorMonoNerdFontMono-ThinOblique.ttf", O_RDONLY|O_CLOEXEC) = 3
[pid 185425] 14:15:42.265949 openat(AT_FDCWD, "/home/dikluwe/.local/share/fonts/VictorMono/VictorMonoNerdFontPropo-ThinOblique.ttf", O_RDONLY|O_CLOEXEC) = 3
[pid 185425] 14:15:42.266321 openat(AT_FDCWD, "/home/dikluwe/.local/share/fonts/VictorMono/VictorMonoNerdFontMono-SemiBoldItalic.ttf", O_RDONLY|O_CLOEXEC) = 3
[pid 185425] 14:15:42.266687 openat(AT_FDCWD, "/home/dikluwe/.local/share/fonts/VictorMono/VictorMonoNerdFontPropo-SemiBoldItalic.ttf", O_RDONLY|O_CLOEXEC) = 3
[pid 185425] 14:15:42.267055 openat(AT_FDCWD, "/home/dikluwe/.local/share/fonts/VictorMono/VictorMonoNerdFont-SemiBoldItalic.ttf", O_RDONLY|O_CLOEXEC) = 3
[pid 185425] 14:15:42.267420 openat(AT_FDCWD, "/home/dikluwe/.local/share/fonts/VictorMono/VictorMonoNerdFontMono-Oblique.ttf", O_RDONLY|O_CLOEXEC) = 3
[pid 185425] 14:15:42.267781 openat(AT_FDCWD, "/home/dikluwe/.local/share/fonts/VictorMono/VictorMonoNerdFontPropo-Oblique.ttf", O_RDONLY|O_CLOEXEC) = 3
[pid 185425] 14:15:42.268155 openat(AT_FDCWD, "/home/dikluwe/.local/share/fonts/VictorMono/VictorMonoNerdFont-Oblique.ttf", O_RDONLY|O_CLOEXEC) = 3
[pid 185425] 14:15:42.268534 openat(AT_FDCWD, "/home/dikluwe/.local/share/fonts/VictorMono/VictorMonoNerdFontMono-Thin.ttf", O_RDONLY|O_CLOEXEC) = 3
[pid 185425] 14:15:42.268942 openat(AT_FDCWD, "/home/dikluwe/.local/share/fonts/VictorMono/VictorMonoNerdFont-Thin.ttf", O_RDONLY|O_CLOEXEC) = 3
[pid 185425] 14:15:42.269328 openat(AT_FDCWD, "/home/dikluwe/.local/share/fonts/VictorMono/VictorMonoNerdFontPropo-Thin.ttf", O_RDONLY|O_CLOEXEC) = 3
[pid 185425] 14:15:42.269711 openat(AT_FDCWD, "/home/dikluwe/.local/share/fonts/VictorMono/VictorMonoNerdFontPropo-ExtraLight.ttf", O_RDONLY|O_CLOEXEC) = 3
[pid 185425] 14:15:42.270097 openat(AT_FDCWD, "/home/dikluwe/.local/share/fonts/VictorMono/VictorMonoNerdFontMono-ExtraLight.ttf", O_RDONLY|O_CLOEXEC) = 3
[pid 185425] 14:15:42.270482 openat(AT_FDCWD, "/home/dikluwe/.local/share/fonts/VictorMono/VictorMonoNerdFont-ExtraLight.ttf", O_RDONLY|O_CLOEXEC) = 3
[pid 185425] 14:15:42.270861 openat(AT_FDCWD, "/home/dikluwe/.local/share/fonts/VictorMono/VictorMonoNerdFontMono-LightOblique.ttf", O_RDONLY|O_CLOEXEC) = 3
[pid 185425] 14:15:42.271363 openat(AT_FDCWD, "/home/dikluwe/.local/share/fonts/VictorMono/VictorMonoNerdFontPropo-LightOblique.ttf", O_RDONLY|O_CLOEXEC) = 3
[pid 185425] 14:15:42.271810 openat(AT_FDCWD, "/home/dikluwe/.local/share/fonts/VictorMono/VictorMonoNerdFont-LightOblique.ttf", O_RDONLY|O_CLOEXEC) = 3
[pid 185425] 14:15:42.272291 openat(AT_FDCWD, "/home/dikluwe/.local/share/fonts/VictorMono/VictorMonoNerdFont-Medium.ttf", O_RDONLY|O_CLOEXEC) = 3
[pid 185425] 14:15:42.272734 openat(AT_FDCWD, "/home/dikluwe/.local/share/fonts/VictorMono/VictorMonoNerdFontMono-Medium.ttf", O_RDONLY|O_CLOEXEC) = 3
[pid 185425] 14:15:42.273173 openat(AT_FDCWD, "/home/dikluwe/.local/share/fonts/VictorMono/VictorMonoNerdFontPropo-Medium.ttf", O_RDONLY|O_CLOEXEC) = 3
[pid 185425] 14:15:42.273549 openat(AT_FDCWD, "/home/dikluwe/.local/share/fonts/VictorMono/VictorMonoNerdFontMono-Bold.ttf", O_RDONLY|O_CLOEXEC) = 3
[pid 185425] 14:15:42.273946 openat(AT_FDCWD, "/home/dikluwe/.local/share/fonts/VictorMono/VictorMonoNerdFontPropo-Bold.ttf", O_RDONLY|O_CLOEXEC) = 3
[pid 185425] 14:15:42.274342 openat(AT_FDCWD, "/home/dikluwe/.local/share/fonts/VictorMono/VictorMonoNerdFont-Bold.ttf", O_RDONLY|O_CLOEXEC) = 3
[pid 185425] 14:15:42.274709 openat(AT_FDCWD, "/home/dikluwe/.local/share/fonts/VictorMono/VictorMonoNerdFontPropo-Light.ttf", O_RDONLY|O_CLOEXEC) = 3
[pid 185425] 14:15:42.275081 openat(AT_FDCWD, "/home/dikluwe/.local/share/fonts/VictorMono/VictorMonoNerdFont-Light.ttf", O_RDONLY|O_CLOEXEC) = 3
[pid 185425] 14:15:42.275451 openat(AT_FDCWD, "/home/dikluwe/.local/share/fonts/VictorMono/VictorMonoNerdFontMono-Light.ttf", O_RDONLY|O_CLOEXEC) = 3
[pid 185425] 14:15:42.275814 openat(AT_FDCWD, "/home/dikluwe/.local/share/fonts/VictorMono/VictorMonoNerdFontMono-SemiBold.ttf", O_RDONLY|O_CLOEXEC) = 3
[pid 185425] 14:15:42.276184 openat(AT_FDCWD, "/home/dikluwe/.local/share/fonts/VictorMono/VictorMonoNerdFontPropo-SemiBold.ttf", O_RDONLY|O_CLOEXEC) = 3
[pid 185425] 14:15:42.276544 openat(AT_FDCWD, "/home/dikluwe/.local/share/fonts/VictorMono/VictorMonoNerdFont-SemiBold.ttf", O_RDONLY|O_CLOEXEC) = 3
[pid 185425] 14:15:42.276904 openat(AT_FDCWD, "/home/dikluwe/.local/share/fonts/ZedMono/ZedMonoNerdFontMono-ExtendedBold.ttf", O_RDONLY|O_CLOEXEC) = 3
[pid 185425] 14:15:42.277384 openat(AT_FDCWD, "/home/dikluwe/.local/share/fonts/ZedMono/ZedMonoNerdFontPropo-ExtendedMedium.ttf", O_RDONLY|O_CLOEXEC) = 3
[pid 185425] 14:15:42.277831 openat(AT_FDCWD, "/home/dikluwe/.local/share/fonts/ZedMono/ZedMonoNerdFontMono-ExtendedLight.ttf", O_RDONLY|O_CLOEXEC) = 3
[pid 185425] 14:15:42.278303 openat(AT_FDCWD, "/home/dikluwe/.local/share/fonts/ZedMono/ZedMonoNerdFontMono-ExtendedMediumOblique.ttf", O_RDONLY|O_CLOEXEC) = 3
[pid 185425] 14:15:42.278757 openat(AT_FDCWD, "/home/dikluwe/.local/share/fonts/ZedMono/ZedMonoNerdFontPropo-ExtendedItalic.ttf", O_RDONLY|O_CLOEXEC) = 3
[pid 185425] 14:15:42.279218 openat(AT_FDCWD, "/home/dikluwe/.local/share/fonts/ZedMono/ZedMonoNerdFontPropo-ExtendedBold.ttf", O_RDONLY|O_CLOEXEC) = 3
[pid 185425] 14:15:42.279669 openat(AT_FDCWD, "/home/dikluwe/.local/share/fonts/ZedMono/ZedMonoNerdFontPropo-Extended.ttf", O_RDONLY|O_CLOEXEC) = 3
[pid 185425] 14:15:42.280144 openat(AT_FDCWD, "/home/dikluwe/.local/share/fonts/ZedMono/ZedMonoNerdFontMono-ExtendedExtraBoldOblique.ttf", O_RDONLY|O_CLOEXEC) = 3
[pid 185425] 14:15:42.280713 openat(AT_FDCWD, "/home/dikluwe/.local/share/fonts/ZedMono/ZedMonoNerdFontPropo-ExtendedExtraBoldOblique.ttf", O_RDONLY|O_CLOEXEC) = 3
[pid 185425] 14:15:42.281248 openat(AT_FDCWD, "/home/dikluwe/.local/share/fonts/ZedMono/ZedMonoNerdFont-ExtendedExtraBold.ttf", O_RDONLY|O_CLOEXEC) = 3
[pid 185425] 14:15:42.281702 openat(AT_FDCWD, "/home/dikluwe/.local/share/fonts/ZedMono/ZedMonoNerdFontPropo-ExtendedExtraBoldItalic.ttf", O_RDONLY|O_CLOEXEC) = 3
[pid 185425] 14:15:42.282221 openat(AT_FDCWD, "/home/dikluwe/.local/share/fonts/ZedMono/ZedMonoNerdFontMono-ExtendedExtraBold.ttf", O_RDONLY|O_CLOEXEC) = 3
[pid 185425] 14:15:42.282700 openat(AT_FDCWD, "/home/dikluwe/.local/share/fonts/ZedMono/ZedMonoNerdFont-ExtendedMediumItalic.ttf", O_RDONLY|O_CLOEXEC) = 3
[pid 185425] 14:15:42.283163 openat(AT_FDCWD, "/home/dikluwe/.local/share/fonts/ZedMono/ZedMonoNerdFontMono-ExtendedBoldOblique.ttf", O_RDONLY|O_CLOEXEC) = 3
[pid 185425] 14:15:42.283614 openat(AT_FDCWD, "/home/dikluwe/.local/share/fonts/ZedMono/ZedMonoNerdFontMono-ExtendedMedium.ttf", O_RDONLY|O_CLOEXEC) = 3
[pid 185425] 14:15:42.284070 openat(AT_FDCWD, "/home/dikluwe/.local/share/fonts/ZedMono/ZedMonoNerdFontPropo-ExtendedMediumOblique.ttf", O_RDONLY|O_CLOEXEC) = 3
[pid 185425] 14:15:42.284532 openat(AT_FDCWD, "/home/dikluwe/.local/share/fonts/ZedMono/ZedMonoNerdFont-Extended.ttf", O_RDONLY|O_CLOEXEC) = 3
[pid 185425] 14:15:42.285010 openat(AT_FDCWD, "/home/dikluwe/.local/share/fonts/ZedMono/ZedMonoNerdFontPropo-ExtendedBoldItalic.ttf", O_RDONLY|O_CLOEXEC) = 3
[pid 185425] 14:15:42.285475 openat(AT_FDCWD, "/home/dikluwe/.local/share/fonts/ZedMono/ZedMonoNerdFont-ExtendedOblique.ttf", O_RDONLY|O_CLOEXEC) = 3
[pid 185425] 14:15:42.285993 openat(AT_FDCWD, "/home/dikluwe/.local/share/fonts/ZedMono/ZedMonoNerdFont-ExtendedMedium.ttf", O_RDONLY|O_CLOEXEC) = 3
[pid 185425] 14:15:42.286507 openat(AT_FDCWD, "/home/dikluwe/.local/share/fonts/ZedMono/ZedMonoNerdFontPropo-ExtendedBoldOblique.ttf", O_RDONLY|O_CLOEXEC) = 3
[pid 185425] 14:15:42.287025 openat(AT_FDCWD, "/home/dikluwe/.local/share/fonts/ZedMono/ZedMonoNerdFontMono-ExtendedOblique.ttf", O_RDONLY|O_CLOEXEC) = 3
[pid 185425] 14:15:42.287511 openat(AT_FDCWD, "/home/dikluwe/.local/share/fonts/ZedMono/ZedMonoNerdFontPropo-ExtendedLightItalic.ttf", O_RDONLY|O_CLOEXEC) = 3
[pid 185425] 14:15:42.288011 openat(AT_FDCWD, "/home/dikluwe/.local/share/fonts/ZedMono/ZedMonoNerdFontPropo-ExtendedMediumItalic.ttf", O_RDONLY|O_CLOEXEC) = 3
[pid 185425] 14:15:42.288525 openat(AT_FDCWD, "/home/dikluwe/.local/share/fonts/ZedMono/ZedMonoNerdFontMono-ExtendedBoldItalic.ttf", O_RDONLY|O_CLOEXEC) = 3
[pid 185425] 14:15:42.289112 openat(AT_FDCWD, "/home/dikluwe/.local/share/fonts/ZedMono/ZedMonoNerdFont-ExtendedBold.ttf", O_RDONLY|O_CLOEXEC) = 3
[pid 185425] 14:15:42.289656 openat(AT_FDCWD, "/home/dikluwe/.local/share/fonts/ZedMono/ZedMonoNerdFontMono-ExtendedMediumItalic.ttf", O_RDONLY|O_CLOEXEC) = 3
[pid 185425] 14:15:42.290179 openat(AT_FDCWD, "/home/dikluwe/.local/share/fonts/ZedMono/ZedMonoNerdFontPropo-ExtendedExtraBold.ttf", O_RDONLY|O_CLOEXEC) = 3
[pid 185425] 14:15:42.290729 openat(AT_FDCWD, "/home/dikluwe/.local/share/fonts/ZedMono/ZedMonoNerdFontMono-Extended.ttf", O_RDONLY|O_CLOEXEC) = 3
[pid 185425] 14:15:42.291283 openat(AT_FDCWD, "/home/dikluwe/.local/share/fonts/ZedMono/ZedMonoNerdFont-ExtendedExtraBoldOblique.ttf", O_RDONLY|O_CLOEXEC) = 3
[pid 185425] 14:15:42.291807 openat(AT_FDCWD, "/home/dikluwe/.local/share/fonts/ZedMono/ZedMonoNerdFont-ExtendedMediumOblique.ttf", O_RDONLY|O_CLOEXEC) = 3
[pid 185425] 14:15:42.292334 openat(AT_FDCWD, "/home/dikluwe/.local/share/fonts/ZedMono/ZedMonoNerdFont-ExtendedItalic.ttf", O_RDONLY|O_CLOEXEC) = 3
[pid 185425] 14:15:42.292830 openat(AT_FDCWD, "/home/dikluwe/.local/share/fonts/ZedMono/ZedMonoNerdFontMono-ExtendedLightOblique.ttf", O_RDONLY|O_CLOEXEC) = 3
[pid 185425] 14:15:42.293455 openat(AT_FDCWD, "/home/dikluwe/.local/share/fonts/ZedMono/ZedMonoNerdFontMono-ExtendedItalic.ttf", O_RDONLY|O_CLOEXEC) = 3
[pid 185425] 14:15:42.294077 openat(AT_FDCWD, "/home/dikluwe/.local/share/fonts/ZedMono/ZedMonoNerdFontPropo-ExtendedLight.ttf", O_RDONLY|O_CLOEXEC) = 3
[pid 185425] 14:15:42.294589 openat(AT_FDCWD, "/home/dikluwe/.local/share/fonts/ZedMono/ZedMonoNerdFont-ExtendedBoldItalic.ttf", O_RDONLY|O_CLOEXEC) = 3
[pid 185425] 14:15:42.295106 openat(AT_FDCWD, "/home/dikluwe/.local/share/fonts/ZedMono/ZedMonoNerdFont-ExtendedExtraBoldItalic.ttf", O_RDONLY|O_CLOEXEC) = 3
[pid 185425] 14:15:42.295614 openat(AT_FDCWD, "/home/dikluwe/.local/share/fonts/ZedMono/ZedMonoNerdFont-ExtendedLightItalic.ttf", O_RDONLY|O_CLOEXEC) = 3
[pid 185425] 14:15:42.296112 openat(AT_FDCWD, "/home/dikluwe/.local/share/fonts/ZedMono/ZedMonoNerdFontMono-ExtendedExtraBoldItalic.ttf", O_RDONLY|O_CLOEXEC) = 3
[pid 185425] 14:15:42.296561 openat(AT_FDCWD, "/home/dikluwe/.local/share/fonts/ZedMono/ZedMonoNerdFontMono-ExtendedLightItalic.ttf", O_RDONLY|O_CLOEXEC) = 3
[pid 185425] 14:15:42.297015 openat(AT_FDCWD, "/home/dikluwe/.local/share/fonts/ZedMono/ZedMonoNerdFont-ExtendedLightOblique.ttf", O_RDONLY|O_CLOEXEC) = 3
[pid 185425] 14:15:42.297467 openat(AT_FDCWD, "/home/dikluwe/.local/share/fonts/ZedMono/ZedMonoNerdFontPropo-ExtendedLightOblique.ttf", O_RDONLY|O_CLOEXEC) = 3
[pid 185425] 14:15:42.297938 openat(AT_FDCWD, "/home/dikluwe/.local/share/fonts/ZedMono/ZedMonoNerdFont-ExtendedLight.ttf", O_RDONLY|O_CLOEXEC) = 3
[pid 185425] 14:15:42.298385 openat(AT_FDCWD, "/home/dikluwe/.local/share/fonts/ZedMono/ZedMonoNerdFont-ExtendedBoldOblique.ttf", O_RDONLY|O_CLOEXEC) = 3
[pid 185425] 14:15:42.298839 openat(AT_FDCWD, "/home/dikluwe/.local/share/fonts/ZedMono/ZedMonoNerdFontPropo-ExtendedOblique.ttf", O_RDONLY|O_CLOEXEC) = 3
[pid 185425] 14:15:42.299292 openat(AT_FDCWD, "/home/dikluwe/.local/share/fonts/ZedMono/ZedMonoNerdFontMono-Italic.ttf", O_RDONLY|O_CLOEXEC) = 3
[pid 185425] 14:15:42.299763 openat(AT_FDCWD, "/home/dikluwe/.local/share/fonts/ZedMono/ZedMonoNerdFontPropo-Oblique.ttf", O_RDONLY|O_CLOEXEC) = 3
[pid 185425] 14:15:42.300234 openat(AT_FDCWD, "/home/dikluwe/.local/share/fonts/ZedMono/ZedMonoNerdFont-BoldOblique.ttf", O_RDONLY|O_CLOEXEC) = 3
[pid 185425] 14:15:42.300689 openat(AT_FDCWD, "/home/dikluwe/.local/share/fonts/ZedMono/ZedMonoNerdFontPropo-Regular.ttf", O_RDONLY|O_CLOEXEC) = 3
[pid 185425] 14:15:42.301141 openat(AT_FDCWD, "/home/dikluwe/.local/share/fonts/ZedMono/ZedMonoNerdFontMono-Bold.ttf", O_RDONLY|O_CLOEXEC) = 3
[pid 185425] 14:15:42.301586 openat(AT_FDCWD, "/home/dikluwe/.local/share/fonts/ZedMono/ZedMonoNerdFont-BoldItalic.ttf", O_RDONLY|O_CLOEXEC) = 3
[pid 185425] 14:15:42.302038 openat(AT_FDCWD, "/home/dikluwe/.local/share/fonts/ZedMono/ZedMonoNerdFont-Regular.ttf", O_RDONLY|O_CLOEXEC) = 3
[pid 185425] 14:15:42.302488 openat(AT_FDCWD, "/home/dikluwe/.local/share/fonts/ZedMono/ZedMonoNerdFontMono-Light.ttf", O_RDONLY|O_CLOEXEC) = 3
[pid 185425] 14:15:42.302948 openat(AT_FDCWD, "/home/dikluwe/.local/share/fonts/ZedMono/ZedMonoNerdFont-LightOblique.ttf", O_RDONLY|O_CLOEXEC) = 3
[pid 185425] 14:15:42.303409 openat(AT_FDCWD, "/home/dikluwe/.local/share/fonts/ZedMono/ZedMonoNerdFont-ExtraBold.ttf", O_RDONLY|O_CLOEXEC) = 3
[pid 185425] 14:15:42.303869 openat(AT_FDCWD, "/home/dikluwe/.local/share/fonts/ZedMono/ZedMonoNerdFontMono-BoldItalic.ttf", O_RDONLY|O_CLOEXEC) = 3
[pid 185425] 14:15:42.304328 openat(AT_FDCWD, "/home/dikluwe/.local/share/fonts/ZedMono/ZedMonoNerdFontPropo-LightItalic.ttf", O_RDONLY|O_CLOEXEC) = 3
[pid 185425] 14:15:42.304776 openat(AT_FDCWD, "/home/dikluwe/.local/share/fonts/ZedMono/ZedMonoNerdFont-Medium.ttf", O_RDONLY|O_CLOEXEC) = 3
[pid 185425] 14:15:42.305230 openat(AT_FDCWD, "/home/dikluwe/.local/share/fonts/ZedMono/ZedMonoNerdFontPropo-ExtraBold.ttf", O_RDONLY|O_CLOEXEC) = 3
[pid 185425] 14:15:42.305679 openat(AT_FDCWD, "/home/dikluwe/.local/share/fonts/ZedMono/ZedMonoNerdFont-Oblique.ttf", O_RDONLY|O_CLOEXEC) = 3
[pid 185425] 14:15:42.306139 openat(AT_FDCWD, "/home/dikluwe/.local/share/fonts/ZedMono/ZedMonoNerdFontPropo-ExtraBoldItalic.ttf", O_RDONLY|O_CLOEXEC) = 3
[pid 185425] 14:15:42.306597 openat(AT_FDCWD, "/home/dikluwe/.local/share/fonts/ZedMono/ZedMonoNerdFontMono-ExtraBoldItalic.ttf", O_RDONLY|O_CLOEXEC) = 3
[pid 185425] 14:15:42.307073 openat(AT_FDCWD, "/home/dikluwe/.local/share/fonts/ZedMono/ZedMonoNerdFont-Italic.ttf", O_RDONLY|O_CLOEXEC) = 3
[pid 185425] 14:15:42.307525 openat(AT_FDCWD, "/home/dikluwe/.local/share/fonts/ZedMono/ZedMonoNerdFontPropo-Italic.ttf", O_RDONLY|O_CLOEXEC) = 3
[pid 185425] 14:15:42.307980 openat(AT_FDCWD, "/home/dikluwe/.local/share/fonts/ZedMono/ZedMonoNerdFontMono-LightOblique.ttf", O_RDONLY|O_CLOEXEC) = 3
[pid 185425] 14:15:42.308427 openat(AT_FDCWD, "/home/dikluwe/.local/share/fonts/ZedMono/ZedMonoNerdFont-ExtraBoldItalic.ttf", O_RDONLY|O_CLOEXEC) = 3
[pid 185425] 14:15:42.308888 openat(AT_FDCWD, "/home/dikluwe/.local/share/fonts/ZedMono/ZedMonoNerdFontMono-MediumItalic.ttf", O_RDONLY|O_CLOEXEC) = 3
[pid 185425] 14:15:42.309342 openat(AT_FDCWD, "/home/dikluwe/.local/share/fonts/ZedMono/ZedMonoNerdFontPropo-Light.ttf", O_RDONLY|O_CLOEXEC) = 3
[pid 185425] 14:15:42.309789 openat(AT_FDCWD, "/home/dikluwe/.local/share/fonts/ZedMono/ZedMonoNerdFont-LightItalic.ttf", O_RDONLY|O_CLOEXEC) = 3
[pid 185425] 14:15:42.310263 openat(AT_FDCWD, "/home/dikluwe/.local/share/fonts/ZedMono/ZedMonoNerdFontPropo-BoldOblique.ttf", O_RDONLY|O_CLOEXEC) = 3
[pid 185425] 14:15:42.310745 openat(AT_FDCWD, "/home/dikluwe/.local/share/fonts/ZedMono/ZedMonoNerdFont-MediumOblique.ttf", O_RDONLY|O_CLOEXEC) = 3
[pid 185425] 14:15:42.311245 openat(AT_FDCWD, "/home/dikluwe/.local/share/fonts/ZedMono/ZedMonoNerdFontPropo-Bold.ttf", O_RDONLY|O_CLOEXEC) = 3
[pid 185425] 14:15:42.311721 openat(AT_FDCWD, "/home/dikluwe/.local/share/fonts/ZedMono/ZedMonoNerdFontMono-Regular.ttf", O_RDONLY|O_CLOEXEC) = 3
[pid 185425] 14:15:42.312213 openat(AT_FDCWD, "/home/dikluwe/.local/share/fonts/ZedMono/ZedMonoNerdFont-ExtraBoldOblique.ttf", O_RDONLY|O_CLOEXEC) = 3
[pid 185425] 14:15:42.312696 openat(AT_FDCWD, "/home/dikluwe/.local/share/fonts/ZedMono/ZedMonoNerdFontMono-ExtraBoldOblique.ttf", O_RDONLY|O_CLOEXEC) = 3
[pid 185425] 14:15:42.313174 openat(AT_FDCWD, "/home/dikluwe/.local/share/fonts/ZedMono/ZedMonoNerdFont-Bold.ttf", O_RDONLY|O_CLOEXEC) = 3
[pid 185425] 14:15:42.313652 openat(AT_FDCWD, "/home/dikluwe/.local/share/fonts/ZedMono/ZedMonoNerdFontPropo-BoldItalic.ttf", O_RDONLY|O_CLOEXEC) = 3
[pid 185425] 14:15:42.314139 openat(AT_FDCWD, "/home/dikluwe/.local/share/fonts/ZedMono/ZedMonoNerdFontPropo-Medium.ttf", O_RDONLY|O_CLOEXEC) = 3
[pid 185425] 14:15:42.314614 openat(AT_FDCWD, "/home/dikluwe/.local/share/fonts/ZedMono/ZedMonoNerdFont-Light.ttf", O_RDONLY|O_CLOEXEC) = 3
[pid 185425] 14:15:42.315090 openat(AT_FDCWD, "/home/dikluwe/.local/share/fonts/ZedMono/ZedMonoNerdFontPropo-ExtraBoldOblique.ttf", O_RDONLY|O_CLOEXEC) = 3
[pid 185425] 14:15:42.315563 openat(AT_FDCWD, "/home/dikluwe/.local/share/fonts/ZedMono/ZedMonoNerdFontPropo-MediumItalic.ttf", O_RDONLY|O_CLOEXEC) = 3
[pid 185425] 14:15:42.316044 openat(AT_FDCWD, "/home/dikluwe/.local/share/fonts/ZedMono/ZedMonoNerdFontMono-ExtraBold.ttf", O_RDONLY|O_CLOEXEC) = 3
[pid 185425] 14:15:42.316512 openat(AT_FDCWD, "/home/dikluwe/.local/share/fonts/ZedMono/ZedMonoNerdFont-MediumItalic.ttf", O_RDONLY|O_CLOEXEC) = 3
[pid 185425] 14:15:42.316992 openat(AT_FDCWD, "/home/dikluwe/.local/share/fonts/ZedMono/ZedMonoNerdFontMono-MediumOblique.ttf", O_RDONLY|O_CLOEXEC) = 3
[pid 185425] 14:15:42.317461 openat(AT_FDCWD, "/home/dikluwe/.local/share/fonts/ZedMono/ZedMonoNerdFontPropo-MediumOblique.ttf", O_RDONLY|O_CLOEXEC) = 3
[pid 185425] 14:15:42.317940 openat(AT_FDCWD, "/home/dikluwe/.local/share/fonts/ZedMono/ZedMonoNerdFontPropo-LightOblique.ttf", O_RDONLY|O_CLOEXEC) = 3
[pid 185425] 14:15:42.318415 openat(AT_FDCWD, "/home/dikluwe/.local/share/fonts/ZedMono/ZedMonoNerdFontMono-Oblique.ttf", O_RDONLY|O_CLOEXEC) = 3
[pid 185425] 14:15:42.318884 openat(AT_FDCWD, "/home/dikluwe/.local/share/fonts/ZedMono/ZedMonoNerdFontMono-Medium.ttf", O_RDONLY|O_CLOEXEC) = 3
[pid 185425] 14:15:42.319365 openat(AT_FDCWD, "/home/dikluwe/.local/share/fonts/ZedMono/ZedMonoNerdFontMono-BoldOblique.ttf", O_RDONLY|O_CLOEXEC) = 3
[pid 185425] 14:15:42.319852 openat(AT_FDCWD, "/home/dikluwe/.local/share/fonts/ZedMono/ZedMonoNerdFontMono-LightItalic.ttf", O_RDONLY|O_CLOEXEC) = 3
[pid 185425] 14:15:42.320302 openat(AT_FDCWD, "/home/dikluwe/.local/share/fonts/Tinos/TinosNerdFont-Italic.ttf", O_RDONLY|O_CLOEXEC) = 3
[pid 185425] 14:15:42.320697 openat(AT_FDCWD, "/home/dikluwe/.local/share/fonts/Tinos/TinosNerdFontPropo-Italic.ttf", O_RDONLY|O_CLOEXEC) = 3
[pid 185425] 14:15:42.321093 openat(AT_FDCWD, "/home/dikluwe/.local/share/fonts/Tinos/TinosNerdFontPropo-BoldItalic.ttf", O_RDONLY|O_CLOEXEC) = 3
[pid 185425] 14:15:42.321485 openat(AT_FDCWD, "/home/dikluwe/.local/share/fonts/Tinos/TinosNerdFont-BoldItalic.ttf", O_RDONLY|O_CLOEXEC) = 3
[pid 185425] 14:15:42.321883 openat(AT_FDCWD, "/home/dikluwe/.local/share/fonts/Tinos/TinosNerdFontPropo-Regular.ttf", O_RDONLY|O_CLOEXEC) = 3
[pid 185425] 14:15:42.322285 openat(AT_FDCWD, "/home/dikluwe/.local/share/fonts/Tinos/TinosNerdFont-Regular.ttf", O_RDONLY|O_CLOEXEC) = 3
[pid 185425] 14:15:42.322683 openat(AT_FDCWD, "/home/dikluwe/.local/share/fonts/Tinos/TinosNerdFont-Bold.ttf", O_RDONLY|O_CLOEXEC) = 3
[pid 185425] 14:15:42.323088 openat(AT_FDCWD, "/home/dikluwe/.local/share/fonts/Tinos/TinosNerdFontPropo-Bold.ttf", O_RDONLY|O_CLOEXEC) = 3
[pid 185425] 14:15:42.323490 openat(AT_FDCWD, "/home/dikluwe/.local/share/fonts/Ubuntu/UbuntuNerdFont-LightItalic.ttf", O_RDONLY|O_CLOEXEC) = 3
[pid 185425] 14:15:42.323852 openat(AT_FDCWD, "/home/dikluwe/.local/share/fonts/Ubuntu/UbuntuNerdFontPropo-LightItalic.ttf", O_RDONLY|O_CLOEXEC) = 3
[pid 185425] 14:15:42.324219 openat(AT_FDCWD, "/home/dikluwe/.local/share/fonts/Ubuntu/UbuntuNerdFontPropo-MediumItalic.ttf", O_RDONLY|O_CLOEXEC) = 3
[pid 185425] 14:15:42.324599 openat(AT_FDCWD, "/home/dikluwe/.local/share/fonts/Ubuntu/UbuntuNerdFont-MediumItalic.ttf", O_RDONLY|O_CLOEXEC) = 3
[pid 185425] 14:15:42.324986 openat(AT_FDCWD, "/home/dikluwe/.local/share/fonts/Ubuntu/UbuntuNerdFontPropo-BoldItalic.ttf", O_RDONLY|O_CLOEXEC) = 3
[pid 185425] 14:15:42.325359 openat(AT_FDCWD, "/home/dikluwe/.local/share/fonts/Ubuntu/UbuntuNerdFont-BoldItalic.ttf", O_RDONLY|O_CLOEXEC) = 3
[pid 185425] 14:15:42.325736 openat(AT_FDCWD, "/home/dikluwe/.local/share/fonts/Ubuntu/UbuntuNerdFontPropo-Italic.ttf", O_RDONLY|O_CLOEXEC) = 3
[pid 185425] 14:15:42.326141 openat(AT_FDCWD, "/home/dikluwe/.local/share/fonts/Ubuntu/UbuntuNerdFont-Italic.ttf", O_RDONLY|O_CLOEXEC) = 3
[pid 185425] 14:15:42.326502 openat(AT_FDCWD, "/home/dikluwe/.local/share/fonts/Ubuntu/UbuntuNerdFont-Regular.ttf", O_RDONLY|O_CLOEXEC) = 3
[pid 185425] 14:15:42.326862 openat(AT_FDCWD, "/home/dikluwe/.local/share/fonts/Ubuntu/UbuntuNerdFontPropo-Regular.ttf", O_RDONLY|O_CLOEXEC) = 3
[pid 185425] 14:15:42.327253 openat(AT_FDCWD, "/home/dikluwe/.local/share/fonts/Ubuntu/UbuntuNerdFontPropo-Condensed.ttf", O_RDONLY|O_CLOEXEC) = 3
[pid 185425] 14:15:42.327646 openat(AT_FDCWD, "/home/dikluwe/.local/share/fonts/Ubuntu/UbuntuNerdFont-Condensed.ttf", O_RDONLY|O_CLOEXEC) = 3
[pid 185425] 14:15:42.328048 openat(AT_FDCWD, "/home/dikluwe/.local/share/fonts/Ubuntu/UbuntuNerdFont-Medium.ttf", O_RDONLY|O_CLOEXEC) = 3
[pid 185425] 14:15:42.328437 openat(AT_FDCWD, "/home/dikluwe/.local/share/fonts/Ubuntu/UbuntuNerdFontPropo-Medium.ttf", O_RDONLY|O_CLOEXEC) = 3
[pid 185425] 14:15:42.328833 openat(AT_FDCWD, "/home/dikluwe/.local/share/fonts/Ubuntu/UbuntuNerdFontPropo-Bold.ttf", O_RDONLY|O_CLOEXEC) = 3
[pid 185425] 14:15:42.329217 openat(AT_FDCWD, "/home/dikluwe/.local/share/fonts/Ubuntu/UbuntuNerdFont-Bold.ttf", O_RDONLY|O_CLOEXEC) = 3
[pid 185425] 14:15:42.329583 openat(AT_FDCWD, "/home/dikluwe/.local/share/fonts/Ubuntu/UbuntuNerdFont-Light.ttf", O_RDONLY|O_CLOEXEC) = 3
[pid 185425] 14:15:42.329959 openat(AT_FDCWD, "/home/dikluwe/.local/share/fonts/Ubuntu/UbuntuNerdFontPropo-Light.ttf", O_RDONLY|O_CLOEXEC) = 3
[pid 185425] 14:15:42.330331 openat(AT_FDCWD, "/home/dikluwe/.local/share/fonts/DejaVuSansMono/DejaVuSansMNerdFontPropo-Oblique.ttf", O_RDONLY|O_CLOEXEC) = 3
[pid 185425] 14:15:42.330824 openat(AT_FDCWD, "/home/dikluwe/.local/share/fonts/DejaVuSansMono/DejaVuSansMNerdFont-Oblique.ttf", O_RDONLY|O_CLOEXEC) = 3
[pid 185425] 14:15:42.331270 openat(AT_FDCWD, "/home/dikluwe/.local/share/fonts/DejaVuSansMono/DejaVuSansMNerdFontMono-Oblique.ttf", O_RDONLY|O_CLOEXEC) = 3
[pid 185425] 14:15:42.331702 openat(AT_FDCWD, "/home/dikluwe/.local/share/fonts/DejaVuSansMono/DejaVuSansMNerdFontPropo-BoldOblique.ttf", O_RDONLY|O_CLOEXEC) = 3
[pid 185425] 14:15:42.332159 openat(AT_FDCWD, "/home/dikluwe/.local/share/fonts/DejaVuSansMono/DejaVuSansMNerdFontMono-BoldOblique.ttf", O_RDONLY|O_CLOEXEC) = 3
[pid 185425] 14:15:42.332606 openat(AT_FDCWD, "/home/dikluwe/.local/share/fonts/DejaVuSansMono/DejaVuSansMNerdFont-BoldOblique.ttf", O_RDONLY|O_CLOEXEC) = 3
[pid 185425] 14:15:42.333052 openat(AT_FDCWD, "/home/dikluwe/.local/share/fonts/DejaVuSansMono/DejaVuSansMNerdFontPropo-Regular.ttf", O_RDONLY|O_CLOEXEC) = 3
[pid 185425] 14:15:42.333511 openat(AT_FDCWD, "/home/dikluwe/.local/share/fonts/DejaVuSansMono/DejaVuSansMNerdFont-Regular.ttf", O_RDONLY|O_CLOEXEC) = 3
[pid 185425] 14:15:42.333971 openat(AT_FDCWD, "/home/dikluwe/.local/share/fonts/DejaVuSansMono/DejaVuSansMNerdFontMono-Regular.ttf", O_RDONLY|O_CLOEXEC) = 3
[pid 185425] 14:15:42.334420 openat(AT_FDCWD, "/home/dikluwe/.local/share/fonts/DejaVuSansMono/DejaVuSansMNerdFont-Bold.ttf", O_RDONLY|O_CLOEXEC) = 3
[pid 185425] 14:15:42.334867 openat(AT_FDCWD, "/home/dikluwe/.local/share/fonts/DejaVuSansMono/DejaVuSansMNerdFontPropo-Bold.ttf", O_RDONLY|O_CLOEXEC) = 3
[pid 185425] 14:15:42.335322 openat(AT_FDCWD, "/home/dikluwe/.local/share/fonts/DejaVuSansMono/DejaVuSansMNerdFontMono-Bold.ttf", O_RDONLY|O_CLOEXEC) = 3
[pid 185425] 14:15:42.335770 openat(AT_FDCWD, "/usr/share/texmf/fonts/opentype/public/lm/lmmono10-italic.otf", O_RDONLY|O_CLOEXEC) = 3
[pid 185425] 14:15:42.335987 openat(AT_FDCWD, "/usr/share/texmf/fonts/opentype/public/lm/lmmono10-regular.otf", O_RDONLY|O_CLOEXEC) = 3
[pid 185425] 14:15:42.336170 openat(AT_FDCWD, "/usr/share/texmf/fonts/opentype/public/lm/lmmono12-regular.otf", O_RDONLY|O_CLOEXEC) = 3
[pid 185425] 14:15:42.336349 openat(AT_FDCWD, "/usr/share/texmf/fonts/opentype/public/lm/lmmono8-regular.otf", O_RDONLY|O_CLOEXEC) = 3
[pid 185425] 14:15:42.336536 openat(AT_FDCWD, "/usr/share/texmf/fonts/opentype/public/lm/lmmono9-regular.otf", O_RDONLY|O_CLOEXEC) = 3
[pid 185425] 14:15:42.336712 openat(AT_FDCWD, "/usr/share/texmf/fonts/opentype/public/lm/lmmonocaps10-oblique.otf", O_RDONLY|O_CLOEXEC) = 3
[pid 185425] 14:15:42.336892 openat(AT_FDCWD, "/usr/share/texmf/fonts/opentype/public/lm/lmmonocaps10-regular.otf", O_RDONLY|O_CLOEXEC) = 3
[pid 185425] 14:15:42.337079 openat(AT_FDCWD, "/usr/share/texmf/fonts/opentype/public/lm/lmmonolt10-bold.otf", O_RDONLY|O_CLOEXEC) = 3
[pid 185425] 14:15:42.337257 openat(AT_FDCWD, "/usr/share/texmf/fonts/opentype/public/lm/lmmonolt10-boldoblique.otf", O_RDONLY|O_CLOEXEC) = 3
[pid 185425] 14:15:42.337435 openat(AT_FDCWD, "/usr/share/texmf/fonts/opentype/public/lm/lmmonolt10-oblique.otf", O_RDONLY|O_CLOEXEC) = 3
[pid 185425] 14:15:42.337614 openat(AT_FDCWD, "/usr/share/texmf/fonts/opentype/public/lm/lmmonolt10-regular.otf", O_RDONLY|O_CLOEXEC) = 3
[pid 185425] 14:15:42.337790 openat(AT_FDCWD, "/usr/share/texmf/fonts/opentype/public/lm/lmmonoltcond10-oblique.otf", O_RDONLY|O_CLOEXEC) = 3
[pid 185425] 14:15:42.337978 openat(AT_FDCWD, "/usr/share/texmf/fonts/opentype/public/lm/lmmonoltcond10-regular.otf", O_RDONLY|O_CLOEXEC) = 3
[pid 185425] 14:15:42.338158 openat(AT_FDCWD, "/usr/share/texmf/fonts/opentype/public/lm/lmmonoprop10-oblique.otf", O_RDONLY|O_CLOEXEC) = 3
[pid 185425] 14:15:42.338340 openat(AT_FDCWD, "/usr/share/texmf/fonts/opentype/public/lm/lmmonoprop10-regular.otf", O_RDONLY|O_CLOEXEC) = 3
[pid 185425] 14:15:42.338521 openat(AT_FDCWD, "/usr/share/texmf/fonts/opentype/public/lm/lmmonoproplt10-bold.otf", O_RDONLY|O_CLOEXEC) = 3
[pid 185425] 14:15:42.338702 openat(AT_FDCWD, "/usr/share/texmf/fonts/opentype/public/lm/lmmonoproplt10-boldoblique.otf", O_RDONLY|O_CLOEXEC) = 3
[pid 185425] 14:15:42.338893 openat(AT_FDCWD, "/usr/share/texmf/fonts/opentype/public/lm/lmmonoproplt10-oblique.otf", O_RDONLY|O_CLOEXEC) = 3
[pid 185425] 14:15:42.339081 openat(AT_FDCWD, "/usr/share/texmf/fonts/opentype/public/lm/lmmonoproplt10-regular.otf", O_RDONLY|O_CLOEXEC) = 3
[pid 185425] 14:15:42.339264 openat(AT_FDCWD, "/usr/share/texmf/fonts/opentype/public/lm/lmmonoslant10-regular.otf", O_RDONLY|O_CLOEXEC) = 3
[pid 185425] 14:15:42.339443 openat(AT_FDCWD, "/usr/share/texmf/fonts/opentype/public/lm/lmroman10-bold.otf", O_RDONLY|O_CLOEXEC) = 3
[pid 185425] 14:15:42.339623 openat(AT_FDCWD, "/usr/share/texmf/fonts/opentype/public/lm/lmroman10-bolditalic.otf", O_RDONLY|O_CLOEXEC) = 3
[pid 185425] 14:15:42.339805 openat(AT_FDCWD, "/usr/share/texmf/fonts/opentype/public/lm/lmroman10-italic.otf", O_RDONLY|O_CLOEXEC) = 3
[pid 185425] 14:15:42.339989 openat(AT_FDCWD, "/usr/share/texmf/fonts/opentype/public/lm/lmroman10-regular.otf", O_RDONLY|O_CLOEXEC) = 3
[pid 185425] 14:15:42.340184 openat(AT_FDCWD, "/usr/share/texmf/fonts/opentype/public/lm/lmroman12-bold.otf", O_RDONLY|O_CLOEXEC) = 3
[pid 185425] 14:15:42.340366 openat(AT_FDCWD, "/usr/share/texmf/fonts/opentype/public/lm/lmroman12-italic.otf", O_RDONLY|O_CLOEXEC) = 3
[pid 185425] 14:15:42.340549 openat(AT_FDCWD, "/usr/share/texmf/fonts/opentype/public/lm/lmroman12-regular.otf", O_RDONLY|O_CLOEXEC) = 3
[pid 185425] 14:15:42.340732 openat(AT_FDCWD, "/usr/share/texmf/fonts/opentype/public/lm/lmroman17-regular.otf", O_RDONLY|O_CLOEXEC) = 3
[pid 185425] 14:15:42.340929 openat(AT_FDCWD, "/usr/share/texmf/fonts/opentype/public/lm/lmroman5-bold.otf", O_RDONLY|O_CLOEXEC) = 3
[pid 185425] 14:15:42.341112 openat(AT_FDCWD, "/usr/share/texmf/fonts/opentype/public/lm/lmroman5-regular.otf", O_RDONLY|O_CLOEXEC) = 3
[pid 185425] 14:15:42.341292 openat(AT_FDCWD, "/usr/share/texmf/fonts/opentype/public/lm/lmroman6-bold.otf", O_RDONLY|O_CLOEXEC) = 3
[pid 185425] 14:15:42.341486 openat(AT_FDCWD, "/usr/share/texmf/fonts/opentype/public/lm/lmroman6-regular.otf", O_RDONLY|O_CLOEXEC) = 3
[pid 185425] 14:15:42.341666 openat(AT_FDCWD, "/usr/share/texmf/fonts/opentype/public/lm/lmroman7-bold.otf", O_RDONLY|O_CLOEXEC) = 3
[pid 185425] 14:15:42.341852 openat(AT_FDCWD, "/usr/share/texmf/fonts/opentype/public/lm/lmroman7-italic.otf", O_RDONLY|O_CLOEXEC) = 3
[pid 185425] 14:15:42.342055 openat(AT_FDCWD, "/usr/share/texmf/fonts/opentype/public/lm/lmroman7-regular.otf", O_RDONLY|O_CLOEXEC) = 3
[pid 185425] 14:15:42.342238 openat(AT_FDCWD, "/usr/share/texmf/fonts/opentype/public/lm/lmroman8-bold.otf", O_RDONLY|O_CLOEXEC) = 3
[pid 185425] 14:15:42.342422 openat(AT_FDCWD, "/usr/share/texmf/fonts/opentype/public/lm/lmroman8-italic.otf", O_RDONLY|O_CLOEXEC) = 3
[pid 185425] 14:15:42.342602 openat(AT_FDCWD, "/usr/share/texmf/fonts/opentype/public/lm/lmroman8-regular.otf", O_RDONLY|O_CLOEXEC) = 3
[pid 185425] 14:15:42.342785 openat(AT_FDCWD, "/usr/share/texmf/fonts/opentype/public/lm/lmroman9-bold.otf", O_RDONLY|O_CLOEXEC) = 3
[pid 185425] 14:15:42.342974 openat(AT_FDCWD, "/usr/share/texmf/fonts/opentype/public/lm/lmroman9-italic.otf", O_RDONLY|O_CLOEXEC) = 3
[pid 185425] 14:15:42.343160 openat(AT_FDCWD, "/usr/share/texmf/fonts/opentype/public/lm/lmroman9-regular.otf", O_RDONLY|O_CLOEXEC) = 3
[pid 185425] 14:15:42.343381 openat(AT_FDCWD, "/usr/share/texmf/fonts/opentype/public/lm/lmromancaps10-oblique.otf", O_RDONLY|O_CLOEXEC) = 3
[pid 185425] 14:15:42.343646 openat(AT_FDCWD, "/usr/share/texmf/fonts/opentype/public/lm/lmromancaps10-regular.otf", O_RDONLY|O_CLOEXEC) = 3
[pid 185425] 14:15:42.343863 openat(AT_FDCWD, "/usr/share/texmf/fonts/opentype/public/lm/lmromandemi10-oblique.otf", O_RDONLY|O_CLOEXEC) = 3
[pid 185425] 14:15:42.344064 openat(AT_FDCWD, "/usr/share/texmf/fonts/opentype/public/lm/lmromandemi10-regular.otf", O_RDONLY|O_CLOEXEC) = 3
[pid 185425] 14:15:42.344248 openat(AT_FDCWD, "/usr/share/texmf/fonts/opentype/public/lm/lmromandunh10-oblique.otf", O_RDONLY|O_CLOEXEC) = 3
[pid 185425] 14:15:42.344410 openat(AT_FDCWD, "/usr/share/texmf/fonts/opentype/public/lm/lmromandunh10-regular.otf", O_RDONLY|O_CLOEXEC) = 3
[pid 185425] 14:15:42.344571 openat(AT_FDCWD, "/usr/share/texmf/fonts/opentype/public/lm/lmromanslant10-bold.otf", O_RDONLY|O_CLOEXEC) = 3
[pid 185425] 14:15:42.344733 openat(AT_FDCWD, "/usr/share/texmf/fonts/opentype/public/lm/lmromanslant10-regular.otf", O_RDONLY|O_CLOEXEC) = 3
[pid 185425] 14:15:42.344895 openat(AT_FDCWD, "/usr/share/texmf/fonts/opentype/public/lm/lmromanslant12-regular.otf", O_RDONLY|O_CLOEXEC) = 3
[pid 185425] 14:15:42.345071 openat(AT_FDCWD, "/usr/share/texmf/fonts/opentype/public/lm/lmromanslant17-regular.otf", O_RDONLY|O_CLOEXEC) = 3
[pid 185425] 14:15:42.345238 openat(AT_FDCWD, "/usr/share/texmf/fonts/opentype/public/lm/lmromanslant8-regular.otf", O_RDONLY|O_CLOEXEC) = 3
[pid 185425] 14:15:42.345401 openat(AT_FDCWD, "/usr/share/texmf/fonts/opentype/public/lm/lmromanslant9-regular.otf", O_RDONLY|O_CLOEXEC) = 3
[pid 185425] 14:15:42.345561 openat(AT_FDCWD, "/usr/share/texmf/fonts/opentype/public/lm/lmromanunsl10-regular.otf", O_RDONLY|O_CLOEXEC) = 3
[pid 185425] 14:15:42.345724 openat(AT_FDCWD, "/usr/share/texmf/fonts/opentype/public/lm/lmsans10-bold.otf", O_RDONLY|O_CLOEXEC) = 3
[pid 185425] 14:15:42.345884 openat(AT_FDCWD, "/usr/share/texmf/fonts/opentype/public/lm/lmsans10-boldoblique.otf", O_RDONLY|O_CLOEXEC) = 3
[pid 185425] 14:15:42.346058 openat(AT_FDCWD, "/usr/share/texmf/fonts/opentype/public/lm/lmsans10-oblique.otf", O_RDONLY|O_CLOEXEC) = 3
[pid 185425] 14:15:42.346219 openat(AT_FDCWD, "/usr/share/texmf/fonts/opentype/public/lm/lmsans10-regular.otf", O_RDONLY|O_CLOEXEC) = 3
[pid 185425] 14:15:42.346375 openat(AT_FDCWD, "/usr/share/texmf/fonts/opentype/public/lm/lmsans12-oblique.otf", O_RDONLY|O_CLOEXEC) = 3
[pid 185425] 14:15:42.346533 openat(AT_FDCWD, "/usr/share/texmf/fonts/opentype/public/lm/lmsans12-regular.otf", O_RDONLY|O_CLOEXEC) = 3
[pid 185425] 14:15:42.346689 openat(AT_FDCWD, "/usr/share/texmf/fonts/opentype/public/lm/lmsans17-oblique.otf", O_RDONLY|O_CLOEXEC) = 3
[pid 185425] 14:15:42.346865 openat(AT_FDCWD, "/usr/share/texmf/fonts/opentype/public/lm/lmsans17-regular.otf", O_RDONLY|O_CLOEXEC) = 3
[pid 185425] 14:15:42.347029 openat(AT_FDCWD, "/usr/share/texmf/fonts/opentype/public/lm/lmsans8-oblique.otf", O_RDONLY|O_CLOEXEC) = 3
[pid 185425] 14:15:42.347185 openat(AT_FDCWD, "/usr/share/texmf/fonts/opentype/public/lm/lmsans8-regular.otf", O_RDONLY|O_CLOEXEC) = 3
[pid 185425] 14:15:42.347342 openat(AT_FDCWD, "/usr/share/texmf/fonts/opentype/public/lm/lmsans9-oblique.otf", O_RDONLY|O_CLOEXEC) = 3
[pid 185425] 14:15:42.347498 openat(AT_FDCWD, "/usr/share/texmf/fonts/opentype/public/lm/lmsans9-regular.otf", O_RDONLY|O_CLOEXEC) = 3
[pid 185425] 14:15:42.347655 openat(AT_FDCWD, "/usr/share/texmf/fonts/opentype/public/lm/lmsansdemicond10-oblique.otf", O_RDONLY|O_CLOEXEC) = 3
[pid 185425] 14:15:42.347819 openat(AT_FDCWD, "/usr/share/texmf/fonts/opentype/public/lm/lmsansdemicond10-regular.otf", O_RDONLY|O_CLOEXEC) = 3
[pid 185425] 14:15:42.347987 openat(AT_FDCWD, "/usr/share/texmf/fonts/opentype/public/lm/lmsansquot8-bold.otf", O_RDONLY|O_CLOEXEC) = 3
[pid 185425] 14:15:42.348149 openat(AT_FDCWD, "/usr/share/texmf/fonts/opentype/public/lm/lmsansquot8-boldoblique.otf", O_RDONLY|O_CLOEXEC) = 3
[pid 185425] 14:15:42.348312 openat(AT_FDCWD, "/usr/share/texmf/fonts/opentype/public/lm/lmsansquot8-oblique.otf", O_RDONLY|O_CLOEXEC) = 3
[pid 185425] 14:15:42.348473 openat(AT_FDCWD, "/usr/share/texmf/fonts/opentype/public/lm/lmsansquot8-regular.otf", O_RDONLY|O_CLOEXEC) = 3
[pid 185425] 14:15:42.348633 openat(AT_FDCWD, "/usr/share/texmf/fonts/opentype/public/lm-math/latinmodern-math.otf", O_RDONLY|O_CLOEXEC) = 3
[pid 185425] 14:15:42.348838 openat(AT_FDCWD, "/usr/share/texmf/fonts/opentype/public/tex-gyre/texgyreadventor-bold.otf", O_RDONLY|O_CLOEXEC) = 3
[pid 185425] 14:15:42.349010 openat(AT_FDCWD, "/usr/share/texmf/fonts/opentype/public/tex-gyre/texgyreadventor-bolditalic.otf", O_RDONLY|O_CLOEXEC) = 3
[pid 185425] 14:15:42.349173 openat(AT_FDCWD, "/usr/share/texmf/fonts/opentype/public/tex-gyre/texgyreadventor-italic.otf", O_RDONLY|O_CLOEXEC) = 3
[pid 185425] 14:15:42.349335 openat(AT_FDCWD, "/usr/share/texmf/fonts/opentype/public/tex-gyre/texgyreadventor-regular.otf", O_RDONLY|O_CLOEXEC) = 3
[pid 185425] 14:15:42.349494 openat(AT_FDCWD, "/usr/share/texmf/fonts/opentype/public/tex-gyre/texgyrebonum-bold.otf", O_RDONLY|O_CLOEXEC) = 3
[pid 185425] 14:15:42.349673 openat(AT_FDCWD, "/usr/share/texmf/fonts/opentype/public/tex-gyre/texgyrebonum-bolditalic.otf", O_RDONLY|O_CLOEXEC) = 3
[pid 185425] 14:15:42.349835 openat(AT_FDCWD, "/usr/share/texmf/fonts/opentype/public/tex-gyre/texgyrebonum-italic.otf", O_RDONLY|O_CLOEXEC) = 3
[pid 185425] 14:15:42.350004 openat(AT_FDCWD, "/usr/share/texmf/fonts/opentype/public/tex-gyre/texgyrebonum-regular.otf", O_RDONLY|O_CLOEXEC) = 3
[pid 185425] 14:15:42.350167 openat(AT_FDCWD, "/usr/share/texmf/fonts/opentype/public/tex-gyre/texgyrechorus-mediumitalic.otf", O_RDONLY|O_CLOEXEC) = 3
[pid 185425] 14:15:42.350325 openat(AT_FDCWD, "/usr/share/texmf/fonts/opentype/public/tex-gyre/texgyrecursor-bold.otf", O_RDONLY|O_CLOEXEC) = 3
[pid 185425] 14:15:42.350486 openat(AT_FDCWD, "/usr/share/texmf/fonts/opentype/public/tex-gyre/texgyrecursor-bolditalic.otf", O_RDONLY|O_CLOEXEC) = 3
[pid 185425] 14:15:42.350647 openat(AT_FDCWD, "/usr/share/texmf/fonts/opentype/public/tex-gyre/texgyrecursor-italic.otf", O_RDONLY|O_CLOEXEC) = 3
[pid 185425] 14:15:42.350808 openat(AT_FDCWD, "/usr/share/texmf/fonts/opentype/public/tex-gyre/texgyrecursor-regular.otf", O_RDONLY|O_CLOEXEC) = 3
[pid 185425] 14:15:42.350980 openat(AT_FDCWD, "/usr/share/texmf/fonts/opentype/public/tex-gyre/texgyreheros-bold.otf", O_RDONLY|O_CLOEXEC) = 3
[pid 185425] 14:15:42.351145 openat(AT_FDCWD, "/usr/share/texmf/fonts/opentype/public/tex-gyre/texgyreheros-bolditalic.otf", O_RDONLY|O_CLOEXEC) = 3
[pid 185425] 14:15:42.351306 openat(AT_FDCWD, "/usr/share/texmf/fonts/opentype/public/tex-gyre/texgyreheros-italic.otf", O_RDONLY|O_CLOEXEC) = 3
[pid 185425] 14:15:42.351485 openat(AT_FDCWD, "/usr/share/texmf/fonts/opentype/public/tex-gyre/texgyreheros-regular.otf", O_RDONLY|O_CLOEXEC) = 3
[pid 185425] 14:15:42.351647 openat(AT_FDCWD, "/usr/share/texmf/fonts/opentype/public/tex-gyre/texgyreheroscn-bold.otf", O_RDONLY|O_CLOEXEC) = 3
[pid 185425] 14:15:42.351810 openat(AT_FDCWD, "/usr/share/texmf/fonts/opentype/public/tex-gyre/texgyreheroscn-bolditalic.otf", O_RDONLY|O_CLOEXEC) = 3
[pid 185425] 14:15:42.351987 openat(AT_FDCWD, "/usr/share/texmf/fonts/opentype/public/tex-gyre/texgyreheroscn-italic.otf", O_RDONLY|O_CLOEXEC) = 3
[pid 185425] 14:15:42.352152 openat(AT_FDCWD, "/usr/share/texmf/fonts/opentype/public/tex-gyre/texgyreheroscn-regular.otf", O_RDONLY|O_CLOEXEC) = 3
[pid 185425] 14:15:42.352313 openat(AT_FDCWD, "/usr/share/texmf/fonts/opentype/public/tex-gyre/texgyrepagella-bold.otf", O_RDONLY|O_CLOEXEC) = 3
[pid 185425] 14:15:42.352478 openat(AT_FDCWD, "/usr/share/texmf/fonts/opentype/public/tex-gyre/texgyrepagella-bolditalic.otf", O_RDONLY|O_CLOEXEC) = 3
[pid 185425] 14:15:42.352642 openat(AT_FDCWD, "/usr/share/texmf/fonts/opentype/public/tex-gyre/texgyrepagella-italic.otf", O_RDONLY|O_CLOEXEC) = 3
[pid 185425] 14:15:42.352808 openat(AT_FDCWD, "/usr/share/texmf/fonts/opentype/public/tex-gyre/texgyrepagella-regular.otf", O_RDONLY|O_CLOEXEC) = 3
[pid 185425] 14:15:42.352998 openat(AT_FDCWD, "/usr/share/texmf/fonts/opentype/public/tex-gyre/texgyreschola-bold.otf", O_RDONLY|O_CLOEXEC) = 3
[pid 185425] 14:15:42.353166 openat(AT_FDCWD, "/usr/share/texmf/fonts/opentype/public/tex-gyre/texgyreschola-bolditalic.otf", O_RDONLY|O_CLOEXEC) = 3
[pid 185425] 14:15:42.353336 openat(AT_FDCWD, "/usr/share/texmf/fonts/opentype/public/tex-gyre/texgyreschola-italic.otf", O_RDONLY|O_CLOEXEC) = 3
[pid 185425] 14:15:42.353502 openat(AT_FDCWD, "/usr/share/texmf/fonts/opentype/public/tex-gyre/texgyreschola-regular.otf", O_RDONLY|O_CLOEXEC) = 3
[pid 185425] 14:15:42.353674 openat(AT_FDCWD, "/usr/share/texmf/fonts/opentype/public/tex-gyre/texgyretermes-bold.otf", O_RDONLY|O_CLOEXEC) = 3
[pid 185425] 14:15:42.353847 openat(AT_FDCWD, "/usr/share/texmf/fonts/opentype/public/tex-gyre/texgyretermes-bolditalic.otf", O_RDONLY|O_CLOEXEC) = 3
[pid 185425] 14:15:42.354014 openat(AT_FDCWD, "/usr/share/texmf/fonts/opentype/public/tex-gyre/texgyretermes-italic.otf", O_RDONLY|O_CLOEXEC) = 3
[pid 185425] 14:15:42.354178 openat(AT_FDCWD, "/usr/share/texmf/fonts/opentype/public/tex-gyre/texgyretermes-regular.otf", O_RDONLY|O_CLOEXEC) = 3
[pid 185425] 14:15:42.354339 openat(AT_FDCWD, "/usr/share/texmf/fonts/opentype/public/tex-gyre-math/texgyrebonum-math.otf", O_RDONLY|O_CLOEXEC) = 3
[pid 185425] 14:15:42.354545 openat(AT_FDCWD, "/usr/share/texmf/fonts/opentype/public/tex-gyre-math/texgyredejavu-math.otf", O_RDONLY|O_CLOEXEC) = 3
[pid 185425] 14:15:42.354751 openat(AT_FDCWD, "/usr/share/texmf/fonts/opentype/public/tex-gyre-math/texgyrepagella-math.otf", O_RDONLY|O_CLOEXEC) = 3
[pid 185425] 14:15:42.354964 openat(AT_FDCWD, "/usr/share/texmf/fonts/opentype/public/tex-gyre-math/texgyreschola-math.otf", O_RDONLY|O_CLOEXEC) = 3
[pid 185425] 14:15:42.355172 openat(AT_FDCWD, "/usr/share/texmf/fonts/opentype/public/tex-gyre-math/texgyretermes-math.otf", O_RDONLY|O_CLOEXEC) = 3
[pid 185425] 14:15:42.358381 openat(AT_FDCWD, "/etc/localtime", O_RDONLY|O_CLOEXEC) = 3
[pid 185425] 14:15:42.359534 openat(AT_FDCWD, "/dev/null", O_WRONLY|O_CREAT|O_TRUNC|O_CLOEXEC, 0666) = 3
[pid 185441] 14:15:42.360058 +++ exited with 0 +++
[pid 185440] 14:15:42.360081 +++ exited with 0 +++
[pid 185439] 14:15:42.360097 +++ exited with 0 +++
[pid 185438] 14:15:42.360113 +++ exited with 0 +++
[pid 185437] 14:15:42.360129 +++ exited with 0 +++
[pid 185436] 14:15:42.360145 +++ exited with 0 +++
[pid 185435] 14:15:42.360160 +++ exited with 0 +++
[pid 185434] 14:15:42.360176 +++ exited with 0 +++
[pid 185433] 14:15:42.360191 +++ exited with 0 +++
[pid 185432] 14:15:42.360207 +++ exited with 0 +++
[pid 185431] 14:15:42.360223 +++ exited with 0 +++
[pid 185430] 14:15:42.360238 +++ exited with 0 +++
[pid 185429] 14:15:42.360254 +++ exited with 0 +++
[pid 185428] 14:15:42.360283 +++ exited with 0 +++
[pid 185426] 14:15:42.360303 +++ exited with 0 +++
[pid 185427] 14:15:42.361855 +++ exited with 0 +++
14:15:42.361878 +++ exited with 0 +++
