14:15:49.909907 openat(AT_FDCWD, "/etc/ld.so.cache", O_RDONLY|O_CLOEXEC) = 3
14:15:49.910110 openat(AT_FDCWD, "/lib/x86_64-linux-gnu/libssl.so.3", O_RDONLY|O_CLOEXEC) = 3
14:15:49.910333 openat(AT_FDCWD, "/lib/x86_64-linux-gnu/libcrypto.so.3", O_RDONLY|O_CLOEXEC) = 3
14:15:49.910578 openat(AT_FDCWD, "/lib/x86_64-linux-gnu/libgcc_s.so.1", O_RDONLY|O_CLOEXEC) = 3
14:15:49.910794 openat(AT_FDCWD, "/lib/x86_64-linux-gnu/libm.so.6", O_RDONLY|O_CLOEXEC) = 3
14:15:49.911016 openat(AT_FDCWD, "/lib/x86_64-linux-gnu/libc.so.6", O_RDONLY|O_CLOEXEC) = 3
14:15:49.913730 openat(AT_FDCWD, "/proc/self/maps", O_RDONLY|O_CLOEXEC) = 3
14:15:49.915457 openat(AT_FDCWD, "/home/dikluwe/Documentos/Antigravity/typst-crystalline/tools/perf/corpus/p923/utf8-emoji.typ", O_RDONLY|O_CLOEXEC) = 3
14:15:49.916267 openat(AT_FDCWD, "/proc/self/cgroup", O_RDONLY|O_CLOEXEC) = 3
14:15:49.916466 openat(AT_FDCWD, "/sys/fs/cgroup/user.slice/user-1000.slice/user@1000.service/app.slice/app-ghostty-surface-transient-14134.scope/cpu.max", O_RDONLY|O_CLOEXEC) = -1 ENOENT (Arquivo ou diretório inexistente)
14:15:49.916612 openat(AT_FDCWD, "/sys/fs/cgroup/user.slice/user-1000.slice/user@1000.service/app.slice/cpu.max", O_RDONLY|O_CLOEXEC) = 3
14:15:49.916779 openat(AT_FDCWD, "/sys/fs/cgroup/user.slice/user-1000.slice/user@1000.service/cpu.max", O_RDONLY|O_CLOEXEC) = 3
14:15:49.916948 openat(AT_FDCWD, "/sys/fs/cgroup/user.slice/user-1000.slice/cpu.max", O_RDONLY|O_CLOEXEC) = 3
14:15:49.917140 openat(AT_FDCWD, "/sys/fs/cgroup/user.slice/cpu.max", O_RDONLY|O_CLOEXEC) = 3
14:15:49.917314 openat(AT_FDCWD, "/sys/fs/cgroup/cpu.max", O_RDONLY|O_CLOEXEC) = -1 ENOENT (Arquivo ou diretório inexistente)
strace: Process 185591 attached
strace: Process 185592 attached
strace: Process 185593 attached
strace: Process 185594 attached
strace: Process 185595 attached
strace: Process 185596 attached
strace: Process 185597 attached
strace: Process 185598 attached
strace: Process 185599 attached
[pid 185599] 14:15:49.919380 openat(AT_FDCWD, "/sys/devices/system/cpu/online", O_RDONLY|O_CLOEXEC) = 3
strace: Process 185600 attached
strace: Process 185601 attached
strace: Process 185602 attached
strace: Process 185603 attached
strace: Process 185604 attached
strace: Process 185605 attached
strace: Process 185606 attached
[pid 185590] 14:15:49.921679 openat(AT_FDCWD, "/etc/fonts/fonts.conf", O_RDONLY|O_CLOEXEC) = 3
[pid 185590] 14:15:49.921934 openat(AT_FDCWD, "/etc/fonts/conf.d", O_RDONLY|O_NONBLOCK|O_CLOEXEC|O_DIRECTORY) = 3
[pid 185590] 14:15:49.922170 openat(AT_FDCWD, "/etc/fonts/conf.d/README", O_RDONLY|O_CLOEXEC) = 3
[pid 185590] 14:15:49.922490 openat(AT_FDCWD, "/etc/fonts/conf.d/71-ubuntulegacy.conf", O_RDONLY|O_CLOEXEC) = 3
[pid 185590] 14:15:49.922809 openat(AT_FDCWD, "/etc/fonts/conf.d/90-synthetic.conf", O_RDONLY|O_CLOEXEC) = 3
[pid 185590] 14:15:49.923160 openat(AT_FDCWD, "/etc/fonts/conf.d/61-urw-standard-symbols-ps.conf", O_RDONLY|O_CLOEXEC) = 3
[pid 185590] 14:15:49.923480 openat(AT_FDCWD, "/etc/fonts/conf.d/70-no-bitmaps-except-emoji.conf", O_RDONLY|O_CLOEXEC) = 3
[pid 185590] 14:15:49.923829 openat(AT_FDCWD, "/etc/fonts/conf.d/80-delicious.conf", O_RDONLY|O_CLOEXEC) = 3
[pid 185590] 14:15:49.924207 openat(AT_FDCWD, "/etc/fonts/conf.d/61-urw-d050000l.conf", O_RDONLY|O_CLOEXEC) = 3
[pid 185590] 14:15:49.924580 openat(AT_FDCWD, "/etc/fonts/conf.d/61-urw-nimbus-mono-ps.conf", O_RDONLY|O_CLOEXEC) = 3
[pid 185590] 14:15:49.924915 openat(AT_FDCWD, "/etc/fonts/conf.d/61-urw-p052.conf", O_RDONLY|O_CLOEXEC) = 3
[pid 185590] 14:15:49.925235 openat(AT_FDCWD, "/etc/fonts/conf.d/65-nonlatin.conf", O_RDONLY|O_CLOEXEC) = 3
[pid 185590] 14:15:49.925676 openat(AT_FDCWD, "/etc/fonts/conf.d/70-fonts-noto-cjk.conf", O_RDONLY|O_CLOEXEC) = 3
[pid 185590] 14:15:49.925991 openat(AT_FDCWD, "/etc/fonts/conf.d/65-fonts-lmodern.conf", O_RDONLY|O_CLOEXEC) = 3
[pid 185590] 14:15:49.926281 openat(AT_FDCWD, "/etc/fonts/conf.d/65-fonts-texgyre.conf", O_RDONLY|O_CLOEXEC) = 3
[pid 185590] 14:15:49.926617 openat(AT_FDCWD, "/etc/fonts/conf.d/61-urw-bookman.conf", O_RDONLY|O_CLOEXEC) = 3
[pid 185590] 14:15:49.926941 openat(AT_FDCWD, "/etc/fonts/conf.d/61-urw-c059.conf", O_RDONLY|O_CLOEXEC) = 3
[pid 185590] 14:15:49.927280 openat(AT_FDCWD, "/etc/fonts/conf.d/61-urw-fallback-generics.conf", O_RDONLY|O_CLOEXEC) = 3
[pid 185590] 14:15:49.927596 openat(AT_FDCWD, "/etc/fonts/conf.d/61-urw-gothic.conf", O_RDONLY|O_CLOEXEC) = 3
[pid 185590] 14:15:49.927906 openat(AT_FDCWD, "/etc/fonts/conf.d/61-urw-nimbus-sans.conf", O_RDONLY|O_CLOEXEC) = 3
[pid 185590] 14:15:49.928329 openat(AT_FDCWD, "/etc/fonts/conf.d/50-user.conf", O_RDONLY|O_CLOEXEC) = 3
[pid 185590] 14:15:49.928711 openat(AT_FDCWD, "/etc/fonts/conf.d/65-droid-sans-fallback.conf", O_RDONLY|O_CLOEXEC) = 3
[pid 185590] 14:15:49.929054 openat(AT_FDCWD, "/etc/fonts/conf.d/65-fonts-persian.conf", O_RDONLY|O_CLOEXEC) = 3
[pid 185590] 14:15:49.929547 openat(AT_FDCWD, "/etc/fonts/conf.d/69-unifont.conf", O_RDONLY|O_CLOEXEC) = 3
[pid 185590] 14:15:49.929824 openat(AT_FDCWD, "/etc/fonts/conf.d/57-dejavu-serif.conf", O_RDONLY|O_CLOEXEC) = 3
[pid 185590] 14:15:49.930095 openat(AT_FDCWD, "/etc/fonts/conf.d/58-dejavu-lgc-sans-mono.conf", O_RDONLY|O_CLOEXEC) = 3
[pid 185590] 14:15:49.930384 openat(AT_FDCWD, "/etc/fonts/conf.d/58-dejavu-lgc-sans.conf", O_RDONLY|O_CLOEXEC) = 3
[pid 185590] 14:15:49.930651 openat(AT_FDCWD, "/etc/fonts/conf.d/65-fonts-texgyre-math.conf", O_RDONLY|O_CLOEXEC) = 3
[pid 185590] 14:15:49.930964 openat(AT_FDCWD, "/etc/fonts/conf.d/60-generic.conf", O_RDONLY|O_CLOEXEC) = 3
[pid 185590] 14:15:49.931302 openat(AT_FDCWD, "/etc/fonts/conf.d/60-latin.conf", O_RDONLY|O_CLOEXEC) = 3
[pid 185590] 14:15:49.931630 openat(AT_FDCWD, "/etc/fonts/conf.d/40-nonlatin.conf", O_RDONLY|O_CLOEXEC) = 3
[pid 185590] 14:15:49.932103 openat(AT_FDCWD, "/etc/fonts/conf.d/20-unhint-small-dejavu-lgc-sans.conf", O_RDONLY|O_CLOEXEC) = 3
[pid 185590] 14:15:49.932430 openat(AT_FDCWD, "/etc/fonts/conf.d/45-generic.conf", O_RDONLY|O_CLOEXEC) = 3
[pid 185590] 14:15:49.932781 openat(AT_FDCWD, "/etc/fonts/conf.d/61-urw-fallback-backwards.conf", O_RDONLY|O_CLOEXEC) = 3
[pid 185590] 14:15:49.933111 openat(AT_FDCWD, "/etc/fonts/conf.d/45-latin.conf", O_RDONLY|O_CLOEXEC) = 3
[pid 185590] 14:15:49.933426 openat(AT_FDCWD, "/etc/fonts/conf.d/20-unhint-small-dejavu-lgc-serif.conf", O_RDONLY|O_CLOEXEC) = 3
[pid 185590] 14:15:49.933735 openat(AT_FDCWD, "/etc/fonts/conf.d/48-spacing.conf", O_RDONLY|O_CLOEXEC) = 3
[pid 185590] 14:15:49.934046 openat(AT_FDCWD, "/etc/fonts/conf.d/61-urw-nimbus-roman.conf", O_RDONLY|O_CLOEXEC) = 3
[pid 185590] 14:15:49.934356 openat(AT_FDCWD, "/etc/fonts/conf.d/49-sansserif.conf", O_RDONLY|O_CLOEXEC) = 3
[pid 185590] 14:15:49.934606 openat(AT_FDCWD, "/etc/fonts/conf.d/20-unhint-small-dejavu-sans-mono.conf", O_RDONLY|O_CLOEXEC) = 3
[pid 185590] 14:15:49.934986 openat(AT_FDCWD, "/etc/fonts/conf.d/10-yes-antialias.conf", O_RDONLY|O_CLOEXEC) = 3
[pid 185590] 14:15:49.935329 openat(AT_FDCWD, "/etc/fonts/conf.d/61-urw-z003.conf", O_RDONLY|O_CLOEXEC) = 3
[pid 185590] 14:15:49.935678 openat(AT_FDCWD, "/etc/fonts/conf.d/51-local.conf", O_RDONLY|O_CLOEXEC) = 3
[pid 185590] 14:15:49.935967 openat(AT_FDCWD, "/etc/fonts/conf.d/20-unhint-small-dejavu-sans.conf", O_RDONLY|O_CLOEXEC) = 3
[pid 185590] 14:15:49.936225 openat(AT_FDCWD, "/etc/fonts/conf.d/57-dejavu-sans-mono.conf", O_RDONLY|O_CLOEXEC) = 3
[pid 185590] 14:15:49.936537 openat(AT_FDCWD, "/etc/fonts/conf.d/10-scale-bitmap-fonts.conf", O_RDONLY|O_CLOEXEC) = 3
[pid 185590] 14:15:49.936814 openat(AT_FDCWD, "/etc/fonts/conf.d/57-dejavu-sans.conf", O_RDONLY|O_CLOEXEC) = 3
[pid 185590] 14:15:49.937143 openat(AT_FDCWD, "/etc/fonts/conf.d/20-unhint-small-dejavu-serif.conf", O_RDONLY|O_CLOEXEC) = 3
[pid 185590] 14:15:49.937499 openat(AT_FDCWD, "/etc/fonts/conf.d/11-lcdfilter-default.conf", O_RDONLY|O_CLOEXEC) = 3
[pid 185590] 14:15:49.937781 openat(AT_FDCWD, "/etc/fonts/conf.d/20-unhint-small-dejavu-lgc-sans-mono.conf", O_RDONLY|O_CLOEXEC) = 3
[pid 185590] 14:15:49.938129 openat(AT_FDCWD, "/etc/fonts/conf.d/10-sub-pixel-rgb.conf", O_RDONLY|O_CLOEXEC) = 3
[pid 185590] 14:15:49.938460 openat(AT_FDCWD, "/etc/fonts/conf.d/10-hinting-slight.conf", O_RDONLY|O_CLOEXEC) = 3
[pid 185590] 14:15:49.938805 openat(AT_FDCWD, "/etc/fonts/conf.d/20-unhint-small-vera.conf", O_RDONLY|O_CLOEXEC) = 3
[pid 185590] 14:15:49.939079 openat(AT_FDCWD, "/etc/fonts/conf.d/58-dejavu-lgc-serif.conf", O_RDONLY|O_CLOEXEC) = 3
[pid 185590] 14:15:49.939405 openat(AT_FDCWD, "/etc/fonts/conf.d/30-metric-aliases.conf", O_RDONLY|O_CLOEXEC) = 3
[pid 185590] 14:15:49.939922 openat(AT_FDCWD, "/etc/fonts/conf.d/30-opensymbol.conf", O_RDONLY|O_CLOEXEC) = 3
[pid 185590] 14:15:49.940142 openat(AT_FDCWD, "/usr/share/fonts", O_RDONLY|O_NONBLOCK|O_CLOEXEC|O_DIRECTORY) = 3
[pid 185590] 14:15:49.940251 openat(AT_FDCWD, "/usr/share/fonts/X11", O_RDONLY|O_NONBLOCK|O_CLOEXEC|O_DIRECTORY) = 4
[pid 185590] 14:15:49.940353 openat(AT_FDCWD, "/usr/share/fonts/X11/Type1", O_RDONLY|O_NONBLOCK|O_CLOEXEC|O_DIRECTORY) = 5
[pid 185590] 14:15:49.978970 openat(AT_FDCWD, "/usr/share/fonts/X11/encodings", O_RDONLY|O_NONBLOCK|O_CLOEXEC|O_DIRECTORY) = 5
[pid 185590] 14:15:49.979144 openat(AT_FDCWD, "/usr/share/fonts/X11/encodings/large", O_RDONLY|O_NONBLOCK|O_CLOEXEC|O_DIRECTORY) = 6
[pid 185590] 14:15:49.979355 openat(AT_FDCWD, "/usr/share/fonts/X11/misc", O_RDONLY|O_NONBLOCK|O_CLOEXEC|O_DIRECTORY) = 5
[pid 185590] 14:15:49.979917 openat(AT_FDCWD, "/usr/share/fonts/X11/util", O_RDONLY|O_NONBLOCK|O_CLOEXEC|O_DIRECTORY) = 5
[pid 185590] 14:15:49.980117 openat(AT_FDCWD, "/usr/share/fonts/cMap", O_RDONLY|O_NONBLOCK|O_CLOEXEC|O_DIRECTORY) = 4
[pid 185590] 14:15:49.980438 openat(AT_FDCWD, "/usr/share/fonts/cmap", O_RDONLY|O_NONBLOCK|O_CLOEXEC|O_DIRECTORY) = 4
[pid 185590] 14:15:49.980712 openat(AT_FDCWD, "/usr/share/poppler/cMap/Adobe-CNS1", O_RDONLY|O_NONBLOCK|O_CLOEXEC|O_DIRECTORY) = 5
[pid 185590] 14:15:49.981069 openat(AT_FDCWD, "/usr/share/poppler/cMap/Adobe-GB1", O_RDONLY|O_NONBLOCK|O_CLOEXEC|O_DIRECTORY) = 5
[pid 185590] 14:15:49.981418 openat(AT_FDCWD, "/usr/share/poppler/cMap/Adobe-Japan1", O_RDONLY|O_NONBLOCK|O_CLOEXEC|O_DIRECTORY) = 5
[pid 185590] 14:15:49.981793 openat(AT_FDCWD, "/usr/share/poppler/cMap/Adobe-Japan2", O_RDONLY|O_NONBLOCK|O_CLOEXEC|O_DIRECTORY) = 5
[pid 185590] 14:15:49.982111 openat(AT_FDCWD, "/usr/share/poppler/cMap/Adobe-Korea1", O_RDONLY|O_NONBLOCK|O_CLOEXEC|O_DIRECTORY) = 5
[pid 185590] 14:15:49.982652 openat(AT_FDCWD, "/usr/share/fonts/opentype", O_RDONLY|O_NONBLOCK|O_CLOEXEC|O_DIRECTORY) = 4
[pid 185590] 14:15:49.982989 openat(AT_FDCWD, "/usr/share/javascript/mathjax/fonts/HTML-CSS/TeX/otf", O_RDONLY|O_NONBLOCK|O_CLOEXEC|O_DIRECTORY) = 5
[pid 185590] 14:15:49.983096 openat(AT_FDCWD, "/usr/share/javascript/mathjax/fonts/HTML-CSS/TeX/otf/MathJax_AMS-Regular.otf", O_RDONLY|O_CLOEXEC) = 6
[pid 185590] 14:15:49.983259 openat(AT_FDCWD, "/usr/share/javascript/mathjax/fonts/HTML-CSS/TeX/otf/MathJax_Caligraphic-Bold.otf", O_RDONLY|O_CLOEXEC) = 6
[pid 185590] 14:15:49.983404 openat(AT_FDCWD, "/usr/share/javascript/mathjax/fonts/HTML-CSS/TeX/otf/MathJax_Caligraphic-Regular.otf", O_RDONLY|O_CLOEXEC) = 6
[pid 185590] 14:15:49.983547 openat(AT_FDCWD, "/usr/share/javascript/mathjax/fonts/HTML-CSS/TeX/otf/MathJax_Fraktur-Bold.otf", O_RDONLY|O_CLOEXEC) = 6
[pid 185590] 14:15:49.983693 openat(AT_FDCWD, "/usr/share/javascript/mathjax/fonts/HTML-CSS/TeX/otf/MathJax_Fraktur-Regular.otf", O_RDONLY|O_CLOEXEC) = 6
[pid 185590] 14:15:49.983837 openat(AT_FDCWD, "/usr/share/javascript/mathjax/fonts/HTML-CSS/TeX/otf/MathJax_Main-Bold.otf", O_RDONLY|O_CLOEXEC) = 6
[pid 185590] 14:15:49.983988 openat(AT_FDCWD, "/usr/share/javascript/mathjax/fonts/HTML-CSS/TeX/otf/MathJax_Main-Italic.otf", O_RDONLY|O_CLOEXEC) = 6
[pid 185590] 14:15:49.984134 openat(AT_FDCWD, "/usr/share/javascript/mathjax/fonts/HTML-CSS/TeX/otf/MathJax_Main-Regular.otf", O_RDONLY|O_CLOEXEC) = 6
[pid 185590] 14:15:49.984279 openat(AT_FDCWD, "/usr/share/javascript/mathjax/fonts/HTML-CSS/TeX/otf/MathJax_Math-BoldItalic.otf", O_RDONLY|O_CLOEXEC) = 6
[pid 185590] 14:15:49.984424 openat(AT_FDCWD, "/usr/share/javascript/mathjax/fonts/HTML-CSS/TeX/otf/MathJax_Math-Italic.otf", O_RDONLY|O_CLOEXEC) = 6
[pid 185590] 14:15:49.984566 openat(AT_FDCWD, "/usr/share/javascript/mathjax/fonts/HTML-CSS/TeX/otf/MathJax_Math-Regular.otf", O_RDONLY|O_CLOEXEC) = 6
[pid 185590] 14:15:49.984731 openat(AT_FDCWD, "/usr/share/javascript/mathjax/fonts/HTML-CSS/TeX/otf/MathJax_SansSerif-Bold.otf", O_RDONLY|O_CLOEXEC) = 6
[pid 185590] 14:15:49.984883 openat(AT_FDCWD, "/usr/share/javascript/mathjax/fonts/HTML-CSS/TeX/otf/MathJax_SansSerif-Italic.otf", O_RDONLY|O_CLOEXEC) = 6
[pid 185590] 14:15:49.985062 openat(AT_FDCWD, "/usr/share/javascript/mathjax/fonts/HTML-CSS/TeX/otf/MathJax_SansSerif-Regular.otf", O_RDONLY|O_CLOEXEC) = 6
[pid 185590] 14:15:49.985209 openat(AT_FDCWD, "/usr/share/javascript/mathjax/fonts/HTML-CSS/TeX/otf/MathJax_Script-Regular.otf", O_RDONLY|O_CLOEXEC) = 6
[pid 185590] 14:15:49.985378 openat(AT_FDCWD, "/usr/share/javascript/mathjax/fonts/HTML-CSS/TeX/otf/MathJax_Size1-Regular.otf", O_RDONLY|O_CLOEXEC) = 6
[pid 185590] 14:15:49.985540 openat(AT_FDCWD, "/usr/share/javascript/mathjax/fonts/HTML-CSS/TeX/otf/MathJax_Size2-Regular.otf", O_RDONLY|O_CLOEXEC) = 6
[pid 185590] 14:15:49.985684 openat(AT_FDCWD, "/usr/share/javascript/mathjax/fonts/HTML-CSS/TeX/otf/MathJax_Size3-Regular.otf", O_RDONLY|O_CLOEXEC) = 6
[pid 185590] 14:15:49.985825 openat(AT_FDCWD, "/usr/share/javascript/mathjax/fonts/HTML-CSS/TeX/otf/MathJax_Size4-Regular.otf", O_RDONLY|O_CLOEXEC) = 6
[pid 185590] 14:15:49.985975 openat(AT_FDCWD, "/usr/share/javascript/mathjax/fonts/HTML-CSS/TeX/otf/MathJax_Typewriter-Regular.otf", O_RDONLY|O_CLOEXEC) = 6
[pid 185590] 14:15:49.986124 openat(AT_FDCWD, "/usr/share/javascript/mathjax/fonts/HTML-CSS/TeX/otf/MathJax_Vector-Bold.otf", O_RDONLY|O_CLOEXEC) = 6
[pid 185590] 14:15:49.986274 openat(AT_FDCWD, "/usr/share/javascript/mathjax/fonts/HTML-CSS/TeX/otf/MathJax_Vector-Regular.otf", O_RDONLY|O_CLOEXEC) = 6
[pid 185590] 14:15:49.986417 openat(AT_FDCWD, "/usr/share/javascript/mathjax/fonts/HTML-CSS/TeX/otf/MathJax_WinChrome-Regular.otf", O_RDONLY|O_CLOEXEC) = 6
[pid 185590] 14:15:49.986561 openat(AT_FDCWD, "/usr/share/javascript/mathjax/fonts/HTML-CSS/TeX/otf/MathJax_WinIE6-Regular.otf", O_RDONLY|O_CLOEXEC) = 6
[pid 185590] 14:15:49.986750 openat(AT_FDCWD, "/usr/share/fonts/opentype/noto", O_RDONLY|O_NONBLOCK|O_CLOEXEC|O_DIRECTORY) = 5
[pid 185590] 14:15:49.986855 openat(AT_FDCWD, "/usr/share/fonts/opentype/noto/NotoSansCJK-Bold.ttc", O_RDONLY|O_CLOEXEC) = 6
[pid 185590] 14:15:49.987055 openat(AT_FDCWD, "/usr/share/fonts/opentype/noto/NotoSansCJK-Regular.ttc", O_RDONLY|O_CLOEXEC) = 6
[pid 185590] 14:15:49.987362 openat(AT_FDCWD, "/usr/share/fonts/opentype/noto/NotoSerifCJK-Bold.ttc", O_RDONLY|O_CLOEXEC) = 6
[pid 185590] 14:15:49.987538 openat(AT_FDCWD, "/usr/share/fonts/opentype/noto/NotoSerifCJK-Regular.ttc", O_RDONLY|O_CLOEXEC) = 6
[pid 185590] 14:15:49.987754 openat(AT_FDCWD, "/usr/share/fonts/opentype/urw-base35", O_RDONLY|O_NONBLOCK|O_CLOEXEC|O_DIRECTORY) = 5
[pid 185590] 14:15:49.987862 openat(AT_FDCWD, "/usr/share/fonts/opentype/urw-base35/C059-BdIta.otf", O_RDONLY|O_CLOEXEC) = 6
[pid 185590] 14:15:49.988024 openat(AT_FDCWD, "/usr/share/fonts/opentype/urw-base35/C059-Bold.otf", O_RDONLY|O_CLOEXEC) = 6
[pid 185590] 14:15:49.988176 openat(AT_FDCWD, "/usr/share/fonts/opentype/urw-base35/C059-Italic.otf", O_RDONLY|O_CLOEXEC) = 6
[pid 185590] 14:15:49.988325 openat(AT_FDCWD, "/usr/share/fonts/opentype/urw-base35/C059-Roman.otf", O_RDONLY|O_CLOEXEC) = 6
[pid 185590] 14:15:49.988473 openat(AT_FDCWD, "/usr/share/fonts/opentype/urw-base35/D050000L.otf", O_RDONLY|O_CLOEXEC) = 6
[pid 185590] 14:15:49.988615 openat(AT_FDCWD, "/usr/share/fonts/opentype/urw-base35/NimbusMonoPS-Bold.otf", O_RDONLY|O_CLOEXEC) = 6
[pid 185590] 14:15:49.988763 openat(AT_FDCWD, "/usr/share/fonts/opentype/urw-base35/NimbusMonoPS-BoldItalic.otf", O_RDONLY|O_CLOEXEC) = 6
[pid 185590] 14:15:49.988918 openat(AT_FDCWD, "/usr/share/fonts/opentype/urw-base35/NimbusMonoPS-Italic.otf", O_RDONLY|O_CLOEXEC) = 6
[pid 185590] 14:15:49.989069 openat(AT_FDCWD, "/usr/share/fonts/opentype/urw-base35/NimbusMonoPS-Regular.otf", O_RDONLY|O_CLOEXEC) = 6
[pid 185590] 14:15:49.989216 openat(AT_FDCWD, "/usr/share/fonts/opentype/urw-base35/NimbusRoman-Bold.otf", O_RDONLY|O_CLOEXEC) = 6
[pid 185590] 14:15:49.989382 openat(AT_FDCWD, "/usr/share/fonts/opentype/urw-base35/NimbusRoman-BoldItalic.otf", O_RDONLY|O_CLOEXEC) = 6
[pid 185590] 14:15:49.989533 openat(AT_FDCWD, "/usr/share/fonts/opentype/urw-base35/NimbusRoman-Italic.otf", O_RDONLY|O_CLOEXEC) = 6
[pid 185590] 14:15:49.989681 openat(AT_FDCWD, "/usr/share/fonts/opentype/urw-base35/NimbusRoman-Regular.otf", O_RDONLY|O_CLOEXEC) = 6
[pid 185590] 14:15:49.989828 openat(AT_FDCWD, "/usr/share/fonts/opentype/urw-base35/NimbusSans-Bold.otf", O_RDONLY|O_CLOEXEC) = 6
[pid 185590] 14:15:49.989984 openat(AT_FDCWD, "/usr/share/fonts/opentype/urw-base35/NimbusSans-BoldItalic.otf", O_RDONLY|O_CLOEXEC) = 6
[pid 185590] 14:15:49.990136 openat(AT_FDCWD, "/usr/share/fonts/opentype/urw-base35/NimbusSans-Italic.otf", O_RDONLY|O_CLOEXEC) = 6
[pid 185590] 14:15:49.990283 openat(AT_FDCWD, "/usr/share/fonts/opentype/urw-base35/NimbusSans-Regular.otf", O_RDONLY|O_CLOEXEC) = 6
[pid 185590] 14:15:49.990431 openat(AT_FDCWD, "/usr/share/fonts/opentype/urw-base35/NimbusSansNarrow-Bold.otf", O_RDONLY|O_CLOEXEC) = 6
[pid 185590] 14:15:49.990589 openat(AT_FDCWD, "/usr/share/fonts/opentype/urw-base35/NimbusSansNarrow-BoldOblique.otf", O_RDONLY|O_CLOEXEC) = 6
[pid 185590] 14:15:49.990763 openat(AT_FDCWD, "/usr/share/fonts/opentype/urw-base35/NimbusSansNarrow-Oblique.otf", O_RDONLY|O_CLOEXEC) = 6
[pid 185590] 14:15:49.990921 openat(AT_FDCWD, "/usr/share/fonts/opentype/urw-base35/NimbusSansNarrow-Regular.otf", O_RDONLY|O_CLOEXEC) = 6
[pid 185590] 14:15:49.991099 openat(AT_FDCWD, "/usr/share/fonts/opentype/urw-base35/P052-Bold.otf", O_RDONLY|O_CLOEXEC) = 6
[pid 185590] 14:15:49.991267 openat(AT_FDCWD, "/usr/share/fonts/opentype/urw-base35/P052-BoldItalic.otf", O_RDONLY|O_CLOEXEC) = 6
[pid 185590] 14:15:49.991417 openat(AT_FDCWD, "/usr/share/fonts/opentype/urw-base35/P052-Italic.otf", O_RDONLY|O_CLOEXEC) = 6
[pid 185590] 14:15:49.991565 openat(AT_FDCWD, "/usr/share/fonts/opentype/urw-base35/P052-Roman.otf", O_RDONLY|O_CLOEXEC) = 6
[pid 185590] 14:15:49.991713 openat(AT_FDCWD, "/usr/share/fonts/opentype/urw-base35/StandardSymbolsPS.otf", O_RDONLY|O_CLOEXEC) = 6
[pid 185590] 14:15:49.991855 openat(AT_FDCWD, "/usr/share/fonts/opentype/urw-base35/URWBookman-Demi.otf", O_RDONLY|O_CLOEXEC) = 6
[pid 185590] 14:15:49.992011 openat(AT_FDCWD, "/usr/share/fonts/opentype/urw-base35/URWBookman-DemiItalic.otf", O_RDONLY|O_CLOEXEC) = 6
[pid 185590] 14:15:49.992163 openat(AT_FDCWD, "/usr/share/fonts/opentype/urw-base35/URWBookman-Light.otf", O_RDONLY|O_CLOEXEC) = 6
[pid 185590] 14:15:49.992311 openat(AT_FDCWD, "/usr/share/fonts/opentype/urw-base35/URWBookman-LightItalic.otf", O_RDONLY|O_CLOEXEC) = 6
[pid 185590] 14:15:49.992459 openat(AT_FDCWD, "/usr/share/fonts/opentype/urw-base35/URWGothic-Book.otf", O_RDONLY|O_CLOEXEC) = 6
[pid 185590] 14:15:49.992607 openat(AT_FDCWD, "/usr/share/fonts/opentype/urw-base35/URWGothic-BookOblique.otf", O_RDONLY|O_CLOEXEC) = 6
[pid 185590] 14:15:49.992753 openat(AT_FDCWD, "/usr/share/fonts/opentype/urw-base35/URWGothic-Demi.otf", O_RDONLY|O_CLOEXEC) = 6
[pid 185590] 14:15:49.992915 openat(AT_FDCWD, "/usr/share/fonts/opentype/urw-base35/URWGothic-DemiOblique.otf", O_RDONLY|O_CLOEXEC) = 6
[pid 185590] 14:15:49.993156 openat(AT_FDCWD, "/usr/share/fonts/opentype/urw-base35/Z003-MediumItalic.otf", O_RDONLY|O_CLOEXEC) = 6
[pid 185590] 14:15:49.993423 openat(AT_FDCWD, "/usr/share/fonts/opentype/freefont", O_RDONLY|O_NONBLOCK|O_CLOEXEC|O_DIRECTORY) = 5
[pid 185590] 14:15:49.993563 openat(AT_FDCWD, "/usr/share/fonts/opentype/freefont/FreeMono.otf", O_RDONLY|O_CLOEXEC) = 6
[pid 185590] 14:15:49.993759 openat(AT_FDCWD, "/usr/share/fonts/opentype/freefont/FreeMonoBold.otf", O_RDONLY|O_CLOEXEC) = 6
[pid 185590] 14:15:49.993937 openat(AT_FDCWD, "/usr/share/fonts/opentype/freefont/FreeMonoBoldOblique.otf", O_RDONLY|O_CLOEXEC) = 6
[pid 185590] 14:15:49.994094 openat(AT_FDCWD, "/usr/share/fonts/opentype/freefont/FreeMonoOblique.otf", O_RDONLY|O_CLOEXEC) = 6
[pid 185590] 14:15:49.994250 openat(AT_FDCWD, "/usr/share/fonts/opentype/freefont/FreeSans.otf", O_RDONLY|O_CLOEXEC) = 6
[pid 185590] 14:15:49.994415 openat(AT_FDCWD, "/usr/share/fonts/opentype/freefont/FreeSansBold.otf", O_RDONLY|O_CLOEXEC) = 6
[pid 185590] 14:15:49.994561 openat(AT_FDCWD, "/usr/share/fonts/opentype/freefont/FreeSansBoldOblique.otf", O_RDONLY|O_CLOEXEC) = 6
[pid 185590] 14:15:49.994705 openat(AT_FDCWD, "/usr/share/fonts/opentype/freefont/FreeSansOblique.otf", O_RDONLY|O_CLOEXEC) = 6
[pid 185590] 14:15:49.994848 openat(AT_FDCWD, "/usr/share/fonts/opentype/freefont/FreeSerif.otf", O_RDONLY|O_CLOEXEC) = 6
[pid 185590] 14:15:49.995066 openat(AT_FDCWD, "/usr/share/fonts/opentype/freefont/FreeSerifBold.otf", O_RDONLY|O_CLOEXEC) = 6
[pid 185590] 14:15:49.995240 openat(AT_FDCWD, "/usr/share/fonts/opentype/freefont/FreeSerifBoldItalic.otf", O_RDONLY|O_CLOEXEC) = 6
[pid 185590] 14:15:49.995389 openat(AT_FDCWD, "/usr/share/fonts/opentype/freefont/FreeSerifItalic.otf", O_RDONLY|O_CLOEXEC) = 6
[pid 185590] 14:15:49.995578 openat(AT_FDCWD, "/usr/share/fonts/opentype/font-awesome", O_RDONLY|O_NONBLOCK|O_CLOEXEC|O_DIRECTORY) = 5
[pid 185590] 14:15:49.995680 openat(AT_FDCWD, "/usr/share/fonts/opentype/font-awesome/FontAwesome.otf", O_RDONLY|O_CLOEXEC) = 6
[pid 185590] 14:15:49.995915 openat(AT_FDCWD, "/usr/share/fonts/truetype", O_RDONLY|O_NONBLOCK|O_CLOEXEC|O_DIRECTORY) = 4
[pid 185590] 14:15:49.996018 openat(AT_FDCWD, "/usr/share/fonts/truetype/dejavu", O_RDONLY|O_NONBLOCK|O_CLOEXEC|O_DIRECTORY) = 5
[pid 185590] 14:15:49.996122 openat(AT_FDCWD, "/usr/share/fonts/truetype/dejavu/DejaVuSans-Bold.ttf", O_RDONLY|O_CLOEXEC) = 6
[pid 185590] 14:15:49.996276 openat(AT_FDCWD, "/usr/share/fonts/truetype/dejavu/DejaVuSans.ttf", O_RDONLY|O_CLOEXEC) = 6
[pid 185590] 14:15:49.996424 openat(AT_FDCWD, "/usr/share/fonts/truetype/dejavu/DejaVuSansMono-Bold.ttf", O_RDONLY|O_CLOEXEC) = 6
[pid 185590] 14:15:49.996597 openat(AT_FDCWD, "/usr/share/fonts/truetype/dejavu/DejaVuSansMono-BoldOblique.ttf", O_RDONLY|O_CLOEXEC) = 6
[pid 185590] 14:15:49.996796 openat(AT_FDCWD, "/usr/share/fonts/truetype/dejavu/DejaVuSansMono-Oblique.ttf", O_RDONLY|O_CLOEXEC) = 6
[pid 185590] 14:15:49.996985 openat(AT_FDCWD, "/usr/share/fonts/truetype/dejavu/DejaVuSansMono.ttf", O_RDONLY|O_CLOEXEC) = 6
[pid 185590] 14:15:49.997160 openat(AT_FDCWD, "/usr/share/fonts/truetype/dejavu/DejaVuSerif-Bold.ttf", O_RDONLY|O_CLOEXEC) = 6
[pid 185590] 14:15:49.997329 openat(AT_FDCWD, "/usr/share/fonts/truetype/dejavu/DejaVuSerif.ttf", O_RDONLY|O_CLOEXEC) = 6
[pid 185590] 14:15:49.997496 openat(AT_FDCWD, "/usr/share/fonts/truetype/dejavu/DejaVuMathTeXGyre.ttf", O_RDONLY|O_CLOEXEC) = 6
[pid 185590] 14:15:49.997669 openat(AT_FDCWD, "/usr/share/fonts/truetype/dejavu/DejaVuSans-BoldOblique.ttf", O_RDONLY|O_CLOEXEC) = 6
[pid 185590] 14:15:49.997840 openat(AT_FDCWD, "/usr/share/fonts/truetype/dejavu/DejaVuSans-ExtraLight.ttf", O_RDONLY|O_CLOEXEC) = 6
[pid 185590] 14:15:49.998013 openat(AT_FDCWD, "/usr/share/fonts/truetype/dejavu/DejaVuSans-Oblique.ttf", O_RDONLY|O_CLOEXEC) = 6
[pid 185590] 14:15:49.998211 openat(AT_FDCWD, "/usr/share/fonts/truetype/dejavu/DejaVuSansCondensed-Bold.ttf", O_RDONLY|O_CLOEXEC) = 6
[pid 185590] 14:15:49.998394 openat(AT_FDCWD, "/usr/share/fonts/truetype/dejavu/DejaVuSansCondensed-BoldOblique.ttf", O_RDONLY|O_CLOEXEC) = 6
[pid 185590] 14:15:49.998592 openat(AT_FDCWD, "/usr/share/fonts/truetype/dejavu/DejaVuSansCondensed-Oblique.ttf", O_RDONLY|O_CLOEXEC) = 6
[pid 185590] 14:15:49.998795 openat(AT_FDCWD, "/usr/share/fonts/truetype/dejavu/DejaVuSansCondensed.ttf", O_RDONLY|O_CLOEXEC) = 6
[pid 185590] 14:15:49.999015 openat(AT_FDCWD, "/usr/share/fonts/truetype/dejavu/DejaVuSerif-BoldItalic.ttf", O_RDONLY|O_CLOEXEC) = 6
[pid 185590] 14:15:49.999233 openat(AT_FDCWD, "/usr/share/fonts/truetype/dejavu/DejaVuSerif-Italic.ttf", O_RDONLY|O_CLOEXEC) = 6
[pid 185590] 14:15:49.999449 openat(AT_FDCWD, "/usr/share/fonts/truetype/dejavu/DejaVuSerifCondensed-Bold.ttf", O_RDONLY|O_CLOEXEC) = 6
[pid 185590] 14:15:49.999666 openat(AT_FDCWD, "/usr/share/fonts/truetype/dejavu/DejaVuSerifCondensed-BoldItalic.ttf", O_RDONLY|O_CLOEXEC) = 6
[pid 185590] 14:15:49.999882 openat(AT_FDCWD, "/usr/share/fonts/truetype/dejavu/DejaVuSerifCondensed-Italic.ttf", O_RDONLY|O_CLOEXEC) = 6
[pid 185590] 14:15:50.000112 openat(AT_FDCWD, "/usr/share/fonts/truetype/dejavu/DejaVuSerifCondensed.ttf", O_RDONLY|O_CLOEXEC) = 6
[pid 185590] 14:15:50.000357 openat(AT_FDCWD, "/usr/share/fonts/truetype/droid", O_RDONLY|O_NONBLOCK|O_CLOEXEC|O_DIRECTORY) = 5
[pid 185590] 14:15:50.000491 openat(AT_FDCWD, "/usr/share/fonts/truetype/droid/DroidSansFallbackFull.ttf", O_RDONLY|O_CLOEXEC) = 6
[pid 185590] 14:15:50.000742 openat(AT_FDCWD, "/usr/share/fonts/truetype/liberation", O_RDONLY|O_NONBLOCK|O_CLOEXEC|O_DIRECTORY) = 5
[pid 185590] 14:15:50.000877 openat(AT_FDCWD, "/usr/share/fonts/truetype/liberation/LiberationMono-Bold.ttf", O_RDONLY|O_CLOEXEC) = 6
[pid 185590] 14:15:50.001082 openat(AT_FDCWD, "/usr/share/fonts/truetype/liberation/LiberationMono-BoldItalic.ttf", O_RDONLY|O_CLOEXEC) = 6
[pid 185590] 14:15:50.001275 openat(AT_FDCWD, "/usr/share/fonts/truetype/liberation/LiberationMono-Italic.ttf", O_RDONLY|O_CLOEXEC) = 6
[pid 185590] 14:15:50.001471 openat(AT_FDCWD, "/usr/share/fonts/truetype/liberation/LiberationMono-Regular.ttf", O_RDONLY|O_CLOEXEC) = 6
[pid 185590] 14:15:50.001653 openat(AT_FDCWD, "/usr/share/fonts/truetype/liberation/LiberationSans-Bold.ttf", O_RDONLY|O_CLOEXEC) = 6
[pid 185590] 14:15:50.001846 openat(AT_FDCWD, "/usr/share/fonts/truetype/liberation/LiberationSans-BoldItalic.ttf", O_RDONLY|O_CLOEXEC) = 6
[pid 185590] 14:15:50.002043 openat(AT_FDCWD, "/usr/share/fonts/truetype/liberation/LiberationSans-Italic.ttf", O_RDONLY|O_CLOEXEC) = 6
[pid 185590] 14:15:50.002247 openat(AT_FDCWD, "/usr/share/fonts/truetype/liberation/LiberationSans-Regular.ttf", O_RDONLY|O_CLOEXEC) = 6
[pid 185590] 14:15:50.002458 openat(AT_FDCWD, "/usr/share/fonts/truetype/liberation/LiberationSerif-Bold.ttf", O_RDONLY|O_CLOEXEC) = 6
[pid 185590] 14:15:50.002647 openat(AT_FDCWD, "/usr/share/fonts/truetype/liberation/LiberationSerif-BoldItalic.ttf", O_RDONLY|O_CLOEXEC) = 6
[pid 185590] 14:15:50.002833 openat(AT_FDCWD, "/usr/share/fonts/truetype/liberation/LiberationSerif-Italic.ttf", O_RDONLY|O_CLOEXEC) = 6
[pid 185590] 14:15:50.003025 openat(AT_FDCWD, "/usr/share/fonts/truetype/liberation/LiberationSerif-Regular.ttf", O_RDONLY|O_CLOEXEC) = 6
[pid 185590] 14:15:50.003278 openat(AT_FDCWD, "/usr/share/fonts/truetype/libreoffice", O_RDONLY|O_NONBLOCK|O_CLOEXEC|O_DIRECTORY) = 5
[pid 185590] 14:15:50.003412 openat(AT_FDCWD, "/usr/share/fonts/truetype/libreoffice/opens___.ttf", O_RDONLY|O_CLOEXEC) = 6
[pid 185590] 14:15:50.003629 openat(AT_FDCWD, "/usr/share/fonts/truetype/noto", O_RDONLY|O_NONBLOCK|O_CLOEXEC|O_DIRECTORY) = 5
[pid 185590] 14:15:50.003801 openat(AT_FDCWD, "/usr/share/fonts/truetype/noto/NotoKufiArabic-Bold.ttf", O_RDONLY|O_CLOEXEC) = 6
[pid 185590] 14:15:50.003963 openat(AT_FDCWD, "/usr/share/fonts/truetype/noto/NotoKufiArabic-Regular.ttf", O_RDONLY|O_CLOEXEC) = 6
[pid 185590] 14:15:50.004114 openat(AT_FDCWD, "/usr/share/fonts/truetype/noto/NotoLoopedLao-Bold.ttf", O_RDONLY|O_CLOEXEC) = 6
[pid 185590] 14:15:50.004277 openat(AT_FDCWD, "/usr/share/fonts/truetype/noto/NotoLoopedLao-Regular.ttf", O_RDONLY|O_CLOEXEC) = 6
[pid 185590] 14:15:50.004429 openat(AT_FDCWD, "/usr/share/fonts/truetype/noto/NotoLoopedThai-Bold.ttf", O_RDONLY|O_CLOEXEC) = 6
[pid 185590] 14:15:50.004576 openat(AT_FDCWD, "/usr/share/fonts/truetype/noto/NotoLoopedThai-Regular.ttf", O_RDONLY|O_CLOEXEC) = 6
[pid 185590] 14:15:50.004722 openat(AT_FDCWD, "/usr/share/fonts/truetype/noto/NotoMono-Regular.ttf", O_RDONLY|O_CLOEXEC) = 6
[pid 185590] 14:15:50.004868 openat(AT_FDCWD, "/usr/share/fonts/truetype/noto/NotoMusic-Regular.ttf", O_RDONLY|O_CLOEXEC) = 6
[pid 185590] 14:15:50.005026 openat(AT_FDCWD, "/usr/share/fonts/truetype/noto/NotoNaskhArabic-Bold.ttf", O_RDONLY|O_CLOEXEC) = 6
[pid 185590] 14:15:50.005177 openat(AT_FDCWD, "/usr/share/fonts/truetype/noto/NotoNaskhArabic-Regular.ttf", O_RDONLY|O_CLOEXEC) = 6
[pid 185590] 14:15:50.005328 openat(AT_FDCWD, "/usr/share/fonts/truetype/noto/NotoNastaliqUrdu-Bold.ttf", O_RDONLY|O_CLOEXEC) = 6
[pid 185590] 14:15:50.005477 openat(AT_FDCWD, "/usr/share/fonts/truetype/noto/NotoNastaliqUrdu-Regular.ttf", O_RDONLY|O_CLOEXEC) = 6
[pid 185590] 14:15:50.005647 openat(AT_FDCWD, "/usr/share/fonts/truetype/noto/NotoRashiHebrew-Bold.ttf", O_RDONLY|O_CLOEXEC) = 6
[pid 185590] 14:15:50.005791 openat(AT_FDCWD, "/usr/share/fonts/truetype/noto/NotoRashiHebrew-Regular.ttf", O_RDONLY|O_CLOEXEC) = 6
[pid 185590] 14:15:50.005939 openat(AT_FDCWD, "/usr/share/fonts/truetype/noto/NotoSans-Bold.ttf", O_RDONLY|O_CLOEXEC) = 6
[pid 185590] 14:15:50.006087 openat(AT_FDCWD, "/usr/share/fonts/truetype/noto/NotoSans-BoldItalic.ttf", O_RDONLY|O_CLOEXEC) = 6
[pid 185590] 14:15:50.006237 openat(AT_FDCWD, "/usr/share/fonts/truetype/noto/NotoSans-Italic.ttf", O_RDONLY|O_CLOEXEC) = 6
[pid 185590] 14:15:50.006386 openat(AT_FDCWD, "/usr/share/fonts/truetype/noto/NotoSans-Regular.ttf", O_RDONLY|O_CLOEXEC) = 6
[pid 185590] 14:15:50.006535 openat(AT_FDCWD, "/usr/share/fonts/truetype/noto/NotoSansAdlam-Bold.ttf", O_RDONLY|O_CLOEXEC) = 6
[pid 185590] 14:15:50.006683 openat(AT_FDCWD, "/usr/share/fonts/truetype/noto/NotoSansAdlam-Regular.ttf", O_RDONLY|O_CLOEXEC) = 6
[pid 185590] 14:15:50.006831 openat(AT_FDCWD, "/usr/share/fonts/truetype/noto/NotoSansAdlamUnjoined-Bold.ttf", O_RDONLY|O_CLOEXEC) = 6
[pid 185590] 14:15:50.006983 openat(AT_FDCWD, "/usr/share/fonts/truetype/noto/NotoSansAdlamUnjoined-Regular.ttf", O_RDONLY|O_CLOEXEC) = 6
[pid 185590] 14:15:50.007128 openat(AT_FDCWD, "/usr/share/fonts/truetype/noto/NotoSansAnatolianHieroglyphs-Regular.ttf", O_RDONLY|O_CLOEXEC) = 6
[pid 185590] 14:15:50.007277 openat(AT_FDCWD, "/usr/share/fonts/truetype/noto/NotoSansArabic-Bold.ttf", O_RDONLY|O_CLOEXEC) = 6
[pid 185590] 14:15:50.007437 openat(AT_FDCWD, "/usr/share/fonts/truetype/noto/NotoSansArabic-Regular.ttf", O_RDONLY|O_CLOEXEC) = 6
[pid 185590] 14:15:50.007620 openat(AT_FDCWD, "/usr/share/fonts/truetype/noto/NotoSansArmenian-Bold.ttf", O_RDONLY|O_CLOEXEC) = 6
[pid 185590] 14:15:50.007806 openat(AT_FDCWD, "/usr/share/fonts/truetype/noto/NotoSansArmenian-Regular.ttf", O_RDONLY|O_CLOEXEC) = 6
[pid 185590] 14:15:50.007977 openat(AT_FDCWD, "/usr/share/fonts/truetype/noto/NotoSansAvestan-Regular.ttf", O_RDONLY|O_CLOEXEC) = 6
[pid 185590] 14:15:50.008143 openat(AT_FDCWD, "/usr/share/fonts/truetype/noto/NotoSansBalinese-Bold.ttf", O_RDONLY|O_CLOEXEC) = 6
[pid 185590] 14:15:50.008310 openat(AT_FDCWD, "/usr/share/fonts/truetype/noto/NotoSansBalinese-Regular.ttf", O_RDONLY|O_CLOEXEC) = 6
[pid 185590] 14:15:50.008478 openat(AT_FDCWD, "/usr/share/fonts/truetype/noto/NotoSansBamum-Bold.ttf", O_RDONLY|O_CLOEXEC) = 6
[pid 185590] 14:15:50.008648 openat(AT_FDCWD, "/usr/share/fonts/truetype/noto/NotoSansBamum-Regular.ttf", O_RDONLY|O_CLOEXEC) = 6
[pid 185590] 14:15:50.008817 openat(AT_FDCWD, "/usr/share/fonts/truetype/noto/NotoSansBassaVah-Regular.ttf", O_RDONLY|O_CLOEXEC) = 6
[pid 185590] 14:15:50.008981 openat(AT_FDCWD, "/usr/share/fonts/truetype/noto/NotoSansBatak-Regular.ttf", O_RDONLY|O_CLOEXEC) = 6
[pid 185590] 14:15:50.009128 openat(AT_FDCWD, "/usr/share/fonts/truetype/noto/NotoSansBengali-Bold.ttf", O_RDONLY|O_CLOEXEC) = 6
[pid 185590] 14:15:50.009336 openat(AT_FDCWD, "/usr/share/fonts/truetype/noto/NotoSansBengali-Regular.ttf", O_RDONLY|O_CLOEXEC) = 6
[pid 185590] 14:15:50.009540 openat(AT_FDCWD, "/usr/share/fonts/truetype/noto/NotoSansBhaiksuki-Regular.ttf", O_RDONLY|O_CLOEXEC) = 6
[pid 185590] 14:15:50.009698 openat(AT_FDCWD, "/usr/share/fonts/truetype/noto/NotoSansBrahmi-Regular.ttf", O_RDONLY|O_CLOEXEC) = 6
[pid 185590] 14:15:50.009882 openat(AT_FDCWD, "/usr/share/fonts/truetype/noto/NotoSansBuginese-Regular.ttf", O_RDONLY|O_CLOEXEC) = 6
[pid 185590] 14:15:50.010089 openat(AT_FDCWD, "/usr/share/fonts/truetype/noto/NotoSansBuhid-Regular.ttf", O_RDONLY|O_CLOEXEC) = 6
[pid 185590] 14:15:50.010278 openat(AT_FDCWD, "/usr/share/fonts/truetype/noto/NotoSansCanadianAboriginal-Bold.ttf", O_RDONLY|O_CLOEXEC) = 6
[pid 185590] 14:15:50.010475 openat(AT_FDCWD, "/usr/share/fonts/truetype/noto/NotoSansCanadianAboriginal-Regular.ttf", O_RDONLY|O_CLOEXEC) = 6
[pid 185590] 14:15:50.010674 openat(AT_FDCWD, "/usr/share/fonts/truetype/noto/NotoSansCarian-Regular.ttf", O_RDONLY|O_CLOEXEC) = 6
[pid 185590] 14:15:50.010892 openat(AT_FDCWD, "/usr/share/fonts/truetype/noto/NotoSansCaucasianAlbanian-Regular.ttf", O_RDONLY|O_CLOEXEC) = 6
[pid 185590] 14:15:50.011097 openat(AT_FDCWD, "/usr/share/fonts/truetype/noto/NotoSansChakma-Regular.ttf", O_RDONLY|O_CLOEXEC) = 6
[pid 185590] 14:15:50.011261 openat(AT_FDCWD, "/usr/share/fonts/truetype/noto/NotoSansCham-Bold.ttf", O_RDONLY|O_CLOEXEC) = 6
[pid 185590] 14:15:50.011427 openat(AT_FDCWD, "/usr/share/fonts/truetype/noto/NotoSansCham-Regular.ttf", O_RDONLY|O_CLOEXEC) = 6
[pid 185590] 14:15:50.011592 openat(AT_FDCWD, "/usr/share/fonts/truetype/noto/NotoSansCherokee-Bold.ttf", O_RDONLY|O_CLOEXEC) = 6
[pid 185590] 14:15:50.011753 openat(AT_FDCWD, "/usr/share/fonts/truetype/noto/NotoSansCherokee-Regular.ttf", O_RDONLY|O_CLOEXEC) = 6
[pid 185590] 14:15:50.011914 openat(AT_FDCWD, "/usr/share/fonts/truetype/noto/NotoSansCoptic-Regular.ttf", O_RDONLY|O_CLOEXEC) = 6
[pid 185590] 14:15:50.012062 openat(AT_FDCWD, "/usr/share/fonts/truetype/noto/NotoSansCuneiform-Regular.ttf", O_RDONLY|O_CLOEXEC) = 6
[pid 185590] 14:15:50.012213 openat(AT_FDCWD, "/usr/share/fonts/truetype/noto/NotoSansCypriot-Regular.ttf", O_RDONLY|O_CLOEXEC) = 6
[pid 185590] 14:15:50.012355 openat(AT_FDCWD, "/usr/share/fonts/truetype/noto/NotoSansDeseret-Regular.ttf", O_RDONLY|O_CLOEXEC) = 6
[pid 185590] 14:15:50.012496 openat(AT_FDCWD, "/usr/share/fonts/truetype/noto/NotoSansDevanagari-Bold.ttf", O_RDONLY|O_CLOEXEC) = 6
[pid 185590] 14:15:50.012646 openat(AT_FDCWD, "/usr/share/fonts/truetype/noto/NotoSansDevanagari-Regular.ttf", O_RDONLY|O_CLOEXEC) = 6
[pid 185590] 14:15:50.012798 openat(AT_FDCWD, "/usr/share/fonts/truetype/noto/NotoSansDisplay-Bold.ttf", O_RDONLY|O_CLOEXEC) = 6
[pid 185590] 14:15:50.012960 openat(AT_FDCWD, "/usr/share/fonts/truetype/noto/NotoSansDisplay-BoldItalic.ttf", O_RDONLY|O_CLOEXEC) = 6
[pid 185590] 14:15:50.013117 openat(AT_FDCWD, "/usr/share/fonts/truetype/noto/NotoSansDisplay-Italic.ttf", O_RDONLY|O_CLOEXEC) = 6
[pid 185590] 14:15:50.013270 openat(AT_FDCWD, "/usr/share/fonts/truetype/noto/NotoSansDisplay-Regular.ttf", O_RDONLY|O_CLOEXEC) = 6
[pid 185590] 14:15:50.013423 openat(AT_FDCWD, "/usr/share/fonts/truetype/noto/NotoSansDuployan-Regular.ttf", O_RDONLY|O_CLOEXEC) = 6
[pid 185590] 14:15:50.013567 openat(AT_FDCWD, "/usr/share/fonts/truetype/noto/NotoSansEgyptianHieroglyphs-Regular.ttf", O_RDONLY|O_CLOEXEC) = 6
[pid 185590] 14:15:50.013717 openat(AT_FDCWD, "/usr/share/fonts/truetype/noto/NotoSansElbasan-Regular.ttf", O_RDONLY|O_CLOEXEC) = 6
[pid 185590] 14:15:50.013861 openat(AT_FDCWD, "/usr/share/fonts/truetype/noto/NotoSansElymaic-Regular.ttf", O_RDONLY|O_CLOEXEC) = 6
[pid 185590] 14:15:50.014027 openat(AT_FDCWD, "/usr/share/fonts/truetype/noto/NotoSansEthiopic-Bold.ttf", O_RDONLY|O_CLOEXEC) = 6
[pid 185590] 14:15:50.014268 openat(AT_FDCWD, "/usr/share/fonts/truetype/noto/NotoSansEthiopic-Regular.ttf", O_RDONLY|O_CLOEXEC) = 6
[pid 185590] 14:15:50.014500 openat(AT_FDCWD, "/usr/share/fonts/truetype/noto/NotoSansGeorgian-Bold.ttf", O_RDONLY|O_CLOEXEC) = 6
[pid 185590] 14:15:50.014686 openat(AT_FDCWD, "/usr/share/fonts/truetype/noto/NotoSansGeorgian-Regular.ttf", O_RDONLY|O_CLOEXEC) = 6
[pid 185590] 14:15:50.014850 openat(AT_FDCWD, "/usr/share/fonts/truetype/noto/NotoSansGlagolitic-Regular.ttf", O_RDONLY|O_CLOEXEC) = 6
[pid 185590] 14:15:50.015008 openat(AT_FDCWD, "/usr/share/fonts/truetype/noto/NotoSansGothic-Regular.ttf", O_RDONLY|O_CLOEXEC) = 6
[pid 185590] 14:15:50.015166 openat(AT_FDCWD, "/usr/share/fonts/truetype/noto/NotoSansGrantha-Regular.ttf", O_RDONLY|O_CLOEXEC) = 6
[pid 185590] 14:15:50.015343 openat(AT_FDCWD, "/usr/share/fonts/truetype/noto/NotoSansGujarati-Bold.ttf", O_RDONLY|O_CLOEXEC) = 6
[pid 185590] 14:15:50.015618 openat(AT_FDCWD, "/usr/share/fonts/truetype/noto/NotoSansGujarati-Regular.ttf", O_RDONLY|O_CLOEXEC) = 6
[pid 185590] 14:15:50.015852 openat(AT_FDCWD, "/usr/share/fonts/truetype/noto/NotoSansGunjalaGondi-Regular.ttf", O_RDONLY|O_CLOEXEC) = 6
[pid 185590] 14:15:50.016083 openat(AT_FDCWD, "/usr/share/fonts/truetype/noto/NotoSansGurmukhi-Bold.ttf", O_RDONLY|O_CLOEXEC) = 6
[pid 185590] 14:15:50.016309 openat(AT_FDCWD, "/usr/share/fonts/truetype/noto/NotoSansGurmukhi-Regular.ttf", O_RDONLY|O_CLOEXEC) = 6
[pid 185590] 14:15:50.016531 openat(AT_FDCWD, "/usr/share/fonts/truetype/noto/NotoSansHanifiRohingya-Bold.ttf", O_RDONLY|O_CLOEXEC) = 6
[pid 185590] 14:15:50.016725 openat(AT_FDCWD, "/usr/share/fonts/truetype/noto/NotoSansHanifiRohingya-Regular.ttf", O_RDONLY|O_CLOEXEC) = 6
[pid 185590] 14:15:50.016924 openat(AT_FDCWD, "/usr/share/fonts/truetype/noto/NotoSansHanunoo-Regular.ttf", O_RDONLY|O_CLOEXEC) = 6
[pid 185590] 14:15:50.017073 openat(AT_FDCWD, "/usr/share/fonts/truetype/noto/NotoSansHatran-Regular.ttf", O_RDONLY|O_CLOEXEC) = 6
[pid 185590] 14:15:50.017215 openat(AT_FDCWD, "/usr/share/fonts/truetype/noto/NotoSansHebrew-Bold.ttf", O_RDONLY|O_CLOEXEC) = 6
[pid 185590] 14:15:50.017360 openat(AT_FDCWD, "/usr/share/fonts/truetype/noto/NotoSansHebrew-Regular.ttf", O_RDONLY|O_CLOEXEC) = 6
[pid 185590] 14:15:50.017504 openat(AT_FDCWD, "/usr/share/fonts/truetype/noto/NotoSansImperialAramaic-Regular.ttf", O_RDONLY|O_CLOEXEC) = 6
[pid 185590] 14:15:50.017646 openat(AT_FDCWD, "/usr/share/fonts/truetype/noto/NotoSansIndicSiyaqNumbers-Regular.ttf", O_RDONLY|O_CLOEXEC) = 6
[pid 185590] 14:15:50.017791 openat(AT_FDCWD, "/usr/share/fonts/truetype/noto/NotoSansInscriptionalPahlavi-Regular.ttf", O_RDONLY|O_CLOEXEC) = 6
[pid 185590] 14:15:50.017942 openat(AT_FDCWD, "/usr/share/fonts/truetype/noto/NotoSansInscriptionalParthian-Regular.ttf", O_RDONLY|O_CLOEXEC) = 6
[pid 185590] 14:15:50.018088 openat(AT_FDCWD, "/usr/share/fonts/truetype/noto/NotoSansJavanese-Bold.ttf", O_RDONLY|O_CLOEXEC) = 6
[pid 185590] 14:15:50.018240 openat(AT_FDCWD, "/usr/share/fonts/truetype/noto/NotoSansJavanese-Regular.ttf", O_RDONLY|O_CLOEXEC) = 6
[pid 185590] 14:15:50.018391 openat(AT_FDCWD, "/usr/share/fonts/truetype/noto/NotoSansKaithi-Regular.ttf", O_RDONLY|O_CLOEXEC) = 6
[pid 185590] 14:15:50.018545 openat(AT_FDCWD, "/usr/share/fonts/truetype/noto/NotoSansKannada-Bold.ttf", O_RDONLY|O_CLOEXEC) = 6
[pid 185590] 14:15:50.018698 openat(AT_FDCWD, "/usr/share/fonts/truetype/noto/NotoSansKannada-Regular.ttf", O_RDONLY|O_CLOEXEC) = 6
[pid 185590] 14:15:50.018851 openat(AT_FDCWD, "/usr/share/fonts/truetype/noto/NotoSansKayahLi-Bold.ttf", O_RDONLY|O_CLOEXEC) = 6
[pid 185590] 14:15:50.019003 openat(AT_FDCWD, "/usr/share/fonts/truetype/noto/NotoSansKayahLi-Regular.ttf", O_RDONLY|O_CLOEXEC) = 6
[pid 185590] 14:15:50.019148 openat(AT_FDCWD, "/usr/share/fonts/truetype/noto/NotoSansKharoshthi-Regular.ttf", O_RDONLY|O_CLOEXEC) = 6
[pid 185590] 14:15:50.019294 openat(AT_FDCWD, "/usr/share/fonts/truetype/noto/NotoSansKhmer-Bold.ttf", O_RDONLY|O_CLOEXEC) = 6
[pid 185590] 14:15:50.019446 openat(AT_FDCWD, "/usr/share/fonts/truetype/noto/NotoSansKhmer-Regular.ttf", O_RDONLY|O_CLOEXEC) = 6
[pid 185590] 14:15:50.019596 openat(AT_FDCWD, "/usr/share/fonts/truetype/noto/NotoSansKhojki-Regular.ttf", O_RDONLY|O_CLOEXEC) = 6
[pid 185590] 14:15:50.019744 openat(AT_FDCWD, "/usr/share/fonts/truetype/noto/NotoSansKhudawadi-Regular.ttf", O_RDONLY|O_CLOEXEC) = 6
[pid 185590] 14:15:50.019907 openat(AT_FDCWD, "/usr/share/fonts/truetype/noto/NotoSansLao-Bold.ttf", O_RDONLY|O_CLOEXEC) = 6
[pid 185590] 14:15:50.020129 openat(AT_FDCWD, "/usr/share/fonts/truetype/noto/NotoSansLao-Regular.ttf", O_RDONLY|O_CLOEXEC) = 6
[pid 185590] 14:15:50.020324 openat(AT_FDCWD, "/usr/share/fonts/truetype/noto/NotoSansLepcha-Regular.ttf", O_RDONLY|O_CLOEXEC) = 6
[pid 185590] 14:15:50.020555 openat(AT_FDCWD, "/usr/share/fonts/truetype/noto/NotoSansLimbu-Regular.ttf", O_RDONLY|O_CLOEXEC) = 6
[pid 185590] 14:15:50.020768 openat(AT_FDCWD, "/usr/share/fonts/truetype/noto/NotoSansLinearA-Regular.ttf", O_RDONLY|O_CLOEXEC) = 6
[pid 185590] 14:15:50.020950 openat(AT_FDCWD, "/usr/share/fonts/truetype/noto/NotoSansLinearB-Regular.ttf", O_RDONLY|O_CLOEXEC) = 6
[pid 185590] 14:15:50.021104 openat(AT_FDCWD, "/usr/share/fonts/truetype/noto/NotoSansLisu-Bold.ttf", O_RDONLY|O_CLOEXEC) = 6
[pid 185590] 14:15:50.021252 openat(AT_FDCWD, "/usr/share/fonts/truetype/noto/NotoSansLisu-Regular.ttf", O_RDONLY|O_CLOEXEC) = 6
[pid 185590] 14:15:50.021424 openat(AT_FDCWD, "/usr/share/fonts/truetype/noto/NotoSansLycian-Regular.ttf", O_RDONLY|O_CLOEXEC) = 6
[pid 185590] 14:15:50.021570 openat(AT_FDCWD, "/usr/share/fonts/truetype/noto/NotoSansLydian-Regular.ttf", O_RDONLY|O_CLOEXEC) = 6
[pid 185590] 14:15:50.021714 openat(AT_FDCWD, "/usr/share/fonts/truetype/noto/NotoSansMahajani-Regular.ttf", O_RDONLY|O_CLOEXEC) = 6
[pid 185590] 14:15:50.021867 openat(AT_FDCWD, "/usr/share/fonts/truetype/noto/NotoSansMalayalam-Bold.ttf", O_RDONLY|O_CLOEXEC) = 6
[pid 185590] 14:15:50.022064 openat(AT_FDCWD, "/usr/share/fonts/truetype/noto/NotoSansMalayalam-Regular.ttf", O_RDONLY|O_CLOEXEC) = 6
[pid 185590] 14:15:50.022252 openat(AT_FDCWD, "/usr/share/fonts/truetype/noto/NotoSansMandaic-Regular.ttf", O_RDONLY|O_CLOEXEC) = 6
[pid 185590] 14:15:50.022433 openat(AT_FDCWD, "/usr/share/fonts/truetype/noto/NotoSansManichaean-Regular.ttf", O_RDONLY|O_CLOEXEC) = 6
[pid 185590] 14:15:50.022614 openat(AT_FDCWD, "/usr/share/fonts/truetype/noto/NotoSansMarchen-Regular.ttf", O_RDONLY|O_CLOEXEC) = 6
[pid 185590] 14:15:50.022803 openat(AT_FDCWD, "/usr/share/fonts/truetype/noto/NotoSansMasaramGondi-Regular.ttf", O_RDONLY|O_CLOEXEC) = 6
[pid 185590] 14:15:50.022980 openat(AT_FDCWD, "/usr/share/fonts/truetype/noto/NotoSansMath-Regular.ttf", O_RDONLY|O_CLOEXEC) = 6
[pid 185590] 14:15:50.023136 openat(AT_FDCWD, "/usr/share/fonts/truetype/noto/NotoSansMayanNumerals-Regular.ttf", O_RDONLY|O_CLOEXEC) = 6
[pid 185590] 14:15:50.023279 openat(AT_FDCWD, "/usr/share/fonts/truetype/noto/NotoSansMedefaidrin-Bold.ttf", O_RDONLY|O_CLOEXEC) = 6
[pid 185590] 14:15:50.023423 openat(AT_FDCWD, "/usr/share/fonts/truetype/noto/NotoSansMedefaidrin-Regular.ttf", O_RDONLY|O_CLOEXEC) = 6
[pid 185590] 14:15:50.023614 openat(AT_FDCWD, "/usr/share/fonts/truetype/noto/NotoSansMeeteiMayek-Bold.ttf", O_RDONLY|O_CLOEXEC) = 6
[pid 185590] 14:15:50.023760 openat(AT_FDCWD, "/usr/share/fonts/truetype/noto/NotoSansMeeteiMayek-Regular.ttf", O_RDONLY|O_CLOEXEC) = 6
[pid 185590] 14:15:50.023908 openat(AT_FDCWD, "/usr/share/fonts/truetype/noto/NotoSansMendeKikakui-Regular.ttf", O_RDONLY|O_CLOEXEC) = 6
[pid 185590] 14:15:50.024055 openat(AT_FDCWD, "/usr/share/fonts/truetype/noto/NotoSansMeroitic-Regular.ttf", O_RDONLY|O_CLOEXEC) = 6
[pid 185590] 14:15:50.024201 openat(AT_FDCWD, "/usr/share/fonts/truetype/noto/NotoSansMiao-Regular.ttf", O_RDONLY|O_CLOEXEC) = 6
[pid 185590] 14:15:50.024346 openat(AT_FDCWD, "/usr/share/fonts/truetype/noto/NotoSansModi-Regular.ttf", O_RDONLY|O_CLOEXEC) = 6
[pid 185590] 14:15:50.024491 openat(AT_FDCWD, "/usr/share/fonts/truetype/noto/NotoSansMongolian-Regular.ttf", O_RDONLY|O_CLOEXEC) = 6
[pid 185590] 14:15:50.024643 openat(AT_FDCWD, "/usr/share/fonts/truetype/noto/NotoSansMono-Bold.ttf", O_RDONLY|O_CLOEXEC) = 6
[pid 185590] 14:15:50.024795 openat(AT_FDCWD, "/usr/share/fonts/truetype/noto/NotoSansMono-Regular.ttf", O_RDONLY|O_CLOEXEC) = 6
[pid 185590] 14:15:50.024948 openat(AT_FDCWD, "/usr/share/fonts/truetype/noto/NotoSansMro-Regular.ttf", O_RDONLY|O_CLOEXEC) = 6
[pid 185590] 14:15:50.025092 openat(AT_FDCWD, "/usr/share/fonts/truetype/noto/NotoSansMultani-Regular.ttf", O_RDONLY|O_CLOEXEC) = 6
[pid 185590] 14:15:50.025235 openat(AT_FDCWD, "/usr/share/fonts/truetype/noto/NotoSansMyanmar-Bold.ttf", O_RDONLY|O_CLOEXEC) = 6
[pid 185590] 14:15:50.025387 openat(AT_FDCWD, "/usr/share/fonts/truetype/noto/NotoSansMyanmar-Regular.ttf", O_RDONLY|O_CLOEXEC) = 6
[pid 185590] 14:15:50.025553 openat(AT_FDCWD, "/usr/share/fonts/truetype/noto/NotoSansNKo-Regular.ttf", O_RDONLY|O_CLOEXEC) = 6
[pid 185590] 14:15:50.025756 openat(AT_FDCWD, "/usr/share/fonts/truetype/noto/NotoSansNabataean-Regular.ttf", O_RDONLY|O_CLOEXEC) = 6
[pid 185590] 14:15:50.025966 openat(AT_FDCWD, "/usr/share/fonts/truetype/noto/NotoSansNewTaiLue-Regular.ttf", O_RDONLY|O_CLOEXEC) = 6
[pid 185590] 14:15:50.026162 openat(AT_FDCWD, "/usr/share/fonts/truetype/noto/NotoSansNewa-Regular.ttf", O_RDONLY|O_CLOEXEC) = 6
[pid 185590] 14:15:50.026341 openat(AT_FDCWD, "/usr/share/fonts/truetype/noto/NotoSansNushu-Regular.ttf", O_RDONLY|O_CLOEXEC) = 6
[pid 185590] 14:15:50.026534 openat(AT_FDCWD, "/usr/share/fonts/truetype/noto/NotoSansOgham-Regular.ttf", O_RDONLY|O_CLOEXEC) = 6
[pid 185590] 14:15:50.026698 openat(AT_FDCWD, "/usr/share/fonts/truetype/noto/NotoSansOlChiki-Bold.ttf", O_RDONLY|O_CLOEXEC) = 6
[pid 185590] 14:15:50.026864 openat(AT_FDCWD, "/usr/share/fonts/truetype/noto/NotoSansOlChiki-Regular.ttf", O_RDONLY|O_CLOEXEC) = 6
[pid 185590] 14:15:50.027049 openat(AT_FDCWD, "/usr/share/fonts/truetype/noto/NotoSansOldHungarian-Regular.ttf", O_RDONLY|O_CLOEXEC) = 6
[pid 185590] 14:15:50.027211 openat(AT_FDCWD, "/usr/share/fonts/truetype/noto/NotoSansOldItalic-Regular.ttf", O_RDONLY|O_CLOEXEC) = 6
[pid 185590] 14:15:50.027357 openat(AT_FDCWD, "/usr/share/fonts/truetype/noto/NotoSansOldNorthArabian-Regular.ttf", O_RDONLY|O_CLOEXEC) = 6
[pid 185590] 14:15:50.027519 openat(AT_FDCWD, "/usr/share/fonts/truetype/noto/NotoSansOldPermic-Regular.ttf", O_RDONLY|O_CLOEXEC) = 6
[pid 185590] 14:15:50.027679 openat(AT_FDCWD, "/usr/share/fonts/truetype/noto/NotoSansOldPersian-Regular.ttf", O_RDONLY|O_CLOEXEC) = 6
[pid 185590] 14:15:50.027826 openat(AT_FDCWD, "/usr/share/fonts/truetype/noto/NotoSansOldSogdian-Regular.ttf", O_RDONLY|O_CLOEXEC) = 6
[pid 185590] 14:15:50.027991 openat(AT_FDCWD, "/usr/share/fonts/truetype/noto/NotoSansOldSouthArabian-Regular.ttf", O_RDONLY|O_CLOEXEC) = 6
[pid 185590] 14:15:50.028162 openat(AT_FDCWD, "/usr/share/fonts/truetype/noto/NotoSansOldTurkic-Regular.ttf", O_RDONLY|O_CLOEXEC) = 6
[pid 185590] 14:15:50.028332 openat(AT_FDCWD, "/usr/share/fonts/truetype/noto/NotoSansOriya-Bold.ttf", O_RDONLY|O_CLOEXEC) = 6
[pid 185590] 14:15:50.028512 openat(AT_FDCWD, "/usr/share/fonts/truetype/noto/NotoSansOriya-Regular.ttf", O_RDONLY|O_CLOEXEC) = 6
[pid 185590] 14:15:50.028691 openat(AT_FDCWD, "/usr/share/fonts/truetype/noto/NotoSansOsage-Regular.ttf", O_RDONLY|O_CLOEXEC) = 6
[pid 185590] 14:15:50.028864 openat(AT_FDCWD, "/usr/share/fonts/truetype/noto/NotoSansOsmanya-Regular.ttf", O_RDONLY|O_CLOEXEC) = 6
[pid 185590] 14:15:50.029030 openat(AT_FDCWD, "/usr/share/fonts/truetype/noto/NotoSansPahawhHmong-Regular.ttf", O_RDONLY|O_CLOEXEC) = 6
[pid 185590] 14:15:50.029176 openat(AT_FDCWD, "/usr/share/fonts/truetype/noto/NotoSansPalmyrene-Regular.ttf", O_RDONLY|O_CLOEXEC) = 6
[pid 185590] 14:15:50.029319 openat(AT_FDCWD, "/usr/share/fonts/truetype/noto/NotoSansPauCinHau-Regular.ttf", O_RDONLY|O_CLOEXEC) = 6
[pid 185590] 14:15:50.029462 openat(AT_FDCWD, "/usr/share/fonts/truetype/noto/NotoSansPhagsPa-Regular.ttf", O_RDONLY|O_CLOEXEC) = 6
[pid 185590] 14:15:50.029608 openat(AT_FDCWD, "/usr/share/fonts/truetype/noto/NotoSansPhoenician-Regular.ttf", O_RDONLY|O_CLOEXEC) = 6
[pid 185590] 14:15:50.029751 openat(AT_FDCWD, "/usr/share/fonts/truetype/noto/NotoSansPsalterPahlavi-Regular.ttf", O_RDONLY|O_CLOEXEC) = 6
[pid 185590] 14:15:50.029896 openat(AT_FDCWD, "/usr/share/fonts/truetype/noto/NotoSansRejang-Regular.ttf", O_RDONLY|O_CLOEXEC) = 6
[pid 185590] 14:15:50.030046 openat(AT_FDCWD, "/usr/share/fonts/truetype/noto/NotoSansRunic-Regular.ttf", O_RDONLY|O_CLOEXEC) = 6
[pid 185590] 14:15:50.030190 openat(AT_FDCWD, "/usr/share/fonts/truetype/noto/NotoSansSamaritan-Regular.ttf", O_RDONLY|O_CLOEXEC) = 6
[pid 185590] 14:15:50.030332 openat(AT_FDCWD, "/usr/share/fonts/truetype/noto/NotoSansSaurashtra-Regular.ttf", O_RDONLY|O_CLOEXEC) = 6
[pid 185590] 14:15:50.030476 openat(AT_FDCWD, "/usr/share/fonts/truetype/noto/NotoSansSharada-Regular.ttf", O_RDONLY|O_CLOEXEC) = 6
[pid 185590] 14:15:50.030623 openat(AT_FDCWD, "/usr/share/fonts/truetype/noto/NotoSansShavian-Regular.ttf", O_RDONLY|O_CLOEXEC) = 6
[pid 185590] 14:15:50.030765 openat(AT_FDCWD, "/usr/share/fonts/truetype/noto/NotoSansSiddham-Regular.ttf", O_RDONLY|O_CLOEXEC) = 6
[pid 185590] 14:15:50.030924 openat(AT_FDCWD, "/usr/share/fonts/truetype/noto/NotoSansSignWriting-Regular.ttf", O_RDONLY|O_CLOEXEC) = 6
[pid 185590] 14:15:50.031085 openat(AT_FDCWD, "/usr/share/fonts/truetype/noto/NotoSansSinhala-Bold.ttf", O_RDONLY|O_CLOEXEC) = 6
[pid 185590] 14:15:50.031251 openat(AT_FDCWD, "/usr/share/fonts/truetype/noto/NotoSansSinhala-Regular.ttf", O_RDONLY|O_CLOEXEC) = 6
[pid 185590] 14:15:50.031407 openat(AT_FDCWD, "/usr/share/fonts/truetype/noto/NotoSansSogdian-Regular.ttf", O_RDONLY|O_CLOEXEC) = 6
[pid 185590] 14:15:50.031556 openat(AT_FDCWD, "/usr/share/fonts/truetype/noto/NotoSansSoraSompeng-Bold.ttf", O_RDONLY|O_CLOEXEC) = 6
[pid 185590] 14:15:50.031699 openat(AT_FDCWD, "/usr/share/fonts/truetype/noto/NotoSansSoraSompeng-Regular.ttf", O_RDONLY|O_CLOEXEC) = 6
[pid 185590] 14:15:50.031840 openat(AT_FDCWD, "/usr/share/fonts/truetype/noto/NotoSansSoyombo-Regular.ttf", O_RDONLY|O_CLOEXEC) = 6
[pid 185590] 14:15:50.031992 openat(AT_FDCWD, "/usr/share/fonts/truetype/noto/NotoSansSundanese-Bold.ttf", O_RDONLY|O_CLOEXEC) = 6
[pid 185590] 14:15:50.032147 openat(AT_FDCWD, "/usr/share/fonts/truetype/noto/NotoSansSundanese-Regular.ttf", O_RDONLY|O_CLOEXEC) = 6
[pid 185590] 14:15:50.032332 openat(AT_FDCWD, "/usr/share/fonts/truetype/noto/NotoSansSylotiNagri-Regular.ttf", O_RDONLY|O_CLOEXEC) = 6
[pid 185590] 14:15:50.032509 openat(AT_FDCWD, "/usr/share/fonts/truetype/noto/NotoSansSymbols-Bold.ttf", O_RDONLY|O_CLOEXEC) = 6
[pid 185590] 14:15:50.032665 openat(AT_FDCWD, "/usr/share/fonts/truetype/noto/NotoSansSymbols-Regular.ttf", O_RDONLY|O_CLOEXEC) = 6
[pid 185590] 14:15:50.032908 openat(AT_FDCWD, "/usr/share/fonts/truetype/noto/NotoSansSymbols2-Regular.ttf", O_RDONLY|O_CLOEXEC) = 6
[pid 185590] 14:15:50.033124 openat(AT_FDCWD, "/usr/share/fonts/truetype/noto/NotoSansSyriac-Regular.ttf", O_RDONLY|O_CLOEXEC) = 6
[pid 185590] 14:15:50.033339 openat(AT_FDCWD, "/usr/share/fonts/truetype/noto/NotoSansTagalog-Regular.ttf", O_RDONLY|O_CLOEXEC) = 6
[pid 185590] 14:15:50.033562 openat(AT_FDCWD, "/usr/share/fonts/truetype/noto/NotoSansTagbanwa-Regular.ttf", O_RDONLY|O_CLOEXEC) = 6
[pid 185590] 14:15:50.033801 openat(AT_FDCWD, "/usr/share/fonts/truetype/noto/NotoSansTaiLe-Regular.ttf", O_RDONLY|O_CLOEXEC) = 6
[pid 185590] 14:15:50.034072 openat(AT_FDCWD, "/usr/share/fonts/truetype/noto/NotoSansTaiTham-Bold.ttf", O_RDONLY|O_CLOEXEC) = 6
[pid 185590] 14:15:50.034311 openat(AT_FDCWD, "/usr/share/fonts/truetype/noto/NotoSansTaiTham-Regular.ttf", O_RDONLY|O_CLOEXEC) = 6
[pid 185590] 14:15:50.034521 openat(AT_FDCWD, "/usr/share/fonts/truetype/noto/NotoSansTaiViet-Regular.ttf", O_RDONLY|O_CLOEXEC) = 6
[pid 185590] 14:15:50.034725 openat(AT_FDCWD, "/usr/share/fonts/truetype/noto/NotoSansTakri-Regular.ttf", O_RDONLY|O_CLOEXEC) = 6
[pid 185590] 14:15:50.034930 openat(AT_FDCWD, "/usr/share/fonts/truetype/noto/NotoSansTamil-Bold.ttf", O_RDONLY|O_CLOEXEC) = 6
[pid 185590] 14:15:50.036082 openat(AT_FDCWD, "/usr/share/fonts/truetype/noto/NotoSansTamil-Regular.ttf", O_RDONLY|O_CLOEXEC) = 6
[pid 185590] 14:15:50.036330 openat(AT_FDCWD, "/usr/share/fonts/truetype/noto/NotoSansTamilSupplement-Regular.ttf", O_RDONLY|O_CLOEXEC) = 6
[pid 185590] 14:15:50.036531 openat(AT_FDCWD, "/usr/share/fonts/truetype/noto/NotoSansTelugu-Bold.ttf", O_RDONLY|O_CLOEXEC) = 6
[pid 185590] 14:15:50.036774 openat(AT_FDCWD, "/usr/share/fonts/truetype/noto/NotoSansTelugu-Regular.ttf", O_RDONLY|O_CLOEXEC) = 6
[pid 185590] 14:15:50.037049 openat(AT_FDCWD, "/usr/share/fonts/truetype/noto/NotoSansThaana-Bold.ttf", O_RDONLY|O_CLOEXEC) = 6
[pid 185590] 14:15:50.037257 openat(AT_FDCWD, "/usr/share/fonts/truetype/noto/NotoSansThaana-Regular.ttf", O_RDONLY|O_CLOEXEC) = 6
[pid 185590] 14:15:50.037455 openat(AT_FDCWD, "/usr/share/fonts/truetype/noto/NotoSansThai-Bold.ttf", O_RDONLY|O_CLOEXEC) = 6
[pid 185590] 14:15:50.037682 openat(AT_FDCWD, "/usr/share/fonts/truetype/noto/NotoSansThai-Regular.ttf", O_RDONLY|O_CLOEXEC) = 6
[pid 185590] 14:15:50.037911 openat(AT_FDCWD, "/usr/share/fonts/truetype/noto/NotoSansTifinagh-Regular.ttf", O_RDONLY|O_CLOEXEC) = 6
[pid 185590] 14:15:50.038126 openat(AT_FDCWD, "/usr/share/fonts/truetype/noto/NotoSansTifinaghAPT-Regular.ttf", O_RDONLY|O_CLOEXEC) = 6
[pid 185590] 14:15:50.038339 openat(AT_FDCWD, "/usr/share/fonts/truetype/noto/NotoSansTifinaghAdrar-Regular.ttf", O_RDONLY|O_CLOEXEC) = 6
[pid 185590] 14:15:50.038577 openat(AT_FDCWD, "/usr/share/fonts/truetype/noto/NotoSansTifinaghAgrawImazighen-Regular.ttf", O_RDONLY|O_CLOEXEC) = 6
[pid 185590] 14:15:50.038826 openat(AT_FDCWD, "/usr/share/fonts/truetype/noto/NotoSansTifinaghAhaggar-Regular.ttf", O_RDONLY|O_CLOEXEC) = 6
[pid 185590] 14:15:50.039052 openat(AT_FDCWD, "/usr/share/fonts/truetype/noto/NotoSansTifinaghAir-Regular.ttf", O_RDONLY|O_CLOEXEC) = 6
[pid 185590] 14:15:50.039266 openat(AT_FDCWD, "/usr/share/fonts/truetype/noto/NotoSansTifinaghAzawagh-Regular.ttf", O_RDONLY|O_CLOEXEC) = 6
[pid 185590] 14:15:50.039478 openat(AT_FDCWD, "/usr/share/fonts/truetype/noto/NotoSansTifinaghGhat-Regular.ttf", O_RDONLY|O_CLOEXEC) = 6
[pid 185590] 14:15:50.039688 openat(AT_FDCWD, "/usr/share/fonts/truetype/noto/NotoSansTifinaghHawad-Regular.ttf", O_RDONLY|O_CLOEXEC) = 6
[pid 185590] 14:15:50.039899 openat(AT_FDCWD, "/usr/share/fonts/truetype/noto/NotoSansTifinaghRhissaIxa-Regular.ttf", O_RDONLY|O_CLOEXEC) = 6
[pid 185590] 14:15:50.040121 openat(AT_FDCWD, "/usr/share/fonts/truetype/noto/NotoSansTifinaghSIL-Regular.ttf", O_RDONLY|O_CLOEXEC) = 6
[pid 185590] 14:15:50.040333 openat(AT_FDCWD, "/usr/share/fonts/truetype/noto/NotoSansTifinaghTawellemmet-Regular.ttf", O_RDONLY|O_CLOEXEC) = 6
[pid 185590] 14:15:50.040547 openat(AT_FDCWD, "/usr/share/fonts/truetype/noto/NotoSansTirhuta-Regular.ttf", O_RDONLY|O_CLOEXEC) = 6
[pid 185590] 14:15:50.040773 openat(AT_FDCWD, "/usr/share/fonts/truetype/noto/NotoSansUgaritic-Regular.ttf", O_RDONLY|O_CLOEXEC) = 6
[pid 185590] 14:15:50.040985 openat(AT_FDCWD, "/usr/share/fonts/truetype/noto/NotoSansVai-Regular.ttf", O_RDONLY|O_CLOEXEC) = 6
[pid 185590] 14:15:50.041182 openat(AT_FDCWD, "/usr/share/fonts/truetype/noto/NotoSansWancho-Regular.ttf", O_RDONLY|O_CLOEXEC) = 6
[pid 185590] 14:15:50.041377 openat(AT_FDCWD, "/usr/share/fonts/truetype/noto/NotoSansWarangCiti-Regular.ttf", O_RDONLY|O_CLOEXEC) = 6
[pid 185590] 14:15:50.041568 openat(AT_FDCWD, "/usr/share/fonts/truetype/noto/NotoSansYi-Regular.ttf", O_RDONLY|O_CLOEXEC) = 6
[pid 185590] 14:15:50.041769 openat(AT_FDCWD, "/usr/share/fonts/truetype/noto/NotoSansZanabazarSquare-Regular.ttf", O_RDONLY|O_CLOEXEC) = 6
[pid 185590] 14:15:50.041983 openat(AT_FDCWD, "/usr/share/fonts/truetype/noto/NotoSerif-Bold.ttf", O_RDONLY|O_CLOEXEC) = 6
[pid 185590] 14:15:50.042222 openat(AT_FDCWD, "/usr/share/fonts/truetype/noto/NotoSerif-BoldItalic.ttf", O_RDONLY|O_CLOEXEC) = 6
[pid 185590] 14:15:50.042451 openat(AT_FDCWD, "/usr/share/fonts/truetype/noto/NotoSerif-Italic.ttf", O_RDONLY|O_CLOEXEC) = 6
[pid 185590] 14:15:50.042677 openat(AT_FDCWD, "/usr/share/fonts/truetype/noto/NotoSerif-Regular.ttf", O_RDONLY|O_CLOEXEC) = 6
[pid 185590] 14:15:50.042908 openat(AT_FDCWD, "/usr/share/fonts/truetype/noto/NotoSerifAhom-Regular.ttf", O_RDONLY|O_CLOEXEC) = 6
[pid 185590] 14:15:50.043120 openat(AT_FDCWD, "/usr/share/fonts/truetype/noto/NotoSerifArmenian-Bold.ttf", O_RDONLY|O_CLOEXEC) = 6
[pid 185590] 14:15:50.043328 openat(AT_FDCWD, "/usr/share/fonts/truetype/noto/NotoSerifArmenian-Regular.ttf", O_RDONLY|O_CLOEXEC) = 6
[pid 185590] 14:15:50.043539 openat(AT_FDCWD, "/usr/share/fonts/truetype/noto/NotoSerifBalinese-Regular.ttf", O_RDONLY|O_CLOEXEC) = 6
[pid 185590] 14:15:50.043749 openat(AT_FDCWD, "/usr/share/fonts/truetype/noto/NotoSerifBengali-Bold.ttf", O_RDONLY|O_CLOEXEC) = 6
[pid 185590] 14:15:50.043978 openat(AT_FDCWD, "/usr/share/fonts/truetype/noto/NotoSerifBengali-Regular.ttf", O_RDONLY|O_CLOEXEC) = 6
[pid 185590] 14:15:50.044241 openat(AT_FDCWD, "/usr/share/fonts/truetype/noto/NotoSerifDevanagari-Bold.ttf", O_RDONLY|O_CLOEXEC) = 6
[pid 185590] 14:15:50.044632 openat(AT_FDCWD, "/usr/share/fonts/truetype/noto/NotoSerifDevanagari-Regular.ttf", O_RDONLY|O_CLOEXEC) = 6
[pid 185590] 14:15:50.044869 openat(AT_FDCWD, "/usr/share/fonts/truetype/noto/NotoSerifDisplay-Bold.ttf", O_RDONLY|O_CLOEXEC) = 6
[pid 185590] 14:15:50.045093 openat(AT_FDCWD, "/usr/share/fonts/truetype/noto/NotoSerifDisplay-BoldItalic.ttf", O_RDONLY|O_CLOEXEC) = 6
[pid 185590] 14:15:50.045335 openat(AT_FDCWD, "/usr/share/fonts/truetype/noto/NotoSerifDisplay-Italic.ttf", O_RDONLY|O_CLOEXEC) = 6
[pid 185590] 14:15:50.045596 openat(AT_FDCWD, "/usr/share/fonts/truetype/noto/NotoSerifDisplay-Regular.ttf", O_RDONLY|O_CLOEXEC) = 6
[pid 185590] 14:15:50.045820 openat(AT_FDCWD, "/usr/share/fonts/truetype/noto/NotoSerifDogra-Regular.ttf", O_RDONLY|O_CLOEXEC) = 6
[pid 185590] 14:15:50.046039 openat(AT_FDCWD, "/usr/share/fonts/truetype/noto/NotoSerifEthiopic-Bold.ttf", O_RDONLY|O_CLOEXEC) = 6
[pid 185590] 14:15:50.046274 openat(AT_FDCWD, "/usr/share/fonts/truetype/noto/NotoSerifEthiopic-Regular.ttf", O_RDONLY|O_CLOEXEC) = 6
[pid 185590] 14:15:50.046490 openat(AT_FDCWD, "/usr/share/fonts/truetype/noto/NotoSerifGeorgian-Bold.ttf", O_RDONLY|O_CLOEXEC) = 6
[pid 185590] 14:15:50.046694 openat(AT_FDCWD, "/usr/share/fonts/truetype/noto/NotoSerifGeorgian-Regular.ttf", O_RDONLY|O_CLOEXEC) = 6
[pid 185590] 14:15:50.046896 openat(AT_FDCWD, "/usr/share/fonts/truetype/noto/NotoSerifGrantha-Regular.ttf", O_RDONLY|O_CLOEXEC) = 6
[pid 185590] 14:15:50.047111 openat(AT_FDCWD, "/usr/share/fonts/truetype/noto/NotoSerifGujarati-Bold.ttf", O_RDONLY|O_CLOEXEC) = 6
[pid 185590] 14:15:50.047323 openat(AT_FDCWD, "/usr/share/fonts/truetype/noto/NotoSerifGujarati-Regular.ttf", O_RDONLY|O_CLOEXEC) = 6
[pid 185590] 14:15:50.047515 openat(AT_FDCWD, "/usr/share/fonts/truetype/noto/NotoSerifGurmukhi-Bold.ttf", O_RDONLY|O_CLOEXEC) = 6
[pid 185590] 14:15:50.047704 openat(AT_FDCWD, "/usr/share/fonts/truetype/noto/NotoSerifGurmukhi-Regular.ttf", O_RDONLY|O_CLOEXEC) = 6
[pid 185590] 14:15:50.047893 openat(AT_FDCWD, "/usr/share/fonts/truetype/noto/NotoSerifHebrew-Bold.ttf", O_RDONLY|O_CLOEXEC) = 6
[pid 185590] 14:15:50.048115 openat(AT_FDCWD, "/usr/share/fonts/truetype/noto/NotoSerifHebrew-Regular.ttf", O_RDONLY|O_CLOEXEC) = 6
[pid 185590] 14:15:50.048310 openat(AT_FDCWD, "/usr/share/fonts/truetype/noto/NotoSerifKannada-Bold.ttf", O_RDONLY|O_CLOEXEC) = 6
[pid 185590] 14:15:50.048509 openat(AT_FDCWD, "/usr/share/fonts/truetype/noto/NotoSerifKannada-Regular.ttf", O_RDONLY|O_CLOEXEC) = 6
[pid 185590] 14:15:50.048712 openat(AT_FDCWD, "/usr/share/fonts/truetype/noto/NotoSerifKhmer-Bold.ttf", O_RDONLY|O_CLOEXEC) = 6
[pid 185590] 14:15:50.048918 openat(AT_FDCWD, "/usr/share/fonts/truetype/noto/NotoSerifKhmer-Regular.ttf", O_RDONLY|O_CLOEXEC) = 6
[pid 185590] 14:15:50.049113 openat(AT_FDCWD, "/usr/share/fonts/truetype/noto/NotoSerifKhojki-Bold.ttf", O_RDONLY|O_CLOEXEC) = 6
[pid 185590] 14:15:50.049307 openat(AT_FDCWD, "/usr/share/fonts/truetype/noto/NotoSerifKhojki-Regular.ttf", O_RDONLY|O_CLOEXEC) = 6
[pid 185590] 14:15:50.049504 openat(AT_FDCWD, "/usr/share/fonts/truetype/noto/NotoSerifLao-Bold.ttf", O_RDONLY|O_CLOEXEC) = 6
[pid 185590] 14:15:50.049697 openat(AT_FDCWD, "/usr/share/fonts/truetype/noto/NotoSerifLao-Regular.ttf", O_RDONLY|O_CLOEXEC) = 6
[pid 185590] 14:15:50.049918 openat(AT_FDCWD, "/usr/share/fonts/truetype/noto/NotoSerifMalayalam-Bold.ttf", O_RDONLY|O_CLOEXEC) = 6
[pid 185590] 14:15:50.050115 openat(AT_FDCWD, "/usr/share/fonts/truetype/noto/NotoSerifMalayalam-Regular.ttf", O_RDONLY|O_CLOEXEC) = 6
[pid 185590] 14:15:50.050306 openat(AT_FDCWD, "/usr/share/fonts/truetype/noto/NotoSerifMyanmar-Bold.ttf", O_RDONLY|O_CLOEXEC) = 6
[pid 185590] 14:15:50.050498 openat(AT_FDCWD, "/usr/share/fonts/truetype/noto/NotoSerifMyanmar-Regular.ttf", O_RDONLY|O_CLOEXEC) = 6
[pid 185590] 14:15:50.050691 openat(AT_FDCWD, "/usr/share/fonts/truetype/noto/NotoSerifNyiakengPuachueHmong-Bold.ttf", O_RDONLY|O_CLOEXEC) = 6
[pid 185590] 14:15:50.050950 openat(AT_FDCWD, "/usr/share/fonts/truetype/noto/NotoSerifNyiakengPuachueHmong-Regular.ttf", O_RDONLY|O_CLOEXEC) = 6
[pid 185590] 14:15:50.051173 openat(AT_FDCWD, "/usr/share/fonts/truetype/noto/NotoSerifSinhala-Bold.ttf", O_RDONLY|O_CLOEXEC) = 6
[pid 185590] 14:15:50.051420 openat(AT_FDCWD, "/usr/share/fonts/truetype/noto/NotoSerifSinhala-Regular.ttf", O_RDONLY|O_CLOEXEC) = 6
[pid 185590] 14:15:50.051644 openat(AT_FDCWD, "/usr/share/fonts/truetype/noto/NotoSerifTamil-Bold.ttf", O_RDONLY|O_CLOEXEC) = 6
[pid 185590] 14:15:50.051847 openat(AT_FDCWD, "/usr/share/fonts/truetype/noto/NotoSerifTamil-Regular.ttf", O_RDONLY|O_CLOEXEC) = 6
[pid 185590] 14:15:50.052070 openat(AT_FDCWD, "/usr/share/fonts/truetype/noto/NotoSerifTamilSlanted-Bold.ttf", O_RDONLY|O_CLOEXEC) = 6
[pid 185590] 14:15:50.052258 openat(AT_FDCWD, "/usr/share/fonts/truetype/noto/NotoSerifTamilSlanted-Regular.ttf", O_RDONLY|O_CLOEXEC) = 6
[pid 185590] 14:15:50.052459 openat(AT_FDCWD, "/usr/share/fonts/truetype/noto/NotoSerifTangut-Regular.ttf", O_RDONLY|O_CLOEXEC) = 6
[pid 185590] 14:15:50.052719 openat(AT_FDCWD, "/usr/share/fonts/truetype/noto/NotoSerifTelugu-Bold.ttf", O_RDONLY|O_CLOEXEC) = 6
[pid 185590] 14:15:50.052962 openat(AT_FDCWD, "/usr/share/fonts/truetype/noto/NotoSerifTelugu-Regular.ttf", O_RDONLY|O_CLOEXEC) = 6
[pid 185590] 14:15:50.053169 openat(AT_FDCWD, "/usr/share/fonts/truetype/noto/NotoSerifThai-Bold.ttf", O_RDONLY|O_CLOEXEC) = 6
[pid 185590] 14:15:50.053373 openat(AT_FDCWD, "/usr/share/fonts/truetype/noto/NotoSerifThai-Regular.ttf", O_RDONLY|O_CLOEXEC) = 6
[pid 185590] 14:15:50.053556 openat(AT_FDCWD, "/usr/share/fonts/truetype/noto/NotoSerifTibetan-Bold.ttf", O_RDONLY|O_CLOEXEC) = 6
[pid 185590] 14:15:50.053759 openat(AT_FDCWD, "/usr/share/fonts/truetype/noto/NotoSerifTibetan-Regular.ttf", O_RDONLY|O_CLOEXEC) = 6
[pid 185590] 14:15:50.053956 openat(AT_FDCWD, "/usr/share/fonts/truetype/noto/NotoSerifYezidi-Bold.ttf", O_RDONLY|O_CLOEXEC) = 6
[pid 185590] 14:15:50.054144 openat(AT_FDCWD, "/usr/share/fonts/truetype/noto/NotoSerifYezidi-Regular.ttf", O_RDONLY|O_CLOEXEC) = 6
[pid 185590] 14:15:50.054327 openat(AT_FDCWD, "/usr/share/fonts/truetype/noto/NotoTraditionalNushu-Regular.ttf", O_RDONLY|O_CLOEXEC) = 6
[pid 185590] 14:15:50.054521 openat(AT_FDCWD, "/usr/share/fonts/truetype/noto/NotoColorEmoji.ttf", O_RDONLY|O_CLOEXEC) = 6
[pid 185590] 14:15:50.054810 openat(AT_FDCWD, "/usr/share/fonts/truetype/ubuntu", O_RDONLY|O_NONBLOCK|O_CLOEXEC|O_DIRECTORY) = 5
[pid 185590] 14:15:50.055251 openat(AT_FDCWD, "/usr/share/fonts/truetype/ubuntu/Ubuntu[wdth,wght].ttf", O_RDONLY|O_CLOEXEC) = 6
[pid 185590] 14:15:50.055682 openat(AT_FDCWD, "/usr/share/fonts/truetype/ubuntu/Ubuntu-Italic[wdth,wght].ttf", O_RDONLY|O_CLOEXEC) = 6
[pid 185590] 14:15:50.057599 openat(AT_FDCWD, "/usr/share/fonts/truetype/ubuntu/UbuntuMono[wght].ttf", O_RDONLY|O_CLOEXEC) = 6
[pid 185590] 14:15:50.057998 openat(AT_FDCWD, "/usr/share/fonts/truetype/ubuntu/UbuntuMono-Italic[wght].ttf", O_RDONLY|O_CLOEXEC) = 6
[pid 185590] 14:15:50.058566 openat(AT_FDCWD, "/usr/share/fonts/truetype/ubuntu/UbuntuSans-Italic[wdth,wght].ttf", O_RDONLY|O_CLOEXEC) = 6
[pid 185590] 14:15:50.058770 openat(AT_FDCWD, "/usr/share/fonts/truetype/ubuntu/UbuntuSansMono-Italic[wght].ttf", O_RDONLY|O_CLOEXEC) = 6
[pid 185590] 14:15:50.058972 openat(AT_FDCWD, "/usr/share/fonts/truetype/ubuntu/UbuntuSansMono[wght].ttf", O_RDONLY|O_CLOEXEC) = 6
[pid 185590] 14:15:50.059166 openat(AT_FDCWD, "/usr/share/fonts/truetype/ubuntu/UbuntuSans[wdth,wght].ttf", O_RDONLY|O_CLOEXEC) = 6
[pid 185590] 14:15:50.059416 openat(AT_FDCWD, "/usr/share/fonts/truetype/tuffy", O_RDONLY|O_NONBLOCK|O_CLOEXEC|O_DIRECTORY) = 5
[pid 185590] 14:15:50.059548 openat(AT_FDCWD, "/usr/share/fonts/truetype/tuffy/tuffy_bold.ttf", O_RDONLY|O_CLOEXEC) = 6
[pid 185590] 14:15:50.059747 openat(AT_FDCWD, "/usr/share/fonts/truetype/tuffy/tuffy_bold_italic.ttf", O_RDONLY|O_CLOEXEC) = 6
[pid 185590] 14:15:50.059945 openat(AT_FDCWD, "/usr/share/fonts/truetype/tuffy/tuffy_italic.ttf", O_RDONLY|O_CLOEXEC) = 6
[pid 185590] 14:15:50.060138 openat(AT_FDCWD, "/usr/share/fonts/truetype/tuffy/tuffy_regular.ttf", O_RDONLY|O_CLOEXEC) = 6
[pid 185590] 14:15:50.060379 openat(AT_FDCWD, "/usr/share/fonts/truetype/lyx", O_RDONLY|O_NONBLOCK|O_CLOEXEC|O_DIRECTORY) = 5
[pid 185590] 14:15:50.060513 openat(AT_FDCWD, "/usr/share/fonts/truetype/lyx/cmex10.ttf", O_RDONLY|O_CLOEXEC) = 6
[pid 185590] 14:15:50.060702 openat(AT_FDCWD, "/usr/share/fonts/truetype/lyx/cmmi10.ttf", O_RDONLY|O_CLOEXEC) = 6
[pid 185590] 14:15:50.060886 openat(AT_FDCWD, "/usr/share/fonts/truetype/lyx/cmr10.ttf", O_RDONLY|O_CLOEXEC) = 6
[pid 185590] 14:15:50.061081 openat(AT_FDCWD, "/usr/share/fonts/truetype/lyx/cmsy10.ttf", O_RDONLY|O_CLOEXEC) = 6
[pid 185590] 14:15:50.061291 openat(AT_FDCWD, "/usr/share/fonts/truetype/lyx/dsrom10.ttf", O_RDONLY|O_CLOEXEC) = 6
[pid 185590] 14:15:50.061474 openat(AT_FDCWD, "/usr/share/fonts/truetype/lyx/esint10.ttf", O_RDONLY|O_CLOEXEC) = 6
[pid 185590] 14:15:50.061680 openat(AT_FDCWD, "/usr/share/fonts/truetype/lyx/eufm10.ttf", O_RDONLY|O_CLOEXEC) = 6
[pid 185590] 14:15:50.061875 openat(AT_FDCWD, "/usr/share/fonts/truetype/lyx/msam10.ttf", O_RDONLY|O_CLOEXEC) = 6
[pid 185590] 14:15:50.062068 openat(AT_FDCWD, "/usr/share/fonts/truetype/lyx/msbm10.ttf", O_RDONLY|O_CLOEXEC) = 6
[pid 185590] 14:15:50.062253 openat(AT_FDCWD, "/usr/share/fonts/truetype/lyx/rsfs10.ttf", O_RDONLY|O_CLOEXEC) = 6
[pid 185590] 14:15:50.062454 openat(AT_FDCWD, "/usr/share/fonts/truetype/lyx/stmary10.ttf", O_RDONLY|O_CLOEXEC) = 6
[pid 185590] 14:15:50.062637 openat(AT_FDCWD, "/usr/share/fonts/truetype/lyx/wasy10.ttf", O_RDONLY|O_CLOEXEC) = 6
[pid 185590] 14:15:50.062866 openat(AT_FDCWD, "/usr/share/fonts/truetype/open-sans", O_RDONLY|O_NONBLOCK|O_CLOEXEC|O_DIRECTORY) = 5
[pid 185590] 14:15:50.063000 openat(AT_FDCWD, "/usr/share/fonts/truetype/open-sans/OpenSans-Bold.ttf", O_RDONLY|O_CLOEXEC) = 6
[pid 185590] 14:15:50.063207 openat(AT_FDCWD, "/usr/share/fonts/truetype/open-sans/OpenSans-BoldItalic.ttf", O_RDONLY|O_CLOEXEC) = 6
[pid 185590] 14:15:50.063437 openat(AT_FDCWD, "/usr/share/fonts/truetype/open-sans/OpenSans-CondBold.ttf", O_RDONLY|O_CLOEXEC) = 6
[pid 185590] 14:15:50.063667 openat(AT_FDCWD, "/usr/share/fonts/truetype/open-sans/OpenSans-CondLight.ttf", O_RDONLY|O_CLOEXEC) = 6
[pid 185590] 14:15:50.063896 openat(AT_FDCWD, "/usr/share/fonts/truetype/open-sans/OpenSans-CondLightItalic.ttf", O_RDONLY|O_CLOEXEC) = 6
[pid 185590] 14:15:50.064107 openat(AT_FDCWD, "/usr/share/fonts/truetype/open-sans/OpenSans-ExtraBold.ttf", O_RDONLY|O_CLOEXEC) = 6
[pid 185590] 14:15:50.064295 openat(AT_FDCWD, "/usr/share/fonts/truetype/open-sans/OpenSans-ExtraBoldItalic.ttf", O_RDONLY|O_CLOEXEC) = 6
[pid 185590] 14:15:50.064478 openat(AT_FDCWD, "/usr/share/fonts/truetype/open-sans/OpenSans-Italic.ttf", O_RDONLY|O_CLOEXEC) = 6
[pid 185590] 14:15:50.064660 openat(AT_FDCWD, "/usr/share/fonts/truetype/open-sans/OpenSans-Light.ttf", O_RDONLY|O_CLOEXEC) = 6
[pid 185590] 14:15:50.064839 openat(AT_FDCWD, "/usr/share/fonts/truetype/open-sans/OpenSans-LightItalic.ttf", O_RDONLY|O_CLOEXEC) = 6
[pid 185590] 14:15:50.065029 openat(AT_FDCWD, "/usr/share/fonts/truetype/open-sans/OpenSans-Regular.ttf", O_RDONLY|O_CLOEXEC) = 6
[pid 185590] 14:15:50.065209 openat(AT_FDCWD, "/usr/share/fonts/truetype/open-sans/OpenSans-Semibold.ttf", O_RDONLY|O_CLOEXEC) = 6
[pid 185590] 14:15:50.065392 openat(AT_FDCWD, "/usr/share/fonts/truetype/open-sans/OpenSans-SemiboldItalic.ttf", O_RDONLY|O_CLOEXEC) = 6
[pid 185590] 14:15:50.065630 openat(AT_FDCWD, "/usr/share/fonts/truetype/lato", O_RDONLY|O_NONBLOCK|O_CLOEXEC|O_DIRECTORY) = 5
[pid 185590] 14:15:50.065763 openat(AT_FDCWD, "/usr/share/fonts/truetype/lato/Lato-Black.ttf", O_RDONLY|O_CLOEXEC) = 6
[pid 185590] 14:15:50.065956 openat(AT_FDCWD, "/usr/share/fonts/truetype/lato/Lato-BlackItalic.ttf", O_RDONLY|O_CLOEXEC) = 6
[pid 185590] 14:15:50.066142 openat(AT_FDCWD, "/usr/share/fonts/truetype/lato/Lato-Bold.ttf", O_RDONLY|O_CLOEXEC) = 6
[pid 185590] 14:15:50.066335 openat(AT_FDCWD, "/usr/share/fonts/truetype/lato/Lato-BoldItalic.ttf", O_RDONLY|O_CLOEXEC) = 6
[pid 185590] 14:15:50.066560 openat(AT_FDCWD, "/usr/share/fonts/truetype/lato/Lato-Hairline.ttf", O_RDONLY|O_CLOEXEC) = 6
[pid 185590] 14:15:50.066774 openat(AT_FDCWD, "/usr/share/fonts/truetype/lato/Lato-HairlineItalic.ttf", O_RDONLY|O_CLOEXEC) = 6
[pid 185590] 14:15:50.067003 openat(AT_FDCWD, "/usr/share/fonts/truetype/lato/Lato-Heavy.ttf", O_RDONLY|O_CLOEXEC) = 6
[pid 185590] 14:15:50.067213 openat(AT_FDCWD, "/usr/share/fonts/truetype/lato/Lato-HeavyItalic.ttf", O_RDONLY|O_CLOEXEC) = 6
[pid 185590] 14:15:50.067414 openat(AT_FDCWD, "/usr/share/fonts/truetype/lato/Lato-Italic.ttf", O_RDONLY|O_CLOEXEC) = 6
[pid 185590] 14:15:50.067616 openat(AT_FDCWD, "/usr/share/fonts/truetype/lato/Lato-Light.ttf", O_RDONLY|O_CLOEXEC) = 6
[pid 185590] 14:15:50.067842 openat(AT_FDCWD, "/usr/share/fonts/truetype/lato/Lato-LightItalic.ttf", O_RDONLY|O_CLOEXEC) = 6
[pid 185590] 14:15:50.068044 openat(AT_FDCWD, "/usr/share/fonts/truetype/lato/Lato-Medium.ttf", O_RDONLY|O_CLOEXEC) = 6
[pid 185590] 14:15:50.068245 openat(AT_FDCWD, "/usr/share/fonts/truetype/lato/Lato-MediumItalic.ttf", O_RDONLY|O_CLOEXEC) = 6
[pid 185590] 14:15:50.068429 openat(AT_FDCWD, "/usr/share/fonts/truetype/lato/Lato-Regular.ttf", O_RDONLY|O_CLOEXEC) = 6
[pid 185590] 14:15:50.068611 openat(AT_FDCWD, "/usr/share/fonts/truetype/lato/Lato-Semibold.ttf", O_RDONLY|O_CLOEXEC) = 6
[pid 185590] 14:15:50.068788 openat(AT_FDCWD, "/usr/share/fonts/truetype/lato/Lato-SemiboldItalic.ttf", O_RDONLY|O_CLOEXEC) = 6
[pid 185590] 14:15:50.069029 openat(AT_FDCWD, "/usr/share/fonts/truetype/lato/Lato-Thin.ttf", O_RDONLY|O_CLOEXEC) = 6
[pid 185590] 14:15:50.069265 openat(AT_FDCWD, "/usr/share/fonts/truetype/lato/Lato-ThinItalic.ttf", O_RDONLY|O_CLOEXEC) = 6
[pid 185590] 14:15:50.069552 openat(AT_FDCWD, "/usr/share/fonts/truetype/adf", O_RDONLY|O_NONBLOCK|O_CLOEXEC|O_DIRECTORY) = 5
[pid 185590] 14:15:50.069707 openat(AT_FDCWD, "/usr/share/fonts/truetype/adf/OldaniaADFStd-Bold.otf", O_RDONLY|O_CLOEXEC) = 6
[pid 185590] 14:15:50.069962 openat(AT_FDCWD, "/usr/share/fonts/truetype/adf/OldaniaADFStd-BoldItalic.otf", O_RDONLY|O_CLOEXEC) = 6
[pid 185590] 14:15:50.070154 openat(AT_FDCWD, "/usr/share/fonts/truetype/adf/OldaniaADFStd-Italic.otf", O_RDONLY|O_CLOEXEC) = 6
[pid 185590] 14:15:50.070316 openat(AT_FDCWD, "/usr/share/fonts/truetype/adf/OldaniaADFStd-Regular.otf", O_RDONLY|O_CLOEXEC) = 6
[pid 185590] 14:15:50.070512 openat(AT_FDCWD, "/usr/share/fonts/truetype/font-awesome", O_RDONLY|O_NONBLOCK|O_CLOEXEC|O_DIRECTORY) = 5
[pid 185590] 14:15:50.070618 openat(AT_FDCWD, "/usr/share/fonts/truetype/font-awesome/fontawesome-webfont.ttf", O_RDONLY|O_CLOEXEC) = 6
[pid 185590] 14:15:50.070827 openat(AT_FDCWD, "/usr/share/fonts/truetype/glyphicons", O_RDONLY|O_NONBLOCK|O_CLOEXEC|O_DIRECTORY) = 5
[pid 185590] 14:15:50.070960 openat(AT_FDCWD, "/usr/share/fonts/truetype/glyphicons/glyphicons-halflings-regular.ttf", O_RDONLY|O_CLOEXEC) = 6
[pid 185590] 14:15:50.071188 openat(AT_FDCWD, "/usr/share/fonts/truetype/gfonts", O_RDONLY|O_NONBLOCK|O_CLOEXEC|O_DIRECTORY) = 5
[pid 185590] 14:15:50.071310 openat(AT_FDCWD, "/usr/share/fonts/truetype/gfonts/alegreya", O_RDONLY|O_NONBLOCK|O_CLOEXEC|O_DIRECTORY) = 6
[pid 185590] 14:15:50.071434 openat(AT_FDCWD, "/usr/share/fonts/truetype/gfonts/alegreya/alegreya-v13-latin-700.ttf", O_RDONLY|O_CLOEXEC) = 7
[pid 185590] 14:15:50.071616 openat(AT_FDCWD, "/usr/share/fonts/truetype/gfonts/alegreya/alegreya-v13-latin-italic.ttf", O_RDONLY|O_CLOEXEC) = 7
[pid 185590] 14:15:50.071799 openat(AT_FDCWD, "/usr/share/fonts/truetype/gfonts/alegreya/alegreya-v13-latin-regular.ttf", O_RDONLY|O_CLOEXEC) = 7
[pid 185590] 14:15:50.072046 openat(AT_FDCWD, "/usr/share/fonts/truetype/gfonts/baloo", O_RDONLY|O_NONBLOCK|O_CLOEXEC|O_DIRECTORY) = 6
[pid 185590] 14:15:50.072168 openat(AT_FDCWD, "/usr/share/fonts/truetype/gfonts/baloo/baloo-2-v1-latin-regular.ttf", O_RDONLY|O_CLOEXEC) = 7
[pid 185590] 14:15:50.072393 openat(AT_FDCWD, "/usr/share/fonts/truetype/gfonts/happy-monkey", O_RDONLY|O_NONBLOCK|O_CLOEXEC|O_DIRECTORY) = 6
[pid 185590] 14:15:50.072525 openat(AT_FDCWD, "/usr/share/fonts/truetype/gfonts/happy-monkey/happy-monkey-v8-latin-regular.ttf", O_RDONLY|O_CLOEXEC) = 7
[pid 185590] 14:15:50.072743 openat(AT_FDCWD, "/usr/share/fonts/truetype/gfonts/henny-penny", O_RDONLY|O_NONBLOCK|O_CLOEXEC|O_DIRECTORY) = 6
[pid 185590] 14:15:50.072861 openat(AT_FDCWD, "/usr/share/fonts/truetype/gfonts/henny-penny/henny-penny-v7-latin-regular.ttf", O_RDONLY|O_CLOEXEC) = 7
[pid 185590] 14:15:50.073115 openat(AT_FDCWD, "/usr/share/fonts/truetype/gfonts/lato", O_RDONLY|O_NONBLOCK|O_CLOEXEC|O_DIRECTORY) = 6
[pid 185590] 14:15:50.073236 openat(AT_FDCWD, "/usr/share/fonts/truetype/gfonts/lato/lato-v16-latin-300italic.ttf", O_RDONLY|O_CLOEXEC) = 7
[pid 185590] 14:15:50.073408 openat(AT_FDCWD, "/usr/share/fonts/truetype/gfonts/lato/lato-v16-latin-700.ttf", O_RDONLY|O_CLOEXEC) = 7
[pid 185590] 14:15:50.073603 openat(AT_FDCWD, "/usr/share/fonts/truetype/gfonts/lato/lato-v16-latin-regular.ttf", O_RDONLY|O_CLOEXEC) = 7
[pid 185590] 14:15:50.073825 openat(AT_FDCWD, "/usr/share/fonts/truetype/gfonts/montserrat", O_RDONLY|O_NONBLOCK|O_CLOEXEC|O_DIRECTORY) = 6
[pid 185590] 14:15:50.073947 openat(AT_FDCWD, "/usr/share/fonts/truetype/gfonts/montserrat/montserrat-v14-latin-300italic.ttf", O_RDONLY|O_CLOEXEC) = 7
[pid 185590] 14:15:50.074105 openat(AT_FDCWD, "/usr/share/fonts/truetype/gfonts/montserrat/montserrat-v14-latin-700.ttf", O_RDONLY|O_CLOEXEC) = 7
[pid 185590] 14:15:50.074254 openat(AT_FDCWD, "/usr/share/fonts/truetype/gfonts/montserrat/montserrat-v14-latin-regular.ttf", O_RDONLY|O_CLOEXEC) = 7
[pid 185590] 14:15:50.074444 openat(AT_FDCWD, "/usr/share/fonts/truetype/gfonts/nunito-sans", O_RDONLY|O_NONBLOCK|O_CLOEXEC|O_DIRECTORY) = 6
[pid 185590] 14:15:50.074546 openat(AT_FDCWD, "/usr/share/fonts/truetype/gfonts/nunito-sans/nunito-sans-v5-latin-700.ttf", O_RDONLY|O_CLOEXEC) = 7
[pid 185590] 14:15:50.074706 openat(AT_FDCWD, "/usr/share/fonts/truetype/gfonts/nunito-sans/nunito-sans-v5-latin-italic.ttf", O_RDONLY|O_CLOEXEC) = 7
[pid 185590] 14:15:50.074857 openat(AT_FDCWD, "/usr/share/fonts/truetype/gfonts/nunito-sans/nunito-sans-v5-latin-regular.ttf", O_RDONLY|O_CLOEXEC) = 7
[pid 185590] 14:15:50.075054 openat(AT_FDCWD, "/usr/share/fonts/truetype/gfonts/oswald", O_RDONLY|O_NONBLOCK|O_CLOEXEC|O_DIRECTORY) = 6
[pid 185590] 14:15:50.075201 openat(AT_FDCWD, "/usr/share/fonts/truetype/gfonts/poppins", O_RDONLY|O_NONBLOCK|O_CLOEXEC|O_DIRECTORY) = 6
[pid 185590] 14:15:50.075365 openat(AT_FDCWD, "/usr/share/fonts/truetype/gfonts/roboto", O_RDONLY|O_NONBLOCK|O_CLOEXEC|O_DIRECTORY) = 6
[pid 185590] 14:15:50.075483 openat(AT_FDCWD, "/usr/share/fonts/truetype/gfonts/roboto/roboto-v20-latin-300italic.ttf", O_RDONLY|O_CLOEXEC) = 7
[pid 185590] 14:15:50.075652 openat(AT_FDCWD, "/usr/share/fonts/truetype/gfonts/roboto/roboto-v20-latin-700.ttf", O_RDONLY|O_CLOEXEC) = 7
[pid 185590] 14:15:50.075802 openat(AT_FDCWD, "/usr/share/fonts/truetype/gfonts/roboto/roboto-v20-latin-regular.ttf", O_RDONLY|O_CLOEXEC) = 7
[pid 185590] 14:15:50.076040 openat(AT_FDCWD, "/usr/share/fonts/truetype/ttf-bitstream-vera", O_RDONLY|O_NONBLOCK|O_CLOEXEC|O_DIRECTORY) = 5
[pid 185590] 14:15:50.076158 openat(AT_FDCWD, "/usr/share/fonts/truetype/ttf-bitstream-vera/Vera.ttf", O_RDONLY|O_CLOEXEC) = 6
[pid 185590] 14:15:50.076336 openat(AT_FDCWD, "/usr/share/fonts/truetype/ttf-bitstream-vera/VeraBI.ttf", O_RDONLY|O_CLOEXEC) = 6
[pid 185590] 14:15:50.076503 openat(AT_FDCWD, "/usr/share/fonts/truetype/ttf-bitstream-vera/VeraBd.ttf", O_RDONLY|O_CLOEXEC) = 6
[pid 185590] 14:15:50.076671 openat(AT_FDCWD, "/usr/share/fonts/truetype/ttf-bitstream-vera/VeraIt.ttf", O_RDONLY|O_CLOEXEC) = 6
[pid 185590] 14:15:50.076837 openat(AT_FDCWD, "/usr/share/fonts/truetype/ttf-bitstream-vera/VeraMoBI.ttf", O_RDONLY|O_CLOEXEC) = 6
[pid 185590] 14:15:50.077007 openat(AT_FDCWD, "/usr/share/fonts/truetype/ttf-bitstream-vera/VeraMoBd.ttf", O_RDONLY|O_CLOEXEC) = 6
[pid 185590] 14:15:50.077176 openat(AT_FDCWD, "/usr/share/fonts/truetype/ttf-bitstream-vera/VeraMoIt.ttf", O_RDONLY|O_CLOEXEC) = 6
[pid 185590] 14:15:50.077345 openat(AT_FDCWD, "/usr/share/fonts/truetype/ttf-bitstream-vera/VeraMono.ttf", O_RDONLY|O_CLOEXEC) = 6
[pid 185590] 14:15:50.077510 openat(AT_FDCWD, "/usr/share/fonts/truetype/ttf-bitstream-vera/VeraSe.ttf", O_RDONLY|O_CLOEXEC) = 6
[pid 185590] 14:15:50.077673 openat(AT_FDCWD, "/usr/share/fonts/truetype/ttf-bitstream-vera/VeraSeBd.ttf", O_RDONLY|O_CLOEXEC) = 6
[pid 185590] 14:15:50.077949 openat(AT_FDCWD, "/usr/share/fonts/type1", O_RDONLY|O_NONBLOCK|O_CLOEXEC|O_DIRECTORY) = 4
[pid 185590] 14:15:50.078084 openat(AT_FDCWD, "/usr/share/fonts/type1/urw-base35", O_RDONLY|O_NONBLOCK|O_CLOEXEC|O_DIRECTORY) = 5
[pid 185590] 14:15:50.078394 openat(AT_FDCWD, "/usr/share/fonts/type1/texlive-fonts-recommended", O_RDONLY|O_NONBLOCK|O_CLOEXEC|O_DIRECTORY) = 5
[pid 185590] 14:15:50.086427 openat(AT_FDCWD, "/usr/local/share/fonts", O_RDONLY|O_NONBLOCK|O_CLOEXEC|O_DIRECTORY) = 3
[pid 185590] 14:15:50.086640 openat(AT_FDCWD, "/home/dikluwe/.local/share/fonts", O_RDONLY|O_NONBLOCK|O_CLOEXEC|O_DIRECTORY) = 3
[pid 185590] 14:15:50.086805 openat(AT_FDCWD, "/home/dikluwe/.local/share/fonts/AdwaitaMono", O_RDONLY|O_NONBLOCK|O_CLOEXEC|O_DIRECTORY) = 4
[pid 185590] 14:15:50.086958 openat(AT_FDCWD, "/home/dikluwe/.local/share/fonts/AdwaitaMono/AdwaitaMonoNerdFont-BoldItalic.ttf", O_RDONLY|O_CLOEXEC) = 5
[pid 185590] 14:15:50.087147 openat(AT_FDCWD, "/home/dikluwe/.local/share/fonts/AdwaitaMono/AdwaitaMonoNerdFontMono-Regular.ttf", O_RDONLY|O_CLOEXEC) = 5
[pid 185590] 14:15:50.087314 openat(AT_FDCWD, "/home/dikluwe/.local/share/fonts/AdwaitaMono/AdwaitaMonoNerdFont-Regular.ttf", O_RDONLY|O_CLOEXEC) = 5
[pid 185590] 14:15:50.087477 openat(AT_FDCWD, "/home/dikluwe/.local/share/fonts/AdwaitaMono/AdwaitaMonoNerdFontPropo-Regular.ttf", O_RDONLY|O_CLOEXEC) = 5
[pid 185590] 14:15:50.087641 openat(AT_FDCWD, "/home/dikluwe/.local/share/fonts/AdwaitaMono/AdwaitaMonoNerdFontMono-BoldItalic.ttf", O_RDONLY|O_CLOEXEC) = 5
[pid 185590] 14:15:50.087803 openat(AT_FDCWD, "/home/dikluwe/.local/share/fonts/AdwaitaMono/AdwaitaMonoNerdFont-Bold.ttf", O_RDONLY|O_CLOEXEC) = 5
[pid 185590] 14:15:50.088003 openat(AT_FDCWD, "/home/dikluwe/.local/share/fonts/AdwaitaMono/AdwaitaMonoNerdFontPropo-Italic.ttf", O_RDONLY|O_CLOEXEC) = 5
[pid 185590] 14:15:50.088234 openat(AT_FDCWD, "/home/dikluwe/.local/share/fonts/AdwaitaMono/AdwaitaMonoNerdFontPropo-Bold.ttf", O_RDONLY|O_CLOEXEC) = 5
[pid 185590] 14:15:50.088422 openat(AT_FDCWD, "/home/dikluwe/.local/share/fonts/AdwaitaMono/AdwaitaMonoNerdFontPropo-BoldItalic.ttf", O_RDONLY|O_CLOEXEC) = 5
[pid 185590] 14:15:50.088598 openat(AT_FDCWD, "/home/dikluwe/.local/share/fonts/AdwaitaMono/AdwaitaMonoNerdFont-Italic.ttf", O_RDONLY|O_CLOEXEC) = 5
[pid 185590] 14:15:50.088781 openat(AT_FDCWD, "/home/dikluwe/.local/share/fonts/AdwaitaMono/AdwaitaMonoNerdFontMono-Italic.ttf", O_RDONLY|O_CLOEXEC) = 5
[pid 185590] 14:15:50.088958 openat(AT_FDCWD, "/home/dikluwe/.local/share/fonts/AdwaitaMono/AdwaitaMonoNerdFontMono-Bold.ttf", O_RDONLY|O_CLOEXEC) = 5
[pid 185590] 14:15:50.089167 openat(AT_FDCWD, "/home/dikluwe/.local/share/fonts/Agave", O_RDONLY|O_NONBLOCK|O_CLOEXEC|O_DIRECTORY) = 4
[pid 185590] 14:15:50.089287 openat(AT_FDCWD, "/home/dikluwe/.local/share/fonts/Agave/AgaveNerdFont-Bold.ttf", O_RDONLY|O_CLOEXEC) = 5
[pid 185590] 14:15:50.089563 openat(AT_FDCWD, "/home/dikluwe/.local/share/fonts/Agave/AgaveNerdFontMono-Regular.ttf", O_RDONLY|O_CLOEXEC) = 5
[pid 185590] 14:15:50.089750 openat(AT_FDCWD, "/home/dikluwe/.local/share/fonts/Agave/AgaveNerdFontMono-Bold.ttf", O_RDONLY|O_CLOEXEC) = 5
[pid 185590] 14:15:50.089961 openat(AT_FDCWD, "/home/dikluwe/.local/share/fonts/Agave/AgaveNerdFontPropo-Bold.ttf", O_RDONLY|O_CLOEXEC) = 5
[pid 185590] 14:15:50.090163 openat(AT_FDCWD, "/home/dikluwe/.local/share/fonts/Agave/AgaveNerdFont-Regular.ttf", O_RDONLY|O_CLOEXEC) = 5
[pid 185590] 14:15:50.090349 openat(AT_FDCWD, "/home/dikluwe/.local/share/fonts/Agave/AgaveNerdFontPropo-Regular.ttf", O_RDONLY|O_CLOEXEC) = 5
[pid 185590] 14:15:50.090583 openat(AT_FDCWD, "/home/dikluwe/.local/share/fonts/Arimo", O_RDONLY|O_NONBLOCK|O_CLOEXEC|O_DIRECTORY) = 4
[pid 185590] 14:15:50.090723 openat(AT_FDCWD, "/home/dikluwe/.local/share/fonts/Arimo/ArimoNerdFont-Italic.ttf", O_RDONLY|O_CLOEXEC) = 5
[pid 185590] 14:15:50.090910 openat(AT_FDCWD, "/home/dikluwe/.local/share/fonts/Arimo/ArimoNerdFontPropo-Italic.ttf", O_RDONLY|O_CLOEXEC) = 5
[pid 185590] 14:15:50.091083 openat(AT_FDCWD, "/home/dikluwe/.local/share/fonts/Arimo/ArimoNerdFont-BoldItalic.ttf", O_RDONLY|O_CLOEXEC) = 5
[pid 185590] 14:15:50.091243 openat(AT_FDCWD, "/home/dikluwe/.local/share/fonts/Arimo/ArimoNerdFontPropo-BoldItalic.ttf", O_RDONLY|O_CLOEXEC) = 5
[pid 185590] 14:15:50.091403 openat(AT_FDCWD, "/home/dikluwe/.local/share/fonts/Arimo/ArimoNerdFontPropo-Regular.ttf", O_RDONLY|O_CLOEXEC) = 5
[pid 185590] 14:15:50.091610 openat(AT_FDCWD, "/home/dikluwe/.local/share/fonts/Arimo/ArimoNerdFont-Regular.ttf", O_RDONLY|O_CLOEXEC) = 5
[pid 185590] 14:15:50.091817 openat(AT_FDCWD, "/home/dikluwe/.local/share/fonts/Arimo/ArimoNerdFontPropo-Bold.ttf", O_RDONLY|O_CLOEXEC) = 5
[pid 185590] 14:15:50.092011 openat(AT_FDCWD, "/home/dikluwe/.local/share/fonts/Arimo/ArimoNerdFont-Bold.ttf", O_RDONLY|O_CLOEXEC) = 5
[pid 185590] 14:15:50.092240 openat(AT_FDCWD, "/home/dikluwe/.local/share/fonts/CodeNewRoman", O_RDONLY|O_NONBLOCK|O_CLOEXEC|O_DIRECTORY) = 4
[pid 185590] 14:15:50.092377 openat(AT_FDCWD, "/home/dikluwe/.local/share/fonts/CodeNewRoman/CodeNewRomanNerdFont-Italic.otf", O_RDONLY|O_CLOEXEC) = 5
[pid 185590] 14:15:50.092546 openat(AT_FDCWD, "/home/dikluwe/.local/share/fonts/CodeNewRoman/CodeNewRomanNerdFontPropo-Italic.otf", O_RDONLY|O_CLOEXEC) = 5
[pid 185590] 14:15:50.092713 openat(AT_FDCWD, "/home/dikluwe/.local/share/fonts/CodeNewRoman/CodeNewRomanNerdFontMono-Italic.otf", O_RDONLY|O_CLOEXEC) = 5
[pid 185590] 14:15:50.092879 openat(AT_FDCWD, "/home/dikluwe/.local/share/fonts/CodeNewRoman/CodeNewRomanNerdFontPropo-Regular.otf", O_RDONLY|O_CLOEXEC) = 5
[pid 185590] 14:15:50.093058 openat(AT_FDCWD, "/home/dikluwe/.local/share/fonts/CodeNewRoman/CodeNewRomanNerdFontMono-Regular.otf", O_RDONLY|O_CLOEXEC) = 5
[pid 185590] 14:15:50.093257 openat(AT_FDCWD, "/home/dikluwe/.local/share/fonts/CodeNewRoman/CodeNewRomanNerdFont-Regular.otf", O_RDONLY|O_CLOEXEC) = 5
[pid 185590] 14:15:50.093481 openat(AT_FDCWD, "/home/dikluwe/.local/share/fonts/CodeNewRoman/CodeNewRomanNerdFont-Bold.otf", O_RDONLY|O_CLOEXEC) = 5
[pid 185590] 14:15:50.093663 openat(AT_FDCWD, "/home/dikluwe/.local/share/fonts/CodeNewRoman/CodeNewRomanNerdFontPropo-Bold.otf", O_RDONLY|O_CLOEXEC) = 5
[pid 185590] 14:15:50.093867 openat(AT_FDCWD, "/home/dikluwe/.local/share/fonts/CodeNewRoman/CodeNewRomanNerdFontMono-Bold.otf", O_RDONLY|O_CLOEXEC) = 5
[pid 185590] 14:15:50.094175 openat(AT_FDCWD, "/home/dikluwe/.local/share/fonts/CommitMono", O_RDONLY|O_NONBLOCK|O_CLOEXEC|O_DIRECTORY) = 4
[pid 185590] 14:15:50.094321 openat(AT_FDCWD, "/home/dikluwe/.local/share/fonts/CommitMono/CommitMonoNerdFontMono-BoldItalic.otf", O_RDONLY|O_CLOEXEC) = 5
[pid 185590] 14:15:50.094495 openat(AT_FDCWD, "/home/dikluwe/.local/share/fonts/CommitMono/CommitMonoNerdFontPropo-Regular.otf", O_RDONLY|O_CLOEXEC) = 5
[pid 185590] 14:15:50.094666 openat(AT_FDCWD, "/home/dikluwe/.local/share/fonts/CommitMono/CommitMonoNerdFont-Regular.otf", O_RDONLY|O_CLOEXEC) = 5
[pid 185590] 14:15:50.094828 openat(AT_FDCWD, "/home/dikluwe/.local/share/fonts/CommitMono/CommitMonoNerdFontMono-Regular.otf", O_RDONLY|O_CLOEXEC) = 5
[pid 185590] 14:15:50.094992 openat(AT_FDCWD, "/home/dikluwe/.local/share/fonts/CommitMono/CommitMonoNerdFont-Italic.otf", O_RDONLY|O_CLOEXEC) = 5
[pid 185590] 14:15:50.095150 openat(AT_FDCWD, "/home/dikluwe/.local/share/fonts/CommitMono/CommitMonoNerdFontMono-Bold.otf", O_RDONLY|O_CLOEXEC) = 5
[pid 185590] 14:15:50.095311 openat(AT_FDCWD, "/home/dikluwe/.local/share/fonts/CommitMono/CommitMonoNerdFontPropo-Italic.otf", O_RDONLY|O_CLOEXEC) = 5
[pid 185590] 14:15:50.095474 openat(AT_FDCWD, "/home/dikluwe/.local/share/fonts/CommitMono/CommitMonoNerdFont-Bold.otf", O_RDONLY|O_CLOEXEC) = 5
[pid 185590] 14:15:50.095634 openat(AT_FDCWD, "/home/dikluwe/.local/share/fonts/CommitMono/CommitMonoNerdFontPropo-Bold.otf", O_RDONLY|O_CLOEXEC) = 5
[pid 185590] 14:15:50.095797 openat(AT_FDCWD, "/home/dikluwe/.local/share/fonts/CommitMono/CommitMonoNerdFont-BoldItalic.otf", O_RDONLY|O_CLOEXEC) = 5
[pid 185590] 14:15:50.095958 openat(AT_FDCWD, "/home/dikluwe/.local/share/fonts/CommitMono/CommitMonoNerdFontPropo-BoldItalic.otf", O_RDONLY|O_CLOEXEC) = 5
[pid 185590] 14:15:50.096124 openat(AT_FDCWD, "/home/dikluwe/.local/share/fonts/CommitMono/CommitMonoNerdFontMono-Italic.otf", O_RDONLY|O_CLOEXEC) = 5
[pid 185590] 14:15:50.096343 openat(AT_FDCWD, "/home/dikluwe/.local/share/fonts/FiraCode", O_RDONLY|O_NONBLOCK|O_CLOEXEC|O_DIRECTORY) = 4
[pid 185590] 14:15:50.096494 openat(AT_FDCWD, "/home/dikluwe/.local/share/fonts/FiraCode/FiraCodeNerdFontMono-SemiBold.ttf", O_RDONLY|O_CLOEXEC) = 5
[pid 185590] 14:15:50.096691 openat(AT_FDCWD, "/home/dikluwe/.local/share/fonts/FiraCode/FiraCodeNerdFont-SemiBold.ttf", O_RDONLY|O_CLOEXEC) = 5
[pid 185590] 14:15:50.096866 openat(AT_FDCWD, "/home/dikluwe/.local/share/fonts/FiraCode/FiraCodeNerdFontPropo-SemiBold.ttf", O_RDONLY|O_CLOEXEC) = 5
[pid 185590] 14:15:50.097052 openat(AT_FDCWD, "/home/dikluwe/.local/share/fonts/FiraCode/FiraCodeNerdFontPropo-Regular.ttf", O_RDONLY|O_CLOEXEC) = 5
[pid 185590] 14:15:50.097215 openat(AT_FDCWD, "/home/dikluwe/.local/share/fonts/FiraCode/FiraCodeNerdFont-Regular.ttf", O_RDONLY|O_CLOEXEC) = 5
[pid 185590] 14:15:50.097375 openat(AT_FDCWD, "/home/dikluwe/.local/share/fonts/FiraCode/FiraCodeNerdFontMono-Regular.ttf", O_RDONLY|O_CLOEXEC) = 5
[pid 185590] 14:15:50.097534 openat(AT_FDCWD, "/home/dikluwe/.local/share/fonts/FiraCode/FiraCodeNerdFontPropo-Retina.ttf", O_RDONLY|O_CLOEXEC) = 5
[pid 185590] 14:15:50.097694 openat(AT_FDCWD, "/home/dikluwe/.local/share/fonts/FiraCode/FiraCodeNerdFontMono-Retina.ttf", O_RDONLY|O_CLOEXEC) = 5
[pid 185590] 14:15:50.097855 openat(AT_FDCWD, "/home/dikluwe/.local/share/fonts/FiraCode/FiraCodeNerdFont-Retina.ttf", O_RDONLY|O_CLOEXEC) = 5
[pid 185590] 14:15:50.098043 openat(AT_FDCWD, "/home/dikluwe/.local/share/fonts/FiraCode/FiraCodeNerdFontMono-Medium.ttf", O_RDONLY|O_CLOEXEC) = 5
[pid 185590] 14:15:50.098225 openat(AT_FDCWD, "/home/dikluwe/.local/share/fonts/FiraCode/FiraCodeNerdFont-Medium.ttf", O_RDONLY|O_CLOEXEC) = 5
[pid 185590] 14:15:50.098423 openat(AT_FDCWD, "/home/dikluwe/.local/share/fonts/FiraCode/FiraCodeNerdFontPropo-Medium.ttf", O_RDONLY|O_CLOEXEC) = 5
[pid 185590] 14:15:50.098602 openat(AT_FDCWD, "/home/dikluwe/.local/share/fonts/FiraCode/FiraCodeNerdFont-Bold.ttf", O_RDONLY|O_CLOEXEC) = 5
[pid 185590] 14:15:50.098779 openat(AT_FDCWD, "/home/dikluwe/.local/share/fonts/FiraCode/FiraCodeNerdFontMono-Bold.ttf", O_RDONLY|O_CLOEXEC) = 5
[pid 185590] 14:15:50.098966 openat(AT_FDCWD, "/home/dikluwe/.local/share/fonts/FiraCode/FiraCodeNerdFontPropo-Bold.ttf", O_RDONLY|O_CLOEXEC) = 5
[pid 185590] 14:15:50.099132 openat(AT_FDCWD, "/home/dikluwe/.local/share/fonts/FiraCode/FiraCodeNerdFontMono-Light.ttf", O_RDONLY|O_CLOEXEC) = 5
[pid 185590] 14:15:50.099290 openat(AT_FDCWD, "/home/dikluwe/.local/share/fonts/FiraCode/FiraCodeNerdFont-Light.ttf", O_RDONLY|O_CLOEXEC) = 5
[pid 185590] 14:15:50.099450 openat(AT_FDCWD, "/home/dikluwe/.local/share/fonts/FiraCode/FiraCodeNerdFontPropo-Light.ttf", O_RDONLY|O_CLOEXEC) = 5
[pid 185590] 14:15:50.099657 openat(AT_FDCWD, "/home/dikluwe/.local/share/fonts/GeistMono", O_RDONLY|O_NONBLOCK|O_CLOEXEC|O_DIRECTORY) = 4
[pid 185590] 14:15:50.099836 openat(AT_FDCWD, "/home/dikluwe/.local/share/fonts/GeistMono/GeistMonoNerdFontPropo-UltraBlack.otf", O_RDONLY|O_CLOEXEC) = 5
[pid 185590] 14:15:50.100032 openat(AT_FDCWD, "/home/dikluwe/.local/share/fonts/GeistMono/GeistMonoNerdFont-Light.otf", O_RDONLY|O_CLOEXEC) = 5
[pid 185590] 14:15:50.100194 openat(AT_FDCWD, "/home/dikluwe/.local/share/fonts/GeistMono/GeistMonoNerdFontPropo-SemiBold.otf", O_RDONLY|O_CLOEXEC) = 5
[pid 185590] 14:15:50.100353 openat(AT_FDCWD, "/home/dikluwe/.local/share/fonts/GeistMono/GeistMonoNerdFontMono-Medium.otf", O_RDONLY|O_CLOEXEC) = 5
[pid 185590] 14:15:50.100525 openat(AT_FDCWD, "/home/dikluwe/.local/share/fonts/GeistMono/GeistMonoNerdFont-Regular.otf", O_RDONLY|O_CLOEXEC) = 5
[pid 185590] 14:15:50.100693 openat(AT_FDCWD, "/home/dikluwe/.local/share/fonts/GeistMono/GeistMonoNerdFontMono-Bold.otf", O_RDONLY|O_CLOEXEC) = 5
[pid 185590] 14:15:50.100850 openat(AT_FDCWD, "/home/dikluwe/.local/share/fonts/GeistMono/GeistMonoNerdFontPropo-Black.otf", O_RDONLY|O_CLOEXEC) = 5
[pid 185590] 14:15:50.101012 openat(AT_FDCWD, "/home/dikluwe/.local/share/fonts/GeistMono/GeistMonoNerdFontPropo-Light.otf", O_RDONLY|O_CLOEXEC) = 5
[pid 185590] 14:15:50.101169 openat(AT_FDCWD, "/home/dikluwe/.local/share/fonts/GeistMono/GeistMonoNerdFontMono-Regular.otf", O_RDONLY|O_CLOEXEC) = 5
[pid 185590] 14:15:50.101329 openat(AT_FDCWD, "/home/dikluwe/.local/share/fonts/GeistMono/GeistMonoNerdFont-SemiBold.otf", O_RDONLY|O_CLOEXEC) = 5
[pid 185590] 14:15:50.101506 openat(AT_FDCWD, "/home/dikluwe/.local/share/fonts/GeistMono/GeistMonoNerdFont-UltraBlack.otf", O_RDONLY|O_CLOEXEC) = 5
[pid 185590] 14:15:50.101670 openat(AT_FDCWD, "/home/dikluwe/.local/share/fonts/GeistMono/GeistMonoNerdFontMono-UltraBlack.otf", O_RDONLY|O_CLOEXEC) = 5
[pid 185590] 14:15:50.101826 openat(AT_FDCWD, "/home/dikluwe/.local/share/fonts/GeistMono/GeistMonoNerdFont-Black.otf", O_RDONLY|O_CLOEXEC) = 5
[pid 185590] 14:15:50.101997 openat(AT_FDCWD, "/home/dikluwe/.local/share/fonts/GeistMono/GeistMonoNerdFont-UltraLight.otf", O_RDONLY|O_CLOEXEC) = 5
[pid 185590] 14:15:50.102160 openat(AT_FDCWD, "/home/dikluwe/.local/share/fonts/GeistMono/GeistMonoNerdFontPropo-UltraLight.otf", O_RDONLY|O_CLOEXEC) = 5
[pid 185590] 14:15:50.102322 openat(AT_FDCWD, "/home/dikluwe/.local/share/fonts/GeistMono/GeistMonoNerdFontPropo-Medium.otf", O_RDONLY|O_CLOEXEC) = 5
[pid 185590] 14:15:50.102486 openat(AT_FDCWD, "/home/dikluwe/.local/share/fonts/GeistMono/GeistMonoNerdFontMono-Thin.otf", O_RDONLY|O_CLOEXEC) = 5
[pid 185590] 14:15:50.102647 openat(AT_FDCWD, "/home/dikluwe/.local/share/fonts/GeistMono/GeistMonoNerdFont-Bold.otf", O_RDONLY|O_CLOEXEC) = 5
[pid 185590] 14:15:50.102810 openat(AT_FDCWD, "/home/dikluwe/.local/share/fonts/GeistMono/GeistMonoNerdFontMono-Light.otf", O_RDONLY|O_CLOEXEC) = 5
[pid 185590] 14:15:50.102983 openat(AT_FDCWD, "/home/dikluwe/.local/share/fonts/GeistMono/GeistMonoNerdFontMono-Black.otf", O_RDONLY|O_CLOEXEC) = 5
[pid 185590] 14:15:50.103142 openat(AT_FDCWD, "/home/dikluwe/.local/share/fonts/GeistMono/GeistMonoNerdFontMono-UltraLight.otf", O_RDONLY|O_CLOEXEC) = 5
[pid 185590] 14:15:50.103296 openat(AT_FDCWD, "/home/dikluwe/.local/share/fonts/GeistMono/GeistMonoNerdFontPropo-Regular.otf", O_RDONLY|O_CLOEXEC) = 5
[pid 185590] 14:15:50.103451 openat(AT_FDCWD, "/home/dikluwe/.local/share/fonts/GeistMono/GeistMonoNerdFont-Medium.otf", O_RDONLY|O_CLOEXEC) = 5
[pid 185590] 14:15:50.103605 openat(AT_FDCWD, "/home/dikluwe/.local/share/fonts/GeistMono/GeistMonoNerdFont-Thin.otf", O_RDONLY|O_CLOEXEC) = 5
[pid 185590] 14:15:50.103759 openat(AT_FDCWD, "/home/dikluwe/.local/share/fonts/GeistMono/GeistMonoNerdFontMono-SemiBold.otf", O_RDONLY|O_CLOEXEC) = 5
[pid 185590] 14:15:50.103920 openat(AT_FDCWD, "/home/dikluwe/.local/share/fonts/GeistMono/GeistMonoNerdFontPropo-Thin.otf", O_RDONLY|O_CLOEXEC) = 5
[pid 185590] 14:15:50.104076 openat(AT_FDCWD, "/home/dikluwe/.local/share/fonts/GeistMono/GeistMonoNerdFontPropo-Bold.otf", O_RDONLY|O_CLOEXEC) = 5
[pid 185590] 14:15:50.104274 openat(AT_FDCWD, "/home/dikluwe/.local/share/fonts/IosevkaTermSlab", O_RDONLY|O_NONBLOCK|O_CLOEXEC|O_DIRECTORY) = 4
[pid 185590] 14:15:50.104449 openat(AT_FDCWD, "/home/dikluwe/.local/share/fonts/IosevkaTermSlab/IosevkaTermSlabNerdFont-LightOblique.ttf", O_RDONLY|O_CLOEXEC) = 5
[pid 185590] 14:15:50.104610 openat(AT_FDCWD, "/home/dikluwe/.local/share/fonts/IosevkaTermSlab/IosevkaTermSlabNerdFontMono-Italic.ttf", O_RDONLY|O_CLOEXEC) = 5
[pid 185590] 14:15:50.104770 openat(AT_FDCWD, "/home/dikluwe/.local/share/fonts/IosevkaTermSlab/IosevkaTermSlabNerdFontPropo-ExtraBoldItalic.ttf", O_RDONLY|O_CLOEXEC) = 5
[pid 185590] 14:15:50.104934 openat(AT_FDCWD, "/home/dikluwe/.local/share/fonts/IosevkaTermSlab/IosevkaTermSlabNerdFontMono-Medium.ttf", O_RDONLY|O_CLOEXEC) = 5
[pid 185590] 14:15:50.105097 openat(AT_FDCWD, "/home/dikluwe/.local/share/fonts/IosevkaTermSlab/IosevkaTermSlabNerdFontMono-Regular.ttf", O_RDONLY|O_CLOEXEC) = 5
[pid 185590] 14:15:50.105259 openat(AT_FDCWD, "/home/dikluwe/.local/share/fonts/IosevkaTermSlab/IosevkaTermSlabNerdFont-Italic.ttf", O_RDONLY|O_CLOEXEC) = 5
[pid 185590] 14:15:50.105418 openat(AT_FDCWD, "/home/dikluwe/.local/share/fonts/IosevkaTermSlab/IosevkaTermSlabNerdFontMono-ExtraBold.ttf", O_RDONLY|O_CLOEXEC) = 5
[pid 185590] 14:15:50.105594 openat(AT_FDCWD, "/home/dikluwe/.local/share/fonts/IosevkaTermSlab/IosevkaTermSlabNerdFont-Medium.ttf", O_RDONLY|O_CLOEXEC) = 5
[pid 185590] 14:15:50.105795 openat(AT_FDCWD, "/home/dikluwe/.local/share/fonts/IosevkaTermSlab/IosevkaTermSlabNerdFont-BoldItalic.ttf", O_RDONLY|O_CLOEXEC) = 5
[pid 185590] 14:15:50.106042 openat(AT_FDCWD, "/home/dikluwe/.local/share/fonts/IosevkaTermSlab/IosevkaTermSlabNerdFontMono-Oblique.ttf", O_RDONLY|O_CLOEXEC) = 5
[pid 185590] 14:15:50.106270 openat(AT_FDCWD, "/home/dikluwe/.local/share/fonts/IosevkaTermSlab/IosevkaTermSlabNerdFont-Regular.ttf", O_RDONLY|O_CLOEXEC) = 5
[pid 185590] 14:15:50.106456 openat(AT_FDCWD, "/home/dikluwe/.local/share/fonts/IosevkaTermSlab/IosevkaTermSlabNerdFont-ExtraBoldOblique.ttf", O_RDONLY|O_CLOEXEC) = 5
[pid 185590] 14:15:50.106634 openat(AT_FDCWD, "/home/dikluwe/.local/share/fonts/IosevkaTermSlab/IosevkaTermSlabNerdFontPropo-BoldItalic.ttf", O_RDONLY|O_CLOEXEC) = 5
[pid 185590] 14:15:50.106808 openat(AT_FDCWD, "/home/dikluwe/.local/share/fonts/IosevkaTermSlab/IosevkaTermSlabNerdFont-MediumOblique.ttf", O_RDONLY|O_CLOEXEC) = 5
[pid 185590] 14:15:50.107012 openat(AT_FDCWD, "/home/dikluwe/.local/share/fonts/IosevkaTermSlab/IosevkaTermSlabNerdFontPropo-ExtraBoldOblique.ttf", O_RDONLY|O_CLOEXEC) = 5
[pid 185590] 14:15:50.107180 openat(AT_FDCWD, "/home/dikluwe/.local/share/fonts/IosevkaTermSlab/IosevkaTermSlabNerdFont-Light.ttf", O_RDONLY|O_CLOEXEC) = 5
[pid 185590] 14:15:50.107348 openat(AT_FDCWD, "/home/dikluwe/.local/share/fonts/IosevkaTermSlab/IosevkaTermSlabNerdFontMono-Light.ttf", O_RDONLY|O_CLOEXEC) = 5
[pid 185590] 14:15:50.107515 openat(AT_FDCWD, "/home/dikluwe/.local/share/fonts/IosevkaTermSlab/IosevkaTermSlabNerdFontPropo-LightOblique.ttf", O_RDONLY|O_CLOEXEC) = 5
[pid 185590] 14:15:50.107679 openat(AT_FDCWD, "/home/dikluwe/.local/share/fonts/IosevkaTermSlab/IosevkaTermSlabNerdFontPropo-MediumOblique.ttf", O_RDONLY|O_CLOEXEC) = 5
[pid 185590] 14:15:50.107841 openat(AT_FDCWD, "/home/dikluwe/.local/share/fonts/IosevkaTermSlab/IosevkaTermSlabNerdFontPropo-MediumItalic.ttf", O_RDONLY|O_CLOEXEC) = 5
[pid 185590] 14:15:50.108008 openat(AT_FDCWD, "/home/dikluwe/.local/share/fonts/IosevkaTermSlab/IosevkaTermSlabNerdFontMono-LightItalic.ttf", O_RDONLY|O_CLOEXEC) = 5
[pid 185590] 14:15:50.108177 openat(AT_FDCWD, "/home/dikluwe/.local/share/fonts/IosevkaTermSlab/IosevkaTermSlabNerdFontMono-BoldOblique.ttf", O_RDONLY|O_CLOEXEC) = 5
[pid 185590] 14:15:50.108348 openat(AT_FDCWD, "/home/dikluwe/.local/share/fonts/IosevkaTermSlab/IosevkaTermSlabNerdFontMono-ExtraBoldOblique.ttf", O_RDONLY|O_CLOEXEC) = 5
[pid 185590] 14:15:50.108523 openat(AT_FDCWD, "/home/dikluwe/.local/share/fonts/IosevkaTermSlab/IosevkaTermSlabNerdFontPropo-LightItalic.ttf", O_RDONLY|O_CLOEXEC) = 5
[pid 185590] 14:15:50.108693 openat(AT_FDCWD, "/home/dikluwe/.local/share/fonts/IosevkaTermSlab/IosevkaTermSlabNerdFont-ExtraBold.ttf", O_RDONLY|O_CLOEXEC) = 5
[pid 185590] 14:15:50.108861 openat(AT_FDCWD, "/home/dikluwe/.local/share/fonts/IosevkaTermSlab/IosevkaTermSlabNerdFont-MediumItalic.ttf", O_RDONLY|O_CLOEXEC) = 5
[pid 185590] 14:15:50.109039 openat(AT_FDCWD, "/home/dikluwe/.local/share/fonts/IosevkaTermSlab/IosevkaTermSlabNerdFontPropo-Light.ttf", O_RDONLY|O_CLOEXEC) = 5
[pid 185590] 14:15:50.109203 openat(AT_FDCWD, "/home/dikluwe/.local/share/fonts/IosevkaTermSlab/IosevkaTermSlabNerdFontPropo-Italic.ttf", O_RDONLY|O_CLOEXEC) = 5
[pid 185590] 14:15:50.109364 openat(AT_FDCWD, "/home/dikluwe/.local/share/fonts/IosevkaTermSlab/IosevkaTermSlabNerdFontMono-MediumOblique.ttf", O_RDONLY|O_CLOEXEC) = 5
[pid 185590] 14:15:50.109523 openat(AT_FDCWD, "/home/dikluwe/.local/share/fonts/IosevkaTermSlab/IosevkaTermSlabNerdFontPropo-Medium.ttf", O_RDONLY|O_CLOEXEC) = 5
[pid 185590] 14:15:50.109684 openat(AT_FDCWD, "/home/dikluwe/.local/share/fonts/IosevkaTermSlab/IosevkaTermSlabNerdFontMono-MediumItalic.ttf", O_RDONLY|O_CLOEXEC) = 5
[pid 185590] 14:15:50.109843 openat(AT_FDCWD, "/home/dikluwe/.local/share/fonts/IosevkaTermSlab/IosevkaTermSlabNerdFontPropo-Regular.ttf", O_RDONLY|O_CLOEXEC) = 5
[pid 185590] 14:15:50.110011 openat(AT_FDCWD, "/home/dikluwe/.local/share/fonts/IosevkaTermSlab/IosevkaTermSlabNerdFontMono-Bold.ttf", O_RDONLY|O_CLOEXEC) = 5
[pid 185590] 14:15:50.110172 openat(AT_FDCWD, "/home/dikluwe/.local/share/fonts/IosevkaTermSlab/IosevkaTermSlabNerdFontMono-ExtraBoldItalic.ttf", O_RDONLY|O_CLOEXEC) = 5
[pid 185590] 14:15:50.110350 openat(AT_FDCWD, "/home/dikluwe/.local/share/fonts/IosevkaTermSlab/IosevkaTermSlabNerdFontMono-LightOblique.ttf", O_RDONLY|O_CLOEXEC) = 5
[pid 185590] 14:15:50.110511 openat(AT_FDCWD, "/home/dikluwe/.local/share/fonts/IosevkaTermSlab/IosevkaTermSlabNerdFontPropo-Oblique.ttf", O_RDONLY|O_CLOEXEC) = 5
[pid 185590] 14:15:50.110669 openat(AT_FDCWD, "/home/dikluwe/.local/share/fonts/IosevkaTermSlab/IosevkaTermSlabNerdFont-LightItalic.ttf", O_RDONLY|O_CLOEXEC) = 5
[pid 185590] 14:15:50.110844 openat(AT_FDCWD, "/home/dikluwe/.local/share/fonts/IosevkaTermSlab/IosevkaTermSlabNerdFont-BoldOblique.ttf", O_RDONLY|O_CLOEXEC) = 5
[pid 185590] 14:15:50.111010 openat(AT_FDCWD, "/home/dikluwe/.local/share/fonts/IosevkaTermSlab/IosevkaTermSlabNerdFontPropo-ExtraBold.ttf", O_RDONLY|O_CLOEXEC) = 5
[pid 185590] 14:15:50.111173 openat(AT_FDCWD, "/home/dikluwe/.local/share/fonts/IosevkaTermSlab/IosevkaTermSlabNerdFont-Bold.ttf", O_RDONLY|O_CLOEXEC) = 5
[pid 185590] 14:15:50.111333 openat(AT_FDCWD, "/home/dikluwe/.local/share/fonts/IosevkaTermSlab/IosevkaTermSlabNerdFontPropo-Bold.ttf", O_RDONLY|O_CLOEXEC) = 5
[pid 185590] 14:15:50.111491 openat(AT_FDCWD, "/home/dikluwe/.local/share/fonts/IosevkaTermSlab/IosevkaTermSlabNerdFontMono-BoldItalic.ttf", O_RDONLY|O_CLOEXEC) = 5
[pid 185590] 14:15:50.111650 openat(AT_FDCWD, "/home/dikluwe/.local/share/fonts/IosevkaTermSlab/IosevkaTermSlabNerdFont-ExtraBoldItalic.ttf", O_RDONLY|O_CLOEXEC) = 5
[pid 185590] 14:15:50.111811 openat(AT_FDCWD, "/home/dikluwe/.local/share/fonts/IosevkaTermSlab/IosevkaTermSlabNerdFontPropo-BoldOblique.ttf", O_RDONLY|O_CLOEXEC) = 5
[pid 185590] 14:15:50.111976 openat(AT_FDCWD, "/home/dikluwe/.local/share/fonts/IosevkaTermSlab/IosevkaTermSlabNerdFont-Oblique.ttf", O_RDONLY|O_CLOEXEC) = 5
[pid 185590] 14:15:50.112183 openat(AT_FDCWD, "/home/dikluwe/.local/share/fonts/IosevkaTerm", O_RDONLY|O_NONBLOCK|O_CLOEXEC|O_DIRECTORY) = 4
[pid 185590] 14:15:50.112466 openat(AT_FDCWD, "/home/dikluwe/.local/share/fonts/IosevkaTerm/IosevkaTermNerdFont-SemiBold.ttf", O_RDONLY|O_CLOEXEC) = 5
[pid 185590] 14:15:50.112665 openat(AT_FDCWD, "/home/dikluwe/.local/share/fonts/IosevkaTerm/IosevkaTermNerdFont-Oblique.ttf", O_RDONLY|O_CLOEXEC) = 5
[pid 185590] 14:15:50.112873 openat(AT_FDCWD, "/home/dikluwe/.local/share/fonts/IosevkaTerm/IosevkaTermNerdFont-Italic.ttf", O_RDONLY|O_CLOEXEC) = 5
[pid 185590] 14:15:50.113051 openat(AT_FDCWD, "/home/dikluwe/.local/share/fonts/IosevkaTerm/IosevkaTermNerdFontMono-MediumOblique.ttf", O_RDONLY|O_CLOEXEC) = 5
[pid 185590] 14:15:50.113220 openat(AT_FDCWD, "/home/dikluwe/.local/share/fonts/IosevkaTerm/IosevkaTermNerdFontPropo-ThinItalic.ttf", O_RDONLY|O_CLOEXEC) = 5
[pid 185590] 14:15:50.113383 openat(AT_FDCWD, "/home/dikluwe/.local/share/fonts/IosevkaTerm/IosevkaTermNerdFontPropo-BoldOblique.ttf", O_RDONLY|O_CLOEXEC) = 5
[pid 185590] 14:15:50.113542 openat(AT_FDCWD, "/home/dikluwe/.local/share/fonts/IosevkaTerm/IosevkaTermNerdFontMono-ExtraLightOblique.ttf", O_RDONLY|O_CLOEXEC) = 5
[pid 185590] 14:15:50.113702 openat(AT_FDCWD, "/home/dikluwe/.local/share/fonts/IosevkaTerm/IosevkaTermNerdFont-ThinItalic.ttf", O_RDONLY|O_CLOEXEC) = 5
[pid 185590] 14:15:50.113866 openat(AT_FDCWD, "/home/dikluwe/.local/share/fonts/IosevkaTerm/IosevkaTermNerdFontPropo-MediumOblique.ttf", O_RDONLY|O_CLOEXEC) = 5
[pid 185590] 14:15:50.114033 openat(AT_FDCWD, "/home/dikluwe/.local/share/fonts/IosevkaTerm/IosevkaTermNerdFontMono-LightOblique.ttf", O_RDONLY|O_CLOEXEC) = 5
[pid 185590] 14:15:50.114201 openat(AT_FDCWD, "/home/dikluwe/.local/share/fonts/IosevkaTerm/IosevkaTermNerdFont-SemiBoldOblique.ttf", O_RDONLY|O_CLOEXEC) = 5
[pid 185590] 14:15:50.114366 openat(AT_FDCWD, "/home/dikluwe/.local/share/fonts/IosevkaTerm/IosevkaTermNerdFontMono-ExtraLight.ttf", O_RDONLY|O_CLOEXEC) = 5
[pid 185590] 14:15:50.114534 openat(AT_FDCWD, "/home/dikluwe/.local/share/fonts/IosevkaTerm/IosevkaTermNerdFontPropo-Italic.ttf", O_RDONLY|O_CLOEXEC) = 5
[pid 185590] 14:15:50.114696 openat(AT_FDCWD, "/home/dikluwe/.local/share/fonts/IosevkaTerm/IosevkaTermNerdFontMono-ThinOblique.ttf", O_RDONLY|O_CLOEXEC) = 5
[pid 185590] 14:15:50.114877 openat(AT_FDCWD, "/home/dikluwe/.local/share/fonts/IosevkaTerm/IosevkaTermNerdFontPropo-Bold.ttf", O_RDONLY|O_CLOEXEC) = 5
[pid 185590] 14:15:50.115045 openat(AT_FDCWD, "/home/dikluwe/.local/share/fonts/IosevkaTerm/IosevkaTermNerdFontMono-MediumItalic.ttf", O_RDONLY|O_CLOEXEC) = 5
[pid 185590] 14:15:50.115210 openat(AT_FDCWD, "/home/dikluwe/.local/share/fonts/IosevkaTerm/IosevkaTermNerdFontMono-ExtraLightItalic.ttf", O_RDONLY|O_CLOEXEC) = 5
[pid 185590] 14:15:50.115380 openat(AT_FDCWD, "/home/dikluwe/.local/share/fonts/IosevkaTerm/IosevkaTermNerdFontMono-SemiBoldItalic.ttf", O_RDONLY|O_CLOEXEC) = 5
[pid 185590] 14:15:50.115543 openat(AT_FDCWD, "/home/dikluwe/.local/share/fonts/IosevkaTerm/IosevkaTermNerdFont-Heavy.ttf", O_RDONLY|O_CLOEXEC) = 5
[pid 185590] 14:15:50.115712 openat(AT_FDCWD, "/home/dikluwe/.local/share/fonts/IosevkaTerm/IosevkaTermNerdFontMono-SemiBoldOblique.ttf", O_RDONLY|O_CLOEXEC) = 5
[pid 185590] 14:15:50.115880 openat(AT_FDCWD, "/home/dikluwe/.local/share/fonts/IosevkaTerm/IosevkaTermNerdFontPropo-Thin.ttf", O_RDONLY|O_CLOEXEC) = 5
[pid 185590] 14:15:50.116100 openat(AT_FDCWD, "/home/dikluwe/.local/share/fonts/IosevkaTerm/IosevkaTermNerdFont-Light.ttf", O_RDONLY|O_CLOEXEC) = 5
[pid 185590] 14:15:50.116289 openat(AT_FDCWD, "/home/dikluwe/.local/share/fonts/IosevkaTerm/IosevkaTermNerdFontMono-ExtraBoldOblique.ttf", O_RDONLY|O_CLOEXEC) = 5
[pid 185590] 14:15:50.116475 openat(AT_FDCWD, "/home/dikluwe/.local/share/fonts/IosevkaTerm/IosevkaTermNerdFontMono-Oblique.ttf", O_RDONLY|O_CLOEXEC) = 5
[pid 185590] 14:15:50.116652 openat(AT_FDCWD, "/home/dikluwe/.local/share/fonts/IosevkaTerm/IosevkaTermNerdFontMono-BoldOblique.ttf", O_RDONLY|O_CLOEXEC) = 5
[pid 185590] 14:15:50.116828 openat(AT_FDCWD, "/home/dikluwe/.local/share/fonts/IosevkaTerm/IosevkaTermNerdFont-SemiBoldItalic.ttf", O_RDONLY|O_CLOEXEC) = 5
[pid 185590] 14:15:50.117020 openat(AT_FDCWD, "/home/dikluwe/.local/share/fonts/IosevkaTerm/IosevkaTermNerdFontMono-Light.ttf", O_RDONLY|O_CLOEXEC) = 5
[pid 185590] 14:15:50.117205 openat(AT_FDCWD, "/home/dikluwe/.local/share/fonts/IosevkaTerm/IosevkaTermNerdFont-ExtraBoldOblique.ttf", O_RDONLY|O_CLOEXEC) = 5
[pid 185590] 14:15:50.117368 openat(AT_FDCWD, "/home/dikluwe/.local/share/fonts/IosevkaTerm/IosevkaTermNerdFontPropo-ExtraBoldItalic.ttf", O_RDONLY|O_CLOEXEC) = 5
[pid 185590] 14:15:50.117529 openat(AT_FDCWD, "/home/dikluwe/.local/share/fonts/IosevkaTerm/IosevkaTermNerdFont-BoldItalic.ttf", O_RDONLY|O_CLOEXEC) = 5
[pid 185590] 14:15:50.117692 openat(AT_FDCWD, "/home/dikluwe/.local/share/fonts/IosevkaTerm/IosevkaTermNerdFontPropo-ThinOblique.ttf", O_RDONLY|O_CLOEXEC) = 5
[pid 185590] 14:15:50.117855 openat(AT_FDCWD, "/home/dikluwe/.local/share/fonts/IosevkaTerm/IosevkaTermNerdFontPropo-ExtraBoldOblique.ttf", O_RDONLY|O_CLOEXEC) = 5
[pid 185590] 14:15:50.118121 openat(AT_FDCWD, "/home/dikluwe/.local/share/fonts/IosevkaTerm/IosevkaTermNerdFontPropo-Regular.ttf", O_RDONLY|O_CLOEXEC) = 5
[pid 185590] 14:15:50.118366 openat(AT_FDCWD, "/home/dikluwe/.local/share/fonts/IosevkaTerm/IosevkaTermNerdFont-HeavyOblique.ttf", O_RDONLY|O_CLOEXEC) = 5
[pid 185590] 14:15:50.118601 openat(AT_FDCWD, "/home/dikluwe/.local/share/fonts/IosevkaTerm/IosevkaTermNerdFont-ExtraBoldItalic.ttf", O_RDONLY|O_CLOEXEC) = 5
[pid 185590] 14:15:50.118819 openat(AT_FDCWD, "/home/dikluwe/.local/share/fonts/IosevkaTerm/IosevkaTermNerdFontPropo-Medium.ttf", O_RDONLY|O_CLOEXEC) = 5
[pid 185590] 14:15:50.119039 openat(AT_FDCWD, "/home/dikluwe/.local/share/fonts/IosevkaTerm/IosevkaTermNerdFontMono-Bold.ttf", O_RDONLY|O_CLOEXEC) = 5
[pid 185590] 14:15:50.119210 openat(AT_FDCWD, "/home/dikluwe/.local/share/fonts/IosevkaTerm/IosevkaTermNerdFontPropo-Oblique.ttf", O_RDONLY|O_CLOEXEC) = 5
[pid 185590] 14:15:50.119383 openat(AT_FDCWD, "/home/dikluwe/.local/share/fonts/IosevkaTerm/IosevkaTermNerdFont-ExtraLight.ttf", O_RDONLY|O_CLOEXEC) = 5
[pid 185590] 14:15:50.119547 openat(AT_FDCWD, "/home/dikluwe/.local/share/fonts/IosevkaTerm/IosevkaTermNerdFontMono-Heavy.ttf", O_RDONLY|O_CLOEXEC) = 5
[pid 185590] 14:15:50.119733 openat(AT_FDCWD, "/home/dikluwe/.local/share/fonts/IosevkaTerm/IosevkaTermNerdFontMono-ExtraBoldItalic.ttf", O_RDONLY|O_CLOEXEC) = 5
[pid 185590] 14:15:50.119909 openat(AT_FDCWD, "/home/dikluwe/.local/share/fonts/IosevkaTerm/IosevkaTermNerdFontPropo-Light.ttf", O_RDONLY|O_CLOEXEC) = 5
[pid 185590] 14:15:50.120080 openat(AT_FDCWD, "/home/dikluwe/.local/share/fonts/IosevkaTerm/IosevkaTermNerdFont-ExtraLightOblique.ttf", O_RDONLY|O_CLOEXEC) = 5
[pid 185590] 14:15:50.120270 openat(AT_FDCWD, "/home/dikluwe/.local/share/fonts/IosevkaTerm/IosevkaTermNerdFontMono-HeavyItalic.ttf", O_RDONLY|O_CLOEXEC) = 5
[pid 185590] 14:15:50.120454 openat(AT_FDCWD, "/home/dikluwe/.local/share/fonts/IosevkaTerm/IosevkaTermNerdFont-ExtraLightItalic.ttf", O_RDONLY|O_CLOEXEC) = 5
[pid 185590] 14:15:50.120639 openat(AT_FDCWD, "/home/dikluwe/.local/share/fonts/IosevkaTerm/IosevkaTermNerdFontMono-HeavyOblique.ttf", O_RDONLY|O_CLOEXEC) = 5
[pid 185590] 14:15:50.120834 openat(AT_FDCWD, "/home/dikluwe/.local/share/fonts/IosevkaTerm/IosevkaTermNerdFontMono-Thin.ttf", O_RDONLY|O_CLOEXEC) = 5
[pid 185590] 14:15:50.121027 openat(AT_FDCWD, "/home/dikluwe/.local/share/fonts/IosevkaTerm/IosevkaTermNerdFont-Thin.ttf", O_RDONLY|O_CLOEXEC) = 5
[pid 185590] 14:15:50.121204 openat(AT_FDCWD, "/home/dikluwe/.local/share/fonts/IosevkaTerm/IosevkaTermNerdFontMono-Medium.ttf", O_RDONLY|O_CLOEXEC) = 5
[pid 185590] 14:15:50.121377 openat(AT_FDCWD, "/home/dikluwe/.local/share/fonts/IosevkaTerm/IosevkaTermNerdFont-LightOblique.ttf", O_RDONLY|O_CLOEXEC) = 5
[pid 185590] 14:15:50.121544 openat(AT_FDCWD, "/home/dikluwe/.local/share/fonts/IosevkaTerm/IosevkaTermNerdFont-Bold.ttf", O_RDONLY|O_CLOEXEC) = 5
[pid 185590] 14:15:50.121707 openat(AT_FDCWD, "/home/dikluwe/.local/share/fonts/IosevkaTerm/IosevkaTermNerdFont-MediumItalic.ttf", O_RDONLY|O_CLOEXEC) = 5
[pid 185590] 14:15:50.121888 openat(AT_FDCWD, "/home/dikluwe/.local/share/fonts/IosevkaTerm/IosevkaTermNerdFontMono-Regular.ttf", O_RDONLY|O_CLOEXEC) = 5
[pid 185590] 14:15:50.122062 openat(AT_FDCWD, "/home/dikluwe/.local/share/fonts/IosevkaTerm/IosevkaTermNerdFontMono-SemiBold.ttf", O_RDONLY|O_CLOEXEC) = 5
[pid 185590] 14:15:50.122229 openat(AT_FDCWD, "/home/dikluwe/.local/share/fonts/IosevkaTerm/IosevkaTermNerdFontPropo-ExtraLightItalic.ttf", O_RDONLY|O_CLOEXEC) = 5
[pid 185590] 14:15:50.122392 openat(AT_FDCWD, "/home/dikluwe/.local/share/fonts/IosevkaTerm/IosevkaTermNerdFontMono-LightItalic.ttf", O_RDONLY|O_CLOEXEC) = 5
[pid 185590] 14:15:50.122552 openat(AT_FDCWD, "/home/dikluwe/.local/share/fonts/IosevkaTerm/IosevkaTermNerdFontMono-ExtraBold.ttf", O_RDONLY|O_CLOEXEC) = 5
[pid 185590] 14:15:50.122712 openat(AT_FDCWD, "/home/dikluwe/.local/share/fonts/IosevkaTerm/IosevkaTermNerdFontPropo-LightOblique.ttf", O_RDONLY|O_CLOEXEC) = 5
[pid 185590] 14:15:50.122877 openat(AT_FDCWD, "/home/dikluwe/.local/share/fonts/IosevkaTerm/IosevkaTermNerdFontPropo-Heavy.ttf", O_RDONLY|O_CLOEXEC) = 5
[pid 185590] 14:15:50.123095 openat(AT_FDCWD, "/home/dikluwe/.local/share/fonts/IosevkaTerm/IosevkaTermNerdFontPropo-HeavyOblique.ttf", O_RDONLY|O_CLOEXEC) = 5
[pid 185590] 14:15:50.123257 openat(AT_FDCWD, "/home/dikluwe/.local/share/fonts/IosevkaTerm/IosevkaTermNerdFontPropo-LightItalic.ttf", O_RDONLY|O_CLOEXEC) = 5
[pid 185590] 14:15:50.123416 openat(AT_FDCWD, "/home/dikluwe/.local/share/fonts/IosevkaTerm/IosevkaTermNerdFontPropo-SemiBoldItalic.ttf", O_RDONLY|O_CLOEXEC) = 5
[pid 185590] 14:15:50.123576 openat(AT_FDCWD, "/home/dikluwe/.local/share/fonts/IosevkaTerm/IosevkaTermNerdFontPropo-ExtraBold.ttf", O_RDONLY|O_CLOEXEC) = 5
[pid 185590] 14:15:50.123764 openat(AT_FDCWD, "/home/dikluwe/.local/share/fonts/IosevkaTerm/IosevkaTermNerdFontPropo-SemiBoldOblique.ttf", O_RDONLY|O_CLOEXEC) = 5
[pid 185590] 14:15:50.123940 openat(AT_FDCWD, "/home/dikluwe/.local/share/fonts/IosevkaTerm/IosevkaTermNerdFontPropo-ExtraLight.ttf", O_RDONLY|O_CLOEXEC) = 5
[pid 185590] 14:15:50.124103 openat(AT_FDCWD, "/home/dikluwe/.local/share/fonts/IosevkaTerm/IosevkaTermNerdFont-ExtraBold.ttf", O_RDONLY|O_CLOEXEC) = 5
[pid 185590] 14:15:50.124299 openat(AT_FDCWD, "/home/dikluwe/.local/share/fonts/IosevkaTerm/IosevkaTermNerdFont-BoldOblique.ttf", O_RDONLY|O_CLOEXEC) = 5
[pid 185590] 14:15:50.124495 openat(AT_FDCWD, "/home/dikluwe/.local/share/fonts/IosevkaTerm/IosevkaTermNerdFontPropo-ExtraLightOblique.ttf", O_RDONLY|O_CLOEXEC) = 5
[pid 185590] 14:15:50.124680 openat(AT_FDCWD, "/home/dikluwe/.local/share/fonts/IosevkaTerm/IosevkaTermNerdFont-Regular.ttf", O_RDONLY|O_CLOEXEC) = 5
[pid 185590] 14:15:50.124844 openat(AT_FDCWD, "/home/dikluwe/.local/share/fonts/IosevkaTerm/IosevkaTermNerdFontMono-Italic.ttf", O_RDONLY|O_CLOEXEC) = 5
[pid 185590] 14:15:50.125016 openat(AT_FDCWD, "/home/dikluwe/.local/share/fonts/IosevkaTerm/IosevkaTermNerdFont-HeavyItalic.ttf", O_RDONLY|O_CLOEXEC) = 5
[pid 185590] 14:15:50.125180 openat(AT_FDCWD, "/home/dikluwe/.local/share/fonts/IosevkaTerm/IosevkaTermNerdFont-Medium.ttf", O_RDONLY|O_CLOEXEC) = 5
[pid 185590] 14:15:50.125340 openat(AT_FDCWD, "/home/dikluwe/.local/share/fonts/IosevkaTerm/IosevkaTermNerdFontMono-BoldItalic.ttf", O_RDONLY|O_CLOEXEC) = 5
[pid 185590] 14:15:50.125501 openat(AT_FDCWD, "/home/dikluwe/.local/share/fonts/IosevkaTerm/IosevkaTermNerdFont-LightItalic.ttf", O_RDONLY|O_CLOEXEC) = 5
[pid 185590] 14:15:50.125663 openat(AT_FDCWD, "/home/dikluwe/.local/share/fonts/IosevkaTerm/IosevkaTermNerdFont-MediumOblique.ttf", O_RDONLY|O_CLOEXEC) = 5
[pid 185590] 14:15:50.125823 openat(AT_FDCWD, "/home/dikluwe/.local/share/fonts/IosevkaTerm/IosevkaTermNerdFontPropo-HeavyItalic.ttf", O_RDONLY|O_CLOEXEC) = 5
[pid 185590] 14:15:50.125992 openat(AT_FDCWD, "/home/dikluwe/.local/share/fonts/IosevkaTerm/IosevkaTermNerdFontPropo-SemiBold.ttf", O_RDONLY|O_CLOEXEC) = 5
[pid 185590] 14:15:50.126169 openat(AT_FDCWD, "/home/dikluwe/.local/share/fonts/IosevkaTerm/IosevkaTermNerdFontMono-ThinItalic.ttf", O_RDONLY|O_CLOEXEC) = 5
[pid 185590] 14:15:50.126348 openat(AT_FDCWD, "/home/dikluwe/.local/share/fonts/IosevkaTerm/IosevkaTermNerdFontPropo-BoldItalic.ttf", O_RDONLY|O_CLOEXEC) = 5
[pid 185590] 14:15:50.126528 openat(AT_FDCWD, "/home/dikluwe/.local/share/fonts/IosevkaTerm/IosevkaTermNerdFont-ThinOblique.ttf", O_RDONLY|O_CLOEXEC) = 5
[pid 185590] 14:15:50.126710 openat(AT_FDCWD, "/home/dikluwe/.local/share/fonts/IosevkaTerm/IosevkaTermNerdFontPropo-MediumItalic.ttf", O_RDONLY|O_CLOEXEC) = 5
[pid 185590] 14:15:50.126948 openat(AT_FDCWD, "/home/dikluwe/.local/share/fonts/Iosevka", O_RDONLY|O_NONBLOCK|O_CLOEXEC|O_DIRECTORY) = 4
[pid 185590] 14:15:50.127225 openat(AT_FDCWD, "/home/dikluwe/.local/share/fonts/Iosevka/IosevkaNerdFont-ExtraLight.ttf", O_RDONLY|O_CLOEXEC) = 5
[pid 185590] 14:15:50.127389 openat(AT_FDCWD, "/home/dikluwe/.local/share/fonts/Iosevka/IosevkaNerdFont-LightItalic.ttf", O_RDONLY|O_CLOEXEC) = 5
[pid 185590] 14:15:50.127549 openat(AT_FDCWD, "/home/dikluwe/.local/share/fonts/Iosevka/IosevkaNerdFontMono-ExtraBoldItalic.ttf", O_RDONLY|O_CLOEXEC) = 5
[pid 185590] 14:15:50.127709 openat(AT_FDCWD, "/home/dikluwe/.local/share/fonts/Iosevka/IosevkaNerdFont-Medium.ttf", O_RDONLY|O_CLOEXEC) = 5
[pid 185590] 14:15:50.127877 openat(AT_FDCWD, "/home/dikluwe/.local/share/fonts/Iosevka/IosevkaNerdFontMono-MediumItalic.ttf", O_RDONLY|O_CLOEXEC) = 5
[pid 185590] 14:15:50.128043 openat(AT_FDCWD, "/home/dikluwe/.local/share/fonts/Iosevka/IosevkaNerdFont-Italic.ttf", O_RDONLY|O_CLOEXEC) = 5
[pid 185590] 14:15:50.128203 openat(AT_FDCWD, "/home/dikluwe/.local/share/fonts/Iosevka/IosevkaNerdFontMono-Light.ttf", O_RDONLY|O_CLOEXEC) = 5
[pid 185590] 14:15:50.128361 openat(AT_FDCWD, "/home/dikluwe/.local/share/fonts/Iosevka/IosevkaNerdFont-ExtraLightItalic.ttf", O_RDONLY|O_CLOEXEC) = 5
[pid 185590] 14:15:50.128522 openat(AT_FDCWD, "/home/dikluwe/.local/share/fonts/Iosevka/IosevkaNerdFont-SemiBoldOblique.ttf", O_RDONLY|O_CLOEXEC) = 5
[pid 185590] 14:15:50.128685 openat(AT_FDCWD, "/home/dikluwe/.local/share/fonts/Iosevka/IosevkaNerdFont-Bold.ttf", O_RDONLY|O_CLOEXEC) = 5
[pid 185590] 14:15:50.128844 openat(AT_FDCWD, "/home/dikluwe/.local/share/fonts/Iosevka/IosevkaNerdFontPropo-SemiBoldOblique.ttf", O_RDONLY|O_CLOEXEC) = 5
[pid 185590] 14:15:50.129040 openat(AT_FDCWD, "/home/dikluwe/.local/share/fonts/Iosevka/IosevkaNerdFontPropo-Oblique.ttf", O_RDONLY|O_CLOEXEC) = 5
[pid 185590] 14:15:50.129203 openat(AT_FDCWD, "/home/dikluwe/.local/share/fonts/Iosevka/IosevkaNerdFontMono-ThinOblique.ttf", O_RDONLY|O_CLOEXEC) = 5
[pid 185590] 14:15:50.129366 openat(AT_FDCWD, "/home/dikluwe/.local/share/fonts/Iosevka/IosevkaNerdFontPropo-SemiBoldItalic.ttf", O_RDONLY|O_CLOEXEC) = 5
[pid 185590] 14:15:50.129525 openat(AT_FDCWD, "/home/dikluwe/.local/share/fonts/Iosevka/IosevkaNerdFontMono-ThinItalic.ttf", O_RDONLY|O_CLOEXEC) = 5
[pid 185590] 14:15:50.129701 openat(AT_FDCWD, "/home/dikluwe/.local/share/fonts/Iosevka/IosevkaNerdFontPropo-ExtraLight.ttf", O_RDONLY|O_CLOEXEC) = 5
[pid 185590] 14:15:50.129920 openat(AT_FDCWD, "/home/dikluwe/.local/share/fonts/Iosevka/IosevkaNerdFont-Oblique.ttf", O_RDONLY|O_CLOEXEC) = 5
[pid 185590] 14:15:50.130115 openat(AT_FDCWD, "/home/dikluwe/.local/share/fonts/Iosevka/IosevkaNerdFont-ExtraBoldItalic.ttf", O_RDONLY|O_CLOEXEC) = 5
[pid 185590] 14:15:50.130299 openat(AT_FDCWD, "/home/dikluwe/.local/share/fonts/Iosevka/IosevkaNerdFontPropo-Italic.ttf", O_RDONLY|O_CLOEXEC) = 5
[pid 185590] 14:15:50.130492 openat(AT_FDCWD, "/home/dikluwe/.local/share/fonts/Iosevka/IosevkaNerdFontMono-Heavy.ttf", O_RDONLY|O_CLOEXEC) = 5
[pid 185590] 14:15:50.131003 openat(AT_FDCWD, "/home/dikluwe/.local/share/fonts/Iosevka/IosevkaNerdFontPropo-ThinItalic.ttf", O_RDONLY|O_CLOEXEC) = 5
[pid 185590] 14:15:50.131171 openat(AT_FDCWD, "/home/dikluwe/.local/share/fonts/Iosevka/IosevkaNerdFontMono-Bold.ttf", O_RDONLY|O_CLOEXEC) = 5
[pid 185590] 14:15:50.131335 openat(AT_FDCWD, "/home/dikluwe/.local/share/fonts/Iosevka/IosevkaNerdFontMono-ExtraBoldOblique.ttf", O_RDONLY|O_CLOEXEC) = 5
[pid 185590] 14:15:50.131501 openat(AT_FDCWD, "/home/dikluwe/.local/share/fonts/Iosevka/IosevkaNerdFontMono-SemiBoldItalic.ttf", O_RDONLY|O_CLOEXEC) = 5
[pid 185590] 14:15:50.131668 openat(AT_FDCWD, "/home/dikluwe/.local/share/fonts/Iosevka/IosevkaNerdFontMono-ExtraBold.ttf", O_RDONLY|O_CLOEXEC) = 5
[pid 185590] 14:15:50.131830 openat(AT_FDCWD, "/home/dikluwe/.local/share/fonts/Iosevka/IosevkaNerdFontPropo-ThinOblique.ttf", O_RDONLY|O_CLOEXEC) = 5
[pid 185590] 14:15:50.132001 openat(AT_FDCWD, "/home/dikluwe/.local/share/fonts/Iosevka/IosevkaNerdFont-ExtraLightOblique.ttf", O_RDONLY|O_CLOEXEC) = 5
[pid 185590] 14:15:50.132173 openat(AT_FDCWD, "/home/dikluwe/.local/share/fonts/Iosevka/IosevkaNerdFontPropo-BoldOblique.ttf", O_RDONLY|O_CLOEXEC) = 5
[pid 185590] 14:15:50.132348 openat(AT_FDCWD, "/home/dikluwe/.local/share/fonts/Iosevka/IosevkaNerdFontPropo-HeavyItalic.ttf", O_RDONLY|O_CLOEXEC) = 5
[pid 185590] 14:15:50.132521 openat(AT_FDCWD, "/home/dikluwe/.local/share/fonts/Iosevka/IosevkaNerdFontPropo-MediumOblique.ttf", O_RDONLY|O_CLOEXEC) = 5
[pid 185590] 14:15:50.132708 openat(AT_FDCWD, "/home/dikluwe/.local/share/fonts/Iosevka/IosevkaNerdFontPropo-MediumItalic.ttf", O_RDONLY|O_CLOEXEC) = 5
[pid 185590] 14:15:50.132882 openat(AT_FDCWD, "/home/dikluwe/.local/share/fonts/Iosevka/IosevkaNerdFontMono-Oblique.ttf", O_RDONLY|O_CLOEXEC) = 5
[pid 185590] 14:15:50.133081 openat(AT_FDCWD, "/home/dikluwe/.local/share/fonts/Iosevka/IosevkaNerdFontMono-BoldItalic.ttf", O_RDONLY|O_CLOEXEC) = 5
[pid 185590] 14:15:50.133250 openat(AT_FDCWD, "/home/dikluwe/.local/share/fonts/Iosevka/IosevkaNerdFontMono-SemiBoldOblique.ttf", O_RDONLY|O_CLOEXEC) = 5
[pid 185590] 14:15:50.133417 openat(AT_FDCWD, "/home/dikluwe/.local/share/fonts/Iosevka/IosevkaNerdFontMono-BoldOblique.ttf", O_RDONLY|O_CLOEXEC) = 5
[pid 185590] 14:15:50.133576 openat(AT_FDCWD, "/home/dikluwe/.local/share/fonts/Iosevka/IosevkaNerdFontMono-Thin.ttf", O_RDONLY|O_CLOEXEC) = 5
[pid 185590] 14:15:50.133744 openat(AT_FDCWD, "/home/dikluwe/.local/share/fonts/Iosevka/IosevkaNerdFontPropo-LightOblique.ttf", O_RDONLY|O_CLOEXEC) = 5
[pid 185590] 14:15:50.133913 openat(AT_FDCWD, "/home/dikluwe/.local/share/fonts/Iosevka/IosevkaNerdFontPropo-Heavy.ttf", O_RDONLY|O_CLOEXEC) = 5
[pid 185590] 14:15:50.134074 openat(AT_FDCWD, "/home/dikluwe/.local/share/fonts/Iosevka/IosevkaNerdFontMono-ExtraLightItalic.ttf", O_RDONLY|O_CLOEXEC) = 5
[pid 185590] 14:15:50.134251 openat(AT_FDCWD, "/home/dikluwe/.local/share/fonts/Iosevka/IosevkaNerdFont-BoldOblique.ttf", O_RDONLY|O_CLOEXEC) = 5
[pid 185590] 14:15:50.134411 openat(AT_FDCWD, "/home/dikluwe/.local/share/fonts/Iosevka/IosevkaNerdFont-Thin.ttf", O_RDONLY|O_CLOEXEC) = 5
[pid 185590] 14:15:50.134570 openat(AT_FDCWD, "/home/dikluwe/.local/share/fonts/Iosevka/IosevkaNerdFont-SemiBoldItalic.ttf", O_RDONLY|O_CLOEXEC) = 5
[pid 185590] 14:15:50.134730 openat(AT_FDCWD, "/home/dikluwe/.local/share/fonts/Iosevka/IosevkaNerdFont-ThinItalic.ttf", O_RDONLY|O_CLOEXEC) = 5
[pid 185590] 14:15:50.134890 openat(AT_FDCWD, "/home/dikluwe/.local/share/fonts/Iosevka/IosevkaNerdFontPropo-ExtraBold.ttf", O_RDONLY|O_CLOEXEC) = 5
[pid 185590] 14:15:50.135059 openat(AT_FDCWD, "/home/dikluwe/.local/share/fonts/Iosevka/IosevkaNerdFont-BoldItalic.ttf", O_RDONLY|O_CLOEXEC) = 5
[pid 185590] 14:15:50.135220 openat(AT_FDCWD, "/home/dikluwe/.local/share/fonts/Iosevka/IosevkaNerdFontMono-ExtraLightOblique.ttf", O_RDONLY|O_CLOEXEC) = 5
[pid 185590] 14:15:50.135379 openat(AT_FDCWD, "/home/dikluwe/.local/share/fonts/Iosevka/IosevkaNerdFont-MediumItalic.ttf", O_RDONLY|O_CLOEXEC) = 5
[pid 185590] 14:15:50.135540 openat(AT_FDCWD, "/home/dikluwe/.local/share/fonts/Iosevka/IosevkaNerdFontPropo-HeavyOblique.ttf", O_RDONLY|O_CLOEXEC) = 5
[pid 185590] 14:15:50.135700 openat(AT_FDCWD, "/home/dikluwe/.local/share/fonts/Iosevka/IosevkaNerdFontPropo-ExtraBoldOblique.ttf", O_RDONLY|O_CLOEXEC) = 5
[pid 185590] 14:15:50.135865 openat(AT_FDCWD, "/home/dikluwe/.local/share/fonts/Iosevka/IosevkaNerdFont-LightOblique.ttf", O_RDONLY|O_CLOEXEC) = 5
[pid 185590] 14:15:50.136068 openat(AT_FDCWD, "/home/dikluwe/.local/share/fonts/Iosevka/IosevkaNerdFontPropo-SemiBold.ttf", O_RDONLY|O_CLOEXEC) = 5
[pid 185590] 14:15:50.136259 openat(AT_FDCWD, "/home/dikluwe/.local/share/fonts/Iosevka/IosevkaNerdFontPropo-BoldItalic.ttf", O_RDONLY|O_CLOEXEC) = 5
[pid 185590] 14:15:50.136491 openat(AT_FDCWD, "/home/dikluwe/.local/share/fonts/Iosevka/IosevkaNerdFontPropo-ExtraLightItalic.ttf", O_RDONLY|O_CLOEXEC) = 5
[pid 185590] 14:15:50.136673 openat(AT_FDCWD, "/home/dikluwe/.local/share/fonts/Iosevka/IosevkaNerdFontPropo-ExtraLightOblique.ttf", O_RDONLY|O_CLOEXEC) = 5
[pid 185590] 14:15:50.136848 openat(AT_FDCWD, "/home/dikluwe/.local/share/fonts/Iosevka/IosevkaNerdFontPropo-LightItalic.ttf", O_RDONLY|O_CLOEXEC) = 5
[pid 185590] 14:15:50.137030 openat(AT_FDCWD, "/home/dikluwe/.local/share/fonts/Iosevka/IosevkaNerdFontPropo-Medium.ttf", O_RDONLY|O_CLOEXEC) = 5
[pid 185590] 14:15:50.137198 openat(AT_FDCWD, "/home/dikluwe/.local/share/fonts/Iosevka/IosevkaNerdFontMono-LightOblique.ttf", O_RDONLY|O_CLOEXEC) = 5
[pid 185590] 14:15:50.137362 openat(AT_FDCWD, "/home/dikluwe/.local/share/fonts/Iosevka/IosevkaNerdFontMono-MediumOblique.ttf", O_RDONLY|O_CLOEXEC) = 5
[pid 185590] 14:15:50.137526 openat(AT_FDCWD, "/home/dikluwe/.local/share/fonts/Iosevka/IosevkaNerdFont-Regular.ttf", O_RDONLY|O_CLOEXEC) = 5
[pid 185590] 14:15:50.137684 openat(AT_FDCWD, "/home/dikluwe/.local/share/fonts/Iosevka/IosevkaNerdFontMono-HeavyItalic.ttf", O_RDONLY|O_CLOEXEC) = 5
[pid 185590] 14:15:50.137844 openat(AT_FDCWD, "/home/dikluwe/.local/share/fonts/Iosevka/IosevkaNerdFontPropo-Thin.ttf", O_RDONLY|O_CLOEXEC) = 5
[pid 185590] 14:15:50.138010 openat(AT_FDCWD, "/home/dikluwe/.local/share/fonts/Iosevka/IosevkaNerdFont-MediumOblique.ttf", O_RDONLY|O_CLOEXEC) = 5
[pid 185590] 14:15:50.138195 openat(AT_FDCWD, "/home/dikluwe/.local/share/fonts/Iosevka/IosevkaNerdFont-ThinOblique.ttf", O_RDONLY|O_CLOEXEC) = 5
[pid 185590] 14:15:50.138380 openat(AT_FDCWD, "/home/dikluwe/.local/share/fonts/Iosevka/IosevkaNerdFontPropo-ExtraBoldItalic.ttf", O_RDONLY|O_CLOEXEC) = 5
[pid 185590] 14:15:50.138557 openat(AT_FDCWD, "/home/dikluwe/.local/share/fonts/Iosevka/IosevkaNerdFontMono-HeavyOblique.ttf", O_RDONLY|O_CLOEXEC) = 5
[pid 185590] 14:15:50.138742 openat(AT_FDCWD, "/home/dikluwe/.local/share/fonts/Iosevka/IosevkaNerdFontPropo-Bold.ttf", O_RDONLY|O_CLOEXEC) = 5
[pid 185590] 14:15:50.138945 openat(AT_FDCWD, "/home/dikluwe/.local/share/fonts/Iosevka/IosevkaNerdFont-Heavy.ttf", O_RDONLY|O_CLOEXEC) = 5
[pid 185590] 14:15:50.139128 openat(AT_FDCWD, "/home/dikluwe/.local/share/fonts/Iosevka/IosevkaNerdFont-ExtraBold.ttf", O_RDONLY|O_CLOEXEC) = 5
[pid 185590] 14:15:50.139295 openat(AT_FDCWD, "/home/dikluwe/.local/share/fonts/Iosevka/IosevkaNerdFont-SemiBold.ttf", O_RDONLY|O_CLOEXEC) = 5
[pid 185590] 14:15:50.139461 openat(AT_FDCWD, "/home/dikluwe/.local/share/fonts/Iosevka/IosevkaNerdFont-ExtraBoldOblique.ttf", O_RDONLY|O_CLOEXEC) = 5
[pid 185590] 14:15:50.139623 openat(AT_FDCWD, "/home/dikluwe/.local/share/fonts/Iosevka/IosevkaNerdFontMono-Regular.ttf", O_RDONLY|O_CLOEXEC) = 5
[pid 185590] 14:15:50.139781 openat(AT_FDCWD, "/home/dikluwe/.local/share/fonts/Iosevka/IosevkaNerdFontMono-SemiBold.ttf", O_RDONLY|O_CLOEXEC) = 5
[pid 185590] 14:15:50.139944 openat(AT_FDCWD, "/home/dikluwe/.local/share/fonts/Iosevka/IosevkaNerdFont-HeavyOblique.ttf", O_RDONLY|O_CLOEXEC) = 5
[pid 185590] 14:15:50.140103 openat(AT_FDCWD, "/home/dikluwe/.local/share/fonts/Iosevka/IosevkaNerdFontMono-ExtraLight.ttf", O_RDONLY|O_CLOEXEC) = 5
[pid 185590] 14:15:50.140260 openat(AT_FDCWD, "/home/dikluwe/.local/share/fonts/Iosevka/IosevkaNerdFont-Light.ttf", O_RDONLY|O_CLOEXEC) = 5
[pid 185590] 14:15:50.140417 openat(AT_FDCWD, "/home/dikluwe/.local/share/fonts/Iosevka/IosevkaNerdFontPropo-Regular.ttf", O_RDONLY|O_CLOEXEC) = 5
[pid 185590] 14:15:50.140573 openat(AT_FDCWD, "/home/dikluwe/.local/share/fonts/Iosevka/IosevkaNerdFontMono-Italic.ttf", O_RDONLY|O_CLOEXEC) = 5
[pid 185590] 14:15:50.140732 openat(AT_FDCWD, "/home/dikluwe/.local/share/fonts/Iosevka/IosevkaNerdFont-HeavyItalic.ttf", O_RDONLY|O_CLOEXEC) = 5
[pid 185590] 14:15:50.140889 openat(AT_FDCWD, "/home/dikluwe/.local/share/fonts/Iosevka/IosevkaNerdFontMono-Medium.ttf", O_RDONLY|O_CLOEXEC) = 5
[pid 185590] 14:15:50.141097 openat(AT_FDCWD, "/home/dikluwe/.local/share/fonts/Iosevka/IosevkaNerdFontPropo-Light.ttf", O_RDONLY|O_CLOEXEC) = 5
[pid 185590] 14:15:50.141266 openat(AT_FDCWD, "/home/dikluwe/.local/share/fonts/Iosevka/IosevkaNerdFontMono-LightItalic.ttf", O_RDONLY|O_CLOEXEC) = 5
[pid 185590] 14:15:50.141476 openat(AT_FDCWD, "/home/dikluwe/.local/share/fonts/Monoid", O_RDONLY|O_NONBLOCK|O_CLOEXEC|O_DIRECTORY) = 4
[pid 185590] 14:15:50.141631 openat(AT_FDCWD, "/home/dikluwe/.local/share/fonts/Monoid/MonoidNerdFontMono-Italic.ttf", O_RDONLY|O_CLOEXEC) = 5
[pid 185590] 14:15:50.141802 openat(AT_FDCWD, "/home/dikluwe/.local/share/fonts/Monoid/MonoidNerdFontPropo-Italic.ttf", O_RDONLY|O_CLOEXEC) = 5
[pid 185590] 14:15:50.141969 openat(AT_FDCWD, "/home/dikluwe/.local/share/fonts/Monoid/MonoidNerdFont-Italic.ttf", O_RDONLY|O_CLOEXEC) = 5
[pid 185590] 14:15:50.142195 openat(AT_FDCWD, "/home/dikluwe/.local/share/fonts/Monoid/MonoidNerdFontMono-Regular.ttf", O_RDONLY|O_CLOEXEC) = 5
[pid 185590] 14:15:50.142411 openat(AT_FDCWD, "/home/dikluwe/.local/share/fonts/Monoid/MonoidNerdFontPropo-Regular.ttf", O_RDONLY|O_CLOEXEC) = 5
[pid 185590] 14:15:50.142588 openat(AT_FDCWD, "/home/dikluwe/.local/share/fonts/Monoid/MonoidNerdFont-Regular.ttf", O_RDONLY|O_CLOEXEC) = 5
[pid 185590] 14:15:50.142771 openat(AT_FDCWD, "/home/dikluwe/.local/share/fonts/Monoid/MonoidNerdFont-Retina.ttf", O_RDONLY|O_CLOEXEC) = 5
[pid 185590] 14:15:50.142953 openat(AT_FDCWD, "/home/dikluwe/.local/share/fonts/Monoid/MonoidNerdFontMono-Retina.ttf", O_RDONLY|O_CLOEXEC) = 5
[pid 185590] 14:15:50.143125 openat(AT_FDCWD, "/home/dikluwe/.local/share/fonts/Monoid/MonoidNerdFontPropo-Retina.ttf", O_RDONLY|O_CLOEXEC) = 5
[pid 185590] 14:15:50.143285 openat(AT_FDCWD, "/home/dikluwe/.local/share/fonts/Monoid/MonoidNerdFontMono-Bold.ttf", O_RDONLY|O_CLOEXEC) = 5
[pid 185590] 14:15:50.143447 openat(AT_FDCWD, "/home/dikluwe/.local/share/fonts/Monoid/MonoidNerdFont-Bold.ttf", O_RDONLY|O_CLOEXEC) = 5
[pid 185590] 14:15:50.143607 openat(AT_FDCWD, "/home/dikluwe/.local/share/fonts/Monoid/MonoidNerdFontPropo-Bold.ttf", O_RDONLY|O_CLOEXEC) = 5
[pid 185590] 14:15:50.143817 openat(AT_FDCWD, "/home/dikluwe/.local/share/fonts/VictorMono", O_RDONLY|O_NONBLOCK|O_CLOEXEC|O_DIRECTORY) = 4
[pid 185590] 14:15:50.144047 openat(AT_FDCWD, "/home/dikluwe/.local/share/fonts/VictorMono/VictorMonoNerdFontPropo-LightItalic.ttf", O_RDONLY|O_CLOEXEC) = 5
[pid 185590] 14:15:50.144223 openat(AT_FDCWD, "/home/dikluwe/.local/share/fonts/VictorMono/VictorMonoNerdFontMono-LightItalic.ttf", O_RDONLY|O_CLOEXEC) = 5
[pid 185590] 14:15:50.144396 openat(AT_FDCWD, "/home/dikluwe/.local/share/fonts/VictorMono/VictorMonoNerdFont-LightItalic.ttf", O_RDONLY|O_CLOEXEC) = 5
[pid 185590] 14:15:50.144569 openat(AT_FDCWD, "/home/dikluwe/.local/share/fonts/VictorMono/VictorMonoNerdFontMono-SemiBoldOblique.ttf", O_RDONLY|O_CLOEXEC) = 5
[pid 185590] 14:15:50.144740 openat(AT_FDCWD, "/home/dikluwe/.local/share/fonts/VictorMono/VictorMonoNerdFontPropo-SemiBoldOblique.ttf", O_RDONLY|O_CLOEXEC) = 5
[pid 185590] 14:15:50.144916 openat(AT_FDCWD, "/home/dikluwe/.local/share/fonts/VictorMono/VictorMonoNerdFont-SemiBoldOblique.ttf", O_RDONLY|O_CLOEXEC) = 5
[pid 185590] 14:15:50.145091 openat(AT_FDCWD, "/home/dikluwe/.local/share/fonts/VictorMono/VictorMonoNerdFontPropo-ExtraLightItalic.ttf", O_RDONLY|O_CLOEXEC) = 5
[pid 185590] 14:15:50.145253 openat(AT_FDCWD, "/home/dikluwe/.local/share/fonts/VictorMono/VictorMonoNerdFontMono-ExtraLightItalic.ttf", O_RDONLY|O_CLOEXEC) = 5
[pid 185590] 14:15:50.145409 openat(AT_FDCWD, "/home/dikluwe/.local/share/fonts/VictorMono/VictorMonoNerdFont-ExtraLightItalic.ttf", O_RDONLY|O_CLOEXEC) = 5
[pid 185590] 14:15:50.145572 openat(AT_FDCWD, "/home/dikluwe/.local/share/fonts/VictorMono/VictorMonoNerdFontMono-MediumItalic.ttf", O_RDONLY|O_CLOEXEC) = 5
[pid 185590] 14:15:50.145728 openat(AT_FDCWD, "/home/dikluwe/.local/share/fonts/VictorMono/VictorMonoNerdFontPropo-MediumItalic.ttf", O_RDONLY|O_CLOEXEC) = 5
[pid 185590] 14:15:50.145884 openat(AT_FDCWD, "/home/dikluwe/.local/share/fonts/VictorMono/VictorMonoNerdFont-MediumItalic.ttf", O_RDONLY|O_CLOEXEC) = 5
[pid 185590] 14:15:50.146097 openat(AT_FDCWD, "/home/dikluwe/.local/share/fonts/VictorMono/VictorMonoNerdFont-Italic.ttf", O_RDONLY|O_CLOEXEC) = 5
[pid 185590] 14:15:50.146254 openat(AT_FDCWD, "/home/dikluwe/.local/share/fonts/VictorMono/VictorMonoNerdFontPropo-Italic.ttf", O_RDONLY|O_CLOEXEC) = 5
[pid 185590] 14:15:50.146409 openat(AT_FDCWD, "/home/dikluwe/.local/share/fonts/VictorMono/VictorMonoNerdFontMono-Italic.ttf", O_RDONLY|O_CLOEXEC) = 5
[pid 185590] 14:15:50.146565 openat(AT_FDCWD, "/home/dikluwe/.local/share/fonts/VictorMono/VictorMonoNerdFont-MediumOblique.ttf", O_RDONLY|O_CLOEXEC) = 5
[pid 185590] 14:15:50.146719 openat(AT_FDCWD, "/home/dikluwe/.local/share/fonts/VictorMono/VictorMonoNerdFontMono-MediumOblique.ttf", O_RDONLY|O_CLOEXEC) = 5
[pid 185590] 14:15:50.146876 openat(AT_FDCWD, "/home/dikluwe/.local/share/fonts/VictorMono/VictorMonoNerdFontPropo-MediumOblique.ttf", O_RDONLY|O_CLOEXEC) = 5
[pid 185590] 14:15:50.147037 openat(AT_FDCWD, "/home/dikluwe/.local/share/fonts/VictorMono/VictorMonoNerdFontMono-ThinItalic.ttf", O_RDONLY|O_CLOEXEC) = 5
[pid 185590] 14:15:50.147195 openat(AT_FDCWD, "/home/dikluwe/.local/share/fonts/VictorMono/VictorMonoNerdFontPropo-ThinItalic.ttf", O_RDONLY|O_CLOEXEC) = 5
[pid 185590] 14:15:50.147353 openat(AT_FDCWD, "/home/dikluwe/.local/share/fonts/VictorMono/VictorMonoNerdFont-ThinItalic.ttf", O_RDONLY|O_CLOEXEC) = 5
[pid 185590] 14:15:50.147510 openat(AT_FDCWD, "/home/dikluwe/.local/share/fonts/VictorMono/VictorMonoNerdFont-BoldItalic.ttf", O_RDONLY|O_CLOEXEC) = 5
[pid 185590] 14:15:50.147667 openat(AT_FDCWD, "/home/dikluwe/.local/share/fonts/VictorMono/VictorMonoNerdFontMono-BoldItalic.ttf", O_RDONLY|O_CLOEXEC) = 5
[pid 185590] 14:15:50.147823 openat(AT_FDCWD, "/home/dikluwe/.local/share/fonts/VictorMono/VictorMonoNerdFontPropo-BoldItalic.ttf", O_RDONLY|O_CLOEXEC) = 5
[pid 185590] 14:15:50.147990 openat(AT_FDCWD, "/home/dikluwe/.local/share/fonts/VictorMono/VictorMonoNerdFontMono-BoldOblique.ttf", O_RDONLY|O_CLOEXEC) = 5
[pid 185590] 14:15:50.148166 openat(AT_FDCWD, "/home/dikluwe/.local/share/fonts/VictorMono/VictorMonoNerdFontPropo-BoldOblique.ttf", O_RDONLY|O_CLOEXEC) = 5
[pid 185590] 14:15:50.148342 openat(AT_FDCWD, "/home/dikluwe/.local/share/fonts/VictorMono/VictorMonoNerdFont-BoldOblique.ttf", O_RDONLY|O_CLOEXEC) = 5
[pid 185590] 14:15:50.148544 openat(AT_FDCWD, "/home/dikluwe/.local/share/fonts/VictorMono/VictorMonoNerdFontMono-ExtraLightOblique.ttf", O_RDONLY|O_CLOEXEC) = 5
[pid 185590] 14:15:50.148727 openat(AT_FDCWD, "/home/dikluwe/.local/share/fonts/VictorMono/VictorMonoNerdFontPropo-ExtraLightOblique.ttf", O_RDONLY|O_CLOEXEC) = 5
[pid 185590] 14:15:50.148887 openat(AT_FDCWD, "/home/dikluwe/.local/share/fonts/VictorMono/VictorMonoNerdFont-ExtraLightOblique.ttf", O_RDONLY|O_CLOEXEC) = 5
[pid 185590] 14:15:50.149116 openat(AT_FDCWD, "/home/dikluwe/.local/share/fonts/VictorMono/VictorMonoNerdFontMono-Regular.ttf", O_RDONLY|O_CLOEXEC) = 5
[pid 185590] 14:15:50.149296 openat(AT_FDCWD, "/home/dikluwe/.local/share/fonts/VictorMono/VictorMonoNerdFont-Regular.ttf", O_RDONLY|O_CLOEXEC) = 5
[pid 185590] 14:15:50.149468 openat(AT_FDCWD, "/home/dikluwe/.local/share/fonts/VictorMono/VictorMonoNerdFontPropo-Regular.ttf", O_RDONLY|O_CLOEXEC) = 5
[pid 185590] 14:15:50.149640 openat(AT_FDCWD, "/home/dikluwe/.local/share/fonts/VictorMono/VictorMonoNerdFont-ThinOblique.ttf", O_RDONLY|O_CLOEXEC) = 5
[pid 185590] 14:15:50.149810 openat(AT_FDCWD, "/home/dikluwe/.local/share/fonts/VictorMono/VictorMonoNerdFontMono-ThinOblique.ttf", O_RDONLY|O_CLOEXEC) = 5
[pid 185590] 14:15:50.149995 openat(AT_FDCWD, "/home/dikluwe/.local/share/fonts/VictorMono/VictorMonoNerdFontPropo-ThinOblique.ttf", O_RDONLY|O_CLOEXEC) = 5
[pid 185590] 14:15:50.150167 openat(AT_FDCWD, "/home/dikluwe/.local/share/fonts/VictorMono/VictorMonoNerdFontMono-SemiBoldItalic.ttf", O_RDONLY|O_CLOEXEC) = 5
[pid 185590] 14:15:50.150328 openat(AT_FDCWD, "/home/dikluwe/.local/share/fonts/VictorMono/VictorMonoNerdFontPropo-SemiBoldItalic.ttf", O_RDONLY|O_CLOEXEC) = 5
[pid 185590] 14:15:50.150489 openat(AT_FDCWD, "/home/dikluwe/.local/share/fonts/VictorMono/VictorMonoNerdFont-SemiBoldItalic.ttf", O_RDONLY|O_CLOEXEC) = 5
[pid 185590] 14:15:50.150652 openat(AT_FDCWD, "/home/dikluwe/.local/share/fonts/VictorMono/VictorMonoNerdFontMono-Oblique.ttf", O_RDONLY|O_CLOEXEC) = 5
[pid 185590] 14:15:50.150811 openat(AT_FDCWD, "/home/dikluwe/.local/share/fonts/VictorMono/VictorMonoNerdFontPropo-Oblique.ttf", O_RDONLY|O_CLOEXEC) = 5
[pid 185590] 14:15:50.150978 openat(AT_FDCWD, "/home/dikluwe/.local/share/fonts/VictorMono/VictorMonoNerdFont-Oblique.ttf", O_RDONLY|O_CLOEXEC) = 5
[pid 185590] 14:15:50.151138 openat(AT_FDCWD, "/home/dikluwe/.local/share/fonts/VictorMono/VictorMonoNerdFontMono-Thin.ttf", O_RDONLY|O_CLOEXEC) = 5
[pid 185590] 14:15:50.151306 openat(AT_FDCWD, "/home/dikluwe/.local/share/fonts/VictorMono/VictorMonoNerdFont-Thin.ttf", O_RDONLY|O_CLOEXEC) = 5
[pid 185590] 14:15:50.151472 openat(AT_FDCWD, "/home/dikluwe/.local/share/fonts/VictorMono/VictorMonoNerdFontPropo-Thin.ttf", O_RDONLY|O_CLOEXEC) = 5
[pid 185590] 14:15:50.151636 openat(AT_FDCWD, "/home/dikluwe/.local/share/fonts/VictorMono/VictorMonoNerdFontPropo-ExtraLight.ttf", O_RDONLY|O_CLOEXEC) = 5
[pid 185590] 14:15:50.151802 openat(AT_FDCWD, "/home/dikluwe/.local/share/fonts/VictorMono/VictorMonoNerdFontMono-ExtraLight.ttf", O_RDONLY|O_CLOEXEC) = 5
[pid 185590] 14:15:50.151974 openat(AT_FDCWD, "/home/dikluwe/.local/share/fonts/VictorMono/VictorMonoNerdFont-ExtraLight.ttf", O_RDONLY|O_CLOEXEC) = 5
[pid 185590] 14:15:50.152141 openat(AT_FDCWD, "/home/dikluwe/.local/share/fonts/VictorMono/VictorMonoNerdFontMono-LightOblique.ttf", O_RDONLY|O_CLOEXEC) = 5
[pid 185590] 14:15:50.152300 openat(AT_FDCWD, "/home/dikluwe/.local/share/fonts/VictorMono/VictorMonoNerdFontPropo-LightOblique.ttf", O_RDONLY|O_CLOEXEC) = 5
[pid 185590] 14:15:50.152456 openat(AT_FDCWD, "/home/dikluwe/.local/share/fonts/VictorMono/VictorMonoNerdFont-LightOblique.ttf", O_RDONLY|O_CLOEXEC) = 5
[pid 185590] 14:15:50.152611 openat(AT_FDCWD, "/home/dikluwe/.local/share/fonts/VictorMono/VictorMonoNerdFont-Medium.ttf", O_RDONLY|O_CLOEXEC) = 5
[pid 185590] 14:15:50.152765 openat(AT_FDCWD, "/home/dikluwe/.local/share/fonts/VictorMono/VictorMonoNerdFontMono-Medium.ttf", O_RDONLY|O_CLOEXEC) = 5
[pid 185590] 14:15:50.152948 openat(AT_FDCWD, "/home/dikluwe/.local/share/fonts/VictorMono/VictorMonoNerdFontPropo-Medium.ttf", O_RDONLY|O_CLOEXEC) = 5
[pid 185590] 14:15:50.153111 openat(AT_FDCWD, "/home/dikluwe/.local/share/fonts/VictorMono/VictorMonoNerdFontMono-Bold.ttf", O_RDONLY|O_CLOEXEC) = 5
[pid 185590] 14:15:50.153267 openat(AT_FDCWD, "/home/dikluwe/.local/share/fonts/VictorMono/VictorMonoNerdFontPropo-Bold.ttf", O_RDONLY|O_CLOEXEC) = 5
[pid 185590] 14:15:50.153427 openat(AT_FDCWD, "/home/dikluwe/.local/share/fonts/VictorMono/VictorMonoNerdFont-Bold.ttf", O_RDONLY|O_CLOEXEC) = 5
[pid 185590] 14:15:50.153590 openat(AT_FDCWD, "/home/dikluwe/.local/share/fonts/VictorMono/VictorMonoNerdFontPropo-Light.ttf", O_RDONLY|O_CLOEXEC) = 5
[pid 185590] 14:15:50.153749 openat(AT_FDCWD, "/home/dikluwe/.local/share/fonts/VictorMono/VictorMonoNerdFont-Light.ttf", O_RDONLY|O_CLOEXEC) = 5
[pid 185590] 14:15:50.153922 openat(AT_FDCWD, "/home/dikluwe/.local/share/fonts/VictorMono/VictorMonoNerdFontMono-Light.ttf", O_RDONLY|O_CLOEXEC) = 5
[pid 185590] 14:15:50.154084 openat(AT_FDCWD, "/home/dikluwe/.local/share/fonts/VictorMono/VictorMonoNerdFontMono-SemiBold.ttf", O_RDONLY|O_CLOEXEC) = 5
[pid 185590] 14:15:50.154257 openat(AT_FDCWD, "/home/dikluwe/.local/share/fonts/VictorMono/VictorMonoNerdFontPropo-SemiBold.ttf", O_RDONLY|O_CLOEXEC) = 5
[pid 185590] 14:15:50.154424 openat(AT_FDCWD, "/home/dikluwe/.local/share/fonts/VictorMono/VictorMonoNerdFont-SemiBold.ttf", O_RDONLY|O_CLOEXEC) = 5
[pid 185590] 14:15:50.154654 openat(AT_FDCWD, "/home/dikluwe/.local/share/fonts/ZedMono", O_RDONLY|O_NONBLOCK|O_CLOEXEC|O_DIRECTORY) = 4
[pid 185590] 14:15:50.154924 openat(AT_FDCWD, "/home/dikluwe/.local/share/fonts/ZedMono/ZedMonoNerdFontMono-ExtendedBold.ttf", O_RDONLY|O_CLOEXEC) = 5
[pid 185590] 14:15:50.155098 openat(AT_FDCWD, "/home/dikluwe/.local/share/fonts/ZedMono/ZedMonoNerdFontPropo-ExtendedMedium.ttf", O_RDONLY|O_CLOEXEC) = 5
[pid 185590] 14:15:50.155266 openat(AT_FDCWD, "/home/dikluwe/.local/share/fonts/ZedMono/ZedMonoNerdFontMono-ExtendedLight.ttf", O_RDONLY|O_CLOEXEC) = 5
[pid 185590] 14:15:50.155430 openat(AT_FDCWD, "/home/dikluwe/.local/share/fonts/ZedMono/ZedMonoNerdFontMono-ExtendedMediumOblique.ttf", O_RDONLY|O_CLOEXEC) = 5
[pid 185590] 14:15:50.155594 openat(AT_FDCWD, "/home/dikluwe/.local/share/fonts/ZedMono/ZedMonoNerdFontPropo-ExtendedItalic.ttf", O_RDONLY|O_CLOEXEC) = 5
[pid 185590] 14:15:50.155755 openat(AT_FDCWD, "/home/dikluwe/.local/share/fonts/ZedMono/ZedMonoNerdFontPropo-ExtendedBold.ttf", O_RDONLY|O_CLOEXEC) = 5
[pid 185590] 14:15:50.155927 openat(AT_FDCWD, "/home/dikluwe/.local/share/fonts/ZedMono/ZedMonoNerdFontPropo-Extended.ttf", O_RDONLY|O_CLOEXEC) = 5
[pid 185590] 14:15:50.156096 openat(AT_FDCWD, "/home/dikluwe/.local/share/fonts/ZedMono/ZedMonoNerdFontMono-ExtendedExtraBoldOblique.ttf", O_RDONLY|O_CLOEXEC) = 5
[pid 185590] 14:15:50.156277 openat(AT_FDCWD, "/home/dikluwe/.local/share/fonts/ZedMono/ZedMonoNerdFontPropo-ExtendedExtraBoldOblique.ttf", O_RDONLY|O_CLOEXEC) = 5
[pid 185590] 14:15:50.156460 openat(AT_FDCWD, "/home/dikluwe/.local/share/fonts/ZedMono/ZedMonoNerdFont-ExtendedExtraBold.ttf", O_RDONLY|O_CLOEXEC) = 5
[pid 185590] 14:15:50.156641 openat(AT_FDCWD, "/home/dikluwe/.local/share/fonts/ZedMono/ZedMonoNerdFontPropo-ExtendedExtraBoldItalic.ttf", O_RDONLY|O_CLOEXEC) = 5
[pid 185590] 14:15:50.156826 openat(AT_FDCWD, "/home/dikluwe/.local/share/fonts/ZedMono/ZedMonoNerdFontMono-ExtendedExtraBold.ttf", O_RDONLY|O_CLOEXEC) = 5
[pid 185590] 14:15:50.157020 openat(AT_FDCWD, "/home/dikluwe/.local/share/fonts/ZedMono/ZedMonoNerdFont-ExtendedMediumItalic.ttf", O_RDONLY|O_CLOEXEC) = 5
[pid 185590] 14:15:50.157205 openat(AT_FDCWD, "/home/dikluwe/.local/share/fonts/ZedMono/ZedMonoNerdFontMono-ExtendedBoldOblique.ttf", O_RDONLY|O_CLOEXEC) = 5
[pid 185590] 14:15:50.157372 openat(AT_FDCWD, "/home/dikluwe/.local/share/fonts/ZedMono/ZedMonoNerdFontMono-ExtendedMedium.ttf", O_RDONLY|O_CLOEXEC) = 5
[pid 185590] 14:15:50.157545 openat(AT_FDCWD, "/home/dikluwe/.local/share/fonts/ZedMono/ZedMonoNerdFontPropo-ExtendedMediumOblique.ttf", O_RDONLY|O_CLOEXEC) = 5
[pid 185590] 14:15:50.157706 openat(AT_FDCWD, "/home/dikluwe/.local/share/fonts/ZedMono/ZedMonoNerdFont-Extended.ttf", O_RDONLY|O_CLOEXEC) = 5
[pid 185590] 14:15:50.157864 openat(AT_FDCWD, "/home/dikluwe/.local/share/fonts/ZedMono/ZedMonoNerdFontPropo-ExtendedBoldItalic.ttf", O_RDONLY|O_CLOEXEC) = 5
[pid 185590] 14:15:50.158028 openat(AT_FDCWD, "/home/dikluwe/.local/share/fonts/ZedMono/ZedMonoNerdFont-ExtendedOblique.ttf", O_RDONLY|O_CLOEXEC) = 5
[pid 185590] 14:15:50.158187 openat(AT_FDCWD, "/home/dikluwe/.local/share/fonts/ZedMono/ZedMonoNerdFont-ExtendedMedium.ttf", O_RDONLY|O_CLOEXEC) = 5
[pid 185590] 14:15:50.158345 openat(AT_FDCWD, "/home/dikluwe/.local/share/fonts/ZedMono/ZedMonoNerdFontPropo-ExtendedBoldOblique.ttf", O_RDONLY|O_CLOEXEC) = 5
[pid 185590] 14:15:50.158526 openat(AT_FDCWD, "/home/dikluwe/.local/share/fonts/ZedMono/ZedMonoNerdFontMono-ExtendedOblique.ttf", O_RDONLY|O_CLOEXEC) = 5
[pid 185590] 14:15:50.158684 openat(AT_FDCWD, "/home/dikluwe/.local/share/fonts/ZedMono/ZedMonoNerdFontPropo-ExtendedLightItalic.ttf", O_RDONLY|O_CLOEXEC) = 5
[pid 185590] 14:15:50.158848 openat(AT_FDCWD, "/home/dikluwe/.local/share/fonts/ZedMono/ZedMonoNerdFontPropo-ExtendedMediumItalic.ttf", O_RDONLY|O_CLOEXEC) = 5
[pid 185590] 14:15:50.159010 openat(AT_FDCWD, "/home/dikluwe/.local/share/fonts/ZedMono/ZedMonoNerdFontMono-ExtendedBoldItalic.ttf", O_RDONLY|O_CLOEXEC) = 5
[pid 185590] 14:15:50.159168 openat(AT_FDCWD, "/home/dikluwe/.local/share/fonts/ZedMono/ZedMonoNerdFont-ExtendedBold.ttf", O_RDONLY|O_CLOEXEC) = 5
[pid 185590] 14:15:50.159331 openat(AT_FDCWD, "/home/dikluwe/.local/share/fonts/ZedMono/ZedMonoNerdFontMono-ExtendedMediumItalic.ttf", O_RDONLY|O_CLOEXEC) = 5
[pid 185590] 14:15:50.159492 openat(AT_FDCWD, "/home/dikluwe/.local/share/fonts/ZedMono/ZedMonoNerdFontPropo-ExtendedExtraBold.ttf", O_RDONLY|O_CLOEXEC) = 5
[pid 185590] 14:15:50.159650 openat(AT_FDCWD, "/home/dikluwe/.local/share/fonts/ZedMono/ZedMonoNerdFontMono-Extended.ttf", O_RDONLY|O_CLOEXEC) = 5
[pid 185590] 14:15:50.159816 openat(AT_FDCWD, "/home/dikluwe/.local/share/fonts/ZedMono/ZedMonoNerdFont-ExtendedExtraBoldOblique.ttf", O_RDONLY|O_CLOEXEC) = 5
[pid 185590] 14:15:50.159984 openat(AT_FDCWD, "/home/dikluwe/.local/share/fonts/ZedMono/ZedMonoNerdFont-ExtendedMediumOblique.ttf", O_RDONLY|O_CLOEXEC) = 5
[pid 185590] 14:15:50.160142 openat(AT_FDCWD, "/home/dikluwe/.local/share/fonts/ZedMono/ZedMonoNerdFont-ExtendedItalic.ttf", O_RDONLY|O_CLOEXEC) = 5
[pid 185590] 14:15:50.160298 openat(AT_FDCWD, "/home/dikluwe/.local/share/fonts/ZedMono/ZedMonoNerdFontMono-ExtendedLightOblique.ttf", O_RDONLY|O_CLOEXEC) = 5
[pid 185590] 14:15:50.160456 openat(AT_FDCWD, "/home/dikluwe/.local/share/fonts/ZedMono/ZedMonoNerdFontMono-ExtendedItalic.ttf", O_RDONLY|O_CLOEXEC) = 5
[pid 185590] 14:15:50.160612 openat(AT_FDCWD, "/home/dikluwe/.local/share/fonts/ZedMono/ZedMonoNerdFontPropo-ExtendedLight.ttf", O_RDONLY|O_CLOEXEC) = 5
[pid 185590] 14:15:50.160767 openat(AT_FDCWD, "/home/dikluwe/.local/share/fonts/ZedMono/ZedMonoNerdFont-ExtendedBoldItalic.ttf", O_RDONLY|O_CLOEXEC) = 5
[pid 185590] 14:15:50.160932 openat(AT_FDCWD, "/home/dikluwe/.local/share/fonts/ZedMono/ZedMonoNerdFont-ExtendedExtraBoldItalic.ttf", O_RDONLY|O_CLOEXEC) = 5
[pid 185590] 14:15:50.161093 openat(AT_FDCWD, "/home/dikluwe/.local/share/fonts/ZedMono/ZedMonoNerdFont-ExtendedLightItalic.ttf", O_RDONLY|O_CLOEXEC) = 5
[pid 185590] 14:15:50.161248 openat(AT_FDCWD, "/home/dikluwe/.local/share/fonts/ZedMono/ZedMonoNerdFontMono-ExtendedExtraBoldItalic.ttf", O_RDONLY|O_CLOEXEC) = 5
[pid 185590] 14:15:50.161404 openat(AT_FDCWD, "/home/dikluwe/.local/share/fonts/ZedMono/ZedMonoNerdFontMono-ExtendedLightItalic.ttf", O_RDONLY|O_CLOEXEC) = 5
[pid 185590] 14:15:50.161562 openat(AT_FDCWD, "/home/dikluwe/.local/share/fonts/ZedMono/ZedMonoNerdFont-ExtendedLightOblique.ttf", O_RDONLY|O_CLOEXEC) = 5
[pid 185590] 14:15:50.161717 openat(AT_FDCWD, "/home/dikluwe/.local/share/fonts/ZedMono/ZedMonoNerdFontPropo-ExtendedLightOblique.ttf", O_RDONLY|O_CLOEXEC) = 5
[pid 185590] 14:15:50.161891 openat(AT_FDCWD, "/home/dikluwe/.local/share/fonts/ZedMono/ZedMonoNerdFont-ExtendedLight.ttf", O_RDONLY|O_CLOEXEC) = 5
[pid 185590] 14:15:50.162058 openat(AT_FDCWD, "/home/dikluwe/.local/share/fonts/ZedMono/ZedMonoNerdFont-ExtendedBoldOblique.ttf", O_RDONLY|O_CLOEXEC) = 5
[pid 185590] 14:15:50.162219 openat(AT_FDCWD, "/home/dikluwe/.local/share/fonts/ZedMono/ZedMonoNerdFontPropo-ExtendedOblique.ttf", O_RDONLY|O_CLOEXEC) = 5
[pid 185590] 14:15:50.162376 openat(AT_FDCWD, "/home/dikluwe/.local/share/fonts/ZedMono/ZedMonoNerdFontMono-Italic.ttf", O_RDONLY|O_CLOEXEC) = 5
[pid 185590] 14:15:50.162534 openat(AT_FDCWD, "/home/dikluwe/.local/share/fonts/ZedMono/ZedMonoNerdFontPropo-Oblique.ttf", O_RDONLY|O_CLOEXEC) = 5
[pid 185590] 14:15:50.162690 openat(AT_FDCWD, "/home/dikluwe/.local/share/fonts/ZedMono/ZedMonoNerdFont-BoldOblique.ttf", O_RDONLY|O_CLOEXEC) = 5
[pid 185590] 14:15:50.162850 openat(AT_FDCWD, "/home/dikluwe/.local/share/fonts/ZedMono/ZedMonoNerdFontPropo-Regular.ttf", O_RDONLY|O_CLOEXEC) = 5
[pid 185590] 14:15:50.163012 openat(AT_FDCWD, "/home/dikluwe/.local/share/fonts/ZedMono/ZedMonoNerdFontMono-Bold.ttf", O_RDONLY|O_CLOEXEC) = 5
[pid 185590] 14:15:50.163170 openat(AT_FDCWD, "/home/dikluwe/.local/share/fonts/ZedMono/ZedMonoNerdFont-BoldItalic.ttf", O_RDONLY|O_CLOEXEC) = 5
[pid 185590] 14:15:50.163328 openat(AT_FDCWD, "/home/dikluwe/.local/share/fonts/ZedMono/ZedMonoNerdFont-Regular.ttf", O_RDONLY|O_CLOEXEC) = 5
[pid 185590] 14:15:50.163496 openat(AT_FDCWD, "/home/dikluwe/.local/share/fonts/ZedMono/ZedMonoNerdFontMono-Light.ttf", O_RDONLY|O_CLOEXEC) = 5
[pid 185590] 14:15:50.163659 openat(AT_FDCWD, "/home/dikluwe/.local/share/fonts/ZedMono/ZedMonoNerdFont-LightOblique.ttf", O_RDONLY|O_CLOEXEC) = 5
[pid 185590] 14:15:50.163814 openat(AT_FDCWD, "/home/dikluwe/.local/share/fonts/ZedMono/ZedMonoNerdFont-ExtraBold.ttf", O_RDONLY|O_CLOEXEC) = 5
[pid 185590] 14:15:50.163976 openat(AT_FDCWD, "/home/dikluwe/.local/share/fonts/ZedMono/ZedMonoNerdFontMono-BoldItalic.ttf", O_RDONLY|O_CLOEXEC) = 5
[pid 185590] 14:15:50.164180 openat(AT_FDCWD, "/home/dikluwe/.local/share/fonts/ZedMono/ZedMonoNerdFontPropo-LightItalic.ttf", O_RDONLY|O_CLOEXEC) = 5
[pid 185590] 14:15:50.164364 openat(AT_FDCWD, "/home/dikluwe/.local/share/fonts/ZedMono/ZedMonoNerdFont-Medium.ttf", O_RDONLY|O_CLOEXEC) = 5
[pid 185590] 14:15:50.164545 openat(AT_FDCWD, "/home/dikluwe/.local/share/fonts/ZedMono/ZedMonoNerdFontPropo-ExtraBold.ttf", O_RDONLY|O_CLOEXEC) = 5
[pid 185590] 14:15:50.164791 openat(AT_FDCWD, "/home/dikluwe/.local/share/fonts/ZedMono/ZedMonoNerdFont-Oblique.ttf", O_RDONLY|O_CLOEXEC) = 5
[pid 185590] 14:15:50.164987 openat(AT_FDCWD, "/home/dikluwe/.local/share/fonts/ZedMono/ZedMonoNerdFontPropo-ExtraBoldItalic.ttf", O_RDONLY|O_CLOEXEC) = 5
[pid 185590] 14:15:50.165169 openat(AT_FDCWD, "/home/dikluwe/.local/share/fonts/ZedMono/ZedMonoNerdFontMono-ExtraBoldItalic.ttf", O_RDONLY|O_CLOEXEC) = 5
[pid 185590] 14:15:50.165327 openat(AT_FDCWD, "/home/dikluwe/.local/share/fonts/ZedMono/ZedMonoNerdFont-Italic.ttf", O_RDONLY|O_CLOEXEC) = 5
[pid 185590] 14:15:50.165486 openat(AT_FDCWD, "/home/dikluwe/.local/share/fonts/ZedMono/ZedMonoNerdFontPropo-Italic.ttf", O_RDONLY|O_CLOEXEC) = 5
[pid 185590] 14:15:50.165643 openat(AT_FDCWD, "/home/dikluwe/.local/share/fonts/ZedMono/ZedMonoNerdFontMono-LightOblique.ttf", O_RDONLY|O_CLOEXEC) = 5
[pid 185590] 14:15:50.165819 openat(AT_FDCWD, "/home/dikluwe/.local/share/fonts/ZedMono/ZedMonoNerdFont-ExtraBoldItalic.ttf", O_RDONLY|O_CLOEXEC) = 5
[pid 185590] 14:15:50.166005 openat(AT_FDCWD, "/home/dikluwe/.local/share/fonts/ZedMono/ZedMonoNerdFontMono-MediumItalic.ttf", O_RDONLY|O_CLOEXEC) = 5
[pid 185590] 14:15:50.166166 openat(AT_FDCWD, "/home/dikluwe/.local/share/fonts/ZedMono/ZedMonoNerdFontPropo-Light.ttf", O_RDONLY|O_CLOEXEC) = 5
[pid 185590] 14:15:50.166324 openat(AT_FDCWD, "/home/dikluwe/.local/share/fonts/ZedMono/ZedMonoNerdFont-LightItalic.ttf", O_RDONLY|O_CLOEXEC) = 5
[pid 185590] 14:15:50.166481 openat(AT_FDCWD, "/home/dikluwe/.local/share/fonts/ZedMono/ZedMonoNerdFontPropo-BoldOblique.ttf", O_RDONLY|O_CLOEXEC) = 5
[pid 185590] 14:15:50.166661 openat(AT_FDCWD, "/home/dikluwe/.local/share/fonts/ZedMono/ZedMonoNerdFont-MediumOblique.ttf", O_RDONLY|O_CLOEXEC) = 5
[pid 185590] 14:15:50.166834 openat(AT_FDCWD, "/home/dikluwe/.local/share/fonts/ZedMono/ZedMonoNerdFontPropo-Bold.ttf", O_RDONLY|O_CLOEXEC) = 5
[pid 185590] 14:15:50.167007 openat(AT_FDCWD, "/home/dikluwe/.local/share/fonts/ZedMono/ZedMonoNerdFontMono-Regular.ttf", O_RDONLY|O_CLOEXEC) = 5
[pid 185590] 14:15:50.167168 openat(AT_FDCWD, "/home/dikluwe/.local/share/fonts/ZedMono/ZedMonoNerdFont-ExtraBoldOblique.ttf", O_RDONLY|O_CLOEXEC) = 5
[pid 185590] 14:15:50.167327 openat(AT_FDCWD, "/home/dikluwe/.local/share/fonts/ZedMono/ZedMonoNerdFontMono-ExtraBoldOblique.ttf", O_RDONLY|O_CLOEXEC) = 5
[pid 185590] 14:15:50.167484 openat(AT_FDCWD, "/home/dikluwe/.local/share/fonts/ZedMono/ZedMonoNerdFont-Bold.ttf", O_RDONLY|O_CLOEXEC) = 5
[pid 185590] 14:15:50.167650 openat(AT_FDCWD, "/home/dikluwe/.local/share/fonts/ZedMono/ZedMonoNerdFontPropo-BoldItalic.ttf", O_RDONLY|O_CLOEXEC) = 5
[pid 185590] 14:15:50.167809 openat(AT_FDCWD, "/home/dikluwe/.local/share/fonts/ZedMono/ZedMonoNerdFontPropo-Medium.ttf", O_RDONLY|O_CLOEXEC) = 5
[pid 185590] 14:15:50.168005 openat(AT_FDCWD, "/home/dikluwe/.local/share/fonts/ZedMono/ZedMonoNerdFont-Light.ttf", O_RDONLY|O_CLOEXEC) = 5
[pid 185590] 14:15:50.168176 openat(AT_FDCWD, "/home/dikluwe/.local/share/fonts/ZedMono/ZedMonoNerdFontPropo-ExtraBoldOblique.ttf", O_RDONLY|O_CLOEXEC) = 5
[pid 185590] 14:15:50.168358 openat(AT_FDCWD, "/home/dikluwe/.local/share/fonts/ZedMono/ZedMonoNerdFontPropo-MediumItalic.ttf", O_RDONLY|O_CLOEXEC) = 5
[pid 185590] 14:15:50.168535 openat(AT_FDCWD, "/home/dikluwe/.local/share/fonts/ZedMono/ZedMonoNerdFontMono-ExtraBold.ttf", O_RDONLY|O_CLOEXEC) = 5
[pid 185590] 14:15:50.168714 openat(AT_FDCWD, "/home/dikluwe/.local/share/fonts/ZedMono/ZedMonoNerdFont-MediumItalic.ttf", O_RDONLY|O_CLOEXEC) = 5
[pid 185590] 14:15:50.168893 openat(AT_FDCWD, "/home/dikluwe/.local/share/fonts/ZedMono/ZedMonoNerdFontMono-MediumOblique.ttf", O_RDONLY|O_CLOEXEC) = 5
[pid 185590] 14:15:50.169077 openat(AT_FDCWD, "/home/dikluwe/.local/share/fonts/ZedMono/ZedMonoNerdFontPropo-MediumOblique.ttf", O_RDONLY|O_CLOEXEC) = 5
[pid 185590] 14:15:50.169255 openat(AT_FDCWD, "/home/dikluwe/.local/share/fonts/ZedMono/ZedMonoNerdFontPropo-LightOblique.ttf", O_RDONLY|O_CLOEXEC) = 5
[pid 185590] 14:15:50.169414 openat(AT_FDCWD, "/home/dikluwe/.local/share/fonts/ZedMono/ZedMonoNerdFontMono-Oblique.ttf", O_RDONLY|O_CLOEXEC) = 5
[pid 185590] 14:15:50.169574 openat(AT_FDCWD, "/home/dikluwe/.local/share/fonts/ZedMono/ZedMonoNerdFontMono-Medium.ttf", O_RDONLY|O_CLOEXEC) = 5
[pid 185590] 14:15:50.169737 openat(AT_FDCWD, "/home/dikluwe/.local/share/fonts/ZedMono/ZedMonoNerdFontMono-BoldOblique.ttf", O_RDONLY|O_CLOEXEC) = 5
[pid 185590] 14:15:50.169898 openat(AT_FDCWD, "/home/dikluwe/.local/share/fonts/ZedMono/ZedMonoNerdFontMono-LightItalic.ttf", O_RDONLY|O_CLOEXEC) = 5
[pid 185590] 14:15:50.170190 openat(AT_FDCWD, "/home/dikluwe/.local/share/fonts/Tinos", O_RDONLY|O_NONBLOCK|O_CLOEXEC|O_DIRECTORY) = 4
[pid 185590] 14:15:50.170355 openat(AT_FDCWD, "/home/dikluwe/.local/share/fonts/Tinos/TinosNerdFont-Italic.ttf", O_RDONLY|O_CLOEXEC) = 5
[pid 185590] 14:15:50.170539 openat(AT_FDCWD, "/home/dikluwe/.local/share/fonts/Tinos/TinosNerdFontPropo-Italic.ttf", O_RDONLY|O_CLOEXEC) = 5
[pid 185590] 14:15:50.170718 openat(AT_FDCWD, "/home/dikluwe/.local/share/fonts/Tinos/TinosNerdFontPropo-BoldItalic.ttf", O_RDONLY|O_CLOEXEC) = 5
[pid 185590] 14:15:50.170898 openat(AT_FDCWD, "/home/dikluwe/.local/share/fonts/Tinos/TinosNerdFont-BoldItalic.ttf", O_RDONLY|O_CLOEXEC) = 5
[pid 185590] 14:15:50.171086 openat(AT_FDCWD, "/home/dikluwe/.local/share/fonts/Tinos/TinosNerdFontPropo-Regular.ttf", O_RDONLY|O_CLOEXEC) = 5
[pid 185590] 14:15:50.171258 openat(AT_FDCWD, "/home/dikluwe/.local/share/fonts/Tinos/TinosNerdFont-Regular.ttf", O_RDONLY|O_CLOEXEC) = 5
[pid 185590] 14:15:50.171416 openat(AT_FDCWD, "/home/dikluwe/.local/share/fonts/Tinos/TinosNerdFont-Bold.ttf", O_RDONLY|O_CLOEXEC) = 5
[pid 185590] 14:15:50.171596 openat(AT_FDCWD, "/home/dikluwe/.local/share/fonts/Tinos/TinosNerdFontPropo-Bold.ttf", O_RDONLY|O_CLOEXEC) = 5
[pid 185590] 14:15:50.171800 openat(AT_FDCWD, "/home/dikluwe/.local/share/fonts/Ubuntu", O_RDONLY|O_NONBLOCK|O_CLOEXEC|O_DIRECTORY) = 4
[pid 185590] 14:15:50.171939 openat(AT_FDCWD, "/home/dikluwe/.local/share/fonts/Ubuntu/UbuntuNerdFont-LightItalic.ttf", O_RDONLY|O_CLOEXEC) = 5
[pid 185590] 14:15:50.172102 openat(AT_FDCWD, "/home/dikluwe/.local/share/fonts/Ubuntu/UbuntuNerdFontPropo-LightItalic.ttf", O_RDONLY|O_CLOEXEC) = 5
[pid 185590] 14:15:50.172270 openat(AT_FDCWD, "/home/dikluwe/.local/share/fonts/Ubuntu/UbuntuNerdFontPropo-MediumItalic.ttf", O_RDONLY|O_CLOEXEC) = 5
[pid 185590] 14:15:50.172450 openat(AT_FDCWD, "/home/dikluwe/.local/share/fonts/Ubuntu/UbuntuNerdFont-MediumItalic.ttf", O_RDONLY|O_CLOEXEC) = 5
[pid 185590] 14:15:50.172610 openat(AT_FDCWD, "/home/dikluwe/.local/share/fonts/Ubuntu/UbuntuNerdFontPropo-BoldItalic.ttf", O_RDONLY|O_CLOEXEC) = 5
[pid 185590] 14:15:50.172772 openat(AT_FDCWD, "/home/dikluwe/.local/share/fonts/Ubuntu/UbuntuNerdFont-BoldItalic.ttf", O_RDONLY|O_CLOEXEC) = 5
[pid 185590] 14:15:50.172943 openat(AT_FDCWD, "/home/dikluwe/.local/share/fonts/Ubuntu/UbuntuNerdFontPropo-Italic.ttf", O_RDONLY|O_CLOEXEC) = 5
[pid 185590] 14:15:50.173105 openat(AT_FDCWD, "/home/dikluwe/.local/share/fonts/Ubuntu/UbuntuNerdFont-Italic.ttf", O_RDONLY|O_CLOEXEC) = 5
[pid 185590] 14:15:50.173282 openat(AT_FDCWD, "/home/dikluwe/.local/share/fonts/Ubuntu/UbuntuNerdFont-Regular.ttf", O_RDONLY|O_CLOEXEC) = 5
[pid 185590] 14:15:50.173461 openat(AT_FDCWD, "/home/dikluwe/.local/share/fonts/Ubuntu/UbuntuNerdFontPropo-Regular.ttf", O_RDONLY|O_CLOEXEC) = 5
[pid 185590] 14:15:50.173620 openat(AT_FDCWD, "/home/dikluwe/.local/share/fonts/Ubuntu/UbuntuNerdFontPropo-Condensed.ttf", O_RDONLY|O_CLOEXEC) = 5
[pid 185590] 14:15:50.173778 openat(AT_FDCWD, "/home/dikluwe/.local/share/fonts/Ubuntu/UbuntuNerdFont-Condensed.ttf", O_RDONLY|O_CLOEXEC) = 5
[pid 185590] 14:15:50.173941 openat(AT_FDCWD, "/home/dikluwe/.local/share/fonts/Ubuntu/UbuntuNerdFont-Medium.ttf", O_RDONLY|O_CLOEXEC) = 5
[pid 185590] 14:15:50.174096 openat(AT_FDCWD, "/home/dikluwe/.local/share/fonts/Ubuntu/UbuntuNerdFontPropo-Medium.ttf", O_RDONLY|O_CLOEXEC) = 5
[pid 185590] 14:15:50.174256 openat(AT_FDCWD, "/home/dikluwe/.local/share/fonts/Ubuntu/UbuntuNerdFontPropo-Bold.ttf", O_RDONLY|O_CLOEXEC) = 5
[pid 185590] 14:15:50.174422 openat(AT_FDCWD, "/home/dikluwe/.local/share/fonts/Ubuntu/UbuntuNerdFont-Bold.ttf", O_RDONLY|O_CLOEXEC) = 5
[pid 185590] 14:15:50.174583 openat(AT_FDCWD, "/home/dikluwe/.local/share/fonts/Ubuntu/UbuntuNerdFont-Light.ttf", O_RDONLY|O_CLOEXEC) = 5
[pid 185590] 14:15:50.174745 openat(AT_FDCWD, "/home/dikluwe/.local/share/fonts/Ubuntu/UbuntuNerdFontPropo-Light.ttf", O_RDONLY|O_CLOEXEC) = 5
[pid 185590] 14:15:50.174961 openat(AT_FDCWD, "/home/dikluwe/.local/share/fonts/DejaVuSansMono", O_RDONLY|O_NONBLOCK|O_CLOEXEC|O_DIRECTORY) = 4
[pid 185590] 14:15:50.175097 openat(AT_FDCWD, "/home/dikluwe/.local/share/fonts/DejaVuSansMono/DejaVuSansMNerdFontPropo-Oblique.ttf", O_RDONLY|O_CLOEXEC) = 5
[pid 185590] 14:15:50.175265 openat(AT_FDCWD, "/home/dikluwe/.local/share/fonts/DejaVuSansMono/DejaVuSansMNerdFont-Oblique.ttf", O_RDONLY|O_CLOEXEC) = 5
[pid 185590] 14:15:50.175445 openat(AT_FDCWD, "/home/dikluwe/.local/share/fonts/DejaVuSansMono/DejaVuSansMNerdFontMono-Oblique.ttf", O_RDONLY|O_CLOEXEC) = 5
[pid 185590] 14:15:50.175619 openat(AT_FDCWD, "/home/dikluwe/.local/share/fonts/DejaVuSansMono/DejaVuSansMNerdFontPropo-BoldOblique.ttf", O_RDONLY|O_CLOEXEC) = 5
[pid 185590] 14:15:50.175786 openat(AT_FDCWD, "/home/dikluwe/.local/share/fonts/DejaVuSansMono/DejaVuSansMNerdFontMono-BoldOblique.ttf", O_RDONLY|O_CLOEXEC) = 5
[pid 185590] 14:15:50.176025 openat(AT_FDCWD, "/home/dikluwe/.local/share/fonts/DejaVuSansMono/DejaVuSansMNerdFont-BoldOblique.ttf", O_RDONLY|O_CLOEXEC) = 5
[pid 185590] 14:15:50.176194 openat(AT_FDCWD, "/home/dikluwe/.local/share/fonts/DejaVuSansMono/DejaVuSansMNerdFontPropo-Regular.ttf", O_RDONLY|O_CLOEXEC) = 5
[pid 185590] 14:15:50.176370 openat(AT_FDCWD, "/home/dikluwe/.local/share/fonts/DejaVuSansMono/DejaVuSansMNerdFont-Regular.ttf", O_RDONLY|O_CLOEXEC) = 5
[pid 185590] 14:15:50.176529 openat(AT_FDCWD, "/home/dikluwe/.local/share/fonts/DejaVuSansMono/DejaVuSansMNerdFontMono-Regular.ttf", O_RDONLY|O_CLOEXEC) = 5
[pid 185590] 14:15:50.176686 openat(AT_FDCWD, "/home/dikluwe/.local/share/fonts/DejaVuSansMono/DejaVuSansMNerdFont-Bold.ttf", O_RDONLY|O_CLOEXEC) = 5
[pid 185590] 14:15:50.176842 openat(AT_FDCWD, "/home/dikluwe/.local/share/fonts/DejaVuSansMono/DejaVuSansMNerdFontPropo-Bold.ttf", O_RDONLY|O_CLOEXEC) = 5
[pid 185590] 14:15:50.177008 openat(AT_FDCWD, "/home/dikluwe/.local/share/fonts/DejaVuSansMono/DejaVuSansMNerdFontMono-Bold.ttf", O_RDONLY|O_CLOEXEC) = 5
[pid 185590] 14:15:50.177258 openat(AT_FDCWD, "/home/dikluwe/.fonts", O_RDONLY|O_NONBLOCK|O_CLOEXEC|O_DIRECTORY) = -1 ENOENT (Arquivo ou diretório inexistente)
[pid 185590] 14:15:50.177318 openat(AT_FDCWD, "/usr/share/texmf/fonts/opentype/public/lm", O_RDONLY|O_NONBLOCK|O_CLOEXEC|O_DIRECTORY) = 3
[pid 185590] 14:15:50.177435 openat(AT_FDCWD, "/usr/share/texmf/fonts/opentype/public/lm/lmmono10-italic.otf", O_RDONLY|O_CLOEXEC) = 4
[pid 185590] 14:15:50.177586 openat(AT_FDCWD, "/usr/share/texmf/fonts/opentype/public/lm/lmmono10-regular.otf", O_RDONLY|O_CLOEXEC) = 4
[pid 185590] 14:15:50.177734 openat(AT_FDCWD, "/usr/share/texmf/fonts/opentype/public/lm/lmmono12-regular.otf", O_RDONLY|O_CLOEXEC) = 4
[pid 185590] 14:15:50.177878 openat(AT_FDCWD, "/usr/share/texmf/fonts/opentype/public/lm/lmmono8-regular.otf", O_RDONLY|O_CLOEXEC) = 4
[pid 185590] 14:15:50.178038 openat(AT_FDCWD, "/usr/share/texmf/fonts/opentype/public/lm/lmmono9-regular.otf", O_RDONLY|O_CLOEXEC) = 4
[pid 185590] 14:15:50.178185 openat(AT_FDCWD, "/usr/share/texmf/fonts/opentype/public/lm/lmmonocaps10-oblique.otf", O_RDONLY|O_CLOEXEC) = 4
[pid 185590] 14:15:50.178330 openat(AT_FDCWD, "/usr/share/texmf/fonts/opentype/public/lm/lmmonocaps10-regular.otf", O_RDONLY|O_CLOEXEC) = 4
[pid 185590] 14:15:50.178476 openat(AT_FDCWD, "/usr/share/texmf/fonts/opentype/public/lm/lmmonolt10-bold.otf", O_RDONLY|O_CLOEXEC) = 4
[pid 185590] 14:15:50.178621 openat(AT_FDCWD, "/usr/share/texmf/fonts/opentype/public/lm/lmmonolt10-boldoblique.otf", O_RDONLY|O_CLOEXEC) = 4
[pid 185590] 14:15:50.178766 openat(AT_FDCWD, "/usr/share/texmf/fonts/opentype/public/lm/lmmonolt10-oblique.otf", O_RDONLY|O_CLOEXEC) = 4
[pid 185590] 14:15:50.178935 openat(AT_FDCWD, "/usr/share/texmf/fonts/opentype/public/lm/lmmonolt10-regular.otf", O_RDONLY|O_CLOEXEC) = 4
[pid 185590] 14:15:50.179097 openat(AT_FDCWD, "/usr/share/texmf/fonts/opentype/public/lm/lmmonoltcond10-oblique.otf", O_RDONLY|O_CLOEXEC) = 4
[pid 185590] 14:15:50.179245 openat(AT_FDCWD, "/usr/share/texmf/fonts/opentype/public/lm/lmmonoltcond10-regular.otf", O_RDONLY|O_CLOEXEC) = 4
[pid 185590] 14:15:50.179392 openat(AT_FDCWD, "/usr/share/texmf/fonts/opentype/public/lm/lmmonoprop10-oblique.otf", O_RDONLY|O_CLOEXEC) = 4
[pid 185590] 14:15:50.179537 openat(AT_FDCWD, "/usr/share/texmf/fonts/opentype/public/lm/lmmonoprop10-regular.otf", O_RDONLY|O_CLOEXEC) = 4
[pid 185590] 14:15:50.179683 openat(AT_FDCWD, "/usr/share/texmf/fonts/opentype/public/lm/lmmonoproplt10-bold.otf", O_RDONLY|O_CLOEXEC) = 4
[pid 185590] 14:15:50.179828 openat(AT_FDCWD, "/usr/share/texmf/fonts/opentype/public/lm/lmmonoproplt10-boldoblique.otf", O_RDONLY|O_CLOEXEC) = 4
[pid 185590] 14:15:50.179983 openat(AT_FDCWD, "/usr/share/texmf/fonts/opentype/public/lm/lmmonoproplt10-oblique.otf", O_RDONLY|O_CLOEXEC) = 4
[pid 185590] 14:15:50.180132 openat(AT_FDCWD, "/usr/share/texmf/fonts/opentype/public/lm/lmmonoproplt10-regular.otf", O_RDONLY|O_CLOEXEC) = 4
[pid 185590] 14:15:50.180280 openat(AT_FDCWD, "/usr/share/texmf/fonts/opentype/public/lm/lmmonoslant10-regular.otf", O_RDONLY|O_CLOEXEC) = 4
[pid 185590] 14:15:50.180429 openat(AT_FDCWD, "/usr/share/texmf/fonts/opentype/public/lm/lmroman10-bold.otf", O_RDONLY|O_CLOEXEC) = 4
[pid 185590] 14:15:50.180596 openat(AT_FDCWD, "/usr/share/texmf/fonts/opentype/public/lm/lmroman10-bolditalic.otf", O_RDONLY|O_CLOEXEC) = 4
[pid 185590] 14:15:50.180748 openat(AT_FDCWD, "/usr/share/texmf/fonts/opentype/public/lm/lmroman10-italic.otf", O_RDONLY|O_CLOEXEC) = 4
[pid 185590] 14:15:50.181027 openat(AT_FDCWD, "/usr/share/texmf/fonts/opentype/public/lm/lmroman10-regular.otf", O_RDONLY|O_CLOEXEC) = 4
[pid 185590] 14:15:50.181220 openat(AT_FDCWD, "/usr/share/texmf/fonts/opentype/public/lm/lmroman12-bold.otf", O_RDONLY|O_CLOEXEC) = 4
[pid 185590] 14:15:50.181389 openat(AT_FDCWD, "/usr/share/texmf/fonts/opentype/public/lm/lmroman12-italic.otf", O_RDONLY|O_CLOEXEC) = 4
[pid 185590] 14:15:50.181554 openat(AT_FDCWD, "/usr/share/texmf/fonts/opentype/public/lm/lmroman12-regular.otf", O_RDONLY|O_CLOEXEC) = 4
[pid 185590] 14:15:50.181720 openat(AT_FDCWD, "/usr/share/texmf/fonts/opentype/public/lm/lmroman17-regular.otf", O_RDONLY|O_CLOEXEC) = 4
[pid 185590] 14:15:50.181885 openat(AT_FDCWD, "/usr/share/texmf/fonts/opentype/public/lm/lmroman5-bold.otf", O_RDONLY|O_CLOEXEC) = 4
[pid 185590] 14:15:50.182060 openat(AT_FDCWD, "/usr/share/texmf/fonts/opentype/public/lm/lmroman5-regular.otf", O_RDONLY|O_CLOEXEC) = 4
[pid 185590] 14:15:50.182221 openat(AT_FDCWD, "/usr/share/texmf/fonts/opentype/public/lm/lmroman6-bold.otf", O_RDONLY|O_CLOEXEC) = 4
[pid 185590] 14:15:50.182369 openat(AT_FDCWD, "/usr/share/texmf/fonts/opentype/public/lm/lmroman6-regular.otf", O_RDONLY|O_CLOEXEC) = 4
[pid 185590] 14:15:50.182514 openat(AT_FDCWD, "/usr/share/texmf/fonts/opentype/public/lm/lmroman7-bold.otf", O_RDONLY|O_CLOEXEC) = 4
[pid 185590] 14:15:50.182660 openat(AT_FDCWD, "/usr/share/texmf/fonts/opentype/public/lm/lmroman7-italic.otf", O_RDONLY|O_CLOEXEC) = 4
[pid 185590] 14:15:50.182805 openat(AT_FDCWD, "/usr/share/texmf/fonts/opentype/public/lm/lmroman7-regular.otf", O_RDONLY|O_CLOEXEC) = 4
[pid 185590] 14:15:50.182956 openat(AT_FDCWD, "/usr/share/texmf/fonts/opentype/public/lm/lmroman8-bold.otf", O_RDONLY|O_CLOEXEC) = 4
[pid 185590] 14:15:50.183103 openat(AT_FDCWD, "/usr/share/texmf/fonts/opentype/public/lm/lmroman8-italic.otf", O_RDONLY|O_CLOEXEC) = 4
[pid 185590] 14:15:50.183249 openat(AT_FDCWD, "/usr/share/texmf/fonts/opentype/public/lm/lmroman8-regular.otf", O_RDONLY|O_CLOEXEC) = 4
[pid 185590] 14:15:50.183394 openat(AT_FDCWD, "/usr/share/texmf/fonts/opentype/public/lm/lmroman9-bold.otf", O_RDONLY|O_CLOEXEC) = 4
[pid 185590] 14:15:50.183540 openat(AT_FDCWD, "/usr/share/texmf/fonts/opentype/public/lm/lmroman9-italic.otf", O_RDONLY|O_CLOEXEC) = 4
[pid 185590] 14:15:50.183687 openat(AT_FDCWD, "/usr/share/texmf/fonts/opentype/public/lm/lmroman9-regular.otf", O_RDONLY|O_CLOEXEC) = 4
[pid 185590] 14:15:50.183835 openat(AT_FDCWD, "/usr/share/texmf/fonts/opentype/public/lm/lmromancaps10-oblique.otf", O_RDONLY|O_CLOEXEC) = 4
[pid 185590] 14:15:50.184002 openat(AT_FDCWD, "/usr/share/texmf/fonts/opentype/public/lm/lmromancaps10-regular.otf", O_RDONLY|O_CLOEXEC) = 4
[pid 185590] 14:15:50.184153 openat(AT_FDCWD, "/usr/share/texmf/fonts/opentype/public/lm/lmromandemi10-oblique.otf", O_RDONLY|O_CLOEXEC) = 4
[pid 185590] 14:15:50.184297 openat(AT_FDCWD, "/usr/share/texmf/fonts/opentype/public/lm/lmromandemi10-regular.otf", O_RDONLY|O_CLOEXEC) = 4
[pid 185590] 14:15:50.184443 openat(AT_FDCWD, "/usr/share/texmf/fonts/opentype/public/lm/lmromandunh10-oblique.otf", O_RDONLY|O_CLOEXEC) = 4
[pid 185590] 14:15:50.184596 openat(AT_FDCWD, "/usr/share/texmf/fonts/opentype/public/lm/lmromandunh10-regular.otf", O_RDONLY|O_CLOEXEC) = 4
[pid 185590] 14:15:50.184745 openat(AT_FDCWD, "/usr/share/texmf/fonts/opentype/public/lm/lmromanslant10-bold.otf", O_RDONLY|O_CLOEXEC) = 4
[pid 185590] 14:15:50.184891 openat(AT_FDCWD, "/usr/share/texmf/fonts/opentype/public/lm/lmromanslant10-regular.otf", O_RDONLY|O_CLOEXEC) = 4
[pid 185590] 14:15:50.185053 openat(AT_FDCWD, "/usr/share/texmf/fonts/opentype/public/lm/lmromanslant12-regular.otf", O_RDONLY|O_CLOEXEC) = 4
[pid 185590] 14:15:50.185201 openat(AT_FDCWD, "/usr/share/texmf/fonts/opentype/public/lm/lmromanslant17-regular.otf", O_RDONLY|O_CLOEXEC) = 4
[pid 185590] 14:15:50.185363 openat(AT_FDCWD, "/usr/share/texmf/fonts/opentype/public/lm/lmromanslant8-regular.otf", O_RDONLY|O_CLOEXEC) = 4
[pid 185590] 14:15:50.185511 openat(AT_FDCWD, "/usr/share/texmf/fonts/opentype/public/lm/lmromanslant9-regular.otf", O_RDONLY|O_CLOEXEC) = 4
[pid 185590] 14:15:50.185655 openat(AT_FDCWD, "/usr/share/texmf/fonts/opentype/public/lm/lmromanunsl10-regular.otf", O_RDONLY|O_CLOEXEC) = 4
[pid 185590] 14:15:50.185800 openat(AT_FDCWD, "/usr/share/texmf/fonts/opentype/public/lm/lmsans10-bold.otf", O_RDONLY|O_CLOEXEC) = 4
[pid 185590] 14:15:50.185962 openat(AT_FDCWD, "/usr/share/texmf/fonts/opentype/public/lm/lmsans10-boldoblique.otf", O_RDONLY|O_CLOEXEC) = 4
[pid 185590] 14:15:50.186117 openat(AT_FDCWD, "/usr/share/texmf/fonts/opentype/public/lm/lmsans10-oblique.otf", O_RDONLY|O_CLOEXEC) = 4
[pid 185590] 14:15:50.186266 openat(AT_FDCWD, "/usr/share/texmf/fonts/opentype/public/lm/lmsans10-regular.otf", O_RDONLY|O_CLOEXEC) = 4
[pid 185590] 14:15:50.186417 openat(AT_FDCWD, "/usr/share/texmf/fonts/opentype/public/lm/lmsans12-oblique.otf", O_RDONLY|O_CLOEXEC) = 4
[pid 185590] 14:15:50.186566 openat(AT_FDCWD, "/usr/share/texmf/fonts/opentype/public/lm/lmsans12-regular.otf", O_RDONLY|O_CLOEXEC) = 4
[pid 185590] 14:15:50.186714 openat(AT_FDCWD, "/usr/share/texmf/fonts/opentype/public/lm/lmsans17-oblique.otf", O_RDONLY|O_CLOEXEC) = 4
[pid 185590] 14:15:50.186861 openat(AT_FDCWD, "/usr/share/texmf/fonts/opentype/public/lm/lmsans17-regular.otf", O_RDONLY|O_CLOEXEC) = 4
[pid 185590] 14:15:50.187013 openat(AT_FDCWD, "/usr/share/texmf/fonts/opentype/public/lm/lmsans8-oblique.otf", O_RDONLY|O_CLOEXEC) = 4
[pid 185590] 14:15:50.187160 openat(AT_FDCWD, "/usr/share/texmf/fonts/opentype/public/lm/lmsans8-regular.otf", O_RDONLY|O_CLOEXEC) = 4
[pid 185590] 14:15:50.187310 openat(AT_FDCWD, "/usr/share/texmf/fonts/opentype/public/lm/lmsans9-oblique.otf", O_RDONLY|O_CLOEXEC) = 4
[pid 185590] 14:15:50.187460 openat(AT_FDCWD, "/usr/share/texmf/fonts/opentype/public/lm/lmsans9-regular.otf", O_RDONLY|O_CLOEXEC) = 4
[pid 185590] 14:15:50.187621 openat(AT_FDCWD, "/usr/share/texmf/fonts/opentype/public/lm/lmsansdemicond10-oblique.otf", O_RDONLY|O_CLOEXEC) = 4
[pid 185590] 14:15:50.187773 openat(AT_FDCWD, "/usr/share/texmf/fonts/opentype/public/lm/lmsansdemicond10-regular.otf", O_RDONLY|O_CLOEXEC) = 4
[pid 185590] 14:15:50.187927 openat(AT_FDCWD, "/usr/share/texmf/fonts/opentype/public/lm/lmsansquot8-bold.otf", O_RDONLY|O_CLOEXEC) = 4
[pid 185590] 14:15:50.188076 openat(AT_FDCWD, "/usr/share/texmf/fonts/opentype/public/lm/lmsansquot8-boldoblique.otf", O_RDONLY|O_CLOEXEC) = 4
[pid 185590] 14:15:50.188224 openat(AT_FDCWD, "/usr/share/texmf/fonts/opentype/public/lm/lmsansquot8-oblique.otf", O_RDONLY|O_CLOEXEC) = 4
[pid 185590] 14:15:50.188371 openat(AT_FDCWD, "/usr/share/texmf/fonts/opentype/public/lm/lmsansquot8-regular.otf", O_RDONLY|O_CLOEXEC) = 4
[pid 185590] 14:15:50.188561 openat(AT_FDCWD, "/usr/share/texmf/fonts/opentype/public/lm-math", O_RDONLY|O_NONBLOCK|O_CLOEXEC|O_DIRECTORY) = 3
[pid 185590] 14:15:50.188663 openat(AT_FDCWD, "/usr/share/texmf/fonts/opentype/public/lm-math/latinmodern-math.otf", O_RDONLY|O_CLOEXEC) = 4
[pid 185590] 14:15:50.188851 openat(AT_FDCWD, "/usr/share/texmf/fonts/opentype/public/tex-gyre", O_RDONLY|O_NONBLOCK|O_CLOEXEC|O_DIRECTORY) = 3
[pid 185590] 14:15:50.188962 openat(AT_FDCWD, "/usr/share/texmf/fonts/opentype/public/tex-gyre/texgyreadventor-bold.otf", O_RDONLY|O_CLOEXEC) = 4
[pid 185590] 14:15:50.189112 openat(AT_FDCWD, "/usr/share/texmf/fonts/opentype/public/tex-gyre/texgyreadventor-bolditalic.otf", O_RDONLY|O_CLOEXEC) = 4
[pid 185590] 14:15:50.189258 openat(AT_FDCWD, "/usr/share/texmf/fonts/opentype/public/tex-gyre/texgyreadventor-italic.otf", O_RDONLY|O_CLOEXEC) = 4
[pid 185590] 14:15:50.189403 openat(AT_FDCWD, "/usr/share/texmf/fonts/opentype/public/tex-gyre/texgyreadventor-regular.otf", O_RDONLY|O_CLOEXEC) = 4
[pid 185590] 14:15:50.189546 openat(AT_FDCWD, "/usr/share/texmf/fonts/opentype/public/tex-gyre/texgyrebonum-bold.otf", O_RDONLY|O_CLOEXEC) = 4
[pid 185590] 14:15:50.189709 openat(AT_FDCWD, "/usr/share/texmf/fonts/opentype/public/tex-gyre/texgyrebonum-bolditalic.otf", O_RDONLY|O_CLOEXEC) = 4
[pid 185590] 14:15:50.189866 openat(AT_FDCWD, "/usr/share/texmf/fonts/opentype/public/tex-gyre/texgyrebonum-italic.otf", O_RDONLY|O_CLOEXEC) = 4
[pid 185590] 14:15:50.190023 openat(AT_FDCWD, "/usr/share/texmf/fonts/opentype/public/tex-gyre/texgyrebonum-regular.otf", O_RDONLY|O_CLOEXEC) = 4
[pid 185590] 14:15:50.190184 openat(AT_FDCWD, "/usr/share/texmf/fonts/opentype/public/tex-gyre/texgyrechorus-mediumitalic.otf", O_RDONLY|O_CLOEXEC) = 4
[pid 185590] 14:15:50.190334 openat(AT_FDCWD, "/usr/share/texmf/fonts/opentype/public/tex-gyre/texgyrecursor-bold.otf", O_RDONLY|O_CLOEXEC) = 4
[pid 185590] 14:15:50.190485 openat(AT_FDCWD, "/usr/share/texmf/fonts/opentype/public/tex-gyre/texgyrecursor-bolditalic.otf", O_RDONLY|O_CLOEXEC) = 4
[pid 185590] 14:15:50.190633 openat(AT_FDCWD, "/usr/share/texmf/fonts/opentype/public/tex-gyre/texgyrecursor-italic.otf", O_RDONLY|O_CLOEXEC) = 4
[pid 185590] 14:15:50.190781 openat(AT_FDCWD, "/usr/share/texmf/fonts/opentype/public/tex-gyre/texgyrecursor-regular.otf", O_RDONLY|O_CLOEXEC) = 4
[pid 185590] 14:15:50.190939 openat(AT_FDCWD, "/usr/share/texmf/fonts/opentype/public/tex-gyre/texgyreheros-bold.otf", O_RDONLY|O_CLOEXEC) = 4
[pid 185590] 14:15:50.191094 openat(AT_FDCWD, "/usr/share/texmf/fonts/opentype/public/tex-gyre/texgyreheros-bolditalic.otf", O_RDONLY|O_CLOEXEC) = 4
[pid 185590] 14:15:50.191256 openat(AT_FDCWD, "/usr/share/texmf/fonts/opentype/public/tex-gyre/texgyreheros-italic.otf", O_RDONLY|O_CLOEXEC) = 4
[pid 185590] 14:15:50.191419 openat(AT_FDCWD, "/usr/share/texmf/fonts/opentype/public/tex-gyre/texgyreheros-regular.otf", O_RDONLY|O_CLOEXEC) = 4
[pid 185590] 14:15:50.191580 openat(AT_FDCWD, "/usr/share/texmf/fonts/opentype/public/tex-gyre/texgyreheroscn-bold.otf", O_RDONLY|O_CLOEXEC) = 4
[pid 185590] 14:15:50.191746 openat(AT_FDCWD, "/usr/share/texmf/fonts/opentype/public/tex-gyre/texgyreheroscn-bolditalic.otf", O_RDONLY|O_CLOEXEC) = 4
[pid 185590] 14:15:50.191911 openat(AT_FDCWD, "/usr/share/texmf/fonts/opentype/public/tex-gyre/texgyreheroscn-italic.otf", O_RDONLY|O_CLOEXEC) = 4
[pid 185590] 14:15:50.192071 openat(AT_FDCWD, "/usr/share/texmf/fonts/opentype/public/tex-gyre/texgyreheroscn-regular.otf", O_RDONLY|O_CLOEXEC) = 4
[pid 185590] 14:15:50.192232 openat(AT_FDCWD, "/usr/share/texmf/fonts/opentype/public/tex-gyre/texgyrepagella-bold.otf", O_RDONLY|O_CLOEXEC) = 4
[pid 185590] 14:15:50.192393 openat(AT_FDCWD, "/usr/share/texmf/fonts/opentype/public/tex-gyre/texgyrepagella-bolditalic.otf", O_RDONLY|O_CLOEXEC) = 4
[pid 185590] 14:15:50.192550 openat(AT_FDCWD, "/usr/share/texmf/fonts/opentype/public/tex-gyre/texgyrepagella-italic.otf", O_RDONLY|O_CLOEXEC) = 4
[pid 185590] 14:15:50.192706 openat(AT_FDCWD, "/usr/share/texmf/fonts/opentype/public/tex-gyre/texgyrepagella-regular.otf", O_RDONLY|O_CLOEXEC) = 4
[pid 185590] 14:15:50.192863 openat(AT_FDCWD, "/usr/share/texmf/fonts/opentype/public/tex-gyre/texgyreschola-bold.otf", O_RDONLY|O_CLOEXEC) = 4
[pid 185590] 14:15:50.193026 openat(AT_FDCWD, "/usr/share/texmf/fonts/opentype/public/tex-gyre/texgyreschola-bolditalic.otf", O_RDONLY|O_CLOEXEC) = 4
[pid 185590] 14:15:50.193185 openat(AT_FDCWD, "/usr/share/texmf/fonts/opentype/public/tex-gyre/texgyreschola-italic.otf", O_RDONLY|O_CLOEXEC) = 4
[pid 185590] 14:15:50.193335 openat(AT_FDCWD, "/usr/share/texmf/fonts/opentype/public/tex-gyre/texgyreschola-regular.otf", O_RDONLY|O_CLOEXEC) = 4
[pid 185590] 14:15:50.193481 openat(AT_FDCWD, "/usr/share/texmf/fonts/opentype/public/tex-gyre/texgyretermes-bold.otf", O_RDONLY|O_CLOEXEC) = 4
[pid 185590] 14:15:50.193626 openat(AT_FDCWD, "/usr/share/texmf/fonts/opentype/public/tex-gyre/texgyretermes-bolditalic.otf", O_RDONLY|O_CLOEXEC) = 4
[pid 185590] 14:15:50.193771 openat(AT_FDCWD, "/usr/share/texmf/fonts/opentype/public/tex-gyre/texgyretermes-italic.otf", O_RDONLY|O_CLOEXEC) = 4
[pid 185590] 14:15:50.193923 openat(AT_FDCWD, "/usr/share/texmf/fonts/opentype/public/tex-gyre/texgyretermes-regular.otf", O_RDONLY|O_CLOEXEC) = 4
[pid 185590] 14:15:50.194131 openat(AT_FDCWD, "/usr/share/texmf/fonts/opentype/public/tex-gyre-math", O_RDONLY|O_NONBLOCK|O_CLOEXEC|O_DIRECTORY) = 3
[pid 185590] 14:15:50.194233 openat(AT_FDCWD, "/usr/share/texmf/fonts/opentype/public/tex-gyre-math/texgyrebonum-math.otf", O_RDONLY|O_CLOEXEC) = 4
[pid 185590] 14:15:50.194381 openat(AT_FDCWD, "/usr/share/texmf/fonts/opentype/public/tex-gyre-math/texgyredejavu-math.otf", O_RDONLY|O_CLOEXEC) = 4
[pid 185590] 14:15:50.194529 openat(AT_FDCWD, "/usr/share/texmf/fonts/opentype/public/tex-gyre-math/texgyrepagella-math.otf", O_RDONLY|O_CLOEXEC) = 4
[pid 185590] 14:15:50.194675 openat(AT_FDCWD, "/usr/share/texmf/fonts/opentype/public/tex-gyre-math/texgyreschola-math.otf", O_RDONLY|O_CLOEXEC) = 4
[pid 185590] 14:15:50.194821 openat(AT_FDCWD, "/usr/share/texmf/fonts/opentype/public/tex-gyre-math/texgyretermes-math.otf", O_RDONLY|O_CLOEXEC) = 4
[pid 185590] 14:15:50.195171 openat(AT_FDCWD, "/usr/share/javascript/mathjax/fonts/HTML-CSS/TeX/otf/MathJax_AMS-Regular.otf", O_RDONLY|O_CLOEXEC) = 3
[pid 185590] 14:15:50.195375 openat(AT_FDCWD, "/usr/share/javascript/mathjax/fonts/HTML-CSS/TeX/otf/MathJax_Caligraphic-Bold.otf", O_RDONLY|O_CLOEXEC) = 3
[pid 185590] 14:15:50.195525 openat(AT_FDCWD, "/usr/share/javascript/mathjax/fonts/HTML-CSS/TeX/otf/MathJax_Caligraphic-Regular.otf", O_RDONLY|O_CLOEXEC) = 3
[pid 185590] 14:15:50.195670 openat(AT_FDCWD, "/usr/share/javascript/mathjax/fonts/HTML-CSS/TeX/otf/MathJax_Fraktur-Bold.otf", O_RDONLY|O_CLOEXEC) = 3
[pid 185590] 14:15:50.195821 openat(AT_FDCWD, "/usr/share/javascript/mathjax/fonts/HTML-CSS/TeX/otf/MathJax_Fraktur-Regular.otf", O_RDONLY|O_CLOEXEC) = 3
[pid 185590] 14:15:50.195977 openat(AT_FDCWD, "/usr/share/javascript/mathjax/fonts/HTML-CSS/TeX/otf/MathJax_Main-Bold.otf", O_RDONLY|O_CLOEXEC) = 3
[pid 185590] 14:15:50.196136 openat(AT_FDCWD, "/usr/share/javascript/mathjax/fonts/HTML-CSS/TeX/otf/MathJax_Main-Italic.otf", O_RDONLY|O_CLOEXEC) = 3
[pid 185590] 14:15:50.196287 openat(AT_FDCWD, "/usr/share/javascript/mathjax/fonts/HTML-CSS/TeX/otf/MathJax_Main-Regular.otf", O_RDONLY|O_CLOEXEC) = 3
[pid 185590] 14:15:50.196440 openat(AT_FDCWD, "/usr/share/javascript/mathjax/fonts/HTML-CSS/TeX/otf/MathJax_Math-BoldItalic.otf", O_RDONLY|O_CLOEXEC) = 3
[pid 185590] 14:15:50.196589 openat(AT_FDCWD, "/usr/share/javascript/mathjax/fonts/HTML-CSS/TeX/otf/MathJax_Math-Italic.otf", O_RDONLY|O_CLOEXEC) = 3
[pid 185590] 14:15:50.196737 openat(AT_FDCWD, "/usr/share/javascript/mathjax/fonts/HTML-CSS/TeX/otf/MathJax_Math-Regular.otf", O_RDONLY|O_CLOEXEC) = 3
[pid 185590] 14:15:50.196884 openat(AT_FDCWD, "/usr/share/javascript/mathjax/fonts/HTML-CSS/TeX/otf/MathJax_SansSerif-Bold.otf", O_RDONLY|O_CLOEXEC) = 3
[pid 185590] 14:15:50.197041 openat(AT_FDCWD, "/usr/share/javascript/mathjax/fonts/HTML-CSS/TeX/otf/MathJax_SansSerif-Italic.otf", O_RDONLY|O_CLOEXEC) = 3
[pid 185590] 14:15:50.197187 openat(AT_FDCWD, "/usr/share/javascript/mathjax/fonts/HTML-CSS/TeX/otf/MathJax_SansSerif-Regular.otf", O_RDONLY|O_CLOEXEC) = 3
[pid 185590] 14:15:50.197334 openat(AT_FDCWD, "/usr/share/javascript/mathjax/fonts/HTML-CSS/TeX/otf/MathJax_Script-Regular.otf", O_RDONLY|O_CLOEXEC) = 3
[pid 185590] 14:15:50.197480 openat(AT_FDCWD, "/usr/share/javascript/mathjax/fonts/HTML-CSS/TeX/otf/MathJax_Size1-Regular.otf", O_RDONLY|O_CLOEXEC) = 3
[pid 185590] 14:15:50.197632 openat(AT_FDCWD, "/usr/share/javascript/mathjax/fonts/HTML-CSS/TeX/otf/MathJax_Size2-Regular.otf", O_RDONLY|O_CLOEXEC) = 3
[pid 185590] 14:15:50.197782 openat(AT_FDCWD, "/usr/share/javascript/mathjax/fonts/HTML-CSS/TeX/otf/MathJax_Size3-Regular.otf", O_RDONLY|O_CLOEXEC) = 3
[pid 185590] 14:15:50.197932 openat(AT_FDCWD, "/usr/share/javascript/mathjax/fonts/HTML-CSS/TeX/otf/MathJax_Size4-Regular.otf", O_RDONLY|O_CLOEXEC) = 3
[pid 185590] 14:15:50.198079 openat(AT_FDCWD, "/usr/share/javascript/mathjax/fonts/HTML-CSS/TeX/otf/MathJax_Typewriter-Regular.otf", O_RDONLY|O_CLOEXEC) = 3
[pid 185590] 14:15:50.198225 openat(AT_FDCWD, "/usr/share/javascript/mathjax/fonts/HTML-CSS/TeX/otf/MathJax_Vector-Bold.otf", O_RDONLY|O_CLOEXEC) = 3
[pid 185590] 14:15:50.198388 openat(AT_FDCWD, "/usr/share/javascript/mathjax/fonts/HTML-CSS/TeX/otf/MathJax_Vector-Regular.otf", O_RDONLY|O_CLOEXEC) = 3
[pid 185590] 14:15:50.198541 openat(AT_FDCWD, "/usr/share/javascript/mathjax/fonts/HTML-CSS/TeX/otf/MathJax_WinChrome-Regular.otf", O_RDONLY|O_CLOEXEC) = 3
[pid 185590] 14:15:50.198688 openat(AT_FDCWD, "/usr/share/javascript/mathjax/fonts/HTML-CSS/TeX/otf/MathJax_WinIE6-Regular.otf", O_RDONLY|O_CLOEXEC) = 3
[pid 185590] 14:15:50.198839 openat(AT_FDCWD, "/usr/share/fonts/opentype/noto/NotoSansCJK-Bold.ttc", O_RDONLY|O_CLOEXEC) = 3
[pid 185590] 14:15:50.201196 openat(AT_FDCWD, "/usr/share/fonts/opentype/noto/NotoSansCJK-Bold.ttc", O_RDONLY|O_CLOEXEC) = 3
[pid 185590] 14:15:50.203703 openat(AT_FDCWD, "/usr/share/fonts/opentype/noto/NotoSansCJK-Bold.ttc", O_RDONLY|O_CLOEXEC) = 3
[pid 185590] 14:15:50.205752 openat(AT_FDCWD, "/usr/share/fonts/opentype/noto/NotoSansCJK-Bold.ttc", O_RDONLY|O_CLOEXEC) = 3
[pid 185590] 14:15:50.207567 openat(AT_FDCWD, "/usr/share/fonts/opentype/noto/NotoSansCJK-Bold.ttc", O_RDONLY|O_CLOEXEC) = 3
[pid 185590] 14:15:50.209144 openat(AT_FDCWD, "/usr/share/fonts/opentype/noto/NotoSansCJK-Bold.ttc", O_RDONLY|O_CLOEXEC) = 3
[pid 185590] 14:15:50.210708 openat(AT_FDCWD, "/usr/share/fonts/opentype/noto/NotoSansCJK-Bold.ttc", O_RDONLY|O_CLOEXEC) = 3
[pid 185590] 14:15:50.212264 openat(AT_FDCWD, "/usr/share/fonts/opentype/noto/NotoSansCJK-Bold.ttc", O_RDONLY|O_CLOEXEC) = 3
[pid 185590] 14:15:50.213998 openat(AT_FDCWD, "/usr/share/fonts/opentype/noto/NotoSansCJK-Bold.ttc", O_RDONLY|O_CLOEXEC) = 3
[pid 185590] 14:15:50.215586 openat(AT_FDCWD, "/usr/share/fonts/opentype/noto/NotoSansCJK-Bold.ttc", O_RDONLY|O_CLOEXEC) = 3
[pid 185590] 14:15:50.217138 openat(AT_FDCWD, "/usr/share/fonts/opentype/noto/NotoSansCJK-Regular.ttc", O_RDONLY|O_CLOEXEC) = 3
[pid 185590] 14:15:50.218641 openat(AT_FDCWD, "/usr/share/fonts/opentype/noto/NotoSansCJK-Regular.ttc", O_RDONLY|O_CLOEXEC) = 3
[pid 185590] 14:15:50.220161 openat(AT_FDCWD, "/usr/share/fonts/opentype/noto/NotoSansCJK-Regular.ttc", O_RDONLY|O_CLOEXEC) = 3
[pid 185590] 14:15:50.221668 openat(AT_FDCWD, "/usr/share/fonts/opentype/noto/NotoSansCJK-Regular.ttc", O_RDONLY|O_CLOEXEC) = 3
[pid 185590] 14:15:50.223186 openat(AT_FDCWD, "/usr/share/fonts/opentype/noto/NotoSansCJK-Regular.ttc", O_RDONLY|O_CLOEXEC) = 3
[pid 185590] 14:15:50.224591 openat(AT_FDCWD, "/usr/share/fonts/opentype/noto/NotoSansCJK-Regular.ttc", O_RDONLY|O_CLOEXEC) = 3
[pid 185590] 14:15:50.226039 openat(AT_FDCWD, "/usr/share/fonts/opentype/noto/NotoSansCJK-Regular.ttc", O_RDONLY|O_CLOEXEC) = 3
[pid 185590] 14:15:50.227469 openat(AT_FDCWD, "/usr/share/fonts/opentype/noto/NotoSansCJK-Regular.ttc", O_RDONLY|O_CLOEXEC) = 3
[pid 185590] 14:15:50.228929 openat(AT_FDCWD, "/usr/share/fonts/opentype/noto/NotoSansCJK-Regular.ttc", O_RDONLY|O_CLOEXEC) = 3
[pid 185590] 14:15:50.230434 openat(AT_FDCWD, "/usr/share/fonts/opentype/noto/NotoSansCJK-Regular.ttc", O_RDONLY|O_CLOEXEC) = 3
[pid 185590] 14:15:50.231852 openat(AT_FDCWD, "/usr/share/fonts/opentype/noto/NotoSerifCJK-Bold.ttc", O_RDONLY|O_CLOEXEC) = 3
[pid 185590] 14:15:50.233693 openat(AT_FDCWD, "/usr/share/fonts/opentype/noto/NotoSerifCJK-Bold.ttc", O_RDONLY|O_CLOEXEC) = 3
[pid 185590] 14:15:50.235418 openat(AT_FDCWD, "/usr/share/fonts/opentype/noto/NotoSerifCJK-Bold.ttc", O_RDONLY|O_CLOEXEC) = 3
[pid 185590] 14:15:50.236897 openat(AT_FDCWD, "/usr/share/fonts/opentype/noto/NotoSerifCJK-Bold.ttc", O_RDONLY|O_CLOEXEC) = 3
[pid 185590] 14:15:50.238301 openat(AT_FDCWD, "/usr/share/fonts/opentype/noto/NotoSerifCJK-Bold.ttc", O_RDONLY|O_CLOEXEC) = 3
[pid 185590] 14:15:50.239733 openat(AT_FDCWD, "/usr/share/fonts/opentype/noto/NotoSerifCJK-Regular.ttc", O_RDONLY|O_CLOEXEC) = 3
[pid 185590] 14:15:50.241133 openat(AT_FDCWD, "/usr/share/fonts/opentype/noto/NotoSerifCJK-Regular.ttc", O_RDONLY|O_CLOEXEC) = 3
[pid 185590] 14:15:50.242559 openat(AT_FDCWD, "/usr/share/fonts/opentype/noto/NotoSerifCJK-Regular.ttc", O_RDONLY|O_CLOEXEC) = 3
[pid 185590] 14:15:50.243985 openat(AT_FDCWD, "/usr/share/fonts/opentype/noto/NotoSerifCJK-Regular.ttc", O_RDONLY|O_CLOEXEC) = 3
[pid 185590] 14:15:50.245424 openat(AT_FDCWD, "/usr/share/fonts/opentype/noto/NotoSerifCJK-Regular.ttc", O_RDONLY|O_CLOEXEC) = 3
[pid 185590] 14:15:50.246810 openat(AT_FDCWD, "/usr/share/fonts/opentype/urw-base35/C059-BdIta.otf", O_RDONLY|O_CLOEXEC) = 3
[pid 185590] 14:15:50.247004 openat(AT_FDCWD, "/usr/share/fonts/opentype/urw-base35/C059-Bold.otf", O_RDONLY|O_CLOEXEC) = 3
[pid 185590] 14:15:50.247185 openat(AT_FDCWD, "/usr/share/fonts/opentype/urw-base35/C059-Italic.otf", O_RDONLY|O_CLOEXEC) = 3
[pid 185590] 14:15:50.247364 openat(AT_FDCWD, "/usr/share/fonts/opentype/urw-base35/C059-Roman.otf", O_RDONLY|O_CLOEXEC) = 3
[pid 185590] 14:15:50.247540 openat(AT_FDCWD, "/usr/share/fonts/opentype/urw-base35/D050000L.otf", O_RDONLY|O_CLOEXEC) = 3
[pid 185590] 14:15:50.247705 openat(AT_FDCWD, "/usr/share/fonts/opentype/urw-base35/NimbusMonoPS-Bold.otf", O_RDONLY|O_CLOEXEC) = 3
[pid 185590] 14:15:50.247881 openat(AT_FDCWD, "/usr/share/fonts/opentype/urw-base35/NimbusMonoPS-BoldItalic.otf", O_RDONLY|O_CLOEXEC) = 3
[pid 185590] 14:15:50.248066 openat(AT_FDCWD, "/usr/share/fonts/opentype/urw-base35/NimbusMonoPS-Italic.otf", O_RDONLY|O_CLOEXEC) = 3
[pid 185590] 14:15:50.248243 openat(AT_FDCWD, "/usr/share/fonts/opentype/urw-base35/NimbusMonoPS-Regular.otf", O_RDONLY|O_CLOEXEC) = 3
[pid 185590] 14:15:50.248410 openat(AT_FDCWD, "/usr/share/fonts/opentype/urw-base35/NimbusRoman-Bold.otf", O_RDONLY|O_CLOEXEC) = 3
[pid 185590] 14:15:50.248566 openat(AT_FDCWD, "/usr/share/fonts/opentype/urw-base35/NimbusRoman-BoldItalic.otf", O_RDONLY|O_CLOEXEC) = 3
[pid 185590] 14:15:50.248726 openat(AT_FDCWD, "/usr/share/fonts/opentype/urw-base35/NimbusRoman-Italic.otf", O_RDONLY|O_CLOEXEC) = 3
[pid 185590] 14:15:50.248885 openat(AT_FDCWD, "/usr/share/fonts/opentype/urw-base35/NimbusRoman-Regular.otf", O_RDONLY|O_CLOEXEC) = 3
[pid 185590] 14:15:50.249047 openat(AT_FDCWD, "/usr/share/fonts/opentype/urw-base35/NimbusSans-Bold.otf", O_RDONLY|O_CLOEXEC) = 3
[pid 185590] 14:15:50.249203 openat(AT_FDCWD, "/usr/share/fonts/opentype/urw-base35/NimbusSans-BoldItalic.otf", O_RDONLY|O_CLOEXEC) = 3
[pid 185590] 14:15:50.249362 openat(AT_FDCWD, "/usr/share/fonts/opentype/urw-base35/NimbusSans-Italic.otf", O_RDONLY|O_CLOEXEC) = 3
[pid 185590] 14:15:50.249520 openat(AT_FDCWD, "/usr/share/fonts/opentype/urw-base35/NimbusSans-Regular.otf", O_RDONLY|O_CLOEXEC) = 3
[pid 185590] 14:15:50.249676 openat(AT_FDCWD, "/usr/share/fonts/opentype/urw-base35/NimbusSansNarrow-Bold.otf", O_RDONLY|O_CLOEXEC) = 3
[pid 185590] 14:15:50.249832 openat(AT_FDCWD, "/usr/share/fonts/opentype/urw-base35/NimbusSansNarrow-BoldOblique.otf", O_RDONLY|O_CLOEXEC) = 3
[pid 185590] 14:15:50.250004 openat(AT_FDCWD, "/usr/share/fonts/opentype/urw-base35/NimbusSansNarrow-Oblique.otf", O_RDONLY|O_CLOEXEC) = 3
[pid 185590] 14:15:50.250165 openat(AT_FDCWD, "/usr/share/fonts/opentype/urw-base35/NimbusSansNarrow-Regular.otf", O_RDONLY|O_CLOEXEC) = 3
[pid 185590] 14:15:50.250334 openat(AT_FDCWD, "/usr/share/fonts/opentype/urw-base35/P052-Bold.otf", O_RDONLY|O_CLOEXEC) = 3
[pid 185590] 14:15:50.250495 openat(AT_FDCWD, "/usr/share/fonts/opentype/urw-base35/P052-BoldItalic.otf", O_RDONLY|O_CLOEXEC) = 3
[pid 185590] 14:15:50.250658 openat(AT_FDCWD, "/usr/share/fonts/opentype/urw-base35/P052-Italic.otf", O_RDONLY|O_CLOEXEC) = 3
[pid 185590] 14:15:50.250817 openat(AT_FDCWD, "/usr/share/fonts/opentype/urw-base35/P052-Roman.otf", O_RDONLY|O_CLOEXEC) = 3
[pid 185590] 14:15:50.250982 openat(AT_FDCWD, "/usr/share/fonts/opentype/urw-base35/StandardSymbolsPS.otf", O_RDONLY|O_CLOEXEC) = 3
[pid 185590] 14:15:50.251129 openat(AT_FDCWD, "/usr/share/fonts/opentype/urw-base35/URWBookman-Demi.otf", O_RDONLY|O_CLOEXEC) = 3
[pid 185590] 14:15:50.251285 openat(AT_FDCWD, "/usr/share/fonts/opentype/urw-base35/URWBookman-DemiItalic.otf", O_RDONLY|O_CLOEXEC) = 3
[pid 185590] 14:15:50.251443 openat(AT_FDCWD, "/usr/share/fonts/opentype/urw-base35/URWBookman-Light.otf", O_RDONLY|O_CLOEXEC) = 3
[pid 185590] 14:15:50.251602 openat(AT_FDCWD, "/usr/share/fonts/opentype/urw-base35/URWBookman-LightItalic.otf", O_RDONLY|O_CLOEXEC) = 3
[pid 185590] 14:15:50.251777 openat(AT_FDCWD, "/usr/share/fonts/opentype/urw-base35/URWGothic-Book.otf", O_RDONLY|O_CLOEXEC) = 3
[pid 185590] 14:15:50.251953 openat(AT_FDCWD, "/usr/share/fonts/opentype/urw-base35/URWGothic-BookOblique.otf", O_RDONLY|O_CLOEXEC) = 3
[pid 185590] 14:15:50.252114 openat(AT_FDCWD, "/usr/share/fonts/opentype/urw-base35/URWGothic-Demi.otf", O_RDONLY|O_CLOEXEC) = 3
[pid 185590] 14:15:50.252271 openat(AT_FDCWD, "/usr/share/fonts/opentype/urw-base35/URWGothic-DemiOblique.otf", O_RDONLY|O_CLOEXEC) = 3
[pid 185590] 14:15:50.252429 openat(AT_FDCWD, "/usr/share/fonts/opentype/urw-base35/Z003-MediumItalic.otf", O_RDONLY|O_CLOEXEC) = 3
[pid 185590] 14:15:50.252590 openat(AT_FDCWD, "/usr/share/fonts/opentype/freefont/FreeMono.otf", O_RDONLY|O_CLOEXEC) = 3
[pid 185590] 14:15:50.252957 openat(AT_FDCWD, "/usr/share/fonts/opentype/freefont/FreeMonoBold.otf", O_RDONLY|O_CLOEXEC) = 3
[pid 185590] 14:15:50.253211 openat(AT_FDCWD, "/usr/share/fonts/opentype/freefont/FreeMonoBoldOblique.otf", O_RDONLY|O_CLOEXEC) = 3
[pid 185590] 14:15:50.253428 openat(AT_FDCWD, "/usr/share/fonts/opentype/freefont/FreeMonoOblique.otf", O_RDONLY|O_CLOEXEC) = 3
[pid 185590] 14:15:50.253671 openat(AT_FDCWD, "/usr/share/fonts/opentype/freefont/FreeSans.otf", O_RDONLY|O_CLOEXEC) = 3
[pid 185590] 14:15:50.254041 openat(AT_FDCWD, "/usr/share/fonts/opentype/freefont/FreeSansBold.otf", O_RDONLY|O_CLOEXEC) = 3
[pid 185590] 14:15:50.254329 openat(AT_FDCWD, "/usr/share/fonts/opentype/freefont/FreeSansBoldOblique.otf", O_RDONLY|O_CLOEXEC) = 3
[pid 185590] 14:15:50.254577 openat(AT_FDCWD, "/usr/share/fonts/opentype/freefont/FreeSansOblique.otf", O_RDONLY|O_CLOEXEC) = 3
[pid 185590] 14:15:50.254845 openat(AT_FDCWD, "/usr/share/fonts/opentype/freefont/FreeSerif.otf", O_RDONLY|O_CLOEXEC) = 3
[pid 185590] 14:15:50.255289 openat(AT_FDCWD, "/usr/share/fonts/opentype/freefont/FreeSerifBold.otf", O_RDONLY|O_CLOEXEC) = 3
[pid 185590] 14:15:50.255635 openat(AT_FDCWD, "/usr/share/fonts/opentype/freefont/FreeSerifBoldItalic.otf", O_RDONLY|O_CLOEXEC) = 3
[pid 185590] 14:15:50.255894 openat(AT_FDCWD, "/usr/share/fonts/opentype/freefont/FreeSerifItalic.otf", O_RDONLY|O_CLOEXEC) = 3
[pid 185590] 14:15:50.256186 openat(AT_FDCWD, "/usr/share/fonts/opentype/font-awesome/FontAwesome.otf", O_RDONLY|O_CLOEXEC) = 3
[pid 185590] 14:15:50.256348 openat(AT_FDCWD, "/usr/share/fonts/truetype/dejavu/DejaVuSans-Bold.ttf", O_RDONLY|O_CLOEXEC) = 3
[pid 185590] 14:15:50.256667 openat(AT_FDCWD, "/usr/share/fonts/truetype/dejavu/DejaVuSans.ttf", O_RDONLY|O_CLOEXEC) = 3
[pid 185590] 14:15:50.256988 openat(AT_FDCWD, "/usr/share/fonts/truetype/dejavu/DejaVuSansMono-Bold.ttf", O_RDONLY|O_CLOEXEC) = 3
[pid 185590] 14:15:50.257233 openat(AT_FDCWD, "/usr/share/fonts/truetype/dejavu/DejaVuSansMono-BoldOblique.ttf", O_RDONLY|O_CLOEXEC) = 3
[pid 185590] 14:15:50.257457 openat(AT_FDCWD, "/usr/share/fonts/truetype/dejavu/DejaVuSansMono-Oblique.ttf", O_RDONLY|O_CLOEXEC) = 3
[pid 185590] 14:15:50.257679 openat(AT_FDCWD, "/usr/share/fonts/truetype/dejavu/DejaVuSansMono.ttf", O_RDONLY|O_CLOEXEC) = 3
[pid 185590] 14:15:50.257926 openat(AT_FDCWD, "/usr/share/fonts/truetype/dejavu/DejaVuSerif-Bold.ttf", O_RDONLY|O_CLOEXEC) = 3
[pid 185590] 14:15:50.258184 openat(AT_FDCWD, "/usr/share/fonts/truetype/dejavu/DejaVuSerif.ttf", O_RDONLY|O_CLOEXEC) = 3
[pid 185590] 14:15:50.258430 openat(AT_FDCWD, "/usr/share/fonts/truetype/dejavu/DejaVuMathTeXGyre.ttf", O_RDONLY|O_CLOEXEC) = 3
[pid 185590] 14:15:50.258647 openat(AT_FDCWD, "/usr/share/fonts/truetype/dejavu/DejaVuSans-BoldOblique.ttf", O_RDONLY|O_CLOEXEC) = 3
[pid 185590] 14:15:50.258968 openat(AT_FDCWD, "/usr/share/fonts/truetype/dejavu/DejaVuSans-ExtraLight.ttf", O_RDONLY|O_CLOEXEC) = 3
[pid 185590] 14:15:50.259150 openat(AT_FDCWD, "/usr/share/fonts/truetype/dejavu/DejaVuSans-Oblique.ttf", O_RDONLY|O_CLOEXEC) = 3
[pid 185590] 14:15:50.259449 openat(AT_FDCWD, "/usr/share/fonts/truetype/dejavu/DejaVuSansCondensed-Bold.ttf", O_RDONLY|O_CLOEXEC) = 3
[pid 185590] 14:15:50.259767 openat(AT_FDCWD, "/usr/share/fonts/truetype/dejavu/DejaVuSansCondensed-BoldOblique.ttf", O_RDONLY|O_CLOEXEC) = 3
[pid 185590] 14:15:50.260091 openat(AT_FDCWD, "/usr/share/fonts/truetype/dejavu/DejaVuSansCondensed-Oblique.ttf", O_RDONLY|O_CLOEXEC) = 3
[pid 185590] 14:15:50.260390 openat(AT_FDCWD, "/usr/share/fonts/truetype/dejavu/DejaVuSansCondensed.ttf", O_RDONLY|O_CLOEXEC) = 3
[pid 185590] 14:15:50.260706 openat(AT_FDCWD, "/usr/share/fonts/truetype/dejavu/DejaVuSerif-BoldItalic.ttf", O_RDONLY|O_CLOEXEC) = 3
[pid 185590] 14:15:50.260967 openat(AT_FDCWD, "/usr/share/fonts/truetype/dejavu/DejaVuSerif-Italic.ttf", O_RDONLY|O_CLOEXEC) = 3
[pid 185590] 14:15:50.261221 openat(AT_FDCWD, "/usr/share/fonts/truetype/dejavu/DejaVuSerifCondensed-Bold.ttf", O_RDONLY|O_CLOEXEC) = 3
[pid 185590] 14:15:50.261472 openat(AT_FDCWD, "/usr/share/fonts/truetype/dejavu/DejaVuSerifCondensed-BoldItalic.ttf", O_RDONLY|O_CLOEXEC) = 3
[pid 185590] 14:15:50.261722 openat(AT_FDCWD, "/usr/share/fonts/truetype/dejavu/DejaVuSerifCondensed-Italic.ttf", O_RDONLY|O_CLOEXEC) = 3
[pid 185590] 14:15:50.262041 openat(AT_FDCWD, "/usr/share/fonts/truetype/dejavu/DejaVuSerifCondensed.ttf", O_RDONLY|O_CLOEXEC) = 3
[pid 185590] 14:15:50.262366 openat(AT_FDCWD, "/usr/share/fonts/truetype/droid/DroidSansFallbackFull.ttf", O_RDONLY|O_CLOEXEC) = 3
[pid 185590] 14:15:50.262818 openat(AT_FDCWD, "/usr/share/fonts/truetype/liberation/LiberationMono-Bold.ttf", O_RDONLY|O_CLOEXEC) = 3
[pid 185590] 14:15:50.263027 openat(AT_FDCWD, "/usr/share/fonts/truetype/liberation/LiberationMono-BoldItalic.ttf", O_RDONLY|O_CLOEXEC) = 3
[pid 185590] 14:15:50.263213 openat(AT_FDCWD, "/usr/share/fonts/truetype/liberation/LiberationMono-Italic.ttf", O_RDONLY|O_CLOEXEC) = 3
[pid 185590] 14:15:50.263391 openat(AT_FDCWD, "/usr/share/fonts/truetype/liberation/LiberationMono-Regular.ttf", O_RDONLY|O_CLOEXEC) = 3
[pid 185590] 14:15:50.263566 openat(AT_FDCWD, "/usr/share/fonts/truetype/liberation/LiberationSans-Bold.ttf", O_RDONLY|O_CLOEXEC) = 3
[pid 185590] 14:15:50.263752 openat(AT_FDCWD, "/usr/share/fonts/truetype/liberation/LiberationSans-BoldItalic.ttf", O_RDONLY|O_CLOEXEC) = 3
[pid 185590] 14:15:50.263936 openat(AT_FDCWD, "/usr/share/fonts/truetype/liberation/LiberationSans-Italic.ttf", O_RDONLY|O_CLOEXEC) = 3
[pid 185590] 14:15:50.264119 openat(AT_FDCWD, "/usr/share/fonts/truetype/liberation/LiberationSans-Regular.ttf", O_RDONLY|O_CLOEXEC) = 3
[pid 185590] 14:15:50.264299 openat(AT_FDCWD, "/usr/share/fonts/truetype/liberation/LiberationSerif-Bold.ttf", O_RDONLY|O_CLOEXEC) = 3
[pid 185590] 14:15:50.264476 openat(AT_FDCWD, "/usr/share/fonts/truetype/liberation/LiberationSerif-BoldItalic.ttf", O_RDONLY|O_CLOEXEC) = 3
[pid 185590] 14:15:50.264658 openat(AT_FDCWD, "/usr/share/fonts/truetype/liberation/LiberationSerif-Italic.ttf", O_RDONLY|O_CLOEXEC) = 3
[pid 185590] 14:15:50.264832 openat(AT_FDCWD, "/usr/share/fonts/truetype/liberation/LiberationSerif-Regular.ttf", O_RDONLY|O_CLOEXEC) = 3
[pid 185590] 14:15:50.265016 openat(AT_FDCWD, "/usr/share/fonts/truetype/libreoffice/opens___.ttf", O_RDONLY|O_CLOEXEC) = 3
[pid 185590] 14:15:50.265192 openat(AT_FDCWD, "/usr/share/fonts/truetype/noto/NotoKufiArabic-Bold.ttf", O_RDONLY|O_CLOEXEC) = 3
[pid 185590] 14:15:50.265347 openat(AT_FDCWD, "/usr/share/fonts/truetype/noto/NotoKufiArabic-Regular.ttf", O_RDONLY|O_CLOEXEC) = 3
[pid 185590] 14:15:50.265501 openat(AT_FDCWD, "/usr/share/fonts/truetype/noto/NotoLoopedLao-Bold.ttf", O_RDONLY|O_CLOEXEC) = 3
[pid 185590] 14:15:50.265650 openat(AT_FDCWD, "/usr/share/fonts/truetype/noto/NotoLoopedLao-Regular.ttf", O_RDONLY|O_CLOEXEC) = 3
[pid 185590] 14:15:50.265800 openat(AT_FDCWD, "/usr/share/fonts/truetype/noto/NotoLoopedThai-Bold.ttf", O_RDONLY|O_CLOEXEC) = 3
[pid 185590] 14:15:50.265966 openat(AT_FDCWD, "/usr/share/fonts/truetype/noto/NotoLoopedThai-Regular.ttf", O_RDONLY|O_CLOEXEC) = 3
[pid 185590] 14:15:50.266132 openat(AT_FDCWD, "/usr/share/fonts/truetype/noto/NotoMono-Regular.ttf", O_RDONLY|O_CLOEXEC) = 3
[pid 185590] 14:15:50.266285 openat(AT_FDCWD, "/usr/share/fonts/truetype/noto/NotoMusic-Regular.ttf", O_RDONLY|O_CLOEXEC) = 3
[pid 185590] 14:15:50.266459 openat(AT_FDCWD, "/usr/share/fonts/truetype/noto/NotoNaskhArabic-Bold.ttf", O_RDONLY|O_CLOEXEC) = 3
[pid 185590] 14:15:50.266626 openat(AT_FDCWD, "/usr/share/fonts/truetype/noto/NotoNaskhArabic-Regular.ttf", O_RDONLY|O_CLOEXEC) = 3
[pid 185590] 14:15:50.266788 openat(AT_FDCWD, "/usr/share/fonts/truetype/noto/NotoNastaliqUrdu-Bold.ttf", O_RDONLY|O_CLOEXEC) = 3
[pid 185590] 14:15:50.266956 openat(AT_FDCWD, "/usr/share/fonts/truetype/noto/NotoNastaliqUrdu-Regular.ttf", O_RDONLY|O_CLOEXEC) = 3
[pid 185590] 14:15:50.267119 openat(AT_FDCWD, "/usr/share/fonts/truetype/noto/NotoRashiHebrew-Bold.ttf", O_RDONLY|O_CLOEXEC) = 3
[pid 185590] 14:15:50.267265 openat(AT_FDCWD, "/usr/share/fonts/truetype/noto/NotoRashiHebrew-Regular.ttf", O_RDONLY|O_CLOEXEC) = 3
[pid 185590] 14:15:50.267409 openat(AT_FDCWD, "/usr/share/fonts/truetype/noto/NotoSans-Bold.ttf", O_RDONLY|O_CLOEXEC) = 3
[pid 185590] 14:15:50.267591 openat(AT_FDCWD, "/usr/share/fonts/truetype/noto/NotoSans-BoldItalic.ttf", O_RDONLY|O_CLOEXEC) = 3
[pid 185590] 14:15:50.267783 openat(AT_FDCWD, "/usr/share/fonts/truetype/noto/NotoSans-Italic.ttf", O_RDONLY|O_CLOEXEC) = 3
[pid 185590] 14:15:50.267983 openat(AT_FDCWD, "/usr/share/fonts/truetype/noto/NotoSans-Regular.ttf", O_RDONLY|O_CLOEXEC) = 3
[pid 185590] 14:15:50.268171 openat(AT_FDCWD, "/usr/share/fonts/truetype/noto/NotoSansAdlam-Bold.ttf", O_RDONLY|O_CLOEXEC) = 3
[pid 185590] 14:15:50.268328 openat(AT_FDCWD, "/usr/share/fonts/truetype/noto/NotoSansAdlam-Regular.ttf", O_RDONLY|O_CLOEXEC) = 3
[pid 185590] 14:15:50.268487 openat(AT_FDCWD, "/usr/share/fonts/truetype/noto/NotoSansAdlamUnjoined-Bold.ttf", O_RDONLY|O_CLOEXEC) = 3
[pid 185590] 14:15:50.268641 openat(AT_FDCWD, "/usr/share/fonts/truetype/noto/NotoSansAdlamUnjoined-Regular.ttf", O_RDONLY|O_CLOEXEC) = 3
[pid 185590] 14:15:50.268793 openat(AT_FDCWD, "/usr/share/fonts/truetype/noto/NotoSansAnatolianHieroglyphs-Regular.ttf", O_RDONLY|O_CLOEXEC) = 3
[pid 185590] 14:15:50.268987 openat(AT_FDCWD, "/usr/share/fonts/truetype/noto/NotoSansArabic-Bold.ttf", O_RDONLY|O_CLOEXEC) = 3
[pid 185590] 14:15:50.269183 openat(AT_FDCWD, "/usr/share/fonts/truetype/noto/NotoSansArabic-Regular.ttf", O_RDONLY|O_CLOEXEC) = 3
[pid 185590] 14:15:50.269350 openat(AT_FDCWD, "/usr/share/fonts/truetype/noto/NotoSansArmenian-Bold.ttf", O_RDONLY|O_CLOEXEC) = 3
[pid 185590] 14:15:50.269500 openat(AT_FDCWD, "/usr/share/fonts/truetype/noto/NotoSansArmenian-Regular.ttf", O_RDONLY|O_CLOEXEC) = 3
[pid 185590] 14:15:50.269652 openat(AT_FDCWD, "/usr/share/fonts/truetype/noto/NotoSansAvestan-Regular.ttf", O_RDONLY|O_CLOEXEC) = 3
[pid 185590] 14:15:50.269799 openat(AT_FDCWD, "/usr/share/fonts/truetype/noto/NotoSansBalinese-Bold.ttf", O_RDONLY|O_CLOEXEC) = 3
[pid 185590] 14:15:50.269964 openat(AT_FDCWD, "/usr/share/fonts/truetype/noto/NotoSansBalinese-Regular.ttf", O_RDONLY|O_CLOEXEC) = 3
[pid 185590] 14:15:50.270116 openat(AT_FDCWD, "/usr/share/fonts/truetype/noto/NotoSansBamum-Bold.ttf", O_RDONLY|O_CLOEXEC) = 3
[pid 185590] 14:15:50.270276 openat(AT_FDCWD, "/usr/share/fonts/truetype/noto/NotoSansBamum-Regular.ttf", O_RDONLY|O_CLOEXEC) = 3
[pid 185590] 14:15:50.270440 openat(AT_FDCWD, "/usr/share/fonts/truetype/noto/NotoSansBassaVah-Regular.ttf", O_RDONLY|O_CLOEXEC) = 3
[pid 185590] 14:15:50.270586 openat(AT_FDCWD, "/usr/share/fonts/truetype/noto/NotoSansBatak-Regular.ttf", O_RDONLY|O_CLOEXEC) = 3
[pid 185590] 14:15:50.270732 openat(AT_FDCWD, "/usr/share/fonts/truetype/noto/NotoSansBengali-Bold.ttf", O_RDONLY|O_CLOEXEC) = 3
[pid 185590] 14:15:50.270891 openat(AT_FDCWD, "/usr/share/fonts/truetype/noto/NotoSansBengali-Regular.ttf", O_RDONLY|O_CLOEXEC) = 3
[pid 185590] 14:15:50.271064 openat(AT_FDCWD, "/usr/share/fonts/truetype/noto/NotoSansBhaiksuki-Regular.ttf", O_RDONLY|O_CLOEXEC) = 3
[pid 185590] 14:15:50.271227 openat(AT_FDCWD, "/usr/share/fonts/truetype/noto/NotoSansBrahmi-Regular.ttf", O_RDONLY|O_CLOEXEC) = 3
[pid 185590] 14:15:50.271380 openat(AT_FDCWD, "/usr/share/fonts/truetype/noto/NotoSansBuginese-Regular.ttf", O_RDONLY|O_CLOEXEC) = 3
[pid 185590] 14:15:50.271538 openat(AT_FDCWD, "/usr/share/fonts/truetype/noto/NotoSansBuhid-Regular.ttf", O_RDONLY|O_CLOEXEC) = 3
[pid 185590] 14:15:50.271702 openat(AT_FDCWD, "/usr/share/fonts/truetype/noto/NotoSansCanadianAboriginal-Bold.ttf", O_RDONLY|O_CLOEXEC) = 3
[pid 185590] 14:15:50.271860 openat(AT_FDCWD, "/usr/share/fonts/truetype/noto/NotoSansCanadianAboriginal-Regular.ttf", O_RDONLY|O_CLOEXEC) = 3
[pid 185590] 14:15:50.272027 openat(AT_FDCWD, "/usr/share/fonts/truetype/noto/NotoSansCarian-Regular.ttf", O_RDONLY|O_CLOEXEC) = 3
[pid 185590] 14:15:50.272173 openat(AT_FDCWD, "/usr/share/fonts/truetype/noto/NotoSansCaucasianAlbanian-Regular.ttf", O_RDONLY|O_CLOEXEC) = 3
[pid 185590] 14:15:50.272319 openat(AT_FDCWD, "/usr/share/fonts/truetype/noto/NotoSansChakma-Regular.ttf", O_RDONLY|O_CLOEXEC) = 3
[pid 185590] 14:15:50.272470 openat(AT_FDCWD, "/usr/share/fonts/truetype/noto/NotoSansCham-Bold.ttf", O_RDONLY|O_CLOEXEC) = 3
[pid 185590] 14:15:50.272616 openat(AT_FDCWD, "/usr/share/fonts/truetype/noto/NotoSansCham-Regular.ttf", O_RDONLY|O_CLOEXEC) = 3
[pid 185590] 14:15:50.272761 openat(AT_FDCWD, "/usr/share/fonts/truetype/noto/NotoSansCherokee-Bold.ttf", O_RDONLY|O_CLOEXEC) = 3
[pid 185590] 14:15:50.272924 openat(AT_FDCWD, "/usr/share/fonts/truetype/noto/NotoSansCherokee-Regular.ttf", O_RDONLY|O_CLOEXEC) = 3
[pid 185590] 14:15:50.273085 openat(AT_FDCWD, "/usr/share/fonts/truetype/noto/NotoSansCoptic-Regular.ttf", O_RDONLY|O_CLOEXEC) = 3
[pid 185590] 14:15:50.273241 openat(AT_FDCWD, "/usr/share/fonts/truetype/noto/NotoSansCuneiform-Regular.ttf", O_RDONLY|O_CLOEXEC) = 3
[pid 185590] 14:15:50.273408 openat(AT_FDCWD, "/usr/share/fonts/truetype/noto/NotoSansCypriot-Regular.ttf", O_RDONLY|O_CLOEXEC) = 3
[pid 185590] 14:15:50.273553 openat(AT_FDCWD, "/usr/share/fonts/truetype/noto/NotoSansDeseret-Regular.ttf", O_RDONLY|O_CLOEXEC) = 3
[pid 185590] 14:15:50.273703 openat(AT_FDCWD, "/usr/share/fonts/truetype/noto/NotoSansDevanagari-Bold.ttf", O_RDONLY|O_CLOEXEC) = 3
[pid 185590] 14:15:50.273860 openat(AT_FDCWD, "/usr/share/fonts/truetype/noto/NotoSansDevanagari-Regular.ttf", O_RDONLY|O_CLOEXEC) = 3
[pid 185590] 14:15:50.274034 openat(AT_FDCWD, "/usr/share/fonts/truetype/noto/NotoSansDisplay-Bold.ttf", O_RDONLY|O_CLOEXEC) = 3
[pid 185590] 14:15:50.274231 openat(AT_FDCWD, "/usr/share/fonts/truetype/noto/NotoSansDisplay-BoldItalic.ttf", O_RDONLY|O_CLOEXEC) = 3
[pid 185590] 14:15:50.274420 openat(AT_FDCWD, "/usr/share/fonts/truetype/noto/NotoSansDisplay-Italic.ttf", O_RDONLY|O_CLOEXEC) = 3
[pid 185590] 14:15:50.274616 openat(AT_FDCWD, "/usr/share/fonts/truetype/noto/NotoSansDisplay-Regular.ttf", O_RDONLY|O_CLOEXEC) = 3
[pid 185590] 14:15:50.274811 openat(AT_FDCWD, "/usr/share/fonts/truetype/noto/NotoSansDuployan-Regular.ttf", O_RDONLY|O_CLOEXEC) = 3
[pid 185590] 14:15:50.274972 openat(AT_FDCWD, "/usr/share/fonts/truetype/noto/NotoSansEgyptianHieroglyphs-Regular.ttf", O_RDONLY|O_CLOEXEC) = 3
[pid 185590] 14:15:50.275138 openat(AT_FDCWD, "/usr/share/fonts/truetype/noto/NotoSansElbasan-Regular.ttf", O_RDONLY|O_CLOEXEC) = 3
[pid 185590] 14:15:50.275293 openat(AT_FDCWD, "/usr/share/fonts/truetype/noto/NotoSansElymaic-Regular.ttf", O_RDONLY|O_CLOEXEC) = 3
[pid 185590] 14:15:50.275436 openat(AT_FDCWD, "/usr/share/fonts/truetype/noto/NotoSansEthiopic-Bold.ttf", O_RDONLY|O_CLOEXEC) = 3
[pid 185590] 14:15:50.275601 openat(AT_FDCWD, "/usr/share/fonts/truetype/noto/NotoSansEthiopic-Regular.ttf", O_RDONLY|O_CLOEXEC) = 3
[pid 185590] 14:15:50.275763 openat(AT_FDCWD, "/usr/share/fonts/truetype/noto/NotoSansGeorgian-Bold.ttf", O_RDONLY|O_CLOEXEC) = 3
[pid 185590] 14:15:50.275917 openat(AT_FDCWD, "/usr/share/fonts/truetype/noto/NotoSansGeorgian-Regular.ttf", O_RDONLY|O_CLOEXEC) = 3
[pid 185590] 14:15:50.276071 openat(AT_FDCWD, "/usr/share/fonts/truetype/noto/NotoSansGlagolitic-Regular.ttf", O_RDONLY|O_CLOEXEC) = 3
[pid 185590] 14:15:50.276220 openat(AT_FDCWD, "/usr/share/fonts/truetype/noto/NotoSansGothic-Regular.ttf", O_RDONLY|O_CLOEXEC) = 3
[pid 185590] 14:15:50.276364 openat(AT_FDCWD, "/usr/share/fonts/truetype/noto/NotoSansGrantha-Regular.ttf", O_RDONLY|O_CLOEXEC) = 3
[pid 185590] 14:15:50.276525 openat(AT_FDCWD, "/usr/share/fonts/truetype/noto/NotoSansGujarati-Bold.ttf", O_RDONLY|O_CLOEXEC) = 3
[pid 185590] 14:15:50.276698 openat(AT_FDCWD, "/usr/share/fonts/truetype/noto/NotoSansGujarati-Regular.ttf", O_RDONLY|O_CLOEXEC) = 3
[pid 185590] 14:15:50.276856 openat(AT_FDCWD, "/usr/share/fonts/truetype/noto/NotoSansGunjalaGondi-Regular.ttf", O_RDONLY|O_CLOEXEC) = 3
[pid 185590] 14:15:50.277017 openat(AT_FDCWD, "/usr/share/fonts/truetype/noto/NotoSansGurmukhi-Bold.ttf", O_RDONLY|O_CLOEXEC) = 3
[pid 185590] 14:15:50.277166 openat(AT_FDCWD, "/usr/share/fonts/truetype/noto/NotoSansGurmukhi-Regular.ttf", O_RDONLY|O_CLOEXEC) = 3
[pid 185590] 14:15:50.277313 openat(AT_FDCWD, "/usr/share/fonts/truetype/noto/NotoSansHanifiRohingya-Bold.ttf", O_RDONLY|O_CLOEXEC) = 3
[pid 185590] 14:15:50.277461 openat(AT_FDCWD, "/usr/share/fonts/truetype/noto/NotoSansHanifiRohingya-Regular.ttf", O_RDONLY|O_CLOEXEC) = 3
[pid 185590] 14:15:50.277607 openat(AT_FDCWD, "/usr/share/fonts/truetype/noto/NotoSansHanunoo-Regular.ttf", O_RDONLY|O_CLOEXEC) = 3
[pid 185590] 14:15:50.277749 openat(AT_FDCWD, "/usr/share/fonts/truetype/noto/NotoSansHatran-Regular.ttf", O_RDONLY|O_CLOEXEC) = 3
[pid 185590] 14:15:50.277897 openat(AT_FDCWD, "/usr/share/fonts/truetype/noto/NotoSansHebrew-Bold.ttf", O_RDONLY|O_CLOEXEC) = 3
[pid 185590] 14:15:50.278054 openat(AT_FDCWD, "/usr/share/fonts/truetype/noto/NotoSansHebrew-Regular.ttf", O_RDONLY|O_CLOEXEC) = 3
[pid 185590] 14:15:50.278199 openat(AT_FDCWD, "/usr/share/fonts/truetype/noto/NotoSansImperialAramaic-Regular.ttf", O_RDONLY|O_CLOEXEC) = 3
[pid 185590] 14:15:50.278349 openat(AT_FDCWD, "/usr/share/fonts/truetype/noto/NotoSansIndicSiyaqNumbers-Regular.ttf", O_RDONLY|O_CLOEXEC) = 3
[pid 185590] 14:15:50.278499 openat(AT_FDCWD, "/usr/share/fonts/truetype/noto/NotoSansInscriptionalPahlavi-Regular.ttf", O_RDONLY|O_CLOEXEC) = 3
[pid 185590] 14:15:50.278641 openat(AT_FDCWD, "/usr/share/fonts/truetype/noto/NotoSansInscriptionalParthian-Regular.ttf", O_RDONLY|O_CLOEXEC) = 3
[pid 185590] 14:15:50.278782 openat(AT_FDCWD, "/usr/share/fonts/truetype/noto/NotoSansJavanese-Bold.ttf", O_RDONLY|O_CLOEXEC) = 3
[pid 185590] 14:15:50.278944 openat(AT_FDCWD, "/usr/share/fonts/truetype/noto/NotoSansJavanese-Regular.ttf", O_RDONLY|O_CLOEXEC) = 3
[pid 185590] 14:15:50.279097 openat(AT_FDCWD, "/usr/share/fonts/truetype/noto/NotoSansKaithi-Regular.ttf", O_RDONLY|O_CLOEXEC) = 3
[pid 185590] 14:15:50.279251 openat(AT_FDCWD, "/usr/share/fonts/truetype/noto/NotoSansKannada-Bold.ttf", O_RDONLY|O_CLOEXEC) = 3
[pid 185590] 14:15:50.279406 openat(AT_FDCWD, "/usr/share/fonts/truetype/noto/NotoSansKannada-Regular.ttf", O_RDONLY|O_CLOEXEC) = 3
[pid 185590] 14:15:50.279562 openat(AT_FDCWD, "/usr/share/fonts/truetype/noto/NotoSansKayahLi-Bold.ttf", O_RDONLY|O_CLOEXEC) = 3
[pid 185590] 14:15:50.279705 openat(AT_FDCWD, "/usr/share/fonts/truetype/noto/NotoSansKayahLi-Regular.ttf", O_RDONLY|O_CLOEXEC) = 3
[pid 185590] 14:15:50.279849 openat(AT_FDCWD, "/usr/share/fonts/truetype/noto/NotoSansKharoshthi-Regular.ttf", O_RDONLY|O_CLOEXEC) = 3
[pid 185590] 14:15:50.279999 openat(AT_FDCWD, "/usr/share/fonts/truetype/noto/NotoSansKhmer-Bold.ttf", O_RDONLY|O_CLOEXEC) = 3
[pid 185590] 14:15:50.280154 openat(AT_FDCWD, "/usr/share/fonts/truetype/noto/NotoSansKhmer-Regular.ttf", O_RDONLY|O_CLOEXEC) = 3
[pid 185590] 14:15:50.280369 openat(AT_FDCWD, "/usr/share/fonts/truetype/noto/NotoSansKhojki-Regular.ttf", O_RDONLY|O_CLOEXEC) = 3
[pid 185590] 14:15:50.280564 openat(AT_FDCWD, "/usr/share/fonts/truetype/noto/NotoSansKhudawadi-Regular.ttf", O_RDONLY|O_CLOEXEC) = 3
[pid 185590] 14:15:50.280727 openat(AT_FDCWD, "/usr/share/fonts/truetype/noto/NotoSansLao-Bold.ttf", O_RDONLY|O_CLOEXEC) = 3
[pid 185590] 14:15:50.280887 openat(AT_FDCWD, "/usr/share/fonts/truetype/noto/NotoSansLao-Regular.ttf", O_RDONLY|O_CLOEXEC) = 3
[pid 185590] 14:15:50.281076 openat(AT_FDCWD, "/usr/share/fonts/truetype/noto/NotoSansLepcha-Regular.ttf", O_RDONLY|O_CLOEXEC) = 3
[pid 185590] 14:15:50.281236 openat(AT_FDCWD, "/usr/share/fonts/truetype/noto/NotoSansLimbu-Regular.ttf", O_RDONLY|O_CLOEXEC) = 3
[pid 185590] 14:15:50.281408 openat(AT_FDCWD, "/usr/share/fonts/truetype/noto/NotoSansLinearA-Regular.ttf", O_RDONLY|O_CLOEXEC) = 3
[pid 185590] 14:15:50.281608 openat(AT_FDCWD, "/usr/share/fonts/truetype/noto/NotoSansLinearB-Regular.ttf", O_RDONLY|O_CLOEXEC) = 3
[pid 185590] 14:15:50.281784 openat(AT_FDCWD, "/usr/share/fonts/truetype/noto/NotoSansLisu-Bold.ttf", O_RDONLY|O_CLOEXEC) = 3
[pid 185590] 14:15:50.281971 openat(AT_FDCWD, "/usr/share/fonts/truetype/noto/NotoSansLisu-Regular.ttf", O_RDONLY|O_CLOEXEC) = 3
[pid 185590] 14:15:50.282140 openat(AT_FDCWD, "/usr/share/fonts/truetype/noto/NotoSansLycian-Regular.ttf", O_RDONLY|O_CLOEXEC) = 3
[pid 185590] 14:15:50.282283 openat(AT_FDCWD, "/usr/share/fonts/truetype/noto/NotoSansLydian-Regular.ttf", O_RDONLY|O_CLOEXEC) = 3
[pid 185590] 14:15:50.282426 openat(AT_FDCWD, "/usr/share/fonts/truetype/noto/NotoSansMahajani-Regular.ttf", O_RDONLY|O_CLOEXEC) = 3
[pid 185590] 14:15:50.282571 openat(AT_FDCWD, "/usr/share/fonts/truetype/noto/NotoSansMalayalam-Bold.ttf", O_RDONLY|O_CLOEXEC) = 3
[pid 185590] 14:15:50.282726 openat(AT_FDCWD, "/usr/share/fonts/truetype/noto/NotoSansMalayalam-Regular.ttf", O_RDONLY|O_CLOEXEC) = 3
[pid 185590] 14:15:50.282880 openat(AT_FDCWD, "/usr/share/fonts/truetype/noto/NotoSansMandaic-Regular.ttf", O_RDONLY|O_CLOEXEC) = 3
[pid 185590] 14:15:50.283038 openat(AT_FDCWD, "/usr/share/fonts/truetype/noto/NotoSansManichaean-Regular.ttf", O_RDONLY|O_CLOEXEC) = 3
[pid 185590] 14:15:50.283188 openat(AT_FDCWD, "/usr/share/fonts/truetype/noto/NotoSansMarchen-Regular.ttf", O_RDONLY|O_CLOEXEC) = 3
[pid 185590] 14:15:50.283344 openat(AT_FDCWD, "/usr/share/fonts/truetype/noto/NotoSansMasaramGondi-Regular.ttf", O_RDONLY|O_CLOEXEC) = 3
[pid 185590] 14:15:50.283493 openat(AT_FDCWD, "/usr/share/fonts/truetype/noto/NotoSansMath-Regular.ttf", O_RDONLY|O_CLOEXEC) = 3
[pid 185590] 14:15:50.283702 openat(AT_FDCWD, "/usr/share/fonts/truetype/noto/NotoSansMayanNumerals-Regular.ttf", O_RDONLY|O_CLOEXEC) = 3
[pid 185590] 14:15:50.283844 openat(AT_FDCWD, "/usr/share/fonts/truetype/noto/NotoSansMedefaidrin-Bold.ttf", O_RDONLY|O_CLOEXEC) = 3
[pid 185590] 14:15:50.284000 openat(AT_FDCWD, "/usr/share/fonts/truetype/noto/NotoSansMedefaidrin-Regular.ttf", O_RDONLY|O_CLOEXEC) = 3
[pid 185590] 14:15:50.284148 openat(AT_FDCWD, "/usr/share/fonts/truetype/noto/NotoSansMeeteiMayek-Bold.ttf", O_RDONLY|O_CLOEXEC) = 3
[pid 185590] 14:15:50.284292 openat(AT_FDCWD, "/usr/share/fonts/truetype/noto/NotoSansMeeteiMayek-Regular.ttf", O_RDONLY|O_CLOEXEC) = 3
[pid 185590] 14:15:50.284436 openat(AT_FDCWD, "/usr/share/fonts/truetype/noto/NotoSansMendeKikakui-Regular.ttf", O_RDONLY|O_CLOEXEC) = 3
[pid 185590] 14:15:50.284585 openat(AT_FDCWD, "/usr/share/fonts/truetype/noto/NotoSansMeroitic-Regular.ttf", O_RDONLY|O_CLOEXEC) = 3
[pid 185590] 14:15:50.284733 openat(AT_FDCWD, "/usr/share/fonts/truetype/noto/NotoSansMiao-Regular.ttf", O_RDONLY|O_CLOEXEC) = 3
[pid 185590] 14:15:50.284921 openat(AT_FDCWD, "/usr/share/fonts/truetype/noto/NotoSansModi-Regular.ttf", O_RDONLY|O_CLOEXEC) = 3
[pid 185590] 14:15:50.285092 openat(AT_FDCWD, "/usr/share/fonts/truetype/noto/NotoSansMongolian-Regular.ttf", O_RDONLY|O_CLOEXEC) = 3
[pid 185590] 14:15:50.285270 openat(AT_FDCWD, "/usr/share/fonts/truetype/noto/NotoSansMono-Bold.ttf", O_RDONLY|O_CLOEXEC) = 3
[pid 185590] 14:15:50.285574 openat(AT_FDCWD, "/usr/share/fonts/truetype/noto/NotoSansMono-Regular.ttf", O_RDONLY|O_CLOEXEC) = 3
[pid 185590] 14:15:50.285869 openat(AT_FDCWD, "/usr/share/fonts/truetype/noto/NotoSansMro-Regular.ttf", O_RDONLY|O_CLOEXEC) = 3
[pid 185590] 14:15:50.286034 openat(AT_FDCWD, "/usr/share/fonts/truetype/noto/NotoSansMultani-Regular.ttf", O_RDONLY|O_CLOEXEC) = 3
[pid 185590] 14:15:50.286196 openat(AT_FDCWD, "/usr/share/fonts/truetype/noto/NotoSansMyanmar-Bold.ttf", O_RDONLY|O_CLOEXEC) = 3
[pid 185590] 14:15:50.286372 openat(AT_FDCWD, "/usr/share/fonts/truetype/noto/NotoSansMyanmar-Regular.ttf", O_RDONLY|O_CLOEXEC) = 3
[pid 185590] 14:15:50.286533 openat(AT_FDCWD, "/usr/share/fonts/truetype/noto/NotoSansNKo-Regular.ttf", O_RDONLY|O_CLOEXEC) = 3
[pid 185590] 14:15:50.286701 openat(AT_FDCWD, "/usr/share/fonts/truetype/noto/NotoSansNabataean-Regular.ttf", O_RDONLY|O_CLOEXEC) = 3
[pid 185590] 14:15:50.286854 openat(AT_FDCWD, "/usr/share/fonts/truetype/noto/NotoSansNewTaiLue-Regular.ttf", O_RDONLY|O_CLOEXEC) = 3
[pid 185590] 14:15:50.287010 openat(AT_FDCWD, "/usr/share/fonts/truetype/noto/NotoSansNewa-Regular.ttf", O_RDONLY|O_CLOEXEC) = 3
[pid 185590] 14:15:50.287170 openat(AT_FDCWD, "/usr/share/fonts/truetype/noto/NotoSansNushu-Regular.ttf", O_RDONLY|O_CLOEXEC) = 3
[pid 185590] 14:15:50.287328 openat(AT_FDCWD, "/usr/share/fonts/truetype/noto/NotoSansOgham-Regular.ttf", O_RDONLY|O_CLOEXEC) = 3
[pid 185590] 14:15:50.287471 openat(AT_FDCWD, "/usr/share/fonts/truetype/noto/NotoSansOlChiki-Bold.ttf", O_RDONLY|O_CLOEXEC) = 3
[pid 185590] 14:15:50.287632 openat(AT_FDCWD, "/usr/share/fonts/truetype/noto/NotoSansOlChiki-Regular.ttf", O_RDONLY|O_CLOEXEC) = 3
[pid 185590] 14:15:50.287781 openat(AT_FDCWD, "/usr/share/fonts/truetype/noto/NotoSansOldHungarian-Regular.ttf", O_RDONLY|O_CLOEXEC) = 3
[pid 185590] 14:15:50.287939 openat(AT_FDCWD, "/usr/share/fonts/truetype/noto/NotoSansOldItalic-Regular.ttf", O_RDONLY|O_CLOEXEC) = 3
[pid 185590] 14:15:50.288092 openat(AT_FDCWD, "/usr/share/fonts/truetype/noto/NotoSansOldNorthArabian-Regular.ttf", O_RDONLY|O_CLOEXEC) = 3
[pid 185590] 14:15:50.288240 openat(AT_FDCWD, "/usr/share/fonts/truetype/noto/NotoSansOldPermic-Regular.ttf", O_RDONLY|O_CLOEXEC) = 3
[pid 185590] 14:15:50.288402 openat(AT_FDCWD, "/usr/share/fonts/truetype/noto/NotoSansOldPersian-Regular.ttf", O_RDONLY|O_CLOEXEC) = 3
[pid 185590] 14:15:50.288567 openat(AT_FDCWD, "/usr/share/fonts/truetype/noto/NotoSansOldSogdian-Regular.ttf", O_RDONLY|O_CLOEXEC) = 3
[pid 185590] 14:15:50.288734 openat(AT_FDCWD, "/usr/share/fonts/truetype/noto/NotoSansOldSouthArabian-Regular.ttf", O_RDONLY|O_CLOEXEC) = 3
[pid 185590] 14:15:50.288895 openat(AT_FDCWD, "/usr/share/fonts/truetype/noto/NotoSansOldTurkic-Regular.ttf", O_RDONLY|O_CLOEXEC) = 3
[pid 185590] 14:15:50.289071 openat(AT_FDCWD, "/usr/share/fonts/truetype/noto/NotoSansOriya-Bold.ttf", O_RDONLY|O_CLOEXEC) = 3
[pid 185590] 14:15:50.289257 openat(AT_FDCWD, "/usr/share/fonts/truetype/noto/NotoSansOriya-Regular.ttf", O_RDONLY|O_CLOEXEC) = 3
[pid 185590] 14:15:50.289437 openat(AT_FDCWD, "/usr/share/fonts/truetype/noto/NotoSansOsage-Regular.ttf", O_RDONLY|O_CLOEXEC) = 3
[pid 185590] 14:15:50.289608 openat(AT_FDCWD, "/usr/share/fonts/truetype/noto/NotoSansOsmanya-Regular.ttf", O_RDONLY|O_CLOEXEC) = 3
[pid 185590] 14:15:50.289772 openat(AT_FDCWD, "/usr/share/fonts/truetype/noto/NotoSansPahawhHmong-Regular.ttf", O_RDONLY|O_CLOEXEC) = 3
[pid 185590] 14:15:50.289944 openat(AT_FDCWD, "/usr/share/fonts/truetype/noto/NotoSansPalmyrene-Regular.ttf", O_RDONLY|O_CLOEXEC) = 3
[pid 185590] 14:15:50.290112 openat(AT_FDCWD, "/usr/share/fonts/truetype/noto/NotoSansPauCinHau-Regular.ttf", O_RDONLY|O_CLOEXEC) = 3
[pid 185590] 14:15:50.290275 openat(AT_FDCWD, "/usr/share/fonts/truetype/noto/NotoSansPhagsPa-Regular.ttf", O_RDONLY|O_CLOEXEC) = 3
[pid 185590] 14:15:50.290439 openat(AT_FDCWD, "/usr/share/fonts/truetype/noto/NotoSansPhoenician-Regular.ttf", O_RDONLY|O_CLOEXEC) = 3
[pid 185590] 14:15:50.290594 openat(AT_FDCWD, "/usr/share/fonts/truetype/noto/NotoSansPsalterPahlavi-Regular.ttf", O_RDONLY|O_CLOEXEC) = 3
[pid 185590] 14:15:50.290753 openat(AT_FDCWD, "/usr/share/fonts/truetype/noto/NotoSansRejang-Regular.ttf", O_RDONLY|O_CLOEXEC) = 3
[pid 185590] 14:15:50.290910 openat(AT_FDCWD, "/usr/share/fonts/truetype/noto/NotoSansRunic-Regular.ttf", O_RDONLY|O_CLOEXEC) = 3
[pid 185590] 14:15:50.291067 openat(AT_FDCWD, "/usr/share/fonts/truetype/noto/NotoSansSamaritan-Regular.ttf", O_RDONLY|O_CLOEXEC) = 3
[pid 185590] 14:15:50.291222 openat(AT_FDCWD, "/usr/share/fonts/truetype/noto/NotoSansSaurashtra-Regular.ttf", O_RDONLY|O_CLOEXEC) = 3
[pid 185590] 14:15:50.291380 openat(AT_FDCWD, "/usr/share/fonts/truetype/noto/NotoSansSharada-Regular.ttf", O_RDONLY|O_CLOEXEC) = 3
[pid 185590] 14:15:50.291538 openat(AT_FDCWD, "/usr/share/fonts/truetype/noto/NotoSansShavian-Regular.ttf", O_RDONLY|O_CLOEXEC) = 3
[pid 185590] 14:15:50.291704 openat(AT_FDCWD, "/usr/share/fonts/truetype/noto/NotoSansSiddham-Regular.ttf", O_RDONLY|O_CLOEXEC) = 3
[pid 185590] 14:15:50.291864 openat(AT_FDCWD, "/usr/share/fonts/truetype/noto/NotoSansSignWriting-Regular.ttf", O_RDONLY|O_CLOEXEC) = 3
[pid 185590] 14:15:50.292061 openat(AT_FDCWD, "/usr/share/fonts/truetype/noto/NotoSansSinhala-Bold.ttf", O_RDONLY|O_CLOEXEC) = 3
[pid 185590] 14:15:50.292222 openat(AT_FDCWD, "/usr/share/fonts/truetype/noto/NotoSansSinhala-Regular.ttf", O_RDONLY|O_CLOEXEC) = 3
[pid 185590] 14:15:50.292377 openat(AT_FDCWD, "/usr/share/fonts/truetype/noto/NotoSansSogdian-Regular.ttf", O_RDONLY|O_CLOEXEC) = 3
[pid 185590] 14:15:50.292533 openat(AT_FDCWD, "/usr/share/fonts/truetype/noto/NotoSansSoraSompeng-Bold.ttf", O_RDONLY|O_CLOEXEC) = 3
[pid 185590] 14:15:50.292680 openat(AT_FDCWD, "/usr/share/fonts/truetype/noto/NotoSansSoraSompeng-Regular.ttf", O_RDONLY|O_CLOEXEC) = 3
[pid 185590] 14:15:50.292823 openat(AT_FDCWD, "/usr/share/fonts/truetype/noto/NotoSansSoyombo-Regular.ttf", O_RDONLY|O_CLOEXEC) = 3
[pid 185590] 14:15:50.292978 openat(AT_FDCWD, "/usr/share/fonts/truetype/noto/NotoSansSundanese-Bold.ttf", O_RDONLY|O_CLOEXEC) = 3
[pid 185590] 14:15:50.293132 openat(AT_FDCWD, "/usr/share/fonts/truetype/noto/NotoSansSundanese-Regular.ttf", O_RDONLY|O_CLOEXEC) = 3
[pid 185590] 14:15:50.293278 openat(AT_FDCWD, "/usr/share/fonts/truetype/noto/NotoSansSylotiNagri-Regular.ttf", O_RDONLY|O_CLOEXEC) = 3
[pid 185590] 14:15:50.293423 openat(AT_FDCWD, "/usr/share/fonts/truetype/noto/NotoSansSymbols-Bold.ttf", O_RDONLY|O_CLOEXEC) = 3
[pid 185590] 14:15:50.293594 openat(AT_FDCWD, "/usr/share/fonts/truetype/noto/NotoSansSymbols-Regular.ttf", O_RDONLY|O_CLOEXEC) = 3
[pid 185590] 14:15:50.293763 openat(AT_FDCWD, "/usr/share/fonts/truetype/noto/NotoSansSymbols2-Regular.ttf", O_RDONLY|O_CLOEXEC) = 3
[pid 185590] 14:15:50.293982 openat(AT_FDCWD, "/usr/share/fonts/truetype/noto/NotoSansSyriac-Regular.ttf", O_RDONLY|O_CLOEXEC) = 3
[pid 185590] 14:15:50.294145 openat(AT_FDCWD, "/usr/share/fonts/truetype/noto/NotoSansTagalog-Regular.ttf", O_RDONLY|O_CLOEXEC) = 3
[pid 185590] 14:15:50.294287 openat(AT_FDCWD, "/usr/share/fonts/truetype/noto/NotoSansTagbanwa-Regular.ttf", O_RDONLY|O_CLOEXEC) = 3
[pid 185590] 14:15:50.294427 openat(AT_FDCWD, "/usr/share/fonts/truetype/noto/NotoSansTaiLe-Regular.ttf", O_RDONLY|O_CLOEXEC) = 3
[pid 185590] 14:15:50.294571 openat(AT_FDCWD, "/usr/share/fonts/truetype/noto/NotoSansTaiTham-Bold.ttf", O_RDONLY|O_CLOEXEC) = 3
[pid 185590] 14:15:50.294721 openat(AT_FDCWD, "/usr/share/fonts/truetype/noto/NotoSansTaiTham-Regular.ttf", O_RDONLY|O_CLOEXEC) = 3
[pid 185590] 14:15:50.294875 openat(AT_FDCWD, "/usr/share/fonts/truetype/noto/NotoSansTaiViet-Regular.ttf", O_RDONLY|O_CLOEXEC) = 3
[pid 185590] 14:15:50.295028 openat(AT_FDCWD, "/usr/share/fonts/truetype/noto/NotoSansTakri-Regular.ttf", O_RDONLY|O_CLOEXEC) = 3
[pid 185590] 14:15:50.295175 openat(AT_FDCWD, "/usr/share/fonts/truetype/noto/NotoSansTamil-Bold.ttf", O_RDONLY|O_CLOEXEC) = 3
[pid 185590] 14:15:50.295330 openat(AT_FDCWD, "/usr/share/fonts/truetype/noto/NotoSansTamil-Regular.ttf", O_RDONLY|O_CLOEXEC) = 3
[pid 185590] 14:15:50.295482 openat(AT_FDCWD, "/usr/share/fonts/truetype/noto/NotoSansTamilSupplement-Regular.ttf", O_RDONLY|O_CLOEXEC) = 3
[pid 185590] 14:15:50.295626 openat(AT_FDCWD, "/usr/share/fonts/truetype/noto/NotoSansTelugu-Bold.ttf", O_RDONLY|O_CLOEXEC) = 3
[pid 185590] 14:15:50.295779 openat(AT_FDCWD, "/usr/share/fonts/truetype/noto/NotoSansTelugu-Regular.ttf", O_RDONLY|O_CLOEXEC) = 3
[pid 185590] 14:15:50.295936 openat(AT_FDCWD, "/usr/share/fonts/truetype/noto/NotoSansThaana-Bold.ttf", O_RDONLY|O_CLOEXEC) = 3
[pid 185590] 14:15:50.296084 openat(AT_FDCWD, "/usr/share/fonts/truetype/noto/NotoSansThaana-Regular.ttf", O_RDONLY|O_CLOEXEC) = 3
[pid 185590] 14:15:50.296227 openat(AT_FDCWD, "/usr/share/fonts/truetype/noto/NotoSansThai-Bold.ttf", O_RDONLY|O_CLOEXEC) = 3
[pid 185590] 14:15:50.296373 openat(AT_FDCWD, "/usr/share/fonts/truetype/noto/NotoSansThai-Regular.ttf", O_RDONLY|O_CLOEXEC) = 3
[pid 185590] 14:15:50.296536 openat(AT_FDCWD, "/usr/share/fonts/truetype/noto/NotoSansTifinagh-Regular.ttf", O_RDONLY|O_CLOEXEC) = 3
[pid 185590] 14:15:50.296684 openat(AT_FDCWD, "/usr/share/fonts/truetype/noto/NotoSansTifinaghAPT-Regular.ttf", O_RDONLY|O_CLOEXEC) = 3
[pid 185590] 14:15:50.296830 openat(AT_FDCWD, "/usr/share/fonts/truetype/noto/NotoSansTifinaghAdrar-Regular.ttf", O_RDONLY|O_CLOEXEC) = 3
[pid 185590] 14:15:50.296982 openat(AT_FDCWD, "/usr/share/fonts/truetype/noto/NotoSansTifinaghAgrawImazighen-Regular.ttf", O_RDONLY|O_CLOEXEC) = 3
[pid 185590] 14:15:50.297130 openat(AT_FDCWD, "/usr/share/fonts/truetype/noto/NotoSansTifinaghAhaggar-Regular.ttf", O_RDONLY|O_CLOEXEC) = 3
[pid 185590] 14:15:50.297278 openat(AT_FDCWD, "/usr/share/fonts/truetype/noto/NotoSansTifinaghAir-Regular.ttf", O_RDONLY|O_CLOEXEC) = 3
[pid 185590] 14:15:50.297424 openat(AT_FDCWD, "/usr/share/fonts/truetype/noto/NotoSansTifinaghAzawagh-Regular.ttf", O_RDONLY|O_CLOEXEC) = 3
[pid 185590] 14:15:50.297570 openat(AT_FDCWD, "/usr/share/fonts/truetype/noto/NotoSansTifinaghGhat-Regular.ttf", O_RDONLY|O_CLOEXEC) = 3
[pid 185590] 14:15:50.297713 openat(AT_FDCWD, "/usr/share/fonts/truetype/noto/NotoSansTifinaghHawad-Regular.ttf", O_RDONLY|O_CLOEXEC) = 3
[pid 185590] 14:15:50.297859 openat(AT_FDCWD, "/usr/share/fonts/truetype/noto/NotoSansTifinaghRhissaIxa-Regular.ttf", O_RDONLY|O_CLOEXEC) = 3
[pid 185590] 14:15:50.298010 openat(AT_FDCWD, "/usr/share/fonts/truetype/noto/NotoSansTifinaghSIL-Regular.ttf", O_RDONLY|O_CLOEXEC) = 3
[pid 185590] 14:15:50.298156 openat(AT_FDCWD, "/usr/share/fonts/truetype/noto/NotoSansTifinaghTawellemmet-Regular.ttf", O_RDONLY|O_CLOEXEC) = 3
[pid 185590] 14:15:50.298302 openat(AT_FDCWD, "/usr/share/fonts/truetype/noto/NotoSansTirhuta-Regular.ttf", O_RDONLY|O_CLOEXEC) = 3
[pid 185590] 14:15:50.298457 openat(AT_FDCWD, "/usr/share/fonts/truetype/noto/NotoSansUgaritic-Regular.ttf", O_RDONLY|O_CLOEXEC) = 3
[pid 185590] 14:15:50.298598 openat(AT_FDCWD, "/usr/share/fonts/truetype/noto/NotoSansVai-Regular.ttf", O_RDONLY|O_CLOEXEC) = 3
[pid 185590] 14:15:50.298750 openat(AT_FDCWD, "/usr/share/fonts/truetype/noto/NotoSansWancho-Regular.ttf", O_RDONLY|O_CLOEXEC) = 3
[pid 185590] 14:15:50.298896 openat(AT_FDCWD, "/usr/share/fonts/truetype/noto/NotoSansWarangCiti-Regular.ttf", O_RDONLY|O_CLOEXEC) = 3
[pid 185590] 14:15:50.299050 openat(AT_FDCWD, "/usr/share/fonts/truetype/noto/NotoSansYi-Regular.ttf", O_RDONLY|O_CLOEXEC) = 3
[pid 185590] 14:15:50.299220 openat(AT_FDCWD, "/usr/share/fonts/truetype/noto/NotoSansZanabazarSquare-Regular.ttf", O_RDONLY|O_CLOEXEC) = 3
[pid 185590] 14:15:50.299367 openat(AT_FDCWD, "/usr/share/fonts/truetype/noto/NotoSerif-Bold.ttf", O_RDONLY|O_CLOEXEC) = 3
[pid 185590] 14:15:50.299553 openat(AT_FDCWD, "/usr/share/fonts/truetype/noto/NotoSerif-BoldItalic.ttf", O_RDONLY|O_CLOEXEC) = 3
[pid 185590] 14:15:50.299743 openat(AT_FDCWD, "/usr/share/fonts/truetype/noto/NotoSerif-Italic.ttf", O_RDONLY|O_CLOEXEC) = 3
[pid 185590] 14:15:50.299936 openat(AT_FDCWD, "/usr/share/fonts/truetype/noto/NotoSerif-Regular.ttf", O_RDONLY|O_CLOEXEC) = 3
[pid 185590] 14:15:50.300126 openat(AT_FDCWD, "/usr/share/fonts/truetype/noto/NotoSerifAhom-Regular.ttf", O_RDONLY|O_CLOEXEC) = 3
[pid 185590] 14:15:50.300272 openat(AT_FDCWD, "/usr/share/fonts/truetype/noto/NotoSerifArmenian-Bold.ttf", O_RDONLY|O_CLOEXEC) = 3
[pid 185590] 14:15:50.300417 openat(AT_FDCWD, "/usr/share/fonts/truetype/noto/NotoSerifArmenian-Regular.ttf", O_RDONLY|O_CLOEXEC) = 3
[pid 185590] 14:15:50.300562 openat(AT_FDCWD, "/usr/share/fonts/truetype/noto/NotoSerifBalinese-Regular.ttf", O_RDONLY|O_CLOEXEC) = 3
[pid 185590] 14:15:50.300708 openat(AT_FDCWD, "/usr/share/fonts/truetype/noto/NotoSerifBengali-Bold.ttf", O_RDONLY|O_CLOEXEC) = 3
[pid 185590] 14:15:50.300866 openat(AT_FDCWD, "/usr/share/fonts/truetype/noto/NotoSerifBengali-Regular.ttf", O_RDONLY|O_CLOEXEC) = 3
[pid 185590] 14:15:50.301026 openat(AT_FDCWD, "/usr/share/fonts/truetype/noto/NotoSerifDevanagari-Bold.ttf", O_RDONLY|O_CLOEXEC) = 3
[pid 185590] 14:15:50.301188 openat(AT_FDCWD, "/usr/share/fonts/truetype/noto/NotoSerifDevanagari-Regular.ttf", O_RDONLY|O_CLOEXEC) = 3
[pid 185590] 14:15:50.301365 openat(AT_FDCWD, "/usr/share/fonts/truetype/noto/NotoSerifDisplay-Bold.ttf", O_RDONLY|O_CLOEXEC) = 3
[pid 185590] 14:15:50.301555 openat(AT_FDCWD, "/usr/share/fonts/truetype/noto/NotoSerifDisplay-BoldItalic.ttf", O_RDONLY|O_CLOEXEC) = 3
[pid 185590] 14:15:50.301743 openat(AT_FDCWD, "/usr/share/fonts/truetype/noto/NotoSerifDisplay-Italic.ttf", O_RDONLY|O_CLOEXEC) = 3
[pid 185590] 14:15:50.301984 openat(AT_FDCWD, "/usr/share/fonts/truetype/noto/NotoSerifDisplay-Regular.ttf", O_RDONLY|O_CLOEXEC) = 3
[pid 185590] 14:15:50.302213 openat(AT_FDCWD, "/usr/share/fonts/truetype/noto/NotoSerifDogra-Regular.ttf", O_RDONLY|O_CLOEXEC) = 3
[pid 185590] 14:15:50.302369 openat(AT_FDCWD, "/usr/share/fonts/truetype/noto/NotoSerifEthiopic-Bold.ttf", O_RDONLY|O_CLOEXEC) = 3
[pid 185590] 14:15:50.302535 openat(AT_FDCWD, "/usr/share/fonts/truetype/noto/NotoSerifEthiopic-Regular.ttf", O_RDONLY|O_CLOEXEC) = 3
[pid 185590] 14:15:50.302699 openat(AT_FDCWD, "/usr/share/fonts/truetype/noto/NotoSerifGeorgian-Bold.ttf", O_RDONLY|O_CLOEXEC) = 3
[pid 185590] 14:15:50.302850 openat(AT_FDCWD, "/usr/share/fonts/truetype/noto/NotoSerifGeorgian-Regular.ttf", O_RDONLY|O_CLOEXEC) = 3
[pid 185590] 14:15:50.303007 openat(AT_FDCWD, "/usr/share/fonts/truetype/noto/NotoSerifGrantha-Regular.ttf", O_RDONLY|O_CLOEXEC) = 3
[pid 185590] 14:15:50.303172 openat(AT_FDCWD, "/usr/share/fonts/truetype/noto/NotoSerifGujarati-Bold.ttf", O_RDONLY|O_CLOEXEC) = 3
[pid 185590] 14:15:50.303326 openat(AT_FDCWD, "/usr/share/fonts/truetype/noto/NotoSerifGujarati-Regular.ttf", O_RDONLY|O_CLOEXEC) = 3
[pid 185590] 14:15:50.303480 openat(AT_FDCWD, "/usr/share/fonts/truetype/noto/NotoSerifGurmukhi-Bold.ttf", O_RDONLY|O_CLOEXEC) = 3
[pid 185590] 14:15:50.303629 openat(AT_FDCWD, "/usr/share/fonts/truetype/noto/NotoSerifGurmukhi-Regular.ttf", O_RDONLY|O_CLOEXEC) = 3
[pid 185590] 14:15:50.303777 openat(AT_FDCWD, "/usr/share/fonts/truetype/noto/NotoSerifHebrew-Bold.ttf", O_RDONLY|O_CLOEXEC) = 3
[pid 185590] 14:15:50.303927 openat(AT_FDCWD, "/usr/share/fonts/truetype/noto/NotoSerifHebrew-Regular.ttf", O_RDONLY|O_CLOEXEC) = 3
[pid 185590] 14:15:50.304074 openat(AT_FDCWD, "/usr/share/fonts/truetype/noto/NotoSerifKannada-Bold.ttf", O_RDONLY|O_CLOEXEC) = 3
[pid 185590] 14:15:50.304233 openat(AT_FDCWD, "/usr/share/fonts/truetype/noto/NotoSerifKannada-Regular.ttf", O_RDONLY|O_CLOEXEC) = 3
[pid 185590] 14:15:50.304391 openat(AT_FDCWD, "/usr/share/fonts/truetype/noto/NotoSerifKhmer-Bold.ttf", O_RDONLY|O_CLOEXEC) = 3
[pid 185590] 14:15:50.304544 openat(AT_FDCWD, "/usr/share/fonts/truetype/noto/NotoSerifKhmer-Regular.ttf", O_RDONLY|O_CLOEXEC) = 3
[pid 185590] 14:15:50.304698 openat(AT_FDCWD, "/usr/share/fonts/truetype/noto/NotoSerifKhojki-Bold.ttf", O_RDONLY|O_CLOEXEC) = 3
[pid 185590] 14:15:50.304858 openat(AT_FDCWD, "/usr/share/fonts/truetype/noto/NotoSerifKhojki-Regular.ttf", O_RDONLY|O_CLOEXEC) = 3
[pid 185590] 14:15:50.305020 openat(AT_FDCWD, "/usr/share/fonts/truetype/noto/NotoSerifLao-Bold.ttf", O_RDONLY|O_CLOEXEC) = 3
[pid 185590] 14:15:50.305172 openat(AT_FDCWD, "/usr/share/fonts/truetype/noto/NotoSerifLao-Regular.ttf", O_RDONLY|O_CLOEXEC) = 3
[pid 185590] 14:15:50.305322 openat(AT_FDCWD, "/usr/share/fonts/truetype/noto/NotoSerifMalayalam-Bold.ttf", O_RDONLY|O_CLOEXEC) = 3
[pid 185590] 14:15:50.305476 openat(AT_FDCWD, "/usr/share/fonts/truetype/noto/NotoSerifMalayalam-Regular.ttf", O_RDONLY|O_CLOEXEC) = 3
[pid 185590] 14:15:50.305631 openat(AT_FDCWD, "/usr/share/fonts/truetype/noto/NotoSerifMyanmar-Bold.ttf", O_RDONLY|O_CLOEXEC) = 3
[pid 185590] 14:15:50.305786 openat(AT_FDCWD, "/usr/share/fonts/truetype/noto/NotoSerifMyanmar-Regular.ttf", O_RDONLY|O_CLOEXEC) = 3
[pid 185590] 14:15:50.305948 openat(AT_FDCWD, "/usr/share/fonts/truetype/noto/NotoSerifNyiakengPuachueHmong-Bold.ttf", O_RDONLY|O_CLOEXEC) = 3
[pid 185590] 14:15:50.306096 openat(AT_FDCWD, "/usr/share/fonts/truetype/noto/NotoSerifNyiakengPuachueHmong-Regular.ttf", O_RDONLY|O_CLOEXEC) = 3
[pid 185590] 14:15:50.306240 openat(AT_FDCWD, "/usr/share/fonts/truetype/noto/NotoSerifSinhala-Bold.ttf", O_RDONLY|O_CLOEXEC) = 3
[pid 185590] 14:15:50.306415 openat(AT_FDCWD, "/usr/share/fonts/truetype/noto/NotoSerifSinhala-Regular.ttf", O_RDONLY|O_CLOEXEC) = 3
[pid 185590] 14:15:50.306576 openat(AT_FDCWD, "/usr/share/fonts/truetype/noto/NotoSerifTamil-Bold.ttf", O_RDONLY|O_CLOEXEC) = 3
[pid 185590] 14:15:50.306745 openat(AT_FDCWD, "/usr/share/fonts/truetype/noto/NotoSerifTamil-Regular.ttf", O_RDONLY|O_CLOEXEC) = 3
[pid 185590] 14:15:50.306906 openat(AT_FDCWD, "/usr/share/fonts/truetype/noto/NotoSerifTamilSlanted-Bold.ttf", O_RDONLY|O_CLOEXEC) = 3
[pid 185590] 14:15:50.307065 openat(AT_FDCWD, "/usr/share/fonts/truetype/noto/NotoSerifTamilSlanted-Regular.ttf", O_RDONLY|O_CLOEXEC) = 3
[pid 185590] 14:15:50.307220 openat(AT_FDCWD, "/usr/share/fonts/truetype/noto/NotoSerifTangut-Regular.ttf", O_RDONLY|O_CLOEXEC) = 3
[pid 185590] 14:15:50.307452 openat(AT_FDCWD, "/usr/share/fonts/truetype/noto/NotoSerifTelugu-Bold.ttf", O_RDONLY|O_CLOEXEC) = 3
[pid 185590] 14:15:50.307608 openat(AT_FDCWD, "/usr/share/fonts/truetype/noto/NotoSerifTelugu-Regular.ttf", O_RDONLY|O_CLOEXEC) = 3
[pid 185590] 14:15:50.307763 openat(AT_FDCWD, "/usr/share/fonts/truetype/noto/NotoSerifThai-Bold.ttf", O_RDONLY|O_CLOEXEC) = 3
[pid 185590] 14:15:50.307918 openat(AT_FDCWD, "/usr/share/fonts/truetype/noto/NotoSerifThai-Regular.ttf", O_RDONLY|O_CLOEXEC) = 3
[pid 185590] 14:15:50.308074 openat(AT_FDCWD, "/usr/share/fonts/truetype/noto/NotoSerifTibetan-Bold.ttf", O_RDONLY|O_CLOEXEC) = 3
[pid 185590] 14:15:50.308236 openat(AT_FDCWD, "/usr/share/fonts/truetype/noto/NotoSerifTibetan-Regular.ttf", O_RDONLY|O_CLOEXEC) = 3
[pid 185590] 14:15:50.308391 openat(AT_FDCWD, "/usr/share/fonts/truetype/noto/NotoSerifYezidi-Bold.ttf", O_RDONLY|O_CLOEXEC) = 3
[pid 185590] 14:15:50.308537 openat(AT_FDCWD, "/usr/share/fonts/truetype/noto/NotoSerifYezidi-Regular.ttf", O_RDONLY|O_CLOEXEC) = 3
[pid 185590] 14:15:50.308682 openat(AT_FDCWD, "/usr/share/fonts/truetype/noto/NotoTraditionalNushu-Regular.ttf", O_RDONLY|O_CLOEXEC) = 3
[pid 185590] 14:15:50.308843 openat(AT_FDCWD, "/usr/share/fonts/truetype/noto/NotoColorEmoji.ttf", O_RDONLY|O_CLOEXEC) = 3
[pid 185590] 14:15:50.309012 openat(AT_FDCWD, "/usr/share/fonts/truetype/ubuntu/Ubuntu[wdth,wght].ttf", O_RDONLY|O_CLOEXEC) = 3
[pid 185590] 14:15:50.309184 openat(AT_FDCWD, "/usr/share/fonts/truetype/ubuntu/Ubuntu-Italic[wdth,wght].ttf", O_RDONLY|O_CLOEXEC) = 3
[pid 185590] 14:15:50.309357 openat(AT_FDCWD, "/usr/share/fonts/truetype/ubuntu/UbuntuMono[wght].ttf", O_RDONLY|O_CLOEXEC) = 3
[pid 185590] 14:15:50.309523 openat(AT_FDCWD, "/usr/share/fonts/truetype/ubuntu/UbuntuMono-Italic[wght].ttf", O_RDONLY|O_CLOEXEC) = 3
[pid 185590] 14:15:50.309687 openat(AT_FDCWD, "/usr/share/fonts/truetype/ubuntu/UbuntuSans-Italic[wdth,wght].ttf", O_RDONLY|O_CLOEXEC) = 3
[pid 185590] 14:15:50.309859 openat(AT_FDCWD, "/usr/share/fonts/truetype/ubuntu/UbuntuSansMono-Italic[wght].ttf", O_RDONLY|O_CLOEXEC) = 3
[pid 185590] 14:15:50.310029 openat(AT_FDCWD, "/usr/share/fonts/truetype/ubuntu/UbuntuSansMono[wght].ttf", O_RDONLY|O_CLOEXEC) = 3
[pid 185590] 14:15:50.310198 openat(AT_FDCWD, "/usr/share/fonts/truetype/ubuntu/UbuntuSans[wdth,wght].ttf", O_RDONLY|O_CLOEXEC) = 3
[pid 185590] 14:15:50.310366 openat(AT_FDCWD, "/usr/share/fonts/truetype/tuffy/tuffy_bold.ttf", O_RDONLY|O_CLOEXEC) = 3
[pid 185590] 14:15:50.310528 openat(AT_FDCWD, "/usr/share/fonts/truetype/tuffy/tuffy_bold_italic.ttf", O_RDONLY|O_CLOEXEC) = 3
[pid 185590] 14:15:50.310688 openat(AT_FDCWD, "/usr/share/fonts/truetype/tuffy/tuffy_italic.ttf", O_RDONLY|O_CLOEXEC) = 3
[pid 185590] 14:15:50.310883 openat(AT_FDCWD, "/usr/share/fonts/truetype/tuffy/tuffy_regular.ttf", O_RDONLY|O_CLOEXEC) = 3
[pid 185590] 14:15:50.311082 openat(AT_FDCWD, "/usr/share/fonts/truetype/lyx/cmex10.ttf", O_RDONLY|O_CLOEXEC) = 3
[pid 185590] 14:15:50.311227 openat(AT_FDCWD, "/usr/share/fonts/truetype/lyx/cmmi10.ttf", O_RDONLY|O_CLOEXEC) = 3
[pid 185590] 14:15:50.311371 openat(AT_FDCWD, "/usr/share/fonts/truetype/lyx/cmr10.ttf", O_RDONLY|O_CLOEXEC) = 3
[pid 185590] 14:15:50.311516 openat(AT_FDCWD, "/usr/share/fonts/truetype/lyx/cmsy10.ttf", O_RDONLY|O_CLOEXEC) = 3
[pid 185590] 14:15:50.311678 openat(AT_FDCWD, "/usr/share/fonts/truetype/lyx/dsrom10.ttf", O_RDONLY|O_CLOEXEC) = 3
[pid 185590] 14:15:50.311821 openat(AT_FDCWD, "/usr/share/fonts/truetype/lyx/esint10.ttf", O_RDONLY|O_CLOEXEC) = 3
[pid 185590] 14:15:50.311970 openat(AT_FDCWD, "/usr/share/fonts/truetype/lyx/eufm10.ttf", O_RDONLY|O_CLOEXEC) = 3
[pid 185590] 14:15:50.312115 openat(AT_FDCWD, "/usr/share/fonts/truetype/lyx/msam10.ttf", O_RDONLY|O_CLOEXEC) = 3
[pid 185590] 14:15:50.312260 openat(AT_FDCWD, "/usr/share/fonts/truetype/lyx/msbm10.ttf", O_RDONLY|O_CLOEXEC) = 3
[pid 185590] 14:15:50.312406 openat(AT_FDCWD, "/usr/share/fonts/truetype/lyx/rsfs10.ttf", O_RDONLY|O_CLOEXEC) = 3
[pid 185590] 14:15:50.312549 openat(AT_FDCWD, "/usr/share/fonts/truetype/lyx/stmary10.ttf", O_RDONLY|O_CLOEXEC) = 3
[pid 185590] 14:15:50.312692 openat(AT_FDCWD, "/usr/share/fonts/truetype/lyx/wasy10.ttf", O_RDONLY|O_CLOEXEC) = 3
[pid 185590] 14:15:50.312835 openat(AT_FDCWD, "/usr/share/fonts/truetype/open-sans/OpenSans-Bold.ttf", O_RDONLY|O_CLOEXEC) = 3
[pid 185590] 14:15:50.313001 openat(AT_FDCWD, "/usr/share/fonts/truetype/open-sans/OpenSans-BoldItalic.ttf", O_RDONLY|O_CLOEXEC) = 3
[pid 185590] 14:15:50.313160 openat(AT_FDCWD, "/usr/share/fonts/truetype/open-sans/OpenSans-CondBold.ttf", O_RDONLY|O_CLOEXEC) = 3
[pid 185590] 14:15:50.313325 openat(AT_FDCWD, "/usr/share/fonts/truetype/open-sans/OpenSans-CondLight.ttf", O_RDONLY|O_CLOEXEC) = 3
[pid 185590] 14:15:50.313482 openat(AT_FDCWD, "/usr/share/fonts/truetype/open-sans/OpenSans-CondLightItalic.ttf", O_RDONLY|O_CLOEXEC) = 3
[pid 185590] 14:15:50.313637 openat(AT_FDCWD, "/usr/share/fonts/truetype/open-sans/OpenSans-ExtraBold.ttf", O_RDONLY|O_CLOEXEC) = 3
[pid 185590] 14:15:50.313794 openat(AT_FDCWD, "/usr/share/fonts/truetype/open-sans/OpenSans-ExtraBoldItalic.ttf", O_RDONLY|O_CLOEXEC) = 3
[pid 185590] 14:15:50.313954 openat(AT_FDCWD, "/usr/share/fonts/truetype/open-sans/OpenSans-Italic.ttf", O_RDONLY|O_CLOEXEC) = 3
[pid 185590] 14:15:50.314113 openat(AT_FDCWD, "/usr/share/fonts/truetype/open-sans/OpenSans-Light.ttf", O_RDONLY|O_CLOEXEC) = 3
[pid 185590] 14:15:50.314269 openat(AT_FDCWD, "/usr/share/fonts/truetype/open-sans/OpenSans-LightItalic.ttf", O_RDONLY|O_CLOEXEC) = 3
[pid 185590] 14:15:50.314425 openat(AT_FDCWD, "/usr/share/fonts/truetype/open-sans/OpenSans-Regular.ttf", O_RDONLY|O_CLOEXEC) = 3
[pid 185590] 14:15:50.314581 openat(AT_FDCWD, "/usr/share/fonts/truetype/open-sans/OpenSans-Semibold.ttf", O_RDONLY|O_CLOEXEC) = 3
[pid 185590] 14:15:50.314747 openat(AT_FDCWD, "/usr/share/fonts/truetype/open-sans/OpenSans-SemiboldItalic.ttf", O_RDONLY|O_CLOEXEC) = 3
[pid 185590] 14:15:50.314905 openat(AT_FDCWD, "/usr/share/fonts/truetype/lato/Lato-Black.ttf", O_RDONLY|O_CLOEXEC) = 3
[pid 185590] 14:15:50.315087 openat(AT_FDCWD, "/usr/share/fonts/truetype/lato/Lato-BlackItalic.ttf", O_RDONLY|O_CLOEXEC) = 3
[pid 185590] 14:15:50.315266 openat(AT_FDCWD, "/usr/share/fonts/truetype/lato/Lato-Bold.ttf", O_RDONLY|O_CLOEXEC) = 3
[pid 185590] 14:15:50.315443 openat(AT_FDCWD, "/usr/share/fonts/truetype/lato/Lato-BoldItalic.ttf", O_RDONLY|O_CLOEXEC) = 3
[pid 185590] 14:15:50.315620 openat(AT_FDCWD, "/usr/share/fonts/truetype/lato/Lato-Hairline.ttf", O_RDONLY|O_CLOEXEC) = 3
[pid 185590] 14:15:50.315795 openat(AT_FDCWD, "/usr/share/fonts/truetype/lato/Lato-HairlineItalic.ttf", O_RDONLY|O_CLOEXEC) = 3
[pid 185590] 14:15:50.315975 openat(AT_FDCWD, "/usr/share/fonts/truetype/lato/Lato-Heavy.ttf", O_RDONLY|O_CLOEXEC) = 3
[pid 185590] 14:15:50.316154 openat(AT_FDCWD, "/usr/share/fonts/truetype/lato/Lato-HeavyItalic.ttf", O_RDONLY|O_CLOEXEC) = 3
[pid 185590] 14:15:50.316329 openat(AT_FDCWD, "/usr/share/fonts/truetype/lato/Lato-Italic.ttf", O_RDONLY|O_CLOEXEC) = 3
[pid 185590] 14:15:50.316506 openat(AT_FDCWD, "/usr/share/fonts/truetype/lato/Lato-Light.ttf", O_RDONLY|O_CLOEXEC) = 3
[pid 185590] 14:15:50.316678 openat(AT_FDCWD, "/usr/share/fonts/truetype/lato/Lato-LightItalic.ttf", O_RDONLY|O_CLOEXEC) = 3
[pid 185590] 14:15:50.316853 openat(AT_FDCWD, "/usr/share/fonts/truetype/lato/Lato-Medium.ttf", O_RDONLY|O_CLOEXEC) = 3
[pid 185590] 14:15:50.317049 openat(AT_FDCWD, "/usr/share/fonts/truetype/lato/Lato-MediumItalic.ttf", O_RDONLY|O_CLOEXEC) = 3
[pid 185590] 14:15:50.317224 openat(AT_FDCWD, "/usr/share/fonts/truetype/lato/Lato-Regular.ttf", O_RDONLY|O_CLOEXEC) = 3
[pid 185590] 14:15:50.317398 openat(AT_FDCWD, "/usr/share/fonts/truetype/lato/Lato-Semibold.ttf", O_RDONLY|O_CLOEXEC) = 3
[pid 185590] 14:15:50.317575 openat(AT_FDCWD, "/usr/share/fonts/truetype/lato/Lato-SemiboldItalic.ttf", O_RDONLY|O_CLOEXEC) = 3
[pid 185590] 14:15:50.317752 openat(AT_FDCWD, "/usr/share/fonts/truetype/lato/Lato-Thin.ttf", O_RDONLY|O_CLOEXEC) = 3
[pid 185590] 14:15:50.317934 openat(AT_FDCWD, "/usr/share/fonts/truetype/lato/Lato-ThinItalic.ttf", O_RDONLY|O_CLOEXEC) = 3
[pid 185590] 14:15:50.318112 openat(AT_FDCWD, "/usr/share/fonts/truetype/adf/OldaniaADFStd-Bold.otf", O_RDONLY|O_CLOEXEC) = 3
[pid 185590] 14:15:50.318265 openat(AT_FDCWD, "/usr/share/fonts/truetype/adf/OldaniaADFStd-BoldItalic.otf", O_RDONLY|O_CLOEXEC) = 3
[pid 185590] 14:15:50.318417 openat(AT_FDCWD, "/usr/share/fonts/truetype/adf/OldaniaADFStd-Italic.otf", O_RDONLY|O_CLOEXEC) = 3
[pid 185590] 14:15:50.318567 openat(AT_FDCWD, "/usr/share/fonts/truetype/adf/OldaniaADFStd-Regular.otf", O_RDONLY|O_CLOEXEC) = 3
[pid 185590] 14:15:50.318715 openat(AT_FDCWD, "/usr/share/fonts/truetype/font-awesome/fontawesome-webfont.ttf", O_RDONLY|O_CLOEXEC) = 3
[pid 185590] 14:15:50.318872 openat(AT_FDCWD, "/usr/share/fonts/truetype/glyphicons/glyphicons-halflings-regular.ttf", O_RDONLY|O_CLOEXEC) = 3
[pid 185590] 14:15:50.319033 openat(AT_FDCWD, "/usr/share/fonts/truetype/gfonts/alegreya/alegreya-v13-latin-700.ttf", O_RDONLY|O_CLOEXEC) = 3
[pid 185590] 14:15:50.319186 openat(AT_FDCWD, "/usr/share/fonts/truetype/gfonts/alegreya/alegreya-v13-latin-italic.ttf", O_RDONLY|O_CLOEXEC) = 3
[pid 185590] 14:15:50.319337 openat(AT_FDCWD, "/usr/share/fonts/truetype/gfonts/alegreya/alegreya-v13-latin-regular.ttf", O_RDONLY|O_CLOEXEC) = 3
[pid 185590] 14:15:50.319487 openat(AT_FDCWD, "/usr/share/fonts/truetype/gfonts/baloo/baloo-2-v1-latin-regular.ttf", O_RDONLY|O_CLOEXEC) = 3
[pid 185590] 14:15:50.319640 openat(AT_FDCWD, "/usr/share/fonts/truetype/gfonts/happy-monkey/happy-monkey-v8-latin-regular.ttf", O_RDONLY|O_CLOEXEC) = 3
[pid 185590] 14:15:50.319790 openat(AT_FDCWD, "/usr/share/fonts/truetype/gfonts/henny-penny/henny-penny-v7-latin-regular.ttf", O_RDONLY|O_CLOEXEC) = 3
[pid 185590] 14:15:50.319946 openat(AT_FDCWD, "/usr/share/fonts/truetype/gfonts/lato/lato-v16-latin-300italic.ttf", O_RDONLY|O_CLOEXEC) = 3
[pid 185590] 14:15:50.320098 openat(AT_FDCWD, "/usr/share/fonts/truetype/gfonts/lato/lato-v16-latin-700.ttf", O_RDONLY|O_CLOEXEC) = 3
[pid 185590] 14:15:50.320246 openat(AT_FDCWD, "/usr/share/fonts/truetype/gfonts/lato/lato-v16-latin-regular.ttf", O_RDONLY|O_CLOEXEC) = 3
[pid 185590] 14:15:50.320396 openat(AT_FDCWD, "/usr/share/fonts/truetype/gfonts/montserrat/montserrat-v14-latin-300italic.ttf", O_RDONLY|O_CLOEXEC) = 3
[pid 185590] 14:15:50.320544 openat(AT_FDCWD, "/usr/share/fonts/truetype/gfonts/montserrat/montserrat-v14-latin-700.ttf", O_RDONLY|O_CLOEXEC) = 3
[pid 185590] 14:15:50.320691 openat(AT_FDCWD, "/usr/share/fonts/truetype/gfonts/montserrat/montserrat-v14-latin-regular.ttf", O_RDONLY|O_CLOEXEC) = 3
[pid 185590] 14:15:50.320839 openat(AT_FDCWD, "/usr/share/fonts/truetype/gfonts/nunito-sans/nunito-sans-v5-latin-700.ttf", O_RDONLY|O_CLOEXEC) = 3
[pid 185590] 14:15:50.320993 openat(AT_FDCWD, "/usr/share/fonts/truetype/gfonts/nunito-sans/nunito-sans-v5-latin-italic.ttf", O_RDONLY|O_CLOEXEC) = 3
[pid 185590] 14:15:50.321141 openat(AT_FDCWD, "/usr/share/fonts/truetype/gfonts/nunito-sans/nunito-sans-v5-latin-regular.ttf", O_RDONLY|O_CLOEXEC) = 3
[pid 185590] 14:15:50.321287 openat(AT_FDCWD, "/usr/share/fonts/truetype/gfonts/roboto/roboto-v20-latin-300italic.ttf", O_RDONLY|O_CLOEXEC) = 3
[pid 185590] 14:15:50.321439 openat(AT_FDCWD, "/usr/share/fonts/truetype/gfonts/roboto/roboto-v20-latin-700.ttf", O_RDONLY|O_CLOEXEC) = 3
[pid 185590] 14:15:50.321603 openat(AT_FDCWD, "/usr/share/fonts/truetype/gfonts/roboto/roboto-v20-latin-regular.ttf", O_RDONLY|O_CLOEXEC) = 3
[pid 185590] 14:15:50.321751 openat(AT_FDCWD, "/usr/share/fonts/truetype/ttf-bitstream-vera/Vera.ttf", O_RDONLY|O_CLOEXEC) = 3
[pid 185590] 14:15:50.321906 openat(AT_FDCWD, "/usr/share/fonts/truetype/ttf-bitstream-vera/VeraBI.ttf", O_RDONLY|O_CLOEXEC) = 3
[pid 185590] 14:15:50.322056 openat(AT_FDCWD, "/usr/share/fonts/truetype/ttf-bitstream-vera/VeraBd.ttf", O_RDONLY|O_CLOEXEC) = 3
[pid 185590] 14:15:50.322202 openat(AT_FDCWD, "/usr/share/fonts/truetype/ttf-bitstream-vera/VeraIt.ttf", O_RDONLY|O_CLOEXEC) = 3
[pid 185590] 14:15:50.322349 openat(AT_FDCWD, "/usr/share/fonts/truetype/ttf-bitstream-vera/VeraMoBI.ttf", O_RDONLY|O_CLOEXEC) = 3
[pid 185590] 14:15:50.322496 openat(AT_FDCWD, "/usr/share/fonts/truetype/ttf-bitstream-vera/VeraMoBd.ttf", O_RDONLY|O_CLOEXEC) = 3
[pid 185590] 14:15:50.322642 openat(AT_FDCWD, "/usr/share/fonts/truetype/ttf-bitstream-vera/VeraMoIt.ttf", O_RDONLY|O_CLOEXEC) = 3
[pid 185590] 14:15:50.322788 openat(AT_FDCWD, "/usr/share/fonts/truetype/ttf-bitstream-vera/VeraMono.ttf", O_RDONLY|O_CLOEXEC) = 3
[pid 185590] 14:15:50.322938 openat(AT_FDCWD, "/usr/share/fonts/truetype/ttf-bitstream-vera/VeraSe.ttf", O_RDONLY|O_CLOEXEC) = 3
[pid 185590] 14:15:50.323085 openat(AT_FDCWD, "/usr/share/fonts/truetype/ttf-bitstream-vera/VeraSeBd.ttf", O_RDONLY|O_CLOEXEC) = 3
[pid 185590] 14:15:50.323232 openat(AT_FDCWD, "/home/dikluwe/.local/share/fonts/AdwaitaMono/AdwaitaMonoNerdFont-BoldItalic.ttf", O_RDONLY|O_CLOEXEC) = 3
[pid 185590] 14:15:50.323743 openat(AT_FDCWD, "/home/dikluwe/.local/share/fonts/AdwaitaMono/AdwaitaMonoNerdFontMono-Regular.ttf", O_RDONLY|O_CLOEXEC) = 3
[pid 185590] 14:15:50.324246 openat(AT_FDCWD, "/home/dikluwe/.local/share/fonts/AdwaitaMono/AdwaitaMonoNerdFont-Regular.ttf", O_RDONLY|O_CLOEXEC) = 3
[pid 185590] 14:15:50.324741 openat(AT_FDCWD, "/home/dikluwe/.local/share/fonts/AdwaitaMono/AdwaitaMonoNerdFontPropo-Regular.ttf", O_RDONLY|O_CLOEXEC) = 3
[pid 185590] 14:15:50.325243 openat(AT_FDCWD, "/home/dikluwe/.local/share/fonts/AdwaitaMono/AdwaitaMonoNerdFontMono-BoldItalic.ttf", O_RDONLY|O_CLOEXEC) = 3
[pid 185590] 14:15:50.325732 openat(AT_FDCWD, "/home/dikluwe/.local/share/fonts/AdwaitaMono/AdwaitaMonoNerdFont-Bold.ttf", O_RDONLY|O_CLOEXEC) = 3
[pid 185590] 14:15:50.326229 openat(AT_FDCWD, "/home/dikluwe/.local/share/fonts/AdwaitaMono/AdwaitaMonoNerdFontPropo-Italic.ttf", O_RDONLY|O_CLOEXEC) = 3
[pid 185590] 14:15:50.326823 openat(AT_FDCWD, "/home/dikluwe/.local/share/fonts/AdwaitaMono/AdwaitaMonoNerdFontPropo-Bold.ttf", O_RDONLY|O_CLOEXEC) = 3
[pid 185590] 14:15:50.327401 openat(AT_FDCWD, "/home/dikluwe/.local/share/fonts/AdwaitaMono/AdwaitaMonoNerdFontPropo-BoldItalic.ttf", O_RDONLY|O_CLOEXEC) = 3
[pid 185590] 14:15:50.327977 openat(AT_FDCWD, "/home/dikluwe/.local/share/fonts/AdwaitaMono/AdwaitaMonoNerdFont-Italic.ttf", O_RDONLY|O_CLOEXEC) = 3
[pid 185590] 14:15:50.328452 openat(AT_FDCWD, "/home/dikluwe/.local/share/fonts/AdwaitaMono/AdwaitaMonoNerdFontMono-Italic.ttf", O_RDONLY|O_CLOEXEC) = 3
[pid 185590] 14:15:50.328926 openat(AT_FDCWD, "/home/dikluwe/.local/share/fonts/AdwaitaMono/AdwaitaMonoNerdFontMono-Bold.ttf", O_RDONLY|O_CLOEXEC) = 3
[pid 185590] 14:15:50.329384 openat(AT_FDCWD, "/home/dikluwe/.local/share/fonts/Agave/AgaveNerdFont-Bold.ttf", O_RDONLY|O_CLOEXEC) = 3
[pid 185590] 14:15:50.329745 openat(AT_FDCWD, "/home/dikluwe/.local/share/fonts/Agave/AgaveNerdFontMono-Regular.ttf", O_RDONLY|O_CLOEXEC) = 3
[pid 185590] 14:15:50.330161 openat(AT_FDCWD, "/home/dikluwe/.local/share/fonts/Agave/AgaveNerdFontMono-Bold.ttf", O_RDONLY|O_CLOEXEC) = 3
[pid 185590] 14:15:50.330506 openat(AT_FDCWD, "/home/dikluwe/.local/share/fonts/Agave/AgaveNerdFontPropo-Bold.ttf", O_RDONLY|O_CLOEXEC) = 3
[pid 185590] 14:15:50.330845 openat(AT_FDCWD, "/home/dikluwe/.local/share/fonts/Agave/AgaveNerdFont-Regular.ttf", O_RDONLY|O_CLOEXEC) = 3
[pid 185590] 14:15:50.331298 openat(AT_FDCWD, "/home/dikluwe/.local/share/fonts/Agave/AgaveNerdFontPropo-Regular.ttf", O_RDONLY|O_CLOEXEC) = 3
[pid 185590] 14:15:50.331710 openat(AT_FDCWD, "/home/dikluwe/.local/share/fonts/Arimo/ArimoNerdFont-Italic.ttf", O_RDONLY|O_CLOEXEC) = 3
[pid 185590] 14:15:50.332171 openat(AT_FDCWD, "/home/dikluwe/.local/share/fonts/Arimo/ArimoNerdFontPropo-Italic.ttf", O_RDONLY|O_CLOEXEC) = 3
[pid 185590] 14:15:50.332596 openat(AT_FDCWD, "/home/dikluwe/.local/share/fonts/Arimo/ArimoNerdFont-BoldItalic.ttf", O_RDONLY|O_CLOEXEC) = 3
[pid 185590] 14:15:50.333154 openat(AT_FDCWD, "/home/dikluwe/.local/share/fonts/Arimo/ArimoNerdFontPropo-BoldItalic.ttf", O_RDONLY|O_CLOEXEC) = 3
[pid 185590] 14:15:50.333630 openat(AT_FDCWD, "/home/dikluwe/.local/share/fonts/Arimo/ArimoNerdFontPropo-Regular.ttf", O_RDONLY|O_CLOEXEC) = 3
[pid 185590] 14:15:50.334096 openat(AT_FDCWD, "/home/dikluwe/.local/share/fonts/Arimo/ArimoNerdFont-Regular.ttf", O_RDONLY|O_CLOEXEC) = 3
[pid 185590] 14:15:50.334559 openat(AT_FDCWD, "/home/dikluwe/.local/share/fonts/Arimo/ArimoNerdFontPropo-Bold.ttf", O_RDONLY|O_CLOEXEC) = 3
[pid 185590] 14:15:50.335073 openat(AT_FDCWD, "/home/dikluwe/.local/share/fonts/Arimo/ArimoNerdFont-Bold.ttf", O_RDONLY|O_CLOEXEC) = 3
[pid 185590] 14:15:50.335567 openat(AT_FDCWD, "/home/dikluwe/.local/share/fonts/CodeNewRoman/CodeNewRomanNerdFont-Italic.otf", O_RDONLY|O_CLOEXEC) = 3
[pid 185590] 14:15:50.336007 openat(AT_FDCWD, "/home/dikluwe/.local/share/fonts/CodeNewRoman/CodeNewRomanNerdFontPropo-Italic.otf", O_RDONLY|O_CLOEXEC) = 3
[pid 185590] 14:15:50.336455 openat(AT_FDCWD, "/home/dikluwe/.local/share/fonts/CodeNewRoman/CodeNewRomanNerdFontMono-Italic.otf", O_RDONLY|O_CLOEXEC) = 3
[pid 185590] 14:15:50.336870 openat(AT_FDCWD, "/home/dikluwe/.local/share/fonts/CodeNewRoman/CodeNewRomanNerdFontPropo-Regular.otf", O_RDONLY|O_CLOEXEC) = 3
[pid 185590] 14:15:50.337324 openat(AT_FDCWD, "/home/dikluwe/.local/share/fonts/CodeNewRoman/CodeNewRomanNerdFontMono-Regular.otf", O_RDONLY|O_CLOEXEC) = 3
[pid 185590] 14:15:50.337738 openat(AT_FDCWD, "/home/dikluwe/.local/share/fonts/CodeNewRoman/CodeNewRomanNerdFont-Regular.otf", O_RDONLY|O_CLOEXEC) = 3
[pid 185590] 14:15:50.338173 openat(AT_FDCWD, "/home/dikluwe/.local/share/fonts/CodeNewRoman/CodeNewRomanNerdFont-Bold.otf", O_RDONLY|O_CLOEXEC) = 3
[pid 185590] 14:15:50.338588 openat(AT_FDCWD, "/home/dikluwe/.local/share/fonts/CodeNewRoman/CodeNewRomanNerdFontPropo-Bold.otf", O_RDONLY|O_CLOEXEC) = 3
[pid 185590] 14:15:50.339011 openat(AT_FDCWD, "/home/dikluwe/.local/share/fonts/CodeNewRoman/CodeNewRomanNerdFontMono-Bold.otf", O_RDONLY|O_CLOEXEC) = 3
[pid 185590] 14:15:50.339423 openat(AT_FDCWD, "/home/dikluwe/.local/share/fonts/CommitMono/CommitMonoNerdFontMono-BoldItalic.otf", O_RDONLY|O_CLOEXEC) = 3
[pid 185590] 14:15:50.339780 openat(AT_FDCWD, "/home/dikluwe/.local/share/fonts/CommitMono/CommitMonoNerdFontPropo-Regular.otf", O_RDONLY|O_CLOEXEC) = 3
[pid 185590] 14:15:50.340159 openat(AT_FDCWD, "/home/dikluwe/.local/share/fonts/CommitMono/CommitMonoNerdFont-Regular.otf", O_RDONLY|O_CLOEXEC) = 3
[pid 185590] 14:15:50.340512 openat(AT_FDCWD, "/home/dikluwe/.local/share/fonts/CommitMono/CommitMonoNerdFontMono-Regular.otf", O_RDONLY|O_CLOEXEC) = 3
[pid 185590] 14:15:50.340861 openat(AT_FDCWD, "/home/dikluwe/.local/share/fonts/CommitMono/CommitMonoNerdFont-Italic.otf", O_RDONLY|O_CLOEXEC) = 3
[pid 185590] 14:15:50.341229 openat(AT_FDCWD, "/home/dikluwe/.local/share/fonts/CommitMono/CommitMonoNerdFontMono-Bold.otf", O_RDONLY|O_CLOEXEC) = 3
[pid 185590] 14:15:50.341590 openat(AT_FDCWD, "/home/dikluwe/.local/share/fonts/CommitMono/CommitMonoNerdFontPropo-Italic.otf", O_RDONLY|O_CLOEXEC) = 3
[pid 185590] 14:15:50.341966 openat(AT_FDCWD, "/home/dikluwe/.local/share/fonts/CommitMono/CommitMonoNerdFont-Bold.otf", O_RDONLY|O_CLOEXEC) = 3
[pid 185590] 14:15:50.342328 openat(AT_FDCWD, "/home/dikluwe/.local/share/fonts/CommitMono/CommitMonoNerdFontPropo-Bold.otf", O_RDONLY|O_CLOEXEC) = 3
[pid 185590] 14:15:50.342677 openat(AT_FDCWD, "/home/dikluwe/.local/share/fonts/CommitMono/CommitMonoNerdFont-BoldItalic.otf", O_RDONLY|O_CLOEXEC) = 3
[pid 185590] 14:15:50.343074 openat(AT_FDCWD, "/home/dikluwe/.local/share/fonts/CommitMono/CommitMonoNerdFontPropo-BoldItalic.otf", O_RDONLY|O_CLOEXEC) = 3
[pid 185590] 14:15:50.343505 openat(AT_FDCWD, "/home/dikluwe/.local/share/fonts/CommitMono/CommitMonoNerdFontMono-Italic.otf", O_RDONLY|O_CLOEXEC) = 3
[pid 185590] 14:15:50.343884 openat(AT_FDCWD, "/home/dikluwe/.local/share/fonts/FiraCode/FiraCodeNerdFontMono-SemiBold.ttf", O_RDONLY|O_CLOEXEC) = 3
[pid 185590] 14:15:50.344300 openat(AT_FDCWD, "/home/dikluwe/.local/share/fonts/FiraCode/FiraCodeNerdFont-SemiBold.ttf", O_RDONLY|O_CLOEXEC) = 3
[pid 185590] 14:15:50.344685 openat(AT_FDCWD, "/home/dikluwe/.local/share/fonts/FiraCode/FiraCodeNerdFontPropo-SemiBold.ttf", O_RDONLY|O_CLOEXEC) = 3
[pid 185590] 14:15:50.345056 openat(AT_FDCWD, "/home/dikluwe/.local/share/fonts/FiraCode/FiraCodeNerdFontPropo-Regular.ttf", O_RDONLY|O_CLOEXEC) = 3
[pid 185590] 14:15:50.345425 openat(AT_FDCWD, "/home/dikluwe/.local/share/fonts/FiraCode/FiraCodeNerdFont-Regular.ttf", O_RDONLY|O_CLOEXEC) = 3
[pid 185590] 14:15:50.345792 openat(AT_FDCWD, "/home/dikluwe/.local/share/fonts/FiraCode/FiraCodeNerdFontMono-Regular.ttf", O_RDONLY|O_CLOEXEC) = 3
[pid 185590] 14:15:50.346164 openat(AT_FDCWD, "/home/dikluwe/.local/share/fonts/FiraCode/FiraCodeNerdFontPropo-Retina.ttf", O_RDONLY|O_CLOEXEC) = 3
[pid 185590] 14:15:50.346531 openat(AT_FDCWD, "/home/dikluwe/.local/share/fonts/FiraCode/FiraCodeNerdFontMono-Retina.ttf", O_RDONLY|O_CLOEXEC) = 3
[pid 185590] 14:15:50.346899 openat(AT_FDCWD, "/home/dikluwe/.local/share/fonts/FiraCode/FiraCodeNerdFont-Retina.ttf", O_RDONLY|O_CLOEXEC) = 3
[pid 185590] 14:15:50.347276 openat(AT_FDCWD, "/home/dikluwe/.local/share/fonts/FiraCode/FiraCodeNerdFontMono-Medium.ttf", O_RDONLY|O_CLOEXEC) = 3
[pid 185590] 14:15:50.347643 openat(AT_FDCWD, "/home/dikluwe/.local/share/fonts/FiraCode/FiraCodeNerdFont-Medium.ttf", O_RDONLY|O_CLOEXEC) = 3
[pid 185590] 14:15:50.348015 openat(AT_FDCWD, "/home/dikluwe/.local/share/fonts/FiraCode/FiraCodeNerdFontPropo-Medium.ttf", O_RDONLY|O_CLOEXEC) = 3
[pid 185590] 14:15:50.348385 openat(AT_FDCWD, "/home/dikluwe/.local/share/fonts/FiraCode/FiraCodeNerdFont-Bold.ttf", O_RDONLY|O_CLOEXEC) = 3
[pid 185590] 14:15:50.348753 openat(AT_FDCWD, "/home/dikluwe/.local/share/fonts/FiraCode/FiraCodeNerdFontMono-Bold.ttf", O_RDONLY|O_CLOEXEC) = 3
[pid 185590] 14:15:50.349148 openat(AT_FDCWD, "/home/dikluwe/.local/share/fonts/FiraCode/FiraCodeNerdFontPropo-Bold.ttf", O_RDONLY|O_CLOEXEC) = 3
[pid 185590] 14:15:50.349617 openat(AT_FDCWD, "/home/dikluwe/.local/share/fonts/FiraCode/FiraCodeNerdFontMono-Light.ttf", O_RDONLY|O_CLOEXEC) = 3
[pid 185590] 14:15:50.350060 openat(AT_FDCWD, "/home/dikluwe/.local/share/fonts/FiraCode/FiraCodeNerdFont-Light.ttf", O_RDONLY|O_CLOEXEC) = 3
[pid 185590] 14:15:50.350495 openat(AT_FDCWD, "/home/dikluwe/.local/share/fonts/FiraCode/FiraCodeNerdFontPropo-Light.ttf", O_RDONLY|O_CLOEXEC) = 3
[pid 185590] 14:15:50.350862 openat(AT_FDCWD, "/home/dikluwe/.local/share/fonts/GeistMono/GeistMonoNerdFontPropo-UltraBlack.otf", O_RDONLY|O_CLOEXEC) = 3
[pid 185590] 14:15:50.351210 openat(AT_FDCWD, "/home/dikluwe/.local/share/fonts/GeistMono/GeistMonoNerdFont-Light.otf", O_RDONLY|O_CLOEXEC) = 3
[pid 185590] 14:15:50.351549 openat(AT_FDCWD, "/home/dikluwe/.local/share/fonts/GeistMono/GeistMonoNerdFontPropo-SemiBold.otf", O_RDONLY|O_CLOEXEC) = 3
[pid 185590] 14:15:50.351884 openat(AT_FDCWD, "/home/dikluwe/.local/share/fonts/GeistMono/GeistMonoNerdFontMono-Medium.otf", O_RDONLY|O_CLOEXEC) = 3
[pid 185590] 14:15:50.352228 openat(AT_FDCWD, "/home/dikluwe/.local/share/fonts/GeistMono/GeistMonoNerdFont-Regular.otf", O_RDONLY|O_CLOEXEC) = 3
[pid 185590] 14:15:50.352592 openat(AT_FDCWD, "/home/dikluwe/.local/share/fonts/GeistMono/GeistMonoNerdFontMono-Bold.otf", O_RDONLY|O_CLOEXEC) = 3
[pid 185590] 14:15:50.352965 openat(AT_FDCWD, "/home/dikluwe/.local/share/fonts/GeistMono/GeistMonoNerdFontPropo-Black.otf", O_RDONLY|O_CLOEXEC) = 3
[pid 185590] 14:15:50.353337 openat(AT_FDCWD, "/home/dikluwe/.local/share/fonts/GeistMono/GeistMonoNerdFontPropo-Light.otf", O_RDONLY|O_CLOEXEC) = 3
[pid 185590] 14:15:50.353694 openat(AT_FDCWD, "/home/dikluwe/.local/share/fonts/GeistMono/GeistMonoNerdFontMono-Regular.otf", O_RDONLY|O_CLOEXEC) = 3
[pid 185590] 14:15:50.354109 openat(AT_FDCWD, "/home/dikluwe/.local/share/fonts/GeistMono/GeistMonoNerdFont-SemiBold.otf", O_RDONLY|O_CLOEXEC) = 3
[pid 185590] 14:15:50.354518 openat(AT_FDCWD, "/home/dikluwe/.local/share/fonts/GeistMono/GeistMonoNerdFont-UltraBlack.otf", O_RDONLY|O_CLOEXEC) = 3
[pid 185590] 14:15:50.354911 openat(AT_FDCWD, "/home/dikluwe/.local/share/fonts/GeistMono/GeistMonoNerdFontMono-UltraBlack.otf", O_RDONLY|O_CLOEXEC) = 3
[pid 185590] 14:15:50.355295 openat(AT_FDCWD, "/home/dikluwe/.local/share/fonts/GeistMono/GeistMonoNerdFont-Black.otf", O_RDONLY|O_CLOEXEC) = 3
[pid 185590] 14:15:50.355669 openat(AT_FDCWD, "/home/dikluwe/.local/share/fonts/GeistMono/GeistMonoNerdFont-UltraLight.otf", O_RDONLY|O_CLOEXEC) = 3
[pid 185590] 14:15:50.356035 openat(AT_FDCWD, "/home/dikluwe/.local/share/fonts/GeistMono/GeistMonoNerdFontPropo-UltraLight.otf", O_RDONLY|O_CLOEXEC) = 3
[pid 185590] 14:15:50.356387 openat(AT_FDCWD, "/home/dikluwe/.local/share/fonts/GeistMono/GeistMonoNerdFontPropo-Medium.otf", O_RDONLY|O_CLOEXEC) = 3
[pid 185590] 14:15:50.356743 openat(AT_FDCWD, "/home/dikluwe/.local/share/fonts/GeistMono/GeistMonoNerdFontMono-Thin.otf", O_RDONLY|O_CLOEXEC) = 3
[pid 185590] 14:15:50.357105 openat(AT_FDCWD, "/home/dikluwe/.local/share/fonts/GeistMono/GeistMonoNerdFont-Bold.otf", O_RDONLY|O_CLOEXEC) = 3
[pid 185590] 14:15:50.357461 openat(AT_FDCWD, "/home/dikluwe/.local/share/fonts/GeistMono/GeistMonoNerdFontMono-Light.otf", O_RDONLY|O_CLOEXEC) = 3
[pid 185590] 14:15:50.357827 openat(AT_FDCWD, "/home/dikluwe/.local/share/fonts/GeistMono/GeistMonoNerdFontMono-Black.otf", O_RDONLY|O_CLOEXEC) = 3
[pid 185590] 14:15:50.358192 openat(AT_FDCWD, "/home/dikluwe/.local/share/fonts/GeistMono/GeistMonoNerdFontMono-UltraLight.otf", O_RDONLY|O_CLOEXEC) = 3
[pid 185590] 14:15:50.358552 openat(AT_FDCWD, "/home/dikluwe/.local/share/fonts/GeistMono/GeistMonoNerdFontPropo-Regular.otf", O_RDONLY|O_CLOEXEC) = 3
[pid 185590] 14:15:50.358912 openat(AT_FDCWD, "/home/dikluwe/.local/share/fonts/GeistMono/GeistMonoNerdFont-Medium.otf", O_RDONLY|O_CLOEXEC) = 3
[pid 185590] 14:15:50.359273 openat(AT_FDCWD, "/home/dikluwe/.local/share/fonts/GeistMono/GeistMonoNerdFont-Thin.otf", O_RDONLY|O_CLOEXEC) = 3
[pid 185590] 14:15:50.359632 openat(AT_FDCWD, "/home/dikluwe/.local/share/fonts/GeistMono/GeistMonoNerdFontMono-SemiBold.otf", O_RDONLY|O_CLOEXEC) = 3
[pid 185590] 14:15:50.359997 openat(AT_FDCWD, "/home/dikluwe/.local/share/fonts/GeistMono/GeistMonoNerdFontPropo-Thin.otf", O_RDONLY|O_CLOEXEC) = 3
[pid 185590] 14:15:50.360355 openat(AT_FDCWD, "/home/dikluwe/.local/share/fonts/GeistMono/GeistMonoNerdFontPropo-Bold.otf", O_RDONLY|O_CLOEXEC) = 3
[pid 185590] 14:15:50.360713 openat(AT_FDCWD, "/home/dikluwe/.local/share/fonts/IosevkaTermSlab/IosevkaTermSlabNerdFont-LightOblique.ttf", O_RDONLY|O_CLOEXEC) = 3
[pid 185590] 14:15:50.361231 openat(AT_FDCWD, "/home/dikluwe/.local/share/fonts/IosevkaTermSlab/IosevkaTermSlabNerdFontMono-Italic.ttf", O_RDONLY|O_CLOEXEC) = 3
[pid 185590] 14:15:50.361733 openat(AT_FDCWD, "/home/dikluwe/.local/share/fonts/IosevkaTermSlab/IosevkaTermSlabNerdFontPropo-ExtraBoldItalic.ttf", O_RDONLY|O_CLOEXEC) = 3
[pid 185590] 14:15:50.362413 openat(AT_FDCWD, "/home/dikluwe/.local/share/fonts/IosevkaTermSlab/IosevkaTermSlabNerdFontMono-Medium.ttf", O_RDONLY|O_CLOEXEC) = 3
[pid 185590] 14:15:50.363039 openat(AT_FDCWD, "/home/dikluwe/.local/share/fonts/IosevkaTermSlab/IosevkaTermSlabNerdFontMono-Regular.ttf", O_RDONLY|O_CLOEXEC) = 3
[pid 185590] 14:15:50.363635 openat(AT_FDCWD, "/home/dikluwe/.local/share/fonts/IosevkaTermSlab/IosevkaTermSlabNerdFont-Italic.ttf", O_RDONLY|O_CLOEXEC) = 3
[pid 185590] 14:15:50.364242 openat(AT_FDCWD, "/home/dikluwe/.local/share/fonts/IosevkaTermSlab/IosevkaTermSlabNerdFontMono-ExtraBold.ttf", O_RDONLY|O_CLOEXEC) = 3
[pid 185590] 14:15:50.364899 openat(AT_FDCWD, "/home/dikluwe/.local/share/fonts/IosevkaTermSlab/IosevkaTermSlabNerdFont-Medium.ttf", O_RDONLY|O_CLOEXEC) = 3
[pid 185590] 14:15:50.365554 openat(AT_FDCWD, "/home/dikluwe/.local/share/fonts/IosevkaTermSlab/IosevkaTermSlabNerdFont-BoldItalic.ttf", O_RDONLY|O_CLOEXEC) = 3
[pid 185590] 14:15:50.366173 openat(AT_FDCWD, "/home/dikluwe/.local/share/fonts/IosevkaTermSlab/IosevkaTermSlabNerdFontMono-Oblique.ttf", O_RDONLY|O_CLOEXEC) = 3
[pid 185590] 14:15:50.366748 openat(AT_FDCWD, "/home/dikluwe/.local/share/fonts/IosevkaTermSlab/IosevkaTermSlabNerdFont-Regular.ttf", O_RDONLY|O_CLOEXEC) = 3
[pid 185590] 14:15:50.367346 openat(AT_FDCWD, "/home/dikluwe/.local/share/fonts/IosevkaTermSlab/IosevkaTermSlabNerdFont-ExtraBoldOblique.ttf", O_RDONLY|O_CLOEXEC) = 3
[pid 185590] 14:15:50.367897 openat(AT_FDCWD, "/home/dikluwe/.local/share/fonts/IosevkaTermSlab/IosevkaTermSlabNerdFontPropo-BoldItalic.ttf", O_RDONLY|O_CLOEXEC) = 3
[pid 185590] 14:15:50.368414 openat(AT_FDCWD, "/home/dikluwe/.local/share/fonts/IosevkaTermSlab/IosevkaTermSlabNerdFont-MediumOblique.ttf", O_RDONLY|O_CLOEXEC) = 3
[pid 185590] 14:15:50.368921 openat(AT_FDCWD, "/home/dikluwe/.local/share/fonts/IosevkaTermSlab/IosevkaTermSlabNerdFontPropo-ExtraBoldOblique.ttf", O_RDONLY|O_CLOEXEC) = 3
[pid 185590] 14:15:50.369447 openat(AT_FDCWD, "/home/dikluwe/.local/share/fonts/IosevkaTermSlab/IosevkaTermSlabNerdFont-Light.ttf", O_RDONLY|O_CLOEXEC) = 3
[pid 185590] 14:15:50.369951 openat(AT_FDCWD, "/home/dikluwe/.local/share/fonts/IosevkaTermSlab/IosevkaTermSlabNerdFontMono-Light.ttf", O_RDONLY|O_CLOEXEC) = 3
[pid 185590] 14:15:50.370469 openat(AT_FDCWD, "/home/dikluwe/.local/share/fonts/IosevkaTermSlab/IosevkaTermSlabNerdFontPropo-LightOblique.ttf", O_RDONLY|O_CLOEXEC) = 3
[pid 185590] 14:15:50.370979 openat(AT_FDCWD, "/home/dikluwe/.local/share/fonts/IosevkaTermSlab/IosevkaTermSlabNerdFontPropo-MediumOblique.ttf", O_RDONLY|O_CLOEXEC) = 3
[pid 185590] 14:15:50.371484 openat(AT_FDCWD, "/home/dikluwe/.local/share/fonts/IosevkaTermSlab/IosevkaTermSlabNerdFontPropo-MediumItalic.ttf", O_RDONLY|O_CLOEXEC) = 3
[pid 185590] 14:15:50.371993 openat(AT_FDCWD, "/home/dikluwe/.local/share/fonts/IosevkaTermSlab/IosevkaTermSlabNerdFontMono-LightItalic.ttf", O_RDONLY|O_CLOEXEC) = 3
[pid 185590] 14:15:50.372494 openat(AT_FDCWD, "/home/dikluwe/.local/share/fonts/IosevkaTermSlab/IosevkaTermSlabNerdFontMono-BoldOblique.ttf", O_RDONLY|O_CLOEXEC) = 3
[pid 185590] 14:15:50.373005 openat(AT_FDCWD, "/home/dikluwe/.local/share/fonts/IosevkaTermSlab/IosevkaTermSlabNerdFontMono-ExtraBoldOblique.ttf", O_RDONLY|O_CLOEXEC) = 3
[pid 185590] 14:15:50.373498 openat(AT_FDCWD, "/home/dikluwe/.local/share/fonts/IosevkaTermSlab/IosevkaTermSlabNerdFontPropo-LightItalic.ttf", O_RDONLY|O_CLOEXEC) = 3
[pid 185590] 14:15:50.374003 openat(AT_FDCWD, "/home/dikluwe/.local/share/fonts/IosevkaTermSlab/IosevkaTermSlabNerdFont-ExtraBold.ttf", O_RDONLY|O_CLOEXEC) = 3
[pid 185590] 14:15:50.374497 openat(AT_FDCWD, "/home/dikluwe/.local/share/fonts/IosevkaTermSlab/IosevkaTermSlabNerdFont-MediumItalic.ttf", O_RDONLY|O_CLOEXEC) = 3
[pid 185590] 14:15:50.374995 openat(AT_FDCWD, "/home/dikluwe/.local/share/fonts/IosevkaTermSlab/IosevkaTermSlabNerdFontPropo-Light.ttf", O_RDONLY|O_CLOEXEC) = 3
[pid 185590] 14:15:50.375469 openat(AT_FDCWD, "/home/dikluwe/.local/share/fonts/IosevkaTermSlab/IosevkaTermSlabNerdFontPropo-Italic.ttf", O_RDONLY|O_CLOEXEC) = 3
[pid 185590] 14:15:50.375961 openat(AT_FDCWD, "/home/dikluwe/.local/share/fonts/IosevkaTermSlab/IosevkaTermSlabNerdFontMono-MediumOblique.ttf", O_RDONLY|O_CLOEXEC) = 3
[pid 185590] 14:15:50.376425 openat(AT_FDCWD, "/home/dikluwe/.local/share/fonts/IosevkaTermSlab/IosevkaTermSlabNerdFontPropo-Medium.ttf", O_RDONLY|O_CLOEXEC) = 3
[pid 185590] 14:15:50.376898 openat(AT_FDCWD, "/home/dikluwe/.local/share/fonts/IosevkaTermSlab/IosevkaTermSlabNerdFontMono-MediumItalic.ttf", O_RDONLY|O_CLOEXEC) = 3
[pid 185590] 14:15:50.377380 openat(AT_FDCWD, "/home/dikluwe/.local/share/fonts/IosevkaTermSlab/IosevkaTermSlabNerdFontPropo-Regular.ttf", O_RDONLY|O_CLOEXEC) = 3
[pid 185590] 14:15:50.377856 openat(AT_FDCWD, "/home/dikluwe/.local/share/fonts/IosevkaTermSlab/IosevkaTermSlabNerdFontMono-Bold.ttf", O_RDONLY|O_CLOEXEC) = 3
[pid 185590] 14:15:50.378330 openat(AT_FDCWD, "/home/dikluwe/.local/share/fonts/IosevkaTermSlab/IosevkaTermSlabNerdFontMono-ExtraBoldItalic.ttf", O_RDONLY|O_CLOEXEC) = 3
[pid 185590] 14:15:50.378941 openat(AT_FDCWD, "/home/dikluwe/.local/share/fonts/IosevkaTermSlab/IosevkaTermSlabNerdFontMono-LightOblique.ttf", O_RDONLY|O_CLOEXEC) = 3
[pid 185590] 14:15:50.379505 openat(AT_FDCWD, "/home/dikluwe/.local/share/fonts/IosevkaTermSlab/IosevkaTermSlabNerdFontPropo-Oblique.ttf", O_RDONLY|O_CLOEXEC) = 3
[pid 185590] 14:15:50.379988 openat(AT_FDCWD, "/home/dikluwe/.local/share/fonts/IosevkaTermSlab/IosevkaTermSlabNerdFont-LightItalic.ttf", O_RDONLY|O_CLOEXEC) = 3
[pid 185590] 14:15:50.380462 openat(AT_FDCWD, "/home/dikluwe/.local/share/fonts/IosevkaTermSlab/IosevkaTermSlabNerdFont-BoldOblique.ttf", O_RDONLY|O_CLOEXEC) = 3
[pid 185590] 14:15:50.380940 openat(AT_FDCWD, "/home/dikluwe/.local/share/fonts/IosevkaTermSlab/IosevkaTermSlabNerdFontPropo-ExtraBold.ttf", O_RDONLY|O_CLOEXEC) = 3
[pid 185590] 14:15:50.381399 openat(AT_FDCWD, "/home/dikluwe/.local/share/fonts/IosevkaTermSlab/IosevkaTermSlabNerdFont-Bold.ttf", O_RDONLY|O_CLOEXEC) = 3
[pid 185590] 14:15:50.381866 openat(AT_FDCWD, "/home/dikluwe/.local/share/fonts/IosevkaTermSlab/IosevkaTermSlabNerdFontPropo-Bold.ttf", O_RDONLY|O_CLOEXEC) = 3
[pid 185590] 14:15:50.382337 openat(AT_FDCWD, "/home/dikluwe/.local/share/fonts/IosevkaTermSlab/IosevkaTermSlabNerdFontMono-BoldItalic.ttf", O_RDONLY|O_CLOEXEC) = 3
[pid 185590] 14:15:50.382803 openat(AT_FDCWD, "/home/dikluwe/.local/share/fonts/IosevkaTermSlab/IosevkaTermSlabNerdFont-ExtraBoldItalic.ttf", O_RDONLY|O_CLOEXEC) = 3
[pid 185590] 14:15:50.383279 openat(AT_FDCWD, "/home/dikluwe/.local/share/fonts/IosevkaTermSlab/IosevkaTermSlabNerdFontPropo-BoldOblique.ttf", O_RDONLY|O_CLOEXEC) = 3
[pid 185590] 14:15:50.383734 openat(AT_FDCWD, "/home/dikluwe/.local/share/fonts/IosevkaTermSlab/IosevkaTermSlabNerdFont-Oblique.ttf", O_RDONLY|O_CLOEXEC) = 3
[pid 185590] 14:15:50.384195 openat(AT_FDCWD, "/home/dikluwe/.local/share/fonts/IosevkaTerm/IosevkaTermNerdFont-SemiBold.ttf", O_RDONLY|O_CLOEXEC) = 3
[pid 185590] 14:15:50.384655 openat(AT_FDCWD, "/home/dikluwe/.local/share/fonts/IosevkaTerm/IosevkaTermNerdFont-Oblique.ttf", O_RDONLY|O_CLOEXEC) = 3
[pid 185590] 14:15:50.385120 openat(AT_FDCWD, "/home/dikluwe/.local/share/fonts/IosevkaTerm/IosevkaTermNerdFont-Italic.ttf", O_RDONLY|O_CLOEXEC) = 3
[pid 185590] 14:15:50.385585 openat(AT_FDCWD, "/home/dikluwe/.local/share/fonts/IosevkaTerm/IosevkaTermNerdFontMono-MediumOblique.ttf", O_RDONLY|O_CLOEXEC) = 3
[pid 185590] 14:15:50.386053 openat(AT_FDCWD, "/home/dikluwe/.local/share/fonts/IosevkaTerm/IosevkaTermNerdFontPropo-ThinItalic.ttf", O_RDONLY|O_CLOEXEC) = 3
[pid 185590] 14:15:50.386515 openat(AT_FDCWD, "/home/dikluwe/.local/share/fonts/IosevkaTerm/IosevkaTermNerdFontPropo-BoldOblique.ttf", O_RDONLY|O_CLOEXEC) = 3
[pid 185590] 14:15:50.386994 openat(AT_FDCWD, "/home/dikluwe/.local/share/fonts/IosevkaTerm/IosevkaTermNerdFontMono-ExtraLightOblique.ttf", O_RDONLY|O_CLOEXEC) = 3
[pid 185590] 14:15:50.387457 openat(AT_FDCWD, "/home/dikluwe/.local/share/fonts/IosevkaTerm/IosevkaTermNerdFont-ThinItalic.ttf", O_RDONLY|O_CLOEXEC) = 3
[pid 185590] 14:15:50.387924 openat(AT_FDCWD, "/home/dikluwe/.local/share/fonts/IosevkaTerm/IosevkaTermNerdFontPropo-MediumOblique.ttf", O_RDONLY|O_CLOEXEC) = 3
[pid 185590] 14:15:50.388386 openat(AT_FDCWD, "/home/dikluwe/.local/share/fonts/IosevkaTerm/IosevkaTermNerdFontMono-LightOblique.ttf", O_RDONLY|O_CLOEXEC) = 3
[pid 185590] 14:15:50.388844 openat(AT_FDCWD, "/home/dikluwe/.local/share/fonts/IosevkaTerm/IosevkaTermNerdFont-SemiBoldOblique.ttf", O_RDONLY|O_CLOEXEC) = 3
[pid 185590] 14:15:50.389308 openat(AT_FDCWD, "/home/dikluwe/.local/share/fonts/IosevkaTerm/IosevkaTermNerdFontMono-ExtraLight.ttf", O_RDONLY|O_CLOEXEC) = 3
[pid 185590] 14:15:50.389765 openat(AT_FDCWD, "/home/dikluwe/.local/share/fonts/IosevkaTerm/IosevkaTermNerdFontPropo-Italic.ttf", O_RDONLY|O_CLOEXEC) = 3
[pid 185590] 14:15:50.390253 openat(AT_FDCWD, "/home/dikluwe/.local/share/fonts/IosevkaTerm/IosevkaTermNerdFontMono-ThinOblique.ttf", O_RDONLY|O_CLOEXEC) = 3
[pid 185590] 14:15:50.390737 openat(AT_FDCWD, "/home/dikluwe/.local/share/fonts/IosevkaTerm/IosevkaTermNerdFontPropo-Bold.ttf", O_RDONLY|O_CLOEXEC) = 3
[pid 185590] 14:15:50.391337 openat(AT_FDCWD, "/home/dikluwe/.local/share/fonts/IosevkaTerm/IosevkaTermNerdFontMono-MediumItalic.ttf", O_RDONLY|O_CLOEXEC) = 3
[pid 185590] 14:15:50.391918 openat(AT_FDCWD, "/home/dikluwe/.local/share/fonts/IosevkaTerm/IosevkaTermNerdFontMono-ExtraLightItalic.ttf", O_RDONLY|O_CLOEXEC) = 3
[pid 185590] 14:15:50.392479 openat(AT_FDCWD, "/home/dikluwe/.local/share/fonts/IosevkaTerm/IosevkaTermNerdFontMono-SemiBoldItalic.ttf", O_RDONLY|O_CLOEXEC) = 3
[pid 185590] 14:15:50.392981 openat(AT_FDCWD, "/home/dikluwe/.local/share/fonts/IosevkaTerm/IosevkaTermNerdFont-Heavy.ttf", O_RDONLY|O_CLOEXEC) = 3
[pid 185590] 14:15:50.393545 openat(AT_FDCWD, "/home/dikluwe/.local/share/fonts/IosevkaTerm/IosevkaTermNerdFontMono-SemiBoldOblique.ttf", O_RDONLY|O_CLOEXEC) = 3
[pid 185590] 14:15:50.394102 openat(AT_FDCWD, "/home/dikluwe/.local/share/fonts/IosevkaTerm/IosevkaTermNerdFontPropo-Thin.ttf", O_RDONLY|O_CLOEXEC) = 3
[pid 185590] 14:15:50.394646 openat(AT_FDCWD, "/home/dikluwe/.local/share/fonts/IosevkaTerm/IosevkaTermNerdFont-Light.ttf", O_RDONLY|O_CLOEXEC) = 3
[pid 185590] 14:15:50.395112 openat(AT_FDCWD, "/home/dikluwe/.local/share/fonts/IosevkaTerm/IosevkaTermNerdFontMono-ExtraBoldOblique.ttf", O_RDONLY|O_CLOEXEC) = 3
[pid 185590] 14:15:50.395565 openat(AT_FDCWD, "/home/dikluwe/.local/share/fonts/IosevkaTerm/IosevkaTermNerdFontMono-Oblique.ttf", O_RDONLY|O_CLOEXEC) = 3
[pid 185590] 14:15:50.396027 openat(AT_FDCWD, "/home/dikluwe/.local/share/fonts/IosevkaTerm/IosevkaTermNerdFontMono-BoldOblique.ttf", O_RDONLY|O_CLOEXEC) = 3
[pid 185590] 14:15:50.396489 openat(AT_FDCWD, "/home/dikluwe/.local/share/fonts/IosevkaTerm/IosevkaTermNerdFont-SemiBoldItalic.ttf", O_RDONLY|O_CLOEXEC) = 3
[pid 185590] 14:15:50.396955 openat(AT_FDCWD, "/home/dikluwe/.local/share/fonts/IosevkaTerm/IosevkaTermNerdFontMono-Light.ttf", O_RDONLY|O_CLOEXEC) = 3
[pid 185590] 14:15:50.397415 openat(AT_FDCWD, "/home/dikluwe/.local/share/fonts/IosevkaTerm/IosevkaTermNerdFont-ExtraBoldOblique.ttf", O_RDONLY|O_CLOEXEC) = 3
[pid 185590] 14:15:50.397869 openat(AT_FDCWD, "/home/dikluwe/.local/share/fonts/IosevkaTerm/IosevkaTermNerdFontPropo-ExtraBoldItalic.ttf", O_RDONLY|O_CLOEXEC) = 3
[pid 185590] 14:15:50.398392 openat(AT_FDCWD, "/home/dikluwe/.local/share/fonts/IosevkaTerm/IosevkaTermNerdFont-BoldItalic.ttf", O_RDONLY|O_CLOEXEC) = 3
[pid 185590] 14:15:50.398978 openat(AT_FDCWD, "/home/dikluwe/.local/share/fonts/IosevkaTerm/IosevkaTermNerdFontPropo-ThinOblique.ttf", O_RDONLY|O_CLOEXEC) = 3
[pid 185590] 14:15:50.399451 openat(AT_FDCWD, "/home/dikluwe/.local/share/fonts/IosevkaTerm/IosevkaTermNerdFontPropo-ExtraBoldOblique.ttf", O_RDONLY|O_CLOEXEC) = 3
[pid 185590] 14:15:50.399918 openat(AT_FDCWD, "/home/dikluwe/.local/share/fonts/IosevkaTerm/IosevkaTermNerdFontPropo-Regular.ttf", O_RDONLY|O_CLOEXEC) = 3
[pid 185590] 14:15:50.400407 openat(AT_FDCWD, "/home/dikluwe/.local/share/fonts/IosevkaTerm/IosevkaTermNerdFont-HeavyOblique.ttf", O_RDONLY|O_CLOEXEC) = 3
[pid 185590] 14:15:50.400963 openat(AT_FDCWD, "/home/dikluwe/.local/share/fonts/IosevkaTerm/IosevkaTermNerdFont-ExtraBoldItalic.ttf", O_RDONLY|O_CLOEXEC) = 3
[pid 185590] 14:15:50.401528 openat(AT_FDCWD, "/home/dikluwe/.local/share/fonts/IosevkaTerm/IosevkaTermNerdFontPropo-Medium.ttf", O_RDONLY|O_CLOEXEC) = 3
[pid 185590] 14:15:50.402082 openat(AT_FDCWD, "/home/dikluwe/.local/share/fonts/IosevkaTerm/IosevkaTermNerdFontMono-Bold.ttf", O_RDONLY|O_CLOEXEC) = 3
[pid 185590] 14:15:50.402632 openat(AT_FDCWD, "/home/dikluwe/.local/share/fonts/IosevkaTerm/IosevkaTermNerdFontPropo-Oblique.ttf", O_RDONLY|O_CLOEXEC) = 3
[pid 185590] 14:15:50.403124 openat(AT_FDCWD, "/home/dikluwe/.local/share/fonts/IosevkaTerm/IosevkaTermNerdFont-ExtraLight.ttf", O_RDONLY|O_CLOEXEC) = 3
[pid 185590] 14:15:50.403595 openat(AT_FDCWD, "/home/dikluwe/.local/share/fonts/IosevkaTerm/IosevkaTermNerdFontMono-Heavy.ttf", O_RDONLY|O_CLOEXEC) = 3
[pid 185590] 14:15:50.404105 openat(AT_FDCWD, "/home/dikluwe/.local/share/fonts/IosevkaTerm/IosevkaTermNerdFontMono-ExtraBoldItalic.ttf", O_RDONLY|O_CLOEXEC) = 3
[pid 185590] 14:15:50.404597 openat(AT_FDCWD, "/home/dikluwe/.local/share/fonts/IosevkaTerm/IosevkaTermNerdFontPropo-Light.ttf", O_RDONLY|O_CLOEXEC) = 3
[pid 185590] 14:15:50.405063 openat(AT_FDCWD, "/home/dikluwe/.local/share/fonts/IosevkaTerm/IosevkaTermNerdFont-ExtraLightOblique.ttf", O_RDONLY|O_CLOEXEC) = 3
[pid 185590] 14:15:50.405530 openat(AT_FDCWD, "/home/dikluwe/.local/share/fonts/IosevkaTerm/IosevkaTermNerdFontMono-HeavyItalic.ttf", O_RDONLY|O_CLOEXEC) = 3
[pid 185590] 14:15:50.406004 openat(AT_FDCWD, "/home/dikluwe/.local/share/fonts/IosevkaTerm/IosevkaTermNerdFont-ExtraLightItalic.ttf", O_RDONLY|O_CLOEXEC) = 3
[pid 185590] 14:15:50.406472 openat(AT_FDCWD, "/home/dikluwe/.local/share/fonts/IosevkaTerm/IosevkaTermNerdFontMono-HeavyOblique.ttf", O_RDONLY|O_CLOEXEC) = 3
[pid 185590] 14:15:50.406955 openat(AT_FDCWD, "/home/dikluwe/.local/share/fonts/IosevkaTerm/IosevkaTermNerdFontMono-Thin.ttf", O_RDONLY|O_CLOEXEC) = 3
[pid 185590] 14:15:50.407418 openat(AT_FDCWD, "/home/dikluwe/.local/share/fonts/IosevkaTerm/IosevkaTermNerdFont-Thin.ttf", O_RDONLY|O_CLOEXEC) = 3
[pid 185590] 14:15:50.407880 openat(AT_FDCWD, "/home/dikluwe/.local/share/fonts/IosevkaTerm/IosevkaTermNerdFontMono-Medium.ttf", O_RDONLY|O_CLOEXEC) = 3
[pid 185590] 14:15:50.408371 openat(AT_FDCWD, "/home/dikluwe/.local/share/fonts/IosevkaTerm/IosevkaTermNerdFont-LightOblique.ttf", O_RDONLY|O_CLOEXEC) = 3
[pid 185590] 14:15:50.408840 openat(AT_FDCWD, "/home/dikluwe/.local/share/fonts/IosevkaTerm/IosevkaTermNerdFont-Bold.ttf", O_RDONLY|O_CLOEXEC) = 3
[pid 185590] 14:15:50.409329 openat(AT_FDCWD, "/home/dikluwe/.local/share/fonts/IosevkaTerm/IosevkaTermNerdFont-MediumItalic.ttf", O_RDONLY|O_CLOEXEC) = 3
[pid 185590] 14:15:50.409800 openat(AT_FDCWD, "/home/dikluwe/.local/share/fonts/IosevkaTerm/IosevkaTermNerdFontMono-Regular.ttf", O_RDONLY|O_CLOEXEC) = 3
[pid 185590] 14:15:50.410266 openat(AT_FDCWD, "/home/dikluwe/.local/share/fonts/IosevkaTerm/IosevkaTermNerdFontMono-SemiBold.ttf", O_RDONLY|O_CLOEXEC) = 3
[pid 185590] 14:15:50.410736 openat(AT_FDCWD, "/home/dikluwe/.local/share/fonts/IosevkaTerm/IosevkaTermNerdFontPropo-ExtraLightItalic.ttf", O_RDONLY|O_CLOEXEC) = 3
[pid 185590] 14:15:50.411207 openat(AT_FDCWD, "/home/dikluwe/.local/share/fonts/IosevkaTerm/IosevkaTermNerdFontMono-LightItalic.ttf", O_RDONLY|O_CLOEXEC) = 3
[pid 185590] 14:15:50.411674 openat(AT_FDCWD, "/home/dikluwe/.local/share/fonts/IosevkaTerm/IosevkaTermNerdFontMono-ExtraBold.ttf", O_RDONLY|O_CLOEXEC) = 3
[pid 185590] 14:15:50.412151 openat(AT_FDCWD, "/home/dikluwe/.local/share/fonts/IosevkaTerm/IosevkaTermNerdFontPropo-LightOblique.ttf", O_RDONLY|O_CLOEXEC) = 3
[pid 185590] 14:15:50.412616 openat(AT_FDCWD, "/home/dikluwe/.local/share/fonts/IosevkaTerm/IosevkaTermNerdFontPropo-Heavy.ttf", O_RDONLY|O_CLOEXEC) = 3
[pid 185590] 14:15:50.413086 openat(AT_FDCWD, "/home/dikluwe/.local/share/fonts/IosevkaTerm/IosevkaTermNerdFontPropo-HeavyOblique.ttf", O_RDONLY|O_CLOEXEC) = 3
[pid 185590] 14:15:50.413548 openat(AT_FDCWD, "/home/dikluwe/.local/share/fonts/IosevkaTerm/IosevkaTermNerdFontPropo-LightItalic.ttf", O_RDONLY|O_CLOEXEC) = 3
[pid 185590] 14:15:50.414023 openat(AT_FDCWD, "/home/dikluwe/.local/share/fonts/IosevkaTerm/IosevkaTermNerdFontPropo-SemiBoldItalic.ttf", O_RDONLY|O_CLOEXEC) = 3
[pid 185590] 14:15:50.414493 openat(AT_FDCWD, "/home/dikluwe/.local/share/fonts/IosevkaTerm/IosevkaTermNerdFontPropo-ExtraBold.ttf", O_RDONLY|O_CLOEXEC) = 3
[pid 185590] 14:15:50.414971 openat(AT_FDCWD, "/home/dikluwe/.local/share/fonts/IosevkaTerm/IosevkaTermNerdFontPropo-SemiBoldOblique.ttf", O_RDONLY|O_CLOEXEC) = 3
[pid 185590] 14:15:50.415441 openat(AT_FDCWD, "/home/dikluwe/.local/share/fonts/IosevkaTerm/IosevkaTermNerdFontPropo-ExtraLight.ttf", O_RDONLY|O_CLOEXEC) = 3
[pid 185590] 14:15:50.415936 openat(AT_FDCWD, "/home/dikluwe/.local/share/fonts/IosevkaTerm/IosevkaTermNerdFont-ExtraBold.ttf", O_RDONLY|O_CLOEXEC) = 3
[pid 185590] 14:15:50.416431 openat(AT_FDCWD, "/home/dikluwe/.local/share/fonts/IosevkaTerm/IosevkaTermNerdFont-BoldOblique.ttf", O_RDONLY|O_CLOEXEC) = 3
[pid 185590] 14:15:50.416961 openat(AT_FDCWD, "/home/dikluwe/.local/share/fonts/IosevkaTerm/IosevkaTermNerdFontPropo-ExtraLightOblique.ttf", O_RDONLY|O_CLOEXEC) = 3
[pid 185590] 14:15:50.417559 openat(AT_FDCWD, "/home/dikluwe/.local/share/fonts/IosevkaTerm/IosevkaTermNerdFont-Regular.ttf", O_RDONLY|O_CLOEXEC) = 3
[pid 185590] 14:15:50.418128 openat(AT_FDCWD, "/home/dikluwe/.local/share/fonts/IosevkaTerm/IosevkaTermNerdFontMono-Italic.ttf", O_RDONLY|O_CLOEXEC) = 3
[pid 185590] 14:15:50.418726 openat(AT_FDCWD, "/home/dikluwe/.local/share/fonts/IosevkaTerm/IosevkaTermNerdFont-HeavyItalic.ttf", O_RDONLY|O_CLOEXEC) = 3
[pid 185590] 14:15:50.419207 openat(AT_FDCWD, "/home/dikluwe/.local/share/fonts/IosevkaTerm/IosevkaTermNerdFont-Medium.ttf", O_RDONLY|O_CLOEXEC) = 3
[pid 185590] 14:15:50.419669 openat(AT_FDCWD, "/home/dikluwe/.local/share/fonts/IosevkaTerm/IosevkaTermNerdFontMono-BoldItalic.ttf", O_RDONLY|O_CLOEXEC) = 3
[pid 185590] 14:15:50.420151 openat(AT_FDCWD, "/home/dikluwe/.local/share/fonts/IosevkaTerm/IosevkaTermNerdFont-LightItalic.ttf", O_RDONLY|O_CLOEXEC) = 3
[pid 185590] 14:15:50.420623 openat(AT_FDCWD, "/home/dikluwe/.local/share/fonts/IosevkaTerm/IosevkaTermNerdFont-MediumOblique.ttf", O_RDONLY|O_CLOEXEC) = 3
[pid 185590] 14:15:50.421099 openat(AT_FDCWD, "/home/dikluwe/.local/share/fonts/IosevkaTerm/IosevkaTermNerdFontPropo-HeavyItalic.ttf", O_RDONLY|O_CLOEXEC) = 3
[pid 185590] 14:15:50.421568 openat(AT_FDCWD, "/home/dikluwe/.local/share/fonts/IosevkaTerm/IosevkaTermNerdFontPropo-SemiBold.ttf", O_RDONLY|O_CLOEXEC) = 3
[pid 185590] 14:15:50.422042 openat(AT_FDCWD, "/home/dikluwe/.local/share/fonts/IosevkaTerm/IosevkaTermNerdFontMono-ThinItalic.ttf", O_RDONLY|O_CLOEXEC) = 3
[pid 185590] 14:15:50.422509 openat(AT_FDCWD, "/home/dikluwe/.local/share/fonts/IosevkaTerm/IosevkaTermNerdFontPropo-BoldItalic.ttf", O_RDONLY|O_CLOEXEC) = 3
[pid 185590] 14:15:50.422979 openat(AT_FDCWD, "/home/dikluwe/.local/share/fonts/IosevkaTerm/IosevkaTermNerdFont-ThinOblique.ttf", O_RDONLY|O_CLOEXEC) = 3
[pid 185590] 14:15:50.423440 openat(AT_FDCWD, "/home/dikluwe/.local/share/fonts/IosevkaTerm/IosevkaTermNerdFontPropo-MediumItalic.ttf", O_RDONLY|O_CLOEXEC) = 3
[pid 185590] 14:15:50.423941 openat(AT_FDCWD, "/home/dikluwe/.local/share/fonts/Iosevka/IosevkaNerdFont-ExtraLight.ttf", O_RDONLY|O_CLOEXEC) = 3
[pid 185590] 14:15:50.424402 openat(AT_FDCWD, "/home/dikluwe/.local/share/fonts/Iosevka/IosevkaNerdFont-LightItalic.ttf", O_RDONLY|O_CLOEXEC) = 3
[pid 185590] 14:15:50.424865 openat(AT_FDCWD, "/home/dikluwe/.local/share/fonts/Iosevka/IosevkaNerdFontMono-ExtraBoldItalic.ttf", O_RDONLY|O_CLOEXEC) = 3
[pid 185590] 14:15:50.425354 openat(AT_FDCWD, "/home/dikluwe/.local/share/fonts/Iosevka/IosevkaNerdFont-Medium.ttf", O_RDONLY|O_CLOEXEC) = 3
[pid 185590] 14:15:50.425816 openat(AT_FDCWD, "/home/dikluwe/.local/share/fonts/Iosevka/IosevkaNerdFontMono-MediumItalic.ttf", O_RDONLY|O_CLOEXEC) = 3
[pid 185590] 14:15:50.426295 openat(AT_FDCWD, "/home/dikluwe/.local/share/fonts/Iosevka/IosevkaNerdFont-Italic.ttf", O_RDONLY|O_CLOEXEC) = 3
[pid 185590] 14:15:50.426773 openat(AT_FDCWD, "/home/dikluwe/.local/share/fonts/Iosevka/IosevkaNerdFontMono-Light.ttf", O_RDONLY|O_CLOEXEC) = 3
[pid 185590] 14:15:50.427246 openat(AT_FDCWD, "/home/dikluwe/.local/share/fonts/Iosevka/IosevkaNerdFont-ExtraLightItalic.ttf", O_RDONLY|O_CLOEXEC) = 3
[pid 185590] 14:15:50.427706 openat(AT_FDCWD, "/home/dikluwe/.local/share/fonts/Iosevka/IosevkaNerdFont-SemiBoldOblique.ttf", O_RDONLY|O_CLOEXEC) = 3
[pid 185590] 14:15:50.428172 openat(AT_FDCWD, "/home/dikluwe/.local/share/fonts/Iosevka/IosevkaNerdFont-Bold.ttf", O_RDONLY|O_CLOEXEC) = 3
[pid 185590] 14:15:50.428628 openat(AT_FDCWD, "/home/dikluwe/.local/share/fonts/Iosevka/IosevkaNerdFontPropo-SemiBoldOblique.ttf", O_RDONLY|O_CLOEXEC) = 3
[pid 185590] 14:15:50.429098 openat(AT_FDCWD, "/home/dikluwe/.local/share/fonts/Iosevka/IosevkaNerdFontPropo-Oblique.ttf", O_RDONLY|O_CLOEXEC) = 3
[pid 185590] 14:15:50.429553 openat(AT_FDCWD, "/home/dikluwe/.local/share/fonts/Iosevka/IosevkaNerdFontMono-ThinOblique.ttf", O_RDONLY|O_CLOEXEC) = 3
[pid 185590] 14:15:50.430052 openat(AT_FDCWD, "/home/dikluwe/.local/share/fonts/Iosevka/IosevkaNerdFontPropo-SemiBoldItalic.ttf", O_RDONLY|O_CLOEXEC) = 3
[pid 185590] 14:15:50.430521 openat(AT_FDCWD, "/home/dikluwe/.local/share/fonts/Iosevka/IosevkaNerdFontMono-ThinItalic.ttf", O_RDONLY|O_CLOEXEC) = 3
[pid 185590] 14:15:50.431022 openat(AT_FDCWD, "/home/dikluwe/.local/share/fonts/Iosevka/IosevkaNerdFontPropo-ExtraLight.ttf", O_RDONLY|O_CLOEXEC) = 3
[pid 185590] 14:15:50.431524 openat(AT_FDCWD, "/home/dikluwe/.local/share/fonts/Iosevka/IosevkaNerdFont-Oblique.ttf", O_RDONLY|O_CLOEXEC) = 3
[pid 185590] 14:15:50.432019 openat(AT_FDCWD, "/home/dikluwe/.local/share/fonts/Iosevka/IosevkaNerdFont-ExtraBoldItalic.ttf", O_RDONLY|O_CLOEXEC) = 3
[pid 185590] 14:15:50.432514 openat(AT_FDCWD, "/home/dikluwe/.local/share/fonts/Iosevka/IosevkaNerdFontPropo-Italic.ttf", O_RDONLY|O_CLOEXEC) = 3
[pid 185590] 14:15:50.433011 openat(AT_FDCWD, "/home/dikluwe/.local/share/fonts/Iosevka/IosevkaNerdFontMono-Heavy.ttf", O_RDONLY|O_CLOEXEC) = 3
[pid 185590] 14:15:50.433473 openat(AT_FDCWD, "/home/dikluwe/.local/share/fonts/Iosevka/IosevkaNerdFontPropo-ThinItalic.ttf", O_RDONLY|O_CLOEXEC) = 3
[pid 185590] 14:15:50.433942 openat(AT_FDCWD, "/home/dikluwe/.local/share/fonts/Iosevka/IosevkaNerdFontMono-Bold.ttf", O_RDONLY|O_CLOEXEC) = 3
[pid 185590] 14:15:50.434398 openat(AT_FDCWD, "/home/dikluwe/.local/share/fonts/Iosevka/IosevkaNerdFontMono-ExtraBoldOblique.ttf", O_RDONLY|O_CLOEXEC) = 3
[pid 185590] 14:15:50.434857 openat(AT_FDCWD, "/home/dikluwe/.local/share/fonts/Iosevka/IosevkaNerdFontMono-SemiBoldItalic.ttf", O_RDONLY|O_CLOEXEC) = 3
[pid 185590] 14:15:50.435329 openat(AT_FDCWD, "/home/dikluwe/.local/share/fonts/Iosevka/IosevkaNerdFontMono-ExtraBold.ttf", O_RDONLY|O_CLOEXEC) = 3
[pid 185590] 14:15:50.435981 openat(AT_FDCWD, "/home/dikluwe/.local/share/fonts/Iosevka/IosevkaNerdFontPropo-ThinOblique.ttf", O_RDONLY|O_CLOEXEC) = 3
[pid 185590] 14:15:50.436549 openat(AT_FDCWD, "/home/dikluwe/.local/share/fonts/Iosevka/IosevkaNerdFont-ExtraLightOblique.ttf", O_RDONLY|O_CLOEXEC) = 3
[pid 185590] 14:15:50.437110 openat(AT_FDCWD, "/home/dikluwe/.local/share/fonts/Iosevka/IosevkaNerdFontPropo-BoldOblique.ttf", O_RDONLY|O_CLOEXEC) = 3
[pid 185590] 14:15:50.437577 openat(AT_FDCWD, "/home/dikluwe/.local/share/fonts/Iosevka/IosevkaNerdFontPropo-HeavyItalic.ttf", O_RDONLY|O_CLOEXEC) = 3
[pid 185590] 14:15:50.438048 openat(AT_FDCWD, "/home/dikluwe/.local/share/fonts/Iosevka/IosevkaNerdFontPropo-MediumOblique.ttf", O_RDONLY|O_CLOEXEC) = 3
[pid 185590] 14:15:50.438563 openat(AT_FDCWD, "/home/dikluwe/.local/share/fonts/Iosevka/IosevkaNerdFontPropo-MediumItalic.ttf", O_RDONLY|O_CLOEXEC) = 3
[pid 185590] 14:15:50.439034 openat(AT_FDCWD, "/home/dikluwe/.local/share/fonts/Iosevka/IosevkaNerdFontMono-Oblique.ttf", O_RDONLY|O_CLOEXEC) = 3
[pid 185590] 14:15:50.439494 openat(AT_FDCWD, "/home/dikluwe/.local/share/fonts/Iosevka/IosevkaNerdFontMono-BoldItalic.ttf", O_RDONLY|O_CLOEXEC) = 3
[pid 185590] 14:15:50.439959 openat(AT_FDCWD, "/home/dikluwe/.local/share/fonts/Iosevka/IosevkaNerdFontMono-SemiBoldOblique.ttf", O_RDONLY|O_CLOEXEC) = 3
[pid 185590] 14:15:50.440422 openat(AT_FDCWD, "/home/dikluwe/.local/share/fonts/Iosevka/IosevkaNerdFontMono-BoldOblique.ttf", O_RDONLY|O_CLOEXEC) = 3
[pid 185590] 14:15:50.440885 openat(AT_FDCWD, "/home/dikluwe/.local/share/fonts/Iosevka/IosevkaNerdFontMono-Thin.ttf", O_RDONLY|O_CLOEXEC) = 3
[pid 185590] 14:15:50.441523 openat(AT_FDCWD, "/home/dikluwe/.local/share/fonts/Iosevka/IosevkaNerdFontPropo-LightOblique.ttf", O_RDONLY|O_CLOEXEC) = 3
[pid 185590] 14:15:50.442035 openat(AT_FDCWD, "/home/dikluwe/.local/share/fonts/Iosevka/IosevkaNerdFontPropo-Heavy.ttf", O_RDONLY|O_CLOEXEC) = 3
[pid 185590] 14:15:50.442523 openat(AT_FDCWD, "/home/dikluwe/.local/share/fonts/Iosevka/IosevkaNerdFontMono-ExtraLightItalic.ttf", O_RDONLY|O_CLOEXEC) = 3
[pid 185590] 14:15:50.442999 openat(AT_FDCWD, "/home/dikluwe/.local/share/fonts/Iosevka/IosevkaNerdFont-BoldOblique.ttf", O_RDONLY|O_CLOEXEC) = 3
[pid 185590] 14:15:50.443481 openat(AT_FDCWD, "/home/dikluwe/.local/share/fonts/Iosevka/IosevkaNerdFont-Thin.ttf", O_RDONLY|O_CLOEXEC) = 3
[pid 185590] 14:15:50.443952 openat(AT_FDCWD, "/home/dikluwe/.local/share/fonts/Iosevka/IosevkaNerdFont-SemiBoldItalic.ttf", O_RDONLY|O_CLOEXEC) = 3
[pid 185590] 14:15:50.444424 openat(AT_FDCWD, "/home/dikluwe/.local/share/fonts/Iosevka/IosevkaNerdFont-ThinItalic.ttf", O_RDONLY|O_CLOEXEC) = 3
[pid 185590] 14:15:50.444886 openat(AT_FDCWD, "/home/dikluwe/.local/share/fonts/Iosevka/IosevkaNerdFontPropo-ExtraBold.ttf", O_RDONLY|O_CLOEXEC) = 3
[pid 185590] 14:15:50.445355 openat(AT_FDCWD, "/home/dikluwe/.local/share/fonts/Iosevka/IosevkaNerdFont-BoldItalic.ttf", O_RDONLY|O_CLOEXEC) = 3
[pid 185590] 14:15:50.445815 openat(AT_FDCWD, "/home/dikluwe/.local/share/fonts/Iosevka/IosevkaNerdFontMono-ExtraLightOblique.ttf", O_RDONLY|O_CLOEXEC) = 3
[pid 185590] 14:15:50.446276 openat(AT_FDCWD, "/home/dikluwe/.local/share/fonts/Iosevka/IosevkaNerdFont-MediumItalic.ttf", O_RDONLY|O_CLOEXEC) = 3
[pid 185590] 14:15:50.446738 openat(AT_FDCWD, "/home/dikluwe/.local/share/fonts/Iosevka/IosevkaNerdFontPropo-HeavyOblique.ttf", O_RDONLY|O_CLOEXEC) = 3
[pid 185590] 14:15:50.447225 openat(AT_FDCWD, "/home/dikluwe/.local/share/fonts/Iosevka/IosevkaNerdFontPropo-ExtraBoldOblique.ttf", O_RDONLY|O_CLOEXEC) = 3
[pid 185590] 14:15:50.447823 openat(AT_FDCWD, "/home/dikluwe/.local/share/fonts/Iosevka/IosevkaNerdFont-LightOblique.ttf", O_RDONLY|O_CLOEXEC) = 3
[pid 185590] 14:15:50.448393 openat(AT_FDCWD, "/home/dikluwe/.local/share/fonts/Iosevka/IosevkaNerdFontPropo-SemiBold.ttf", O_RDONLY|O_CLOEXEC) = 3
[pid 185590] 14:15:50.448913 openat(AT_FDCWD, "/home/dikluwe/.local/share/fonts/Iosevka/IosevkaNerdFontPropo-BoldItalic.ttf", O_RDONLY|O_CLOEXEC) = 3
[pid 185590] 14:15:50.449392 openat(AT_FDCWD, "/home/dikluwe/.local/share/fonts/Iosevka/IosevkaNerdFontPropo-ExtraLightItalic.ttf", O_RDONLY|O_CLOEXEC) = 3
[pid 185590] 14:15:50.449857 openat(AT_FDCWD, "/home/dikluwe/.local/share/fonts/Iosevka/IosevkaNerdFontPropo-ExtraLightOblique.ttf", O_RDONLY|O_CLOEXEC) = 3
[pid 185590] 14:15:50.450319 openat(AT_FDCWD, "/home/dikluwe/.local/share/fonts/Iosevka/IosevkaNerdFontPropo-LightItalic.ttf", O_RDONLY|O_CLOEXEC) = 3
[pid 185590] 14:15:50.450782 openat(AT_FDCWD, "/home/dikluwe/.local/share/fonts/Iosevka/IosevkaNerdFontPropo-Medium.ttf", O_RDONLY|O_CLOEXEC) = 3
[pid 185590] 14:15:50.451255 openat(AT_FDCWD, "/home/dikluwe/.local/share/fonts/Iosevka/IosevkaNerdFontMono-LightOblique.ttf", O_RDONLY|O_CLOEXEC) = 3
[pid 185590] 14:15:50.451715 openat(AT_FDCWD, "/home/dikluwe/.local/share/fonts/Iosevka/IosevkaNerdFontMono-MediumOblique.ttf", O_RDONLY|O_CLOEXEC) = 3
[pid 185590] 14:15:50.452186 openat(AT_FDCWD, "/home/dikluwe/.local/share/fonts/Iosevka/IosevkaNerdFont-Regular.ttf", O_RDONLY|O_CLOEXEC) = 3
[pid 185590] 14:15:50.452650 openat(AT_FDCWD, "/home/dikluwe/.local/share/fonts/Iosevka/IosevkaNerdFontMono-HeavyItalic.ttf", O_RDONLY|O_CLOEXEC) = 3
[pid 185590] 14:15:50.453115 openat(AT_FDCWD, "/home/dikluwe/.local/share/fonts/Iosevka/IosevkaNerdFontPropo-Thin.ttf", O_RDONLY|O_CLOEXEC) = 3
[pid 185590] 14:15:50.453571 openat(AT_FDCWD, "/home/dikluwe/.local/share/fonts/Iosevka/IosevkaNerdFont-MediumOblique.ttf", O_RDONLY|O_CLOEXEC) = 3
[pid 185590] 14:15:50.454043 openat(AT_FDCWD, "/home/dikluwe/.local/share/fonts/Iosevka/IosevkaNerdFont-ThinOblique.ttf", O_RDONLY|O_CLOEXEC) = 3
[pid 185590] 14:15:50.454504 openat(AT_FDCWD, "/home/dikluwe/.local/share/fonts/Iosevka/IosevkaNerdFontPropo-ExtraBoldItalic.ttf", O_RDONLY|O_CLOEXEC) = 3
[pid 185590] 14:15:50.454973 openat(AT_FDCWD, "/home/dikluwe/.local/share/fonts/Iosevka/IosevkaNerdFontMono-HeavyOblique.ttf", O_RDONLY|O_CLOEXEC) = 3
[pid 185590] 14:15:50.455434 openat(AT_FDCWD, "/home/dikluwe/.local/share/fonts/Iosevka/IosevkaNerdFontPropo-Bold.ttf", O_RDONLY|O_CLOEXEC) = 3
[pid 185590] 14:15:50.455887 openat(AT_FDCWD, "/home/dikluwe/.local/share/fonts/Iosevka/IosevkaNerdFont-Heavy.ttf", O_RDONLY|O_CLOEXEC) = 3
[pid 185590] 14:15:50.456361 openat(AT_FDCWD, "/home/dikluwe/.local/share/fonts/Iosevka/IosevkaNerdFont-ExtraBold.ttf", O_RDONLY|O_CLOEXEC) = 3
[pid 185590] 14:15:50.456858 openat(AT_FDCWD, "/home/dikluwe/.local/share/fonts/Iosevka/IosevkaNerdFont-SemiBold.ttf", O_RDONLY|O_CLOEXEC) = 3
[pid 185590] 14:15:50.457394 openat(AT_FDCWD, "/home/dikluwe/.local/share/fonts/Iosevka/IosevkaNerdFont-ExtraBoldOblique.ttf", O_RDONLY|O_CLOEXEC) = 3
[pid 185590] 14:15:50.457887 openat(AT_FDCWD, "/home/dikluwe/.local/share/fonts/Iosevka/IosevkaNerdFontMono-Regular.ttf", O_RDONLY|O_CLOEXEC) = 3
[pid 185590] 14:15:50.458418 openat(AT_FDCWD, "/home/dikluwe/.local/share/fonts/Iosevka/IosevkaNerdFontMono-SemiBold.ttf", O_RDONLY|O_CLOEXEC) = 3
[pid 185590] 14:15:50.458935 openat(AT_FDCWD, "/home/dikluwe/.local/share/fonts/Iosevka/IosevkaNerdFont-HeavyOblique.ttf", O_RDONLY|O_CLOEXEC) = 3
[pid 185590] 14:15:50.459499 openat(AT_FDCWD, "/home/dikluwe/.local/share/fonts/Iosevka/IosevkaNerdFontMono-ExtraLight.ttf", O_RDONLY|O_CLOEXEC) = 3
[pid 185590] 14:15:50.459999 openat(AT_FDCWD, "/home/dikluwe/.local/share/fonts/Iosevka/IosevkaNerdFont-Light.ttf", O_RDONLY|O_CLOEXEC) = 3
[pid 185590] 14:15:50.460473 openat(AT_FDCWD, "/home/dikluwe/.local/share/fonts/Iosevka/IosevkaNerdFontPropo-Regular.ttf", O_RDONLY|O_CLOEXEC) = 3
[pid 185590] 14:15:50.460952 openat(AT_FDCWD, "/home/dikluwe/.local/share/fonts/Iosevka/IosevkaNerdFontMono-Italic.ttf", O_RDONLY|O_CLOEXEC) = 3
[pid 185590] 14:15:50.461429 openat(AT_FDCWD, "/home/dikluwe/.local/share/fonts/Iosevka/IosevkaNerdFont-HeavyItalic.ttf", O_RDONLY|O_CLOEXEC) = 3
[pid 185590] 14:15:50.461906 openat(AT_FDCWD, "/home/dikluwe/.local/share/fonts/Iosevka/IosevkaNerdFontMono-Medium.ttf", O_RDONLY|O_CLOEXEC) = 3
[pid 185590] 14:15:50.462398 openat(AT_FDCWD, "/home/dikluwe/.local/share/fonts/Iosevka/IosevkaNerdFontPropo-Light.ttf", O_RDONLY|O_CLOEXEC) = 3
[pid 185590] 14:15:50.462914 openat(AT_FDCWD, "/home/dikluwe/.local/share/fonts/Iosevka/IosevkaNerdFontMono-LightItalic.ttf", O_RDONLY|O_CLOEXEC) = 3
[pid 185590] 14:15:50.463441 openat(AT_FDCWD, "/home/dikluwe/.local/share/fonts/Monoid/MonoidNerdFontMono-Italic.ttf", O_RDONLY|O_CLOEXEC) = 3
[pid 185590] 14:15:50.463828 openat(AT_FDCWD, "/home/dikluwe/.local/share/fonts/Monoid/MonoidNerdFontPropo-Italic.ttf", O_RDONLY|O_CLOEXEC) = 3
[pid 185590] 14:15:50.464204 openat(AT_FDCWD, "/home/dikluwe/.local/share/fonts/Monoid/MonoidNerdFont-Italic.ttf", O_RDONLY|O_CLOEXEC) = 3
[pid 185590] 14:15:50.464576 openat(AT_FDCWD, "/home/dikluwe/.local/share/fonts/Monoid/MonoidNerdFontMono-Regular.ttf", O_RDONLY|O_CLOEXEC) = 3
[pid 185590] 14:15:50.464948 openat(AT_FDCWD, "/home/dikluwe/.local/share/fonts/Monoid/MonoidNerdFontPropo-Regular.ttf", O_RDONLY|O_CLOEXEC) = 3
[pid 185590] 14:15:50.465360 openat(AT_FDCWD, "/home/dikluwe/.local/share/fonts/Monoid/MonoidNerdFont-Regular.ttf", O_RDONLY|O_CLOEXEC) = 3
[pid 185590] 14:15:50.465717 openat(AT_FDCWD, "/home/dikluwe/.local/share/fonts/Monoid/MonoidNerdFont-Retina.ttf", O_RDONLY|O_CLOEXEC) = 3
[pid 185590] 14:15:50.466072 openat(AT_FDCWD, "/home/dikluwe/.local/share/fonts/Monoid/MonoidNerdFontMono-Retina.ttf", O_RDONLY|O_CLOEXEC) = 3
[pid 185590] 14:15:50.466406 openat(AT_FDCWD, "/home/dikluwe/.local/share/fonts/Monoid/MonoidNerdFontPropo-Retina.ttf", O_RDONLY|O_CLOEXEC) = 3
[pid 185590] 14:15:50.466733 openat(AT_FDCWD, "/home/dikluwe/.local/share/fonts/Monoid/MonoidNerdFontMono-Bold.ttf", O_RDONLY|O_CLOEXEC) = 3
[pid 185590] 14:15:50.467065 openat(AT_FDCWD, "/home/dikluwe/.local/share/fonts/Monoid/MonoidNerdFont-Bold.ttf", O_RDONLY|O_CLOEXEC) = 3
[pid 185590] 14:15:50.467391 openat(AT_FDCWD, "/home/dikluwe/.local/share/fonts/Monoid/MonoidNerdFontPropo-Bold.ttf", O_RDONLY|O_CLOEXEC) = 3
[pid 185590] 14:15:50.467710 openat(AT_FDCWD, "/home/dikluwe/.local/share/fonts/VictorMono/VictorMonoNerdFontPropo-LightItalic.ttf", O_RDONLY|O_CLOEXEC) = 3
[pid 185590] 14:15:50.468142 openat(AT_FDCWD, "/home/dikluwe/.local/share/fonts/VictorMono/VictorMonoNerdFontMono-LightItalic.ttf", O_RDONLY|O_CLOEXEC) = 3
[pid 185590] 14:15:50.468518 openat(AT_FDCWD, "/home/dikluwe/.local/share/fonts/VictorMono/VictorMonoNerdFont-LightItalic.ttf", O_RDONLY|O_CLOEXEC) = 3
[pid 185590] 14:15:50.468936 openat(AT_FDCWD, "/home/dikluwe/.local/share/fonts/VictorMono/VictorMonoNerdFontMono-SemiBoldOblique.ttf", O_RDONLY|O_CLOEXEC) = 3
[pid 185590] 14:15:50.469313 openat(AT_FDCWD, "/home/dikluwe/.local/share/fonts/VictorMono/VictorMonoNerdFontPropo-SemiBoldOblique.ttf", O_RDONLY|O_CLOEXEC) = 3
[pid 185590] 14:15:50.469679 openat(AT_FDCWD, "/home/dikluwe/.local/share/fonts/VictorMono/VictorMonoNerdFont-SemiBoldOblique.ttf", O_RDONLY|O_CLOEXEC) = 3
[pid 185590] 14:15:50.470051 openat(AT_FDCWD, "/home/dikluwe/.local/share/fonts/VictorMono/VictorMonoNerdFontPropo-ExtraLightItalic.ttf", O_RDONLY|O_CLOEXEC) = 3
[pid 185590] 14:15:50.470421 openat(AT_FDCWD, "/home/dikluwe/.local/share/fonts/VictorMono/VictorMonoNerdFontMono-ExtraLightItalic.ttf", O_RDONLY|O_CLOEXEC) = 3
[pid 185590] 14:15:50.470787 openat(AT_FDCWD, "/home/dikluwe/.local/share/fonts/VictorMono/VictorMonoNerdFont-ExtraLightItalic.ttf", O_RDONLY|O_CLOEXEC) = 3
[pid 185590] 14:15:50.471170 openat(AT_FDCWD, "/home/dikluwe/.local/share/fonts/VictorMono/VictorMonoNerdFontMono-MediumItalic.ttf", O_RDONLY|O_CLOEXEC) = 3
[pid 185590] 14:15:50.471533 openat(AT_FDCWD, "/home/dikluwe/.local/share/fonts/VictorMono/VictorMonoNerdFontPropo-MediumItalic.ttf", O_RDONLY|O_CLOEXEC) = 3
[pid 185590] 14:15:50.471924 openat(AT_FDCWD, "/home/dikluwe/.local/share/fonts/VictorMono/VictorMonoNerdFont-MediumItalic.ttf", O_RDONLY|O_CLOEXEC) = 3
[pid 185590] 14:15:50.472338 openat(AT_FDCWD, "/home/dikluwe/.local/share/fonts/VictorMono/VictorMonoNerdFont-Italic.ttf", O_RDONLY|O_CLOEXEC) = 3
[pid 185590] 14:15:50.472722 openat(AT_FDCWD, "/home/dikluwe/.local/share/fonts/VictorMono/VictorMonoNerdFontPropo-Italic.ttf", O_RDONLY|O_CLOEXEC) = 3
[pid 185590] 14:15:50.473117 openat(AT_FDCWD, "/home/dikluwe/.local/share/fonts/VictorMono/VictorMonoNerdFontMono-Italic.ttf", O_RDONLY|O_CLOEXEC) = 3
[pid 185590] 14:15:50.473505 openat(AT_FDCWD, "/home/dikluwe/.local/share/fonts/VictorMono/VictorMonoNerdFont-MediumOblique.ttf", O_RDONLY|O_CLOEXEC) = 3
[pid 185590] 14:15:50.473961 openat(AT_FDCWD, "/home/dikluwe/.local/share/fonts/VictorMono/VictorMonoNerdFontMono-MediumOblique.ttf", O_RDONLY|O_CLOEXEC) = 3
[pid 185590] 14:15:50.474371 openat(AT_FDCWD, "/home/dikluwe/.local/share/fonts/VictorMono/VictorMonoNerdFontPropo-MediumOblique.ttf", O_RDONLY|O_CLOEXEC) = 3
[pid 185590] 14:15:50.474774 openat(AT_FDCWD, "/home/dikluwe/.local/share/fonts/VictorMono/VictorMonoNerdFontMono-ThinItalic.ttf", O_RDONLY|O_CLOEXEC) = 3
[pid 185590] 14:15:50.475193 openat(AT_FDCWD, "/home/dikluwe/.local/share/fonts/VictorMono/VictorMonoNerdFontPropo-ThinItalic.ttf", O_RDONLY|O_CLOEXEC) = 3
[pid 185590] 14:15:50.475602 openat(AT_FDCWD, "/home/dikluwe/.local/share/fonts/VictorMono/VictorMonoNerdFont-ThinItalic.ttf", O_RDONLY|O_CLOEXEC) = 3
[pid 185590] 14:15:50.476022 openat(AT_FDCWD, "/home/dikluwe/.local/share/fonts/VictorMono/VictorMonoNerdFont-BoldItalic.ttf", O_RDONLY|O_CLOEXEC) = 3
[pid 185590] 14:15:50.476399 openat(AT_FDCWD, "/home/dikluwe/.local/share/fonts/VictorMono/VictorMonoNerdFontMono-BoldItalic.ttf", O_RDONLY|O_CLOEXEC) = 3
[pid 185590] 14:15:50.476774 openat(AT_FDCWD, "/home/dikluwe/.local/share/fonts/VictorMono/VictorMonoNerdFontPropo-BoldItalic.ttf", O_RDONLY|O_CLOEXEC) = 3
[pid 185590] 14:15:50.477157 openat(AT_FDCWD, "/home/dikluwe/.local/share/fonts/VictorMono/VictorMonoNerdFontMono-BoldOblique.ttf", O_RDONLY|O_CLOEXEC) = 3
[pid 185590] 14:15:50.477520 openat(AT_FDCWD, "/home/dikluwe/.local/share/fonts/VictorMono/VictorMonoNerdFontPropo-BoldOblique.ttf", O_RDONLY|O_CLOEXEC) = 3
[pid 185590] 14:15:50.477881 openat(AT_FDCWD, "/home/dikluwe/.local/share/fonts/VictorMono/VictorMonoNerdFont-BoldOblique.ttf", O_RDONLY|O_CLOEXEC) = 3
[pid 185590] 14:15:50.478249 openat(AT_FDCWD, "/home/dikluwe/.local/share/fonts/VictorMono/VictorMonoNerdFontMono-ExtraLightOblique.ttf", O_RDONLY|O_CLOEXEC) = 3
[pid 185590] 14:15:50.478608 openat(AT_FDCWD, "/home/dikluwe/.local/share/fonts/VictorMono/VictorMonoNerdFontPropo-ExtraLightOblique.ttf", O_RDONLY|O_CLOEXEC) = 3
[pid 185590] 14:15:50.479042 openat(AT_FDCWD, "/home/dikluwe/.local/share/fonts/VictorMono/VictorMonoNerdFont-ExtraLightOblique.ttf", O_RDONLY|O_CLOEXEC) = 3
[pid 185590] 14:15:50.479494 openat(AT_FDCWD, "/home/dikluwe/.local/share/fonts/VictorMono/VictorMonoNerdFontMono-Regular.ttf", O_RDONLY|O_CLOEXEC) = 3
[pid 185590] 14:15:50.479900 openat(AT_FDCWD, "/home/dikluwe/.local/share/fonts/VictorMono/VictorMonoNerdFont-Regular.ttf", O_RDONLY|O_CLOEXEC) = 3
[pid 185590] 14:15:50.480272 openat(AT_FDCWD, "/home/dikluwe/.local/share/fonts/VictorMono/VictorMonoNerdFontPropo-Regular.ttf", O_RDONLY|O_CLOEXEC) = 3
[pid 185590] 14:15:50.480637 openat(AT_FDCWD, "/home/dikluwe/.local/share/fonts/VictorMono/VictorMonoNerdFont-ThinOblique.ttf", O_RDONLY|O_CLOEXEC) = 3
[pid 185590] 14:15:50.481008 openat(AT_FDCWD, "/home/dikluwe/.local/share/fonts/VictorMono/VictorMonoNerdFontMono-ThinOblique.ttf", O_RDONLY|O_CLOEXEC) = 3
[pid 185590] 14:15:50.481374 openat(AT_FDCWD, "/home/dikluwe/.local/share/fonts/VictorMono/VictorMonoNerdFontPropo-ThinOblique.ttf", O_RDONLY|O_CLOEXEC) = 3
[pid 185590] 14:15:50.481736 openat(AT_FDCWD, "/home/dikluwe/.local/share/fonts/VictorMono/VictorMonoNerdFontMono-SemiBoldItalic.ttf", O_RDONLY|O_CLOEXEC) = 3
[pid 185590] 14:15:50.482105 openat(AT_FDCWD, "/home/dikluwe/.local/share/fonts/VictorMono/VictorMonoNerdFontPropo-SemiBoldItalic.ttf", O_RDONLY|O_CLOEXEC) = 3
[pid 185590] 14:15:50.482474 openat(AT_FDCWD, "/home/dikluwe/.local/share/fonts/VictorMono/VictorMonoNerdFont-SemiBoldItalic.ttf", O_RDONLY|O_CLOEXEC) = 3
[pid 185590] 14:15:50.482834 openat(AT_FDCWD, "/home/dikluwe/.local/share/fonts/VictorMono/VictorMonoNerdFontMono-Oblique.ttf", O_RDONLY|O_CLOEXEC) = 3
[pid 185590] 14:15:50.483202 openat(AT_FDCWD, "/home/dikluwe/.local/share/fonts/VictorMono/VictorMonoNerdFontPropo-Oblique.ttf", O_RDONLY|O_CLOEXEC) = 3
[pid 185590] 14:15:50.483561 openat(AT_FDCWD, "/home/dikluwe/.local/share/fonts/VictorMono/VictorMonoNerdFont-Oblique.ttf", O_RDONLY|O_CLOEXEC) = 3
[pid 185590] 14:15:50.483925 openat(AT_FDCWD, "/home/dikluwe/.local/share/fonts/VictorMono/VictorMonoNerdFontMono-Thin.ttf", O_RDONLY|O_CLOEXEC) = 3
[pid 185590] 14:15:50.484286 openat(AT_FDCWD, "/home/dikluwe/.local/share/fonts/VictorMono/VictorMonoNerdFont-Thin.ttf", O_RDONLY|O_CLOEXEC) = 3
[pid 185590] 14:15:50.484646 openat(AT_FDCWD, "/home/dikluwe/.local/share/fonts/VictorMono/VictorMonoNerdFontPropo-Thin.ttf", O_RDONLY|O_CLOEXEC) = 3
[pid 185590] 14:15:50.485011 openat(AT_FDCWD, "/home/dikluwe/.local/share/fonts/VictorMono/VictorMonoNerdFontPropo-ExtraLight.ttf", O_RDONLY|O_CLOEXEC) = 3
[pid 185590] 14:15:50.485369 openat(AT_FDCWD, "/home/dikluwe/.local/share/fonts/VictorMono/VictorMonoNerdFontMono-ExtraLight.ttf", O_RDONLY|O_CLOEXEC) = 3
[pid 185590] 14:15:50.485726 openat(AT_FDCWD, "/home/dikluwe/.local/share/fonts/VictorMono/VictorMonoNerdFont-ExtraLight.ttf", O_RDONLY|O_CLOEXEC) = 3
[pid 185590] 14:15:50.486094 openat(AT_FDCWD, "/home/dikluwe/.local/share/fonts/VictorMono/VictorMonoNerdFontMono-LightOblique.ttf", O_RDONLY|O_CLOEXEC) = 3
[pid 185590] 14:15:50.486455 openat(AT_FDCWD, "/home/dikluwe/.local/share/fonts/VictorMono/VictorMonoNerdFontPropo-LightOblique.ttf", O_RDONLY|O_CLOEXEC) = 3
[pid 185590] 14:15:50.486814 openat(AT_FDCWD, "/home/dikluwe/.local/share/fonts/VictorMono/VictorMonoNerdFont-LightOblique.ttf", O_RDONLY|O_CLOEXEC) = 3
[pid 185590] 14:15:50.487180 openat(AT_FDCWD, "/home/dikluwe/.local/share/fonts/VictorMono/VictorMonoNerdFont-Medium.ttf", O_RDONLY|O_CLOEXEC) = 3
[pid 185590] 14:15:50.487540 openat(AT_FDCWD, "/home/dikluwe/.local/share/fonts/VictorMono/VictorMonoNerdFontMono-Medium.ttf", O_RDONLY|O_CLOEXEC) = 3
[pid 185590] 14:15:50.487899 openat(AT_FDCWD, "/home/dikluwe/.local/share/fonts/VictorMono/VictorMonoNerdFontPropo-Medium.ttf", O_RDONLY|O_CLOEXEC) = 3
[pid 185590] 14:15:50.488267 openat(AT_FDCWD, "/home/dikluwe/.local/share/fonts/VictorMono/VictorMonoNerdFontMono-Bold.ttf", O_RDONLY|O_CLOEXEC) = 3
[pid 185590] 14:15:50.488627 openat(AT_FDCWD, "/home/dikluwe/.local/share/fonts/VictorMono/VictorMonoNerdFontPropo-Bold.ttf", O_RDONLY|O_CLOEXEC) = 3
[pid 185590] 14:15:50.489009 openat(AT_FDCWD, "/home/dikluwe/.local/share/fonts/VictorMono/VictorMonoNerdFont-Bold.ttf", O_RDONLY|O_CLOEXEC) = 3
[pid 185590] 14:15:50.489371 openat(AT_FDCWD, "/home/dikluwe/.local/share/fonts/VictorMono/VictorMonoNerdFontPropo-Light.ttf", O_RDONLY|O_CLOEXEC) = 3
[pid 185590] 14:15:50.489730 openat(AT_FDCWD, "/home/dikluwe/.local/share/fonts/VictorMono/VictorMonoNerdFont-Light.ttf", O_RDONLY|O_CLOEXEC) = 3
[pid 185590] 14:15:50.490095 openat(AT_FDCWD, "/home/dikluwe/.local/share/fonts/VictorMono/VictorMonoNerdFontMono-Light.ttf", O_RDONLY|O_CLOEXEC) = 3
[pid 185590] 14:15:50.490454 openat(AT_FDCWD, "/home/dikluwe/.local/share/fonts/VictorMono/VictorMonoNerdFontMono-SemiBold.ttf", O_RDONLY|O_CLOEXEC) = 3
[pid 185590] 14:15:50.490812 openat(AT_FDCWD, "/home/dikluwe/.local/share/fonts/VictorMono/VictorMonoNerdFontPropo-SemiBold.ttf", O_RDONLY|O_CLOEXEC) = 3
[pid 185590] 14:15:50.491174 openat(AT_FDCWD, "/home/dikluwe/.local/share/fonts/VictorMono/VictorMonoNerdFont-SemiBold.ttf", O_RDONLY|O_CLOEXEC) = 3
[pid 185590] 14:15:50.491533 openat(AT_FDCWD, "/home/dikluwe/.local/share/fonts/ZedMono/ZedMonoNerdFontMono-ExtendedBold.ttf", O_RDONLY|O_CLOEXEC) = 3
[pid 185590] 14:15:50.492010 openat(AT_FDCWD, "/home/dikluwe/.local/share/fonts/ZedMono/ZedMonoNerdFontPropo-ExtendedMedium.ttf", O_RDONLY|O_CLOEXEC) = 3
[pid 185590] 14:15:50.492463 openat(AT_FDCWD, "/home/dikluwe/.local/share/fonts/ZedMono/ZedMonoNerdFontMono-ExtendedLight.ttf", O_RDONLY|O_CLOEXEC) = 3
[pid 185590] 14:15:50.492917 openat(AT_FDCWD, "/home/dikluwe/.local/share/fonts/ZedMono/ZedMonoNerdFontMono-ExtendedMediumOblique.ttf", O_RDONLY|O_CLOEXEC) = 3
[pid 185590] 14:15:50.493369 openat(AT_FDCWD, "/home/dikluwe/.local/share/fonts/ZedMono/ZedMonoNerdFontPropo-ExtendedItalic.ttf", O_RDONLY|O_CLOEXEC) = 3
[pid 185590] 14:15:50.493817 openat(AT_FDCWD, "/home/dikluwe/.local/share/fonts/ZedMono/ZedMonoNerdFontPropo-ExtendedBold.ttf", O_RDONLY|O_CLOEXEC) = 3
[pid 185590] 14:15:50.494281 openat(AT_FDCWD, "/home/dikluwe/.local/share/fonts/ZedMono/ZedMonoNerdFontPropo-Extended.ttf", O_RDONLY|O_CLOEXEC) = 3
[pid 185590] 14:15:50.494734 openat(AT_FDCWD, "/home/dikluwe/.local/share/fonts/ZedMono/ZedMonoNerdFontMono-ExtendedExtraBoldOblique.ttf", O_RDONLY|O_CLOEXEC) = 3
[pid 185590] 14:15:50.495192 openat(AT_FDCWD, "/home/dikluwe/.local/share/fonts/ZedMono/ZedMonoNerdFontPropo-ExtendedExtraBoldOblique.ttf", O_RDONLY|O_CLOEXEC) = 3
[pid 185590] 14:15:50.495642 openat(AT_FDCWD, "/home/dikluwe/.local/share/fonts/ZedMono/ZedMonoNerdFont-ExtendedExtraBold.ttf", O_RDONLY|O_CLOEXEC) = 3
[pid 185590] 14:15:50.496101 openat(AT_FDCWD, "/home/dikluwe/.local/share/fonts/ZedMono/ZedMonoNerdFontPropo-ExtendedExtraBoldItalic.ttf", O_RDONLY|O_CLOEXEC) = 3
[pid 185590] 14:15:50.496550 openat(AT_FDCWD, "/home/dikluwe/.local/share/fonts/ZedMono/ZedMonoNerdFontMono-ExtendedExtraBold.ttf", O_RDONLY|O_CLOEXEC) = 3
[pid 185590] 14:15:50.497004 openat(AT_FDCWD, "/home/dikluwe/.local/share/fonts/ZedMono/ZedMonoNerdFont-ExtendedMediumItalic.ttf", O_RDONLY|O_CLOEXEC) = 3
[pid 185590] 14:15:50.497468 openat(AT_FDCWD, "/home/dikluwe/.local/share/fonts/ZedMono/ZedMonoNerdFontMono-ExtendedBoldOblique.ttf", O_RDONLY|O_CLOEXEC) = 3
[pid 185590] 14:15:50.497922 openat(AT_FDCWD, "/home/dikluwe/.local/share/fonts/ZedMono/ZedMonoNerdFontMono-ExtendedMedium.ttf", O_RDONLY|O_CLOEXEC) = 3
[pid 185590] 14:15:50.498377 openat(AT_FDCWD, "/home/dikluwe/.local/share/fonts/ZedMono/ZedMonoNerdFontPropo-ExtendedMediumOblique.ttf", O_RDONLY|O_CLOEXEC) = 3
[pid 185590] 14:15:50.498833 openat(AT_FDCWD, "/home/dikluwe/.local/share/fonts/ZedMono/ZedMonoNerdFont-Extended.ttf", O_RDONLY|O_CLOEXEC) = 3
[pid 185590] 14:15:50.499412 openat(AT_FDCWD, "/home/dikluwe/.local/share/fonts/ZedMono/ZedMonoNerdFontPropo-ExtendedBoldItalic.ttf", O_RDONLY|O_CLOEXEC) = 3
[pid 185590] 14:15:50.499948 openat(AT_FDCWD, "/home/dikluwe/.local/share/fonts/ZedMono/ZedMonoNerdFont-ExtendedOblique.ttf", O_RDONLY|O_CLOEXEC) = 3
[pid 185590] 14:15:50.500421 openat(AT_FDCWD, "/home/dikluwe/.local/share/fonts/ZedMono/ZedMonoNerdFont-ExtendedMedium.ttf", O_RDONLY|O_CLOEXEC) = 3
[pid 185590] 14:15:50.500881 openat(AT_FDCWD, "/home/dikluwe/.local/share/fonts/ZedMono/ZedMonoNerdFontPropo-ExtendedBoldOblique.ttf", O_RDONLY|O_CLOEXEC) = 3
[pid 185590] 14:15:50.501343 openat(AT_FDCWD, "/home/dikluwe/.local/share/fonts/ZedMono/ZedMonoNerdFontMono-ExtendedOblique.ttf", O_RDONLY|O_CLOEXEC) = 3
[pid 185590] 14:15:50.501795 openat(AT_FDCWD, "/home/dikluwe/.local/share/fonts/ZedMono/ZedMonoNerdFontPropo-ExtendedLightItalic.ttf", O_RDONLY|O_CLOEXEC) = 3
[pid 185590] 14:15:50.502252 openat(AT_FDCWD, "/home/dikluwe/.local/share/fonts/ZedMono/ZedMonoNerdFontPropo-ExtendedMediumItalic.ttf", O_RDONLY|O_CLOEXEC) = 3
[pid 185590] 14:15:50.502708 openat(AT_FDCWD, "/home/dikluwe/.local/share/fonts/ZedMono/ZedMonoNerdFontMono-ExtendedBoldItalic.ttf", O_RDONLY|O_CLOEXEC) = 3
[pid 185590] 14:15:50.503170 openat(AT_FDCWD, "/home/dikluwe/.local/share/fonts/ZedMono/ZedMonoNerdFont-ExtendedBold.ttf", O_RDONLY|O_CLOEXEC) = 3
[pid 185590] 14:15:50.503632 openat(AT_FDCWD, "/home/dikluwe/.local/share/fonts/ZedMono/ZedMonoNerdFontMono-ExtendedMediumItalic.ttf", O_RDONLY|O_CLOEXEC) = 3
[pid 185590] 14:15:50.504089 openat(AT_FDCWD, "/home/dikluwe/.local/share/fonts/ZedMono/ZedMonoNerdFontPropo-ExtendedExtraBold.ttf", O_RDONLY|O_CLOEXEC) = 3
[pid 185590] 14:15:50.504576 openat(AT_FDCWD, "/home/dikluwe/.local/share/fonts/ZedMono/ZedMonoNerdFontMono-Extended.ttf", O_RDONLY|O_CLOEXEC) = 3
[pid 185590] 14:15:50.505095 openat(AT_FDCWD, "/home/dikluwe/.local/share/fonts/ZedMono/ZedMonoNerdFont-ExtendedExtraBoldOblique.ttf", O_RDONLY|O_CLOEXEC) = 3
[pid 185590] 14:15:50.505583 openat(AT_FDCWD, "/home/dikluwe/.local/share/fonts/ZedMono/ZedMonoNerdFont-ExtendedMediumOblique.ttf", O_RDONLY|O_CLOEXEC) = 3
[pid 185590] 14:15:50.506158 openat(AT_FDCWD, "/home/dikluwe/.local/share/fonts/ZedMono/ZedMonoNerdFont-ExtendedItalic.ttf", O_RDONLY|O_CLOEXEC) = 3
[pid 185590] 14:15:50.506634 openat(AT_FDCWD, "/home/dikluwe/.local/share/fonts/ZedMono/ZedMonoNerdFontMono-ExtendedLightOblique.ttf", O_RDONLY|O_CLOEXEC) = 3
[pid 185590] 14:15:50.507096 openat(AT_FDCWD, "/home/dikluwe/.local/share/fonts/ZedMono/ZedMonoNerdFontMono-ExtendedItalic.ttf", O_RDONLY|O_CLOEXEC) = 3
[pid 185590] 14:15:50.507543 openat(AT_FDCWD, "/home/dikluwe/.local/share/fonts/ZedMono/ZedMonoNerdFontPropo-ExtendedLight.ttf", O_RDONLY|O_CLOEXEC) = 3
[pid 185590] 14:15:50.507992 openat(AT_FDCWD, "/home/dikluwe/.local/share/fonts/ZedMono/ZedMonoNerdFont-ExtendedBoldItalic.ttf", O_RDONLY|O_CLOEXEC) = 3
[pid 185590] 14:15:50.508438 openat(AT_FDCWD, "/home/dikluwe/.local/share/fonts/ZedMono/ZedMonoNerdFont-ExtendedExtraBoldItalic.ttf", O_RDONLY|O_CLOEXEC) = 3
[pid 185590] 14:15:50.508906 openat(AT_FDCWD, "/home/dikluwe/.local/share/fonts/ZedMono/ZedMonoNerdFont-ExtendedLightItalic.ttf", O_RDONLY|O_CLOEXEC) = 3
[pid 185590] 14:15:50.509378 openat(AT_FDCWD, "/home/dikluwe/.local/share/fonts/ZedMono/ZedMonoNerdFontMono-ExtendedExtraBoldItalic.ttf", O_RDONLY|O_CLOEXEC) = 3
[pid 185590] 14:15:50.509820 openat(AT_FDCWD, "/home/dikluwe/.local/share/fonts/ZedMono/ZedMonoNerdFontMono-ExtendedLightItalic.ttf", O_RDONLY|O_CLOEXEC) = 3
[pid 185590] 14:15:50.510273 openat(AT_FDCWD, "/home/dikluwe/.local/share/fonts/ZedMono/ZedMonoNerdFont-ExtendedLightOblique.ttf", O_RDONLY|O_CLOEXEC) = 3
[pid 185590] 14:15:50.510718 openat(AT_FDCWD, "/home/dikluwe/.local/share/fonts/ZedMono/ZedMonoNerdFontPropo-ExtendedLightOblique.ttf", O_RDONLY|O_CLOEXEC) = 3
[pid 185590] 14:15:50.511171 openat(AT_FDCWD, "/home/dikluwe/.local/share/fonts/ZedMono/ZedMonoNerdFont-ExtendedLight.ttf", O_RDONLY|O_CLOEXEC) = 3
[pid 185590] 14:15:50.511634 openat(AT_FDCWD, "/home/dikluwe/.local/share/fonts/ZedMono/ZedMonoNerdFont-ExtendedBoldOblique.ttf", O_RDONLY|O_CLOEXEC) = 3
[pid 185590] 14:15:50.512105 openat(AT_FDCWD, "/home/dikluwe/.local/share/fonts/ZedMono/ZedMonoNerdFontPropo-ExtendedOblique.ttf", O_RDONLY|O_CLOEXEC) = 3
[pid 185590] 14:15:50.512585 openat(AT_FDCWD, "/home/dikluwe/.local/share/fonts/ZedMono/ZedMonoNerdFontMono-Italic.ttf", O_RDONLY|O_CLOEXEC) = 3
[pid 185590] 14:15:50.513111 openat(AT_FDCWD, "/home/dikluwe/.local/share/fonts/ZedMono/ZedMonoNerdFontPropo-Oblique.ttf", O_RDONLY|O_CLOEXEC) = 3
[pid 185590] 14:15:50.513611 openat(AT_FDCWD, "/home/dikluwe/.local/share/fonts/ZedMono/ZedMonoNerdFont-BoldOblique.ttf", O_RDONLY|O_CLOEXEC) = 3
[pid 185590] 14:15:50.514094 openat(AT_FDCWD, "/home/dikluwe/.local/share/fonts/ZedMono/ZedMonoNerdFontPropo-Regular.ttf", O_RDONLY|O_CLOEXEC) = 3
[pid 185590] 14:15:50.514547 openat(AT_FDCWD, "/home/dikluwe/.local/share/fonts/ZedMono/ZedMonoNerdFontMono-Bold.ttf", O_RDONLY|O_CLOEXEC) = 3
[pid 185590] 14:15:50.515013 openat(AT_FDCWD, "/home/dikluwe/.local/share/fonts/ZedMono/ZedMonoNerdFont-BoldItalic.ttf", O_RDONLY|O_CLOEXEC) = 3
[pid 185590] 14:15:50.515461 openat(AT_FDCWD, "/home/dikluwe/.local/share/fonts/ZedMono/ZedMonoNerdFont-Regular.ttf", O_RDONLY|O_CLOEXEC) = 3
[pid 185590] 14:15:50.515913 openat(AT_FDCWD, "/home/dikluwe/.local/share/fonts/ZedMono/ZedMonoNerdFontMono-Light.ttf", O_RDONLY|O_CLOEXEC) = 3
[pid 185590] 14:15:50.516370 openat(AT_FDCWD, "/home/dikluwe/.local/share/fonts/ZedMono/ZedMonoNerdFont-LightOblique.ttf", O_RDONLY|O_CLOEXEC) = 3
[pid 185590] 14:15:50.516825 openat(AT_FDCWD, "/home/dikluwe/.local/share/fonts/ZedMono/ZedMonoNerdFont-ExtraBold.ttf", O_RDONLY|O_CLOEXEC) = 3
[pid 185590] 14:15:50.517284 openat(AT_FDCWD, "/home/dikluwe/.local/share/fonts/ZedMono/ZedMonoNerdFontMono-BoldItalic.ttf", O_RDONLY|O_CLOEXEC) = 3
[pid 185590] 14:15:50.517737 openat(AT_FDCWD, "/home/dikluwe/.local/share/fonts/ZedMono/ZedMonoNerdFontPropo-LightItalic.ttf", O_RDONLY|O_CLOEXEC) = 3
[pid 185590] 14:15:50.518189 openat(AT_FDCWD, "/home/dikluwe/.local/share/fonts/ZedMono/ZedMonoNerdFont-Medium.ttf", O_RDONLY|O_CLOEXEC) = 3
[pid 185590] 14:15:50.518638 openat(AT_FDCWD, "/home/dikluwe/.local/share/fonts/ZedMono/ZedMonoNerdFontPropo-ExtraBold.ttf", O_RDONLY|O_CLOEXEC) = 3
[pid 185590] 14:15:50.519093 openat(AT_FDCWD, "/home/dikluwe/.local/share/fonts/ZedMono/ZedMonoNerdFont-Oblique.ttf", O_RDONLY|O_CLOEXEC) = 3
[pid 185590] 14:15:50.519547 openat(AT_FDCWD, "/home/dikluwe/.local/share/fonts/ZedMono/ZedMonoNerdFontPropo-ExtraBoldItalic.ttf", O_RDONLY|O_CLOEXEC) = 3
[pid 185590] 14:15:50.520005 openat(AT_FDCWD, "/home/dikluwe/.local/share/fonts/ZedMono/ZedMonoNerdFontMono-ExtraBoldItalic.ttf", O_RDONLY|O_CLOEXEC) = 3
[pid 185590] 14:15:50.520455 openat(AT_FDCWD, "/home/dikluwe/.local/share/fonts/ZedMono/ZedMonoNerdFont-Italic.ttf", O_RDONLY|O_CLOEXEC) = 3
[pid 185590] 14:15:50.520932 openat(AT_FDCWD, "/home/dikluwe/.local/share/fonts/ZedMono/ZedMonoNerdFontPropo-Italic.ttf", O_RDONLY|O_CLOEXEC) = 3
[pid 185590] 14:15:50.521422 openat(AT_FDCWD, "/home/dikluwe/.local/share/fonts/ZedMono/ZedMonoNerdFontMono-LightOblique.ttf", O_RDONLY|O_CLOEXEC) = 3
[pid 185590] 14:15:50.521879 openat(AT_FDCWD, "/home/dikluwe/.local/share/fonts/ZedMono/ZedMonoNerdFont-ExtraBoldItalic.ttf", O_RDONLY|O_CLOEXEC) = 3
[pid 185590] 14:15:50.522340 openat(AT_FDCWD, "/home/dikluwe/.local/share/fonts/ZedMono/ZedMonoNerdFontMono-MediumItalic.ttf", O_RDONLY|O_CLOEXEC) = 3
[pid 185590] 14:15:50.522789 openat(AT_FDCWD, "/home/dikluwe/.local/share/fonts/ZedMono/ZedMonoNerdFontPropo-Light.ttf", O_RDONLY|O_CLOEXEC) = 3
[pid 185590] 14:15:50.523251 openat(AT_FDCWD, "/home/dikluwe/.local/share/fonts/ZedMono/ZedMonoNerdFont-LightItalic.ttf", O_RDONLY|O_CLOEXEC) = 3
[pid 185590] 14:15:50.523701 openat(AT_FDCWD, "/home/dikluwe/.local/share/fonts/ZedMono/ZedMonoNerdFontPropo-BoldOblique.ttf", O_RDONLY|O_CLOEXEC) = 3
[pid 185590] 14:15:50.524151 openat(AT_FDCWD, "/home/dikluwe/.local/share/fonts/ZedMono/ZedMonoNerdFont-MediumOblique.ttf", O_RDONLY|O_CLOEXEC) = 3
[pid 185590] 14:15:50.524599 openat(AT_FDCWD, "/home/dikluwe/.local/share/fonts/ZedMono/ZedMonoNerdFontPropo-Bold.ttf", O_RDONLY|O_CLOEXEC) = 3
[pid 185590] 14:15:50.525056 openat(AT_FDCWD, "/home/dikluwe/.local/share/fonts/ZedMono/ZedMonoNerdFontMono-Regular.ttf", O_RDONLY|O_CLOEXEC) = 3
[pid 185590] 14:15:50.525502 openat(AT_FDCWD, "/home/dikluwe/.local/share/fonts/ZedMono/ZedMonoNerdFont-ExtraBoldOblique.ttf", O_RDONLY|O_CLOEXEC) = 3
[pid 185590] 14:15:50.525979 openat(AT_FDCWD, "/home/dikluwe/.local/share/fonts/ZedMono/ZedMonoNerdFontMono-ExtraBoldOblique.ttf", O_RDONLY|O_CLOEXEC) = 3
[pid 185590] 14:15:50.526428 openat(AT_FDCWD, "/home/dikluwe/.local/share/fonts/ZedMono/ZedMonoNerdFont-Bold.ttf", O_RDONLY|O_CLOEXEC) = 3
[pid 185590] 14:15:50.526882 openat(AT_FDCWD, "/home/dikluwe/.local/share/fonts/ZedMono/ZedMonoNerdFontPropo-BoldItalic.ttf", O_RDONLY|O_CLOEXEC) = 3
[pid 185590] 14:15:50.527338 openat(AT_FDCWD, "/home/dikluwe/.local/share/fonts/ZedMono/ZedMonoNerdFontPropo-Medium.ttf", O_RDONLY|O_CLOEXEC) = 3
[pid 185590] 14:15:50.527784 openat(AT_FDCWD, "/home/dikluwe/.local/share/fonts/ZedMono/ZedMonoNerdFont-Light.ttf", O_RDONLY|O_CLOEXEC) = 3
[pid 185590] 14:15:50.528241 openat(AT_FDCWD, "/home/dikluwe/.local/share/fonts/ZedMono/ZedMonoNerdFontPropo-ExtraBoldOblique.ttf", O_RDONLY|O_CLOEXEC) = 3
[pid 185590] 14:15:50.528685 openat(AT_FDCWD, "/home/dikluwe/.local/share/fonts/ZedMono/ZedMonoNerdFontPropo-MediumItalic.ttf", O_RDONLY|O_CLOEXEC) = 3
[pid 185590] 14:15:50.529142 openat(AT_FDCWD, "/home/dikluwe/.local/share/fonts/ZedMono/ZedMonoNerdFontMono-ExtraBold.ttf", O_RDONLY|O_CLOEXEC) = 3
[pid 185590] 14:15:50.529591 openat(AT_FDCWD, "/home/dikluwe/.local/share/fonts/ZedMono/ZedMonoNerdFont-MediumItalic.ttf", O_RDONLY|O_CLOEXEC) = 3
[pid 185590] 14:15:50.530051 openat(AT_FDCWD, "/home/dikluwe/.local/share/fonts/ZedMono/ZedMonoNerdFontMono-MediumOblique.ttf", O_RDONLY|O_CLOEXEC) = 3
[pid 185590] 14:15:50.530509 openat(AT_FDCWD, "/home/dikluwe/.local/share/fonts/ZedMono/ZedMonoNerdFontPropo-MediumOblique.ttf", O_RDONLY|O_CLOEXEC) = 3
[pid 185590] 14:15:50.531004 openat(AT_FDCWD, "/home/dikluwe/.local/share/fonts/ZedMono/ZedMonoNerdFontPropo-LightOblique.ttf", O_RDONLY|O_CLOEXEC) = 3
[pid 185590] 14:15:50.531463 openat(AT_FDCWD, "/home/dikluwe/.local/share/fonts/ZedMono/ZedMonoNerdFontMono-Oblique.ttf", O_RDONLY|O_CLOEXEC) = 3
[pid 185590] 14:15:50.531917 openat(AT_FDCWD, "/home/dikluwe/.local/share/fonts/ZedMono/ZedMonoNerdFontMono-Medium.ttf", O_RDONLY|O_CLOEXEC) = 3
[pid 185590] 14:15:50.532395 openat(AT_FDCWD, "/home/dikluwe/.local/share/fonts/ZedMono/ZedMonoNerdFontMono-BoldOblique.ttf", O_RDONLY|O_CLOEXEC) = 3
[pid 185590] 14:15:50.532815 openat(AT_FDCWD, "/home/dikluwe/.local/share/fonts/ZedMono/ZedMonoNerdFontMono-LightItalic.ttf", O_RDONLY|O_CLOEXEC) = 3
[pid 185590] 14:15:50.533268 openat(AT_FDCWD, "/home/dikluwe/.local/share/fonts/Tinos/TinosNerdFont-Italic.ttf", O_RDONLY|O_CLOEXEC) = 3
[pid 185590] 14:15:50.533661 openat(AT_FDCWD, "/home/dikluwe/.local/share/fonts/Tinos/TinosNerdFontPropo-Italic.ttf", O_RDONLY|O_CLOEXEC) = 3
[pid 185590] 14:15:50.534040 openat(AT_FDCWD, "/home/dikluwe/.local/share/fonts/Tinos/TinosNerdFontPropo-BoldItalic.ttf", O_RDONLY|O_CLOEXEC) = 3
[pid 185590] 14:15:50.534405 openat(AT_FDCWD, "/home/dikluwe/.local/share/fonts/Tinos/TinosNerdFont-BoldItalic.ttf", O_RDONLY|O_CLOEXEC) = 3
[pid 185590] 14:15:50.534773 openat(AT_FDCWD, "/home/dikluwe/.local/share/fonts/Tinos/TinosNerdFontPropo-Regular.ttf", O_RDONLY|O_CLOEXEC) = 3
[pid 185590] 14:15:50.535150 openat(AT_FDCWD, "/home/dikluwe/.local/share/fonts/Tinos/TinosNerdFont-Regular.ttf", O_RDONLY|O_CLOEXEC) = 3
[pid 185590] 14:15:50.535517 openat(AT_FDCWD, "/home/dikluwe/.local/share/fonts/Tinos/TinosNerdFont-Bold.ttf", O_RDONLY|O_CLOEXEC) = 3
[pid 185590] 14:15:50.535884 openat(AT_FDCWD, "/home/dikluwe/.local/share/fonts/Tinos/TinosNerdFontPropo-Bold.ttf", O_RDONLY|O_CLOEXEC) = 3
[pid 185590] 14:15:50.536260 openat(AT_FDCWD, "/home/dikluwe/.local/share/fonts/Ubuntu/UbuntuNerdFont-LightItalic.ttf", O_RDONLY|O_CLOEXEC) = 3
[pid 185590] 14:15:50.536593 openat(AT_FDCWD, "/home/dikluwe/.local/share/fonts/Ubuntu/UbuntuNerdFontPropo-LightItalic.ttf", O_RDONLY|O_CLOEXEC) = 3
[pid 185590] 14:15:50.536959 openat(AT_FDCWD, "/home/dikluwe/.local/share/fonts/Ubuntu/UbuntuNerdFontPropo-MediumItalic.ttf", O_RDONLY|O_CLOEXEC) = 3
[pid 185590] 14:15:50.537305 openat(AT_FDCWD, "/home/dikluwe/.local/share/fonts/Ubuntu/UbuntuNerdFont-MediumItalic.ttf", O_RDONLY|O_CLOEXEC) = 3
[pid 185590] 14:15:50.537659 openat(AT_FDCWD, "/home/dikluwe/.local/share/fonts/Ubuntu/UbuntuNerdFontPropo-BoldItalic.ttf", O_RDONLY|O_CLOEXEC) = 3
[pid 185590] 14:15:50.538006 openat(AT_FDCWD, "/home/dikluwe/.local/share/fonts/Ubuntu/UbuntuNerdFont-BoldItalic.ttf", O_RDONLY|O_CLOEXEC) = 3
[pid 185590] 14:15:50.538347 openat(AT_FDCWD, "/home/dikluwe/.local/share/fonts/Ubuntu/UbuntuNerdFontPropo-Italic.ttf", O_RDONLY|O_CLOEXEC) = 3
[pid 185590] 14:15:50.538680 openat(AT_FDCWD, "/home/dikluwe/.local/share/fonts/Ubuntu/UbuntuNerdFont-Italic.ttf", O_RDONLY|O_CLOEXEC) = 3
[pid 185590] 14:15:50.539035 openat(AT_FDCWD, "/home/dikluwe/.local/share/fonts/Ubuntu/UbuntuNerdFont-Regular.ttf", O_RDONLY|O_CLOEXEC) = 3
[pid 185590] 14:15:50.539366 openat(AT_FDCWD, "/home/dikluwe/.local/share/fonts/Ubuntu/UbuntuNerdFontPropo-Regular.ttf", O_RDONLY|O_CLOEXEC) = 3
[pid 185590] 14:15:50.539699 openat(AT_FDCWD, "/home/dikluwe/.local/share/fonts/Ubuntu/UbuntuNerdFontPropo-Condensed.ttf", O_RDONLY|O_CLOEXEC) = 3
[pid 185590] 14:15:50.540042 openat(AT_FDCWD, "/home/dikluwe/.local/share/fonts/Ubuntu/UbuntuNerdFont-Condensed.ttf", O_RDONLY|O_CLOEXEC) = 3
[pid 185590] 14:15:50.540376 openat(AT_FDCWD, "/home/dikluwe/.local/share/fonts/Ubuntu/UbuntuNerdFont-Medium.ttf", O_RDONLY|O_CLOEXEC) = 3
[pid 185590] 14:15:50.540705 openat(AT_FDCWD, "/home/dikluwe/.local/share/fonts/Ubuntu/UbuntuNerdFontPropo-Medium.ttf", O_RDONLY|O_CLOEXEC) = 3
[pid 185590] 14:15:50.541044 openat(AT_FDCWD, "/home/dikluwe/.local/share/fonts/Ubuntu/UbuntuNerdFontPropo-Bold.ttf", O_RDONLY|O_CLOEXEC) = 3
[pid 185590] 14:15:50.541381 openat(AT_FDCWD, "/home/dikluwe/.local/share/fonts/Ubuntu/UbuntuNerdFont-Bold.ttf", O_RDONLY|O_CLOEXEC) = 3
[pid 185590] 14:15:50.541712 openat(AT_FDCWD, "/home/dikluwe/.local/share/fonts/Ubuntu/UbuntuNerdFont-Light.ttf", O_RDONLY|O_CLOEXEC) = 3
[pid 185590] 14:15:50.542077 openat(AT_FDCWD, "/home/dikluwe/.local/share/fonts/Ubuntu/UbuntuNerdFontPropo-Light.ttf", O_RDONLY|O_CLOEXEC) = 3
[pid 185590] 14:15:50.542416 openat(AT_FDCWD, "/home/dikluwe/.local/share/fonts/DejaVuSansMono/DejaVuSansMNerdFontPropo-Oblique.ttf", O_RDONLY|O_CLOEXEC) = 3
[pid 185590] 14:15:50.542879 openat(AT_FDCWD, "/home/dikluwe/.local/share/fonts/DejaVuSansMono/DejaVuSansMNerdFont-Oblique.ttf", O_RDONLY|O_CLOEXEC) = 3
[pid 185590] 14:15:50.543287 openat(AT_FDCWD, "/home/dikluwe/.local/share/fonts/DejaVuSansMono/DejaVuSansMNerdFontMono-Oblique.ttf", O_RDONLY|O_CLOEXEC) = 3
[pid 185590] 14:15:50.543689 openat(AT_FDCWD, "/home/dikluwe/.local/share/fonts/DejaVuSansMono/DejaVuSansMNerdFontPropo-BoldOblique.ttf", O_RDONLY|O_CLOEXEC) = 3
[pid 185590] 14:15:50.544091 openat(AT_FDCWD, "/home/dikluwe/.local/share/fonts/DejaVuSansMono/DejaVuSansMNerdFontMono-BoldOblique.ttf", O_RDONLY|O_CLOEXEC) = 3
[pid 185590] 14:15:50.544506 openat(AT_FDCWD, "/home/dikluwe/.local/share/fonts/DejaVuSansMono/DejaVuSansMNerdFont-BoldOblique.ttf", O_RDONLY|O_CLOEXEC) = 3
[pid 185590] 14:15:50.544917 openat(AT_FDCWD, "/home/dikluwe/.local/share/fonts/DejaVuSansMono/DejaVuSansMNerdFontPropo-Regular.ttf", O_RDONLY|O_CLOEXEC) = 3
[pid 185590] 14:15:50.545372 openat(AT_FDCWD, "/home/dikluwe/.local/share/fonts/DejaVuSansMono/DejaVuSansMNerdFont-Regular.ttf", O_RDONLY|O_CLOEXEC) = 3
[pid 185590] 14:15:50.545828 openat(AT_FDCWD, "/home/dikluwe/.local/share/fonts/DejaVuSansMono/DejaVuSansMNerdFontMono-Regular.ttf", O_RDONLY|O_CLOEXEC) = 3
[pid 185590] 14:15:50.546280 openat(AT_FDCWD, "/home/dikluwe/.local/share/fonts/DejaVuSansMono/DejaVuSansMNerdFont-Bold.ttf", O_RDONLY|O_CLOEXEC) = 3
[pid 185590] 14:15:50.546699 openat(AT_FDCWD, "/home/dikluwe/.local/share/fonts/DejaVuSansMono/DejaVuSansMNerdFontPropo-Bold.ttf", O_RDONLY|O_CLOEXEC) = 3
[pid 185590] 14:15:50.547146 openat(AT_FDCWD, "/home/dikluwe/.local/share/fonts/DejaVuSansMono/DejaVuSansMNerdFontMono-Bold.ttf", O_RDONLY|O_CLOEXEC) = 3
[pid 185590] 14:15:50.547570 openat(AT_FDCWD, "/usr/share/texmf/fonts/opentype/public/lm/lmmono10-italic.otf", O_RDONLY|O_CLOEXEC) = 3
[pid 185590] 14:15:50.547775 openat(AT_FDCWD, "/usr/share/texmf/fonts/opentype/public/lm/lmmono10-regular.otf", O_RDONLY|O_CLOEXEC) = 3
[pid 185590] 14:15:50.547954 openat(AT_FDCWD, "/usr/share/texmf/fonts/opentype/public/lm/lmmono12-regular.otf", O_RDONLY|O_CLOEXEC) = 3
[pid 185590] 14:15:50.548115 openat(AT_FDCWD, "/usr/share/texmf/fonts/opentype/public/lm/lmmono8-regular.otf", O_RDONLY|O_CLOEXEC) = 3
[pid 185590] 14:15:50.548292 openat(AT_FDCWD, "/usr/share/texmf/fonts/opentype/public/lm/lmmono9-regular.otf", O_RDONLY|O_CLOEXEC) = 3
[pid 185590] 14:15:50.548455 openat(AT_FDCWD, "/usr/share/texmf/fonts/opentype/public/lm/lmmonocaps10-oblique.otf", O_RDONLY|O_CLOEXEC) = 3
[pid 185590] 14:15:50.548645 openat(AT_FDCWD, "/usr/share/texmf/fonts/opentype/public/lm/lmmonocaps10-regular.otf", O_RDONLY|O_CLOEXEC) = 3
[pid 185590] 14:15:50.548834 openat(AT_FDCWD, "/usr/share/texmf/fonts/opentype/public/lm/lmmonolt10-bold.otf", O_RDONLY|O_CLOEXEC) = 3
[pid 185590] 14:15:50.549058 openat(AT_FDCWD, "/usr/share/texmf/fonts/opentype/public/lm/lmmonolt10-boldoblique.otf", O_RDONLY|O_CLOEXEC) = 3
[pid 185590] 14:15:50.549266 openat(AT_FDCWD, "/usr/share/texmf/fonts/opentype/public/lm/lmmonolt10-oblique.otf", O_RDONLY|O_CLOEXEC) = 3
[pid 185590] 14:15:50.549449 openat(AT_FDCWD, "/usr/share/texmf/fonts/opentype/public/lm/lmmonolt10-regular.otf", O_RDONLY|O_CLOEXEC) = 3
[pid 185590] 14:15:50.549624 openat(AT_FDCWD, "/usr/share/texmf/fonts/opentype/public/lm/lmmonoltcond10-oblique.otf", O_RDONLY|O_CLOEXEC) = 3
[pid 185590] 14:15:50.549802 openat(AT_FDCWD, "/usr/share/texmf/fonts/opentype/public/lm/lmmonoltcond10-regular.otf", O_RDONLY|O_CLOEXEC) = 3
[pid 185590] 14:15:50.549971 openat(AT_FDCWD, "/usr/share/texmf/fonts/opentype/public/lm/lmmonoprop10-oblique.otf", O_RDONLY|O_CLOEXEC) = 3
[pid 185590] 14:15:50.550136 openat(AT_FDCWD, "/usr/share/texmf/fonts/opentype/public/lm/lmmonoprop10-regular.otf", O_RDONLY|O_CLOEXEC) = 3
[pid 185590] 14:15:50.550332 openat(AT_FDCWD, "/usr/share/texmf/fonts/opentype/public/lm/lmmonoproplt10-bold.otf", O_RDONLY|O_CLOEXEC) = 3
[pid 185590] 14:15:50.550529 openat(AT_FDCWD, "/usr/share/texmf/fonts/opentype/public/lm/lmmonoproplt10-boldoblique.otf", O_RDONLY|O_CLOEXEC) = 3
[pid 185590] 14:15:50.550710 openat(AT_FDCWD, "/usr/share/texmf/fonts/opentype/public/lm/lmmonoproplt10-oblique.otf", O_RDONLY|O_CLOEXEC) = 3
[pid 185590] 14:15:50.550909 openat(AT_FDCWD, "/usr/share/texmf/fonts/opentype/public/lm/lmmonoproplt10-regular.otf", O_RDONLY|O_CLOEXEC) = 3
[pid 185590] 14:15:50.551091 openat(AT_FDCWD, "/usr/share/texmf/fonts/opentype/public/lm/lmmonoslant10-regular.otf", O_RDONLY|O_CLOEXEC) = 3
[pid 185590] 14:15:50.551252 openat(AT_FDCWD, "/usr/share/texmf/fonts/opentype/public/lm/lmroman10-bold.otf", O_RDONLY|O_CLOEXEC) = 3
[pid 185590] 14:15:50.551414 openat(AT_FDCWD, "/usr/share/texmf/fonts/opentype/public/lm/lmroman10-bolditalic.otf", O_RDONLY|O_CLOEXEC) = 3
[pid 185590] 14:15:50.551576 openat(AT_FDCWD, "/usr/share/texmf/fonts/opentype/public/lm/lmroman10-italic.otf", O_RDONLY|O_CLOEXEC) = 3
[pid 185590] 14:15:50.551736 openat(AT_FDCWD, "/usr/share/texmf/fonts/opentype/public/lm/lmroman10-regular.otf", O_RDONLY|O_CLOEXEC) = 3
[pid 185590] 14:15:50.551914 openat(AT_FDCWD, "/usr/share/texmf/fonts/opentype/public/lm/lmroman12-bold.otf", O_RDONLY|O_CLOEXEC) = 3
[pid 185590] 14:15:50.552089 openat(AT_FDCWD, "/usr/share/texmf/fonts/opentype/public/lm/lmroman12-italic.otf", O_RDONLY|O_CLOEXEC) = 3
[pid 185590] 14:15:50.552260 openat(AT_FDCWD, "/usr/share/texmf/fonts/opentype/public/lm/lmroman12-regular.otf", O_RDONLY|O_CLOEXEC) = 3
[pid 185590] 14:15:50.552462 openat(AT_FDCWD, "/usr/share/texmf/fonts/opentype/public/lm/lmroman17-regular.otf", O_RDONLY|O_CLOEXEC) = 3
[pid 185590] 14:15:50.552639 openat(AT_FDCWD, "/usr/share/texmf/fonts/opentype/public/lm/lmroman5-bold.otf", O_RDONLY|O_CLOEXEC) = 3
[pid 185590] 14:15:50.552802 openat(AT_FDCWD, "/usr/share/texmf/fonts/opentype/public/lm/lmroman5-regular.otf", O_RDONLY|O_CLOEXEC) = 3
[pid 185590] 14:15:50.552970 openat(AT_FDCWD, "/usr/share/texmf/fonts/opentype/public/lm/lmroman6-bold.otf", O_RDONLY|O_CLOEXEC) = 3
[pid 185590] 14:15:50.553154 openat(AT_FDCWD, "/usr/share/texmf/fonts/opentype/public/lm/lmroman6-regular.otf", O_RDONLY|O_CLOEXEC) = 3
[pid 185590] 14:15:50.553318 openat(AT_FDCWD, "/usr/share/texmf/fonts/opentype/public/lm/lmroman7-bold.otf", O_RDONLY|O_CLOEXEC) = 3
[pid 185590] 14:15:50.553485 openat(AT_FDCWD, "/usr/share/texmf/fonts/opentype/public/lm/lmroman7-italic.otf", O_RDONLY|O_CLOEXEC) = 3
[pid 185590] 14:15:50.553654 openat(AT_FDCWD, "/usr/share/texmf/fonts/opentype/public/lm/lmroman7-regular.otf", O_RDONLY|O_CLOEXEC) = 3
[pid 185590] 14:15:50.553819 openat(AT_FDCWD, "/usr/share/texmf/fonts/opentype/public/lm/lmroman8-bold.otf", O_RDONLY|O_CLOEXEC) = 3
[pid 185590] 14:15:50.554022 openat(AT_FDCWD, "/usr/share/texmf/fonts/opentype/public/lm/lmroman8-italic.otf", O_RDONLY|O_CLOEXEC) = 3
[pid 185590] 14:15:50.554192 openat(AT_FDCWD, "/usr/share/texmf/fonts/opentype/public/lm/lmroman8-regular.otf", O_RDONLY|O_CLOEXEC) = 3
[pid 185590] 14:15:50.554356 openat(AT_FDCWD, "/usr/share/texmf/fonts/opentype/public/lm/lmroman9-bold.otf", O_RDONLY|O_CLOEXEC) = 3
[pid 185590] 14:15:50.554522 openat(AT_FDCWD, "/usr/share/texmf/fonts/opentype/public/lm/lmroman9-italic.otf", O_RDONLY|O_CLOEXEC) = 3
[pid 185590] 14:15:50.554717 openat(AT_FDCWD, "/usr/share/texmf/fonts/opentype/public/lm/lmroman9-regular.otf", O_RDONLY|O_CLOEXEC) = 3
[pid 185590] 14:15:50.554891 openat(AT_FDCWD, "/usr/share/texmf/fonts/opentype/public/lm/lmromancaps10-oblique.otf", O_RDONLY|O_CLOEXEC) = 3
[pid 185590] 14:15:50.555068 openat(AT_FDCWD, "/usr/share/texmf/fonts/opentype/public/lm/lmromancaps10-regular.otf", O_RDONLY|O_CLOEXEC) = 3
[pid 185590] 14:15:50.555236 openat(AT_FDCWD, "/usr/share/texmf/fonts/opentype/public/lm/lmromandemi10-oblique.otf", O_RDONLY|O_CLOEXEC) = 3
[pid 185590] 14:15:50.555402 openat(AT_FDCWD, "/usr/share/texmf/fonts/opentype/public/lm/lmromandemi10-regular.otf", O_RDONLY|O_CLOEXEC) = 3
[pid 185590] 14:15:50.555569 openat(AT_FDCWD, "/usr/share/texmf/fonts/opentype/public/lm/lmromandunh10-oblique.otf", O_RDONLY|O_CLOEXEC) = 3
[pid 185590] 14:15:50.555735 openat(AT_FDCWD, "/usr/share/texmf/fonts/opentype/public/lm/lmromandunh10-regular.otf", O_RDONLY|O_CLOEXEC) = 3
[pid 185590] 14:15:50.555900 openat(AT_FDCWD, "/usr/share/texmf/fonts/opentype/public/lm/lmromanslant10-bold.otf", O_RDONLY|O_CLOEXEC) = 3
[pid 185590] 14:15:50.556072 openat(AT_FDCWD, "/usr/share/texmf/fonts/opentype/public/lm/lmromanslant10-regular.otf", O_RDONLY|O_CLOEXEC) = 3
[pid 185590] 14:15:50.556233 openat(AT_FDCWD, "/usr/share/texmf/fonts/opentype/public/lm/lmromanslant12-regular.otf", O_RDONLY|O_CLOEXEC) = 3
[pid 185590] 14:15:50.556393 openat(AT_FDCWD, "/usr/share/texmf/fonts/opentype/public/lm/lmromanslant17-regular.otf", O_RDONLY|O_CLOEXEC) = 3
[pid 185590] 14:15:50.556554 openat(AT_FDCWD, "/usr/share/texmf/fonts/opentype/public/lm/lmromanslant8-regular.otf", O_RDONLY|O_CLOEXEC) = 3
[pid 185590] 14:15:50.556714 openat(AT_FDCWD, "/usr/share/texmf/fonts/opentype/public/lm/lmromanslant9-regular.otf", O_RDONLY|O_CLOEXEC) = 3
[pid 185590] 14:15:50.556873 openat(AT_FDCWD, "/usr/share/texmf/fonts/opentype/public/lm/lmromanunsl10-regular.otf", O_RDONLY|O_CLOEXEC) = 3
[pid 185590] 14:15:50.557044 openat(AT_FDCWD, "/usr/share/texmf/fonts/opentype/public/lm/lmsans10-bold.otf", O_RDONLY|O_CLOEXEC) = 3
[pid 185590] 14:15:50.557206 openat(AT_FDCWD, "/usr/share/texmf/fonts/opentype/public/lm/lmsans10-boldoblique.otf", O_RDONLY|O_CLOEXEC) = 3
[pid 185590] 14:15:50.557365 openat(AT_FDCWD, "/usr/share/texmf/fonts/opentype/public/lm/lmsans10-oblique.otf", O_RDONLY|O_CLOEXEC) = 3
[pid 185590] 14:15:50.557523 openat(AT_FDCWD, "/usr/share/texmf/fonts/opentype/public/lm/lmsans10-regular.otf", O_RDONLY|O_CLOEXEC) = 3
[pid 185590] 14:15:50.557680 openat(AT_FDCWD, "/usr/share/texmf/fonts/opentype/public/lm/lmsans12-oblique.otf", O_RDONLY|O_CLOEXEC) = 3
[pid 185590] 14:15:50.557837 openat(AT_FDCWD, "/usr/share/texmf/fonts/opentype/public/lm/lmsans12-regular.otf", O_RDONLY|O_CLOEXEC) = 3
[pid 185590] 14:15:50.558026 openat(AT_FDCWD, "/usr/share/texmf/fonts/opentype/public/lm/lmsans17-oblique.otf", O_RDONLY|O_CLOEXEC) = 3
[pid 185590] 14:15:50.558201 openat(AT_FDCWD, "/usr/share/texmf/fonts/opentype/public/lm/lmsans17-regular.otf", O_RDONLY|O_CLOEXEC) = 3
[pid 185590] 14:15:50.558358 openat(AT_FDCWD, "/usr/share/texmf/fonts/opentype/public/lm/lmsans8-oblique.otf", O_RDONLY|O_CLOEXEC) = 3
[pid 185590] 14:15:50.558515 openat(AT_FDCWD, "/usr/share/texmf/fonts/opentype/public/lm/lmsans8-regular.otf", O_RDONLY|O_CLOEXEC) = 3
[pid 185590] 14:15:50.558672 openat(AT_FDCWD, "/usr/share/texmf/fonts/opentype/public/lm/lmsans9-oblique.otf", O_RDONLY|O_CLOEXEC) = 3
[pid 185590] 14:15:50.558829 openat(AT_FDCWD, "/usr/share/texmf/fonts/opentype/public/lm/lmsans9-regular.otf", O_RDONLY|O_CLOEXEC) = 3
[pid 185590] 14:15:50.558990 openat(AT_FDCWD, "/usr/share/texmf/fonts/opentype/public/lm/lmsansdemicond10-oblique.otf", O_RDONLY|O_CLOEXEC) = 3
[pid 185590] 14:15:50.559153 openat(AT_FDCWD, "/usr/share/texmf/fonts/opentype/public/lm/lmsansdemicond10-regular.otf", O_RDONLY|O_CLOEXEC) = 3
[pid 185590] 14:15:50.559317 openat(AT_FDCWD, "/usr/share/texmf/fonts/opentype/public/lm/lmsansquot8-bold.otf", O_RDONLY|O_CLOEXEC) = 3
[pid 185590] 14:15:50.559479 openat(AT_FDCWD, "/usr/share/texmf/fonts/opentype/public/lm/lmsansquot8-boldoblique.otf", O_RDONLY|O_CLOEXEC) = 3
[pid 185590] 14:15:50.559640 openat(AT_FDCWD, "/usr/share/texmf/fonts/opentype/public/lm/lmsansquot8-oblique.otf", O_RDONLY|O_CLOEXEC) = 3
[pid 185590] 14:15:50.559802 openat(AT_FDCWD, "/usr/share/texmf/fonts/opentype/public/lm/lmsansquot8-regular.otf", O_RDONLY|O_CLOEXEC) = 3
[pid 185590] 14:15:50.559968 openat(AT_FDCWD, "/usr/share/texmf/fonts/opentype/public/lm-math/latinmodern-math.otf", O_RDONLY|O_CLOEXEC) = 3
[pid 185590] 14:15:50.560199 openat(AT_FDCWD, "/usr/share/texmf/fonts/opentype/public/tex-gyre/texgyreadventor-bold.otf", O_RDONLY|O_CLOEXEC) = 3
[pid 185590] 14:15:50.560371 openat(AT_FDCWD, "/usr/share/texmf/fonts/opentype/public/tex-gyre/texgyreadventor-bolditalic.otf", O_RDONLY|O_CLOEXEC) = 3
[pid 185590] 14:15:50.560539 openat(AT_FDCWD, "/usr/share/texmf/fonts/opentype/public/tex-gyre/texgyreadventor-italic.otf", O_RDONLY|O_CLOEXEC) = 3
[pid 185590] 14:15:50.560706 openat(AT_FDCWD, "/usr/share/texmf/fonts/opentype/public/tex-gyre/texgyreadventor-regular.otf", O_RDONLY|O_CLOEXEC) = 3
[pid 185590] 14:15:50.560871 openat(AT_FDCWD, "/usr/share/texmf/fonts/opentype/public/tex-gyre/texgyrebonum-bold.otf", O_RDONLY|O_CLOEXEC) = 3
[pid 185590] 14:15:50.561040 openat(AT_FDCWD, "/usr/share/texmf/fonts/opentype/public/tex-gyre/texgyrebonum-bolditalic.otf", O_RDONLY|O_CLOEXEC) = 3
[pid 185590] 14:15:50.561203 openat(AT_FDCWD, "/usr/share/texmf/fonts/opentype/public/tex-gyre/texgyrebonum-italic.otf", O_RDONLY|O_CLOEXEC) = 3
[pid 185590] 14:15:50.561365 openat(AT_FDCWD, "/usr/share/texmf/fonts/opentype/public/tex-gyre/texgyrebonum-regular.otf", O_RDONLY|O_CLOEXEC) = 3
[pid 185590] 14:15:50.561527 openat(AT_FDCWD, "/usr/share/texmf/fonts/opentype/public/tex-gyre/texgyrechorus-mediumitalic.otf", O_RDONLY|O_CLOEXEC) = 3
[pid 185590] 14:15:50.561687 openat(AT_FDCWD, "/usr/share/texmf/fonts/opentype/public/tex-gyre/texgyrecursor-bold.otf", O_RDONLY|O_CLOEXEC) = 3
[pid 185590] 14:15:50.561850 openat(AT_FDCWD, "/usr/share/texmf/fonts/opentype/public/tex-gyre/texgyrecursor-bolditalic.otf", O_RDONLY|O_CLOEXEC) = 3
[pid 185590] 14:15:50.562020 openat(AT_FDCWD, "/usr/share/texmf/fonts/opentype/public/tex-gyre/texgyrecursor-italic.otf", O_RDONLY|O_CLOEXEC) = 3
[pid 185590] 14:15:50.562184 openat(AT_FDCWD, "/usr/share/texmf/fonts/opentype/public/tex-gyre/texgyrecursor-regular.otf", O_RDONLY|O_CLOEXEC) = 3
[pid 185590] 14:15:50.562346 openat(AT_FDCWD, "/usr/share/texmf/fonts/opentype/public/tex-gyre/texgyreheros-bold.otf", O_RDONLY|O_CLOEXEC) = 3
[pid 185590] 14:15:50.562511 openat(AT_FDCWD, "/usr/share/texmf/fonts/opentype/public/tex-gyre/texgyreheros-bolditalic.otf", O_RDONLY|O_CLOEXEC) = 3
[pid 185590] 14:15:50.562675 openat(AT_FDCWD, "/usr/share/texmf/fonts/opentype/public/tex-gyre/texgyreheros-italic.otf", O_RDONLY|O_CLOEXEC) = 3
[pid 185590] 14:15:50.562853 openat(AT_FDCWD, "/usr/share/texmf/fonts/opentype/public/tex-gyre/texgyreheros-regular.otf", O_RDONLY|O_CLOEXEC) = 3
[pid 185590] 14:15:50.563028 openat(AT_FDCWD, "/usr/share/texmf/fonts/opentype/public/tex-gyre/texgyreheroscn-bold.otf", O_RDONLY|O_CLOEXEC) = 3
[pid 185590] 14:15:50.563204 openat(AT_FDCWD, "/usr/share/texmf/fonts/opentype/public/tex-gyre/texgyreheroscn-bolditalic.otf", O_RDONLY|O_CLOEXEC) = 3
[pid 185590] 14:15:50.563366 openat(AT_FDCWD, "/usr/share/texmf/fonts/opentype/public/tex-gyre/texgyreheroscn-italic.otf", O_RDONLY|O_CLOEXEC) = 3
[pid 185590] 14:15:50.563530 openat(AT_FDCWD, "/usr/share/texmf/fonts/opentype/public/tex-gyre/texgyreheroscn-regular.otf", O_RDONLY|O_CLOEXEC) = 3
[pid 185590] 14:15:50.563692 openat(AT_FDCWD, "/usr/share/texmf/fonts/opentype/public/tex-gyre/texgyrepagella-bold.otf", O_RDONLY|O_CLOEXEC) = 3
[pid 185590] 14:15:50.563863 openat(AT_FDCWD, "/usr/share/texmf/fonts/opentype/public/tex-gyre/texgyrepagella-bolditalic.otf", O_RDONLY|O_CLOEXEC) = 3
[pid 185590] 14:15:50.564038 openat(AT_FDCWD, "/usr/share/texmf/fonts/opentype/public/tex-gyre/texgyrepagella-italic.otf", O_RDONLY|O_CLOEXEC) = 3
[pid 185590] 14:15:50.564206 openat(AT_FDCWD, "/usr/share/texmf/fonts/opentype/public/tex-gyre/texgyrepagella-regular.otf", O_RDONLY|O_CLOEXEC) = 3
[pid 185590] 14:15:50.564380 openat(AT_FDCWD, "/usr/share/texmf/fonts/opentype/public/tex-gyre/texgyreschola-bold.otf", O_RDONLY|O_CLOEXEC) = 3
[pid 185590] 14:15:50.564544 openat(AT_FDCWD, "/usr/share/texmf/fonts/opentype/public/tex-gyre/texgyreschola-bolditalic.otf", O_RDONLY|O_CLOEXEC) = 3
[pid 185590] 14:15:50.564708 openat(AT_FDCWD, "/usr/share/texmf/fonts/opentype/public/tex-gyre/texgyreschola-italic.otf", O_RDONLY|O_CLOEXEC) = 3
[pid 185590] 14:15:50.564871 openat(AT_FDCWD, "/usr/share/texmf/fonts/opentype/public/tex-gyre/texgyreschola-regular.otf", O_RDONLY|O_CLOEXEC) = 3
[pid 185590] 14:15:50.565039 openat(AT_FDCWD, "/usr/share/texmf/fonts/opentype/public/tex-gyre/texgyretermes-bold.otf", O_RDONLY|O_CLOEXEC) = 3
[pid 185590] 14:15:50.565201 openat(AT_FDCWD, "/usr/share/texmf/fonts/opentype/public/tex-gyre/texgyretermes-bolditalic.otf", O_RDONLY|O_CLOEXEC) = 3
[pid 185590] 14:15:50.565363 openat(AT_FDCWD, "/usr/share/texmf/fonts/opentype/public/tex-gyre/texgyretermes-italic.otf", O_RDONLY|O_CLOEXEC) = 3
[pid 185590] 14:15:50.565527 openat(AT_FDCWD, "/usr/share/texmf/fonts/opentype/public/tex-gyre/texgyretermes-regular.otf", O_RDONLY|O_CLOEXEC) = 3
[pid 185590] 14:15:50.565690 openat(AT_FDCWD, "/usr/share/texmf/fonts/opentype/public/tex-gyre-math/texgyrebonum-math.otf", O_RDONLY|O_CLOEXEC) = 3
[pid 185590] 14:15:50.565911 openat(AT_FDCWD, "/usr/share/texmf/fonts/opentype/public/tex-gyre-math/texgyredejavu-math.otf", O_RDONLY|O_CLOEXEC) = 3
[pid 185590] 14:15:50.566126 openat(AT_FDCWD, "/usr/share/texmf/fonts/opentype/public/tex-gyre-math/texgyrepagella-math.otf", O_RDONLY|O_CLOEXEC) = 3
[pid 185590] 14:15:50.566332 openat(AT_FDCWD, "/usr/share/texmf/fonts/opentype/public/tex-gyre-math/texgyreschola-math.otf", O_RDONLY|O_CLOEXEC) = 3
[pid 185590] 14:15:50.566533 openat(AT_FDCWD, "/usr/share/texmf/fonts/opentype/public/tex-gyre-math/texgyretermes-math.otf", O_RDONLY|O_CLOEXEC) = 3
[pid 185590] 14:15:50.569630 openat(AT_FDCWD, "/usr/share/fonts/truetype/noto/NotoColorEmoji.ttf", O_RDONLY|O_CLOEXEC) = 3
[pid 185590] 14:15:50.579408 openat(AT_FDCWD, "/etc/localtime", O_RDONLY|O_CLOEXEC) = 3
[pid 185590] 14:15:50.583756 openat(AT_FDCWD, "/dev/null", O_WRONLY|O_CREAT|O_TRUNC|O_CLOEXEC, 0666) = 3
[pid 185600] 14:15:50.584815 ???( <unfinished ...>
[pid 185599] 14:15:50.584911 +++ exited with 0 +++
[pid 185598] 14:15:50.584930 +++ exited with 0 +++
[pid 185597] 14:15:50.584946 +++ exited with 0 +++
[pid 185596] 14:15:50.584962 +++ exited with 0 +++
[pid 185595] 14:15:50.584978 +++ exited with 0 +++
[pid 185594] 14:15:50.584994 +++ exited with 0 +++
[pid 185593] 14:15:50.585010 +++ exited with 0 +++
[pid 185592] 14:15:50.585026 +++ exited with 0 +++
[pid 185591] 14:15:50.585042 +++ exited with 0 +++
[pid 185606] 14:15:50.585069 +++ exited with 0 +++
[pid 185605] 14:15:50.585104 +++ exited with 0 +++
[pid 185604] 14:15:50.585133 +++ exited with 0 +++
[pid 185603] 14:15:50.585149 +++ exited with 0 +++
[pid 185602] 14:15:50.585166 +++ exited with 0 +++
[pid 185601] 14:15:50.585181 +++ exited with 0 +++
[pid 185600] 14:15:50.588479 +++ exited with 0 +++
14:15:50.588505 +++ exited with 0 +++
